id,target
1,4.293332251091492
2,2.631776639544267
3,312.8324300328249
4,-8.749130662756594
5,4.214931894490202
6,6.656328938293909
7,5.328548764035408
8,65.25181146865802
9,79.98938460038883
10,71.94489765764355
11,38.691000075361515
12,-13.390979504717832
13,258.499505533888
14,177.63147446640411
15,3.678117586177208
16,282.1310378557488
17,2.8309027743540685
18,87.11349005543185
19,3.5466315566018736
20,6.617907557996607
21,-73.46089811359825
22,61.55528383934139
23,3.5343646110401132
24,2.895248346609696
25,26.53502008284418
26,91.86272968591348
27,1.2218777677557495
28,151.39397470749725
29,46.726533703842584
30,3.6158324024109114
31,5.985056440824486
32,35.17877915675696
33,45.20639623616752
34,4.429533649409184
35,2.470873336361884
36,6.8460261262766835
37,270.65807154116317
38,239.95968033045529
39,59.22420006900211
40,130.95439211877456
41,-53.1160182920143
42,2.9804563414993845
43,5.801962150028745
44,4.652383519547514
45,107.63035495024504
46,45.523808862477885
47,2.794757684124625
48,-79.7822285423486
49,4.327223057069785
50,1.7909394039885997
51,261.02962673224897
52,3.06110808811197
53,3.1646720000127724
54,74.27474725061678
55,2.916045485288412
56,4.061898962758641
57,5.58846590781714
58,154.20050899925897
59,240.15913015336344
60,6.760914521349604
61,2.3438382384415246
62,245.3306742707417
63,6.723200511916086
64,2.8998159395771235
65,2.7354063679241634
66,4.580815097057983
67,4.863041262311393
68,184.5054792806528
69,146.5187160773455
70,2.203030704176327
71,2.4521898043505432
72,2.217046375477453
73,26.831015043875908
74,259.4787210283598
75,179.02246110212297
76,6.330844881828663
77,5.853459175565744
78,132.70815898870163
79,264.1455879361447
80,3.6981031248466083
81,44.08551260661526
82,4.18051382225582
83,173.0426000748523
84,33.365011924923785
85,10.947597539885935
86,2.3889920808654077
87,54.93254252452451
88,187.3639488534887
89,6.0334434180191385
90,5.416962630889918
91,44.93248152589988
92,35.298947679051416
93,35.73781892520562
94,5.679335024780624
95,3.7965429991787807
96,2.9057050054770324
97,7.544857508749585
98,224.2732076348738
99,85.44086629161808
100,285.892961808861
101,5.1666968104775055
102,260.1442026762192
103,3.3348400361011823
104,6.673534454693258
105,150.22040474201884
106,16.024429008429983
107,272.5995454487211
108,2.455376610688073
109,192.1201849367757
110,3.406153038563842
111,47.66751903130666
112,2.0941891634292955
113,186.35496290107454
114,6.390072124846978
115,5.450494618121048
116,396.6648338709437
117,207.68534313585366
118,175.34876003900862
119,231.8677877650214
120,316.7281865333462
121,137.13470399108917
122,3.8622025484089577
123,96.69758423153853
124,255.62562145885389
125,147.34035840848418
126,6.37057799530239
127,128.36660924344147
128,3.3428708071365367
129,240.1153922304364
130,81.09645371156871
131,70.29834092339325
132,38.51252709458021
133,-65.63198135544813
134,306.4384699222408
135,6.136213028398775
136,2.1648132536038105
137,135.6017611305113
138,5.827963309383218
139,194.2579190043506
140,283.72087251855964
141,39.296238959493294
142,2.7044440763205917
143,58.80681885954268
144,15.350823933287412
145,6.636163419408512
146,173.24780651516215
147,214.093322667096
148,2.11776912921283
149,218.71020328324593
150,55.02520235519427
151,296.13790428961556
152,254.93155796275556
153,175.57296273359125
154,30.59703347873943
155,4.344908422757282
156,219.90670428723993
157,123.60184028785125
158,120.54992046728908
159,127.70075568642167
160,6.42441076138637
161,45.83259799988123
162,4.609303635925028
163,261.06452935800405
164,2.991825760738217
165,75.93780343881228
166,206.67418949438058
167,301.7570040410607
168,7.225272719194414
169,1.9034561081247272
170,248.27886487711058
171,2.9050646308675403
172,4.266221119207338
173,-57.26541028941495
174,3.774632355717389
175,5.575779082801929
176,148.9470387290078
177,69.3094466374022
178,361.12776502349135
179,134.20684357058
180,207.55952661330227
181,6.609604447468474
182,2.442337147702038
183,270.3460102128848
184,7.157252647508411
185,1.6352881452225854
186,3.796686920068367
187,3.0345027330871575
188,3.9640838980204194
189,61.93914414333324
190,4.433482933803296
191,2.3631603531915037
192,33.13370606438126
193,2.9678577670624464
194,322.5152030328682
195,91.28281309488416
196,286.19578304868156
197,121.27878137736697
198,218.59709956134608
199,61.06013979134373
200,2.5764045977127257
201,3.3990344219743043
202,89.4116059556946
203,62.62144656512003
204,4.209804489331624
205,264.01556991185697
206,87.45140705437478
207,211.3748119544804
208,169.339480666439
209,71.4366800394842
210,166.5342517609972
211,50.32106524349337
212,115.68319991053079
213,244.01268897916793
214,64.45404080272907
215,20.529287468349132
216,119.89315960850818
217,90.40633883904287
218,153.48908486542132
219,230.24050532098673
220,5.584734718833176
221,202.63790189828293
222,156.92981215821015
223,2.7535281109439045
224,191.30661934190837
225,280.47827935605295
226,193.56296632640408
227,65.80521511462675
228,264.29161957371133
229,269.36330145688646
230,0.8396444270664476
231,209.77975531917212
232,43.36648483360398
233,64.89944668949566
234,248.36586821706828
235,127.97772705936713
236,2.1271747100209244
237,6.047080212523417
238,43.319466406055525
239,6.302671456193749
240,177.59324661414172
241,320.75037152528495
242,217.59653869637432
243,4.233247992775982
244,3.6868593212985297
245,55.67129887686374
246,117.9169264922943
247,133.65776053358763
248,5.969897918133359
249,5.977804518544969
250,67.52665892690693
251,64.36533360743546
252,203.21694676757605
253,7.969260150700573
254,196.87389171662016
255,-47.73821396369048
256,5.7937256372507395
257,2.1497117942668713
258,78.42201002201087
259,273.79738227363913
260,2.4577829436075436
261,5.7260603079149055
262,6.494831284939099
263,-19.921062555870193
264,3.688072240085347
265,3.480031476988623
266,1.9488370425643189
267,3.0334995999498506
268,1.5916165121841563
269,208.73889781422014
270,3.2309137433166395
271,166.46131544790165
272,130.16095615975863
273,4.767549300069852
274,5.235559089335966
275,326.0229494834597
276,180.6643806671572
277,197.46001908257588
278,-64.36980310723929
279,3.8000130725157795
280,181.40989183653676
281,4.842006821023164
282,204.70214172271636
283,190.86232650536968
284,118.43919917843344
285,245.89414427033063
286,137.64615253366028
287,223.59730667349987
288,6.290420851066434
289,118.6322438225902
290,4.766229121775053
291,72.85787887031115
292,3.56772415442023
293,81.61915252500144
294,119.73409123124924
295,4.841808736178956
296,128.33942211575672
297,36.591221390349425
298,-34.42272897533943
299,206.30720560075696
300,5.821018466225714
301,4.407320326335364
302,4.962652158368069
303,4.460329163620265
304,4.0060228752284
305,4.706978251345777
306,224.45631153907757
307,2.9487815723693767
308,3.0838383840887236
309,112.54742837449051
310,2.3384493383876057
311,2.2296833855160796
312,3.6148460460402365
313,146.57265215856467
314,4.108996602310785
315,1.2320465906259563
316,3.6825502289260927
317,4.087206210283013
318,3.789401833611252
319,71.63365289659222
320,1.8880552658784664
321,6.236563904521231
322,2.7389428379622625
323,1.8780737117441988
324,2.682368888945864
325,3.350875415632432
326,4.895997715116881
327,41.47382863661553
328,4.611053850692999
329,113.72742416629971
330,46.81555678430163
331,13.852441221915678
332,5.575035030632076
333,3.400334860030522
334,6.829303215683471
335,138.82910708474873
336,3.74015721473657
337,2.359822141309499
338,142.67218519924648
339,48.798111164624466
340,281.6180837993852
341,107.02280439339306
342,60.31229314909246
343,3.609964153738795
344,2.7700355091824624
345,135.8945930215474
346,2.9182643592512854
347,4.916849175010153
348,39.81332515757004
349,-56.0242266248566
350,118.07627375559804
351,247.8311967248987
352,40.717113089667315
353,1.2557482220152225
354,5.933594120885643
355,291.01731002985326
356,224.68712305326602
357,3.122100419712211
358,-4.337654829835173
359,4.58205898258087
360,126.53910929663385
361,4.360937183780125
362,6.139678054498598
363,19.652693533812712
364,4.420526988642199
365,5.329715138626104
366,71.15322595405343
367,4.5089252775533515
368,262.5793764925631
369,4.71517557917093
370,-10.653318164198968
371,242.66763247575952
372,42.95492126164286
373,134.9216215657471
374,9.729498055122702
375,131.65191071309602
376,3.170709931759786
377,2.686097200920144
378,3.691212971109638
379,3.2096403993358167
380,0.7204657122986391
381,5.978033310954176
382,6.145560570751839
383,174.62887417619152
384,1.794485808449636
385,4.342160403066202
386,285.5305524239091
387,3.1598102517592124
388,3.990751984267334
389,51.57674515790794
390,5.071116955519364
391,167.94387601690312
392,6.509660322493625
393,3.884734296912168
394,313.65110620692604
395,179.74403794987654
396,3.013107246044918
397,1.7329217421934815
398,6.345556549393177
399,171.93049163003354
400,242.610800391009
401,1.6705111119797282
402,6.334401012960524
403,5.893800453488592
404,5.828906521010938
405,5.487628455816322
406,7.327136970926712
407,-72.08247962620247
408,3.942428923261315
409,3.0365588454763115
410,3.6212488064600263
411,2.558140842031149
412,-11.077908376575083
413,326.50659826553255
414,5.756615570674079
415,50.52590645505579
416,3.425750768932747
417,6.78350053775701
418,5.546122837400564
419,5.486606829988168
420,4.418052935836198
421,174.21081968507565
422,189.82188239748666
423,160.32182606252377
424,150.22020061864
425,5.80196454430026
426,235.35638559367598
427,3.405750123051493
428,211.61923903621985
429,2.9043112927835217
430,4.370940022616712
431,255.90529407275275
432,146.10590379276417
433,11.213465452750452
434,6.009337874609439
435,65.54629453559083
436,249.0047341347877
437,210.35011748665832
438,173.5317046134134
439,5.987501948607021
440,260.26583512327153
441,192.09642674952465
442,131.60778849814236
443,325.8118175769543
444,5.671116421848702
445,6.159445116790684
446,68.17840845391589
447,1.2946849576058586
448,6.256163951378151
449,296.93464435093483
450,258.2232907514823
451,162.22748798154745
452,243.161726493157
453,1.88576432730812
454,3.6693811073892943
455,146.32230928348528
456,3.105064133038644
457,4.92757495478957
458,260.64588039812855
459,75.48188295283559
460,18.61686496394744
461,136.08029706953857
462,6.264404238008564
463,209.30070856484105
464,5.030471921356867
465,138.67685633791746
466,69.18755665125457
467,2.1525566576005954
468,5.258344067591023
469,36.621398114966425
470,59.96320041286705
471,1.7879656798985757
472,1.9227312813193822
473,32.25292489375437
474,5.903490594279137
475,85.89431300519495
476,6.816965008707553
477,2.0462583322703622
478,4.581400256223748
479,217.48624309103047
480,4.198479474582512
481,6.2723188286892615
482,225.15020843048978
483,1.7247715020076906
484,208.16366131869975
485,105.39963219817706
486,4.460237082487097
487,2.4362043632723145
488,214.84056750456298
489,2.5922456435978494
490,4.937156467223015
491,6.534260037760904
492,3.693796849512578
493,3.9607629334150176
494,231.46578357302718
495,5.844705710746168
496,113.9328695970817
497,6.278648484277897
498,5.892111235519851
499,5.506855466189626
500,7.659042127225337
501,3.169572458143015
502,311.0649244228145
503,99.59882221339487
504,7.8430211701305295
505,2.0603656998071953
506,6.456108525831365
507,335.218334678712
508,66.94749029963705
509,280.185086460272
510,4.103985332722088
511,145.4508797859509
512,184.80353077240613
513,195.8425622683539
514,346.964116876606
515,274.8181621078488
516,217.79297889863486
517,293.49337849481014
518,7.347216099235462
519,46.99634397066189
520,287.5775070564984
521,1.4983097939895809
522,3.985095022987985
523,242.29923466297714
524,4.151113148611075
525,166.69746951544138
526,5.465455986484741
527,4.620339368964979
528,3.612947441610825
529,6.42849417934874
530,262.32204209602475
531,102.21463849985192
532,3.791488169782539
533,146.34742837769133
534,4.261170814018582
535,6.982757989634675
536,5.941341862871051
537,1.769473343627917
538,5.013645188839201
539,269.11500221232274
540,242.98027296396478
541,235.95598669411572
542,64.70254641226296
543,93.28082661671223
544,5.534381886826823
545,4.076533089577571
546,3.4157937871994952
547,2.0990152768647903
548,316.46312818882393
549,5.799489012994553
550,255.39527787559143
551,5.869916658795527
552,119.7141777189368
553,3.8832431836772194
554,87.14269512614823
555,113.72086721215396
556,244.40855469223442
557,197.93037843713196
558,5.022535493134282
559,5.539897023443112
560,174.09999754339435
561,136.1813036610492
562,161.76937801205202
563,3.2891077634447528
564,36.89262693818563
565,167.0952995646919
566,2.760744887938826
567,61.37372142640323
568,109.47588807895721
569,301.9781800025559
570,3.722639582195743
571,209.38154641374004
572,3.2305085561602342
573,101.69197658169271
574,125.69447425489885
575,7.673490296310074
576,1.9164891450298422
577,3.2592081678583473
578,184.3012366414583
579,-0.30702194340470074
580,301.8039381124535
581,53.94623482555746
582,66.31656599286
583,5.337757908004233
584,2.9486624330169864
585,148.2560071335849
586,5.008731468035649
587,202.50053122934898
588,2.864263501535263
589,193.85543673510412
590,256.90434031286
591,143.08897822906587
592,7.1189902105821155
593,277.4152029059896
594,270.4627618012784
595,48.23636501244784
596,5.373519767469125
597,166.25840215337413
598,3.026966124116555
599,70.07095306607329
600,187.35242222760183
601,171.87607672451003
602,50.097343898107056
603,2.0997351480498447
604,247.9709932773036
605,2.6896534279590223
606,2.627678818634821
607,6.67208469511232
608,46.555091156409475
609,283.23057156491814
610,50.174212837938086
611,58.052073056968766
612,1.762395957224169
613,22.15053751431232
614,44.29209665873522
615,1.9278191810912941
616,179.45192099025672
617,-52.94953867653676
618,229.13820348056794
619,4.702513819053629
620,5.209172984005977
621,174.56937238735486
622,114.92585762265246
623,199.22872794499125
624,207.593168336651
625,2.491674108852929
626,2.0001611190070108
627,80.8807434634805
628,4.51408396658437
629,232.91936348295835
630,4.473533008885543
631,2.2202272915843384
632,188.84752476933568
633,133.88420129339502
634,233.40539400640657
635,2.6928236786205257
636,108.42933934212627
637,103.61645705609484
638,6.705235752761796
639,18.912695643948876
640,120.347385213857
641,6.709804275808419
642,2.9616614741716987
643,295.7194245047127
644,3.102099018101527
645,93.20659974577659
646,62.07955263513448
647,190.82535117277072
648,240.34447509607128
649,365.3743167958267
650,325.4905952526213
651,120.007109154409
652,50.364785282361886
653,3.02618292103363
654,176.43324776174046
655,6.195393969289037
656,213.33678617841858
657,171.82417095686407
658,295.6444432479677
659,1.8766211768793093
660,138.82653960317143
661,3.8024226333604294
662,148.69332795488373
663,3.514442383997149
664,-51.8095713796053
665,83.27634043804721
666,142.2880748270396
667,228.70180793316808
668,340.2314484824975
669,96.08675962144568
670,196.88991187513892
671,113.47136656246823
672,93.92113851952521
673,4.0605089401115135
674,5.846992429484109
675,5.808608414863564
676,5.840837543249754
677,28.159415552852025
678,196.3357561276558
679,4.938959197236464
680,3.3487733915759277
681,1.9404607113142942
682,71.3888771776895
683,5.629513922415654
684,173.99709790575943
685,224.91082081194085
686,5.897341773374537
687,375.01811348429237
688,88.0562920452927
689,98.71044607805301
690,320.23714586817556
691,3.500143135946985
692,60.39039324076126
693,4.9515668600412575
694,6.997743687333463
695,-6.722161791583021
696,292.4210196107665
697,1.0218302751771693
698,210.61432620163902
699,1.437684514902173
700,241.31257621053732
701,3.571141181206904
702,4.475545774030094
703,53.05219307449263
704,90.90054276083585
705,161.86694848933567
706,218.01646869501596
707,162.1014748575074
708,56.84624021427933
709,89.27887827709189
710,188.61966209918253
711,229.0092322430019
712,6.374301740341592
713,16.186611657851678
714,6.638059006783922
715,251.8145209964874
716,3.151455453639569
717,81.09706918371481
718,369.85807633037115
719,212.1134328853692
720,4.428601951148849
721,147.29122871640104
722,2.0586520898675564
723,6.412757928694172
724,1.5390272000607825
725,2.659928248263981
726,96.27369784731239
727,248.90741003093905
728,56.39969605325099
729,64.62282560891965
730,101.97552830872328
731,271.80658598828774
732,4.730704181510257
733,6.606337640301657
734,5.180067091776561
735,252.82196848557203
736,59.47333209950213
737,55.15494087893095
738,118.5815858062215
739,283.55092852045743
740,132.81374955067162
741,1.342787432209086
742,265.78806904970196
743,143.27060507538565
744,1.660298518527857
745,278.02355471012277
746,180.0742578551902
747,4.157705451337349
748,61.057891710151594
749,97.15248517777803
750,190.38024302067882
751,66.68604170295549
752,255.80384339878853
753,2.1315536981627834
754,243.60267103019757
755,6.387089377900498
756,5.932331521799579
757,213.6564123989279
758,1.6216754012353713
759,87.67688424280765
760,19.613153258218592
761,213.9039079263195
762,5.209720607667999
763,2.087437566192861
764,83.12868437562483
765,4.370925202128475
766,50.64671856779682
767,1.4029226959223318
768,5.01544193749859
769,5.820550472114385
770,2.013137827543337
771,264.1363065712785
772,69.30283154255544
773,127.0977114329425
774,-25.737356202285802
775,16.90524172900365
776,4.357519183965669
777,231.3774250375181
778,-12.411884763651905
779,177.22396635321346
780,69.78746940241145
781,294.14440621249577
782,3.8138324806754955
783,41.90898527001963
784,2.818609226118469
785,48.11963596285819
786,142.31752544555027
787,5.529558292648097
788,1.8824364528870081
789,165.9593247571642
790,85.85984098945517
791,-16.014047430806563
792,119.67811122086654
793,-75.11072748071693
794,327.787431087163
795,-60.57305144638184
796,130.59016533921604
797,3.5233598495937493
798,53.559115266145994
799,3.4753421957849215
800,5.893199233754543
801,221.66984284279044
802,85.72664359274876
803,166.81549244337415
804,6.466707589481062
805,1.7712848363165812
806,170.4326276976596
807,2.574744625354152
808,83.980377668432
809,1.6184375560471989
810,58.396486231535334
811,248.54486385692437
812,93.07699688034845
813,282.4631705172329
814,5.87628694962096
815,4.6881755439209085
816,6.92322054151288
817,3.091334154466963
818,9.779068346234448
819,5.2492177793771235
820,75.95129136265446
821,5.497212920167892
822,2.0938574545567654
823,31.76514331106119
824,83.60050995464194
825,7.620397724519301
826,82.42503864638624
827,4.307144311040849
828,5.808111661018427
829,57.54294007035921
830,174.332146822633
831,122.9854202427424
832,6.103343087868389
833,228.89069397207427
834,186.4876503723374
835,142.1132469448336
836,2.364690649046246
837,56.30499899954233
838,165.34710767040838
839,6.112355074046716
840,169.18204796170315
841,141.59267005955607
842,74.07970847306761
843,2.22090142975623
844,3.3522371070526518
845,5.429521059367618
846,6.183329881114909
847,5.529974458589365
848,140.36859809414602
849,6.374544593258993
850,83.51212250460952
851,24.552189546440548
852,38.26635817400984
853,97.389332526267
854,13.852441221915678
855,6.911686361338841
856,246.4222426959672
857,99.75108127236432
858,58.6617176888309
859,197.301283688062
860,2.1422887974266076
861,3.7535619615759375
862,2.802592685397407
863,108.41910357784931
864,249.42838827967103
865,272.7811684518101
866,223.4062791100837
867,5.6784675821815895
868,115.14808170326171
869,128.7000997303706
870,140.31448293444507
871,146.21514109054485
872,137.23437992304733
873,2.859736678901338
874,61.99301022233118
875,6.572290231442588
876,102.42113093897422
877,34.341484770409146
878,119.60171956371188
879,5.2230640555771854
880,6.656707403203824
881,166.20348920911263
882,5.894867898660039
883,249.17562902503448
884,5.927216329943614
885,172.28239363646946
886,62.409355662187764
887,2.169252417038529
888,2.122593186274955
889,236.21762233417664
890,3.5803973647472342
891,2.7118516343687853
892,82.18119155936982
893,5.261928616203945
894,-18.95168824810857
895,3.7095286018161424
896,218.89712852642842
897,2.6217034581896494
898,226.6787152642599
899,-49.28498313959426
900,241.67958740163897
901,3.8915874249912354
902,187.06774680029616
903,5.4945620375724005
904,134.85735932102824
905,1.946014115443861
906,1.0733017087225545
907,205.35065924443276
908,35.53798293552554
909,83.65327312130762
910,2.3474626832726564
911,6.637013294484135
912,263.94983634718056
913,127.21558897815159
914,259.2740889652444
915,91.06364202007092
916,132.88539311228556
917,-1.021765283688038
918,2.569620770681049
919,3.0044060779806223
920,392.73895872422145
921,114.13098794746148
922,211.35325916085614
923,2.3597797640846077
924,83.47097437558938
925,191.34662461077104
926,52.28657077703505
927,67.13280143221634
928,5.07012257616291
929,-20.924128077369915
930,18.78468056772097
931,243.4510109868065
932,185.5830481719283
933,5.466964726861744
934,2.077873683752057
935,162.1256710217371
936,18.463483819560217
937,3.303252064900081
938,4.340137237151773
939,137.5162840046911
940,1.8655554335306188
941,5.915126624233288
942,4.859712198567803
943,104.18269292322454
944,3.8217933806787125
945,2.011289493602397
946,75.48927374996754
947,43.979238450931646
948,54.59028512186659
949,230.02237233507566
950,355.3766247718229
951,34.21053257837844
952,-30.48311046297145
953,5.776020604055532
954,252.2066197680854
955,187.39408118952838
956,152.26800757760404
957,2.502275533098942
958,2.9290967012260523
959,222.82084755848743
960,65.796507796642
961,167.39854708836233
962,3.3310060416762317
963,6.531616593435278
964,5.006479803158032
965,6.724383049312469
966,3.786109778301935
967,51.57636221933812
968,165.09234026462016
969,160.15335043040295
970,6.505454403025049
971,369.16964918377
972,5.630280114374947
973,106.17224449019412
974,5.3862947124741405
975,3.953283297120407
976,5.179417408446778
977,185.69004933173736
978,295.8459117028433
979,2.3320700166368393
980,1.784898894795497
981,-6.858137480936541
982,48.246443986834535
983,302.4779668724607
984,329.6917771967196
985,250.0684970656895
986,113.37313613221107
987,3.228514935727983
988,247.6806033061044
989,346.5956410783493
990,107.26434888535017
991,3.9238996778749295
992,304.09942598068875
993,190.43828722613281
994,3.144693509553025
995,-16.993824772396493
996,26.287897217006044
997,2.0414184362646703
998,34.624714852305665
999,78.11434292154894
1000,-11.689607701884261
1001,283.35148808918325
1002,173.00679825658557
1003,5.6851038612731575
1004,1.150756649836466
1005,1.8014216506182656
1006,3.8292648447584035
1007,143.1633813923835
1008,1.9045071857217384
1009,6.418429954441281
1010,33.91628622837961
1011,261.3282506722836
1012,25.90840659955912
1013,204.37366621199808
1014,89.0252203047476
1015,245.7520478985727
1016,6.555217285723187
1017,4.943499206856094
1018,3.4269902677827186
1019,6.237593946524975
1020,4.096689609884506
1021,143.66982224637755
1022,85.06145838370104
1023,164.70139237578266
1024,168.25362730345532
1025,5.335865998277744
1026,3.296158125827805
1027,4.946604382811015
1028,92.28536654230788
1029,3.685194151586046
1030,26.110972383724935
1031,273.62186858612813
1032,3.0100746995938685
1033,2.6400161159791673
1034,221.85139191513258
1035,1.36864673403547
1036,237.93135274422494
1037,6.762550660112027
1038,50.389019538376886
1039,3.590167825046673
1040,-0.13374362287201522
1041,3.2098242293964154
1042,3.9557944828592726
1043,3.48835235166411
1044,300.88432310047364
1045,135.64986908480535
1046,40.63027954061687
1047,218.14386281058924
1048,1.7932006243445615
1049,2.777447370894533
1050,6.419643443801627
1051,60.91642482895279
1052,200.04107267136993
1053,252.0362487301093
1054,6.302929943780794
1055,20.145989163481172
1056,45.49549539060072
1057,4.5812622140204295
1058,2.7460599765176936
1059,2.865294523483295
1060,136.95395456885063
1061,3.4022836856083973
1062,5.859756527375929
1063,296.76537203254696
1064,226.67206597905664
1065,59.81202913398497
1066,251.1709196307725
1067,261.17325131076404
1068,5.481471560324108
1069,4.671568953222043
1070,325.90669138271625
1071,167.41425013350795
1072,5.2316875519020565
1073,3.455895274856104
1074,6.305663285329319
1075,4.894968650339107
1076,290.0966383489136
1077,6.138596310883688
1078,179.65582212933705
1079,3.1232047028697743
1080,2.4076961232295346
1081,5.8564669465196655
1082,3.774453400286862
1083,3.528517260541711
1084,6.123136186059828
1085,147.52760139470627
1086,216.67154291086072
1087,59.89319251812765
1088,285.4005041392632
1089,8.788586768228498
1090,133.30234390089717
1091,277.14466832022845
1092,5.582391738914571
1093,4.075419121026405
1094,6.724465845822454
1095,2.7333063910044575
1096,2.2254268781201665
1097,5.014787170819475
1098,68.6342465704989
1099,136.43113568361446
1100,5.421906075361539
1101,4.420649992947164
1102,5.808321664660945
1103,270.9201826566878
1104,4.596755670631566
1105,117.9112411157151
1106,4.596686152510428
1107,6.281467771827531
1108,11.992244849682187
1109,129.16611976204734
1110,99.9024051207714
1111,3.1938789896526854
1112,230.25092521679645
1113,2.702095025389466
1114,147.91341628747404
1115,-18.039004140074848
1116,5.6383628565139965
1117,297.1096285709908
1118,260.17276744199336
1119,4.543069089371757
1120,53.025239391724355
1121,-3.2467464378331923
1122,236.3729390159066
1123,3.372844844907069
1124,159.79174958720867
1125,2.689887844244988
1126,85.54424719063368
1127,6.194070639659915
1128,-43.76286151183619
1129,176.28853583735184
1130,5.887814383517231
1131,57.68157646903335
1132,3.730115373359145
1133,-70.77046678550073
1134,208.5710230370582
1135,196.9954772504004
1136,-51.788272050594216
1137,4.072639061051365
1138,54.78583930009876
1139,121.7677632185101
1140,139.50899583617584
1141,191.41482526111452
1142,154.8204154532079
1143,22.421161369661757
1144,-32.092852698436246
1145,111.71923172258013
1146,32.176338831767566
1147,4.566891120682468
1148,120.77795245738302
1149,45.67114537294709
1150,4.302766027873963
1151,1.2287727506562658
1152,4.060907098899471
1153,4.086352542226818
1154,23.556682607666186
1155,171.3423313097804
1156,6.750097333146547
1157,87.43580383451764
1158,188.45007886128744
1159,126.6009553101708
1160,110.68836391645934
1161,1.7255045390485868
1162,5.512208667780242
1163,5.228066454184243
1164,4.876882604961535
1165,195.27582301343335
1166,55.25581352214453
1167,-37.18812407104743
1168,4.782874246302943
1169,156.86023745889247
1170,4.776556792261745
1171,4.202355203035947
1172,-2.947643359298775
1173,3.857596090546241
1174,214.8618442353536
1175,-53.355523127876985
1176,240.43337457242833
1177,2.0894895747298894
1178,147.721441650757
1179,2.7631447773483044
1180,2.6297576349475476
1181,1.96268900185059
1182,140.48383250287188
1183,7.4537037049058075
1184,3.8010469952346346
1185,286.76927811367347
1186,125.86521706274131
1187,4.396823114998948
1188,2.656992059893361
1189,137.7875815875206
1190,3.728432187340113
1191,3.528146288047419
1192,4.88535548467898
1193,136.25245166708427
1194,5.549195503889903
1195,2.050662183319036
1196,269.8662485401997
1197,86.0933775025184
1198,3.024907412794303
1199,253.43008638322138
1200,69.71352087120012
1201,238.2177483783914
1202,74.73392340227525
1203,3.285325189287906
1204,137.93618697254155
1205,1.842308571186633
1206,150.473349057547
1207,119.15014499335696
1208,249.68924136727796
1209,254.24738180733266
1210,188.60200624677077
1211,209.5744304914218
1212,6.036114332413117
1213,3.886997971608831
1214,192.79899593424977
1215,113.17144670401001
1216,254.39949673030014
1217,192.86672897382428
1218,-44.64543147490117
1219,5.973872470437138
1220,5.831015219958978
1221,264.9486360638232
1222,5.791737440203064
1223,2.690941636598401
1224,2.8954087154360586
1225,119.73180618572862
1226,1.2848902859173894
1227,4.679033629198958
1228,2.3914076638224673
1229,39.266003717715336
1230,100.00491219413432
1231,229.0410384436514
1232,1.8076533478195975
1233,-17.619377294428002
1234,3.1351069263559457
1235,14.19743108853181
1236,281.1007482057026
1237,3.919091200097412
1238,2.6578228361457326
1239,1.4283715833874604
1240,39.14058401029943
1241,2.0949488045416205
1242,4.508413106178672
1243,4.661731278640479
1244,190.4520592358243
1245,4.212459714322378
1246,268.0784442055291
1247,5.653393049808194
1248,112.46310065279317
1249,148.42492544593978
1250,7.881620128982914
1251,16.03549105035777
1252,5.724201985707752
1253,4.027058363498955
1254,4.365148122984944
1255,39.76085919093378
1256,73.13365429212551
1257,149.4965250428547
1258,258.21730410097274
1259,62.52569458722716
1260,268.4076866980428
1261,5.6764244717069
1262,5.220672932879969
1263,182.2228781708718
1264,3.07235439910439
1265,4.4500209135631925
1266,128.45304758358128
1267,2.484283942820098
1268,6.4170628469093485
1269,264.54594692995823
1270,-59.135761826001016
1271,276.6664820927246
1272,51.5450369063628
1273,7.239380427321842
1274,205.62710929680168
1275,162.82481605690015
1276,46.189783609992986
1277,4.015315128541162
1278,1.5676087090512123
1279,3.9842284706416478
1280,-68.24239097571271
1281,3.6793605506590485
1282,87.3310389676758
1283,179.86858283372368
1284,2.75142435264398
1285,-58.447779517024834
1286,3.019595940220293
1287,50.85588189229065
1288,107.68410988037108
1289,3.950783565246976
1290,229.09936939513122
1291,2.8333440411525217
1292,38.95706740181643
1293,115.99787164787139
1294,251.8472211080064
1295,172.94911150921428
1296,6.277184486061599
1297,63.02259158255904
1298,4.71973751451532
1299,6.438020859474329
1300,167.35586455268862
1301,256.56759258802225
1302,211.93905328791297
1303,6.143210465421095
1304,3.9161336537279303
1305,5.074731401026993
1306,47.96841985501102
1307,160.88768446035888
1308,1.8533572342831468
1309,4.976108195848911
1310,355.4815145965997
1311,2.695023582840455
1312,6.9627917831015935
1313,48.263893719455
1314,165.44968326222573
1315,211.2923393473194
1316,252.6723287413045
1317,72.93456090768805
1318,2.067485792459628
1319,227.3000158538185
1320,254.95787335435313
1321,21.558754778364726
1322,49.47233311451835
1323,249.5639668652482
1324,233.27313431335716
1325,49.01661900613667
1326,65.8384657695453
1327,226.70497642315985
1328,3.2153539304873897
1329,5.696786187000259
1330,134.4242203907635
1331,-7.399431890915519
1332,277.1920685680104
1333,1.7908246515535795
1334,364.63448585124434
1335,1.8766928661592994
1336,104.10265847898297
1337,39.51920176076802
1338,252.12221842192486
1339,6.404018798085576
1340,177.82509129141297
1341,221.3357593345311
1342,196.69537335406616
1343,43.33845320342898
1344,118.17211283828006
1345,2.775082764404164
1346,75.5124188393597
1347,84.09173811659069
1348,2.8354026662213982
1349,216.37702314128654
1350,35.232220325914824
1351,214.4345876972846
1352,2.4208206013399973
1353,11.685784818911383
1354,5.10281747658976
1355,6.220367469050334
1356,3.5943235828423443
1357,7.771209783928712
1358,6.665256040689226
1359,1.6755785055149475
1360,326.65156195914193
1361,4.352018659646695
1362,6.576305560491125
1363,78.89826849136067
1364,3.3709873008158997
1365,5.888879145019741
1366,6.413435585343887
1367,5.913277917010183
1368,6.957762524348883
1369,185.38515681720506
1370,287.2116499197014
1371,228.3939846262973
1372,42.70681384534088
1373,3.5740295572447476
1374,163.45002131502827
1375,133.18693542286113
1376,5.665115755881967
1377,5.026540792780299
1378,102.53276543379815
1379,75.5551188918182
1380,119.08954020033052
1381,234.48616050266205
1382,81.71618610541515
1383,46.1621071727825
1384,-14.717398929246716
1385,167.80710783519177
1386,2.2766312557274593
1387,58.328066885502096
1388,1.6399807672638316
1389,220.95740122428649
1390,186.37224885962152
1391,50.253418367705706
1392,58.70148394480808
1393,281.23428824527286
1394,-20.2497140439486
1395,44.99508800705164
1396,185.58174839968802
1397,5.380413560361499
1398,203.64732763975215
1399,1.4851085201113097
1400,106.88480083420117
1401,337.6385537050168
1402,56.662107490641304
1403,284.69333226526624
1404,101.42569763699349
1405,112.19013445665752
1406,1.9555637631641498
1407,127.3854484091869
1408,7.52309336376456
1409,3.7427081633399166
1410,262.86774693352857
1411,272.7994471887786
1412,-34.63262424315129
1413,140.43118847739336
1414,251.35694592759023
1415,2.207174488746598
1416,2.5611653029046892
1417,4.417564186047023
1418,317.8796497793054
1419,155.10815877074808
1420,4.4877269587193345
1421,31.252186726571043
1422,6.715197703934782
1423,3.4234807712563433
1424,5.169486304937738
1425,2.449163287928051
1426,-22.466812479642265
1427,3.68385009768321
1428,4.8668907039447635
1429,3.7606427999105674
1430,4.352471459882164
1431,6.398897307408716
1432,155.18139684185746
1433,2.8522518173846807
1434,6.289763429609684
1435,4.883127770063338
1436,-59.959062489594444
1437,164.58639900596884
1438,113.06526740312485
1439,6.2655383717083755
1440,2.475156470227135
1441,141.81434458526476
1442,186.7696855841544
1443,52.68673473728696
1444,5.670422119575796
1445,44.6240599762152
1446,278.791382069674
1447,230.44065082312122
1448,-17.200329819231495
1449,5.903385846666412
1450,259.74523225056754
1451,154.66803351479845
1452,4.908382220143577
1453,5.243296083961868
1454,179.09663201880613
1455,71.09302053770365
1456,-6.640623971295787
1457,7.781049433532146
1458,4.949261060103917
1459,300.6555180022003
1460,349.01011610037716
1461,145.08409034034372
1462,-28.262713920660236
1463,84.04366327585609
1464,5.831908747730388
1465,3.3510354214044002
1466,227.4127463056726
1467,5.608104700420336
1468,5.650273492143126
1469,28.10330325841353
1470,3.5386029460718817
1471,32.22057071440026
1472,6.748468198964798
1473,2.7726736935787195
1474,253.95815918627574
1475,106.85886735588205
1476,6.7087357894917785
1477,2.6730199113123425
1478,124.36951708912754
1479,4.287344379975019
1480,128.45383364508535
1481,6.038424891281049
1482,159.85613599479885
1483,6.223769110194121
1484,230.63891046170582
1485,191.58471498707385
1486,7.316590366908538
1487,3.5340727795455122
1488,79.46658370039555
1489,-12.83695756553421
1490,63.64082726132148
1491,3.7591749121717615
1492,2.0114748648736565
1493,7.741236886721538
1494,5.398124225441967
1495,27.739726180642094
1496,7.398730267061097
1497,52.89395085123152
1498,5.950481142475796
1499,86.8658027531943
1500,6.854442941149083
1501,5.661263724870378
1502,50.55463513344754
1503,5.638582285745804
1504,2.106401048113454
1505,4.962600659562165
1506,202.1394160927051
1507,57.43819376933979
1508,100.93053371458309
1509,65.03555294728713
1510,3.0354270866900417
1511,18.200393174462324
1512,60.443590710106776
1513,5.707259235370974
1514,296.82814599653926
1515,56.33711547028353
1516,2.7412733563017433
1517,376.6373913344476
1518,4.618997736002364
1519,216.59849032957297
1520,4.829832234243556
1521,68.5560145192957
1522,4.91121802300002
1523,2.871162926468734
1524,114.92039981163137
1525,-21.324664659449706
1526,2.3504475692562736
1527,5.707530504901866
1528,4.1214868084133025
1529,217.9381891894859
1530,271.07865503775787
1531,3.3086356337542133
1532,5.667032815883082
1533,3.597717036603902
1534,8.119328988305535
1535,70.55017017213119
1536,5.548172844179407
1537,2.608112522881974
1538,283.246607152391
1539,176.36834869560658
1540,2.2271302583365893
1541,136.04285424547794
1542,3.173699675641679
1543,15.593817889552513
1544,7.462100407796941
1545,3.434075784828012
1546,5.789957132349061
1547,-8.6926438759388
1548,202.92696252524314
1549,43.528943041875614
1550,2.856432904885084
1551,2.2783929582781917
1552,237.33165533816535
1553,6.177979133594281
1554,278.02035797278637
1555,157.89301167089036
1556,4.1018593825988585
1557,5.672024972308076
1558,3.7310316678128803
1559,236.7552722269946
1560,191.15015164943011
1561,203.40443034664386
1562,237.49434423259504
1563,88.3912758391497
1564,3.5657196796029584
1565,102.43047376392313
1566,3.3566345315418094
1567,-17.16767728960349
1568,91.33121273771432
1569,14.182674488706187
1570,284.81843740006934
1571,3.4013628445170108
1572,94.86423070953832
1573,2.2216910930490688
1574,4.48880255163511
1575,5.92625657517976
1576,4.184584531178005
1577,5.795518737602788
1578,83.65327312130762
1579,4.9302436396465055
1580,187.01856970151383
1581,226.16800150268963
1582,6.817885583903536
1583,298.2738216354626
1584,301.50310358304534
1585,5.534995544350227
1586,4.995673461742894
1587,57.02465156925345
1588,292.0007779997226
1589,7.532499611384147
1590,6.3923565817489125
1591,166.77124312119108
1592,7.247330254556247
1593,120.91989867499957
1594,142.2796332470796
1595,113.11361029979935
1596,5.634452815993871
1597,74.29048901741673
1598,6.756615715405843
1599,3.2852290909903474
1600,4.5676602852350765
1601,2.897977959825074
1602,5.874163218956776
1603,276.25339587879256
1604,47.99341903070092
1605,93.19524716061059
1606,259.2870985099626
1607,48.5052145031903
1608,3.418964397379266
1609,7.208740491160533
1610,3.5542548377772873
1611,195.24251376776715
1612,81.5275434881987
1613,2.389511985599569
1614,267.7259167663824
1615,5.521926072772795
1616,4.033942444732724
1617,179.52957221677434
1618,224.27319900383412
1619,-2.4989556938373125
1620,68.44400481027583
1621,2.5505388442276318
1622,2.712506397555594
1623,2.5610827555137736
1624,262.1925787240126
1625,83.01191238287586
1626,1.6168265565587323
1627,30.4643459264651
1628,3.78827731776632
1629,212.6602496824166
1630,87.69019185792637
1631,3.9106431540104376
1632,298.1701660359028
1633,4.964273148451764
1634,-17.501682448959425
1635,3.725755140967849
1636,4.833485075294157
1637,6.709561435025428
1638,226.22628672519585
1639,23.24346786829961
1640,4.710074144108888
1641,307.97453482159233
1642,151.08143733175362
1643,191.54054723820482
1644,117.68260688577827
1645,196.5161300467783
1646,5.993436359398312
1647,6.586123288694674
1648,31.401532081472322
1649,4.4966563641812005
1650,97.33697172492323
1651,6.552687640017117
1652,6.295948515975627
1653,223.82046025903063
1654,6.44182293386712
1655,315.4848427373549
1656,53.6216823080638
1657,1.0629231050058674
1658,279.48983736004925
1659,2.14514406786964
1660,-3.9463820196767943
1661,6.702435485876356
1662,189.00117158594952
1663,5.933914238888192
1664,124.33940326057657
1665,1.0666840926982395
1666,122.0190818568167
1667,-64.36430301886884
1668,257.678183687981
1669,55.25840966033699
1670,2.088032420266917
1671,2.6035065131465966
1672,5.379538345725636
1673,4.760475527802712
1674,132.30720673595005
1675,2.2316955498662674
1676,-64.9674334326434
1677,30.25434306704991
1678,-4.945120796301063
1679,221.75871710723084
1680,102.91529921683063
1681,1.5010129833223624
1682,3.230937610857556
1683,62.355605023956294
1684,26.187093202967066
1685,6.765644218599984
1686,143.65870533708176
1687,7.113120572269063
1688,186.80127005907084
1689,270.75007669131514
1690,3.190790674005995
1691,3.781048026511683
1692,4.1229743399732195
1693,2.256714071329494
1694,69.66838503108866
1695,226.17494224838939
1696,115.22268777369759
1697,2.5293340110552336
1698,216.40554938266598
1699,171.9085156892262
1700,117.70082494047337
1701,280.57984035654493
1702,-24.903714773662486
1703,5.591676554899158
1704,5.87133277762046
1705,3.374896592494484
1706,62.41199497270108
1707,5.749491123998701
1708,74.58977829977573
1709,145.5662763888534
1710,6.088761963575879
1711,82.32275506349728
1712,1.8669038841096055
1713,5.895263963751942
1714,-50.12133038731739
1715,4.890676959164325
1716,2.883461193898061
1717,30.6772197742403
1718,111.49624752474674
1719,29.66754355898604
1720,6.1561028296789
1721,259.7080715060244
1722,3.561794549677049
1723,149.48165827619624
1724,146.0958097224792
1725,3.278375455275916
1726,4.361467845341715
1727,241.46771612622484
1728,4.3262407286003475
1729,3.343353960236811
1730,28.965256962797167
1731,208.12902780454573
1732,4.766384258002519
1733,397.7916431721302
1734,285.8544423279013
1735,201.42064047661273
1736,3.6164058573683153
1737,298.901717211578
1738,290.8347146215272
1739,197.69866470970365
1740,93.12765389880617
1741,100.18142340055512
1742,268.0470687475416
1743,4.911231103983848
1744,119.1483626112632
1745,47.356921417478695
1746,3.502445965155463
1747,7.719522082216965
1748,210.8998075266331
1749,3.6203925859532298
1750,99.9036216495249
1751,19.196934374666405
1752,7.436186595952235
1753,6.030638264483474
1754,272.56663068399735
1755,223.2573091011455
1756,1.9259075846040998
1757,236.28007704491694
1758,313.70650111732925
1759,4.811309206281007
1760,272.44070549459565
1761,254.9258639496227
1762,27.308308381814232
1763,51.347291355472485
1764,10.832939079968309
1765,5.323795294867608
1766,256.61254539750536
1767,160.57560406676495
1768,5.854236409599213
1769,83.80281848885281
1770,61.49207641630662
1771,2.9610401992182607
1772,194.66134729057535
1773,242.3282862579751
1774,6.2693186510321555
1775,278.38821527276957
1776,2.7059333691306424
1777,13.254232230437914
1778,52.85470738915747
1779,1.3832371611225813
1780,107.18050809074725
1781,5.756637221886986
1782,171.18980843921946
1783,246.61352563562482
1784,4.4795660017128505
1785,87.53723621778593
1786,2.9317919215367234
1787,78.13880912629739
1788,4.923603911947544
1789,2.5687793619265746
1790,89.47452767876194
1791,4.508562879167675
1792,2.4174546652821776
1793,2.1852998811346818
1794,154.12307279920915
1795,183.0295824902125
1796,278.2260364895207
1797,128.96788949929015
1798,6.219935586449517
1799,227.99350802705422
1800,137.47278646299768
1801,5.213097394203873
1802,2.0190033845063446
1803,153.76938691729387
1804,4.416879876909796
1805,184.17832420194912
1806,5.5559494031910015
1807,284.210593499838
1808,144.7330487290528
1809,91.0536611057167
1810,4.272922396036643
1811,2.6529513484459697
1812,9.586937739612877
1813,3.308398505840865
1814,173.8865903049658
1815,232.02669932025154
1816,5.396217097512135
1817,109.24693641744388
1818,43.16434391941682
1819,225.8326181714444
1820,7.6696503096692075
1821,3.5152504749044757
1822,252.72052544727202
1823,-17.121027960482387
1824,57.57453475761471
1825,2.2483662915081
1826,6.0736538087368706
1827,3.653638622265381
1828,2.1470346674710314
1829,209.87403441903072
1830,240.0925099875864
1831,6.795543207201552
1832,43.843347502613305
1833,3.7494867120060467
1834,3.7430139365258195
1835,107.29872200630706
1836,6.323506849473612
1837,5.798906275491144
1838,5.933654795759092
1839,132.38184119869774
1840,-31.87993523351925
1841,-85.86188442873453
1842,243.14442228247026
1843,167.28990156886374
1844,250.71929514127524
1845,168.45221063618845
1846,39.110710765333536
1847,283.23921780707104
1848,113.15275850258112
1849,3.833491373966432
1850,5.74957504621143
1851,-64.5194009002095
1852,6.082724397992161
1853,71.5660336084769
1854,85.04833553453754
1855,5.719581897831957
1856,185.120695882191
1857,2.6540368945262443
1858,4.928235878318811
1859,5.825310900371581
1860,5.812139007098613
1861,147.70147108245848
1862,6.0306643297445435
1863,63.46252827261603
1864,59.08421201464239
1865,212.58954519206802
1866,169.14378741192982
1867,73.8565406699041
1868,230.8562956172013
1869,160.92509180859713
1870,3.301592615506322
1871,188.69118742718703
1872,48.92894984376514
1873,2.7952657872867945
1874,19.92750080747149
1875,97.40434602596048
1876,3.3543887884082384
1877,2.741995056503066
1878,62.35825183431482
1879,25.480375373152192
1880,279.4811163267429
1881,6.092151972819023
1882,103.08323461926099
1883,6.044781182081543
1884,82.12304834761106
1885,280.12818598804574
1886,269.94028228319684
1887,3.144103858112855
1888,206.79237794761644
1889,223.8376573575968
1890,2.3845598687197693
1891,253.9537095000687
1892,215.68721048891499
1893,4.275551594347833
1894,2.1143194775673417
1895,4.391580198683759
1896,5.9563773423151
1897,58.676488316873346
1898,-72.10744168209078
1899,2.8122968641830424
1900,5.872138252161456
1901,266.090886594592
1902,224.66691986178225
1903,-56.391313252890995
1904,63.14658044761505
1905,53.53773838002131
1906,168.54672214395228
1907,6.809240603181089
1908,6.347786519222109
1909,120.19303911710959
1910,5.672314788755457
1911,5.388713046751847
1912,3.7663852602405585
1913,77.56481585977049
1914,-17.950673293010155
1915,6.785559401154678
1916,1.537564960733361
1917,2.6234697985633955
1918,161.3184879801097
1919,4.972130909166547
1920,4.535717085290311
1921,95.66614460361006
1922,3.2600401962413166
1923,6.474484121365191
1924,2.730872415754994
1925,4.360806930715331
1926,90.84269390930656
1927,162.63573021145393
1928,3.6758988478969576
1929,46.56887043979152
1930,2.7841243963344833
1931,6.026997163904143
1932,4.633827259779053
1933,2.722593114286474
1934,252.26312834449948
1935,6.108193396905907
1936,4.612918904302477
1937,-3.3279399194827874
1938,-25.863370076624072
1939,2.4966727651727627
1940,271.8617688424507
1941,3.6403194938567918
1942,194.3407526045782
1943,3.8110025915532706
1944,224.73410053935694
1945,286.9486126957304
1946,5.853358888493717
1947,104.22437062010529
1948,5.68429863038974
1949,-16.33230961476976
1950,43.176771689284344
1951,2.6072676628744214
1952,42.862286563600584
1953,412.40806058220176
1954,2.790290138116487
1955,109.81808131851047
1956,1.9978310502496484
1957,114.84442441537166
1958,3.9064467076896037
1959,167.38104017407514
1960,60.67825719028755
1961,0.9851892341005407
1962,4.235453220990105
1963,3.227746483263185
1964,5.011882368238752
1965,74.62814324820303
1966,3.4607626538895735
1967,4.632143936321715
1968,239.97650480221415
1969,40.91143723278541
1970,5.848745473477888
1971,1.6465448528689732
1972,95.71796821562576
1973,-27.20269542776011
1974,2.5627983248171406
1975,3.078615054047769
1976,309.1189770773093
1977,1.6685737348934249
1978,215.59441147079863
1979,88.26793496260612
1980,259.21282741715817
1981,175.1452380255459
1982,126.68636778339278
1983,93.2203147019972
1984,8.449836439567552
1985,4.5923916248950984
1986,4.302620718284217
1987,6.157901877779185
1988,1.2616936005832533
1989,5.702204837912211
1990,4.750673681761631
1991,-3.1512504373768193
1992,4.261068619863383
1993,26.0354510221913
1994,1.6134113778850772
1995,113.69591666318898
1996,4.071068777771339
1997,2.6528206778921093
1998,5.545993561925435
1999,271.55214253292564
2000,5.915031418622322
2001,287.75099794523544
2002,-62.51777554887573
2003,6.801674053363489
2004,323.26130367410013
2005,76.30313684365282
2006,4.679871708737071
2007,44.16152154009932
2008,239.82611939331647
2009,136.07913953894575
2010,261.41788097118723
2011,5.602513600407721
2012,162.04784061268393
2013,-27.753275110625
2014,278.8560134016722
2015,181.00646620559363
2016,42.876003334619895
2017,3.1365883112836883
2018,28.552555153342425
2019,99.64582506436771
2020,6.79537264456629
2021,4.557101778548127
2022,176.45745934919924
2023,82.10212322326973
2024,3.172320599752199
2025,4.468806890798407
2026,62.48555361637036
2027,5.845718956271693
2028,6.3248251679784815
2029,49.48412343521395
2030,308.7918531945557
2031,68.5896881257952
2032,297.55055376284923
2033,232.0956502871054
2034,2.4673289268836114
2035,70.48341817259205
2036,186.17555998367567
2037,4.633041891050413
2038,2.950190553107152
2039,3.029000231642984
2040,126.97026307614742
2041,269.6522482899429
2042,4.312370367479743
2043,173.5035051741769
2044,2.235969409962642
2045,101.7160142441576
2046,282.4816659729848
2047,5.563848793261022
2048,-28.575371973683488
2049,1.4523408380518303
2050,376.97009080164605
2051,3.8556530441012318
2052,3.2993161139977767
2053,234.41637070805137
2054,4.71291733582447
2055,3.7815267870470968
2056,-43.09772339115008
2057,186.31764973925308
2058,-22.952510289377546
2059,5.171008956824887
2060,20.805702314678147
2061,2.246785514998667
2062,150.50440656035798
2063,3.481996432469843
2064,4.177485727717239
2065,3.4130093700790156
2066,2.061557519498246
2067,6.205333674413118
2068,3.486974085640261
2069,1.3782026643940368
2070,273.60745958585625
2071,287.0952783042576
2072,4.485613103837066
2073,209.97287454400657
2074,392.15868788062784
2075,248.88611017719188
2076,3.5253240534279775
2077,2.7559045242102975
2078,4.0980347215893485
2079,3.8498860784898468
2080,2.6766463013503445
2081,3.2000575196810335
2082,5.80550928519781
2083,45.52173309131984
2084,2.4764710318044867
2085,5.039587118392459
2086,112.71196326516987
2087,83.42099688618715
2088,22.65029645408391
2089,59.18071107785563
2090,250.121681651327
2091,193.7222684047319
2092,-94.97105418975275
2093,4.738751409864327
2094,3.8422280603893424
2095,93.74962264480465
2096,41.79525728001604
2097,119.86603094045566
2098,5.199329132645994
2099,-4.647859531439523
2100,22.833509624894987
2101,5.73616762033176
2102,6.843163483577703
2103,72.17212326611312
2104,62.08235671763831
2105,55.62860177436694
2106,313.0450434278004
2107,6.903303405862747
2108,7.057628768251685
2109,5.870684741452758
2110,260.8214028217585
2111,3.5999512374464984
2112,47.61214991394962
2113,98.60773830427424
2114,2.5156264613811476
2115,39.93843664643447
2116,3.646607950995721
2117,3.5351103800643706
2118,3.4592757043209055
2119,118.43272243936832
2120,4.386264042211822
2121,178.16084180457491
2122,219.45558930202048
2123,2.8121007402717852
2124,1.6195829030053597
2125,4.418948074737913
2126,5.709241230365557
2127,64.84096854542878
2128,205.92266139179515
2129,1.83098925858134
2130,2.537734237022679
2131,5.340715835407114
2132,6.06930938431549
2133,246.85772627162703
2134,67.25462165138912
2135,228.57052301198502
2136,33.97330916139512
2137,231.38939624858946
2138,3.468418155357943
2139,76.24476385234179
2140,67.94153060275303
2141,69.68531250671461
2142,5.739532708385318
2143,34.35379046946768
2144,187.67906755938597
2145,48.812333783899206
2146,3.8224882281047226
2147,4.314204237452277
2148,61.57656586461971
2149,-63.266701228111266
2150,4.771200345906104
2151,60.26630772685665
2152,5.063874118403013
2153,3.45250481237445
2154,1.755609880321744
2155,2.4119981612547874
2156,5.922156802588426
2157,111.22627416438507
2158,3.827126517591049
2159,333.64419905860905
2160,229.33485911335944
2161,276.8369098137323
2162,1.8461463071128865
2163,294.7428567645544
2164,6.219951114367093
2165,3.0740938920328227
2166,2.50788988656936
2167,42.02274941630069
2168,319.2259396526839
2169,2.3551831808338455
2170,2.4687572912924045
2171,155.0485210760649
2172,5.389859859298398
2173,241.3658251203428
2174,240.40111026932988
2175,1.1282445634062623
2176,4.863169548005469
2177,-29.61129592815767
2178,4.155042268552992
2179,67.68699376280752
2180,290.07015494120174
2181,2.279330950409565
2182,167.824023537171
2183,184.16415946248532
2184,5.940806142190646
2185,2.990481795923859
2186,3.0075457279890787
2187,4.825492930340764
2188,267.79704867028875
2189,233.27478973118994
2190,71.67433051830804
2191,2.8114349625878177
2192,2.7611764675334416
2193,125.82958834645103
2194,2.6794270140965386
2195,4.951135733429219
2196,6.586693157829776
2197,1.9233872228829674
2198,4.111758182061099
2199,3.1474488472245383
2200,1.7467334773637528
2201,4.141909293729986
2202,73.01198393220108
2203,2.530614190757111
2204,1.93770434208524
2205,114.98980425093134
2206,5.363386123809714
2207,167.13403055616666
2208,5.061978786343198
2209,9.02191008922576
2210,255.0271675699382
2211,1.7564357649532725
2212,4.902858594434357
2213,6.6123767150022905
2214,112.61260694311343
2215,52.427894425306
2216,72.4251595622345
2217,4.6568416184415256
2218,31.372213802389894
2219,2.537415999165608
2220,5.288835894827023
2221,3.271570682279382
2222,-39.30252095988076
2223,187.15604123739132
2224,-45.99249147814631
2225,181.59715211910517
2226,-8.981971767913356
2227,75.84593534008319
2228,138.8648623429992
2229,128.47710772839264
2230,3.311520943826658
2231,5.264210630681745
2232,4.209894718854735
2233,255.94576348091474
2234,231.00586159429645
2235,244.1597050033242
2236,3.234280518152546
2237,4.028978420963691
2238,232.51153943317428
2239,96.63935003046926
2240,235.0419080752121
2241,2.3627654640867854
2242,230.0640138450676
2243,6.025195149763262
2244,91.54771394118762
2245,233.54588949326427
2246,108.1770040665916
2247,238.77768692882924
2248,6.34812288887198
2249,289.78881506576937
2250,131.5834986328481
2251,4.630949846596752
2252,268.3017471268805
2253,6.182877483470194
2254,167.82588175901006
2255,-92.52140263782803
2256,34.744003588640695
2257,1.6812015394293613
2258,3.1584771527821496
2259,62.74421655922068
2260,6.244594196110649
2261,86.31695717611414
2262,2.5926524922021046
2263,89.94049418885369
2264,-10.011963494147437
2265,58.23343785679108
2266,2.4430883046434606
2267,3.114691301293669
2268,5.366200326896304
2269,3.7659629189486314
2270,8.544276112976243
2271,180.01196113233425
2272,44.677206282887276
2273,3.492696407672939
2274,6.127462963494259
2275,6.724894775694219
2276,4.458367844286993
2277,2.2411780471641705
2278,1.5718402147750976
2279,6.162075228260932
2280,2.815810195543307
2281,192.18220921413874
2282,2.487893769199067
2283,4.024568129739383
2284,239.22591941087188
2285,3.0608967632257214
2286,-15.994822600627376
2287,5.640681559872858
2288,2.7055450052482106
2289,4.744445179681008
2290,-30.64406990391438
2291,39.23140737484762
2292,4.615419190239881
2293,1.9655602698371937
2294,-5.770684516215766
2295,2.791107779026561
2296,5.027799216977605
2297,102.5572355528797
2298,-39.97350126096991
2299,28.768025195598167
2300,3.462148960946759
2301,5.331602812991893
2302,-98.53635450605923
2303,163.16419265469816
2304,5.699912393650926
2305,58.08939209936726
2306,298.3884875586235
2307,26.918969017503663
2308,47.98979886230889
2309,6.1521157688194785
2310,180.54890794544065
2311,-54.69015193991898
2312,99.0694753799829
2313,4.028360083018746
2314,4.913785131080619
2315,228.17827578733963
2316,7.778973250139578
2317,3.914069911402367
2318,252.36045614754016
2319,6.567263162191945
2320,112.97879282464368
2321,2.8290745956369254
2322,233.2591066349382
2323,163.72317953801752
2324,2.021401217399749
2325,32.9115772430923
2326,3.1604271093857927
2327,110.06485417800191
2328,3.4852866040656103
2329,338.22277779842716
2330,183.5386658888118
2331,1.3158857435108249
2332,265.74169550475955
2333,-10.15311864369754
2334,1.545150145862577
2335,5.273520648606111
2336,53.45276902352109
2337,135.70829625248902
2338,185.63970456859167
2339,22.148013952413585
2340,54.677948684226074
2341,124.81780713339583
2342,1.8923481066208834
2343,6.1031278379854434
2344,298.7274587410967
2345,6.009128628090732
2346,163.13279158691455
2347,116.37619895585806
2348,1.8617414059089363
2349,263.2035482877225
2350,38.01852422534503
2351,4.859711792818784
2352,4.936226989415675
2353,1.6852963955359668
2354,-27.876397521593855
2355,130.2616994299466
2356,3.6816304787665284
2357,113.96406293139694
2358,6.169284686489129
2359,6.727693520265145
2360,4.529583659210665
2361,5.429909713816911
2362,246.20292344844037
2363,4.768522780258232
2364,247.51510176155074
2365,100.19081242981353
2366,60.349659586937115
2367,52.48950501763348
2368,-72.18102064165596
2369,4.630735092000628
2370,217.55508623454972
2371,38.841271180136815
2372,65.03416772598187
2373,1.9662796346269646
2374,-60.052523442365924
2375,1.7549383945732357
2376,121.88374268153842
2377,113.41205114668503
2378,5.359622293219557
2379,6.5242587863678905
2380,30.50915594427652
2381,156.87597426172672
2382,180.1395486442154
2383,55.46348718947408
2384,3.3377401365926205
2385,257.2183190305805
2386,5.841250375029112
2387,42.31490790012154
2388,245.9058461509627
2389,92.46758334266673
2390,1.9692992658798183
2391,113.40155055386496
2392,17.64424112320062
2393,68.41358449329249
2394,141.62904996259397
2395,5.829019874864179
2396,2.42304511890356
2397,290.1957604266766
2398,306.4824184237141
2399,4.355450197709737
2400,190.5866424335713
2401,51.833550718205146
2402,234.99788025070598
2403,6.368808255243461
2404,2.0111783665397405
2405,5.121100922943474
2406,2.933666153859785
2407,74.77389115659042
2408,266.2685946295315
2409,192.6717513599933
2410,4.3099304214341
2411,6.612877429435931
2412,297.43326162201686
2413,-9.39373774571652
2414,3.913685981102265
2415,74.85858254781166
2416,265.5039803305023
2417,23.422859539656738
2418,3.286536034976503
2419,3.9543033723878587
2420,1.8649441619805338
2421,4.701740376268081
2422,242.63935025501536
2423,2.620504628351459
2424,187.7720521871343
2425,5.871014504745459
2426,10.838926488109566
2427,146.88616774507253
2428,39.56854037783152
2429,4.33438820863099
2430,5.9850638690671785
2431,3.7067062785163016
2432,316.7214158992115
2433,232.10299287668207
2434,4.455385622028361
2435,51.47271060124196
2436,236.431617954449
2437,-67.87290743293903
2438,5.744429151637132
2439,6.92754184517567
2440,137.87837794933543
2441,6.363256756900381
2442,5.980458647329015
2443,5.101020029896681
2444,-64.96708039951243
2445,6.018649031079943
2446,5.241955146689614
2447,242.30909556793742
2448,6.5179657351712414
2449,6.101441076026233
2450,24.422744947454426
2451,3.026124686570592
2452,3.6263190033544332
2453,37.3305057738668
2454,306.04792366496105
2455,128.19798871199458
2456,3.455173833707173
2457,261.1621254557625
2458,5.982732860552567
2459,2.3237760644867396
2460,5.698984857636091
2461,67.03955964655168
2462,54.53897112176542
2463,6.034382592978795
2464,-66.90135064960975
2465,33.56066150216492
2466,209.84910163352703
2467,158.1179514426469
2468,249.1769183488623
2469,255.48794672646875
2470,5.748053590469565
2471,142.32104255178857
2472,2.728082731278145
2473,78.70579781616966
2474,176.39785660705857
2475,6.176458579456873
2476,128.01193493102537
2477,139.52393753030103
2478,175.61245824289202
2479,5.416411095994186
2480,36.688844031865884
2481,60.38179062671748
2482,2.2124948920118492
2483,4.958808539643852
2484,124.86885625500153
2485,126.73803607782632
2486,6.770138090287031
2487,5.329069203438963
2488,-28.88637224234016
2489,200.42429776204858
2490,5.764808382691374
2491,142.89751659379007
2492,27.824490254402996
2493,42.199318061290285
2494,5.912320581108306
2495,5.301373569787577
2496,90.6895917203313
2497,82.71846899711034
2498,1.8732104971846852
2499,6.780513556423215
2500,1.8995234074715446
2501,104.25236830378327
2502,251.1439370191687
2503,91.75812309725944
2504,348.8787166342342
2505,3.4510144776928398
2506,4.463315455929885
2507,252.4243039494783
2508,187.47869951993152
2509,103.70068652755265
2510,6.663003022703043
2511,188.08465355361452
2512,80.3673227597488
2513,195.3155267772637
2514,233.69846051738494
2515,305.08799465546275
2516,1.7103907509775893
2517,2.2265674101401927
2518,286.3179793018338
2519,4.490316950633061
2520,116.56493166122978
2521,152.006654377827
2522,1.8615650948014895
2523,6.339847725903898
2524,4.785366559067266
2525,289.12739914993136
2526,4.427056236269309
2527,3.8379740685305888
2528,237.9156859345471
2529,102.72583561245797
2530,236.8400390038278
2531,264.82521493113103
2532,54.300632607864685
2533,2.0864824945164995
2534,6.247002776814604
2535,5.932279819674601
2536,3.8168310772093084
2537,6.6249698958526455
2538,5.828889865663124
2539,160.13971299025405
2540,3.3337745247748636
2541,1.6822836887205526
2542,-13.307866869126764
2543,5.124251719258314
2544,162.73477567342266
2545,2.3741476910829755
2546,259.772803940225
2547,13.917550771473746
2548,10.971540080398547
2549,170.5355061044143
2550,136.32245685993433
2551,-45.935899713848386
2552,2.393100174039009
2553,278.2970928754151
2554,2.371617021645289
2555,43.80412059969742
2556,129.1719583642028
2557,4.184616951939678
2558,12.618169275406222
2559,6.427859805531772
2560,218.70241842188875
2561,2.2801810312557658
2562,229.39349096353965
2563,239.77083518412547
2564,285.9839241966352
2565,4.732102551350773
2566,4.88376622901676
2567,254.9224013357025
2568,69.8770331795293
2569,68.91547167277979
2570,3.447980800898048
2571,98.74070369463458
2572,-47.21592595147993
2573,209.6296161988565
2574,3.1838635184170596
2575,4.123993448978528
2576,3.312129449100366
2577,5.9128502741815065
2578,50.598383275559925
2579,6.137037283962846
2580,4.750423656997669
2581,3.200781623036947
2582,-33.46226573539153
2583,1.8958412167490124
2584,7.095814661691139
2585,60.553700619267936
2586,4.584665914142214
2587,227.4931405219472
2588,194.48078575695823
2589,5.150366919788126
2590,39.75682015756544
2591,1.540029440705711
2592,135.547007457051
2593,49.766718687761475
2594,57.3038661071915
2595,53.78054368639812
2596,53.266230065467326
2597,5.657299085115698
2598,6.490464474582272
2599,-38.736441965343865
2600,4.257647066518493
2601,200.32622261844233
2602,6.129961013174148
2603,361.5867063665469
2604,160.15042309962462
2605,76.3728099796348
2606,4.10557120049037
2607,51.07123200587202
2608,189.89373535369734
2609,30.62392513034728
2610,2.651427660282667
2611,11.640075761086733
2612,3.2881087614035236
2613,4.659542573357607
2614,3.029676766050024
2615,98.16879423388683
2616,159.48950965778118
2617,264.9112039155017
2618,197.34787932270953
2619,4.449023846242065
2620,2.1250441614829008
2621,3.9464096089675804
2622,2.6914397935886036
2623,1.8110790976782378
2624,6.820224975830628
2625,105.30469126280346
2626,286.80310226263776
2627,44.677944232069585
2628,139.41819343657747
2629,38.97926586722136
2630,91.8981760662111
2631,22.157994841108067
2632,6.255872330268382
2633,271.0168520239779
2634,55.66013069167803
2635,160.52046540696594
2636,-45.70611043963187
2637,3.5560677280506807
2638,-63.88750586022756
2639,-53.98927908803982
2640,191.54068527950614
2641,3.3172043714328505
2642,5.5162145326770755
2643,185.6655316640091
2644,132.8373276411635
2645,221.2249784524856
2646,2.385744568367276
2647,3.5457568398664376
2648,4.506652376353035
2649,6.615257872778741
2650,273.6225338237988
2651,222.64846216530103
2652,61.9138857550535
2653,3.965261340384768
2654,33.56431812970271
2655,220.5088920383952
2656,254.8180191674735
2657,2.988751823834652
2658,6.987015685231357
2659,262.90151503331424
2660,1.8434173920414347
2661,268.4375490766658
2662,88.15992077948398
2663,-13.45854515570064
2664,75.44871422715728
2665,272.83762302734345
2666,216.50825670065962
2667,-7.241837909802482
2668,45.901835849337324
2669,6.8481577720446
2670,120.537268240112
2671,193.388241689992
2672,130.93516911176297
2673,208.4561671337217
2674,235.28110080450114
2675,1.3479284311690318
2676,-65.7162228281862
2677,336.8424989843047
2678,3.8061808805377577
2679,5.606189568303582
2680,60.63248713944741
2681,5.079550335665861
2682,3.1612182640693782
2683,2.521203758178933
2684,2.1954562798662836
2685,6.416110879819517
2686,8.518957644029213
2687,28.118772649104955
2688,56.00562208670418
2689,44.834011605892314
2690,158.40814419161623
2691,78.09817690000773
2692,56.12410125510904
2693,132.95888761947523
2694,120.43620935984751
2695,6.703830767092258
2696,184.1915383910384
2697,3.9870512375472735
2698,2.690443222308183
2699,4.200310249179665
2700,201.52602997187063
2701,58.096885921545194
2702,73.88090756836769
2703,4.329999466506893
2704,184.59132449452804
2705,3.279857933561781
2706,5.4330071206141275
2707,187.18176046293368
2708,3.173491985015954
2709,57.493476407583046
2710,5.968460596200518
2711,165.7622328195773
2712,1.880909609741723
2713,127.07527832638684
2714,-52.32220409833234
2715,4.690489179156047
2716,3.06149451774062
2717,250.88823093555501
2718,4.5758001073610854
2719,3.036025254412119
2720,6.490965901851104
2721,6.488588389913777
2722,4.440901579398588
2723,232.77509455548292
2724,6.122273321981272
2725,43.25589580070817
2726,10.053949200721814
2727,312.74270089780185
2728,57.28622034360912
2729,192.73129955908237
2730,189.83574786364775
2731,139.80263489073513
2732,6.6563311196011385
2733,212.95830130468903
2734,108.38016585645212
2735,94.74807659939344
2736,63.02663373989419
2737,202.8289648414446
2738,117.27588856947678
2739,110.5218161814606
2740,5.739091159401768
2741,56.80718611179926
2742,1.4885237666548994
2743,49.41239628409659
2744,-33.58749801071857
2745,4.802884715164118
2746,206.54922506938226
2747,167.1421680174028
2748,2.8516063757502454
2749,5.427995537972925
2750,200.78967161115972
2751,269.01932537606825
2752,2.502127615653491
2753,130.67051259352962
2754,0.4447777500529394
2755,26.587546906158014
2756,272.2031030206037
2757,5.85387347870004
2758,281.16788979571527
2759,72.26833658335637
2760,152.04323416002558
2761,6.471881358730452
2762,3.9599756807227893
2763,109.19766181179946
2764,4.527752477057839
2765,125.21953671570922
2766,2.0311848352360538
2767,266.47876962563396
2768,4.1045824413776515
2769,3.66260574231014
2770,233.73645079706787
2771,116.9334171120428
2772,6.937342113415957
2773,3.05130761623276
2774,4.955518882031653
2775,6.180745670579202
2776,3.6914903136136954
2777,263.86096345976404
2778,26.25595393427771
2779,2.059394779487341
2780,2.7833665772716016
2781,238.41362231835902
2782,215.82098545038332
2783,6.077228992803125
2784,-4.025394292077367
2785,5.924737436769845
2786,3.826133525646797
2787,61.061869275615926
2788,-2.0946224858562172
2789,164.41804925312104
2790,207.66600059663423
2791,117.92157411163845
2792,157.01960519433678
2793,175.17178190285318
2794,164.33112654401987
2795,61.37874411278171
2796,266.1993712674049
2797,106.04032804437685
2798,37.60409873091848
2799,34.2479061730904
2800,5.064264546080683
2801,4.322880559931904
2802,3.228443388808018
2803,89.48192513623675
2804,3.709360553988291
2805,61.527402024642804
2806,6.594659881120853
2807,26.08067829537243
2808,89.33668425228244
2809,6.049549067846672
2810,5.697325544238995
2811,207.93878586316177
2812,5.949807644531113
2813,11.305430380753
2814,5.943150406615066
2815,254.29609267935683
2816,53.237565438402655
2817,269.72809447753104
2818,103.27977489510069
2819,46.90127620384761
2820,151.1597254748939
2821,51.31264996364082
2822,6.088888103258175
2823,58.070536141051655
2824,266.68459324050167
2825,110.65496504389567
2826,-67.1831480714118
2827,6.540904468788322
2828,5.467626260312406
2829,4.852507084167981
2830,5.71040098815119
2831,5.713773144877218
2832,6.184653144611186
2833,135.91491378009533
2834,3.8152941315036397
2835,3.140601109874438
2836,3.62558671134126
2837,3.2367171329224123
2838,5.7161483133644015
2839,1.9776668020012493
2840,61.36402153238889
2841,58.55881379589988
2842,286.08903437636974
2843,6.042195394731573
2844,180.18454869068984
2845,290.16892713516154
2846,3.5019920336223507
2847,77.50739963800312
2848,2.1317250854160625
2849,-61.28270621752566
2850,6.683968359882968
2851,6.200555905149385
2852,-45.466476622565715
2853,55.601985167771936
2854,2.5065456151816172
2855,55.202807962007554
2856,5.971636216232513
2857,46.65853463142437
2858,229.9340533172635
2859,1.5747589393266628
2860,144.98503544265785
2861,292.5475385843147
2862,255.9350520686586
2863,2.680382137569974
2864,268.48086587049835
2865,219.1858228928339
2866,1.908228316443542
2867,2.4761237785018144
2868,104.00469452659705
2869,46.61612516164855
2870,191.28690788982416
2871,6.36215512984407
2872,241.77143619072007
2873,5.216741264836073
2874,35.75696408718169
2875,4.911846255263193
2876,-41.71526128429642
2877,289.8044367530162
2878,-67.27511271488147
2879,4.955501241071486
2880,233.049477161208
2881,5.7686059496209845
2882,5.980859156382172
2883,4.102497362615543
2884,6.616527096737125
2885,189.00747438425947
2886,240.80083786521553
2887,5.890517229140522
2888,1.9458125015919876
2889,6.37083193464092
2890,2.3061930094684064
2891,-55.32574877145275
2892,164.61248476995408
2893,54.14853042567601
2894,44.17534410192057
2895,4.475260920290756
2896,2.9290322864093765
2897,5.285812353362236
2898,84.8161734825919
2899,29.288857612915997
2900,3.240106609267251
2901,27.688973232678485
2902,238.54035531965448
2903,267.4780451541786
2904,3.6465454969954516
2905,3.4868082532457434
2906,32.24737083248042
2907,4.074953796827319
2908,27.65613063311193
2909,2.0418544680161643
2910,107.96231505326281
2911,3.5734914163767075
2912,2.3959214349476747
2913,6.417011688173356
2914,46.75711824775132
2915,8.214435365961474
2916,218.61383823033626
2917,139.5326897874676
2918,3.653267885706677
2919,380.26597451277286
2920,200.15707087881788
2921,5.513901250050387
2922,3.807606496200841
2923,231.08855534204733
2924,5.74589299501163
2925,4.874828191820772
2926,6.09438043798861
2927,42.41180402103178
2928,6.513092724398817
2929,162.18595543466432
2930,249.7484727794071
2931,2.355767314503694
2932,5.796413604487954
2933,-2.4054605020306723
2934,97.80124881313992
2935,-1.0947474719753187
2936,-71.3293020099117
2937,6.521219650317996
2938,10.578981702935911
2939,3.1211719240923936
2940,151.37123420820788
2941,86.97131418500297
2942,77.65954830555604
2943,6.0912348095335735
2944,6.4096639211533555
2945,5.932922364148552
2946,6.4681136488623805
2947,-57.151056462880376
2948,2.73802985337576
2949,6.755852917005601
2950,2.9069790329205483
2951,128.02383873544093
2952,122.97167317280064
2953,6.762063190716824
2954,1.9549044321703963
2955,30.38717842434068
2956,6.350842209228812
2957,91.05276126430665
2958,5.730362301455949
2959,184.23946262161687
2960,6.151129237556522
2961,134.38812673578968
2962,3.6762906229704906
2963,4.14560484905291
2964,234.54571619396754
2965,190.47090405842317
2966,4.718840771225875
2967,3.70331267900683
2968,159.81978653477506
2969,-80.60484741538353
2970,2.103256083716417
2971,227.53015066562153
2972,6.934973683639878
2973,208.94691597400654
2974,269.97246208818325
2975,4.769479920650845
2976,46.14380515697493
2977,43.89418482023347
2978,4.693846309636925
2979,4.53953551454707
2980,306.55347107315316
2981,304.7647816577029
2982,156.85029156906373
2983,150.90769485729268
2984,288.5263443596072
2985,123.24967411919148
2986,293.07343364752006
2987,229.4334014444849
2988,103.94089464679688
2989,134.85041288967994
2990,34.413091693575
2991,7.051379331796646
2992,2.954672381572389
2993,5.74443456626053
2994,15.58150912176408
2995,-0.9144068350297118
2996,4.371864633641242
2997,3.5210109119445008
2998,98.01578702398561
2999,142.21169001409146
3000,64.655961820243
3001,2.8723221873573617
3002,288.1057950501093
3003,4.426057851428092
3004,273.4199619472825
3005,91.85731210694748
3006,95.39870785107398
3007,6.462898607468055
3008,2.791405388809527
3009,37.304104099335795
3010,4.140869514989031
3011,73.9339447679859
3012,5.275277333293705
3013,197.48948494425267
3014,6.609387903701175
3015,3.5714773594129805
3016,5.953235327466429
3017,6.256922406847763
3018,4.315363702922168
3019,226.01593217989895
3020,3.078839009408298
3021,237.64818308269048
3022,272.2961459353348
3023,3.0225457371318547
3024,124.23791775838319
3025,237.61671309834588
3026,159.38787409318653
3027,6.217950983078814
3028,5.407992456563921
3029,-20.561570630103244
3030,-36.56814879322757
3031,6.075575171961912
3032,6.689055843007659
3033,4.811203324510032
3034,127.54710026715087
3035,149.0514046194572
3036,218.98595251044642
3037,6.08732832375241
3038,2.1579707606281504
3039,-23.255744290174288
3040,160.51919861127303
3041,4.637355098756904
3042,28.965363906679798
3043,5.876568595765794
3044,213.40948703998964
3045,165.76696264751476
3046,4.4405243695411265
3047,4.329206763510319
3048,42.307837186945825
3049,5.516787646952726
3050,240.61511889635491
3051,85.92336769435278
3052,6.434183618613946
3053,3.769223744526355
3054,121.10177673405265
3055,188.74158414077294
3056,55.09055667865127
3057,3.273309891555379
3058,119.97485292207996
3059,1.81277557021328
3060,254.2282925872401
3061,5.28543131197703
3062,219.01561617076595
3063,143.50441398317741
3064,237.62951931784622
3065,250.82408900871852
3066,120.06228563569198
3067,78.88530623070923
3068,5.891652274518267
3069,6.017759841000069
3070,3.4857914995902757
3071,6.232064189245197
3072,198.48974837105587
3073,144.53986706293497
3074,6.333342969745374
3075,5.988935591453207
3076,146.6829660044541
3077,29.201364612551366
3078,95.98438208915402
3079,5.683762548400098
3080,3.3626096630060163
3081,-8.40394269329088
3082,104.47351662959812
3083,138.40960099798195
3084,1.0773801379645889
3085,5.5904795772401945
3086,207.80538869625013
3087,3.084986762103918
3088,89.05226714659513
3089,3.5989364433215987
3090,308.8305114216728
3091,138.04034592509433
3092,94.19625485709042
3093,4.30211569079193
3094,179.5678218678211
3095,265.4125300541355
3096,128.46928436023586
3097,4.804991449263985
3098,6.106839843214978
3099,11.065124714489805
3100,88.17705557339521
3101,3.591940703296562
3102,2.552958420990924
3103,3.0641529401286625
3104,62.79872770239712
3105,9.525655008237045
3106,28.162549882693323
3107,1.5246450693855031
3108,2.4996086666412043
3109,6.370765192381545
3110,238.88313232311967
3111,1.802472483987336
3112,209.54615650764416
3113,5.547281393731486
3114,34.991395257540866
3115,271.4579657471409
3116,105.52604358570966
3117,4.706407646590384
3118,253.0695320307344
3119,4.76373155683603
3120,51.05247625791607
3121,27.51467051071248
3122,137.94476843767677
3123,3.979748767323371
3124,2.6500992860755233
3125,3.5255441025360668
3126,218.10147602280088
3127,256.8727054934997
3128,49.1225947733108
3129,365.347080857108
3130,2.095924332713667
3131,99.91365296165648
3132,190.2718042980192
3133,125.98095270440591
3134,231.77304024991693
3135,1.703612631002841
3136,313.8456695208339
3137,2.9805698654440245
3138,126.48107234524521
3139,5.8211724994772
3140,2.279223246630715
3141,17.757549881201548
3142,2.9854142405731574
3143,111.71843179101187
3144,250.4459009338698
3145,5.252342688592975
3146,280.66859703217835
3147,107.15510628738228
3148,111.81601081291558
3149,-23.594392009498854
3150,1.7061932129232205
3151,233.7020536303964
3152,7.045604754288254
3153,235.65591338867742
3154,177.70252853720746
3155,47.85204147345822
3156,50.03214213087456
3157,4.840512682514312
3158,301.1360061370863
3159,109.14729330975244
3160,240.9550159447723
3161,-47.03527060386009
3162,3.240173301211463
3163,207.5656531360267
3164,3.556745807108069
3165,-7.748282058876042
3166,58.541218011061865
3167,6.379260550653389
3168,5.374605278258376
3169,3.6002072553679625
3170,229.34830068006826
3171,2.9149146102198444
3172,246.57044269934215
3173,259.0363028886983
3174,53.57094707157461
3175,-63.128413963645215
3176,4.075861854250346
3177,3.244920864036699
3178,173.4970746138336
3179,6.127118527114898
3180,325.19923865720153
3181,212.61572286898726
3182,296.6423683065056
3183,5.927119466056091
3184,102.13806218780336
3185,6.865754166913064
3186,167.2809198573887
3187,262.65731219481245
3188,-38.80518494247745
3189,240.63373820424624
3190,4.0235957451552515
3191,213.60389696164526
3192,61.02321699717273
3193,6.471990707147297
3194,4.657031716975075
3195,5.972363431609077
3196,146.01331994698864
3197,5.466293186144674
3198,181.5699788228463
3199,184.39780120160947
3200,2.1661697331636307
3201,296.87455633719986
3202,4.253258814755699
3203,4.593593400839628
3204,-0.36123202866205156
3205,6.524783137043816
3206,274.7201571332516
3207,5.916624295362623
3208,179.9949031169477
3209,-39.72116607041994
3210,7.478956024846275
3211,191.54966885741726
3212,221.79940108709906
3213,2.5532681879352004
3214,260.31162174072915
3215,3.612741869376171
3216,6.106555106966866
3217,128.14295863809429
3218,280.0899955616788
3219,92.17241201266546
3220,75.03013038619696
3221,93.92488578677658
3222,251.2948129206783
3223,359.2354058098636
3224,-80.39313346707368
3225,128.33303434150332
3226,6.052379911484654
3227,5.8392118230724215
3228,14.5643011273523
3229,290.2672522076094
3230,226.52631834112933
3231,6.690285135318895
3232,4.82640861268672
3233,5.528256663109743
3234,4.544538554290291
3235,94.08180484009274
3236,147.90490006179476
3237,21.93192939941551
3238,294.9589590955804
3239,6.592063208336678
3240,74.8652030059123
3241,14.362339183721138
3242,2.5402551872042407
3243,24.44074924089947
3244,162.64990481834496
3245,5.069744976993493
3246,244.87317515956622
3247,6.264437215850942
3248,74.03700665242759
3249,10.266274538991738
3250,232.2626153686173
3251,231.73364783392208
3252,124.98095263758952
3253,56.23576251593386
3254,147.85966425337259
3255,6.5900098595714836
3256,5.847110210987583
3257,10.843083776956725
3258,2.6906509935259804
3259,41.60458017546385
3260,5.89668397123389
3261,106.29136315434386
3262,324.3924834657176
3263,2.033465366726442
3264,4.03640282307966
3265,139.7599790422731
3266,3.7790131882260924
3267,6.746833650999413
3268,3.2058740268886106
3269,4.719726614593593
3270,56.17269375684698
3271,211.38885153342562
3272,2.182447935240922
3273,210.53409435575418
3274,220.48215403549491
3275,125.48710864549155
3276,114.6125242122365
3277,6.456325328970854
3278,6.338178289497949
3279,3.3074257581902256
3280,151.28025348410276
3281,301.32987446462886
3282,2.867354451813903
3283,366.4496251328181
3284,349.69621263003575
3285,102.59287221122042
3286,3.15278516497634
3287,29.683562405555406
3288,51.237124551976976
3289,1.8637156123101515
3290,42.46739930624854
3291,236.6578172325036
3292,3.090891649170923
3293,49.09320687718765
3294,198.24689055115311
3295,145.51491614162558
3296,25.815223670827045
3297,216.52893345879946
3298,2.090605258974041
3299,249.47038126711576
3300,4.425215964180935
3301,214.38184517013195
3302,220.67741646805553
3303,-8.218497063797573
3304,223.33704224484674
3305,5.099229729836932
3306,4.340607511849785
3307,183.21374520408847
3308,2.937374475063982
3309,6.32364618681198
3310,-60.15975273289136
3311,2.5552542841165264
3312,3.945374379044236
3313,2.384634593818251
3314,5.869334974210361
3315,4.004147528112321
3316,315.70753607703926
3317,301.3863018044081
3318,30.21687357533431
3319,1.9673653601122914
3320,1.8677652559582
3321,5.011294823625186
3322,153.1605440753617
3323,4.672851074798007
3324,4.039646058549936
3325,322.0962595112802
3326,87.71830113237358
3327,-76.78829465082487
3328,6.517065750551433
3329,1.8735308496469265
3330,174.9218976698082
3331,104.49646145815184
3332,3.697858799726606
3333,253.13961171201677
3334,120.97780085740625
3335,3.315587596198893
3336,5.004498790395671
3337,2.5353461789941565
3338,1.7518955389963504
3339,30.497607263185248
3340,28.570920190841957
3341,66.98848997974201
3342,208.92569592697726
3343,131.5881633686859
3344,3.9753406890421163
3345,265.0782682713432
3346,296.2304743767511
3347,178.07386102352265
3348,73.13941633964573
3349,5.499212564701411
3350,3.572973620397318
3351,3.0870594022647353
3352,1.83079884913712
3353,147.368853240374
3354,84.73367082227286
3355,3.1072751432671404
3356,302.81623189050833
3357,3.1352584495978726
3358,233.62083433551908
3359,97.40214802556552
3360,166.48707604407733
3361,3.3302565037146734
3362,3.5102578280985814
3363,3.5373410552791915
3364,24.180191836952375
3365,105.73430859956437
3366,43.4805379182905
3367,3.4099554800814156
3368,130.92545460084048
3369,4.084316034565987
3370,69.50542102402774
3371,17.223348191385252
3372,208.55365662542394
3373,82.16593264162279
3374,313.85416038173804
3375,2.3616709535083427
3376,2.73517699046648
3377,113.97319877605246
3378,5.162484771254606
3379,71.18672809987724
3380,319.62914064727005
3381,6.665937242712634
3382,111.88987125993997
3383,6.22663058416694
3384,53.54897306294164
3385,4.541766712788193
3386,57.10352960314866
3387,2.0955118864879267
3388,185.86544014089338
3389,231.49659453250646
3390,1.9279250057492527
3391,5.777400753237219
3392,5.29606453602789
3393,182.73070980375158
3394,133.89216956839016
3395,5.457246425225147
3396,6.006622882845288
3397,156.41428872845646
3398,2.0570925885687226
3399,198.75173339110717
3400,171.79816355493605
3401,4.956933522173687
3402,0.9039224220452439
3403,51.67984102473421
3404,121.64069756348522
3405,180.0257669484796
3406,193.62473611377325
3407,4.155017317682126
3408,118.38247060422674
3409,126.72929190730096
3410,5.951333556178531
3411,5.35242051128998
3412,56.128071535513584
3413,2.1031270594801126
3414,6.684447129124589
3415,128.7494226149213
3416,67.35854737258184
3417,192.24899148639344
3418,150.90393501562116
3419,54.544206870651394
3420,25.706960457918345
3421,-70.57071819280065
3422,167.175249315448
3423,2.0427872961175133
3424,3.8777933327371232
3425,34.542975469483025
3426,3.4685627959868492
3427,45.89227717371162
3428,2.710014863317506
3429,316.0615380681917
3430,304.9101805262614
3431,104.81005390306895
3432,6.0435776261781395
3433,85.23896074786154
3434,1.9376162885236463
3435,325.3165714602929
3436,226.8286185893975
3437,3.40660764374669
3438,49.12797716276667
3439,282.82605123343296
3440,6.547688726008046
3441,4.845904688434137
3442,225.69320829603376
3443,5.193591808307662
3444,196.82388073713824
3445,3.6189951175850053
3446,5.687629603408248
3447,227.44927044161528
3448,5.110913338278668
3449,5.667169299605302
3450,105.56876161920873
3451,183.0017753285041
3452,2.0928738229308275
3453,2.3658026040590556
3454,13.653427705087733
3455,4.128911780981737
3456,6.166254812259113
3457,3.9322025667953504
3458,6.198026794446359
3459,173.06918011139734
3460,-34.92485728759923
3461,4.450711475395126
3462,40.810849139808084
3463,234.53652662801755
3464,4.492080652740155
3465,2.872468924001692
3466,6.403222345402646
3467,119.43279323227908
3468,30.993733225111594
3469,319.4382669097451
3470,147.687370735492
3471,1.5861979753284885
3472,272.43200555047645
3473,6.7196851049614565
3474,3.5723446070618907
3475,4.699958988128374
3476,43.75707299091274
3477,3.554848648519056
3478,6.841153001265695
3479,2.855113026420055
3480,118.37577092227507
3481,136.2163973341986
3482,75.79608214251267
3483,79.09528017065303
3484,176.02872628370463
3485,2.371809230247978
3486,206.90159348734662
3487,5.885759932366128
3488,4.757059140154299
3489,3.213430724577396
3490,6.086639029367318
3491,3.278550802652294
3492,2.450016303125107
3493,300.83863513587005
3494,129.29444901075604
3495,6.3071824460420505
3496,3.104092914740551
3497,4.363247315827418
3498,6.732407982591662
3499,-16.863308532849153
3500,128.13647855704997
3501,275.4909224553173
3502,6.078924422101944
3503,3.8051141107384545
3504,95.40828711938863
3505,139.36463377878545
3506,83.6236860020048
3507,6.255149113212953
3508,3.342602164502071
3509,3.203946891695909
3510,282.92898641441946
3511,1.9634804326458064
3512,64.98926377430296
3513,87.70342743979407
3514,3.2685936814093903
3515,37.42900271401323
3516,3.4049000243164906
3517,198.2033741291063
3518,4.2792353667170016
3519,232.4942553343639
3520,317.1118039562148
3521,1.8826749286407942
3522,104.23737551630822
3523,5.120916497816084
3524,6.60337977289174
3525,5.251144490314684
3526,28.268580672463017
3527,1.6073689311897241
3528,283.1053096686404
3529,186.7686667029088
3530,2.4882408147046813
3531,105.17333546132907
3532,274.92011742984243
3533,42.640971765974406
3534,8.078463094225485
3535,94.58265616416698
3536,3.5230208857125214
3537,69.18139729898178
3538,6.938942889939344
3539,31.824036496826437
3540,149.80423653988817
3541,-58.12358979871181
3542,2.833900178736982
3543,182.84135402564957
3544,37.47512903429692
3545,2.582192494720315
3546,5.847307118879088
3547,171.28665451654226
3548,5.349574059377651
3549,1.7591622432264802
3550,4.70389799714452
3551,4.984221328112727
3552,5.624490633686543
3553,6.517665548101601
3554,174.30443337798832
3555,4.269337385894393
3556,2.268611103411106
3557,112.2337452594182
3558,5.20813156694556
3559,85.94777074936812
3560,54.670417265793816
3561,6.334235038933338
3562,26.189800543540287
3563,-41.8882593917775
3564,5.910485432756791
3565,5.187260774235617
3566,172.8640468493871
3567,1.9512151642581559
3568,236.03566889084595
3569,181.9837080561495
3570,43.01012940198744
3571,193.47078422511345
3572,1.879324200952652
3573,6.092425006819717
3574,5.91072286344286
3575,1.7813344122532322
3576,4.834468709412814
3577,6.0561635302820855
3578,84.41894355997727
3579,2.073749160684708
3580,77.22992099510441
3581,244.49346955669634
3582,50.159538390938536
3583,82.5673824884325
3584,6.597192496722259
3585,29.93675213630898
3586,5.799573154218745
3587,31.34162077535763
3588,3.3133435487148835
3589,232.76854024587098
3590,2.705769077714192
3591,3.591917336784967
3592,198.19262597006096
3593,4.625098325261585
3594,15.550238364683322
3595,6.706716019512588
3596,36.23576071093164
3597,299.4720909086104
3598,79.84361205650406
3599,76.66696757267657
3600,2.64644338450018
3601,292.92205721958345
3602,20.49191040095044
3603,5.5199659812879664
3604,3.5144014691357164
3605,156.75768958223597
3606,2.143693742677354
3607,3.623299666535983
3608,269.50315304539726
3609,198.11869135904868
3610,45.43032092921486
3611,5.544423960052063
3612,289.92096262421063
3613,6.291717146213767
3614,4.9214405205565415
3615,6.5213946494546615
3616,77.64634860205331
3617,5.091203839078729
3618,3.2460800613656944
3619,-56.34862817157838
3620,1.0530994855028808
3621,59.01115684892843
3622,5.257813270631355
3623,259.65966236627685
3624,-15.28115523430756
3625,98.31543243175575
3626,74.45310829463858
3627,34.922195526664
3628,6.564478830261934
3629,39.65866942955754
3630,257.03630513405386
3631,307.0446017820931
3632,256.5036471000919
3633,238.37257867906254
3634,105.1260773528953
3635,128.39115780998375
3636,4.677671925724747
3637,41.27034815372197
3638,67.70292249085585
3639,5.076836967730075
3640,326.3840035963797
3641,216.3253148468936
3642,165.7970608059848
3643,203.58056576532368
3644,6.486825531164061
3645,109.43273312221912
3646,2.4884803221646346
3647,5.819632008938768
3648,239.31403207173182
3649,-1.095880544829593
3650,3.2563301234032123
3651,190.44495048664984
3652,53.363190625169295
3653,-8.658701911660188
3654,65.17293538495248
3655,2.118621321561825
3656,135.1792807607018
3657,5.708083491793249
3658,8.003317332939313
3659,4.719026890776643
3660,6.004333429650841
3661,53.42738981651168
3662,2.0195824375962377
3663,5.798521439069026
3664,119.44582828929
3665,4.76361873293572
3666,288.4439882443977
3667,239.94698869509608
3668,248.76806981958495
3669,243.3311761435276
3670,7.581279247764887
3671,6.544860830749945
3672,237.6165542453746
3673,4.997243011730313
3674,291.8547559568768
3675,147.7412304651858
3676,49.73439058931769
3677,37.721820982710206
3678,-17.927486421780895
3679,4.139332058958874
3680,4.040254138602609
3681,154.5030674866396
3682,81.87251677622477
3683,170.3980090170869
3684,72.74542442640154
3685,140.38641491929576
3686,273.431860943896
3687,100.40603801377821
3688,279.71667925885896
3689,2.268599210232035
3690,168.90390993628705
3691,177.20542845536795
3692,307.07256024706794
3693,270.42210242325393
3694,1.7418512407651947
3695,246.3592168898172
3696,203.94203733541147
3697,0.8252872064566318
3698,-40.06535572440014
3699,4.302928857188944
3700,5.464679488080787
3701,385.60225025722707
3702,3.7642278737211416
3703,3.9624089754371807
3704,6.218999717506012
3705,1.6096409335126725
3706,68.74456134316235
3707,-15.116610271870407
3708,127.07827640213014
3709,3.0007738643588495
3710,6.538558124542642
3711,337.417516435156
3712,71.6254720321072
3713,5.557456688980765
3714,303.93502500791055
3715,2.608497988972874
3716,2.0089630077032803
3717,165.51025666531316
3718,65.74987739537211
3719,155.38525505189617
3720,141.19919599793286
3721,3.0196625615333414
3722,3.7895082444008015
3723,3.3390831777338383
3724,1.8927228777923002
3725,68.7036124968191
3726,1.6514596901949394
3727,226.79187384789756
3728,68.37162130655855
3729,-34.82848093617254
3730,155.71439777995235
3731,78.4257595527507
3732,3.557208300750934
3733,-41.41088956486826
3734,3.0714085710074253
3735,2.3739553199467807
3736,-16.294377143628605
3737,6.159403358367768
3738,193.3399534008323
3739,-46.557807611103044
3740,243.9189126982568
3741,21.303164226522377
3742,270.35561991518256
3743,2.3588253450598353
3744,84.01129406136475
3745,6.916291320586931
3746,4.963285242369358
3747,4.985804025698309
3748,208.71150514575783
3749,92.85862508496025
3750,1.6076553806186857
3751,221.1342782350007
3752,82.1318595542436
3753,4.8626576800856895
3754,3.8235906205852186
3755,17.723516081044064
3756,5.576701619911618
3757,32.69341031155163
3758,5.87554966406565
3759,46.87095118021291
3760,1.9020861975795451
3761,7.095929308752045
3762,6.0543325449219285
3763,122.56005637490506
3764,170.8606452053106
3765,360.02937812403883
3766,6.276903881190634
3767,304.27777144562583
3768,52.92820744380666
3769,1.655239551639763
3770,160.23181121163367
3771,3.3608409174367386
3772,190.22553215823783
3773,242.90616276185816
3774,2.4807190286952614
3775,3.634934783484513
3776,218.6561253146376
3777,6.373149252622911
3778,221.18953719396072
3779,282.1263639629815
3780,5.977139214886117
3781,6.3657904085562285
3782,2.2097012391250352
3783,1.806141426416166
3784,5.351563023336617
3785,22.855693334323558
3786,81.13791561546417
3787,5.9165184740716334
3788,6.758546347036145
3789,269.72504039189175
3790,6.864580460796928
3791,6.5167085384125345
3792,3.577082527070611
3793,32.91748708106265
3794,-11.552081273575414
3795,176.38380791855602
3796,224.91253148802932
3797,4.674953517595567
3798,188.70749544957286
3799,-60.523210372348856
3800,242.32422724172167
3801,137.86391869757125
3802,153.2518103749925
3803,65.05191653640419
3804,51.49312034859329
3805,4.545784217824087
3806,3.074849417370703
3807,77.62978044374186
3808,3.659457845919023
3809,-47.22215601162735
3810,2.5370160119020184
3811,4.689629678165322
3812,267.87965146738594
3813,3.6644913308691494
3814,283.3710017820514
3815,7.654071108463119
3816,3.7521982195229326
3817,55.82603814965875
3818,6.484429391080616
3819,2.416428666557036
3820,132.73953380527675
3821,8.144843141031561
3822,5.368296688709381
3823,259.93394419625986
3824,4.894609359990613
3825,269.0568647689055
3826,6.027446486344733
3827,297.15509828783627
3828,296.7363407077542
3829,6.534073726589222
3830,234.03523069749176
3831,51.89566904959264
3832,1.8167963682133266
3833,72.5138372550778
3834,53.60787814069636
3835,2.7007823196696186
3836,5.2118974185038525
3837,6.853296491918454
3838,5.978332736893991
3839,247.34858174812075
3840,5.801172310404137
3841,130.09508048911846
3842,3.6965181092157016
3843,251.71925965224395
3844,5.76984580656235
3845,6.471784995376128
3846,6.24507272851276
3847,88.32353133116658
3848,130.2486059535278
3849,195.48246169146327
3850,11.238287267992398
3851,148.02446879561208
3852,255.46015159551547
3853,5.453240891023874
3854,227.54390992270046
3855,1.9350641570953622
3856,60.32312660362851
3857,3.7287963370299924
3858,3.152519271398767
3859,257.2634126666606
3860,6.20145398132345
3861,-67.29608248536348
3862,-17.85839150010489
3863,3.229515238908086
3864,2.9698177594958106
3865,308.6073518839807
3866,4.5092125033990555
3867,205.3112448634613
3868,4.587980763031795
3869,3.1234117758198194
3870,112.71523275387261
3871,49.104997409134974
3872,3.8666237799060745
3873,26.193840451515474
3874,359.52351212888544
3875,267.6461325984386
3876,99.62460824277208
3877,-67.61887836002802
3878,175.20221945549065
3879,267.9096215897433
3880,6.350843724187903
3881,3.6432518187139933
3882,2.332656394950173
3883,206.84955277739485
3884,145.80150177188466
3885,6.491009052242094
3886,5.346064786857425
3887,6.170121801537545
3888,2.578055956987871
3889,189.36815784719576
3890,1.1080943016208424
3891,3.0915135487995613
3892,164.24016620881423
3893,3.299337019359902
3894,305.60839530245744
3895,-25.004254437272355
3896,20.082881553792877
3897,233.95917912898227
3898,192.39992999165938
3899,1.7453652035065688
3900,80.64784055755257
3901,130.12556168053698
3902,2.8324287827623102
3903,53.99158646167243
3904,53.972558657455004
3905,3.5558652666749553
3906,7.702189326229081
3907,213.54832331316243
3908,151.5557764539138
3909,3.4246840489373738
3910,3.962845996848069
3911,244.49866352977764
3912,4.491238300334196
3913,46.64422093924272
3914,275.90995230670217
3915,6.523889631703397
3916,5.732653503249502
3917,3.7391510949248534
3918,-45.476661442873265
3919,5.151402100542729
3920,37.93412259972945
3921,67.31245760627209
3922,7.356852551642759
3923,3.0380355740484557
3924,357.1640230287554
3925,102.98540881488343
3926,2.1018692122336966
3927,249.2194752691022
3928,3.5396600303568104
3929,5.244627031498254
3930,6.197546925177799
3931,169.73052037251028
3932,4.275266110121967
3933,2.400373039191615
3934,6.486734539315599
3935,228.73478385432756
3936,2.037595137735952
3937,3.284280776741722
3938,2.8304111046106324
3939,293.90803927152604
3940,6.348163950751215
3941,6.390989103220765
3942,5.261276936275608
3943,3.0639668917577736
3944,6.861423265784392
3945,340.7821528696412
3946,227.80051455040382
3947,39.76383086704078
3948,144.05899173761495
3949,5.713593572624566
3950,242.50365180197227
3951,1.7944536075523527
3952,81.72526550621326
3953,132.97332398326424
3954,2.820342746484475
3955,6.148522997885181
3956,140.8243810270042
3957,51.679028943519825
3958,84.82888633020471
3959,222.9413187372579
3960,5.968830942212707
3961,6.65117434721988
3962,96.62707265013002
3963,5.8442837022784255
3964,151.46818826463877
3965,6.111177292379353
3966,3.449828760074357
3967,3.2187605792590865
3968,177.65817540966933
3969,89.02768897996953
3970,2.5694610081862628
3971,3.6054165711278316
3972,3.1560425976787165
3973,3.545034027776298
3974,36.366003428339155
3975,64.54478498425944
3976,3.7221022664794083
3977,4.069568858479063
3978,3.606703616461954
3979,129.61930823989377
3980,247.34367942383838
3981,256.782431255599
3982,5.610591878985302
3983,3.4761338960038954
3984,379.18342420819465
3985,236.70268406382272
3986,144.53905569968074
3987,106.54362832890577
3988,3.17159106836109
3989,-10.39552257383881
3990,72.44135963312735
3991,267.62145256729303
3992,5.921763009228247
3993,5.708240902354889
3994,40.71304725208661
3995,117.91045830586913
3996,4.354264144517982
3997,120.537268240112
3998,2.6329842194590207
3999,268.3293377862839
4000,5.376516308705383
4001,4.391208521731098
4002,63.94412149025994
4003,165.8289259570414
4004,2.314138217035677
4005,319.68036706196233
4006,66.11872975180422
4007,6.747791807837448
4008,3.588366177167535
4009,5.768689359658088
4010,201.6889567011884
4011,3.3707318055041005
4012,6.389257762348304
4013,254.99327629446188
4014,5.801078213560352
4015,6.24482739324716
4016,79.8863460135389
4017,161.16319345026767
4018,123.57441612579144
4019,1.476329532386937
4020,2.016705632963547
4021,73.96105538441232
4022,65.57471560179933
4023,3.882954921602456
4024,110.00934708576632
4025,80.34957633186218
4026,92.66355351019348
4027,239.22412982336394
4028,95.40533936000023
4029,7.188934225884664
4030,2.3154763201608963
4031,103.68595364332293
4032,86.35810479361986
4033,3.487192427167027
4034,253.53767576691482
4035,130.31536798462747
4036,3.51131010404655
4037,3.878989695210086
4038,6.053196559009856
4039,5.837616667236921
4040,114.80497733401978
4041,335.72526473210775
4042,60.57874398938727
4043,251.4001500687909
4044,4.487937930417953
4045,38.551230458461646
4046,5.8885586816067805
4047,4.025001354356373
4048,262.5695528317111
4049,114.53183050268294
4050,299.1444818757971
4051,42.42406458204916
4052,2.6936531527959326
4053,4.2489608545152
4054,5.75497776613956
4055,4.144853987118909
4056,251.66801024769015
4057,7.00267945794946
4058,252.3304310095864
4059,89.6064129667287
4060,249.3867259403537
4061,111.26899215503691
4062,3.8113335138117863
4063,2.1635756864542897
4064,166.0914014097216
4065,1.9087070165796376
4066,101.39432210487576
4067,178.69969730201916
4068,187.8669316957421
4069,351.5137831291263
4070,2.659600450142864
4071,2.6580295431080914
4072,2.2342008015755255
4073,3.0317896980789563
4074,4.023951920195857
4075,-26.086091603357797
4076,37.10901451330876
4077,4.720945390275653
4078,6.223682978350575
4079,7.227642276642139
4080,279.99794408234277
4081,3.4492332278610918
4082,127.74485770012528
4083,4.160455031623139
4084,-3.255429057076376
4085,38.28264662580408
4086,10.689571363536732
4087,4.109705204208866
4088,4.729128494037969
4089,83.15725110527639
4090,145.90333096674547
4091,4.109885218897972
4092,66.37160527974034
4093,7.98302080573766
4094,5.05763168689425
4095,6.795914447093616
4096,2.4357220784633746
4097,2.589045961920787
4098,2.705859700871998
4099,-47.96307142795834
4100,37.682709170070105
4101,6.85229500193034
4102,4.57588068706472
4103,65.41893057378323
4104,201.22025536631898
4105,5.548348564811913
4106,118.12939226574126
4107,98.25807336330098
4108,73.27319490267237
4109,241.15993370573008
4110,6.1822482349237635
4111,90.73220961869549
4112,70.21094624966769
4113,3.051512093172206
4114,5.428834277607915
4115,79.55589853404989
4116,160.6648247581957
4117,72.54172871767098
4118,258.48108549218244
4119,265.14745225528475
4120,210.94267944234497
4121,83.25352292504928
4122,-29.628593037174763
4123,2.2731402515593095
4124,106.40890552314653
4125,2.1840361406930597
4126,62.373910909614885
4127,5.995665703104915
4128,1.7713961371344296
4129,6.1499853037164645
4130,2.1207490588588938
4131,62.46327208322851
4132,6.16543202614113
4133,5.077613056419961
4134,117.04296054948432
4135,-12.056502117097498
4136,180.58283805181864
4137,355.90700949144724
4138,-16.995614707757856
4139,97.1004045071587
4140,55.02550069686376
4141,4.017646559900628
4142,111.20386999170756
4143,299.3744190934884
4144,71.52981034884206
4145,227.7601915783742
4146,64.68640193399033
4147,71.32292320813004
4148,280.07788366508913
4149,42.90838559607386
4150,35.38509263557107
4151,56.99694855186436
4152,147.7846777673164
4153,4.098561259278733
4154,364.07444008101953
4155,149.71829872482525
4156,3.1935378203523532
4157,-4.307362788775804
4158,4.165675733800695
4159,4.481580637244137
4160,163.1081299949878
4161,172.7734530130874
4162,6.059516458221881
4163,57.654719879629795
4164,145.0882287898942
4165,5.599118268897433
4166,41.69497993390436
4167,104.07094457416271
4168,34.116799629027085
4169,2.3025524116201015
4170,-16.474714088371737
4171,101.05197933885069
4172,4.56700638209174
4173,3.8915045627527762
4174,87.71407286390945
4175,131.756823027395
4176,1.9664456784528621
4177,3.794990274698021
4178,28.159415552852025
4179,134.14832941766238
4180,188.28299289003442
4181,50.027990810628054
4182,59.62459628540306
4183,38.137338924051555
4184,191.38749163219504
4185,296.6422880174606
4186,2.846448381597508
4187,76.71892724392693
4188,4.346582008332491
4189,4.265229146586769
4190,121.62074431508938
4191,2.1861874315988294
4192,39.22562975649099
4193,48.85173734010456
4194,5.991164134314082
4195,4.327233543809634
4196,138.52383985624786
4197,6.340968988324044
4198,3.118248292627185
4199,5.113632019849633
4200,295.0370144186767
4201,252.69421072141415
4202,201.67876388873955
4203,5.467836255790901
4204,78.15881180709685
4205,5.181600403741915
4206,7.704272631290538
4207,132.14994372532666
4208,139.09871998480656
4209,237.31329365776315
4210,-55.3277148187868
4211,2.6615600753418303
4212,5.502913559030078
4213,-2.4455188610939085
4214,7.53258849277213
4215,3.26609358318357
4216,1.7025536743181353
4217,2.9286504519536396
4218,5.936028224996459
4219,38.9574055709117
4220,81.34462554029582
4221,2.2869102579715292
4222,109.96905307200532
4223,2.7238294117231083
4224,6.701145919478267
4225,4.562361688370386
4226,273.86320160375
4227,2.5458839271833718
4228,223.67695399597991
4229,119.31313513194883
4230,3.0614306011904078
4231,1.664665903137687
4232,48.70539316582899
4233,3.2132485690135097
4234,-5.00268822570412
4235,82.02642760587725
4236,249.1016687568486
4237,172.66749967995014
4238,2.875804879254312
4239,54.636733637656604
4240,5.4341123933714215
4241,39.63630256321022
4242,234.92508550656999
4243,-70.24197898746256
4244,338.5933853242942
4245,4.968619120476415
4246,1.9736828016822692
4247,3.7919966130690406
4248,3.921459862853955
4249,-21.533981717308436
4250,0.3833704746247968
4251,299.72846853227077
4252,6.510243632294747
4253,6.200629576907318
4254,5.24314673076532
4255,-61.294711976628705
4256,-7.76462626110707
4257,92.76236871707364
4258,2.5204851609674646
4259,1.5873136059404889
4260,76.42885290273148
4261,2.3401851270087435
4262,288.8142239480136
4263,109.83345913159222
4264,2.660788762426922
4265,39.72862227260286
4266,4.228044049161639
4267,5.9927833441751455
4268,6.173547783341596
4269,166.75224638051395
4270,203.58445442576522
4271,174.1865773148931
4272,4.922474797470235
4273,8.091158743761216
4274,69.51975298988582
4275,6.824226130870264
4276,300.78251471735945
4277,230.74845469282798
4278,365.47368110104134
4279,324.0633284793786
4280,112.03310855935118
4281,62.16474002932742
4282,9.78274141553638
4283,6.541815631552481
4284,4.698071726294044
4285,117.30195477093497
4286,294.36591979026855
4287,1.7639733003242022
4288,156.86280912915578
4289,214.23339977500873
4290,158.7604918904529
4291,2.993203630750573
4292,5.145032416130398
4293,-3.7110128945942717
4294,-35.717107339288354
4295,0.7505150734732208
4296,5.538958438564394
4297,6.84052080910144
4298,5.833834266027155
4299,64.2939241300414
4300,44.11547131075592
4301,9.771171702691088
4302,144.70132566267642
4303,2.4857283529418988
4304,-34.45779427005905
4305,3.714936989401423
4306,281.155607145554
4307,2.8462302291547075
4308,31.160831643639998
4309,4.817098817000932
4310,2.9221729977950535
4311,-2.399677413322598
4312,267.3970304309579
4313,3.421452961098416
4314,2.765926073032263
4315,227.27004120626265
4316,1.1928851712085786
4317,178.16084180457491
4318,6.112016252102038
4319,43.53898477842529
4320,122.55041043314094
4321,4.697710767355659
4322,302.5973885721444
4323,100.46062511175329
4324,3.5003071152643344
4325,6.377452553647914
4326,3.837977854671058
4327,99.49896007862299
4328,138.8797810795395
4329,202.6120387143551
4330,48.68493854162113
4331,3.015927840996209
4332,2.2340341371537216
4333,243.2342872483527
4334,3.746328659892418
4335,3.350944458020666
4336,2.141750017553927
4337,6.003022927351244
4338,1.133146133277191
4339,5.280706288558276
4340,-33.81681957661924
4341,67.76019678079133
4342,201.35993781201995
4343,173.90305007493
4344,141.42893463513568
4345,5.904240077493125
4346,4.849990884959685
4347,238.08629752684644
4348,5.609996004283467
4349,136.9785052496835
4350,-12.525056522918236
4351,103.77937291268049
4352,181.9731216630612
4353,5.067688834041195
4354,108.89281400321671
4355,143.93013257010367
4356,1.839519503181423
4357,5.299836832361005
4358,308.05277483704333
4359,217.46620256861746
4360,3.251494781800035
4361,25.32404023859146
4362,0.23165322472098865
4363,3.8400600575351214
4364,5.101251715517836
4365,1.6325647000453953
4366,3.2489681535280006
4367,233.9571079696902
4368,-32.96940215072485
4369,68.79353778605774
4370,6.333478091059728
4371,196.66846238966997
4372,85.34170234686819
4373,323.1541528570903
4374,6.499466595619361
4375,232.54530820905634
4376,277.8868205563944
4377,5.322376935155449
4378,5.703529295780541
4379,169.6580552781663
4380,3.1167251596821486
4381,2.2080995243400077
4382,6.560359925255811
4383,39.457862659612005
4384,5.3801412806717055
4385,212.61484521815044
4386,1.7230137365642657
4387,309.19752283336953
4388,75.01814988464146
4389,6.681758983741051
4390,4.040729916066437
4391,3.87501502833401
4392,2.5982727565468102
4393,121.00490063667166
4394,104.72346790015679
4395,3.091854873971651
4396,1.9412833151192888
4397,2.5197470088760165
4398,6.3900317540571505
4399,2.5959390039650945
4400,234.70184860527246
4401,6.908286741024333
4402,240.5233549505515
4403,279.04791629791583
4404,246.6716619737143
4405,329.15993356618117
4406,25.390978852611685
4407,80.53546383665487
4408,6.440840039008899
4409,107.01101953916468
4410,-85.91846529362525
4411,2.5613386841057375
4412,277.0042952412734
4413,217.2915609059715
4414,3.777891017932718
4415,202.42231671509091
4416,58.188742663436756
4417,2.7895948728155027
4418,226.93370402349996
4419,268.4603404913538
4420,337.52980784477563
4421,351.84795761034445
4422,4.443556838523607
4423,2.7031197808616945
4424,45.52810064138269
4425,175.60888859674444
4426,5.413238322225001
4427,211.83954272763762
4428,6.144728108065359
4429,4.988436182992856
4430,5.2512403439317215
4431,184.13905063103783
4432,3.735879752100332
4433,3.7929460415656875
4434,112.32917959278919
4435,5.725273146213497
4436,6.217582293125207
4437,28.288618393405123
4438,85.19346657085013
4439,7.453260799452333
4440,263.6279468133069
4441,1.9436236821002861
4442,221.34021494828866
4443,6.442227539829025
4444,267.44440048799345
4445,3.8548026028852203
4446,3.652711547459137
4447,104.26629892803729
4448,4.965288481487058
4449,-17.197751468056225
4450,104.04641638768766
4451,107.4838232525914
4452,280.05574949856657
4453,253.90790646499423
4454,5.03964578131436
4455,5.294287085748637
4456,205.7276616266167
4457,4.2093427110646084
4458,6.954504475375224
4459,78.86882859940812
4460,0.5736075523087281
4461,104.29243097506647
4462,165.72334655993686
4463,37.30893585891103
4464,4.059593331815478
4465,111.62338621150926
4466,4.616430370558086
4467,8.227484341507804
4468,1.791583425045116
4469,2.143065162007154
4470,4.851498464698428
4471,2.45558954358551
4472,227.23580553933024
4473,3.9676912558589685
4474,236.70725197332413
4475,4.217491567280304
4476,88.91002368005714
4477,5.899408266622653
4478,4.150506283250839
4479,121.26855655507799
4480,279.9808338989989
4481,3.875873397606376
4482,221.31462989796927
4483,62.36715267837577
4484,321.20676021595807
4485,218.6546406068726
4486,2.5524132103284787
4487,92.08400553333531
4488,55.08639982728276
4489,-29.618658484422987
4490,100.5511735359645
4491,5.577084119456574
4492,279.8340853634096
4493,307.3893395562062
4494,42.288814093207094
4495,2.528976385418983
4496,99.654094879943
4497,6.770622056405243
4498,205.2426244159755
4499,301.4295734106294
4500,153.2412254091347
4501,5.935751312411295
4502,5.990107562883903
4503,176.44603663759597
4504,24.772201529652175
4505,63.35905161921385
4506,2.19892460701931
4507,-11.915760157892883
4508,174.0245688162915
4509,45.69486725592443
4510,2.190755396151115
4511,252.33387751502397
4512,57.372822698104436
4513,98.10413644395334
4514,3.027333442913374
4515,2.9794229432668944
4516,3.5058196575391394
4517,4.806809189322982
4518,25.408380971130814
4519,110.34640703251969
4520,58.360782533945795
4521,2.738694043911041
4522,84.60294089547216
4523,6.77774626880019
4524,227.03838250015897
4525,17.192278948000112
4526,2.1870327810742363
4527,116.20667211419372
4528,144.92852045204646
4529,124.41907679943843
4530,202.3875353636525
4531,3.9546129472027998
4532,4.493886510930548
4533,4.484765361950036
4534,60.940218284172005
4535,6.165751935677063
4536,2.1371242728026245
4537,1.8685633259515557
4538,6.258049249982703
4539,297.6254402461266
4540,158.08783523791146
4541,3.548963243682779
4542,2.7496840547911123
4543,209.3955051593895
4544,31.49245454766637
4545,5.275583918150037
4546,12.267555316832564
4547,5.813374434710592
4548,176.22704920794234
4549,4.574806852377372
4550,243.14963717945665
4551,24.66432649842061
4552,101.6328913604912
4553,115.19159894158602
4554,4.867657531224946
4555,192.37542926083495
4556,287.54556146159723
4557,4.920876118994273
4558,4.417772130392978
4559,59.60149149482618
4560,7.25316218606022
4561,5.290859533761898
4562,184.02707024384083
4563,46.9140600181361
4564,232.8781155789775
4565,55.50281726848372
4566,214.82113076760777
4567,257.2423515850805
4568,129.891888391139
4569,4.903571381660495
4570,222.63070963984444
4571,246.21214563565343
4572,5.430143484754638
4573,3.007727579012236
4574,1.5029144590556198
4575,5.702493421815237
4576,146.85813693534752
4577,228.64681765370187
4578,78.66897948199848
4579,31.827208194027175
4580,0.717177646888585
4581,347.4491445183537
4582,51.90019267539923
4583,1.1011714568079447
4584,297.8606217529176
4585,40.51161288299843
4586,6.226026054023796
4587,3.6727782997879705
4588,1.7875252596602151
4589,4.159930520088094
4590,3.41630950363423
4591,68.77565079428295
4592,5.063860623117732
4593,110.52549472411303
4594,-19.219528927349387
4595,2.573304018078464
4596,63.65959851309271
4597,142.04338144430452
4598,4.4640092718506965
4599,-46.91001639824699
4600,85.45539875234488
4601,7.177301632959647
4602,5.453248621090267
4603,5.502503945177045
4604,67.6565597396858
4605,1.7467545864793979
4606,125.19708406390853
4607,33.38493738999913
4608,4.407571089478027
4609,216.70791873506363
4610,102.76707197419621
4611,113.40023433402763
4612,3.1190394624007567
4613,-60.639559626649486
4614,65.86895863862324
4615,-36.880028906955914
4616,3.6365566665859035
4617,4.935614679229723
4618,3.973231354026876
4619,6.1291330999933225
4620,6.7405082376553915
4621,97.53906904624235
4622,3.9632809699465192
4623,6.273447621942793
4624,0.965299016547106
4625,92.26967685763312
4626,42.66419203822391
4627,5.270046387046713
4628,5.8893299582787755
4629,60.59710344924629
4630,5.740694900446127
4631,33.10731757480852
4632,6.6610568032976305
4633,228.24321212103325
4634,5.72027570854917
4635,5.719908788582574
4636,77.41731867391124
4637,7.135701399520266
4638,406.7496865050131
4639,277.79941097676857
4640,2.142976667181697
4641,188.3875577793385
4642,160.76111712395414
4643,55.339612139030734
4644,38.288251648072105
4645,5.914482230442326
4646,42.15343958608343
4647,41.944174388837354
4648,151.98658047820675
4649,112.688004864852
4650,138.5129353909937
4651,66.88476281926154
4652,4.8738226893942596
4653,249.374981370976
4654,3.56183161197573
4655,5.648330908474641
4656,3.320608918720627
4657,3.1033507539131056
4658,6.6730353919670575
4659,52.80763021432816
4660,1.7838953993797908
4661,2.824575178889863
4662,3.968161552144832
4663,119.39604976831156
4664,5.925728342495925
4665,175.32021117975452
4666,253.3003625491945
4667,1.9120854717953237
4668,106.23058909292067
4669,286.30200744431136
4670,43.88747732143336
4671,2.012986470738526
4672,0.9989187773491224
4673,73.9981861151496
4674,300.93525333593993
4675,1.7529918525253387
4676,122.90995086573095
4677,54.091087306697965
4678,5.52833934128106
4679,96.8411802503562
4680,4.561965243441127
4681,1.6945335854534915
4682,210.04702210260038
4683,157.44500994208929
4684,118.46659248759202
4685,267.7223572837109
4686,3.5508271066128896
4687,218.88081449444465
4688,325.36904753951995
4689,111.94251998886831
4690,6.184206341249233
4691,6.803504034035553
4692,4.602984733957737
4693,85.85295862631374
4694,4.5542453618520655
4695,380.86403939652206
4696,4.808757332944393
4697,2.614361011030533
4698,4.600734292679524
4699,3.48403776630166
4700,99.00271240296996
4701,5.775693335016055
4702,1.9555013088411954
4703,3.5348533989177566
4704,4.821484987608485
4705,287.0075913957581
4706,3.354526647620487
4707,4.891180442453889
4708,3.00845203604189
4709,78.24231212014772
4710,164.22893526733702
4711,6.378910627782437
4712,249.23208760764686
4713,3.965113528755167
4714,5.571022951106376
4715,79.24899691156813
4716,28.88476122784397
4717,7.0760224573746955
4718,6.02043199712055
4719,187.1098763435869
4720,146.0228216002605
4721,6.111002274836452
4722,3.7542687325360498
4723,6.537350254332183
4724,60.621016583923925
4725,177.87089880050127
4726,3.57238057615772
4727,300.7003848103829
4728,241.19384036513264
4729,3.983639146491517
4730,170.91930096196637
4731,115.89526437803246
4732,-11.778923235336169
4733,5.60473748552036
4734,6.372487113725235
4735,5.452342646088571
4736,3.1320283355841503
4737,45.415583797361506
4738,-28.342146305463984
4739,148.89355964790144
4740,279.2157663657969
4741,4.883970964142337
4742,73.52124948663126
4743,5.803105783745296
4744,263.3923531699883
4745,61.84033208953583
4746,3.8714707325258955
4747,3.004590663073168
4748,3.0679678632561607
4749,5.78716184345062
4750,5.844653757651795
4751,3.9730478561308713
4752,103.95226670855531
4753,148.9611637904641
4754,150.82825878641358
4755,4.257059913084958
4756,1.96371584886496
4757,3.3265096430309185
4758,75.40867799976043
4759,93.27183797758346
4760,4.780309585543222
4761,3.188200086632364
4762,170.4979734145734
4763,213.2130691636602
4764,2.4735426565797223
4765,320.7203685337096
4766,30.98190001371407
4767,56.401457062423525
4768,30.531716379775816
4769,-19.768193513146596
4770,30.775809538014606
4771,36.209574599522085
4772,4.1229407497577135
4773,4.12173442145202
4774,143.35767282911257
4775,2.1600118193451467
4776,2.793030243609792
4777,156.01865571105418
4778,5.286683331605778
4779,26.701205247226905
4780,2.3833923140840385
4781,46.15738495341041
4782,4.519507103707237
4783,3.9531530115723337
4784,2.8006455678195996
4785,47.02768780552255
4786,75.94615029199531
4787,5.697323383089651
4788,3.8330095642677833
4789,3.3817261597337644
4790,117.60233143947303
4791,165.695523083336
4792,4.53432821974422
4793,163.8411866102292
4794,59.6040591465458
4795,219.1775154760478
4796,3.257374294162559
4797,155.63334666255895
4798,5.8993622027048565
4799,4.1179518443442396
4800,362.35604085118683
4801,3.5919563077680845
4802,4.968718350561947
4803,258.3648874472803
4804,1.828410087266949
4805,252.04607811069644
4806,4.6359148873089175
4807,3.097774800224344
4808,50.77319917954157
4809,84.9960144622463
4810,1.6518409272454584
4811,2.0283106634712524
4812,5.029400236873252
4813,273.75527400831965
4814,242.81396476146216
4815,2.738436161549343
4816,2.538183157457561
4817,5.9833079568161205
4818,1.6969456813531207
4819,99.64218176581115
4820,2.2695927287732545
4821,187.38522811528009
4822,124.07798711487811
4823,4.831402465826242
4824,3.2802712258945257
4825,253.9533049373579
4826,4.778597059561741
4827,6.071624114924831
4828,217.6659587991745
4829,131.9886534692901
4830,80.87553277147411
4831,167.8840310608857
4832,6.993246444708344
4833,3.842605752150558
4834,124.37329027144177
4835,3.624192427114317
4836,6.601593869909863
4837,204.66462397798418
4838,18.21096836444006
4839,304.59400372692244
4840,3.4481090344016025
4841,129.44991713310498
4842,14.616937358393036
4843,2.3494383169173747
4844,4.170214265876639
4845,4.73411967463857
4846,7.1683816030102125
4847,3.7775220830411773
4848,2.274258616111258
4849,5.142788496699701
4850,6.756082249191051
4851,5.520497162437534
4852,106.02541988755908
4853,298.4341704517971
4854,2.6321637769868045
4855,3.4508692276815793
4856,185.4590166663417
4857,243.146983220871
4858,256.2508250310251
4859,137.131539363376
4860,216.59772063038542
4861,1.640048736430688
4862,125.98846870900083
4863,7.2606418542252245
4864,5.877365555382652
4865,1.8773470015892628
4866,0.9331320679432006
4867,3.3180526690863075
4868,56.60027415591981
4869,0.9791686923497047
4870,119.53498859487543
4871,6.589949419633154
4872,2.3603085403261077
4873,306.34542063070035
4874,-0.40745406268978834
4875,3.500278972508807
4876,224.5554404659617
4877,6.353481566046115
4878,90.17175902522081
4879,79.86479139815319
4880,5.732255200888263
4881,6.082765996041479
4882,62.56861563146811
4883,1.7966384218590854
4884,137.93878648430623
4885,-58.244962738044386
4886,255.4334065122364
4887,4.555718545518758
4888,298.55249836630384
4889,39.27479699676285
4890,224.83905753463208
4891,126.92495763631469
4892,1.6388559217865502
4893,5.734354091093888
4894,89.14624009118815
4895,6.685057864360145
4896,5.80774820179691
4897,6.448859110467996
4898,-6.848503722928132
4899,222.8441834624408
4900,3.1483265406993257
4901,264.3977883056169
4902,4.234441762587719
4903,126.93530964197251
4904,386.89741185749455
4905,95.17713547820638
4906,147.39702752479
4907,186.35457625988928
4908,3.9282507007877414
4909,171.2370430865841
4910,154.23555445701194
4911,87.88939621724293
4912,5.485187291182102
4913,229.91881396769966
4914,199.22802749408336
4915,3.4621492468082504
4916,4.81878059347404
4917,6.218010364689222
4918,2.7722518599929473
4919,72.57448283915951
4920,2.0237246999234917
4921,-13.273030651974464
4922,193.2023632346938
4923,229.0599921508571
4924,5.892154042110643
4925,2.507877715522238
4926,1.4259405541327264
4927,5.763966279909398
4928,3.3081220543517595
4929,77.9218115077987
4930,101.0451455545397
4931,-39.92043608928949
4932,5.610878166649986
4933,258.74855303444707
4934,-48.628066366422885
4935,48.79473078038511
4936,259.30277393532907
4937,32.26505484108241
4938,83.33448487631846
4939,44.61212454704337
4940,3.8365944261909335
