id,target
1,4.292542750202588
2,2.6124685601498943
3,329.04059335382436
4,0.31472612530913907
5,4.508556835763628
6,6.700335058910093
7,5.246050433329489
8,92.21157692630318
9,85.3897802301315
10,78.84080023060963
11,33.35396252308067
12,-20.13573047249923
13,273.47684898966276
14,197.90190759318395
15,3.546935018972962
16,274.9379244650763
17,2.594685584693608
18,95.10659626125907
19,3.5920998815631924
20,6.550122677149036
21,-64.33101823878005
22,61.37746483116774
23,3.3564720506259405
24,2.6475518008095587
25,27.39644203849476
26,86.45541508810017
27,1.2537473175300018
28,153.70891392805243
29,43.06303196602623
30,3.8472072701694766
31,5.89970324238392
32,34.44764094052493
33,46.34812264925336
34,4.249257057354095
35,2.568314773639596
36,6.581575607905772
37,266.99140278566745
38,238.8653769123353
39,61.21246539948648
40,109.76919826130957
41,-45.50280492780592
42,2.6527883843326197
43,5.952825728287178
44,4.587312880118436
45,123.56171763555457
46,48.45933756707367
47,2.860544231077595
48,-86.66078675456527
49,3.9858633159300263
50,1.7713043900609025
51,263.91864292375357
52,3.1112410693740253
53,2.739756118925983
54,57.15968393234354
55,2.9046522513347663
56,4.070219179567263
57,5.564315572212449
58,148.95690388724998
59,245.502110968335
60,6.796164919947343
61,2.313515105414693
62,248.7024884089841
63,6.714964151977302
64,3.102972278164105
65,2.6223975135455317
66,4.5802151774442725
67,4.823413718584264
68,206.88970000450834
69,145.64462241413148
70,2.0451689102892794
71,2.3894870726145747
72,2.1008452831891407
73,26.745699947304523
74,250.79513978036093
75,193.40021183063598
76,6.233318769049447
77,5.8456912949348805
78,139.04818452344492
79,258.64270122129426
80,3.798766105486752
81,41.696668694371276
82,4.227537783977766
83,163.66890311619616
84,27.974372764607992
85,20.72950091266429
86,2.4246381492581577
87,62.77021950468932
88,227.32862800236865
89,6.037960479100456
90,5.464212427312007
91,46.15173642170252
92,49.76314277663942
93,33.39820233965489
94,5.273454968822219
95,3.8416551961784537
96,3.208584411510866
97,7.502448330199409
98,207.24865296256124
99,82.738926759281
100,276.30092235522324
101,4.926112231507712
102,251.08769221779684
103,3.335669061657232
104,6.844709397209887
105,145.7969947632177
106,61.88740123105548
107,277.32720429071327
108,2.3135427231761003
109,185.8309735148762
110,3.3180601403398935
111,58.816860516393824
112,2.164452597164576
113,201.85229175409677
114,6.573839764499068
115,5.4703712070728585
116,390.8185854753127
117,202.26123524535532
118,184.02136481326116
119,230.96963665112574
120,312.5753920253441
121,135.0229741273729
122,3.797614902822584
123,120.92500677136057
124,264.6091705047073
125,153.84612127479184
126,6.314779730003934
127,137.64061876402118
128,3.1520005864179175
129,196.0205347359785
130,84.91548204834157
131,68.7357104455726
132,37.96541408734049
133,-57.556809275916194
134,292.53570409484274
135,6.119800105754159
136,2.041755895134527
137,127.53000320772297
138,5.829711793432075
139,178.3940483779655
140,297.3339570346584
141,59.15508349061072
142,4.712771095904158
143,41.84546813448974
144,22.38358102798059
145,6.511574364638754
146,159.5425233858522
147,220.07439399272084
148,2.2039910066776534
149,225.22868063089444
150,58.358433182420555
151,278.11812520312185
152,258.75244879307996
153,186.49081543101633
154,25.184066744601083
155,4.32621774775354
156,207.82872351373072
157,120.9895569470253
158,129.48900654872782
159,141.61112700047104
160,6.532504724845801
161,37.963236315349235
162,4.577148016846435
163,282.517371170517
164,3.221632666832559
165,66.25604788387962
166,210.42052709683773
167,302.9866181466808
168,7.272027937352233
169,1.883380071251723
170,233.4811758159832
171,3.042047423216541
172,4.264079875944996
173,-42.35918664451229
174,3.998684126021945
175,5.577962315074129
176,146.04593260008085
177,78.20330381229621
178,359.1571668773297
179,127.7597203675655
180,228.91340070645757
181,6.7511887568669176
182,2.512547971480043
183,279.73466815220115
184,7.324638457947762
185,1.6278771935477667
186,3.887827751105648
187,3.0540519153284595
188,4.139072556934155
189,67.67991004438367
190,4.377865803599101
191,2.261414775703066
192,29.31893509926626
193,3.00651582208413
194,321.0786069890018
195,95.85070846360496
196,278.8507869131591
197,125.95975121032868
198,228.26355026381896
199,59.34798723333919
200,2.5830513115296196
201,3.415151264166944
202,86.63441685444374
203,69.40959592835813
204,4.162489612503835
205,273.94417338619985
206,84.70287196575796
207,214.5827213234956
208,160.78244345624995
209,70.8279559070347
210,160.79943993383367
211,37.128931406403524
212,112.3152179581312
213,247.8438803695619
214,69.89977143026505
215,26.865276335750032
216,136.25327613632766
217,89.65078195309692
218,152.50732285553227
219,219.6313746188343
220,5.574794911711867
221,198.14500484532954
222,157.0753805479404
223,2.7933514034272307
224,174.10235715361813
225,262.82071486125835
226,190.57176924844543
227,58.180116300591095
228,264.1887049348952
229,262.2445020892295
230,0.9523767665863933
231,217.71787317841478
232,39.34123686249104
233,62.15697444786929
234,256.828118731406
235,113.18720462530644
236,2.0860666789807123
237,6.070284530465594
238,48.24604224200115
239,6.209910798798184
240,193.04413399385095
241,318.8284550561916
242,218.94154049471805
243,3.8813279129279623
244,3.7168309030714934
245,52.66627252616784
246,115.00569235925701
247,128.8085166320848
248,5.833212644651974
249,6.103995900158806
250,65.78786054791614
251,57.081430589542904
252,211.23794630464985
253,8.086684028667829
254,173.15872459147127
255,-41.80321948415402
256,5.711904708325165
257,2.066392778594138
258,75.80223576213442
259,286.8448277132783
260,2.232983466994845
261,5.7200281888223845
262,6.355973385696725
263,-12.630797752197761
264,3.6675623021681587
265,3.4791572458030204
266,1.988033157885733
267,2.6355717773546226
268,1.4594514363527
269,213.25022544552624
270,3.342272719490099
271,167.2394543063412
272,124.4377476348248
273,4.637384820426621
274,5.356304706682068
275,336.45741863841147
276,189.14117253206678
277,227.93297990786436
278,-72.81486688625382
279,3.8212490947841498
280,183.48510979771547
281,4.884540366455227
282,194.87018670308132
283,189.72580873076564
284,132.8161945802649
285,237.21742385607678
286,131.74701779392632
287,230.59953976745126
288,6.232721765864317
289,127.90814508927868
290,4.7799721501041095
291,107.48172219546643
292,3.446352353477834
293,90.16837472060608
294,111.90314072926512
295,4.622115104037947
296,119.483241254304
297,38.09251456590477
298,-58.04754361947228
299,208.4922908309058
300,5.904420911087535
301,4.13192527245265
302,4.931132384790622
303,4.538051434443345
304,4.130887703207764
305,4.745399683658446
306,246.6708080832085
307,2.7431099745655425
308,3.0766276768326017
309,129.32977942183558
310,2.32809135939858
311,2.4310709665326833
312,3.547207376805226
313,138.05467196337872
314,4.112598019394083
315,0.8147499083243124
316,3.84120759674064
317,4.190437543713469
318,3.815439641278097
319,62.20202438718688
320,1.8157938175025523
321,6.226899717722925
322,2.784746236582049
323,1.8796216124334149
324,2.78789781058303
325,3.2865905594200653
326,4.8950220406193194
327,38.53933516070887
328,4.580415038801309
329,100.18028625483285
330,53.979354176914875
331,5.5677616349857235
332,5.584897640551107
333,3.4143899471861086
334,6.820724345809244
335,141.21460605710513
336,3.8436847207566545
337,2.345082847507753
338,132.10052987088093
339,23.977748961521467
340,274.2333512348159
341,105.52107149362028
342,74.357254398621
343,3.591817529054602
344,2.627181182214236
345,124.1061912733031
346,2.9550607150386345
347,5.568236522850982
348,25.905169054064636
349,-60.28701781789427
350,113.04008266398934
351,249.1162032716451
352,25.891698727133633
353,1.3431718675743682
354,5.965088428200291
355,273.5480959677913
356,222.15492018230032
357,3.119712874741066
358,19.55474934005524
359,4.501010774002866
360,132.169353679852
361,4.408426035749032
362,6.026385482784394
363,18.045031803528857
364,4.467922132780302
365,5.220702751249408
366,77.16389682129862
367,4.459065928359908
368,255.72363464995738
369,5.101772236542002
370,-2.7787062072549236
371,261.84346770000445
372,37.88265125248835
373,167.09217173695785
374,10.461568646761517
375,150.1174866277637
376,2.9862593349456863
377,2.63997015725132
378,3.633114855694066
379,3.6712721751607296
380,0.9425834580473494
381,6.018328426123325
382,5.893023119566502
383,179.7523791691121
384,1.7532879408934394
385,4.127369248146969
386,285.9087633452642
387,2.91303048389463
388,4.000901451704877
389,51.7632974164437
390,5.551672720378655
391,170.90431755993916
392,6.571945189642504
393,3.9482799074566834
394,321.3168243709308
395,180.4973277156297
396,2.8923278023555197
397,1.756892816204272
398,6.260988858001463
399,213.11317145512086
400,248.72412115240078
401,1.6570524712393253
402,6.341158935672071
403,5.813909276339466
404,5.806133552222987
405,8.925621512311295
406,7.34370171668176
407,-82.73182630983925
408,3.8040178323932294
409,2.8080331485554613
410,3.5009243954820324
411,2.4873791261887965
412,-2.9494785122142866
413,318.56043370730737
414,5.760380441877676
415,51.5242213994808
416,3.4110188200301774
417,6.776608036239154
418,5.4171811533033996
419,5.6580078905954085
420,4.428455447255542
421,149.17007808577446
422,200.64074821041044
423,178.75889854054066
424,138.34604101502393
425,5.812153095944335
426,244.55250153728758
427,3.521886229709976
428,188.04526549898645
429,3.0580769442978224
430,4.348036863738828
431,249.52548789593519
432,150.91456680574709
433,23.762131131205475
434,6.006467602195196
435,56.520968743631606
436,232.4209034695285
437,231.5873107195246
438,183.2463886322494
439,5.972180877496782
440,269.10673268717807
441,211.85645583972152
442,135.42840151843362
443,325.0365387636028
444,5.794770912828031
445,6.230920694203577
446,65.18221323570341
447,1.4152081687506954
448,6.241609244061423
449,292.64129067795926
450,259.7984353549139
451,162.64020420624723
452,238.02467606092065
453,1.9075596720006867
454,3.605416928670885
455,142.69923148267154
456,3.19497307400744
457,4.915557752658995
458,254.22558475414087
459,73.14777055272435
460,24.175714750528353
461,119.39558587721788
462,6.2278318639850605
463,184.4038876036036
464,5.049829284746439
465,127.06295749968733
466,68.90295535676705
467,2.0145332863713126
468,5.142731613508473
469,37.994032522129956
470,56.3492130435766
471,1.8024454285385452
472,1.874852974709488
473,42.6124476240147
474,5.962899278145951
475,94.81511191569263
476,6.7539805444991625
477,2.1599821184625108
478,4.612535346798375
479,214.74159595106735
480,4.153880532086414
481,6.298069644479825
482,230.9202712449063
483,1.7212612371150398
484,208.0822673099871
485,106.95920366982949
486,4.682192247827001
487,2.670977141171142
488,219.24098732524868
489,2.5847530549408724
490,4.838793609560097
491,6.586451935897192
492,3.7079902066815986
493,3.9952898928499123
494,223.89613605804357
495,5.86570037330358
496,115.80965524634261
497,6.336072225558446
498,6.129211359577406
499,5.428033666941901
500,11.391059463780422
501,3.0529181030009074
502,325.0764312442626
503,107.91426449380862
504,3.20735333479848
505,1.7743339777125147
506,6.44130302501426
507,335.12428569272555
508,62.5239114263835
509,276.8661773568743
510,4.013994695262545
511,155.51547440686141
512,208.54252521141007
513,221.80336144485221
514,355.8247956920412
515,299.7540172757843
516,230.26230754800932
517,282.74020709264965
518,7.331743419794022
519,45.957226632879255
520,294.03707150996
521,1.6461837497540632
522,3.9041929564407254
523,234.43075189407065
524,4.033054939429235
525,165.76002908993414
526,5.3703191701160256
527,4.556084041794911
528,3.4371454559675727
529,6.423667092456658
530,260.45719971727124
531,110.51723931982724
532,3.7797083638696676
533,130.4328576334316
534,4.256168632718038
535,6.994407777410166
536,5.934293847256635
537,1.6882635234413177
538,5.020382630367237
539,270.51572890088244
540,248.49018713534295
541,245.57397452499
542,67.13184289343262
543,96.12079344067065
544,5.658744428639183
545,3.961551943915697
546,3.485246853276881
547,2.079499231955113
548,336.435578883281
549,5.816601483121632
550,258.8521455627616
551,5.881931620892925
552,121.12492755999102
553,3.84675531596363
554,73.38403999838873
555,134.03869568127297
556,248.9226260946309
557,206.25048819986327
558,4.69884287620123
559,5.368352505856814
560,167.5864991536903
561,102.32819035227703
562,154.34763677642715
563,3.3035484785613205
564,45.84859669893298
565,162.64271175668787
566,2.9304727604242347
567,60.56834598392433
568,113.18872952490001
569,324.1110412782805
570,3.576295942242275
571,215.58429922077494
572,3.166500608230583
573,87.30336902225478
574,113.31756059586857
575,7.684729116987971
576,1.9029901337576005
577,3.1614001147852804
578,161.28329084233192
579,-3.726578233523893
580,287.33439968182216
581,59.019797921252106
582,69.93249176160782
583,5.430698852245224
584,2.901960595152293
585,155.12474161578487
586,4.762295471838398
587,219.55034262740804
588,2.910042555997438
589,196.23589143474973
590,234.72049506386062
591,138.3768132275664
592,7.080936903901705
593,232.88758247898204
594,274.51187350314893
595,44.02783714947364
596,5.425432008022857
597,152.02193549441677
598,3.1060872935728643
599,60.47292349188265
600,189.40509852134463
601,156.66802955682266
602,45.564269909938005
603,2.152934130993459
604,228.69669482651275
605,2.6782155705240793
606,2.465263601628606
607,6.81292044673657
608,43.243444911562605
609,286.1019255533754
610,40.254800492701925
611,66.84187665343092
612,5.00269086897695
613,8.394063746331875
614,43.10095364235451
615,1.886183608988088
616,179.64613207728365
617,-57.28009195272561
618,235.69505447319813
619,4.748154407452217
620,5.135217615575465
621,175.27462173151116
622,97.48340267668523
623,178.74948613914728
624,207.80043370406577
625,2.504942479187201
626,1.8309537092425145
627,76.05237553221247
628,4.366410175975186
629,232.98989151224885
630,4.485169868856794
631,2.1881637120441457
632,178.00226015180954
633,121.7892664069005
634,240.22535630659678
635,2.750700726494308
636,99.90864567037666
637,102.92002525777431
638,6.607789978677732
639,13.728091814958566
640,116.34950869588674
641,6.660527958191005
642,2.885168497206614
643,295.60915165254914
644,3.2191467387812662
645,111.0624150470514
646,56.91538482149711
647,179.82740190218092
648,250.40439328534413
649,381.99086452826987
650,304.07608546005207
651,144.28613060937718
652,48.956953542603344
653,2.938650242749169
654,175.46551125819556
655,-6.898849614249529
656,182.9649789143871
657,167.53767393265096
658,289.5249046826675
659,1.87063842262895
660,137.24531885640215
661,3.944125499542094
662,131.05617006256136
663,3.5047140315619187
664,-44.45214886377001
665,84.8970394067982
666,144.41673582408112
667,245.36258290737496
668,329.9824629857062
669,111.91491101792157
670,202.85476722094398
671,110.94427536565121
672,98.16624052773119
673,4.1760194003272195
674,5.782781005647142
675,5.655502703554934
676,6.035147279947792
677,34.13973609177628
678,191.84007968910106
679,4.796873082374971
680,3.258771431325402
681,1.9283521365279381
682,76.21998057472378
683,5.945539742086281
684,167.53505852330665
685,219.007356930262
686,5.878978306631372
687,385.5119719381689
688,91.77002891718043
689,100.01002758405906
690,327.5490527978715
691,3.5693444401832006
692,63.779786022866645
693,4.93832567142885
694,6.858052197748154
695,-9.84043948223197
696,305.77531019888943
697,1.143684773090372
698,219.57653607874175
699,1.7099515080453567
700,247.68650657736654
701,3.534709384080989
702,4.17398971805796
703,59.33038986311091
704,84.29753015767734
705,184.8686212614129
706,221.1116417740204
707,146.95385286553892
708,64.25185942609008
709,91.53615380087129
710,199.44792256201453
711,233.20833122183697
712,6.311407916604431
713,-4.794166797164157
714,6.932884256430709
715,261.25966301819886
716,2.9549426182590413
717,93.08320415580452
718,374.88071659936566
719,211.5968238175783
720,4.2051082463853175
721,159.60365937351833
722,2.064145621396066
723,6.375398971692767
724,1.7545882307728633
725,2.637036800896702
726,110.72118896323265
727,239.08180797161106
728,56.40192316022957
729,57.51395952006534
730,90.80819053820639
731,271.80599801930566
732,4.4899424797777066
733,6.6116947621345155
734,13.11639874945331
735,249.59754047867926
736,51.910924286310795
737,40.53476223490207
738,117.4239160369526
739,287.15429269803167
740,115.08866992962844
741,19.98785549383743
742,274.67924217270803
743,135.29870895502035
744,1.625550618805199
745,283.6615989346903
746,180.49442261910636
747,4.113571267417723
748,61.18799578253171
749,101.16557382517587
750,194.1857146939512
751,55.78843491885589
752,245.63652237565262
753,2.015437544811311
754,240.06840355325963
755,6.4352578268920135
756,5.9168426540631796
757,242.68617401688462
758,1.6639607728320989
759,86.5906815897209
760,4.875020863695749
761,215.53193042305142
762,5.176296321544264
763,2.095166600144857
764,74.50842015460985
765,4.375162080321889
766,56.67076585017955
767,1.3949462583708394
768,4.997679393621091
769,5.836273276081159
770,1.9737420517099467
771,257.69188821441753
772,67.3981188694993
773,131.11044022320155
774,-26.628285656577496
775,39.907584626913945
776,4.192965827477599
777,212.87479045477707
778,-7.564171579626192
779,184.87567570797808
780,59.76815958071444
781,289.98292819547015
782,3.357955831354522
783,49.10950846651957
784,2.888843176848118
785,34.37515591038609
786,141.91541649277065
787,5.567872013642401
788,1.9219732667144933
789,174.25001070940286
790,83.57634275795382
791,-14.749768999961494
792,122.67210980175847
793,-72.79818561621677
794,347.4413680523615
795,-57.21780996689497
796,129.83943788187156
797,3.804064207359301
798,59.98242633446329
799,3.4564458490887584
800,5.89469495313804
801,214.48323565414958
802,84.80108160115496
803,160.54394359775344
804,6.479027083016888
805,1.7842043017840787
806,169.0201791733573
807,2.6727187591589225
808,73.71943513594326
809,1.6001964390003158
810,52.01384519969285
811,227.06836253449018
812,91.73186954391272
813,278.34798758671764
814,5.8798878004020985
815,4.673069329092276
816,7.23347229571549
817,3.3402197092892676
818,9.734527562041093
819,5.368957124342933
820,73.63784811768448
821,5.51933448643353
822,2.077400035049839
823,29.744506039126257
824,90.0461721471195
825,7.538040561784405
826,70.0727377402807
827,4.35957325791552
828,5.662505183898778
829,56.01622153558954
830,191.7210123841508
831,102.40187902851571
832,6.11154205203555
833,243.0566749171931
834,192.29504600151066
835,150.59486512972035
836,2.3410250551283505
837,50.34255558808076
838,157.6286844737057
839,6.077642642990949
840,170.45874278571233
841,151.81594050470727
842,73.14429309209599
843,2.2824418975527587
844,3.3774222958002995
845,5.56893345913768
846,6.118632599078748
847,5.537370164358131
848,157.25385416299184
849,6.394598510861102
850,86.12069583734694
851,27.17679215073328
852,38.87545128089952
853,93.74771440879468
854,5.5677616349857235
855,7.052211647901369
856,249.33488771541923
857,103.49047534603343
858,54.856157071247424
859,229.99024136348714
860,2.074427003669483
861,3.751504947769829
862,2.7987658439451795
863,92.8276598966254
864,254.6994956117151
865,274.171359916214
866,229.82371198103968
867,5.557063399069469
868,112.53466862928501
869,144.63853526332832
870,135.07462179227971
871,147.17461300461412
872,135.4103591806357
873,2.716279577117678
874,47.84045677738086
875,6.535288577625614
876,108.53288183224988
877,37.12263097012061
878,116.70788830526033
879,5.374330258107569
880,6.783918956643758
881,155.00716878232407
882,5.853669419343631
883,253.97627645772576
884,5.921339651136151
885,150.49938340489317
886,65.12813712378545
887,1.9882110690336705
888,2.190060205608047
889,219.47555313430553
890,3.528623284075878
891,2.6069660648532107
892,79.16388466473026
893,5.287784324961565
894,-17.355535113759863
895,3.7580485456259956
896,221.6453052839233
897,2.4267566985601907
898,231.35156801800343
899,-52.406828119426855
900,250.97296245741717
901,3.9694325800403245
902,180.06285717136421
903,5.426943103934517
904,135.56324796312714
905,1.8938919165411738
906,0.8663064156707624
907,218.6818362650025
908,52.36131396365967
909,77.92370302981591
910,2.360044030866181
911,6.744921159183611
912,276.4957925569202
913,128.0792288636356
914,278.66697404601877
915,106.89547708847107
916,136.642205786425
917,-6.620177562646076
918,2.67121959436487
919,3.0910907779510177
920,378.04092024642677
921,109.40307880010623
922,225.66441620217688
923,2.3629853395857827
924,82.68809137610336
925,186.37781119276485
926,53.93795255956922
927,61.940594418307484
928,5.1540216511376045
929,46.56650483483394
930,27.99237594379671
931,239.21602086957486
932,190.81778530997707
933,5.430195452970435
934,2.090289394073549
935,177.65697106879063
936,46.92222813362098
937,3.3575299590691876
938,4.252943914519679
939,154.12416256933537
940,1.728225101151357
941,5.795902141883183
942,4.869214338991764
943,112.95261492448296
944,4.0671539113595605
945,2.025422671207229
946,80.5596906633742
947,48.495986717124225
948,65.91611461772088
949,224.3512401340928
950,354.436746439497
951,5.1447599359798
952,-26.597657769121344
953,6.035207779807641
954,270.74876190117743
955,185.8735104095281
956,151.0376826467945
957,2.3656208513041643
958,2.9673075201306407
959,221.45478033842386
960,57.86545994170516
961,168.90584709317397
962,3.1366936831771537
963,6.416164391150296
964,5.063107064468283
965,6.8434373184809205
966,3.9929412678514224
967,54.83157540514946
968,149.20591861842064
969,157.6733563556837
970,6.5099685989848295
971,366.38203614139394
972,5.707054489483024
973,111.75206058931751
974,5.3182622046432515
975,3.5966105980179575
976,5.280348635153344
977,186.0446441414998
978,309.9335979763212
979,2.430480421668262
980,1.7437984708271475
981,-10.532607993638011
982,45.868729573048576
983,308.885190872785
984,311.82890428548717
985,241.04570375742145
986,101.98070037137408
987,3.2610003359174735
988,240.890532629603
989,340.84370342274804
990,116.09494188753823
991,3.919894600879236
992,286.7380845953895
993,183.771567504232
994,3.181775233224094
995,-17.116650280493243
996,54.154864920844275
997,1.9847462736296433
998,34.25060842653036
999,87.96554481006538
1000,-11.539916502324106
1001,271.53596036649736
1002,163.50316858501526
1003,5.585455485335152
1004,1.1618173606498405
1005,1.8677026770323852
1006,3.7673683830120392
1007,152.44186140534774
1008,1.9698737510116264
1009,6.615481881212371
1010,29.432386050155383
1011,263.15400132746174
1012,10.034073413033807
1013,230.6291630855731
1014,77.1027374062446
1015,236.88970900646592
1016,6.6773835123982925
1017,4.919652616261364
1018,3.4844628628628005
1019,6.224447319338095
1020,3.9587012739442877
1021,143.57506565723878
1022,84.82082373624462
1023,161.07064400410087
1024,164.26008034894437
1025,5.374523505669628
1026,3.3939865663506947
1027,4.856845713072118
1028,84.1055372673388
1029,3.7696518137217923
1030,29.032325560392657
1031,274.61252795059994
1032,3.000053667944825
1033,2.589721078013889
1034,232.88076020086777
1035,1.7687759146553457
1036,236.97335663648752
1037,6.772570122987137
1038,46.10633523537522
1039,3.6153745364026304
1040,-7.334335975498856
1041,3.1263079998627377
1042,4.152682252835112
1043,3.4589109876105963
1044,321.8334432033059
1045,121.63923053106475
1046,39.78961079075023
1047,232.26232067022448
1048,1.7871352025228486
1049,2.705880257232943
1050,6.433419754245886
1051,45.27247334437523
1052,195.421629664362
1053,260.83377528943254
1054,6.339319499936298
1055,37.716989442905984
1056,44.93693937998091
1057,4.5948490589842494
1058,2.798744082168315
1059,2.9384434622989004
1060,135.60008017091027
1061,3.258843157718418
1062,5.925940850730962
1063,305.10183276888307
1064,212.98667010717708
1065,53.306986403229196
1066,263.5131470885941
1067,265.871131646581
1068,5.553795775978355
1069,4.574858459479812
1070,318.75899686753166
1071,152.86117360109483
1072,5.221555833662693
1073,3.0390891044088617
1074,6.421428259837233
1075,4.798867844194347
1076,277.1807278794173
1077,6.132863428457834
1078,159.37789133988858
1079,3.1463804786197955
1080,2.3991979127275838
1081,5.840736975216387
1082,4.00555697530428
1083,3.5037241042548155
1084,6.222925901602876
1085,133.06592992927028
1086,213.88936924799683
1087,67.59879421047168
1088,266.5810216578001
1089,8.779237680888793
1090,139.21448786412117
1091,273.1162245366156
1092,5.508636857873077
1093,4.019988195037833
1094,6.764269618657835
1095,2.9055732593560055
1096,2.4473429043353034
1097,5.1185221324101935
1098,66.97402837478484
1099,132.84670065449367
1100,5.100376323005615
1101,4.3633768360437095
1102,5.935659959902061
1103,264.8371351148593
1104,4.627806666866619
1105,135.22033937691012
1106,4.942851683235213
1107,6.338471074060135
1108,12.24704487220332
1109,126.984650355731
1110,107.35500960617333
1111,2.780082310775689
1112,232.56052750587108
1113,2.6843518411318565
1114,159.5867795700382
1115,-36.23318009875376
1116,5.657563848954841
1117,300.2056901461532
1118,254.8829761788674
1119,4.6686183387936735
1120,53.15970948420671
1121,30.496773593931387
1122,234.1815676094177
1123,3.372990644655116
1124,152.13534736850602
1125,2.7159795752260316
1126,78.6726133892328
1127,6.313132049182675
1128,-37.72910084704505
1129,194.30034108393608
1130,5.79225494997613
1131,50.82862442652497
1132,3.8677331941460986
1133,-81.84758188512498
1134,178.192818496677
1135,198.20778043229438
1136,-51.19133532940079
1137,4.073229535803236
1138,51.057075465522935
1139,101.86893499406881
1140,118.75000233377601
1141,194.56378182969053
1142,160.18298412089408
1143,40.06052175688983
1144,-44.698635131374196
1145,127.53115529998217
1146,27.219179677234578
1147,4.517137035956501
1148,112.3584864747755
1149,43.30172457465923
1150,4.382920239518464
1151,1.167347035354911
1152,3.989766764973757
1153,4.230305478145023
1154,31.736151165131666
1155,175.85195209180188
1156,6.6982876136778335
1157,86.30069382228875
1158,183.10673989556258
1159,117.1535674600638
1160,123.47981302219215
1161,1.6964308722656853
1162,5.683090883725838
1163,5.1920383502806295
1164,4.882803003308007
1165,198.16411774052654
1166,53.450466711872984
1167,-36.33056932563588
1168,4.8153706189265915
1169,161.78090703350477
1170,4.801394394221921
1171,4.277306467875366
1172,9.747232834649411
1173,3.752845259016727
1174,205.7836438219632
1175,-53.150007845254
1176,234.8057390700726
1177,2.2076818512859773
1178,149.34885493001997
1179,2.6236716459949987
1180,2.5325908203933807
1181,2.041399868214942
1182,143.2262527649873
1183,7.470898329281791
1184,3.870452859360577
1185,286.10481982726236
1186,126.1109687698833
1187,4.371437887102631
1188,2.8031363307794037
1189,139.54748960208724
1190,3.657334745578814
1191,3.4076583412451122
1192,4.858855036234615
1193,150.253604665989
1194,5.568354546566366
1195,2.1573914503833156
1196,269.5277689123858
1197,93.06097706226483
1198,3.0518759140535763
1199,272.2733938459718
1200,87.31449367086763
1201,236.06579232388873
1202,70.91628539053612
1203,3.357400462191455
1204,143.18179135095465
1205,1.8179018371054383
1206,141.94635695262372
1207,94.94129201158097
1208,213.0707051463416
1209,264.57249404695983
1210,179.94210985902646
1211,221.16674392010003
1212,5.886528845668256
1213,3.804751844162544
1214,191.72503409777954
1215,103.76534263706618
1216,234.47271292085404
1217,188.0165502862205
1218,-45.77364393216188
1219,5.705471285572758
1220,5.81004601142722
1221,248.62242063102332
1222,5.982111598895742
1223,2.5795893271730237
1224,3.1152933929049658
1225,124.42016163837069
1226,1.3184003029105678
1227,4.67948274476938
1228,2.3324844116855186
1229,45.011551668158575
1230,103.4375938054947
1231,237.59102805719954
1232,1.7865192250734372
1233,-2.301258875241109
1234,2.9631436213137565
1235,13.289537808846564
1236,269.57454964074014
1237,3.9456006919654594
1238,2.6530889696920745
1239,1.3269544723768503
1240,44.248373573747195
1241,2.1444234472661923
1242,4.622336814224536
1243,4.691137079935247
1244,173.7188158771037
1245,4.148204122222013
1246,265.8296344373159
1247,5.556745260652261
1248,110.10583739013887
1249,150.24320030383527
1250,7.89180157332938
1251,9.154960336990523
1252,5.579852144736571
1253,4.019487103087786
1254,4.374498931738178
1255,34.79323682985769
1256,70.83553100748843
1257,153.1228486314833
1258,261.7213827150835
1259,68.25795474991403
1260,273.31264008709815
1261,5.713123874839528
1262,5.22365848557355
1263,175.753952943014
1264,3.1370618415061595
1265,0.18808487074057137
1266,123.29004197504022
1267,2.231417911254265
1268,6.411883947135339
1269,274.1384065074188
1270,-57.22954007379123
1271,247.29957565740418
1272,53.547764412067
1273,4.481786613774563
1274,205.70909630336064
1275,203.34395542231206
1276,51.74122488675801
1277,4.036264819664257
1278,1.6918678621948577
1279,4.01249420264627
1280,-62.63891535631865
1281,3.7914282591557376
1282,100.56485493651974
1283,174.00668280795517
1284,2.866610406473919
1285,-61.15676959669307
1286,3.2901376141869583
1287,53.78754071096495
1288,108.19067303453183
1289,4.073610646915075
1290,232.30770583349693
1291,3.1125544062971073
1292,40.56671307280092
1293,110.36767822464081
1294,262.43511497975436
1295,169.3239636174377
1296,6.158948367485628
1297,79.46010213153835
1298,9.234249401942956
1299,6.366771919136307
1300,176.86774066549506
1301,252.38259702595457
1302,202.31682222341368
1303,6.080389777835227
1304,4.047187344150281
1305,5.066081640694921
1306,57.83312397000999
1307,154.466858835464
1308,1.8640916765224531
1309,4.7498840556881605
1310,359.12356327101395
1311,2.651153210721844
1312,7.033388937536212
1313,45.92277817618658
1314,168.01014020215976
1315,214.16488843634005
1316,252.9023891866119
1317,73.96866299900425
1318,2.159037471234419
1319,231.89735903492635
1320,255.3487578787761
1321,24.915063801877753
1322,49.317083157736036
1323,254.04081189010464
1324,227.4512530508791
1325,53.7678857097212
1326,69.21574984949314
1327,225.14029049169255
1328,3.2418266606207733
1329,5.783820933937178
1330,130.71884538346367
1331,19.012516065151644
1332,296.4176780541481
1333,1.822832753709637
1334,362.0949801486581
1335,1.837803540547809
1336,109.97393804532948
1337,37.72966443474634
1338,252.58838418706327
1339,6.322501787239393
1340,176.9735613145444
1341,237.42766176467154
1342,197.33844979893124
1343,41.01090101370079
1344,117.45097962569433
1345,2.930729334898608
1346,82.84660836257072
1347,93.74885929409724
1348,2.903751585373382
1349,226.17215822624559
1350,31.580214146866282
1351,215.85345664461772
1352,2.409691784824348
1353,13.781043557898636
1354,5.176745535658154
1355,6.100422229933608
1356,3.571074881786432
1357,7.699995171566528
1358,6.720840861991037
1359,1.6566486797340727
1360,324.1522582154963
1361,3.985732375510182
1362,6.521779342030402
1363,72.94625297255911
1364,3.652992549798001
1365,5.895386912868725
1366,6.51256752811845
1367,5.915972461087099
1368,22.037999580493164
1369,177.22167310532978
1370,294.44444327574473
1371,233.95608049113056
1372,35.60063631359175
1373,3.3757078857178673
1374,183.86624799685868
1375,134.51482238029683
1376,5.716673630315991
1377,4.801407134466215
1378,108.65506731619809
1379,82.54024163694736
1380,113.63599104337669
1381,234.4322321402156
1382,81.98748668481274
1383,42.52310338353229
1384,-14.431020777840363
1385,169.57835737025889
1386,2.3784161004912088
1387,64.95744792836537
1388,1.6454049425207709
1389,224.08235152830753
1390,185.54220398172913
1391,48.737305407975306
1392,61.09498355920609
1393,266.5077558112775
1394,-16.047508647837528
1395,30.856112466536192
1396,195.84612755438147
1397,5.4175483869117995
1398,202.86352821189308
1399,1.4251738550816293
1400,116.49034958779704
1401,338.27485959352435
1402,60.693841576604335
1403,293.55249925925153
1404,88.25633586423272
1405,118.4908788064203
1406,1.947731734770872
1407,132.41847017502602
1408,7.678095970226421
1409,3.9078199572475434
1410,268.2763600254131
1411,287.8745326550668
1412,-33.96297513608297
1413,135.13215992703337
1414,249.93904693692204
1415,2.3333462489603334
1416,2.5099085150442555
1417,4.42882248746157
1418,334.924411235719
1419,169.24572611303313
1420,4.552337162027925
1421,39.53092742224145
1422,6.622489361393484
1423,3.3555371097318543
1424,5.22809890399547
1425,2.188025572410084
1426,-11.979857854715217
1427,3.57824552260445
1428,4.769978561663607
1429,3.471875208465388
1430,4.207310257954429
1431,6.492338572312974
1432,144.52332161612833
1433,3.0017182217087135
1434,6.1889697657184435
1435,4.837560328744883
1436,-51.23216819156533
1437,155.6144868960725
1438,116.16354990908586
1439,6.314465645003641
1440,2.5135448780061775
1441,119.33246699028231
1442,181.49290462907337
1443,56.5156640764987
1444,5.592946222411517
1445,55.75345829279135
1446,261.35297687502805
1447,213.69389639423153
1448,-10.060464479617012
1449,5.901786878622558
1450,267.14377256197656
1451,142.06838649479667
1452,4.842042892839808
1453,5.346059667334249
1454,181.07057262177665
1455,72.64349717191
1456,-7.98924578919614
1457,7.809151861493213
1458,5.053553396865161
1459,293.978450538564
1460,351.3148636452071
1461,147.95095088492337
1462,-26.143421738430032
1463,86.36820541075572
1464,5.8832481022827
1465,3.4453830445689784
1466,228.86099533605116
1467,5.4714083419864
1468,5.701800632943187
1469,30.02937830796247
1470,3.7955960399672444
1471,34.4398891086143
1472,6.698871075392404
1473,2.598197227134423
1474,257.4279599334038
1475,91.70629291667038
1476,6.690179166689782
1477,2.659426428261473
1478,112.9164549462695
1479,3.854794097472358
1480,118.95615574037086
1481,5.9943015443795185
1482,169.05602101881468
1483,6.231338828545324
1484,225.1991932092692
1485,187.40617424267273
1486,7.353844870610279
1487,3.5639056373010396
1488,82.76004480590598
1489,19.186229940432003
1490,41.252997529065084
1491,3.6390124475550945
1492,1.995561749744434
1493,7.717387352133461
1494,5.331693645918065
1495,35.57864777160077
1496,7.443631087089545
1497,49.16137980231075
1498,6.070945164287939
1499,78.83842743125567
1500,6.7136591049493415
1501,5.7155511038014115
1502,45.12662316371912
1503,5.628568526082891
1504,2.1187753563613705
1505,4.838654917332849
1506,213.66099582715452
1507,47.47905253383581
1508,109.36644602765918
1509,63.75216546373791
1510,3.1598305323391442
1511,28.885011715590075
1512,64.30070785256655
1513,5.504602366325539
1514,301.4458210792934
1515,50.16335465994153
1516,2.7631181781876277
1517,363.68505064964023
1518,4.593550579827373
1519,239.31556196506028
1520,4.845972466989647
1521,48.504431578913035
1522,4.858734781150847
1523,2.774289941014971
1524,124.6208852747687
1525,-18.523337137353025
1526,2.229074934310606
1527,5.690069481104417
1528,3.806059281852382
1529,214.5312521142005
1530,280.585682305801
1531,3.3640008431601083
1532,5.670688496857772
1533,3.5657383441603216
1534,6.597492874324007
1535,68.70771477229249
1536,5.530419217087895
1537,2.5218311789226466
1538,290.28762090919184
1539,162.4241653536209
1540,2.175267426695789
1541,144.998744212334
1542,3.099604409814549
1543,29.85440403254538
1544,7.389513857851682
1545,3.4726879184454478
1546,5.897111463005787
1547,-27.60836366951768
1548,193.19325805419712
1549,44.086797798327346
1550,2.612621203548169
1551,2.265007362166566
1552,231.68323278267735
1553,6.296931459484564
1554,278.1057200778344
1555,172.8501328275972
1556,3.996605517951459
1557,15.508345761843126
1558,3.718386978384472
1559,234.51790607421944
1560,170.30815486440144
1561,201.3662097634017
1562,237.0999951096916
1563,97.29379091869134
1564,3.505876440500501
1565,75.79264569717455
1566,3.56010427230392
1567,-3.154490266914762
1568,94.37202697532867
1569,15.191347494896334
1570,272.588353896367
1571,3.4008234391937626
1572,92.10539667142268
1573,2.294656437719915
1574,4.533275191294594
1575,5.997284537171582
1576,4.182956514672658
1577,6.0018990621668955
1578,77.92370302981591
1579,4.950917181146806
1580,198.12867556317028
1581,208.9801398554392
1582,6.802194656776647
1583,291.5233929566686
1584,296.3972770590584
1585,5.426242893480168
1586,5.122640499594924
1587,61.438062624893526
1588,280.5238716808328
1589,7.397954533889143
1590,6.0519293617995755
1591,154.35022100346458
1592,7.264460137712385
1593,117.71156831712636
1594,143.15416723164498
1595,116.02752643750982
1596,5.622684718705429
1597,72.60922330440894
1598,6.685877446630786
1599,3.1999753419301347
1600,4.492598142127306
1601,2.7636755433062263
1602,5.942470634496716
1603,269.58032332315634
1604,53.03447570621679
1605,106.29739660944746
1606,259.0737833394847
1607,13.178116785754177
1608,3.3644402855747346
1609,7.103941328432311
1610,3.0548896968588894
1611,181.34500823870493
1612,86.54063338231516
1613,2.9068980819380834
1614,264.2293300159793
1615,5.495421229146489
1616,3.9659903786459476
1617,176.25202002310854
1618,218.6791073070625
1619,8.290666771302192
1620,75.86050801035375
1621,2.374903638905212
1622,2.793852440913337
1623,2.642124198138618
1624,260.4351244556637
1625,77.50171970513694
1626,1.625662564842186
1627,33.9798578072251
1628,3.7851557805910865
1629,215.46092893954966
1630,78.16811558429227
1631,3.021512312878852
1632,310.2447647214519
1633,4.727757960285587
1634,-12.855863272755395
1635,3.8090179988297193
1636,4.619227896492965
1637,7.010974570887724
1638,226.5859581860489
1639,32.77795928873622
1640,4.6613776305902075
1641,318.7236058355564
1642,168.56348754872604
1643,195.83219859958905
1644,118.53177774688774
1645,195.3467956694632
1646,6.055958819019814
1647,6.444056755941262
1648,33.83783722514936
1649,4.516183010876392
1650,97.60454652495469
1651,6.560615687387697
1652,6.628707991699347
1653,221.05358386157073
1654,6.41689543126233
1655,317.94961061423226
1656,57.796981279463616
1657,1.1816652063414697
1658,280.9469401396741
1659,2.1749322079513163
1660,13.393723149589697
1661,6.733293656445047
1662,197.05066766214512
1663,5.916816379363039
1664,128.73802428593683
1665,1.043493786884663
1666,107.35192297619709
1667,-60.93835887644148
1668,259.7279005714143
1669,52.9976280055916
1670,2.0852693781280793
1671,2.3832526015289015
1672,5.347776330951219
1673,4.826149377687693
1674,108.65777292834152
1675,2.203671764482362
1676,-58.33566315931316
1677,31.756212925244874
1678,-0.32373445463140327
1679,220.9494625908505
1680,94.83301155052801
1681,1.466521254107978
1682,3.2579261380442945
1683,68.68981817493935
1684,26.141561514840156
1685,6.793740917144756
1686,136.33261308288323
1687,7.202315320824298
1688,156.03909719754958
1689,260.6824188267827
1690,3.17508669154902
1691,3.917041782421153
1692,4.0526841346521705
1693,2.452920414783519
1694,90.12364856059133
1695,203.66748497884205
1696,120.06539958031752
1697,2.2687403372259016
1698,213.48212229232675
1699,177.000885694887
1700,120.90459653183775
1701,290.2861285550369
1702,-61.36744654226733
1703,5.476116033393249
1704,5.968013064968218
1705,3.1513271400385485
1706,59.69255653108852
1707,5.994302818183838
1708,82.46733042921714
1709,133.49535311676865
1710,6.051817357825468
1711,82.45332244204133
1712,1.9198341477389331
1713,6.045106209003625
1714,-67.79048790139949
1715,4.800479085095249
1716,2.7342749357274947
1717,19.39273356568721
1718,118.14318545154666
1719,35.909213838806814
1720,6.238346658980546
1721,255.88989588219732
1722,3.739508918741778
1723,159.28324833412498
1724,145.19843677248082
1725,3.22305777363532
1726,4.378159927736078
1727,238.12488606075317
1728,4.172138919309534
1729,3.3567426528319806
1730,53.348037136956584
1731,221.59216879565773
1732,4.765126872152054
1733,395.67442162263035
1734,278.09293123436606
1735,202.2693496382399
1736,3.444490131732648
1737,302.3755153230773
1738,290.50553936682786
1739,183.2482907849533
1740,92.93361048927721
1741,99.03559922458535
1742,261.83542081102314
1743,5.19197191827277
1744,121.3919018442978
1745,49.69947036522224
1746,3.4493346408053402
1747,7.6646799755991255
1748,191.23982331779692
1749,3.589635342977142
1750,95.86913665671119
1751,27.267236369197402
1752,7.358314935695658
1753,6.030189626809617
1754,281.0075880763301
1755,234.11835210627103
1756,1.984924184114205
1757,232.8565132159816
1758,323.33480622111574
1759,4.894578318340477
1760,258.13563596925985
1761,257.31421271285086
1762,5.015796158755311
1763,47.703109572588986
1764,8.280130240591033
1765,5.23494468725243
1766,238.46318078740055
1767,151.98560017473102
1768,5.796247892363689
1769,107.23000354288281
1770,54.82809904360251
1771,2.9571960116426292
1772,220.26657441023943
1773,241.3531024668049
1774,6.3317962934318235
1775,307.57870272867524
1776,2.5756304634813287
1777,26.800139760759308
1778,26.45208000416334
1779,25.965336034185356
1780,112.82401955302443
1781,5.748099570048621
1782,169.24619898472466
1783,227.72566181594888
1784,4.188601445362575
1785,83.93727502722462
1786,2.860644822278628
1787,74.43265865653959
1788,4.945679979812667
1789,2.559384893733028
1790,75.28814802128043
1791,4.500982543856182
1792,2.6236615236153384
1793,2.2282462936663627
1794,159.1556490865911
1795,183.16966130718248
1796,282.3336454662397
1797,131.82002612410037
1798,6.327772919702489
1799,229.381982569004
1800,151.91034737191137
1801,5.213126605039917
1802,1.995230295297753
1803,157.49863307443113
1804,4.144996943110802
1805,205.28313176498415
1806,5.6766622852406154
1807,286.0026496802579
1808,142.60046554105318
1809,69.52856085111776
1810,4.176193449790027
1811,2.726066511344227
1812,22.183623057599174
1813,3.3862837644957997
1814,178.40516817783055
1815,253.82865935656824
1816,5.250418300714365
1817,118.44485830219546
1818,43.18622802658552
1819,226.26097885352027
1820,8.00721614201394
1821,3.519810146694078
1822,282.5553704247435
1823,-4.39273709782576
1824,48.88176440666157
1825,2.233360041903433
1826,6.035129934240441
1827,3.8838192070045383
1828,2.1899637630726536
1829,212.10906765631137
1830,245.93349596819257
1831,6.829687755005179
1832,55.82641988927144
1833,3.736039984472719
1834,3.491230537451611
1835,102.7263658934688
1836,6.317264795155411
1837,5.814614290644704
1838,5.922810411208538
1839,127.74441434520384
1840,-5.928801482302084
1841,-82.88313705044993
1842,247.451923641116
1843,171.82024529608498
1844,251.16657028166566
1845,178.75084467629011
1846,29.458477916009016
1847,263.1646672388148
1848,125.56752270913962
1849,4.052667533932695
1850,5.5764990326399255
1851,-66.77546774716289
1852,5.971852663856678
1853,64.0699063528928
1854,82.45110294676559
1855,5.800450559028815
1856,185.22100334572764
1857,2.731456195313834
1858,4.913943003000121
1859,6.226635581700107
1860,5.717558500519166
1861,148.70125959248645
1862,5.933145790919421
1863,94.14480107388292
1864,59.324199061935786
1865,206.6116202468076
1866,171.8458324524752
1867,81.19807635753953
1868,252.95499561361842
1869,161.47724790988448
1870,3.316620794060641
1871,200.65431258122922
1872,55.46457356946471
1873,2.854752504111969
1874,19.814632906953985
1875,134.62888226581637
1876,3.0678442660444976
1877,2.8398357206443205
1878,58.28213587131953
1879,29.45086145242045
1880,289.0348740235804
1881,6.163714251641656
1882,105.4268748764566
1883,6.146253383503636
1884,94.97127684514724
1885,300.3462954065816
1886,279.08637313023326
1887,3.417711313345501
1888,212.81652484853586
1889,240.25296125449628
1890,2.377571592094865
1891,240.1558981138298
1892,221.29650224562408
1893,4.249578101536058
1894,2.05109801518031
1895,21.112248929278287
1896,5.972963145940649
1897,57.24117022704452
1898,-85.63350817857139
1899,2.825224303632379
1900,5.852642910538855
1901,265.3185936621968
1902,216.98635107579935
1903,-56.77444612563696
1904,59.83209495573677
1905,65.64470885214246
1906,162.4216500637137
1907,6.796074922796439
1908,6.340911309166863
1909,108.74689126903917
1910,5.659739800174913
1911,5.1999225120347585
1912,3.748143661209086
1913,63.1225540636881
1914,-25.07119432337145
1915,6.707928652896493
1916,1.4808442166663236
1917,2.693428675800313
1918,166.75572556318517
1919,4.927010739658219
1920,4.536679112181545
1921,80.56605075201526
1922,3.0902585643502603
1923,6.574780312637965
1924,2.7726386685082947
1925,4.645507600018023
1926,112.4194023064108
1927,169.41244818464733
1928,3.457703145898583
1929,50.611331607084786
1930,2.6984862026221332
1931,6.004772461595439
1932,4.7518863318373
1933,2.615741435913458
1934,241.00507101154398
1935,6.043715800963125
1936,4.5195753774428615
1937,-5.42761413534751
1938,-29.114647581827192
1939,2.6936584863027946
1940,286.6056307698382
1941,3.6879128247269204
1942,204.78953032431556
1943,3.830281040295895
1944,226.612651575556
1945,297.3746991449977
1946,5.82222768564166
1947,114.3639871150848
1948,5.691511660724309
1949,-0.03536851826395891
1950,47.400755003767536
1951,2.8566872908659633
1952,46.9400661186463
1953,410.51886720461664
1954,2.5410230392136244
1955,101.9954754300125
1956,1.978657993927311
1957,104.8341787703056
1958,3.8761432240991454
1959,172.59951686713657
1960,64.22760677442021
1961,1.0371588606129198
1962,4.228466494053685
1963,3.2893710437122
1964,5.019387524125565
1965,86.6140014341003
1966,3.5427248930678434
1967,4.475312749866696
1968,243.03337843346702
1969,49.141621117897465
1970,5.962688604463948
1971,1.7246783332292825
1972,95.77565034502314
1973,-28.02770371560676
1974,2.5053552400305015
1975,2.827727687562189
1976,310.08364394393277
1977,1.671364003938084
1978,223.364547581227
1979,74.02999294875528
1980,265.6461948127762
1981,172.26474176771356
1982,128.4041328302951
1983,109.06681783631018
1984,8.656508334851349
1985,4.6286799960986125
1986,4.149384902190129
1987,6.161236457628557
1988,1.5126669524690861
1989,5.7281574869455545
1990,4.638034524278169
1991,-13.642386623647084
1992,4.3688894773299864
1993,37.571954985537204
1994,1.7402610517020831
1995,121.55282111786771
1996,4.084800392964041
1997,2.760208491497424
1998,5.402851762822021
1999,281.0543043759667
2000,5.911666754003176
2001,300.23510429882043
2002,-40.05603247181066
2003,6.7741224754292375
2004,334.42205736413626
2005,68.72306363386132
2006,4.757194027538707
2007,44.838899894448055
2008,235.41336425171838
2009,139.0323568009143
2010,286.6434383833074
2011,5.719731978430745
2012,152.3031602336099
2013,-20.90168376173345
2014,278.45715527357845
2015,182.6297523307367
2016,43.90912800536274
2017,3.27045557218274
2018,21.611209846235717
2019,101.37770303598279
2020,6.7604563847681245
2021,4.278964102221991
2022,174.77980667052427
2023,68.25849067699795
2024,2.8681517955852285
2025,4.577640546302994
2026,74.0219532746297
2027,5.869583380723166
2028,6.336471488690745
2029,37.662586420496496
2030,309.4161445135957
2031,75.16039793593576
2032,294.24803884438063
2033,240.58486293708515
2034,2.4783097556497107
2035,64.36195648207752
2036,170.08350649141948
2037,4.708756715358016
2038,2.943183324334377
2039,3.075755705712989
2040,121.02943751894813
2041,278.4424193700659
2042,4.182100917502089
2043,166.23514047743993
2044,2.3517188163141056
2045,98.72692790502227
2046,287.05482551844017
2047,5.579115671487183
2048,-29.301395837133185
2049,1.6641623645671362
2050,369.97901456048356
2051,3.8208140324058686
2052,3.1168957872096015
2053,238.4891217969121
2054,4.583382032631782
2055,4.0396962588821
2056,-32.28198631372389
2057,189.0245029839523
2058,-18.824243222869843
2059,5.332257196887027
2060,21.71586117032527
2061,2.2986225160902296
2062,139.05820005816204
2063,3.391855041628771
2064,4.159673883400271
2065,3.446475265178765
2066,2.0034649518650642
2067,6.0597538739239365
2068,3.613495664810868
2069,1.2923309212846363
2070,278.8652711570528
2071,279.30730167311
2072,4.61755115778074
2073,216.77403472606005
2074,388.8342159272612
2075,256.49687966641324
2076,3.956755088047049
2077,2.918142803514368
2078,4.3179640837729805
2079,3.8524769683568336
2080,2.575132774328012
2081,3.2178739462156227
2082,5.8804994485633015
2083,40.88570368878258
2084,2.5974645782846175
2085,4.944714566405163
2086,114.90499841447189
2087,89.01887235351279
2088,33.33442899878361
2089,42.44102574079442
2090,247.97489363301148
2091,194.30031607727068
2092,-93.84085875766272
2093,4.777166506499233
2094,3.8524390564476967
2095,91.13959521675811
2096,53.198060516852564
2097,122.2380069954397
2098,5.338927825057394
2099,-26.385582916025534
2100,19.58038917477179
2101,5.7001976352851464
2102,6.551647384682258
2103,63.24442811696236
2104,56.41735312860208
2105,53.376947092327
2106,309.6921596595576
2107,6.756178989404139
2108,7.140764271735023
2109,5.868242398667809
2110,272.0002651438741
2111,3.73341921000734
2112,50.533849737062056
2113,105.270982416444
2114,2.4612339655229407
2115,52.153833781030656
2116,3.6840380303051203
2117,3.569349026166228
2118,3.2609869117100017
2119,116.89957412726417
2120,4.193499852210061
2121,173.44385464696606
2122,209.44907601451067
2123,2.7453556614252355
2124,1.6117890586714496
2125,4.184324544585562
2126,5.878418094848254
2127,61.32148120915585
2128,204.94169860065043
2129,1.8268523215583548
2130,2.572392860629326
2131,5.147118989986074
2132,6.067619405075851
2133,240.7968794349517
2134,85.43503153913308
2135,226.30656552926376
2136,35.02639878147634
2137,225.1490335782779
2138,3.7953697939357203
2139,64.62745172747226
2140,54.10772255819285
2141,44.7349300360106
2142,5.715146173782386
2143,21.661959549420338
2144,174.794973501969
2145,44.52834170302127
2146,3.8359225279489406
2147,4.166620267162702
2148,55.68672999617592
2149,-55.232416216814165
2150,18.298872723714272
2151,63.61313981152958
2152,5.047342782807454
2153,3.5773602993751354
2154,1.6303100148526024
2155,2.4479034515324694
2156,5.907624315832929
2157,114.97263448351443
2158,3.814208992821116
2159,335.48435160282503
2160,223.66168727306388
2161,287.9084506112072
2162,1.885379206002243
2163,279.32566043896423
2164,6.239378842900921
2165,3.038379640738528
2166,2.5642498397794635
2167,39.137344398967635
2168,319.9744670060484
2169,2.3481432895703165
2170,2.4553225499011417
2171,168.3934558924588
2172,5.335208367236484
2173,263.3391467301697
2174,245.79872045104182
2175,1.105257448658055
2176,4.582214507645372
2177,-59.523787141715864
2178,4.244260477506747
2179,70.29852263417179
2180,272.43200760804075
2181,2.7289970849655063
2182,163.62707022142447
2183,186.39456459761965
2184,5.932645649375592
2185,2.906947651025514
2186,2.6719117751047827
2187,4.682783580377447
2188,267.7666676742834
2189,245.19961939950122
2190,79.11558761855143
2191,3.0089052876868276
2192,2.7106252297446543
2193,99.73563812244265
2194,2.8603557495825127
2195,4.81021563366335
2196,6.6608858930649975
2197,1.9356477577747468
2198,4.645744538642787
2199,3.3646987618050077
2200,1.7450874080652117
2201,4.085646609244631
2202,75.34938414601942
2203,2.484652195109111
2204,1.974983905761587
2205,114.08649837450402
2206,5.353877858570244
2207,164.98913345055274
2208,4.952354143620167
2209,14.024328065598722
2210,258.8030327014619
2211,1.7846582530647854
2212,4.965556731374791
2213,6.529315885886291
2214,119.61720556228914
2215,29.64990472326588
2216,84.4762382155094
2217,4.588507283178155
2218,34.12874392324388
2219,2.5549780038741545
2220,5.272106150187712
2221,3.312092553894055
2222,-17.715893773116928
2223,181.99301088844467
2224,-63.77412001659132
2225,173.3499901421845
2226,-6.883808854145501
2227,80.34798115769016
2228,150.34445533456034
2229,103.29607818810463
2230,3.4592347366147878
2231,5.257943446099154
2232,4.362676331987772
2233,255.6192751601472
2234,219.0914478999154
2235,232.59092977902802
2236,3.0665132645157342
2237,3.350657665362271
2238,230.84662754260677
2239,86.81178000174478
2240,238.87491637025195
2241,2.413270441699159
2242,231.78953504569503
2243,5.9456299867081635
2244,92.42294099297872
2245,233.77457258769692
2246,105.70216911531315
2247,241.23911783529627
2248,6.551864082420707
2249,304.060997174776
2250,125.92828611579375
2251,4.531705502310834
2252,269.655811167688
2253,6.167591793781244
2254,160.74871911948978
2255,-91.53063620666832
2256,45.01514455373093
2257,1.7405097762524804
2258,2.933662337983049
2259,68.82224596978341
2260,6.215125966861746
2261,82.84073318325213
2262,1.7419958173073935
2263,89.21449346260917
2264,-25.941300678288467
2265,54.41390294417124
2266,2.4493722846164414
2267,2.891237286868373
2268,5.332829059809156
2269,3.512124426888307
2270,8.562464728797996
2271,164.149902904979
2272,46.0623083139096
2273,3.45403482081179
2274,6.029689691273288
2275,6.622236354942109
2276,4.31791920439616
2277,2.2252288746294715
2278,1.5525703145617957
2279,6.048346484856137
2280,3.0299073985267624
2281,192.49506121638603
2282,2.2520747596046466
2283,3.948370207525365
2284,243.98829080805783
2285,3.1435692587613624
2286,-18.76302211566921
2287,5.641442761142277
2288,2.828321178095071
2289,4.677187171675949
2290,-55.66079452736045
2291,36.52869566313631
2292,4.629321413843289
2293,1.9104457976751226
2294,-12.87531119308729
2295,2.4940701737894697
2296,5.090561801603932
2297,122.85936854543378
2298,-36.776813460803844
2299,85.10688938609763
2300,3.7738407396248506
2301,5.345553845872142
2302,-95.66380093925339
2303,164.75471713715535
2304,5.641943429270401
2305,55.87491405993143
2306,302.0728675412935
2307,23.118991566647505
2308,47.519419547835554
2309,5.92156731471327
2310,180.85772085298785
2311,-59.09304293019325
2312,103.11746390151801
2313,3.9369579785713724
2314,4.860339256315023
2315,243.15125734834047
2316,7.728442471773282
2317,3.981608397551822
2318,236.21995488029108
2319,6.5293310140860195
2320,102.45844415932882
2321,2.730285808596227
2322,253.6365632439615
2323,171.35591436205019
2324,1.9852713619196574
2325,35.61893403436554
2326,3.0455427058207696
2327,130.19117224925108
2328,3.197546969430294
2329,353.4133009604352
2330,174.6790934357326
2331,0.8579263877538581
2332,261.7743393249607
2333,1.850305882241283
2334,-4.153000275150277
2335,5.159440517731682
2336,71.74288421012281
2337,138.72454921561263
2338,194.6501042774744
2339,18.31925558888156
2340,52.367396030597384
2341,140.39273763180094
2342,2.2864411790732526
2343,6.267803719118638
2344,309.2119379542516
2345,6.0567926917923405
2346,157.4944650552739
2347,110.47178020268298
2348,1.8570904154317336
2349,256.27006362216986
2350,23.885731092358544
2351,4.852127361459527
2352,4.888801243801695
2353,1.7789708917373002
2354,-26.480802872037064
2355,146.45384644739215
2356,3.8089967855574183
2357,95.79900465269631
2358,6.112384863307164
2359,6.72918771303856
2360,4.582865197473561
2361,5.607198851952646
2362,261.7994694500483
2363,4.547371594745068
2364,264.27696421593015
2365,95.60379653239946
2366,53.0758685629321
2367,46.290240212539956
2368,-67.28189258390312
2369,4.549512799027506
2370,219.90509569828876
2371,38.007382456237515
2372,56.82477130067785
2373,1.940474115116752
2374,-60.242282092366736
2375,1.7583139119694895
2376,132.4736554908392
2377,111.64139766977162
2378,5.4369694732376335
2379,6.483734624887028
2380,29.51527896064239
2381,163.67161368922467
2382,152.33115478215154
2383,54.737394211071546
2384,3.4008599924314487
2385,258.31198087221725
2386,5.878337996721281
2387,49.27157169897012
2388,252.45041753157577
2389,92.22485782260856
2390,1.9235625292066194
2391,106.78213780132369
2392,18.177032955685497
2393,66.09785575925056
2394,138.1043151815386
2395,5.8127454074487925
2396,2.384072947301136
2397,290.9390352119238
2398,313.04971382827443
2399,4.396357717784331
2400,197.31115728426101
2401,48.701293252796646
2402,250.78263979513903
2403,6.397786696333094
2404,2.064536527798091
2405,5.080066639809434
2406,2.929158783447274
2407,86.90679774073956
2408,274.6513524419897
2409,170.40664767586182
2410,4.559480231777039
2411,6.601153412525441
2412,308.13974998654845
2413,4.331899306086283
2414,3.914410986634666
2415,79.06879198270796
2416,264.7352960454773
2417,15.59478022063818
2418,3.3290034028561086
2419,4.013802487700147
2420,1.83033890053319
2421,10.36693393099326
2422,254.73795926537215
2423,2.4066169891187887
2424,179.99568235503625
2425,5.8799200165465395
2426,-21.803377495824506
2427,163.19290330539093
2428,26.394435537037893
2429,4.470699483611047
2430,5.989585015925614
2431,4.147181304945898
2432,314.5081892285593
2433,235.29302782236596
2434,4.47964661545957
2435,53.24610399598931
2436,243.8279407564722
2437,-71.3650820256305
2438,5.541872732317809
2439,6.968694645298624
2440,172.53054747834332
2441,6.368058635753875
2442,5.959335758392461
2443,4.993751346363615
2444,-66.25249744086281
2445,6.133020279369356
2446,5.189828021058089
2447,226.5765463801874
2448,6.465078248480906
2449,6.010432072613503
2450,18.883854998473332
2451,3.124062383140476
2452,3.5477710849508477
2453,34.39197402385679
2454,311.79407572664724
2455,131.9693039801111
2456,3.406543150486655
2457,260.3906707851692
2458,6.009104558458651
2459,1.638463462529199
2460,5.607118301406253
2461,78.70941701866795
2462,48.54612142624989
2463,6.089992644314629
2464,-67.63167140903238
2465,24.101782724577845
2466,209.81533963536646
2467,149.77161506517191
2468,267.6826153986814
2469,248.2472904557614
2470,5.689647961023329
2471,133.82997952036698
2472,2.4378765399646807
2473,69.97360123908516
2474,187.75825115633592
2475,6.176362646543531
2476,108.96949405315416
2477,144.35093570389034
2478,191.86779446594116
2479,5.365873448240871
2480,45.681549278806834
2481,56.18337067137007
2482,2.44405010391321
2483,4.8739903902718105
2484,128.47350704615766
2485,133.02330361722517
2486,6.810790897354893
2487,5.176367302952974
2488,-18.72436122309493
2489,182.57627302749654
2490,5.61909484544097
2491,147.32302919999293
2492,39.61199819413891
2493,42.84586439181572
2494,5.943645080363943
2495,5.430334819068239
2496,92.51593350979174
2497,81.17102869423792
2498,2.0244561168441155
2499,6.788550980252473
2500,1.8855967102255347
2501,98.29645607827769
2502,237.7522843380609
2503,74.57818685190848
2504,347.2363075650017
2505,3.358620497533968
2506,4.466190656538668
2507,263.2923457889872
2508,194.92183022729864
2509,104.57122138708854
2510,6.661822708496214
2511,189.33465313594544
2512,71.76985824273514
2513,157.5376998771147
2514,231.9607361624554
2515,307.1241407227839
2516,1.7799798085088006
2517,2.1814734346245204
2518,278.07340096821923
2519,4.5116006648775056
2520,79.75269630009726
2521,144.31148981277522
2522,1.7852851981165234
2523,6.391864292941249
2524,4.743223682042454
2525,293.9805079065582
2526,4.369282264315201
2527,3.6906142550430587
2528,241.18334374197048
2529,108.81810178862644
2530,241.14940412210296
2531,265.78618762067833
2532,45.031131751886626
2533,2.1158246637055855
2534,6.225435358441981
2535,5.903246540982337
2536,3.9244369832827606
2537,6.535400015042948
2538,5.856547770013401
2539,165.9597368066728
2540,3.228984661463057
2541,-3.4170172665774525
2542,-25.596872047028782
2543,5.030630451817169
2544,180.4701427663573
2545,2.458916833578789
2546,255.76670961047452
2547,15.153525415416457
2548,-1.3445116725424078
2549,156.62816036778946
2550,115.03223665524524
2551,-41.72738508376712
2552,2.2863561077538295
2553,278.81383508086765
2554,2.3907065967517056
2555,46.05393484130354
2556,115.04193681729562
2557,4.27707586187927
2558,0.6959126059629065
2559,6.368406219965069
2560,178.74678270894626
2561,2.3487494151718535
2562,227.6715385693072
2563,237.4496037236295
2564,283.03814700740713
2565,4.789305641742347
2566,4.808790650246211
2567,257.25797256906696
2568,39.01483980697325
2569,68.55604812386433
2570,3.342032041558831
2571,104.50167327183495
2572,-38.559058439212336
2573,194.8246874255489
2574,3.259472397596689
2575,3.9821990870599446
2576,3.3913047813709842
2577,5.726897264009014
2578,59.372429664671856
2579,5.911770067983299
2580,4.558249190752219
2581,2.7995512255402195
2582,-44.45663463765098
2583,1.9591169691679022
2584,7.147363260456471
2585,59.66680841641439
2586,4.695581703995897
2587,230.32460505525407
2588,200.39230528260143
2589,5.004361379018139
2590,62.05963300652692
2591,1.8024884459158932
2592,121.68837487397916
2593,63.837910013891
2594,53.38607466235826
2595,53.294805830805906
2596,47.50170574880248
2597,5.68243184948239
2598,6.458881855807791
2599,-0.448812987352672
2600,4.479511569920912
2601,220.67604619752194
2602,6.156456701895376
2603,359.3021373377772
2604,157.01253506440815
2605,51.40944099660836
2606,3.7782180796595357
2607,49.90558420870179
2608,185.93367184290744
2609,30.852093429723986
2610,2.6257252006854994
2611,8.938488175313251
2612,3.242534768698975
2613,4.5269327982098435
2614,3.16937158464966
2615,104.92495038035209
2616,138.45078714628377
2617,260.51211169453467
2618,203.38318654679418
2619,4.350264107042653
2620,2.2019613073615036
2621,3.94846164831286
2622,2.770117758962134
2623,1.7175758506853216
2624,6.814169026723888
2625,105.51582278261321
2626,285.3362906642011
2627,46.946810265506564
2628,133.41986503268717
2629,32.47706115143561
2630,109.9585850964269
2631,18.396212306186317
2632,6.3071681051306
2633,295.89490331133345
2634,53.77932418532972
2635,168.47334205704564
2636,-49.55513514934676
2637,3.341617446590918
2638,-63.302902175385036
2639,-61.49778334277742
2640,189.44779155169033
2641,3.3400467102359648
2642,5.600007859037667
2643,158.93331177799553
2644,117.43617298481539
2645,216.40323415590686
2646,3.094060269986862
2647,3.449906918889126
2648,4.648480528458927
2649,6.695551389360768
2650,298.70981941690434
2651,219.66713405883488
2652,63.87090908739603
2653,3.939619999446712
2654,25.635541632120347
2655,230.57852346096928
2656,241.5702486868541
2657,2.920274625505188
2658,18.4868243520774
2659,284.2434828935741
2660,1.8301940872165214
2661,282.1948646467994
2662,78.39986021321509
2663,-6.004650369186409
2664,82.08916246096352
2665,292.9651448925195
2666,253.63289084754092
2667,-20.734775469720006
2668,32.65655482678647
2669,6.837263432158149
2670,102.18615825447878
2671,187.05156891526804
2672,128.93348253858875
2673,235.23862953295796
2674,233.1010331928276
2675,1.3239672917967567
2676,-55.263114336972414
2677,352.922576370381
2678,6.914121661912154
2679,5.626673311872803
2680,59.868037159708386
2681,5.163759016171554
2682,3.1101864729555064
2683,2.5054537403956814
2684,2.754879754026776
2685,6.461182963918438
2686,20.178849686498765
2687,31.17097178277627
2688,83.44130736005688
2689,41.189682233565954
2690,140.31508326015512
2691,83.40915850687132
2692,61.66331066606572
2693,136.51255887734436
2694,129.9834391736963
2695,6.7477115301072805
2696,178.89721526218824
2697,4.041078393106784
2698,2.71935670801882
2699,4.212312489094595
2700,228.50322380557495
2701,56.88188757770336
2702,7.337638807417739
2703,3.8354267140822196
2704,179.77745002860593
2705,3.2368699857624086
2706,5.498102350205518
2707,180.47638972284784
2708,3.1861738496080543
2709,52.03004993425221
2710,5.924915873877777
2711,171.24086267039826
2712,1.8544744699464928
2713,133.0458446581922
2714,-52.55893709709091
2715,4.826746509786423
2716,3.0745311437751317
2717,253.91428781811896
2718,4.6018465369926185
2719,3.299110148431325
2720,6.509080918166702
2721,6.357479026212156
2722,4.535749880588111
2723,239.3548079422783
2724,6.165826825984757
2725,30.9743337010733
2726,3.665503430507031
2727,275.8477877668972
2728,59.173813990412135
2729,194.53691878842108
2730,191.8099775806508
2731,153.0458290747223
2732,6.834178293106847
2733,193.62005881405148
2734,108.52810746088747
2735,90.52322945247171
2736,74.73162606012725
2737,214.74048142337296
2738,123.7428417395851
2739,104.91114158245587
2740,5.796980386790558
2741,52.85199779918838
2742,1.5323633939309413
2743,6.02077264821537
2744,-32.57216438054791
2745,4.557487732142767
2746,210.62269864200263
2747,190.01172285871615
2748,2.8163566681862124
2749,5.34857925026111
2750,204.15455655974415
2751,273.4984223632243
2752,2.449565691344492
2753,116.09801702620148
2754,0.5199231339306625
2755,28.96134577314905
2756,284.760327836598
2757,5.785442979775804
2758,291.698581375334
2759,69.26984567671818
2760,157.05318393929772
2761,6.485679834960386
2762,3.881194293264952
2763,98.56491081618631
2764,4.688839010295423
2765,93.11303622286054
2766,1.9502329809973842
2767,251.1212546568814
2768,4.269020995209776
2769,3.7452665503243847
2770,201.9966511666917
2771,118.59127897074079
2772,6.641055759730483
2773,3.0277756294252676
2774,4.980121412918633
2775,6.229904875590617
2776,3.842227355657132
2777,248.3304777368922
2778,26.044546507794397
2779,2.023645074110798
2780,2.838004894639303
2781,246.6972718894094
2782,206.11592465009608
2783,6.162722573849341
2784,-1.2075297712737185
2785,5.939114915334473
2786,3.0816681326296433
2787,68.43889030234928
2788,-2.767879806738826
2789,154.60894431199665
2790,218.53544568129826
2791,99.42158961285631
2792,138.33224826054095
2793,185.52887396349516
2794,156.80906797404725
2795,60.70139407899591
2796,247.79965598292236
2797,100.36039743241905
2798,38.43248340257652
2799,36.374581056810236
2800,5.225783164987961
2801,4.378011453358278
2802,3.2543610104035894
2803,73.41363398515432
2804,3.759460103253631
2805,69.80951986296743
2806,6.660708979216885
2807,34.020916883377346
2808,86.46401886486049
2809,6.056645048590486
2810,5.756829364155494
2811,210.27080096335305
2812,5.8830702093076646
2813,6.899599905549972
2814,6.008957469895377
2815,272.89691421603567
2816,53.52746935309703
2817,271.7348974215082
2818,108.67639442271894
2819,70.0256456874014
2820,165.24172345194168
2821,40.98806327539629
2822,6.045518059552778
2823,55.97622431033788
2824,260.7759970169476
2825,118.72994727635353
2826,-68.27608917339629
2827,6.613886084526261
2828,5.464001322578323
2829,4.592421190332359
2830,5.724679776230891
2831,5.909506312462607
2832,6.11698392229758
2833,141.49600889339894
2834,3.6853942299776286
2835,3.1042590450563567
2836,3.568799592341703
2837,3.161667280972068
2838,5.765833293275766
2839,1.9556443008325173
2840,55.97015761565684
2841,55.96286856901129
2842,287.9678513138015
2843,6.031532505663752
2844,180.26814538122846
2845,303.93246535636393
2846,3.573966966100076
2847,104.6371528162905
2848,-1.8702714477266191
2849,-65.45915238095736
2850,6.711836570597999
2851,6.393983450168342
2852,-33.31639049404116
2853,19.989803004751856
2854,2.636439567081228
2855,53.39279455791661
2856,5.971166511628783
2857,41.25463722718206
2858,221.43365068485366
2859,1.6213134943410963
2860,135.4214405537404
2861,278.6437370463994
2862,250.12284549398063
2863,2.6376418202546064
2864,271.65179605715514
2865,227.14598095913317
2866,1.8907154001425817
2867,2.5332879989412147
2868,102.73297964888972
2869,46.760658901072915
2870,187.96001193799782
2871,6.3068988539114335
2872,250.17144754309302
2873,5.152767956293427
2874,32.13139536867967
2875,4.774920604345868
2876,-40.85941737444589
2877,301.4929649813335
2878,-67.0682035609507
2879,4.932658739542868
2880,224.13721332421423
2881,5.751012443813122
2882,6.033624487612276
2883,3.992077790764782
2884,6.61186520812139
2885,161.1230123147099
2886,241.85048808783338
2887,5.913330290986833
2888,2.0468953502425142
2889,6.346792761370127
2890,3.1587960622372298
2891,-58.19948418937825
2892,158.9388528065401
2893,85.51579734115475
2894,73.48989898735024
2895,4.427324449620098
2896,2.6499715265678034
2897,5.2939543535974245
2898,80.65693975650584
2899,33.64151047030111
2900,3.0406827497244833
2901,34.30405058251487
2902,242.006267868113
2903,272.79100581056036
2904,3.729060897747222
2905,3.6120127695223547
2906,32.696063132709476
2907,3.7775862651667236
2908,42.397142725569196
2909,2.206986322812147
2910,109.92856067250393
2911,3.6089930986260557
2912,2.5392700380170927
2913,6.413908658352968
2914,34.46016640742177
2915,8.285886289345605
2916,202.16787566269406
2917,143.07437432865288
2918,3.6976465098132874
2919,382.20717289209006
2920,196.5416456227025
2921,5.4443630183639975
2922,3.8726010202363943
2923,225.13668957303992
2924,5.756830639749479
2925,4.95325877357588
2926,6.044837818326014
2927,7.474191363996866
2928,6.399650049696081
2929,158.39749730179255
2930,265.6081172659028
2931,2.2873047279982712
2932,5.8582094049623725
2933,-27.45943652680949
2934,112.25392067288583
2935,5.236463458645225
2936,-66.19344567829174
2937,6.442415571367297
2938,4.16139849396094
2939,3.105629565843461
2940,147.06654399046727
2941,88.81846435453473
2942,70.14371258373416
2943,6.123286360211977
2944,6.432427694369812
2945,5.862629309788489
2946,6.377800054552733
2947,-57.463980041070414
2948,3.1282079894446078
2949,6.749606893030049
2950,2.806246177076724
2951,137.95884847768772
2952,145.48354882912128
2953,6.807111480059146
2954,1.8047314650231545
2955,29.591252144299965
2956,6.3413504121288815
2957,97.84317780094338
2958,5.878852349079012
2959,188.6152681238307
2960,6.193536264335769
2961,180.7732754463822
2962,3.5799774297791034
2963,4.2218174675739
2964,234.92849640124922
2965,189.5093073843927
2966,4.66220167669723
2967,3.6741521111667597
2968,161.20405455383826
2969,-83.1794249262749
2970,2.029765035884715
2971,230.25530529141162
2972,6.89687719567665
2973,201.4451969080182
2974,259.9839581754496
2975,4.5374603705009795
2976,44.560350682121864
2977,49.41767400190634
2978,4.781185110321135
2979,4.5865744923937575
2980,321.47927970138625
2981,311.3655154313178
2982,147.8398285478076
2983,140.50156988482345
2984,281.7777145570728
2985,124.86897629904362
2986,295.7486402968646
2987,236.08185377801226
2988,107.3489020423744
2989,122.31916220625794
2990,45.091023204072584
2991,6.8522210997920405
2992,3.027806711758264
2993,5.7660805082092175
2994,25.447982459497243
2995,-2.5964477410184954
2996,4.4593187233900675
2997,3.6373753744724553
2998,93.5142616924572
2999,146.94817795996423
3000,63.34949241620423
3001,3.0839943595955424
3002,298.01406025624436
3003,4.3992509840031095
3004,271.172840790749
3005,85.73645625426052
3006,88.17947767190763
3007,6.482871844794972
3008,2.6307299066485936
3009,32.630168465970684
3010,4.241096030558347
3011,60.37667059041225
3012,5.355083343465973
3013,207.0794373615308
3014,6.55920196775975
3015,3.923729213300347
3016,6.061849466758646
3017,6.057716361122526
3018,4.336631810249801
3019,200.19281124802154
3020,3.2775374924311276
3021,241.89836233000963
3022,289.31998675288963
3023,3.052461024585809
3024,93.64918681427768
3025,241.93308834856768
3026,159.83927922626046
3027,6.193182554511352
3028,5.377714449343101
3029,-17.148829611884235
3030,-49.87924378932561
3031,6.086250788200574
3032,6.5925069084145695
3033,4.6514968888613595
3034,127.84565325472167
3035,145.84979222264732
3036,206.292440628296
3037,5.9109284618157245
3038,2.086755279247558
3039,-22.05759938935792
3040,149.89379101840353
3041,4.71775524055066
3042,34.431812411184936
3043,5.876879119339799
3044,217.335293032431
3045,196.7418839816397
3046,4.6534560424481315
3047,4.332696330747401
3048,41.88467863939295
3049,5.520352207440032
3050,231.55926081848128
3051,94.23163862342282
3052,6.470320206827796
3053,3.7525056445919263
3054,119.44362421232564
3055,182.0078681797361
3056,56.73118109335782
3057,3.4239238887090284
3058,88.61350138453372
3059,1.843037535150186
3060,266.9389012330356
3061,5.303069411001666
3062,226.1449579199201
3063,129.99936093309293
3064,234.62823934569732
3065,252.5366241758698
3066,116.80027485337709
3067,71.6941693214709
3068,5.844635820519484
3069,6.088334539436024
3070,3.450782019703826
3071,6.223854754992137
3072,206.2746106787964
3073,138.81371742213398
3074,6.345030872351064
3075,5.998133659656696
3076,126.75931290047117
3077,5.852151457076389
3078,73.04254546774837
3079,5.813860770994406
3080,3.404819143408257
3081,-11.342341327767505
3082,100.32250366299185
3083,152.22648154216583
3084,1.16268038876075
3085,5.591649902761514
3086,204.00475934360952
3087,3.0773024335899324
3088,83.32040259270183
3089,3.619917957418867
3090,303.3688857111008
3091,161.07908136348019
3092,87.38569730014834
3093,4.2229836427412035
3094,180.3081354680301
3095,266.33802789983133
3096,139.37323434965793
3097,4.890786810827222
3098,5.9881602986675695
3099,16.004225508351038
3100,85.59767578341408
3101,3.524893941987749
3102,2.5363838571795543
3103,3.204837892998022
3104,62.79264279634529
3105,-3.2318913927954975
3106,24.549386564934384
3107,1.1701732111468126
3108,2.484627211258809
3109,6.469646682674441
3110,234.3741822443838
3111,1.8254900975415975
3112,209.35539463966464
3113,5.553215509969689
3114,40.564051568231136
3115,274.95538414777457
3116,98.82137966692623
3117,5.039443963708801
3118,260.76369788413416
3119,4.276063786943296
3120,49.7127306495876
3121,30.773520166897377
3122,144.2905517586865
3123,3.877984527542408
3124,2.7513741571711834
3125,3.7870413461083157
3126,215.60649556368034
3127,249.1631206171334
3128,46.580946439995266
3129,372.20727744137116
3130,2.073172327869938
3131,103.87841272571681
3132,196.16138954692553
3133,129.7283720629594
3134,242.74927032765382
3135,1.6870045395975333
3136,322.12647184756236
3137,3.0638206262838033
3138,142.18122322204601
3139,5.72201298206554
3140,2.3905964691528547
3141,-12.109229992129453
3142,3.190669700685147
3143,115.99410196232986
3144,271.8205604609651
3145,5.36408558847698
3146,278.3970279428913
3147,115.72946100870472
3148,95.70814269087137
3149,-9.496085387758484
3150,1.7104873377545655
3151,232.1308490130925
3152,7.042447719825644
3153,218.8000854911351
3154,176.36550163255654
3155,30.28182212859056
3156,41.66921292037271
3157,4.866214144309229
3158,311.89388898820556
3159,116.148034727172
3160,255.2927735380965
3161,-49.27857515734899
3162,3.211855671973462
3163,205.62451262077877
3164,3.1721320612455015
3165,-9.636361430551363
3166,57.153965343136846
3167,6.446079373608089
3168,5.2531376136812336
3169,3.545814521082285
3170,214.4577032804291
3171,2.68198408944771
3172,240.04169489453415
3173,268.5319156194135
3174,52.354179395860065
3175,-64.7992798659648
3176,4.035484755892199
3177,3.283396759892288
3178,152.75716616856502
3179,6.240958212257353
3180,321.7607702323254
3181,208.88876862551757
3182,298.68898264225845
3183,6.015159306954474
3184,119.12223218007927
3185,6.750606730732879
3186,172.24409280239308
3187,296.2250777365285
3188,-52.844625354992125
3189,268.51943874420556
3190,3.914918980580491
3191,236.36289531199802
3192,52.3951354404416
3193,6.475574263291849
3194,4.447598856555984
3195,5.899412319970686
3196,145.08800318439248
3197,5.490279057873223
3198,177.35658537353515
3199,183.52558350407443
3200,2.1765840349973438
3201,326.06538449406565
3202,4.1589852812176495
3203,4.562340306114398
3204,5.699082851850421
3205,6.452627000989394
3206,256.84095963067267
3207,5.893174195093204
3208,186.31408626974965
3209,-35.234036791181616
3210,7.299106934748056
3211,193.2215007657582
3212,236.33657588204792
3213,2.5680218151745997
3214,256.41637708470114
3215,3.450672864120383
3216,6.034356199934403
3217,131.51796573245525
3218,257.55443006547875
3219,89.6900731026152
3220,64.08512106505079
3221,106.38357574396784
3222,250.35300685582513
3223,363.8719921375533
3224,-90.28842850050519
3225,129.97332181409752
3226,6.074551622126567
3227,5.869129078692191
3228,1.6769924312826014
3229,282.47107305586496
3230,228.77664296212728
3231,6.613908236405537
3232,4.705155947763194
3233,5.690584079045106
3234,4.484753407222916
3235,85.95481653506468
3236,147.00260543257087
3237,28.22621480908138
3238,306.9160618191119
3239,6.6423263440516545
3240,48.39227482581485
3241,18.961993325652262
3242,2.4565527359178105
3243,24.820408933682078
3244,157.21002209941335
3245,4.933599823631549
3246,247.08453163213034
3247,6.377176110676692
3248,74.19105189116559
3249,2.1810229834425643
3250,235.82250334046861
3251,232.5322189112799
3252,125.0292440022233
3253,54.56975974762051
3254,144.53457593504186
3255,6.540133153908841
3256,5.793467567528083
3257,2.2075365850066677
3258,2.450154446063095
3259,48.102111585894896
3260,5.89032773770226
3261,103.04955254401771
3262,311.28621127267917
3263,2.1783167140614634
3264,4.316139122876442
3265,139.81676618844375
3266,3.678894039733701
3267,6.665688149675427
3268,3.2020389467473205
3269,4.5820453318758405
3270,60.53865501622934
3271,195.60843889117527
3272,2.1970717630374565
3273,207.27440930605667
3274,195.7335356547513
3275,128.2959306384428
3276,111.36515670423749
3277,6.5363834863068115
3278,6.263770950803122
3279,3.1161486305748243
3280,149.21372269429904
3281,295.23561914776127
3282,2.7860035948088293
3283,366.61258548436496
3284,354.51081365593893
3285,93.41947909800062
3286,3.1707044553242913
3287,8.836609239381918
3288,52.07225928346403
3289,1.8416284132950784
3290,34.70805806208445
3291,230.01731634844572
3292,3.007261522903915
3293,44.181520421235724
3294,202.43921641727184
3295,153.0227500379207
3296,28.307219882500522
3297,212.68325172628948
3298,2.0188951863828426
3299,253.07820110221817
3300,3.323478863855585
3301,213.10395407980442
3302,202.58800182236666
3303,-13.234628373199264
3304,235.60822270668595
3305,5.2598003539347316
3306,4.414882053359807
3307,165.74853473397332
3308,3.080642895407257
3309,6.393730851584016
3310,-54.80109978797693
3311,2.8297002330123036
3312,3.750370437083514
3313,2.5590946888872246
3314,5.927225936487083
3315,4.085520434341795
3316,295.76952342492575
3317,307.0908281369398
3318,29.835739936967553
3319,1.9285163140766712
3320,2.1234317609397393
3321,5.071197688161748
3322,149.690872310756
3323,4.538848137605749
3324,3.903007339189124
3325,317.453705186156
3326,85.19342643235942
3327,-59.62350953482391
3328,6.525390337295489
3329,1.8711947962817868
3330,158.9791578180422
3331,101.71898419985494
3332,3.7225241243515566
3333,249.0472718435502
3334,110.7485671694512
3335,3.205981289297856
3336,4.918443596672099
3337,2.524051519870455
3338,1.7455263041787719
3339,11.422969256489266
3340,31.817749027463634
3341,69.75927220956734
3342,212.52574642654469
3343,129.7737778851191
3344,3.910898557059118
3345,248.60302905197582
3346,284.46003887072726
3347,166.69264176833138
3348,70.22044964022857
3349,5.463558018632054
3350,3.4798750828811955
3351,3.1585366601617393
3352,1.8250925134932627
3353,115.88657142753136
3354,55.997260798336434
3355,3.140461652528253
3356,305.4428370709204
3357,2.9666031509974293
3358,224.3622797984829
3359,98.86195240948528
3360,154.6508117683474
3361,3.53744142530935
3362,3.650780191306193
3363,3.415975014924703
3364,39.344492343658914
3365,118.38006564326591
3366,46.907986057549905
3367,3.3103143163046775
3368,167.32409517799564
3369,4.070022261027743
3370,61.16601163677498
3371,24.546270242502633
3372,223.82495198477733
3373,69.64418043979055
3374,326.858614208834
3375,2.3219185792389534
3376,2.433949814689097
3377,127.40491316710194
3378,5.499808823287405
3379,44.470238993316066
3380,342.2223020199258
3381,6.6732704655948245
3382,98.28957304490054
3383,6.660330950965906
3384,55.467210198740034
3385,4.601080598219227
3386,40.1272400723181
3387,2.1805851462677976
3388,181.39585614235776
3389,228.26671203191026
3390,2.085602806945116
3391,5.696454739000861
3392,5.315536549586184
3393,182.86438504954765
3394,127.37746950322155
3395,5.425319147281032
3396,5.723978435343793
3397,153.33054961391463
3398,2.1964228004420567
3399,204.6536991900792
3400,175.2045900033083
3401,4.808525736064445
3402,1.1374077649109267
3403,56.71265579848257
3404,125.03102973199819
3405,170.14903647063898
3406,212.8720245786204
3407,4.058223623676301
3408,111.01878089485405
3409,111.76420383151746
3410,5.964119423881308
3411,5.31230753105821
3412,64.94514954063682
3413,2.157850318896419
3414,6.78890370035831
3415,132.45784519249375
3416,71.34336010550321
3417,201.60712614076493
3418,162.61385221904274
3419,76.06405320340146
3420,26.5254406991261
3421,-68.8690148483732
3422,173.43137450181854
3423,2.0999256019405
3424,3.9377784128880786
3425,51.37261924537807
3426,3.549478251971228
3427,48.53168576022815
3428,2.498117691019622
3429,324.8732025560236
3430,313.0648720947975
3431,88.73225347933601
3432,6.024144262487212
3433,106.5899058407949
3434,1.9769375309128567
3435,326.45345399869257
3436,209.7746048861005
3437,3.4207194221189634
3438,54.63663339325571
3439,279.22900963276567
3440,6.404842632154406
3441,4.879576074260072
3442,248.8686266114691
3443,5.185657520550954
3444,193.9254753040944
3445,3.585827929775469
3446,5.674119406200337
3447,221.51881889694724
3448,4.974957960162666
3449,5.689734603728022
3450,103.37563639815825
3451,182.74376473910215
3452,1.9895796114211635
3453,1.7244166318062633
3454,10.084165661379718
3455,4.18185872286261
3456,6.141769925366853
3457,4.006663449933301
3458,6.197106359345074
3459,171.64837121457708
3460,-45.52650484927775
3461,3.287952251152634
3462,41.111634629814
3463,230.2174351361323
3464,4.560181380807402
3465,2.835304253147719
3466,6.689874080152211
3467,107.94783940367294
3468,32.78693811735024
3469,304.4097451786189
3470,154.85718625436363
3471,4.636437392929769
3472,277.2862545498422
3473,6.7688361955432335
3474,3.3081278553704405
3475,4.634524639883822
3476,37.527731817345526
3477,3.656412122093245
3478,6.832875480154652
3479,2.923141827977964
3480,122.91197763307926
3481,133.33047298580883
3482,79.9848141058122
3483,51.670683396132574
3484,182.50529660308047
3485,2.3489770488018493
3486,209.6835395478377
3487,5.894063852294242
3488,4.764626677200851
3489,3.003782198607913
3490,5.8558314422776325
3491,3.3581774845177765
3492,2.448938278097851
3493,308.1528780398885
3494,169.6459257097626
3495,6.28436797087373
3496,2.1479383412330257
3497,4.52920968301605
3498,6.7139768686362284
3499,18.185311229320725
3500,105.4554991218872
3501,289.6284264648388
3502,5.994019379502048
3503,3.7643454430801437
3504,101.43917696439536
3505,147.60838698590075
3506,72.90411252348433
3507,6.25026941203596
3508,3.5487812352164854
3509,3.075523204779482
3510,264.6870172050291
3511,1.9506188402271634
3512,58.5278602096376
3513,72.87890274510222
3514,3.117806943385069
3515,76.21144210702462
3516,3.332869352830403
3517,206.56804064876607
3518,4.28711699655523
3519,244.05916458819598
3520,318.84430216851854
3521,1.8750786590308806
3522,40.590785427608054
3523,4.914995809722896
3524,6.592336477939856
3525,5.216812111347565
3526,32.778719020519134
3527,1.6091165296271175
3528,289.295200031169
3529,185.66220339258953
3530,2.594784960187673
3531,88.2466379290749
3532,258.63128109718747
3533,48.280541797381474
3534,8.250427996317372
3535,91.37282857869909
3536,3.43395624776665
3537,77.87982130928816
3538,6.949336867146916
3539,41.73156296214277
3540,142.93093312162227
3541,-47.52295035892036
3542,2.944943243502126
3543,178.29081835913925
3544,20.31832919124865
3545,2.481412066373339
3546,5.855072768352888
3547,167.11060922908183
3548,5.079016298852188
3549,1.7327495942621205
3550,4.407256734101782
3551,4.963585194808097
3552,5.615643905225837
3553,6.823006008004431
3554,174.1696996524794
3555,4.353514874475321
3556,2.241790124254517
3557,121.33130760433559
3558,5.292291417802799
3559,83.65546450648885
3560,50.572196225714016
3561,6.397122019591403
3562,22.844120049618855
3563,-42.53355172738634
3564,5.925974113224352
3565,5.248307051260239
3566,172.335356061853
3567,1.9805885357978548
3568,228.13442417943918
3569,182.56359425803956
3570,42.24037956795598
3571,194.01119566025096
3572,1.877144132361273
3573,6.079425189695184
3574,5.762130991536786
3575,1.699302353528793
3576,4.686967415568766
3577,5.850132771098136
3578,74.3692899830196
3579,2.0021080045226114
3580,72.07576645593818
3581,236.9247907092556
3582,56.03415398109765
3583,82.82199450111482
3584,6.551525342790588
3585,30.312170715298908
3586,5.778766964287597
3587,41.60640684385118
3588,3.404394923672213
3589,231.5807902521535
3590,3.1697303967734625
3591,3.7421709511820156
3592,194.1559032478209
3593,4.7930768515988555
3594,19.72002501910532
3595,6.702924260761916
3596,33.69128703212502
3597,308.5084890899127
3598,69.67882069907084
3599,58.091019738910404
3600,2.65802349079406
3601,308.3506421352842
3602,19.898492252689397
3603,5.457441937864977
3604,3.4965526918138568
3605,159.74331531357674
3606,2.116777573903876
3607,3.6957887560844105
3608,264.2277805126937
3609,190.36852328166378
3610,31.489000873399938
3611,5.641741247522174
3612,294.1042211360253
3613,6.315440246182212
3614,4.984013639210571
3615,6.452024690665465
3616,50.48625657114152
3617,5.119492476216194
3618,2.9881498635239345
3619,-65.35767080590722
3620,28.642279853418618
3621,67.83687251306498
3622,5.278700706219232
3623,255.91431518006772
3624,-5.997735840871668
3625,97.04180850494643
3626,61.73265890959379
3627,30.037371978621707
3628,6.449743005584345
3629,39.98429626179715
3630,245.85583333780446
3631,308.2409244848092
3632,258.96551903540797
3633,246.92666406173325
3634,109.63812733282063
3635,126.97207696901995
3636,4.657882418794317
3637,45.13006814524224
3638,54.874533772882536
3639,5.113095069705702
3640,332.1709493285747
3641,219.57177929103568
3642,155.39040061171565
3643,199.30258661208154
3644,6.449998462686528
3645,106.80550870139969
3646,2.4259014919990673
3647,5.929194832239735
3648,239.238713173491
3649,-3.362671153882587
3650,3.2485700188133233
3651,186.96155354986462
3652,50.60742390560172
3653,-2.9839190335314907
3654,74.1531006622394
3655,2.0355427197705853
3656,128.01415150664985
3657,5.762038866707596
3658,7.896012827679958
3659,4.615416232076076
3660,6.0992339426486515
3661,52.35308326328966
3662,2.029113959280414
3663,5.88543790797642
3664,120.77721120785007
3665,4.726120712023143
3666,277.1199891826264
3667,243.41098088087543
3668,254.64193027893103
3669,231.96379278046308
3670,7.53297044627442
3671,6.497703001959967
3672,231.0456991390145
3673,4.8336802887530945
3674,293.947484278997
3675,146.15459139356068
3676,60.53975178573435
3677,32.770559980005814
3678,-7.832831837311943
3679,4.118342136910326
3680,3.8182056715087285
3681,148.08476070848334
3682,79.87768376099547
3683,167.6587549698704
3684,80.0089151698704
3685,143.39282802526128
3686,283.89735231624786
3687,97.5452690220175
3688,283.4355042091189
3689,2.3969929374884087
3690,186.43129506831428
3691,170.16283648361406
3692,309.66008046154053
3693,273.3416223560466
3694,1.7529998779160612
3695,247.9566822488377
3696,204.9032069872368
3697,0.8680538154278857
3698,-44.895599786364244
3699,4.223758644391951
3700,5.471071600901268
3701,364.8821949267956
3702,3.7789150691401256
3703,3.8902761858921884
3704,6.280040398553763
3705,1.3209286091927488
3706,72.09792567349396
3707,-21.22740071248352
3708,133.9567705239082
3709,2.9482715048588295
3710,6.244043458596266
3711,330.7920575886073
3712,76.90146052738793
3713,5.508066673414344
3714,326.82802688216367
3715,2.5675178322878507
3716,1.958782476644167
3717,176.69327211379294
3718,79.75246481423719
3719,143.0893736908393
3720,139.46218371369838
3721,3.1978924778596376
3722,3.791353497080395
3723,3.2837047384020455
3724,1.8670453861827314
3725,67.96525015965591
3726,1.7018239627530054
3727,243.44802116469205
3728,77.9886650394541
3729,-59.141958403611675
3730,164.5445263649817
3731,84.85837264685325
3732,3.5164298393652933
3733,-59.34687503838065
3734,3.1774606970885793
3735,2.3522720441172584
3736,-30.378364442997626
3737,5.929629968663182
3738,193.89305937990272
3739,-54.14850908058761
3740,234.88330392368698
3741,31.022225590130446
3742,257.7274457953748
3743,2.2839514896780067
3744,81.58749758698411
3745,-33.17052869283799
3746,4.8985404189716215
3747,4.907562243022852
3748,194.13893094517664
3749,93.16107274977436
3750,1.6122212703619847
3751,236.01343250448045
3752,85.02648806865889
3753,4.944244769422353
3754,3.86292567737621
3755,42.57089658714158
3756,5.589777787148683
3757,36.30695280860232
3758,5.912304376106593
3759,53.53766006959261
3760,1.9192486973914014
3761,7.094573038372426
3762,5.939285696603211
3763,119.51924653607709
3764,172.7919499811804
3765,359.90076264522054
3766,6.129695779126091
3767,282.7192004606303
3768,63.953392766461825
3769,1.6463702672228517
3770,140.31566306938467
3771,3.251069343878165
3772,184.35594078223278
3773,236.10156573757735
3774,2.495869039048138
3775,3.581258125975371
3776,195.88935981721824
3777,6.532458144142485
3778,224.68475505366615
3779,271.831246230994
3780,6.275098027204505
3781,6.377682359024407
3782,2.201317857637366
3783,1.788176679193409
3784,5.480980019623407
3785,18.337583870632628
3786,85.55453735841301
3787,6.000081933297612
3788,6.732605481903274
3789,283.2669058283675
3790,6.7470943325881345
3791,6.557860550487119
3792,3.701287863795747
3793,28.46226151965997
3794,-2.364326464568829
3795,180.59884968092763
3796,232.32313780309624
3797,4.829034186233361
3798,177.96867354368155
3799,-71.638887705626
3800,236.0831204028875
3801,138.1268689374072
3802,147.54170752635224
3803,72.443994140307
3804,58.951783054489944
3805,4.557860893511702
3806,3.032253563259382
3807,81.21695671500203
3808,3.644000730106767
3809,-48.62528361787428
3810,2.506440661284867
3811,4.62614408381886
3812,268.46556619365913
3813,3.6537281067813105
3814,299.87207825164626
3815,7.664899868594644
3816,3.705032667284156
3817,53.485473344633
3818,6.5785756163215705
3819,2.3881118699238026
3820,111.37989013846592
3821,8.019197478709769
3822,5.338871049036485
3823,254.022897114208
3824,4.933972512421018
3825,268.98558571347786
3826,6.017631050534275
3827,302.45445051067765
3828,294.9278505536911
3829,6.574466020174116
3830,239.0194869588237
3831,56.53584204236161
3832,1.8271045214964259
3833,68.43948659613196
3834,97.67838055697366
3835,2.9342309131203614
3836,5.202057075893482
3837,6.859374687251112
3838,5.9729266884355585
3839,232.8015292075889
3840,5.770343613070415
3841,151.61883661371576
3842,3.783381188347355
3843,248.1475557497104
3844,5.826431802379349
3845,6.393776025694955
3846,6.246568975746036
3847,89.12493143636476
3848,134.84849483180417
3849,193.75073938252714
3850,11.650301958367368
3851,143.32633152244082
3852,286.6969141413452
3853,5.411609943287259
3854,227.18452235912284
3855,1.9259759360978128
3856,63.75068827939924
3857,4.027318415170895
3858,3.2010624639956697
3859,260.2577255305625
3860,6.314654708893534
3861,-72.70602392075969
3862,-11.631717270375212
3863,3.0471365493308675
3864,3.0173316073994427
3865,303.5643314289741
3866,4.363870670448262
3867,208.17280487414624
3868,4.584046475124266
3869,3.1101642802579854
3870,117.73609436661373
3871,46.76218049672231
3872,3.642937129333391
3873,4.094627306235777
3874,347.41579530205087
3875,266.80833442138015
3876,95.47565035591283
3877,-68.50301602063908
3878,143.46998226283915
3879,276.74062812154256
3880,6.536440866151734
3881,3.6153493626487636
3882,2.4349231323775
3883,186.20127580533733
3884,152.551814330589
3885,6.453187758944111
3886,5.399679828332777
3887,6.209155773490573
3888,2.6178660535122047
3889,169.14427036635712
3890,1.5737777182920163
3891,3.2695853248103552
3892,174.09348960256085
3893,3.2676481362421197
3894,315.69726561280885
3895,-33.929089777346704
3896,27.563384358595343
3897,223.83220784294178
3898,199.24273939368467
3899,1.7066238790256074
3900,75.58189705217913
3901,127.06602663636532
3902,2.867712307646772
3903,52.78573390833115
3904,54.81441928421675
3905,3.5309766101873348
3906,7.788145920363495
3907,223.0317306710782
3908,160.42658821597664
3909,3.1995132935485144
3910,4.15753207069198
3911,231.91056957874073
3912,4.400477531563187
3913,46.794488854101495
3914,268.00204037095085
3915,6.253104480532787
3916,5.708230781252618
3917,3.7772031581623695
3918,-42.3115757569844
3919,5.144408324456816
3920,39.38277972218448
3921,70.50369844341319
3922,7.001136930473615
3923,2.9070001845574236
3924,352.90869427764005
3925,89.24078986654085
3926,2.1128647392375344
3927,254.1547796524155
3928,3.5268963499438195
3929,5.234818915917626
3930,6.201388930860104
3931,173.7706294155445
3932,4.006670956204855
3933,2.3674186212024853
3934,6.451861548108405
3935,230.34127429759184
3936,1.9206840582464124
3937,3.2107285602030267
3938,3.07032752855311
3939,288.7737497389109
3940,6.472561217891672
3941,6.503016102753329
3942,5.344567023551286
3943,3.0518734991230843
3944,6.790962420078601
3945,352.20156799851173
3946,229.55738706009384
3947,33.553112569488015
3948,147.559494595215
3949,5.664503922205582
3950,233.04050543622992
3951,1.8241037802141595
3952,79.90119540201101
3953,144.5466993698606
3954,2.5424744478896244
3955,6.256596358347318
3956,163.54033873971073
3957,54.03408265988048
3958,80.5579550448071
3959,220.9269693871585
3960,6.005593485577646
3961,6.4993525595721495
3962,92.52295545725934
3963,5.806837745463152
3964,113.24289066315892
3965,6.412363937526872
3966,3.3902972085660212
3967,3.0716655886101587
3968,165.5150734610204
3969,72.81417013113952
3970,2.519378065220675
3971,3.5629880938189578
3972,3.1180066770575046
3973,3.5868746748236413
3974,42.107900246487915
3975,71.34013705892723
3976,3.673510193577394
3977,4.139706065246549
3978,3.6144175272496706
3979,128.62035276236162
3980,252.0305257632915
3981,271.5733125927344
3982,5.633984972543455
3983,3.632026018905185
3984,388.11666799868283
3985,225.86837057012448
3986,149.20413640608456
3987,107.8683450480941
3988,3.333150770547159
3989,-3.2965760021882144
3990,77.24524010029161
3991,266.55455100341817
3992,5.908449077784167
3993,5.443378958887019
3994,43.51767966229278
3995,110.46298150593768
3996,4.19075450753448
3997,102.18615825447878
3998,2.3756228095932026
3999,270.78694687673624
4000,5.404802239322254
4001,4.305315890339092
4002,77.93595754738075
4003,151.5431692462635
4004,2.445255763697704
4005,311.6670562751712
4006,71.68803302162254
4007,6.722412086759885
4008,3.690514999085755
4009,5.698707350263754
4010,211.0860132375602
4011,3.5413418315420717
4012,6.376233228331588
4013,247.0726174770767
4014,5.771634977446191
4015,6.078008389079836
4016,70.95153746608416
4017,139.54675066567376
4018,121.43655300461005
4019,1.4497587779613206
4020,1.9483908385952
4021,111.33519740983698
4022,62.803189016174365
4023,4.067706057022208
4024,114.26456335587844
4025,76.53817210118441
4026,22.338344071823094
4027,227.28282484136614
4028,93.10851317729035
4029,7.199659575768233
4030,2.3071013023573457
4031,102.23790722996083
4032,87.149684109887
4033,3.632305640473741
4034,233.67554102532105
4035,172.16598630595144
4036,4.061589455119875
4037,3.8961369285669853
4038,5.945328629863659
4039,5.875657072643727
4040,108.2758644519545
4041,333.86930585665095
4042,61.015746278902256
4043,258.7104837173336
4044,4.634595285900105
4045,32.049172941341276
4046,5.844619876696457
4047,4.036034174919763
4048,274.3741989586243
4049,113.46626171616627
4050,289.20931340373954
4051,49.64546661422264
4052,2.550336677548623
4053,4.204012450479374
4054,5.811659830216359
4055,4.342512688960265
4056,259.8255499003407
4057,7.0694593535257555
4058,262.64510961397275
4059,68.20685883079251
4060,253.93183919569933
4061,120.20328028562808
4062,3.820299289107323
4063,2.138433073551124
4064,173.18318812578087
4065,1.915802873023481
4066,94.30209855170932
4067,151.89886840120064
4068,187.8077944064134
4069,348.85375901160216
4070,2.7877426871897515
4071,2.725902232136747
4072,2.010303508619496
4073,3.017149254703105
4074,4.056697736402341
4075,-17.850110438478062
4076,52.722076407156614
4077,4.745258610378703
4078,6.22512301729079
4079,7.140888088360987
4080,278.020919576905
4081,3.6130242196270728
4082,113.75324691066236
4083,4.05547053650721
4084,-1.479829627383329
4085,44.82902621349069
4086,4.086685535699776
4087,4.113229478086232
4088,4.576092255044398
4089,81.2664664017134
4090,125.90722676148364
4091,4.315184278824975
4092,62.156556486392766
4093,17.133179435180416
4094,4.921256905762007
4095,6.835438086658319
4096,2.4788638255525335
4097,2.605388429041858
4098,2.7479259176481503
4099,-30.462736978989067
4100,27.629692187985032
4101,6.783637794008564
4102,4.568826664983937
4103,66.32058760734712
4104,198.12808827886766
4105,5.5001172135769485
4106,123.65341107034962
4107,93.32439643621365
4108,79.53786407552037
4109,235.40092547632483
4110,5.977191815792923
4111,98.7687145363403
4112,83.05924460617872
4113,3.0626875332111814
4114,5.3973264499657185
4115,80.9988629792941
4116,161.24188825986872
4117,79.7855183035594
4118,268.3109158918487
4119,256.5825064428721
4120,221.10145207672997
4121,81.45981499678295
4122,-28.427361978203585
4123,2.5124799678366845
4124,94.13501535910662
4125,2.1613203034889317
4126,66.41677940666318
4127,6.021219720649622
4128,1.8335395063014928
4129,6.247900603982376
4130,2.108320210776236
4131,62.13554652604104
4132,6.11690471296286
4133,5.051427342418213
4134,120.00030171555251
4135,-4.870668147898229
4136,152.02171422178816
4137,343.20546294769457
4138,-8.15041649972371
4139,105.03372394750258
4140,60.22205966030334
4141,4.159664881208784
4142,111.00042865130246
4143,309.47218222523907
4144,80.94952900765422
4145,202.6158573919456
4146,69.62538880573283
4147,60.62730539668315
4148,268.62151348912136
4149,47.38998422403337
4150,39.849502115542535
4151,52.033405510694756
4152,141.6554656357675
4153,4.253532974780436
4154,369.9848998457862
4155,167.09680645887516
4156,3.3886676864910354
4157,7.5806723979534185
4158,4.0138721081246524
4159,4.106004790003212
4160,152.17461595193905
4161,174.80969342257526
4162,6.107666171210556
4163,66.71867081281287
4164,168.44668376781354
4165,7.17145509951774
4166,45.75571388081719
4167,109.28676673673009
4168,46.99354130031662
4169,2.2915609239563155
4170,-12.334243082282917
4171,88.23517598103402
4172,4.638077159049583
4173,3.5702371283466627
4174,79.45441448562882
4175,140.26092393257457
4176,1.973947481875106
4177,3.8790342312779638
4178,34.13973609177628
4179,136.81894507028935
4180,171.83802348660637
4181,48.75043831292199
4182,42.536643378609675
4183,16.19997741471319
4184,176.20437810178834
4185,292.64950976495976
4186,2.8821279075328796
4187,81.25071588199435
4188,4.234373677546005
4189,4.243552284125239
4190,122.81705249975117
4191,2.0973900491284154
4192,27.054086948917867
4193,56.390259383112095
4194,5.9624442081619
4195,4.344247330990557
4196,134.11143110330534
4197,6.4404422773183905
4198,2.9906883399063675
4199,5.138246152201034
4200,302.30533818082984
4201,253.2904184267147
4202,190.9081302342646
4203,5.450279547468875
4204,83.67988384128601
4205,5.129664254597705
4206,7.758172442953191
4207,135.0274065347873
4208,139.06655861667977
4209,225.48655516058636
4210,-60.12035806662518
4211,2.387830128644234
4212,5.421160628708572
4213,5.702625205189061
4214,7.599273067975833
4215,3.144578173407123
4216,1.6901363777228908
4217,2.8589161328189507
4218,5.88382317907331
4219,44.270364044366666
4220,89.0498640777377
4221,2.172247100667023
4222,111.30406360483666
4223,2.6920350989010986
4224,6.738438266343927
4225,4.808749345635143
4226,276.0223565437403
4227,2.1864063106005176
4228,225.06278902869764
4229,124.2892877411011
4230,3.076920264733103
4231,1.7343965740531793
4232,55.55544598461896
4233,3.224600746958347
4234,-3.04021427140581
4235,78.63969183795598
4236,256.6073554459159
4237,159.07366863252318
4238,2.8775216037242695
4239,50.38829013993573
4240,8.021199586013347
4241,46.601676206690044
4242,220.74634121195095
4243,-76.07312900418373
4244,345.00684059191724
4245,5.043404661272824
4246,1.998263014901526
4247,3.8380296980239534
4248,4.060221278355259
4249,-55.956846300875185
4250,2.078611744310088
4251,298.13439546042787
4252,6.3901392867755105
4253,6.2508756087197845
4254,5.278563343243995
4255,-57.29585490360719
4256,-7.24879804528939
4257,106.40938255475263
4258,2.4021852853618286
4259,1.5907905257111958
4260,78.72836735050856
4261,2.3057559335823705
4262,303.5142856768214
4263,109.82719785186501
4264,2.626276225460748
4265,36.88844092424064
4266,4.139869472776764
4267,5.948542738471682
4268,6.083392206217029
4269,156.94291776512512
4270,214.6160335560864
4271,132.5523101851334
4272,4.92051465600645
4273,8.344213889605744
4274,63.44023740252876
4275,6.76687660681441
4276,299.6224550944001
4277,236.38671916341247
4278,385.3165600547231
4279,321.02333888509963
4280,103.75489753050219
4281,51.70520651621205
4282,13.771925295069959
4283,6.607518022171367
4284,4.6336859897738005
4285,122.3754244442733
4286,295.7399999362837
4287,1.7294983278134237
4288,156.02346517511666
4289,220.3117985766005
4290,154.4164234325578
4291,3.0257566264956175
4292,5.2004808982337565
4293,-9.932245658901143
4294,-53.85711714470463
4295,0.9615386162593316
4296,5.581533065712285
4297,6.710752929695267
4298,5.7172628138577135
4299,72.6287223176788
4300,44.04034242715887
4301,-26.056182068452642
4302,130.89853869527303
4303,2.2507109750900476
4304,-53.921068149101465
4305,3.8950975570634863
4306,295.4290386188879
4307,2.955258315568082
4308,21.57988054176948
4309,4.77638002083869
4310,2.922461608710729
4311,4.014630171609256
4312,244.6029730111491
4313,3.409780876542959
4314,2.802956252091967
4315,230.4755049589744
4316,1.3723453836862924
4317,173.44385464696606
4318,6.0863760661745685
4319,43.86302944623229
4320,120.51021603246096
4321,4.946051020624644
4322,287.1170073311375
4323,88.08184984550107
4324,3.594377668387486
4325,6.546185488492046
4326,3.855074294643113
4327,115.11904232655019
4328,135.82399003805403
4329,204.1432091355403
4330,37.02334005024812
4331,2.9805435371614117
4332,2.165690752209938
4333,252.23704172986885
4334,3.4316128065019016
4335,3.3900372794167515
4336,2.1380584699096152
4337,5.877694295718361
4338,11.75256537383835
4339,5.034734415175173
4340,-11.699003537188998
4341,65.40183206788723
4342,205.1170046844405
4343,166.7270928182883
4344,141.5941331529504
4345,5.919156528728599
4346,4.875161503122083
4347,252.0378636711927
4348,5.683370898224366
4349,134.42180256668945
4350,-50.43816688480592
4351,126.75791973035507
4352,171.08432271288214
4353,5.168589716730402
4354,137.63306591534453
4355,156.42342380896798
4356,1.873869623132225
4357,5.20763647663944
4358,288.69368681369934
4359,218.51114725012602
4360,3.1056300477512244
4361,32.22627702435224
4362,0.37180578531293706
4363,3.6884085476838107
4364,4.939725000409584
4365,1.6190634926492349
4366,3.426613498256981
4367,233.9550107030409
4368,-24.759138795571992
4369,70.14204417384596
4370,6.354771503534419
4371,190.43653943440174
4372,83.54686824105775
4373,321.36472205181985
4374,6.436803122133948
4375,228.50084089327413
4376,278.03152320996605
4377,5.282737728111866
4378,5.942313972447666
4379,175.30118497084493
4380,3.117017011772165
4381,2.2837164076047376
4382,6.722943779689585
4383,35.13517546890258
4384,5.7716165539362585
4385,212.67651364636401
4386,14.495533858184114
4387,314.27694784314934
4388,72.88811047504574
4389,6.6722031397305885
4390,3.852140425715705
4391,3.6750758668043404
4392,2.528657624198772
4393,120.642592395461
4394,92.35571342305123
4395,3.1167248306142947
4396,-9.477458940604068
4397,2.5335132342283067
4398,6.193192457261402
4399,2.7640943726507032
4400,241.3521989928679
4401,6.9036749305376865
4402,226.17768814146228
4403,292.21019568208243
4404,252.3319832073564
4405,359.02369148613946
4406,28.208569992304835
4407,72.73137620051226
4408,6.410883122451365
4409,100.70392702983733
4410,-87.2623626629772
4411,2.5190007117122466
4412,263.320122662236
4413,206.78917002232808
4414,3.8261504481153503
4415,195.21141290516582
4416,53.128170718428294
4417,2.7810117091222017
4418,223.7489384943794
4419,261.19533554355394
4420,323.51288064319266
4421,357.72591892735875
4422,-1.6083440285024528
4423,2.474563601543169
4424,47.28169231063771
4425,176.0321068018208
4426,5.4756335569973045
4427,215.53346120939818
4428,6.1419114134431485
4429,4.933517783768328
4430,5.2406749823071985
4431,176.94519912238886
4432,3.8056365502000618
4433,3.715789330969543
4434,124.5417338623993
4435,5.7754365281812765
4436,6.082195585929727
4437,-11.480703065168825
4438,96.42445621281063
4439,7.247810327108657
4440,255.46564654477737
4441,1.9637913262203799
4442,218.35539773542544
4443,6.493253068096429
4444,260.12265155092416
4445,3.8583029572933185
4446,3.7440868601773127
4447,101.06393722249729
4448,4.999323243549445
4449,-23.95834322206328
4450,115.47856000815122
4451,110.89112667185705
4452,290.3500122091113
4453,259.7559918462823
4454,5.167027773775864
4455,5.427287586002884
4456,208.98145904709054
4457,4.070063831282549
4458,6.930034670431915
4459,80.88386141612531
4460,0.5586209413289481
4461,92.76624236861522
4462,163.02325708543202
4463,41.430462894988096
4464,3.922579044295283
4465,115.24432686383292
4466,4.504737824664837
4467,-11.345560857776661
4468,1.7743166334829141
4469,2.354887660805415
4470,4.888565512076525
4471,2.4560646111532027
4472,212.0868272277494
4473,4.066298838628665
4474,245.03292714636788
4475,4.140073007393555
4476,86.06241655442024
4477,5.8186119588917755
4478,4.316806453117609
4479,113.92993327350618
4480,281.70748846305753
4481,3.955883701557626
4482,214.5448403359286
4483,60.4036112519904
4484,312.3500249427411
4485,219.17373127316475
4486,2.2269921501754455
4487,88.42548356645155
4488,63.86278817373532
4489,-22.577635544160568
4490,104.06979975652271
4491,5.772326609041713
4492,253.96600189879086
4493,313.00090708534265
4494,24.42260823480279
4495,2.6427861773103447
4496,112.25016927272557
4497,6.772367003827194
4498,211.97363564651926
4499,321.89036826836224
4500,129.82372601818693
4501,5.904348903189778
4502,5.867884146635222
4503,162.31670493797012
4504,14.541010973878466
4505,61.001980205838095
4506,2.6010021734793147
4507,-0.5507173560889743
4508,150.8625540325615
4509,42.813998793515395
4510,2.2035270858356246
4511,234.0895232680239
4512,57.44346498999507
4513,90.16941106859697
4514,2.82430573366453
4515,3.0262828470225696
4516,3.527172266541316
4517,4.8199946726705205
4518,31.6820644235715
4519,118.84223301859272
4520,58.45052830600628
4521,2.939127663880613
4522,75.68509710470197
4523,6.771863240842016
4524,228.18996111278807
4525,16.489431224118796
4526,2.2505252840724363
4527,116.70447455822912
4528,141.11980763920877
4529,125.6796325761578
4530,177.63241064696018
4531,3.987129935590042
4532,4.445080823824816
4533,4.393519083992626
4534,61.44218549819031
4535,6.288970869202144
4536,2.2246170396015983
4537,1.8216178537063508
4538,6.254833130147474
4539,301.211799612741
4540,143.09883956524882
4541,3.550922244755214
4542,2.7166551434405153
4543,205.9232691958679
4544,28.410021695366623
4545,5.320932960982642
4546,31.58482544624798
4547,5.805786497093985
4548,174.27831460018973
4549,4.562634685887272
4550,243.16543580776457
4551,28.249176993194762
4552,108.97942402738515
4553,113.31809519795294
4554,4.709667928493236
4555,188.38096930587807
4556,296.2596831881505
4557,4.935959218406924
4558,4.394277168304596
4559,65.5197551184691
4560,7.186689879280402
4561,5.256822247244241
4562,187.38941654514358
4563,46.21656275709188
4564,238.77676757541002
4565,59.538960707125156
4566,211.85952400447593
4567,269.8653630972385
4568,133.18376360178976
4569,4.8379004056938735
4570,191.21346609850764
4571,242.5242365637944
4572,5.4171516518440725
4573,3.008675386265183
4574,2.031772194239716
4575,5.939073209771242
4576,139.03138795304957
4577,239.04602601916497
4578,83.021329954906
4579,27.33434667598747
4580,0.8118054622714092
4581,371.4235141389302
4582,51.38669354436479
4583,1.36296624223243
4584,288.20354174522413
4585,39.62073742747201
4586,6.188103967881415
4587,3.4133095124909216
4588,1.9018634617454535
4589,3.805032669806
4590,3.3601186147788047
4591,68.38768266994686
4592,5.225211535109176
4593,120.91712394272734
4594,-20.01153445334866
4595,2.4659613290406384
4596,63.000636296938495
4597,156.27826821434113
4598,4.435970770304848
4599,-44.30121336664387
4600,71.43278635886604
4601,7.1317830578093835
4602,5.517940941052914
4603,5.497226831453073
4604,71.35812777624876
4605,1.918115324971552
4606,126.8494577101751
4607,36.515896215702206
4608,4.322366553912454
4609,226.47101372814745
4610,121.91191186364262
4611,116.42916638318982
4612,3.2889238421899076
4613,-64.17879404552329
4614,63.028707197865494
4615,-29.11544484821325
4616,4.498669508169293
4617,5.0897630253468495
4618,3.8257284605037203
4619,6.06847102149202
4620,6.699751386152517
4621,105.2662508424111
4622,4.072720439827741
4623,6.373923426250619
4624,1.1501563952616352
4625,83.51598450218276
4626,49.27593426951385
4627,5.243658453702173
4628,5.920579698629707
4629,67.94995357846682
4630,5.8275438717062755
4631,2.663580777305304
4632,6.730694733849834
4633,238.4763779440966
4634,5.736485518369092
4635,5.8715471621872535
4636,100.45805648732805
4637,7.108060640248744
4638,385.2991501245188
4639,272.42349610551247
4640,2.3254295941643557
4641,191.07493973417516
4642,157.74311566109813
4643,54.63457016532288
4644,20.106207460817842
4645,5.955953319712861
4646,45.69325208505663
4647,38.957497711800066
4648,165.83928142681896
4649,113.31969555108442
4650,138.36986312462255
4651,67.44550328806169
4652,4.948999108808525
4653,244.68196554245154
4654,-0.31276264830022854
4655,5.39790381510786
4656,3.097317700638472
4657,3.1347585123173607
4658,6.373875551781057
4659,49.43271649468811
4660,1.9642055262542137
4661,2.5277277799069022
4662,4.017671751591837
4663,114.87240294649764
4664,5.957038321715523
4665,181.59384833920512
4666,239.69815777684298
4667,1.774445518091313
4668,100.41428511600853
4669,274.1791482969234
4670,24.899744811638953
4671,2.085271160815
4672,1.1401938091091504
4673,72.16575030091715
4674,289.87342299354253
4675,1.7768121849592418
4676,111.40203776895402
4677,57.63237648309083
4678,5.580655406918624
4679,101.06859385116518
4680,4.550389537516306
4681,1.7374703626884853
4682,194.714132513685
4683,162.97701319274847
4684,107.60669897638505
4685,258.2147438657649
4686,3.419725673156968
4687,248.18835447813862
4688,315.43355126133144
4689,125.68776066984998
4690,5.919031966848414
4691,6.813529699727902
4692,4.600493246082189
4693,85.07178551853967
4694,4.592644143086064
4695,380.22852963902227
4696,4.653234364390362
4697,2.5269783340484393
4698,4.516036830064514
4699,3.3932328616353207
4700,94.79196536849976
4701,5.740966768809391
4702,1.9321452157763876
4703,3.5225829995015694
4704,4.867990035802245
4705,291.29275432189775
4706,3.353473604705972
4707,4.916655438153098
4708,3.0408163468521736
4709,81.03766938773929
4710,160.832509816961
4711,6.350516176010503
4712,222.25134507885832
4713,3.8266675183931405
4714,5.608066604452952
4715,74.66172602784256
4716,26.235793279492395
4717,7.074547851336775
4718,5.727030800031905
4719,192.74838568423525
4720,161.947439727477
4721,6.093485214057738
4722,3.9810066448876817
4723,6.56488544439021
4724,55.696551000686085
4725,174.9527991560465
4726,3.337286737442862
4727,305.60638270903553
4728,235.30353770113615
4729,3.9359543716139833
4730,166.19841124637585
4731,99.11663734953683
4732,-7.87273982319968
4733,5.660657287514179
4734,6.3953535075366945
4735,5.434243539099204
4736,2.858205877484443
4737,46.58163160236121
4738,-16.556787685689905
4739,151.24166655676223
4740,285.0155405217199
4741,4.821456415186998
4742,111.46346997983304
4743,5.8003302041829246
4744,255.51459487055158
4745,55.07526251819865
4746,3.881514066479665
4747,2.948332946728689
4748,3.0425328315725246
4749,5.579714120606335
4750,5.920277112593411
4751,4.164004432374134
4752,106.6764693838528
4753,147.5084864358294
4754,150.63251053675978
4755,4.278728734068461
4756,1.9745284004261772
4757,3.4679774910924674
4758,75.42593301603588
4759,108.63373650504927
4760,4.69610217111403
4761,3.15078281648981
4762,172.27421722378924
4763,209.9470899967026
4764,2.5702245167145996
4765,337.0349186172035
4766,30.52326844162872
4767,67.09038465211286
4768,29.588849663957625
4769,-22.222303753584956
4770,26.14699751895708
4771,34.39020001035504
4772,4.237543727363416
4773,4.101378436032241
4774,140.22820540459094
4775,2.17983250288431
4776,2.6545103656974227
4777,174.9516406228918
4778,5.351977798794512
4779,21.245680791305283
4780,2.0033186318817244
4781,55.965088272579344
4782,4.677413935465072
4783,3.9932835767266175
4784,2.787279499380299
4785,47.614902009099644
4786,70.3235246919506
4787,5.865318040947961
4788,3.888651811612624
4789,3.3859531996794368
4790,119.41190034914273
4791,207.85117730717127
4792,4.507561327643863
4793,163.96672782927905
4794,50.87250254547666
4795,225.08495115359858
4796,3.2883868647256422
4797,166.03207695246437
4798,5.902688324246602
4799,4.100864999225778
4800,359.40143169911386
4801,3.460092428481946
4802,4.687944467547364
4803,248.7324580169064
4804,1.9326161424043844
4805,249.61219940794342
4806,4.857996586343605
4807,3.304895550215596
4808,66.58636033167544
4809,75.82312826953034
4810,1.6766292519242028
4811,2.041529223642371
4812,5.1321760256397075
4813,283.06640247093566
4814,239.2777997203095
4815,2.7365310816437027
4816,2.497713398715421
4817,5.63097624499482
4818,1.6678870960310082
4819,78.36508639622333
4820,2.3156159708288078
4821,194.2951476403361
4822,99.75384084676321
4823,4.783704109486167
4824,3.1618223281927267
4825,258.01520517079416
4826,4.685059888099094
4827,6.0110536037067845
4828,216.12112587408186
4829,130.79019102257357
4830,82.71038802181111
4831,186.71014975158442
4832,6.824283467746276
4833,3.756481573930911
4834,128.49862376050052
4835,3.700783002525701
4836,6.47328944976603
4837,211.81285071418597
4838,31.3498387726573
4839,312.94826761003554
4840,3.3897401353503582
4841,141.77408460790303
4842,23.910999355575115
4843,2.3926129781726058
4844,4.038143828875346
4845,4.7017420082662085
4846,7.012582912031456
4847,3.6760311848961056
4848,2.298677665941691
4849,4.771336358763066
4850,6.7925088099658835
4851,5.822881862255229
4852,100.0940402421968
4853,299.34084388815074
4854,2.5352419802087964
4855,3.3620956093912904
4856,193.80130981300746
4857,244.10178571148614
4858,284.43968440234335
4859,129.80691314862372
4860,240.7359369672443
4861,-20.77257855031604
4862,93.18693712012491
4863,7.144597192392966
4864,5.734143731670617
4865,1.9505594283555963
4866,1.0766554505588968
4867,3.320202186729619
4868,53.574551328709
4869,0.8798858998326324
4870,128.49504005221306
4871,6.703079293541273
4872,2.278240205952578
4873,310.4578449027597
4874,-0.29368645313599834
4875,3.4949865695986824
4876,217.45249911261647
4877,6.37748559326488
4878,83.03723516927269
4879,78.51018109529872
4880,5.437472050325624
4881,5.993251847137639
4882,48.624607866324254
4883,1.8040822468318014
4884,138.48582566131142
4885,-52.31963577777124
4886,254.29210919647528
4887,4.5803807487832735
4888,304.1834496932246
4889,32.08957538742125
4890,229.81532290311645
4891,124.97761859453287
4892,1.561194345225324
4893,5.7919742872467115
4894,105.48801800370083
4895,6.749372907734865
4896,5.833156025818691
4897,6.589769367858847
4898,-8.822076684290932
4899,222.03386725933888
4900,2.851025990858724
4901,264.19186226852435
4902,4.190126512049938
4903,137.5226444396071
4904,392.40218485412146
4905,93.8854614370418
4906,154.2928498842897
4907,187.8991433006775
4908,4.531998465329397
4909,150.50978738501766
4910,162.91263073233736
4911,91.73327554827029
4912,5.483744845781527
4913,240.64063769640848
4914,182.17773759417628
4915,3.4398368046371632
4916,4.81892975222161
4917,6.180706096627097
4918,2.8969954637291484
4919,89.26786937998149
4920,1.9528632727737598
4921,-10.138270656067425
4922,174.04242020831583
4923,218.94514845172492
4924,5.80616582700997
4925,2.525013189586945
4926,1.3298456067071323
4927,5.678132379430096
4928,3.113398364251087
4929,84.91804290520919
4930,89.67537376650444
4931,-38.104591677842436
4932,5.732209678854972
4933,222.7636349329818
4934,-53.50373745996912
4935,53.12684748149353
4936,255.01862320829298
4937,41.85058223513509
4938,80.63759470278023
4939,48.45165408874337
4940,3.6889192957049395
