id,target
1,4.234562515209638
2,2.6005628077378864
3,326.9817895753797
4,-0.5580210042203582
5,4.423658849161307
6,6.691284917233086
7,5.210863167773338
8,92.07895994931286
9,81.3619757554147
10,67.99209667371
11,35.46733377203334
12,-22.91503754242079
13,264.20441179599663
14,204.4386496282857
15,3.6428074471847385
16,286.10109038019607
17,2.6090899793587727
18,97.50998649934134
19,3.552864502960279
20,6.528036792403322
21,-69.1801243630415
22,62.068631624343986
23,3.4020900143268293
24,2.6942181966866796
25,29.873889942329118
26,82.56115400321731
27,1.2689851970535597
28,158.85167652801806
29,41.83947467388718
30,3.8347406418238674
31,5.887645710177746
32,27.1382330256515
33,49.807433399248005
34,4.25284025652356
35,2.5602290874310407
36,6.494649983986947
37,269.97544773769255
38,247.7153471283201
39,67.90193868233547
40,104.77862341114496
41,-41.62743650168201
42,2.58597584853351
43,5.9348813439916865
44,4.612507913637432
45,135.44476926065036
46,52.01181854369134
47,2.925957235441399
48,-85.37447149850888
49,4.014486341440653
50,1.7735388372208607
51,268.2394041204282
52,2.9405078723866596
53,2.837634704667342
54,66.62448157552186
55,2.939691689622886
56,4.060489849433955
57,5.5881281357278505
58,157.50683320918174
59,246.24823064404052
60,6.791137960026225
61,2.314064849234533
62,240.28320718235395
63,6.7136626049639725
64,3.1618945169250736
65,2.711251371609268
66,4.522781071962175
67,4.842809032738071
68,208.22850503223663
69,151.27203390645104
70,2.042778135793403
71,2.4051495253448594
72,2.0353712510386797
73,27.83988791398291
74,253.95652015223723
75,191.4563745114503
76,6.257753160782506
77,5.854822745725513
78,147.92331973522397
79,259.8994997440224
80,3.815048023321754
81,37.74808203790725
82,4.290354634846278
83,165.46421464515373
84,37.01513586760639
85,33.31722235413727
86,2.4232034856805527
87,62.146759279676836
88,217.21292771459758
89,6.041579135690324
90,5.4401542995618986
91,48.82950232000461
92,63.105652941108694
93,28.19755132333672
94,5.1125660723817905
95,3.889053534917271
96,3.302886218309426
97,7.503811458730612
98,212.2151127871155
99,84.01484208399648
100,280.08904780617576
101,4.907628385614807
102,250.3773425945216
103,3.3426639091892802
104,6.757953631776809
105,135.33613395764826
106,67.47795119961879
107,284.8404196533492
108,2.3010202036953706
109,192.54902615954344
110,3.404216224204545
111,55.31615562830673
112,2.1616519057862744
113,203.46315100063683
114,6.39576834150275
115,5.42383130842208
116,388.86548429859135
117,201.2723865008285
118,170.79430099868233
119,241.2977576870577
120,312.4989987076008
121,151.55347777679586
122,3.9414819886475585
123,126.49226369060341
124,255.3914506388153
125,154.34745224536942
126,6.371388650441438
127,137.40555790543402
128,3.117616384924557
129,213.08653087633542
130,82.4792894051978
131,65.73012588691986
132,35.92542034074598
133,-65.4650982668685
134,282.10686905688766
135,6.097186807644461
136,2.0494053713039855
137,120.72908054908113
138,5.804495444468274
139,184.1417648029488
140,295.87154529599536
141,71.0075991120953
142,3.498961078799157
143,49.315007478342814
144,20.717213643514548
145,6.538495840593677
146,168.90777505453661
147,221.6959674754696
148,2.2227914162190308
149,214.79658644979114
150,59.17213787314849
151,280.46136826299966
152,259.43008846748256
153,190.71486762441046
154,23.486467877105135
155,4.335781273840365
156,208.3330270836655
157,125.31279185891077
158,124.08314324987779
159,140.54202060635612
160,6.5775194187445924
161,42.76775156269957
162,4.574732918036259
163,286.54661762921853
164,3.1484841371656302
165,87.5849300567996
166,206.79804382551612
167,315.5488201423719
168,7.298640793341695
169,1.8784113129792208
170,240.896954742438
171,3.038999049901263
172,4.182126815358257
173,-38.44428202018217
174,4.033202373339887
175,5.6213944784781305
176,139.22113097969753
177,75.09334257315334
178,344.19868951966816
179,133.30488856271378
180,228.8406449243473
181,6.81907519428048
182,2.4346821601925086
183,291.7911577061495
184,7.351456144636605
185,1.628566857158749
186,3.9034469488213355
187,3.0393124606778756
188,4.1426105201531955
189,72.91861203281276
190,4.254593186650018
191,2.251598801157614
192,31.346678281471203
193,3.0295208281948853
194,325.2867982339681
195,94.98001817450735
196,276.9136794546771
197,136.08284085210917
198,232.97738432499804
199,65.1138516659037
200,2.5700969114753605
201,3.4077955181918873
202,90.49115783764597
203,66.42034468335034
204,4.1447707038164525
205,271.1844762199031
206,73.75349486415827
207,219.84879464693
208,166.7237329550045
209,68.17063009795864
210,156.3735841897645
211,37.40691962557384
212,106.98787364688162
213,258.5668351713551
214,69.25876736047762
215,23.10699940246997
216,140.2522263016474
217,94.96974706446387
218,157.73510804714343
219,225.8052161550623
220,5.5414483171004605
221,202.58346174787533
222,147.842284553341
223,2.758217346164057
224,176.67542281262223
225,262.8645664114609
226,184.52504928752822
227,53.717804334065015
228,262.86880218860784
229,252.0244174720896
230,0.9257019447849901
231,219.7786203572503
232,40.18763941743821
233,59.70685095784933
234,258.3297690921824
235,112.9177630953144
236,2.078584099125122
237,5.990098311182582
238,50.77829301380925
239,6.154275382381335
240,192.06980167657068
241,313.17129512862846
242,220.3768619406265
243,3.91311246686153
244,3.8755805723425465
245,50.074038411844576
246,123.23147221436415
247,122.97077294492446
248,5.860210133928932
249,6.0371324722033854
250,64.73468264461775
251,67.16595784229563
252,210.7375552447613
253,7.990255402414598
254,161.72865294157634
255,-41.21227225575117
256,5.666507097030525
257,2.0686108961384937
258,68.5777514520283
259,286.146836530598
260,2.2121315765671596
261,5.7104162360277035
262,6.343403757429576
263,-11.489614269228214
264,3.6688759108093127
265,3.471563228315749
266,2.0696708386831997
267,2.668859450399766
268,1.496944852895864
269,212.32768959185478
270,3.3204134201436637
271,164.5951316273443
272,128.93145077500114
273,4.59811730665246
274,5.3955402262961645
275,336.70602907093655
276,188.16369614423937
277,228.99768479069954
278,-65.82942087618444
279,3.631805959570766
280,190.31979855968083
281,4.906375949276833
282,186.8363533282394
283,192.71554351046916
284,128.99187202708887
285,230.1671843116634
286,138.85140784543248
287,229.73007613037746
288,6.271610168906992
289,128.14728385735359
290,4.820383902196072
291,110.46650377673778
292,3.5214103685965563
293,97.69020181679434
294,118.28801827900743
295,4.675455187502087
296,115.06453963462673
297,33.097965422546466
298,-61.12739861965327
299,209.7575147588273
300,5.8750275725405325
301,4.25613604304467
302,5.057740749499762
303,4.502519420382697
304,4.114411997599765
305,4.756191250584726
306,249.1754356132364
307,2.850138571662701
308,3.0941872575856104
309,129.88723370002387
310,2.316523649604923
311,2.406098618403353
312,3.5489364478346372
313,136.04364131674572
314,4.090735761958687
315,0.8019327673838798
316,3.8282334953076016
317,4.268589265035446
318,3.7953305876835643
319,78.58997680789653
320,1.8193454379323273
321,6.363841338689625
322,2.8508572956224225
323,1.879449901798904
324,2.7636195485722355
325,3.3202609995636863
326,4.938978046667923
327,40.10356439239046
328,4.6804721010530645
329,105.46229298100396
330,52.565578984562315
331,-0.5028696007021736
332,5.6149921986433
333,3.4357402901616423
334,6.8228635896119805
335,141.76080155885177
336,3.881631526035666
337,2.3495737525493587
338,137.32987588375104
339,31.941407792915527
340,279.0075895188478
341,104.3329845520253
342,69.42900130504063
343,3.5490707827434584
344,2.6338184507049123
345,125.9031243621699
346,2.932631926022068
347,5.63222389146546
348,29.148888673148363
349,-52.73017776132024
350,113.18241285453173
351,248.64676224439592
352,29.521198676917813
353,1.326781624624603
354,5.9503135167918035
355,278.86236730681225
356,216.82924824272672
357,3.0160793350675643
358,8.468397347728859
359,4.491639143551854
360,134.97354436865191
361,4.287992507216955
362,6.069502397607898
363,16.716558375244475
364,4.54352976860845
365,5.205106562216155
366,75.7334171257356
367,4.460172153094548
368,255.53646828171568
369,5.062742437310558
370,1.4743571447452453
371,263.4529346248797
372,40.18238159580853
373,167.02284949583668
374,15.378821505577058
375,141.80576483303963
376,2.972620097565086
377,2.571383934902727
378,3.684133262069666
379,3.660795483111118
380,0.9700732025413686
381,6.04474850915885
382,5.918185402390379
383,173.06796852846563
384,1.75155204992616
385,4.14264066390041
386,288.44909298494
387,3.018542891947198
388,3.992770806601709
389,38.61111238167785
390,5.545191868677214
391,172.3029850770509
392,6.543598316486881
393,3.9424184124087462
394,319.8682371997361
395,185.4813132494835
396,2.8859903361799013
397,1.7585687840969801
398,6.211631505854842
399,204.45401478841785
400,252.3998346617597
401,1.6591959875169575
402,6.362192840782154
403,5.818622516505207
404,5.862215401020211
405,14.668910551187146
406,7.445410982203526
407,-83.09765216002769
408,3.752778422130535
409,2.84477943450527
410,3.6491668783769824
411,2.524828248199026
412,-3.863000862641673
413,320.79006820577655
414,5.798057161519013
415,52.772365840101834
416,3.436115482039757
417,6.777949584745809
418,5.390002785276975
419,5.635739122284783
420,4.458348476192286
421,142.05160000846055
422,188.7141237010664
423,172.79454539637516
424,136.12739261793735
425,5.817539240671573
426,248.82762599492722
427,3.46762902728336
428,193.43665480618083
429,3.0942960732054767
430,4.312350371858261
431,245.95876831735978
432,163.7325592579543
433,19.661769595736015
434,5.963096524454352
435,60.97822946237318
436,231.71323319649503
437,222.41073516491238
438,178.4498738084329
439,5.927960602704206
440,262.60180633305674
441,210.7188473840035
442,137.1857248327502
443,324.32884377207824
444,5.566919848943715
445,6.331175808828453
446,67.3216896593906
447,1.3887282987411185
448,6.227726542875649
449,301.0214427734301
450,259.3221655377804
451,158.92414705803893
452,235.62589132932143
453,1.9075863763417158
454,3.663126316256613
455,143.6699595582649
456,3.356646255000827
457,4.932942540193778
458,255.05283425866827
459,79.75113000631684
460,17.272758140722708
461,116.01880463309178
462,6.250638672883973
463,181.49741111894068
464,5.048053723866368
465,132.47679269024178
466,68.35636248632461
467,1.9761892541071489
468,5.133993681480641
469,31.073756826196128
470,58.166648512105844
471,1.803341102442452
472,1.8772937474328497
473,41.07186647133173
474,5.9356141453207965
475,88.95382417793998
476,6.66521930194275
477,2.1861342537721393
478,4.5817480289594466
479,211.80822130497378
480,4.419067300717355
481,6.244480368279585
482,229.33591851395687
483,1.7232282328582813
484,215.6085499836216
485,102.75727852837
486,4.681179560947714
487,2.644466400561954
488,217.52486961127354
489,2.524545952372757
490,4.844002508371894
491,6.567663581667346
492,3.8414307803065952
493,3.948145563000511
494,227.63817065675866
495,5.871940451482349
496,109.78378837251583
497,6.252913806519672
498,6.1400194170932645
499,5.476325097683205
500,8.382195147313347
501,2.990762004322912
502,325.9544956830896
503,103.04023318417983
504,4.679222737067378
505,1.779221804357191
506,6.453988133349611
507,327.4316904033685
508,62.217544412702
509,269.8870315752104
510,4.07065279254676
511,154.02227613576088
512,201.64750692917255
513,232.1909258496026
514,356.7705073265215
515,314.4127515557072
516,227.2539146990865
517,288.67330235314387
518,7.337034596007558
519,46.61891836149915
520,299.55078265417046
521,1.6341252990121837
522,3.866174208071405
523,229.70832515254952
524,3.952035024997842
525,167.21997045605488
526,5.381024867560652
527,4.79361017569715
528,3.557201987759206
529,6.4050947068421396
530,255.99891171191626
531,114.72792090052621
532,3.784954364003161
533,148.6396402781354
534,4.260532293767824
535,7.026171388856611
536,5.929495543791186
537,1.653191117959759
538,5.007603554908404
539,274.6059217346984
540,246.9367507456975
541,241.43501808886475
542,68.30173994257923
543,97.42704795924027
544,5.182173467329953
545,3.9274813467431877
546,3.489614511753517
547,2.0798814535601573
548,337.14369108563943
549,5.828873915900515
550,260.0393555842969
551,5.856972936156829
552,132.87273509746723
553,3.8963130353752384
554,74.1708256465198
555,133.1596234188221
556,248.8895735436474
557,209.72957854491904
558,4.6487707738411155
559,5.3495053469971765
560,155.0716410206773
561,103.67797825387127
562,158.60990951377494
563,3.2784956767684483
564,43.89312900478596
565,156.12534150810765
566,2.8625720839190607
567,54.30299279246883
568,109.48845458868902
569,321.52896923106107
570,3.5053624930555665
571,216.0865936747121
572,3.1702709497847845
573,88.85459086907692
574,110.56503790884378
575,7.649815926498901
576,1.9011674252286543
577,3.246224748544677
578,156.2064474643005
579,-2.444866019161012
580,286.40482491659947
581,56.958189788810984
582,73.63857894316263
583,5.427188530138229
584,2.9114745684645538
585,153.97470137475773
586,4.71850533395305
587,217.15342837012275
588,2.9312446409603115
589,190.31341960649635
590,239.98294256447264
591,138.89679150348633
592,6.980556816525337
593,233.64500394146026
594,272.9402484373397
595,40.01089558092405
596,5.343628730835392
597,144.85096294448965
598,3.020778510641195
599,68.1628192635371
600,181.8250579503478
601,156.54571107051106
602,40.41631327929982
603,2.151559201571295
604,230.8070217491725
605,2.668035514866278
606,2.3569861925977658
607,6.859236376109576
608,43.1323389074084
609,286.0632596977183
610,38.05908291948334
611,71.91783427722872
612,5.590844541027697
613,7.940209456903118
614,50.32656023235395
615,1.8908762123764582
616,180.5352822828195
617,-61.17539842335683
618,231.0378689442851
619,4.751277108245003
620,5.096438579329097
621,182.18459085791656
622,95.06494504357326
623,172.78288289442236
624,207.15436978855888
625,2.503056423731866
626,1.7809362469828074
627,74.0385501983129
628,4.467519375381116
629,233.45728784008404
630,4.473143666955908
631,2.1777362281681416
632,166.8297078129553
633,126.26675084336875
634,231.33563609999212
635,2.7253061651034702
636,100.5286553400967
637,104.13821134301476
638,6.846056016995741
639,18.87991292952745
640,118.03478792602462
641,6.706588455761273
642,3.034600888567948
643,291.8613505613189
644,3.2832837387590046
645,108.50814366881468
646,62.93805028942469
647,178.39318121905004
648,238.4397737023878
649,375.02611057949787
650,304.0692019594085
651,136.32100135714563
652,48.163564921877054
653,2.961042020891547
654,185.40480026079885
655,-20.305063378409514
656,184.02338696412744
657,165.33093917604697
658,295.48926125127093
659,1.8696181735536714
660,141.57006070897074
661,4.0054800981417085
662,128.24986296029317
663,3.5024515896417796
664,-50.273743836947254
665,84.84871607004828
666,144.1229860130153
667,237.7795154422168
668,326.7424548665553
669,111.29167971013084
670,204.83976042441327
671,111.4445816665507
672,95.387050414725
673,4.241752277160908
674,5.701123614446539
675,5.663673834693628
676,5.493984216363265
677,32.185033184450326
678,179.4046100831114
679,4.6747119544344145
680,3.2047160194123654
681,1.9298307007506559
682,58.3230025301341
683,5.946850700675574
684,174.16727822688674
685,218.3200469456711
686,5.944512419184044
687,382.1526614889436
688,90.45070770123894
689,98.17414241843856
690,320.8408550139838
691,3.5668972282111926
692,68.28615107261378
693,4.946601231898392
694,7.071622476450487
695,-0.27771165840735795
696,301.0969989057673
697,1.155631841016525
698,219.34242224744668
699,1.7324737814646913
700,248.73870727774943
701,3.5711329688466766
702,4.122955196809973
703,54.44807871385853
704,83.2989518166064
705,192.1463862594118
706,224.746998835012
707,140.90610113679685
708,79.29381827569554
709,91.45888740879941
710,206.73815509044786
711,225.2442404710519
712,6.3524470473428805
713,-0.16274791946087133
714,7.007573767076131
715,256.0947099507076
716,3.009143486987896
717,87.02280015842459
718,371.48807287172355
719,213.6702418224211
720,4.156886438463309
721,158.6398001284169
722,2.011051958116081
723,6.3097547520238075
724,1.775379709432483
725,2.6165257935789095
726,112.82714887627596
727,237.08463001643184
728,55.09413414892433
729,56.25459832803687
730,92.85115048102134
731,275.4268873465151
732,4.488743907764304
733,6.474040270365209
734,16.07306904862541
735,244.94065326942294
736,49.40695639846549
737,46.1420461726294
738,124.43380219884233
739,285.55662820513055
740,111.17612525389134
741,15.806723067512591
742,275.37996241518556
743,138.2728557415028
744,1.6613015655171837
745,290.61860121025626
746,185.70060661241698
747,3.9514963051449565
748,56.56853159026615
749,98.77981546490602
750,194.75971499269374
751,63.10486863236514
752,244.8284911349369
753,2.0069406228537274
754,236.866309847921
755,6.389906822931387
756,5.916447025915688
757,246.88173879053477
758,1.682700879676875
759,80.4819727040597
760,13.17608149906777
761,209.41467803764812
762,5.222863440002511
763,2.0925207470882285
764,76.7749222292631
765,4.375758840115639
766,53.941087340566334
767,1.4240059402400496
768,5.056377886114177
769,5.851166385965426
770,1.9819838614918401
771,265.1247081922227
772,69.0841250655188
773,136.4186684517174
774,-28.16833063877831
775,48.10831108874
776,4.193079834823331
777,209.70630286177212
778,-5.082601622476057
779,178.0445838368491
780,55.92302785005417
781,300.20483456642165
782,3.3444284021496835
783,51.04532362937338
784,2.854933804628089
785,36.45736555162092
786,146.72874577127453
787,5.560646124891514
788,1.9226015931396219
789,171.1872950852645
790,85.20404575483442
791,-21.382365550696495
792,114.2612256546417
793,-72.31631447673735
794,351.40837258475545
795,-60.064966901778085
796,130.93246777141078
797,3.8298158750091282
798,60.62821522122885
799,3.3800600298830394
800,5.879702206244196
801,211.59096675698032
802,80.45630999219966
803,174.7012867825512
804,6.4098075103847885
805,1.7985366203023108
806,163.8800016093779
807,2.668034993000869
808,71.38126255342527
809,1.596479052145464
810,49.5008805364349
811,242.95821278156168
812,91.14820523044285
813,268.93087977374745
814,5.888019109263263
815,4.623886338104542
816,7.221689346519232
817,3.232391509401966
818,5.923801983479636
819,5.39411776675784
820,74.06357092144684
821,5.66256621966757
822,2.0767313907206972
823,35.38232858152948
824,89.3513163470093
825,7.561412923788412
826,65.92316029960125
827,4.345291628166127
828,5.7076707386653025
829,52.78880722330866
830,185.05104099046946
831,101.06230856197179
832,6.103390765079875
833,240.86403520817913
834,192.60803235939932
835,164.29376937358174
836,2.3044823488983006
837,52.47331480957106
838,160.41710867243626
839,6.087844910763734
840,166.1497599160516
841,148.26634453324604
842,68.32655726807951
843,2.2849967793637465
844,3.3906234096032843
845,5.559380512743133
846,6.08542369873111
847,5.527580198099847
848,152.9143135962782
849,6.412053966444368
850,82.93189996308796
851,35.68453049216815
852,35.322345023936904
853,97.8984139932
854,-0.5028696007021736
855,6.922313558602102
856,245.2768076320869
857,106.23078439465046
858,37.73552020455967
859,242.304465122263
860,2.0793168200659515
861,3.8178671713927668
862,2.8713796994168317
863,92.49304233926361
864,252.05939173318347
865,275.5427555001476
866,237.02702207654758
867,5.52105868125804
868,104.69036145596503
869,136.18312925411553
870,139.88124824011985
871,156.43309083112794
872,125.59069947028989
873,2.7019765319038402
874,59.481721185104576
875,6.541385133105891
876,105.64599903484726
877,38.35400314415112
878,116.4409428123284
879,5.381573552579826
880,6.760972995114035
881,151.592439020005
882,5.9375488814854
883,249.12271815145655
884,5.9235937624597055
885,145.88138760378192
886,67.50608577915652
887,1.9195158116245363
888,2.1913200445037204
889,225.95604915589436
890,3.6861740684734174
891,2.749766480733941
892,77.59319507964138
893,5.234797676349189
894,-10.110388523443534
895,3.7853505460280505
896,221.69634958728386
897,2.4407442580161844
898,235.42547691677262
899,-51.40873085943025
900,247.50151111099436
901,3.9381798371065266
902,183.54786609221793
903,5.418097589165851
904,127.43050731694042
905,1.8986501890267495
906,0.8877233280494675
907,215.24901026498225
908,52.77878863154515
909,76.94154929300313
910,2.364518674663761
911,6.725729031353177
912,273.02999018116003
913,132.22803226045107
914,281.64304082054076
915,100.46735360240828
916,128.32072294011888
917,-9.036463881470928
918,2.666464896839387
919,3.038368706223382
920,378.39285830258234
921,106.65779644809795
922,212.41871434377705
923,2.3380218071054513
924,83.82086028598647
925,185.9782927032067
926,54.03331156020862
927,66.28266843408585
928,5.216605403767858
929,27.701622739509958
930,22.321751377928724
931,239.65953061104491
932,194.21929549168345
933,5.295096333816126
934,2.0888899964713175
935,185.44493676630557
936,45.54292959096131
937,3.3115865063931316
938,4.277893583262331
939,147.9881055820316
940,1.7884708618551448
941,5.902903029775587
942,4.8154812404314695
943,114.54543700860935
944,3.852269546108548
945,2.029440953099809
946,74.6632432042033
947,53.04348096071869
948,60.65543960336109
949,220.11037094724014
950,353.8660574012545
951,5.733387925769487
952,-23.485586140622953
953,6.141665568006295
954,270.3030528289488
955,182.8340312152747
956,149.99637067431166
957,2.341818254329623
958,3.01722140005185
959,208.20725290377015
960,60.86063646209523
961,170.9962784967081
962,3.0535606446121144
963,6.352003345675992
964,5.07366336099524
965,6.852297946834319
966,3.882127208890618
967,59.195237038798446
968,152.7133656084454
969,151.28108110558293
970,6.508854043541738
971,365.1097469336387
972,5.530433570978673
973,111.36537578814071
974,5.310330721334842
975,3.5622529094316846
976,5.311308552565015
977,188.19689588946545
978,301.74294634667194
979,2.4982104707298745
980,1.7403084451463755
981,-21.532326224564205
982,47.07331539946231
983,303.56711762311306
984,319.1124143413956
985,241.76400727344856
986,102.49648736855974
987,3.2451880229020675
988,242.40301914148495
989,331.3792819366114
990,125.80750714270569
991,3.86770591122852
992,280.042870949855
993,185.63324386027034
994,3.235481856138845
995,-10.8959216236852
996,61.92987307268496
997,1.9840547627445757
998,37.02699218100278
999,83.7479840976398
1000,-11.937323166030728
1001,276.8595271324637
1002,168.0856463490945
1003,5.597626336578256
1004,1.1729140989831008
1005,1.8540883783567201
1006,3.794808283260169
1007,146.95392739781133
1008,1.973224206423482
1009,6.522997257187857
1010,31.293346034234858
1011,261.04301813689415
1012,12.410761394486812
1013,223.31615813749252
1014,86.32124783391373
1015,238.889855449208
1016,6.653894916748022
1017,4.940094351125004
1018,3.4363211925951735
1019,6.370874910399081
1020,4.091335909947338
1021,144.65886465308998
1022,86.89508296314946
1023,152.2356725259442
1024,166.48730913988595
1025,5.337043417921219
1026,3.1901448563481463
1027,4.948506088870485
1028,80.76039917405497
1029,3.748305174317605
1030,29.71769011845387
1031,270.1269220374247
1032,3.0016917284117453
1033,2.6952361200357067
1034,232.69486739503435
1035,1.7452383540082255
1036,242.80823364056462
1037,6.7875707979474
1038,50.97054623398869
1039,3.5999544747610353
1040,-8.85610178193847
1041,3.1429396000281904
1042,4.30060455579639
1043,3.4848245777472737
1044,320.86718285012887
1045,123.91483502056873
1046,38.6936442213257
1047,230.3022363934475
1048,1.795020380447043
1049,2.5952750817668253
1050,6.400736452517245
1051,45.87532462814983
1052,195.7275591253364
1053,259.3874638620393
1054,6.308078486527316
1055,33.663043044132436
1056,40.665952906492564
1057,4.6182882401434275
1058,2.845262582566507
1059,2.9144221422513614
1060,136.68293409186052
1061,3.2621847852823604
1062,5.950536609972838
1063,305.7019587945317
1064,220.30603880172458
1065,55.77132193495247
1066,256.2600061949383
1067,268.92987086829
1068,5.5962908340470845
1069,4.596508029863685
1070,320.59104181516585
1071,145.56583966822055
1072,5.196751114454262
1073,3.1069227132543658
1074,6.310177836212024
1075,4.751471445085495
1076,276.42951942905137
1077,6.152861217795626
1078,155.8624111381149
1079,3.092128410390827
1080,2.3648084433368526
1081,5.844083261388472
1082,3.913953619685065
1083,3.5561859757284755
1084,6.314729593163595
1085,125.18962147484494
1086,218.04539801268794
1087,64.2938924591651
1088,266.25092410136716
1089,8.620097575966698
1090,138.6837661405638
1091,272.1215837144264
1092,5.569298568201357
1093,3.9261229047989032
1094,6.735368233312639
1095,2.8724932365581926
1096,2.476949837360291
1097,5.002539699442531
1098,64.70003950001696
1099,124.4596258615896
1100,5.094544878954416
1101,4.400396618981013
1102,5.956603939829926
1103,265.3260035619317
1104,4.606789507228385
1105,137.27496968939212
1106,4.899170215689269
1107,6.311923921056739
1108,13.201485111792268
1109,125.28383925086004
1110,114.91566155289202
1111,2.759335059011773
1112,237.87682257093326
1113,2.7268219821661326
1114,155.71246616480857
1115,-39.373493014747574
1116,5.596743171789861
1117,298.25836696823944
1118,245.91284687061835
1119,4.804853439104426
1120,54.91245927915549
1121,29.437971182107308
1122,222.87739075142872
1123,3.4367904319388676
1124,161.6571098053952
1125,2.7084612050403676
1126,82.53769282375175
1127,6.293789451982719
1128,-33.31312737704648
1129,199.54205098953358
1130,5.878020995327106
1131,51.545917778134324
1132,3.839009105175068
1133,-76.1672360128285
1134,186.6310964455277
1135,198.94810267880382
1136,-48.00502131452217
1137,4.036763721803104
1138,47.7547027282975
1139,105.31199594313999
1140,119.52359489765894
1141,194.6447893972687
1142,151.3977706863412
1143,44.12745489587803
1144,-43.13869249793738
1145,127.69775324010597
1146,28.080074813366945
1147,4.567158588378316
1148,118.59112666195804
1149,40.216429914693414
1150,4.4599187812160865
1151,1.207321192898457
1152,3.9936474243179734
1153,4.094463020335442
1154,36.28550859377287
1155,173.7476654570307
1156,6.690299464562395
1157,82.44873564010247
1158,184.1890287377554
1159,114.76520819818921
1160,121.55362047525045
1161,1.698309701731812
1162,5.7089558130622065
1163,5.31034194946044
1164,4.865009746865553
1165,202.09059961564446
1166,47.63366539341396
1167,-32.01713840424582
1168,4.856748595373176
1169,164.30948915206582
1170,4.7271911913939615
1171,4.28886023967866
1172,10.641083779327333
1173,3.8551766070920968
1174,201.93656541842594
1175,-46.643341821786834
1176,235.13006331001006
1177,2.2413542611959554
1178,150.49019239742296
1179,2.670880694466381
1180,2.541290051285385
1181,2.048092800219176
1182,142.16956841647317
1183,7.5826187923383985
1184,3.830173804474939
1185,287.5848340208657
1186,125.09710975142511
1187,4.391141118800199
1188,2.7546636099902386
1189,140.41713909019566
1190,3.624743794747683
1191,3.365211875011601
1192,4.856698082587029
1193,156.45037069493887
1194,5.55369577304607
1195,2.1435949900802576
1196,266.1440738684979
1197,88.19371529625681
1198,3.0044243660118166
1199,278.9765569145582
1200,86.64627884861544
1201,231.45209509448324
1202,80.36911994914458
1203,3.3472445020672796
1204,146.11891612828907
1205,1.8156260366684307
1206,147.59583471012039
1207,85.62922300059928
1208,212.52491360354102
1209,265.44591803556614
1210,189.8176911524137
1211,217.41555833036682
1212,5.889034140290806
1213,3.846228254312034
1214,192.7442875288813
1215,106.39073737731799
1216,233.2510971234543
1217,181.79977448584833
1218,-46.55714094823147
1219,5.671965045359893
1220,5.822523928638867
1221,240.70516615602773
1222,5.89756464789272
1223,2.6370098196028753
1224,3.0358379202873222
1225,124.01161821947545
1226,1.3128522417109778
1227,4.752512959293363
1228,2.421888613947262
1229,45.26620060945648
1230,103.99437483904309
1231,236.56953301172223
1232,1.786722987089791
1233,-8.37355893771329
1234,2.9833636333718743
1235,15.654869375160807
1236,270.32886586874235
1237,4.009792831302316
1238,2.6331196004699344
1239,1.143144668485753
1240,44.749669665422786
1241,2.142124487025043
1242,4.749530991689785
1243,4.6382920378199595
1244,176.91906776603264
1245,4.0745864334838195
1246,274.6883052129747
1247,5.457229467734217
1248,105.76350787152931
1249,143.9443044056708
1250,7.819579239769002
1251,14.01436472072953
1252,5.602255602687403
1253,4.002410398298205
1254,4.314073353342144
1255,23.434146328335824
1256,72.26632157348071
1257,143.5753296283636
1258,265.6757662102042
1259,64.2210107772269
1260,274.0024495148857
1261,5.690922710958616
1262,5.175437573803584
1263,187.79900698362272
1264,3.145975801082532
1265,-0.6043364598879255
1266,122.14762800774255
1267,2.3286697348953287
1268,6.402678469552116
1269,271.4516012452928
1270,-60.74286726205947
1271,252.43710365270982
1272,53.2077171724762
1273,4.852534867876182
1274,214.26772736967163
1275,210.20598566672794
1276,50.0835466316646
1277,4.06895984694125
1278,1.7219012542914665
1279,4.053436064088577
1280,-64.76386814616285
1281,3.7864166387614127
1282,93.01069257166736
1283,161.28928113412334
1284,2.8727699386300825
1285,-58.06729575184122
1286,3.2166179481348887
1287,56.21544368369253
1288,121.16034913778427
1289,3.9467543592497085
1290,231.03461297274524
1291,3.046997989917591
1292,40.04573571896557
1293,103.49679892700499
1294,262.07304481592024
1295,169.41050923988698
1296,6.016400719910548
1297,73.5690951560715
1298,13.264174532078597
1299,6.435901894516047
1300,173.43362618144852
1301,262.401469589417
1302,205.34485300025938
1303,6.164753839829273
1304,4.079584488473466
1305,5.052301407879901
1306,56.71366200946897
1307,156.3040229072995
1308,1.863068868688579
1309,4.860692545175838
1310,350.7674288982304
1311,2.7332492114297633
1312,7.049760915726042
1313,48.64463495241088
1314,166.15313261690298
1315,207.24200244622318
1316,250.97503137003125
1317,76.60034557431113
1318,2.1634458881913634
1319,223.6897547160066
1320,255.66099417464628
1321,26.110682120864524
1322,50.14666306345005
1323,258.4781807256725
1324,236.02879050058644
1325,51.12734797604071
1326,68.4843612691018
1327,234.274019745062
1328,3.1575378208322507
1329,5.633936235061749
1330,127.56774066533708
1331,18.89043337542026
1332,303.22081666131055
1333,1.7866305172826915
1334,354.7285912175137
1335,1.8366527450347034
1336,112.71998767559974
1337,37.13596677448064
1338,248.49714235807215
1339,6.133309937325747
1340,179.3555134187831
1341,229.6658482369632
1342,195.29548740442536
1343,52.02703645575424
1344,110.68178716047535
1345,2.890130796313912
1346,81.21140284497127
1347,94.63993037353887
1348,2.872548320949726
1349,223.51364639731128
1350,34.50438537521971
1351,213.9938143430543
1352,2.457976735651963
1353,11.427533106710376
1354,5.234692304715717
1355,6.054770822916249
1356,3.560243631545258
1357,7.768322223111166
1358,6.725017034953353
1359,1.6554023143271321
1360,326.19048474191226
1361,4.013176921065479
1362,6.369702667245919
1363,81.71022278435584
1364,3.5533263237990154
1365,5.881964347812877
1366,6.524156642501893
1367,5.916367581042365
1368,21.094169459878408
1369,186.43828140380032
1370,288.8307699320852
1371,230.17403962959148
1372,34.1683322863696
1373,3.239484648328821
1374,187.09037151294433
1375,150.86666232309744
1376,5.561702362503901
1377,4.832024065299516
1378,108.82557833981319
1379,78.56558174481454
1380,107.55775285301586
1381,229.69269413530927
1382,71.18167240015697
1383,50.01234213794661
1384,-11.037285713608231
1385,164.67020802764912
1386,2.397809813076586
1387,67.31979961317667
1388,1.6430689863752894
1389,229.2494405856664
1390,185.40346638613022
1391,53.18654930426237
1392,59.8496408926081
1393,267.0732876909053
1394,-13.761033191190812
1395,33.13890137436586
1396,200.13729646378644
1397,5.408305253143555
1398,200.37491927766277
1399,1.4430341690629973
1400,114.27385573562664
1401,337.7738638994455
1402,56.10879380065737
1403,276.16363903133123
1404,86.27924691663179
1405,119.56935342257789
1406,1.9535127433385477
1407,130.28043339284375
1408,7.140407118042012
1409,3.9710585584961167
1410,272.58568476375103
1411,275.4635981877051
1412,-37.873388098136324
1413,134.00825183275998
1414,255.13660716732358
1415,2.291001607246784
1416,2.5518978946608213
1417,4.407943739975686
1418,336.963181696445
1419,175.73537603336345
1420,4.633488837837577
1421,36.26551177555317
1422,6.683386424228218
1423,3.3500642403378147
1424,5.280715067755842
1425,2.211519168528592
1426,-17.78808107609078
1427,3.6055465975936687
1428,4.696464237756597
1429,3.390098523988176
1430,4.360695546448446
1431,6.535652782438327
1432,159.1760768389001
1433,3.0615560714631735
1434,6.253016513106823
1435,4.76432571696598
1436,-52.865119999946046
1437,146.09328364673084
1438,109.199506749903
1439,6.284451563221625
1440,2.5397479911144334
1441,120.77498126351955
1442,178.48653254540324
1443,52.450324100326995
1444,5.596369355969781
1445,57.71940720260016
1446,270.19493262968103
1447,204.51256638656733
1448,-22.131250090496383
1449,5.8976176153202875
1450,265.8200554812859
1451,143.81452188597828
1452,4.89157422957948
1453,5.246575811841155
1454,177.7748888285572
1455,68.17084672097404
1456,-7.912144404549926
1457,7.783381116250071
1458,5.04510323123001
1459,294.21778585959095
1460,347.1297461418679
1461,147.17557168449866
1462,-29.696645444365988
1463,78.55416395439008
1464,5.887760032103498
1465,3.4873062157130557
1466,231.1378342283018
1467,5.600722869294361
1468,5.496466435375189
1469,34.86540886094878
1470,3.77975087010343
1471,27.8141644106872
1472,6.716048982616799
1473,2.708976274780389
1474,258.7350796459627
1475,91.03574858787722
1476,6.667670964026728
1477,2.63861951804449
1478,118.93794654730364
1479,3.972593482343704
1480,115.2631778009544
1481,6.018751245852007
1482,160.91184595116277
1483,6.132976305966407
1484,225.3622897859992
1485,186.73291873475242
1486,7.333375363814499
1487,3.7202928099103505
1488,75.58768077389813
1489,16.297987448896997
1490,48.4597024282013
1491,3.664727920994039
1492,1.99935590389557
1493,7.5574905956554845
1494,5.3062523082863375
1495,33.96479252834895
1496,7.574667975886502
1497,53.906290981014614
1498,6.062926708287316
1499,73.77867193077662
1500,6.704915275732571
1501,5.695675007912441
1502,49.69911629835799
1503,5.617755319397294
1504,2.119224793770778
1505,4.938426989312434
1506,210.03138059805428
1507,53.728056759199724
1508,112.46527378892932
1509,64.59414840146574
1510,3.165543910532427
1511,28.52219213599724
1512,70.70133739517549
1513,5.453582391485889
1514,290.7239968144299
1515,55.35824258311649
1516,2.8114238537600773
1517,353.8821954321792
1518,4.592891394327273
1519,235.43681420037663
1520,5.024850093821816
1521,48.18823123799153
1522,4.884250194283643
1523,2.817337268160148
1524,130.19863907001178
1525,-27.694743819245126
1526,2.3224988556121
1527,5.723844721487549
1528,3.9076411112666185
1529,214.27842738165882
1530,275.5711243804126
1531,3.3311419943577474
1532,5.70831955528148
1533,3.7781575529443385
1534,10.561891065943513
1535,70.79501168634954
1536,5.523319862641726
1537,2.48953164073838
1538,290.7116279992458
1539,172.76303241907848
1540,2.179355138141367
1541,130.48272391918658
1542,3.058997120561668
1543,22.71041353955392
1544,7.742657365306558
1545,3.4457266254440846
1546,5.800799079360301
1547,-27.702089646273546
1548,188.01961309183613
1549,43.604401728133524
1550,2.648672616093774
1551,2.2724857341871463
1552,230.15916685185465
1553,6.241921717293119
1554,286.2619036278033
1555,158.94202470752813
1556,4.021061845196588
1557,13.049865602483386
1558,3.723441267320778
1559,235.77005380456697
1560,169.75167236303338
1561,195.1524128155676
1562,237.09375870425956
1563,106.69010955144599
1564,3.5307821991003006
1565,66.5311404436767
1566,3.4388902663051795
1567,-1.2436702388828453
1568,97.03700795588158
1569,17.00292203031805
1570,272.7047506552277
1571,3.380685226402251
1572,91.49754777602796
1573,2.2278760413980074
1574,4.662982513687234
1575,6.062704114619384
1576,4.23716361327751
1577,6.124175969777615
1578,76.94154929300313
1579,4.982725386265132
1580,194.90812403671893
1581,216.4883346672773
1582,6.828718155556224
1583,295.70119330864384
1584,301.3561388108538
1585,5.404701152801408
1586,5.152308958036183
1587,63.776516893860595
1588,282.5721103829037
1589,7.372863799888047
1590,6.201319629675943
1591,156.93012740558183
1592,7.4086157562160775
1593,119.50050989534985
1594,141.30974183698973
1595,123.70490829346372
1596,5.991718911321397
1597,70.20965996368014
1598,6.781604081486754
1599,3.110452866957398
1600,4.520133635705155
1601,2.8353978653826806
1602,5.847104400214128
1603,270.22016175559594
1604,50.31329260821505
1605,102.78095223375571
1606,259.737896487072
1607,9.175406108131035
1608,3.3998829633956933
1609,7.140334731301916
1610,3.094407212204098
1611,190.32743200702106
1612,92.52727132003884
1613,2.901954719623863
1614,270.069371331167
1615,5.546983453982336
1616,3.7992703718115157
1617,176.06250783858724
1618,217.49147819593958
1619,10.663466977000041
1620,70.31903331176521
1621,2.3858878429213504
1622,2.846082508558114
1623,2.576079357011147
1624,254.2182300735616
1625,81.17392088829328
1626,1.6240696751177686
1627,34.41874906109307
1628,3.74669708099088
1629,206.8636235059067
1630,80.67824418466125
1631,3.1348940345698852
1632,304.6250267882781
1633,4.824497812528906
1634,-10.001377129731912
1635,3.844041389279314
1636,4.661570626534899
1637,7.004372737426625
1638,221.71952738511064
1639,29.7819589102319
1640,4.7070806018981175
1641,316.0038113936302
1642,158.1777673261113
1643,195.01745880150017
1644,118.2566763734965
1645,198.95699184279522
1646,6.032205148137197
1647,6.500697906840764
1648,35.08051547218832
1649,4.504482300842991
1650,92.41130356109373
1651,6.579415039240928
1652,6.556528047492161
1653,221.9710614052056
1654,6.4526853102833135
1655,316.3131257812252
1656,51.21109855873557
1657,1.1884022562868486
1658,284.4759390963514
1659,2.16744613950644
1660,15.269422493780318
1661,6.2114033550459995
1662,194.9163098176338
1663,5.925139490421395
1664,125.7623934771641
1665,1.0604911175107925
1666,108.99453015440888
1667,-61.22691779713798
1668,258.2411989812333
1669,51.9562125076275
1670,2.087802551268562
1671,2.359454281500562
1672,5.377132742245759
1673,4.753127632693945
1674,104.16393921933523
1675,2.20275406759214
1676,-59.01331766516418
1677,30.76734956456801
1678,4.499352191149417
1679,214.49229599175388
1680,96.69010184312236
1681,1.5112332718004167
1682,3.3092454515730996
1683,63.733325865997934
1684,28.002288697707378
1685,6.818366181691232
1686,137.24874293277423
1687,7.203054405727914
1688,150.56322966837473
1689,258.85218525689896
1690,3.15153707579242
1691,3.9085213927400333
1692,4.0573415666241095
1693,2.3190733926090905
1694,98.86357500933846
1695,206.83576696236074
1696,114.14087092572899
1697,2.2939715452171248
1698,217.81911974837422
1699,173.03789646141004
1700,118.8102887789657
1701,286.84157791550194
1702,-62.13153325888814
1703,5.583179607185762
1704,5.63641980330515
1705,3.1985407311674745
1706,71.11908581455673
1707,6.0292071321021075
1708,83.47929172862081
1709,141.1830055032907
1710,6.1766667935855555
1711,72.37817056576678
1712,1.9168730344044547
1713,5.954742800142454
1714,-68.5990957273981
1715,4.806875931007361
1716,2.7540606741103897
1717,15.23050549698463
1718,113.41829275963164
1719,35.445734216115305
1720,6.192307030684783
1721,252.69709940919068
1722,3.799882109209364
1723,157.13443948741624
1724,141.11664448622685
1725,2.99564857656922
1726,4.343686170565677
1727,249.26934767889819
1728,4.078632269846284
1729,3.3199696154980645
1730,57.710848667600466
1731,225.62858489764855
1732,4.70932770668618
1733,393.5500889522498
1734,275.8939713256747
1735,198.79186555802067
1736,3.4272250864929803
1737,302.9541712402918
1738,279.69903399246476
1739,181.49180408879332
1740,87.07965750615753
1741,96.01428473932245
1742,255.07099181259784
1743,5.228801060297344
1744,126.47719376680774
1745,29.70608135141831
1746,3.474761034112694
1747,7.643292398878915
1748,193.41923914292076
1749,3.6106775164881246
1750,95.71918298141267
1751,34.61100847119519
1752,7.429014078944908
1753,6.002385554481245
1754,280.2267840017667
1755,235.2194839378873
1756,1.986705828458385
1757,238.87987527972797
1758,331.7557970182479
1759,4.962227826199562
1760,259.73014374527145
1761,260.5038808028564
1762,10.726724864183895
1763,49.87074288151378
1764,7.5461681723427
1765,5.299033043150375
1766,244.88908858379904
1767,162.35881536562368
1768,5.375378787241315
1769,106.07593325554005
1770,55.079548502659826
1771,2.9155296735102696
1772,212.63178995053488
1773,248.43603957571128
1774,6.223719607905559
1775,304.0049762012118
1776,2.54845676059054
1777,34.982377093699334
1778,25.069841689410456
1779,24.557036954891053
1780,109.98614147328495
1781,5.739357774249022
1782,168.07820487359893
1783,225.5957703674251
1784,4.2403530726701035
1785,81.42426697558626
1786,2.880038552471843
1787,75.41493104103392
1788,4.964583581889237
1789,2.52039913090624
1790,62.065279156241694
1791,4.5610602435574705
1792,2.5618755719469304
1793,2.1961473773753424
1794,154.10705260498122
1795,178.6069227729434
1796,286.88528447670933
1797,135.5247217181129
1798,6.32940605617826
1799,216.65947630032196
1800,143.72747518687245
1801,5.274128124324707
1802,1.9814743221357929
1803,156.60844887593598
1804,4.121885945588138
1805,203.9612794795947
1806,5.737202829871421
1807,285.1726316287822
1808,147.92823527469383
1809,70.84520382689398
1810,4.2946848555083275
1811,2.8478223213256486
1812,29.446700882334884
1813,3.4185653074135116
1814,182.4930711233019
1815,262.1737216127346
1816,5.384893727062109
1817,113.84548045012674
1818,44.396210862675254
1819,226.33573705868872
1820,8.039026142800248
1821,3.4579185227488356
1822,276.79827064201226
1823,-1.2250628438955609
1824,44.428846470767034
1825,2.233133102442435
1826,6.032581667527969
1827,3.9477413684220894
1828,2.183754211053591
1829,216.69173768230678
1830,243.08535758518258
1831,6.818010205409062
1832,47.38424875279417
1833,3.756365097200323
1834,3.6184548576273645
1835,101.39023879246393
1836,6.3309929761645725
1837,5.820324001012176
1838,5.92132938205686
1839,127.25572255333294
1840,-7.5683198514156285
1841,-79.68506924897552
1842,241.96692228599093
1843,168.30707626241943
1844,253.68116938497496
1845,169.12566202654733
1846,38.01520794721982
1847,258.6831758276064
1848,123.80290174934399
1849,3.8760363492524843
1850,5.591941553025299
1851,-69.61034847297543
1852,6.00530158482084
1853,72.06836703434388
1854,82.82993208479031
1855,5.74036810073153
1856,178.57213870411775
1857,2.716626731601704
1858,4.893175727815456
1859,6.294238126384819
1860,5.915965265113182
1861,146.56583560363768
1862,5.9701458301515045
1863,92.45411228694601
1864,58.25800169563273
1865,204.91795974826874
1866,143.65107711252597
1867,90.03947733324274
1868,265.76454803935155
1869,162.01506596274353
1870,3.3659858793525146
1871,205.0797763196114
1872,57.31699473116125
1873,2.8943558931049087
1874,25.092594976443486
1875,134.30106115994974
1876,3.273079665754057
1877,2.8597811905554438
1878,62.12546398678255
1879,32.34273048096732
1880,283.898122133179
1881,6.260909034074355
1882,104.13702733887844
1883,6.117492601491784
1884,79.4238452726469
1885,299.04914191569685
1886,283.31935008583156
1887,3.318473666293226
1888,211.28814749982243
1889,243.36737982012858
1890,2.3443969259767075
1891,238.8240871202246
1892,231.0779326434872
1893,4.250239054326613
1894,2.054013626342905
1895,12.162717619535952
1896,6.005917510224336
1897,58.90952884598522
1898,-83.06517489316182
1899,2.8679074442604606
1900,5.858970539141678
1901,271.60601709985565
1902,226.52469318398832
1903,-58.618069795504034
1904,65.28465319130477
1905,63.97000157545123
1906,165.22736137964014
1907,6.819046458212443
1908,6.367998148785883
1909,113.85320382554431
1910,5.71967992981393
1911,5.204643193567094
1912,3.7142708290077904
1913,67.24039448816094
1914,-11.902196451985288
1915,6.790277046532565
1916,1.533756587143312
1917,2.674455505566698
1918,168.59929348243844
1919,5.051015692173983
1920,4.503633360680201
1921,80.68419865242493
1922,3.1452836178653434
1923,6.752498673512353
1924,2.7923434959138547
1925,4.678513184154306
1926,105.41509358366544
1927,162.06243365302947
1928,3.50419225401236
1929,52.43691680491719
1930,2.601944474658065
1931,6.010290530241726
1932,4.817908857511663
1933,2.6179820127379654
1934,241.07487741339955
1935,6.149544508145681
1936,4.581799055909223
1937,-2.6299874684553544
1938,-29.544791510585007
1939,2.6312498286777886
1940,274.0857558138805
1941,3.5281346856347042
1942,198.1585551406087
1943,3.8210060991864276
1944,225.501068008606
1945,291.44989751666145
1946,5.810837679234318
1947,106.25543524612627
1948,5.669789487260637
1949,7.513926981989211
1950,47.36697095066543
1951,2.855175014517984
1952,51.35027513006487
1953,404.42242941331506
1954,2.500947854134376
1955,103.28443023892447
1956,1.9809316950845595
1957,100.75446398416943
1958,3.825859780429473
1959,181.97577949210645
1960,70.3237554998393
1961,1.0626005423762825
1962,4.233449347806773
1963,3.177498176478011
1964,5.034636384243052
1965,87.18422488736041
1966,3.408530328589251
1967,4.419063955110253
1968,247.77447929772435
1969,34.04686730878128
1970,5.896409771200767
1971,1.451267823402534
1972,95.42824046054139
1973,-31.8596745979094
1974,2.4544048577584676
1975,2.877209619704152
1976,308.57084293114445
1977,1.6733037204735282
1978,220.19647686144796
1979,78.74291457260166
1980,268.66614481604694
1981,159.0967518909608
1982,131.19740272037825
1983,100.93342096608409
1984,8.70046147022064
1985,4.686726873292413
1986,4.178799058021219
1987,6.11312303319696
1988,1.436060675816993
1989,5.663844557116854
1990,4.588542126952292
1991,2.2370799345482615
1992,4.330783804155108
1993,33.27199015716376
1994,1.7454937261329053
1995,113.60835347505406
1996,4.056740160183529
1997,2.7373859489960055
1998,5.362074503945232
1999,286.01300366104624
2000,5.898953007219528
2001,307.23871107515026
2002,-41.2405981447547
2003,6.788318635951663
2004,337.3572033475245
2005,70.2319411746699
2006,4.712238465335704
2007,49.93889770345907
2008,233.20993130801463
2009,145.64634861035773
2010,298.06040194670356
2011,5.709293297817748
2012,160.39139626663797
2013,-24.366909833524552
2014,269.6358216681
2015,183.07359117326178
2016,43.350831430359094
2017,3.1361381437732634
2018,23.191435485110546
2019,100.38953580339255
2020,6.77690372930705
2021,4.285071807595447
2022,181.86598356890974
2023,63.27968151672012
2024,2.9678274512882354
2025,4.578196432289431
2026,79.76533357169434
2027,5.877386462758559
2028,6.323920315175343
2029,34.76119152692406
2030,311.2497288266626
2031,68.49393635139279
2032,289.3038054283383
2033,247.07791903446238
2034,2.4892028448630117
2035,66.91389237287575
2036,174.69671424776587
2037,4.726340542490317
2038,3.036006291980119
2039,3.079485090980464
2040,120.7360744131108
2041,267.5650244013172
2042,4.146522708565322
2043,160.6247413829808
2044,2.258932543946875
2045,98.62195602600885
2046,289.94788049325774
2047,5.566580058388819
2048,-31.15921474355823
2049,1.700535994228605
2050,369.94454228908
2051,3.788439186067159
2052,3.134716950325207
2053,241.45038180018827
2054,4.6982295598477455
2055,4.080392575595813
2056,-36.28176345413913
2057,193.19005615762848
2058,-23.85983862371979
2059,5.307014010077385
2060,15.530763457427804
2061,2.297778424572599
2062,144.68563947238474
2063,3.405790742159954
2064,4.000508292747508
2065,3.4097128660063665
2066,2.000276707253135
2067,6.07703209579583
2068,3.599733053045203
2069,1.3661979926320504
2070,279.8250058306603
2071,281.0684859069646
2072,4.541315633160816
2073,212.090480895974
2074,381.9786668990378
2075,257.238747794321
2076,4.056025389412852
2077,2.8439927772880336
2078,4.225097095589316
2079,3.8601351461882865
2080,2.5290691900823017
2081,3.2159265560285513
2082,5.8372399290563175
2083,39.63856766776985
2084,2.7178425511466737
2085,4.975628885645441
2086,120.91864320864208
2087,89.57893023072171
2088,34.48253429916252
2089,44.89392064692791
2090,243.37099163972744
2091,185.2084724204915
2092,-92.50210360964202
2093,4.862484665557004
2094,3.808874698918999
2095,81.94961770318397
2096,53.416200484898454
2097,130.72332184377768
2098,5.427771947849631
2099,-32.06312385335303
2100,23.67282361706638
2101,5.754011269104928
2102,6.555644862030452
2103,68.31801496530012
2104,58.2557894677453
2105,46.740163271740684
2106,303.04754792681155
2107,6.626623076003129
2108,7.1930069451810565
2109,5.868800215872859
2110,265.8300700432211
2111,3.715007386831221
2112,52.17677123996598
2113,103.40470582076591
2114,2.465803407469049
2115,48.636649354007396
2116,3.6880340724963476
2117,3.5205035778835234
2118,3.253558732211601
2119,123.46328012597323
2120,4.140670194960105
2121,178.42694724827916
2122,226.79689923204916
2123,2.686221683694825
2124,1.6099545443771088
2125,4.038311048180731
2126,5.930524158411615
2127,60.41280057718509
2128,203.5750166307536
2129,1.824266732751344
2130,2.6160310060726206
2131,5.133002185382398
2132,6.063682638337711
2133,241.15205678242603
2134,76.97246093108917
2135,238.1966288407739
2136,27.32437093625095
2137,229.52615825059576
2138,3.7976139852257536
2139,61.8440737657205
2140,54.350034283881776
2141,48.389749902316076
2142,5.769890626878993
2143,21.417841540321312
2144,161.35470547639764
2145,43.08647618621001
2146,3.8698498480942543
2147,4.226185752624183
2148,57.1057798492396
2149,-55.89948604660908
2150,14.841928902915054
2151,68.60220018355834
2152,5.052647676626731
2153,3.492742957022105
2154,1.6097822944451685
2155,2.4470476989799312
2156,5.901563963941773
2157,132.13796401333153
2158,3.7714928966963335
2159,336.4807126618174
2160,227.0810722158956
2161,316.44776970223376
2162,1.8889962800062177
2163,287.7141154950913
2164,6.25491011917722
2165,3.051193038852584
2166,2.537551185272936
2167,34.590793173242346
2168,316.06477253744697
2169,2.3285990910784538
2170,2.5824642464416305
2171,165.68516432199678
2172,5.387617934698728
2173,257.36332176228376
2174,244.92781483566102
2175,1.1149553190565535
2176,4.598033256653721
2177,-55.3849748206332
2178,4.2512210945133075
2179,68.45930002177599
2180,272.64815644344276
2181,2.7123861958524884
2182,163.3031922085632
2183,184.18949590381658
2184,5.929375727055208
2185,3.0146576017067805
2186,2.673644953809732
2187,4.5259530203677665
2188,263.8998327982922
2189,243.06738841029144
2190,89.3765754035947
2191,2.9798777180266556
2192,2.7286243380634088
2193,100.91367571640457
2194,2.746171478963093
2195,4.867664233255656
2196,6.623073523301203
2197,1.9373369742356261
2198,4.687615340252487
2199,3.363276419747102
2200,1.7451883584646053
2201,4.110003044402674
2202,74.52014629801775
2203,2.528859781801957
2204,1.9738164659363773
2205,110.527166495884
2206,5.345354102307509
2207,160.22084775566987
2208,4.71204460088448
2209,17.364320220406476
2210,261.549308914611
2211,1.7803669080180549
2212,4.99917169486844
2213,6.580514051723642
2214,110.1206271015619
2215,18.90584391401841
2216,72.6404467333844
2217,4.513753249810251
2218,36.57813118687303
2219,2.6084236359041424
2220,5.5184198775613265
2221,3.220842086130237
2222,-30.711869532506267
2223,178.03554502595938
2224,-61.43577325533138
2225,180.93726204258468
2226,-5.267441839574646
2227,72.05238285027458
2228,146.5649976609748
2229,104.31128604816465
2230,3.456896573655611
2231,5.110885409095058
2232,4.358290000572913
2233,259.4236675733334
2234,222.08705094493476
2235,239.33084968667256
2236,3.034331804959435
2237,3.3687794807633606
2238,235.56828839234257
2239,92.27578353484273
2240,234.82941351658934
2241,2.430166967997407
2242,236.75210714853026
2243,5.878171547048391
2244,91.42718794101884
2245,229.11571646489355
2246,99.13563871598518
2247,247.07008607618988
2248,6.647124049837344
2249,301.5579288046124
2250,125.1355160187041
2251,4.602338309850921
2252,277.5088734977382
2253,6.1972729885472635
2254,157.55444015986183
2255,-90.14565350660683
2256,48.390603780633725
2257,1.726321684438871
2258,3.246130215466508
2259,71.1783994350911
2260,6.1723445836404975
2261,76.6287765899212
2262,1.7548892909633675
2263,85.86575768021432
2264,-31.254322738615137
2265,51.18277815126351
2266,2.4504714561066403
2267,2.90204295461372
2268,5.383695933879557
2269,3.6546330456892853
2270,8.770533535938261
2271,167.8460821027654
2272,45.71498678034748
2273,3.426247239554161
2274,5.937251537298975
2275,6.467861010093836
2276,4.283877511551349
2277,2.2156979784081265
2278,1.5319286168484196
2279,6.054975446913035
2280,3.0068530310110058
2281,192.1119365885996
2282,2.373467158593957
2283,3.8443917573729105
2284,252.57834382870922
2285,3.1435874279363722
2286,-15.61415723537064
2287,5.611276194693628
2288,2.880527062386715
2289,4.792491826902238
2290,-55.45406535885444
2291,40.224945756322256
2292,4.620369258746089
2293,1.9115067045462102
2294,-5.722975403491233
2295,2.6725987046893263
2296,5.121194933245289
2297,130.67143177616924
2298,-43.57096122777494
2299,78.8047892417919
2300,3.9290153191951016
2301,5.410156040359164
2302,-96.73597804001756
2303,164.47031660300738
2304,5.6608648967294215
2305,50.33156695855968
2306,295.6367979738473
2307,14.422561342681506
2308,42.40710757862481
2309,5.932089607667039
2310,179.14903027665233
2311,-65.11506055379779
2312,102.26073532169309
2313,3.9683324185528406
2314,4.902971829988286
2315,236.6210356625246
2316,7.6805595753755345
2317,3.9830354757175233
2318,241.01451431481658
2319,6.481544034108727
2320,102.88219062997938
2321,2.5832529913543056
2322,240.41031296373671
2323,167.9842580683199
2324,1.9840983098153628
2325,35.43817704581256
2326,2.944227640149141
2327,131.17812009824354
2328,3.2030534588017856
2329,352.77700961109804
2330,176.43044586560495
2331,0.8167707652112215
2332,264.6934465336705
2333,6.744894321764919
2334,1.858118387448539
2335,5.118454231430196
2336,57.54376490460781
2337,133.13611836101006
2338,198.9925813775014
2339,19.888698933113595
2340,56.028225675080435
2341,128.47507196669125
2342,2.3032768484551633
2343,6.093258782178759
2344,306.5243384453395
2345,5.988155468637349
2346,159.92879512701012
2347,110.53368198324759
2348,1.8522107792289235
2349,258.2343297190548
2350,26.37229901810378
2351,4.836757590384607
2352,4.905324364437786
2353,1.7398683630526368
2354,-37.95924406178767
2355,149.56114589646904
2356,3.7571609960285746
2357,98.31800450559912
2358,6.116325374078591
2359,6.739665865780722
2360,4.545518212194757
2361,5.63867931071114
2362,273.9892961328056
2363,4.59453814648455
2364,246.6287944102108
2365,93.61755610709515
2366,51.24670391292455
2367,50.349888595746236
2368,-67.06475944548748
2369,4.507395676422431
2370,217.45834177955658
2371,36.977049857788664
2372,71.48482289148082
2373,1.9447042846974876
2374,-65.17761390423932
2375,1.7560187298160912
2376,123.78427981351263
2377,105.06333580076169
2378,5.4504109546609545
2379,6.520114870494951
2380,32.59246464154239
2381,159.37196105682804
2382,160.45454997275627
2383,54.78425781722771
2384,3.405816160082905
2385,253.4118626916986
2386,5.8886756318996145
2387,42.23676808099007
2388,252.33292296651257
2389,89.77108593294489
2390,1.921190446189506
2391,116.64365415355327
2392,18.84075714653706
2393,66.90937340079017
2394,122.62698795923384
2395,5.778029770942248
2396,2.4487216566896643
2397,297.60272593176194
2398,302.49263161093404
2399,4.351992113514799
2400,190.40550752861054
2401,55.854349644903934
2402,253.60212267508408
2403,6.41936196208054
2404,2.0622079558337196
2405,5.120936170333747
2406,2.8238165867417813
2407,79.4710711068419
2408,278.0091666243635
2409,184.983185885109
2410,4.457437185658363
2411,6.6338166906540526
2412,314.2344658636245
2413,4.6592958710296335
2414,3.882884119306683
2415,78.97009266007913
2416,261.6742699512197
2417,17.866077228059755
2418,3.254856343172649
2419,4.026842386017803
2420,1.8330682640801867
2421,13.100543267640901
2422,249.40604046346184
2423,2.430321368450453
2424,181.65277895595275
2425,5.986227878023807
2426,-22.52539589595498
2427,162.86736680965868
2428,31.07538076506036
2429,4.472118563682012
2430,5.978442300416794
2431,4.200272796152672
2432,311.5200889472882
2433,241.71157476708646
2434,4.467663146713455
2435,55.086957305803374
2436,243.54651539533614
2437,-77.91476458253386
2438,5.587132459866359
2439,6.801894203473598
2440,165.4946823075644
2441,6.37298697371775
2442,5.979039783605256
2443,5.017663293689073
2444,-65.47805116994385
2445,6.367325366446194
2446,5.143522901504242
2447,233.0007552625906
2448,6.300394849836639
2449,6.017908920043412
2450,28.299258883121954
2451,3.1225356357421257
2452,3.4367159202633366
2453,36.59010939909825
2454,311.4268742365656
2455,137.53786435705007
2456,3.383817732445791
2457,264.75184567028214
2458,5.979747063521381
2459,1.6183230690775565
2460,5.593416083319117
2461,86.3309697018445
2462,52.657055105340284
2463,6.1139551762168525
2464,-68.60202600767781
2465,25.277953761485673
2466,210.07994752514853
2467,151.38612308129592
2468,271.04373686729883
2469,249.00879304971187
2470,5.611103686384376
2471,133.3177500573582
2472,2.4092092206484703
2473,63.4347674850961
2474,190.90008645446082
2475,6.426251667754291
2476,103.79659992589792
2477,138.94991602139388
2478,203.36610174797423
2479,5.376724072325819
2480,55.132427983680856
2481,61.6777094758796
2482,2.455832600001714
2483,4.928738417537638
2484,130.98183414639604
2485,139.9131667271467
2486,6.859392779065817
2487,5.2500212054475695
2488,-7.073824947831322
2489,177.1310073636875
2490,5.612343503299453
2491,140.71531292311053
2492,51.37964696726299
2493,45.718501736780766
2494,5.984875416372907
2495,5.399353121763035
2496,105.3139182730842
2497,72.2918073584219
2498,2.0568345893141404
2499,6.777730274111489
2500,1.8838335009640848
2501,108.81487441114277
2502,235.6633101479165
2503,78.46620515059267
2504,352.10904937671694
2505,3.313236120062568
2506,4.491002453193941
2507,263.08242445306973
2508,194.85308434483318
2509,105.85649084863411
2510,6.692336917999875
2511,190.86117974801184
2512,76.11710920747349
2513,151.30853116280974
2514,234.35236617035721
2515,319.2233300115076
2516,1.810734281499784
2517,2.1136500341929936
2518,276.7555432256101
2519,4.432046335791531
2520,81.30495994627141
2521,147.42247655392188
2522,1.8311449575963825
2523,6.347597983979983
2524,4.771153779355674
2525,291.3549933205024
2526,4.409738766373452
2527,3.6809422855422618
2528,234.6117484370033
2529,109.21653887773088
2530,240.8857607753314
2531,272.3666602613598
2532,46.378717133104665
2533,1.8597004459128603
2534,6.079574564035572
2535,5.894032041122869
2536,3.8996447086671355
2537,6.516242272976443
2538,5.8786719902179545
2539,171.820904804529
2540,3.268166609194592
2541,-1.4461084488111051
2542,-24.1657633775051
2543,5.037524013692165
2544,182.92091878691676
2545,2.4605339235659605
2546,257.61177049595983
2547,19.175835300004646
2548,8.076261982343144
2549,155.73566392055602
2550,119.10702445156032
2551,-39.168845630553236
2552,2.2763701628392963
2553,278.90969357779807
2554,2.375522794130759
2555,49.72395381261707
2556,116.16310726393817
2557,4.282264711403579
2558,1.9526730691379783
2559,6.446127040655184
2560,185.60040334722635
2561,2.2758127731634032
2562,228.03061166983773
2563,235.57251900545123
2564,280.84975667726377
2565,4.849504726349245
2566,4.840922255597402
2567,257.32328926938015
2568,39.866954302666045
2569,67.85241850172581
2570,3.333690019340244
2571,118.85400517808577
2572,-34.932456553346405
2573,190.25634086893405
2574,3.255879051591559
2575,4.1425919861108875
2576,3.3720566989342897
2577,5.671252332529038
2578,63.145502957428434
2579,6.023488064900714
2580,4.672281497333697
2581,2.803058494758575
2582,-48.44773809572617
2583,2.1794734579201
2584,7.13344319271292
2585,49.232252990357026
2586,4.643387782385253
2587,229.25341994839195
2588,187.04015889548188
2589,4.972307421519284
2590,59.369731842203095
2591,1.8340571396638652
2592,131.5802864920586
2593,65.38374877006692
2594,49.68680710099879
2595,51.835519294497985
2596,43.95012395357708
2597,5.692852972786916
2598,6.395319349780861
2599,-0.19315906082380577
2600,4.1692830032021035
2601,219.38519718134788
2602,6.139488023841466
2603,364.72459402882606
2604,158.9264900390546
2605,55.57648282377931
2606,3.740949321439186
2607,53.86451567532309
2608,186.75840831129835
2609,34.57952348854724
2610,2.674157614265695
2611,14.848885070190466
2612,3.351393210942382
2613,4.592929427431917
2614,3.1659447899113293
2615,102.54381019022308
2616,138.34854321631943
2617,251.54301684960473
2618,202.95689581273612
2619,4.401504566210338
2620,2.210637670681867
2621,3.894177162407816
2622,2.7473477214587176
2623,2.018353796996671
2624,6.841793599108766
2625,110.93224375093936
2626,287.42204638449334
2627,38.39132867507644
2628,119.4690793640191
2629,27.282923289272173
2630,116.69741532508475
2631,23.454233965730324
2632,6.323002142717149
2633,297.9284612910815
2634,56.72778679536432
2635,161.62365290706714
2636,-46.478645608142465
2637,3.5931944997604535
2638,-60.54636494597165
2639,-56.73145135433045
2640,192.77020763792734
2641,3.0198152811873666
2642,5.573982311329888
2643,152.41503044558115
2644,126.05296462237462
2645,224.5715655969445
2646,3.093648950614939
2647,3.5399050390320475
2648,4.663545332669596
2649,6.696790882100664
2650,293.13314023446986
2651,223.074630615059
2652,65.24521841747492
2653,3.9229662420769955
2654,25.426212076687687
2655,228.4812987458435
2656,239.93998780421165
2657,2.9334254099727866
2658,16.02898405182398
2659,286.499971610602
2660,1.8334440716102989
2661,281.10792697491644
2662,83.56803473820163
2663,-10.182757374050155
2664,89.67130236484843
2665,292.5314044423525
2666,246.52798785233858
2667,-4.1208834627933895
2668,30.97793197243108
2669,6.845737206916115
2670,99.74619068134092
2671,186.81433778314184
2672,130.9927667083473
2673,248.90056542885483
2674,231.63555059230163
2675,1.2449705046465156
2676,-53.32230154895714
2677,351.477860013837
2678,6.169263344096153
2679,5.600976527764554
2680,55.858844920769116
2681,5.207921573597922
2682,3.1456902356086713
2683,2.5088684696083043
2684,2.6410635506994735
2685,6.450672805238343
2686,17.718634220023485
2687,40.005704746439996
2688,90.19845836183285
2689,41.03386523046804
2690,138.42572425316084
2691,82.20181695273696
2692,59.009414050361464
2693,142.77847164347165
2694,127.88490252034518
2695,6.745149315404963
2696,166.46499155872962
2697,4.070201683676316
2698,2.5694305416398775
2699,4.220144816880513
2700,230.30272359275676
2701,54.74324280768815
2702,6.255607284805891
2703,3.829410267230969
2704,166.94083269126867
2705,3.225971701032402
2706,5.521013742117468
2707,172.73785254235474
2708,3.1392232435084235
2709,51.099019409189644
2710,5.51959323640564
2711,166.15415730921083
2712,1.8555710081504377
2713,121.70092233300726
2714,-44.41631623677361
2715,4.866059129354523
2716,3.0768119750879435
2717,260.10999356525673
2718,4.481883549029257
2719,3.1610028644823056
2720,6.5201825576724834
2721,6.364561099454192
2722,4.512163077538453
2723,243.83435617154876
2724,6.260250098595872
2725,32.11121048184843
2726,7.465962299174742
2727,285.2633781645156
2728,60.194742178688834
2729,192.71856274812117
2730,177.75537650019947
2731,154.63593044918414
2732,6.80293442277466
2733,190.96446922543348
2734,116.94698385014001
2735,87.9508316262309
2736,74.36299328095221
2737,213.9708716080898
2738,124.26701190426672
2739,98.5141136583564
2740,5.716209038780205
2741,53.41706645561073
2742,1.5185637410426736
2743,1.2757422705560335
2744,-32.80782569013005
2745,4.489071993238506
2746,210.63267315883735
2747,182.55193490469577
2748,2.7789827118683053
2749,5.332320688292919
2750,204.70236666514924
2751,274.83180118123306
2752,2.4915058032709463
2753,107.57646877966722
2754,0.5301104990341861
2755,29.578937567503715
2756,278.46564727958616
2757,5.797388377599384
2758,287.78208096602157
2759,81.41998801555997
2760,163.56851332225494
2761,6.453370932834178
2762,3.924494565091092
2763,102.81211697686248
2764,4.612036822454524
2765,105.5691683553899
2766,1.9706966082248072
2767,256.88100831175836
2768,4.257451266893304
2769,3.7932365982382126
2770,199.67107791789564
2771,120.65951492665793
2772,6.644956815160506
2773,2.9799545109874677
2774,4.974814633096029
2775,6.253395924552244
2776,3.7723516012986744
2777,254.7074522985839
2778,27.89934407966509
2779,2.0249340915468386
2780,2.87608676895859
2781,243.97373567052736
2782,206.1183657010068
2783,6.171535685041389
2784,-3.77160329407121
2785,5.945490841041883
2786,3.0822599597028906
2787,67.76230081723848
2788,-2.2290317013643923
2789,155.86135256541638
2790,221.43944532793674
2791,103.54435595654812
2792,125.27059398563163
2793,178.04315135472885
2794,166.33893444981135
2795,61.01806421905988
2796,240.55442632485565
2797,102.37299652573614
2798,41.90547475337081
2799,35.88469362761377
2800,5.180841557945635
2801,4.492614412473384
2802,3.265661219954085
2803,65.03096114269646
2804,3.728048871028571
2805,73.58837345153712
2806,6.703724766610604
2807,33.13119797816931
2808,88.5213347705051
2809,6.065581608860032
2810,5.65290766077735
2811,213.66134136331513
2812,5.90609194217563
2813,5.265181599378673
2814,6.055922835751859
2815,260.7315823692916
2816,56.326595648037845
2817,278.4802498857555
2818,113.28241688617138
2819,65.42493666324415
2820,159.21962466358679
2821,50.99664814545958
2822,5.967227427768573
2823,51.90433798447411
2824,260.5865430485423
2825,112.2882920339115
2826,-68.11405448739815
2827,6.668460500093873
2828,5.4523145688515875
2829,4.6027383319586965
2830,5.575081567803986
2831,5.980179803319234
2832,6.046787737692785
2833,136.26810125502368
2834,3.6656364222766307
2835,3.047671545550098
2836,3.5452181949146655
2837,3.2135320090068227
2838,5.794689117019834
2839,1.949054777182986
2840,57.655492625251135
2841,51.44945453645481
2842,290.3853741321411
2843,6.141896877863605
2844,177.4953605497648
2845,301.30762310832625
2846,3.6380414164784907
2847,112.84948471294864
2848,2.910607754655123
2849,-64.21174575700245
2850,6.726629456408999
2851,6.394549018616509
2852,-37.33851479522733
2853,26.571666644876206
2854,2.577461456778004
2855,52.93901735184638
2856,5.962271036149781
2857,42.74001726703274
2858,236.5369667697826
2859,1.5704866716353665
2860,147.0496923081105
2861,275.7283412320465
2862,255.77131668008124
2863,2.626303484844671
2864,268.4414267108516
2865,230.63921501826144
2866,1.8221934915210287
2867,2.5337825292059923
2868,98.22062439057154
2869,47.36753732979464
2870,177.96727834830511
2871,6.096748400045799
2872,254.75739765958994
2873,5.168267817884387
2874,41.013316269309215
2875,4.778048158173038
2876,-40.75883296519723
2877,304.72456593588095
2878,-70.79738290652674
2879,4.961036080721152
2880,235.64903464320005
2881,5.667051814602322
2882,5.948212443489634
2883,3.978286732882752
2884,6.581008032235752
2885,169.48985782986773
2886,241.43630396237896
2887,5.906988027695287
2888,2.015117475401436
2889,6.438126421307705
2890,3.1619810768425047
2891,-55.76566868860535
2892,156.90642894641627
2893,79.39814305969605
2894,81.84024224412859
2895,4.4208540818319495
2896,2.6296404737248253
2897,5.372689265935065
2898,91.13846139083195
2899,34.47500050842495
2900,3.0565614957274043
2901,28.692676459830206
2902,240.7474645540675
2903,262.4633339138809
2904,3.6849288615324065
2905,3.675013435871999
2906,31.81662155964553
2907,3.982860087738864
2908,46.5459272352871
2909,2.2038804593424883
2910,113.81157934276237
2911,3.6360592693872933
2912,2.5093321233680856
2913,6.471073474964764
2914,35.88552953245406
2915,8.367013604048031
2916,197.72777570503342
2917,142.91073034782315
2918,3.700679926858913
2919,377.1383827097866
2920,203.29820426575932
2921,5.301186671274456
2922,3.7422113620439625
2923,220.32922196923786
2924,5.671316003329251
2925,5.035790361447144
2926,6.0331210824345245
2927,-1.2013882626157268
2928,6.169841970269649
2929,164.82905505245287
2930,265.93440643601895
2931,2.28757585861488
2932,5.590185848536882
2933,-23.121786542765825
2934,106.2616713198202
2935,5.775372346834883
2936,-67.40897828228069
2937,6.440259647002093
2938,2.248479045352933
2939,3.111710676114628
2940,153.85525125234517
2941,87.2934481072096
2942,62.72686238707239
2943,6.060793385815268
2944,6.427925834752122
2945,5.853214354573917
2946,6.510651422999072
2947,-54.35732750144623
2948,3.0903260592859167
2949,6.754934433512811
2950,2.8165489079571504
2951,140.4628648179477
2952,143.17238714946353
2953,6.5712919195039765
2954,1.803226903754656
2955,35.215241070436974
2956,6.375769491362385
2957,101.48591545164778
2958,5.86991028970352
2959,182.29071838535137
2960,6.182392482163347
2961,195.80767602815158
2962,3.5284555262556534
2963,4.276172367325755
2964,240.13094311623496
2965,193.61543797185072
2966,4.6911415336001525
2967,3.6838769068144352
2968,159.0306847706754
2969,-87.9034748153268
2970,2.0102493106152775
2971,225.75978446331314
2972,6.969688848635703
2973,207.09570393055108
2974,260.004828865163
2975,4.376786940930319
2976,45.66535143938697
2977,46.15846878374628
2978,4.809155351066258
2979,4.536139037311694
2980,323.8446091218885
2981,312.2800316305231
2982,147.86721884441044
2983,139.30265698708786
2984,274.76650830405504
2985,119.30431475376275
2986,296.9645397297665
2987,239.1205371090289
2988,102.58573296871884
2989,106.09717758276206
2990,43.0803505913562
2991,7.211501737076633
2992,3.0308191394801
2993,5.8056946157485285
2994,28.814225097865936
2995,2.6669864522503035
2996,4.502439014691271
2997,3.6814598177180677
2998,95.36975992122501
2999,146.92646179156893
3000,69.9603583668729
3001,2.993225537142039
3002,302.0924431988294
3003,4.4533519668841395
3004,275.31389660307474
3005,82.32665740556035
3006,88.43786961261253
3007,6.505591248870975
3008,2.616656373478595
3009,28.369573931215257
3010,4.44091110596629
3011,64.60595054479325
3012,5.30078295682461
3013,209.76897849509697
3014,6.13117479679258
3015,3.86591692495591
3016,6.120356994106453
3017,6.24994380695608
3018,4.353330501971119
3019,191.4630527708734
3020,3.301008320365179
3021,244.9741294912148
3022,282.3333190546485
3023,2.9418914829730842
3024,95.0441884019179
3025,243.8123395127495
3026,165.64470351222334
3027,6.090682072268037
3028,5.363347399524949
3029,-19.38497432496947
3030,-46.47460549293202
3031,6.2315264409438615
3032,6.514085772285828
3033,4.638879749346219
3034,130.61261728305078
3035,144.47718077266723
3036,220.06902368728805
3037,5.97315972919656
3038,2.0924938819588137
3039,-32.20873659372438
3040,144.70707217028894
3041,4.739086899976422
3042,25.93421524761731
3043,5.866251772744969
3044,219.6907790662272
3045,190.27490079330815
3046,4.532559997482673
3047,4.187266233351659
3048,46.84333693151647
3049,5.67170964883635
3050,236.442522939615
3051,85.78235205739499
3052,6.462188041531159
3053,3.7531016062535323
3054,122.40921276959581
3055,182.07188798406344
3056,53.90324105079519
3057,3.4337233317375673
3058,96.801825099483
3059,1.8427328689183113
3060,258.4435039551806
3061,5.1422355053094675
3062,228.28834211403176
3063,138.93028115758514
3064,240.85275888830952
3065,237.5635148528393
3066,115.59955101554222
3067,63.28673579518541
3068,5.8435749220618085
3069,6.0960095775965275
3070,3.4530093003529347
3071,6.212235918732196
3072,202.37473033209008
3073,140.9120678107913
3074,6.325365953328569
3075,5.965513435462563
3076,133.79248056422938
3077,1.977149129085064
3078,72.09480535447332
3079,5.912444276661467
3080,3.3433518626698078
3081,-9.398183665805757
3082,94.0191688655084
3083,154.10410570793732
3084,1.1971333717197352
3085,5.557598373594927
3086,212.44946840160813
3087,3.1019092775089394
3088,84.78100369464848
3089,3.6019028956215475
3090,298.7135068616464
3091,147.77555665607886
3092,92.65218865448733
3093,4.33408655300998
3094,181.59145233229893
3095,263.74842574794513
3096,139.3644527102851
3097,4.818866918672328
3098,6.0070649579698125
3099,18.622083530322268
3100,87.22049281419305
3101,3.552727565964033
3102,2.5123943420611616
3103,3.1800436188782464
3104,59.868554682109945
3105,8.098473917522293
3106,27.690231093578443
3107,1.1608312901238966
3108,2.448005812808129
3109,6.4101192728015715
3110,235.49064510889042
3111,1.8533427195492966
3112,207.0737262210707
3113,5.569349472804364
3114,47.163609716558426
3115,278.1025577268133
3116,100.0021843561467
3117,-9.42051831526104
3118,262.35152494393145
3119,4.4697491154804725
3120,47.123995901535224
3121,27.308019227722163
3122,145.62922745365904
3123,3.8982859721174528
3124,2.846335921505398
3125,3.7202912089410405
3126,218.9269283697064
3127,245.27860966438942
3128,45.73310569293899
3129,366.21668854563035
3130,2.08120210709428
3131,106.32529240530286
3132,195.68828695853105
3133,125.38396211766099
3134,240.3042300606895
3135,1.6863204344196725
3136,320.27127740527203
3137,3.0225294795397337
3138,137.74867148474323
3139,5.738102910781268
3140,2.3808430510202685
3141,-6.757610123472602
3142,3.2554170527068527
3143,115.88134749064328
3144,266.11208163431525
3145,5.510816422099849
3146,275.91146638373334
3147,128.10613005848262
3148,104.40974271677202
3149,-4.082113445476661
3150,1.713440096851142
3151,239.41638503716803
3152,7.100814912994709
3153,206.49008461537306
3154,174.09855196389455
3155,24.561885028952453
3156,38.752262018038785
3157,4.904364224856337
3158,303.1005309709665
3159,110.87293092772248
3160,253.04130895877535
3161,-50.46770590015598
3162,3.266820010350419
3163,205.60855614714941
3164,3.210067248037733
3165,-8.706157179660016
3166,54.15563481805672
3167,6.429565852009544
3168,5.246307128089081
3169,3.4802629409910817
3170,197.32089355544258
3171,2.7120027922452503
3172,239.80426102681625
3173,276.42138198014146
3174,54.558742446986216
3175,-61.62955957865814
3176,4.105931103182868
3177,3.2701295866312474
3178,156.33598500149026
3179,6.232043069733204
3180,318.95612689182866
3181,197.37148697511657
3182,298.38440879044975
3183,6.011575643057327
3184,137.6581201185673
3185,6.6401424200191075
3186,180.29677695821647
3187,301.02696588760307
3188,-42.54184132469771
3189,264.3378305906077
3190,3.8306419822841677
3191,233.07534546609773
3192,53.80791349488326
3193,6.3366153293952205
3194,4.380025389902476
3195,6.105483785235835
3196,154.7508900223909
3197,5.5000096995026615
3198,184.02588744633752
3199,179.91107109055193
3200,2.1890967720403287
3201,355.6738735269487
3202,4.147128907460127
3203,4.507427343428195
3204,19.69704946631291
3205,6.538174944474369
3206,258.19856368195724
3207,5.887952862342351
3208,186.83801599896663
3209,-38.85125275444239
3210,7.3779779308664475
3211,190.46256960766027
3212,236.50792599506582
3213,2.570862950332828
3214,252.6296078237347
3215,3.462871442133532
3216,6.046484329551187
3217,130.50879254472648
3218,263.0745622760967
3219,89.93213541982593
3220,64.89815144115505
3221,100.01887302404681
3222,256.84284224414756
3223,362.85251005393224
3224,-88.51971923654365
3225,142.8373707019806
3226,6.074396692057288
3227,5.870160466408545
3228,6.4380870814949915
3229,277.2404693356401
3230,225.38205462414774
3231,6.61356149820323
3232,4.722506036394625
3233,5.638852734453545
3234,4.501602858648435
3235,83.38257379658742
3236,152.36252023390466
3237,19.969565618792046
3238,307.6920010438605
3239,6.632611786035936
3240,54.957326198885845
3241,22.01646897394062
3242,2.4596952728053028
3243,21.51280700297534
3244,148.33483993862953
3245,5.114299478181893
3246,242.0758994956341
3247,6.279839300433974
3248,80.07763054260151
3249,2.305846442891091
3250,233.0663957324167
3251,229.40589599997418
3252,124.79510452091829
3253,54.26245032479495
3254,148.7183488488543
3255,6.520127368918704
3256,5.797122440264671
3257,-9.674469424560202
3258,2.433806777449345
3259,57.8887203393603
3260,5.8854168912107205
3261,106.4113483182973
3262,308.0904519123303
3263,2.0638341209479805
3264,4.320515217983532
3265,139.74502505006416
3266,3.6937695518242895
3267,6.640744592187753
3268,3.0932036656066892
3269,4.45614808058258
3270,51.65934937091157
3271,204.7971387824977
3272,2.209305599834864
3273,199.99943588177393
3274,207.296297590595
3275,123.97261712636784
3276,108.54719561264879
3277,6.536737576203056
3278,6.270215670668847
3279,3.031810074145502
3280,143.52340269558286
3281,289.09791131011656
3282,2.8417069165396898
3283,370.5805416377302
3284,349.6764752401504
3285,92.12529804655756
3286,3.1040685667598282
3287,7.050045715181611
3288,31.684903609847872
3289,1.8427206915730159
3290,36.60772979543994
3291,225.69830033994134
3292,3.019836722048623
3293,53.849207466438905
3294,205.03029196335518
3295,152.54684760070708
3296,27.965576580913673
3297,213.2211125546113
3298,1.9841557923012345
3299,252.83098797195535
3300,3.323486216799173
3301,207.69584891630313
3302,186.33745732540243
3303,-15.409355569932451
3304,239.53373079837243
3305,5.156620843851913
3306,4.444755787771391
3307,164.25528261447377
3308,3.066959959087355
3309,6.413658714814499
3310,-53.08429952976259
3311,2.713636244720695
3312,3.9097969191066584
3313,2.5364400747982683
3314,5.728462113563792
3315,4.048850995759727
3316,290.5127066293632
3317,306.8256675283488
3318,31.549435752900994
3319,1.9300477501549866
3320,2.2022865429063874
3321,5.088262718530794
3322,151.50075060062895
3323,4.542914123329513
3324,3.9859133697713345
3325,311.67775373284076
3326,73.88195530347025
3327,-56.12638942643947
3328,6.522343825319728
3329,1.8725209097384667
3330,164.51780777260905
3331,105.96433678876078
3332,3.7170590512877384
3333,260.94681744383706
3334,110.09446081148958
3335,3.2648999684249693
3336,4.857699271617099
3337,2.5187155048356704
3338,1.7503268788864876
3339,19.302723397221282
3340,34.97464336228581
3341,73.33214798576897
3342,204.1494490782447
3343,131.03888310556954
3344,3.8949111301237886
3345,257.0994710069677
3346,280.02553324872963
3347,167.07571045458536
3348,69.19759517412722
3349,5.538941403219226
3350,3.4419717181747473
3351,3.1388357926057444
3352,1.823681807843911
3353,117.98437292025162
3354,57.52383988890455
3355,3.0989258608176464
3356,305.76823403768896
3357,2.9599658660013186
3358,224.06894612446018
3359,100.16240452062299
3360,140.21138011717383
3361,3.499953181532251
3362,3.561207566151454
3363,3.2341908239697226
3364,39.66092120419834
3365,118.2540383457942
3366,30.725269973493706
3367,3.219989750921053
3368,156.96776717923305
3369,4.1314060682125735
3370,64.23960826515116
3371,15.346080277068777
3372,228.3937854389626
3373,65.68100622998612
3374,331.7109052077376
3375,2.3023149538994776
3376,2.4886011895144833
3377,125.87919193964002
3378,5.5735381510794655
3379,47.38873328478829
3380,353.41936068537706
3381,6.663052927814806
3382,96.63824095877638
3383,6.698173588581185
3384,56.64986024948201
3385,4.591596195912474
3386,34.55326295880352
3387,2.181573902115992
3388,181.97671647733023
3389,229.54529985605691
3390,2.0941510525055183
3391,5.652817391435868
3392,5.174021236779458
3393,192.56319319272703
3394,122.30059755001918
3395,5.071633804264045
3396,5.764259290570874
3397,167.92962908851993
3398,2.1611092335466555
3399,210.2993222193602
3400,179.140978101012
3401,4.928911121350842
3402,1.1450144421576296
3403,59.748995504724284
3404,126.21125588824573
3405,166.22972538145135
3406,223.39297327509658
3407,4.107717246306698
3408,99.66525486673633
3409,108.14661443731774
3410,5.9276130017382895
3411,5.353128486629431
3412,59.62588792682931
3413,2.1544983606318837
3414,6.759358428715987
3415,128.55743960949223
3416,64.26784941897976
3417,189.85575796856725
3418,158.31922671343168
3419,81.3457538306134
3420,32.115266958175994
3421,-57.538411674379226
3422,167.97537443957754
3423,2.0996738631898912
3424,3.950566362658648
3425,54.836349122103236
3426,3.5649850897610267
3427,48.57766778783152
3428,2.98360525049381
3429,324.2418402326488
3430,309.07605491610417
3431,99.8429702785696
3432,6.032387088253974
3433,102.46644140473974
3434,1.975704110774556
3435,317.040998761441
3436,212.3125115290269
3437,3.413860555409813
3438,50.534730385902854
3439,282.64293668229175
3440,6.347236258436753
3441,4.821973579033565
3442,243.67432268213287
3443,5.17739847901435
3444,200.4580410033656
3445,3.5486699501441556
3446,5.704392718278717
3447,227.76396052777798
3448,5.000529543061148
3449,5.744339211039113
3450,103.85046174670686
3451,191.03907443632366
3452,1.9802169672083367
3453,1.7723328293827096
3454,13.44805426787327
3455,4.188492298764982
3456,6.1440043747109385
3457,4.0095332383853854
3458,6.2073541829377685
3459,172.80676142104707
3460,-57.07777381996844
3461,3.3735562729961948
3462,41.40874716259926
3463,230.6901491433031
3464,4.573657514526231
3465,2.9270552116153676
3466,6.661328975802004
3467,108.03773854601965
3468,36.413034228258425
3469,307.2081394344112
3470,160.75961654840074
3471,4.270354163941746
3472,272.51566543475394
3473,6.767082249388058
3474,3.397745501963868
3475,4.671610269626196
3476,33.82309130193883
3477,3.637068721369807
3478,6.749131956387157
3479,2.9391277871316053
3480,112.93395913865893
3481,131.62718623357375
3482,78.30041204325411
3483,49.98349343930166
3484,175.1897235397585
3485,2.351357509262502
3486,205.03628558801978
3487,5.880756190347264
3488,4.6847912974695705
3489,2.9380203405703376
3490,5.852347133640618
3491,3.379207715753594
3492,2.5321846489417545
3493,313.46442870051294
3494,168.02334274814137
3495,6.286800631998499
3496,-5.675823809336147
3497,4.53453313727364
3498,6.721084545865037
3499,19.4147577009397
3500,110.29232404494299
3501,288.86831655239706
3502,5.915829156459297
3503,3.779858705832704
3504,95.56373330732696
3505,146.0945959898399
3506,76.63693383845394
3507,6.243288814346408
3508,3.546260091539547
3509,3.0939430515902777
3510,267.17635863868577
3511,1.9542630223502213
3512,59.60033264419944
3513,76.89507550410349
3514,3.1474580341270566
3515,70.21614134552699
3516,3.2898593187419864
3517,202.97172791520762
3518,4.312617858975225
3519,236.26295193463187
3520,321.99308814380254
3521,1.8732359123079356
3522,38.099033479260214
3523,4.907518000866221
3524,6.572725127947961
3525,5.2221506007711405
3526,34.27582173217135
3527,1.6088736545513438
3528,284.78952338485897
3529,181.56206754444747
3530,2.6057326819590965
3531,83.43284694529602
3532,262.3348509230415
3533,46.87926850535633
3534,8.189741652768008
3535,91.29802076461519
3536,3.3724742768913716
3537,74.81109029171382
3538,6.958100612151637
3539,38.1295705732822
3540,154.33176725209827
3541,-43.11849998163269
3542,2.7635279947538214
3543,183.51396499778744
3544,26.38511299359388
3545,2.535145243092288
3546,5.8915699361036795
3547,166.04742569641203
3548,5.055505530253513
3549,1.7334071642226836
3550,4.393407467333057
3551,4.996183681418482
3552,5.6162927353655965
3553,6.829707920110919
3554,179.1396308794848
3555,4.432048424644337
3556,2.224612626037758
3557,115.03922282359638
3558,5.042061368324057
3559,85.11931497193738
3560,45.34333457749647
3561,6.464992682354991
3562,21.492543928809443
3563,-42.9835427462846
3564,5.914078848226479
3565,5.118971325731821
3566,176.57160263828376
3567,1.9821263407580596
3568,234.16066688746167
3569,179.25873639763319
3570,50.182585054019306
3571,189.78732932041402
3572,1.8719202589559913
3573,5.965455034389081
3574,5.805082864150339
3575,1.7104461162172284
3576,4.698279261053527
3577,5.8992635730600345
3578,71.76104924422035
3579,2.0055609983725984
3580,72.48060932888565
3581,242.36665919328772
3582,53.9068967198282
3583,71.94962409687543
3584,6.577640762667629
3585,29.8572044771929
3586,5.844545309899645
3587,45.88234290989592
3588,3.3331455710140214
3589,231.6647344905908
3590,3.199290176560155
3591,3.7518376240795273
3592,199.02775104600875
3593,4.861806164388428
3594,23.61233005451695
3595,6.70344489614268
3596,33.759093376884664
3597,311.8691886296214
3598,73.95276370092398
3599,63.08324810277037
3600,2.6913591953958553
3601,307.2935227359346
3602,18.876331821126097
3603,5.4115230291210485
3604,3.467545045536385
3605,159.41743697229063
3606,2.1162722240456
3607,3.9018007996479818
3608,267.28011302646223
3609,188.8584854142385
3610,27.181421224813676
3611,5.601450448871625
3612,293.59313123709506
3613,6.298940441702863
3614,4.957712823732341
3615,6.433903182595045
3616,53.43142751772562
3617,5.013381062818564
3618,2.990599810178509
3619,-68.81400767600523
3620,25.453596823632072
3621,69.51640023093269
3622,5.275071282345809
3623,259.1043010398005
3624,-11.092667752938455
3625,96.72982839298203
3626,68.04177030858214
3627,30.082960911627342
3628,6.494201363750967
3629,38.4511567827665
3630,254.58602174159032
3631,312.40420492003307
3632,259.2266975313482
3633,251.51590625551182
3634,113.29616007592088
3635,132.35368397040648
3636,4.65219368865511
3637,47.850547400959094
3638,53.93173648031369
3639,5.179438770151478
3640,326.37983343450117
3641,218.54763987387574
3642,156.37341393506455
3643,205.1711131712269
3644,6.537376618954188
3645,104.35183873511055
3646,2.413214921549806
3647,5.9199381690321475
3648,239.790271197119
3649,-4.160616313463469
3650,3.220877779049425
3651,184.42099210742924
3652,49.83197973521363
3653,3.4095000769659585
3654,73.37895722606706
3655,2.0394839525008197
3656,129.2557507946609
3657,5.896585712969699
3658,7.847601810601114
3659,4.644193626925907
3660,5.96630252836191
3661,33.10352139375306
3662,2.032277007692408
3663,5.913111423661994
3664,122.28081818745979
3665,4.802078643288521
3666,280.18277059571835
3667,245.9622739285309
3668,254.55915122950896
3669,233.07804133438322
3670,7.565522664375334
3671,6.4541754257520685
3672,228.30004953927855
3673,4.885552190432934
3674,298.0579364696142
3675,142.30056864297225
3676,64.13016407543441
3677,25.303786675567206
3678,-8.128125504012127
3679,4.0818098199542865
3680,3.713463015557715
3681,140.06041154597077
3682,82.90483387199417
3683,171.59601736741763
3684,74.99069101349897
3685,138.341977575259
3686,283.72546339215336
3687,99.4964036814666
3688,285.9134111626746
3689,2.347885114470328
3690,186.33509811519215
3691,179.14821414578185
3692,299.0991757963586
3693,270.1278647420604
3694,1.7150568804404955
3695,248.8722577482676
3696,193.17337310828543
3697,0.8629945657473947
3698,-43.21273786296263
3699,4.213121033372838
3700,5.488093202301752
3701,369.88586166773695
3702,3.7922564390992646
3703,3.9248604914965197
3704,6.221275940365924
3705,1.314093812551266
3706,66.81268476396086
3707,-28.99324458152313
3708,129.75859994621788
3709,2.9559914652755293
3710,6.364823333116334
3711,333.65899020388537
3712,59.78349698182508
3713,5.495828072561689
3714,331.5957978969417
3715,2.6052266396488606
3716,1.954942325611956
3717,177.75848480469313
3718,73.517476626498
3719,148.72440918204416
3720,144.87405448204257
3721,3.104327269886687
3722,3.779812847136938
3723,3.3030864313646173
3724,1.8691085045120843
3725,68.79112011373729
3726,1.700081298375567
3727,238.8559194083286
3728,70.91531331356374
3729,-56.702138677033695
3730,167.94715046688086
3731,84.2745197001708
3732,3.638156631313916
3733,-60.155270476557256
3734,3.185293048044504
3735,2.3799898480458004
3736,-31.04973953998543
3737,5.931505761957641
3738,195.61620183177348
3739,-51.509441759803764
3740,235.87315383469058
3741,34.66781046186731
3742,259.4653251506124
3743,2.286377478010496
3744,75.64315707340317
3745,-25.44385395321905
3746,4.923833663173657
3747,4.995411263851223
3748,202.85636238493038
3749,90.99446433214092
3750,1.6101230151203463
3751,233.29991010577493
3752,88.6166009745106
3753,4.913637101886703
3754,3.8218099446081664
3755,36.880073309343864
3756,5.589912442171104
3757,33.314299865746584
3758,5.916408057837568
3759,49.61922399634492
3760,1.9226123792633278
3761,7.126347420494189
3762,6.001913912550812
3763,115.75523956696051
3764,178.96052971854155
3765,365.3552829778303
3766,6.459692518630663
3767,290.8300377774645
3768,52.54273233883274
3769,1.6476824494322417
3770,135.75772290948586
3771,3.3433043923315866
3772,179.04590119324956
3773,236.03859082864707
3774,2.4924312260818287
3775,3.5838507973903275
3776,207.5275858817788
3777,6.486508283515593
3778,241.3902941905344
3779,274.51675476344155
3780,6.174211709500197
3781,6.382406960070164
3782,2.175893663387443
3783,1.8427817980708152
3784,5.476463670336093
3785,21.989013265458265
3786,97.31795840261117
3787,6.008619644775177
3788,6.753707683034104
3789,289.9976360800777
3790,6.831923608468662
3791,6.443346650220753
3792,3.6007108840316504
3793,35.779451550098635
3794,-5.619168578825086
3795,190.2898141292282
3796,234.52981906545338
3797,4.890384851696201
3798,182.70274033805964
3799,-73.07676864123869
3800,236.15924980128588
3801,140.58032920607536
3802,160.35593829458267
3803,65.1160695205839
3804,62.819095402033994
3805,4.637430119880265
3806,2.9975832780496203
3807,82.43343647751401
3808,3.5991008426637054
3809,-43.2110126677406
3810,2.5154123201388505
3811,4.603912700267903
3812,268.16087272355435
3813,3.529627277856676
3814,298.16961048971825
3815,7.633451016390319
3816,3.6695695507210204
3817,53.141792944567676
3818,6.639892742290939
3819,2.4266320831410204
3820,112.74308413794493
3821,8.05163523123195
3822,5.502049739974578
3823,256.780556783094
3824,4.943586011655041
3825,279.19354999319995
3826,6.038667117059946
3827,306.59476807662116
3828,291.5465431860356
3829,6.5816001941898055
3830,239.70981199864144
3831,64.66025433732645
3832,1.828477567884085
3833,73.20147533491654
3834,101.75188970114279
3835,2.8651850276950572
3836,5.2288002127133595
3837,6.845329182672028
3838,5.802412826613033
3839,234.3247910708253
3840,5.83607663202042
3841,143.84018374610454
3842,3.913862491808698
3843,243.53548345708828
3844,5.857121911196881
3845,6.3306889579902395
3846,6.103572995455139
3847,99.29856622301332
3848,128.00817789898056
3849,200.2765524775618
3850,13.925422932578318
3851,147.59227602720836
3852,281.4409971287419
3853,5.429889392298015
3854,223.67899194575963
3855,1.9259005975180472
3856,62.91086726072965
3857,4.088611993066939
3858,3.170660630540978
3859,254.92399228245884
3860,6.2643519223047965
3861,-70.96873575119356
3862,-10.370997365887145
3863,3.281844723886659
3864,2.951072004184185
3865,307.28352526187723
3866,4.3923977861682815
3867,199.79020461211937
3868,4.593361471361492
3869,3.1271693916170125
3870,118.98866267739118
3871,47.21556310319328
3872,3.5234439575119305
3873,13.009001128518678
3874,344.88913042157645
3875,264.48475998683654
3876,97.71266415955515
3877,-74.62771084776288
3878,151.31725804060005
3879,275.62620715697557
3880,6.647529196053245
3881,3.6168451049956607
3882,2.4448782464875913
3883,166.1121514990688
3884,154.86210620255758
3885,6.402883012167426
3886,5.378655704589111
3887,6.155129875710982
3888,2.6539802258566594
3889,164.50779362832756
3890,1.5396614354565044
3891,3.5325421695607213
3892,178.63217326329138
3893,3.307316185610794
3894,308.5721087603769
3895,-33.7767293491862
3896,26.569407954247346
3897,224.11461432768095
3898,204.71498169407485
3899,1.7057537275560999
3900,67.18196803655776
3901,133.31550201162153
3902,2.8497643464619733
3903,43.74697800665888
3904,57.60822354958443
3905,3.528820729850761
3906,7.773299647300503
3907,224.41392207895942
3908,161.24661572263415
3909,3.416995433767744
3910,4.1827170787554335
3911,237.02798213861507
3912,4.285591939990246
3913,41.49924910625967
3914,273.41641999785514
3915,6.68423577439367
3916,5.750912689893866
3917,3.7917864715048326
3918,-44.66483680072788
3919,5.156539273511365
3920,40.901377358522105
3921,62.92964572306168
3922,7.161012709242447
3923,3.025187750112774
3924,353.6443337416692
3925,97.65535914693228
3926,2.1118434728972235
3927,251.19389290680945
3928,3.406348073480353
3929,5.330636427948053
3930,6.177895857987716
3931,174.62695065595963
3932,3.8575603113057455
3933,2.338033227746179
3934,6.5263913195199
3935,235.94026093497322
3936,1.9652746708019933
3937,3.238424480609105
3938,3.034106765941469
3939,293.2818760811265
3940,6.352138200127529
3941,6.440227588869277
3942,5.395137155713372
3943,3.044653099282872
3944,6.813763749663558
3945,344.7171599553717
3946,215.621329371579
3947,38.18880662470798
3948,146.42613283333506
3949,5.793546339812941
3950,231.93625766953625
3951,1.8258145143712035
3952,86.14844982958725
3953,146.3114830758085
3954,2.584946156340818
3955,6.294184251829358
3956,171.88376070555083
3957,62.33112947219353
3958,79.76301904918246
3959,218.17741913920236
3960,6.066524523542247
3961,6.5442558428446365
3962,87.31998090129193
3963,5.809661636355329
3964,115.29343965211815
3965,6.352690112428837
3966,3.198439877593209
3967,3.0913629295097587
3968,173.41314531273358
3969,67.33575230093456
3970,2.5349140582335057
3971,3.4980852237746944
3972,3.0957173569171204
3973,3.5721428084090228
3974,37.57245267869463
3975,61.63277376497278
3976,3.71179638984973
3977,4.154568697114354
3978,3.659227128811304
3979,129.73234251774542
3980,250.76758089392007
3981,263.63894706782634
3982,5.660992695261383
3983,3.5303233886888425
3984,399.0153924627716
3985,226.03605489011014
3986,140.1358857719384
3987,107.15235778945859
3988,3.2268633397826862
3989,-11.306557601251527
3990,79.96161482584428
3991,275.26699903649023
3992,5.8396594672806605
3993,5.4291980392714105
3994,44.34959653127156
3995,118.51927068876296
3996,4.1221517910146686
3997,99.74619068134092
3998,2.3794017081692647
3999,260.827608187974
4000,5.414679329440309
4001,4.2749580295672995
4002,91.97206686013456
4003,153.06591061589813
4004,2.435640258436192
4005,307.08071378221
4006,80.23042028368582
4007,6.778284354910817
4008,3.6174104863018655
4009,5.854914592188963
4010,207.57439587448903
4011,3.483208028039215
4012,6.369728414186109
4013,246.17191932974745
4014,5.776045925121829
4015,6.036384434845493
4016,72.97346718108676
4017,123.22792911584656
4018,119.02158809703798
4019,1.7081981710156273
4020,1.9561367310004725
4021,115.89176139104589
4022,64.04920510846247
4023,4.196731175715868
4024,115.78670665186063
4025,78.99448984405075
4026,19.859118834746422
4027,253.58084544017765
4028,96.58939619408103
4029,7.214569213711052
4030,2.304063580139903
4031,109.97105191300862
4032,81.79259069290504
4033,3.7726499143471535
4034,232.15336890870117
4035,157.62005650356483
4036,3.975399168092711
4037,3.9023762194017526
4038,6.013107422837293
4039,5.885866551569772
4040,112.44104288274802
4041,330.41487419546564
4042,63.130584792253686
4043,261.0851513547934
4044,4.629366745059047
4045,28.905200172110316
4046,5.8482443889889275
4047,4.135503211297369
4048,273.14651559816735
4049,110.60061716822831
4050,282.21641252947813
4051,49.127053447263236
4052,2.562614165750342
4053,4.1481952941168165
4054,5.719922982762927
4055,4.308160545879196
4056,259.45049312315575
4057,7.024311103311802
4058,267.317027162097
4059,58.35721476377847
4060,256.10889457400623
4061,119.68908758220836
4062,3.7880683678553866
4063,2.1728831775707094
4064,172.74977204326254
4065,1.9306387518074706
4066,95.8700721849259
4067,157.40718042441378
4068,191.39192160684755
4069,342.5136579323688
4070,2.765826124278416
4071,2.714630956400684
4072,1.9963845394445254
4073,2.9135495001635108
4074,3.9298157156354523
4075,-22.172794870209458
4076,50.079553260685785
4077,4.644427535534866
4078,6.26962775270145
4079,7.1071389905000615
4080,277.21178315764973
4081,3.5930289452614765
4082,109.83677873251638
4083,4.048176796322784
4084,3.9363387343080523
4085,35.28099809014826
4086,4.477378626624393
4087,4.109330661398775
4088,4.48843402245245
4089,76.80501187731834
4090,130.4372760111453
4091,4.412850745083068
4092,59.08950238432378
4093,18.06221940279565
4094,4.9813204874110815
4095,6.819003514588456
4096,2.4788555137701613
4097,2.5387210035438246
4098,2.839031646829605
4099,-35.701488722034355
4100,42.684798120801766
4101,6.787811089376557
4102,4.601942133241952
4103,61.344762122819766
4104,200.96159139576707
4105,5.517493487279175
4106,130.8162476014865
4107,91.66253489992354
4108,80.53471980440814
4109,237.6109617007902
4110,6.225903911941557
4111,89.46178748831326
4112,69.00585784679107
4113,3.1238743019438022
4114,5.211357992255129
4115,79.85883529898943
4116,160.1021555716423
4117,68.86760392023906
4118,261.1050220787785
4119,257.7589039374199
4120,215.20351066342263
4121,81.78898093858406
4122,-21.485365033741346
4123,2.499250015975344
4124,98.93133973540183
4125,2.1792840176750037
4126,63.10393534615882
4127,5.99782774261072
4128,1.8481714431122314
4129,6.192747487697959
4130,2.060407520236932
4131,64.00877323142383
4132,6.163165394760573
4133,5.032463672169203
4134,118.46644435747119
4135,-3.408261001078519
4136,150.08573745886014
4137,341.34405293072507
4138,-9.080215319474554
4139,100.10189445254619
4140,59.04216142352323
4141,4.19790141614588
4142,116.49838722722855
4143,304.5147489429651
4144,77.33874107507671
4145,195.1393142461613
4146,69.48969759274179
4147,63.70405963906633
4148,264.7382451829344
4149,51.58519513930326
4150,39.433068162210795
4151,53.411113838088255
4152,136.99622171238795
4153,4.102218444528728
4154,370.62883887045945
4155,156.87560045837898
4156,3.334139265433236
4157,5.299044872241407
4158,4.026442955693535
4159,4.188918196489994
4160,164.51983272162778
4161,179.30420432120238
4162,6.104758229432915
4163,71.33891119449132
4164,161.35526601982346
4165,8.650749836953839
4166,48.2324394785412
4167,119.61201377106083
4168,43.71749347223219
4169,2.3434967810981093
4170,-12.825958297749885
4171,87.0455314796775
4172,4.58833251088793
4173,3.62960160530973
4174,81.11867407336692
4175,146.48750096003226
4176,1.9747925649864821
4177,3.852825699689781
4178,32.185033184450326
4179,132.17452351961566
4180,176.02373812011837
4181,59.380709491958186
4182,53.32240864230557
4183,22.74253803778906
4184,181.89706604248587
4185,293.30548287132524
4186,2.9052662041918182
4187,74.70296403907541
4188,4.137214867993281
4189,4.243317699432002
4190,119.73890370385894
4191,2.0926463328920986
4192,25.796016107225924
4193,56.00095186585028
4194,5.936645897067519
4195,4.3470371154684
4196,138.0946142055197
4197,6.4846940424316575
4198,3.0493588337539324
4199,5.130478149227313
4200,296.14598582415624
4201,252.77006418220472
4202,178.0471545395911
4203,5.397443860206982
4204,83.02648474204287
4205,5.000278350637075
4206,7.647538365605598
4207,123.07003488787223
4208,141.6670813693738
4209,224.6557512350935
4210,-52.45175210304998
4211,2.3293416515794862
4212,5.739665519722692
4213,15.726165629817753
4214,7.557966143644701
4215,3.131356189573674
4216,1.7137628788654786
4217,2.842372723249793
4218,5.889571554793979
4219,47.539858925593485
4220,75.97435819973563
4221,2.180381854807401
4222,107.48012716306788
4223,2.7319908658640895
4224,6.65584034788964
4225,5.018356248779156
4226,274.50505346924666
4227,2.2945467881554356
4228,224.04408356864784
4229,119.26775015144418
4230,3.0582506308655457
4231,1.6843488437425755
4232,58.839439840290325
4233,3.1768496402721453
4234,-4.552197852933864
4235,63.719817538869805
4236,251.3732477214154
4237,162.08122915508096
4238,2.9448887246933686
4239,49.31563759722546
4240,7.872854573815316
4241,49.92569492077005
4242,216.26607824132975
4243,-75.06074743753945
4244,343.73691214439697
4245,5.070264230455837
4246,1.9985545038744272
4247,3.9996545290031476
4248,4.028805031488689
4249,-46.01591982421214
4250,1.4845518350017615
4251,299.35684172075185
4252,6.4397345388206055
4253,6.242721581632814
4254,5.199624788770007
4255,-58.24648643540139
4256,-5.842113056783431
4257,102.2214911320289
4258,2.4266162914083815
4259,1.5873163970970368
4260,79.13605279107642
4261,2.334425949528662
4262,285.48788944549943
4263,106.1299272529814
4264,2.612179457178512
4265,34.80341690548284
4266,4.246187761822758
4267,5.929118110711283
4268,6.141135489710802
4269,151.21948945413345
4270,204.29708990162874
4271,133.69041976168475
4272,4.944196106996449
4273,7.745471450430079
4274,59.960002323662145
4275,6.491063347946177
4276,308.93062726506486
4277,241.59162265007646
4278,377.84946285076677
4279,332.10355761629046
4280,107.98403180519522
4281,55.02116497579212
4282,14.119514863185493
4283,6.5577130746384995
4284,4.821037737544988
4285,122.90769909623847
4286,290.37934294228194
4287,1.7271083026645482
4288,150.16135445035167
4289,221.2771171164226
4290,155.02481627714067
4291,3.0254194623329558
4292,5.153129704067269
4293,-11.48210008471713
4294,-57.217059862290384
4295,0.9977764828335229
4296,5.5650216374934
4297,6.773132321838593
4298,5.73817932740452
4299,60.15269256503255
4300,44.038447047184896
4301,-22.427746063114743
4302,120.70230334293248
4303,2.2561895307391757
4304,-60.32305239324397
4305,3.8454317398524887
4306,283.9125664661944
4307,2.921548366067326
4308,12.680258582032454
4309,4.737742712888131
4310,2.859116288722591
4311,3.31565563578352
4312,254.42116431767724
4313,3.4307228923471893
4314,2.7488829946762374
4315,227.8217267514402
4316,1.35689556218955
4317,178.42694724827916
4318,6.052723008049834
4319,44.02604923354382
4320,116.85876674481766
4321,4.94765890357074
4322,292.84523737064615
4323,84.66471640502981
4324,3.526148777826566
4325,6.579927198517814
4326,4.041982939266079
4327,112.43318747206008
4328,134.62675645650117
4329,208.76775969424054
4330,33.707196618562705
4331,3.0263650573477134
4332,2.23065388450196
4333,256.68939978522116
4334,3.5269284046044485
4335,3.4906578551860714
4336,2.143851537029488
4337,5.90631792763072
4338,7.542429670087761
4339,5.151177797150694
4340,-9.59934782242055
4341,64.45716837515747
4342,197.64213880362576
4343,169.02770300630982
4344,146.51951727953602
4345,5.907354437341942
4346,4.912427128804251
4347,251.9670012052941
4348,5.665130102924505
4349,146.7056240190599
4350,-38.09596125494742
4351,137.6853788222025
4352,169.1024989641904
4353,5.048867052623365
4354,142.62733588821408
4355,147.2753393368543
4356,1.8708595220857265
4357,5.099535766609442
4358,289.4227838541665
4359,212.5428644639223
4360,3.1119707635863
4361,23.223205108270395
4362,0.29023227727519146
4363,3.6494147335723546
4364,4.92788011706312
4365,1.6182855601170898
4366,3.421895894971973
4367,237.4588929842431
4368,-25.171012773070704
4369,70.9937533917842
4370,6.329806214527661
4371,195.1920322858381
4372,86.07028334241882
4373,322.0311232967824
4374,6.398980014890416
4375,229.78953430702367
4376,271.3561560856763
4377,5.375847593418742
4378,5.8379465109879245
4379,180.21730410807473
4380,3.108670897343224
4381,2.312366296142821
4382,6.718504730014729
4383,35.12512442288705
4384,5.744537578444646
4385,209.10889819748476
4386,16.24440696252628
4387,315.21100824515815
4388,80.17448071543375
4389,6.692904747585226
4390,3.9329191372694026
4391,3.6151761420088744
4392,2.4521889025265278
4393,138.04813833151448
4394,93.09023950439108
4395,3.1081562779678023
4396,-8.679934267866244
4397,2.5297063127341888
4398,6.473101994212248
4399,2.6926524548850725
4400,230.98999641244143
4401,6.924252297995926
4402,214.08153759862242
4403,292.8919707029508
4404,258.9379068392276
4405,354.16826700864425
4406,34.13159818375829
4407,84.04318259261274
4408,6.438513339815219
4409,100.0844014869286
4410,-90.77664308947655
4411,2.623646372379684
4412,268.3078105430741
4413,209.39034794407235
4414,3.83061161757559
4415,188.0263532320169
4416,60.78307629162571
4417,2.724393775350512
4418,225.24117485866068
4419,258.4571385469536
4420,322.55898634951336
4421,351.7402592181396
4422,10.31160746895841
4423,2.469482733989153
4424,46.43533104282995
4425,178.67416798509737
4426,5.505437232666808
4427,214.4134813062459
4428,6.073935847863982
4429,4.964985736020801
4430,5.1754224499656365
4431,172.47249986169652
4432,3.756369066487041
4433,3.7009621300410545
4434,122.23917595250478
4435,5.740703611001297
4436,6.142438978999353
4437,-3.2264899759757752
4438,96.10927551747913
4439,7.159526457932337
4440,259.87545780266396
4441,2.0084649202680955
4442,224.53425292180216
4443,6.511220669286949
4444,264.2052259891288
4445,3.911220989001678
4446,3.6833363608933
4447,102.33906963087601
4448,5.007256650269471
4449,-20.96000315732692
4450,117.58734538013374
4451,114.20072479627939
4452,292.0387447631861
4453,262.13704252635614
4454,5.194701162454551
4455,5.4189358404055685
4456,203.87192585384375
4457,4.0879948814233575
4458,7.006984676099019
4459,80.66852827958883
4460,0.5531189619476411
4461,87.41295201085809
4462,165.83566993830908
4463,43.97700896637571
4464,3.97980045415727
4465,103.92077206150437
4466,4.472154130066494
4467,-13.038521247329298
4468,1.7736666787813091
4469,2.5678869860384843
4470,4.821238458476625
4471,2.3568268303237057
4472,223.13843461255456
4473,3.762894573321649
4474,246.10195898433992
4475,4.007503488811705
4476,87.6626766869657
4477,5.775839136496589
4478,4.342987569617035
4479,111.3088301753192
4480,279.9644234774136
4481,4.019710502327991
4482,214.4046810483179
4483,61.10151064500369
4484,312.4312910789801
4485,210.32432790122917
4486,2.239108568522964
4487,91.07192935029329
4488,59.057257924339105
4489,-18.39785948968249
4490,99.71497036206182
4491,5.538549800369973
4492,258.84043157414516
4493,308.61935232857144
4494,28.883716722235594
4495,2.6274072827804877
4496,111.85656090535896
4497,6.765050423880693
4498,208.4659781473284
4499,314.567092930471
4500,138.902668331328
4501,5.9302809835460435
4502,5.906808619753102
4503,158.53649269587987
4504,14.566837867241066
4505,68.60682311652982
4506,2.6704547312495115
4507,-6.2436059607288765
4508,142.3761793025868
4509,43.17041535724052
4510,2.2092204679119787
4511,235.01569538559883
4512,63.02911363357482
4513,80.23494684867403
4514,2.8259071174518393
4515,2.9936458421673566
4516,3.4593026651999867
4517,4.86920756089143
4518,28.30831830182521
4519,123.89889131781705
4520,54.73781271920105
4521,2.7763820857401567
4522,76.04060067065355
4523,6.776145136256801
4524,232.56937141827666
4525,13.110462302875776
4526,2.2526863598993074
4527,116.19834608870597
4528,136.79338894013193
4529,125.62258305544017
4530,179.93043287536207
4531,4.004102546000699
4532,4.424872136624991
4533,4.410774884459125
4534,62.64680606497196
4535,6.203801231799528
4536,2.3844908094784123
4537,1.8202192508561186
4538,6.25338476288027
4539,319.95835058287923
4540,145.8957681175039
4541,3.5579103887593644
4542,2.679362264944451
4543,204.68024253518615
4544,31.39236024942745
4545,5.2547258120290765
4546,29.754641754024153
4547,5.794718253153569
4548,173.59094503078208
4549,4.564120385636937
4550,241.80929249267282
4551,28.141251605918566
4552,106.42958700071179
4553,120.6063330455679
4554,4.605462995760309
4555,179.61044395588664
4556,280.84476325541647
4557,4.923148446098969
4558,4.377546742540358
4559,66.03536648431344
4560,7.249445204665119
4561,5.26205338543055
4562,181.8758411253483
4563,45.19341878653584
4564,242.24885695589444
4565,53.82438869361399
4566,211.97525259917603
4567,261.545546513991
4568,137.74056386062134
4569,4.820192240486344
4570,184.79593769745767
4571,245.63801955022785
4572,5.437807994455354
4573,3.055945845141866
4574,2.038355196999248
4575,5.994913898361
4576,142.56207426291235
4577,232.90220185736706
4578,80.5989274903584
4579,24.43969890351134
4580,0.8617835606551094
4581,366.24847250123435
4582,39.36587483459031
4583,1.510488288279891
4584,290.3629994055064
4585,40.015688768250186
4586,6.113034221400848
4587,3.4225418179167555
4588,1.8575823294172726
4589,3.881384753845645
4590,3.4216784155263866
4591,67.53903310970335
4592,5.092815944809277
4593,113.02738073441111
4594,-15.991332916230562
4595,2.4426039877060326
4596,68.89574618980188
4597,156.3853820460594
4598,4.419104952686373
4599,-41.769066073018884
4600,73.59507374254184
4601,7.268360887276986
4602,5.5941785075071015
4603,5.554788941916692
4604,75.99677691988221
4605,1.9424882438332916
4606,133.07574103028793
4607,33.88638412796533
4608,4.449798145102333
4609,212.74003052305304
4610,134.83216159040174
4611,114.85795188407792
4612,3.3783698237971955
4613,-58.69115431673762
4614,67.58846827805529
4615,-34.831308005617174
4616,4.618882060671001
4617,5.069208525675928
4618,3.774764925967827
4619,6.119159084696495
4620,6.692671648712347
4621,103.93110233452174
4622,4.043397634810182
4623,6.3987019739560695
4624,1.185424057260119
4625,90.97109205589261
4626,52.71507230594061
4627,5.281801423499907
4628,5.911544118346048
4629,67.00010434078222
4630,5.90852324841705
4631,4.96650913075002
4632,6.741202191006661
4633,244.40677113067485
4634,5.746295230215239
4635,5.800972892776585
4636,107.47341440252603
4637,7.1114211509451275
4638,392.5682759872175
4639,278.0282487700056
4640,2.3265580259929
4641,192.68149155503724
4642,151.74732848469978
4643,54.503052864405596
4644,26.14155024486388
4645,5.90179556349671
4646,46.69168339951727
4647,36.32611252588238
4648,173.8769462964253
4649,111.65841600440243
4650,136.60370297181055
4651,63.14239309370323
4652,4.879594556680531
4653,255.81602484185797
4654,-0.7461990421119434
4655,5.474322191975684
4656,3.223041140128277
4657,3.1398046516318217
4658,6.4729316274628035
4659,59.75897767337233
4660,2.02657870871942
4661,2.536038899362012
4662,4.08356735517744
4663,113.70449772763996
4664,5.986974029258915
4665,183.90826427115493
4666,240.7426271294911
4667,1.7767049572647764
4668,99.59970617649516
4669,284.14702072716403
4670,31.772453951941902
4671,2.0917159092164654
4672,1.1390519267907555
4673,78.25529819141269
4674,289.32692003451314
4675,1.777248983172285
4676,108.291865287518
4677,52.44679914805074
4678,5.565798142227318
4679,99.55307420888597
4680,4.546364152425744
4681,1.78854797217993
4682,183.35628204933064
4683,166.60317479781187
4684,104.14140518486734
4685,254.73150512120247
4686,3.3465844824724944
4687,234.4616722914764
4688,318.3034466985477
4689,121.24900550644696
4690,5.969880920991837
4691,6.802789407557515
4692,4.585466075323457
4693,91.11849552031673
4694,4.562600333706759
4695,377.3884595099652
4696,4.7158678085130585
4697,2.5299453800877987
4698,4.447146933134615
4699,3.489424670203108
4700,95.28120751054418
4701,5.710924671514187
4702,1.9304780388363536
4703,3.5520085462315887
4704,4.936046418114684
4705,289.9537252372398
4706,3.4025686053216853
4707,4.88914350159437
4708,2.9752575105651546
4709,82.96591581044471
4710,161.56715780049834
4711,6.357566418004258
4712,222.3092923016231
4713,3.7412633046113073
4714,5.613984309220824
4715,72.24124464230468
4716,28.95059282279352
4717,7.068422913894266
4718,5.838007751804753
4719,194.16991989831655
4720,182.81373833803693
4721,6.2313414918663765
4722,3.9263161779993183
4723,6.5611077108672
4724,63.371514938478775
4725,174.65645435536942
4726,3.2792478606381734
4727,309.788137017654
4728,234.61603381657946
4729,3.9060554622595864
4730,172.4685397321745
4731,103.36284029536942
4732,-9.126969558583637
4733,5.479884636930622
4734,6.37055526527564
4735,5.4400725155055145
4736,2.8424980753753664
4737,47.26498062949002
4738,-19.702110504656464
4739,158.57894779111652
4740,291.7269253293349
4741,4.8418219308395996
4742,112.94805877792912
4743,5.852181972257438
4744,258.71498785384375
4745,62.33261968167397
4746,3.9055903202467612
4747,2.9170708234383307
4748,3.0374299069041815
4749,5.6050860225807115
4750,5.814392845525194
4751,4.11966536940968
4752,113.15325254971773
4753,145.84280137936153
4754,159.19428704057577
4755,4.3033836527330465
4756,1.9736463152041774
4757,3.52423589073831
4758,76.49376397735826
4759,105.42997138614179
4760,4.709507979580126
4761,3.122260404182022
4762,178.4604167587621
4763,214.0803091029208
4764,2.565265490658991
4765,346.6850692805808
4766,32.13354664584267
4767,62.98340857320008
4768,32.57259458067212
4769,-23.798815451380694
4770,35.265333794469704
4771,33.41357239655033
4772,4.367634787099793
4773,4.117285668936378
4774,136.40660444878776
4775,2.1701758860843694
4776,2.5971834771599944
4777,170.98968383345817
4778,5.318953137339588
4779,25.027349029343327
4780,2.159211385776688
4781,53.95997324120015
4782,4.737040934466798
4783,3.9705586483462967
4784,2.7883577751097577
4785,48.83130986586003
4786,68.27556966481355
4787,5.965398828093318
4788,4.068974828460058
4789,3.3666884715599674
4790,119.90618702937836
4791,207.61656878279638
4792,4.507995196197109
4793,163.85504817260545
4794,52.33591588371132
4795,227.22356801702168
4796,3.267838793378525
4797,146.53614326083255
4798,5.90969989152781
4799,4.106736523492853
4800,363.47038707424326
4801,3.4982181248517117
4802,4.830781595115185
4803,253.00248700910768
4804,1.9702413567270196
4805,252.08351721638562
4806,4.9044700637705025
4807,3.332391677686142
4808,68.60505453060587
4809,85.18725480775865
4810,1.678639290323144
4811,2.0414927096236757
4812,5.192381727791822
4813,283.55614186284834
4814,241.59963194459365
4815,2.7366388207454015
4816,2.500039502049531
4817,5.535308616195882
4818,1.670668705387742
4819,82.70406216326373
4820,2.382042285864396
4821,195.04238672178232
4822,96.6342334152524
4823,4.829826269178146
4824,3.117189171865341
4825,263.10917513301285
4826,4.649878054672029
4827,5.9047014856424616
4828,215.10643995444704
4829,135.68989581888292
4830,75.27408498380422
4831,186.40154723442194
4832,7.049114644311688
4833,3.811201022556219
4834,113.96110222953337
4835,3.7019942693820975
4836,6.444702506619062
4837,210.79517916785738
4838,34.65327913332712
4839,308.5996024373826
4840,3.3166588327323216
4841,143.5840597109231
4842,17.43378410213858
4843,2.323699261137738
4844,4.001834049688849
4845,4.734677451155393
4846,7.150248626863553
4847,3.6819121069592717
4848,2.326969801526922
4849,5.011351328470206
4850,6.825349985221477
4851,5.855979523001
4852,111.05901365165644
4853,292.4181964953862
4854,2.5082960990159684
4855,3.2879325301449387
4856,177.43140095953706
4857,246.43208459106097
4858,306.46241200799096
4859,128.303070929082
4860,235.54179646223264
4861,-24.137450651434335
4862,97.49700754564263
4863,7.295420835977643
4864,5.679204666752178
4865,1.9550038964776852
4866,1.044930122326487
4867,3.3463438557902445
4868,63.32325032270115
4869,0.8961944608097622
4870,121.57957691677802
4871,6.608417671362462
4872,2.2801194252025834
4873,316.0490416445254
4874,12.267677757763991
4875,3.564417929208028
4876,212.63698528763598
4877,6.350015308671765
4878,86.26194922847507
4879,80.27286656847862
4880,5.508908313076347
4881,5.917329453622666
4882,42.407656237968446
4883,1.804563691399074
4884,133.68255197325894
4885,-57.27842178093339
4886,269.51457461651523
4887,4.534622816286795
4888,297.4104825388614
4889,37.78464466844159
4890,234.5760507607108
4891,129.2914674967294
4892,1.6283942525821766
4893,5.823314340158291
4894,96.04336876434367
4895,6.740126658829862
4896,5.840345776156387
4897,6.5164437534371995
4898,-8.890027729884583
4899,215.36812264388084
4900,2.95474295026452
4901,267.44620367236587
4902,4.184824868561339
4903,141.86493430771932
4904,383.054350149895
4905,93.27649429067382
4906,151.39919326732513
4907,178.58500335966013
4908,4.657358544696746
4909,148.21972419800844
4910,168.93766653293235
4911,96.67530169760569
4912,5.41950576519
4913,248.32281220599776
4914,177.75652815068048
4915,3.617184326629094
4916,4.831536756421617
4917,6.262742688429699
4918,2.8734777290948483
4919,88.09156880292115
4920,1.9561256624799217
4921,-9.01234367197845
4922,174.13620197407025
4923,215.55924114256274
4924,5.955043386442254
4925,2.526002617316474
4926,1.3278700070125995
4927,5.695274676648071
4928,3.070750390423462
4929,88.85142581858447
4930,101.26111449346529
4931,-33.41773055932586
4932,5.673854840639627
4933,218.82063107856666
4934,-50.0790524390389
4935,62.76927253627091
4936,260.1871779883082
4937,39.64728191552414
4938,85.54232216745544
4939,54.18936812258687
4940,3.719509566818106
