id,target
1,4.218951016089155
2,2.6212645554175293
3,325.0055482223632
4,-10.395616151906582
5,4.357147683941526
6,6.622637828181188
7,5.149564751027547
8,88.78568288390726
9,83.12373208941433
10,83.9722988406329
11,32.46414668527934
12,-9.499820597819019
13,261.7598273997241
14,195.6864565498967
15,3.6265686452767
16,283.43831335344726
17,2.632004253512991
18,92.97307752059469
19,3.709478995859838
20,6.571861303558644
21,-69.04378893536553
22,58.63387585718245
23,3.4661442237406326
24,2.682344671174384
25,32.9789850239386
26,84.97929414707586
27,1.169219658670511
28,156.44227380629792
29,41.088689585457026
30,3.7766095695907107
31,5.862779723731215
32,28.810692648881286
33,45.618510489583876
34,4.078547882507437
35,2.535030473666416
36,6.596500258620929
37,262.8386217711042
38,240.2836621965392
39,65.6246550543683
40,113.5965987951558
41,-43.94479426990176
42,2.761789703688922
43,5.892937809343052
44,4.72396745406358
45,127.38825024095856
46,54.41486947413671
47,2.8964832728601144
48,-87.64456908293887
49,3.9710366360719487
50,1.8019355341235712
51,271.6719615874067
52,3.1023797009755216
53,2.893065356073585
54,65.40554728835012
55,2.9395364746320425
56,4.125408242989525
57,5.581887451860784
58,155.38145841679338
59,241.7022682709754
60,6.774993870813521
61,2.319546468231747
62,245.81610889101407
63,6.694555310067902
64,3.027823268433145
65,2.7653083915763097
66,4.44841021579347
67,4.947262885658344
68,207.79219304055013
69,151.40693751131843
70,2.080504770137199
71,2.425114054153935
72,2.1324141368361675
73,28.385460598236964
74,256.8117393917405
75,184.2857515617966
76,6.188001027535351
77,5.845610529881074
78,136.5965901329631
79,258.8970593636042
80,3.7202756399038956
81,40.20829472252779
82,4.25803270650485
83,184.30280482867806
84,34.98814253735031
85,28.020176551172728
86,2.420859195236753
87,62.05048054546489
88,205.19908133872045
89,6.060661672743841
90,5.25031987960763
91,52.587840290736146
92,50.811791960954345
93,25.464368163527627
94,5.203802411702853
95,3.8256749120556806
96,3.1357669841926845
97,7.3361213989044645
98,211.38612330011802
99,83.05205798422655
100,275.54595244023454
101,5.09425448415488
102,256.0667285810528
103,3.4543882384741855
104,6.7568506687924765
105,134.3661759318109
106,67.75614648815396
107,280.40222303648767
108,2.3831788906320974
109,189.18314189823886
110,3.3096607965228806
111,60.29110737264872
112,2.174077375823868
113,211.21916950468787
114,6.343422364024636
115,5.371680999322629
116,391.84119816756623
117,214.85149800572867
118,169.58039353372553
119,236.02260075954004
120,307.73588050934126
121,151.0482633173751
122,3.796434193664993
123,117.11786542734195
124,253.28302518477417
125,149.88968331759384
126,6.23869487703574
127,143.1046479069967
128,3.1379207730512704
129,218.4657235225483
130,85.67697466701797
131,68.65768869860388
132,18.5176570198678
133,-46.58009373951057
134,294.0285059152278
135,6.098453883427791
136,2.1891207525815513
137,129.5145326920909
138,5.8073243122678875
139,189.19920774358516
140,291.01531137458045
141,66.12448407282612
142,9.19194386345372
143,52.84103179306061
144,24.919049196095745
145,6.565813687854406
146,151.89411961942622
147,221.20320448742245
148,2.1201756441636253
149,232.29437471277276
150,66.13351904823547
151,277.2043042451875
152,263.4750771960166
153,178.3777354993525
154,22.847037186582664
155,4.3406959604721
156,211.38962785360675
157,125.93590637445652
158,120.69929455338077
159,142.97957971270705
160,6.475682631179734
161,47.598158804794934
162,4.594923811295783
163,275.1429504260763
164,3.1771780201368585
165,78.82653717288734
166,207.28476382100075
167,305.69118965429556
168,7.197783892941804
169,1.928084667656255
170,245.40672750690734
171,3.038321818107945
172,4.179937935032709
173,-30.042936962246813
174,3.9933709856630557
175,5.5728838488561
176,141.02773882138442
177,81.99123884541667
178,331.7445860674656
179,137.26621570070287
180,235.71970453100673
181,6.625900752613308
182,2.4961856070670705
183,296.7943997083367
184,6.992055396218039
185,1.6390741816057108
186,3.968789439566589
187,2.989865539433417
188,4.167916642323742
189,77.82385293316027
190,4.329979871814402
191,2.2495740481443374
192,30.023772005003206
193,3.081996213462221
194,323.3307116361981
195,90.18477098714989
196,275.28058268933637
197,132.93592798840163
198,231.25209778145458
199,68.25014441756946
200,2.4651286489683986
201,3.3448033811672886
202,87.05933191659507
203,66.67363276505615
204,4.135720134087506
205,262.93323676052864
206,66.15570768767053
207,217.38936742226284
208,159.1194323178971
209,69.79412492309005
210,161.92795872265523
211,37.64876461750888
212,104.51105541704514
213,245.8024268140256
214,68.62796064208322
215,23.07848621441659
216,146.63434144425025
217,89.96726509217952
218,164.82772294127992
219,215.776998606486
220,5.712320251691968
221,198.94828838805688
222,159.78189286833287
223,2.7885526145513517
224,176.96130391303487
225,259.37048801300386
226,194.0534625609745
227,65.52587106661208
228,265.0591011591044
229,253.3044889791828
230,1.0796166705703445
231,219.31097640597866
232,48.469177768531495
233,59.687184196266095
234,251.61833152763404
235,113.25285825506369
236,2.115991427800914
237,5.976498724395223
238,41.84309191892958
239,6.164343303039949
240,183.3704574502824
241,311.24923463445083
242,220.15894685709637
243,3.8975088443379007
244,3.7704156050198514
245,49.73422414735982
246,111.75469260338542
247,117.46977714715399
248,6.014455867422171
249,5.979681616147592
250,59.59991989196238
251,62.12404653625733
252,207.26690824218176
253,7.906454442243685
254,173.5328786212457
255,-42.32762520257186
256,5.628252351028631
257,2.089544455877581
258,79.04968013212317
259,282.08733708650067
260,2.344250337100645
261,5.733230406965781
262,6.367323867798224
263,-22.08410955678156
264,3.7164055468717474
265,3.550619834707645
266,2.0368584448066875
267,2.803841793206311
268,1.4546599310160013
269,207.81492934815392
270,3.16666371823624
271,162.67585962499015
272,125.96894977271772
273,4.6559715023365404
274,5.270351241352642
275,326.97107538996374
276,184.32559929302633
277,228.13016798319566
278,-60.06144051290817
279,3.839055891172967
280,194.99491560486965
281,5.1311003024740796
282,187.44775595459654
283,201.87546631665222
284,129.85700877959474
285,240.3664292408392
286,139.2141639847627
287,222.23706460886092
288,6.258906302959659
289,128.53697776758085
290,4.771092355536879
291,101.61451125803505
292,3.62231648780214
293,87.51918411056943
294,114.62948098201105
295,4.70776541290455
296,115.39606844535332
297,34.0120705927078
298,-46.72467340821424
299,210.47159209941688
300,5.875242935845745
301,4.13927601102634
302,4.956619454074253
303,4.46998834335495
304,4.133155385171951
305,4.785938424194624
306,234.77763468718013
307,3.0284125924820464
308,3.190587803791738
309,127.45278431496187
310,2.3218999831469267
311,2.3488398863417213
312,3.6370510715421034
313,141.480258910837
314,4.085836578352853
315,0.9127906728417042
316,3.485906328987534
317,4.0242304038600745
318,3.7596849322936357
319,73.95847750913369
320,1.820205528643121
321,6.241265728511092
322,2.7088280205540607
323,1.8832703148657508
324,2.7446887547292707
325,3.40632143799971
326,4.929907780102156
327,45.46361096704766
328,4.760295796951916
329,108.34439751335566
330,54.367313173152695
331,3.2770492899909414
332,5.629174850098291
333,3.3609246425651293
334,6.821293004345871
335,140.69789095798205
336,3.729061732438107
337,2.311802974207797
338,133.1297479312789
339,37.640251831846506
340,282.55377184098745
341,99.0564108979765
342,73.14300320515754
343,3.550417975942178
344,2.725959412997503
345,125.35364695685588
346,2.9487093516548852
347,5.45067868861164
348,24.891625077772627
349,-51.44102610237556
350,120.5039336660263
351,245.55700680391783
352,31.53537694781362
353,1.2970534761558579
354,5.917142869931998
355,289.9721845249094
356,215.68397035480743
357,3.0616382621571927
358,7.807538519709863
359,4.516338635050844
360,140.65044431521594
361,4.3381929627641815
362,6.039110462222435
363,16.228326713459474
364,4.469108224129059
365,5.276874325929428
366,73.01958578619288
367,4.486872622701895
368,259.84840797546326
369,5.087851441518115
370,-7.310434661489851
371,259.2023540240821
372,44.22651862048277
373,178.9665241394567
374,14.581533097265194
375,142.91104520357064
376,2.9614173705163007
377,2.6779015062127827
378,3.6561211460185503
379,3.5634283921713377
380,0.9227159497985934
381,5.962427101600419
382,6.0019041839772385
383,165.10609017490236
384,1.7608130317612665
385,4.085132318294473
386,277.0284082325917
387,2.89732711098175
388,4.030958154463221
389,51.602446446515415
390,5.27839189110695
391,173.64826016642715
392,6.584146141541886
393,3.888160168773194
394,314.4769533158078
395,177.7536092063855
396,3.0327560906617563
397,1.7837259144222888
398,6.232201637449172
399,197.12844640566834
400,258.0129789346627
401,1.6639234091558224
402,6.330391106394781
403,5.824437206974925
404,5.860466162260423
405,12.990189651265899
406,7.323749862432162
407,-87.15063999934546
408,3.8285720899033167
409,2.64503500274184
410,3.664125537929726
411,2.6001513995598025
412,-1.8949405363861487
413,325.24989188200027
414,5.794980836287505
415,52.91754561579006
416,3.4195868219324574
417,6.776760907969173
418,5.482807822534923
419,5.642382246526101
420,4.390465125621837
421,151.63998894645442
422,189.29487220600242
423,172.76754032238856
424,133.22932693063123
425,5.860634886637379
426,244.34131364972723
427,3.4722957460505692
428,184.86597336493767
429,3.037872383266256
430,4.361985388144372
431,250.52692344321085
432,155.09235438056916
433,19.219617442759382
434,6.04805850281766
435,59.570245542156634
436,235.25882626556813
437,224.7338874357263
438,175.62316233814832
439,5.927837030366013
440,270.6080841563644
441,206.20368881337606
442,128.27382693860318
443,323.3652839999144
444,5.71868932569483
445,6.258866956343202
446,65.79056611175177
447,1.3613393479031117
448,6.253010284758258
449,295.83740595331375
450,264.43804904030725
451,173.1530773197059
452,234.60731293429387
453,1.8903654585088612
454,3.5721499402345693
455,137.969587343473
456,3.3230312426633914
457,4.91243162818681
458,261.7459354002863
459,74.23009335271512
460,25.195325227020465
461,114.9922367901503
462,6.264889674705773
463,192.0826840521461
464,5.2306465657965004
465,130.2021951197395
466,65.48358590538558
467,2.1458307402084063
468,5.019708268071475
469,38.60206874359192
470,60.3355437943284
471,1.8004645929009324
472,1.8874885973579965
473,45.29721635183802
474,5.979374348997266
475,93.05584249784552
476,6.693456133094621
477,2.240131559489995
478,4.524983050234344
479,216.47164939067338
480,4.163419068043644
481,6.246371230475851
482,224.21594438366432
483,1.7305546805195675
484,207.3107384207044
485,109.62499335253626
486,4.5838782093906785
487,2.5644882577519876
488,213.3265439644629
489,2.5223762341828357
490,4.80087593141907
491,6.519167551085229
492,3.7458702349383053
493,3.944886213916746
494,231.31549582304663
495,5.876891128809997
496,119.18332344500409
497,6.306224262773935
498,6.181529836513829
499,5.359498713058749
500,6.295029381552401
501,3.051731686380687
502,324.59806232659395
503,108.13309976956123
504,15.555031258663329
505,2.012017727352238
506,6.418273456936085
507,330.7046466618716
508,61.86518448594501
509,280.4400091754267
510,4.060284930284129
511,152.18486517419055
512,206.0501531800173
513,216.9309336948061
514,348.26138920890645
515,294.0787271035559
516,218.9587697375648
517,282.56206785244956
518,7.279420657456942
519,47.33594895338646
520,298.74917606674165
521,1.7056240487791754
522,3.9405354560603576
523,225.49661839117337
524,3.9970299011784682
525,169.670355706392
526,5.4274244488897665
527,4.617519364801963
528,3.5596616353606714
529,6.377984489768646
530,257.9811264850232
531,114.89854838100406
532,3.7297374678866952
533,130.95043989504805
534,4.310589040782065
535,6.932763452858821
536,5.921237971321555
537,1.715869715276426
538,5.003550449372277
539,274.56364473765285
540,245.37137189165273
541,252.39848280408964
542,72.65858237487204
543,86.62133028504036
544,5.69945558531154
545,3.992627107739045
546,3.5059707447129287
547,2.083749786001101
548,341.68557600399646
549,5.7211821722290495
550,259.8881089073836
551,5.861488306986225
552,116.68534098088325
553,3.9705932210325474
554,79.8426045510977
555,129.1517854097542
556,244.48640375747337
557,204.6160160119238
558,4.942366938385458
559,5.264994273340292
560,149.36487792680228
561,107.26966198912898
562,156.20110451582528
563,3.289143490554354
564,52.93145601560253
565,162.96989999478464
566,2.859936950448579
567,56.195736173273964
568,113.87134824132455
569,303.906159787089
570,3.6237663304278107
571,214.5218147822017
572,3.1868924343930822
573,87.21197234494365
574,112.2386414527221
575,7.682494290606036
576,1.8830115061759092
577,3.055792969009966
578,164.90182611412652
579,4.533896721773836
580,286.5493494828486
581,60.05748078156896
582,66.87515506011287
583,5.526144560651226
584,3.035230551621964
585,154.08030662670748
586,4.772959013226236
587,221.00038160327594
588,2.9965395993190715
589,190.39986405126766
590,247.82691795324936
591,138.77772247042978
592,7.084547436722347
593,243.13032459493306
594,278.0760233452542
595,35.601765567006645
596,5.387607703854857
597,157.64981210410716
598,3.0800056049196685
599,70.47364313229998
600,191.00275742984164
601,150.52013520527657
602,36.73156973876985
603,2.1112706233381786
604,231.8930476561129
605,2.607299012887333
606,2.4470439807162463
607,6.743091698479753
608,43.26711897508631
609,285.7812751791313
610,32.90939173783341
611,69.36906538524212
612,0.695308112693311
613,15.320239608580303
614,47.19872326165528
615,1.8752618483525945
616,172.8631756807458
617,-56.936923446507556
618,222.818641488998
619,4.756364432753759
620,5.140935544769282
621,181.47764599765858
622,105.3030302460221
623,172.3923088850536
624,215.89480029668366
625,2.500494180696359
626,1.7414700361340618
627,78.62020418169682
628,4.2627463814231605
629,227.58563093068082
630,4.488572985853672
631,2.2053807648781407
632,162.97812813627903
633,126.62116927284785
634,228.16557138041404
635,2.652310405547074
636,106.52699822300822
637,99.12516399004558
638,6.657633572983674
639,15.070379898678084
640,119.1825786263759
641,6.685370850424253
642,2.8325507998893236
643,292.9994462778344
644,3.2401792609774724
645,101.69577004035106
646,61.66690222210906
647,182.53115171559617
648,240.1942048737662
649,378.6912390537952
650,303.5867924728076
651,145.65279910368756
652,48.13765558643977
653,3.0127508244493177
654,185.7003581107314
655,-2.858271247530127
656,192.39514152075344
657,166.65889537392238
658,297.3447162136016
659,1.8697259490928742
660,134.00924881234067
661,3.9308181697970173
662,129.50929917718034
663,3.4934871251784423
664,-45.52217310307148
665,82.27616444426057
666,146.5755819790348
667,243.73322921798555
668,326.24431565636866
669,106.46413544966772
670,206.0015298610116
671,111.74442736468525
672,90.69094794882402
673,4.0550407916098505
674,5.760240581473243
675,5.672031805845687
676,5.989653949827279
677,28.914453576837843
678,192.41499845141516
679,4.784581286914573
680,3.2543715731530143
681,1.92502074276108
682,82.78526402031706
683,5.694569647409995
684,177.0394483370377
685,220.06376336052503
686,5.8803289178257705
687,372.8578948059184
688,97.10329260648741
689,104.0897438936812
690,312.54098878294724
691,3.475726360120712
692,71.37706211364161
693,5.01657926271021
694,6.81944190720431
695,-7.223125230554313
696,301.20717077325503
697,1.028180221087266
698,218.9253163813086
699,1.7335126307989353
700,243.67622687417767
701,3.5708029009657576
702,4.162035153061122
703,56.13549908024496
704,82.75533679257674
705,174.99456341890672
706,217.98661037279842
707,140.62173611082642
708,64.28200477226231
709,87.28471518409906
710,205.6969326733274
711,226.35813144555436
712,6.303480239984309
713,13.057184555597564
714,6.8146032379433406
715,254.97137770783866
716,2.9050096533093135
717,90.74062428619543
718,371.27295946207124
719,210.8229549839921
720,4.20198181261721
721,156.62516977420404
722,2.05768893236777
723,6.372360073778058
724,1.8370938921638877
725,2.4954221525002827
726,112.70793558651731
727,242.51262212257186
728,57.039866017078275
729,61.38638466344188
730,88.01493855418376
731,278.8216473564168
732,4.465194868283972
733,6.593435209041601
734,20.026817003871596
735,244.1752437874959
736,45.77234546937863
737,43.875633547626855
738,117.12050465115738
739,286.8130819218077
740,116.3895767110298
741,9.743723159212847
742,280.38109358626417
743,138.77233286643204
744,1.8034926665846909
745,284.8771446411679
746,184.49026278101618
747,3.9947201384871405
748,63.60625603815143
749,99.66185720052829
750,198.9852262173695
751,48.28059532673586
752,248.59038138629475
753,2.006947817608667
754,234.29454622602603
755,6.3343308886470995
756,5.912365452039694
757,229.62172480418675
758,1.6525079994648495
759,66.9576979222971
760,3.0179482730130993
761,207.29649549344276
762,5.20478724939902
763,2.1169264833216688
764,67.66109471775
765,4.4066076512577625
766,51.573967359438235
767,1.4834563583482712
768,5.074526662048355
769,5.8661143439294525
770,1.9969423825802242
771,259.72371946884743
772,67.75251930275478
773,127.99377073193698
774,-23.61812219008196
775,36.763418030914984
776,4.184684437609939
777,214.89349764590463
778,-2.319769237812641
779,161.18589918757547
780,58.125216916008014
781,286.67850466067085
782,3.3533546739346742
783,51.14745615478216
784,2.8132177745635154
785,48.480848627182375
786,142.54625223446638
787,5.57825734249992
788,1.9148327975426682
789,171.1621312764189
790,72.05590039575544
791,-14.245233140302673
792,118.94776506881213
793,-61.052461265566414
794,344.28682984564483
795,-61.19718940985041
796,127.72697277683368
797,3.843457017657682
798,61.21043001472728
799,3.3473833816829828
800,5.869555926427325
801,206.2743080915753
802,85.07104964344268
803,163.68316123537366
804,6.43681215989439
805,1.9087529755323864
806,163.32990327187662
807,2.6628716157311065
808,75.52765513126269
809,1.6020070110129545
810,51.19316751401661
811,230.64921752519413
812,90.25981318749643
813,275.1180780876444
814,5.86685438249123
815,4.6696769192136145
816,7.1611224964993525
817,3.134993554544446
818,5.42733103631625
819,5.460221104893253
820,82.33370779040361
821,5.66680699506757
822,2.0555567657348646
823,36.7815595551979
824,87.66062619506319
825,7.5076713328538425
826,70.61301912460185
827,4.366959730375221
828,5.863041168513731
829,48.71907359838005
830,190.74138532555207
831,103.91492509175322
832,6.0928254146717995
833,249.5237592509546
834,192.52598230440472
835,141.1307261097289
836,2.242219960315655
837,57.59769987093415
838,165.85774583353444
839,5.993792423608927
840,162.87851940898315
841,146.67448563247038
842,72.7511537199865
843,2.3393926624571733
844,3.5408196192434165
845,5.563196535782226
846,6.115885501109919
847,5.539972504223326
848,158.1978053148166
849,6.210276508653024
850,78.0809511249516
851,35.14980488687507
852,32.00961069405331
853,92.78755445411531
854,3.2770492899909414
855,6.861685075262872
856,244.6474930947655
857,104.90686682690087
858,52.561174290655735
859,237.96480541919505
860,2.1033137568761764
861,3.8355101739108424
862,2.818601983386058
863,100.0815096492908
864,252.79429445364508
865,274.51852691802134
866,226.4890633300627
867,5.434421955698855
868,114.62587046345148
869,131.9844226263594
870,133.4844117116822
871,156.42042423508647
872,133.6007198367727
873,2.7383698596917916
874,59.64053321741077
875,6.6134347403739655
876,99.65005857212499
877,40.596057797139075
878,119.56716486237826
879,5.335130629268536
880,6.772727532155464
881,159.02995091996024
882,5.817224146999405
883,250.12046731699175
884,5.9104335428113215
885,150.93424277733374
886,59.3906371027139
887,2.1325676751856406
888,2.174952226810033
889,235.4146410723138
890,3.6506725039761374
891,2.6694243294395132
892,79.0595913423381
893,5.211070890458323
894,-13.180408846402498
895,3.70418675701024
896,219.4247752559376
897,2.4093026552580294
898,230.84626576702757
899,-51.92799831426049
900,246.3319657637435
901,3.7485879041946544
902,178.12229617794165
903,5.431849757829717
904,131.16650270885359
905,1.895245447410268
906,0.9280530009876014
907,211.31634702350365
908,40.768073975387665
909,82.15087664698127
910,2.342215619926275
911,6.652771508942771
912,270.92576723575456
913,145.26363458851532
914,284.30950366922417
915,95.03075670819192
916,137.20727158644686
917,-9.137474326600548
918,2.6198048826254365
919,3.07793007014302
920,379.50816553946424
921,120.99001779829574
922,218.89905044031187
923,2.3976432454475916
924,79.8934131465433
925,179.9303128893273
926,54.15357165468331
927,65.26832455867246
928,5.0632001962231294
929,41.723793015421535
930,32.70037437638968
931,238.2273831047797
932,186.46213531673246
933,5.463546606982743
934,2.0912963789910215
935,176.8905097145943
936,58.285394821346095
937,3.2582016706276797
938,4.295985622652494
939,144.06595104147564
940,1.6118656839166796
941,5.835389581152178
942,4.882028372955396
943,108.25584419325173
944,3.7464149756546488
945,2.011554144887161
946,80.45392742294058
947,46.661428546059085
948,63.690004692015826
949,225.02412354288563
950,348.84445396003974
951,11.529710023037396
952,-15.032273541064782
953,5.757743219240641
954,266.1099790003363
955,182.72867670689786
956,150.94007201351985
957,2.2637371004570803
958,3.0696846420796238
959,216.2601816884891
960,59.857994412376435
961,176.16813748719656
962,3.1233252329001573
963,6.375617536008278
964,4.996981411154776
965,6.60274146194276
966,3.966540156181194
967,51.79909117795946
968,158.721303300719
969,149.06180358125647
970,6.544157528939774
971,360.44562479170355
972,5.59279913751246
973,105.6289631419492
974,5.361780472499359
975,3.6942512863720327
976,5.3252373344562765
977,192.05295561843954
978,302.2625963390696
979,2.410092642603732
980,1.7581226245461525
981,-19.40783733328922
982,56.026548825424754
983,302.38537632532376
984,313.45202168562565
985,243.024646554661
986,100.00157200074959
987,3.0970737303714877
988,238.1071649859965
989,326.0893041031946
990,107.55765978998863
991,3.874277021775528
992,280.60860627575283
993,182.828605719468
994,3.243521186349165
995,-9.204236606572413
996,48.56628230542467
997,2.0120618528016165
998,38.054447988862094
999,87.91316553751666
1000,-12.952031198978995
1001,286.54670809306566
1002,169.84057032725028
1003,5.550450337213441
1004,1.2597917761413058
1005,1.8744385523563036
1006,3.772845748759172
1007,139.17218263683355
1008,1.9720476640664144
1009,6.56131677739945
1010,39.018709074857064
1011,264.7030321387821
1012,18.479594249838893
1013,215.32928526385572
1014,76.79612035495789
1015,232.75283083513787
1016,6.590937580129932
1017,5.155069389109402
1018,3.4029901281100123
1019,6.177098428606537
1020,4.124133548836499
1021,136.76159749870007
1022,84.82161329263892
1023,158.44403782932508
1024,170.5206221820038
1025,5.330128362599729
1026,3.442812232480549
1027,4.94298806407438
1028,81.35688289444009
1029,3.828063122904038
1030,29.749463046364422
1031,262.45484415581365
1032,2.974478414908853
1033,2.5979951491078936
1034,233.36784748886348
1035,1.7469714900893036
1036,242.60244593111517
1037,6.771874404340579
1038,50.61759573689673
1039,3.6178512074013867
1040,-13.726184870506541
1041,3.1961950027764936
1042,4.212097108675737
1043,3.561614342820801
1044,320.31070606733516
1045,114.2372955996833
1046,40.17826182257773
1047,235.6133804035377
1048,1.7911746522794452
1049,2.9162737173042856
1050,6.329303336245464
1051,62.517170009383754
1052,180.6386115545429
1053,254.64231771414907
1054,6.306398523257748
1055,36.29350933404978
1056,39.50263548497435
1057,4.538085325606172
1058,2.8012941135351546
1059,3.0920330815253165
1060,131.9815549211909
1061,3.200868538352885
1062,5.906165987251062
1063,302.63738459246
1064,225.09079254494836
1065,62.58032294767778
1066,259.128588099062
1067,268.8115229945555
1068,5.728811351593055
1069,4.533876657701739
1070,320.11324617618186
1071,137.3878615075212
1072,5.288674273046907
1073,3.166487857879797
1074,6.290920604623419
1075,4.819173153570376
1076,277.6034787936206
1077,6.176065774146358
1078,147.22800306492334
1079,3.0052277689844282
1080,2.3647211522618123
1081,5.849189748686448
1082,4.01567998385731
1083,3.5215390154617343
1084,6.235021579575832
1085,129.7984739290241
1086,219.90082002620736
1087,62.632931566956735
1088,273.93965772719304
1089,8.780572517920476
1090,132.86289746018363
1091,270.8530249422668
1092,5.619742984277319
1093,3.929207915292673
1094,6.694200908363585
1095,2.9643532641270554
1096,2.664746004434104
1097,5.133445944768247
1098,68.78089161052272
1099,127.18075355483866
1100,5.303173303843198
1101,4.479765523825588
1102,5.9244634262465405
1103,264.980883999025
1104,4.599234461200083
1105,125.75599551021395
1106,4.733889086869264
1107,6.3191994212517235
1108,13.338013677130348
1109,120.79782075444852
1110,116.61458224767519
1111,2.9715821801783027
1112,223.9545218732542
1113,2.7583259838655665
1114,161.38760601991177
1115,-45.03525035834186
1116,5.58789438063203
1117,293.46923135128594
1118,257.8286627688853
1119,4.598612733838869
1120,56.94816174807065
1121,28.941882946926587
1122,221.68214113608187
1123,3.4974218903135585
1124,159.2029837579856
1125,2.7719766353982593
1126,81.90131834285795
1127,6.29870361156117
1128,-30.588277612123672
1129,186.35461978436967
1130,5.777086496840883
1131,53.42695989001434
1132,3.727087779258755
1133,-55.82352469994175
1134,165.24767685479702
1135,199.14132151114515
1136,-49.966424217354295
1137,4.077098161240919
1138,49.389183302572896
1139,107.12779707968046
1140,122.78530244840363
1141,202.53323394980853
1142,153.57932725258175
1143,35.29840352760478
1144,-36.77231427950878
1145,126.05625047031901
1146,32.50793583668261
1147,4.4840089799533684
1148,119.59780216058523
1149,41.12871582687644
1150,4.285554619213391
1151,1.195689116671165
1152,3.921239707532083
1153,4.132865191709562
1154,40.776635318416965
1155,175.17546507283248
1156,6.71458409255833
1157,89.12887797400133
1158,188.85332377296496
1159,108.9794995380333
1160,120.6195161307764
1161,1.7064542832298166
1162,5.62161794577774
1163,5.2867678054076075
1164,4.880296999714575
1165,200.41290483546095
1166,48.51627880933239
1167,-26.463617383524518
1168,4.843127241541576
1169,158.72971259856214
1170,4.6749097191725015
1171,4.362879704050999
1172,0.12038180601443571
1173,3.8882388449004552
1174,191.13966883241514
1175,-52.5286201063136
1176,231.892329901198
1177,2.301949365990151
1178,150.15228002722122
1179,2.5717249881233326
1180,2.6904683689663904
1181,2.0776362690049166
1182,145.04363662949604
1183,7.375478445098101
1184,3.833109367070161
1185,283.73647258650044
1186,124.01755803330764
1187,4.304001291058875
1188,2.8251715433952325
1189,137.67273971502746
1190,3.6989763080073206
1191,3.286692715463142
1192,4.911457723363621
1193,158.49372164278992
1194,5.584088177413032
1195,2.2104587820625508
1196,264.16557161954523
1197,91.95044399407779
1198,3.121687494099841
1199,275.68175255262736
1200,79.35423107933751
1201,230.61629221216253
1202,74.98982341659631
1203,3.3236470488769103
1204,142.17021531704845
1205,1.8216535735865704
1206,154.9895534330178
1207,97.46593434168715
1208,206.59304386001625
1209,253.85890871015764
1210,196.0010635696847
1211,217.78065224566822
1212,5.916320741130641
1213,3.8846733549614734
1214,192.7500321341333
1215,96.83889837385023
1216,237.22095541625427
1217,189.72010640428775
1218,-48.20851141381732
1219,5.957710067162723
1220,5.855589837804686
1221,240.07397411752524
1222,5.892498242303456
1223,2.644997655502491
1224,3.0600294291975043
1225,123.86788155951807
1226,1.3812363978527522
1227,4.720910932374269
1228,2.4079814907919843
1229,46.99152949537432
1230,100.8157822934985
1231,236.787230315613
1232,1.8074919448882463
1233,-4.50125059792796
1234,2.964966516170946
1235,17.747988435894396
1236,268.3471350197671
1237,3.869599772845234
1238,2.599856682101636
1239,1.3710646935768749
1240,45.84150564415766
1241,2.1273096607095567
1242,4.625332618320664
1243,4.780995781948559
1244,178.77919506874278
1245,4.035616631929337
1246,264.69626547740023
1247,5.448871382991709
1248,110.19934369288221
1249,147.6314368545271
1250,7.695369411939217
1251,16.709140804789797
1252,5.655134734452091
1253,4.12331666012987
1254,4.316750732582725
1255,28.07944033083714
1256,75.96925033824034
1257,151.4087643937776
1258,261.0168060298134
1259,75.05023520216118
1260,269.379939557381
1261,5.694854147954665
1262,5.294362546067841
1263,178.9988009894165
1264,3.126151527153547
1265,11.746189686365975
1266,120.21482813065082
1267,2.456938209105331
1268,6.30711123816612
1269,273.84792012693725
1270,-56.6974922505172
1271,258.0809081115511
1272,54.524209888482574
1273,9.212067683783323
1274,214.12408243272716
1275,193.84201652460035
1276,50.35004867422473
1277,3.8786072112064827
1278,1.7113931568131993
1279,4.01710989769384
1280,-52.898636446349435
1281,3.6076389152894492
1282,104.17367630522847
1283,169.7514702495714
1284,2.8951641940790935
1285,-57.07738724660587
1286,3.074038978343888
1287,54.18875114421282
1288,113.90142461507548
1289,4.047180598736542
1290,220.70750329713258
1291,3.1412813714714023
1292,38.78269894240823
1293,104.96749995166583
1294,261.46931362987476
1295,164.86541587002122
1296,6.142234815661378
1297,70.91177924589434
1298,12.129569317323018
1299,6.3456279396258175
1300,170.14062422917638
1301,259.67698034592195
1302,202.54296816352561
1303,6.072444747911458
1304,4.019493967548368
1305,4.985642862223176
1306,54.140200576543826
1307,151.80312154042545
1308,1.8727884609505043
1309,4.684562186881692
1310,349.7235600852096
1311,2.7181629506625384
1312,6.972450067149719
1313,38.58850344177906
1314,189.98349831506627
1315,207.49615989246846
1316,254.38966956270042
1317,74.78817943921634
1318,2.156883834304857
1319,216.5099379507393
1320,253.62626299155838
1321,22.950553185968747
1322,52.30880791617137
1323,260.8124640375062
1324,228.96307351734438
1325,50.00229028285022
1326,63.313529471148115
1327,234.21897240596095
1328,3.001804071400214
1329,5.810914865952775
1330,127.52663410338091
1331,12.694688761432017
1332,282.44919864016833
1333,1.9281907976542554
1334,350.5472191007472
1335,1.8243908129304136
1336,115.52710963262525
1337,34.86947060669514
1338,253.3291499955642
1339,6.299474715355988
1340,176.4782022085899
1341,236.6319302457138
1342,196.32603578623818
1343,42.146190725999865
1344,125.25193452190406
1345,2.8009493548683717
1346,71.66396213379093
1347,96.14716882848283
1348,2.9642227197424122
1349,223.6322056911788
1350,38.57485666738309
1351,215.8596478730758
1352,2.4858305911062977
1353,14.673374665742756
1354,5.1933557956519
1355,6.2804243399103195
1356,3.58670891770182
1357,7.640385666522029
1358,6.708636997678909
1359,1.6619266422799903
1360,318.82566957170434
1361,4.266106612087089
1362,6.401184767829317
1363,71.9072969370268
1364,3.4134859072602044
1365,5.882954680499657
1366,6.478284409350451
1367,5.89930263855132
1368,20.86719859237294
1369,185.3964718029654
1370,280.953272715978
1371,231.36312075467197
1372,35.91440718451388
1373,3.3393511728876564
1374,185.7872698389434
1375,149.43013551294305
1376,5.5461285881144855
1377,4.972138749293655
1378,110.37636473907578
1379,92.49016093891895
1380,106.54080594872106
1381,231.95990908813044
1382,72.41131547028043
1383,53.88050893987486
1384,-8.148524384116433
1385,172.93198064570012
1386,2.3922691809709757
1387,69.91347426654694
1388,1.6507436306938865
1389,231.30442599781455
1390,180.76098249326833
1391,48.1284499443214
1392,60.14248479958008
1393,278.2148079254719
1394,-9.969292894760912
1395,35.08203871130179
1396,199.11873832855431
1397,5.40925586003922
1398,201.74954514187843
1399,1.4153818487216394
1400,108.92403247159223
1401,326.9549248775632
1402,57.655285747527785
1403,263.1182226648073
1404,83.6135688977961
1405,120.57012779966145
1406,1.9567079454666458
1407,125.40768726485884
1408,7.562932294498295
1409,3.9071439117322697
1410,265.9548399996668
1411,280.3471173841031
1412,-29.66945178337426
1413,129.7985134642744
1414,254.2925110405988
1415,2.3794103902617083
1416,2.5388047306044665
1417,4.36067748634605
1418,327.7797552498601
1419,175.6685923177557
1420,4.586514697551003
1421,35.83176832993504
1422,6.600412161749834
1423,3.278032988024304
1424,5.154507966544599
1425,2.2320462870542874
1426,-24.85536783334693
1427,3.502418636641701
1428,4.665065792789893
1429,3.6259348389763773
1430,4.3456918399073885
1431,6.475823330076165
1432,162.52379694575166
1433,2.9472717268021404
1434,6.270206659225965
1435,4.666613200505388
1436,-48.80171348097929
1437,152.56399956898508
1438,108.06846229468754
1439,6.302764703484975
1440,2.484005706132085
1441,120.95963164139077
1442,177.97069291883284
1443,50.56229956794247
1444,5.674530158929237
1445,54.968599182214085
1446,263.00947447688924
1447,218.70055263833623
1448,-17.379195011305846
1449,5.8974751784869355
1450,272.3448978217568
1451,135.03829209698074
1452,4.8149332177705375
1453,5.502622853003001
1454,177.37261621611844
1455,71.8535944680568
1456,-4.432675475583786
1457,7.699952782830873
1458,5.1040313490148455
1459,291.12042697149883
1460,347.6490207728202
1461,148.97861065679658
1462,-22.10344650988122
1463,80.40646576311379
1464,5.867967250622847
1465,3.371225799297642
1466,231.74977447102768
1467,5.616198428661954
1468,5.686966464308841
1469,37.92486305591077
1470,3.684933285509789
1471,29.03243676139184
1472,6.761656418581498
1473,2.7143893974382323
1474,251.1567200585654
1475,95.65322106696605
1476,6.676774010790971
1477,2.631274182390115
1478,113.86937599347124
1479,4.257434934666389
1480,125.35946961789291
1481,5.942751199182905
1482,168.17924155419362
1483,6.125398933840465
1484,231.0306103967085
1485,184.74540937138318
1486,6.9969460611593535
1487,3.593055349879273
1488,77.62770619423515
1489,10.95645749367189
1490,59.61885607091415
1491,3.606370396139457
1492,2.017552916741226
1493,7.686985070274406
1494,5.337387036085894
1495,38.77158330121039
1496,7.393384851436756
1497,62.04722549971368
1498,6.152889282231641
1499,75.0403280228924
1500,6.616232823372329
1501,5.781602965872364
1502,54.396546112235534
1503,5.646218448810689
1504,2.1136213314519003
1505,4.85871572590624
1506,203.64606659777118
1507,54.0109340094985
1508,105.40252891162986
1509,65.5040873305792
1510,3.132273686950606
1511,31.0757235185899
1512,68.12664025351359
1513,5.623513753792523
1514,286.16496802516434
1515,53.854031715781765
1516,2.789436548242582
1517,352.6701246431907
1518,4.519353081744707
1519,242.89860736984136
1520,5.0076699608014446
1521,52.889157333098744
1522,4.8718969700843315
1523,2.8117894987342935
1524,129.63741599934335
1525,-29.840030362218403
1526,2.3946293836476964
1527,5.682635579275274
1528,3.905220460507875
1529,217.02763733461788
1530,271.0241153725307
1531,3.3544117681887933
1532,5.491053364859812
1533,3.4796655372109413
1534,5.086708431954832
1535,74.6043762565085
1536,5.5905677912139495
1537,2.577264609638657
1538,294.6540283776297
1539,170.54791197384182
1540,2.2041059665596974
1541,151.49718876986842
1542,3.3065095842195436
1543,26.09333790199256
1544,7.476960075912962
1545,3.4858562717285397
1546,5.736260625073221
1547,-28.666308703130586
1548,202.6712472211765
1549,45.62029114471744
1550,3.0608583897936015
1551,2.275802999976372
1552,225.47332519051665
1553,6.399606494018293
1554,281.54884608679527
1555,167.7053278132698
1556,4.029434311549472
1557,15.367014499961945
1558,3.6902094898095115
1559,236.20022325166613
1560,169.85822765106676
1561,201.9275363612115
1562,235.6008255012667
1563,96.89952066106025
1564,3.5033780556878775
1565,79.53514954625935
1566,3.5791099096068457
1567,-1.4440422497182013
1568,98.75796405643462
1569,21.592995382479824
1570,278.907507424893
1571,3.448834535753452
1572,86.34850604884036
1573,2.215386115007197
1574,4.509775771490477
1575,6.022281460764248
1576,4.2121344588872525
1577,5.990072738371031
1578,82.15087664698127
1579,5.16961873932419
1580,194.25369938721974
1581,206.95702758080083
1582,6.79993538666258
1583,303.22638837544133
1584,306.9155011990968
1585,5.601498218475086
1586,5.212929934381295
1587,54.88610621162297
1588,277.19126665183904
1589,7.496729077122361
1590,6.094909889811519
1591,148.79828867514144
1592,7.201075466649719
1593,118.48806853030781
1594,141.6400651613271
1595,109.04562079917683
1596,5.662099161145499
1597,73.96870428158121
1598,6.720041166754256
1599,3.236018709061998
1600,4.444389625853063
1601,2.919248659858829
1602,5.929841109321909
1603,270.9909870022862
1604,48.84443349361184
1605,107.56364194164075
1606,262.5761056470872
1607,7.550399569575899
1608,3.4209523398337427
1609,6.774240901807848
1610,3.336733002010137
1611,182.72847959875511
1612,88.41937793266963
1613,2.967765743495203
1614,277.4274652823408
1615,5.657478037991567
1616,3.983449886981774
1617,181.6485238007524
1618,215.64812754556343
1619,8.564595611428771
1620,77.0954884857815
1621,2.400137246285922
1622,2.6736939937330835
1623,2.6826779300714847
1624,251.16166561009217
1625,89.78496173507176
1626,1.6285097672296274
1627,36.256849557245054
1628,3.6252871711263075
1629,202.1836774198031
1630,76.71500284181222
1631,3.4668263843600626
1632,308.58803590272197
1633,4.827964010781207
1634,-9.80218593247402
1635,3.7027161022229875
1636,4.732430779245668
1637,6.721309764054602
1638,217.4914690418434
1639,39.44438805826746
1640,4.540416231443225
1641,314.26330762169783
1642,169.29197067039527
1643,202.26993620182057
1644,111.90552299322314
1645,193.35182100931047
1646,6.046419007602545
1647,6.523931231531535
1648,25.415045811545923
1649,4.4754911886984905
1650,93.40386983865052
1651,6.474350529005618
1652,6.4924564166278005
1653,226.45985572886718
1654,6.405558203387318
1655,312.141346848158
1656,55.06825169112557
1657,1.2365683006451638
1658,282.8395076942265
1659,2.1603989837138156
1660,15.582564252557011
1661,6.684889976088072
1662,210.55726001557036
1663,5.9066099466802555
1664,130.17339269408217
1665,1.2061474617743904
1666,101.58815898820178
1667,-58.55726203402565
1668,258.29440145360746
1669,56.19535980533635
1670,2.0633064672806127
1671,2.4537359423305922
1672,5.368492138035916
1673,4.748253525204128
1674,111.85371572142849
1675,2.196752637242032
1676,-64.12107021556447
1677,32.16969690602756
1678,6.1225279120338945
1679,211.36357566452878
1680,95.06518900944057
1681,1.4686678257595869
1682,3.276722556038434
1683,67.66843063829957
1684,31.63295987006573
1685,6.738106446715844
1686,136.43205364464708
1687,7.191004010742765
1688,159.67515228643666
1689,259.5353867258742
1690,3.2077320335508426
1691,3.888181135131727
1692,4.068027308299221
1693,2.265856918754773
1694,89.75026650629813
1695,212.9166420824648
1696,121.0041153506155
1697,2.2302931477140446
1698,214.59465394558785
1699,177.36666422370251
1700,111.7382370914827
1701,279.71177450379264
1702,-38.72150620213571
1703,5.655418749612999
1704,5.886714289074429
1705,3.1943268073084172
1706,71.86067640007438
1707,5.846444543707885
1708,78.3072097816217
1709,139.87592002467315
1710,6.183726602220823
1711,83.45111377155636
1712,1.9106125695250242
1713,5.940765512609654
1714,-62.46879016338183
1715,4.883462543242519
1716,2.7091213024687923
1717,18.23382503774553
1718,118.85014714056165
1719,29.78935220675358
1720,6.184690895035597
1721,256.49347912713006
1722,3.713260837129287
1723,161.030161506655
1724,143.41765365423817
1725,3.0347752634585774
1726,4.175402990440522
1727,240.54749447839404
1728,4.028037590403959
1729,3.3654093312615685
1730,58.59453164732042
1731,222.61529002503826
1732,4.796723626530647
1733,382.7952273953069
1734,276.6010991271393
1735,197.20295062664954
1736,3.4334463151770023
1737,301.07494386418114
1738,281.6372158880069
1739,192.060811537653
1740,93.76322549038883
1741,107.92767633636936
1742,257.6793612937941
1743,5.239416295899286
1744,119.05927641659413
1745,47.643162073761005
1746,3.4753143502138855
1747,7.5841263569701445
1748,196.85422090894153
1749,3.594327358185501
1750,99.02489382922631
1751,30.965977469060828
1752,7.335897962097402
1753,6.024153167291337
1754,274.363046821698
1755,234.128639071857
1756,1.9694866818548629
1757,223.40135932635243
1758,315.80948254562855
1759,4.869946268082251
1760,267.3691747236915
1761,261.7159691472315
1762,8.245244989776385
1763,48.99402552777764
1764,9.347706545615102
1765,5.0767616136938
1766,247.889550803015
1767,175.0668361989395
1768,5.8013810960993455
1769,92.73943166164231
1770,55.27884300287627
1771,3.037331531902504
1772,214.24388574398083
1773,248.40675067371185
1774,6.299816027518194
1775,295.7947353746301
1776,2.582831718467332
1777,24.19590411370361
1778,35.87088975057714
1779,21.626872480397314
1780,106.74813819656502
1781,5.690919244948447
1782,180.93650907114912
1783,230.10657888539814
1784,4.198551476202165
1785,76.9878487924042
1786,2.8773167116373535
1787,70.69749901101865
1788,4.919548690972026
1789,2.56511228876661
1790,73.1647611882151
1791,4.37992527234163
1792,2.548768519869973
1793,2.250279587646928
1794,164.0557512216874
1795,180.16646528503995
1796,284.35680136326
1797,130.12898020902145
1798,6.218279810088512
1799,215.6098827671734
1800,149.8673368081812
1801,5.0363874741662125
1802,2.0258798730427268
1803,156.2705044503754
1804,4.123518865386931
1805,195.36332149165264
1806,5.728101125017432
1807,282.4103121143394
1808,146.01627216442
1809,65.38713949766806
1810,4.175510716828314
1811,2.736120946747915
1812,22.446429832865746
1813,3.2848608507261208
1814,178.40619360161452
1815,252.17192996431461
1816,5.136942533880036
1817,109.74866506524609
1818,50.69764364216898
1819,223.76556680903002
1820,7.929122996395371
1821,3.5234117139383443
1822,275.70087027501773
1823,0.6559511367431767
1824,47.85921562256309
1825,2.228589014055176
1826,6.060144059620764
1827,3.7036954999292995
1828,2.1554476968379626
1829,224.35649304783405
1830,239.09310783844398
1831,6.813637103122428
1832,57.609449192488455
1833,3.663899868227642
1834,3.6210107808818095
1835,100.72325496273682
1836,6.3727792763621265
1837,5.848135459209714
1838,5.901153085196654
1839,125.33711753508288
1840,-14.523916387997986
1841,-84.45166025205641
1842,243.81178123312444
1843,173.07772055125315
1844,252.66444377643919
1845,164.7617227862529
1846,34.948948124359454
1847,262.6556088481055
1848,123.14783999700717
1849,3.87779186069872
1850,5.5730427329448675
1851,-72.0562145643218
1852,6.040346494402752
1853,65.98525517447881
1854,76.00859009748348
1855,5.612682087130285
1856,179.58973030812479
1857,2.665417796261237
1858,4.955948164821205
1859,6.218383343079748
1860,5.653709690651046
1861,148.313602858958
1862,6.056785083344399
1863,82.16791634636188
1864,60.35060849038004
1865,210.76653402757822
1866,154.27137828592532
1867,79.49909243099832
1868,247.7832704257481
1869,158.49351400722307
1870,3.3472679027684116
1871,192.9719843716462
1872,52.2080871406842
1873,2.9015349355756896
1874,30.59712302194522
1875,129.6658056193497
1876,2.977179578295948
1877,2.763401296417385
1878,63.05964489719889
1879,33.26779511918078
1880,285.754280703496
1881,6.062847753258648
1882,98.93925119277833
1883,6.265250290813991
1884,99.93454261890298
1885,296.1640936534708
1886,277.0260232787173
1887,3.3556911705229884
1888,209.9604864745053
1889,239.9631491602846
1890,2.393100621177904
1891,236.01974629313077
1892,229.70042326545763
1893,4.269125259796466
1894,2.066269477358706
1895,12.976696527398095
1896,5.911080333057903
1897,57.22624135547485
1898,-76.47033880888223
1899,3.011322916058466
1900,5.86242434048733
1901,267.0306436705235
1902,223.65203847653558
1903,-59.25102572474852
1904,68.98593089449423
1905,63.74081184339955
1906,169.10087222754987
1907,6.812842095674665
1908,6.346981892268005
1909,108.22741903437117
1910,5.7159047811883115
1911,5.195621700791169
1912,3.7167364561896448
1913,69.4453516827188
1914,-14.589874787029649
1915,6.774557949653702
1916,1.4584706171532147
1917,2.74183056144245
1918,167.29208438663088
1919,4.831171130037874
1920,4.513098721675624
1921,78.2780273456344
1922,3.135820177251128
1923,6.654452513603165
1924,2.7362393859175422
1925,4.538578798063149
1926,96.93500842501102
1927,168.79168439007196
1928,3.41230637958069
1929,52.28694781878971
1930,2.7021301181854462
1931,6.024208964749815
1932,4.778393105982978
1933,2.633573954744501
1934,241.86104418376783
1935,6.147135692189782
1936,4.598091440158662
1937,1.3552325611361031
1938,-28.836458701413605
1939,2.607585637478091
1940,279.55369266523354
1941,3.63433754313885
1942,212.7662705974902
1943,3.8346982594881545
1944,226.3933021023225
1945,294.3266415410167
1946,5.848659089563044
1947,112.49011938145036
1948,5.6708714551409924
1949,-2.5177306017385015
1950,48.901935590175874
1951,2.7828316620444458
1952,44.98175044063796
1953,388.33067119201934
1954,2.595388052372835
1955,97.22990888481318
1956,2.007028381902381
1957,108.0664424299933
1958,3.824245338603268
1959,172.66247712617164
1960,62.0213715690851
1961,1.0175270511090668
1962,4.238143359387311
1963,3.1737427719468236
1964,5.004649986332214
1965,95.93995032707392
1966,3.355008832369919
1967,4.535961482034666
1968,269.20769325961777
1969,47.93026307586004
1970,5.925186151769737
1971,1.8084867237287547
1972,99.71314154600964
1973,-35.5270166014304
1974,2.4903075217481856
1975,2.899696369623028
1976,307.7308252794446
1977,1.6670926132820914
1978,210.5071456608848
1979,83.26121598465319
1980,270.6852158024998
1981,153.02233529940875
1982,122.49579532370706
1983,107.47118087707686
1984,8.474394404832013
1985,4.633069287388118
1986,4.129518726505247
1987,6.072172423684141
1988,1.3560960103388975
1989,5.810467355856633
1990,4.559881088959034
1991,-1.9702621821681099
1992,4.368164845212074
1993,30.37473133866399
1994,1.7680886815035575
1995,115.35084931825493
1996,4.043625503970715
1997,2.7110668096282775
1998,5.493530254143034
1999,291.7231826975305
2000,5.885414963814553
2001,299.746942894274
2002,-44.256893543171714
2003,6.780603078521914
2004,327.00500584194805
2005,78.53153715451384
2006,4.752493275282734
2007,49.04776487764318
2008,230.37491041109885
2009,137.99750706368113
2010,288.52809796134346
2011,5.865284391564503
2012,155.9453560752145
2013,-34.358152073915306
2014,273.8813973231524
2015,191.23452901301025
2016,37.720316589325925
2017,3.1833522358490307
2018,19.58896707251202
2019,94.96651824354801
2020,6.797420270526193
2021,4.3087378490371755
2022,177.57651916333327
2023,67.76795749219276
2024,2.9418090520848117
2025,4.515000010720331
2026,80.36152480889096
2027,5.890297729013102
2028,6.297405907556424
2029,36.93998109728444
2030,306.3480587210469
2031,69.5768188597478
2032,282.31252254875045
2033,230.72293545644547
2034,2.485366698873031
2035,64.85646693975967
2036,184.4464610790551
2037,4.7463644368885225
2038,2.935116587605124
2039,3.059906560483713
2040,120.2989892941677
2041,269.737149555186
2042,4.292664194042181
2043,167.16400526941018
2044,2.4599297060143552
2045,91.06622576670436
2046,285.7044208851426
2047,5.527611078763653
2048,-32.116819355328914
2049,1.592485815321984
2050,359.0935624337197
2051,3.7473697558574237
2052,3.235404463649838
2053,239.41997559678325
2054,4.638453325535983
2055,3.935855285878566
2056,-36.777254735108734
2057,194.19088580114598
2058,-15.960149575563813
2059,5.28142858596265
2060,17.06533803472305
2061,2.280708478852482
2062,147.1390099973501
2063,3.3883914076993125
2064,4.05227452031997
2065,3.4310378552529848
2066,1.9913929994571127
2067,6.08712189614544
2068,3.5683326736086394
2069,1.5512296583057559
2070,281.82546469093427
2071,276.5723284592572
2072,4.5670200650226365
2073,210.61646948968755
2074,373.55958092694783
2075,257.2603590642724
2076,4.036108833594735
2077,2.798323753334938
2078,4.255769838059102
2079,3.8303484813911624
2080,2.5816576531778646
2081,3.2285185925907354
2082,5.953532064748946
2083,34.677254130783815
2084,2.615493748096101
2085,5.024088751972628
2086,126.03254135783023
2087,87.16635787097971
2088,27.78264335451293
2089,58.17138111187624
2090,246.76715682503377
2091,184.24824351581393
2092,-92.02274036045725
2093,4.902079604694199
2094,4.01589570392425
2095,76.84234786076685
2096,49.16163058555486
2097,115.76548666580652
2098,5.452158201734117
2099,-17.579934000401988
2100,24.426122109835703
2101,5.648254848710284
2102,6.395404976512446
2103,79.15547916123934
2104,54.36728888735251
2105,48.71717783168868
2106,296.07472622764635
2107,6.823884767053504
2108,6.975111037626587
2109,5.87529676923728
2110,260.67223287072346
2111,3.650211209079917
2112,47.88691872099931
2113,97.66338349797718
2114,2.475769364432972
2115,49.035247559066846
2116,3.7215686249201436
2117,3.6602631141346875
2118,3.278301024265444
2119,115.40843688793059
2120,4.257558748544159
2121,188.12666248045946
2122,216.58597220130284
2123,2.682944166170651
2124,1.6222765006039406
2125,4.114266267506288
2126,5.860630290036418
2127,53.78075998597203
2128,207.07366727192675
2129,1.8236029460256533
2130,2.5988659912811003
2131,5.309472173947189
2132,6.0280897145841905
2133,234.9900495603999
2134,87.4604032224072
2135,233.069935784565
2136,31.990136691161776
2137,219.9189508282018
2138,3.679563919838639
2139,69.65308750728542
2140,52.78150009980607
2141,50.87602532803995
2142,5.724559037688267
2143,19.74287118645113
2144,171.06612631908902
2145,47.72349142306041
2146,3.928977858626251
2147,4.163428281983013
2148,55.49182187546561
2149,-56.95212353526144
2150,13.348871432392757
2151,63.11667336500764
2152,4.98674808330565
2153,3.494768918143269
2154,1.7907077497721466
2155,2.431701460429155
2156,5.891934560792662
2157,122.84072644981497
2158,3.7605620118901792
2159,337.1856256060048
2160,226.80303864836242
2161,288.3448990793167
2162,1.9050104402370265
2163,284.14541278766063
2164,6.27659246731194
2165,3.0902207697134263
2166,2.7609873894244346
2167,48.905781396964585
2168,308.37653506556285
2169,2.3875730736456635
2170,2.4789069940010298
2171,164.40185833424354
2172,5.36374056495655
2173,257.2086486820747
2174,246.6327096731144
2175,1.1050569209489114
2176,4.544638762615645
2177,-57.95943402206438
2178,4.257042103872144
2179,74.79601885743993
2180,266.667462519976
2181,2.8518782140063337
2182,160.64287220027373
2183,193.21619794722073
2184,5.908687951086018
2185,2.9879897965895617
2186,2.66927752214449
2187,4.506870744294962
2188,260.18524705899455
2189,241.29362528402953
2190,74.09577065575913
2191,2.8799570049447882
2192,2.668641436721824
2193,115.1474124303209
2194,2.8056192773791815
2195,4.8424267461478365
2196,6.64869104825506
2197,1.9420295384358053
2198,4.659107816812267
2199,3.35934709954787
2200,1.7579115800441019
2201,4.017941835746977
2202,84.53226878696046
2203,2.472996736793325
2204,1.9837950686390027
2205,120.56393503206777
2206,5.3533078817873125
2207,170.08884719750225
2208,5.050832445256154
2209,11.527238669055992
2210,261.2320479654782
2211,1.7863429035185094
2212,4.819448733024466
2213,6.557466776618803
2214,111.10131899103602
2215,23.96828533930481
2216,76.05483231280483
2217,4.393880398903835
2218,42.31400287075697
2219,2.5806374286860216
2220,5.343721594200531
2221,3.248159327359565
2222,-25.052194591099394
2223,189.16701040181204
2224,-63.00681617002814
2225,167.03615336558858
2226,-3.4767497161368106
2227,73.28314788031078
2228,150.5899081733837
2229,109.83357483163036
2230,3.3961541321984132
2231,5.304667442371443
2232,4.306331707557533
2233,256.44658923014276
2234,224.43583165397794
2235,227.48338113526123
2236,3.1009609778073184
2237,3.4092388892407377
2238,242.37280981690773
2239,89.92900321538268
2240,237.93610218978344
2241,2.351635014400545
2242,232.30224203929689
2243,5.898674369595558
2244,94.3972835974912
2245,225.12329621407193
2246,100.16107205339108
2247,243.45098211241543
2248,6.5253946729990275
2249,299.4762895761892
2250,128.866440021823
2251,4.588913970893979
2252,267.58365459094824
2253,6.14364759775793
2254,165.00958548663263
2255,-92.5637485149161
2256,41.892956579048494
2257,1.676409753425163
2258,3.0684859938539817
2259,75.42222163115825
2260,6.149422024993078
2261,75.31593650669242
2262,1.898563794579475
2263,96.38638062358304
2264,-17.48830466561813
2265,57.78785669382992
2266,2.4602411308931686
2267,2.9700036165932118
2268,5.404070788754623
2269,3.725623963125082
2270,8.568445542831038
2271,173.05728923786742
2272,47.95989689503349
2273,3.4007215840347906
2274,6.100389838107231
2275,6.661519781951308
2276,4.213821528259307
2277,2.3135294575896994
2278,1.5651764840057139
2279,6.111667377971501
2280,3.003491036786991
2281,199.04131162842398
2282,2.3465972529013155
2283,3.9232788787069937
2284,243.18877321083565
2285,3.2225120338515687
2286,-9.428057835337006
2287,5.668763405263838
2288,2.848303574069218
2289,4.808390073682816
2290,-56.092740121524166
2291,41.473250605137885
2292,4.603911987852688
2293,1.9090394186476416
2294,2.4866769008468426
2295,2.660985667449845
2296,5.306034393370627
2297,121.7884225500515
2298,-44.88530718362418
2299,88.2027725594268
2300,3.831719250323436
2301,5.419237736096065
2302,-90.72400500126999
2303,163.96588947504551
2304,5.711461646717857
2305,40.23048348984604
2306,289.37416671610225
2307,21.17986127931218
2308,45.87376475453981
2309,6.057257917886413
2310,175.70369462520287
2311,-59.20128397896755
2312,93.11334242215435
2313,3.9983293083418086
2314,4.876652458807473
2315,241.8062727400849
2316,7.618228982399432
2317,4.021077816189135
2318,244.51641617706926
2319,6.536882635507875
2320,99.82658535467425
2321,2.99554420781007
2322,248.12584367431467
2323,166.39923464289464
2324,1.9776572811135198
2325,34.832031812002406
2326,3.0828706670774095
2327,126.11049970711865
2328,3.426872128947034
2329,349.5948614906874
2330,176.52682077954296
2331,0.9783839368965753
2332,268.8954134964101
2333,1.4355367208574485
2334,3.8615952910327227
2335,5.382367905472239
2336,61.53981308850356
2337,136.15034196172283
2338,186.3273404480415
2339,22.875681034558834
2340,57.272113658771865
2341,138.01279811268162
2342,2.153888354753962
2343,6.075300755219511
2344,295.03950218522334
2345,5.9917031677483985
2346,143.86907674320125
2347,107.58172204468896
2348,1.86343317729232
2349,262.14803011030455
2350,32.433881171479634
2351,4.840830401627566
2352,4.828798219902791
2353,1.7291714453866038
2354,-27.340511213526895
2355,145.77585686795305
2356,3.866176191937988
2357,97.58382064721775
2358,5.977367873359218
2359,6.706646248849888
2360,4.594281598915812
2361,5.523927109009532
2362,258.56396216240665
2363,4.49168844756966
2364,246.83848644614704
2365,92.10315429150648
2366,55.58718419867311
2367,49.601292914184
2368,-75.43720376671807
2369,4.439616891888953
2370,221.8259538832937
2371,41.964645921099155
2372,60.76992913381279
2373,1.9557693248638737
2374,-60.52573096883301
2375,1.7791745070329252
2376,126.94879508179808
2377,104.4724069929495
2378,5.372636641082928
2379,6.530763257720319
2380,32.66809346644862
2381,163.55893589324623
2382,155.57016044612678
2383,51.57794486897831
2384,3.3788936153962683
2385,260.97090566294435
2386,5.869119945494314
2387,45.02379280674429
2388,256.3789742674115
2389,88.38074878833982
2390,1.928416525665548
2391,109.9505607394313
2392,19.209319531437426
2393,70.5786781250258
2394,136.77164727913035
2395,5.884088549754291
2396,2.4147694456712845
2397,293.95250052959676
2398,300.4955833924559
2399,4.380416229624735
2400,186.93831388277272
2401,61.369102346742885
2402,250.5569966715258
2403,6.372311609438047
2404,2.053186623452628
2405,5.064950485841702
2406,2.940173065985863
2407,81.10111352762398
2408,271.99326480562434
2409,189.32468123648925
2410,4.379834300833885
2411,6.625743435529439
2412,305.2830457717183
2413,0.5719877653393594
2414,3.8632500256693967
2415,76.85933751920868
2416,258.3639032145874
2417,22.88728481896561
2418,3.2729596316473164
2419,4.035989527135088
2420,1.8345803825734466
2421,13.829713216774868
2422,256.1664635452477
2423,2.431047027165697
2424,179.23733397187527
2425,5.886264490528536
2426,-19.73564499536602
2427,164.34217891383278
2428,22.182634408203285
2429,4.1969907734159415
2430,6.147979868151245
2431,3.9355324039440815
2432,312.66237778458606
2433,245.41457954956573
2434,4.492869724506581
2435,54.89706507548204
2436,241.2186930967899
2437,-80.71972537283878
2438,5.694122536756403
2439,6.9071915334058795
2440,173.68652757254344
2441,6.372150026486497
2442,5.979445326073161
2443,4.935738485449289
2444,-62.93616387264268
2445,6.076292918021754
2446,5.160634627594216
2447,227.4719678270501
2448,6.456031005238056
2449,6.0672409375921985
2450,27.283905690267478
2451,3.0132925625817233
2452,3.616592938874959
2453,39.038976928688186
2454,305.25184938975667
2455,140.50170167169222
2456,3.350041272851056
2457,255.6281893515319
2458,6.0871882039941765
2459,1.790840538881915
2460,5.67615772021134
2461,72.08169135784232
2462,51.46915813448794
2463,6.11374160424149
2464,-70.79197136310275
2465,26.561131560238533
2466,206.5858835341951
2467,159.53047053841007
2468,270.77191029081854
2469,257.33100250519914
2470,5.68789206887606
2471,130.97563107825047
2472,2.627748495841115
2473,77.02070971992555
2474,200.88762019946003
2475,6.156332231317724
2476,94.58909072689914
2477,141.45027585149174
2478,200.46119646627872
2479,5.347235140974566
2480,51.21745864867597
2481,57.976559244953165
2482,2.3983574327835595
2483,4.932412994254796
2484,112.67214964244069
2485,135.3775600800889
2486,6.721834455534437
2487,5.18186702185267
2488,-20.217805494983775
2489,182.46824611524485
2490,5.659149008419722
2491,146.3436874951033
2492,52.10523078225996
2493,43.340624359620904
2494,5.94571597810695
2495,5.384102456758452
2496,121.34057548698563
2497,69.74983596537056
2498,1.881108089116612
2499,6.780781788612669
2500,1.8975803960281066
2501,101.20863877154265
2502,246.76148636946058
2503,92.400145014298
2504,349.1009753348745
2505,3.429452303603244
2506,4.476387191586568
2507,271.277287805506
2508,202.4420673966383
2509,107.96514150414266
2510,6.667353046144612
2511,203.90511084556093
2512,78.23350411091106
2513,163.8561590953161
2514,226.5432101539403
2515,306.00485469485005
2516,1.862141600642427
2517,2.1916766761671673
2518,284.344890499316
2519,4.522824688652761
2520,83.25758706690429
2521,144.0278946395416
2522,1.9894574061720887
2523,6.4023036429681435
2524,4.74524591041353
2525,289.5684096865726
2526,4.271775511530134
2527,3.745330102447442
2528,240.7771713406706
2529,107.41381636267431
2530,238.7281271046596
2531,264.9138343612908
2532,36.012682191074056
2533,1.9362714448015563
2534,6.223579779852034
2535,5.883748477633631
2536,3.88556084308669
2537,6.383876898108753
2538,5.8319151241384
2539,164.00514185761176
2540,3.18920105189126
2541,5.07693075046173
2542,-13.562382446733045
2543,5.010724596436639
2544,170.72913588095307
2545,2.4657418161455986
2546,263.20861027315595
2547,16.84731694482593
2548,-1.035220825008102
2549,142.5392818192794
2550,122.32852835822989
2551,-38.748317731408186
2552,2.3311232010514997
2553,276.7315980256953
2554,2.4012245066345557
2555,55.934979942057545
2556,115.38371058581644
2557,4.269680401187375
2558,-12.939901327996665
2559,6.405255289083556
2560,187.41429844312606
2561,2.311042368770099
2562,223.4812326497571
2563,237.38400488867546
2564,279.2771873219784
2565,4.912590168419972
2566,4.814553688669817
2567,254.40149879601486
2568,32.40050467124082
2569,65.51764126320899
2570,3.3315829614545334
2571,102.54662920377389
2572,-41.950027940798726
2573,182.9970916824227
2574,3.2071159253978316
2575,4.139571462539727
2576,3.4176128114317716
2577,5.808166934940263
2578,63.800219972834725
2579,5.864191273357306
2580,4.789881595101931
2581,2.8887922667479713
2582,-33.73504291550147
2583,2.154320430986619
2584,7.058328641274305
2585,47.564857431525375
2586,4.647500327458849
2587,229.84908744061065
2588,192.07971656282075
2589,4.992540417371984
2590,55.61683238290121
2591,1.7749945723531522
2592,123.76923616161622
2593,61.90640621440013
2594,59.22336548430375
2595,52.24728598879894
2596,45.56743287264282
2597,5.680446614805096
2598,6.507161781813845
2599,14.362871226737532
2600,4.197919833357866
2601,227.21447980784083
2602,6.176675854461671
2603,371.4078110996841
2604,161.24664143803003
2605,58.583264827900194
2606,3.7436004908136145
2607,48.523199775012586
2608,185.4746922528262
2609,30.955657852472882
2610,2.622081211175281
2611,15.054753412325143
2612,3.1874330820058066
2613,4.6357036022228035
2614,3.106978121044122
2615,112.94103266380472
2616,149.12923841208902
2617,256.2116212807366
2618,200.06587788939274
2619,4.461254419861912
2620,2.230277372299371
2621,4.049770554181337
2622,2.749595528325545
2623,1.7095029772537522
2624,6.771621674005765
2625,115.42797883959754
2626,285.82612852322194
2627,39.8009151637944
2628,140.67972219907537
2629,27.375703359451744
2630,115.66881523604376
2631,22.919292261542207
2632,6.25948990491374
2633,275.67354739236583
2634,54.34664465256335
2635,162.0986203017716
2636,-47.340847357606265
2637,3.2131578212093737
2638,-58.189388544785025
2639,-57.02114108057135
2640,186.07127283201962
2641,3.316016400715204
2642,5.625585025309168
2643,167.83991598356715
2644,120.90192400135557
2645,227.61966670205905
2646,2.9537408663593574
2647,3.4846679991836407
2648,4.63747686386045
2649,6.841073557398576
2650,280.55052935043733
2651,219.6208597553206
2652,63.79682640694207
2653,3.8158020673343245
2654,30.751968574070663
2655,230.439230600713
2656,243.1649702602513
2657,2.9417481556182175
2658,12.910071696592112
2659,287.29945026863965
2660,1.826971122862039
2661,279.8029899742551
2662,71.59520277752883
2663,-0.9652643414231689
2664,80.10886655664483
2665,270.2704759368749
2666,245.71529909850332
2667,-10.48650322493335
2668,28.042073072351645
2669,6.806493225953638
2670,110.6535936584712
2671,190.15646936661824
2672,124.31315352379868
2673,238.886129511059
2674,232.71013498110082
2675,1.3115629489810652
2676,-59.1236392316402
2677,331.6513193067605
2678,6.487533541460404
2679,5.598219368760678
2680,58.62231568465412
2681,5.198020071010632
2682,2.977321614127687
2683,2.522773277507176
2684,2.593431919789906
2685,6.418564851065599
2686,13.872498287932387
2687,44.910297592652306
2688,69.55458360009757
2689,36.22203145356742
2690,137.24053263572122
2691,79.46661254725426
2692,55.85970574480845
2693,141.19684834779056
2694,127.11858224842736
2695,6.874611436365662
2696,182.32850742581613
2697,3.982371179165591
2698,2.643161021553817
2699,4.374830538176737
2700,223.7285139533732
2701,59.505222380447854
2702,7.6581080197748195
2703,3.834329537514163
2704,168.55333532124007
2705,3.2310557423574746
2706,5.5232630079452525
2707,182.85427415950744
2708,3.241800353464511
2709,48.40620392269432
2710,6.006764343895472
2711,172.00259760200672
2712,1.860697791163921
2713,141.97109078019778
2714,-47.34858972492922
2715,4.774075994998542
2716,3.028138013617328
2717,258.59840509504164
2718,4.464098615654623
2719,3.2068010613041333
2720,6.501539276614454
2721,6.3427501737309235
2722,4.3858126314126045
2723,243.58827712926995
2724,6.184411797350852
2725,36.86251570962543
2726,7.108424372351757
2727,289.653695774028
2728,58.785698122973145
2729,186.28128678441988
2730,186.90025665619464
2731,150.13324152172416
2732,6.772575899393696
2733,207.50166103292017
2734,124.96867275157535
2735,87.30838630254345
2736,58.17324894185546
2737,213.14040359647788
2738,122.35700021020875
2739,95.71539863990786
2740,5.816121238053063
2741,51.534402431002825
2742,1.5283223776641
2743,10.263385308293095
2744,-20.982226466746763
2745,4.642198062712789
2746,199.76205142013308
2747,182.096868224858
2748,2.7417557064485556
2749,5.359144079665742
2750,205.08968399805084
2751,269.0036879653378
2752,2.3659528595274097
2753,112.61829104962213
2754,0.5826739096687491
2755,29.78735147890238
2756,277.0098889146308
2757,5.803025822925096
2758,292.740135091643
2759,71.16229823037412
2760,159.7412709703436
2761,6.425702854280613
2762,3.949481335967627
2763,103.42848440694218
2764,4.703922051600358
2765,117.82643973099066
2766,2.06463274459766
2767,260.250382193553
2768,4.251845480229185
2769,3.6377890375260207
2770,195.88683033152628
2771,122.58442407634607
2772,6.678144092377622
2773,3.0086112241957523
2774,4.921433627983668
2775,6.2886079715778225
2776,3.9213144090417296
2777,254.4384941090083
2778,28.41959096384559
2779,2.024563260924643
2780,2.9683121570446462
2781,244.16045871254028
2782,204.3466263078667
2783,6.165848344885767
2784,1.354922033635928
2785,5.96185905141602
2786,3.128842995949352
2787,71.8656539315814
2788,4.172116479255931
2789,155.9786653008005
2790,219.45544503280846
2791,91.7106769285759
2792,128.63107928765638
2793,184.3424503509211
2794,164.57071004474713
2795,56.56512178577753
2796,237.82654968944667
2797,99.96963978340153
2798,41.90318563866145
2799,30.318136695558668
2800,5.285255273879395
2801,4.379944971260692
2802,3.2477591314876033
2803,64.58702416798197
2804,3.7701398179983077
2805,61.63586549523501
2806,6.595231370901119
2807,35.170030476749666
2808,88.23119739555351
2809,6.0672495039356775
2810,5.682544156881479
2811,208.64612065216184
2812,5.887075865901823
2813,4.721864559486888
2814,6.041551330869854
2815,257.82903126459604
2816,57.2946244332331
2817,272.2382927200093
2818,105.99978909381561
2819,62.16754456234867
2820,152.46014709562877
2821,48.11316412582689
2822,6.111753802052
2823,55.31311392189176
2824,260.1843434521465
2825,113.8286429448069
2826,-58.11355389702151
2827,6.642626438056234
2828,5.476437636182254
2829,4.649682248034469
2830,5.600484853652333
2831,5.8966362743668626
2832,6.103758855047702
2833,133.19032586896313
2834,3.7277062817972157
2835,3.0559973040198227
2836,3.557303061396238
2837,3.2840474768607035
2838,5.820950800377642
2839,1.979908979705515
2840,55.79247363529052
2841,52.44538723796342
2842,285.5111030348879
2843,6.036362415596038
2844,177.65903330208084
2845,304.7502782030832
2846,3.6460624502916894
2847,105.84464218668631
2848,10.811016911593688
2849,-57.98736147392541
2850,6.70118684086854
2851,6.35489834752688
2852,-30.156859307792946
2853,36.78401146245982
2854,2.5729009110231287
2855,50.57718160537687
2856,5.994026046007186
2857,41.2703977199911
2858,230.01534797725228
2859,1.5989646460403133
2860,142.24598674187322
2861,275.7234808724551
2862,256.0620294636755
2863,2.6832968471494802
2864,267.7031524012418
2865,225.2154442347465
2866,1.916195468176052
2867,2.5120725363634135
2868,96.16911427343109
2869,48.96800181383299
2870,177.58184426680052
2871,6.314280274167591
2872,247.0043070424913
2873,5.181204675890406
2874,39.693843080589616
2875,4.618721449161575
2876,-42.53681405421793
2877,307.8892884680579
2878,-71.76695152024975
2879,4.930124420902692
2880,235.18777919166777
2881,5.601873683617314
2882,5.967352614875321
2883,3.982400208440225
2884,6.641157921342949
2885,175.55336118879953
2886,233.93913187101597
2887,5.901841893316148
2888,2.0287651079054654
2889,6.379523459277039
2890,3.059721183115148
2891,-56.91831051137572
2892,162.148264609424
2893,78.15775469332148
2894,63.22313784620516
2895,4.549624400743177
2896,2.7397858857440247
2897,5.544158494332737
2898,97.19068603799396
2899,33.43423268707236
2900,3.103948503887739
2901,35.291021995169025
2902,242.2372249817139
2903,265.9444241170142
2904,3.756252128663334
2905,3.768632406322159
2906,35.043676002028164
2907,3.9401586741670442
2908,35.925892181343656
2909,2.139093387552944
2910,113.19161741526534
2911,3.464955633399443
2912,2.527229625276426
2913,6.327294222721446
2914,27.397409585377385
2915,8.329979578095188
2916,213.83039312089377
2917,143.07474429027337
2918,3.722858849385299
2919,376.1371397132439
2920,201.5698378590971
2921,5.253249587456821
2922,3.8458680589125644
2923,214.20525684754514
2924,5.553785114016698
2925,4.957897198721331
2926,6.031674075968913
2927,4.837244018915309
2928,6.447712140198342
2929,159.74724178083116
2930,266.2585779062879
2931,2.3829343666745038
2932,5.802132320744462
2933,-19.56256281194739
2934,111.53619808705992
2935,9.470393050975671
2936,-57.738608206345354
2937,6.412870094470393
2938,-6.908443572789946
2939,3.1481979431298814
2940,154.62028061096444
2941,91.11273749255578
2942,64.98907331966973
2943,6.121350044022197
2944,6.41158534992815
2945,5.849657539187956
2946,6.4069874747560975
2947,-53.62427112565081
2948,2.965436701646615
2949,6.733404425950904
2950,2.7920851772309785
2951,144.98998620282907
2952,136.73329147625643
2953,6.901965902926775
2954,1.8825462986726489
2955,38.18342160468999
2956,6.3036159767543305
2957,101.03694140287803
2958,5.931710791100087
2959,192.11299365913135
2960,6.10693816193113
2961,173.08272860990488
2962,3.546890855915169
2963,4.214536177526176
2964,236.1143268051701
2965,189.8244653790009
2966,4.560256714672449
2967,3.696719104265331
2968,174.74542915703964
2969,-87.65280079951536
2970,2.0033567485805435
2971,225.50984262999842
2972,6.879920621595318
2973,202.99307137973028
2974,252.50739502686235
2975,4.5554503475972625
2976,46.28228405466168
2977,37.00788352617075
2978,4.71816221111717
2979,4.557696323984257
2980,319.45650236028655
2981,309.79146647827474
2982,142.8081540764834
2983,138.6869639917628
2984,277.6913240178662
2985,127.27533416962763
2986,291.5706818493019
2987,236.1150445512532
2988,111.75811612251364
2989,113.8249368195457
2990,38.94520970292805
2991,6.877171584165744
2992,3.0443023719117246
2993,5.58950591138429
2994,22.19609988977599
2995,3.111965454091772
2996,4.393323896960787
2997,3.5641144165934935
2998,92.24304167847042
2999,152.3063340059842
3000,70.16084118234646
3001,3.010422888643418
3002,291.40464851774976
3003,4.4387353882373075
3004,277.62254539189036
3005,87.57513663625214
3006,89.81841721020453
3007,6.367886233443463
3008,2.611991771623444
3009,27.263699074715117
3010,4.275819119651117
3011,63.49737470990874
3012,5.317714722396249
3013,198.18103483274072
3014,6.56874427704852
3015,3.884890330040561
3016,6.019453008032593
3017,6.154946171274901
3018,4.443167524443715
3019,200.3939013697675
3020,3.2304890051881485
3021,249.31470022153573
3022,280.72777504003307
3023,2.960200746392766
3024,96.35020384747743
3025,239.2242486658711
3026,161.45665747618065
3027,6.16200854885082
3028,5.414803562730551
3029,-18.619436043713463
3030,-42.24996767117235
3031,6.042205557941839
3032,6.501471258838026
3033,4.633600512028072
3034,128.18622187259942
3035,148.1046062660799
3036,211.60703478898213
3037,5.780740016284003
3038,2.0828290282653437
3039,-33.71134910865836
3040,142.4136105858212
3041,4.747417063234725
3042,23.596263979892246
3043,5.850657699699046
3044,221.41275182750238
3045,183.939065096272
3046,4.532007135452582
3047,4.229270906524213
3048,46.70162018894647
3049,5.652841749604465
3050,222.66121543605087
3051,90.70563210875423
3052,6.563369399265857
3053,3.803843217550334
3054,125.09377590431222
3055,182.86582678838536
3056,54.3076591313706
3057,3.380744553491423
3058,103.36662555211166
3059,1.8400237009008407
3060,254.856816536901
3061,5.2697359474913545
3062,229.51066624106556
3063,134.75691141623597
3064,239.33231120073125
3065,250.12955235901413
3066,117.34056944528118
3067,73.51796004077887
3068,5.873976395262125
3069,6.06758053576996
3070,3.5603353834162164
3071,6.2205464504829
3072,200.1928127491873
3073,139.74712518712724
3074,6.302080145290155
3075,5.944974105825561
3076,136.90633733068236
3077,-1.8580633407385714
3078,81.50053738470834
3079,5.854149942048523
3080,3.375506806572904
3081,-14.133146709906738
3082,92.08354402939028
3083,152.57563650870682
3084,1.1897617730619545
3085,5.463999097833615
3086,205.33993404921512
3087,3.0779230922283074
3088,93.36526260976109
3089,3.6074446694921565
3090,304.6637912014223
3091,144.80824768439223
3092,98.70105068844988
3093,4.157170352230061
3094,181.91568086937562
3095,269.4260442215664
3096,135.07602387956354
3097,4.841744547222647
3098,5.980534246536741
3099,21.25886975062557
3100,88.87616570648898
3101,3.548758170947741
3102,2.5207589982769947
3103,3.1322715358892186
3104,60.7800625686916
3105,14.443621349183077
3106,26.790286989286972
3107,1.2831209679591475
3108,2.523835160565248
3109,6.5606975511820025
3110,240.19302256382616
3111,1.819221811537431
3112,210.1587434353842
3113,5.475292743702165
3114,43.13690850717986
3115,274.52946061171366
3116,92.76211390053679
3117,3.0879532590584096
3118,270.53414371445825
3119,4.42429784876769
3120,47.446977766302915
3121,30.54117883474979
3122,142.97345384307752
3123,3.8435790281947937
3124,2.7667724163010217
3125,3.6695679092914553
3126,217.23009123795785
3127,244.50299243746704
3128,44.64581411984972
3129,359.8586065860022
3130,2.0843376140517655
3131,100.66600148369106
3132,192.5327701370453
3133,123.54597994415353
3134,236.5306652263781
3135,1.695522966809202
3136,316.890533256676
3137,3.054332765623547
3138,140.6245705478789
3139,5.810080389698555
3140,2.2756834906813994
3141,-3.4768793448012505
3142,3.2138097260173293
3143,105.52548944945242
3144,266.18975708719034
3145,5.5890363886216745
3146,270.1924744652735
3147,116.21263539076267
3148,99.79896266010128
3149,11.797012069745273
3150,1.7128005139842184
3151,242.54177549871847
3152,7.069197818830198
3153,226.86876860680096
3154,172.34947661144952
3155,31.551777647733505
3156,44.724433958973144
3157,4.8383665441178785
3158,293.90860535008227
3159,109.04571871769535
3160,259.8087048095769
3161,-50.03121369467201
3162,3.13448864310943
3163,209.31021929059943
3164,3.1900782323949763
3165,-4.648499985367994
3166,48.717823879089984
3167,6.458746007985385
3168,5.28978234429558
3169,3.409591895671561
3170,208.11660601926667
3171,2.7427657407173895
3172,231.68252415420815
3173,276.8982067398235
3174,59.68246840544808
3175,-59.57149977906795
3176,3.944964383233675
3177,3.216516376055498
3178,155.87182096986893
3179,6.2665178461531825
3180,315.81825213528515
3181,195.54331244452578
3182,289.7999767127366
3183,5.953481024755798
3184,124.92458894220835
3185,6.767259089559755
3186,166.36653089352987
3187,292.60740528096875
3188,-39.27193168821336
3189,262.220523179914
3190,4.0335959726757915
3191,242.99773639369684
3192,52.80428919060424
3193,6.411063604291376
3194,4.393270640888695
3195,5.849583149517257
3196,145.95004343950777
3197,5.538398854904159
3198,178.9305965243624
3199,180.6822272978909
3200,2.07738436155316
3201,328.3340290917677
3202,4.096521765977586
3203,4.545747392476673
3204,8.759423027757533
3205,6.486829888155985
3206,262.2450847578167
3207,5.891015578008461
3208,194.26195075142368
3209,-37.14246149020453
3210,7.371952239497241
3211,180.82243589725718
3212,227.07085969311115
3213,2.5810884116237887
3214,251.75346672590445
3215,3.6541014043622932
3216,6.0735429322670695
3217,128.6732633562959
3218,266.17818318030146
3219,100.68385493760582
3220,73.26383649500589
3221,102.89640110682994
3222,261.5542834692024
3223,348.9752359125029
3224,-90.49884874003216
3225,134.53937785522558
3226,6.036169701599526
3227,5.8617455052654845
3228,12.502701299932333
3229,279.0327277299815
3230,232.13832312000446
3231,6.688527786617058
3232,4.5814476923044545
3233,5.665594652890405
3234,4.423625732271692
3235,81.84519832231227
3236,144.10727306696165
3237,19.719134464510905
3238,297.44210398002787
3239,6.565835196265955
3240,52.58182751482764
3241,21.718445444630515
3242,2.4502163883155212
3243,21.698418381720813
3244,164.2708776520714
3245,5.039444373932306
3246,244.8776416153115
3247,6.305457163822777
3248,63.68015452558516
3249,-14.677519005648678
3250,236.12664685002468
3251,233.2204067278003
3252,129.23369686971697
3253,59.87593957383316
3254,142.75685980044992
3255,6.476196918548403
3256,5.948137046194677
3257,-4.002553965171224
3258,2.4221518450788393
3259,51.01482037078724
3260,5.869276358793347
3261,109.41332852546361
3262,297.10916098932773
3263,2.317383283204265
3264,4.145826197541116
3265,148.96191680575978
3266,3.671924419501219
3267,6.672589580933265
3268,3.1160157269833237
3269,4.583389102943975
3270,50.26288175354134
3271,209.906407829487
3272,2.242871633572515
3273,200.73383349268602
3274,190.5425246029491
3275,125.00401842979586
3276,105.88151394999983
3277,6.44343937500495
3278,6.3296861712998265
3279,3.0881746018046408
3280,136.52500195175625
3281,282.4564953974554
3282,2.7493276324923364
3283,370.6272613862084
3284,348.5767434627466
3285,96.79959700110362
3286,3.1758064688121084
3287,22.605267103825142
3288,35.00803225907807
3289,1.8481760692550742
3290,41.57369651839664
3291,225.3922153370469
3292,3.033454907510295
3293,46.83683031007431
3294,201.15993208907767
3295,152.46893315466264
3296,31.170868714154526
3297,212.63245001149164
3298,2.039168055555742
3299,250.90165218127842
3300,3.451790094752951
3301,209.3365384688358
3302,206.69886712306743
3303,-8.327077429102625
3304,229.75204028995108
3305,5.148026061425484
3306,4.4599056305816696
3307,165.42439239730652
3308,3.1119911174004495
3309,6.4330688513369445
3310,-53.92664988356716
3311,2.6627467987698314
3312,3.8692847004706565
3313,2.562804757116473
3314,5.942114984071317
3315,3.9506727671209094
3316,297.13947873804614
3317,306.04117105541695
3318,37.13885068364208
3319,1.925289388645352
3320,2.214741043772318
3321,5.036911555898663
3322,161.44345775800596
3323,4.5455948289970705
3324,3.9076440166351722
3325,307.38918364970186
3326,84.21523707801228
3327,-73.21030154334606
3328,6.5154693285263034
3329,1.8750344719933631
3330,177.92799985718082
3331,98.17002298475302
3332,3.693029919181767
3333,241.71521667913893
3334,111.97251609946136
3335,3.326357672237437
3336,5.033904579174497
3337,2.525006554219751
3338,1.7559256191914727
3339,17.642697176716748
3340,38.794129847711226
3341,67.76679809788779
3342,206.79631324142733
3343,119.5869759333583
3344,3.764462887092088
3345,261.0771110763681
3346,280.34337144449665
3347,164.98824283493295
3348,69.66350716350296
3349,5.50527509849316
3350,3.4605756544597472
3351,3.0709885689695624
3352,1.827645439893102
3353,122.83564974948672
3354,46.35529807816994
3355,3.1049746158263827
3356,303.8294954513661
3357,3.0164564086419783
3358,222.28432903127882
3359,109.22286975894401
3360,142.32836444343522
3361,3.4742791291572495
3362,3.450622917076735
3363,3.298642798710679
3364,43.53609464916428
3365,125.62032594910504
3366,36.77320005126342
3367,3.4612582406139594
3368,156.62346679161132
3369,4.309088712335388
3370,60.2686317713046
3371,20.13648749932577
3372,215.14686343965414
3373,66.09118219831372
3374,318.71721456617996
3375,2.3748551548094285
3376,2.685829660227833
3377,124.55711488093421
3378,5.853936624235739
3379,46.80373150020517
3380,336.8087143618125
3381,6.6950552913611325
3382,102.99759278137783
3383,6.6718351689205475
3384,65.27221061479788
3385,4.588323626761102
3386,39.77250073657006
3387,2.166320482734522
3388,181.99254221642437
3389,226.27978017710112
3390,1.9664573279890414
3391,5.671180657850492
3392,5.296996180659442
3393,182.17137073061497
3394,121.63987019225351
3395,5.452796373395465
3396,5.636077381319379
3397,163.99717656605137
3398,2.1368018387249563
3399,211.4096973772287
3400,183.12157357536998
3401,4.900455515562882
3402,1.1136984514222152
3403,65.00429123617093
3404,127.02181696524976
3405,173.80005967144533
3406,224.97005738754856
3407,4.175640391466186
3408,102.004111907563
3409,111.52919453415804
3410,5.885134842800999
3411,5.067544571425321
3412,59.33537490407665
3413,2.1629690474179464
3414,6.733740449850001
3415,121.13438650871778
3416,73.84763608671243
3417,188.4789067049845
3418,155.7696434402097
3419,68.91125164679111
3420,22.21734479488092
3421,-55.00066064853872
3422,177.5633215246787
3423,2.1014028991190927
3424,3.8474028775070557
3425,44.01161865786801
3426,3.4541046325028666
3427,51.908787431728435
3428,2.727517094429698
3429,324.9821872910291
3430,314.18057976387917
3431,84.86136916450636
3432,6.004219032032939
3433,97.91781387497798
3434,1.9751674476809924
3435,320.9928541905822
3436,218.83044142374612
3437,3.4097983084749175
3438,40.63666706702866
3439,284.1413384992049
3440,6.329159653558578
3441,4.791767954825501
3442,235.58232691755074
3443,5.136455665034355
3444,193.3076604949222
3445,3.775042855247152
3446,5.793526649097578
3447,248.31527914548005
3448,5.092749978993773
3449,5.725792589644022
3450,107.5429088460058
3451,198.40780394842076
3452,2.0099316109549923
3453,1.8397687475677438
3454,14.080143703694347
3455,4.2143005501276365
3456,6.0125498018354095
3457,3.9291430278188066
3458,6.207110196158734
3459,173.67069706309394
3460,-50.45453229857001
3461,3.370810667985587
3462,39.6568630325205
3463,227.3589301559257
3464,4.441165622317433
3465,2.8074263690969126
3466,6.671482484127353
3467,106.60947674041698
3468,32.755346785956654
3469,307.54978872408225
3470,159.11755299264883
3471,8.040448820095596
3472,268.7291448848537
3473,6.697732986961796
3474,3.5317148490160384
3475,4.6423652524999675
3476,35.977745797323585
3477,3.5207530627052495
3478,6.741209544519457
3479,2.825683967166059
3480,121.3908697036369
3481,140.9102382411175
3482,77.36088777766922
3483,57.173645817989744
3484,179.02351437384525
3485,2.347120961875009
3486,210.83339981499384
3487,5.881781366356297
3488,4.584293429175223
3489,2.8860694472773774
3490,5.922262033454797
3491,3.327022421396157
3492,2.4304920443263645
3493,312.10449618699096
3494,150.12359781858095
3495,6.314159131774837
3496,-3.4917675900420853
3497,4.47975984822313
3498,6.716555055046055
3499,8.83989910735995
3500,107.15277189946222
3501,288.1719213177942
3502,6.034038849704497
3503,3.8226389156211007
3504,96.61561911782611
3505,151.8981665632766
3506,85.37211164133008
3507,6.254993254954186
3508,3.4197578270130324
3509,3.1140106132304743
3510,266.73498677242134
3511,1.9687009860359659
3512,72.21133665754583
3513,82.73719369227467
3514,3.086485378457476
3515,58.49396772969965
3516,3.3563588170821874
3517,202.820588756004
3518,4.296587248290533
3519,229.34858322867467
3520,314.01074677605277
3521,1.8728755514087903
3522,31.86324363963146
3523,4.741468775112104
3524,6.555461260375755
3525,5.264122835025879
3526,36.64309507615857
3527,1.6173744933758731
3528,290.0929977560651
3529,192.4152696290345
3530,2.4956489109814597
3531,88.66568292932295
3532,260.1786898775313
3533,43.52774510786441
3534,8.207941181475165
3535,85.61474246407448
3536,3.611004249035455
3537,73.92612144221808
3538,6.7778883607090785
3539,40.9875888437867
3540,153.07394005641277
3541,-44.823394129404505
3542,2.794425399070201
3543,175.06646436194214
3544,31.33375305890023
3545,2.5281211620904034
3546,6.046206057791911
3547,174.73834979433218
3548,5.015975943408766
3549,1.743700646433106
3550,4.379563794216772
3551,5.037147067052683
3552,5.6398482825771055
3553,6.790238827917921
3554,170.83726102433147
3555,4.323901868385161
3556,2.1774501653406317
3557,117.59969175368666
3558,5.305352773630118
3559,87.7942184664081
3560,57.971946820056424
3561,6.386644405764618
3562,24.601979877122773
3563,-44.285594213515274
3564,5.920585655369649
3565,5.159323670574342
3566,166.30912273602402
3567,1.9769064544456043
3568,245.4045586846704
3569,179.13296411458214
3570,39.324505623132076
3571,198.06306869146866
3572,1.8852942598433178
3573,5.941406117798269
3574,5.806253739085894
3575,1.599226914294161
3576,4.8129214839345815
3577,5.931087622434668
3578,72.2900261503522
3579,2.0034657816795427
3580,69.66794816974699
3581,232.45675498176706
3582,53.8820290990501
3583,75.49478778960433
3584,6.575756691428549
3585,26.2722246601745
3586,5.672232366202214
3587,48.95956767683416
3588,3.3584965418318737
3589,237.46209192441916
3590,3.1369895090674187
3591,3.675056493048448
3592,201.93544195719724
3593,4.764213457577726
3594,28.648506075504812
3595,6.6952829129348395
3596,31.53900638057081
3597,302.8045944658607
3598,72.91007477275193
3599,61.46379529699993
3600,2.6747887478590804
3601,309.3577856386616
3602,15.043688178755046
3603,5.511203935175266
3604,3.3224818891584853
3605,158.02277065234532
3606,2.1167144326645335
3607,3.7932260923065417
3608,270.10171540462414
3609,176.41921734430267
3610,31.363606300608343
3611,5.585541543051767
3612,287.9938454762245
3613,6.291737120623805
3614,4.9816034198187475
3615,6.5507847844069955
3616,58.25417846608997
3617,5.100822316297798
3618,3.0338826397862206
3619,-67.48221406075719
3620,19.70246929778246
3621,68.31700588000983
3622,5.327320275173764
3623,254.58024324664277
3624,-1.7391401411580094
3625,106.89693409111214
3626,66.73292969001393
3627,31.807022863599524
3628,6.320167159953364
3629,37.7528875235726
3630,256.77548682809027
3631,308.8636095398917
3632,254.91468595320532
3633,246.03180264952516
3634,116.52034257450305
3635,131.7447388943942
3636,4.642314192054344
3637,38.47054070495431
3638,59.09700825688412
3639,5.087427243599169
3640,321.27877179813004
3641,211.5109670468436
3642,153.1617088090288
3643,198.2918208365811
3644,6.485822861784726
3645,110.97715884768475
3646,2.4080840028205546
3647,5.938778566312679
3648,239.75364715975124
3649,-8.350965460071299
3650,3.2957412242766306
3651,187.1368477765997
3652,44.54263250271516
3653,4.9819582861991
3654,72.58028575954015
3655,2.0589716409938745
3656,142.77906541833235
3657,5.793494467573829
3658,7.696143819686569
3659,4.559555777334971
3660,6.05156800007326
3661,52.18675327715719
3662,2.0417801052544164
3663,5.837965705454791
3664,121.29503293596686
3665,4.6315694975941
3666,280.9029079001008
3667,245.63114354516583
3668,257.4948151813988
3669,239.58673262545153
3670,7.5408112067329895
3671,6.444659054637701
3672,218.79866843756645
3673,5.057711099001834
3674,293.2619014596923
3675,143.17758361743702
3676,58.8505446681827
3677,36.69123125814924
3678,-11.579795214355459
3679,4.0947636908152285
3680,3.7620567896879584
3681,144.40156612620243
3682,80.13400554080631
3683,169.17953593009779
3684,68.27791541913375
3685,142.98521481789848
3686,278.40687897285176
3687,98.29104768089452
3688,282.06712671170175
3689,2.413205209210128
3690,178.58865598305593
3691,173.85019425281345
3692,294.1745774947076
3693,271.170565708953
3694,1.7242832569123998
3695,253.09568647945912
3696,194.4360362779032
3697,0.8005034711812034
3698,-41.009389809289594
3699,4.158448683256986
3700,5.524536030119378
3701,380.00060122105066
3702,3.711339032594855
3703,3.859215716440985
3704,6.09679446146411
3705,1.3524779322588067
3706,72.93401501063677
3707,-19.112142230786663
3708,131.7162327539069
3709,3.0166840556839674
3710,6.170124156822287
3711,327.7274289854423
3712,67.1028289476355
3713,5.560622787663
3714,322.2320068693426
3715,2.6264234690887984
3716,1.986803430249781
3717,170.2826516392632
3718,72.05245160116401
3719,156.62006550956121
3720,143.90537249401436
3721,3.0602531273019573
3722,3.8185199132847196
3723,3.289057671021937
3724,1.898884370237642
3725,65.1658453537102
3726,1.6867679351795675
3727,232.69932303868822
3728,80.60573256777049
3729,-63.27910085190381
3730,161.17175857271639
3731,84.28805456769463
3732,3.5398015403031518
3733,-56.69864038115949
3734,3.1369658736672115
3735,2.3088816136741706
3736,-22.095973440586167
3737,5.936546219777597
3738,190.25492964994126
3739,-40.879343878751115
3740,250.04344085771177
3741,35.37071786296712
3742,257.9571373584069
3743,2.26644907154107
3744,72.0145072651007
3745,-21.018570677103124
3746,4.889606699161086
3747,4.944785100092569
3748,201.69591786798432
3749,94.54478620465095
3750,1.6161313931674695
3751,229.9516369889187
3752,92.19092359334094
3753,4.958626091322607
3754,3.791645952288041
3755,36.07132077903291
3756,5.593793728185442
3757,36.14476629723935
3758,5.914552935519559
3759,51.99805831752599
3760,1.9123335992620987
3761,7.059746076651166
3762,5.950111841941528
3763,120.51319997491807
3764,183.55271807134065
3765,370.83614234321186
3766,6.263402100286044
3767,289.56221786241576
3768,56.72272738013444
3769,1.6452306384271498
3770,139.40536712621721
3771,3.334167637522174
3772,180.5427125513706
3773,240.16114620446015
3774,2.513365529924688
3775,3.6097587302642293
3776,210.90115322585507
3777,6.451406373230839
3778,228.5416529009269
3779,273.4548508452042
3780,6.09242112580757
3781,6.35213060419047
3782,2.05428038117644
3783,1.8432502914305633
3784,5.5354148825697775
3785,22.99302931305054
3786,89.27657708998015
3787,6.043314356791389
3788,6.705573096071269
3789,293.2092674879595
3790,6.738920918683728
3791,6.533599441971366
3792,3.7462765463009577
3793,31.115164883318005
3794,-3.173648719065248
3795,191.39823758962396
3796,223.4996263174977
3797,4.750705566296843
3798,167.1591143350355
3799,-60.37799197405814
3800,241.92718439843748
3801,134.59433998565876
3802,159.63352814825438
3803,70.7001070250102
3804,58.47394496427762
3805,4.469413124441201
3806,3.024128812512052
3807,74.11687954351412
3808,3.6184508652413627
3809,-44.65491064070997
3810,2.5561907614194195
3811,4.629908102377974
3812,263.80424842981466
3813,3.599387834283599
3814,294.5337184607178
3815,7.473161667161861
3816,3.7787031705256298
3817,50.790265727631684
3818,6.430318177773056
3819,2.3902914602662375
3820,110.6422735124707
3821,8.136719360797654
3822,5.3208827708219895
3823,256.0409077307888
3824,5.159910526761814
3825,262.3531172965345
3826,6.038294784811067
3827,296.2112252774593
3828,291.7240203733018
3829,6.576945460950276
3830,228.9322825024667
3831,61.96516705681256
3832,1.8244312043627218
3833,61.227829804018306
3834,84.93031096989519
3835,2.9060231927889006
3836,5.18560056371436
3837,6.809066463640413
3838,5.866905303680919
3839,235.74728370977346
3840,5.7829485249942385
3841,133.9228143394328
3842,3.7384706119180016
3843,251.22426559878662
3844,5.7025160256316125
3845,6.315818555797626
3846,6.1959137730274145
3847,86.45356910843334
3848,127.58933114307372
3849,201.81935556355396
3850,17.45268310250873
3851,152.9402063493331
3852,285.6841121515939
3853,5.4318485566179975
3854,231.73786705536835
3855,1.9581476692718427
3856,69.25486408602707
3857,3.8971167541656455
3858,3.186310287760969
3859,254.81251385188943
3860,6.20028592631937
3861,-67.83334534751911
3862,-8.448763129184078
3863,3.309344693779193
3864,2.939620223182668
3865,302.16743231514346
3866,4.307098082632495
3867,194.09649699065756
3868,4.582790690826649
3869,3.1493842198477253
3870,109.08830646599262
3871,45.65321465054922
3872,3.5068292527058627
3873,30.231073641514058
3874,335.4055103252636
3875,264.12358716171326
3876,104.93859888075364
3877,-70.26598912284463
3878,171.09049439674519
3879,269.293380021827
3880,6.596892474511503
3881,3.6900743610683686
3882,2.4368205254521396
3883,181.28300404098184
3884,155.5835003874273
3885,6.426143494720521
3886,5.395187941713708
3887,6.199420658563234
3888,2.660024904391778
3889,174.7896704629162
3890,1.5210773106158682
3891,3.333617530898556
3892,183.47868044300333
3893,3.316762733133158
3894,312.55766728551197
3895,-32.15425759034756
3896,27.36673415038105
3897,227.98818064839625
3898,194.26581484247643
3899,1.7136046188162417
3900,75.00453564752364
3901,140.34497520735377
3902,2.8055496086102174
3903,41.978384135995796
3904,58.404582754430294
3905,3.596744219465475
3906,7.776995105511323
3907,226.13091000720806
3908,158.41763209778648
3909,3.3400758814168134
3910,4.018319478222586
3911,239.87263643596907
3912,4.223678094062244
3913,38.467756303042485
3914,266.4492883186752
3915,6.304395572830123
3916,5.764372770397865
3917,3.662314632182898
3918,-34.17577587229936
3919,5.172372465232247
3920,38.1765584987104
3921,61.5746067505771
3922,7.082270483314786
3923,3.225965863759613
3924,343.41693686822646
3925,86.53150551281315
3926,2.188657611456943
3927,245.28985849318494
3928,3.456935574570975
3929,5.25701739125675
3930,6.181442175654634
3931,169.14299098798054
3932,3.8874273953486864
3933,2.5195661339085214
3934,6.506531304052513
3935,225.96713300481642
3936,2.0103401804657395
3937,3.276472705938039
3938,2.9367741442382744
3939,289.397536748669
3940,6.346239284253545
3941,6.351556523115614
3942,5.310455848819941
3943,3.0640525091008386
3944,6.834991081262923
3945,342.4564552444472
3946,227.66609473095204
3947,27.649587675794397
3948,138.52582024349365
3949,5.757132901762024
3950,232.65287460470196
3951,1.8054480232102288
3952,88.09419973111433
3953,142.41571994112442
3954,2.466043025534417
3955,6.264525314607741
3956,155.97122918829254
3957,62.541954393502
3958,75.12120455269182
3959,229.4746656347974
3960,6.017509657003139
3961,6.328784607191005
3962,90.04477470295087
3963,5.8406845867851915
3964,116.06172272906747
3965,6.47310956502709
3966,3.2752359736260495
3967,3.288818125351843
3968,170.98740537736117
3969,54.57467551926654
3970,2.6329938615205304
3971,3.6102111155179486
3972,3.08546094670108
3973,3.4328960051887165
3974,36.191286387125224
3975,55.3792898523434
3976,3.6472055839149227
3977,4.130512208126487
3978,3.724275756405895
3979,127.84857411348919
3980,245.49808574654628
3981,266.8067669718104
3982,5.589751575862998
3983,3.6680405533221765
3984,386.189042795695
3985,230.62930758887796
3986,147.53476763728193
3987,103.12436111953099
3988,3.280526447478708
3989,-4.517015618100832
3990,85.39269811161576
3991,264.93624168518824
3992,5.803962607433938
3993,5.476750732024937
3994,48.380283681767644
3995,121.37792497816359
3996,4.2181993611802655
3997,110.6535936584712
3998,2.5493051080897544
3999,274.4465583874423
4000,5.528459300452032
4001,4.3315959836130125
4002,75.15089999693737
4003,152.75860577255412
4004,2.4408837166986115
4005,310.0813903553421
4006,79.49784941156629
4007,6.6022852942164585
4008,3.5753199128558957
4009,5.77064319500217
4010,212.791943408528
4011,3.6511064435159013
4012,6.358647361374222
4013,248.80984573076213
4014,5.79817009909567
4015,6.048705894934206
4016,76.1359752277344
4017,132.01481252922724
4018,114.5448514347127
4019,1.5626132057945121
4020,1.9479312555106745
4021,122.10963025669685
4022,60.28488392761913
4023,4.0922739220504445
4024,115.4753589236215
4025,76.31587857874146
4026,18.958279722374517
4027,234.55302016356714
4028,96.52446023433474
4029,6.913585170698639
4030,2.427915079894206
4031,98.89025983862312
4032,76.77526618317991
4033,3.420060966887474
4034,232.81020102924307
4035,160.18772408007828
4036,3.9798576606135097
4037,3.902081855050644
4038,6.119243856304018
4039,5.864967216074146
4040,106.54507607709193
4041,323.9761977926112
4042,61.73789298826984
4043,253.21886018620583
4044,4.4221528565371875
4045,33.988627980182315
4046,5.873820073721514
4047,4.0719595559216275
4048,271.26714954041614
4049,117.08540209518708
4050,282.68492152402183
4051,49.08766453599523
4052,2.500085501465142
4053,4.1611615028515185
4054,5.696501826332628
4055,4.392018292658926
4056,256.7200143634446
4057,7.030455637733868
4058,262.2229835144835
4059,69.11481461059698
4060,247.2633839640838
4061,113.97264989179924
4062,3.770199764920759
4063,2.1030846021219416
4064,174.31617698685213
4065,1.9495162941445312
4066,89.52535627464174
4067,161.51402670680343
4068,185.1637153706998
4069,340.17090608610846
4070,2.7814322126690327
4071,2.7370254223759414
4072,1.992923047865399
4073,3.1815150180949163
4074,4.008571762568445
4075,-22.169247975687885
4076,41.6114283451658
4077,4.63027353555319
4078,6.262826668940316
4079,6.962297121843368
4080,263.7611681992898
4081,3.5794312686303336
4082,102.78423160269182
4083,4.055495533616677
4084,19.997412764522725
4085,39.52370246534985
4086,3.247380253074821
4087,4.0625879671637835
4088,4.618543249081053
4089,86.44473704530269
4090,142.29457346208682
4091,4.39028104499265
4092,60.43099703299473
4093,16.179403280074222
4094,4.880567026512339
4095,6.737998957311689
4096,2.4526130441237686
4097,2.667751708664896
4098,2.7631913976727716
4099,-35.09679875317213
4100,28.294038064886067
4101,6.710473752322911
4102,4.457849434404003
4103,61.09306203895352
4104,195.9955834489617
4105,5.574389942573582
4106,119.34382630721358
4107,88.74766019489464
4108,76.41809617961752
4109,237.35379242280874
4110,6.033954488609722
4111,100.97507890029424
4112,72.19407484232254
4113,3.101160473613375
4114,5.424874011721633
4115,79.06027634177336
4116,160.0640785876297
4117,82.40567727132499
4118,267.61081304429484
4119,258.3564114430321
4120,225.98660176039365
4121,80.48263167445742
4122,-17.87143101942391
4123,2.4448557730021485
4124,90.62312892216052
4125,2.2242485110713854
4126,71.68771590197933
4127,6.0023578086237395
4128,1.8980154232897164
4129,6.24213036051631
4130,2.1936354003704217
4131,61.38343610522798
4132,6.174078239669188
4133,5.019638782531474
4134,114.87308896930836
4135,7.266004459927937
4136,144.56783690984517
4137,337.8480496879641
4138,-3.433933683489387
4139,90.24893674615406
4140,59.66524445235607
4141,4.22324239865578
4142,113.2851647818718
4143,305.31914788634987
4144,80.81142836260977
4145,200.9235937017426
4146,71.70828760069514
4147,67.60135730927733
4148,266.1518712974331
4149,45.80043363985961
4150,46.38598968400444
4151,59.1142296756606
4152,141.3289670037186
4153,4.085530824008862
4154,366.29758276758935
4155,169.86873629481678
4156,3.360140751139447
4157,5.155655143482879
4158,3.956978973642471
4159,4.322048777803026
4160,160.41041291360452
4161,179.14620889929014
4162,6.043679806758679
4163,61.17026400355371
4164,169.62039157494607
4165,5.355672865623737
4166,49.01447685687938
4167,109.666414783728
4168,46.49625761262476
4169,2.341949932865003
4170,-2.6828370082893667
4171,82.09129802861804
4172,4.477494768425227
4173,3.6312981311842445
4174,83.37512180627903
4175,137.4841468089494
4176,1.967847532725228
4177,3.7068030257691524
4178,28.914453576837843
4179,137.75315201038566
4180,171.84309094962828
4181,58.08437963536169
4182,49.98870269977467
4183,27.697862603525476
4184,186.76133617593655
4185,287.55510800442505
4186,2.82873958330616
4187,74.53517417171629
4188,4.231568941876738
4189,4.41136310279297
4190,119.04595445633488
4191,2.121370123863509
4192,31.173531498440294
4193,54.277871612871174
4194,5.9200043805509965
4195,4.292708987311339
4196,131.2635390990749
4197,6.439149525462725
4198,3.038141316457556
4199,5.092995551986621
4200,283.0594823806632
4201,259.022180824089
4202,190.8235949865733
4203,5.545600699588609
4204,90.7416929810468
4205,5.124308183713038
4206,7.706926753849352
4207,131.31233045693702
4208,133.75419049287865
4209,234.34398764765214
4210,-64.16514294315999
4211,2.4713745585450497
4212,5.578289623768235
4213,11.915291632151382
4214,7.173520274531185
4215,3.2063235245071176
4216,1.7757611162494638
4217,2.822275791586645
4218,5.9244405817338
4219,45.336734728387135
4220,76.65404670913911
4221,2.2336666925071715
4222,110.03352268817412
4223,2.730437145561241
4224,6.694307965462375
4225,4.953366301011485
4226,271.7772800551389
4227,2.155866358577758
4228,220.52431519545584
4229,126.40276265122414
4230,3.087159053961715
4231,1.7652390185968663
4232,57.19248914583428
4233,3.1788136509902762
4234,-1.7309412059044724
4235,71.31594468730798
4236,248.58200072467505
4237,161.57010613376244
4238,2.847703740600069
4239,43.75239178920248
4240,4.936766243871522
4241,43.01873667133566
4242,214.49483912552833
4243,-63.36065042811503
4244,337.53477792202426
4245,5.171529248100317
4246,1.9859863326474219
4247,3.8507205622296112
4248,4.06192009692484
4249,-54.3115707885871
4250,2.2968881179441607
4251,288.3288366256109
4252,6.415480019183659
4253,6.196587012148228
4254,5.173672850341842
4255,-58.53445687852352
4256,-1.8888796128284808
4257,99.37055352773643
4258,2.401968255531477
4259,1.5886839886311979
4260,84.73726286106198
4261,2.3164138542566133
4262,277.1632645977289
4263,101.38008935822718
4264,2.626209819280723
4265,38.83748779513551
4266,4.290344130174089
4267,5.993435362787949
4268,5.8943909957508565
4269,160.34117111268833
4270,197.46987635930302
4271,147.30352703265882
4272,4.90623075029289
4273,8.209071547803058
4274,72.0384515831811
4275,6.556744364562995
4276,300.6264418284017
4277,235.60278516902807
4278,379.34345132084655
4279,322.9810973840965
4280,94.24287673601225
4281,58.31483697331117
4282,18.780771794707434
4283,6.5099311893603735
4284,4.592541521919627
4285,116.73646609573514
4286,286.7957748865203
4287,1.7514900192761778
4288,164.72071642902043
4289,223.23749402524473
4290,173.39783083369886
4291,3.0113879581095837
4292,5.155035812950464
4293,-10.321100513788794
4294,-55.808763128988886
4295,1.041734411952033
4296,5.580619349431103
4297,6.795783284807823
4298,5.7253120554481045
4299,66.89141709291641
4300,44.06943136600989
4301,-13.361065135108158
4302,116.99436519877013
4303,2.2168697691036976
4304,-47.56114506384453
4305,3.9275982879817537
4306,283.9874690510837
4307,2.9497463927303684
4308,24.286818990000302
4309,4.7012623182729785
4310,2.9584790727834283
4311,9.006917745145886
4312,260.00333418920184
4313,3.3283711305225423
4314,2.8005363937602428
4315,227.28739201358349
4316,1.5380175169251984
4317,188.12666248045946
4318,6.018285966508234
4319,50.836729224487726
4320,119.44954081750821
4321,4.920654898470825
4322,298.949598635203
4323,80.12824871429375
4324,3.4389684076597127
4325,6.581235285836783
4326,3.8008150642476792
4327,115.8762644777813
4328,145.04773638907847
4329,207.16004015748055
4330,36.684454294147194
4331,2.9708241491229566
4332,2.352869438339207
4333,257.67861429247154
4334,3.6352466716930887
4335,3.440419114206904
4336,2.1265185897662584
4337,5.971656288387397
4338,10.969974459793221
4339,5.061320290511005
4340,-11.604920002492436
4341,70.41276550675502
4342,205.63526774442892
4343,169.27845263751766
4344,137.36601672518498
4345,5.90161147477087
4346,4.807220258921341
4347,252.58509354284175
4348,5.645172758637308
4349,147.38661796437523
4350,-27.7549073096102
4351,129.63179856759038
4352,177.6694581185308
4353,4.989719899392235
4354,135.54075606498805
4355,145.07517604632733
4356,1.8820055383988679
4357,5.125426528477384
4358,300.2862455527074
4359,210.38452213346974
4360,3.2347951841697586
4361,22.57224227260896
4362,0.43566029900679154
4363,3.6497706277173427
4364,4.866181810017495
4365,1.625876134549965
4366,3.3476142207627313
4367,242.95611379934803
4368,-23.89729400587672
4369,77.92194300025102
4370,6.354892478842177
4371,196.50381593866572
4372,77.82225832450342
4373,319.7800799468667
4374,6.478844845234678
4375,229.06012955324601
4376,276.125089316882
4377,5.282192171260405
4378,5.886120169863787
4379,174.26195378135492
4380,3.0822571134498227
4381,2.22949185998546
4382,6.643637236790909
4383,30.44522439084814
4384,5.612303132841209
4385,211.5788350702068
4386,25.6259049913497
4387,308.1119958597724
4388,77.57452642147209
4389,6.615384200500356
4390,3.954302184607023
4391,3.5955816805183027
4392,2.5792366404235425
4393,130.67602440640107
4394,99.29063714742722
4395,3.079582345815343
4396,-6.7100561585437255
4397,2.5258746385155013
4398,6.197126853745203
4399,2.834558398113259
4400,235.51546538506264
4401,6.793652219810201
4402,228.33250890022396
4403,281.23469113232005
4404,259.5911158109021
4405,354.4532738011567
4406,29.624858291802315
4407,79.05787167061489
4408,6.481743343427101
4409,104.28237432600257
4410,-90.23721303546306
4411,2.571080375119206
4412,267.75818001731085
4413,216.47829024365956
4414,3.769584498895876
4415,191.37445248288034
4416,61.38365839572402
4417,2.738456271519238
4418,218.51031395349852
4419,262.24435832515303
4420,332.34304824036616
4421,349.5309489937929
4422,7.179407223382442
4423,2.534550324066454
4424,46.67747860593203
4425,180.9535191391781
4426,5.471965565213668
4427,216.10781930648173
4428,6.085136568029313
4429,4.87652033875331
4430,5.253360885298367
4431,181.636179749239
4432,3.875240348629933
4433,3.747720250488326
4434,126.19559279610355
4435,5.758958450479305
4436,6.036176845779555
4437,1.7678473850881946
4438,100.3191920655836
4439,7.0669895207137765
4440,258.92566906072125
4441,2.2435764502670064
4442,246.32463364133915
4443,6.296750506634557
4444,270.70722354930405
4445,3.7774894430343586
4446,3.7632224575346935
4447,95.09861875741394
4448,4.994297404863132
4449,-10.880355983020662
4450,108.7181738238417
4451,109.91050933595704
4452,281.90218041468
4453,255.49020549082934
4454,5.04750484766259
4455,5.521376435099799
4456,198.04633278436242
4457,4.109081203425202
4458,7.012396485084615
4459,85.97181120891302
4460,0.6094658885215454
4461,77.02055149659753
4462,167.07538289090022
4463,44.31216420046203
4464,3.9221113287639575
4465,106.53234265476128
4466,4.620929286320448
4467,-11.476770381401423
4468,1.7811567389577563
4469,2.4272693608308025
4470,4.913160325899972
4471,2.474883521644976
4472,218.3033912437692
4473,3.7860153309424263
4474,244.1597658101276
4475,4.230974667956837
4476,85.88168543761275
4477,5.8084513790152075
4478,4.268072713781102
4479,117.01378371566265
4480,280.28590157300914
4481,3.847133372432149
4482,209.08923878970313
4483,60.12488845211428
4484,308.93111174451974
4485,211.86308008380914
4486,2.1955496450298404
4487,102.98758447293669
4488,61.72237813019641
4489,-24.13623091843489
4490,96.30875711897549
4491,5.55348494575847
4492,269.3751136144527
4493,302.2222502181241
4494,22.399273751739894
4495,2.609703316464727
4496,106.19465390635956
4497,6.775902848479709
4498,210.47615653869983
4499,311.130931841029
4500,139.56562604887617
4501,6.048855962660697
4502,5.935127318682443
4503,151.63988131417364
4504,14.28614477130242
4505,78.58654322869857
4506,2.630766839798502
4507,1.9917010776817181
4508,155.73754935730724
4509,51.2803176339977
4510,2.1756841932943196
4511,239.1324519324494
4512,64.61557593454877
4513,91.10929263444551
4514,3.01746942945435
4515,3.0379718810812384
4516,3.4261219847784035
4517,4.894700659980226
4518,26.480080132971796
4519,119.94450505359804
4520,54.471242468806786
4521,2.8326479311363086
4522,81.51035255096066
4523,6.768712353388541
4524,242.5217078648719
4525,16.213433770297872
4526,2.2528982968513867
4527,114.17671007735466
4528,136.0682973982352
4529,116.39215071978047
4530,181.93747709108092
4531,3.84113395644694
4532,4.393292079240033
4533,4.456672975531844
4534,63.32238683041168
4535,6.23197778165935
4536,2.4394117604283667
4537,1.8107888361099314
4538,6.261831225665269
4539,313.330752283356
4540,163.65186315761537
4541,3.580496263993293
4542,2.735897852964793
4543,205.9044623420585
4544,35.17337429538973
4545,5.284593170498191
4546,34.6281584915864
4547,5.761705287046712
4548,173.8263860509844
4549,4.49468564776188
4550,239.73374271959406
4551,30.43093184503901
4552,98.81635052928402
4553,121.98585254148482
4554,4.701966435748419
4555,185.16635456500015
4556,278.7381766013946
4557,4.96106437007932
4558,4.420489134061222
4559,69.19894440289751
4560,7.16993330149977
4561,5.295678298082902
4562,190.30339748275264
4563,44.02748994956238
4564,247.28561551377837
4565,55.011777552257286
4566,214.41281704298135
4567,269.9378378456855
4568,139.05709640685902
4569,4.830823058294688
4570,186.99285984589565
4571,269.04818621457724
4572,5.370052597504066
4573,2.994283198454774
4574,2.0135320085664055
4575,5.816193285732699
4576,154.99154949101103
4577,235.68571579353355
4578,78.68666616210098
4579,26.33138758419028
4580,0.8838423205207461
4581,372.7273623649158
4582,55.95299063856205
4583,1.3003031061574075
4584,290.57912752854884
4585,39.32802094427337
4586,6.360030470330485
4587,3.272226042492696
4588,1.8728307669778796
4589,3.8560632070977245
4590,3.322335343539573
4591,63.64813356054683
4592,5.287848251277538
4593,118.51205722708289
4594,-23.162514285712685
4595,2.396834915955416
4596,72.67702419856022
4597,153.11323233440672
4598,4.391271054156057
4599,-38.00499134561084
4600,70.20809866247701
4601,7.031118888850133
4602,5.410098854620606
4603,5.503045379151533
4604,79.08548759195376
4605,1.922358598624103
4606,117.32633465939671
4607,44.80055115493058
4608,4.486697409738379
4609,214.7556655793102
4610,126.93542821237128
4611,104.76993587450194
4612,3.3177895722911948
4613,-62.36874395442303
4614,70.90814369491544
4615,-33.91821316755851
4616,4.485121476392494
4617,4.996977531940446
4618,3.8821862306929353
4619,6.146889544818243
4620,6.640752824865359
4621,100.41841084260436
4622,4.12243934661437
4623,6.3480624343369705
4624,1.362517891015754
4625,85.3279456135428
4626,51.01402295590734
4627,5.158980152541271
4628,5.968372480728969
4629,78.95593355949636
4630,5.832905378842793
4631,2.9647836862280563
4632,6.690204191178111
4633,243.7852896395775
4634,5.746550175613026
4635,5.843223721708178
4636,98.22340442194053
4637,7.073806240105455
4638,392.79636039742536
4639,281.4791646756593
4640,2.291629338063428
4641,200.99930144703885
4642,158.88634983014174
4643,51.906245673452325
4644,31.186411529110046
4645,5.87269223330308
4646,44.02109972592896
4647,36.38691505845913
4648,169.7678799925844
4649,110.28873072474578
4650,138.98477303274453
4651,59.82139169425799
4652,4.831978400104359
4653,257.0285828272777
4654,0.6805258152626118
4655,5.4817846518682956
4656,3.144521650661339
4657,3.1074096152802806
4658,6.613409824715892
4659,54.70286754957598
4660,2.1541405637462656
4661,2.505169494523131
4662,4.022919148541704
4663,114.71239574731796
4664,5.927969798834539
4665,184.53039158390447
4666,242.57458464973797
4667,1.802568981478738
4668,105.79825619642564
4669,267.7694860056378
4670,30.276764179955475
4671,2.0748394366203513
4672,1.0489443199284583
4673,74.01980249095926
4674,276.6852663332848
4675,1.769565246167099
4676,122.83865618298576
4677,47.1464043478448
4678,5.4860485803827785
4679,93.66955642713181
4680,4.4188490465189085
4681,1.9326035132453578
4682,187.25567755398916
4683,165.32667604266996
4684,111.57810701659135
4685,253.30988596313773
4686,3.5869821784830314
4687,228.66930835893857
4688,332.08882939287577
4689,121.43870346761214
4690,6.030996329612172
4691,6.784663891436826
4692,4.523432541795939
4693,86.92590733551144
4694,4.597377261828858
4695,375.7899164057059
4696,4.63450047149751
4697,2.562487774613092
4698,4.495608774451232
4699,3.4396715715797086
4700,94.50821968203411
4701,5.709788014237208
4702,1.9315473722084269
4703,3.5778931461627352
4704,4.9164380687392315
4705,280.8582548371124
4706,3.409730868481058
4707,4.927563856423656
4708,3.0813321251543133
4709,83.02878515403722
4710,161.86125165013462
4711,6.330694518707898
4712,227.21457822597685
4713,3.8219592756052605
4714,5.621715849094586
4715,76.77249139350288
4716,28.886907862199724
4717,7.0508407535319835
4718,5.839922656815084
4719,187.2510347385979
4720,164.52347354685898
4721,6.112685509946573
4722,3.8496436856336214
4723,6.596960910292679
4724,69.00208379241462
4725,157.41216118495367
4726,3.398299714321103
4727,300.61402689693597
4728,235.0425346718349
4729,3.9587081701311564
4730,178.964371200322
4731,87.29657188511358
4732,-16.80708287846589
4733,5.653742000941388
4734,6.388910483688524
4735,5.521607952726266
4736,2.8939325795568336
4737,54.825559090189905
4738,-17.399859171512933
4739,153.30466719384142
4740,295.25991595325195
4741,4.9441322257790175
4742,102.43041818128746
4743,5.786174809534706
4744,248.3322396767911
4745,60.034630065180096
4746,3.89188123250598
4747,2.8998369438385
4748,3.028923745097638
4749,5.726098068838522
4750,5.855401349916228
4751,4.183983832355224
4752,100.85068149050198
4753,144.89331164404928
4754,150.3436042594753
4755,4.181724197976523
4756,1.9966493049345768
4757,3.427788718022754
4758,72.3214578525084
4759,107.09365709478129
4760,4.639513141520858
4761,3.1376675376767693
4762,172.48746721212572
4763,218.083861810321
4764,2.542667220491375
4765,343.5603045032228
4766,27.76401872773531
4767,72.20977361132783
4768,26.699860456027125
4769,-34.204870337632286
4770,33.97498142195753
4771,34.649169245745405
4772,4.257549408791839
4773,4.153525469894957
4774,139.31947132801096
4775,2.2203605782003177
4776,2.6410930559847707
4777,162.39648159605727
4778,5.363241341895958
4779,25.793779663382946
4780,2.1283499491907434
4781,56.174074567341584
4782,4.506973319267858
4783,3.9980550917436233
4784,2.728358979635539
4785,49.04846022798929
4786,70.44287308775735
4787,5.996456130298633
4788,4.024115095059629
4789,3.3919005328761638
4790,128.32313559574837
4791,198.8678966933437
4792,4.525693261245252
4793,164.27711997978955
4794,59.75330458757109
4795,232.10266466979547
4796,3.239115942487986
4797,156.05450738290332
4798,5.901202549747905
4799,4.1165822480711345
4800,352.0929776923111
4801,3.5128517473999477
4802,4.826901380065819
4803,257.1974478188284
4804,1.7825976107915877
4805,255.95064715625549
4806,4.458646448023425
4807,3.1827818022360455
4808,63.02927015493324
4809,78.75683531460949
4810,1.6777874461300704
4811,2.0479466426358997
4812,5.069667936475102
4813,267.1326733553605
4814,244.55609769981405
4815,2.692475942607435
4816,2.502717483857904
4817,5.782260653047159
4818,1.6860592227439761
4819,82.15188379912557
4820,2.3792350591462106
4821,190.49182502107124
4822,104.30300746701128
4823,4.789396898903473
4824,3.2031060230083326
4825,260.85520230232754
4826,4.531373808844655
4827,5.954319715130869
4828,217.82056561488594
4829,133.9315085462429
4830,88.68533254703607
4831,191.1663537483995
4832,7.010899174678418
4833,3.7526721780806453
4834,120.09290007340142
4835,3.6585263634797074
4836,6.4442931217421835
4837,207.3222140482626
4838,38.94776834386776
4839,311.68169606414784
4840,3.3588158169052726
4841,135.5253123163716
4842,24.472921673162872
4843,2.3290011969639877
4844,4.082871185411465
4845,4.712001525606112
4846,7.088296719779046
4847,3.7581132806599165
4848,2.247739944781378
4849,4.87107043763982
4850,6.78700062573193
4851,5.768265576867347
4852,108.09162755101863
4853,287.0264088446874
4854,2.5450255800361226
4855,3.3396232147224674
4856,182.82497412145312
4857,245.41954179215475
4858,287.6522773526108
4859,132.26842033920914
4860,243.41613437280068
4861,-3.605187868764323
4862,110.0521906180528
4863,7.214232216017311
4864,5.757065307284094
4865,1.9431145892869701
4866,1.1223293045169338
4867,3.3288548415861343
4868,67.92622895407892
4869,0.851638961501688
4870,126.25021729602668
4871,6.653716736203443
4872,2.2298707051553297
4873,306.93262339577996
4874,8.568655476112554
4875,3.4530251965041505
4876,220.08356022372627
4877,6.347143549441273
4878,90.13647281774873
4879,80.54852979955746
4880,5.711739256831362
4881,6.005784944126446
4882,45.767790621993505
4883,1.8121358972366437
4884,134.384585645584
4885,-66.6425963476017
4886,247.16467166695043
4887,4.726008221756957
4888,291.93633116537586
4889,37.82425550296846
4890,230.55626669651284
4891,126.95926093530228
4892,1.8014504127693745
4893,5.842643330558164
4894,102.6572546399073
4895,6.641808149347779
4896,5.836688120608539
4897,6.624990395082023
4898,-3.277609479442223
4899,209.57275997675413
4900,2.786653896436311
4901,257.007907929046
4902,4.157686419640988
4903,134.01372056821563
4904,384.7259188744841
4905,87.4448266256904
4906,153.45411326210004
4907,187.40368016222183
4908,4.470597507294827
4909,138.85374184329572
4910,162.26789925631465
4911,98.33765176416352
4912,5.311192819772206
4913,233.5814279986586
4914,191.12517053183396
4915,3.5479431987575034
4916,4.8403193356836995
4917,6.222560504653685
4918,2.8816198521762417
4919,78.86811883856909
4920,1.9492763234353319
4921,-7.334932285500147
4922,175.77359541274885
4923,223.29293531910938
4924,5.876096189183516
4925,2.536284742241451
4926,1.4581007008865463
4927,5.662630022204767
4928,3.1750409866632303
4929,88.13811729082727
4930,88.77451158124639
4931,-27.032246512538066
4932,5.720951686873955
4933,229.00742922030796
4934,-57.29787864651927
4935,55.98619224740046
4936,253.25187087574875
4937,38.7727065038619
4938,77.5777291316587
4939,56.29562322777759
4940,3.7752623448929494
