id,target
1,4.140857060272519
2,2.581912946530951
3,313.3369449924367
4,-45.83860837124149
5,4.8289505469388585
6,6.580197946996062
7,5.044858977244881
8,70.04232427559124
9,73.61326880551395
10,32.46142464679238
11,29.674917105542654
12,-1.501571574425719
13,252.52649777021773
14,189.8483153826705
15,4.02530847195487
16,290.4025582755794
17,2.618953976851453
18,94.8502528076746
19,3.5692281808679547
20,6.502757086622007
21,-64.1580485030459
22,70.58256181205326
23,3.7846891676655976
24,2.9267279959329424
25,41.20519217808883
26,83.17146035432069
27,1.1730183299626435
28,164.8094039638473
29,45.75532294420833
30,3.6718391323375066
31,5.6033864905869555
32,29.178043455865936
33,52.56507892932146
34,3.9118766590752374
35,2.5688921543325383
36,5.96745002389063
37,273.9496873946027
38,240.00188808332933
39,51.85969690819136
40,114.23506184609535
41,-46.68306085165166
42,3.2266483294573782
43,5.70026255198846
44,4.806186397100015
45,138.56235626347691
46,65.30963440754984
47,2.5441738061201704
48,-76.99921735470708
49,3.930332373930419
50,1.7714295094836179
51,280.98765131603204
52,3.254778665648487
53,3.088793585738293
54,72.12287744344967
55,2.8566995896402143
56,4.231751852520589
57,5.603669775911612
58,162.22128748348658
59,248.19965557869418
60,6.663862502950346
61,2.2771466269853398
62,246.33459631891
63,6.682799309957178
64,2.9458144293157593
65,2.550712661157462
66,4.5668484820631505
67,4.827781192232535
68,234.36215170404228
69,149.55227160663108
70,1.7468945137029364
71,2.522346192564166
72,2.280765887513242
73,28.322134005450526
74,265.69314682908043
75,191.17600118367596
76,6.225782444915718
77,5.840872987452898
78,148.2106311607943
79,256.97586163403787
80,3.591095920761075
81,38.40774955400556
82,4.359758639401759
83,191.09443464206078
84,38.52713809937175
85,28.46844786398646
86,2.4349629954613925
87,78.410991094823
88,191.61672754153372
89,6.024482980734773
90,5.584249015576259
91,52.24480317815896
92,8.547438932259718
93,18.25093624968632
94,5.345025561877402
95,3.855873798252896
96,2.582030768551919
97,7.347175996934982
98,220.1804230931511
99,82.88616333113906
100,266.38632601930846
101,5.225908073669513
102,261.1170024314153
103,3.5278024348485424
104,6.721822351940167
105,145.48372319536185
106,46.76518486248479
107,274.57502192411334
108,2.3037829538921986
109,177.21495782320736
110,3.105996543105672
111,46.58569608052814
112,2.2056720498177818
113,200.32423041425994
114,5.874977901241297
115,5.2852064346632375
116,388.4793989345032
117,228.20152501631452
118,135.76689947418333
119,229.43398701630366
120,302.86795275400004
121,168.47678931929954
122,3.8103769751620558
123,109.58670062985684
124,256.3504603832267
125,130.53243820437527
126,6.5086626041441695
127,136.1297302995814
128,3.1878238013869074
129,244.38595519214903
130,80.44594184667729
131,83.55944125153451
132,18.276286277417935
133,-80.92864254799117
134,276.62494496540313
135,6.062701535349595
136,2.2435623184327134
137,143.40633741526517
138,5.847552506691836
139,209.1358446016001
140,284.6092056357869
141,77.19545494724773
142,19.52703938364584
143,58.78752259433576
144,20.214318481903224
145,6.4270561104670305
146,131.8719787403902
147,213.89871984819422
148,2.1071237257338153
149,168.05373358319233
150,86.30311149764447
151,277.0410096146582
152,262.8331646686352
153,169.61006301127995
154,47.41636506057859
155,4.231987573540089
156,230.9666440339029
157,131.67667384520985
158,118.0949443594219
159,119.21982633771427
160,6.387312559311296
161,55.58314105325272
162,4.541391924977431
163,233.99962518428376
164,2.9863579390621253
165,115.55515639280459
166,219.65682651363528
167,311.1559553947671
168,6.916661279888189
169,2.0296117575208115
170,251.68622619397132
171,3.117425838588925
172,4.3375900707782575
173,-19.030772032108523
174,4.027225075262695
175,5.647010872577685
176,137.61138867199853
177,70.28760209111923
178,321.98084209184367
179,150.59863576767353
180,228.1163338608421
181,6.698238788695086
182,2.5433523276597736
183,310.98524972652956
184,7.837911416992359
185,1.6209297739482131
186,3.9461631630399445
187,2.9848754221977205
188,4.179317959671335
189,92.07056825270674
190,4.293456562979961
191,2.1867778280673544
192,40.79089117142572
193,3.1351472010156933
194,360.76204557906
195,79.94926391058264
196,273.7464843550143
197,168.47121650632144
198,231.66836048476952
199,97.58384530273156
200,2.477008110841063
201,3.274049586722369
202,81.79196503151857
203,54.622821399437655
204,4.314780177727246
205,254.73613338826868
206,78.82429109695885
207,189.328580052921
208,136.8774112476697
209,66.70204492521616
210,170.19312986544293
211,47.179539951997135
212,106.29536455477128
213,237.0355234777841
214,68.88112238874248
215,20.684008941364848
216,133.69373347825407
217,94.2906125216295
218,193.67132924146867
219,218.4646878664134
220,5.677472057803438
221,182.50202956899633
222,167.63623342371943
223,3.0336741027262324
224,182.0016824300914
225,258.1191688431172
226,197.5934104621762
227,51.260843242065356
228,254.1837940515079
229,227.3656400778677
230,1.2734954367973432
231,218.70416062229563
232,53.11708163457929
233,58.81612777143913
234,226.9628747380872
235,122.20103488901172
236,2.256681431519263
237,6.301944259526832
238,44.39380959414234
239,6.209781256248617
240,174.45814581626138
241,312.9729437671591
242,255.44522561575155
243,3.6738606174365183
244,3.9185359796531776
245,55.227297247091855
246,107.81965463101152
247,131.46167804179336
248,5.949784022380493
249,5.719277253599589
250,62.183929063270035
251,59.78643483564257
252,216.72678798914768
253,8.054814126937295
254,178.2113067363257
255,-54.96595970036455
256,5.391646729733318
257,2.0607276850805443
258,83.00614213841077
259,272.17697582727413
260,2.2235048602592458
261,5.930448947467178
262,6.2918935309641535
263,-43.359121426892465
264,3.7339353813624268
265,3.64290225369169
266,2.2576159711545305
267,2.894781215248328
268,1.4771900422433326
269,195.75144543049814
270,3.0566750287837445
271,151.50261245228458
272,157.01546458444943
273,4.739691120081545
274,4.53754761381665
275,336.7225872406788
276,188.15630429677736
277,209.48430869269265
278,-57.65822062105424
279,3.711579335243492
280,183.73795045121435
281,5.292934552599531
282,160.82722888371023
283,231.94593795154935
284,120.4250723859524
285,249.0475923908484
286,140.83414999804774
287,235.9066731693034
288,6.357316589382155
289,133.98076285027193
290,4.656226107972222
291,81.98046801205697
292,3.7992602481167057
293,77.3467767079187
294,99.79036094009463
295,4.652342201219127
296,127.22865096682156
297,44.5558249601275
298,-51.67365583559955
299,214.97923443355535
300,5.849266554523221
301,4.051481576868782
302,5.079929535523595
303,4.7594784817619145
304,4.088141218594934
305,4.9837774904513585
306,202.24465681588683
307,2.8560220429696344
308,3.2480599933965966
309,118.26098090935089
310,2.378595883945393
311,2.3490675333942588
312,3.4581857320341247
313,153.05437136513754
314,4.085043380690503
315,0.6871801254460242
316,3.892634185500474
317,4.227112533119131
318,3.779960800145531
319,77.83549774016245
320,1.813261878263466
321,6.315938095160657
322,2.6758651268143363
323,1.889024248877136
324,2.6929530587973023
325,3.658425865692836
326,5.000153235327223
327,46.22112422033471
328,4.133229690652093
329,139.48219812555737
330,56.9507246491278
331,-3.979553521421051
332,5.6712440689355805
333,3.3107003636467645
334,6.765265980341905
335,144.92606910268546
336,4.121514616285303
337,2.3810938779497586
338,123.48092781037673
339,43.788225494167776
340,298.0813584592675
341,107.96330758632051
342,73.02774730408441
343,3.553207399196641
344,2.554443941782864
345,130.47996741684486
346,2.966623058398926
347,5.21853265237711
348,30.699331453914937
349,-47.47370724639616
350,127.20360194387717
351,242.25586182507814
352,22.87019466599832
353,1.3251121555736898
354,5.894061956162285
355,290.84366359694366
356,219.87421636515018
357,3.0197012611803986
358,-5.796102939299563
359,4.224172665383684
360,150.72793586389477
361,4.096369259068529
362,6.181443383531686
363,20.933730215842637
364,4.535634197364608
365,5.304310768149377
366,62.657638732751224
367,4.420242833966273
368,249.72862344287228
369,5.0713703851498515
370,-41.37423961813031
371,263.58832623737624
372,47.52088699427111
373,135.60515485839824
374,9.031117533771763
375,100.25150304889156
376,3.117786976769367
377,2.6936559029955673
378,4.1058560003785205
379,3.677937950104955
380,0.8670043779165306
381,5.925875518483283
382,6.007268394910631
383,150.6774786178466
384,1.7489514797834633
385,3.935422061662537
386,266.86613645845927
387,2.5275743913193973
388,4.192268864140526
389,52.666216041984775
390,5.374357838522929
391,173.00510144638892
392,6.583654102711073
393,3.8618540702505735
394,325.2480825020698
395,177.86222322130573
396,3.0507429142302933
397,1.7731458087873933
398,6.156659377400282
399,222.99511974742532
400,265.9456028987929
401,1.6605250823675992
402,6.3422428822060395
403,5.924034913794703
404,5.941173166810492
405,22.543332101355116
406,7.122630292209443
407,-69.59499692082562
408,4.1351091154105655
409,2.5529523480395033
410,3.4620309605282054
411,2.775379141688964
412,1.3774073031888636
413,345.90418308150646
414,5.837942967550185
415,53.02195700845292
416,3.4407208498756368
417,6.753755272807275
418,6.09612036450858
419,5.463410282125355
420,4.419766491455655
421,160.27182586317207
422,148.4295900187956
423,174.42064809375137
424,166.62729167843233
425,5.848885756076027
426,251.73636434632053
427,3.2674974228709104
428,208.45542756152363
429,2.8191831318784093
430,4.073308460017272
431,258.9358928317223
432,134.8793939631519
433,12.57327393237457
434,5.892632828046435
435,52.18204489035159
436,260.0454845957838
437,225.1958231866799
438,167.8399348504474
439,5.894911210995631
440,272.0269576654184
441,209.81126507248544
442,115.42495433351961
443,329.44290480370915
444,5.583968883181356
445,6.415494799095607
446,66.66170273258534
447,1.4316906034642025
448,6.201049439050837
449,314.5274455326406
450,264.5833226166497
451,171.85568454262784
452,233.11259003512075
453,1.9007357023075127
454,3.872308501441424
455,139.27909450268132
456,2.9660782292638137
457,4.83400407331658
458,254.25696297961633
459,76.91451379514619
460,31.880751151696245
461,108.41199147444996
462,6.037511742491104
463,187.30528643089855
464,5.306683222023727
465,117.8865362317651
466,60.5743424006264
467,2.0483628704681536
468,5.052340973017537
469,47.445200468310425
470,40.00893643595093
471,1.7928236132504909
472,1.8781914484149251
473,50.10769873018474
474,5.91872895232457
475,96.13359214512212
476,6.554012254894132
477,2.157448850877834
478,4.64554029920535
479,209.62815812780462
480,4.456371402917444
481,6.319537040553869
482,212.65260916412717
483,1.7245015424119448
484,214.00587429284843
485,118.26176838190771
486,4.596927185023574
487,2.422039266218607
488,217.95665498923876
489,2.48165076895573
490,5.0379169138738895
491,6.52732274752971
492,3.7882111786949464
493,3.888858218361476
494,231.86596876113265
495,5.945049458951955
496,107.6432468182359
497,6.238087007418085
498,6.049612922937505
499,5.464309686720731
500,3.853833677708603
501,2.9466046050131562
502,313.397922838311
503,94.45122855905107
504,28.052767937709287
505,2.0648130510308205
506,6.510918814464581
507,338.663885063271
508,59.4845153631365
509,245.18438775646422
510,4.004198136540621
511,107.69237662642345
512,234.93554257937078
513,200.48304225381793
514,334.60295057646726
515,291.14977696189624
516,224.10419251890102
517,271.66429009961104
518,7.069860990402846
519,42.11095201451013
520,300.171846563621
521,1.5963237584842132
522,3.954932278938274
523,212.65260916412717
524,4.026082571931552
525,176.82338996373224
526,5.563010516562795
527,4.779146885266855
528,3.4046732163056275
529,6.383605731339415
530,264.682556510832
531,79.58097022079848
532,3.399740019377592
533,145.32065649286747
534,4.274309393996287
535,7.0535008568120094
536,5.8971144223702465
537,1.6507174778495075
538,4.774121565830257
539,279.49622170247545
540,265.2289552197513
541,248.70483889641608
542,68.99235058748397
543,67.27680921972603
544,5.330543870139409
545,3.9601583073544875
546,3.5299739436670903
547,2.089062049041601
548,322.8117975263977
549,5.634725580629529
550,246.02677009022744
551,5.850738297507265
552,112.22676418900986
553,4.245076826976942
554,79.06796446031086
555,106.96473828713066
556,236.7549565440331
557,192.93876242760882
558,5.398497746904616
559,5.194502887778426
560,167.00984560832683
561,113.14379975494627
562,134.06384388205757
563,3.145964593840585
564,28.364715657085092
565,169.60288465494446
566,2.9444934066658623
567,48.68971273118584
568,106.49020862507672
569,294.9842778404695
570,3.6661207669954003
571,209.4398034264547
572,3.2005536362449156
573,86.84271627964559
574,105.78097805561877
575,7.552293874471825
576,1.8954047958165001
577,2.9684973068623464
578,202.8047521753356
579,19.195799850851195
580,297.5009057760984
581,58.932682587461954
582,61.14345777425477
583,5.810630430317746
584,3.136604535152237
585,150.4513712998332
586,5.636026486626955
587,208.7048158954461
588,3.1577273577477225
589,203.42108024840985
590,276.90726140860886
591,148.25398674120635
592,7.038582810385792
593,259.716209789798
594,274.2526566378966
595,29.06576384272935
596,5.339802630185149
597,142.50100429224082
598,2.9001941195368253
599,71.50249637447254
600,167.52772212300488
601,118.83514954394583
602,29.363899299048807
603,2.104030675744091
604,245.45215911960116
605,2.6163873266809095
606,2.412637974401248
607,6.54983882228465
608,45.55681686509717
609,270.78068592296637
610,43.0050781263224
611,69.84090905761663
612,13.448412059219983
613,39.60161947778121
614,50.59052955019356
615,1.8953355551554678
616,151.65800837870012
617,-61.92692320482626
618,234.19876966162659
619,4.723368860072779
620,5.649353077681973
621,170.82567320083157
622,102.93820495800828
623,143.49016314792252
624,226.63105558309238
625,2.489725993948488
626,1.7858160593115566
627,73.97686640716155
628,4.128366350447339
629,234.0321696240304
630,4.510597477172506
631,2.1365894734747717
632,174.65987096416646
633,125.54119992158098
634,228.114535265753
635,2.5695914501188306
636,125.3636843735661
637,93.60983264804428
638,6.845105743291038
639,16.629594581906
640,108.80979781168428
641,6.761303962716125
642,3.076134315820199
643,285.98610597003704
644,3.2749609213128834
645,103.1138088665832
646,79.32765957078085
647,175.76163002235253
648,230.91567059736403
649,365.97712629470976
650,314.69093437472765
651,139.92043589231426
652,39.026305833613776
653,3.180798942535457
654,179.52126199935321
655,-22.842938785400275
656,202.5916898780943
657,153.9977405376492
658,301.87370110775237
659,1.8720067429380738
660,121.66121106123278
661,3.958869209618192
662,162.01737612372258
663,3.515772501875172
664,-20.70023522213545
665,100.60213635982406
666,134.77811876150946
667,236.70260151914874
668,328.14908694957484
669,79.50644614881945
670,207.08473029488118
671,106.28612217663948
672,90.14903955557152
673,4.544123269226935
674,5.580012187047264
675,5.666779934344491
676,5.512622560440035
677,35.67888171307631
678,178.26685097595498
679,4.865243691252559
680,3.236690257342248
681,1.9282142113250114
682,102.46172614210569
683,6.021993787617993
684,180.90372706395777
685,214.43097707671515
686,5.845354772288408
687,368.52788302372636
688,107.43520089628203
689,103.63541465080772
690,302.4369763318267
691,3.497755369189575
692,89.71722837885446
693,5.008194732722727
694,6.897585341503347
695,17.335535781407273
696,301.4511322197525
697,1.0882741139802252
698,241.19197624749663
699,1.5527812611127025
700,227.17983035768998
701,3.7336176157903247
702,4.905707583148486
703,52.180367587307735
704,71.79464222795123
705,145.62023520881928
706,199.421522243787
707,162.15090053267625
708,50.21816443636978
709,99.72170151693193
710,211.38367258563937
711,231.17192809899177
712,6.399899636922574
713,12.586239581881369
714,6.530829518934012
715,240.7909879123902
716,2.81899011029165
717,95.92695202974011
718,359.18744624167635
719,190.75217329870432
720,4.233077066860056
721,163.3721758300368
722,2.1629841022197906
723,6.270642772893701
724,2.041027270553042
725,2.2590011347047585
726,114.22617073157573
727,243.11994838995267
728,65.42958277045963
729,70.00917708500633
730,41.08140191165146
731,285.9642620361144
732,4.140780152670528
733,6.299811102355191
734,20.60030729039008
735,236.42694888836476
736,25.918073640402703
737,60.36804033826216
738,128.71745061055137
739,304.45136859745264
740,136.5653739069815
741,3.708402054197523
742,277.5848413461359
743,130.5638987293578
744,1.7411159956224351
745,275.38507382687226
746,157.78628515104873
747,3.995271489140795
748,75.67907047510806
749,71.70028358999787
750,195.70346053262588
751,45.635365412697354
752,255.6157985276128
753,2.0726295690529666
754,235.61885202834222
755,6.176063229608547
756,5.901583011892785
757,225.16776478358221
758,1.6157990410059988
759,55.34248467962821
760,1.5616086526407575
761,196.47860166314842
762,5.4939936074889175
763,2.1130772189461933
764,52.978889314181835
765,4.380406097426698
766,30.724236645127785
767,1.6850588649712521
768,4.9048169788067035
769,5.952011571630138
770,2.15904187861881
771,243.37101468265433
772,71.56256330522487
773,122.69254573046284
774,-19.376487623017123
775,20.000659320794284
776,4.229632710224046
777,246.51720531345742
778,-12.610937283750296
779,144.70156606336255
780,58.726813584776295
781,297.2725532243397
782,3.3673280897816245
783,52.604356098932584
784,2.647189385677838
785,55.52372288356841
786,139.9909716550273
787,5.631443567093911
788,1.9181819010112628
789,177.34269362789365
790,84.16570012555421
791,-2.93916596460398
792,126.72487354177746
793,-59.002370178153136
794,340.8608453686038
795,-72.81034358537501
796,115.57937939054294
797,3.5696477590591082
798,55.071866925769726
799,3.402291620987529
800,5.791370041750526
801,211.37195464796977
802,84.31869542060451
803,145.76459935587602
804,6.780612086738232
805,2.0847884766230043
806,157.7003084445019
807,2.8229358482769196
808,86.91891402633387
809,1.6023588232292847
810,50.19548395281736
811,217.83586601920976
812,89.5443508907383
813,276.1934311706042
814,5.85468048553456
815,4.637952064139256
816,6.936493783651642
817,2.817179348735193
818,18.23728072272718
819,5.374210928158896
820,89.69729853764306
821,5.604397588061507
822,2.09020425817778
823,24.300212933462575
824,77.27203823712718
825,6.96479965526267
826,70.90457892421587
827,4.438542394456687
828,5.774248096126799
829,54.935541640476565
830,177.25760270780498
831,115.8834629691537
832,6.025863022128332
833,267.4499567650021
834,212.084495621954
835,134.93372878368072
836,2.372873687343313
837,68.05319409321312
838,169.34960452256877
839,5.833035194259041
840,160.67208099262115
841,141.65971250023549
842,54.80641685211164
843,2.501692139099214
844,3.049412515297579
845,5.469154915420147
846,6.017872074969446
847,5.567924820503122
848,166.4546408207806
849,6.080049797133828
850,74.93144321600211
851,35.765524096062705
852,25.520386876763727
853,75.09316109260857
854,-3.979553521421051
855,7.414093170465897
856,241.9968391578302
857,99.2054273534874
858,52.2270661869198
859,185.66212947205045
860,2.099668778596847
861,3.4726234821087516
862,3.187633397787497
863,100.35014494743109
864,242.29572100003253
865,282.4052169140574
866,216.81746861007295
867,5.6279427020541055
868,130.3759161960607
869,117.07285200335882
870,143.64119829130766
871,176.45003091959967
872,141.6581865656901
873,2.7317894612466023
874,79.15000694855885
875,6.055620635102405
876,97.84016481525515
877,27.050712033207375
878,103.31745644537575
879,5.161923603576186
880,6.602445182569794
881,153.08735500008248
882,5.920415630651646
883,257.47589874158643
884,5.886353690563284
885,152.38887360538374
886,65.2186395785412
887,2.091770615106536
888,2.1904509206698064
889,217.89664991790454
890,3.7442040600879656
891,3.1235045681818474
892,80.32664212020565
893,5.19322910644066
894,21.996503486300114
895,3.7902470783804723
896,221.06721772655752
897,2.4797194834136707
898,231.31678686369204
899,-48.48653193608809
900,228.1016255784312
901,3.484531583727677
902,207.85392949282559
903,5.3839864696687565
904,130.29577980816686
905,1.8941260852956479
906,1.0273522155899062
907,202.7383978125841
908,31.398516173485252
909,80.00334171675674
910,2.352493009266358
911,6.565855557438973
912,246.09763480603573
913,144.925978039351
914,300.41579732181475
915,83.04060972166468
916,128.30925755606776
917,-12.283982553959403
918,2.6593696788795795
919,3.0759264308351875
920,371.99621069266533
921,119.87331050047496
922,184.51819438116198
923,2.6154454223890284
924,60.48953966896369
925,186.89722339325195
926,52.88137028323631
927,50.17118503322763
928,4.692888528764959
929,41.0136050633145
930,1.0367158671890992
931,238.4399720393633
932,157.0254177546368
933,5.28623834478779
934,2.0968178563916546
935,160.4529897537272
936,86.34931384574924
937,3.842038200820504
938,4.784384471156896
939,124.22278882208639
940,1.7167438322482356
941,5.846849411191877
942,4.867765893471868
943,99.83354945098631
944,3.786656758584382
945,2.029914177584538
946,73.2960381121364
947,58.692281525044365
948,60.15728040905348
949,249.6411121809006
950,336.487984136001
951,44.21701423654465
952,-36.70352695994357
953,6.215748239410902
954,265.10842516909815
955,179.52702560814774
956,152.40625004834936
957,2.5041118880860966
958,3.2217081951307813
959,189.56337361217587
960,58.953917910183115
961,192.2749195208117
962,3.2399055959704026
963,6.347372751770591
964,4.989772039941417
965,6.874985832850439
966,4.442655385020721
967,44.826048864643056
968,164.93137579326944
969,153.0411645193808
970,6.4467595031902585
971,358.73459192391937
972,5.7038380079648165
973,94.00711270554015
974,4.984151016852224
975,3.278183162206624
976,5.105927412313206
977,195.44456132431642
978,288.84816015634476
979,2.296163233569976
980,1.7653415038568303
981,-7.7895191217690725
982,53.52289064270708
983,286.49441500378816
984,320.3965178581555
985,245.95088105848768
986,108.87859060281633
987,3.2972129301565554
988,233.09734541841271
989,312.88917814058783
990,83.4617802198649
991,3.915375605253561
992,296.9155084913243
993,222.13025165515427
994,3.0588673110386395
995,-1.397555850616448
996,29.05438078696794
997,2.001566182257108
998,48.21585400192261
999,76.9374702074033
1000,-9.14493537427894
1001,278.0324086824017
1002,163.66872583614938
1003,5.4148238879912824
1004,1.2050227925220598
1005,1.9528081949851919
1006,3.876246233510654
1007,144.02053834307154
1008,1.950357411504183
1009,6.54508667721887
1010,21.078976850951175
1011,260.83967145721823
1012,32.398275364088676
1013,221.4301113156946
1014,133.67205040125634
1015,224.26946998116557
1016,6.548266642554801
1017,5.30828907749244
1018,3.0112262562991865
1019,6.290452934701467
1020,3.9799320819540043
1021,102.74786192486445
1022,82.87686201148347
1023,158.9168664176901
1024,184.3281947827132
1025,5.1777775951092675
1026,3.3310983684941067
1027,4.349225735799336
1028,84.59399118639045
1029,3.7729701201353834
1030,34.33807716183456
1031,282.417233468767
1032,2.9930321850014954
1033,2.449539707283993
1034,232.19403792389508
1035,1.550839774424397
1036,248.6500414481352
1037,6.663436519376349
1038,59.79584080610911
1039,3.6348313067777287
1040,3.1099911904694992
1041,3.1455187766553734
1042,4.642687443378705
1043,3.6679557319137412
1044,331.7275748297681
1045,134.3141161634973
1046,40.01174161469085
1047,236.3112330102542
1048,1.7860536899687036
1049,3.3450428986172462
1050,6.439149293877645
1051,76.28959265033426
1052,159.11853390183722
1053,244.75076843448076
1054,6.250471309232184
1055,37.70216623171417
1056,24.03731863120102
1057,4.24469267879299
1058,2.6836886036039087
1059,2.8864912102261187
1060,125.7485264436783
1061,3.4303179989528947
1062,5.79050733489749
1063,303.34094012478727
1064,216.06116558782048
1065,73.9398674533731
1066,259.787421568316
1067,262.6358383237269
1068,5.51597532408853
1069,4.386129528531748
1070,319.7037456127721
1071,122.95213735340849
1072,5.099640318458479
1073,2.9185283384497582
1074,6.082228806282794
1075,4.807499265278107
1076,275.18625362403867
1077,6.197818877360583
1078,153.3837319744127
1079,2.623609028515106
1080,2.2699576265696844
1081,5.903900986228594
1082,3.4882596780643955
1083,3.587345054940078
1084,6.1151209497612395
1085,119.89806782839871
1086,214.98773904664043
1087,55.959259384312745
1088,269.21215749545433
1089,8.590777927801089
1090,115.48690878079402
1091,248.3408803350429
1092,5.550687022387934
1093,3.6674461498515045
1094,6.598649619619323
1095,3.1964364943276355
1096,2.832225656888171
1097,4.954374511737744
1098,83.06366009042924
1099,115.12979392416706
1100,5.441219635088496
1101,4.338833902037251
1102,5.72705760941288
1103,259.8809890418996
1104,4.641549067022735
1105,117.70428925945454
1106,4.886519533813585
1107,6.060956686705302
1108,16.08611695344769
1109,115.8978122301392
1110,121.54114224546586
1111,3.150483414809202
1112,236.0978784873291
1113,2.8799152316908123
1114,155.65808450396923
1115,-36.76228095312016
1116,5.5484543724148025
1117,282.89895384853236
1118,285.0638008922024
1119,4.605647875679909
1120,62.923365627141806
1121,48.05369794239616
1122,214.1232272750296
1123,3.4259180653430454
1124,170.17988852538986
1125,2.7471326476676743
1126,77.71468483053894
1127,6.394546232723058
1128,-17.166458875846605
1129,188.04630432244537
1130,6.213957256125888
1131,50.684630918384705
1132,4.2778843018113
1133,-45.45378689897913
1134,161.58367068419093
1135,203.1391508553786
1136,-46.15083898531422
1137,4.045933243196261
1138,49.71813626266425
1139,93.05513981575308
1140,115.48764397035764
1141,212.9616151175952
1142,141.16401715055278
1143,45.05848911536714
1144,-19.71936924497408
1145,114.22812826872206
1146,33.63628840619266
1147,4.685924285387831
1148,109.785914264387
1149,48.141832932972655
1150,3.998501531118128
1151,1.1751341187257571
1152,4.151420422728873
1153,4.404090078398487
1154,27.96867898176423
1155,178.93140880725034
1156,6.710365516873778
1157,86.35130137170182
1158,186.0855192210586
1159,125.5394567313071
1160,123.88533210987096
1161,1.6997192920754705
1162,5.735378819550422
1163,5.347037319928688
1164,5.002915827767642
1165,201.54131671421575
1166,56.260857744384204
1167,-5.027234507769752
1168,4.766824041643806
1169,157.5631476006523
1170,4.543855158199312
1171,4.267644740210779
1172,-38.26612161944627
1173,3.7877025329159624
1174,187.97479719017534
1175,-60.22673439431617
1176,243.0879537333192
1177,2.23290416364354
1178,153.11875421382265
1179,2.5451675783036776
1180,2.3978629235675006
1181,2.11173360675635
1182,162.13147612786415
1183,7.548646415178775
1184,3.8271328376826483
1185,279.2903074223037
1186,118.52805752203496
1187,4.235080520299294
1188,2.8790052460285143
1189,118.50084870693593
1190,3.5618366512134076
1191,3.1426195101737133
1192,4.9073772350467895
1193,141.85876395685764
1194,5.649881581529672
1195,2.147995342698208
1196,260.6792108575427
1197,86.7363169385663
1198,2.753877713637105
1199,249.37827884141075
1200,59.22648361514364
1201,237.35073748522916
1202,73.09114561426337
1203,3.5025639197909633
1204,147.25718094014053
1205,1.8001131801432328
1206,167.74200710690172
1207,122.02478315184553
1208,241.55681209487514
1209,253.80784079683954
1210,210.2234944190744
1211,218.23081771253365
1212,5.954826597006988
1213,3.971895411598822
1214,194.97568022245167
1215,78.89361447128779
1216,246.02703901974323
1217,160.76933301627562
1218,-50.59447292161061
1219,5.82643028690598
1220,5.818453757224889
1221,220.71653356403334
1222,5.3210807725119516
1223,2.783081943255582
1224,3.146755305366155
1225,102.66889952442415
1226,1.239061609778953
1227,4.699068058987774
1228,2.878152892239403
1229,43.36228619390139
1230,115.0908477185448
1231,238.71357830549434
1232,1.7898451423763189
1233,3.4482576466850956
1234,3.5707920749605577
1235,27.009034600006583
1236,266.8627329973171
1237,3.5992231820674787
1238,2.607119519507986
1239,1.1567316701338588
1240,42.95979387556217
1241,2.13191224875074
1242,4.584297467386563
1243,4.72639084796361
1244,182.03499557779253
1245,3.8131319649134667
1246,240.81462669566335
1247,5.601772389737421
1248,100.68249785000242
1249,149.98806562253935
1250,7.477531218915738
1251,48.59413915527473
1252,5.748895537541801
1253,3.8825215247664495
1254,3.89792239495237
1255,21.00040412863044
1256,75.86404464543925
1257,156.9462938713484
1258,254.32582924663518
1259,55.389410559363924
1260,267.4574260486572
1261,5.724259550827876
1262,5.354683146295392
1263,186.68380018931202
1264,2.510517804913455
1265,8.023915731069282
1266,113.63731207320419
1267,2.3744365280860293
1268,6.485838394495688
1269,283.76577047651307
1270,-56.31965149642677
1271,258.4254280262405
1272,52.88137028323631
1273,19.866348866455642
1274,221.87733254635734
1275,180.08420430376327
1276,41.186398118007524
1277,3.989504270223897
1278,1.4099620477981958
1279,3.7887286413273324
1280,-49.0764615573041
1281,3.5125948794601474
1282,117.44343697028758
1283,179.16624273795478
1284,2.672850489090676
1285,-53.65342943093813
1286,2.749519364215099
1287,34.3465544394864
1288,117.57542450201139
1289,4.015739370199072
1290,206.3420060781395
1291,3.118115804915244
1292,39.776709379619845
1293,123.33597730437651
1294,253.1516577670785
1295,177.51130196439985
1296,5.87621791972935
1297,55.33781702236993
1298,6.989198349835106
1299,6.485560783020889
1300,174.05289782172918
1301,252.24239269189795
1302,201.50545046348284
1303,6.014376713660768
1304,4.127635122619708
1305,4.8892334769742885
1306,47.95436225333932
1307,143.7126535943965
1308,1.8734002450354952
1309,4.697381548619399
1310,343.43762160508794
1311,2.691424038522278
1312,6.362680922734869
1313,44.23953432594847
1314,115.77774392982771
1315,190.90542133409755
1316,256.11130195909783
1317,65.75636883368831
1318,2.1812125086507512
1319,175.51462796986974
1320,250.33260856929033
1321,33.35336852360173
1322,52.645980893893096
1323,259.1238633585024
1324,197.3718471839931
1325,41.66478605598608
1326,59.44688541730538
1327,244.65741655994236
1328,2.9232370508974994
1329,5.713870970796788
1330,127.8644221950109
1331,14.843625826583379
1332,279.284300220543
1333,1.7790988961646013
1334,336.5710999505645
1335,1.8363723445939302
1336,123.8216310530151
1337,29.43335660606811
1338,245.12121983604456
1339,6.000276921241107
1340,159.84142650947285
1341,238.05558591537917
1342,189.81871772191002
1343,36.66662256068927
1344,134.35021171412004
1345,3.3766889130197093
1346,60.9316130615941
1347,89.02722930224763
1348,3.2255629017471925
1349,228.92485044320583
1350,41.18209631204335
1351,221.9870512321841
1352,2.4479985602595242
1353,16.79951338537321
1354,4.836053187612942
1355,6.012667829023341
1356,3.610777284943557
1357,6.911576993871092
1358,6.660693011298685
1359,1.6533767477798218
1360,311.2676221278423
1361,4.418306594246755
1362,6.456450452832503
1363,68.98033062266705
1364,3.589137845456403
1365,5.8906576631558085
1366,6.802189660622723
1367,5.8782052263387845
1368,16.791708172811564
1369,172.21799078671953
1370,264.0476074985735
1371,225.99024501406117
1372,39.705415646236574
1373,3.272641162024398
1374,198.54829161404956
1375,154.8490982617698
1376,5.427653997913382
1377,5.034556288854849
1378,120.26087388219658
1379,103.78354039758605
1380,93.10834367742099
1381,224.42510333058812
1382,78.89776031865237
1383,54.10821574077947
1384,-0.5485368495448271
1385,173.23113294568648
1386,2.5682221293630576
1387,65.35409174494764
1388,1.644761926858139
1389,232.89983892421756
1390,174.04360254267803
1391,76.94978739193074
1392,56.41080879812448
1393,275.0984911050236
1394,3.4505648308340007
1395,49.5408924398052
1396,198.15054692911747
1397,5.44488353478779
1398,224.32622470301777
1399,1.372860297749901
1400,103.95083274636035
1401,320.63433558636854
1402,47.82272100530869
1403,231.78667157416862
1404,87.92470008231288
1405,142.12388105763569
1406,1.9694848105763438
1407,94.58866114527719
1408,7.17243367901679
1409,3.7684593154282653
1410,261.15547067268824
1411,286.04893001237986
1412,-27.1050554359588
1413,127.05005864430349
1414,251.60161969980385
1415,2.277232354934869
1416,2.5824515874359015
1417,4.53866102901786
1418,328.97573766637305
1419,184.0274035859198
1420,4.7350813114164545
1421,26.340803000993304
1422,6.6177886534388755
1423,3.150402312534757
1424,5.22325953270501
1425,2.6592862572880107
1426,-23.458652635626567
1427,3.699794502661149
1428,4.140055387585766
1429,3.62427841404593
1430,4.11321112593992
1431,6.486048897562889
1432,178.53921476031212
1433,3.0522136171702474
1434,6.190946979582881
1435,4.87448406353941
1436,-30.391145013387245
1437,146.9994028955737
1438,130.68861668297077
1439,6.330335039058164
1440,2.267234134405858
1441,117.7896556342303
1442,179.73219416559493
1443,57.06707225757345
1444,5.8210239604125364
1445,57.76659701104408
1446,269.0706648179403
1447,243.1885980997556
1448,-40.39826897606043
1449,5.878373943601051
1450,267.91450352833164
1451,134.06212498023712
1452,5.10746256213086
1453,5.408889070725313
1454,176.95015877761213
1455,69.88680135441963
1456,1.1328081782232642
1457,7.512969734232079
1458,4.88351775471877
1459,284.48473117182584
1460,354.3508368255769
1461,151.79857950418787
1462,-31.991643254639513
1463,66.47074455487139
1464,5.85468048553456
1465,3.436197418933153
1466,235.30598005296108
1467,5.745405512530134
1468,5.5271725459203775
1469,28.950797567291477
1470,3.7807530240768714
1471,43.22097323503215
1472,6.75057205513829
1473,2.773596926218771
1474,240.71061985520768
1475,120.0728259456089
1476,6.683573584866311
1477,2.654007391212721
1478,94.07423636323063
1479,5.053771169457465
1480,150.03712029176214
1481,5.9850169942952585
1482,146.83366756005802
1483,6.249031115035137
1484,217.05202765815207
1485,166.96362572363367
1486,6.693336743245744
1487,3.5895165721428146
1488,84.50964393256449
1489,21.163257473733644
1490,77.48385529301902
1491,3.9057458095326725
1492,2.0088963641579576
1493,7.414827100993674
1494,5.315493363386144
1495,39.003676695506634
1496,7.604832071760153
1497,84.05618572716895
1498,5.935744864260445
1499,73.03465109017536
1500,6.604700210300648
1501,5.798851363514522
1502,77.02831107901102
1503,5.653184860713793
1504,2.106859464226183
1505,4.637595604844437
1506,226.73765096200694
1507,58.00494046205599
1508,87.05575865289947
1509,65.52479114395939
1510,3.161501053411315
1511,12.200882595924558
1512,66.66353367947146
1513,5.592625212662463
1514,270.40965707857686
1515,60.15290602497889
1516,2.6207623183348665
1517,354.423602962659
1518,4.639868323339155
1519,263.6060857007241
1520,5.124545637615776
1521,47.38906132985532
1522,5.0170206016237895
1523,2.6715781198822985
1524,110.43699969713171
1525,-43.164338945674004
1526,2.618138342617381
1527,5.479269340862977
1528,3.3931810931081965
1529,223.9417292951538
1530,273.0197393474158
1531,3.299103361516703
1532,5.764342410731279
1533,3.6488003429620064
1534,-3.2640910806714776
1535,67.71281142267974
1536,5.603801998932231
1537,2.5046019340032215
1538,280.2937211573006
1539,172.734199587549
1540,2.183232403927309
1541,153.71161016456605
1542,3.0277357585852998
1543,27.688531696335524
1544,7.6224921189197286
1545,3.4887477085224123
1546,6.120274061968899
1547,-29.647495869650605
1548,207.56575598171187
1549,50.045338922852224
1550,3.322164041824474
1551,2.300458519750544
1552,225.19472372739475
1553,6.002615640710516
1554,293.37178028189305
1555,154.4268426414428
1556,4.338405148018439
1557,31.906724782357074
1558,3.774519730878459
1559,243.374526783356
1560,160.79140466810793
1561,226.57580476503722
1562,231.80678152797137
1563,89.99427505574991
1564,3.697214635876553
1565,74.26568741754328
1566,3.7340667925025275
1567,-46.98719225099372
1568,101.28998515303209
1569,28.994206586715407
1570,286.92416918732494
1571,3.540167463721048
1572,72.09145155525827
1573,2.277327136040392
1574,4.6572126085391226
1575,6.073217504999227
1576,4.012366663736316
1577,5.942677594623895
1578,80.00334171675674
1579,5.317680852221559
1580,224.61490691551742
1581,213.3515070675141
1582,6.763555343996372
1583,313.66721012553444
1584,320.6483031696407
1585,5.825195644672925
1586,5.015569752747677
1587,57.12371988222645
1588,270.0054434985047
1589,6.83726643808131
1590,6.179912458156276
1591,158.03691281765623
1592,7.4100777625157495
1593,114.83126011643377
1594,153.20820739798128
1595,108.92555535642026
1596,5.946072417821878
1597,70.1246123426832
1598,6.80520820892886
1599,4.127883624248453
1600,4.716576222321854
1601,2.9124243589797554
1602,5.845678226480795
1603,272.1637741894383
1604,34.285955787941155
1605,134.61853219947298
1606,267.6814316595279
1607,0.5819210152143462
1608,3.3365543623069076
1609,7.387169776852853
1610,4.149519559930383
1611,197.19955121436092
1612,87.93327541717956
1613,2.881140393286639
1614,279.30684276469293
1615,5.779516246923903
1616,3.87722157281823
1617,184.32523056381584
1618,234.05146326078028
1619,9.16377093612195
1620,79.1290794059587
1621,2.408962244815574
1622,2.948148271657537
1623,2.6113366516587524
1624,224.211143751388
1625,79.46289085406545
1626,1.6273212759704914
1627,41.44517354151653
1628,3.7446883036178855
1629,226.96242436386058
1630,70.32161547868796
1631,2.912996788352699
1632,309.5715229494181
1633,4.810319556350477
1634,-9.583159603163057
1635,3.4360641920446526
1636,4.674369249430734
1637,6.799360422122523
1638,210.6996202638893
1639,37.0191126542475
1640,4.711898062221598
1641,311.354380319453
1642,165.39197291573566
1643,202.272936494766
1644,109.36522603758776
1645,194.62044212732698
1646,6.072161611032357
1647,6.512099406762678
1648,33.10694163765955
1649,4.4881545980331
1650,88.17942504325562
1651,6.507248506315483
1652,6.83296685602911
1653,223.89013680028376
1654,6.464270443358107
1655,296.5116601815379
1656,35.41416748822125
1657,1.148010581220039
1658,263.83658858180854
1659,2.1783057796723364
1660,-18.519832955589436
1661,6.368004433191075
1662,209.76165806507822
1663,5.879148195122575
1664,145.4090333292073
1665,1.0156804559031496
1666,105.08582702855776
1667,-64.61418235465342
1668,256.1842535417701
1669,53.92514631507065
1670,2.08712874050426
1671,2.3443480403487778
1672,5.409241861164452
1673,4.639971461058591
1674,94.99570849617386
1675,2.206651540953425
1676,-64.37278587091745
1677,36.03337337361893
1678,1.7278175988990085
1679,212.16027342157545
1680,93.28520386085218
1681,1.2700629169759408
1682,3.2255999487488354
1683,68.63717336161247
1684,38.16254412498444
1685,6.680934088107739
1686,134.56639711556087
1687,6.670025362636937
1688,168.28911479778506
1689,260.3611182307936
1690,3.153827536781826
1691,3.8825155081614584
1692,3.9684064281338265
1693,2.3136299954797193
1694,78.53276399284458
1695,191.10950863356808
1696,123.19791637169243
1697,2.866208066803764
1698,218.8356417543418
1699,164.3818452704495
1700,107.51265619268973
1701,300.02174026914173
1702,-58.01013301797731
1703,5.8372349883364585
1704,5.626624971760934
1705,3.2959894295379497
1706,81.46281632322636
1707,5.880267119217807
1708,43.48181023779877
1709,138.28911472478674
1710,6.168084272563265
1711,84.48240375369146
1712,1.9048548509507173
1713,5.6949840420679285
1714,-41.87765485593616
1715,4.929612705189413
1716,2.8197367087356815
1717,24.332000318275725
1718,141.8266890024829
1719,23.68172869140968
1720,6.266319474511577
1721,262.35587368620935
1722,3.677317206738336
1723,172.6263846104635
1724,159.6487993291971
1725,3.2182944382797047
1726,4.103419664649588
1727,219.8741736357553
1728,4.12684220693828
1729,3.308988526686278
1730,72.71931303640623
1731,233.5344041517284
1732,4.80652988288449
1733,367.498998587273
1734,270.700496400691
1735,215.79316520502604
1736,3.3898683996331376
1737,291.1093151308829
1738,285.8364647170466
1739,172.6964249248813
1740,86.49533772567318
1741,132.30843645649708
1742,259.7310037424684
1743,5.115369622610323
1744,117.07954687984702
1745,28.28952839748735
1746,3.513562082048733
1747,7.457158678353769
1748,172.52049445201584
1749,3.5902446788796936
1750,96.67328982764307
1751,42.29579506775578
1752,7.038174142142642
1753,6.037005871034168
1754,265.38138753582933
1755,216.37690265463203
1756,1.9846410993368373
1757,202.50244530272894
1758,331.4334124765634
1759,4.9631560169546205
1760,308.1181341497373
1761,253.52053157510903
1762,16.820610461489625
1763,49.08531731946173
1764,16.76434231566481
1765,5.28951727971223
1766,261.0653878144767
1767,193.87669180623158
1768,5.315474756521778
1769,103.77494219226779
1770,48.67478221672361
1771,2.9160492194947825
1772,220.41982633563245
1773,240.74006674549253
1774,6.188934583430411
1775,268.46134113929895
1776,2.6068839437913307
1777,10.692518285757506
1778,34.10220146994994
1779,-3.1593273287204515
1780,106.52981372495147
1781,5.676949951869199
1782,220.40236079490245
1783,247.88478976009384
1784,4.442269674400628
1785,64.43727742935006
1786,2.7326157604824184
1787,69.47961274886693
1788,4.9973947332835875
1789,2.911992438523414
1790,119.12685633967762
1791,4.165177400152355
1792,2.6077006441494253
1793,2.2152566764847053
1794,168.16644195595237
1795,162.77655754461642
1796,293.17657541171246
1797,117.65981632959105
1798,6.64949229565655
1799,205.3208302940455
1800,152.73776057167314
1801,5.059259159327453
1802,1.8332020611243833
1803,163.6514527643866
1804,3.9835431382749937
1805,181.92672760556673
1806,5.783868643913769
1807,259.0369201332786
1808,149.35164587586868
1809,64.04668567120831
1810,4.273528786654937
1811,2.8171128451329914
1812,18.90329912578923
1813,3.356468482823685
1814,181.75856201017476
1815,272.74972662399256
1816,4.552935423695602
1817,108.67968059450914
1818,79.01347390747542
1819,227.32269810454176
1820,7.443032984717392
1821,3.3047499309953237
1822,247.4331111007706
1823,1.8820469217442433
1824,63.44978697607537
1825,2.212175045165794
1826,6.0234147818765535
1827,4.070678960287019
1828,2.166155637969569
1829,236.93791758688909
1830,228.29289364640732
1831,6.768258632737251
1832,37.83624543530197
1833,3.439030975844745
1834,3.4547774061735335
1835,88.19477324001896
1836,6.4074830470832795
1837,5.895538714173221
1838,5.879148195122575
1839,100.58959431477464
1840,-48.94068747912043
1841,-78.36655606438322
1842,241.44689557224692
1843,179.03364301390943
1844,249.46126313310015
1845,154.5003631766751
1846,49.208027813395226
1847,246.940410493377
1848,101.15891134427318
1849,3.899128428510428
1850,5.154001556849958
1851,-78.99968191386998
1852,5.85476823509037
1853,66.51288278575578
1854,42.38308296433453
1855,5.207076119220038
1856,158.25033004600974
1857,2.61617980885732
1858,4.930951949553027
1859,6.081462745025255
1860,5.8562231077133315
1861,146.44082213389225
1862,6.175730614550256
1863,57.98898453410589
1864,74.21673891488784
1865,226.73658697189447
1866,134.05629692325786
1867,113.47341356995639
1868,268.9344959764163
1869,159.41349699675763
1870,3.5838882235718312
1871,178.8050247627109
1872,41.112261122966
1873,2.9971147501651014
1874,30.530238174844698
1875,92.30185525285566
1876,3.1385887158487322
1877,2.6931448550789954
1878,73.86718424059784
1879,26.486504559002686
1880,269.60814199361806
1881,6.310951741229364
1882,82.32208768792964
1883,6.196662452221097
1884,78.52218446016268
1885,298.1496330682438
1886,284.3140897250362
1887,3.568577595760627
1888,202.56022417140014
1889,226.35946796680196
1890,2.464353425182942
1891,238.6937788797642
1892,225.3900675642735
1893,4.327510275744001
1894,2.092930134998927
1895,10.627689493503379
1896,5.982669788871483
1897,43.360388398786206
1898,-65.67357798682252
1899,3.2003048789888844
1900,5.9218198449695265
1901,278.14544770513044
1902,226.10194116559808
1903,-58.24597357705304
1904,65.89331933502883
1905,57.73515972156623
1906,179.44473921340443
1907,6.768830278491717
1908,6.253951203054316
1909,98.47833425071299
1910,5.571995074494513
1911,5.478746249956954
1912,3.4647643818879734
1913,67.08527836608533
1914,2.21577938354176
1915,6.296935098403904
1916,1.3031002700490018
1917,3.0464024317230565
1918,150.00362522730967
1919,4.343330709263382
1920,4.520307754544266
1921,67.1704916783213
1922,3.057524548131803
1923,6.305303816778327
1924,2.5694981530532015
1925,4.593759238896579
1926,88.5123155629037
1927,171.6966242753507
1928,3.323508049974375
1929,52.604356098932584
1930,2.6856777323986387
1931,6.013177878911304
1932,5.04231747024498
1933,2.4874377041228324
1934,234.71406806588044
1935,6.386771926272522
1936,4.801622617690892
1937,15.634030908187361
1938,-27.38000536525151
1939,2.5225647439984415
1940,247.29116850077378
1941,3.6056522423082273
1942,196.74605836825486
1943,3.889375343062965
1944,223.08448786914244
1945,283.4302409224329
1946,5.85942275621217
1947,106.38015500891149
1948,5.7829999419305675
1949,5.48282180024393
1950,52.77830999366953
1951,2.791243713597718
1952,48.52263390946439
1953,367.78020038653347
1954,2.4635567951411934
1955,81.85594470444065
1956,1.966769464728347
1957,120.88429649455065
1958,3.3908189765580548
1959,175.27687128289955
1960,59.67210472755233
1961,1.0280985697404703
1962,4.188544802801906
1963,3.1175513705248727
1964,5.026861034554255
1965,101.75586875535623
1966,3.283624493149513
1967,4.739619764361748
1968,280.24704214458706
1969,71.26194319800867
1970,5.8570577191703
1971,1.694420923790541
1972,101.1296152630621
1973,-40.22557148474325
1974,2.4362132163760415
1975,2.491020055659568
1976,318.3003416037744
1977,1.6765348523820898
1978,215.87415775824493
1979,87.16396175221782
1980,263.83170678714345
1981,138.85479186717066
1982,129.78759435380252
1983,81.13481468008388
1984,8.455282485453859
1985,4.330916649178961
1986,4.280911245784063
1987,5.9429721207435335
1988,1.3525502517618493
1989,5.661320510207378
1990,4.756412406017591
1991,-28.849110248453705
1992,4.171211342042683
1993,43.00196558755504
1994,1.7172493117835652
1995,105.9788670992668
1996,3.7411714068126494
1997,2.624079588748759
1998,5.352812228755928
1999,304.47374164779814
2000,5.894048497310709
2001,283.7438353051111
2002,-55.580939650495054
2003,6.755866159244406
2004,315.23262607008746
2005,77.76609296768036
2006,4.61330996468309
2007,52.3417197214991
2008,228.96678543185854
2009,141.80628661775935
2010,286.21439399354114
2011,5.790585408928172
2012,151.21868724775445
2013,-39.72202276763214
2014,282.1065663734098
2015,206.6272329419028
2016,48.09642309830556
2017,3.358579741595959
2018,25.4764817900341
2019,78.06820199495888
2020,6.762615499611203
2021,4.624267803626859
2022,193.68864948300504
2023,71.76988460225517
2024,2.632017855565639
2025,4.601320379981886
2026,80.30114606608404
2027,5.847050726117825
2028,6.221338402292157
2029,39.75756128830391
2030,303.3626599930073
2031,70.91333786142404
2032,274.03366545089443
2033,238.80731237617513
2034,2.5768705303046135
2035,54.70626489420587
2036,209.63718489680463
2037,4.853727358970517
2038,3.329810216379694
2039,3.0960190953437903
2040,131.42386474539992
2041,260.60117182491655
2042,4.056203309958823
2043,200.47602376131707
2044,2.402384699800671
2045,74.45528619701022
2046,283.7363522505229
2047,5.5532479534748065
2048,-43.84383169366946
2049,1.5681563025166154
2050,340.13518897385774
2051,3.5909935461517324
2052,2.5906925635383113
2053,204.58025625099137
2054,4.789143757159038
2055,3.9127598154260275
2056,-43.61167433177004
2057,203.02500502105195
2058,-4.634767125279658
2059,5.122946820667373
2060,23.487990441891007
2061,2.2938401620310382
2062,162.50505215314251
2063,3.316624338493198
2064,3.7514245414289635
2065,3.4339363062571664
2066,1.9912843536471834
2067,6.0042227577102105
2068,3.4011233545769457
2069,1.3643202025283565
2070,272.1760443646611
2071,270.0054434985047
2072,4.794078043088777
2073,206.8089604990715
2074,366.60741855486003
2075,256.50264775030456
2076,3.8808261926901544
2077,2.6337896545234356
2078,4.105806750739389
2079,4.078100561831234
2080,2.6397762398252316
2081,3.2226284625047055
2082,5.7685714648007185
2083,28.398034118553475
2084,1.8673385152334054
2085,4.885658975041653
2086,114.62997835193232
2087,77.96916389256039
2088,25.444280332592175
2089,83.43588253722659
2090,248.83462415587198
2091,178.55607455577749
2092,-87.40114881176436
2093,4.9875998038275595
2094,4.029997543853282
2095,100.22730530777876
2096,71.10909078540118
2097,108.37434488995703
2098,5.432750186558708
2099,-17.53491420265792
2100,15.30629208003436
2101,5.5964454631888625
2102,6.194958213203258
2103,86.07257145828154
2104,41.032539703888915
2105,25.82852746753267
2106,286.05587101948
2107,6.707013520163295
2108,7.093930399379236
2109,5.954065524644913
2110,255.46095241117345
2111,3.5482492486552335
2112,60.28080051190955
2113,85.54779803539085
2114,2.47654996173038
2115,75.14959427174327
2116,3.68366607619458
2117,3.661089275788198
2118,3.0678420418048935
2119,121.26931119097875
2120,4.195910176993756
2121,185.54148557946644
2122,209.3140708667999
2123,2.6600054833629474
2124,1.6054624899897434
2125,3.8425945674556443
2126,5.906645491835413
2127,44.54266949238008
2128,226.41981773210904
2129,1.8332047934567748
2130,2.8201640838404636
2131,5.323400155262237
2132,6.023837334320027
2133,234.59183532231899
2134,64.54319003199848
2135,223.29336214532708
2136,24.910273506816328
2137,219.06454123864722
2138,3.4452562333643195
2139,83.78980438088223
2140,68.11760779668539
2141,84.34166658790765
2142,5.578253497099705
2143,24.896144574430444
2144,126.57541593856783
2145,69.80428350766846
2146,3.751674337742253
2147,4.259157419964523
2148,52.828139257870376
2149,-55.768081490575945
2150,11.34686590646751
2151,64.24090081525014
2152,4.931736244983822
2153,3.5145361719084414
2154,2.0611995881027174
2155,2.4376933275395323
2156,5.86844423771213
2157,136.9351456786745
2158,3.832985714054487
2159,327.16628686973314
2160,222.8282241993909
2161,272.91816284207624
2162,1.8803411495783109
2163,288.27337237448904
2164,6.323331260980413
2165,3.0499253580884003
2166,2.498418468228412
2167,37.07923569979717
2168,298.75959413509855
2169,2.214791977336386
2170,2.5163330363226226
2171,141.40577574020466
2172,5.359731042101242
2173,244.75572292538462
2174,249.72815548338409
2175,1.3357682742634038
2176,4.612721255243915
2177,-21.943368266133806
2178,4.323177224696588
2179,72.64841433785884
2180,261.35095877395037
2181,2.3806335463698427
2182,156.68461120345825
2183,168.97439562510078
2184,5.88160134713115
2185,2.9017143587623315
2186,2.6412291510429555
2187,4.285477657271249
2188,248.6265538190031
2189,242.74652027746544
2190,75.5853854467096
2191,2.9699785335807714
2192,2.6380866387427657
2193,127.71848106856928
2194,2.8510216847949135
2195,5.094152857876059
2196,6.420717486694175
2197,1.9199441665512842
2198,5.131918350807794
2199,3.5570766550081
2200,1.7396390264038657
2201,3.957585953243984
2202,73.09314555463196
2203,2.7990196593454355
2204,2.0026687243611843
2205,114.63545428595035
2206,5.231801887917395
2207,152.72037842000404
2208,5.5233101137048255
2209,9.229120211889985
2210,259.51896170923726
2211,1.784950192024837
2212,4.615540854885366
2213,6.5848172917982986
2214,96.41460772176247
2215,23.67329960898006
2216,78.8395519308527
2217,3.933838785758177
2218,34.90120774352434
2219,2.7581339912427127
2220,5.640189839224782
2221,3.3924375139581557
2222,-42.6600405647293
2223,195.4475924034885
2224,-41.08124646844955
2225,149.6038598999056
2226,0.7211397305886975
2227,60.49042698316127
2228,146.19755995543053
2229,101.667349643214
2230,3.5525052571756266
2231,5.150025156271621
2232,4.299166236372595
2233,249.9238120454488
2234,229.60177582385833
2235,226.26849598090942
2236,3.161526180852159
2237,3.8810009372030354
2238,253.66243447649424
2239,75.84662047766312
2240,224.30159540461065
2241,1.710670485143857
2242,216.79401925699804
2243,5.936478690310798
2244,99.41562696961257
2245,227.1258653197722
2246,102.65112814799528
2247,239.83153830961652
2248,6.423383707016596
2249,284.4893208839878
2250,125.24028858853616
2251,4.623812404064116
2252,276.1902001849576
2253,6.1869184079207304
2254,160.3972277810212
2255,-88.71058321830732
2256,59.94503548034296
2257,1.830105724117492
2258,3.1513675191094697
2259,91.6368410910559
2260,6.193710644587265
2261,60.84054770480509
2262,1.7546932961644373
2263,94.2023894679045
2264,-11.335431726437102
2265,48.47547312891879
2266,2.438529142353087
2267,2.6210565260458636
2268,5.410582185653279
2269,4.1110219994786386
2270,8.753417126186823
2271,180.34355849198238
2272,51.97156258286367
2273,3.276997993621916
2274,5.975648068230354
2275,6.494283164373864
2276,4.73872266945366
2277,2.7867538295770706
2278,1.6335085144589048
2279,6.060632039365412
2280,2.9403046176802277
2281,212.35430200131367
2282,2.5078487830273173
2283,3.7638878142852206
2284,224.68460555365527
2285,3.5288902939014264
2286,3.4852069991479335
2287,5.412244979380087
2288,2.8276895462243963
2289,5.41918899500422
2290,-29.502253601361225
2291,43.80939531696967
2292,4.921721621242092
2293,1.8995876007048076
2294,23.293347808363173
2295,2.767126252667518
2296,5.124959576023508
2297,132.58944026787975
2298,-49.89962115038227
2299,87.1565898001754
2300,3.764934845681343
2301,5.419043285509023
2302,-84.71285893446615
2303,177.53368039611598
2304,5.578465511631175
2305,35.17084740055077
2306,296.10731124011676
2307,44.21643796242847
2308,38.57021624829483
2309,6.201292792813373
2310,166.36162932822626
2311,-60.00160395059931
2312,95.11773733555412
2313,3.985528803925485
2314,4.674659984242941
2315,240.61564725136927
2316,7.541155308684041
2317,3.855417971209987
2318,238.46483848920445
2319,6.603025362543031
2320,88.79899829276332
2321,2.970851021607088
2322,231.93130145292355
2323,172.0535709098346
2324,1.986264874646618
2325,37.26873339489
2326,3.249149987691826
2327,109.03315845567639
2328,3.690452901907217
2329,348.90279216354133
2330,184.17405639736361
2331,0.6826895655713036
2332,278.44739360192153
2333,-1.6852991475398191
2334,34.922035173227734
2335,5.429073105141123
2336,79.57461632377722
2337,142.42123378069806
2338,177.00658549719134
2339,33.54488971706228
2340,50.71585703984182
2341,132.63054345152457
2342,2.2222246412396935
2343,6.030807726196961
2344,311.21912347248707
2345,5.885792403053131
2346,91.13052807256618
2347,106.42841239521718
2348,1.8530654556000243
2349,259.7547108184112
2350,32.45162760018566
2351,4.910829525842411
2352,4.849462445020231
2353,1.675143690955954
2354,-14.596439779714972
2355,162.80835636119158
2356,3.890848310480056
2357,91.5676026660857
2358,6.48413432622916
2359,6.59957683290793
2360,4.506984843392199
2361,5.834144870120735
2362,262.9914344198053
2363,4.237219712453987
2364,230.7111023064021
2365,93.72107076113045
2366,53.4601894808276
2367,50.7193497320595
2368,-84.37813106932113
2369,4.648953255812432
2370,221.0005312130723
2371,31.12819471186936
2372,74.07902072280791
2373,1.9643973975450786
2374,-56.723858944325904
2375,2.045988763678566
2376,114.23656102714097
2377,112.57127352580325
2378,5.284735296978222
2379,6.451256777365466
2380,33.758597806161646
2381,169.44727714888705
2382,152.14667150320588
2383,47.040600484378835
2384,3.1941620624164995
2385,270.7789010289174
2386,5.85468048553456
2387,53.562929371763786
2388,270.12505632316487
2389,74.86398334771114
2390,1.9233980049627573
2391,123.1982178407378
2392,28.074477374365088
2393,86.17813020692896
2394,148.61454520063762
2395,5.861199726645851
2396,2.719851360775469
2397,299.6053760469878
2398,300.373511545542
2399,4.187840232283832
2400,190.76194179772483
2401,73.35665239648051
2402,249.458866382554
2403,6.360117144077865
2404,2.0524259800676616
2405,5.101613703767685
2406,2.8325568807753014
2407,88.5240738663043
2408,271.11871053657615
2409,227.35708078585142
2410,4.4413735760387265
2411,6.518889813382165
2412,304.2842147061189
2413,-2.0405135914963695
2414,3.8040133751613245
2415,70.34781946501852
2416,259.85350134962647
2417,33.044555742636554
2418,3.3371245804406744
2419,3.9590163625149013
2420,1.8335843996279726
2421,15.401887057749459
2422,247.2622022124169
2423,2.317073977187574
2424,163.94313712707185
2425,5.773302420489825
2426,-17.07553116615154
2427,173.66763747908735
2428,-8.472406578947867
2429,4.318673055878538
2430,5.878469226192778
2431,4.395931594711258
2432,324.06890284696226
2433,255.26683778395798
2434,4.128713139384016
2435,58.484702051317115
2436,233.37118532213316
2437,-85.98326947853852
2438,5.804739976232848
2439,6.761243553816285
2440,164.04443587006008
2441,6.287377699780137
2442,5.891338165158424
2443,4.782307624291258
2444,-57.26505618418509
2445,6.539800639115424
2446,5.270131726156002
2447,215.29879956034608
2448,6.174964542214205
2449,6.153545197576827
2450,58.01420770748981
2451,2.9971602564355035
2452,3.9078171089860363
2453,40.84038531172086
2454,306.19193480684015
2455,150.5892522010069
2456,3.5812772802302306
2457,240.16388734388676
2458,6.096206291242156
2459,3.095333958638628
2460,5.8214654057185
2461,34.479017649389824
2462,59.14941076368077
2463,6.114790543990896
2464,-78.0406078870344
2465,40.424830293221824
2466,183.84114707997168
2467,159.18749821391467
2468,271.43330577215517
2469,265.3398483727381
2470,5.60701638574704
2471,126.95357129819908
2472,2.7833619030484487
2473,64.6823829912386
2474,201.05668465438956
2475,6.401085526326249
2476,77.77522028400215
2477,131.50597843965352
2478,187.1788277920163
2479,5.338225972634266
2480,54.73445251229091
2481,56.10042513907451
2482,2.467845161118357
2483,4.903587165169213
2484,108.65402897502399
2485,136.94569750234584
2486,6.559876880267746
2487,5.178219008271596
2488,-21.783060972800182
2489,206.4465352259708
2490,5.783551372946201
2491,149.2339234633675
2492,57.08509638881325
2493,50.64449863309064
2494,5.882139952747907
2495,5.3412242076116705
2496,195.5606730005115
2497,47.42494821451086
2498,1.9182931648824144
2499,6.753243722136058
2500,1.8889050674358114
2501,96.22765707278025
2502,263.52344670350135
2503,88.62528991446104
2504,319.1457161160696
2505,3.012869056798601
2506,4.436563389053115
2507,281.18952640881656
2508,201.9246217792954
2509,126.81352925779521
2510,6.67612893845113
2511,203.58825814618748
2512,80.19333995376746
2513,171.4620549224152
2514,228.41193312006322
2515,316.867008225893
2516,2.0065669352724043
2517,2.268127207498254
2518,276.4942556633567
2519,4.396430724041822
2520,94.62638011545016
2521,155.4316130566581
2522,2.0252523411432426
2523,6.60507936538756
2524,4.98473148170164
2525,280.9982773299937
2526,4.484721946446825
2527,4.063367147294033
2528,247.44411375554134
2529,78.69068671296759
2530,243.02559705678055
2531,260.61632539107563
2532,17.803447081505475
2533,2.167417348618663
2534,6.105912295631954
2535,5.894048497310709
2536,3.9450635632976927
2537,6.19760395251367
2538,5.823173328212247
2539,145.49259514707705
2540,2.676787391409728
2541,19.195799850851195
2542,-7.357199232542009
2543,5.216386604454759
2544,137.83912971397507
2545,2.4583305717280894
2546,278.8133742189396
2547,26.405989623195534
2548,9.536153794439027
2549,180.2305451267908
2550,119.11008752045548
2551,-36.019254974773496
2552,2.236074020754493
2553,275.0886233046966
2554,2.200883072854741
2555,79.22380602406979
2556,107.93599671809969
2557,4.026652706315005
2558,-1.0418802607412403
2559,6.3748816204452226
2560,188.6616192350424
2561,2.53021530571273
2562,209.7663276692034
2563,233.1745457084406
2564,271.14307206308274
2565,4.81374288367681
2566,4.6740026431521855
2567,249.77846403475797
2568,26.398309602825567
2569,56.11227932195974
2570,3.437315235006352
2571,96.04346887904794
2572,-54.49497842245555
2573,190.23884736540126
2574,3.2841817472516954
2575,4.1421319820103815
2576,3.560480832612302
2577,5.870902717082486
2578,80.7778931425876
2579,6.1177892273991725
2580,4.652881851697817
2581,2.7775585336989184
2582,-16.942565890526936
2583,2.0961116862747593
2584,7.0269916882761345
2585,33.76147170052558
2586,4.197096203018403
2587,222.0686358262259
2588,180.25543032093535
2589,4.994600641244858
2590,64.48693410271942
2591,1.7647512245748862
2592,142.05771545797487
2593,58.61121777155115
2594,53.19829755724833
2595,56.61703179093426
2596,44.16458263059411
2597,5.690940798263231
2598,6.464168240836408
2599,16.005138350750954
2600,3.4402141159265254
2601,223.44226753851078
2602,6.132673055339437
2603,387.34368923255613
2604,166.69102363332993
2605,60.924281027601225
2606,4.086037169874506
2607,41.88942358276179
2608,153.16895643955428
2609,26.859032150958964
2610,2.6217336458008376
2611,10.61744952239876
2612,3.0551731988501634
2613,4.470050255624964
2614,3.1429014363900443
2615,132.33651638567366
2616,131.70294589260314
2617,251.3971460875948
2618,187.46077757481973
2619,4.801651608000611
2620,2.832260980004648
2621,4.032773058395759
2622,2.6056973127379397
2623,1.85478157408481
2624,6.837076362092814
2625,135.38163022733096
2626,285.27849189083247
2627,32.928702387763686
2628,140.24198937465306
2629,4.68913772429051
2630,111.8511973609363
2631,30.467361318617524
2632,6.210922024511654
2633,302.18194166602046
2634,68.55564118400153
2635,172.85370770515826
2636,-49.961679405541695
2637,3.937258702540166
2638,-65.22128292461545
2639,-64.51950846034264
2640,191.32992510856886
2641,3.1536956257367357
2642,5.6807403732918065
2643,156.6556465888475
2644,150.26084238507363
2645,235.80350166700887
2646,3.212438327394704
2647,3.2897739533324164
2648,4.237252134660068
2649,6.459673782944248
2650,230.17659966445385
2651,230.5805648405168
2652,61.933637395456
2653,3.592110934890622
2654,47.16597988216918
2655,226.12839823657464
2656,254.87227609789795
2657,2.889007362183259
2658,11.485263905335758
2659,284.2231120860229
2660,1.8403610178183039
2661,270.3932994558484
2662,80.46304207174362
2663,5.526670865731437
2664,80.7512976499191
2665,233.23537363862962
2666,252.28158237813852
2667,17.34429527444854
2668,32.852817844919734
2669,6.819994687310521
2670,166.14156969258835
2671,217.27606573735838
2672,116.08966839395814
2673,237.83015206238352
2674,228.28329828053705
2675,1.782002347323597
2676,-67.39716216368558
2677,333.1884510418765
2678,6.694264450670418
2679,5.436742816983452
2680,48.20113127471661
2681,5.336705894943636
2682,2.826771997180026
2683,2.507276178222017
2684,2.784774188061696
2685,6.481750916678344
2686,11.650295538372305
2687,73.39280281474736
2688,71.63210182612522
2689,31.619210734065962
2690,130.9303127941713
2691,76.74189362739841
2692,54.95366580670124
2693,172.83650862389405
2694,104.31262518759911
2695,6.729982295849263
2696,109.82648227114902
2697,4.155861585935441
2698,2.9954701257101046
2699,4.223665209222346
2700,219.12510742054
2701,54.841857855828344
2702,24.215027471552308
2703,3.8571017634798794
2704,169.8553927584028
2705,3.053931794532611
2706,5.692005798849334
2707,179.99364001221556
2708,3.3876037590708963
2709,47.28260690586059
2710,5.491355193667413
2711,157.59251673592945
2712,1.8510945823095724
2713,161.70176388236024
2714,-52.16994581815939
2715,4.7059741016838945
2716,3.053330071548524
2717,276.04171260004676
2718,4.665404464776169
2719,3.0178984801654423
2720,6.829536611678876
2721,6.319424469360072
2722,4.6069538509349135
2723,255.93588313285323
2724,6.115849774601138
2725,54.12208474043972
2726,5.380119925935968
2727,306.55180231032483
2728,62.63745652429204
2729,194.28818371343127
2730,190.59970370242306
2731,149.7620177628804
2732,6.576626591193711
2733,224.0579902891053
2734,120.14165645466626
2735,86.89557433315983
2736,44.394343529702745
2737,194.0524025613185
2738,134.05492483082486
2739,105.69250846628015
2740,5.695976602741438
2741,81.15063943203424
2742,1.4023411680606355
2743,-26.97924158073214
2744,-18.979711334342223
2745,5.004391871179423
2746,194.4210583984469
2747,177.55984134258586
2748,2.8682241272623825
2749,5.336492790024391
2750,208.7917201035971
2751,259.18917199498793
2752,2.3581140130427376
2753,105.73259723638164
2754,0.5289301395429863
2755,34.33807716183456
2756,248.38468610741222
2757,5.878205243851453
2758,276.20793460792214
2759,89.18054367121705
2760,159.87803575152
2761,6.474909065683059
2762,3.740857458902029
2763,114.01901757009608
2764,4.590960103121441
2765,93.70772918174947
2766,2.007572777355517
2767,264.3585938815054
2768,4.337100629171336
2769,4.061537453025342
2770,214.37033312247482
2771,104.97635588931526
2772,6.676406759241141
2773,3.0459906595043313
2774,4.983649050194939
2775,6.358953623467082
2776,3.832241836277005
2777,255.2954358272598
2778,35.40078567422343
2779,2.0451063799947824
2780,3.0974867765093097
2781,246.39480515319235
2782,203.55041918240252
2783,6.138494382697103
2784,34.71670300658201
2785,5.870960596601515
2786,3.228717451230694
2787,70.79127229518357
2788,19.520654560951446
2789,141.25949118896355
2790,235.2887587575758
2791,83.91777317597611
2792,122.47971449225417
2793,178.46580284928345
2794,164.69328621233993
2795,63.64688985282022
2796,231.35251657918548
2797,98.78073833050121
2798,39.21530532166258
2799,14.445755702543623
2800,5.105386264238695
2801,4.327696898076346
2802,3.3663989976380067
2803,75.35182922861446
2804,3.8292530158591433
2805,50.87565614362469
2806,6.886457918771248
2807,37.4022551074193
2808,70.7738403836172
2809,6.00461479646017
2810,5.722586797505033
2811,214.02573832066565
2812,5.870352212922107
2813,17.86106502556097
2814,5.919056871666522
2815,280.50964486069194
2816,68.75787780649316
2817,262.2753490411514
2818,127.50804919263355
2819,56.5816875740946
2820,150.12581753672168
2821,58.933022352112694
2822,6.155384211130968
2823,48.53874363295849
2824,266.1749206843371
2825,107.48777721455065
2826,-60.107928848676835
2827,6.513870883525282
2828,5.440795166436563
2829,4.614273220108722
2830,5.454068201572295
2831,5.983087518458577
2832,6.168835128736486
2833,108.46515051619384
2834,3.65047832977842
2835,3.0292166054641925
2836,3.6686702949767134
2837,3.529027002531125
2838,5.814538455172711
2839,1.9607750267821438
2840,81.17471978516221
2841,57.68285386588613
2842,263.4588280295779
2843,6.077271203670672
2844,168.8115362507501
2845,280.8910419762737
2846,3.7038537223725974
2847,66.56619193563913
2848,5.624754374551047
2849,-43.70790857127178
2850,6.722616012690481
2851,6.099076098687397
2852,-13.757038612819436
2853,50.61109448091298
2854,2.2758675403583863
2855,37.321991397437614
2856,5.9457760197797995
2857,41.04972395234906
2858,220.44733083219637
2859,1.741264657827681
2860,143.3984341548981
2861,272.39105423083237
2862,258.7718256988887
2863,2.5618331310090117
2864,266.10090886357204
2865,187.227118233832
2866,2.213823856480522
2867,2.5270921954767096
2868,112.77780722102227
2869,49.03422803761893
2870,160.33237482644833
2871,6.131002322350392
2872,239.45748411266226
2873,5.125751890549992
2874,43.2484335881157
2875,4.9306306250645076
2876,-35.122964439131586
2877,307.9855664779697
2878,-79.76283973042578
2879,4.958772083483844
2880,247.53454044856898
2881,5.218220427678352
2882,5.931472983329908
2883,4.154848056142155
2884,6.654502802324187
2885,191.9482912618963
2886,209.3582009555899
2887,5.875649733152839
2888,2.4169225710634517
2889,6.442396639476443
2890,3.0532644911404634
2891,-64.17947513277275
2892,180.4833301393242
2893,102.00430717067391
2894,74.8661334098541
2895,4.657832452558566
2896,2.4680967407081655
2897,5.660338350773616
2898,115.88075034588383
2899,49.8647761537315
2900,2.999012430684437
2901,42.43739312353471
2902,246.7882080867094
2903,258.509966143337
2904,4.204612651191951
2905,3.6474084878526023
2906,30.965969462184304
2907,4.289713132460058
2908,23.45733327753249
2909,2.1458288798975995
2910,105.66354514490192
2911,3.530379655530916
2912,2.6269282904402096
2913,6.290226725463372
2914,-4.681251854241954
2915,8.510972482966086
2916,219.93444403145543
2917,147.16390011334826
2918,3.881298416993444
2919,371.21513236083
2920,219.78980644557828
2921,4.59620467946979
2922,3.858864709844414
2923,194.54637093952167
2924,4.944891172037735
2925,4.750346760429821
2926,6.060639514145398
2927,3.6896957966379333
2928,6.24510883717304
2929,145.5551113133401
2930,244.25312684254544
2931,2.30942265356837
2932,5.5482903516265685
2933,-4.987966080170878
2934,98.61118333832516
2935,15.258268151920563
2936,-61.79233294916452
2937,6.276761263903606
2938,4.304288273608517
2939,3.169935967743785
2940,137.12530214156425
2941,102.4445745625603
2942,79.40088673105399
2943,6.207168251814077
2944,6.461561159267715
2945,5.885581734910575
2946,6.233451246300795
2947,-49.9101496113321
2948,2.952986146657375
2949,6.673559275268149
2950,2.691292547715543
2951,139.55148069536978
2952,146.8777491333057
2953,6.69148747828359
2954,1.9856225970875077
2955,39.81746785729712
2956,6.388696896335813
2957,107.12975475078956
2958,5.8140337494834755
2959,175.69350907561127
2960,6.24466135882838
2961,167.4626244575384
2962,3.4974749858039575
2963,4.175437453827851
2964,250.47782075183147
2965,182.56258956013986
2966,4.614482877782718
2967,3.7405268416370494
2968,206.85915199206764
2969,-86.57294383765904
2970,2.144536040140556
2971,223.9779433256686
2972,6.4372307144312515
2973,179.03572530067373
2974,252.64957397553908
2975,4.485434509647293
2976,50.40670489108752
2977,41.95907506309103
2978,4.770202462752142
2979,4.577484519819287
2980,318.1432869023591
2981,302.4561200114199
2982,144.4508102163834
2983,141.81515766059943
2984,270.5260236547728
2985,138.64527789461522
2986,288.01201757545095
2987,217.46792909202478
2988,107.46220684783738
2989,100.21778181240948
2990,33.0928807236694
2991,7.008658862749472
2992,3.117425838588925
2993,5.776660560844329
2994,4.367804509669245
2995,10.58784270643751
2996,4.448074349287092
2997,3.4827151840865067
2998,137.15480910117634
2999,165.03708868555736
3000,66.589994931307
3001,3.250664904501675
3002,293.5470238902386
3003,4.267463403492876
3004,285.15562219374317
3005,100.0188092936354
3006,99.88733778726983
3007,6.407296032326654
3008,2.5618355865006883
3009,18.814499969857998
3010,4.402446645359821
3011,57.5493240524522
3012,5.189207635753752
3013,176.77206958110713
3014,6.269253352453944
3015,3.859733291273484
3016,6.092951822753719
3017,6.0310058118519105
3018,4.360137948223812
3019,257.3579324366407
3020,3.1376300808769315
3021,259.98413618675966
3022,270.7031588733614
3023,3.096607957868811
3024,137.07565570749458
3025,232.7102164205211
3026,152.30515362059612
3027,6.169804576773755
3028,5.298822581558805
3029,-24.3006638882693
3030,-18.49779230198403
3031,6.22038980164175
3032,6.526160397357922
3033,4.7501395990130595
3034,136.1063079589608
3035,153.53931606086564
3036,214.82984222328326
3037,5.442412337955705
3038,2.1054859476008216
3039,-44.7235441805322
3040,122.42350977016791
3041,4.958446858564669
3042,18.082321455016018
3043,5.862887505535954
3044,235.74835295752948
3045,160.91242990923894
3046,4.4635144755661145
3047,4.120161390127721
3048,46.32993879281516
3049,5.408346661879589
3050,246.5968536923828
3051,80.33301149095324
3052,6.561945785520806
3053,4.059186231628093
3054,110.70618714837717
3055,175.82030774317633
3056,33.08317993100939
3057,3.270412671569477
3058,103.54806636909089
3059,1.8388152783913654
3060,258.7557131149091
3061,5.19060290265168
3062,236.2894232474859
3063,125.29454466838932
3064,241.0127406791131
3065,226.29717421922115
3066,111.90125149159013
3067,65.14611465749496
3068,5.948495712786963
3069,5.792644210574962
3070,3.827030608894085
3071,6.1812803385779995
3072,219.3157990051685
3073,147.8257984885872
3074,6.247616891719911
3075,5.898259743962376
3076,135.1202686904818
3077,17.40060837235039
3078,95.54979079190943
3079,6.031144652756106
3080,3.1804763867386185
3081,-10.45861184190384
3082,87.5101006993829
3083,150.3845880362833
3084,1.1478456973919924
3085,5.361594195825716
3086,196.26572018438077
3087,3.069744961415623
3088,85.1082859107843
3089,3.5276575737160223
3090,305.9819462967827
3091,114.26497624868627
3092,108.21231146113165
3093,4.20287545550684
3094,174.67185865739657
3095,251.15351667874157
3096,149.5337135187151
3097,4.794360139807974
3098,6.002928567577688
3099,17.650832260245025
3100,89.45104884380603
3101,3.6068362206002997
3102,2.5258457462415977
3103,3.1811938276985634
3104,56.72321120343372
3105,-8.659912287534125
3106,32.49843828681166
3107,1.057035557499231
3108,2.565980756344121
3109,6.283307929738178
3110,244.91899223948172
3111,1.9080516318284846
3112,210.7141036306262
3113,5.431945848267888
3114,27.01771514338385
3115,275.4849203200479
3116,102.40673259043979
3117,-10.672548886306085
3118,266.8826156283821
3119,4.727092235179081
3120,51.12287436029008
3121,9.30161985894641
3122,143.0789535226514
3123,4.029086349429253
3124,2.802561265235884
3125,3.9309722876856137
3126,215.60096412842526
3127,243.49616158896512
3128,38.818575460817776
3129,347.70041426889975
3130,2.0876593396647283
3131,87.67687207294851
3132,196.2515518019919
3133,111.88474424686686
3134,237.49207182509818
3135,1.6926113419505948
3136,314.2766786475922
3137,2.9516325838174504
3138,111.41431358703508
3139,6.021385543759346
3140,1.9766698674509453
3141,21.2070708998566
3142,3.108132232892815
3143,105.09230886496246
3144,252.62290319204288
3145,5.345193653277236
3146,266.58233623262583
3147,110.31166151543107
3148,107.91033123733175
3149,6.814396100851194
3150,1.7180394799095502
3151,252.17314887626324
3152,7.152749624143053
3153,236.6820913130181
3154,164.96532022719816
3155,50.66800594759644
3156,55.72387801168535
3157,5.022214762663825
3158,277.14947663190867
3159,114.89703316197678
3160,255.99488465974056
3161,-51.75182334158152
3162,3.4949025855774423
3163,168.86202705021933
3164,3.0941602328048674
3165,0.2837891771516451
3166,67.63935506688769
3167,6.837365294159359
3168,5.304264609057124
3169,3.5026555499280985
3170,242.8588417879567
3171,2.7417321375828485
3172,211.34128555797312
3173,290.13096318201013
3174,68.47493453542072
3175,-58.03147926093124
3176,3.7084614213778826
3177,3.4733443710868985
3178,166.83846922447623
3179,6.207230066277512
3180,302.2129396503265
3181,190.8564283338483
3182,280.9250050121916
3183,6.16272037669966
3184,74.23826227109676
3185,6.088851643938116
3186,183.4392450521574
3187,283.37998522811046
3188,-3.5710724309297697
3189,262.4948538466336
3190,3.742081727631612
3191,263.6406040787032
3192,60.937483769756
3193,6.2353645816842596
3194,4.410897528641737
3195,6.035710806042373
3196,127.03983408599761
3197,5.597271015964396
3198,186.6528638133138
3199,197.18258300213975
3200,2.1834767621712645
3201,353.44003094335727
3202,4.371916658881439
3203,4.319259110014707
3204,37.19818237459911
3205,6.481728609593974
3206,280.3309090512069
3207,5.87821051297625
3208,228.20371278148454
3209,-19.485296872260463
3210,7.502072195241023
3211,146.35060814093978
3212,242.54348482756185
3213,2.4734626926160868
3214,242.23426021569958
3215,3.5832127163110576
3216,6.019551558220952
3217,128.47112636130652
3218,276.513186869237
3219,113.32139401034603
3220,76.32823672152146
3221,98.47138692618591
3222,271.10603421702217
3223,326.66483906851596
3224,-79.76210602340085
3225,136.04558046844943
3226,5.966731662357284
3227,5.791370041750526
3228,19.24009362480052
3229,273.36223799597485
3230,219.90577225432364
3231,6.486320972741493
3232,4.68325578882128
3233,5.441326072675974
3234,4.393778098945625
3235,96.20280733888116
3236,125.15332940032995
3237,20.224065445245266
3238,292.12589854397214
3239,6.561953776212343
3240,54.74056083102525
3241,5.297364686743454
3242,2.5001392354658165
3243,40.5016410824446
3244,143.02890259283282
3245,5.156471161636946
3246,233.9735989962763
3247,6.216528258079148
3248,68.84592777816866
3249,-20.224041652288626
3250,232.66745838858714
3251,233.27373235724488
3252,113.3568415674378
3253,49.06953800709392
3254,141.71354181222964
3255,6.4766521351995605
3256,6.083498956644296
3257,-36.97652401924278
3258,2.4914666742765634
3259,58.749105354777555
3260,5.871372768606697
3261,97.23794883691194
3262,303.1078691656335
3263,2.026869377208654
3264,4.412283722028032
3265,132.76880871205537
3266,3.6648552805872585
3267,6.691189893842334
3268,3.1403033085841168
3269,4.9369748048331665
3270,61.3746622891682
3271,237.24746122202114
3272,2.408811812563029
3273,189.15348912998013
3274,205.70182468261524
3275,101.2933896154081
3276,125.2331328279467
3277,6.204251427001618
3278,6.147988471746599
3279,3.2551037613836384
3280,132.78408879967975
3281,268.8742295453724
3282,2.8152096270129974
3283,364.1777213135595
3284,348.8771899500886
3285,84.38872692704382
3286,3.156014206246801
3287,87.12961463467538
3288,8.99203367214618
3289,1.8303136988880646
3290,30.052307316602516
3291,215.61929914091965
3292,3.161020720827605
3293,67.35759564951461
3294,201.54131671421575
3295,142.87656133695057
3296,40.52788084537961
3297,229.55028871158387
3298,1.8709262613756472
3299,242.18656076361674
3300,2.987660154697439
3301,217.69215032975183
3302,199.0013660741058
3303,6.932276246264976
3304,233.9361318095158
3305,4.906219712410088
3306,4.555136151249129
3307,169.27884382143037
3308,3.03427301422947
3309,6.374630966661175
3310,-59.50034690531737
3311,3.0176654314228055
3312,3.8725642554011226
3313,2.64449118233829
3314,5.705501782669011
3315,3.537778210075413
3316,292.77750528246577
3317,305.48524018842335
3318,42.36544419018171
3319,1.9009225527055449
3320,2.4651730331021184
3321,5.105120962017106
3322,165.13750993286055
3323,4.66324032934892
3324,3.7524464504121346
3325,311.6168944937466
3326,77.81629846478744
3327,-74.00032592320993
3328,6.4992805007667
3329,1.8727693068185312
3330,184.38999161610803
3331,94.40219051089929
3332,3.8105295621735236
3333,251.37561459901016
3334,106.6802015556086
3335,3.416904027888382
3336,4.855895622875693
3337,2.55833724518831
3338,1.7539909022138356
3339,16.028230975697895
3340,40.32342072389177
3341,63.31055245471263
3342,207.02901534053444
3343,92.04087871254917
3344,3.916124262153997
3345,275.6089071837878
3346,274.6540404830338
3347,177.94138326189264
3348,62.939299365450395
3349,5.755464503238662
3350,3.7398636393042564
3351,3.271176594415889
3352,1.814600636467944
3353,132.87328397109363
3354,64.94713254031873
3355,3.1263316879340897
3356,289.3591310861973
3357,3.0123286660365736
3358,219.29747309568205
3359,115.76653358566735
3360,97.61914534241998
3361,3.145356958909573
3362,3.5412240352704862
3363,3.434461218217074
3364,53.3642603757387
3365,143.63496178855658
3366,11.280291902297748
3367,3.325827597487653
3368,157.35556107754746
3369,4.349245595096367
3370,68.91934925003967
3371,15.332013272268403
3372,206.27402819936205
3373,61.659411120679614
3374,325.01155723085327
3375,2.440618715459885
3376,2.7869599230822213
3377,115.55166941126281
3378,5.7747099666407
3379,49.161599115140476
3380,356.21638805181726
3381,6.682141679509766
3382,118.18837771764991
3383,6.439642408291329
3384,73.65307967286938
3385,4.4551252549605
3386,50.94925239774262
3387,2.1834295732101365
3388,186.63440141509656
3389,228.79425144793555
3390,2.019932853653742
3391,5.64035680454331
3392,5.172637813853943
3393,172.30793756033174
3394,120.09303097504763
3395,5.057440891832449
3396,5.387683676754001
3397,146.83700377826364
3398,2.307104351430023
3399,206.19750667374623
3400,196.01222431474963
3401,5.3231579850317585
3402,1.0472998626593806
3403,81.0522159885342
3404,110.77825485308013
3405,169.1228215410442
3406,182.94399202046645
3407,4.138875351691382
3408,95.7443997138518
3409,102.01861568313751
3410,6.021626521492966
3411,5.5515128271084855
3412,48.992783342458026
3413,2.1541954529095446
3414,6.631740475376846
3415,104.29175630548824
3416,102.80291959254156
3417,169.44064676239492
3418,153.45608542761883
3419,49.54722083838368
3420,64.8306589210886
3421,-9.544369548236103
3422,179.44035784727154
3423,2.0584245740222986
3424,3.8392100775503937
3425,76.02612306727552
3426,3.5229625254783303
3427,65.90665054340347
3428,2.9375113796853642
3429,316.90408167820294
3430,308.4166003658263
3431,94.4494451171391
3432,5.993669942311564
3433,88.6187796170422
3434,1.9878562669439777
3435,309.21351622706425
3436,238.41867260645074
3437,3.428888313688226
3438,29.70401596064265
3439,289.9217053575524
3440,6.430870195152595
3441,4.842169111288554
3442,247.0792418314354
3443,4.9740334192103735
3444,204.5265287810865
3445,3.490535293883566
3446,6.0004888402114585
3447,284.6992242835144
3448,5.084731953301671
3449,5.608183064949788
3450,112.07061219579256
3451,211.87327145174578
3452,2.040948624802641
3453,2.5986777557626843
3454,16.60765585161615
3455,4.229870840900372
3456,6.117069601709762
3457,3.9643619551963227
3458,6.159650991478465
3459,173.00510144638892
3460,-53.594499076738856
3461,3.1581233031547615
3462,34.41810159956248
3463,212.91842410281237
3464,4.529370867098819
3465,2.984879391316529
3466,5.947459273162702
3467,88.51424919044499
3468,34.34664256867328
3469,329.5548075381678
3470,123.15712846385868
3471,8.089126266330883
3472,273.72185292963263
3473,6.472696091042635
3474,3.601597527063858
3475,4.8134812358742805
3476,49.28507075411757
3477,3.414539151264509
3478,6.540015344970627
3479,2.765648199566518
3480,128.4880240097044
3481,133.5107672846577
3482,79.0714309583798
3483,58.70680671098976
3484,166.28644027848117
3485,2.3538251187935253
3486,196.92628953023973
3487,5.945736885961789
3488,4.690934588421665
3489,2.887116552408738
3490,5.820282576399041
3491,3.1999921810849274
3492,2.4687412406130917
3493,291.35228991761835
3494,123.48436702842046
3495,6.396488558964234
3496,1.1801336089121657
3497,4.041316722199702
3498,6.632660447559194
3499,-19.98249397945331
3500,120.2584223707931
3501,284.00963280685505
3502,5.967851253821622
3503,4.001909355066544
3504,47.39439564355903
3505,166.57649770734105
3506,82.63978604281054
3507,6.201049439050837
3508,3.4942743033989
3509,3.20154507242918
3510,262.82590561962826
3511,1.980600272111522
3512,74.32382003536956
3513,96.72974944750261
3514,3.2278108148559834
3515,64.76931720589218
3516,3.0158159875119006
3517,189.66873876020875
3518,4.3402084011440225
3519,218.53168379920515
3520,308.6823391544082
3521,1.8605130968151988
3522,64.38855272755985
3523,5.084416070905582
3524,6.6017592840230375
3525,5.310945064138156
3526,46.978291220677924
3527,1.6041635303420099
3528,299.9728654337787
3529,221.19005402718616
3530,2.8885894133595964
3531,86.71952144604427
3532,256.17680490823415
3533,51.48892253564228
3534,8.080578315191145
3535,78.99528088084836
3536,3.7909242850948472
3537,80.07510192398229
3538,6.5957187397246315
3539,13.61265204382051
3540,154.21930797852667
3541,-26.918074543203936
3542,3.1280295703772234
3543,188.72117842312613
3544,26.809575118196953
3545,2.5694448294646737
3546,5.885871707986863
3547,170.38531260484822
3548,4.963681171469875
3549,1.733099980832927
3550,4.404917427572016
3551,5.1031784269773
3552,5.653184860713793
3553,5.892768824004901
3554,176.97701685549472
3555,4.028577366344226
3556,1.9725549626947878
3557,104.30307248352022
3558,5.0302126454146725
3559,89.5338708356478
3560,46.244082637895325
3561,6.249952436202454
3562,35.44518780911835
3563,-46.06511853219189
3564,5.924333518793178
3565,5.208855609450483
3566,167.7683034815894
3567,1.9730238088300343
3568,249.21639122340991
3569,182.7371771920378
3570,75.43626606432713
3571,204.02997089802327
3572,1.8899558997707635
3573,5.7918104097474865
3574,5.611203665279783
3575,1.6983752943239294
3576,4.851026018863633
3577,6.062613159364251
3578,46.694540133052044
3579,2.0128837115800975
3580,68.36561667909851
3581,244.93084577628122
3582,60.04911376749989
3583,86.61437647631747
3584,6.522900243695482
3585,33.84804742842115
3586,5.877581854804408
3587,39.38523092677001
3588,3.499544549010299
3589,232.65527399200613
3590,3.242379128027705
3591,3.5481947498093898
3592,198.85510834789505
3593,4.797644205177271
3594,23.56403935600151
3595,6.678471217040869
3596,23.95319568172325
3597,295.7682838115172
3598,94.27682586199707
3599,95.111135336554
3600,2.6450553775797103
3601,299.1284877202777
3602,40.7236848910747
3603,5.4478595496015805
3604,3.363103332403556
3605,148.36308693100816
3606,2.108238208078307
3607,3.704051009173704
3608,270.73751726857665
3609,182.20462636113592
3610,91.37805727366461
3611,5.276796828706058
3612,277.0548342005282
3613,6.313189426380828
3614,4.952196811874768
3615,6.661654060095675
3616,53.265149552734584
3617,4.994275239620574
3618,2.9046257884365327
3619,-59.94378678127864
3620,20.974135528488215
3621,68.44247669333856
3622,5.201813472105154
3623,256.9247844487206
3624,3.757745629921668
3625,136.27471183748725
3626,53.28859124195972
3627,35.64113450850882
3628,6.133487826447192
3629,37.43638967676912
3630,278.0896218635506
3631,307.3047550039943
3632,244.21787651365045
3633,254.45975092449973
3634,104.94650617403617
3635,145.61096609501575
3636,4.527715308853377
3637,32.029702480748014
3638,73.15044446947181
3639,4.883274446794675
3640,298.63236760558823
3641,221.37020943689498
3642,149.85761627710917
3643,188.6551295703989
3644,6.592753857664899
3645,128.9469268533298
3646,2.4119851854461505
3647,6.150456311904421
3648,240.22945277330527
3649,-0.9750639627571687
3650,3.46284136380365
3651,180.74724587785417
3652,42.07911724185922
3653,38.66075914573829
3654,62.09737664725743
3655,2.055370057616063
3656,160.18959792910778
3657,5.784047959127182
3658,7.818490052860861
3659,4.6681614746530755
3660,5.930738181182785
3661,88.22045846514753
3662,2.016303759483264
3663,5.670413836180687
3664,123.65287528551926
3665,4.534779218139522
3666,278.9192637592811
3667,242.10791619652332
3668,246.57216645463248
3669,241.22166802020087
3670,6.473542513064066
3671,6.418367124729282
3672,222.52472318889775
3673,5.1719010272009704
3674,305.12702890045966
3675,139.9369013751478
3676,52.53393287729035
3677,50.706918401302545
3678,-6.87932825541223
3679,3.94360772570209
3680,3.9758803195912695
3681,152.26868589903856
3682,71.0011110031732
3683,198.08752049358648
3684,43.34326423417487
3685,143.07751880494078
3686,290.3762629928619
3687,107.32647795218774
3688,293.02782481350897
3689,2.41197796148482
3690,177.42504265682305
3691,189.36604015450584
3692,285.08559224403683
3693,282.83744076105774
3694,1.8337327284788025
3695,245.79658641565135
3696,218.78848648081797
3697,0.848167330160605
3698,-41.174044653964906
3699,4.122563656144772
3700,5.724427969286267
3701,377.0061484199786
3702,3.8401130334145397
3703,3.919667756110959
3704,6.1525662965232675
3705,1.2502866712500675
3706,74.7956594421508
3707,-14.587208761381365
3708,114.06761134202736
3709,3.180798942535457
3710,6.358891159429805
3711,323.2856298104842
3712,92.64538191441751
3713,5.550313829725161
3714,314.11052720739275
3715,2.686802165762829
3716,1.9759640748339262
3717,131.34729734966933
3718,64.77429175475837
3719,169.10331837250382
3720,143.11522967442866
3721,3.1681459534874867
3722,4.06497623437528
3723,3.29602912628828
3724,1.9019805652058266
3725,59.80638005457456
3726,1.6851327384563481
3727,219.33032965446168
3728,78.3585392100695
3729,-35.587250425669225
3730,149.35653473906876
3731,85.81150973758123
3732,3.6026300568655696
3733,-51.520068566511064
3734,3.227338858443988
3735,2.233062881696166
3736,-2.139082791374011
3737,5.935249705516482
3738,201.59237813322986
3739,-29.26303344552037
3740,254.7847600098263
3741,53.774977676236226
3742,256.41892060016426
3743,2.2909601036586373
3744,68.06699680305499
3745,-3.3230077188967497
3746,4.588137915037421
3747,4.8790533840210575
3748,219.6332713941346
3749,79.17341101410605
3750,1.6131478386125941
3751,211.66199957920134
3752,91.90401142660457
3753,4.923345614889987
3754,3.823109590570859
3755,60.576164164816966
3756,5.614474090643978
3757,24.312845134747253
3758,5.948304989844078
3759,54.739280295774854
3760,1.913871738361101
3761,6.667520166136817
3762,5.902955705707185
3763,133.95541270373985
3764,187.55932025057697
3765,384.3720910089897
3766,6.4432306349235935
3767,294.32726146785353
3768,68.53927682775496
3769,1.6497074683505286
3770,164.68832454216027
3771,3.476359456588931
3772,183.43833184357842
3773,221.25146895080053
3774,2.541911008558159
3775,3.507327546333382
3776,221.766888942069
3777,6.49789076893536
3778,241.6317341505539
3779,280.4327311697349
3780,5.780259303670259
3781,6.453612533711072
3782,1.9588853219157478
3783,1.9687015326461954
3784,5.523317669672636
3785,32.5761519279503
3786,87.72016765669851
3787,6.040993814799661
3788,6.6863036819550015
3789,304.90758342756413
3790,6.798724274127306
3791,6.326268277640213
3792,3.5935735077112727
3793,15.364449408831655
3794,1.8063382488988862
3795,227.88608007350942
3796,190.17501446422457
3797,4.520154493643401
3798,180.77653350483195
3799,-59.35701555784969
3800,231.9078991057672
3801,115.26473024041547
3802,163.6323073908329
3803,70.28246004471774
3804,64.69958994246895
3805,4.820489321420376
3806,3.0591831058512096
3807,65.83372504977486
3808,3.4523188052110463
3809,-60.59976792706109
3810,2.538656855585211
3811,4.611344046570029
3812,265.3120712504727
3813,4.00950040772543
3814,281.1065174419452
3815,7.159445491667365
3816,4.041792028806498
3817,48.54819329139879
3818,6.466644598840429
3819,2.479376380365728
3820,132.63124104104853
3821,7.72686887721005
3822,5.464407900492143
3823,252.35904221582427
3824,5.316880803539251
3825,261.27411702758593
3826,5.999772060634726
3827,289.2969870445673
3828,279.9760899398556
3829,6.578932932250322
3830,226.045597762706
3831,59.96971509113024
3832,1.8304184219155704
3833,62.43666612012761
3834,62.45629986474007
3835,2.511602896051039
3836,5.254786691696896
3837,6.749242356489809
3838,5.835849019165588
3839,241.22830035029196
3840,5.840006885852667
3841,129.9430112703386
3842,3.6117749330916022
3843,232.5647765924374
3844,5.671136700160698
3845,6.232185175442901
3846,6.3335092795851144
3847,86.56400496885826
3848,120.52271322467448
3849,195.92596992108406
3850,32.46709539206919
3851,135.64959343077558
3852,288.0545289889466
3853,5.313469320531569
3854,239.96800652854495
3855,1.9323259884423154
3856,75.20689954751222
3857,3.7914797147530965
3858,2.9700216563579325
3859,244.4103012912699
3860,5.886522813224285
3861,-60.47940293051589
3862,-3.3412685369892308
3863,3.353956769775146
3864,2.8350788574804024
3865,274.54171009996026
3866,4.362593054604427
3867,180.19444272289624
3868,4.786904804611766
3869,3.169935967743785
3870,101.99419530583931
3871,31.9568436161405
3872,3.726074855229995
3873,76.02918680253512
3874,328.19440879091235
3875,256.60276865440113
3876,111.96852223746218
3877,-62.68787934740733
3878,167.88137452106727
3879,260.6320014110333
3880,6.449755765133271
3881,3.574733541097806
3882,2.220057671056637
3883,179.10514102014358
3884,174.98548492938974
3885,6.368832613178282
3886,5.39321492695397
3887,6.386435806178862
3888,2.7513192975720444
3889,175.37187661644188
3890,1.41258845789727
3891,3.2443651813326864
3892,130.27173287164698
3893,3.8180269075771838
3894,302.7731490938758
3895,-22.323803760823548
3896,16.311534689580274
3897,248.4234407940147
3898,189.9576463452888
3899,1.707639363854166
3900,73.95501121079873
3901,137.00922808346738
3902,2.7003520617100967
3903,27.615873252130047
3904,59.82131787623616
3905,3.5802583162184427
3906,7.765005884968458
3907,224.30404364140685
3908,148.12106892777425
3909,3.483037153500313
3910,3.9653884276430107
3911,251.5610307524673
3912,4.27172002259106
3913,29.076471567275032
3914,272.75724103492445
3915,6.4633330080166935
3916,5.8398883956070256
3917,3.766181119322528
3918,-23.12445476937378
3919,5.132067331303841
3920,37.251650622436244
3921,77.05745041704562
3922,7.226010738273162
3923,2.9711749976867763
3924,347.1794169167411
3925,77.24549926555895
3926,1.9397799212068756
3927,240.1682314000107
3928,3.2417385435179282
3929,5.064322529378706
3930,6.228710970927663
3931,171.77847771082926
3932,4.444691296680872
3933,2.758450828711923
3934,6.285423502115829
3935,229.42171188769285
3936,1.9801725092192595
3937,3.1706115925191627
3938,3.5340000659173274
3939,269.42554002701564
3940,6.264861582519604
3941,6.469405428702238
3942,5.104689602960886
3943,3.1009520824924026
3944,6.889676041460268
3945,318.5796297237569
3946,192.62074994185673
3947,43.58902166569502
3948,165.14629431846583
3949,5.681548775596671
3950,237.81175986882837
3951,1.8199099091559086
3952,89.88428085262895
3953,164.6651148135853
3954,2.755825013669735
3955,6.240250755210565
3956,147.1492135342249
3957,47.54815057644833
3958,127.154794766108
3959,227.25901622657526
3960,6.1075245017914055
3961,6.543877585755925
3962,90.82343044235776
3963,5.9075438399938935
3964,115.86627343289656
3965,6.0882359021287
3966,3.3945401702224216
3967,3.891934500326573
3968,177.9122931747978
3969,56.11122484051642
3970,2.7091443698414754
3971,3.4078788704598995
3972,3.0471995741912834
3973,3.4176174725074273
3974,33.06074834859899
3975,11.870075950827326
3976,3.589102522165936
3977,4.088936209586453
3978,3.593529181629642
3979,124.25648202827229
3980,237.0268968188607
3981,260.535739067342
3982,5.514603167914315
3983,3.5371210509146582
3984,359.6496408552825
3985,222.91630276130223
3986,161.4060728491386
3987,89.79888245932285
3988,3.8832528368683192
3989,-2.85284983512552
3990,94.34495943393128
3991,269.1492736859238
3992,6.023833808432507
3993,5.594847964447168
3994,44.41177562990707
3995,136.86172085933043
3996,4.122083514294578
3997,166.14156969258835
3998,2.6591353144495873
3999,239.4642700272474
4000,5.520201965488837
4001,4.288487281337831
4002,62.35811779899604
4003,152.8804263954184
4004,2.4188331366699156
4005,317.95289812561515
4006,77.9707382843248
4007,6.792657479874302
4008,3.5811781008913943
4009,5.892984574586304
4010,216.64867545891687
4011,2.992275468947721
4012,6.466108672837542
4013,235.8295020273855
4014,5.900640504520428
4015,6.208470902500957
4016,61.52840227765513
4017,116.53225165610912
4018,108.72675718588484
4019,1.5664627889785883
4020,1.962118804762853
4021,117.57460597903716
4022,65.95602157197699
4023,4.376761749148825
4024,112.92934455305735
4025,76.3783655109006
4026,36.275925886125485
4027,237.5042679463929
4028,102.47709024824837
4029,6.866515086320613
4030,2.3439377587552945
4031,108.70074939401287
4032,75.14192929736421
4033,2.814439314292335
4034,219.7634674427606
4035,148.4874061293233
4036,3.5909115572377233
4037,4.000846375308944
4038,5.999745476787301
4039,5.858440983211729
4040,95.76430690215635
4041,300.30870719729205
4042,60.320733862293864
4043,250.73855024016464
4044,4.316632009513749
4045,56.383352459736436
4046,5.9094772378360085
4047,4.163246913351212
4048,265.94132264362196
4049,120.24551437514167
4050,265.0042355045827
4051,65.83921975150854
4052,2.504924508354106
4053,4.1886905833715975
4054,5.690826856790645
4055,4.3043518561809995
4056,249.3170041621395
4057,7.006841083660003
4058,290.60282924020845
4059,112.29700113204538
4060,243.53222908345637
4061,103.42378272501327
4062,3.8297557879696087
4063,2.0812266473535996
4064,175.26819217955716
4065,1.910022112599415
4066,83.32176858800143
4067,151.3247148638003
4068,187.62332734325193
4069,331.83761037018076
4070,2.7422012489530876
4071,2.790424275600904
4072,1.7931868130121582
4073,3.5713963002808775
4074,3.9578173385543707
4075,-13.618280661368631
4076,44.45847177132132
4077,4.817780990225451
4078,6.2537021843652525
4079,6.895582719907256
4080,271.9276488941286
4081,3.267375336273473
4082,90.03121645660528
4083,3.983868646255613
4084,13.636834206905332
4085,28.300849124654643
4086,7.381061802722075
4087,4.012942303765872
4088,4.980361697597702
4089,84.73752052466392
4090,159.32530899556548
4091,4.460493349969381
4092,61.61041005273445
4093,9.764531279345794
4094,5.013069777444656
4095,6.574675241578099
4096,2.4948136089376907
4097,2.660766118995885
4098,2.848849428867179
4099,-1.3321404734230948
4100,30.48040043817319
4101,6.217542342232439
4102,4.471911667344307
4103,66.32172382031355
4104,190.15928059864117
4105,5.948190174765898
4106,119.32175853066286
4107,72.1616243004975
4108,82.42473106628246
4109,244.73401269496634
4110,6.089776995390616
4111,100.48299721312233
4112,64.76859000293314
4113,3.1367360126130728
4114,5.192856995814079
4115,59.59807050813292
4116,147.67095878814146
4117,102.4384097847607
4118,268.2590274452369
4119,261.01388117495634
4120,234.90460993279612
4121,93.29077464606556
4122,-2.59003138314834
4123,2.3787136280972394
4124,101.56982295333351
4125,2.4926256878013735
4126,85.99579137428508
4127,5.900681953403107
4128,1.844037393634444
4129,6.052951046718381
4130,2.3268297472040924
4131,61.36893529161293
4132,6.130879099047246
4133,4.790457885339763
4134,103.75734386274782
4135,-5.975070969124035
4136,148.25994417549873
4137,337.4106734934433
4138,-1.9916205984601412
4139,93.30901303064562
4140,47.35717729997453
4141,4.155456242593868
4142,122.78870380976018
4143,259.09782098897836
4144,85.25227936650441
4145,180.38819676455037
4146,58.870014514384984
4147,81.31086513559568
4148,256.6196900192756
4149,41.79216333707193
4150,38.59567642536623
4151,73.49501854288853
4152,121.27663617965564
4153,4.151928134881394
4154,372.72019010971263
4155,165.39197291573566
4156,3.2841350372705977
4157,5.829407116946523
4158,4.136726277191289
4159,4.230210490527312
4160,173.93641448881561
4161,173.95865577697433
4162,6.061928939459158
4163,78.45318532545427
4164,188.92593722399388
4165,1.74707985626574
4166,53.093253753667646
4167,99.66289236260039
4168,24.132744696968544
4169,2.5173384945660913
4170,-16.645929459662778
4171,69.50949932715297
4172,4.6000177502757476
4173,3.5219608642527684
4174,74.74880756445131
4175,129.38734641504232
4176,1.9602428406842827
4177,3.7235193244098963
4178,35.67888171307631
4179,127.66313666289109
4180,170.08518520918742
4181,61.2308274102488
4182,48.214888857040854
4183,56.06350850176673
4184,199.42333819526553
4185,278.2664467245827
4186,2.9435631321835807
4187,93.82273765202322
4188,3.9863623600209688
4189,4.632662798475235
4190,117.4245663824319
4191,2.068863875839174
4192,39.00562360108081
4193,46.30016032282918
4194,5.894911210995631
4195,4.18160956090108
4196,127.04076994429718
4197,6.37381078407293
4198,3.1126738332753123
4199,4.914565156492649
4200,273.6280735137575
4201,259.2696523841125
4202,163.45632804390573
4203,5.920578673589785
4204,94.38233913328385
4205,4.973568037159318
4206,7.613446137868718
4207,140.38823104370843
4208,133.43637770064703
4209,227.71862108990803
4210,-58.260657719511
4211,2.363101948437784
4212,5.817174535551233
4213,20.013447347470127
4214,7.097810805862965
4215,3.139599332665804
4216,2.1278635102879955
4217,2.972925078145147
4218,5.812811904369867
4219,59.80576997888748
4220,66.78732102889502
4221,2.221611109829278
4222,105.19684354906941
4223,2.7186277394736735
4224,6.325533358559026
4225,4.9251892306058895
4226,258.83905876504554
4227,2.195509826112561
4228,194.78698803911192
4229,121.03804156412731
4230,3.0646824297423376
4231,1.9858434913062049
4232,54.59665406742605
4233,2.996148103241197
4234,-1.966956597805197
4235,74.07025505184231
4236,260.29685021288554
4237,160.29495487266072
4238,2.774921330885237
4239,50.914636428917966
4240,6.030613795325707
4241,46.37307221753457
4242,221.7450245700188
4243,-71.45973335249124
4244,332.7717241212107
4245,5.0604580292956225
4246,1.9753818453917626
4247,3.9467323207950082
4248,3.9774511678819007
4249,-13.452020479139415
4250,6.328311577894573
4251,279.0160205015504
4252,6.326791241228473
4253,6.312968308147561
4254,5.493193335789381
4255,-59.42543307523106
4256,7.313202603171397
4257,92.21209178442108
4258,2.484075559216155
4259,1.5917669670847052
4260,83.51506147540508
4261,2.325256533873425
4262,266.01952420201974
4263,79.93422653270503
4264,2.5544607540548308
4265,36.164327534281725
4266,4.56117929144756
4267,6.11721145992455
4268,6.097785731005104
4269,158.9109651183692
4270,212.93824134868822
4271,122.2570348620273
4272,4.446775377940335
4273,7.726789303649476
4274,103.15312309483375
4275,6.090116435940198
4276,305.9522907932454
4277,236.9895460309821
4278,362.2564989763227
4279,298.8972512955775
4280,120.76769919964282
4281,73.6631237042705
4282,23.783754426080396
4283,6.536606737841393
4284,4.692436044487485
4285,109.85144009423493
4286,268.9744783256694
4287,1.7332435589875241
4288,141.551270030229
4289,222.65431008481224
4290,205.89354765645257
4291,3.294493596200247
4292,4.995074980667622
4293,-11.777571495332268
4294,-49.055929242826906
4295,1.064410044832514
4296,5.558551432042188
4297,6.5478542993819016
4298,5.354009067853394
4299,70.77131148199551
4300,50.129860038809184
4301,-19.408890583846564
4302,97.54165472534041
4303,2.3831523645985997
4304,-50.364373624887044
4305,3.851519490544515
4306,296.3461453828182
4307,2.873007660832371
4308,52.40281025755662
4309,4.710686379694013
4310,2.842376266569373
4311,4.5537051151657195
4312,266.51336841066365
4313,3.1378761542446054
4314,2.859070190719996
4315,225.1669176963118
4316,1.4064848649597534
4317,185.54148557946644
4318,6.011286082640438
4319,54.02930032310782
4320,138.63791096783962
4321,4.057406243923507
4322,299.482198242747
4323,89.93414110788434
4324,3.4533563359003665
4325,6.440599560673236
4326,3.780589458105666
4327,112.82201262304797
4328,154.15185820132746
4329,205.34264866666564
4330,20.48638364080962
4331,2.8591208599043076
4332,2.4096992875520686
4333,256.5849792037076
4334,3.469210671434698
4335,3.121221394190503
4336,2.134016180693588
4337,6.063798943865186
4338,2.259871338691852
4339,5.051438951057361
4340,-5.387298443020502
4341,73.14099788253195
4342,190.17291865130198
4343,161.42262907990315
4344,151.93775614200922
4345,5.875591772451108
4346,4.767436996789091
4347,235.09708554947136
4348,5.4567833374129995
4349,133.33189340768695
4350,-36.776390108513176
4351,145.08556889056152
4352,162.79406927435423
4353,5.1152570495093626
4354,92.92034573201117
4355,126.30999384141124
4356,1.882725495121701
4357,4.977870141578327
4358,307.5640837241507
4359,215.43945131330577
4360,3.0974387425759167
4361,16.73364045383014
4362,0.8980744810273005
4363,3.723993331605755
4364,4.905406474913144
4365,1.6247388457647776
4366,3.3306386996397217
4367,253.66243447649424
4368,-6.845169656660623
4369,70.79758678834298
4370,6.443540944955898
4371,202.21065971033113
4372,67.52725668358241
4373,315.5282384571189
4374,6.314468988153461
4375,225.93416103992308
4376,266.95455046653433
4377,5.3622619199111785
4378,6.097901553099202
4379,174.81431481627646
4380,3.0816745065690756
4381,2.1657303211972603
4382,6.5609820342976
4383,34.57749312154041
4384,5.417191370238753
4385,206.5290961776762
4386,27.437551738146066
4387,308.8015515929502
4388,80.35380210125281
4389,6.5581149391078455
4390,4.514835148187109
4391,3.7602742608861233
4392,2.6752708441976893
4393,122.44574403423549
4394,109.74888565750094
4395,3.1337320753262707
4396,2.3086667877531872
4397,2.526871402237709
4398,6.392136545051466
4399,3.130194458290555
4400,224.74298421863747
4401,6.76729457199713
4402,250.8750210718533
4403,262.1234346046015
4404,274.0920899319595
4405,358.4204489672267
4406,21.555066163526046
4407,91.37110376420469
4408,6.321030282116628
4409,103.93364377005601
4410,-80.68939581072001
4411,2.698511229357972
4412,288.87895362286895
4413,192.19848628621676
4414,3.931850330643012
4415,214.81100073473766
4416,75.99031193322399
4417,2.6039753157896475
4418,209.71459305491095
4419,252.37220299502872
4420,330.0326126919735
4421,343.43762160508794
4422,2.586114311135241
4423,2.428898641130915
4424,52.814189133596656
4425,178.2447584249361
4426,5.260700941317927
4427,221.86341672315677
4428,6.35100234147487
4429,4.726076052374279
4430,5.505241471293159
4431,175.7545766076147
4432,3.7918048877191195
4433,3.7092454033885365
4434,126.87250157024106
4435,5.865550978625916
4436,6.005894826548749
4437,5.7919290528832645
4438,114.24614220978259
4439,6.43279039926878
4440,257.18519721289954
4441,1.7019059878199168
4442,282.9841459237286
4443,6.178286040464121
4444,285.08379501023654
4445,3.9191669449077717
4446,3.7048629558971444
4447,93.3464205997793
4448,4.837329309117838
4449,-7.612034667171695
4450,98.71290002525748
4451,99.49964119805108
4452,271.53335470913584
4453,263.54386342524185
4454,4.711959850784351
4455,5.993832150963291
4456,195.3513691272432
4457,3.9760458091583124
4458,6.993544455116751
4459,103.22365963584271
4460,0.5668417922184291
4461,67.69936698159856
4462,168.55841692356017
4463,53.560129613720996
4464,3.9080774306856165
4465,99.78859862610193
4466,4.527260137377188
4467,45.892895075858355
4468,1.7713700577044447
4469,2.458201282360369
4470,4.814747977892862
4471,2.6537255625439244
4472,234.23941433106282
4473,4.052197360236715
4474,226.72500092266347
4475,3.527455507079338
4476,88.04270658648495
4477,5.836478536781764
4478,4.133725880372224
4479,125.2004435178703
4480,279.734350510379
4481,3.959844929152673
4482,194.17979379427533
4483,62.15648368275709
4484,296.0061640842357
4485,221.1608435229739
4486,2.1741177558287226
4487,128.5969094168807
4488,64.49228910003431
4489,-38.77381128136501
4490,88.24414030525834
4491,5.529713304958766
4492,289.47172710498916
4493,299.8099196288404
4494,34.775596364058394
4495,2.5671424378827847
4496,91.54723632989321
4497,6.754078573993854
4498,208.63871033234093
4499,306.4115913955686
4500,143.0231987184126
4501,5.9958014654219225
4502,5.820296402503261
4503,143.44375989702414
4504,21.776407560421244
4505,80.654876739697
4506,2.595506921151645
4507,7.475854699127852
4508,155.84653275350567
4509,53.813940138528956
4510,2.2119665107144564
4511,214.88336777700772
4512,65.79987009527306
4513,98.69134000861209
4514,3.2113167486579144
4515,2.984443638289139
4516,3.290782201215198
4517,4.898701630033428
4518,14.806207747977993
4519,142.64722071882593
4520,72.7778525169015
4521,2.912680535795916
4522,56.461786585076545
4523,6.745156518303842
4524,193.10462934075977
4525,17.521933189917434
4526,2.267183395834668
4527,114.06051451630984
4528,117.3785376103096
4529,86.17503858227003
4530,139.91107388417424
4531,3.8954647784022614
4532,4.476525926980496
4533,4.496107613812175
4534,59.92244805210891
4535,6.221109835693275
4536,2.172740341887373
4537,1.8119287754666522
4538,6.249446593137271
4539,327.448078603575
4540,167.45319266634064
4541,3.786826763386983
4542,2.7010936153914145
4543,214.4004411493923
4544,38.99505320240401
4545,5.3003929939572
4546,38.460977722341184
4547,5.823930716590592
4548,190.56027647314332
4549,4.388635111711995
4550,197.98655994831518
4551,30.806825032413204
4552,114.9129461429322
4553,118.75776311832486
4554,4.776177405642661
4555,173.791822837927
4556,272.95307810436947
4557,4.986798370241975
4558,4.5470592365636096
4559,58.198126449698364
4560,7.296940868936753
4561,5.260047724853372
4562,181.62136788002945
4563,49.74065312006334
4564,259.0571298222496
4565,48.159246915039894
4566,226.64902550596506
4567,282.44662972748415
4568,146.6055441343782
4569,5.297853897861653
4570,189.40962306114218
4571,278.87036864533457
4572,5.088568596020546
4573,3.1227468740757156
4574,1.8341750263417085
4575,5.912964270516057
4576,181.80966463115877
4577,241.49905850076576
4578,78.79567725058432
4579,23.088031739841995
4580,0.8280403114647268
4581,363.6297042548269
4582,64.65480602672953
4583,0.9308651567968509
4584,286.57098670846244
4585,38.82150323325456
4586,6.144718341505708
4587,3.3164239692121087
4588,1.802645663025579
4589,3.957246441811095
4590,3.0576670913755897
4591,50.47106045543403
4592,4.863793354140784
4593,118.31089735444031
4594,-23.786485607881822
4595,2.719669093189433
4596,82.28872336093649
4597,146.7777749324315
4598,4.449185737776219
4599,-43.29064147941657
4600,82.29426207068792
4601,7.204191219932847
4602,5.555547102907029
4603,5.581712183025461
4604,95.68736546308871
4605,1.9928648904390525
4606,145.06791890768196
4607,51.043193576643176
4608,4.247135201664047
4609,212.5871095662841
4610,157.51562107670526
4611,98.48813158075173
4612,4.155309947695379
4613,-57.1945572890788
4614,72.52063562001624
4615,-45.466477274984584
4616,4.347700363698916
4617,5.065104282447732
4618,4.104065200970504
4619,5.912164170976531
4620,6.595621877724843
4621,111.5763432856133
4622,4.202019581017386
4623,6.272698936839844
4624,1.1504217957109717
4625,100.79341391929809
4626,50.86926693808444
4627,4.832959975495798
4628,5.987054260882714
4629,91.06967257456202
4630,5.810031932717581
4631,-23.968044267911353
4632,6.682419890393689
4633,238.63197405510664
4634,5.835692633585252
4635,5.525835391158937
4636,93.94679589096758
4637,6.903181634478837
4638,379.83400997365874
4639,285.5860964020599
4640,2.284717791787288
4641,203.34006750430967
4642,167.46972688928494
4643,47.44409274283986
4644,41.087288693237525
4645,6.015639662508517
4646,52.39497176117237
4647,10.24780338497418
4648,181.99373736003565
4649,109.78702377845356
4650,150.13763058701156
4651,53.1290279170284
4652,4.73653002910772
4653,270.5104390626069
4654,7.628629069056248
4655,5.400637445339161
4656,3.210157346132499
4657,3.09828476276314
4658,6.0045224515536555
4659,86.75343921465938
4660,1.8947206736155044
4661,2.41349776180201
4662,3.972598203760096
4663,116.06116327562336
4664,5.966292177771953
4665,187.86964965376976
4666,238.5425012746146
4667,1.7744116024621426
4668,111.83103252434029
4669,283.71387792841796
4670,37.35340800308849
4671,2.1248890930220043
4672,1.1241499196618312
4673,76.03852437533611
4674,282.174187888351
4675,1.776953309432744
4676,139.70589857544363
4677,38.329192476091634
4678,5.537845997831124
4679,74.1402387657063
4680,4.6340492063711896
4681,2.1689875114085537
4682,166.68499415962353
4683,143.0310830375369
4684,140.16457040635711
4685,245.71172057253463
4686,3.549677473070005
4687,241.42743451498552
4688,326.3350724043592
4689,125.64636906905324
4690,6.038314266598483
4691,6.669568914250542
4692,4.647792061310135
4693,91.37200937306233
4694,4.509518846703241
4695,366.49252989398764
4696,4.595139119819694
4697,2.500695117549585
4698,4.603608455383466
4699,3.4265365436799833
4700,92.52880484105155
4701,5.768856189321391
4702,1.9324894444373826
4703,3.4090809681405507
4704,4.464907037887574
4705,271.4460075386195
4706,3.2974232653336193
4707,4.930648146469459
4708,2.918153892430289
4709,75.16694531696061
4710,162.95332862759471
4711,6.268121954238472
4712,230.8327628491986
4713,4.030667647930655
4714,5.626129577471403
4715,87.40164092971679
4716,40.5733819517954
4717,7.027942835073118
4718,5.830980266550464
4719,181.2347217616999
4720,151.80395912816164
4721,6.129917351391504
4722,3.85616671281369
4723,6.498978203148546
4724,76.02051280237215
4725,137.09784445056613
4726,3.7817312644907433
4727,292.88565223222673
4728,213.23963622333946
4729,3.9435750577569877
4730,183.8953025771532
4731,102.30218765854745
4732,-7.520180508464806
4733,5.4370031452513965
4734,6.318711155196508
4735,5.675668446463336
4736,2.8364947724418106
4737,83.42875333424514
4738,-6.467050168284003
4739,180.6665039880707
4740,310.9001725701893
4741,4.859074202922206
4742,80.0499293713488
4743,5.398204983302387
4744,248.11867649908734
4745,66.07604058956741
4746,4.263797209096714
4747,2.9109825919437555
4748,3.046168524496783
4749,5.814731967049443
4750,5.805163240762925
4751,4.091492065621993
4752,98.448777819857
4753,144.78778222992867
4754,152.47118382823462
4755,4.253011774267468
4756,1.9883525794761228
4757,3.5777309188732196
4758,60.355064931061676
4759,132.92054935975716
4760,4.364662411028096
4761,3.173625838260408
4762,169.77457633719442
4763,214.43097707671515
4764,2.454026378207713
4765,297.50258933063276
4766,45.638772984520614
4767,65.56779613200617
4768,34.99074108584995
4769,-54.16358328133062
4770,30.735034397623995
4771,34.39466918219807
4772,3.8949369831121254
4773,4.417001009326946
4774,142.31106890423715
4775,2.195057071110721
4776,2.624540385311932
4777,175.9243260857424
4778,5.2003042615406585
4779,26.931293383411415
4780,3.29827256343167
4781,60.515542888340256
4782,4.08577390096275
4783,3.9946471704924105
4784,2.5953133275036944
4785,58.54299048885706
4786,66.52866500596295
4787,5.906572664917225
4788,3.958381965398187
4789,3.5697900101118805
4790,139.68014746493432
4791,185.81270970209187
4792,4.5151505701287125
4793,164.67284639496262
4794,72.56712996825321
4795,236.89961291475612
4796,3.246626338541286
4797,164.8281829836538
4798,5.879148195122575
4799,4.198749151791305
4800,347.2113855374111
4801,3.567248814692966
4802,4.220008558569353
4803,285.8670101269399
4804,1.7476470199969416
4805,249.63810328788944
4806,4.1513332260328335
4807,3.1442601883006946
4808,58.65461087821443
4809,103.2552010500575
4810,1.676265324764944
4811,2.0349963917625162
4812,5.257112650080365
4813,243.16846557681802
4814,240.06426688039406
4815,2.706950294201008
4816,2.612435555857541
4817,5.759957387229502
4818,1.6683476905302672
4819,97.0198559178373
4820,2.4875104775896464
4821,181.85252875516142
4822,107.91075543732546
4823,4.576664365788549
4824,3.1086018551289887
4825,253.15378819246894
4826,5.099174122297654
4827,5.868099537389117
4828,213.51403218294328
4829,127.81482180895547
4830,114.35590642095403
4831,182.93600305115112
4832,7.073444292550797
4833,3.8470685830047073
4834,106.79785299964863
4835,3.600219561692952
4836,6.346274578229582
4837,218.8368705778763
4838,23.194721149970967
4839,305.3277705187095
4840,3.124369284827248
4841,125.52856832262489
4842,49.358044504215876
4843,2.2334990830007553
4844,4.192845996299171
4845,4.6990907158028365
4846,7.187082840040886
4847,3.797329263070796
4848,2.3132436258618085
4849,4.493701711690688
4850,6.740659645357348
4851,6.117686098185177
4852,97.17486468351943
4853,283.4329187612388
4854,2.4446128190813825
4855,3.090868075869106
4856,157.27009591167587
4857,249.02117958070414
4858,308.9647021876418
4859,133.8464976563934
4860,263.8294765838051
4861,1.720513066151668
4862,101.17057244854074
4863,7.22057343543403
4864,5.54769510112371
4865,1.9509896101018505
4866,1.1335696014910899
4867,3.268069086245473
4868,78.21416554861837
4869,0.9023346911556246
4870,113.55626930026533
4871,6.538795558375517
4872,2.257696339169529
4873,322.27532045000146
4874,15.753564812756577
4875,2.950257723891621
4876,225.07054154044496
4877,6.34402998993021
4878,111.5826055208573
4879,84.37323539916162
4880,5.464684060985095
4881,5.98704269676395
4882,49.30253803519559
4883,1.8038049344866203
4884,89.50889068081302
4885,-62.02230968118485
4886,251.74005358417898
4887,4.882485182613881
4888,281.6664114016293
4889,42.471795173823786
4890,227.2612581866866
4891,93.38916907461322
4892,1.4590944311515928
4893,5.704509800386036
4894,99.98194774542252
4895,6.648864591489377
4896,5.8468236709734205
4897,6.164159505474245
4898,-13.277930080863568
4899,224.59142546462766
4900,2.3187039742143667
4901,258.9119727213571
4902,4.208801306487914
4903,129.4159896357793
4904,391.7345295802421
4905,78.05092419389153
4906,157.41681033234764
4907,185.59750140078376
4908,4.6207767652092855
4909,152.3338623027538
4910,189.36293261168674
4911,105.87846784805936
4912,5.46617187577082
4913,205.01805791570146
4914,139.07550829869518
4915,3.6221116012736903
4916,4.826235843968152
4917,6.423656239737699
4918,2.779195590964624
4919,22.34763485631801
4920,1.9526298447247838
4921,-0.665817516376756
4922,206.1916730572148
4923,227.85653600499018
4924,5.663800103655982
4925,2.540176880955343
4926,1.3067235941922088
4927,5.647712747196322
4928,3.0576731109239024
4929,104.1578088974996
4930,85.19904484391704
4931,-4.9633357883222144
4932,5.962178223807746
4933,204.5455930927409
4934,-63.71829542709119
4935,53.44495991047747
4936,258.68958521490873
4937,27.291718070730614
4938,70.69602548798032
4939,57.54037540876074
4940,3.7586255309559635
