id,target
1,4.241024856151835
2,2.8714017528347244
3,303.35156801170547
4,-21.0005367351024
5,4.220142200653255
6,6.628523180946297
7,5.092936983197284
8,67.38634427593165
9,86.31300743986887
10,76.1348932844791
11,44.98443582233996
12,-2.8935614113101806
13,256.1594387783739
14,179.9531907236979
15,3.735153814147392
16,290.51781804077893
17,2.736702084148181
18,91.19829478219073
19,3.778582607042851
20,6.7042624646819675
21,-68.2030553319848
22,59.983169342156835
23,3.7043753410054525
24,2.5143524489997584
25,39.6198299844979
26,87.09579171240374
27,1.1207229411313229
28,158.27086076740437
29,45.11808100301018
30,3.7878500984768473
31,6.198317918443378
32,26.690448429957087
33,42.36521944974442
34,3.9220436859924455
35,2.2820494559305633
36,6.64444168038634
37,260.5919026120814
38,226.09743037679996
39,67.0086285454715
40,139.7838237877663
41,-49.92339668239391
42,3.237164117142122
43,5.730578419780956
44,4.763886789172891
45,114.252238430855
46,59.21570722589191
47,2.9627007039648516
48,-87.08463675041949
49,4.127433150896841
50,1.7935533493938929
51,274.5633530458902
52,3.056976182470984
53,3.060678651012854
54,53.71011949884861
55,2.9594872868646345
56,3.9981880544601354
57,5.649706484070867
58,163.76695936543672
59,243.9380416316265
60,6.696128491239741
61,2.246896623608624
62,238.0127886227317
63,6.59756441032787
64,3.0693822914344584
65,2.872577970578835
66,4.120606364672319
67,5.06131392813329
68,221.04194897640883
69,144.9953377081742
70,2.523345405800448
71,2.5754936171122953
72,2.2675059130599853
73,36.98346908720799
74,234.4414146207357
75,168.14021296117684
76,6.43480047593758
77,5.840075349294388
78,128.36900830164456
79,256.9573269495026
80,3.7078786787679374
81,43.164333429666854
82,4.148537451959175
83,186.34028613422768
84,47.57361566947142
85,3.740988629383332
86,2.3047418644828737
87,66.84597488538473
88,197.41845809848297
89,6.044559978252479
90,5.550961043653403
91,49.97001716511853
92,88.63069525314691
93,32.51460714699389
94,5.189013422730337
95,3.6393348314788287
96,2.9848441273444815
97,7.491543195655936
98,219.44464402989803
99,93.10536578716874
100,290.80288214646635
101,4.951327780030718
102,260.88912296988235
103,3.8478766519298917
104,6.57527790035146
105,115.64768591622483
106,11.23642786703212
107,264.75220515808996
108,2.390801235395175
109,185.6804976815837
110,3.2447438809387497
111,45.02369792479832
112,2.163746052848999
113,200.29508129703214
114,6.455219319044228
115,5.216566350926744
116,382.75448864164645
117,210.65035011460702
118,162.75208599039783
119,240.8805352371572
120,287.39376939657944
121,144.714716802628
122,3.721669555890159
123,127.6712109491041
124,249.36548325074565
125,139.43852581181395
126,6.4575286876725695
127,134.33488526941915
128,3.509961790045707
129,240.53470856681156
130,77.50818468222832
131,75.60552334677917
132,-2.353864518094232
133,-52.624616705287416
134,294.16655508302523
135,6.072580283216038
136,2.048322792146087
137,124.72270832776954
138,5.890891197069028
139,195.69897802846447
140,287.483265419245
141,69.89826490064408
142,6.69505618347383
143,45.60679266039741
144,19.030598357712606
145,6.503316275557141
146,140.37911836460557
147,221.11296259561277
148,2.4371677325330117
149,224.574066139958
150,60.828016545345235
151,286.794804470695
152,250.7921515495771
153,178.64066845723826
154,39.28440173711042
155,4.432228245089943
156,232.58820070923304
157,137.16792950678368
158,132.89304602469423
159,137.28609216315934
160,6.40591976151347
161,57.11066517348174
162,4.450433848795647
163,249.12642333261675
164,3.1067639870622776
165,66.5815356981618
166,210.6102456095246
167,300.28104254407793
168,7.100556350380316
169,1.9200251945615456
170,261.5325119544093
171,3.152092700088918
172,4.345111356224388
173,-52.176210814577345
174,3.81904166923964
175,5.604758022743101
176,145.31740481459926
177,75.76530326023385
178,321.82864366243086
179,145.42415379005018
180,224.69669759598938
181,6.091137564723814
182,2.3991087394576605
183,297.4585501137811
184,7.289043348914348
185,1.6712916551425554
186,4.154628758616855
187,2.965668085767761
188,4.059980151663272
189,73.50467821636079
190,4.41532312028658
191,2.2135032269420454
192,35.00708641739415
193,3.0894522580150787
194,332.39733708313724
195,94.35005516118231
196,273.13214620643254
197,135.1384646480695
198,226.41937271004383
199,55.15384395007085
200,2.381923835910114
201,3.399713876520055
202,90.99205230722507
203,56.393522601085266
204,4.23801265101317
205,267.6307288343973
206,80.55811663664097
207,213.16382617426257
208,168.60856970329854
209,77.2061187748419
210,171.88711959234166
211,31.2967832572603
212,105.68413568186939
213,260.2260926805707
214,64.39779884489381
215,16.81272452647689
216,128.29780342752667
217,94.13009227817801
218,186.55482581614578
219,212.79921534171785
220,5.734966203364828
221,188.44016461883734
222,148.79046364715086
223,2.828387351435839
224,188.18552182217704
225,266.01626686963675
226,204.95077674802008
227,52.196498111741505
228,268.8994493766053
229,242.06197793830503
230,1.2873183045708605
231,214.91113522244694
232,48.87833203852905
233,66.73436380176331
234,237.67272468129062
235,117.82617034515378
236,2.2248649809368706
237,6.215849004813038
238,15.151697361048866
239,6.17026158185346
240,173.93750830923167
241,303.1105878060738
242,228.04473921205818
243,3.4726257305953747
244,3.744161159489672
245,49.129113512152344
246,114.5520009832086
247,121.60803999750233
248,6.2325004056814475
249,6.111894466769861
250,71.12701253609727
251,60.115787004874065
252,199.1526990364226
253,7.733854395211911
254,154.3109047840883
255,-50.67939662618899
256,5.394633219234213
257,2.1010190185909576
258,72.8401988450698
259,260.4170329149117
260,2.4628006927541977
261,5.723409613681381
262,6.342473755594776
263,-24.911426618690324
264,3.800883795756592
265,3.460861854893838
266,1.9852711315332274
267,2.7311451124300925
268,1.6213345206360017
269,205.71452343971094
270,3.4165888022824498
271,144.5647117568579
272,134.7115318960934
273,4.7439298719601615
274,5.080129801389422
275,316.7964253849551
276,189.62262258135104
277,209.98847362492958
278,-59.07961336698422
279,3.5943082108197286
280,183.18017410953308
281,5.22933053379184
282,177.16285100387594
283,221.9841550421138
284,144.9380693714703
285,252.69499372950992
286,137.26458124309585
287,221.00451302856607
288,6.1943513246982
289,116.98001749802037
290,4.778265421950415
291,121.49318754195271
292,3.6737310039563815
293,86.991431092153
294,101.67114941436691
295,4.739811492206788
296,109.40850942668153
297,50.65540846601334
298,-22.95333337952669
299,204.21487854440477
300,5.788044141181231
301,4.296697475592126
302,5.192160477351375
303,4.228396371907302
304,4.0557315282003294
305,4.847294126654846
306,220.2136726291529
307,3.521811403927718
308,3.258659484232856
309,125.84890766733108
310,2.300114924793616
311,1.945476503311197
312,3.6771735657639697
313,143.40187705968157
314,4.152081399596531
315,1.7148252885876234
316,3.4409671739450047
317,3.981937201059953
318,3.720425304552171
319,69.39508610787563
320,1.8696070058825995
321,6.315468173062784
322,2.762282539668987
323,1.8692748031988773
324,2.737552243731316
325,4.068371233792705
326,4.868053601036374
327,41.48522694291033
328,4.527993080216228
329,94.25693090156224
330,52.05237665494872
331,8.569605853475025
332,5.602878929170309
333,3.3381035781166113
334,6.725670337151349
335,130.3103100608083
336,3.7535296419350335
337,2.371008230243604
338,155.28801069778655
339,49.45171352182574
340,285.5409361427235
341,114.1503673144273
342,71.98099133243007
343,3.6080536541415835
344,3.128930238879077
345,116.62926967112563
346,3.0694703069059304
347,5.420862034522646
348,20.409672909419903
349,-57.53515469749604
350,106.96937756204349
351,238.0341664429028
352,43.46209293614861
353,1.359104264345139
354,5.904895127007234
355,278.92141329241736
356,210.75364574436327
357,3.105795747049773
358,-5.324651417026313
359,4.420709654927025
360,135.99160276166293
361,4.195911326967378
362,5.845139399652086
363,30.28734431381178
364,4.287397870904504
365,5.27312295501982
366,70.48073250356455
367,4.549530265006208
368,249.78257934664074
369,4.875848229791525
370,-11.707212300285285
371,255.37885014564418
372,66.9746193436756
373,139.91864092641669
374,2.78146393769171
375,108.01669650107405
376,2.970451881651614
377,2.668969537708311
378,3.7438970901014175
379,3.4706085293860296
380,0.8392854073190144
381,6.092029750236656
382,5.739520029865928
383,160.27309970501943
384,1.805666172308791
385,4.208702012524618
386,255.9012292763993
387,2.857575585515649
388,4.031758836857332
389,54.22542078324442
390,5.398896309213457
391,168.5516413309079
392,6.446836469293143
393,3.8946524229316632
394,296.3678609198733
395,178.3002476908643
396,3.1162260088906653
397,1.7832938396231002
398,6.465093123663244
399,186.90672221889616
400,247.3991851580281
401,1.6970562746325446
402,6.334855414307688
403,5.78630477320852
404,5.836661880445757
405,22.67917680513129
406,7.216086789395919
407,-76.0093647178604
408,3.816911587649869
409,2.824924661278475
410,3.639400262823205
411,2.9185736186648583
412,-7.262886060036508
413,342.0421099554659
414,5.808316982337026
415,50.23645020306563
416,3.430335249199433
417,6.708628503812542
418,5.672718542711341
419,5.668279230410469
420,4.397616727784323
421,155.8215742186061
422,161.80056643270186
423,165.68487664743662
424,151.11081851374385
425,5.859997572414301
426,222.1547115543349
427,3.3008914854043687
428,205.57296143133806
429,2.9041363216119835
430,4.453890408108927
431,254.1701061147698
432,149.2966528046283
433,5.145461318174812
434,5.941218532824252
435,62.26909696873673
436,261.72950553564874
437,210.6287073299654
438,161.83946858776605
439,5.8956099189859765
440,259.84978245990635
441,232.22523970524767
442,143.3936262172723
443,320.96989803649507
444,5.640685739775721
445,6.316011397542298
446,72.35565808107044
447,1.5517433912676637
448,6.271197072281674
449,299.85796940641416
450,259.34421524196466
451,163.4179474858515
452,235.12168102589024
453,1.9069789781159892
454,3.6001715451779495
455,149.4335154447337
456,3.447600290916797
457,4.889401780881801
458,259.2202199443273
459,66.20855493500359
460,24.061296776496324
461,111.37646133979352
462,6.05627687325972
463,191.1503347474515
464,5.282100892170272
465,144.40528771620671
466,68.92755916640762
467,2.1493268056828216
468,4.900709064701237
469,34.843493069657214
470,48.024380662541134
471,1.797243831472773
472,1.9184139610352668
473,50.437291685632985
474,6.0007972096460875
475,96.5963028166294
476,6.5548621563888
477,1.8952018838210887
478,4.516376462470013
479,221.3713066998888
480,3.9324505888266605
481,6.165416737943227
482,202.74130289921453
483,1.7458683650212456
484,196.9726582150252
485,102.653675995253
486,4.535719523135233
487,2.566736233782062
488,213.44861192299257
489,2.5566795333126024
490,5.069172023819609
491,6.2395283737545535
492,3.7219196942720205
493,3.7493652969030244
494,232.67536353096477
495,5.852899169736886
496,134.5004169506905
497,6.310544576139148
498,6.361582331057485
499,5.276537646441673
500,3.3607929305960713
501,2.9262339907994015
502,302.51896972551236
503,90.12313118667534
504,2.26412426477588
505,1.9814496282947363
506,6.399327216247516
507,336.10236057735983
508,63.01110160922829
509,263.941026580759
510,3.723638558573054
511,153.39054601758372
512,213.7968015653606
513,193.32748772689055
514,345.4972034633755
515,295.1814871101135
516,218.93381373029985
517,269.29707868189394
518,7.154282039597113
519,47.18809499747169
520,290.34643720976715
521,1.7311508942421523
522,3.9728722778888526
523,201.74933460196158
524,4.0385417553568566
525,158.36072737431476
526,5.493455919681949
527,4.786649738119923
528,3.828035442519423
529,6.336368134162258
530,263.54802653156685
531,103.96936227998428
532,3.8725396768136724
533,118.8446729168659
534,4.3843294250136875
535,6.959579721535087
536,5.982735912409971
537,1.8081056121286696
538,4.960463014604674
539,282.30333330491374
540,270.2584347443808
541,236.71188753869563
542,73.0253491953442
543,98.43595795530729
544,5.602441502423795
545,3.8556074608836375
546,3.947724200995027
547,2.1504702756255645
548,332.07956621787713
549,5.776193757414929
550,240.12028643256943
551,5.886125463751758
552,127.12579209537567
553,4.015256731879602
554,84.9919936496936
555,94.17421776654167
556,251.81941646014653
557,198.04710861378095
558,5.513391079135676
559,5.164378525455915
560,179.9886051770189
561,141.53072312855429
562,151.8706151866598
563,3.247303263295674
564,38.98789540001405
565,161.842879367503
566,2.563713076511821
567,47.33996125745014
568,109.67695978091001
569,307.22208133476784
570,3.3845342771935054
571,196.42526435184084
572,3.1496234620755894
573,96.8009974311972
574,97.02459682492285
575,7.251105215423888
576,1.8934959477760287
577,3.237483825798965
578,172.91777969912488
579,3.8755297873211747
580,308.5308554570058
581,57.02263571989499
582,67.68311882533762
583,5.516867858021244
584,3.2806881027588233
585,141.83984500471323
586,5.4063332330794704
587,213.62484744592803
588,2.8907298495170397
589,207.16818860214408
590,275.52475526843256
591,155.28103574842027
592,6.969504634776871
593,252.30701633968303
594,280.43028957029225
595,33.16934228379417
596,5.32844366319672
597,131.57350055656292
598,3.2917255719232967
599,74.07921571328579
600,183.07523585809355
601,151.50845562231677
602,34.59196416045134
603,2.155764179563414
604,250.73200174755704
605,2.5340759873889165
606,2.575870348393463
607,6.653905349999725
608,44.164398954086614
609,270.13121698331605
610,55.85530506716482
611,71.64956980157623
612,0.20464278612471354
613,36.58576322679967
614,39.97036735915835
615,1.8909547326009806
616,160.5936368974786
617,-58.61891118197338
618,223.91386492060803
619,4.8557552118522675
620,5.214351735876993
621,159.0876424090942
622,93.7288694737603
623,176.45752539658974
624,209.6235811937767
625,2.3669429626145617
626,1.8111570942674258
627,78.15837432463181
628,4.009030862998147
629,234.5717812672888
630,4.517158662349021
631,2.0109341881640312
632,171.11555174545194
633,139.0315893211181
634,223.33574656916304
635,2.6687877742730803
636,117.51133994993747
637,91.45985065519022
638,6.775132567747577
639,19.584198313852035
640,131.56222839747514
641,6.874783714012294
642,2.853001930310093
643,287.0519972105278
644,3.2658055694810697
645,90.39168039181742
646,76.29966645396212
647,183.41519378524364
648,223.12402234056444
649,353.131656107004
650,329.15890207365726
651,98.47991433636895
652,47.00836891288186
653,3.025632490366095
654,176.62122395471482
655,1.8376018694347547
656,218.95772389631114
657,162.9336842741736
658,284.3319350852724
659,1.8916184025830234
660,137.65949409093963
661,3.7565397409190213
662,140.25567663842122
663,3.6071273207746093
664,-45.165767401989896
665,95.1998381903727
666,145.3035727434318
667,249.89794283983701
668,318.416006192166
669,104.04489115113739
670,204.52651596011074
671,104.68104679271039
672,90.71112496517335
673,4.166122131224526
674,5.56005865562815
675,5.8680621099651225
676,5.81701684630189
677,17.706131329206677
678,182.51828038720487
679,4.823681838106298
680,3.303101912060034
681,1.9546846751200502
682,117.81370745338364
683,5.884313522981088
684,172.35332454428217
685,202.56252423067454
686,5.964385848284932
687,371.4873510351656
688,84.97123447057521
689,107.60255222505337
690,318.2243983813207
691,3.390971136184764
692,68.45479631598043
693,5.037501268467899
694,6.259094766938081
695,3.623269226845042
696,281.60528659072213
697,1.3215069644540982
698,231.45533618135855
699,1.5431732347021057
700,224.9075428010243
701,3.5992180784294048
702,5.312079997490377
703,56.57937687555157
704,84.59462137625607
705,159.91572841102158
706,208.11178221076432
707,159.90850933870672
708,54.330166232428354
709,90.78503754075554
710,195.36977754992841
711,222.6135595161481
712,6.354566466439445
713,18.142791355825832
714,6.69748616297929
715,251.05638839482594
716,3.050495121377404
717,73.39559690074003
718,351.96701578068775
719,205.02346205870342
720,4.1203937546677105
721,142.51712677887605
722,2.112691676963377
723,6.2918080944326285
724,1.6636073423346738
725,2.5664865606369327
726,97.92550027898072
727,249.03145329220555
728,55.264155629048425
729,55.70154599394281
730,111.49419221935082
731,279.3171679897895
732,4.501506590349834
733,6.452440099635888
734,10.896428950678008
735,248.4974163009921
736,44.10890679348251
737,50.71265703035541
738,120.98097218929452
739,298.2080915013531
740,153.88478353859048
741,-3.042577881277456
742,264.69508475624
743,130.40152401438587
744,1.8356185244040069
745,274.3885010727198
746,179.8146163938106
747,4.069835238377914
748,77.5049166065922
749,89.6321545560896
750,196.05397710175052
751,59.121453962637396
752,246.07661993580808
753,1.8909043968918702
754,248.05615893851532
755,6.3583651594617585
756,5.9897405657917
757,212.31415956014678
758,1.630177846329933
759,66.20680187170063
760,36.21337268932909
761,217.8608207184008
762,5.193828993043224
763,1.99876668443873
764,81.1244868655269
765,4.547604744924054
766,49.58588922696218
767,1.73458943383347
768,4.984827699976725
769,5.867532750434554
770,2.062975742433807
771,256.4564904567711
772,76.62134143702258
773,119.00424475357991
774,-12.662455429799543
775,39.76628075215313
776,4.100436333380988
777,226.6798909560824
778,18.402630593254443
779,155.7526105867275
780,61.77419882793211
781,283.4126776455759
782,3.411868039264718
783,49.025438749481474
784,2.774509780512289
785,58.10950411958147
786,138.8972173647945
787,5.466147089426103
788,1.8979206417755687
789,155.43109132627032
790,70.56806196466975
791,-25.34955561135644
792,110.13195839396465
793,-75.82986516450705
794,324.2414988873612
795,-65.03365215232193
796,125.7365615842539
797,3.782297862000624
798,57.744155855420395
799,3.321781722576805
800,5.853469444361532
801,226.664393028106
802,88.7622829485916
803,131.42303037058275
804,6.337898454740491
805,1.9276404400072094
806,160.38885418337554
807,2.6925230562031635
808,86.85328091695989
809,1.635578759626302
810,59.060664778162305
811,238.21389750132155
812,80.2827491731869
813,267.20500558825455
814,5.8838945883608575
815,4.855419978829842
816,7.196165893057417
817,3.503509501971708
818,15.447303657018148
819,5.405746753648484
820,76.11701097224856
821,5.530685009319173
822,2.0531730052413137
823,34.54661587062984
824,85.22621397167501
825,7.373898640670376
826,78.25911310619428
827,4.531860762802136
828,5.890294974683116
829,48.8079975937997
830,185.80344373639812
831,113.76143625479398
832,6.12603212694607
833,238.75675319245934
834,200.9615181195519
835,129.10025062666386
836,2.2763706072863776
837,68.63855909201075
838,151.00469533936445
839,5.992006328921464
840,193.18633472391573
841,133.88011549898366
842,62.66643509979558
843,2.262779053468631
844,3.225054386307665
845,5.422089610669714
846,6.161497131711403
847,5.445405861662619
848,143.06393818208738
849,6.120367956369955
850,73.16447188436149
851,35.56456780343158
852,27.942206637211257
853,93.51371491094098
854,8.569605853475025
855,7.055325779457709
856,241.78723003779524
857,91.8202431268312
858,57.72651550757
859,215.32718318426924
860,2.1546209353171775
861,3.647669725353884
862,2.7437399535595275
863,110.40235610599454
864,253.32120808280703
865,278.39423502380833
866,236.73977121953135
867,5.420130475392129
868,96.3402759378896
869,132.69930835865608
870,130.70053389562727
871,158.96145294536828
872,129.64203383861656
873,2.8034708750888893
874,69.16144391142421
875,6.670071367349256
876,101.03020859927175
877,34.15123045847781
878,106.43363289312437
879,5.253697533046944
880,6.648925813029367
881,152.30508319336167
882,5.835007206461975
883,255.4597690182274
884,5.917469888830551
885,150.44294889133414
886,71.49873593343828
887,2.0650045897276055
888,2.1619411982728094
889,210.17161744545564
890,3.781177674373571
891,2.7932324315704133
892,79.12214966029339
893,5.248745552551639
894,27.44550304071325
895,3.7505031568280014
896,220.2635039489911
897,2.604229103929346
898,220.89832776562508
899,-45.450526860069
900,223.9154911145987
901,3.763418526425909
902,179.25757043571505
903,5.385971743473398
904,134.00623483723916
905,1.9350390656153427
906,1.1134324078030597
907,214.0457066453836
908,58.37219221620616
909,89.43781716612787
910,2.2234722840443593
911,6.636323779113648
912,273.0623438397442
913,140.913081861716
914,282.540837333673
915,101.93880638415914
916,125.87829521813822
917,-8.046944460200123
918,2.2980679262750376
919,3.1566810947034596
920,361.34962239504586
921,138.35928789874026
922,203.00421525972243
923,2.4610474422916906
924,81.77427585603287
925,186.82594848048547
926,52.30772342999008
927,71.13141502625558
928,5.053842545859232
929,20.564498583173542
930,51.532810306411676
931,232.59373182951757
932,196.4386169101291
933,5.486445833482841
934,2.1005411991864102
935,183.67723025705197
936,66.63465285402964
937,3.1876801993238204
938,4.4073803293383795
939,135.45078170925046
940,1.496226188205993
941,5.816173616254455
942,4.919341630518419
943,94.48886732454417
944,3.9455514708387
945,1.9778195975749173
946,71.28641172906704
947,57.4728923515233
948,62.15705334834708
949,237.05228848761794
950,343.8328240316805
951,25.161873133952515
952,-25.235009725350384
953,5.277908952781888
954,253.92546099496553
955,192.3752717422735
956,164.82845477803306
957,2.305078185371512
958,3.124794705178048
959,189.77642018527922
960,44.423935593633566
961,185.98274501429268
962,3.0095606848332768
963,6.392839738996937
964,4.840583019333073
965,6.218459689365787
966,4.069289318442221
967,44.35368197972327
968,168.55876508509667
969,183.50203187763117
970,6.488940471731729
971,362.5348762949818
972,5.431254680883195
973,104.34015320591051
974,5.59928433820599
975,3.2625863841921667
976,5.059578198696176
977,196.97131336469675
978,298.2113902035051
979,1.9903345990555585
980,1.8666438338225186
981,4.853525949878609
982,48.58332537886103
983,302.42162209013816
984,327.6351140703813
985,244.57313729270848
986,102.6669481897383
987,2.45632523900392
988,244.97164718948133
989,313.517246257175
990,79.8056611373132
991,4.205143280816762
992,282.7637813562576
993,200.94958740516805
994,3.434771769235368
995,-18.098620919492483
996,38.43404127530855
997,2.061846521839445
998,34.43526291211198
999,71.97538742530814
1000,-11.804133222081607
1001,274.5459156970216
1002,181.56106548109582
1003,5.539268136678045
1004,1.467052353033311
1005,2.1656540784142537
1006,3.838652834157233
1007,145.69219069714185
1008,1.9392243472895996
1009,6.7182161087437775
1010,47.93717502896989
1011,263.58598111188127
1012,27.323038355622984
1013,202.32748349409397
1014,87.59938062705365
1015,233.97390375742245
1016,6.594698338396655
1017,5.208737873111369
1018,3.487724494327883
1019,6.342901398538715
1020,4.26740473066463
1021,134.40655838605247
1022,83.11728132498295
1023,176.5172095435562
1024,163.92738984892966
1025,5.2746927716030045
1026,3.3363290959918293
1027,4.6745158114847065
1028,86.84274892634812
1029,3.6393735769181736
1030,30.104474283631646
1031,271.07475384481296
1032,3.002258206916381
1033,2.8525103238674485
1034,213.90971244531536
1035,1.5189782057163246
1036,238.6219136356878
1037,6.6881734620462545
1038,53.52217946068059
1039,3.6652539705945655
1040,-15.196708434126194
1041,3.039353660025573
1042,3.841856777490079
1043,3.7544226882826615
1044,327.47950162267625
1045,149.18470902023648
1046,40.08898017386779
1047,228.60925699787225
1048,1.803493127048248
1049,2.602091877515137
1050,5.924797111037966
1051,79.03589013120657
1052,179.48211208616834
1053,253.6927402409468
1054,6.283231070052135
1055,37.52245763570119
1056,45.02317842735306
1057,4.5212268618085
1058,2.6352701019633282
1059,2.871987851450167
1060,124.87613438950763
1061,3.297506286500096
1062,5.66188702112205
1063,299.56905490668555
1064,200.34561912553724
1065,68.11620625268328
1066,250.82807511033496
1067,255.9630255115628
1068,5.2901788043120925
1069,4.415368588477696
1070,309.213417367238
1071,143.1052101302603
1072,5.082089961464778
1073,3.2927537107172666
1074,6.05766010307109
1075,4.84396807199441
1076,303.37231707967715
1077,6.258011187462507
1078,155.0774771710732
1079,2.9858003760507392
1080,2.596556535036991
1081,5.924576779257861
1082,4.053142737595561
1083,3.5965914244919843
1084,6.205412806213133
1085,123.2390655064675
1086,196.7787541213513
1087,62.57480665910248
1088,288.08123637822905
1089,8.38175100121913
1090,133.11314801585067
1091,283.59172083802804
1092,5.38667658129817
1093,3.590264422735539
1094,6.662157418065595
1095,2.9890725966589415
1096,2.595143263084168
1097,5.2235143470644925
1098,75.92786410224376
1099,128.07311319025416
1100,5.46993826753452
1101,4.527645570274502
1102,5.554899559852178
1103,262.43616300958627
1104,4.624970455971807
1105,119.56579655108408
1106,4.854057778092486
1107,6.31652815288504
1108,23.484316036156066
1109,116.87203486882903
1110,78.38294969601986
1111,2.99775174012563
1112,229.66464069073746
1113,2.767531557968559
1114,155.51170727253074
1115,-27.066945344146582
1116,5.40627533817772
1117,295.23311196274733
1118,268.9284644590606
1119,4.362526009731422
1120,71.27709149322916
1121,6.593942507495007
1122,229.7696946858376
1123,3.340189927118513
1124,159.39749887294693
1125,2.8121252727082306
1126,75.2952273137833
1127,6.381988953320015
1128,-30.241601361384006
1129,204.07146702388334
1130,5.3307917999865735
1131,50.912277094260475
1132,5.066994376293724
1133,-39.72427045477061
1134,194.24061242036305
1135,197.50715453510605
1136,-45.09632802270103
1137,4.106298497095842
1138,54.04341240902791
1139,111.46926353708419
1140,135.5593602238512
1141,198.98024842040132
1142,142.55146112780864
1143,28.201770748325554
1144,-20.764685396835247
1145,117.0231853815953
1146,42.999019235881306
1147,4.083937614283778
1148,110.68538275535906
1149,40.865954673970684
1150,4.125451864516215
1151,1.3508744892747635
1152,3.797313089167555
1153,4.121037184634185
1154,36.734146974719216
1155,180.92025276549427
1156,6.6035388033458355
1157,83.81966342618739
1158,196.47957369100098
1159,100.61171041565814
1160,111.20049841525034
1161,1.731635713871027
1162,5.49778957087324
1163,5.383653229086288
1164,4.773468090122337
1165,205.0664712312877
1166,57.85058177977613
1167,-24.13512580985223
1168,4.9376125438678375
1169,157.25539611826898
1170,4.602784693573814
1171,4.428745505093944
1172,-11.688195259903729
1173,3.8752158632059417
1174,183.69539523159852
1175,-51.84304391475737
1176,239.38057214996604
1177,2.199329327808592
1178,144.44009891834705
1179,3.082959341280713
1180,2.6024970194310093
1181,2.1366200786546425
1182,137.95980120355404
1183,7.42597514243561
1184,3.7656301191081916
1185,289.1709192134974
1186,120.54412937402077
1187,4.420034279529976
1188,2.716034806589103
1189,137.22926765505852
1190,3.5583785071407363
1191,3.1147631796518773
1192,4.962321450539205
1193,130.14257923575965
1194,5.544180961712101
1195,2.1181434508097925
1196,262.7453730512967
1197,87.67744442658099
1198,2.817630750508497
1199,266.64071784974766
1200,65.69340448583438
1201,210.83987072270824
1202,61.954377873043626
1203,3.443941342609756
1204,138.13754238888276
1205,1.8224235161092373
1206,163.08045823078749
1207,123.71425872634885
1208,254.91362772556147
1209,247.50336087574044
1210,192.51477279802316
1211,222.265188307315
1212,6.025883657807968
1213,3.9239292154318104
1214,196.44000722109644
1215,105.39544321634153
1216,248.35239428257455
1217,182.00187591674583
1218,-42.81097653795119
1219,5.947877805822854
1220,5.858666419094835
1221,245.3662440271713
1222,6.017060559225348
1223,2.7947093451403062
1224,3.012694945296641
1225,110.83690483276413
1226,1.374012817022825
1227,4.648777829793086
1228,2.5187803657740377
1229,48.85907603980088
1230,106.66577090408464
1231,236.8723018270879
1232,1.8370933599477342
1233,-18.94363406830179
1234,3.151976965787238
1235,20.556850149687794
1236,276.12899622714417
1237,3.8808889161570033
1238,2.4362136164881294
1239,1.3891689636501763
1240,39.27771886102576
1241,2.097014030805118
1242,4.691676847857113
1243,4.734850739448821
1244,197.7067319866132
1245,4.213125241558097
1246,260.9108711984054
1247,5.579034674673878
1248,112.16160343093964
1249,153.49744317792772
1250,7.269359139478868
1251,21.870718144341048
1252,5.574875734157822
1253,3.9217470314951957
1254,4.064512467460315
1255,22.02993333510011
1256,82.31541518688901
1257,174.61835319899072
1258,261.8817726590123
1259,61.443355728633556
1260,266.16569125931636
1261,5.7566002082529995
1262,5.30692222651471
1263,202.33209374586522
1264,2.8096253070842474
1265,2.2148374540231774
1266,129.09717425204985
1267,2.6160204410124193
1268,6.30146636859471
1269,260.09806670372876
1270,-55.04193902599156
1271,275.50579785637564
1272,49.98628439516933
1273,22.031505680847797
1274,220.71084283755386
1275,171.3822725136192
1276,45.53123682091516
1277,3.996738977143095
1278,1.4165148131496907
1279,3.8152824224215593
1280,-54.05701131420313
1281,3.694276522090324
1282,109.11840840475134
1283,176.73605590344354
1284,2.824016852450645
1285,-48.890909362866815
1286,2.998964855113279
1287,47.22752841198304
1288,123.16970560884721
1289,4.093447744881752
1290,233.83460230354967
1291,3.107035097398556
1292,45.67699439973526
1293,116.45928361874779
1294,257.42184669061805
1295,151.8921992782638
1296,6.382444874239774
1297,59.42753608188717
1298,1.8322946097203516
1299,6.262354248172514
1300,184.28763464632115
1301,258.0254904487434
1302,211.13411756466218
1303,6.102237166145995
1304,3.591608087631578
1305,4.937639772162919
1306,53.44921046007785
1307,141.3635595480387
1308,1.8899185180485096
1309,4.718629563075633
1310,348.2246046490343
1311,2.8222975243251094
1312,6.597408591045698
1313,43.923946818580724
1314,187.16091803808246
1315,191.64541044547624
1316,260.6908000833677
1317,70.35928711328914
1318,2.1087839143423475
1319,209.32476041663608
1320,249.94421428558576
1321,25.647709742742485
1322,50.33033590496735
1323,236.5182752234979
1324,234.27984629370243
1325,53.25681347610056
1326,74.28193334204258
1327,237.77755479325387
1328,3.4710577623557684
1329,5.9300768442027945
1330,130.38928010807592
1331,0.45572933125078263
1332,275.26394806000366
1333,1.9611141004695365
1334,333.6044722637106
1335,1.8653790544072253
1336,123.31359212659547
1337,31.884231440383786
1338,238.25104889540154
1339,6.007743131586216
1340,195.6325302293115
1341,229.64537457370096
1342,198.9870793972572
1343,25.598241316053898
1344,126.98036491076444
1345,2.809400705044348
1346,67.18982554314027
1347,102.9410107800166
1348,2.819800227772619
1349,231.89424547198314
1350,38.186793494639055
1351,219.15323269285628
1352,2.5568194463209055
1353,14.72263554204153
1354,4.9827538476449345
1355,5.855114968913648
1356,3.8101304562411076
1357,7.542134114921217
1358,6.584524103965071
1359,1.6593375948130658
1360,325.44248987999975
1361,3.883086519465321
1362,6.464788468420064
1363,66.4730582416657
1364,3.182369000513718
1365,5.8974922264110665
1366,6.229295523550193
1367,5.859287439033465
1368,11.965132890934298
1369,190.39835219006687
1370,268.0055876607081
1371,226.3086168736525
1372,17.74818304680208
1373,3.3153614028780165
1374,192.99177733625135
1375,143.3882435224105
1376,5.5327821342565136
1377,4.868461637174043
1378,94.98989957450553
1379,102.5943667311841
1380,106.17301365811953
1381,231.82722821299993
1382,79.5652095703781
1383,67.9058739492047
1384,-16.216597331193835
1385,156.5694116284916
1386,2.302245072329829
1387,55.73706671119465
1388,1.6277555240456807
1389,241.19458235430247
1390,171.26867071838163
1391,70.15184404787611
1392,50.27900047476943
1393,266.4735730997178
1394,-13.899260472670868
1395,46.3813086113644
1396,199.71343427935724
1397,5.468960051751107
1398,206.92182087390563
1399,1.5040395122996604
1400,106.23395702229128
1401,329.10435507172485
1402,76.83055073990131
1403,263.18068928887027
1404,93.27326130881653
1405,112.79829399832704
1406,1.9630183680222273
1407,139.13042412183034
1408,7.849000485159989
1409,3.952451379496608
1410,259.55621209702514
1411,283.7543222636071
1412,-30.310846309234144
1413,133.3180175184214
1414,247.75310710524818
1415,2.3571175980493506
1416,2.4579376106555886
1417,4.258769539047118
1418,317.730792679486
1419,166.16761957259143
1420,4.606100144142871
1421,47.19467932715304
1422,6.483353120726961
1423,3.191611630745191
1424,5.202509312051557
1425,2.5464768490613556
1426,-21.3700506978687
1427,3.603850254490647
1428,4.6027766454885395
1429,3.299570240609172
1430,4.266741004061714
1431,6.2320741258067045
1432,141.83586811089384
1433,2.962018196183955
1434,5.95197899087025
1435,4.58705586345149
1436,-52.779668350053264
1437,150.0646765623967
1438,99.45848707257838
1439,6.353151163971643
1440,2.5835923097967948
1441,139.61162796694686
1442,182.47482195340393
1443,54.08944289970039
1444,5.831619836632659
1445,62.74498030367732
1446,278.7042779259136
1447,219.68377866157087
1448,-33.68353136527746
1449,5.922392397757995
1450,262.5002765716889
1451,166.21190231788003
1452,4.725617563437439
1453,5.210924095634381
1454,178.16671320934603
1455,68.77383492251073
1456,-6.183452750041278
1457,7.428940227753826
1458,4.946690128095044
1459,277.2109670660795
1460,351.6185618957743
1461,149.42589924029997
1462,-11.971820799898712
1463,78.11219499123833
1464,5.885444418051598
1465,3.2837292047833126
1466,220.80351303464974
1467,5.596963298308899
1468,5.546302461054467
1469,37.17555861112213
1470,3.413824157228966
1471,31.220421256809225
1472,6.674578126697565
1473,2.6568239022457236
1474,245.83598335263915
1475,103.82974522320086
1476,6.587122863030617
1477,2.4419176278292793
1478,112.75673638035143
1479,3.8289018491312996
1480,126.28409780178208
1481,5.845323484473541
1482,158.28087958788305
1483,6.206799986932382
1484,232.15637762552865
1485,174.73085667951563
1486,7.2589650879760255
1487,3.650925211912437
1488,86.62803019439215
1489,-0.587965828575232
1490,73.97725843080512
1491,3.667615221442679
1492,2.03034214230743
1493,7.039502258507716
1494,5.284789198881062
1495,40.442974338972995
1496,7.3248735436913055
1497,59.921980466391396
1498,6.062293825197602
1499,89.27404658035941
1500,5.925220608243159
1501,5.790016146951261
1502,49.36564678258171
1503,5.712977367002477
1504,2.118610865827404
1505,4.843477366681861
1506,208.92211281965405
1507,50.177223135704864
1508,87.74362237193336
1509,60.90030283475897
1510,3.1446830903833765
1511,-4.178550847830615
1512,57.24058553665844
1513,5.50487923280999
1514,282.88399458809215
1515,48.544267475388374
1516,2.8230875687479493
1517,347.7499088620667
1518,4.550737444293525
1519,226.92274248626921
1520,5.074129307826259
1521,59.5957871403112
1522,4.89381101028687
1523,2.7246000332039317
1524,131.9330505777579
1525,-25.481954243714885
1526,2.5877585434607897
1527,5.799626157157952
1528,3.9775180525978815
1529,213.9639761498388
1530,269.05677108349016
1531,3.404066703504964
1532,5.507481716996909
1533,3.455031256042937
1534,1.2631370128238195
1535,78.8893996025733
1536,5.493096742767106
1537,2.4732683589076223
1538,284.83171740904254
1539,186.8699043939376
1540,2.1632917254024666
1541,154.91314712557326
1542,3.278085012117443
1543,24.964242616660272
1544,7.270489500513521
1545,3.433328752980639
1546,6.193153173388462
1547,-19.952368583418075
1548,210.1542005719007
1549,44.24971016779071
1550,3.3712957951572915
1551,2.283433233174646
1552,236.17774043247965
1553,6.422310256440833
1554,278.52719794660953
1555,156.6943513772223
1556,3.925480731865335
1557,13.54910912661865
1558,3.755426602276553
1559,245.00690298238223
1560,141.85231321249387
1561,214.2936162332068
1562,237.82291308455905
1563,91.02151738111446
1564,3.4083558819878608
1565,92.07979840522236
1566,3.4437641309334586
1567,-3.7599533438094905
1568,105.6616343708269
1569,21.435875582316207
1570,273.5483901405209
1571,3.389367764902654
1572,90.28169377550613
1573,2.44331797716408
1574,4.186903892237565
1575,6.004122444850175
1576,4.163837892531225
1577,6.027731988209277
1578,89.43781716612787
1579,5.183648120648954
1580,207.18782128528196
1581,204.85231957806562
1582,6.768443005706397
1583,299.4699984591868
1584,308.4529146436372
1585,5.786325153270006
1586,4.915090361967493
1587,75.01786092275812
1588,281.13978053832903
1589,7.3259460795412075
1590,6.133181779618907
1591,157.82293429299543
1592,7.195830875468274
1593,122.8631958663098
1594,149.9798235781402
1595,104.06098310692093
1596,5.594143099868205
1597,72.10061951902681
1598,6.902556067404843
1599,3.3218650486090877
1600,4.5152749773022425
1601,2.899579466090745
1602,5.86116408863432
1603,256.05748571062924
1604,60.779575087101215
1605,97.6506218425632
1606,270.2304974536597
1607,30.196518499645375
1608,3.154058680553505
1609,6.578137555252171
1610,3.2372642584722273
1611,188.22678296540266
1612,89.30041636792397
1613,3.2566938432969756
1614,280.3949546382168
1615,5.626995519301422
1616,4.11128241800077
1617,191.06159581912794
1618,220.21372283867555
1619,-2.8835364997159094
1620,76.48991561315214
1621,2.446682095556148
1622,2.6980597748298365
1623,2.609565373710878
1624,253.3182921278526
1625,99.75966418767568
1626,1.6249599879420984
1627,28.39328018296414
1628,3.5034489141205594
1629,200.84993198085647
1630,86.11607543574547
1631,4.022237777739514
1632,297.02778961940345
1633,4.8317822474788885
1634,-6.151934592388049
1635,3.6456881772721896
1636,4.761694964396516
1637,6.153660303455862
1638,212.0736015713328
1639,22.765896842571777
1640,4.5509986112126075
1641,310.75881413860895
1642,142.36606598314557
1643,201.7988117914411
1644,113.55530821439388
1645,197.31040785581763
1646,6.047314983248711
1647,6.652150969346324
1648,30.773799535405033
1649,4.33040639357459
1650,83.88740408948615
1651,6.421316548704423
1652,6.538765277330232
1653,230.62151367435848
1654,6.472056747603701
1655,280.7746040086414
1656,64.17943756661644
1657,1.2120650458515176
1658,265.2719510732169
1659,2.1298308377861597
1660,-0.4537113298396722
1661,6.627874203854283
1662,205.63963546209717
1663,5.900890613105969
1664,127.2529980166662
1665,1.199213395756736
1666,91.2029913215989
1667,-63.14324818806729
1668,256.16347929568457
1669,51.3776041261924
1670,2.0387072790817142
1671,2.34212718291444
1672,5.460073635662255
1673,4.488243943584126
1674,125.06670159470168
1675,2.207461432224708
1676,-67.52386596899245
1677,33.99250161840672
1678,-1.0668121766787735
1679,225.6458249582486
1680,97.5645603882545
1681,1.584302134775403
1682,3.213743937504101
1683,70.87139870818335
1684,25.694398601308784
1685,6.7246070032760485
1686,136.9528202117016
1687,7.495221760276899
1688,177.3479177189962
1689,265.094428121166
1690,3.1479474754831838
1691,3.961855686812466
1692,3.762072169238297
1693,2.808940066235148
1694,83.9503881539832
1695,211.78725807990685
1696,118.99672902050689
1697,2.3295835771920648
1698,216.56147864566935
1699,178.64444652706732
1700,130.8647894982108
1701,277.2190903371338
1702,-71.88151644823492
1703,5.74933005413799
1704,5.80581565599235
1705,3.303994120147012
1706,75.32088088049242
1707,5.769429077152868
1708,80.01020030176727
1709,157.50694318305477
1710,6.193038800925325
1711,83.97396827567646
1712,1.9337194841688463
1713,6.08445769255149
1714,-60.80951979766969
1715,4.778227110489939
1716,2.9461342012577725
1717,28.88857318557678
1718,130.62112188249165
1719,24.507970681496232
1720,6.14899193459018
1721,262.24658252453594
1722,3.635483666007463
1723,166.86565602414112
1724,141.03298302829427
1725,3.834208743301178
1726,3.9768429512680883
1727,236.87247475072357
1728,3.903707698799074
1729,3.5807064995152604
1730,80.39166714754928
1731,213.12016417719659
1732,4.752950938236301
1733,373.9962112496572
1734,281.08576479704163
1735,202.4497761174511
1736,3.390132115985769
1737,301.9307092562773
1738,289.596083705849
1739,148.95716131593514
1740,72.6044878560669
1741,133.82238871908513
1742,266.4792514888227
1743,5.107069533767633
1744,108.70034680197028
1745,38.67722165561606
1746,3.577567022085655
1747,7.413314823374385
1748,199.11537277190493
1749,3.7113055430172315
1750,97.60699602809332
1751,25.34986895438945
1752,7.118824561472216
1753,5.9796788258254185
1754,270.6828576958212
1755,220.19685100041534
1756,1.9698711998366205
1757,230.52659176098456
1758,316.8475603460508
1759,4.975044952117585
1760,263.34547907000666
1761,252.43272883895222
1762,28.35036616224806
1763,47.82175160887664
1764,4.5054099126136204
1765,5.06956807837892
1766,253.18565727947419
1767,179.64165514072795
1768,5.780612055695414
1769,109.89688773268003
1770,59.48701977181014
1771,3.0857635872553346
1772,219.77564225286773
1773,246.50544039186502
1774,6.273413490829221
1775,277.71348742564095
1776,2.7780326821667503
1777,15.108606202398981
1778,49.491997802270035
1779,-10.700278184633717
1780,114.23846634642965
1781,5.736897353941574
1782,209.3016529155695
1783,219.315827259233
1784,4.448417780102869
1785,71.16826985858077
1786,2.6371309374345153
1787,62.789591055218324
1788,4.937770718143037
1789,2.520951005986599
1790,72.01935667241332
1791,3.967405344335282
1792,2.5074323000806844
1793,2.3181932750719754
1794,163.99724506918878
1795,176.47102366657745
1796,271.333494063024
1797,120.34548647138988
1798,6.189369438914882
1799,204.53361034555044
1800,172.38733341852893
1801,5.045842632061048
1802,1.8450770030320065
1803,146.43667342886556
1804,4.044853533825362
1805,213.96612619394503
1806,5.586811765133734
1807,288.6650498607942
1808,150.56580507490975
1809,63.67077631259613
1810,4.407649426464898
1811,2.6198983818705828
1812,13.776249460734196
1813,3.261207054440825
1814,184.57552415214494
1815,253.92382942268458
1816,5.236251955170212
1817,114.63278396311375
1818,44.073081115185886
1819,232.13536706833082
1820,7.305051280127616
1821,3.5749767068340974
1822,235.27056256676383
1823,-8.047308452493905
1824,47.57197437468636
1825,2.1553289358453314
1826,6.009267854165813
1827,4.856231397004882
1828,2.135861164750552
1829,220.160479036606
1830,233.66776794851899
1831,6.776561433841821
1832,54.33651092256397
1833,3.6244906890982254
1834,3.8927025370231223
1835,106.03410183939583
1836,6.244547436122025
1837,5.817006003777073
1838,5.926646302105813
1839,124.8626750110868
1840,-9.535135679461762
1841,-82.50189804726949
1842,244.5731242742682
1843,179.46343754658747
1844,248.8538724791638
1845,156.70251163905772
1846,42.70415029383654
1847,255.51094265654902
1848,113.77242640528661
1849,3.646877702493658
1850,5.342262523887864
1851,-70.7834650237536
1852,6.054719941530796
1853,56.20395234432024
1854,78.52611527968344
1855,5.7063698682393245
1856,184.7279858040706
1857,2.4503194156573054
1858,5.063506930211829
1859,5.920764637132103
1860,5.795572819395258
1861,142.47994690029188
1862,6.003408286221404
1863,55.429463415464895
1864,63.55874243386542
1865,210.7946549367175
1866,164.4917341229078
1867,107.5313317972368
1868,249.9726769978199
1869,156.33828864023388
1870,3.5759078093387995
1871,184.37197098912696
1872,51.744705406241096
1873,2.947280768698636
1874,25.795371572368275
1875,133.18867092740928
1876,3.183475228109768
1877,2.522804163257539
1878,42.00169663142317
1879,43.295935541740945
1880,260.20369987555733
1881,6.150333566737502
1882,94.74959430206496
1883,5.678847973728791
1884,84.67804315604104
1885,284.35955359538184
1886,268.6493032041474
1887,3.491661835750765
1888,208.2603690104951
1889,228.45127085785177
1890,2.443140937765551
1891,239.84790328721397
1892,220.2817025514716
1893,4.277651051007601
1894,2.0496991722538613
1895,3.712027414507484
1896,6.0316429311823265
1897,34.2266973505091
1898,-61.06282329926484
1899,2.889092345146266
1900,5.89182878167437
1901,272.74011297141135
1902,224.69966277176505
1903,-59.22962365589982
1904,60.25281189641989
1905,53.84590528702316
1906,174.8234451055101
1907,6.702697061671524
1908,6.133654666857324
1909,120.704713707769
1910,5.596374271744287
1911,5.015523795373586
1912,3.8531883788700005
1913,71.31378550806095
1914,-1.1839583648762466
1915,6.837352856126703
1916,1.5285748671413488
1917,3.3246046562975007
1918,159.87025912652916
1919,4.734207421476521
1920,4.675353704301206
1921,63.80681291016566
1922,3.4298883888898724
1923,6.39628042835666
1924,3.0017228382453593
1925,4.237976904989591
1926,101.93835380009995
1927,147.88382367866126
1928,3.708269971912368
1929,48.57841989838444
1930,2.859720496201397
1931,5.9612882041723525
1932,4.87675957843695
1933,2.6769079681427748
1934,247.69609792846282
1935,6.088189319892727
1936,4.736373933828275
1937,11.47049416442058
1938,-17.877216826675678
1939,2.643997596915992
1940,278.57291317388604
1941,3.3383719734924506
1942,219.38408056120113
1943,3.7291442422524526
1944,229.3154299594838
1945,284.475510659452
1946,5.67775991379165
1947,114.41074453980663
1948,5.920497036250803
1949,-1.9178692739957208
1950,52.18517034612053
1951,2.9433441226579227
1952,43.020832776738736
1953,379.6218209144831
1954,2.6216544363460894
1955,99.28692830614874
1956,2.0545663506408722
1957,117.17387927279796
1958,3.7182689002325633
1959,184.7722656084992
1960,75.26407047970883
1961,1.200273043167027
1962,4.310302692876152
1963,3.2793425340740234
1964,4.923460455831092
1965,91.74909242526762
1966,3.0695401551596717
1967,4.541907822484089
1968,266.5999650517001
1969,54.600965466620366
1970,5.705170777762909
1971,1.5610384639840913
1972,102.34492799285925
1973,-36.14781183569417
1974,2.733323785395993
1975,3.0553981286601184
1976,313.2969114916033
1977,1.658873600517364
1978,224.05450451202267
1979,117.92371159542344
1980,266.50813252946847
1981,166.31421576714374
1982,135.35647089764495
1983,85.94183480668113
1984,8.392500872699374
1985,4.581414586507852
1986,4.032975897491442
1987,5.971886735759094
1988,1.3648494716080257
1989,5.841250847285843
1990,4.392582174565407
1991,-4.9175628951196115
1992,4.319637478343256
1993,18.413556262200558
1994,1.8271378771438185
1995,114.2707324374062
1996,3.9598655574843797
1997,2.688446957050431
1998,5.743213596543991
1999,273.33342017012296
2000,5.9022453459904645
2001,278.79934759668686
2002,-46.1753943542093
2003,6.708007609589523
2004,312.1153455332776
2005,45.582266377066645
2006,4.841920962536653
2007,47.40567153543308
2008,225.0242872294611
2009,150.53767863228651
2010,271.014887258897
2011,5.525127844514193
2012,158.99456328246652
2013,-35.4863997128719
2014,273.31386158654715
2015,194.59170089206233
2016,22.44793883108116
2017,3.3172953703152266
2018,38.50497715250863
2019,91.87168312642719
2020,6.712369816505734
2021,4.280028192788988
2022,190.57210558123822
2023,70.86337573504073
2024,3.13632756192001
2025,4.536539332695267
2026,76.17546609124118
2027,5.920029671732182
2028,6.291197686860401
2029,27.77017459741429
2030,309.7833756403876
2031,66.10511596969349
2032,291.4142319418983
2033,226.54903070304348
2034,2.3839353787340363
2035,66.87149555235962
2036,197.8697973569001
2037,4.818311538006659
2038,2.992510846017629
2039,3.097654024164571
2040,144.92584687724835
2041,253.03029326854278
2042,4.235368519461515
2043,179.71501331876948
2044,2.3029717456086907
2045,98.1176860164845
2046,286.0215129049849
2047,5.465501130366878
2048,-13.193051184661915
2049,1.47720371068038
2050,350.54495578344216
2051,3.9063106331204978
2052,3.5313348380899408
2053,233.70429707934485
2054,4.352030039006959
2055,3.901885206454407
2056,-39.336683106955014
2057,196.64027117115333
2058,-25.44879013570735
2059,5.34334885652478
2060,16.431396277196615
2061,2.2169258693382314
2062,156.67323918343473
2063,3.3930455360402494
2064,4.184620285615624
2065,3.5007209186684682
2066,2.0767344165395274
2067,5.844494165821767
2068,3.75773336522259
2069,1.728208714329631
2070,265.4082058062184
2071,285.23968998250325
2072,4.709278704495028
2073,217.53499170547767
2074,357.5706681119132
2075,245.70700195089745
2076,3.604986654426651
2077,2.901471526769094
2078,4.087987880308631
2079,3.837906445203731
2080,2.7199354634519666
2081,3.223121052518894
2082,5.761849853190986
2083,33.34225446878315
2084,2.4152824523418657
2085,5.015720223993245
2086,141.2827055137118
2087,94.9649865515439
2088,28.30145425141339
2089,72.51359377648103
2090,248.81769065654385
2091,186.52915948528835
2092,-90.83186226235804
2093,5.232534137831603
2094,4.052166349698062
2095,87.12706128853183
2096,40.142774601424314
2097,108.3110239919906
2098,5.517333397053614
2099,5.429714366155057
2100,24.712948664371872
2101,5.742984891227179
2102,5.880584893934033
2103,80.55799668397623
2104,64.57912678684414
2105,47.88579623633592
2106,291.61914155207916
2107,6.915212426917013
2108,6.872801021717707
2109,5.8565111968694925
2110,246.70582627659542
2111,3.307191376713721
2112,63.918835392942924
2113,100.30284312344304
2114,2.428453364720241
2115,48.46784405069175
2116,3.6048857737635482
2117,3.7053169690436256
2118,3.5367937612023423
2119,131.79505117251003
2120,4.409081610055981
2121,189.08230584153367
2122,222.82370468247422
2123,2.6811405760578073
2124,1.6775111162756682
2125,4.142386734513041
2126,5.870437264627225
2127,55.57912810519459
2128,202.86766671038836
2129,1.8490044692046208
2130,2.7228765183756583
2131,5.143488209082054
2132,5.965516643467575
2133,244.18703817154903
2134,48.507828411901414
2135,235.53448297203533
2136,33.42541309691653
2137,231.87918491981577
2138,3.5295139816313443
2139,74.70909096870966
2140,60.11997635959525
2141,53.45306340730928
2142,5.676182903922335
2143,11.742499394830112
2144,158.0412355964654
2145,52.228026061861925
2146,3.9572652122035312
2147,4.3293526578287596
2148,71.39552797094254
2149,-56.514563459200915
2150,13.47471507897022
2151,63.56118368926366
2152,5.001544412713692
2153,3.7527263752849596
2154,1.8493340944928427
2155,2.301690846510173
2156,5.917784786574353
2157,132.54177038921495
2158,3.6530973712282426
2159,328.31562869739946
2160,211.03922982308185
2161,285.2293421711
2162,1.8979246653846897
2163,283.38099109288805
2164,6.289840164294069
2165,2.9633531465190615
2166,2.6362304918298163
2167,42.01038998646666
2168,308.7182980655508
2169,2.1170822890702126
2170,2.503660028966717
2171,150.2317044912121
2172,5.589261973610256
2173,261.23062535758584
2174,237.85167184783597
2175,1.7443987428256147
2176,4.57744055850793
2177,-36.439622479994426
2178,4.742701387299376
2179,80.22267601501756
2180,265.9909509752972
2181,2.7064882235042758
2182,168.44421518772737
2183,181.01555581415298
2184,5.944959568004377
2185,2.9367430225370232
2186,2.7814443147074814
2187,4.684648000498289
2188,255.48035504324707
2189,242.47995725495974
2190,72.6128495939083
2191,2.852901046295202
2192,2.784110425617294
2193,125.61370555522736
2194,3.125731990161473
2195,4.729087321873303
2196,6.49336833599901
2197,1.9466376138351908
2198,4.858059562585232
2199,3.3571907963965035
2200,1.7710491185614627
2201,3.9693622141902036
2202,108.3753203268041
2203,2.462547611160046
2204,1.9448001835193887
2205,118.05760794358528
2206,5.278148929099357
2207,152.8746819274886
2208,4.92618613315033
2209,-0.8844481210525696
2210,257.6719090170344
2211,1.781011258528197
2212,4.769766219158526
2213,6.545037411566355
2214,113.09130593421051
2215,43.636306873780214
2216,92.55303372741125
2217,4.426286619891319
2218,35.3098225637602
2219,2.544161036997316
2220,5.522090855304857
2221,3.4113432734727973
2222,-44.29728641973821
2223,186.94452863427085
2224,-37.556452926754375
2225,143.6909949206252
2226,-6.836238958885658
2227,85.77010401947409
2228,146.88576075857102
2229,129.01237116711897
2230,3.096187697282211
2231,5.485340758577853
2232,4.2143129787717415
2233,256.8137336914927
2234,224.65074248255095
2235,221.9826181573674
2236,2.863965204236565
2237,3.853814682876151
2238,247.3886012195295
2239,95.36428554949545
2240,224.57423484589222
2241,2.741816886250908
2242,230.1098769567421
2243,5.964843989258352
2244,90.22498136388714
2245,223.68692687503807
2246,107.62460190153108
2247,238.55842832826937
2248,5.815475046503775
2249,290.8132116864448
2250,138.72220154496432
2251,4.7337528645939555
2252,261.138824293319
2253,6.207459480169168
2254,135.68507701268464
2255,-82.97331234643332
2256,22.0441759186807
2257,1.7748311824895215
2258,3.440140447216416
2259,73.40470540531061
2260,6.054353442897279
2261,74.27885768396563
2262,2.4149721230206977
2263,88.47608277032526
2264,-9.800801476160364
2265,56.49247781838735
2266,2.3192439330781105
2267,2.960804532576095
2268,5.456647097669022
2269,3.6481658637972436
2270,8.410424090889698
2271,171.38015095036533
2272,47.14847031314335
2273,3.405979912050968
2274,6.048686268153586
2275,6.615865674438446
2276,4.376684627809831
2277,2.8441314248431255
2278,1.5649948185978282
2279,6.044922291610034
2280,2.868879385920825
2281,196.47818969455528
2282,2.455781886092105
2283,3.9077471040009533
2284,239.478138705288
2285,3.325418889703987
2286,-17.63684322267354
2287,5.705938601816486
2288,2.813043030373454
2289,5.957395451772128
2290,-33.37901020893577
2291,47.49358754875482
2292,4.5117700833588446
2293,1.9729395776511844
2294,16.82290836429526
2295,2.7876797567579237
2296,5.148746118941534
2297,110.87048586206124
2298,-51.53147640429851
2299,88.51499201787692
2300,3.625646952606865
2301,5.474916383748966
2302,-87.41422297861654
2303,165.69090578409146
2304,6.054352042060823
2305,47.86282548124197
2306,269.6881196602858
2307,37.80164644193659
2308,46.80481346743756
2309,6.122520725869195
2310,166.31123895140593
2311,-54.570433459211095
2312,88.15120121038706
2313,3.766907496216703
2314,4.915715721090706
2315,234.61463556572156
2316,7.676567148603457
2317,3.942604957510818
2318,255.8295187184991
2319,6.4579780036127685
2320,83.22292579681364
2321,2.819868551502439
2322,208.38718784015023
2323,163.4646082156579
2324,2.0376610019956036
2325,30.284926042417627
2326,3.2624276012972513
2327,114.32529837856536
2328,3.5791138817928627
2329,338.3539462109949
2330,191.07640429522698
2331,1.6804415440513463
2332,270.0786070191788
2333,10.142322415394048
2334,10.31820608408468
2335,5.3397973894138495
2336,63.55097545216973
2337,144.20260958001995
2338,170.41450836941203
2339,27.89205959845104
2340,60.90203972655937
2341,138.89851926042394
2342,2.229239442166612
2343,6.072433244209182
2344,292.1019613033078
2345,5.890780538820058
2346,137.1200190752341
2347,144.68821492143817
2348,1.8995846381788437
2349,265.8246773452917
2350,43.7762735686657
2351,4.736953646637344
2352,4.976334241020258
2353,1.6926580475713198
2354,-3.6960964793185136
2355,140.26823300263757
2356,3.969979203073203
2357,114.13996595648842
2358,5.87677925597085
2359,6.713346425802389
2360,4.572216534289618
2361,5.769764638269763
2362,259.3650012120369
2363,4.316608667558341
2364,231.30173956462397
2365,95.78849609224677
2366,46.97669161127824
2367,50.37016880148064
2368,-73.20010881964981
2369,4.603582298788211
2370,215.46506802603744
2371,44.28887980507425
2372,73.83407161565556
2373,1.9266373086834248
2374,-60.36761793127734
2375,2.091810394270759
2376,104.34501132489856
2377,113.79525388143503
2378,5.400598561257847
2379,6.432979627178635
2380,49.36424286792815
2381,163.31445939078694
2382,178.20136766428723
2383,53.194059704491735
2384,3.0755615458497068
2385,251.6651983785835
2386,5.875368107789468
2387,42.45862453650233
2388,265.6752873772257
2389,80.1594923763367
2390,1.9841718149715704
2391,109.73274286831597
2392,36.874920148507925
2393,79.1573905178463
2394,138.77373201095767
2395,5.851418162699915
2396,2.3667418625112235
2397,293.29787813261396
2398,292.047371278887
2399,4.3660093983728965
2400,191.1228314723382
2401,59.62785667892858
2402,236.11784020209237
2403,6.38179521492968
2404,2.0814000008404596
2405,5.290854390103336
2406,3.232215904027258
2407,80.71101097440057
2408,260.7045858718632
2409,195.84417376853708
2410,4.249198166765155
2411,6.551465165998865
2412,298.74032618278693
2413,-7.997434654402985
2414,4.122073894373053
2415,70.84632844775612
2416,262.21954268311845
2417,23.16131248572386
2418,3.252951528186933
2419,3.74409403520613
2420,1.8586022975028846
2421,5.878687359488655
2422,230.11978065227672
2423,2.6302936449624474
2424,176.09865781794602
2425,6.100981649798328
2426,1.8050576443710051
2427,162.2193585307982
2428,29.101587046891744
2429,4.226896127296788
2430,6.209207929729808
2431,4.247294641905459
2432,323.78887592675414
2433,243.71658045688508
2434,4.307617211993348
2435,56.67681150315287
2436,229.16454011468204
2437,-78.04385240977315
2438,5.659339763337149
2439,6.871375135196402
2440,145.95360043727723
2441,6.334181390960483
2442,5.939250971405244
2443,4.762240645019462
2444,-56.02601752408057
2445,6.303708172643912
2446,5.111835122680615
2447,230.48409388279973
2448,6.528382016908441
2449,5.851010411501241
2450,20.774046040206375
2451,2.8584273860879743
2452,3.5347849893905794
2453,46.89477260985999
2454,308.81604188711407
2455,140.0396439827394
2456,3.536252025908509
2457,253.3797549134564
2458,6.171864756108283
2459,1.8226535706416724
2460,5.820437498595945
2461,75.18562161513441
2462,55.789701712836305
2463,6.239461522413764
2464,-63.78998838888221
2465,29.807729747139007
2466,205.28725574766077
2467,167.51627630310008
2468,266.1732965536293
2469,248.24060468940584
2470,5.82737505348168
2471,142.90707774036304
2472,2.548351835426285
2473,65.87027276698146
2474,200.9028076047444
2475,6.305470878993868
2476,98.78324911343691
2477,130.56891763683566
2478,171.2829832740988
2479,5.353951642127773
2480,52.76794362024051
2481,63.6903428765443
2482,2.114561102792386
2483,5.122390265857937
2484,126.76278610826088
2485,147.02667777784492
2486,6.593133251205
2487,5.104117159634056
2488,-7.584553926915397
2489,189.68435166929265
2490,5.482506464106947
2491,132.487630159729
2492,51.969991702436594
2493,58.21470720983872
2494,5.851219698967211
2495,5.421906524973557
2496,141.63991857653417
2497,61.05622547554246
2498,1.536867477430184
2499,6.689843631243438
2500,1.9275228910269
2501,108.47004770700507
2502,225.79015153672145
2503,79.78470116645977
2504,338.09191289579417
2505,3.3406435411443356
2506,4.704340409889542
2507,267.6462323062451
2508,201.6202709317969
2509,120.7700892207595
2510,6.600667194715943
2511,188.6919966161945
2512,90.67971971156226
2513,171.3650311157261
2514,222.165812810801
2515,301.67400674999715
2516,2.177027494655906
2517,2.324670243502565
2518,269.9701269277671
2519,4.39952226952916
2520,111.98852844669204
2521,140.828113046222
2522,2.1759759584602567
2523,6.493312282732212
2524,4.7047408591318804
2525,283.6865576784023
2526,4.511238905394865
2527,3.910411401825758
2528,241.98107782253638
2529,90.4833711453371
2530,240.7701087378341
2531,248.6399304713586
2532,63.61992258428638
2533,2.2143642372587227
2534,6.150199613101051
2535,5.925263059663696
2536,3.7862734409755894
2537,6.377492786244166
2538,5.788178577757321
2539,158.28071514371283
2540,3.0955724898772394
2541,3.23550336354624
2542,-11.942354469024828
2543,4.729979053698949
2544,144.89094807980206
2545,2.37613695490859
2546,268.3799212091843
2547,24.15140176647026
2548,18.36182532167244
2549,166.84478662297514
2550,133.03487221934074
2551,-40.1953705492776
2552,2.2221155300013318
2553,286.56157577450836
2554,2.352368677427914
2555,41.71122019724709
2556,116.36962990401484
2557,4.269632777149053
2558,-14.34813564796817
2559,6.194549477961976
2560,185.25008699295682
2561,2.3876848553464542
2562,220.82742298747925
2563,238.32456276822234
2564,281.34093255662873
2565,4.695261330129943
2566,4.767284005359105
2567,256.7993778738228
2568,48.39581845387922
2569,65.85391134245961
2570,3.258913945393266
2571,100.0722355125956
2572,-47.460131611116786
2573,205.47754854592347
2574,3.0968918086041803
2575,4.098371021011698
2576,3.3536043460896865
2577,5.7939928502013665
2578,52.96178562567118
2579,6.043991501588789
2580,4.514914710355752
2581,3.098729165289721
2582,-39.040757851471454
2583,1.8782257584670572
2584,6.8801734979350435
2585,58.20403619088801
2586,4.438731458051548
2587,224.22103214394957
2588,186.9224823816953
2589,4.881349488846123
2590,53.17941663533254
2591,1.678787080626227
2592,146.24426993957292
2593,52.53592583893544
2594,60.61659908753269
2595,59.44805423836322
2596,47.46176154144071
2597,5.647395468010942
2598,6.469502845447113
2599,-4.908001596330347
2600,4.382552779670174
2601,208.4736914962133
2602,6.30596464546806
2603,353.0119335744908
2604,153.846855842988
2605,58.55925949519906
2606,3.7089798154799714
2607,43.681966299002994
2608,177.76258444617065
2609,19.692279370388164
2610,2.8768183613480507
2611,1.2588900565847363
2612,3.238836613363011
2613,4.603322331525926
2614,3.2614643411019073
2615,116.20639728453526
2616,168.54459581479244
2617,262.78094248435616
2618,210.69611182069008
2619,4.724889301661995
2620,2.726574113443884
2621,3.9533235141124354
2622,2.599718225682279
2623,2.1364371689763937
2624,6.760165034473521
2625,112.40798630743426
2626,286.36372016848094
2627,36.923449370611216
2628,134.60121089551143
2629,34.26681902774738
2630,102.0326506431918
2631,22.17593891263961
2632,6.335052294745544
2633,282.1814505837629
2634,47.05774285967975
2635,161.89267708770205
2636,-46.70746394887249
2637,3.6603517825577017
2638,-68.56446665066028
2639,-62.18591168967795
2640,201.7666706597906
2641,3.509640962231325
2642,5.624786463978529
2643,165.96965678696293
2644,134.4171680716328
2645,213.96768565442892
2646,2.2177808540875397
2647,3.548820608139426
2648,4.677183955561102
2649,6.531937438410973
2650,255.72292197016736
2651,216.87024714548664
2652,62.05496029723759
2653,3.6626385212054666
2654,30.9454567183549
2655,220.16666755414167
2656,245.6562329056698
2657,2.946835140460132
2658,-0.4199006547656334
2659,269.1479722111956
2660,1.8341217549257893
2661,268.7713792587398
2662,74.95513673825496
2663,-5.531927059022057
2664,83.64938229153167
2665,263.57335458246365
2666,229.53462736732286
2667,-3.132528646964955
2668,35.54850913633572
2669,6.785455986525976
2670,116.14033840013252
2671,193.00165421193046
2672,126.59638537217629
2673,239.4902045551741
2674,232.69266255866077
2675,1.4676863362916117
2676,-67.48354951817635
2677,335.98017023011244
2678,8.84895354708331
2679,5.725580312407981
2680,65.14961254813022
2681,5.28233040426435
2682,2.6658511159965683
2683,2.400665401591704
2684,2.628080374501111
2685,6.434983081420086
2686,12.755641576312474
2687,46.29690050490616
2688,48.63875414116921
2689,45.568431260712686
2690,140.68600651853467
2691,67.17526645254966
2692,51.51019516684906
2693,147.6301782473612
2694,123.72040259270352
2695,6.603579926206398
2696,182.6833430868159
2697,3.832410572830897
2698,2.354957886656321
2699,4.405458971697092
2700,216.56717809372776
2701,59.661958096874244
2702,39.22774905619504
2703,3.558497917801168
2704,201.7500864668974
2705,2.9761757632002324
2706,5.567836868219253
2707,203.6814413054896
2708,3.2434485659350685
2709,58.02391674322266
2710,6.1596897993966255
2711,164.47764105253657
2712,1.8823132396147164
2713,157.79053945927885
2714,-42.38817398978044
2715,4.8036957019137505
2716,3.001124876686556
2717,278.0807512834855
2718,4.4571632284121545
2719,3.0422795098724227
2720,6.594670317216945
2721,6.327151766697457
2722,4.051642556677944
2723,237.18406575420846
2724,6.147887300034698
2725,49.0250125629595
2726,1.914257338153126
2727,300.58278289132704
2728,63.109008996894225
2729,178.57795753867475
2730,186.63291216362853
2731,166.73444900206874
2732,6.560798288547465
2733,161.59933989330727
2734,116.99904479289684
2735,85.93736782679267
2736,80.36147133905524
2737,198.801190517153
2738,140.11885320670444
2739,105.03831145917671
2740,5.98250032192002
2741,58.779858436133864
2742,1.5846026036764167
2743,22.337543028184168
2744,-27.324729810736027
2745,4.795111677057475
2746,197.12353351901166
2747,167.12700258574043
2748,2.869191199778481
2749,5.441592057660803
2750,208.08076073511535
2751,261.6091645134354
2752,2.452804753987307
2753,120.94780992764183
2754,0.5414757600508476
2755,32.127202210711374
2756,260.8504271001591
2757,5.770504868249658
2758,268.66592813208285
2759,72.64616797692807
2760,157.61658917330882
2761,6.428101649581824
2762,4.034758637200312
2763,116.6375303349004
2764,4.931678468528955
2765,119.72663443005865
2766,1.9475439724276864
2767,264.04401243040763
2768,4.368865088560706
2769,3.4645791107951798
2770,232.72046393429943
2771,112.94074018972893
2772,6.610705200878328
2773,2.9588255394237084
2774,4.889126453068976
2775,6.269930712557638
2776,3.7930598635623882
2777,260.8637901332902
2778,34.96547046781674
2779,1.9867018018673652
2780,2.894529808592445
2781,238.083781716897
2782,215.33158972694028
2783,5.609781377135947
2784,11.662394137198742
2785,5.917707126063139
2786,3.2058467488523434
2787,83.0987473364388
2788,7.290590969561465
2789,166.46483210082715
2790,221.8805646465923
2791,84.31799091903251
2792,137.06722520029751
2793,172.48579102342313
2794,189.35386942622392
2795,74.57752316388061
2796,246.52128943751632
2797,99.47160769365627
2798,39.688912226372004
2799,29.961524814025662
2800,5.479444624280718
2801,4.112819557266083
2802,3.4618078332607705
2803,79.02634597538233
2804,3.813748362175586
2805,48.083932437449086
2806,6.552899956644977
2807,29.615337791103364
2808,86.57178087940747
2809,6.0376810114964305
2810,5.626630508765686
2811,203.02678198615516
2812,5.823166340891322
2813,13.515913142207383
2814,6.038060633918231
2815,265.87993282498707
2816,54.48911990052153
2817,267.70770844105493
2818,111.46274503853786
2819,48.93859617798668
2820,146.90738251412685
2821,44.40468301082896
2822,6.08617687354923
2823,48.63134485971525
2824,254.49372421988906
2825,101.8810139115478
2826,-70.74339796406626
2827,6.457808089229442
2828,5.467417805556049
2829,4.478977338059381
2830,6.078073656710176
2831,5.901343281197613
2832,6.003707646071296
2833,133.75396231825727
2834,3.6158233634354624
2835,3.003377763901262
2836,3.465178651871816
2837,3.343235186941706
2838,5.811726926169353
2839,1.989222021301438
2840,63.13431254705557
2841,55.63670850510149
2842,282.2874758391383
2843,5.946506702646942
2844,179.51014521501097
2845,289.4179289910283
2846,3.564908812622955
2847,83.48103606771664
2848,15.07221488456582
2849,-47.74678551405817
2850,6.620578825020996
2851,6.252483389564024
2852,-35.355328255928576
2853,57.71475924063408
2854,2.459375471776217
2855,54.991422897429636
2856,5.996604065916044
2857,35.21539568482632
2858,215.9201212937385
2859,1.76212817229165
2860,150.40688010717415
2861,283.9110723254959
2862,273.742929415183
2863,2.6450137301960432
2864,267.52195642828326
2865,213.49046086019754
2866,1.7976095508539545
2867,2.409866783806546
2868,93.86591189902069
2869,56.07112088216806
2870,167.12573771044188
2871,6.4071510025363025
2872,238.86405630899867
2873,5.275143483709266
2874,34.63150767782453
2875,4.571069145673004
2876,-47.26903086330306
2877,305.66018197638647
2878,-70.36066526948193
2879,4.900854661188296
2880,228.88869959514022
2881,5.768925231021015
2882,5.902637510394019
2883,4.281625021575743
2884,6.495308042915241
2885,213.6866765691558
2886,222.477934111259
2887,5.921291154855499
2888,2.1332097700390245
2889,6.394798328978852
2890,2.4364844225377364
2891,-60.00041433951172
2892,164.33630768261924
2893,75.64638029444333
2894,60.699969455122016
2895,4.335082479715403
2896,2.715599780887835
2897,5.360561482513491
2898,115.90074713440644
2899,34.22618693293877
2900,2.9432114898969646
2901,40.73548502502003
2902,247.19395411887746
2903,261.65328679199115
2904,3.85745738519745
2905,3.5970064388658014
2906,37.981344792170574
2907,4.054558191521604
2908,33.879490545587394
2909,2.086860368502864
2910,112.36180081205416
2911,3.511391190826977
2912,2.2694298647917583
2913,6.470792310371676
2914,28.688530585060253
2915,8.192258036481356
2916,169.88486908051297
2917,136.94856891542335
2918,3.66002840267236
2919,365.1529125974821
2920,203.57065936770357
2921,5.562322590988025
2922,3.98210170626066
2923,200.77705371996416
2924,5.457009957760601
2925,4.889683421200153
2926,5.932248152570448
2927,35.14723763793366
2928,6.577023143885322
2929,152.5990364380378
2930,254.6262179959184
2931,2.5219344246547637
2932,5.764195100589518
2933,6.255794154954953
2934,99.944358035671
2935,14.58611947436006
2936,-64.47594216718774
2937,6.57911643737509
2938,10.069546410699356
2939,3.058320729805682
2940,177.98938757579748
2941,88.4194979851944
2942,87.48160576786896
2943,6.132719398819042
2944,6.434925658001889
2945,5.79399969002069
2946,6.293037901601094
2947,-45.13565375214684
2948,2.866291828985042
2949,6.712904976745104
2950,2.979921661247164
2951,131.07088429588822
2952,129.42715044069314
2953,6.936303988873797
2954,1.834342498401951
2955,38.985411296318155
2956,6.300289780609943
2957,99.21648466290166
2958,5.584144585207059
2959,163.75480140468582
2960,6.299313508456556
2961,166.91553324288085
2962,3.5481364615697206
2963,4.113702986304768
2964,250.0776539034909
2965,188.6963046586821
2966,4.575996276556422
2967,3.806936062934963
2968,180.50485329265274
2969,-79.41457258320347
2970,1.994544229752273
2971,217.00628221171706
2972,6.569092589239732
2973,211.01900612128784
2974,249.7243695898622
2975,4.437866360613607
2976,46.37268874435301
2977,34.80705379258446
2978,4.683832691145372
2979,4.53223778442547
2980,300.78794597037967
2981,307.36174199493735
2982,151.42777700901945
2983,141.1750164745053
2984,252.6467724772354
2985,119.01492511468344
2986,301.88053906596014
2987,225.78293799709883
2988,111.84607187600572
2989,105.91315881846886
2990,50.1502738093098
2991,6.823764460642792
2992,3.1508795789665025
2993,5.36128396705033
2994,33.60759325454201
2995,1.2717182206429838
2996,4.485296122715448
2997,3.6285614450964405
2998,97.34950728641584
2999,164.5433779654619
3000,70.32954437641473
3001,2.9212863265554985
3002,288.0456328644968
3003,4.384155851550258
3004,282.0440448018213
3005,87.09386160788041
3006,86.70057408196155
3007,6.24489418882056
3008,2.6669350737949227
3009,33.28919972156025
3010,4.372649481066448
3011,56.99752638457054
3012,5.263295836524391
3013,186.00001986064814
3014,6.663028097942321
3015,3.654380591707315
3016,5.945245054764636
3017,6.206326292058815
3018,4.521716016062183
3019,234.29464477218113
3020,3.3167251662204924
3021,245.02585862629996
3022,259.09877919501093
3023,2.6142791248452197
3024,106.84422277697954
3025,241.22709007506666
3026,163.91348751309584
3027,6.383781633279838
3028,5.578466073004026
3029,-11.080232695839952
3030,-18.0901144827004
3031,5.989984320134256
3032,6.531333950317033
3033,4.711861237929465
3034,137.40556795671222
3035,141.5663585526547
3036,213.69398732502134
3037,5.852072659283508
3038,2.0988373406082785
3039,-33.33722159909408
3040,141.98108951128364
3041,4.848566099471093
3042,13.948822260580101
3043,5.842670765322212
3044,229.02039217214008
3045,164.90005899422846
3046,4.487827827892001
3047,4.039461766857729
3048,43.26507327637423
3049,5.684105447078731
3050,228.20110859396976
3051,96.16043579570096
3052,6.555555395008184
3053,3.914115223534586
3054,121.04603916733203
3055,185.71962117601927
3056,59.26946360980441
3057,3.349579815628049
3058,124.41519703901258
3059,1.8536695090367359
3060,256.36905369274575
3061,5.252442090823687
3062,224.3743790073118
3063,122.59893832091278
3064,232.0961185865348
3065,230.8503719137992
3066,120.48072452736098
3067,71.17751326474954
3068,5.7947637701941
3069,5.921499795807993
3070,3.520035531705986
3071,6.163619634750489
3072,219.3999901130425
3073,147.9735465454013
3074,6.3003355539162404
3075,5.927661893008196
3076,136.914022668661
3077,16.39748100840237
3078,68.93559973508745
3079,5.938400351671254
3080,3.6181631454023515
3081,-10.997699295124942
3082,92.79678842992237
3083,172.06566038640855
3084,1.2980207354294384
3085,5.511482971561632
3086,210.32150453080607
3087,3.012071206991285
3088,90.65908735830149
3089,3.4739329952446822
3090,299.7066782135145
3091,127.16233059925106
3092,110.93473315790717
3093,4.079410984296771
3094,197.95519014632936
3095,266.22276661670924
3096,157.3531741811315
3097,4.900631901006764
3098,6.14359716398652
3099,18.31848626903072
3100,89.79142086956567
3101,3.675390984710726
3102,2.603654120258469
3103,3.0824747929411465
3104,67.1184986018682
3105,19.616455783343604
3106,24.808990404856065
3107,1.653144128297786
3108,2.4884732299058934
3109,6.544752557271916
3110,239.10035195007177
3111,1.9983676258860994
3112,217.29124313772616
3113,5.536843371583086
3114,11.72541712332536
3115,270.8369297059515
3116,107.31328777739262
3117,-5.658158443152306
3118,249.74377780770197
3119,4.839758825219673
3120,54.757989064115975
3121,22.306951374231282
3122,142.57072318657268
3123,3.9068921020660277
3124,2.8295269643802454
3125,3.818565047281202
3126,225.67838534206527
3127,242.87475728545604
3128,40.9528268622153
3129,363.7566360360812
3130,2.0438313743232697
3131,100.68760248145593
3132,217.8714073474576
3133,135.58977634937838
3134,229.68317133916696
3135,1.7253364265741276
3136,319.4607589273654
3137,3.281239473519217
3138,156.6575615590357
3139,5.910850336595099
3140,2.859127752169511
3141,28.380799731859334
3142,3.109577298358762
3143,109.24746873206244
3144,248.22243820721567
3145,5.494494597459409
3146,289.4755769425241
3147,111.58368492573527
3148,121.92041048892457
3149,16.29737488420993
3150,1.6870286084794008
3151,239.66769484021629
3152,7.151663916579805
3153,227.88343977963953
3154,170.84410596488425
3155,48.47752886160855
3156,48.9236546836529
3157,4.808465277989635
3158,290.4715065897774
3159,103.35978107583085
3160,248.99120382351646
3161,-46.47629630265026
3162,3.494084554848293
3163,191.91486498660723
3164,3.0705763705132174
3165,-6.993813205057862
3166,61.611772010789146
3167,6.4923317787457755
3168,5.273906346382168
3169,3.497315958629761
3170,220.47605716282322
3171,2.904787456438984
3172,233.4161754487875
3173,270.13220596874277
3174,69.7561443288805
3175,-59.13036015579425
3176,3.8312080291952406
3177,3.487724536209598
3178,177.5281206809296
3179,6.117070059089061
3180,317.1133649115096
3181,198.14840168110328
3182,290.02307428042707
3183,5.936709735577479
3184,67.00298765495644
3185,6.852176108212566
3186,158.35669735209967
3187,259.3896831993568
3188,-43.71529798537579
3189,262.31558762012605
3190,3.9790650543128225
3191,218.77354370192225
3192,63.373491747920966
3193,6.096796250415263
3194,4.1126291499101555
3195,5.759843775931932
3196,145.3424842978452
3197,5.386014525839942
3198,174.0100621095371
3199,193.6619825973935
3200,2.1640159699616683
3201,303.89397132827503
3202,4.210175659716769
3203,4.547257077150183
3204,2.697047340851963
3205,6.414611760629101
3206,272.86706299376715
3207,5.911525020971826
3208,203.9949447312741
3209,-39.71342265779344
3210,7.485944945403455
3211,169.52634810510747
3212,227.28851542159396
3213,2.58935470160139
3214,259.3050877456874
3215,3.6378028836694614
3216,6.0699342208189595
3217,123.28775551068327
3218,277.4795522525058
3219,96.04382065278887
3220,75.02165049162492
3221,103.10387449919321
3222,263.39798760520415
3223,330.9063646799685
3224,-81.55326490590842
3225,119.75181545516394
3226,6.062365652491881
3227,5.855578339648543
3228,20.655424525257473
3229,295.0435586691322
3230,229.73817843006174
3231,6.493933142960774
3232,4.777550820163754
3233,5.670419533966504
3234,4.121690097418445
3235,123.83722133975732
3236,123.5654082330226
3237,11.707237112067501
3238,298.6831323881494
3239,6.532582847449746
3240,65.49606464282762
3241,11.34757417119284
3242,2.3754722951711185
3243,41.21767559704499
3244,183.8756383494364
3245,5.139730440684792
3246,257.21040594669614
3247,6.17278319993202
3248,67.4352292229124
3249,-13.76784219534543
3250,238.32174451048195
3251,234.18542984014422
3252,130.19671959404315
3253,75.32247379724349
3254,144.55223120452953
3255,6.484745128801162
3256,5.983831678607957
3257,4.856583463464995
3258,2.6132035522261785
3259,26.9701089096062
3260,5.892585203269741
3261,102.64612720510306
3262,319.5347290730439
3263,2.7876057380599466
3264,3.401101562230068
3265,150.82154524767765
3266,3.6803127733984087
3267,6.657168109440203
3268,3.4084989760330355
3269,4.585164488167477
3270,71.58176883136022
3271,235.54847689918162
3272,2.2859520915553286
3273,203.79699389872636
3274,216.0899365582979
3275,130.9887937190278
3276,99.86819915424357
3277,6.492963938406797
3278,5.951302198593947
3279,3.168693687880169
3280,144.27590313139328
3281,282.9046957562318
3282,2.869490681785273
3283,361.25862709155564
3284,345.9853523597045
3285,100.29849308682913
3286,3.2012657489726815
3287,28.57886974680399
3288,43.00436521782324
3289,1.8610681364597017
3290,53.783978766330236
3291,221.03305648088454
3292,3.0722280323711324
3293,57.63845735392982
3294,204.7931624405275
3295,162.29477761288817
3296,37.54489937489039
3297,214.83340942167686
3298,2.046200870995831
3299,255.28304050237364
3300,3.9758324375973397
3301,210.70242400837284
3302,212.28671975089148
3303,-0.05688614705730144
3304,232.71875099268794
3305,4.896077881020259
3306,4.69301555635341
3307,153.80585086751367
3308,2.8311140662355827
3309,6.3296953214218705
3310,-60.714863474191844
3311,2.5701029049794495
3312,3.9162683600999584
3313,2.584652480381454
3314,6.1172462961806655
3315,3.9380987591402254
3316,299.3300887510652
3317,303.89858647138465
3318,45.23631717002552
3319,1.9570409767546444
3320,1.9055895822605182
3321,5.066951458399864
3322,177.30878027953275
3323,4.6797545303016355
3324,3.740321486825298
3325,314.68460119082397
3326,91.6838283157799
3327,-74.71692849842393
3328,6.572331245917655
3329,1.8949774343998673
3330,191.10691462087706
3331,94.47968804568372
3332,3.728429730258048
3333,265.616720255463
3334,116.89252531746502
3335,3.495280537634154
3336,5.044201260409527
3337,2.357416223005334
3338,1.7512683692194517
3339,16.151719157122447
3340,33.20201970353622
3341,65.23234053567667
3342,226.46596861656866
3343,110.94369570252
3344,3.6224718380918985
3345,268.2257517290275
3346,270.4587286201652
3347,177.8582421432927
3348,55.532632647090125
3349,5.661055663471625
3350,3.717506819607039
3351,3.1771651805597143
3352,1.8452393842896802
3353,125.90516000120152
3354,56.82102700344887
3355,3.0800175189561694
3356,302.1043504291037
3357,3.1595771962592645
3358,224.70000894474202
3359,107.02709690493748
3360,155.98548059313498
3361,3.5103750817271555
3362,3.3697642687338414
3363,3.284633334876457
3364,38.116624921402554
3365,140.3982384602055
3366,36.285049247038195
3367,3.370900907702758
3368,124.11291240130343
3369,4.230473877773943
3370,71.7957081073096
3371,6.730536393487556
3372,205.87713221530936
3373,58.62003827413085
3374,315.06122651919367
3375,2.271110725604516
3376,2.7577403777711496
3377,122.79520657430973
3378,5.533896433948105
3379,60.42845114211633
3380,325.9765094889871
3381,6.611428831503027
3382,108.47451182006881
3383,6.6198003411716755
3384,83.5626295439871
3385,4.264916508554908
3386,54.01604002016021
3387,2.1249948564265946
3388,188.58895994152124
3389,232.6007508731442
3390,2.1231783278780734
3391,5.610380442472649
3392,5.1152898075535225
3393,188.92709411009488
3394,106.83251618526971
3395,5.590441124944833
3396,5.784138827862169
3397,157.83270696036308
3398,2.1646137076527796
3399,206.86381497567305
3400,170.18635470726332
3401,5.018015996427446
3402,1.5717018576882227
3403,69.93435259518908
3404,127.05331079400172
3405,178.78954531820293
3406,209.8467096903676
3407,4.009315005556451
3408,97.12519560502508
3409,122.28105778279192
3410,6.098859531225645
3411,5.603808701404932
3412,30.103366333368292
3413,2.135991986677273
3414,6.7135005292286545
3415,131.50846509591332
3416,89.06883613767529
3417,195.15365247065427
3418,159.08802271193898
3419,41.609183954069735
3420,24.441004164053766
3421,-65.45076581891526
3422,167.79927739745276
3423,2.064160568852069
3424,3.702043090594137
3425,27.96708623889767
3426,3.2852336739559407
3427,50.7192343528115
3428,2.776232798802061
3429,311.5916648461757
3430,319.8999073597606
3431,115.5693744105188
3432,5.921446504288011
3433,104.82038199869497
3434,2.0134478077379643
3435,308.72020460758944
3436,253.1079291137758
3437,3.3515941204000432
3438,41.455688329568815
3439,281.3693812557949
3440,6.3385201194895755
3441,4.654322968607405
3442,219.70286326153712
3443,5.177923790728866
3444,180.9459667739712
3445,3.7865200058309285
3446,5.9370522379355695
3447,232.29310854515836
3448,5.1654775579554055
3449,5.684660035686983
3450,107.97562008739905
3451,193.31932185078523
3452,1.8884176854039478
3453,1.8738477083528307
3454,13.450331713478349
3455,4.223271927424414
3456,5.986057084880853
3457,3.844890517971899
3458,6.1285642448567845
3459,169.06256952127853
3460,-51.873890304271
3461,4.213730449340824
3462,47.9042594129883
3463,227.78754294019927
3464,4.224934899832352
3465,2.764166134136528
3466,6.0261345983796
3467,107.49855565733012
3468,38.047452768477335
3469,316.45810253213966
3470,154.10130763552388
3471,11.018322865064667
3472,278.2163797751936
3473,6.581165176731242
3474,3.714187683312616
3475,4.860114267462109
3476,40.543147952617765
3477,3.58553820232112
3478,6.663884184689623
3479,2.7587587333620416
3480,124.42036704412598
3481,130.1051557524093
3482,76.12479400200387
3483,67.084671314435
3484,172.09205637586302
3485,2.2691495709819485
3486,208.53837291394044
3487,5.8883799688590255
3488,4.849376286711579
3489,2.8837908919470907
3490,5.744048634830437
3491,3.2898305367159617
3492,2.3211410505350427
3493,308.05612605912063
3494,167.81616145562333
3495,6.304983018741694
3496,-2.714114414757848
3497,4.5516490240152505
3498,6.762319543203776
3499,-11.14587381816393
3500,123.4275797946018
3501,268.3826584899171
3502,6.091997416182489
3503,3.7924447130810295
3504,70.51677323382829
3505,161.07375892715578
3506,87.07183826442842
3507,6.262588165302988
3508,3.0571860817503445
3509,3.1074829115135465
3510,270.91308885625176
3511,1.9710442152783492
3512,84.3048800758223
3513,75.85903511379885
3514,3.102056980785262
3515,6.885737510822065
3516,3.461099298058532
3517,196.87896436120968
3518,4.312632539170909
3519,211.29681841732105
3520,306.88216026600696
3521,1.8866475635659643
3522,47.65069126450027
3523,4.825530389107119
3524,6.568357430808776
3525,5.300876682298923
3526,31.53075255556936
3527,1.6834999190331095
3528,280.37708395417553
3529,213.04548384007447
3530,2.6814727752366516
3531,100.93560382631247
3532,270.6227003094358
3533,53.43317536941905
3534,8.002790956957073
3535,82.76601268678579
3536,3.609823718567322
3537,78.05825647517328
3538,6.7176701650144715
3539,16.55802175013504
3540,151.8070085942097
3541,-40.05586610342444
3542,2.7771504562312996
3543,169.50810990297705
3544,29.234254429368352
3545,2.495464612590441
3546,5.910378471545747
3547,158.43396113706405
3548,4.709550859786765
3549,1.7662716400481242
3550,4.5779596837242895
3551,4.60685805668387
3552,5.646474343526998
3553,6.094236711897556
3554,183.23144599232805
3555,4.345414447314809
3556,1.973262591581315
3557,108.26553362500002
3558,5.280095498725592
3559,97.0716409356109
3560,60.80084159744441
3561,6.475355303913694
3562,29.27528970500805
3563,-40.96894927186703
3564,5.8632488407411
3565,5.138171013682239
3566,163.46263440805964
3567,1.9920262776629398
3568,246.6929170729006
3569,194.45410569982442
3570,42.54061028088907
3571,206.71604236350828
3572,1.9202820760068158
3573,6.004503541328442
3574,5.476952441537799
3575,1.9810922217061298
3576,4.799316596680614
3577,5.801850295359679
3578,65.30597648579305
3579,2.0773493788303012
3580,68.66716381547597
3581,246.38233252943678
3582,33.62971220251293
3583,82.24467174535843
3584,6.630730049583432
3585,14.797770369263116
3586,5.742082106940969
3587,39.2102553133493
3588,3.561574482101195
3589,234.53100872091605
3590,2.666275818681416
3591,3.545528369484506
3592,206.5028619216599
3593,4.847722440823744
3594,26.06193986852099
3595,6.68587202064546
3596,36.97648048469276
3597,282.568586363
3598,67.60684077178763
3599,83.54570423902263
3600,2.8635812817893394
3601,289.61540815272963
3602,22.72409733668444
3603,5.425217277439556
3604,3.1689486278136347
3605,155.0791635219613
3606,2.0915370076505693
3607,3.927723243926218
3608,259.74331108456335
3609,176.46544658618262
3610,21.174007098666312
3611,5.629829831315829
3612,284.5695608551562
3613,6.091837249681538
3614,4.974402903118774
3615,6.089289418729525
3616,78.98897445259693
3617,5.091971344112918
3618,3.0547643688109023
3619,-67.30552336071997
3620,8.307683673411175
3621,66.05942310118402
3622,5.25558513969301
3623,252.8605906575698
3624,-7.7310033375390885
3625,92.94024413070451
3626,65.35610525379909
3627,45.62328173914611
3628,6.167197864814805
3629,46.2782157889586
3630,259.8861984380362
3631,299.88094522577614
3632,256.324324172832
3633,221.94291231376627
3634,133.9328673883012
3635,142.5726666956516
3636,4.670585000133996
3637,48.40667543439022
3638,56.113478017315984
3639,5.066806795429405
3640,296.5216750240386
3641,212.95369906549618
3642,155.59813102753418
3643,189.7733699514485
3644,6.370936454378356
3645,127.94404644556522
3646,2.4874397803923247
3647,5.949560545255941
3648,242.30943540662935
3649,0.9276899220049621
3650,3.4714278981379283
3651,198.99823162772657
3652,58.56405663518038
3653,0.21530877728082923
3654,65.25529795651026
3655,2.0613877580526383
3656,152.25121643462546
3657,5.55137358132906
3658,7.709841311363045
3659,4.630382699245374
3660,5.870712963645289
3661,59.67024600907984
3662,2.0363906360724133
3663,5.763204612492995
3664,115.93322840880262
3665,4.48177080640735
3666,278.1137477222204
3667,248.25144136407755
3668,241.35553087985187
3669,238.09949706109387
3670,7.639598908041286
3671,6.342629817366313
3672,234.16568640756182
3673,5.172312580034794
3674,294.36684395029494
3675,148.10550537685137
3676,69.3225483724444
3677,24.911313507245843
3678,-15.296693631633408
3679,4.331335356553456
3680,3.8902870012513064
3681,172.0171338153978
3682,65.34243576817195
3683,183.10101753526408
3684,57.296645220341894
3685,152.61478398142734
3686,282.01238124342933
3687,105.30529179589506
3688,281.50361524405406
3689,2.5023674474319764
3690,173.81137893631188
3691,191.1288344152221
3692,288.25796406854283
3693,265.99586016959836
3694,1.7982210179485019
3695,254.23614144484335
3696,202.75441025473657
3697,1.0049787823462122
3698,-36.590522627011936
3699,4.1788291047265425
3700,5.615612476872656
3701,393.57523319637596
3702,3.6948935107978373
3703,3.999448749107305
3704,5.949652124985269
3705,1.5748544195033563
3706,75.25017524674098
3707,-9.98704595340839
3708,131.18704207282872
3709,3.0117139124258046
3710,5.905319887356477
3711,327.5607532966033
3712,72.33773451286056
3713,5.772191610902536
3714,309.14783307524067
3715,2.795891259557312
3716,2.029672333619276
3717,156.4027879750694
3718,63.168937812094605
3719,168.61568630694097
3720,152.93495040954315
3721,2.8107662145360073
3722,3.9144085366885655
3723,3.189892765340206
3724,1.915523302935977
3725,65.88229380572747
3726,1.6860340685002697
3727,232.00440090895884
3728,50.059382125964504
3729,-24.082094174552203
3730,162.9469605766703
3731,69.93742732222904
3732,3.3876683376656924
3733,-51.234896707576034
3734,3.03742149602797
3735,2.24713202655171
3736,-7.942792326632718
3737,5.725089150957441
3738,198.773870998632
3739,-32.387373326850806
3740,227.99065101546776
3741,48.654094623922745
3742,254.9317451065394
3743,2.3428730166819323
3744,89.29091206227244
3745,34.2860759718883
3746,4.704313826036659
3747,5.000091397198517
3748,196.55544276098743
3749,84.16118147806895
3750,1.6328821052823674
3751,215.4045832029749
3752,97.38155520294538
3753,5.08798121149942
3754,3.794939146679949
3755,-1.6176567246782958
3756,5.6806018538716785
3757,36.82450194105319
3758,5.9868321277755205
3759,52.99482017422355
3760,1.9162196803794984
3761,6.94693864590514
3762,6.270261010347019
3763,129.49533217466714
3764,188.83882063177737
3765,353.3259805946683
3766,6.390758148443364
3767,289.0344435540804
3768,42.62173794805681
3769,1.6730491649125625
3770,175.62399830755496
3771,3.349165592356974
3772,184.89494404934163
3773,231.8577936823043
3774,2.590048836381125
3775,3.434579409215431
3776,214.1659855906529
3777,6.618823119246292
3778,231.2127355808464
3779,281.472664084633
3780,6.03188660764379
3781,6.386001958605605
3782,1.9521994895356083
3783,1.9830386407314298
3784,5.565763471369641
3785,33.251996313564206
3786,85.56873100324947
3787,6.015429339505422
3788,6.70284352686396
3789,268.6767089109941
3790,6.788397707765109
3791,6.515856366424004
3792,3.8424890564048226
3793,27.511082055153423
3794,-5.546607824223677
3795,217.03612138611692
3796,226.55605039643635
3797,4.880147118398628
3798,194.42642389226884
3799,-63.32180377969107
3800,245.43307115990126
3801,137.26441682461143
3802,150.14746638466073
3803,60.807171049981726
3804,60.042747927159006
3805,5.7641510835437835
3806,3.035582828361714
3807,83.84541898249464
3808,3.4311659420364546
3809,-53.70172969933766
3810,2.6556398765095857
3811,4.685991803624689
3812,260.49083730409694
3813,3.481949702538207
3814,272.3035408691075
3815,7.386468753889935
3816,3.8696021457755005
3817,58.789914412601554
3818,6.409379064995219
3819,2.403955800702744
3820,134.59028070623512
3821,7.805175575282088
3822,5.444467762201239
3823,267.86410064391356
3824,5.23915340714421
3825,261.4687456982485
3826,6.083668450670183
3827,283.31397731931736
3828,290.45557611408054
3829,6.4826017980598385
3830,228.5165597296728
3831,59.04685026625985
3832,1.8319877554952513
3833,52.59598690924664
3834,74.33104486455723
3835,2.8165456585629074
3836,5.257727293238286
3837,6.7631637868669
3838,5.937781368370835
3839,240.6661627008472
3840,5.699835256604567
3841,132.28386872212238
3842,3.593980478471226
3843,243.01346201553463
3844,5.555009643211553
3845,6.231048382923776
3846,5.86200632555809
3847,90.49711893106583
3848,119.21122879399742
3849,199.39730070050916
3850,19.349741987078787
3851,146.8852444447868
3852,254.17506376625846
3853,5.485234223326028
3854,233.5533683199986
3855,1.9561683870892517
3856,65.65400332640996
3857,4.041736880099579
3858,3.3171056830432755
3859,258.4679898824254
3860,6.167782667438394
3861,-66.84860717021681
3862,-17.484921528886073
3863,3.106714338569201
3864,3.2588466252695762
3865,294.0747125624906
3866,4.350019945559669
3867,192.4878612494099
3868,4.314240026091239
3869,3.039239375281814
3870,114.47435771631284
3871,41.35828308292805
3872,3.343554560352331
3873,67.02820002023627
3874,344.94508476949045
3875,271.4584633528517
3876,104.8801916039738
3877,-78.91555198387893
3878,166.5419277661366
3879,259.542037982472
3880,6.335067004014797
3881,3.693085553962413
3882,2.500746865329776
3883,181.30517555893036
3884,147.25889644593735
3885,6.4149288324417055
3886,5.592950704442795
3887,6.158948499092851
3888,2.6948077487435604
3889,202.91517586347894
3890,1.353600825005584
3891,3.496997568249673
3892,141.6729236931692
3893,3.309155555848926
3894,305.6342372433068
3895,-19.210680893375837
3896,13.554884555963078
3897,237.22075270273416
3898,187.54930618635026
3899,1.7544422426363593
3900,76.20345600542925
3901,125.30724133488454
3902,2.914104895210217
3903,46.953068821409644
3904,54.3990683807894
3905,3.7281559413196734
3906,7.426779852239613
3907,210.10330790303718
3908,143.45592139589192
3909,3.3059748158305404
3910,4.242491163916054
3911,252.81765823725775
3912,4.002139921552045
3913,31.212737660613325
3914,281.45058030601103
3915,6.560316391520672
3916,5.7693586616112995
3917,3.522030098492284
3918,-33.700192284981426
3919,5.013461096179079
3920,43.98878251671622
3921,84.05966384877885
3922,6.545842429089529
3923,3.7778459482267817
3924,335.78476628502864
3925,87.0707790681221
3926,2.280251480939116
3927,252.25466086408795
3928,3.3527026252657257
3929,5.331721511458667
3930,6.223686603758375
3931,184.2367114782626
3932,4.345047870843475
3933,2.3904514278175273
3934,6.580532156988103
3935,221.52128941128677
3936,2.070389609603709
3937,2.8520211921374115
3938,3.13343332530766
3939,287.1721161104423
3940,6.156055933383416
3941,6.50851532693469
3942,5.233992884874282
3943,3.129468889919936
3944,6.613917490827307
3945,321.72812509002654
3946,181.94103378042135
3947,38.92524141643196
3948,143.45559015257913
3949,5.886861916824586
3950,233.78525264021346
3951,1.818025391130218
3952,92.69931212742331
3953,134.57605419500763
3954,3.0972960616033545
3955,5.9071809718197485
3956,146.61914275038924
3957,59.974117359844826
3958,143.45677215841974
3959,214.39409056743423
3960,5.937292120128842
3961,6.131450855811802
3962,87.98306702499589
3963,5.87372367816358
3964,152.05661608900806
3965,6.204023475404939
3966,3.2587908347471624
3967,3.971833204496693
3968,184.96198433770417
3969,62.68549697225352
3970,2.705756145421041
3971,3.6696656291232457
3972,2.941332037134316
3973,3.4703307727905326
3974,27.2358482711773
3975,43.734801698119405
3976,3.7041473537705265
3977,4.123883144215581
3978,3.4365360898310064
3979,144.67646232595118
3980,251.11837790315624
3981,252.55278858830272
3982,5.667640098409949
3983,4.121694622932775
3984,368.43338012254446
3985,222.97616629417593
3986,141.21008960005383
3987,108.18571018227793
3988,3.276200063676457
3989,-7.7856761084768955
3990,83.11050645625336
3991,261.840438033684
3992,5.866463248868397
3993,5.129046574007203
3994,45.71875301137619
3995,133.10309591035315
3996,4.56574088130308
3997,116.14033840013252
3998,2.7966428627633815
3999,256.79557029614693
4000,5.550519859146792
4001,4.126951989466066
4002,65.86802459420817
4003,157.0420996607357
4004,2.1482808761290326
4005,309.7177762741747
4006,93.73368594020258
4007,6.906312883772876
4008,3.499638325789637
4009,5.806561349804771
4010,202.39845439236421
4011,3.7526799346870034
4012,6.366294578124355
4013,250.88960671986467
4014,5.854546392258248
4015,6.1344152028785786
4016,66.61850429920467
4017,151.4955976479574
4018,122.47772859103824
4019,1.699488224249148
4020,1.9882576437883397
4021,100.55143345493987
4022,65.6743988994258
4023,3.9874978829632726
4024,113.73255152987446
4025,67.53654008856574
4026,43.869496830357534
4027,241.9255451828132
4028,98.25901427806286
4029,7.2467701762398455
4030,2.460237891014497
4031,100.89471019632903
4032,90.10138243475578
4033,3.359405423864535
4034,230.88749518482967
4035,117.77910456287808
4036,4.054391356436525
4037,3.7407593591524324
4038,6.014298435019716
4039,5.8315145509043
4040,116.09566229331972
4041,311.74922416757744
4042,63.04753905415843
4043,240.29249440211947
4044,4.24783522166315
4045,33.772177090156404
4046,5.846740293171039
4047,3.961422035134314
4048,265.64185897972015
4049,126.46481942932917
4050,275.44853635491666
4051,31.478620064298266
4052,2.6003314792591334
4053,4.166062223196322
4054,5.644060602421218
4055,4.15222247171322
4056,257.0162087189465
4057,6.776607121527963
4058,265.9709689019482
4059,69.03605497746645
4060,247.2579480685749
4061,103.92462181828898
4062,3.9456984663754224
4063,2.1150451198772577
4064,173.92116771008534
4065,1.906812399063592
4066,102.61920811144611
4067,175.39559931552856
4068,191.02563288994574
4069,334.0677846659078
4070,2.6946056623188914
4071,2.606320801559757
4072,1.8181790174977301
4073,3.4571819339533545
4074,3.9025526556365318
4075,-28.014723333764678
4076,45.27145762479346
4077,4.705095287436299
4078,6.28585885598257
4079,6.839890676259002
4080,263.928088764323
4081,3.9020006744293565
4082,115.15109233151688
4083,3.8778528277401527
4084,16.99835875426087
4085,36.21022221344519
4086,-5.088835844973987
4087,4.252715990878817
4088,4.749392799265348
4089,78.05476487930217
4090,162.94445960657376
4091,4.285112443942268
4092,78.31052139247609
4093,17.88607651962821
4094,5.161674819812765
4095,6.643328991865253
4096,2.3954584863024584
4097,2.548150364297652
4098,2.7976516255602752
4099,-34.98291479782736
4100,43.139188848077445
4101,6.630905883549416
4102,4.627652845832706
4103,58.1240028441367
4104,202.7368142275618
4105,5.708596349825083
4106,115.23730448177506
4107,93.5900247870109
4108,75.07507262382872
4109,237.5721534613083
4110,5.794059179205842
4111,74.3609254514234
4112,73.61482469942983
4113,3.193717463705646
4114,5.3476019595442486
4115,81.2676828745243
4116,151.42766946604127
4117,87.01756510036496
4118,275.6294392472617
4119,265.29108179556414
4120,219.94984290015765
4121,92.27192583137142
4122,-23.728264179701117
4123,2.35201023089695
4124,118.82332784657012
4125,2.389280368048025
4126,72.71070521075721
4127,5.9019940175369525
4128,1.8007616326095666
4129,5.992085998981569
4130,2.3824778681041674
4131,61.48225382441528
4132,6.095266629183526
4133,4.967157992468222
4134,127.65105225556188
4135,-1.9885907925480217
4136,152.87012008965584
4137,335.1341976852357
4138,-26.147782547507955
4139,108.95364616195306
4140,68.74398288957195
4141,4.139242930273948
4142,114.73139834479373
4143,292.68522656326314
4144,81.34784296915423
4145,201.59808184749437
4146,76.05463993781436
4147,57.408955974996424
4148,274.78185977133444
4149,47.6892228766426
4150,31.697213267001374
4151,54.702960776309965
4152,149.89476957051787
4153,4.011519490294764
4154,366.0804219007886
4155,142.84166652657956
4156,3.3904532372786362
4157,6.685518033553058
4158,4.173835863059577
4159,3.8483081115000397
4160,162.03063909449892
4161,184.4943195540866
4162,6.197990600081142
4163,68.28024037555656
4164,171.5180148245542
4165,-0.1995698152158707
4166,48.378402463678825
4167,108.04874039574143
4168,39.449172501621334
4169,2.4323165431095592
4170,-9.472922551656193
4171,91.16242520866719
4172,4.707151338827417
4173,3.6741500039139563
4174,84.51034729571181
4175,134.99007658372074
4176,1.9734425786484948
4177,3.5776502378727137
4178,17.706131329206677
4179,130.05195724075895
4180,183.9195114438685
4181,61.55197647030543
4182,49.90416516115448
4183,42.12793625542148
4184,180.6444291870598
4185,290.24276050912636
4186,2.8277507020924593
4187,80.2073166103506
4188,4.427567773790526
4189,4.474408391975402
4190,123.4161599745572
4191,2.13380606990573
4192,41.85982538518452
4193,51.46434303070955
4194,5.935400390151411
4195,4.157769960660149
4196,135.85853456905107
4197,6.483605088012785
4198,3.1599222923124746
4199,5.019253107109452
4200,287.5259399275245
4201,255.64946480923598
4202,205.60662200108237
4203,5.438528256546424
4204,94.68745030543789
4205,5.1789728120098975
4206,7.493867072994139
4207,125.67148676640286
4208,142.05194805348208
4209,243.46539345414925
4210,-59.61343789189965
4211,2.5240085348495422
4212,5.656630149503269
4213,0.17059363890942603
4214,7.378559122288689
4215,3.4134902481135656
4216,1.929074089650818
4217,2.700441819621303
4218,5.78032787143763
4219,32.52535435687012
4220,82.39203020075895
4221,1.9906190555041794
4222,111.34370662765421
4223,2.727220802196489
4224,6.636840294021299
4225,4.967634962495761
4226,288.40700922783736
4227,2.677978318958262
4228,211.51923658343821
4229,134.4456612249681
4230,3.26620324139078
4231,2.047437716586781
4232,57.842793553692964
4233,3.0473802192460715
4234,-6.460287897014732
4235,94.60686811574638
4236,252.21569068354557
4237,169.74655108538886
4238,3.095719815644357
4239,63.86937380557226
4240,7.669435642200847
4241,38.450264960868715
4242,228.00074490888954
4243,-49.75395371573479
4244,332.72954543603254
4245,4.771445071815453
4246,1.9764886011972689
4247,3.5539064300031384
4248,4.078834291853667
4249,-37.53781309951584
4250,2.5713917718280697
4251,294.4996112920097
4252,6.3835232361720005
4253,6.305595883680424
4254,5.173932693917237
4255,-59.99645132104355
4256,0.33465859897806655
4257,101.68307242797727
4258,2.6367897039351473
4259,1.608152182477354
4260,75.99707794866437
4261,2.4041471561839534
4262,260.97140846767576
4263,76.75855908698429
4264,2.918600825286718
4265,40.420252189150354
4266,4.418019802485843
4267,5.903194172531005
4268,5.4728157881489015
4269,159.2192754769298
4270,216.57451669121346
4271,168.33379906574908
4272,4.8195985969064745
4273,8.147103868897702
4274,91.3222758350365
4275,6.417362897960652
4276,301.2390755784817
4277,217.1757562097757
4278,349.5665261765534
4279,310.3405281027299
4280,107.4169088930299
4281,65.9408737687832
4282,24.205507008931413
4283,6.142458061344072
4284,4.527358429090962
4285,115.12122030262819
4286,303.7346152624152
4287,1.742286441917672
4288,175.41230057518092
4289,223.5329767578688
4290,171.34611730065808
4291,2.980759413816812
4292,5.144950706775886
4293,-3.31550269958335
4294,-47.040317817410724
4295,1.1041960215589302
4296,5.52012446243025
4297,6.538155910151688
4298,5.7307321924380314
4299,75.98797958462383
4300,46.01454358533162
4301,4.553261086891243
4302,117.71739941247621
4303,2.3843493554658783
4304,-36.92281535981306
4305,3.8581562403118834
4306,281.1166010798302
4307,2.7119294149978277
4308,48.977747874531325
4309,4.194459427628362
4310,2.841647546097401
4311,1.8953951556007471
4312,244.84396980699375
4313,3.3407992526647474
4314,2.8863507820692886
4315,221.729538476485
4316,1.346932879406367
4317,189.08230584153367
4318,6.126760506148647
4319,46.213311474070984
4320,135.495222296543
4321,4.523430572074419
4322,294.0558105511064
4323,99.25270502058791
4324,3.4313241546065756
4325,6.671545805152415
4326,3.7738312248399164
4327,108.86542017802904
4328,176.0066734812128
4329,204.85430997909123
4330,30.989049108395623
4331,2.7422882407088864
4332,2.5401662801261486
4333,248.56811790963766
4334,3.3817941344580094
4335,3.4245395840395028
4336,2.106419354718057
4337,5.916152968607378
4338,5.669988331227619
4339,4.959223679541995
4340,-24.17386619781965
4341,82.65341541450303
4342,172.30027425160586
4343,174.69843246358727
4344,139.0338235524949
4345,5.92336810003898
4346,4.868861823404121
4347,211.8635432207526
4348,5.7070890378803645
4349,136.55618982414708
4350,-17.554148932750742
4351,130.2165914909662
4352,160.24747404803958
4353,4.80600371814559
4354,142.60745639747824
4355,146.85318150625722
4356,1.8824208050023286
4357,4.898677837177627
4358,286.12627027998167
4359,215.45890164953715
4360,3.318001112339398
4361,9.841788671979106
4362,0.8432083961313013
4363,3.5896682372296462
4364,4.743943523914391
4365,1.6458708984533792
4366,3.3206929074688647
4367,248.4980318443412
4368,-28.299626363134845
4369,68.43795436198346
4370,6.3424658584682305
4371,203.25195391224509
4372,94.59954920407785
4373,309.8478028910776
4374,6.509784222513129
4375,241.32154577350198
4376,280.07425024831105
4377,5.432456542271005
4378,5.929072079467336
4379,172.78469931258707
4380,3.113971109565266
4381,2.267097044746097
4382,6.630025703652054
4383,34.7118073360228
4384,5.349125412117047
4385,202.10884369212596
4386,21.923946324499468
4387,300.60032600386
4388,83.20494762265514
4389,6.623625176728169
4390,3.8188262192166786
4391,3.4001125663828993
4392,3.049845056317336
4393,147.22041782443335
4394,110.82265548660337
4395,3.2027571367584704
4396,17.193975930145157
4397,2.543842537319177
4398,6.349741398819925
4399,2.769520511655958
4400,221.95247865402789
4401,6.887885021890777
4402,252.13831930275336
4403,268.42512064603795
4404,252.8236092982446
4405,344.6243376906332
4406,25.004769989133347
4407,88.31683070387005
4408,6.521416626996475
4409,107.43693158028758
4410,-86.15284502669046
4411,2.678891670563637
4412,283.7568205359887
4413,225.32719594984698
4414,4.0286067949212665
4415,198.60481866911877
4416,55.481679557571574
4417,2.6597620213900695
4418,220.28071531076074
4419,251.83068444934827
4420,322.5297379675173
4421,346.1512853715816
4422,12.486213345766556
4423,2.7546857043118402
4424,47.729218316639006
4425,177.24275615815756
4426,5.6542960746169095
4427,216.27316866627496
4428,5.955681504608494
4429,4.919633213346169
4430,5.3040547484073075
4431,183.84373717620022
4432,4.060750181509419
4433,3.7791812736441885
4434,117.24889176143543
4435,5.744686342370586
4436,5.800721973530105
4437,36.047246753589704
4438,107.53862682728587
4439,7.233469104856265
4440,266.6990644716861
4441,2.1306817460358074
4442,231.0677162158206
4443,6.129796579824366
4444,277.5443598125927
4445,3.7858397099054306
4446,3.834242019486118
4447,96.14625822539571
4448,4.896138086882628
4449,-1.6854460965322193
4450,105.4381122179879
4451,104.2995181203847
4452,275.871198476281
4453,247.48369756799488
4454,5.001014193072043
4455,5.72721202042871
4456,212.8333810686595
4457,4.164263645159841
4458,6.959365068757473
4459,88.6047823380907
4460,0.6945553568253295
4461,75.92657107756284
4462,176.7817479043948
4463,43.91292133571463
4464,4.101023932227411
4465,97.48044050955033
4466,4.601537038998106
4467,3.4347634934814426
4468,1.8030166766798925
4469,2.596560847834372
4470,4.7669375844243245
4471,2.4664649463693293
4472,210.83818334397674
4473,3.7381750345841622
4474,244.22423413008397
4475,4.233325408368453
4476,82.62274650048153
4477,5.8690771122260905
4478,4.303864747158573
4479,110.89193665482452
4480,281.2074645641194
4481,3.8335799922907725
4482,223.78177843400906
4483,57.21504701796887
4484,297.98514359806046
4485,230.8418419297588
4486,2.460343351194334
4487,100.99328977298546
4488,58.823446755570075
4489,-37.98094237060014
4490,101.95220685595359
4491,5.388277660281725
4492,276.8872221374944
4493,309.16727017911535
4494,36.89288423351497
4495,2.536202461353361
4496,94.2912226784354
4497,6.681333438950837
4498,197.91220688700056
4499,313.97807473117996
4500,136.85885641747265
4501,6.047551195352822
4502,5.892520529518473
4503,165.24975696197984
4504,20.406782393614915
4505,79.33721468893424
4506,2.525138400502347
4507,2.055959246818159
4508,156.49365795496635
4509,42.202001227806434
4510,2.1440827959349216
4511,240.2155871356141
4512,60.15552831374066
4513,97.544742530406
4514,3.4178698708958226
4515,3.1366139429360147
4516,3.392327968601059
4517,5.081700274911161
4518,16.673931648501206
4519,108.9490901673256
4520,55.439363388211135
4521,2.781962447358902
4522,81.25040908793858
4523,6.688791716696033
4524,208.70857531040178
4525,16.082727158251764
4526,2.1477239091456646
4527,111.2059879286347
4528,138.9158083697328
4529,109.0889376858481
4530,172.7425760052015
4531,3.953701580171311
4532,4.530262716733806
4533,4.418582069180025
4534,60.431234487638264
4535,6.219486521056912
4536,2.177141657233979
4537,1.8184535470982763
4538,6.310469514048337
4539,305.5354856334866
4540,184.3598769640175
4541,3.6869713535753443
4542,2.75610828039054
4543,209.90246263508465
4544,35.543846680641366
4545,5.340714562483028
4546,30.015344280369654
4547,5.8494941484794625
4548,184.25550693736648
4549,4.529133987104471
4550,220.76766567645882
4551,30.95496356309871
4552,113.8636467595534
4553,125.00941300396181
4554,4.753309872775262
4555,176.25350816241212
4556,281.9882827309525
4557,4.863794079228812
4558,4.472228284432856
4559,75.37500957796016
4560,7.31820156366598
4561,5.329984812919109
4562,188.02632014068212
4563,46.7434054660702
4564,233.8921912906576
4565,51.149599261117885
4566,213.54489756114734
4567,273.58937711396743
4568,135.52473389560936
4569,4.7945818083247715
4570,191.01137526051548
4571,266.2266433358792
4572,5.204643704084294
4573,3.0700748932684405
4574,1.666276290196957
4575,5.84406373708644
4576,160.6241128007315
4577,225.1296609421058
4578,70.25389737105006
4579,37.277509364588155
4580,0.6583515790508758
4581,357.96246731990936
4582,38.625146922809485
4583,1.42542836378417
4584,304.06515133666994
4585,42.36767781045698
4586,6.142804723059077
4587,3.1255378609885236
4588,1.939914935822856
4589,3.707622750563659
4590,3.400754107997669
4591,67.92157761826313
4592,5.238338416640969
4593,119.87240936832733
4594,-20.530922061172028
4595,2.7739293564851373
4596,67.01169537113924
4597,145.40339959122258
4598,4.1962246227307824
4599,-43.10535099413139
4600,93.38526651799492
4601,7.1033497388795634
4602,5.5325288540949265
4603,5.257128244270869
4604,70.19483002883086
4605,1.6385385530916623
4606,114.74957406788025
4607,48.519313622700864
4608,4.35592556149984
4609,212.08402528740328
4610,120.91745689260748
4611,110.10994617120659
4612,3.7707386971651755
4613,-67.69339555164638
4614,67.27891792199597
4615,-36.94866939937181
4616,4.445771926228123
4617,4.9595808997163315
4618,3.906811922917126
4619,5.786199457541507
4620,6.5990768062725165
4621,99.52695864727824
4622,3.81593451596398
4623,5.963599648577057
4624,1.4861571140670167
4625,78.45692137124101
4626,52.88896487054079
4627,5.091539475529997
4628,5.854089479639435
4629,62.04386090965471
4630,5.8609333606983585
4631,23.548284177598465
4632,6.663573957082937
4633,222.84255510978994
4634,5.749645836223192
4635,5.224015273722967
4636,82.78607341196498
4637,6.921400524788116
4638,383.7701779740326
4639,274.49059129854686
4640,2.2023489038923607
4641,202.72069927793368
4642,144.24958397751737
4643,56.74213649015991
4644,44.50673133807967
4645,6.024913945620968
4646,46.82634096596737
4647,29.02154853644661
4648,162.70069945861417
4649,108.7230134210316
4650,130.7850728767458
4651,52.2611393639593
4652,4.837574967450679
4653,237.17186853708
4654,-2.6934286582269804
4655,5.384214580724115
4656,3.2453832929404047
4657,3.0891086856652517
4658,6.703610706733185
4659,77.63711023407036
4660,2.5560556599267716
4661,2.4990297919654023
4662,3.8695060800724534
4663,120.01918715871986
4664,5.971844730411759
4665,140.95897739969735
4666,253.7967171242596
4667,1.8129065118800685
4668,122.67677313746928
4669,287.3541091081214
4670,45.91615907611367
4671,2.047137724122921
4672,0.8248761935841624
4673,71.79326902884708
4674,271.8564480604227
4675,1.7772813908613627
4676,126.1374363558818
4677,56.17291821309124
4678,5.641555572352251
4679,91.3943964896181
4680,4.413030182334173
4681,2.138246518705233
4682,188.9934827907728
4683,160.09229074449294
4684,111.50725772470543
4685,248.65022672806205
4686,3.962264353025777
4687,203.22413390370724
4688,326.2666637906425
4689,122.81745126966959
4690,5.999376349007821
4691,6.696613457819354
4692,4.522802737872891
4693,93.7620882204747
4694,4.582725031796365
4695,357.2104189228357
4696,4.599107824481505
4697,2.634540046994762
4698,4.671125670619702
4699,3.787996934966454
4700,98.2383203771941
4701,5.564436270198507
4702,1.9405542407000902
4703,3.497221548364418
4704,4.8666790094341135
4705,283.4270251111283
4706,3.2347553626775762
4707,4.922679576323495
4708,3.0344825454494986
4709,79.25161215994362
4710,164.15549151540915
4711,6.342666471115677
4712,221.1667245136709
4713,3.9578267335123876
4714,5.648652971025072
4715,73.35760739169466
4716,21.501816083483035
4717,7.028757730955144
4718,5.850524023238394
4719,190.6502411284697
4720,161.81842619777484
4721,6.082979503282786
4722,4.041927336084472
4723,6.38528164374166
4724,50.38416211347219
4725,153.85073706819972
4726,3.5725679542811104
4727,294.380491154622
4728,222.1017444300973
4729,3.87293439950945
4730,182.89322899201875
4731,118.32827262469304
4732,-3.346285015506324
4733,5.63692375098515
4734,6.222899595836391
4735,5.547033103913454
4736,3.0389038494326472
4737,45.15999681624505
4738,-15.633899838971523
4739,150.97608126633224
4740,271.22177769215244
4741,5.129439434876499
4742,91.27352606299053
4743,5.559487665559571
4744,241.55019546106732
4745,64.36744794487183
4746,3.7674923957092354
4747,2.9542794041729192
4748,3.0730099741276176
4749,5.732168191233107
4750,5.871552955092744
4751,4.2206937099570725
4752,100.21517585805341
4753,141.90148319667452
4754,140.28624720540452
4755,4.209620477460405
4756,1.9706921081778765
4757,3.831682322976785
4758,82.5314316274847
4759,112.534984037481
4760,4.648629341286069
4761,3.3218554154069677
4762,170.6223870101172
4763,201.3469740129328
4764,2.5495865840770104
4765,312.2651958895702
4766,27.326065990929298
4767,44.064222970877694
4768,36.768324776817686
4769,-39.640109980191276
4770,33.36681508087148
4771,33.622624395777315
4772,4.108227666299873
4773,4.232774263411292
4774,143.23391775249382
4775,2.3938906015261696
4776,2.9295151841256324
4777,149.9623579595971
4778,5.198790693023943
4779,20.114163193417923
4780,2.4535748125872683
4781,53.022817658828686
4782,4.8532071303747015
4783,4.051206261903087
4784,2.83228320032062
4785,63.126137524860255
4786,82.97996092286695
4787,6.019768745638011
4788,3.912298222085621
4789,3.4562738065274967
4790,125.97876879535772
4791,176.45255794531056
4792,4.562035354556367
4793,166.72999007891372
4794,66.87423355952242
4795,231.3783986222988
4796,3.32285455822549
4797,183.45735812006643
4798,5.867736159836866
4799,4.3106546521782345
4800,339.5643215427683
4801,3.5418288281077577
4802,4.791048154681624
4803,269.7893543202506
4804,2.04326554028372
4805,256.3833043176768
4806,4.192690992421254
4807,2.8037447645420635
4808,52.82732547899982
4809,100.09273581568695
4810,1.6725407166247854
4811,2.025354102481686
4812,5.210560905785883
4813,291.76124552555405
4814,232.5481954460455
4815,2.6728304257533475
4816,2.6604095609029823
4817,6.066722612835407
4818,1.7072367048829258
4819,85.2204672899874
4820,2.495187986609772
4821,196.80003467037008
4822,120.1329757538762
4823,4.5471444595278765
4824,3.1649399720197375
4825,236.94235484800012
4826,5.158933322745758
4827,5.903274665956605
4828,216.79100733501252
4829,136.31659964214379
4830,107.94990097426245
4831,179.3833119966095
4832,6.975139949330836
4833,3.8727459021310295
4834,130.51552647080678
4835,3.9387511368677575
4836,6.604136518394403
4837,205.62419463467035
4838,31.251215178748765
4839,300.7411716911488
4840,3.248453956445032
4841,144.92821122988394
4842,39.17897888725422
4843,2.4492391311928805
4844,3.763150873191968
4845,4.596724479608358
4846,7.260515509291575
4847,3.5612853097057013
4848,2.4114006507887864
4849,4.809341291284957
4850,6.774841481996029
4851,5.725312281949714
4852,104.16486128080525
4853,294.74101095867377
4854,2.669096887306888
4855,3.1385463917547676
4856,186.3427905458447
4857,230.99406401041057
4858,274.8517033729807
4859,133.03910381050937
4860,224.4729629667449
4861,7.123970996320037
4862,132.08839587630314
4863,7.102200918369618
4864,5.761298116628386
4865,1.928145865173751
4866,1.2093109665360984
4867,3.2315054518506643
4868,65.35498149120922
4869,1.1706389905869101
4870,110.50762964576197
4871,6.573633637583442
4872,2.2646708590492732
4873,298.6972498856896
4874,14.23913835966919
4875,3.3167260387559043
4876,213.29206913071886
4877,6.308568452501396
4878,90.04968628762231
4879,75.9591009187436
4880,5.759850575847597
4881,5.972212230660688
4882,26.704646668454487
4883,1.814133738821362
4884,89.47446197997455
4885,-68.58059794728463
4886,263.9536590686905
4887,4.649409020435625
4888,286.08078931301316
4889,54.60983466568743
4890,223.48091626857203
4891,121.6089764794389
4892,1.947404272940397
4893,5.851513885961496
4894,96.54212548233761
4895,6.58852513605577
4896,5.797627920375621
4897,6.588552276607896
4898,-9.964946350432973
4899,185.05718966187186
4900,2.7322603049981877
4901,257.72972915289165
4902,4.262182953170031
4903,146.2536849748062
4904,385.42921752432557
4905,95.77008384363006
4906,152.4681985259586
4907,189.83637275791065
4908,4.6408733160893245
4909,148.8280857740453
4910,149.5017170539046
4911,84.03220128322793
4912,5.076640597493906
4913,233.7457126045145
4914,205.04037061028794
4915,3.673488841189006
4916,4.916354906498741
4917,6.194181755996818
4918,2.824968326803701
4919,49.73643053011121
4920,1.9807432920874748
4921,-13.44518984289498
4922,167.02141715230914
4923,220.41247578869502
4924,5.73195259451342
4925,2.431098410039713
4926,1.7479911555546321
4927,5.634234916513105
4928,3.3874122729159795
4929,78.21134039078426
4930,83.18506051283548
4931,-24.28066156298667
4932,5.888158989169213
4933,244.96045943543996
4934,-50.42881939193842
4935,60.41182328854538
4936,247.21385827126232
4937,29.80766723744583
4938,83.21425667038159
4939,56.783593224226905
4940,3.696052755157054
