id,target
1,4.2987565625944875
2,2.5949242437673874
3,327.84020310136736
4,-2.96005966913021
5,4.394172295500864
6,6.6878492569951
7,5.2875715477444025
8,90.00126348731348
9,80.16512756274511
10,76.41488119689465
11,37.41181804868519
12,-12.042385271845172
13,268.9047937138089
14,210.9500508495017
15,3.689153672431088
16,271.51222633330286
17,2.7615490011454917
18,92.30431065165335
19,3.5919930935454447
20,6.554942505559228
21,-70.16233966101102
22,57.23478075250316
23,3.5487815646359895
24,2.6779204734108624
25,29.080738647365017
26,81.01068408507365
27,1.182661852758365
28,164.89652426959006
29,41.29173798657018
30,3.8327216473812586
31,5.969571944580015
32,26.10026307476805
33,44.147193042562144
34,4.303050830391993
35,2.516398173912542
36,6.54047141447471
37,266.2724223408292
38,248.8180060992719
39,64.87705290455874
40,119.11891133906146
41,-44.191537547693414
42,2.728420341992638
43,6.03131134031726
44,4.670323801133752
45,125.94595317233993
46,48.48395234145854
47,2.9738191759192927
48,-87.9549334268297
49,4.039923413188775
50,1.7936668372182092
51,263.3946696975435
52,3.1087636885746077
53,2.719184669111147
54,66.39211485585113
55,2.9068449815378314
56,4.144401903861189
57,5.586448267684707
58,149.4225007285516
59,242.3019992274664
60,6.797361640304573
61,2.4429218968877238
62,241.3079059613784
63,6.707181092050708
64,3.17823035875022
65,2.621842263224109
66,4.5333792276088385
67,4.7852351163656754
68,201.9867589733637
69,145.69683690299607
70,1.8612516913233523
71,2.3616326763097772
72,2.1531977966181963
73,26.78806917010126
74,250.67868713447052
75,208.4053386549389
76,6.436976548921926
77,5.8419205240504954
78,144.77447644143157
79,258.4072840415968
80,3.8359396932006704
81,40.830659098154534
82,4.265771783650266
83,182.55288319010998
84,25.70852213537391
85,30.706140165594906
86,2.452445874290754
87,61.08961061311265
88,224.14293896058754
89,6.046478424897664
90,5.247671410954669
91,48.057456990088724
92,60.74179984600288
93,35.00150995190812
94,5.356765847450006
95,3.83174123261732
96,3.2055998344495054
97,7.71072921485927
98,211.6225928199447
99,83.54959050475823
100,278.1971222722804
101,5.1310472572944805
102,251.46741034990387
103,3.0510726090080547
104,6.553417971948426
105,144.0058840714043
106,58.990975609506755
107,287.9633617176212
108,2.417407320672679
109,187.19811951311058
110,3.4228692085635632
111,62.048092743811466
112,2.114917963110241
113,194.83410673013694
114,6.388394241576049
115,5.299325714982435
116,396.3033501111794
117,204.72186384848948
118,166.58575164326453
119,233.386335548739
120,321.3324127628864
121,130.87785138886485
122,3.866252263664232
123,114.2686664282134
124,258.0704495183756
125,151.98165939248824
126,6.332232884306056
127,138.76048450034858
128,3.149479814777526
129,202.06775634949423
130,85.23162204148251
131,73.97899328565829
132,23.667798172243394
133,-30.96145564392034
134,292.79213901269145
135,6.190178013972697
136,2.0217274043733546
137,132.00158294801594
138,5.823251742421014
139,186.51399760278315
140,298.95721006350016
141,60.95566591309908
142,1.183180055819144
143,42.825974228798934
144,28.149390259526907
145,6.643523136128267
146,155.348601736955
147,221.06129729448978
148,2.0879008806569734
149,213.90990639363025
150,57.290489501465665
151,283.62647827026314
152,250.18572266144892
153,190.4267842708042
154,28.81674884285517
155,4.262626859104318
156,203.87210151951598
157,123.54051432247012
158,141.25345959176718
159,133.1585247361903
160,6.412895206849817
161,45.62053670543829
162,4.487896318584576
163,282.0496102521102
164,3.1594482328415516
165,72.0226725131327
166,210.87909563322623
167,300.42390171852844
168,7.534273218820064
169,1.999798860852763
170,235.23213083814233
171,3.0406199249382135
172,4.242446894930888
173,-40.68902788037462
174,3.932141865987708
175,5.553351482533486
176,145.25970583528058
177,76.33257266210278
178,359.0605330698178
179,126.02495870783383
180,236.80639761348925
181,7.091718904760484
182,2.5552411206782697
183,280.60405130313154
184,7.684344184118226
185,1.6285245004877067
186,3.971503144250768
187,2.9820866822930028
188,4.185844588146363
189,72.85148151437397
190,4.290428338570208
191,2.2678722921232106
192,25.93461803464217
193,3.0710512562801227
194,318.64161865287736
195,97.1954091313322
196,285.2972677078389
197,122.56732194680275
198,230.99428320035878
199,63.33335220660448
200,2.465926265171915
201,3.403574043658472
202,80.96976469496222
203,72.27292243803974
204,4.130862293604548
205,272.7166410396359
206,84.49766715520563
207,212.92332890077165
208,168.76469458238245
209,69.0136007092215
210,159.53401667823317
211,32.97413703284881
212,104.66590421638467
213,245.37632864291257
214,69.60286927613282
215,27.90618066061312
216,141.3028824726968
217,86.12293253063712
218,151.4171573206627
219,220.29567570684267
220,5.604663719131211
221,206.6823584116087
222,154.22312670990775
223,2.7715924062959667
224,172.2026088461107
225,265.47318440154123
226,183.36515742978654
227,62.99931170623449
228,266.11784866437034
229,253.34858181628573
230,0.5403226937116249
231,218.56755937367592
232,42.612245986525735
233,55.853365849784936
234,247.8730119271217
235,111.12295952426642
236,2.1051718281600977
237,5.907515413614997
238,47.10605058951903
239,6.2416341862423375
240,187.10864966933602
241,309.23419488613933
242,216.31541534104886
243,4.032805421400563
244,3.6678636595140763
245,52.32646911961695
246,110.94424761361789
247,121.82894894790903
248,5.996337083088911
249,6.081061849533969
250,66.18178388222294
251,52.12699723672603
252,207.3242112126368
253,7.949477747835463
254,163.10288504594496
255,-25.917928199409612
256,5.774841847833626
257,2.1888514806722075
258,73.28710177896112
259,286.6276846643207
260,2.3309673821478376
261,5.698502807434518
262,6.362708442204603
263,-10.460370597985134
264,3.690186278229605
265,3.4917959854999445
266,2.014820526034518
267,3.151270211860541
268,1.6424842731699927
269,210.9578600039807
270,3.2088881210135902
271,159.08973738578783
272,113.98722504927099
273,4.706330868034311
274,5.339508733180651
275,332.9734836835057
276,190.37590402713727
277,215.14307306882677
278,-68.41875366214377
279,3.784036880622455
280,188.38602991711835
281,4.800919946968302
282,190.3204069543194
283,203.85779291305627
284,126.55422994043921
285,229.81320741815833
286,137.98042191392327
287,233.29854678966927
288,6.297197708353254
289,125.65203804472131
290,4.820601395370732
291,97.94094414881982
292,3.418388870721446
293,84.72390668305971
294,117.17713232603701
295,4.541484316124223
296,119.55961585036204
297,47.78631046081851
298,-44.51761196547141
299,212.58929462828738
300,5.84249846487286
301,4.269421052128032
302,4.738450678537572
303,4.506800568067412
304,4.136774541600668
305,4.750287938796156
306,246.0105389181681
307,2.278159988150697
308,3.021423018964998
309,133.24124038368183
310,2.2492994579914916
311,2.500906725399377
312,3.579136808141827
313,139.43297328228337
314,3.9754417727159423
315,0.3925757276304956
316,3.895585480730226
317,4.215594435275982
318,3.8114315384050625
319,72.13277356147447
320,1.8249240181905035
321,6.294317629033786
322,2.776255459651833
323,1.8836206522776904
324,2.667624388255372
325,3.1632053810699805
326,4.91407301907236
327,38.36525537957799
328,4.5620489662947294
329,104.23688616141548
330,49.712510787585416
331,7.318826394543123
332,5.552893239021223
333,3.307927586425834
334,6.827765167830049
335,140.0731565934992
336,3.7908540936681563
337,2.3431581533795542
338,130.6819353786579
339,41.25929073675474
340,278.49937648955625
341,115.44837646957232
342,69.87025209522932
343,3.5280892806294597
344,2.609617247869227
345,123.41854215145155
346,2.9825265127061673
347,5.612369028675853
348,28.254041028022442
349,-57.305131514465536
350,108.21580595302619
351,252.6744029446955
352,32.17144230240348
353,1.2283391551204523
354,5.9858152924916554
355,266.4681000005063
356,218.49303808572336
357,3.2133616351253362
358,18.9302609209953
359,4.542858573834841
360,133.18436421447313
361,4.242480643450967
362,5.907106917146598
363,-0.2524179158040881
364,4.466340851402522
365,5.258638469154773
366,76.85370345493756
367,4.445752204179391
368,263.8391917478934
369,4.904240333765852
370,-4.527379280971555
371,262.25037630752814
372,42.17102177282035
373,164.54292926625442
374,12.769962737555442
375,140.67410680610314
376,2.910836351981952
377,2.567417078020409
378,3.86027794000545
379,3.695949038957738
380,0.835951602053408
381,6.021820584369459
382,6.1405269719732125
383,172.93348800736445
384,1.750636415923291
385,4.012094998304002
386,288.19085183693363
387,2.9638346441763113
388,4.086550689607448
389,54.53748592916567
390,5.660848411854676
391,168.39795751672617
392,6.557728015683497
393,3.929115076508
394,318.8660523301944
395,177.54744627234282
396,2.855482408106848
397,1.7677792568289041
398,6.369285892706809
399,206.849542514199
400,242.13616905814843
401,1.6567629227131835
402,6.297816280774217
403,5.646289007337224
404,5.879178784683536
405,8.168066566533795
406,7.21995156806344
407,-80.76060698612882
408,3.8635463291641963
409,3.0570155107575596
410,3.4655196794074388
411,2.6096362094268972
412,-4.899175341826389
413,318.93093392703963
414,5.673826301728523
415,51.87079892009117
416,3.327658870930168
417,6.7821714911383255
418,5.472505915351968
419,5.5967474257319605
420,4.450801991133887
421,150.59922361011428
422,185.7405459786593
423,186.04916214408428
424,146.08650144465216
425,5.840573764807957
426,249.69511429544897
427,3.291601649851853
428,204.9382499689631
429,3.220149644193295
430,4.353917846461932
431,250.3159239383095
432,152.59926579964713
433,22.133417157327553
434,5.929029326544978
435,55.96648275907324
436,235.77888156118206
437,221.39690942231258
438,184.35023602708227
439,6.011488712953472
440,271.65389569957904
441,201.7274603675013
442,133.33088789455422
443,326.5494467745116
444,5.664401253799527
445,6.1732814227982855
446,65.35860363093725
447,1.273750281433917
448,6.253559006455058
449,295.8682884758502
450,257.0424159892335
451,161.60232876703054
452,232.64309113639956
453,1.9037717133079963
454,3.9305427506979087
455,140.41893967506581
456,3.421600496679384
457,4.928451902386687
458,259.9574812516485
459,78.89617438411611
460,20.68155708607451
461,114.99676786962205
462,6.2810132774639085
463,186.67933038362403
464,5.088911274983366
465,130.77320513327743
466,67.61241404436824
467,2.263168971053399
468,5.03549539338337
469,37.33721168826919
470,62.651442932528916
471,1.807371682630627
472,1.889703778874067
473,35.97496585830102
474,5.990573767484794
475,81.20803499724862
476,6.82842558544311
477,2.259630185433777
478,4.620995852697258
479,212.90924723157923
480,4.141939719376306
481,6.3303117326847875
482,234.5831736398118
483,1.718080470650052
484,206.59288981068497
485,108.90763618298178
486,4.7247667470431844
487,2.574768422119777
488,220.5695314842208
489,2.5597611208185382
490,4.878179178366229
491,6.498500337976593
492,3.760829779402605
493,4.152082378488558
494,224.1184796705643
495,5.875909129724383
496,115.55960652805774
497,6.283533809171904
498,6.160799076878933
499,5.543818829869524
500,8.38327644764376
501,3.0290658789979386
502,327.1549019828382
503,108.09797172641576
504,7.082015530189693
505,2.07913832638923
506,6.427332959931658
507,335.5247198561921
508,67.90934672244686
509,283.97935754725444
510,4.113671147430736
511,151.24893194454256
512,198.8169557093049
513,229.46634510152163
514,353.30804128220024
515,300.26895849391656
516,233.79673611939316
517,286.3224709922552
518,7.4259607468412705
519,51.26319396521644
520,294.4518040949672
521,1.8083913746985307
522,3.6508314107323843
523,230.3727185058707
524,4.0813218978759975
525,169.25087558611608
526,5.449965755152191
527,4.552238389750087
528,3.6051743833968506
529,6.335787281711703
530,255.24044104399385
531,109.67958004478474
532,3.7738598880265846
533,121.60796868361967
534,4.075261517074515
535,6.866940636437841
536,5.972624536114433
537,1.5056940497617861
538,5.03510562621054
539,274.79584168323345
540,248.16850135491768
541,245.46728486699897
542,74.90046618269604
543,94.78003761247
544,5.804247453266687
545,3.9308715700964525
546,3.4154153278541965
547,2.0528150435327412
548,338.4885590119515
549,5.767966563433206
550,261.56811726933034
551,5.901461152075429
552,120.45658109408336
553,3.8985829470862496
554,79.88315704739612
555,138.20636617035768
556,248.0622725480617
557,203.49142214498895
558,4.754674767764326
559,5.592421341053183
560,136.19946005279812
561,104.37811194541268
562,159.23344844300618
563,3.318195849179236
564,56.476404352750244
565,160.02437922934325
566,2.9115300873148233
567,58.22144864831835
568,106.52866136695278
569,329.5639117699086
570,3.645268305514367
571,220.80358809732238
572,3.1771864501138967
573,94.40505198542098
574,109.82433702508449
575,7.695777583921798
576,1.927208729504875
577,3.1575255306434804
578,170.2276781390348
579,0.7447107907012211
580,287.50726787484035
581,59.75806240882805
582,74.7286940968376
583,5.578934459560915
584,2.9507472092211415
585,148.9443206370227
586,4.677633305627903
587,219.28020987541402
588,2.828158459886094
589,194.2893264763024
590,240.58781319206994
591,142.74313248488843
592,7.125733733738492
593,238.55404126558395
594,289.55239170718886
595,45.748868062196
596,5.358731229247495
597,150.85876077585257
598,2.3678236809833417
599,61.505927427773024
600,193.74948685667974
601,154.56943791091626
602,48.268272231340056
603,2.0836205518971935
604,235.47204738196243
605,2.6200218537007736
606,2.447325840710814
607,6.828391380754223
608,42.825529281790715
609,289.5413244801242
610,37.508892566732186
611,62.11447852431899
612,8.268427078185445
613,18.383870635356654
614,36.33538790079935
615,1.9125876021185928
616,175.4942237738589
617,-51.97313959648686
618,237.7817495050654
619,4.849100408109498
620,5.053362948338286
621,175.88319892072823
622,94.67368452923574
623,197.8431675660322
624,202.9655448836776
625,2.4987935857133574
626,1.8198551927662558
627,74.85335869213091
628,4.351737045014817
629,233.5650291258453
630,4.4822254390920175
631,2.1363783613617455
632,182.25463934443005
633,133.46585003788826
634,234.8930505669284
635,2.7097034499003447
636,110.38850972443142
637,111.49702333812174
638,6.73478626700928
639,17.352199369401752
640,110.68236521040585
641,6.680711179750059
642,2.945755605243452
643,296.4122823075854
644,3.3064244892341987
645,105.97567305977094
646,63.430878680855606
647,189.89691735192298
648,241.02489644408917
649,377.4263448369202
650,298.25724586368557
651,130.17434821352253
652,50.19111992493013
653,2.8448735227261435
654,181.6070813272413
655,-19.58007970681409
656,189.0139901829756
657,164.49801849867194
658,293.99792245655823
659,1.875881220248144
660,130.2802370726372
661,4.073339345008941
662,135.42038976736526
663,3.530555289365901
664,-45.31975391518518
665,87.67889087108415
666,139.8797271064286
667,248.25328445184067
668,334.76412216059543
669,102.51348168852329
670,199.90270676941856
671,108.32542101943793
672,99.36973160665829
673,4.247848744313964
674,5.798105844007711
675,5.731318751655418
676,5.959491047104968
677,30.918973937974634
678,191.43058398691898
679,4.794473326453103
680,3.3018269905682285
681,1.9622641858971288
682,72.2819071219839
683,5.7293733221199545
684,162.47206571587674
685,219.39616350349363
686,6.013583103463982
687,384.57199161160116
688,83.93828659912354
689,109.6856178824313
690,318.77539147625424
691,3.5076253957984216
692,61.1549124214878
693,4.912921212385975
694,7.783532366858483
695,-5.29957934085887
696,291.67621781600667
697,1.089520703697377
698,215.02989829985813
699,1.863464369600945
700,240.476035054129
701,3.6439255606016316
702,4.059731019837602
703,59.02534945782107
704,84.31339649126379
705,179.43404726806983
706,219.76957594053906
707,156.76587409158435
708,57.56851793224754
709,90.02043018427979
710,203.5612137932572
711,230.67233505230539
712,6.526067568690108
713,1.5014608320039227
714,7.163132276640868
715,253.22864860538948
716,2.911506841569896
717,97.761988590523
718,370.5025425927367
719,210.66353224160278
720,4.241980764680502
721,152.471234332368
722,2.3483289063917416
723,6.350930065578228
724,1.5206446129737776
725,2.8103689828178005
726,117.52899172107928
727,241.85370248332177
728,55.73262861439631
729,65.47508388087013
730,88.30024197476871
731,271.9333488038931
732,4.388856581795671
733,6.591952510148544
734,13.201936237733905
735,251.85431194220035
736,48.52306160808575
737,44.73924103374525
738,124.44584393993819
739,286.98426691673745
740,111.84397846826387
741,26.346684505436766
742,281.9575748294516
743,138.0424699686984
744,1.488772227581933
745,284.33647062875866
746,183.46068677438817
747,4.21026250190427
748,62.165043656810695
749,100.92307426494881
750,192.72439816281224
751,57.05741305165168
752,247.35709478152708
753,1.9898255300871732
754,239.74866561412935
755,6.394952258851841
756,5.954727030960825
757,230.1620795112239
758,1.6747885135122251
759,85.72588563044364
760,5.742559721037681
761,210.43744239095744
762,5.189293134984036
763,2.0955507554355104
764,73.02342106481144
765,4.378593838306702
766,57.11197332772162
767,1.2402755940290102
768,5.008415319531897
769,5.826848335804884
770,1.9008552997823565
771,264.7501354959475
772,77.40432387821947
773,131.61353191501306
774,-19.227681719950116
775,46.0962781775202
776,3.936428243594274
777,219.74412667350592
778,-2.95750965157695
779,178.13550649450903
780,58.57774023061019
781,294.18573418484686
782,3.3931027988964777
783,45.9347658830573
784,2.893024720343692
785,44.486325269898614
786,132.20939133679985
787,5.543130397030323
788,1.9106410199756334
789,166.97296976974206
790,84.78911463008785
791,-19.390765380465076
792,121.51116800315813
793,-73.41401340463828
794,345.27046371302845
795,-58.02375893171288
796,125.36857936870574
797,3.886510207177536
798,54.96421696286211
799,3.469162984362302
800,5.897580086495243
801,216.0505077254444
802,86.69747118231167
803,160.76997395647314
804,6.326206037948361
805,1.8244507472123874
806,167.7722439133592
807,2.6741575437513108
808,71.1422498215039
809,1.6188227344743717
810,51.50364594204243
811,227.30529004282496
812,95.81387339721324
813,272.97982109570887
814,5.8799964592311476
815,4.735479109253218
816,6.742059474634905
817,3.187057852072541
818,4.770782224950095
819,5.305175954074219
820,72.80909855173762
821,5.610747752023256
822,2.0424005186397336
823,34.18604079899984
824,84.26104609732135
825,7.552243981299019
826,70.7922807445896
827,4.377452154964434
828,5.770778414146999
829,56.995136221978974
830,198.25866011000141
831,99.32820839855303
832,6.131685281843886
833,239.8970702389263
834,188.87289221613077
835,141.00920112488456
836,2.2785439126708757
837,61.3678529239016
838,157.25532639648048
839,6.131536331781207
840,169.36099918471766
841,148.51988930346658
842,76.59791618281952
843,2.359313549376819
844,3.4337947052977937
845,5.553578094050568
846,6.168307428308962
847,5.587293598513938
848,157.2764953489713
849,6.2558810282744
850,85.42680203953174
851,29.74236342455502
852,35.99969785471023
853,91.45842008747655
854,7.318826394543123
855,7.088290291824509
856,246.5538581728706
857,99.29695104869742
858,49.31797503940694
859,223.12089484254616
860,2.1483957578936197
861,3.9053683460245003
862,2.730081422817478
863,99.24830002344962
864,250.20573707412373
865,281.70204733880576
866,222.6431219970369
867,5.664490355006493
868,112.87923743943358
869,143.50801695511547
870,138.15353923802027
871,150.22221237174872
872,128.949100741167
873,2.703940041565542
874,61.15228079891854
875,6.588354524381321
876,103.22349623386428
877,38.86913162913643
878,115.50934709188824
879,5.491858338304562
880,6.7414074808982445
881,153.59143952427746
882,5.836406065312344
883,251.6052489042
884,5.944818738730911
885,153.38436477039298
886,67.95404755982341
887,2.0920475783949435
888,2.1059659143436757
889,215.96150051546488
890,3.4320012933655932
891,2.623787947885226
892,73.69657334787698
893,5.188510480945278
894,-15.720395880105762
895,3.7458960971256428
896,223.2498921554093
897,2.5352944262424186
898,237.83743047145913
899,-46.611184319368775
900,249.2090301424391
901,3.7429018335291895
902,177.22429216984153
903,5.4562609993628985
904,134.8769952529118
905,1.8919162907406915
906,0.7995255989480737
907,213.10939167261267
908,53.54635510925065
909,71.07198879052012
910,2.4094788655636847
911,6.800492451260347
912,275.15751287716444
913,131.3467073140734
914,277.13539151273466
915,105.47555749233496
916,130.92598562790178
917,-2.7701746107396383
918,2.676062414412421
919,3.1304500249294542
920,385.0254410834109
921,114.38953132498202
922,219.44241690898372
923,2.2652200473833406
924,82.5205563817565
925,182.73624116371653
926,52.521030929925416
927,63.04876699644084
928,5.127886438573334
929,44.38049992266396
930,22.48067712342678
931,243.79320098508416
932,191.17660887513225
933,5.567473904963177
934,2.0863996672132097
935,175.38390468382747
936,51.268556818064624
937,3.456644565019556
938,4.36020601188671
939,150.26645119063852
940,1.6474903580925444
941,5.85601254127666
942,4.823759530788854
943,112.08400804553358
944,3.72373694160674
945,1.9854148254062447
946,72.33533969067442
947,46.604672428872064
948,64.51560499660685
949,224.71241531247563
950,344.34662817087485
951,9.741516818753807
952,-22.621621066468556
953,5.86120506116408
954,268.1124715847077
955,192.87484710446344
956,157.99948154514226
957,2.4170889751398206
958,2.925745417679264
959,217.04334394019787
960,60.42984265801922
961,165.8914947809683
962,3.028893067699301
963,6.471244687557893
964,5.021140243835364
965,7.348240492606414
966,3.7232332010532594
967,48.958919968031665
968,154.3942900116018
969,158.78622571227655
970,6.340615665737892
971,366.1444776003488
972,5.598842241129478
973,98.16723619839485
974,5.203800730139039
975,3.655137628920774
976,5.238319330238514
977,184.60494679619669
978,301.77817326506056
979,2.43667148870714
980,1.753418838827315
981,-24.16921239405056
982,48.456436417755825
983,304.59289433429717
984,315.9982604616516
985,240.44730857460465
986,106.3571834662458
987,2.9658482761383986
988,240.20611439700866
989,339.2547555074622
990,124.91463973809908
991,3.746065630801329
992,287.6736470234644
993,187.1774614443592
994,3.1992505020893405
995,-16.752019558370357
996,62.613369755379665
997,1.9793628770849194
998,35.549422900801844
999,80.41523414214869
1000,-17.328607743847602
1001,275.05817520280635
1002,165.3520065665031
1003,5.448005247874799
1004,1.4088360983800414
1005,1.9200405491765888
1006,3.7672948513334172
1007,143.1551654427153
1008,2.0080336271447528
1009,6.569862853034231
1010,29.742790045824556
1011,262.6262813916579
1012,8.04184081926457
1013,220.14493235192919
1014,76.17469536390415
1015,237.77710559187284
1016,6.6926359973066205
1017,4.93101813260393
1018,3.435341620838184
1019,6.340759470890548
1020,4.01684290271253
1021,146.3301354396019
1022,84.98016027173585
1023,161.59784053514937
1024,168.58858897440842
1025,5.314379374570404
1026,3.422007973613366
1027,4.929105333398121
1028,79.898279276871
1029,3.629769483393497
1030,28.149234541866683
1031,258.27336229165337
1032,2.938048692752457
1033,2.6052469467713384
1034,236.62138472664674
1035,1.6227079987300308
1036,245.4310939084643
1037,6.794170074942595
1038,47.083444818570506
1039,3.6319245542774263
1040,-8.662946722658207
1041,3.282006261518373
1042,4.192371419064108
1043,3.65033818828944
1044,319.20790287245745
1045,133.86462187954362
1046,39.915983087704696
1047,230.7574183888618
1048,1.790134332634914
1049,2.654524942864241
1050,5.957582821940549
1051,53.82303250133345
1052,194.68782681767885
1053,253.289266577662
1054,6.350521316452789
1055,36.46344828027972
1056,49.5147170891537
1057,4.560516114704735
1058,2.7875429238420435
1059,2.959328144900884
1060,140.20911953787157
1061,3.318193485126306
1062,5.972160621867767
1063,312.43114102454035
1064,219.04586298613435
1065,70.65594855945317
1066,264.93552737959135
1067,266.45094680613164
1068,6.460767497058459
1069,4.570015838599001
1070,319.1555170622037
1071,157.90201148563122
1072,5.312288864959316
1073,3.2460354579083317
1074,6.293692959835864
1075,4.8248403969673594
1076,277.3338580175152
1077,6.156865492823109
1078,145.7557315403256
1079,3.1538920289066343
1080,2.685172120570104
1081,5.836579139263849
1082,3.9232210975914734
1083,3.342790277515419
1084,6.206214898430905
1085,129.57697188119667
1086,216.5394192265272
1087,64.40371934459124
1088,263.2228471063464
1089,9.00810693054504
1090,145.8500310958839
1091,277.2751073757628
1092,5.605816238201535
1093,4.164234562539495
1094,6.770617655553965
1095,2.875512511649558
1096,2.4312205105746396
1097,4.944242019124537
1098,58.21144415050376
1099,122.809562261334
1100,5.363455576465184
1101,4.442028840187885
1102,5.902988150517733
1103,267.6095192575866
1104,4.595715068925299
1105,136.37010133382304
1106,4.977273395421144
1107,6.357279588730449
1108,10.117386575288664
1109,120.00862461798529
1110,106.84134285428063
1111,3.116387936868528
1112,236.40372878670954
1113,2.6818103546458087
1114,154.66910556479485
1115,-33.55803041566221
1116,5.6674512062993925
1117,299.70101445462484
1118,254.90560029279482
1119,4.73037487938801
1120,48.411902142413524
1121,34.97240170785649
1122,229.78464045841818
1123,3.476310903386349
1124,152.5211274196129
1125,2.8699958156869743
1126,75.040801076521
1127,6.405658783114336
1128,-34.20026161913369
1129,183.12974102041358
1130,5.819181566928638
1131,54.51975810722365
1132,3.8045287955726708
1133,-60.28821774400684
1134,153.17704679207628
1135,194.65644367076575
1136,-51.479669425857466
1137,4.182877977639731
1138,44.975034054020654
1139,110.05831091220641
1140,122.01389394744355
1141,197.95023802610652
1142,149.76543118256268
1143,42.914822436871596
1144,-44.20604718523035
1145,125.75475649478612
1146,30.483242208151427
1147,4.497578465314365
1148,119.53619732894583
1149,48.05928070521525
1150,4.4348988847989474
1151,1.0863923247341816
1152,3.7827724169896766
1153,4.195259230354707
1154,32.331544409779404
1155,177.8193328500249
1156,6.681384175569154
1157,86.09592298519745
1158,184.3406901756268
1159,117.40639171539222
1160,113.94368393445635
1161,1.6869160130960084
1162,5.577825080120679
1163,5.371879773376354
1164,4.851014602113465
1165,198.87347201474634
1166,54.48139400927154
1167,-41.365283108580556
1168,4.791860976301552
1169,164.28737180256556
1170,4.834894012725552
1171,4.274600584261601
1172,2.3871920543085663
1173,3.710762679350272
1174,209.34283930177844
1175,-52.66531644670229
1176,230.80433602125828
1177,2.2824203738860214
1178,151.6943313493676
1179,2.2628597070545444
1180,2.6857770140585098
1181,2.1242818399553016
1182,145.00464032699048
1183,7.573383949639061
1184,3.859354914768347
1185,288.8914366615888
1186,122.84116059583656
1187,4.250045911528732
1188,2.7503449127659088
1189,140.0286327463876
1190,3.7161361589481428
1191,3.4577614074136247
1192,4.805344662481655
1193,159.02498350713628
1194,5.574894079982412
1195,2.108658254945634
1196,269.22436776452344
1197,91.45478230350763
1198,3.1638258151393455
1199,273.73091210158634
1200,86.27415415861519
1201,212.51788089500323
1202,64.33788715256195
1203,3.2620222832628003
1204,138.99194868974038
1205,1.8239055750264876
1206,146.32142500161933
1207,97.5717218085931
1208,214.67784082773412
1209,272.0951315193642
1210,188.2648036980524
1211,231.70620856137887
1212,5.963733367100818
1213,4.004841356292576
1214,190.67227833610121
1215,106.51537870218186
1216,231.19119501437802
1217,187.10647620998782
1218,-51.07195078052654
1219,5.729197938461076
1220,5.872402582440274
1221,242.48559625150907
1222,6.190357027144804
1223,2.6612715601895416
1224,3.0512366364502017
1225,127.40025961372532
1226,1.2924554623901647
1227,4.716650522761294
1228,2.3298467155502256
1229,44.55425004905617
1230,102.73751733280085
1231,235.23969917805525
1232,1.8164648425786911
1233,1.3624339169873039
1234,3.2085998668163067
1235,15.435016749132586
1236,273.3991341199288
1237,3.9536925236936145
1238,2.596857785206358
1239,0.695729937626145
1240,42.531913504657766
1241,2.1556745633197916
1242,4.730558400288613
1243,4.866813239946653
1244,184.92599825119842
1245,4.019267406801205
1246,256.7688478184782
1247,5.587783133976096
1248,112.02809139051027
1249,151.48773137149476
1250,7.557125272423858
1251,12.18874334087486
1252,5.603722734325841
1253,4.119197831758385
1254,4.415728640377788
1255,38.941318575510266
1256,71.24149657177385
1257,149.4164194002771
1258,262.55208926850713
1259,72.04561813649707
1260,272.83995508077993
1261,5.6905890006655975
1262,5.2015567990950045
1263,166.67515560246085
1264,3.1398740783413808
1265,8.473877520715556
1266,133.25605404427134
1267,1.853815494219478
1268,6.637652554412123
1269,268.38461485498505
1270,-59.463695149830606
1271,262.3170186696178
1272,53.39933669119045
1273,6.6409183564124765
1274,208.78059789332983
1275,204.80251605314285
1276,48.02188361392244
1277,4.1250509044009736
1278,1.7060961586879297
1279,3.9546259118242397
1280,-65.54244149948157
1281,3.72284599260559
1282,77.68099036671221
1283,167.4485183926128
1284,2.847164592409407
1285,-54.86944813133022
1286,3.254382085975354
1287,52.0771977411762
1288,110.58171300795884
1289,3.9674792664595238
1290,234.66090633480488
1291,3.2979240893652113
1292,40.09785531201445
1293,108.74152414286925
1294,267.690498163035
1295,175.208149305979
1296,6.217654013619111
1297,68.46310858380014
1298,10.482482831861546
1299,6.343705079727822
1300,176.41119217358812
1301,261.56359749962417
1302,207.53143861679897
1303,6.155806883967682
1304,4.340658473495271
1305,5.00673526490366
1306,59.5468581164893
1307,147.57494092933752
1308,1.8844950205202635
1309,4.70600513692942
1310,357.26430318541566
1311,2.6155844665065016
1312,7.157789032672632
1313,45.530964540228815
1314,173.1799488578181
1315,202.8107065354129
1316,246.00963866188786
1317,77.32890093770072
1318,2.1023363784271503
1319,227.90640069341427
1320,255.5661676458349
1321,25.13292699970804
1322,51.17307840269714
1323,263.45650025682795
1324,227.27938513010767
1325,52.129599630058436
1326,68.41713307476944
1327,226.96071307862056
1328,3.128826859585255
1329,5.856790106368933
1330,124.93942005203716
1331,17.08400809809683
1332,296.978827595453
1333,1.7294394821563093
1334,355.65304251021433
1335,1.8224051270680808
1336,110.771541676344
1337,37.53403676371668
1338,256.14241285789086
1339,6.181593815835197
1340,177.96211443483426
1341,229.36486577153602
1342,196.49308202211978
1343,41.64233897858843
1344,106.75225576931973
1345,2.7004011455084207
1346,73.34158140870285
1347,93.95787440421104
1348,2.9319794271416195
1349,223.5742074770684
1350,35.92728280781024
1351,213.05182139012587
1352,2.5532059329163466
1353,14.292876751220481
1354,5.08782289705218
1355,6.126429728851121
1356,3.4710495400588974
1357,7.725362842775524
1358,6.729614439533912
1359,1.6737812061680075
1360,318.6598183800141
1361,4.144050563291785
1362,6.55026709015427
1363,71.82761157870334
1364,3.5340781755332116
1365,5.901136077539497
1366,6.350790718157221
1367,5.939552130908948
1368,21.689104264085202
1369,183.72710645021874
1370,285.48661266308915
1371,234.19453528902187
1372,29.16085431477257
1373,3.338313210997339
1374,159.51086427457346
1375,138.39065146764636
1376,5.543260048502589
1377,4.927219276726717
1378,111.06935213695786
1379,81.03930226136526
1380,97.49317970735206
1381,234.03232594699494
1382,81.54511805519327
1383,48.08862905218957
1384,-14.781117657880026
1385,161.61890759610193
1386,2.396238759248801
1387,70.75293695487983
1388,1.6471229875087798
1389,220.81237739268465
1390,192.04081039703476
1391,51.58852548577486
1392,64.60130794229053
1393,271.79030043908745
1394,-19.567062688415234
1395,33.29691580786712
1396,198.0114278535771
1397,5.442111310899351
1398,206.07931672839308
1399,1.4626644412008842
1400,111.90440818142474
1401,327.1469746613642
1402,58.30017888451854
1403,289.7270747448179
1404,89.04633072454524
1405,125.61781180065043
1406,1.974403191426611
1407,136.384384754967
1408,7.925050541514102
1409,4.0529147367542775
1410,274.3604464164772
1411,290.65752237368997
1412,-36.24695333890907
1413,134.9509053141475
1414,251.75326960210248
1415,2.391988697143388
1416,2.5699674579838105
1417,4.453045561739594
1418,344.67175346607615
1419,166.66549111646458
1420,4.484786759341349
1421,34.58547660672875
1422,6.743068518027868
1423,3.330399870236168
1424,5.086018318453598
1425,2.3316351710821315
1426,-19.91993796316914
1427,3.668387149645155
1428,4.614703917394536
1429,3.637017227374319
1430,4.34900370573034
1431,6.356734245506997
1432,153.28945239421753
1433,3.052463059683629
1434,6.362981276489174
1435,4.578186767122475
1436,-53.9047025079811
1437,154.76701722579034
1438,116.58119834212371
1439,6.290915676319199
1440,2.5588164510612676
1441,119.83735920948006
1442,184.4359822647182
1443,45.18630363057235
1444,5.649050272258734
1445,58.18728905201616
1446,264.2074486382192
1447,213.4274727745355
1448,-11.114592173279744
1449,5.872235914712946
1450,270.03550002533274
1451,145.8877259205866
1452,4.830121509353542
1453,5.3948368801202395
1454,184.0030987571739
1455,74.04649261021527
1456,-7.228954636874281
1457,7.508399875419812
1458,5.193915345672062
1459,277.4131788880426
1460,349.67966735761223
1461,153.38814827041813
1462,-26.68579828496362
1463,88.2431805288193
1464,5.896053921015646
1465,3.461479810112022
1466,235.007921649062
1467,5.563613010679055
1468,5.681377921354144
1469,29.826920030520814
1470,3.7297540870119366
1471,21.014766414962672
1472,6.737820582000277
1473,2.5907425372556108
1474,256.4266371258957
1475,90.89020023507418
1476,6.702454551844859
1477,2.6150147843597704
1478,112.4154505730097
1479,3.9325720351422793
1480,125.85447104177746
1481,6.0401092574021185
1482,175.86165696713618
1483,6.2397702797392745
1484,229.83421013369502
1485,193.2020195334712
1486,7.254099406483494
1487,3.6189551013268315
1488,80.97218520362196
1489,15.077288573760454
1490,39.31026370873288
1491,3.5435359941816844
1492,2.0022351058758265
1493,7.794263644431454
1494,5.299041216968489
1495,37.07858021272664
1496,7.426928247773705
1497,50.7556450897641
1498,6.057337344451891
1499,79.59314222985064
1500,6.6955454050908
1501,5.660556201515578
1502,44.672395024759304
1503,5.619032824996858
1504,2.076830620453743
1505,4.973887769434201
1506,205.70399687510877
1507,55.03268476345041
1508,111.42136226099103
1509,63.1845078528794
1510,3.191830852231721
1511,26.3011899409171
1512,64.21744945062272
1513,5.694423145772976
1514,289.44177971951046
1515,55.71316624434089
1516,2.460703687306578
1517,359.73129362836943
1518,4.6072055578005315
1519,234.5795157701553
1520,4.6786394017890105
1521,51.82050142092319
1522,4.901965004189151
1523,2.8231180143448285
1524,137.16813678519802
1525,-18.33416319309278
1526,2.418263646648688
1527,5.61909598175584
1528,3.9223587396736987
1529,220.29207698356797
1530,278.7582952830781
1531,3.2721981109059626
1532,5.840117815789879
1533,3.6580686201441552
1534,1.8067053710240877
1535,74.77725992913471
1536,5.64141329123143
1537,2.5090498004628765
1538,288.47854165552076
1539,171.4979387476063
1540,2.274605060802058
1541,142.55879330162603
1542,2.968063664250454
1543,14.65283493077201
1544,7.6201057239676855
1545,3.505366736898922
1546,5.5689228932136015
1547,-22.156957031826682
1548,198.16170500289573
1549,44.96512874967335
1550,2.9474341647201925
1551,2.2849941692095523
1552,230.7247017255778
1553,6.347517906739633
1554,276.1613734316373
1555,171.03419805319152
1556,4.131431870232758
1557,7.0595199406845515
1558,3.6360767033480657
1559,233.32979988954034
1560,174.92723244944952
1561,191.0800354811458
1562,237.37712424175456
1563,97.95020988899336
1564,3.538604864819333
1565,85.10414366797704
1566,3.697840826950112
1567,-8.762708290904223
1568,102.64250583250573
1569,15.67065302250469
1570,275.1176372191118
1571,3.446831981433106
1572,93.36887559330847
1573,2.173936730283241
1574,4.625012199965505
1575,6.073474803458116
1576,4.177199739941518
1577,6.158719899636122
1578,71.07198879052012
1579,4.95327427702915
1580,196.14176069384482
1581,221.3246847596866
1582,6.838993218978374
1583,297.81587116454034
1584,298.641457817296
1585,5.461783249728751
1586,5.16950748379046
1587,53.90186380929964
1588,287.45535113596696
1589,7.715050852573058
1590,6.193744922158556
1591,136.72061012173026
1592,7.245416185310152
1593,124.79326839128441
1594,143.56263749334926
1595,112.53788365324142
1596,5.718806173942142
1597,67.35964534008718
1598,6.6844997666542945
1599,3.155975453213077
1600,4.210510591435871
1601,2.7358575780853744
1602,5.9834440696787725
1603,281.34667500569594
1604,49.28138893389159
1605,114.14580576785352
1606,261.7919417527887
1607,21.04194038352398
1608,3.4969732538838887
1609,6.878298840098135
1610,3.062656986381739
1611,183.635475802653
1612,87.42061973879295
1613,2.8135749378403783
1614,276.0946301659065
1615,5.5073737892853485
1616,3.7164097348711778
1617,176.49149081929573
1618,217.43268625630688
1619,10.603609276087465
1620,63.47993131461595
1621,2.3665552911745436
1622,2.7629385128310853
1623,2.676045914606649
1624,262.78207064718595
1625,97.6558661673608
1626,1.6349609008021764
1627,36.76302015848986
1628,3.8550914101417786
1629,216.63031400496152
1630,85.19862804782053
1631,2.9219231787283717
1632,310.86482553813374
1633,4.861579889311598
1634,-15.005061792495669
1635,4.043223988640575
1636,4.719772316841922
1637,7.819156961813063
1638,225.20186711424475
1639,32.014449052114415
1640,4.666864522360106
1641,321.0546553318838
1642,163.72910761458405
1643,198.38993691473956
1644,115.65319082330942
1645,196.8719249177538
1646,6.512180429868839
1647,6.532139214210056
1648,11.622334811197492
1649,4.295423334073336
1650,94.63329845672237
1651,6.700518947787368
1652,6.464755397998482
1653,218.02570327401963
1654,6.393974441430298
1655,321.60973720316275
1656,45.756990253855875
1657,1.0553604802237089
1658,277.8957785518895
1659,2.204175995044015
1660,20.986133134533727
1661,6.820625797960022
1662,201.75812015248016
1663,5.92558766312775
1664,126.38232274936621
1665,1.1494365299254714
1666,106.39329767483045
1667,-56.33577219393357
1668,259.6059166774152
1669,57.716672695433196
1670,2.033931667948973
1671,2.2558652555639247
1672,5.3139279401332615
1673,4.878280817234673
1674,122.97620665092651
1675,2.2555463289739577
1676,-62.4587419905044
1677,30.12550143772382
1678,3.377478492015173
1679,216.5893147676133
1680,102.82610645733095
1681,1.2424267327840512
1682,3.3240408983112246
1683,69.18288855086894
1684,26.361023894694505
1685,6.870256342718548
1686,133.43551124050282
1687,7.560685947534787
1688,164.35545387443975
1689,255.01500825825036
1690,3.1691604871443246
1691,3.6953387637949686
1692,4.075650501490478
1693,2.174402021446155
1694,103.17146940474159
1695,204.23626474351636
1696,112.12357479585887
1697,2.237608574216182
1698,215.82412239868648
1699,173.9603352832082
1700,117.60266048598174
1701,287.24824723014865
1702,-56.04270368498414
1703,5.643942831828682
1704,5.838364878736859
1705,3.1769356439664906
1706,64.83715278854844
1707,5.989410875574891
1708,79.23880191524063
1709,136.06271537489528
1710,5.994146373039636
1711,78.09693736189557
1712,1.8958879789786363
1713,6.042184719405707
1714,-65.71695618363533
1715,4.878752135787063
1716,2.6433612868864884
1717,15.67628647501934
1718,116.1423563168845
1719,38.54319577538592
1720,6.190801073815224
1721,261.14545441523364
1722,3.781471636003763
1723,165.36511635382058
1724,141.54655441996402
1725,3.1451696249303644
1726,4.293057917396323
1727,242.24677067104298
1728,4.117969663818015
1729,3.2908053796654597
1730,50.60746579212456
1731,222.58269212283412
1732,4.816481844118499
1733,394.22928683317866
1734,277.12815680237054
1735,194.7276893670882
1736,3.3664594091496847
1737,305.29056114452464
1738,282.9125135743063
1739,182.6119300028263
1740,87.20648268656068
1741,95.65727943785726
1742,260.4579501014081
1743,5.188787926519007
1744,118.59987493823215
1745,46.85370624109008
1746,3.517594941636962
1747,7.486317183255696
1748,195.6998645024662
1749,3.539696663095637
1750,94.22295022592643
1751,24.40209495431797
1752,7.520449940555741
1753,6.023787166174262
1754,280.6702374263224
1755,237.42732489764373
1756,1.9722172080965892
1757,228.24374725994437
1758,326.7700823635049
1759,4.799629662787667
1760,265.418938387924
1761,258.50330337397054
1762,8.078046073197456
1763,43.42995833797801
1764,8.53186307748968
1765,5.307931654365819
1766,237.0446127547392
1767,153.59619119961076
1768,5.669142437658878
1769,92.99430734182832
1770,50.65637487382079
1771,2.8786267394681677
1772,220.3292450596325
1773,244.5726642061908
1774,6.435161854672667
1775,298.3292546132121
1776,2.5222502877585944
1777,25.657415317797884
1778,55.38337311437177
1779,31.142520633249557
1780,110.17770294016042
1781,5.7592195717059536
1782,167.75125747092432
1783,231.2440087838278
1784,4.109942615335347
1785,91.20856421825437
1786,2.8431723500038575
1787,75.3254738361004
1788,5.004557231121273
1789,2.59266891117948
1790,75.94472880293186
1791,4.52964166641765
1792,2.537132546993554
1793,2.2717452394487743
1794,160.48381819809026
1795,183.85727857634515
1796,289.24825911142426
1797,130.2825970481912
1798,6.35046527728485
1799,231.13255367273248
1800,139.6230574244282
1801,5.169766367578272
1802,1.9793763732889744
1803,157.50571182564508
1804,4.08101177410984
1805,202.41952690372733
1806,5.765142224881585
1807,289.1001233680319
1808,148.77176565148457
1809,68.78889893319669
1810,4.168032446590083
1811,2.788625636446081
1812,20.43352452695157
1813,3.5233291293625753
1814,178.4594540672046
1815,256.89992588661124
1816,5.226808394189527
1817,118.35927140350725
1818,38.69346928775539
1819,224.61729455711918
1820,8.456670779200197
1821,3.503667076861141
1822,277.23268983402414
1823,-0.3417027876404185
1824,45.117446445194304
1825,2.288516029992785
1826,6.023838695219917
1827,3.7939255642172234
1828,2.170402748804612
1829,212.13230348960505
1830,247.93368220293306
1831,6.827895605848289
1832,54.92564471564083
1833,3.634856962601105
1834,3.6613523292829657
1835,105.51033844527161
1836,6.371017188603585
1837,5.856178934790676
1838,5.926154443477192
1839,134.5754967656938
1840,-11.529582892565584
1841,-85.85065240353639
1842,240.44594321813568
1843,161.5342346787609
1844,246.56395648835584
1845,180.88841327654652
1846,39.93499045861751
1847,271.36879229654556
1848,124.7395421957295
1849,3.8902634797715288
1850,5.598756446416975
1851,-68.41132774445018
1852,6.087438970311428
1853,72.06160148318114
1854,89.62439126116831
1855,5.784513766011101
1856,178.49791683558962
1857,2.6413607836243393
1858,5.035583405455515
1859,6.140994428451855
1860,5.743148086852429
1861,150.242026105342
1862,5.955578185790384
1863,87.65779165142862
1864,64.28188904316029
1865,204.17140875771906
1866,152.97652735658198
1867,82.41412739988596
1868,246.06703083439788
1869,159.93352594146648
1870,3.445752055814663
1871,194.64447130171246
1872,58.24573080800044
1873,2.784553560915362
1874,24.15873954046541
1875,122.5723847692524
1876,3.2602453066477923
1877,2.7996917785486253
1878,59.75818019084278
1879,15.87675834528104
1880,284.66932874876176
1881,6.21050897770665
1882,103.19953439517248
1883,6.535196371588937
1884,90.1011870449779
1885,297.1896409617901
1886,278.42403110484815
1887,3.3150902048180826
1888,210.12478203606162
1889,235.47330941204555
1890,2.3636330230199367
1891,241.07542074121238
1892,231.9308371744731
1893,4.272469606978167
1894,2.068741011517935
1895,17.103133068416742
1896,6.0141373368652555
1897,57.78926439202232
1898,-75.88057162811428
1899,2.720398538556869
1900,5.822901136006811
1901,266.83460343613444
1902,217.63638424823802
1903,-57.41810042246328
1904,55.35870098933289
1905,64.41013302768343
1906,159.4731113586174
1907,6.816456218502616
1908,6.375150052164048
1909,107.94214515067368
1910,5.692064430595491
1911,5.175744715215681
1912,3.874444301599773
1913,69.53621901945202
1914,-18.936553022161466
1915,6.952264369479962
1916,1.4859641507079384
1917,2.5981337412820817
1918,176.82529304451498
1919,4.811540623283963
1920,4.449683082768196
1921,82.87024656721074
1922,3.1348575682217463
1923,6.470701839251237
1924,2.887731376264364
1925,4.625279023167302
1926,106.21531601436418
1927,157.3153456518109
1928,3.4141123858585245
1929,48.263931139011
1930,2.71221575518633
1931,6.0098847403865685
1932,4.702532534011459
1933,2.6772145128310028
1934,247.07395594586464
1935,6.032572783544173
1936,4.462689604742343
1937,-8.073591839745294
1938,-29.415851068510037
1939,2.583918284165601
1940,288.05120284246124
1941,3.5533050714578054
1942,209.13955561325184
1943,3.8012611457780006
1944,226.30370524535843
1945,296.31240872055076
1946,5.918669455035211
1947,113.8312217868206
1948,5.693890768257459
1949,-0.0683279821246036
1950,45.82913011721879
1951,3.0230485907665146
1952,53.47427673385683
1953,408.2922014065171
1954,2.4646694626129797
1955,104.6993775372847
1956,2.004997083568468
1957,102.16335034676321
1958,3.805406299421507
1959,173.44548578046945
1960,68.9889459819284
1961,1.0522012129580696
1962,4.161289074754653
1963,3.2011884843205296
1964,5.041779445117055
1965,83.83475068182811
1966,3.454364660477833
1967,4.470352336021439
1968,243.79054610562682
1969,41.800768815364364
1970,5.86652415547416
1971,1.4692214562769705
1972,94.58462516016013
1973,-34.75056334386452
1974,2.396436729049433
1975,3.12659049503411
1976,314.5776731464168
1977,1.671320533043346
1978,221.45176104847684
1979,75.4048330536498
1980,265.58285021603814
1981,162.84643811957451
1982,135.1557137908554
1983,98.45401469260761
1984,8.739461898300338
1985,4.496940390515971
1986,4.11582774632222
1987,6.196379258193722
1988,1.250529319066261
1989,5.713443263631906
1990,4.588862882882448
1991,1.6057648155575661
1992,4.288132689869875
1993,55.22220619225685
1994,1.6722679763023265
1995,123.52535582095929
1996,4.054490496425546
1997,2.7339251973473284
1998,5.440794392695815
1999,277.25101500515774
2000,5.975326338025751
2001,299.173050506865
2002,-34.58956177873048
2003,6.789122660482564
2004,334.5923499901675
2005,67.71775721976712
2006,4.787490759250541
2007,42.79502808492296
2008,234.02869181491207
2009,141.6843802603219
2010,287.0480227283769
2011,6.536602206346776
2012,154.87768591401922
2013,-27.07556660728348
2014,275.3506028081177
2015,186.2437270203158
2016,46.10441635051198
2017,3.2775424959683863
2018,33.925126311423085
2019,103.62877286941523
2020,6.7911811748130395
2021,4.281991481480196
2022,174.97964847760554
2023,68.83649804146224
2024,2.989350393285579
2025,4.621212923346531
2026,79.76184222880676
2027,5.913071607479828
2028,6.349526994603999
2029,39.82005447352295
2030,315.43374692461225
2031,62.56057307700226
2032,284.6716742285632
2033,242.17097616982164
2034,2.4345569065866317
2035,65.16779458176048
2036,174.18179717815477
2037,4.827457276357253
2038,2.8809815358519333
2039,3.0586317899592474
2040,128.42021939495618
2041,279.0390655338524
2042,4.301458701066854
2043,175.5301362276931
2044,2.299070936028766
2045,97.28673162593996
2046,287.868221686662
2047,5.564074830877825
2048,-24.9154213477628
2049,1.6027949253973952
2050,368.84611326262626
2051,3.9647576373936095
2052,2.8433041942047
2053,234.86287414211023
2054,4.635695950750407
2055,3.9683911133402807
2056,-33.400466307969246
2057,188.0919856847905
2058,-25.294591391959624
2059,5.2391231745097055
2060,19.320855582337277
2061,2.311895743885788
2062,136.94258203590405
2063,3.3834322636886864
2064,4.133637962249498
2065,3.4572584221216416
2066,1.959272834736605
2067,6.229895131396538
2068,3.535167677843546
2069,1.185791317306625
2070,268.93751179265143
2071,285.22664339398693
2072,4.702963918058285
2073,211.9310576900331
2074,388.6531799109566
2075,259.506725597629
2076,3.9650061083568167
2077,2.764361618362027
2078,4.126409809771682
2079,3.7630037530033706
2080,2.6542590106734747
2081,3.157002542612441
2082,5.858899283068947
2083,42.25987469275266
2084,2.7415269129886193
2085,5.093335824346189
2086,119.35291315733551
2087,90.0319702002508
2088,35.6199559696515
2089,43.780795102024165
2090,242.5738481118464
2091,191.91871918612046
2092,-97.65632517209447
2093,4.867722809364914
2094,3.8727807402665575
2095,93.45674255216416
2096,48.63172838521979
2097,119.0708715598156
2098,5.495222417377194
2099,-20.63086124779609
2100,21.47486596430335
2101,5.696113920590945
2102,6.526857730317348
2103,81.00950299710317
2104,59.998159746301084
2105,52.090886743882415
2106,306.20646988737906
2107,6.8779523554832
2108,6.831259145458341
2109,5.857537989819297
2110,262.70507862174827
2111,3.665723244424136
2112,52.11696893060074
2113,104.05478509869627
2114,2.523272529213605
2115,59.28712967869215
2116,3.5249611270006715
2117,3.5342969435756073
2118,3.185869311538106
2119,116.04334295911205
2120,4.4119639522178815
2121,173.4884938499828
2122,214.09045512050662
2123,2.6943322425001837
2124,1.616179214980046
2125,4.265803940684232
2126,6.018625081129456
2127,58.58291933639365
2128,202.42172075137807
2129,1.7988420860798833
2130,2.58666696857795
2131,5.259327523343336
2132,6.069675114352644
2133,240.25507562959632
2134,85.64714858558256
2135,236.88450521878204
2136,35.406169430362795
2137,225.51374760690086
2138,3.6229847942879823
2139,62.953912192418834
2140,68.7343376814774
2141,42.59232072896795
2142,5.800760952597471
2143,8.957475412623817
2144,180.9763388509935
2145,47.64163542154475
2146,3.9327959194257804
2147,4.2123274540764495
2148,59.6127210630609
2149,-56.25320543739021
2150,13.321529821626893
2151,61.59108487214559
2152,5.048001140227379
2153,3.4491084067307995
2154,1.6697226710744635
2155,2.4361630236419973
2156,5.889861685693091
2157,117.06693037498296
2158,3.8160565317938073
2159,329.5819371778905
2160,225.04211007002985
2161,301.44049957958623
2162,1.8913818474658473
2163,278.5981299333583
2164,6.273994882927734
2165,3.017972103610113
2166,2.4776868414487208
2167,31.171023017369645
2168,316.0562990342079
2169,2.230894929390542
2170,2.5198817768621296
2171,167.53529859824312
2172,5.330554228164835
2173,255.87269167050937
2174,241.05498489789827
2175,1.19084965554821
2176,4.680340532459613
2177,-61.86081873590825
2178,4.372684678114298
2179,66.01086092526751
2180,267.2767182509903
2181,2.8327408440055426
2182,168.61009157499623
2183,200.19426185179614
2184,5.985026551698422
2185,2.8835806652562974
2186,2.4840949757928024
2187,4.531901580618577
2188,268.62319409607
2189,240.49443778167398
2190,80.43458709868818
2191,2.917050942626041
2192,2.6585785648715605
2193,90.69073748199982
2194,2.7152674660952822
2195,4.782454268957172
2196,6.627936984654422
2197,1.9633784854111362
2198,4.502909103480591
2199,3.3136683948848966
2200,1.7635814677083197
2201,4.128358401200376
2202,78.4967579072798
2203,2.5672371018485096
2204,2.032312620736377
2205,107.44207810944349
2206,5.312074875307975
2207,168.55148633732398
2208,5.077966150835626
2209,14.907021051257127
2210,255.4228225352501
2211,1.7645627054065087
2212,4.970968043590055
2213,6.456861298810825
2214,114.11761159695885
2215,46.96213266958728
2216,82.71803037141181
2217,4.602617388147735
2218,42.81295290281918
2219,2.5609371178932903
2220,5.489394904934517
2221,3.1797039567864607
2222,-33.14085957946424
2223,175.5582168067175
2224,-65.24360231619472
2225,172.36588438238303
2226,-6.174842018760922
2227,78.72216263427843
2228,143.4751539496384
2229,119.23011205518385
2230,3.3514232081450075
2231,5.140063054959784
2232,4.263455078826432
2233,255.06273452398432
2234,220.93210261467547
2235,238.20838579331257
2236,3.07021687876826
2237,3.5382578709386605
2238,231.54227150889216
2239,96.74294689598108
2240,239.06463082015213
2241,2.311315879661749
2242,232.46424032566392
2243,6.038502330594778
2244,90.98712985642683
2245,227.7434750514917
2246,110.2788744813476
2247,236.6816195664309
2248,7.511511949127382
2249,302.2049308534976
2250,133.31106131072383
2251,4.701521110216562
2252,273.1577757714396
2253,6.174494544822245
2254,168.31437095188477
2255,-90.79207045469842
2256,46.59133826579908
2257,1.4769333408492409
2258,2.941365206238076
2259,68.28948683601168
2260,6.16487788924658
2261,78.62142397939188
2262,1.8395154714592266
2263,82.3476954443833
2264,-21.872553719096917
2265,59.331578419205385
2266,2.4788720939297213
2267,2.7050990144177334
2268,5.323763397803076
2269,3.549077980511569
2270,8.607549978596477
2271,172.1670463963212
2272,45.380296583867874
2273,3.523552813761866
2274,6.148396449215654
2275,6.806958083285318
2276,4.213420751559242
2277,2.253977201604908
2278,1.3393476219109286
2279,6.055322057739112
2280,2.9255451519887368
2281,202.49366252253733
2282,2.2476549037010467
2283,3.867665028006751
2284,248.80125534158418
2285,3.22905873560781
2286,-12.772546655756521
2287,5.586272794151426
2288,2.885518819783174
2289,4.72153354103845
2290,-60.589099015960635
2291,42.62455178210727
2292,4.597238920576968
2293,1.8970967446206684
2294,-8.690288140758017
2295,2.568013484713478
2296,4.935905804651229
2297,119.35878596863796
2298,-33.79451493173128
2299,87.81139166965316
2300,3.681423687952237
2301,5.391333168494357
2302,-94.90900712873575
2303,170.2956307922243
2304,5.76386993743162
2305,42.670473465650986
2306,298.8352430742702
2307,15.839236849477237
2308,43.70613015119996
2309,6.09673384138977
2310,183.71132451724247
2311,-58.603331179115216
2312,93.62528704702014
2313,3.9922320407848577
2314,4.865436904510477
2315,236.75251571202296
2316,8.190222248530798
2317,3.8201374579335847
2318,233.94580442659927
2319,6.574452616565304
2320,89.87653970895511
2321,2.7514175501066376
2322,255.28448382905253
2323,163.39379994146287
2324,1.9839548193237861
2325,33.24655889246179
2326,3.2385078993150467
2327,129.25187965880454
2328,3.7063009648924
2329,348.219562722111
2330,176.4783188750412
2331,0.43033316362949114
2332,264.849987426412
2333,0.847483367766182
2334,-2.302495646708721
2335,5.168582578555504
2336,59.64441967140731
2337,137.47949803081383
2338,181.48929757805854
2339,19.434508856310657
2340,51.75186788931344
2341,159.00556338703788
2342,2.0727872858684946
2343,6.364986826387743
2344,309.0380772575556
2345,6.0350636743165635
2346,160.6241115031488
2347,120.10930335465164
2348,1.823005223540646
2349,260.67392207529286
2350,27.626272355113766
2351,4.885883161933631
2352,4.810726666660275
2353,1.719437405883499
2354,-30.248478544611498
2355,139.7893265106203
2356,3.764459658338093
2357,97.68505657307541
2358,6.051650064557968
2359,6.76051790354489
2360,4.291037337415526
2361,5.697614408301231
2362,252.80928786039448
2363,4.618334947998903
2364,259.7729806552649
2365,95.94678039778901
2366,52.71082916507131
2367,46.675020702347595
2368,-62.186462721488
2369,4.394134593091728
2370,219.17315197267868
2371,37.907582541916774
2372,53.85289557207479
2373,1.9702129115288467
2374,-56.51078161099938
2375,1.7576665754563328
2376,128.147480578066
2377,102.42506639518696
2378,5.439490391113225
2379,6.471625742263473
2380,31.05006749102695
2381,163.3761431770225
2382,150.78101028713635
2383,53.595556779755185
2384,3.3955960621676304
2385,262.6116385878788
2386,5.88512662135353
2387,37.5923888450475
2388,257.18782481952604
2389,88.8322112366462
2390,1.908978343887885
2391,112.93289643917154
2392,16.522144928014253
2393,62.06817289325261
2394,128.73704130226366
2395,5.7458218640641965
2396,2.348097227969416
2397,295.14854380750074
2398,304.9929385455536
2399,4.493311728202875
2400,189.46837210443056
2401,50.582719727855235
2402,250.15164853125498
2403,6.407514889682653
2404,1.9919663169971464
2405,4.856135906504634
2406,2.8965893843662207
2407,87.04210695666606
2408,278.52842083769104
2409,179.97203081656525
2410,4.379219064515171
2411,6.70942869506302
2412,311.3985709110594
2413,0.5732053501017217
2414,3.847359191992244
2415,66.72707629930139
2416,263.97308878937497
2417,16.78402515274033
2418,3.3695471994375588
2419,4.185230978606984
2420,1.8623528725572416
2421,11.133876400525592
2422,248.55054324688658
2423,2.2803923171573612
2424,178.1377594789577
2425,5.839621042122239
2426,-24.814610493607624
2427,154.54094142632545
2428,26.700438911139667
2429,3.8574473225321664
2430,6.032254357989816
2431,4.19467304076743
2432,314.73200869575237
2433,237.28792086563197
2434,4.547253681252567
2435,50.01371310055282
2436,244.43512784586866
2437,-73.21928633077904
2438,5.532358060559087
2439,6.870209619980426
2440,158.85677025842512
2441,6.3722706104820235
2442,6.001636671357737
2443,5.040625652690657
2444,-70.36812972653284
2445,6.073178249358879
2446,5.20933794664642
2447,226.6093273088591
2448,6.545428992702426
2449,6.018083362311149
2450,34.16271314470204
2451,2.993168167043926
2452,3.5816526262663206
2453,40.97270903444955
2454,311.4801354262238
2455,136.27619151450648
2456,3.3465411526617626
2457,262.6666228070783
2458,6.091877268632879
2459,1.4026884701671838
2460,5.6310025792419385
2461,74.75529516748855
2462,49.77265683779675
2463,6.136094787750898
2464,-66.24150816301551
2465,23.97109053326342
2466,204.027865373509
2467,151.119692845317
2468,271.17291328022054
2469,246.83118696240027
2470,5.757466973364248
2471,130.00980407750876
2472,2.805135091922183
2473,69.02132647897974
2474,191.96116595681755
2475,6.26720222530472
2476,109.51540845361174
2477,142.60847597954304
2478,199.72916999263052
2479,5.465100033937962
2480,45.99934464832203
2481,61.2481190695743
2482,2.393348377125754
2483,4.790555315012647
2484,122.46893998758095
2485,134.09450371175083
2486,6.784932801556034
2487,5.209199107041096
2488,-11.990465395483552
2489,182.81448010878586
2490,5.71417228217731
2491,155.3487929035259
2492,45.427815208828996
2493,45.51234348705136
2494,5.874446201114364
2495,5.573982911897308
2496,93.86658615845921
2497,82.77359721896715
2498,2.2011288570724337
2499,6.78719857642629
2500,1.8862495111259554
2501,103.92632035458097
2502,225.00368700953737
2503,75.50595698989714
2504,349.6744110067046
2505,3.3228995939323966
2506,4.459151536810184
2507,265.4835129443033
2508,198.40605447053858
2509,115.22748057278542
2510,6.634213889427838
2511,192.51410055867288
2512,89.40595380340434
2513,148.7820681030994
2514,230.16183886750233
2515,315.9856228780343
2516,1.71130862396913
2517,2.2349698746288453
2518,277.1327785103463
2519,4.607476438399234
2520,77.66807807727633
2521,144.6522061610714
2522,1.7698030622422496
2523,6.483971556287967
2524,4.775862383512886
2525,289.7278416450651
2526,4.241922691180724
2527,3.6542149371275983
2528,244.1329079028601
2529,123.33300476924329
2530,237.31047046682303
2531,271.0224383572461
2532,50.78600241945873
2533,2.103045479736854
2534,6.281833413862899
2535,5.923086491341215
2536,3.9344866537211964
2537,6.5207352907246365
2538,5.985491920949508
2539,150.86379116036593
2540,2.6966186243021655
2541,0.01591809745984358
2542,-21.409800968914542
2543,5.152523592840912
2544,181.07672976917848
2545,2.4542939512799626
2546,256.9798664872755
2547,13.314730263430357
2548,10.256929895976088
2549,149.95559952321736
2550,123.59262941266465
2551,-42.33341453874248
2552,2.226114397309621
2553,280.17669506354224
2554,2.6934976803641275
2555,46.12781385033768
2556,118.39155722778372
2557,4.224776802899427
2558,0.774122943632954
2559,6.3095363191559
2560,191.3731566635784
2561,2.365584563038345
2562,214.4881649297831
2563,234.4127128054166
2564,285.33897709413355
2565,4.8232203607452115
2566,4.876331010653253
2567,256.2943345397922
2568,41.50159761441678
2569,70.11415802041728
2570,3.3905235006992194
2571,103.83564075569444
2572,-45.31417563852407
2573,196.32006237903576
2574,3.2133537249230057
2575,4.23064442576162
2576,3.482749929136051
2577,6.4243901005901645
2578,56.73237481213247
2579,6.049283363922103
2580,4.520399548408134
2581,2.6732696150876545
2582,-32.277498700948
2583,2.031575929297947
2584,7.162236231682636
2585,55.91787436808357
2586,4.554094092970453
2587,213.00553805120853
2588,194.7025247656716
2589,4.70272724189788
2590,62.53492451290828
2591,1.6789483708238329
2592,119.32120395259898
2593,63.18798392119972
2594,56.47307622477811
2595,54.28157607047108
2596,45.830872607514905
2597,5.558481643229907
2598,6.49259709088937
2599,-4.271627487354276
2600,4.200348996851844
2601,221.04844460781882
2602,6.173549079426106
2603,359.35188545809996
2604,151.74789748637855
2605,50.642995343834606
2606,3.6688552468217988
2607,49.29101710579305
2608,188.46554663984162
2609,32.52323021447046
2610,2.633647476178453
2611,14.394519767302413
2612,3.316182793098566
2613,4.702722169409185
2614,3.0862253457216773
2615,100.8363454664425
2616,149.21909506194717
2617,261.40882535268514
2618,199.44571928665795
2619,4.443075830752893
2620,2.3539775603012187
2621,4.059363099710232
2622,2.8214627067946236
2623,1.6530562313952608
2624,6.559915354970365
2625,102.65289574263653
2626,289.3842269057035
2627,33.96649277891689
2628,128.60838374858096
2629,30.272716852088152
2630,108.79976474425143
2631,20.889732831976687
2632,6.358651596576371
2633,287.03288090678257
2634,52.78347052004053
2635,163.7756478416628
2636,-47.26238835375413
2637,3.310434014666817
2638,-52.219862838618646
2639,-52.87415615674039
2640,189.36297227847004
2641,3.4473338293002644
2642,5.5628040494870445
2643,171.71716368647228
2644,117.52369252654327
2645,217.3376541452488
2646,2.9200821422721495
2647,3.474218510136271
2648,4.645513344061598
2649,6.691615289563094
2650,289.6318933737918
2651,223.94372861352144
2652,60.69879128039262
2653,3.839940649596951
2654,32.88397375604964
2655,229.6741690675163
2656,240.47790707586037
2657,2.898811893932609
2658,7.34480917803622
2659,285.5405326786104
2660,1.8353496324432375
2661,279.4606333162892
2662,95.13645501707235
2663,-10.673513107794049
2664,80.82317191800195
2665,301.82519604398226
2666,244.48184084535117
2667,-9.881759664990323
2668,36.911867238290064
2669,6.83972216779539
2670,115.79950983676252
2671,192.29934001160228
2672,126.16631112158134
2673,240.76768525669027
2674,229.83959182553556
2675,0.875909650590073
2676,-54.41969361436475
2677,335.1423977956401
2678,6.412140324728699
2679,5.661930053565984
2680,61.92329722389533
2681,5.093696121105
2682,3.188903337878052
2683,2.5095015465260255
2684,2.6251912104780977
2685,6.486268963287156
2686,23.97049236680449
2687,34.39327628312382
2688,72.89833707041302
2689,44.38468630459904
2690,137.48600011289346
2691,78.80441709710982
2692,58.968422357179776
2693,140.37765447776732
2694,133.4757596163712
2695,6.84625621975291
2696,174.31299155980702
2697,3.932552704190509
2698,2.6258905905532157
2699,4.091911582201826
2700,228.151449432715
2701,59.98239269862074
2702,0.7662623613766733
2703,3.8880282017747643
2704,178.15482265708116
2705,3.301637300373574
2706,5.542992813116813
2707,182.79115822823937
2708,3.2566122371287154
2709,57.189495077688015
2710,5.893916548832076
2711,170.0897326786397
2712,1.8819556674899969
2713,116.50161973789868
2714,-52.47105828518162
2715,4.820768435334684
2716,3.1033410133647314
2717,252.6004756859749
2718,4.67051309795481
2719,3.2100783057658844
2720,6.567228032687448
2721,6.287164943951018
2722,4.508252384474202
2723,238.31750392191987
2724,7.402941711424181
2725,38.42382971319114
2726,2.7671640606304924
2727,283.9861825148585
2728,56.90562180306456
2729,188.08515965834047
2730,180.22508362820548
2731,140.77264177038978
2732,6.779821474393502
2733,194.9408273097842
2734,116.89315796487051
2735,90.95726439406158
2736,84.52719273224668
2737,207.777098030888
2738,120.70050954157915
2739,93.72107849299137
2740,5.948511774961189
2741,53.54137729455887
2742,1.2547198032388769
2743,17.379145978269744
2744,-20.34017673733892
2745,4.441849885005343
2746,196.08181759623628
2747,187.00686570824405
2748,2.8032782336895146
2749,5.374285104003346
2750,200.7348331723841
2751,272.9998141413235
2752,2.4092165709565942
2753,117.7977952683808
2754,0.5606864523622893
2755,28.865991031218773
2756,276.513374844453
2757,5.809894375262402
2758,300.9377780499962
2759,66.0074384396095
2760,162.335776978441
2761,6.4991280184413665
2762,4.106356617979555
2763,97.02911424825639
2764,4.6740399275101625
2765,99.52312658325785
2766,1.9982535188566115
2767,254.44648272215423
2768,4.223507466690255
2769,3.877587101954217
2770,209.67785981065637
2771,111.99437438161863
2772,6.690523093380517
2773,3.061767820420759
2774,4.996648044932176
2775,6.235573309485123
2776,4.017916689346741
2777,254.91346809897817
2778,27.639989393759265
2779,2.1193336257141957
2780,2.9119356502108444
2781,244.97483035060856
2782,209.05309409675016
2783,5.996501365273208
2784,9.125406072373
2785,5.921034221869112
2786,3.1861094656355085
2787,68.45886500280658
2788,-3.3845639524196733
2789,158.42445514857556
2790,217.34650695749463
2791,104.15191480989773
2792,118.64861528778611
2793,182.4017266721357
2794,162.7930652960982
2795,56.03497981075646
2796,246.35844425977166
2797,102.87943091686769
2798,36.987757604982576
2799,36.34119080262947
2800,5.092981871307134
2801,4.435613860039887
2802,3.2513471829585594
2803,78.04922270611874
2804,3.8545085547270053
2805,62.053695631143455
2806,6.667626834161391
2807,32.814663964888645
2808,88.0319592120497
2809,6.089102223265283
2810,5.727618401249993
2811,208.3399942232181
2812,5.876595854218928
2813,1.5693865399297842
2814,6.0143940717384154
2815,269.62489204671994
2816,53.34681313941709
2817,271.6278517317707
2818,103.676173123249
2819,69.54243127048665
2820,162.62483456562944
2821,44.47023046634241
2822,6.048481478576921
2823,54.23569213309212
2824,256.5963410182937
2825,119.34504972686142
2826,-73.16377639761903
2827,6.606259765718428
2828,5.458509612841705
2829,4.703995634948753
2830,5.6332895851102105
2831,5.930352938887322
2832,6.23560920913935
2833,136.60939725846853
2834,3.7025403360667672
2835,3.0387393616329823
2836,3.353229570625153
2837,3.2308215722916516
2838,5.71952218851666
2839,1.9765792552502957
2840,57.86235053042552
2841,48.37551805222432
2842,285.860797769704
2843,6.065167300771227
2844,178.71651689910752
2845,300.3368330703109
2846,3.7793824617702954
2847,102.67455108262783
2848,4.25362680303461
2849,-61.623411805521286
2850,6.708385018679275
2851,6.25595339835089
2852,-35.4823687084301
2853,20.55340563191875
2854,2.511468668839425
2855,53.92616361566481
2856,5.991860555856738
2857,38.30512880109892
2858,230.96007461841515
2859,1.4619887524161834
2860,134.4788211494558
2861,282.3566183481003
2862,256.63595798261923
2863,2.631010576035085
2864,264.3650035629631
2865,227.42561986347079
2866,1.822414077905242
2867,2.481078663790309
2868,102.63447409028093
2869,47.84988519869576
2870,185.51322720858164
2871,6.393643572073238
2872,240.7859751865643
2873,5.23360672441901
2874,37.59483787478907
2875,4.801447440768677
2876,-41.96168012286543
2877,301.30999532831976
2878,-67.75094900608154
2879,4.955841627710706
2880,225.9210389027626
2881,5.704000099614569
2882,6.073497937707826
2883,4.032172614050298
2884,6.586007917601296
2885,170.13085657316043
2886,243.3745947976331
2887,5.873551411242363
2888,2.0144083939901782
2889,6.373070251019373
2890,3.21201514711414
2891,-48.78063598687029
2892,160.55803310775698
2893,57.17885379889908
2894,75.24350203048253
2895,4.5043154106579575
2896,2.984619470376171
2897,5.397380310659678
2898,86.02373389067239
2899,31.048305068117795
2900,3.0929765834442575
2901,27.346747741358193
2902,240.81608903822615
2903,269.7856889064491
2904,4.1735342358990675
2905,3.6361691796370863
2906,33.81043687209732
2907,3.967171637727079
2908,28.756931549332872
2909,2.0433439533403317
2910,117.76304822518148
2911,3.5646641958235663
2912,2.5438743666202126
2913,6.459308312743822
2914,33.69731433479003
2915,8.44518570598944
2916,201.76873903887196
2917,138.26833405459044
2918,3.7182905756816713
2919,374.5231011191788
2920,199.14941330085466
2921,5.501825342107317
2922,4.009168398955859
2923,228.27949913890717
2924,5.676032392398524
2925,5.017820840009332
2926,6.01754221252019
2927,10.85577381832991
2928,6.403391644477854
2929,163.32158514913934
2930,264.9666556907177
2931,2.235011302464563
2932,5.82432999168558
2933,-25.974976033661484
2934,106.66211028176394
2935,11.043174855134883
2936,-65.82288487128834
2937,6.391400603469685
2938,6.065909840294489
2939,3.0644367399176975
2940,150.6110635203173
2941,91.91561782463985
2942,64.38070186217016
2943,6.162863642436402
2944,6.4438768196722735
2945,5.804880013274981
2946,6.373319095944555
2947,-55.803241321011846
2948,2.8086456294548205
2949,6.759913966933155
2950,2.814825658019342
2951,139.27827868960236
2952,137.20471810933475
2953,6.811655344656815
2954,1.8911794284344094
2955,31.56776174876179
2956,6.3595501465132225
2957,106.61517919138656
2958,5.690148587124117
2959,182.17461497306277
2960,6.0456361931683285
2961,189.14840282126974
2962,3.3380128683455403
2963,4.204746798490818
2964,232.42134088364384
2965,187.304833073922
2966,4.4676561897014295
2967,3.680918686495987
2968,168.62788429556082
2969,-86.50044100489916
2970,2.1198175910084505
2971,227.59338058859032
2972,6.9795666016577
2973,209.6516925863611
2974,266.0215520606054
2975,4.562775189467254
2976,45.71106566369707
2977,47.029721992643424
2978,4.657120511413177
2979,4.59721377772692
2980,333.6424662027688
2981,311.79457739801
2982,143.39488267274677
2983,133.97882463491382
2984,279.6538251244829
2985,120.86570249607426
2986,291.33010740513384
2987,240.10169468140384
2988,114.89661671769622
2989,118.10368142380784
2990,33.187984832919724
2991,6.687601751500709
2992,3.0170889700966157
2993,5.685261544765632
2994,25.404812582357877
2995,1.0942045597748347
2996,4.561362324770196
2997,3.718946972541132
2998,92.98675307201003
2999,144.1586657225076
3000,63.672287841946556
3001,3.031006715837476
3002,301.6777525998254
3003,4.38721867331875
3004,273.9357747616286
3005,80.06281768670883
3006,86.83864992093257
3007,6.397125432838526
3008,2.7087327603525475
3009,34.49994935844379
3010,4.270242606979919
3011,57.60111846321597
3012,5.279451691765183
3013,217.40878058034363
3014,6.790728814463473
3015,3.936389101687702
3016,5.8541230328510325
3017,6.167879146332865
3018,4.346066264646936
3019,202.0846587826902
3020,3.279163930703436
3021,247.9669933725969
3022,284.91682412627523
3023,2.9957057731107413
3024,100.50443595560616
3025,244.2120921833335
3026,151.72465444898185
3027,6.150939195060418
3028,5.351603146105161
3029,-15.757506341335619
3030,-53.321492020342625
3031,6.143602275872613
3032,6.580335004127384
3033,4.583918224703199
3034,132.00965545784433
3035,147.8273746594398
3036,218.30522276286175
3037,6.015157962697719
3038,2.194678370983238
3039,-25.10626117320053
3040,147.98600874769997
3041,4.801905977739142
3042,35.4126929797749
3043,5.90218856652415
3044,211.90459601897481
3045,201.10464274512378
3046,4.5762420287425165
3047,4.386107728355364
3048,44.57818884707074
3049,5.596946381112514
3050,238.1013420069377
3051,89.0281545215441
3052,6.379666658108816
3053,3.7398935220485963
3054,122.42703342325667
3055,183.97194211333587
3056,56.77913345468534
3057,3.426825398321922
3058,96.59668948338125
3059,1.8372711648951938
3060,263.5442906826164
3061,5.161696116411828
3062,223.36706554698895
3063,139.67143871941326
3064,243.12112625214246
3065,248.48178710914584
3066,122.54243552863409
3067,68.55446810698291
3068,5.8329609464671694
3069,6.120441491226122
3070,3.4688813789031303
3071,6.213075393669345
3072,204.7209918211611
3073,139.18534967837115
3074,6.355185370278276
3075,6.030420687455827
3076,129.45695135664957
3077,0.46996707537425936
3078,73.61946591632672
3079,5.722367535195818
3080,3.336733130070241
3081,-14.710614291498059
3082,91.3558435574144
3083,153.531425397366
3084,1.2825803222116638
3085,5.633033016947271
3086,205.66990675514833
3087,3.1785793988623974
3088,74.42954014963192
3089,3.6011839160065966
3090,297.201254323148
3091,156.0432479758588
3092,93.80282605506159
3093,4.3801098392733175
3094,186.22264043442516
3095,277.3142167517783
3096,152.52397384814344
3097,5.0725514863499646
3098,6.137702935086289
3099,21.85122676577721
3100,88.84537919392014
3101,3.634748339242934
3102,2.5875778140466266
3103,3.100952618908483
3104,63.38752723246269
3105,-5.846847223363548
3106,29.608965004172532
3107,1.3132094032831598
3108,2.4863530255443673
3109,6.739593475266725
3110,233.99404423899887
3111,2.0293896769949678
3112,209.40185991285085
3113,5.541105536583421
3114,38.29978953483101
3115,281.88431787734356
3116,112.69092758673123
3117,-1.0686360337899246
3118,252.0444324616877
3119,4.268733056345572
3120,49.94320859353007
3121,24.351934044492523
3122,144.35975299185594
3123,3.8751792167163206
3124,2.7275879426613017
3125,3.717257877654034
3126,217.15739400242123
3127,247.64888984794626
3128,46.32519996438663
3129,367.2699583848017
3130,2.099731768974376
3131,103.73686827615404
3132,204.13967926359788
3133,127.01603458170267
3134,244.43525686429416
3135,1.6617251965987074
3136,323.42797245814654
3137,3.016674524103611
3138,137.5198391939292
3139,5.870495673459553
3140,2.4232771626605634
3141,-15.072624398674257
3142,3.3398411635570446
3143,111.49057844992939
3144,267.4997013662319
3145,5.567555221394433
3146,272.7285177462843
3147,109.9543324996189
3148,103.34798333899698
3149,4.180008861860943
3150,1.7157836228380485
3151,233.94856427478257
3152,7.266664856949974
3153,216.72999550768776
3154,170.84080215743188
3155,26.98563518657889
3156,36.32066378180356
3157,4.9048145667105265
3158,309.8232201966155
3159,111.14141889341715
3160,262.0938013039351
3161,-56.79530688231709
3162,3.2410746405032067
3163,206.59027788488345
3164,3.177055723447007
3165,-8.962805051736773
3166,45.83062597362343
3167,6.467302296932678
3168,5.255265065121559
3169,3.4993476512155306
3170,217.8956738800093
3171,2.7759676145785854
3172,238.7309453518206
3173,269.9980833907395
3174,62.20461154391599
3175,-63.103698823054394
3176,4.092338478662202
3177,3.2825887801460043
3178,162.33050355064825
3179,6.2926254253419245
3180,321.50938310192265
3181,187.6579285377704
3182,302.8864557489068
3183,6.1667674387666445
3184,123.01538014788997
3185,6.736351010317364
3186,177.49417019256236
3187,288.74646179383586
3188,-48.634072300720774
3189,259.4784132261452
3190,3.983470618646963
3191,234.67938225886027
3192,57.53910396033058
3193,6.256577283662431
3194,4.41330339984947
3195,5.896998510080599
3196,144.84675481812766
3197,5.46309584775988
3198,171.22592456058035
3199,177.815565169704
3200,2.0789428703921495
3201,326.2736328646776
3202,4.181122015376732
3203,4.6440886136738095
3204,7.98425490527321
3205,6.491663485848377
3206,260.19479540713365
3207,5.879584766640425
3208,185.13873591911457
3209,-33.798719695133485
3210,7.372383790613336
3211,190.80327280458545
3212,236.38823890882304
3213,2.594275635003939
3214,257.70209423917305
3215,3.4969167781678716
3216,6.027328829621596
3217,131.55487997997025
3218,258.04557632963946
3219,89.95989229905828
3220,69.8700055377569
3221,101.80170817145338
3222,249.5171123545653
3223,358.89039004425933
3224,-88.57298886872735
3225,128.9671088323739
3226,6.054705422245034
3227,5.896073425167828
3228,3.181834932314425
3229,284.87773953111235
3230,227.4114866513434
3231,6.57717996996168
3232,4.572799064056081
3233,5.5366270718779
3234,4.4633393219531445
3235,90.21472230273886
3236,140.5355258195293
3237,23.358002377343638
3238,303.21840930719196
3239,6.606040619672832
3240,48.55228296794704
3241,21.82909547405469
3242,2.4630181393127972
3243,28.498130988307835
3244,152.51425913960617
3245,5.05945527358157
3246,243.16766115988858
3247,6.357402915857045
3248,71.9829342869421
3249,-4.622013227644219
3250,233.77783508749974
3251,231.36959947466286
3252,124.27206148104146
3253,45.19510923089105
3254,145.24376254835997
3255,6.5563720453796535
3256,5.9238023390303685
3257,0.5667457335197257
3258,2.53262532641251
3259,54.945612165871985
3260,5.882320891880442
3261,103.85600052990495
3262,306.5597085565165
3263,2.2710749714579346
3264,4.4805476876494925
3265,131.49606248068065
3266,3.6482424235780866
3267,6.695964583233374
3268,2.97018847024526
3269,4.5793579590499895
3270,56.327130687562565
3271,207.96219276566376
3272,2.352271543785557
3273,208.47338625295308
3274,187.42769220206756
3275,120.47081070144063
3276,107.0005605010582
3277,6.426630923363528
3278,6.229008719749487
3279,3.1318691590818695
3280,145.14235461000482
3281,291.3146989370804
3282,2.7644595812435155
3283,370.25537274006996
3284,342.3984797727304
3285,89.60973276523481
3286,3.064874595305748
3287,10.641034849264248
3288,49.844313205906026
3289,1.8345431361614633
3290,40.324737202865094
3291,226.51128961747892
3292,3.097763689871583
3293,45.40454295627159
3294,200.09368684024713
3295,156.99233333800285
3296,31.79846368309233
3297,214.2190658520523
3298,2.0734389985062096
3299,254.74116987663012
3300,2.8285078101010153
3301,212.5636282156113
3302,213.97000382054492
3303,-9.797022929451522
3304,236.26000409255627
3305,5.076390510253864
3306,4.607142990254031
3307,149.25312950798224
3308,3.085340274725522
3309,6.368789362033644
3310,-56.01497639429549
3311,2.7210349684307045
3312,3.8948763022620727
3313,2.9112635666085
3314,5.967726170700816
3315,3.9716609724605862
3316,291.1642902369096
3317,313.0650395590125
3318,32.12827817748219
3319,1.9544777752610945
3320,2.245304153298416
3321,5.162893483904396
3322,155.8835557413999
3323,4.506838640743637
3324,3.9635735628164994
3325,311.751420727497
3326,78.1289670235665
3327,-60.72988343024905
3328,6.485791188467751
3329,1.845513817489703
3330,158.71718355107825
3331,100.6286399068283
3332,3.7594453462196578
3333,253.96990188057072
3334,114.29369128620931
3335,3.2617009605253333
3336,5.149384465081723
3337,2.4738820280255838
3338,1.7483774451912237
3339,21.182245395737304
3340,31.690937166350526
3341,70.6568047776138
3342,214.80035130872838
3343,127.8428925874039
3344,4.201658234392322
3345,251.7452953799079
3346,283.11891035132214
3347,172.35627188192882
3348,65.08519764227437
3349,5.527899494919467
3350,3.6638626317918477
3351,3.180486591869388
3352,1.8242307604512817
3353,134.95334602211665
3354,49.01989880033354
3355,3.14356530453876
3356,304.47655222907474
3357,3.000455921634927
3358,217.09627432251222
3359,98.06048601479395
3360,152.80752222463298
3361,3.355724508932504
3362,3.913135579711818
3363,3.3091842591979823
3364,37.87947048241406
3365,126.08531127878733
3366,45.76668230038889
3367,3.2459484601570736
3368,168.9609286374769
3369,4.25043183393069
3370,61.52004753017162
3371,20.028364436311072
3372,223.97745774225064
3373,71.02640347414811
3374,322.0297706913452
3375,2.1184993945854855
3376,2.4810529320834482
3377,128.1528773060721
3378,5.845001573580026
3379,55.372505328217834
3380,333.0732848731219
3381,6.690326002664815
3382,94.91170336357486
3383,6.775473436508987
3384,57.829096842975346
3385,4.702040264723703
3386,33.259020879905904
3387,2.1803036994194636
3388,180.9469760090387
3389,230.4679271874742
3390,1.9567374125426718
3391,5.745542872193889
3392,5.303954738756739
3393,182.26153657957707
3394,126.20283431077276
3395,5.457545913108517
3396,5.73094808053887
3397,155.548284206025
3398,2.2593211749293918
3399,207.69533721184735
3400,182.50109895410853
3401,4.771314555989838
3402,1.003769615154878
3403,62.106921550547696
3404,120.77148682168242
3405,170.06120108838073
3406,210.1086993130536
3407,4.084768073951968
3408,98.05429703714073
3409,109.79449892411651
3410,6.053501404667638
3411,4.974531434737795
3412,50.2970513553731
3413,2.186127743096965
3414,6.901713758208738
3415,128.5561578372583
3416,70.27333195565325
3417,194.69104123622452
3418,162.15687722958106
3419,75.30307647638415
3420,28.242309104784557
3421,-64.7417847758073
3422,170.256498431433
3423,2.1695135967366976
3424,3.706443252455444
3425,54.347965873390486
3426,3.5841493427427062
3427,54.27468267546843
3428,2.719818466500623
3429,323.97125914074206
3430,311.2980843896756
3431,91.9863814304282
3432,6.04140056587682
3433,102.0869747985946
3434,1.9577658455123375
3435,308.93553229264336
3436,214.99896044168472
3437,3.2824052319437245
3438,51.15562367080728
3439,284.2353930914414
3440,6.530195539822773
3441,4.798236437930213
3442,243.21770445908447
3443,5.210789128240142
3444,184.97088427689226
3445,3.5920777645107687
3446,5.6660055529336315
3447,214.40609204596086
3448,4.82568685050858
3449,5.767313493863294
3450,106.17195741856129
3451,174.86213435221597
3452,2.0059741905496917
3453,1.3449175875620976
3454,13.978455444948496
3455,4.098810283077642
3456,6.079145372414539
3457,4.121503374205057
3458,6.192182999935782
3459,169.45395385864273
3460,-27.970547581374706
3461,2.7828203391229325
3462,43.13550895637322
3463,234.28550366857996
3464,4.71366034598924
3465,2.8341671729777187
3466,6.318338727256192
3467,109.02714419622161
3468,31.979859096509042
3469,303.32588255613433
3470,153.79207288483954
3471,9.105324407547972
3472,274.7852913583625
3473,6.576372446392409
3474,3.41235299451793
3475,4.581031892610193
3476,40.36309263885955
3477,3.6720786681763
3478,6.7056501661412184
3479,2.868017727400359
3480,120.57340463300638
3481,143.35070757222923
3482,76.36851708270093
3483,45.3890708933772
3484,189.27860338825184
3485,2.454970991564996
3486,191.83074370984534
3487,5.8884339600328515
3488,5.064444665754033
3489,2.9061246296948333
3490,5.8420431620401745
3491,3.437513332559086
3492,2.4605038217422575
3493,311.7283026750466
3494,142.71216561127827
3495,6.294507611547979
3496,-9.670159070912375
3497,4.550781588781861
3498,6.651034904882667
3499,0.8390785919483685
3500,120.1916686942722
3501,277.90780161522525
3502,5.9639384377449485
3503,3.816628959682891
3504,101.20254029954123
3505,144.2066634396692
3506,78.02425813078867
3507,6.251201599996528
3508,3.3686678454929058
3509,3.0596103391138945
3510,260.13923656313676
3511,1.940707025672822
3512,57.86900453274729
3513,77.62149485794751
3514,3.1359179305935316
3515,67.58590051262605
3516,3.235389327766116
3517,204.6853377736477
3518,4.279144627261881
3519,240.07129790598745
3520,322.74904174670274
3521,1.8906796294893824
3522,51.56393829399951
3523,4.893271397177378
3524,6.591577925295439
3525,5.20161639561198
3526,33.929186650045864
3527,1.630930463043737
3528,292.1122063260325
3529,193.2685734220019
3530,2.716997504841096
3531,73.25303140536947
3532,260.8369767119469
3533,41.14690224301914
3534,8.231516138247262
3535,87.09593744773525
3536,3.541176338620577
3537,74.36522690024817
3538,6.800679829992089
3539,45.640669380594595
3540,149.50776429380164
3541,-41.718024028446344
3542,2.7354836881076188
3543,173.5648451911874
3544,23.456680793726523
3545,2.540021935252466
3546,5.806545959138072
3547,171.13042178709318
3548,5.090846583433043
3549,1.7198698873406506
3550,4.368174395499514
3551,4.9036028955181985
3552,5.613292398345882
3553,6.660828139617266
3554,173.70402786163555
3555,4.100837570464008
3556,2.100722575267609
3557,114.66777408807745
3558,5.173533369845988
3559,84.15955247816957
3560,44.90738909416745
3561,6.393315039412173
3562,20.32246529617831
3563,-45.86476598537275
3564,5.946159676382048
3565,5.118231407642749
3566,169.0879996354458
3567,2.0197371664629578
3568,246.4796956242586
3569,179.19333173223959
3570,45.08197858265676
3571,201.25968380439772
3572,1.9228257112309532
3573,6.023019659583177
3574,5.86353481438499
3575,1.6028229032168424
3576,4.8611501073363135
3577,6.007036522258397
3578,85.54245117641294
3579,2.06987907624747
3580,74.8651309617674
3581,237.43124396463284
3582,46.908265045446036
3583,72.6740566789367
3584,6.510701982888848
3585,26.56870668643093
3586,5.859975118064051
3587,38.077989673761756
3588,3.288222277692662
3589,229.68827788065133
3590,3.1155128071528555
3591,3.7230372924787822
3592,195.76383266140408
3593,4.688826954287623
3594,25.098251034907193
3595,6.693245338620431
3596,36.63014250257239
3597,304.92324183137157
3598,71.56649163717702
3599,62.06405806773339
3600,2.7251035098895144
3601,308.1878881805673
3602,22.09039393529706
3603,5.521466896270355
3604,3.223088026300443
3605,167.97786039812823
3606,2.072202730125381
3607,3.672043702026318
3608,266.8796074736918
3609,177.65518594366736
3610,41.72732510648476
3611,5.64694182579017
3612,295.0955301608431
3613,6.3499827918819065
3614,4.832824794344881
3615,6.422242681551006
3616,59.48981137463578
3617,5.010631713072022
3618,3.0718759247761143
3619,-63.299859946379385
3620,30.612130980980556
3621,61.047831940819
3622,5.24552999782092
3623,256.8656437240965
3624,-3.0013055163097575
3625,93.21905738543838
3626,62.80506518380609
3627,30.711246375219087
3628,6.349372097834977
3629,34.034133267829645
3630,250.26481735697024
3631,309.4465026131103
3632,261.2983347752266
3633,251.0117226584627
3634,107.12822801069227
3635,126.1498402832912
3636,4.7106006152641555
3637,44.638438626350855
3638,57.69617877897735
3639,5.102848648426866
3640,335.82405150455065
3641,221.1980531737156
3642,158.11350763702106
3643,196.75382162721846
3644,6.561458400856829
3645,106.97059359289466
3646,2.601369674516414
3647,6.001295059581896
3648,239.20959615695233
3649,-4.432333966339514
3650,3.2321380762542957
3651,187.38757276922792
3652,50.25462476780878
3653,-4.156874983826633
3654,74.24094161735967
3655,2.1406207489835847
3656,138.71284725676884
3657,5.727066890268208
3658,8.310839357400853
3659,4.556663815705096
3660,5.987747796846851
3661,44.57899802566776
3662,2.0537801416978323
3663,5.906206829670309
3664,121.55948340829814
3665,4.732616458652773
3666,277.68080145635173
3667,241.64641505014865
3668,252.19708007407678
3669,230.79106745816338
3670,8.042322683877073
3671,6.395345502504219
3672,235.3751128853103
3673,4.807214364929121
3674,291.8340331417904
3675,144.20249799232323
3676,58.707902848372235
3677,37.14551147422973
3678,-18.11361937388284
3679,3.92969030474697
3680,3.7229414651542405
3681,148.13483474541982
3682,78.5463932572309
3683,166.54696270184076
3684,63.414940080750924
3685,141.86795002099362
3686,277.41991756620126
3687,103.5236581346552
3688,280.4921165601622
3689,2.376382479829998
3690,179.5621461189193
3691,168.390020515239
3692,305.93805711018456
3693,272.2014841027907
3694,1.722836419197866
3695,252.69825661985024
3696,199.78870848471928
3697,0.8077446339740058
3698,-48.34127519034525
3699,4.035377980152707
3700,5.478634175570125
3701,381.79369426943737
3702,3.7345321230763924
3703,3.7604429923870626
3704,6.175494602283091
3705,1.2504153746425413
3706,71.38499153613635
3707,-12.15280912818214
3708,134.74822256956614
3709,2.8579290742339034
3710,6.915478470290006
3711,332.04937440683847
3712,67.75888481013284
3713,5.545718360848813
3714,327.5757540736534
3715,2.570729893509045
3716,1.9629073219245707
3717,181.72711040563647
3718,75.76725237754185
3719,144.7736179520109
3720,149.35513846111274
3721,3.0305999997684485
3722,3.774628255450568
3723,3.3679531031885954
3724,1.8818796136517144
3725,70.5753859350191
3726,1.6635954914233528
3727,233.4429590145187
3728,76.55090312967918
3729,-58.615199201962845
3730,175.34321510253412
3731,87.11121664975222
3732,3.6194185710993185
3733,-54.59789183299508
3734,3.215790449989569
3735,2.2504307831756485
3736,-26.972816559735612
3737,5.97758180579293
3738,199.85209634850943
3739,-50.58303076293962
3740,237.21085285292503
3741,22.73285849683534
3742,268.3034587911752
3743,2.3439626643256735
3744,76.76054254701424
3745,-20.67427487025318
3746,4.72364345535986
3747,4.892653907082277
3748,188.38509129922332
3749,96.57236629720694
3750,1.621581444480696
3751,228.0245194828063
3752,82.80733688730466
3753,4.853703937718005
3754,3.8082393541956026
3755,56.48744896944185
3756,5.609310935794331
3757,28.082086830784323
3758,5.892154702344245
3759,48.84411761412828
3760,1.937004156822433
3761,7.15899419224134
3762,5.841674264964705
3763,118.71235470108752
3764,175.98222775842837
3765,358.71389854828357
3766,6.174372560192966
3767,285.6117868452683
3768,54.452465278090806
3769,1.6605984842339947
3770,146.8359929267225
3771,3.3043918426872185
3772,181.85655607521153
3773,236.21225220660784
3774,2.4800944995819134
3775,3.602250862343293
3776,196.08514191781182
3777,6.528609537498183
3778,244.2418971964021
3779,261.9513698624826
3780,6.2860953205428105
3781,6.37134565677872
3782,2.331281633911936
3783,1.7631783472002491
3784,5.508436248759901
3785,19.266198571115073
3786,85.07207752605996
3787,6.011823713022708
3788,6.819729904347535
3789,277.98985841881955
3790,6.802390996362676
3791,6.55499139983389
3792,3.691916821767978
3793,41.74540386290022
3794,-6.31005853060422
3795,180.14422497409083
3796,225.10308112687397
3797,4.811346960466532
3798,173.95472254903098
3799,-67.37020257089284
3800,237.87020660951026
3801,128.67660721171893
3802,154.9368362001583
3803,65.70516780009787
3804,60.40343226968884
3805,4.32201632322924
3806,2.9450945418646386
3807,80.83889525819167
3808,3.6258009648295517
3809,-49.19838596392238
3810,2.4795465471137104
3811,4.45300435452029
3812,264.3957807976042
3813,3.692590018464593
3814,297.0194604427988
3815,7.806911069589318
3816,3.768360637295259
3817,51.228902190922874
3818,6.539421028041661
3819,2.369896761274106
3820,118.15602609486106
3821,8.788081048584191
3822,5.441288779335536
3823,259.3468999369004
3824,4.871739188253326
3825,269.45458127424826
3826,6.013131048817679
3827,301.32280295139094
3828,290.1762119211662
3829,6.554564789425091
3830,236.984403265796
3831,53.76405837397151
3832,1.8276553550496295
3833,59.90752142959376
3834,82.6198707478803
3835,2.819858138778195
3836,5.171063398982502
3837,6.868656580237733
3838,5.882545124877322
3839,234.12063208574952
3840,5.809337364848151
3841,151.91273489722843
3842,3.903060106276074
3843,242.9801801507571
3844,5.538522091069417
3845,6.306937117224762
3846,6.107974729558557
3847,81.79659737733716
3848,127.50256813267431
3849,192.98496306155644
3850,7.598493940147318
3851,146.85163612099157
3852,289.12502615881317
3853,5.4707849368999835
3854,228.98217672177873
3855,1.9357877924691675
3856,60.993209004265054
3857,3.8985051077727357
3858,3.204063360024757
3859,259.0123477633114
3860,6.2881279869740005
3861,-69.07120370547037
3862,-14.716089502023376
3863,3.250517343892576
3864,3.0766236634859787
3865,302.0618816828057
3866,4.297066938628557
3867,204.8742290686437
3868,4.564370534423858
3869,3.0622918343609093
3870,129.71314446722727
3871,49.44813584315159
3872,3.71430110981855
3873,11.035759731983289
3874,351.6530615607911
3875,276.8808406435847
3876,96.03046485058647
3877,-76.20251349168528
3878,150.60841010556618
3879,279.70317285299103
3880,6.375884641664762
3881,3.6037011502695346
3882,2.451369716317928
3883,183.78023377719688
3884,163.36447381302736
3885,6.436521374230893
3886,5.374189038649906
3887,6.195612381510968
3888,2.669428204332065
3889,170.75664270965768
3890,1.5438381126864904
3891,3.5243023508055003
3892,167.5204407468971
3893,3.2969789866582255
3894,318.84777964497476
3895,-30.500912689931045
3896,17.843600391024793
3897,225.03291654984193
3898,198.03372433980408
3899,1.6749403181861777
3900,77.01578866730408
3901,128.46299050074475
3902,2.893928384469259
3903,49.24119306253154
3904,50.46499035402772
3905,3.52486819925252
3906,7.9196113926713165
3907,227.00296876234756
3908,157.94107454773223
3909,3.396686527545834
3910,3.818881106922458
3911,234.52326653043716
3912,4.255428909924453
3913,48.47611201565118
3914,267.0896997510077
3915,6.3690918721782115
3916,5.6623328534804385
3917,3.909163578374485
3918,-49.46249426677966
3919,5.209045736638808
3920,41.52123358808021
3921,64.19448873567865
3922,7.891552909891015
3923,2.4946200887648993
3924,345.58781216548977
3925,96.32646632414837
3926,2.26227333761003
3927,250.63545919287287
3928,3.805069648008091
3929,5.2121377377820135
3930,6.161889459661148
3931,167.65745794977428
3932,3.951692498846242
3933,2.7539814489454186
3934,6.476029780939863
3935,230.10634198631058
3936,1.891117501834532
3937,3.2173098491103453
3938,3.032023986740456
3939,283.41949868843966
3940,6.386238325957841
3941,6.550288406424225
3942,5.527737627577566
3943,3.027041682390088
3944,7.440791560147017
3945,348.2241180542325
3946,223.9041371336464
3947,40.0749683799324
3948,131.69613702795527
3949,5.686730020599883
3950,225.81725434884802
3951,1.8116736510717002
3952,79.9423851714112
3953,137.00052184916666
3954,2.5195595105516313
3955,6.145633023774246
3956,164.65560275733674
3957,59.73884796777215
3958,98.97405937745249
3959,235.6528009925341
3960,5.9921420219508255
3961,6.362514849190513
3962,83.19753295179855
3963,5.81204050033958
3964,119.60154523462509
3965,6.35797395886012
3966,3.304602251928215
3967,3.2640463557126185
3968,170.8213860612865
3969,71.60399466402076
3970,2.5143208144597913
3971,3.6054676827673324
3972,3.086499203971854
3973,3.5640404911022308
3974,38.86665278006132
3975,54.020884878843006
3976,3.7752724011653225
3977,4.110890487592036
3978,3.589676654086474
3979,128.99615634103208
3980,250.5412813903844
3981,267.13799408238594
3982,5.612520705654483
3983,3.5219350416795123
3984,396.1904205822151
3985,221.84998299954813
3986,141.3659840189439
3987,108.66044047422216
3988,3.229516383584362
3989,-6.873837507186114
3990,79.45877110053544
3991,274.43442354394296
3992,5.913727554262872
3993,5.575445762259306
3994,44.09277817293148
3995,115.41378424865752
3996,4.288684993390366
3997,115.79950983676252
3998,2.1994805276844462
3999,281.0317550908321
4000,5.289828847120098
4001,4.252239068387492
4002,93.19176714356277
4003,149.63712769692947
4004,2.4161788869901293
4005,306.4537043382385
4006,74.15734104122407
4007,6.86780310072603
4008,3.573536312439136
4009,5.748652473120044
4010,213.11608737631389
4011,3.5940304678799273
4012,6.3422557099688746
4013,249.36644734814314
4014,5.812483650146489
4015,6.027957609348291
4016,70.393197823743
4017,123.02343693635096
4018,122.3239752991485
4019,1.5648103294285445
4020,1.9787204957224152
4021,108.79418111057804
4022,50.90557539837601
4023,4.081030421882054
4024,112.92469165864442
4025,76.01495314998232
4026,11.305348343408275
4027,241.85971086897928
4028,89.63122542856415
4029,7.181126908138629
4030,2.3175899812217495
4031,120.98152039106355
4032,83.21313029676925
4033,3.386506605963817
4034,236.7205815210406
4035,155.923137548558
4036,3.6801549269436715
4037,3.6925137041443357
4038,6.432153834073624
4039,5.886795400502563
4040,110.71710194653369
4041,335.88470004861614
4042,67.9219389937607
4043,260.3596039760999
4044,4.547997472435766
4045,27.835857042777736
4046,5.87185178918834
4047,3.990648459784065
4048,271.9903423413701
4049,113.62958490903964
4050,289.8940523254098
4051,53.010477869211236
4052,2.7016114418800523
4053,4.159521517483791
4054,5.688527346807574
4055,4.225030112282273
4056,258.8605814591653
4057,6.947060612601212
4058,254.0245002279038
4059,69.5649986445927
4060,256.03538706426787
4061,116.7040391796251
4062,3.609629239829006
4063,2.1356429498561424
4064,168.76062146500894
4065,1.9924612114224876
4066,93.08466555220828
4067,156.24476713042802
4068,183.1296178429715
4069,346.5776227320369
4070,2.8342784551294793
4071,2.7864096913647525
4072,1.9760985499031782
4073,3.2008145211812256
4074,4.008473146764577
4075,-26.574142503152014
4076,46.67456358372194
4077,4.585839846339912
4078,6.222071941036106
4079,6.992962468828468
4080,276.53061212073453
4081,3.51190481663637
4082,111.48738711618239
4083,4.131164911540937
4084,16.865755956180138
4085,41.69110283093739
4086,5.269096656304236
4087,4.095976808604451
4088,4.435650873741903
4089,83.8558568564473
4090,134.10810381322733
4091,4.440118423472109
4092,61.55479207572375
4093,23.749198954971067
4094,5.0034114202496145
4095,6.837750329494833
4096,2.4771706499639836
4097,2.6548686801080907
4098,2.7887210550835797
4099,-38.40231350774795
4100,35.587462079619655
4101,6.778303012991581
4102,4.5984447974628475
4103,58.234898941937864
4104,197.15289233677748
4105,5.527525187565296
4106,121.2172221033116
4107,92.9313177334814
4108,76.8801194675193
4109,230.0246963768302
4110,6.017985994898501
4111,101.39250171949284
4112,79.78215267073553
4113,2.938732430791091
4114,5.424632208509114
4115,76.8901494484923
4116,152.44671587265088
4117,65.52329938650418
4118,272.06253679126576
4119,264.2965763158682
4120,222.8566938661853
4121,82.94500563845219
4122,-25.17546201044796
4123,2.359318721705562
4124,87.33671084529311
4125,2.16529530475651
4126,67.90999996953181
4127,6.027643610774651
4128,1.7608186847998684
4129,6.353504846440912
4130,2.224115333520324
4131,63.98475428885201
4132,6.145905974415235
4133,5.07167817081779
4134,126.9078920244731
4135,16.451598488710403
4136,148.96314811209209
4137,345.52663372604695
4138,-13.666867855807155
4139,94.46997904834913
4140,56.39217556281544
4141,4.2355017022022885
4142,109.08769109705784
4143,306.2556950995134
4144,79.54213073032135
4145,206.76627191248608
4146,70.38063192652328
4147,67.26611864638036
4148,267.7553723543322
4149,39.16025555458312
4150,40.252199632249614
4151,51.885419212600034
4152,140.0827323540153
4153,4.2147506811479465
4154,368.3478164261225
4155,164.03132390440194
4156,3.355397464799114
4157,16.496651125472646
4158,4.024142905579717
4159,4.23191332365065
4160,159.89959338138314
4161,176.87727813304738
4162,6.356078848549291
4163,68.14364649364921
4164,168.61178433052766
4165,5.154369788020317
4166,46.01547122808167
4167,107.66715010534864
4168,44.00253757689542
4169,2.4132280356025206
4170,-5.071955356034551
4171,86.0056374632165
4172,4.398113350238595
4173,3.772913582377784
4174,82.31072756650511
4175,136.46780026779936
4176,1.9579008741847335
4177,3.6957763024169754
4178,30.918973937974634
4179,136.74508657428692
4180,180.03214076265223
4181,58.303434436933216
4182,50.974303814672865
4183,15.540221131802799
4184,178.9374322604692
4185,286.8697560785852
4186,2.9161799867990315
4187,72.79522527824086
4188,4.116518916076486
4189,4.464039861261685
4190,121.50747172457318
4191,2.1461942296561505
4192,23.516498935946583
4193,57.29224672969732
4194,6.016859747786135
4195,4.387630796580746
4196,136.84260694861516
4197,6.390966364234185
4198,2.9245258875949096
4199,5.117522715889731
4200,298.1038397371402
4201,248.8715081769135
4202,211.94289632034133
4203,5.4622325097879365
4204,84.29769502636778
4205,4.980545966847052
4206,7.598738853191092
4207,135.64264616244088
4208,140.2301162170417
4209,225.20649669599646
4210,-61.06436036284451
4211,2.430748073009905
4212,5.585182583642669
4213,4.620766270240592
4214,7.387024835265863
4215,3.174091075106006
4216,1.6981962261468302
4217,2.8153315752673227
4218,6.04586247313688
4219,47.03567780117536
4220,76.50911404785764
4221,2.273203473184858
4222,110.41663923761547
4223,2.6705418537510295
4224,6.746377586205047
4225,4.724098735945622
4226,275.95096304466756
4227,2.219682118781143
4228,220.3069398401707
4229,121.04769903512337
4230,3.085406862027417
4231,1.7473004649365047
4232,53.557155910042574
4233,3.190944227800043
4234,-5.601825692317987
4235,81.0233352149571
4236,260.65777680814233
4237,161.19781173453396
4238,2.896230802298942
4239,51.13881036999131
4240,6.691158366534984
4241,50.288005243282456
4242,222.48660995206546
4243,-53.81767612047704
4244,346.8743812400792
4245,5.149445046422336
4246,2.02113529391154
4247,3.916716447668197
4248,4.104997753643628
4249,-57.11822901593624
4250,-0.46996658357833454
4251,297.7578540847063
4252,6.50738906747393
4253,6.182390889098745
4254,5.135929631457508
4255,-58.76052487575105
4256,-6.104633844690367
4257,98.44634019909886
4258,2.4109732533181925
4259,1.6101174971982628
4260,78.75148547754833
4261,2.3362207230298324
4262,296.7119161148781
4263,108.4391576282374
4264,2.605604722547429
4265,37.358490584701826
4266,4.214553091890939
4267,5.986487791477049
4268,5.695239032804864
4269,154.00703078949834
4270,216.38138413682444
4271,138.27621673100577
4272,4.94479970391504
4273,8.160846856783749
4274,63.92435850908566
4275,6.627141918289976
4276,297.73825944695363
4277,245.83742630539487
4278,380.07687766382094
4279,327.7714694729733
4280,101.49039674475907
4281,58.73865402261573
4282,15.113587804858195
4283,6.4919285765161066
4284,4.631529010059054
4285,116.9551592755445
4286,293.76036155184903
4287,1.6986266218366122
4288,143.85971802499492
4289,219.80051729253105
4290,163.1750182696394
4291,3.012898085179477
4292,5.189563521168915
4293,-2.5360679707835048
4294,-50.80703899863763
4295,0.8266888785619816
4296,5.617785322917286
4297,6.798206903517852
4298,5.687729375251389
4299,63.45470091707392
4300,42.513950784046486
4301,-24.487808934622162
4302,127.50681196655826
4303,2.0425283473955123
4304,-53.81570695134139
4305,3.998692339983848
4306,289.59539078440827
4307,2.9537887522588
4308,30.8324986994819
4309,4.552043908900006
4310,2.878036194069296
4311,4.922456816301963
4312,245.92397899399188
4313,3.4840427551838
4314,2.8431718903246685
4315,230.6666936497603
4316,1.3359895403513546
4317,173.4884938499828
4318,6.077629827268684
4319,45.53925668152334
4320,122.41922775362691
4321,4.950509193466332
4322,287.8297929262211
4323,78.43660709141551
4324,3.5704436037647413
4325,6.591422339192196
4326,3.8275083327926236
4327,110.20244477306734
4328,144.26800964352537
4329,201.22957406745525
4330,49.67458416912702
4331,2.985499013771524
4332,2.3492588401311583
4333,247.52895462871888
4334,3.4556440034691445
4335,3.4980743921641886
4336,2.1879279729789842
4337,5.903141735521276
4338,17.661949177493955
4339,5.107814860157415
4340,-5.310135972726878
4341,72.04136532607598
4342,201.2722500864264
4343,174.2390791971219
4344,141.09440307822229
4345,5.950413562364366
4346,4.828170840967176
4347,252.77483176258352
4348,5.683422320930645
4349,141.34778263559818
4350,-19.67290584084735
4351,125.36056842834596
4352,171.8022277761542
4353,5.164766593838208
4354,136.27293635210142
4355,157.8791252778238
4356,1.8926617253602027
4357,5.25599968868155
4358,298.78410176655757
4359,203.88925928104769
4360,2.9778681038676087
4361,29.466128674137213
4362,0.34327667779381177
4363,3.7828014889093704
4364,4.706021101526977
4365,1.6328822174615407
4366,3.240043673366139
4367,235.97083610800922
4368,-25.842313966369648
4369,71.19942533812619
4370,6.290263102116407
4371,193.15974877234962
4372,77.99077654241742
4373,324.4701587520131
4374,6.564807410373953
4375,229.8048562234196
4376,275.231103616805
4377,5.365138209871558
4378,5.945078217146325
4379,187.60470414245725
4380,3.0651863222118307
4381,2.50183932677788
4382,6.779242841730318
4383,37.61462626696891
4384,5.259096154874879
4385,215.7594692963732
4386,18.742550889755318
4387,306.07407449245255
4388,71.05318294858499
4389,6.687471403815806
4390,3.986641334710259
4391,3.566805881995037
4392,2.5115285249937993
4393,128.3918580243185
4394,97.8959327453849
4395,3.0722461512538275
4396,-18.164328937504415
4397,2.593514208716087
4398,6.239572109279989
4399,2.674262657545672
4400,235.15815293409685
4401,6.977119988528198
4402,223.22841014607397
4403,287.5753348280828
4404,250.78912883704717
4405,346.0841036526207
4406,39.6616008369614
4407,77.44113392839341
4408,6.44069676331144
4409,97.34338658812153
4410,-88.44462640363444
4411,2.689814314831899
4412,273.448205981649
4413,214.04731348279708
4414,3.5685598032393715
4415,192.79338480864783
4416,57.93654387702029
4417,2.761632049075297
4418,213.7047242837111
4419,256.477404653347
4420,326.11641120149983
4421,354.303980549902
4422,3.090077475746156
4423,2.2125031322193807
4424,45.0278888050178
4425,175.8015851615499
4426,5.588531500784192
4427,214.01399512640683
4428,6.1487563225708355
4429,5.0414161266522015
4430,5.234640485842622
4431,181.17731991870218
4432,3.864864846140004
4433,3.80954183938202
4434,123.1737690329148
4435,5.721121382540506
4436,6.086324079749422
4437,-4.757631621267336
4438,95.47703316834175
4439,7.006922393354203
4440,254.00436593182312
4441,1.9486287346159783
4442,216.56591301073604
4443,6.268560899815349
4444,260.71581574702316
4445,3.877339139165173
4446,3.5413808330799186
4447,108.44282401803491
4448,4.953163329761105
4449,-26.24866338939596
4450,104.07469272385498
4451,117.43658395825105
4452,285.31118397206814
4453,256.89122440743836
4454,5.166292038760868
4455,5.508665342300469
4456,199.13884592259103
4457,4.088401128005095
4458,6.837131586552927
4459,78.90773885046163
4460,0.5615111766688793
4461,86.89282493151659
4462,170.41141367532532
4463,40.959138251229604
4464,3.940441408758712
4465,106.8348348885413
4466,4.59505357080162
4467,-15.924914604510397
4468,1.7563891437502204
4469,2.421626837537186
4470,4.842144422926865
4471,2.451994851664527
4472,213.56901695143546
4473,3.905773928435491
4474,242.87089837279035
4475,4.120587827593188
4476,92.88306003212556
4477,5.849148324840239
4478,4.262317833172411
4479,108.47227676020218
4480,283.0366362801918
4481,3.83410176007877
4482,221.07631667092787
4483,59.96051393646489
4484,313.92517395543933
4485,219.9783397843622
4486,2.169142153590952
4487,91.47366730112952
4488,59.941399309378056
4489,-23.955393200456502
4490,102.12699089015877
4491,5.615655257814621
4492,258.3094443311487
4493,300.7767072109653
4494,31.03078793796316
4495,2.590619855275951
4496,121.34456617158244
4497,6.761739868675339
4498,204.8201322890098
4499,311.99489516365105
4500,129.5457402737984
4501,6.011942673850168
4502,5.891180789335022
4503,152.40179563180453
4504,22.898150670112276
4505,62.529421490403266
4506,2.5330922620107232
4507,-3.0213508655890156
4508,148.78952488637756
4509,40.03015361655769
4510,2.317788377546128
4511,236.69110915388413
4512,59.66426408672872
4513,82.54883564254601
4514,2.9769019200974167
4515,2.9760965227806566
4516,3.507724744875084
4517,4.862806435937737
4518,17.75453058577333
4519,117.46945204380563
4520,53.10947463507413
4521,2.766084187186221
4522,75.42757175339288
4523,6.769153982136891
4524,239.01074017920746
4525,14.216261378117872
4526,2.2167379363802997
4527,113.43343510719419
4528,133.82173195044888
4529,112.45275049137264
4530,167.0047050200979
4531,3.8533287094605564
4532,4.289538269074391
4533,4.36958749421827
4534,62.80818084128433
4535,6.182499803723868
4536,2.3567758160726875
4537,1.8150096749453506
4538,6.2908781562386
4539,322.64695720706237
4540,150.83852179387318
4541,3.5614439038907157
4542,2.8754588142363824
4543,205.50845687740238
4544,35.716407445490894
4545,5.349101680563385
4546,29.210552088003485
4547,5.832719371475196
4548,172.53681532723505
4549,4.56251602441849
4550,246.33937224040253
4551,26.97663934976794
4552,110.14348467580365
4553,115.57251170541608
4554,4.7247631265175665
4555,172.38163498973256
4556,288.28259028377727
4557,4.901677673101572
4558,4.51315296526442
4559,71.0818856294073
4560,7.279843144350384
4561,5.37402757437834
4562,191.8152171245154
4563,44.83993353947557
4564,226.7719529713135
4565,59.474490952987225
4566,217.42213329235204
4567,254.4717248047512
4568,134.05846621019603
4569,4.844264677951913
4570,193.50938107936315
4571,241.22582160726938
4572,5.506169584012946
4573,2.88288141459879
4574,1.8721453346443473
4575,6.056883439041345
4576,145.99742932007734
4577,227.11431813567236
4578,80.542889573848
4579,22.397818538166835
4580,0.8407724895910013
4581,367.63254883679656
4582,49.466465942778264
4583,1.0172616877384415
4584,295.46412025116496
4585,39.0988411953706
4586,6.310328795264705
4587,3.713707391459243
4588,1.6511930365254015
4589,3.933607698546822
4590,3.4957939310624195
4591,69.28487459198158
4592,5.226814807625808
4593,121.84490349226279
4594,-18.82822267761582
4595,2.335691638751735
4596,95.8109364340667
4597,160.13452795614364
4598,4.224595884681099
4599,-45.53298991108029
4600,77.2041480651423
4601,7.22378192086767
4602,5.615484093833629
4603,5.556755183361077
4604,76.18347215659153
4605,1.9621782843968818
4606,124.82071821912318
4607,40.06228077673089
4608,4.470109715100621
4609,221.86856876621934
4610,132.39473613231385
4611,112.33140484407097
4612,2.3848469421824237
4613,-65.7310075102348
4614,63.57333486976404
4615,-31.113353735543026
4616,4.677979021584624
4617,5.132108862227525
4618,3.8398954127315292
4619,6.189843714183069
4620,6.733799971583137
4621,103.51929231610362
4622,4.170983213150499
4623,6.255943971025561
4624,0.5455947984695289
4625,82.34200387223416
4626,46.967887152879904
4627,5.327651300994138
4628,5.87366603280527
4629,68.82657890439864
4630,5.740556050718834
4631,8.863926404213386
4632,6.815928837466062
4633,229.8198554320657
4634,5.7001729623430215
4635,5.9849161106404605
4636,90.39430787528629
4637,7.121122095164852
4638,381.78448663188925
4639,272.95575518444343
4640,2.2910698387895634
4641,187.6752746324284
4642,150.32226167865664
4643,52.668846236848886
4644,21.333285193835497
4645,5.803768833765891
4646,43.66031219040989
4647,48.687841337959036
4648,175.8258145632525
4649,114.82220213146039
4650,136.69819816165312
4651,64.37282931211165
4652,4.9282898353902365
4653,253.1393842512052
4654,-1.1740932650707814
4655,5.571993354168152
4656,3.0811568338148247
4657,3.1720882580731677
4658,6.52043826363098
4659,52.54035167162644
4660,2.0315277723078013
4661,2.532423945410977
4662,3.9532702104403303
4663,114.12944664419102
4664,5.826618092538916
4665,184.15567125055736
4666,238.48526770154837
4667,1.8224975850018057
4668,94.88867078317566
4669,276.32424403667056
4670,26.83998709083366
4671,2.0497563826405596
4672,1.1715610740632432
4673,74.43641098021553
4674,289.8984745083481
4675,1.7757521717289821
4676,117.61590081787038
4677,53.340088996531485
4678,5.55476979176964
4679,101.77268394963558
4680,4.724647210565842
4681,1.7628432624858366
4682,194.73317550872414
4683,167.988317427657
4684,108.73205154960793
4685,258.9693115374827
4686,3.511774869981358
4687,233.46179131544608
4688,322.1118186490048
4689,120.1341262673397
4690,6.071325032250429
4691,6.831057030429883
4692,4.61877043812006
4693,76.04150235979141
4694,4.3507335190604355
4695,385.5661134853671
4696,4.597277390659327
4697,2.4649888250900016
4698,4.556508904342867
4699,3.360416383848491
4700,103.76512751164867
4701,5.812988191649532
4702,1.926867462838338
4703,3.621054004103018
4704,4.983853039227095
4705,289.1249750789382
4706,3.571426232232505
4707,5.0349786317592224
4708,3.068509966942695
4709,80.27423464942196
4710,160.48080550169934
4711,6.369269977730591
4712,225.26420498913245
4713,3.831289104409113
4714,5.587010894520406
4715,88.4124260753335
4716,27.050884148641423
4717,6.991485302618646
4718,5.892296645826233
4719,198.57283146506785
4720,166.6489520800447
4721,6.181216251252858
4722,3.924520899195205
4723,6.70327370848036
4724,58.36883932166776
4725,150.71718527782556
4726,3.609469720505344
4727,313.8374017122816
4728,235.74007344304073
4729,3.9966750129740096
4730,164.43675348776196
4731,105.97783070395333
4732,-9.50362701573471
4733,5.866110990062634
4734,6.396039653684203
4735,5.488801740461466
4736,3.060036074025318
4737,50.961016983745154
4738,-26.220042345993217
4739,156.53521428272822
4740,282.46798828338314
4741,4.71873622892642
4742,97.49483586975015
4743,5.882219961637375
4744,257.67913960969236
4745,56.354246345089166
4746,3.8854844099026833
4747,2.9577297211980462
4748,3.0498399954057875
4749,5.5685367761977265
4750,5.8404909651918695
4751,4.11900663820346
4752,108.65627222705157
4753,146.4574781878111
4754,149.98987449775595
4755,4.217515698183254
4756,1.9736359445102651
4757,3.4436958234622974
4758,76.21132107066833
4759,104.72296100118177
4760,4.609416606397296
4761,3.034605076638286
4762,177.64578376565532
4763,208.9026348213327
4764,2.5770134737844943
4765,338.7951694304296
4766,35.824340699757876
4767,66.92040126793144
4768,19.912341461345033
4769,-21.148989891829554
4770,30.265790292915398
4771,33.15553679370447
4772,4.216442670660174
4773,4.19444163540153
4774,140.0988463393335
4775,2.216811217986754
4776,2.72722813100507
4777,195.6840225811477
4778,5.325245933202549
4779,22.14139022523039
4780,2.0181913033597922
4781,57.99640116169395
4782,4.592067942716926
4783,4.095004297914246
4784,2.861731953697824
4785,56.84547072916843
4786,69.97188819340721
4787,6.030066625434139
4788,3.974606851647406
4789,3.414242910096405
4790,117.82205551418983
4791,202.60925336732453
4792,4.538734801418615
4793,163.33706155306288
4794,50.49701212323236
4795,227.24567477101994
4796,3.2962834629843902
4797,154.07271852880655
4798,5.8787524320981746
4799,4.127249339186937
4800,371.11687653161067
4801,3.5664737627656233
4802,4.810690422716165
4803,251.59604237921255
4804,1.9415138068923399
4805,247.72621944326974
4806,4.800978004475256
4807,3.3034608007037147
4808,67.08845847326042
4809,81.71901320362785
4810,1.6564375139134797
4811,2.0642750509573213
4812,5.149505498887414
4813,272.9642128205002
4814,240.18330892868084
4815,2.8408760016290286
4816,2.515948969447619
4817,5.600829525081833
4818,1.678139826377273
4819,72.85704471732022
4820,2.2549725116673467
4821,189.7706509910605
4822,104.48784040481888
4823,4.828391808443696
4824,3.1916758762039197
4825,254.0802606159964
4826,4.837385007884908
4827,6.130611518712651
4828,215.0496528000458
4829,136.66022690906655
4830,76.88503036241787
4831,186.927334050445
4832,7.045012445603136
4833,3.7573024628843794
4834,119.57593377283428
4835,3.4356420168183064
4836,6.365702119153802
4837,212.31287484574918
4838,30.197697688828093
4839,310.7772524344995
4840,3.3049449623776117
4841,141.00016000817254
4842,15.270589311580075
4843,2.3954548164858003
4844,4.114408767947859
4845,4.709968692260043
4846,7.3523714255443995
4847,3.7963450850961187
4848,2.3702188002543254
4849,5.011224449253804
4850,6.833232033082812
4851,5.735359623052969
4852,105.40927722790356
4853,301.12592910498034
4854,2.5270189081675647
4855,3.322911423838438
4856,186.25509396963952
4857,245.04558972148402
4858,272.75542459898975
4859,132.73596169030588
4860,237.35393908139153
4861,-20.623000940275258
4862,104.3912536730661
4863,7.124836774718235
4864,5.667344948931914
4865,1.9636825953898642
4866,1.0317545315781955
4867,3.367898390855936
4868,52.1192617282175
4869,0.8240074386215539
4870,132.3603942973817
4871,6.721367089825445
4872,2.3173972123394546
4873,308.8683707155453
4874,26.63943221218095
4875,3.5582223314334245
4876,230.93248234925136
4877,6.3933730548130665
4878,92.63726909255728
4879,80.25810496622672
4880,5.403403796635163
4881,6.07807898121679
4882,30.169973015674273
4883,1.827146306603062
4884,139.08438500132988
4885,-55.709684641034926
4886,263.9612709072818
4887,4.617497542628695
4888,300.758502914665
4889,40.318678703476316
4890,230.17393823895657
4891,141.1036230060487
4892,1.4589895251993676
4893,5.7570380626811275
4894,102.68331070515633
4895,6.644724486745447
4896,5.82355346426488
4897,6.614565710426156
4898,-9.016614620893941
4899,217.87307066182183
4900,2.844526372663097
4901,260.1067902684929
4902,4.2076125787886784
4903,129.14482390066942
4904,393.17147747969807
4905,91.69083780922864
4906,154.15897859581034
4907,179.220222225484
4908,4.553093008679747
4909,136.60646081955196
4910,162.35133863683322
4911,97.0582813489613
4912,5.554700650408001
4913,250.42902102178775
4914,178.11481073111332
4915,3.4060911040224253
4916,4.836365861125452
4917,6.156579800719376
4918,3.062920262089658
4919,77.49292781760758
4920,1.9396030800884536
4921,-11.539814809985751
4922,177.54189991980203
4923,212.71907960276548
4924,5.869740595300166
4925,2.478992758315484
4926,1.2728448630855502
4927,5.684363415383892
4928,3.039054160532028
4929,90.4532593362553
4930,91.95629534675727
4931,-39.774809453321886
4932,5.7531187604220975
4933,206.9819625672085
4934,-49.88203733936749
4935,52.20701250267572
4936,247.75104380700967
4937,42.60215148744555
4938,84.37523303558973
4939,52.427350230135104
4940,3.7038090833329753
