id,target
1,4.286160269291903
2,2.7231795219996213
3,283.5590051996402
4,0.08062332108944759
5,4.413039556070143
6,6.695396435160309
7,5.340570979735562
8,70.71247189306449
9,76.62297898821635
10,47.311727284477584
11,37.56488108481766
12,-1.898867784406817
13,260.5620895153047
14,166.22137115469053
15,3.3870233161215997
16,287.15001139202025
17,2.8750012793344863
18,93.31629071075861
19,3.7298403514469882
20,6.66370433143084
21,-73.1014424508588
22,56.05091198684134
23,3.7230980094876696
24,2.696070684147747
25,29.78102498564627
26,92.43898837371208
27,1.0911913355065437
28,159.20385960524942
29,44.29926459547733
30,3.7573852610588676
31,6.066045481964659
32,27.31824374284729
33,38.32439186607946
34,3.947931674824371
35,2.3432096574037704
36,6.926982917623993
37,258.65750727308784
38,236.59190606504725
39,60.59920959658054
40,125.0128888949068
41,-51.72529926648546
42,2.9424899535471223
43,5.9012762759514645
44,4.732967969505958
45,132.18137897305095
46,49.89927324985646
47,2.7570410218050085
48,-82.68038751864103
49,4.114741501014314
50,1.7668700153675678
51,258.3508792915318
52,3.004238222095312
53,2.938419984018629
54,76.70462608729805
55,2.971060308019163
56,4.1666239154538465
57,5.64821335648439
58,153.51178130462438
59,242.6480532632803
60,6.764448074468794
61,2.3140316116243103
62,239.52290403100852
63,6.647126785247748
64,2.9687136853979044
65,2.62951319886057
66,4.255781066563538
67,4.794408301257295
68,201.69038211072697
69,154.25802314254975
70,2.3729398404811355
71,2.590173816108118
72,2.2425329706734454
73,31.341469187485238
74,238.0584553353723
75,160.88995019967635
76,6.342185917157645
77,5.863872591432958
78,128.88186692333653
79,252.6531997888893
80,3.61932628806466
81,42.102150559378174
82,3.9735882926667427
83,194.69270196926075
84,42.0766265800276
85,0.6753544186316874
86,2.325832057655269
87,58.342130365716834
88,198.8556269816823
89,6.072111100213592
90,5.402381624047002
91,48.497398333998156
92,45.98221326612807
93,32.149857892720455
94,4.917046548623009
95,3.862003484464259
96,3.146277820669232
97,7.249511750363524
98,215.813639790144
99,85.33418109618384
100,283.29580107659854
101,5.3715767467115185
102,263.43240853159955
103,3.5974128041466034
104,6.551495202049983
105,126.2615048020707
106,5.933097626073376
107,275.3470324885029
108,2.424763589686123
109,188.97328314499143
110,3.3694100050319014
111,40.558529300271054
112,2.1857240578295114
113,181.02769900635593
114,6.289256180837007
115,5.138997354199054
116,396.71349188168705
117,202.2552264743758
118,172.1362919572053
119,240.33109058379765
120,306.0219403486912
121,165.65413249756887
122,3.6794456101047457
123,121.4065497389109
124,265.37931079507626
125,151.85621307836018
126,6.451475749906423
127,129.93797198543308
128,2.8410793215053673
129,236.72283395843493
130,71.69912039018914
131,74.903547212397
132,26.08723950146518
133,-66.5192566597694
134,290.13500170295094
135,6.135657129747395
136,1.9151860104246006
137,131.06215759603916
138,5.818065061177926
139,200.7742491118293
140,294.8903223378504
141,74.93593328098785
142,-2.0417336394355177
143,65.88360848164652
144,22.68992570495957
145,6.644462153563717
146,151.14945822449533
147,212.25684852980814
148,2.0665903367616156
149,201.9283372732506
150,58.182246893965974
151,280.72300161578187
152,256.25931226897194
153,180.469461203295
154,42.935615074626114
155,4.453871679477899
156,210.5714376767695
157,140.47550601367868
158,131.37244390866474
159,128.11868124571495
160,6.336639505770639
161,58.90080479310223
162,4.729904353027173
163,259.3381182242389
164,3.0417900682572667
165,71.23520047758312
166,210.67808551060665
167,325.9262075152852
168,6.9690632278887525
169,2.1503604297953816
170,249.64315252361632
171,3.0621854753406765
172,4.339796735519213
173,-57.18483639280005
174,3.8640701995043756
175,5.625488435552472
176,147.37027328020156
177,73.22431982193191
178,373.0666775983147
179,141.79641870851842
180,231.7765735841976
181,6.266650933213105
182,2.5277767732807273
183,285.0485790343104
184,7.187517772928997
185,1.6365697506849601
186,3.905349506116419
187,2.968633386750961
188,4.107116340135677
189,70.03514871071597
190,4.399064248178243
191,2.358669659857995
192,27.52102739792237
193,3.0234011867065624
194,320.1646661253667
195,97.84875194021748
196,285.85182734369926
197,126.04806004833877
198,218.65594164562037
199,69.49249611720037
200,2.5616954000636283
201,3.4568935689122684
202,88.41634669576868
203,53.78017237440938
204,4.166879323467464
205,270.4349524827107
206,97.62373926488786
207,221.09917684030313
208,163.92096941952855
209,69.66572335296489
210,171.70762218750096
211,44.50137916197054
212,115.72129808266764
213,259.86567444293945
214,67.57466065198558
215,-5.8016536266025955
216,137.34312020897625
217,93.92146049355694
218,148.21478943934267
219,236.59471190630265
220,5.6798701147829735
221,206.64960932576423
222,158.31302640086423
223,2.8715949586910408
224,182.79193639715774
225,276.7215375238842
226,217.61084007961242
227,56.923157877253615
228,266.1450133181469
229,252.05139993960495
230,1.31756470381178
231,212.9777587947355
232,45.229701277698
233,59.70510937769428
234,249.70598418830573
235,125.60593824591925
236,2.199736008369904
237,6.2506954883256025
238,25.064548670684534
239,6.156725966033898
240,179.29286043696322
241,321.94445214882995
242,237.22578215082504
243,3.680650742396879
244,4.110913874640714
245,55.29703903374422
246,117.80783485734153
247,125.84916612773175
248,6.47739760060351
249,6.026594435499488
250,62.372678808979906
251,70.8627584382979
252,201.25269434760864
253,7.600472059261459
254,170.16485238616505
255,-51.602391450928025
256,5.7244319100395815
257,2.1304705630384575
258,87.43641851936451
259,257.821385634919
260,2.4783262180845402
261,5.761006921830013
262,6.347653072519445
263,-18.77453687675129
264,3.6856746158245652
265,3.456911932572485
266,2.063474336273683
267,3.173625328649205
268,1.4415574018208979
269,202.45859093356003
270,3.168253392253488
271,173.06061674395974
272,145.30841987064622
273,4.579900434290413
274,5.333744795271416
275,315.85483683957244
276,183.27475990036834
277,217.84745407794145
278,-60.0030290944479
279,3.671570288058975
280,184.2507879095354
281,4.8846813600813865
282,191.40016448624837
283,210.29558547444898
284,137.80645426240386
285,237.0690784747516
286,130.25851901777975
287,222.02963991376637
288,6.3094049621519925
289,120.27016236275543
290,4.486505876902494
291,94.43180656151549
292,3.862735282702677
293,98.79611646863326
294,115.8428895174692
295,4.548343523761226
296,127.61440983831199
297,45.62733774750501
298,-21.199335260662796
299,202.76023843979956
300,5.816181137133572
301,4.105959285107693
302,5.12046666657748
303,4.522172064486521
304,4.1009398606937335
305,4.759061711082641
306,236.4350632516723
307,3.3639247549520825
308,3.124044978708719
309,127.13432303339357
310,2.0899962816408237
311,2.0764052471471466
312,3.692598010436463
313,135.67070121924868
314,3.9917723816215878
315,0.583911423513777
316,2.847723918004814
317,4.227735841100455
318,3.7840326555238324
319,68.11091862256542
320,1.8464219285473396
321,6.346698387104098
322,2.880971812076793
323,1.8818408203108918
324,2.6839292932104235
325,3.7747154882233804
326,4.884369364940017
327,43.71394017581985
328,4.847616746908046
329,104.93485310136916
330,55.37312948675685
331,1.7184248128822528
332,5.642135698653238
333,3.4457512642349517
334,6.776326914734126
335,134.1431514036605
336,4.0293292977781
337,2.348323390293193
338,139.1352734501251
339,42.74431627279388
340,287.2380696648887
341,105.3320438120281
342,75.47185022401123
343,3.5693503291674236
344,2.78638776836259
345,136.5644869908703
346,2.9881562149046585
347,5.279737654044066
348,21.568373366165122
349,-73.88509064746837
350,109.060988354698
351,245.60618212967668
352,41.40613369263036
353,1.1827036473106627
354,5.9572931801342905
355,295.59749302654154
356,220.38537922668905
357,3.1183901011415847
358,-5.260484827982252
359,4.561036156363518
360,128.4159257521356
361,4.259590811913261
362,5.999615913313081
363,7.690379926328097
364,4.349470946611739
365,5.391524688358681
366,74.69426134102177
367,4.554702607451618
368,257.3985981454395
369,5.024537077319116
370,-10.229896902978945
371,263.67617594949155
372,61.19967546445239
373,110.64100388435297
374,3.3642460003371024
375,123.10279983151104
376,3.0619735578144303
377,2.7080592590991324
378,3.7362403557422486
379,3.1189070169192057
380,0.8105625488121966
381,6.074977751014899
382,6.0486002643724985
383,171.12061066651282
384,1.775738266315372
385,3.7944663613439396
386,270.20705786033113
387,2.985391083756305
388,4.220313524390391
389,77.10652817617492
390,5.2665462423279585
391,154.34243366944304
392,6.47313257512715
393,3.8040166551483354
394,318.3075302928929
395,173.71292282361696
396,3.1995946644282736
397,1.753528869270232
398,6.746927826983015
399,173.03908881439776
400,241.3156935098521
401,1.6555300208886692
402,6.323798220027212
403,5.88436630554532
404,5.769661162854038
405,9.951797998248912
406,7.240204591584855
407,-69.54443166987971
408,3.6693478306534457
409,2.655818779462137
410,3.611018503598895
411,2.8799372480214034
412,-6.158553047490848
413,321.88776595378494
414,5.76509862945971
415,49.04724868511107
416,3.2877827129984714
417,6.723376618848307
418,5.386806242026296
419,5.729007476600936
420,4.388882736621597
421,136.79168693008816
422,176.58829213936164
423,154.39390112429464
424,159.36031599495996
425,5.732025049225437
426,242.47377515946445
427,3.317874156098327
428,206.99667662537695
429,2.9007762348118313
430,4.439058203581695
431,255.87678757270135
432,135.46283715868128
433,8.082477314994495
434,6.159191949734018
435,61.31791702373962
436,244.6381141828898
437,212.73969536705908
438,164.20158792174465
439,5.92676615893845
440,259.27950189095407
441,203.64982096072708
442,130.5533172446567
443,326.28689566565606
444,5.679072876168495
445,6.313226693976498
446,61.70363656606742
447,1.3112063952520379
448,6.277708776268479
449,301.4712950455288
450,261.9240087585951
451,160.32005873304945
452,232.51722925287294
453,1.8884357762515749
454,3.7785255516753207
455,148.05987266621557
456,3.0045610166209427
457,4.94319436153929
458,262.3633373196791
459,71.10783288621427
460,14.164071996501526
461,115.55861074159387
462,6.024369901638269
463,193.9917782169913
464,4.9797413871663565
465,135.20854619819386
466,69.06594696224886
467,2.350612102427306
468,4.8799919378819245
469,29.797873666485714
470,53.8243596054131
471,1.8016387345579445
472,1.9094415684378272
473,42.52108802137339
474,5.926591038342462
475,110.10014781439543
476,6.530550036606678
477,1.9641478586669854
478,4.594443362437235
479,219.8579892075955
480,3.6898582513457083
481,6.3938952062303045
482,220.6638354271532
483,1.7320079369862997
484,210.2415761570759
485,101.37164668690998
486,4.3604802428088645
487,2.5530542327233987
488,222.7138210761868
489,2.5759424996306723
490,4.884866202008531
491,6.431354785302691
492,3.5982955816588875
493,3.882958631090589
494,231.93055807589417
495,5.835894623375396
496,115.3988763692106
497,6.392291405385003
498,5.8773958046248636
499,5.349255573922687
500,8.223835114918742
501,3.1932777456497266
502,282.67755655185215
503,84.2469733179434
504,11.751963504421951
505,2.1647402642605744
506,6.417382876874421
507,347.14513728589975
508,85.11409425571635
509,275.20162666037083
510,3.8568716033517574
511,140.74996296626034
512,193.49241786013226
513,205.52129588442833
514,344.31711843596065
515,283.4117871243731
516,218.5548779101812
517,287.2665679516748
518,7.248301976569773
519,48.73180246219582
520,298.50786792593937
521,1.559980495280179
522,3.788798425448877
523,224.97974886668263
524,3.8938765941879367
525,164.9539366551715
526,5.451900069788429
527,4.454473558457124
528,3.700243245360391
529,6.330965230417999
530,263.91654788540455
531,103.43435993614366
532,3.8318658831182297
533,135.409911599635
534,4.323239211171478
535,6.859672124621954
536,5.984674348488715
537,1.7006173489500138
538,5.069227203829763
539,274.7464114962893
540,263.5058402322495
541,240.76620775122257
542,68.93149378670282
543,109.71193282100059
544,5.321414118875687
545,3.9506909298456434
546,3.7987424324547336
547,2.1379713017026267
548,329.852987775914
549,5.8825597669602
550,252.37409156150562
551,5.916429927487848
552,120.77707975959734
553,4.027669530230034
554,78.2348801404819
555,128.37720898291417
556,252.94862494826555
557,207.1131910505144
558,5.0742744094104175
559,5.498002770504172
560,165.26408072009494
561,164.95688169516205
562,158.81844179113492
563,3.2551775623934267
564,33.44213862624687
565,163.154653625815
566,2.61248143782048
567,51.18098463311481
568,111.36063509349734
569,300.42522773529635
570,3.460884458232282
571,211.3231056214831
572,3.2270452663129374
573,81.09134511836983
574,95.58143196736462
575,7.438400334454063
576,1.8818795125707812
577,3.800579464057946
578,173.3853837877989
579,1.476953778522228
580,301.50449488403757
581,54.144204889667826
582,69.79154368527037
583,5.505815561269765
584,3.088024366232701
585,154.70534345909746
586,5.115151959706976
587,209.39144577270815
588,2.853895885778078
589,196.21671760429166
590,276.6662642117599
591,144.53737623983127
592,6.968172139858604
593,261.68483817806936
594,285.0543703091102
595,41.454675248041816
596,5.452333858957812
597,163.64953586917528
598,2.863280207461019
599,67.53604696929754
600,185.3323376242259
601,164.4958323829832
602,42.45805197444722
603,2.1868212973310572
604,268.87942322212245
605,2.5815945353995984
606,2.6564397847500727
607,6.637392425405881
608,44.13430660374115
609,279.6596932305285
610,46.27327139816021
611,64.84335511149156
612,0.20905318619897706
613,38.63883721260159
614,60.24349654756607
615,1.8889121376553206
616,179.55008907746483
617,-61.003391077309836
618,226.02444593077834
619,4.646928795798655
620,5.381502153413021
621,158.1953239201459
622,101.93288865139853
623,183.42837284100096
624,208.84313961586108
625,2.4039787485908555
626,1.8694766845924338
627,69.52878097821804
628,4.141465031616274
629,223.43030977857052
630,4.50326161786155
631,2.146583047849941
632,177.73506939500916
633,137.03174337653473
634,231.28467161926
635,2.7404830215117655
636,100.5966039359061
637,93.28846870598912
638,6.663403954852463
639,17.572556262651673
640,139.01226379142824
641,6.738802747106314
642,3.0156998992211435
643,290.65395469109916
644,3.416821184217677
645,89.89383082535954
646,76.06986609136499
647,175.19924998461136
648,248.29832643773827
649,362.7257453029676
650,329.15319688229073
651,113.0084120136732
652,47.52661910352855
653,2.9909537227982232
654,180.65331428301224
655,32.91227052019347
656,220.0987647726536
657,160.3362200249693
658,289.3555860153521
659,1.9090390861871787
660,132.14963890367267
661,3.885188815676373
662,162.11160127799258
663,3.5479729639156923
664,-49.22841713397793
665,81.76575595221641
666,149.16245529438652
667,244.90642928815763
668,332.2098956569202
669,102.18161797528585
670,204.63085563989085
671,108.89335771694866
672,95.66713498985334
673,4.227861844724808
674,5.559422764179461
675,5.9335037795964185
676,5.74516634662629
677,17.758024522728444
678,170.39309936676887
679,4.744660622418412
680,3.4585376365715126
681,1.9491102575079557
682,93.46596226388986
683,5.9195131124199705
684,174.01308387133582
685,212.7234458975935
686,5.822139624599763
687,371.4649931036105
688,96.46819966978842
689,106.8938247963923
690,331.00825584050733
691,3.459622762663778
692,65.56136065414768
693,5.037692884445162
694,6.757972817462656
695,17.269831716955522
696,287.3567819510059
697,1.1066069313242268
698,235.13816250157072
699,1.7321811491504637
700,242.57752562947232
701,3.5121230288411747
702,4.754552344347448
703,53.3925387399903
704,88.40307271352552
705,136.13454322917067
706,226.89950980903453
707,161.98738570916606
708,56.62059225638917
709,92.14748581678634
710,188.07066472499068
711,223.0174995791265
712,6.609387189796933
713,22.77313634810236
714,6.662460579868562
715,253.3856084092964
716,2.9985349062301987
717,77.9215626942536
718,357.29435151599455
719,212.96582476128856
720,4.426090319050639
721,156.937868031637
722,2.1811722800723534
723,6.235820082338912
724,1.6061396093755187
725,2.507549508252727
726,96.14433415743947
727,244.28486457733987
728,54.00999642923303
729,47.40684595086301
730,103.76775597915064
731,275.7142546371339
732,4.55543766894854
733,6.583137121833719
734,6.642056573551483
735,258.84418574774134
736,51.729429899486576
737,62.713420931451864
738,124.77756361180067
739,298.19073413433813
740,136.6077041640768
741,1.88666512154753
742,258.41977550240694
743,127.48968846276463
744,1.7394572214430257
745,274.6119781273715
746,178.7522517530165
747,4.03480303714802
748,69.48798558859633
749,98.55247900823476
750,189.93193979796936
751,60.2220469132465
752,254.6278437353136
753,2.0041826220128276
754,243.94371506149406
755,6.411917483591885
756,5.957036891428068
757,224.6315092635927
758,1.6486667459078346
759,78.39269318902669
760,30.321184671004538
761,210.97345563538278
762,5.03715563412941
763,2.0244061176943373
764,88.86151332686738
765,4.459767076343856
766,48.80030181197809
767,1.3432331411094833
768,4.970665036780582
769,5.830091308655163
770,1.9853606382139244
771,258.3218508331449
772,72.54815662979047
773,122.32596002572232
774,-17.813747686825295
775,23.356578916380023
776,4.065459524754608
777,212.080218318895
778,0.21575509424675232
779,160.72501343367406
780,66.16679551600578
781,293.88223874768147
782,3.389409716582893
783,45.522287340175595
784,2.7898185450903297
785,49.259430748401435
786,127.82394184590643
787,5.483158752000425
788,1.893020812077161
789,156.9610085947134
790,85.02568210416871
791,-15.564444740806564
792,117.57478567259652
793,-67.32279709391217
794,319.74547323590537
795,-65.43322399960294
796,124.66474796123289
797,3.607070659658007
798,57.86641490738878
799,3.28054297461395
800,5.874193813997446
801,242.10916513746258
802,78.89936168037082
803,144.74516457470787
804,6.590273570768538
805,1.7661283556461531
806,162.6488437251706
807,2.77786495683329
808,75.44015672591216
809,1.6294907731351207
810,51.34498925386286
811,250.90615834749403
812,81.24290776280247
813,263.98553742073705
814,5.869017975489995
815,4.647253720067608
816,7.11517525991696
817,3.065338500250738
818,13.018058836168727
819,5.399187168300046
820,77.93598288276175
821,5.6872389221645046
822,2.0728089862873205
823,27.830487320801772
824,76.21380985055889
825,7.309013875642966
826,80.29850512655631
827,4.395713294002949
828,5.83319058548575
829,54.46333949448174
830,192.3917029165983
831,112.6579709126541
832,6.110389898121678
833,216.01331154806525
834,202.54994066336232
835,121.43348246601992
836,2.382874315821592
837,59.89932479151947
838,153.00777702289224
839,6.068858298746483
840,167.62218913177315
841,143.139501753276
842,66.79947624362791
843,2.282864434058281
844,3.3502089853718857
845,5.532459927766647
846,6.285121815060268
847,5.517920486260352
848,148.0031607334909
849,6.056204013575591
850,86.16782367810681
851,32.60253777401515
852,32.16445088867737
853,93.23530536671292
854,1.7184248128822528
855,6.94429953719617
856,242.6988543550455
857,100.00710549594575
858,60.30562056759784
859,164.03455612795065
860,2.1717045826424863
861,3.450675055882003
862,2.7822445311183706
863,118.80596257415971
864,249.0960986758614
865,273.8732228632297
866,216.13378827588923
867,5.324625589906392
868,111.21860178448881
869,139.91196861923342
870,125.77967987421633
871,140.58499329386453
872,160.63526701681954
873,2.7231778282656283
874,74.11122136749583
875,6.636218339756006
876,98.75548340576714
877,32.449418730632125
878,133.04614653198576
879,5.323218137041098
880,6.588430317882565
881,163.09142429288175
882,5.881922414155011
883,244.55221435497236
884,5.939969985548694
885,166.88271553496148
886,62.25187194783622
887,2.070145562441907
888,2.191241082701095
889,208.6989026903402
890,3.791176541193575
891,2.6727982013286358
892,81.91881624836873
893,5.175790385456712
894,19.81140287173143
895,3.7231136796969855
896,213.5805496471761
897,2.544747994074081
898,223.71570415997664
899,-47.78556535138887
900,236.32058308247474
901,3.8617401759004215
902,185.1747531830762
903,5.268217165059785
904,135.45007779298732
905,1.9084406174348256
906,0.9076267867428616
907,217.09897399571037
908,55.60165966844988
909,86.14131417443635
910,2.3174263952294876
911,6.717592483421906
912,278.18071968012924
913,137.55475401020982
914,272.13811424293056
915,100.34441597897907
916,133.94855031368056
917,2.180618865880036
918,2.228024865263753
919,3.282857546504458
920,375.2114590386754
921,135.37297722419228
922,219.23645651353658
923,2.49862300744127
924,76.41649744314671
925,187.3174095147093
926,53.89606241861046
927,69.17756747932536
928,4.856537169676219
929,12.961071300630497
930,16.6299105238097
931,240.97609315611328
932,199.76803583994428
933,5.3806502170843
934,2.1207001570128354
935,179.01091469806713
936,70.677295955018
937,3.389077546014173
938,4.28560125787927
939,146.31160553223194
940,1.7789640210289832
941,5.872866409200193
942,4.929031612084781
943,100.00455464845945
944,4.064666365960443
945,1.9867802077521415
946,80.5720089986174
947,46.42972219415381
948,60.33075442079262
949,231.73144910041756
950,347.526480048822
951,27.14078337490397
952,-16.54603119815298
953,5.660092556627946
954,266.54106852533175
955,188.82184750102493
956,150.42064598784225
957,2.36762282801296
958,3.020923966479267
959,217.68932292022177
960,50.5628808789842
961,166.80739250049888
962,3.151738574193122
963,6.413938340647385
964,4.9518022868051546
965,6.511694336852206
966,3.7256802520181407
967,47.1001837680055
968,177.1070004595548
969,163.29876179609096
970,6.491319982168058
971,363.4490770979429
972,5.627219758391398
973,89.91501359449268
974,5.289090872537629
975,3.3621717304681593
976,5.185347130448859
977,189.99765121331663
978,298.84347476462915
979,2.7019264315488787
980,1.8319974952734954
981,7.572160970768394
982,41.324774857541385
983,310.45653376738494
984,331.6009922468343
985,246.5476313089667
986,113.10940440375208
987,2.628547557412023
988,246.21501625127266
989,334.94352214724864
990,113.70019663963663
991,4.029891696629265
992,309.9863934117057
993,191.45775832555026
994,3.323662855477235
995,-19.86497360709261
996,36.29062240558538
997,2.085269400646462
998,36.16561933781333
999,82.56543988701813
1000,-4.396831351500714
1001,285.43545453619
1002,182.34482286059128
1003,5.49829930181116
1004,1.2992151205754658
1005,1.84135642807519
1006,3.7736451820238117
1007,146.4344721860947
1008,1.9514510497477144
1009,6.790230868599258
1010,59.367763481966435
1011,267.7312718596752
1012,31.331901054967386
1013,216.86420524720907
1014,78.5928767826063
1015,241.60457685571993
1016,6.656618126097423
1017,4.967673958716524
1018,3.3509960903008524
1019,6.307867716059406
1020,4.3174738975136115
1021,146.04198205331838
1022,91.89277350762791
1023,172.11949871482736
1024,167.53380653069055
1025,5.373816899613495
1026,3.4805874404697184
1027,4.705451636305149
1028,95.72800312956815
1029,3.7456997039719186
1030,28.048803675259105
1031,263.42676160014054
1032,3.015244385905427
1033,2.7807262849881322
1034,219.52779045281173
1035,1.5601696826310194
1036,237.24894775099943
1037,6.750383275659963
1038,50.66961588203682
1039,3.585128588179807
1040,-3.9479405504170364
1041,3.081674135690526
1042,4.399573568996393
1043,3.9593635677597443
1044,322.43133218984343
1045,145.11705799262933
1046,40.57547911708314
1047,218.127066134178
1048,1.7910183128527595
1049,3.2609442757786113
1050,5.8966436298879445
1051,80.09895139537706
1052,182.94572250859136
1053,256.42345081540685
1054,6.297840896825949
1055,27.23344610501706
1056,40.26773499910832
1057,4.586094950028287
1058,2.779674256373945
1059,2.9945640516097027
1060,139.1212267716004
1061,3.0786412258522335
1062,5.754238873096678
1063,299.8491533777602
1064,204.2103681089243
1065,65.47512825781085
1066,259.3692156635022
1067,259.2534219117938
1068,5.9213513067811725
1069,4.284271052342037
1070,306.230405983823
1071,171.43392278955636
1072,5.2225630218248895
1073,3.2585001076902405
1074,6.407998994831849
1075,4.710482847501027
1076,303.0585029013633
1077,6.214926945212936
1078,184.2701924100481
1079,3.264968259052548
1080,2.572212678380864
1081,5.845948260230716
1082,4.176207372837865
1083,3.533230955645864
1084,5.972212004849636
1085,146.48947983973136
1086,208.7229599852704
1087,63.61668170723093
1088,284.31512277117946
1089,8.620318577100234
1090,130.3780085814799
1091,266.6542641667115
1092,5.560544288337429
1093,3.756233195528777
1094,6.658500270509784
1095,2.8645025408694114
1096,2.598370978602097
1097,5.560078598264314
1098,78.18782667170893
1099,117.79020515965777
1100,5.672363553642975
1101,4.327694798839446
1102,5.897318620403881
1103,269.19619441483417
1104,4.378709115836575
1105,114.88116481183111
1106,5.236324412933743
1107,6.259855709455819
1108,11.540161194305314
1109,111.39817103336021
1110,80.36445062952657
1111,2.8704275178273257
1112,234.12492644851696
1113,2.7165413005467256
1114,148.273845912831
1115,1.866560177434338
1116,5.500239696875658
1117,285.92279072113854
1118,259.0058889765109
1119,4.409175422924986
1120,65.50278960862124
1121,-13.275338459477124
1122,229.97099238932182
1123,3.4007816864581035
1124,165.29940447152433
1125,2.6885865901234443
1126,84.74901894085176
1127,6.191905538238084
1128,-46.93661712578081
1129,208.82126661139768
1130,6.0293752211825336
1131,48.397400853303445
1132,4.601673204900047
1133,-53.339373528750244
1134,189.795356925705
1135,198.53058217655712
1136,-53.237295552324944
1137,4.106435341473295
1138,44.89047038138273
1139,116.51426042515105
1140,111.90194739412908
1141,205.8778385863257
1142,139.149019777922
1143,21.98076137981305
1144,-19.26643014838891
1145,104.38800467372187
1146,42.71108778100951
1147,4.213454960769539
1148,104.10425001770608
1149,41.055715106765895
1150,4.30840443821086
1151,1.2158098426731176
1152,4.026091881687836
1153,4.290339878653106
1154,28.31532518559601
1155,172.817946514911
1156,6.6816583519740185
1157,85.50093506222221
1158,187.02846952286424
1159,106.63025672501759
1160,110.38816242745256
1161,1.7069731047046486
1162,5.64068370976028
1163,5.204539514893292
1164,4.827469588257801
1165,197.95940404740213
1166,47.89370748518995
1167,-38.13147369470153
1168,4.764851325489057
1169,165.23323205159252
1170,4.813108071480219
1171,4.446938222264989
1172,-8.813847231286095
1173,3.5955480593022986
1174,203.64029202804127
1175,-54.39980157690842
1176,243.27306711474793
1177,2.17526545527929
1178,141.4807560112882
1179,2.691593298330215
1180,2.8621072335387137
1181,2.202274357526983
1182,143.21026503261254
1183,7.19297946442209
1184,3.7933470905045086
1185,290.79498880727124
1186,123.99339749048681
1187,3.982463925245768
1188,2.8616615543418216
1189,128.04435649713608
1190,3.702377718967621
1191,3.312475938673287
1192,4.960970161573711
1193,135.26407597115343
1194,5.535621358007532
1195,2.1157180701149216
1196,260.5984167990671
1197,93.30624113995653
1198,3.0090231856072505
1199,258.8147295185679
1200,77.67631653586014
1201,205.0550432315015
1202,66.62796616365785
1203,3.3109299316781002
1204,145.6912268656625
1205,1.8313205021496408
1206,153.49312950476914
1207,133.5707619527199
1208,261.35248950073213
1209,255.95468632175593
1210,183.40946449389435
1211,223.9824098130154
1212,6.169802747115337
1213,3.8811525566879927
1214,192.351378989804
1215,110.89962611832959
1216,259.00534870193485
1217,193.6468543518152
1218,-44.84728868318929
1219,6.1377159261348035
1220,5.872146119166942
1221,246.940255929421
1222,5.927409807593538
1223,2.8029205941402795
1224,2.9068134743150904
1225,119.58439731439199
1226,1.2513713847782735
1227,4.682184414238203
1228,2.615313248636814
1229,47.185025976209076
1230,94.81615691666826
1231,234.99633017032681
1232,1.7915351482197481
1233,-21.41174703083368
1234,3.0160792129335934
1235,15.352250282914286
1236,277.01775468353355
1237,4.091212745784364
1238,2.510968298721991
1239,1.1838420539639598
1240,35.92646662796055
1241,2.087308043000914
1242,4.315550682007658
1243,4.834367553053883
1244,198.40394741063218
1245,4.140779086825593
1246,243.1586590633333
1247,5.743399363010219
1248,117.15232410058545
1249,152.89752588338285
1250,7.653936981526327
1251,11.992589521213059
1252,5.790075244219283
1253,4.056291359816647
1254,4.14989992698876
1255,36.2338693724469
1256,77.24390925073968
1257,162.07420767533785
1258,261.6987843689185
1259,68.35959858828036
1260,276.0715074486277
1261,5.705294890694413
1262,5.234368287314566
1263,208.93427874798948
1264,2.967504801120399
1265,5.210192022247435
1266,133.07666206407512
1267,2.192804447923591
1268,6.361710299129606
1269,264.97208660619293
1270,-55.91714369270677
1271,273.4415974212099
1272,53.07707405496557
1273,7.649686954535333
1274,208.7367988487223
1275,172.50961000726286
1276,46.99447151876249
1277,4.091318708871503
1278,1.715525476065998
1279,4.113935127493568
1280,-55.93205595303093
1281,3.5017361077297795
1282,105.0631201063566
1283,195.5031719527735
1284,2.7232307408048517
1285,-54.30415260738662
1286,3.145520089096089
1287,44.33478175909863
1288,132.35148884422713
1289,3.9497928238443842
1290,218.28447667962806
1291,3.1836791130207382
1292,44.23906692669696
1293,114.50153520242871
1294,255.0360608416833
1295,157.2891100070898
1296,6.505403225977984
1297,62.73265459108459
1298,3.674721742462367
1299,6.2948696412525385
1300,162.70752703714123
1301,260.6539734592295
1302,206.534994939838
1303,6.1672906172184465
1304,3.674558336132384
1305,5.06623211636211
1306,46.5985319160356
1307,152.2128965617445
1308,1.8537159582311635
1309,4.71524619954651
1310,358.8229224556944
1311,2.7409287881950877
1312,6.798092700418648
1313,38.62658447950567
1314,143.59979497650144
1315,196.08823310900468
1316,248.70788172886944
1317,68.41288649629519
1318,2.1162769200484215
1319,218.7413630335062
1320,252.59241259998248
1321,27.63146405698379
1322,52.44217127390179
1323,238.62881150026652
1324,223.62000620364145
1325,47.195716326502186
1326,65.18979018623313
1327,239.73930421628245
1328,3.1520538668155322
1329,5.836776941939347
1330,134.56434862318966
1331,6.496167930696833
1332,290.41380576889964
1333,1.5705992662382333
1334,336.8034202945324
1335,1.85462649037106
1336,108.75390268102436
1337,36.20676229308442
1338,237.74408027223788
1339,6.121786876676811
1340,189.8892035847755
1341,237.3347940422417
1342,206.38692149030376
1343,29.70127746852757
1344,127.60273184356066
1345,2.6733450202879583
1346,67.29845418682585
1347,89.62029438622515
1348,2.747642144456718
1349,231.72276690503105
1350,33.54997462290779
1351,215.78371138195695
1352,2.5185401898174424
1353,13.341696568863332
1354,4.973715863669737
1355,5.885870788638736
1356,3.6161056354503227
1357,7.831789450559124
1358,6.652919160464052
1359,1.6620368255807034
1360,329.7895852646223
1361,4.478932131964665
1362,6.4704503758058545
1363,74.8279772377932
1364,3.272910130943587
1365,5.9035631092739305
1366,6.376407098939937
1367,5.887538174981233
1368,9.688352410300674
1369,196.18882376787485
1370,275.8030503841187
1371,233.3822299958605
1372,28.987771818697176
1373,3.4830771673772536
1374,199.77372030127248
1375,144.08983865606393
1376,5.6006044006297016
1377,4.862649969014715
1378,107.46264521750032
1379,108.21541249717387
1380,99.97512965272261
1381,233.90184832002836
1382,84.73802232948827
1383,54.09572271339145
1384,-17.410480962680314
1385,175.52754093434436
1386,2.3305211341882934
1387,63.07847358111297
1388,1.641566658262637
1389,230.34376508401772
1390,186.3019474303955
1391,57.111279543904786
1392,56.704151006280824
1393,272.34386366328295
1394,-24.33707875620571
1395,52.53365605286615
1396,203.87706387505838
1397,5.4465576701587155
1398,199.04398813473753
1399,1.4745166403793066
1400,109.81627005875433
1401,337.3732314655082
1402,58.68794997666322
1403,289.5901761177446
1404,88.63737486195411
1405,118.16779977936466
1406,1.9663920088783553
1407,117.5010441128582
1408,7.723880734027725
1409,3.8493715061483647
1410,261.6348457986254
1411,286.0240909316617
1412,-33.762232819428114
1413,138.7745847231852
1414,247.3764226823734
1415,2.0995413664777374
1416,2.5367493360184956
1417,4.209158309958165
1418,326.3490935415562
1419,162.53512506684928
1420,4.615392434251395
1421,26.379333325708533
1422,6.7123896266551695
1423,3.2609198001061572
1424,5.375248195268909
1425,2.3974270428528617
1426,-17.8897329326329
1427,3.5728280950247653
1428,4.667531178925364
1429,3.6522477982083528
1430,4.505179204606814
1431,6.3790168700415215
1432,161.80667699089997
1433,3.057350015175316
1434,5.962008447159766
1435,4.556556162809986
1436,-54.90071384847405
1437,148.36850873543207
1438,114.37117163661591
1439,6.325959989795026
1440,2.663402032887483
1441,137.23963579441096
1442,172.88092644955822
1443,57.61494122354943
1444,5.646226607829368
1445,61.61393560605156
1446,280.10735228236064
1447,205.38061462817143
1448,-14.77398544191552
1449,5.921025711043539
1450,266.9616433399411
1451,155.512472182314
1452,4.992840830474361
1453,5.127711453022435
1454,172.24453825657903
1455,73.46695623102815
1456,-6.8354477623824
1457,7.716576684811538
1458,4.985479566642804
1459,291.1681217446536
1460,352.29746584947156
1461,142.88427462391243
1462,-14.232959039283163
1463,85.47663280418185
1464,5.876575309787236
1465,3.2744529052793983
1466,228.98351642113903
1467,5.701818131949089
1468,5.626234107902386
1469,28.503498193530813
1470,3.6300950571352457
1471,25.24385311239428
1472,6.728378588511378
1473,2.7786900450418237
1474,248.27815987755764
1475,103.65924333983254
1476,6.689230666934508
1477,2.5255334546409367
1478,126.16108667130628
1479,5.021189439586964
1480,112.29210466408074
1481,6.011607409600807
1482,156.2928504750227
1483,6.35006886479345
1484,237.0260538559883
1485,192.70318659313324
1486,7.36595060622899
1487,3.766271639844571
1488,77.32187832576655
1489,-4.184178708227323
1490,63.413476591239096
1491,3.673011206042607
1492,1.981101060607329
1493,7.455382897541243
1494,5.446214092493265
1495,36.37263806355181
1496,7.3519663442422996
1497,53.064827553112835
1498,6.161558643583977
1499,81.37548599680994
1500,6.618674637962863
1501,5.784033698226738
1502,50.574216021267446
1503,5.6602257397536295
1504,2.143797128872782
1505,4.876852886005516
1506,204.51771354200463
1507,55.73206387721742
1508,94.39720298203146
1509,60.45943729771771
1510,3.324431231324162
1511,11.811861083638865
1512,59.409649684520055
1513,5.179282941421014
1514,282.00841126215806
1515,57.72051034062818
1516,2.7547437809036923
1517,354.4398933100135
1518,4.589969678345803
1519,205.3484862006785
1520,4.853856293347482
1521,52.4669335405198
1522,4.886072863126526
1523,2.7909005506249733
1524,125.02532652206611
1525,-21.214352541690307
1526,2.1417994999007086
1527,5.708272258541977
1528,3.6496756877408822
1529,221.78298318731615
1530,288.62613441237573
1531,3.4098749108107347
1532,5.682671530873727
1533,3.360878328726491
1534,7.918459478677453
1535,77.37020977723105
1536,5.403400492619693
1537,2.4953607304047822
1538,282.9566932589773
1539,179.43641089789972
1540,2.2019808415782673
1541,167.16932561333275
1542,2.983198335057529
1543,9.488024461922528
1544,7.452601774886895
1545,3.402339975759544
1546,5.890642006593688
1547,-12.323915405750048
1548,208.55154868894084
1549,44.422388437453925
1550,3.512041192427438
1551,2.2942521256797557
1552,242.6853131205448
1553,6.583696093227191
1554,288.41682174480445
1555,158.5379774757573
1556,4.082541138189957
1557,7.258594214488841
1558,3.7149700591298966
1559,250.37917516308465
1560,183.2445556829083
1561,208.3374849750335
1562,239.31590292801133
1563,95.56388782706745
1564,3.2774523603367522
1565,108.55408505032935
1566,3.3871267436643064
1567,-9.35018689389447
1568,111.54908277932981
1569,16.762440956393068
1570,274.7082276652756
1571,3.4283397977611
1572,90.48814720389991
1573,2.252653350278119
1574,4.500798265041926
1575,5.991348230648801
1576,4.312395009996477
1577,5.819885437441751
1578,86.14131417443635
1579,4.892878500789655
1580,190.1258675629116
1581,213.45081131576757
1582,6.768596931396228
1583,301.58452404397235
1584,304.94149766928206
1585,6.121545439005497
1586,4.945303371638807
1587,54.73665676047429
1588,291.2020455409417
1589,6.619963047393373
1590,6.036502983120327
1591,148.35365020270635
1592,7.2535054028207195
1593,114.52376638718812
1594,147.6339958852322
1595,110.09594338255152
1596,5.778685840766725
1597,70.67355473379898
1598,6.887347639254551
1599,3.6363646293972955
1600,4.533625967345137
1601,2.830613129402156
1602,5.8942107675874755
1603,278.02959603854947
1604,60.19043933145458
1605,95.00200283860721
1606,265.41750225690987
1607,31.50528537245341
1608,3.553947916355335
1609,6.9117849157970515
1610,3.909445789133298
1611,207.190083354082
1612,84.31687525856599
1613,2.846709749659134
1614,275.82366857740953
1615,5.490250811119619
1616,4.165085310618415
1617,190.75145493909935
1618,222.96486179203413
1619,-1.2512828297381378
1620,51.51561699143316
1621,2.3147530938127114
1622,2.763096686208524
1623,2.6775901617899285
1624,251.70621253638183
1625,54.48503162258828
1626,1.6230778187990695
1627,32.34261129304456
1628,3.539807577403584
1629,215.91813949505502
1630,97.18124811172443
1631,3.880005412422433
1632,305.07219933244136
1633,4.8205989907389935
1634,-2.5663196762957767
1635,3.385414569159727
1636,4.873849894217528
1637,6.313863464620108
1638,232.44208093651295
1639,24.17493206454078
1640,4.474717135399283
1641,312.2160163080582
1642,160.26467234375903
1643,203.10003645770178
1644,130.36599931522312
1645,183.4748356254536
1646,6.609882276043476
1647,6.631910912646509
1648,27.67972173614561
1649,4.319026118831964
1650,84.00409466732546
1651,6.564519756491391
1652,7.0702464193448895
1653,217.48827123537578
1654,6.344710131610429
1655,311.6133486628398
1656,59.27791577057722
1657,1.1675412554117433
1658,274.9863820644058
1659,2.1509877031100446
1660,-7.307315431359253
1661,6.586392962825816
1662,196.54138529483498
1663,5.91129056207569
1664,136.0456123819521
1665,1.0997395898589926
1666,115.85255237356603
1667,-69.15963685973882
1668,255.98269252576276
1669,53.60159158841384
1670,2.0431352093683874
1671,2.8131693875846047
1672,5.4087777899316345
1673,4.602139169679619
1674,111.46296995101159
1675,2.2537123837223096
1676,-70.75320452924856
1677,30.910072010071755
1678,-8.518588507702155
1679,224.9744958120057
1680,100.6514300674788
1681,1.606885587813342
1682,3.1654947206521977
1683,62.64790818164239
1684,24.39874584473629
1685,6.804522274131895
1686,137.33008253510366
1687,7.181367023157273
1688,177.0600902713375
1689,265.1583748590786
1690,3.1465564169381057
1691,3.8921782435452292
1692,3.9106784920946103
1693,2.65462165278318
1694,59.10395961459174
1695,223.80608635614666
1696,128.82521949027569
1697,2.5820311607317485
1698,210.95129201020944
1699,173.22248816602777
1700,123.93283311916254
1701,280.4074867468395
1702,-34.458946979847376
1703,5.721186270780541
1704,5.861137181147923
1705,3.3060887128675933
1706,71.35463060197006
1707,5.5306692103393305
1708,83.19554759683643
1709,145.8723062894536
1710,6.254719918781743
1711,81.22182751794884
1712,1.9217751129617504
1713,5.959208814403763
1714,-51.520180226237656
1715,4.894691277824466
1716,3.03621179303568
1717,35.44468855709238
1718,120.95724860544544
1719,16.04690580852976
1720,6.15385652543181
1721,268.8830017318978
1722,3.6325647023925125
1723,151.32866497874528
1724,142.88340574132457
1725,3.8014704081311415
1726,4.073388359314968
1727,251.52268651085203
1728,3.800655305812222
1729,3.5317118740120432
1730,73.3132188482058
1731,216.3996879749702
1732,4.700269424647616
1733,387.89303063914434
1734,264.8521649741575
1735,195.7267964451332
1736,3.3202962124302924
1737,302.374531948093
1738,290.85296251098424
1739,176.03818128875562
1740,83.78885332956513
1741,129.85972679471809
1742,268.6703886479808
1743,5.035467841080448
1744,114.1388134880292
1745,38.83494149280424
1746,3.486445950455942
1747,7.440545248377823
1748,197.4733344244246
1749,3.5738080821310816
1750,80.822305605238
1751,43.26426782278738
1752,7.237001356392796
1753,6.013908312373258
1754,270.21804121217133
1755,231.37634385488397
1756,1.934354924398523
1757,234.00668780090854
1758,326.5213678377951
1759,4.878247033909283
1760,282.43085790453483
1761,257.1932502755454
1762,32.85167426995144
1763,48.198962632301054
1764,6.877836857393153
1765,5.076893056865933
1766,243.69237388387612
1767,159.31509851747492
1768,5.697408742924627
1769,84.19045525886705
1770,65.35211149642497
1771,3.0260549441236932
1772,185.23033702344705
1773,249.58485346821635
1774,6.257258838642188
1775,281.86619271385933
1776,2.775161009522602
1777,18.522631223267595
1778,37.235518882697484
1779,-8.214894324270732
1780,109.20647743275792
1781,5.781485208347279
1782,185.54603950466128
1783,228.81772519334592
1784,4.218596879864298
1785,82.08278602562216
1786,2.784042141952596
1787,65.16775052975576
1788,4.973189166376696
1789,2.4625240990416026
1790,87.76596957824633
1791,4.319567587322809
1792,2.5800496831317643
1793,2.2213112015216088
1794,160.43904935027342
1795,181.34044318372906
1796,269.77377956773324
1797,123.1038492748955
1798,6.233730238891715
1799,219.9854720480739
1800,169.79763830460936
1801,5.268968346786248
1802,2.059631581697381
1803,147.7441060493168
1804,4.16136941947761
1805,186.6550694123561
1806,5.910348307001035
1807,294.33902572255073
1808,149.39449867105353
1809,91.10956081751995
1810,4.265711835095911
1811,2.625296548424233
1812,12.702723638728614
1813,3.376106076642559
1814,171.9646780735297
1815,242.20628595389113
1816,5.150217678964989
1817,117.49149718357548
1818,37.65594963376812
1819,232.13970936877564
1820,7.656447206080324
1821,3.3197285105625807
1822,246.73946405547477
1823,-3.5295282919397466
1824,43.325056008381594
1825,2.167932733366248
1826,6.021603093802007
1827,4.633068626873649
1828,2.1505486608762068
1829,207.26086953166254
1830,238.15494408364847
1831,6.801009785374906
1832,49.53399687546501
1833,3.555255770725889
1834,4.0231854470560275
1835,101.4052011165259
1836,6.3443352620503255
1837,5.8174339847016165
1838,5.931090518667627
1839,133.91587200238766
1840,3.362212523890954
1841,-82.47964326983234
1842,247.55228778371787
1843,179.5354418130013
1844,253.36705286184372
1845,165.55923762664565
1846,54.604278892881446
1847,267.15738272910335
1848,123.58725286167119
1849,3.833007831654711
1850,5.404774148916711
1851,-70.07598456137214
1852,6.157335323289042
1853,64.26072950316674
1854,88.46462712207716
1855,5.64862032362737
1856,176.87452590228472
1857,2.579441285690562
1858,5.036141837217326
1859,6.030923240297091
1860,5.761175028053573
1861,148.53599964201157
1862,5.892868582953071
1863,51.4915405685873
1864,63.726742886707044
1865,211.02532245790277
1866,174.1453376877492
1867,92.08481796324828
1868,252.93813975285985
1869,153.76182072652202
1870,3.4297787318750608
1871,188.45851073993742
1872,54.5677370219999
1873,2.8661530499227887
1874,22.091616663759037
1875,89.84602645720857
1876,3.041472105589418
1877,2.4041572742353243
1878,44.7689751737248
1879,42.93202118634696
1880,253.46463915704027
1881,6.014172389164621
1882,101.1790018111351
1883,5.898472770491457
1884,81.17639233724927
1885,286.85441756939827
1886,279.52956004365785
1887,3.685091263732569
1888,208.0286222180894
1889,223.79740799359104
1890,2.4122822779758586
1891,246.3119789666589
1892,217.58622602602142
1893,4.31673173419128
1894,2.047753699922648
1895,-4.009700100763414
1896,6.05687770232658
1897,58.996255089675934
1898,-64.06374307606696
1899,2.782626218090264
1900,5.848357445070035
1901,270.6126731015574
1902,216.83502054553486
1903,-58.502780810346884
1904,82.01765054936608
1905,57.93587213611156
1906,167.11594667620494
1907,6.76480194149962
1908,6.4337984250391305
1909,111.35650168893372
1910,5.510020150371824
1911,4.892967936535027
1912,3.827774307100976
1913,77.72901896169328
1914,-3.7528654182219725
1915,6.563711729770606
1916,1.2495865333194303
1917,4.1999158244988815
1918,182.15679626445552
1919,4.76406224369786
1920,4.650420919680853
1921,79.09142247592038
1922,3.393489875265008
1923,6.6521428696923515
1924,2.9180122134546402
1925,4.246975723286308
1926,107.39795399231026
1927,169.0157591309907
1928,3.362416149190026
1929,46.0544084754362
1930,2.9114316712756283
1931,5.985019647789123
1932,4.800099292165401
1933,2.63167849124601
1934,257.56992022871145
1935,6.241186694716857
1936,4.5887886289150135
1937,13.079692501468172
1938,-22.941418210443175
1939,2.6314977697711543
1940,282.78411108846507
1941,3.6427477473437726
1942,219.0310227149352
1943,3.6522018765423283
1944,227.92313244615093
1945,288.599866347765
1946,5.762754094291405
1947,112.5985171358067
1948,5.869807438229353
1949,-3.0401505032757803
1950,49.88530625141973
1951,2.7104947174082703
1952,38.85570694782952
1953,392.9036636480118
1954,2.981342734329555
1955,105.15893319834561
1956,2.063987344770627
1957,121.590184697249
1958,3.7645481046751987
1959,177.463009506012
1960,69.41762751347245
1961,1.029496513715538
1962,4.128434579931498
1963,3.4566693502996912
1964,4.968362549935535
1965,83.2551991650578
1966,3.073691689249496
1967,4.428968640081118
1968,253.85717398776643
1969,46.010736282750806
1970,5.680314745905745
1971,1.8555622558299927
1972,96.72307290578318
1973,-34.972086415186766
1974,2.5011566358879587
1975,3.171022618367052
1976,313.74474699823963
1977,1.6723532777363206
1978,223.0536068759169
1979,99.29466516568526
1980,263.814280250686
1981,162.74367900959598
1982,148.7325077062273
1983,90.66042911030334
1984,8.746134338280276
1985,4.616623975171333
1986,3.92147024059906
1987,6.0460420349684165
1988,1.1136954304488211
1989,5.86056538662222
1990,4.544500028350741
1991,5.536785244979145
1992,4.404783073377664
1993,31.769017745530604
1994,1.5743833703441656
1995,104.96997696443941
1996,4.014978580214574
1997,2.6996483518939542
1998,5.414624545935262
1999,270.7247223176629
2000,5.924971018747318
2001,280.279463392239
2002,-62.29741159276166
2003,6.745680708738247
2004,324.9788637146581
2005,49.87592466759282
2006,4.617295497584465
2007,44.02276653482367
2008,225.9751265359494
2009,135.77915862510466
2010,290.9402501792143
2011,5.538395248082142
2012,162.65008075581338
2013,-30.215256970938313
2014,284.8836357546193
2015,185.80024519703974
2016,23.865545226902285
2017,3.139136974640839
2018,18.879158317328255
2019,99.2404462479231
2020,6.76031840778502
2021,4.399426100220343
2022,183.18928788365525
2023,67.06393032424512
2024,2.9535222241177683
2025,4.355203954330061
2026,67.57992012058779
2027,5.890641262939096
2028,6.312872233310453
2029,48.267877895026864
2030,305.6839956857098
2031,64.6568941085726
2032,288.3338631783303
2033,221.1602405868934
2034,2.398444804174887
2035,69.87604944764372
2036,184.8150727733007
2037,4.683025790794141
2038,3.1071138252747867
2039,2.9753118716076252
2040,139.62743401561445
2041,259.2041284270458
2042,4.206183757708978
2043,179.12480453166188
2044,2.43819819693475
2045,102.066864949955
2046,285.4321657917553
2047,5.410721593980449
2048,-2.949477110601487
2049,1.4141341154600648
2050,364.6334511108619
2051,3.7907095585762915
2052,3.450291189543535
2053,235.44188678802507
2054,4.440238214192371
2055,3.8806312303945796
2056,-47.03525924586742
2057,191.52478985276883
2058,-23.08025402326516
2059,5.4940166394447365
2060,16.829375369487224
2061,2.2266555517894204
2062,146.98349557742338
2063,3.455513780686973
2064,4.192391070902667
2065,3.5515742280175306
2066,2.0577322878638302
2067,5.88029499863584
2068,3.7193833677520445
2069,1.5809687737301135
2070,269.6048917188818
2071,291.7695247730053
2072,4.695462120536393
2073,221.43515701609104
2074,384.49713617901784
2075,242.30788692183745
2076,3.8902448535928587
2077,2.9083194522260216
2078,4.09967118262728
2079,3.8516198172852323
2080,2.4340837650071454
2081,3.341486920073396
2082,5.804906698476148
2083,38.630409285572874
2084,2.33513800142637
2085,5.172168357662464
2086,132.38982913896447
2087,93.43083140937132
2088,42.79762404821019
2089,74.314077245795
2090,243.28479543826796
2091,198.5268805620772
2092,-92.86653044495115
2093,4.951656919128448
2094,3.781225937680397
2095,89.53524702282832
2096,47.5188891657936
2097,98.76305802663916
2098,5.492332754163743
2099,-5.371645798379806
2100,29.327404008672975
2101,5.783216336714664
2102,6.315763819191429
2103,58.730138451984935
2104,58.938373544809515
2105,40.667442387982014
2106,314.4623668397966
2107,7.025157060211596
2108,6.765896737449389
2109,5.837413084841415
2110,250.7429078584561
2111,3.5150298974059493
2112,50.21480257641937
2113,100.39122367945986
2114,2.5326502710363403
2115,44.91285187632627
2116,3.703121571939672
2117,3.635759224488768
2118,3.4765098791993787
2119,116.62327031641368
2120,4.390397364857364
2121,185.7890705845393
2122,226.8677651298004
2123,2.662316136188082
2124,1.620646660234114
2125,3.852673474413388
2126,5.9438518361820085
2127,64.52689667953801
2128,205.14453521762346
2129,1.8486131678697306
2130,2.704271092438567
2131,5.421161063341844
2132,6.036437280950038
2133,254.15385132635114
2134,70.59426755389212
2135,226.49149440526307
2136,30.58106609370542
2137,223.33283297208376
2138,3.573133884911675
2139,76.17593489682335
2140,49.632781571067646
2141,45.86618049084134
2142,5.744064676355498
2143,25.093009738904847
2144,162.40990940506978
2145,37.31845199642834
2146,4.146116506243866
2147,4.264917996070156
2148,75.47064406868512
2149,-63.71866495907547
2150,3.6669935425243927
2151,57.736001504617796
2152,5.086602192192606
2153,3.5511441065933087
2154,2.092335620505883
2155,2.329569898601237
2156,5.907242031803458
2157,131.16865347309047
2158,3.596061246983836
2159,337.4513963484664
2160,219.99993296070483
2161,264.4606186493626
2162,1.8846136391834816
2163,298.22708132844366
2164,6.301556945878804
2165,3.1031758442954462
2166,2.6915462429453543
2167,40.393396231190934
2168,309.10087462929374
2169,2.6743422374325543
2170,2.3507492221258004
2171,139.17695336230975
2172,5.3343983819366985
2173,255.7547694455231
2174,240.3077480525248
2175,1.2025314653775847
2176,4.45055009547508
2177,-25.637233297054337
2178,4.18533084595668
2179,70.0741446761497
2180,268.4489402027818
2181,2.605199027515367
2182,168.55455324953596
2183,193.25453202266948
2184,5.9660249065602295
2185,2.9579920943795597
2186,2.8412002099184828
2187,4.374717201530204
2188,257.54213730471616
2189,235.74618703515384
2190,73.6531308775466
2191,2.824203505642865
2192,2.7649012744452426
2193,102.25957928962838
2194,3.004253503426048
2195,4.8389813474628784
2196,6.551987133115932
2197,1.9450804643366393
2198,5.007893480204561
2199,3.1246287099065473
2200,1.7589790480263736
2201,4.059332808826952
2202,91.6044228215471
2203,2.6799561909477445
2204,1.9512581712201398
2205,108.99561952419742
2206,5.3431768621373035
2207,161.45671639242616
2208,5.139755399065772
2209,-0.7589652056479488
2210,258.38932455375897
2211,1.7492147903068047
2212,4.443508914350646
2213,6.657202852856518
2214,105.2642249549314
2215,44.071555058158474
2216,93.05824457613755
2217,4.585187906467349
2218,33.41725809675674
2219,2.573439286005293
2220,5.355150944472693
2221,3.186492253583598
2222,-35.42155370666443
2223,195.5785368763868
2224,-36.233713612984054
2225,155.90066100887688
2226,-5.37702720147662
2227,78.83004158281871
2228,139.3861507499135
2229,119.45660834860865
2230,3.3045040634907434
2231,5.4064842637720005
2232,4.382713226556067
2233,261.1738174562087
2234,220.31740513627906
2235,244.04444331646914
2236,2.94026103754955
2237,3.74554548344122
2238,251.6126849986177
2239,97.15163728124762
2240,231.5921615776346
2241,2.584369119425279
2242,228.91048460680437
2243,5.994516188881878
2244,91.42304972163237
2245,236.26096948204548
2246,102.36352147273968
2247,232.8351183907244
2248,5.907965025104021
2249,291.5715249680942
2250,135.74487495193804
2251,4.659771652017311
2252,268.02440024258703
2253,6.2155319471813515
2254,169.01775084984362
2255,-90.68364685533729
2256,31.9008204001336
2257,1.4695595864434718
2258,3.176185012442125
2259,68.17045596615208
2260,6.279756082027676
2261,83.71777914999589
2262,2.581928073888505
2263,102.32072524878548
2264,-11.844956353431684
2265,55.24116580850753
2266,2.394368602583928
2267,2.8143184984982597
2268,5.427656406386152
2269,3.8663469719600263
2270,8.706829668244664
2271,170.4987583595227
2272,46.18366894841658
2273,3.427091284375453
2274,6.084615550866281
2275,6.694643721063071
2276,4.22145253010969
2277,2.6655190867472003
2278,1.5218050613901108
2279,6.05421867798098
2280,2.958641005312567
2281,181.28286251020566
2282,2.543956111296772
2283,4.110822222070476
2284,233.96865826622061
2285,3.3292056508996843
2286,-14.335964783233605
2287,5.654333517756068
2288,2.7619004272098793
2289,5.541500367597889
2290,-14.123444562163186
2291,36.38467483225608
2292,4.458172862165054
2293,1.9554361026172653
2294,8.416205294465005
2295,2.655667392966426
2296,5.1425894703338955
2297,129.31141864055
2298,-36.60315842852613
2299,107.92124114374086
2300,3.528395827906866
2301,5.429762533457169
2302,-95.47148237259196
2303,159.5452797788309
2304,5.822164464018858
2305,69.93565760368908
2306,271.1378029399474
2307,28.46298167371582
2308,50.78827720747348
2309,6.210590750159749
2310,173.62642760747698
2311,-56.382940441935745
2312,94.25182191139636
2313,3.868307360264746
2314,4.932526868551631
2315,242.92187921659763
2316,7.783608870039124
2317,3.8827587433352364
2318,257.4986233077233
2319,6.595910248045887
2320,85.61079768662438
2321,3.494700636817087
2322,241.85311729816462
2323,162.32584212886272
2324,2.0205257203289246
2325,32.13375892720585
2326,3.2389548591251307
2327,113.36511856263914
2328,3.5082005547813364
2329,339.44920062487734
2330,190.57015811482438
2331,0.5666894940707159
2332,258.0654602431163
2333,2.828899475195309
2334,6.53491436827869
2335,5.526193479654803
2336,46.628973410011454
2337,143.82915376355976
2338,185.41238450504417
2339,21.300030211226385
2340,58.45489332190804
2341,150.50836762750606
2342,1.966034535827168
2343,6.270195968097526
2344,278.2275930270926
2345,6.0241188574024624
2346,147.55847093357866
2347,134.48015995387328
2348,1.856846835698784
2349,258.37737225014405
2350,43.89488039761392
2351,4.84645227250057
2352,4.835969165846944
2353,1.6735031480792686
2354,-15.941555830091172
2355,146.7388309401085
2356,3.7559432092779463
2357,116.72180163127416
2358,6.252441227947227
2359,6.7111708695927685
2360,4.654023950185272
2361,5.646862140840323
2362,254.77873853060657
2363,4.433030641762555
2364,235.88380126590096
2365,97.76063670249619
2366,58.70507548756511
2367,49.248092644931035
2368,-77.03956078279234
2369,4.513917327545771
2370,223.61221531614422
2371,37.04539247205054
2372,69.82293744577265
2373,1.9385274378682067
2374,-61.80953384626237
2375,2.1479519947385053
2376,106.77627576786938
2377,114.41937719059555
2378,5.392565114575829
2379,6.536706953734674
2380,33.63907903186774
2381,160.2401686902519
2382,171.33400733568453
2383,53.88480971040879
2384,2.9713693117880484
2385,241.88838308767322
2386,5.8689707143621215
2387,52.50739039394368
2388,267.3401135108781
2389,87.9097743030309
2390,1.986149463521744
2391,108.09040665918907
2392,24.94635786384102
2393,56.01926906883233
2394,140.272423493329
2395,5.891953920349069
2396,2.577858665493679
2397,293.8444848779218
2398,284.890651298868
2399,4.279411851817934
2400,182.95416246268042
2401,56.59518347786168
2402,239.9969157333977
2403,6.5562699232561235
2404,2.0313901533261314
2405,5.000191539778277
2406,2.8662214624301328
2407,87.11039534162805
2408,269.7616538830011
2409,192.57712263851587
2410,4.444599564443973
2411,6.623856880619341
2412,292.7631978297893
2413,-9.663392382855802
2414,3.9166916705776202
2415,71.65190082895035
2416,264.4646624807607
2417,21.076263711217976
2418,3.063512121845969
2419,3.9764220507519585
2420,1.8720657193089918
2421,7.109816717182339
2422,232.61675928478743
2423,2.577576464775919
2424,192.32294692874507
2425,5.744440309223247
2426,2.0629030009894227
2427,159.91525546608537
2428,42.1247345242891
2429,4.12628501469995
2430,6.096318964329577
2431,3.503922001200754
2432,313.80417193842254
2433,248.26082010461678
2434,4.3463082043911285
2435,56.38839541021154
2436,234.46826713249712
2437,-71.18923187079888
2438,5.495260721354627
2439,6.970018746623458
2440,127.61121107554334
2441,6.381747800905696
2442,5.919868145966423
2443,4.941450309291456
2444,-56.01562058067466
2445,6.1905995588027505
2446,5.2231799525066975
2447,232.75206718675082
2448,6.603949454540022
2449,5.8712258133561
2450,31.911338737812628
2451,2.9865944267254547
2452,3.8377797342895326
2453,39.10390743771474
2454,300.3659075063035
2455,137.83755796404222
2456,3.6719578649617715
2457,257.124261252331
2458,5.8444764554401205
2459,2.2284234322769474
2460,5.606698064511174
2461,77.56393105960889
2462,53.478958123209296
2463,6.1675893382948
2464,-65.36348930112676
2465,24.593998693710294
2466,204.31623174415293
2467,158.9997000856372
2468,239.2051807956802
2469,248.5685715781435
2470,5.722567714399663
2471,134.95210943011867
2472,3.1502631076478007
2473,75.66043013520716
2474,170.8777208123867
2475,6.385087570555136
2476,112.83902118881115
2477,144.7418607266793
2478,158.33599683642768
2479,5.499932409420895
2480,41.85430733659244
2481,67.27866593768982
2482,2.2246983528863273
2483,4.889051781039561
2484,124.71375354214679
2485,135.10912713037493
2486,6.73111010666171
2487,4.971630378488205
2488,-13.284431814044817
2489,177.34040944792253
2490,5.711526742981757
2491,124.11722589261012
2492,54.296169215136814
2493,47.095848908810815
2494,5.789838126140693
2495,5.215790680441128
2496,116.40721610998408
2497,72.11315042617744
2498,1.644813431776384
2499,6.732863796658178
2500,1.9158258648115152
2501,102.27581110048732
2502,241.48944685109737
2503,87.55830482557198
2504,343.65898819651994
2505,3.401700455136784
2506,4.6936814070175075
2507,252.19579831741078
2508,207.9197233884699
2509,120.36790877089561
2510,6.602124875708024
2511,184.5046985077456
2512,82.43325642661544
2513,147.63929851637985
2514,235.08891803284766
2515,292.61741785404257
2516,1.9157173300318024
2517,2.317553743650278
2518,275.1086895516749
2519,4.42712375159678
2520,109.62406634724653
2521,130.14607247210262
2522,1.7546431775325666
2523,6.208312030637993
2524,4.726833350892022
2525,281.5170995267526
2526,4.51234713959602
2527,4.018922883714193
2528,232.45674731400706
2529,83.81864526209304
2530,236.7642680619294
2531,266.65798347864387
2532,61.622804046721846
2533,2.057591947521762
2534,6.242560560784123
2535,5.938057250022908
2536,3.755432134987129
2537,6.497051808569395
2538,5.990742918368532
2539,157.45465501523816
2540,2.923280316672619
2541,0.4222692158274235
2542,-11.967070411075905
2543,5.124443374352763
2544,130.49144432536542
2545,2.419075118186107
2546,272.2849170134078
2547,12.091174432771757
2548,24.301106379044164
2549,183.33628818908045
2550,125.39991533273263
2551,-42.47506098690087
2552,2.627740561360392
2553,282.92725893572805
2554,2.400378925070281
2555,37.29626108099879
2556,135.08368867653544
2557,4.124999116227872
2558,-0.8898252812373344
2559,6.323438647513365
2560,195.84648450845535
2561,2.3117724555748262
2562,243.0120041673651
2563,231.9531368019359
2564,277.0402571035413
2565,4.777549860700438
2566,4.745131978130081
2567,252.37088787275374
2568,79.82587493973844
2569,61.4611496725394
2570,3.463039125930684
2571,88.80244623045661
2572,-51.67238762099068
2573,208.91894226505016
2574,3.1540934436464028
2575,4.38559308626428
2576,3.3333924088687326
2577,6.137575705744478
2578,53.97905941086759
2579,5.90872905822734
2580,5.02560178169182
2581,2.997242584786348
2582,-31.832064104303427
2583,1.9717210333427582
2584,6.988770088580094
2585,65.13072601965025
2586,4.643811329751165
2587,208.87636319731715
2588,181.83647709866446
2589,5.070793022588411
2590,54.32830867553709
2591,1.5691197284683207
2592,134.178082952703
2593,52.49505896756681
2594,48.92168281099572
2595,55.23963548270933
2596,48.087647420299774
2597,5.485436178021099
2598,6.446479913787774
2599,-19.025355932334396
2600,4.402052165081009
2601,203.24699302251054
2602,6.053382758576019
2603,354.2367523317269
2604,162.56560690330423
2605,64.55459351969769
2606,3.634341608840601
2607,39.576470108337865
2608,175.32353555036963
2609,23.140723097981976
2610,2.6490281540556877
2611,2.4888171073825065
2612,3.1886258079558605
2613,4.5223209672845
2614,3.0768967491482515
2615,106.77687888419763
2616,142.0671933116347
2617,256.8539454579164
2618,206.5017261118217
2619,4.698196306169308
2620,2.0718472470775766
2621,4.032970644043621
2622,2.561142471012743
2623,1.5664267250273893
2624,6.8082923242898135
2625,120.18786530197424
2626,287.8506055250153
2627,49.41254135386432
2628,139.46102160896126
2629,27.03907194504676
2630,120.40096869205607
2631,19.388677800990653
2632,6.1392304324897795
2633,278.32372957560676
2634,51.565554569499376
2635,156.7412868911356
2636,-47.92210658259613
2637,3.4597286755661223
2638,-67.87207149648088
2639,-62.22890227876584
2640,190.2847014655668
2641,3.5170553944636516
2642,5.525442647133599
2643,168.2356935779222
2644,124.27372517746127
2645,207.89185248790258
2646,2.3016670686539578
2647,3.5147775031378545
2648,4.775921810967551
2649,6.518899560115899
2650,272.67236627866595
2651,216.44447215419834
2652,61.89965479672211
2653,3.8341601700851666
2654,23.260482179591403
2655,220.2385125693333
2656,237.9623527050303
2657,2.920159858931204
2658,4.096013764090642
2659,270.3546372834498
2660,1.8230305171812986
2661,264.29652078810216
2662,87.90920205895083
2663,-3.658498606750629
2664,77.71595145011784
2665,281.31537424896965
2666,211.42289197454812
2667,-15.227041195130303
2668,44.770752263806905
2669,6.777339279584873
2670,116.70114794542525
2671,190.06075220819275
2672,130.8198582007311
2673,204.5103397266018
2674,236.18089341389603
2675,1.7137686574117867
2676,-61.912923453929736
2677,306.17416690011237
2678,5.2663330140862525
2679,5.766883737123025
2680,75.28537026075155
2681,5.0804461302242245
2682,2.8293983508109495
2683,2.5249402606390157
2684,2.7915632712983403
2685,6.430454105075089
2686,10.447033435489834
2687,29.229525026634363
2688,56.29869804260794
2689,46.30531644516259
2690,151.82765491516435
2691,70.59210029430632
2692,55.62012948682994
2693,131.55746636568085
2694,135.26059422358813
2695,6.74689003548541
2696,157.50596368334848
2697,3.9810555533744942
2698,2.705808139725951
2699,4.275890959805785
2700,208.2621945786508
2701,64.79558588027166
2702,71.50177485982887
2703,3.7447374751760747
2704,194.28702917643255
2705,3.1795990959962657
2706,5.566092600666814
2707,200.5066862428717
2708,3.280791133798268
2709,56.37831205268762
2710,6.001888655456886
2711,167.94894008050872
2712,1.8631681533020683
2713,137.51261753199552
2714,-49.62648778459477
2715,4.5898171547175854
2716,2.994344971722451
2717,267.072534046866
2718,4.923005959580083
2719,3.142835969686869
2720,6.758090032311983
2721,6.588898365542235
2722,4.197387378253504
2723,237.20348537732832
2724,6.256409507369862
2725,22.096899051747748
2726,5.572272648088671
2727,318.1498848707294
2728,57.496949996925395
2729,183.85770518808832
2730,203.99503776467063
2731,155.30935023233215
2732,6.577293751057221
2733,207.15662820985182
2734,104.05278788470866
2735,86.56279739688144
2736,85.94647615351089
2737,199.4880190854914
2738,120.36167984672481
2739,100.49865088342143
2740,5.762069775853714
2741,51.66997881411349
2742,1.6495759256171434
2743,4.714185741809171
2744,-32.090326277901404
2745,4.421394517904412
2746,214.29145096088092
2747,173.17643821942622
2748,2.8547960573242595
2749,5.406811927253337
2750,202.82094953031745
2751,256.58146831877434
2752,2.4784864818407217
2753,117.9199235646117
2754,0.4870994409131459
2755,31.155044888714734
2756,272.6900536229348
2757,5.754830575902037
2758,284.5149158442301
2759,78.15838251038709
2760,167.76168013390074
2761,6.448303402059022
2762,3.8341661824310274
2763,106.4017785846687
2764,4.384135340534631
2765,124.73748213577913
2766,2.079490386301958
2767,267.49196196891955
2768,4.260750027736608
2769,3.3813101859364
2770,243.03898401798
2771,127.50472247342347
2772,6.709251545231096
2773,3.0008094504274485
2774,5.070261452824963
2775,6.1207740629603355
2776,3.6794523463018316
2777,260.44274503125285
2778,30.948322306991287
2779,2.0100816387858997
2780,2.863377283984371
2781,236.21783762503065
2782,221.9319654097454
2783,5.713490699838263
2784,18.11788661670329
2785,5.754330093727712
2786,3.381871844798095
2787,70.72424446354464
2788,6.767591438200412
2789,163.72276399324824
2790,208.47724141209986
2791,87.00017176181504
2792,145.72966585371944
2793,192.26561904509174
2794,174.8975041656387
2795,59.77088782679489
2796,244.16295268997882
2797,111.52833556987535
2798,37.016471016303136
2799,33.87760494637955
2800,5.494194398151205
2801,4.346869914749141
2802,3.296219554663227
2803,70.87730299323934
2804,3.7866484061993084
2805,53.950966538322525
2806,6.701270607903917
2807,26.946031046983236
2808,88.5926374972026
2809,6.068914148981142
2810,5.640407478176227
2811,206.73570914217873
2812,5.907202203292155
2813,10.156227653180078
2814,5.9408014130446105
2815,268.1932439116964
2816,51.445153705002895
2817,277.4339017515473
2818,98.80770768099251
2819,47.984035902275565
2820,143.87023336284204
2821,43.503552218963875
2822,5.743490174195176
2823,55.48745326076021
2824,258.7964105534476
2825,112.81876563167549
2826,-61.74309357773956
2827,6.4320758333366665
2828,5.458719136355441
2829,4.455661869260704
2830,6.285568873996849
2831,5.817873848958916
2832,6.00420032557025
2833,146.05260680286025
2834,3.7674744057881817
2835,3.3602924533015917
2836,3.622973443202196
2837,3.374430553678727
2838,5.826342138894463
2839,1.9683426176383654
2840,56.345185486813264
2841,58.79245843576181
2842,286.11676977514924
2843,5.94008024677143
2844,174.64412037901735
2845,287.5140262047952
2846,3.5904641707969946
2847,77.36664678668429
2848,18.708847131569218
2849,-48.06944122024639
2850,6.6144266143792585
2851,6.3371101371477225
2852,-44.69254229286103
2853,61.60177521105818
2854,2.378790288361266
2855,63.060017788460065
2856,5.953294720609906
2857,39.374254171717446
2858,210.26428657615764
2859,1.5520008185485934
2860,145.72184829848513
2861,295.83975445495753
2862,261.15549303754545
2863,2.742657322257589
2864,271.4135129724559
2865,227.24736721898253
2866,2.026337349797237
2867,2.4838813628984986
2868,108.42227810111673
2869,50.79804845132736
2870,179.57768968625538
2871,6.464695278879789
2872,250.38863113422582
2873,5.124737154248103
2874,31.87958899675559
2875,4.365166620613126
2876,-42.10898966667414
2877,291.0084163688018
2878,-67.60905353344731
2879,4.852777819820004
2880,219.31248796821208
2881,5.62518335354667
2882,6.077036070147349
2883,4.050483623463116
2884,6.563238237315295
2885,214.6311690511693
2886,243.7082638393284
2887,5.904466156269432
2888,2.012040192496378
2889,6.44877045819303
2890,2.3448517327809286
2891,-59.299306712395804
2892,143.0073922629851
2893,68.07806518567727
2894,61.064729042199296
2895,4.754450549184606
2896,2.45041234772723
2897,5.500488868929337
2898,112.7617971881355
2899,31.10226834689513
2900,3.1852610601410363
2901,24.134071507486954
2902,242.51528039598128
2903,255.4838473753143
2904,3.8288074230891764
2905,3.6945791503665837
2906,34.32397951901484
2907,3.911229851690273
2908,22.096082320622674
2909,2.063343452550977
2910,113.00992679973817
2911,3.443226454551265
2912,2.2933216186104914
2913,6.320426170696892
2914,60.50951803086304
2915,8.51010964986244
2916,209.76904252907903
2917,144.0485332516762
2918,3.602112743771535
2919,363.6356186479572
2920,202.46337619636023
2921,5.567575411648606
2922,3.800554187541518
2923,220.79319877958562
2924,5.474990669739705
2925,4.9704498381841224
2926,6.0182986791208055
2927,26.154157395644962
2928,6.593267520632428
2929,158.98201245625188
2930,250.7147546518754
2931,2.3980941320869595
2932,5.7807404067132415
2933,11.249040117052866
2934,107.13709060313352
2935,11.209480533982617
2936,-70.43538221825669
2937,6.467329151555546
2938,12.031346215221731
2939,3.0642232672825074
2940,163.67393718404878
2941,94.7040995778441
2942,64.24040505862325
2943,6.213727964031246
2944,6.405404073159929
2945,5.830360971492631
2946,6.341448378658492
2947,-55.31635283320258
2948,2.862747177186056
2949,6.7475746100020855
2950,2.906978633240067
2951,137.01396888857346
2952,135.48836904520974
2953,6.783292487415583
2954,1.9355708991154965
2955,32.31717428514322
2956,6.190906820570212
2957,97.70053166679665
2958,5.711556892690274
2959,173.37036526067783
2960,6.3386535827314585
2961,185.84542008462148
2962,3.5457152844860875
2963,4.192280934148734
2964,229.57230078699172
2965,187.58836502422685
2966,4.5347394389284705
2967,3.851623184839652
2968,155.16002883290346
2969,-83.74452733512811
2970,2.0604284036408664
2971,226.51187990319693
2972,6.691991289559294
2973,194.53244257260963
2974,258.74795892598075
2975,4.573366819310811
2976,48.25913554024292
2977,41.67692244980485
2978,4.594839608170715
2979,4.539461792328777
2980,312.75833811260304
2981,295.77488041141726
2982,152.64671172253884
2983,153.62923319714088
2984,269.1312570252891
2985,117.07499355700554
2986,296.5774563153546
2987,227.88461958773271
2988,116.34840704715971
2989,141.6312005371616
2990,35.11178969257644
2991,6.982611193811025
2992,3.103330950452043
2993,5.493673393637639
2994,33.094759085074074
2995,-1.3278919943701288
2996,4.543498073679684
2997,3.565802435801211
2998,112.0366515850306
2999,152.33610803764145
3000,69.23348557947335
3001,3.060190179904001
3002,298.32155322497556
3003,4.351557066079534
3004,276.4148674207047
3005,91.18921510748395
3006,84.26002768806921
3007,6.336505147630322
3008,2.6732123911374313
3009,34.91243591514079
3010,4.196254261493956
3011,55.91063891596629
3012,5.346898767961622
3013,191.7468174189841
3014,6.636647361106094
3015,3.8338553927586685
3016,5.905720764339986
3017,6.264807277773304
3018,4.508145122811955
3019,241.23605484943363
3020,3.4870686003309967
3021,245.83716610912677
3022,265.29397673792135
3023,2.8503963340900844
3024,117.73648378798943
3025,238.88667828695012
3026,161.50723977167354
3027,6.175625787110467
3028,5.507541134252715
3029,-8.387164667985369
3030,-15.010111673601802
3031,6.192256874607429
3032,6.425911711367282
3033,4.680189451224801
3034,131.75271216810333
3035,134.29652653557827
3036,199.90224030748482
3037,5.865319056384816
3038,2.192789715073518
3039,-32.92487950235188
3040,164.8125331045529
3041,4.753777981189834
3042,-6.129802133701865
3043,5.873099884735347
3044,222.99999020588427
3045,162.8052709267501
3046,4.518985667234256
3047,4.032174240088202
3048,28.974900520795803
3049,5.819290062754035
3050,231.36963258755515
3051,75.79539521532843
3052,6.384314231965363
3053,3.8338817873620856
3054,120.23429048531509
3055,196.3940469473881
3056,62.64481416769485
3057,3.4463522318654554
3058,107.25318969071762
3059,1.8438652505268798
3060,259.2462938722514
3061,5.304955041764201
3062,216.93520088592402
3063,136.08695093074365
3064,238.43505123773838
3065,244.35764680906885
3066,129.84932246604706
3067,78.68563458525001
3068,5.85985196258688
3069,6.016656915773017
3070,3.5332832535361467
3071,6.207649451734342
3072,211.60793843974793
3073,145.47448329318746
3074,6.315449651516959
3075,5.983969623217969
3076,141.76731369847894
3077,26.9565280317561
3078,75.7366658503643
3079,5.542175774084334
3080,3.4043919016286504
3081,-7.737780083491527
3082,99.68187462184285
3083,161.7028826621584
3084,1.1572420648411104
3085,5.366963344214209
3086,210.76311057451736
3087,3.09530755397014
3088,85.73586157041704
3089,3.53036371090787
3090,294.68348236071984
3091,131.47266840321316
3092,117.0618377540397
3093,4.269926484206072
3094,185.94157388800375
3095,255.22696425648004
3096,137.02001209502535
3097,4.821506566539871
3098,6.187652733420242
3099,12.209593330734716
3100,88.36377173917344
3101,3.5995799845306315
3102,2.703454066312609
3103,3.326814534625288
3104,61.93296690468263
3105,9.269300703322845
3106,33.42572926292996
3107,1.5474030341563392
3108,2.5156825842671733
3109,6.494640824817465
3110,244.12928277636914
3111,1.799779166671588
3112,210.41477034900137
3113,5.506697816778593
3114,10.681275446668215
3115,264.48546809700065
3116,105.43096666070937
3117,24.312745858792656
3118,265.26118161943106
3119,4.4205810928846665
3120,54.9953921722861
3121,27.334966578770494
3122,138.13110679798356
3123,3.879682986950607
3124,2.696655497427046
3125,3.888036760822117
3126,225.49267908789162
3127,243.27655676479682
3128,46.581418970297115
3129,369.0098835945506
3130,2.104516613997739
3131,108.94236677792684
3132,197.33050104265925
3133,130.4856400167768
3134,236.87620791835593
3135,1.7108336021520905
3136,320.007457846474
3137,3.1760333280554343
3138,133.69336747901124
3139,5.799599044136381
3140,2.6656543102526213
3141,42.68538019224191
3142,3.115101433758477
3143,114.56663092379821
3144,250.48846780913246
3145,5.302574334764524
3146,288.40738540216853
3147,116.10587010089016
3148,114.60454303066471
3149,6.647459993330784
3150,1.7014367879979386
3151,233.87739932506827
3152,7.229964289302727
3153,225.5677325461317
3154,184.4995364490071
3155,55.74907144967893
3156,52.71577281619054
3157,4.849778337655707
3158,301.45693656957815
3159,101.96988037877341
3160,247.73662936892845
3161,-49.14608127112677
3162,3.4601752586575385
3163,174.49319992993054
3164,3.1497407126270116
3165,-7.916965203131603
3166,59.41473030464613
3167,6.547279951382924
3168,5.410822606825886
3169,3.502551901333831
3170,234.75606591899927
3171,3.0128776788783456
3172,245.5620579833175
3173,268.5214346920725
3174,65.15552313806387
3175,-60.22749751987153
3176,3.9784046299859686
3177,3.356294391337363
3178,182.32005051780018
3179,6.346427676022436
3180,321.64593865069065
3181,205.67875681516838
3182,294.50303268357914
3183,5.765540603728128
3184,90.98926575857645
3185,6.995572859680578
3186,174.72545225660846
3187,269.1619872112275
3188,-60.0713011897305
3189,256.833971841685
3190,3.9539321388905497
3191,202.80850930829646
3192,64.7327744388253
3193,6.007561103119421
3194,4.183590222886581
3195,5.970467451101741
3196,145.10991981098644
3197,5.42227135322629
3198,177.79067063468972
3199,188.16030951416383
3200,2.1358625784281147
3201,289.08386201555663
3202,4.0712932013932415
3203,4.595094766350659
3204,8.123223064617983
3205,6.431910688075718
3206,272.83362743728674
3207,5.916287739700897
3208,192.49256523501927
3209,-43.02677809994439
3210,7.356951895436049
3211,162.98792146846205
3212,229.6601309507084
3213,2.5555090436499457
3214,259.54444735165987
3215,3.5285312289691366
3216,6.0317460533535705
3217,121.83655500694132
3218,261.8740118134515
3219,101.61606960754882
3220,63.556474651041604
3221,109.9512761473968
3222,255.95489142630646
3223,352.3061112583797
3224,-81.85818340070301
3225,131.62554963928542
3226,6.097058766319162
3227,5.867428685968173
3228,18.859343348539532
3229,293.768174290797
3230,232.549008556155
3231,6.606406662325531
3232,4.919072774840502
3233,5.697728545382824
3234,4.337606985319663
3235,126.58796963638835
3236,141.473200183218
3237,23.932829939916267
3238,294.1705106729694
3239,6.639256795400773
3240,65.58329868322548
3241,3.4530019451203033
3242,2.3518464743510674
3243,37.74376431251047
3244,187.7590165731279
3245,5.172773110380908
3246,243.12278546920703
3247,6.313208334478712
3248,65.23594115188006
3249,15.01676280844483
3250,234.9519364661049
3251,227.5928464967116
3252,136.35823345055618
3253,59.3122746865342
3254,143.00936167452113
3255,6.211668988469879
3256,5.992424283686427
3257,-7.897533308136349
3258,2.5355732861956852
3259,35.2890087224467
3260,5.901443649507612
3261,109.090937349777
3262,348.6241126916795
3263,3.0926301956712567
3264,3.8314477541739302
3265,154.38628205893895
3266,3.5761962747869736
3267,6.69845985144644
3268,3.3828630445444148
3269,5.427240154267262
3270,55.143170836570874
3271,243.80322259307312
3272,2.2313670245683634
3273,201.6670990846589
3274,228.01635283281942
3275,118.64967466566652
3276,112.1338266228032
3277,6.292938814385255
3278,5.912108618797523
3279,3.4297165885617
3280,154.02886731620887
3281,292.7789226810012
3282,2.7835239159557115
3283,366.16301257822073
3284,335.988017556184
3285,97.54981944054083
3286,3.170099387637641
3287,37.92967878036871
3288,37.40273390654173
3289,1.8724365978918522
3290,54.97798832771134
3291,226.68452009158472
3292,3.1570237893353026
3293,52.84043080236835
3294,197.98047230156635
3295,165.43900787075404
3296,28.907048505825884
3297,201.93166607133188
3298,2.06495347919477
3299,255.04600443837532
3300,3.681172605774861
3301,206.71867278935918
3302,217.08330217655498
3303,8.370144205556567
3304,236.0764156430792
3305,4.872451130115524
3306,4.471941821483123
3307,166.70304637527792
3308,3.009691250415263
3309,6.26513755274208
3310,-63.31545042261013
3311,2.6312771208674497
3312,3.65456177812454
3313,2.5317606002935302
3314,6.080679603993655
3315,3.8911128935042734
3316,302.52408378558056
3317,300.60639631643437
3318,41.18684247293507
3319,1.9582851310626965
3320,2.1601097690308695
3321,5.119708645735735
3322,155.57018518559678
3323,4.6417468801044395
3324,3.9471356691638513
3325,308.15238057046724
3326,84.53900180695112
3327,-66.61190533680067
3328,6.569969380233353
3329,1.8717821211179395
3330,173.4137286777019
3331,96.33205678884671
3332,3.7639340874488476
3333,251.43878567213034
3334,117.11891240710224
3335,3.423551265195934
3336,4.941672689056002
3337,2.4709008256641423
3338,1.755304727528562
3339,27.266538537935016
3340,30.004598534653393
3341,69.17786299816535
3342,210.53073960129322
3343,123.3231358217066
3344,3.8712252714507165
3345,261.44501327463786
3346,282.7136607334895
3347,177.02469238143925
3348,56.72317143326418
3349,5.584769630734617
3350,3.530008990415417
3351,2.9757524697247955
3352,1.8286900935398218
3353,118.62831501149799
3354,85.34090722981814
3355,3.1344124587317745
3356,312.8910262925873
3357,3.3166192072497402
3358,231.2372656253881
3359,97.8715826080877
3360,159.60745118195763
3361,3.436102094428474
3362,3.2904133730768277
3363,3.4196058575423667
3364,26.08952095197447
3365,108.26356573797705
3366,61.98555642524636
3367,3.576280482539298
3368,138.51582576204288
3369,4.181021284096433
3370,72.00293279733997
3371,-13.430896792411206
3372,208.72991004724213
3373,74.38997283242605
3374,317.64553228132377
3375,2.4623755132814416
3376,2.797447825264161
3377,116.12640892991027
3378,5.591804864509965
3379,61.53763069911984
3380,307.2828100666643
3381,6.6251272430000885
3382,106.09860295959585
3383,6.339366603967061
3384,78.05044737792741
3385,4.5449819249123316
3386,60.97919685195068
3387,2.1293340877904328
3388,178.7152474039095
3389,222.02379118127598
3390,1.8458160459211184
3391,5.81816606669128
3392,5.252058393610965
3393,186.77829171201293
3394,114.59165630266045
3395,5.374035238158127
3396,5.723717906065303
3397,155.94387928789297
3398,2.058934896749841
3399,197.7187724617359
3400,174.26407948006076
3401,5.177870292460424
3402,1.049485856199634
3403,63.30777809814258
3404,112.73774660774038
3405,186.88329794642402
3406,159.21834581787175
3407,4.101115721814099
3408,104.00865650315184
3409,127.86353699098785
3410,5.995663848437466
3411,5.316424215072817
3412,67.19561720669928
3413,2.134702364145615
3414,6.687585346549536
3415,135.29396112496474
3416,104.33187841895042
3417,185.28856954679324
3418,164.0807870487276
3419,50.981902525656466
3420,24.42173889081481
3421,-77.52487069940598
3422,156.2465856270768
3423,2.0669272329739576
3424,3.794930245180285
3425,18.055729509909852
3426,3.3885146216271727
3427,51.092759962117235
3428,2.76652427759154
3429,321.27979266215783
3430,298.30438297215284
3431,122.37833026643524
3432,6.02456750733601
3433,108.1304928427569
3434,1.997572285957873
3435,309.21680059513795
3436,248.51928339776555
3437,3.4420076617579807
3438,41.07139128093993
3439,267.11151207938804
3440,6.485318485193214
3441,4.604173079478233
3442,232.80206474722135
3443,5.174757720113723
3444,191.49207000384462
3445,3.8615158491771018
3446,5.8037870141014745
3447,213.99879344711997
3448,5.360498284614696
3449,5.751622909332713
3450,104.45280048608139
3451,178.0647269715478
3452,2.0042476023695874
3453,2.519063620701245
3454,16.530439468894162
3455,4.410810882009916
3456,5.797563201938174
3457,3.71064452184862
3458,6.175953326576454
3459,155.26450079020785
3460,-53.77860343419272
3461,3.71348917429906
3462,43.05920951123394
3463,228.75661822296564
3464,4.28332555581736
3465,2.799750836253235
3466,5.905779126730623
3467,119.80127588515217
3468,34.315235049280915
3469,323.4498855924452
3470,147.20598656941524
3471,1.4691848160221896
3472,278.45292350766067
3473,6.589850821451159
3474,3.6532533521546204
3475,4.614873085217785
3476,48.64148665054694
3477,3.628128410299556
3478,6.837309311892308
3479,2.8814899262982583
3480,103.09464411068078
3481,138.79977059907142
3482,78.1520038810229
3483,66.07892128005994
3484,184.8204158242033
3485,2.2975834550175045
3486,217.1227740028518
3487,5.890656818966501
3488,4.749753203646116
3489,3.1439158669169416
3490,5.837036770053881
3491,3.3083105071538776
3492,2.4544933999516245
3493,311.1600607178144
3494,141.60390998977377
3495,6.298436215215732
3496,2.2947620502558195
3497,4.291328623719806
3498,6.750464923499965
3499,-8.952792066351265
3500,122.1558781720303
3501,284.5947249332694
3502,6.001741078210341
3503,3.7671657190512233
3504,140.38854299932922
3505,146.4301147359687
3506,89.01042251275227
3507,6.273805783677691
3508,3.1695028180152773
3509,3.134443231429806
3510,270.99132019399224
3511,1.9860148014923102
3512,62.577153316616226
3513,81.8758208357957
3514,3.0642373922107513
3515,16.47109393423972
3516,3.3681278144272486
3517,200.6168995180804
3518,4.288528063184811
3519,234.31642446127722
3520,315.4007835016855
3521,1.868397089536793
3522,106.78314078941236
3523,5.419079486665056
3524,6.510399094068296
3525,5.241680211531373
3526,36.08052296536454
3527,1.6225882915595085
3528,277.98188678479175
3529,207.19932288869123
3530,2.552544845599133
3531,108.48641935402956
3532,266.0199257514199
3533,56.84776771908706
3534,8.08461069436863
3535,81.58895222290909
3536,3.3735846944002454
3537,73.48086137301993
3538,6.979607792280296
3539,26.547332481461087
3540,144.81916671133328
3541,-52.08683477927418
3542,2.8096464435547968
3543,198.56382260665862
3544,35.05577427190693
3545,2.5422301515882335
3546,6.169184698075963
3547,164.18005229930233
3548,4.897696114419894
3549,1.7532035393147838
3550,4.426473752459684
3551,4.952721618169012
3552,5.6289985973007814
3553,6.132265211958353
3554,184.62302755237152
3555,4.11211672900169
3556,2.2842299347033155
3557,111.24100752610714
3558,5.2265833817193075
3559,91.01029022011375
3560,58.25714742757836
3561,6.342602170603094
3562,30.997438563627743
3563,-43.250832716376934
3564,5.899425145349309
3565,4.819608345478892
3566,167.7975862818802
3567,1.9708571507536075
3568,253.85792347651866
3569,180.92835676673243
3570,42.810016941938514
3571,185.21065620135485
3572,1.9311997769727358
3573,6.1072263246631735
3574,5.696538074730193
3575,1.6583533255516003
3576,5.148049528072029
3577,5.860030698683096
3578,64.82343919631697
3579,2.0894879128352226
3580,73.43604153529756
3581,242.07860801052087
3582,50.474311240473476
3583,83.94403816222658
3584,6.551136640744046
3585,22.26355269948423
3586,5.8108898019080115
3587,33.04189606496823
3588,3.5869431347888288
3589,232.44957002056861
3590,2.7987184835833614
3591,3.6599661567292205
3592,200.28089998590457
3593,5.0159161457623345
3594,19.018149734266302
3595,6.6794507252142035
3596,36.74887695263597
3597,296.9727664394375
3598,71.32583686771103
3599,82.60457095283068
3600,2.806188812046224
3601,297.5844993166198
3602,34.364974294672535
3603,5.443755487124173
3604,3.30732522645995
3605,156.31684529479745
3606,2.138976147827828
3607,3.8418712130928316
3608,269.2532172467666
3609,191.80494443686533
3610,34.95471540503412
3611,5.525036055515055
3612,278.3049926215808
3613,6.2845814197695535
3614,4.949872935395423
3615,6.143216364530696
3616,52.332997950365325
3617,5.126084121057804
3618,2.957728775050027
3619,-56.25982446775577
3620,10.943989614856772
3621,58.344401224116076
3622,5.308480950244632
3623,248.67900173166137
3624,-5.655784735765149
3625,96.53159127922103
3626,69.38767711942538
3627,39.897207450645126
3628,6.27399188226707
3629,37.711641526219495
3630,250.85995557817034
3631,297.43801307258957
3632,256.75483832300426
3633,244.53129713271022
3634,124.1104481457434
3635,122.203685104261
3636,4.756878113186582
3637,45.28545178264757
3638,68.39972129400452
3639,5.071255927639724
3640,311.1072478356009
3641,215.18467656204507
3642,162.97881096259223
3643,187.4760888124747
3644,6.4898894408492795
3645,114.97599179338758
3646,2.3139968011697687
3647,6.0453494735999715
3648,241.96141944236007
3649,2.617026767491045
3650,3.176068905773626
3651,189.18495219496322
3652,54.584452849002545
3653,-0.5706944411928387
3654,66.06073409218673
3655,2.11059669597105
3656,143.55910884529754
3657,5.723300761048114
3658,7.628446549205915
3659,4.49607742299018
3660,5.954335165183002
3661,38.12196261459333
3662,2.0457324268194617
3663,5.8033045957393306
3664,114.70361928071004
3665,4.630943166432242
3666,274.19641781056595
3667,236.4724090643417
3668,254.29894940658122
3669,235.57511091591596
3670,7.5276432938605895
3671,6.4666595740984
3672,229.0841163761771
3673,4.998649234452461
3674,306.0284271579121
3675,151.05211217969205
3676,63.78793115269119
3677,32.06339680366904
3678,-10.275292759781166
3679,4.4469555956295235
3680,3.825703442549454
3681,140.33154934020686
3682,70.81911798741545
3683,180.9230462921196
3684,52.3748671800461
3685,148.76371470351856
3686,277.7253370124956
3687,104.67051688524853
3688,279.98840591400995
3689,2.3749224385346115
3690,166.84185013572773
3691,187.61270199632582
3692,297.3272898976658
3693,272.32072682358864
3694,1.6338051573377381
3695,253.09263813299816
3696,210.45671990583094
3697,1.0460135356267277
3698,-45.90723388647249
3699,4.094031707539339
3700,5.459227444694992
3701,376.4829847243096
3702,3.793212327500057
3703,3.7602698120723796
3704,6.153963221792094
3705,1.4732568032519544
3706,84.18493076449917
3707,-1.972100201797642
3708,128.45480956962916
3709,2.9826226484581584
3710,6.273411598182998
3711,339.3575359288516
3712,78.90058050500068
3713,5.607673690903759
3714,321.3516649747106
3715,2.672483733609093
3716,2.0173655958088363
3717,154.15903404988975
3718,66.00153726147954
3719,157.4279641324273
3720,149.87988833877714
3721,3.1592390427801775
3722,3.8393987419701006
3723,3.3476878540018733
3724,1.9010417076271162
3725,66.4811348151212
3726,1.6533887713092645
3727,235.5302158971953
3728,66.20173010302537
3729,-20.032185478801637
3730,154.13622022197066
3731,67.39821525209518
3732,3.521414573100231
3733,-56.95783247006962
3734,3.0770726579832477
3735,2.3274204166601895
3736,-9.066414383680561
3737,5.9391033285090025
3738,183.28140436747822
3739,-45.62268712087179
3740,240.54581735979616
3741,25.80236733327535
3742,261.8754347125764
3743,2.3739821498792897
3744,95.43010386747063
3745,-5.139985529885875
3746,5.00221005127915
3747,4.841144631308527
3748,207.40715749625443
3749,99.6336879987014
3750,1.62312230373809
3751,208.4686507053253
3752,83.41762519021975
3753,5.023809439902959
3754,3.7926542249218884
3755,13.852335060482824
3756,5.657517608803849
3757,42.158411797750276
3758,5.96008508804072
3759,47.905972461787094
3760,1.9147716596097446
3761,6.84774911001396
3762,5.953424584894421
3763,127.03368448620215
3764,171.8256652432377
3765,356.6356732816762
3766,6.28656561040665
3767,292.06377513845194
3768,58.25233747206595
3769,1.671581499922627
3770,180.66504741769145
3771,3.3160825245938574
3772,199.97496612023235
3773,238.45550725905906
3774,2.511471054647902
3775,3.601727321193133
3776,194.19742352354695
3777,6.382723373501145
3778,227.51540374362145
3779,275.54916353096615
3780,5.958919518513621
3781,6.3600283090949805
3782,2.652565534702248
3783,1.884298962256524
3784,5.525825142342425
3785,26.421422934701354
3786,87.89901427382935
3787,5.979367340321582
3788,6.753351037407779
3789,265.08967337688716
3790,6.820446667927073
3791,6.518818455100861
3792,3.695618184884984
3793,9.522719525545453
3794,-5.645105282237668
3795,195.04554588209635
3796,208.4969918908041
3797,4.691671355763029
3798,179.56638315497514
3799,-57.35922815318418
3800,240.99957666075144
3801,137.18913324904207
3802,153.89954525669486
3803,67.69711166902344
3804,54.897172892547275
3805,5.096298181758991
3806,3.0907287900172444
3807,91.19253251922962
3808,3.5559718294824796
3809,-53.70836769568383
3810,2.4801962007314797
3811,4.658827358063148
3812,270.2486334209025
3813,3.476027543931968
3814,280.84160243436673
3815,7.314033752982314
3816,3.6849237852883134
3817,56.90296378371713
3818,6.423530151167875
3819,2.44749677219994
3820,143.4771938621866
3821,7.919922737396573
3822,5.415643065644969
3823,265.42368924468724
3824,4.882898196059026
3825,266.88489448414543
3826,6.056608707091679
3827,295.0367218605342
3828,284.3139687385706
3829,6.473989744544305
3830,216.7298298034288
3831,54.95443394660167
3832,1.8197190077373453
3833,56.1176522160256
3834,72.97684219567573
3835,2.690269947573785
3836,5.305196971322443
3837,6.813361585042723
3838,6.046308886516514
3839,236.99620158207938
3840,5.695461003365996
3841,140.86687435986434
3842,3.635764377293649
3843,237.90120796706827
3844,5.730658840851008
3845,6.371155115083804
3846,6.3028637611396245
3847,71.81582094610556
3848,125.88242408709834
3849,193.0969209258727
3850,14.026860176819719
3851,156.06863211754515
3852,254.31318871604114
3853,5.493057029254473
3854,231.23411166422497
3855,1.9539927564601787
3856,62.069750855570994
3857,3.7337044042996763
3858,3.0424201925917993
3859,259.0307707856825
3860,6.329340212802614
3861,-67.37952869793163
3862,-19.681546516242072
3863,3.321877715746834
3864,3.226832276351455
3865,297.4035297870437
3866,4.423152634242413
3867,202.45114926282096
3868,4.363444536769499
3869,3.052505761027082
3870,120.65544225772649
3871,43.90878749921036
3872,3.594836936274542
3873,47.979861333319135
3874,341.45584019520345
3875,267.08553198054494
3876,105.09698602795865
3877,-80.63731618239586
3878,174.471208589144
3879,265.62033477605536
3880,6.202597420437086
3881,3.7134232221761954
3882,2.352575850773002
3883,188.42053638453726
3884,148.90829651416732
3885,6.4107533228908995
3886,5.404723111564731
3887,6.235261778584398
3888,2.6257593241859043
3889,188.7976541869761
3890,1.3070306622572474
3891,3.395070541006617
3892,138.7549373525813
3893,3.2812529266584876
3894,303.4058993268816
3895,-16.17592569418495
3896,12.586476958219386
3897,233.04222472383623
3898,195.90455780464728
3899,1.7308640134092432
3900,82.64442135729165
3901,144.68953856369762
3902,2.898815400313728
3903,58.72050682146616
3904,60.51042346930258
3905,3.6220829451975076
3906,7.556910190307282
3907,211.98963770867147
3908,145.00728542283977
3909,3.335386247878068
3910,4.163213560495756
3911,245.89726154853201
3912,4.153720119652098
3913,41.54321138303864
3914,281.4821194073113
3915,6.724613203734622
3916,5.738025417720837
3917,3.6220405271550224
3918,-36.75234931539867
3919,5.127704830404173
3920,39.456608088552905
3921,85.52091209540188
3922,7.1345259728342505
3923,3.6329382478723207
3924,351.25204777667204
3925,69.79865955557955
3926,2.1873888317941685
3927,253.56655093099866
3928,3.5246311211517924
3929,5.359414708652007
3930,6.237713004664593
3931,172.59554385095493
3932,4.037267411154381
3933,2.42773070737719
3934,6.357505016335621
3935,216.17057392861767
3936,1.9461796017899173
3937,3.3521942311448902
3938,3.1459452367476874
3939,301.4759668665217
3940,6.354014182966861
3941,6.4014254139464235
3942,5.466932054170664
3943,3.100568111746375
3944,7.494258387626888
3945,332.1393219666134
3946,208.35391444055566
3947,41.759879368205816
3948,133.2089987708458
3949,5.567758516323958
3950,238.49166481594403
3951,1.797706766054303
3952,85.00947876606746
3953,127.68798956192363
3954,2.8823558149627697
3955,6.393466570446064
3956,139.09859435131364
3957,56.3738620295918
3958,116.81534338618592
3959,216.55855696299756
3960,5.817606787581033
3961,6.446847331182202
3962,92.07247922472529
3963,5.807148007013991
3964,181.9083235077431
3965,6.21637527531488
3966,3.3328265048562713
3967,3.789286879655272
3968,177.03261390122486
3969,84.19562870897715
3970,2.6541006884882137
3971,3.669468751339483
3972,2.9996388385056636
3973,3.6021380244201833
3974,36.401803024959676
3975,66.00549617339331
3976,3.5452872794834724
3977,4.100690338152688
3978,3.5281578476668183
3979,138.50797466177815
3980,253.40437171593186
3981,254.04092805873324
3982,5.570888470617378
3983,3.5050437187966703
3984,347.4566006040442
3985,234.46261586475168
3986,145.63770367217836
3987,107.59322457700222
3988,3.408910506322773
3989,-11.060165229805957
3990,75.21592303260283
3991,273.375154469907
3992,5.789813280543055
3993,5.298271346054251
3994,54.09535883257248
3995,123.93321312178206
3996,4.164607817120962
3997,116.70114794542525
3998,2.5543918450565366
3999,278.3122942081918
4000,5.363250877275451
4001,4.11510604157265
4002,60.8136119002322
4003,163.114579498251
4004,2.207081292984059
4005,306.85354538526536
4006,87.64762143182831
4007,6.524298389224465
4008,3.620920055161348
4009,5.683044168261243
4010,199.48721071408104
4011,3.415082864455033
4012,6.327120046265292
4013,246.03871120525199
4014,5.812823986061686
4015,6.32577244994798
4016,81.54474465639454
4017,166.96289669735324
4018,131.72571054603077
4019,1.4854189336950954
4020,1.9866725769208067
4021,123.16291302622223
4022,65.06486992998086
4023,3.918367972919272
4024,116.21316713043726
4025,74.29422461072163
4026,91.20443556905106
4027,259.92022480962066
4028,92.98697483292511
4029,7.276378495109531
4030,2.272886991403257
4031,94.91161506493481
4032,82.70217201223969
4033,3.3353990863626155
4034,245.1934032265292
4035,121.1946391135697
4036,3.8072640626047765
4037,3.692688344455863
4038,6.244472536412284
4039,5.842184854172597
4040,110.50990298091688
4041,318.42908955958933
4042,59.31610972262388
4043,246.99224402372877
4044,4.136710531733483
4045,39.29795045192514
4046,5.852686828058869
4047,4.0381456354670675
4048,260.3924886622127
4049,117.15621501483173
4050,278.40103939925905
4051,35.84851055858585
4052,2.916891745175343
4053,4.078278786773924
4054,5.573724650462757
4055,4.370134858492873
4056,257.9751289079805
4057,6.862920122337487
4058,256.93263864280317
4059,80.51209148020209
4060,250.8293550881803
4061,103.84567612797463
4062,3.8699119064348255
4063,2.1002023774507763
4064,172.21991662415144
4065,1.9404011433256787
4066,102.85627100019559
4067,164.699876917163
4068,181.64343474476996
4069,332.5949022068092
4070,2.7279860351331537
4071,2.5927633296818122
4072,1.9699905231869737
4073,3.142865442264079
4074,4.182332273415514
4075,-28.36839890995336
4076,40.77800202821439
4077,4.6603417453959235
4078,6.268813857607425
4079,7.002754781484054
4080,249.42119973162914
4081,4.041585379821877
4082,121.89578587604439
4083,4.089615544701838
4084,18.728388749954608
4085,43.53453222813159
4086,4.262033213714437
4087,4.337289183364472
4088,4.522243126972216
4089,82.24746504431747
4090,168.4329607452364
4091,4.099811669562477
4092,84.31006834473736
4093,8.637512788955025
4094,5.03252788372472
4095,6.717985933566422
4096,2.431875576487805
4097,2.6178564118721637
4098,3.042024902900412
4099,-42.943180085309095
4100,37.111061523509605
4101,6.4488578482515555
4102,4.435146326918833
4103,65.06451643316295
4104,208.64191005427134
4105,5.627574646177066
4106,119.20273017291498
4107,96.16737426398811
4108,94.15706378134522
4109,220.45730844003452
4110,5.999117300285065
4111,84.3835651028311
4112,85.45418543513033
4113,2.9549107260293606
4114,5.44572413154922
4115,84.87765376202233
4116,147.40598812100765
4117,94.59134211480242
4118,273.9541071144662
4119,266.5906580217075
4120,205.9356890034586
4121,86.60253833480445
4122,-29.747975436143633
4123,2.450070049473321
4124,106.18690550935924
4125,2.3946256562323565
4126,83.13115926360855
4127,6.00644405801767
4128,1.9395371442568354
4129,6.129404131639799
4130,2.0039877629752256
4131,65.0693621521645
4132,6.081695671232127
4133,5.100461872143688
4134,124.58928766630866
4135,-5.300752271869589
4136,200.16140054632004
4137,346.45123989178865
4138,-32.19125829444565
4139,99.06933735297615
4140,66.99679268222874
4141,4.069139537084201
4142,110.76942091063499
4143,290.61244542056977
4144,76.06770740157238
4145,214.46230922379672
4146,69.61753998501932
4147,70.1026694414954
4148,265.3840041552746
4149,51.89986448881684
4150,34.11008572435057
4151,59.82395957906137
4152,124.71483095386478
4153,3.7808988632436122
4154,363.8948058447393
4155,163.1731521045929
4156,3.411133523770312
4157,13.548004942030282
4158,4.089285621256996
4159,3.869409005400402
4160,162.07525061902456
4161,182.57390418670644
4162,6.360548242435991
4163,82.01704911339903
4164,156.79746618493664
4165,-2.0495312718987426
4166,45.33286196188379
4167,102.85015516875708
4168,42.30133546993249
4169,2.437436740392728
4170,2.41916638455177
4171,82.6695412389147
4172,4.537362677235671
4173,3.8315906634237704
4174,89.56132053603086
4175,126.40375324168411
4176,1.9619368238011254
4177,3.432880978016259
4178,17.758024522728444
4179,136.96964325663012
4180,169.24704955159683
4181,67.75072244997072
4182,55.91622843790703
4183,58.05786895523639
4184,168.42640241811057
4185,276.1679440928367
4186,2.7735877590210323
4187,77.3503042149125
4188,4.297524642855449
4189,4.192870734514255
4190,122.14699188420059
4191,2.18679267695462
4192,39.26877084766056
4193,46.51785059169291
4194,5.962401143103596
4195,4.193619517923964
4196,140.74180645051146
4197,5.458708322705329
4198,3.1437421861055954
4199,5.032936681103454
4200,291.87033367275785
4201,246.18425431376485
4202,173.3173497620047
4203,5.709745973831458
4204,99.8017246335535
4205,5.020150993223022
4206,7.71072494542261
4207,126.73596580696889
4208,138.42393804303467
4209,242.92523443351848
4210,-47.17898675419488
4211,2.3751826558074374
4212,5.693017192291664
4213,14.145276698597591
4214,7.493196781796331
4215,3.0335633276844454
4216,1.814361089841285
4217,2.9272506987637272
4218,5.781166109752251
4219,34.56188828905148
4220,64.41592340594815
4221,2.132341730075893
4222,115.56031904078502
4223,2.6406932452326735
4224,6.533198923253218
4225,5.167683188777285
4226,280.9333675445922
4227,2.548729659161613
4228,209.42428140381793
4229,123.96646723366571
4230,3.2690832172750364
4231,2.1337839598581514
4232,59.70829186916732
4233,3.12879011796306
4234,-8.242187921413539
4235,85.4834852639288
4236,246.46583033363112
4237,164.7455006837673
4238,2.9616281114469785
4239,73.37626599461645
4240,6.899997196092926
4241,46.55528141815509
4242,249.00893308167397
4243,-61.402981310900934
4244,339.85980370601203
4245,5.004846761809079
4246,1.9770502793999631
4247,3.815793807980523
4248,4.102729869709608
4249,-19.78585129352416
4250,-1.582610213220899
4251,286.083256161043
4252,6.443445686440096
4253,6.087069026603864
4254,5.353657514580902
4255,-59.946885915677385
4256,-3.5694949088701686
4257,105.22988959193134
4258,2.5087604241863914
4259,1.6020383659972968
4260,72.3553153315177
4261,2.3415383454205596
4262,301.4036960438652
4263,90.51097568233988
4264,2.758820828755451
4265,38.40296978629508
4266,4.180471224106356
4267,5.897520525158025
4268,5.570454978579812
4269,165.32201096009905
4270,213.9864673734256
4271,141.3852724242302
4272,4.761710458190474
4273,8.02760091365712
4274,90.33835958200255
4275,6.325294183801947
4276,303.20963777365836
4277,227.8738352451375
4278,356.2460587136984
4279,319.4536551940179
4280,117.32272482760584
4281,66.27975353043978
4282,15.632990802901293
4283,6.434861378625747
4284,4.54167746139374
4285,115.63282388228244
4286,289.1327436621745
4287,1.7379025167491124
4288,172.87192824560103
4289,215.2560038503604
4290,161.18296254017372
4291,3.0704747530434053
4292,5.166762075481771
4293,-8.31719264866458
4294,-53.30241713900969
4295,0.9178486268410658
4296,5.5190957554509295
4297,6.3972328854657725
4298,5.090701364721938
4299,78.14160106228066
4300,45.274357267131194
4301,3.505057141904968
4302,157.5500279454074
4303,2.2853020933955883
4304,-39.07980951772358
4305,3.834280814629852
4306,298.0799514060239
4307,2.9829756666566487
4308,45.56212339318854
4309,4.61341148987138
4310,2.89689026274955
4311,-5.875392527530783
4312,267.8127762522653
4313,3.405516437946725
4314,3.0420662174664583
4315,227.38880080008198
4316,1.3930072072996404
4317,185.7890705845393
4318,6.074347088340272
4319,42.84614553063953
4320,123.19640820996256
4321,4.588902560698841
4322,300.3097849810899
4323,104.89730407721795
4324,3.4750094987489017
4325,6.820349686170275
4326,4.0060164530012665
4327,108.14469799346581
4328,163.11375990529632
4329,203.52599409083052
4330,19.13427732413794
4331,3.069242618378939
4332,2.4952385392434024
4333,241.67597670494533
4334,3.547304095293651
4335,3.4937438438531996
4336,2.1209051533424246
4337,5.941323847484829
4338,1.5274957595072163
4339,5.09364644589293
4340,-29.1412977002266
4341,69.46047368758533
4342,194.36590502420484
4343,184.13685075481607
4344,149.63965114503725
4345,5.93221828045774
4346,4.630971848879176
4347,221.35155110580808
4348,5.786949550542633
4349,142.82015728406816
4350,-32.8298856815621
4351,98.12874072929085
4352,176.45870178156383
4353,4.8233848994246316
4354,104.3584521915351
4355,152.06996573333709
4356,1.8676042526241927
4357,4.904915988363576
4358,298.59973940327274
4359,221.70725116063957
4360,3.3193661955286546
4361,-8.730465367250744
4362,0.5452177946619631
4363,3.551665971085633
4364,4.734038585615943
4365,1.622543252008024
4366,3.258611638753188
4367,251.97398568040907
4368,-30.21328369654925
4369,88.69066565977394
4370,6.340958691174071
4371,193.79377890799876
4372,70.12146538133258
4373,324.0422376409787
4374,6.63681700332744
4375,229.58587510303352
4376,283.45868776960805
4377,5.379201637350903
4378,5.925142144458514
4379,170.2503894047672
4380,3.099758138742859
4381,2.2271641338910517
4382,6.722567952079541
4383,33.50640102613475
4384,5.256876788709498
4385,196.47580138540087
4386,15.157114626288998
4387,305.84613742004717
4388,87.3135169754234
4389,6.676860460919357
4390,3.78727278896121
4391,3.598584933941668
4392,2.740973563746148
4393,112.76548532915609
4394,105.72671544989396
4395,3.163665661305823
4396,13.14977030900635
4397,2.5781164971570973
4398,6.269624759767014
4399,3.2264375825878924
4400,247.10528823338038
4401,6.955524656400671
4402,235.38956395450776
4403,283.19086806762374
4404,249.27916577489754
4405,341.7948049438092
4406,22.558929396444437
4407,70.13036519088658
4408,6.47946136168354
4409,104.4826132808376
4410,-88.18367929057304
4411,2.8804140468204116
4412,275.9816921679721
4413,225.66715791851573
4414,3.8805939436131
4415,198.24428201359376
4416,52.085438437814084
4417,2.613565669889838
4418,218.59428478293748
4419,247.8088954134562
4420,336.3135516753031
4421,350.8985114400888
4422,19.16709405618692
4423,2.6644526128316004
4424,45.810590581320646
4425,177.38270529725781
4426,5.447761066751096
4427,212.70058503933225
4428,6.240903128793565
4429,4.2900098822085155
4430,5.224627832789462
4431,194.59063386355785
4432,3.9041348280431594
4433,3.7620852143022523
4434,109.46221444032334
4435,5.740050934823826
4436,5.944822037277732
4437,31.800312682606652
4438,104.74725606105734
4439,7.028650103203628
4440,256.7664910516082
4441,2.076083097556575
4442,216.06220564202496
4443,6.077763727339761
4444,271.5365787441322
4445,3.8324702877575487
4446,3.6818745762043954
4447,86.73113196944483
4448,4.895690379902023
4449,-11.12170833597537
4450,106.077650145697
4451,104.97870691112385
4452,292.739112545898
4453,254.38761424957085
4454,4.698030683193637
4455,5.658560016067407
4456,211.72135759008603
4457,4.142444690183012
4458,6.920421421190498
4459,85.6297075843922
4460,0.5701479340395262
4461,98.48518666371434
4462,161.41651728343672
4463,41.1153653339301
4464,4.0325838403534995
4465,104.01796478181926
4466,4.526578286258321
4467,14.089369203775691
4468,1.7718767370452466
4469,2.4908815004593703
4470,4.763140387169781
4471,2.4044135819663564
4472,220.65244463704425
4473,3.5793380738897156
4474,237.5545841416174
4475,4.429271554646466
4476,86.87818365139813
4477,5.911281617973325
4478,4.239656178881485
4479,124.26706993677064
4480,299.1339302344704
4481,3.6223801767154358
4482,216.91617874088388
4483,60.87861238856794
4484,310.54422961500734
4485,233.9264497499599
4486,2.4347645910027595
4487,96.39787683563037
4488,54.63897734758944
4489,-40.66534640807746
4490,101.2922590025272
4491,5.52915112609221
4492,260.4724769650996
4493,305.44502101362764
4494,36.38511251143724
4495,2.7139089768838427
4496,71.34714625578911
4497,6.7433820545668315
4498,207.7302238886486
4499,305.8745808310411
4500,142.80106427822096
4501,6.192625327734878
4502,5.8563382296602
4503,182.88401562728936
4504,25.495093807079723
4505,63.166293099795865
4506,2.640167701229556
4507,-7.845077604329049
4508,152.9378471743612
4509,32.01088505515906
4510,2.16397218703095
4511,238.073708758371
4512,57.01129517709655
4513,109.28498125876123
4514,3.024631524930901
4515,3.030658572084095
4516,3.413446190735628
4517,4.645738287122669
4518,22.72530250172461
4519,98.4411019730761
4520,56.86200348644866
4521,2.7896186161288097
4522,79.92555051025293
4523,6.736788299443697
4524,204.53253315055017
4525,14.775066791175774
4526,2.156502744391773
4527,108.77215555006772
4528,148.20452556264928
4529,122.64616915317282
4530,189.5900954781838
4531,3.997453610743659
4532,4.6150248180890205
4533,4.417968290948667
4534,63.382956720277974
4535,6.140431182962086
4536,2.243529836503668
4537,1.8212838854817919
4538,6.251337169523521
4539,291.65161920268156
4540,159.9076053386397
4541,3.6473462625013453
4542,2.75598429579066
4543,208.60226450636884
4544,32.9461959787515
4545,5.185324205470974
4546,32.72065701949331
4547,5.83486254693114
4548,184.15159941327303
4549,4.4901290578965645
4550,238.5530840096706
4551,30.49263510715665
4552,102.65042989091683
4553,125.6296996568649
4554,4.7332941453065445
4555,187.6237997870421
4556,281.87813561905773
4557,4.941216974786737
4558,4.548490229948097
4559,68.15277237991718
4560,7.234627892770145
4561,5.283492625611709
4562,191.9435790875862
4563,46.428746733664994
4564,232.24062764141485
4565,53.85428935815544
4566,208.223050909007
4567,264.1880101851795
4568,134.90029179904337
4569,4.8724348047913395
4570,204.19128366235307
4571,252.25481861987845
4572,5.225661324577316
4573,3.015896020633666
4574,1.9461437148438125
4575,5.5049827725358105
4576,151.95143361814578
4577,229.4700164677646
4578,77.46278056561731
4579,32.8864012717796
4580,0.7387868913639661
4581,349.74769260407965
4582,51.11775781011364
4583,0.9093982568077106
4584,297.723979394588
4585,39.934340918041705
4586,6.280989492959289
4587,3.4705678573228043
4588,1.5787616418254744
4589,3.7754263283504645
4590,3.4872639927768176
4591,68.907265851493
4592,5.157389505737464
4593,122.23720166658399
4594,-17.35071856080409
4595,2.6932092658308795
4596,64.24316720340786
4597,152.87619043146483
4598,4.154192713224675
4599,-45.31988810350739
4600,84.48209926929205
4601,7.096650710171511
4602,5.564608968915943
4603,5.388269075384047
4604,75.24043874609286
4605,1.6982604946148179
4606,125.5770143341376
4607,46.97979562723413
4608,4.500326042699029
4609,215.03575423471244
4610,92.7437918732605
4611,107.06941098753288
4612,3.6708683414680974
4613,-72.41401447304774
4614,65.83440425954086
4615,-21.150308836223715
4616,4.234814336245505
4617,5.117528887643923
4618,3.6664005021141337
4619,6.038813087826184
4620,6.722352380936428
4621,109.06637226107163
4622,3.933982746370538
4623,6.4435073968933585
4624,1.3999209804727315
4625,86.02994596430794
4626,43.8548742401493
4627,5.264043573034872
4628,5.764178890215635
4629,72.88214262714162
4630,5.634406612890312
4631,14.732364822303456
4632,6.732266292322718
4633,242.2255908744463
4634,5.71988238032282
4635,5.666073763237245
4636,97.73169325740541
4637,7.021257582882466
4638,400.1569888743864
4639,270.572759896277
4640,2.1891898139136856
4641,200.50337676384765
4642,160.06250511433484
4643,56.01624739432959
4644,49.5875641675519
4645,5.800774549591116
4646,41.042271514510475
4647,34.703817501834656
4648,156.5351033490212
4649,117.35092745771803
4650,135.9191496781471
4651,55.01809289034968
4652,4.735156710302873
4653,247.08381882440844
4654,2.055992678205269
4655,5.355568464182617
4656,3.148737626747869
4657,3.168906056420978
4658,6.721427764263137
4659,65.79917020517607
4660,2.2507823822541044
4661,2.608461111831634
4662,4.037259444361003
4663,117.83541905967121
4664,5.90656035987986
4665,165.18311434288563
4666,237.90387373008386
4667,1.8018555135004255
4668,103.96623941453095
4669,259.4479232927996
4670,49.21847146882139
4671,2.057849391946734
4672,0.9314116035360579
4673,79.16838248904732
4674,264.85020916778234
4675,1.764839854517399
4676,146.16328804319906
4677,62.716096472443674
4678,5.60601966775155
4679,98.70701968693467
4680,4.418391612460649
4681,1.7999276251982241
4682,198.90464704526286
4683,152.4593601543949
4684,105.38233399818273
4685,258.3139404397349
4686,3.743502110177405
4687,208.36617160328626
4688,326.0656675454419
4689,113.50872973635282
4690,5.904572756281557
4691,6.760810432764522
4692,4.6001863432765635
4693,77.53275723401511
4694,4.515450154587856
4695,367.80397015325474
4696,4.588964281736746
4697,2.552359511223401
4698,4.605629503117848
4699,3.6706186104906697
4700,100.9246124732871
4701,5.686172204043494
4702,1.9479457483550386
4703,3.566553583055746
4704,4.287549341315538
4705,285.1574155918374
4706,3.3925927833247846
4707,4.907155123723369
4708,3.097068432330229
4709,79.98352453635204
4710,162.64919589550652
4711,6.374677203950702
4712,228.8193556724645
4713,3.736841922560197
4714,5.6830654398792975
4715,82.36439142408315
4716,49.43379739132831
4717,7.1963714028447825
4718,6.20568885009001
4719,191.3724495978036
4720,154.8687236720781
4721,6.2302670050000515
4722,3.946174828414205
4723,6.562707046274169
4724,53.797828689963154
4725,176.44448369876676
4726,3.350207246470227
4727,294.080760896181
4728,235.75900484644623
4729,3.901126873847981
4730,164.09355591992903
4731,126.98218487817331
4732,4.736457912374091
4733,5.635471177070157
4734,6.299009696163138
4735,5.672342875149856
4736,3.0108779120067695
4737,45.08249504683706
4738,-21.659844345428386
4739,162.91210606196285
4740,269.9919102991371
4741,5.096222629827934
4742,86.74944180711162
4743,5.686118449925368
4744,271.26885082650676
4745,54.382270340742345
4746,3.61707331441803
4747,2.987118596722031
4748,3.0953185400212764
4749,5.532784677633119
4750,5.796162900912225
4751,4.10134596280769
4752,101.61909297962717
4753,140.56063981527834
4754,141.05659050063784
4755,4.085274592386262
4756,1.980633320175679
4757,3.8311054318715003
4758,73.73642220952448
4759,97.30654279760417
4760,4.555792036001426
4761,3.14989590213364
4762,164.94060024956278
4763,198.8213528108923
4764,2.634671925119537
4765,302.0235796722465
4766,44.68154627940252
4767,45.48399984728056
4768,31.349738919412687
4769,-30.425257787506233
4770,42.993538340316576
4771,33.83377565340621
4772,4.205753213299245
4773,4.152769465716831
4774,152.3377084773921
4775,2.3405505540837397
4776,2.9184060771990925
4777,149.5290517978848
4778,5.224730375639491
4779,23.569755114733812
4780,2.579457280759183
4781,50.23451746733244
4782,4.776250985593049
4783,4.048479614603785
4784,2.799397022369813
4785,49.12095741060688
4786,75.48640594005198
4787,5.709307497305424
4788,3.7812916907908147
4789,3.4981866099903303
4790,124.45465997533117
4791,186.959968708346
4792,4.543357175139686
4793,172.88274932877547
4794,66.59917124212092
4795,228.6602541473438
4796,3.278578775766242
4797,177.72189720653444
4798,5.883989740852904
4799,4.198533919851786
4800,338.9678795949911
4801,3.537261656330671
4802,4.594433830810904
4803,263.1988179654413
4804,1.6709567335860294
4805,243.31520242493306
4806,4.0246973590252155
4807,2.7761417466427685
4808,52.888219494489476
4809,97.63420567040426
4810,1.6638469304735113
4811,2.0436948588357104
4812,5.325967552143564
4813,279.73789338362315
4814,233.42736895021307
4815,2.7519500529081475
4816,2.485040379747068
4817,5.732930683571443
4818,1.6957994535617635
4819,101.48499524604038
4820,2.4498190269840365
4821,195.8041785376568
4822,121.93766729893328
4823,4.515060189503304
4824,3.170353020142425
4825,243.49333705639015
4826,4.622674122573513
4827,5.922658887710406
4828,215.82306892196831
4829,130.6671640874357
4830,105.55185510239208
4831,175.64223097335255
4832,6.901834575633597
4833,3.7112511404090798
4834,126.75405044652118
4835,3.8041000001057874
4836,6.560837296633368
4837,221.9044669128983
4838,23.40216073645116
4839,282.4668579406362
4840,3.291437776731361
4841,130.46982980665294
4842,26.456795400822333
4843,2.374341260083011
4844,3.8327859679973986
4845,4.618947495992218
4846,7.162256593482585
4847,3.6834406448313533
4848,2.3556185155614786
4849,4.843558175332399
4850,6.76194218892108
4851,5.66784363367989
4852,106.13266442544807
4853,306.4157244447069
4854,2.4763634757678146
4855,3.323944094691846
4856,180.37380079742522
4857,233.4214207537645
4858,268.0910124515574
4859,129.39523374876006
4860,211.05730757793492
4861,-9.048987551868045
4862,118.30581105142117
4863,7.191077161010621
4864,5.833973042205781
4865,1.9421069009332794
4866,1.0448355098417383
4867,3.3459185345326645
4868,63.847840873996645
4869,1.0494406417890925
4870,113.74043682397581
4871,6.430731903599492
4872,2.2728393429100877
4873,293.4071695870284
4874,2.358515130511842
4875,3.3067756058431224
4876,216.98387344785579
4877,6.306150591088574
4878,80.08069715033764
4879,85.98708997607451
4880,5.834569570322772
4881,6.162938338753209
4882,39.60548001382735
4883,1.7965465554386388
4884,133.63033812348624
4885,-63.99180858192203
4886,250.68466043839302
4887,4.6181463823236335
4888,299.80445775608814
4889,71.10397849684631
4890,227.59560301459152
4891,142.17181580563837
4892,1.8081994091828022
4893,5.876636015707323
4894,102.1671877667132
4895,6.599686994536253
4896,5.818730077074977
4897,6.432357548091374
4898,10.382880299644423
4899,209.0996156263764
4900,2.935315824318594
4901,265.13618999463546
4902,4.221241917036086
4903,124.99024473779113
4904,391.21263137636004
4905,96.58124369237015
4906,147.59224130001024
4907,179.4107416209319
4908,4.441086171869669
4909,182.61300254051045
4910,153.08019972851224
4911,69.52965921660865
4912,5.259401840574486
4913,221.813046137225
4914,170.7525048970447
4915,3.6885800567005096
4916,4.808025316264091
4917,6.278713166209549
4918,3.0455341606564925
4919,86.36345599712986
4920,2.0194044417995602
4921,-15.271634540371615
4922,184.87493237398292
4923,225.87650049881614
4924,5.711394583687007
4925,2.4573476286842517
4926,1.7633628966478323
4927,5.7186127024764595
4928,3.1813387651865206
4929,69.72443622635328
4930,96.2772695659146
4931,-38.15007869265856
4932,5.753284041315234
4933,223.85412046871312
4934,-48.52495760161074
4935,45.69856367781667
4936,248.0743392003242
4937,32.204058076390744
4938,84.45117843704229
4939,49.15306531906475
4940,3.6922747614478566
