id,target
1,3.9598558426306356
2,2.47545837739254
3,323.01376658829736
4,-5.943807138912355
5,4.971291789710297
6,6.6473574892784395
7,5.532573269568255
8,77.40239130866327
9,80.53568746692476
10,65.18966177224341
11,37.25594918230492
12,-12.402711882736503
13,250.30206947884162
14,195.62811028564232
15,3.7213352165221116
16,289.38713950346886
17,2.4960015111975506
18,99.42699015957328
19,3.5692281808679547
20,6.502757086622007
21,-63.36485332155016
22,57.09263753048786
23,3.8287567726012015
24,2.81263105734634
25,43.62328323536677
26,83.05840388149277
27,1.1730183299626435
28,163.50909645569806
29,43.82875199836647
30,3.813928786777012
31,5.903859383130253
32,35.52794399812121
33,57.34660357416151
34,3.8219325181386106
35,2.5688921543325383
36,5.868905200262313
37,269.07397253092796
38,240.2251580486098
39,57.36087584901845
40,103.51100145494601
41,-34.0498991006946
42,3.160902255106521
43,5.691702031802246
44,4.760995033712751
45,135.8580641087227
46,63.1574935095871
47,2.793555974266397
48,-84.98874278277319
49,3.8072144577719103
50,1.7714295094836179
51,283.17349873743257
52,3.267137405681451
53,2.729491848653535
54,63.83518398547183
55,2.9702676496779565
56,4.141987964724943
57,5.570249044059983
58,175.80448535473116
59,240.37629416727017
60,6.686635447760253
61,2.2771466269853398
62,245.94337207174897
63,6.6432467817260825
64,3.077133788763796
65,3.02937854375805
66,4.287799007314089
67,4.827781192232535
68,213.41468855479837
69,138.42288214036518
70,1.898796966945875
71,2.4553125791119297
72,2.2824311344983887
73,32.88371422547645
74,264.35852347949566
75,176.48651144766777
76,6.134702805204956
77,5.864650109993065
78,147.7060374715916
79,250.84486758942953
80,3.8525137325326257
81,39.265244620776954
82,4.277919847559553
83,183.03593846893455
84,46.20257139190294
85,25.868604004276442
86,2.4349629954613925
87,67.68239917483614
88,175.2132839869165
89,6.087013805900202
90,5.2791680170574224
91,54.7402178327953
92,76.9493039502699
93,22.33172733383645
94,4.88353949725894
95,3.855873798252896
96,2.90703149952749
97,7.347175996934982
98,206.31298027029624
99,86.29147538358285
100,271.6965297210173
101,5.298492278625637
102,262.6347798131279
103,3.5247750861271525
104,6.736748699480551
105,123.882853739403
106,52.13993179808675
107,262.9658612231435
108,2.3037829538921986
109,192.9587434764431
110,3.1464848965716947
111,58.97714936538503
112,2.2056720498177818
113,220.73253409572823
114,6.154353939751653
115,5.320333254991257
116,380.86868542430676
117,230.58833474851303
118,159.83261993558432
119,256.72099205597885
120,291.40121919459017
121,143.6888313276027
122,3.490952739888196
123,113.97280433681607
124,259.4763648963075
125,156.1476808507445
126,6.2566299423191305
127,156.61614026428197
128,3.2050071285479307
129,236.10163216890632
130,90.29622989525384
131,75.06828297754873
132,-22.437657683961117
133,-30.00802386695239
134,292.91028473593354
135,6.261916798252572
136,2.2568925456211355
137,127.74289409109052
138,5.877015524008923
139,202.11043480094253
140,287.3928809803298
141,76.65995479510264
142,20.851165628041933
143,66.55898311918327
144,22.942429014208653
145,6.4270561104670305
146,135.95191233033182
147,219.21035845458522
148,2.0887132346189308
149,202.95353670181194
150,81.46839679441375
151,274.1865407364319
152,260.56599729450085
153,168.64499680327006
154,7.4652192926075855
155,4.231987573540089
156,223.23821779353304
157,141.3979317274482
158,129.5891939565511
159,116.85730865739521
160,6.456136050080641
161,66.9563868070521
162,4.464526692862272
163,248.4622919819315
164,3.0586444745987285
165,73.71785025872545
166,209.50858962135814
167,324.1269482974277
168,6.758452988901171
169,1.8449368826303552
170,258.9454462880386
171,3.1567717578622077
172,4.386084197659511
173,-21.88257944184348
174,3.9496649779016515
175,5.6152945545556845
176,134.97351451296822
177,80.86664911307096
178,307.5105282054797
179,152.12455349529756
180,216.7900720422085
181,6.698238788695086
182,2.418951518874745
183,318.39128388310843
184,6.7077606745891485
185,1.6209297739482131
186,3.9895117762855987
187,2.9848754221977205
188,4.150154723166234
189,96.32363674142205
190,4.618460292601931
191,2.1867778280673544
192,37.232047565430356
193,3.2897586926849516
194,353.71552763632917
195,89.03369745342485
196,268.84136570185655
197,155.9132307663762
198,230.19328984884493
199,75.06826409000772
200,2.1084368051742253
201,3.2684308641249205
202,88.65252527630692
203,70.46093663880512
204,4.009701056141965
205,260.0704548318065
206,83.33978206626897
207,209.24047675237856
208,172.04404464039754
209,63.118047944629694
210,174.68158548673415
211,30.06727996144455
212,106.87378781939658
213,233.3471514843214
214,70.82305179703084
215,12.417188824534346
216,139.2697244898206
217,77.2231355757024
218,201.21976283043668
219,205.1221905588773
220,5.677472057803438
221,190.0877998280903
222,167.14826555758563
223,2.8931039745870506
224,167.76873667443482
225,247.43528288344055
226,207.87152106442423
227,50.71389844623714
228,255.6607432811032
229,238.01182722115348
230,0.9895953963872269
231,222.75481449784544
232,46.032233286472106
233,56.29050139586569
234,244.4137157013103
235,112.43531152477551
236,2.202716476600712
237,6.02385850873092
238,31.383983358082542
239,6.224576441122417
240,185.74340978850302
241,305.563268424534
242,230.30741057387004
243,3.636722288194574
244,3.528198222592051
245,47.164443726696454
246,116.32269164366825
247,109.30558373883161
248,5.776987034351835
249,5.989757133092176
250,53.445829350056464
251,63.92246453120257
252,212.27642241808132
253,8.054814126937295
254,143.95833220126494
255,-45.74135268390849
256,5.888533866659812
257,2.0607276850805443
258,65.26397406321789
259,280.40205471092344
260,2.2235048602592458
261,5.852446696382409
262,6.29944547897634
263,-23.518195626940567
264,3.7339353813624268
265,3.7031797902890857
266,2.1417599189908696
267,3.0313157647109263
268,1.4771900422433326
269,203.6088210648262
270,3.271990984961218
271,162.41027585604493
272,134.72213593772673
273,4.76719849344855
274,5.24486792953136
275,329.36321766263285
276,190.8758202605528
277,230.80813735979098
278,-44.97465571488957
279,3.9824480593549976
280,182.80444479605853
281,5.274096421989664
282,154.47043457977688
283,222.98976733087957
284,125.48415030565113
285,252.41270412572598
286,127.46650332308486
287,222.86807496258214
288,6.265166453273377
289,124.64327800371359
290,4.779440519843415
291,103.6759412090673
292,3.771961620930225
293,92.54031695602296
294,98.23775108329836
295,4.4730949264271445
296,122.26538914610431
297,35.894946965242745
298,-31.95986897036694
299,216.25907534785372
300,5.917146894093586
301,4.116090358862899
302,5.079929535523595
303,4.3609544751115825
304,4.088141218594934
305,4.786821996985269
306,213.79215833571078
307,3.1756813688895753
308,3.208142710124801
309,137.1910255452862
310,2.276965883417929
311,2.3490675333942588
312,3.478696809624685
313,132.9633972994602
314,4.085043380690503
315,1.421560337282617
316,3.688677035394521
317,3.814875764602507
318,3.779960800145531
319,70.61118620701603
320,1.813261878263466
321,6.315938095160657
322,2.6768732159619275
323,1.889024248877136
324,2.6929530587973023
325,3.6586069949835345
326,4.849845007337985
327,51.395481552626514
328,4.8149123336600095
329,91.79053136736755
330,60.194938129440125
331,-6.049186357959206
332,5.749408692372452
333,3.2456914649410638
334,6.705103621757699
335,133.93085910175702
336,3.8303061306341424
337,2.3810938779497586
338,145.1979813127713
339,51.7144815306808
340,291.514069617687
341,106.41255668592223
342,60.537836903422196
343,3.553207399196641
344,2.9283282761384277
345,130.17225629434796
346,2.8216626531269253
347,5.21853265237711
348,7.251670493955245
349,-52.39489366452025
350,136.36635742324626
351,238.9429052061212
352,36.07809662963298
353,1.3251121555736898
354,5.921506333703835
355,276.4642149752479
356,229.38543623480334
357,3.1003725808530573
358,-5.012784088621165
359,4.433864425142496
360,160.25965142507218
361,4.269782747972175
362,6.131556450176957
363,12.244078693802653
364,4.622219586566598
365,5.262788417024564
366,69.30022543454622
367,4.332425747509069
368,255.05088788723253
369,5.185137621530227
370,-17.042375155880983
371,264.8202365557865
372,63.0195304181246
373,165.09188561093896
374,7.483891842346024
375,128.27517977840841
376,2.9702747326636243
377,2.8437989711291176
378,3.8619709760307286
379,3.6986424983966275
380,0.8670043779165306
381,5.995026424234245
382,5.702181277790296
383,137.52061348705251
384,1.7489514797834633
385,4.010981707484812
386,261.9131831575682
387,3.247051872746948
388,3.834889710389118
389,30.705274966408304
390,5.374357838522929
391,186.42674482310545
392,6.4723917233940025
393,3.8618540702505735
394,317.0971442769864
395,180.42203955557295
396,3.1893040378833333
397,1.7731458087873933
398,5.538256270682613
399,206.8971668747168
400,264.94870868271533
401,1.6605250823675992
402,6.3422428822060395
403,5.924034913794703
404,5.887035148743576
405,17.722119753486307
406,7.122630292209443
407,-87.44161520294786
408,3.934933689820113
409,2.9266778227705355
410,3.5157322167586766
411,2.691256685889653
412,7.599624482794955
413,328.2805521530357
414,5.844438694999493
415,52.92229101989699
416,3.4407208498756368
417,6.6914381491309936
418,5.65255364149879
419,5.663926253885645
420,4.533716332779307
421,157.2947577399352
422,182.5416999110439
423,181.04541523280224
424,141.11695179945082
425,5.9255590667577716
426,247.78484913656587
427,3.2742986534063387
428,179.596519643865
429,2.8370543128068646
430,4.216947735522831
431,247.60443917830787
432,144.95964777898098
433,24.339629472599317
434,5.892632828046435
435,44.27678428776304
436,242.98403966661527
437,219.81813122692782
438,173.58080112974855
439,5.889278281087687
440,256.9621352352813
441,206.2643284795922
442,131.67503509786127
443,330.3052629422337
444,5.583968883181356
445,6.415494799095607
446,73.18662899010565
447,1.4316906034642025
448,6.237227622170626
449,297.24425380969586
450,264.8036310803203
451,169.57293132298503
452,239.4824143720937
453,1.9007357023075127
454,4.1567421070514365
455,137.87920541658636
456,3.1610080218260688
457,4.900681925122093
458,259.95548515716774
459,73.48794696434254
460,39.37394378101883
461,103.07736151097819
462,6.204334067218828
463,180.97254202883425
464,5.293363536101409
465,121.1397537579449
466,66.9934317535894
467,2.0657653001057485
468,5.141169374958487
469,39.40394416624238
470,53.37960797509154
471,1.7928236132504909
472,1.8781914484149251
473,57.76847265921878
474,5.919229097975022
475,101.32468874662678
476,6.359161560154585
477,2.2529989127454533
478,4.460996685208253
479,220.5258239073655
480,4.337533257878502
481,6.2764743893085475
482,212.9979915259956
483,1.7245015424119448
484,209.86291853593931
485,111.48939262642696
486,4.596927185023574
487,2.397874155112999
488,221.4953231214825
489,2.433440844147377
490,4.933752232022794
491,6.713069643887032
492,3.3458348220382903
493,3.9660010045519614
494,235.2422393274388
495,5.944324185082764
496,119.51734312239931
497,6.252030581297643
498,6.215505446708411
499,5.464309686720731
500,8.951724520919457
501,3.1147088594310746
502,319.8066121645072
503,105.42491897727542
504,6.437888060585311
505,2.0648130510308205
506,6.44046873928186
507,324.27052334914396
508,55.443244790273425
509,262.1379170309188
510,3.7015314013308727
511,115.02876203944841
512,209.0698323114551
513,209.31397723766432
514,349.3282027224264
515,301.12979420290264
516,220.44294089435277
517,262.38066095717585
518,6.8426824470818115
519,49.66334918874434
520,302.39771157308036
521,1.5963237584842132
522,3.954932278938274
523,211.9863271134734
524,3.789375618057483
525,165.0300215441415
526,5.570232282385542
527,4.779146885266855
528,3.771768926057651
529,6.383605731339415
530,253.72330114981855
531,117.98505212652779
532,3.474396561713982
533,125.87799014124457
534,4.274309393996287
535,7.0535008568120094
536,5.908934915059683
537,1.4886005229238946
538,4.910356359131257
539,275.8689597972393
540,241.28733134937963
541,247.85011952385756
542,76.1593877838366
543,76.0966942731429
544,5.330543870139409
545,3.9109569634026347
546,3.5002669309729635
547,2.089062049041601
548,337.7600165057038
549,5.579786428579262
550,261.5944363254324
551,5.82760764549702
552,107.37865691568396
553,4.122469721204294
554,75.55190113908363
555,118.2891887630756
556,242.9191536072946
557,202.89633455684063
558,5.707847915717767
559,5.126168611705031
560,154.28318363126078
561,76.81338753936343
562,145.17277188892993
563,3.27145802332287
564,52.47430932489117
565,162.53545693342673
566,2.8113834588376783
567,58.174490153888016
568,108.64652613193279
569,272.0605192634517
570,3.4304754396634145
571,208.230274749082
572,3.2005536362449156
573,94.42962798804368
574,94.42859800990574
575,7.801235501416562
576,1.8954047958165001
577,2.6868424124526262
578,172.05079564703544
579,20.914574807492137
580,272.9893359839086
581,54.2410813038923
582,72.34522370819613
583,5.701619180114628
584,3.1866451587293203
585,145.9496671375605
586,5.489928634303781
587,217.97730093227725
588,3.1515223006495288
589,179.50933844549272
590,254.95344543071025
591,155.8715452023903
592,7.038582810385792
593,253.27387827334164
594,290.25152836424854
595,19.15416539743616
596,5.339802630185149
597,140.02022614001862
598,3.3602558528862496
599,78.8899831497462
600,193.6357602059307
601,162.62310236663632
602,19.15416539743616
603,2.104030675744091
604,223.82768512456244
605,2.576146313010862
606,2.313609628497437
607,6.588764605887361
608,46.36464345240063
609,278.7893409322903
610,28.689768197692118
611,71.57666348224181
612,6.597498300278523
613,-2.9231565725441584
614,51.061389736473366
615,1.8953355551554678
616,161.08530244642964
617,-59.691016835677516
618,223.4734415568894
619,4.552959875111067
620,5.210252094388925
621,183.6958709310387
622,113.59341332828488
623,151.53292580792467
624,223.5443785689064
625,2.489725993948488
626,1.7858160593115566
627,73.20393610998039
628,4.265643045291431
629,227.66567052579012
630,4.567167320011668
631,2.1365894734747717
632,157.25439831046057
633,130.5340184062805
634,221.73280610575364
635,2.530203017574684
636,121.01368725797752
637,101.85562333240556
638,6.845105743291038
639,23.816682014027613
640,114.02997259432826
641,6.749809250375378
642,3.0829570513522815
643,290.19018282758344
644,3.396857455915581
645,108.92649515213287
646,60.960128322415414
647,178.8998326171899
648,236.00158400350244
649,362.55837058894195
650,304.606071726908
651,110.31617355511948
652,39.19676263685104
653,3.1422026619619157
654,165.92026605477471
655,2.0070973767072373
656,211.80029133267158
657,156.167769754802
658,307.6187021936719
659,1.8720067429380738
660,130.59696777343362
661,3.958869209618192
662,127.10488095541567
663,3.515772501875172
664,-25.549086554734032
665,86.50826831337969
666,144.587756579586
667,241.5176772511638
668,329.51262506389617
669,89.99639599284319
670,221.8316108355272
671,111.03975072086483
672,79.93154312312939
673,4.38452813885457
674,5.646559884189691
675,5.722574350760767
676,5.512622560440035
677,31.352652912062076
678,196.72829411397967
679,4.790170692739395
680,3.200856817221418
681,1.9282142113250114
682,126.65146504936367
683,5.969534809642541
684,172.74174607480893
685,209.4789351863587
686,6.047037474677651
687,350.66562923037736
688,93.09166508017316
689,105.3446152891558
690,298.63071699894715
691,3.497755369189575
692,88.90688729503181
693,5.108132990845251
694,6.897585341503347
695,5.693455471919986
696,307.2708427182013
697,1.0882741139802252
698,230.571438184672
699,1.7660907655554707
700,232.7870532311859
701,3.9131967915241606
702,4.426763609260186
703,55.22479447685239
704,74.16195305900435
705,167.82440304739737
706,215.1978756725956
707,149.3678601741693
708,67.97014957899623
709,78.3607782964534
710,201.15193268987315
711,209.20762214439824
712,6.399899636922574
713,19.760209993634483
714,6.729035068645227
715,250.980023466638
716,2.921979652969174
717,88.58629183486401
718,358.4898088897689
719,203.93372334822365
720,4.001374293133334
721,146.69838260943786
722,2.0211708817551957
723,6.662435283181374
724,1.5807645674091053
725,2.5022505116401175
726,122.58052171426883
727,239.34708650134644
728,66.70123475203334
729,73.84040777745889
730,112.8716428560902
731,278.7640389069451
732,4.341402653273476
733,6.431631700594801
734,24.958460425107905
735,229.70906681289785
736,37.69242412055656
737,52.13748897216432
738,108.12609168494022
739,271.8319985297134
740,132.0538764132614
741,6.7953678630446435
742,274.46679048389916
743,144.0588624942029
744,1.705860695772685
745,282.663150842693
746,161.44266535853689
747,3.9035548452603503
748,68.97104313638974
749,66.30701382901316
750,206.20621014576687
751,37.209513503169106
752,255.2027882758586
753,2.0726295690529666
754,234.85689410838302
755,6.300867426232899
756,5.920588791882148
757,236.42483257532825
758,1.6157990410059988
759,55.67821483531547
760,16.68096297291489
761,201.81235663969525
762,5.482873371159412
763,2.1130772189461933
764,70.5053322973837
765,4.380411674366385
766,45.5533298206166
767,1.1769668487112535
768,5.11099280209073
769,5.935492174613597
770,1.9363028561216133
771,252.53252586111586
772,65.49673680023172
773,118.1410884357051
774,-33.745936577933776
775,38.802703623153995
776,4.229632710224046
777,207.20762436735427
778,6.486431401045963
779,139.38107131321573
780,59.24719909015793
781,295.74709325643414
782,3.3007611482255834
783,53.152681642619555
784,3.0976011908968752
785,70.78757670627495
786,125.60752679384926
787,5.611551176131853
788,1.9181819010112628
789,170.61068369465525
790,66.26431550722202
791,-1.8574548148103138
792,113.65995750861633
793,-44.5320321581473
794,340.8898484766675
795,-59.133569717650055
796,119.34453601082019
797,3.8446168789984267
798,64.95662756509253
799,3.333579057096383
800,5.778040502621128
801,198.29886960863328
802,82.28759763185109
803,166.12826580222162
804,6.2078688939972615
805,1.8616741520375644
806,154.1433209559679
807,2.6663672507501266
808,72.83675015747805
809,1.6023588232292847
810,51.38716735875632
811,204.09661402133065
812,76.95935300492685
813,267.7992388759209
814,5.879760392563171
815,4.637952064139256
816,7.288263576956531
817,2.8415584516292682
818,1.8766705814120326
819,5.4011691230820515
820,82.11301601970538
821,5.621731645545084
822,2.09020425817778
823,39.03171403640845
824,84.61286303262686
825,7.327522899139945
826,68.73094367246055
827,4.438542394456687
828,5.833228443610482
829,46.24180325170522
830,178.3705599680849
831,103.53295458135223
832,6.095584108059959
833,261.3153216997113
834,194.3825910463448
835,150.1766777002916
836,2.3181121672195206
837,71.52375925782262
838,160.2321112209121
839,5.961570093939665
840,170.91032364361246
841,139.75669384137223
842,68.52510814197801
843,2.3271399336675964
844,3.062320029760587
845,5.366922638700118
846,6.017872074969446
847,5.544408297197799
848,166.01181265692495
849,6.2256064715582005
850,82.72193574011165
851,86.15695216843346
852,16.284063487171544
853,82.86790203558567
854,-6.049186357959206
855,6.8421575896398465
856,231.1278219263706
857,96.97864759492076
858,67.77987515123529
859,225.5140861858958
860,2.099668778596847
861,3.6882825731792432
862,2.679287667740508
863,101.19181651828583
864,247.54234626326271
865,276.81915427164734
866,236.70999234487465
867,5.30615582509567
868,112.24193232236246
869,124.06079047868526
870,144.4630135336238
871,178.52960160119954
872,135.90903090309268
873,2.6405269813747196
874,59.5260633666692
875,6.089229193023761
876,99.18553221140932
877,40.34402960216266
878,98.55100211629765
879,5.161923603576186
880,6.688687516159036
881,156.86917023458048
882,5.920415630651646
883,255.05041090216224
884,5.914541772325549
885,158.17442753593477
886,57.91568560312619
887,2.2142348570012933
888,2.1904509206698064
889,216.4360802924975
890,4.069629766012213
891,3.0437761854615943
892,81.3814910684583
893,5.11642110603632
894,-6.158984309752649
895,3.8360595571624567
896,216.72425590337167
897,2.4797194834136707
898,224.8649087639883
899,-47.87262451416396
900,246.4112866844885
901,4.021808856861758
902,183.54014439933013
903,5.352951798985452
904,127.69063333616539
905,1.8941260852956479
906,1.0273522155899062
907,191.17681093103985
908,41.34913251048622
909,83.83239616175054
910,2.352493009266358
911,6.658911263192879
912,266.0753209223499
913,178.5083736152546
914,302.1888172912569
915,74.2992805427956
916,128.39330892225578
917,-17.752916712780117
918,2.5643568421426512
919,3.02764413480677
920,365.5638575836683
921,117.11281137288921
922,216.74443664939193
923,2.531260658434994
924,80.41549665974694
925,182.96478365399162
926,53.9652797504638
927,45.50771430859921
928,5.249677813572678
929,81.6189026406765
930,47.83789404370959
931,231.05960014699085
932,190.95953629825485
933,5.28623834478779
934,2.0968178563916546
935,175.6926508196081
936,75.5570857648158
937,3.3428049471151344
938,4.430753759451403
939,124.03720602605785
940,1.7167438322482356
941,5.846849411191877
942,4.867765893471868
943,107.61387917904223
944,3.403821041156671
945,2.029914177584538
946,60.26665581377994
947,55.1565803198461
948,66.53842529860945
949,241.7596641376216
950,342.20826668070004
951,10.664571243046831
952,-19.82914087255906
953,5.299671401037236
954,264.5598016799415
955,187.31469907848012
956,155.42377226015736
957,2.2722457558099602
958,3.2214534546043416
959,198.6309253418318
960,61.82963123226782
961,189.87630580969483
962,2.984505776607133
963,6.471102442160043
964,4.919861703787791
965,6.874985832850439
966,4.313192449819671
967,52.58404364445331
968,172.54730726731813
969,154.2038931813393
970,6.4467595031902585
971,347.53016317056444
972,5.401106040245976
973,97.68354960558058
974,5.436976740151819
975,3.252176840426346
976,5.376902278340063
977,193.44487574597977
978,305.08999071154847
979,2.1819052253993814
980,1.7653415038568303
981,-7.890537080432647
982,66.11480394490661
983,295.2737725268457
984,309.81396097975306
985,250.4652906493296
986,96.44583486172367
987,3.2972129301565554
988,236.29744915290232
989,312.55579702112755
990,99.88211319771972
991,3.915375605253561
992,269.59074279265195
993,201.35596014883447
994,3.0565795862819614
995,-11.328926952478547
996,61.28314185046044
997,2.001566182257108
998,45.49948148184388
999,80.0417477638337
1000,-17.34580692213494
1001,278.6434290395914
1002,173.44410077657562
1003,5.356966707629629
1004,1.2050227925220598
1005,1.9528081949851919
1006,3.876246233510654
1007,143.0224885840034
1008,1.950357411504183
1009,6.25772717297542
1010,36.63973331215351
1011,264.06430591132744
1012,41.668752704096114
1013,192.311663751315
1014,92.42609852759817
1015,224.1733109167523
1016,6.481713766725309
1017,5.2884156196658445
1018,3.160161662676496
1019,6.290452934701467
1020,3.9786229025708963
1021,130.48005312118065
1022,74.75321039638877
1023,163.84958556995005
1024,180.19832063490395
1025,5.205134900882691
1026,3.067403756058004
1027,4.766019830758005
1028,81.06093477714602
1029,3.7729701201353834
1030,37.14235030274638
1031,287.9350234459621
1032,2.927795504108246
1033,2.6820258666388255
1034,214.80286609046746
1035,1.550839774424397
1036,232.61961608064726
1037,6.685412754964592
1038,57.48919316070004
1039,3.6348313067777287
1040,-29.995504727753417
1041,3.02877567581658
1042,4.323173480786451
1043,3.6056896453980816
1044,329.07934764965734
1045,108.70531368879874
1046,40.53403738647949
1047,242.2808563834696
1048,1.7860536899687036
1049,2.889056729186297
1050,6.439149293877645
1051,72.0485832472905
1052,169.9568222098314
1053,244.84120584922042
1054,6.2635469492564475
1055,43.26030364845935
1056,39.02489243572868
1057,4.461709120004254
1058,2.6164351613034795
1059,3.060815192480962
1060,125.35530707309125
1061,3.3444738230213864
1062,5.754518535222672
1063,309.74161034421945
1064,209.78565514002705
1065,72.76841255205295
1066,257.17745527400444
1067,272.52326717667125
1068,5.51597532408853
1069,4.328378834291807
1070,316.6966319442885
1071,117.01927816828474
1072,5.0881456135420855
1073,3.625360752940117
1074,6.166925524265959
1075,4.792391957958009
1076,271.34501920501174
1077,6.125641450915521
1078,126.1918400463815
1079,2.5771823003586802
1080,2.3413589753493658
1081,5.931682760052773
1082,3.773175475136115
1083,3.790791780700407
1084,6.126250249626177
1085,123.79996690698596
1086,199.93554819115235
1087,64.54205038606655
1088,283.4142384250172
1089,8.590777927801089
1090,133.11061920900687
1091,280.61717887880246
1092,5.733669436681306
1093,3.469140581427558
1094,6.6811030370935125
1095,3.0530302879966755
1096,3.1232688587308814
1097,5.3779890277382165
1098,69.84856014087492
1099,112.08717205302013
1100,5.441219635088496
1101,4.441043499659725
1102,6.059540498371962
1103,265.59829620888684
1104,4.641549067022735
1105,126.48085920696795
1106,4.651501579904603
1107,6.122137403372682
1108,10.649638707381525
1109,113.95555009857662
1110,93.12470200657968
1111,2.8406392730483776
1112,215.18328349954692
1113,2.7469651394964543
1114,165.34866505724344
1115,-41.00402321284329
1116,5.5484543724148025
1117,282.64823551533254
1118,267.05651880078204
1119,4.518247394318162
1120,61.03380530833738
1121,24.026779216443902
1122,233.398337006126
1123,3.599175837188292
1124,165.17278354725315
1125,2.7471326476676743
1126,82.63546461884684
1127,6.382713410381005
1128,-11.80972461643813
1129,192.70100695148142
1130,5.6378898227319825
1131,56.417966649755826
1132,4.014080987238007
1133,-20.868184366526652
1134,182.8643741741113
1135,205.92457431270117
1136,-42.77285231321516
1137,4.045933243196261
1138,74.94268317179716
1139,79.34296408514913
1140,118.61983446376246
1141,206.27798793550366
1142,136.19064499012327
1143,33.8432231538937
1144,-23.2583359678027
1145,113.92853555237508
1146,36.384589026209504
1147,4.832829369036887
1148,111.33369684466142
1149,48.32966264002208
1150,4.088687406774809
1151,1.1751341187257571
1152,4.151420422728873
1153,3.859618323923391
1154,48.40926592014887
1155,186.1010292188548
1156,6.652773147063687
1157,92.6407650233236
1158,189.7716002926627
1159,96.87428046428018
1160,115.71129152802274
1161,1.6997192920754705
1162,5.601644888565072
1163,5.347037319928688
1164,4.670686745106145
1165,208.6938514695364
1166,51.59687166602042
1167,0.602146829120516
1168,4.757892752759741
1169,157.37245056045813
1170,4.634242756741505
1171,4.267644740210779
1172,-9.608265758975305
1173,3.969660784158389
1174,168.33856273639836
1175,-57.74761685050659
1176,237.66885351202643
1177,2.23290416364354
1178,144.92264193852768
1179,2.5919336880674364
1180,2.560059077397789
1181,2.0036951389513176
1182,152.84333021229924
1183,7.548646415178775
1184,3.847235157718697
1185,273.5913547310496
1186,114.2147507966363
1187,4.4104530954075765
1188,2.755340556715147
1189,128.80995884738113
1190,3.7393280309415773
1191,3.2232983918170075
1192,4.9073772350467895
1193,170.89059585535747
1194,5.712113729879703
1195,2.147995342698208
1196,250.32713608379166
1197,91.01839002462232
1198,3.021869534421969
1199,274.9858615102895
1200,63.68006048641608
1201,232.44061957165852
1202,58.8362738309049
1203,3.4270898709957756
1204,153.72948400958975
1205,1.8001131801432328
1206,171.47759638941133
1207,117.06309283664231
1208,242.24442889287533
1209,244.4155795996276
1210,215.06778925986418
1211,228.55587189551645
1212,5.954826597006988
1213,4.397513897787269
1214,200.49101130636691
1215,76.4841033382719
1216,240.8886552235665
1217,184.08996479369767
1218,-47.59078399191737
1219,5.762791303698224
1220,5.786207973084574
1221,225.40508126739203
1222,5.7331222322212465
1223,2.8900522283173684
1224,3.1465768085677506
1225,103.44652378597586
1226,1.239061609778953
1227,4.839572207242851
1228,2.6175698548267445
1229,42.444318731688256
1230,110.76633012161518
1231,228.92037126800687
1232,1.7898451423763189
1233,13.445250314128915
1234,3.177604929103022
1235,26.689917461456126
1236,261.8742227812437
1237,3.7004550003735712
1238,2.564730056033844
1239,1.1289746761675714
1240,52.99909313760159
1241,2.13191224875074
1242,4.6576473951347666
1243,4.72639084796361
1244,195.45634313455383
1245,3.8026862428787185
1246,269.73485080273196
1247,5.485359418854924
1248,96.34215898233353
1249,152.5858960450834
1250,7.856555205515466
1251,39.36279764969812
1252,5.726344460377538
1253,3.914539841393009
1254,3.904995693288398
1255,33.48290997888472
1256,72.33310178972306
1257,137.56807688630747
1258,256.7785941703048
1259,62.891620080314894
1260,260.3477927602937
1261,5.954899786884444
1262,5.589922083114644
1263,186.40450981964392
1264,3.0320634966095787
1265,27.160811969237987
1266,118.11582558227082
1267,2.734914710984028
1268,6.262776345626645
1269,286.22531410038863
1270,-50.2610700604867
1271,261.31613343417047
1272,55.278202634247165
1273,7.375954070765336
1274,221.63533156071622
1275,182.8227477599834
1276,48.572833289304825
1277,4.023871770439652
1278,1.2334909521049158
1279,4.116089938904996
1280,-44.57407371148317
1281,3.5293855187237306
1282,106.3171699965122
1283,176.18398604558942
1284,2.697507924297178
1285,-44.88300034884319
1286,3.2063664306459243
1287,54.09045799219648
1288,119.29621803547556
1289,4.217066842862131
1290,208.3593246322388
1291,3.2448514706664136
1292,47.34989260449288
1293,103.92809924944146
1294,253.90548318065674
1295,163.8432451777442
1296,5.499719674212883
1297,57.74785060221091
1298,4.391974024352601
1299,6.485560783020889
1300,174.11377143170236
1301,259.12350053538546
1302,211.6837319737381
1303,5.782814237625255
1304,4.127635122619708
1305,5.071087674730418
1306,60.8235374277656
1307,144.36505808774916
1308,1.8734002450354952
1309,4.697381548619399
1310,337.91661351128784
1311,2.635301677888595
1312,6.865284099530803
1313,42.809586718289765
1314,176.78168527038335
1315,202.58327372791408
1316,253.24112943192398
1317,70.48050640658167
1318,2.1812125086507512
1319,210.58585924116318
1320,275.38133110679433
1321,34.74317279219438
1322,53.982257017547084
1323,262.61297659551246
1324,224.26156337940756
1325,49.81313859815897
1326,56.188490162272586
1327,250.63630401798812
1328,2.831885285570857
1329,5.713870970796788
1330,113.34044913827644
1331,1.1659004973004272
1332,279.2529701833445
1333,1.847909459251834
1334,343.2952734372805
1335,1.8363723445939302
1336,141.27370278203531
1337,21.282223487073402
1338,244.1884328534886
1339,6.382820055439973
1340,184.0405045956588
1341,241.76556800618732
1342,178.7213397915115
1343,44.64660118034762
1344,101.59400135872737
1345,3.0837840638743037
1346,66.15216068902984
1347,99.88481164236157
1348,3.12420183144986
1349,219.2672775854535
1350,51.85554296985804
1351,224.07262088287814
1352,2.4927087310400373
1353,24.444572090473624
1354,4.946857315452166
1355,6.377322280565396
1356,3.610777284943557
1357,8.022886044758417
1358,6.554515622509941
1359,1.6533767477798218
1360,314.8004412035957
1361,4.193491399880107
1362,6.456450452832503
1363,73.08518997231918
1364,3.2062229023709015
1365,5.897060698860703
1366,6.417417343528474
1367,5.8954787440872884
1368,17.38791640032123
1369,187.12284601343114
1370,270.56999043898475
1371,220.06127496442832
1372,18.538312236434855
1373,3.3313568585664566
1374,197.55785899097702
1375,185.35563931721924
1376,5.164730771939903
1377,5.091687215632689
1378,103.0899144666615
1379,80.97617215903676
1380,114.44322180742817
1381,222.0682782571529
1382,67.62216599181706
1383,66.3586138891993
1384,-7.670708399210562
1385,164.8983214016674
1386,2.6101258124065447
1387,62.02139429302602
1388,1.644761926858139
1389,234.4457500361815
1390,191.7028582679311
1391,60.210562249148005
1392,55.364155334071185
1393,286.21514454053846
1394,0.9704259540937348
1395,34.31278989566829
1396,198.09046073165123
1397,5.553574726041697
1398,221.16794108664197
1399,1.372860297749901
1400,98.27828319638834
1401,321.8124273564592
1402,62.53282014720032
1403,232.1066683264176
1404,72.14647652915356
1405,114.63161436074192
1406,1.9694848105763438
1407,122.55793090391576
1408,7.17243367901679
1409,3.8388062182948564
1410,262.50921343244346
1411,271.6332314702668
1412,-18.33712147164987
1413,118.04482637904401
1414,251.13987923977962
1415,2.454229145695176
1416,2.5843472824513736
1417,4.2345715435952425
1418,335.4747464042192
1419,195.2489265613383
1420,4.812542867063593
1421,37.57452431419236
1422,6.44279583847341
1423,3.199519684291882
1424,5.22325953270501
1425,2.0380132001053632
1426,-31.610256899210775
1427,3.6518955347585185
1428,4.6843825936001116
1429,3.642346754380761
1430,4.426567012697412
1431,6.517628746609542
1432,165.97086197466442
1433,2.760671732531748
1434,6.380485993857843
1435,4.87448406353941
1436,-30.199825989453355
1437,159.36705272383446
1438,97.35936098012736
1439,6.442541923733565
1440,2.374521358756536
1441,106.91059459074604
1442,174.25396241327795
1443,57.09260167322484
1444,5.929253900354755
1445,53.83876691939218
1446,264.69996380903774
1447,220.57250585571595
1448,-13.292933646833971
1449,5.905972824204169
1450,273.5508272580944
1451,128.93012588797635
1452,5.18047603071095
1453,5.408889070725313
1454,181.03566491165282
1455,69.48124171236938
1456,-2.592831149213531
1457,8.342862001495515
1458,4.953355251855235
1459,280.2411239309421
1460,342.106275476932
1461,135.94253081989598
1462,-25.17244239581064
1463,70.01692475160054
1464,5.879760392563171
1465,3.3736679929330915
1466,236.90796055435436
1467,5.727532557004307
1468,5.5271725459203775
1469,47.60400876282502
1470,3.7807530240768714
1471,33.494957497793436
1472,6.668708546797139
1473,2.856745939069322
1474,246.33113919620166
1475,102.36130145036228
1476,6.679848326224578
1477,2.733337346311424
1478,103.36786616907015
1479,3.744705149341064
1480,122.72960846193155
1481,5.94590138676684
1482,176.92207053166683
1483,6.281831035009506
1484,222.5412127492209
1485,164.9392761710059
1486,7.408215294429738
1487,3.588422064235504
1488,81.54961268556431
1489,21.667689500892433
1490,56.58628220557696
1491,3.7440356808729414
1492,2.0088963641579576
1493,7.9289011876310385
1494,5.289618364254249
1495,54.62687764233501
1496,7.604832071760153
1497,80.11585998998177
1498,5.589658444388521
1499,85.93273890511398
1500,5.868811200619473
1501,5.831815095624762
1502,69.85816364610686
1503,5.706806491507932
1504,2.106859464226183
1505,4.89263865421093
1506,217.99793259550793
1507,57.55666283840458
1508,106.2065146170781
1509,65.83211943103234
1510,3.161501053411315
1511,16.301934810197984
1512,53.39771989330788
1513,5.709250030768954
1514,276.2312401243734
1515,58.73479345407142
1516,2.869713594450191
1517,337.6807145154443
1518,4.434586426560116
1519,254.75370391905287
1520,5.124545637615776
1521,49.134462903945334
1522,4.924249460133368
1523,2.769527425812778
1524,142.44021537244507
1525,-36.83728817494104
1526,2.462874147777514
1527,5.763632855763342
1528,3.972311019972669
1529,213.47244299447956
1530,271.5944612420519
1531,3.299103361516703
1532,5.764342410731279
1533,3.2366881276000905
1534,-7.9502097595229975
1535,75.40730065919416
1536,5.571066107384917
1537,2.5046019340032215
1538,284.337189305816
1539,183.41664349913773
1540,2.183232403927309
1541,144.46573566321254
1542,2.906758710783034
1543,48.70996526422796
1544,7.6224921189197286
1545,3.4887477085224123
1546,5.743914519444894
1547,-24.280166046637387
1548,209.96990951144824
1549,48.072065166829034
1550,2.889471751767835
1551,2.300458519750544
1552,220.8503976467496
1553,5.895855320570739
1554,295.93053456941084
1555,157.98425445198032
1556,3.6051787891026295
1557,47.47996972627873
1558,3.774519730878459
1559,232.6589730288862
1560,135.31252940264568
1561,205.0387113652551
1562,225.5980703366924
1563,103.86293546920481
1564,3.437009881406686
1565,71.26992038292043
1566,3.6389530153150735
1567,-7.3042030583668
1568,98.20748460284577
1569,27.26552584801778
1570,277.09973237315256
1571,3.4016234456915724
1572,77.59854937578245
1573,2.5384117312912444
1574,4.749223639932224
1575,6.075986755192326
1576,4.119664642631652
1577,5.8720427225573415
1578,83.83239616175054
1579,5.293085499534682
1580,204.6056926077368
1581,192.52291015189405
1582,6.729401893006645
1583,302.63676613443613
1584,317.6453937036122
1585,5.863276067940092
1586,5.015569752747677
1587,54.27165840155523
1588,273.4168799662217
1589,7.447926559551986
1590,6.285639540965633
1591,149.97720638553886
1592,7.4100777625157495
1593,120.52190710203088
1594,161.24786626994123
1595,104.60895253712438
1596,5.946072417821878
1597,74.61295400277059
1598,6.874616029122048
1599,3.879089164875993
1600,4.716576222321854
1601,2.7054644136389663
1602,5.845678226480795
1603,274.2369890545003
1604,58.128278694435274
1605,112.14864141147868
1606,263.4182114862173
1607,-4.321464834092474
1608,3.459222198439607
1609,7.001262665124028
1610,3.8232193306231443
1611,166.878894946305
1612,78.04043368499028
1613,2.880862840446565
1614,276.8919457308861
1615,5.980996557875054
1616,3.953985541267011
1617,196.15828440500061
1618,207.8915998793245
1619,3.4521684637404086
1620,80.96287963084785
1621,2.3161775670693885
1622,2.660128160238881
1623,2.5251534523182557
1624,242.74548972985343
1625,105.07631533272496
1626,1.6273212759704914
1627,49.520319872653616
1628,3.652154318948877
1629,185.76719283656536
1630,78.35634243567819
1631,3.61672777707237
1632,313.755592562581
1633,5.001815592599898
1634,3.3244821801719775
1635,3.9435581788013376
1636,4.674369249430734
1637,6.799360422122523
1638,190.8358222258828
1639,45.58722896911232
1640,4.492782875272696
1641,310.3791809686016
1642,159.287818925793
1643,215.91622677907426
1644,112.10363947213916
1645,198.46555120410483
1646,6.072161611032357
1647,6.719861011673776
1648,34.063906442273236
1649,4.4881545980331
1650,90.59708227027258
1651,6.326870119776311
1652,6.559161018805021
1653,233.4962804572438
1654,6.51032324170091
1655,300.4029436640882
1656,61.05820171227261
1657,1.148010581220039
1658,279.72485026313836
1659,2.1783057796723364
1660,1.2075876358443345
1661,6.368004433191075
1662,220.56090382969796
1663,5.901907687699159
1664,130.5565292035584
1665,1.0156804559031496
1666,64.14620998019419
1667,-58.26695512234454
1668,255.3856955327279
1669,60.59004680898731
1670,2.08712874050426
1671,2.3443480403487778
1672,5.474134716028627
1673,4.666754846288036
1674,105.8619528477454
1675,2.206651540953425
1676,-61.03975316743641
1677,41.175620716584696
1678,15.185880855506948
1679,227.4134260733127
1680,96.39117717456888
1681,1.2380085641292349
1682,3.2886746861622633
1683,72.11153767193176
1684,30.889682613848983
1685,6.564738954987368
1686,134.05013983821448
1687,7.25497520316784
1688,147.70764536137838
1689,262.74742411559225
1690,3.2611276644917497
1691,3.8825155081614584
1692,3.6583751633957386
1693,1.5881298134430168
1694,103.86017484618799
1695,196.3911292119348
1696,115.44756317875068
1697,2.6592098290483523
1698,214.81436836032847
1699,183.3201319829225
1700,129.84736471399103
1701,286.50486621649355
1702,-57.03725487128647
1703,5.9167257008514476
1704,5.626624971760934
1705,3.256663213466449
1706,70.2933331682894
1707,5.880267119217807
1708,50.403446983409516
1709,137.80559931749877
1710,6.168084272563265
1711,75.21846290997868
1712,1.9048548509507173
1713,5.9525391306845945
1714,-60.39141732326714
1715,4.797977191015044
1716,2.528025265666734
1717,29.69508630561446
1718,119.05982889964253
1719,24.94591150893992
1720,6.288387499545417
1721,250.92154948141678
1722,3.847161503804253
1723,162.51438453601403
1724,154.13860882922094
1725,2.789820342035171
1726,4.094533208690837
1727,237.16528321245576
1728,3.774819645299842
1729,3.308988526686278
1730,69.86668167447684
1731,224.88642624918853
1732,4.789928509749154
1733,358.5852329154048
1734,272.90135840660196
1735,208.5276243397534
1736,3.377716704542545
1737,292.019737051143
1738,256.4432395511715
1739,161.0116054341535
1740,79.68896743685211
1741,118.62528171682712
1742,258.4285246884659
1743,5.62199123486274
1744,110.35494362690149
1745,34.22087668117796
1746,3.513562082048733
1747,7.4000733837707084
1748,200.51021066233807
1749,3.5902446788796936
1750,103.98200877704942
1751,31.777251690842014
1752,6.90828908874072
1753,6.0748785386104895
1754,265.55590559612386
1755,227.82466330901804
1756,1.9846410993368373
1757,214.34698959794287
1758,322.1470236106999
1759,4.9210618777925985
1760,278.93956291458414
1761,257.4334391007917
1762,7.418109034068799
1763,54.276305457873114
1764,16.050670253985682
1765,5.119569770580005
1766,248.7155377568284
1767,200.38003083920913
1768,5.315474756521778
1769,136.25352610859792
1770,49.994390774956514
1771,2.896622944472813
1772,211.4718316745738
1773,263.0344375962034
1774,6.188934583430411
1775,282.27671629181896
1776,2.9531697510337507
1777,19.24599489025268
1778,24.05712749354203
1779,32.569338408137
1780,104.64074394980246
1781,5.72201512245305
1782,208.68512452177492
1783,213.42384659510668
1784,4.442269674400628
1785,77.58938761550132
1786,2.705221631259256
1787,73.68726219026135
1788,5.076959506141674
1789,2.465431129255046
1790,74.39119245422202
1791,4.08671752020692
1792,2.7410334493656783
1793,1.9504905494916775
1794,172.5356555653456
1795,170.34587329686678
1796,292.14441098074144
1797,116.9346473287599
1798,6.003465586400554
1799,201.98568226855198
1800,148.63450538596925
1801,5.268115611670057
1802,2.0196815574978766
1803,153.35391858966062
1804,3.8766777411448854
1805,203.53962797679702
1806,5.719123885486799
1807,283.0162416398999
1808,147.04822977147145
1809,57.56397586366862
1810,4.430655672422915
1811,2.6745172042424192
1812,20.26764905713005
1813,3.356468482823685
1814,173.72713641162304
1815,256.4798032273496
1816,5.3143288117904275
1817,97.62559394030356
1818,74.40423049408984
1819,226.95102738475657
1820,8.077374714960367
1821,3.3221472948366992
1822,274.5993881545304
1823,-2.863341853166664
1824,60.3743021356984
1825,2.212175045165794
1826,5.72078566226272
1827,4.046591836784898
1828,2.166155637969569
1829,240.82989500544122
1830,232.99081441799984
1831,6.716584036656803
1832,42.68286355951036
1833,3.5692833685191916
1834,3.885744669521627
1835,94.6681938767626
1836,6.4074830470832795
1837,5.908023027685771
1838,5.898868008251714
1839,110.62789209895355
1840,-4.975842928433241
1841,-84.9971563369844
1842,242.4926733467504
1843,197.8247996786546
1844,255.2544007676977
1845,160.88482064061563
1846,19.006452996237584
1847,253.18490366876307
1848,92.47352762917723
1849,4.0674014359349
1850,5.504398326891534
1851,-74.38210421503796
1852,5.85476823509037
1853,74.96426912657303
1854,68.42595731935288
1855,5.353273677389755
1856,182.88691164326409
1857,2.7493979544618297
1858,4.930951949553027
1859,6.04693590393544
1860,5.8562231077133315
1861,131.2043793289609
1862,6.333403616044103
1863,75.75479455321516
1864,69.56373746560307
1865,209.02658416813776
1866,140.18752958418688
1867,93.72788592120399
1868,245.83596122194385
1869,155.66992507483715
1870,3.5271500057378433
1871,198.5553881187247
1872,52.57723624950349
1873,2.879840217536182
1874,31.173696403083195
1875,103.58969075585719
1876,3.2043570384687188
1877,2.800087525113025
1878,77.56957174521871
1879,39.96980626388126
1880,275.77299395417947
1881,6.310951741229364
1882,89.06241967192122
1883,6.196662452221097
1884,115.33108427408578
1885,298.6425157631944
1886,282.84769648153684
1887,3.7331380686248834
1888,224.71832376641717
1889,231.46600413746083
1890,2.5502113059225957
1891,220.3631235254578
1892,229.97787643323423
1893,4.258815254937621
1894,2.092930134998927
1895,16.159150473664823
1896,5.9502272743236935
1897,54.315001925280775
1898,-56.26659425170394
1899,3.1458758909673716
1900,5.946409318835514
1901,270.71171422823977
1902,225.15093024832927
1903,-51.459315479969895
1904,66.30902697107898
1905,58.06092145867204
1906,177.44170851693144
1907,6.707341905553397
1908,6.123476481228012
1909,119.48595956873989
1910,5.620127114679374
1911,5.478746249956954
1912,3.707811851305856
1913,62.25639547111928
1914,12.178179941973298
1915,6.428716073350221
1916,1.3031002700490018
1917,3.0859068150593147
1918,157.69754293256042
1919,4.964511206223664
1920,4.520307754544266
1921,70.73138197329084
1922,2.7666928258016257
1923,6.328027329876245
1924,2.558141838434578
1925,4.343213849233783
1926,97.97382508431818
1927,162.59290095012523
1928,3.2945808157736245
1929,53.152681642619555
1930,2.496085025814547
1931,6.067033713658593
1932,4.748159842723545
1933,2.591297625238812
1934,229.47153094970236
1935,6.208195591260759
1936,4.507888746846924
1937,0.627021401057935
1938,-43.71928686964263
1939,2.569147505840707
1940,260.7602835113952
1941,3.5234324790298217
1942,194.28405211516753
1943,3.970742840102977
1944,231.81772682150532
1945,288.0258637517555
1946,5.8819497779331416
1947,102.94741266203224
1948,5.7829999419305675
1949,8.218882817609776
1950,52.77838000492282
1951,2.608644642675959
1952,40.79458698267899
1953,372.98437102659665
1954,2.4635567951411934
1955,82.90335487255363
1956,1.966769464728347
1957,105.2537182281481
1958,3.6181861561582545
1959,191.5893160535747
1960,67.00797670277893
1961,1.0280985697404703
1962,4.188544802801906
1963,2.842680869034909
1964,4.990850101468807
1965,115.34980177027573
1966,3.1667396978814475
1967,4.582954560275217
1968,277.51442533813156
1969,73.31602316736267
1970,5.8570577191703
1971,1.2852292052182126
1972,107.63818341749703
1973,-42.37713098313829
1974,2.353187310468944
1975,2.8525825663962037
1976,312.3038556237815
1977,1.6765348523820898
1978,215.76688085352086
1979,121.22470699282165
1980,269.83248557340573
1981,139.63105242966049
1982,113.24727344435537
1983,87.55223457530039
1984,7.757955464464368
1985,4.5917018867099895
1986,4.280911245784063
1987,6.2556136087526575
1988,1.3525502517618493
1989,5.661320510207378
1990,4.707104665985672
1991,-16.67828516315744
1992,4.256061261711062
1993,10.42839507774978
1994,1.7172493117835652
1995,126.47354246579482
1996,4.01710469463403
1997,2.71223047910156
1998,5.567379624914211
1999,310.66116180063506
2000,5.897060698860703
2001,297.02159286710594
2002,-32.62458222410781
2003,6.688099297004429
2004,309.18904673869736
2005,77.80384845585338
2006,4.765657405881901
2007,50.84300286761258
2008,227.60602968200047
2009,130.5900794100741
2010,296.6979066911285
2011,5.790585408928172
2012,160.23584806414217
2013,-41.601354704850124
2014,270.80989385336966
2015,200.85224280309117
2016,37.10552371470659
2017,3.2696059639669746
2018,21.406862753181407
2019,68.13041260943706
2020,6.701352052054583
2021,4.78905719152368
2022,191.37004221694596
2023,70.57326163873212
2024,3.0635538579402373
2025,4.601320379981886
2026,85.40346680758692
2027,5.918704174633731
2028,6.2468316363300325
2029,29.211095964986093
2030,310.54948405758563
2031,73.90149066802532
2032,274.64160956328806
2033,210.4685492078475
2034,2.638898898357646
2035,48.30919701322724
2036,200.4138193874719
2037,4.8878806016321485
2038,3.0816396306995695
2039,2.8793779365421814
2040,105.90977772929453
2041,257.53790060210497
2042,4.076240571980119
2043,177.9846056528812
2044,2.5217504806261797
2045,82.8175825404729
2046,292.5222475291474
2047,5.5532479534748065
2048,-30.94906500478171
2049,1.5681563025166154
2050,346.3835363525316
2051,3.650421226828592
2052,3.480088575574455
2053,231.8453186316761
2054,4.789730369417919
2055,4.026031813394629
2056,-34.71099221582334
2057,199.8938167097518
2058,-2.2674976315986823
2059,5.122946820667373
2060,14.258695667837122
2061,2.2938401620310382
2062,132.24703746678566
2063,3.316624338493198
2064,3.9270729000990086
2065,3.4339363062571664
2066,1.9912843536471834
2067,6.276236004899132
2068,3.446824652693494
2069,1.4589951386187527
2070,288.57186801209025
2071,279.02881479556453
2072,4.565690225121128
2073,193.5900740049436
2074,350.04014199405054
2075,254.14964112950895
2076,3.873925384101667
2077,2.8049918189335785
2078,3.851235966306768
2079,4.030920609599559
2080,2.676307522951323
2081,3.2226284625047055
2082,5.7685714648007185
2083,20.199885530582915
2084,2.5212022876477267
2085,4.885658975041653
2086,139.93126700806604
2087,78.40450036034728
2088,29.9780002992805
2089,65.1195538634342
2090,252.12450585189242
2091,180.32476489310343
2092,-91.40358390479409
2093,4.965727124091792
2094,4.328739686778062
2095,67.39505959822706
2096,44.8653876127438
2097,111.35172891613882
2098,5.351717707878951
2099,-0.43922958263919554
2100,23.396070359110205
2101,5.568568088128798
2102,5.854804568893011
2103,88.40746228355557
2104,50.24068799754259
2105,58.99199429453472
2106,280.72776103619367
2107,6.707013520163295
2108,6.44885943322068
2109,5.934592975342279
2110,258.81690616582364
2111,3.6112420521433846
2112,54.85085461123827
2113,75.67412046668638
2114,2.47654996173038
2115,34.09053114966905
2116,3.68366607619458
2117,3.5461265639043247
2118,3.3204865684935587
2119,129.11707747909912
2120,4.195910176993756
2121,177.6064765790256
2122,226.8304297015165
2123,2.6724578618322914
2124,1.6054624899897434
2125,3.7210396109001143
2126,5.940377485720167
2127,36.80060130533926
2128,205.0581169041927
2129,1.8332047934567748
2130,2.414248602924789
2131,5.258321713209812
2132,6.06308688245074
2133,222.35498949662176
2134,51.93638072443272
2135,241.53991486225354
2136,30.550207887325495
2137,230.49595858267563
2138,3.6441364629628863
2139,70.62335827784017
2140,65.62177889973917
2141,65.23993793494704
2142,5.635714455034398
2143,3.580628542872058
2144,160.3744258943298
2145,52.45325527904507
2146,3.751674337742253
2147,4.094635734068329
2148,56.55737072936983
2149,-54.27979685546978
2150,5.983673662245869
2151,69.9398488378337
2152,4.948927127927925
2153,3.2093375337828185
2154,1.4848322910339573
2155,2.4376933275395323
2156,5.890491580236578
2157,147.96307290730417
2158,3.832985714054487
2159,328.8774099228326
2160,227.70097054552193
2161,309.1807801967723
2162,1.8803411495783109
2163,280.9433192710826
2164,6.438704657566272
2165,2.9748495140181466
2166,2.6420705025555264
2167,30.178421237497496
2168,294.4169848909755
2169,2.214791977336386
2170,2.382878002203538
2171,155.22015101669365
2172,5.551820645187172
2173,264.2131949555516
2174,248.05958015464026
2175,1.3357682742634038
2176,4.498070331857608
2177,-48.40075210044548
2178,4.570914769733667
2179,71.65208611880907
2180,260.6962913776719
2181,2.7065469453324034
2182,163.97371660339832
2183,173.88020994461476
2184,5.904935563663314
2185,3.006884818392365
2186,2.6412291510429555
2187,3.9638536133598765
2188,261.63422638230065
2189,242.75728055783566
2190,71.82352901373343
2191,2.9699785335807714
2192,2.6743155992602454
2193,131.99827773032436
2194,2.5935411117918705
2195,4.936293717753067
2196,6.522542693778814
2197,1.9199441665512842
2198,4.758775597034281
2199,3.423546760817151
2200,1.7396390264038657
2201,3.833692586511756
2202,98.02959637333613
2203,2.5693919564925767
2204,2.0026687243611843
2205,124.81278152207214
2206,5.308078703650218
2207,174.03230351986082
2208,4.9257437136414035
2209,13.913584018059712
2210,269.65568775825767
2211,1.784950192024837
2212,4.791196333145806
2213,6.5848172917982986
2214,90.70637019439312
2215,14.027723018069752
2216,66.26680410043161
2217,4.35519996891852
2218,56.95675735353346
2219,2.6106965104037605
2220,5.640189839224782
2221,3.526507348127457
2222,-16.945463803653837
2223,200.43682976827253
2224,-49.11400539377467
2225,164.1114437320051
2226,7.350015797132981
2227,60.54880522496353
2228,135.43716028394493
2229,114.85329825960494
2230,3.5525052571756266
2231,5.408227989098614
2232,4.128397361887224
2233,253.48674362525244
2234,230.62891771201532
2235,216.52126076589192
2236,3.0006499521336534
2237,3.0091038338066363
2238,250.62356699029547
2239,85.23170635056792
2240,230.12102932479684
2241,1.538337877489577
2242,234.09322329094073
2243,6.066920180349923
2244,97.81764942308084
2245,218.75106435576487
2246,94.88549703200582
2247,244.11674534795023
2248,6.423383707016596
2249,293.06874663404403
2250,127.88844790344568
2251,4.359567505297944
2252,255.32765492564147
2253,6.112046273618417
2254,136.7993821766407
2255,-90.43092960533191
2256,41.143281380296756
2257,1.830105724117492
2258,3.3184555679865158
2259,91.90681131096778
2260,6.133221221862129
2261,69.83170496516601
2262,1.7546932961644373
2263,112.54360993546277
2264,-11.420013452681248
2265,56.1231921562805
2266,2.438529142353087
2267,2.8398406705799912
2268,5.43663452233588
2269,4.133050449377022
2270,8.753417126186823
2271,175.65464469613806
2272,49.474588875540064
2273,3.0470249657886117
2274,5.975648068230354
2275,6.494283164373864
2276,4.444247005810767
2277,2.8327810889691096
2278,1.6297370285469304
2279,5.750624845115408
2280,2.97192041421083
2281,202.747743655786
2282,2.4492848719422278
2283,4.045639341830154
2284,247.67981923667037
2285,3.5476664269636844
2286,-18.115506896021785
2287,5.520364839934189
2288,2.8486571817689614
2289,5.224274829595444
2290,-44.243692289769015
2291,50.813565418310986
2292,4.97110492263413
2293,1.8995876007048076
2294,11.230110039613267
2295,2.544145960584744
2296,5.124959576023508
2297,130.58582924974934
2298,-54.61946982985783
2299,117.32749957305518
2300,3.8632784286751742
2301,5.475581507146257
2302,-81.432617619625
2303,164.9830575356576
2304,5.827065306728832
2305,46.630590602891175
2306,273.3892265322604
2307,24.81787240147192
2308,54.22090880788154
2309,6.309009053257145
2310,172.53527083344807
2311,-55.39317864139095
2312,88.52316159619986
2313,4.295000192110437
2314,4.760864541237694
2315,245.5122578232596
2316,7.4906726408228455
2317,3.855417971209987
2318,245.12873406962254
2319,6.440805567679179
2320,94.79905662152501
2321,3.1160482914507397
2322,225.3816460430284
2323,167.97073643419176
2324,1.986264874646618
2325,40.042926501330875
2326,2.9854328580424827
2327,126.4258609175725
2328,3.2958844430533705
2329,354.9476506966397
2330,189.27917865806185
2331,1.4695488622088695
2332,271.1177352552787
2333,-8.227903207150629
2334,22.676293208669584
2335,5.373225183028015
2336,66.81822531318475
2337,137.81284067938827
2338,181.13803663211044
2339,32.86372381588672
2340,42.84196457625641
2341,138.81551529625665
2342,2.2222246412396935
2343,5.98584843739051
2344,291.38997083289064
2345,5.888376829924727
2346,113.07070337140387
2347,93.46154398027507
2348,1.8530654556000243
2349,251.070105432575
2350,32.66274622331483
2351,4.646125481672901
2352,5.001966762780977
2353,1.675143690955954
2354,-38.9226480576837
2355,149.6884743929185
2356,3.8479114767489997
2357,101.7916208075879
2358,6.274031666454618
2359,6.649313184262762
2360,4.506984843392199
2361,5.721743609658924
2362,280.09128852693686
2363,4.487697233944094
2364,225.67452682994787
2365,91.89885429438702
2366,44.493462701516414
2367,53.531831822530606
2368,-70.92840913520114
2369,4.717449831588015
2370,217.5767736493079
2371,51.00038678815861
2372,71.86475340350292
2373,1.9643973975450786
2374,-46.04351401154313
2375,1.8425001925792013
2376,115.68405158535077
2377,111.57738593801392
2378,5.266807214877469
2379,6.491449613329995
2380,31.330788329109556
2381,164.25219449244688
2382,163.86417015984898
2383,51.8775991862755
2384,3.291005768067984
2385,267.25814086503556
2386,5.879760392563171
2387,54.808287418545355
2388,254.877994443731
2389,81.89748260934591
2390,1.9233980049627573
2391,105.95733593935444
2392,22.599119899514246
2393,72.38749362392522
2394,124.28246804654681
2395,5.861199726645851
2396,2.521852789509781
2397,286.414919531575
2398,301.6814151722995
2399,4.222051266326714
2400,189.0195008121313
2401,70.38003864086691
2402,241.15078903470092
2403,6.107517014007272
2404,2.0524259800676616
2405,5.101613703767685
2406,2.722918676784429
2407,98.14277039740088
2408,260.0796664595693
2409,218.54640906447503
2410,4.50169356998399
2411,6.519246400848479
2412,283.2064735595839
2413,-4.617735326494055
2414,3.8040133751613245
2415,78.5222783210498
2416,250.3066871252963
2417,31.801182088007085
2418,3.5469912522049962
2419,3.9590163625149013
2420,1.8335843996279726
2421,16.564084487249634
2422,243.15209637378197
2423,2.317073977187574
2424,178.05213059081828
2425,5.792454245846293
2426,-27.37722178776966
2427,185.8536578550549
2428,6.68197389538647
2429,4.071294210780343
2430,5.690062785748923
2431,4.528125546879899
2432,324.9087260985054
2433,259.82444611991207
2434,4.41990162677129
2435,60.82636328223768
2436,239.69356286477287
2437,-88.55483761348695
2438,5.997899472905778
2439,6.761243553816285
2440,179.88822853519017
2441,6.327978403494156
2442,5.87797024965998
2443,5.128436386627679
2444,-58.657014871570034
2445,6.539800639115424
2446,5.282588159818026
2447,223.72678773310665
2448,6.174964542214205
2449,6.118440972199977
2450,20.968187807128857
2451,2.9971602564355035
2452,3.821979142821378
2453,47.04905452424753
2454,306.71506510795155
2455,148.44144761523086
2456,3.314529747649009
2457,254.85205835376092
2458,6.234431425247466
2459,2.220586599043361
2460,5.848751908084453
2461,45.46940666831893
2462,54.53424348573929
2463,6.026918102400165
2464,-62.29652790503248
2465,17.66269910364746
2466,196.6306606029774
2467,178.64828043426778
2468,281.50439569066424
2469,273.50542893435846
2470,5.60701638574704
2471,142.4200534980693
2472,3.0581279950123337
2473,90.64423239838
2474,212.76125866981238
2475,6.401085526326249
2476,75.54857961851371
2477,146.24423651645685
2478,221.88449862334238
2479,5.19680306096091
2480,58.87908839541085
2481,66.55617409245976
2482,2.467845161118357
2483,4.903587165169213
2484,123.29001504405107
2485,132.3917401577865
2486,6.5411120697488885
2487,5.20778901849753
2488,-25.728261892270623
2489,174.16994166392203
2490,5.732717029032576
2491,141.75838329290372
2492,64.02063402378134
2493,41.04657320300599
2494,5.882139952747907
2495,5.3412242076116705
2496,148.70333623952
2497,57.08265550985299
2498,1.9182931648824144
2499,6.698003093199373
2500,1.8889050674358114
2501,96.72177789007748
2502,239.70589033046664
2503,103.1027580695736
2504,327.69582336080504
2505,3.490116269448976
2506,4.436563389053115
2507,281.08573488585347
2508,215.61187242051145
2509,102.76270679622374
2510,6.6543674017306005
2511,210.37632985238534
2512,76.71345300204132
2513,166.60229923482822
2514,207.45774228827642
2515,312.54868039175864
2516,1.8435993731141165
2517,2.262841683980218
2518,273.7572798720331
2519,4.5194175563816135
2520,70.06675845073015
2521,145.23056084370103
2522,2.1485272384729046
2523,6.590278195048943
2524,4.793514244420066
2525,296.7008205074995
2526,4.578907046982691
2527,3.5396854501690163
2528,247.1215712403994
2529,115.51075413938094
2530,233.80206671398807
2531,250.50822863069942
2532,20.843897496220446
2533,2.0325872374442135
2534,6.105912295631954
2535,5.893890494510716
2536,3.9450635632976927
2537,6.176794484100054
2538,5.841054316367975
2539,165.08652334859417
2540,2.819392471914737
2541,21.549914436739417
2542,-3.8423856328326305
2543,5.19456362057419
2544,149.145265568875
2545,2.4583305717280894
2546,267.433905927118
2547,17.577625805908
2548,-10.932253606646922
2549,141.42475709451844
2550,122.21811684474753
2551,-27.66724720706712
2552,2.236074020754493
2553,271.5826558336316
2554,2.277921340222196
2555,72.6368498861232
2556,88.66617692970276
2557,4.7166466329209475
2558,-20.929496933950418
2559,6.210771060280421
2560,172.89679630027055
2561,2.2541960668641625
2562,211.50322794703905
2563,234.64846517996938
2564,274.3184753165486
2565,4.909331902381853
2566,4.424777175143165
2567,245.05022030281233
2568,14.372545374240655
2569,61.92764983109734
2570,3.5351083752949033
2571,98.7203124298533
2572,-29.95242132685679
2573,182.47884413647583
2574,3.2841817472516954
2575,4.361397452455039
2576,3.6339385579212102
2577,5.870902717082486
2578,78.17139346206872
2579,6.129723896928489
2580,4.048217398219154
2581,2.7775585336989184
2582,-27.33223053410965
2583,1.8543086480470015
2584,6.778972347545016
2585,24.432487078738394
2586,4.754036244495018
2587,243.15452535023016
2588,188.68660337999
2589,4.994600641244858
2590,66.07616644992964
2591,1.7647512245748862
2592,136.65142761124542
2593,65.35940629792827
2594,66.61902753210094
2595,57.34881061280289
2596,45.09995707673581
2597,5.778281678355295
2598,6.464168240836408
2599,44.29739383310823
2600,4.203974692454237
2601,229.72140306216644
2602,6.13693799297163
2603,372.7279557386831
2604,165.97122098246535
2605,80.88116383311772
2606,3.667505311831443
2607,54.82854609036256
2608,178.69899980308682
2609,34.067761613402276
2610,2.684169208235068
2611,7.630511049376417
2612,3.1260499905851087
2613,4.62570685270119
2614,3.4289339113141004
2615,129.10688828740228
2616,159.5938999528774
2617,253.24690077693114
2618,207.79261848655057
2619,4.359014401474212
2620,2.4076205256006356
2621,4.084795270160315
2622,2.6136028833415237
2623,1.822941245011087
2624,6.79116477952732
2625,135.4552939208088
2626,279.28755510466715
2627,35.55963568978149
2628,129.92545037262028
2629,25.01730716987765
2630,110.78970007386806
2631,41.06599098906942
2632,6.218830395087674
2633,282.20101510457704
2634,69.64729492573154
2635,141.7199066006294
2636,-47.473522453996395
2637,3.5469767255448175
2638,-61.506661604042264
2639,-62.46728752479801
2640,198.60286404431287
2641,3.2689172349676094
2642,5.7330392614380585
2643,163.1337693183768
2644,141.58001287231295
2645,234.26004782494545
2646,3.212438327394704
2647,3.2656704219272497
2648,4.777476980447445
2649,6.885824311528382
2650,262.9391407394799
2651,222.01692562719697
2652,55.026763621354135
2653,3.8248260844563213
2654,42.39012259044632
2655,226.36422633434037
2656,250.86968380372824
2657,2.904076977845204
2658,15.915449209034998
2659,288.1690753067873
2660,1.8403610178183039
2661,276.81323509019313
2662,69.25849911019236
2663,8.473181895252624
2664,80.04202694319645
2665,258.36056119219825
2666,247.10803071386474
2667,36.540645901029315
2668,26.51924695248499
2669,6.757519160089651
2670,118.74850160703954
2671,197.99706890528566
2672,121.15077851086751
2673,239.6992852652558
2674,223.82845572717952
2675,1.5812039334069137
2676,-52.70302304389197
2677,327.9813216563641
2678,0.44735186584492165
2679,5.7457938676374765
2680,55.43343888078631
2681,5.239984641826748
2682,2.9669910618540274
2683,2.507276178222017
2684,2.572976428500295
2685,6.511580741110915
2686,2.7765558437618427
2687,76.7080766689461
2688,70.86015276089789
2689,27.15462263720837
2690,130.27789429374505
2691,77.80005554523395
2692,54.10933064484509
2693,164.78298779424503
2694,105.2069223910128
2695,6.729982295849263
2696,171.01065489324057
2697,4.155861585935441
2698,3.0602369491152435
2699,4.223665209222346
2700,225.91883526994394
2701,55.07011320755403
2702,2.046680586107703
2703,3.822343377435706
2704,164.6455628468466
2705,2.9807203076943214
2706,5.760231618711661
2707,176.68755979742204
2708,3.2884467597198053
2709,38.00072418635977
2710,5.491355193667413
2711,155.12180120587612
2712,1.8510945823095724
2713,138.87904462827314
2714,-46.938080767203694
2715,4.665135937258439
2716,3.186072065740327
2717,263.4190711839983
2718,4.366137803778725
2719,3.1307708470459708
2720,6.283993055027453
2721,6.000348330179242
2722,4.515102312721085
2723,261.9971512485354
2724,6.115849774601138
2725,43.72854960920429
2726,0.9840638468858458
2727,295.35924230029116
2728,60.94870794401484
2729,184.3351991911066
2730,188.5307931537959
2731,135.2234411364081
2732,6.540603162596061
2733,173.16196870909852
2734,146.3719310935678
2735,82.97505712004632
2736,60.53647297722368
2737,200.08005130992035
2738,137.83591787564276
2739,98.1203742075696
2740,5.695976602741438
2741,58.0426841911144
2742,1.4023411680606355
2743,32.25578250107342
2744,-15.903835098120593
2745,5.226045101054636
2746,194.0981162692985
2747,180.00820885503222
2748,2.6907178314820035
2749,5.3433429839174496
2750,213.90340826502717
2751,267.7242014516784
2752,2.331402574706532
2753,87.0189709069422
2754,0.5289301395429863
2755,37.03971995721863
2756,265.6742508291154
2757,5.858515089976847
2758,281.0799873670543
2759,75.05054590626021
2760,160.68075191544
2761,6.539575279306999
2762,3.946601874187127
2763,104.11367151998415
2764,4.344965957609963
2765,98.74295532796036
2766,2.072619742418475
2767,268.6797001783168
2768,4.186263146046923
2769,3.925651039834004
2770,218.29522202725366
2771,112.67034404842477
2772,6.762889131047175
2773,2.998647712655085
2774,4.983649050194939
2775,6.459520102628893
2776,3.843344354167758
2777,255.81934675693964
2778,40.0546424923064
2779,2.0451063799947824
2780,2.9753215298944142
2781,244.61593255650956
2782,200.70625233361625
2783,6.138494382697103
2784,6.2280183776429165
2785,5.98107307418926
2786,3.3575770307068615
2787,61.7426666243704
2788,23.88398773058917
2789,177.90513718085015
2790,237.5655060735314
2791,88.82352856051655
2792,103.28782160456242
2793,194.26151567331414
2794,172.6259243658304
2795,58.901255156808205
2796,243.4011318717093
2797,103.16302273607654
2798,44.85288120205564
2799,13.073363167440663
2800,5.396406441443561
2801,4.350324588853384
2802,3.263069285518289
2803,92.67804556500838
2804,3.8292530158591433
2805,48.35222900631668
2806,6.886457918771248
2807,39.18503090046832
2808,86.3155145245165
2809,6.030846938598038
2810,5.722586797505033
2811,227.22289743023185
2812,5.870352212922107
2813,0.7840994924353171
2814,5.968109142579288
2815,237.53131932048157
2816,70.26581154496719
2817,268.53443744290934
2818,114.64117648400635
2819,64.09513815714442
2820,147.2900073615081
2821,51.47814017123027
2822,6.255239751098931
2823,51.24074840168268
2824,263.85350632222884
2825,102.6529685999706
2826,-49.547811368121906
2827,6.643045677249833
2828,5.4992215704107466
2829,4.614273220108722
2830,5.190814329218001
2831,6.042659441367796
2832,5.84583231163492
2833,136.53886196923625
2834,3.5347788089643144
2835,3.277651518999487
2836,3.6686702949767134
2837,3.2995882925547293
2838,5.8551127206191
2839,1.9607750267821438
2840,64.69754973571719
2841,55.78029313106628
2842,282.5447574690097
2843,6.077271203670672
2844,182.29932832507404
2845,301.7283860459421
2846,3.7461474068652247
2847,94.72551204479942
2848,22.84942259223506
2849,-45.748522042795436
2850,6.661231015122456
2851,6.266277030047904
2852,-15.087111286291185
2853,50.625403032819676
2854,2.0104256118667707
2855,36.11682371216665
2856,5.907796355453689
2857,46.52330081144694
2858,237.41895251960935
2859,1.6241086859603089
2860,136.79449851175087
2861,263.3335988838796
2862,259.5243340877142
2863,2.633319770682057
2864,275.79772729027854
2865,192.38264125034993
2866,2.102251299544554
2867,2.5270921954767096
2868,83.81711496602885
2869,45.499421574389366
2870,163.16704017143843
2871,6.131002322350392
2872,247.44349460934146
2873,5.149290524960248
2874,98.28589513248005
2875,4.9306306250645076
2876,-36.313801342820575
2877,309.62776350630463
2878,-73.95758839769042
2879,4.996649450390582
2880,234.7279573967627
2881,5.625492762525459
2882,5.901020339151378
2883,4.1469006667095005
2884,6.452789519686857
2885,186.28814387153622
2886,206.63328697751646
2887,5.905972824204169
2888,2.162438458843896
2889,6.322599159661187
2890,3.0532644911404634
2891,-61.17995620650441
2892,171.02946007678193
2893,103.11782280996589
2894,51.83127811507845
2895,4.493772968420279
2896,2.4680967407081655
2897,5.377508105464596
2898,103.2159928563873
2899,38.16232555058854
2900,3.0598045946431442
2901,51.329549217573486
2902,245.17621687685016
2903,261.26817639337685
2904,3.825898965011012
2905,4.132402152317507
2906,36.168092538420154
2907,4.273864603587446
2908,50.41430054400965
2909,2.1458288798975995
2910,128.3795718191103
2911,3.530379655530916
2912,2.569694148459166
2913,6.148361040294064
2914,-2.4082159965988876
2915,8.175560933306949
2916,177.49033604443153
2917,153.17064136204516
2918,3.8537416277097
2919,351.48401808122895
2920,206.88876984815806
2921,4.741204705270058
2922,4.006362650012557
2923,218.41287286591188
2924,5.5424300293720625
2925,4.877997094781738
2926,5.995084192988597
2927,-8.803392310182069
2928,6.24510883717304
2929,145.6033751280207
2930,269.90911103489316
2931,2.30942265356837
2932,5.5482903516265685
2933,-29.247825843970023
2934,102.718525434814
2935,19.02982438768113
2936,-57.35184921095672
2937,6.2225883329256995
2938,-3.333286569662163
2939,3.245092140597889
2940,139.5978789220108
2941,84.26554823762548
2942,68.62987042455686
2943,6.1213130052235565
2944,6.534652700121735
2945,5.95115431366206
2946,6.23704289870766
2947,-48.72104530220714
2948,2.952986146657375
2949,6.632200928559935
2950,2.7008259500298117
2951,131.9282486328633
2952,133.5248987811693
2953,6.69148747828359
2954,1.9856225970875077
2955,93.00475323242293
2956,6.4204356213002605
2957,111.34586468255091
2958,5.8140337494834755
2959,183.74998173713473
2960,6.3485226551725225
2961,171.82883809458957
2962,3.4974749858039575
2963,4.175437453827851
2964,239.26284690936424
2965,192.76369028696917
2966,4.614482877782718
2967,3.760063768267749
2968,187.59198493986793
2969,-88.36267086366864
2970,2.1090776289183095
2971,222.56596174613188
2972,6.523692761642769
2973,180.80510114115802
2974,249.7057336374849
2975,4.568341104403412
2976,47.59783133839519
2977,38.99352378641181
2978,4.598077881830003
2979,4.547277422253378
2980,314.10603293938107
2981,303.21874081625987
2982,138.9199184041553
2983,138.71228255079
2984,277.56701991093246
2985,122.33077926230489
2986,283.8310685610911
2987,229.33450358442937
2988,112.74330951594126
2989,84.39303137372137
2990,35.54375778622808
2991,7.008658862749472
2992,3.151947240467436
2993,5.776660560844329
2994,19.101444559472785
2995,6.272978918302437
2996,4.429444490473873
2997,3.4770402805701117
2998,88.89802823791798
2999,162.8695585344406
3000,75.17528290320088
3001,3.0839941517325373
3002,289.92754733450175
3003,4.436477885473057
3004,275.9179681485578
3005,88.00907981152017
3006,103.76757320422445
3007,6.353812290226859
3008,2.588581608276174
3009,23.172084701480298
3010,4.552757346553309
3011,66.67391908183927
3012,5.199901754809507
3013,178.94834726994245
3014,6.269253352453944
3015,3.8808055994492325
3016,6.092951822753719
3017,6.140999625693961
3018,4.360137948223812
3019,226.26917541611127
3020,2.9197888707879724
3021,250.1553957047696
3022,281.37989483797196
3023,3.329927830854676
3024,98.281968448362
3025,231.87545535185944
3026,164.47457843864072
3027,6.169804576773755
3028,5.4423680993019
3029,-18.074575244817932
3030,-25.801094831753076
3031,6.22038980164175
3032,6.526160397357922
3033,4.77511214490945
3034,143.11102231864638
3035,142.0815607578158
3036,211.5201783645434
3037,6.070104017949401
3038,2.1054859476008216
3039,-49.50655015422987
3040,145.51262916835802
3041,4.77090143888735
3042,9.589570268703374
3043,5.882617686478423
3044,240.97915860757544
3045,181.25430021989933
3046,4.6665120337464225
3047,3.9713376383151173
3048,45.7297635825661
3049,5.766544206251158
3050,233.9775160345711
3051,89.20684656918164
3052,6.671568855888226
3053,3.9549695593420684
3054,142.85479688168846
3055,182.28607814954086
3056,42.02378715521366
3057,3.2290748570467684
3058,105.40329636936664
3059,1.8388152783913654
3060,259.88311282975343
3061,5.19060290265168
3062,234.07421757950374
3063,125.83187511580547
3064,221.02219571666487
3065,242.03033961851443
3066,115.01423111605781
3067,89.09536805106568
3068,5.721117750876565
3069,5.889553136855676
3070,3.410203996223291
3071,6.215835768729077
3072,224.48942767637328
3073,146.02540229877042
3074,6.23570975356884
3075,5.919507514540683
3076,141.383051702375
3077,-16.347274478399036
3078,98.02594152581894
3079,5.701191801674884
3080,3.4212033255181438
3081,-13.125404445765234
3082,85.85294335432995
3083,168.1593813353098
3084,1.1478456973919924
3085,5.369742774724902
3086,220.89671704173992
3087,3.069744961415623
3088,102.00107669146593
3089,3.4587578531680685
3090,307.87595278172336
3091,154.74565805225703
3092,126.33244952546809
3093,4.20287545550684
3094,159.96503584027255
3095,259.47046379837826
3096,135.6856766319838
3097,4.794360139807974
3098,6.002928567577688
3099,30.19408765738066
3100,83.21468294614743
3101,3.6068362206002997
3102,2.5258457462415977
3103,3.1811938276985634
3104,66.78882271621625
3105,-3.8300104359910154
3106,30.326942691640475
3107,1.057035557499231
3108,2.5958009415733363
3109,6.6306632886231585
3110,250.67752702980502
3111,1.9080516318284846
3112,214.44870714519908
3113,5.5668959192371394
3114,21.098524205698222
3115,276.52415986641046
3116,90.43328040100775
3117,4.570940353794335
3118,264.58465380310355
3119,4.588493500945445
3120,43.24856712411066
3121,33.19380266213252
3122,140.37746908927352
3123,4.132431328680637
3124,2.508872204536053
3125,3.931162996421653
3126,222.18302957717407
3127,248.81723756141702
3128,35.226983581657315
3129,344.36047880729916
3130,2.0876593396647283
3131,103.63598965507579
3132,218.71100510525326
3133,118.1395795490576
3134,230.16288476834623
3135,1.6926113419505948
3136,305.19410163864626
3137,3.1137620720285586
3138,163.17551836826024
3139,5.9007351978078075
3140,2.674638423272807
3141,-5.5563075281258545
3142,3.1571834449866927
3143,97.23410457218043
3144,251.28490828381197
3145,5.368474711102154
3146,266.92673436667235
3147,104.43227304057109
3148,119.91270130688605
3149,35.574425377712586
3150,1.7180394799095502
3151,253.24414938045643
3152,7.152749624143053
3153,240.36766002882374
3154,158.77473962543084
3155,21.373332307529648
3156,39.820707514630996
3157,4.899111162754461
3158,281.7809286822858
3159,93.84709045894465
3160,267.4691281323332
3161,-47.238788439247806
3162,3.5248033508836345
3163,191.887490368908
3164,3.1751931492382544
3165,-2.8039160276626416
3166,55.73813434485814
3167,6.526061791431754
3168,5.26398206994498
3169,3.383019380112727
3170,231.59080296087132
3171,2.7417321375828485
3172,206.12498413526566
3173,301.38060780909797
3174,73.42412180593122
3175,-51.85147658224162
3176,3.86277955015361
3177,3.3710931279956835
3178,168.1598366009502
3179,6.151125745164961
3180,308.45221931674
3181,186.4291567835813
3182,283.3648841526442
3183,6.16272037669966
3184,97.43715044764532
3185,6.8869597454115885
3186,183.14843014165757
3187,297.22251146885554
3188,-23.777558279752423
3189,293.9181057541928
3190,4.074160823373795
3191,254.3793729902132
3192,55.93652614525027
3193,6.360945011011927
3194,4.2088718584963605
3195,6.035710806042373
3196,133.32290927841666
3197,5.535954428704587
3198,186.33500145968435
3199,207.2304643127833
3200,2.1834767621712645
3201,318.91702978284644
3202,3.758591623553606
3203,4.530871616579348
3204,43.44469364383285
3205,6.568975256080657
3206,264.18376891296657
3207,5.904743043557071
3208,200.97762394794523
3209,-23.726809620788227
3210,7.502072195241023
3211,178.22410421455658
3212,227.82718133031258
3213,2.562342707968543
3214,250.49975293350462
3215,3.496350203680349
3216,5.726681342750131
3217,125.2229197263225
3218,256.96563817013805
3219,97.39690767235062
3220,74.78110433262387
3221,107.7518927081153
3222,272.08194312728676
3223,344.8281389605864
3224,-82.72829229803355
3225,121.53914153256851
3226,6.006210817512533
3227,5.772327998951777
3228,16.128087378343007
3229,276.5040907761889
3230,219.5373245479145
3231,6.71529457250124
3232,4.68325578882128
3233,5.517029849539039
3234,4.344295454483884
3235,66.53126451401283
3236,138.97186678429102
3237,12.774376997984723
3238,297.56364446587514
3239,6.452577684773644
3240,52.56353741516803
3241,23.670211597857264
3242,2.5001392354658165
3243,28.14230086749886
3244,125.24055464671878
3245,5.084718868032999
3246,240.52685445814092
3247,6.2763047144005535
3248,57.410334526349914
3249,-39.57879622385866
3250,238.47633747924374
3251,226.5428413732078
3252,110.69038996566735
3253,63.45040735078174
3254,138.0570494651341
3255,6.492324299431168
3256,6.022812173259939
3257,3.6090497728367397
3258,2.5926539200985306
3259,42.358361006444426
3260,5.8856881987423115
3261,113.06209012489622
3262,285.5730363221769
3263,2.45185454641362
3264,4.412283722028032
3265,143.80665958808794
3266,3.6648552805872585
3267,6.669241429940961
3268,3.4275855929193906
3269,4.887489994005889
3270,63.53021097701532
3271,225.53356674347023
3272,2.252999673288714
3273,198.86178796324597
3274,183.4902411992971
3275,108.97023468319296
3276,94.47304068737877
3277,6.304603859150983
3278,6.318135502453418
3279,3.214576345267446
3280,124.90822670216795
3281,266.103057500205
3282,2.8836253580707933
3283,363.09726530730234
3284,344.7702403137066
3285,93.73538685303478
3286,3.1328176272294073
3287,15.839794562482695
3288,11.912445171272276
3289,1.8303136988880646
3290,44.96127828840278
3291,227.2967605185253
3292,3.161020720827605
3293,61.50058830528577
3294,209.23181069245268
3295,143.99594584911182
3296,42.01168403200806
3297,220.79730527941211
3298,2.0496456676914225
3299,249.01531042036487
3300,3.7080680944306197
3301,218.21349060188044
3302,193.8122488443201
3303,3.356710744304713
3304,222.58299132581132
3305,5.046329010711114
3306,4.555136151249129
3307,167.02758521421904
3308,3.03427301422947
3309,6.293758489446261
3310,-50.72129574439375
3311,3.155460052634844
3312,3.6880013849388407
3313,2.470990335715589
3314,5.705501782669011
3315,3.4569305376542636
3316,300.0370324082901
3317,313.3860776324954
3318,49.02866272663979
3319,1.9009225527055449
3320,2.088889181569145
3321,4.774681607814862
3322,162.53450627050714
3323,4.665749785382408
3324,3.520006108805435
3325,311.0246656155051
3326,102.27940605905818
3327,-65.49818153566483
3328,6.522835587192027
3329,1.8727693068185312
3330,192.0410161499399
3331,96.2733878523455
3332,3.792185187844676
3333,222.32539699833947
3334,116.80696083870507
3335,3.3576450232022217
3336,4.855895622875693
3337,2.5538776926530145
3338,1.7539909022138356
3339,9.869410078696443
3340,43.479628758566896
3341,66.33331396217858
3342,238.8738325108548
3343,112.38341121170689
3344,3.916124262153997
3345,268.44416816979566
3346,265.89739806250856
3347,159.36588386974086
3348,59.93741799002378
3349,5.832877956223954
3350,3.9062670611088097
3351,3.040579110839756
3352,1.814600636467944
3353,129.26100347413575
3354,48.78071917768246
3355,3.140371820942286
3356,291.85998512989613
3357,3.0123286660365736
3358,208.9630613695062
3359,128.5715900975962
3360,116.70469948838554
3361,3.2992358727547333
3362,3.4060258047088348
3363,3.41332310667786
3364,56.5133167584715
3365,154.68194318842217
3366,21.78794690533097
3367,3.325827597487653
3368,162.3255285316629
3369,4.257793052309536
3370,62.96589298626912
3371,5.360399572982545
3372,200.52542054350445
3373,54.27165328522823
3374,309.61409669083844
3375,2.440618715459885
3376,2.585937074947675
3377,110.10804276634596
3378,6.115783284677396
3379,56.14862998418213
3380,340.7883743783187
3381,6.658689125376394
3382,106.87512735223238
3383,6.352715106419015
3384,76.45929503338226
3385,4.681550999533795
3386,31.337439980591682
3387,2.1834295732101365
3388,192.05977690881048
3389,225.99524664935467
3390,2.019932853653742
3391,5.64035680454331
3392,5.172637813853943
3393,184.53173551137843
3394,113.54471754845345
3395,5.057440891832449
3396,5.521741936716416
3397,167.0801411845393
3398,2.2019313898424087
3399,210.7593616759266
3400,189.15305106737284
3401,5.2051293900114155
3402,1.0472998626593806
3403,76.73703562383879
3404,149.54626611479486
3405,184.31499516375857
3406,209.14166020211573
3407,4.062374489415953
3408,93.33293511543366
3409,117.35337531243852
3410,6.100159187514563
3411,5.75729373227318
3412,55.49829098476352
3413,2.1541954529095446
3414,6.778825249403342
3415,114.37144541860461
3416,86.50103024088722
3417,185.2004652336139
3418,160.1853968572114
3419,56.97153597063131
3420,31.685922730817747
3421,-33.26760500844797
3422,171.74502987661862
3423,2.0584245740222986
3424,3.8392100775503937
3425,26.296769109739976
3426,3.5229625254783303
3427,62.133447484691196
3428,2.849257898578949
3429,324.5725120478133
3430,312.6565907067637
3431,90.38992934998242
3432,6.023637989237613
3433,99.21060234571343
3434,1.9878562669439777
3435,312.83847289272404
3436,233.52327541308557
3437,3.428888313688226
3438,38.491640806300104
3439,276.17596347550915
3440,6.271236826314111
3441,4.842169111288554
3442,246.40597617285752
3443,5.068800357391741
3444,188.49545874492046
3445,3.490535293883566
3446,5.554161153365944
3447,281.25176500126264
3448,4.665488630618821
3449,5.619436696081553
3450,107.16731424284939
3451,201.33848447129566
3452,2.040948624802641
3453,2.3724418055839407
3454,18.94144332291093
3455,4.229870840900372
3456,5.958215639141101
3457,3.9643619551963227
3458,6.1815212836652815
3459,184.06275644722768
3460,-65.40025013919036
3461,3.785467680827437
3462,41.928644735673124
3463,225.4087924537865
3464,4.529370867098819
3465,2.6841952137171887
3466,6.672085911791701
3467,78.97630526580258
3468,38.614323920834224
3469,321.7043714517794
3470,154.9871218486667
3471,26.989405311371687
3472,262.5242149129759
3473,7.114728678885671
3474,3.5510807182336626
3475,4.747015355024852
3476,35.80413030238323
3477,3.5459890490482127
3478,6.320567038797149
3479,2.592027369546697
3480,106.70579094013
3481,140.08489209182645
3482,88.75344669351848
3483,34.254427994807486
3484,181.135417468052
3485,2.3538251187935253
3486,203.80991618386486
3487,5.952201932234115
3488,4.690934588421665
3489,2.868810828575842
3490,5.827104032427818
3491,3.290768334699061
3492,2.50276813477686
3493,301.0166551880506
3494,162.19078791092687
3495,6.398310457710134
3496,-2.991967017706007
3497,4.684354120725866
3498,6.645153621749796
3499,3.3744900027479474
3500,103.37286895852185
3501,282.4228791174437
3502,6.179893588321073
3503,4.002955064675593
3504,64.58938872129285
3505,160.43804295912153
3506,85.00322159087041
3507,6.244311574436389
3508,3.4942743033989
3509,3.0266406137442354
3510,263.06985909131106
3511,1.980600272111522
3512,79.62274585726273
3513,81.47172471956513
3514,3.158870250849105
3515,55.5177572157474
3516,3.2858934877259562
3517,210.10356665672725
3518,4.264629343179619
3519,227.50275600022707
3520,307.05525467273935
3521,1.8605130968151988
3522,22.592795159834786
3523,4.793343337004062
3524,6.440138942022212
3525,5.302139543790119
3526,37.58701884487708
3527,1.6041635303420099
3528,302.63421083213603
3529,192.7382315031664
3530,2.4252839922873615
3531,83.53553700283648
3532,257.2788993774717
3533,57.37476995822002
3534,8.603086135635454
3535,86.39744149854701
3536,3.3683553102029546
3537,86.38027761149796
3538,6.652932149339204
3539,42.02495906556457
3540,165.6261270681349
3541,-20.52714207361868
3542,3.0554593678842905
3543,167.83705931128597
3544,26.682017879614495
3545,2.574430298400546
3546,6.165875685847701
3547,176.3522284551457
3548,4.986277696903975
3549,1.733099980832927
3550,4.491512481046077
3551,4.5787942178229795
3552,5.703629422556964
3553,6.87021576434336
3554,153.65663931985938
3555,4.281860344015742
3556,1.9725549626947878
3557,111.94243092429632
3558,5.0302126454146725
3559,100.6203420307361
3560,68.87103654859959
3561,6.249952436202454
3562,33.08846560815211
3563,-42.999588219528825
3564,5.921060843083363
3565,5.284190595781494
3566,174.82582948975883
3567,1.9730238088300343
3568,239.10462980787648
3569,187.04585036022235
3570,38.21930788115904
3571,193.2917889813991
3572,1.8899558997707635
3573,6.075070917446504
3574,5.767534941523971
3575,1.6983752943239294
3576,4.829843581740089
3577,5.643924073103228
3578,63.76219554246709
3579,2.0128837115800975
3580,76.8429496994749
3581,247.11125578977783
3582,49.61911149099986
3583,71.67403619505345
3584,6.655583566701773
3585,25.11712584001892
3586,5.877581854804408
3587,61.13997656999223
3588,3.1993126203433864
3589,239.98711205785116
3590,3.242379128027705
3591,3.3759494060229875
3592,200.23278039703152
3593,4.878834711506786
3594,32.977625783583775
3595,6.6516553085554895
3596,18.08209468281572
3597,290.4507395665991
3598,73.57226999399882
3599,60.99061224861236
3600,2.534569049813903
3601,311.2659649710903
3602,14.283940351210646
3603,5.4478595496015805
3604,2.9902087026427338
3605,159.90514087353384
3606,2.108238208078307
3607,4.036649367696935
3608,268.0302410918356
3609,172.7888572853452
3610,36.18262258573269
3611,5.812979908028479
3612,263.9032708767391
3613,6.269534629542547
3614,4.952196811874768
3615,6.661654060095675
3616,56.4383720153815
3617,4.994275239620574
3618,3.1011372654102405
3619,-76.6691464683654
3620,28.3418975088728
3621,89.50635472493758
3622,5.263058016859934
3623,253.03503809731103
3624,4.137353657224179
3625,125.23014556697635
3626,45.55726848634082
3627,32.97615242180377
3628,6.145909587476903
3629,46.662804952998414
3630,279.9700173190057
3631,312.2894560755182
3632,251.25481452522246
3633,249.41760566632135
3634,131.30726879599737
3635,131.96935482269492
3636,4.881792675079947
3637,41.06447983671393
3638,60.81974342878224
3639,5.1099540993400545
3640,297.9743854566749
3641,212.2522400669142
3642,143.43822393406435
3643,202.40611834371254
3644,6.592753857664899
3645,126.25136794745151
3646,2.4119851854461505
3647,6.254494490179037
3648,241.23698145659472
3649,-5.18446146998116
3650,3.3050595011486177
3651,203.24930067523457
3652,40.12910526642044
3653,24.36156832759095
3654,65.12112575315491
3655,2.055370057616063
3656,156.0382285884207
3657,5.759534295991329
3658,8.305904376117097
3659,4.6681614746530755
3660,5.930738181182785
3661,51.396183671431665
3662,2.016303759483264
3663,5.747867182846329
3664,117.55061547319472
3665,4.473563228600705
3666,277.07220494981857
3667,243.70878294448312
3668,251.03623356234203
3669,230.92603664201482
3670,7.746679232159115
3671,6.418367124729282
3672,209.10342491752692
3673,5.467317657930538
3674,302.5576772433303
3675,138.27774875677486
3676,59.0647791031173
3677,36.0400200267003
3678,-6.4225257347594225
3679,3.94360772570209
3680,3.908173654346321
3681,162.49781978525567
3682,81.14721118084509
3683,166.61738845687597
3684,40.7226515853899
3685,152.0318072334901
3686,285.9384214166443
3687,88.69493449587172
3688,297.0519598174771
3689,2.4154306407945594
3690,185.8535984013232
3691,174.49573887390423
3692,284.4999052271379
3693,270.0008270570581
3694,1.7453354253304072
3695,241.54016226270932
3696,175.06524589575713
3697,0.848167330160605
3698,-44.41226696420761
3699,4.122563656144772
3700,5.847288056193064
3701,370.78812403702517
3702,3.8401130334145397
3703,3.919667756110959
3704,6.359617430800107
3705,1.2502866712500675
3706,64.65291767234872
3707,-24.908478459674576
3708,119.66542744733782
3709,3.158512246066639
3710,6.358891159429805
3711,320.4432603595387
3712,77.48056513437352
3713,5.842406963217706
3714,316.28604616778637
3715,2.5452414830409347
3716,1.9759640748339262
3717,179.4947929667646
3718,51.951078908817465
3719,173.92834698135528
3720,140.87670507215776
3721,2.771067220315564
3722,3.9675128360625163
3723,3.29602912628828
3724,1.9019805652058266
3725,57.547734405891966
3726,1.6851327384563481
3727,221.057294013858
3728,55.71074021709938
3729,-64.4577527991796
3730,171.1434386299955
3731,76.56062190475342
3732,3.5055346390346895
3733,-57.244478405163484
3734,3.033475124692902
3735,2.660335418774454
3736,-28.75056301736321
3737,6.0053642930286495
3738,200.09483136202348
3739,-15.85326853638572
3740,243.22041917600765
3741,65.44705445244246
3742,256.5876407782264
3743,2.2909601036586373
3744,64.3695286472961
3745,-22.956403335190235
3746,4.409291593951562
3747,4.996891748026758
3748,157.6572556943792
3749,81.3100126360883
3750,1.6131478386125941
3751,221.6027572410532
3752,96.6748459671059
3753,4.827262571090502
3754,3.823109590570859
3755,30.913025898410996
3756,5.595306709593933
3757,30.149352966114225
3758,6.019050659787381
3759,52.82023665700357
3760,1.913871738361101
3761,7.09890911505092
3762,5.9070155078762365
3763,128.82591273941853
3764,194.42474067736623
3765,375.2380951652833
3766,6.4432306349235935
3767,271.64589321417395
3768,50.52403970619625
3769,1.6497074683505286
3770,159.7949758874556
3771,3.263186239083968
3772,188.33081598272184
3773,237.78384637639226
3774,2.600202677944471
3775,3.418557681584897
3776,215.25484429304416
3777,6.616849332894091
3778,242.25876932922927
3779,310.3662485388159
3780,6.093399118694299
3781,6.5273163841400175
3782,1.9588853219157478
3783,1.8832097725367016
3784,5.655559596937111
3785,35.55027352003027
3786,100.77064794182617
3787,6.003250808301837
3788,6.5520147770097665
3789,311.4456463687508
3790,6.798724274127306
3791,6.497100322386037
3792,3.7060763438089257
3793,18.65886772692187
3794,8.95578115437838
3795,212.2801332536655
3796,214.62067537882413
3797,4.615473315559449
3798,190.19920624629012
3799,-57.80438810303867
3800,237.10088219139936
3801,123.75972444256374
3802,161.96885401134188
3803,75.28555445742684
3804,63.64685859408167
3805,4.729588448075177
3806,3.0591831058512096
3807,61.52747609591821
3808,3.5748008985295447
3809,-48.71599796903402
3810,2.7182242496663878
3811,4.611344046570029
3812,253.4823640287723
3813,3.8709573718044243
3814,287.94466205844003
3815,7.5328416802970475
3816,4.165620136971238
3817,43.01961145899134
3818,6.37491826629091
3819,2.455806507480462
3820,108.48800142985412
3821,8.615574629970327
3822,5.464407900492143
3823,254.40651998014158
3824,5.2870861123108925
3825,246.7907896965467
3826,6.106275408852318
3827,289.5565414773827
3828,294.03045032662845
3829,6.511363895548575
3830,235.6909843233726
3831,61.387222252398395
3832,1.8304184219155704
3833,48.052951931318155
3834,94.9051673545176
3835,3.030166529118736
3836,5.254786691696896
3837,6.6862891889144604
3838,5.835849019165588
3839,244.12603747637942
3840,5.840006885852667
3841,126.18748952187501
3842,3.7190419099472543
3843,248.4134346755978
3844,5.671136700160698
3845,6.318362213647649
3846,6.591715687924607
3847,90.85668337212438
3848,117.8536168386693
3849,216.54940303961723
3850,44.96833883084265
3851,145.75546686427597
3852,277.9883169760745
3853,5.019869370922967
3854,241.88281074645815
3855,1.9323259884423154
3856,82.1469234914247
3857,3.8634467027413217
3858,3.0134957949153294
3859,238.89630841805072
3860,6.212818315316839
3861,-60.95238586821338
3862,-11.431050459605453
3863,3.3845971566248148
3864,2.88388752746873
3865,286.6801648900167
3866,3.9990357300872033
3867,190.66776999788354
3868,4.887183178233004
3869,3.245092140597889
3870,105.2691526380495
3871,45.452318418654706
3872,3.649089671551512
3873,81.16965220572064
3874,325.06792429279625
3875,266.3152184832569
3876,110.28773740644296
3877,-70.17283374564767
3878,160.6291812437053
3879,270.64202112230225
3880,6.181154262183943
3881,3.73656236792547
3882,2.2987985803918547
3883,164.6374769640758
3884,154.58561935033774
3885,6.38101729244821
3886,5.643710976402286
3887,6.221460531706582
3888,2.621029977218766
3889,173.4078884724073
3890,1.41258845789727
3891,3.2472930378971787
3892,182.26225079497402
3893,3.4307891506967465
3894,305.7916890807356
3895,-14.738932029359377
3896,28.60307567876
3897,232.6568617802046
3898,191.33572832335634
3899,1.707639363854166
3900,69.90629824019982
3901,126.24805596939258
3902,2.7154627718936357
3903,20.120153562285847
3904,56.413510041405154
3905,3.66317239492229
3906,7.557995726633776
3907,226.04412351409889
3908,154.3278956137397
3909,3.348740909139598
3910,3.9653884276430107
3911,238.55750729691928
3912,4.4182473191992075
3913,20.01620220649434
3914,267.99198314122924
3915,6.4633330080166935
3916,5.826226276646512
3917,3.766181119322528
3918,-22.942006062847117
3919,5.104440934367253
3920,44.209928816913205
3921,65.32789788362588
3922,7.226010738273162
3923,3.2057287486795865
3924,348.9495100335573
3925,70.40010322593011
3926,2.1101075661498854
3927,242.34824676663706
3928,3.3488918606825835
3929,5.513510805485037
3930,6.228710970927663
3931,157.32984870788732
3932,3.992502374412531
3933,2.4523928002134943
3934,6.506203461412491
3935,232.73485966794422
3936,1.9328038404826695
3937,3.149240260337571
3938,3.375472432083201
3939,307.36413539302555
3940,6.407818394804115
3941,6.099737411696045
3942,5.074790095689539
3943,3.122242949083154
3944,6.889676041460268
3945,329.0832180864038
3946,210.31520980116912
3947,31.876574344984473
3948,153.3632989143718
3949,5.681548775596671
3950,233.1035704023779
3951,1.8199099091559086
3952,101.068386606474
3953,148.3286629834549
3954,2.9350418241514946
3955,5.869994868105944
3956,149.0832689096763
3957,57.65700490333833
3958,110.23264897793307
3959,213.72485849386408
3960,6.1075245017914055
3961,6.543877585755925
3962,83.17807129939852
3963,5.941947554560094
3964,116.8865826716699
3965,6.216641552288935
3966,3.390506421469539
3967,3.141349546725722
3968,181.54283669097714
3969,38.41051220481958
3970,2.7236751594487885
3971,3.5628859346611903
3972,2.866267932932919
3973,3.269278110997806
3974,35.45646742260322
3975,29.84751760209492
3976,3.654383746664856
3977,4.117852101089572
3978,3.593529181629642
3979,125.94680161155206
3980,242.9191536072946
3981,262.8143116658769
3982,5.707079411298984
3983,3.4487464246131707
3984,384.2033752259975
3985,232.47032267375081
3986,132.78032325466248
3987,90.74146807149533
3988,3.7785250060739153
3989,-7.723453887619138
3990,105.80865686741434
3991,261.3701171527135
3992,5.807037297797638
3993,5.429810714815966
3994,57.73308270615348
3995,135.8477505158875
3996,4.009166519182723
3997,118.74850160703954
3998,2.7424251421007484
3999,257.3789374886998
4000,5.653411949496315
4001,4.317788541034746
4002,70.51057012248653
4003,160.6879666966306
4004,2.4188331366699156
4005,322.53438077081813
4006,78.70159164972644
4007,6.634473314435508
4008,3.2274901309521327
4009,5.892984574586304
4010,210.2133368246062
4011,3.5407497145953784
4012,6.4304806562896095
4013,239.05348636690294
4014,5.915868252127771
4015,6.138638249146571
4016,69.99370298973719
4017,110.95828725080965
4018,101.31037362314696
4019,1.8183654666204514
4020,1.962118804762853
4021,115.1357847307752
4022,56.84132057798475
4023,4.550010239223712
4024,111.77030761343696
4025,73.96015167528856
4026,16.548175563171583
4027,262.1462122582939
4028,98.39964290464705
4029,7.131828032047525
4030,2.3439377587552945
4031,110.8065229932188
4032,79.22122755942452
4033,3.239352436312087
4034,226.3175468405508
4035,118.13755893008621
4036,4.05819105541649
4037,4.000846375308944
4038,5.999745476787301
4039,5.870819478879985
4040,104.14647711479208
4041,316.4988673469221
4042,66.3574916873908
4043,254.7581861191853
4044,4.566460390390269
4045,43.10715422090507
4046,5.914309277440881
4047,4.260524454270814
4048,266.3879666896624
4049,120.8211363768606
4050,274.67500302978874
4051,45.96164345134665
4052,2.504924508354106
4053,4.262033003642692
4054,5.690826856790645
4055,4.86092457828613
4056,246.76994971236218
4057,6.8771607018975285
4058,261.86816003466214
4059,69.80471659577705
4060,239.8185933538454
4061,122.08273280363821
4062,3.8297557879696087
4063,1.9593670926472904
4064,165.282694660291
4065,1.910022112599415
4066,82.08443854395875
4067,178.13904091215224
4068,194.9742331698798
4069,337.25866640651117
4070,2.7422012489530876
4071,2.75117479885354
4072,1.8480998959108543
4073,3.0592922032713457
4074,3.9914700095677067
4075,-7.910936492239626
4076,47.89779119177981
4077,4.777227500995085
4078,6.159727496473767
4079,7.217576032106861
4080,270.271605685251
4081,3.6826636212459043
4082,86.56423564537297
4083,3.77343370465269
4084,34.138501820979684
4085,36.76114889673281
4086,-1.2011292990046698
4087,4.203406186434185
4088,4.999382794515375
4089,89.89165842960523
4090,153.16006032089305
4091,4.616293252015262
4092,58.5887547582707
4093,36.32409241317973
4094,4.804544771278547
4095,6.582995305616602
4096,2.4948136089376907
4097,2.5560268752884836
4098,2.4154276073636907
4099,-7.547286057586154
4100,25.433166524297516
4101,7.015602002375119
4102,4.4770999743085955
4103,64.79410162514723
4104,188.7976616107826
4105,6.000091532157399
4106,117.69282152384149
4107,77.72009485464349
4108,68.72815928918064
4109,233.958692873158
4110,5.882975888232881
4111,94.38192186490052
4112,60.173841165780104
4113,3.2935686796093364
4114,5.192856995814079
4115,71.95864516732748
4116,164.59969920303212
4117,85.50876311452262
4118,264.0100775593488
4119,268.7195678715403
4120,247.3848232753353
4121,81.85899039687996
4122,-7.340813740085049
4123,2.390959931882107
4124,80.18653609923231
4125,2.3555664280045057
4126,71.7452150886225
4127,5.908154241243435
4128,1.767427101638472
4129,6.1355946195508215
4130,1.9804869917235166
4131,73.05745461828553
4132,6.194176542808979
4133,4.955900758649117
4134,107.06349008433801
4135,-7.440317873306066
4136,136.45311686245526
4137,336.12399329758836
4138,-4.119215787272632
4139,106.34710400054477
4140,67.12869901188704
4141,3.8191092605670858
4142,111.22077514869524
4143,280.3612570423901
4144,86.92046044015382
4145,189.005968027762
4146,76.7134325914861
4147,84.7026568210848
4148,265.5223546559532
4149,48.937359703858405
4150,47.52791036428144
4151,61.74062110391168
4152,135.0459252470558
4153,4.204753247370127
4154,353.6721346913886
4155,159.04013450730577
4156,3.2940521538823795
4157,12.726456797286964
4158,4.052777374547269
4159,4.191369910741816
4160,176.56128835347386
4161,188.7930152896979
4162,6.320928675244798
4163,69.2568401301242
4164,176.88648300967154
4165,-3.7689248500347743
4166,56.72207102403744
4167,113.06963412503066
4168,73.26635029269077
4169,2.4170001393981604
4170,6.927908906607453
4171,84.11399125001097
4172,4.46482474339975
4173,3.2022860910293076
4174,76.00683338531553
4175,125.45631429870451
4176,1.9602428406842827
4177,3.7297369379333998
4178,31.352652912062076
4179,130.05688741824653
4180,185.70939176454482
4181,67.99563841851955
4182,57.2529279781584
4183,54.312938490933966
4184,186.6476458431105
4185,274.87149957762404
4186,3.107942389802875
4187,78.29524646574777
4188,4.322045619975179
4189,4.612912295803501
4190,116.84315065703025
4191,2.068863875839174
4192,24.09445024430746
4193,50.395969595090726
4194,5.889406442113702
4195,4.119538043123662
4196,127.44176219014324
4197,6.253007797527105
4198,3.131156703257466
4199,5.048071208069062
4200,275.37582771519135
4201,263.87347561822463
4202,208.98653498169503
4203,5.985799708652508
4204,96.19514187116576
4205,4.973568037159318
4206,7.613446137868718
4207,129.8350821196516
4208,134.27269790514524
4209,234.67078661211985
4210,-69.24969487658298
4211,1.9112592387025105
4212,5.817174535551233
4213,5.973108573673767
4214,7.7863818828862374
4215,3.2057111679998487
4216,2.2072216876458732
4217,2.742596322434062
4218,5.856022216681876
4219,45.52598210092625
4220,85.28343103678
4221,2.221611109829278
4222,96.25060214413365
4223,2.742372626784056
4224,7.079698612206755
4225,4.974307304170951
4226,265.89327420788356
4227,2.1363763055438825
4228,212.10799362203377
4229,117.70332809749294
4230,2.95911388097888
4231,1.9392053608544135
4232,45.647952593688466
4233,3.0037945699124857
4234,-1.7943318026529067
4235,90.11550467409884
4236,257.8937285930156
4237,166.77107786354247
4238,2.813889584241056
4239,33.47114332934928
4240,-0.7249110216225911
4241,39.882319371932944
4242,200.37840258850912
4243,-58.80520500117928
4244,342.3450104784984
4245,5.1083838918678905
4246,1.9753818453917626
4247,3.6498678653393988
4248,3.9774511678819007
4249,-39.80507315170958
4250,8.90130278710583
4251,279.40063755151994
4252,6.428893491571746
4253,6.21836706504864
4254,5.276432207364823
4255,-51.358899309395184
4256,0.7160066011960058
4257,106.56609877826813
4258,2.4649025045145057
4259,1.5917669670847052
4260,89.01088301113869
4261,2.463198551552865
4262,249.55640706178596
4263,95.19305247551317
4264,2.4390462879577504
4265,41.00117511113219
4266,4.1775385154053275
4267,5.812141913026685
4268,6.097785731005104
4269,158.68823065622206
4270,212.09238384333395
4271,138.4364158151969
4272,4.553993633658695
4273,7.726789303649476
4274,105.90514574290765
4275,6.604046933001278
4276,308.3188227353405
4277,219.30729455676146
4278,361.75785193284304
4279,318.0636079886133
4280,85.92612899237724
4281,61.959157752403
4282,18.72191042575305
4283,6.714199473347985
4284,4.385419331749801
4285,115.25684551846206
4286,267.0787111328819
4287,1.7332435589875241
4288,121.00345331643322
4289,222.06924565307446
4290,209.22871770708514
4291,3.1604057905871943
4292,5.0929261836333275
4293,-10.171856167571978
4294,-52.96651510622684
4295,1.064410044832514
4296,5.555383470264353
4297,6.749879709547154
4298,5.719328816491925
4299,57.05895367408072
4300,51.58009388007667
4301,-1.7595688368434965
4302,90.41766762645561
4303,2.3831523645985997
4304,-34.53371617397855
4305,3.7983565871215377
4306,292.12022912366217
4307,2.873007660832371
4308,33.73800759910414
4309,4.710686379694013
4310,2.853130696560477
4311,19.999556016273505
4312,247.82186311562438
4313,3.2066055976769023
4314,2.631491350721697
4315,227.6209795088601
4316,1.4064848649597534
4317,177.6064765790256
4318,5.946189500826506
4319,58.875132650566016
4320,128.8034850156408
4321,4.767143509699044
4322,297.98271966020195
4323,71.60039022031992
4324,3.37584051063648
4325,6.33040466275256
4326,3.653767227416714
4327,114.46086775342008
4328,153.26035054754195
4329,216.9643002486324
4330,22.407639310624205
4331,2.940238144346299
4332,2.3401386868345493
4333,258.69500864757237
4334,3.1023079022477473
4335,2.9929589957602483
4336,2.134016180693588
4337,6.169267692364912
4338,9.614075987233532
4339,5.051438951057361
4340,-3.9859279104606573
4341,80.24697820883243
4342,201.4848161100688
4343,175.15012305168477
4344,148.9980114892685
4345,5.905972824204169
4346,4.8610309237300084
4347,223.73034792826058
4348,5.73021632922083
4349,134.0518082943567
4350,-4.27134877366423
4351,137.29877046176009
4352,185.71624548409392
4353,4.971886214682047
4354,148.3963515598383
4355,123.95087495495397
4356,1.882725495121701
4357,4.992401875516513
4358,302.8828796375543
4359,191.57620274826493
4360,3.0974387425759167
4361,9.040464511007357
4362,0.33024013418405895
4363,3.6474744661704275
4364,4.905406474913144
4365,1.6247388457647776
4366,3.2798886839917474
4367,252.12813377273355
4368,-10.16534117678289
4369,73.39111624548858
4370,6.418187296417515
4371,204.90065177794764
4372,82.83645945567874
4373,321.7566755107253
4374,6.659544715640121
4375,231.19907948128122
4376,269.1278073370443
4377,5.3622619199111785
4378,6.192085065608808
4379,188.29492444403493
4380,3.1426478656647023
4381,2.2635711263223124
4382,6.647692175415614
4383,27.181786340122752
4384,5.417191370238753
4385,230.084701137384
4386,31.988102102466502
4387,308.76405996879635
4388,80.40029464434937
4389,6.616535488059915
4390,4.291930048169681
4391,4.055047710372018
4392,2.6031916962405393
4393,132.30784170575674
4394,99.72309582399997
4395,3.03611720848442
4396,2.9052335723383274
4397,2.5393975524121597
4398,6.392136545051466
4399,2.5783670569031516
4400,229.51953033055145
4401,6.623067491371193
4402,246.86858378158678
4403,273.01530015898845
4404,266.57302178945724
4405,347.7163148002225
4406,41.006926353648815
4407,87.57122565933165
4408,6.36166037424265
4409,110.69010069833827
4410,-71.79726335367533
4411,2.533538544635985
4412,283.4539934527417
4413,213.58425920293288
4414,3.931850330643012
4415,195.72771657281598
4416,73.43175367806282
4417,2.748145786447323
4418,211.46123802256693
4419,263.6043361645771
4420,328.50907513341997
4421,337.91661351128784
4422,2.047521698878329
4423,2.428898641130915
4424,54.88390218876295
4425,174.96701326852198
4426,5.602422295711888
4427,223.00745171508157
4428,6.0807616321512015
4429,4.771940068268544
4430,5.288625161097579
4431,184.14823716443544
4432,3.7918048877191195
4433,3.916009847178854
4434,127.33952136650103
4435,5.821652892583236
4436,6.1467387278102565
4437,11.183154045058608
4438,102.50136716344745
4439,7.731796289535853
4440,268.18528023825695
4441,2.2745753181478907
4442,277.48682811546814
4443,6.440415185598127
4444,268.97763311431606
4445,3.9191669449077717
4446,3.7048629558971444
4447,87.09912545801146
4448,5.0402390270261686
4449,-13.573544717043013
4450,119.47028824025749
4451,108.15544841567201
4452,289.6054518527697
4453,245.06056534550166
4454,4.995541029813789
4455,5.753243785329114
4456,196.27994703725668
4457,3.917324903168113
4458,6.993544455116751
4459,91.64823169637351
4460,0.5668417922184291
4461,68.75315587238872
4462,169.52645528017365
4463,43.649437687697734
4464,3.9080774306856165
4465,93.36959071352294
4466,4.626866104166895
4467,-6.492473187464014
4468,1.7713700577044447
4469,2.219874392441503
4470,4.847496906189747
4471,2.595795509840333
4472,217.51068681355073
4473,4.103277453644681
4474,237.09995492849674
4475,3.983735786668876
4476,91.23149848932208
4477,5.875304253479741
4478,4.317873609150959
4479,118.45271906606644
4480,277.26485198788134
4481,3.959844929152673
4482,202.70462764069748
4483,56.89065949677589
4484,302.58049787749536
4485,215.574767860237
4486,2.1741177558287226
4487,117.56092654792054
4488,62.00776450690543
4489,-31.964958825089077
4490,89.86845479114584
4491,5.429711730273074
4492,277.42199865890086
4493,289.66183336722816
4494,1.255498006606905
4495,2.6699749063228126
4496,81.71065806107765
4497,6.698852411494433
4498,210.6929378135826
4499,314.31228288191716
4500,148.37980513099944
4501,6.005832830208329
4502,5.90549164779219
4503,140.82605346565035
4504,6.447294871128666
4505,93.76138950635321
4506,2.6503242726002765
4507,16.750271030697192
4508,152.8750570601693
4509,64.57203054465533
4510,2.2119665107144564
4511,230.80361636662226
4512,61.44660883164977
4513,70.84584932458384
4514,3.1237355416886614
4515,3.114453345788185
4516,3.3577085833498583
4517,5.228700168453125
4518,28.731535781689438
4519,122.89174374261972
4520,68.17416605668069
4521,2.9476063065624865
4522,71.75408520107129
4523,6.69499743805016
4524,233.09811983844796
4525,24.194156374589927
4526,2.267183395834668
4527,110.39782923661448
4528,111.47522387421884
4529,107.89159142677174
4530,170.76758714642895
4531,4.312379365855828
4532,4.476525926980496
4533,4.64339978810305
4534,66.31735543910573
4535,6.221109835693275
4536,1.8972094421099968
4537,1.8119287754666522
4538,6.2962137286387305
4539,316.4490138594883
4540,183.22688674747505
4541,3.60595350757958
4542,2.7010936153914145
4543,211.91658180351322
4544,41.66673724451263
4545,5.3003929939572
4546,41.69366212938236
4547,5.823930716590592
4548,187.36629875506003
4549,4.528521514308237
4550,211.32986515312206
4551,30.591679531791275
4552,115.98771194287318
4553,122.00798426733206
4554,4.582268120511936
4555,176.4564700945532
4556,278.2973329921634
4557,5.0383795354412735
4558,4.376274822081768
4559,74.02428712049456
4560,7.296940868936753
4561,5.260047724853372
4562,194.21078924566322
4563,48.783159575070705
4564,270.3309626304367
4565,46.5991469626256
4566,218.7074443568897
4567,288.7313437861415
4568,149.5294365446699
4569,5.076870126920128
4570,174.12586997797143
4571,278.12379129960567
4572,5.276493380221804
4573,3.1950883690194183
4574,1.8341750263417085
4575,5.783251679777526
4576,171.1748028428854
4577,233.2341524208611
4578,75.87013537994127
4579,26.21555005393975
4580,0.8280403114647268
4581,361.94128141711155
4582,32.707859728911615
4583,0.8934324813919875
4584,291.6408359596602
4585,43.93042306379968
4586,6.359036494087247
4587,3.3164239692121087
4588,1.7100580093654576
4589,3.420778290344973
4590,3.0819142931496315
4591,58.611465924439585
4592,5.183350456706624
4593,119.96426910360115
4594,-8.735523205668622
4595,2.331608727891395
4596,77.24477479739213
4597,148.1380952234045
4598,4.449185737776219
4599,-36.97888806659025
4600,81.25538090545649
4601,7.204191219932847
4602,5.340045452507714
4603,5.581712183025461
4604,85.60652882828302
4605,1.9928648904390525
4606,119.48074439678626
4607,60.45590714257654
4608,4.227580213694047
4609,202.04959567688945
4610,152.51129952552674
4611,90.76888934542878
4612,3.5923893016506194
4613,-56.42646313709665
4614,81.97283359460152
4615,-27.22445275579694
4616,4.392285631012708
4617,4.800709871994654
4618,3.8330043507935088
4619,6.123281042273413
4620,6.678720038526479
4621,90.06949549652171
4622,4.1770487802701055
4623,6.0188265500069
4624,0.9908885447931406
4625,81.94836046629898
4626,46.77707145426963
4627,5.273057400912357
4628,6.02044995119282
4629,85.0307466355889
4630,5.681980674831708
4631,-3.605625810927573
4632,6.509612674742003
4633,229.9062608207337
4634,5.891573602107034
4635,5.714172104762698
4636,91.22243138148346
4637,6.75349585889554
4638,384.2794113579458
4639,296.29215466369857
4640,2.284717791787288
4641,217.38486100191145
4642,154.0130362822026
4643,52.136399271776305
4644,15.427725478313572
4645,5.925514449139818
4646,53.90630800497292
4647,5.050410897826514
4648,151.70390732151844
4649,107.5975183658795
4650,138.8263136385263
4651,51.38889148441435
4652,4.882224643007372
4653,248.9823309568047
4654,-3.998042874973033
4655,5.533451026080722
4656,3.3195487952955784
4657,3.1563171787367823
4658,5.980620753111055
4659,65.68386272869951
4660,1.6247947247695884
4661,2.635294641541895
4662,4.288225369774437
4663,106.33657990335855
4664,5.969360867255591
4665,155.73192782047016
4666,253.91308895289853
4667,1.7744116024621426
4668,111.99556069284161
4669,273.6043759060647
4670,65.41472750344381
4671,2.1248890930220043
4672,1.1241499196618312
4673,75.83226583285474
4674,253.9426555707422
4675,1.776953309432744
4676,113.38570025122668
4677,46.18890340269162
4678,5.537845997831124
4679,66.07018345321902
4680,4.6340492063711896
4681,2.3001865642557267
4682,167.3889335936687
4683,150.74598343065597
4684,120.08621372557697
4685,237.09005246052118
4686,3.588521627996398
4687,239.72615801933622
4688,327.4860039591592
4689,121.08245192914411
4690,5.802529040848907
4691,6.6822260220748415
4692,4.483362525779438
4693,83.87455490621538
4694,4.509518846703241
4695,376.00732688451114
4696,4.565730919842518
4697,2.500695117549585
4698,4.663235299510478
4699,3.7910735171132686
4700,97.49683255802269
4701,5.757962617975976
4702,1.9324894444373826
4703,3.4090809681405507
4704,4.874314375805381
4705,272.49773485972173
4706,3.464086759854312
4707,4.930648146469459
4708,2.9619836389297594
4709,76.82868341758594
4710,181.4783935328278
4711,6.2597543037421595
4712,223.87685631292626
4713,4.124611287356221
4714,5.58465499150957
4715,69.35614990338567
4716,24.434552156543095
4717,7.027942835073118
4718,6.034143138351549
4719,190.28598764382158
4720,180.8576770100031
4721,6.129917351391504
4722,3.85616671281369
4723,6.447715828403681
4724,82.1249283882104
4725,149.64924181145338
4726,3.4727478727718237
4727,293.2292811280569
4728,239.8033268466603
4729,3.9435750577569877
4730,188.46300075715433
4731,112.11520007547544
4732,-8.047628071878783
4733,5.4370031452513965
4734,6.234437375015261
4735,5.55033805370118
4736,2.8364947724418106
4737,77.08508035336759
4738,2.0500053519706283
4739,158.53963229677743
4740,315.2554424019133
4741,4.748921462811826
4742,96.03058313514997
4743,5.774691084535184
4744,246.55968974452082
4745,72.51954940720745
4746,4.210669607162888
4747,2.9109825919437555
4748,3.044591168714464
4749,6.047112153499871
4750,5.805163240762925
4751,4.158092461958991
4752,98.58926602375946
4753,145.12063338488232
4754,151.0691162427261
4755,4.253011774267468
4756,1.9883525794761228
4757,3.8281878493155403
4758,67.77469474524774
4759,100.25484688422033
4760,4.462090314958143
4761,3.1951729631403034
4762,173.04071356986168
4763,211.41177333407597
4764,2.4192175966194074
4765,338.21472862605106
4766,36.9570707825654
4767,78.2275825509311
4768,30.0080264692486
4769,-46.907350528495435
4770,35.4676832242561
4771,40.48371316385332
4772,4.07653229354458
4773,4.031932559410554
4774,147.6124573024832
4775,2.195057071110721
4776,2.7994779682020723
4777,146.76203639095323
4778,5.2003042615406585
4779,31.70412802533236
4780,2.6456019045325547
4781,46.741352752218795
4782,4.210085685226774
4783,3.9946471704924105
4784,2.6592371746408165
4785,69.84363136939719
4786,67.14159546692206
4787,5.80481922952834
4788,4.2722176685072935
4789,3.558934060159366
4790,152.27201406040356
4791,188.53789146015487
4792,4.5644798913666875
4793,167.509592438702
4794,56.70351386127817
4795,247.00691012843524
4796,3.177972755674821
4797,153.4778618305838
4798,5.8933155257176715
4799,4.198749151791305
4800,349.4628185104604
4801,3.6314029023593317
4802,4.818043409719803
4803,265.42597493771217
4804,1.7498425606502743
4805,252.2336178301303
4806,4.660656251079798
4807,3.2771511957980604
4808,66.32114656987224
4809,84.6234938966221
4810,1.676265324764944
4811,2.0349963917625162
4812,5.18443862636704
4813,285.14683061185883
4814,238.24503175157378
4815,2.706950294201008
4816,2.4472642094734054
4817,5.65691750919361
4818,1.6683476905302672
4819,71.12202501322011
4820,2.274513624839052
4821,197.03309920137474
4822,94.74189904345391
4823,4.672141161929568
4824,3.062144017733414
4825,267.3346006718079
4826,5.046125888782923
4827,5.721529909272735
4828,214.52278599322088
4829,132.71866771951863
4830,112.10184838153279
4831,163.19436110886525
4832,7.073444292550797
4833,3.8470685830047073
4834,124.93442064201336
4835,3.600219561692952
4836,6.304186613838159
4837,217.93306188903938
4838,38.75430925972523
4839,309.439658487172
4840,3.2583259887659826
4841,143.0480663478034
4842,26.000541141058157
4843,2.2575316085038497
4844,4.111769116598224
4845,4.794241804669466
4846,7.187082840040886
4847,3.8456814779474318
4848,2.292792522127205
4849,4.567071135672695
4850,6.827002205484919
4851,5.983303836477867
4852,101.4865335856537
4853,273.8389937049171
4854,2.531848042768125
4855,3.232753032431963
4856,177.02873038846965
4857,230.72823116732536
4858,281.92106894945215
4859,137.16364940952224
4860,254.6821595635284
4861,5.0016084412501085
4862,108.57422371413301
4863,7.22057343543403
4864,5.497689523403272
4865,1.9509896101018505
4866,1.1335696014910899
4867,3.268069086245473
4868,84.98801381104063
4869,0.9023346911556246
4870,117.84017014985554
4871,6.538795558375517
4872,2.257696339169529
4873,299.7168637883302
4874,-12.781054821159554
4875,3.077212138469692
4876,212.1863446233838
4877,6.34402998993021
4878,104.20761354914401
4879,78.8597115708867
4880,5.736077311818534
4881,5.887886254312536
4882,43.457059262302806
4883,1.8038049344866203
4884,77.59147335612222
4885,-55.23638616150405
4886,236.84104570418376
4887,4.547333436387514
4888,279.67924685520615
4889,67.67471814064895
4890,229.2784217475549
4891,117.98337895462728
4892,1.763637683867393
4893,5.9039529958489565
4894,82.2185368083378
4895,6.673603981288315
4896,5.876301531273297
4897,6.573075084753848
4898,-4.3363403494291735
4899,193.68961045016178
4900,2.8176265440230983
4901,259.743453405217
4902,4.208801306487914
4903,151.67944711248305
4904,371.67355616361294
4905,86.35186685193949
4906,170.61007879409837
4907,189.1079118249751
4908,4.719847666641378
4909,121.69057550315576
4910,173.01169495523737
4911,102.56077011178145
4912,5.292785434654914
4913,234.79937004504907
4914,184.45597027250457
4915,3.718560936299536
4916,5.035560866313566
4917,6.322678485222477
4918,2.957839301946257
4919,30.266559103651826
4920,1.9526298447247838
4921,-5.160066459830936
4922,158.4526167741241
4923,211.79155381946796
4924,5.559219722096197
4925,2.540176880955343
4926,1.3067235941922088
4927,5.715899499883255
4928,3.3069637968731005
4929,99.21948341870507
4930,96.98566709125754
4931,0.02075763508193998
4932,5.9264459193538395
4933,222.9596346538612
4934,-56.86534343607069
4935,59.6917769309099
4936,255.631517993126
4937,36.38599000185324
4938,77.86150297756194
4939,61.23426358429806
4940,3.880078795764155
