smiles,target_type,target,pred
*OC(=O)c1ccc(cc1)C(=O)OCC(C(C*)CCC)CCC,tg,19.67,6.312623430678012
*C(C*)c1ccc(cc1)C(O)C(F)(F)F,tg,110.0,152.4884489385277
*CCCCCCCCCCCC(=O)N*,egc,6.0986,6.097872418398237
*Nc1ccc(-c2ccc(-c3ccc(*)cc3)s2)cc1,eps,5.91,6.239900964032981
*NC(=S)OC(*)=S,eea,4.0637,4.112870486861803
*N1C(=O)c2c(C1=O)cc(cc2)Oc1ccc(cc1)C1(CCC(CC1)c1ccccc1)c1ccc(cc1)Oc1cc2c(C(=O)N(C2=O)c2ccc(cc2)Oc2ccc(cc2)C2(C3C4C(CCC4)C(C2)C3)c2ccc(cc2)Oc2ccc(cc2)*)cc1,tg,255.0,250.93257915455973
*CCCCCCNC(=O)C1CC1(C)C(=O)N*,egc,6.1739,5.841463785181142
*Oc1ccc(cc1)Oc1ccc(cc1)Oc1ccc(cc1)NC(=O)c1c(cc(cc1)c1cc(c(cc1)C(=O)Nc1ccc(cc1)*)C)C,tg,200.0,207.86744502202055
*CC(*)C(=O)OCCCSCC,egb,5.1212,4.793956945061436
*CC(C)(C)COC(=O)NC(=O)c1cccc(C(=O)NC(=O)O*)c1,egc,4.9585,4.972740508198768
*C(=O)C(C=C1)=CC=C1C(C=C2)=CC=C2C(S3)=CC=C3*,egc,2.8474,2.8243137334785042
*Oc1ccc(Oc2ccc(NC(=C(C#N)C#N)c3ccc(-c4ccc(-c5ccc(C(Nc6ccc(*)cc6)=C(C#N)C#N)cc5)cc4)cc3)cc2)cc1,egc,3.2228,3.2683362355841337
*CC(OC(=O)OCC)C(COC(=O)O*)OC(=O)OCC,egc,7.1757,7.019085320006189
*OC(=O)CCCCCCCCCCC(*)=O,egc,6.499,6.294875609430347
*Oc1ccc(cc1)C(c1ccc(cc1)OC(=O)*)C1C2CCC(C1c1ccccc1)C2,tg,196.0,216.93464350705202
*Oc1ccc(cc1)C(=O)OC(COC(=O)c1ccc(cc1)OC(=O)c1ccc(cc1)C(=O)*)C,tg,87.0,126.56160551936534
*c1oc(cc1)C(=O)OCCOC(=O)*,tg,85.56,107.35980619407589
*N1C(=O)c2c(C1=O)cc(cc2)Oc1ccc(cc1)Oc1cc2c(C(=O)N(C2=O)c2ccc(cc2)Cc2ccc(cc2)*)cc1,tg,257.33,267.5838701835555
*C(C*)C(=O)Oc1c2c(ccc1)cccc2,tg,85.0,66.46060268145088
*c1ccc(-n2ccc(-c3ccc(-c4ccn(*)n4)cc3)n2)cc1,egc,3.3335,3.161859709740362
*Oc1c(cc(cc1)C(c1cc(c(cc1)OC(=O)*)C)(CCC#N)C)C,tg,117.0,113.40736834541336
*CCCOC(=O)N1CCC(*)CC1,egc,5.7499,5.749532660303342
*OC(F)(F)CC(*)(F)F,ei,9.6085,10.009508748984736
*Nc1c(ccc(c1)NC(=O)C(=O)*)C,tg,-54.65,23.225704972318145
*N1C(=O)c2c(C1=O)cc(cc2)Oc1ccc(cc1)c1ccc(cc1)Oc1cc2c(C(=O)N(C2=O)c2ccc(cc2)Oc2ccc(cc2)*)cc1,tg,229.0,254.86253061700916
*CCC=C(*)Cl,egc,5.461,5.217251327476579
*C(C*)c1ccc(cc1)COc1ccc(cc1)c1c2c(nsn2)c(cc1)c1sc(cc1)C,tg,128.33,124.53947072148542
*Oc1ccc(C(F)(F)C(*)(F)F)cc1,eea,1.7411,1.9712526101162757
*NC(=O)Oc1ccc(*)s1,nc,1.9321,1.9388905317807497
*CCCCCCCCCCC(=O)NCCCCCOCCCCCNC(=O)CCCCO*,egc,5.6858,5.826257982138493
*SSCc1ccc(cc1)C*,tg,23.0,32.64321822700135
*CCCCCCCCCCCCOC(=O)c1cccc(C(=O)O*)c1,egc,5.1678,5.058979442156296
*c1oc(nc1)c1cc(c(cc1)Oc1ccc(cc1)S(=O)(=O)c1ccc(cc1)Oc1c(cc(cc1)*)C(F)(F)F)C(F)(F)F,tg,210.0,223.76970995343694
*c1sc(cc1)Oc1ccc(cc1)C(c1ccc(cc1)Oc1sc(cc1)C(=O)c1ccc(cc1)C(=O)*)(C)C,tg,154.0,145.6825283064498
*C1(c2c(C(=O)O1)cccc2)c1c(cc(c(c1)C)Oc1ccc(cc1)S(=O)(=O)c1ccc(cc1)Oc1c(cc(c(c1)C)*)C)C,tg,269.0,260.706173466499
*Oc1ccc(cc1)Oc1ccc(cc1)C(=O)c1c2c(ccc1)cccc2C(=O)c1ccc(cc1)*,tg,202.0,212.82795166761116
*Oc1ccc(cc1)C(c1ccc(cc1)OC(=O)c1cc(ccc1)Oc1cc(ccc1)C(=O)*)(C)C,tg,85.0,100.06003409716679
*c1cc2c(C(=O)N(C2=O)c2c(cc(cc2CC)Cc2cc(c(c(c2)CC)N2C(=O)c3c(C2=O)cc(cc3)C(*)(C(F)(F)F)C(F)(F)F)CC)CC)cc1,tg,266.0,266.1720358069178
*CNC(=O)NCOCO*,eps,4.22,3.9362068558658008
*O[Si](c1c2c(ccc1)c(ccc2)[Si](*)(C)C)(C)C,tg,62.0,31.43247915388173
*N1C(=O)c2c(C1=O)cc(cc2)[Si](c1cc2c(C(=O)N(C2=O)c2ccc(cc2)Cc2ccc(cc2)*)cc1)(C)C,tg,280.0,281.04155535771497
*OC(=O)OCC(C*)OCCCCCCOc1ccc(cc1)C=Cc1ccc(cc1)[N+](=O)[O-],tg,32.0,12.31975870205278
*Oc1c(cc(cc1)Oc1ccc(cc1)C(=O)c1ccc(cc1)C(=O)c1ccc(cc1)*)c1ccccc1,tg,166.0,161.50097161721092
*OC(=O)c1cc(cc(c1)OCCN(c1ccc(cc1)S(=O)(=O)C(C(C(C(C(C(C(C(F)(F)F)(F)F)(F)F)(F)F)(F)F)(F)F)(F)F)(F)F)C)C(=O)OCCN(CC*)c1ccc(cc1)S(=O)(=O)C(C(C(C(C(C(C(C(F)(F)F)(F)F)(F)F)(F)F)(F)F)(F)F)(F)F)(F)F,tg,83.0,68.37530801449584
*NCNC(=O)OC(=O)NC(*)=O,nc,1.7355,1.7688734552883656
*CNCN*,egc,5.1634,5.560371523581939
*NC(=O)CCCCC(=O)NCC1CCC(CC1)C*,tg,113.0,108.21605365123321
*OC(=O)OCC1CCC(CC1)C*,tg,38.7,35.068561049362785
*CC(C)(C)O*,egc,5.2445,5.7574754589490365
*c1cc2c(C(=O)N(C2=O)c2cc(ccc2)P(=O)(c2cc(ccc2)N2C(=O)c3c(C2=O)cc(cc3)C(=O)Nc2ccc(cc2)Oc2ccc(cc2)NC(=O)*)c2ccccc2)cc1,tg,235.0,227.54986866082683
*c1sc(*)c(OCCCCCCCCCCCCCCCC)c1C,egc,3.676,3.6408055135737105
*C1c2c3c(cccc3ccc2)C1*,tg,282.85,305.01947282278394
*Oc1ccc(cc1)NC(=O)c1ccc(cc1)Oc1ccc(cc1)C(c1cc(ccc1)C(c1ccc(cc1)Oc1ccc(cc1)C(=O)Nc1ccc(cc1)*)(C)C)(C)C,tg,155.0,148.37070399151074
*C1C2C(C(=O)N(C2=O)CCC)C(C1)C=C*,tg,139.0,112.5335177933235
*NC(=O)c1ccc(cc1)C(=O)NCc1c(cc(c(c1)C)C*)C,tg,225.0,189.97563598884247
*CC(=O)c1ccc(C(*)=O)s1,egb,2.9786,2.965139433138742
*C1OC(CO1)COC(=O)CCCCCCC*,tg,-23.0,-35.984327569198314
*c1cc2C(c3c(c2cc1)ccc(c3)c1ccc(cc1)*)(CCCCCCCC)CCCCCCCC,tg,81.0,87.43788938968162
*Oc1cc2c(C(CC2(c2ccc(cc2)OC(=O)c2ccc(cc2)C(=O)*)C)(C)C)cc1,tg,252.5,258.4974048196184
*c1oc(nn1)c1ccc(cc1)c1oc(nn1)c1ccc(cc1)[Si](c1ccc(cc1)*)(c1ccccc1)c1ccccc1,tg,274.0,287.2204315223011
*C(C*)Cc1ccccc1,tg,63.33,29.3765675356253
*OC(=O)CCCCCCC(*)=O,egc,6.0659,6.1398658042237555
*Oc1ccc(cc1)C(=O)OCCN(CCOC(=O)c1ccc(cc1)OC1(C(C(C1(F)F)(F)F)(*)F)F)c1ccc(cc1)C=CC1=CC(=C(C#N)C#N)CC(C1)(C)C,tg,143.0,113.8741341469721
*NOC(=S)O*,ei,7.5682,7.461872423063504
*N1C(=O)c2c(C1=O)cc(cc2)c1ccc(cc1)C(=O)c1cc2c(C(=O)N(C2=O)C(=C(*)C#N)C#N)cc1,tg,249.0,265.79881366409757
*Oc1c(cc(cc1)OC(=O)c1cc(ccc1)Sc1ccc(cc1)OC(=O)c1ccc(cc1)C(=O)Oc1ccc(cc1)Sc1cc(ccc1)C(=O)*)C,tg,106.5,115.68773654782638
*c1cc2c(C(=O)N(C2=O)c2ccc(cc2)N2C(=O)c3c(C2=O)cc(cc3)C(*)(C(F)(F)F)C(F)(F)F)cc1,tg,348.86,340.92794350100246
*Oc1ccc(C(=O)NNC(=O)c2cccc(C(=O)NNC(=O)c3ccc(OC(=O)c4cccc(C(*)=O)c4)cc3)c2)cc1,egc,3.7359,3.723910594916506
*N(c1ccc(cc1)C(=O)c1ccc(cc1)N(CCC*)C)C,tg,101.0,81.72118808176832
*c1ccc(Oc2ccc(-c3cnc4cc(-c5ccc6nc(*)cnc6c5)ccc4n3)cc2)cc1,egc,3.1085,3.1170662172382233
*COc1ccc(-c2ccc(*)cc2)s1,eea,1.6377,1.605694044272948
*OC1C(CCCC1)*,tg,68.0,41.94890632817425
*Oc1ccc(cc1)NC(=O)c1ccc(cc1)Oc1ccc(cc1)C(c1ccc(cc1)C(c1ccc(cc1)Oc1ccc(cc1)C(=O)Nc1ccc(cc1)Oc1ccc(cc1)C(c1ccc(cc1)*)(C(F)(F)F)C(F)(F)F)(C)C)(C)C,tg,169.0,144.93707167501185
*NC1CCC(CCC2CCC(NC(=O)CCCCCCCCCCC(*)=O)CC2)CC1,egc,5.7235,5.7761730672376554
*CCNC(=O)C(OC)C(OC)C(=O)N*,egc,5.4257,5.615163721310109
*N1C(=O)c2c(C1=O)cc(cc2)Oc1cc2c(C(=O)N(C2=O)c2c(cc(cc2C)C(c2cc(c(c(c2)C)*)C)c2cc(ccc2)C(F)(F)F)C)cc1,tg,264.1,283.0181588818283
*OC(COC(=O)*)C,tg,31.72,7.953958790485999
*CC(*)OCCCCCCCCCCCC,egc,5.4919,5.699240729862767
*Nc1cc(C)c(*)cc1C,egc,3.9275,3.839563888481543
*c1cc2c(C(=O)N(C2=O)c2ccc(cc2)NC(=O)C(C(C(C(C(C(C(=O)Nc2ccc(cc2)N2C(=O)c3c(C2=O)cc(cc3)C(*)(C(F)(F)F)C(F)(F)F)(F)F)(F)F)(F)F)(F)F)(F)F)(F)F)cc1,tg,265.0,259.82380987318163
*Oc1ccc(C(=O)c2ccc(C(=O)NOC(*)=O)s2)cc1,eea,3.5136,3.3781785023872497
*N1C(=O)N(C(=O)C1=O)c1c(cccc1)CCc1ccc(cc1)N1C(=O)N(C(=O)C1=O)CCCCCC*,tg,137.0,170.84188525754968
*C(C*)CCC,tg,-32.29,-51.54173967162885
*Nc1ccc(C(=O)O*)s1,ei,6.0364,6.008771018712515
*NC(=O)NC(*)=S,eps,7.36,6.2503226361486135
*Oc1c(cc(cc1)C(c1cc(c(cc1)OC(=O)*)C(C)C)(C)C)C(C)C,tg,80.0,109.83026293536766
*OC(=O)CCCCCCCCCCCCCCCCC(*)=O,egc,6.1592,6.210195412291327
*c1cc(CCCCCCCCCC)c(*)[nH]1,egc,2.8756,3.0768816768179406
*c1nc(ccc1)c1cc(c(cc1)Oc1ccc(cc1)C1(c2ccccc2c2ccccc12)c1ccc(cc1)Oc1c(cc(cc1)*)C(F)(F)F)C(F)(F)F,tg,182.5,185.93241535940768
*c1cnc(*)c(C)c1,egc,5.1042,4.9304622490728125
*c1cc2c(C(=O)N(C2=O)C2C(=O)N(C(=O)C2)c2ccc(cc2)S(=O)(=O)c2ccc(cc2)NC(=O)*)cc1,tg,145.0,171.96814735182394
*NC(=O)c1ccc(O*)s1,ei,6.5697,6.625043066130627
*CC(=S)NO*,eps,5.15,4.819460336050176
*CCCCCCCCCC[n+]1ccc(-c2cc[n+](*)cc2)cc1,egc,2.5264,2.73619885674087
*C(C*)(C(=O)OCCCCCCOc1ccc(cc1)N=Nc1ccc(cc1)[N+](=O)[O-])C,tg,108.0,67.82135417096778
*c1c(nc2c(n1)cc(cc2)S(=O)(=O)c1cc2c(nc(c(n2)c2ccc(cc2)N2C(=O)c3c(C2=O)cc(cc3)C(=O)c2cc3c(C(=O)N(C3=O)c3ccc(cc3)*)cc2)c2ccccc2)cc1)c1ccccc1,tg,240.0,234.59525274773785
*CNCN*,eea,0.8689,0.4652371504299446
*N1C(=O)c2c(C1=O)cc(cc2)C(=O)Oc1c(cc(cc1)OC(=O)c1cc2c(C(=O)N(C2=O)CCOCCOCC*)cc1)c1ccccc1,tg,105.0,122.63188209220374
*C(C*)OC(=O)c1ccncc1,tg,98.5,96.04178302265174
*NC(CCC(*)=O)C(=O)O,egc,5.9301,5.995733775882832
*Oc1ccc(cc1)C(c1ccc(cc1)OC(=O)c1cc(ccc1)C(C(C(c1cc(ccc1)C(=O)*)(F)F)(F)F)(F)F)(C)C,tg,122.0,109.87042126813273
*Oc1ccc(cc1)c1ccc(cc1)OC(=O)c1c(ccc(c1)N=Nc1ccc(cc1)OCC)c1c(cc(cc1)N=Nc1ccc(cc1)OCC)C(=O)*,tg,165.0,162.34244459279216
*N=P(*)(OCCOCCOCCCC)OCCOCCOCCCC,tg,-84.0,-64.05886242920508
*CNC(=S)c1ccc(*)s1,ei,5.8964,5.925283178347303
*c1ccc(-c2ccc(C(F)(F)C(*)(F)F)cc2)s1,nc,1.7814,1.821033799695441
*c1cc2c(C(=O)N(C2=O)c2c(cc(c(c2C)C(=O)c2cc(ccc2)N2C(=O)c3c(C2=O)cc(cc3)C(=O)*)C)C)cc1,tg,300.0,320.6416280119242
*N1C(=O)c2c(C1=O)cc(cc2)C(=O)Oc1cc2c(cc1)ccc(c2)OC(=O)CCCCCCCCCCC*,tg,98.0,67.20747745012672
*OC(=O)NC1CC(CC(C1)(CNC(=O)OCCN(CC*)c1ccc(cc1)C=C(C#N)C#N)C)(C)C,tg,141.0,102.25089953679955
*C(=O)Oc1ccc(OC(=O)c2ccc3c(c2)C(=O)N(c2ccc(Oc4ccc(N5C(=O)c6ccc(*)cc6C5=O)cc4)cc2)C3=O)cc1,egc,2.5383,2.5896645706738424
*Cc1ccc(-c2ccc(O*)s2)s1,egb,2.9968,3.192916281289422
*c1nc(ccc1)Oc1ccc(cc1)c1ccc(cc1)O*,tg,119.0,153.8498481768056
*CC(*)(C)C(=O)OCC(F)(F)C(F)F,egc,6.3988,6.271219223633576
*CCCCCCCCCCCCCCC(*)Cl,egc,7.2258,7.2430911216207505
*OP(=O)(N=Nc1ccc(cc1)COC(=O)c1cc(cc(c1)C(C)(C)C)C(=O)OCc1ccc(cc1)N=NP(=O)(OCC*)OC)OC,tg,105.0,82.81254933655099
*Oc1ccc(S(=O)(=O)c2ccc(-c3ccc(-c4ccc(S(=O)(=O)c5ccc(*)cc5)cc4)cc3)cc2)cc1,egc,3.6921,3.7060433161122703
*C(C*)c1c(cccc1)C(=O)OCCCCC,tg,92.0,45.38804222674594
*NC(CCC(=O)OC)C(*)=O,egc,5.9283,5.869466619472154
*S(=O)(=O)NCCCCNS(=O)(=O)c1cc(ccc1)*,tg,82.0,89.33318504933169
*N1C(=O)c2c(C1=O)c(ccc2)Oc1cc(ccc1)Oc1c2c(C(=O)N(C2=O)c2ccc(cc2)Oc2ccc(cc2)*)ccc1,tg,226.0,237.81338408641577
*Oc1ccc(cc1)C(c1ccc(cc1)OCC(COc1ccc(cc1)C(=O)c1ccc(cc1)OCC(C*)O)O)(C)C,tg,120.0,112.4010463641742
*CC(*)(F)C(=O)OCCC(F)(F)C(F)(F)C(F)(F)C(F)(F)C(F)(F)C(F)(F)C(F)(F)C(F)(F)F,egb,5.7714,5.897848162252354
*CCOC(=O)N(C)c1ccc(C)c(N(C)C(=O)O*)c1,egc,5.1683,5.209857113363032
*c1cc2c(C(=O)N(C2=O)c2ccc(cc2)OCCCCCCCCCCOc2ccc(cc2)N2C(=O)c3c(C2=O)cc(cc3)C(*)(C(F)(F)F)C(F)(F)F)cc1,tg,143.0,156.1646610392404
*C(C*)c1ccc(cc1)COCCC(C(C(C(C(C(F)(F)F)(F)F)(F)F)(F)F)(F)F)(F)F,tg,18.0,25.01450508835579
*C(C*)c1ccc(cc1)C(CCCC)(O)C,tg,82.5,90.59770736801023
*c1cc2c(C(=O)N(C2=O)c2cc(ccc2)Nc2nc(nc(n2)Nc2cc(ccc2)N2C(=O)c3c(C2=O)cc(cc3)C(=O)*)N(C)C)cc1,tg,294.0,266.22119437061224
*c1ccc(S(*)(=O)=O)cc1,egc,4.2821,4.153873385466026
*NC(C(=O)*)CCC(=O)OCCCCCC,tg,-48.33,-31.02240336122583
*C1(CC(C1)*)C#N,tg,220.0,186.09906877473276
*O[Si](*)(CCCCCOc1ccc(cc1)/C=C/c1ccc(cc1)OC)C,tg,52.0,35.899872756483965
*NC(=S)c1ccc(C(*)=S)s1,egb,1.6122,1.612684203992358
*CCCCCCOC(=O)OCCCCCCOC(=O)OCCCCCCOc1ccc(Oc2ccc(O*)cc2)cc1,egc,4.3261,4.425275890502228
*N1C(=O)c2c(C1=O)c(ccc2)c1cc2c(C(=O)N(C2=O)c2c(cc(cc2)c2cc(c(cc2)*)C)C)cc1,tg,384.0,379.5105476742188
*c1cc2c(C(=O)N(C2=O)c2cc(cc(c2)OCCN(c2ccc(cc2)N=Nc2ccc(cc2)[N+](=O)[O-])CC)N2C(=O)c3c(C2=O)cc(cc3)C(*)(C(F)(F)F)C(F)(F)F)cc1,tg,210.0,205.75224040165273
*OC(F)(F)C(=S)C(*)(F)F,ei,7.385,7.45455868706013
*Cc1ccc(OC(*)=S)cc1,nc,1.8273,1.8147103858080302
*Oc1ccc(C(C#N)(c2ccccc2)c2ccc(OC(*)=O)cc2)cc1,egc,5.0272,4.898251429404916
*c1cc2c(C(=O)N(C2=O)c2c(ccc(c2)N2C(=O)c3c(C2=O)cc(cc3)C(=O)OCCN(CCOC(=O)*)c2ccc(cc2)N=Nc2ccc(cc2)C(=C(C#N)C#N)C#N)N=Nc2ccc(cc2)C(=C(C#N)C#N)C#N)cc1,tg,121.0,181.58800722544962
*Oc1c(cc(cc1Cl)C(=C(Cl)Cl)c1cc(c(c(c1)Cl)OC(=O)*)Cl)Cl,tg,250.0,240.02197258461229
*OCC(C*)(CS(=O)(=O)C)CS(=O)(=O)C,tg,102.0,79.46015172978126
*Nc1ccc(cc1)NC(=O)c1cc(ccc1)C(=O)*,tg,285.75,265.14962537245424
*SC(C*)COCC=C,tg,-59.0,-57.92589828394185
*C1C(=O)OC(=O)C1C(C*)OC(C)C,tg,142.0,155.7262322125848
*Oc1ccc(cc1)Oc1ccc(cc1)Oc1ccc(cc1)S(=O)(=O)c1ccc(cc1)*,tg,184.33,187.79876528843005
*C(=S)C(F)(F)CC(*)(F)F,ei,7.4545,7.232881907919469
*c1ccc(Oc2ccccc2Oc2ccc(-n3c(=O)c4cc5c(=O)n(*)c(=O)c5cc4c3=O)cc2)cc1,egc,2.1614,2.1113240295694764
*OC([2H])([2H])C(*)([2H])[2H],egc,5.8501,6.028700175313982
*N1C(=O)c2c(C1=O)cc(cc2)c1cc2c(C(=O)N(C2=O)c2cc(ccc2)Oc2ccc(cc2)*)cc1,tg,255.5,241.77347800326154
*CCCCCOC(=O)C(=O)O*,egc,5.5658,5.59526871102313
*c1nc2c([nH]1)ccc(c2)N1C(=O)c2c(C1=O)cc(cc2)c1cc2c(C(=O)N(C2=O)c2ccc(cc2)*)cc1,tg,425.0,376.05308858733133
*C(C*)OCC(CC)(C)C,tg,9.0,-7.9726815397456114
*c1c(nc2c(n1)cc(cc2)Oc1ccc(cc1)NC(=O)c1cc(cc(c1)N1C(=O)c2c(C1=O)c(c(c(c2Cl)Cl)Cl)Cl)C(=O)Nc1ccc(cc1)Oc1cc2c(nc(c(n2)c2ccc(cc2)Oc2ccc(cc2)*)c2ccccc2)cc1)c1ccccc1,tg,295.0,266.95721674236563
*CC1CCC(COC(=O)CCC(=O)O*)CC1,egc,6.5939,6.682435005130002
*c1cc2c(C(=O)N(C2=O)c2ccc(cc2)S(=O)(=O)c2ccc(cc2)S(=O)(=O)c2ccc(cc2)S(=O)(=O)c2ccc(cc2)N2C(=O)c3c(C2=O)cc(cc3)C(*)(C(F)(F)F)C(F)(F)F)cc1,tg,327.0,319.2824768825467
*c1cc2c(C(=O)N(C2=O)c2ccc(cc2)c2sc(c(c2c2ccccc2)c2ccccc2)c2ccc(cc2)N2C(=O)c3c(C2=O)cc(cc3)C(=O)Nc2cc(ccc2)Oc2ccc(cc2)NC(=O)*)cc1,tg,315.0,305.2224921391081
*C1(c2c(C(=O)O1)cccc2)c1ccc(cc1)OC(=O)Oc1ccc(cc1)*,tg,252.5,234.88998354377287
*Oc1ccc(cc1)C(=O)NNC(=O)c1ccc(cc1)C(=O)NNC(=O)c1ccc(cc1)OC(=O)c1cc(ccc1)C(=O)*,tg,175.0,159.47375219208033
*C(C*)c1cc(ccc1)N(c1ccc(cc1)C)c1ccc(cc1)C,tg,126.5,156.0265626790848
*OC(=O)c1c(c(ccc1)C(=O)OCC(C(C(C*)(F)F)(F)F)(F)F)OCCCCC,tg,17.0,0.006298355194398048
*NNC(=O)c1c2c(c(cc1)C(=O)NNC(=O)c1ccc(cc1)[Si](c1ccc(cc1)C(=O)*)(c1ccccc1)c1ccccc1)cccc2,tg,271.5,266.06633177163303
*c1cc2c(C(=O)N(C2=O)c2ccc(cc2)N(c2ccc(cc2)N2C(=O)c3c(C2=O)cc(cc3)C(=O)*)c2ccccc2)cc1,tg,270.0,257.58359056308444
*N=P(*)(OCCCCC)OCCC,tg,-100.0,-104.05493546958286
*CCCCCCCOc1ccc(C=CC=Cc2ccc(O*)c(C)c2)cc1C,egc,3.4306,3.360394327588753
*OP(=O)(Oc1ccc(cc1)*)Oc1ccccc1,tg,97.0,74.40838277910255
*C(C*)(C(=O)OCCCCCCCCCCCOc1ccc(cc1)C(=O)Oc1ccc(cc1)C#N)C,tg,10.0,38.0632573004616
*N1C(=O)c2c(C1=O)cc(cc2)C(=O)c1cc2c(C(=O)N(C2=O)CCCCCC(=O)Nc2ccc(cc2)Cc2ccc(cc2)NC(=O)CCCCC*)cc1,tg,187.0,173.64047192067198
*OC(=O)NCCCCCCNC(=O)OCC(C*)(C(=O)O)C,tg,-26.0,80.41575874606086
*NC(=O)CNC(=O)CCCCC(=O)NCCCCCC*,tg,53.4,91.2505532364134
*C1C(=O)N(C(=O)C1C(C*)c1ccccc1)C,tg,205.0,199.10302631623955
*CC(*)(F)F,eea,1.1415,1.0012611796020867
*C(C*)(C(=O)OC)Cl,tg,125.0,90.30772658834164
*C=Cc1cc(OCC)c(*)cc1OCC,egc,4.2145,4.019443290960206
*C(C*)C(=O)OCC(C(OC(C(F)(F)F)(F)F)(F)F)(F)F,tg,-49.0,-52.80030765723162
*CNC(=O)CCCCCCCCC(=O)N*,egc,6.1742,5.903897542302052
*C(=O)NC(=O)NC(=O)NC(S1)=CC=C1N*,egc,3.5876,3.7226830818841843
*CC(*)CCC,egb,7.2705,7.608183341404354
*Oc1ccc(C(C)(C)c2ccc(OC(=O)c3ccc(C(*)=O)cc3)c(C(C)C)c2)cc1C(C)C,egc,3.2409,3.2497989287404856
*c1cc2c(C(=O)N(C2=O)c2ccc(cc2)Oc2ccc(cc2)C(=O)c2ccc(cc2)Oc2ccc(cc2)N2C(=O)c3c(C2=O)cc(cc3)C(=O)*)cc1,tg,252.0,255.28263057960774
*c1sc(*)c(OC)c1OC,egc,4.1637,4.25941086734623
*OC(C*)COc1ccc(cc1)c1ccc(cc1)C#N,tg,94.15,92.59094731818936
*c1cc2c(C(=O)N(C2=O)c2c(cc(c(c2C)N2C(=O)c3c(C2=O)cc(cc3)C(=O)Nc2cc(c(cc2)c2c(cc(cc2)NC(=O)*)C(F)(F)F)C(F)(F)F)C)C)cc1,tg,267.0,275.44331835523224
*C1COC2C1OCC2OC(=O)C(NC(=O)CCCCCCC(=O)NC(C(=O)O*)C)C,tg,57.0,48.21587156102577
*C(C*)(OC)C,tg,67.0,10.105771068794718
*N(c1ccc(cc1)C(=O)c1ccc(cc1)N(CCCCCCCC*)C)C,tg,50.0,66.21641322441819
*OC(=O)C(NC(=O)C=CC(=O)NC(C(=O)OCC=CC*)Cc1ccccc1)Cc1ccccc1,tg,109.0,112.14621495072862
*C1(c2c(C(=O)O1)cccc2)c1ccc(cc1)OC(=O)c1ccc(cc1)[Si](c1ccc(cc1)C(=O)Oc1ccc(cc1)*)(c1ccccc1)c1ccccc1,tg,250.0,229.79664216549614
*CCCCCCC(=O)NCCCCCCNC(=O)CCCCCCO*,egc,5.7692,5.776430100406607
*N1C(=O)c2c(C1=O)cc(cc2)Oc1cc2c(C(=O)N(C2=O)c2ccc(cc2)Oc2ccc(cc2)C(c2ccc(cc2)Oc2ccc(cc2)*)(C(F)(F)F)C(F)(F)F)cc1,tg,246.0,226.63102338155215
*CCCCCCNC(=O)CCCCCCC(=O)N*,egc,5.7328,5.948087330447651
*Oc1cc(c(cc1)S(=O)(=O)c1c(cc(cc1)Oc1c(cc(cc1C)C(c1cc(c(c(c1)C)*)C)(C)C)C)C(O)(C(F)(F)F)C(F)(F)F)C(O)(C(F)(F)F)C(F)(F)F,tg,187.0,193.06301018759868
*CC1CCC(CNC(=O)CCCCCCCC(=O)N*)CC1,egc,5.7062,5.775424632532766
*C(C*)C(=O)Oc1cc(cc(c1)C)C,tg,54.0,40.52403165308044
*C(C*)(C(=O)OCCn1c2ccc(cc2c2ccccc12)N=Nc1ccc(cc1)[N+](=O)[O-])C,tg,164.0,168.60515855259092
*c1cc(C=O)cc(*)c1O,egc,4.1592,4.047381776625174
*c1nc(-c2ccccc2)nc(N(*)CC)n1,egc,4.1252,4.027731883225135
*c1ccc(-c2ccc(-c3cc(SCCCCCCCCCC)c(*)s3)cc2)cc1,egc,3.0684,2.733418969425869
*c1cc2c(C(=O)N(C2=O)c2ccc(cc2)C(=O)Nc2ccc(cc2)Oc2ccc(cc2)NC(=O)*)cc1,tg,252.67,264.75560458692416
*N1C(=O)c2c(C1=O)cc(cc2)C(=O)Nc1cc(ccc1)S(=O)(=O)c1ccc(cc1)NC(=O)c1cc2c(C(=O)N(C2=O)CCCCCC*)cc1,tg,190.0,175.4626462709384
*c1sc(cc1CCCC)c1sc(c(c1)CCCC)c1ccc(cc1)*,tg,122.3,125.90317527987212
*C(C*)(C(=O)OC1CC(CC(C1)C)(C)C)C,tg,125.0,99.5258198762873
*c1cc2c(C(=O)N(C2=O)c2c(cc(cc2C)Cc2cc(c(c(c2)C)N2C(=O)c3c(C2=O)cc(cc3)C(=O)OCCN(CCOC(=O)*)c2ccccc2)C)C)cc1,tg,177.0,173.67709838812215
*c1sc(cc1)c1sc(cc1)c1sc(cc1)[Si]([Si](*)(CCCC)CCCC)(CCCC)CCCC,tg,-5.0,23.451141301746766
*C(C*)C(=O)N1CCCCC1,tg,108.0,108.69356640884386
*Oc1c(cccc1)Oc1ccc(cc1)S(=O)(=O)c1ccc(cc1)*,tg,171.0,221.15253168788087
*Oc1ccc(cc1)C1(c2cc(ccc2c2ccc(cc12)[N+](=O)[O-])OC)c1ccc(cc1)OC(=O)CCC(=O)*,tg,230.0,236.7757047349243
*C1COC2C1OCC2Oc1ccc(cc1)NC(=O)c1ccc(cc1)OC1COC2C1OCC2Oc1ccc(cc1)C(=O)Nc1ccc(cc1)O*,tg,165.0,174.76632328586632
*C(C*)c1ccc(cc1)OCCC,tg,70.0,71.68880473061238
*c1ccc(C(=O)C(F)(F)C(*)(F)F)s1,ei,7.5565,7.552446139828653
*N1C(=O)c2c(C1=O)cc(cc2)C(c1cc2c(C(=O)N(C2=O)CC(=O)Nc2ccc(cc2)Oc2ccc(cc2)S(=O)(=O)c2ccc(cc2)Oc2ccc(cc2)NC(=O)C*)cc1)(C(F)(F)F)C(F)(F)F,tg,241.0,234.7734679638895
*N=P(*)(OCCCCCCCCC)OCCCCCCCCC,tg,-56.0,-85.39377055818501
*C(C*)C(=O)OC1CCCCCCCCCCC1,tg,37.0,23.042931159713717
*Oc1ccc(cc1)C(c1ccc(cc1)OC(=O)Oc1ccc(cc1)Cc1ccc(cc1)OC(=O)*)(C)C,tg,107.8,76.79102789272004
*NC(=O)NC(*)=O,ei,5.9087,6.303775801528831
*Oc1cc(ccc1)Oc1cc(ccc1)NC(=O)c1cc(ccc1)Oc1cc(ccc1)Oc1cc(ccc1)C(=O)Nc1cc(ccc1)*,tg,137.5,165.45539868172665
*C1OCCCC1C1C(=O)OC(=O)C1*,tg,210.0,183.83656521559553
*COc1ccc(O*)cc1,eea,0.9466,0.9318161402037662
*NC(=O)OC(*)=S,eps,5.76,5.240013574008917
*C(=O)COCC(=O)N1CCN(*)CC1,egc,5.5847,5.746595412639228
*c1cc2c(C(=O)N(C2=O)c2c(c(cc(c2)C(F)(F)F)N2C(=O)c3c(C2=O)cc(cc3)C(=O)Nc2ccc(cc2)Oc2c(c3c(cc2)cccc3)c2c3c(ccc2Oc2ccc(cc2)NC(=O)*)cccc3)Oc2ccc(cc2)C(F)(F)F)cc1,tg,324.0,320.2266784363926
*OC(F)(F)NC(*)(F)F,egb,8.991,8.419871918772278
*NC(C)C(=O)NC(C)C(=O)NCC(*)=O,egc,5.7884,5.862980174268654
*NC(=O)CCP(=O)(CCC(=O)NCCCCCCCC*)C,tg,52.0,48.58849448211127
*Cc1ccc(CN2CCN(*)C(C)C2)cc1,egc,4.6219,4.681498569278432
*Oc1c(cc(cc1OC)*)OC,tg,171.45,154.96100823561517
*Oc1ccc(-c2ccc(C(*)=O)s2)cc1,ei,5.7839,5.730999743002696
*CC(C=C1)=CC=C1C(C=C2)=CC=C2C(=S)*,egc,2.9595,2.856409850614585
*Cc1ccc(C(=O)C(*)=S)cc1,egb,2.5816,2.3717396900484826
*CCCCCCCCCCNC(=O)NCCCCCCNC(=O)N*,egc,5.6863,5.816299453602908
*c1cc2c(C(=O)N(C2=O)c2ccc(cc2)Oc2ccc(cc2)N2C(=O)c3c(C2=O)cc(cc3)C(=O)OCCCCCCCCCCCCOC(=O)*)cc1,tg,105.0,100.53501174042461
*NC(=O)C(=S)C(*)=O,nc,2.263,2.376038552501667
*N1C(=O)c2c(C1=O)cc(cc2)c1ccc(cc1)c1ccc(cc1)c1ccc(cc1)c1ccc(cc1)c1cc2c(C(=O)N(C2=O)c2ccc(cc2)Cc2ccc(cc2)*)cc1,tg,244.0,241.82137628618435
*CCCCCCOC(=O)O*,egc,7.3901,7.313456147481393
*C(=O)OCCOC(=O)N1CC(C)N(*)CC1C,egc,5.9632,6.29783358762253
*CNOc1ccc(*)cc1,nc,1.8294,1.8274998905000963
*c1sc(-c2cc(OCCCCC)c(*)s2)cc1OCCCCC,egc,1.2005,1.4553691872728272
*c1cc2c(C(=O)N(C2=O)c2ccc(cc2)S(=O)(=O)c2ccc(cc2)N2C(=O)c3c(C2=O)cc(cc3)C(=O)Oc2ccc(cc2)OCCCCCCCCCCCCOc2ccc(cc2)OC(=O)*)cc1,tg,140.0,129.4562206516113
*CCc1ccc(C(*)=S)cc1,ei,5.8549,5.763832651139465
*Oc1ccc(cc1)NC(=O)/C=C/c1ccc(cc1)/C=C/C(=O)Nc1ccc(cc1)*,tg,205.0,209.05958424767454
*C(F)(F)NC(F)(F)C(=O)*,egc,4.8818,5.649256687624321
*C1(CCCCC1)C*,tg,100.0,128.42172992296307
*NC(C(=O)*)CCC(=O)OCc1ccc(cc1)C(F)(F)F,tg,26.57,38.83998228718225
*N1C(=O)c2c(C1=O)cc(cc2)C(c1cc2c(C(=O)N(C2=O)CC(=O)Nc2ccc(cc2)Oc2ccc(cc2)c2ccc(cc2)Oc2ccc(cc2)NC(=O)C*)cc1)(C(F)(F)F)C(F)(F)F,tg,245.0,250.72045758609383
*CC(*)(C)C(=O)OC(F)(C(F)(F)F)C(F)(F)F,egb,6.1125,6.08508171060126
*CCNC(*)=S,eea,1.6837,1.5472841607363708
*Oc1cc2c(C(CC2(c2ccc(cc2)OC(=O)*)C)(C)C)cc1,tg,201.7,221.87290836998343
*OC(=O)c1cc(cc(c1)OCc1cc(cc(c1)OCc1ccccc1)OCc1ccccc1)C(=O)OCCN(CC*)c1ccc(cc1)C=Cc1sc(cc1)C=CC1=C(C(=C(C#N)C#N)OC1(c1ccccc1)C(F)(F)F)C#N,tg,130.0,136.41734294372145
*N(CC*)C(=O)c1ccccc1,tg,108.5,116.16987753790194
*Oc1ccc(cc1)CC(NC(=O)CCc1ccc(cc1)OC(=O)CCCCCCCCC(=O)*)C(=O)OC(CC)C,tg,36.0,33.647177689188496
*Nc1ccc(cc1)C(c1ccc(cc1)NC(=O)c1cc(cc(c1)C(C)(C)C)C(=O)*)(P1(=O)c2ccccc2c2ccccc2O1)P1(=O)c2ccccc2c2ccccc2O1,tg,235.0,224.398513598832
*CC(=O)C(C=C1)=CC=C1C(=O)*,egc,4.4703,3.8341693098926974
*CC(C)(C)C(=O)O*,egc,6.6633,6.616591221600233
*C(C*)C(=O)OCCCCSC,tg,-70.0,-51.16952157325348
*Oc1ccc(cc1)C1(c2ccccc2c2ccccc12)c1ccc(cc1)Oc1c(cc(cc1)C(=O)c1ccc(cc1)C(=O)c1cc(c(cc1)*)C(F)(F)F)C(F)(F)F,tg,229.0,225.67011642220618
*Oc1ccc(cc1)C(=O)OCCOC(=O)c1ccc(cc1)*,tg,74.0,103.86776158195157
*c1c(cc(cc1)C=C*)c1c(cc(c(c1)OCCC(C)C)OCCC(C)C)c1ccccc1,tg,164.0,190.78063507661264
*N1C(=O)c2c(C1=O)cc(cc2)Oc1cc2c(C(=O)N(C2=O)c2cc(ccc2)Oc2ccc(cc2)Oc2cc(ccc2)*)cc1,tg,204.0,207.19430519422087
*OC(=O)CCC(=O)OCCOCC*,tg,-41.51,-28.54773962227193
*Nc1cc(ccc1)NC(=O)c1cc(ccc1)C(=O)Nc1cc(ccc1)NC(=S)NC(=O)c1cc(ccc1)C(=O)NC(=S)*,tg,244.0,242.4757645411315
*Oc1ccc(cc1)C(=O)Nc1cc(cc(c1)c1nc2c([nH]1)cccc2)NC(=O)c1ccc(cc1)OCCOCCOCCOCCOCC*,tg,145.0,138.3916707945063
*Oc1ccc(C(=O)CCCCC(=O)c2ccc(OC(*)=O)cc2)cc1,egc,4.6051,4.406140382921922
*N1C(=O)C2C(C1=O)CC(CC2)C1CC2C(C(=O)N(C2=O)c2cc(ccc2)*)CC1,tg,263.0,275.5077622764636
*CCCCCCCCCCCCCCOC(=O)CC=CCC(=O)O*,egc,6.1489,5.942891606038143
*N1C(=O)c2c(C1=O)cc(cc2)C(c1cc2c(C(=O)N(C2=O)CCN(CC*)c2ccc(cc2)N=Nc2c(cc(cc2)[N+](=O)[O-])C)cc1)(C(F)(F)F)C(F)(F)F,tg,205.0,214.04906601747714
*Nc1ccc(cc1)NC(=O)CCCCCCCCC(=O)*,tg,125.0,124.47353444502829
*CC(O*)C(F)(F)F,eea,0.7546,1.0870956762210897
*OC(CC(*)=O)C(C)(Cl)Cl,egc,6.4677,6.523278878561417
*C(C*)C(=O)NC(C)(C)C,tg,135.0,89.41683111480984
*CNc1ccc(N*)cc1,eps,4.2,3.8890809354392846
*C(C(CCCC*)c1ccc(cc1)O)c1c(cc(cc1)O)C,tg,25.0,17.13874969107611
*Oc1ccc(cc1)Oc1ccc(cc1)P(=O)(c1ccc(cc1)*)C,tg,213.0,228.52739330515638
*Oc1ccc(cc1)N[Se]Nc1ccc(cc1)*,tg,55.0,72.05098205141651
*CC(F)(F)C(F)(F)C(F)(F)C(F)(F)COC(=O)C(F)(F)C(F)(F)C(F)(F)C(F)(F)C(=O)O*,egc,6.3052,6.334146942839313
*Oc1ccc(cc1)NC(=O)Nc1c(cccc1)CCc1ccc(cc1)NC(=O)Nc1ccc(cc1)*,tg,200.0,237.58380196784225
*Oc1cc(Oc2ccc(C(C)(C)c3ccc(*)cc3)cc2)cc(C(=O)Oc2ccc(N=Nc3ccc(C#N)cc3)cc2)c1,egc,3.1481,2.9858542660870073
*C1OCC2(CO1)COC(OC2)CCCCCCCC(=O)OCCOC(=O)CCCCCCC*,tg,0.0,-38.630403726476075
*C1COC2C1OCC2OC(=O)OCCOCCOCCOCCOC(=O)O*,tg,9.5,10.853147156196107
*Oc1ccc(cc1)N=Nc1cc(c(cc1)Cc1c(cc(cc1)N=Nc1ccc(cc1)OC(=O)c1ccc(cc1)C(=O)*)[N+](=O)[O-])[N+](=O)[O-],tg,198.0,200.5649113079946
*O[Si](*)(CCCOCCOCCOCCOCCOCCOCCOC)CCCOCCOCCOCCOCCOCCOCCOC,tg,-68.9,-68.45666417967051
*Oc1ccc(cc1)Oc1cc(ccc1)Oc1ccc(cc1)c1ccc(cc1)Oc1cc(ccc1)Oc1ccc(cc1)Oc1c(cc(cc1)C(=O)c1cc(c(cc1)*)S(=O)(=O)O[Na])S(=O)(=O)O[Na],tg,304.0,259.9013370506233
*OC(=O)C1CCC(CC1)C(=O)OCCOCC*,tg,-10.15,-7.199872065767196
*CCCCCCNC(=O)NCCCCCNC(=O)N*,egc,5.9068,5.773696598174878
*C1C=CC(*)CC1,egc,5.6051,5.583477255468666
*C(=O)Nc1ccc(-c2ccc(NC(=O)c3ccc4c(c3)C(=O)N(c3ccc(S(=O)(=O)c5ccc(N6C(=O)c7ccc(*)cc7C6=O)cc5)cc3)C4=O)cc2)cc1,egc,2.4779,2.6321012578781184
*Oc1ccc(Oc2ccc(OC(=O)c3ccc(OC(=O)c4ccc(C(=O)Oc5ccc(C(*)=O)cc5)cc4)cc3)cc2)cc1,egc,2.7268,2.8418219566541345
*Oc1cc(ccc1)NC(=O)c1cc(ccc1)C(=O)Nc1cc(ccc1)OCCCCC*,tg,131.5,111.271965714377
*N1C(=O)C2C3C4C(C(C2C1=O)C=C3)C(=O)N(C4=O)C1CCC(CC1)CC1CCC(CC1)*,tg,239.0,261.42136991193547
*S(=O)(=O)c1ccc(cc1)Nc1ccc(cc1)C1(c2ccccc2c2ccccc12)c1ccc(cc1)Nc1ccc(cc1)*,tg,221.0,216.26094780392756
*OC(F)(F)NC(*)(F)F,nc,1.5936,1.5876235064815285
*CC(*)N1CCCC1=S,egc,4.1333,3.8223957361489265
*C1(C(C(C(C(C1(F)F)(Cl)F)(F)F)(C(*)(F)F)F)(F)F)F,tg,147.0,179.3155886141767
*C=C(*)c1ccc([N+](=O)[O-])cc1,egc,0.7984,0.9832668671865693
*c1cc2C(c3c(c2cc1)ccc(c3)c1cc2C(c3c(c2cc1)ccc(c3)*)(c1ccc(cc1)c1oc(nn1)c1ccc(cc1)C(C)(C)C)c1ccc(cc1)c1oc(nn1)c1ccc(cc1)C(C)(C)C)(CCCCCCCC)CCCCCCCC,tg,213.0,153.23463123120507
*CNC(=S)C(*)=O,ei,6.3386,6.337464619669011
*C(F)(F)C(S1)=CC=C1C(F)(F)O*,egc,4.9584,4.8965211244949405
*C(C*)(C(=O)OCC)F,tg,94.0,72.83157344932705
*CC(S1)=CC=C1C(C=C2)=CC=C2C(=S)*,egc,2.7134,2.7376387463913727
*CCO*,nc,1.6377,1.6030678118060677
*CCCc1ccc(*)s1,nc,1.7538,1.75557341519966
*Nc1ccc(C(=O)c2ccc(*)s2)s1,nc,2.5062,2.3164603719653383
*C1C2C(C(C(C1*)C2)COCc1ccccc1)COCc1ccccc1,tg,176.0,170.6232181907306
*Nc1c(OC)cc(*)cc1OC,egc,3.4275,3.4880332711876885
*CC(=S)C(=O)O*,eea,3.8755,4.0187206429804725
*C(C*)C(=O)OCCO,tg,0.1,16.892509015552008
*C1C(=O)N(C(=O)C1CC*)C,tg,141.2,109.1551151080739
*c1cc2c(C(=O)N(C2=O)c2c(cccc2)C(=O)c2c(cccc2)N2C(=O)c3c(C2=O)cc(cc3)C(=O)*)cc1,tg,289.0,291.1257733035567
*c1cc2c(C(=O)N(C2=O)c2ccc(cc2)C(c2cc(ccc2)C(c2ccc(cc2)N2C(=O)c3c(C2=O)cc(cc3)C(=O)*)(C)C)(C)C)cc1,tg,309.75,300.5791314911552
*Oc1ccc(cc1)C(=O)c1ccc(cc1)C(=O)c1ccc(cc1)Oc1cc(ccc1)Cc1cc(ccc1)*,tg,122.0,121.8053513001037
*Nc1ccc(C(=S)c2ccc(*)s2)s1,eps,6.36,6.56927170878847
*C(=O)c1ccc(OC(*)=S)cc1,eps,5.05,5.142607004313176
*CC(*)OC(=O)OCC(F)(F)F,egc,7.5359,7.738129568399315
*Oc1c(cc(cc1c1ccccc1)*)c1ccc(cc1)C(C)(C)C,tg,240.0,219.83259326146577
*c1cc2c(C(=O)N(C2=O)c2ccc(cc2)C(=O)Nc2ccc(cc2)Oc2ccc(cc2)c2ccc(cc2)Oc2ccc(cc2)NC(=O)c2ccc(cc2)N2C(=O)c3c(C2=O)cc(cc3)C(*)(C(F)(F)F)C(F)(F)F)cc1,tg,296.0,290.4756228947307
*Nc1ccc(cc1)NC(=O)c1c(ccc(c1)C(=O)c1cc(c(cc1)C(=O)O)C(=O)*)C(=O)O,tg,213.2,227.4920462853436
*CCCCCCCCNC(=O)CCCCCCCCCCCCC(=O)N*,egc,5.9612,5.972510968388041
*OC(=O)Nc1ccc(cc1)Cc1ccc(cc1)NC(=O)OCCCCC*,tg,95.0,80.39126220989269
*Cc1ccc(COC(=O)CC(=O)O*)cc1,egc,5.5783,5.460817995292126
*C1C2C(C(=O)N(C2=O)c2c(cccc2)Cl)C(C1)C=C*,tg,255.6,227.9321124341445
*C=CC(C*)OC,egc,5.0501,5.100835625124827
*c1oc(nn1)c1ccc(cc1)C(=O)OCCCCCCCCOc1ccc(cc1)C=CC(=O)C=Cc1ccc(cc1)OCCCCCCCCOC(=O)c1ccc(cc1)*,tg,59.0,68.57962146404316
*N1C(=O)c2c(C1=O)cc(cc2)NC(=O)Nc1ccc(cc1)Oc1c(cccc1)c1c(cccc1)Oc1ccc(cc1)NC(=O)Nc1cc2c(C(=O)N(C2=O)c2ccc(cc2)Oc2c(c3c(cc2)cccc3)c2c3c(ccc2Oc2ccc(cc2)*)cccc3)cc1,tg,285.0,272.42931230820534
*NC(=O)Cc1ccc(cc1)CC(=O)NCCCCCC*,tg,95.0,94.2907243297146
*C(C*)(C(=O)OCCC)F,tg,62.0,86.25284432976154
*C1(c2c(C(=O)N1)cccc2)c1ccc(cc1)Oc1ccc(cc1)C(=O)c1ccc(cc1)Oc1ccc(cc1)*,tg,270.6,264.7508475510027
*Oc1ccc(cc1)N(c1ccc(cc1)/C=C(/C(=O)NC1C(CCCC1)NC(=O)/C(=C/c1ccc(cc1)N(c1ccc(cc1)*)CC)/C#N)\C#N)CC,tg,235.0,236.18609346989075
*C1C(=O)N(C(=O)C1C(C*)(C)C)CCCC,tg,80.0,106.31864254150048
*c1cc2c(C(=O)N(C2=O)c2ccc(cc2)Oc2c(cc(cc2C(C)(C)C)c2ccc(cc2)N2C(=O)c3c(C2=O)cc(cc3)C(=O)*)C(C)(C)C)cc1,tg,347.5,379.820302007825
*N1CCN(CC1)C(=O)OC1CC2CC(CC(C1)O2)OC(=O)*,tg,113.0,153.30128198737415
*C(C*)c1ccc(cc1)C(O)(C)C,tg,165.0,164.09024099650145
*C(C*)(C(=O)OCCCCCn1c2ccccc2c2ccccc12)C,tg,91.0,109.10516926142807
*N=C(N=C(NC(C)=O)NC(C)=O)N=C(*)OC(C)=O,egc,3.7327,3.7737491647990913
*CCCC(*)=O,eps,3.27,3.1135792999413945
*c1cc(-n2c(=O)c3cc4c(=O)n(-c5ccc(-c6nnc(*)n6N)cc5)c(=O)c4cc3c2=O)c(-c2c(Cl)cccc2Cl)s1,egc,2.1911,2.283864672168843
*C(C*)C(=O)Oc1c(cccc1)C(=O)OCC,tg,30.0,14.57019223619752
*C(=O)C(S1)=CC=C1C(C=C2)=CC=C2C(=S)*,egc,2.3241,2.511696344104401
*CC(=S)OC(*)=S,nc,1.9523,1.9313616290954203
*Cc1ccc(C(=S)c2ccc(*)s2)s1,ei,5.9541,5.762398515843845
*CCCc1ccc(*)s1,ei,5.6976,5.622579747168838
*OC(=O)c1c(cc(cc1)C(=O)OCCN(CC*)c1ccc(cc1)C=C(C#N)C#N)OCCC,tg,94.0,97.25170667027446
*C(C*)(C)C,tg,-65.41,-25.52756975980027
*OC(=O)OCC(C(C*)OC(=O)Oc1ccc(cc1)C(=O)OC)OC(=O)Oc1ccc(cc1)C(=O)OC,tg,51.38,27.96705985100785
*CCC(=O)N*,nc,1.7036,1.7320464117583523
*N1C(=O)c2c(C1=O)cc(cc2)Oc1ccc(cc1)c1ccc(cc1)Oc1cc2c(C(=O)N(C2=O)c2ccc(cc2)Oc2cc(ccc2)Oc2ccc(cc2)*)cc1,tg,205.0,212.5396759490763
*Nc1ccc(cc1)c1c(cc(cc1c1ccc(cc1)c1ccccc1)c1ccc(cc1)c1cc(c(c(c1)c1ccc(cc1)c1ccccc1)c1ccc(cc1)NC(=O)c1ccc(cc1)C(=O)*)c1ccc(cc1)c1ccccc1)c1ccc(cc1)c1ccccc1,tg,305.0,321.09889936216143
*C(C*)c1ccc(cc1)COCCCCCC,tg,-20.0,-11.623504979193436
*Cc1ccc(Cc2ccc(*)s2)s1,nc,1.8382,1.846024131956773
*C(C*)c1ccc(cc1)C(CCN(C)C)O,tg,43.0,59.22742286466317
*CCCCCOC(=O)CCCCS(=O)(=O)CCCCC(=O)O*,egc,6.9262,6.604053857069711
*C(C*)(C(=O)OCCCCCCC)C#N,tg,102.0,74.2682248669537
*CC(C)(C)COC(=O)NCCCC(CCNC(=O)O*)OC,egc,6.1723,6.085059127300664
*N1C(=O)c2c(C1=O)cc(cc2)Oc1c(cc(cc1C)Cc1cc(c(c(c1)C)Oc1cc2c(C(=O)N(C2=O)c2ccc(cc2)Oc2ccc(cc2)*)cc1)C)C,tg,266.0,262.8950899789288
*Oc1ccc(cc1)c1ccc(cc1)OCCCCCCCCCCCOC(=O)Nc1c(cc(cc1)NC(=O)OCCCCCCCCCCC*)C,tg,77.0,42.99469518712865
*c1sc(cc1SCCCCCCCCCCCC)c1sc(c(c1)SCCCCCCCCCCCC)c1ccc(cc1)*,tg,60.35,48.22687401670389
*c1cc2c(C(=O)N(C2=O)c2cc(ccc2)C(C(C(C(C(c2cc(ccc2)N2C(=O)c3c(C2=O)cc(cc3)C(C(C(C(C(C(C(*)(F)F)(F)F)(F)F)(F)F)(F)F)(F)F)(F)F)(F)F)(F)F)(F)F)(F)F)(F)F)cc1,tg,108.5,121.85095071220528
*SC(C(=O)*)C,tg,12.0,4.227381819756498
*C(=O)c1ccc(-c2ccc(-c3ccc(*)cc3)cc2)cc1,egb,2.5479,2.5842620383675845
*N1C(=O)c2c(C1=O)cc(cc2)NC(=O)OCCOc1ccc(cc1)C(c1ccc(cc1)OCCOC(=O)Nc1cc2c(C(=O)N(C2=O)c2cc(ccc2)P(=O)(c2cc(ccc2)*)c2ccccc2)cc1)(C)C,tg,220.0,217.6837073269298
*Oc1ccc(Oc2ccc(NC(=O)c3ccc(Oc4ccc(C(=O)Nc5ccc(*)cc5)c(C(=O)O)c4)cc3C(=O)O)cc2)cc1,egc,3.1241,3.174041744843785
*OC(C*)COCC,tg,-61.0,-70.05650912957245
*OC(=O)C1C2C=CC(C1C(=O)OCC*)C2,tg,0.0,78.00653545911678
*Cc1ccc(-c2ccc(C(*)=S)s2)s1,eea,3.2587,3.156008441667181
*CC(=O)c1ccc(C(*)=S)s1,eps,4.78,5.035757761755205
*c1cc2c(C(=O)N(C2=O)c2ccc(cc2)C(=O)Nc2ccc(cc2)Oc2ccc(cc2)NC(=O)c2ccc(cc2)NC(=O)Nc2ccc(cc2)Cc2ccc(cc2)NC(=O)Nc2ccc(cc2)C(=O)Nc2ccc(cc2)Oc2ccc(cc2)NC(=O)c2ccc(cc2)N2C(=O)c3c(C2=O)cc(cc3)C(=O)*)cc1,tg,229.0,243.07492576905838
*c1cc2c(C(=O)N(C2=O)c2ccc(cc2)c2sc(c(c2c2ccccc2)c2ccccc2)c2ccc(cc2)N2C(=O)c3c(C2=O)cc(cc3)C(=O)Nc2ccc(cc2)NC(=O)*)cc1,tg,333.0,334.520013369151
*OP(=O)(OCCCCCCCCCCOc1ccc(cc1)C=Cc1ccc(cc1)OCCCCCCCCCC*)OCCCCCCCCCCOc1ccc(cc1)N=Nc1ccc(cc1)[N+](=O)[O-],tg,50.0,41.96629225945574
*CCc1ccc(-c2ccc(*)s2)s1,eea,1.9411,1.863600922596907
*S(=O)(=O)C(C=C(C*)C)C,tg,83.0,70.43150315502595
*Oc1c(cc(cc1C)C(c1cc(c(c(c1)C)OCC(COc1ccc(cc1)C(c1ccc(cc1)OCC(C*)O)(C)C)O)C)(C)C)C,tg,100.0,91.11193150327698
*NNC(=O)c1cc(cc(c1)NC(=O)c1cc2c(C(=O)N(C2=O)c2ncc(cc2)C)cc1)C(=O)NNC(=O)C(=O)*,tg,146.4,148.0982997285746
*c1ccc(Oc2ccc(-n3c(=O)c4cc5c(=O)n(*)c(=O)c5cc4c3=O)cc2)cc1,egc,2.3733,2.316437466123283
*NC(=O)C(=S)c1ccc(*)s1,egb,0.9512,1.5953941792522632
*C(=O)C(=S)OC(*)=S,egb,1.4146,1.6423848839712196
*NC(=O)C(C=C1)=CC=C1O*,egc,4.6617,4.455167257890793
*c1nc2c([nH]1)ccc(c2)NC(=O)c1ccc(cc1)OCCOc1ccc(cc1)C(=O)Nc1ccc(cc1)*,tg,225.0,243.748938345773
*CCCC(=O)O*,egc,6.7691,6.833842802009002
*Oc1cc(ccc1)C(=O)OC(=O)c1cc(ccc1)OCCC*,tg,53.0,54.01942357091675
*N1C(=O)N(C(=O)C1=O)c1ccc(cc1)Cc1ccc(cc1)N1C(=O)N(C(=O)C1=O)CCCCCC*,tg,158.0,160.5974239395627
*COC1CCC(O*)CC1,egc,6.3134,6.229777240521148
*CCCCNC(=O)CCCCCCCCCCCCCCC(=O)N*,egc,6.0415,5.943922955884093
*NC(=S)NCCCCCCCCC*,tg,48.0,55.23511727192172
*c1c2ccc(=O)cc2oc2cc(ccc12)OC(=O)c1c(cccc1)*,tg,250.0,227.23932830672362
*c1cc2c(C(=O)N(C2=O)c2ccc(cc2)N2C(=O)c3c(C2=O)cc(cc3)C(=O)c2ccc(cc2)Oc2ccc(cc2)c2ccc(cc2)Oc2ccc(cc2)C(=O)*)cc1,tg,229.0,241.44715196784907
*c1nc2c(n1c1ccc(cc1)n1c(nc3c1cccc3)c1ccc(cc1)Oc1ccc(cc1)C(=O)c1cc(ccc1)C(=O)c1ccc(cc1)Oc1ccc(cc1)*)cccc2,tg,219.0,227.20878950371122
*NC1CCC(CC1)CC1CCC(CC1)NC(=O)CCCCCCCCC(=O)*,tg,139.33,168.80114549482332
*O[Si](*)(CCCCCCCCCCCOc1ccc(cc1)/C=C/c1ccc(cc1)OC)C,tg,55.0,-8.736108180455407
*Oc1ccc(cc1)C(c1ccc(cc1)Oc1ccc(cc1)C(C(c1ccc(cc1)*)O)O)(C)C,tg,149.4,139.93587706823612
*c1sc(c(c1c1ccccc1)c1ccccc1)c1ccc(cc1)CC(=O)Nc1ccc(cc1)NC(=O)Cc1ccc(cc1)*,tg,251.0,253.71708071486893
*Nc1ccc(C(=O)C(*)=S)cc1,eea,4.0513,4.018820888695739
*Nc1ccc(C(=O)c2ccc(*)s2)s1,egb,1.7108,1.6048769148768904
*Oc1ccc(cc1)C1(c2cc(ccc2c2ccc(cc12)[N+](=O)[O-])OC)c1ccc(cc1)OC(=O)*,tg,294.0,300.32161265729087
*Nc1c(cc(cc1)NC(=O)c1ccc(cc1)NC(=O)CCCCCCCCC(=O)Nc1ccc(cc1)C(=O)*)C(=O)OCCCCCCCCCCCCCCCC,tg,220.0,261.0624139577206
*CCCP(CCCCCCCC)CCCNC(=O)CCCCC(=O)N*,egc,4.7376,4.773106571599981
*N(c1ccc(cc1)C(c1ccc(cc1)*)c1ccccc1)c1ccc(cc1)C,tg,199.0,218.05059521828971
*CC(*)C(=O)OCC(C)C,egc,6.1261,6.413356435324432
*CCCCCCCCCCCCCCOCO*,egc,6.6169,6.586112792243491
*c1ccc(-c2ccc(*)c(CCCCCC)n2)nc1CCCCCC,egc,3.9211,3.8851271573453285
*N1C(=O)c2c(C1=O)cc(cc2)Oc1c(cc(cc1C)C(c1cc(c(c(c1)C)Oc1cc2c(C(=O)N(C2=O)c2ccc(cc2)Oc2ccc(cc2)C2(C3CC4CC(CC2C4)C3)c2ccc(cc2)Oc2ccc(cc2)*)cc1)C)(C)C)C,tg,282.0,275.849068940931
*N1C(=O)c2c(C1=O)c(c(c(c2c1ccccc1)c1ccccc1)c1ccc(cc1)c1c(c2c(C(=O)N(C2=O)c2ccc(cc2)Oc2ccc(cc2)*)c(c1c1ccccc1)c1ccccc1)c1ccccc1)c1ccccc1,tg,413.0,386.2370563738346
*c1cc2c(C(=O)N(C2=O)c2c(c(cc(c2)C(F)(F)F)N2C(=O)c3c(C2=O)cc(cc3)C(=O)Nc2cc(c(cc2)Oc2c(cc(cc2)NC(=O)*)c2ccccc2)c2ccccc2)Oc2ccc(cc2)C(F)(F)F)cc1,tg,312.0,311.3227290955047
*N(c1ccc(cc1)c1ccc(cc1)*)c1ccc(cc1)C(F)(F)F,tg,225.0,186.80720926373547
*N(c1ccc(cc1)C(=O)*)C,tg,197.0,170.85462122380866
*c1ncnc(n1)N(CCCCCCN(*)c1ccccc1)c1ccccc1,tg,72.0,40.80047738210256
*Nc1ccc(-c2ccc(C(=S)c3ccc(-c4ccc(Nc5ccc(*)cc5)s4)s3)s2)s1,eps,6.88,6.7419194245409955
*C(=O)c1ccc2c(c1)C(=O)N(c1ccc(Oc3ccc(N4C(=O)c5ccc(*)cc5C4=O)cc3Br)c(Br)c1)C2=O,egc,2.6114,2.682933971878014
*CCC(=O)NCc1c(C)c(C)c(CNC(=O)CCO*)c(C)c1C,egc,5.3036,5.317970781384408
*Cc1ccc(C(=O)O*)cc1,egb,3.7934,3.9483613258203865
*OC(=O)CCCCC(=O)OCC(C*)CCCCCCOc1ccc(cc1)N=Nc1ccc(cc1)C,tg,29.0,5.127952801598858
*C(=S)OC(=S)c1ccc(*)cc1,egb,2.364,2.1175435137089034
*CCCOC(=O)CCCCCCCCCCC(=O)O*,egb,6.3683,6.661323696126788
*CC(CC(CC(CC(*)c1ccccc1)c1ccccc1)c1ccccc1)c1ccccc1,egb,4.8255,5.243416359053277
*Cc1ccc(-c2ccc(N*)s2)s1,eea,1.6017,1.3480922988993456
*N1C(=O)c2c(C1=O)cc(cc2)Oc1ccc(cc1)Oc1ccc(cc1)Oc1cc2c(C(=O)N(C2=O)c2ccc(cc2)Oc2ccc(cc2)*)cc1,tg,215.0,230.38126234079775
*Oc1ccc(cc1)CC(NC(=O)CCc1ccc(cc1)OC(=O)COCC(=O)*)C(=O)OCCCCCCCCCCCC,tg,36.0,42.110485010955244
*C(C*)c1ccc(cc1)B(c1ccc(cc1)C(C)(C)C)Oc1c2ncccc2ccc1,tg,240.0,201.42046913510606
*CCCCCOC(=O)CCCCCNC(=O)O*,egc,6.3976,6.403603884786064
*c1ccc2c3n(c4ccc(cc4n3)c3cc4n5c(nc4cc3)c3cccc4c(ccc(c5=O)c34)Oc3ccc(cc3)C3(c4ccccc4c4ccccc34)c3ccc(cc3)O*)c(=O)c3cccc1c23,tg,421.0,411.32002555207737
*C1OCC(CO1)(COC(=O)CCCCCCC*)C,tg,-26.0,-0.7598506862368524
*CCCOCCOCCOC(=O)Nc1ccc(C)c(NC(=O)O*)c1,egc,5.0994,4.886259306804196
*C(C*)(C(=O)OCC(C(F)(F)F)(F)F)F,tg,99.0,88.79421601314027
*NC(=S)c1ccc(O*)s1,eps,5.61,5.405551248405908
*C(=O)NNC(=O)C(=O)NNC(=O)c1cncc(*)n1,egc,4.3374,3.9619165320284724
*Nc1ccc(C(=O)O*)s1,eea,2.6486,2.5276306938857203
*OC(=O)c1ccc(Cc2ccc(C(*)=O)cc2)cc1,egc,4.3273,4.2589808090833685
*CC(*)c1ccc(CCl)cc1,egc,3.4202,3.9918721283914174
*c1ccc2c(c1)c1cc(*)ccc1n2CC(=O)OCC,egc,3.5868,3.4697622439698335
*Oc1ccc(cc1)C(c1ccc(cc1)OC(=S)*)CC,tg,97.33,120.4843852733855
*Sc1c(cc(cc1C)*)C,tg,198.0,151.3708426149886
*OC(=O)CCCC(=O)OCCC*,tg,-33.67,-38.39548122603973
*NCC(F)(F)C(*)(F)F,eps,4.32,3.4611432915678804
*C([2H])([2H])C(*)(F)F,egc,7.1497,7.138186359171407
*OC(=O)OCCCCCCCCCC*,tg,-39.67,-31.836240422666407
*CC(=O)Cc1ccc(*)cc1,eps,3.64,3.6631531344691304
*NC(=O)C(=S)O*,nc,2.1173,2.1878654759333234
*N1C(=O)c2c(C1=O)cc(cc2)c1cc2c(C(=O)N(C2=O)c2c(cc(cc2C)c2cc(c(c(c2)C)*)C)C)cc1,tg,285.0,344.30686647526267
*CCC(C)C(*)(C)C(=O)OC,egc,6.5856,6.46874579562987
*C(=S)c1ccc(C(F)(F)C(*)(F)F)cc1,ei,6.6143,6.691426523190201
*Oc1ccc(cc1)C(c1ccc(cc1)Oc1c(cc(cc1)C(=O)c1ccc(cc1)C(=O)c1cc(c(cc1)*)C(F)(F)F)C(F)(F)F)(C)C,tg,171.0,151.15399427588181
*c1cc2c(C(=O)N(C2=O)c2cc(ccc2)C(=O)c2ccc(cc2)N2C(=O)c3c(C2=O)cc(cc3)C(=O)*)cc1,tg,271.5,280.78197004459423
*N1C(=O)C2OC3C(C2C1=O)C(=O)N(C3=O)c1ccc(cc1)c1c(nc2c(n1)cc(cc2)c1cc2c(nc(c(n2)c2ccc(cc2)*)c2ccccc2)cc1)c1ccccc1,tg,230.0,250.37345549447406
*OC(=O)c1cc(ccc1)c1cc(ccc1)C(=O)OCC(C(C(C*)(F)F)(F)F)(F)F,tg,45.0,71.52278869165059
*Nc1cccc(C#Cc2cccc(C(*)=O)c2)c1,egc,3.7438,3.776217494678181
*N1C(=O)c2c(C1=O)cc(cc2)Oc1c(cc(cc1C)c1cc(c(c(c1)C)Oc1cc2c(C(=O)N(C2=O)c2c(cc(cc2C)Cc2cc(c(c(c2)C)*)C)C)cc1)C)C,tg,420.0,388.99042587826557
*c1ccc(C(=O)Nc2ccc(Oc3ccc(NC(=O)c4ccc(-n5c(=O)c6cc7c(=O)n(*)c(=O)c7cc6c5=O)cc4)cc3)cc2)cc1,egc,1.639,1.7775959888139063
*C(C*)(C(=O)OC1C(CCC(C1)C)C(C)C)C,tg,147.0,113.58258673702572
*OCCCCC(=O)NCc1ccc(cc1)CNC(=O)CCCC*,tg,70.0,57.365908697904395
*N1C(=O)c2c(C1=O)cc(cc2)c1cc2c(C(=O)N(C2=O)c2ccc(cc2)Oc2cc(ccc2)Oc2ccc(cc2)*)cc1,tg,220.0,242.80664217405968
*Oc1ccc(S(=O)(=O)c2ccc3cc(S(=O)(=O)c4ccc(Oc5c(C)cc(-c6cc(C)c(*)c(C)c6C)c(C)c5C)cc4)ccc3c2)cc1,egc,3.4715,3.4237022122285308
*CCCC(=O)NCCCCCCNC(=O)CCCO*,egc,5.652,5.8215869398080065
*Cc1ccc(-c2ccc(N*)s2)s1,eps,4.54,4.509613534356819
*Oc1ccc(cc1)NC(=O)c1ccc(cc1)Oc1ccc(cc1)C(=O)Nc1ccc(cc1)*,tg,274.0,245.58891821489905
*C(CCCCCCC*)C,tg,-58.0,-57.1748859423563
*OC(=O)c1ccc(cc1)CCCCc1ccc(cc1)C(=O)*,tg,46.0,36.281769941831335
*CC(=O)C(=S)C(*)=O,ei,6.8667,6.850362099525057
*N1C(=O)c2c(C1=O)cc(cc2)Oc1ccc(cc1)C(=O)c1ccc(cc1)Oc1cc2c(C(=O)N(C2=O)c2cc(ccc2)*)cc1,tg,239.0,237.7028120588932
*C(C*)(C(=O)OCCCCCCCCCCn1c2ccc(cc2c2ccccc12)C=C(c1ccc(cc1)[N+](=O)[O-])C#N)C,tg,40.0,48.660810382966446
*Nc1ccc(C(=O)O*)cc1,egb,3.977,3.61648007624768
*Cc1ccc(OC(*)=S)cc1,egb,3.7121,3.750082300986772
*CC(=O)Oc1ccc(*)s1,eps,3.92,3.8185865247383344
*CCOCCOCCOC(=O)CCCCC(=O)O*,egc,6.384,6.338121272542776
*C=CC(C)(C)CC(C#N)C*,egc,5.6628,5.657079304113503
*C=CC(C*)OC,tg,-10.5,11.970184340139765
*Oc1ccc(cc1)C(c1ccc(cc1)OC(=O)c1cc(cc(c1)NC(=O)c1ccc(cc1)NC(=O)C(N1C(=O)c2c(C1=O)cccc2)C)C(=O)*)(C)C,tg,238.0,173.4309370839434
*C(F)C(*)(F)F,eea,1.524,1.0818791846348934
*OC(=O)c1ccc(cc1)C(=O)OCC1CC(CC(C1)C(C)(C)C)C*,tg,118.0,126.41077708194155
*Cc1c(C)c(C)c(CNC(=O)CCCC(=O)N*)c(C)c1C,egc,5.2131,5.2854643568098805
*CNc1ccc(C(*)=O)cc1,eps,4.8,4.384132909971342
*C(=S)OC(=S)c1ccc(*)cc1,eea,3.7508,3.6199093335100923
*C(C*)c1c(ccc(c1)C(=O)OCCCCCCCCCC)c1ccc(cc1)OCCCCCCCC,tg,44.0,69.38158914886462
*OC(COC(=O)c1c(cccc1)c1c(cccc1)C(=O)*)COc1ccc(cc1)N=Nc1ccc(cc1)C#N,tg,120.0,109.05329032546204
*c1ccc(*)n1C(C(=O)NO)n1ccc2ccccc21,egc,2.4131,2.358169216781178
*OC(=O)C(=S)C(*)=O,eea,5.1004,4.973674459257165
*Oc1ccc(cc1)C(c1ccc(cc1)OC(=O)CCCCCCCCC(=O)*)(C)C,tg,14.25,31.00038828566522
*Oc1ccc(cc1)NC(=O)c1cc(cc(c1)C(C)(C)C)C(=O)Nc1ccc(cc1)Oc1ccc(cc1)C(c1ccc(cc1)*)(C)C,tg,215.33,237.67044158957202
*N(CC*)C(=O)C(CCCC)CC,tg,33.0,10.5037688785934
*c1cc(CCOCCOC)c(*)[nH]1,egc,2.8631,2.8032107411989267
*C1C(=O)OC(=O)C1C(C*)(N=C=O)C,tg,100.0,72.14605043703315
*Nc1cc(ccc1)NC(=O)c1cc(ccc1)C(=O)Nc1ccc(cc1)C(=O)NC(=S)*,tg,270.0,255.63977402924237
*c1cc2c(C(=O)N(C2=O)c2cc(ccc2)Oc2ccc(cc2)N2C(=O)c3c(C2=O)cc(cc3)c2c(c(c(c(c2c2ccccc2)c2ccccc2)c2ccc(cc2)Oc2ccc(cc2)c2c(c(c(c(c2c2ccccc2)c2ccccc2)*)c2ccccc2)c2ccccc2)c2ccccc2)c2ccccc2)cc1,tg,309.0,318.7857493726866
*CC(*)(C)C(=O)OCC(F)(F)C(F)F,egb,5.3983,5.783016611306698
*N1C(=O)c2c(C1=O)cc(cc2)Oc1cc2c(cc1)cc(cc2)Oc1cc2c(C(=O)N(C2=O)c2ccc(cc2)Oc2ccc(cc2)c2ccc(cc2)Oc2ccc(cc2)*)cc1,tg,230.0,235.27631694693085
*c1nc(ccc1)NC(=O)NCCCCCCNC(=O)N*,tg,169.67,197.51163038368546
*c1cc2c(C(=O)N(C2=O)c2ccc(cc2)Oc2ccc(cc2)N2C(=O)c3c(C2=O)cc(cc3)C(=O)c2ccc(cc2)Oc2ccc(cc2)c2ccc(cc2)Oc2ccc(cc2)C(=O)*)cc1,tg,233.0,222.74962683744715
*C1C2C(C(=O)N(C2=O)CCCCCCCC)C(C1)C=C*,tg,56.5,58.725239075353244
*OC(=O)CCCCCC(=O)OCCOCCOCC*,tg,-54.0,-52.988394562658264
*CCc1ccc(Cc2ccc(CCS*)cc2)cc1,egb,4.3552,4.519772171412696
*C1COC2C1OCC2OC(=O)C(NC(=O)CCCCC(=O)NC(C(=O)O*)CCSC)CCSC,tg,71.0,105.97912546418466
*CCNC(=O)NCCCCCCNC(=O)O*,egc,5.6117,6.037128459137054
*Oc1ccc(cc1)Cc1ccc(cc1)OC(=O)c1ccc(cc1)C(c1ccc(cc1)C(=O)*)(C)C,tg,135.0,161.6252491237744
*c1ccc2c3n(c4ccc(cc4n3)c3cc4n5c(nc4cc3)c3cccc4c(ccc(c5=O)c34)Oc3ccc(cc3)Sc3ccc(cc3)O*)c(=O)c3cccc1c23,tg,386.0,391.22884021718386
*CC(*)C(=O)Oc1ccc(C#N)cc1,egc,4.6366,4.767884283378362
*O[Si](OC(CCC*)C)(C)C,tg,-81.0,-44.79246178219593
*C=Cc1cc(CCCCCC)c(-c2sc(*)cc2CCCCCC)s1,egc,1.7165,1.818990559091932
*c1cc2c(nc(cc2c2ccccc2)Oc2nc3c(c(c2)c2ccccc2)cc(cc3)c2ccc(cc2)Oc2ccc(cc2)*)cc1,tg,268.5,276.7505122834522
*OC(=O)C=CC(=O)NCCCCCCNC(=O)C=CC(=O)OCCOCC*,tg,76.0,75.26836446315568
*Oc1c2c(ccc1)c(ccc2)OCCNC(=O)c1cc(ccc1)C(=O)NCC*,tg,171.0,162.42016720933944
*O[Si](O[Si](c1c(c(c(c(c1F)F)F)[Si](*)(C)C)F)(C)C)(C)C,tg,-61.0,-35.81284933719742
*C(*)C,egb,7.4047,7.32375962914255
*C1(c2c(C(=O)N1c1ccccc1)cccc2)c1ccc(cc1)OC(=O)c1ccc(cc1)[Si](c1ccc(cc1)C(=O)Oc1ccc(cc1)*)(C)C,tg,255.0,262.7470335089317
*OC(C*)CS(=O)(=O)CC,tg,57.0,61.30787397909026
*N1C(=O)c2c(C1=O)cc(cc2)Oc1ccc(cc1)C(c1ccc(cc1)Oc1cc2c(C(=O)N(C2=O)c2ccc(cc2)Oc2ccc(cc2)*)cc1)(C(F)(F)F)C(F)(F)F,tg,257.0,232.55274373005227
*C(C*)(C(=O)OCc1ccc2n(c3c(c2c1)cccc3)CC)C,tg,131.14,117.29216244409949
*C(C*)C(=O)OCCCCCCCCCCCn1c2ccccc2c2ccccc12,tg,15.0,21.358762576977956
*Nc1ccc(-c2ccc(NC(=O)CCCCCCCCC(*)=O)c(O)c2)cc1O,egc,3.9935,3.8248770641367815
*N1C(=O)c2c(C1=O)cc(cc2)Oc1c(cccc1)Oc1cc2c(C(=O)N(C2=O)c2cc(c(cc2)Oc2c(cccc2)Oc2c(cc(cc2)*)C(F)(F)F)C(F)(F)F)cc1,tg,185.0,197.38778085295493
*OC(=O)CCCCCCCCC(=O)OCC#CC(=Cc1ccc(cc1)C#Cc1ccc(cc1)C=C(C#Cc1ccccc1)C#Cc1ccccc1)C#CC*,tg,60.0,106.533956583115
*Oc1ccc(cc1)CC(NC(=O)CCc1ccc(cc1)OC(=O)CCCCC(=O)*)C(=O)OCC(C)C,tg,56.0,48.005839883128665
*CCCCNC(=O)CCC=CCCC(=O)N*,egc,5.5356,5.525329075763187
*c1ccc(Oc2ccc(-c3cnc4ccc(-c5ccc6nc(*)cnc6c5)cc4n3)cc2)cc1,egc,3.1515,3.1802999659555837
*c1cc2c(C(=O)N(C2=O)c2c(cc(c(c2C)N2C(=O)c3c(C2=O)cc(cc3)C(*)(C(F)(F)F)C(F)(F)F)C)C)cc1,tg,366.25,352.6015327766749
*C(=O)c1cccc(C(=O)N2COCN2*)c1,egc,4.5807,4.765477512125993
*c1ccc(Oc2ccc(-n3c(=O)c4cc5c(=O)n(*)c(=O)c5cc4c3=O)cc2-c2ccccc2)cc1,egc,2.1739,2.1078501064908455
*Oc1ccc(cc1)S(=O)(=O)c1ccc(cc1)OC(=O)c1cc(cc(c1)CCCCC)C(=O)*,tg,170.0,171.6442461200974
*CC(=O)CC(*)=O,egb,4.6959,4.253946435134829
*c1cc2c(C(=O)N(C2=O)c2ccc(cc2)Oc2ccc(cc2)C(c2ccc(cc2)Oc2ccc(cc2)N2C(=O)c3c(C2=O)cc(cc3)C(=O)*)(C)C)cc1,tg,287.73,248.36063085986117
*C(=O)c1ccc(-c2ccc(-c3ccc(*)s3)s2)s1,eps,8.28,8.355240149770589
*c1ccc(C)c(N2C(=O)c3ccc(S(=O)(=O)c4ccc5c(c4)C(=O)N(*)C5=O)cc3C2=O)c1,egc,3.2404,3.37435612123828
*C=CC(C(=O)OC(C)C)C(*)C(=O)OC(C)C,egc,5.3094,5.256458070745986
*C(=O)c1ccc(NC(=S)Oc2ccc(Nc3ccc(*)s3)s2)s1,egb,2.3992,2.2027535111698433
*C(=O)NC(F)(F)C(*)(F)F,eps,3.53,3.90747434645182
*CCN1C(=O)C(=CCCCC=C2SC(=S)N(*)C2=O)SC1=S,egc,3.4576,3.1189125379819824
*CCCCc1nnc(*)o1,egc,6.3699,6.070145794018818
*CCCCCCCCCCCCCCCCCCNC(=O)NCCCCCCCCCCNC(=O)N*,egc,5.6443,5.657778208482453
*CCCCCCCC(=O)O*,egc,6.6609,6.586719533888676
*N1C(=O)c2c(C1=O)cc(cc2)C(=O)Oc1ccc(cc1)c1ccc(cc1)OC(=O)c1cc2c(C(=O)N(C2=O)CCCCC*)cc1,tg,147.0,131.20342129626675
*OC(=O)C(C(=O)OCCC[Sn](CCC*)(C)C)CCCCCCOc1ccc(cc1)c1ccc(cc1)OCc1ccc(cc1)[N+](=O)[O-],tg,40.5,18.52517890319759
*O[Si](*)(CCCOCCOCCOCCOCCOCCOCCOCCOC)CCCOCCOCCOCCOCCOCCOCCOCCOC,tg,-66.4,-64.35790932025834
*C1C2C(C(=O)N(C2=O)CCCCCCCCCCCC)C(C1)C=C*,tg,50.0,54.56858629350195
*NC(=O)Nc1ccc(*)s1,ei,4.8361,4.916846916536476
*C(C*)(C(=O)OCc1cc(c(cc1)OCCOCC)OCCOCC)C,tg,-2.0,-46.637643896888605
*c1nc(cnc1)Oc1ccc(cc1)C(c1ccc(cc1)O*)(C)C,tg,94.0,129.22886291962195
*c1nc2c(nc1c1ccccc1)cc(cc2)Oc1cc2c(nc(c(n2)c2ccccc2)c2ccc(cc2)OCCN(CCOc2ccc(cc2)*)c2ccc(cc2)N=Nc2c(cc(cc2)[N+](=O)[O-])C)cc1,tg,188.0,174.299961459826
*c1cc2c(C(=O)N(C2=O)C2CC(CC(C2)(CN2C(=O)c3c(C2=O)cc(cc3)C(*)(C(F)(F)F)C(F)(F)F)C)(C)C)cc1,tg,278.0,280.88973930205015
*C(C*)c1ccc(cc1)COc1ccc(cc1)c1c2c(nsn2)c(cc1)c1sc(cc1)c1sc(cc1)CCCCCC,tg,122.0,104.54720503872683
*C(C*)C(=O)OCCOCC1(COC1)CC,tg,-16.0,-16.71774286093398
*CC(*)C(=O)N(O)c1cccc(C)c1,egc,4.1845,4.3553157089056285
*C(C*)c1ccc(cc1)OC(=O)C,tg,114.44,109.87276252146602
*c1sc(cc1CCCCCCCCCCCC)c1ccc(cc1)c1sc(c(c1)CCCCCCCCCCCC)c1ccc(cc1)*,tg,-19.2,40.68338540054475
*C=CC1CC(*)C2CC=CC12,egc,5.3836,5.445889366444831
*OC(CC(=O)OCC*)C,tg,-37.1,-59.97619625315275
*CCCCCOC(=O)NNC(=O)CCCCCCCCC(=O)NNC(=O)O*,egc,5.6607,5.744442664589651
*OC1C(C)(C)C(OC(*)=O)C1(C)C,egb,6.9495,6.377537550097532
*NC(CC(=O)*)C,tg,115.0,63.38897132274248
*N1C(=O)c2c(C1=O)cc(cc2)Oc1ccc(cc1)Oc1ccc(cc1)Oc1cc2c(C(=O)N(C2=O)c2ccc(cc2)Oc2ccc(cc2)c2ccc(cc2)Oc2ccc(cc2)*)cc1,tg,211.0,208.80615928200186
*Oc1c2c(ccc1)cc(cc2)OCCNC(=O)c1cc(ccc1)C(=O)NCC*,tg,155.5,149.50205802953866
*CCCCCCC(=O)O*,egc,6.5222,6.65183362407632
*N1C(=O)c2c(C1=O)c(ccc2)Oc1ccc(cc1)C(c1ccc(cc1)Oc1c2c(C(=O)N(C2=O)c2c(cc(cc2C)c2cc(c(c(c2)C)*)C)C)ccc1)(C)C,tg,265.0,263.25576083477495
*N1C(=O)c2c(C1=O)cc(cc2)Oc1ccc(cc1)Sc1ccc(cc1)Oc1cc2c(C(=O)N(C2=O)c2ccc(cc2)Oc2cc(ccc2)Oc2ccc(cc2)*)cc1,tg,178.0,188.72787721976277
*c1c(c(cc(c1)N=Nc1ccc(cc1)C#N)*)O,tg,176.0,186.38938995468627
*N1C(=O)c2c(C1=O)cc(cc2)Oc1cc2c(C(=O)N(C2=O)c2ccc(cc2)S(=O)(=O)c2ccc(cc2)*)cc1,tg,262.0,286.26882696784753
*Oc1ccc(cc1)Oc1ccc(cc1)C(=O)c1ccc(cc1)*,tg,150.4,153.7068987156835
*OC(=O)NCCCCCCNC(=O)OCCN(CC*)c1ccccc1,tg,31.9,38.99492502267779
*CCCCCCCCCCCCCCCCCCCCOC(=O)CCC(=O)O*,egc,6.7992,6.6691752231018775
*c1cc2c(C(=O)N(C2=O)c2cc(cc(c2)OCCCCCCCCCCCC)N2C(=O)c3c(C2=O)cc(cc3)C(*)(C(F)(F)F)C(F)(F)F)cc1,tg,165.0,158.1353068582396
*Oc1cc2c(cc1)ccc(c2)OC(=O)c1ccc(cc1)Oc1ccc(cc1)C(=O)*,tg,142.0,156.02691272988915
*OC(=O)CC(CC*)C,tg,-71.5,-20.80082569221642
*OC(=S)C(F)(F)C(*)(F)F,nc,1.7142,1.727942462848087
*C(=C*)C(CCC)[Si](c1ccccc1)(C)C,tg,110.0,121.23637832833091
*[n+]1ccc(cc1)c1cc[n+](cc1)Cc1cc(ccc1)C*,tg,128.0,90.59910408493126
*Oc1cc(ccc1)Oc1ccc(cc1)C(=O)c1ccc(cc1)P(=O)(c1ccc(cc1)C(=O)c1ccc(cc1)*)c1ccccc1,tg,201.0,198.12628586941753
*Oc1ccc(cc1)Oc1ccc(cc1)Oc1c(cc(cc1)S(=O)(=O)c1cc(c(cc1)Oc1ccc(cc1)Oc1ccc(cc1)Oc1ccc(cc1)c1ccc(cc1)*)S(=O)(=O)O[Na])S(=O)(=O)O[Na],tg,302.0,303.7531551593619
*N(c1ccc(cc1)C(=O)*)CCCC,tg,124.0,116.61904561024032
*OC(CCOC(=O)C(C(=O)*)CCCCCCOc1ccc(cc1)N=Cc1ccc(cc1)[N+](=O)[O-])C,tg,3.0,30.076417986461383
*C1OC(CCC1)NC(=O)*,tg,145.0,134.12468070280178
*Oc1c(OC)cc(*)cc1OC,egc,4.2534,4.499910212887102
*C#Cc1cc(CCCCCC)c(*)s1,egc,1.5751,1.810209381724011
*Oc1ccc(C(F)(F)C(*)(F)F)s1,eea,1.9642,2.2509024296397926
*OCC(F)(F)C(*)(F)F,egb,8.8494,9.161327750724094
*C1C(=O)N(C(=O)C1C(C*)(C)C)c1c(cccc1CC)CC,tg,210.0,198.82041645270587
*CC(=S)NO*,ei,5.6761,6.035861728995313
*c1cc2c(C(=O)N(C2=O)c2cc(ccc2)C#Cc2cc(ccc2)N2C(=O)c3c(C2=O)cc(cc3)C(=O)*)cc1,tg,295.8,300.99685027420503
*Oc1ccc(cc1)C1(c2ccccc2c2ccccc12)c1ccc(cc1)OC(=O)CCCCC(=O)*,tg,166.0,185.6584373978537
*OC(=O)Nc1ccc(cc1)Cc1ccc(cc1)NC(=O)OCCCCCCCCCCCC*,tg,43.0,56.52867777163527
*Nc1ccc(-c2ccc(-c3ccc(*)s3)s2)s1,egb,1.5003,1.6266353545025907
*NC(=O)c1ccc(cc1)C(=O)NCCCCCCCCCCCC*,tg,130.0,131.0016078983652
*CCCCCNC(=O)CCCCCCCCCCCCCCCCC(=O)N*,egc,5.855,6.0166080172385685
*c1ccc2n(c3c(c2c1)cc(cc3)Nc1ccc(cc1)Oc1ccc(cc1)N*)CC(CCCC)CC,tg,220.0,198.45302842334246
*c1cc2c(s1)-c1sc(*)cc1C2=C(C#N)C#N,egc,0.6839,0.8124790533422032
*S(=O)(=O)c1cc(ccc1)N/C=C\C(=O)c1cc(ccc1)C(=O)/C=C\Nc1cc(ccc1)*,tg,215.0,175.46921661554998
*Oc1c2c(ccc1)ccc(c2)Oc1ccc(cc1)NC(=O)c1ccc(cc1)Oc1ccc(cc1)C(c1cc(ccc1)C(c1ccc(cc1)Oc1ccc(cc1)C(=O)Nc1ccc(cc1)*)(C)C)(C)C,tg,175.5,158.32560008198544
*Oc1ccc(cc1)CC(NC(=O)CCc1ccc(cc1)OC(=O)COCCOCC(=O)*)C(=O)OC(C)C,tg,58.0,49.39285973874831
*NC(=S)Nc1ccc(*)cc1,egb,2.6405,2.689000405159469
*Oc1ccc(cc1)c1ccc(cc1)CC(c1ccc(cc1)OCCCCCCCCCCCC*)C,tg,40.0,72.55836047066363
*CCCCCCCCCCCCCCCCCCCCOC(=O)CCCCCCCCC(=O)O*,egc,6.784,6.647893418430841
*Nc1cc(F)c(*)cc1F,egc,3.4723,3.8087409519391726
*C(C*)C(=O)OCCCC,tg,-31.07,-45.820826251120565
*OC(=O)c1ccc(C(*)=O)cc1,eea,3.2451,3.132706641166343
*C=Cc1cccc(C=Cc2cc(*)ncn2)c1,egc,3.4013,3.2548621463767047
*N1C(=O)c2c(C1=O)cc(cc2)S(=O)(=O)c1cc2c(C(=O)N(C2=O)c2ccc(cc2)Oc2ccc(cc2)*)cc1,tg,283.5,284.41756770846314
*Oc1ccc(cc1)S(=O)(=O)c1c2c(ccc1)c(ccc2)S(=O)(=O)c1ccc(cc1)Oc1c(cc(cc1C)c1cc(c(c(c1)C)*)C)C,tg,262.0,273.7289400363038
*N1C(=O)c2c(C1=O)cc(cc2)Oc1cc2c(cc1)ccc(c2)Oc1cc2c(C(=O)N(C2=O)c2ccc(cc2)Oc2ccc(cc2)Oc2ccc(cc2)*)cc1,tg,228.0,214.6450732769404
*C(C*)C(=O)OCC(C(OC(C(C(F)(F)F)(F)F)(F)F)(F)F)(F)F,tg,-68.0,-57.985804073834686
*OC(=O)c1ccc(cc1)CCCCCc1ccc(cc1)C(=O)*,tg,42.5,47.7433615183277
*C(F)C(*)(F)F,nc,1.5796,1.584995159584847
*OC(=O)CCCCC(=O)OCCCCC*,tg,-70.33,-32.72327111804082
*CC(=S)c1ccc(C(*)=S)s1,ei,4.932,5.031404257087861
*N1C(=O)c2c(C1=O)c(ccc2)Oc1ccc(cc1)C(c1ccc(cc1)Oc1c2c(C(=O)N(C2=O)c2ccc(cc2)Oc2ccc(cc2)c2ccc(cc2)Oc2ccc(cc2)*)ccc1)(C)C,tg,236.0,239.2512762292884
*OC(=O)CCSCCC(=O)OCC*,tg,-47.0,-19.169888305726683
*CC(*)(C)C(=O)OCCC#N,egb,6.2508,6.323962152605374
*C(C*)c1ccc(cc1)COC,tg,77.0,72.10365352629518
*N1C(=O)c2c(C1=O)cc(cc2)Oc1cc2c(C(=O)N(C2=O)c2ccc(cc2)c2ccc(cc2)NC(=O)c2cc(ccc2)C(=O)Nc2ccc(cc2)c2ccc(cc2)*)cc1,tg,233.0,223.0621925339055
*c1cc2C3(CC(CC(C3)(C)C)(C)C)c3c(c2cc1)ccc(c3)c1cc2C(c3c(c2cc1)ccc(c3)*)(CCCCCCCC)CCCCCCCC,tg,132.0,179.0389358942894
*CCOC(=O)C1C2C=CC(C2)C1C(=O)O*,egc,5.7779,5.470185026630791
*c1cc2c(C(=O)N(C2=O)c2c(c(ccc2)N2C(=O)c3c(C2=O)cc(cc3)C(*)(C(F)(F)F)C(F)(F)F)C)cc1,tg,353.5,327.069295207871
*Nc1ccc(Oc2ccc(*)cc2)cc1,nc,1.9297,1.9441675263620146
*CC(*)(F)C(=O)OCCC,egc,6.5259,6.532161846237305
*C(C*)(C(=O)OCCC)Cl,tg,66.0,54.69457610870143
*C(C*)C(=O)OCC(C(C(C(C(F)(F)F)(F)F)(F)F)(F)F)(F)F,tg,-39.0,-55.868821160339685
*OC(=O)OCCOCC*,tg,-40.0,-10.366462810381815
*c1ccc(-c2ccc(C(F)(F)C(*)(F)F)cc2)cc1,eea,2.3351,2.213555292476569
*Oc1ccc(cc1)C(c1ccc(cc1)Oc1ccc(cc1)C(=O)c1ccc(cc1)*)c1c(cccc1)C(=O)O,tg,220.5,191.647477893965
*Cc1ccc(CO*)cc1,egc,4.9575,5.1147560643952374
*C(C*)C(=O)OCCCCCCCC,tg,-65.0,-38.4335685575991
*S(=O)(=O)c1cc(ccc1)NC(=O)CCCCCCCCCCC(=O)Nc1cc(ccc1)*,tg,107.0,113.21892102538607
*C(=S)c1ccc(-c2ccc(-c3ccc(*)cc3)cc2)cc1,eea,3.0264,3.045118360833417
*Oc1ccc(cc1)CC(Cc1ccc(cc1)*)(C#N)C#N,tg,147.0,141.96998549702968
*N1C(=O)c2c(C1=O)cc(cc2)C(=O)c1cc2c(C(=O)N(C2=O)CC(=O)Nc2ccc(cc2)Oc2ccc(cc2)Oc2ccc(cc2)NC(=O)C*)cc1,tg,230.0,206.76537372456474
*CC(*)CCC,egc,6.7336,6.972558979373331
*c1cc2c(C(=O)N(C2=O)c2ccc(cc2)Oc2c3c(ccc2)c(ccc3)Oc2ccc(cc2)N2C(=O)c3c(C2=O)cc(cc3)C(=O)Nc2cc(ccc2)NC(=O)*)cc1,tg,263.0,269.21141053117344
*CC(*)(Cl)C#N,egc,6.5592,6.565353561062772
*O[Si](CCCN=C1c2c(ccc(c2C(=NCCC[Si](*)(C)C)c2ccccc12)O)O)(C)C,tg,7.5,20.581601738893863
*CCCOC(=O)CCCC(=O)O*,egc,6.7627,6.721541318223472
*N1C(=O)c2c(C1=O)cc(cc2)Oc1cc2c(C(=O)N(C2=O)c2ccc(cc2)Oc2ccc(cc2)*)cc1,tg,266.3,264.1214784840157
*CNC(=S)c1ccc(*)s1,eps,4.55,4.744472752185995
*c1cc2c(C(=O)N(C2=O)c2c(cccc2)Cc2c(cccc2)N2C(=O)c3c(C2=O)cc(cc3)C(=O)*)cc1,tg,285.0,299.2339323739342
*C=CC(C(*)COCc1ccccc1)COCc1ccccc1,tg,-4.0,-5.057914222763751
*C(C*)OC(=O)C(C(C(C(C(F)(F)F)(F)F)(F)F)(F)F)(F)F,tg,-9.0,4.245343004870067
*CCCCCC(=O)NCCCCCOCCCCCNC(=O)CCCCO*,egc,5.905,5.830610336889497
*c1sc(cc1CCOc1ccc(cc1)N=Nc1ccc(cc1)C#N)*,tg,73.0,79.58691002506413
*C(CCCCCCCC*)Cl,tg,-33.0,13.83660912346091
*CC(CCC)C(CCC)COC(=O)c1ccc(C(=O)O*)cc1,egb,4.4708,4.115731500807373
O(*)c1ccc(cc1)C(=O)Nc1ccc(cc1)S(=O)(=O)c1ccc(cc1)NC(=O)c1ccc(cc1)(*),egc,3.8301,3.6312064470562437
*c1cc2c(C(=O)N(C2=O)c2c(cc(c(c2C)N2C(=O)c3c(C2=O)cc(cc3)C(=O)Nc2ccc(cc2)C(c2ccc(cc2)NC(=O)*)(C(F)(F)F)C(F)(F)F)C)C)cc1,tg,250.0,277.3959581747433
*C=Cc1ccc(*)c2occc12,egc,1.6799,1.6535234686942053
*CCCC(C)(C)CNC(=O)c1cccc(C(=O)N*)c1,egc,5.0204,5.021605936437549
*C(=O)c1ccc(C(=O)N(C)N(*)C)cc1,egc,4.0457,4.256464790498234
*c1sc(*)c(OCCCC)c1OC,egc,3.2859,3.3353072170081006
*c1ccc(-c2cc(CCCCCCCCCCCC)c(*)s2)s1,egc,1.5458,1.8278940944606579
*C(C*)c1c(ccc(c1)Br)OC,tg,86.0,81.75659099985003
*N1C(=O)c2c(C1=O)cc(cc2)C(=O)Oc1ccc(cc1)c1ccc(cc1)OC(=O)CCCCCCCCCC*,tg,61.0,87.06024499371543
*c1[nH]c(nc1c1ccc(cc1)Oc1ccc(cc1)C(=O)c1cc2c(cc1)cc(cc2)C(=O)c1ccc(cc1)Oc1ccc(cc1)*)c1ccccc1,tg,239.0,242.4135253758941
*N1C(=O)C(CC1=O)(SCCOCCSC1(C(=O)N(C(=O)C1)c1ccc(cc1)S(=O)(=O)c1ccc(cc1)N1C(=O)C(C(C1=O)C)SCCOCCSC1C(=O)N(C(=O)C1C)c1ccc(cc1)S(=O)(=O)c1ccc(cc1)*)C)C,tg,157.0,138.0223474827675
*N1C(=O)C2CCC3C(C2C1=O)C(=O)N(C3=O)c1ccc(cc1)Oc1ccc(cc1)C(c1ccc(cc1)Oc1ccc(cc1)*)(C)C,tg,263.5,272.07117746319557
*Oc1ccc(C(C)(CCC#N)c2ccc(OC(*)=O)c(C)c2)cc1C,egc,4.6661,4.543160535715746
*OCC(=S)c1ccc(C(=S)Cc2ccc(-c3ccc(*)cc3)cc2)s1,eps,4.62,5.045537680200096
*c1cc2c(C(=O)N(C2=O)c2ccc(cc2)Oc2ccc(cc2)C2(C3C4C(CCC4)C(C2)C3)c2ccc(cc2)Oc2ccc(cc2)N2C(=O)c3c(C2=O)cc(cc3)C(=O)Nc2ccc(cc2)Oc2c(cc(cc2)Oc2ccc(cc2)NC(=O)*)C(C)(C)C)cc1,tg,275.0,268.9723157660559
*Oc1ccc(cc1)NC(=O)c1cc(cc(c1)C(C)(C)C)C(=O)Nc1ccc(cc1)*,tg,268.0,232.55584886161625
*C(C*)C(=O)NCP(=O)(O)O,tg,26.0,62.71368583396185
*NC(=O)NC(=O)c1ccc(C(=S)c2ccc(-c3ccc(*)s3)s2)s1,ei,5.1795,5.264722937262405
*NC(=O)Oc1ccc(*)s1,egb,3.4227,3.4492352372390473
*c1cc2c(C(=O)N(C2=O)c2ccc(cc2)Oc2ccc(cc2)N2C(=O)c3c(C2=O)cc(cc3)C(=O)N2C(=S)N(C(C(=C2C)C(=O)OCC)c2ccccc2)C(=O)*)cc1,tg,155.0,140.78731013167632
*c1ccc(C(F)(F)c2ccc(C(*)(F)F)cc2)s1,eps,4.0,3.9890099124281395
*CCCCCCC(=O)NCCCCCOCCCCCNC(=O)CCCO*,egc,5.944,5.873664165510093
*C(C*)OC(=O)C(C(C(C(F)(F)F)(F)F)(F)F)(F)F,tg,17.5,8.87766935637423
*N1C(=O)c2c(C1=O)cc(cc2)Oc1cc2c(cc1)ccc(c2)Oc1cc2c(C(=O)N(C2=O)c2ccc(cc2)C(c2ccc(cc2)*)(C(F)(F)F)C(F)(F)F)cc1,tg,256.0,253.42412677010506
*CCCCCCOC(=O)CCCCSCCCCC(=O)O*,egc,5.2687,5.199427606980203
*c1nc2c([nH]1)ccc(c2)c1ccc2c(nc([nH]2)c2cc(ccc2)C(=O)Nc2ccc(cc2)Cc2ccc(cc2)N2C(=O)c3c(C2=O)cc(cc3)S(=O)(=O)c2cc3c(C(=O)N(C3=O)c3ccc(cc3)Cc3ccc(cc3)NC(=O)c3cc(ccc3)*)cc2)c1,tg,270.0,278.85940041402677
*CC(=S)CO*,egc,3.0342,3.139512002073175
*C(=O)c1ccc2c(c1)C(=O)N(c1ccc(C(=O)N(C)c3ccc(N4C(=O)c5ccc(*)cc5C4=O)cc3)cc1)C2=O,egc,2.3425,2.5570851478150822
*Oc1ccc(P(C)(=O)c2ccc(*)cc2)cc1,egc,4.6884,4.718402383982173
*CC(*)C(=O)OCC(F)(F)C(F)(F)OC(F)(F)F,egc,6.5517,6.430818075780492
*Nc1ccc(C(=O)c2ccc(*)s2)cc1,eps,6.11,6.099804199029118
*CCN(CCCC(=O)Nc1ccc(N=Nc2ccccc2)cc1)CCOC(=O)NCC1CCCC(CNC(=O)O*)C1,egc,3.1195,3.2487049478771115
*Oc1ccc(NC(=O)c2cc(NC(=O)c3ccncc3)cc(C(=O)Nc3ccc(*)cc3)c2)cc1,egc,3.2858,3.2910583156530624
*c1ccc2N(c3c(Sc2c1)cc(cc3)C=C*)c1ccc(cc1)OCCCCCCCCCCCC,tg,129.0,156.08358849057714
*C(C*)c1ccc(cc1)B(Oc1c2ncccc2c(cc1)c1ccc(cc1)N(C)C)c1ccc(cc1)C(C)(C)C,tg,230.0,240.22806185809372
*c1cc2c(C(=O)N(C2=O)c2ccc(cc2)Sc2ccc(cc2)Sc2ccc(cc2)Sc2ccc(cc2)Sc2ccc(cc2)N2C(=O)c3c(C2=O)cc(cc3)C(*)(C(F)(F)F)C(F)(F)F)cc1,tg,216.0,224.05963500159496
*Nc1ccc(cc1)C(c1ccc(cc1)NC(=O)c1ccc(cc1)C(c1ccc(cc1)C(=O)*)(C(F)(F)F)C(F)(F)F)(P1(=O)c2ccccc2c2ccccc2O1)P1(=O)c2ccccc2c2ccccc2O1,tg,235.0,224.33727801645767
*CC(=O)c1ccc(C(*)=S)cc1,eea,3.7473,3.4611867981715814
*N1C(=O)c2c(C1=O)cc(cc2)Oc1ccc(cc1)c1ccc(cc1)Oc1cc2c(C(=O)N(C2=O)c2ccc(cc2)Oc2ccc(cc2)Oc2ccc(cc2)Oc2ccc(cc2)*)cc1,tg,212.0,213.19615839360765
*N(CC*)C(=O)c1cc(c(cc1)F)F,tg,101.0,97.03805753805602
*NC(Cc1c[nH]c2ccccc12)C(*)=O,egc,4.3631,4.112891534966273
*c1oc(nc1)c1cc(c(cc1)Oc1ccc(cc1)c1ccc(cc1)Oc1c(cc(cc1)*)C(F)(F)F)C(F)(F)F,tg,200.0,193.3164469973294
*c1cc2c(C(=O)N(C2=O)c2ccc(cc2)C(=O)c2ccc(cc2)C(=O)c2ccc(cc2)N2C(=O)c3c(C2=O)cc(cc3)C(=O)*)cc1,tg,286.0,296.35203384017706
*c1cc2c(C(=O)N(C2=O)C2CCC(CC2)CC2CCC(CC2)N2C(=O)c3c(C2=O)cc(cc3)C(=O)*)cc1,tg,254.0,296.8066480909149
*C#CC(=C(*)c1cnc2ccccc2c1)c1cnc2ccccc2c1,egb,0.5725,1.0532841207286108
*c1sc(cc1)Oc1ccc(cc1)C(c1ccc(cc1)Oc1sc(cc1)C(=O)*)(C)C,tg,124.0,167.36512711888432
*N1C(=O)c2c(C1=O)cc(cc2)C(=O)c1cc2c(C(=O)N(C2=O)CCCCCC(=O)Nc2cc(ccc2)Oc2ccc(cc2)NC(=O)CCCCC*)cc1,tg,170.0,153.03947677272063
*OC(=O)C(F)(F)C(*)(F)F,nc,1.5879,1.631568973981712
*C(C*)(CC(=O)OCCCCCCCCC)C(=O)OCCCCCCCCC,tg,-13.0,-15.374987636257845
*C(=C(*)C)c1ccccc1,tg,200.0,260.1748615379431
*N1C(=O)c2c(C1=O)cc(cc2)C(=O)Oc1ccc(cc1)OC(=O)CCCCCC*,tg,74.32,82.53116398334623
*C(C*)(C(=O)OCCN(c1ccc(cc1)N=Nc1ccc(cc1)[N+](=O)[O-])CC)C,tg,125.25,126.16003561246598
*c1oc(nn1)c1ccc(cc1)C#Cc1c(cc(c(c1)OCCCCCCCC)C#Cc1ccc(cc1)*)OCCCCCCCC,tg,130.0,141.29623971548799
*OC(=O)c1c(ccc(c1)C(=O)OCC(C(C(C*)(F)F)(F)F)(F)F)OCCCCC,tg,9.0,30.859576729146486
*c1sc(c(c1c1ccccc1)c1ccccc1)c1ccc(cc1)CC(=O)Nc1ccc(cc1)Cc1ccc(cc1)NC(=O)Cc1ccc(cc1)*,tg,227.0,237.11245211169464
*c1cc2c(C(=O)N(C2=O)c2ccc(cc2)Oc2ccc(cc2)N2C(=O)c3c(C2=O)cc(cc3)C(=O)c2cc(cc(c2)c2ccccc2)C(=O)*)cc1,tg,258.5,246.04547670590574
*Oc1ccc(cc1)C(c1ccc(cc1)C(c1ccc(cc1)Oc1ccc(cc1)C(=O)Nc1ccc(cc1)Cc1ccc(cc1)NC(=O)c1ccc(cc1)*)(C)C)(C)C,tg,162.0,147.25653641717594
*CCCC(CCNC(=O)c1ccc(C(=O)N*)cc1)C(C)C,egc,4.6978,4.634867245017034
*C(C*)c1c(cccc1)C(=O)OC,tg,130.0,147.80691080732092
*c1sc(cc1CCCCCCCCCC)*,tg,-33.0,22.238355984355877
*CCCCCCCCCNC(=O)CCCCC(=O)N*,egc,5.6864,5.889228450924338
*C(=O)c1ccc2c(c1)C(=O)N(c1cccc(C(=O)N(C)c3ccc(N4C(=O)c5ccc(*)cc5C4=O)cc3)c1)C2=O,egc,2.3447,2.656329745203004
*CCCCNC(=O)C(=O)N*,egc,5.1306,5.247706103579445
*Oc1ccc(cc1)C(=O)OCCOCCOCCOC(=O)c1ccc(cc1)OC(=O)c1ccc(cc1)C(=O)*,tg,25.0,51.39766385988458
*CCOCCOC(=O)O*,ei,7.5966,7.159256631393747
*CC(O*)C(C)C,egc,5.7752,5.755411896351009
*CCCCNC(=O)CCCCCCC(=O)N*,egc,6.0697,5.887776085540587
*Oc1ccc(cc1)C(c1ccc(cc1)OCC(C*)OC(=O)CC)(C)C,tg,60.0,47.55660186350697
*NC(=O)C(=S)c1ccc(*)cc1,egb,1.5619,1.7712658722768977
*c1c(cc(cc1)CC*)C,tg,54.38,64.16835559742589
*N1C(=O)c2c(C1=O)cc(cc2)Oc1cc2c(cc1Oc1cc3c(C(=O)N(C3=O)c3ccc(cc3)Oc3ccc(cc3)*)cc1)cccc2,tg,228.75,234.5173583361471
*NC(CC(*)=O)C(=O)OCCOC,egc,5.9247,5.719914921034091
*CNCC(*)=O,eea,1.6269,1.531961554169408
*Oc1ccc(cc1)C(c1ccc(cc1)Oc1ccc(cc1)C(=O)C(=O)c1ccc(cc1)*)(c1ccccc1)C,tg,177.0,177.84775171994772
*N1C(=O)c2c(C1=O)c(ccc2)Oc1ccc(cc1)C(=O)c1ccc(cc1)ON1C(=O)c2c(C1=O)c(ccc2)c1ccc(cc1)Oc1ccc(cc1)*,tg,252.0,239.64749372308248
*Cc1ccc(-c2ccc(O*)s2)s1,nc,1.9533,1.960293801193602
*N1C(=O)c2c(C1=O)c(ccc2)Oc1ccc(cc1)c1ccc(cc1)Oc1c2c(C(=O)N(C2=O)c2ccc(cc2)Oc2cc(ccc2)Oc2ccc(cc2)*)ccc1,tg,224.0,233.90240898889206
*OC(=S)c1ccc(C(*)=O)s1,eea,4.037,3.937507205488955
*Nc1ccc(OC(*)=S)cc1,eps,4.5,4.527258306607367
*OC(=O)c1ccc(cc1)N=Cc1c(cc(c(c1)OCCCCCC)C=Cc1c(cc(c(c1)OCCCCCC)C=Cc1c(cc(c(c1)OCCCCCC)C=Nc1ccc(cc1)C(=O)OCCCCOCCCCOCCCC*)OCCCCCC)OCCCCCC)OCCCCCC,tg,14.3,45.67534329762379
*Oc1cc(c(cc1)S(=O)(=O)c1c(cc(cc1)Oc1c(cc(cc1)C(c1cc(c(cc1)*)[Si](C)(C)C)(C(F)(F)F)C(F)(F)F)[Si](C)(C)C)[Si](C)(C)C)[Si](C)(C)C,tg,148.9,182.45959886027018
*CC(*)F,egb,8.3099,7.561331490279251
*OC(COCCOC)COC(*)=O,egc,6.2142,6.166602142192739
*c1ccc(-c2nc3cc4nc(*)c(-c5ccccc5)nc4cc3nc2-c2ccccc2)cc1,egc,2.6364,2.8581183212053096
*Oc1ccc(cc1)NC(=O)c1cc(cc(c1)NC(=O)C12CC3CC(CC(C1)C3)C2)C(=O)Nc1ccc(cc1)*,tg,335.0,348.9822890033788
*CC(=O)Cc1ccc(*)s1,nc,1.799,1.8264744923054756
*C(C=C1)=CC=C1C(S2)=CC=C2C(S3)=CC=C3O*,egc,3.9319,3.5458447072924635
*C1C=C(CCCCCC)C(*)S1,egc,4.7988,4.794689600642164
*Oc1ccc(cc1)CC(NC(=O)CCc1ccc(cc1)OC(=O)COCCOCC(=O)*)C(=O)OCCCCCCCC,tg,16.0,30.400449508679074
*OC(C)COC(=O)C(*)=O,egc,5.4575,5.539490524358189
*OC(=O)Nc1c(ccc(c1)NC(=O)OCCN(CC*)c1ccc(cc1)C(=C(C#N)C#N)C#N)C,tg,125.0,97.15535516581163
*OP(=O)(OCCOc1ccc(cc1)S(=O)(=O)c1ccc(cc1)OCC*)Oc1ccccc1,tg,49.0,43.67546832507446
*CC(*)C(=O)C(C)(C)C,egc,5.3334,5.19009364961603
*Cc1ccc(-c2ccc(-c3ccc(*)cc3)s2)cc1,egb,2.7314,2.8445314621282294
*Oc1ccc(cc1)C(=Cc1ccc(cc1)c1ccc(cc1)C=C(c1ccc(cc1)OC(=O)CCCCCCCCC(=O)*)c1ccccc1)c1ccccc1,tg,111.0,113.74394829092701
*Nc1ccc(-c2ccc(NC(=O)c3ccc(C(*)=O)cc3)cc2)cc1,egc,3.3951,3.3836431821220656
*c1sc(cc1)c1cc(c(cc1)Oc1ccc(cc1)C1(c2ccccc2c2ccccc12)c1ccc(cc1)Oc1c(cc(cc1)*)C(F)(F)F)C(F)(F)F,tg,169.0,172.56023055229446
*c1nc2c(nc1)cc(cc2)Oc1cc2c(nc(cn2)c2ccc(cc2)*)cc1,tg,306.0,338.23858852434626
*C*,egc,6.8972,6.547159846842306
*CNCNC(=O)NC(=O)N*,egc,6.2347,5.96831370822363
*C(=O)C(F)(F)NC(*)(F)F,egb,5.0875,5.271095961478949
*c1cc2c(C(=O)N(C2=O)c2ccc(cc2)NC(=S)N=Cc2cc(c(cc2)Cl)N2C(=O)c3c(C2=O)cc(cc3)C(*)(C(F)(F)F)C(F)(F)F)cc1,tg,272.0,262.23786350713215
*c1ccc(-c2csc(-c3nc(*)cs3)n2)cc1,egc,3.3372,3.175693280271853
*C(=CCC*)CCCCCCC,tg,-83.0,-27.4317298597134
*c1cc2c(C(=O)N(C2=O)c2cc(ccc2)N2C(=O)c3c(C2=O)cc(cc3)C(=O)c2cc(cc(c2)C(C)(C)C)C(=O)*)cc1,tg,264.5,265.29172156580984
*N(CC*)C(=O)c1c(c(c(cc1)F)F)F,tg,102.0,116.2329499336189
*CC(=O)NC(*)=S,nc,1.9255,1.9296401486680244
*NC(=O)c1ccc(C(*)=S)cc1,nc,1.971,1.9872096421698704
*COCOCCCO*,ei,7.1508,6.907763639225276
*c1ccc(N(c2ccc(C#N)cc2)c2ccc(-n3c(=O)c4cc5c(=O)n(*)c(=O)c5cc4c3=O)cc2)cc1,egc,1.6108,1.5302827508624623
*C=NCCCCCCN=Cc1ccc(Sc2ccc(*)o2)o1,egc,3.6661,3.511921903388497
*Oc1ccc(-c2ccc(C(*)=O)cc2)cc1,eps,4.1,4.2445255544907905
*Oc1c(cc(cc1C)c1cc(c(c(c1)C)OC(=O)CCCCC(=O)*)C)C,tg,108.0,132.10381625005547
*CC1CCC(COC(=O)c2ccc(NC(=O)O*)cc2)CC1,egc,4.5441,4.703241820709515
*CC(=O)NC(*)=O,nc,1.7864,1.7889234273181343
*c1cc2C(c3c(c2cc1)ccc(c3)c1ccc(cc1)*)(CCCCCC)CCCCCC,tg,105.87,107.17898824864027
*Oc1ccc(cc1)C(c1ccc(cc1)OC(=O)c1c(cccc1)c1c(cccc1)C(=O)*)(C)C,tg,154.5,131.03316621229936
*Oc1ccc(C(F)(F)C(*)(F)F)s1,eps,3.9,3.8994277982636816
*C(C*)C(=O)OCCSCCCC#N,tg,-58.0,-65.3352487855438
*c1nc(ccc1)Oc1ccc(cc1)O*,tg,100.0,103.4592027302296
*C(C*)C(=O)Oc1ccc(cc1)N=Nc1ccc(cc1)OC,tg,133.6,107.40512069441948
*C(=O)NC(=O)c1ccc(*)cc1,eps,4.45,4.461917049066351
*Nc1ccc(*)cc1OCCCCCCCCCCCC,egc,3.5203,3.5453632490720866
*NC(=O)c1c(cccc1)c1c(cccc1)C(=O)NCCCC1(c2ccccc2c2ccccc12)CCC*,tg,165.0,147.1281220655547
*c1cc2C(c3c(c2cc1)ccc(c3)c1ccc(cc1)*)(CCCCCCC#N)CCCCCCC#N,tg,90.0,135.90587702413868
*CNc1ccc(N*)cc1,eea,0.54,0.6949461661183407
*Oc1ccc(cc1)NC(=O)c1ccc(cc1)Oc1ccc(cc1)C(=O)Nc1ccc(cc1)Oc1ccc(cc1)C1(C2CC3CC(CC1C3)C2)c1ccc(cc1)*,tg,230.0,251.60224898887617
*N1C(=O)c2c(C1=O)cc(cc2)c1cc2c(C(=O)N(C2=O)C2CC(CC(C2)(C*)C)(C)C)cc1,tg,311.0,289.7925470109842
*C(C=C1)=CC=C1C(C=C2)=CC=C2C(S3)=CC=C3C(S4)=CC=C4*,egc,2.2403,2.3690588823927925
*C(C*)C(=O)Oc1c(cccc1)C,tg,51.5,55.10998492047816
*c1nc2c([nH]1)ccc(c2)NC(=O)c1ccc(cc1)OCCOCCOc1ccc(cc1)C(=O)Nc1ccc(cc1)*,tg,175.0,189.8040687083921
*CCCCCCCCCCCCCOC(=O)c1ccc(C(=O)NCCCCCCNC(=O)c2ccc(C(=O)O*)cc2)cc1,egc,4.6196,4.5687699858628426
*C=CC(C(*)C(=O)OC)C,tg,53.0,1.7280069806680258
*NC1CCC(CC1)CC1CCC(CC1)NC(=O)CCCCCCCCCCC(=O)*,tg,139.67,152.30881960417324
*Nc1cc(ccc1)C(=O)c1ccc(cc1)NC(=O)c1cc(ccc1)C(=O)c1ccc(cc1)C(=O)*,tg,215.0,216.70579141507307
*Oc1ccc(cc1)OC(=O)c1c(cc(cc1)C(=O)*)Oc1cc2c(cc1)cccc2,tg,102.0,137.36796312336128
*CC(=S)c1ccc(C(*)=S)s1,nc,2.4487,2.4198170644613985
*Oc1ccc(cc1)S(=O)(=O)c1ccc(cc1)Oc1c(cc(cc1C)Cc1cc(c(c(c1)C)*)C)C,tg,232.0,219.00587035406272
*c1cc2c(C(=O)N(C2=O)c2ccc(cc2)Oc2ccc(cc2)N2C(=O)c3c(C2=O)cc(cc3)C(C(C(C(C(C(C(*)(F)F)(F)F)(F)F)(F)F)(F)F)(F)F)(F)F)cc1,tg,178.0,173.06428383151268
*Nc1c(ccc(c1)NC(=O)Nc1ccc(cc1)CCc1c(cccc1)NC(=O)*)C,tg,227.0,220.69131646697784
*CC(*)OC(C)=O,egb,5.9373,6.418963466596804
*Oc1ccc(cc1)CC(NC(=O)CCc1ccc(cc1)OC(=O)CCCCCCC(=O)*)C(=O)OCC,tg,50.0,47.153937098896485
*C(=C*)c1c(cccc1)C[Si](C)(C)C,tg,170.0,135.1698537713845
*C(C*)c1ccc(cc1)CCC(C(C(C(F)(F)F)(F)F)(F)F)(F)F,tg,23.0,1.8858398613171068
*C(=S)C(F)(F)c1ccc(C(*)(F)F)cc1,eps,3.7,3.6281749824194773
*CCCCCCCCC(=O)NCCCCCCNC(=O)CCCO*,egc,5.9837,6.041031730156944
*CC(=S)c1ccc(N*)cc1,ei,5.6636,5.59199589254788
*OCCCCONC(*)=O,nc,1.6747,1.6728365139729584
*c1c2c(c(s1)c1sc(c(c1)CCCCCC)c1cc3n(c4c(c3cc1)ccc(c4)c1sc(cc1CCCCCC)*)CCCCCCCCCCCC)nc(c(n2)CC)CC,tg,89.0,118.726757580747
*c1cc2c(C(=O)N(C2=O)c2ccc(cc2)Oc2ccc(cc2)C2(C3C4C(CCC4)C(C2)C3)c2ccc(cc2)Oc2ccc(cc2)N2C(=O)c3c(C2=O)cc(cc3)C(=O)Nc2ccc(cc2)Oc2ccc(cc2)C(c2ccc(cc2)Oc2ccc(cc2)NC(=O)*)(C(F)(F)F)C(F)(F)F)cc1,tg,254.0,259.9616724130197
*C(C*)OCC,tg,-37.29,-39.11313731610672
*C(F)C(*)(F)OC(F)(F)F,egb,7.802,8.409579233946513
*NOC(F)(F)C(*)(F)F,ei,9.0368,9.083721841068037
*Oc1ccc(-c2ccc(C(*)=O)s2)s1,eps,5.23,5.245721493991644
*C(=O)c1ccc(-c2ccc(C(*)=S)s2)s1,eps,6.5,7.202574173749585
*c1cc2c(C(=O)N(C2=O)c2cc(ccc2)Oc2ccc(cc2)N2C(=O)c3c(C2=O)cc(cc3)C(=O)Nc2ccc(cc2)Oc2ccc(cc2)C2(c3c(C(=O)N2)cccc3)c2ccc(cc2)Oc2ccc(cc2)NC(=O)*)cc1,tg,272.0,286.88726349320643
*C(=O)OC(C=C1)=CC=C1C(=S)*,egc,2.9816,2.7655649102856574
*C(C*)C(=O)Nc1ccc(cc1)C(=O)C=Cc1cc(ccc1)Br,tg,55.0,54.543937480508234
*OC(C)COC(=O)CCCCC(*)=O,egc,6.7094,6.630775225772085
*NC(=O)NO*,egb,5.0658,4.920941381654841
*Oc1ccc(cc1)C1(c2ccccc2c2ccccc12)c1ccc(cc1)OC(=O)OC1C(C(C1(C)C)OC(=O)*)(C)C,tg,214.0,218.9270196643594
*Oc1c(cc(cc1)OC(=O)c1ccc(cc1)OCCCCCCCCCCCCOc1ccc(cc1)C(=O)*)C=Cc1ccncc1,tg,91.35,93.66269170152285
*c1cc2c(C(=O)N(C2=O)c2ccc(cc2)Oc2c3c(ccc2)c(ccc3)Oc2ccc(cc2)N2C(=O)c3c(C2=O)cc(cc3)C(=O)*)cc1,tg,229.5,275.49521586151275
*N1C(=O)c2c(C1=O)cc(cc2)C(=O)Oc1ccc(cc1)OC(=O)CCCCC*,tg,89.0,75.37277766912516
*N1C(=O)c2c(C1=O)cc(cc2)C(c1cc2c(C(=O)N(C2=O)CCCCCCCC*)cc1)(C(F)(F)F)C(F)(F)F,tg,138.5,128.74008668885904
*c1nc2c(c(c1)c1ccccc1)cc(cc2)C1(c2ccccc2c2ccccc12)c1cc2c(nc(cc2c2ccccc2)c2ccc(cc2)C2(c3ccccc3C(=O)c3ccccc23)c2ccc(cc2)*)cc1,tg,385.0,383.1518132813571
*C(C*)(C(=O)OCCCCCCc1ccc(cc1)C(=Cc1ccc(cc1)OC)C)C,tg,31.0,39.13161230156571
*Oc1c(cc(cc1c1ccccc1)*)c1c(cccc1)c1ccccc1,tg,211.0,186.4368615923733
*CCN(CCOC(=O)Nc1ccc(Cc2ccc(NC(=O)O*)cc2)cc1)c1ccccc1,egc,4.1239,4.136754348135727
*C(=O)OCC(C)(C)COC(=O)N1CCN(*)C(C)C1,egc,5.8979,5.8974986535131
*Oc1ccc(cc1)C(c1ccc(cc1)Oc1ccc(cc1)C(=O)c1ccc(cc1)C(=O)c1ccc(cc1)*)(C)C,tg,156.4,157.0403874193498
*c1cc2c(C(=O)N(C2=O)c2ccc(cc2)Oc2c3c(ccc2)c(ccc3)Oc2ccc(cc2)N2C(=O)c3c(C2=O)cc(cc3)C(=O)Nc2ccc(cc2)Oc2ccc(cc2)C(c2ccc(cc2)Oc2ccc(cc2)NC(=O)*)(C)C)cc1,tg,235.0,249.0694483013322
*C(C*)C(=O)O[Na],tg,230.0,48.74473543513867
*C1C(=O)N(C(=O)C1*)c1c(cccc1CC)CC,tg,288.0,289.97421262616405
*c1cc2c(C(=O)N(C2=O)C2C(=O)N(C(=O)C2)c2ccc(cc2)Cc2ccc(cc2)NC(=O)*)cc1,tg,123.0,166.5133927057138
*N=P(*)(OCCCCC)OCCCCC,tg,-104.0,-94.88651201653865
*Oc1ccc(cc1)CC(NC(=O)CCc1ccc(cc1)OC(=O)COCC(=O)*)C(=O)OC(CC)C,tg,68.0,79.74599964515433
*c1cc2c(C(=O)N(C2=O)c2ccc(cc2)C(=O)NCCN(CCNC(=O)*)c2ccc(cc2)C=Cc2ccc(cc2)[N+](=O)[O-])cc1,tg,178.0,156.70406789071987
*c1cc2c(C(=O)N(C2=O)c2c(cc(cc2)c2cc(c(cc2)N2C(=O)c3c(C2=O)cc(cc3)C(*)(C(F)(F)F)C(F)(F)F)C)C)cc1,tg,352.0,347.320559662497
*c1cc2c(C(=O)N(C2=O)c2c(cc(cc2C)C(c2cc(c(c(c2)C)N2C(=O)c3c(C2=O)cc(cc3)C(=O)*)C)c2c3c(ccc2)cccc3)C)cc1,tg,303.0,305.9248062015847
*c1cc2c(C(=O)N(C2=O)c2cc(ccc2)C(=O)Nc2ccc(cc2)Oc2c(cccc2)Oc2ccc(cc2)NC(=O)c2cc(ccc2)N2C(=O)c3c(C2=O)cc(cc3)C(*)(C(F)(F)F)C(F)(F)F)cc1,tg,265.0,262.592725925032
*Oc1c(cc(cc1C)C1(CC2C(CC1)CCCC2)c1cc(c(c(c1)C)OC(=O)c1ccc(cc1)C(=O)*)C)C,tg,287.0,270.25442728820946
*O[Si](*)(c1ccccc1)c1ccccc1,tg,45.8,58.96109813055951
*Oc1ccc(-c2ccc(C(*)=O)s2)s1,nc,2.0521,2.0884281543496868
*CC(C)(C)CS(=O)(=O)CC(C)(C)COC(=O)O*,egc,6.8436,6.800593037907951
*C=Cc1ccc(*)c(C(=O)OC)c1C(=O)OC,egc,4.11,4.054367965523827
*CC(=S)NO*,egc,3.435,3.554478873803844
*CCCCCNC(=O)CCCCCC(=O)N*,egc,5.9272,5.8754291805308565
*c1c(cc(c(c1)OC)C=C*)OCCCCCC,tg,60.0,64.27977220881245
*C(C*)C(=O)OCCCOc1ccc(cc1)C(=O)OCCCC(C(C(C(C(C(C(C(F)(F)F)(F)F)(F)F)(F)F)(F)F)(F)F)(F)F)(F)F,tg,48.0,16.464721857904102
*Cc1ccc(Cc2ccc(*)s2)s1,eea,1.174,1.2403536504356791
*CCC(C)CC(=O)O*,egb,6.7489,7.1923342627869316
*OC(=O)C=CC(=O)OC1COC2C(*)COC12,egc,4.1943,4.15024241617708
*c1c(C)cc(-c2cc(C)c(N3C(=O)c4ccc(S(=O)(=O)c5ccc6c(c5)C(=O)N(*)C6=O)cc4C3=O)c(C)c2)cc1C,egc,2.7305,2.7372998885083266
*CNOc1ccc(*)s1,ei,5.578,5.666749627229277
*Cc1ccc(CC(*)=S)cc1,ei,5.9697,5.946348958064234
*C(C*)(CC(=O)OC1CCCCC1)C(=O)OC1CCCCC1,tg,142.0,83.86603261796718
*NC(=O)NC(=S)*,egc,3.4559,3.5209768752728476
*CC(*)N,egc,5.222,5.486692980335197
*CC(*)(C)C(=O)Oc1ccc2ccccc2c1,egc,3.6336,3.6344458796851584
*[Si](CCC*)(C[Si](C)(C)C)C,tg,-51.0,-43.47333220240026
*CC(=O)c1ccc(C(*)=O)cc1,eps,4.2,4.392210814304745
*c1ccc(C)c(N2CC(=O)N(*)CC2=O)c1,egc,5.1153,5.1363954193485455
*Cc1ccc(Cc2ccc(*)s2)s1,egb,4.1954,4.050398070249955
*N1C(=O)C2CCC3C(C2C1=O)C(=O)N(C3=O)c1c(cc(cc1)Cc1cc(c(cc1)*)C)C,tg,340.0,314.54585560192396
*C(C*)C(=O)Oc1ccc(cc1)C(=O)O,tg,113.33,86.19519110151731
*Oc1ccc(cc1)C1(CC2C(CC1)CCCC2)c1ccc(cc1)OC(=O)c1ccc(cc1)C(=O)*,tg,275.0,279.9572868042806
*C(C*)c1c(cccc1)C(=O)Nc1ccccc1,tg,191.0,193.69351303891577
*C(C*)C(=O)Oc1ccc(cc1)[N+](=O)[O-],tg,73.3,95.00238103289928
*c1cc2c(C(=O)N(C2=O)c2ccc(cc2)c2cc(c(cc2)Oc2cc3c(C(CC3(c3ccc(cc3)Oc3c(cc(cc3)c3ccc(cc3)N3C(=O)c4c(C3=O)cc(cc4)C(*)(C(F)(F)F)C(F)(F)F)C(F)(F)F)C)(C)C)cc2)C(F)(F)F)cc1,tg,262.0,261.713594974112
*CC(=O)O*,ei,8.2018,7.79879963448216
*Oc1ccc(cc1)S(=O)(=O)c1ccc(cc1)Oc1ccc(cc1)c1ccc(cc1)*,tg,217.39,229.4735860981441
*N1C(=O)c2c(C1=O)cc(cc2)C(=O)c1cc2c(C(=O)N(C2=O)CC(=O)Nc2ccc(cc2)Oc2ccc(cc2)NC(=O)C*)cc1,tg,235.0,254.77677976072616
*N1C(=O)c2c(C1=O)c(ccc2)Oc1c(cc(cc1C)Cc1cc(c(c(c1)C)Oc1c2c(C(=O)N(C2=O)c2c(cc(cc2C)Cc2cc(c(c(c2)C)*)C)C)ccc1)C)C,tg,243.0,249.74575675091626
*CCCCCCNC(=O)NCCCCNC(=O)N*,egc,5.3951,5.725815094021588
*CC(*)C(=O)c1ccc(Br)c(OC)c1,egc,3.8338,3.731998697506754
*OC(*)(C)C,egc,6.2991,6.530642244385001
*c1c(cc(cc1)CC*)C#N,tg,90.0,118.5736847552754
*CCSSCCO*,egc,5.6114,5.348724311586493
*c1cc(C(C(=O)OC)C(=O)OC)c(*)s1,egc,2.7717,2.8256929318694617
*CCCCCCCCCCCCCCCCOC(=O)CC=CCC(=O)O*,egc,5.8517,5.9938553626997635
*c1ccc(Oc2ccc3ccc(Oc4ccc(-n5c(=O)c6cc7c(=O)n(*)c(=O)c7cc6c5=O)cc4)cc3c2)cc1,egc,2.1074,2.0850462417023463
*N1C(=O)c2c(C1=O)cc(cc2)c1ccc(cc1)c1cc2c(C(=O)N(C2=O)CCCCCCOC(=O)OCCCCCC*)cc1,tg,74.0,48.28958534771612
*Oc1ccc(cc1)C(=O)N(C(=O)c1ccc(cc1)OCCCCCC*)c1cc(cc(c1)C)C,tg,75.0,53.23392297707586
*N1C(=O)c2c(C1=O)cc(cc2)Sc1ccc(cc1)Sc1ccc(cc1)Sc1cc2c(C(=O)N(C2=O)c2ccc(cc2)Sc2sc(cc2)Sc2ccc(cc2)*)cc1,tg,185.5,180.47740456689212
*C(=O)c1ccc(C(=O)N2CCN(*)CC2)cc1,egc,4.6128,4.750918346909352
*Oc1ccc(cc1)C(=O)Nc1cc(cc(c1)c1nc2c([nH]1)cccc2)NC(=O)c1ccc(cc1)OCCOCCOCC*,tg,165.0,178.28675519248333
*CC(*)(Cl)Cl,egc,5.4955,5.857555315102608
*CO*,egb,8.7732,7.012222542148998
*CC(*)C(=O)NCCC,egc,6.0177,5.706270267005585
*c1ccc(-c2ccc(*)n2C#Cc2ccc(CCCCCC)cc2)s1,egc,2.5339,2.4337409664515604
*CCCS(=O)(=O)CCCCS(=O)(=O)CCCOC(=O)O*,egc,6.4999,6.47695402039513
*N1C(=O)c2c(C1=O)cc(cc2)Oc1ccc(cc1)C1(CCC(CC1)c1ccccc1)c1ccc(cc1)Oc1cc2c(C(=O)N(C2=O)c2ccc(cc2)Cc2ccc(cc2)*)cc1,tg,232.0,230.55854815385283
*N1C(=O)c2c(C1=O)c(ccc2)c1cc2c(C(=O)N(C2=O)c2cc(c(cc2)c2c(cc(cc2)*)C(F)(F)F)C(F)(F)F)cc1,tg,346.0,345.96333905067354
*Oc1ccc(C(=Nc2ccc(N=C(c3ccccc3)c3ccc(On4c(=O)c5c(F)c6c(=O)n(*)c(=O)c6c(F)c5c4=O)cc3)cc2)c2ccccc2)cc1,egc,0.9593,1.111751875192986
*OC(=O)c1cc(ccc1)C(=O)OCCCS(=O)(=O)CCCCS(=O)(=O)CCC*,tg,65.0,91.43778466727623
*C1C(CC(C1)C=C*)([Si](O[Si](O[Si](C)(C)C)(C)C)(C)C)C#N,tg,47.0,61.46080241356853
*OC(C*)COC(=O)CCCCCCCCCCN1C(=O)C2C(C1=O)C1C=CC2C1,tg,-31.0,0.14748722267482384
*CCCCCCCCCCC(=O)N(*)C,egc,5.7405,5.6551781526814695
*CCCC(*)C#N,egc,7.8211,7.290560561102219
*C(C*)c1ccc(cc1)CCCCCCCCCCCCCCCC,tg,4.5,-68.0483768065941
*Oc1ccc(cc1)NC(=O)c1cc(cc(c1)C(C)(C)C)C(=O)Nc1ccc(cc1)Oc1ccc(cc1)C1(C2CCC(C1)C2)c1ccc(cc1)*,tg,272.0,263.81801302486286
*CCCOC(=O)CCC(C)CC(=O)O*,egc,6.7963,6.746788496222281
*C(C*)(C(=O)OCCCCCCOc1ccc(cc1)OC(=O)c1ccc(cc1)OC)C,tg,38.0,40.79579005691452
*c1ccc(CC(F)(F)C(*)(F)F)cc1,egb,5.11,4.975966289673201
*Nc6ccc(C5(c3ccc(NC(=O)Cc2ccc(Oc1ccc(C(*)=O)cc1)cc2)cc3)OC(=O)c4ccccc45)cc6,egc,4.1183,4.229448923045051
*C(C*)C(=O)OCCCCCCCCCCCCCCCCCC,tg,-42.5,-59.58034192281632
*OC(=O)c1cc2c(C(CC2(c2ccc(cc2)C(=O)OCC*)C)(C)C)cc1,tg,154.0,151.23102848784433
*Oc1c(cc(cc1C)C1(c2ccccc2c2ccccc12)c1cc(c(c(c1)C)Oc1ccc(cc1)C(=O)c1cc(ccc1)C(=O)c1ccc(cc1)*)C)C,tg,229.0,259.24794672391266
*Oc1c(cc(cc1)Oc1ccc(cc1)C(=O)c1ccc(cc1)C(=O)c1ccc(cc1)*)c1cc(c(cc1)S(=O)(=O)O)C,tg,167.0,159.06441043836233
*CC(CO*)C(C)(C)C,egc,5.7599,5.745535607485872
*Oc1ccc(cc1)C1(CCCCCC1)c1ccc(cc1)OC(=O)*,tg,155.0,176.0282915058738
*C(CCCCC*)CCCCCCCC,tg,-72.0,-55.81061284301418
*CC(Cl)(C#N)C1C=CC(*)CC1,egc,5.4881,5.43381127602711
*Nc1cc(ccc1)NC(=O)c1cc(cc(c1)NC(=O)c1ccncc1)C(=O)*,tg,321.0,306.42095850786876
*C(=O)Nc1cccc(NC(=O)c2ccc3c(c2)C(=O)N(c2ccc(S(=O)(=O)c4ccc(N5C(=O)c6ccc(*)cc6C5=O)cc4)cc2)C3=O)c1,egc,3.0501,3.0937416604698713
*Oc1cc2c(C(CC32CC(c2ccc(cc32)OC(=O)c2ccc(cc2)C(=O)*)(C)C)(C)C)cc1,tg,290.0,282.14918412220555
*NC(=S)C(=O)O*,eps,6.34,5.510482108467205
*Oc1ccc(cc1)NC(=O)c1cc(cc(c1)[N+](=O)[O-])C(=O)Nc1ccc(cc1)Oc1ccc(cc1)C(c1ccc(cc1)*)(C(F)(F)F)C(F)(F)F,tg,232.0,238.97412002417613
*CC(*)CO,egc,6.2929,6.062237062789255
*NC(=O)CCCCCC(=O)NCCCCCC*,tg,54.0,55.34972574373724
*N(CC*)C(=O)C1(CCC1)c1ccc(cc1)Cl,tg,112.0,95.36999755524214
*C(=CCC*)C,tg,-60.98,9.765910030649234
*C(C*)c1ccc(cc1)N(c1ccccc1)c1ccccc1,tg,123.5,147.27095752970743
*CCON*,ei,4.8207,5.586062746626225
*c1[nH]c(*)c2c1CCCC2,egc,2.7316,2.9318907587326515
*OC(=O)CCCC(=O)NCCCCCC*,tg,-18.0,12.972044159600122
*c1sc(cc1)c1sc(c(c1)CCCCCCCC)c1sc(cc1)c1sc(cc1)c1sc(cc1CCCCCCCC)c1sc(cc1)[Si](*)(CCCC)CCCC,tg,-1.0,35.11480987405754
*N1C(=O)c2c(C1=O)c(ccc2)c1cc2c(C(=O)N(C2=O)c2cc(ccc2)C(=O)Nc2ccc(cc2)NC(=O)c2cc(ccc2)*)cc1,tg,328.0,313.63830374541186
*c1sc(cc1CCCC)*,tg,53.58,33.46436823030308
*CNC(=S)O*,egc,4.6235,4.562005146719473
*C(C(*)C(=O)OC(C)(C)C)C(=O)OC,tg,84.0,48.982201100073965
*Oc1cc(ccc1)NC(=O)c1cc(ccc1)C(=O)Nc1cc(ccc1)OCCOCC*,tg,128.5,127.1058551949549
*NC(=O)c1ccc(C(*)=O)s1,nc,2.034,2.0483529767257647
*CNC(S1)=CC=C1N*,egc,4.2825,4.204055546767407
*N=C1c2ccccc2C(=Nc2ccc(*)cc2)c2ccccc21,egc,1.6985,1.7233984802951652
*OC(=O)c1c(cccc1)C(=O)OCCOCC*,tg,-50.0,-9.957896890896114
*Oc1ccc(C(C)(CC)c2ccc(OC(*)=O)cc2)cc1,egc,5.0105,4.912837156342054
*NNC(=O)C=CC(=O)NCCCCCCNC(=O)C=CC(=O)*,tg,102.4,126.86913285145253
*O[Si](O[Si](O[Si](Oc1c(cc(cc1C)c1cc(c(c(c1)C)*)C)C)(C)C)(C)C)(C)C,tg,14.0,-1.828898164336173
*C=CC1CC(*)C2CCCC12,egc,5.6651,5.499258348447484
*CCC(=O)c1ccc(*)cc1,egb,3.6964,3.74765249724904
*C(C*)C(=O)Oc1ccc(cc1)C(=O)c1ccc(cc1)Cl,tg,78.0,70.2932129914617
*N=P(*)(Oc1ccc(cc1)F)Oc1ccc(cc1)F,tg,-10.0,-2.251775032566133
*C(C*)NC=O,tg,145.67,85.24181049532547
*N(c1ccc(cc1)C(c1ccc(cc1)*)c1ccc(cc1)C(=O)OC)c1ccc(cc1)C,tg,222.0,224.22263090969628
*Oc1ccc(cc1)S(=O)(=O)c1ccc(cc1)Oc1ccc(cc1)C=C1C(=O)C(=Cc2ccc(cc2)Oc2ccc(cc2)S(=O)(=O)c2ccc(cc2)Oc2ccc(cc2)C(c2ccc(cc2)*)(C)C)CCC1,tg,194.0,169.38973154794996
*c1cc2c(C(=O)N(C2=O)c2cc(cc(c2)OCCCC)N2C(=O)c3c(C2=O)cc(cc3)C(=O)*)cc1,tg,244.0,241.97613720703413
*Oc1ccc(-c2ccc(-c3ccc(*)cc3)cc2)cc1,eps,3.87,3.8854569908518517
*c1ccc(*)n1CC(=O)NO,egc,2.9276,3.0498913601702755
*c1cc(CCCCC)c(*)s1,egc,2.495,2.4324613135777184
*CCCN(*)C,egc,4.8968,5.392230520355184
*N1C(=O)c2c(C1=O)c(ccc2)Oc1ccc(cc1)S(=O)(=O)c1ccc(cc1)Oc1c2c(C(=O)N(C2=O)c2cc(ccc2)*)ccc1,tg,266.0,270.71094446091337
*c1sc(cc1c1ccc(cc1)C(=C1C=C(C(=O)C(=C1)C(C)(C)C)C(C)(C)C)c1cc(c(c(c1)C(C)(C)C)OC(=O)C)C(C)(C)C)*,tg,-4.3,11.894576561906705
*OC(C)CC(*)=O,egc,6.4371,6.637011991813681
*c1ccc2N(c3c(Sc2c1)cc(cc3)c1sc2c(c1CCCCC)sc(c2)*)CCCCCCCCCCCC,tg,136.0,139.51079222302633
*CC1CC(*)C(=O)OC1=O,egc,6.1563,6.20011572147451
*CCOC(=O)NNC(=O)CCCCCCCCC(=O)NNC(=O)O*,egc,5.8878,5.90237415370772
*OC(=O)NCCCCCCNC(=O)OCCCCCCC*,tg,55.0,38.04067347228564
*CNC(=O)ONC(=O)NO*,eps,4.65,4.118511280485313
*CNC(=S)C(*)=O,egb,2.1003,2.2013604360969845
*C=CC1CC(*)C2C(=O)N(CCC)C(=O)C12,egc,5.2391,5.270772098757238
*C(C*)c1c(ccc(c1)Br)OCCCCC,tg,49.0,52.46721058278632
*Nc1ccc(cc1)NC(=O)c1c(cc(c(c1)C(=O)*)C(=O)O)C(=O)O,tg,283.4,264.9585627044311
*C(C*)(C(=O)Oc1ccc(cc1)C=Cc1ccccc1)C,tg,143.0,141.1366099988668
*C(C*)(C(=O)Oc1ccc(cc1)C(=O)c1ccccc1)C,tg,118.0,103.73018148126074
*c1ccc(cc1)c1c(cc(c(c1c1ccccc1)c1ccccc1)c1cc(ccc1)c1c(c(c(c(c1)c1ccccc1)c1ccc(cc1)CCCCCC*)c1ccccc1)c1ccccc1)c1ccccc1,tg,215.0,200.79823440868694
*c1cc2c(C(=O)N(C2=O)c2ccc(cc2)Oc2ccc(cc2)N2C(=O)c3c(C2=O)cc(cc3)C(=O)c2ccc(cc2)Oc2ccc(cc2)Oc2ccc(cc2)C(=O)*)cc1,tg,220.0,225.5910411949529
*CC(=S)C(C=C1)=CC=C1O*,egc,2.734,2.6041779769279176
*NC(=O)CCCCCCCCCCCCCCCCC(=O)NCCCCCCCCCCCCCCCCCC*,tg,50.0,56.7592146697756
*c1cc(Br)c(Oc2c(Br)cc(N3C(=O)c4ccc(-c5ccc6c(c5)C(=O)N(*)C6=O)cc4C3=O)cc2Br)c(Br)c1,egc,2.9494,2.847093230494964
*CCC(C)(C)CC(C)COC(=O)CCCCC(=O)O*,egc,6.7293,6.78468571070858
*c1cc2c(oc(n2)c2ccc(cc2)c2oc3c(n2)cc(cc3)C(*)(c2ccccc2)C(F)(F)F)cc1,tg,369.0,357.63524037352323
*CCCCCCCC(=O)OC1COC(*)OC1,egc,6.6422,6.524311019151857
*c1cc2c(C(=O)N(C2=O)c2ccc(cc2)C(=O)c2ccc(cc2)Cc2ccc(cc2)C(=O)c2ccc(cc2)N2C(=O)c3c(C2=O)cc(cc3)C(=O)*)cc1,tg,285.5,309.1451968271051
*Cc1ccc(NO*)cc1,eea,0.7333,1.0774241557478887
*NC(C(*)=O)C(Cc1ccccc1)c1c[nH]cn1,egc,4.764,4.587634142602337
*C(C*)(C(=O)OCCOCCOc1ccc(cc1)N=Nc1ccc(cc1)C#N)C,tg,57.0,58.07559253772678
*c1ccc(*)c2nc(-c3ccccc3)c(-c3ccccc3)nc12,egc,3.1914,2.997152011390508
*OC(C*)CCl,tg,-21.5,13.516489513446219
*OC(=S)Oc1ccc(*)cc1,eea,1.8722,2.039295194004789
*c1c2C(=O)N(C(=O)c2c(c2ccccc12)c1ccc(cc1)Oc1c(cc(cc1)c1nc(ccc1)c1cc(c(cc1)Oc1ccc(cc1)*)C(F)(F)F)C(F)(F)F)c1ccccc1,tg,298.0,289.96837212370065
*C(C(*)(C(=C([2H])[2H])[2H])[2H])([2H])[2H],tg,1.0,-64.90868500252073
*OC1(F)C(C)C(C)(C2(Cl)CNCNC2*)CC1(C)C,egc,5.4515,5.525342596570792
*CNc1ccc(C(*)=O)s1,eps,5.29,4.740238236545813
*NC1CCC(CC2CCC(NC(=O)CCCCCCCCCCC(*)=O)CC2)CC1,egc,5.7012,5.88042258056164
*CC(F)(F)C(F)(F)C(F)(F)COC(=O)CCCCC(=O)O*,egc,6.6433,6.7084604514578565
*OC(=O)c1ccc(cc1)C(=O)OCCOC(=O)CCCCCCC(=O)OCC*,tg,-1.33,-26.355884794820405
*Oc1ccc(cc1)N=CC=Nc1ccc(cc1)OC(=O)NC1CC(CC(C1)(CNC(=O)*)C)(C)C,tg,62.0,93.83386594996213
*CCC(F)(F)C(*)(F)F,egb,9.1316,8.60714352061342
*OC(=O)NCCCCCCNC(=O)OCCCC*,tg,38.12,62.03495697358752
*C(=O)NCCCCCCNC(=O)c1cncc(*)c1,egc,4.9388,4.674900582753728
*CCCCCCCCCCCCCCCCC(=O)N*,egc,6.0239,6.049288222480036
*c1sc(cc1)c1cc(c(cc1)Oc1ccc(cc1)Sc1ccc(cc1)Oc1c(cc(cc1)*)C(F)(F)F)C(F)(F)F,tg,142.0,150.77031120140117
*c1ccc(C(F)(F)CC(*)(F)F)cc1,eea,1.9565,2.163778932680397
*c1cc2c(C(=O)N(C2=O)c2cc(ccc2)C=CC(=O)Nc2cc(ccc2)NC(=O)*)cc1,tg,245.0,227.07362116273956
*N1C(=O)c2c(C1=O)cc(cc2)Oc1cc2c(C(=O)N(C2=O)c2cc(c(cc2)Oc2ccc(cc2)C(=O)c2cc(ccc2)*)C(F)(F)F)cc1,tg,224.0,230.13690871894784
*c1nc(nc(n1)N(CCCCCCN(*)c1ccccc1)c1ccccc1)C,tg,67.0,52.15330056059157
*CNC(=O)c1ccc(*)s1,ei,6.3237,6.368983710701133
*c1[nH]c(nc1c1ccc(cc1)Oc1ccc(cc1)C(=O)c1ccc(cc1)C(=O)c1ccc(cc1)C(=O)c1ccc(cc1)Oc1ccc(cc1)*)c1ccccc1,tg,239.0,240.25710438930494
*Oc1ccc(cc1)N1ON1c1ccc(cc1)OCCCCCCOC(=O)CC(=O)OCCCCCC*,tg,16.0,40.17451222336802
*C(C*)C1CCC(CC1)C,tg,132.0,107.13581434292063
*CS*,egc,5.3464,5.461565116238881
*c1cc2c(C(=O)N(C2=O)c2c(ccc(c2)N2C(=O)c3c(C2=O)cc(cc3)C(*)(C(F)(F)F)C(F)(F)F)OCCCCCCOc2ccc(cc2)c2ccc(cc2)OCC)cc1,tg,150.3,158.90700532682183
*Nc1ccc(cc1)NC(=O)c1cc(cc(c1)NC(=O)c1ccncc1)C(=O)*,tg,327.0,365.91216197031156
*C(C(CC*)[2H])([2H])C,tg,-47.5,-37.52449659422612
*NC(F)(F)CC(*)(F)F,nc,1.6205,1.5974038451602859
*CNC(=O)CCCCCC(=O)N*,egc,5.7012,5.908810867579463
*Oc1ccc(cc1)CC(NC(=O)CCc1ccc(cc1)OC(=O)COCC(=O)*)C(=O)OCCOCCOCC,tg,27.0,35.73583195091179
*N1C(=O)C2CCC3C(C2C1=O)C(=O)N(C3=O)c1ccc(cc1)Oc1ccc(cc1)Oc1ccc(cc1)*,tg,274.0,316.56060638134977
*O[Si](*)(CCCCCCOc1ccc(cc1)C(=O)Oc1ccc(cc1)C(=O)OCC(CC)C)C,tg,-10.9,-31.497452911414243
*OC(=O)NCCCCCCNC(=O)OCCN(CC*)CCCCCCOc1ccc(cc1)C=Cc1ccc(cc1)[N+](=O)[O-],tg,29.05,42.37670572385698
*c1cc2c(C(=O)N(C2=O)c2c(ccc(c2)C(=O)Nc2c3c(ccc2)c(ccc3)NC(=O)c2cc(c(cc2)C)N2C(=O)c3c(C2=O)cc(cc3)C(*)(C(F)(F)F)C(F)(F)F)C)cc1,tg,250.0,263.94935167608327
*Nc1ccc(cc1)C(=O)c1ccc(cc1)NC(=O)c1cc(ccc1)C(=O)*,tg,253.2,274.8788300637838
*Oc1ccc(cc1)OCCOC(=O)Nc1ccc(cc1)Cc1ccc(cc1)NC(=O)OCC*,tg,98.0,93.00009886657567
*C(C*)OCCOCCOCCOC,tg,-71.3,-53.79466152993757
*NC(=O)CC(=O)NCCCCC*,tg,65.0,56.69537308367255
*Cc1ccc(-c2ccc(-c3ccc(*)cc3)s2)cc1,ei,5.3092,5.38505304697953
*c1ccc2c3n(c4ccc(cc4n3)Oc3cc4n5c(nc4cc3)c3cccc4c(ccc(c5=O)c34)Oc3ccc(cc3)Sc3ccc(cc3)O*)c(=O)c3cccc1c23,tg,346.0,342.04446429405317
*Nc1ccc(cc1)CC(NC(=O)CCC(=O)*)(C)C,tg,158.0,165.8999089529278
*NNC(=O)c1c(cccc1)C(=O)Nc1cc(ccc1)C=C1C(=O)C(=Cc2cc(ccc2)NC(=O)c2c(cccc2)C(=O)*)CCC1,tg,195.0,215.25407070042587
*N1C(=O)c2c(C1=O)cc(cc2)S(=O)(=O)c1cc2c(C(=O)N(C2=O)c2ccc(cc2)N(c2ccc(cc2)*)c2ccccc2)cc1,tg,306.0,318.54104475793173
*c1cc2c(C(=O)N(C2=O)c2cc(ccc2)Oc2ccc(cc2)Oc2cc(ccc2)N2C(=O)c3c(C2=O)cc(cc3)C(*)(C(F)(F)F)C(F)(F)F)cc1,tg,230.0,231.69988589553483
*C(C*)(C(=O)C)F,tg,142.0,111.04341823176354
*Oc1cc(ccc1)Oc1cc(ccc1)NC(=O)c1c(ccc(c1)Oc1cc(c(cc1)C(=O)O)C(=O)Nc1cc(ccc1)*)C(=O)O,tg,176.4,153.52974883101882
*N1C(=O)c2c(C1=O)cc(cc2)Oc1ccc(cc1)S(=O)(=O)c1ccc(cc1)Oc1cc2c(C(=O)N(C2=O)c2cc(ccc2)*)cc1,tg,265.0,277.57200907809266
*N1C(=O)c2c(C1=O)cc(cc2)c1cc2c(C(=O)N(C2=O)c2ccc(cc2)C(c2ccc(cc2)*)(C(F)(F)F)C(F)(F)F)cc1,tg,333.67,332.45520989396374
*C(C*)(CCC)C,tg,27.0,70.71703460128856
*Oc1ccc(cc1)CC(NC(=O)Cc1ccc(cc1)OC(=O)CCCCCCC(=O)*)C(=O)OCC,tg,54.0,53.03841264824963
*Nc1ccc(cc1)C(c1ccc(cc1)NC(=O)c1cc(cc(c1)S(=O)(=O)c1ccccc1)C(=O)*)(C)C,tg,287.0,296.8848754174285
*CCCCCCCCCCC(=O)NCC(=O)N*,egc,6.0226,6.083398472617926
*NC(=S)C(=O)O*,egc,2.4947,2.8652026021124373
*CCCCCOC(=O)Nc1ccc(C)c(NC(=O)O*)c1,ei,5.1674,5.761359504015497
*C1COC2C1OCC2OC(=O)C(NC(=O)CCCCC(=O)NC(C(=O)O*)C)C,tg,56.0,83.78600614063492
*c1ccc(Oc2ccc(P(=O)(c3ccccc3)c3ccc(Oc4ccc(-c5cc(*)[nH]n5)cc4)cc3)cc2)cc1,egc,4.1018,3.9396428258038614
*Oc1c(cc(cc1)Oc1ccc(cc1)C(=O)c1ccc(cc1)*)c1cc(ccc1)C(F)(F)F,tg,134.0,130.45320823512355
*OC1CCC(C2CCC(OC(=O)CCCCCCCCCCC(*)=O)CC2)CC1,egc,6.4832,6.4328977025768
*c1ccc(Oc2ccc(-n3c(=O)c4cc5c(=O)n(*)c(=O)c5cc4c3=O)cc2Br)c(Br)c1,egc,2.4917,2.412859436022892
*CCCCCCCCCCNC(=O)CCP(C)(=O)CCC(=O)N*,egc,5.8056,5.796012676874489
*c1ccc(C(F)(F)c2ccc(C(*)(F)F)cc2)cc1,nc,1.8364,1.807254418419534
*c1cccc(-c2cc(*)cc3c2NC(C)(C)OC3(C)C)c1,egc,3.618,3.554196517677271
*C(C*)c1c(cccc1)COCCc1ccccc1,tg,63.0,51.06393116122968
*C(=O)c1ccc(C(=S)c2ccc(*)cc2)cc1,ei,5.8604,5.933364881580728
*CCCCCCCC(=O)N(*)C,egc,5.5443,5.558039475960443
*CC(=S)c1ccc(O*)cc1,eps,4.45,4.350087214820202
*c1oc(nn1)c1nc(ccc1)c1oc(nn1)c1ccc(cc1)[Si](c1ccc(cc1)*)(c1ccccc1)c1ccccc1,tg,265.0,251.35268520297407
*N1C(=O)c2c(C1=O)cc(cc2)Oc1cc2c(C(=O)N(C2=O)c2ccc(cc2)c2cc(c(cc2)Oc2cc3c(C(CC3(c3ccc(cc3)Oc3c(cc(cc3)c3ccc(cc3)*)C(F)(F)F)C)(C)C)cc2)C(F)(F)F)cc1,tg,249.0,269.629047932328
*c1cc2c(C(=O)N(C2=O)c2ccc(cc2)OCC(COc2ccc(cc2)N2C(=O)c3c(C2=O)cc(cc3)C(=O)*)(C)C)cc1,tg,233.7,247.0032303717176
*c1cc2c(C(=O)N(C2=O)c2cc(ccc2)N2C(=O)c3c(C2=O)cc(cc3)C(=O)Nc2ccc(cc2)C2(c3ccccc3c3ccccc23)c2ccc(cc2)NC(=O)*)cc1,tg,209.0,260.1637459377458
*Oc1c(cc(cc1)C=C1C(=O)C(=Cc2cc(c(cc2)OCCCCCCCCCC*)OC)CCC1)OC,tg,60.0,76.61481504482505
*NC(C)C(=O)NCC(=O)NCC(=O)NCC(*)=O,egc,5.9084,5.924951396389813
*C(C*)(C(=O)OCCCCCCCCOc1cc2c(cc1)cc(cc2)C(=O)Oc1ccccc1)C,tg,34.0,32.795970510529614
*c1ccc(-c2ccc(-c3cc(*)c4cccccc3-4)s2)s1,egc,2.0762,1.7244285323891058
*N1C(=O)c2c(C1=O)cc(cc2)Oc1cc2c(C(=O)N(C2=O)c2cc(ccc2)OCCOCCOc2ccc(cc2)*)cc1,tg,146.5,125.82317888832301
*OC(=O)CCSCCSCCC(*)=O,egc,4.6742,4.486034879267715
*CC(*)CCc1ccc(C)cc1,egc,5.1686,5.159425144305941
*Oc1ccc(cc1)NC(=O)c1cc(cc(c1)NC(=O)c1ccc(cc1)OC(=O)C)C(=O)Nc1ccc(cc1)Oc1ccc(cc1)c1ccc(cc1)*,tg,252.0,256.0380680101056
*CCCCCCCc1nnc(*)n1N,egc,5.5167,5.562385944852942
*N(C(=O)CCC(=O)N(CCCCCC*)C)C,tg,7.5,33.860095121488484
*c1nc2c(c(c1c1ccccc1)c1ccc(cc1)Oc1ccc(cc1)c1c(c(nc3c1cccc3)c1ccc(cc1)c1ccc(cc1)*)c1ccccc1)cccc2,tg,345.0,318.837608107096
*CC(=O)NCCCCCCNC(=O)COC(=O)CCCCC(=O)O*,egc,6.0986,6.027042622447735
*Oc1ccc(cc1)C(c1ccc(cc1)C(c1ccc(cc1)Oc1ccc(cc1)C(=O)Nc1ccc(cc1)NC(=O)c1ccc(cc1)*)(C)C)(C)C,tg,163.0,183.58031814596316
*CCCCCCNC(=O)C(CC)CC(CC)C(=O)N*,egc,5.6687,5.780715998208369
*Oc1cc(C)cc(OC(=O)c2cccc(C(*)=O)c2)c1,egc,4.2911,4.274281788079509
*CC1CC1COC(=O)c1cccc(C(=O)O*)c1,egc,5.0466,4.9726419410799565
*c1nc2c(nc1)cc(cc2)S(=O)(=O)c1cc2c(nc(cn2)c2ccc(cc2)*)cc1,tg,342.0,336.59099563026024
*Oc1cc2c(cc1)ccc(c2)Oc1ccc(cc1)C(=O)Nc1ccc(cc1)C(c1ccc(cc1)C(c1ccc(cc1)NC(=O)c1ccc(cc1)*)(C)C)(C)C,tg,155.0,187.61479815021175
*c1ccc2oc(-c3ccc4nc(*)oc4c3)nc2c1,egb,2.5367,2.355380861189269
*Oc1ccc(cc1)Oc1ccc(cc1)NC(=O)c1ccc(cc1)Oc1c(cc(cc1)Oc1ccc(cc1)C(=O)Nc1ccc(cc1)*)c1ccccc1,tg,209.0,211.60117696329604
*C(F)(F)NC(F)(F)O*,egc,8.2061,8.50382932593617
*C(=O)c1ccc2nc(-c3ccc(-c4cnc5cc(*)ccc5n4)cc3)cnc2c1,egc,3.0578,2.8863616174841695
*CC(C)(C)COC(=O)CCCCC(=O)O*,egc,6.692,6.726180130825385
*Cc1ccc(CO*)cc1,eea,1.6106,1.3249312406527474
*CC(=S)C(=O)C(*)=S,egb,0.725,0.9806256289631798
*NC(=O)CCCCCCCCC(=O)NCCCCCCCC*,tg,54.0,45.664928913021946
*C=CCCC*,egc,4.6373,5.108602588180843
*OC(=S)c1ccc(-c2ccc(*)cc2)cc1,eps,4.56,4.889907415828468
*OCCCCOc1ncnc(n1)*,tg,-11.0,-1.1044362025280006
*N(Cc1c(c(cc(c1)C12CC3CC(CC(C1)C3)C2)C*)O)C,tg,188.8,167.31866622245767
*Oc1c(cc(cc1)C(=O)c1cc(ccc1)C(=O)c1cc(c(cc1)*)C(C)C)CC,tg,136.0,124.75744155795229
*OC1CCC(CC1)OC(=O)OCCCCCCCOC(=O)*,tg,-5.0,29.751049078475116
*Oc1ccc(cc1)c1ccc(cc1)OCCCCCCCCCCCOC(=O)c1cc(cc(c1)OCCCCCCCCCCOc1ccc(cc1)N=Nc1ccc(cc1)OC)C(=O)OCCCCCCCCCCC*,tg,53.0,49.12510694481147
*N(CC*)C(=O)C(C)C,tg,30.0,40.482044859007935
*CCCCNC(=O)CCCCCCC(=O)NCCCCNC(=O)C(=O)N*,egc,4.7855,4.947424443352122
*NC(S1)=CC=C1C(=O)C(=S)*,egc,2.1167,2.1575191610127624
*N1C(=O)c2c(C1=O)cc(cc2)Oc1c(cccc1)Oc1cc2c(C(=O)N(C2=O)c2ccc(cc2)Oc2cc3c(cc2Oc2ccc(cc2)*)cccc3)cc1,tg,216.0,209.35529106460712
*c1ccc(Cc2ccc(N3C(=O)c4ccc(-c5ccc6c(c5)C(=O)N(*)C6=O)cc4C3=O)cc2)cc1,egc,2.9129,3.181299137209617
*c1cc2c(C(=O)N(C2=O)c2c(ccc(c2)C(c2cc(c(cc2)O)N2C(=O)c3c(C2=O)cc(cc3)C(=O)*)(C(F)(F)F)C(F)(F)F)O)cc1,tg,315.0,285.8061893848555
*N1C(=O)c2c(C1=O)cc(cc2)c1cc2c(C(=O)N(C2=O)c2cc(cc(c2)C(=O)NCCCCCCCCCC)*)cc1,tg,245.1,235.5885291090932
*NC(=O)OC(*)=S,eea,3.7701,3.75013854303155
*CC(=S)c1ccc(O*)s1,nc,2.1619,2.149497011852076
*c1oc(nn1)c1ccc(cc1)C(=O)OCCCCCCCCOc1ccc(cc1)C=C1C(=O)C(=Cc2ccc(cc2)OCCCCCCCCOC(=O)c2ccc(cc2)*)CCCC1,tg,98.0,86.36002126223987
*N1C(=O)c2c(C1=O)cc(cc2)Oc1cc2c(C(=O)N(C2=O)Cc2oc(cc2)C(c2oc(cc2)C*)(C)C)cc1,tg,116.0,87.07772693656177
*CCOC(=O)NCCOCCOCCNC(=O)O*,nc,1.6526,1.6533535389253597
*C(C*)(CC(=O)Oc1ccc(cc1)OC)C(=O)Oc1ccc(cc1)OC,tg,119.5,85.41221446368019
*Oc1ccc(OC(*)=O)s1,eea,1.7594,1.7588084060995697
*C1OC(C(C(C1OC(=O)Nc1ccccc1)OC(=O)Nc1ccccc1)O*)COC(=O)Nc1ccccc1,tg,217.0,177.24627424902422
*CC(C)(C)COC(=O)CCCCC(=O)O*,egb,6.5878,6.498988818735127
*CCCN*,egb,6.381,5.968860113593445
*c1cc2c(C(=O)N(C2=O)c2cc(ccc2)Cc2ccc(cc2)Cc2ccc(cc2)Cc2cc(ccc2)N2C(=O)c3c(C2=O)cc(cc3)C(=O)*)cc1,tg,235.5,256.52309356736424
*Nc1ccc(OC(*)=S)cc1,ei,5.9088,5.942918653579899
*c1cc2c(C(=O)N(C2=O)c2c(ccc(c2)N2C(=O)c3c(C2=O)cc(cc3)C(=O)*)C)cc1,tg,313.5,334.5511534790383
*C(C*)(C(=O)OCCCl)C,tg,62.0,42.402981414091656
*OC(=O)NCCCCCCNC(=O)OCCC*,tg,55.0,30.526394176961027
*CCCCOC(=O)NNC(=O)CCCCCCCCC(=O)NNC(=O)O*,egc,6.1019,5.9763971730521686
*NC(=O)NCCCCCCCCC*,tg,125.0,71.04459209670296
*Oc1c(c(c(c(c1F)C#N)Oc1ccc(cc1)C(c1cc(ccc1)C(c1ccc(cc1)*)(C)C)(C)C)F)C#N,tg,131.5,116.86048053418293
*C(C*)(C(=O)OCC(=O)Nc1noc(c1)C)C,tg,128.0,103.14868853441644
*OC(=O)CCCCC(=O)OCC(C*)CCCCCCOc1ccc(cc1)N=Nc1ccc(cc1)OC,tg,22.0,49.5667906936763
*c1cc(CCCC(F)(F)C(F)(F)C(F)(F)C(F)(F)F)c(*)s1,egc,2.4769,2.677824064151404
*C([2H])([2H])C(*)([2H])C([2H])=C([2H])[2H],egc,5.9833,5.620052522921802
*Oc1ccc(cc1)C(c1ccc(cc1)OCC(C*)OC(=O)C=Cc1ccccc1)(C)C,tg,100.6,92.03076839129872
*N1C(=O)c2c(C1=O)cc(cc2)Oc1c(cc(cc1C)Cc1cc(c(c(c1)C)Oc1cc2c(C(=O)N(C2=O)c2c(cc(cc2C)Cc2cc(c(c(c2)C)*)C)C)cc1)C)C,tg,264.0,337.51294933652764
*CC(=O)c1ccc(-c2ccc(*)s2)cc1,eea,2.4129,2.5582589973693977
*Oc1cc(ccc1)OC(=O)CCC(=O)*,tg,38.2,58.5176343086626
*c1ccc2c(nc([nH]2)c2cc(ccc2)c2nc3c([nH]2)ccc(c3)C(=O)Nc2ccc(cc2)NC(=O)c2ccc(cc2)NC(=O)*)c1,tg,322.0,294.2089460283028
*Oc1ccc(cc1)N(c1ccc(cc1)c1ccc(cc1)N(c1ccc(cc1)*)c1ccccc1)c1ccccc1,tg,218.0,195.88298782518837
*OCCC(=O)NCc1c(cc(c(c1)C)CNC(=O)CC*)C,tg,80.0,62.02279444359744
*C1(OC(C(O1)(F)F)(F)C(F)(F)F)C(*)(F)F,tg,135.0,125.21107111902629
*c1ccc(*)n1CCC(=O)NO,egc,2.8742,2.8408589136729616
*c1ccc(cc1)c1ccc(cc1)C(=Nc1ccccc1)*,tg,225.0,202.05499517359408
*CCCCOC(=O)NC1CCC(CC2CCC(NC(=O)O*)CC2)CC1,egc,6.1232,6.30282113568113
*C(=O)C(S1)=CC=C1C(C=C2)=CC=C2O*,egc,2.8763,2.7487612838827435
*c1ccc(C(F)(F)CC(*)(F)F)cc1,egb,4.3368,4.419554803115153
*Oc1c(cc(cc1OC)c1cc(c(c(c1)OC)OC(=O)CCCCCCCCC(=O)*)OC)OC,tg,94.0,136.73299890494076
*c1ccc(-c2csc(-c3cc(*)cs3)c2)cc1,egc,3.4782,2.937062842542368
*Oc1cc(c(cc1)S(=O)(=O)c1c(cc(cc1)Oc1ccc(cc1)C(c1ccc(cc1)*)(C(F)(F)F)C(F)(F)F)C(O)(C(F)(F)F)C(F)(F)F)C(O)(C(F)(F)F)C(F)(F)F,tg,148.0,161.16730470831243
*CCN(*)C(=O)c1c(F)cc(F)c(F)c1F,egc,4.9884,5.086941812022277
*N1C(=O)c2c(C1=O)c(ccc2)Oc1c(cc(cc1C)c1cc(c(c(c1)C)Oc1c2c(C(=O)N(C2=O)c2ccc(cc2)Oc2ccc(cc2)c2ccc(cc2)Oc2ccc(cc2)*)ccc1)C)C,tg,290.0,280.78362072101396
*Oc1ccc(cc1)CC(NC(=O)CCc1ccc(cc1)OC(=O)CCC(=O)*)C(=O)OC(CC)C,tg,75.0,66.73798441335093
*Oc1ccc(cc1)C(=O)Nc1ccc(cc1)S(=O)(=O)c1ccc(cc1)NC(=O)c1ccc(cc1)Oc1ccc(cc1)C(=O)c1ccc(cc1)S(=O)(=O)c1ccc(cc1)C(=O)c1ccc(cc1)*,tg,260.0,239.59528052168974
*C(C*)C(=O)c1ccc(cc1)C(C)C,tg,62.5,85.42105032167261
*OC(=O)CCC#CC#CCCC(=O)OCCN(CC*)c1ccc(cc1)[N+](=O)[O-],tg,30.0,35.37260018188347
*OC(=O)CCCCCCCC(=O)OCC*,tg,-45.0,-36.42094995614298
*C(C*)(C(=O)OCc1ccc(cc1)C=CC(=O)Oc1cc2c(cc1)oc(=O)cc2)C,tg,140.0,115.27736822437909
*CCSSSSCCO*,egc,4.5753,4.626182273106724
*N1C(=O)c2c(C1=O)cc(cc2)Oc1cc2c(C(=O)N(C2=O)c2ccc(cc2)Oc2ccc(cc2)c2ccc(cc2)Oc2ccc(cc2)*)cc1,tg,245.0,235.728681064572
*CNOc1ccc(*)cc1,egb,4.1647,4.248873457309162
*OCC(C*)(COC(=O)C(=C)C)CC,tg,72.5,5.02746853219302
*Nc1ccc(cc1)NC(=O)c1c(cc(cc1)C(=O)c1cc(c(cc1)C(=O)*)C(=O)OCC)C(=O)OCC,tg,275.0,245.4695627594835
*c1nc2c(nc1c1ccc(cc1)OC(=O)c1cc(ccc1)C(=O)Oc1ccc(cc1)*)cccc2,tg,245.0,220.85644590431994
*NC(=O)NO*,ei,7.4857,7.512105109490508
*Cc1ccc(-c2ccc(-c3ccc(*)s3)cc2)s1,eea,1.9244,1.900543526585685
*c1n(c(nn1)c1cc(ccc1)c1n(c(nn1)c1ccc(cc1)*)c1ccccc1)c1ccccc1,tg,265.0,275.35842782901705
*Oc1c(cc(cc1)C1(C2CCC(C1)C2)c1cc(c(cc1)OC(=O)*)Cl)Cl,tg,200.0,212.47771923024513
*Nc1cc(cc(c1)C(=O)OC)NC(=O)c1cc(cc(c1)OCCN(c1ccc(cc1)[N+](=O)[O-])C)C(=O)*,tg,177.0,162.4550685900401
*Nc1ccc(cc1)Cc1ccc(cc1)NC(=O)NCCCCCCCCCCCCCCCCCCNC(=O)*,tg,48.0,42.6026467347508
*CC(*)(C)C(=O)OCC(=O)N1CCCC1,egc,5.0881,5.203955514189676
*OC(=S)OC(*)=O,eea,3.1486,3.0705155285750325
*CCO*,egc,5.5372,6.471315480463777
*OC1CCCCC1*,egc,5.1513,5.561540804942338
*c1ccc(Cc2ccc(N3C(=O)N(*)C3=O)cc2)cc1,egc,4.1662,4.452898669207217
*CCCCCCCCCCCNC(=O)c1ccc(C(=O)N*)cc1,egb,4.214,4.177343644172735
*[Si]([Si]([Si]([Si](C*)(C)C)(C)C)(C)C)(C)C,tg,-68.0,56.13295221428568
*Oc1c(cc(cc1c1ccccc1)c1cc(c(c(c1)c1ccccc1)OC(=O)CCCCCCCCC(=O)*)c1ccccc1)c1ccccc1,tg,98.0,86.2009735819868
*Oc1ccc(C(=O)c2ccc(C(=O)NOC(*)=O)s2)cc1,nc,1.8941,1.8893480309344812
*OC(=S)OC(*)=O,egb,3.9378,3.9279824631880436
*c1sc(c(c1c1ccccc1)c1ccccc1)c1ccc(cc1)CC(=O)Nc1ccc(cc1)c1ccc(cc1)NC(=O)Cc1ccc(cc1)*,tg,272.0,269.47514047819027
*CCOC(=O)CCCCC(=O)O*,ei,7.8277,7.356409480751877
*Nc1ccc(Nc2ccc(*)s2)cc1,egb,2.8374,3.121600256063235
*c1ccc(Oc2ccc(-c3nc4cc(-c5ccc6nc(*)c(-c7ccccc7)nc6c5)ccc4nc3-c3ccccc3)cc2)cc1,egc,2.9993,3.155414125079401
*c1cc2c(C(=O)N(C2=O)c2ccc(cc2)Oc2ccc(cc2)c2ccc(cc2)Oc2ccc(cc2)N2C(=O)c3c(C2=O)cc(cc3)c2ccc(cc2)c2ccc(cc2)c2ccc(cc2)c2ccc(cc2)*)cc1,tg,232.0,202.6386488759125
*NC(C=C1)=CC=C1C(C=C2)=CC=C2C(S3)=CC=C3*,egc,2.8401,2.9980040059441952
*O[Si](*)(CC)CC,tg,-105.5,-54.150575682668844
*Nc1ccc(cc1)CC(NC(=O)CCCCCCCCC(=O)*)(C)C,tg,92.0,118.78692916895811
*c1oc(nn1)c1ccc(cc1)[Si](c1ccc(cc1)c1oc(nn1)c1ccc(cc1)c1ccc(cc1)*)(c1ccccc1)c1ccccc1,tg,278.0,299.3866269260605
*c1ccc(-c2nc3cc4nc(*)oc4cc3o2)cc1,ei,5.6689,5.652432626110515
*Oc1ccc(C(=O)c2ccc(*)cc2)cc1,eea,2.4594,2.4181115270623663
*C1C2C(C(=O)N(C2=O)c2cc(ccc2)F)C(C1)C=C*,tg,207.8,219.35443740087558
*CCCCCCCCCCCCOC(=O)CCCCCCCCCCCCC(=O)O*,egc,6.4766,6.607830823819655
*c1ccc(-c2ccc(-c3ccc(*)s3)s2)o1,egc,1.6557,1.6691531069976402
*C(C*)c1ccc(cc1)OC,tg,101.33,58.1684020982405
*Oc1ccc(cc1)C1(CC(CCC1)c1ccc(cc1)OCC(C*)OC(=O)C)CC,tg,107.0,75.28949499553707
*NC(=O)c1c(cccc1)c1c(cccc1)C(=O)NCCCCCC*,tg,122.5,165.05033321743946
*NOC(=S)O*,eea,2.7178,2.83788165141025
*NC(C)(C)C(C)(C)C(*)=O,egc,5.4856,5.491125707405685
*O[Si](O[Si](O[Si](O[Si](c1cc(ccc1)[Si](*)(C)C)(C)C)(C)C)(C)C)(C)C,tg,-75.0,-77.03241748029131
*OC(=O)Nc1ccc(cc1)CCc1ccc(cc1)NC(=O)OCC*,tg,116.9,107.67271066320983
*Oc1ccc(cc1)C1(c2cc(ccc2c2ccc(cc12)[N+](=O)[O-])N(C)C)c1ccc(cc1)OC(=O)CCCC(=O)*,tg,181.0,178.27535322940093
*SC(C*)c1ccccc1,tg,-2.5,6.5602270314717055
*C(C*)C(=O)Oc1ccc(cc1)C(C)(C)C,tg,71.0,59.3967383163515
*C(C*)c1c(c(c(c(c1[2H])[2H])[2H])[2H])[2H],tg,100.0,125.59295637790927
*Oc1ccc(C(F)(F)C(*)(F)F)s1,egb,4.0762,3.7858118058796917
*c1cc2c(C(=O)N(C2=O)c2c(ccc(c2)C(c2cc(c(cc2)O)N2C(=O)c3c(C2=O)cc(cc3)C(*)(C(F)(F)F)C(F)(F)F)(C(F)(F)F)C(F)(F)F)O)cc1,tg,310.33,300.0158404340891
*Oc1c2c(c(cc1)c1c3c(c(cc1)OCCCC*)cccc3)cccc2,tg,130.0,154.95823661529658
*C(C*)c1ccc(cc1)B(Oc1c2ncccc2c(cc1)c1c(c(c(c(c1F)F)F)F)F)c1ccc(cc1)C(C)(C)C,tg,245.0,216.68919469900254
*OC(=O)c1ccc(cc1)c1ccc(cc1)c1ccc(cc1)C(=O)OCCOCCOCCOCC*,tg,20.0,30.02756640398123
*CC(=S)c1ccc(N*)cc1,eea,3.0309,2.9987409545242873
*Oc1ccc(cc1)CC(NC(=O)CCc1ccc(cc1)OC(=O)CCCCC(=O)*)C(=O)OCC,tg,58.8,55.16369725781537
*OC(=O)CCCCC(=O)OCCCCCCCCCC*,tg,-68.0,-30.010167837064035
*C1COC2C1OCC2OC(=O)OCCOCCOCCOC(=O)O*,tg,17.0,25.564174825141443
*N1C(=O)c2c(C1=O)c(c(c(c2c1ccccc1)c1ccccc1)c1ccc(cc1)Oc1ccc(cc1)c1c(c2c(C(=O)N(C2=O)c2cc(ccc2)Oc2cc(ccc2)Oc2cc(ccc2)*)c(c1c1ccccc1)c1ccccc1)c1ccccc1)c1ccccc1,tg,261.0,269.12590705483325
*c1cc2c(C(=O)N(C2=O)c2c(cc(c(c2)N2C(=O)c3c(C2=O)cc(cc3)C(=O)*)O)O)cc1,tg,324.0,307.84948306193786
*CCCCCCOC(=O)NCCCCNC(=O)O*,egc,6.3921,6.464385216044521
*CC(*)OC(=O)c1ccc(OC(C)=O)cc1,egc,4.6237,4.604914557835806
*C(Br)=C(c1ccccc1)c1ccc(*)cc1,egc,3.469,3.4015852114710046
*C(C*)(c1nc(nc(n1)N(CCOCCOCCOC)CCOCCOCCOC)N(CCOCCOCCOC)c1ccccc1)C,tg,-75.0,5.268232386833409
*Oc1ccc(cc1)C1(c2ccccc2c2ccccc12)c1ccc(cc1)Oc1ccc(cc1)C(=O)c1c(cccc1)c1c(cccc1)C(=O)c1ccc(cc1)*,tg,229.0,238.3185843854917
*C1C(C(C(C1)C*)OC(=O)CCCCCCCCCCOc1ccc(cc1)c1ccc(cc1)C#N)OC(=O)CCCCCCCCCCOc1ccc(cc1)c1ccc(cc1)C#N,tg,14.5,35.52683427152218
*C(C*)(C(=O)Oc1cc2c(CCC2)cc1)C,tg,104.25,96.19418260905809
*C=C(*)CO,egc,4.3592,5.043815676184635
*C(C*)(C(=O)OC12CC3(CC(CC(C1)C3)(C2)C)C)C,tg,193.0,177.23170190127902
*CNCNC(=O)NC(=O)N*,egb,5.4,5.835446627044483
*Nc1ccc(cc1)c1ccc(cc1)NC(=O)Cc1c(cc(c(c1)C)CC(=O)*)C,tg,171.0,211.9623327888624
*c1cc2c(C(=O)N(C2=O)c2cc(ccc2)N2C(=O)c3c(C2=O)cc(cc3)C(=O)c2cc(cc(c2)c2ccccc2)C(=O)*)cc1,tg,266.5,258.34052215258345
*NC(=O)CCCCCCCCCCCCCCCCCCC(=O)NCCCCC*,tg,52.0,41.93347516808102
*Cc1ccc(C(=S)O*)s1,ei,6.4155,6.455241074544309
*c1cc2c(C(=O)N(C2=O)c2ccc(cc2)Cc2ccc(cc2)N2C(=O)c3c(C2=O)cc(cc3)C(=O)Nc2ccc(cc2)Oc2ccc(cc2)NC(=O)*)cc1,tg,251.0,264.7998143368908
*OP(=O)(OCCCCOc1c(cc(cc1)C=C1C(=O)C(=Cc2cc(c(cc2)OCCCC*)OC)CC1)OC)OC,tg,75.0,84.75561619885741
*N1C(=O)c2c(C1=O)c(ccc2)Oc1ccc(cc1)Oc1c2c(C(=O)N(C2=O)c2cc(ccc2)*)ccc1,tg,259.0,272.99923522290834
*CCCCCCCCCCCCCCCCCCCCOC(=O)CCCCCCCC(=O)O*,egc,6.5108,6.6430910923453705
*CC1CCC(CNC(=O)CCCCCCC(=O)N*)CC1,egc,5.8707,5.9463045546741
*CC(=O)N*,ei,7.2525,7.1065805250124034
*C(C*)(C(=O)OCC)Cl,tg,85.31,100.0121533911455
*N1C(=O)c2c(C1=O)cc(cc2)c1cc2c(C(=O)N(C2=O)c2cc(ccc2)Oc2c(ccc(c2)Oc2cc(ccc2)*)P(=O)(c2ccccc2)c2ccccc2)cc1,tg,234.0,237.65914491734208
*Oc1ccc(cc1)S(=O)(=O)c1ccc(cc1)Oc1c(cc(cc1C)c1cc(c(c(c1)C)*)C)C,tg,268.07,248.6134269043452
*c1ccc(*)n1CCC(=O)OCC,egc,2.8986,2.9608655940179367
*Cc1ccc(C(=S)c2ccc(*)cc2)cc1,eea,2.874,2.68754877807081
*c1ccc2c3n(c4ccc(cc4n3)c3cc4n5c(nc4cc3)c3cccc4c(ccc(c5=O)c34)Oc3cc4c(cc3)cc(cc4)O*)c(=O)c3cccc1c23,tg,413.0,398.75925235333114
*CCC(=O)O*,eps,3.39,3.4105253393912527
*Oc1ccc(cc1)CC(NC(=O)CCc1ccc(cc1)OC(=O)CCC(=O)*)C(=O)OCC,tg,78.0,106.24896518379597
*Oc1cccc(NC(=O)c2ccc(*)cc2)c1,egc,4.3679,4.2495579426547
*O[Si](O[Si](O[Si](*)(c1c(c(c(c(c1F)F)Cl)F)F)C)(C)C)(C)C,tg,-75.0,-47.84609517070225
*CCOCCOC(=O)CCCC(=O)O*,egc,6.4269,6.639231714406498
*Oc1ccc(cc1)c1ccc(cc1)OCC(CN(S(=O)(=O)c1cc(ccc1)S(=O)(=O)N(CC(C*)O)C)C)O,tg,58.0,77.07098636350577
*N1C(=O)C(CC1=O)SCCOCCSC1C(=O)N(C(=O)C1)c1ccc(cc1)C(=O)Oc1ccc(cc1)C(c1ccc(cc1)OC(=O)c1ccc(cc1)*)(C)C,tg,143.0,134.77690864896726
*Nc1cc(ccc1)CCc1ccc(cc1)NC(=O)c1ccc(cc1)C(=O)*,tg,203.0,241.91438397722186
*CCCCCOC(=O)Nc1ccc(C)c(NC(=O)O*)c1,eea,0.9199,0.8939156445428179
*Cc1ccc(C(=O)O*)cc1,eps,4.03,4.07793172116705
*c1ncc(cc1)c1sc(c(c1)CCCCCCCC)c1ccc(cc1)c1sc(cc1CCCCCCCC)*,tg,16.2,26.45011440861144
*NC(=O)C(S1)=CC=C1C(C=C2)=CC=C2*,egc,2.9223,2.757347531012737
*CCCCCCCCCCNC(=O)C(C)=C(C)C(=O)N*,egc,4.9889,4.841492191768221
*Oc1ccc(cc1)S(=O)(=O)c1ccc(cc1)Oc1ccc(cc1)C1CC(CCC1)C(c1ccc(cc1)*)C,tg,230.0,222.80646241114783
*Oc1ccc(cc1)C1(c2ccccc2c2ccccc12)c1ccc(cc1)OC(=O)CCCCCCCCCC(=O)*,tg,136.0,147.7636348363579
*Cc1cc(C23CC4CC(CC(C4)C2)C3)cc(CN(*)C)c1O,egc,4.5466,4.44371026987199
*C(C*)c1ccc(cc1)[SiH](C)C,tg,105.0,101.27118810732615
*Nc1ccc(*)cc1,nc,2.124,2.013800856196746
*Oc1ccc(cc1)c1ccc(cc1)OCCCCCCOC(=O)OCCCCCCOC(=O)OCCCCCC*,tg,14.95,21.0500561958743
*Cc1ccc(-c2ccc(O*)s2)s1,eps,4.19,4.134758589283315
*N1C(=O)c2c(C1=O)cc(cc2)C(=O)Oc1ccc(cc1)c1ccc(cc1)OC(=O)c1cc2c(C(=O)N(C2=O)CCOCCOCC*)cc1,tg,109.0,89.18547130306976
*C(=O)Oc1ccc(C(*)=S)cc1,nc,2.0099,1.9744081158791256
*Oc1cc(cc(c1)CCCCCCCCCCCCC)OC(=O)c1cc(ccc1)C(=O)*,tg,25.5,47.403971846918246
*Oc1ccc(cc1)C(c1ccc(cc1)OC(=S)*)(C)C,tg,140.5,106.52868995873717
*Oc1ccc(C2(c3ccc(OC(*)=O)cc3)CC(C)CC(C)(C)C2)cc1,egc,4.7559,4.725472284239477
*CC(*)(C)C(=O)Oc1ccccc1,egb,4.8118,4.740219772471824
*CCON*,nc,1.7034,1.7512770700477738
*c1ccc(C(F)(F)CC(*)(F)F)cc1,ei,7.0413,6.916427575126432
*c1ccc(-c2ccc(C(F)(F)C(*)(F)F)cc2)cc1,egb,3.2719,3.529371616694896
*C(C*)C(=O)Nc1ccc(cc1)C(=O)C=Cc1ccc(cc1)Br,tg,64.0,80.16314502943916
*N1C(=O)c2c(C1=O)cc(cc2)Oc1cc2c(C(=O)N(C2=O)c2cc(cc(c2)C(F)(F)F)Oc2c(cc(cc2C)c2cc(c(c(c2)C)Oc2cc(cc(c2)C(F)(F)F)*)C)C)cc1,tg,252.2,273.4114944673063
*C=CC1CC(*)C2C(=O)N(c3cc(C(F)(F)F)cc(C(F)(F)F)c3)C(=O)C12,egc,5.0009,4.990809296062239
*OCC(C*)(CS(=O)(=O)CCCCC)CS(=O)(=O)CCCCC,tg,56.0,78.45423983598711
*NC(CC(=O)OCCC)C(*)=O,egc,5.0074,5.0739900895201915
*C1C(=O)N(C(=O)C1*)c1c(cccc1)C(=O)OCCCC,tg,181.0,191.16650807529777
*C(C*)c1cc(cc(c1)C(F)(F)F)C(F)(F)F,tg,116.0,92.77412534625772
*c1cc2c(oc(n2)c2ccc(cc2)c2oc3c(n2)cc(cc3)C(*)(C(F)(F)F)C(F)(F)F)cc1,tg,353.5,356.4150331628573
*C(C*)C(=O)c1cc(c(cc1)Br)OC,tg,44.0,66.98200827058038
*CCCCCCCC(=O)OCC1COC(*)O1,egc,6.6417,6.689639911300788
*Oc1c(ccc(c1)OC(=O)c1ccc(cc1)Oc1ccc(cc1)C1(CCC(CC1)C(C)(C)C)c1ccc(cc1)Oc1ccc(cc1)C(=O)*)C12CC3CC(CC(C1)C3)C2,tg,180.0,190.3527763564419
*NC(=S)c1ccc(C(*)=S)s1,eps,6.57,6.490081674657692
*Oc1cc(c(cc1)S(=O)(=O)c1c(cc(cc1)Oc1ccc(cc1)C(c1ccc(cc1)*)(C(F)(F)F)C(F)(F)F)[Si](C)(C)C)[Si](C)(C)C,tg,172.0,167.91721208977725
*C(C=C1)=CC=C1C(S2)=CC=C2C(=S)C(S3)=CC=C3*,egc,2.0866,2.2086317506978532
*NC1CC(C2(C)OC(O)OC(C)NC2=O)C(F)(N(C(*)O)C(F)F)O1,egc,5.6343,5.85846823099651
*c1cc2c(C(=O)N(C2=O)c2c(cc(cc2C)Cc2cc(c(c(c2)C)N2C(=O)c3c(C2=O)cc(cc3)C(=O)*)C)C)cc1,tg,331.0,337.2826130493845
*NC(C)(C)C(*)=O,egc,6.1893,5.919313349362429
*Oc1ccc(cc1)S(=O)(=O)c1ccc(cc1)c1ccc(cc1)c1ccc(cc1)S(=O)(=O)c1ccc(cc1)Oc1ccc(cc1)c1ccc(cc1)*,tg,264.0,240.9560285102744
*C(=O)OCCCCCCCCCCCCOC(=O)c1ccc(N2C(=O)c3ccc(*)cc3C2=O)cc1,egc,3.2472,3.017103613230254
*NNC(=O)C1CCC(C(=O)NNC(=O)CCCCC(*)=O)CC1,egc,4.9352,4.845092842510853
*N1C(=O)c2c(C1=O)cc(cc2)c1ccc(cc1)c1cc2c(C(=O)N(C2=O)CCCCCCCCCCC*)cc1,tg,89.0,90.78846696018877
*Oc1c(-c2ccccc2)cc(*)cc1-c1ccccc1,egc,3.9085,3.814449328963901
*c1cc2c(C(=O)N(C2=O)c2ccc(cc2)Oc2ccc(cc2)S(=O)(=O)c2ccc(cc2)Oc2ccc(cc2)N2C(=O)c3c(C2=O)cc(cc3)C(*)(C(F)(F)F)C(F)(F)F)cc1,tg,276.04,278.7067683627326
*C(=O)c1ccc(C(=O)c2ccc(*)cc2)cc1,eea,2.1866,2.506438129386216
*Oc1ccc(N=CCCCC=Nc2ccc(OC(=O)Nc3cc(NC(*)=O)ccc3C)cc2)cc1,egc,4.0981,4.054288316218676
*c1ccc2N(c3c(Sc2c1)cc(cc3)c1sc2c(c1CCCCC)sc(c2)*)CCCCCCCCCC,tg,131.0,145.52007248922746
*c1cnc(s1)N1C(=O)c2c(C1=O)cc(cc2)Oc1cc2c(C(=O)N(C2=O)c2ccc(cc2)Oc2ccc(cc2)*)cc1,tg,300.0,282.44745373121606
*CC(C)(C)COC(=O)Nc1ccc(NC(=O)O*)cc1,egc,4.8883,4.877308403390869
*C(S1)=CC=C1C(S2)=CC=C2OC(=S)*,egc,2.4847,2.5517488106916044
*N1C(=O)c2c(C1=O)cc(cc2)c1cc2c(C(=O)N(C2=O)c2ccc(cc2)Oc2ccc(cc2)C(=O)c2ccc(cc2)C(=O)c2ccc(cc2)Oc2ccc(cc2)*)cc1,tg,245.0,220.60535384884483
*CC(=O)NC(S1)=CC=C1*,egc,4.4758,4.159448968322723
*OC(CCCCCC)CC(*)=O,egc,6.7534,6.676871859089381
*Oc1ccc(Oc2ccc(C(=O)c3ccccc3-c3ccccc3C(=O)c3ccc(*)cc3)cc2)cc1,egc,3.3644,3.462134458928423
*c1ncc(s1)N*,tg,62.0,136.1716423168344
*c1cc2c(C(=O)N(C2=O)c2ccc(cc2)Cc2ccc(cc2)N2C(=O)c3c(C2=O)cc(cc3)C(=O)*)cc1,tg,305.69,339.22884160305483
*OC(=O)NCCCCCCNC(=O)OCC(C(C(C(C*)(F)F)(F)F)(F)F)(F)F,tg,-2.0,-1.2937590225218936
*C1C(C(C(C1)C=C*)C(=O)OC)C(=O)OC,tg,77.3,78.82452401755945
*c1sc(*)c2nc(C)c(C)nc12,egc,2.7771,2.7623170856391246
*OC(=O)Nc1c(ccc(c1)NC(=O)OCCN(CC*)c1ccc(cc1)C=Cc1ccc(cc1)[N+](=O)[O-])C,tg,121.0,94.1618907152054
*NC(=O)C(C(C(=O)NCCCCC*)OC)OC,tg,113.0,102.99239467229981
*OC(C*)COC(C)C,tg,-67.0,-55.69443003008029
*C(C*)c1ccc(cc1)C(=O)OCC,tg,94.0,86.63922447446967
*C(C*)O[N+](=O)[O-],tg,34.5,43.67578976162501
*Oc1c(cc(cc1)C=C1C(=O)C(=Cc2cc(c(cc2)OC(=O)c2cc(ccc2)C(=O)*)OC)CCC1)OC,tg,57.86,114.25602172787237
*Oc1ccc(-c2ccc(-c3ccc(*)cc3)cc2)cc1,ei,5.5837,5.560062237915711
*C(C*)(C(=O)OCCCCCCCCCCOc1ccc(cc1)N=Nc1ccc(cc1)Cl)C,tg,54.0,57.37080842216614
*Oc1ccc(cc1)OC(=O)c1cc(cc(c1)OCCCCCCCCCCC(C(C(C(C(C(C(C(C(C(F)(F)F)(F)F)(F)F)(F)F)(F)F)(F)F)(F)F)(F)F)(F)F)(F)F)C(=O)*,tg,137.0,94.82200774749086
*C(=O)c1ccc(C(=S)c2ccc(*)s2)s1,ei,6.205,6.241991669817367
*Nc1ccc(OC(*)=S)cc1,egb,3.2479,3.069946270353833
*c1sc(cc1)c1sc(cc1)c1sc(cc1)[Si](*)(CCCC)CCCC,tg,30.0,10.810155019783494
*CCCCCCOC(=O)NCCCNC(=O)O*,egb,6.5954,6.581046394913841
*Oc1ccc(cc1)N=Nc1cc(c(cc1)Cc1c(cc(cc1)N=Nc1ccc(cc1)OC(=O)c1ccc(cc1)N=Nc1ccc(cc1)C(=O)*)[N+](=O)[O-])[N+](=O)[O-],tg,160.0,186.17791385516185
*c1ccc(CC(F)(F)C(*)(F)F)s1,eps,3.59,3.622814371071175
*OCCCNC(=O)c1ccc(cc1)C(=O)NCCC*,tg,72.0,105.8663283277956
*OC(C*)COCC=C,tg,-74.0,-76.84478677374904
*C(=O)NCCCCCCCCCCNC(=O)c1ccc(*)nc1,egc,4.5311,4.530662047418475
*c1ncc(cc1)C(=O)Nc1cc(ccc1)Oc1ccc(cc1)C(=O)c1ccc(cc1)Oc1cc(ccc1)NC(=O)*,tg,154.0,154.1436739061322
*c1cc2c(C(=O)N(C2=O)c2c3c(ccc2)c(ccc3)N2C(=O)c3c(C2=O)cc(cc3)C(=O)Nc2ccc(cc2)C(c2ccc(cc2)NC(=O)*)(C(F)(F)F)C(F)(F)F)cc1,tg,250.0,267.86121588451584
*C(C*)(C(=O)OCC(C)(C)C)C,tg,32.67,89.07928725563596
*Oc1ccc(cc1)OC(=O)c1c(cc(c(c1)OCCCCCCOCC1N(CCC1)c1ccc(cc1)[N+](=O)[O-])C(=O)*)OCCCCCCOCC1N(CCC1)c1ccc(cc1)[N+](=O)[O-],tg,56.0,55.322633513186275
*O[Si](O[Si](O[Si](O[Si](O[Si](C#Cc1ccc(cc1)C#C[Si](*)(C)C)(C)C)(C)C)(C)C)(C)C)(C)C,tg,78.0,65.41714159825283
*Oc1ccc(cc1)C(c1ccc(cc1)OCC(COC(=O)CCCCC(=O)OCC(C*)O)O)(C)C,tg,37.33,33.18082607262858
*[Si](CCC*)(c1ccc(cc1)N(C)C)C,tg,6.5,59.80372978540229
*c1ccc(N2C(=O)c3ccc(-c4ccc5c(c4)C(=O)N(*)C5=O)cc3C2=O)nc1,egc,3.2895,3.1889337211075075
*CCCc1nc2cc3sc(*)nc3cc2s1,egc,4.1967,4.074418264486861
*Oc1ccc(cc1)C1(c2ccccc2c2ccccc12)c1ccc(cc1)OCC(COc1ccc(cc1)C(c1ccc(cc1)OCC(C*)O)(C)C)O,tg,161.0,130.18209660312272
*CC(*)(C)C(=O)OCCC1CCCCC1,egc,6.5132,6.374714924493498
*c1cccc(-c2nnc(-c3nnc(*)o3)o2)c1,egc,4.3431,3.3330341350758452
*Oc1ccc(cc1)C1(c2ccccc2c2ccccc12)c1ccc(cc1)OC(=O)CCCCCCCCCCC(=O)*,tg,117.0,134.70353649020518
*OC(=O)CCOCC*,tg,-35.55,-33.82263766591785
*OCCC(=O)CC(=O)Oc1ccc(*)cc1,eea,2.0323,2.0496672774396854
*c1c(nc2c(n1)cc(cc2)Oc1ccc(cc1)NC(=O)CN1C(=O)c2c(C1=O)cc(cc2)C(c1cc2c(C(=O)N(C2=O)CC(=O)Nc2ccc(cc2)Oc2cc3c(nc(c(n3)c3ccc(cc3)Oc3ccc(cc3)*)c3ccccc3)cc2)cc1)(C(F)(F)F)C(F)(F)F)c1ccccc1,tg,260.0,261.7158082507152
*OC(=O)C(C*)(C)C,tg,-6.17,36.167420828687696
*Oc1ccc(cc1)C(=O)Nc1c(ccc(c1)C(c1cc(c(cc1)C)NC(=O)c1ccc(cc1)OC(=O)c1cc(ccc1)C(=O)*)(C(F)(F)F)C(F)(F)F)C,tg,214.0,199.24165826970835
*c1ccc(-c2ccc(-c3ccc(-c4ccc(*)s4)s3)cc2)cc1,nc,2.646,2.5419272445968573
*CC(*)(CF)C(=O)OC,egc,6.854,6.729818328792516
*c1n(c(nn1)c1ccc(cc1)Oc1ccc(cc1)C(c1ccc(cc1)Oc1ccc(cc1)*)(C(F)(F)F)C(F)(F)F)c1ccc(cc1)C,tg,213.0,221.06938514851026
*c1cc2c(C(=O)N(C2=O)c2c(cc(cc2C)C(c2cc(c(c(c2)C)N2C(=O)c3c(C2=O)cc(cc3)C(=O)*)C)c2cc(cc(c2)C(F)(F)F)C(F)(F)F)C)cc1,tg,301.1,309.3933077049467
*Oc1ccc(C(C)=Nc2ccc(N=C(C)c3ccc(*)cc3)cc2)cc1,egc,2.9143,3.01959720286653
*C(C*)(C(=O)OCc1ccc(cc1)C=CC(=O)C1c2c(C(=O)c3c1cccc3)cccc2)C,tg,163.0,135.15607992789592
*CNC(=O)ONC(=O)NO*,ei,7.4526,7.039470472098511
*CC(*)c1ccc2ccccc2c1,egc,3.6351,3.9169492190521225
*N=P(*)(OCCOCCOCC)OCCOCCOCC,tg,-78.0,-92.82490722117362
*OC(=O)NC1CC(CC(C1)(CNC(=O)OCC*)C)(C)C,tg,84.0,116.6351236094975
*C1COC2C1OCC2Oc1ccc(cc1)NC(=O)CCCCCCC(=O)Nc1ccc(cc1)O*,tg,72.5,92.78847166083492
*c1cc2C(c3c(c2cc1)ccc(c3)c1ccc(cc1)*)(CCCCCCBr)CCCCCCBr,tg,117.2,120.77805141936383
*c1cc2c(C(=O)N(C2=O)C2CCC(CC2)N2C(=O)c3c(C2=O)cc(cc3)C(=O)Oc2ccc(cc2)OC(=O)*)cc1,tg,360.0,261.8880048724554
*c1cc2c(C(=O)N(C2=O)c2cc(ccc2)N2C(=O)c3c(C2=O)cc(cc3)C(=O)Nc2ccc(cc2)NC(=O)*)cc1,tg,341.0,326.42336352356193
*NC(=O)CCCCC(=O)NCCCP(=O)(CCC*)c1ccccc1,tg,55.0,48.52828132398408
*CC(=O)C(C=C1)=CC=C1C(=S)*,egc,2.7253,2.8277484219316698
*Oc1ccc(cc1)C(=O)OC(=O)c1ccc(cc1)OCCC*,tg,95.0,57.63066085119385
*C(C*)c1[nH]nnn1,tg,72.0,93.72457377112433
*c1cc2c(C(=O)N(C2=O)c2ccc(cc2)N(c2ccc(cc2)N2C(=O)c3c(C2=O)cc(cc3)C(*)(C(F)(F)F)C(F)(F)F)c2ccc(cc2)C=Cc2ccc(cc2)[N+](=O)[O-])cc1,tg,290.0,290.3292415326251
*S(=O)(=O)c1ccc(cc1)NC(=O)CCCCC(=O)Nc1ccc(cc1)*,tg,194.0,194.35092726624998
*Cc1ccc(Cc2ccc(*)s2)cc1,nc,1.8173,1.8135670841732594
*CC(*)C(F)(F)C(F)(F)C(F)(F)F,egc,8.6189,7.924720161641033
*C(C*)OC(=O)C(C(C(F)(F)F)(F)F)(F)F,tg,27.0,6.830195883086614
*c1c2C(=O)N(C(=O)c2c(c2ccccc12)c1ccc(cc1)Oc1ccc(cc1)C(=O)c1ccc(cc1)Oc1ccc(cc1)*)c1ccccc1,tg,273.5,272.40875898617367
*C=Cc1ccc(-c2ccc(C=Cc3cc(*)ncn3)cc2)cc1,egc,2.7379,2.55069274606573
*NC(C=C1)=CC=C1C(C=C2)=CC=C2C(C=C3)=CC=C3*,egc,3.4269,3.281516523423254
*c1cc2c(C(=O)N(C2=O)c2c(cc(c(c2C)C(=O)c2cc(ccc2)N2C(=O)c3c(C2=O)cc(cc3)C(*)(C(F)(F)F)C(F)(F)F)C)C)cc1,tg,280.0,290.78596935163034
*CCCNC(=O)CCCCC(=O)NCCCO*,egc,5.8321,5.849771554750262
*C(C*)(C(=O)OCCCCCCOc1ccc(cc1)c1ccc(cc1)C#N)C,tg,58.6,48.776607846257086
*c1ccc(Oc2ccc(Oc3ccc(-n4c(=O)c5cc6c(=O)n(*)c(=O)c6cc5c4=O)cc3)cc2C(C)(C)C)cc1,egc,1.9644,2.1107811397252623
*C(C*)(C(=O)OCC1OCCOCCOCCOC1)C,tg,35.0,33.64332693660379
*NC(C(=O)*)CCC(=O)OCC,tg,-27.33,-11.165839745207814
*c1ccc(-c2nc3cc(Oc4ccc5nc(*)c(-c6ccccc6)nc5c4)ccc3nc2-c2ccccc2)cc1,egc,3.1353,3.1624433226382296
*Oc1ccc(cc1)C(=O)c1ccc(cc1)OCCCCCCOC(=O)OCCCCCOC(=O)OCCCCCC*,tg,-0.2,-0.8991584271032602
*CCCCc1nc(-c2ccc(-c3csc(*)n3)cc2)cs1,egc,3.7312,3.675328000104041
*N1C(=O)c2c(C1=O)cc(cc2)Oc1cc2c(cc1Oc1cc3c(C(=O)N(C3=O)c3cc(cc(c3)C(F)(F)F)*)cc1)cccc2,tg,250.0,230.98902583020305
*N=P(*)(OCCOC)OCCOC,tg,-75.0,-68.13597619291393
*c1nc(ccc1)Oc1ccc(cc1)Oc1ccc(cc1)C(=Nc1ccccc1)c1ccc(cc1)Oc1ccc(cc1)O*,tg,135.0,124.21091247138575
*N(c1ccc(cc1)C(=O)*)CCCCCCCC,tg,30.0,63.77814261830031
*N(CCC*)C(=O)CC,tg,8.0,-4.022674307936079
*Oc1ccc(cc1)CC(NC(=O)CCc1ccc(cc1)OC(=O)COCCOCC(=O)*)C(=O)OCCCC,tg,45.0,36.95980411888492
*CCCCCC(=O)NCc1ccc(CNC(=O)CCCCO*)cc1,egc,5.142,5.205465665521943
*N1C(=O)c2c(C1=O)cc(cc2)c1cc2c(C(=O)N(C2=O)c2cc(cc(c2)C(=O)NCCCCCCCCCCCC)*)cc1,tg,243.1,234.50210231455057
*OC(=O)NC(=O)c1cc(ccc1)C(=O)NC(=O)OCC(C*)(C)C,tg,66.0,71.82839981620693
*N1C(=O)c2c(C1=O)cc(cc2)Oc1ccc(cc1)C(=O)c1ccc(cc1)Oc1cc2c(C(=O)N(C2=O)c2ccc(cc2)Oc2ccc(cc2)*)cc1,tg,210.0,231.65396018395023
*c1sc2c(n1)ccc(c2)c1ccc2c(sc(n2)c2cc(ccc2)*)c1,tg,495.0,393.18591409320453
*c1nc2cc3c(cc2nc1)nc(cn3)c1ccc(cc1)*,tg,392.0,365.2449662571924
*NNC(=O)c1cc(cc(c1)NC(=O)c1cc2c(C(=O)N(C2=O)c2ncccc2C)cc1)C(=O)NNC(=O)c1ccc(cc1)C(=O)*,tg,130.3,132.4987799501714
*C1C(=O)N(C(=O)C1CC*)CCCCNC(=O)C(C(C(C(C(C(C(F)(F)F)(F)F)(F)F)(F)F)(F)F)(F)F)(F)F,tg,100.0,80.24702228977151
*C(C*)(C(=O)OCCCCCCN(c1ccc(cc1)N(C)C)C)C,tg,8.5,14.709242665020295
*N=P(*)(Cl)Cl,egc,3.9556,3.9137298086532883
*Oc1ccc(cc1)C(=O)c1ccc(cc1)OCCCCCCOC(=O)OCCCCCCCCCCCCOC(=O)OCCCCCC*,tg,-8.0,-16.61329042132219
*Oc1cc(ccc1)NC(=O)CCCCCCCC(=O)Nc1ccc(cc1)*,tg,120.0,127.68968359131817
*Nc1c2c(ccc1)c(ccc2)NC(=O)c1cc(cc(c1)NC(=O)C(CCSC)N1C(=O)c2c(C1=O)cccc2)C(=O)*,tg,198.0,183.29141128089202
*NC(=O)C(=O)NCCCC*,tg,120.0,178.47225232483302
*CC(C)C1C(=O)N(CCC)C(=O)C1*,egc,5.8295,5.6916291035226285
*C(CC*)(c1ccccc1)C,tg,93.0,88.0298147426767
*Nc1ccc(cc1)[Si](c1ccc(cc1)NC(=O)c1cc2Cc3c(c2cc1)ccc(c3)C(=O)*)(c1ccccc1)c1ccccc1,tg,54.45,190.93923734249373
*Oc1ccc(C(C)=Cc2ccc(OC(=O)OCCCCOC(*)=O)cc2)cc1,egc,4.0366,4.219873611829612
*c1ccc(-c2ccc(Oc3ccc(*)s3)s2)cc1,eps,5.22,5.530461848168221
*C(C*)(C(=O)OCC(Oc1ccc(cc1)c1ccc(cc1)c1ccc(cc1)C#N)C)C,tg,140.0,124.21764600932147
*c1c2c(c(nn1)c1ccc(cc1)Oc1ccc(cc1)C1(c3ccccc3c3ccccc13)c1ccc(cc1)Oc1ccc(cc1)*)c(c(c(c2c1ccccc1)c1cc2c(cc1)cccc2)c1cc2c(cc1)cccc2)c1ccccc1,tg,327.33,328.6419557794978
*c1cc2c(C(=O)N(C2=O)c2ccc(cc2)Sc2ccc(cc2)Sc2ccc(cc2)N2C(=O)c3c(C2=O)cc(cc3)C(*)(C(F)(F)F)C(F)(F)F)cc1,tg,257.0,253.06984550968878
*c1ccc(-c2ccc(N(c3ccccc3)c3ccc4ccc(N(*)c5ccccc5)cc4c3)cc2)cc1,egc,3.0933,3.075132362258487
*C(F)(F)CC(F)(F)C(C=C1)=CC=C1*,egc,4.7291,4.941077934007117
*CC(S1)=CC=C1C(=O)C(S2)=CC=C2*,egc,3.4685,3.4482161578236354
*OC(=O)CCCCCCCCC(=O)OCC#CC(=Cc1ccc(cc1)C#Cc1ccc(cc1)[N+](=O)[O-])C#CC*,tg,60.0,51.165871072913866
*c1cc2c(C(=O)N(C2=O)c2cc(c(cc2)Oc2c(cc(cc2)N2C(=O)c3c(C2=O)cc(cc3)C(=O)Nc2cc(c(cc2)Oc2c(cc(cc2)NC(=O)*)c2ccccc2)c2ccccc2)c2ccccc2)c2ccccc2)cc1,tg,369.0,354.3416788648893
*C1OC(OC1COC(=O)OC*)OCC,tg,51.38,30.296587102885873
*N1C(=O)c2c(C1=O)c(ccc2)Oc1c(cc(cc1C)Cc1cc(c(c(c1)C)Oc1c2c(C(=O)N(C2=O)c2c(cc(cc2C)c2cc(c(c(c2)C)*)C)C)ccc1)C)C,tg,276.0,290.4395561150955
*CCCCCOC(=O)O*,eps,3.09,3.1546766495200678
*Oc1ccc(cc1)C(c1ccc(cc1)OC(=O)*)(CCC)CCC,tg,140.8,129.73039851771966
*Nc1cc(ccc1)NC(=O)CCCCC(=O)Nc1cc(ccc1)NC(=S)NC(=O)c1ccc(cc1)C(=O)NC(=S)*,tg,241.0,233.85550048052403
*Oc1ccc(cc1)C(c1ccc(cc1)OC(=O)CCCCC(=O)*)(C)C,tg,54.0,58.01488793825156
*c1oc(nn1)c1ccc(cc1)NC(=O)c1c(cc(cc1)C(=O)Nc1ccc(cc1)*)Oc1ccccc1,tg,272.0,261.7794692688927
*OC(=O)NCc1ccc(cc1)CNC(=O)OCCCCCCCCCC*,tg,49.0,32.670005164169865
*N1C(=O)c2c(C1=O)cc(cc2)c1cc2c(C(=O)N(C2=O)c2ccc(cc2)Oc2c(cc(cc2C(C)(C)C)c2ccc(cc2)*)C(C)(C)C)cc1,tg,381.5,382.4282187218391
*C(C*)c1ccc(cc1)OCC,tg,86.0,79.75517734003773
*CCCO*,egc,6.2459,6.309040206676009
*C1COC2C1OCC2Oc1ccc(cc1)NC(=O)c1ccc(cc1)C(=O)Nc1ccc(cc1)O*,tg,132.67,134.63871016366292
*C1(C(=O)OC(=O)C1(C(C*)OC)C)C,tg,170.2,209.45154841488346
*C(=O)Nc1ccc(Oc2ccc(N3C(=O)c4ccc(*)cc4C3=O)cc2)cc1,egc,2.7025,2.882647555979097
*Oc1ccc(cc1)CC(NC(=O)CCc1ccc(cc1)OC(=O)CCCCC(=O)*)C(=O)OCCOCCOCC,tg,15.0,18.821654508907862
*Oc1ccc(C(C)(C)c2ccc(OC(*)=O)c(Cl)c2)cc1,egc,5.0408,5.1223568608903
*C1C(=O)N(C(=O)C1C(C*)(C)C)c1c(cccc1)C,tg,207.0,238.92262186542837
*CNC(=S)N*,ei,5.6855,5.830558856162962
*OC(C)COC(=O)CCCCS(=O)(=O)CCCCC(*)=O,egc,6.649,6.529418255382402
*OC(COC(=O)*)COCC,tg,-5.0,-13.43305740159391
*Cc1ccc(C(=O)C(*)=S)cc1,nc,1.9454,1.9229074417671288
*c1cc2c(C(=O)N(C2=O)c2c(ccc(c2)N2C(=O)c3c(C2=O)cc(cc3)C(=O)OCCN(CCOC(=O)*)c2ccccc2)N=Nc2ccccc2)cc1,tg,156.0,176.514291831475
*CC(*)c1cc(C)ccc1C,egc,4.9137,4.878608606589282
*C1COC2C1OCC2OC(=O)C(NC(=O)CCCCCCCCC(=O)NC(C(=O)O*)CC(C)C)CC(C)C,tg,89.0,95.75614614027461
*C(=S)OC(=S)c1ccc(*)s1,eps,6.22,6.276084879561722
*Nc1ccc(*)cc1CCCCCCCCCCCCCCC,egc,3.3286,3.694762540945163
*Oc1c(F)c(F)c(S(=O)(=O)c2c(F)c(F)c(Oc3ccc(C(c4ccc(*)cc4)(C(F)(F)F)C(F)(F)F)cc3)c(F)c2F)c(F)c1F,egc,3.7366,3.7559537893662926
*c1ccc(OC(=S)c2ccc(*)s2)cc1,eea,3.1094,3.1228468973224213
*c1cc2c(C(=O)N(C2=O)c2c(cc(cc2C(C)C)Cc2cc(c(c(c2)C(C)C)N2C(=O)c3c(C2=O)cc(cc3)C(*)(C(F)(F)F)C(F)(F)F)C(C)C)C(C)C)cc1,tg,278.5,253.7339069662879
*OC(*)CC,egc,6.1349,6.76814016856206
*OC(=O)c1ccc(cc1)c1ccc(cc1)C(=O)OCCCOCCC*,tg,16.25,42.774146808831475
*C1=CC=C(c2sc(-c3sc(*)c4c3OCCO4)c3c2OCCO3)S1(=O)=O,egc,1.7929,1.7237948357821806
*C(C*)c1cc(ccc1)C,tg,74.83,58.449605018128
*NC(F)(F)NC(*)(F)F,eea,1.6576,1.3929902363542987
*CC(=S)c1ccc(C(*)=S)s1,egb,1.6797,1.398732281977569
*c1oc(nn1)c1ccc(cc1)NC(=O)c1c(cc(cc1)*)Oc1ccccc1,tg,235.0,248.50359624394426
*c1ccc(S(=O)(=O)c2ccc(-n3c(=O)c4cc5c(=O)n(*)c(=O)c5cc4c3=O)cc2)cc1,egc,2.8028,2.7008433833893073
*OC(=O)OCC(OC)C(COC(=O)OC1COC2C(*)COC12)OC,egc,6.3606,6.427712664760668
*Oc1ccc(cc1)C=NN=Cc1ccc(cc1)Oc1ccc(cc1)C(c1ccc(cc1)*)(C(F)(F)F)C(F)(F)F,tg,162.0,161.11099636596475
*N=P(*)(Oc1cc(ccc1)C(F)(F)F)Oc1cc(ccc1)C(F)(F)F,tg,-35.0,-39.386528834190024
*c1nc2c(nc1c1ccccc1)cc(cc2)Oc1cc2c(nc(c(n2)c2ccccc2)c2ccc(cc2)OCCN(CCOc2ccc(cc2)*)c2ccc(cc2)N=Nc2ccc(cc2)[N+](=O)[O-])cc1,tg,199.0,182.66142111630074
*c1c([nH]c(n1)c1ccc(cc1)c1[nH]c(c(n1)c1ccc(cc1)Oc1ccc(cc1)C(=O)c1cc2c(cc1)cc(cc2)C(=O)c1ccc(cc1)Oc1ccc(cc1)*)c1ccccc1)c1ccccc1,tg,281.0,269.01923664439306
*C(=O)Nc1ccc(NC(=O)c2ccc3c(c2)C(=O)N(c2c(C)cc(C)c(N4C(=O)c5ccc(*)cc5C4=O)c2C)C3=O)cc1,egc,3.3589,3.4360223788120594
*C=CC1CC(*)C(C#N)(C[Si](C)(C)C)C1,egc,5.6706,5.54583469581141
*OP(=O)(Oc1c(cc(cc1Br)C(c1cc(c(c(c1)Br)*)Br)(C(F)(F)F)C(F)(F)F)Br)Oc1ccc(cc1)C,tg,146.0,149.5811213626657
*OP(=O)(Oc1ccc(-c2ccc(*)cc2)cc1)OC1CCCCC1,egc,4.479,4.367141967177659
*c1[nH]c(nc1c1ccc(cc1)NC1C(=O)N(C(=O)C1)c1ccc(cc1)Cc1ccc(cc1)N1C(=O)C(CC1=O)Nc1ccc(cc1)*)c1ccc(cc1)C=Cc1ccc(cc1)[N+](=O)[O-],tg,250.0,248.31653307999048
*Oc1c(cc(cc1)C(c1cc(c(cc1)OC(=O)c1ccc(cc1)C(=O)*)Cl)(C)C)Cl,tg,190.0,190.6984957021317
*CC(*)C(=O)c1ccc(Br)cc1,egc,1.5897,2.140151076789718
*N(CC*)C(=O)C(OC)(c1ccccc1)C(F)(F)F,tg,89.0,88.17386185372638
*Nc1ccccc1NC(=O)c1cccc(C(*)=O)c1,egc,3.6159,3.527254930528484
*NC(=O)c1ccc(cc1)C(=O)NCCCCC*,tg,177.0,146.1746024510599
*Nc1ccc(cc1)Cc1ccc(cc1)NC(=O)NCCCCCCCCCCNC(=O)*,tg,46.0,36.9514407822304
*c1c([nH]c(n1)c1ccc(cc1)c1[nH]c(c(n1)c1ccc(cc1)Oc1ccc(cc1)C(=O)c1ccc(cc1)C(=O)c1ccc(cc1)Oc1ccc(cc1)*)c1ccccc1)c1ccccc1,tg,270.0,267.240390878768
*C(=S)NC(F)(F)C(*)(F)F,nc,1.765,1.751650345520101
*NC(=O)c1cc(cc(c1)C(C)(C)C)C(=O)NCC(CCC(C*)C)C,tg,149.0,175.6622464197208
*c1cc2c(C(=O)N(C2=O)c2cc(ccc2)NC(=O)c2cc(ccc2)N2C(=O)c3c(C2=O)cc(cc3)C(=O)*)cc1,tg,285.67,275.7577477835326
*OC(=O)OCC1OC(C)(C)OC1COC(=O)OC1COC2C(*)COC12,egc,6.6226,6.565044834364801
*c1c([nH]c(n1)c1cc(ccc1)c1[nH]c(c(n1)c1ccc(cc1)Oc1ccc(cc1)C(=O)c1cc(ccc1)c1cc(ccc1)C(=O)c1ccc(cc1)Oc1ccc(cc1)*)c1ccccc1)c1ccccc1,tg,250.0,260.0287818546837
*C(C(CC*)(C)C)(C)C,tg,87.0,81.52319152583972
*C(C*)(CC(=O)OCC1CCCCC1)C(=O)OCC1CCCCC1,tg,83.0,90.74222370126013
*Oc1ccc(cc1)C(c1ccc(cc1)Oc1ccc(cc1)C(=O)c1cc(ccc1)C(=O)c1ccc(cc1)*)(C(F)(F)F)C(F)(F)F,tg,175.0,169.17188070927912
*C(=S)C(F)(F)NC(*)(F)F,eps,4.49,4.184430679300844
*C(C*)C(=O)OCCCCCCCCCOC(=O)c1ccc(cc1)OC(=O)c1ccc(cc1)C#N,tg,15.0,21.9695640578086
*CCCCCOC(=O)NC(=O)C1CC1C(=O)NC(=O)O*,egc,6.0047,5.843661219695804
*c1sc(*)c(OCCOCCCC)c1C,egc,1.6261,1.8703683959398134
*C(C*)C(=O)OCCCCCCSCC#N,tg,-59.0,-40.197123050818576
*N1C(=O)c2c(C1=O)cc(cc2)Oc1ccc(cc1)C1(CCC(CC1)C(C)(C)C)c1ccc(cc1)Oc1cc2c(C(=O)N(C2=O)c2ccc(cc2)Oc2c(cc(cc2)Oc2ccc(cc2)*)C(C)(C)C)cc1,tg,233.0,245.3058241058793
*CC(*)CO,egb,7.4192,7.090873370893442
*CCOC(=O)NCCOCCOCCNC(=O)O*,ei,7.1012,6.875161236823681
*CCN(CCOC(=O)C=Cc1ccc(C=CC(=O)O*)cc1)c1ccc(N=Nc2ccc([N+](=O)[O-])cc2)cc1,egc,2.3089,2.611875801269331
*NC(=O)c1cc(cc(c1)C(C)(C)C)C(=O)NCCCCCC*,tg,163.0,150.23016024590595
*c1ccc(OC(=S)c2ccc(*)s2)cc1,nc,2.2131,2.1896521155626587
*S(=O)(=O)C(C(=CC*)C)C,tg,73.0,28.889006976664465
*CCCCCCNC(=O)N*,egc,5.7413,5.71112212905514
*N1C(=O)c2c(C1=O)c(ccc2)Oc1ccc(cc1)C(c1ccc(cc1)Oc1c2c(C(=O)N(C2=O)c2cc(ccc2)*)ccc1)(C)C,tg,222.5,239.7018537974258
*NC(=S)C(S1)=CC=C1O*,egc,3.2187,3.130107875925628
*N1C(=O)c2c(C1=O)cc(cc2)S(=O)(=O)c1cc2c(C(=O)N(C2=O)c2ccc(cc2)Oc2c(cc(cc2C(C)(C)C)c2ccc(cc2)*)C(C)(C)C)cc1,tg,354.5,368.4484009863775
*Oc1ccc2ccccc2c1N=Nc1ccc(C(*)=O)cc1,egc,2.8394,2.954626433626388
*Cc1ccc(Cc2ccc(*)cc2)cc1,eea,1.0649,1.1178414853515217
*NC(=S)OC(*)=S,ei,6.6502,6.615717585515305
*C(C*)(C(=O)OCCCCOc1ccc(cc1)OC(=O)c1cc(c(cc1)OC)Br)C,tg,69.0,63.19876782499137
*c1ccc2n(c3c(c2c1)cc(cc3)C=C(C(=O)OCCCCCCOC(=O)C(=C*)C#N)C#N)CCCCCCCCCCCOc1ccc(cc1)C=Cc1ccc(cc1)[N+](=O)[O-],tg,87.0,69.46432439306211
*c1sc(*)c(OCCCC)c1C,egc,2.2732,2.842554332043664
*c1ccc(cc1)c1ccc(cc1)C(=Cc1ccc(cc1)C=C(*)c1ccccc1)c1ccccc1,tg,220.0,237.74166411064604
*COC(=S)O*,egc,4.8041,4.755777004748257
*Oc1ccc(cc1)CC(NC(=O)Cc1ccc(cc1)OC(=O)CCC(=O)*)C(=O)OCCCCCCCC,tg,51.0,47.71854502237975
*Nc1ccc(C(=S)c2ccc(*)s2)s1,ei,5.2424,5.0622246628601335
*CCCCC(=O)O*,egc,6.623,6.789626078499789
*Oc1ccc(cc1)CC(NC(=O)CCc1ccc(cc1)OC(=O)COCC(=O)*)C(=O)OCc1ccccc1,tg,76.0,81.39234343629695
*Cc1ccc(C(=O)c2ccc(*)s2)s1,nc,2.0215,1.9740034416682817
*Nc1ccc(NC(=O)CCCCC(*)=O)cc1,egc,4.5219,4.445187241522354
*c1oc(cc1)C(c1oc(cc1)CNC(=O)OC(COC(=O)NC*)c1occc1)CCC,tg,43.0,9.268338387718702
*OC(=O)c1ccc(cc1)c1ccc(cc1)C(=O)OCCCCCCCCCC*,tg,46.0,31.185210282958977
*C(C*)P(=O)(N(C)C)Oc1ccccc1,tg,27.0,34.70020606519049
*Oc1ccc(cc1)C(=O)c1ccc(cc1)Oc1ccc(cc1)C(=O)c1cc(ccc1)C(=O)c1ccc(cc1)*,tg,152.0,157.21321477491
*NC(C=C1)=CC=C1C(S2)=CC=C2C(=S)*,egc,2.4476,2.348759420128578
*CCCCCOCO*,eea,0.5413,0.4557433679777851
*Oc1ccc(cc1)N=CC=Nc1ccc(cc1)OC(=O)NCCCCCCNC(=O)*,tg,80.0,75.27395183114332
*C(=S)C(F)(F)NC(*)(F)F,ei,7.8892,8.00857226588739
*CC(*)(C)C(=O)OC(C(F)(F)F)C(F)(F)F,egb,5.3218,5.606074146149177
*c1nc2c(nc1c1ccccc1)cc(cc2)c1cc2c(nc(c(n2)c2ccc(cc2)Oc2ccc(cc2)*)c2ccccc2)cc1,tg,292.5,313.3135977124277
*N1CCN(CC1)C(=O)CCC1(c2ccccc2c2ccccc12)CCC(=O)*,tg,145.0,140.74712289783523
*OCCOCCOCCCNC(=O)CCCCCCCCC(=O)NCCC*,tg,40.0,9.279328085727334
*c1cc2c(C(=O)N(C2=O)c2c(ccc(c2)NC(=O)OCCN(CCOC(=O)Nc2c(ccc(c2)N2C(=O)c3c(C2=O)cc(cc3)C(*)(C(F)(F)F)C(F)(F)F)C)c2ccc(cc2)N=Nc2ccc(cc2)[N+](=O)[O-])C)cc1,tg,196.0,197.56168360574773
*N1C(=O)c2c(C1=O)cc(cc2)c1cc2c(C(=O)N(C2=O)c2ccc(cc2)Oc2c3c(ccc2)c(ccc3)Oc2ccc(cc2)*)cc1,tg,305.0,263.5301433538048
*CCOC(=O)NCCOCCOCCNC(=O)O*,eps,3.53,3.6756214739590454
*Oc1ccc(Oc2ccc(*)cc2)s1,eea,1.2264,1.1538674079848703
*COC(=O)O*,eea,0.7529,0.9323239642964419
*OP(=O)(Oc1ccccc1)Oc1ccc(-c2ccc(*)cc2)cc1,egc,4.631,4.507789941387353
*CCOCCOC(=O)Nc1ccc(C)c(NC(=O)O*)c1,nc,1.7289,1.744902235595523
*c1cc2c(C(=O)N(C2=O)c2cc(c(cc2)Oc2c(cc(cc2)N2C(=O)c3c(C2=O)cc(cc3)C(=O)*)Br)Br)cc1,tg,296.0,285.105678358611
*N1C(=O)c2c(C1=O)cc(cc2)C(=O)NCCN(CC*)c1ccc(cc1)C=Cc1ccc(cc1)[N+](=O)[O-],tg,142.0,150.85661313077657
*C(C*)(C1=NC(C(=O)O1)(C)C)C,tg,165.0,105.13127678474197
*C(=S)Oc1ccc(-c2ccc(*)cc2)s1,egb,2.3094,2.2292000491110318
*C(C*)(C(=O)OCCO[Si](C)(C)C)C,tg,89.0,52.39755660083786
*c1[nH]c(*)c(CC(=O)OC)c1CC(=O)OC,egc,3.2776,3.444746697056862
*C1OC(C(C(C1OCC)OCC)O*)COCC,tg,119.5,169.9544971923266
*C=Cc1ccc(*)c2ccc(CCCCCCCCCCC)cc12,egc,2.3432,2.611866699267619
*C(C*)OC(=O)C=Cc1ccccc1,tg,127.0,124.76889850560597
*c1nc2c(nc1c1ccccc1)cc(cc2)Oc1cc2c(nc(c(n2)c2ccccc2)c2ccc(cc2)OCCOc2c(ccc(c2)OCCOc2ccc(cc2)*)C=Cc2ccc(cc2)[N+](=O)[O-])cc1,tg,187.0,174.63379927637126
*COC(S1)=CC=C1O*,egc,4.8466,4.817613728534483
*COc1ccc(O*)cc1,nc,1.7891,1.7769622157837466
*NC(=O)c1cc(ccc1)C(=O)NCC(CCC*)(C)C,tg,153.0,138.15072447349243
*OC(=O)C(C*)(CC)C,tg,-7.4,14.376368109659882
*CCC(C)=C(*)C,egc,4.9429,5.011010720903926
*c1ccc(Oc2ccc(N3C(=O)c4ccc(S(=O)(=O)c5ccc6c(c5)C(=O)N(*)C6=O)cc4C3=O)cc2Br)c(Br)c1,egc,2.7192,2.7438573481855184
*Oc1ccc(cc1)C(c1ccc(cc1)OCC(C*)OC(=O)c1ccccc1)(c1ccccc1)C,tg,126.0,117.08544343415608
*c1c(nc2c(n1)cc(cc2)Oc1cc2c(nc(c(n2)c2ccc(cc2)*)c2ccccc2)cc1)c1ccccc1,tg,296.43,282.8946510027649
*Oc1ccc(cc1)C(c1ccc(cc1)OC(=O)c1ccc(cc1)C(c1ccc(cc1)C(=O)*)(C(F)(F)F)C(F)(F)F)(C(F)(F)F)C(F)(F)F,tg,135.0,156.18046305211567
*CCCCCCCCCCCCCCCCCCCCCC(=O)N*,egc,5.9891,6.050709042291049
*c1ccc(Oc2ccc(-c3nc4cc5sc(*)nc5cc4s3)cc2)cc1,egc,3.2878,3.273879887106651
*CCCCCNC(=S)N*,egc,4.4944,4.32677012197002
*C(C*)C(=O)OCCCCCCCCCCOc1cnc(nc1)c1ccc(cc1)OC(=O)C1OC(OC1)(C)C,tg,29.0,50.97791306530321
*N1C(=O)c2c(C1=O)cc(cc2)Oc1cc(ccc1)Oc1cc2c(C(=O)N(C2=O)c2cc(ccc2)*)cc1,tg,224.0,220.13613778073884
*Nc1ccc(NO*)cc1,nc,1.8848,1.8881884854526325
*c1nc2c(nc1c1ccccc1)cc(cc2)Oc1cc2c(nc(c(n2)c2ccc(cc2)Oc2ccc(cc2)*)c2ccccc2)cc1,tg,340.0,293.57928525825446
*Cc1ccc(NC(*)=S)s1,eps,4.42,4.46607838765984
*OC(=O)OCCOCCOCCOC(=O)OC1COC2C(*)COC12,egc,6.4799,6.5405194286736075
*Oc1ccc(Oc2ccc(C=NCCCCCCN=Cc3ccc(*)cc3)cc2)cc1,egc,4.2565,4.166013746405347
*Oc1ccc(cc1)C1(c2cc(ccc2c2ccc(cc12)[N+](=O)[O-])N(C)C)c1ccc(cc1)OC(=O)*,tg,278.0,275.10129951645456
*C1C2CCC(C2)C1*,egc,6.1739,6.106266457693798
*CC(*)OCc1ccccc1,egc,5.0639,4.859732030186375
*Oc1ccc(cc1)CC(NC(=O)CCc1ccc(cc1)OC(=O)*)C(=O)OCCCCCC,tg,51.5,64.18339682405212
*c1c(cc(cc1)C=C*)OCc1cc(cc(c1)OCC(CCCC)CC)OCCC(CCCC(C)C)C,tg,227.0,92.59883360287535
*CC(=O)NC(*)=S,eea,2.9562,2.883686769354816
*c1cc(CCCCCCCCCCCC)c(-c2sc(*)c3c2OCCO3)s1,egc,2.3785,2.4385268182617086
*C(F)(F)C(S1)=CC=C1C(F)(F)C(S2)=CC=C2*,egc,3.3802,4.092487551542662
*OC(=O)OCCCCC*,tg,-40.0,-20.32513121506061
*CNCc1ccc(*)s1,eps,3.53,3.5467862971928894
*CC(C)(C)COC(=O)Nc1ccc(Cc2ccc(NC(=O)O*)c(C)c2)cc1C,egc,4.5157,4.454463122864676
*c1cc2c(C(=O)N(C2=O)c2cc(ccc2)C(=O)Nc2ccc(cc2)C(c2ccc(cc2)NC(=O)c2cc(ccc2)N2C(=O)c3c(C2=O)cc(cc3)C(*)(C(F)(F)F)C(F)(F)F)(C(F)(F)F)C(F)(F)F)cc1,tg,273.5,278.4739387699088
*Oc1ccc(-c2ccc(Oc3cccc(*)n3)cc2)cc1,egc,4.055,3.8450575161880645
*OC1CCC(OC(=O)OCCCCOC(*)=O)CC1,egc,7.0064,7.064686019857694
*CC(*)c1ccc2c(c1)OCO2,egc,4.4057,4.637795279691927
*OC(=O)NC1CCC(CC2CCC(NC(=O)OC3CC4CC(*)CC(C3)O4)CC2)CC1,egc,5.8672,5.8858909208609385
*Oc1cc(c(cc1)CCc1ccc(cc1)OCCCCCCCC*)C,tg,-12.1,-7.2510031294423545
*c1cc2c(C(=O)N(C2=O)c2ccc(cc2)N(C(=O)c2cc(ccc2)N2C(=O)c3c(C2=O)cc(cc3)C(=O)*)C)cc1,tg,260.5,278.357673871913
*CC(*)(F)C(=O)OCC(F)(F)C(F)(F)C(F)(F)F,egb,6.2862,6.348214417944373
*Oc1ccc(cc1)CCNC(=O)c1cc(ccc1)C(=O)NCCc1ccc(cc1)OC(=O)c1cc(ccc1)C(=O)*,tg,147.0,139.82090301803635
*CCCCNC(=O)NCCCCCCNC(=O)O*,egc,5.9887,5.992395941596999
*N1C(=O)c2c(C1=O)c(ccc2)Oc1ccc(cc1)C(c1ccc(cc1)Oc1c2c(C(=O)N(C2=O)c2c(cc(cc2)Oc2ccc(cc2)Oc2cc(c(cc2)*)C)C)ccc1)(C)C,tg,222.0,224.66962375164695
*Oc1ccc(cc1)Oc1ccc(cc1)NC(=O)c1c(cc(cc1)c1cc(c(cc1)C(=O)Nc1ccc(cc1)*)C)C,tg,219.0,223.88886694741186
*C(C*)(C(=O)Oc1ccc(cc1)N=Nc1ccc(cc1)[N+](=O)[O-])C,tg,145.0,140.85560898688914
*CC(*)(C#N)C(=O)OCCCCCCC,egc,6.3455,6.066156468182526
*OC(=O)c1ccc(cc1)SCCCCSc1ccc(cc1)C(=O)*,tg,62.0,55.54980279907354
*c1nc2c(c(c1)c1ccccc1)cc(cc2)C1(c2ccccc2C(=O)c2ccccc12)c1cc2c(nc(cc2c2ccccc2)c2ccc(cc2)C2(c3ccccc3c3ccccc23)c2ccc(cc2)*)cc1,tg,405.0,380.81163623956706
*CCC(*)=O,egc,5.3275,5.599543952272362
*c1ccc(-c2ccc(C(=S)c3ccc(*)s3)s2)cc1,eps,9.09,7.770208152194016
*OC(C(*)(F)F)(C(F)(F)F)F,tg,-76.93,-62.52757555666677
*CCCCCCCCCCOc1cccc(OC(=O)c2ccc(C(=O)Oc3cccc(O*)c3)cc2)c1,egc,3.4495,3.5312156627520257
*c1ccc(-c2ccc(-c3ccc(*)s3)s2)cn1,egc,2.3342,2.2368110090428344
*Nc1cccc(C(*)=O)c1,eps,4.43,4.619799937471396
*OC(C(=O)*)Cc1ccccc1,tg,35.05,44.58671187943468
*c1oc(nn1)c1c(cc(cc1)c1oc(nn1)CN1C(=O)c2c(C1=O)cc(cc2)C(c1cc2c(C(=O)N(C2=O)C*)cc1)(C(F)(F)F)C(F)(F)F)Oc1ccccc1,tg,208.0,193.466859034856
*C(C*)c1sccc1,tg,71.0,73.3836122929502
*Cc1nc(-c2ccc(-c3csc(*)n3)cc2)cs1,egc,3.8894,3.9165323918390516
*c1oc(nc1)c1cc(c(cc1)Oc1ccc(cc1)C(c1ccc(cc1)Oc1c(cc(cc1)*)C(F)(F)F)(C(F)(F)F)C(F)(F)F)C(F)(F)F,tg,205.0,207.2936369242895
*OC(C)C(=O)NC(C)C(*)=O,egc,5.6199,5.580800385053282
*C(C*)c1ccc(cc1)I,tg,155.0,117.41369838412837
*c1oc(nn1)c1ccc(cc1)Oc1ccc(cc1)NC(=O)c1cc(cc(c1)NC(=O)c1ccc(cc1)OC(=O)C)C(=O)Nc1ccc(cc1)Oc1ccc(cc1)*,tg,270.0,297.45128205510554
*N1C(=O)c2c(C1=O)cc(cc2)c1cc2c(C(=O)N(C2=O)c2cc(cc(c2)C(=O)NCCCCCCCC)*)cc1,tg,245.5,257.8143722940793
*C(=O)Oc1ccc(C(*)=S)s1,ei,6.6347,6.721173452477311
*Oc1ccc(C(F)(F)C(*)(F)F)cc1,egb,4.7894,4.406266236591098
*c1ccc2N(c3c(Sc2c1)cc(cc3)c1sc(cc1)c1sc(cc1)c1ccc2N(c3c(Sc2c1)cc(cc3)C=C*)c1ccc(cc1)OCCCCCCCCCCCC)c1ccc(cc1)OCCCCCCCCCCCC,tg,115.8,158.34758088090481
*c1nc(c(c(c1C#N)C=Cc1ccc(cc1)N(c1ccccc1)c1ccccc1)C#N)C=Cc1c(cc(c(c1)CCCCCCCCCCCCCCCC)C=C*)CCCCCCCCCCCCCCCC,tg,165.0,105.66922074547232
*C(C*)c1ccc(cc1)C(C(C(C(C(C(C(F)(F)F)(F)F)(F)F)(F)F)(F)F)(F)F)(F)F,tg,42.0,36.83329755357951
*c1cc2C(c3c(c2cc1)ccc(c3)c1c(cc(c(c1)OCc1ccccc1)*)OCc1ccccc1)(CCCCCC)CCCCCC,tg,73.0,92.43930076771466
*CC1CC1COC(=O)Nc1ccc(C)c(NC(=O)O*)c1,egb,4.7181,4.820290487732858
*C1C(=O)N(C(=O)C1C(C*)c1ccccc1)C(C)(C)C,tg,178.0,190.84460046859823
*CC(*)(C)C(=O)OC(CC)OCC,egc,6.3891,6.320499149719854
*OC(F)(F)C(=O)C(*)(F)F,egb,5.2263,5.5326285178770345
*N=Cc1ccc(-c2ccc(C=Nc3ccc4c(c3)c3cc(*)ccc3n4CCCC)s2)s1,egc,2.8673,2.4791465020627097
*C(=O)c1ccc(-c2ccc(-c3ccc(*)s3)s2)cc1,nc,2.1519,2.188321444855233
*N1C(=O)c2c(C1=O)cc(cc2)Oc1cc2c(C(=O)N(C2=O)c2ccc(cc2)C(c2ccc(cc2)*)(C(F)(F)F)C(F)(F)F)cc1,tg,305.0,298.3823027038647
*N1C(=O)c2c(C1=O)cc(cc2)Oc1cc2c(cc1Oc1cc3c(C(=O)N(C3=O)c3ccc(cc3)Oc3ccc(cc3)c3ccc(cc3)Oc3ccc(cc3)*)cc1)cccc2,tg,222.5,206.6351682204886
*C(C*)(C(=O)OCCCCCC)C,tg,-7.25,2.4113682559308507
*N1C(=O)c2c(C1=O)cc(cc2)S(=O)(=O)c1cc2c(C(=O)N(C2=O)c2ccc(cc2)Oc2c3c(ccc2)c(ccc3)Oc2ccc(cc2)*)cc1,tg,306.0,277.61537720890146
*c1ccc(C(F)(F)c2ccc(C(*)(F)F)cc2)s1,ei,6.4074,6.798296957301629
*Oc1ccc(OC(*)=O)cc1,ei,6.5915,6.509313950954612
*CCC(=O)C(=S)*,egc,3.2378,2.610041582249902
*C(C*)c1c(cccc1)O,tg,172.0,155.60532480270007
*NC1NN(C(C(*)O)(C(F)(F)F)C(O)(Cl)C2(F)OC(O)C(O)C2O)O1,egc,5.0077,5.216359557249819
*NCNC(=O)OC(=O)NC(*)=O,eea,1.6859,1.3140982182527805
*CCN[Si](C)(C)N*,egc,4.8016,5.101705113997964
*CC(F)(F)C(F)(F)C(F)(F)COC(=O)CC(CC(=O)O*)C(F)(F)C(F)(F)C(F)(F)F,egc,6.6602,6.504699768059701
*c1nc(c(c(c1C#N)C=Cc1ccc(cc1)N(c1ccccc1)c1ccccc1)C#N)C=Cc1cc2C(c3c(c2cc1)ccc(c3)C=C*)(CCCCCC)CCCCCC,tg,178.0,152.77815629731427
*c1cc2c(C(=O)N(C2=O)c2cc(c(cc2)c2c(cc(cc2)N2C(=O)c3c(C2=O)cc(cc3)C(=O)Oc2c(ccc(c2)OC(=O)*)C23CC4CC(CC(C2)C4)C3)C)C)cc1,tg,225.0,221.91403338655894
*NC(=O)CCCCCCCCC(=O)NCCCC1(c2ccccc2c2ccccc12)CCC*,tg,85.0,120.52951421065166
*Oc1cc(c(cc1)S(=O)(=O)c1ccc(cc1)Oc1c(cc(cc1)C(c1cc(c(cc1)*)N)(C)C)N)N,tg,237.1,241.42704392915078
*Nc1c(cc(c(c1)[N+](=O)[O-])NC(=O)CCCCCCC(=O)*)C=Cc1ccc(cc1)N(C)C,tg,177.6,161.9727030049528
*CCCCCCC(=O)NCCCCCCNC(=O)CCCO*,egc,5.9827,6.009903627968002
*OC(=O)Nc1ccc(cc1)Cc1ccc(cc1)NC(=O)OCCC*,tg,119.0,87.11023792339542
*N1C(=O)C(=C(C1=O)Cl)Oc1ccc(cc1)C(c1ccc(cc1)OC1=C(C(=O)N(C1=O)c1ccc(cc1)Oc1ccc(cc1)*)Cl)(C)C,tg,175.0,175.9601346511511
*Oc1ccc(cc1)CC(NC(=O)CCc1ccc(cc1)OC(=O)CCC(=O)*)C(=O)OCCCCCCCC,tg,46.75,60.66899293407893
*OC(=O)NC(=O)c1ccc(cc1)C(=O)NC(=O)OCC(C*)(C)C,tg,102.0,116.97483127355372
*C(C*)C(=O)Oc1ccc(cc1)C(=O)OCc1ccccc1,tg,16.25,60.256619150799224
*N1C(=O)c2c(C1=O)cc(cc2)Oc1ccc(cc1)C1(CCCCCCCCCCC1)c1ccc(cc1)Oc1cc2c(C(=O)N(C2=O)c2ccc(cc2)Oc2ccc(cc2)C2(C3CC4CC(CC2C4)C3)c2ccc(cc2)Oc2ccc(cc2)*)cc1,tg,262.0,274.6982552550871
*OC(C)CCOC(=O)CCCCCCCC(*)=O,egc,6.6793,6.681191473610379
*N1C(=O)c2c(C1=O)cc(cc2)C(=O)Nc1ccc(cc1)S(=O)(=O)c1ccc(cc1)NC(=O)c1cc2c(C(=O)N(C2=O)CCCCCC*)cc1,tg,198.0,193.97117760943263
*C(=S)C(=O)CCNc1ccc(C(=S)c2ccc(*)cc2)cc1,nc,2.3328,2.2564419479065867
*Nc1ccc(C(=O)c2ccc(*)s2)cc1,eea,2.4618,2.9289646525168065
*SSCc1c(cccc1)C*,tg,39.0,36.65497483653935
*c1oc2c(n1)cc(cc2)NC(=O)CCCCCCC(=O)Nc1cc2c(oc(n2)CCCCCC*)cc1,tg,77.0,82.62499139536575
*CC(C)(C)COC(=O)C(=O)O*,egc,4.957,5.042894462009088
*C(=S)C(F)(F)CC(*)(F)F,eps,3.78,3.759175483455222
*N(CC*)C(=O)c1c(c(cc(c1)F)F)F,tg,110.0,92.8893184675827
*N1C(=O)c2c(C1=O)cc(cc2)Oc1c2c(ccc1)c(ccc2)Oc1cc2c(C(=O)N(C2=O)c2c(cc(cc2C)Cc2cc(c(c(c2)C)*)C)C)cc1,tg,281.0,290.48943215616003
*CCOCCOC(=O)Nc1ccc(C)c(NC(=O)O*)c1,egb,4.5558,4.867030078936208
*N1C(=S)N(C(=O)CC1=O)c1ccc(cc1)Oc1cc(ccc1)Oc1ccc(cc1)*,tg,128.0,125.8118494560548
*Oc1ccc(C(=S)c2ccc(*)s2)s1,egb,2.3041,2.0452849217744604
*c1ccc2c(c1)C(=O)N(c1ccc(Oc3ccc(N4C(=O)c5ccc(C(F)(F)C(F)(F)C(F)(F)C(F)(F)C(F)(F)C(F)(F)C(F)(F)C(*)(F)F)cc5C4=O)cc3)cc1)C2=O,egc,2.6011,3.1916311166165863
*Oc1ccc(cc1)C(c1ccc(cc1)OCC(COC(=O)CCCCCCCCC(=O)OCC(C*)O)O)(C)C,tg,30.0,25.645604235430472
*Oc1ccc(cc1)CC(NC(=O)CCc1ccc(cc1)OC(=O)CCCCC(=O)*)C(=O)OCCCCCCCCCCCC,tg,22.0,25.358762678303027
*N1C(=O)c2c(C1=O)cc(c(c2)c1ccc(cc1)C(C)(C)C)c1cc2c(C(=O)N(C2=O)c2ccc(cc2)Oc2ccc(cc2)*)cc1c1ccc(cc1)C(C)(C)C,tg,370.0,336.3909603264397
*C=Cc1cc(OC)c(*)cc1Br,egc,1.9302,2.3299510078592682
*c1ccc(-c2ccc(-c3ccc(*)n3C)o2)o1,egc,2.825,2.5987641562356196
*OC(C)(CC(*)=O)C(F)(F)F,egc,6.2535,6.488481941335832
*CC(=O)C(C=C1)=CC=C1C(S2)=CC=C2*,egc,3.5141,3.4069155188291806
*C(=O)c1ccc(-c2ccc(C(*)=S)s2)cc1,eps,5.75,6.3418948812665805
*C(=O)Nc1ccc(C2(c3ccc(N4C(=O)c5ccc(*)cc5C4=O)cc3)CCC(C(C)(C)C)CC2)cc1,egc,2.7711,2.8694324694580073
*N1C(=O)c2c(C1=O)cc(cc2)Oc1cc(ccc1)C(=O)Nc1ccc(cc1)Oc1ccc(cc1)*,tg,231.0,220.02935254141664
*Oc1cc(c(c(c1)Br)C(c1c(cc(cc1Br)OC(=O)*)Br)(C)C)Br,tg,267.0,268.5168260997011
*c1sc(-c2sc(-c3sc(*)c4nccnc34)c3c2OC(CCCCCC)CO3)c2c1OCC(CCCCCC)O2,egc,1.6167,1.8175093357187653
*CCC(=O)C(*)=S,nc,1.9627,1.9577159121773977
*C(C*)(C(=O)OCCOCCO)C,tg,18.12,41.84171612698396
*C=Cc1ccc(*)n1CCCCCCCCCCCC,egc,1.2671,1.663315741495257
*C(=O)N1CC(=O)N(C(=O)c2ccc(N3C(=O)c4ccc(*)cc4C3=O)cc2)C1=O,egc,3.533,3.69147770109519
*c1cc2c(C(=O)N(C2=O)c2ccc(cc2)Oc2c(cc(c(c2)C(C)(C)C)Oc2ccc(cc2)N2C(=O)c3c(C2=O)cc(cc3)C(*)(C(F)(F)F)C(F)(F)F)C(C)(C)C)cc1,tg,277.0,275.49120331290266
*c1cc2c(C(=O)N(C2=O)c2ccc(cc2)Cc2ccc(cc2)N2C(=O)c3c(C2=O)cc(cc3)C(=O)c2ccc(cc2)c2ccc(cc2)C(c2ccc(cc2)c2ccc(cc2)C(=O)*)(C)C)cc1,tg,216.0,213.53531978844956
*CC(*)C(=O)OCCOCC1(CC)COC1,egc,5.6941,5.622034652072388
*c1ccc(C(F)(F)CC(*)(F)F)s1,nc,1.7568,1.760146597736681
*CCCCCCCCCCOC(=O)O*,egc,7.22,7.353271536987489
*c1cc2c(C(=O)N(C2=O)c2cc(ccc2)Cc2cc(ccc2)N2C(=O)c3c(C2=O)cc(cc3)C(=O)*)cc1,tg,241.33,245.0471272732814
*Oc1ccc(cc1)OC(=O)Oc1ccc(cc1)C(c1ccc(cc1)OC(=O)*)(C)C,tg,97.0,109.98974767035139
*CCOC(=O)CCCCCCC(=O)O*,nc,1.6577,1.6401917421331318
*c1cc2c(C(=O)N(C2=O)c2ccc(cc2)OCCCCOc2ccc(cc2)N2C(=O)c3c(C2=O)cc(cc3)C(*)(C(F)(F)F)C(F)(F)F)cc1,tg,169.0,161.19870318567655
*Oc1c(cc(cc1)c1ccc(cc1)c1cc(c(cc1)Oc1ccc(cc1)C(c1ccc(cc1)*)(C)C)C(F)(F)F)C(F)(F)F,tg,192.0,212.28047276132398
*Oc1ccc(-c2ccc(C(*)=O)cc2)s1,ei,6.028,5.949381206861454
*CCC(=O)C(*)=S,eea,3.1911,3.5386875406132954
*C(=O)c1ccc2c(c1)C(=O)N(c1ccc(N(c3ccc(C#N)cc3)c3ccc(N4C(=O)c5ccc(*)cc5C4=O)cc3)cc1)C2=O,egc,1.8778,2.2466146738537742
*Oc1ccc(cc1)S(=O)(=O)c1ccc(cc1)Oc1ccc(cc1)S(=O)(=O)c1ccc(cc1)c1ccc(cc1)S(=O)(=O)c1ccc(cc1)*,tg,234.0,259.07450447618874
*Oc1c(cc(cc1C)*)C(CCCC)C,tg,85.0,91.28720782705444
*C(C*)(C(=O)OCCCCCCOc1ccc(cc1)OC(=O)c1ccc(cc1)OCCCCCC)C,tg,16.0,40.337693830210526
*OC(=O)OCCOCCOC(=O)OC1COC2C(*)COC12,egc,6.7329,6.665927126767751
*Nc1ccc(-c2ccc(-c3ccc(*)cc3)cc2)cc1,ei,4.7817,4.79248072592631
*N(C(=O)c1cc(ccc1)C(=O)*)c1ccccc1,tg,148.0,205.56157425034513
*c1ccc(C(F)(F)c2ccc(C(*)(F)F)s2)s1,ei,6.7826,6.715603054804644
*C(C(CC*)C)(C(=O)OC)C,tg,41.29,58.19617610392855
*CCN(*)Cc1ccccc1,egc,3.8139,4.5102294756205055
*N1C(=O)c2c(C1=O)cc(cc2)c1cc2c(C(=O)N(C2=O)c2cc(c(c(c2)C(=O)OCCCCCCCCCCCCCCCCCC)c2c(cc(cc2Br)*)C(=O)OCCCCCCCCCCCCCCCCCC)Br)cc1,tg,83.5,95.33899423455028
*CC(C#N)(C#N)C(C#N)C(*)(C#N)C#N,egb,6.2447,6.3689600081705215
*c1cc2c(C(=O)N(C2=O)c2cc(ccc2)P(=O)(c2cc(ccc2)N2C(=O)c3c(C2=O)cc(cc3)C(=O)*)c2ccc(cc2)Oc2ccc(cc2)C23CC4CC(CC(C2)C4)C3)cc1,tg,305.0,277.7910396963282
*c1cc2c(C(=O)N(C2=O)c2ccc(cc2)OCCOCCOCCOCCOc2ccc(cc2)N2C(=O)c3c(C2=O)cc(cc3)C(*)(C(F)(F)F)C(F)(F)F)cc1,tg,140.0,115.7978548148122
*C(C*)(C(=O)OCC(O)C)C,tg,72.67,55.462122393582355
*O[Si](O[Si](O[Si](O[Si](O[Si](OC(CCCCC(*)C)C)(C)C)(C)C)(C)C)(C)C)(C)C,tg,-104.0,-83.08829944651012
*OC(=O)OCC(C*)OCCCCOc1ccc(cc1)C=Cc1ccc(cc1)[N+](=O)[O-],tg,42.0,43.85902926258264
*c1cc2c(C(=O)N(C2=O)c2cc(ccc2)N2C(=O)c3c(C2=O)cc(cc3)C(=O)OCCN(CCOC(=O)*)c2ccc(cc2)N=Nc2ccc(cc2)F)cc1,tg,168.0,159.64974844964212
*C(=S)c1ccc(-c2ccc(-c3ccc(*)cc3)cc2)cc1,egb,1.6353,1.8161044911975355
*Nc1ccc(-c2ccc(C(*)=S)cc2)cc1,eea,2.5787,2.5790851543670508
*C(C*)C(=O)OCCCCCCCCOC(=O)c1ccc(cc1)OC(=O)c1ccc(cc1)C#N,tg,15.0,13.824353844214228
*C(=O)NNC(=O)c1cccc(C(=O)NNC(=O)c2cccc(*)n2)c1,egc,4.479,4.079698681985651
*Nc1ccc(cc1)CC(NC(=O)CCCCC(=O)*)(C)C,tg,130.0,126.4992314306789
*COC(=O)NCCCCCCNC(=O)OCc1cccc(*)n1,egc,5.1146,5.197733842365168
*OC(OC(=O)c1c2c(c(cc1)C(=O)OC(OCC1CCC(CC1)C*)C)cccc2)C,tg,60.0,40.620359334911285
*c1n(c(nn1)c1ccc(cc1)Oc1ccc(cc1)C(c1ccc(cc1)Oc1ccc(cc1)*)(C(F)(F)F)C(F)(F)F)c1ccc(cc1)S(=O)(=O)C,tg,226.0,230.3726652887981
*CC(*)(CO)C(=O)OCC,egc,5.8505,5.918004823541554
*Nc1ccc(*)cc1,eea,0.9827,1.5150776124627026
*C(=O)Oc1ccc(C(*)=S)cc1,ei,6.6755,6.7189391360629145
*C(C*)(C(=O)OCCC#N)C,tg,79.0,49.71685690483475
*SC(C*)C,tg,-45.29,-65.87729358455354
*Oc1ccc(Cc2ccc(*)cc2)cc1,ei,6.1428,5.917331964485825
*Oc1ccc(Oc2ccc(*)s2)s1,eea,1.3443,1.448222193900618
*[Si](CCC*)(O[Si](CCCOc1ccc(cc1)C#N)(C)C)C,tg,-45.5,-56.73234932352934
*NCNC(=O)OC(=O)NC(*)=O,eps,4.67,4.187656326633814
*Oc1c(cc(cc1C)S(=O)(=O)c1cc(c(c(c1)C)OCC(C*)O)C)C,tg,152.5,162.67159132098774
*C(C*)C(=O)Oc1ccc(cc1)C,tg,42.5,54.24924857415396
*CCC(F)(F)C(*)(F)Cl,egb,7.4828,8.018508644448499
*O[Si](*)(CCCOc1ccc(cc1)C(=O)Oc1ccc(cc1)c1ccc(cc1)OC(=O)c1cc(c(c(c1)OCC(CC)C)OCC(CC)C)OCC(CC)C)C,tg,57.67,51.4970676369981
*OP(=O)(N=Nc1ccc(cc1)CCOC(=O)c1cc(cc(c1)C(C)(C)C)C(=O)OCCc1ccc(cc1)N=NP(=O)(OCC*)OC)OC,tg,84.0,61.103800895313434
*OC(=O)c1ccc(CCCCCCc2ccc(C(*)=O)cc2)cc1,egc,4.5994,4.631193948767218
*c1c2C(=O)N(C(=O)c2c(c2ccccc12)c1ccc(cc1)Oc1c(cc(cc1)c1cc(ccc1)c1cc(c(cc1)Oc1ccc(cc1)*)C(F)(F)F)C(F)(F)F)c1ccccc1,tg,271.0,306.7122457264035
*Oc1ccc(cc1)c1c(c(c(c(c1)c1ccccc1)c1ccc(cc1)OC(=O)c1c(cc(cc1)C(=O)*)c1ccccc1)c1ccccc1)c1ccccc1,tg,225.0,252.29985957040287
*c1c2c(c(nn1)c1ccc(cc1)Oc1ccc(cc1)C(c1ccc(cc1)Oc1ccc(cc1)*)(C(F)(F)F)C(F)(F)F)c(c(c(c2c1ccccc1)c1cc2c(cc1)cccc2)c1cc2c(cc1)cccc2)c1ccccc1,tg,286.0,304.8168827734976
*CCc1ccc(-c2ccc(*)s2)cc1,egb,2.9495,3.0752953373168
*c1cc(ccc1)*,tg,104.93,279.09051552573413
*OC(=O)Nc1ccc(cc1)Cc1ccc(cc1)NC(=O)OCC1CCC(CC1)C*,tg,134.0,113.46763176684357
*Cc1ccc(-c2ccc(C(*)=S)s2)s1,eps,5.34,5.597666117223481
*C(=C(CC*)c1ccccc1)c1ccccc1,tg,120.5,120.67279346465259
*Oc1c(cc(c(c1)C(c1ccccc1)(C)C)OC(=O)c1cc(ccc1)C(=O)*)C(c1ccccc1)(C)C,tg,180.0,174.43059194430293
*Oc1ccc(C2(c3ccc(OC(*)=O)cc3)c3ccccc3-c3ccccc32)cc1,egc,4.4035,4.586256481406024
*N(CC*)C(=O)CC12CC3CC(CC(C1)C3)C2,tg,139.0,148.8701013671632
*CCOCCOCCOC(=O)CC(=O)O*,egc,5.6203,6.059817883196458
*C(=O)NCCCCCCNC(=O)C1=COC=C(*)O1,egc,4.4645,4.457247581138751
*OC(=S)c1ccc(C(*)=O)cc1,ei,6.7625,6.874597554264837
*CNc1ccc(-c2ccc(*)cc2)s1,nc,1.9424,1.9493523638038512
*c1cc(N=Nc2ccc(C#N)cc2)cc(*)c1O,egc,2.4223,2.7107156693109844
*C(C*)C(=O)OCCCCOC(=O)c1ccc(cc1)OC(=O)c1ccc(cc1)C#N,tg,40.0,35.17776096043519
*OC(=O)c1c(cc(cc1)C(=O)OCCN(CC*)c1ccc(cc1)N=Nc1ccc(cc1)c1nc2c([nH]1)ccc(c2)[N+](=O)[O-])OCCC,tg,152.0,153.53277407095925
*N=P(*)(Oc1cc2c(cc1)cccc2)Oc1cc2c(cc1)cccc2,tg,47.0,42.433339979356525
*c1cc(-c2sc(-c3cc(C)c(*)s3)cc2C)c2cccccc1-2,egc,1.8668,1.9342047091144126
*C(C*)c1ccc(cc1)C(=O)CCN1CCOCC1,tg,41.0,62.16513638483995
*c1cc2c(C(=O)N(C2=O)c2ccc(cc2)Oc2cc3c(cc2)ccc(c3)Oc2ccc(cc2)N2C(=O)c3c(C2=O)cc(cc3)C(=O)Nc2cc(ccc2)NC(=O)*)cc1,tg,286.0,275.30357162297844
*CC(=O)CC(*)=S,eps,3.82,3.6901550192206076
*CCOC(=O)C1C2C=CC(C2)C1C(=O)O*,egb,5.3661,5.283559162315528
*CC(=O)Nc1ccc(*)s1,egb,3.9328,3.8548976708513685
*C(F)(F)CC(F)(F)O*,egc,9.1417,9.131935240826966
*NC(=O)c1ccc(cc1)C(=O)NCCCCCCC*,tg,138.25,136.34217064829906
*c1nc2c(nc1c1ccccc1)cc(cc2)c1cc2c(nc(c(n2)c2ccccc2)c2ccc(cc2)Oc2ccc(cc2)*)cc1,tg,335.33,312.5539636803075
*c1ccc(NC(F)(F)C(*)(F)F)s1,nc,1.862,1.8852668947871172
*OP(=O)(N=Nc1ccc(cc1)C(=O)c1ccc(cc1)N=NP(=O)(OCC1CCC(CC1)C*)OC)OC,tg,52.0,82.58371751434001
*NC(C=C1)=CC=C1OC(S2)=CC=C2*,egc,4.2211,4.224008031657948
*c1ccc2c(c1)c1cc(*)ccc1n2CCC(=O)OCC,egc,3.5811,3.471236761409958
*CNc1ccc(N*)s1,eps,4.18,4.091282925047722
*c1ccc2nc(*)oc2c1,egc,3.8571,3.9476876809752914
*Oc1ccc(cc1)OC(=O)c1ccc(cc1)C(=O)*,tg,267.0,214.5148063411079
*c1cc(-c2nc3ccccc3o2)cc(-n2c(=O)c3cc4c(=O)n(*)c(=O)c4cc3c2=O)c1,egc,2.4745,2.3838241160615246
*Oc1ccc(cc1)OC(=O)c1c(cc(cc1)C(=O)Oc1ccc(cc1)OCCCC*)C(=O)OCC=C,tg,56.0,67.86777036734996
*C(C*)C1CC(CCC1)C,tg,141.0,89.61366050293317
*Oc1ccc(C(=O)NCC(C)(C)CCCNC(=O)c2ccc(*)cc2)cc1,egc,4.7683,4.786773973601202
*OP(=O)(OCCCCCCCCCCOc1c(cc(cc1)C=C1C(=O)C(=Cc2cc(c(cc2)OCCCCCCCCCC*)OC)CC1)OC)OCC,tg,47.0,56.927666461878346
*CCOCCOCCOC(=O)c1ccccc1C(=O)O*,egc,4.8493,4.74517150496285
*C(C*)(C(=O)OCCCCCCOc1ccc(cc1)C(=O)Oc1c2c(c(cc1)N=Nc1ccccc1)cccc2)C,tg,46.0,51.479147004128784
*C(C*)C(=O)OCC(CC)C,tg,-32.0,-28.892700348961267
*c1ccc(*)n1Cc1ccc[n+](C)c1,egc,0.2844,0.48661416292978305
*CC(S1)=CC=C1C(=S)C(S2)=CC=C2*,egc,2.5715,2.873860391575621
*N1C(=O)c2c(C1=O)cc(cc2)[Si](c1ccc(cc1)c1ccc(cc1)[Si](c1cc2c(C(=O)N(C2=O)c2cc(ccc2)Cc2cc(ccc2)*)cc1)(C)C)(C)C,tg,285.0,263.7628390791855
*OC(=O)c1ccc(cc1)C=Cc1ccc(cc1)C(=O)OCC(C*)(C)C,tg,80.0,96.61197608861107
*C(C*)C(=O)OCCOC(C(F)F)(F)F,tg,-22.0,-53.8097826369056
*Oc1ccc(cc1)NC(=O)c1cc(ccc1)C(=O)Nc1ccc(cc1)Oc1ccc(cc1)C1(C2CCC(C1)C2)c1ccc(cc1)*,tg,256.0,262.41843452133025
*c1cc2c(C(=O)N(C2=O)c2cc(cc(c2)C(C)(C)C)N2C(=O)c3c(C2=O)cc(c(c3)Cl)C(=O)*)cc1Cl,tg,290.0,312.0900068070169
*C(C*)(C(=O)OCCCCCCCCCCOc1ccc(cc1)N=Nc1ccc(cc1)[N+](=O)[O-])C,tg,55.0,29.409674303910887
*c1ccc(C(F)(F)c2ccc(C(*)(F)F)cc2)cc1,egb,4.1742,4.015213622255587
*c1nc(Oc2ccccc2)nc(N(*)c2ccccc2)n1,egc,4.4124,4.301033611340011
*OC1CCCCCC1*,egc,5.6512,5.33418682237382
*C1(CCN(CC1)C(=O)CCC(=O)N1CCC(CC1)(CCC*)C)C,tg,99.0,106.86674627401642
*Oc1ccc(cc1)NC(=O)c1ccc(cc1)C(=O)Nc1ccc(cc1)Oc1ccc(cc1)C1(C2CC3CC(CC1C3)C2)c1ccc(cc1)*,tg,264.0,261.30031134312304
*Oc1ccc(cc1)c1ccc(cc1)Oc1ccc(cc1)C(=O)c1cc(ccc1)C(=O)c1ccc(cc1)*,tg,159.0,162.44261455272584
*CCO*,eea,0.3936,0.7043018061596691
*O[Si](Oc1ccc(cc1)C1(c2ccccc2c2ccccc12)c1ccc(cc1)*)(c1ccccc1)c1ccccc1,tg,166.0,184.55337105759455
*N=P(*)(OCC(F)(F)F)OCC(F)(F)F,tg,-66.57,-84.6661029255419
*Cc1ccc(-c2ccc(-c3ccc(*)s3)s2)cc1,nc,1.9768,1.9670549710597518
*CCC(=O)OC(=O)Cc1ccc(-c2ccc(*)cc2)cc1,eea,1.5387,1.6343896397176085
*N1C(=O)c2c(C1=O)cc(cc2)Oc1cc2c(C(=O)N(C2=O)c2c(ccc(c2)C(c2cc(c(cc2)OCCN(c2ccc(cc2)C=CC2=CC(=C(S(=O)(=O)C)C#N)CC(C2)(C)C)C)*)(C(F)(F)F)C(F)(F)F)OCCN(c2ccc(cc2)C=CC2=CC(=C(S(=O)(=O)C)C#N)CC(C2)(C)C)C)cc1,tg,225.0,233.31595670258557
*C1COC2C1OCC2Oc1ccc(cc1)CNC(=O)CCCCC(=O)NCc1ccc(cc1)O*,tg,116.0,83.26720809119396
*CC(=O)OC(S1)=CC=C1*,egc,4.6247,4.687087875841096
*C1C(=O)N(C(=O)C1)c1ccc(cc1)Cc1ccc(cc1)N1C(=O)C(CC1=O)CC=Cc1c(ccc(c1)C(c1cc(c(cc1)O)C=CC*)(C)C)O,tg,215.0,174.30707590521988
*c1nc(nc(n1)NCCCCCCN*)c1ccccc1,tg,95.0,123.3393622744757
*Nc1ccc(Nc2ccc(*)s2)cc1,eea,1.0698,1.1997260327001502
*CNC(=O)C(*)=S,nc,1.9972,2.0319887899107982
*N1C(=O)c2c(C1=O)c(ccc2)c1cc2c(C(=O)N(C2=O)c2cc(c(cc2)c2c(cc(cc2)*)C)C)cc1,tg,372.0,399.10472183639536
*CCOC(=O)NCCSCCCCSCCNC(=O)O*,egc,5.1396,5.228740526742696
*Oc1c(cc(cc1)OCCCCCC(=O)NNC(=O)c1ccc(cc1)C(=O)NNC(=O)CCCCC*)C,tg,110.5,112.86066985144481
*CCCCCC(=O)NCCCCCCNC(=O)CCCCCOC(=O)CCCCC(=O)O*,egc,5.9182,5.873279220556113
*C(=O)c1ccc(Oc2ccc(*)s2)s1,egb,2.4838,2.4903826739287847
*O[Si](CC(COC(=O)c1cc(ccc1)C(=O)OCC(C[Si](*)(C)C)(C)C)(C)C)(C)C,tg,-52.0,-27.480977534935434
*c1c2C(=O)N(C(=O)c2c(c2ccccc12)c1ccc(cc1)Oc1ccc(cc1)C(=O)c1ccc(cc1)Oc1ccc(cc1)*)C,tg,283.0,284.45156181822483
*Nc1ccc(-c2ccc(C(=S)c3ccc(-c4ccc(Nc5ccc(*)cc5)s4)s3)s2)s1,nc,2.4299,2.417057998031872
*O[Si](c1ccc(cc1)[Si](*)(c1ccccc1)c1ccccc1)(c1ccccc1)c1ccccc1,tg,114.13,99.5543499720317
*Oc1cc(ccc1)Oc1ccc(cc1)Oc1cc(ccc1)OC(=O)c1ccc(cc1)C(=O)*,tg,103.0,135.28227786013338
*Cc1ccc(C(=O)c2ccc(*)cc2)cc1,eps,3.96,3.753973405134673
*C(C*)C(=O)OC(C(Cl)(Cl)Cl)Cl,tg,70.5,51.54881273122868
*c1cc(-c2ccccc2)c(*)s1,egc,2.7439,2.515574707609528
*OC(=O)c1ccc(cc1)C(=O)OCC(C(C*)CCCC)CCCC,tg,16.0,4.890179335128787
*C(C#N)=C(c1ccccc1)c1ccc(*)cc1,egb,2.5883,2.9569621702409146
*Oc1ccc(cc1)NC(=O)c1cc(cc(c1)C(C(C(C(F)(F)F)(F)F)(F)F)(F)F)C(=O)Nc1ccc(cc1)*,tg,257.0,230.82368866973118
*CC(*)C(=O)OC1CCCCC1,egc,6.0771,6.050047177375938
*Oc1c(cc(cc1OC)/C=C/c1ccc(cc1)/C=C/c1cc(c(c(c1)OC)OCCCCCCCCCC*)OC)OC,tg,68.5,79.07625489185214
*NOc1ccc(O*)cc1,nc,1.8691,1.8568198428623732
*C(=C(*)c1ccccc1)c1ccc(cc1)[Si](C)(C)C,tg,200.0,233.35401490234239
*Nc1ccc(-c2ccc(C(*)=S)cc2)s1,eps,5.47,5.667648864045762
*OC(=O)Nc1c(c(ccc1)NC(=O)OCCN(CC*)c1ccc(cc1)C=Cc1ccc(cc1)[N+](=O)[O-])C,tg,123.0,126.55578276457969
*C(=O)OCCOC(=O)N1CCN(*)CC1,egc,5.8752,5.9958808502855705
*c1cc2c(C(=O)N(C2=O)c2cc(ccc2)C(=O)c2ccc(cc2)Cc2ccc(cc2)C(=O)c2cc(ccc2)N2C(=O)c3c(C2=O)cc(cc3)C(=O)*)cc1,tg,260.5,250.86198636660154
*OC(=O)c1cc2c(cc1)cc(cc2)C(=O)OCCCCCCCC*,tg,53.0,51.607155065774194
*OC(=O)C(C(=O)OCCOCC*)CCCCC,tg,-47.0,-39.47018396431933
*Nc1ccc(-c2ccc(-c3ccc(*)s3)s2)cc1,ei,4.896,4.771758646189937
*C(C*)(C(=O)OCC(C(C(F)(F)F)(F)F)(F)F)F,tg,75.0,101.36898617304728
*OC(=O)Nc1ccc(cc1)Cc1ccc(cc1)NC(=O)OCc1cc(cc(c1)C(C)(C)C)C*,tg,114.0,121.94944409704752
C(=O)(*)C1=CC=C(C=C1)S(=O)(=O)C1=CC=C(C=C1)C(=O)OC1=CC=C(C=C1)C(C1=CC=CC=C1)(C1=CC=CC=C1)C1=CC=C(C=C1)O(*),egc,3.2146,3.3431063958065312
*OC*,tg,-53.97,46.53662709631967
*NC(=S)C(=O)O*,eea,4.0646,4.33374963633225
*Oc1cccc2c(OC(=O)Oc3ccc(OC(*)=O)cc3C)cccc12,egc,4.1043,4.423975241824046
*OC(=O)NNC(=O)CCCCCCCCC(=O)NNC(=O)OCCCC*,tg,56.0,14.518316653900959
*CC(=O)c1ccc(-c2ccc(*)s2)cc1,nc,2.0511,2.015660956554954
*Cc1ccc(C(=S)O*)s1,eea,2.9654,2.8598945450948094
*NC(CCC(=O)OCCCC)C(*)=O,egc,5.5734,5.889504633343123
*CCNC(=O)CCCCC(=O)N*,egc,5.8254,5.7262400985686615
*C(*)C(=O)OC(C)C,tg,70.0,81.42059207667837
*Nc1ccc(Oc2ccc(*)s2)s1,nc,1.9001,1.9010445852308244
*c1nc2c(nc1c1ccccc1)cc(cc2)c1cc2c(nc(c(n2)c2ccc(cc2)*)c2ccccc2)cc1,tg,367.45,327.6004836000712
*NC(=O)NC(*)=S,eea,3.7029,3.431001127444965
*c1ccc(Cc2ccc(N3C(=O)c4ccc([Si](C)(C)c5ccc6c(c5)C(=O)N(*)C6=O)cc4C3=O)cc2)cc1,egc,2.9801,3.1197035977269647
*Oc1ccc(C=CC(*)=O)cc1,egc,3.6422,3.6859403689569112
*CCOC(=O)Nc1ccc(-c2ccc(NC(=O)O*)c(C)c2)cc1C,egc,4.3385,4.232805815199538
*OC(C(OC(=O)Nc1ccc(cc1)Cc1ccc(cc1)NC(=O)*)c1occc1)c1occc1,tg,74.0,68.27264038555994
*c1cc2c(C(=O)N(C2=O)c2cc(cc(c2)c2sc3c(n2)cccc3)N2C(=O)c3c(C2=O)cc(cc3)C(=O)Nc2cc(cc(c2)c2nc3c([nH]2)cccc3)NC(=O)*)cc1,tg,368.0,363.2114577729048
*CC(*)(F)F,eps,3.37,3.571203093766337
*C(=S)c1ccc(C(=S)c2ccc(*)cc2)s1,egb,1.1979,1.208805781701177
*CC(*)(C)C(=O)Oc1ccccc1,egc,5.2323,5.076681261343561
*Oc1ccc(cc1)C(=O)OCCN(CCOC(=O)c1ccc(cc1)OCC#CC#CC*)c1ccc(cc1)N=Nc1ccc(cc1)C#N,tg,121.0,88.22893111136231
*Oc1ccc(OC(=O)c2ccc(OC(=O)CCCCCCC(*)=O)cc2)cc1,egc,4.1613,4.133113544075904
*C=CC1CCC(*)C1,egc,5.4117,5.218640756616983
*OC(=O)c1cc2c(cc1)cc(cc2)C(=O)OCCCCCCCCCC*,tg,43.75,52.063496144303045
*c1ccc(-c2ccc(C(=S)c3ccc(*)s3)s2)cc1,ei,5.7103,5.653219618409692
*NC(=O)CC(c1ccc(cc1)CCC(=O)NCCCCCC*)C,tg,77.0,87.62475057606454
*C=CCCCCC*,egc,5.8026,5.61283944414737
*c1cccc(-c2ccc(-c3ccc(*)s3)s2)n1,egb,2.0464,2.014203351087263
*CC(C=C1)=CC=C1CC(C=C2)=CC=C2*,egc,5.1689,5.003901177290625
*Oc1ccc(cc1)Oc1ccc(cc1)C=NCCCCN=Cc1ccc(cc1)*,tg,105.0,118.80985933471098
*Oc1ccc(cc1)S(=O)(=O)c1ccc(cc1)Oc1ccc(cc1)C(c1ccc(cc1)Oc1ccc(cc1)C(=O)c1ccc(cc1)*)(C)C,tg,175.0,176.60500997894997
*C(C*)OC(=O)c1ccc(cc1)OC(=O)C,tg,76.0,63.625501260696254
*C=CCCCC*,egb,5.7962,5.91315116670967
*c1sc2cc3c(cc2n1)sc(n3)c1ccc(cc1)Oc1cc(ccc1)n1c(=O)c2cc3c(cc2c1=O)c(=O)n(c3=O)c1cc(ccc1)Oc1ccc(cc1)*,tg,400.0,355.5368947280938
*c1ccc2n(c3c(c2c1)cc(cc3)C=Cc1ccc(cc1)c1n(c(nn1)c1ccc(cc1)C=C*)c1ccccc1)CCCCCCCC,tg,147.0,154.4266478036675
*c1ccc(C(F)(F)c2ccc(C(*)(F)F)cc2)s1,eea,2.9023,2.357007645748386
*CCNC(=O)CCP(C)(=O)CCC(=O)N*,egc,6.0568,5.9940164432601755
*CC(CBr)(CBr)COC(=O)CCCCC(=O)O*,egc,6.0899,6.3313136598928415
*c1c(cc(cc1)CC*)CCCC,tg,20.0,20.711249572360167
*c1nc(nc(c1c1ccc(cc1)OC)OCCOC(=O)CCCCC(=O)OCCO*)c1ccc(cc1)OCCCC,tg,34.0,55.566874300345624
*N=NNc1ccc(NN=Nc2ccc(*)cc2)cc1,egc,1.9731,2.384014094074445
*Oc1ccc(cc1)c1ccc(cc1)OC(=O)Nc1cc(ccc1)P(=O)(c1cc(ccc1)NC(=O)*)c1ccccc1,tg,72.0,77.55475338722205
*CCCCCCNC(=O)CCCCCC(=O)N*,egc,5.936,5.89411129468147
*C(C*)(C(=O)OC1(CC(=O)OCC1)C)C,tg,110.0,149.88979791586826
*Oc1ccc(cc1)Oc1ccc(cc1)OCCCCCCOC(=O)OCCCCCCCCCOC(=O)OCCCCCC*,tg,-20.0,-20.171070346649493
*Oc1ccc(cc1)C(c1ccc(cc1)OC(=O)OC1C(C(C1(C)C)OC(=O)*)(C)C)(c1ccccc1)c1ccccc1,tg,161.0,161.22418488237273
*c1ccc(-c2ccc(-c3ccc(-c4cc(-c5ccccc5)c5cc(Oc6ccc7nc(*)cc(-c8ccccc8)c7c6)ccc5n4)cc3)cc2)cc1,egc,3.1875,3.040765852237474
*CCOCCOC(=O)O*,eps,3.32,3.1996678328030077
*Cc1ccc(CC(*)=S)cc1,eea,2.6743,2.6928581286689375
*Nc1ccc(NC(=O)CCCCCCCC(*)=O)cc1,egc,4.5152,4.477349033421372
*Oc1ccc(cc1)C1(c2ccccc2c2ccccc12)c1ccc(cc1)Oc1ccc(cc1)C(=O)c1ccc(cc1)C(=O)c1ccc(cc1)*,tg,243.0,244.92697108342145
*Oc1c(cc(cc1C)*)c1ccccc1,tg,171.67,184.48163279987162
*Oc1ccc(C(=O)c2ccc(C(=O)NOC(*)=O)s2)cc1,ei,7.1656,7.293814401892957
*c1cc2c(C(=O)N(C2=O)c2ccc(cc2)C(=O)c2ccc(cc2)N2C(=O)c3c(C2=O)cc(cc3)C(=O)*)cc1,tg,286.33,313.3908487674272
*c1cc2c(C(=O)N(C2=O)c2cc(c(cc2)c2c(cc(cc2)N2C(=O)c3c(C2=O)cc(cc3)C(=O)Oc2cc(c(cc2)c2c(cc(cc2)OC(=O)*)C)C)C)C)cc1,tg,177.0,221.54930099629306
*Nc1cc(cc(c1)C(=O)OC(c1ccccc1)c1ccccc1)NC(=O)c1ccc(cc1)C(=O)*,tg,217.0,227.02001044558745
*NOC(=O)O*,eea,1.6985,2.0189294652038123
*C(=O)Nc1ccc(C(=O)Nc2ccc(NC(=O)c3ccc4[nH]c(-c5cccc(-c6nc7cc(*)ccc7[nH]6)c5)nc4c3)cc2)cc1,egc,2.9934,3.046960457617912
*O[Si](O[Si](OC(CCC(*)C)C)(C)C)(C)C,tg,-83.0,-67.82313095208688
*Oc1ccc(cc1)C=Cc1c(cc(c(c1)OCCCCCCCC)C=Cc1ccc(cc1)OCCCCCCCC*)OCCCCCCCC,tg,130.0,91.40507088805411
*C(=O)c1ccc(C(=S)c2ccc(*)s2)s1,nc,2.2975,2.2908448507085963
*Oc1ccc(cc1)C(c1ccc(cc1)OC(=O)c1ccc(cc1)OCCCCCCCCCCOc1ccc(cc1)C(=O)*)(C)C,tg,77.0,82.09928990001606
*c1cc2c(C(=O)N(C2=O)c2c(cc(c(c2C)N2C(=O)c3c(C2=O)cc(cc3)C(=O)Nc2cc(c(cc2)c2c(cc(cc2)NC(=O)*)C)C)C)C)cc1,tg,259.0,274.2944810849002
*OC(=O)CCCCCCCCCCCC(*)=O,egc,6.2745,6.17029613897103
*CCCCCCCc1nnc(CCCCc2nnc(*)o2)o1,egc,6.3226,6.505464138666407
*OC(=O)c1ccc(CCCCc2ccc(C(*)=O)cc2)cc1,egc,4.8401,4.60780987862151
*Oc1ccc(-c2ccc(C(*)=O)cc2)cc1,egc,3.8635,3.9507180945863225
*C(C*)c1c(cccc1)COCCC,tg,97.0,76.38945736087634
*NC(=S)c1ccc(O*)cc1,egb,2.6021,2.5428415207651485
*C(=O)c1ccc2c(c1)C(=O)N(c1ccc(OCCOCCOCCOc3ccc(N4C(=O)c5ccc(*)cc5C4=O)cc3)cc1)C2=O,egc,2.5902,2.615488018879005
*c1cc2c(C(=O)N(C2=O)c2ccc(cc2)Oc2ccc(cc2)NC(=O)*)cc1,tg,290.17,269.8082797586167
*N1C(=O)c2c(C1=O)cc(cc2)Oc1c(cccc1)Oc1cc2c(C(=O)N(C2=O)c2cc(ccc2)*)cc1,tg,224.0,233.26131117166366
*c1ccc(C(F)(F)CC(*)(F)F)s1,eea,2.025,2.1767096579122307
*CCCCCCCCCO*,egc,6.1351,6.224318849850495
*c1cc2c(C(=O)N(C2=O)c2ccc(cc2)c2sc(c(c2c2ccccc2)c2ccccc2)c2ccc(cc2)N2C(=O)c3c(C2=O)cc(cc3)C(=O)Nc2ccc(cc2)Oc2ccc(cc2)Oc2ccc(cc2)NC(=O)*)cc1,tg,303.0,314.7065696384643
*OC(F)(F)C(=O)C(*)(F)F,nc,1.5807,1.627037051513668
*C(C*)(C(=O)OCCCCCCCCCCOc1ccc(cc1)N=Nc1ccc(cc1)C#N)C,tg,51.0,59.36888027126136
*C(C*)c1ccc(cc1)C([Si](C)(C)C)[Si](C)(C)C,tg,156.0,153.85643512855475
*CNc1ccc(C(*)=O)s1,ei,5.431,5.3800397946415215
*Nc1cccc(NC(=O)c2cc(NC(=O)c3ccncc3)cc(C(*)=O)c2)c1,egc,3.2998,3.301269360197342
*Oc1ccc(cc1)C(=O)OCC*,tg,77.67,70.4154973705494
*c1c(nc2c(c1c1ccccc1)cc(cc2)Oc1cc2c(nc(c(c2c2ccccc2)c2ccc(cc2)Oc2ccc(cc2)*)c2ccccc2)cc1)c1ccccc1,tg,252.5,277.1684133884818
*COc1ccc(O*)cc1,ei,5.8209,5.776761716669564
*N1C(=O)c2c(C1=O)cc(cc2)S(=O)(=O)c1cc2c(C(=O)N(C2=O)c2cc(c(cc2)Oc2c(cccc2)Oc2c(cc(cc2)*)C(F)(F)F)C(F)(F)F)cc1,tg,255.0,264.473457890115
*Oc1ccc(cc1)CC(NC(=O)CCc1ccc(cc1)OC(=O)CCCCCCC(=O)*)C(=O)OCCCC,tg,37.0,39.149790959163084
*CCCCOC(=O)C1CCC(C(=O)O*)CC1,egb,6.5835,6.612399307044949
*CCCCCCCCCCCCCC(=O)O*,egc,6.7839,6.7283918460286705
*CNOC(*)=S,egb,3.5947,3.671412659007041
*CCOC(=O)c1ccc(C(=O)O*)cc1,eea,2.2723,2.4332706045846804
*Oc1ccc(cc1)N=CCCCC=Nc1ccc(cc1)OC(=O)NCCCCCCNC(=O)*,tg,72.0,42.11606054643581
*C=C1CCC(=Cc2ccc(*)cc2)C1=O,egc,2.5147,2.411415533139932
*C(C*)(C(=O)OCCC1CCN(CC1)CCCCCCOc1ccc(cc1)N=Nc1ccc(cc1)[N+](=O)[O-])C,tg,27.0,56.83303666477481
*Nc1ccc(Cc2ccc(NC(=O)c3ccc(P(=O)(c4ccccc4)c4ccc(C(*)=O)cc4)cc3)cc2)cc1,egc,3.0916,3.43625414036039
*c1nc2c([nH]1)ccc(c2)NC(=O)c1ccc(cc1)OCCOCCOCCOCCOc1ccc(cc1)C(=O)Nc1ccc(cc1)*,tg,140.0,155.16049667167357
*NC(=O)c1ccc(cc1)C(=O)NCC(CC(CC*)(C)C)C,tg,148.0,150.1281200494319
*C(C*)c1c(cccc1)COCCCCC,tg,47.0,50.569384380423024
*Oc1ccc(cc1)NC(=O)CCCC(=O)Nc1ccc(cc1)OCC(COc1ccc(cc1)C(c1ccc(cc1)OCC(C*)O)(C)C)O,tg,105.0,115.54545645268927
*C1=C(C(=O)N(C1=O)CCCC)c1ccc(cc1)c1cc2C(c3c(c2cc1)ccc(c3)c1ccc(cc1)*)(CCCCCC)CCCCCC,tg,155.0,126.63984379190768
*C1C(=O)OC(=O)C1C1C2CC(C(C1*)C2)C(=O)OC1CCCCC1,tg,195.0,206.04979260408697
*Cc1ccc(-c2ccc(-c3ccc(*)s3)cc2)s1,egb,2.512,2.7658588412552403
*[Si](c1c(cccc1)C*)(c1ccccc1)c1ccccc1,tg,122.0,138.14593138867286
*Oc1cccc(Oc2ccc(S(=O)(=O)c3ccc(*)cc3)cc2)c1,egc,4.2737,4.3578208266241605
*N(CC*)C(=O)c1cc(ccc1)F,tg,97.0,92.02046122350671
*CCCOC(=O)CCCCCCCCOC(=O)CCCOC(=O)CCCCCCCCOC(*)=O,ei,7.4162,7.196173387485392
*c1cc2c(C(=O)N(C2=O)c2ccc(cc2)Oc2ccc(cc2)Oc2ccc(cc2)N2C(=O)c3c(C2=O)cc(cc3)C(=O)Oc2ccc(cc2)OC(=O)*)cc1,tg,230.0,227.58159056076073
*C(C=C1)=CC=C1C(C=C2)=CC=C2C(C=C3)=CC=C3C(S4)=CC=C4*,egc,2.8936,2.6677958774865633
*C(=S)C(F)(F)c1ccc(C(*)(F)F)cc1,eea,4.0037,3.785240907669786
*c1cc2c(C(=O)N(C2=O)c2cc(ccc2)C(C(C(c2cc(ccc2)N2C(=O)c3c(C2=O)cc(cc3)C(C(C(*)(F)F)(F)F)(F)F)(F)F)(F)F)(F)F)cc1,tg,151.0,157.1963709917278
*C(C#N)C(*)(C#N)C#N,egb,5.8992,6.0411094378887045
*c1cc2c(C(=O)N(C2=O)C2C(=O)N(C(=O)C2)c2ccc(cc2)NC(=O)*)cc1,tg,120.0,171.4325700644353
*Nc1cc(cc(c1)C(=O)Oc1ccc(cc1)c1ccccc1)NC(=O)c1ccc(cc1)C(=O)*,tg,178.0,194.17332485936353
*NC(=O)C(=S)c1ccc(*)s1,ei,6.6147,6.3900342323902946
*N1C(=O)c2c(C1=O)c(ccc2)Oc1ccc(cc1)Oc1ccc(cc1)Oc1c2c(C(=O)N(C2=O)c2cc(ccc2)*)ccc1,tg,238.0,239.27581265957372
*N(CC*)C(=O)CC(C)C,tg,30.0,12.776631667213135
*CCCCCCCCCCCCCCCCCCCCOC(=O)CCC(C)CC(=O)O*,egc,6.748,6.49274718236208
*N1C(=O)c2c(C1=O)c(ccc2)c1cc2c(C(=O)N(C2=O)c2cc(ccc2)OCCCCCCOc2cc(ccc2)*)cc1,tg,157.0,155.71391747221855
*C1(c2c(C(=O)N1)cccc2)c1ccc(cc1)OC(=O)c1ccc(cc1)C(=O)Oc1ccc(cc1)*,tg,327.0,359.6204351780611
*OC1C(CO)OC(*)C(O)C1O,eps,3.78,4.065043977628427
*N1C(=O)c2c(C1=O)cc(cc2)Oc1ccc(cc1)C1(CCC(CC1)c1ccccc1)c1ccc(cc1)Oc1cc2c(C(=O)N(C2=O)c2ccc(cc2)Oc2ccc(cc2)C2(C3CCC(C2)C3)c2ccc(cc2)Oc2ccc(cc2)*)cc1,tg,245.0,250.76897675257854
*Oc1ccc(-c2ccc(C(*)=O)cc2)cc1Br,egc,3.8867,3.7702091650350753
*Oc1ccc(-c2ccc(C(*)=O)cc2)cc1,ei,6.2671,6.303758566484173
*Nc1ccc(Oc2ccc(*)s2)cc1,ei,5.3817,5.282535871220114
*CCOC(=O)c1ccc2ccc(C(=O)O*)cc2c1,egc,3.9507,3.9052566371457007
*OCC(C*)(CO)C,tg,62.0,39.67560551347496
*C1(C(=O)N(C(=O)C(C1)(*)C)C)C,tg,170.0,190.44275802350518
*c1cc(CCCCCCCCCC2COC(=O)O2)c(*)s1,egc,2.5293,2.5698926054556566
*[Si](C*)(CCCCCC)C,tg,-77.6,-62.02120139562925
*Oc1ccc(cc1)OC(=O)c1c(cc(cc1)C(=O)*)Oc1ccc(cc1)Cl,tg,107.0,101.22223246319852
*NC(F)(F)CC(*)(F)F,eps,3.9,3.9543268696966316
*c1cc2c(C(=O)N(C2=O)c2ccc(cc2)C(=O)NCCNC(=O)*)cc1,tg,235.0,249.24072011270906
*c1ccc(-c2ccc(-c3ccc4nc(Oc5cc(-c6ccccc6)c6cc(*)ccc6n5)cc(-c5ccccc5)c4c3)cc2)cc1,egc,3.3775,3.252652639221645
*C(C*)C(=O)OCCCCCOC(=O)c1ccc(cc1)OC(=O)c1ccc(cc1)C#N,tg,30.0,30.014065080908324
*CCCCCCCCCCCCc1nc2cc3sc(*)nc3cc2s1,egc,4.2887,4.012486437374587
*c1[nH]c(nc1c1ccc(cc1)OC(=O)Nc1cc(c(cc1)c1c(cc(cc1)NC(=O)Oc1ccc(cc1)*)OC)OC)c1ccc(cc1)c1[nH]c(c(n1)c1ccc(cc1)[N+](=O)[O-])c1ccc(cc1)[N+](=O)[O-],tg,223.0,229.61627738703092
*c1cc2c(C(=O)N(C2=O)c2ccc(cc2)Oc2cc3c(cc2)ccc(c3)Oc2ccc(cc2)N2C(=O)c3c(C2=O)cc(cc3)C(=O)Nc2cc(ccc2)Oc2ccc(cc2)NC(=O)*)cc1,tg,263.0,258.0990142550197
*Nc1ccc(cc1)Cc1ccc(cc1)NC(=O)c1cc(cc(c1)NC(=O)CCN1C(=O)c2c(C1=O)cccc2)C(=O)*,tg,235.0,236.8011102782377
*c1[nH]c(nc1c1ccc(cc1)NC(=O)Nc1ccc(cc1)NC(=O)Nc1ccc(cc1)*)c1ccc(cc1)c1[nH]c(c(n1)c1ccc(cc1)[N+](=O)[O-])c1ccc(cc1)[N+](=O)[O-],tg,272.0,259.19399257354524
*Nc1cc(cc(c1)C(=O)OCCCN(c1ccc(cc1)N=Nc1ccc(cc1)S(=O)(=O)C)C)NC(=O)c1cc(cc(c1)OCCCS(=O)(=O)c1ccc(cc1)N=Nc1ccc(cc1)N(C)C)C(=O)*,tg,166.0,170.16778005691117
*Oc1ccc(cc1)S(=O)(=O)c1ccc(cc1)Oc1ccc(cc1)C1(CCCCCC1)c1ccc(cc1)Oc1ccc(cc1)S(=O)(=O)c1ccc(cc1)Oc1ccc(cc1)C=C1C(=O)C(=Cc2ccc(cc2)*)CCCC1,tg,196.0,198.22575561335807
*CC(O*)C(F)(F)F,egb,7.4158,7.807517661486086
*c1cc(C)c(*)cn1,egc,5.1074,4.766677868522063
*c1cc(C=Nc2ccc(C)cc2)c(*)c(OC)c1,egc,3.3765,3.637443355013468
*Nc1c(cccc1)CCc1ccc(cc1)NC(=O)*,tg,197.0,195.19273241777043
*CCOCCOCCOC(=O)CCCCCCC(=O)O*,egb,6.184,6.230938549935825
*C1C(=O)N(C(=O)C1*)C1CCCCC1,tg,205.0,170.38449815331313
*NC(=O)c1cc(cc(c1)NC(=O)c1ccc(cc1)NC(=O)C(CC(C)C)N1C(=O)c2c(C1=O)cccc2)C(=O)NCCCCCC*,tg,200.0,193.3762242191193
*OC(=O)CCCCC(=O)OCC(C*)O,tg,-20.0,-11.899718372101438
*C(C*)(C(=O)OCCc1ccc(cc1)N=Nc1ccc(cc1)OC(F)(F)F)C,tg,209.5,219.09442304057023
*CCOC(=O)CCCCCCC(=O)O*,eps,3.16,3.3463220216373344
*O[Si](CCCC(=O)Oc1ccc(cc1)C=Nc1ccc(cc1)Oc1ccc(cc1)N=Cc1ccc(cc1)OC(=O)CCC[Si](*)(C)C)(C)C,tg,52.0,76.63938742472021
*C(C*)(C(=O)OCCCCCCCCCCOc1ccc(cc1)C#Cc1c(cc(c(c1)OC)C=Cc1ccncc1)OC)C,tg,62.0,48.38004824560029
*C#CC(=C(*)COS(=O)(=O)c1ccc(cc1)C)COS(=O)(=O)c1ccc(cc1)C,tg,-73.0,37.981923940983755
*C(=O)c1ccc(C(=O)c2ccc(*)cc2)cc1,ei,6.4709,6.555271055917885
*Sc1ccc(cc1)C(=O)CNCCCCCCCCNCC(=O)c1ccc(cc1)*,tg,231.0,198.59893231821525
*c1ccc(*)s1,ei,4.5257,4.780910716113337
*OC(=O)CS(=O)(=O)CCS(=O)(=O)CC(*)=O,egc,5.7619,5.786320702965268
*CNc1ccc(C(*)=O)s1,nc,2.0195,2.0257719342392466
*c1ccc(cc1)c1c(cc(c(c1c1ccccc1)c1ccccc1)c1ccc(cc1)c1c(c(c(c(c1)c1ccccc1)c1ccc(cc1)CCCCCCCCCC*)c1ccccc1)c1ccccc1)c1ccccc1,tg,235.0,214.88403429155665
*NC1CCC(CC1)CCC1CCC(CC1)NC(=O)CCCCCCCCCCC(=O)*,tg,105.0,105.5563610191549
*NC(CCCNC(=O)c1ccc(Br)cc1)C(*)=O,egc,4.6803,4.7024536097144995
*N1C(=O)c2c(C1=O)cc(cc2)S(=O)(=O)c1cc2c(C(=O)N(C2=O)c2cc(c(cc2)Oc2c(cc(cc2)*)Br)Br)cc1,tg,281.0,276.0122522340552
*Oc1ccc(cc1)CC(NC(=O)CCc1ccc(cc1)OC(=O)CCCCCCC(=O)*)C(=O)OCCCCCCCC,tg,21.33,23.880661949157272
*Oc1cc(c(cc1)C(=O)c1ccccc1)c1c(ccc(c1)Oc1ccc(cc1)C(c1ccc(cc1)*)(C)C)C(=O)c1ccccc1,tg,156.0,169.41843141249743
*c1cc2c(C(=O)N(C2=O)c2c3c(ccc2)c(ccc3)Oc2ccc(cc2)N2C(=O)c3c(C2=O)cc(cc3)C(=O)Nc2ccc(cc2)c2ccc(cc2)NC(=O)*)cc1,tg,301.0,307.8218944719978
*C(C*)C(=O)NCCC[N+](CCCS(=O)(=O)O)(C)C,tg,141.5,143.2236235730458
*Oc1c(cc(cc1)OC(=O)c1ccc(cc1)OCCCCCCCCOc1ccc(cc1)C(=O)*)C(=O)CC,tg,70.0,86.46125555202053
*NC(=S)NC(*)=S,eea,4.2115,4.06850616757416
*N(CCNC(=O)c1ccc(cc1)[Si](c1ccc(cc1)C(=O)NCC*)(c1ccccc1)c1ccccc1)c1ccc(cc1)/C=C/c1ccc(cc1)[N+](=O)[O-],tg,157.5,165.25549203196925
*N1C(=O)c2c(C1=O)cc(cc2)S(=O)(=O)c1cc2c(C(=O)N(C2=O)c2c(cc(c(c2C)*)C)C)cc1,tg,418.0,406.64899650616286
*C(C*)C(=O)Nc1ccccc1,tg,160.0,91.46516223764736
*OP(=O)(Oc1ccc(cc1)C(c1ccc(cc1)*)(C)C)Oc1c(cccc1Cl)Cl,tg,96.0,98.81769573773869
*NC(=O)c1ccc(cc1)C(=O)NCCCC(CCC*)(C)C,tg,152.0,186.42708611896813
*C1COC2C1OCC2OC(=O)C(NC(=O)CCCCC(=O)NC(C(=O)O*)C(CC)C)C(CC)C,tg,102.0,87.9478982393357
*C(C(*)(Cl)[2H])([2H])[2H],tg,85.0,1.3835938698832382
*C=Nc1ccc(N=Cc2ccc(Sc3ccc(*)o3)o2)cc1,egc,2.5795,2.4190516639062594
*N1C(=O)c2ccc(N3C(=O)C4CCC(C5CCC6C(=O)N(*)C(=O)C6C5)CC4C3=O)cc2C1=O,egc,4.0715,4.187248133742014
*c1cc2c(cc1)oc(=O)c(c2)C(=O)Nc1ccc(cc1)Oc1ccc(cc1)NC(=O)c1c(=O)oc2c(cc(cc2)C*)c1,tg,312.0,313.53545756192227
*Oc1ccc(cc1)c1ccc(cc1)Oc1c(cc(cc1)C(=O)c1ccc(cc1)C(=O)c1cc(c(cc1)*)C(F)(F)F)C(F)(F)F,tg,187.0,187.9029425887024
*C(C*)N1C(=O)CCC1,tg,143.16,113.81308457121479
*N1C(=O)c2c(C1=O)cc(cc2)Oc1ccc(cc1)Oc1cc2c(C(=O)N(C2=O)c2c(cc(cc2)Cc2cc(c(cc2)*)C)C)cc1,tg,268.0,280.30812007431433
*OC(=O)c1cccc(C(*)=O)c1,egc,4.6197,4.287853010812303
*OC(=O)c1ccc(cc1)c1ccc(cc1)c1ccc(cc1)C(=O)OCC(C*)(C)C,tg,100.0,119.45430670861485
*CC(=O)CO*,nc,1.6922,1.7073160048846938
*C=C(*)c1cc(C(F)(F)F)oc1C(F)(F)F,egc,1.9958,2.3450846650166413
*C(C*)(C(=O)OCCCCCCOc1c(cc(cc1)C=CC1=C(C(=C(C#N)C#N)OC1(C)C)C#N)OCCCCCC)C,tg,80.0,82.25370264789078
*c1cccc(N2C(=O)c3ccc(P(=O)(c4ccccc4)c4ccc5c(c4)C(=O)N(*)C5=O)cc3C2=O)c1,egc,3.2222,3.3551854397695884
*C(C*)C(=O)OCc1c(c(c(c(c1Br)Br)Br)Br)Br,tg,181.0,170.22881603045516
*c1sc(cc1CCCCCCCCCC)c1sc(c(c1)CCCCCCCCCC)c1c2c(ccccc2)c(c1)*,tg,22.5,12.561839719093454
*CCCCCOC(=O)NCCSCCCCSCCNC(=O)O*,egc,5.2673,5.2234305913390715
*CS(=O)(=O)C1CC(*)C[N+](C)(C)C1,egc,0.1093,0.8023186728143274
*c1cc2c(C(=O)N(C2=O)c2ccc(cc2)C(c2ccc(cc2)C(c2ccc(cc2)N2C(=O)c3c(C2=O)cc(cc3)C(*)(C(F)(F)F)C(F)(F)F)(C)C)(C)C)cc1,tg,235.4,278.2602977732209
*c1sc(cc1CCOC(=O)NCCCC)*,tg,67.5,55.29627594751251
*NC1CCCC1C(*)=O,egb,6.4002,6.151283054158044
*OC(=O)C*,tg,55.86,51.778919889279294
*OP(=O)(Oc1ccc(*)cc1)OC1CCCCC1,egc,5.2577,5.128745338366372
*C(C*)(CC(=O)OC1CCC1)C(=O)OC1CCC1,tg,60.0,106.54498745671305
*Nc1c2c(ccc1)c(ccc2)NC(=O)c1ccc(cc1)C(=O)*,tg,305.0,324.82997428679585
*CCCC(*)C,egc,7.1052,6.62802063884723
*N=Nc1ccc(cc1)NC(=O)CCC(=O)Nc1ccc(cc1)*,tg,220.0,218.07634836621125
*C(=O)c1ccc(C(=O)c2ccc(*)cc2)cc1,egb,2.9556,3.0792668271384933
*N1C(=O)c2c(C1=O)cc(cc2)Oc1cc2c(C(=O)N(C2=O)c2cc(ccc2)P(=O)(c2cc(ccc2)*)c2cc(cc(c2)C(F)(F)F)C(F)(F)F)cc1,tg,228.0,233.43922510138123
*Nc1cc(NC(=O)c2ccc(-c3ccc(C(*)=O)cc3)cc2)cc(C(=O)OCCOc2ccc(C=CC(=O)c3ccccc3)cc2)c1,egc,3.5149,3.218057040288408
*c1nnc(cc1)Oc1ccc(cc1)C(c1ccc(cc1)O*)(C)C,tg,180.0,164.5584346369742
*CC(CO*)(CSC)CSC,egc,4.984,4.749593479904703
*c1nc(C)nc(N(CCCCCCN(*)c2ccccc2)c2ccccc2)n1,egc,3.751,3.549345084224348
*C(=O)c1ccc2c(c1)C(=O)N(c1ccc(Oc3ccccc3Oc3ccc(N4C(=O)c5ccc(*)cc5C4=O)cc3)cc1)C2=O,egc,2.3823,2.4253830494208057
*Cc1ccc(-c2ccc(C(*)=S)cc2)s1,eps,4.8,4.828673588744663
*c1nc(ccc1)Oc1cc(ccc1)O*,tg,82.0,59.22431838558598
*C1CCN(CC1)C(=C(c1ccc(cc1)C(=O)OCC*)C#N)c1ccc(cc1)OC,tg,171.5,171.13561991845205
*NC(=O)Oc1ccc(*)cc1,nc,1.8802,1.8820462059263336
*Oc1ccc(-c2ccc(C(*)=O)cc2)cc1,egb,3.0847,3.2488478233934903
*CCCCOC(=O)c1ccc(C(=O)O*)cc1,eps,3.59,3.695017964433423
*CC(=O)OCCCCCCOC(=O)Cn1c(=O)c2cc3c(=O)n(*)c(=O)c3cc2c1=O,egc,3.6832,3.46017534567751
*Oc1c(cc(cc1OC)/C=C/c1ccc(cc1)/C=C/c1cc(c(c(c1)OC)OCCCCCC*)OC)OC,tg,90.0,88.91767277450421
*CCOCCOc1ccc(NC=Nc2ccc(O*)cc2)cc1,egc,3.9725,3.7242076478984987
*OC(=O)Nc1c(ccc(c1)NC(=O)OCCN(CC*)c1cc(c(cc1)N=Nc1c(cc(cc1)[N+](=O)[O-])C)C)C,tg,135.0,105.26637706314115
*SSCC*,tg,-27.0,-51.16650065732246
*N1C(=O)c2c(C1=O)cc(cc2)Oc1c(cccc1)Oc1cc2c(C(=O)N(C2=O)c2cc(c(cc2)Oc2ccc(cc2)C2(c3ccccc3c3ccccc23)c2ccc(cc2)Oc2c(cc(cc2)*)C(F)(F)F)C(F)(F)F)cc1,tg,241.0,231.85867731262118
*c1cc2c(C(=O)N(C2=O)c2cc(c(cc2)Oc2ccc(cc2)C(=O)c2cc(ccc2)N2C(=O)c3c(C2=O)cc(cc3)C(=O)*)C(F)(F)F)cc1,tg,242.0,249.60647304067695
*c1sc(cc1)c1sc(cc1)[Si]([Si](*)(CCCC)CCCC)(CCCC)CCCC,tg,-20.0,-15.518788377845306
*C(C*)(C(=O)OCc1ccc2n(c3c(c2c1)cccc3)CCCCCCCCCCCC)C,tg,25.0,30.09939464759925
*OC(=O)Nc1c(ccc(c1)NC(=O)OCCN(CC*)c1ccc(cc1)N=Nc1ccc(cc1)B(c1c(cc(cc1C)C)C)c1c(cc(cc1C)C)C)C,tg,159.0,124.84437695377838
*OC(=O)c1ccc(C(*)=O)s1,nc,1.8811,1.8893481607445433
*C(=O)Nc1ccc(NC(=O)c2ccc3c(c2)C(=O)N(c2ccc(Oc4cccc5c(N6C(=O)c7ccc(*)cc7C6=O)cccc45)cc2)C3=O)cc1,egc,2.8645,2.8816068032100635
*NCCCNC(=O)NC(*)=O,eea,0.6578,0.8861224701139473
*Oc1ccc(OC(*)=O)cc1,eea,1.4499,1.660977811958448
*c1ccc(C(=O)C(F)(F)C(*)(F)F)s1,eea,3.7613,3.677466585974418
*c1ccc(*)n1CCC(=O)OC,egc,2.7978,2.9016661936401786
*c1n(c(cc1)Oc1ccc(cc1)C(c1ccc(cc1)OC*)(C)C)c1ccc(cc1)[N+](=O)[O-],tg,76.75,77.48173266450493
*c1c2C(=O)N(C(=O)c2c(c2ccccc12)c1ccc(cc1)Oc1ccc(cc1)S(=O)(=O)c1ccc(cc1)Oc1ccc(cc1)*)CCCCCCCCCCCC,tg,167.0,174.45714461836369
*CO*,eps,3.72,3.401165002417878
*C(C*)OC(C)C,tg,-7.5,-32.58138961607375
*CCOCCOCCOC(=O)CCCCCCCCC(=O)O*,egc,6.1436,6.339688163112696
*Nc1c2c(ccc1)c(ccc2)N[Se]*,tg,53.0,137.4513287478444
*NC(=O)CCP(=O)(CCC(=O)NCCCCCC*)c1ccccc1,tg,29.0,49.226951953869104
*C(=O)N(*)C(C)C(C)=O,egc,4.4468,4.540359508888772
*Oc1c(c(c(c(c1C)C)Oc1ccc(cc1)NC(=O)c1ccc(cc1)C(=O)Nc1ccc(cc1)*)C)C,tg,310.0,272.83329081414513
*N1C(=O)c2c(C1=O)cc(cc2)Oc1ccc(cc1)C(c1ccc(cc1)Oc1cc2c(C(=O)N(C2=O)c2c(cc(cc2C)Cc2cc(c(c(c2)C)*)C)C)cc1)(C)C,tg,249.0,243.4934889453749
*Oc1c(cc(cc1)Oc1ccc(cc1)C(=O)c1ccc(cc1)*)C(C)(C)C,tg,176.25,166.98327007741568
*c1cc2c(C(=O)N(C2=O)c2cc(c(cc2)c2c(cc(cc2)N2C(=O)c3c(C2=O)cc(cc3)C(=O)*)C)C)cc1,tg,385.0,339.4861051658352
*CCCCCCOC(=O)CCCCCNC(=O)CCCCC(=O)NCCCCCC(=O)O*,egc,5.8108,5.810981967823092
*c1n(c(nn1)c1ccc(cc1)Oc1ccc(cc1)C(c1ccc(cc1)Oc1ccc(cc1)*)(C)C)c1ccc(cc1)C,tg,205.0,216.2561611864678
*OC(=O)c1ccc(cc1)c1ccc(cc1)C(=O)OCCOCCOCC*,tg,20.0,26.972834831139796
*c1cc2c(C(=O)N(C2=O)c2ccc(cc2)Oc2ccc(cc2)N2C(=O)c3c(C2=O)cc(cc3)C(=O)Nc2ccc(cc2)Oc2c(cccc2)c2c(cccc2)Oc2ccc(cc2)NC(=O)*)cc1,tg,241.5,238.30679783769818
*Oc1c(cc(cc1)Oc1ccc(cc1)C(=O)Nc1ccc(cc1)Oc1ccc(cc1)c1ccc(cc1)Oc1ccc(cc1)NC(=O)c1ccc(cc1)*)C,tg,220.0,208.5506794565558
*C(C*)c1ccc(cc1)C(=O)C,tg,115.5,89.12469831069117
*CCCCCCCCCCCCOC(=O)CCCCC(=O)O*,egc,6.8209,6.761595588842723
*C(C*)Cc1cc(ccc1)C,tg,38.75,22.97141071320856
*c1cc2C(c3c(c2cc1)ccc(c3)*)(CC(CCCC)CC)CC(CCCC)CC,tg,27.64,116.78872199383014
*Oc1ccc(cc1)NC(=O)c1c2c(c(cc1)C(=O)Nc1ccc(cc1)Oc1ccc(cc1)C1(C3CC4CC(CC1C4)C3)c1ccc(cc1)*)cccc2,tg,269.0,273.69105415532295
*N1CCC(CC1)OC(=O)c1ccc(cc1)C(=C(*)c1ccc(cc1)OC)C#N,tg,183.0,130.1536203195611
*c1cc2c(C(=O)N(C2=O)c2cc(cc(c2)c2nc3c([nH]2)cccc3)N2C(=O)c3c(C2=O)cc(cc3)C(=O)*)cc1,tg,197.0,276.66446340724315
*C=CC(=O)C(C)=Cc1ccc(Sc2ccc(*)o2)o1,egc,2.9229,2.6487803459472214
*C1c2c(OC1*)cccc2,tg,65.2,169.88276052664338
*C(=O)c1ccc(NC(=S)Oc2ccc(Nc3ccc(*)s3)s2)s1,nc,2.0222,2.1043596113138094
*c1cc2c(s1)-c1sc(-c3sc(-c4sc(*)c5c4OCCO5)c4c3OCCO4)cc1C2=C(C#N)C#N,egc,0.9952,1.2281762480916092
*c1sc(*)c([2H])c1[2H],egc,1.6361,1.8708423569582175
*C(=S)C(F)(F)c1ccc(C(*)(F)F)cc1,nc,1.8005,1.77509260232743
*Oc1c(cc(cc1OC)C=Cc1c(cc(c(c1)C(C)C)C=Cc1cc(c(c(c1)OC)OCCCCCCCC*)OC)C(C)C)OC,tg,85.0,84.65605617120174
*Oc1c(cc(cc1)C1(c2ccccc2c2ccccc12)c1cc(c(cc1)Oc1ccc(cc1)C(=O)c1cc(ccc1)C(=O)c1ccc(cc1)*)C)C,tg,217.0,209.31650825951073
*CCC(C(=O)OC)C(*)C(=O)OC,egc,6.6384,6.549259189079681
*CCCCCOC(=O)NCC(F)(F)C(F)(F)C(F)(F)C(F)(F)CNC(=O)O*,egc,6.5795,6.677731350877548
*N1C(=O)c2c(C1=O)cc(cc2)Oc1ccc(cc1)C(c1ccc(cc1)Oc1cc2c(C(=O)N(C2=O)c2ccc(cc2)S(=O)(=O)c2ccc(cc2)*)cc1)(C)C,tg,240.0,240.82343287282825
*c1cc(COCCCCCCCCOc2ccc(-c3ccc(C#N)cc3)cc2)c(*)s1,egc,2.9654,2.7467550665606923
*Cc1ccc(-c2ccc(O*)s2)s1,ei,5.2494,5.217354653643933
*c1nc(nc(n1)Oc1cc(ccc1)C(=O)Nc1ccc(cc1)c1ccc(cc1)NC(=O)c1cc(ccc1)O*)Sc1ccccc1,tg,279.0,264.0582603610715
*Oc1c(cc(cc1C)C(c1cc(c(c(c1)C)OC(=O)CCCCC(=O)*)C)(C)C)C,tg,93.0,100.59638783393223
*C1COC2C1OCC2OC(=O)C(NC(=O)CCCCCCCCCCC(=O)NC(C(=O)O*)Cc1ccccc1)Cc1ccccc1,tg,76.0,68.37698815388565
*CCCCCCCCCC(=O)N*,egc,6.1321,6.0077877971561175
*Cc1ccc(C(=O)N*)cc1,nc,1.8171,1.8297772064364857
*Oc1ccc2c(c1)C(=O)N(Oc1ccc(C(N3C(=O)CC(*)C3=O)(C(F)(F)F)C(F)(F)F)cc1)C2=O,egc,3.5205,3.588037312285405
*c1c(cc(c(c1)OC)C(=Cc1c(cc(c(c1)OC)C=C(*)C#N)OCCCCCCCCCC)C#N)OCCCCCCCCCC,tg,198.0,174.6057796058138
*CC(=O)C(S1)=CC=C1C(C=C2)=CC=C2*,egc,3.4067,3.2579458188707995
*O[Si](O[Si](O[Si](OC(CCCCC(*)C)C)(C)C)(C)C)(C)C,tg,-94.0,-74.71282497291556
*c1ccc2n(c3c(c2c1)cc(cc3)Nc1ccc(cc1)C(=O)c1ccc(cc1)N*)CC(CCCC)CC,tg,236.06,213.83305058349458
*Oc1ccc(cc1)CC(NC(=O)CCc1ccc(cc1)OC(=O)CCCC(=O)*)C(=O)OCc1ccccc1,tg,66.0,61.82959300497026
*OC(=O)CCCCCC(=O)OCC*,tg,-54.0,-31.989102483570367
*CC(*)C,nc,1.6081,1.630307258197361
*C(=O)NCCCCCCNC(=O)C1COC(*)CO1,egc,5.8235,5.879861683559149
*C(=O)Nc1ccc(S(=O)(=O)c2ccc(NC(=O)c3ccc4[nH]c(-c5cccc(-c6nc7cc(*)ccc7[nH]6)c5)nc4c3)cc2)cc1,egc,3.6016,3.454271901069894
*N1C(=O)c2c(C1=O)cc(cc2)c1cc2c(C(=O)N(C2=O)CC2CC(CCC2)C*)cc1,tg,234.0,218.49032876842998
*Nc1cc(cc(c1)C(=O)Nc1c2C(=O)c3c(C(=O)c2ccc1)cccc3)NC(=O)Nc1ccc(cc1)NC(=O)*,tg,190.0,179.82032224449475
*N1C(=O)c2c(C1=O)cc(cc2)C(=O)Oc1ccc(cc1)c1ccc(cc1)OC(=O)CCC*,tg,132.0,119.87295854796339
*C1OC(C(C(C1NC(=O)C)O)O*)CO,tg,236.5,160.23382236870515
*C(=O)c1ccc2c(c1)C(=O)N(c1ccc(Cc3ccc(N4C(=O)c5ccc(*)cc5C4=O)cc3)cc1)C2=O,egc,2.7406,2.9019115296740563
*NC(=O)c1c(c(c(c(c1Cl)Cl)C(=O)NCCCCCC*)Cl)Cl,tg,268.83,210.14730923862908
*O[Si](CCCCCCOC(=O)C(Oc1ccc(cc1)OC(=O)c1ccc(cc1)c1ccc(cc1)OCCCCCCCCCC[Si](*)(C)C)C)(C)C,tg,35.0,5.015076919407053
*c1cc2c(C(=O)N(C2=O)c2ccc(cc2)N(c2ccc(cc2)N2C(=O)c3c(C2=O)cc(cc3)C(=O)*)c2ccc(cc2)C#N)cc1,tg,315.0,245.34883787248552
*C(C*)(C(=O)OC(C(C)(C)C)C)C,tg,108.0,81.09405157957283
*OC(=O)c1cc(ccc1)C(=O)OCc1ccc(cc1)C*,tg,143.0,111.17458368993482
*O[Si](O[Si](O[Si](c1ccc(cc1)Oc1ccc(cc1)[Si](*)(C)C)(C)C)(C)C)(C)C,tg,-37.0,-45.25829025910192
*c1ccc(-c2ccc(C(F)(F)C(*)(F)F)s2)s1,eea,2.7568,2.8704791054374255
*C(=S)C(=O)C(F)(F)C(*)(F)F,eea,5.1438,4.732610101025527
*Nc1ccc(-c2ccc(C(*)=S)s2)cc1,nc,2.4805,2.4684620489953795
*OC(=S)OC(*)=O,nc,1.7396,1.7699767331325158
*Nc1ccc(C(=O)c2ccc(*)s2)cc1,nc,2.186,2.2247284360755324
*Oc1ccc(OC(=O)c2ccc(C(*)=O)cc2Oc2ccc(F)cc2)cc1,egc,3.4967,3.4026319941209406
*CNC(=S)O*,ei,6.2178,6.317599923352403
*CC(*)n1cc2ccccc2n1,egc,3.7572,3.724267409785432
*CC(*)OC(=O)c1cccnc1,egc,4.7397,4.770687159686146
*c1cc2c(C(=O)N(C2=O)c2c(ccc(c2)C(c2cc(c(cc2)OC(=O)C)N2C(=O)c3c(C2=O)cc(cc3)C(*)(C(F)(F)F)C(F)(F)F)(C(F)(F)F)C(F)(F)F)OC(=O)C)cc1,tg,266.5,262.05140133089054
*c1nc2c(c(c1)c1ccccc1)cc(cc2)c1cc2c(nc(cc2c2ccccc2)c2ccc(cc2)C2(c3ccccc3C(=O)c3ccccc23)c2ccc(cc2)*)cc1,tg,417.0,390.676416135715
*OC1C(CO)OC(*)C(O)C1O,eea,0.8344,0.4237262951809332
*CCCCOC(=O)CCCCCCCCC(=O)O*,egc,6.818,6.8699414400103995
*Cc1ccc(C(=O)O*)cc1,egc,4.9209,4.6538316011872976
*C(C*)c1ccc(cc1)Cl,tg,119.38,117.76157779118927
*OC(=O)Nc1ccc(cc1)Cc1ccc(cc1)NC(=O)OCCN(CC*)c1ccccc1,tg,31.9,74.84170096703023
*C1C2C(C(=O)N(C2=O)c2cc(ccc2)Cl)C(C1)C=C*,tg,204.8,197.4167025246683
*c1oc(nn1)c1c(cc(cc1)*)OCC,tg,231.0,228.73526671901453
*OC(=O)c1ccc(cc1)C(=O)OCCOC(=O)CCCCC(=O)OCC*,tg,6.0,18.194815254074378
*N1C(=O)c2c(C1=O)cc(cc2)c1cc2c(C(=O)N(C2=O)c2cc(ccc2)OCCCCCCCCCOc2cc(ccc2)*)cc1,tg,132.0,136.75059783682647
C13C(C=*)OC(C=*)C1C(=O)N(C2=CC=CC(C(F)(F)F)=C2)C3=O,egc,5.0879,5.097894590512236
*Cc1ccc(Cc2ccc(*)cc2)cc1,egb,4.2049,4.435507132230252
*Oc1ccc(cc1)CC(NC(=O)CCc1ccc(cc1)OC(=O)CCCC(=O)*)C(=O)OC(C)C,tg,68.0,69.0293851249599
*Nc1ccc(cc1)Cc1ccc(cc1)NC(=O)NCCCCCCNC(=O)*,tg,78.0,71.41878192970651
*Nc1cc(cc(c1)C(=O)Nc1ccc2C(=O)c3c(C(=O)c2c1)cccc3)NC(=O)Nc1ccc(cc1)Cc1ccc(cc1)NC(=O)*,tg,168.0,178.37549531953368
*Oc1ccc(cc1)C(=O)N(C(=O)c1ccc(cc1)OCCCCCC*)c1ccc(cc1)Oc1ccccc1,tg,78.0,95.03778442497998
*c1ccc(C(F)(F)NC(*)(F)F)cc1,egb,4.2709,4.430472450167958
*Oc1ccc(cc1)CC(NC(=O)Cc1ccc(cc1)OC(=O)CCCCCCCCC(=O)*)C(=O)OCC,tg,43.0,52.55823854742911
*C1C(C(C(C1)C=C*)C(=O)Oc1ccccc1)C(=O)Oc1ccccc1,tg,96.5,119.08589302338682
*CCCOC(=O)COCC(=O)O*,egc,6.0368,6.039337490577225
*[Si](C=C[Ge](C=C*)(c1ccccc1)c1ccccc1)(c1ccccc1)c1ccccc1,tg,28.0,146.1289636744931
*Oc1ccc(CC(NC(=O)CCc2ccc(OC(=O)CCCCCCC(*)=O)cc2)C(=O)OCC(C)C)cc1,egc,5.1444,5.099800987073582
*Oc1cc(c(cc1)S(=O)(=O)c1c(cc(cc1)Oc1ccc(cc1)C(c1ccc(cc1)*)(C)C)N)N,tg,210.5,196.73981003559882
*=CC2OC(C=*)C3C(=O)N(c1cc(C(F)(F)F)cc(C(F)(F)F)c1)C(=O)C23,egc,5.0857,5.16003530035097
*c1ccc(-c2ccc(-c3cc(-c4ccc(Oc5ccc(-c6cc(*)nc7ccccc67)cc5)cc4)c4ccccc4n3)cc2)cc1,egc,3.4086,3.2729037009193442
*Oc1ccc(cc1)S(=O)(=O)c1ccc(cc1)OC1(C(C(C1(F)F)(F)F)(*)F)F,tg,159.47,167.28958083546766
*c1n(c(nn1)c1ccc(cc1)Oc1ccc(cc1)C(c1ccc(cc1)Oc1ccc(cc1)*)(C)C)c1ccc(cc1)S(=O)(=O)c1ccccc1,tg,198.0,212.51721102405133
*CCOC(=O)c1ccc(C(=O)O*)cc1,eps,3.82,3.9533469405174464
*Oc1ccc(cc1)C(=O)OCCOC(=O)c1ccc(cc1)OCCCC*,tg,53.0,35.11398379134928
*CC(CC(CC(*)c1ccccn1)c1ccccn1)c1ccccn1,ei,6.2005,6.672693454702666
*NC(=O)CCCCCCCCCCC(=O)NCC1CCC(CC1)C*,tg,85.0,90.99490337326154
*OC(=O)OCCCCCC*,tg,-54.25,-26.953817902781633
*N1C(=O)c2c(C1=O)cc(cc2)Oc1cc2c(C(CC32CC(c2ccc(cc32)Oc2cc3c(C(=O)N(C3=O)c3cc(ccc3)*)cc2)(C)C)(C)C)cc1,tg,253.0,208.15647058180465
*C1C2C(C(=O)N(C2=O)CCCCCCCCC)C(C1)C=C*,tg,52.0,52.4537669343161
*c1cccc(-c2nc3ccc(-c4ccc5nc(*)oc5c4)cc3o2)c1,egc,3.2965,2.7771318399309686
*C(C*)C(=O)OCCCCCCCOC(=O)c1ccc(cc1)OC(=O)c1ccc(cc1)C#N,tg,20.0,31.861961120020915
*N(c1ccc(cc1)C(c1ccc(cc1)*)c1ccc(cc1)[N+](=O)[O-])c1ccc(cc1)C,tg,215.0,225.57132972947926
*c1cc(CCCCCCCCCCCCCCCCCCCCCC)c(*)s1,egc,2.9666,2.8916947795843773
*c1cc2c(C(=O)N(C2=O)c2ccc(cc2)c2nc(cc(c2)c2ccc(cc2)OCCCC#N)c2ccc(cc2)N2C(=O)c3c(C2=O)cc(cc3)C(*)(C(F)(F)F)C(F)(F)F)cc1,tg,339.0,356.41893054200614
*c1nc2c(c(c1)c1ccccc1)cc(cc2)C1(c2ccccc2c2ccccc12)c1cc2c(nc(cc2c2ccccc2)c2ccc(cc2)Oc2ccc(cc2)*)cc1,tg,315.0,320.82148110297356
*c1cc2c(C(=O)N(C2=O)c2ccc(cc2)C2(CCC(CC2)C(C)(C)C)c2ccc(cc2)NC(=O)*)cc1,tg,331.0,338.336599084016
*CCC(=S)O*,ei,6.2041,6.114064119041902
*Oc1ccc(cc1)C(c1ccc(cc1)OC(=O)*)CC,tg,128.0,112.31464245641354
*c1cc2c(C(=O)N(C2=O)c2cc(cc(c2)c2sc3c(n2)cccc3)N2C(=O)c3c(C2=O)cc(cc3)C(=O)Nc2ccc(cc2)NC(=O)*)cc1,tg,356.0,351.949723119645
*Oc1ccc(C2(c3ccc(OC(=O)c4ccc(C(*)=O)cc4)cc3)CCc3ccccc32)cc1,egc,3.2587,3.321319872188344
*c1ccc(-c2ccc(-n3c(=O)c4cc5c(=O)n(*)c(=O)c5cc4c3=O)cc2OC(F)(F)F)c(OC(F)(F)F)c1,egc,2.7837,2.6436721412612134
*OP(=O)(Oc1c2c(ccc1)c(ccc2)*)OC1CCCCC1,tg,134.0,130.55724464094845
*NC(=O)CCCCCCCCCCC(=O)NCCCCCCCCCCC*,tg,39.0,56.06705850485929
*C=Cc1ccc(*)s1,egc,2.7814,3.2197456992328477
*N=P(*)(OCCCCCCC)OCCCCCCC,tg,-94.0,-78.03593071504203
*CC(=O)OC(*)=O,ei,8.5901,8.308698413128075
*Oc1ccc(cc1)OC(=O)Oc1ccc(cc1)C(=O)*,tg,74.0,143.93190592474454
*c1nc2c(c(c1)c1ccccc1)cc(cc2)*,tg,415.0,395.5308697174843
*CNCCNC(=O)OC*,eea,0.5903,0.932641040665475
*CNc1ccc(-c2ccc(*)s2)cc1,eps,4.42,4.298506489083888
*Oc1ccc(cc1)S(=O)(=O)c1ccc(cc1)Oc1ccc(cc1)NC(=O)c1cc(cc(c1)NC(=O)c1ccc(cc1)OC(=O)C)C(=O)Nc1ccc(cc1)*,tg,263.0,274.7436479681007
*CCCOC(=O)CCC(=O)O*,egc,6.805,6.685092570457524
*C1C2C=CC(C1C(=O)*)C2,tg,85.5,91.40501018246911
*NC(=O)CCCCCCCCC(=O)NCC1CCC(CC1)C*,tg,89.0,104.5111024139421
*c1ccc(C(=S)c2ccc(C(=S)C(=O)Nc3ccc(-c4ccc(*)s4)cc3)s2)s1,ei,5.6233,5.493524556269285
*OC(F)(F)C(F)(F)C(*)(F)F,egb,9.1214,9.64803423833465
*c1ccc(C(F)(F)CC(*)(F)F)cc1,nc,1.7249,1.7380422857777178
*OC(=O)CCCCC(=O)OCC(C*)CCCCCCOc1ccc(cc1)N=Nc1ccc(cc1)C(F)(F)F,tg,44.0,22.823996632731642
*[Si](CCC*)(O[Si](CCCOc1ccc(cc1)c1ccc(cc1)C#N)(C)C)C,tg,-4.6,16.941892508319217
*Oc1ccc(cc1)C1(c2ccccc2c2ccccc12)c1ccc(cc1)OC(=O)C12CC3(CC(CC(C1)C3)C2)C(=O)*,tg,335.0,275.9267763936847
*C=c1ccc(=c2ccc(=Cc3ccc(*)s3)s2)s1,egb,1.224,1.0673003221017467
*OC(=O)CCCCC(=O)OCCC*,tg,-52.17,-45.28457890977125
*c1sc(cc1CC(=O)OCCCCCCOc1ccc(cc1)N=Nc1ccc(cc1)C#N)*,tg,64.0,58.03234058801039
*NC(=O)c1ccc(O*)s1,nc,1.969,1.9818483587453484
*N1C(=O)c2c(C1=O)cc(cc2)c1cc2c(C(=O)N(C2=O)c2cc(ccc2)C(=O)Nc2ccc(cc2)Oc2ccc(cc2)Oc2ccc(cc2)NC(=O)c2cc(ccc2)*)cc1,tg,244.0,252.02552261540598
*c1sc(*)c2c1OCC(CCCCCC)O2,egc,3.3322,3.103222441778457
*Oc1ccc(cc1)C(c1ccc(cc1)OC(=O)c1ccc(cc1)C(=O)*)(CC)c1ccccc1,tg,243.0,207.7402420007092
*C(C*)(C(=O)OCCCCCCCCCCOc1ccc(cc1)OC(=O)c1ccc(cc1)OCCCCCCCC)C,tg,12.0,23.764746648418797
*OC(C)CCC(C)OC(=O)CCCCC(*)=O,egc,6.4506,6.429940651570228
*C(C*)(C(=O)O[Si](C)(C)C)C,tg,97.5,80.07059433362528
*OC(=O)CCCCCCCCCC(*)=O,egc,6.2966,6.338259112001682
*Nc1nc(*)nc(-c2ccccc2)n1,egc,4.2193,4.102681070185778
*CCOCO*,egc,6.6358,6.306258938273653
*C=CC1CC(*)C2C(=O)N(CCCCCCCCC)C(=O)C12,egb,5.104,4.624733525521474
*Oc1c(cc(cc1Br)C(c1cc(c(c(c1)Br)OC(=O)*)Br)(C)C)Br,tg,206.75,197.62193522319157
*C(C*)OCCOc1ccc(cc1)C=C(C#N)C#N,tg,38.0,60.835932881871656
*[Si](C*)(CCC)CCC,tg,-41.0,-58.140342395077006
*N1C(=O)c2c(C1=O)cc(cc2)C(=O)c1cc2c(C(=O)N(C2=O)CCCC(=O)Nc2ccc(cc2)Cc2ccc(cc2)NC(=O)CCC*)cc1,tg,195.0,190.9064789006354
*N1C(=O)C(CC1=O)Nc1ccc(cc1)Cc1ccc(cc1)NC1C(=O)N(C(=O)C1)c1ccc(cc1)C(=O)Oc1c(cc(cc1C)C(c1cc(c(c(c1)C)OC(=O)c1ccc(cc1)*)C)c1cnccc1)C,tg,186.0,185.70276954007176
*Oc1ccc(cc1)N=Nc1cc(c(cc1)S(=O)(=O)c1c(cc(cc1)N=Nc1ccc(cc1)OC(=O)c1ccc(cc1)N=Nc1ccc(cc1)C(=O)*)[N+](=O)[O-])[N+](=O)[O-],tg,150.0,135.39149168763223
*CCCOC(=O)CCCCCCCCC(=O)O*,egc,6.8385,6.802453047284703
*c1cc(cc(c1)c1oc2c(n1)cccc2)*,tg,250.0,225.03771529667748
*CCCCCCOC(=O)Nc1ccc(C)c(NC(=O)O*)c1,egc,5.2905,4.792641647547233
*Oc1ccc(cc1)C(=Cc1c(cc(c(c1)OC)C=C(c1ccc(cc1)*)c1ccc(cc1)C(F)(F)F)OC)c1ccc(cc1)C(F)(F)F,tg,194.0,179.92001936449353
*Oc1ccc(C(C)(C)c2ccc(OC(*)=O)c(Cl)c2)cc1Cl,egc,4.9898,5.080781486278983
*c1sc(cc1)c1ccc(cc1)C=Nc1cc(ccc1)N=Cc1ccc(cc1)*,tg,150.0,195.52220253820582
*OC1CCC(OC(=O)NCCNC(*)=O)CC1,egc,6.0582,6.080333378125482
*C(OC)=C(OC)c1ccc(*)s1,egc,2.5351,2.463271949054847
*c1ccc(N2C(=O)c3ccc(C(=O)c4ccc5c(c4)C(=O)N(c4ccc6[nH]c(*)nc6c4)C5=O)cc3C2=O)cc1,egc,2.4444,2.75794734560622
*OC(=O)c1ccc(cc1)Cc1ccc(cc1)C(=O)*,tg,122.0,129.08017497853405
*C(C(*)(F)F)(OC(C(C(C(F)(F)F)(F)F)(F)F)(F)F)F,tg,-10.0,-1.7927306549912063
*OC(COCCCC)COC(*)=O,egc,6.2375,6.3742037770144995
*Oc1ccc(cc1)C(c1ccc(cc1)Oc1ccc(cc1)C(=O)c1c2c(ccc1)cccc2C(=O)c1ccc(cc1)*)(C(F)(F)F)C(F)(F)F,tg,213.0,213.13682672032536
*C(=O)c1ccc(C(=O)N2CCN(*)CC2)cc1,egb,4.7036,4.24399877663558
*Nc1cc(C(c2ccc(O)c(NC(=O)c3ccc4cc(C(*)=O)ccc4c3)c2)(C(F)(F)F)C(F)(F)F)ccc1O,egc,3.7695,3.7304530594897614
*CNOc1ccc(*)cc1,eps,3.65,3.652036472291056
*CC(=O)NC(*)=O,ei,5.8547,6.111947925768743
*c1cccc(-c2nnc(*)o2)c1,egc,4.1016,3.453131741112923
*CCc1c(C)c(C)c(*)c(C)c1C,egc,4.9544,4.946093100409301
*OC(=O)OCC(C(C*)OC(=O)OCC)OC(=O)OCC,tg,49.8,5.774907696618479
*Oc1ccc(cc1)C(c1ccc(cc1)OC(=O)OCCN(CCOC(=O)*)c1ccc2[nH]c3c(c2c1)cccc3)(C)C,tg,90.0,96.7756445175207
*N1C(=O)c2c(C1=O)cc(cc2)Oc1ccc(cc1)C1(CCC(CC1)C(C)(C)C)c1ccc(cc1)Oc1cc2c(C(=O)N(C2=O)c2ccc(cc2)Oc2ccc(cc2)C(c2ccc(cc2)Oc2ccc(cc2)*)(C(F)(F)F)C(F)(F)F)cc1,tg,227.0,238.7290110401623
*c1ccc(C(F)(F)NC(*)(F)F)s1,eea,2.4083,2.4766242562004144
*Oc1c(cc(cc1Br)S(=O)(=O)c1cc(c(c(c1)Br)OC(=O)*)Br)Br,tg,196.0,222.23028237135807
*CCCCCCCCCCCCCCCCOC(=O)NCc1ccc(CNC(=O)O*)cc1,egc,5.353,5.388351504535791
*S(=O)(=O)c1ccc(cc1)Nc1c(cc(cc1)C1(c2ccccc2c2ccccc12)c1cc(c(cc1)Nc1ccc(cc1)*)C)C,tg,269.0,227.29353099042174
*N1C(=O)c2c(C1=O)cc(cc2)c1cc2c(C(=O)N(C2=O)c2ccc(cc2)OCCCCCCCCCCOc2ccc(cc2)*)cc1,tg,153.0,162.4274781799973
*c1cc(COCCOCCOC)c(-c2cc(CCCCCCCCCCCC)c(*)s2)s1,egc,1.7176,1.904813301808887
*OC(=O)c1ccc(cc1)C(=O)OCC(CS(=O)(=O)CC(C*)(C)C)(C)C,tg,105.0,93.1488940812203
*C1C(CC(C1)C=C*)(CCCC)C#N,tg,87.0,97.35871275026643
*CNc1ccc(N*)s1,eea,0.5629,0.7324507110311395
*CC(OC)C(C(=O)O)C(*)C(=O)O,egc,6.3287,6.230122460273541
*c1ccc(NC(=O)c2ccc(C(=O)Nc3ccc(-c4nc5ccc(-c6ccc7nc(*)[nH]c7c6)cc5[nH]4)cc3)cc2)cc1,egc,2.5692,2.6426954024678033
*c1cc2c(C(=O)N(C2=O)c2c(cccc2)C(=O)c2ccc(cc2)N2C(=O)c3c(C2=O)cc(cc3)C(=O)*)cc1,tg,286.0,285.51604318248695
*C(C*)(c1cc2c(cc1)cccc2)C,tg,208.0,203.20619449722193
*CC(*)c1ccc(F)cc1,egc,2.0489,3.345440050280986
*CCCCOC(=O)NCc1ccc(CNC(=O)O*)cc1,egc,5.6759,5.8201164142219906
*C1C2C(C(C(C1*)C2)C(=O)OCC12CC3CC(CC(C1)C3)C2)C(=O)OCC12CC3CC(CC(C1)C3)C2,tg,328.0,313.7323275095157
*Nc1cc(ccc1)NC(=O)c1cc(cc(c1)NC(=O)c1ccccc1)C(=O)*,tg,300.0,297.7094490877314
*CC(C1=CC=CC=C1)CC(C2=CC=CC=C2)CC(C3=CC=CC=C3)CC(C4=CC=CC=C4)*,egc,5.2025,4.923430360350442
*Oc1ccc(cc1)CC(NC(=O)CCc1ccc(cc1)OC(=O)CCCC(=O)*)C(=O)OC,tg,76.0,83.31170508361018
*C(C*)c1ccc(cc1)C(=O)OCCC,tg,92.0,71.150588005862
*C1SC(C=C1CCCCCC)*,tg,23.47,-25.24207777569619
*Oc1ccc(cc1)Nc1ccc(cc1)N=Nc1ccc(cc1)Nc1ccc(cc1)*,tg,169.0,166.94002924816593
*C(C(C*)C)(C)C,tg,37.0,44.939783280612176
*c1sc(nn1)c1cc(ccc1)OCCCCCCCCCCCOC(=O)c1ccc(cc1)C(=O)OCCCCCCCCCCCOc1ccc(cc1)*,tg,49.5,45.97788648782873
*c1oc(nn1)c1cncc(c1)c1oc(nn1)c1ccc(cc1)[Si](c1ccc(cc1)*)(c1ccccc1)c1ccccc1,tg,272.0,300.12302633306734
*CC(*)(C)C(=O)OCCc1ccccc1,egc,5.7104,5.40419724149674
*NC(=O)CCCCCCCCCCC*,tg,42.59,35.631256644507985
*OC(C*)COC(C)(C)C,tg,-24.0,-0.5522670230040336
*CC(*)OC(=O)CCC,egc,6.8545,6.500916306160445
*N(c1ccc(cc1)C(=O)*)CCCCCCC,tg,45.9,66.24106032903529
*Oc1ccc(cc1)C(c1ccc(cc1)Oc1ccc(cc1)C(=O)c1c(c(c(c(c1c1ccccc1)c1cc2c(cc1)cccc2)c1cc2c(cc1)cccc2)c1ccccc1)C(=O)c1ccc(cc1)*)(C)C,tg,264.0,267.3775660560141
*COC1CC2CC(O*)C1C2,egc,5.9517,5.937596464979325
*SC(=O)CCCCC*,tg,19.0,-58.789441231303705
*Oc1ccc(cc1)NC(=O)c1ccc(cc1)C(=O)Nc1ccc(cc1)*,tg,184.75,242.9254911692927
*C(=C*)c1ccc(cc1)n1c(=O)c2cc3c(cc2c1=O)c(=O)n(c3=O)c1ccc(cc1)C#C,tg,420.0,307.0350239642004
*c1ccc2c(c1)Cc1cc(*)ccc1-2,egc,3.7772,3.8687681220591315
*C(C*)C(=O)OCCCCCCC,tg,-60.0,-47.25610760395447
*c1sc(*)c(OCCCCCCC)c1C,egc,2.9827,3.217650263334536
*Oc1ccc(C2(c3ccc(OC(=O)c4cccc(C(*)=O)c4)cc3)CCC3CCCCC3C2)cc1,egc,3.6386,3.7285104590692213
*c1nc2cc3c(cc2nc1c1ccccc1)nc(c(n3)c1ccc(cc1)*)c1ccccc1,tg,395.0,360.9519951609491
*Oc1c(cc(cc1c1ccccc1)Cc1cc(c(c(c1)c1ccccc1)OC(=O)CCCCC(=O)*)c1ccccc1)c1ccccc1,tg,115.0,131.12236898809778
*Oc1ccc(cc1)NC(=O)NC1CC(CC(C1)(CNC(=O)Nc1ccc(cc1)*)C)(C)C,tg,274.0,202.63724093476958
*OC(=O)c1ccc(cc1)C(c1ccc(cc1)C(=O)*)(C)C,tg,100.0,111.67625732044395
*OC(F)(F)C(F)(F)C(F)(F)C(*)(F)F,egc,9.0549,8.928021025544043
*CC1CCC(CNC(=O)CCCCCC(=O)N*)CC1,egb,5.2823,5.540349242319635
*CCCC1CCN(C(=O)Nc2ccc(Cc3ccc(NC(=O)N4CCC(*)CC4)cc3)cc2)CC1,egc,4.6275,4.4808284002035235
*Oc1cc(ccc1)NC(=O)c1cc(cc(c1)NC(=O)c1ccc(cc1)OC(=O)C)C(=O)Nc1ccc(cc1)*,tg,251.0,274.167838456709
*CNC(=S)c1ccc(*)cc1,egb,3.1832,2.881161718231939
*c1ccc(*)c2nc(CCCCCCC)c(CCCCCCC)nc12,egc,3.0414,3.072617075656781
*CCC(=O)O*,ei,7.7853,7.5348351360609005
*N1C(=O)c2c(C1=O)cc(cc2)Oc1cc2c(C(=O)N(C2=O)c2ccc(cc2)C(c2ccc(cc2)*)(C)C)cc1,tg,265.0,274.4664820741555
*Oc1ccc(cc1)N1ON1c1ccc(cc1)OCCCCCCOC(=O)C(C(=O)OCCCCCC*)CCCCCP(=O)(O)O,tg,12.0,22.642487558103788
*NC(=O)c1cc(ccc1)C(=O)NCCCC*,tg,141.0,146.48639334482638
*c1nc2c(nc1)cc(cc2)c1cc2c(nc(cn2)c2ccc(cc2)*)cc1,tg,350.0,354.7651305324934
*N1C(=O)c2c(C1=O)cc(cc2)Oc1ccc(cc1)C1(CCCCCCCCCCC1)c1ccc(cc1)Oc1cc2c(C(=O)N(C2=O)c2ccc(cc2)Oc2cc(c(cc2)c2c(cc(cc2)Oc2ccc(cc2)*)C)C)cc1,tg,257.0,254.3611663406037
*Oc1ccc(cc1)C(c1ccc(cc1)Oc1ccc(cc1)C(=O)c1ccc(cc1)C(c1ccc(cc1)C(=O)c1ccc(cc1)*)(C(F)(F)F)C(F)(F)F)(C(F)(F)F)C(F)(F)F,tg,185.0,168.3430752693955
*c1nc2cc3c(cc2c(c1)c1ccccc1)c(cc(n3)c1ccc(cc1)c1ccc(cc1)*)c1ccccc1,tg,392.0,380.8844941643145
*C(C*)C(=O)Oc1ccccc1,tg,101.83,72.1004833498284
*Oc1ccc(cc1)C(c1ccc(cc1)OC(=O)c1ccc(cc1)[Si](c1ccc(cc1)C(=O)*)(C)C)(C)C,tg,180.0,195.2095088763612
*N(c1ccc(cc1)C=C(c1c(cc(c(c1)OCCCCCCCC)C(=Cc1ccc(cc1)*)C#N)OCCCCCCCC)C#N)c1ccccc1,tg,78.0,119.20534975725562
*OC(C*)CCCCCC,tg,-71.67,-70.29892962529328
*C=C(F)C(F)(F)C*,egc,5.7867,6.0174207984301855
*CC(=S)C(C=C1)=CC=C1N*,egc,2.6292,2.6476185861272046
*Oc1ccc(cc1)Oc1ccc(cc1)C(=O)c1c(c(c(c(c1c1ccc(cc1)F)c1ccc(cc1)F)c1ccc(cc1)F)c1ccc(cc1)F)C(=O)c1ccc(cc1)*,tg,266.0,268.3217876804173
*OS(=O)(=O)c1cc(ccc1)S(=O)(=O)Oc1ccc(cc1)C(c1ccc(cc1)*)(CC)C,tg,136.5,126.31875825608327
*c1cc2c(C(=O)N(C2=O)c2ccc(cc2)Cc2ccc(cc2)N2C(=O)c3c(C2=O)cc(cc3)C(*)(C(F)(F)F)C(F)(F)F)cc1,tg,296.35,319.63778663648156
*CC=CCOC(=O)NCCCCCCNC(=O)O*,egc,5.7218,5.750414839325684
*C(C*)C(=O)Oc1c(cccc1)C(C)(C)C,tg,72.0,53.62045791602669
*NC(=O)c1ccc(O*)s1,eps,4.85,4.926142782425395
*C(=O)C(S1)=CC=C1C(=O)C(=S)*,egc,2.2094,2.013012332636524
*Oc1c(cc(cc1)OC(=O)c1ccc(cc1)OCCCCCCOc1ccc(cc1)C(=O)*)S(=O)(=O)c1ccccc1,tg,112.6,133.1291907323935
*c1oc2c(n1)cc(cc2)C(c1cc2c(oc(n2)CN2C(=O)c3c(C2=O)cc(cc3)C(c2cc3c(C(=O)N(C3=O)C*)cc2)(C(F)(F)F)C(F)(F)F)cc1)(C(F)(F)F)C(F)(F)F,tg,225.0,210.4833257593295
*C(C*)OC(=O)c1ccc(cc1)c1ccccc1,tg,84.5,108.22129319677123
*CCCCOC(=O)SNCCCCCCNSC(=O)O*,egc,5.4377,5.415740929575883
*C(C*)C(=O)OCCCCCCOc1ccc(cc1)C(=O)Oc1ccc(cc1)C#N,tg,19.5,34.42418836466246
*CCCCCCCCCCCCCCCCOC(=O)CCCCC(=O)O*,egc,6.7152,6.725021439726656
*[Si](C/C=C\C*)(CCCOc1ccccc1)c1ccccc1,tg,-5.0,-3.7704973443974983
*C(=O)C(F)(F)CC(*)(F)F,nc,1.6107,1.6656007484659645
*NC(=O)CCCCCCCCCCCCCCCCC(=O)NCCCCCCCCCCCCCC*,tg,47.0,53.11587526181507
*C1C2C(C(C(C1*)C2)C(=O)OCCC12CC3CC(CC(C1)C3)C2)C(=O)OCCC12CC3CC(CC(C1)C3)C2,tg,300.0,293.17369004381
*CC#CCOC(=O)CCCCCCC(=O)O*,egc,6.2765,6.336913265858526
*C(=O)c1ccc2c(c1)C(=O)N(c1ccc(OCCOc3ccc(N4C(=O)c5ccc(*)cc5C4=O)cc3)cc1)C2=O,egc,2.4523,2.551868978134746
*CCCP(CCCNC(=O)C(=O)N*)c1ccccc1,egc,4.5841,4.373290002039486
*Oc1ccc(cc1)CC(NC(=O)CCc1ccc(cc1)OC(=O)CCCCCCC(=O)*)C(=O)OCCCCCCCCCCCC,tg,15.0,28.89498092121215
*Cc1ccc(C(=O)c2ccc(*)s2)cc1,ei,6.578,6.592525975852578
*Oc1ccc(cc1)C(c1ccc(cc1)OCC(CN(S(=O)(=O)c1ccc(cc1)c1ccc(cc1)S(=O)(=O)N(CC(C*)O)C)C)O)(C)C,tg,101.0,81.24312345787482
*Oc1ccc(C(=O)NCCCCCCCCCCCCNC(=O)c2ccc(*)cc2)cc1,egc,4.4794,4.532757745806534
*c1cccc2c(-n3c(=O)c4cc5c(=O)n(*)c(=O)c5cc4c3=O)cccc12,egc,2.5506,2.4560807545625623
*c1oc(nn1)c1sc(c(c1)CCCCCCCCCC)c1sc(cc1CCCCCCCCCC)c1oc(nn1)c1c(cc(c(c1)OCCCCCCCC)*)OCCCCCCCC,tg,53.8,57.29960683895502
*CC(=O)O*,nc,1.6701,1.6361606274247162
*Oc1ccc(C(=O)Nc2ccc(Cc3ccc(NC(=O)c4ccc(Oc5nc(*)nc(Sc6ccccc6)n5)cc4)cc3)cc2)cc1,egc,3.3904,3.493407372638995
*C(C*)C(=O)OCCOCCOC(C(F)F)(F)F,tg,-40.0,-45.04961705829485
*C(C*)(C(=O)OCCCCCCCCCOc1cc2c(cc1)cc(cc2)C(=O)Oc1ccccc1)C,tg,18.0,36.19071454649357
*C(C*)C(=O)OCCCCC,tg,-57.0,-47.417936821446546
*CC(*)C(=O)n1sc2ccccc2c1=O,egc,1.2252,1.426784657298124
*c1ccc(Oc2ccc(Oc3ccc(-n4c(=O)c5cc6c(=O)n(*)c(=O)c6cc5c4=O)cc3)cc2)cc1,egc,2.0871,2.015423754342289
*N1C(=O)c2c(C1=O)cc(cc2)Oc1ccc(cc1)C(c1ccc(cc1)Oc1cc2c(C(=O)N(C2=O)c2c(ccc(c2)*)O)cc1)(C)C,tg,246.0,229.47456324565428
*N1C(=O)C2C(C1=O)C(=CC(C2)C1C(=O)N(C(=O)C1)c1c(ccc(c1)*)OCCCCCCCCCCCCCCCC)C,tg,186.0,150.20626022766933
*OC1C(COC(C)=O)OC(*)C(OC(C)=O)C1O,egc,5.6034,5.722549829586893
*c1nc(nc(n1)c1ccc(cc1)Oc1ccc(cc1)Oc1ccc(cc1)*)c1ccccc1,tg,244.0,233.19205627538213
*Nc1ccc(-c2ccc(-c3ccc(*)cc3)s2)cc1,egb,1.8163,2.2639578071104256
*Oc1ccc(cc1)NC(=O)c1ccc(cc1)Oc1ccc(cc1)C(c1cc(ccc1)C(c1ccc(cc1)Oc1ccc(cc1)C(=O)Nc1ccc(cc1)Oc1ccc(cc1)C(c1ccc(cc1)*)(C(F)(F)F)C(F)(F)F)(C)C)(C)C,tg,154.0,137.43639535775986
*CCCCCOC(=O)NC1CC1NC(=O)O*,egc,6.2104,6.349384822303883
*N1C(=O)c2c(C1=O)cc(cc2)c1cc2c(C(=O)N(C2=O)c2cc(ccc2)OCCCCCCOc2cc(ccc2)*)cc1,tg,153.0,138.07356682995191
*N1C(=O)c2c(C1=O)cc(cc2)c1cc2c(C(=O)N(C2=O)c2ccc(cc2)Oc2c(c(ccc2)Oc2ccc(cc2)*)C#N)cc1,tg,271.0,276.9500585147033
*O[Si](*)(CCCOCCOCCOCCOCCOC)CCCOCCOCCOCCOCCOC,tg,-69.8,-67.81693113461212
*c1sc(cc1SCCCC)c1ccc(cc1)c1sc(c(c1)SCCCC)c1ccc(cc1)*,tg,26.4,42.547325683932804
*Oc1ccc(cc1)C(=O)c1ccc(cc1)OCCCCCCOC(=O)OCCCCCCCCCCOC(=O)OCCCCCC*,tg,-13.0,7.740100264980542
*Oc1c(cc(cc1C)C1(CC2C(CC1)CCCC2)c1cc(c(c(c1)C)Oc1ccc(cc1)C(=O)c1cc(ccc1)C(=O)c1ccc(cc1)*)C)C,tg,224.0,221.6196686148635
*O[Si](O[Si](OC(CCCCC(*)C)C)(C)C)(C)C,tg,-87.0,-74.55440042790926
*C(=O)OC(=O)O*,egc,5.0987,5.712659970721994
*c1ccc(Cc2cccc(-n3c(=O)c4cc5c(=O)n(*)c(=O)c5cc4c3=O)c2)cc1,egc,2.6251,2.6671358849981903
*CCCCCCCNC(=O)CCCCCCCC(=O)N*,egc,5.8296,5.83179734374335
*Oc1ccc(cc1)C=CC(=O)OCCN(CCOC(=O)C=Cc1ccc(cc1)OCCCCC*)c1ccc(cc1)N=Nc1ccc(cc1)[N+](=O)[O-],tg,92.0,88.50454806507074
*c1c2c(c(cc1)CC*)cccc2,tg,160.0,126.13885734596532
*NC(=O)C(=S)C(*)=O,egb,1.4363,1.0853177810416323
*C(C*)c1cc(c(cc1)Cl)Cl,tg,128.0,134.56226579645147
*c1cc2c(C(=O)N(C2=O)c2ccc(cc2)N2C(=O)c3c(C2=O)cc(cc3)C(=O)c2ccc(cc2)Oc2ccc(cc2)Oc2ccc(cc2)C(=O)*)cc1,tg,236.0,237.2608988716025
*Oc1ccc(cc1)C1(CCCCCCCCCCC1)c1ccc(cc1)OC(=O)c1ccc(cc1)Oc1ccc(cc1)C1(CCC(CC1)C(C)(C)C)c1ccc(cc1)Oc1ccc(cc1)C(=O)*,tg,181.0,172.63508080954853
*Cc1ccc(NO*)s1,ei,5.1816,5.2282925870743675
*c1cc2c(C(=O)N(C2=O)c2ccc(cc2)Oc2ccc(cc2)C(=O)c2ccc(cc2)C(=O)c2ccc(cc2)Oc2ccc(cc2)N2C(=O)c3c(C2=O)cc(cc3)C(=O)*)cc1,tg,233.0,229.79529340438341
*N1C(=O)c2c(C1=O)cc(cc2)Oc1ccc(cc1)C1(CCC(CC1)c1ccccc1)c1ccc(cc1)Oc1cc2c(C(=O)N(C2=O)c2ccc(cc2)Oc2ccc(cc2)C2(CCC(CC2)C(C)(C)C)c2ccc(cc2)Oc2ccc(cc2)*)cc1,tg,243.0,233.97191289666821
*CC(=O)c1ccc(-c2ccc(*)cc2)s1,egb,2.5123,2.606877231210429
*Cc1ccc(OCOc2ccc(*)c3cccnc23)c2ncccc12,egc,3.5315,3.38783571836602
*C(C*)(C(=O)Oc1ccc(cc1)C(=O)Oc1ccc(cc1)C(=O)c1ccccc1)C,tg,72.0,83.33487963223988
*CCc1ccc(C(*)=S)s1,egb,2.295,2.150725646391715
*C(=C(*)C)[Si](C)(C)C,tg,198.3,195.62240412557128
*C(=O)CC(F)(F)C(*)(F)F,nc,1.6044,1.6196087930952587
*c1cc2c(C(=O)N(C2=O)c2c(cc(cc2)C(c2cc(c(cc2)N2C(=O)c3c(C2=O)cc(cc3)C(*)(C(F)(F)F)C(F)(F)F)O)(C(F)(F)F)C(F)(F)F)O)cc1,tg,303.0,308.92578186661194
*N1C(=O)c2c(C1=O)cc(cc2)Oc1cc2c(C(=O)N(C2=O)c2cc(cc(c2)OCCCCCCCC)*)cc1,tg,185.0,162.7204535163999
*OP(=O)(N=Nc1ccc(cc1)C(=O)c1ccc(cc1)N=NP(=O)(OCCOCC*)OC)OC,tg,33.0,45.9671758398489
*Oc1ccc(C(=S)c2ccc(*)cc2)cc1,ei,5.7685,5.6845091885359
*Oc1ccc(cc1)S(=O)(=O)c1cc2c(cc1)cc(cc2)S(=O)(=O)c1ccc(cc1)Oc1c(cc(c(c1C)C)c1c(c(c(c(c1)C)*)C)C)C,tg,300.0,291.06103297716606
*NC(CCCCNC(=O)NCCCCCNC(*)=O)C(=O)OC,egc,5.5834,5.897303851374249
*Oc1c(cc(cc1c1ccccc1)Cc1cc(c(c(c1)c1ccccc1)OC(=O)CCCCCC(=O)*)c1ccccc1)c1ccccc1,tg,111.0,122.335950065069
*C(=C*)c1c(cccc1)[Ge](C)(C)C,tg,180.0,164.203953050989
*Cc1ccc(CNC(=O)CCCCCCCCCCCCCCCC(=O)N*)cc1,egc,5.288,5.324278520181992
*CCCCCCCCCCOC(=O)CC(C)C(=O)O*,egc,6.5777,6.525324460511088
*Oc1ccc(cc1)P(=O)(c1ccc(cc1)Oc1ccc(cc1)c1ccc(cc1)*)c1ccccc1,tg,229.17,245.8783824555184
*OC(C*)COCCCC,tg,-79.0,-68.73282879436371
*CCCCCCCCCCCNC(=O)CCCCCCCCC(=O)N*,egc,5.9682,5.889975435807711
*OC1CCC(CC1)OC(=O)CCCCCCCCC(=O)*,tg,66.0,43.55533541864241
*CCOCCOC(=O)CCC(=O)O*,egc,6.5538,6.5514658453861525
*CC(*)n1ccc2ccccc21,egc,1.6204,1.8983847561514102
*OC1C(CO)OC(*)C(NC(C)=O)C1O,egc,5.9496,5.9487527156701425
*OCOCCCC*,tg,-83.2,-47.80992417624484
*C1OCOC(C1)C*,tg,68.0,71.27724103991527
*Oc1ccc(cc1)NC(=O)c1c(cccc1)OCC(COc1ccc(cc1)C(c1ccc(cc1)OCC(C*)O)(C)C)O,tg,121.0,122.66083109431271
*Oc1ccc(Oc2cccc(*)n2)c(C)c1,egc,4.4881,4.4760963869398
*N(CC(C*)O)c1cc(c(c(c1)C)N=Nc1c(cc(cc1)[N+](=O)[O-])C)C,tg,149.0,114.26423770195834
*C(C*)(C(F)(F)F)F,tg,46.0,72.6545029458366
*CCCCCCCCNC(=O)CC(=O)N*,egc,6.004,5.954749179708739
*Nc1ccc(Oc2ccc(*)cc2)cc1,eps,4.38,4.598031799650799
*c1cc2c(C(=O)N(C2=O)c2ccc(cc2)N(c2ccc(cc2)N2C(=O)c3c(C2=O)cc(cc3)C(*)(C(F)(F)F)C(F)(F)F)c2ccc(cc2)C#N)cc1,tg,321.0,327.1573047492298
*CC(=O)CC(*)=O,nc,1.7565,1.7627501945873725
*c1cc2c(C(=O)N(C2=O)c2ccc(cc2)C(=O)Nc2ccc(cc2)Oc2cc(ccc2)Oc2ccc(cc2)NC(=O)c2ccc(cc2)N2C(=O)c3c(C2=O)cc(cc3)C(*)(C(F)(F)F)C(F)(F)F)cc1,tg,286.0,261.5529035321532
*OC(=S)c1ccc(C(*)=O)s1,egb,2.3663,2.103656800984805
*c1cc(OCCOC)c(*)s1,egc,1.6015,1.7701478439857017
*OC1C(C(C1(C)C)OC(=O)C1CCC(CC1)C(=O)*)(C)C,tg,169.0,150.34737944731017
*C(F)(F)CC(F)(F)C(=S)*,egc,2.8419,3.260932167750745
*C(=O)c1ccc2c(c1)C(=O)N(c1ccc(Oc3cc4ccccc4cc3Oc3ccc(N4C(=O)c5ccc(*)cc5C4=O)cc3)cc1)C2=O,egc,2.3398,2.3481132050336786
*CCCCCCCCCCOC(=O)CCCCCCCCCCC(=O)O*,egc,6.8187,6.738265613172384
*Oc1c2c(c(cc1)C(=O)c1ccc(cc1)Oc1ccc(cc1)C(c1ccc(cc1)*)(C(F)(F)F)C(F)(F)F)cccc2,tg,190.0,212.59376276997588
*[Si](CCC*)(c1ccc(cc1)C)c1ccc(cc1)C,tg,38.0,33.50004648186118
*OC(=O)NNC(=O)CCCCCCCCC(=O)NNC(=O)OCCCCC*,tg,20.0,36.724177274117736
*c1nc(nc(c1c1ccc(cc1)OC)OCCOC(=O)c1c(ccc(c1)N=Nc1ccc(cc1)OCC)c1c(cc(cc1)N=Nc1ccc(cc1)OCC)C(=O)OCCO*)c1ccc(cc1)OCCCC,tg,126.0,106.11581637515336
*c1ccc(-c2ccc(*)s2)s1,eea,2.9681,2.856198489427735
*Oc1c(cc(cc1)OC(=O)c1c(cc(cc1)c1ccc(cc1)C(=O)*)c1ccccc1)c1ccccc1,tg,148.0,133.50882290462582
*S(=O)(=O)c1cc(c(cc1)Sc1ccc(cc1)Sc1ccc(cc1)Sc1c(cc(cc1)*)S(=O)(=O)O)S(=O)(=O)O,tg,202.0,193.01332429332052
*OC(=O)NC(=O)c1cc(ccc1)C(=O)NC(=O)OCC(C*)CCCCCCCCCCCC,tg,112.0,49.31949481247795
*OCC(=O)NCCCCCCNC(=O)C*,tg,10.0,45.04388395107993
*c1cc2c(C(=O)N(C2=O)c2ccc(cc2)Sc2ccc(cc2)Oc2ccc(cc2)Sc2ccc(cc2)N2C(=O)c3c(C2=O)cc(cc3)C(*)(C(F)(F)F)C(F)(F)F)cc1,tg,232.67,225.69597259534427
*Oc1ccc(cc1)CC(NC(=O)Cc1ccc(cc1)OC(=O)CCCCCCCCC(=O)*)C(=O)OCCCCCC,tg,23.0,26.23158144782445
*CC1CC1COC(=O)NC1CC1NC(=O)O*,egc,6.5515,6.454709541762128
*c1cc2c(C(=O)N(C2=O)c2ccc(cc2)NC(=O)c2cc(ccc2)C(=O)Nc2ccc(cc2)N2C(=O)c3c(C2=O)cc(cc3)C(=O)*)cc1,tg,247.0,257.1864607637465
*CCOCCOCCOC(=O)CCC(=O)O*,egc,6.2323,6.334222513896631
*C(C*)(C(=O)OCc1cc(c(cc1)Cl)Cl)C,tg,34.45,45.63356209967081
*C(C*)(C(=O)OCC1N(CC(C1)NC(=O)OC(C)(C)C)C(=O)OC(C)(C)C)C,tg,127.0,120.83778513412008
*OC(C*)CC(Cl)(Cl)Cl,tg,-36.0,6.3610962507754145
*c1cc(CCOC(=O)C(C)Br)c(*)s1,egc,2.3659,2.1834227025974426
*c1cc2c(C(=O)N(C2=O)c2cc3Cc4c(c3cc2)ccc(c4)N2C(=O)c3c(C2=O)cc(cc3)C(=O)*)cc1,tg,341.5,352.8919723394703
*N1C(=O)c2c(C1=O)cc(cc2)c1cc2c(C(=O)N(C2=O)c2ccc(cc2)Oc2ccc(cc2)Oc2ccc(cc2)Oc2ccc(cc2)*)cc1,tg,228.51,241.08145742281957
*CCCCCCCCCCOCCCCCCCCCCOCCCCCO*,egc,5.9245,6.168212078075263
*N1C(=O)c2c(C1=O)cc(cc2)Oc1ccc(cc1)C1(CCC(CC1)C(C)(C)C)c1ccc(cc1)Oc1cc2c(C(=O)N(C2=O)c2ccc(cc2)Oc2ccc(cc2)C2(C3C4C(CCC4)C(C2)C3)c2ccc(cc2)Oc2ccc(cc2)*)cc1,tg,257.0,248.75349441514462
*C(=O)c1ccc(-c2ccc(-c3ccc(*)s3)s2)s1,nc,2.705,2.660289471981164
*Cc1ccc(-c2ccc(-c3ccc(*)s3)s2)cc1,eea,1.9547,1.8943006567201373
*c1cc2c(C(=O)N(C2=O)c2cc(ccc2)N2C(=O)c3c(C2=O)cc(cc3)C(=O)Nc2ccc(cc2)Oc2ccc(cc2)c2ccc(cc2)Oc2ccc(cc2)NC(=O)*)cc1,tg,292.0,273.8926476535635
*N1C(=O)c2c(C1=O)c(ccc2)c1cc2c(C(=O)N(C2=O)c2ccc(cc2)OCCCOc2ccc(cc2)*)cc1,tg,237.5,244.07210944495708
*Nc1nc(Nn2c(=O)c3cc4c(=O)n(*)c(=O)c4cc3c2=O)nc(N(CCC)CCC)n1,egc,2.5752,2.4726418557682113
*c1ccc(-c2ccc(-c3nnc(*)n3-c3ccc(OC)cc3)cc2)cc1,egc,3.8442,3.6609846295475297
*Oc1ccc(cc1)CC(NC(=O)Cc1ccc(cc1)OC(=O)CCCC(=O)*)C(=O)OCCCCCC,tg,42.0,48.39027459358767
*CC(*)c1cccc2c1OCO2,egc,4.5452,4.724814713408592
*c1ccc(N2C(=O)c3ccc(Oc4ccc5c(c4)C(=O)N(*)C5=O)cc3C2=O)cc1,egc,3.4906,3.3889645008879596
*CCCCCCCc1nc2ccc(-c3ccc4nc(*)[nH]c4c3)cc2[nH]1,egc,4.2077,4.050074919309862
*c1cc2c(C(=O)N(C2=O)c2cc(cc(c2)C(F)(F)F)N2C(=O)c3c(C2=O)cc(cc3)C(*)(C(F)(F)F)C(F)(F)F)cc1,tg,284.0,299.5124340624949
*c1cc2c(cc1OC(=O)COc1ccc3c(c1)oc(=O)cc3)oc(=O)c(c2)C(=O)Nc1cc(ccc1)NC(=O)c1c(=O)oc2c(cc(c(c2)OC(=O)COc2ccc3c(c2)oc(=O)cc3)C*)c1,tg,240.0,227.6676307444653
*Oc1c(c2c(cc1)cccc2)Sc1c2c(ccc1OCC(=O)Nc1ccc(cc1)NC(=O)C*)cccc2,tg,268.0,256.546784940236
*N1C(=O)c2c(C1=O)cc(cc2)c1cc2c(C(=O)N(C2=O)c2cc(ccc2)C(c2cc(ccc2)*)(C(F)(F)F)C(F)(F)F)cc1,tg,267.0,281.16626309293997
*Nc1c(cccc1)CCc1ccc(cc1)NC(=O)NCCCCCCNC(=O)*,tg,150.0,165.02013919747418
*NNC(=O)c1cc(cc(c1)NC(=O)c1cc2c(C(=O)N(C2=O)c2ncccc2C)cc1)C(=O)NNC(=O)CCCC(=O)*,tg,131.7,122.70325075114548
*c1cc2c(C(=O)N(C2=O)c2cc(c(cc2)c2c(cc(cc2)N2C(=O)c3c(C2=O)cc(cc3)C(*)(C(F)(F)F)C(F)(F)F)C(F)(F)F)C(F)(F)F)cc1,tg,321.5,319.4497188675363
*N1C(=O)c2c(C1=O)c(ccc2)Oc1ccc(cc1)C(=O)Nc1ccc(cc1)Oc1ccc(cc1)*,tg,253.0,254.52510434410507
*Oc1c(cc(c(c1)C(c1ccccc1)(C)C)OC(=O)c1ccc(cc1)C(=O)*)C(c1ccccc1)(C)C,tg,170.0,171.05779093787555
*CNc1ccc(O*)s1,eea,0.8203,0.6920544739464146
*CCCCCCNC(=O)CCCCCCCCCCC(=O)N*,egb,6.3994,6.2244300440143245
*c1nc2c(nc1)cc(cc2)c1cc2c(nc(cn2)c2ccc(cc2)Oc2ccc(cc2)Oc2ccc(cc2)*)cc1,tg,195.0,239.62973064892537
*c1nc2c(nc1c1ccccc1)cc(cc2)Oc1ccc(cc1)N1C(=O)c2c(C1=O)cc(cc2)C(c1cc2c(C(=O)N(C2=O)c2ccc(cc2)Oc2cc3c(nc(c(n3)c3ccccc3)c3ccc(cc3)Oc3ccc(cc3)*)cc2)cc1)(C(F)(F)F)C(F)(F)F,tg,267.0,277.73322600548687
*N1C(=O)c2c(C1=O)cc(cc2)c1cc2c(C(=O)N(C2=O)c2ccc(cc2)Oc2c(cc(cc2)C(C)(C)C)Oc2ccc(cc2)*)cc1,tg,257.0,257.68213220901185
*NC(=O)c1ccc(cc1)CC(=O)NCCCC*,tg,84.0,82.50325871402042
*c1sc2cc3c(cc2n1)sc(n3)c1ccc(cc1)Oc1ccc(cc1)*,tg,350.0,347.27867388338274
*c1c2c(c(nn1)c1ccc(cc1)Oc1ccc(cc1)C(c1ccc(cc1)Oc1ccc(cc1)*)(C(F)(F)F)C(F)(F)F)c(c(c(c2c1ccc(cc1)F)c1ccc(cc1)F)c1ccc(cc1)F)c1ccc(cc1)F,tg,285.33,271.7730978893389
*OC(=O)C(F)(F)C(*)(F)F,ei,9.0985,9.362554452727165
*c1cc2c(C(=O)N(C2=O)c2ccc(cc2)NC(=O)Nc2ccc(cc2)N2C(=O)c3c(C2=O)cc(cc3)C(=O)Nc2ccc(cc2)C(=O)c2ccc(cc2)NC(=O)*)cc1,tg,212.0,203.0953737112776
*CC(CSC(C)C)O*,egc,4.8245,4.994321706112726
*CCCCCC(*)C,egc,7.1803,6.859683693968277
*Oc1ccc(cc1)C(c1ccc(cc1)OC(=O)c1cc(ccc1)C(=O)*)(C)C,tg,166.08,160.78971353967754
*N1C(=S)N(C(=O)CC1=O)c1ccc(cc1)Oc1ccc(cc1)C(c1ccc(cc1)Oc1ccc(cc1)*)(C)C,tg,132.0,114.54798429060703
*NCC(F)(F)C(*)(F)F,eea,0.6587,1.4134509470500802
*CCCOC(=O)CC(=O)O*,egc,6.6256,6.768622214873924
*Cc1ccc(Oc2ccc(*)s2)cc1,nc,1.8289,1.835705912182007
*O[Si](O[Si](c1ccc(cc1)[Si](*)(C)C)(C)C)(C=C)C=C,tg,-71.0,-62.54795777974038
*N1C(=O)N(C(=O)C1=O)c1c(ccc(c1)N1C(=O)N(C(=O)C1=O)c1ccc(cc1)CCc1c(cccc1)*)C,tg,255.0,251.49691746060043
*OC(C*)C[N-][N+]#N,tg,-44.57,-26.219400728233875
*OC(=S)c1ccc(C(*)=O)cc1,egb,2.5144,2.485811836016758
*C(C*)C(=O)OCCN(c1ccc(cc1)N=Nc1c(cc(cc1)[N+](=O)[O-])Cl)CC,tg,87.0,96.87727844896055
*C(C*)(C(=O)OC)c1ccccc1,tg,121.0,123.10311996648501
*c1sc(c(c1c1ccccc1)c1ccccc1)c1ccc(cc1)NC(=O)c1ccc(cc1)NC(=O)c1ccc(cc1)[Si](c1ccc(cc1)C(=O)Nc1ccc(cc1)C(=O)Nc1ccc(cc1)*)(C)C,tg,337.0,306.4697636172462
*Nc1c(cc(cc1)NC(=O)c1ccc(cc1)NC(=O)CCCCCCCCC(=O)Nc1ccc(cc1)C(=O)*)C(=O)OCCCCCCCCCCCCCCCCCC,tg,280.0,227.87110149560357
*CCCCCCCCCCOC(=O)CCC=CCCC(=O)O*,egc,6.0842,6.113632354175677
*CCNC(=O)c1ccc(O*)cc1,egc,5.0314,5.08484409160933
*C=C(*)c1cccc(Br)c1,egc,0.2843,0.5819536410055673
*OC(C*)c1ccccc1,tg,32.38,72.63055045348432
*Nc1ccc(C(=O)C(*)=S)cc1,ei,6.3689,6.314705369779857
*Oc1ccc(cc1)C(c1ccc(cc1)OCC(C*)OC(=O)c1c(cccc1)Cl)(C)C,tg,66.0,78.31411381463933
*C(C*)C(=O)OC12CC3CC(CC(C1)C3)C2,tg,153.0,175.44850336045678
*N(c1ccc(cc1)C(c1ccc(cc1)*)c1ccc(cc1)OCCCC)c1ccc(cc1)C,tg,170.0,140.63619018448745
*C(=O)C(C=C1)=CC=C1C(=S)C(C=C2)=CC=C2*,egc,2.9419,2.620129066728319
*c1ccc(-c2sc(-c3cc(SCCCC)c(*)s3)cc2SCCCC)cc1,egc,2.4731,2.2690747905971866
*C(C(CCCCCCCCC*)c1ccc(cc1)O)c1c(cc(cc1)O)C,tg,-1.0,10.67752704419169
*Nc1ccc(-c2ccc(NC(=O)c3cc(NC(=O)c4ccncc4)cc(C(*)=O)c3)cc2)cc1,egc,3.2688,3.1962743530710385
*Cc1ccc(-c2ccc(C(*)=S)cc2)cc1,eea,2.7075,2.710803998382777
*CCCCCCCCCNC(=O)CCCCCCCCCCCC(=O)N*,egc,5.7342,5.905807139186116
*CCCCCCCCCCc1nnc(*)n1N,egc,5.6319,5.481048572723898
*C1CC2CC(CC(C1)O2)OC(=O)O*,tg,207.0,198.02946056285492
*OC(CCOC(=O)c1ccc(cc1)c1ccc(cc1)C(=O)*)C,tg,86.83,118.96734264057103
*Oc1ccc(C(=S)c2ccc(*)cc2)cc1,egb,1.7412,1.9352983174926643
*c1nc2cc3c(cc2nc1)nc(cn3)c1ccc(cc1)Oc1ccc(cc1)*,tg,353.0,346.24981641245154
*c1cc2c(C(=O)N(C2=O)c2c(cccc2)c2ccc(cc2)N2C(=O)c3c(C2=O)cc(cc3)C(=O)*)cc1,tg,305.0,300.82395422399367
*C(=C*)C(CCCCCCC)[Si](C)(C)C,tg,150.0,182.27203887297722
*N1C(=O)c2c(C1=O)c(c(c(c2c1ccccc1)c1ccccc1)c1ccc(cc1)c1c(c2c(C(=O)N(C2=O)c2cc(ccc2)Oc2cc(ccc2)Oc2cc(ccc2)*)c(c1c1ccccc1)c1ccccc1)c1ccccc1)c1ccccc1,tg,280.0,306.05906427620636
*OP(=O)(OCCOc1ccc(cc1)S(=O)(=O)c1ccc(cc1)OCC*)Oc1ccc(cc1)[N+](=O)[O-],tg,56.0,58.1451308098045
*c1cc2c(C(=O)N(C2=O)c2ccc(cc2)Oc2ccc(cc2)C(c2ccc(cc2)Oc2ccc(cc2)N2C(=O)c3c(C2=O)cc(cc3)C(*)(C(F)(F)F)C(F)(F)F)(C)C)cc1,tg,244.4,249.8649147053889
*c1ccc2c(nc([nH]2)c2cc(ccc2)c2nc3c([nH]2)ccc(c3)C(=O)Nc2cc(cc(c2)c2nc3c([nH]2)cccc3)NC(=O)*)c1,tg,315.0,336.2995202812432
*C=Cc1ccc(*)nc1,egc,1.9268,1.9300429496224485
*Oc1ccc(cc1)C1(c2ccccc2c2ccccc12)c1ccc(cc1)OC(=O)c1ccc(cc1)C(=O)*,tg,285.0,302.84304608633545
*Oc1ccc(C2(c3ccc(OC(=O)OC4C(C)(C)C(OC(*)=O)C4(C)C)cc3)CC3CCC2C3)cc1,egc,4.7221,4.70634923827097
*Cc1ccc(C[n+]2ccc(-c3cc[n+](*)cc3)cc2)cc1,egc,2.0993,2.394659520912591
*OC(=O)CCCCCCCCC(=O)OCC(=O)NCCCCCCNC(=O)C*,tg,2.0,11.104769396889669
*Oc1ccc(cc1)N=CNc1ccc(cc1)OCCOCC*,tg,62.0,84.92238760887324
*C(C*)c1ccc(cc1)C(C)C,tg,62.4,116.29879004320058
*NC(=O)c1ccc(C(*)=S)cc1,ei,6.3279,6.2817040039584695
*C(C*)C1CCCC1,tg,75.0,28.231582764031465
*C(F)(F)C(F)(F)C(F)(F)C(*)(F)C(F)(F)F,egc,8.4323,7.909639223393532
*NNC(=O)c1cc(cc(c1)NC(=O)c1cc2c(C(=O)N(C2=O)c2ncccc2C)cc1)C(=O)NNC(=O)C(=O)*,tg,134.1,127.49326709675029
*c1[nH]c(*)c(C(=O)O)c1C,egc,3.2017,3.397108873390944
*CCCCCCCCCCCCC(=O)O*,egc,6.7386,6.786718623496827
*CC(*)c1cccc(C)c1,egc,5.185,5.181915202399818
*c1ccc(C(=O)C(F)(F)C(*)(F)F)cc1,nc,1.8174,1.8037477517901384
*CC(CCl)(CBr)COC(=O)CCCCC(=O)O*,egc,6.6998,6.548045234429573
*Nc1cc(C(c2ccc(O)c(NC(=O)c3ccc(C(*)=O)cc3)c2)(C(F)(F)F)C(F)(F)F)ccc1O,egc,3.6515,3.687478905528677
*c1cc2c(cc1)cc(cc2)C(=Cc1c(cc(c(c1)OC)C=C(*)c1ccc(cc1)F)OC)c1ccc(cc1)F,tg,208.0,182.26784151851768
*NC(=O)Nc1ccc(*)s1,egb,3.137,3.058097377545343
*CCCCOC(=O)OCC1CCC(COC(=O)O*)CC1,egc,7.0222,7.061040275990548
*C(C*)(CCC(C(=O)OC)C)C(=O)OC,tg,34.0,70.94170244021936
*Nc1cc(OCC)c(*)cc1OCC,egc,3.3635,3.5022736605092337
*C(=C(*)Cl)CCCC,tg,190.0,143.91370914654277
*OCC(C*)(C)C,tg,-50.0,3.9809468203041183
*C1C(C(C(C1)C=C*)C(=O)OCCCCCCOc1ccc(cc1)c1ccc(cc1)C#N)C(=O)OCCCCCCOc1ccc(cc1)c1ccc(cc1)C#N,tg,41.93,34.81707436961806
*C(C*)(C(=O)Nc1cc(ccc1)c1oc(nn1)c1ccccc1)C,tg,65.0,111.79569935210853
*NC(=O)CCCCCCCCCCCCCCCCCCC(=O)NCCCCCCC*,tg,46.0,49.21998275155644
*c1ccc(-c2cnc3cc(S(=O)(=O)c4ccc5nc(*)cnc5c4)ccc3n2)cc1,egc,3.1704,3.271452272295947
*Nc1c(cc(cc1)NC(=O)c1ccc(cc1)NC(=O)CCCCCCCCCCC(=O)Nc1ccc(cc1)C(=O)*)C(=O)OCCCCCCCCCCCCCCCC,tg,199.5,217.40329971163328
*c1cc(CCCCCCCCCC(O)CO)c(*)s1,egc,2.497,2.5833680476160987
*OS(=O)(=O)c1cc(S(=O)(=O)Oc2ccc(C3(c4ccc(*)cc4)CCCC3)cc2)ccc1C,egc,3.9679,3.8257469517121776
*CCCCCCCCNC(=O)NCCCCCCNC(=O)N*,egc,5.7995,5.752534646003399
*[Si](C*)(c1ccccc1)C,tg,28.0,28.77381246470888
*N1C(=O)c2c(C1=O)cc(cc2)C(=O)Oc1ccc(cc1)OC(=O)c1cc2c(C(=O)N(C2=O)CCCOCCCCOCCC*)cc1,tg,56.0,40.33644643442883
*OC(=O)OCCCCCCCCCCOC(=O)OC1COC2C(*)COC12,egc,6.8143,6.693309251301184
*CCCCOC(=O)c1cccc(C(=O)O*)c1,egc,5.1711,4.995561521526663
*c1ccc(Oc2ccc(Oc3ccc(N4C(=O)C5CCC6C(=O)N(*)C(=O)C6C5C4=O)cc3)cc2)cc1,egc,4.5419,4.781456681342854
*c1[nH]nc(c1)c1ccc(cc1)Oc1ccc(cc1)S(=O)(=O)c1ccc(cc1)Oc1ccc(cc1)*,tg,260.0,259.7770613520314
*Cc1ccc(C(=S)O*)cc1,egb,3.1473,2.83674091629364
*N1C(=O)c2c(C1=O)cc(cc2)c1cc2c(C(=O)N(C2=O)c2ccc(cc2)Oc2ccc(cc2)C(=O)c2ccc(cc2)Oc2ccc(cc2)*)cc1,tg,253.0,247.24277610908487
*N(CC*)C(=O)c1c(cc(cc1F)F)F,tg,135.0,143.80013715222273
*Oc1c2c(c(cc1)c1c3c(c(cc1)OCCC*)cccc3)cccc2,tg,173.5,150.43422990857076
*Cc1ccc(-c2ccc(-c3ccc(*)s3)s2)cc1,ei,5.1679,5.2407801398303
*C(C*)(C(=O)OCCCCc1ccccc1)C,tg,9.0,15.251033621098859
*CCC1CCC(*)C1,egb,7.9915,7.401889340873842
*Oc1ccc(cc1)C(c1ccc(cc1)OC(*)(Oc1ccccc1)Oc1ccccc1)(C)C,tg,92.0,106.35127995413
*C(C*)OC(=O)c1ccc(cc1)[Si](C)(C)C,tg,125.25,109.10137546347933
*CCCCCCCCCNC(=O)CCCCCCCC(=O)N*,egc,5.928,5.920290576009772
*NC(CCCCNC(=O)NCCNC(*)=O)C(=O)OC,egc,5.4494,5.903218467238356
*CCc1ccc(O*)cc1,eps,3.46,3.4221433042858473
*c1cc2c(C(=O)N(C2=O)c2cc(cc(c2)C(=O)c2ccccc2)N2C(=O)c3c(C2=O)cc(cc3)C(=O)*)cc1,tg,282.0,273.4969858520855
*Oc1ccc(C(=O)c2ccc(OC(=O)OC3C(C)(C)C(OC(*)=O)C3(C)C)cc2)cc1,egc,4.4802,4.677226824898076
*OC(=S)Oc1ccc(*)s1,eea,2.5249,2.3757004032412303
*N1C(=O)c2c(C1=O)cc(cc2)Sc1ccc(cc1)Sc1ccc(cc1)Sc1cc2c(C(=O)N(C2=O)c2ccc(cc2)Sc2sc(cc2)Sc2sc(cc2)Sc2sc(cc2)Sc2ccc(cc2)*)cc1,tg,177.0,186.4465903099304
*c1cc(CC(=O)OCCCCCCCC)c(*)[nH]1,egc,3.192,3.15247854239343
*C1C2CC(C(C1*)C2)C,tg,350.0,249.93983830516598
*O[Si](Oc1ccc(cc1)C(c1ccc(cc1)*)(C)C)(C)C,tg,45.0,72.74805608076977
*NC(C=C1)=CC=C1OC(C=C2)=CC=C2*,egc,3.6519,3.5439814258749696
*CC(CO*)(CSC(C)C)CSC(C)C,egc,4.6686,4.457576661170379
*CC(*)C(=O)c1ccc(CC)cc1,egc,4.27,4.090582083731707
*Oc1ccc(NC(=C(C#N)C#N)c2ccc(-c3ccc(-c4ccc(C(Nc5ccc(*)cc5)=C(C#N)C#N)cc4)cc3)cc2)cc1,egc,3.7835,3.5046760290727113
*Nc1ccc(*)cc1,ei,4.9916,4.914981668527421
*C(C*)C(=O)OCCCSC,tg,-65.0,-69.99627294226163
*C(C*)(C(=O)OC(C(C(C(C(C(C(C(F)(F)F)(F)F)(F)F)(F)F)(F)F)(F)F)(F)F)(F)F)C,tg,49.0,21.333842139870228
*C1=C(CCCCCC)C(CCCCCC)=C(c2sc(-c3sc(*)c4c3OCCO4)c3c2OCCO3)S1(=O)=O,egc,1.3792,0.9621319084686722
*CCCCCCCCCCOC(=O)CCC(=O)O*,egb,6.6201,6.63845806699575
*N1C(=O)C(=C(C1=O)Cl)Oc1ccc(cc1)C(c1ccc(cc1)OC1=C(C(=O)N(C1=O)c1ccc(cc1)Cc1ccc(cc1)*)Cl)(C)C,tg,172.0,173.4730351947146
*CC(O*)c1ccco1,egc,5.0251,5.151458384012483
*C(*)O,egc,6.4482,6.959808366495574
*CCCCCCOC(=O)NCCSCCCCSCCNC(=O)O*,egc,5.4298,5.245462981542599
*Oc1ccc(cc1)S(=O)(=O)c1ccc(cc1)Oc1c(cc(cc1)c1ccc(cc1)c1cc(c(cc1)*)C(F)(F)F)C(F)(F)F,tg,214.0,225.39114224450228
*CCc1cnc(*)cn1,egc,4.5671,4.485616130770779
*OC(=O)CCCCCCC(=O)OCCC*,tg,-58.75,-38.89509303603716
*N1C(=O)c2c(C1=O)cc(cc2)P(=O)(c1cc2c(C(=O)N(C2=O)c2ccc(cc2)Oc2ccc(cc2)*)cc1)c1ccccc1,tg,318.0,292.5972212732377
*CCCCCCOC(=O)NCCSCCCCCSCCNC(=O)O*,egc,5.2279,5.317903066169566
*Oc1c2c(c(cc1)c1c3c(c(cc1)OCCCCC*)cccc3)cccc2,tg,151.0,147.3763715513527
*CC(C)(CCl)O*,egc,5.7953,5.915051487876998
*CCOC(=O)Cc1ccc(CC(=O)O*)cc1,egc,5.1252,5.202282085534004
*Oc1ccc(cc1)C(c1ccc(cc1)OC(=O)*)CCC,tg,110.33,128.2947876749423
*NC(F)(F)NC(*)(F)F,egb,8.2637,8.084641241942501
*CCCCCCCCCCCCC(=O)N*,egc,6.0892,6.018045352247517
*Oc1ccc(CC(NC(=O)Cc2ccc(OC(=O)CC(C)CCC(*)=O)cc2)C(=O)OCCCCCC)cc1,egc,4.8662,5.003503138462462
*CC(=O)NCCCCCCNC(=O)CO*,egc,6.0674,5.954648187127165
*N1C(=S)N(C(=O)CC1=O)c1ccc(cc1)Oc1cc2c(cc1)ccc(c2)Oc1ccc(cc1)*,tg,151.5,153.76628449113412
*Oc1ccc(cc1)C1(CCC(CC1)C(C)(C)C)c1ccc(cc1)Oc1ccc(cc1)C(=O)Oc1ccc(cc1)C1(CCC(CC1)c1ccccc1)c1ccc(cc1)OC(=O)c1ccc(cc1)*,tg,172.0,152.23471152424406
*Oc1ccc(cc1)C1(c2ccccc2c2ccccc12)c1ccc(cc1)Oc1ccc(cc1)C(=O)c1c2c(ccc1)cccc2C(=O)c1ccc(cc1)*,tg,269.0,259.55599181019653
*NC(=S)c1ccc(O*)s1,ei,6.1012,6.178146838928477
*S(=O)(=O)c1ccc(cc1)N=CNc1ccc(cc1)*,tg,163.0,162.2587008713072
*CC(CS(C)(=O)=O)O*,egc,5.2613,5.286600103518543
*C(=O)OC1=NCCN1*,egc,5.1364,5.309364977035372
*CCCC(*)=S,nc,1.7702,1.8076469394608432
*CCN(CCOC(=O)c1cccc(C(=O)O*)c1)c1ccccc1,egc,3.0504,3.2960248400216665
*C(C*)OC(=O)c1ccc(cc1)C(C)(C)C,tg,116.8,89.02546759777744
*N1C(=O)C(CC1=O)Nc1ccc(cc1)N(c1ccc(cc1)NC1C(=O)N(C(=O)C1)c1ccc(cc1)Cc1ccc(cc1)*)c1ccc(cc1)[N+](=O)[O-],tg,276.0,288.8300214932564
*Cc1ccc(Nc2ccc(*)s2)s1,egb,3.6624,3.5859860835316253
*c1oc(nn1)c1ccc(cc1)Oc1ccc(cc1)NC(=O)CN1C(=O)c2c(C1=O)cc(cc2)C(c1cc2c(C(=O)N(C2=O)CC(=O)Nc2ccc(cc2)Oc2ccc(cc2)*)cc1)(C(F)(F)F)C(F)(F)F,tg,263.0,289.7811908064404
*NNC(=O)c1ccc(C(*)=O)cc1OCCCCCCCCCC,egc,4.1107,4.103174446877377
*c1ccc(-c2nc3ccc(-c4ccc5nc(*)c(-c6ccccc6)nc5c4)cc3nc2-c2ccccc2)cc1,egc,3.1693,3.0705170129996735
*[Si](c1c(cccc1)C*)(C)C,tg,48.0,78.15706805494199
*CC(*)c1nc(C)nc(C)n1,egc,5.2445,5.244365213359698
*OC(=O)c1ccc(C(*)=O)s1,ei,7.3658,7.492010182141353
*Cc1ccc(CC(*)=S)s1,egb,2.5553,2.6744374404322224
*Nc1ccc(NC(*)=S)s1,nc,2.19,2.1962999898310436
*c1ccc2N(c3c(Sc2c1)cc(cc3)c1sc(cc1)c1sc(cc1)*)CCCCCCCCCC,tg,142.0,153.0089480521114
*CC(=S)NO*,eea,2.2076,2.1809240459025077
*CCOc1ccc(C(=O)OC(=O)c2ccc(C(=O)OC(=O)c3ccc(O*)c(OC)c3)cc2)cc1OC,egc,3.2659,3.262526737243385
*S(=O)(=O)c1ccc(cc1)NC(=O)c1ccc(cc1)NC(=O)c1ccc(cc1)[Si](c1ccc(cc1)C(=O)Nc1ccc(cc1)C(=O)Nc1ccc(cc1)*)(C)C,tg,315.0,307.25851782315186
*CCCCCCC(=O)N*,egb,5.9361,6.114023571651407
*OC(F)(F)C(=O)C(*)(F)F,ei,8.7917,8.730658582846933
*C(C*)c1c(c(c(c(c1F)F)C(F)(F)F)F)F,tg,112.0,102.80561170698914
*[Si](CC(C*)c1ccccc1)(C)C,tg,5.67,-18.133121844701527
*C(C*)c1cc(ccc1)B(O[Si](C)(C)C)O[Si](C)(C)C,tg,35.0,52.799959402677516
*OC(C)COC(=O)CCCCCCCCC(*)=O,egc,6.952,6.772428944254544
*Oc1ccc(Sc2ccc(*)cc2)cc1,egc,4.5667,4.304498571923048
*CC1CCCC(CNC(=O)CCCCCCC(=O)N*)C1,egc,5.9323,5.95253816821009
*CC(F)(F)C(F)(F)C(F)(F)COC(=O)NCCCCCCNC(=O)O*,egc,6.3766,6.631286163893379
*N1C(=O)c2c(C1=O)c(ccc2)c1cc2c(C(=O)N(C2=O)c2cc(ccc2)C(=O)Nc2ccc(cc2)Oc2ccc(cc2)C(c2ccc(cc2)Oc2ccc(cc2)NC(=O)c2cc(ccc2)*)(C)C)cc1,tg,261.0,258.1702036993459
*Oc1ccc(cc1)Oc1ccc(cc1)Oc1cc(ccc1)C(=O)Oc1ccc(cc1)c1ccc(cc1)OC(=O)c1cc(ccc1)*,tg,119.0,152.62615017220847
*NC(=O)CCCCCCCC1C=CC(C(C1CCCCCCCC(=O)NCCCCCC*)CCCCCCCC)CCCCCC,tg,-10.0,58.49217710941549
*Oc1c(cc(cc1C)C1(CC2C(CC1)CCCC2)c1cc(c(c(c1)C)Oc1ccc(cc1)C(=O)c1ccc(cc1)*)C)C,tg,251.0,250.4866692508154
*N1C(=O)c2c(C1=O)c(ccc2)c1cc2c(C(=O)N(C2=O)c2cc(ccc2)C(=O)Nc2cc(ccc2)S(=O)(=O)c2cc(ccc2)NC(=O)c2cc(ccc2)*)cc1,tg,261.0,260.08502269949213
*Oc1ccc(Cc2ccc(OC(=O)OCC3CCC(COC(*)=O)CC3)cc2)cc1,egc,5.1271,5.133934297425538
*C(=O)c1ccc2c(c1)C(=O)N(c1ccc(Oc3cccc(N4C(=O)c5ccc(*)cc5C4=O)c3)cc1)C2=O,egc,2.4357,2.5829835560141734
*C(C*)(C(=O)NC1C(OC(C(C1O)O)CO)O)C,tg,100.0,114.07770413504579
*OC(=O)CCC*,tg,-28.78,-10.819899309167274
*NC(=O)NC(*)=O,egb,3.9867,3.8613922717153453
*CNc1ccc(O*)cc1,ei,5.1109,5.095261546824765
*C=CC(C(*)C(=O)OCCCN(c1ccc(cc1)N(C)C)C)C,tg,16.0,43.48867978851501
*Oc1ccc(cc1)N=C(c1ccc(cc1)Oc1ccc(cc1)C(c1ccc(cc1)Oc1ccc(cc1)C(=Nc1ccc(cc1)*)c1ccccc1)(c1ccccc1)c1ccccc1)c1ccccc1,tg,177.0,173.6147693280385
*c1c(cc(c(c1)C)CC*)C,tg,95.0,98.6386770092186
*Oc1ccc(cc1)c1ccc(cc1)OC(=O)c1c(cc(cc1)C(=O)*)Sc1cc2c(cc1)cccc2,tg,141.0,144.59968434223796
*c1oc(nn1)c1ccc(cc1)Oc1c2c(c(cc1)C=Cc1ccc(cc1)Oc1ccc(cc1)*)cccc2,tg,213.0,223.97952293193006
*C=C(*)c1cccs1,egc,3.6662,2.940417212300191
*C(=O)c1ccc2c(c1)C(=O)N(c1ccc3c(c1)C(=O)c1cc(N4C(=O)c5ccc(*)cc5C4=O)ccc1-3)C2=O,egc,2.5033,2.3353484059421024
*Oc1ccc(cc1)NC(=O)CCCCCCCCCCC(=O)Nc1ccc(cc1)*,tg,150.0,145.91254223886787
*C(C*)(CC(=O)OC(C)C)C(=O)OC12CC3CC(CC(C1)C3)C2,tg,180.0,182.65847604680152
*OC(=O)c1ccc(cc1)N=CNc1ccc(cc1)C(=O)OCCOCC*,tg,77.0,75.68166779530358
*c1ccc(-c2nc3cc(-c4ccc5nc(*)c(-c6ccc7ccccc7c6)nc5c4)ccc3nc2-c2ccc3ccccc3c2)cc1,egc,2.9636,3.0099610975131843
*C(C*)(C(=O)OC)F,tg,142.0,106.84896345787709
*Nc1ccc(-c2ccc(-c3ccc(*)s3)s2)s1,eps,7.17,7.794716506819408
*C(=O)Oc1ccc(OC(=O)N2CCN(*)CC2)cc1,egc,5.2692,5.434675942848861
*S(=O)(=O)C(C*)CC(C)C,tg,23.0,-26.843197305552987
*C(C*)C(=O)n1c2ccccc2c2ccccc12,tg,47.8,145.23871775557095
*C1CC2CC(CC(C1)O2)OC(=O)NC1CCC(CC1)CC1CCC(CC1)NC(=O)O*,tg,225.0,174.597135641388
*CC1(*)CCCCC1,egc,6.3291,6.7077917760740515
*C(C*)OC(=O)C(C(C(C)C)C)(C)C,tg,50.0,61.23390337393518
*C(C*)C(=O)C,tg,83.33,6.394545647784558
*C(C*)c1c(cccc1)Br,tg,148.5,150.0468791348192
*N1C(=O)c2c(C1=O)cc(cc2)C(c1cc2c(C(=O)N(C2=O)CCCCCCCCC*)cc1)(C(F)(F)F)C(F)(F)F,tg,122.5,107.74412023972036
*O[Si](OC(CC*)C)(C)C,tg,-88.0,-54.63107672808899
*Oc1ccc(cc1)C(c1ccc(cc1)OC(=O)c1cc(ccc1)C(=O)*)(c1ccccc1)c1ccccc1,tg,229.0,202.52727471886
*c1nc(ccc1)c1cc(c(cc1)Oc1ccc(cc1)C(c1ccc(cc1)Oc1c(cc(cc1)*)C(F)(F)F)(C(F)(F)F)C(F)(F)F)C(F)(F)F,tg,148.67,149.61635241240697
*c1c2C(=O)N(C(=O)c2c(c2ccccc12)c1ccc(cc1)Oc1ccc(cc1)C(=O)c1ccc(cc1)Oc1ccc(cc1)*)c1ccc(cc1)Cl,tg,272.0,259.0450080164351
*c1cc2c(C(=O)N(C2=O)c2ccc(cc2)Oc2ccc(cc2)N2C(=O)c3c(C2=O)cc(cc3)C(=O)c2ccc(cc2)Oc2ccc(cc2)S(=O)(=O)c2ccc(cc2)Oc2ccc(cc2)C(=O)*)cc1,tg,229.0,229.8106136628152
*CNCO*,eea,0.7624,0.6232602931471749
*N1C(=O)c2c(C1=O)cc(cc2)C(=O)c1cc2c(C(=O)N(C2=O)CCCCCOC(=O)OCCCCC*)cc1,tg,77.0,69.0317782586936
*OC(C)(C)C(*)=O,egc,5.8214,5.926424164331159
*C(=S)c1ccc(C(F)(F)C(*)(F)F)s1,nc,1.985,1.9724167831851984
*c1cc2c(C(=O)N(C2=O)c2cc(ccc2)C(C(C(c2cc(ccc2)N2C(=O)c3c(C2=O)cc(cc3)C(C(C(C(*)(F)F)(F)F)(F)F)(F)F)(F)F)(F)F)(F)F)cc1,tg,159.0,132.40028311785514
*N1C(=O)c2c(C1=O)cc(cc2)S(=O)(=O)c1cc2c(C(=O)N(C2=O)CCCCCCOC(=O)CCCCCCC(=O)OCCCCCC*)cc1,tg,46.0,53.32802240220293
*OC(=O)c1ccc(cc1)c1ccc(cc1)C(=O)OCCCC*,tg,70.0,80.01258521165055
*C1(C(C(C(C1(F)F)(F)F)(C(*)(F)F)F)(F)F)F,tg,117.0,102.62333661047673
*c1cc2c(C(=O)N(C2=O)c2ccc(cc2)Oc2ccc(cc2)N2C(=O)c3c(C2=O)cc(cc3)C(=O)Nc2cc(ccc2)Oc2ccc(cc2)NC(=O)*)cc1,tg,236.0,225.0987399910068
*C(C*)(C(=O)OCC)CC,tg,27.0,44.35499497881719
*OCC(F)(F)C(*)(F)F,eps,3.5,3.7631773333779184
*Nc1ccc(-c2ccc(C(*)=S)s2)cc1,eea,3.1722,3.1437228486327435
*c1oc(=O)c2c(ccc(c2)Cc2ccc3c(c2)c(=O)oc(n3)CN2C(=O)c3c(C2=O)cc(cc3)C(c2cc3c(C(=O)N(C3=O)C*)cc2)(C(F)(F)F)C(F)(F)F)n1,tg,218.0,212.17451586136121
*c1ccc(cc1)c1ccc(cc1)C1(CCCCC1)*,tg,287.0,230.19261876675094
*N1C(=O)c2c(C1=O)cc(cc2)Oc1cc2c(C(=O)N(C2=O)c2c(ccc(c2)C(c2cc(c(cc2)OCCN(c2ccc(cc2)C=CC2=CC(=C(C#N)C#N)CC(C2)(C)C)C)*)(C(F)(F)F)C(F)(F)F)OCCN(c2ccc(cc2)C=CC2=CC(=C(C#N)C#N)CC(C2)(C)C)C)cc1,tg,215.0,211.77012371434142
*C(C*)(C(=O)O)C,tg,182.64,145.95026066367333
*N1C(=O)c2c(C1=O)cc(cc2)NC(=O)Nc1ccc(cc1)c1nc(cc(c1)c1ccc(cc1)c1ccccc1)c1ccc(cc1)NC(=O)Nc1cc2c(C(=O)N(C2=O)c2ccc(cc2)c2nc(cc(c2)c2ccc(cc2)c2ccccc2)c2ccc(cc2)*)cc1,tg,272.0,268.7324523021212
*c1cc2c(C(=O)N(C2=O)c2cc(c(cc2)Oc2ccc(cc2)N2C(=O)c3c(C2=O)cc(cc3)C(*)(C(F)(F)F)C(F)(F)F)O)cc1,tg,277.33,268.6322335924009
*C(=S)c1ccc(C(F)(F)C(*)(F)F)cc1,egb,2.3476,2.4411509107293186
*c1c(nc2c(c1c1ccccc1)cc(cc2)c1cc2c(nc(c(c2c2ccccc2)c2ccc(cc2)c2ccc(cc2)*)c2ccccc2)cc1)c1ccccc1,tg,372.0,334.145126321879
*C1C(=O)N(C(=O)C1C(C*)c1ccccc1)CCCCNC(=O)C(C(C(C(C(C(C(F)(F)F)(F)F)(F)F)(F)F)(F)F)(F)F)(F)F,tg,113.0,118.36721090821237
*Nc1ccc(cc1)Cc1ccc(cc1)NC(=O)c1cc(cc(c1)S(=O)(=O)c1ccccc1)C(=O)*,tg,270.0,309.2937145591342
*CNC(=O)NCOCO*,nc,1.6883,1.6869518076780465
*C=CC1CC(*)C(C(F)(F)F)(C(F)(F)F)C1(F)F,egc,5.3867,5.300640685557604
*C(C*)(CC(=O)OCCOC)C(=O)OCCOC,tg,29.0,3.162768835747115
*Cc1ccc(C(=S)c2ccc(*)cc2)cc1,nc,1.9675,1.9218006099667608
*N=P(*)(Oc1cc(ccc1)C)Oc1cc(ccc1)C,tg,-25.0,-26.29294389073755
*C(=S)c1ccc(-c2ccc(-c3ccc(*)cc3)s2)cc1,egb,1.8996,1.8674457631218573
*N1C(=O)C2C(C1=O)C(=CC(C2)C1C(=O)N(C(=O)C1)c1ccc(cc1)*)C,tg,327.0,284.95002197832974
*OC(=O)c1ccc(cc1)c1ccc(cc1)C(=O)OCCCCCCC*,tg,41.71,52.85227534076244
*NC(=O)c1ccc(-c2ccc(*)cc2)cc1,egb,2.6675,2.8850662558799582
*Nc1cccc(NC(=O)CCCCCCC(*)=O)c1,egc,4.8656,4.745617574818608
*OP(=O)(Oc1ccc(cc1)C(c1ccc(cc1)*)(C)C)Oc1c(c(c(c(c1Cl)Cl)Cl)Cl)Cl,tg,130.0,110.37387072689341
*Cc1ccc(Oc2ccc(*)s2)cc1,eea,1.0627,1.1631051259347522
*C(F)(F)C(=O)C(F)(F)O*,egc,5.2431,5.064691591774937
*[Si](C*)(CCCCC)CCCCC,tg,-55.0,-40.95568537204759
*c1cc2c(C(=O)N(C2=O)c2ccc(cc2)Oc2ccc(cc2)N2C(=O)c3c(C2=O)cc(cc3)C(*)(C(F)(F)F)C(F)(F)F)cc1,tg,304.1,285.8469160100062
*CCCCCCCCNC(=O)CCCCCCCCCCC(=O)N*,egc,5.8323,5.920145443203604
*C(=S)c1ccc(C(F)(F)C(*)(F)F)cc1,nc,1.9682,1.9349991838336489
*C(C*)c1ccc(cc1)C(=O)Cc1ccccc1,tg,78.0,65.11834244556637
*N(c1ccc(cc1)C=Cc1c(cc(c(c1)OC)C=Cc1ccc(cc1)*)OCC(CCCC)CC)c1ccccc1,tg,147.0,123.29798198709246
*N1C(=O)N(C(=O)C1=O)c1c(cccc1)CCc1ccc(cc1)N1C(=O)N(C(=O)C1=O)c1ccc(cc1)CCc1ccc(cc1)*,tg,220.0,198.05828872223665
*CCOC(=S)NC(=S)c1ccc(N*)cc1,ei,5.413,5.466920104999322
*c1cc2c(C(=O)N(C2=O)c2cc(ccc2)P(=O)(c2cc(ccc2)N2C(=O)c3c(C2=O)cc(cc3)C(=O)*)c2ccccc2)cc1,tg,273.0,271.39917563374485
*C1=NC2=CC(*)C=CC2=C1,egc,3.2065,3.067335060922459
*C1C(CC(C1)C=C*)([Si](O[Si](C)(C)C)(C)C)C#N,tg,88.0,89.66018386937026
*N1C(=O)c2c(C1=O)cc(cc2)c1cc2c(C(=O)N(C2=O)c2cc(cc(c2)C(=O)NCCCCCC)*)cc1,tg,256.9,265.5238983485073
*C(C*)(CC(=O)OCCOCCOCCOCCOCCOCCOCCOC)C(=O)OCCOCCOCCOCCOCCOCCOCCOC,tg,-71.0,-44.08262661204471
*C(C*)(C(=O)OCCNC(C)(C)C)C,tg,41.0,41.58720846158878
*Oc1ccc(cc1)C(c1ccc(cc1)Oc1ccc(cc1)C(=O)c1c2c(ccc1)cccc2C(=O)c1ccc(cc1)*)(C)C,tg,210.5,205.55988136598742
*C(=O)Nc1ccc(NC(=O)c2ccc3c(c2)C(=O)N(c2cc(-c4nc5ccccc5s4)cc(N4C(=O)c5ccc(*)cc5C4=O)c2)C3=O)cc1,egc,2.886,2.7169429181191775
*CC1(C)CC(N2C(=O)c3ccc(-c4ccc5c(c4)C(=O)N(*)C5=O)cc3C2=O)CC(C)(C)C1,egc,3.6926,3.5196557964773603
*CCCCCNC(=O)CCCCCCCCC(=O)N*,egc,5.6828,5.804792108373032
*S(=O)c1ccc(cc1)Sc1ccc(cc1)Sc1ccc(cc1)Sc1ccc(cc1)*,tg,133.0,138.29916714063683
*C(F)(F)C(*)(F)OC(F)(F)F,egc,8.2947,8.504950778191983
*S(=O)(=O)NCCCCCNS(=O)(=O)c1cc(ccc1)*,tg,74.0,78.4935556493233
*Oc1ccc(cc1)NC(=C(C#N)C#N)c1cc(ccc1)C(=C(C#N)C#N)Nc1ccc(cc1)Oc1ccc(cc1)NC(=O)c1ccc(cc1)C(=O)Nc1ccc(cc1)*,tg,274.0,272.2782056136472
*c1nc2c(nc1c1ccccc1)cc(cc2)c1cc2c(nc(c(n2)c2ccccc2)c2ccc(cc2)Sc2ccc(cc2)*)cc1,tg,288.0,300.1058153277075
*C(=S)C(=O)CCNc1ccc(C(=S)c2ccc(*)cc2)cc1,eps,6.47,5.388046012694493
*CC(*)SC,egc,5.023,5.189917244799789
*N1C(=O)C(CC1=O)(SCCOCCSC1(C(=O)N(C(=O)C1)CCCCCCN1C(=O)C(C(C1=O)C)SCCOCCSC1C(=O)N(C(=O)C1C)CCCCCC*)C)C,tg,78.0,31.36517656533278
*OC(=O)CCCCC(=O)OCC(C*)CCCCCCOc1ccc(cc1)N=Nc1ccc(cc1)Cl,tg,9.0,8.344316200955683
*N1C(=O)c2c(C1=O)cc(cc2)Oc1cc2c(C(=O)N(C2=O)CCCCCCCCCC*)cc1,tg,91.5,87.15252735268514
*C1CC(*)OC(O)O1,egc,6.5343,6.656169696065972
*OC(=O)CCCCCN(c1ccc(cc1)N=Nc1ccc(cc1)S(=O)(=O)CCCCCC*)C,tg,60.5,59.32201182172932
*N1C(=O)C(=C(C1=O)c1ccccc1)c1ccc(cc1)C1=C(C(=O)N(C1=O)c1ccc(cc1)Oc1ccc(cc1)*)c1ccccc1,tg,275.0,267.51455179503125
*NC(C(=O)*)CCC(=O)OCCCC,tg,-39.33,-41.06562845969501
*NC(=O)c1ccc(cc1)CC(=O)NCCCCC*,tg,103.0,92.78540536096958
*Oc1cc(c(cc1)S(=O)(=O)c1ccc(cc1)Oc1ccc(cc1)C(c1ccc(cc1)*)(C)C)N,tg,202.0,202.15591596875086
*S(=O)(=O)c1ccc(cc1)Nc1cc(ccc1)Nc1ccc(cc1)*,tg,145.0,156.69953474754996
*CCCc1ccc(*)cc1,nc,1.7489,1.725837232683261
*c1ccc(Oc2ccc(-c3cc(-c4ccccc4)c4cc5nc(*)cc(-c6ccccc6)c5cc4n3)cc2)cc1,egc,2.7429,2.891399543749932
*c1ccc(-c2nnc(-c3cccc(-c4nnc(*)o4)n3)o2)cc1,egc,3.8824,3.6659326424558483
*C(C*)c1ccc(cc1)C(=O)OCCN(CC)CC,tg,74.0,46.98925391719023
*NC(=O)c1ccc(cc1)C(=O)NCC(CC(CC*)C)(C)C,tg,143.84,127.81932920088694
*c1cc2c(C(=O)N(C2=O)c2ccc(cc2)Oc2ccc(cc2)C(c2ccc(cc2)Oc2ccc(cc2)N2C(=O)c3c(C2=O)cc(cc3)C(=O)Nc2ccc(cc2)Oc2ccc(cc2)c2ccc(cc2)Oc2ccc(cc2)NC(=O)*)(C)C)cc1,tg,283.0,257.4295137299557
*c1cc2c(C(=O)N(C2=O)c2ccc(cc2)Oc2cc3c(cc2)ccc(c3)Oc2ccc(cc2)N2C(=O)c3c(C2=O)cc(cc3)C(*)(C(F)(F)F)C(F)(F)F)cc1,tg,302.3,286.13932723169927
*N1C(=O)C2C(C1=O)C(Cc1ccccc21)C1C(=O)N(C(=O)C1)c1cc(cc(c1)C(=O)OCCCCCC)*,tg,249.43,209.54918443538583
*CC(C)(CC)CO*,egc,5.6322,5.745997176024734
*Cc1c(O)c(C(C)=O)cc(CNC(=S)N*)c1OC,egc,3.7679,3.5495478363262882
*Oc1ccc(cc1)OC(=O)c1c(cc(cc1)C(=O)*)Oc1ccc(cc1)F,tg,106.0,117.72545382384247
*Oc1ccc(cc1)C(c1ccc(cc1)OCC(COc1c(cc(cc1Cl)C(c1cc(c(c(c1)Cl)OCC(C*)O)Cl)(C)C)Cl)O)(C)C,tg,100.0,151.9317044897083
*Cc1ccc(C*)cc1,ei,6.2134,6.006942580387054
*c1cc(C)c(*)s1,egc,1.9299,2.2611490554576403
*OCCOCCOCCCNC(=O)CNC(=O)C(NC(=O)CCCCCCCCC(=O)NC(C(=O)NCC(=O)NCCC*)Cc1ccccc1)Cc1ccccc1,tg,36.0,33.040089547872945
*c1ccc(-c2ccc(N3C(=O)c4ccc(Oc5ccc6c(c5)C(=O)N(*)C6=O)cc4C3=O)cc2C)c(C)c1,egc,3.2926,3.3973092800941656
*OC(=O)c1cc(ccc1)C(=O)OCCC*,tg,36.0,36.556537414256574
*c1cc2c(C(=O)N(C2=O)c2c(cc(cc2)C(c2cc(c(cc2)C)N2C(=O)c3c(C2=O)cc(cc3)C(*)(C(F)(F)F)C(F)(F)F)(C(F)(F)F)C(F)(F)F)C)cc1,tg,266.0,309.22487669946327
*C(=C(*)Cl)c1ccccc1,tg,215.0,218.06449212327536
*Nc1cccc(C(*)=O)c1,egb,3.2399,3.496235366513744
*CC(COc1ccc(-c2ccc(C#N)cc2)cc1)O*,egc,4.4378,4.480199576185024
*C(C*)(C(=O)OC1CCCCCCCCCCC1)C,tg,56.0,81.34465410738792
*CCCCSCCS*,egb,4.9438,5.091462255396579
*Oc1ccc(cc1)Sc1ccc(cc1)OC(=O)*,tg,110.0,110.34253077656905
*Oc1ccc(cc1)NC(=O)Nc1c(cccc1)CCc1c(cccc1)NC(=O)Nc1ccc(cc1)*,tg,232.0,229.84614083613496
*CCCN*,eps,3.03,3.4098081246750938
*Oc1ccc(C=Nc2ccc(N=Cc3ccc(*)cc3)cc2)cc1,egc,2.8416,2.8755356653166007
*Oc1ccc(C(=O)c2ccc(*)cc2)cc1,nc,1.9173,1.9098308281326724
*NNC(=O)c1cc(cc(c1)NC(=O)c1cc2c(C(=O)N(C2=O)c2ncccc2C)cc1)C(=O)NNC(=O)CC(=O)*,tg,156.3,138.06409381476675
*N1CCN(CC1)C(=O)CCCCCCCCC(=O)*,tg,70.4,18.163614920434295
*CC(O)CN(*)c1cc(C)c(N=Nc2ccc(Cl)cc2)c(C)c1,egc,2.6365,2.722139300587009
*c1cc2c(C(=O)N(C2=O)c2ccc(cc2)Oc2cc(ccc2)Oc2ccc(cc2)N2C(=O)c3c(C2=O)cc(cc3)C(=O)Nc2ccc(cc2)Oc2c(cccc2)c2c(cccc2)Oc2ccc(cc2)NC(=O)*)cc1,tg,229.0,227.50347187749628
*C(=S)c1ccc(C(F)(F)C(*)(F)F)s1,egb,2.1029,1.982129332860122
*COCOCCCO*,eea,0.6927,0.7511802801747052
*c1ccc(-c2nc3cc(-c4ccc5oc(*)nc5c4)ccc3o2)cc1,egc,3.1145,3.4032429454415585
*CCCCOC(=O)Cc1ccc(CC(=O)O*)cc1,egc,5.4635,5.24940497947787
*CCOCCOCCOC(=O)c1cccc(C(=O)O*)c1,egc,4.9478,4.880414456851502
*Oc1c(cc(c(c1)C(=O)c1ccccc1)Oc1ccc(cc1)*)C(=O)c1ccccc1,tg,137.0,144.35659253841467
*Oc1cc(ccc1)Oc1cc(c(cc1)C(=O)O)C(=O)Nc1ccc(cc1)Oc1ccc(cc1)c1ccc(cc1)Oc1ccc(cc1)NC(=O)c1c(ccc(c1)*)C(=O)O,tg,100.0,133.02103010759916
*c1oc(nn1)c1ccc(cc1)Oc1ccc(cc1)NC(=O)c1cc(cc(c1)N1C(=O)c2c(C1=O)cccc2)C(=O)Nc1ccc(cc1)Oc1ccc(cc1)*,tg,285.0,282.10923510301603
*Oc1ccc(cc1)C1(c2ccccc2C(=O)c2ccccc12)c1ccc(cc1)OC(=O)c1ccc(cc1)C(=O)*,tg,400.0,342.363630448369
*C(=O)c1ccc(OC(*)=S)cc1,eea,3.2631,3.308268420677456
*NNC(=O)c1cccc(C(=O)NNC(=O)C(*)=O)c1,egc,4.3275,4.199574757315324
*NC(=O)OC(*)=O,ei,8.2121,8.129235350775211
*C1C=CC(*)C1,egc,5.7164,5.5829752822599
*NC(C)CCCCC(*)=O,egc,5.5854,5.6328761442301865
*CC(=O)CC(*)=S,eea,3.0632,3.1272424446350735
*N1C(=O)c2c(C1=O)cc(cc2)Oc1ccc(cc1)C(c1ccc(cc1)Oc1cc2c(C(=O)N(C2=O)c2ccc(cc2)Oc2ccc(cc2)C(c2ccc(cc2)Oc2ccc(cc2)*)(C)C)cc1)(C)C,tg,205.0,210.39058605760613
*CC#CCOC(=O)CCC(=O)O*,egc,5.9483,6.043945177930019
*c1cc(C=NC(=S)Nc2ccc(-n3c(=O)c4cc5c(=O)n(*)c(=O)c5cc4c3=O)cc2)ccc1Cl,egc,2.0293,2.055691167408613
*N1C(=O)c2c(C1=O)cc(cc2)C(=O)c1cc2c(C(=O)N(C2=O)CCC(=O)Nc2ccc(cc2)Oc2ccc(cc2)NC(=O)CC*)cc1,tg,232.0,224.0646214456498
*CC(OC)C1C(=O)OC(=O)C1*,egc,5.9975,5.973843481790649
*CCCCCOC(=O)O*,nc,1.6374,1.6188933922083466
*CCCCCn1c(=O)c2ccc3c4ccc5c(=O)n(*)c(=O)c6ccc(c7ccc(c1=O)c2c37)c4c56,egc,1.9902,2.169735662677381
*c1c(cc(c(c1)OCCCC)*)OCCCC,tg,37.0,67.36231653372924
*OC(F)(F)c1ccc(C(*)(F)F)s1,eps,3.93,4.093304492251537
*Oc1ccc(cc1)Oc1cc(c(cc1)C(=O)c1ccccc1)c1c(ccc(c1)*)C(=O)c1ccccc1,tg,156.0,156.89916133602276
*C(C*)C(=O)Oc1ccc(cc1)N=Nc1ccc(cc1)[N+](=O)[O-],tg,128.2,116.46824177413434
*OC(=O)OCCCCCCCCOC(=O)OC1COC2C(*)COC12,egc,6.6539,6.616349622857493
*N(CC*)C(=O)c1c(ccc(c1)F)F,tg,112.0,108.37667325002211
*C(C*)(C(=O)OCC(C(F)F)(F)F)C,tg,80.0,36.58106225427967
*Oc1ccc(cc1)NC(=O)c1c(ccc(c1)C(c1cc(c(cc1)C(=O)O)C(=O)Nc1ccc(cc1)Oc1ccc(cc1)C(c1ccc(cc1)*)(C(F)(F)F)C(F)(F)F)(C(F)(F)F)C(F)(F)F)C(=O)O,tg,260.0,234.30684750681027
*Oc1cccc(*)c1,egc,4.9932,4.596419465882719
*N1C(=O)c2c(C1=O)cc(cc2)Oc1cc2c(cc1)ccc(c2)Oc1cc2c(C(=O)N(C2=O)c2ccc(cc2)C(c2ccc(cc2)C(c2ccc(cc2)*)(C)C)(C)C)cc1,tg,246.0,228.78096996118617
*C=Cc1ccc(*)c(F)c1,egc,2.259,2.5472631740606597
*CCc1ccc(C(*)=S)s1,eea,3.3272,3.1363385385888014
*C(=O)CC(F)(F)C(*)(F)F,ei,7.9225,8.16138205679276
*c1nc(nc(n1)c1ccc(cc1)Oc1ccc(cc1)c1ccc(cc1)Oc1ccc(cc1)*)c1ccccc1,tg,241.0,249.29107854870466
*CCCC(*)=S,eea,2.3997,2.5606221226184056
*Oc1ccc(N=CNc2ccc(*)cc2)cc1,egc,3.7365,3.485898788548916
*NOC(=O)NCC(=O)NC(*)=O,eps,5.02,4.545607385658496
*Oc1cc(ccc1)NC(=O)CCCCCCCCCC(=O)Nc1ccc(cc1)*,tg,110.0,109.46463926346013
*C1C(=O)OC(=O)C1C1C2CC(C(C1*)C2)COCCC,tg,209.0,204.83050288324142
*NC(CC(=O)OCc1ccccc1)C(*)=O,egc,5.316,5.177024331880649
*Oc1c(cc(cc1)OC(=O)c1c(cc(cc1)c1ccc(cc1)C(=O)*)c1ccccc1)C(c1ccccc1)(C)C,tg,146.0,146.71010626441236
*C(C*)c1c(cccc1)C(=O)OCCN(C)C,tg,69.0,76.71487878312702
*c1oc(nn1)c1c2c(c(cc1)c1oc(nn1)c1ccc(cc1)[Si](c1ccc(cc1)*)(c1ccccc1)c1ccccc1)cccc2,tg,271.5,261.9734962537661
*CC(*)C(=O)Oc1ccc(Cl)cc1,egc,2.4559,2.840433082041567
*C(C*)c1ccc(cc1)COCCC(C(C(C(C(C(C(C(F)(F)F)(F)F)(F)F)(F)F)(F)F)(F)F)(F)F)(F)F,tg,53.33,57.22566045761193
*NNC(=O)c1c(cc(cc1)C(=O)*)OCC,tg,240.0,222.18695226605564
*CCc1nnc(*)n1N,egc,5.722,5.635242491070708
*c1cc2c(C(=O)N(C2=O)c2ccc(cc2)C2(CCC(CC2)CC)c2ccc(cc2)NC(=O)*)cc1,tg,312.0,319.38816528873457
*Oc1cc(OC(=O)c2ccc(OCCCC)cc2)c(OC(=O)CCCC(*)=O)cc1OC(=O)c1ccc(OCCCC)cc1,egc,4.3317,4.138304237782067
*CC(*)(C)C(=O)Nc1cccc(-c2nnc(-c3ccccc3)o2)c1,egc,3.5944,3.6854735258286313
*N1C(=O)c2c(C1=O)cc(cc2)Oc1c(cc(cc1C)c1cc(c(c(c1)C)Oc1cc2c(C(=O)N(C2=O)c2ccc(cc2)Oc2ccc(cc2)*)cc1)C)C,tg,299.0,343.6950063020395
*OP(=O)(OCCCCCCCCOc1c(cc(cc1)C=C1C(=O)C(=Cc2cc(c(cc2)OCCCCCCCC*)OC)CC1)OC)OCC,tg,62.0,58.63557166987859
*CCCCOC(=O)CCCCS(=O)(=O)CCCCC(=O)O*,egc,6.544,6.6027896261885894
*C=C(*)c1ccsc1,egc,2.2157,2.041428544473717
*CC(*)=C,egc,5.3034,5.143677204052517
*CNC(=O)C(*)=S,ei,7.0203,6.372454166196661
*Oc1ccc(cc1)C1(CCCC1)c1ccc(cc1)OC(=S)*,tg,79.0,114.50349855109636
*Cc1ccc(CO*)cc1,egb,4.8019,4.611060760163336
*Oc1ccc(cc1)Oc1ccc(cc1)OCCCCCCOC(=O)OCCCOC(=O)OCCCCCC*,tg,-6.0,-10.177620376506802
*c1nc2c(cc1)cc(cc2)C(=O)c1ccc(cc1)Oc1c(cc(c(c1C)C)c1c(c(c(c(c1)C)Oc1ccc(cc1)C(=O)*)C)C)C,tg,250.0,274.3119999791753
*S(=O)(=O)c1ccc(cc1)NC(=O)c1cc(cc(c1)NC(=O)c1ccc(cc1)NC(=O)C(N1C(=O)c2c(C1=O)cccc2)C)C(=O)Nc1ccc(cc1)*,tg,208.0,184.8702561556989
*Nc1ccc(C(*)=O)cc1,egc,3.7503,3.987405850244623
*C(C=C1)=CC=C1C(C=C2)=CC=C2C(S3)=CC=C3O*,egc,3.3694,3.034130881438322
*N1C(=O)C2C3C4C(C(C2C1=O)C=C3)C(=O)N(C4=O)c1ccc(cc1)Sc1cc2c(C(=O)N(C2=O)CCc2ccccc2)cc1Sc1ccc(cc1)*,tg,258.0,250.13236097121052
*c1nc(nc(n1)C(C(C(C(C(C(*)(F)F)(F)F)(F)F)(F)F)(F)F)(F)F)C(C(C(F)(F)F)(F)F)(F)F,tg,-11.0,9.307965322980674
*c1cc2c(C(=O)N(C2=O)c2c(cc(cc2C)C(c2cc(c(c(c2)C(C)C)N2C(=O)c3c(C2=O)cc(cc3)C(*)(C(F)(F)F)C(F)(F)F)C)(c2ccccc2)C(F)(F)F)C(C)C)cc1,tg,289.0,265.69625808535494
*NC(=O)c1ccc(-c2ccc(*)s2)cc1,ei,6.1434,6.132142482715299
*CCCCCCCNC(=O)C(OC)C(OC)C(=O)N*,egc,5.7148,5.673860099030763
*CC(*)c1ccc(C)cc1C,egc,4.8585,4.847081387972531
*Oc1ccc(cc1)S(=O)(=O)c1ccc(cc1)Oc1ccc(cc1)NC(=O)c1cc(ccc1)C(=O)Nc1ccc(cc1)*,tg,260.0,231.47317596627292
*c1oc(nn1)c1sc(c(c1)CCCCCCCC)c1sc(cc1)c1sc(cc1CCCCCCCC)c1oc(nn1)c1c(cc(c(c1)OCCCCCCCC)*)OCCCCCCCC,tg,34.1,52.45801875270352
*C(C*)N,tg,57.0,53.884663195562034
*OCC(C*)(CSC)CSC,tg,-6.0,23.893670207574935
*C(C*)C(=O)OCCCCCCCCCCCCOc1ccc(cc1)C(=O)Oc1ccc(cc1)c1cc(ccc1)OC(=O)c1ccc(cc1)OC(=O)c1ccc(cc1)OCCCCCCCCCCCC,tg,67.0,71.77787481399466
*COC(=S)O*,eea,2.0771,2.04183529425726
*CC(C)(C)C(=O)N*,egc,5.6887,5.7299808019487255
*O[Si](OCCOc1ccc(cc1)C1(c2ccccc2c2ccccc12)c1ccc(cc1)OCC*)(c1ccccc1)c1ccccc1,tg,97.0,107.80459409645937
*N(CC(C*)O)c1cc(cc(c1)C)C,tg,80.0,89.09251288079517
*CCCCOC(=O)SSC(=O)O*,egc,4.2442,4.326790703342473
*N1C(=O)c2c(C1=O)cc(cc2)c1cc2c(C(=O)N(C2=O)C2C(CC(CC2)CC2CC(C(CC2)*)C)C)cc1,tg,260.0,265.0668068515319
*c1ccc(-c2ccc3nc(Oc4cc(-c5ccccc5)c5cc(*)ccc5n4)cc(-c4ccccc4)c3c2)cc1,egc,3.4645,3.3412767562123786
*NC(=S)Nc1ccc(Cc2ccc(*)cc2)cc1,egb,3.7898,3.2717522270035313
*c1nc(ccc1)Oc1ccc(cc1)Oc1ccc(cc1)P(=O)(c1ccc(cc1)Oc1ccc(cc1)O*)c1ccccc1,tg,164.0,174.35578607516177
*O[Si](*)(CCCOCCOCCOC)CCCOCCOCCOC,tg,-63.4,-57.73831289345996
*Cc1ccc(-c2ccc(N*)cc2)cc1,ei,5.1363,5.20754723120985
*c1cc2c(C(=O)N(C2=O)c2cc(cc(c2)c2c(=O)oc3c(cccc3)n2)N2C(=O)c3c(C2=O)cc(cc3)C(=O)*)cc1,tg,95.0,153.3026710884303
*c1cccc(*)c1N,egc,3.8845,3.920748676103174
*C(=S)Oc1ccc(-c2ccc(*)cc2)s1,ei,5.9399,5.945174008662731
*Oc1cc(ccc1)NC(=O)c1ccc(cc1)C(=O)Nc1ccc(cc1)Oc1ccc(cc1)C(=O)c1ccc(cc1)*,tg,126.0,147.742547904501
*C1(OC(C(O1)(F)F)(F)F)C(*)(F)F,tg,103.5,90.19282531528182
*N1C(=O)c2c(C1=O)c(ccc2)Oc1c(cc(cc1C)Cc1cc(c(c(c1)C)Oc1c2c(C(=O)N(C2=O)c2c(cc(cc2)Oc2ccc(cc2)Oc2cc(c(cc2)*)C)C)ccc1)C)C,tg,238.0,236.88392298240285
*Cc1ccc(-c2ccc(C(*)=S)s2)cc1,ei,5.8475,5.841928800528868
*C(=O)Nc1cc(NC(=O)c2ccc(*)o2)c(N)cc1N,egc,2.8199,2.797204980783489
*CO*,egc,6.6048,6.880684795343369
*Oc1ccc(CC(*)=O)cc1,eea,1.5033,1.5353473249615082
*C(C=C1)=CC=C1C(S2)=CC=C2C(S3)=CC=C3C(S4)=CC=C4*,egc,2.0066,1.9486479075342156
*O[Si](*)(CCCOc1ccc(cc1)C(=O)OC1CC2=CCC3C(CCC4(C(CCC34)C(CCCC(C)C)C)C)C2(CC1)C)C,tg,66.59,59.06993128579971
*c1cc(OCCOCCCC)c(*)s1,egc,2.819,2.4077999219577433
*Nc1c(cc(cc1)NC(=O)c1ccc(cc1)NC(=O)CCCCCCCCCCC(=O)Nc1ccc(cc1)C(=O)*)C(=O)OCCCCCCCCCCCC,tg,205.5,206.27193369549792
*N1C(=O)c2c(C1=O)cc(cc2)c1ccc(cc1)c1cc2c(C(=O)N(C2=O)CCCCCCCCC*)cc1,tg,104.0,121.39363943329379
*Oc1ccc(cc1)C(c1ccc(cc1)OC(=O)Nc1ccc(cc1)Cc1ccc(cc1)NC(=O)*)(C(F)(F)F)C(F)(F)F,tg,81.0,107.8130456428004
*CC(F)(F)C(F)(F)C(F)(F)C(F)(F)COC(=O)NCCCCCCNC(=O)O*,egc,6.4368,6.541307658780317
*Nc1ccc(Nc2ccc(*)s2)s1,eea,1.4393,1.4219031290860895
*c1ccc2oc(-c3ccc4nc(*)oc4c3)nc2c1,nc,2.116,2.1582799309254628
*Nc1cc(OC)c(*)cc1OC,egc,3.2172,3.477349271322503
*OC(=S)c1ccc(C(*)=O)s1,nc,2.068,2.0480972000066675
*c1nc(nc(n1)c1ccc(cc1)Oc1ccc(cc1)Sc1ccc(cc1)Oc1ccc(cc1)*)c1ccccc1,tg,211.0,207.29422270262194
*c1ccc(*)n1CC(=O)OC,egc,2.6899,3.0094754388696616
*C(C*)OC(=O)c1ccc(cc1)C(C)C,tg,65.65,90.71570166650578
*Oc1ccc(cc1)S(=O)(=O)c1ccc(cc1)OCC(C*)OC(=O)C,tg,130.0,123.16649551813438
*OC(=O)CCCCC(=O)OCCC(CC*)C,tg,-78.6,-61.99777545997904
*NOC(F)(F)C(*)(F)F,eps,3.73,4.018300234184757
*OC(F)(F)C(*)(F)F,egc,9.8627,8.935079406534012
*N1C(=O)c2c(C1=O)c(ccc2)Oc1c(cc(cc1C)c1cc(c(c(c1)C)Oc1c2c(C(=O)N(C2=O)c2cc(ccc2)*)ccc1)C)C,tg,311.0,312.33975493366523
*C(C*)(C(=O)OCC(=O)c1ccccc1)C,tg,92.5,118.72453856210593
*C(C*)c1ccc(cc1)C([Sn](C)(C)C)[Sn](C)(C)C,tg,140.0,137.28543270532265
*[Si](C*)(CCCOCCOCCOC)C,tg,-73.3,-58.580133127246356
*c1ccc(-c2nc3ccc(Oc4ccc5nc(*)c(-c6ccccc6)nc5c4)cc3nc2-c2ccccc2)cc1,egc,3.199,3.0379958936097777
*OC(=O)OCCC*,tg,-22.38,-24.571311030829936
*CCC(=O)N*,egc,5.6558,5.500603651434149
*N1C(=O)C(CC1=O)SCCOCCSC1C(=O)N(C(=O)C1)c1ccc(cc1)C(=O)Oc1cc2c(cc1)ccc(c2)OC(=O)c1ccc(cc1)*,tg,160.0,144.98082298206612
*c1cccc(-c2nc3cc(-c4ccc5oc(*)nc5c4)ccc3o2)c1,egc,3.5152,3.285788428969509
*CCCC1CCN(C(=O)SSCCCCSSC(=O)N2CCC(*)CC2)CC1,egc,5.001,4.905047729324274
*NC(CCC(=O)OCCCCCCCC)C(*)=O,egc,5.9976,5.9110053606294555
*NNC(=O)c1ccc(C(*)=O)cc1OCCCCCCCC,egc,4.1277,4.035994896173311
*N1C(=O)c2c(C1=O)cc(cc2)c1cc2c(C(=O)N(C2=O)c2ccc(cc2)C(=O)Nc2cc(ccc2)Oc2ccc(cc2)S(=O)(=O)c2ccc(cc2)Oc2cc(ccc2)NC(=O)c2ccc(cc2)*)cc1,tg,262.0,244.38688057838246
*c1cc2c(C(=O)N(C2=O)c2ccc(cc2)c2sc(c(c2c2ccccc2)c2ccccc2)c2ccc(cc2)N2C(=O)c3c(C2=O)cc(cc3)C(=O)Nc2ccc(cc2)Oc2ccc(cc2)NC(=O)*)cc1,tg,320.0,301.1067728180226
*c1c([nH]c(n1)c1cc(ccc1)c1[nH]c(c(n1)c1ccc(cc1)Oc1ccc(cc1)C(=O)c1ccc(cc1)Oc1ccc(cc1)*)c1ccccc1)c1ccccc1,tg,279.0,288.7609890902734
*C(F)(F)C1(F)C(F)(F)C(*)(F)C(F)(F)C(F)(F)C(F)(F)C1(F)F,egc,7.4251,7.275860445731013
*c1ccc(C(F)(F)NC(*)(F)F)cc1,nc,1.7422,1.754671124288998
*O[Si](Oc1c(cc(cc1)C1(c2ccccc2c2ccccc12)c1cc(c(cc1)*)C)C)(c1ccccc1)c1ccccc1,tg,171.0,180.79171534713194
*N1C(=O)c2c(C1=O)cc(cc2)C(c1cc2c(C(=O)N(C2=O)CCN(CC*)c2ccc(cc2)N=Nc2ccc(cc2)C=O)cc1)(C(F)(F)F)C(F)(F)F,tg,170.0,164.14668167475148
*C(C*)c1c(cccc1Cl)Cl,tg,165.0,119.47313209815215
*Nc1ccc(NC(=O)NC(=O)NC(*)=O)s1,eps,5.34,4.792723092769312
*CCCCCCOc1ccc(C(=O)N(C(=O)c2ccc(O*)cc2)c2ccccc2)cc1,egc,3.9898,4.073497788402772
*OP(=O)(OCCCCCCCCCCOc1ccc(cc1)C=Cc1ccc(cc1)OCCCCCCCCCC*)OCCCCCCCCCCOc1ccc(cc1)N=Nc1ccc(cc1)Cl,tg,60.0,63.68201632451221
*Oc1ccc(cc1)CC(NC(=O)CCc1ccc(cc1)OC(=O)CCCCCCCCC(=O)*)C(=O)OCCCC,tg,30.0,27.13288119255132
*C(=O)Nc1nc(*)c(C#N)n1C,egc,4.3854,4.497943860361427
*NC(C=C1)=CC=C1C(=O)C(=S)*,egc,2.378,2.357350115879885
*CCCCCCCOC(=O)C(=O)O*,egc,5.2465,5.316416862749917
*OC(=C(C)C)C(C)(C)C(*)=O,egc,4.7881,4.848693584285277
*NC(=O)CCP(=O)(CCC(=O)NCCCCCCCCCC*)C,tg,45.5,46.87529323987444
*N1C(=O)c2c(C1=O)cc(cc2)Oc1ccc(cc1)Oc1cc2c(C(=O)N(C2=O)c2c(cc(c(c2C)*)C)C)cc1,tg,345.0,369.3173216502092
*OC(COC(=O)c1ccc(cc1)c1ccc(cc1)C(=O)*)COc1ccc(cc1)N=Nc1ccc(cc1)C#N,tg,141.0,137.85901618025758
*Oc1ccc(cc1)C(=O)OC(=O)c1ccc(cc1)OCCCC*,tg,45.0,55.6568543099526
*CNC(=S)c1ccc(*)cc1,ei,5.75,5.729048295999969
*CC1CC(*)CN(c2nc(N)nc(N)n2)C1,egc,5.1254,5.034923264341892
*NC(=O)CCCCC(=O)NCCCCCCCCCC*,tg,45.0,57.76535648018831
*N1C(=O)c2c(C1=O)cc(cc2)c1cc2c(C(=O)N(C2=O)c2cc(c(c(c2)C(=O)OCCCC)c2c(cc(cc2Br)*)C(=O)OCCCC)Br)cc1,tg,196.0,160.25305291344515
*OC(F)(F)C(=S)C(*)(F)F,eea,4.3264,4.259068706980585
*c1n(c(nn1)c1ccc(cc1)Oc1ccc(cc1)C(c1ccc(cc1)Oc1ccc(cc1)*)(C(F)(F)F)C(F)(F)F)c1ccc(cc1)S(=O)(=O)c1ccccc1,tg,211.0,223.40729397177898
*c1nc2c(c(c1)c1ccc(cc1)Oc1ccc(cc1)c1cc(nc3c1cccc3)c1ccc(cc1)Oc1ccc(cc1)*)cccc2,tg,275.67,278.92525612472906
*CC(O)CO*,egc,6.5192,6.34242912123573
*c1cc2c(C(=O)N(C2=O)c2ccc(cc2)C(c2ccc(cc2)N2C(=O)c3c(C2=O)cc(cc3)C(*)(C(F)(F)F)C(F)(F)F)(c2ccccc2)C(F)(F)F)cc1,tg,305.0,303.31712716789457
*C1(C(=O)N(C(=O)C1)c1ccccc1)C*,tg,236.0,224.14388360208227
*CCCCCCOC(=O)CCCC(=O)O*,egc,6.6665,6.772542319444729
*N1C(=O)c2c(C1=O)cc(cc2)Oc1cc2c(cc1Oc1cc3c(C(=O)N(C3=O)c3ccc(cc3)Oc3ccc(cc3)Oc3ccc(cc3)*)cc1)cccc2,tg,224.5,210.22173237641871
*C(C*)C(=O)OCC(CCCC)CC,tg,-62.58,-34.229968132790134
*Oc1ccc(-c2ccc(-c3ccc(*)cc3)s2)cc1,ei,5.1678,5.206100185319485
*OC(C)C(*)=O,egc,5.9945,6.278237868426001
*N1C(=O)c2c(C1=O)cc(cc2)c1cc2c(C(=O)N(C2=O)c2ccc(cc2)Oc2c(cc(cc2)Oc2ccc(cc2)*)C)cc1,tg,265.0,267.8787999164382
*CCCCCCCCCNC(=O)NCCCCCCNC(=O)N*,egc,5.7131,5.636514229838325
*C(=O)NC(F)(F)C(*)(F)F,egb,5.4991,5.702876150518608
*OC(C)CCOC(=O)c1cccc(C(*)=O)c1,egc,5.0532,5.150997981719735
*CC(C)(COC(=O)NCCCCCCNC(=O)O*)C(=O)O,egc,6.2179,6.3605963333033975
*N1C(=O)c2c(C1=O)cc(cc2)NC(=O)Nc1nc(ccc1)NC(=O)Nc1cc2c(C(=O)N(C2=O)c2ccc(cc2)Oc2c(c3c(cc2)cccc3)c2c3c(ccc2Oc2ccc(cc2)*)cccc3)cc1,tg,283.0,296.7386858822197
*Nc1cc(ccc1)NC(=O)c1cc(cc(c1)S(=O)(=O)c1ccccc1)C(=O)*,tg,277.0,282.54959787643827
*CCCN*,nc,1.6776,1.6902592975426065
*Oc1ccc(cc1)S(=O)(=O)c1ccc(cc1)Oc1ccc(cc1)C=C1C(=O)C(=Cc2ccc(cc2)*)CCCC1,tg,186.0,199.66747381463134
*OC(=O)NCCCCCCNC(=O)OCCCCCOC(=O)c1c(cccc1)C(=O)O[Pb]OC(=O)c1c(cccc1)C(=O)OCCCCC*,tg,-19.2,-18.03023423436943
*c1cc2c(C(=O)N(C2=O)c2cc(ccc2)P(=O)(c2cc(ccc2)N2C(=O)c3c(C2=O)cc(cc3)C(=O)Nc2nc(ccc2)NC(=O)*)c2ccccc2)cc1,tg,156.0,197.82862707786256
*NC(=O)c1c(cc(cc1)C(=O)NCCCCCCCCCC*)Oc1ccccc1,tg,94.0,85.0592999945916
*c1oc(nn1)c1oc(cc1)c1oc(nn1)c1ccc(cc1)[Si](c1ccc(cc1)*)(c1ccccc1)c1ccccc1,tg,264.0,255.03018191962127
*c1oc2c(n1)cc(cc2)c1cc2c(oc(n2)CN2C(=O)c3c(C2=O)cc(cc3)C(c2cc3c(C(=O)N(C3=O)C*)cc2)(C(F)(F)F)C(F)(F)F)cc1,tg,231.0,258.04644251088234
*C(C*)C(=O)OCC(C)(C)C,tg,22.0,-8.622714558961915
*CCCC(*)=S,egb,2.9464,2.902945450453018
*CC(=O)Nc1ccc(*)cc1,nc,1.8294,1.833350596887746
*CNON*,egc,5.3302,5.253220421745078
*c1ccc(-n2ccc(-c3cccc(-c4ccn(*)n4)c3)n2)cc1,egc,3.7316,3.437054199556075
*NC(C)=CC(*)=O,egc,3.6072,3.7031939205969033
*C(C*)(C(=O)OCCCCCCCCCCn1c2ccc(cc2c2ccccc12)N=Nc1ccc(cc1)[N+](=O)[O-])C,tg,36.0,78.36926114068248
*COc1ccc(O*)s1,ei,5.7358,5.788738650767041
*OC(F)(F)OC(*)(F)F,eps,3.8,3.6544928164029535
*c1ccc(-c2cnc3ccc(-c4ccc5ncc(*)nc5c4)cc3n2)cc1,egc,3.3577,3.312894851194007
*SC(=O)N(CC*)Cc1ccccc1,tg,32.0,35.76220893482242
*C(C*)(C(=O)OCCCCCCCCCCOc1ccc(cc1)C(=O)Oc1ccc(cc1)C(=O)C=Cc1c(c2c(n1C)cccc2)C)C,tg,72.0,59.16564032951893
*OC(=O)NCCCCCCCCCCNC(=O)OCC*,tg,60.8,72.56911405733317
*C(=O)OC1CC(*)N(C(=O)OCc2ccccc2)C1,egc,5.588,5.633686188192799
*c1cc2c(C(=O)N(C2=O)c2ccc(cc2)Oc2ccc(cc2)C2(c3c(C(=O)N2)cccc3)c2ccc(cc2)Oc2ccc(cc2)N2C(=O)c3c(C2=O)cc(cc3)C(=O)Nc2cc(ccc2)Oc2ccc(cc2)NC(=O)*)cc1,tg,302.0,292.8123273314818
*c1nc2c(c(c1c1ccccc1)c1ccccc1)cc(cc2)c1cc2c(nc(c(c2c2ccccc2)c2ccccc2)c2ccc(cc2)*)cc1,tg,376.25,380.3507506076806
*OC(=O)CCCCCCCCC(=O)OCC*,tg,-37.16,-35.74253885799266
*C(C*)(C(=O)Oc1c(cccc1C)C)C,tg,169.0,118.8182598381613
*NC(=O)C(C=C1)=CC=C1C(S2)=CC=C2*,egc,4.012,3.909589426962562
*CCNC(C=C1)=CC=C1*,egc,4.1674,4.309610239693205
*c1cc2c(C(=O)N(C2=O)c2ccc(cc2)S(=O)(=O)c2ccc(cc2)N2C(=O)c3c(C2=O)cc(cc3)C(=O)Nc2ccc(cc2)Oc2ccc(cc2)NC(=O)*)cc1,tg,281.0,298.35384009822235
*CCCCCNC(=O)C(CCCCCCCCCCCC)C(=O)N*,egc,5.7457,5.778078492368479
*Nc1ccc(cc1)c1ccc(cc1)NC(=O)c1cc(cc(c1)NC(=O)c1ccc(cc1)NC(=O)C(N1C(=O)c2c(C1=O)cccc2)C)C(=O)*,tg,202.0,225.460687282037
*CCCC(C=C1)=CC=C1*,egc,4.9932,5.181957014197381
*CC(*)C(=O)OCCSCC#N,egc,5.2595,5.158886106188767
*CC(*)c1ccc(C(=O)CCN2CCCCC2)cc1,egc,2.7084,2.427100432770848
*CCCCCCCCC(*)Cl,egc,6.9974,7.080121640691978
*NC(CCCCNC(=O)CCCCC(*)=O)C(=O)O,egc,5.7987,5.764734499268726
*c1nc2c(nc1)cc(cc2)c1cc2c(nc(cn2)c2ccc(cc2)c2ccc(cc2)*)cc1,tg,345.5,357.74424056184915
*C(C*)c1c2c(ccc1)cccc2,tg,159.0,172.61095698108215
*CC(CCl)(CCl)COC(=O)C(=O)O*,egc,5.906,5.691065600099243
*c1ccc(-c2ccc(-c3ccc(-n4c(=O)c5cc6c(=O)n(*)c(=O)c6cc5c4=O)cc3)cc2)cc1,egc,2.1515,1.9414273061723561
*Oc1cc(OC(=O)c2ccc(C=Nc3ccc(OCCCCCCOc4ccc(N=Cc5ccc(C(*)=O)cc5)cc4F)c(F)c3)cc2)c(Cl)cc1Cl,egc,2.9795,2.951655222378112
*NC(=O)C(=S)O*,eps,6.14,5.9373638814995155
*N1C(=O)C(CC1=O)(SCCOCCSC1(C(=O)N(C(=O)C1)c1ccc(cc1)Oc1ccc(cc1)N1C(=O)C(C(C1=O)C)SCCOCCSC1C(=O)N(C(=O)C1C)c1ccc(cc1)Oc1ccc(cc1)*)C)C,tg,145.0,133.77689288785942
*OC(=O)CCCCC(*)=O,egc,6.1659,6.150423866971977
*N1C(=O)c2c(C1=O)cc(cc2)C(=O)c1cc2c(C(=O)N(C2=O)CC(=O)Nc2ccc(cc2)Cc2ccc(cc2)NC(=O)C*)cc1,tg,233.0,228.6831640651113
*C(C(C(C*)c1ncccc1)c1ccccc1)c1ncccc1,tg,150.0,157.43417967152587
*CC(=O)c1ccc(C(*)=O)s1,nc,1.9246,1.9588319438913455
*N=C1C=CC(*)C=C1Cl,egc,4.0784,4.041574166584519
*c1ccc(Cc2ccc(N3C(=O)C(=O)N(*)C3=O)cc2)cc1,egc,3.5238,3.704741816803601
*N=P(*)(OCCC)OCCC,tg,-100.0,-88.04161148852488
*Oc1ccc(cc1)C(c1ccc(cc1)OC(=S)*)C,tg,101.67,119.48491096611122
*CC(*)C(=O)OCCC#N,egc,6.4368,6.6192411269572276
*CC(C)(C)COC(=O)CCC(=O)O*,egc,6.4486,6.7208235308730755
*c1ccc2ccc3c(*)cc(C#CC#C[Si](C)(C)C)c4ccc1c2c34,egc,2.225,2.2953132362592976
*N1C(=O)c2c(C1=O)cc(cc2)Oc1ccc(cc1)C1(CCC(CC1)C(C)(C)C)c1ccc(cc1)Oc1cc2c(C(=O)N(C2=O)Oc2c(cc(cc2C)C(c2cc(c(c(c2)C)O*)C)(C)C)C)cc1,tg,248.0,229.99609769728053
*CCOCCOC(=O)O*,eea,0.4954,0.6700531976686335
*CC#CC#CCOC(=O)CCC(=O)O*,egc,4.9872,4.941569426242801
*c1[nH]nc(c1)c1ccc(cc1)Oc1ccc(cc1)P(=O)(c1ccc(cc1)Oc1ccc(cc1)*)c1ccccc1,tg,296.0,288.16631934012196
*c1cc2c(C(=O)N(C2=O)c2c(cc(cc2)Cc2cc(c(cc2)N2C(=O)c3c(C2=O)cc(cc3)C(*)(C(F)(F)F)C(F)(F)F)C(C)(C)C)C(C)(C)C)cc1,tg,274.0,285.81068809073423
*N1C(=O)c2c(C1=O)cc(cc2)C(=O)c1cc2c(C(=O)N(C2=O)CCCC(=O)Nc2ccc(cc2)NC(=O)CCC*)cc1,tg,209.0,206.22458366211717
*CC(*)OC(=O)c1cccc(Cl)c1,egc,1.7974,2.2978351116331854
*c1cc2c(C(=O)N(C2=O)c2cc(cc(c2)c2oc3c(n2)cccc3)N2C(=O)c3c(C2=O)cc(cc3)C(=O)Nc2cc(cc(c2)c2nc3c([nH]2)cccc3)NC(=O)*)cc1,tg,371.0,364.5043270410714
*c1ccc(cc1)C(*)C,tg,79.43,154.9499020281855
*C1CC(CC1)C=C*,tg,39.97,51.66143866625606
*N1C(=O)c2c(C1=O)cc(cc2)S(=O)(=O)c1cc2c(C(=O)N(C2=O)CCCCCCOC(=O)c2cc(cc(c2)OCCCCCCOc2ccc(cc2)N=Nc2ccc(cc2)C#N)C(=O)OCCCCCC*)cc1,tg,83.0,73.29673093167472
*CC1CCC(COCO*)CC1,egc,6.4282,6.506530935202954
*Oc1cc(ccc1)NC(=O)c1cc(ccc1)C(=O)Nc1ccc(cc1)*,tg,236.75,219.06669539598175
*Oc1ccc(cc1)C(=O)OCCCOC(=O)c1ccc(cc1)*,tg,57.0,56.53913058820153
*OC(=O)CCSCc1ccc(cc1)Cc1ccc(cc1)CSCCC(=O)OCCSCc1ccc(cc1)Cc1ccc(cc1)CSCC*,tg,-4.6,12.501663508977849
*C(=O)C(O)c1ccc(*)s1,egc,4.0132,4.006287631738331
*OP(=O)(Oc1c(cc(cc1Br)C(c1cc(c(c(c1)Br)*)Br)(C(F)(F)F)C(F)(F)F)Br)Oc1ccc(cc1)[N+](=O)[O-],tg,154.0,144.93691369340343
*Oc1ccc(cc1)N1ON1c1ccc(cc1)OCCCCCCOC(=O)C(C(=O)OCCCCCC*)c1ccccc1,tg,23.0,16.57180506931205
*CCCCCC[N+](C)(C)CCC[N+](*)(C)C,egc,0.2161,0.5048024954297051
*OC(F)(C(*)(F)F)C(F)(F)F,egc,8.6002,8.964514721769472
*Oc1cc(ccc1)OC(=O)c1ccc(cc1)OC(=O)c1cc(ccc1)C(=O)Oc1ccc(cc1)C(=O)*,tg,156.75,183.75039499827315
*C(*)(F)Cl,egc,3.6564,4.716444227480134
*c1cc2c(C(=O)N(C2=O)c2ccc(cc2)C(=O)OCCOC(=O)*)cc1,tg,280.0,222.37427616652113
*Nc1ccc(-c2ccc(C(*)=S)s2)s1,eea,3.3026,3.0622166245550124
*OP(=O)(Oc1c(c(c(c(c1Cl)Cl)*)Cl)Cl)Oc1ccc(cc1)Cl,tg,119.0,106.6951665834784
*Oc6ccc(Oc5ccc(OC(=O)c4ccc(C3(c1ccc(C(*)=O)cc1)OC(=O)c2ccccc23)cc4)cc5)cc6,egc,3.6172,3.829886713767085
*OC(=O)c1ccc(cc1)C(=O)OCCOC(=O)CCC(=O)OCC*,tg,23.0,61.64086028630659
*N1C(=O)c2c(C1=O)cc(cc2)P(=O)(c1cc2c(C(=O)N(C2=O)c2cc(cc(c2)C(F)(F)F)*)cc1)c1ccccc1,tg,317.0,323.55288155838247
*c1[nH]nc(c1)c1ccc(cc1)Oc1ccc(cc1)C(=O)c1cc(ccc1)C(=O)c1ccc(cc1)Oc1ccc(cc1)*,tg,205.0,199.5732177812044
*Oc1ccc(cc1)c1ccc(cc1)Oc1c(cc(cc1)c1ccc(cc1)c1cc(c(cc1)*)C(F)(F)F)C(F)(F)F,tg,203.5,192.98278207270636
*c1cc(CCCCCCCCCC2COC(C)(C)O2)c(*)s1,egc,2.9938,2.798143210902281
*Nc1c(Br)cc(C(*)=O)cc1Br,egc,3.8726,3.9078449070453796
*Oc1c(cc(cc1)C(c1cc(c(cc1)OC(=O)c1ccc(cc1)C(=O)*)C(CC)C)(C)C)C(CC)C,tg,90.0,111.32948217666969
*CC(CC(*)(C#N)C#N)c1ccc(CCl)cc1,egc,5.4178,5.395991466928613
*CCCCNC(=O)CC(=O)N*,egc,5.9986,5.801852839759007
*C(C*)c1ccc(cc1)CCCCCC,tg,-27.0,-9.916767696842468
*C(C*)c1cc(c(c(c1)OC)O)OC,tg,147.0,156.56484690210073
*C(CCCCC*)C,tg,-66.0,-47.39619835274613
*Oc1ccc(cc1)Oc1ccc(cc1)C(=O)c1cc(ccc1)NC(=O)c1ccc(cc1)C(=O)Nc1cc(ccc1)C(=O)c1ccc(cc1)*,tg,210.0,211.7292585411181
*C(C*)OC(=O)c1cc(ccc1)Br,tg,57.5,59.726339007126185
*CCC(=O)Oc1ccc(OC(=O)CCN2CCN(*)C(C)C2)cc1,egc,4.6472,4.58529611376367
*OC(C*)(C)C,tg,92.0,9.432674824764002
*c1nc(ccc1)Oc1ccc(cc1)Oc1ccc(cc1)C(=O)c1ccc(cc1)Oc1ccc(cc1)O*,tg,124.0,131.8528870780664
*N1C(=O)c2c(C1=O)cc(cc2)C(=O)c1cc2c(C(=O)N(C2=O)CCCCCC*)cc1,tg,127.0,112.88183727843122
*Oc1ccc(cc1)Oc1ccc(cc1)Oc1cc(ccc1)C(=O)Oc1ccc(cc1)OC(=O)c1cc(ccc1)*,tg,101.0,128.1492298297734
*CC(=O)Oc1ccc(*)s1,nc,1.8447,1.8439688654155328
*NC(=S)NC(*)=S,egb,2.0315,2.2378365185605023
*CCCCCOC(=O)NCCCCCCNC(=O)O*,egc,6.4123,6.3229539589321435
*OC1CCC(CC1)OC(=O)C(=O)*,tg,139.6,118.28963709707196
*Cc1ccc(C(=S)c2ccc(*)cc2)cc1,eps,4.09,4.352687228278216
*C(=CC(C*)C)C,tg,2.08,6.580604665080218
*C(C*)C(=O)OCCOc1ccc(cc1)C(c1ccc(cc1)OCCO)(C)C,tg,22.0,62.257365530238324
*Oc1ccc(cc1)CC(NC(=O)CCc1ccc(cc1)OC(=O)CCC(=O)*)C(=O)OCc1ccccc1,tg,78.0,80.79768957306422
*Oc1ccc(cc1)C(c1ccc(cc1)Oc1ccc(cc1)C(=O)Nc1cc(c(cc1)c1c(cc(cc1)NC(=O)c1ccc(cc1)*)C(F)(F)F)C(F)(F)F)(C(F)(F)F)C(F)(F)F,tg,240.0,250.8258396428529
*CCc1ccc(-c2ccc(*)s2)cc1,eea,1.6982,1.6712044562839807
*Oc1c(cc(c(c1)OC(=O)c1ccc(cc1)OCCCC)OC(=O)C(CCC(=O)*)(C)C)OC(=O)c1ccc(cc1)OCCCC,tg,61.0,45.46295854267757
*N1C(=O)c2c(C1=O)c(ccc2)c1cc2c(C(=O)N(C2=O)c2cc(ccc2)OCCCCCOc2cc(ccc2)*)cc1,tg,168.0,175.10335273154485
*Oc1c2c(c(cc1)C=Cc1c(cc(c(c1)OC)C=Cc1c3c(c(cc1)OCCOCCOCC*)cccc3)OC)cccc2,tg,79.5,107.74838529114506
*c1ccc(Oc2ccc(-c3nnc(*)o3)cc2)cc1,egc,3.7488,3.700991763366337
*Nc1ccc(Nc2ccc(*)s2)cc1,eps,5.07,4.72346478185569
*CCCCCCCCCCOC(=O)c1cccc(C(=O)O*)c1,egc,5.173,5.19417816177282
*N1C(=O)c2c(C1=O)cc(cc2)Oc1ccc(cc1)C(c1ccc(cc1)Oc1cc2c(C(=O)N(C2=O)c2ccc(cc2)N(c2ccc(cc2)*)c2ccc(cc2)C#N)cc1)(C)C,tg,230.0,204.39475312285427
*OCC(C*)(CCl)CC,tg,20.0,2.0978207568266667
*O[Si](O[Si](Oc1ccc(cc1)c1ccc(cc1)*)(C)C)(C)C,tg,-4.0,44.54228081137829
*C(C*)c1c(ccc(c1)C(=O)OCCCC)c1ccc(cc1)OCCCCCCCC,tg,76.0,91.75401838153952
*OC(=O)OC(*)=O,nc,1.5714,1.6253919880798633
*Nc1ccc(NC(=O)NC(=O)NC(*)=O)s1,nc,1.9797,1.9839927013223044
*N1C(CN(C(C1)C)C(=O)Nc1ccc(cc1)c1ccc(cc1)NC(=O)*)C,tg,250.0,185.348301750484
*OC(=O)OCC1(CC=CCC1)C*,tg,30.0,44.079976629962545
*C(=S)CC(F)(F)C(*)(F)F,egb,2.143,2.1031796780076877
*c1ccc(-c2ccc(-c3nc(CCCCCCCCCCCC)c(-c4sc(*)nc4CCCCCCCCCCCC)s3)s2)s1,egc,2.2184,2.151875925289512
*Oc1ccc(C(=O)Nc2ccc(SCCC(*)=O)cc2)cc1,egc,3.9873,3.919556706223194
*C(=O)Nc1ccc(C2(c3ccc(N4C(=O)c5ccc(*)cc5C4=O)cc3)CCC(C(C)(C)CC)CC2)cc1,egc,2.8521,2.9848797923084374
*CC(*)(F)Cl,egc,6.2438,6.426327606345176
*CCCC(S1)=CC=C1*,egc,4.7481,4.751957595997196
*C1C[N+](CC1CC*)(C)C,tg,8.0,82.10278967846122
*C1=CC2=NC(*)=CC2=N1,egc,1.3051,1.4220217287495667
*c1cc2c(C(=O)N(C2=O)c2ccc(cc2)C=Cc2ccc(cc2)N2C(=O)c3c(C2=O)cc(cc3)C(=O)*)cc1,tg,303.0,302.4565023625103
*N1C(=O)c2c(C1=O)cc(cc2)C(=O)c1cc2c(C(=O)N(C2=O)CCCC(=O)Nc2ccc(cc2)Oc2ccc(cc2)NC(=O)CCC*)cc1,tg,198.0,194.17646285315584
*OC(=O)Nc1c(ccc(c1)NC(=O)OCCN(CC*)c1ccc(cc1)N=Nc1ccc(cc1)C=Cc1nc2c(n1CC)cc(cc2)[N+](=O)[O-])C,tg,171.0,168.5146525829975
*NOC(F)(F)C(*)(F)F,egb,6.3342,7.288776076906164
*OC(COC(=O)c1ccc(cc1)C(=O)*)COc1ccc(cc1)N=Nc1ccc(cc1)C#N,tg,122.0,139.07409723798366
*C(=S)Oc1ccc(-c2ccc(*)s2)s1,egb,1.9834,1.9290594432922354
*OC(=O)c1ccc(cc1)C(c1ccc(cc1)C(=O)OCC*)(CC)C,tg,94.0,87.87255886092056
*Nc1ccc(cc1)NC(=O)c1c(ccc(c1)c1cc(c(cc1)C(=O)OCC)C(=O)*)C(=O)OCC,tg,231.7,221.0250610426563
*c1cc2c(C(=O)N(C2=O)c2ccc(cc2)C(=O)Nc2cc(ccc2)Oc2ccc(cc2)S(=O)(=O)c2ccc(cc2)Oc2cc(ccc2)NC(=O)*)cc1,tg,235.0,225.92153045775703
*N1C(=O)c2c(C1=O)cc(cc2)C(c1cc2c(C(=O)N(C2=O)CC2C3C(CC2)C2C(CC3C2)C*)cc1)(C(F)(F)F)C(F)(F)F,tg,207.0,218.09649811752575
*Oc1ccc(cc1)N=C(c1ccc(cc1)Oc1ccc(cc1)C(c1ccc(cc1)Oc1ccc(cc1)C(=Nc1ccc(cc1)*)C)(c1ccccc1)c1ccccc1)C,tg,150.0,170.91191368660867
*C=Nc1cccc(N=Cc2cccc(*)n2)c1,egc,3.1599,3.145408126545307
*CCOCCOCCOCCOCCOc1ccc(C(=O)Nc2cc(NC(=O)c3ccc(O*)cc3)cc(-c3nc4ccccc4[nH]3)c2)cc1,egc,3.9357,3.7682733191171502
*C1COC2C1OCC2OC(=O)C=CC(=O)O*,tg,52.0,103.8960115191388
*c1cccc(N2C(=O)c3ccc(Oc4ccc(Oc5ccc(Oc6ccc7c(c6)C(=O)N(*)C7=O)cc5)cc4)cc3C2=O)c1,egc,3.2083,3.4194709354654926
*Cc1ccc(Cc2ccc(*)s2)s1,eps,3.65,3.6482531274276653
*OC1OC(*)C2CCCCC12,egc,6.0383,6.102361639496067
*OC(=O)C(NC(=O)CCCCCCCCC(=O)NC(C(=O)OCC=CC*)Cc1ccccc1)Cc1ccccc1,tg,46.0,57.03689675288364
*CC(=O)C(=S)C(*)=O,egb,1.4812,1.35210832774879
*CCCCCCOC(=O)C1CCC(C(=O)O*)CC1,egc,6.5806,6.620014028347895
*c1cc2c(C(=O)N(C2=O)c2cc(ccc2)N2C(=O)c3c(C2=O)cc(cc3)C(*)(C(F)(F)F)C(F)(F)F)cc1,tg,298.6,318.25464297528555
*CNCC(*)=S,eea,2.6857,2.5417966897838333
*c1ccc2c3n(c4ccc(cc4n3)Oc3cc4n5c(nc4cc3)c3cccc4c(ccc(c5=O)c34)Oc3ccc(cc3)C(c3ccc(cc3)O*)(C)C)c(=O)c3cccc1c23,tg,334.0,349.25088823065056
*C(C*)c1cc(ccc1)F,tg,86.0,84.9632443317385
*CC(*)C(=O)OCCCCCCSCC#N,egc,5.2126,5.091482348903714
*Oc1ccc(CC(NC(=O)CCc2ccc(OC(=O)CCCC(*)=O)cc2)C(=O)OCCOCCOCC)cc1,egc,5.2606,5.089913217080327
*Oc1ccc(cc1)C=C1C(=O)C(=Cc2ccc(cc2)OC(=O)c2ccc(cc2)N=Cc2ccc(cc2)C=Nc2ccc(cc2)C(=O)*)CC1,tg,205.0,170.9064009836471
*CCOCCOC(=O)C(CCCCCCC)C(=O)O*,egc,6.4036,6.4032515518412785
*c1ccc(-c2ccc(-c3ccc(-c4ccc(*)s4)cc3)cc2)cc1,ei,5.1853,5.170597773425802
*c1ccc(N(c2ccc(C#N)cc2)c2ccc(N3C(=O)c4ccc(-c5ccc6c(c5)C(=O)N(*)C6=O)cc4C3=O)cc2)cc1,egc,2.0474,2.1405873690393857
*N1C(=O)c2c(C1=O)cc(cc2)C(=O)Oc1ccc(cc1)OC(=O)c1cc2c(C(=O)N(C2=O)CCOCCOCC*)cc1,tg,105.0,104.26417427612117
*C(=O)Oc1ccc(OC(=O)c2ccc3c(c2)C(=O)N(c2ccc(Oc4ccc(N5C(=O)c6ccc(*)cc6C5=O)cc4)cc2)C3=O)c(-c2ccccc2)c1,egc,2.5898,2.6152986625696437
*c1cc(CCCCCCOC(=O)COc2ccccc2)c(*)s1,egc,2.6531,2.665173908483892
*Oc1ccc(cc1)OC(=O)c1c(cc(c(c1)OCCCCCCCCCOCC1N(CCC1)c1ccc(cc1)[N+](=O)[O-])C(=O)*)OCCCCCCCCCOCC1N(CCC1)c1ccc(cc1)[N+](=O)[O-],tg,34.0,45.55518096328384
*Oc1ccc(cc1)Oc1ccc(cc1)C(=O)c1c(cccc1)c1c(cccc1)C(=O)c1ccc(cc1)*,tg,175.0,161.3956297269625
*C(C*)OC(=O)C(C(F)(F)F)(F)F,tg,42.0,38.377475794525324
*C1(CCN(CC1)C(=O)C(CC(=O)N1CCC(CC1)(CCC*)C)C)C,tg,72.0,124.12123491061881
*Oc1c(cccc1)C(=O)OC(=O)c1c(cccc1)OC(=O)CCCCC(=O)*,tg,60.0,39.49262827847154
*c1sc(cc1)c1ccc(cc1)C=Nc1ccc(cc1)C(c1ccc(cc1)N=Cc1ccc(cc1)*)c1ccccc1,tg,129.0,199.2167385477117
*NC(C)CNC(=O)C1CC1C(*)=O,egc,5.5051,5.689637464134612
*OC(=O)c1ccc(C(=O)OC2COC3C(*)COC23)o1,egc,4.3511,4.271621366515662
*N1C(=O)c2c(C1=O)cc(c(c2)c1ccc(cc1)C(C)(C)C)c1cc2c(C(=O)N(C2=O)c2ccc(cc2)C(c2ccc(cc2)*)(C(F)(F)F)C(F)(F)F)cc1c1ccc(cc1)C(C)(C)C,tg,381.0,377.48983369992425
*OC(CC)C(*)=O,egc,6.3762,6.2857520523977595
*Oc1c(cc(cc1)NC(=O)NC1CC(CC(C1)(CNC(=O)Nc1cc(c(cc1)*)c1ccc(cc1)Oc1ccccc1)C)(C)C)c1ccc(cc1)Oc1ccccc1,tg,281.0,225.31755568614872
*Oc1cccc(C(=O)OCC(F)(F)C(F)(F)C(F)(F)COC(=O)c2cccc(*)c2)c1,egc,4.5011,4.695903923888813
*CCCCCCCCCCOC(=O)CCCCCC(=O)O*,egc,6.771,6.774950678837797
*C=CC1CC(*)C2(Cl)OC(=O)OC12Cl,egc,5.2615,5.309984183357969
*Oc1ccc(cc1)N(c1ccc(cc1)c1ccc(cc1)N(c1ccc(cc1)OCCCCCCCCCCCC*)c1ccccc1)c1ccccc1,tg,92.0,138.7492703584376
*CNCCNC(=O)OC*,egb,6.3647,6.079670648077009
*OP(=O)(OCCOc1c(cc(cc1)C=C1C(=O)C(=Cc2cc(c(cc2)OCC*)OC)CC1)OC)OCC,tg,80.0,88.59886701183176
*CC(*)C(=O)OCC(F)(F)C(F)(F)C(F)(F)F,egc,6.784,6.66099150812945
*N(C(C*)CC)C(=O)CCCC,tg,50.67,-2.1776663182887246
*C1(F)OC(C(F)(F)F)(C(F)(F)Cl)OC1(*)F,egc,8.2297,7.08066712937442
*C(=O)c1ccc2c(c1)C(=O)N(c1cccc(N3C(=O)c4ccc(*)cc4C3=O)c1C)C2=O,egc,3.3303,3.445824256168784
*CNCNC(=O)NC(=O)N*,eps,3.92,4.14197713960348
*c1oc2c(n1)cc(cc2)NC(=O)CCCCC(=O)Nc1cc2c(oc(n2)CCCCCCCC*)cc1,tg,87.2,66.57528289290074
*CC1(C)CC(*)(C)C(=O)OC1=O,egc,6.0049,6.062483162634373
*Oc1ccc(cc1)C(c1ccc(cc1)OC(=O)OCC1CCC(CC1)COC(=O)*)(C)C,tg,90.4,121.69190233437111
*OC(=O)OCC(O)C(O)COC(=O)OC1COC2C(*)COC12,egc,6.3954,6.412599380537304
*C(C*)C(=O)OC(C)(C)C,tg,40.66,73.48321115154599
*NNC(=O)CCC(=O)NNC(=O)CCCCCCCCC(*)=O,egc,5.7186,5.751821558327973
*c1ccc2n(c3c(c2c1)cc(cc3)C=C(C(=O)OCCCCCCOC(=O)C(=C*)C#N)C#N)CCCCCCCCCCCCCC,tg,53.0,63.109022550336306
*OC(C#CC#CC(OC(=O)c1ccc(cc1)C(=O)*)C)C,tg,133.0,105.60045215327023
*CC(=O)CO*,ei,6.97,6.774061582290768
*C=Cc1ccc(*)c2ccc(CCCCCC)cc12,egc,2.3017,2.4752117286965314
*NC(=O)C(CC(CC(=O)NCc1ccc(cc1)C*)(C)C)C,tg,125.0,117.00804288421358
*C(=O)c1ccc2c(c1)C(=O)N(c1ccc(-c3nc(-c4ccccc4)nc(-c4ccc(N5C(=O)c6ccc(*)cc6C5=O)cc4)n3)cc1)C2=O,egc,2.8991,2.9680649828809904
*C(C*)c1ccc(cc1)C[Si](C)(C)C,tg,82.0,56.37594019691751
*O[Si](O[Si](O[Si](O[Si](O[Si](O[Si](OC1=C(c2c3c(ccc2)cccc13)*)(C)C)(C)C)(C)C)(C)C)(C)C)(C)C,tg,-93.0,-41.94584298350187
*N1C(=O)c2c(C1=O)cc(cc2)Oc1ccc(cc1)c1ccc(cc1)Oc1cc2c(C(=O)N(C2=O)c2ccc(cc2)Oc2ccc(cc2)Oc2ccc(cc2)*)cc1,tg,212.0,218.54613290666794
*Oc1ccc(cc1)NC(=O)c1c(ccc(c1)c1cc(c(cc1)C(=O)O)C(=O)Nc1ccc(cc1)*)C(=O)O,tg,184.4,203.53037397230548
*CCCNC(=O)CCCCCCCCC(=O)NCCCOCCO*,egc,5.9244,5.859462655639472
*CCCCCCCCCCOC(=O)CCC(=O)O*,egc,6.7167,6.764284331625359
*N=Nc1ccc(-c2ccc(*)c(C)c2)cc1C,egc,2.1369,2.461337406230503
*Oc1ccc(cc1)CC(NC(=O)CCc1ccc(cc1)OC(=O)COCCOCC(=O)*)C(=O)OC,tg,63.0,66.25269148370822
*Oc1ccc(cc1)C1(C2C3C(CCC3)C(C1)C2)c1ccc(cc1)OC(=O)c1ccc(cc1)Oc1ccc(cc1)C1(CCC(CC1)C(C)(C)C)c1ccc(cc1)Oc1ccc(cc1)C(=O)*,tg,181.0,176.52537852069588
*Oc1ccc(cc1)Oc1ccc(cc1)NC(=O)c1cc(cc(c1)C(C)(C)C)C(=O)Nc1ccc(cc1)*,tg,195.5,233.25432359972544
*c1nc2c(c(c1)c1ccc(cc1)Oc1ccc(cc1)c1ccccc1)cc(cc2)c1cc2c(nc(cc2c2ccc(cc2)Oc2ccc(cc2)c2ccccc2)c2ccc(cc2)c2ccc(cc2)*)cc1,tg,318.0,326.5868255923261
*Oc1ccc(cc1)C(c1ccc(cc1)OCC(C*)OC(=O)C)(C)C,tg,60.0,74.48747262084599
*CNC(=S)c1ccc(*)s1,eea,2.3974,2.3896971082206044
*N1C(=O)c2c(C1=O)c(ccc2)Oc1ccc(cc1)Sc1ccc(cc1)Oc1c2c(C(=O)N(C2=O)c2ccc(cc2)Oc2ccc(cc2)*)ccc1,tg,234.0,242.2500557303144
*C(C*)C(=O)OCC(C(C(C(F)F)(F)F)(F)F)(F)F,tg,-35.0,-46.44430240856775
*Oc1ccc(cc1)CC(NC(=O)CCc1ccc(cc1)OC(=O)COCC(=O)*)C(=O)OCCCC,tg,64.0,52.9860897148204
*OC(=O)CCC(=O)OCCSCC*,tg,-34.0,-43.83145287120222
*CCCCCOC(=O)NCCSCCCCCCSCCNC(=O)O*,egc,5.1243,5.359195655594239
*c1ccc2c(nc([nH]2)c2ccc(cc2)c2nc3c([nH]2)ccc(c3)C(=O)Nc2cc(ccc2)NC(=O)*)c1,tg,294.0,304.29462755205134
*C(C*)c1ccc(cc1)[Si](C)(C)C,tg,136.0,155.32345221753434
*C(C*)c1ccc(cc1)Cn1c2ccccc2c2ccccc12,tg,166.0,187.99569758758685
*Oc1ccc(cc1)C1(c2ccccc2c2ccccc12)c1ccc(cc1)Oc1ccc(cc1)C=NN=Cc1ccc(cc1)*,tg,227.0,220.00721251733813
*N(c1ccc(cc1)/C=C(/C(=O)Nc1cc(ccc1)NC(=O)/C(=C/c1ccc(cc1)N(Cc1c(cccc1)C*)CC)/C#N)\C#N)CC,tg,188.0,199.1804176398908
*CCc1ccc(C(*)=S)cc1,nc,1.9173,1.8945109623043574
*C(C*)c1ccc(cc1)c1cc2C(c3c(c2cc1)cccc3)(CCCCCC)CCCCCC,tg,76.55,82.21083163314442
*SC(CC*)C,tg,-59.0,-55.639824267010816
*Nc1ccc(cc1)NC(=O)c1ccc(cc1)NC(=O)c1ccc(cc1)P(=O)(c1ccc(cc1)C(=O)*)c1ccccc1,tg,243.0,279.548401633364
*C(=O)c1ccc(OC(*)=S)s1,nc,2.3124,2.233231847937866
*CC(=O)CC(=O)*,egc,4.1544,4.473792081458744
*c1cc2c(C(=O)N(C2=O)c2ccc(cc2)Oc2c(cccc2)c2c(cccc2)Oc2ccc(cc2)N2C(=O)c3c(C2=O)cc(cc3)C(=O)Nc2ccc(cc2)Oc2c(cccc2)c2c(cccc2)Oc2ccc(cc2)NC(=O)*)cc1,tg,233.0,247.2988491947709
*C(=C*)c1c(c(c(c(c1F)F)CCCC)F)F,tg,110.0,123.22306557436728
*[n+]1ccc(cc1)c1cc[n+](cc1)Cc1ccc(cc1)C*,tg,95.0,94.20619195374785
*CNOC(C=C1)=CC=C1*,egc,4.831,4.695501440967765
*Nc1ccc(C(=S)c2ccc(*)cc2)cc1,egb,1.8785,1.7526710782859933
*Nc1ccc(cc1)C(c1ccc(cc1)NC(=O)c1cc2c(cc1)cc(cc2)C(=O)*)(P1(=O)c2ccccc2c2ccccc2O1)P1(=O)c2ccccc2c2ccccc2O1,tg,241.0,239.77465921528923
*N1C(=O)c2c(C1=O)cc(cc2)Oc1cc2c(C(=O)N(C2=O)CCCCCCCCCCCC*)cc1,tg,70.0,73.55204209686453
*c1c(C)cc(Cc2cc(C)c(N3C(=O)c4ccc(Oc5cccc6c(Oc7ccc8c(c7)C(=O)N(*)C8=O)cccc56)cc4C3=O)c(C)c2)cc1C,egc,3.4317,3.6352574777337967
*c1ccc2n(c3c(c2c1)cc(cc3)c1sc(cc1)c1c2c(nsn2)c(cc1)c1sc(cc1)*)C(CCCCCCCC)CCCCCCCC,tg,133.57,133.48188642730167
*CC(=O)NCC(=O)O*,egc,6.011,6.261555453532674
*c1cc(CC(=O)OCCN(CC)c2ccc(N=Nc3ccc([N+](=O)[O-])cc3)cc2)c(*)s1,egc,2.2179,2.282031569096287
*OP(=O)(OCCOc1ccc(cc1)S(=O)(=O)c1ccc(cc1)OCC*)Oc1ccc(cc1)C,tg,46.0,48.15713969759037
*Oc1ccc(cc1)C(c1ccc(cc1)OCC(CN(CC(C*)O)c1ccc(cc1)C#N)O)(C)C,tg,100.0,95.67408985328203
*Oc1ccc(cc1)S(=O)(=O)c1cc2c(cc1)ccc(c2)S(=O)(=O)c1ccc(cc1)*,tg,250.0,256.88276959202375
*CCCCCCNC(=O)CCCCCCCCCCCCCCC(=O)N*,egc,5.9557,5.865839513217138
*C(C(CC*)C)C,tg,-32.0,-17.544013278679365
*O[Si](c1cc(ccc1)C(C(c1cc(ccc1)[Si](*)(C)C)(F)F)(F)F)(C)C,tg,-2.0,38.74339181719521
*O[Si](*)(CCCOc1ccc(cc1)C(=O)Oc1ccc(cc1)c1ccc(cc1)OC(=O)c1cc(c(c(c1)OCCCCC)OCCCCC)OCCCCC)C,tg,48.67,66.42040509733981
*N1C(=O)c2c(C1=O)cc(cc2)C(c1cc2c(C(=O)N(C2=O)CCCCCC*)cc1)(C(F)(F)F)C(F)(F)F,tg,143.67,145.09374820113416
*C(C*)c1c(c(c(c(c1F)F)OC)F)F,tg,94.0,90.76844264178285
*C(C*)(C(=O)OCC1OC(OC1)c1ccccc1)C,tg,130.0,128.62664669391046
*C(C*)(C(=O)OC(C(F)(F)F)C(F)(F)F)C,tg,73.0,69.44214641893359
*OC(=S)Oc1ccc(*)s1,ei,6.1007,5.856422178110342
*c1cc2c(C(=O)N(C2=O)c2cc(c(cc2)c2c(cc(cc2)N2C(=O)c3c(C2=O)cc(cc3)C(=O)Oc2ccc(cc2)C(c2ccc(cc2)OC(=O)*)(C)C)C)C)cc1,tg,166.0,187.88618449939747
*NC(=O)NC(=O)c1ccc(C(=S)c2ccc(-c3ccc(*)s3)s2)s1,eea,2.9241,3.134595656794249
*C(C*)CCCC,tg,-49.86,-42.08734224848152
*CNC(=O)OCc1ccc(COCc2ccc(COC(=O)NCc3ccc(C(C)(C)c4ccc(*)o4)o3)o2)o1,egc,4.4843,4.389560951178702
*Nc1c(cc(cc1)*)OCCCCCCCCCCOc1ccc(cc1)C1CCC(CC1)CCCCC,tg,54.0,82.21438377817158
*c1ccc(-c2ccc(C(F)(F)C(*)(F)F)s2)s1,ei,5.8176,5.668385896047226
*OC(=S)Oc1ccc(*)cc1,egb,3.9415,4.046602448760031
*C(C*)(C(=O)OCCC(CC(C)(C)C)C)C,tg,1.0,20.177340823977374
*c1cc2c(C(=O)N(C2=O)c2ccc(cc2)S(=O)(=O)c2ccc(cc2)N2C(=O)c3c(C2=O)cc(cc3)C(=O)Nc2ccc(cc2)Oc2ccc(cc2)Oc2ccc(cc2)NC(=O)*)cc1,tg,243.0,260.43765217704635
*Oc1ccc(Oc2ccc(C(=O)c3cccc(-c4cccc(C(=O)c5ccc(*)cc5)c4)c3)cc2)cc1,egc,3.724,3.7191582761738804
*CCC(C)(C)CC(C)CNC(=O)CCCCC(=O)N*,egc,5.8095,5.81562867602349
*c1cc2c(C(=O)N(C2=O)c2c(cc(c(c2)Cl)N2C(=O)c3c(C2=O)cc(c(c3)Cl)C(=O)*)Cl)cc1Cl,tg,367.0,331.2268837898653
*c1ccc2cc(-c3nc4cc5nc(*)[nH]c5cc4[nH]3)ccc2c1,egc,3.1978,3.359384627881133
*c1cc2c(C(=O)N(C2=O)c2cc(ccc2)N2C(=O)c3c(C2=O)cc(cc3)C(=O)OCCN(CCOC(=O)*)c2ccc(cc2)N=Nc2ccc(cc2)[N+](=O)[O-])cc1,tg,210.0,161.94608120119176
*OS(=O)(=O)c1c(ccc(c1)S(=O)(=O)Oc1ccc(cc1)C1(CCCCC1)c1ccc(cc1)*)C,tg,140.0,129.55825707464163
*N1C(=O)c2c(C1=O)cc(cc2)Oc1ccc(cc1)S(=O)(=O)c1ccc(cc1)Oc1cc2c(C(=O)N(C2=O)c2cc(ccc2)S(=O)(=O)c2cc(ccc2)*)cc1,tg,205.0,228.75904044957525
*N1C(=O)c2c(C1=O)c(ccc2)c1cc2c(C(=O)N(C2=O)c2cc(ccc2)OCCCCCCCCCCCCOc2cc(ccc2)*)cc1,tg,116.0,108.52263374175014
*OC(=O)CCCCCCCCCCC(=O)OCC(=O)NCCCCCCNC(=O)C*,tg,0.9,9.551150513950265
*c1cc2c(C(=O)N(C2=O)c2c(cc(cc2C)C(c2cc(c(c(c2)C)N2C(=O)c3c(C2=O)cc(cc3)C(*)(C(F)(F)F)C(F)(F)F)C)c2cc(ccc2)C(F)(F)F)C)cc1,tg,286.1,275.9367549047908
*NCC(F)(F)C(*)(F)F,nc,1.5942,1.598060125636914
*c1nc2c(c(c1)c1ccccc1)cc(cc2)Oc1cc2c(nc(cc2c2ccccc2)c2c(ccc(c2)*)OCCN(c2ccc(cc2)C(=C(C#N)C#N)C#N)CC)cc1,tg,200.0,201.77012346981866
*c1cc2c(C(=O)N(C2=O)c2ccc(cc2)Oc2cc3c(cc2Oc2ccc(cc2)N2C(=O)c4c(C2=O)cc(cc4)C(=O)*)cccc3)cc1,tg,246.0,228.64405947826063
*Oc1cc(c(cc1)CCc1ccc(cc1)OCCCCCCCCCCC*)C,tg,3.9,-11.243580896347458
*CC(=O)Nc1ccc(*)cc1,eea,1.369,1.146376504611659
*CCOCCOCCOCCOCCOc1ccc(C=C(C)c2ccc(O*)cc2)cc1,egc,3.9391,3.891771381626813
*c1ccc2cc(-c3nc4cc5sc(*)nc5cc4s3)ccc2c1,egc,3.27,3.131943479755821
*c1cc2c(C(=O)N(C2=O)c2cc(ccc2)C(=O)OCCOC(=O)*)cc1,tg,220.0,245.98120059672146
*c1nc2cc3c(cc2nc1)ncc(n3)c1ccc(cc1)*,tg,392.0,365.1407706766501
*Oc1ccc(Oc2ccc(*)cc2)s1,eps,3.82,3.8621978901828413
*CCCCCS*,ei,5.7733,6.242425092685852
*N1C(=O)c2c(C1=O)cc(cc2)c1cc2c(C(=O)N(C2=O)c2cc(ccc2)C(=O)Nc2ccc(cc2)Oc2ccc(cc2)Oc2ccc(cc2)Oc2ccc(cc2)NC(=O)c2cc(ccc2)*)cc1,tg,244.0,243.77422677466237
*CC(=O)Nc1ccc(Oc2ccc(NC(=O)CN3C(=O)c4ccc(C(=O)c5ccc6c(c5)C(=O)N(*)C6=O)cc4C3=O)cc2)cc1,egc,2.2667,2.5332131180999795
*CNc1ccc(-c2ccc(*)cc2)s1,egb,3.3441,3.4252135672586035
*OC(C)CCCC(C)C(*)=O,egc,6.6886,6.570545313780881
*Oc1c(cc(cc1C)*)C,tg,204.61,177.54901319769695
*c1nc(nc(n1)N(CCCCN(*)c1ccccc1)c1ccccc1)C,tg,89.5,96.10822038645556
*O[Si](CCC(C(C(C(C(C(C(C(C(C(CC[Si](*)(CCC(F)(F)F)C)(F)F)(F)F)(F)F)(F)F)(F)F)(F)F)(F)F)(F)F)(F)F)(F)F)(CCC(F)(F)F)C,tg,-11.0,-32.62884701301448
*c1ccc2c(c1)C(=O)N(c1ccc(C(C)(C)C(*)(C(F)(F)F)C(F)(F)F)cc1)C2=O,egc,3.3094,3.6935131534100187
*c1cc2c(C(=O)N(C2=O)c2c3c(ccc2)c(ccc3)Oc2ccc(cc2)N2C(=O)c3c(C2=O)cc(cc3)C(=O)Nc2c(cc(cc2)c2cc(c(cc2)NC(=O)*)OC)OC)cc1,tg,304.0,272.03735940332996
*Nc1c(cc(cc1)NC(=O)c1ccc(cc1)NC(=O)CCCCCCCCCCC(=O)Nc1ccc(cc1)C(=O)*)C(=O)OCCCCCCCCCCCCCC,tg,199.5,206.01521600642135
*c1cc2c(C(=O)N(C2=O)c2cc(cc(c2)c2oc3c(n2)cccc3)N2C(=O)c3c(C2=O)cc(cc3)C(=O)Nc2ccc(cc2)S(=O)(=O)c2ccc(cc2)NC(=O)*)cc1,tg,367.0,338.7618176062763
*C(C*)(C(=O)OCCCCCCOc1cc2c(cc1)cc(cc2)C(=O)Oc1ccccc1)C,tg,39.0,53.33108544607333
*C(C*)c1c(c(c(c(c1F)F)OCC(C(C(C(C(C(C(F)(F)F)(F)F)(F)F)(F)F)(F)F)(F)F)(F)F)F)F,tg,21.0,35.97234305587791
*C=Cc1ccc(*)n1CCCCCC,egb,1.3683,1.1693403694121096
*C(C=C1)=CC=C1OC(S2)=CC=C2O*,egc,4.6798,4.666334290105576
*Oc1ccc(-c2ccc(-c3ccc(*)cc3)cc2)s1,nc,2.1534,2.0982877847923924
*C=CC(C)(C)CC(C#N)C*,egb,5.2738,5.059942464757898
*C(C*)c1c(cccc1)C(=O)OCC(C)C,tg,127.0,76.56640242413076
*ON(C(F)(F)F)C(F)(F)C(F)=C(F)C(*)(F)F,egc,4.6645,4.7698855879482815
*CC(C)(C)COC(=O)CCCCCCC(=O)O*,egc,6.7281,6.792144118201665
*Nc1cc(ccc1)NC(=O)CCCCC(=O)*,tg,113.35,115.2680252551728
*CC(C)CNC(=O)O*,egc,6.3739,6.349453449636149
*C(C*)(C(=O)OCCCCCCOc1ccc(cc1)N=Nc1ccc(cc1)OC)C,tg,82.0,80.37850112009914
*Oc1ccc(C(=O)CNCCCCCCCCNCC(=O)c2ccc(*)cc2)cc1,egc,3.8153,3.5125469427777354
*Oc1ccc(cc1)CC(NC(=O)CCc1ccc(cc1)OC(=O)CCCCC(=O)*)C(=O)OCCCCCC,tg,35.57,34.62794214518038
*Oc1ccc(cc1)C1(c2c(CC1)cccc2)c1ccc(cc1)OC(=O)*,tg,219.0,253.35224715538388
*CCCCCCOC(=O)NCCCCCCCCCCNC(=O)O*,egc,6.321,6.333530860507266
*CNC(=S)C(*)=O,eps,5.35,5.117806013582172
*C(=O)C(S1)=CC=C1C(=S)C(S2)=CC=C2*,egc,2.0759,2.007835978442803
*C(=O)C(=S)OC(*)=S,nc,2.3004,2.2921413422989043
*Sc1ccc(cc1)C(=O)c1ccc(cc1)C(c1ccc(cc1)C(=O)c1ccc(cc1)*)(C)C,tg,175.0,154.54926763605073
*c1ccc(C(F)(F)C(=O)C(*)(F)F)s1,eps,4.05,3.9897102346471187
*Oc1c(cccc1)C(=O)OC(=O)c1c(cccc1)OC(=O)c1ccc(cc1)C(=O)*,tg,120.0,130.20412002967294
*Nc1ccc(C(=O)c2ccc(*)s2)s1,ei,5.2456,5.378326149434166
*CCCCCCCCCCC(=O)NCCCCCOCCCCCNC(=O)CCCO*,egc,5.4741,5.837543922253333
*c1cc2c(C(=O)N(C2=O)c2cc(cc(c2)C(F)(F)F)N2C(=O)c3c(C2=O)cc(cc3)C(=O)*)cc1,tg,276.75,287.46466430562623
*CC(*)n1nnc2ccccc21,egc,4.0479,4.181807390133395
*CCCCOC(=O)NCCCCNC(=O)O*,egc,6.3043,6.311375653488346
*C(C*)CCCCCCCC,tg,-35.0,-56.37731787631408
*CC(*)C(=O)OC(OCC)C(F)(F)F,egc,6.3353,6.326730842091685
*ON(C(C(*)(F)F)(Br)F)C(F)(F)F,tg,3.0,-10.375836607345919
*c1ccc(C(=O)Nc2ccc(-n3c(=O)c4cc5c(=O)n(*)c(=O)c5cc4c3=O)cc2C(=O)OCC)cc1,egc,2.463,2.3540429359249995
*Nc1ccc(cc1)C(c1ccc(cc1)NC(=O)c1cc(cc(c1)NC(=O)C12CC3CC(CC(C1)C3)C2)C(=O)*)(C(F)(F)F)C(F)(F)F,tg,365.0,332.7696564294201
*S(=O)(=O)c1ccc(cc1)Nc1c(c(c(c(c1F)F)c1c(c(c(c(c1F)F)Nc1ccc(cc1)*)F)F)F)F,tg,332.0,279.00822166730387
*c1ccc(-c2ccc(-c3sc(*)c4c3OCCO4)s2)s1,egc,1.3916,1.7295769112966053
*C(=O)C(F)(F)CC(*)(F)F,eea,3.352,3.484107237194014
*c1sc2cc3c(cc2n1)sc(n3)c1ccc(cc1)Oc1ccc(cc1)n1c(=O)c2cc3c(cc2c1=O)c(=O)n(c3=O)c1ccc(cc1)Oc1ccc(cc1)*,tg,400.0,397.26851896776924
*Nc1cccc(C(*)=O)c1,egc,4.1556,4.162009103467755
*OC(=O)COCC(=O)OCCCC*,tg,-27.0,-15.780006859999185
*NC(=O)c1ccc(O*)cc1,ei,6.7472,6.787508889524998
*c1nc2c(c(c1)c1ccccc1)cc(cc2)Oc1cc2c(nc(cc2c2ccccc2)c2ccc(cc2)c2ccc(cc2)c2ccc(cc2)c2ccc(cc2)*)cc1,tg,298.33,282.6530193583473
*OC(=O)CCCCCCCCC(=O)OCCOCC*,tg,-74.5,-39.15299716588369
*C(C*)(C(=O)OCCCCCCCCCCOc1ccc(cc1)OC(=O)c1ccc(cc1)OCCCCCC)C,tg,41.0,17.945843723228784
*Oc1ccc(cc1)[Si](c1ccc(cc1)OC(=O)c1cc2Cc3c(c2cc1)ccc(c3)C(=O)*)(c1ccccc1)c1ccccc1,tg,72.1,144.62882711714548
*c1cccc(-c2nc3cc(-c4ccc5nc(*)c(-c6ccc7ccccc7c6)nc5c4)ccc3nc2-c2ccc3ccccc3c2)c1,egc,3.0367,2.9514410647638254
*c1ccc(cc1)c1c(cc(c(c1)OCCCCCC)c1ccc(cc1)C=C1C(=O)C(=C*)CCC1)OCCCCCC,tg,85.0,114.1168247828847
*CC(*)OC(=O)CC1CCCC1,egb,6.4741,6.698636150586307
*S(=O)(=O)c1ccc(cc1)NC(=O)c1cc(ccc1)C(=O)Nc1ccc(cc1)*,tg,78.0,159.77555445509142
*OC(c1ccccc1)C(C)(C)C(*)=O,egc,5.5004,5.428778861763518
*O[Si](*)(OCCOCCOCCOCCOCCOCCOCCOCCOC)C,tg,-78.0,-65.34272545804855
*OC(C(C(*)(F)F)(F)F)(F)F,tg,-109.82,-33.88776400901565
*C(=C(*)c1ccccc1)c1cc(ccc1)[Si](C)(C)C,tg,200.0,184.9396621428404
*NC(=O)C(=CC(=O)NCc1cc(ccc1)C*)C,tg,135.0,118.79021541143672
*C(C*)C(=O)OCCCCCCOc1ccc(cc1)C(=O)Oc1ccc(cc1)OC,tg,24.75,23.253563420997814
*c1sc(*)c(OCCCCCC)c1C,egc,3.4475,3.353474257855026
*Oc1cc(c(cc1)C(=O)c1ccccc1)c1c(ccc(c1)Oc1ccc(cc1)c1ccc(cc1)*)C(=O)c1ccccc1,tg,174.0,187.20050811256246
*Cc1ccc(-c2ccc(-c3ccc(*)s3)s2)s1,eps,4.39,4.701896821240753
*c1cc(N=Nc2ccc(C(=O)O)cc2)cc(*)c1O,egc,2.9911,2.9776318091230043
*OCC(C*)(CC)C,tg,-47.0,-32.18452294190999
*O[Si](O[Si](c1ccc(cc1)[Si](*)(C)C)(C)C)(C)C=C,tg,-63.0,-54.06235419803825
*c1cc2c(C(=O)N(C2=O)c2c(cc(c(c2C)N2C(=O)c3c(C2=O)cc(cc3)C(=O)*)C)C)cc1,tg,401.33,378.3055803914909
*COc1ccc(-c2ccc(*)cc2)s1,egb,3.0939,3.3370977647211437
*Nc1c(cc(cc1)c1cc(c(cc1)NC(=O)c1cc(ccc1)C(=O)*)OC)OC,tg,218.2,279.63895548681904
*Oc1ccc(cc1)OC(=O)c1c(cc(cc1)C(=O)*)Oc1ccc(cc1)c1ccccc1,tg,112.5,117.01295936778615
*CC(=O)C(*)C,egc,4.7758,5.016152878832234
*NC(=O)Oc1ccc(*)s1,ei,5.369,5.5761148879220475
*CCCOC(=O)CCCCCCCCCC(=O)O*,egc,6.7744,6.83910682284853
*OC(=O)CCS(=O)(=O)CCC(*)=O,egc,6.2922,6.202032506901119
*Oc1c(cc(cc1Cl)C(c1cc(c(c(c1)Cl)OC(=O)c1ccc(cc1)OCCCCCCCCCCOc1ccc(cc1)C(=O)*)Cl)(C)C)Cl,tg,140.0,108.38829172756705
*C(=O)CCCCC(=O)N1CCN(*)CC1,egc,5.6091,5.630396218284836
*CC(=O)c1ccc(-c2ccc(*)s2)cc1,ei,5.9294,6.003207136728044
*c1cc2C(c3c(c2cc1)ccc(c3)C=Cc1ccc(cc1)C=C*)(CCCCCCOc1ccc2c(c1)oc(=O)cc2)CCCCCCOc1ccc2c(c1)oc(=O)cc2,tg,104.0,115.6305260084818
*Oc1ccc(cc1)C(c1ccc(cc1)OC(=O)SCCCSC(=O)*)(C)C,tg,90.0,78.04568531646662
*C(=C*)c1c(cccc1)C(F)(F)F,tg,130.0,161.31173461611078
*N1C(=O)c2c(C1=O)c(ccc2)Oc1ccc(cc1)S(=O)(=O)c1ccc(cc1)Oc1c2c(C(=O)N(C2=O)c2ccc(cc2)Oc2ccc(cc2)*)ccc1,tg,267.0,254.20142315605503
*CCCCCCCCCOC(=O)c1ccc(NC(=O)CCCCCCCCC(=O)Nc2ccc(C(=O)O*)cc2)cc1,egc,4.1632,4.139734714936114
*N1C(=O)c2c(C1=O)cc(cc2)C(=O)c1cc2c(C(=O)N(C2=O)CCCCCCCCCCCC*)cc1,tg,87.5,86.61232140511667
*C(C*)c1ccc(cc1)C(CCN1CCOCC1)O,tg,50.0,55.7124973404716
*CCC(Cl)C(*)Cl,egc,6.5471,6.964306384881022
*CC(C)O*,egb,6.9903,6.8729475023155215
*Oc1cc2c(cc1OC(=O)c1ccc(cc1)Oc1ccc(cc1)C(=O)*)cccc2,tg,148.0,153.1426212936018
*C(C*)c1ccc(cc1)[Si](O[Si](C)(C)C)(O[Si](C)(C)C)O[Si](C)(C)C,tg,114.0,105.96482875327686
*CCCP(CCCNC(=O)CCCCCCCCC(=O)N*)c1ccccc1,egc,4.6632,4.574655805429872
*c1ccc(-c2ccc(C(F)(F)C(*)(F)F)s2)s1,nc,1.9785,1.9800669631815557
*C(C*)(C(=O)OCC#CO[Si](C)(C)C)C,tg,57.0,51.394067774770534
*c1ccc(CC(F)(F)C(*)(F)F)cc1,nc,1.7264,1.7078850311423124
*Oc1ccc(C(C)=Cc2ccc(OC(=O)OCCCCCCOC(*)=O)cc2)cc1,egc,4.2293,4.214753311467173
*CCC(C)C(C)CCNC(=O)c1cccc(C(=O)N*)c1,egb,4.7199,4.557558980905217
*c1c2C(=O)N(C(=O)c2c(c2ccccc12)c1ccc(cc1)Oc1ccc(cc1)S(=O)(=O)c1ccc(cc1)Oc1ccc(cc1)*)c1c(cccc1)C(F)(F)F,tg,290.0,280.19567272708963
*c1nc2c(nc1c1ccccc1)cc(cc2)Oc1cc2c(nc(c(n2)c2ccccc2)c2ccc(cc2)*)cc1,tg,304.0,318.2645930288176
*Oc1c(cc(cc1)C1(C2C3C(CCC3)C(C1)C2)c1cc(c(cc1)OC(=O)*)C)C,tg,217.0,216.49550349881983
*Nc1ccc(*)cc1F,egc,3.5047,3.744261560972985
*c1ccc2[nH]c(*)nc2c1,egc,3.9385,3.7709196399737115
*CCCCCCCCn1c(=O)c2ccc3c4ccc5c(=O)n(*)c(=O)c6ccc(c7ccc(c1=O)c2c37)c4c56,egc,2.0224,2.2459119183877436
*NC(=O)CCCCCCCCCCCCC(=O)NCCCCCCCCCCCC*,tg,49.0,66.92319603996529
*c1cc2c(C(=O)N(C2=O)c2ccc(cc2)c2ccc(cc2)N2C(=O)c3c(C2=O)cc(cc3)C(=O)*)cc1,tg,337.0,321.25646512304695
*c1c([nH]c(n1)c1ccc(cc1)c1[nH]c(c(n1)c1ccc(cc1)Oc1ccc(cc1)C(=O)c1cc(ccc1)C(=O)c1ccc(cc1)Oc1ccc(cc1)*)c1ccccc1)c1ccccc1,tg,264.5,271.7412188722113
*N1C(=O)c2c(C1=O)cc(cc2)Oc1ccc(cc1)Oc1cc2c(C(=O)N(C2=O)c2ccc(cc2)C(c2ccc(cc2)*)(C)C)cc1,tg,264.0,259.9214698470634
*CC(=O)c1ccc(-c2ccc(*)cc2)cc1,ei,6.2808,6.333392134955242
*Nc1ccc(NC(*)=S)s1,egb,2.1538,2.281628096219063
*Oc1ccc(cc1)C(=Cc1ccc(cc1)OCCOCC*)C,tg,39.0,38.65533158453562
*Oc1ccc(cc1)C(c1ccc(cc1)Oc1ccc(cc1)C(=O)c1ccc(cc1)C(c1ccc(cc1)C(=O)c1ccc(cc1)*)(C)C)(C)C,tg,171.0,168.7185964054765
*c1ccc(N2C(=O)c3ccc(-c4cccc5c4C(=O)N(c4ccc6[nH]c(*)nc6c4)C5=O)cc3C2=O)cc1,egc,2.9114,2.778605752333846
*NC(=O)CCCCCCCCCCCCCCC(=O)NCCCCCCCCCC*,tg,45.0,50.159134553758804
*Oc1ccc(cc1)P(=O)(c1ccc(cc1)Oc1ccc(cc1)C(c1ccc(cc1)*)(C(F)(F)F)C(F)(F)F)c1ccccc1,tg,210.5,216.94420121628514
*Oc1ccc(cc1)C1(CC2C(CC1)CCCC2)c1ccc(cc1)OC(=O)c1cc(ccc1)C(=O)*,tg,248.0,247.46083373020554
*Oc1ccc(cc1)C(=O)OCCOCCOCCOCCOC(=O)c1ccc(cc1)OC(=O)c1ccc(cc1)C(=O)*,tg,25.0,47.17100306980158
*OP(=O)(Oc1c2c(ccc1)c(ccc2)*)Oc1ccccc1,tg,138.0,132.6601526266611
*Nc1ccc(Nc2ccc(*)cc2)cc1C(=O)O,egc,2.6737,2.597720105611125
*N1C(=O)c2c(C1=O)cc(cc2)Oc1ccc(cc1)Oc1ccc(cc1)Oc1cc2c(C(=O)N(C2=O)c2ccc(cc2)Oc2ccc(cc2)Sc2ccc(cc2)Oc2ccc(cc2)*)cc1,tg,198.5,191.9539733146201
*C(C*)C(=O)Oc1ccc(cc1)C(=O)OCCCC,tg,13.0,32.02783879012159
*OC(C(=O)OCC(=O)*)C,tg,43.0,35.81715401143827
*N1C(=O)c2c(C1=O)cc(cc2)c1cc2c(C(=O)N(C2=O)CCCCCCOC(=O)OCCCCCC*)cc1,tg,71.0,69.52041987893033
*Oc1cc(ccc1)N(c1ccc(cc1)c1ccc(cc1)N(c1cc(ccc1)OC(=O)OCCOCCOC(=O)*)c1ccccc1)c1ccccc1,tg,113.0,90.6329541453209
*CCCCCCCCC(=O)NCCCCCOCCCCCNC(=O)CCCCO*,egc,5.8271,5.763965673372697
*OCC(C*)(CS(=O)(=O)CCC)CS(=O)(=O)CCC,tg,71.0,82.58598547707072
*ON(C(C(*)(F)F)(F)F)C(F)(F)F,tg,-40.62,-59.803354100074415
*N1C(=O)c2c(C1=O)c(ccc2)c1cc2c(C(=O)N(C2=O)c2ccc(cc2)*)cc1,tg,407.6,393.01955044521725
*c1ccc(C(F)(F)NC(*)(F)F)cc1,eea,2.1641,2.260861768295405
*Cc1ccc(C(=S)c2ccc(*)cc2)cc1,egb,2.3058,2.442805164314468
*Oc1ccc(cc1)c1ccc(cc1)Oc1c(cc(cc1)C(=O)c1cc(c(cc1)*)S(=O)(=O)O)S(=O)(=O)O,tg,225.0,238.45512992513866
*c1cc2c(C(=O)N(C2=O)c2ccc(cc2)Oc2ccc(cc2)N2C(=O)c3c(C2=O)cc(cc3)C(=O)Nc2ccc(cc2)Oc2ccc(cc2)c2ccc(cc2)Oc2ccc(cc2)NC(=O)*)cc1,tg,262.0,271.6612781662729
*NC(Cc1ccccc1)C(*)=O,egc,5.5152,5.128217211781259
*c1cc2c(C(=O)N(C2=O)c2ccc(cc2)Oc2ccc(cc2)S(=O)(=O)c2ccc(cc2)Oc2ccc(cc2)N2C(=O)c3c(C2=O)cc(cc3)C(=O)c2cc(cc(c2)C(C)(C)C)C(=O)*)cc1,tg,254.5,241.16944113990104
*NC(=O)CCCCCCCCCCCCCC*,tg,-7.0,26.955798445098836
*C=C(C(C*)(F)F)F,tg,-35.0,1.3452614684843847
*c1ccc2c3n(c4ccc(cc4n3)c3cc4n5c(nc4cc3)c3cccc4c(ccc(c5=O)c34)Oc3ccc(cc3)C(c3ccc(cc3)O*)(C)C)c(=O)c3cccc1c23,tg,380.0,388.8670527523055
*CC(C)(C)COC(=O)NC1CCC(CC2CCC(NC(=O)O*)CC2)CC1,egc,5.9159,5.934668637180539
*O[Si](c1ccc(cc1)c1ccc(cc1)[Si](*)(C)C)(C)C,tg,67.0,62.621591136648725
*Oc1cc(ccc1)NC(=O)c1ccc(cc1)C(=O)Nc1cc(ccc1)OCCOCC*,tg,140.0,144.37727330428712
*c1cc2Sc3c(Sc2cc1)cc(cc3)S*,tg,209.9,196.16890898555363
*O[Si](O[Si](O[Si](O[Si](OC(CCCCC(*)C)C)(C)C)(C)C)(C)C)(C)C,tg,-98.0,-80.03736699252644
*Oc1ccc(cc1)C1(CCC(CC1)C(C)(C)C)c1ccc(cc1)Oc1ccc(cc1)C(=O)Oc1ccc(cc1)C(c1ccc(cc1)OC(=O)c1ccc(cc1)*)(C)C,tg,144.0,133.21136630320515
*c1sc(cc1)c1sc(c(c1)CCCCCCCC)c1sc(cc1)c1sc(cc1)c1sc(cc1CCCCCCCC)c1sc(cc1)[Si]([Si]([Si]([Si]([Si]([Si]([Si]([Si](*)(C)C)(C)C)(C)C)(C)C)(C)C)(C)C)(C)C)(C)C,tg,13.0,12.449421121811751
*Oc1ccc(cc1)S(=O)(=O)c1ccc(cc1)Oc1ccc(cc1)C=NN=Cc1ccc(cc1)*,tg,151.0,170.15687533043157
*SC1CCCC(*)C1,egb,5.2199,5.032517074526017
*NC(CC(*)=O)C(=O)OC,egc,5.61,5.969124651698911
*Oc1ccc(Oc2ccc(C(=O)c3ccc(*)cc3)cc2)cc1CC#N,egc,4.0183,3.9008168226620406
*C(=O)c1ccc(C(=S)c2ccc(*)s2)cc1,eps,5.13,5.490740231975886
*NC(=O)c1ccc(NC(=S)c2ccc(Nc3ccc(*)cc3)cc2)s1,eea,2.5831,2.7169886053121113
*CC(=O)C(=S)O*,ei,6.719,7.142351763043563
*CCOC(=O)NCCOCCOCCNC(=O)O*,eea,0.573,0.7807488916216637
*Oc1ccc(cc1)NC(=O)CCCCC(=O)Nc1ccc(cc1)OCC(COc1ccc(cc1)C(c1ccc(cc1)OCC(C*)O)(C)C)O,tg,112.0,99.94845804888607
*OC(=O)Nc1ccc(cc1)CCCc1ccc(cc1)NC(=O)OCC*,tg,74.1,84.40197045899217
*Oc1ccc(cc1)CC(NC(=O)CCc1ccc(cc1)OC(=O)CCC(CC(=O)*)C)C(=O)OC,tg,53.0,68.58136880268395
*c1cc2sc(*)cc2s1,egc,1.8963,2.163490208358908
*C(=O)c1ccc(-c2ccc(-c3ccc(*)s3)s2)s1,ei,5.3929,5.368214873692491
*C(C*)C(=O)OCCOc1ccc(cc1)C(=O)Oc1ccc(cc1)OC(=O)c1ccc(cc1)OCCCCC,tg,46.0,58.76819339790011
*CNOc1ccc(*)s1,nc,1.8539,1.8434569278939454
*C(=O)C(C=C1)=CC=C1OC(S2)=CC=C2*,egc,3.6478,3.781736432687961
*CCC(=O)N*,eea,1.1904,0.7667599786672766
*N1C(=O)c2c(C1=O)cc(cc2)C(=O)Oc1ccc(cc1)C(c1ccc(cc1)OC(=O)CCCCC*)(C)C,tg,110.0,85.65599174121137
*Oc1ccc(cc1)S(=O)(=O)c1ccc(cc1)Oc1ccc(cc1)Sc1ccc(cc1)*,tg,175.0,176.44008541874774
*CC(F)(F)C(F)(F)C(F)(F)COC(=O)CCCC(=O)O*,egc,6.894,6.852078118453846
*C(C*)(C(=O)Oc1ccc(cc1)C(=O)Oc1ccc(cc1)Oc1ccccc1)C,tg,74.0,84.67884261362028
*OOC(C*)c1ccc(cc1)Br,tg,9.6,37.10374714677104
*[Si](C#Cc1cc(ccc1)C#C*)(C)C,tg,50.0,8.164630414363858
*CCCOC(=O)CCCCSCCCCC(=O)O*,egc,5.3966,5.202079449822148
*OC1CCCCC1OC(*)=O,egc,6.7044,6.802423308512527
*OC(=O)CCC#CC#CCCC(=O)OCCN(CC*)c1ccc(cc1)N=Nc1c(cc(cc1C)N=Nc1ccc(cc1)C#N)C,tg,63.0,71.3369211588248
*CCCCCCN(C)C(=O)CCCCCCCCCCC(=O)N(*)C,egc,5.5795,5.519956324256695
*CCC(=O)C(*)=S,egb,1.8131,2.0549339696612603
*CCCCOC(=O)CC(=O)O*,egc,6.6946,6.843208786736001
*c1ccc(-c2ccc(-c3ccc(*)n3C)s2)s1,egc,2.5449,2.4038213592891147
*CNCc1ccc(*)cc1,egb,4.4323,4.508015327574795
*Cc1ccc(-c2ccc(C(*)=S)cc2)s1,eea,2.9754,2.8177048357674437
*[Si](C*)(CCCC)CCCC,tg,-30.0,-66.41508206923137
*C1OCC(OC1)CNC(=O)CCCCCCCCC(=O)NC*,tg,73.0,80.08013948451168
*Oc1ccc(cc1)N1ON1c1ccc(cc1)OCCCCCCOC(=O)C(C(=O)OCCCCCC*)CCCCCCP(=O)(OCC)OCC,tg,15.0,25.820805553046874
*Oc1cc(ccc1)NC(=O)Cc1cc(ccc1)CC(=O)Nc1cc(ccc1)OCC(COc1ccc(cc1)C(c1ccc(cc1)OCC(C*)O)(C)C)O,tg,119.0,117.19151263182742
*C(C*)(C(=O)OCC(C)C)C#N,tg,51.0,97.78426406885929
*c1cc2c(C(=O)N(C2=O)c2ccc(cc2)Oc2ccc(cc2)C2(C3C4C(CCC4)C(C2)C3)c2ccc(cc2)Oc2ccc(cc2)N2C(=O)c3c(C2=O)cc(cc3)C(=O)Nc2ccc(cc2)Oc2ccc(cc2)Oc2ccc(cc2)NC(=O)*)cc1,tg,257.0,264.54328604229653
*c1ccc(-c2nc3ccc(-c4ccc5nc(*)sc5c4)cc3s2)cc1,egc,3.0122,3.376837115202187
*CCCCOC(=O)Nc1ccc(C)c(NC(=O)O*)c1,egc,4.832,4.8539945777031965
*c1cc2c(C(=O)N(C2=O)c2ccc(cc2)Cc2ccc(cc2)Cc2ccc(cc2)Cc2ccc(cc2)N2C(=O)c3c(C2=O)cc(cc3)C(=O)*)cc1,tg,302.0,311.9143625387606
*CCOC(=O)CCCCCCC(=O)O*,egc,6.9025,6.8037238776649005
*Cc1ccc(C(=O)C(*)=S)cc1,eea,3.3639,3.4178371179914766
*c1nc2c([nH]1)ccc(c2)NC(=O)c1ccc(cc1)OCCOCCOCCOc1ccc(cc1)C(=O)Nc1ccc(cc1)*,tg,155.0,173.78701281217084
*C(=O)c1ccc(N=Nc2ccc(C(=O)N3C(=O)N(*)C(CC)(CC)C3=O)cc2)cc1,egc,3.6611,3.752649198264636
*CCCCCCCCCCCC(=O)NCC(=O)N*,egc,6.1662,6.003802199336689
*C(C*)c1c(cccc1)COCc1ccccc1,tg,72.0,77.30038880254568
*c1oc(nn1)c1ccc(cc1)Oc1cc(ccc1)N1C(=O)c2c(C1=O)cc(cc2)[Si](O[Si](c1cc2c(C(=O)N(C2=O)c2cc(ccc2)Oc2ccc(cc2)*)cc1)(C)C)(C)C,tg,165.0,200.03223171960775
*c1cc2c(C(=O)N(C2=O)c2ccc(cc2)Oc2c(c(ccc2)Oc2ccc(cc2)N2C(=O)c3c(C2=O)cc(cc3)C(=O)Nc2ccc(cc2)Oc2c(c(ccc2)Oc2ccc(cc2)NC(=O)*)C#N)C#N)cc1,tg,220.0,237.52302256451824
*CCCOC(=O)C(=O)O*,egc,5.7163,5.6783799408709035
*OC(=O)C1CCC(CC1)C(=O)OCCCC*,tg,-10.5,16.664183392317014
*N1CCOC1(*)CC,tg,55.0,79.16610116056044
*N(CCC*)C(=O)CCCCC,tg,-16.0,-29.23965531656934
*OC(=O)c1ccc(cc1)C(=O)OCCN(CC*)c1ccc(cc1)C=C(C#N)C#N,tg,127.0,130.75137813662457
*c1cc2c(C(=O)N(C2=O)c2ccc(cc2)Oc2c3c(ccc2)c(ccc3)Oc2ccc(cc2)N2C(=O)c3c(C2=O)cc(cc3)C(=O)Nc2ccc(cc2)Sc2ccc(cc2)NC(=O)*)cc1,tg,265.0,269.11964373034124
*CCCCCCN1C(=O)c2ccc(C(=O)c3ccc4c(c3)C(=O)N(*)C4=O)cc2C1=O,eps,3.79,4.533416369870521
*c1sc(nn1)c1ccc(cc1)OCCCCCCCCCCCOC(=O)c1cc(ccc1)C(=O)OCCCCCCCCCCCOc1ccc(cc1)*,tg,53.5,56.80345996639478
*OCCCCONC(*)=O,eps,3.69,3.390315403188675
*N1C(=O)c2c(C1=O)cc(cc2)Oc1ccc(cc1)C1(CCC(CC1)C(C)(C)C)c1ccc(cc1)Oc1cc2c(C(=O)N(C2=O)c2ccc(cc2)Oc2ccc(cc2)C2(C3CC4CC(CC2C4)C3)c2ccc(cc2)Oc2ccc(cc2)*)cc1,tg,266.0,255.46388494295803
*c1cc(CCCCCCCC)c(*)s1,egc,2.5682,2.7218804290621734
*Oc1ccc(cc1)N=C(c1ccc(cc1)Oc1ccc(cc1)C(c1ccc(cc1)Oc1ccc(cc1)C(=Nc1ccc(cc1)*)c1ccccc1)(C)C)c1ccccc1,tg,155.0,138.59371299237014
*NC(=O)c1ccc(C(*)=O)s1,ei,7.093,7.137065641221861
*CCCCCCCCCCCCCCCCCCCCOC(=O)C(=O)O*,egc,5.2426,5.207624631234267
*OC(C)C(=O)OCC(*)=O,egc,5.9109,5.994918942064159
*C(C*)c1ccc(cc1)O,tg,161.43,144.99895466879258
*N1C(=O)c2c(C1=O)cc(cc2)C(=O)Oc1ccc(cc1)C1(CCCCC1)c1ccc(cc1)OC(=O)CCCCC*,tg,122.0,134.8773979691954
*C=CCCCCCCCCCC*,tg,-53.0,-28.83169601697633
*Oc1ccc(cc1)C(c1ccc(cc1)OC(=O)CC(CCC(=O)*)C)(C)C,tg,56.0,69.88851517001805
*c1cc2c(nc(cc2c2ccccc2)Oc2nc3c(c(c2)c2ccccc2)cc(cc3)c2ccc(cc2)c2ccc(cc2)*)cc1,tg,308.0,328.0397935346085
*C(=O)c1ccc(-c2ccc(C(*)=S)cc2)cc1,eps,5.49,5.633083658164668
*OC(COC(=O)Nc1ccc(cc1)Cc1ccc(cc1)NC(=O)*)c1occc1,tg,40.0,46.282450769508955
*O[Si](O[Si](*)(c1c(c(c(c(c1F)F)F)F)F)C)(C)C,tg,-65.0,-59.455765954064766
*C(C=C1)=CC=C1OC(=S)C(S2)=CC=C2*,egc,2.8495,2.853143659704831
*N1C(=O)c2c(C1=O)cc(cc2)c1cc2c(C(=O)N(C2=O)c2c(cc(cc2)c2cc(c(cc2)*)C)C)cc1,tg,300.67,297.5874477039318
*C1C(=O)N(C(=O)C1CC*)CC,tg,109.2,88.97734377284011
*CCCCOc1ccc(OC(=O)c2ccc(C(=O)Oc3ccc(O*)cc3)c(C(=O)OCC=C)c2)cc1,egc,3.1899,3.2694370216591495
*N=P(*)(OCc1ccc(cc1)c1ccccc1)OCc1ccc(cc1)c1ccccc1,tg,52.0,33.50576629627038
*C#Cc1sc(-c2sc(*)c3c2OCCO3)c2c1OCCO2,egc,1.7209,1.7741351945182513
*c1ccc(NC(F)(F)C(*)(F)F)cc1,nc,1.7935,1.7999605289739637
*C(C*)c1ncccc1,tg,101.64,106.12946813553879
*Oc1ccc(cc1)S(=O)(=O)c1ccc(cc1)Oc1ccc(cc1)c1ccc(cc1)c1ccc(cc1)*,tg,251.0,229.6532043395743
*Oc1c(cc(cc1C)c1cc(c(c(c1)C)Oc1ccc(cc1)C(=O)c1ccc(cc1)*)C)C,tg,246.64,247.96483532896326
*O[Si](c1cc2c(cc1)ccc(c2)[Si](*)(C)C)(C)C,tg,26.0,48.69505776645279
*Oc1ccc(Oc2ccc(OC(=O)c3cccc(C(*)=O)c3)cc2)cc1,egc,3.4373,3.589973491155722
*c1ccc(NC(F)(F)C(*)(F)F)cc1,ei,6.1304,6.144944013604818
*c9ccc(C8(c5ccc(n4c(=O)c3ccc(C(=O)c2ccc1c(=O)n(*)c(=O)c1c2)cc3c4=O)cc5)c6ccccc6c7ccccc78)cc9,egc,2.4589,2.6100526700410436
*c1nc(ccc1)Oc1c(cc(cc1)O*)C,tg,89.0,99.14627672069551
*Oc1ccc(C(c2ccc(OC(*)=O)cc2)C2CCCCC2)cc1,egc,4.5492,4.546539438689469
*CCC(C=C1)=CC=C1C(=S)*,egc,2.742,2.849525368410818
*O[Si](*)(CCC)c1ccccc1,tg,40.6,-49.13076000877444
*Cc1ccc(-c2ccc(C(*)=S)cc2)cc1,egb,2.5561,2.2886347645408387
*Oc1c2c(ccc1)ccc(c2)Oc1ccc(cc1)NC(=O)c1ccc(cc1)Oc1ccc(cc1)Oc1ccc(cc1)C(=O)Nc1ccc(cc1)*,tg,224.0,224.44462886998937
*C(C*)(C(=O)OC12CC3(CC(CC(C1)C3)(C2)C)C)CC(=O)OC,tg,144.0,181.06253229159188
*C(=O)c1ccc2c(c1)C(=O)N(c1ccc(N3C(=O)c4ccc(*)cc4C3=O)nc1)C2=O,egc,3.0206,3.1688935872644253
*CC(O)COc1ccc(O*)cc1,egc,4.7923,4.913345500497831
*c1cc2c(C(=O)N(C2=O)c2c(cc(cc2)c2cc(c(cc2)N2C(=O)c3c(C2=O)cc(cc3)C(*)(C(F)(F)F)C(F)(F)F)OC(=O)C=Cc2ccccc2)OC(=O)C=Cc2ccccc2)cc1,tg,181.0,228.7786250126449
*C=CCCCCCCCCCC(CCCCCCCCC*)COCCOCCOCCOCCOCc1c2ccc3cccc4ccc(cc1)c2c34,tg,-36.0,-13.958745618286954
*NC(=O)Nc1ccc(*)s1,nc,2.0074,2.012861474882415
*NC(C=C1)=CC=C1C(C=C2)=CC=C2O*,egc,4.0962,3.617808335310043
*c1cc2c(C(=O)N(C2=O)c2c(cc(cc2C)Cc2cc(c(c(c2)C)N2C(=O)c3c(C2=O)cc(cc3)C(=O)OCCN(CCOC(=O)*)c2ccc(cc2)N=Nc2ccc(cc2)[N+](=O)[O-])C)C)cc1,tg,179.0,184.61939807691465
*c1cc2c(C(=O)N(C2=O)c2ccc(cc2)Oc2cc(ccc2)c2nc(cc(c2)c2ccccc2)c2cc(ccc2)Oc2ccc(cc2)N2C(=O)c3c(C2=O)cc(cc3)C(*)(C(F)(F)F)C(F)(F)F)cc1,tg,180.0,190.01444469703452
*OC(=O)CCC(=O)OCC(C*)(C)C,tg,-18.0,11.271229772876238
*CC(*)(F)C(=O)OC,egc,6.8022,6.660286274127869
*N1C(=O)c2c(C1=O)cc(cc2)C(=O)Oc1ccc(cc1)c1ccc(cc1)OC(=O)c1cc2c(C(=O)N(C2=O)CCCCCCC*)cc1,tg,117.0,120.30776384901087
*CCCCC(N)C(=O)N*,egc,5.746,5.6430789549312586
*Oc1ccc(cc1)C1(CC2C(CC1)CCCC2)c1ccc(cc1)Oc1ccc(cc1)C(=O)c1cc(ccc1)C(=O)c1ccc(cc1)*,tg,194.0,207.6514323361389
*c1sc(cc1)C(=O)Oc1ccc(cc1)[Si](c1ccc(cc1)OC(=O)*)(c1ccccc1)C,tg,-71.0,-63.80190975792358
*CC(OC1CCCCC1)C1C(=O)OC(=O)C1*,egc,5.6267,5.800812746922705
*OP(=O)(N=Nc1ccc(cc1)Oc1ccc(cc1)N=NP(=O)(OCCOCC*)OC)OC,tg,32.0,18.02608160961191
*c1cc2c(C(=O)N(C2=O)c2cc(ccc2)C(=O)c2ccc(cc2)Cc2cc(ccc2)N2C(=O)c3c(C2=O)cc(cc3)C(=O)*)cc1,tg,265.5,248.54607695102146
*c1c2C(=O)N(C(=O)c2c(c2ccccc12)c1ccc(cc1)Oc1ccc(cc1)C(=O)c1ccc(cc1)Oc1ccc(cc1)*)c1cc(ccc1)C(F)(F)F,tg,252.0,270.2116167963705
*CC(=S)C(=O)C(=S)*,egc,1.5344,0.853878031496634
*C(C*)OC(=O)CCC,tg,-10.1,-4.513153322336998
*NC(=O)c1c(cc(cc1)C(=O)NCCCCCCCCCCCC*)Sc1ccccc1,tg,92.0,87.28402487686284
*CNc1ccc(O*)cc1,eea,0.7695,0.7322162431138202
*C(C*)C(=O)OCCC(OC)C,tg,-56.0,-48.20510443198722
*c1ccc(Oc2cccc(Oc3ccc(-n4c(=O)c5cc6c(=O)n(*)c(=O)c6cc5c4=O)cc3)c2C#N)cc1,egc,2.6202,2.5314344461248592
*C(C*)c1c(cc(cc1C)C)C,tg,126.0,142.34714014568902
*NC(=S)Nc1ccc(NC(=S)Nc2ccc(Oc3ccc(*)cc3)cc2)cc1,eps,5.43,5.1190414288386235
*CC(=O)NC(*)=S,ei,5.8386,5.902481453901386
*C=Cc1ccc(-c2ccc(*)s2)s1,egc,1.9942,1.9873766123383236
*C(=O)c1ccc(N(*)CCCCCCCC)cc1,egc,3.611,3.9499145858818077
*C(=O)Oc1ccc(-c2ccc(OC(=O)c3ccc4c(c3)C(=O)N(c3ccc(Oc5ccc(N6C(=O)c7ccc(*)cc7C6=O)cc5)cc3)C4=O)cc2)cc1,egc,2.6231,2.622299783756762
*N1C(=O)c2c(C1=O)cc(cc2)C(c1cc2c(C(=O)N(C2=O)CCC*)cc1)(C(F)(F)F)C(F)(F)F,tg,190.0,168.2462591970929
*CC(*)C(=O)OCCCCSC,egc,4.571,4.580537696573003
*CCC(=O)N*,eps,3.61,3.6573654473488837
*Oc1ccc(OC(=O)c2ccc(C(*)=O)cc2)cc1Cl,egc,3.9402,4.091120162845186
*C(C*)(C(=O)OCCCC)Cl,tg,42.0,69.40795473096927
*C(C*)(CC(=O)OCCOCCOC)C(=O)OCCOCCOC,tg,-59.4,7.893553105833898
*Cc1ccc(Oc2ccc(*)s2)cc1,egb,4.0475,4.083052066825684
*NC(=O)CCCCCCC(=O)NCCCCCC*,tg,52.67,47.78733756638562
*C(C*)(C(=O)OCC1OC1)C,tg,62.81,60.08089065567994
*N=P(*)(NCC)NCC,tg,30.0,39.54734979949578
*C(C*)c1c(ccc(c1)C(=O)Oc1ccc(cc1)OCCCCCCCC)C(=O)Oc1ccc(cc1)OCCCCCCCC,tg,105.0,90.3805197796428
*C(C*)OCCOc1ccc(cc1)N=Nc1ccc(cc1)[N+](=O)[O-],tg,54.0,61.95815314291388
*CCC(S1)=CC=C1O*,egc,4.8828,4.794679001896674
*Oc1ccc(OC(=O)CCC(*)=O)cc1,egc,5.0485,4.934909190461762
*C(=O)Nc1ccc(Oc2ccc(NC(=O)c3cccc(*)n3)cc2)cc1,egc,3.4406,3.5297044914597104
*C1(c2c(C(=O)N1)cccc2)c1ccc(cc1)OC(=O)c1cc(ccc1)C(=O)Oc1ccc(cc1)*,tg,325.0,313.87900658567014
*CC(=O)c1ccc(-c2ccc(*)s2)s1,eps,4.89,4.9034417784412
*Oc1ccc(cc1)S(=O)(=O)c1ccc(cc1)Oc1ccc(cc1)C=Nc1ccc(cc1)Oc1ccc(cc1)N=Cc1ccc(cc1)*,tg,162.0,131.17259774735686
*Oc1c(cc(cc1)c1ccc(cc1)OC(=O)c1ccc(cc1)C(=O)*)c1ccccc1,tg,132.0,172.18002221987217
*c1cc2c(C(=O)N(C2=O)c2cc(c(cc2)Oc2c(cccc2)Oc2c(cc(cc2)N2C(=O)c3c(C2=O)cc(cc3)C(*)(C(F)(F)F)C(F)(F)F)C(F)(F)F)C(F)(F)F)cc1,tg,247.0,255.6460068363999
*NC(=O)CCCCCCCCCC(=O)NCCc1ccc(cc1)CC*,tg,96.0,89.93812769464003
*CCCc1ccc(*)s1,eps,3.2,3.2280100601559205
*N1C(=O)c2c(C1=O)cc(cc2)Oc1c(cccc1)Oc1cc2c(C(=O)N(C2=O)c2cc(c(cc2)Oc2c(cc(cc2C)c2cc(c(c(c2)C)Oc2c(cc(cc2)*)C(F)(F)F)C)C)C(F)(F)F)cc1,tg,270.0,264.4505323210764
*CC(=S)OC(*)=S,egb,2.7744,2.560276064811329
*Oc1ccc(cc1)C(c1ccc(cc1)OC(=O)CN(CC(=O)*)c1ccc(cc1)N=Nc1ccc(cc1)[N+](=O)[O-])(C)C,tg,152.0,140.66661136280442
*Oc1ccc(cc1)C(c1ccc(cc1)Oc1ccc(cc1)C(=O)c1ccc(cc1)Oc1ccc(cc1)C(=O)c1ccc(cc1)*)(C)C,tg,162.0,170.88685615817053
*c1cc2c(C(=O)N(C2=O)c2c(cc(c(c2)N2C(=O)c3c(C2=O)cc(cc3)C(*)(C(F)(F)F)C(F)(F)F)O)O)cc1,tg,324.0,349.78760522205994
*NC(=O)CCCC(=O)NCc1c(c(c(c(c1C)C)C*)C)C,tg,192.0,220.0196496308353
*CNCc1ccc(*)s1,egb,4.1265,4.285437409533876
*Oc1ccc(cc1)CC(NC(=O)CCc1ccc(cc1)OC(=O)CCC(CC(=O)*)C)C(=O)OCc1ccccc1,tg,55.0,42.39457961878087
*OC(=O)Nc1c(ccc(c1)NC(=O)OCCN(CC*)CCCCCCOc1ccc(cc1)C=Cc1ccc(cc1)[N+](=O)[O-])C,tg,58.5,16.370624462340167
*Oc1ccc(cc1)OC(=O)c1ccc(cc1)C(c1ccc(cc1)C(=O)*)(C)C,tg,195.0,173.3750854399932
*C(C*)CC(C)C,tg,45.5,7.497445638777059
*Nc1c(F)c(F)c(-c2ccc3cc(-c4ccc5c(c4)C(=O)N(c4cccc(*)c4)C5=O)ccc3c2)c(F)c1F,egc,2.918,2.8880508000686906
*OS(=O)(=O)c1cc(ccc1)S(=O)(=O)Oc1ccc(cc1)C(c1ccc(cc1)*)(C)C,tg,117.5,118.10909830027518
*c1cc2c(C(=O)N(C2=O)c2ccc(cc2)Oc2ccc(cc2)N2C(=O)c3c(C2=O)cc(cc3)C(=O)Nc2ccc(cc2)Cc2ccc(cc2)NC(=O)*)cc1,tg,270.0,244.54047736233636
*c1ccc(Oc2ccc(-n3c(=O)c4cc5c(=O)n(-c6ncc(*)s6)c(=O)c5cc4c3=O)cc2)cc1,egc,1.9001,2.2569686845885677
*c1c(nc2c(n1)cc(cc2)Oc1ccc(cc1)NC(=O)CN1C(=O)c2c(C1=O)cc(cc2)C(c1cc2c(C(=O)N(C2=O)CC(=O)Nc2ccc(cc2)Oc2cc3c(nc(c(n3)c3ccc(cc3)*)c3ccccc3)cc2)cc1)(C(F)(F)F)C(F)(F)F)c1ccccc1,tg,280.0,261.3158356382302
*C(C*)(C(=O)Oc1cc(cc(c1)C)C)C,tg,106.0,102.79828684071636
*CCCCCCCCCCn1c(=O)c2cc3c(=O)n(*)c(=O)c3cc2c1=O,egc,3.7892,3.807271226690993
*OC1CCC(OC(=O)OCCCCCCCOC(*)=O)CC1,egc,7.2009,7.047956307668263
*CCOC(=O)NCCSCCCCSCCNC(=O)O*,egb,5.1094,5.081836843867718
*c1ccc(*)n1C(=O)OCC,egc,2.3493,2.9429484066402622
*OC(C(=O)NC(C(=O)*)C)C,tg,57.65,59.360559218572014
*C(F)(F)C1(F)C(F)(F)C(*)(F)C(F)(F)C(F)(Cl)C1(F)F,egc,7.2365,6.812741723523297
*Nc1ccc(*)cc1O,egc,3.4121,3.616922530450696
*CCCCCCCCCCOC(=O)CC=CCC(=O)O*,egc,6.0213,6.146376547077564
*Oc1ccc(cc1)OC(=O)c1ccc(cc1)C(=O)Oc1ccc(cc1)OCCCCCC*,tg,53.0,108.88093570579133
*N(CC*)C(=O)C1CC1,tg,77.0,35.240211882408666
*C(=S)Oc1ccc(-c2ccc(*)cc2)s1,nc,2.1962,2.1968013584326163
*CNC(=O)NCOCO*,egc,6.2147,6.222840140861207
*C1(c2c(C(=O)O1)cccc2)c1cc(c(cc1)OC(=O)c1cc(ccc1)C(=O)Oc1c(cc(cc1)*)C)C,tg,273.0,250.65441888037026
*Oc1c2c(c(cc1)C(=O)c1ccc(cc1)Oc1ccc(cc1)C1(c3ccccc3c3ccccc13)c1ccc(cc1)*)cccc2,tg,260.0,248.8776327613377
*Oc1ccc(cc1)C1(CCCCC1)c1ccc(cc1)OC(=S)*,tg,155.0,114.96433006609388
*Oc1ccc(cc1)C1(c2c(CC1)cccc2)c1ccc(cc1)OC(=O)c1ccc(cc1)C(=O)*,tg,312.0,296.2275985520312
*c1ccc(cc1)C(=Cc1c(cc(c(c1)OC)C=C(*)c1ccc(cc1)F)OC)c1ccc(cc1)F,tg,193.0,198.0899454607344
*NC(Cc1ccc(O)cc1)C(*)=O,egc,4.9252,4.915665784771363
*Oc1ccc(cc1)C1(c2ccccc2c2ccccc12)c1ccc(cc1)OC1(C(C(C1(F)F)(F)F)(*)F)F,tg,228.0,231.34902345023744
*C(C*)CCCCCCCCCCCCCC,tg,-24.0,-62.958540890967136
*C(C*)(C(=O)OC1CCC1)C,tg,119.0,55.95227418713995
*CCC(O*)(C(F)(F)F)C(F)(F)F,nc,1.5724,1.5900309741339491
*C(C*)c1ccc(cc1)C(=O)CCCCC,tg,66.0,51.14882835379641
*CC#CC#CCOc1ccc(C(C)(C)c2ccc(O*)cc2)cc1,egc,4.3962,4.238610653646703
*NC(=O)CC(c1ccc(cc1)C(CC(=O)NCCCCCC*)(C)C)(C)C,tg,91.0,72.20326619912538
*C1OC2C(C1OC(=O)OC*)OC(O2)(C)C,tg,128.0,167.07473435862278
*Cc1ccc(C*)cc1,eps,3.97,3.732245036675707
*c1cc2c(C(=O)N(C2=O)c2cc(ccc2)Nc2nc(nc(n2)Nc2cc(ccc2)N2C(=O)c3c(C2=O)cc(cc3)C(=O)*)c2ccccc2)cc1,tg,292.0,288.7872202368814
*CC1CCC(CNC(=O)c2cc(C(=O)N*)cc(C(C)(C)C)c2)CC1,egc,4.8744,4.87803769061276
*CC(*)F,eps,3.36,3.3388668681424454
*SCC(=O)NCCCCCCNC(=O)C*,tg,-7.0,-4.368844614063871
*CCCCCCCNC(=O)CCCCCCCCCC(=O)N*,egc,5.7365,5.908830925527448
*CNCc1ccc(*)cc1,ei,6.259,6.086029248335995
*NC1CCC(CC1)CC1CCC(CC1)NC(=O)CCCCCCCCCCCCC(=O)*,tg,131.0,116.40842860841569
*C=CC(C(*)C(=O)OCc1ccccc1)C(=O)OCc1ccccc1,tg,21.0,28.290354160575273
*Nc1cc(cc(c1)C(=O)Nc1ccc2C(=O)c3c(C(=O)c2c1)cccc3)NC(=O)NC1CCC(CC1)CC1CCC(CC1)NC(=O)*,tg,148.0,173.6193392033867
*OC(=O)NCC(C(C(C(CNC(=O)OCCCC*)(F)F)(F)F)(F)F)(F)F,tg,33.0,40.88845071708078
*c1ccc(-c2ccc(-c3cc(CCCCCCCC)c(*)s3)s2)s1,egc,2.4777,2.1471335044935085
*CCC(F)(F)C(*)(F)F,ei,9.0178,9.097381062433488
*Oc1cc(cc(c1)[N+](=O)[O-])Oc1ccc(cc1)C(c1ccc(cc1)*)(C)C,tg,150.0,147.0677822395672
*C=CC(=C(C)C)C(*)=C(C)C,egc,3.4443,3.5962310450260566
*C(=C(*)C)[Si](CC[Si](C)(C)C)(C)C,tg,200.0,199.1222494357794
*Oc1c2c(c(cc1)c1c3c(c(cc1)Oc1ccc(cc1)Oc1ccc(cc1)Oc1ccc(cc1)*)cccc3)cccc2,tg,147.0,167.9860972964727
*c1ccc(cc1)C=C1C(=O)C(=Cc2ccc(cc2)C(=O)c2cc(ccc2)C(=O)*)CC1,tg,190.0,184.44890908579538
*C(C=C1)=CC=C1C(=S)C(S2)=CC=C2O*,egc,2.6462,2.737727858065657
*CC(=O)Oc1ccc(*)s1,eea,1.4534,1.4201055593792136
*C(F)(F)C(F)(F)CC(C=C1)=CC=C1*,egc,5.1278,5.551228603709349
*CCN(*)C(=O)c1cc(F)ccc1F,egc,4.4693,4.734240151154246
*N1C(=O)c2c(C1=O)cc(cc2)C(=O)Oc1c(cc(cc1)OC(=O)CCCC*)C,tg,75.76,76.72751063712272
*C(=O)Nc1cccc(NC(=O)c2ccc3[nH]c(-c4cccc(-c5nc6cc(*)ccc6[nH]5)c4)nc3c2)n1,egc,3.4965,3.4316819118205886
*OC(=O)c1ccc(cc1)C(=O)OCC(C(C*)CCCCCCCCCC)CCCCCCCCCC,tg,-38.0,-20.740367650909256
*N1C(=O)c2c(C1=O)cc(cc2)C(=O)c1cc2c(C(=O)N(C2=O)CCCCCCOC(=O)OCCCOC(=O)OCCCCCC*)cc1,tg,61.0,41.80126370268755
*c1cc2c(C(=O)N(C2=O)c2ccc(cc2)C(=O)OCCOCCOC(=O)*)cc1,tg,101.0,155.44905945940116
*OC(COC(*)=O)COc1ccccc1,egc,5.4034,5.411945742651003
*Cc1ccc(C(=O)O*)cc1,ei,7.179,7.065278326533884
*Nc1ccc(-c2ccc(-c3ccc(*)s3)cc2)s1,nc,2.4847,2.4122744118390895
*Nc1cc(cc(c1)C(=O)OCCOC(=O)C=Cc1ccc(cc1)N(C)C)NC(=O)c1ccc(cc1)C(=O)*,tg,198.0,194.0901592249547
*C(C*)C(=O)OCCOC(=O)c1cc(cc(c1)[N+](=O)[O-])[N+](=O)[O-],tg,60.8,47.800492408374886
*C(C*)c1ccc(cc1)OCCOCCOC(=O)C,tg,-3.0,14.62501637756319
*Oc1cc(c(cc1)C(c1c(cc(cc1)OC(=O)*)C)c1ccccc1)C,tg,182.0,188.95558092785274
*CC(CS(=O)(=O)CCC)O*,egc,6.0251,5.984955478280327
*CCOC(=S)NC(=S)C(C=C1)=CC=C1N*,egc,2.7606,2.8306129462452865
*C(C*)c1c(cccc1)C(=O)OC(C)C,tg,146.0,113.38714620710958
*Oc1ccc(CC(NC(=O)CCc2ccc(OC(=O)CCCCCCC(*)=O)cc2)C(=O)OCC)cc1,egc,5.0929,5.078911006176712
*C(C*)(C(=O)OC1CCOCC1)C,tg,153.5,119.64429195586725
*CC(CC(C)(C)C)O*,egc,5.3855,5.653339954351392
*Oc1c2c(ccc1)ccc(c2)Oc1ccc(cc1)NC(=O)c1ccc(cc1)Oc1c(cccc1)Oc1ccc(cc1)C(=O)Nc1ccc(cc1)*,tg,180.0,208.0600449270723
*Oc1ccc(cc1)C(c1ccc(cc1)Oc1ccc(cc1)C(=O)c1ccc(cc1)*)(C)C,tg,155.23,160.38842054802768
*c1ccc(-c2ccc(N3C(=O)c4ccc(Oc5ccc6c(c5)C(=O)N(*)C6=O)cc4C3=O)cc2)cc1,egc,3.0187,2.9431281570169845
*Nc1ccc(NC(=O)CCC(*)=O)cc1,egc,4.4554,4.4447745121437
*Cc1ccc(C(=S)c2ccc(*)s2)cc1,egb,2.5143,2.237777476632558
*OC(C)COC(=O)CCCCC(*)=O,egb,6.5974,6.700456046432976
*CCCCCCCCCCCCO*,egc,6.2452,6.187917180041905
*C(=O)c1ccc2c(c1)C(=O)N(c1cc(-c3nc4ccccc4s3)cc(N3C(=O)c4ccc(*)cc4C3=O)c1)C2=O,egc,2.5125,2.5041183240526665
*c1oc(nn1)c1c2c(c(cc1)Oc1c3c(c(cc1)C=Cc1ccc(cc1)Oc1c4c(c(cc1)*)cccc4)cccc3)cccc2,tg,241.0,253.00520534465164
*NC(=O)OC(C=C1)=CC=C1*,egc,4.5955,4.615848201021115
*OC(=O)NC1CC(CC(C1)(CNC(=O)OCCN(CC*)c1ccc(cc1)N=Nc1ccc(cc1)P(=O)(c1ccccc1)c1ccccc1)C)(C)C,tg,163.0,154.69131072065252
*Oc1ccc(cc1)S(=O)(=O)c1ccc(cc1)Oc1c(cc(cc1)C(c1cc(c(cc1)*)N)(C)C)N,tg,230.4,242.6119601382047
*OC(=O)NCC(C(C(C(CNC(=O)OCC(C(C*)(F)F)(F)F)(F)F)(F)F)(F)F)(F)F,tg,38.0,54.32017852509952
*N1C(=O)c2c(C1=O)cc(cc2)Oc1c(cccc1)Oc1cc2c(C(=O)N(C2=O)c2ccc(cc2)Oc2ccc(cc2)Oc2ccc(cc2)*)cc1,tg,202.0,205.76034506398855
*C(=O)OCCCCCCOC(=O)N1CCN(*)CC1,egc,5.9678,6.002357153666432
*OC(=O)c1ccc(cc1)c1ccc(cc1)C(=O)OCCCCCCCCC*,tg,43.75,35.53317718334231
*N1C(=O)c2c(C1=O)cc(cc2)Oc1cc2c(C(=O)N(C2=O)c2cc(c(cc2)Oc2c(cccc2)Oc2c(cc(cc2)*)C(F)(F)F)C(F)(F)F)cc1,tg,223.0,231.15401229724813
*N1C(=O)c2c(C1=O)cc(c(c2)c1ccc(cc1)[Si](C)(C)C)c1cc2c(C(=O)N(C2=O)c2ccc(cc2)Cc2ccc(cc2)*)cc1c1ccc(cc1)[Si](C)(C)C,tg,348.0,359.6480007682344
*c1ccc(C(=O)Nc2ccc(Oc3ccc(NC(=O)c4ccc(Oc5ccc(-c6nn(*)c(=O)c7ccccc67)c6ccccc56)cc4)cc3)cc2)cc1,egc,3.2201,3.177327908981998
*OC(=O)c1cc(ccc1)C(=O)OCCCCCC*,tg,5.5,-1.151161025222329
*c1nc2c([nH]1)ccc(c2)c1ccc2c(nc([nH]2)CCC*)c1,tg,275.0,262.9523120131462
*C(=O)c1ccc2c(c1)C(=O)N(c1ccc(Oc3ccc(S(=O)(=O)c4ccc(Oc5ccc(N6C(=O)c7ccc(*)cc7C6=O)cc5)cc4)cc3)cc1)C2=O,egc,2.6168,2.5755013409356216
*C(C*)(C(=O)Oc1c(cccc1C(C)C)C(C)C)C,tg,198.0,146.72213733736297
*CNON*,nc,1.7453,1.7313889669548719
*c1cccc(*)n1,egc,3.8339,3.907280999209759
*c1[nH]c(nc1c1ccc(cc1)Oc1ccc(cc1)S(=O)(=O)c1ccc(cc1)Oc1ccc(cc1)*)c1ccccc1,tg,277.0,275.96795991921687
*C=CC1CC(*)C2C(=O)N(c3ccc(C)cc3)C(=O)C12,egc,5.2272,5.048252035269283
*OC(COC(=O)c1cc(c(cc1)C(=O)*)OC)COc1ccc(cc1)N=Nc1ccc(cc1)C#N,tg,120.0,141.86820114393777
*CNON*,egb,4.8889,5.6033724206717315
*OP(=O)(Oc1c(cc(cc1C)S(=O)(=O)c1cc(c(c(c1)C)*)C)C)Oc1ccc(cc1)OC,tg,147.0,135.7879047581541
*CNCO*,nc,1.6697,1.6611802489120522
*CC(COCCCCCC)O*,egc,5.6762,5.7151749420443805
*NC(CCC(=O)OCCC)C(*)=O,egc,5.8843,5.760538309815014
*CCc1cc(Cl)c(*)c(Cl)c1,egc,5.1758,4.9256798733351195
*S(=O)(=NP(=NP(=N*)(NC)NC)(NC)NC)NC,tg,22.0,50.88132307043546
*c1cc2c(C(=O)N(C2=O)c2c(cc(cc2)c2cc(c(cc2)N2C(=O)c3c(C2=O)cc(cc3)C(=O)Nc2ccc(cc2)C(c2ccc(cc2)NC(=O)*)(C(F)(F)F)C(F)(F)F)OC)OC)cc1,tg,250.0,226.4567624668697
*Oc1cc(ccc1)Oc1ccc(cc1)Oc1c(cc(cc1)S(=O)(=O)c1cc(c(cc1)Oc1ccc(cc1)Oc1cc(ccc1)Oc1ccc(cc1)c1ccc(cc1)*)S(=O)(=O)O[Na])S(=O)(=O)O[Na],tg,283.0,292.63333986690174
*c1cc2c(C(=O)N(C2=O)c2cc(c(cc2)Oc2c(cc(cc2)N2C(=O)c3c(C2=O)cc(cc3)C(=O)*)c2cc(c(c(c2)F)F)F)c2cc(c(c(c2)F)F)F)cc1,tg,342.0,328.1456284273559
*NC(C=C)CC(*)=O,egc,5.5439,5.5368515916091186
*Oc1ccc(cc1)C(=Cc1ccc(cc1)OCC(COC(=O)CCCCCCCCC(=O)OCC(C*)O)O)C,tg,30.0,45.9350564105951
*C(C*)C(=O)OC1C2(CCC(C1)C2(C)C)C,tg,98.6,122.13556524920301
*Oc1cc(ccc1)NC(=O)c1ccc(cc1)C(=O)Nc1cc(ccc1)OCCCCC*,tg,135.0,129.00371656239716
*Oc1ccc(cc1)N=CC=Nc1ccc(cc1)OC(=O)Nc1c(ccc(c1)NC(=O)*)C,tg,76.0,76.07668657427476
*CC(CCl)(CCl)C(=O)O*,egc,6.551,6.592859469230315
*Oc1c2c(c(cc1)OC(=O)c1ccc(cc1)Oc1ccc(cc1)C(=O)*)cccc2,tg,166.0,187.92092302134319
*NOc1ccc(O*)cc1,eps,4.11,4.024296827085243
*N1C(=O)c2c(C1=O)cc(cc2)Oc1ccc(cc1)Oc1cc2c(C(=O)N(C2=O)c2ccc(cc2)c2ccc(cc2)*)cc1,tg,266.0,279.00920727237036
*CC(O*)C(F)(F)F,ei,7.9431,7.697097073485957
*CC(*)C(=O)OCC(F)(F)C(F)(F)C(F)(F)C(F)(F)C(F)(F)C(F)(F)C(F)(F)F,egc,6.2833,6.109369747028492
*C(C*)(C(=O)OCCN(c1ccc(cc1)N=Nc1sc2c(n1)ccc(c2)[N+](=O)[O-])CC)C,tg,140.0,135.24274190643095
*Nc1ccc(NO*)cc1,eps,4.2,4.048470867781692
*C(=O)Nc1ccc(NC(=O)c2ccc(NC(=O)c3ccc(-c4nc5cc(*)ccc5[nH]4)cc3)cc2)cc1,egc,2.7114,2.756828039590071
*Nc1ccc(NC(=O)CCCC(*)=O)cc1,egc,3.9291,4.315954081918615
*c1cc(*)c(O)c(C=O)c1,egc,3.2778,3.478615600451732
*Oc1ccc(cc1)c1ccc(cc1)OC(=O)c1c(cc(c(c1)OCCCCCC)C(=O)*)OCCCCCC,tg,113.0,144.49389622121197
*Nc1ccc(-c2ccc(-c3ccc(*)s3)s2)s1,ei,4.3058,4.5677910288126204
*NCCCNC(=O)NC(*)=O,egb,6.0227,5.853006682665903
*Oc1ccc(cc1)S(=O)(=O)c1ccc(cc1)Oc1ccc(cc1)C(c1ccc(cc1)*)(C)C,tg,183.86,185.15784987797971
*N1C(=O)c2c(C1=O)cc(cc2)Oc1cc2c(C(=O)N(C2=O)c2c(ccc(c2)C(c2cc(c(cc2)OCCN(c2ccc(cc2)C=CC2=CC(=C(C#N)C#N)CC(C2)(C)C)CC)*)(C(F)(F)F)C(F)(F)F)OCCN(c2ccc(cc2)C=CC2=CC(=C(C#N)C#N)CC(C2)(C)C)CC)cc1,tg,202.0,210.18378613515378
*C(=O)c1cccc(C(=O)c2ccc3c(c2)C(=Nc2cccc(N=C4OC(=O)c5cc(*)ccc54)c2)OC3=O)c1,egc,2.869,2.8547869294152126
*Nc1ccc(C(=S)c2ccc(*)cc2)cc1,ei,5.3904,5.2133622694232225
*Oc1ccc(cc1)NC(=O)c1cc(cc(c1)NC(=O)c1ccc(cc1)OC(=O)C)C(=O)Nc1ccc(cc1)Oc1ccc(cc1)C(c1ccc(cc1)*)(C)C,tg,243.0,234.32217051552234
*CC(=O)c1ccc(O*)cc1,egb,3.8893,3.731506078248455
*c1cc2c(C(=O)N(C2=O)c2ccc(cc2)Oc2ccc(cc2)N2C(=O)c3c(C2=O)cc(cc3)C(=O)Nc2ccc(cc2)Oc2ccc(cc2)Oc2ccc(cc2)NC(=O)*)cc1,tg,260.0,241.79431889546748
*c1cc2c(C(=O)N(C2=O)c2c3c(ccc2)c(ccc3)N2C(=O)c3c(C2=O)cc(cc3)C(=O)Nc2c(c(cc(c2)C(c2cc(c(c(c2)NC(=O)*)C)C)(C(F)(F)F)C(F)(F)F)C)C)cc1,tg,250.0,253.54605137578065
*c1ccc(-n2c(=O)c3cc4c(=O)n(*)c(=O)c4cc3c2=O)cc1,egc,2.8625,2.801363800105027
*C(C*)(C(=O)OC)C,tg,103.23,85.92719890953565
*C1COC2C1OCC2OC(=O)C(NC(=O)CCCCCCCCC(=O)NC(C(=O)O*)C)C,tg,57.0,44.310271515437364
*Oc1ccc(Oc2ccc(C=NCCCCN=Cc3ccc(*)cc3)cc2)cc1,egc,4.1246,4.1127450176796225
*c1cccc(-c2nc3ccc(-c4ccc5oc(*)nc5c4)cc3o2)c1,egc,3.5292,3.230056437197098
*CC(=O)O*,eea,1.2063,1.3021626456838742
*C(C*)(C(=O)OCC(F)(F)F)F,tg,117.75,103.87504945156954
*C1(C(C(C1(F)F)(C(*)(F)F)F)(F)F)F,tg,122.0,121.49494446528259
*OC(=O)CCCCCCC(=O)OCCCCCCCCCC*,tg,-22.0,-23.384192025015306
*CC(C#N)(C#N)CC(C#N)(C#N)C(C#N)C(C#N)(C#N)*,egc,6.9307,6.668498534250879
*S(=O)(=O)c1ccc(cc1)Nc1c(cc(cc1)C1(c2ccccc2c2ccccc12)c1cc(c(cc1)Nc1ccc(cc1)*)F)F,tg,145.0,200.57405546116163
*c1cc2c(C(=O)N(C2=O)c2ccc(cc2)S(=O)(=O)c2ccc(cc2)N2C(=O)c3c(C2=O)cc(cc3)C(=O)Nc2cc(ccc2)NC(=O)*)cc1,tg,311.0,312.76346307718035
*c1sc(c(c1c1ccccc1)c1ccccc1)c1ccc(cc1)CC(=O)Nc1cc(ccc1)NC(=O)Cc1ccc(cc1)*,tg,228.0,230.02160494493734
*NC(C)C(=O)NCCCC(*)=O,egc,5.7766,5.93356577665718
*N1C(=O)c2c(C1=O)cc(cc2)Oc1ccc(cc1)C(c1ccc(cc1)Oc1cc2c(C(=O)N(C2=O)c2cc(ccc2)*)cc1)(C)C,tg,221.3,239.836453822057
*c1ccc(-c2nnc(-c3nnc(*)o3)o2)cc1,egc,2.9171,3.5188313212845714
*c1cc2c(C(=O)N(C2=O)c2cc(ccc2)C(C(C(C(C(c2cc(ccc2)N2C(=O)c3c(C2=O)cc(cc3)C(C(C(*)(F)F)(F)F)(F)F)(F)F)(F)F)(F)F)(F)F)(F)F)cc1,tg,104.5,119.52202785030367
*N1C(=O)c2c(C1=O)cc(cc2)S(=O)(=O)c1cc2c(C(=O)N(C2=O)c2cc(ccc2)c2cc(cc(c2)C(=O)Nc2ccc(cc2)OC(=O)c2cc(c(c(c2)OCCCCCCCCCCCC)OCCCCCCCCCCCC)OCCCCCCCCCCCC)c2cc(ccc2)*)cc1,tg,268.0,232.42888786934108
*CCCCCCNC(=O)c1cccc(C(=O)N*)c1,egc,5.0813,5.028953284127739
*CCCCCCCCCCOC(=O)NCCCCCCCCCCNC(=O)O*,egc,6.2681,6.318139717346693
*Cc1ccc(C(=S)c2ccc(*)s2)cc1,eea,3.0211,3.028140598806823
*Oc1ccc(cc1)Oc1ccc(cc1)OCCCCCCOC(=O)OCCCCOC(=O)OCCCCCC*,tg,-8.0,-14.297215782160674
*C(=O)Nc1cccc(NC(=O)c2ccc3[nH]c(-c4cccc(-c5nc6cc(*)ccc6[nH]5)c4)nc3c2)c1,egc,3.3364,3.2587361712810696
*C(=O)C(S1)=CC=C1C(S2)=CC=C2O*,egc,2.6473,2.8484251383340973
*C1C(=O)N(C(=O)C1C(C*)(C)C)c1c(cccc1C)C,tg,237.0,230.788126264494
*c1nc2c(nc1c1ccccc1)cc(cc2)S(=O)(=O)c1cc2c(nc(c(n2)c2ccccc2)c2ccc(cc2)*)cc1,tg,345.0,280.58943059062506
*C(*)C(=O)OCC,tg,12.35,50.521507664512946
*N1C(=O)c2c(C1=O)cc(cc2)Oc1ccc(cc1)Sc1ccc(cc1)Oc1cc2c(C(=O)N(C2=O)c2ccc(cc2)Oc2ccc(cc2)Sc2ccc(cc2)Oc2ccc(cc2)*)cc1,tg,195.5,180.79194297938514
*C(=O)c1cccc(C(=O)N(C)c2cccc(N(*)C)c2)c1,egc,4.4341,4.453917230403577
*C1(CC(c2c1cc(cc2)*)(C)C)C,tg,212.75,227.70315789238995
*c1nc2c(c(c1c1ccccc1)c1ccccc1)cc(cc2)Oc1cc2c(nc(c(c2c2ccccc2)c2ccccc2)c2ccc(cc2)*)cc1,tg,345.0,293.6492074195577
*CCC(=O)c1ccc(*)cc1,ei,6.8635,6.857355483519637
*Cc1ccc(C(=O)c2ccc(*)s2)cc1,eps,4.07,4.099974500989296
*Oc1ccc(cc1)c1ccc(cc1)Oc1ccc(cc1)C(=O)c1c(cccc1)c1c(cccc1)C(=O)c1ccc(cc1)*,tg,193.0,190.62518877757077
*C(C*)C(=O)Nc1cc(ccc1)Cl,tg,70.0,57.925780949257714
*N1C(=O)c2c(C1=O)cc(cc2)Oc1ccc(cc1)C(=O)Nc1ccc(cc1)Oc1ccc(cc1)Oc1ccc(cc1)*,tg,242.0,232.61622130799915
*C(C*)(C(=O)Oc1c(cc(cc1)C)C)C,tg,109.0,97.84729264540907
*NC(=O)C(=S)c1ccc(*)cc1,eea,3.6154,3.7464979518730437
*C(=O)NCCCCCCNC(=O)c1cccc(*)n1,egc,4.786,4.76397876419899
*CCCOC(=O)CCCCCCC(=O)O*,egc,6.9244,6.781314500155075
*c1cc2c(C(=O)N(C2=O)c2cc(c(cc2)Oc2ccc(cc2)C(c2ccc(cc2)Oc2c(cc(cc2)N2C(=O)c3c(C2=O)cc(cc3)C(=O)*)C(F)(F)F)(C(F)(F)F)C(F)(F)F)C(F)(F)F)cc1,tg,220.0,222.73460837200767
*CC(*)C(N)=O,egb,6.3764,5.89904867394262
*CCc1ccc(*)o1,egc,4.9056,4.902179678538848
*c1cc2c(C(=O)N(C2=O)c2ccc(cc2)Oc2ccc(cc2)c2ccc(cc2)Oc2ccc(cc2)N2C(=O)c3c(C2=O)cc(cc3)C(=O)Nc2ccc(cc2)Oc2c(cccc2)c2c(cccc2)Oc2ccc(cc2)NC(=O)*)cc1,tg,233.0,241.75712210991645
*C(F)(F)C(C=C1)=CC=C1C(F)(F)C(=S)*,egc,2.6791,2.8026611508854398
*N1C(=O)c2c(C1=O)cc(cc2)Oc1cc2c(C(=O)N(C2=O)c2cc(c(cc2)Oc2c(cc(cc2)*)Br)Br)cc1,tg,251.0,251.0352681762834
*CCC(=O)OC(=O)Cc1ccc(-c2ccc(*)cc2)cc1,eps,3.47,3.8149398425795447
*C(=O)OC1CC2CC(OC(=O)N3CCN(*)CC3)CC(C1)O2,egc,5.7033,5.886393650460504
*N1C(=O)C2C3C4C(C(C2C1=O)C=C3)C(=O)N(C4=O)c1ccc(cc1)Sc1cc2c(C(=O)N(C2=O)c2ccc(cc2)CC)cc1Sc1ccc(cc1)*,tg,320.0,309.61865310975526
*c1oc(nn1)c1ccc(cc1)Oc1ccc(cc1)NC(=O)c1c(cc(cc1)C(=O)Nc1ccc(cc1)Oc1ccc(cc1)*)Oc1ccccc1,tg,245.0,242.28117406166785
*Oc1ccc(cc1)Oc1ccc(cc1)Nc1ccc(cc1)S(=O)(=O)c1ccc(cc1)Nc1ccc(cc1)*,tg,144.6,137.8168210977228
*c1ccc(N(c2ccc(CCCC)cc2)c2ccc(-c3ccc(*)s3)cc2)cc1,egc,2.8955,2.8613773335954478
*OC(=O)CCCCCC*,tg,-14.0,-41.39874451901205
*Sc1ccc(cc1)C(=O)c1ccc(cc1)C(c1ccc(cc1)C(=O)c1ccc(cc1)*)(C(F)(F)F)C(F)(F)F,tg,175.0,181.89502174429225
*c1oc2c(n1)ccc(c2)c1ccc2c(oc(n2)CCCCCCCCCCC*)c1,tg,62.0,39.39480383023035
*C(=O)C1CC(OC(=O)CCC)CN1*,egc,5.4104,5.269054117910455
*CC(=O)OC(=O)c1cccc(O*)c1,egc,4.4815,4.454187835269314
*Oc1ccc(NC(=O)CCCCCCCCCCC(=O)Nc2ccc(*)cc2)cc1,egc,4.4722,4.399231601089039
*Nc1cc(cc(c1)c1oc(nn1)c1ncccc1)NC(=O)CCCCC(=O)*,tg,159.0,166.09904010511974
*Nc1ccc(-c2ccc(C(*)=S)cc2)cc1,eps,4.84,5.441299077403152
*C(=S)C(F)(F)c1ccc(C(*)(F)F)s1,eps,3.9,4.11746189627464
*CCCCOC(=O)c1ccc(C(=O)O*)cc1,eea,2.4936,2.3310566830425623
*c1cc2c(C(=O)N(C2=O)c2cc(ccc2)Oc2ccc(cc2)N2C(=O)c3c(C2=O)cc(cc3)C(=O)Nc2cc(ccc2)Oc2ccc(cc2)NC(=O)*)cc1,tg,211.0,235.74055141845326
*Oc1ccc(cc1)CC(NC(=O)Cc1ccc(cc1)OC(=O)CCCCC(=O)*)C(=O)OCC,tg,63.0,66.20091243991524
*N1C(=O)c2c(C1=O)cc(cc2)c1cc2c(C(=O)N(C2=O)c2cc(ccc2)OCCCOc2cc(ccc2)*)cc1,tg,184.0,197.48067490457325
*NC(CCC(=O)OCc1ccc(Cl)cc1)C(*)=O,egc,5.2897,5.072497662105347
*C(=S)c1ccc(-c2ccc(-c3ccc(*)cc3)cc2)s1,eps,6.66,7.322634140570132
*Oc1ccc(cc1)C(c1ccc(cc1)Oc1ccc(cc1)C(=O)c1c2c(ccc1C)c(c(cc2)C)C(=O)c1ccc(cc1)*)(C)C,tg,222.0,224.81464168083076
*C(C*)c1ccc(cc1)F,tg,98.23,111.66556240002184
*CC(=S)NC(*)=S,nc,2.0504,2.064503822337506
*CCCCCCOC(=O)NCCSCCSCCNC(=O)O*,egb,4.7777,4.9672970594641255
*C(S1)=CC=C1C(S2)=CC=C2C(S3)=CC=C3O*,egc,2.5408,2.4937968670335744
*c1ccc(-c2nnc(*)o2)c(OCCCCC)c1,egc,3.0444,3.4959645358547267
*OC(C)COC(*)=O,egc,7.1412,6.840058465437101
*CC1CCC(CNC(=O)CCCCCCCCCCC(=O)N*)CC1,egc,5.9594,5.9910209691399565
*c1ncc(cc1)c1ccc(cc1)Oc1ccc(cc1)P(=O)(c1ccc(cc1)Oc1ccc(cc1)*)c1ccccc1,tg,257.0,265.6948507271342
*Cc1ccc(C(=S)c2ccc(*)s2)cc1,eps,4.17,4.415464224248223
*Oc1ccc(P(=O)(c2ccccc2)c2ccc(*)cc2)cc1,egc,4.8858,4.737070117350455
*c1cc2c(C(=O)N(C2=O)c2cc(ccc2)S(=O)(=O)c2cc(ccc2)N2C(=O)c3c(C2=O)cc(cc3)C(*)(C(F)(F)F)C(F)(F)F)cc1,tg,262.38,264.8951406864118
*OCCCNC(=O)CCCCC(=O)NCCC*,tg,34.0,9.629432888742214
*c1ccc(cc1)c1c(cc(c(c1c1ccccc1)c1ccccc1)c1ccc(cc1)c1c(c(c(c(c1)c1ccccc1)c1ccc(cc1)CCC*)c1ccccc1)c1ccccc1)c1ccccc1,tg,290.0,248.76700519365787
*CC(COc1ccc(Cl)cc1)O*,egc,4.8901,4.639888900392683
*C(=S)c1ccc(C(=S)c2ccc(*)cc2)s1,nc,2.4956,2.488786009329518
*NC(=O)C(=S)c1ccc(*)cc1,ei,6.5245,6.6279520096738045
*N1C(=O)c2c(C1=O)cc(cc2)Oc1ccc(cc1)Oc1ccc(cc1)Oc1cc2c(C(=O)N(C2=O)c2cc(ccc2)*)cc1,tg,227.0,242.8660245541541
*NNC(=O)C(=O)NNC(=O)CCCCCCCC(*)=O,egb,3.7266,3.938015310688119
*CC(=O)Oc1ccc(*)s1,egb,4.2025,4.085434310506302
*Oc1c(cc(cc1)Oc1ccc(cc1)NC(=O)c1cc(ccc1)C(=O)Nc1ccc(cc1)*)C(C)(C)C,tg,208.0,212.87517462320847
*Nc1cc(ccc1)NC(=O)Cc1c(cc(c(c1)C)CC(=O)*)C,tg,249.0,192.52650686854568
*OC(=O)Nc1ccc(cc1)Cc1ccc(cc1)NC(=O)OCCCCCCCCCCCCCCCC*,tg,40.0,52.56111448649718
*Cc1ccc(Oc2ccc(*)s2)s1,ei,5.8606,5.691994093742252
*C(C*)(F)F,tg,-28.45,-29.147274816641264
*C(C*)c1ccc(cc1)C(CCC)(O)C,tg,130.0,140.2415725734208
*c1ccc2c3n(c4ccc(cc4n3)Oc3cc4n5c(nc4cc3)c3cccc4c(ccc(c5=O)c34)Oc3cc(ccc3)O*)c(=O)c3cccc1c23,tg,369.5,376.36220775765247
*c1cc2c(C(=O)N(C2=O)c2c(ccc(c2)N2C(=O)c3c(C2=O)cc(cc3)C(=O)Nc2c(cc(cc2C)Cc2cc(c(c(c2)C)NC(=O)*)C)C)N=Nc2ccc(cc2)[N+](=O)[O-])cc1,tg,280.0,267.27763648136596
*Oc1c(cc(cc1Cl)C1(C2C3C(CCC3)C(C1)C2)c1cc(c(c(c1)Cl)OC(=O)*)Cl)Cl,tg,281.0,275.83415963323296
*OC(=O)CCC(=O)OCCCCCCCCC*,tg,31.0,-40.67527807819434
*N1C(=O)c2c(C1=O)c(ccc2)c1cc2c(C(=O)N(C2=O)c2ccc(cc2)OCCCCCOc2ccc(cc2)*)cc1,tg,208.0,213.24936512061853
*Nc1cc(Br)c(*)cc1Br,egc,3.1464,3.4352721512420024
*Nc1c(Br)cc(*)cc1Br,egc,4.3604,4.0704445660015045
*CCC(C=C1)=CC=C1O*,egc,4.9179,4.81004759906023
*c1oc(nn1)c1ccc(cc1)C(=O)OCCCCCCOc1ccc(cc1)C=C1C(=O)C(=Cc2ccc(cc2)OCCCCCCOC(=O)c2ccc(cc2)*)CCCC1,tg,104.0,91.3271300278533
*Oc1ccc(OC(=O)c2ccc(C(*)=O)cc2)cc1C1CCCCCCC1,egb,3.1917,2.7633095805353665
*C1C(C(C(C1)C=C*)C(=O)OCCCCCCCCCCCOc1ccc(cc1)c1ccc(cc1)C#N)C(=O)OCCCCCCCCCCCOc1ccc(cc1)c1ccc(cc1)C#N,tg,23.82,33.848732139790314
*CC(C)C(C)COC(=O)c1ccc(C(=O)O*)cc1,egc,4.7326,4.754138351340381
*Oc1cccc(OC(=O)c2ccc(Oc3ccc(C(*)=O)cc3)cc2)c1,egc,4.2359,4.046600894525081
*Oc1ccc(cc1)OC(=O)c1c(cc(cc1)c1ccc(cc1)C(=O)*)c1ccccc1,tg,140.0,146.61507996704526
*CC1CCC(COC(=O)Cc2ccc(CC(=O)O*)cc2)CC1,egc,5.3094,5.3432349712770915
*N=Nc1ccc(*)cc1,egc,1.7643,2.210499043304805
*c1ccc(-c2ccc(-c3cc(SCCCC)c(*)s3)cc2)cc1,egc,2.8499,2.568394980488431
*NC(=O)NC(=O)c1ccc(C(=S)c2ccc(-c3ccc(*)s3)s2)s1,eps,6.31,6.093064710033354
*C=CCCCC(Cl)CCC*,egc,5.737,5.4472483608184215
*OC(=O)CCCCC(=O)OCC(C(C(C*)(F)F)(F)F)(F)F,tg,-60.5,-16.953639509147774
*CCCCCCCCCCOCO*,egc,6.4569,6.652344921135779
*C(=C(*)c1ccccc1)c1ccc(cc1)C(C)(C)C,tg,200.0,220.60026719458142
*Nc1ccc(NC(=O)CCCCCCCCC(*)=O)cc1,egc,4.5375,4.562130294487498
*CC(C#N)(C#N)CC(C#N)(C#N)CC(C#N)(C#N)C(C#N)C(*)(C#N)C#N,egb,6.4504,6.3803434512440695
*Nc1cc(cc(c1)c1oc(nn1)c1ncccc1)NC(=O)c1c(cccc1)C(=O)*,tg,90.0,178.2204815006901
*C=C(*)c1ccccc1C(F)(F)F,egc,1.343,1.9722017751110728
*C(=C(*)c1ccccc1)CC,tg,200.0,138.57007550229625
*N1C(=O)c2c(C1=O)c(ccc2)c1cc2c(C(=O)N(C2=O)c2cc(ccc2)C(=O)Nc2ccc(cc2)Oc2ccc(cc2)Oc2ccc(cc2)Oc2ccc(cc2)NC(=O)c2cc(ccc2)*)cc1,tg,260.0,259.0151369517754
*C1=CC(=C(C#N)C#N)C=C(O1)C=Cc1sc(c(c1CCCCCC)CCCCCC)c1sc(cc1)c1sc(c(c1CCCCCC)CCCCCC)C=C*,tg,114.0,114.0354457209992
*Oc1ccc(cc1)S(=O)(=O)c1ccc(cc1)OC(=O)c1cc(cc(c1)NC(=O)c1ccc(cc1)NC(=O)C(N1C(=O)c2c(C1=O)cccc2)C)C(=O)*,tg,200.0,196.73811684059834
*C(=S)c1ccc(C(=S)c2ccc(*)cc2)cc1,nc,1.8941,2.044976362762525
*CCCNC(=O)CCC=CCCC(=O)N*,egc,5.7523,5.63301184716141
*Oc1c(cc(cc1)OC(=O)c1ccc(cc1)C(=O)*)c1cc(ccc1)C(F)(F)F,tg,158.13,144.17301720636257
*Cc1ccc(C(=O)O*)s1,ei,6.8862,6.837420666666354
*CCCCCCCCCC#CC#CCCCCCCCCCOC(=O)CCCCCCCCC(=O)O*,egc,5.4028,5.320649003515991
*c1cc2c(C(=O)N(C2=O)c2ccc(cc2)Cc2ccc(cc2)N2C(=O)c3c(C2=O)cc(cc3)C(C(C(*)(F)F)(F)F)(F)F)cc1,tg,272.4,232.42209232676524
*c1ccc2N(c3c(Sc2c1)cc(cc3)c1ccc2N(c3c(Sc2c1)cc(cc3)C=C*)c1ccc(cc1)OCCCCCCCCCCCC)c1ccc(cc1)OCCCCCCCCCCCC,tg,118.6,169.52512523085286
*C1C2CC(=CC)C(C2)C1*,egc,5.1841,5.178350093876807
*Oc1ccc(cc1)OCC(C*)O,tg,54.5,86.9664335847628
*CCCCCCCCCCSCCCCCCS*,egb,5.52,5.240088053104504
*C=CC=CCC*,egc,4.3008,4.496228323895717
*N1CCN(CC1)C(=O)OCC(COC(=O)*)(C)C,tg,70.0,65.39361699254171
*C(=O)c1ccc(C(=O)c2ccc(*)cc2)cc1,eps,4.54,4.567640468918443
*N1C(=O)c2c(C1=O)cc(cc2)C(=O)Nc1ccc(cc1)Oc1c(c(c(c(c1F)F)Oc1ccc(cc1)NC(=O)C*)F)F,tg,254.0,251.38255577843762
*c1cc2c(C(=O)N(C2=O)c2c(ccc(c2)N2C(=O)c3c(C2=O)cc(cc3)C(=O)Oc2ccc(cc2)C(c2ccc(cc2)OC(=O)*)(C)C)O)cc1,tg,225.0,234.25586306616077
*NC(=O)NCCCCCCNC(=O)Nc1cccc(*)n1,egc,4.99,4.955570668713234
*NC(=O)c1ccc(-c2ccc(*)s2)cc1,eps,5.23,5.038064899471682
*c1ccc(C(c2ccccc2)(c2ccc(-n3c(=O)c4cc5c(=O)n(*)c(=O)c5cc4c3=O)cc2)C(F)(F)F)cc1,egc,2.7963,2.569992775362267
*Oc1c(cc(cc1)Oc1ccc(cc1)C(=O)c1ccc(cc1)*)c1cc(cc(c1)C)C,tg,162.0,174.16768916133844
*COc1ccc(C(=C(Cl)Cl)c2ccc(O*)cc2)cc1,egc,4.1966,4.0691969066712375
*CCOC(=O)NCCCCCCCCCNC(=O)O*,egc,6.3118,6.343196170711157
*C(C*)(C(=O)OCCCCCCCC)C,tg,-10.0,-29.25774905238709
*CCOCCOC(=O)C=CC(=O)NCCCCCCNC(=O)C=CC(=O)O*,egc,3.8434,3.923539091001962
*Oc1ccc(cc1)C(=O)OC(=O)c1ccc(cc1)OCOC*,tg,57.0,82.20363324475638
*CCCOC(=O)CCCCCCCCOC(=O)CCCOC(=O)CCCCCCCCOC(*)=O,nc,1.6306,1.6327938547585372
*CCOCCOCC#CC#CCOCCOCCOC(=O)NCCCCCCNC(=O)O*,egc,4.9082,4.770015802066761
*C=Cc1ccc2c(c1)C(CC(CC)CCCC)(CC(CC)CCCC)c1cc(*)ccc1-2,egc,2.8561,2.908798016094936
*Cc1ccc(C(=S)O*)cc1,nc,1.8934,1.9045873826812676
*CCCCCCCCCn1c(=O)c2cc3c(=O)n(*)c(=O)c3cc2c1=O,egc,3.7854,3.7625405266868057
*CCCCCOC(=O)NCCSCCCCCSCCNC(=O)O*,egc,5.3077,5.221099705587473
*N(CC*)C(=O)CCCCC,tg,7.0,10.660629669931268
*C(F)(F)C(F)(F)C(S1)=CC=C1O*,egc,4.1725,4.768417977265938
*C(=O)c1ccc(C(=O)C(*)=S)s1,eea,4.6396,4.565877658251169
*c1sc(cc1)[Si](*)(C)C,tg,21.0,7.199563853851323
*CC(*)CC,egb,7.9012,7.400161416040464
*c1[nH]c(nc1c1ccc(cc1)NC1C(=O)N(C(=O)C1)c1ccc(cc1)c1sc(c(c1c1ccccc1)c1ccccc1)c1ccc(cc1)N1C(=O)C(CC1=O)Nc1ccc(cc1)*)c1ccc(cc1)c1[nH]c(c(n1)c1ccc(cc1)[N+](=O)[O-])c1ccc(cc1)[N+](=O)[O-],tg,152.0,232.89404531570068
*CCCN(*)C(C)=O,egc,5.7364,5.833146192993958
*OC(=O)Nc1ccc(cc1)Cc1ccc(cc1)NC(=O)OCCCCCCC*,tg,84.0,83.55021552863084
*CCCCCCCNC(=O)c1cccc(C(=O)N*)c1,egc,4.8667,5.030943384474085
*c1cc2c(C(=O)N(C2=O)c2cc(c(cc2)Oc2c(cc(cc2)N2C(=O)c3c(C2=O)cc(cc3)C(*)(C(F)(F)F)C(F)(F)F)Br)Br)cc1,tg,299.0,277.8798406548361
*c1cc2c(C(=O)N(C2=O)c2ccc(cc2)Oc2ccc(cc2)c2ccc(cc2)Oc2ccc(cc2)N2C(=O)c3c(C2=O)cc(cc3)C(*)(C(F)(F)F)C(F)(F)F)cc1,tg,288.0,267.90834474505334
*CC(*)C(=O)NC,egc,5.4371,5.419315852657779
*c1cc2c(C(=O)N(C2=O)c2ccc(cc2)C(=O)Nc2ccc(cc2)Oc2ccc(cc2)C(c2ccc(cc2)Oc2ccc(cc2)NC(=O)c2ccc(cc2)N2C(=O)c3c(C2=O)cc(cc3)C(*)(C(F)(F)F)C(F)(F)F)(C)C)cc1,tg,266.0,276.17852188532936
*S(=O)(=O)c1ccc(cc1)C(=O)Nc1c(cc(cc1)Br)c1ccc(cc1)NC(=O)c1ccc(cc1)*,tg,288.0,252.4470096629536
*NC(=O)CCCCCCCCCCCC(=O)NCc1ccc(cc1)C*,tg,100.0,93.30865805742152
*c1cc2c(C(=O)N(C2=O)c2cc(cc(c2)C(=O)O)N2C(=O)c3c(C2=O)cc(cc3)C(=O)*)cc1,tg,294.0,305.58313092040487
*Oc1ccc(Oc2ccc(C(=O)c3ccc(*)cc3)cc2)cc1,egc,3.9034,3.830019624323288
*c1c(nc2c(n1)cc(cc2)c1cc2c(nc(c(n2)c2cc(ccc2)*)c2ccccc2)cc1)c1ccccc1,tg,320.0,316.0902713995172
*N1C(=O)c2c(C1=O)cc(cc2)Oc1ccc(cc1)C(c1ccc(cc1)Oc1cc2c(C(=O)N(C2=O)c2ccc(cc2)Oc2c(c(ccc2)Oc2ccc(cc2)*)C#N)cc1)(C)C,tg,213.0,214.90883875951621
*Oc1cc(ccc1)OC(=O)Oc1ccc(cc1)C(c1ccc(cc1)OC(=O)*)(C)C,tg,83.1,58.5919435584916
*Oc1ccc(-c2ccc(N=Nc3ccc(C(*)=O)cc3)cc2)cc1,egc,3.5627,3.312430610826007
*c1cc2c(C(=O)N(C2=O)c2cc(c(cc2)Oc2c(cc(cc2)N2C(=O)c3c(C2=O)cc(cc3)C(=O)Nc2ccc(cc2)Oc2ccc(cc2)NC(=O)*)c2ccccc2)c2ccccc2)cc1,tg,345.0,342.1959847460087
*c1ccc(-c2ccc(Oc3ccc(*)s3)s2)cc1,eea,2.1082,2.1938611675682265
*C(=O)c1ccc(C(=O)c2ccc(*)s2)s1,egb,1.863,1.8932663076632426
*Oc1ccc(cc1)C(c1ccc(cc1)Oc1c(c(c(c(c1F)F)C(=O)c1c(c(c(c(c1F)F)*)F)F)F)F)(c1ccccc1)C,tg,175.0,176.8121167457623
*CCCCCCCCCCCCCCOC(=O)CCCCCCC(=O)O*,egc,6.7022,6.787317440461424
*C(F)C(*)(F)F,ei,8.5986,8.799592474064871
*CC(CO*)(CS(=O)(=O)CCCCC)CS(=O)(=O)CCCCC,egc,5.21,5.235461464144867
*c1cc2c(nc(cc2c2ccccc2)c2cc(ccc2)c2nc3c(c(c2)c2ccccc2)cc(cc3)c2ccc(cc2)OCCCCCCCCCCCOc2ccc(cc2)*)cc1,tg,133.5,152.8798849352833
*Sc1ccc(cc1)Nc1ccc(cc1)Nc1ccc(cc1)*,tg,114.0,147.87364350272279
*Oc1ccc(cc1)c1ccc(cc1)OC(=O)/C=C/c1ccc(cc1)/C=C/C(=O)*,tg,243.0,202.91838915353298
*OC(=O)c1cc2c(cc1)cc(cc2)C(=O)OCCCCCCCCCCC*,tg,39.0,41.49588054662741
*Nc1ccc(cc1)NC(=O)c1ccc(cc1)NC(=O)c1cc(cc(c1)NC(=O)C12CC3CC(CC(C1)C3)C2)C(=O)*,tg,365.0,345.3247227191996
*OC(C*)CS(=O)(=O)CCCCC,tg,38.5,23.12972908476137
*CCCCCCNC(=S)Nc1ccc(NC(=S)N*)cc1,nc,1.8822,1.891224186646068
*C=CC1CC(*)C(C#N)(CCC)C1,egb,5.8705,5.78750472397426
*CCCCCCCCNC(=O)CCC=CCCC(=O)N*,egc,5.2366,5.522792936883155
*OP(=O)(OCCCCCCCCCCOc1ccc(cc1)C=Cc1ccc(cc1)OCCCCCCCCCC*)OCCCCCCCCCCOc1ccc(cc1)N=Nc1ccccc1,tg,55.0,51.907632845120624
*c1ccc(N2CCC(c3cccc(C4=NN(*)CC4)c3)=N2)cc1,egc,2.8203,2.7291556992733383
*c1sc(*)c(CCCCCCN(CC)c2ccccc2)c1CCCCCC,egc,1.59,1.7255517911386944
*Cc1ccc(Nc2ccc(*)s2)cc1,eea,0.9705,1.0390680887665291
*C(=O)c1ccc(Oc2ccc(*)s2)s1,eea,2.882,2.883752092596723
*N1CC(CCCC1)NC(=O)CCCCCCCCC(=O)*,tg,-46.5,2.9685701260852504
*Oc1ccc(cc1)CC(NC(=O)CCc1ccc(cc1)OC(=O)CCCC(=O)*)C(=O)OCC,tg,67.67,66.87824317116949
*Oc1c(cc(cc1)OCCCC(=O)NNC(=O)c1ccc(cc1)C(=O)NNC(=O)CCC*)C,tg,125.5,114.76597578527348
*Nc1ccc(cc1)CCNC(=O)CCCCC(=O)*,tg,115.0,123.91246228213173
*OC(=O)C1CCC(CC1)C(=O)OCC(C*)(C)C,tg,30.0,26.24046952364553
*CC=CCOC(=O)CCCCCCCCC(=O)O*,egc,6.002,5.825364846751539
*NNC(=O)CCC(=O)NNC(=O)CCCCC(*)=O,egc,5.7153,5.731897949348245
*OCC(C*)C,tg,-55.0,-41.22719910111944
*Oc1ccc(cc1)Sc1ccc(cc1)OCC(CN(S(=O)(=O)c1cc(ccc1)S(=O)(=O)N(CC(C*)O)C)C)O,tg,90.0,64.81369833833794
*N1C(=O)c2c(C1=O)cc(cc2)C(=O)Oc1cc2c(cc1)cc(cc2)OC(=O)c1cc2c(C(=O)N(C2=O)CCOCCOCC*)cc1,tg,105.0,106.34880111128805
*CNCc1ccc(*)s1,eea,1.1612,1.1014878063177993
*c1ccc(-c2cc(CCCCCCOC(=O)COc3ccccc3)c(*)s2)s1,egc,1.9751,2.024331997424133
*Nc1ccc(Oc2ccc(*)cc2)cc1,eea,1.1501,1.4670244775379422
*c1oc(cc1)C(c1oc(cc1)CNC(=O)OCCOC(=O)NC*)(C)C,tg,50.0,47.73159683896368
*P1(=NP(=NP(=N1)(Oc1ccc(cc1)C(=O)OCCC)Oc1ccc(cc1)C(=O)OCCC)(Oc1ccc(cc1)C(c1ccc(cc1)O*)(C)C)Oc1ccc(cc1)C(=O)OCCC)Oc1ccc(cc1)C(=O)OCCC,tg,26.0,35.902803804599074
*c1cc2c(C(=O)N(C2=O)c2ccc(cc2)NC(=O)Nc2ccc(cc2)N2C(=O)c3c(C2=O)cc(cc3)C(=O)Nc2ccc(cc2)S(=O)(=O)c2ccc(cc2)NC(=O)*)cc1,tg,205.0,229.02762880935757
*Oc1ccc(cc1)OC(=O)CCCCC(=O)*,tg,90.0,62.600735462132185
*CCC(F)(F)C(*)(F)F,egc,8.6882,8.44814944085169
*c1sc(cc1CCCCCC)*,tg,23.47,36.557788737215894
*Oc1ccc(cc1)C(=O)c1cc(ccc1)C(=O)c1ccc(cc1)Oc1cc(ccc1)Cc1cc(ccc1)*,tg,114.0,100.37509212665678
*NC(=O)c1c(cc(cc1)C(=O)NCCCC*)Sc1ccccc1,tg,136.0,140.8466514143203
*CC1CCC(*)C1,egc,6.9613,6.5095393764662495
*Oc1ccc(cc1)OCc1ccc(cc1)COc1ccc(cc1)OCCCCCCCCCCCC*,tg,24.0,30.94416054215411
*OC(=O)c1c(cc(cc1)C(=O)OCCN(CC*)c1ccc(cc1)N=Nc1[nH]c(c(n1)C#N)C#N)OCCC,tg,152.0,132.57439948958336
*COC(=O)NCCNC*,egc,5.81,5.591055283290389
*N1C(=O)c2c(C1=O)cc(cc2)NC(=O)Nc1ccc(cc1)Oc1ccc(cc1)NC(=O)Nc1cc2c(C(=O)N(C2=O)c2ccc(cc2)Oc2c(c3c(cc2)cccc3)c2c3c(ccc2Oc2ccc(cc2)*)cccc3)cc1,tg,274.0,289.1042856609798
*NC(F)(F)CC(*)(F)F,ei,8.5515,8.52491088535656
*C(C*)C(=O)c1ccc(cc1)CC,tg,49.25,43.01535124307565
*SCCCCCCCCCCC(=O)NCCc1ccc(cc1)CCNC(=O)CCCCCCCCCC*,tg,58.0,44.862795992540306
*NC(=O)CCCCCCCCCC(=O)NCc1ccc(cc1)C*,tg,108.8,88.86938918456447
*CCN(CCOC(=O)Nc1ccc(C)c(NC(=O)O*)c1)c1ccc(-c2c(NCCCO)c(=O)c2=O)cc1,egc,3.2653,2.9452332763808915
*c1cc2c(C(=O)N(C2=O)c2ccc(cc2)Cc2ccc(cc2)N2C(=O)c3c(C2=O)cc(cc3)C(=O)c2ccc(cc2)Oc2ccc(cc2)Oc2ccc(cc2)C(=O)*)cc1,tg,225.0,232.220143796413
*c1cc2c(cc1)oc(=O)c(c2)C(=O)Nc1ccc(cc1)C(c1ccc(cc1)NC(=O)c1c(=O)oc2c(cc(cc2)C*)c1)(C(F)(F)F)C(F)(F)F,tg,329.0,317.04358340332004
*C(=O)c1cccc(C(=O)N2CCN(*)CC2)c1,egc,4.7816,4.986420607271703
*O[Si](CCC(CC[Si](*)(CCC(F)(F)F)C)(F)F)(CCC(F)(F)F)C,tg,-38.0,-24.520454092915266
*OC(CC(C)C)C(*)=O,egb,5.8529,6.155211361086791
*N1C(=O)c2c(C1=O)cc(c(c2)c1ccc(cc1)C(C)(C)C)c1cc2c(C(=O)N(C2=O)c2ccc(cc2)Cc2ccc(cc2)*)cc1c1ccc(cc1)C(C)(C)C,tg,360.0,355.52167877895204
*OC(=O)c1ccc(cc1)c1ccc(cc1)c1ccc(cc1)C(=O)OCCCCC*,tg,40.0,97.88937022919275
*C(C*)OC(=O)OCC(F)(F)F,tg,57.0,13.714714600745163
*C(C*)(C(=O)OCCCCCCCCCCCCCCC(=O)NC1OC(C(C(C1O)O)OC1OC(C(C(C1O)O)O)CO)CO)C,tg,133.1,81.13454211731201
*OP(=O)(Oc1ccc(cc1)NC(=O)Oc1ccc(cc1)C(c1ccc(cc1)OC(=O)Nc1ccc(cc1)*)(C)C)c1ccccc1,tg,34.0,39.1563081639589
*c1c(cc(c(c1)OC)C=C*)OCCCCCCCCCCCC,tg,36.0,70.98106542705071
*CCc1ccc(O*)cc1,eea,0.7536,0.9705297323835661
*Oc1c(cc(cc1C)*)C(CCCCC)C,tg,60.0,102.17735961651108
*Nc1ccc(C=Cc2ccc(NC(=C(C#N)C#N)c3ccc(C(*)=C(C#N)C#N)cc3)cc2)cc1,egc,2.0414,2.3305584268182415
*c1cc2c(C(=O)N(C2=O)c2cc(cc(c2)OCCCCCCCC)N2C(=O)c3c(C2=O)cc(cc3)C(=O)*)cc1,tg,195.0,215.94449980903386
*Nc1c(cc(cc1)*)OC,tg,90.0,90.20202851120105
*CCOc1ccc(C(=O)OC(=O)c2ccc(O*)cc2)cc1,egc,4.4185,4.447506808963396
*C(=O)c1ccc(C(=O)c2ccc(*)cc2)cc1,nc,1.9846,1.980515804642226
*C(C*)c1ccc(cc1)OCCC(C)C,tg,57.0,89.23446289873878
*CC1CC1COC(=O)c1cccc(C(=O)O*)c1,egb,4.4908,4.612363806630506
*C=CC1CC(*)C(C(=O)OCCNC(C)(C)C)C1,egb,4.7904,4.638233545247084
*c1cc2c(C(=O)N(C2=O)c2cc(ccc2)NC(=O)C(C(C(C(C(=O)Nc2cc(ccc2)N2C(=O)c3c(C2=O)cc(cc3)C(*)(C(F)(F)F)C(F)(F)F)(F)F)(F)F)(F)F)(F)F)cc1,tg,232.0,224.4631455005435
*N1C(=O)c2c(C1=O)cc(cc2)c1cc2c(C(=O)N(C2=O)c2c(cc(cc2C)C(c2cc(c(c(c2)C)*)C)c2cc(ccc2)C(F)(F)F)C)cc1,tg,312.9,302.2352163357456
*CCCOc1ccc(C(=O)OC(=O)c2ccc(O*)cc2)cc1,egc,4.317,4.336694633995356
*Oc1ccc(cc1)C(=Cc1ccc(cc1)c1ccc(cc1)C=C(c1ccc(cc1)OC(=O)c1cc(ccc1)C(=O)*)c1ccccc1)c1ccccc1,tg,224.0,224.92321452054824
*NC(=O)c1cc(ccc1)C(=O)NCc1cc(ccc1)C*,tg,167.33,171.61903433247153
*CNC(=O)ONC(=O)NO*,nc,1.7609,1.7658638538654705
*Oc1ccc(S(=O)c2ccc(OC(*)=O)cc2)cc1,egc,4.6592,4.562816847588827
*O[Si](O[Si](O[Si](c1ccc(cc1)[Si](*)(C)C)(C)C)(C)C)(C)C,tg,-62.0,-67.84706768364289
*NOC(=O)NCC(=O)NC(*)=O,nc,1.7831,1.790306836366196
*NC(=O)OC(*)=O,nc,1.7525,1.788547651008061
*C(=O)c1ccc(-c2ccc(-c3ccc(*)s3)cc2)s1,nc,2.5812,2.6186132090323575
*c1nc(nc(n1)N(CCCCCCN(*)c1ccccc1)c1ccccc1)c1ccccc1,tg,74.0,115.90313468983636
*OC(C(=O)OCC*)C,tg,-21.0,-11.24383367414209
*C(C*)OCCOc1ccc(cc1)C=C(C(=O)OC)C#N,tg,47.0,51.21494744397712
*c1cc(*)c(O)c(C=Nc2ccc(C(=O)O)cc2)c1,egc,2.8212,2.693448895275913
*CC(*)OC(=O)CC1CCCC1,egc,6.5327,6.662229867993059
*c1n(c(cc1)c1sc(cc1)c1sc(cc1)c1sc(cc1)c1sc(cc1)*)CCCCCCCCCCCC,tg,53.0,72.79134417264137
*CC1(CO*)CC2C=CC1C2,egc,5.6096,5.609111356357115
*Cc1ccc(-c2ccc(C(*)=S)cc2)cc1,nc,2.0502,2.0144345937231884
*Cc1ccc(Nc2ccc(*)cc2)cc1,eea,0.9546,0.9427462080783175
*CCc1ccc(O*)cc1,nc,1.7865,1.7612694145948828
*CC(*)(F)F,ei,8.1531,8.278133137065987
*OC(CC(*)=O)C1CO1,egb,6.1493,6.171244484905998
*NOC(=O)NCC(=O)NC(*)=O,egb,4.9352,5.037088696070563
*SC1C(CCCC1)*,tg,-45.0,-14.865286568588967
*CC(*)C(=O)Oc1ccc(OC)cc1,egc,4.4447,4.473450443916374
*Oc1ccc(C(C)(c2ccccc2)c2ccc(OC(=O)OC3C(C)(C)C(OC(*)=O)C3(C)C)cc2)cc1,egc,5.136,5.206723446704609
*N1C(=O)c2c(C1=O)cc(cc2)Oc1ccc(cc1)C1(CCCCC1)c1ccc(cc1)Oc1cc2c(C(=O)N(C2=O)c2ccc(cc2)N(c2ccc(cc2)*)c2ccc(cc2)C#N)cc1,tg,243.0,250.04688060706914
*Oc1ccc(cc1)C1(c2cc(ccc2c2ccc(cc12)[N+](=O)[O-])N(C)C)c1ccc(cc1)OC(=O)CCC(=O)*,tg,215.0,216.6073971404607
*c1nc2c(c(c1)c1ccccc1)cc(cc2)C1(c2ccccc2C(=O)c2ccccc12)c1cc2c(nc(cc2c2ccccc2)c2ccc(cc2)c2ccc(cc2)*)cc1,tg,350.0,375.99119527931754
*C1COC2C1OCC2OC(=O)OCCOCCOC(=O)O*,tg,46.5,46.3390274770019
*Oc1ccc(cc1)NC(=O)c1cc(ccc1)C(=O)Nc1ccc(cc1)Oc1ccc(cc1)C1(C2CC3CC(CC1C3)C2)c1ccc(cc1)*,tg,257.33,257.3293189476199
*N1C(=O)c2c(C1=O)cc(cc2)Sc1cc2c(C(=O)N(C2=O)c2c(cc(cc2)Cc2cc(c(cc2)*)C(C)(C)C)C(C)(C)C)cc1,tg,300.5,263.8185621984365
*Nc1ccc(-c2ccc(NC(=O)c3cc(C(*)=O)cc(S(=O)(=O)c4ccccc4)c3)cc2)cc1,egb,2.4795,2.6171249031459145
*C(C*)OC(=O)c1cc(ccc1)Cl,tg,61.75,98.3006921334169
*c1ccc(-c2cnc3cc4ncc(*)nc4cc3n2)cc1,egc,2.7084,2.9030128861736255
*CC(=O)c1ccc(O*)cc1,eea,2.3793,2.38071208976623
*N1CCN(CC1)C(=O)OCCOC(=O)*,tg,60.0,99.04110892334556
*c1cc(*)c(O)c(C=Nc2ccc(Cl)cc2)c1,egc,2.9264,2.934338836678323
*Oc1ccc(cc1)Oc1ccc(cc1)C=NCCN=Cc1ccc(cc1)*,tg,101.0,123.01525997873631
*OC1CCC(OC(*)=O)CC1,egc,7.1786,7.25191714213754
*c1oc2c(n1)ccc(c2)c1ccc2c(oc(n2)c2ccc(cc2)C(c2ccc(cc2)*)(c2ccccc2)C(F)(F)F)c1,tg,350.0,355.19994595266775
*Oc1ccc(cc1)N1ON1c1ccc(cc1)OCCCCCCOC(=O)C(C(=O)OCCCCCC*)CCCCCP(=O)(OCC)OCC,tg,12.0,17.489038909284027
*C1CC2C3CC4C(C3*)C24C1,egc,5.9559,5.897438436874593
*C1OCC(OC1)CNC(=O)CCCCC(=O)NC*,tg,93.0,95.5832284678696
*C1C(=O)OC(=O)C1C1C2CC(C(=O)OC3CCCCC3)C(C2)C1*,egc,6.0803,5.922504540302605
*Oc1c(c(ccc1)Oc1cc(ccc1)*)C#N,tg,144.25,174.87915201360005
*C(=O)C(S1)=CC=C1OC(=S)*,egc,3.5676,2.949054748741663
*OC(=S)c1ccc(-c2ccc(*)cc2)cc1,eea,2.7321,2.8100421593872755
*CC(=S)CC(*)=S,nc,1.9346,1.926298263736728
*c1cc2c(C(=O)N(C2=O)c2ccc(cc2)Cc2ccc(cc2)N2C(=O)c3c(C2=O)cc(cc3)C(=O)c2ccc(cc2)Oc2ccc(cc2)C2(c3c(C(=O)O2)cccc3)c2ccc(cc2)Oc2ccc(cc2)C(=O)*)cc1,tg,268.0,255.4739326310456
*c1nc(ccc1)C=Cc1c2c(ccc1OC(=O)c1ccc(cc1)C(=O)Oc1c(c3c(cc1)cccc3)C=C*)cccc2,tg,145.0,182.99659680865986
*c1c2C(=O)N(C(=O)c2c(c2ccccc12)c1ccc(cc1)Oc1ccc(cc1)C(=O)c1ccc(cc1)Oc1ccc(cc1)*)c1c(cccc1)C(F)(F)F,tg,260.0,272.39370351922065
*Oc1ccc(cc1)CC(NC(=O)CCc1ccc(cc1)OC(=O)CCC(=O)*)C(=O)OCCCC,tg,67.0,55.787766583201375
*CC(=O)NC(*)=S,egb,3.0348,2.642390041886596
*OC(CC(=O)*)(C)C(F)(F)F,tg,26.2,-34.179563679222994
*C1COC2C1OCC2OC(=O)c1ccc(cc1)C(=O)O*,tg,255.5,163.6609736885522
*Nc1cc(cc(c1)C(=O)OCCOc1ccc(cc1)C=CC(=O)c1ccccc1)NC(=O)c1ccc(cc1)c1ccc(cc1)C(=O)*,tg,254.0,222.07207733489795
*C(=O)NCCCCCCNC(=O)c1ccc(*)nc1,egc,4.574,4.715845290429064
*NOC(=S)O*,nc,1.942,1.9509020597573368
*OC(=O)NCCCCCCNC(=O)OCCN(CC*)c1ccc(cc1)N=Nc1ccc(cc1)P(=O)(c1ccccc1)c1ccccc1,tg,120.0,113.90239725749541
*N(c1ccc(cc1)N(c1ccc(cc1)/C=C(/C(=O)NC1C(CCCC1)NC(=O)/C(=C/c1ccc(cc1)*)/C#N)\C#N)c1ccccc1)c1ccccc1,tg,239.0,227.06096125915553
*c1nc2cc3nc(-c4ccc(*)o4)[nH]c3cc2[nH]1,egc,2.2261,2.000243921088577
*N1C(=O)c2c(C1=O)cc(cc2)NC(=O)OCCOc1c(cc(cc1Br)C(c1cc(c(c(c1)Br)OCCOC(=O)Nc1cc2c(C(=O)N(C2=O)c2cc(ccc2)P(=O)(c2cc(ccc2)*)C)cc1)Br)(C)C)Br,tg,191.0,210.49062582524152
*Oc1ccc(cc1)C(c1ccc(cc1)Oc1ccc(cc1)C(=O)c1c(cccc1)c1c(cccc1)C(=O)c1ccc(cc1)*)(C)C,tg,172.0,158.65661418646928
*N1C(=O)c2c(C1=O)c(ccc2)Oc1ccc(cc1)C(c1ccc(cc1)Oc1c2c(C(=O)N(C2=O)c2ccc(cc2)Oc2ccc(cc2)*)ccc1)(C)C,tg,233.67,231.0561748617016
*N(CC*)C(=O)c1ccc(cc1)SC(F)(F)F,tg,100.0,77.1688972716072
*CC(COc1cccc(C)c1)O*,egc,5.1113,5.110928657091849
*Oc1ccc(cc1)S(=O)(=O)c1ccc(cc1)Oc1ccc(cc1)P(=O)(c1ccc(cc1)*)C,tg,233.0,239.00037840115183
*c1cc2c(C(=O)N(C2=O)c2cc(ccc2)C(=O)c2ccc(cc2)Cc2ccc(cc2)N2C(=O)c3c(C2=O)cc(cc3)C(=O)*)cc1,tg,290.0,282.11624337791636
*NNC(=O)C(*)=O,egc,5.5325,5.369458843560614
*OC(=O)c1ccc(cc1)C(=O)OCCCCCCC*,tg,-1.0,16.876726949231887
*C(=O)c1ccc(-c2ccc(-c3ccc(*)cc3)cc2)cc1,ei,5.9803,5.900685207820249
*Cc1ccc(-c2ccc(-c3ccc(*)cc3)s2)cc1,eea,1.8331,1.8617082871639632
*Cc1ccc(COC(=O)O*)cc1,egc,5.5423,5.632164989268316
*Cc1ccc(C(=O)O*)s1,eps,4.17,4.196042359894796
*NC(=O)NCCCCCCC*,tg,62.0,119.30064819285948
*c1cc2c(C(=O)N(C2=O)c2ccc(cc2)C(=O)OCCCSCCCCSCCCOC(=O)*)cc1,tg,39.0,29.013111286120214
*CC(=O)c1ccc(C(*)=S)cc1,egb,2.4669,2.244288891743416
*OC(=O)OCC(C(C*)OC(=O)C(=O)OCC)OC(=O)C(=O)OCC,tg,51.38,96.19963582978622
*C(C*)(C(=O)OC1C(CCCC1)C)C,tg,85.0,103.36340718691751
*Oc1ccc(cc1)S(=O)(=O)c1ccc(cc1)Oc1ccc(cc1)C1(CCCCCC1)c1ccc(cc1)*,tg,247.0,235.59748655971993
*CCCCCCCCCCNC(=O)CCCCCCCCC(=O)N*,egc,5.9125,5.943205250002886
*Nc1ccc(cc1)NC(=O)CCCCCCCC(=O)*,tg,130.0,131.873984802349
*CCCCCCCCCOc1ccc(C=CC=Cc2ccc(O*)cc2)cc1,egc,3.5795,3.4945987710496036
*N1C(=O)c2c(C1=O)cc(cc2)c1cc2c(C(=O)N(C2=O)CCCCCOC(=O)CCCCCCCCCCN2C(=O)c3c(C2=O)cc(cc3)c2ccc(cc2)c2cc3c(C(=O)N(C3=O)CCCCCCCCCCC(=O)OCCCCC*)cc2)cc1,tg,41.0,29.634305367170768
*N1C(=O)c2c(C1=O)cc(cc2)c1cc2c(C(=O)N(C2=O)CCCCCCOC(=O)CCCCCCCCCCN2C(=O)c3c(C2=O)cc(cc3)c2ccc(cc2)c2cc3c(C(=O)N(C3=O)CCCCCCCCCCC(=O)OCCCCCC*)cc2)cc1,tg,45.0,0.057674925250230394
*c1[nH]c(nc1c1ccc(cc1)NC1C(=O)N(C(=O)C1)c1ccc(cc1)Cc1ccc(cc1)N1C(=O)C(CC1=O)Nc1ccc(cc1)*)c1ccc(cc1)N=Nc1ccc(cc1)[N+](=O)[O-],tg,258.0,220.98245076789235
*c1ccc(cc1)C(C(*)(F)F)(F)F,tg,76.95,91.62488523175723
*Nc1cc(cc(c1)c1c(=O)oc2c(cccc2)n1)NC(=O)c1ccc(cc1)C(=O)*,tg,103.0,144.38388543115153
*C(C*)OC(=O)c1cc(ccc1)C,tg,49.0,40.48205718682203
*C(C*)CCCCC,tg,-45.5,-57.56812309384978
*NC(=O)CCCCC(=O)NCCCP(=O)(CCC*)C,tg,33.0,42.420940922919804
*C(C*)(C(=O)OCCCCOc1cc2c(cc1)cc(cc2)C(=O)Oc1ccccc1)C,tg,88.0,86.33003202889422
*OC1CCC(C2CCC(OC(=O)CCCCCCCCCC(*)=O)CC2)CC1,egc,6.4908,6.447170627637881
*OC(=O)Oc1cccc(OC(=O)OC2CC3CC(*)CC(C2)O3)c1,egc,5.8268,5.835534637086471
*Nc1ccc(-c2ccc(C(*)=S)cc2)s1,eea,2.3374,2.625016693828358
*CC(*)C,eea,0.4343,0.22143364802069512
*N1C(=O)c2c(C1=O)cc(cc2)c1cc2c(C(=O)N(C2=O)c2cc(c(cc2)Oc2c(cc(cc2C(C)(C)C)c2ccc(cc2)*)C(C)(C)C)C(F)(F)F)cc1,tg,389.0,393.732572804075
*c1cc2c(C(=O)N(C2=O)c2c(cc(cc2C)C2(c3ccccc3c3ccccc23)c2cc(c(c(c2)C)N2C(=O)c3c(C2=O)cc(cc3)C(*)(C(F)(F)F)C(F)(F)F)C)C)cc1,tg,361.0,333.6752694869392
*CCSCCO*,egc,5.5968,5.326878848202086
*CCCCCC(=O)NCCOC(=O)CCCCC(=O)O*,egc,6.3289,6.173510201034831
*NC(=O)CC(c1ccc(cc1)C(CC(=O)NCCCCCC*)C)C,tg,88.0,92.96379665337201
*CCCCCCCCCCOC(=O)C1CCC(C(=O)O*)CC1,egc,6.5731,6.551781775882557
*Oc1ccc(cc1)CC(NC(=O)CCc1ccc(cc1)OC(=O)COCCOCC(=O)*)C(=O)OCC(C)C,tg,50.0,44.7274644315922
*C1(OC(OC1*)(C(F)(F)F)C(F)(F)F)F,tg,256.0,177.6644468704937
*c1cc2c(C(=O)N(C2=O)c2c(ccc(c2)N2C(=O)c3c(C2=O)cc(cc3)C(*)(C(F)(F)F)C(F)(F)F)C)cc1,tg,307.0,321.1057267012034
*N1C(=O)c2c(C1=O)cc(cc2)Oc1ccc(cc1)Oc1cc2c(C(=O)N(C2=O)c2c(cc(c(c2)C)Cc2c(cc(c(c2)C)*)C)C)cc1,tg,278.0,272.73967503685594
*c1ccc(Oc2ccc(-c3csc(-c4nc(*)cs4)n3)cc2)cc1,egc,3.5312,3.419130309409066
*Oc1c(cc(cc1)Oc1ccc(cc1)C(=O)c1ccc(cc1)C(=O)c1ccc(cc1)*)c1cc(ccc1)C,tg,159.0,159.5358538352178
*C(=O)c1ccc(-c2ccc(-c3ccc(*)cc3)s2)cc1,ei,5.8483,5.849599375735388
*CNC(=S)c1ccc(*)s1,egb,2.7289,2.85748987597312
*c1nc2c(c(c1)c1ccccc1)cc(cc2)c1ccc(cc1)*,tg,383.0,380.0029886634325
*OC1C(C)(C)C(OC(=O)c2ccc(C(*)=O)cc2)C1(C)C,egc,4.7185,4.939556152510234
*C=c1ccc(=c2ccc(=Cc3ccc(-c4ccc(*)s4)s3)s2)s1,egc,0.8337,0.9673979130290432
*OS(=O)(=O)c1c(ccc(c1)S(=O)(=O)Oc1ccc(cc1)C1(CCCC1)c1ccc(cc1)*)C,tg,134.0,137.94648318998094
*N1C(=O)c2c(C1=O)cc(cc2)c1cc2c(C(=O)N(C2=O)c2ccc(cc2)Oc2ccc(cc2)C(c2ccc(cc2)Oc2ccc(cc2)*)(C)C)cc1,tg,230.0,240.09820021358746
*Oc1ccc(C(c2ccccc2)c2ccc(OC(*)=O)cc2C)c(C)c1,egc,4.7259,4.771022038342494
*C(C*)c1c(ccc(c1)C(=O)Oc1ccc(cc1)OCCCCCCCCCCCC)C(=O)Oc1ccc(cc1)OCCCCCCCCCCCC,tg,108.0,117.66829901970985
*OCC(C*)(COCCC#N)C,tg,-52.0,-19.54608308016397
*Nc1cccc(NC(=O)c2cccc(C(*)=O)c2)c1,egc,4.1202,4.022280146199005
*C1C(=O)N(C(=O)C1CC*)CCCCCCCCCCCC,tg,55.4,51.02795991017278
*CCCO*,nc,1.6476,1.619342528622546
*OC(C)CCOC(=O)CCCCCC(*)=O,egc,6.5798,6.683316015741511
*NC(=O)C(C=C1)=CC=C1C(C=C2)=CC=C2*,egc,3.3965,3.4976725145407537
*C(F)(F)C(F)(F)C(=O)C(C=C1)=CC=C1*,egc,4.443,4.364222453582314
*c1cc(C#N)c(*)s1,egc,1.691,1.5074776333500686
*OC(COC(=O)c1cc2c(cc1)cc(cc2)C(=O)*)COc1ccc(cc1)N=Nc1ccc(cc1)C#N,tg,138.0,142.7925403742188
*c1cc2n(c3c(c2cc1)ccc(c3)c1sc(cc1CCCCCC)c1c2c(nsn2)c(cc1)c1sc(c(c1)CCCCCC)*)C(CCCCCCCC)CCCCCCCC,tg,77.0,99.7973029182109
*c1sc(cc1SCCCCCCCCCCCC)*,tg,33.0,23.588035803584265
*OC(=O)CN(c1ccc(cc1)N=Nc1ccc(cc1)S(=O)(=O)CCC*)CCCC,tg,92.4,132.63182593972326
*C(=O)c1ccc(-c2ccc(-c3ccc(*)s3)s2)cc1,ei,5.5122,5.640095225410234
*S(=O)(=O)C(C*)CC,tg,32.73,6.200785298934739
*N1C(=O)c2c(C1=O)cc(cc2)Oc1ccc(cc1)Sc1ccc(cc1)Oc1cc2c(C(=O)N(C2=O)c2cc(ccc2)Oc2cc(ccc2)Oc2cc(ccc2)*)cc1,tg,190.5,173.33682287523646
*c1ccc(C(=O)C(F)(F)C(*)(F)F)cc1,eps,3.85,4.08636812399775
*CC(=S)CO*,nc,1.8843,1.8390010523823381
*CC(C=C1)=CC=C1C(=O)C(=S)*,egc,2.9385,2.913971677354174
*CCOC(=O)c1ccc(NC(=O)CCCCCCCC(=O)Nc2ccc(C(=O)O*)cc2)cc1,egc,4.188,4.208428600926158
*OC(=O)c1cc2c(cc1)cc(cc2)C(=O)OCCC*,tg,84.0,103.63042788005153
*CCCCCC(=O)NCc1ccc(CNC(=O)CCCCCO*)cc1,egc,5.243,5.086890506126602
*C1C(=O)N(C(=O)C1*)CCCCOc1ccc(cc1)c1ccc(cc1)C#N,tg,115.0,103.01858830425995
*C(C*)[Si](C)(C)C,tg,147.0,39.3878720501889
*c1cc2c(C(=O)N(C2=O)c2ccc(cc2)OCCOc2ccc(cc2)N2C(=O)c3c(C2=O)cc(cc3)C(=O)*)cc1,tg,246.0,258.8444439696971
*OC1C(CO)OC(*)C(O)C1O,nc,1.6879,1.717189470571391
*C1C2CC(C(C1*)C2)CCCCc1ccccc1,tg,148.0,201.66321139790873
*NC(=O)c1ccc(NC(=S)c2ccc(Nc3ccc(*)cc3)cc2)s1,ei,5.2813,5.2641263499303
*c1sc(cc1)C=Nc1ccc(cc1)C(=O)OCCCCOCCCCOCCCCOC(=O)c1ccc(cc1)N=C*,tg,25.0,11.821804062596387
*c1c2C(=O)N(C(=O)c2c(c2ccccc12)c1ccc(cc1)Oc1ccc(cc1)S(=O)(=O)c1ccc(cc1)Oc1ccc(cc1)*)c1cc(ccc1)C(F)(F)F,tg,280.5,278.67128477346125
*c1cc2c(C(=O)OC2=Nc2cc(ccc2)Oc2cc(ccc2)Oc2cc(ccc2)N=C2OC(=O)c3c2cc(cc3)C(=O)*)cc1,tg,190.0,211.9559947812242
*c1nc2c(n1c1ccc(cc1)n1c(nc3c1cccc3)c1ccc(cc1)Oc1ccc(cc1)C(=O)c1ccc(cc1)C(=O)c1ccc(cc1)Oc1ccc(cc1)*)cccc2,tg,238.0,241.33074113667303
*c1cc2c(C(=O)N(C2=O)c2cc(ccc2)Oc2ccc(cc2)N2C(=O)c3c(C2=O)cc(cc3)C(*)(C(F)(F)F)C(F)(F)F)cc1,tg,261.3,269.4268739136595
*O[Si](Oc1ccc(cc1)C(c1ccc(cc1)*)(C)C)(c1ccccc1)C,tg,58.0,54.62620880998437
*ON(C(F)(F)F)C(F)(C(*)(F)F)C(F)(F)F,egb,7.0955,7.461794029932823
*OC(=O)Nc1ccc(cc1)Cc1ccc(cc1)NC(=O)OCCN(CC*)c1cc(c(cc1)N=Nc1c(cc(cc1)[N+](=O)[O-])C)C,tg,130.0,115.65575035302616
*CCCOC(=O)CCCCCCCCOC(=O)CCCOC(=O)CCCCCCCCOC(*)=O,egb,6.5329,6.602557257975248
*Oc1ccc(CC(NC(=O)CCc2ccc(OC(=O)COCCOCC(*)=O)cc2)C(=O)OC)cc1,egc,5.2022,4.974732631068825
*c1sc(cc1C(C(=O)OC)C(=O)OC)*,tg,-20.1,69.2442881759074
*C(C(CCCCCCCCCC*)Cl)Cl,tg,-32.0,-40.01341025823246
*Oc1ccc(S(=O)(=O)c2ccc(*)cc2)cc1,egc,4.3172,4.355910698570686
*C(=C(C(C*)(F)F)F)Cl,tg,-17.0,-5.740434330841246
*c1cc2c(oc(n2)c2ccc(cc2)Oc2ccc(cc2)c2oc3c(n2)cc(cc3)C(*)(C(F)(F)F)C(F)(F)F)cc1,tg,294.92,285.46715015485063
*CCCCCNC(=O)CCCCCCCCCCCCCCCCCCC(=O)N*,egc,5.895,5.791578993623808
*c1cc2c(C(=O)N(C2=O)c2cc(ccc2)P(=O)(c2cc(ccc2)N2C(=O)c3c(C2=O)cc(cc3)C(*)(C(F)(F)F)C(F)(F)F)c2ccc(cc2)C(F)(F)F)cc1,tg,260.0,266.48351295228144
*c1sc(cc1)Oc1ccc(cc1)C1(c2ccccc2c2ccccc12)c1ccc(cc1)Oc1ccc(cc1)C(=O)*,tg,195.0,221.41781255028144
*N1C(=O)C2C(C1=O)CC(CC2)C1CC2C(C(=O)N(C2=O)c2ccc(cc2)Oc2cc(ccc2)Oc2ccc(cc2)*)CC1,tg,215.0,229.61883158884623
*Oc1ccc(cc1)CCNC(=O)c1cc(ccc1)C(=O)*,tg,152.0,169.62929557250956
*Oc1ccc(cc1)OC(=O)c1c(cc(cc1)C(=O)*)Oc1ccc(cc1)Br,tg,112.5,117.64119717941394
*Oc1ccc(cc1)CC(NC(=O)CCc1ccc(cc1)OC(=O)CCC(=O)*)C(=O)OC,tg,91.5,105.77731979599086
*C(=C(*)c1ccccc1)c1cc(ccc1)[Ge](C)(C)C,tg,200.0,223.97896715291122
*Cc1ccc(COC(=O)CCCC(=O)O*)cc1,egc,5.4521,5.3015415974946185
*Oc1ccc(cc1)Oc1ccc(cc1)Oc1ccc(cc1)C(c1ccc(cc1)*)(C)C,tg,122.0,124.67699905548763
*C(C*)C(=O)NC(C)C,tg,132.69,98.13776847441572
*NC(=O)CCCCCCCCC*,tg,43.0,39.27393712379048
*C(I)=C(*)I,egc,3.8335,3.5548726694336557
*C1COC2C1OCC2OC(=O)OCCCCOC(=O)O*,tg,49.0,26.103693917600317
*CCCCCCCCC(Cl)C(*)Cl,egc,6.9929,6.969245203748261
*CC(=O)O*,eps,3.99,3.959078864711473
*OC(C)CCOC(=O)C(*)=O,egc,5.5088,5.5278977162407985
*OC(=S)C(F)(F)C(*)(F)F,egb,3.1746,3.0424595911057883
*c1ccc(-c2ccc(-c3ccc(-c4ccc(*)n4CCCCCCCCCCCC)s3)s2)s1,egb,2.1442,1.5891943564961424
*Oc1c(c(c(c(c1)C)*)C)Br,tg,280.15,198.07277559454303
*N1C(=O)c2c(C1=O)cc(cc2)Oc1cc2c(C(=O)N(C2=O)c2ccc(cc2)*)cc1,tg,363.0,303.94452649339485
*CC(COCC)O*,egc,5.5518,5.847351403935211
*C12CC3CC(C1)CC(*)(C3)C2,egc,5.7519,5.679371447532025
*C(C*)c1ccc(cc1)COCCO,tg,46.0,49.24604504538118
*NC(C)C(*)=O,egc,6.0729,5.9468022624273855
*NC(=O)CCc1ccc(cc1)CCC(=O)NCCCCCCCCCCCC*,tg,85.0,104.91989336723196
*OC(=O)c1ccc(cc1)c1ccc(cc1)C(=O)OCCOCCOCCOCC*,tg,4.0,21.332047282174813
*Oc1ccc(cc1)CCc1ccc(cc1)OCCCCCCOC(=O)NC1CCC(CC1)CC1CCC(CC1)NC(=O)OCCCCCC*,tg,40.3,40.53757897470009
*OC(=O)Nc1c(ccc(c1)NC(=O)OCCN(CC*)c1ccc(cc1)N=Nc1c(cc(c(c1)OC)N=Nc1ccc(cc1)[N+](=O)[O-])OC)C,tg,150.0,121.46437825552694
*c1ccc2c(nc([nH]2)c2cc(ccc2)c2nc3c([nH]2)ccc(c3)C(=O)Nc2nc(ccc2)NC(=O)*)c1,tg,302.0,304.5936278591246
*Oc1c(cc(cc1C)*)C(CCCCCCCCCCCC)C,tg,-10.0,12.60859419510852
*C(C*)c1c(ccc(c1)c1ccc(cc1)C(=O)OC(CC)C)c1ccc(cc1)C(=O)OC(CC)C,tg,212.5,165.72308247323025
*Oc1ccc(cc1)CC(NC(=O)CCc1ccc(cc1)OC(=O)COCCOCC(=O)*)C(=O)OC(CC)C,tg,44.0,45.58675172989459
*C(C*)(C(=O)OCc1cc(ccc1)Cl)C,tg,18.25,0.13136086076146558
*NC(=O)C(=S)c1ccc(*)cc1,eps,5.85,5.971339864592321
*c1ccc(C)c(N2C(=O)c3ccc(-c4ccc5c(c4)C(=O)N(*)C5=O)cc3C2=O)c1,egc,3.4309,3.358475698963749
*C(C*)C(=O)OCCCCCC,tg,-57.0,-36.944685665953365
*c1sc(*)c2c1OCC(CCCCS(=O)(=O)O)O2,egc,2.1668,2.350454823487027
*NC(=O)c1cc(ccc1)C(=O)NCCCCCC*,tg,121.6,129.74970208816234
*OC(=O)NCCCCCCNC(=O)OCCCCCCCCCCCC*,tg,36.0,60.300944583167755
*C(C*)OCC(CCCC)CC,tg,-66.0,-33.5225179066939
*NC(C(=O)*)CCC(=O)Nc1ccc(cc1)N(c1ccccc1)c1ccccc1,tg,132.0,171.290764586178
*c1cccc(*)n1,eps,4.35,4.696440040499176
*NC(=S)OC(*)=S,eps,6.0,6.0114883341841105
*C1C(CC(C1)C=C*)C1CC=CCC1,tg,105.0,114.8530881547443
*Oc1cc(cc(c1)CCCC)OC(=O)c1cc(ccc1)C(=O)*,tg,97.5,103.51954311427852
*S(=O)(=O)c1ccc(cc1)Nc1ccc(cc1)C(c1ccc(cc1)Nc1ccc(cc1)*)(C(F)(F)F)C(F)(F)F,tg,145.0,159.62841947114612
*CNC(=S)N*,egc,4.2179,4.2107957142943055
*c1cc2c(C(=O)N(C2=O)c2ccc(cc2)C(=O)Nc2ccc(cc2)C(=O)OCCCCCCCCOC(=O)*)cc1,tg,105.0,95.18721401210277
*OC(C)CCOC(=O)COCC(*)=O,egc,6.1998,6.362256464131122
*CNC(=S)O*,egb,4.2201,3.9485577990102105
*c1cc2sc3cc(*)sc3c2s1,egc,1.8464,1.8364753534333922
*Nc1ccc(cc1)C1(c2ccccc2c2ccccc12)c1ccc(cc1)NC(=O)c1ccc(cc1)C(=O)*,tg,319.0,292.52895369483235
*NC(=O)C(=S)C(C=C1)=CC=C1*,egc,2.9128,2.8323332054598005
*CCCCCCCCCCCCCCCCCCCCOC(=O)COCC(=O)O*,egc,6.3895,6.382843061604498
*Cc1ccc(-c2ccc(-c3ccc(*)cc3)s2)cc1,nc,1.9726,1.959798871008966
*N1C(=O)c2c(C1=O)cc(cc2)c1cc2c(C(=O)N(C2=O)c2ccc(cc2)Oc2ccc(cc2)Oc2ccc(cc2)*)cc1,tg,264.88,257.3107609269633
*CNOC(S1)=CC=C1*,egc,4.5017,4.299489490539266
*Oc1c(cc(cc1)Oc1ccc(cc1)C(=O)Nc1ccc(cc1)Oc1ccc(cc1)S(=O)(=O)c1ccc(cc1)Oc1ccc(cc1)NC(=O)c1ccc(cc1)*)C,tg,217.0,225.4590149495959
*CC(=O)Cc1ccc(*)cc1,eea,1.8209,1.696256144387274
*C(C*)c1ccc(cc1)C(=O)N(CC)CC,tg,102.0,97.76668568631233
*c1cc2c(C(=O)N(C2=O)c2cc(c(c(c2)Br)Oc2c(cc(cc2Br)N2C(=O)c3c(C2=O)cc(cc3)C(=O)*)Br)Br)cc1,tg,323.0,308.2204861765763
*Oc1c(cc(cc1C)c1cc(c(c(c1)C)OC(=O)CCCCCCCCC(=O)*)C)C,tg,57.0,82.0900637512385
*Cc1ccc(NC(*)=S)cc1,egb,3.5265,3.31572020010364
*Oc1ccc(cc1)C(=O)c1ccc(cc1)Oc1ccc(cc1)C(=O)c1ccc(cc1)Oc1ccc(cc1)Cc1ccc(cc1)*,tg,128.0,127.81635311271206
*CC(C#N)(C#N)CC(C#N)(C#N)C(C#N)C(*)(C#N)C#N,egb,6.5308,6.538594081522953
*CONC(*)=O,nc,1.7438,1.7463332702443328
*CCCCCCSCCS*,egb,5.0604,5.148758950723648
*Cc1ccc(CSSSS*)cc1,egc,4.3206,4.2728183807526685
*CC(C)(CO*)COCC(F)(F)F,egc,5.3043,5.892498833898112
*c1cc(N=Nc2ccc(S(=O)(=O)O)cc2)cc(*)c1O,egc,3.0327,3.001594876726102
*NC(C=C1)=CC=C1C(=S)C(C=C2)=CC=C2*,egc,2.322,2.5507204117523306
*Cc1ccc(NC(*)=S)s1,egb,2.8469,2.96946270344549
*C(C*)(C(=O)Oc1c(c(ccc1)C)C)C,tg,120.0,84.19881455991772
*c1cc2c(C(=O)N(C2=O)c2c3c(ccc2)c(ccc3)Oc2ccc(cc2)N2C(=O)c3c(C2=O)cc(cc3)C(=O)Nc2nc(nc(n2)NC(=O)*)c2ccccc2)cc1,tg,291.0,309.6490781389543
*C(C*)CCc1ccccc1,tg,17.5,0.8507793990014074
*Cc1ccc(NC(*)=S)s1,eea,2.0497,2.097630547655751
*Cc1ccc(NO*)s1,nc,1.8806,1.88744651099379
*Nc1ccc(C(=O)C(*)=S)cc1,eps,5.95,6.201010725083702
*Oc1c2c(c(cc1)c1c3c(c(cc1)OCCCCCCC*)cccc3)cccc2,tg,129.5,135.56708661553893
*CCNc1ccc(*)cc1,eea,0.6326,0.7006471935338661
*N1C(=O)c2c(C1=O)cc(cc2)Oc1cc2c(C(=O)N(C2=O)c2c(ccc(c2)C(c2cc(c(cc2)OCCN(c2ccc(cc2)C=CC2=CC(=C(C(=O)OCc3ccc(cc3)Oc3c(c(c(c(c3F)F)F)F)F)C#N)CC(C2)(C)C)c2ccccc2)*)(C(F)(F)F)C(F)(F)F)OCCN(c2ccc(cc2)C=CC2=CC(=C(C(=O)OCc3ccc(cc3)Oc3c(c(c(c(c3F)F)F)F)F)C#N)CC(C2)(C)C)C)cc1,tg,162.0,160.03458686839124
*CCc1nc(-c2ccc(-c3csc(*)n3)cc2)cs1,egc,3.7563,3.686375936562709
*Nc1ccc(cc1)c1ccc(cc1)NC(=O)c1ccc(cc1)NC(=O)c1ccc(cc1)[Si](c1ccc(cc1)C(=O)Nc1ccc(cc1)C(=O)*)(C)C,tg,320.0,325.478462914408
*c1cc2c(C(=O)N(C2=O)c2ccc(cc2)Oc2ccc(cc2)N2C(=O)c3c(C2=O)cc(cc3)C(=O)c2cc(ccc2)C(=O)*)cc1,tg,244.0,272.9703327260334
*CC(*)c1ccc(Cl)c([N+](=O)[O-])c1,egc,1.4833,2.404442633907132
*c1cc2c(C(=O)N(C2=O)c2c(ccc(c2)C(c2cc(c(cc2)OCCN(c2ccc(cc2)N=Nc2ccc(cc2)[N+](=O)[O-])CC)N2C(=O)c3c(C2=O)cc(cc3)C(*)(C(F)(F)F)C(F)(F)F)(C(F)(F)F)C(F)(F)F)OCCN(c2ccc(cc2)N=Nc2ccc(cc2)[N+](=O)[O-])CC)cc1,tg,199.0,179.96235329743226
*Oc1ccc(cc1)NC(=O)c1cc2c(cc1)cc(cc2)C(=O)Nc1ccc(cc1)Oc1ccc(cc1)C1(C2CC3CC(CC1C3)C2)c1ccc(cc1)*,tg,266.0,269.6868873152159
*CCCCCCCCCCCCNC(=O)CCCCCCCCC(=O)N*,egc,5.9688,5.947419136373478
*CC#CC#CCOC(=O)NCCCCCCNC(=O)O*,egc,4.9601,5.10272488608113
*OC(=O)c1ccc(cc1)C(=O)OCC(C(C*)C)C,tg,37.5,54.26885058978845
*CCCCCCCNC(=O)CCCCCCCCCCCCCCCCCCC(=O)N*,egc,5.9137,5.8349059646680645
*c1sc(cc1CCOC(=O)C(Br)C)*,tg,49.0,92.56352700561011
*N=Nc1ccc(cc1)Nc1ccc(cc1)C(=O)c1ccc(cc1)C(=O)c1ccc(cc1)Nc1ccc(cc1)*,tg,203.0,200.288114599189
*c1cc2c(C(=O)N(C2=O)c2c(cc(cc2)c2cc(c(cc2)N2C(=O)c3c(C2=O)cc(cc3)C(*)(C(F)(F)F)C(F)(F)F)OCCN(c2ccc(cc2)C(=C(C#N)C#N)C#N)CC)OCCN(c2ccc(cc2)C(=C(C#N)C#N)C#N)CC)cc1,tg,222.0,204.17501025460797
*CC(=S)c1ccc(O*)cc1,eea,3.1915,3.129117584836475
*C1COC2C1OCC2OC(=O)OCC(C(COC(=O)O*)O)O,tg,78.5,124.05120299792713
*C(C*)(Cl)Cl,tg,-11.96,29.706106262510048
*Oc1ccc(cc1)C(=O)c1ccc(cc1)NC(=O)c1cc(ccc1)C(=O)Nc1ccc(cc1)C(=O)c1ccc(cc1)*,tg,204.2,196.51229586100933
*O[Si](O[Si](O[Si](*)(c1c(c(c(c(c1F)F)F)F)F)C)(C)C)(C)C,tg,-83.0,-73.8106860971003
*Nc1cc(NC(=O)c2ccc3cc(C(*)=O)ccc3c2)cc(C(=O)OCCOc2ccc(C=CC(=O)c3ccccc3)cc2)c1,egc,2.7406,2.760324729386146
*CC(*)c1c(F)c(F)c(OC)c(F)c1F,egc,4.6291,4.773424495278639
*N(CCNC(=O)c1ccc(cc1)[Si](c1ccc(cc1)C(=O)NCC*)(CCCC)CCCC)c1ccc(cc1)/C=C/c1ccc(cc1)[N+](=O)[O-],tg,115.0,112.87246660242599
*Nc1ccc(-c2ccc(O*)cc2)cc1,eps,4.41,4.102990437348388
*c1ccc2n(c3c(c2c1)cc(cc3)c1ccc2n(c3c(c2c1)cc(cc3)C=Cc1ccc(cc1)c1n(c(nn1)c1ccc(cc1)C=C*)c1ccccc1)CCCCCCCC)CCCCCCCC,tg,157.0,165.36764440581163
*Oc1ccc(cc1)CC(=O)NCCCCCCNC(=O)C*,tg,69.5,70.65953007073844
*Oc1ccc(-c2ccc(C(*)=O)cc2)cc1,nc,1.9035,1.913325331541622
*OC(=O)c1ccc(cc1)[Si](c1ccc(cc1)C(=O)OCCN(CC*)c1ccc(cc1)C=Cc1ccc(cc1)[N+](=O)[O-])(C)C,tg,127.0,113.44711687035942
*Oc1ccc(C(CC)(c2ccccc2)c2ccc(OC(*)=S)cc2)cc1,egc,4.1012,3.823199190429168
*Oc1cc(ccc1)Oc1ccc(cc1)C(=O)c1ccc(cc1)NC(=O)c1cc(ccc1)C(=O)Nc1ccc(cc1)C(=O)c1ccc(cc1)*,tg,214.0,189.47533107904673
*Nc1cc(cc(c1)C(=O)Nc1c2C(=O)c3c(C(=O)c2ccc1)cccc3)NC(=O)NC1CCC(CC1)CC1CCC(CC1)NC(=O)*,tg,156.0,147.01057491302237
*c1oc(nn1)c1ccc(cc1)Oc1cc(ccc1)n1c(=O)c2ccc3c(=O)n(c(=O)c4ccc(c1=O)c2c34)c1cc(ccc1)Oc1ccc(cc1)*,tg,318.0,291.8253427701151
*N1C(=O)c2c(C1=O)cc(cc2)Oc1cc2c(C(=O)N(C2=O)CCCCCC*)cc1,tg,164.0,119.67690612746154
*Oc1ccc(cc1)CC(NC(=O)Cc1ccc(cc1)OC(=O)CC(CCC(=O)*)C)C(=O)OCCCCCCCC,tg,30.0,23.922611919568862
*NNC(=O)CCCCCCCCC(*)=O,egc,6.0464,5.843910898511328
*c1cc(C(=O)Oc2cccc3cccnc23)c(*)s1,egc,2.8057,2.5077426814980983
*N1C(=O)c2c(C1=O)cc(cc2)Oc1cc2c(C(=O)N(C2=O)c2cc(cc(c2)OCCCCCCCCCCCC)*)cc1,tg,162.0,166.76037282710433
*N1C(=O)c2c(C1=O)cc(cc2)c1cc2c(C(=O)N(C2=O)c2cc(c(c(c2)C(=O)OCCCCCCCCCC)c2c(cc(cc2Br)*)C(=O)OCCCCCCCCCC)Br)cc1,tg,116.0,125.82764825034234
*c1ccc(cc1)c1ccc(cc1)C(=Cc1c(cc(c(c1)OC)C=C(*)c1ccc(cc1)F)OC)c1ccc(cc1)F,tg,201.0,196.57363210333855
*OC(COC(=O)c1c(cccc1)C(=O)*)C,tg,95.0,115.02179885407206
*CCCCCCOCO*,egc,6.7419,6.523758871604069
*c1cncc(-c2nc3ccc(-c4ccc5nc(*)sc5c4)cc3s2)c1,egc,3.1882,3.2438517215622324
*c1cc2c(C(=O)N(C2=O)c2cc(ccc2)N2C(=O)c3c(C2=O)cc(cc3)C(=O)c2cc(ccc2)C(=O)*)cc1,tg,259.5,277.81642556718833
*Oc1c(cc(cc1OC)C=Cc1ccc(cc1)C=Cc1cc(c(c(c1)OC)OCCCCCCCC*)OC)OC,tg,80.45,79.9771363451431
*C(C*)c1c(ccc(c1)C(=O)OCCCCCCCCCCCC)c1ccc(cc1)OCCCCCCCC,tg,42.0,81.07250613283853
*C=CC(C)(C)C(*)(C)C,egc,5.1816,5.108951578721163
*Nc1c(cc(cc1)NC(=O)c1ccc(cc1)NC(=O)CCCCCCCCCCCCC(=O)Nc1ccc(cc1)C(=O)*)C(=O)OCCCCCCCCCCCCCC,tg,204.5,206.47833195613097
*C(C*)(C(=O)OCCCCCCCCOc1ccc(cc1)C(=O)Oc1ccc(cc1)C(=O)C=Cc1c(c2c(n1C)cccc2)C)C,tg,75.0,92.29242270724413
*CCCCCCN(C)C(=O)CCC(=O)N(*)C,egc,5.3815,5.345238085938203
*c1cc(-c2cc(CCCCCCCC)ccc2CCCCCCCC)c(*)s1,egc,1.6967,1.7322341843791138
*CC(O)CN(*)c1cc(C)cc(C)c1,egc,4.5575,4.5490278703185
*c1cc2c(C(=O)N(C2=O)c2cc(ccc2)C(=O)Nc2ccc(cc2)NC(=O)c2ccc(cc2)NC(=O)c2cc(ccc2)N2C(=O)c3c(C2=O)cc(cc3)C(*)(C(F)(F)F)C(F)(F)F)cc1,tg,328.0,297.8329243744395
*c1nc2c(c(c1)c1ccc(cc1)Oc1ccc(cc1)Oc1ccccc1)cc(cc2)c1cc2c(nc(cc2c2ccc(cc2)Oc2ccc(cc2)Oc2ccccc2)c2ccc(cc2)c2ccc(cc2)*)cc1,tg,348.33,285.19225386209695
*C(=S)C(=O)CCNc1ccc(C(=S)c2ccc(*)cc2)cc1,ei,5.8838,5.952668187699624
*Oc1cc(ccc1)NC(=O)CCCCCCCCC(=O)Nc1ccc(cc1)*,tg,125.0,125.43415985922721
*CCCCCCCNC(=S)Nc1ccc(NC(=S)N*)cc1,egb,3.5538,3.5658150414959797
*Oc1cc(ccc1)C(=O)OC(=O)c1cc(ccc1)OCCCCC*,tg,61.0,7.2972810408706925
*Oc1ccc(cc1)Oc1ccc(cc1)C(=O)c1cc(ccc1)NC(=O)c1cc(ccc1)C(=O)Nc1cc(ccc1)C(=O)c1ccc(cc1)*,tg,202.0,197.18621659187914
*NOC(F)(F)C(*)(F)F,nc,1.6008,1.6261866051482492
*c1ccc2c(c1)c1cc(*)ccc1n2-c1ccccc1,egc,3.553,3.3487624301441166
*O[Ca]OC(=O)c1c(cccc1)C(=O)OCCCCCOC(=O)NCCCCCCNC(=O)OCCCCCOC(=O)c1c(cccc1)C(=O)*,tg,-2.4,22.12748724767621
*Oc1cc(c(cc1)CCc1ccc(cc1)OCCCCC*)C,tg,15.4,20.391599127498257
*C=CCCCCCCCCCC*,egc,5.8787,5.661362686122833
*Oc1c(cc(cc1C)C(c1cc(c(c(c1)C)OC(=O)CCCCCC(=O)*)C)(C)C)C,tg,84.0,89.29537955460968
*c1nc2c(c(c1)c1ccccc1)cc(cc2)c1cc2c(nc(cc2c2ccccc2)c2ccc(cc2)c2ccc(cc2)*)cc1,tg,372.0,339.1545281876598
*c1cc2c(C(=O)N(C2=O)c2ccc(cc2)S(=O)(=O)c2ccc(cc2)N2C(=O)c3c(C2=O)cc(cc3)C(C(C(*)(F)F)(F)F)(F)F)cc1,tg,259.0,257.0014141892593
*CCOC(=O)c1ccc(O*)c(C)c1,egc,4.4876,4.335399496348126
*CCCCCCCCCCCOC(=O)c1ccc2cc(C(=O)O*)ccc2c1,egc,3.7387,3.6371470387225204
*c1nc(ccc1)C(=O)Nc1cc(cc(c1)c1oc(nn1)c1ncccc1)NC(=O)*,tg,255.0,230.40174601512328
*Oc1ccc(cc1)OC(=O)c1ccc(cc1)OCCOCCOCCOc1ccc(cc1)C(=O)Oc1ccc(cc1)OCCCCCCCCCC*,tg,64.0,30.296315177248488
*OC1=CC(=O)C(*)=CC1=O,egc,3.1359,3.3051100665406223
*Cc1ccc(Cc2ccc(*)cc2)cc1,ei,6.2368,6.1153875037614265
*CC(*)(C)C(=O)OCc1ccc(Cl)cc1,egc,4.9536,5.013257558918677
*C(=O)c1ccc(NC(=S)Oc2ccc(Nc3ccc(*)s3)s2)s1,eea,2.7059,2.6617309479722273
*N1C(=O)C(=C(C1=O)c1ccccc1)c1ccc(cc1)C1=C(C(=O)N(C1=O)c1ccc(cc1)Oc1ccc(cc1)c1ccc(cc1)Oc1ccc(cc1)*)c1ccccc1,tg,257.67,247.86204895245484
*CC=CCNC(=O)CCC=CCCC(=O)N*,egc,5.3865,5.452810177321737
*N1C(=O)c2c(C1=O)cc(cc2)Oc1cc(ccc1)C(=O)Nc1ccc(cc1)Oc1ccc(cc1)Oc1ccc(cc1)*,tg,213.0,204.30559298377915
*CCNC(*)=S,egb,3.6727,3.5259103499630657
*OC(=O)c1ccc(cc1)C(=O)OCC(C*)C,tg,55.0,69.5111979665084
*C1CC2CC(CC(C1)O2)OC(=O)Oc1ccc(cc1)S(=O)(=O)c1ccc(cc1)OC(=O)O*,tg,184.0,225.70777266645274
*N1C(=O)CC(CC1=O)CCC*,tg,90.23,62.98909213015757
*Nc1ccc(cc1)C(c1ccc(cc1)NC(=O)c1cc(cc(c1)NC(=O)CCCCCN1C(=O)c2c(C1=O)cccc2)C(=O)*)(C(F)(F)F)C(F)(F)F,tg,225.0,219.47635797460563
*CCCCNC(=O)c1cccc(C(=O)N*)c1,egc,5.1173,4.932148830947314
*COC(=S)O*,ei,6.8707,6.808415565935606
*Nc1cc(*)ccc1CCCCCCCCCCCC,egc,4.025,3.850180717817135
*Nc1ccc(Br)cc1-c1ccc(NC(=O)c2ccc(C(*)=O)cc2)cc1,egb,2.9894,2.6957655979950528
*Oc1cc(ccc1)C(=O)OCC(C(C(COC(=O)c1cc(ccc1)*)(F)F)(F)F)(F)F,tg,20.0,56.29814496896349
*CNOC(*)=S,eps,3.89,4.072174404013978
*CCC(O*)(C(F)(F)F)C(F)(F)F,eps,3.05,3.6187374157803003
*OC(COCC(OC(=O)c1c(cccc1)C(=O)*)C)C,tg,25.0,54.328256689016364
*C(C*)(C(=O)OCCOc1ccc(cc1)c1ccc(cc1)c1ccc(cc1)C#N)C,tg,115.0,134.99369498235384
*Oc1ccc(cc1)N=CCCCC=Nc1ccc(cc1)OC(=O)Nc1c(ccc(c1)NC(=O)*)C,tg,69.0,61.32999867519152
*C(=O)C(=S)OC(*)=S,eps,6.46,6.467984884761187
*c1cc2c(C(=O)N(C2=O)c2ccc(cc2)C(c2ccc(cc2)N2C(=O)c3c(C2=O)cc(cc3)C(=O)*)(C(F)(F)F)C(F)(F)F)cc1,tg,300.0,295.55327632081554
*CC(*)c1ccncc1,egc,2.5368,3.2796150373613746
*CCOC(=O)NCCOCCOCCNC(=O)O*,egb,6.4585,6.769894982706025
*OC(=O)c1ccc(cc1)c1ccc(cc1)c1ccc(cc1)C(=O)OCC(C*)(CC)CC,tg,-20.0,66.69758096758517
*Nc1cc(cc(c1)C(=O)OC1C(CCC(C1)C)C(C)C)NC(=O)c1cc(cc(c1)OCCN(c1ccc(cc1)[N+](=O)[O-])C)C(=O)*,tg,193.0,177.05826628163285
*CCCCCCC(=O)N*,eea,0.6934,0.731294976790232
*N1C(=O)C(CC1=O)(SCCOCCSC1(C(=O)N(C(=O)C1)c1ccc(cc1)Cc1ccc(cc1)N1C(=O)C(C(C1=O)C)SCCOCCSC1C(=O)N(C(=O)C1C)c1ccc(cc1)Cc1ccc(cc1)*)C)C,tg,105.0,121.06627317411892
*c1ccc(N(*)c2ccc(S(=O)(=O)O)cc2)cc1,egc,3.3685,3.5273624030094495
*N1C(=O)c2c(C1=O)c(ccc2)Oc1c(cc(cc1C)Cc1cc(c(c(c1)C)Oc1c2c(C(=O)N(C2=O)c2c(cc(c(c2C)*)C)C)ccc1)C)C,tg,287.0,280.1713509435151
*C1C(CC(C1)C=C*)C(=O)OCCN(C)C,tg,12.5,19.92231236121986
*C(C*)OC(=O)c1ccc(cc1)OC(=O)CC,tg,71.5,30.338278574129518
*c1cc2c(cc1)cc(cc2)C(=Cc1c(cc(c(c1)OC)C=C(*)c1ccccc1)OC)c1ccccc1,tg,198.0,203.5792212501137
*N1C(=O)c2c(C1=O)cc(cc2)Oc1ccc(cc1)Oc1cc2c(C(=O)N(C2=O)c2c(c(c(cc2)Cc2c(c(c(cc2)*)C)C)C)C)cc1,tg,277.0,279.1746984002701
*SSCCCCCCCCCC*,tg,-65.0,-58.221686156609145
*N1C(=O)c2c(C1=O)c(ccc2)Oc1c2c(C(=O)N(C2=O)c2ccc(cc2)Oc2ccc(cc2)*)ccc1,tg,292.5,289.1735762474343
*CCCCCCCCCCCCCCCCCCOCO*,egc,6.7236,6.617335574649591
*C(C=C1)=CC=C1C(C=C2)=CC=C2C(C=C3)=CC=C3C(=S)*,egc,2.6076,2.2945342995049396
*Nc1ccc(NC(=O)C=CC(*)=O)cc1,egc,2.7273,2.8782927443380397
*C(F)(F)C(C=C1)=CC=C1C(F)(F)O*,egc,4.9933,5.43518273039848
*Oc1ccc(cc1)S(=O)(=O)c1ccc(cc1)Oc1ccc(cc1)C1(CCCCC1)c1ccc(cc1)*,tg,226.0,250.35715422572744
*Oc1ccc(cc1)c1ccc(cc1)c1ccc(cc1)Oc1ccc(cc1)C(=O)c1cc(ccc1)C(=O)c1ccc(cc1)*,tg,174.0,176.8695051513969
*C1C(CC(C1)C=C*)(CCC)C#N,tg,108.0,102.73679249684693
*Oc1ccc(cc1)Oc1ccc(cc1)Oc1ccc(cc1)c1ccc(cc1)Oc1ccc(cc1)Oc1ccc(cc1)Oc1c(cc(cc1)C(=O)c1cc(c(cc1)*)S(=O)(=O)O[Na])S(=O)(=O)O[Na],tg,348.0,279.25294699636544
*C(C*)O,tg,76.98,37.762736246320216
*C(F)(F)CC(F)(F)C(=O)*,egc,4.9534,5.080785192395544
*C(C*)(CC(=O)Oc1ccc(cc1)OCCCCCCC)C(=O)Oc1ccc(cc1)OCCCCCCC,tg,111.0,72.9927119949154
*NCCCNC(=O)NC(*)=O,eps,4.19,3.9854856848408415
*Oc1c(cc(c(c1)C(C)(C)C)Oc1ccc(cc1)C(=O)Nc1ccc(cc1)C(c1ccc(cc1)NC(=O)c1ccc(cc1)*)(C)C)C(C)(C)C,tg,254.0,249.64838795502226
*C(C*)(c1nc2c(cc1)cccc2)C,tg,181.8,150.04837543313403
*c1cc2c(C(=O)N(C2=O)c2c(cccc2)C(=O)c2cc(ccc2)N2C(=O)c3c(C2=O)cc(cc3)C(=O)*)cc1,tg,258.33,275.91640412899204
*C(C*)(C(=O)OCC#C)C,tg,58.0,33.88573839780341
*C=CC1CC(*)C(C(=O)OC)C1C(=O)OC,egc,5.0643,5.302201789756395
*Oc1cc(cc(c1)CCC)OC(=O)c1cc(ccc1)C(=O)*,tg,129.0,128.31005293004614
*Nc1c(cc(cc1)NC(=O)c1ccc(cc1)NC(=O)CCCCCCCCCCCCC(=O)Nc1ccc(cc1)C(=O)*)C(=O)OCCCCCCCCCCCCCCCC,tg,250.0,217.89333263814706
*Nc1ccc(NC(=O)C=Cc2ccc(C=CC(*)=O)cc2)cc1,egc,3.0305,2.966105065777966
*c1cc2c(C(=O)N(C2=O)c2cc(c(cc2)c2c(cc(cc2)N2C(=O)c3c(C2=O)cc(cc3)C(=O)Oc2ccc(cc2)C2(C3C4C(CCC4)C(C2)C3)c2ccc(cc2)OC(=O)*)C)C)cc1,tg,226.0,199.69221126430878
*CCCCCCOC(=O)CCCCS(=O)(=O)CCCCC(=O)O*,egc,6.5053,6.611878378956899
*NNC(=O)c1cccc(C(*)=O)c1,egc,5.0927,4.690105690113252
*Cc1ccc(CO*)s1,eps,4.0,3.9128908067814248
*Cc1ccc(Oc2ccc(*)s2)s1,nc,1.8388,1.8494865034233616
*Oc1ccc(cc1)C=Cc1ccc(cc1)OCCCCCC*,tg,76.0,82.01132823132158
*c1cc2c(C(=O)N(C2=O)c2c(cc(cc2C(C)C)C(c2cc(c(c(c2)C(C)C)N2C(=O)c3c(C2=O)cc(cc3)C(*)(C(F)(F)F)C(F)(F)F)C(C)C)(c2ccccc2)C(F)(F)F)C(C)C)cc1,tg,274.0,268.07937504301304
*C=CCC*,tg,-89.57,-47.67315892685143
*CCOC(=O)CC(=O)O*,egc,6.8494,6.800093405576283
*Nc1c(Cl)cc(C(*)=O)cc1Cl,egc,3.9189,3.888184306294532
*CC#CCOC(=O)CCCCCCCCC(=O)O*,egc,6.1042,6.195493168616228
*C(=S)C(F)(F)CC(*)(F)F,nc,1.7605,1.782231058974141
*c1cc2c(C(=O)N(C2=O)c2c(c(ccc2)C(=O)Nc2ccc(cc2)C(c2ccc(cc2)NC(=O)c2c(c(ccc2)N2C(=O)c3c(C2=O)cc(cc3)C(*)(C(F)(F)F)C(F)(F)F)C)(C(F)(F)F)C(F)(F)F)C)cc1,tg,250.0,270.63799607442724
*Oc1ccc(cc1)NC(=O)c1ccc(cc1)P(=O)(c1ccc(cc1)C(=O)Nc1ccc(cc1)Oc1ccc(cc1)P(=O)(c1ccc(cc1)*)c1ccccc1)c1ccccc1,tg,225.0,241.02762827339578
*CC(=O)c1ccc(C(*)=S)cc1,ei,6.4748,6.4528954440824435
*c1ccc(*)cc1,nc,2.0982,2.0511454026331073
*c1ccc(C(F)(F)c2ccc(C(*)(F)F)s2)s1,eea,2.5399,2.7120974887395555
*c1c2c(c(nn1)c1ccc(cc1)Oc1ccc(cc1)C1(c3ccccc3c3ccccc13)c1ccc(cc1)Oc1ccc(cc1)*)c(c(c(c2c1ccc(cc1)F)c1ccc(cc1)F)c1ccc(cc1)F)c1ccc(cc1)F,tg,311.33,302.52267779300723
*Oc1ccc(C(c2ccccc2)c2ccc(OC(*)=O)cc2)cc1,egc,5.1003,4.976684192225052
*Nc1c(cc(c(c1)[N+](=O)[O-])NC(=O)CCCCCCCCC(=O)*)C=Cc1ccc(cc1)N(C)C,tg,159.0,160.84196149712102
*C(C*)(C(=O)NC(=O)Oc1ccc(cc1)S(=O)(=O)c1ccc(cc1)O)C,tg,182.0,109.41809588774726
*c1cc2c(C(=O)N(C2=O)c2cc(ccc2)C(c2ccc(cc2)N2C(=O)c3c(C2=O)cc(cc3)C(*)(C(F)(F)F)C(F)(F)F)(C)C)cc1,tg,260.0,247.25808272800538
*OC(=O)C(F)(F)C(*)(F)F,eps,3.31,3.4394006832834454
*Oc1ccc(cc1)N=Nc1ccc(cc1)Oc1ccc(cc1)C(c1ccc(cc1)*)(C)C,tg,175.0,172.26223809448058
*Oc1ccc(cc1)C(=Cc1ccc(cc1)c1ccc(cc1)C=C(c1ccc(cc1)OC(=O)c1ccc(cc1)C(=O)*)c1ccccc1)c1ccccc1,tg,236.0,238.58730854943468
*N1C(=O)C(CC1=O)Nc1ccc(cc1)NC1C(=O)N(C(=O)C1)c1ccc(cc1)C(=O)Oc1c(cc(cc1C)C(c1cc(c(c(c1)C)OC(=O)c1ccc(cc1)*)C)c1cnccc1)C,tg,212.0,184.18599061073598
*OC(COC(F)(C(F)(F)F)C(F)(F)F)C(*)COC(F)(C(F)(F)F)C(F)(F)F,egc,6.5255,6.863258811401557
*c1cc2c(C(=O)N(C2=O)c2c(cc(cc2)C2(c3ccccc3c3ccccc23)c2cc(c(cc2)N2C(=O)c3c(C2=O)cc(cc3)C(*)(C(F)(F)F)C(F)(F)F)F)F)cc1,tg,352.0,328.9644864472082
*Oc1ccc(cc1)C(c1ccc(cc1)OCCOC(=O)C1CCC(CC1)C(=O)OCC*)(C)C,tg,57.0,71.83365971290702
*Oc1ccc(cc1)S(=O)(=O)c1ccc(cc1)c1ccc(cc1)*,tg,265.5,253.06619972114197
*c1n(nc(c1)c1ccc(cc1)Oc1ccc(cc1)C(=O)c1ccc(cc1)Oc1ccc(cc1)*)c1ccccc1,tg,205.0,199.60377187636362
*c1nc2c([nH]1)cc(cc2)c1cc2c(nc([nH]2)c2cc(ccc2)*)cc1,tg,395.88,373.39600456055274
*C1(NCC(NC1)(C(=O)OCC(CSCC(COC(=O)*)(C)C)(C)C)C)C,tg,40.0,26.09121971091805
*CNc1ccc(C(*)=S)s1,ei,5.3497,5.264626950030991
*c1cc2c(C(=O)N(C2=O)c2cc3C(=O)c4c(c3cc2)ccc(c4)N2C(=O)c3c(C2=O)cc(cc3)C(=O)*)cc1,tg,331.0,321.51625118305844
*c1c(nc2c(n1)cc(cc2)Oc1ccc(cc1)NC(=O)c1cc2c(C(=O)N(C2=O)c2ccc(cc2)C(c2ccc(cc2)N2C(=O)c3c(C2=O)cc(cc3)C(=O)Nc2ccc(cc2)Oc2cc3c(nc(c(n3)c3ccc(cc3)Oc3ccc(cc3)*)c3ccc(cc3)[N+](=O)[O-])cc2)(C(F)(F)F)C(F)(F)F)cc1)c1ccc(cc1)[N+](=O)[O-],tg,303.0,288.8283584762515
*Oc1ccc(OC(*)=O)cc1,egb,4.3251,4.496478299023988
*Nc1ccc(cc1)C(c1ccc(cc1)NC(=O)c1cc(cc(c1)NC(=O)CCCN1C(=O)c2c(C1=O)cccc2)C(=O)*)(C(F)(F)F)C(F)(F)F,tg,240.0,221.57044114224655
*OC(C*)CCCCCCCCCC,tg,-41.0,-73.28767772099808
*C(C*)c1c(ccc(c1)C(=O)Oc1ccc(cc1)OC)C(=O)Oc1ccc(cc1)OC,tg,109.67,122.88647095731417
*c1ccc2oc3c(c2c1)cc(cc3)S(=O)(=O)*,tg,360.0,294.13179434126437
*c1cc2c(cc1OC(=O)COc1ccc3c(c1)oc(=O)cc3)oc(=O)c(c2)C(=O)Nc1ccc(cc1)C(c1ccc(cc1)NC(=O)c1c(=O)oc2c(cc(c(c2)OC(=O)COc2ccc3c(c2)oc(=O)cc3)C*)c1)(C(F)(F)F)C(F)(F)F,tg,257.0,244.58692885232088
*C(C*)C(=O)OCCOc1ccc(cc1)C(=O)Oc1ccc(cc1)OC(=O)c1ccc(cc1)OCCCC,tg,45.0,62.40730933761551
*Oc1ccc(cc1)C(=Nc1ccc(cc1)N=C(c1ccc(cc1)Oc1ccc(cc1)C(c1ccc(cc1)*)(c1ccccc1)c1ccccc1)c1ccccc1)c1ccccc1,tg,198.0,207.40911404484902
*OC(c1ccc(OC)cc1)C(C)(C)C(*)=O,egb,4.5832,4.58256871371684
*C(=O)c1ccc(C(=O)C(*)=S)cc1,egb,1.6753,1.9023884905860236
*Oc1ccc(cc1)Oc1ccc(cc1)OCCCCCCOC(=O)OCCOC(=O)OCCCCCC*,tg,-4.0,-12.658005819593656
*N1C(=O)c2c(C1=O)cc(cc2)NC(=O)Nc1c2c(ccc1)c(ccc2)NC(=O)Nc1cc2c(C(=O)N(C2=O)c2ccc(cc2)Oc2c(c3c(cc2)cccc3)c2c3c(ccc2Oc2ccc(cc2)*)cccc3)cc1,tg,297.0,287.70943915155726
*C(C*)(C(=O)Oc1cc(c(cc1)[N+](=O)[O-])C)C,tg,101.0,77.14751836520227
*Nc1c(cc(cc1)Br)c1ccc(cc1)NC(=O)c1ccc(cc1)C(=O)*,tg,267.0,261.462069361529
*Cc1ccc(-c2ccc(O*)cc2)s1,eea,1.4385,1.5697121938863126
*O[Si](*)(c1ccccc1)C,tg,-24.27,29.907490829368662
*OP(=O)(Oc1c(cc(cc1C)S(=O)(=O)c1cc(c(c(c1)C)*)C)C)Oc1ccc(cc1)[N+](=O)[O-],tg,173.0,169.654176525561
*c1sc(cc1)[Si]([Si](*)(CCCC)CCCC)(CCCC)CCCC,tg,-53.0,-21.74370255304148
*C1=CC(C)C(C(=O)C(=O)C2CC3C(*)CC3(O)C2=O)C(=O)N1C,egc,2.7097,2.536671469530644
*Oc1ccc(cc1)NC(=O)c1cc(cc(c1)C(C)(C)C)C(=O)Nc1ccc(cc1)Oc1ccc(cc1)C(c1ccc(cc1)*)(C(F)(F)F)C(F)(F)F,tg,254.25,237.1902112342246
*C(=O)C(C=C1)=CC=C1C(S2)=CC=C2C(C=C3)=CC=C3*,egc,2.9694,2.844020224053395
*Nc1ccc(-c2ccc(-c3ccc(*)s3)cc2)cc1,eea,1.8885,1.9099533897141376
*CC(=O)Cc1ccc(*)cc1,ei,6.2518,6.2497160619574625
*CCc1ccc(Cc2ccc(CCS*)cc2)cc1,egc,4.9003,4.7173184859573105
*Cc1ccc(C(=S)c2ccc(*)cc2)cc1,ei,5.6687,5.531233651845955
*C(=S)c1ccc(C(=S)c2ccc(*)cc2)cc1,egb,1.8035,1.5027225730689475
*C(C*)(C(=O)OC1CCCCCCCCC1)C,tg,58.0,90.42422119729828
*C(C(=O)C*)c1ccc(cc1)C(C)(C)C,tg,158.0,98.3970176851503
*Oc1c(c(cc(c1)Cl)Cl)*,tg,165.0,159.31012069364726
*CCOC(=O)CCCCCCCCC(=O)O*,egc,6.8048,6.845809918946316
*c1cccc(-c2nc3cc4nc(*)c(-c5ccccc5)nc4cc3nc2-c2ccccc2)c1,egb,1.9959,2.1028862280786575
*NOc1ccc(O*)cc1,egb,4.5587,4.180035725608501
*SC1CCCC(*)C1,egc,4.9242,4.947719297992944
*Oc1cc(ccc1)C(=O)c1ccc(cc1)Oc1ccc(cc1)C(=O)c1ccc(cc1)*,tg,146.0,149.7148229986813
*N1C(=O)c2c(C1=O)cc(cc2)C(c1cc2c(C(=O)N(C2=O)CCCCC*)cc1)(C(F)(F)F)C(F)(F)F,tg,170.0,177.02502795486834
*c1cc2c(C(=O)N(C2=O)c2cc(ccc2)OCCOCCOc2cc(ccc2)N2C(=O)c3c(C2=O)cc(cc3)C(=O)*)cc1,tg,152.33,163.91135469192452
*C1=C(CC(C1)(C(=O)OCC)C(=O)OCC)C=C*,tg,27.65,17.887263769030806
*C(OC(C)=O)=C(OC(C)=O)c1ccc(*)cc1,egc,3.7517,3.927054087207501
*Oc1c(cc(cc1)OCCCCC(=O)NNC(=O)c1ccc(cc1)C(=O)NNC(=O)CCCC*)C,tg,139.5,124.74646534695445
*OC(CC(=O)*)CCCCCC,tg,-47.0,-43.89961181812658
*C1C(CC(C1)C=C*)C(=O)OCCCCCCCCOc1ccc(cc1)C=Cc1ccc(cc1)[N+](=O)[O-],tg,49.6,36.422490214236326
*OC(=O)CCCCCCCCC(=O)OCCCCCCCCCC*,tg,-53.0,-38.00550405703365
*CC(*)C,egb,7.6997,7.30513364564796
*OC(COC(=O)c1cc(ccc1)C(=O)OCC(*)(F)F)(F)F,tg,28.0,19.01435269625388
*C=CC(C)C(*)C(=O)OCCCC,egc,5.2364,5.304829248122099
*C=CC(C)C(*)C(=O)OCCCC,egb,5.4974,5.402087555559043
*C(=O)Oc1ccc(OC(=O)c2ccc3c(c2)C(=O)N(c2ccc(Sc4ccc(N5C(=O)c6ccc(*)cc6C5=O)cc4)cc2)C3=O)cc1,egc,2.9567,2.924702407742794
*C(C*)C(=O)OCC,tg,-9.27,-18.06245421308012
*O[Si](c1ccc(cc1)[Si](Oc1c(cc(cc1C)c1cc(c(c(c1)C)*)C)C)(C)C)(C)C,tg,67.0,126.19596879848808
*C(C*)(C(=O)OCCCCCCCCCCOc1ccc(cc1)OC(=O)c1ccc(cc1)OC)C,tg,21.0,28.6649672089647
*Oc1ccc(cc1)N=CC=Nc1ccc(cc1)OC(=O)Nc1ccc(cc1)Cc1ccc(cc1)NC(=O)*,tg,133.0,69.72895227952472
*c1cc(C)c(-c2c(C)cc(N3C(=O)c4ccc(-c5ccc6c(c5)C(=O)N(*)C6=O)cc4C3=O)cc2C)c(C)c1,egc,3.1002,3.1148065251186052
*C=Cc1ccc(*)n1CCCCCC,egc,1.5103,1.7997625250841587
*Oc1ccc(cc1)C(=O)OC(COC(COC(COC(=O)c1ccc(cc1)OC(=O)c1ccc(cc1)C(=O)*)C)C)C,tg,36.0,50.11332641122933
*CCCCCCCCC(=O)N*,egc,6.101,5.867200384521084
*c1cc2c(C(=O)N(C2=O)c2c(ccc(c2)N2C(=O)c3c(C2=O)cc(cc3)C(=O)Nc2c(cc(cc2C)Cc2cc(c(c(c2)C)NC(=O)*)C)C)N=Nc2ccc(cc2)OC(F)(F)F)cc1,tg,278.0,268.4536672151585
*C(C*)C(C(F)(F)F)(F)F,tg,41.0,-31.073183247064183
*NC(=O)OC(=O)*,egc,5.6538,6.029970496476574
*C(C*)OCCCCCCCCCCCOc1ccc(cc1)C(=O)Oc1ccc(cc1)C#N,tg,37.0,36.2048950839174
*CCCCCCO*,egc,6.1189,6.262236380958866
*Oc1ccc(cc1)C(=O)OCCCCOC(=O)c1ccc(cc1)*,tg,38.0,42.36011923178142
*c1ccc(cc1)C(C(*)(C(=O)OCC)C#N)(C(=O)OCC)C#N,tg,108.0,124.84590970094132
*OC(=O)c1ccc(cc1)C(=O)OCCCCOC(=O)CCCCC(=O)OCCCC*,tg,-20.0,-37.71142059255979
*N=P(*)(OCc1ccc(cc1)Br)OCc1ccc(cc1)Br,tg,-0.8,-7.250401177876508
*NC(=O)CCCCCCCCCCC(=O)NCCCCCC*,tg,50.61,56.24861056538306
*C(C)C(*)O,egb,7.9156,7.554507300470037
*CCCCCCOC(=O)SC(=O)O*,egc,5.9655,5.987582798120569
*Nc1ccc(Oc2ccc(*)s2)cc1,nc,1.9073,1.9196421401015566
*c1ccc(-c2nc3cc4nc(-c5ccccc5)c(*)nc4cc3nc2-c2ccccc2)cc1,egc,2.8531,2.7953237504880923
*CCCO*,eps,3.03,3.0078510182200486
*c1cc2c(C(=O)N(C2=O)c2ccc(cc2)C(=O)Nc2ccc(cc2)C(=O)OCCCCCCCOC(=O)*)cc1,tg,106.0,107.66543726487988
*Oc1ccc(cc1)c1ccc(cc1)OC(=O)CCCCCCCCCCCCC(=O)*,tg,95.0,74.95491248011717
*CCCC(*)C#N,egb,7.4859,7.61399884855722
*Oc1ccc(NC(=O)NCCCCCCNC(*)=O)cc1C,egc,4.8377,4.6551172802996055
*C(C*)c1c(cc(c(c1)C)C)C,tg,104.0,132.91413464310008
*CC1CC(CNC(=O)c2cccc(C(=O)N*)c2)CC(C(C)(C)C)C1,egc,4.8842,4.887273353141526
*C(=CCC*)C(C)C,tg,-47.0,-63.414906750708894
*c1ccc(-c2ccc(-c3ccc(-c4ccc(-c5ccc(*)n5CCCCCCCCCCCC)s4)s3)s2)s1,egc,2.1419,2.28748742496504
*c1cc2c(C(=O)N(C2=O)c2ccc(cc2)Oc2ccc(cc2)N2C(=O)c3c(C2=O)cc(cc3)C(C(C(*)(F)F)(F)F)(F)F)cc1,tg,216.5,244.47622059590603
*OC(CC(*)=O)C1CO1,egc,6.757,6.645051676346712
*OC(F)(F)C(*)(F)F,egb,10.1137,9.250766187168677
*c1ccc(OC(=S)c2ccc(*)s2)cc1,egb,2.0472,2.1478987482789194
*Cc1ccc(C(=O)N*)cc1,egb,4.2448,4.382048199167832
*C(c1ccccc1)=c1ccc(=c2ccc(=C(c3ccccc3)c3ccc(-c4ccc(*)s4)s3)s2)s1,egc,1.4486,1.3863107943780584
*CNC(C=C1)=CC=C1O*,egc,4.3424,4.2520941287401275
*O[Si](*)(CCCOc1ccc(cc1)N=Nc1ccc(cc1)S(=O)(=O)O)C,tg,9.2,21.436123094307625
*OC(=S)C(F)(F)C(*)(F)F,eea,3.6605,3.893759120553048
*OC(=O)Nc1ccc(cc1)Cc1ccc(cc1)NC(=O)OCCN(CC*)c1ccc(cc1)N=Nc1ccc(cc1)[N+](=O)[O-],tg,136.4,119.92907306390225
*CCCC(*)=O,eea,1.2346,1.077987218781976
*c1cc2c(C(=O)N(C2=O)c2ccc(cc2)Oc2ccc(cc2)N2C(=O)c3c(C2=O)cc(cc3)C(=O)Nc2ccc(cc2)Sc2ccc(cc2)NC(=O)*)cc1,tg,284.0,266.66452423735666
*Oc1ccc(cc1)C(c1ccc(cc1)OC(=O)C1CCC(CC1)C(=O)*)(C)C,tg,150.0,137.4617425307417
*c1cc2c(C(=O)N(C2=O)c2ccc(cc2)NC(=O)C(C(C(C(C(=O)Nc2ccc(cc2)N2C(=O)c3c(C2=O)cc(cc3)C(*)(C(F)(F)F)C(F)(F)F)(F)F)(F)F)(F)F)(F)F)cc1,tg,285.0,263.120837467358
*c1cc2c(C(=O)N(C2=O)c2c(cc(cc2C)C2(c3ccccc3c3ccccc23)c2cc(c(c(c2)C(C)C)N2C(=O)c3c(C2=O)cc(cc3)C(*)(C(F)(F)F)C(F)(F)F)C)C(C)C)cc1,tg,335.0,325.296274567338
*OC(C(=O)OCCC*)C,tg,-33.0,-23.864499954000234
*OC(=O)CCCC(=O)OCCOCC*,tg,-55.0,-45.207559067403885
*C(=O)c1ccc2c(c1)C(=O)N(c1ccc(N3C(=O)c4ccc(*)cc4C3=O)cc1)C2=O,egc,2.8765,3.1209785511582075
*C1(c2c(C(=O)N1C)cccc2)c1ccc(cc1)Oc1ccc(cc1)C(=O)c1ccc(cc1)Oc1ccc(cc1)*,tg,245.0,238.50438639459426
*CCCCOC(=O)CCCCC(=O)O*,egc,6.8238,6.882082714185068
*OC(=O)c1c(ccc(c1)N=Nc1ccc(cc1)OCC)c1c(cc(cc1)N=Nc1ccc(cc1)OCC)C(=O)OCCC*,tg,101.0,94.91856452544081
*C(C=C1)=CC=C1C(S2)=CC=C2C(C=C3)=CC=C3O*,egc,3.449,3.1129368503710753
*C(C*)(C(=O)OC(COc1c2c(ccc1)cccc2)COc1c2c(ccc1)cccc2)C,tg,80.0,93.14763565526775
*C(C*)CC,tg,-22.54,-56.68626141592847
*C(=O)c1ccc2c(c1)C(=O)N(c1cccc(Nc3ncnc(Nc4cccc(N5C(=O)c6ccc(*)cc6C5=O)c4)n3)c1)C2=O,egc,2.4957,2.6539715616638313
*Oc1ccc(cc1)C(=O)c1cc(ccc1)C(=O)c1ccc(cc1)*,tg,139.0,120.69127270634841
*C(C*)(C(=O)OCCOC)C,tg,22.75,14.041768378309344
*n1nc(-n2c(=O)c3cc4c(=O)n(*)c(=O)c4cc3c2=O)c2ccccc2c1=O,egc,2.9967,2.8679665877958156
*CC(*)(C)C(=O)OCc1cccs1,egc,4.9884,4.838398037100508
*Oc1ccc(cc1)CC(NC(=O)CCc1ccc(cc1)OC(=O)CCCCC(=O)*)C(=O)OC,tg,68.67,69.6720280692533
*CC(*)C(=O)OCCCCC,egc,6.4787,6.107091772644161
*c1cc2c(C(=O)N(C2=O)C2C(=O)N(C(=O)C2)c2c(ccc(c2)C)NC(=O)*)cc1,tg,237.0,171.87326680676193
*Cc1ccc(-c2ccc(O*)cc2)cc1,egb,3.7323,3.8947095281556523
*NC(C=C1)=CC=C1C(C=C2)=CC=C2C(=S)*,egc,2.813,2.6606863529198677
*c1sc(cc1CCCCCCCCCCCC)c1sc(c(c1)CCCCCCCCCCCC)c1cc2cc3c(cc2cc1)cc(cc3)*,tg,158.0,94.04631765394065
*c1ccc(Oc2ccc(-c3cnc4cc5ncc(*)nc5cc4n3)cc2)cc1,egc,2.782,2.7582562849266585
*OCCC(=O)CC(=O)Oc1ccc(*)cc1,nc,1.7251,1.7597800993936992
*CCCCCCCCCCCCCCCCCCNC(=O)CCCCCCCCCCC(=O)N*,egc,5.6172,5.874818950726235
*S(=O)(=O)c1cc(ccc1)NC(=O)CCCCCCCCC(=O)Nc1cc(ccc1)*,tg,112.0,125.13993563668768
*Nc1ccc(NC(=O)c2ccc(NC(=O)c3cc(NC(=O)C45CC6CC(CC(C6)C4)C5)cc(C(*)=O)c3)cc2)cc1,egc,3.1839,3.2569254960083396
*Oc1c(cc(cc1)Oc1ccc(cc1)C(=O)Nc1ccc(cc1)Oc1ccc(cc1)c1ccc(cc1)Oc1ccc(cc1)NC(=O)c1ccc(cc1)*)c1ccccc1,tg,232.0,216.24186592750166
*Oc1ccc(cc1)C(c1ccc(cc1)OCC(CN(S(=O)(=O)c1ccc(cc1)c1ccc(cc1)S(=O)(=O)N(CC(C*)O)CCO)CCO)O)(C)C,tg,76.0,92.58056184475308
*c1oc(nn1)c1ccc(cc1)Oc1ccc(cc1)c1c(cc(c(c1)OCCCCCC)c1ccc(cc1)Oc1ccc(cc1)*)OCCCCCC,tg,103.0,126.92155190455277
*Nc1cc(ccc1)NC(=O)c1cc(ccc1)C(=O)Nc1cc(ccc1)NC(=S)NC(=O)CCCCC(=O)NC(=S)*,tg,242.0,244.39147985117128
*CC(=O)CC(*)=O,eea,1.5258,1.4988826657312884
*Oc1cc(ccc1)OC(=O)c1cc(ccc1)C(=O)*,tg,141.6,144.38734028331774
*c1nc2c(c(c1)c1ccccc1)cc(cc2)Oc1cc2c(nc(cc2c2ccccc2)c2ccc(cc2)c2ccc(cc2)c2ccc(cc2)*)cc1,tg,282.5,311.2860665669304
*c1cc(-c2ccc(OCCCCCC)cc2)c(*)s1,egc,2.6448,2.506895760212748
*Oc1ccc(cc1)Oc1ccc(cc1)OC(=O)*,tg,118.0,117.85937570370895
*Nc1ccc(cc1)Cc1ccc(cc1)NC(=O)c1cc(cc(c1)NC(=O)c1ccccc1)C(=O)*,tg,285.0,293.0874530933883
*OC(F)(F)C(F)(F)C(F)(F)C(*)(F)F,egb,8.7307,8.975387502181787
*NC(=O)c1ccc(-c2ccc(*)cc2)s1,ei,5.5458,5.515550504386418
*Oc1ccc(C(=O)OCCCOC(=O)c2ccc(OC(=O)c3ccc(C(*)=O)cc3)cc2)cc1,egc,4.0079,3.8222441369844544
*CCCCCCNC(=O)CCCCCCCC(=O)N*,egc,5.6457,5.899892514117183
*CC(*)C(=O)OCCO,egc,6.417,6.470336162757694
*Oc1ccc(cc1)C1(CCC(CC1)C(c1ccc(cc1)OCC(C*)O)(C)C)C,tg,135.0,158.17265876143136
*NC(=O)c1c(cc(cc1)C(=O)NCCCCCCCCCCCC*)Oc1ccccc1,tg,75.0,97.45994922002075
*Oc1ccc(cc1)CC(NC(=O)CCc1ccc(cc1)OC(=O)COCC(=O)*)C(=O)OCCCCCC,tg,45.0,61.33430502186699
*C(CCC*)(C(=O)O)C,tg,132.0,108.82260676207073
*OC(CC(=O)*)C(Cl)(Cl)Cl,tg,156.0,133.41424836384203
*N(CC*)C(=O)c1c(cccc1)F,tg,109.0,104.65044944655442
*C(C*)(C(=O)OCCCCCCCCCCOc1ccc(cc1)N=Nc1ccc(cc1)OC)C,tg,62.0,70.26436839838328
*CCCCCCCCCCNCCCCCCN*,egc,5.4327,5.326207164530383
*CCCC(*)Cl,egc,6.9806,6.862100062970427
*OC(=O)C(Cc1ccccc1)NC(=O)CCCCC(=O)NC(Cc1ccccc1)C(=O)OC1COC2C(*)COC12,egc,5.287,5.240607574291695
*O[Si](O[Si](O[Si](O[Si](O[Si](Oc1c2ccccc2c2ccccc2c1*)(C)C)(C)C)(C)C)(C)C)(C)C,tg,-38.0,-49.501567490309924
*C(C#N)=C(C#N)n1c(=O)c2cc3c(=O)n(*)c(=O)c3cc2c1=O,egc,3.4736,3.276410219107714
*NC1(F)CC(C(F)F)C(*)C(F)(F)C1F,egc,6.3292,6.587850031898916
*CCC(=S)O*,eps,3.71,3.6558003826631693
*C(=O)Nc1ccc(C2(c3ccc(N4C(=O)c5ccc(*)cc5C4=O)cc3)CC(C)CC(C)(C)C2)cc1,egc,2.7929,2.7137545624951853
*N1C(=O)c2c(C1=O)cc(cc2)c1cc2c(C(=O)N(C2=O)c2ccc(cc2)N2C(=O)c3c(C2=O)cc(cc3)C(c2cc3c(C(=O)N(C3=O)c3ccc(cc3)*)cc2)(C(F)(F)F)C(F)(F)F)cc1,tg,342.0,285.4622602240413
*Oc1ccc(cc1)Cc1ccc(cc1)OC(=O)c1cc(cc(c1)OCCCCC)C(=O)*,tg,110.0,121.78737209222311
*NC(=S)c1ccc(O*)cc1,ei,5.884,5.930112893346647
*CC(=O)C(=S)c1ccc(*)cc1,nc,2.03,2.0424260434971693
*N(CC*)C(=O)c1c(c(ccc1)F)F,tg,110.0,112.14722833470452
*CCOC(=O)Nc1ccc(C(C)(C)c2ccc(NC(=O)O*)cc2)cc1,egb,4.3346,4.250527934049638
*N1C(=O)c2c(C1=O)c(c(c(c2c1ccccc1)c1ccccc1)c1ccc(cc1)Oc1ccc(cc1)c1c(c2c(C(=O)N(C2=O)c2ccc(cc2)Cc2ccc(cc2)*)c(c1c1ccccc1)c1ccccc1)c1ccccc1)c1ccccc1,tg,356.0,366.8105013421018
*c1cc2c(C(=O)N(C2=O)c2cc(ccc2)C(C(C(C(C(c2cc(ccc2)N2C(=O)c3c(C2=O)cc(cc3)C(C(C(C(*)(F)F)(F)F)(F)F)(F)F)(F)F)(F)F)(F)F)(F)F)(F)F)cc1,tg,144.0,92.06078354946283
*CNc1ccc(O*)cc1,nc,1.8414,1.8318519981626176
*Nc1ccc(cc1)C(c1ccc(cc1)NC(=O)c1cc(cc(c1)N1C(=O)C2C(C1=O)C1CCC2C1)C(=O)*)(C)C,tg,311.0,282.9145143220468
*CCc1ccc(O*)s1,eea,0.6627,0.89461419389952
*N1C(=O)c2c(C1=O)cc(cc2)c1cc2c(C(=O)N(C2=O)c2cc(c(cc2)Oc2c(cc(cc2)*)Br)Br)cc1,tg,275.0,276.9055295463384
*OC(=O)OCCCC*,tg,-28.75,-29.185962153744878
*c1cc(SCCCCCCCCCCCC)c(*)s1,egc,1.5021,1.8790851967407947
*N1C(=O)c2c(C1=O)cc(cc2)Oc1cc(ccc1)Oc1cc2c(C(=O)N(C2=O)c2ccc(cc2)Oc2ccc(cc2)*)cc1,tg,209.0,205.55103666978405
*c1cc2c(C(=O)N(C2=O)c2ccc(cc2)Oc2ccc(cc2)N2C(=O)c3c(C2=O)cc(cc3)C(=O)*)cc1,tg,270.76,282.2436113910856
*CCCNC(=O)CCCCCCCC(=O)NCCCNC(=O)C(=O)N*,egb,4.6809,4.665118866465626
*Oc1cc(ccc1)OC(=O)c1ccc(cc1)Oc1ccc(cc1)C(=O)*,tg,159.0,158.88966033192943
*CNC(=O)ONC(=O)NO*,egc,6.8117,6.1769447303646325
*c1ncc(cc1)C(=O)NNC(=O)c1ccc(cc1)[Si](c1ccc(cc1)C(=O)NNC(=O)*)(c1ccccc1)c1ccccc1,tg,256.0,261.55624950103555
*Cc1ccc(CO*)cc1,nc,1.7774,1.8080332923188678
*c1cc2c(C(=O)N(C2=O)c2ccc(cc2)C2(CC(CC(C2)C)(C)C)c2ccc(cc2)NC(=O)*)cc1,tg,328.0,312.17682135854477
*NC(=O)c1ccc(-c2ccc(*)cc2)cc1,nc,2.0808,2.0413668580060764
*OC1CC(C)CC(*)O1,egc,6.2631,6.518779610155715
*C(C*)(C(=O)OCc1[se]ccc1)C,tg,54.43,95.05940257413916
*N1C(=O)c2c(C1=O)cc(cc2)NC(=O)OCCOc1c(cc(cc1Br)C(c1cc(c(c(c1)Br)OCCOC(=O)Nc1cc2c(C(=O)N(C2=O)c2cc(ccc2)P(=O)(c2cc(ccc2)*)c2ccccc2)cc1)Br)(C)C)Br,tg,201.0,200.00452557132874
*NC(=S)NC(*)=S,ei,7.0636,6.881496222343739
*C(C(*)(c1c(c(c(c(c1[2H])[2H])[2H])[2H])[2H])[2H])([2H])[2H],tg,86.29,97.75205164766683
*CC(O*)C(C)(C)C,egc,5.5394,5.596255790044744
*OC(=O)c1ccc(C(C)(C)c2ccc(C(*)=O)cc2)cc1,egc,4.3936,4.234933059783277
*CCc1ccc(C(*)=S)s1,eps,4.38,4.624273079870922
*OC(=O)Nc1c(ccc(c1)NC(=O)OCCN(CC*)c1c(cc(cc1)[N+](=O)[O-])C)C,tg,98.0,91.37996407995182
*C(*)(Cl)F,tg,77.0,116.24163618031113
*C=NCCN=Cc1ccc(Sc2ccc(*)o2)o1,egc,3.3427,3.258231867322231
*S(=O)(=O)CC(=CC*)C,tg,88.2,87.35984734155821
*C1C(=O)N(C(=O)C1*)CCCCCCCCOc1ccc(cc1)c1ccc(cc1)C#N,tg,43.0,59.22674103848955
*Oc1cc(ccc1)NC(=O)CCCCCCC(=O)Nc1ccc(cc1)*,tg,140.0,125.56390446375055
*Oc1ccc(Oc2cccc(*)n2)c(-c2ccccc2)c1,egc,4.2637,3.886580219368913
*c1ccc(cc1)c1c(cc(c(c1c1ccccc1)c1ccccc1)c1cc(ccc1)c1c(c(c(c(c1)c1ccccc1)c1ccc(cc1)CCCCCCCCCC*)c1ccccc1)c1ccccc1)c1ccccc1,tg,180.0,219.03155412812
*N1C(=O)c2c(C1=O)cc(cc2)c1cc2c(C(=O)N(C2=O)c2c(cc(cc2)Cc2cc(c(cc2)*)C(C)(C)C)C(C)(C)C)cc1,tg,324.0,303.2378371220589
*Oc1c(cc(cc1)Oc1ccc(cc1)C(=O)c1ccc(cc1)c1ccc(cc1)C(=O)c1ccc(cc1)*)c1cc(ccc1)C,tg,170.0,176.12637423983693
*N1C(=S)N(C(=O)CC1=O)c1ccc(cc1)Oc1ccc(cc1)c1ccc(cc1)Oc1ccc(cc1)*,tg,158.5,133.0647497290637
*[SiH](C#Cc1cc(ccc1)C#C*)C,tg,72.0,96.18600439716533
*C(=O)C(F)(F)C(=O)C(*)(F)F,egb,3.1408,3.476858991072438
*C1(c2c(C(=O)O1)cccc2)c1cc(c(c(c1)Br)OC(=O)c1ccc(cc1)C(=O)Oc1c(cc(cc1Br)*)Br)Br,tg,319.0,266.74714924256614
*NC(=S)Nc1ccc(NC(=S)Nc2ccc(Oc3ccc(*)cc3)cc2)cc1,eea,2.2298,2.3115047129554323
*Oc1ccc(cc1)Oc1cc(ccc1)C(=O)Oc1ccc(cc1)OC(=O)c1cc(ccc1)*,tg,119.0,115.33352998983588
*CC(*)(C#N)C(=O)OCC,egc,6.5171,6.53403321931246
*OC(=O)NCCCCNC(=O)OCCCCCC*,tg,16.0,11.48450070654441
*OC(=O)OC1COC2C(*)COC12,egc,6.8979,6.72925653942308
*OC(=O)C1CCC(CC1)C(=O)OCC*,tg,25.0,2.295926191568141
*OC(C*)COC(C(F)(F)F)(C(F)(F)F)F,tg,-43.0,-21.85331747523706
*C(C*)C(=O)OCCCCCCCCn1c2ccccc2c2ccccc12,tg,12.0,28.333065964097482
*Oc1c(cc(cc1)c1ccc(cc1)NC(=O)c1cc(cc(c1)C(C)(C)C)C(=O)Nc1ccc(cc1)c1cc(c(cc1)Oc1ccc(cc1)C(c1ccc(cc1)*)(C)C)C(F)(F)F)C(F)(F)F,tg,248.5,255.27750695504517
*C(=O)Nc1cccc(NC(=O)c2ccc(-c3nc4cc(*)ccc4[nH]3)cc2)c1,egc,3.2886,3.3905817430397827
*c1ccc(-c2ccc(-c3ccc(-c4ccc(*)s4)s3)s2)cc1,eea,2.752,2.842670935158213
*c1ccc(CC(F)(F)C(*)(F)F)s1,ei,6.8904,6.682031156560178
*c1oc(cc1)CNC(=O)OC(COC(=O)NC*)c1occc1,tg,30.0,70.50650037670123
*C(C*)c1ccc(cc1)COCCCCO,tg,20.0,13.845991550328845
*Oc1c(c(c(c(c1F)F)c1c(c(c(c(c1F)F)Oc1c(cc(cc1)Cc1cc(c(cc1)*)C=O)C=O)F)F)F)F,tg,198.0,164.55743432700118
*C(C*)c1c(cccc1)COCC,tg,74.0,85.68939059672313
*Oc1ccc(cc1)S(=O)(=O)c1ccc(cc1)OCC(COc1ccc(cc1)C(c1ccc(cc1)OCC(C*)O)(C)C)O,tg,130.33,118.22081193413189
*C(=C(*)C)[Si](C[Si](C)(C)C)(C)C,tg,200.0,204.26898942951163
*OC(C)CCOC(=O)CCCCC(*)=O,egc,6.6227,6.74657968085746
*C(C*)(C(=O)OCCC1CCCCC1)C,tg,76.33,62.357351254760054
*C=CCC(C*)(C(=O)OC12CC3CC(CC(C1)C3)C2)C(=O)OC12CC3CC(CC(C1)C3)C2,tg,34.0,94.53189191543909
*O[Si](O[Si](O[Si](O[Si](c1cc(ccc1)[Si](*)(c1ccccc1)C)(c1ccccc1)C)(C)C)(C)C)(C)C,tg,-42.0,-0.2157275441899837
*c1ccc(-c2ccc(-c3ccc(-c4ccc(*)s4)cc3)cc2)cc1,nc,2.2986,2.2866833174715167
*c1ccc(Sc2ccc(-c3nc4ccc(-c5ccc6nc(*)c(-c7ccccc7)nc6c5)cc4nc3-c3ccccc3)cc2)cc1,egc,3.3214,3.0015041537115597
*c1cc2c(cc1OC(=O)COc1ccc3c(c1)oc(=O)cc3)oc(=O)c(c2)C(=O)Nc1ccc(cc1)NC(=O)c1c(=O)oc2c(cc(c(c2)OC(=O)COc2ccc3c(c2)oc(=O)cc3)C*)c1,tg,252.0,239.81839735542226
*C1C(=O)OC(=O)C1*,egb,6.0081,5.961062856830829
*C(=O)Oc1ccc(C(*)=S)s1,eps,5.33,5.649905733308279
*CCNC(=O)CCCCCCCCCCC(=O)N*,egc,5.5657,5.933798838201282
*CCCCCOCO*,egc,6.5668,6.589614866454419
*c1sc(cc1)c1sc(cc1)[Si]([Si](*)(C)C)(C)C,tg,45.0,36.12734385092053
*NC(=S)Nc1ccc(Cc2ccc(*)cc2)cc1,ei,5.378,5.413453350963191
*Nc1cc(cc(c1)C(=O)OCCN(c1ccc(cc1)C#N)C)NC(=O)c1cc(cc(c1)OCCN(c1ccc(cc1)S(=O)(=O)C(C(C(C(C(C(C(C(F)(F)F)(F)F)(F)F)(F)F)(F)F)(F)F)(F)F)(F)F)C)C(=O)*,tg,157.0,144.8180675660194
*Cc1cccc(CNC(=O)C2=C(C(=O)N*)C3C=CC2C3)c1,egc,3.5629,3.5617497073318938
*c1ccc(-c2ccc(-c3ccc(-c4ccc(*)s4)s3)s2)cc1,egb,1.1128,1.3902521030369812
*OC(=O)CCCCCCCCCCC(=O)OCC#CC*,tg,-27.0,-35.325250740613505
*Cc1ccc(C(=S)c2ccc(*)s2)s1,nc,2.0063,2.046093274690096
*c1nc2c([nH]1)ccc(c2)NC(=O)c1ccc(cc1)OCCOCCOCCOCCOCCOc1ccc(cc1)C(=O)Nc1ccc(cc1)*,tg,125.0,140.28479114486532
*C(C*)(CC(=O)OCc1ccccc1)C(=O)OCc1ccccc1,tg,55.0,52.684342953155905
*N1C(=O)c2c(C1=O)c(ccc2)Oc1c(c(cc(c1)C(C)(C)C)C(C)(C)C)Oc1c2c(C(=O)N(C2=O)c2ccc(cc2)Oc2ccc(cc2)c2ccc(cc2)Oc2ccc(cc2)*)ccc1,tg,237.0,242.58576799912134
*C(C*)c1c(ccc(c1)c1ccc(cc1)C(=O)OC(CCCCCC)C)c1ccc(cc1)C(=O)OC(CCCCCC)C,tg,102.0,109.78035499662398
*OC(CC(=O)*)CCCCC,tg,-34.5,-38.028832826647104
*C(C*)(C(=O)OCCN(c1ccc(cc1)N=Nc1ccc(cc1)S(=O)(=O)C)CC)C,tg,144.0,162.07041051953536
*CC(=O)Nc1ccc(*)s1,eea,1.3272,1.1246604045397137
*OCC(C*)(COCC(F)(F)F)C,tg,-41.0,1.6711366226716735
*OS(=O)(=O)c1cc(ccc1)S(=O)(=O)Oc1ccc(cc1)C1(CCCCC1)c1ccc(cc1)*,tg,126.0,152.3536124637813
*c1cc2c(C(=O)N(C2=O)C2CC(CC(C2)(CN2C(=O)c3c(C2=O)cc(cc3)C(=O)*)C)(C)C)cc1,tg,275.0,284.9909866555232
*C(=O)Nc1ccc(N2C(=O)c3ccc(*)cc3C2=O)cc1,egc,3.1573,3.1521833758479016
*c1sc(*)c(C)c1C,egc,3.3355,3.2976556249356603
*c1nc(C)nc(N(*)c2ccccc2)n1,egc,4.4826,4.385265140554208
*Oc1c(cc(c(c1)OC(=O)c1ccc(cc1)OCCCCCCCCCCCC)OC(=O)CCCC(=O)*)OC(=O)c1ccc(cc1)OCCCCCCCCCCCC,tg,23.0,19.747206551348654
*Oc1ccc(cc1)CC(NC(=O)CCc1ccc(cc1)OC(=O)CCCCCCCCC(=O)*)C(=O)OCCCCCCCC,tg,14.25,31.69492147000215
*C=C(*)C#N,egb,0.5068,1.1050523960676424
*c1ccc2c(nc([nH]2)c2cc(ccc2)c2nc3c([nH]2)ccc(c3)C(=O)Nc2cc(ccc2)NC(=O)c2cc(ccc2)NC(=O)*)c1,tg,331.0,305.7950300622122
*CC(*)C(=O)OCC(F)(F)C(F)(F)OC(F)(F)C(F)(F)C(F)(F)C(F)(F)F,egb,6.0236,5.843116964869594
*C1C=C(C)C(*)S1,egc,5.0392,4.82148416275156
*CCCCCCCCCCOC(=O)NNC(=O)CCCCCCCCC(=O)NNC(=O)O*,egc,5.6458,5.826387433627481
*OC1CCCC1*,egc,5.3919,5.5604083149851435
*CC(*)OC(=O)OCC(F)(F)F,egb,7.9003,7.988239353059414
*N1C(=O)c2c(C1=O)cc(cc2)Oc1ccc(cc1)C(c1ccc(cc1)Oc1cc2c(C(=O)N(C2=O)c2ccc(cc2)Oc2ccc(cc2)c2ccc(cc2)Oc2ccc(cc2)*)cc1)(C)C,tg,220.0,224.14191270486066
*C=C(*)c1cccc(C#C)c1,egc,0.069,0.460619685316518
*CC1CCCC(CC(=O)N*)C1,egc,6.0189,6.009817599887196
*OC(CCCCCCC=C)CC(*)=O,egb,5.5852,5.82852246230473
*N(CC*)CCOCCOC,tg,-76.0,-57.808020796816976
*N1C(=O)c2c(C1=O)cc(cc2)c1cc2c(C(=O)N(C2=O)c2cc(c(c(c2)C(=O)OCCCCCCCC)c2c(cc(cc2Br)*)C(=O)OCCCCCCCC)Br)cc1,tg,135.5,136.71068066839135
*Oc1ccc(C(F)(F)C(*)(F)F)s1,ei,6.8728,6.6267052385796115
*C(C*)C(=O)OCCCCCCOC(=O)c1ccc(cc1)OC(=O)c1ccc(cc1)C#N,tg,30.0,29.227280407645033
*c1cc2c(C(=O)N(C2=O)c2ccc(cc2)S(=O)(=O)c2ccc(cc2)S(=O)(=O)c2ccc(cc2)N2C(=O)c3c(C2=O)cc(cc3)C(*)(C(F)(F)F)C(F)(F)F)cc1,tg,331.0,344.5759726855852
*Oc1cc2c(cc1)ccc(c2)OCCNC(=O)c1ccc(cc1)C(=O)NCC*,tg,159.0,137.37654218322112
*c1ccc2c(c1)c1cc(*)ccc1n2C,egc,3.4554,3.408616731784957
*CC1CCC(COC(C)OC(=O)c2cccc(C(=O)OC(C)O*)c2)CC1,egc,4.9396,4.942158477490915
*Oc1ccc(cc1)C1(c2ccccc2c2ccccc12)c1ccc(cc1)OCCOC(=O)NC1CCC(CC1)CC1CCC(CC1)NC(=O)OCC*,tg,140.0,163.28488137603713
*c1cc2c(C(=O)N(C2=O)c2cc(ccc2)C(=O)Nc2ccc(cc2)Oc2ccc(cc2)C(c2ccc(cc2)Oc2ccc(cc2)NC(=O)c2cc(ccc2)N2C(=O)c3c(C2=O)cc(cc3)C(*)(C(F)(F)F)C(F)(F)F)(C(F)(F)F)C(F)(F)F)cc1,tg,266.0,252.88767780274347
*c1ccc(C(c2ccc(-n3c(=O)c4cc5c(=O)n(*)c(=O)c5cc4c3=O)cc2)(C(F)(F)F)C(F)(F)F)cc1,egc,2.7195,2.7476457822523734
*Oc1ccc(cc1)OCC(CN(S(=O)(=O)c1ccc(cc1)c1ccc(cc1)S(=O)(=O)N(CC(C*)O)C)C)O,tg,84.0,86.27957419885946
*c1c(c2c(C(=O)N(C2=O)c2cc(ccc2)N2C(=O)c3c(C2=O)c(c(c(c3c2ccccc2)c2ccccc2)c2ccc(cc2)Oc2ccc(cc2)*)c2ccccc2)c(c1c1ccccc1)c1ccccc1)c1ccccc1,tg,357.0,383.182497678322
*Oc1ccc(Oc2ccc(C(=O)c3ccc(*)cc3)cc2)cc1C,egc,3.5517,3.679327146563994
*c1ccc(CC(F)(F)C(*)(F)F)s1,nc,1.7679,1.7737078942938131
*c1sc(nn1)c1ccc(cc1)OCCCCCCCCCCCOC(=O)c1ccc(cc1)C(=O)OCCCCCCCCCCCOc1ccc(cc1)*,tg,49.5,65.20011452402306
*O[Si](c1cc(ccc1)[Si](*)(C)C)(C)C,tg,-52.0,-23.657185866550606
*Oc1ccc(cc1)NC(=O)c1cc(ccc1)C(=O)Nc1ccc(cc1)*,tg,205.39,223.64984071970855
*Nc1cc(ccc1)C=Cc1ccc(cc1)NC(=O)c1cc(ccc1)C(=O)*,tg,272.0,276.50188060447
*CC(CO*)(CS(=O)(=O)CC)CS(=O)(=O)CC,egc,5.0473,5.1801223257081865
*C(=S)CC(F)(F)C(*)(F)F,eea,3.5657,3.9341339550706076
*CC(=S)NC(=S)*,egc,2.5403,2.825488287870251
*C(=S)C(F)(F)NC(*)(F)F,nc,1.7879,1.778411148591555
*c1cc2c(C(=O)N(C2=O)c2ccc(cc2)C(=O)Nc2ccc(cc2)Cc2ccc(cc2)NC(=O)*)cc1,tg,222.0,239.20770748834244
*c1oc(nn1)c1ccc(cc1)C(=O)OCCCCCCOc1ccc(cc1)C=C1C(=O)C(=Cc2ccc(cc2)OCCCCCCOC(=O)c2ccc(cc2)*)CCC1,tg,71.0,87.81297499099037
*C(C*)(C(=O)OCCOCCOCCOCCOCCOCCOCCOCCOC)C,tg,-58.0,-58.79959903209053
*CCCc1ccc(*)cc1,eps,3.14,3.2730632088530474
*OC1CCC(OC(=O)CCC(*)=O)CC1,egc,6.4253,6.581816960793957
*OC(=O)c1ccc(cc1)CC(=O)OCc1ccc(cc1)C*,tg,47.0,85.2003129279671
*c1ccc(S(=O)(=O)c2ccc(-n3nc(-c4ccc(Oc5ccc(-c6nn(*)c(=O)c7ccccc67)cc5)cc4)c4ccccc4c3=O)cc2)cc1,egc,3.5201,3.448186379838681
*OP(=O)(Oc1c(cc(cc1C)S(=O)(=O)c1cc(c(c(c1)C)*)C)C)Oc1ccc(cc1)C,tg,128.0,142.99048139719338
*CCCC1CC(=O)N(*)C(=O)C1,egc,5.8014,5.8795337888499715
*CC(=O)C(=S)C(S1)=CC=C1*,egc,2.5515,2.3086798496514565
*c1oc(nn1)c1ccc(cc1)NC(=O)c1cc(cc(c1)N1C(=O)c2c(C1=O)cccc2)C(=O)Nc1ccc(cc1)*,tg,327.0,323.65954765523634
*C(=C(C(C(*)(F)F)(C(F)(F)F)F)F)F,tg,-3.0,48.76003587953601
*C(C*)(C(=O)Oc1ccc(cc1)N=Nc1ccc(cc1)OC)C,tg,120.0,128.3283893659229
*OC(=O)C(=S)C(*)=O,egb,1.4341,1.3713660709707958
*Oc1ccc(cc1)S(=O)(=O)c1ccc(cc1)Oc1ccc(cc1)C(=C)c1ccc(cc1)*,tg,167.0,188.6139581331506
*NC(=O)Nc1ccc(*)cc1,egb,3.4515,3.642137580114321
*Oc1c(ccc(c1)Oc1ccc(cc1)NC(=O)c1cc(cc(c1)NC(=O)C12CC3CC(CC(C1)C3)C2)C(=O)Nc1ccc(cc1)*)C12CC3CC(CC(C1)C3)C2,tg,345.0,305.10340178517254
*C(C*)OC(=O)C[N-][N+]#N,tg,24.6,35.780375761958446
*N1C(=O)c2c(C1=O)c(ccc2)c1cc2c(C(=O)N(C2=O)c2cc(ccc2)C(=O)Nc2ccc(cc2)Oc2ccc(cc2)c2ccc(cc2)Oc2ccc(cc2)NC(=O)c2cc(ccc2)*)cc1,tg,275.0,267.99138867349654
*N1C(=O)c2c(C1=O)cc(cc2)c1cc2c(C(=O)N(C2=O)c2ccc(cc2)Sc2ccc(cc2)Sc2ccc(cc2)Sc2ccc(cc2)*)cc1,tg,227.1,239.93726663905684
*CCC(=O)NCC(=O)N*,egc,6.1234,5.986239284833445
*OC(=O)NCC(C*)C,tg,40.0,58.10962914043006
*CCCCCCCCCCCCNC(=O)C(=O)N*,egc,5.7269,5.4174994607520635
*Oc1ccc(cc1)C1(c2ccccc2c2ccccc12)c1ccc(cc1)Oc1ccc(cc1)C(=O)c1ccc(cc1)Oc1ccc(cc1)C(=O)c1ccc(cc1)*,tg,231.0,217.99077732119528
*C(=O)CC(F)(F)C(*)(F)F,egb,5.0395,5.333313893910396
*Oc1ccc(cc1)C(c1ccc(cc1)OC(=O)*)C1C2C3C(C(C1)C2)C1CCC3C1,tg,253.0,242.34950637242912
*c1cc2c(C(=O)N(C2=O)c2cc(c(cc2)Oc2c(cc(cc2C(C)(C)C)c2ccc(cc2)N2C(=O)c3c(C2=O)cc(cc3)C(=O)*)C(C)(C)C)C(F)(F)F)cc1,tg,362.0,355.2057856671344
*CCC(O*)(C(F)(F)F)C(F)(F)F,ei,8.3643,8.126399391237833
*N1C(=O)c2c(C1=O)cc(cc2)Oc1cc2c(C(=O)N(C2=O)c2ccc(cc2)N(c2ccc(cc2)*)c2ccc(cc2)C#N)cc1,tg,304.0,293.06354678802734
*c1sc(*)c2nc(-c3ccccc3)c(C)nc12,egc,2.498,2.3508506703283802
*OC(=O)OCCOCCOC(=O)OC1COC2C(*)COC12,egb,6.5378,6.400799792232082
*OCC(C*)(CSCC)CSCC,tg,-32.0,-21.76056974912304
*c1cc2c(C(=O)N(C2=O)c2ccc(cc2)Oc2ccc(cc2)C(=O)c2ccc(cc2)C(=O)c2ccc(cc2)C(=O)c2ccc(cc2)Oc2ccc(cc2)N2C(=O)c3c(C2=O)cc(cc3)C(=O)*)cc1,tg,233.0,230.40988421364355
*NC(=O)c1ccc(cc1)C(=O)NCC(CC(CC*)CC)C,tg,139.0,154.8379754314382
*C1C(CC(C1)OC(=O)CCCCCCCCCCOc1ccc(cc1)c1ccc(cc1)C#N)CC*,tg,24.0,11.654428465636304
*CCOC(=O)CCCCC(=O)O*,eps,3.25,3.3215054756422653
*N1C(=O)c2c(C1=O)cc(cc2)Oc1cc2c(C(=O)N(C2=O)c2cc(c(cc2)c2c(cc(cc2)*)C(F)(F)F)C(F)(F)F)cc1,tg,275.0,286.8194259025396
*c1ccc(Oc2ccc(C(C)(C)c3ccc(Oc4ccc(-n5c(=O)c6cc7c(=O)n(*)c(=O)c7cc6c5=O)cc4)cc3)cc2)cc1,egc,2.1293,2.1864401323212954
*N1C(=O)c2c(C1=O)cc(cc2)C(c1cc2c(C(=O)N(C2=O)CC*)cc1)(C(F)(F)F)C(F)(F)F,tg,180.0,172.3940390395332
*C1=CC(=C(C#N)C#N)C=C(O1)C=Cc1ccc(cc1)N=Nc1ccc(cc1)N(CCOC(=O)Nc1c(ccc(c1)NC(=O)OCCN(c1ccc(cc1)N=Nc1ccc(cc1)C=C*)C)C)C,tg,196.0,180.04543919967844
*N1C(=O)c2c(C1=O)cc(cc2)Oc1c(cc(cc1C)C(c1cc(c(c(c1)C)Oc1cc2c(C(=O)N(C2=O)c2ccc(cc2)Oc2cc(c(cc2)c2c(cc(cc2)Oc2ccc(cc2)*)C)C)cc1)C)(C)C)C,tg,257.0,254.4644843849775
*C1C2CC(C(C1*)C2)C(=O)OCCc1ccc(cc1)N(c1cc(ccc1)C)c1ccccc1,tg,305.0,296.2557984817614
*Oc1ccc(cc1)/C(=C/c1ccc(cc1)OCCOCCOCCOCC*)/C,tg,7.5,11.1284969356115
*N1C(=O)c2c(C1=O)cc(cc2)c1cc2c(C(=O)N(C2=O)CCCCCCOC(=O)c2cc(cc(c2)OCCCCCCOc2ccc(cc2)N=Nc2ccc(cc2)C#N)C(=O)OCCCCCC*)cc1,tg,93.0,67.19489283182338
*C(C*)OC(=O)C1(C(C(C(C(C1(F)F)(F)F)(F)F)(F)F)(F)F)F,tg,54.0,72.63727846774972
*C=CC1CC(*)C(C(=O)OCCNC(C)(C)C)C1,egc,5.2249,5.24511346043581
*Nc1c(Cl)cc(*)cc1Cl,egc,4.3983,4.21217688811829
*Oc1ccc(cc1)C1(CCC(CC1)C(C)(C)C)c1ccc(cc1)OC(=O)OC1C(C(C1(C)C)OC(=O)*)(C)C,tg,172.0,169.69321233101724
*c1ccc(C(F)(F)NC(*)(F)F)s1,ei,7.3853,7.192049740067097
*Oc1ccc(cc1)OC(=O)/C=C/c1ccc(cc1)/C=C/C(=O)*,tg,210.0,233.91719780910077
*NC(=S)C(=O)O*,nc,2.1342,2.1711450632949494
*CC(=O)c1ccc(O*)cc1,ei,6.5457,6.622137331877226
*N1C(=O)c2c(C1=O)c(ccc2)c1cc2c(C(=O)N(C2=O)c2ccc(cc2)C(=O)Nc2cc(ccc2)Oc2ccc(cc2)S(=O)(=O)c2ccc(cc2)Oc2cc(ccc2)NC(=O)c2ccc(cc2)*)cc1,tg,241.0,266.90630321704333
*CCCCCOC(=O)CCCCSCCCCC(=O)O*,egc,5.2896,5.232696651652922
*CCOC(=O)CCC(=O)O*,egc,6.5377,6.743416956577037
*C(C*)C(=O)OCC(C(C(C(C(C(C(F)(F)F)(F)F)(F)F)(F)F)(F)F)(F)F)(F)F,tg,-17.0,-14.55355769562899
*Nc1cccc(NC(=O)C=CC(*)=O)c1,egc,3.628,3.6736212825894676
*C(=O)OCCCCOC(=O)N1CCN(*)CC1,egc,5.8653,5.938694906985444
*Oc1cc(ccc1)NC(=O)c1cc(ccc1)C(=O)Nc1cc(ccc1)OCCOCCOCC*,tg,111.0,101.88075018999663
*OC1C(C)(C)C(OC(*)=O)C1(C)C,egc,6.5093,6.304039658010227
*Cc1nc2cc3sc(*)nc3cc2s1,egc,3.8345,3.874645926884942
*[Si](C/C=C\C*)(CCCOc1ccccc1)C,tg,-30.0,-37.3488796662362
*CCOC(=O)C=CC(=O)O*,egc,4.8762,5.027360533984391
*C(C*)(C(=O)OCCN(CC)c1ccccc1)C,tg,36.5,30.919577754358194
*c1oc(nn1)c1ccc(cc1)NC(=O)c1cc(cc(c1)NC(=O)c1ccc(cc1)OC(=O)C)C(=O)Nc1ccc(cc1)*,tg,280.0,289.65346482667735
*CCCCNC(=O)CCCCCCCCCC(=O)N*,egc,5.9628,5.884378276393203
*c1c2C(=O)N(C(=O)c2c(c2ccccc12)c1ccc(cc1)Oc1c(cc(cc1)c1ccc(cc1)c1ccc(cc1)c1cc(c(cc1)Oc1ccc(cc1)*)C(F)(F)F)C(F)(F)F)c1ccccc1,tg,334.0,341.0944585249062
*S(=O)(=O)c1ccc(cc1)NC(=O)CCCCCCCCCCC(=O)Nc1ccc(cc1)*,tg,160.0,146.2635502739525
*c1ccc(C(F)(F)C(=O)C(*)(F)F)cc1,nc,1.7375,1.7577123311554048
*Oc1ccc(cc1)C(c1ccc(cc1)OC(=O)CCCCCCCCC(=O)*)(CC)c1ccccc1,tg,88.0,106.37555860114924
*N(CCC*)C(=O)C(C(C(C(C(C(C(F)(F)F)(F)F)(F)F)(F)F)(F)F)(F)F)(F)F,tg,25.0,32.86321806406167
*Oc1c(c2c(cc1)cccc2)Sc1c2c(ccc1OCC(=O)Nc1ccc(cc1)Cc1ccc(cc1)NC(=O)C*)cccc2,tg,241.0,241.34826489601585
*C=CC1CC(*)C(C#N)(CC)C1,egc,6.1381,5.979969295391959
*OC(=O)OCC*,tg,15.33,22.811119461730144
*C(C*)(C(=O)OCC1OC(OC1)CP(=O)(OCC)OCC)C,tg,-38.0,-41.29991803303166
*c1cc2c(C(=O)N(C2=O)c2ccc(cc2)Oc2ccc(cc2)N2C(=O)c3c(C2=O)cc(cc3)C(=O)c2ccc(cc2)Oc2ccc(cc2)C(c2ccc(cc2)Oc2ccc(cc2)C(=O)*)(C)C)cc1,tg,229.0,211.40737959015024
*c1cc2Sc3c(Sc2cc1)cc(cc3)Sc1ccc(cc1)Sc1ccc(cc1)S*,tg,151.2,175.2780047758115
*CCCCCCCCc1nc2cc(-c3ccc4oc(*)nc4c3)ccc2o1,egc,4.6999,4.575164921118432
*Oc1c(cc(cc1)Oc1ccc(cc1)C(=O)c1ccc(cc1)c1ccc(cc1)C(=O)c1ccc(cc1)*)c1cc(c(cc1)S(=O)(=O)O)C,tg,182.0,182.15473532225678
*CC(*)(Br)Br,egc,5.2567,5.288092855509525
*OC(=O)C(C(=O)OCCOCC*)C,tg,-29.0,-10.079111693288976
*ON(C(F)(F)F)C(F)(Cl)C(*)(F)F,egc,6.7405,6.84007914011706
*C(C*)(C(=O)OCCCCCCCCCCOc1ccc(cc1)OC(=O)c1ccc(cc1)c1ccc(cc1)OC)C,tg,57.0,40.90008378695185
*c1oc(nn1)c1ccc(cc1)c1oc(nn1)CCCCOc1c(cc(cc1)OCCCC*)C,tg,139.5,140.48738932882338
*OC(=O)CSCc1ccc(cc1)Cc1ccc(cc1)CSCC(=O)OCCSCc1ccc(cc1)Cc1ccc(cc1)CSCC*,tg,-1.25,20.31492924046294
*c1cc2c(oc(n2)c2ccc(cc2)C(c2ccc(cc2)c2oc3c(n2)cc(cc3)C(*)(c2ccccc2)C(F)(F)F)(c2ccccc2)C(F)(F)F)cc1,tg,330.0,329.28757615025773
*C(=S)Oc1ccc(-c2ccc(*)cc2)s1,eps,5.67,5.626487704069175
*c1cc2c(C(=O)N(C2=O)c2cc(cc(c2)c2oc3c(n2)cccc3)N2C(=O)c3c(C2=O)cc(cc3)C(=O)Nc2nc(ccc2)NC(=O)*)cc1,tg,365.0,351.6624174446189
*N(CC*)C(=O)c1c(c(c(c(c1F)F)F)F)F,tg,136.0,122.12725851069018
*Oc1ccc(cc1)CC(NC(=O)Cc1ccc(cc1)OC(=O)COCCOCC(=O)*)C(=O)OCC,tg,50.0,58.98901669790653
*c1c(nc2c(n1)cc(cc2)Oc1cc2c(nc(c(n2)c2cc(ccc2)*)c2ccccc2)cc1)c1ccccc1,tg,263.2,293.77378875312263
*OC(=O)c1ccc(cc1)C(=O)OCCN(CC*)c1ccc(cc1)N=Nc1ccc(cc1)c1nc2c(n1CC)cc(cc2)[N+](=O)[O-],tg,149.0,141.91921195497537
*N1C(=O)c2c(C1=O)cc(cc2)Oc1cc2c(C(=O)N(C2=O)c2ccc(cc2)c2nc(cc(c2)c2ccc(cc2)OCCCC#N)c2ccc(cc2)*)cc1,tg,315.0,338.9851180596679
*C(=O)c1ccc2c(c1)C(=O)N(c1ccc(C(c3ccccc3)c3ccc(N4C(=O)c5ccc(*)cc5C4=O)cc3)cc1)C2=O,egc,2.6954,2.6912067696554223
*Oc1ccc(cc1)NC(=O)C=CC(=O)NNC(=O)C=CC(=O)Nc1ccc(cc1)OC(=O)C=CC(=O)NNC(=O)C=CC(=O)*,tg,265.0,191.82654229892873
*c1cc2c(C(=O)N(C2=O)c2ccc(cc2)Oc2c3c(ccc2)c(ccc3)Oc2ccc(cc2)N2C(=O)c3c(C2=O)cc(cc3)C(=O)Nc2ccc(cc2)Oc2ccc(cc2)Oc2ccc(cc2)NC(=O)*)cc1,tg,285.0,248.68505390329454
*Oc1cc(ccc1)Oc1ccc(cc1)NC(=O)c1c(cc(cc1)c1cc(c(cc1)C(=O)Nc1ccc(cc1)*)C)C,tg,213.0,210.04968874322495
*C(C*)c1c(ccc(c1)C(=O)Oc1ccc(cc1)OCCCC)C(=O)Oc1ccc(cc1)OCCCC,tg,104.36,127.37413233772766
*OC(=O)OCC(C(C*)O)O,tg,51.38,34.710677819184
*CCCCCCCCN1C(=O)CC(C2C=C(C)C3C(=O)N(*)C(=O)C3C2)C1=O,egc,5.4303,5.2386093158941005
*CCCCCCCCCCNC(=O)CCCCCCCC(=O)N*,egc,5.9559,5.905126567744171
*C(C*)c1ccc(cc1)C(=O)OCCCC,tg,76.0,43.75576919119244
*C(=O)c1ccc(OC(*)=S)cc1,ei,6.7719,6.869211542669653
*c1cc2c(C(=O)N(C2=O)c2c(ccc(c2)C(=O)Oc2ccc(cc2)C(c2ccc(cc2)OC(=O)c2cc(c(cc2)C)N2C(=O)c3c(C2=O)cc(cc3)C(*)(C(F)(F)F)C(F)(F)F)(C(F)(F)F)C(F)(F)F)C)cc1,tg,289.0,243.203985673084
*N1C(=O)c2c(C1=O)cc(cc2)Oc1ccc(cc1)S(=O)(=O)c1ccc(cc1)Oc1cc2c(C(=O)N(C2=O)c2ccc(cc2)Oc2cc(ccc2)Oc2ccc(cc2)*)cc1,tg,219.0,209.6858342544378
*CCOC(=O)Nc1cccc(NC(=O)O*)c1,egc,5.098,4.976135257862916
*OC(=O)OC(*)=O,ei,7.4502,7.622854624779243
*Oc1ccc(-c2ccc(-c3ccc(*)cc3)cc2)cc1,eea,1.6576,1.6111345665039774
*c1nc2c(c(c1)c1ccccc1)cc(cc2)c1cc2c(nc(cc2c2ccccc2)c2ccc(cc2)Oc2ccc(cc2)*)cc1,tg,286.67,318.77288864292296
*CNC(=O)NCOCO*,eea,0.7808,0.9228754127712019
*C(C*)c1c(cccc1)Cl,tg,112.63,132.44337885159223
*OC(C)C(*)C,egc,5.7581,6.04474275740528
*c1cc2c(C(=O)N(C2=O)c2cc(ccc2)N2C(=O)c3c(C2=O)cc(cc3)C(=O)Nc2ccc(cc2)Oc2c(cccc2)c2c(cccc2)Oc2ccc(cc2)NC(=O)*)cc1,tg,237.0,241.49594040276142
*c1ccc(-c2ccc(-c3cnc4cc(Oc5ccc6nc(*)cnc6c5)ccc4n3)cc2)cc1,egc,3.0165,3.1222864397280747
*C(C*)C(=O)OCCCCCCCCCCCOc1ccc(cc1)C(=O)Oc1ccc(cc1)c1ccc(cc1)OC(CCCCCC)C,tg,50.0,43.178111279266844
*c1cc2c(C(=O)N(C2=O)c2ccc(cc2)C2(CCC(CC2)C)c2ccc(cc2)NC(=O)*)cc1,tg,322.0,327.0973936055979
*c1nc2c(n1C)C(=O)N(*)C2=O,egc,4.0674,4.178027626257639
*N1C(=O)c2c(C1=O)cc(cc2)C(c1cc2c(C(=O)N(C2=O)CCN(CC*)c2ccc(cc2)N=Nc2ccc(cc2)[N+](=O)[O-])cc1)(C(F)(F)F)C(F)(F)F,tg,210.0,205.09609214360685
*c1c2C(=O)N(C(=O)c2c(c2ccccc12)c1ccc(cc1)Oc1ccc(cc1)S(=O)(=O)c1ccc(cc1)Oc1ccc(cc1)*)c1ccccc1,tg,305.0,303.0950771560469
*c1cc2c(C(=O)N(C2=O)c2ccc(cc2)S(=O)(=O)c2ccc(cc2)N2C(=O)c3c(C2=O)cc(cc3)C(=O)Nc2ccc(cc2)S(=O)(=O)c2ccc(cc2)NC(=O)*)cc1,tg,307.0,320.20995981839513
*C(C*)c1ccc(cc1)B(c1ccc(cc1)C(C)(C)C)Oc1c2ncccc2c(cc1)Cl,tg,238.0,235.52523948375858
*c1cc2c(C(=O)N(C2=O)c2cc(ccc2)P(=O)(c2cc(ccc2)N2C(=O)c3c(C2=O)cc(cc3)C(=O)Nc2ccc(cc2)c2nc(cc(c2)c2ccccc2)c2ccc(cc2)NC(=O)*)c2ccccc2)cc1,tg,258.0,235.6840272475056
*Cc1ccc(C(=S)O*)s1,eps,4.71,4.776817695183024
*c1ccc(Oc2ccc(C(=O)c3ccc(Oc4ccc(-n5c(=O)c6cc7c(=O)n(*)c(=O)c7cc6c5=O)cc4)cc3)cc2)cc1,egc,2.395,2.331822045947538
*/C=C\C(C#N)C*,egc,5.3057,5.310613175778984
*Oc1ccc(cc1)C(c1ccc(cc1)Oc1ccc(cc1)C(=O)Nc1ccc(cc1)NC(=O)c1ccc(cc1)*)(c1ccccc1)c1ccccc1,tg,254.0,237.69878404432274
*OC(=O)c1ccc(cc1)C(=O)OCCCCCCCCCC*,tg,5.33,18.521750029565503
*C(=O)NNC(=O)c1cccc(*)n1,egc,4.6124,4.400103820672656
*CC(CC(CC(CC(*)c1ccccc1)c1ccccc1)c1ccccc1)c1ccccc1,nc,1.6244,1.6970867862445336
*C(C*)(C(=O)OCCCCCCOc1ccc(cc1)OC(=O)c1ccc(cc1)OCCCC)C,tg,36.0,50.41031645667231
*C(C)=C(*)CCC,egc,5.0895,5.148667746056571
*c1ccc(-c2ccc(C(F)(F)C(*)(F)F)cc2)cc1,nc,1.9016,1.8529880332908732
*C(C(CCCCCCCCCC*)c1ccc(cc1)O)c1c(cc(cc1)O)C,tg,-4.0,7.451961574719316
*CC(=O)c1ccc(C(*)=O)cc1,egb,2.9172,3.261788103358959
*Oc1ccc(-c2ccc(C(*)=O)s2)cc1,egb,2.0204,2.2195062212986696
*CCC(=O)c1ccc(*)s1,eea,2.6933,2.6248265864249034
*CCCCCCCCCCCCCCCCCCCCOC(=O)CCCCCCC(=O)O*,egc,6.7452,6.732998872386521
*c1cc2c(C(=O)N(C2=O)c2ccc(cc2)Oc2cc3c(cc2)ccc(c3)Oc2ccc(cc2)N2C(=O)c3c(C2=O)cc(cc3)C(=O)Nc2ccc(cc2)Oc2ccc(cc2)C(c2ccc(cc2)Oc2ccc(cc2)NC(=O)*)(C)C)cc1,tg,250.0,261.2534337230974
*C(C*)(C(=O)OCCCCCCOc1ccc(cc1)N=Nc1ccc(cc1)OCCCC)C,tg,79.0,88.94965430481564
*c1cc2c(C(=O)N(C2=O)c2c(cc(cc2C)Cc2cc(c(c(c2)C(C)C)N2C(=O)c3c(C2=O)cc(cc3)C(*)(C(F)(F)F)C(F)(F)F)C)C(C)C)cc1,tg,276.0,272.93258860552373
*C(C*)c1cc(c(cc1)Cl)F,tg,122.0,114.0896690775957
*CC(CO*)(CS(C)(=O)=O)CS(C)(=O)=O,egc,5.8874,6.03892331071773
*c1cc(CC)c(*)s1,egc,2.3523,2.5996717548610864
*Oc1c(c(c(c(c1F)F)Sc1c(c(c(c(c1F)F)Oc1ccc(cc1)C(c1ccc(cc1)*)(C(F)(F)F)C(F)(F)F)F)F)F)F,tg,130.33,131.15019548326234
*CC(S1)=CC=C1CO*,egc,4.6049,4.624781853639129
*c1cc2c(C(=O)N(C2=O)c2ccc(cc2)NC(=O)Nc2ccc(cc2)N2C(=O)c3c(C2=O)cc(cc3)C(=O)Nc2ccc(cc2)NC(=O)*)cc1,tg,216.0,220.6073747126177
*C(C*)c1ccc(cc1)COCCOCC,tg,0.0,18.72707831771594
*C(=S)c1ccc(-c2ccc(-c3ccc(*)cc3)cc2)cc1,eps,4.57,4.916166543104245
*c1sc(cc1)c1sc(c(c1)CCCCCCCC)c1sc(cc1)c1sc(cc1)c1sc(cc1CCCCCCCC)c1sc(cc1)[Si]([Si](*)(CCCC)CCCC)(CCCC)CCCC,tg,-10.0,1.646498954088312
*Oc1cc(ccc1)NC(=O)C(=O)Nc1cc(ccc1)OCC(COc1ccc(cc1)C(c1ccc(cc1)OCC(C*)O)(C)C)O,tg,119.0,107.88331659326919
*C(=O)c1ccc(-c2ccc(C(*)=S)s2)s1,ei,6.113,6.113363432344506
*N1C(=O)c2c(C1=O)cc(cc2)Oc1cc2c(C(=O)N(C2=O)CCCCCCCCC*)cc1,tg,89.0,96.07804504294626
*NC(=O)C(C(C(=O)NCCCCCCC*)OC)OC,tg,87.0,109.48724121644483
*OC(=O)c1ccc(CCCc2ccc(C(*)=O)cc2)cc1,egc,4.5456,4.461471377643737
*c1sc(nn1)c1ccc(cc1)OC(=O)CCCCCCCCC(=O)Oc1cc(ccc1)C=C*,tg,55.0,34.28698105287124
*CC1CCC(COC(=O)CCCCC(=O)O*)CC1,egc,6.7775,6.651236117527941
*c1c(nc2c(n1)cc(cc2)c1cc2c(nc(c(n2)c2ccc(cc2)Oc2ccc(cc2)*)c2ccccc2)cc1)c1ccccc1,tg,297.36,279.0472273213075
*N1C(=O)c2c(C1=O)cc(cc2)c1cc2c(C(=O)N(C2=O)c2cc(ccc2)Oc2cc(ccc2)Oc2cc(ccc2)*)cc1,tg,208.0,198.9879272218745
*N1C(=O)c2c(C1=O)cc(cc2)c1cc2c(C(=O)N(C2=O)c2cc(c(c(c2)C(=O)OCCCCCCCCCCCCCCCC)c2c(cc(cc2Br)*)C(=O)OCCCCCCCCCCCCCCCC)Br)cc1,tg,92.0,92.60027837233969
*c1nc(Cl)nc(N(c2ccccc2)c2nc(Nc3ccccc3)nc(N(*)c3ccccc3)n2)n1,egc,3.6448,3.552714398022316
*c1ccc(C(C)(C)c2ccc(-n3c(=O)c4cc5c(=O)n(*)c(=O)c5cc4c3=O)cc2)cc1,egc,2.5724,2.5469446751565803
*OC1(C)CC(C)(C)C(C)(N2CCCC(*)C2)C1C,egc,4.6138,4.5396829607149725
*c1cc(CC(=O)Cl)c(*)s1,egc,2.8053,2.970620583462933
*CNCCNC(=O)OC*,ei,6.3844,6.291645938864962
*C(C*)(C(=O)OCCCCCCCCCCCCOc1ccc(cc1)C(=O)Oc1ccc(cc1)c1cc(ccc1)OC(=O)c1ccc(cc1)OC(=O)c1ccc(cc1)OCCCCCCCCCCCC)C,tg,74.5,66.86342133630545
*Oc1ccc(cc1)S(=O)(=O)c1ccc(cc1)OC(=O)OC1C(C(C1(C)C)OC(=O)*)(C)C,tg,162.0,160.00768729002243
*C(F)(F)C(S1)=CC=C1C(F)(F)C(=S)*,egc,2.8122,2.7050342085906984
*Nc1ccc(-c2ccc(C(*)=S)s2)cc1,egb,1.4764,1.5000515316504328
*C(C*)c1c(cc(cc1)C)C,tg,98.83,105.5553137798814
*C1(c2c(C(=O)O1)cccc2)c1ccc(cc1)Oc1c(c(c(c(c1F)F)C(=O)c1c(c(c(c(c1F)F)Oc1ccc(cc1)*)F)F)F)F,tg,215.0,202.6101189945737
*C(C*)C(=O)OCCC#N,tg,4.0,-42.9828252557404
*c1ccc(-c2ccc(-c3nc4ccc(Oc5ccc6nc(*)c(-c7ccccc7)c(-c7ccccc7)c6c5)cc4c(-c4ccccc4)c3-c3ccccc3)cc2)cc1,egc,3.3136,3.2488670348916675
*CCc1ccc(-c2ccc(*)cc2)cc1,eps,3.58,3.571658916881279
*CCOCCOCCOC(=O)C=CC(=O)NCCCCCCNC(=O)C=CC(=O)O*,egc,4.4951,4.288393993018807
*OC(=O)c1ccc(cc1)C(=O)OCC*,tg,77.74,66.69031458904504
*Oc1c(cc(cc1Br)C(c1cc(c(c(c1)Br)OC(=O)c1ccc(cc1)OCCCCCCCCCCOc1ccc(cc1)C(=O)*)Br)(C)C)Br,tg,128.0,125.34838490829476
*NC(=S)Nc1ccc(NC(=S)Nc2ccc(Cc3ccc(*)cc3)cc2)cc1,nc,1.9843,1.9942992729402802
*C(=O)Nc1ccc(S(=O)(=O)c2ccc(NC(=O)c3ccc4c(c3)C(=O)N(c3ccc(Oc5ccc(N6C(=O)c7ccc(*)cc7C6=O)cc5)cc3)C4=O)cc2)cc1,egc,2.6835,2.814928527671352
*CC(O)CN(*)c1ccc(N=Nc2ccc(C#N)cc2)cc1,egc,2.0164,2.3378705942872564
*c1cc2c(C(=O)N(C2=O)c2cc(ccc2)C(=O)Nc2ccc(cc2)Oc2ccc(cc2)Oc2ccc(cc2)NC(=O)c2cc(ccc2)N2C(=O)c3c(C2=O)cc(cc3)C(*)(C(F)(F)F)C(F)(F)F)cc1,tg,283.0,277.2485797647955
*NC(C(=O)*)CCC(=O)OCCCCC,tg,-20.0,-36.273283707050226
*N1C(=O)c2c(C1=O)cc(cc2)Oc1cc2c(cc1Oc1cc3c(C(=O)N(C3=O)c3cc(ccc3)*)cc1)cccc2,tg,228.75,250.40229482735117
*S(=O)(=O)c1cc(ccc1)NC(=O)CCCCC(=O)Nc1cc(ccc1)*,tg,140.0,142.92337867648612
*OCCCCONC(*)=O,egb,5.6793,6.008351625028991
*N1C(CN(C(C1)C)C(=O)OCC(CS(=O)(=O)CC(COC(=O)*)(C)C)(C)C)C,tg,85.0,64.69007886342979
*C(=O)Nc1ccc(Oc2ccc(NC(=O)c3ccc4c(c3)C(=O)N(c3ccc(Oc5ccc(N6C(=O)c7ccc(*)cc7C6=O)cc5)cc3)C4=O)cc2)cc1,egc,2.699,2.7884958445068864
*C(C*)(C(=O)OCCCCCCOc1ccc(cc1)C(=O)Oc1ccc(cc1)OCCCC)Cl,tg,75.75,61.63564165368836
*Oc1ccc(C(=S)c2ccc(*)cc2)s1,eps,4.54,5.035031893600418
*Oc1ccc(cc1)C1(c2ccccc2c2ccccc12)c1ccc(cc1)OC(=O)CCCCCCCC(=O)*,tg,150.0,151.32114130938865
*C=Cc1cc(Cl)c(*)cc1Cl,egc,3.2579,3.1019588276712207
*C(=O)c1ccc2c(c1)C(=O)N(c1ccc(-c3ccc(-c4ccc(N5C(=O)c6ccc(*)cc6C5=O)cc4)cc3)cc1)C2=O,egc,2.3242,2.439644435964194
*Oc1c2c(c(cc1)c1c3c(c(cc1)Oc1ccc(cc1)*)cccc3)cccc2,tg,226.0,233.62326261033186
*N1C(=S)N(C(=O)CC1=O)c1ccc(cc1)Oc1ccc(cc1)C1(c2ccccc2c2ccccc12)c1ccc(cc1)Oc1ccc(cc1)*,tg,175.0,190.8080306170294
*C(=S)NC(F)(F)C(*)(F)F,ei,6.3593,6.533923072711787
*CCCCCS*,egb,4.989,5.454953733390281
*c1cc(CCCCCCCCCCCCCCCC)c(*)[nH]1,egc,3.0442,3.0459197205714754
*C1(c2c(CO1)cccc2)c1ccc(cc1)OC(=O)c1ccc(cc1)C(=O)Oc1ccc(cc1)*,tg,312.0,273.84646407262665
*NC(=O)CCP(=O)(CCC(=O)NCCCCCCCCCCCC*)C,tg,44.0,74.44630260278235
*CCCCCCCCNC(=O)C(CCCCCCCCCCCC)C(=O)N*,egc,5.9457,5.972415153803419
*c1ccc(Oc2ccc(-n3c(=O)c4c(F)c5c(=O)n(*)c(=O)c5c(F)c4c3=O)cc2)cc1,egc,2.0451,1.9550148812454535
*Oc1ccc(OC(=O)Oc2ccc(C(*)=O)cc2)cc1,egc,4.5384,4.530018176900888
*CCCCCCOC(=O)CCCCCCCC(=O)O*,egc,6.8043,6.801961955187768
*CCCOC(=O)CCCCCCCCCCCCCCCCC(=O)O*,egc,6.9154,6.702217787718135
*CCC(F)(F)C(*)(F)Cl,egc,7.738,7.961830022424499
*CCOC(=O)CCCCC(=O)O*,nc,1.6581,1.6418592207549412
*C(C*)C(=O)NC(CC(=O)C)(C)C,tg,86.0,80.5267809401022
*Nc1ccc(OC(*)=S)s1,eps,5.02,5.024853536397779
*OC(=O)C(NC(=O)C=CC(=O)NC(C(=O)OCCCCCC*)Cc1ccccc1)Cc1ccccc1,tg,92.0,98.44568186483905
*N1C(=O)c2c(C1=O)cc(cc2)Oc1cc2c(C(=O)N(C2=O)CC2C3C(CC2)C2C(CC3C2)C*)cc1,tg,201.0,202.94112571333548
*COc1ccc(O*)cc1,egb,4.685,4.580215646402432
*Cc1ccc(-c2ccc(-c3ccc(*)s3)cc2)cc1,nc,2.0164,1.9991614110233094
*C(C*)C(=O)Oc1ccc(cc1)C(=O)OCC,tg,37.0,35.86110033860232
*OC1CCC(C2CCC(OC(=O)CCCCCCCCC(*)=O)CC2)CC1,egc,6.3469,6.507604475735301
*C(C*)(C(=O)OCCC(C(C(C(C(C(C(C(F)(F)F)(F)F)(F)F)(F)F)(F)F)(F)F)(F)F)(F)F)F,tg,87.5,83.88154409359879
*Oc1ccc(cc1)NC(=O)C=CC(=O)NNC(=O)C=CC(=O)Nc1ccc(cc1)OC(=O)c1c(cccc1)C(=O)NNC(=O)c1c(cccc1)C(=O)*,tg,240.0,237.97373884675247
*Oc1ccc(cc1)C(=O)OC(=O)c1ccc(cc1)OCCOCC*,tg,41.0,58.19252058244823
*Oc1ccc(cc1)CC(NC(=O)CCc1ccc(cc1)OC(=O)CCCCCCCCC(=O)*)C(=O)OC(C)C,tg,44.0,38.59061368798625
*C(F)(F)C(F)(F)CN*,egc,6.8454,7.052258940850888
*C(=O)CCN(C)CCN(C)CCC(=O)N1CCN(*)CC1,egc,4.9845,5.043078619780248
*CC(=O)CC(C=C1)=CC=C1*,egc,4.4305,4.35291579601492
*c1c2c(c(=O)n(n1)c1ccc(cc1)S(=O)(=O)c1ccc(cc1)*)cccc2,tg,422.0,334.3977858694502
*CC(*)C(=O)N(CCC)CCC,egc,5.3191,5.190468890610424
*CC(=S)CC(=S)*,egc,2.5423,2.1563989761742195
*c1cc2c(C(=O)N(C2=O)c2ccc(cc2)NC(=O)c2ccc(cc2)N2C(=O)c3c(C2=O)cc(cc3)C(=O)*)cc1,tg,300.0,302.03818334331925
*N1C(=O)c2c(C1=O)cc(cc2)c1cc2c(C(=O)N(C2=O)c2ccc(cc2)Oc2c(cc(cc2)Oc2ccc(cc2)*)C(C)(C)C)cc1,tg,274.0,277.28265172847915
*NC(C(*)=O)C(C)CC,egc,5.462,5.557703436554401
*CC(*)(C)C#N,egb,7.1863,7.195287848850243
*Oc1ccc(OC(*)=O)s1,eps,4.26,4.151284023505402
*c1cc2c(C(=O)N(C2=O)c2ccc(cc2)C2(CCCCC2)c2ccc(cc2)NC(=O)*)cc1,tg,319.0,310.66537026817326
*Oc1ccc(CC(C#N)(C#N)Cc2ccc(*)cc2)cc1,egc,4.9531,5.002721723032924
*N=Nc1ccc(cc1)Nc1ccc(cc1)C(=O)c1ccc(cc1)Nc1ccc(cc1)*,tg,216.42,215.8552869473777
*Cc1ccc(-c2ccc(O*)cc2)s1,nc,1.9368,1.9352707528648616
*Nc1cc(cc(c1)C(=O)OCCOc1ccc(cc1)C=CC(=O)c1ccccc1)NC(=O)c1cc(ccc1)C(=O)*,tg,216.0,184.43548471426467
*Nc1ccc(NC(=S)NC(=O)c2ccc(C(=O)NC(*)=S)cc2)cc1,egc,2.6945,2.987367105902259
*CNC(=S)C(C=C1)=CC=C1*,egc,3.4579,3.5993606765762163
*Nc1cc(cc(c1)C(=O)OCCN(c1ccc(cc1)C#N)C)NC(=O)c1cc(cc(c1)OCCN(c1ccc(cc1)C#N)C)C(=O)*,tg,167.0,177.45028367645395
*C(C*)OC(=O)C,tg,34.27,34.173796098041535
*Nc1ccc(cc1)C(c1ccc(cc1)NC(=O)c1cc(ccc1)C(=O)*)(C)C,tg,278.33,255.67446495595948
*c1ccc(cc1)C=C(c1ccc(cc1)C(=Cc1ccc(cc1)C=Cc1c(cc(c(c1)OC)C=C*)OC)Oc1ccccc1)c1ccc(cc1)Oc1ccccc1,tg,175.0,146.54389106281255
*c1c2c(c(nn1)c1ccc(cc1)Oc1ccc(cc1)C(c1ccc(cc1)Oc1ccc(cc1)*)(C)C)c(c(c(c2c1ccccc1)c1cc2c(cc1)cccc2)c1cc2c(cc1)cccc2)c1ccccc1,tg,286.0,288.02300405047595
*N1C(=O)c2c(C1=O)c(ccc2)c1cc2c(C(=O)N(C2=O)c2cc(ccc2)*)cc1,tg,341.0,385.15981183064974
*CC(*)C(=O)OCC=C,egc,6.066,5.927492990605738
*N(CC(C*)O)c1ccc(cc1)N=Nc1ccc(cc1)Cl,tg,160.0,115.55372364914753
*CC(C=C1)=CC=C1C(S2)=CC=C2C(C=C3)=CC=C3*,egc,3.4745,3.2382717041709213
*NC1CCCC1C(*)=O,egc,5.8804,5.92581801850892
*Oc1cc2c(cc1)cc(cc2)OC(=O)c1c(cc(cc1)c1ccc(cc1)C(=O)*)c1ccccc1,tg,125.0,136.8802980060764
*CCCCCOC(=O)NCCSCCSCCNC(=O)O*,egc,5.3739,5.18499810299046
*CC(COc1c(Cl)cc(Cl)cc1Cl)O*,egc,4.5851,4.566122882887659
*CC(F)(F)C(F)=C(*)Cl,egc,4.8591,4.89172157184843
*Oc1ccc(C(C)(C)c2ccc(OC(=O)OCCN(CCOC(*)=O)c3ccc(OC)cc3)cc2)cc1,egc,4.212,4.153165144515432
*c1cc2c(C(=O)N(C2=O)c2c(cc(cc2)c2cc(c(cc2)N2C(=O)c3c(C2=O)cc(cc3)C(=O)*)C)C)cc1,tg,365.0,373.7758130652807
*CC(CO*)(CS(=O)(=O)CCC)CS(=O)(=O)CCC,egc,4.6292,4.704169083350823
*Oc1ccc(cc1)NC(=O)CCCCCCCC(=O)Nc1ccc(cc1)*,tg,160.0,171.63599262028805
*Nc1ccc(-c2ccc(-c3ccc(*)s3)s2)cc1,egb,2.587,2.2595325456967164
*Nc1cc(cc(c1)C(=O)OCCCN(c1ccc(cc1)N=Nc1ccc(cc1)S(=O)(=O)C)C)NC(=O)c1cc(cc(c1)OCCCN(c1ccc(cc1)N=Nc1ccc(cc1)S(=O)(=O)C)C)C(=O)*,tg,168.0,164.50264516200147
*c1cc(CCCCCC)c(*)s1,egc,2.5608,2.6825755610973157
*c1ccc(Oc2ccc(N3C(=O)N(*)C3=O)cc2)cc1,egc,4.3691,4.2542856183925855
*Oc1c(cc(cc1C)C(c1cc(c(c(c1)C)OC(=O)CCCCCCCCC(=O)*)C)(C)C)C,tg,45.0,59.25247428839218
*N1C(=O)C(CC1=O)Nc1ccc(cc1)N(c1ccc(cc1)NC1C(=O)N(C(=O)C1)c1ccc(cc1)Cc1ccc(cc1)*)c1ccc(cc1)Nc1ccc(cc1)[N+](=O)[O-],tg,324.0,276.39606486161864
*C(C*)(C(=O)OCCCn1c2ccccc2c2ccccc12)C,tg,113.0,115.57563715271354
*C(=O)c1ccc(-c2ccc(-c3ccc(*)s3)cc2)cc1,eea,3.0595,2.916656040931829
*Oc1c2c(c(cc1)c1c3c(c(cc1)Oc1ccc(cc1)Oc1c(c(ccc1)Oc1ccc(cc1)*)C)cccc3)cccc2,tg,156.0,165.19940866786504
*Oc1c2c(c(cc1)C=Cc1ccc(cc1)C=Cc1c3c(c(cc1)OCCOCCOCC*)cccc3)cccc2,tg,83.5,73.51873084571052
*Cc1ccc(COC(=O)CCCCSCCCCC(=O)O*)cc1,egc,4.7687,4.77960609632099
*OC(=O)c1ccc(cc1)c1ccc(cc1)C(=O)OCCOCC*,tg,53.5,45.69117785669062
*Nc1ccc(C(=S)c2ccc(*)cc2)cc1,eps,6.72,6.236349761423288
*c1cc2c(C(=O)N(C2=O)c2c(ccc(c2)C(c2cc(c(cc2)OC(=O)C23CC4CC(CC(C2)C4)C3)N2C(=O)c3c(C2=O)cc(cc3)C(*)(C(F)(F)F)C(F)(F)F)(C(F)(F)F)C(F)(F)F)OC(=O)C23CC4CC(CC(C2)C4)C3)cc1,tg,305.0,290.4064789938809
*Oc1ccc(cc1)C(c1ccc(cc1)OC(=O)c1c(cccc1)c1c(cccc1)C(=O)*)(C(F)(F)F)C(F)(F)F,tg,162.0,167.76687313798317
*c1cc2c(C(=O)N(C2=O)c2ccc(cc2)Oc2ccc(cc2)C(=O)c2nc(ccc2)C(=O)c2ccc(cc2)Oc2ccc(cc2)N2C(=O)c3c(C2=O)cc(cc3)C(=O)*)cc1,tg,314.5,261.0961277604928
*c1cc2c(C(=O)N(C2=O)c2ccc(cc2)Oc2ccc(cc2)N2C(=O)c3c(C2=O)cc(cc3)C(=O)Oc2ccc(cc2)C(c2ccc(cc2)OC(=O)*)(C)C)cc1,tg,200.0,219.82217695206754
*Cc1ccc(Cc2ccc(*)s2)cc1,egb,4.0831,4.171466330814772
*C(C*)(CC(=O)OCCC1CCCCC1)C(=O)OCCC1CCCCC1,tg,48.0,74.01889186993031
*CC(*)(C)C(=O)OCC,egb,6.2424,6.253362610136569
*N1C(=O)c2cc3C(c4c(Oc3cc2C1=O)cc1C(=O)N(C(=O)c1c4)c1ccc(cc1)C(c1ccc(cc1)*)(C(F)(F)F)C(F)(F)F)(C(F)(F)F)C(F)(F)F,tg,430.0,373.96579078926396
*C(=S)c1ccc(C(F)(F)C(*)(F)F)s1,eps,4.44,4.6077212224090305
*C(C*)C(=O)OCCOCC(F)(F)F,tg,-38.0,-31.884799173150174
*Oc1ccc(cc1)c1ccc(cc1)OC(=O)c1cc(cc(c1)CCCCC)C(=O)*,tg,138.0,148.61017238355487
*Oc1c(cc(cc1C)C(c1cc(c(c(c1)C)OCC(C*)O)C)(C)C)C,tg,130.0,135.66713660967392
*OC1C(CCCC1)OC(=O)*,tg,117.3,139.78239125305882
*c1cc(COCCCCCCCCCCCCOc2ccc(-c3ccc(OC)cc3)cc2)c(*)s1,egc,2.5163,2.616232900810934
*Oc1c(cc(cc1)OC(=O)c1ccc(cc1)OCCCCCCCCCCOc1ccc(cc1)C(=O)*)S(=O)(=O)c1ccccc1,tg,88.0,98.24851123448803
*N1C(=O)N(C(=O)C1=O)c1ccc(cc1)CCc1ccc(cc1)*,tg,197.0,208.31906296522845
*c1ccc(Sc2ccc(-n3c(=O)c4cc5c(=O)n(*)c(=O)c5cc4c3=O)cc2)cc1,egc,2.5188,2.560270785920378
*Oc1ccc(Oc2ccc(*)cc2)s1,ei,5.9034,5.832178790052488
*Oc1ccc(cc1)N=Nc1c(cc(c(c1C)[N+](=O)[O-])Cc1c(c(c(c(c1)C)N=Nc1ccc(cc1)OC(=O)c1ccc(cc1)C(=O)*)C)[N+](=O)[O-])C,tg,203.0,195.5545938348278
*c1ccc(*)c2nccnc12,egc,3.0389,3.011380160984107
*c1cc2c(C(=O)N(C2=O)c2ccc(cc2)C(=O)NC2CCC(CC2)CC2CCC(CC2)NC(=O)*)cc1,tg,275.0,225.9306138709779
*CCOCCOC(=O)CCCCCCCC(=O)O*,egc,6.5091,6.620875572374853
*Oc1ccc(cc1)*,tg,119.75,87.15361086207105
*C(C(*)(F)F)OC(F)(F)F,tg,-10.0,-8.560653870509825
*O[Si](COC(=O)CCCCCCCCC(=O)Oc1ccc(cc1)S(=O)(=O)c1ccc(cc1)Oc1ccc(cc1)C=C1C(=O)C(=Cc2ccc(cc2)Oc2ccc(cc2)S(=O)(=O)c2ccc(cc2)OC(=O)CCCCCCCCC(=O)OC[Si](*)(C)C)CCCC1)(C)C,tg,81.0,85.55525241441089
*N1C(=O)c2c(C1=O)c(ccc2)c1cc2c(C(=O)N(C2=O)c2cc(ccc2)Oc2ccc(cc2)*)cc1,tg,286.0,279.2173581493447
*NC(=O)CCC1(c2ccccc2c2ccccc12)CCC(=O)NCCCC1(c2ccccc2c2ccccc12)CCC*,tg,165.0,154.3370935660493
*Nc1c2c(ccc1)c(ccc2)NC(=O)Nc1cc(cc(c1)C(=O)Nc1ccc2C(=O)c3c(C(=O)c2c1)cccc3)NC(=O)*,tg,178.0,181.578041798207
*c1nc2c(c(c1c1ccccc1)c1ccccc1)cc(cc2)Oc1cc2c(nc(c(c2c2ccccc2)c2ccccc2)c2ccc(cc2)c2ccc(cc2)*)cc1,tg,351.0,366.41947074776454
*CC(F)(F)C(F)(F)C(F)(F)C(F)(F)COC(=O)CCCC(=O)O*,egc,7.0209,6.8196219188567175
*C(=O)c1ccc(-c2ccc(C(*)=S)s2)cc1,ei,6.162,6.211896222828096
*Nc1ccc(cc1)NC(=O)c1cc(ccc1)C(=O)c1ccc(cc1)C(=O)*,tg,257.5,256.0207335916375
*C1c2c(CC1*)cccc2,tg,200.0,155.78005799675486
*Oc1ccc(cc1)C(c1ccc(cc1)OCCCCCCCC*)(C)C,tg,13.37,17.22939844218698
*CCCCCC(=O)S*,egb,5.0001,5.199794835033723
*c1cc2c(C(=O)N(C2=O)c2cc(ccc2)N2C(=O)c3c(C2=O)cc(cc3)C(=O)*)cc1,tg,292.1,308.3449454852172
*C(=O)NNC(=O)c1cccc(C(=O)NNC(=O)c2cnc(*)cn2)c1,egc,3.3027,3.194640948496222
*Nc1ccc(-c2ccc(C(*)=S)s2)s1,nc,2.7581,2.5992441441496434
*Nc1ccc(C(=S)c2ccc(*)cc2)cc1,nc,2.3239,2.4005910131509434
*c1cc2c(C(=O)N(C2=O)c2ccc(cc2)NC(=O)Nc2ccc(cc2)N2C(=O)c3c(C2=O)cc(cc3)C(=O)Nc2ccc(cc2)NC(=O)Nc2ccc(cc2)NC(=O)*)cc1,tg,208.0,202.11105762029084
*C(CCCCC*)CCC,tg,-68.0,-49.127916771911394
*Oc1ccc(cc1)c1ccc(cc1)C(=O)NCC*,tg,169.0,151.85543036114726
*C(C(*)(F)F)(c1c(c(c(c(c1F)F)F)F)F)F,tg,194.0,113.20497053117607
*c1ccc(C(=O)C(F)(F)C(*)(F)F)cc1,eea,3.4595,3.120628547342997
*Oc1cc(cc(c1)CCCCCC)OC(=O)c1cc(ccc1)C(=O)*,tg,67.5,63.77707954102044
*CC(C)CO*,egc,5.976,6.2908944281615256
*NC(=O)c1ccc(C(*)=S)cc1,eps,5.0,4.924263973375507
*CC(=O)c1ccc(C(*)=O)s1,eps,4.49,4.548568916518391
*NC(=O)CCCCCCCCCCCCCCC(=O)NCCCCCCCC*,tg,52.0,50.184540104320675
*c1cc2c(C(=O)N(C2=O)c2ccc(cc2)C(=O)c2cc(ccc2)C(=O)c2ccc(cc2)N2C(=O)c3c(C2=O)cc(cc3)C(=O)*)cc1,tg,276.0,270.81460958942546
*C(C*)(CC(=O)OC)C(=O)O,tg,159.0,144.16180993449657
*NC(=O)c1ccc(-c2ccc(*)s2)cc1,eea,2.1302,2.3260923873594166
*CC1CCC(COC(=O)NCCSCCCCCSCCNC(=O)O*)CC1,egb,5.4414,5.389883751024843
*N1C(=O)c2c(C1=O)cc(cc2)C(c1cc2c(C(=O)N(C2=O)CCCC*)cc1)(C(F)(F)F)C(F)(F)F,tg,185.0,162.23831327853415
*CCOC(=O)Nc1ccc(NC(=O)O*)cc1,egc,4.8391,4.917405299280417
*OCCOCCOCCCNC(=O)C(NC(=O)C(NC(=O)CCCCCCCCC(=O)NC(C(=O)NC(C(=O)NCCC*)C(C)C)Cc1ccccc1)Cc1ccccc1)C(C)C,tg,66.0,52.772806628451285
*c1cc(nc2c1cccc2)c1cc(ccc1)c1nc2c(c(c1)c1ccc(cc1)Oc1ccc(cc1)*)cccc2,tg,268.0,235.6434526790236
*C(F)(F)NC(F)(F)C(S1)=CC=C1*,egc,4.586,4.902998894478319
*NC(=O)CCCCCCCC*,tg,44.29,36.56827740665637
*N(c1ccc(cc1)c1ccc(cc1)N(c1ccc(cc1)C(c1ccc(cc1)*)c1ccccc1)c1ccc(cc1)C)c1ccc(cc1)C,tg,239.0,246.08230320351885
*c1ccc(NC(=O)c2cc(NC(=O)c3ccc(OC(C)=O)cc3)cc(C(=O)Nc3ccc(-c4nnc(*)o4)cc3)c2)cc1,egc,3.4669,3.5583926932087895
*N1C(=O)c2c(C1=O)cc(cc2)Oc1cc2c(C(=O)N(C2=O)c2cc(ccc2)Oc2ccc(cc2)*)cc1,tg,233.75,223.8741908231059
*Cc1ccc(-c2ccc(C(*)=S)cc2)s1,nc,2.0986,2.038027240656594
*c1c(cc(c(c1)OC)C=C*)OCC(CCCC)CC,tg,70.67,89.63240983467588
*Nc1ccc(Oc2ccc(*)cc2)cc1,egb,3.2074,3.2513539965716705
*N1C(=O)c2c(C1=O)cc(cc2)Oc1cc2c(cc1)cc(cc2)Oc1cc2c(C(=O)N(C2=O)c2cc(ccc2)Oc2ccc(cc2)*)cc1,tg,225.0,218.74436316841897
*CC(*)c1ccc(C(=O)CCN2CCOCC2)cc1,egc,3.2629,3.1261925833962145
*c1ccc2c(c1)Cc1cc(N3C(=O)c4ccc(-c5ccc6c(c5)C(=O)N(*)C6=O)cc4C3=O)ccc1-2,egc,2.6588,2.6665728104871413
*OC(F)(F)c1ccc(C(*)(F)F)s1,ei,7.2935,7.22745831588909
*OC(OC(=O)c1ccc(cc1)C(=O)OC(OCC1CCC(CC1)C*)C)C,tg,61.0,36.976391185883784
*NC(=O)CCCCC(=O)NCCCCCC*,tg,55.55,55.5011956173868
*c1ccc(C(=O)Nc2ccc(-c3ccc(NC(=O)c4ccc(-n5c(=O)c6sc7c(=O)n(*)c(=O)c7sc6c5=O)cc4)cc3)cc2)cc1,egc,1.2847,1.545415062500375
*CCCCCCCCCCCNC(=O)CCCCCCCCCCC(=O)N*,egc,6.009,5.911125613448173
*Oc1ccc(cc1)C(=O)c1ccc(cc1)OCCCCCCOC(=O)OCCCOC(=O)OCCCCCC*,tg,16.0,8.520483943596197
*OC1CCC(OC(=O)CCCCC(*)=O)CC1,egc,6.706,6.633313862921409
*CCCCCCCCCCNC(=O)CCC(=O)N*,egc,5.9532,5.941750885065077
*N1C(=O)c2c(C1=O)cc(cc2)Oc1ccc(cc1)C(=O)c1ccc(cc1)Oc1cc2c(C(=O)N(C2=O)c2ccc(cc2)Oc2cc(ccc2)Oc2ccc(cc2)*)cc1,tg,194.0,204.32272455125448
*N=P(*)(OCC(C(F)(F)F)(F)F)OCC(C(F)(F)F)(F)F,tg,-65.0,-90.6177800434495
*Nc1ccc(C(=O)c2ccc(NC(=O)c3ccc(C(*)=O)cc3)cc2)cc1,egc,3.6944,3.5595472376039856
*C1C(=O)N(C(=O)C1*)C(C)(C)C,tg,195.0,193.96530908059347
*Oc1c2c(c(cc1)c1c3c(c(cc1)Oc1c(c4c(cc1)cccc4)c1c4c(ccc1*)cccc4)cccc3)cccc2,tg,301.0,269.02567602529956
*CCOC(=O)CSC(=O)Nc1ccc(Cc2ccc(NC(=O)SCC(=O)O*)cc2)cc1,egc,4.3268,4.107171100635087
*C([2H])([2H])C(*)(C(=O)OC([2H])([2H])C([2H])([2H])[2H])C([2H])([2H])[2H],egc,6.3862,6.358945799043327
*O[Si](C)(C)O[Si](C)(C)O[Si](C)(C)OC(C)CCC(*)C,egc,6.3039,6.185714468618795
*CCOC(=O)c1ccc(C(=O)O*)c2c1CC2,egc,4.3335,4.494679145322225
*C1OC(=O)C(C1)CCC1C(=O)OC(C1)CCCCC=CCCCC*,tg,24.7,42.48674451946598
*c1nc2c([nH]1)ccc(c2)NC(=O)c1ccc(cc1)OCCOCCOCCOc1ccc(cc1)C(=O)Nc1cc(ccc1)*,tg,180.0,153.47057096584194
*C1(c2c(C(=O)O1)cccc2)c1ccc(cc1)C(=O)NNC(=O)c1ccc(cc1)C(=O)NNC(=O)c1ccc(cc1)*,tg,237.0,216.03335967033965
*CCCC(Cl)C(*)Cl,egc,6.8622,6.743436477513798
*OC(=O)c1c(cccc1)C(=O)OCC*,tg,70.88,33.65659225835414
*CNC(=O)C(*)=S,eps,5.23,5.120797101197631
*Oc1ccc(cc1)C(c1ccc(cc1)OCC(COC(=O)c1cc(ccc1)C(=O)OCC(C*)O)O)(C)C,tg,97.0,80.55973535120617
*c1c2c(c(nn1)c1ccc(cc1)Oc1ccc(cc1)c1ccc(cc1)Oc1ccc(cc1)*)c(c(c(c2c1ccccc1)c1cc2c(cc1)cccc2)c1cc2c(cc1)cccc2)c1ccccc1,tg,326.33,316.34993369140216
*N1C(=O)c2c(C1=O)cc(cc2)Oc1c(cccc1)Oc1cc2c(C(=O)N(C2=O)c2cc(c(cc2)Oc2ccc(cc2)Oc2c(cc(cc2)*)C(F)(F)F)C(F)(F)F)cc1,tg,197.0,192.87913473305196
*Cc1ccc(CC(*)=S)cc1,egb,2.9253,2.6774812797964005
*Oc1ccc(S(=O)(=O)c2cccc3c(S(=O)(=O)c4ccc(Oc5ccc(-c6ccc(*)cc6)cc5)cc4)cccc23)cc1,egc,3.4062,3.311678863077056
*C(=O)SSCCCCSSC(=O)N1CCN(*)CC1,egc,4.2166,4.21138749969201
*Oc1ccc(cc1)C(=O)Nc1c(cc(cc1)Br)c1ccc(cc1)NC(=O)c1ccc(cc1)*,tg,267.0,260.8659831357333
*CC(=S)CO*,eps,4.16,4.109383609495333
*C1C(=O)N(C(=O)C1C(C*)OC)c1ccc(cc1)N(C)C,tg,221.0,214.17360656922904
*Oc1ccc(cc1)C(c1ccc(cc1)OC(=S)*)(CC)C,tg,102.0,97.91151985580447
*C(C=C1)=CC=C1C(=O)NC(=O)*,egc,4.4505,4.363901080572054
*NC(=O)CCCCC(=O)NCCCP(CCC*)CC(C)C,tg,71.0,65.70438394239308
*COCOCCCO*,eps,3.51,3.4806903843993613
*C=C(*)c1cccc2ccccc12,egc,0.8664,0.8419488628101388
*N1C(=O)N(C(=O)C1=O)c1ccc(cc1)Oc1ccc(cc1)N1C(=O)N(C(=O)C1=O)CCCCCC*,tg,172.0,146.78345368803687
*c1c(nc2c(n1)cc(cc2)S(=O)(=O)c1cc2c(nc(c(n2)c2ccc(cc2)*)c2ccccc2)cc1)c1ccccc1,tg,291.8,282.73738736697163
*CC(=O)C(=S)O*,eea,2.8847,3.2906992393397805
*C(C*)(C(=O)OCC(C(C(C(C(C(C(C(F)F)(F)F)(F)F)(F)F)(F)F)(F)F)(F)F)(F)F)C,tg,-15.0,4.189263493233796
*c1n(c(nn1)c1ccc(cc1)Oc1ccc(cc1)C(c1ccc(cc1)Oc1ccc(cc1)*)(C)C)c1cc(ccc1)C(F)(F)F,tg,190.0,197.53964215151555
*N1C(=O)c2c(C1=O)cc(cc2)c1cc2c(C(=O)N(C2=O)CCC[Si](O[Si](CCC*)(C)C)(C)C)cc1,tg,75.0,92.56549445622649
*NS(=O)Nc1cccc(*)n1,egc,4.5634,4.554333974442364
*OC(F)(F)CC(*)(F)F,eps,3.47,3.634699602651881
*Oc1ccc(-c2ccc(-c3ccc(*)cc3)s2)s1,ei,5.6406,5.547858831206292
*Oc1ccc(cc1)C(c1ccc(cc1)OCC(C*)OC(=O)C=Cc1occc1)(C)C,tg,107.2,109.91705313955619
*CCCCCCCCCCC(Cl)C(*)Cl,egc,7.2165,7.023567482387002
*CCCCCCCCCCCCCCCCOC(=O)CCCCCCC(=O)O*,egc,6.8244,6.723019900735692
*Oc1ccc(cc1)C(c1ccc(cc1)Oc1c(c(c(c(c1F)F)COC(c1cc(ccc1)C(OCc1c(c(c(c(c1F)F)*)F)F)(C(F)(F)F)C(F)(F)F)(C(F)(F)F)C(F)(F)F)F)F)(C(F)(F)F)C(F)(F)F,tg,113.0,93.22727967153742
*C(=O)CNC(=O)C1CCCN1C(=O)C1CCCN1*,egc,5.248,5.252847476208474
*c1ccc(-c2ccc(Oc3ccc(*)s3)s2)cc1,nc,2.1868,2.1632439652441318
*N=P(*)(Oc1c(cc(cc1)Cl)Cl)Oc1c(cc(cc1)Cl)Cl,tg,2.0,5.4429250537894545
*c1c2C(=O)N(C(=O)c2c(c2ccccc12)c1ccc(cc1)Oc1ccc(cc1)C(=O)c1ccc(cc1)Oc1ccc(cc1)*)c1c(cccc1)c1ccccc1,tg,245.0,268.06373296904434
*C(C*)C(=O)OCC(O)C,tg,-7.0,7.762552841987575
*Cc1ccc(C(=O)c2ccc(*)cc2)cc1,nc,1.9018,1.8712788735037453
*CC(*)c1ccc(C(=O)c2ccccc2)cc1,egc,3.5289,3.6974909214521783
*c1cc2c(C(=O)N(C2=O)c2ccc(cc2)Oc2ccc(cc2)N2C(=O)c3c(C2=O)cc(cc3)C(=O)Nc2ccc(cc2)C2(c3ccccc3c3ccccc23)c2ccc(cc2)NC(=O)*)cc1,tg,240.0,279.8921862829935
*OC(=O)c1cc(c(cc1)c1c(cc(cc1)C(=O)OCC*)C)C,tg,73.0,86.82989331496445
*c1ccc(NC(=O)c2cccc(C(=O)Nc3ccc(-n4c(=O)c5cc6c(=O)n(*)c(=O)c6cc5c4=O)cc3)c2)cc1,egc,2.46,2.2591166346361065
*NC(C(=O)*)CCC(=O)OCc1ccc(cc1)F,tg,46.9,26.161404698248468
*C(C*)C(=O)c1ccc(cc1)Br,tg,101.5,88.09241497106072
*Oc1c(c(c(c(c1[2H])[2H])S(=O)(=O)c1c(c(c(c(c1[2H])[2H])Oc1c(c(c(c(c1[2H])[2H])C(c1c(c(c(c(c1[2H])[2H])*)[2H])[2H])(C([2H])([2H])[2H])C([2H])([2H])[2H])[2H])[2H])[2H])[2H])[2H])[2H],tg,175.0,198.65149866016662
*NC(C=C1)=CC=C1OC(=S)*,egc,3.7435,3.6662010330544454
*C(C*)(C(=O)OCCCCCCOc1ccc(cc1)C(=O)Oc1c2c(c(cc1)N=Nc1ccc(cc1)F)cccc2)C,tg,42.0,52.68534559447428
*c1c(cc(c(c1)c1ccc(cc1)N(c1ccc(cc1)OC)c1ccc(cc1)OC)C=C*)OCC(CCCC)CC,tg,163.0,104.14319891324773
*c1cc2c(C(=O)N(C2=O)c2cc(ccc2)NC(=O)c2ccc(cc2)N2C(=O)c3c(C2=O)cc(cc3)C(=O)*)cc1,tg,311.0,279.14350996998394
*c1ccc(cc1)c1c(cc(c(c1c1ccccc1)c1ccccc1)c1ccc(cc1)c1c(c(c(c(c1)c1ccccc1)c1ccc(cc1)CCCC*)c1ccccc1)c1ccccc1)c1ccccc1,tg,205.0,238.94891834307933
*OC(=O)NC1CC(CC(C1)(CNC(=O)OCCN(CC*)c1ccc(cc1)N=Nc1ccc(cc1)C#N)C)(C)C,tg,136.0,127.92395862619354
*N1C(=O)c2c(C1=O)cc(cc2)Oc1ccc(cc1)c1ccc(cc1)Oc1cc2c(C(=O)N(C2=O)c2ccc(cc2)Oc2ccc(cc2)Sc2ccc(cc2)Oc2ccc(cc2)*)cc1,tg,212.0,213.23109639785991
*c1cc2c(C(=O)N(C2=O)c2c3c(ccc2)c(ccc3)Oc2ccc(cc2)N2C(=O)c3c(C2=O)cc(cc3)C(=O)Nc2ccc(cc2)c2nc(cc(c2)c2ccccc2)c2ccc(cc2)NC(=O)*)cc1,tg,295.0,292.3829567509389
*C(C*)(C(=O)OCc1ccc2n(c3c(c2c1)cccc3)CCCCCC)C,tg,73.0,74.51280846822074
*OC1C(CO)OC(*)C(O)C1O,egc,5.8509,5.985823475326403
*OC(=O)NCC(C(C(C(CNC(=O)OCCCCC*)(F)F)(F)F)(F)F)(F)F,tg,33.0,9.83592063170726
*c1c(ccc(c1)*)c1oc2c(n1)cc(cc2)C,tg,221.0,242.24261446044412
*C(=O)c1ccc(-c2ccc(C(*)=S)cc2)cc1,nc,2.2139,2.2070573213377274
*c1cc2c(C(=O)N(C2=O)c2c(cccc2)Cc2ccc(cc2)N2C(=O)c3c(C2=O)cc(cc3)C(=O)*)cc1,tg,286.0,308.9926942587137
*NC(=O)CCc1ccc(cc1)CCC(=O)NCCCCCCCCCCCCCCCCCC*,tg,65.0,76.26719827062628
*c1nc2c(nc1c1ccc(cc1)C(=O)NCCCCCCCCCCNC(=O)c1ccc(cc1)*)cccc2,tg,166.0,169.41639990474752
*N1C(=O)c2c(C1=O)cc(cc2)C(=O)Oc1ccc(cc1)C1(c2c(C(=O)O1)cccc2)c1ccc(cc1)OC(=O)CCCCCCCCCCC*,tg,114.0,130.34606533117136
*c1cc2c(C(=O)N(C2=O)c2cc(c(cc2)c2c(cc(cc2)N2C(=O)c3c(C2=O)cc(cc3)C(=O)Oc2ccc(cc2)C2(CCC(CC2)C(C)(C)C)c2ccc(cc2)OC(=O)*)C)C)cc1,tg,217.0,190.58522928444097
*NC(=O)c1cc(cc(c1)C(C)(C)C)C(=O)NCCC(C(CC*)C)C,tg,173.0,141.75419847497332
*CONC(*)=O,eea,1.2523,1.2506927991297605
*CCOC(=O)c1ccc(O*)cc1Cl,egc,4.6773,4.611275926189888
*c1cc2c(C(=O)N(C2=O)c2ccc(cc2)NC(=O)Nc2ccc(cc2)N2C(=O)c3c(C2=O)cc(cc3)C(=O)Nc2cc3Cc4c(c3cc2)ccc(c4)NC(=O)*)cc1,tg,224.0,201.26862108528914
*CCCCCCOC(=O)NCCSCCSCCNC(=O)O*,egc,5.3918,5.285477968412191
*OP(=O)(Oc1c(cc(cc1Br)C(c1cc(c(c(c1)Br)*)Br)(C(F)(F)F)C(F)(F)F)Br)Oc1ccc(cc1)OC,tg,151.0,133.1658814721051
*C(=O)c1ccc(C(=O)C(*)=S)cc1,ei,6.7765,6.921194398873019
*CCOCCOC(=O)c1ccc(NC=Nc2ccc(C(=O)O*)cc2)cc1,egc,4.1569,3.848537703134373
*CCC(=O)N(CCN(C(=O)CCN1CCN(*)CC1)C(C)C)C(C)C,egc,4.3463,4.379727349533319
*OP(=O)(Oc1c(c(c(c(c1Cl)Cl)*)Cl)Cl)Oc1c(cccc1Cl)Cl,tg,144.0,131.27545896736714
*C(=O)Nc1ccc(Cc2ccc(N3C(=O)c4ccc(*)cc4C3=O)cc2)cc1,egc,3.1109,3.26044170932534
*c1ccc2n(c3c(c2c1)cc(cc3)C=Cc1nc(c(c(c1C#N)C=Cc1ccc(cc1)N(c1ccccc1)c1ccccc1)C#N)C=C*)CCCCCC,tg,134.0,171.1238145908767
*N1C(=O)c2c(C1=O)cc(cc2)Oc1ccc(cc1)C1(CCCCCCCCCCC1)c1ccc(cc1)Oc1cc2c(C(=O)N(C2=O)c2ccc(cc2)Cc2ccc(cc2)*)cc1,tg,240.0,247.83042368498488
*NC(C)C(=O)NC(C)C(=O)NC(C(=O)NC(C(*)=O)C(C)C)C(C)C,egb,5.8867,5.514254506886323
*N1C(=O)c2c(C1=O)cc(cc2)Oc1cc2c(C(=O)N(C2=O)c2cc(ccc2)Oc2c(ccc(c2)Oc2cc(ccc2)*)P(=O)(c2ccccc2)c2ccccc2)cc1,tg,212.0,231.550256058277
*C1C(=O)OC(=O)C1*,egc,6.3452,6.440125190253381
*N(c1ccc(cc1)C=C(c1ccc(cc1)C(=Cc1ccc(cc1)*)c1ccc(cc1)OC)c1ccc(cc1)OC)c1ccccc1,tg,197.0,177.90359884387314
*Oc1ccc(cc1)N=C(c1ccc(cc1)Oc1ccc(cc1)c1ccc(cc1)Oc1ccc(cc1)C(=Nc1ccc(cc1)*)c1ccccc1)c1ccccc1,tg,174.0,184.08166545245032
*OC1CCCC(*)O1,egc,6.1442,6.210814216622188
*c1cc2c(C(=O)N(C2=O)c2cc(ccc2)C(c2cc(ccc2)N2C(=O)c3c(C2=O)cc(cc3)C(*)(C(F)(F)F)C(F)(F)F)(C(F)(F)F)C(F)(F)F)cc1,tg,266.5,253.23754825063958
*Oc1ccc(cc1)C(=O)OCCN(CCOC(=O)c1ccc(cc1)OCC#CC#CC*)c1ccc(cc1)[N+](=O)[O-],tg,100.0,74.22820514480973
*C(=O)Nc1nc(C#N)c(*)n1C,egc,4.1864,4.366309694838872
*C(=S)c1ccc(-c2ccc(-c3ccc(*)cc3)s2)cc1,eea,3.3503,3.222868143339158
*CC(*)(C)C(=O)OC(F)(C(F)(F)F)C(F)(F)F,egc,6.1534,6.182745959513133
*CCNC(=O)CCCCCCCCCCCCCCC(=O)N*,egc,5.9522,5.836460281987169
*CC(C)(CO*)COCCC#N,egc,5.387,5.473625030066881
*NC(=S)c1ccc(O*)cc1,nc,1.9858,1.9903386467163928
*CC(*)(C)C(=O)OCc1ccc(Cl)cc1Cl,egc,4.8651,4.828895899833301
*NC(=O)CCCCC(=O)NCC(CCC*)(C)C,tg,77.0,71.32377143625685
*CC(*)(F)C(=O)OCC(Cl)(Cl)Cl,egc,6.1654,5.861430227402738
*C(OC(F)(F)F)C(*)(F)F,egc,8.5308,8.431464725341284
*c1cc(C(=O)OCCCCCC)c(*)s1,egc,2.8903,2.867067108418469
*C(C*)c1ccc(cc1)COC(CC)C,tg,40.0,5.211176103223565
*C(C*)(C(=O)OCCCCCCOc1ccc(cc1)N=Nc1ccncc1)C,tg,40.0,48.415566971637304
*Oc1ccc(cc1)C(c1ccc(cc1)OCC(C*)(CCl)CO)(C(F)(F)F)C(F)(F)F,tg,107.0,103.03013926334656
*N1C(=O)c2c(C1=O)cc(cc2)C(=O)Nc1ccc(cc1)S(=O)(=O)c1ccc(cc1)NC(=O)C*,tg,232.0,261.3481038264534
*N1C(=O)c2c(C1=O)cc(cc2)Oc1ccc(cc1)Oc1cc2c(C(=O)N(C2=O)c2ccc(cc2)Oc2ccc(cc2)*)cc1,tg,248.75,250.5884785885466
*SCCC(=O)NCCCCCCNC(=O)CC*,tg,20.5,-8.627564845505105
*C(C*)(C(=O)OCCCCCCn1c2ccccc2c2ccccc12)C,tg,73.0,73.69058834901323
*CC(=O)c1ccc(-c2ccc(*)cc2)cc1,eps,3.96,4.268762438115141
*C1CCN(CC1)c1sc(cc1)C=CC1=CC(=C(C#N)C#N)C=C(O1)C=Cc1sc(cc1)N1CCC(CC1)OC(=O)Nc1c(ccc(c1)NC(=O)O*)C,tg,212.0,136.05711812319947
*C(C*)(CC(=O)OCC)C(=O)O,tg,135.0,113.44745799104939
*Oc1ccc(cc1)C1(c2cc(ccc2c2ccc(cc12)[N+](=O)[O-])N(C)C)c1ccc(cc1)OC(=O)CCCCC(=O)*,tg,150.0,160.28267928205142
*C(C*)OC(=O)c1ccc(cc1)Br,tg,85.5,104.50903236043801
*C(C*)c1c(cccc1)C(=O)OCCCC,tg,66.0,81.09877863784347
*CCCCOc1ccc(C(=O)OC(=O)c2ccc(O*)cc2)cc1,egc,4.2843,4.230871351223038
*N1C(=O)C2CCC3C(C2C1=O)C(=O)N(C3=O)c1ccc(cc1)Oc1ccc(cc1)*,tg,342.0,283.95545523015556
*O[Si](*)(CCCOc1c(cc(cc1)C(=O)OC1CC2=CCC3C(CCC4(C(CCC34)C(CCCC(C)C)C)C)C2(CC1)C)S(=O)(=O)O[K])C,tg,112.6,118.6846900628559
*c1[nH]c(*)c(OC)c1OC,egc,2.5591,2.915543550582584
*c1c(nc2c(n1)cc(cc2)Oc1cc2c(nc(c(n2)c2ccc(cc2)Oc2ccc(cc2)*)c2ccccc2)cc1)c1ccccc1,tg,261.33,313.03659020758954
*c1cc(CCCCCCCCCCCC)c(*)s1,egc,2.7478,2.750497198730734
*C(C(*)(C(=O)OC([2H])([2H])[2H])C([2H])([2H])[2H])([2H])[2H],tg,115.0,87.72377094722349
*N1C(=O)c2c(C1=O)cc(cc2)Oc1cc2c(C(=O)N(C2=O)Cc2oc(cc2)C(c2oc(cc2)C*)C)cc1,tg,129.0,118.05229792784117
*C(F)(F)CC(F)(F)N*,egc,7.1667,7.256296457275392
*C(C*)(C(=O)OCC)C,tg,64.96,45.857636173406554
*C=CC(C)CCCCCCCCC*,egc,5.8829,5.698225334061891
*Nc5ccc(NC(=O)c4ccc(C3(c1ccc(C(*)=O)cc1)OC(=O)c2ccccc23)cc4)cc5,egc,3.4199,3.568594546888947
*OC(COC(=O)C1=C(C2C=CC1C2)C(=O)OCC(OC(=O)c1ccc(cc1)C(=O)*)COC(=O)C1=C(C2C=CC1C2)c1ccccc1)COC(=O)C1=C(C2C=CC1C2)c1ccccc1,tg,74.0,126.0060459566579
*OC(=O)CCCCCCCCC(=O)OC1COC2C(*)COC12,egc,6.5166,6.553765216042126
*CC(C)(C)COC(=O)CCCCCCCCC(=O)O*,egc,6.6996,6.760731885909762
*Oc1ccc(cc1)C=C1C(=O)C(=Cc2ccc(cc2)OCCCCCC*)CCC1,tg,116.0,99.29738770872484
*CCCCCC(=O)S*,egc,5.3869,5.244831288333818
*Cc1ccc(C(=O)C(*)=S)s1,nc,1.9676,1.9530092536486268
*NC(=O)CCCCCCCCCCCCCCCCC(=O)NCc1ccc(cc1)C*,tg,75.0,94.36880584609818
*OC(=O)CCCCCCC(=O)OCC#CC*,tg,-38.0,-19.77291837462265
*OC(*)CCC,egc,6.6355,6.64788164560279
*OC(C*)COCCCCCC,tg,-85.5,-74.41291070690146
*c1cc2Oc3c(C(c2cc1)(C)C)ccc(c3)OC(=O)c1cc2c(C(CC2(c2ccc(cc2)C(=O)O*)C)(C)C)cc1,tg,297.0,267.1139646022956
*N(CC*)C(=O)c1ccc(cc1)F,tg,104.0,108.3785484383378
*c1nnc(C2CC3(CC(*)C3)C2)o1,egc,6.0399,6.134381302188226
*C(C*)C(=O)OCCCCCCCCCCCCOC(=O)c1ccc(cc1)OC(=O)c1ccc(cc1)C#N,tg,15.0,12.572246983655036
*CCOCCOC(=O)CCSCCC(=O)O*,egc,5.4283,5.395836945935768
*c1ccc(-c2ccc(*)nc2)cn1,egc,3.5855,3.31307286735724
*[Si](c1c(cccc1)C*)(c1ccccc1)C,tg,93.8,93.07336290922856
*Nc1ccc(C(=S)c2ccc(*)cc2)s1,eps,6.46,6.558727987847304
*OC(C*)CC,tg,-72.01,-45.94500474400126
*N=Cc1ccc(C=Nc2sc(*)c(C#N)c2C#N)cc1,egc,1.5066,1.396602335136809
*CCN(*)C(=O)c1ccc(F)cc1,egc,5.1588,5.090930050011401
*N(CC*)C(=O)c1c(ccc(c1F)F)F,tg,124.0,113.06000977634889
*CCCCCCCCCCCCNC(=O)CCCCCCCCCCCCCCCCCCCCC(=O)N*,egc,5.927,5.855598694879346
*C(=C*)CCCOC(=O)c1c(ccc(c1)c1ccc(cc1)OC)c1ccc(cc1)OC,tg,72.4,93.82215599093166
*CC(*)OC(C)=O,egc,6.8523,6.585156808402211
*Nc1ccc(OC(*)=S)s1,ei,5.6596,5.728043427204299
*N1C(=O)c2c(C1=O)c(ccc2)c1cc2c(C(=O)N(C2=O)c2ccc(cc2)Oc2cc(ccc2)Oc2ccc(cc2)*)cc1,tg,259.0,253.41269194516326
*Oc1ccc(cc1)N1ON1c1ccc(cc1)OCCCCCCOC(=O)C(C(=O)OCCCCCC*)CCCCCBr,tg,7.0,26.20059938253819
*C1(C)CC(*)(C)C(=O)N(C)C1=O,egc,5.3373,5.253653574231058
*C(=O)C(F)(F)NC(*)(F)F,ei,8.5584,8.523809325165196
*C1C(=O)N(C(=O)C1CC*)CCCCCCCCCCCCCCCC,tg,65.6,54.14386519317294
*Nc1cc(*)ccc1N,egc,3.7339,3.633976355697605
*C(=S)c1ccc(C(=S)c2ccc(*)cc2)s1,eps,6.78,6.912822133019526
*CCCCC(=O)NCCCCCCC(=O)NCCC(=O)N*,egc,5.7097,5.911511414441562
*C(=O)c1ccc2c(c1)C(=O)N(c1ccc(C(c3ccccc3)(c3ccc(N4C(=O)c5ccc(*)cc5C4=O)cc3)C(F)(F)F)cc1)C2=O,egc,2.9448,3.068289119519243
*CCCCCCOC(=O)OCCCCCCCCOC(=O)OCCCCCCn1c(=O)c2cc3c(=O)n(*)c(=O)c3cc2c1=O,egc,3.7768,3.7392174173408566
*Nc1ccc(cc1)NC(=O)CCCCCCC(=O)*,tg,138.0,132.44077665273582
*Oc1c(cc(cc1)C1(CC2C(CC1)CCCC2)c1cc(c(cc1)Oc1ccc(cc1)C(=O)c1ccc(cc1)*)C)C,tg,201.0,207.75402071502094
*C(=C(*)Cl)CCCCCCCC,tg,90.0,158.00027764775314
*Oc1ccc(cc1)S(=O)(=O)c1ccc(cc1)Oc1ccc(cc1)C(c1ccc(cc1)OCCCCOc1ccc(cc1)C(c1ccc(cc1)*)(C)C)(C)C,tg,140.0,131.72161030388608
*Oc1ccc(cc1)CC(NC(=O)CCc1ccc(cc1)OC(=O)CCCC(=O)*)C(=O)OCC(C)C,tg,62.0,50.07737323833298
*c1cc2c(C(=O)N(C2=O)c2ccc(cc2)C(c2ccc(cc2)N2C(=O)c3c(C2=O)cc(cc3)C(*)(C(F)(F)F)C(F)(F)F)(C)C)cc1,tg,297.0,280.1488134129721
*c1ccc(-c2ccc3nc(*)cc(-c4ccccc4)c3c2)cc1,egc,2.9209,3.0555265688803797
*OCC(C*)O,tg,17.0,-23.700015494038617
*OP(=O)(Oc1cccc2c(*)cccc12)OC1CCCCC1,egc,4.0777,4.1020315004625445
*N1C(=O)c2c(C1=O)cc(cc2)c1cc2c(C(=O)N(C2=O)c2ccc(cc2)C(=O)Nc2cc(ccc2)S(=O)(=O)c2cc(ccc2)NC(=O)c2ccc(cc2)*)cc1,tg,256.0,244.55079700034238
*Oc1c(cc(cc1)S(=O)(=O)c1cc(c(cc1)Oc1ccc(cc1)C(c1ccc(cc1)*)(C)C)[N+](=O)[O-])[N+](=O)[O-],tg,206.0,183.70503777418776
*c1oc(nn1)c1c(cc(cc1)*)OCCCCCCCC,tg,173.0,176.53832711698666
*c1cc2c(C(=O)N(C2=O)c2ccc(cc2)Oc2c(cc(cc2C)C(c2cc(c(c(c2)C)Oc2ccc(cc2)N2C(=O)c3c(C2=O)cc(cc3)C(=O)*)C)c2c3c(ccc2)cccc3)C)cc1,tg,272.0,285.5569519298982
*Oc1ccc(cc1)Oc1c(cc(cc1)C(=O)c1cc(c(cc1)*)S(=O)(=O)O)S(=O)(=O)O,tg,220.0,232.39792029552584
*CC(C=C1)=CC=C1NC(C=C2)=CC=C2*,egc,4.3854,4.355951588409218
*c1cc2c(C(=O)N(C2=O)c2c(cc(cc2)c2cc(c(cc2)N2C(=O)c3c(C2=O)cc(cc3)C(*)(C(F)(F)F)C(F)(F)F)OCCCCCCOc2ccc(cc2)/C=C/c2ccc(cc2)F)OCCCCCCOc2ccc(cc2)/C=C/c2ccc(cc2)F)cc1,tg,140.0,139.41337781273444
*NC(=O)Oc1ccc(*)s1,eps,4.64,4.605726271066516
*C(C*)(C(=O)OCCS(=O)CC)C,tg,25.0,23.408108419487483
*Oc1ccc(Oc2ccc(*)s2)s1,egb,4.047,4.03400612772499
*c1ccc(*)n1C,egc,2.6193,2.741068671487917
*Oc1c(cc(cc1Cl)C(c1cc(c(c(c1)Cl)OCC(C*)O)Cl)(C)C)Cl,tg,145.0,121.44986347254184
*C(C*)(CC(=O)OC)C(=O)OC12CC3CC(CC(C1)C3)C2,tg,197.0,176.48627331430288
*c1ccc(-c2nnc(-c3cccc(-c4nnc(*)o4)c3)o2)cc1,egc,3.4013,3.312004586465545
*c1cc2c(C(=O)N(C2=O)c2c3c(ccc2)c(ccc3)Oc2ccc(cc2)N2C(=O)c3c(C2=O)cc(cc3)C(=O)Nc2nc(ccc2)NC(=O)*)cc1,tg,293.0,299.7670802337956
*C(=O)OCC1CC1COC(=O)N1CCN(*)CC1,egc,5.9115,6.04601495893066
*Oc1ccc(Oc2ccc(C(=O)c3ccc(*)cc3)cc2)cc1C=O,egc,3.6677,3.387431641905665
*Oc1c(cc(cc1)C(c1cc(c(cc1)OC(=O)CCCCC(=O)*)C)(C)C)C,tg,33.5,62.425663692559624
*CCCCCCCCCc1nc2ccc(-c3ccc4nc(*)oc4c3)cc2o1,egc,4.1522,4.113231632734162
*N1C(=O)C(CC1=O)Nc1ccc(cc1)Cc1ccc(cc1)NC1C(=O)N(C(=O)C1)c1ccc(cc1)Cc1ccc(cc1)*,tg,239.0,228.6092089212352
*CNc1ccc(C(*)=S)s1,nc,2.251,2.262118947880755
*Nc1cc(ccc1)NC(=O)CCCCCCCCC(=O)Nc1ccc(cc1)C(=O)NC(=S)*,tg,265.0,203.42888308727282
*N1C(=O)c2c(C1=O)cc(cc2)Oc1c2c(ccc1)c(ccc2)Oc1cc2c(C(=O)N(C2=O)c2ccc(cc2)C(c2ccc(cc2)*)(C)C)cc1,tg,265.0,264.39473597725373
*c1ccc(Cc2ccccc2-n2c(=O)c3cc4c(=O)n(*)c(=O)c4cc3c2=O)cc1,egc,2.9239,2.8020217988396006
*NC(=S)c1ccc(O*)cc1,eea,2.5935,2.7406090562648866
*CCNC(*)=S,ei,5.3628,5.734441781523769
*c1cc2c(C(=O)N(C2=O)c2c(cc(cc2C)c2cc(c(c(c2)C)N2C(=O)c3c(C2=O)cc(cc3)C(=O)Oc2ccc(cc2)C(c2ccc(cc2)OC(=O)*)(C(F)(F)F)C(F)(F)F)C)C)cc1,tg,335.0,297.08640133615773
*Cc1ccc(-c2ccc(-c3ccc(*)s3)cc2)s1,nc,1.9468,1.9615596467904655
*CCC[Si](C)(C)O[Si](C)(C)CCCn1c(=O)c2cc3c(=O)n(*)c(=O)c3cc2c1=O,egc,3.5354,3.3532251503807555
*CCC(O*)(C(F)(F)F)C(F)(F)F,eea,0.4911,0.8011253229844354
*C(C=C1)=CC=C1C(S2)=CC=C2OC(S3)=CC=C3*,egc,3.0679,3.070391855241453
*Cc1ccc(CC(*)=S)s1,nc,1.8463,1.8784406094859436
*Cc1ccc(OC(*)=S)cc1,eea,2.2773,1.9766088681163154
*c1c([nH]c(n1)c1ccc(cc1)c1[nH]c(c(n1)c1ccc(cc1)Oc1ccc(cc1)C(=O)c1ccc(cc1)Oc1ccc(cc1)C(=O)c1ccc(cc1)Oc1ccc(cc1)*)c1ccccc1)c1ccccc1,tg,245.0,264.6803708284322
*Nc1ccc(C(=S)c2ccc(*)cc2)s1,eea,2.9139,2.975692531711206
*CC(=O)Nc1ccc(*)cc1,eps,4.03,3.878652491450306
*NC(=O)C(=S)c1ccc(*)cc1,nc,2.1735,2.2277208496404857
*C(=O)Nc1ccc(NC(=O)c2ccc3c(c2)C(=O)N(c2ccc(S(=O)(=O)c4ccc(N5C(=O)c6ccc(*)cc6C5=O)cc4)cc2)C3=O)cc1,egc,2.7403,2.882983516972386
*OCCCCONC(*)=O,ei,6.4266,6.493918661077952
*CNc1ccc(C(*)=S)s1,eps,6.19,5.974845400745802
*C=Cc1sc(*)c2c1OC(CCCCCC)CO2,egc,1.0146,1.1230452914809508
*C(C*)(C(=O)OCC1OCCC1)C,tg,105.0,88.86306213583836
*c1nc(nc(n1)N(CCCCCCCCCCN(*)c1ccccc1)c1ccccc1)c1ccccc1,tg,62.0,69.23953228901136
*Oc1ccc(C(=O)OCCCOC(=O)c2ccc(*)cc2)cc1,egc,4.6133,4.508347266938291
*N1C(=O)c2c(C1=O)cc(cc2)NC(=O)Nc1ccc(cc1)c1nc(cc(c1)c1ccc(cc1)c1ccccc1)c1ccc(cc1)NC(=O)Nc1cc2c(C(=O)N(C2=O)c2ccc(cc2)Oc2c(c3c(cc2)cccc3)c2c3c(ccc2Oc2ccc(cc2)*)cccc3)cc1,tg,302.0,286.382004778329
*N1C(=O)c2c(C1=O)c(ccc2)c1cc2c(C(=O)N(C2=O)c2cc(ccc2)C(=O)Nc2ccc(cc2)Oc2ccc(cc2)Oc2ccc(cc2)NC(=O)c2cc(ccc2)*)cc1,tg,268.0,268.84292790710515
*N1C(=O)c2c(C1=O)cc(cc2)[Si](c1cc2c(C(=O)N(C2=O)c2ccc(cc2)Oc2ccc(cc2)S(=O)(=O)c2ccc(cc2)Oc2ccc(cc2)*)cc1)(C)C,tg,238.0,238.45233454555338
*Oc1c(cccc1)C(=O)OC(=O)c1c(cccc1)OC(=O)CCCCCCCCC(=O)*,tg,28.0,26.997315007375153
*Oc1c(cc(cc1C)C(c1cc(c(c(c1)C)OC(=O)c1ccc(cc1)C(=O)*)C)(C)C)C,tg,239.0,213.86801427025702
*c1cc(OCCOCCOC)c(-c2sc(*)c3c2OCCO3)s1,egc,2.2046,1.9127448913179226
*CC(*)C(=O)OC(C)C,egc,6.4162,6.4381083017364
*Nc1ccc(C(=O)C(*)=S)cc1,nc,2.2161,2.2370383077032034
*c1cc2c(C(=O)N(C2=O)c2ccc(cc2)Sc2ccc(cc2)Oc2ccc(cc2)Sc2ccc(cc2)N2C(=O)c3c(C2=O)cc(cc3)C(=O)Nc2ccc(cc2)C2(c3ccccc3c3ccccc23)c2ccc(cc2)NC(=O)*)cc1,tg,273.67,219.9578903826678
*Oc1ccc(cc1)NC(=O)c1cc(ccc1)C(=O)Nc1ccc(cc1)Oc1ccc(cc1)C(c1ccc(cc1)*)(C(F)(F)F)C(F)(F)F,tg,226.25,214.13454350396015
*CCCCCCCCCCOC(=O)C(=O)O*,egc,5.4658,5.268511530671905
*C(=C*)CCCOc1ccc(cc1)OC(=O)c1ccc(cc1)OCCCC,tg,36.0,63.256485189030485
*c1cc2c(C(=O)N(C2=O)c2ccc(cc2)c2sc(c(c2c2ccccc2)c2ccccc2)c2ccc(cc2)N2C(=O)c3c(C2=O)cc(cc3)C(=O)Nc2ccc(cc2)Cc2ccc(cc2)NC(=O)*)cc1,tg,253.0,255.17832095675223
*CCc1ccc(-c2ccc(*)cc2)cc1,egb,3.7492,3.7775534703693476
*c1c(cc(cc1Cl)CC*)Cl,tg,110.0,82.11493061369006
*C1COC2C1OCC2OC(=O)C(NC(=O)CCCCCCCCC(=O)NC(C(=O)O*)CCSC)CCSC,tg,61.0,48.49364879849617
*OC(=S)c1ccc(-c2ccc(*)cc2)cc1,nc,2.0445,2.0167253838964236
*c1cc2c(nc(cn2)c2ccc(cc2)c2nc3c(nc2)cc(cc3)C(=O)*)cc1,tg,318.0,315.6502141606648
*c1ccc(-c2nc3cc(-c4ccc5nc(-c6ccccc6)c(*)nc5c4)ccc3nc2-c2ccccc2)cc1,egc,3.3015,3.0896313991564806
*[Si](C/C=C\C*)(CCCOc1cc2c(cc1)cccc2)C,tg,-1.0,24.52936139717883
*C(C*)(C(=O)OC1CCCC1)C,tg,75.0,70.40153915078649
*CCON*,egc,5.6784,4.730547617422092
*OC(=O)Nc1c(ccc(c1)NC(=O)OCCN(CC*)c1ccc(cc1)C=Cc1cc[n+](cc1)CCCC)C,tg,121.0,93.13202195186216
*Oc1ccc(cc1)Oc1ccc(cc1)C(=O)c1ccc(cc1)NC(=O)c1cc(ccc1)C(=O)Nc1ccc(cc1)C(=O)c1ccc(cc1)*,tg,198.0,209.24741138554978
*Oc1ccc(cc1)c1ccc(cc1)OCCCCCCOC(=O)Nc1c(cc(cc1)NC(=O)OCCCCCC*)C,tg,85.4,71.20502306187815
*NC(=O)Cc1ccc(cc1)CC(=O)NCCCCCCCC*,tg,110.0,84.08889543471247
*Oc1ccc(cc1)OC(=O)c1ccc(cc1)OCC(COC(=O)CCCCC(=O)OCC(C*)O)O,tg,37.0,46.21433646982136
*NC(=O)c1ccc(O*)cc1,eps,4.32,4.343562687042837
*Nc1ccc(cc1)Cc1ccc(cc1)NC(=O)c1cc(cc(c1)NC(=O)c1ccc(cc1)NC(=O)C(CC(C)C)N1C(=O)c2c(C1=O)cccc2)C(=O)*,tg,238.0,245.55947852001742
*c1cc2c(C(=O)N(C2=O)c2ccc(cc2)Oc2ccc(cc2)N2C(=O)c3c(C2=O)cc(cc3)c2c(c(c(c(c2c2ccccc2)c2ccccc2)c2ccc(cc2)Oc2ccc(cc2)c2c(c(c(c(c2c2ccccc2)c2ccccc2)*)c2ccccc2)c2ccccc2)c2ccccc2)c2ccccc2)cc1,tg,329.0,332.9230788150205
*Nc1ccc(-c2ccc(-c3ccc(*)cc3)cc2)cc1,eea,1.5312,1.462523563742711
*C(C=C1)=CC=C1C(S2)=CC=C2C(C=C3)=CC=C3C(S4)=CC=C4*,egc,2.8274,2.3726261280473393
*C=Cc1cc(OCCCCCC)c(*)cc1OC,egc,2.3505,2.4429446856071753
*CC(=S)c1ccc(O*)cc1,egb,2.3706,2.2384405740876456
*C#Cc1cc(OCCCCCC)c(C#Cc2ccc3c(-c4c(O)ccc5cc(*)ccc45)c(O)ccc3c2)cc1OCCCCCC,egc,3.0868,2.7528658900676297
*c1cc2c(cc1OC(=O)COc1ccc3c(c1)oc(=O)cc3)oc(=O)c(c2)C(=O)Nc1ccc(cc1)Oc1ccc(cc1)NC(=O)c1c(=O)oc2c(cc(c(c2)OC(=O)COc2ccc3c(c2)oc(=O)cc3)C*)c1,tg,226.0,226.98236607724382
*c1cc2c(C(=O)N(C2=O)c2ccc(cc2)Oc2ccc(cc2)S(=O)(=O)c2ccc(cc2)Oc2ccc(cc2)N2C(=O)c3c(C2=O)cc(cc3)C(=O)c2cc(cc(c2)c2ccccc2)C(=O)*)cc1,tg,256.5,234.61225437096115
*CCCCCCNC(=O)NCCCNC(=O)N*,egc,5.6415,5.663404429509185
*Oc1cccc2c(OC(=O)Oc3cccc(OC(*)=O)c3)cccc12,egc,4.104,4.217967586387801
*Oc1c(c2c(cc1)cccc2)Sc1c2c(ccc1OCC(=O)Nc1c3c(ccc1)c(ccc3)NC(=O)C*)cccc2,tg,264.0,259.1758321860895
*NC(=S)Nc1ccc(NC(=S)Nc2ccc(Cc3ccc(*)cc3)cc2)cc1,eps,4.55,4.685135846578289
*Oc1ccc(C2(c3ccc(OC(=O)c4ccc(C(*)=O)cc4)cc3)CCC(C(C)(C)C)CC2)cc1,egc,3.1462,3.2996859040410964
*c1ccc2n(c3c(c2c1)cc(cc3)c1c2cc(ccc2c(c2cc(ccc12)C=Cc1ccc(cc1)N(CCCCCC)CCCCCC)*)C=Cc1ccc(cc1)N(CCCCCC)CCCCCC)CCCCCCCC,tg,131.0,151.48961408429054
*NC(=S)c1ccc(O*)s1,egb,2.3899,2.407518557764383
*Oc1ccc(cc1)CC(NC(=O)CCc1ccc(cc1)OC(=O)CCCCCCCCC(=O)*)C(=O)OCC(C)C,tg,33.0,35.71082151499034
*Oc1ccc(cc1)CC(NC(=O)CCc1ccc(cc1)OC(=O)CCC(=O)*)C(=O)OCCOCCOCC,tg,34.0,39.20973445612674
*OC(F)(F)CC(*)(F)F,egb,10.0451,9.19634629893778
*OC(F)(F)COC(=O)c1cccc(C(=O)OCC(*)(F)F)c1,egc,4.7299,4.907706138658932
*C(=C(*)c1ccccc1)c1ccc(cc1)Oc1ccccc1,tg,200.0,206.13712846279049
*OC(=O)Nc1c(ccc(c1)NC(=O)OCCN(CC*)c1ccc(cc1)N=Nc1c(cc(cc1)[N+](=O)[O-])C)C,tg,137.0,125.33629562531704
*Cc1ccc(Cc2ccc(*)cc2)cc1,eps,3.41,3.4592111125038656
*CCCCCCCCCCCCCCCC(=O)O*,egc,6.7798,6.800303559055654
*C=CC(C(=O)OC)C(*)c1ccccc1,egc,4.9911,4.8787099199208495
*c1cc2c(C(=O)N(C2=O)c2c(ccc(c2)N2C(=O)c3c(C2=O)cc(cc3)C(=O)Nc2c(cc(cc2CC)Cc2cc(c(c(c2)CC)NC(=O)*)CC)CC)N=Nc2ccc(cc2)C)cc1,tg,269.0,261.9135610871046
*CC(F)(F)C(F)(F)C(F)(F)COC(=O)NCC(F)(F)C(F)(F)C(F)(F)C(F)(F)CNC(=O)O*,egc,6.897,6.8570192444929035
*NC(=O)CCCCCC(=O)NCC(CCC*)(C)C,tg,70.5,68.22002133230338
*C(=O)c1ccc(-c2ccc(C(*)=S)s2)cc1,nc,2.244,2.2601172254004687
*N1C(=O)C2C(C1=O)C(Cc1ccccc21)C1C(=O)N(C(=O)C1)c1cc(cc(c1)C(=O)OCCC)*,tg,249.43,250.57456393965427
*c1nc2cc3sc(-c4cc(OCCCC)c(*)cc4OCCCC)nc3cc2s1,egc,3.1607,2.979346019698522
*OC(F)(F)C(=O)C(*)(F)F,eea,3.6501,2.8383750092046522
*N1C(=O)c2c(C1=O)cc(cc2)Oc1cc2c(cc1Oc1cc3c(C(=O)N(C3=O)c3ccc(cc3)Oc3cc4c(cc3Oc3ccc(cc3)*)cccc4)cc1)cccc2,tg,222.0,219.9022031995005
*CNc1ccc(N*)s1,nc,1.8551,1.8799876300301854
*Oc1c(cc(cc1C)*)C(CCC)C,tg,100.0,112.04233238185076
*C(=C(*)C)SCCCCCC,tg,110.0,125.60557814493794
*C(C*)c1c(cccc1)COCCCC,tg,67.0,59.70741550575788
*N=P(*)(OCC=Cc1ccccc1)OCC=Cc1ccccc1,tg,1.0,-7.013229403558903
*CC(OC=O)C(COC(=O)O*)OC=O,egc,7.0946,6.786776466463696
*N1C(=O)c2c(C1=O)c(ccc2)c1cc2c(C(=O)N(C2=O)c2cc(ccc2)OCCCCCCCCCCOc2cc(ccc2)*)cc1,tg,127.0,138.3867335887847
*NC(=O)C=CC(=O)Nc1nc(*)nc(N)n1,egc,3.896,3.8915192139118178
*Oc1c(cc(cc1Br)C1(C2CCC(C1)C2)c1cc(c(c(c1)Br)OC(=O)*)Br)Br,tg,283.0,261.6447626950861
*Oc1ccc(NC(=O)c2ccc(Oc3ccc(C(=O)Nc4ccc(*)cc4)c(C(=O)O)c3)cc2C(=O)O)cc1,egc,3.3446,3.1040822572734337
*c1c([nH]c(n1)c1cc(ccc1)c1[nH]c(c(n1)c1ccc(cc1)Oc1ccc(cc1)C(=O)c1ccc(cc1)C(=O)c1ccc(cc1)Oc1ccc(cc1)*)c1ccccc1)c1ccccc1,tg,270.0,272.33031058309
*OC(=O)c1cc2c(cc1)cc(cc2)C(=O)OCCCC*,tg,65.5,95.75318832117664
*CCCCCCCCCCCC(=O)N(*)C,egc,5.8019,5.6752326214370195
*c8ccc(C7(c5ccc(n4c(=O)c3ccc(Oc2ccc1c(=O)n(*)c(=O)c1c2)cc3c4=O)cc5)OC(=O)c6ccccc67)cc8,egc,3.3847,3.3844230946715594
*c1ccc(-c2ccc(-c3ccc(-c4ccc(*)s4)cc3)cc2)cc1,eps,5.39,6.120362518422432
*SCC*,tg,-5.5,-72.8518881511787
*CCCC(=S)*,egc,3.3942,2.8104510482640164
*OC(=O)C(=O)OCCCCCC*,tg,66.5,83.69764216452995
*C(=O)Nc1ccc(C2(c3ccc(N4C(=O)c5ccc(*)cc5C4=O)cc3)CCCCC2)cc1,egc,2.8477,3.0049147694679004
*OC(=O)CC(=O)OCCOCC*,tg,-41.5,-51.67934794560296
*CCNc1ccc(*)s1,egb,3.793,3.921815323508753
*CC(C)(CC)COC(=O)CCCCCCCCC(=O)O*,egc,6.7916,6.739680321302112
*CCCCCCCCCCOC(=O)CC(=O)O*,egc,6.9598,6.766379782996447
*CC#CCOC(=O)CCCCCCCCCCC(=O)O*,egc,6.5433,6.318210305452163
*NC(=O)CCCCCCCCCCCCCCCCC(=O)NCCc1ccc(cc1)CC*,tg,75.0,81.29644429107842
*Oc1ccc(cc1)CC(NC(=O)CCc1ccc(cc1)OC(=O)CCCC(=O)*)C(=O)OCCCCCCCCCCCC,tg,27.5,23.982571523496958
*C#Cc1c(F)c(F)c(C#Cc2cc(CCCCCC)c(*)s2)c(F)c1F,egc,2.8156,2.757565985197009
*c1cc2c(C(=O)N(C2=O)c2cc(ccc2)C(c2cc(ccc2)N2C(=O)c3c(C2=O)cc(cc3)C(=O)*)O)cc1,tg,273.0,274.4998263964074
*C(C*)(C(=O)OCCCCCCOc1ccc(cc1)OC(=O)c1ccc(cc1)c1ccc(cc1)OC)C,tg,57.0,82.12958850446375
*CC(*)c1ccc(CCCCCC)cc1,egc,4.9872,4.965298112612035
*Cc1ccc(C(=O)N*)cc1,egc,5.0419,4.997669820650037
*C(C*)OC(=O)C(Cl)(Cl)Cl,tg,59.0,72.07146754743229
*C1COC2C1OCC2OC(=O)OCC1OC(OC1COC(=O)O*)(C)C,tg,95.5,107.54024932241597
*C(C*)c1ccc(cc1)C(=O)N1CCOCC1,tg,127.0,122.96470443001631
*C(C*)C(=O)c1ccccc1,tg,57.25,77.42724116264567
*C=C(*)c1cccc[n+]1CC#C,egc,0.3201,0.4151264169222859
*OC(=O)C(C(=O)OCCOCC*)CCCCCCC,tg,-58.0,-24.952180654752162
*Nc1nc(Nn2c(=O)c3cc4c(=O)n(*)c(=O)c4cc3c2=O)nc(N(CC)CC)n1,egc,2.6124,2.6652591595602932
*N1C(=O)c2c(C1=O)cc(cc2)NC(=O)OCCOc1ccc(cc1)C(c1ccc(cc1)OCCOC(=O)Nc1cc2c(C(=O)N(C2=O)c2cc(ccc2)P(=O)(c2cc(ccc2)*)C)cc1)(C)C,tg,211.0,208.32684188542075
*Nc1ccc(*)nc1,egc,3.2295,3.4895909823881337
*CC(*)OCCCl,egc,6.0339,6.23770351948246
*NC(=S)NC(=S)*,egc,2.8537,2.899702026320616
*COC(=O)O*,eps,3.73,4.004027645407492
*NC(=O)CCCCC(=O)NCCCP(CCC*)c1ccccc1,tg,49.0,81.44516051381012
*c1cc2c(C(=O)N(C2=O)C2C(=O)N(C(=O)C2)c2c3c(ccc2)cccc3NC(=O)*)cc1,tg,193.0,186.93013102849702
*NC(=O)CCCCCCCCCCCCCCCCC(=O)NCCCCCCCC*,tg,36.0,48.0154894247377
*C(=O)c1ccc(C(=S)c2ccc(*)s2)s1,eps,6.22,6.426199920194719
*N1C(=O)c2c(C1=O)c(ccc2)Oc1ccc(cc1)Sc1ccc(cc1)Oc1c2c(C(=O)N(C2=O)c2ccc(cc2)Oc2cc(ccc2)Oc2ccc(cc2)*)ccc1,tg,202.0,204.33090221818668
*CCCCOc1ccc(C=C2CCC(=Cc3ccc(O*)cc3)C2=O)cc1,egc,2.9446,2.9502663361957198
*c1c(F)c(F)c(*)c(F)c1F,egc,5.4728,5.4592546390997505
*Nc1ccc(cc1)Cc1ccc(cc1)NC(=O)c1cc(cc(c1)NC(=O)c1ccncc1)C(=O)*,tg,302.0,285.5370367810757
*Oc1c(cc(cc1)C1(C2CCC(C1)C2)c1cc(c(cc1)OC(=O)*)C)C,tg,161.0,185.73826790892025
*c1cc2c(C(=O)N(C2=O)c2ccc(cc2)C(c2ccc(cc2)N2C(=O)c3c(C2=O)cc(cc3)C(*)(C(F)(F)F)C(F)(F)F)(C(F)(F)F)C(F)(F)F)cc1,tg,312.22,305.8115207219175
*N1C(=O)c2c(C1=O)cc(cc2)C(=O)Oc1ccc(cc1)OC(=O)CCCC*,tg,89.32,81.3622153313724
*C(C*)c1nc(nc(n1)C)C,tg,70.0,68.92607653797903
*CC1CCC(COC(=O)NCCSCCCSCCNC(=O)O*)CC1,egc,5.5784,5.547095679691856
*OC(=O)c1c(ccc(c1)N=Nc1ccc(cc1)OCC)c1c(cc(cc1)N=Nc1ccc(cc1)OCC)C(=O)OCCOCCOCC*,tg,65.0,68.08352496874542
*c1cc2C(c3c(c2cc1)ccc(c3)C=Cc1cc2C(c3c(c2cc1)ccc(c3)C=C*)(CCCCCCOc1ccc2c(c1)oc(=O)cc2)CCCCCCOc1ccc2c(c1)oc(=O)cc2)(CCCCCC)CCCCCC,tg,115.0,117.86480972218914
*Oc1ccc(cc1)NC(=C(C#N)C#N)c1ccc(cc1)C(=C(C#N)C#N)Nc1ccc(cc1)*,tg,274.0,257.1096387176501
*Nc1ccc(cc1)NC(=O)Cc1c(cc(c(c1)CC(=O)*)C)C,tg,208.0,215.27136249786489
*Nc1c(ccc(c1)NC(=O)c1cc(cc(c1)NC(=O)C(C(CC)C)N1C(=O)c2c(C1=O)cccc2)C(=O)*)C,tg,166.0,156.63976648427376
*CCCCCCCCCCCC(=O)O*,egc,6.7916,6.815669980815209
*C(=C*)c1c(cc(cc1C)C(C)(C)C)C,tg,200.0,192.40039646369402
*OC(C=C)CC(*)=O,egc,6.1885,5.955710194597908
*CC(*)CCCC1CCCCC1,egc,6.3703,6.461929294106701
*Oc1ccc(-c2ccc(OC(=O)CCCCCCCCC(*)=O)cc2)cc1,egc,4.5699,4.392321877434108
*c1[nH]c(nc1c1ccc(cc1)Oc1ccc(cc1)C(=O)c1ccc(cc1)c1ccc(cc1)C(=O)c1ccc(cc1)Oc1ccc(cc1)*)c1ccccc1,tg,258.0,248.17095084921345
*c1ccc2c3n(c4ccc(cc4n3)Oc3cc4n5c(nc4cc3)c3cccc4c(ccc(c5=O)c34)Oc3ccc(cc3)S(=O)(=O)c3ccc(cc3)O*)c(=O)c3cccc1c23,tg,374.0,398.2557437301798
*NNC(=O)CCCCC(*)=O,egc,5.6711,5.8663174729972045
*NC(=S)c1ccc(O*)cc1,eps,4.57,4.720741362870569
*C(C*)P(=O)(c1ccccc1)c1ccccc1,tg,127.5,115.51829461783889
*c1oc(nn1)c1ccc(cc1)NC(=O)c1cc(cc(c1)N1C(=O)c2c(C1=O)cccc2)*,tg,324.0,325.3548648930315
*O[Si](O[Si](O[Si](O[Si](c1ccc(cc1)[Si](*)(C)C)(C)C)(C)C)(C)C)(C)C,tg,-72.0,-71.73382220259316
*Oc1ccc(C(c2ccccc2)(c2ccccc2)c2ccc(OC(=O)CCCCCCCCC(*)=O)cc2)cc1,egc,4.7541,4.6304147992742735
*C(C*)(CC(=O)OCCc1ccccc1)C(=O)OCCc1ccccc1,tg,35.0,27.256817144375916
*Oc1ccc(OC(*)=O)s1,nc,1.8728,1.8820001812912155
*Cc1ccc(-c2ccc(N*)cc2)cc1,eea,1.1363,1.209414926220707
*Sc1ccc(cc1)Nc1ccc(cc1)*,tg,145.0,125.27469524137713
*N=P(*)(Oc1ccc(cc1)C(C)C)Oc1ccc(cc1)C(C)C,tg,0.0,20.311939247928564
*C(C*)c1ccc(cc1)C(=NO)C,tg,134.0,130.2207861135362
*OC(=O)CCCCCCCCC(=O)OC/C=C\C*,tg,-41.0,-8.619466386311863
*c1c2C(=O)N(C(=O)c2c(c2ccccc12)c1ccc(cc1)Oc1ccc(cc1)S(=O)(=O)c1ccc(cc1)Oc1ccc(cc1)*)c1c(cccc1)c1ccccc1,tg,278.0,286.50104771246635
*Cc1ccc(Nc2ccc(*)s2)cc1,ei,5.4067,5.3043956127752505
*Oc1cc(ccc1)C(C(C(c1cc(ccc1)OC(=O)c1cc(ccc1)C(C(C(c1cc(ccc1)C(=O)*)(F)F)(F)F)(F)F)(F)F)(F)F)(F)F,tg,74.0,50.73335165625074
*C(C(CCCCCC*)Cl)Cl,tg,-18.0,-30.418916959616656
*[Si](CC=CC*)(C=C)C=C,tg,-65.0,17.40871658213378
*C1COC2C1OCC2OC(=O)OCCCCCCCCOC(=O)O*,tg,19.5,17.91343339557127
*Oc1ccc(cc1)c1ccc(cc1)OC(*)(Oc1ccccc1)Oc1ccccc1,tg,112.0,107.89011798425601
*CC(CO*)(CSCC)CSCC,egc,4.7171,4.617133867184627
*OC(F)(F)NC(*)(F)F,eps,4.04,3.9440562081642834
*CC(*)C,ei,6.185,6.865503751380082
*Oc1c(cc(cc1C)C(c1cc(c(c(c1)C)OC(=O)*)C)(C)C)C,tg,193.62,177.18924378681896
*CC(=O)c1ccc(C(*)=O)s1,eea,3.1941,2.901844868802666
*Oc1ccc(cc1)C(c1ccc(cc1)OC(=O)*)C(C)C,tg,149.0,143.432138277247
*C(=S)C(=O)C(F)(F)C(*)(F)F,ei,7.0732,7.120057825916383
*C(=O)c1ccc(-c2ccc(-c3ccc(*)cc3)cc2)cc1,eps,4.43,4.784578512619871
*N1C(=O)c2c(C1=O)cc(cc2)Oc1cc(ccc1)Oc1cc2c(C(=O)N(C2=O)c2ccc(cc2)Oc2ccc(cc2)C(=O)c2ccc(cc2)Oc2ccc(cc2)*)cc1,tg,201.0,189.78843594695326
*Nc1cc(ccc1)NC(=O)Nc1ccc(cc1)Cc1ccc(cc1)NC(=O)*,tg,132.0,158.6065986082353
*C(C*)(CC(=O)Oc1ccc(cc1)OCCCCC)C(=O)Oc1ccc(cc1)OCCCCC,tg,73.5,97.47704741780962
*Oc1c(c(c(c(c1F)F)S(=O)(=O)c1c(c(c(c(c1F)F)Oc1ccc(cc1)C(c1ccc(cc1)*)(C(F)(F)F)C(F)(F)F)F)F)F)F,tg,182.0,190.43138699321585
*C1=CC2=CC(*)=NC2=N1,egc,1.0627,0.9231711444811507
*c1cc2c(C(=O)N(C2=O)c2c(cc(cc2C)c2c(cc(c(c2)C)c2cc(c(c(c2)C)N2C(=O)c3c(C2=O)cc(cc3)C(*)(C(F)(F)F)C(F)(F)F)C)C)C)cc1,tg,361.0,356.31296421086284
*OC1C(CO)OC(*)C(O)C1O,egb,7.4757,6.67522269908664
*C(=O)c1ccc(-c2ccc(-c3ccc(*)s3)s2)cc1,eea,2.775,2.8794142317167295
*Nc1ccc(Oc2ccc(*)cc2)cc1,ei,4.8032,5.0935219838970385
*Cc1ccc(-c2ccc(-c3ccc(*)s3)cc2)s1,eps,3.91,4.240104632588384
*c1sc(nn1)c1ccc(cc1)OCCCCCCCCCCCOC(=O)CCCCCCCCC(=O)OCCCCCCCCCCCOc1ccc(cc1)*,tg,52.0,54.54107932380053
*C(C*)(C(=O)OCCCCCCCCCCCn1c2ccccc2c2ccccc12)C,tg,6.0,27.673526950552176
*C(=O)c1ccc(C(=O)C(*)=S)cc1,eea,3.783,3.9510506023593193
*CCCCCOCO*,nc,1.6043,1.6114384938136581
*Oc1ccc(cc1)Oc1ccc(cc1)C(=O)c1ccc(cc1)NC(=O)c1ccc(cc1)C(=O)Nc1ccc(cc1)C(=O)c1ccc(cc1)*,tg,224.0,212.173612137558
*Oc1cc(ccc1)NC(=O)c1ccc(cc1)C(=O)Nc1ccc(cc1)*,tg,280.0,249.15852917919742
*N1C(=O)c2c(C1=O)cc(cc2)Oc1cc2c(C(=O)N(C2=O)c2ccc(cc2)Oc2cc3c(cc2Oc2ccc(cc2)*)cccc3)cc1,tg,254.17,243.0972818508312
*Oc1ccc(cc1)Oc1ccc(cc1)NC(=O)c1ccc(cc1)Oc1c(cc(cc1)Oc1ccc(cc1)C(=O)Nc1ccc(cc1)*)C,tg,200.0,220.1269954098481
*Oc1ccc(cc1)S(=O)(=O)c1ccc(cc1)Oc1ccc(cc1)C(c1ccc(cc1)*)c1c(cccc1)C(=O)O,tg,223.0,250.7637939624155
*OC(=O)c1cc(ccc1)C(=O)*,tg,130.0,143.91043559225727
*C1OC(C(C(C1O)O)O*)CO,tg,144.0,109.33622358448648
*C(C*)(C(=O)OCCN(c1ccc(cc1)N=Nc1ccc(cc1)C#N)CC)C,tg,116.25,112.21029331222961
*Oc1ccc(-c2ccc(-c3ccc(*)s3)s2)s1,nc,2.2729,2.2564814126086086
*Oc1ccc(cc1)OC(=O)c1c(cc(cc1)C(=O)*)Oc1ccc(cc1)C1CCCCC1,tg,113.0,115.26250180606104
*Oc1c(cc(cc1)C(c1cc(c(cc1)OC(=O)c1ccc(cc1)C(=O)*)C(C)C)(C)C)C(C)C,tg,130.0,127.31964041063655
*NNC(=O)c1c(cc(cc1)C(=O)*)OCCCCC,tg,234.0,201.65029330671356
*CCCCCCCCCCOCCCCCCCCCCOCCCCCCO*,egc,6.1357,5.940915630822583
*N1C(=O)C(=C(C1=O)c1ccccc1)c1ccc(cc1)C1=C(C(=O)N(C1=O)c1ccc(cc1)Oc1ccc(cc1)Oc1ccc(cc1)*)c1ccccc1,tg,249.0,265.2399813006741
*Oc1c(cc(cc1)Oc1ccc(cc1)C(=O)Nc1ccc(cc1)Oc1ccc(cc1)S(=O)(=O)c1ccc(cc1)Oc1ccc(cc1)NC(=O)c1ccc(cc1)*)c1ccccc1,tg,231.0,228.93019976038278
*OP(=O)(Oc1ccc(cc1)S(=O)(=O)c1ccc(cc1)*)Oc1ccc(cc1)C,tg,66.0,53.755885547182444
*C(C*)c1ccccc1,tg,92.74,80.26490886021502
*c1ccc(cc1)c1c(cc(c(c1c1ccccc1)c1ccccc1)c1ccc(cc1)c1c(c(c(c(c1)c1ccccc1)c1ccc(cc1)CCCCCCCCCCCCCC*)c1ccccc1)c1ccccc1)c1ccccc1,tg,185.0,230.92755497644936
*C(C*)(C(=O)OC)C#N,tg,130.0,102.28703375187388
*CCCCCCCc1nnc(*)o1,egc,6.3125,6.39248479337402
*Nc1ccc(*)cc1C(C)CC,egc,3.553,3.5782603437301166
*CC(*)C,eps,2.61,3.1774560489929025
*Nc1cc(cc(c1)C(=O)Nc1c2C(=O)c3c(C(=O)c2ccc1)cccc3)NC(=O)Nc1ccc(cc1)Cc1ccc(cc1)NC(=O)*,tg,178.0,181.1691188349259
*Nc1ccc(NC(=O)NC(=O)NC(*)=O)s1,egb,3.2632,3.262791555019875
*N1C(=O)c2c(C1=O)cc(cc2)[Si](O[Si](c1cc2c(C(=O)N(C2=O)c2cc(ccc2)Cc2cc(ccc2)*)cc1)(C)C)(C)C,tg,217.0,207.87846665770596
*N1C(=O)c2c(C1=O)c(ccc2)Oc1c(cc(cc1C)Cc1cc(c(c(c1)C)Oc1c2c(C(=O)N(C2=O)c2ccc(cc2)Oc2ccc(cc2)c2ccc(cc2)Oc2ccc(cc2)*)ccc1)C)C,tg,259.0,267.74580396606166
*Oc1ccc(cc1)C(=O)OCCCCCCCOC(=O)c1ccc(cc1)OC(=O)c1ccc(cc1)C(=O)*,tg,65.0,67.05146771146765
*c1ccc(C(=O)C(F)(F)C(*)(F)F)s1,eps,3.93,4.217228885687981
*CCC(C)CO*,egc,6.1714,5.985723928443828
*CCCc1ccc(*)cc1,eea,0.9937,1.193348556061152
*CCC([2H])C(*)([2H])C,egc,6.8414,6.7816089656827625
*Oc1ccc(C(=S)c2ccc(*)cc2)cc1,eea,3.1315,3.1636619236504555
*C(C*)C(=O)OCCN(C)C,tg,-39.0,-36.03505129958764
*C(C*)c1ccc(cc1)c1c2ccccc2cc2ccccc12,tg,270.0,241.27548238200706
*Oc1cc(c(cc1)N=Cc1ccc(cc1)C=Nc1c(cc(cc1)OCCCCCCCCCC*)C)C,tg,77.6,56.86137256968107
*N(CC(C*)O)c1ccc(cc1)N=Nc1c(cc(cc1)[N+](=O)[O-])C,tg,156.0,152.19166664776918
*NC(=O)C(C(C(=O)NCCCCCCCCC*)OC)OC,tg,84.0,87.83290364154983
*C(=C*)C(C)(C)C,tg,200.0,106.54751556500504
*CCCCOC(=O)NCCSCCSCCNC(=O)O*,egc,5.7445,5.381843669487661
*Nc1ccc(-c2ccc(NC3=CC(=O)C(*)=CC3=O)cc2)cc1,egc,2.1114,2.123991241123604
*CNC(=O)ONC(=O)NO*,egb,5.9707,5.87304341295934
*N1C(=O)c2c(C1=O)cc(cc2)Oc1cc2c(C(=O)N(C2=O)c2cc(ccc2)Oc2cc(ccc2)Oc2cc(ccc2)*)cc1,tg,189.33,208.22797717804374
*C(C*)(C(=O)OCCc1ccc(cc1)N=Nc1ccccc1)C,tg,80.0,107.46543788264628
*C(=O)c1ccc(-c2ccc(C(*)=S)cc2)cc1,ei,6.1599,6.1897428897399305
*Oc1c(cc(cc1)OC(=O)c1c(cc(cc1)C(=O)*)Sc1ccccc1)c1ccccc1,tg,130.0,141.6009686823557
*OC(COC(=O)c1cc(ccc1)C(=O)*)COc1ccc(cc1)N=Nc1ccc(cc1)C#N,tg,119.0,122.70855511164848
*Nc1ccc(Br)cc1-c1ccc(NC(=O)c2ccc(C(*)=O)cc2)cc1,egc,3.4431,3.4587256451362682
*N(CC(C*)O)c1cc(c(c(c1)C)N=Nc1ccc(cc1)Cl)C,tg,150.0,150.27053475183934
*[Si](CCC*)(O[Si](CCCOc1ccc(cc1)C(=O)Oc1ccc(cc1)c1ccc(cc1)C#N)(C)C)C,tg,10.1,24.739664438411996
*c1c(nc2c(n1)cc(cc2)S(=O)(=O)c1cc2c(nc(c(n2)c2ccc(cc2)Oc2ccc(cc2)*)c2ccccc2)cc1)c1ccccc1,tg,271.0,292.11562243070983
*c1cc2c(s1)-c1sc(*)cc1C2CCCCCCN,egc,2.6725,2.7579506185437714
*c1cc(CCN(CC)c2ccc(N=Nc3ccc(C=C(C#N)C#N)cc3)cc2)c(*)s1,egc,1.3795,1.5700601145578736
*C(C*)(C(=O)OCc1c(cc(cc1)F)F)C,tg,46.0,35.97933872177751
*c1cc(*)cc(C23CC4CC(CC(C4)C2)C3)c1,egc,4.4178,4.408947979499548
*C=CC1=C(O)C(O)=C(*)C1,egc,1.3796,1.9301810680028229
*C(*)(F)F,egc,7.2027,7.170591540406002
*ON(C(F)(F)F)C(F)(F)C(*)(F)F,egc,7.1742,7.606151592683556
*OC1CCC(OC(=O)OCCCCCOC(*)=O)CC1,egc,7.0367,7.057344483962048
*OCCCCSSCCCC*,tg,-76.0,-70.11219006014169
*NC(=O)C(=S)c1ccc(*)s1,eea,3.9034,4.218439153994982
*Nc1ccc(cc1)Cc1ccc(cc1)NC(=O)c1cc(cc(c1)N1C(=O)C=CC1=O)C(=O)*,tg,287.0,282.0071408019862
*C(C*)(C(=O)OCCCCCC(=O)Oc1ccc(cc1)OC(=O)c1ccc(cc1)OCCCC)C,tg,40.0,37.990636166906
*CCCCCCCCCCCCCCCCCCCCOC(=O)CCCCSCCCCC(=O)O*,egc,5.0235,5.070408530991919
*OC(COC(=O)c1cc(cc(c1)C(C)(C)C)C(=O)*)COc1ccc(cc1)N=Nc1ccc(cc1)C#N,tg,137.0,135.45611178834585
*N1C(=O)c2c(C1=O)cc(cc2)c1cc2c(C(=O)N(C2=O)c2ccc(cc2)*)cc1,tg,372.08,360.6208265935325
*C(C*)(C(=O)OCCC(C(C(C(F)(F)F)(F)F)(F)F)(F)F)C,tg,23.0,32.44569226048217
*Oc1ccc(cc1)C(=Nc1ccc(cc1)N=C(c1ccc(cc1)Oc1ccc(cc1)C(c1ccc(cc1)*)(C)C)c1ccccc1)c1ccccc1,tg,161.0,169.63271143447045
*Oc1cc(ccc1)OCC(COc1ccc(cc1)S(=O)(=O)c1ccc(cc1)OCC(C*)O)O,tg,105.0,104.82849126245515
*c1ccc(OC(=S)c2ccc(*)s2)cc1,ei,5.9615,6.057450255135918
*CC(=S)c1ccc(O*)s1,eps,5.64,5.505701672803651
*C=CC1CC(*)C2C(=O)N(c3cccc(C)c3)C(=O)C12,egc,4.9512,5.190174484072459
*Oc1ccc(cc1)S(=O)(=O)c1ccc(cc1)Oc1ccc(cc1)C(c1ccc(cc1)*)(c1ccc(cc1)O)C,tg,219.29,217.71495113289762
*CNc1ccc(N*)cc1,nc,1.8632,1.8756910393105184
*c1cc2c(s1)-c1sc(*)cc1C2(CCCCCC)CCCCCC[N+](C)(C)C,egc,0.0751,0.3993994517871137
*C(=O)C1CC(OC(C)=O)CN1*,egc,4.1614,4.219012132245441
*C(C*)C(=O)OCC(COC(=O)c1ccccc1)(COC(=O)c1ccccc1)COC(=O)c1ccccc1,tg,48.0,37.15300107271645
*C(=O)OC1CCC(OC(=O)N2CCN(*)CC2)CC1,egc,5.8355,5.96781194854826
*Nc1ccc(Cc2ccc(NC(=O)c3cc(C(*)=O)cc(N4C(=O)C=CC4=O)c3)cc2)cc1,egc,2.1937,2.6201380619450534
*C(=O)c1ccc2nc(-c3ccccc3)c(-c3ccc(-c4nc5ccc(*)cc5nc4-c4ccccc4)cc3)nc2c1,egc,3.1886,3.2063492591701794
*C1C(=O)OC(=O)C1C(C*)OCC,tg,146.0,155.80627524061475
*CC(*)C(=O)OCC(F)(F)C(F)C(F)(F)F,egc,6.8499,6.613847135776761
*CC(=O)c1ccc(-c2ccc(*)cc2)cc1,egb,3.0649,3.1520601722274506
*N1C(=O)c2c(C1=O)cc(cc2)Oc1c(cc(cc1C)C(c1cc(c(c(c1)C)Oc1cc2c(C(=O)N(C2=O)c2ccc(cc2)Oc2c(cc(cc2)Oc2ccc(cc2)*)C(C)(C)C)cc1)C)(C)C)C,tg,244.0,249.47517101058614
*CCCCCCCOC(=O)NCCCCCCNC(=O)O*,egc,6.2664,6.298756456290475
*Nc1ccc(-c2ccc(C(*)=S)cc2)s1,egb,2.3796,2.184016333825522
*C(C*)(C(=O)OCCn1c2ccccc2c2ccccc12)C,tg,145.33,119.61721159222553
*CC(*)(C)C(=O)OCCCCn1c2ccccc2c2ccccc21,egc,3.7637,3.6656994973827763
*C1C(C(C(C1)(O)C(F)(F)F)(F)F)(C(C*)(F)F)F,tg,152.0,96.61376218142613
*Oc1c(c(c(c(c1F)F)COC(c1cc(ccc1)C(OCc1c(c(c(c(c1F)F)Oc1ccc(cc1)Cc1ccc(cc1)*)F)F)(C(F)(F)F)C(F)(F)F)(C(F)(F)F)C(F)(F)F)F)F,tg,94.0,69.84777669260268
*OC1CCC(CC1)OC(=O)CCCCC(=O)*,tg,77.8,78.24549678791253
*COc1ccc(C(=O)OC(=O)c2ccc(O*)cc2)cc1,egc,4.3746,4.410115066457709
*N1C(=O)c2c(C1=O)cc(cc2)S(=O)(=O)c1cc2c(C(=O)N(C2=O)CCCCCCOC(=O)CCCCCCCCC(=O)OCCCCCC*)cc1,tg,72.0,39.53831379844462
*C(C*)C(=O)OCC(C(C(C(F)(F)F)(F)F)(F)F)(F)F,tg,-37.0,-34.97591687246599
*SCCCCC(=O)NCc1ccc(cc1)CNC(=O)CCCC*,tg,70.0,59.5578832429524
*Nc6ccc(c5ccc(NC(=O)c4ccc(C3(c1ccc(C(*)=O)cc1)OC(=O)c2ccccc23)cc4)cc5)cc6,egc,3.2864,3.4300978432049116
*CCCP(CCCNC(=O)CCCCC(=O)N*)CC(C)C,egc,5.1348,5.085501571746647
*Nc1ccc(NC(=S)NC(=O)c2cccc(C(=O)NC(*)=S)c2)cc1,egc,3.3129,3.0886191423630533
*C(=O)c1ccc2nc(-c3ccccc3)c(-c3ccc(-c4nc5cc(*)ccc5nc4-c4ccccc4)cc3)nc2c1,egc,3.2924,3.1326644338483787
*CCC1CC(*)C2CCCC12,egb,7.4997,7.244610953457918
*CNC(=O)C(*)=S,eea,4.0732,3.5166416096485915
*c1cc2c(C(=O)N(C2=O)c2cc(ccc2)P(=O)(c2cc(ccc2)N2C(=O)c3c(C2=O)cc(cc3)C(*)(C(F)(F)F)C(F)(F)F)c2ccc(cc2)Oc2ccc(cc2)C23CC4CC(CC(C2)C4)C3)cc1,tg,298.0,286.5749855067096
*c1ccc(cc1)C(C(*)(C(=O)OCC(C)C)C#N)(C(=O)OCC(C)C)C#N,tg,108.0,111.48143003624762
*C(C*)(c1ccc(cc1)C#N)C,tg,238.75,194.1474744686716
*c1ccc2c(c1)c1cc(*)ccc1n2CC1CO1,egc,3.2508,3.0675990482368287
*c1cc(SCCCCCC)c(*)s1,egc,1.6201,1.7780965200641141
*NC(CSSCc1ccccc1)C(*)=O,egc,4.9511,4.758015769943198
*NC(=O)NC(*)=S,ei,7.159,7.128719999220176
*OP(=O)(OCCCCOc1c(cc(cc1)C=C1C(=O)C(=Cc2cc(c(cc2)OCCCC*)OC)CC1)OC)OCC,tg,79.0,92.25280543373543
*Sc1ccc(*)cc1,egb,3.1848,3.1007542065658664
*NOC(=O)NCC(=O)NC(*)=O,ei,8.0693,7.77152699186074
*C(C*)(C(=O)NC(=O)OC(COc1ccc(cc1)S(=O)(=O)c1ccc(cc1)OCC(O)C)C)C,tg,73.0,67.72606355077006
*CCCCCCNC(=O)CCP(=O)(CCC(=O)N*)c1ccccc1,egc,4.8862,4.880821931736086
*[Si](CCC*)(CCC[Si](C)(C)C)C,tg,-46.0,2.028986250260167
*CNCCCOCO*,eps,3.54,3.221243979497958
*[Si](CCC*)(C[Si](c1ccccc1)(C)C)C[Si](c1ccccc1)(C)C,tg,-36.0,-0.6480766354117004
*Cc1ccc(C(=O)O*)cc1,nc,1.8426,1.8206131069499407
*c1sc(*)c2c1OCC(CCCCCCCCCCCC)O2,egc,1.9291,2.2332592990373974
*OCC(F)(F)C(*)(F)F,ei,9.8385,9.802467371011325
*N1C(=O)c2c(C1=O)c(c(c(c2c1ccccc1)c1ccccc1)c1ccc(cc1)Oc1ccc(cc1)c1c(c2c(C(=O)N(C2=O)c2ccc(cc2)c2ccc(cc2)*)c(c1c1ccccc1)c1ccccc1)c1ccccc1)c1ccccc1,tg,399.0,390.63748020723057
*Nc1cc(cc(c1)c1oc(nn1)c1ncccc1)NC(=O)c1ccc(cc1)C(=O)*,tg,230.0,206.87770376219294
*CC(=O)C(S1)=CC=C1C(=O)*,egc,4.0034,4.070981539942777
*CNCO*,egb,6.9282,6.374620880979838
*NC(=O)c1c(cc(cc1)C(=O)NCCCCCCCCCC*)Sc1ccccc1,tg,100.0,100.30834027191959
*C(C*)(C(=O)OCCCCCCOc1ccc(cc1)C(=O)Oc1ccc(cc1)c1cc(ccc1)OC(=O)c1ccc(cc1)OC(=O)c1ccc(cc1)OCCCCCCCCCCCC)C,tg,73.0,81.03136794955567
*Oc1c(cc(cc1OC)/C=C/c1ccc(cc1)/C=C/c1cc(c(c(c1)OC)OCCCCCCCC*)OC)OC,tg,80.9,77.7512664944412
*CC(=O)NC(C=C1)=CC=C1*,egc,4.5889,4.608802935630439
*N1C(=O)c2c(C1=O)cc(cc2)c1ccc(cc1)c1cc2c(C(=O)N(C2=O)CCCCCCOC(=O)c2cc(cc(c2)OCCCCCCOc2ccc(cc2)N=Nc2ccc(cc2)C#N)C(=O)OCCCCCC*)cc1,tg,67.0,71.11468311142902
*OC(=O)C(NC(=O)CCCCC(=O)NC(C(=O)OCC=CC*)Cc1ccccc1)Cc1ccccc1,tg,61.0,88.86789954694024
*C=CC(C)C(*)C(=O)OCC(C)C,egc,5.4659,5.311734246281499
*N1C(=O)c2c(C1=O)cc(cc2)S(=O)(=O)c1cc2c(C(=O)N(C2=O)c2ccc(cc2)C(c2ccc(cc2)*)c2ccccc2)cc1,tg,305.0,309.2564377746657
*c1nc(C)nc(N(CCCCN(*)c2ccccc2)c2ccccc2)n1,egc,3.7879,3.5103162077826493
*O[Si](CC[Si](*)(O[Si](C)(C)C)C)(C)C,tg,-89.0,-108.19815949322312
*c1cc2c(C(=O)N(C2=O)c2ccc(cc2)c2sc(c(c2c2ccccc2)c2ccccc2)c2ccc(cc2)N2C(=O)c3c(C2=O)cc(cc3)C(=O)Nc2ccc(cc2)S(=O)(=O)c2ccc(cc2)NC(=O)*)cc1,tg,340.0,320.72332290962703
*c1cc2c(C(=O)N(C2=O)c2cc(cc(c2)c2oc(nn2)c2ncccc2)N2C(=O)c3c(C2=O)cc(cc3)C(=O)Nc2cc(ccc2)S(=O)(=O)c2cc(ccc2)NC(=O)*)cc1,tg,173.0,184.30869416649813
*N(C(=O)CCCC(=O)N(CCCCCC*)C)C,tg,3.0,-14.647700706278144
*N1C(=O)c2c(C1=O)cc(cc2)c1ccc(cc1)c1cc2c(C(=O)N(C2=O)CCCCCC*)cc1,tg,141.0,136.82250287334443
*N1C(=O)c2c(C1=O)cc(cc2)C(=O)Oc1ccc(cc1)c1ccc(cc1)OC(=O)CCCCCC*,tg,107.0,73.93149797758026
*COCOCCCO*,egb,7.1737,6.81893597769804
*Oc1ccc(cc1)OCC(COC(=O)CCCCC(=O)OCC(C*)O)O,tg,19.0,20.39220901111791
*c1cc2c(C(=O)N(C2=O)c2cc(ccc2)NC(=O)c2cc(ccc2)C(=O)Nc2cc(ccc2)N2C(=O)c3c(C2=O)cc(cc3)C(=O)*)cc1,tg,204.0,238.1262895817949
*CC(=O)c1ccc(O*)s1,eea,2.4711,2.4569674941952795
*C(C*)(C(=O)OC(C)C)C#N,tg,66.0,81.16033726795031
*OC(=O)c1c(cccc1)C(=O)OCCCS(=O)(=O)CCCCS(=O)(=O)CCC*,tg,49.0,59.16101701126846
*C(C*)(C(=O)OC(C)C)C,tg,72.71,80.59155392132543
*Oc1ccc2nc3oc4cc5oc6c7c(cn6ccc5on4cnc3c12)nc1c(*)ccccc17,egc,1.4158,1.653496709593413
*C(C*)(C(=O)OCC1(COCOC1)C)C,tg,142.0,96.05020716509134
*OCC(C*)(COCCOCCOCCOC)C,tg,-18.0,-33.227327475237935
*CNCCNC(=O)OC*,eps,3.67,3.6501770731586367
*c1cc2c(C(=O)N(C2=O)c2ccc(cc2)c2sc(c(c2c2ccccc2)c2ccccc2)c2ccc(cc2)N2C(=O)c3c(C2=O)cc(cc3)C(=O)Nc2cc(ccc2)NC(=O)*)cc1,tg,334.0,308.0020059078882
*c1cc2c(C(=O)N(C2=O)c2ccc(cc2)C(=O)Nc2ccc(cc2)NC(=O)*)cc1,tg,297.5,288.06718504800455
*COCOc1ccc(C(=O)OC(=O)c2ccc(O*)cc2)cc1,egc,4.4493,4.508282282742218
*O[Si](c1ccc(cc1)[Si](O[SiH](*)C)(C)C)(C)C,tg,-70.33,-37.134127529587296
*c1sc(cc1)c1sc(cc1)c1sc(cc1)[Si]([Si](*)(C)C)(C)C,tg,45.0,94.95820213346232
*Sc1ccc(*)cc1,ei,6.1739,6.054534451746378
*Oc1ccc(cc1)C(=O)Nc1cc(cc(c1)c1nc2c([nH]1)cccc2)NC(=O)c1ccc(cc1)*,tg,335.0,341.2538101689031
*c1nc2c(nc1c1ccc(cc1)Oc1ccc(cc1)Oc1ccc(cc1)P(=O)(c1ccc(cc1)Oc1ccc(cc1)Oc1ccc(cc1)*)c1ccccc1)cccc2,tg,209.0,242.20059575615437
*OC(C(=O)*)C,tg,53.36,53.24763836588676
*c1cc2c(C(=O)N(C2=O)c2ccc(cc2)Oc2ccc(cc2)C2(C3C4C(CCC4)C(C2)C3)c2ccc(cc2)Oc2ccc(cc2)N2C(=O)c3c(C2=O)cc(cc3)C(=O)Nc2ccc(cc2)Oc2c(cc(cc2C)C(c2cc(c(c(c2)C)Oc2ccc(cc2)NC(=O)*)C)(C)C)C)cc1,tg,276.0,275.31873480567015
*NC(=O)Cc1ccc(cc1)CC(=O)NCCCCCCCCCCCCCCCCCC*,tg,78.0,81.83680586528543
*C(C(CC*)(F)F)(F)F,tg,-108.0,-34.93026588646839
*OP(=O)(Oc1ccc(cc1)S(=O)(=O)c1ccc(cc1)*)Oc1ccccc1,tg,100.5,87.42592986479417
*C(C*)c1c(ccc(c1)C(=O)Oc1ccc(cc1)OCC)C(=O)Oc1ccc(cc1)OCC,tg,112.0,137.77757237395258
*C(C*)(C(=O)OCCCCC(C(C(C(C(C(F)(F)F)(F)F)(F)F)(F)F)(F)F)(F)F)C,tg,23.0,26.803548205239565
*C(=O)Nc1ccc(C2(c3ccc(N4C(=O)c5ccc(*)cc5C4=O)cc3)CCC(CC)CC2)cc1,egc,2.9185,2.9547892683818553
*N1C(CN(C(C1)C)C(=O)CCCCCCCCC(=O)*)C,tg,-60.5,92.63827042632369
*C(C*)(C(=O)OC1(C2CC3CC(CC1C3)C2)C)C,tg,165.0,196.2463013422864
*C(C*)C(=O)OCF,tg,15.0,4.282694705939369
*C=Cc1cc(OC)c(C=Cc2ccc(*)s2)cc1OC,egc,1.7107,1.733261482996064
*c1cc2c(C(=O)N(C2=O)c2ccc(cc2)C(=O)Nc2ccc(cc2)C(=O)OCCCCCCCCCCOC(=O)*)cc1,tg,102.0,83.13623660036637
*c1cc2c(C(=O)N(C2=O)c2c(cccc2)Oc2ccc(cc2)N2C(=O)c3c(C2=O)cc(cc3)C(=O)*)cc1,tg,286.0,284.6683414627269
*OP(=O)(Oc1ccc(cc1)S(=O)(=O)c1ccc(cc1)*)Oc1ccc(cc1)Br,tg,89.0,97.27685227666
*N1C(=O)c2c(C1=O)cc(cc2)Oc1c2c(ccc1)c(ccc2)Oc1cc2c(C(=O)N(C2=O)c2ccc(cc2)C(c2ccc(cc2)C(c2ccc(cc2)*)(C)C)(C)C)cc1,tg,253.0,236.77988401758424
*N1C(=O)C2C(C1=O)C(Cc1ccccc21)C1C(=O)N(C(=O)C1)c1cc(cc(c1)C(=O)OC)*,tg,249.43,265.7523006282835
*S(=O)(=O)NCCCCCCNC(=O)C(*)(F)F,tg,51.0,-0.30240474108518806
*CCCCCCC(=O)N*,eps,3.34,3.494677387282836
*C1C2CC(C(C1*)C2)C(=O)OCCc1ccc(cc1)N(c1ccccc1)c1ccccc1,tg,307.0,299.5237909558196
*N1C(=O)c2c(C1=O)cc(cc2)C(=O)Oc1ccc(cc1)c1ccc(cc1)OC(=O)c1cc2c(C(=O)N(C2=O)CCCCCCCCCCC*)cc1,tg,97.0,91.67529287851927
*N1C(=O)c2c(C1=O)cc(cc2)C(=O)c1cc2c(C(=O)N(C2=O)CC2CC(CCC2)C*)cc1,tg,213.0,210.7611414595478
*C(=O)c1ccc2c(c1)C(=O)N(c1ccc(Oc3cccc(Oc4ccc(N5C(=O)c6ccc(*)cc6C5=O)cc4)c3)cc1)C2=O,egc,2.514,2.6115475220280127
*CC(*)(F)C(=O)OCCC(F)(F)C(F)(F)C(F)(F)C(F)(F)C(F)(F)C(F)(F)C(F)(F)C(F)(F)F,egc,6.6046,6.412162305032848
*N1C(=O)C(CC1=O)SCCOCCSC1C(=O)N(C(=O)C1)c1ccc(cc1)C(=O)Oc1ccc(cc1)OC(=O)c1ccc(cc1)*,tg,166.0,142.62419610071169
*c1ccc(-c2cnc3ccc(S(=O)(=O)c4ccc5ncc(*)nc5c4)cc3n2)cc1,egc,3.2952,3.1470787200947736
*c1c2C(=O)N(C(=O)c2c(c2ccccc12)c1ccc(cc1)Oc1ccc(cc1)C(=O)c1cc(ccc1)C(=O)c1ccc(cc1)Oc1ccc(cc1)*)c1ccc(cc1)F,tg,243.0,251.86274308539143
*CCCCCCC(Cl)C(*)Cl,egb,6.7965,6.954045216925527
*OC(=O)Nc1ccc(cc1)Cc1ccc(cc1)NC(=O)OCCCCCC*,tg,71.0,98.73093529125697
*NC1CC(C)(C)CC(C)(CNC(=O)CCCCC(*)=O)C1,egc,5.6216,5.671664716980626
*NC(=O)c1cc(ccc1)C(=O)NCc1cc(cc(c1)C(C)(C)C)C*,tg,188.0,176.00956623795085
*CCCCOC(=O)SC(=O)O*,egc,5.9582,5.919799518416365
*OP(=O)(Oc1ccccc1)Oc1c(Cl)c(Cl)c(*)c(Cl)c1Cl,egc,4.5449,4.496116150511498
*C(C*)(C(=O)OCC(C(C(C(F)F)(F)F)(F)F)(F)F)C,tg,36.67,14.329572113204726
*OC(=O)CCCCCCCCC(=O)OCCCC*,tg,-64.4,-28.813190856142402
*CCCCCCCCCNC(=O)NCCCCCCCNC(=O)N*,egc,5.422,5.797836916130506
*c1cc2c(C(=O)N(C2=O)c2ccc(cc2)N2C(=O)c3c(C2=O)cc(cc3)C(=O)Nc2ccc(cc2)Oc2c(cccc2)c2c(cccc2)Oc2ccc(cc2)NC(=O)*)cc1,tg,268.0,255.5652986709311
*Oc1c(cc(cc1)OC(=O)c1ccc(cc1)C(=O)*)C1CCCCCCC1,tg,213.0,189.32464782156356
*C(c1ccccc1)C(*)(C#N)C#N,egc,2.7551,3.212254371604697
*S(=O)(=O)c1ccc(cc1)C(=O)c1ccc(cc1)C(=O)c1ccc(cc1)*,tg,213.5,217.51933991208674
*Oc1c(cc(c(c1)C(C)(C)C)Oc1ccc(cc1)C(=O)Nc1c(cc(cc1C)C(c1cc(c(c(c1)C)NC(=O)c1ccc(cc1)*)C)(C)C)C)C(C)(C)C,tg,295.0,259.98103528809327
*CC(F)(F)C(F)(F)C(F)(F)COC(=O)CSCSCC(=O)O*,egc,5.1865,4.8440714633335205
*CC(=S)c1ccc(C(*)=S)cc1,eea,2.9742,3.414504707298801
*NC(=O)c1c(cc(cc1)C(=O)NCCCCCCCC*)Oc1ccccc1,tg,96.0,93.90744441902174
*C1=CC(=C(C#N)C#N)C=C(O1)C=Cc1sc(cc1)c1ccc(cc1)C(=Cc1cc2C(c3c(c2cc1)ccc(c3)C=C(c1ccc(cc1)c1sc(cc1)C=C*)C#N)(CC)CC)C#N,tg,144.0,168.06756179065144
*c1cc2c(C(=O)N(C2=O)c2cc(ccc2)P(=O)(c2cc(ccc2)N2C(=O)c3c(C2=O)cc(cc3)C(=O)Nc2ccc(cc2)Cc2ccc(cc2)NC(=O)*)c2ccccc2)cc1,tg,233.0,225.27571684682496
*CC(C)O*,egc,5.7517,5.895050586912268
*C(=O)C(F)(F)CC(*)(F)F,ei,8.1829,8.417720586786915
*N1C(=O)c2c(C1=O)c(ccc2)Oc1ccc(cc1)C(=O)c1ccc(cc1)Oc1c2c(C(=O)N(C2=O)c2ccc(cc2)Oc2cc(ccc2)Oc2ccc(cc2)*)ccc1,tg,216.0,203.24773300916914
*CCCCCCNC(=O)CCP(C)(=O)CCC(=O)N*,egc,5.99,5.905053750798097
*NC(CCCNC(=O)c1ccc(F)cc1)C(*)=O,egc,4.7549,4.674913139924864
*OC(=O)c1cc(ccc1)C(=O)OCCCC*,tg,19.1,3.433747321894918
*C(C*)C(=O)Oc1ccc(cc1)c1ccccc1,tg,105.0,94.55717300331276
*N(CCNC(=O)c1ccc(cc1)[Si](c1ccc(cc1)C(=O)NCC*)(C)C)c1ccc(cc1)/C=C/c1ccc(cc1)[N+](=O)[O-],tg,157.5,177.83344484245674
*OC(=O)c1cc(ccc1)C(=O)OCCCCC*,tg,7.0,-5.527029122337591
*Oc1ccc(cc1)C(c1ccc(cc1)OC(=O)OCCN(CCOC(=O)*)c1ccccc1)(C)C,tg,70.0,57.940500171461316
*N1C(=O)c2c(C1=O)cc(cc2)Oc1ccc(cc1)C(c1ccc(cc1)Oc1cc2c(C(=O)N(C2=O)c2ccc(cc2)Oc2ccc(cc2)c2ccc(cc2)Oc2ccc(cc2)*)cc1)(C(F)(F)F)C(F)(F)F,tg,217.0,225.43147231264106
*Cc1ccc(COC(=O)CCCCCCCCCCCCCCCCCCC(=O)O*)cc1,egc,5.5452,5.379368509018842
*Nc1c(cccc1)c1ccc(cc1)NC(=O)c1ccc(cc1)C(=O)*,tg,263.0,284.34549325851754
*C(C*)(c1ccc(cc1)C(C)C)C,tg,134.91,139.83657130776558
*Oc1ccc(cc1)C(=O)c1ccc(cc1)C(=O)c1ccc(cc1)Oc1ccc(cc1)Cc1ccc(cc1)*,tg,120.0,118.29037420091278
*CCCCCCn1c(=O)c2cc3c(=O)n(*)c(=O)c3cc2c1=O,egc,3.8389,3.730134247253396
*c1cc2c(C(=O)N(C2=O)c2cc(ccc2)Oc2ccc(cc2)N2C(=O)c3c(C2=O)cc(cc3)C(=O)Nc2ccc(cc2)Oc2ccc(cc2)C(c2ccc(cc2)Oc2ccc(cc2)NC(=O)*)(C)C)cc1,tg,207.0,211.0970428307092
*CNCC(*)=O,ei,6.367,6.529509174564324
*Oc1ccc(Cc2ccc(*)cc2)cc1,egb,4.3787,4.42943788349445
*C=CC(C*)COCC(=O)OCCCCCCCCOc1ccc(cc1)C=Cc1ccc(cc1)[N+](=O)[O-],tg,19.6,31.638421896778585
*c1cccc(N2CC(=O)N(*)CC2=O)c1,egc,5.0572,5.159456828913427
*Oc1ccc(C(=O)Nc2ccc(S(=O)(=O)c3ccc(NC(=O)c4ccc(Oc5nc(*)nc(Sc6ccccc6)n5)cc4)cc3)cc2)cc1,egc,3.8673,3.818414791476102
*CCCCCCN(CC)C(=O)CCCCCCCCCCCCCCCCC(=O)N(*)CC,egc,5.5078,5.472696826903249
*Nc1cc(cc(c1)C(=O)Nc1ccc2C(=O)c3c(C(=O)c2c1)cccc3)NC(=O)Nc1ccc(cc1)NC(=O)*,tg,184.0,171.3957705517896
*c1sc(cc1CCCCCCCCCCCCCC)c1sc(c(c1)CCCCCCCCCCCCCC)c1c2c(ccccc2)c(c1)*,tg,-10.0,33.30798708646297
*Oc1ccc(-c2ccc(-c3ccc(*)s3)s2)s1,ei,4.7769,4.802417892991516
*NC(=O)C(=O)NCCCCCC*,tg,250.0,130.99285170587413
*C#Cc1cc(OCC(CC)CCCC)c(C#Cc2cc(OCCNCCCC)c(*)cc2OCCNCCCC)cc1OCC(CC)CCCC,egc,2.9566,2.7826045742521233
*Oc1c2c(ccc1)ccc(c2)Oc1ccc(cc1)NC(=O)c1ccc(cc1)S(=O)(=O)c1ccc(cc1)C(=O)Nc1ccc(cc1)*,tg,259.0,260.01760289960976
*C(C*)C(=O)OCCCCCCOc1ccc(cc1)N=Nc1ccc(cc1)[N+](=O)[O-],tg,35.8,51.021862890002964
*c1c(C)cc(-c2cc(C)c(N3C(=O)c4ccc(-c5ccc6c(c5)C(=O)N(*)C6=O)cc4C3=O)c(C)c2)cc1C,egc,2.8885,2.880156496742551
*COc1ccc(O*)cc1,eps,3.8,3.654976666079131
*CCCCCCNC(=O)CCCC(=O)O*,egc,5.9363,6.087539741145308
*c1cc2c(C(=O)N(C2=O)c2ccc(cc2)C(=O)OCCCCCCCCCCCCCCCCCCCCCCOC(=O)*)cc1,tg,44.0,51.42531421897717
*C(C*)c1ccc(cc1)C(=O)N1CCCCC1,tg,114.0,103.89546396647593
*CCOC(=S)NC(=S)c1ccc(N*)cc1,eea,2.6209,2.797165198582978
*N1C(=O)c2c(C1=O)cc(cc2)c1cc2c(C(=O)N(C2=O)c2cc(c(c(c2)Br)Oc2c(cc(cc2Br)*)Br)Br)cc1,tg,287.0,301.08052791544065
*[n+]1ccc(cc1)c1cc[n+](cc1)Cc1c(cccc1)C*,tg,70.5,124.2453993292811
*NNC(=O)C(=O)NNC(=O)CCCCC(*)=O,egc,4.5812,4.434630021599269
*CC(=S)NC(*)=S,eps,5.73,5.259488439878605
*c1cc2c(C(=O)N(C2=O)c2c(ccc(c2)N2C(=O)c3c(C2=O)cc(cc3)C(=O)*)CP(=O)(OCCCl)OCCCl)cc1,tg,261.0,260.6878887069326
*Oc1ccc(Oc2cccc(*)n2)cc1,egc,4.3182,4.3125536033641865
*Oc1cc(cc(c1)CC)OC(=O)c1cc(ccc1)C(=O)*,tg,138.0,119.44783103032255
*Oc1cccc(Oc2cccc(*)n2)c1,egc,4.536,4.409579158227989
*C(C*)(CCCCCCCC)C(=O)OC,tg,20.0,35.33995079657219
*P1(=N*)Oc2ccccc2c2ccccc2O1,tg,160.0,171.03701133177964
*CC(=O)C(S1)=CC=C1C(S2)=CC=C2*,egc,2.8653,2.834716457111987
*c1cc2c(C(=O)N(C2=O)c2c(cc(cc2C)C(c2cc(c(c(c2)C)N2C(=O)c3c(C2=O)cc(cc3)C(=O)*)C)c2cc(ccc2)C(F)(F)F)C)cc1,tg,285.0,298.77262322408865
*c1cc2c(C(=O)N(C2=O)c2cc(ccc2)C#Cc2cc(ccc2)NC(=O)*)cc1,tg,323.5,294.76302415413573
*CC(*)OC(=O)C(C)(C)C,egc,6.1579,6.369833541091716
*C(C*)CCCCCC,tg,-56.48,-62.19640510548178
*c1cc2c(C(=O)N(C2=O)c2c(ccc(c2)N2C(=O)c3c(C2=O)cc(cc3)C(=O)Nc2ccc(cc2)Oc2ccc(cc2)C2(c3c(C(=O)N2)cccc3)c2ccc(cc2)Oc2ccc(cc2)NC(=O)*)C)cc1,tg,315.0,313.4210701596998
*CC(*)CN,egc,5.4738,5.442845001292047
*CC(O)C(O)CN(*)c1ccc(N(C)C)cc1,egc,3.7705,3.938640023381516
*CCCCCNC(=O)CC(=O)N*,egc,5.7523,5.80294647115945
*N=Nc1ccc(cc1)C(=O)NCCCCNC(=O)c1ccc(cc1)*,tg,215.0,178.25357432210632
*CCCCCC(=O)NCCCCCOCCCCCNC(=O)CCCO*,egc,5.841,5.776381313361075
*Nc1ccc(*)cc1CO,egc,3.7131,4.046284554470048
*C(C*)C(=O)OCCOc1ccc(cc1)C(=O)Oc1ccc(cc1)OC,tg,70.0,61.320618814628666
*OC(COC(=O)c1cc(ccc1)C(C(C(c1cc(ccc1)C(=O)OCC(*)(F)F)(F)F)(F)F)(F)F)(F)F,tg,30.0,30.737330997812773
*C(=O)c1ccc(C(=S)c2ccc(*)cc2)cc1,eea,2.9183,3.2028859247442796
*N(CC*)C(=O)c1c(c(c(c(c1)F)F)F)F,tg,97.0,95.65245423823487
*c1cc(CCS(=O)(=O)O)c(*)s1,egc,2.5623,2.6971836818753325
*C1C(=O)N(C(=O)C1CC*)c1ccc(cc1)N(C)C,tg,195.0,173.55399482230936
*NC(=O)C(C(C(=O)NCCC*)OC)OC,tg,123.0,104.92050069033483
*c1ccc(-c2nc3cc4nc(*)[nH]c4cc3[nH]2)cc1,egc,3.6007,3.4716918220030775
*c1cc2c(C(=O)N(C2=O)c2ccc(cc2)C(=O)OCCOCCOCCOCCOC(=O)*)cc1,tg,52.0,54.01751421138548
*OC(=O)c1cc2c(cc1)cc(cc2)C(=O)OCCCCC*,tg,50.83,53.3888080244616
*Oc1ccc(cc1)NC(=O)c1ccc(cc1)Oc1ccc(cc1)C(c1ccc(cc1)C(c1ccc(cc1)Oc1ccc(cc1)C(=O)Nc1ccc(cc1)*)(C)C)(C)C,tg,174.0,172.505770356027
*N1C(=O)C(CC1=O)Nc1ccc(cc1)NC1C(=O)N(C(=O)C1)c1ccc(cc1)Oc1c(cc(cc1C)C(c1cc(c(c(c1)C)Oc1ccc(cc1)*)C)c1cnccc1)C,tg,229.0,200.93364995067614
*OC(C*)COC(OCC)C,tg,-67.0,-60.289218320292534
*NC(CSC(=O)OCc1ccccc1)C(*)=O,egc,5.0387,4.945882565243514
*C=C(*)c1ccc(NC=O)cc1,egc,0.2219,0.5551178474749603
*Oc1c(cc(cc1c1ccccc1)*)c1c2c(ccc1)cccc2,tg,234.0,218.36908360458568
*c1cc2c(C(=O)N(C2=O)c2cc(cc(c2)c2oc(nn2)c2ncccc2)N2C(=O)c3c(C2=O)cc(cc3)C(=O)Nc2cc(cc(c2)c2oc(nn2)c2ncccc2)NC(=O)*)cc1,tg,164.0,180.45363756710583
*NOC(=O)O*,egb,5.0089,5.510550430926093
*Nc1ccc(-c2ccc(-c3ccc(*)s3)cc2)s1,eea,2.0751,1.9688424177472021
*Oc1c(cc(cc1)C1(C2C3C(C(C1)C2)C1CCC3C1)c1c(cc(cc1)OC(=O)*)C)C,tg,232.0,255.07023113835842
*Oc1ccc(-c2ccc(-c3ccc(*)cc3)cc2)s1,ei,5.1012,5.15798882269809
*Oc1ccc(cc1)CC(NC(=O)CCc1ccc(cc1)OC(=O)CCCCCCC(=O)*)C(=O)OCc1ccccc1,tg,47.0,50.58616688947846
*CC(*)(C)C(=O)OC,egc,6.5972,6.611013001514067
*NC(C#N)=C(C#N)NC(=O)c1ccc(C(*)=O)cc1,egc,3.4817,3.404024904210802
*c1ccc(-c2ccc(-c3cnc4cc(-c5ccc6nc(*)cnc6c5)ccc4n3)cc2)cc1,egc,2.7698,2.822934535103911
*Nc1cc(cc(c1)c1nc2c([nH]1)cccc2)NC(=O)c1ccc(cc1)C(=O)*,tg,267.5,265.53639521619954
*C1C(CC(C1)C=C*)C(=O)OCCNC(C)(C)C,tg,29.0,41.03000114212007
*Oc1c(cc(cc1)OC(=O)c1ccc(cc1)C(=O)*)C(F)(F)F,tg,158.13,162.9408494250301
*Oc1c2c(ccc1)cc(cc2)OC(=O)c1ccc(cc1)Oc1ccc(cc1)C(=O)*,tg,179.0,154.82619365656305
*CCCCCNC(=O)CCCCCCC(=O)N*,egc,5.9286,5.863094263542276
*c1ccc(NC(F)(F)C(*)(F)F)s1,ei,5.871,5.842912760467006
*CNCO*,ei,6.4057,6.290740538293224
*Oc1cc(c(cc1)C(=O)O)C(=O)Nc1ccc(cc1)NC(=O)c1c(ccc(c1)*)C(=O)O,tg,166.3,192.71584246767142
*Oc1ccc(cc1)C1(CCC(CC1)C)c1ccc(cc1)OC(=S)*,tg,168.0,136.27583656629872
*CC(=O)CC(*)=O,eps,3.79,3.6144245557971817
*NC(=O)CC(=O)NCCCCCCCC*,tg,55.0,46.46305134843871
*C(C*)C(=O)OCCCCn1c2ccccc2c2ccccc12,tg,68.0,70.75139111467274
*Oc1ccc(cc1)NC(=O)c1cc(cc(c1)NC(=O)CCN1C(=O)c2c(C1=O)cccc2)C(=O)Nc1ccc(cc1)*,tg,240.0,243.7466706289969
*c1cc2c(C(=O)N(C2=O)c2ccc(cc2)Cc2ccc(cc2)Cc2ccc(cc2)N2C(=O)c3c(C2=O)cc(cc3)C(=O)*)cc1,tg,341.0,331.8045007313202
*OC(CC(*)=O)C(C)C,egc,6.7353,6.6240180428697855
*NC(=O)CCCCCC*,tg,51.14,47.2838905005308
*C(CCC*)(C)C,tg,45.5,3.4108365702497188
*c1cc2c(C(=O)N(C2=O)c2cc(ccc2)Oc2cc(ccc2)N2C(=O)c3c(C2=O)cc(cc3)C(*)(C(F)(F)F)C(F)(F)F)cc1,tg,244.0,240.15114592182132
*Cc1ccc(NC(*)=S)cc1,eea,2.0656,1.8379105010212684
*SCC(C*)(C)C,tg,-51.03,-34.53336464948607
*CC(C)(C)C1C(=O)N(C(C)C)C(=O)C1*,egc,5.5919,5.6003309161383275
*Oc1ccc(NC(=O)c2cc(C(=O)Nc3ccc(*)cc3)cc(S(=O)(=O)c3ccccc3)c2)cc1,egc,3.3682,3.3743057675169577
*CCCCCCC(=O)N*,egc,6.0436,6.07233130246427
*N1C(=O)c2c(C1=O)cc(cc2)c1cc2c(C(=O)N(C2=O)c2cc(ccc2)C(=O)Nc2ccc(cc2)Oc2ccc(cc2)NC(=O)c2cc(ccc2)*)cc1,tg,253.0,248.9998456780603
*NC(C)CNC(=O)NC(CCCCNC(*)=O)C(=O)OC,egc,5.7921,5.778300882174287
*CC(S1)=CC=C1C(C=C2)=CC=C2C(S3)=CC=C3*,egc,3.3769,2.9184157900010224
*[Si](C*)(C)C,tg,-91.17,-83.47769477923774
*CCCCCCCCCCOC(=O)C(O)C(O)C(=O)O*,egc,6.2882,6.372754784735186
*CCCP(C)(=O)CCCNC(=O)CCCCCCCCC(=O)N*,egc,5.7831,5.656828231320284
*C(C*)OC(=O)CC,tg,11.27,-25.471101648342845
*CCCCCCn1ccc(-c2ccc(-c3ccn(*)n3)cc2)n1,egc,4.0274,3.7263479294815167
*Oc1ccc(Oc2ccc(C(=O)c3ccc(*)cc3)cc2)cc1CBr,egc,3.6235,3.7775336135786897
*N1C(=O)C2C(C1=O)CC(CC2)C1CC2C(C(=O)N(C2=O)c2ccc(cc2)Oc2ccc(cc2)Oc2ccc(cc2)*)CC1,tg,238.0,243.48326502137294
*OC(F)(F)C(=S)C(*)(F)F,nc,1.6753,1.7092944509812
*C1C(C(C(C1)C=C*)C(=O)OC(C)(C)C)C(=O)OC(C)(C)C,tg,83.4,100.49360165216778
*N(CC*)C(=O)c1c(cc(c(c1F)F)F)F,tg,122.0,114.43725388214602
*Cc1ccc(-c2ccc(N*)s2)s1,ei,4.9311,5.032507253590796
*c1cc2c(C(=O)N(C2=O)c2ccc(cc2)S(=O)(=O)c2ccc(cc2)N2C(=O)c3c(C2=O)cc(cc3)C(=O)Nc2ccc(cc2)NC(=O)*)cc1,tg,368.0,323.4595759717728
*CNCCCOCO*,egb,6.3311,6.264756767944197
*Cc1ccc(-c2ccc(C(*)=S)s2)cc1,eps,4.61,5.057054382073904
*OC(=O)Nc1c(ccc(c1)NC(=O)OCCN(CC*)c1ccc(cc1)c1oc2c(n1)ccc(c2)[N+](=O)[O-])C,tg,156.0,125.23367340922098
*CCOCCOC(=O)COCC(=O)O*,egc,5.9381,6.155131068547737
*c1cc2c(C(=O)N(C2=O)c2ccc(cc2)Oc2cc(ccc2)Oc2ccc(cc2)N2C(=O)c3c(C2=O)cc(cc3)C(=O)Nc2ccc(cc2)Oc2ccc(cc2)C2(c3c(C(=O)N2)cccc3)c2ccc(cc2)Oc2ccc(cc2)NC(=O)*)cc1,tg,267.0,288.1625288886914
*Oc1ccc(C(C)(C)c2ccc(OC(*)=O)cc2)cc1,egc,5.2059,4.967150471029125
*Nc1ccc(*)cc1C,egc,3.5769,3.7927913586831505
*CCNC(*)=S,eps,4.24,4.106333009543187
*CC(*)C(=O)OCC(F)(F)C(F)(F)C(F)(F)C(F)(F)C(F)(F)C(F)(F)C(F)(F)F,egb,5.7185,5.734912267355207
*Oc1ccc(cc1)CC(NC(=O)Cc1ccc(cc1)OC(=O)CCCCC(=O)*)C(=O)OCCCCCCCC,tg,28.0,35.79481433402415
*c1oc(nn1)c1ccc(cc1)Oc1ccc(cc1)C(c1ccc(cc1)Oc1ccc(cc1)*)(C)C,tg,180.0,206.06934764124284
*OC(C*)CN1C(=O)C2C(C1=O)C1C=CC2C1,tg,87.5,76.68897009115086
*c1cc2c(C(=O)N(C2=O)c2cc(ccc2)OP(=O)(Oc2cc(ccc2)N2C(=O)c3c(C2=O)cc(cc3)C(=O)*)c2ccccc2)cc1,tg,176.5,181.37488145723543
*c1cocc1COC(=O)Nc1ccc(cc1)Cc1ccc(cc1)NC(=O)OC*,tg,45.0,52.930555974883134
*Nc1c(cc(cc1)c1cc(c(cc1)NC(=O)c1cc(ccc1)C(=O)*)O)O,tg,386.0,345.13378149429633
*Oc1ccc(cc1)C(c1ccc(cc1)Oc1ccc(cc1)C(=O)c1cc(cc(c1)C(C)(C)C)C(=O)c1ccc(cc1)*)(C(F)(F)F)C(F)(F)F,tg,181.0,178.43741694619823
*C(C*)C(=O)OCCSCC,tg,-71.0,-53.13988181606172
*c1cc2c(C(=O)N(C2=O)c2cc(c(cc2)c2c(cc(cc2)N2C(=O)c3c(C2=O)cc(cc3)C(=O)Oc2ccc(cc2)C2(C3CC4CC(CC2C4)C3)c2ccc(cc2)OC(=O)*)C)C)cc1,tg,222.0,240.45579346868806
*C1(c2c(C(=O)O1)cccc2)c1c(cc(c(c1)C(C)C)Oc1ccc(cc1)S(=O)(=O)c1ccc(cc1)Oc1c(cc(c(c1)C)*)C(C)C)C,tg,230.0,255.36390558232677
*CC(S1)=CC=C1C(S2)=CC=C2O*,egc,3.4793,3.523225420460532
*C(=O)Oc1ccc(C(*)=S)s1,egb,1.9856,2.0715334191945813
*C=CCCCC*,egc,5.7726,5.504737396802556
*C(=S)c1ccc(C(=S)c2ccc(*)cc2)cc1,eea,2.9311,3.090660315496998
*N1C(=O)c2c(C1=O)cc(cc2)C(c1cc2c(C(=O)N(C2=O)CCCCCCC*)cc1)(C(F)(F)F)C(F)(F)F,tg,150.0,123.27472500653882
*Oc1ccc(cc1)OC(=O)c1c(cc(cc1)C(=O)*)Oc1ccc(cc1)Oc1ccccc1,tg,83.0,96.35846525062354
*Oc1ccc(cc1)c1ccc(cc1)OCCCCCCOC(=O)Nc1c(ccc(c1)NC(=O)OCCCCCC*)C,tg,85.68,58.00635810384623
*c1ccc(-c2cnc3ccc(-c4ccc5nc(*)cnc5c4)cc3n2)cc1,egc,3.3633,3.31888950123721
*CC(=O)Nc1ccc(Oc2ccc(Oc3ccc(NC(=O)CN4C(=O)c5ccc(C(=O)c6ccc7c(c6)C(=O)N(*)C7=O)cc5C4=O)cc3)cc2)cc1,egc,2.2729,2.7416160762464044
*C(C*)c1ccc(cc1)C(=O)CCN1CCCCC1,tg,38.0,85.36402623653416
*C=C*,tg,-25.5,88.70829517574249
*C1(c2c(Oc3c1cccc3)cccc2)c1ccc(cc1)OC(=O)c1ccc(cc1)C(=O)Oc1ccc(cc1)*,tg,252.0,241.38059796394117
*c1cc2c(C(=O)N(C2=O)c2c(cc(cc2)c2cc(c(cc2)N2C(=O)c3c(C2=O)cc(cc3)C(=O)*)OCCCCCCOc2ccc(cc2)/C=C/c2ccc(cc2)F)OCCCCCCOc2ccc(cc2)/C=C/c2ccc(cc2)F)cc1,tg,128.0,122.0794543277936
*NC(C=C1)=CC=C1C(=O)C(S2)=CC=C2*,egc,2.9895,3.470483154498695
*CCCCCCCCCCC(=O)O*,egc,6.8465,6.777932854954389
*Oc1ccc(cc1)C(c1ccc(cc1)OC(=O)*)(c1ccccc1)C#N,tg,138.0,178.28830200197024
*COc1ccc(O*)s1,eps,3.85,3.8661710938450726
*OC(=O)NC(=O)c1ccc(cc1)C(=O)NC(=O)OCC(C*)CCCCCCCCCCCC,tg,75.0,90.1817153800468
*CC(=O)c1ccc(-c2ccc(*)cc2)s1,eps,4.58,4.6641493298571435
*N1C(=O)c2c(C1=O)cc(cc2)Oc1ccc(cc1)Oc1cc2c(C(=O)N(C2=O)c2ccc(cc2)S(=O)(=O)c2ccc(cc2)*)cc1,tg,283.0,273.8728645903556
*N1C(=O)c2c(C1=O)c(ccc2)c1cc2c(C(=O)N(C2=O)c2cc(ccc2)OCCCCCCCCCOc2cc(ccc2)*)cc1,tg,134.0,128.74568591752788
*OC(c1ccco1)C(C)(C)C(*)=O,egc,5.4574,5.414200504299647
*Cc1ccc(Nc2ccc(*)s2)cc1,eps,4.02,4.021261749879314
*CC(=O)NC(=S)*,egc,2.887,2.83626067630692
*C=CCC*,egc,5.2133,5.295925458037008
*CCc1ccc(C(*)=S)s1,nc,2.0043,1.9680869423737546
*CCCCCOCO*,egb,6.8354,7.292894503175741
*N1C(=O)c2c(C1=O)cc(cc2)Sc1cc2c(C(=O)N(C2=O)c2c(cc(c(c2C)*)C)C)cc1,tg,378.0,360.48500004936005
*c1cc2c(C(=O)N(C2=O)c2cc(cc(c2)c2sc3c(n2)cccc3)N2C(=O)c3c(C2=O)cc(cc3)C(=O)Nc2nc(ccc2)NC(=O)*)cc1,tg,358.0,350.6262256347305
*c1nc(c(nc1c1ccc(cc1)NC1C(=O)N(C(=O)C1)c1ccc(cc1)c1sc(c(c1c1ccccc1)c1ccccc1)c1ccc(cc1)N1C(=O)C(CC1=O)Nc1ccc(cc1)*)C#N)C#N,tg,231.0,225.07096092388446
*Oc1ccc(cc1)/C(=C/c1ccc(cc1)OCCOCCOCC*)/C,tg,15.33,22.863377734587967
*c1cc2C3(CCC(CC3)C(C)(C)C)c3c(c2cc1)ccc(c3)c1cc2C(c3c(c2cc1)ccc(c3)*)(CCCCCCCC)CCCCCCCC,tg,166.0,153.40662731124928
*Oc1ccc(-c2ccc(-c3ccc(*)cc3)s2)s1,eps,5.17,5.579222826823193
*Oc1ccc(cc1)Oc1ccc(cc1)S(=O)(=O)c1ccc(cc1)*,tg,206.67,217.80443332903306
*OC(CC(=O)*)C(Cl)(Cl)C,tg,109.0,110.30709399958991
*OP(=O)(N=Nc1ccc(cc1)c1ccc(cc1)N=NP(=O)(OCc1ccc(cc1)C*)OC)OC,tg,48.0,46.34551608975096
*C(C*)C(=O)Oc1cc(ccc1)C(=O)OCC,tg,24.0,-4.77281271959794
*c1sc(cc1CCCCCCOC(=O)Cc1ccccc1)*,tg,45.0,51.18026735263851
*CC(S1)=CC=C1NC(S2)=CC=C2*,egc,4.1254,3.845607213971043
*Oc1ccc(cc1)Oc1ccc(cc1)S(=O)(=O)c1ccc(cc1)c1ccc(cc1)S(=O)(=O)c1ccc(cc1)*,tg,251.0,243.64482890434766
*O[Si](c1c(cc(c(c1)OCCOCc1ccccc1)[Si](*)(C)C)OCCOCc1ccccc1)(C)C,tg,76.0,39.81383246079299
*CCOCCOC(=O)c1cccc(C(=O)O*)c1,egc,4.8122,4.837624216372908
*C(C*)(C(=O)OCC(C(F)(F)F)(F)F)C,tg,77.0,81.22217190492894
*Nc1ccc(cc1)NC(=O)CCCC(=O)*,tg,135.0,124.06033843660029
*C(C*)(C(=O)OCCC(C(C(C(C(C(F)(F)F)(F)F)(F)F)(F)F)(F)F)(F)F)F,tg,53.0,59.3515270490559
*C1C(CC(C1)C(O)(C(F)(F)F)C(F)(F)F)(C(C*)(F)F)F,tg,118.0,76.78729986066027
*CCCCCCOC(=O)CC(=O)O*,egc,7.0433,6.794681688039862
*c1sc(nn1)c1cc(ccc1)OC(=O)CCCCCCCCC(=O)Oc1ccc(cc1)C=C*,tg,37.0,30.849340662059102
*C1C(CC(C1)C=C*)[Si](C)(C)C,tg,109.0,111.6237164141933
*CCOC(=O)c1ccc(C2(C)CC(C)(C)c3ccc(C(=O)O*)cc32)cc1,egc,4.3486,4.342988346873591
*CNc1ccc(N*)s1,ei,4.8739,5.025876044518227
*c1cc(C(=O)OCC(F)(F)C(F)(F)C(F)(F)F)c(*)s1,egc,2.8607,3.2016456712321295
*C(C*)C(=O)OCCCCCn1c2ccccc2c2ccccc12,tg,53.0,70.00111934479635
*OC(=O)Oc1ccc(C(=O)Oc2ccc(OC(=O)OC3COC4C(*)COC34)cc2)cc1,egc,4.4189,4.479793212085114
*c1sc(c(c1c1ccccc1)c1ccccc1)c1ccc(cc1)CC(=O)Nc1ccc(cc1)S(=O)(=O)c1ccc(cc1)NC(=O)Cc1ccc(cc1)*,tg,252.0,266.32293552972675
*C(C*)(C(=O)OCCc1ccccc1)C,tg,49.0,30.92812531679715
*C=Nc1ccc(S(=O)(=O)c2ccc(N=Cc3ccc(Sc4ccc(*)o4)o3)cc2)cc1,egc,3.0975,2.845732138676608
*Oc1c(cc(cc1c1ccccc1)*)c1ccc(cc1)C,tg,218.0,204.8427891293734
*CC#CC#CCOC(=O)Nc1ccc(Cc2ccc(NC(=O)O*)cc2)cc1,egc,4.0768,3.9705786783434434
*COC(=S)O*,nc,1.8467,1.8310865241697998
*Nc1ccc(Nc2ccc(*)s2)s1,ei,4.0261,4.090199427402523
*CCCCCCNC(=O)CCCCCCCCCCCCCCCCC(=O)N*,egc,5.8888,5.942105546963966
*N=P(*)(OCCc1ccccc1)OCCc1ccccc1,tg,-32.7,-30.829384124118633
*NC(=S)NO*,egc,3.4611,3.6745027946839097
*CNON*,eea,0.9652,0.5350725940933877
*Oc1ccc(cc1)S(=O)c1ccc(cc1)Oc1ccc(cc1)C(c1ccc(cc1)*)(C)C,tg,165.0,156.43643755236198
*c1c(cc(cc1)CC*)Cl,tg,63.69,63.64711036345303
*N1C(=O)c2c(C1=O)cc(cc2)Oc1cc2c(C(=O)N(C2=O)c2c(cc(c(c2)*)O)O)cc1,tg,263.0,310.3467677155423
*OC(=O)CCC(=O)OCCC*,tg,-34.42,-3.5962664541414027
*c1cccc(C(=O)Nc2ccc(NC(=O)c3cccc(N4C(=O)c5ccc(-c6cccc7c6C(=O)N(*)C7=O)cc5C4=O)c3)cc2)c1,egc,2.3122,2.4618740259786107
*Oc1ccc(cc1)CCC(=O)NCCCCCCNC(=O)C*,tg,72.0,56.16251177504839
*c1sc(cc1)C(=C(*)OC)OC,tg,91.0,124.88994177220827
*c1sc(cc1)c1sc(cc1)[Si](*)(C)C,tg,45.0,39.71979657933938
*Oc1cc2c(cc1)ccc(c2)OCCNC(=O)c1cc(ccc1)C(=O)NCC*,tg,143.0,150.7310548508722
*CC(*)C(=O)NCCC(F)(F)C(F)(F)C(F)(F)C(F)(F)C(F)(F)C(F)(F)C(F)(F)C(F)(F)F,egc,5.7478,5.6544700048071315
*C(C*)c1c(ccc(c1)C(=O)OCC)c1ccc(cc1)OCCCCCCCC,tg,95.0,91.57159146294298
*CC(CC)O*,egc,5.7746,5.781468822448005
*C1C2C(C(=O)N(C2=O)CCCCCCC)C(C1)C=C*,tg,59.0,54.423794574249236
*C=CCCCCCCC(CCCCCC*)Cl,tg,-57.0,-17.66549704906421
*C(C*)C(=O)OCCOCC,tg,-50.0,-49.97109074636706
*Oc1ccccc1CNC(=O)Nc1ccc(Cc2ccc(NC(*)=O)cc2)cc1,egc,4.6144,4.685024827641972
*OC(=S)c1ccc(C(*)=O)s1,ei,6.7886,6.77640249197404
*Oc1ccc(cc1)c1ccc(cc1)OC(=O)c1cc(ccc1)C(=O)*,tg,185.5,192.1948487355001
*C(=S)OC(=S)c1ccc(*)s1,nc,2.2971,2.3135811648096567
*N1C(=O)c2c(C1=O)cc(cc2)c1cc2c(C(=O)N(C2=O)c2cc(c(c(c2)C)c2c(cc(cc2C)*)C)C)cc1,tg,280.0,317.6631178959383
*OP(=O)(Oc1ccc(cc1)S(=O)(=O)c1ccc(cc1)*)Oc1ccc(cc1)OC,tg,81.0,77.03663139047318
*OP(=O)(Oc1c(c(c(c(c1Cl)Cl)*)Cl)Cl)Oc1c(cc(cc1Cl)Cl)Cl,tg,127.0,128.49076695543002
*C1(C(C(C(C(C(C1(F)F)(F)F)(F)F)(F)F)(C(*)(F)F)F)(F)F)F,tg,198.0,170.63505408384682
*C(=O)c1ccc(C(=S)c2ccc(*)s2)s1,eea,4.1286,4.1745084213654415
*Oc1ccc(cc1)C=NN=Cc1ccc(cc1)Oc1ccc(cc1)C(=O)c1ccc(cc1)*,tg,179.0,162.8255915773887
*N(CC*)C(=O)C12CC3CC(CC(C1)C3)C2,tg,123.0,151.71722732752707
*CC(*)(C)C(=O)OCCc1ccccc1,egb,4.9946,5.1410013595770945
*C(C*)(C(=O)OCCOCCOCCOc1ccc(cc1)N=Nc1ccc(cc1)C#N)C,tg,37.0,20.91534098539592
*OCCC(=O)CC(=O)Oc1ccc(*)cc1,egb,3.7901,4.214459837029993
*COC1CCC(*)OC1,egc,5.6324,5.570590982121193
*CCCCNC(=O)CCCCCCCCCCCCCCCCC(=O)N*,egc,6.0758,5.94869881008683
*c1nc2c(nc1c1ccccc1)cc(cc2)S(=O)(=O)c1cc2c(nc(c(n2)c2ccc(cc2)*)c2ccccc2)cc1,tg,277.5,344.37570103467516
*c1ccc(S(=O)(=O)c2ccc(N3C(=O)c4ccc(-c5ccc6c(c5)C(=O)N(*)C6=O)cc4C3=O)cc2)cc1,egc,3.396,3.3089796790317654
*NC(=O)c1c(cc(cc1)C(=O)NCCCCCC*)Oc1ccc(cc1)c1ccccc1,tg,112.0,120.93931817170282
*c1ccc(-c2ccc3nc4oc5cc6[nH]c7nc8cc(*)ccc8nc7nc-6[nH]c=5n-4ccc3c2)cc1,egc,1.9579,1.9133789406959973
*c1ccc(C(c2ccccc2)c2ccc(N3C(=O)c4ccc(-c5ccc6c(c5)C(=O)N(*)C6=O)cc4C3=O)cc2)cc1,egc,2.907,3.067500666523888
*Oc1c(cc(c(c1)C(C)(C)C)Oc1ccc(cc1)C(=O)Nc1c(cc(cc1)C(c1cc(c(cc1)NC(=O)c1ccc(cc1)*)C)(C)C)C)C(C)(C)C,tg,275.0,271.3354266550711
*Oc1ccc(cc1)NC(=O)c1c(cc(c(c1)C(=O)Nc1ccc(cc1)*)C(=O)OCC)C(=O)OCC,tg,208.05,179.81191742661036
*OC(=S)c1ccc(C(*)=O)s1,eps,5.45,5.312885920664062
*CC(*)c1ccc(C(O)CCN2CCOCC2)cc1,egc,3.8601,3.8776195945406178
*S(=O)(=O)c1ccc(cc1)NC(=O)CCCCCCCCC(=O)Nc1ccc(cc1)*,tg,97.0,155.41034195478747
*CC(C)(N=C=O)C1C(=O)OC(=O)C1*,egc,6.0105,5.939143807989463
*Oc1ccc(C(C)(C)c2ccc(Oc3cncc(*)n3)cc2)cc1,egc,4.2862,4.158428063830272
*CC(=S)c1ccc(C(*)=S)s1,eps,6.4,7.257072433455017
*Oc1ccc(Oc2ccc(*)s2)s1,ei,5.0541,5.348365440604641
*Oc1ccc(OC(=O)c2ccc(C(*)=O)cc2)cc1CCC(C)CC,egc,3.5259,3.6363805117675105
*Oc1c(Br)cc(C2(c3cc(Br)c(OC(*)=O)c(Br)c3)CC3CCC2C3)cc1Br,egc,4.8531,4.83764188646411
*Nc8ccc(C7(c5ccc(NC(=O)c4ccc(C3(c1ccc(C(*)=O)cc1)OC(=O)c2ccccc23)cc4)cc5)OC(=O)c6ccccc67)cc8,egc,3.8809,3.8632675638328977
*CCOC(=O)NCCOCCOCCNC(=O)O*,egc,6.1403,6.1211653299033655
*OC(C*)CS(=O)(=O)CCC,tg,43.0,65.32003098330655
*C1(OC(OC1(*)F)(C(Cl)(F)F)C(F)(F)F)F,tg,330.0,189.17445361652278
*C(C*)c1c(cccc1)C(=O)N(C)C,tg,190.0,163.91996504953767
*CCc1ccc(O*)s1,egb,4.1608,4.378037486889735
*OCCOCCOCCCNC(=O)C(NC(=O)CCCCCCCCC(=O)NC(C(=O)NCCC*)Cc1ccccc1)Cc1ccccc1,tg,44.0,23.81933907185574
*C(C*)OC(=O)c1ccc(cc1)Cl,tg,70.25,59.363318450064405
*Oc1ccc(C2(c3ccc(OC(=O)c4cccc(C(*)=O)c4)c(C)c3)c3ccccc3-c3ccccc32)cc1C,egb,3.0176,2.907810778702011
*Oc1ccc(OC(=O)c2ccc(C(*)=O)cc2)cc1C1CCCCCC1,egc,3.5076,3.67346268901988
*c1cc(-c2nc3ccccc3s2)cc(-n2c(=O)c3cc4c(=O)n(*)c(=O)c4cc3c2=O)c1,egc,2.4436,2.37014085886723
*c1sc(cc1)c1sc(c(c1)CCCCCCCC)c1sc(cc1)c1sc(cc1)c1sc(cc1CCCCCCCC)c1sc(cc1)[Si]([Si]([Si]([Si](*)(C)C)(C)C)(C)C)(C)C,tg,6.0,8.91423042444794
*Oc1ccc(Oc2ccc(NC(=C(C#N)C#N)c3cccc(C(Nc4ccc(*)cc4)=C(C#N)C#N)c3)cc2)cc1,egc,2.6924,2.7604215108013856
*OC(COC(=O)*)COCCCC,tg,-24.0,-26.173525742339972
*OC(*)C,tg,-21.07,-24.920363218160027
*NC(=O)c1c(cc(cc1)C(=O)NCC*)Sc1ccccc1,tg,172.0,162.1413623398458
*c1ccc(-c2ccc(Oc3ccc(*)s3)s2)cc1,egb,2.1882,2.444476727354811
*Oc1ccc(cc1)C(=O)NNC(=O)c1ccc(cc1)*,tg,256.2,234.23467199380397
*c1c2C(=O)N(C(=O)c2c(c2ccccc12)c1ccc(cc1)Oc1ccc(cc1)C(=O)c1cc(ccc1)C(=O)c1ccc(cc1)Oc1ccc(cc1)*)C,tg,251.0,250.54360121940903
*CC(=O)NC(*)=O,egb,4.8368,4.274526040953741
*c1cc2c(cc1OC(=O)COc1ccc3c(c1)oc(=O)cc3)oc(=O)c(c2)C(=O)Nc1ccc(cc1)Cc1ccc(cc1)NC(=O)c1c(=O)oc2c(cc(c(c2)OC(=O)COc2ccc3c(c2)oc(=O)cc3)C*)c1,tg,221.0,224.71975624448666
*Oc1ccc(cc1)C(=Nc1ccc(cc1)N=C(c1ccc(cc1)Oc1ccc(cc1)C(c1ccc(cc1)*)(C)C)C)C,tg,161.0,140.91513457277534
*Nc1ccc(C(=O)O*)cc1,nc,1.8988,1.9216383203862961
*NC(=O)NCc1ccc(cc1)CNC(=O)NCCCCCCCC*,tg,68.0,65.50250895905478
*Oc1c(cc(cc1)OC(=O)c1ccc(cc1)C(=O)*)CCC(CC)C,tg,237.0,163.21276085485815
*Oc1ccc(cc1)C(=Cc1ccc(cc1)c1ccc(cc1)C=C(c1ccc(cc1)OC(=O)CCCCC(=O)*)c1ccccc1)c1ccccc1,tg,128.0,121.30296155461235
*NC(=O)CCCCCCCCCCCCC(=O)NCCc1ccc(cc1)CC*,tg,93.0,85.82175195548916
*c1sc(cc1CC(=O)OCC)*,tg,56.7,43.27158504985653
*Oc1ccc(cc1)S(=O)(=O)c1ccc(cc1)Oc1c(cc(cc1C)C(c1cc(c(c(c1)C)*)C)(C)C)C,tg,233.29,239.65337399740437
*C(C*)(C(=O)Oc1ccc(cc1)C(=O)C=Cc1ccc(cc1)OCc1ccccc1)C,tg,152.0,109.99980429576195
*Oc1ccc(cc1)C(c1ccc(cc1)OC(=S)*)(CC(C)C)C,tg,128.0,115.2709441382387
*C(C*)(C(=O)OCCO)C,tg,83.78,54.93649931623558
*C(F)(F)C(F)(F)ON*,egc,6.8893,6.724016773668094
*C(C(*)C(=O)OC12CC3CC(CC(C1)C3)C2)C,tg,236.5,195.35007663578688
*Oc1ccc(cc1)Oc1ccc(cc1)NC(=O)c1cc(cc(c1)NC(=O)c1ccc(cc1)OC(=O)C)C(=O)Nc1ccc(cc1)*,tg,251.0,253.19577996465912
*Oc1ccc(cc1)C1(c2ccccc2c2ccccc12)c1ccc(cc1)OCCOC(=O)NCCCCCCNC(=O)OCC*,tg,61.0,122.22011456454364
*Oc1ccc(cc1)C(c1ccc(cc1)OC(=S)*)C(CC)CC,tg,148.0,127.59417519766883
*Nc1ccc(cc1)NC(=O)c1cc(cc(c1)NC(=O)c1ccccc1)C(=O)*,tg,321.0,305.8310569429418
*Nc1ccc(-c2ccc(C(*)=O)s2)s1,ei,5.182,5.0925489370926975
*NNC(=O)c1c(cccc1)C(=O)NCCCCCCNC(=O)c1c(cccc1)C(=O)*,tg,224.5,239.10592644946666
*c1cc2c(C(=O)N(C2=O)c2ccc(cc2)Oc2ccc(cc2)Oc2ccc(cc2)N2C(=O)c3c(C2=O)cc(cc3)C(*)(C(F)(F)F)C(F)(F)F)cc1,tg,272.0,275.33973131079836
*N1C(=O)c2c(C1=O)cc(cc2)Oc1cc2c(C(=O)N(C2=O)c2ccc(cc2)Oc2c(cc(cc2C(C)(C)C)c2ccc(cc2)*)C(C)(C)C)cc1,tg,342.0,347.785702957137
*OC(F)(F)OC(*)(F)F,nc,1.5596,1.5466539809604312
*N1C(=O)c2c(C1=O)cc(cc2)NC(=O)Nc1ccc(cc1)Oc1ccc(cc1)NC(=O)Nc1cc2c(C(=O)N(C2=O)c2ccc(cc2)c2nc(cc(c2)c2ccc(cc2)c2ccccc2)c2ccc(cc2)*)cc1,tg,241.0,248.79185887629495
*c1ccc(-c2ccc(-c3ccc(-c4nc5cc6sc(*)nc6cc5s4)cc3)c(-c3ccccc3)c2-c2ccccc2)cc1,egc,3.1992,3.07526955401594
*CCc1ccc(-c2ccc(*)s2)cc1,nc,1.9106,1.9048637008358238
*Oc1c(cc(cc1)C(=O)c1ccc(cc1)C(=O)c1cc(c(cc1)*)C(C)C)C,tg,149.0,140.89697500516132
*N1C(=O)c2c(C1=O)c(ccc2)Oc1cc2c(C(=O)N(C2=O)c2ccc(cc2)Oc2ccc(cc2)*)cc1,tg,277.0,269.11386899521517
*CCCCCCOC(=O)OCCCCCCOC(=O)OCCCCCCOc1ccc(C(=O)c2ccc(O*)cc2)cc1,egc,4.1722,4.305731642915529
*Nc1ccc(NC(=O)c2cc(NC(=O)c3ccc(NC(=O)C(C)N4C(=O)c5ccccc5C4=O)cc3)cc(C(*)=O)c2)cc1C,egc,2.319,2.42342131011917
*Nc1ccc(C(=O)c2ccc(*)s2)s1,eps,8.01,6.130982263580587
*C1CN(CCC1)C(=C(c1ccc(cc1)C(=O)OC*)C#N)c1ccc(cc1)OC,tg,171.5,171.76201866969075
*NOC(=S)O*,egc,4.8496,4.604953452731712
*Oc1c(cccc1)C(=O)OC(=O)c1c(cccc1)OC(=O)CCCCCC(=O)*,tg,40.0,29.73932159541629
*C1OC(C(C(C1OC(=O)C)O)O*)COC(=O)C,tg,202.0,155.07456825792102
*Nc1c(cc(cc1)Br)c1ccc(cc1)NC(=O)c1cc(ccc1)C(=O)*,tg,253.0,258.17440872444445
*C1COC2C1OCC2OC(=O)C(NC(=O)CCCCCC(=O)NC(C(=O)O*)C)C,tg,45.0,57.46198879719804
*N(c1ccc(cc1)c1ccc(cc1)*)c1cc(cc(c1)C(F)(F)F)C(F)(F)F,tg,209.0,224.22172806275896
*NC(S1)=CC=C1C(S2)=CC=C2C(=S)*,egc,2.0192,2.1050165968869825
*Oc1ccc(cc1)NC(=O)CCCCCC(=O)Nc1ccc(cc1)*,tg,180.0,193.73069387359993
*C(C*)(C(=O)OCc1c(cc(cc1)Cl)Cl)C,tg,19.4,25.574917289596186
*Oc1ccc(-c2ccc(Oc3ccc(C(C)(C)c4ccc(*)cc4)cc3)cc2)cc1,egc,4.2484,4.252919827806041
*Oc1ccc(cc1)Oc1ccc(cc1)OC(=O)c1c(cccc1)c1c(cccc1)C(=O)*,tg,147.0,139.04611196638305
*Oc1ccc(cc1)N1ON1c1ccc(cc1)OCCCCCCOC(=O)C(C(=O)OCCCCCC*)CCCCCCCCCCBr,tg,16.0,12.43563739073433
*c1cc2c(C(=O)N(C2=O)c2c(ccc(c2)N2C(=O)c3c(C2=O)cc(cc3)C(*)(C(F)(F)F)C(F)(F)F)OCCCCCCOc2ccc(cc2)N=Nc2ccc(cc2)OCC)cc1,tg,198.0,156.33816771928127
*CCCO*,ei,6.904,6.542132794488551
*CC(*)c1cc(OC)ccc1OC,egc,3.8323,4.195178656980919
*CCCCCCNC(=O)c1c(F)c(F)c(C(=O)N*)c(F)c1F,egc,4.7431,4.739232314082584
*OC1C(COC)OC(*)C(OC)C1OC,egc,5.6468,5.686964424405109
*Sc1ccc(cc1)P(=O)(c1ccc(cc1)Sc1ccc(cc1)c1ccc(cc1)*)c1ccccc1,tg,232.0,241.37096547151282
*CC(*)OC(=O)C(F)(F)C(F)(F)F,egc,6.6309,6.282564875948638
*Nc1ccc(cc1)C(c1ccc(cc1)NC(=O)c1cc(ccc1)C(=O)*)(P1(=O)c2ccccc2c2ccccc2O1)P1(=O)c2ccccc2c2ccccc2O1,tg,230.0,234.5277222491175
*c1cc2c(C(=O)N(C2=O)c2c(cc(cc2)c2cc(c(cc2)N2C(=O)c3c(C2=O)cc(cc3)C(*)(C(F)(F)F)C(F)(F)F)O)O)cc1,tg,360.0,336.786734025387
*Nc1ccc(cc1)NC(=O)c1c(ccc(c1)c1cc(c(cc1)C(=O)OC)C(=O)*)C(=O)OC,tg,234.2,251.83219549171656
*CCCCCCCCCOCO*,egc,6.4692,6.601005589069474
*CC(=O)C(=S)C(*)=O,eps,6.33,5.907068981875208
*c1cc2c(C(=O)N(C2=O)c2ccc(cc2)Oc2ccc(cc2)N2C(=O)c3c(C2=O)cc(cc3)C(=O)N2C(=O)N(C(=O)C2(C)C)C(=O)*)cc1,tg,156.0,216.14962551352463
*OC(=O)c1ccc(C(*)=O)cc1,egb,3.1295,3.7634765185583134
*Oc1ccc(cc1)NC(=O)c1ccc(cc1)c1ccc(cc1)C(=O)Nc1ccc(cc1)Oc1ccc(cc1)C1(C2CCC(C1)C2)c1ccc(cc1)*,tg,296.0,293.3657567782568
*NC(=S)Nc1ccc(*)cc1,eps,5.66,5.353933188802354
*OP(=O)(Oc1c(cc(cc1Br)C(c1cc(c(c(c1)Br)*)Br)(C(F)(F)F)C(F)(F)F)Br)Oc1ccc(cc1)Br,tg,152.0,143.2607257602379
*Oc1c(cc(cc1)Oc1ccc(cc1)C(=O)c1cc(ccc1)C(=O)c1ccc(cc1)*)S(=O)(=O)O,tg,195.0,188.8908892275429
*N(CCCNC(=O)CCCCC(=O)NCCC*)C,tg,5.0,2.5916091153769343
*c1cc2c(C(=O)N(C2=O)c2ccc(cc2)NC(=O)Nc2ccc(cc2)N2C(=O)c3c(C2=O)cc(cc3)C(=O)Nc2ccc(cc2)Cc2ccc(cc2)NC(=O)*)cc1,tg,211.0,194.15218234662768
*C(C*)c1c(cccc1)C(=O)OCC,tg,118.0,113.63937594642478
*OC(=O)c1ccc(cc1)C(=O)OCC(CC(CC*)(C)C)C,tg,-12.0,-13.818294837917152
*Oc1ccc(C(=O)c2ccc(*)cc2)cc1,egc,3.9194,3.8389260556011844
*CCCCCNC(=O)O*,egc,6.3761,6.282536886957725
*C(=NCCCCCC)N(*)CCCCCC,egc,4.3588,4.4048747356670575
*Oc1ccc(-c2ccc(C(*)=O)s2)s1,eea,2.952,3.0861706924852523
*N1C(=O)C(CC1=O)CC*,tg,121.0,130.16880996012466
*OC(=O)c1ccc(CCc2ccc(C(*)=O)cc2)cc1,egc,4.4852,4.3538454501612485
*CCc1ccc(-c2ccc(*)s2)s1,ei,5.1709,5.084954989984111
*SSCCCC*,tg,-55.0,-37.90179564945044
*C1COC2C1OCC2OC(=O)C(NC(=O)CCCCC(=O)NC(C(=O)O*)Cc1ccccc1)Cc1ccccc1,tg,97.5,103.44372873196104
*C(C*)(C(=O)OCCCCCCCCCCCCCCCC[n+]1ccc(cc1)N(C)C)C,tg,60.0,53.73968504629
*CC(*)c1ccc(C)nc1,egc,4.8601,4.835022635634573
*C1(c2c(C(=O)O1)cccc2)c1ccc(cc1)OC(=O)c1cc(cc(c1)Cl)C(=O)Oc1ccc(cc1)*,tg,313.0,300.26123426620757
*NC(=O)c1cc(ccc1)C(=O)NCCCC1(c2ccccc2c2ccccc12)CCC*,tg,175.0,158.4615243320033
*c1ccc(Oc2ccccc2-n2c(=O)c3cc4c(=O)n(*)c(=O)c4cc3c2=O)cc1,egc,2.5326,2.5491631180776255
*Oc1ccc(cc1)NC(=O)c1ccc(cc1)*,tg,225.0,198.17896060963534
*c1ccc(-c2nc(-c3ccc(-c4nc(*)sc4C(=O)O)cc3)c(C(=O)O)s2)cc1,egc,3.4119,3.1622876627067917
*CC(C#N)(C#N)C(C#N)C(C#N)(C#N)C(C#N)C(C#N)(C#N)C(C#N)C(*)(C#N)C#N,egb,5.9056,5.987018991260263
*c1cc2c(C(=O)N(C2=O)c2ccc(cc2)Cc2ccc(cc2)N2C(=O)c3c(C2=O)cc(cc3)C(=O)c2ccc(cc2)Oc2ccc(cc2)c2ccc(cc2)Oc2ccc(cc2)C(=O)*)cc1,tg,241.0,233.52546919554504
*c1ccc(-c2ccc(-n3c(=O)c4cc5c(=O)n(*)c(=O)c5cc4c3=O)cc2)cc1,egc,2.1894,2.208424686497123
*C(C=C1)=CC=C1C(C=C2)=CC=C2C(C=C3)=CC=C3C(C=C4)=CC=C4*,egc,2.5009,3.0127146406773395
*NC(=O)CCCCC(=O)NCc1cc(cc(c1)C(C)(C)C)C*,tg,109.0,115.03275139330593
*NC(CC(*)=O)C(=O)OCC,egc,5.9557,5.975500169171351
*CCCNC(=O)c1cccc(C(=O)N*)c1,egc,4.8185,5.011058270911651
*OC(=O)NCCCCCCNC(=O)OCCCCCOC(=O)c1c(cccc1)C(=O)O[Cd]OC(=O)c1c(cccc1)C(=O)OCCCCC*,tg,-6.8,0.8891008523127827
*CCOc1ccc(C(=O)OCCCCCCOC(=O)c2ccc(O*)cc2)cc1,egc,4.6906,4.604011777045771
*C(C*)(C(=O)OCc1ccc(cc1)C=CC(=O)Oc1ccc(cc1)OC)C,tg,89.0,98.2870583916121
*OC(F)(F)C(F)(F)C(*)(F)F,egc,9.4523,9.096727696793018
*OC(=O)NCCCCCCCCCNC(=O)OCC*,tg,44.0,58.23968103571812
*Oc1ccc(cc1)c1ccc(cc1)c1ccc(cc1)Oc1ccc(cc1)C(c1ccc(cc1)*)(C)C,tg,182.0,167.29712193105115
*N1C(=O)c2c(C1=O)cc(cc2)Oc1ccc(cc1)c1ccc(cc1)Oc1cc2c(C(=O)N(C2=O)c2ccc(cc2)Oc2ccc(cc2)c2ccc(cc2)Oc2ccc(cc2)*)cc1,tg,220.0,232.78755608240067
*c1cc2c(C(=O)N(C2=O)c2c(cc(cc2C)c2cc(c(c(c2)C)N2C(=O)c3c(C2=O)cc(cc3)C(=O)Oc2c(cc(cc2C)C(c2cc(c(c(c2)C)OC(=O)*)C)(C(F)(F)F)C(F)(F)F)C)C)C)cc1,tg,327.0,298.2094136913626
*N1C(=O)c2c(C1=O)cc(cc2)Oc1cc2c(C(=O)N(C2=O)c2ccc(cc2)C(c2ccc(cc2)*)c2ccccc2)cc1,tg,269.0,273.5569185507793
*CC(*)CC(C)C,egc,6.7394,6.571445067677018
*Oc1ccc(cc1)C1(CCCCC1)c1ccc(cc1)OC(=O)*,tg,175.19,164.88368354643123
*c1cc2c(C(=O)N(C2=O)c2cc(ccc2)OCCOc2cc(ccc2)N2C(=O)c3c(C2=O)cc(cc3)C(=O)*)cc1,tg,191.0,189.412041754819
*c1c2C(=O)N(C(=O)c2c(c2ccccc12)c1ccc(cc1)Oc1ccc(cc1)C(=O)c1ccc(cc1)Oc1ccc(cc1)*)c1ccc(cc1)C(F)(F)F,tg,260.0,270.7549236389467
*C(=O)c1ccc(C(=S)c2ccc(*)s2)cc1,eea,3.9759,3.908707987413411
*NC(S1)=CC=C1C(C=C2)=CC=C2C(S3)=CC=C3*,egc,2.5627,2.6219993723924824
*C(=O)Oc1ccc(C(*)=S)cc1,egb,2.3448,2.1996773798764067
*C(=C(*)c1ccccc1)c1ccc(cc1)[Si](C(C)C)(C(C)C)C(C)C,tg,250.0,225.47180619602835
*c1sc(*)c2c1OCCO2,egc,1.7526,2.1082496849315846
*OC(=O)c1c(cc(cc1)C(=O)OCCN(CC*)c1ccc(cc1)N=Nc1ccc(cc1)c1nc2c(n1CC)cc(cc2)[N+](=O)[O-])OC,tg,146.0,150.6904795797363
*N1C(=O)c2c(C1=O)cc(cc2)c1ccc(cc1)c1cc2c(C(=O)N(C2=O)CCCCCCC*)cc1,tg,135.0,129.10179421419255
*c1cccc(-c2nc3cc4nc(*)c(-c5ccccc5)nc4cc3nc2-c2ccccc2)c1,egc,2.9837,2.7240269955611067
*Oc1ccc(cc1)C1(c2ccccc2c2ccccc12)c1ccc(cc1)OC(=O)*,tg,303.33,283.4071112083814
*N=C1C=CC(*)C=C1C,egc,3.8461,3.713021865222865
*c1cc2c(C(=O)N(C2=O)c2ccc(cc2)Oc2cc3c(cc2)ccc(c3)Oc2ccc(cc2)N2C(=O)c3c(C2=O)cc(cc3)C(=O)Nc2ccc(cc2)Oc2ccc(cc2)C(c2ccc(cc2)Oc2ccc(cc2)NC(=O)*)(C(F)(F)F)C(F)(F)F)cc1,tg,250.0,246.4312369111204
*OC(=S)Oc1ccc(*)s1,egb,3.0437,3.0351722456961228
*C1C2C(C(=O)N(C2=O)c2c(cccc2)C)C(C1)C=C*,tg,248.0,249.4536826349993
*Oc1c(cc(cc1)C(c1cc(c(cc1)OC(=O)*)C)(CC)C)C,tg,119.0,108.4814250590031
*CCC(O*)(C(F)(F)F)C(F)(F)F,egb,8.3878,8.066648090184668
*Oc1cc(c(cc1)CCc1ccc(cc1)OCCCCCCCCCCCC*)C,tg,-0.9,-10.618071262516352
*c1sc(nn1)SCC(=O)NN=Cc1cc(c(cc1)OCCCCCCCCCCOc1c(cc(cc1)C=NNC(=O)CS*)OC)OC,tg,156.0,92.04273790728828
*C(C*)OC(=O)c1ccc(cc1)OC(=O)CCC,tg,61.0,45.57048318054454
*Oc1ccc(cc1)C(c1ccc(cc1)OCC(COC(=O)CCCCCCCCCCC(=O)OCC(C*)O)O)(C)C,tg,25.0,22.917212889156684
*c1ccc2c(c1)c1cc(*)ccc1n2C(=O)NO,egc,3.8619,3.6936572035580326
*Oc1ccc(-c2ccc(-c3ccc(*)cc3)s2)s1,nc,2.1712,2.2088736428485483
*OC(=O)CCCCCCCC(*)=O,egc,6.2617,5.978303021327762
*Oc1cc2c(cc1)cc(cc2)Oc1ccc(cc1)C(=O)c1ccc(cc1)*,tg,247.0,198.65114500456087
*c1cc2c(C(=O)N(C2=O)c2cc(ccc2)C(c2cc(ccc2)N2C(=O)c3c(C2=O)cc(cc3)C(*)(C(F)(F)F)C(F)(F)F)(c2ccccc2)C(F)(F)F)cc1,tg,305.0,303.7187933799444
*C(C(C(C*)OCCCC)C(=O)OC)C(=O)OC,tg,32.5,27.968076437710746
*O[Si](CCCCCCOC(=O)C(Oc1c(cc(cc1)OC(=O)c1ccc(cc1)c1ccc(cc1)OCCCCCCCCCC[Si](*)(C)C)[N+](=O)[O-])C)(C)C,tg,20.0,51.27732160850214
*OC(=O)C(NC(=O)C=CC(=O)NC(C(=O)OCCCC*)Cc1ccccc1)Cc1ccccc1,tg,103.0,112.62035289008004
*NC(CC(C)C)C(*)=O,egc,6.106,5.977650401427867
*OC(=O)Nc1cc(ccc1)P(=O)(c1cc(ccc1)NC(=O)OCCCCCC*)c1ccccc1,tg,30.0,64.68612564760902
*c1ccc(-c2nnc(*)o2)cc1,egc,3.0775,3.600587888324904
*Oc1ccc(C(=S)c2ccc(*)cc2)s1,egb,2.4038,2.3140670937499075
*Cc1ccc(C(=O)C(*)=S)cc1,eps,4.22,4.391705948070161
*CC(=O)c1ccc(-c2ccc(*)cc2)s1,nc,2.0173,2.0287101404832746
*Cc1ccc(C(=O)c2ccc(*)cc2)cc1,egb,3.8451,3.7641250304539957
*c1cc2c(C(=O)N(C2=O)c2ccc(cc2)Oc2ccc(cc2)C2(C3C4C(CCC4)C(C2)C3)c2ccc(cc2)Oc2ccc(cc2)N2C(=O)c3c(C2=O)cc(cc3)C(=O)Nc2ccc(cc2)Oc2c(cc(c(c2)C(C)(C)C)Oc2ccc(cc2)NC(=O)*)C(C)(C)C)cc1,tg,290.0,270.7640415041166
*c1ccc(*)[nH]1,egc,2.4594,2.67860325656838
*C(C*)C(=O)OCCCOc1ccc(cc1)c1ccc(cc1)C#N,tg,51.55,61.17709769029514
*C1C(C(C(C1)C=C*)(OC(C(C(F)(F)F)(F)F)(F)F)F)(F)F,tg,77.0,54.251474923358685
*C1(c2c(C(=O)O1)cccc2)c1ccc(cc1)OC(=O)c1ccc(cc1)C(=O)Oc1ccc(cc1)*,tg,279.0,297.89781785874726
*c1cc2c(C(=O)N(C2=O)c2cc(ccc2)N2C(=O)c3c(C2=O)cc(c(c3)Cl)C(=O)*)cc1Cl,tg,313.0,317.1001580428673
*NC(=O)CCC(c1ccc(cc1)C(CCC(=O)NCCCCCC*)(C)C)(C)C,tg,92.0,91.99658934976517
*C(C(*)(F)F)(C(C(C(C(C(F)(F)F)(F)F)(F)F)(F)F)(F)F)F,tg,232.5,169.19669099698578
*c1c([nH]c(n1)c1cc(ccc1)c1[nH]c(c(n1)c1ccc(cc1)Oc1ccc(cc1)C(=O)c1ccc(cc1)c1ccc(cc1)C(=O)c1ccc(cc1)Oc1ccc(cc1)*)c1ccccc1)c1ccccc1,tg,276.0,271.6164803170545
*CC(C)C1COC2C(C(=O)OC(O)(C(F)(F)F)C(F)(F)C*)CC12,egc,6.2241,6.239269751843083
*C(C*)(C(=O)Oc1ccc(cc1)C(=O)Oc1ccccc1)C,tg,99.0,90.92821314002782
*N1C(=O)c2c(C1=O)cc(cc2)Oc1ccc(cc1)C1(CCC(CC1)c1ccccc1)c1ccc(cc1)Oc1cc2c(C(=O)N(C2=O)c2ccc(cc2)Oc2c(cc(cc2)Oc2ccc(cc2)*)C(C)(C)C)cc1,tg,236.0,232.05527256868993
*Oc1cc(c(cc1)CCc1ccc(cc1)OCCCCCCCCCC*)C,tg,-3.8,8.09170237480448
*O[Si](COC(=O)CCCCCCCCC(=O)Oc1ccc(cc1)S(=O)(=O)c1ccc(cc1)Oc1ccc(cc1)C=C1C(=O)C(=Cc2ccc(cc2)Oc2ccc(cc2)S(=O)(=O)c2ccc(cc2)OC(=O)CCCCCCCCC(=O)OC[Si](*)(C)C)CCC1)(C)C,tg,80.0,75.6642306196377
*c1nc2c([nH]1)ccc(c2)c1ccc2c(nc([nH]2)c2cc(ccc2)*)c1,tg,415.89,392.96516500315477
*C(F)(F)NC(F)(F)N*,egc,8.2137,7.7819491417767495
*N1C(=O)C(=C(C1=O)c1ccccc1)c1ccc(cc1)C1=C(C(=O)N(C1=O)c1ccc(cc1)C1(c2ccccc2c2ccccc12)c1ccc(cc1)*)c1ccccc1,tg,325.67,326.9937648405686
*N1C(=O)c2c(C1=O)cc(cc2)C(c1cc2c(C(=O)N(C2=O)CCCCCCCCCCCC*)cc1)(C(F)(F)F)C(F)(F)F,tg,100.0,96.54492473593459
*Cc1ccc(CO*)s1,nc,1.8606,1.8459858031231653
*c1cc2c(C(=O)N(C2=O)c2c(c(cc(c2)C(F)(F)F)N2C(=O)c3c(C2=O)cc(cc3)C(=O)Nc2c(c(cc(c2)C(F)(F)F)NC(=O)*)Oc2ccc(cc2)C(F)(F)F)Oc2ccc(cc2)C(F)(F)F)cc1,tg,315.0,297.1436999561753
*Nc1cc(ccc1)NC(=O)CCCCC(=O)Nc1ccc(cc1)C(=O)NC(=S)*,tg,267.0,269.9557687543959
*CC(COCC=C)O*,egc,5.2711,5.350357669231301
*C(C*)(C(=O)OCC(F)(F)F)C,tg,78.27,86.02301705613884
*C#CC#CCCCCCCCC*,egc,5.4216,5.52692234527517
*c1cc2c(C(=O)N(C2=O)c2c(cc(cc2C)Cc2cc(c(c(c2)C)N2C(=O)c3c(C2=O)cc(cc3)C(*)(C(F)(F)F)C(F)(F)F)C)C)cc1,tg,307.5,314.9477098573552
*C1C(=O)N(C(=O)C1*)CCCCCCOc1ccc(cc1)c1ccc(cc1)C#N,tg,76.0,56.993830826457035
*C1C(=O)OC(=O)C1C(C*)c1ccccc1,tg,177.0,168.07197474789794
*c1cc2cc(*)sc2s1,egc,3.3358,3.1298897206871845
*OC(C(=O)N(S(=O)(=O)C(C(*)(F)F)(F)F)[Li])(C(F)(F)F)F,tg,67.0,46.70034589420497
*c1ccc(cc1)c1c(cc(c(c1c1ccccc1)c1ccccc1)c1ccc(cc1)c1c(c(c(c(c1)c1ccccc1)c1ccc(cc1)CCCCCC*)c1ccccc1)c1ccccc1)c1ccccc1,tg,250.0,239.85066334337316
*C(C(C(C*)C#N)CCC(O)(C)C=C)(C)C,tg,50.0,110.95147755651118
*C=CC(C)=C(C)C=Cc1ccc(-c2ccc(*)s2)s1,egc,1.5733,1.6024318821626604
*c1cc2c(C(=O)N(C2=O)c2ccc(cc2)C(=O)Nc2ccc(cc2)S(=O)(=O)c2ccc(cc2)NC(=O)*)cc1,tg,227.33,273.1625350290778
*CCCCCCCCCCCCCCCCCCCCOC(=O)c1ccccc1C(=O)O*,egc,5.216,5.150033512056967
*c1cc2C(c3c(c2cc1)ccc(c3)c1c(cc(c(c1)F)*)F)(CCCCCCCC)CCCCCCCC,tg,34.0,36.24037174591328
*Oc1ccc(Oc2ccc(C(=O)c3ccc(*)cc3)cc2)cc1C(=O)O,egc,3.6534,3.5136546379647284
*C(=O)c1ccc2nc(-c3ccc(-c4nc5ccc(*)cc5nc4-c4ccccc4)cc3)c(-c3ccccc3)nc2c1,egc,3.0508,3.1155185074896874
*SC(=O)CCC(CC*)C,tg,-50.0,-15.657305150691572
*c1nc(nc(c1c1ccc(cc1)OC)OCCOC(=O)c1ccc(cc1)C(=O)OCCO*)c1ccc(cc1)OCCCC,tg,94.0,110.86969760417495
*c1cc2c(C(=O)N(C2=O)c2cc(ccc2)N2C(=O)c3c(C2=O)cc(cc3)C(=O)Oc2ccc(cc2)C(c2ccc(cc2)OC(=O)*)(C)C)cc1,tg,225.0,222.86804634939463
*c1ccc(-c2ccc(-c3cc(OCCCCCCCCCCCC)c(*)s3)s2)s1,egc,1.9946,1.948409969394199
*CCCCOC(=O)CCCCSCCCCC(=O)O*,egc,5.4021,5.26799703187336
*Nc1ccc(cc1)N[Se]*,tg,55.0,70.1993127610143
*c1ccc(C(F)(F)NC(*)(F)F)s1,eps,4.48,4.059265094249939
*OC(=O)c1ccc(cc1)c1ccc(cc1)C(=O)OCCCCCC*,tg,52.0,41.120251692444356
*CCOC(=O)CCCCCCC(=O)O*,eea,0.8924,1.085319273235087
*OP(=O)(OCCCCCCCCCCOc1ccc(cc1)C=Cc1ccc(cc1)OCCCCCCCCCC*)OCCCCCCCCCCOc1ccc(cc1)N=Nc1ccc(cc1)C#N,tg,60.0,52.2954613224032
*c1ccc2c(c1)c1cc(*)ccc1n2C(=O)OCC,egc,3.932,3.681102984183417
*c1cc2c(C(=O)N(C2=O)c2ccc(cc2)Oc2ccc(cc2)N2C(=O)c3c(C2=O)cc(cc3)C(=O)Nc2c(cc(cc2)NC(=O)*)OCCCCCCS(=O)(=O)c2ccc(cc2)C=Cc2ccc(cc2)N(C)C)cc1,tg,192.0,187.63423809406999
*CCC(F)(F)C(*)(F)F,eps,3.08,3.4489310797991344
*CC(*)N1CCCC1=O,egb,5.5902,5.581132152929765
*NC(=O)CCCCCCCCCCCCCCC(=O)NCCCCCCCCCCCC*,tg,46.0,56.604730568158864
*Oc1c(cc(cc1)C=C1C(=O)C(=Cc2cc(c(cc2)OC(=O)c2ccc(cc2)N=Cc2ccc(cc2)C=Nc2ccc(cc2)C(=O)*)OC)CC1)OC,tg,140.0,148.19252532158296
*c1cc2c(C(=O)N(C2=O)c2ccc(cc2)Oc2ccc(cc2)C(=O)c2cc(ccc2)C(=O)c2ccc(cc2)Oc2ccc(cc2)N2C(=O)c3c(C2=O)cc(cc3)C(=O)*)cc1,tg,227.82,226.90205010985255
*C(CCC*)C,tg,-56.55,-39.55378846898878
*N1C(=O)c2c(C1=O)cc(cc2)Oc1cc(ccc1)Oc1cc2c(C(=O)N(C2=O)c2ccc(cc2)Oc2ccc(cc2)S(=O)(=O)c2ccc(cc2)Oc2ccc(cc2)*)cc1,tg,201.0,203.39311536407678
*c1cccc(C(c2ccccc2)(c2cccc(N3C(=O)c4ccc(Oc5ccc6c(c5)C(=O)N(*)C6=O)cc4C3=O)c2)C(F)(F)F)c1,egc,3.4747,3.473640609992541
*Oc1cc(ccc1)OC(=O)c1cc(cc(c1)OCCCCC)C(=O)*,tg,96.0,97.510375160844
*CCC(=O)C(S1)=CC=C1*,egc,3.959,3.7768605446621177
*c1ccc2oc(*)nc2c1,egc,3.9774,3.850043574364149
*c1cc(CCOc2ccc(N=Nc3ccc(C#N)cc3)cc2)c(*)s1,egc,2.0292,1.9699968277289313
*N1C(=O)c2c(C1=O)cc(cc2)c1cc2c(C(=O)N(C2=O)c2cc(cc(c2)C(F)(F)F)Oc2c(cc(cc2C)c2cc(c(c(c2)C)Oc2cc(cc(c2)C(F)(F)F)*)C)C)cc1,tg,281.1,276.5211845749836
*CC(=S)NO*,egb,3.2554,3.0761288848107724
*OC(=O)c1cc(cc(c1)OCCC1CCN(CC1)c1ccc(cc1)S(=O)(=O)C(C(C(C(C(C(C(C(F)(F)F)(F)F)(F)F)(F)F)(F)F)(F)F)(F)F)(F)F)C(=O)OCCN(CC*)c1ccc(cc1)S(=O)(=O)C(C(C(C(C(C(C(C(F)(F)F)(F)F)(F)F)(F)F)(F)F)(F)F)(F)F)(F)F,tg,86.0,58.16925971724208
*Oc1c(cc(cc1OC)C=Cc1c(cc(c(c1)CCCCCC)C=Cc1cc(c(c(c1)OC)OCCCCCCCC*)OC)CCCCCC)OC,tg,21.0,65.1396866402966
*c1c2c(c(nn1)c1ccc(cc1)Oc1ccc(cc1)C(=O)c1ccc(cc1)Oc1ccc(cc1)*)c(c(c(c2c1ccccc1)c1cc2c(cc1)cccc2)c1cc2c(cc1)cccc2)c1ccccc1,tg,305.67,297.43282650655516
*C(C*)c1c(cccc1)COC,tg,89.0,98.72625247096401
*Oc1cc(ccc1)NC(=O)c1ccc(cc1)C(=O)Nc1cc(ccc1)OCCOCCOCC*,tg,116.0,97.98058619877506
*C(=S)C(F)(F)c1ccc(C(*)(F)F)s1,eea,4.1531,4.042101154465058
*Oc1c(cc(cc1)Oc1ccc(cc1)NC(=O)c1ccc(cc1)Oc1c(cc(cc1)Oc1ccc(cc1)C(=O)Nc1ccc(cc1)*)c1ccccc1)c1ccccc1,tg,200.5,203.46242589880984
*C(C(C(C*)OCC)C(=O)OC)C(=O)OC,tg,50.0,54.94142781668641
*Oc1ccc(cc1)S(=O)(=O)c1ccc(cc1)Oc1ccc(cc1)C1(CCCC1)c1ccc(cc1)Oc1ccc(cc1)S(=O)(=O)c1ccc(cc1)Oc1ccc(cc1)C=C1C(=O)C(=Cc2ccc(cc2)*)CC1,tg,240.0,204.66469134411096
*c1c2n(c3c(c2cc(c1)C(C)(C)C)cc(cc3C#C*)C(C)(C)C)CCCCCCCCCCCCCCCC,tg,80.0,97.77106970058273
*C(C*)(C(=O)OCCCCCCCCOc1ccc(cc1)N=Nc1ccc(cc1)C1OCC2(CO1)CC1C=CC2C1)C,tg,106.2,114.34293578086893
*C(=O)c1ccc(Oc2ccc(*)s2)cc1,nc,2.0027,1.9849857780526436
*Cc1ccc(CNC(=O)CCCCCCCCCCCCCC(=O)N*)cc1,egc,5.2897,5.284683783494395
*C(=C(C(C(*)([2H])[2H])([2H])[2H])[2H])C([2H])([2H])[2H],tg,-58.0,24.196368002292704
*Nc1ccc(C(=O)c2ccc(*)s2)s1,eea,3.0129,3.0447159317114667
*Nc1ccc(NC(=O)c2cc(NC(=O)c3ccccc3)cc(C(*)=O)c2)cc1,egc,3.3958,3.4843091831848194
*c1nc2c([nH]1)ccc(c2)NC(=O)c1ccc(cc1)OCCOCCOCCOCCOc1ccc(cc1)C(=O)Nc1cc(ccc1)*,tg,155.0,136.99698423460126
*C1C(=O)N(C(=O)C1*)c1c(cccc1)C,tg,335.0,252.52884992913172
*c1ccc2n(c3c(c2c1)cc(cc3)c1cc2C(c3c(c2cc1)ccc(c3)*)(CCCCCC)CCCCCC)c1ccc(cc1)C,tg,155.0,171.44774769194214
*NC(=O)CCCCC(=O)NCC*,tg,71.0,79.74448134768723
*N1C(=O)c2c(C1=O)cc(cc2)C(=O)c1cc2c(C(=O)N(C2=O)CCCCCCCCCCC(=O)Nc2cc(ccc2)Oc2ccc(cc2)NC(=O)CCCCCCCCCC*)cc1,tg,126.0,103.02993396161378
*C1C(C2CC(C1C2)*)CCCCCC,tg,237.33,226.37338760514402
*NC(=O)CCCCCCCCCCCC(=O)NCCCCCCCCCCCCC*,tg,56.5,45.19772429945091
*N1C(=O)c2c(C1=O)cc(cc2)C(=O)Oc1cc2c(cc1)cc(cc2)OC(=O)c1cc2c(C(=O)N(C2=O)CC(CCC*)C)cc1,tg,130.0,139.70673158590176
*c1oc(nc1)c1cc(c(cc1)Oc1ccc(cc1)C(c1ccc(cc1)Oc1c(cc(cc1)*)C(F)(F)F)(C)C)C(F)(F)F,tg,185.0,157.08344650049048
*C(=S)Oc1ccc(-c2ccc(*)s2)s1,nc,2.2317,2.2262227708562667
*Oc1ccc(Oc2ccc(*)s2)s1,eps,3.9,3.9461713694157203
*Cc1ccc(COC(=O)CCC(=O)O*)cc1,egc,5.464,5.331264661896226
*NC1CCC(CC1)CC1CCC(CC1)NC(=O)CCCCC(=O)*,tg,173.33,166.57805757548158
*c1ccc(-c2cnc3cc(-c4ccc5nc(*)cnc5c4)ccc3n2)cc1,egc,3.2178,3.1454044553356266
*CC(=S)c1ccc(N*)cc1,eps,5.48,5.498059984900966
*CCOCCOCCOC(=O)COCC(=O)O*,egc,6.0666,6.031615044667315
*CC(*)c1ccc(C(=O)OCC(C)C)cc1,egb,4.8032,4.207801421394678
*N1C(=O)c2c(C1=O)c(ccc2)Oc1c(cc(cc1C)Cc1cc(c(c(c1)C)Oc1c2c(C(=O)N(C2=O)c2ccc(cc2)Oc2ccc(cc2)*)ccc1)C)C,tg,270.0,274.31967684890486
*CCN(*)C(=O)CO,egc,5.9405,5.955548163338652
*CC(=O)OC(=O)*,egc,6.3725,6.811384323143936
*N1C(=O)c2c(C1=O)cc(cc2)Oc1cc2c(C(=O)N(C2=O)c2cc(c(c(c2)Br)Oc2c(cc(cc2Br)*)Br)Br)cc1,tg,283.0,279.9095001069451
*C1COC2C1OCC2OC(=O)C(NC(=O)CCCCC(=O)NC(C(=O)O*)CC(C)C)CC(C)C,tg,91.0,101.793026674504
*c1cc(SC)c(*)s1,egc,1.5945,1.787573543850747
*Oc1cc2c(cc1)cc(cc2)C(=O)NCC*,tg,182.0,168.42261730859454
*C(C*)c1c(ccc(c1)C(=O)OC)c1ccc(cc1)OCCCCCCCC,tg,126.0,111.75911862188543
*c1ccc(C(=O)C(F)(F)C(*)(F)F)cc1,ei,7.7091,7.443574158991218
*Oc1cc(c(cc1)S(=O)(=O)c1c(cc(cc1)Oc1c(cc(cc1C)C(c1cc(c(c(c1)C)*)C)(C(F)(F)F)C(F)(F)F)C)C(O)(C(F)(F)F)C(F)(F)F)C(O)(C(F)(F)F)C(F)(F)F,tg,196.0,196.82008100326286
*[Si](C/C=C\C*)(C)C,tg,-57.5,-55.12041388244284
*C(=O)c1ccc(-c2ccc(-c3ccc(*)cc3)s2)cc1,nc,2.2925,2.248912068973193
*c1cc2c(C(=O)N(C2=O)c2ccc(cc2)C(=O)OCCCCCOC(=O)*)cc1,tg,90.0,89.52194364611903
*CCOC(=O)CCCCCC(=O)O*,egc,6.8822,6.72244976531405
*c1oc(nn1)c1ccc(cc1)Oc1c2c(ccc1)c(ccc2)NC(=O)c1ccc(cc1)C(c1ccc(cc1)C(=O)Nc1c2c(ccc1)c(ccc2)Oc1ccc(cc1)*)(C(F)(F)F)C(F)(F)F,tg,279.0,267.97641471190974
*C=CCCCCCCCCCC(CCCCCCCCC*)Cl,tg,-37.0,-16.886790649421457
*c1cc2c(C(=O)N(C2=O)c2ccc(cc2)C2(c3ccccc3c3ccccc23)c2ccc(cc2)N2C(=O)c3c(C2=O)cc(cc3)C(=O)*)cc1,tg,368.2,351.790314206261
*OC(F)(F)c1ccc(C(*)(F)F)cc1,nc,1.7269,1.746314181006119
*C(C*)c1ccc(cc1)COCCC(C(C(C(F)(F)F)(F)F)(F)F)(F)F,tg,13.0,18.165861678325847
*CC(C=C1)=CC=C1OC(S2)=CC=C2*,egc,4.5691,4.69201590641502
*C(C*)(C(=O)OCc1c(c(ccc1)Cl)Cl)C,tg,42.6,27.884035841599527
*CNc1ccc(C(*)=O)s1,egb,2.5818,2.740143797628082
*Oc1ccc(OC(=O)c2ccc(OCCCCCCCCCCOc3ccc(C(*)=O)cc3)cc2)cc1S(=O)(=O)c1ccccc1,egc,4.4922,4.5030404248787885
*OP(=O)(OCCOc1ccc(cc1)S(=O)(=O)c1ccc(cc1)OCC*)Oc1ccc(cc1)Br,tg,59.0,46.750915327747535
*C(=S)c1ccc(C(F)(F)C(*)(F)F)s1,eea,4.1828,3.976744347279349
*C=C1CCC(=Cc2ccc(Sc3ccc(*)o3)o2)C1=O,egc,2.4731,2.4921100268778016
*CC(=S)C(=O)O*,egb,2.0697,2.184640764674766
*OC(=O)c1ccc(cc1)c1ccc(cc1)c1ccc(cc1)C(=O)OCCOCCOCCOCCOCCOCCOCCOCCOCCOCC*,tg,13.33,18.533652693761955
*NCC(F)(F)C(*)(F)F,egb,7.8675,7.307157178226867
*CC(=O)N*,egc,6.0823,5.945807135205035
*C=Cc1cccc(C=Cc2cc(*)nc(-c3ccccc3)n2)c1,egc,3.248,3.0063410067323937
*Oc1ccc(C(=O)c2ccc(C(=O)NOC(*)=O)s2)cc1,egb,2.9014,3.092971755963943
*NNC(=O)c1cc(cc(c1)NC(=O)c1cc2c(C(=O)N(C2=O)c2ncc(cc2)C)cc1)C(=O)NNC(=O)c1ccc(cc1)C(=O)*,tg,145.6,151.3764279010979
*C1C(=O)N(C(=O)C1C(C*)(C)C)C,tg,156.5,155.17920985499438
*c1cccc(-c2nnc(-c3cccc(-c4nnc(*)o4)n3)o2)c1,egc,3.6938,3.532847244140771
*NC(=S)NC(C=C1)=CC=C1*,egc,3.4701,3.208401639018028
*c1nc2cc(S(=O)(=O)c3ccc4oc(C5CCC(*)CC5)nc4c3)ccc2o1,egc,4.8558,4.908227096109957
*CCC(=O)OC(=O)Cc1ccc(-c2ccc(*)cc2)cc1,ei,6.1951,6.601164044205484
*Oc1c2c(ccc1)ccc(c2)Oc1ccc(cc1)NC(=O)c1ccc(cc1)C(c1ccc(cc1)C(=O)Nc1ccc(cc1)*)(C(F)(F)F)C(F)(F)F,tg,252.0,257.7438582176629
*C(C*)(C(=O)OCCCCCCCCCCCCOc1cc2c(cc1)cc(cc2)C(=O)Oc1ccccc1)C,tg,12.0,20.627544593455088
*N1C(=O)c2c(C1=O)cc(cc2)Sc1ccc(cc1)Sc1ccc(cc1)Sc1cc2c(C(=O)N(C2=O)c2ccc(cc2)Sc2ccc(cc2)Sc2ccc(cc2)Sc2ccc(cc2)*)cc1,tg,176.45,182.61403762315155
*SC(C*)CC,tg,-50.0,-51.42222303750875
*OC(=O)c1ccc(cc1)C=Cc1ccc(cc1)C(=O)OCCCCC*,tg,60.0,55.56902624431148
*N1C(=O)c2c(C1=O)cc(cc2)Oc1c2c(ccc1)c(ccc2)Oc1cc2c(C(=O)N(C2=O)c2ccc(cc2)Oc2ccc(cc2)S(=O)(=O)c2ccc(cc2)Oc2ccc(cc2)*)cc1,tg,201.0,231.693276602794
*NC(=O)c1ccc(C(*)=S)s1,nc,2.2308,2.2287748492487798
*OC(CCCCC)CC(*)=O,egc,6.5462,6.7066346529405765
*c1cc(CC(=O)OCCCCCCOc2ccc(N=Nc3ccc(C#N)cc3)cc2)c(*)s1,egc,2.6018,2.4664623846061207
*c1c(cc(c(c1)OC)C(=Cc1c(cc(c(c1)OC)C=C(*)C#N)OCCCCCCCCCCCC)C#N)OCCCCCCCCCCCC,tg,181.0,191.4369116458972
*CC(=S)C(=O)O*,nc,1.92,1.9390157763979696
*C(C*)c1ccc(cc1)COCCC,tg,22.0,26.31014353307724
*Nc1ccc(-c2ccc(Nc3ccc4c(c3)c3cc(*)ccc3n4CC(CC)CCCC)cc2)cc1,egc,3.3558,3.277223132230819
*c1cc2c(C(=O)N(C2=O)c2ccc(cc2)Oc2c(c(ccc2)Oc2ccc(cc2)N2C(=O)c3c(C2=O)cc(cc3)C(=O)Nc2cc(ccc2)Oc2c(c(ccc2)Oc2cc(ccc2)Oc2c(c(ccc2)Oc2cc(ccc2)NC(=O)*)C#N)C#N)C#N)cc1,tg,199.0,188.7067944023501
*Cc1ccc(C(=O)c2ccc(*)s2)s1,egb,2.7131,2.7000581337076177
*Cc1ccc(Oc2ccc(*)s2)cc1,eps,3.59,3.5995987452202174
*NC(=O)c1ccc(cc1)C(=O)NCCC(CCC*)C(C)C,tg,146.5,147.43641149256652
*c1cc2c(C(=O)N(C2=O)c2cc(ccc2)C(=O)Nc2ccc(cc2)c2ccc(cc2)NC(=O)c2cc(ccc2)N2C(=O)c3c(C2=O)cc(cc3)C(*)(C(F)(F)F)C(F)(F)F)cc1,tg,324.0,321.0061690336212
*CC(C)CO*,egb,7.3501,7.0510753425392245
*C(C*)(C(=O)OCSC)C,tg,60.0,34.96709344925178
*c1ccc(-c2nc3cc(-c4ccc5nc(*)c(-c6ccccc6)nc5c4)ccc3nc2-c2ccccc2)cc1,egc,2.983,3.193355003163321
*CCCCCCNC(=O)CCCCCCCCC(=O)N*,egc,6.0268,5.9435065668319265
*c1c2n(c3c(c2cc(c1)C(C)(C)C)cc(cc3C#CC#C*)C(C)(C)C)CCCCCCCCCCCCCCCC,tg,67.0,95.62442065443622
*Oc1c(cc(c(c1)OC(=O)c1ccc(cc1)OCCCC)OC(=O)CCCCCCCC(=O)*)OC(=O)c1ccc(cc1)OCCCC,tg,38.0,33.916530043111194
*Cc1ccc(C(=S)O*)cc1,eea,2.8319,2.778052489374251
*C1C(CC(C1)C=C*)(C[Si](C)(C)C)C#N,tg,128.0,118.7224545213335
*Oc1ccc(cc1)N1ON1c1ccc(cc1)OCCCCCCOC(=O)C(C(=O)OCCCCCC*)CCCCCCCCCCP(=O)(O)O,tg,12.5,21.4323799436904
*N1C(=O)c2c(C1=O)cc(cc2)Oc1ccc(cc1)Oc1cc2c(C(=O)N(C2=O)c2ccc(cc2)Oc2ccc(cc2)S(=O)(=O)c2ccc(cc2)Oc2ccc(cc2)*)cc1,tg,201.0,219.10233031227543
*Oc1cc(c(cc1)CCc1ccc(cc1)OCCCCCCCCC*)C,tg,-1.1,6.364183101723204
*c1sc(cc1CCCCCCOC(=O)COC)*,tg,37.0,73.3751310568351
*N1C(=O)c2c(C1=O)cc(cc2)Oc1ccc(cc1)C(c1ccc(cc1)Oc1cc2c(C(=O)N(C2=O)c2ccc(cc2)Oc2ccc(cc2)*)cc1)(C)C,tg,217.25,236.32605237036012
*C(c1cccs1)=c1ccc(=c2ccc(=C(c3cccs3)c3ccc(-c4ccc(*)s4)s3)s2)s1,egc,1.0381,1.1209341645325877
*Oc1c(c(c(c(c1C)C)NC(=O)c1ccc(cc1)C(=O)Nc1ccc(cc1)*)C)C,tg,333.0,301.59917276646996
*N=P(*)(Oc1ccc(cc1)C)Oc1ccc(cc1)C,tg,0.3,-24.27499796589073
*C1CC(C)(C)OC1*,egc,5.8529,5.487205195579393
*C1OCC(CO1)OC(=O)CCCCCCC*,tg,6.5,-21.50143157324385
*CC1CC(*)OC(C)O1,egc,6.0468,6.332604594471474
*Oc1ccc(cc1)C(c1ccc(cc1)OC(=O)c1ccc(cc1)C(c1ccc(cc1)C(=O)*)(CC)C)(C)C,tg,207.5,210.0154380360904
*N1C(=O)c2c(C1=O)c(ccc2)Oc1ccc(cc1)S(=O)(=O)c1ccc(cc1)Oc1c2c(C(=O)N(C2=O)c2ccc(cc2)Oc2cc(ccc2)Oc2ccc(cc2)*)ccc1,tg,230.0,216.44302277336163
*OC(=S)OC(*)=O,ei,7.3548,7.470243990948027
*CC(*)(F)F,nc,1.6122,1.5841910920958964
*C(=O)c1ccc(C(=O)c2ccc(*)s2)cc1,ei,7.268,7.057249279385452
*C1OCCC1*,tg,131.43,89.32015720477688
*Oc1cc(ccc1)NC(=O)c1ccc(cc1)[Si](c1ccc(cc1)C(=O)*)(C)C,tg,220.0,216.61395835851923
*C1COC2C1OCC2OC(=O)OCCCCCCOC(=O)O*,tg,25.67,51.016059875050104
*OS(=O)(=O)c1ccc(cc1)Oc1ccc(cc1)S(=O)(=O)Oc1ccc(cc1)C(c1ccc(cc1)*)(C)C,tg,110.0,121.83067535538113
*C(C*)c1ccc(cc1)COCCOCCCCCCCC,tg,-42.0,-10.663486698320352
*Oc1c2c(ccc1)ccc(c2)Oc1ccc(cc1)NC(=O)c1ccc(cc1)Oc1cc(ccc1)Oc1ccc(cc1)C(=O)Nc1ccc(cc1)*,tg,196.0,195.8147348403055
*OC(c1ccc(OC)cc1)C(C)(C)C(*)=O,egc,5.0038,5.019642467876759
*c1c(cc(cc1)*)C(=O)c1ccc(cc1)C,tg,202.0,201.94948030846075
*c1ccc([Si](c2ccccc2)(c2ccccc2)c2ccc(-c3nnc(*)o3)cc2)cc1,egc,4.0946,3.840483046989164
*c1nc2c(c(c1)c1ccccc1)cc(cc2)Oc1cc2c(nc(cc2c2ccccc2)c2c(ccc(c2)*)OCCN(c2ccc(cc2)c2sc(cc2)C(=C(C#N)C#N)c2sc(cc2)c2ccc(cc2)N(CC)CC)CC)cc1,tg,205.0,178.59825908721976
*Nc1ccc(cc1)c1ccc(cc1)NC(=O)c1cc(cc(c1)S(=O)(=O)c1ccccc1)C(=O)*,tg,319.0,306.636664422575
*c1cc2c(C(=O)N(C2=O)c2cc(ccc2)N2C(=O)c3c(C2=O)cc(cc3)C(=O)Nc2cc(cc(c2)c2nc3c([nH]2)cccc3)NC(=O)*)cc1,tg,361.0,358.35367151927454
*c1ccc(*)c(C(=O)c2c(F)c(F)c(F)c(F)c2F)c1,egc,4.0903,3.9891183321682466
*Cc1ccc(-c2ccc(-c3ccc(*)s3)s2)s1,eea,2.0787,1.9943287752114927
*c1cc(OCC(=O)C23CC4CC(CC(C4)C2)C3)c(*)cc1OC,egc,4.0135,3.781192645762963
*C(F)(F)CC(F)(F)C(S1)=CC=C1*,egc,5.0751,5.030291896630471
*C(C*)c1ccc(cc1)S(=O)(=O)N(S(=O)(=O)C(F)(F)F)[Li],tg,152.0,111.68928996580591
*c1ccc(OC(=O)c2cccc(C(=O)Oc3ccc(C4(*)OC(=O)c5ccccc54)cc3)c2)cc1,egc,3.9147,4.012620498372666
*Oc1ccc(cc1)C(=O)OCCCCCCOC(=O)c1ccc(cc1)*,tg,15.0,36.674747123034884
*CCCCCCCCc1nc(-c2ccc(-c3csc(*)n3)cc2)cs1,egc,3.6182,3.4398061766736006
*OP(=O)(N=Nc1ccc(cc1)Oc1ccc(cc1)N=NP(=O)(OCC*)OCC)OCC,tg,22.0,18.307584730531207
*c1cc2Oc3c(C4(c2cc1)c1ccccc1c1ccccc41)ccc(c3)OC(=O)O*,tg,295.0,291.6692223642725
*c1cc2c(C(=O)N(C2=O)c2cc(ccc2)C(=O)Nc2ccc(cc2)Oc2ccc(cc2)C(c2ccc(cc2)Oc2ccc(cc2)NC(=O)c2cc(ccc2)N2C(=O)c3c(C2=O)cc(cc3)C(*)(C(F)(F)F)C(F)(F)F)(C)C)cc1,tg,259.0,255.85911920309763
*O[Si](C)(C)Oc1ccc(*)cc1,egc,4.9485,4.896495159078524
*OC(C)CCOC(=O)CC(*)=O,egc,6.8752,6.527642766885386
*CCCC(*)=O,nc,1.6556,1.6857591403401704
*Oc1ccc(OC(=O)c2ccc(C(*)=O)cc2)cc1,egc,3.7683,3.7615360828337825
*S(=O)(=O)NCCNS(=O)(=O)c1cc(ccc1)*,tg,107.0,109.20569614748052
*N1C(=O)c2c(C1=O)cc(cc2)Oc1ccc(cc1)S(=O)(=O)c1ccc(cc1)Oc1cc2c(C(=O)N(C2=O)c2ccc(cc2)Oc2ccc(cc2)*)cc1,tg,260.0,247.55765649839503
*Oc1ccc(cc1)C1(CCC(CC1)C(c1ccc(cc1)Oc1ccc(cc1)C(=O)c1ccc(cc1)*)(C)C)C,tg,200.0,203.9234355854319
*Oc1ccc(cc1)C(=O)Nc1cc(cc(c1)C(=O)OCCOC(=O)C=Cc1ccc(cc1)N(C)C)NC(=O)c1ccc(cc1)*,tg,182.0,189.0776164550866
*CC1CC(*)OCO1,egc,6.5995,6.4484236664358825
*C(C*)c1ccc(cc1)c1cc2C(c3c(c2cc1)ccc(c3)c1cc2C(c3c(c2cc1)cccc3)(CCCCCC)CCCCCC)(CCCCCC)CCCCCC,tg,78.33,109.12657237644754
*Nc1ccc(NC(*)=S)s1,eps,5.78,5.328339265905431
*Oc1c(cc(cc1)OC(=O)c1c(cc(cc1)C(=O)*)Sc1ccccc1)C,tg,130.0,136.35568301544146
*C(C*)(CC(=O)O)C(=O)O,tg,141.0,162.60209905578373
*CC(=S)C(S1)=CC=C1O*,egc,2.8161,2.68815258762655
*C=NN=Cc1cc(CCCCCCCCCCCC)c(*)s1,egc,1.846,2.016256978013634
*Cc1ccc(CNC(=O)CCCCCCCCCCCCCCCCCCCCC(=O)N*)cc1,egc,5.5873,5.434180555771746
*OC1(C)CCC(*)CC1CCCCCCCC,egc,5.4763,5.478509901608632
*CC(S1)=CC=C1CC(=S)*,egc,3.2956,2.9039726204797662
*C(=O)c1ccc(C(=O)C(*)=S)s1,ei,6.8471,6.865693543945034
*CC(*)(C)C(=O)OCc1ccc2c(c1)c1ccccc1n2CC,egc,3.4735,3.4664762852014173
*CCCCCCCCCCOC(=O)CCCCCCCCC(=O)O*,egc,6.7107,6.820250136903587
*Oc1ccc(cc1)CC(NC(=O)CCc1ccc(cc1)OC(=O)*)C(=O)OCCCC,tg,67.0,73.97919499583962
*c1cc2c(C(=O)N(C2=O)c2ccc(cc2)Oc2c(cccc2)c2c(cccc2)Oc2ccc(cc2)N2C(=O)c3c(C2=O)cc(cc3)C(=O)Nc2ccc(cc2)Oc2ccc(cc2)c2ccc(cc2)Oc2ccc(cc2)NC(=O)*)cc1,tg,254.0,255.68591512546195
*C(C*)CCCCCCC,tg,-47.0,-52.78568662659052
*C(=O)c1ccc(Oc2ccc(*)s2)cc1,ei,6.1761,6.17358598200618
*C(c1ccc(N(C)C)cc1)C(*)c1ccc([N+](=O)[O-])cc1,egc,2.3431,2.7899919086707303
*c1nc2c(c(c1)c1ccccc1)cc(cc2)Oc1cc2c(nc(cc2c2ccccc2)c2c(ccc(c2)*)OCCCCCCN(c2ccc(cc2)C(=C(C#N)C#N)C#N)CC)cc1,tg,175.0,139.38266736990988
*c1cc2c(C(=O)N(C2=O)c2c(ccc(c2)c2cc(c(cc2)O)N2C(=O)c3c(C2=O)cc(cc3)C(*)(C(F)(F)F)C(F)(F)F)O)cc1,tg,350.0,390.41371823999765
*Cc1ccc(C(=O)c2ccc(*)s2)s1,ei,6.3555,6.358885349769629
*C(C=C1)=CC=C1C(=S)OC(=S)*,egc,2.8098,2.8516468687653505
*OC(C*)C,tg,-58.58,-53.11367830878241
*C(C*)c1ccc(cc1)C#N,tg,180.0,167.52007380917516
*N(c1ccc(cc1)C(c1ccc(cc1)*)c1ccc(cc1)C#N)c1ccc(cc1)C,tg,230.0,232.10568646901518
*NC(=O)CCCCC(=O)NCCCCCCCCC*,tg,60.33,49.06045639395675
*N1C(=O)c2c(C1=O)cc(cc2)Oc1cc2c(C(=O)N(C2=O)c2cc(ccc2)C(c2cc(ccc2)*)(C(F)(F)F)C(F)(F)F)cc1,tg,224.5,256.9974970441776
*N1CC(O)=C(C2C(=O)C3=C(C2=O)C(C)(F)N3*)C1=O,egc,3.4532,3.361541477729442
*C(=O)c1ccc2c(c1)C(=O)N(c1ccc(OCC(C)(C)COc3ccc(N4C(=O)c5ccc(*)cc5C4=O)cc3)cc1)C2=O,egc,2.7216,2.7488028469256065
*Oc1ccc(cc1)S(=O)(=O)c1ccc(cc1)Oc1ccc(cc1)C1(CCCCC1)c1ccc(cc1)Oc1ccc(cc1)S(=O)(=O)c1ccc(cc1)Oc1ccc(cc1)C=C1C(=O)C(=Cc2ccc(cc2)*)CCC1,tg,190.0,197.7134064804112
*Oc1c(cc(cc1Br)C(c1cc(c(c(c1)Br)OC(=O)c1cc(ccc1)C(=O)*)Br)(C)C)Br,tg,115.0,158.67217930437107
*OC(=O)c1cc(ccc1)C(=O)OCC*,tg,56.5,44.672795955758055
*c1cc2c(C(=O)N(C2=O)c2ccc(cc2)Oc2c3c(ccc2)c(ccc3)Oc2ccc(cc2)N2C(=O)c3c(C2=O)cc(cc3)C(=O)Nc2ccc(cc2)Oc2ccc(cc2)S(=O)(=O)c2ccc(cc2)Oc2ccc(cc2)NC(=O)*)cc1,tg,260.0,247.53780699866888
*CCCCOC(=O)SSSSC(=O)O*,egc,4.6274,4.58463484905345
*NC(=S)NO*,nc,2.0671,2.1318281175026432
*c1cncc(-c2nnc(-c3nnc(*)o3)o2)n1,egc,3.6277,3.494227996981175
*CNc1ccc(C(*)=S)s1,egb,1.6806,1.75721625479683
*CC(=O)OC(=O)c1ccc(O*)cc1Br,egc,4.4665,4.306362895515935
*CC(*)C(F)(F)F,egc,8.2263,8.314144530796666
*Nc1ccc(-c2ccc(-c3ccc(*)s3)cc2)cc1,eps,5.94,5.804477778655601
*C(=O)c1ccc2c(c1)C(=O)N(c1ccc(C(c3ccc(N4C(=O)c5ccc(*)cc5C4=O)cc3)(C(F)(F)F)C(F)(F)F)cc1)C2=O,egc,3.0171,3.094239775065228
*c1oc2c(n1)ccc(c2)c1ccc2c(oc(n2)c2ccc(cc2)C(c2ccc(cc2)*)(C(F)(F)F)C(F)(F)F)c1,tg,345.0,319.90402564900575
*Nc1ccc(cc1)Cc1ccc(cc1)NC(=O)c1cc(cc(c1)NC(=O)CCCCCN1C(=O)c2c(C1=O)cccc2)C(=O)*,tg,195.0,207.31033785932325
*CCOCCOCCOCCOC(=O)NCCCCCCNC(=O)O*,egc,6.0228,6.128876581073772
*c1nc(nc(c1c1ccc(cc1)OCCCC)OCCOC(=O)CCCC(=O)OCCO*)c1ccc(cc1)OCCCC,tg,37.0,30.862812606325594
*c1[nH]c(nc1c1ccc(cc1)Oc1ccc(cc1)C(=O)c1ccc(cc1)C(=O)c1ccc(cc1)Oc1ccc(cc1)*)c1ccccc1,tg,248.0,239.2657151613882
*c1cc2c(C(=O)N(C2=O)c2ccc(cc2)Oc2ccc(cc2)N2C(=O)c3c(C2=O)cc(cc3)c2c(c(c(c(c2c2ccccc2)c2ccccc2)c2ccc(cc2)Sc2ccc(cc2)c2c(c(c(c(c2c2ccccc2)c2ccccc2)*)c2ccccc2)c2ccccc2)c2ccccc2)c2ccccc2)cc1,tg,322.0,310.0874275264465
*c1c2c(C(=O)N(C2=O)N2C(=O)c3c(C2=O)cc(cc3)Sc2ccc(cc2)Sc2ccc(cc2)S*)ccc1,tg,242.0,224.08450340057675
*c1ccc2cc(*)n(C(C(=O)NO)n3ccc4ccccc43)c2c1,egc,3.8694,3.7233514624245485
*OC(=S)c1ccc(C(*)=O)cc1,eea,3.4955,3.553238883990068
*C(C*)C(=O)NCCC[N+](C)(C)C,tg,78.0,62.51357380432679
*c1cc2c(C(=O)N(C2=O)c2c3c(ccc2)c(ccc3)Oc2ccc(cc2)N2C(=O)c3c(C2=O)cc(cc3)C(=O)Nc2ccc(cc2)Oc2ccc(cc2)NC(=O)*)cc1,tg,278.0,289.09124955486897
*Oc1ccc(cc1)C(=O)Nc1ccc(cc1)C(c1ccc(cc1)NC(=O)c1ccc(cc1)OC(=O)c1cc(ccc1)C(=O)*)(C(F)(F)F)C(F)(F)F,tg,227.0,253.115638731694
*CC(F)(F)C(F)(F)C(F)(F)C(F)(F)COC(=O)O*,egc,7.7624,7.610567491117371
*CCOCCOCCOC(=O)NCCCCCCNC(=O)O*,egc,6.2098,6.151720371921323
*c1ccc2c(nc([nH]2)c2cc(ccc2)c2nc3c([nH]2)ccc(c3)C(=O)Nc2ccc(cc2)S(=O)(=O)c2ccc(cc2)NC(=O)*)c1,tg,312.0,306.60186836601497
*Oc1ccc(cc1)CC(NC(=O)CCc1ccc(cc1)OC(=O)CC(CCC(=O)*)C)C(=O)OC(CC)C,tg,45.0,45.59884891535431
*O[Si](CCCN=C1c2c(C(=NCCC[Si](*)(C)C)C=C1)c(ccc2O)O)(C)C,tg,32.9,9.260903797654853
*Oc1ccc(N=Nc2ccc(*)cc2)cc1,egc,3.1576,3.092583819649161
*NC(=O)CCC1(c2ccccc2c2ccccc12)CCC(=O)NCCCCCC*,tg,122.0,113.61281891664153
*Oc1ccc(cc1)C(=O)c1ccc(cc1)NC(=O)c1ccc(cc1)C(=O)Nc1ccc(cc1)C(=O)c1ccc(cc1)*,tg,187.0,202.37663701260104
*Oc1c(cc(cc1)S(=O)(=O)c1cc(c(cc1)OCC(C*)O)C)C,tg,132.5,130.89663307455328
*OC(=O)C1CCC(CC1)C(=O)OCC1CCC(CC1)C*,tg,67.68,39.07435196479464
*Oc1ccc(cc1)CC(NC(=O)CCc1ccc(cc1)OC(=O)CCCCCCCCC(=O)*)C(=O)OCC,tg,44.0,41.93821897640196
*Oc1ccc(cc1)C(c1ccc(cc1)OC(=O)*)C,tg,122.2,150.27458663038692
*N1C(=O)c2c(C1=O)cc(cc2)Oc1ccc(cc1)Oc1cc2c(C(=O)N(C2=O)c2c(cc(cc2)Cc2cc(c(cc2)*)OC)OC)cc1,tg,269.0,250.37183329040124
*c1ccc2cc(N(*)c3ccccc3)ccc2c1,egc,2.8541,2.7649824540746413
*N1C(=O)C2C3C4C(C(C2C1=O)C=C3)C(=O)N(C4=O)CCCCCCCCCC*,tg,219.0,181.7558102918377
*N1C(=O)c2c(C1=O)cc(cc2)Oc1ccc(cc1)Sc1ccc(cc1)Oc1cc2c(C(=O)N(C2=O)c2ccc(cc2)Oc2ccc(cc2)Oc2ccc(cc2)*)cc1,tg,201.0,205.8095429488668
*c1cc2c(C(=O)N(C2=O)c2cc(cc(c2)OCCCCCCCC)N2C(=O)c3c(C2=O)cc(cc3)C(*)(C(F)(F)F)C(F)(F)F)cc1,tg,195.0,188.03183635848157
*SC(C*)(C)C,tg,-14.0,-37.45206851541957
*C(C*)c1c(ccc(c1)C(=O)Oc1ccc(cc1)OCCCCCCCCCC)C(=O)Oc1ccc(cc1)OCCCCCCCCCC,tg,109.0,98.83270415247908
*Oc1c(c(ccc1)Oc1cc(ccc1)NC(=O)c1c(ccc(c1)Oc1cc(c(cc1)C(=O)O)C(=O)Nc1cc(ccc1)*)C(=O)O)C#N,tg,200.1,197.21944619277517
*N1C(=O)c2c(C1=O)cc(cc2)c1cc2c(C(=O)N(C2=O)c2cc(cc(c2)C(=O)NCCCCCCCCCCCCCC)*)cc1,tg,247.6,232.0236578703118
*C(=C(*)c1ccccc1)c1ccc(cc1)CCCC,tg,200.0,177.5206425005947
*C(C*)OCCCCC,tg,-66.0,-75.25573030089971
*C(C*)(C(=O)OCCCCCCCCCCCOc1ccc(cc1)C=Nc1ccc(cc1)C#N)C,tg,23.0,20.63259611342334
*c1cc2c(C(=O)N(C2=O)c2cc(ccc2)Nc2nc(nc(n2)Nc2cc(ccc2)N2C(=O)c3c(C2=O)cc(cc3)C(=O)*)N(c2ccccc2)c2ccccc2)cc1,tg,290.0,275.6192154248401
*Nc1ccc(C(C)(C)c2ccc(NC(=O)c3cc(C(*)=O)cc(N4C(=O)C5C6CCC(C6)C5C4=O)c3)cc2)cc1,egc,4.0843,4.127455782561246
*Oc1ccc(cc1)C(c1ccc(cc1)Oc1ccc(cc1)C(=O)Nc1cc(ccc1)NC(=O)c1ccc(cc1)*)(C)C,tg,214.0,205.1256403477611
*OC(=O)c1c(ccc(c1)N=Nc1ccc(cc1)OCC)c1c(cc(cc1)N=Nc1ccc(cc1)OCC)C(=O)OCCCCCC*,tg,83.0,78.5335256413066
*C(CC(C*)c1ccc(cc1)CCl)(C#N)C#N,tg,150.0,139.08767924486395
*CCCCCC(*)CC,egc,6.7743,7.053063229329374
*C(C*)(CC(=O)Oc1ccccc1)C(=O)Oc1ccccc1,tg,132.0,134.9000125480608
*c1ccc(-c2ccc(-c3nc4cc(Oc5ccc6nc(-c7ccccc7)c(*)nc6c5)ccc4nc3-c3ccccc3)cc2)cc1,egc,3.1965,3.0068892642540677
*N1C(=O)c2c(C1=O)cc(cc2)Sc1cc2c(C(=O)N(C2=O)c2ccc(cc2)Oc2ccc(cc2)*)cc1,tg,258.0,268.5964023629721
*Oc1ccc(cc1)NC(=C(C#N)C#N)c1ccc(cc1)c1ccc(cc1)C(=C(C#N)C#N)Nc1ccc(cc1)*,tg,220.0,212.92227516287204
*C1(OC(C(O1)(F)C(F)(F)F)(F)F)C(*)(F)F,tg,131.18,126.030517443687
*C(=CCCC*)c1ccc(cc1)OC,tg,11.0,14.416072226482937
*c1cc(CCCCCC)c(*)[nH]1,egc,2.8742,2.9883482115498343
*Oc1ccc(C(=O)c2cccc(C(=O)c3ccc(*)cc3)c2)cc1,egc,3.9576,3.743135919714698
*CCOCCOCCOc1ccc(C=C(C)c2ccc(O*)cc2)cc1,egc,3.8885,3.708406515710513
*C(F)(F)C(F)(F)C(C=C1)=CC=C1C(=S)*,egc,3.118,3.088404613532085
*Oc1ccc(cc1)CC(NC(=O)CCc1ccc(cc1)OC(=O)CCCCC(=O)*)C(=O)OCc1ccccc1,tg,54.5,52.22160582746584
*c1ccc(C(=O)Nc2cccc(-n3c(=O)c4cc5c(=O)n(*)c(=O)c5cc4c3=O)c2)cc1,egc,2.445,2.493878440212498
*C(Cl)=C(Cl)C(Cl)(Cl)C(*)(Cl)Cl,egc,4.2472,3.8846016844573046
*CCCCCCOC(=O)CCCCCNC(=O)O*,egc,6.4222,6.487103166618639
*CCCCCCCCCCCCOC(=O)CCCCCCCCCCC(=O)O*,egc,6.669,6.777718225885692
*NC(=O)c1cc(ccc1)C(=O)NCCC(C(CC*)C)C,tg,125.0,155.48565386703925
*c1cc2c(s1)-c1sc(*)cc1C2=C1c2ccsc2-c2sccc21,egc,1.3371,1.62261867536065
*N1C(=O)c2c(C1=O)cc(cc2)Oc1cc2c(C(=O)N(C2=O)c2cc(cc(c2)OCCCC)*)cc1,tg,237.0,234.6050226849588
*C(F)(F)C(F)(F)C(C=C1)=CC=C1C(S2)=CC=C2*,egc,3.7339,4.4351915252169345
*c1cccc(-c2nc3cc(-c4ccc5[nH]c(*)nc5c4)ccc3[nH]2)c1,egc,3.5069,3.3935951014475365
*c1ccc(C2(c3ccc(N4C(=O)c5ccc(-c6ccc7c(c6)C(=O)N(*)C7=O)cc5C4=O)cc3)c3ccccc3-c3ccccc32)cc1,egc,2.7114,2.9315820674578945
*OC(=O)c1ccc(cc1)c1ccc(cc1)C(=O)OCC(C*)(CCC)C,tg,95.0,103.98362593479814
*c1ccc2nc(*)sc2c1,egc,2.966,2.9100462455775857
*c1ccc(-c2ccc(-c3ccc(-c4ccc(*)cc4)cc3)cc2)cc1,egb,2.5835,2.198858838928718
*CCCCCC(=O)NCCCCCCNC(=O)CCCCCO*,egc,5.7609,5.903310457268544
*Nc1cc(cc(c1)C(=O)Oc1ccccc1)NC(=O)c1ccc(cc1)C(=O)*,tg,200.0,224.04816707338574
*NC(=O)C(=CC(=O)NCCCCCCCCCC*)C,tg,74.0,81.93752765445025
*CCOC(=O)C1CCC(C(=O)O*)CC1,egb,6.4481,6.735218414633153
*C(C*)OC(=O)C(C(CC)(C)C)(C)C,tg,90.0,88.08627424035429
*c1nnc(nc1c1ccc(cc1)Oc1ccc(cc1)S(=O)(=O)c1ccc(cc1)Oc1ccc(cc1)*)c1ncccc1,tg,265.0,254.3554526631464
*CC(=O)CC(*)=O,ei,5.6663,6.242125097342008
*Oc1ccc(cc1)NC(=O)c1c(ccc(c1)c1cc(c(cc1)C(=O)OCC)C(=O)Nc1ccc(cc1)*)C(=O)OCC,tg,190.15,190.38807273505412
*OC(=O)OCC(=C)COCC(=C)C*,tg,70.5,40.28903785847239
*OC(=O)CCC(=O)OCC1CCC(CC1)C*,tg,-1.0,46.62535705340045
*OC(=O)Nc1ccc(cc1)Cc1ccc(cc1)NC(=O)OCCCCCCCCC*,tg,72.0,73.43428744340869
*N1C(=O)c2c(C1=O)cc(cc2)Oc1cc2c(C(=O)N(C2=O)c2cc(ccc2)C(c2cc(ccc2)*)(c2ccccc2)C(F)(F)F)cc1,tg,293.0,279.40281266793255
*Cc1ccc(-c2ccc(-c3ccc(*)s3)cc2)cc1,ei,5.3793,5.316258321242692
*CCc1ccc(-c2ccc(*)cc2)cc1,ei,5.6867,5.552917979466782
*CCc1ccc(*)c(Cl)c1Cl,egc,5.1237,4.954891068159908
*Oc1ccc(cc1)c1cc(c(c(c1)c1ccccc1)c1ccc(cc1)NC(=O)c1ccc(cc1)C(=O)Nc1ccc(cc1)c1c(cc(cc1c1ccccc1)c1ccc(cc1)OCCCCCCCCCC*)c1ccccc1)c1ccccc1,tg,116.0,134.06892849444066
*OC(F)(F)NC(*)(F)F,ei,9.067,9.246365564659127
*c1cc2c(C(=O)N(C2=O)c2ccc(cc2)OCCOCCOCCOc2ccc(cc2)N2C(=O)c3c(C2=O)cc(cc3)C(=O)*)cc1,tg,200.0,188.50074186578618
*C1C(=O)N(C(=O)C1*)c1cc(c(c(c1)Br)O[Si](C)(C)C)Br,tg,167.0,169.00995748673
*CCCCCCCCCCOC(=O)CC(C)(C)CC(=O)O*,egc,6.7584,6.781690385514316
*Oc1ccc(cc1)CC(NC(=O)CCc1ccc(cc1)OC(=O)CCC(=O)*)C(=O)OCC(C)C,tg,75.0,79.30389084938881
*NC(=O)NO*,egc,5.5354,5.506816189837659
*c1ccc(-c2ccc(-n3c(=O)c4cc5c(=O)n(*)c(=O)c5cc4c3=O)cc2F)c(F)c1,egc,2.7749,2.694778065578058
*c1nc(nc(c1c1ccc(cc1)OC)OCCOC(=O)c1cc(ccc1)C(=O)OCCO*)c1ccc(cc1)OCCCC,tg,92.0,86.13729522167307
*c1ccc(-c2ccc(-c3ccc(-c4ccc(*)s4)s3)cc2)cc1,eea,2.6224,2.6926108024841
*Oc1ccc(cc1)Oc1ccc(cc1)Oc1ccc(cc1)NC(=O)c1cc(cc(c1)C(C)(C)C)C(=O)Nc1ccc(cc1)*,tg,230.0,197.80946052191015
*OC(C*)CS(=O)(=O)C,tg,59.4,20.287382205762633
*C(C*)(C(=O)OCC#N)C,tg,91.0,67.62754946138016
*Nc1ccc(-c2ccc(NC(=O)c3cccc(C(*)=O)c3)cc2)cc1,egc,3.4939,3.399891249098684
*N1C(=O)c2c(C1=O)cc(cc2)c1cc2c(C(=O)N(C2=O)c2cc(ccc2)OCCCCCCCCCCOc2cc(ccc2)*)cc1,tg,125.0,130.6384084812927
*Oc1c(cc(cc1Br)*)Br,tg,196.0,205.86194354972227
*C(C*)(C(=O)OCCCCCCCCCCOc1ccc(cc1)C#Cc1c(cc(c(c1)C)C=Cc1ccncc1)C)C,tg,51.0,45.60401039919291
*Nc1ccc(C(=S)c2ccc(*)cc2)s1,egb,1.7781,1.6237556242150464
*Oc1ccc(NC(=O)c2cc(NC(=O)c3ccccc3)cc(C(=O)Nc3ccc(*)cc3)c2)cc1,egc,3.6254,3.531228446463603
*CCCCCCNC(=S)Nc1ccc(NC(=S)N*)cc1,eps,4.17,4.255225046373669
*CCCCCC(=O)NCCNC(=O)CCCCCOC(=O)CCCCC(=O)O*,egc,5.9333,5.9433174446265005
*c1ccc(Sc2ccc(-c3nn(-c4ccc(S(=O)(=O)c5ccc(-n6nc(*)c7ccccc7c6=O)cc5)cc4)c(=O)c4ccccc34)cc2)cc1,egc,3.5491,3.4889845912291944
*C(C*)c1cc(ccc1)OC(=O)C,tg,76.0,72.17104690492347
*Nc1ccc(-c2ccc(C(*)=S)cc2)cc1,ei,5.3872,5.356759322192376
*c1ccc(cc1)C(=Cc1c(cc(c(c1)OC)C=C(*)c1ccc(cc1)OC)OC)c1ccc(cc1)OC,tg,170.0,152.38140606007403
*Sc1ccc(cc1)Cc1ccc(cc1)SC(=O)*,tg,117.0,116.939775605661
*CNCC(*)=S,ei,6.0922,6.133095667914362
*C1C(=O)N(C(=O)C1*)CCCCCOc1ccc(cc1)c1ccc(cc1)C#N,tg,75.0,90.5222274439386
*SSCCCCCC*,tg,-74.0,-50.44984152959847
*c1cc(CCCC)c(*)s1,egc,2.5394,2.5986057191314056
*c1ccc(-c2ccc(-c3ccc(*)n3C)n2C)cn1,egc,2.931,2.7564183100395905
*OC(=O)C/C=C/CC(=O)OCCCCCCCCCCCCCCCC*,tg,-22.0,-29.796428971061033
*CC1CC1CNC(=O)C1CC1C(=O)N*,egb,5.6374,5.3713137979772805
*CC(*)(C)C(=O)OCC[N+](=O)[O-],egc,4.7247,5.029878141957588
*CCCCCCCCCCCCNC(=O)CCP(C)(=O)CCC(=O)N*,egc,5.7027,5.8567487948304295
*Oc1ccc(cc1)C(c1ccc(cc1)OCC(COC(=O)C1CCC(CC1)C(=O)OCC(C*)O)O)(C)C,tg,70.0,59.96024571397133
*O[Si](O[Si](O[Si](O[Si](c1ccc(cc1)Oc1ccc(cc1)[Si](*)(C)C)(C)C)(C)C)(C)C)(C)C,tg,-52.0,-50.58355906944387
*c1nc2c(nc1c1ccccc1)cc(cc2)c1cc2c(nc(c(n2)c2cc(ccc2)*)c2ccccc2)cc1,tg,319.0,364.2657735231514
*C(C(C(C*)OC(=O)C)CCC(O)(C)C=C)(C)C,tg,85.0,87.37871045889064
*C(=O)NC1CCCC(*)O1,egc,6.2047,6.161455827138659
*C(=O)Oc1ccc(C(*)=S)cc1,eps,4.83,4.788711237270031
*c1ccc(cc1)*,tg,291.5,194.37746688732233
*Oc1ccc(cc1)C(c1ccc(cc1)Oc1ccc(cc1)C(=O)c1c(c(c(c(c1c1ccc(cc1)F)c1ccc(cc1)F)c1ccc(cc1)F)c1ccc(cc1)F)C(=O)c1ccc(cc1)*)(C(F)(F)F)C(F)(F)F,tg,253.0,266.7717647555947
*CC(=O)C(=S)C(*)=O,eea,4.8698,4.4811472743090395
*CCCCC(C)CCn1c(=O)c2cc3c(=O)n(*)c(=O)c3cc2c1=O,egc,3.7606,3.6147327903315563
*Cc1ccc(-c2ccc(C(*)=S)s2)cc1,egb,1.9323,2.0341683091499774
*C(=O)c1ccc2c(c1)C(=O)N(c1cccc(Cc3ccc(C(=O)c4ccc(N5C(=O)c6ccc(*)cc6C5=O)cc4)cc3)c1)C2=O,egc,2.9158,3.1632618787335223
*Oc1ccc(cc1)C(c1cc(ccc1)C(c1ccc(cc1)Oc1ccc(cc1)C(=O)Nc1cc(ccc1)NC(=O)c1ccc(cc1)*)(C)C)(C)C,tg,155.0,165.34665255361014
*Oc1ccc(C(c2ccc(OC(=O)c3cccc(C(*)=O)c3)cc2)C(Cl)(Cl)Cl)cc1,egc,3.8681,3.694705213364374
*CCOCCOC(=O)O*,egb,6.6617,6.951698331375984
*[Si](CCC*)(c1ccccc1)C,tg,-1.5,-13.67178502750508
*Oc1ccc(cc1)C(c1ccc(cc1)OC(=O)*)(c1ccccc1)C,tg,180.0,189.31748722430063
*Oc1cc2c(cc1)cc(cc2)Oc1ccc(cc1)S(=O)(=O)c1ccc(cc1)Oc1ccc(cc1)C(=O)c1ccc(cc1)*,tg,199.0,205.2641454191588
*N1CCN(CC1)C(=O)c1ccc(cc1)C(c1ccc(cc1)C(=O)*)(CC)C,tg,225.5,219.84690119193687
*C1C2C3C(C=CC3)C(C1*)C2,tg,103.55,190.9835847123777
*N1C(=O)c2c(C1=O)c(ccc2)Oc1ccc(cc1)Oc1ccc(cc1)Oc1c2c(C(=O)N(C2=O)c2ccc(cc2)Oc2cc(ccc2)Oc2ccc(cc2)*)ccc1,tg,198.0,205.81297976893376
*CCCCCc1nnc(*)o1,egc,6.1707,6.395188548870253
*NC(=S)NC(*)=S,nc,2.2528,2.3598020802429023
*c1nc(-c2ccccc2)nc(N(*)c2ccccc2)n1,egc,3.8771,3.712004034559207
*Oc1ccc(Cc2ccc(*)cc2)cc1,eea,1.1795,1.2110036127707786
*Oc1ccc(cc1)S(=O)(=O)c1ccc(cc1)Oc1ccc(cc1)C12CC3(CC(CC(C1)C3)C2)c1ccc(cc1)*,tg,242.0,288.11245625444445
*NC(=O)c1ccc(O*)s1,egb,3.0418,3.2053185315832784
*c1sc(cc1)C(=O)Oc1ccc(cc1)[Si](c1ccc(cc1)OC(=O)*)(CC)CC,tg,-62.0,-69.48713785427596
*CCOC(=O)NC1CCC(NC(=O)O*)CC1,egc,6.3209,6.336725265550152
*Oc1ccc(cc1)C(c1ccc(cc1)Oc1ccc(cc1)C(=O)Nc1ccc(cc1)NC(=O)c1ccc(cc1)*)(C)C,tg,230.0,216.7441411482241
*NC(=O)c1ccc(cc1)C(=O)NCC(CCC*)(C)C,tg,157.0,198.84092962666824
*C(=O)CCN1CCN(CCC(=O)N2CCN(*)C(C)C2)CC1,egc,4.9509,5.020431524241994
*S(=O)(=O)c1c(cc(cc1C)C(c1cc(c(c(c1)C)*)C)(C)C)C,tg,229.0,199.04728715693355
*CC(*)OC(=O)c1ccc(OC)cc1,egc,4.435,4.518083766971513
*C(C*)OC(=O)c1ccc(cc1)C,tg,66.75,91.81737926322543
*Oc1ccc(cc1)C(c1ccc(cc1)OC(=O)c1ccc(cc1)OCCCCCCCCCCOc1ccc(cc1)C(=O)*)(C(F)(F)F)C(F)(F)F,tg,89.0,51.28740249374443
*C(C*)c1c(ccc(c1)C(=O)OCCCCCC)c1ccc(cc1)OCCCCCCCC,tg,64.0,58.29859292412112
*CCCCCCOC(=O)NCCCCCCNC(=O)O*,egc,6.343,6.394396439243318
*CC(*)OC(=O)CCC#N,egc,6.425,6.601637471492737
*Oc1ccc(OC(*)=O)cc1,eps,3.95,3.942353083454644
*c1c2c(c(nn1)c1ccc(cc1)Oc1ccc(cc1)C(c1ccc(cc1)Oc1ccc(cc1)*)(C)C)c(c(c(c2c1ccc(cc1)F)c1ccc(cc1)F)c1ccc(cc1)F)c1ccc(cc1)F,tg,276.67,286.7965379181144
*Oc1ccc(cc1)Oc1ccc(cc1)OCC(COc1ccc(cc1)C(c1ccc(cc1)OCC(C*)O)(C)C)O,tg,85.0,95.89148144772567
*Oc1ccc(Oc2ccc(C(=O)c3ccc(*)cc3)cc2)cc1C(=O)OC,egc,3.7296,3.6937710170696345
*c1ccc(-c2ccc(N3C(=O)c4ccc(-c5cccc6c5C(=O)N(*)C6=O)cc4C3=O)c(C)c2)cc1C,egc,2.9133,2.8411797985200846
*CC(C)(C)CO*,egc,5.8123,5.862262785020896
*Cc1ccc(Cc2ccc(*)s2)cc1,eps,3.4,3.48479900055567
*N1C(=O)c2c(C1=O)cc(cc2)P(=O)(c1cc2c(C(=O)N(C2=O)c2cc(ccc2)*)cc1)c1ccccc1,tg,323.0,349.96626549539735
*C(C*)OC(=O)CC(c1ccccc1)(C)C,tg,20.0,22.897964098426364
*c1sc(cc1)C(=O)OC(COC(=O)*)COc1ccc(cc1)N=Nc1ccc(cc1)C#N,tg,119.0,102.92305594214105
*OC(=O)c1ccc(cc1)C(C(C(c1ccc(cc1)C(=O)*)(F)F)(F)F)(F)F,tg,98.0,116.62847160860495
*OC(=O)CCCCCCCCC(=O)OCC#CC*,tg,-30.88,-33.11818841590717
*c1ccc2c(c1)C(=O)N(c1cc(N3C(=O)c4ccc(C(*)(C(F)(F)F)C(F)(F)F)cc4C3=O)c(O)cc1O)C2=O,egc,2.7003,3.354129801073615
*NC(=S)NCCCCCCC*,tg,52.0,57.48542509348343
*Nc1c(cc(cc1)NC(=O)c1ccc(cc1)NC(=O)CCCCCCCCC(=O)Nc1ccc(cc1)C(=O)*)C(=O)OCCCCCCCCCCCC,tg,228.5,238.73326609183638
*C(C*)(C(=O)OCCCCCCCC/C=C\CCCCCCCC)C,tg,-40.0,-44.152706700549246
*CCOC(=O)Nc1cccc2c(NC(=O)O*)cccc12,egc,3.9352,4.254478774659333
*Nc1c(I)cc(C(*)=O)cc1I,egc,3.842,3.843487844256321
*N1C(=O)c2c(C1=O)cc(cc2)c1cc2c(C(=O)N(C2=O)c2ccc(cc2)Cc2ccc(cc2)*)cc1,tg,298.0,281.9157673192608
*Oc1c(cc(cc1)OC(=O)c1c(cc(c(c1)OCCCc1ccccc1)C(=O)*)OCCCc1ccccc1)C,tg,91.0,83.97025308928897
*C1C(=O)OC(=O)C1C(C*)OCCCC,tg,118.0,133.12063977501577
*OC(=O)OCCCCCCCCCCOC(=O)OC1COC2C(*)COC12,egb,6.1689,6.26235922776099
*NC(=O)NO*,nc,1.8753,1.841478974606047
*CCCOC(=O)NCCCCCCNC(=O)O*,egc,6.2372,6.3664605380285595
*Oc1ccc(cc1)S(=O)(=O)c1ccc(cc1)Oc1c(cc(c(c1)C)C(c1c(cc(c(c1)C(C)C)*)C)c1c(cccc1)C(=O)O)C(C)C,tg,240.0,218.682598391544
*Oc1ccc(cc1)C=CC(=O)c1ccc(cc1)Oc1ccc(cc1)C(c1ccc(cc1)*)(c1ccccc1)C,tg,167.0,190.22286520400084
*CCCCCCOC(=O)NCCCNC(=O)O*,egc,6.0865,6.236163690116503
*CCNC(=O)c1cccc(O*)c1,egc,4.5918,4.707655207868659
*C(=O)Nc1ccc(NC(=O)c2ccc3c(c2)C(=O)N(c2ccc(Oc4ccc(N5C(=O)c6ccc(*)cc6C5=O)cc4)cc2)C3=O)cc1,egc,2.6514,2.878650743343562
*CC(=O)c1ccc(C(*)=S)s1,egb,2.3542,2.0137260438613245
*OC(COC(*)=O)COC(C)(C)C,egc,6.0333,6.074317347460473
*OCC(C*)(CS(=O)(=O)C(C)C)CS(=O)(=O)C(C)C,tg,91.0,50.23961116399896
*OC(F)(F)C(=S)C(*)(F)F,eps,3.6,3.5447802244892275
*C(C*)(C(=O)OC12CC3CC(CC(C1)C3)C2)C,tg,183.0,197.53793055058782
*CC(=O)Nc1ccc(NC(=O)CN2C(=O)c3ccc(C(=O)c4ccc5c(c4)C(=O)N(*)C5=O)cc3C2=O)cc1,egc,2.4122,2.7828057971434683
*c1oc(cc1)COC(=O)NCCCCCCNC(=O)OC*,tg,33.0,63.73025397564048
*c1nnc(nc1)c1nc(ccc1)c1nc(cnn1)c1ccc(cc1)Oc1ccc(cc1)*,tg,223.0,250.90472667922322
*Nc1ccc(cc1)c1ccc(cc1)NC(=O)c1cc(cc(c1)NC(=O)c1ccncc1)C(=O)*,tg,339.0,345.7226883705357
*Cc1ccc(C(=O)O*)s1,egb,3.78,3.768140292396808
*OP(=O)(Oc1ccc(cc1)NC(=O)Oc1ccc(cc1)c1ccc(cc1)OC(=O)Nc1ccc(cc1)*)c1ccccc1,tg,34.0,84.43545944690435
*Oc1cc(c(c(c1)Cl)C(c1c(cc(cc1Cl)OC(=O)*)Cl)(C)C)Cl,tg,240.0,221.38750577882024
*N1C(=O)c2c(C1=O)cc(cc2)C(=O)Oc1ccc(cc1)C(c1ccc(cc1)C(c1ccc(cc1)OC(=O)CCCCCCCCCCC*)(C)C)(C)C,tg,97.0,57.3853775135603
*Oc1ccc(cc1)C(c1ccc(cc1)OCC(C*)O)(C)C,tg,87.45,81.26805535784445
*CCCCCCCCCCCCNC(=O)NCCCCCCCCCCNC(=O)N*,egc,5.6621,5.802073242072562
*CC(c1ccccc1)C1C(=O)OC(=O)C1*,egc,5.3123,5.334023781816687
*c1ccc2oc(-c3ccc4nc(*)oc4c3)nc2c1,eea,3.155,2.7849213933032915
*C(C*)c1c(ccc(c1)Cl)Cl,tg,108.0,111.74618997371589
*Oc1ccc(cc1)C(c1ccc(cc1)OC(=O)OCCN(CCOC(=O)*)c1ccc(cc1)OC)(C)C,tg,60.0,62.42728277336258
*c1cc2c(C(=O)N(C2=O)c2cc(ccc2)Cc2ccc(cc2)Cc2cc(ccc2)N2C(=O)c3c(C2=O)cc(cc3)C(=O)*)cc1,tg,240.0,246.98094988291405
*OC(C)CCOC(=O)CCCCCCCCCCC(*)=O,egc,6.742,6.663754975651859
*c1cc2C3(CCC(CC3)(C3=NC(CO3)Cc3ccccc3)C3=NC(CO3)Cc3ccccc3)c3c(c2cc1)ccc(c3)c1cc2C(c3c(c2cc1)ccc(c3)*)(CCCCCC)CCCCCC,tg,142.0,162.3792395661283
*Cc1ccc(-c2ccc(-c3ccc(*)cc3)cc2)cc1,eps,3.67,3.9939831553120433
*Oc1cc(c(cc1)S(=O)(=O)c1c(cc(cc1)Oc1c(cc(cc1C)C(c1cc(c(c(c1)C)*)C)(C(F)(F)F)C(F)(F)F)C)C(OC)(C(F)(F)F)C(F)(F)F)C(OC)(C(F)(F)F)C(F)(F)F,tg,163.0,176.9700317057099
*c1cc2c(oc(n2)c2ncc(cc2)c2oc3c(n2)cc(cc3)C(*)(C(F)(F)F)C(F)(F)F)cc1,tg,352.0,333.35099803239547
*c1ccc(N2C(=O)c3ccc(-c4cccc5c4C(=O)N(*)C5=O)cc3C2=O)cc1,egc,3.1892,3.3187558258636085
*OC(=O)C(C*)C,tg,-26.33,7.642661049522049
*c1ccc2c(c1)c(=O)oc(n2)c1cc(cc(c1)N1C(=O)c2c(C1=O)cccc2)c1oc(=O)c2c(ccc(c2)C*)n1,tg,322.0,280.862215976569
*c1cc2c(C(=O)N(C2=O)c2cc(ccc2)Oc2ccc(cc2)P(=O)(c2ccc(cc2)Oc2cc(ccc2)N2C(=O)c3c(C2=O)cc(cc3)C(*)(C(F)(F)F)C(F)(F)F)c2ccccc2)cc1,tg,243.0,232.74043950158182
*CCC(=O)c1ccc(*)s1,nc,1.8757,1.8685529339488591
*N1C(=O)c2c(C1=O)c(ccc2)c1cc2c(C(=O)N(C2=O)c2cc(ccc2)C(=O)Nc2ccc(cc2)Oc2cc(ccc2)Oc2ccc(cc2)NC(=O)c2cc(ccc2)*)cc1,tg,253.0,242.263813205771
*C(C*)(C(=O)OCCN(C)C)C,tg,24.75,23.75888545928272
*CCCCCCOC(=O)SNc1ccc(Cc2ccc(NSC(=O)O*)cc2)cc1,egc,4.1148,4.113279698761234
*CC(=S)c1ccc(O*)s1,ei,5.946,5.88563353168943
*CCCNC(=O)CCCCCCCCCCCCCCCCCCC(=O)N*,egc,5.894,5.835466413235867
*c1cc2c(C(=O)N(C2=O)c2ccc(cc2)Oc2ccc(cc2)C2(c3c(C(=O)N2)cccc3)c2ccc(cc2)Oc2ccc(cc2)N2C(=O)c3c(C2=O)cc(cc3)C(=O)Nc2ccc(cc2)Sc2ccc(cc2)NC(=O)*)cc1,tg,312.0,311.13462517027534
*Cc1ccc(CO*)s1,ei,6.0202,6.017030372844391
*N1C(=O)c2c(C1=O)cc(cc2)Oc1ccc(cc1)C(c1ccc(cc1)C(c1ccc(cc1)Oc1cc2c(C(=O)N(C2=O)c2ccc(cc2)N(c2ccc(cc2)*)c2ccc(cc2)C#N)cc1)(C)C)(C)C,tg,224.0,232.59768503046303
*Oc1ccc(C2(c3ccc(OC(=O)c4ccc(C(*)=O)cc4)cc3)CC3CC2C2CCCC32)cc1,egc,3.4323,3.4697167637376665
*C=CC1CC(*)C2C(=O)N(CCCCCCCCC)C(=O)C12,egc,5.4434,5.001818102725563
*CC(*)(F)C(=O)OCC(F)(F)C(F)(F)F,egc,6.4706,6.503371477602381
*c1nc2c(nc1c1ccccc1)cc(cc2)c1cc2c(nc(c(n2)c2ccccc2)c2ccc(cc2)Oc2ccc(cc2)Oc2ccc(cc2)Oc2ccc(cc2)*)cc1,tg,263.0,261.59837636157897
*NC(=O)c1ccc(C(*)=O)s1,eea,3.408,3.5232033645125633
*C(C*)OC(=O)CCCC(=O)c1ccc(cc1)C,tg,40.0,25.66048104570344
*OC(=O)c1ccc(cc1)N=CNc1ccc(cc1)C(=O)OCCCC*,tg,91.0,106.08962158478916
*Oc1ccc(cc1)Oc1ccc(cc1)OCCCCCCOC(=O)OCCCCCOC(=O)OCCCCCC*,tg,-11.0,-15.79325316347516
*Cc1ccc(-c2ccc(N*)cc2)cc1,nc,1.9585,1.924276906143135
*c1c2C(=O)N(C(=O)c2c(c2ccccc12)c1ccc(cc1)Oc1ccc(cc1)C(=O)c1cc(ccc1)C(=O)c1ccc(cc1)Oc1ccc(cc1)*)CCCCCCCCCCCC,tg,140.0,134.3880896309742
*O[Si](c1c(cc(c(c1)OCCO)[Si](*)(C)C)OCCO)(C)C,tg,73.0,94.98932325815318
*Oc1ccc(cc1)CC(NC(=O)CCc1ccc(cc1)OC(=O)CCCCCCC(=O)*)C(=O)OC(C)C,tg,46.0,47.308009676645746
*c1nc2c(c(c1)c1ccc(cc1)c1ccc(cc1)Oc1ccccc1)cc(cc2)c1cc2c(nc(cc2c2ccc(cc2)c2ccc(cc2)Oc2ccccc2)c2ccc(cc2)c2ccc(cc2)*)cc1,tg,352.0,329.12967602091175
*OC(=O)Nc1c(cc(cc1)c1cc(c(cc1)NC(=O)OCCN(CC*)c1ccc(cc1)N=Nc1ccc(cc1)[N+](=O)[O-])C)C,tg,119.5,128.7704515486255
*c1nc2c(nc1c1ccccc1)cc(cc2)Oc1cc2c(nc(c(n2)c2ccc(cc2)*)c2ccccc2)cc1,tg,326.0,308.1904191513239
*c1cc2c(C(=O)N(C2=O)c2ccc(cc2)C(=O)Nc2ccc(cc2)C(=O)OCCCCCCCCCCCCOC(=O)*)cc1,tg,74.0,92.10748563681223
*CC(*)C#N,egc,7.7741,7.493941405839913
*CCCCCc1nc2cc3sc(*)nc3cc2s1,egc,4.2723,4.025864851450346
*Oc1ccc(cc1)C(=O)NNC(=O)c1cc(ccc1)C(=O)NNC(=O)c1ccc(cc1)OC(=O)c1cc(ccc1)C(=O)*,tg,180.0,172.86002591538386
*NC(=O)CCCCCCCCCCCCCCC(=O)NCCCCCC*,tg,40.0,44.541648461082666
*CC(=O)Nc1ccc(*)s1,nc,1.8784,1.8945144071223714
*NC(=O)C(=O)NCC(CCC*)(C)C,tg,109.0,193.16134519698343
*C(C*)c1c(cccc1)C(=O)NC,tg,189.0,158.27397123615546
*N1C(=O)c2c(C1=O)cc(cc2)Oc1cc2c(C(=O)N(C2=O)c2c(ccc(c2)C(c2cc(c(cc2)OCCN(c2ccc(cc2)C=CC2=CC(=C(C(=O)OCCc3ccccc3)C#N)CC(C2)(C)C)c2ccccc2)*)(C(F)(F)F)C(F)(F)F)OCCN(c2ccc(cc2)C=CC2=CC(=C(C(=O)OCCc3ccccc3)C#N)CC(C2)(C)C)C)cc1,tg,177.0,189.95636615222932
*c1ccc(C(F)(F)CC(*)(F)F)cc1,eps,3.47,3.5042718481137234
*C(=O)c1ccc(-c2ccc(C(*)=S)cc2)s1,eps,5.9,6.094296726662356
*CCOCCOCCOCCOC(=O)CCSCCC(=O)O*,egc,5.3735,5.190444020919842
*Oc1ccc(Oc2ccc(*)cc2)s1,nc,1.8525,1.8514582474066517
*Oc1ccc(cc1)S(=O)(=O)c1ccc(cc1)Oc1ccc(cc1)C(=O)c1cc(cc(c1)Br)C(=O)c1ccc(cc1)*,tg,192.0,197.45553819065643
*CCOCCOC(=O)C(C)C(=O)O*,egc,6.4398,6.504709247568073
*N1C(=O)c2c(C1=O)cc(cc2)Oc1cc2c(cc1Oc1cc3c(C(=O)N(C3=O)c3ccc(cc3)Oc3c(cccc3)Oc3ccc(cc3)*)cc1)cccc2,tg,204.0,221.89003109787853
*Cc1ccc(NO*)s1,eps,4.04,3.93758412005172
*OP(=O)(OCCCCCCOc1c(cc(cc1)C=C1C(=O)C(=Cc2cc(c(cc2)OCCCCCC*)OC)CC1)OC)OCC,tg,75.0,67.85677339655854
*c1c(c(nc2c1cccc2)c1ccc(cc1)c1nc2c(c(c1c1ccccc1)c1ccc(cc1)Oc1ccc(cc1)*)cccc2)c1ccccc1,tg,273.0,310.43001923088343
*Oc1ccc(OC(*)=O)s1,ei,5.9838,5.989113400544077
*CCc1ccc(-c2ccc(*)s2)s1,egb,2.7315,2.7011526296161907
*NC(=O)C(C(C(=O)NCCCCCC*)OC)OC,tg,106.0,109.95924460582445
*c1cc2c(nc(c(n2)c2ccc(cc2)c2c(nc3c(n2)cc(cc3)C(=O)*)c2ccccc2)c2ccccc2)cc1,tg,323.79,303.5272006253784
*N1C(=O)c2c(C1=O)c(ccc2)c1cc2c(C(=O)N(C2=O)c2cc(ccc2)C(=O)Nc2ccc(cc2)Oc2ccc(cc2)NC(=O)c2cc(ccc2)*)cc1,tg,291.0,273.21059016160683
*C(C*)(C(=O)OC(COc1ccc(cc1)c1ccccc1)COc1ccc(cc1)c1ccccc1)C,tg,85.0,97.11326897008097
*C(C*)C=C,tg,-13.22,-49.838364120559355
*N1C(=O)C2C(C1=O)CC(CC2)C1CC2C(C(=O)N(C2=O)c2ccc(cc2)Oc2ccc(cc2)S(=O)(=O)c2ccc(cc2)Oc2ccc(cc2)*)CC1,tg,256.5,253.41975001949896
*CCCC(*)=O,egb,5.13,5.526854259551373
*NC(=O)NO*,eps,5.14,4.935964215227241
*Oc1ccc(cc1)C(c1ccc(cc1)Oc1ccc(cc1)C(=O)c1ccc(cc1)*)(C(F)(F)F)C(F)(F)F,tg,170.5,177.53261588215904
*Oc1ccc(cc1)Oc1ccc(cc1)OC(=O)c1cc(ccc1)C(=O)*,tg,164.5,164.87835594127537
*NC(=O)c1c(cc(cc1)C(=O)NCCCCCC*)Oc1ccc(cc1)Cl,tg,112.5,115.41598658773235
*CCCCCCCCc1nnc(*)o1,egc,6.3765,6.394486706590763
*CC(C)(C)COC(=O)O*,egc,7.3547,7.174720281628533
*N1C(=O)c2c(C1=O)cc(cc2)Oc1cc2c(C(=O)N(C2=O)c2c(ccc(c2)C(c2cc(c(cc2)OCCN(c2ccc(cc2)C=CC2=CC(=C(C#N)C#N)CC(C2)(C)C)c2ccccc2)*)(C(F)(F)F)C(F)(F)F)OCCN(c2ccc(cc2)C=CC2=CC(=C(C#N)C#N)CC(C2)(C)C)c2ccccc2)cc1,tg,220.0,209.91840697553653
*CNC(C=C1)=CC=C1C(=O)*,egc,3.6383,4.037784306208516
*Cc1ccc(C(=O)c2ccc(*)s2)s1,eea,2.8498,2.8154142610973936
*OC(=O)NCCCCCCNC(=O)OCCCCCCCCCCCCCCCC*,tg,39.0,58.43572644019355
*Oc1ccc(C(=O)c2ccc(C(=O)NOC(*)=O)s2)cc1,eps,4.55,4.494240188414932
*OCC(F)(F)C(*)(F)F,nc,1.5633,1.520055605822944
*Oc1cc2c(cc1)ccc(c2)Oc1ccc(cc1)C(=O)Nc1ccc(cc1)Oc1ccc(cc1)C(c1ccc(cc1)C(c1ccc(cc1)Oc1ccc(cc1)NC(=O)c1ccc(cc1)*)(C)C)(C)C,tg,166.0,138.1922453379159
*CC(*)OC=O,egc,6.9603,6.852467123866337
*C(C*)C1CCCCC1,tg,117.68,84.84643838865897
*CC#CC#CCOc1ccc(-c2ccc(O*)cc2)cc1,egc,4.0246,3.7950561721164457
*Cc1ccc(NO*)cc1,ei,5.6115,5.4693916433767855
*Nc1ccc(-c2ccc(NC(=O)c3cc(C(=O)O)c(C(*)=O)cc3C(=O)O)cc2)cc1,egc,3.2555,3.168743707035584
*c1cc2c(C(=O)N(C2=O)c2c3c(c(cc2C)c2cc(c(c4c2cccc4)N2C(=O)c4c(C2=O)cc(cc4)C(*)(C(F)(F)F)C(F)(F)F)C)cccc3)cc1,tg,403.0,376.8971172942322
*Oc1cc(ccc1)NC(=O)c1ccc(cc1)C(=O)Nc1cc(ccc1)OCCCCCCCC*,tg,122.0,127.7320162972947
*CCCNC(=O)NCCCCCCNC(=O)O*,egc,5.4226,6.025063543211236
*Oc1c(cc(cc1C)S(=O)(=O)c1cc(c(c(c1)C)OCC(COc1c(cc(cc1C)C(c1cc(c(c(c1)C)OCC(C*)O)C)(C)C)C)O)C)C,tg,145.0,148.37761995798553
*CC(*)(C)C#N,egc,7.6319,7.074442307777959
*NC(=O)c1cc(cc(c1)NC(=O)C(C(CC)C)N1C(=O)c2c(C1=O)cccc2)C(=O)NCCCCCC*,tg,135.0,150.90736815850323
*C(=O)NCCCCCCNC(=O)N1CCN(*)CC1,egc,5.4634,5.6157931874604765
*CC(F)(F)C1(F)CC(CC(O)(C(F)(F)F)C(F)(F)F)CC1*,egc,7.7065,7.25951155664548
*N(CC*)C(=O)CCCCCCCCCCC,tg,10.0,6.213631505333587
*OC(=O)CCC(CC*)C,tg,-53.0,-32.83029882629737
*CCC(=O)c1ccc(*)cc1,nc,1.8245,1.817094274824957
*C(=O)OCC(C)(C)COC(=O)N1CC(C)N(*)CC1C,egc,5.8365,5.937576656981028
*OC(c1ccc(Cl)cc1)C(C)(C)C(*)=O,egc,4.9195,4.708826166465329
*C(C*)(CC(=O)Oc1ccc(cc1)OCCC)C(=O)Oc1ccc(cc1)OCCC,tg,94.5,97.44209902442996
*N1C(=O)c2c(C1=O)cc(cc2)c1cc2c(C(=O)N(C2=O)Cc2oc(cc2)C(c2oc(cc2)C*)(C)C)cc1,tg,129.0,113.24215896184829
*O[Si](Oc1ccc(cc1)*)(C)C,tg,90.0,27.074435401709657
*NC(S1)=CC=C1NC(S2)=CC=C2*,egc,2.5847,2.6919809228538587
*NC(CC(*)=O)C(=O)OCCCCCCCCCCCC,egc,5.8778,5.8285185795665955
*CC(CO*)(CS(=O)(=O)CCCC)CS(=O)(=O)CCCC,egc,5.4465,5.3952563088073475
*CCCCOC(=O)NCCNC(=O)O*,egc,6.2788,6.201363305487745
*NC1CC(CC(C1)(CNC(=O)c1cc(cc(c1)NC(=O)C(C(CC)C)N1C(=O)c2c(C1=O)cccc2)C(=O)*)C)(C)C,tg,128.0,178.2617897512813
*Oc1ccc(C(CCCC)(CCCC)c2ccc(OC(*)=O)cc2)cc1,egc,4.9969,4.838849927566621
*O[Si](O[Si](O[Si](O[Si](CC[Si](O[Si](CC[Si](*)(c1ccccc1)c1ccccc1)(C)C)(C)C)(c1ccccc1)c1ccccc1)(c1ccccc1)c1ccccc1)(c1ccccc1)c1ccccc1)(c1ccccc1)c1ccccc1,tg,11.0,41.704352427354856
*c1cc2c(C(=O)N(C2=O)c2c(cc(c(c2C)N2C(=O)c3c(C2=O)cc(cc3)C(=O)Nc2ccc(cc2)NC(=O)*)C)C)cc1,tg,327.0,347.1449132235532
*OC(=O)CCCCC(=O)OCC(CC(CC*)(C)C)C,tg,-70.0,-43.31688870569977
*CNCCCOCO*,ei,6.3776,6.177477883658223
*C(C*)OC(=O)C(F)(F)F,tg,52.4,65.23482467949947
*CCN(*)C(=O)c1c(F)cccc1F,egc,4.4989,4.714351846769034
*CNc1ccc(C(*)=O)cc1,nc,1.9491,1.9566130552696923
*CC(O*)c1ccccc1,egc,5.2866,5.238432267291692
*OC(CC)(CC)C(*)=O,egc,6.0873,6.258237498486019
*N1C(=O)c2c(C1=O)c(c(c(c2c1ccccc1)c1ccccc1)c1ccc(cc1)Oc1ccc(cc1)c1c(c2c(C(=O)N(C2=O)c2ccc(cc2)Oc2ccc(cc2)*)c(c1c1ccccc1)c1ccccc1)c1ccccc1)c1ccccc1,tg,360.0,372.99832659849557
*OC(C*)C1C(C(C1)(F)F)(F)F,tg,-25.0,27.54733526721127
*c1cc2c(C(=O)N(C2=O)c2ccc(cc2)c2sc(c(c2c2ccccc2)c2ccccc2)c2ccc(cc2)N2C(=O)c3c(C2=O)cc(cc3)C(=O)Nc2cc(ccc2)C(=O)c2cc(ccc2)NC(=O)*)cc1,tg,308.0,273.1264887590239
*Oc1c2c(ccc1)c(ccc2)OC1(C(C(C1(F)F)(F)F)(*)F)F,tg,124.8,145.17242939093643
*CCOCCOC(=O)NCCNC(=O)O*,egc,6.3071,6.224046181008287
*OCC(C*)(COCC(C(C(F)(F)F)(F)F)(F)F)C,tg,-45.0,-47.78487542637785
*Cc1ccc(-c2ccc(N*)s2)s1,nc,1.9938,1.9907790289586897
*CCCCCCSSCCCCSS*,egb,4.2836,4.620011104840913
*NCCCNC(=O)NC(*)=O,nc,1.7499,1.7309803857406756
*CCN(*)C(=O)c1ccc(OC)cc1,egc,5.0115,4.965930884828362
*Oc1ccc(cc1)S(=O)(=O)c1ccc(cc1)Oc1ccc(cc1)C(=O)c1cc(cc(c1)I)C(=O)c1ccc(cc1)*,tg,203.0,216.7843234101741
*Oc1ccc(C(CC)c2ccc(OC(*)=O)cc2)cc1,egc,5.1581,5.079581862935288
*NC(=O)Nc1ccc(*)cc1,nc,1.9598,1.9844262943216002
*c1ccc(SSc2ccc(-n3c(=O)c4cc5c(=O)n(*)c(=O)c5cc4c3=O)cc2)cc1,egc,2.3111,2.096132203253165
*CCCc1ccc(*)cc1,egb,4.7657,4.915808533705146
*OP(=O)(N=Nc1ccc(cc1)Oc1ccc(cc1)N=NP(=O)(OCc1ccc(cc1)C*)OC)OC,tg,50.0,45.54394278586473
*Oc1ccc(cc1)C1(CCCCC1)c1ccc(cc1)OC(=O)OC1C(C(C1(C)C)OC(=O)*)(C)C,tg,136.0,177.51138542976906
*Oc1c(C)cc(N=Nc2ccc(C(*)=O)cc2)cc1C,egc,3.7116,3.99403531063337
*C(=O)Nc1cccc(C(=O)Nc2cccc(NC(=O)c3ccc4[nH]c(-c5cccc(-c6nc7cc(*)ccc7[nH]6)c5)nc4c3)c2)c1,egc,3.186,3.3055570149009488
*Oc1ccc(cc1)Oc1ccc(cc1)NC(=O)c1ccc(cc1)Oc1ccc(cc1)C(c1cc(ccc1)C(c1ccc(cc1)Oc1ccc(cc1)C(=O)Nc1ccc(cc1)*)(C)C)(C)C,tg,147.0,133.2937054769905
*Oc1ccc(cc1)C1(c2ccccc2c2ccccc12)c1ccc(cc1)Oc1ccc(cc1)C(=O)c1cc(ccc1)c1cc(ccc1)C(=O)c1ccc(cc1)*,tg,212.0,206.24579255731882
*Oc1ccc(Oc2ccc(Oc3cccc(*)n3)cc2)cc1,egc,4.1433,4.023942001402785
*Nc1ccc(NC(*)=S)s1,eea,2.2133,2.3723955215384502
*C1(OC(CO1)c1ccccc1)C*,tg,75.0,82.56660534271373
*c1ccc2c(nc([nH]2)c2cc(cc(c2)N2C(=O)c3c(C2=O)cccc3)c2nc3c([nH]2)ccc(c3)C(=O)Nc2cc(ccc2)NC(=O)*)c1,tg,304.0,307.79076174174133
*c1cc2c(C(=O)N(C2=O)c2ccc(cc2)Oc2c(cc(c(c2)C(C)(C)C)Oc2ccc(cc2)N2C(=O)c3c(C2=O)cc(cc3)C(=O)*)C(C)(C)C)cc1,tg,288.0,257.94205737602067
*C(C*)(C(=O)Oc1ccc(cc1)C(=O)C=Cc1cc(c(cc1)OC)OC)C,tg,137.0,132.87177686778148
*CC(C(=O)Oc1ccccc1)C(C(=O)O)C(*)(C)C,egc,5.2905,5.393938730549506
*OC1(O)CCCC(*)C1,egc,6.0531,6.195600393992193
*Oc1ccc(cc1)S(=O)(=O)c1ccc(cc1)Oc1ccc(cc1)C(=O)c1ccc(cc1)*,tg,201.67,181.13678438987827
*C(C*)(C(=O)OCCCCCCOc1ccc(cc1)C(=O)Oc1ccc2c(c1)oc(=O)cc2)C,tg,102.0,68.29057636682109
*Nc1ccc(NC(=O)c2ccc(C(=O)c3ccc(C(*)=O)c(C(=O)O)c3)cc2C(=O)O)cc1,egc,3.0554,3.0961709470054966
*NC(S1)=CC=C1C(S2)=CC=C2C(=O)*,egc,2.263,2.352383579677887
*CCC1CCC(*)C1,egc,7.1099,6.4463931253563524
*Oc1ccc(cc1)C(=O)OCCN(CCOC(=O)c1ccc(cc1)OCC#CC#CC*)c1ccc(cc1)N=Nc1ccc(cc1)[N+](=O)[O-],tg,100.0,101.96448324868251
*OC(=O)Nc1ccc(cc1)Cc1ccc(cc1)NC(=O)OCC(C*)(C)C,tg,94.0,61.45825122110945
*c1oc(nn1)c1ccc(cc1)C(=O)OCCCCCCCCOc1ccc(cc1)C=C1C(=O)C(=Cc2ccc(cc2)OCCCCCCCCOC(=O)c2ccc(cc2)*)CC1,tg,99.0,90.74912139826111
*CC(=O)c1ccc(-c2ccc(*)s2)s1,egb,2.3893,2.3219596078101663
*N1C(=O)c2c(C1=O)cc(cc2)Oc1cc2c(C(=O)N(C2=O)c2cc(ccc2)C(C(C(C(C(c2cc(ccc2)*)(F)F)(F)F)(F)F)(F)F)(F)F)cc1,tg,138.5,134.090180785099
*NC(=O)Nc1ccc(*)s1,eps,4.94,4.636863998278806
*c1ccc(C(=S)c2ccc(-c3ccc(*)s3)s2)cc1,eea,3.54,3.5591824722148067
*O[Si](*)(CCCCCCCCCCCOc1ccc(cc1)/C=C/c1ccc(cc1)C#N)C,tg,-55.0,-0.42115784281517565
*Nc1ccc(-c2ccc(-c3ccc(*)s3)cc2)s1,egb,1.6397,2.0128302526225528
*Oc1c(cc(c(c1)C(C)(C)C)Oc1ccc(cc1)C(=O)c1ccc(cc1)*)C(C)(C)C,tg,206.0,183.491650929185
*c1ccc2c(nc([nH]2)c2cc(cc(c2)N2C(=O)c3c(C2=O)cccc3)c2nc3c([nH]2)ccc(c3)C(=O)Nc2ccc(cc2)S(=O)(=O)c2ccc(cc2)NC(=O)*)c1,tg,325.0,317.0227156044299
*C(C*)CC1CCCCC1,tg,75.0,68.56217818246199
*CC(=O)C(=S)O*,eps,4.8,4.852607759563907
*Oc1ccc(C(=O)c2ccc(*)cc2)cc1,eps,4.32,4.368824316495534
*C(C*)(C(=O)OCCCCCCCCCCCCCC)C,tg,-72.0,-38.9419254993996
*Oc1cc(Cl)cc(Cl)c1*,egc,4.3654,4.299163688681012
*c1sc(cc1)c1cc(c(cc1)Oc1ccc(cc1)C(c1ccc(cc1)Oc1c(cc(cc1)*)C(F)(F)F)(C)C)C(F)(F)F,tg,123.33,135.55549320847788
*CC(OC(C)=O)C1C(=O)N(c2ccc(C)cc2)C(=O)C1(*)Cl,egc,4.7107,4.701693136588211
*c1cc2c(C(=O)N(C2=O)c2cc(cc(c2)OCCCCCCCCCCCCCCCC)N2C(=O)c3c(C2=O)cc(cc3)C(=O)*)cc1,tg,179.0,197.55092287032707
*C(=O)C(F)(F)CC(*)(F)F,egb,4.9978,4.750072185616319
*C(C*)OC(C(F)(F)F)(C(F)(F)F)F,tg,60.0,-0.6741456996078538
*C(C=C1)=CC=C1C(=S)C(C=C2)=CC=C2C(=S)*,egc,2.6743,1.7794957551515045
*C(C*)c1ccc(cc1)B(O[Si](C)(C)C)O[Si](C)(C)C,tg,84.0,103.76106949335546
*Oc1cc2c(cc1)ccc(c2)Oc1ccc(cc1)C(=O)Nc1ccc(cc1)Oc1ccc(cc1)S(=O)(=O)c1ccc(cc1)Oc1ccc(cc1)NC(=O)c1ccc(cc1)*,tg,227.0,214.4354987096811
*CCC(=O)O*,nc,1.6631,1.6384281375930527
*Oc1cc(ccc1)C(=O)c1ccc(cc1)*,tg,132.67,121.25385792010627
*OP(=O)(Oc1c(c(c(c(c1Cl)Cl)*)Cl)Cl)Oc1ccccc1,tg,79.0,92.40380398211596
*C(=S)NC(F)(F)C(*)(F)F,eps,3.81,3.729731261807451
*C(C*)(C(=O)OCCCCCCCCCCCOc1cc2c(cc1)cc(cc2)C(=O)Oc1ccccc1)C,tg,10.0,11.861033777288114
*NC(=O)CCCCCCCCCCCC*,tg,41.0,28.902718869603746
*Oc1ccc(CC(*)=O)cc1,egc,4.8618,5.054353220419389
*c1cc2C(c3c(c2cc1)ccc(c3)c1c(cc(c(c1)CCCCCCCC)*)CCCCCCCC)(CCCCCC)CCCCCC,tg,74.5,58.847513296017695
*CC(*)OCC(=O)OC,egc,5.3903,5.364257447150393
*C(=S)c1ccc(C(=S)c2ccc(*)cc2)cc1,ei,5.6051,5.277375186250509
*C(C*)c1ccc(cc1)C(=NO)Cc1ccccc1,tg,111.0,97.35485643687643
*CNC(S1)=CC=C1C(=O)*,egc,3.1504,3.0886707251850547
*C(C*)(C(=O)OCC1CCC1)C,tg,114.0,70.53242314729711
*C(=C*)CCCOc1ccc(cc1)OC(=O)c1ccc(cc1)OCCCCCCCC,tg,38.25,40.41358124408859
*N1C(=O)c2c(C1=O)cc(cc2)C(=O)c1cc2c(C(=O)N(C2=O)CC2C3C(CC2)C2C(CC3C2)C*)cc1,tg,217.0,215.46325060110607
*Oc1ccc(cc1)Oc1ccc(cc1)NC(=O)c1ccc(cc1)Oc1ccc(cc1)Oc1ccc(cc1)C(=O)Nc1ccc(cc1)*,tg,236.0,222.91009133472443
*OS(=O)(=O)c1cc(ccc1)C(=O)c1cc(ccc1)S(=O)(=O)Oc1ccc(cc1)C(c1ccc(cc1)*)(C)C,tg,122.0,124.67391640280248
*OC(=O)CCCCCC(*)=O,egc,5.9809,6.152643338548244
*c1ccc(C(c2ccccc2)(c2ccc(-c3nc4ccc(-c5ccc6nc(*)oc6c5)cc4o3)cc2)C(F)(F)F)cc1,egc,3.4178,3.304784028550142
*C(C*)(C(=O)OCCCCCC(=O)Oc1ccc(cc1)OC(=O)c1ccc(cc1)OC)C,tg,40.0,44.24304691926184
*C(C*)Cc1ccc(cc1)C,tg,62.5,73.6959969257807
*C(C)C(*)O,egc,6.0639,6.5836440981240045
*CC(C=C1)=CC=C1C(S2)=CC=C2C(=S)*,egc,2.7839,2.6034084399026454
*CC(*)C(=O)OCC(F)(F)C(F)(F)OC(F)(F)C(F)(F)C(F)(F)C(F)(F)F,egc,6.9089,6.193615327069512
*N1C(=O)c2c(C1=O)c(ccc2)Oc1c(cc(cc1C)Cc1cc(c(c(c1)C)Oc1c2c(C(=O)N(C2=O)c2cc(ccc2)*)ccc1)C)C,tg,269.0,265.2746855851083
*Cc1ccc(CNC(=O)c2cccc(C(=O)N*)c2)cc1,egc,4.6753,4.898111392096264
*Oc1ccc(cc1)N1ON1c1ccc(cc1)OCCCCCCOC(=O)C(C(=O)OCCCCCC*)CCCCP(=O)(OCC)OCC,tg,11.5,10.671721537358918
*c1ccc(*)c(OC)c1N,egc,4.71,4.369227074429005
*N1C(=O)c2c(C1=O)cc(cc2)Oc1ccc(cc1)C(=O)Nc1ccc(cc1)Cc1ccc(cc1)*,tg,250.0,223.89876999148666
*C=CC1CC(*)C(F)(F)C1(F)OC(F)(F)C(F)(F)C(F)(F)F,egc,3.4449,3.1843434341351746
*c1nc(sc1)N=Cc1ccc(cc1)OCCCCCCCCOc1ccc(cc1)C=Nc1nc(cs1)c1ccc(cc1)Oc1ccc(cc1)*,tg,150.0,107.4379440384517
*C1(C(=O)OC(=O)C(C1)(C*)C)C,tg,144.0,164.38931679060104
*c1cc2c(C(=O)N(C2=O)c2ccc(cc2)C(=O)Nc2ccc(cc2)Oc2ccc(cc2)C(c2ccc(cc2)Oc2ccc(cc2)NC(=O)*)(C)C)cc1,tg,216.0,216.52623392462317
*CCCCCOC(=O)O*,egc,7.3186,7.294172346035416
*Oc1c(cc(cc1Cl)C(c1cc(c(c(c1)Cl)OC(=O)*)Cl)C(Cl)(Cl)Cl)Cl,tg,273.0,287.06575479944513
*CC(=O)OC(*)=S,egb,3.73,3.5128116660394517
*SSSCCCCCCCCCC*,tg,-70.0,-64.81051698492098
*c1ccc(cc1)c1c(cc(c(c1c1ccccc1)c1ccccc1)c1cc(ccc1)c1c(c(c(c(c1)c1ccccc1)c1ccc(cc1)CCCC*)c1ccccc1)c1ccccc1)c1ccccc1,tg,180.0,207.7820975795899
*C(=O)NC(F)(F)C(*)(F)F,ei,8.3456,8.188319068850848
*OC(=O)c1c(cc(cc1)C(=O)OCCN(CC*)c1ccc(cc1)N=Nc1ccc(cc1)C=Cc1nc2c(n1CC)cc(cc2)[N+](=O)[O-])OC,tg,173.0,141.56310246282015
*Oc1ccc(cc1)C(=O)c1ccc(cc1)Oc1ccc(cc1)C(=O)c1c(c(c(c(c1c1ccc(cc1)F)c1ccc(cc1)F)c1ccc(cc1)F)c1ccc(cc1)F)C(=O)c1ccc(cc1)*,tg,260.0,265.05186343793457
*Oc1ccc(cc1)NC(=O)c1ccc(cc1)C(=O)Nc1ccc(cc1)Oc1ccc(cc1)C(=O)c1ccc(cc1)*,tg,160.0,167.32575939237464
*[Si](C*)(CCCn1c2ccccc2c2ccccc12)C,tg,71.2,94.81980300217553
*C1COC2C1OCC2OC(=O)OCCCCCCCCCCOC(=O)O*,tg,6.5,25.919316402577568
*N(CCC*)C(=O)c1ccccc1,tg,72.0,97.41636480952202
*OC(*)CCC#N,egc,6.5576,7.335141809409151
*c1cc2c(C(=O)N(C2=O)c2cc(c(cc2)Oc2ccc(cc2)C(=O)c2nc(ccc2)C(=O)c2ccc(cc2)Oc2c(cc(cc2)N2C(=O)c3c(C2=O)cc(cc3)C(*)(C(F)(F)F)C(F)(F)F)C(F)(F)F)C(F)(F)F)cc1,tg,206.4,210.11866672864465
*c1cc2c(C(=O)N(C2=O)c2cc(c(cc2)C(=O)Nc2ccc(cc2)C(c2ccc(cc2)NC(=O)*)(C(F)(F)F)C(F)(F)F)C)cc1,tg,320.0,258.43336889002126
*c1ccc2c3n(c4ccc(cc4n3)c3cc4n5c(nc4cc3)c3cccc4c(ccc(c5=O)c34)Oc3ccc(cc3)C(c3ccc(cc3)O*)(c3ccccc3)c3ccccc3)c(=O)c3cccc1c23,tg,357.0,391.0306775088642
*Cc1ccc(-c2ccc(CSC(=O)CCC(=O)S*)cc2)cc1,egc,4.7843,4.5341408387428865
*NC(=C(NC(=O)c1ccc(cc1)C(=O)*)C#N)C#N,tg,232.0,212.5647574161731
*Oc1ccc(cc1)C(c1ccc(cc1)OC1(C(C(C1(F)F)(F)F)(*)F)F)(C(F)(F)F)C(F)(F)F,tg,122.5,108.02330795657062
*C(=O)c1ccc2c(c1)C(=Nc1ccc(Oc3cccc(N=C4OC(=O)c5ccc(*)cc54)c3)cc1)OC2=O,egc,2.5722,2.6112262278424114
*Nc1ccc(cc1)Cc1ccc(cc1)NC(=O)NCCCCCCCCCCCCNC(=O)*,tg,51.0,36.630842628123276
*Oc1ccc(cc1)C(c1ccc(cc1)OC(=O)*)C(Cl)(Cl)Cl,tg,230.0,219.87645563740108
*C(=O)NCCCCCCNC(=O)c1cnn(*)c1,egc,5.1584,5.249710447310278
*c1n(c(nn1)c1ccc(cc1)Oc1ccc(cc1)C(c1ccc(cc1)Oc1ccc(cc1)*)(C)C)c1ccccc1,tg,207.0,219.51665248255722
*Oc1ccc(cc1)C(c1ccc(cc1)OC*)(C(F)(F)F)C(F)(F)F,tg,123.0,113.45272034535655
*Oc1ccc(cc1)OCC(=O)NCCCCCCNC(=O)C*,tg,67.0,41.15160865156462
*Nc6ccc(C5(c2ccc(NC(=O)c1ccc(C(*)=O)cc1)cc2)c3ccccc3C(=O)c4ccccc45)cc6,egc,3.2678,3.3448274049119804
*Sc1ccc(cc1)*,tg,93.49,132.0044452192231
*c1cc2c(C(=O)N(C2=O)c2ccc(cc2)Oc2ccc(cc2)C2(c3c(C(=O)N2)cccc3)c2ccc(cc2)Oc2ccc(cc2)N2C(=O)c3c(C2=O)cc(cc3)C(=O)Nc2cc(ccc2)NC(=O)*)cc1,tg,328.0,309.49541451378445
*Oc1ccc(cc1)CC(NC(=O)CCc1ccc(cc1)OC(=O)COCC(=O)*)C(=O)OCCCCCCCC,tg,40.0,47.99284853592244
*N1C(=O)c2c(C1=O)cc(cc2)S(=O)(=O)c1cc2c(C(=O)N(C2=O)c2ccc(cc2)N(c2ccc(cc2)*)c2ccc(cc2)C#N)cc1,tg,325.0,303.1594082523296
*C(=O)c1ccc2c(c1)C(=O)N(c1ccc(Sc3ccc(N4C(=O)c5ccc(*)cc5C4=O)cc3)cc1)C2=O,egc,2.66,2.837328581569326
*c1cc2c(C(=O)N(C2=O)c2c(cc(cc2c2ccccc2)c2ccc(cc2)c2cc(c(c(c2)c2ccccc2)N2C(=O)c3c(C2=O)cc(cc3)C(=O)*)c2ccccc2)c2ccccc2)cc1,tg,265.0,257.3995978373311
*C(C*)(C(=O)OC1CCC(CC1)C)C,tg,109.0,98.62668612139585
*CC(=S)CO*,egb,2.5314,2.6234130971535574
*CCN(*)C(=O)c1ccc(F)c(F)c1,egc,5.106,5.213809856094377
*c1c(nc2c(n1)cc(cc2)Oc1ccc(cc1)NC(=O)c1cc(cc(c1)N1C(=O)c2c(C1=O)cccc2)C(=O)Nc1ccc(cc1)Oc1cc2c(nc(c(n2)c2ccc(cc2)Oc2ccc(cc2)*)c2ccc(cc2)[N+](=O)[O-])cc1)c1ccc(cc1)[N+](=O)[O-],tg,305.0,259.1106861166036
*N1C(=O)c2c(C1=O)cc(cc2)c1cc2c(C(=O)N(C2=O)c2c(cc(cc2C)C(c2cc(c(c(c2)C)*)C)c2c3c(ccc2)cccc3)C)cc1,tg,311.67,296.3288178672873
*C(CCCCC*)CCCCCCCCCC,tg,-65.0,-46.44946768348885
*C(=CCC*)C(C)(C)C,tg,20.0,48.05694431921765
*CCN1C(=O)C(=CC=C2SC(=S)N(*)C2=O)SC1=S,egc,2.2801,2.2971739885535447
*Nc1ccc(cc1)Cc1ccc(cc1)NC(=O)c1cc(cc(c1)N1C(=O)C2C(C1=O)CC=CC2)C(=O)*,tg,286.0,301.90006184940773
*CC(=O)NC(=O)*,egc,4.269,4.668055598162125
*Oc1cc2c(cc1)ccc(c2)Oc1ccc(cc1)C(=O)Nc1ccc(cc1)Oc1ccc(cc1)C(c1ccc(cc1)Oc1ccc(cc1)NC(=O)c1ccc(cc1)*)(c1ccccc1)C,tg,177.0,152.32401780266
*OC(C*)CSCCCC,tg,-65.0,-70.67568044273537
*N(C(=O)C(C(C(C(C(=O)N(CCCCCC*)CC(C(F)(F)F)(F)F)(F)F)(F)F)(F)F)(F)F)CC(C(F)(F)F)(F)F,tg,174.0,91.47991549479858
*CC1CC1CO*,egc,5.9176,5.923957015102974
*NC(=O)C(CC(C(=O)NCCCCCC*)CC)CC,tg,94.0,87.6597225490018
*c1cc2c(C(=O)N(C2=O)c2cc(c(cc2)Oc2c(cc(cc2C(C)(C)C)c2ccc(cc2)N2C(=O)c3c(C2=O)cc(cc3)C(*)(C(F)(F)F)C(F)(F)F)C(C)(C)C)C(F)(F)F)cc1,tg,362.5,363.00813778173534
*C(C)C(*)OC,egc,5.326,5.663690269182726
*C(C*)c1ccc(cc1)OCCCC,tg,52.0,41.658077376772276
*N1C(=O)c2c(C1=O)cc(cc2)C(=O)c1cc2c(C(=O)N(C2=O)CCCC(=O)Nc2cc(ccc2)Oc2ccc(cc2)NC(=O)CCC*)cc1,tg,188.0,185.1787508113016
*CC1CCCC(CNC(=O)c2cccc(C(=O)N*)c2)C1,egc,4.8123,4.915923380598883
*Oc1ccc(cc1)C(=O)c1ccc(cc1)Oc1ccc(cc1)C(=O)c1c(c(c(c(c1c1ccccc1)c1cc2c(cc1)cccc2)c1cc2c(cc1)cccc2)c1ccccc1)C(=O)c1ccc(cc1)*,tg,290.0,277.70360793026634
*NC1CCC(CC1)CC(NC(=O)CCCCC(=O)*)(C)C,tg,80.0,89.24651097448071
*c1cc2c(C(=O)N(C2=O)c2ccc(cc2)C(=O)OCCOCCOCCOC(=O)*)cc1,tg,63.0,93.7846546221286
*CC(C=C1)=CC=C1C(=S)O*,egc,3.4449,3.4808305594176
*N=P(*)(OCCC(=O)C=C)OCCC(=O)C=C,egc,3.9384,3.505082516314812
*OCC(C*)C(C)(C)C,tg,-4.0,10.568740538719032
*Oc1ccc(cc1)NC(=O)c1cc(cc(c1)NC(=O)c1ccccc1)C(=O)Nc1ccc(cc1)*,tg,294.5,286.6731307788658
*c1oc2c(n1)ccc(c2)c1ccc2c(oc(n2)CCCCCCCCCCCC*)c1,tg,55.0,39.686555825199676
*Nc1ccc(NC(=O)NONC(*)=O)s1,eea,1.3385,1.3500921910069736
*OC(=O)OC(*)=O,egb,5.926,6.109268021767864
*OC(CCC(C(=O)*)C1OCCCO1)CCC,tg,17.4,18.051457364667375
*C=CCCCC(CCC*)Cl,tg,-63.0,-54.481692842143374
*CCCCCCCCCCCCCCCCCCCCCCOC(=O)CCC(=O)O*,egc,6.6006,6.718488068206129
*C(*)C(=O)OC,tg,80.25,76.29172030623305
*c1ccc(-c2ccc(-c3ccc(-c4ccc(*)s4)cc3)s2)cc1,eea,2.3385,2.4140271778250852
*Oc1ccc(cc1)S(=O)(=O)c1cc2c(cc1)cc(cc2)S(=O)(=O)c1ccc(cc1)Oc1c(cc(cc1C)c1cc(c(c(c1)C)*)C)C,tg,280.0,299.81190545046934
*C1COC2C1OCC2OC(=O)c1cc(ccc1)OCCCCCCCCOc1cc(ccc1)C(=O)O*,tg,31.75,29.13170066104
*C(C*)c1ccc(cc1)CCCCCCCC,tg,-45.0,-39.82108156551743
*C(C*)(C(=O)OCCN(c1ccc(cc1)[N+](=O)[O-])CC)C,tg,98.0,90.09390787124488
*c1ccc(-c2ccc(C(F)(F)C(*)(F)F)cc2)s1,egb,4.0895,3.492133062063774
*c1cc2c(C(=O)N(C2=O)c2ccc(cc2)Oc2cc3c(cc2)ccc(c3)Oc2ccc(cc2)N2C(=O)c3c(C2=O)cc(cc3)C(=O)Nc2ccc(cc2)C(c2ccc(cc2)NC(=O)*)(C(F)(F)F)C(F)(F)F)cc1,tg,292.0,282.7595568085873
*Oc1cccc(OC(=O)c2cccc(C(*)=O)c2)c1,egc,4.1279,4.117917470481796
*Oc1ccc(cc1)Sc1ccc(cc1)Sc1ccc(cc1)Sc1ccc(cc1)*,tg,84.0,101.21644393137355
*N(C(=O)C(C(C(C(=O)N(CCCCCC*)C(C)C)(F)F)(F)F)(F)F)C(C)C,tg,142.5,66.63435224927495
*OC(=S)Oc1ccc(*)s1,nc,1.9459,1.9361031437951537
*C(C*)c1c(ccc(c1)C)C,tg,143.0,102.13139076287383
*N1C(=O)c2c(C1=O)cc(cc2)Oc1ccc(cc1)C1(CCCCCCCCCCC1)c1ccc(cc1)Oc1cc2c(C(=O)N(C2=O)c2ccc(cc2)Oc2ccc(cc2)C2(CCC(CC2)C(C)(C)C)c2ccc(cc2)Oc2ccc(cc2)*)cc1,tg,254.0,242.58861978556146
*Oc1ccc(C(F)(F)C(*)(F)F)cc1,nc,1.7437,1.7525999160493448
*Oc1ccc(cc1)CC(NC(=O)CCc1ccc(cc1)OC(=O)CCCCCCCCC(=O)*)C(=O)OCCCCCCCCCCCC,tg,12.5,23.96600220242452
*NC(C)C(=O)NC(CCC(=O)OCC)C(=O)NCC(*)=O,egc,5.3361,5.258606770099795
*C1COC2C1OCC2OC(=O)O*,tg,139.7,120.79094360598113
*C1C2CC(C(C1*)C2)[Si](C)(C)C,tg,298.0,289.1023136729276
*CCOC(=O)c1ccc(C(=O)O*)cc1,egc,4.6867,4.486087800531131
*OC(=O)c1ccc(cc1)C(=O)OCC(C(C*)CCCCCC)CCCCCC,tg,-15.5,17.665371501823223
*Oc1ccc(cc1)OC(=O)c1c(cc(c(c1)OCCCCCOCC1N(CCC1)c1ccc(cc1)[N+](=O)[O-])C(=O)*)OCCCCCOCC1N(CCC1)c1ccc(cc1)[N+](=O)[O-],tg,63.0,53.88338419553093
*OC(C*)COCOCC(C)([N+](=O)[O-])[N+](=O)[O-],tg,-17.5,25.331844208647983
*C1C2C(C(C(C1*)C2)C(=O)OCc1ccccc1)C(=O)OCc1ccccc1,tg,277.0,224.07408069565756
*c1ccc2c(nc([nH]2)c2ccc(cc2)C(=O)Nc2ccc(cc2)C(=O)Nc2ccc(cc2)NC(=O)*)c1,tg,295.0,333.0295735011557
*NC(CC(*)=O)c1ccccc1,egc,5.6573,5.533836275448877
*C(=O)c1ccc2c(c1)C(=O)N(c1ccc(C(C)(C)c3ccc(C(C)(C)c4ccc(N5C(=O)c6ccc(*)cc6C5=O)cc4)cc3)cc1)C2=O,egc,2.4861,2.6909564494960456
*Oc1ccc(cc1)C1(c2ccccc2Cc2ccccc12)c1ccc(cc1)OC(=O)c1ccc(cc1)C(=O)*,tg,342.0,361.15614151686924
*N(CC(C*)O)c1cc(c(c(c1)C)N=Nc1ccc(cc1)[N+](=O)[O-])C,tg,152.0,150.2622124495031
*C(=O)C(S1)=CC=C1C(S2)=CC=C2C(=S)*,egc,2.0098,2.4161813457619896
*c1cc2c(C(=O)OC2=Nc2ccc(cc2)Oc2ccc(cc2)C(c2ccc(cc2)Oc2ccc(cc2)N=C2OC(=O)c3c2cc(cc3)C(=O)*)(C(F)(F)F)C(F)(F)F)cc1,tg,248.0,238.8782297352223
*Nc1ccc(-c2ccc(NC(=C(C#N)C#N)c3ccc(-c4ccc(C(*)=C(C#N)C#N)cc4)cc3)cc2)cc1,egc,2.7741,2.6714047056276073
*Oc1ccc(cc1)Oc1ccc(cc1)S(=O)(=O)c1ccc(cc1)c1ccc(cc1)c1ccc(cc1)S(=O)(=O)c1ccc(cc1)*,tg,259.0,251.46301976952748
*OP(=O)(OCCOc1c(cc(cc1)C=C1C(=O)C(=Cc2cc(c(cc2)OCC*)OC)CC1)OC)OC,tg,99.0,91.45573969338949
*C=CCCCCCCCCCC(Cl)CCCCCCCCC*,egc,5.874,5.708959691364538
*NC(CCCCNC(*)=O)C(=O)OC,egc,6.2157,6.124735119097015
*c1ccc2N(c3c(Sc2c1)cc(cc3)c1sc(cc1)c1sc(cc1)*)CCCCCC,tg,140.0,164.23471499986056
*C1(c2c(C(=O)O1)cccc2)c1ccc(cc1)Oc1ccc(cc1)S(=O)(=O)c1ccc(cc1)Oc1ccc(cc1)*,tg,247.14,245.32647744834952
*OC(=C)CC(*)=O,egc,5.0472,5.112874527762766
*[SiH](C#Cc1c(cccc1)C#C*)c1ccccc1,tg,71.0,150.53953432832517
*c1ccc2c(nc(cn2)c2ccc(cc2)c2nc3c(nc2)ccc(c3)C(=O)*)c1,tg,318.0,295.4519873671152
*CC(CCCC)O*,egc,5.4348,5.89540217332954
*Oc1ccc(cc1)NC(=C(C#N)C#N)c1ccc(cc1)c1ccc(cc1)c1ccc(cc1)C(=C(C#N)C#N)Nc1ccc(cc1)*,tg,240.0,234.17189515074125
*O[Si](O[Si](O[Si](O[Si](OC(CCC(*)C)C)(C)C)(C)C)(C)C)(C)C,tg,-96.0,-75.57594960683373
*Oc1ccc(cc1)OC(=O)c1c(cc(cc1)C(=O)*)Sc1ccc(cc1)Cl,tg,140.0,134.41445052879337
*CCCCCCCCCCOC(=O)CCCCCCCC(=O)O*,egc,6.6816,6.8381285525927336
*N1C(=O)c2c(C1=O)cc(cc2)Oc1ccc(cc1)Oc1cc2c(C(=O)N(C2=O)c2ccc(cc2)Oc2ccc(cc2)Oc2ccc(cc2)Oc2ccc(cc2)*)cc1,tg,210.0,210.65245959912605
*CCCCCCCCCCCCCCNC(=O)CCCCCCCCCCC(=O)N*,egc,5.9384,5.996057748154884
*S(=O)c1ccc(cc1)Sc1cc(ccc1)Sc1ccc(cc1)*,tg,121.0,137.28670182298316
*CCNc1ccc(*)s1,nc,1.8184,1.8378357488224166
*C(C*)CCCCCCCCCCCC,tg,10.0,-55.95674572146735
*c1ccc(-c2ccc(-c3ccc(-c4ccc(*)s4)s3)s2)cc1,ei,4.7302,4.947510841028653
*Oc1ccc(OC(*)=O)s1,egb,3.6706,3.855338204565199
*CC(CCl)(CCl)COC(=O)CCCCC(=O)O*,egc,6.8357,6.749821703897354
*Oc1ccc(cc1)c1ccc(cc1)Oc1ccc(cc1)C(=O)c1cc2c(cc1)cc(cc2)C(=O)c1ccc(cc1)*,tg,195.0,196.35510846921778
*CCCCCCOC(=O)NCC(F)(F)C(F)(F)C(F)(F)C(F)(F)CNC(=O)O*,egc,6.7703,6.787275437915117
*Oc1ccc(OC(*)=O)cc1,nc,1.7876,1.785078681444129
*Oc1c2c(ccc1)ccc(c2)Oc1ccc(cc1)NC(=O)c1ccc(cc1)Oc1ccc(cc1)S(=O)(=O)c1ccc(cc1)Oc1ccc(cc1)C(=O)Nc1ccc(cc1)*,tg,218.0,218.42974918847435
*c1cc2c(C(=O)N(C2=O)c2cc(ccc2)N2C(=O)c3c(C2=O)cc(cc3)C(=O)Nc2ccc(cc2)S(=O)(=O)c2ccc(cc2)NC(=O)*)cc1,tg,342.0,320.51086095476825
*CC(=O)C(=S)O*,egb,2.0217,2.571047961019164
*Nc1cc(*)ccc1CCCCCC,egc,4.1073,3.9985122347769217
*N1C(=O)c2c(C1=O)cc(cc2)Oc1cc2c(C(=O)N(C2=O)c2ccc(cc2)Cc2ccc(cc2)*)cc1,tg,265.33,254.82591613353108
*Oc1ccc(CC(*)=O)cc1,egb,4.6878,4.835185343907447
*N1C(=O)c2c(C1=O)cc(cc2)c1cc2c(C(=O)N(C2=O)C2CCC(CC2)CC2CCC(CC2)*)cc1,tg,242.0,244.9417877568403
*CC(S1)=CC=C1C(S2)=CC=C2C(S3)=CC=C3*,egc,3.0602,2.6071059884197396
*CCCCCCCc1nnc(-c2ccc(-c3nnc(*)o3)cc2)o1,egc,3.843,4.04719297649983
*Oc1ccc(cc1)CC(NC(=O)CCc1ccc(cc1)OC(=O)CCCC(=O)*)C(=O)OCCCC,tg,53.67,49.774808547885065
*C(C*)C(=O)Nc1ccc(cc1)Cl,tg,76.0,117.531782631905
*c1nc2c(nc1)ccc(c2)Oc1ccc2c(nc(cn2)c2ccc(cc2)*)c1,tg,306.0,298.90419414509813
*OP(=O)(Oc1ccccc1)Oc1ccc(*)cc1,egc,5.1351,5.2156715194842596
*CCOCCOC(=O)CCC(C)CC(=O)O*,egc,6.43,6.609301296834139
*C(=O)c1ccc(-c2ccc(C(*)=S)s2)s1,eea,4.1032,3.9893353657722304
*C(C*)(C(=O)OCCCCCCOc1cc(ccc1)C(=O)Oc1ccc(cc1)C#N)C,tg,38.0,26.540140250347065
*c1ccc(cc1)c1c(cc(c(c1c1ccccc1)c1ccccc1)c1cc(ccc1)c1c(c(c(c(c1)c1ccccc1)c1ccc(cc1)CCC*)c1ccccc1)c1ccccc1)c1ccccc1,tg,240.0,231.42588584057867
*C(=O)Nc1ccc(S(=O)(=O)c2ccc(NC(=O)c3ccc4c(c3)C(=O)N(c3ccc(S(=O)(=O)c5ccc(N6C(=O)c7ccc(*)cc7C6=O)cc5)cc3)C4=O)cc2)cc1,egc,3.3421,2.997935398343188
*C(C*)c1ccc(cc1)C(=O)CCC,tg,74.0,74.87214481585907
*CC(*)C(=O)NCC,egc,5.2246,5.462589302575331
*c1nc(ccc1)c1cc(c(cc1)Oc1ccc(cc1)C(c1ccc(cc1)Oc1c(cc(cc1)*)C(F)(F)F)(C)C)C(F)(F)F,tg,121.0,148.6277547751618
*C(=O)NC(=O)c1ccc(*)cc1,nc,1.8899,1.8982449702949344
*c1cc2c(C(=O)N(C2=O)c2ccc(cc2)OCCOCCOCCOc2ccc(cc2)N2C(=O)c3c(C2=O)cc(cc3)C(*)(C(F)(F)F)C(F)(F)F)cc1,tg,166.0,168.29456610279084
*Oc1ccc(cc1)C(c1ccc(cc1)OC(=O)c1ccc(cc1)Cc1ccc(cc1)C(=O)*)(C)C,tg,187.5,196.27209294153812
*CCCCOC(=O)c1ccc(C(=O)O*)cc1,egb,4.0149,4.162195973197687
*OC(=O)Nc1c(ccc(c1)NC(=O)OCCCCCCC*)C,tg,61.0,-15.145527645795154
*OC3=CC=CC(C(C2=CC=CC(OC1=CC=CC(*)=C1)=C2)=O)=C3,egc,3.6547,3.59397900204844
*CC(C[N-][N+]#N)O*,egc,5.5722,5.63109403965274
*C=Cc1csc(C=Cc2cccc(*)n2)c1CCCCCC,egc,3.4055,3.1326287419462004
*Nc1ccc(cc1)C(c1ccc(cc1)NC(=O)c1ccc(cc1)c1ccc(cc1)C(=O)*)(P1(=O)c2ccccc2c2ccccc2O1)P1(=O)c2ccccc2c2ccccc2O1,tg,251.0,239.84724555211295
*OC(=O)CC*,tg,-24.18,-12.20347228749584
*Oc1ccc(cc1)OC(=O)CCCCCCCCC(=O)*,tg,52.8,48.65752354221439
*OC(C)COC(=O)c1cccc(C(*)=O)c1,egc,5.0391,4.936527069530901
*c1c(c(c(c(c1)N=Cc1ccc(cc1)F)O)*)C,tg,156.0,151.2952285135569
*Oc1ccc(Nc2ccc(N=Nc3ccc(Nc4ccc(*)cc4)cc3)cc2)cc1,egc,2.8393,2.8890034293931977
*Oc1c(cc(cc1Cl)C(c1cc(c(c(c1)Cl)OCC(C*)OC(=O)C)Cl)(C)C)Cl,tg,100.0,101.61147075348877
*NC(=O)NCCCCCCCCCCNC(=O)NCCCCCCCCCCCCCC*,tg,40.0,80.50842342079584
*CCCCCCOC(=O)OCCCCCCCCOC(=O)OCCCCCCOc1ccc(Oc2ccc(O*)cc2)cc1,egc,4.4708,4.437586570441663
*C=CC=CC=CC=C(*)CCS(=O)(=O)O,egc,0.8077,1.1643237260870407
*c1ccc(Cc2ccc(N3C(=O)C4CCC5C(=O)N(*)C(=O)C5C4C3=O)c(C)c2)cc1C,egc,4.8465,5.2258239076005575
*Oc1c(C)cc(*)cc1C,egc,4.5265,4.644434185879805
*Oc1ccc(cc1)C(c1ccc(cc1)OC(=O)c1ccc(cc1)C(c1ccc(cc1)C(=O)*)(C(F)(F)F)C(F)(F)F)(C)C,tg,124.0,124.54460402344999
*Oc1cc(cc(c1)CCCCCCCCCCC)OC(=O)c1cc(ccc1)C(=O)*,tg,34.5,30.587232344853547
*C(C*)(C(=O)OCCOc1ccc(cc1)C(=O)Oc1ccc(cc1)OCCCC)C,tg,137.0,82.20845386060584
*Oc1ccc(cc1)C(=O)c1ccc(cc1)OCCCCCCOC(=O)OCCCCOC(=O)OCCCCCC*,tg,2.1,6.3378768190849835
*NC(=O)CCCCC(=O)NCc1cc(ccc1)C*,tg,81.05,90.30520539556512
*CNCCCOCO*,eea,0.6155,0.5376141654348506
*CC(C)(C)COC(=O)CC(=O)O*,egc,6.7138,6.682921435687133
*C(C*)(C(=O)OCCCCOc1ccc(cc1)N=Nc1ccc(cc1)C#N)C,tg,80.0,79.58102996731834
*CCCCCC[N+](*)(C)C,egc,0.0205,0.6024725335889879
*C(C*)(C(=O)OCC1OC(C(C1O)O)n1c(=O)[nH]c(=O)cc1)C,tg,151.0,176.84212498170163
*C1CCC2C(*)CCC12,egc,6.7514,6.453039944911937
*CCc1ccc(O*)cc1,egb,4.052,4.424584398531707
*CCCCCCCCCCc1nnc(*)o1,egc,6.3926,6.501254577312899
*c1cc2c(C(=O)N(C2=O)c2ccc(cc2)Oc2ccc(cc2)C2(C3C4C(CCC4)C(C2)C3)c2ccc(cc2)Oc2ccc(cc2)N2C(=O)c3c(C2=O)cc(cc3)C(=O)Nc2ccc(cc2)Oc2ccc(cc2)NC(=O)*)cc1,tg,250.0,274.0558029709235
*N1C(=O)c2c(C1=O)cc(cc2)C(c1cc2c(C(=O)N(C2=O)CC(=O)Nc2ccc(cc2)Oc2ccc(cc2)Oc2ccc(cc2)NC(=O)C*)cc1)(C(F)(F)F)C(F)(F)F,tg,242.0,232.41729456780948
*CCCC(=O)NCCCCCOCCCCCNC(=O)CCCO*,egc,5.8594,5.9219194454819375
*CCCC(C)CC(=O)N*,egc,6.0894,5.885419107526128
*CCCCCCCCCOC(=O)c1ccc2cc(C(=O)O*)ccc2c1,egc,3.7681,3.7460860215326366
*CC(=S)OC(=S)*,egc,3.3702,3.1104613165080655
*CC1CCC(COC(=O)C(=O)O*)CC1,egc,5.4765,5.380609072485102
*C(=O)c1cccc(C(=O)c2ccc3c(c2)C(=O)N(c2ccc(Oc4ccc(N5C(=O)c6ccc(*)cc6C5=O)cc4)cc2)C3=O)c1,egc,2.5831,2.5967765164284655
*Oc1cc2c(cc1)ccc(c2)Oc1ccc(cc1)C(=O)Nc1ccc(cc1)Oc1ccc(cc1)C(c1ccc(cc1)Oc1ccc(cc1)NC(=O)c1ccc(cc1)*)(C(F)(F)F)C(F)(F)F,tg,163.0,169.70694396469267
*CC1CCC(CNC(=O)CCCCCCCCC(=O)N*)CC1,egc,5.7331,5.860393496992154
*C1C(=CC)CC(C1)C=C*,tg,118.43,92.31651366166476
*NC(=O)CCC*,tg,62.18,59.040921278781916
*C(=O)Oc1ccc(C(*)=S)cc1,eea,3.6938,3.6933080062287202
*Oc1c(cc(cc1OC)C=C1C(=O)C(=Cc2cc(c(c(c2)OC)OCCCCCC*)OC)CCC1)OC,tg,71.0,59.129052600119685
*Cc1ccc(Oc2ccc(*)s2)s1,eea,1.2199,1.050267605732329
*Oc1ccc(Cc2ccc(*)cc2)cc1,eps,3.5,3.540142614279933
*NC(=O)NCc1ccc(cc1)CNC(=O)NCCCCCCCCCCCCCC*,tg,54.0,63.44893004148057
*c1sc(cc1CCCCCCO[Si](C)(C)C)*,tg,10.0,27.68694977731575
*C(C)=C(*)C#N,egc,3.2656,3.5665932829830687
*c1cc2c(C(=O)N(C2=O)c2ccc(cc2)Oc2ccc(cc2)C(=O)c2cc(ccc2)C(=O)c2ccc(cc2)Oc2ccc(cc2)N2C(=O)c3c(C2=O)cc(cc3)C(*)(C(F)(F)F)C(F)(F)F)cc1,tg,236.0,234.2526326311952
*CO*,eea,0.9897,0.905865120195016
*Oc1ccc(OC(=O)Oc2ccc(OC(*)=O)cc2)cc1Cl,egc,5.1691,5.18399081731453
*OC1CCC(NC(*)=O)CC1,egc,6.28,6.311873179659294
*C1C(=O)N(C(=O)C1*)CCCOc1ccc(cc1)c1ccc(cc1)C#N,tg,130.0,120.34707840523099
*Nc1ccc(NC(=O)c2cccc(C(*)=O)c2)cc1,egc,3.551,3.7283398301417927
*N1C(=O)c2c(C1=O)cc(cc2)c1cc2c(C(=O)N(C2=O)c2cc(ccc2)C(=O)Nc2ccc(cc2)Oc2ccc(cc2)C(c2ccc(cc2)Oc2ccc(cc2)NC(=O)c2cc(ccc2)*)(C)C)cc1,tg,257.0,255.1709380994499
*OC(=S)Oc1ccc(*)cc1,eps,4.1,4.1851529648776316
*Nc1ccc(-c2ccc(C(*)=S)cc2)cc1,nc,2.1003,2.062180224736868
*Nc1ccc(cc1)C(=O)c1ccc(cc1)NC(=O)c1ccc(cc1)C(=O)*,tg,300.0,301.77856290072276
*Nc1cc(NC(=O)c2ccc(C(*)=O)cc2)cc(C(=O)OCCOc2ccc(C=CC(=O)c3ccccc3)cc2)c1,egc,3.1709,2.999644303659442
*c1ccc2c(c1)[Si](C)(C)c1cc(*)ccc1N2C,egc,3.6899,3.4478799520397896
*N(Cc1c(c(cc(c1)C12CC3CC(CC(C1)C3)C2)C*)O)c1ccccc1,tg,109.4,169.38098196201764
*Oc1ccc(cc1)S(=O)(=O)c1ccc(cc1)Oc1ccc(cc1)C1(C2CCC(C1)C2)c1ccc(cc1)*,tg,250.0,257.5243501228189
*CC(O)CN(*)c1ccc(N=Nc2ccc(Cl)cc2)cc1,egc,2.6263,2.6924516455418415
*OC(=O)CCc1ccc(CCC(*)=O)cc1,egc,5.0434,5.109006189400944
*N1C(=O)C2C(C1=O)CC(CC2)C1CC2C(C(=O)N(C2=O)c2ccc(cc2)Oc2ccc(cc2)*)CC1,tg,257.0,254.2381490947286
*c1cc2c(C(=O)N(C2=O)c2ccc(nc2)Sc2ncc(cc2)N2C(=O)c3c(C2=O)cc(cc3)C(=O)*)cc1,tg,246.0,292.6414660048074
*Oc1c2c(ccc1)ccc(c2)Oc1ccc(cc1)NC(=O)c1cc(ccc1)C(=O)Nc1ccc(cc1)*,tg,256.0,243.2604258527514
*OC(=O)C(C*)(CC)CC,tg,60.0,-45.634920715031484
*Oc1ccc(cc1)C(=O)c1cc(ccc1)c1cc(ccc1)C(=O)c1ccc(cc1)*,tg,123.0,141.2379068467686
*Cc1ccc(C(=O)C(*)=S)s1,ei,6.4325,6.611701498312403
*CC(=O)OC(*)=S,eps,3.78,4.036493027647056
*Oc1ccc(C(=O)Nc2cc(NC(=O)c3ccc(*)cc3)cc(-c3nc4ccccc4[nH]3)c2)cc1,egc,3.5407,3.4437432856872694
*CNC(=O)c1ccc(*)s1,eps,4.11,4.1925646989706475
*CCCCCCCCCCOC(=O)CCCCCCCCCCCCCCCCC(=O)O*,egb,6.0542,6.378978757207528
*C(C*)OC(=O)c1cc(ccc1)[N+](=O)[O-],tg,93.0,97.70174289347447
*CCCCCCCCCCCCCCCCCCCCOC(=O)CCCCC(=O)O*,egc,6.8416,6.74893902333954
*OC(CCc1ccccc1)CC(*)=O,egc,5.4818,5.421116406475003
*N1C(=O)N(C(=O)C1=O)c1c(ccc(c1)N1C(=O)N(C(=O)C1=O)CCCCCC*)C,tg,181.5,180.68815041998116
*CNCO*,eps,3.53,3.437104069806528
*NC(=O)c1ccc(cc1)CC(=O)NCCCCCC*,tg,104.0,89.09581869362096
*CCCCOC(=O)C1C(=O)C2CCC1C(=O)C2C(=O)O*,egc,5.3882,5.34804339710059
*NC(C=C1)=CC=C1NC(S2)=CC=C2*,egc,3.8931,3.6292675669216434
*c1[nH]c(nc1c1ccc(cc1)NC(=O)Nc1ccc(cc1)NC(=O)Nc1ccc(cc1)*)c1ccc(cc1)[N+](=O)[O-],tg,292.0,280.502167266749
*Oc1ccc(NC(=O)OCCOC(=O)Nc2ccc(*)cc2)cc1,egc,4.8662,4.707328668559983
*Nc1ccc(-c2ccc(C(*)=S)s2)cc1,eps,6.84,6.988519895375216
*C(C*)(C(=O)OCC)CF,tg,43.0,49.42160908127195
*Oc1ccc(cc1)C(=O)Nc1c(cc(c(c1)SCCC#N)NC(=O)c1ccc(cc1)*)SCCC#N,tg,158.0,171.88006939665829
*CCCCCNC(=O)CCCCCCCCOCCCCCCCCC(=O)NCCCCCO*,egc,5.9278,5.786051265024451
*CC(=S)C(=O)O*,eps,4.54,4.648192651202041
*c1ccc(-c2ccc(*)c(C)c2)cc1C,egc,3.8863,4.019935498668779
*c1ccc(-c2ccn3sc4nc5nc6c(cc5oc-4cc-3nc2)Nc2nc3ccc(*)cc3nc2O6)cc1,egc,1.535,1.6257132161869823
*Nc1ccc(OC(*)=S)cc1,nc,1.9514,1.932274740715386
*Oc1ccc(cc1)C1(C2C3C(CCC3)C(C1)C2)c1ccc(cc1)OC(=O)*,tg,251.5,266.85829145029436
*N1C(=O)c2c(C1=O)cc(cc2)Oc1ccc(cc1)C1(CCCCCCCCCCC1)c1ccc(cc1)Oc1cc2c(C(=O)N(C2=O)c2ccc(cc2)Oc2ccc(cc2)C2(C3CCC(C2)C3)c2ccc(cc2)Oc2ccc(cc2)*)cc1,tg,259.0,260.8293755584831
*N1C(=O)c2c(C1=O)cc(cc2)Oc1cc2c(cc1)cc(cc2)Oc1cc2c(C(=O)N(C2=O)c2ccc(cc2)C(c2ccc(cc2)*)(C(F)(F)F)C(F)(F)F)cc1,tg,218.0,253.05276365303013
*Oc1ccc(C2(c3ccc(OC(*)=O)cc3)CCCCCC2)cc1,egc,4.9619,4.929031226594247
*c1oc(nn1)c1c(cc(cc1)*)OCCCCC,tg,205.0,216.13517556791982
*N1C(=O)c2c(C1=O)cc(cc2)Oc1cc2c(C(=O)N(C2=O)c2cc(cc(c2)OCCCCCCCCCCCCCCCC)*)cc1,tg,159.0,159.69550274399631
*c1ccc(C(=O)C(F)(F)C(*)(F)F)cc1,egb,3.5762,3.714229755480714
*CNC(=O)c1ccc(*)s1,eea,1.968,2.0555372187328023
*c1cc2c(oc(n2)c2ccc(cc2)C(c2ccc(cc2)c2oc3c(n2)cc(cc3)C(*)(c2ccccc2)C(F)(F)F)(C(F)(F)F)C(F)(F)F)cc1,tg,334.0,350.4748010852571
*NC(C)CC(*)=O,egc,5.711,5.907911271550247
*OC(CC(=O)*)COc1ccccc1,tg,20.0,29.55453528582889
*CC(*)(F)C(=O)OCC(F)(F)C(F)(F)C(F)(F)C(F)(F)C(F)(F)C(F)(F)C(F)(F)C(F)(F)F,egc,6.7134,6.418229573068487
*N1C(=O)c2c(C1=O)cc(cc2)c1cc2c(C(=O)N(C2=O)c2c(ccc(c2)*)C)cc1,tg,341.33,361.35669768852637
*c1cc2c(C(=O)N(C2=O)c2cc(c(cc2)Oc2ccc(cc2)N2C(=O)c3c(C2=O)cc(cc3)C(*)(C(F)(F)F)C(F)(F)F)OCCN(c2ccc(cc2)N=Nc2ccc(cc2)[N+](=O)[O-])CC)cc1,tg,202.0,219.2425334638038
*CC(CCl)O*,egc,6.3441,6.404681035137595
*CC(=S)CO*,ei,5.5936,5.54066817723415
*Oc1cc(cc(c1)C(=O)OCCN(c1ccc(cc1)N=Nc1ccc(cc1)[N+](=O)[O-])CC)OC(=O)c1ccc(cc1)C(=O)*,tg,130.0,135.05423610247882
*OC(=O)Nc1c(c(ccc1)NC(=O)OCCN(CC*)c1ccc(cc1)N=Nc1ccc(cc1)[N+](=O)[O-])C,tg,147.0,131.1930837227314
*OC(COC(=O)NCCCCCCNC(=O)*)c1occc1,tg,17.0,1.0186995934620888
*Oc1ccc(C(=O)OCCOCCOC(=O)c2ccc(OC(*)=O)cc2)cc1,egc,4.6582,4.4534536070946285
*Nc1ccc(Cc2ccc(NC(=O)c3cc(NC(=O)c4ccncc4)cc(C(*)=O)c3)cc2)cc1,egc,3.497,3.485353655482834
*CCCCc1nnc(*)n1N,egc,5.3914,5.58480394018283
*Cc1cc(COC(=O)Nc2ccc(Cc3ccc(NC(=O)O*)cc3)cc2)cc(C(C)(C)C)c1,egc,4.7039,4.715668726182453
*CCCN*,ei,5.8246,5.942352735967781
*Oc1ccc(S(=O)(=O)c2ccc(Oc3ccc(C4(c5ccc(*)cc5)c5ccccc5-c5ccccc54)cc3)cc2)cc1,egc,4.0393,4.139157295724219
*CONC(*)=O,eps,4.13,4.0033148023954235
*Oc1ccc(NC(=O)c2cccc(C(=O)Nc3ccc(Oc4ccc(C5(c6ccc(*)cc6)C6CC7CC(C6)CC5C7)cc4)cc3)c2)cc1,egc,3.8847,4.025968622661192
*NC(=O)c1ccc(NC(=S)c2ccc(Nc3ccc(*)cc3)cc2)s1,nc,2.2302,2.254656688008124
*c1cc2c(C(=O)N(C2=O)C2C(=O)N(C(=O)C2)c2ccc(cc2)c2ccc(cc2)NC(=O)*)cc1,tg,219.0,189.74004470191994
*NC(=O)C(=S)O*,eea,4.3681,4.160808034274339
*C1C2C(C(=O)N(C2=O)CCCCCCCCCC)C(C1)C=C*,tg,46.0,65.27868751239374
*[Si](C/C=C\C*)(c1ccccc1)c1ccccc1,tg,23.63,75.12635030451291
*COc1ccc(O*)s1,eea,0.8857,0.9375255583334557
*C1C(CC(C1)C=C*)([Si](C)(C)C)C#N,tg,211.0,159.76351199703305
*CCC(C)CC(=O)O*,egc,6.826,6.932023983210548
*NC(=O)CCCCCCCCCCCCCCCCCCC(=O)NCCCCCCCCC*,tg,42.0,47.62023384043387
*Oc1cc2c(cc1)cc(cc2)Oc1ccc(cc1)S(=O)(=O)c1ccc(cc1)*,tg,231.0,261.70415225655256
*c1cc2c(C(=O)N(C2=O)c2ccc(cc2)Cc2ccc(cc2)NC(=O)*)cc1,tg,279.5,262.0999137716288
*CCCC(C)CCC(=O)O*,egc,6.54,6.7108882099804115
*Oc1c(cc(cc1C)C(=O)c1ccc(cc1)*)C,tg,200.0,165.75061667107562
*Oc1cc(ccc1)NC(=O)c1cc(ccc1)C(=O)Nc1ccc(cc1)Oc1ccc(cc1)C(=O)c1ccc(cc1)*,tg,114.0,145.47216864210193
*C1OCOC(C1(F)F)C(*)(F)F,tg,125.0,106.62983110672477
*Oc1ccc(cc1)C1(c2ccccc2c2ccccc12)c1ccc(cc1)OCCOC(=O)Nc1c(ccc(c1)NC(=O)OCC*)C,tg,175.0,141.3275790306155
*c1cc2c(C(=O)N(C2=O)c2ccc(cc2)Oc2ccc(cc2)C2(c3c(C(=O)N2)cccc3)c2ccc(cc2)Oc2ccc(cc2)N2C(=O)c3c(C2=O)cc(cc3)C(=O)Nc2ccc(cc2)Oc2ccc(cc2)Oc2ccc(cc2)NC(=O)*)cc1,tg,300.0,319.49123289179073
*c1cc2c(C(=O)N(C2=O)c2c(ccc(c2)N2C(=O)c3c(C2=O)cc(cc3)C(=O)*)Oc2ccc(cc2)S(=O)(=O)c2ccc(cc2)C)cc1,tg,293.0,293.73306603909293
*c1cc2c(C(=O)N(C2=O)c2cc(ccc2)C(=O)NCCN(CCNC(=O)*)c2ccc(cc2)C=Cc2ccc(cc2)[N+](=O)[O-])cc1,tg,178.0,165.80836870187014
*N1C(=O)c2c(C1=O)cc(cc2)C(=O)c1cc2c(C(=O)N(C2=O)CCCCCCOC(=O)OCCCCCCOC(=O)OCCCCCC*)cc1,tg,55.0,46.36037412766207
*CCCCCCCNC(=O)C=CCCC=CC(=O)N*,egc,5.3907,5.3090890499101
*CC(*)OCCCCC,egc,5.9056,5.417218281838785
*Oc1cc(ccc1)Oc1ccc(cc1)C(=O)c1ccc(cc1)*,tg,123.0,155.53951532847202
*c1ccc2c(*)c(-c3ccccc3)[nH]c2c1,egc,3.6113,3.439746924540881
*NC(C(=O)*)CCC(=O)OCCCCCCCC,tg,-59.5,-45.28955689141432
*c1cc2c(C(=O)N(C2=O)c2cc3c(C(CC3(c3ccc(cc3)N3C(=O)c4c(C3=O)cc(cc4)C(=O)*)C)(C)C)cc2)cc1,tg,318.77,325.5356495647323
*C#CC=C*,egc,1.1342,0.6855888932252866
*C=CC1CC(*)C2CC=CC12,egb,5.6741,5.435934815676302
*OC(=O)Nc1c(ccc(c1)NC(=O)OCCCC*)C,tg,42.0,-13.718087905099848
*Cc1ccc(-c2ccc(-c3ccc(*)s3)s2)s1,nc,2.0574,2.0546720997806616
*Oc1ccc(cc1)c1ccc(cc1)Oc1ccc(cc1)C(c1ccc(cc1)*)(C)C,tg,154.0,158.53858713104935
*CCCCCCCCO*,egc,6.1709,6.179544261420088
*c1cc(C#N)c(*)s1,egb,1.0894,1.4004499488293933
*c1oc(nn1)c1ccc(cc1)Oc1c2c(ccc1)c(ccc2)NC(=O)c1ccc(cc1)[Si](c1ccc(cc1)C(=O)Nc1c2c(ccc1)c(ccc2)Oc1ccc(cc1)*)(c1ccccc1)c1ccccc1,tg,275.0,279.472954664202
*Oc1c(cc(cc1)S(=O)(=O)c1cc(c(cc1)OCC(COc1ccc(cc1)C(c1ccc(cc1)OCC(C*)O)(C)C)O)C)C,tg,117.5,122.00854991713942
*NC(=O)CCCCC(=O)NCC(CC(CC*)(C)C)C,tg,65.0,64.6353029235336
*CC(*)c1ccc(C(=O)Cc2ccccc2)cc1,egc,3.6382,3.6012900869670896
*N1C(=O)c2c(C1=O)cc(cc2)S(=O)(=O)c1cc2c(C(=O)N(C2=O)c2ccc(cc2)N(c2ccc(cc2)*)c2ccc(cc2)OC)cc1,tg,304.0,285.5160086349753
*C(C*)OCCCCCCCC,tg,-79.75,-62.69629531961034
*Oc1ccc(cc1)S(=O)(=O)c1ccc(cc1)Oc1c(cc(cc1)C(c1cc(c(cc1)*)C(OC)(C(F)(F)F)C(F)(F)F)(C)C)C(OC)(C(F)(F)F)C(F)(F)F,tg,163.0,152.07279945761928
*c1[nH]c(*)c2c1CCCCC2,egc,3.1158,2.9937327371316678
*c1c(nc2c(n1)cc(cc2)c1cc2c(nc(c(n2)c2ccc(cc2)Sc2ccc(cc2)*)c2ccccc2)cc1)c1ccccc1,tg,281.0,282.27808659067495
*c1cc2c(C(=O)N(C2=O)c2cc(c(cc2)Oc2ccc(cc2)C(=O)c2nc(ccc2)C(=O)c2ccc(cc2)Oc2c(cc(cc2)N2C(=O)c3c(C2=O)cc(cc3)C(=O)*)C(F)(F)F)C(F)(F)F)cc1,tg,225.2,235.23848362984032
*C(C*)OC(=O)c1ccccc1,tg,70.29,48.62188974784109
*Oc1ccc(cc1)CC(NC(=O)CCc1ccc(cc1)OC(=O)CCC(=O)*)C(=O)OC(C)C,tg,82.0,80.49586588400406
*C=C(*)c1ccc(C(=O)Oc2c(F)c(F)c(F)c(F)c2F)cc1,egc,1.1102,1.032522179116705
*c1cc2c(oc(n2)C2CCC(CC2)c2oc3c(n2)cc(cc3)C(*)(C(F)(F)F)C(F)(F)F)cc1,tg,271.0,259.3423887805318
*C(=O)c1ccc(C(=O)N(C)c2ccc(Cl)c(N(*)C)c2)cc1,egc,3.3332,3.6231840271684175
*C(C*)C(=O)OC(C(C(C(C(C(C(C(F)(F)F)(F)F)(F)F)(F)F)(F)F)(F)F)(F)F)(F)F,tg,9.0,14.083349213303284
*C1C(=O)N(C(=O)C1C(C*)c1ccccc1)CCCN(c1cc(c(cc1)N=Nc1c(cc(cc1)[N+](=O)[O-])Cl)C)CC,tg,149.0,156.46859129802783
*CCCCCNC(=O)N*,egc,5.6754,5.682955668447681
*C(=O)OCCCCOC(=O)N1CCN(*)CC1,egb,6.4265,6.554967724767501
*[Si](C/C=C\C*)(CCCOc1ccc(cc1)c1ccccc1)C,tg,10.0,21.15735790361903
*CCCCCCCCCCC(=O)NCc1ccc(CNC(=O)CCCCO*)cc1,egc,5.2644,5.269534370648094
*c1nc(nc(n1)c1ccc(cc1)Oc1ccc(cc1)C(c1ccc(cc1)Oc1ccc(cc1)*)(C)C)c1ccccc1,tg,228.0,232.91485795157223
*O[Si](*)(CCCOCC1OC(=O)OC1)C,tg,-32.2,-34.165875896446906
*C(=O)Oc1ccc(C(*)=S)s1,eea,3.8482,3.835353412274929
*OC(COC(=O)*)COC(C)(C)C,tg,11.0,35.82474610015148
*c1cc2c(C(=O)N(C2=O)c2ccc(cc2)C(=O)Nc2ccc(cc2)Oc2ccc(cc2)C(c2ccc(cc2)Oc2ccc(cc2)NC(=O)c2ccc(cc2)N2C(=O)c3c(C2=O)cc(cc3)C(*)(C(F)(F)F)C(F)(F)F)(C(F)(F)F)C(F)(F)F)cc1,tg,293.0,278.8691641204608
*OC(=O)c1ccc(C(*)=O)cc1,ei,7.8184,7.539425257968712
*Nc1ccc(Oc2ccc(*)s2)s1,eps,4.14,4.072864486585488
*NC(=O)NO*,eea,1.9635,2.0511674835652363
*CCCCCCOC(=O)CCC(=O)O*,egc,6.7086,6.924724939418803
*Nc1c(cc(c(c1)[N+](=O)[O-])NC(=O)CCCCCCCCCCCCC(=O)*)C=Cc1ccc(cc1)N(C)C,tg,125.0,150.01787240207372
*c1cc2c(C(=O)N(C2=O)c2ccc(cc2)Oc2ccc(cc2)N2C(=O)c3c(C2=O)cc(cc3)C(=O)c2ccc(cc2)Oc2ccc(cc2)C2(c3c(C(=O)O2)cccc3)c2ccc(cc2)Oc2ccc(cc2)C(=O)*)cc1,tg,260.0,261.3772764867294
*N1CCN(CC1)C(=O)c1cc(ccc1)C(=O)*,tg,214.5,205.44826019843475
*CC(=S)c1ccc(O*)s1,egb,1.6344,2.0904460156490368
*c1nc2c(nc1c1cc3c(cc1)cccc3)cc(cc2)c1cc2c(nc(c(n2)c2ccc(cc2)*)c2cc3c(cc2)cccc3)cc1,tg,333.0,316.43946812240563
*Oc1ccc(C(=O)CNNCC(=O)c2ccc(*)cc2)cc1,egc,4.1658,4.01631185132508
*NC(=O)C(=S)O*,egb,2.095,2.211144757908501
*OC(=O)OCC(C(C*)OC(=O)C(NC(=O)OCc1ccccc1)CC(C)C)OC(=O)C(NC(=O)OCc1ccccc1)CC(C)C,tg,51.38,61.28276185331831
*C(C*)(C(=O)OCCCCCCCCCCn1c2ccc(cc2c2ccccc12)C=C(C(=O)OC)C#N)C,tg,58.0,56.07172225413999
*OC(=O)CCCCCCCCCCCCC(=O)OCC(C*)CCCCCCOc1ccc(cc1)N=Nc1ccc(cc1)C#N,tg,21.5,24.01936846699003
*c1[nH]c(nc1c1ccc(cc1)Oc1ccc(cc1)P(=O)(c1ccc(cc1)Oc1ccc(cc1)*)c1ccccc1)c1ccccc1,tg,318.0,293.1435289220312
*Cc1cccc(CN(C)C(=O)CCCCC(=O)N(*)C)c1,egc,5.4868,5.3106814418778105
*OCCCCCCCC*,tg,-19.0,-68.25744078648282
*Oc1ccc(cc1)C(c1ccc(cc1)OCC(CN(S(=O)(=O)c1cc(ccc1)S(=O)(=O)N(CC(C*)O)C)C)O)(C)C,tg,76.0,79.58493478898563
*CCc1ccc(C(*)=S)cc1,egb,2.7697,2.394532792248418
*CONC(=O)*,egc,6.1048,5.826333799768949
*CC(*)n1c(C)c(C)c2ccccc21,egc,2.733,2.9112102349460782
*C(C*)(C(=O)OCC(=O)N1CCOCC1)C,tg,128.0,160.79411241182132
*C1OC(OC(C1)C*)CCC,tg,45.92,60.59814776476969
*c1nc2c(nc1c1ccccc1)cc(cc2)Oc1cc2c(nc(c(n2)c2ccccc2)c2ccc(cc2)OCCN(c2ccc(cc2)C=CC2=CC(=C3C(=C(C#N)C#N)c4c(C3=O)cccc4)C=C(O2)C=Cc2ccc(cc2)N(CCOc2ccc(cc2)*)C)C)cc1,tg,260.0,224.14005853799927
*OC(=S)Oc1ccc(*)cc1,ei,6.6287,6.642600234191174
*c1oc2c(n1)cc(cc2)c1cc2c(oc(n2)c2ccc(cc2)*)cc1,tg,430.0,360.7366115171418
*c1nc(sc1)N=Cc1ccc(cc1)OCCCCCCOc1ccc(cc1)C=Nc1nc(cs1)c1ccc(cc1)Oc1ccc(cc1)*,tg,117.0,147.17112642850043
*Oc1ccc(cc1)C(c1ccc(cc1)OC(=O)c1cc(ccc1)C(=O)*)(c1ccccc1)C,tg,202.0,203.5666779809597
*Oc1ccc(cc1)S(=O)(=O)c1ccc(cc1)Oc1c(cc(cc1)C(c1cc(c(cc1)*)C)(C)C)C,tg,178.67,192.32862276431237
*c1nc2c(c(c1)c1ccccc1)cc(cc2)Oc1cc2c(nc(cc2c2ccccc2)c2ccc(cc2)C(c2ccc(cc2)*)(C(F)(F)F)C(F)(F)F)cc1,tg,260.0,264.4697266263749
*CCCCOC(=O)SSSC(=O)O*,egc,3.9747,4.347535074994382
*Nc1ccc(-c2ccc(C(*)=O)s2)s1,nc,2.393,2.42807183699524
*NC(=O)CCCCC*,tg,48.52,40.44735924024092
*Cc1ccc(C(=O)c2ccc(*)s2)cc1,egb,3.4106,3.5447035763376102
*c1cc2c(C(=O)N(C2=O)c2c3c(ccc2)c(ccc3)N2C(=O)c3c(C2=O)cc(cc3)C(*)(C(F)(F)F)C(F)(F)F)cc1,tg,390.0,346.83937664490577
*c1csc(*)c1,egc,3.5591,3.0850663611531957
*Oc1ccc(cc1)C1(CC(CCC1)c1ccc(cc1)OCC(C*)O)CC,tg,140.0,115.68027298386203
*Oc1cc(ccc1)Oc1ccc(cc1)C(=O)Oc1cc(ccc1)OC(=O)c1ccc(cc1)*,tg,131.0,134.3322159944774
*Nc1ccc(cc1)C(c1ccc(cc1)NC(=O)c1cc(cc(c1)C(C)(C)C)C(=O)*)(C(F)(F)F)C(F)(F)F,tg,284.1,269.7811018609749
*C(F)(F)C(F)(F)NC(=O)*,egc,5.8517,6.007838952514798
*NNC(=O)c1ccc(C(*)=O)cc1,egc,4.8451,4.8174019336326666
*OP(=O)(Oc1c(cc(cc1C)S(=O)(=O)c1cc(c(c(c1)C)*)C)C)Oc1ccccc1,tg,142.0,145.58672254348863
*CCCCCCCCCCNC(=O)N*,egc,5.6429,5.736864382608807
*C(C=C1)=CC=C1C(C=C2)=CC=C2C(S3)=CC=C3C(=S)*,egc,2.3302,2.047317202664169
*Oc1c(cc(cc1)OC(=O)c1c(cc(cc1)c1ccc(cc1)C(=O)*)c1ccccc1)C,tg,133.0,128.42710414976776
*CC(*)C(=O)NCC(F)(F)C(F)(F)C(F)(F)F,egc,5.7825,5.94452121393469
*Oc1cc(ccc1)OC(=O)c1ccc(cc1)[Si](c1ccc(cc1)C(=O)*)(C)C,tg,134.0,133.90287565211395
*CC(*)C(=O)c1ccccc1O,egc,1.7298,1.580776788851415
*NC(=O)CCP(=O)(CCC(=O)NCCCCCC*)C,tg,57.5,79.62330790667833
*c1ccc2n(c3c(c2c1)cc(cc3)C=C(C(=O)OCCCCCCCCCCOC(=O)C(=C*)C#N)C#N)CCCCCCCCCCCCCC,tg,35.0,57.03510540280226
*C(*)F,egc,6.7608,7.573069489068798
*Oc1ccc(cc1)S(=O)(=O)c1ccc(cc1)Oc1ccc(cc1)C(c1ccc(cc1)*)(c1ccccc1)C,tg,207.0,218.3787065328654
*Nc1ccc(cc1)Cc1ccc(cc1)NC(=O)NCCCCCCCCNC(=O)*,tg,50.0,31.933111943472994
*C1COC2C1OCC2OC(=O)CNC(=O)CCCCCCCCC(=O)NCC(=O)O*,tg,66.0,80.31136294756037
*C(=O)NNC(=O)c1cccc(C(=O)NNC(=O)c2ccc(*)nc2)n1,egc,3.6092,3.3850130747682807
*C1C(=O)N(C(=O)C1C(C*)c1ccccc1)CCN(c1ccc(cc1)N=Nc1ccc(cc1)[N+](=O)[O-])CC,tg,171.67,149.41755083676023
*N1C(=O)c2c(C1=O)cc(cc2)c1cc2c(C(=O)N(C2=O)c2c(cc(c(c2C)*)C)C)cc1,tg,385.0,375.5573982275453
*CC(CCl)(CO*)COC(C)=O,egc,6.4853,6.46941155532249
*CNCN*,egb,6.2293,6.001171752360766
*OC(=O)NC(=O)c1cc(ccc1)C(=O)NC(=O)OCC(C*)CCCCCCCC,tg,65.0,77.11843180107212
*CCCCCCCCCCCCNC(=O)CCCCCCCCCCCCC(=O)N*,egc,6.028,5.919413969456071
*c1ccc2ccc3c(*)cc(C#CC=C)c4ccc1c2c34,egc,2.2865,2.1526858052886837
*Oc1ccc(cc1)C(=O)OCCOCCOC(=O)c1ccc(cc1)OC(=O)*,tg,51.0,27.986834886501768
*c1ccc2c3n(c4ccc(cc4n3)c3cc4n5c(nc4cc3)c3cccc4c(ccc(c5=O)c34)Oc3cc(ccc3)O*)c(=O)c3cccc1c23,tg,396.5,387.2688875515516
*CCCCCCCCCCCNC(=O)CCCCC(=O)N*,egc,6.1376,5.905498343885781
*Oc1ccc(cc1)C1(CCCCC1)c1ccc(cc1)OC(=O)c1ccc(cc1)C(=O)*,tg,275.0,254.51283049974478
*c1ccc(Oc2cccc3c(Oc4ccc(-n5c(=O)c6cc7c(=O)n(*)c(=O)c7cc6c5=O)cc4)cccc23)cc1,egc,1.8659,1.9097464840443081
*C(C*)c1ccc(cc1)CCCCCCCCCCCC,tg,-52.0,-44.94192530444447
*C(=O)c1ccc(OC(*)=S)cc1,nc,2.0762,2.04996741316512
*OC(=O)C1CCC(C(=O)OC2COC3C(*)COC23)CC1,egc,6.4746,6.355060553752214
*Oc1ccc(cc1)C(c1ccc(cc1)OC(=O)c1cc2c(C(CC2(c2ccc(cc2)C(=O)*)C)(C)C)cc1)(C)C,tg,265.0,247.20937886122394
*Nc1c(C)c(C)c(C(=O)c2ccc(NC(=O)c3ccc(C(*)=O)cc3)cc2)c(C)c1C,egc,3.4801,3.5924804051331862
*Oc1ccc(cc1)OCC(COC(=O)CCCCCCCCCCC(=O)OCC(C*)O)O,tg,10.0,4.857423476417227
*C=CC(C(*)C(=O)OCC)C(=O)OCC,tg,6.0,39.3854521824449
*c1cc2c(C(=O)N(C2=O)c2ccc(cc2)Oc2ccc(cc2)C(=O)*)cc1,tg,297.0,273.1308857566312
*C(C*)(C(=O)OCCCCCCC(C(C(C(C(C(C(C(C(C(C(C(F)(F)F)(F)F)(F)F)(F)F)(F)F)(F)F)(F)F)(F)F)(F)F)(F)F)(F)F)(F)F)C,tg,84.0,49.37654526806411
*c1ccc(N(c2ccc(C#N)cc2)c2ccc(N3C(=O)c4ccc(Oc5ccc6c(c5)C(=O)N(*)C6=O)cc4C3=O)cc2)cc1,egc,2.2981,2.5386305844883097
*CC(*)C(=O)Nc1ccccc1Cl,egb,4.2427,3.9135247479026836
*C(C*)(CC(=O)Oc1ccc(cc1)OCC)C(=O)Oc1ccc(cc1)OCC,tg,110.5,106.17563223814635
*Nc1ccc(NC(=O)NC(=O)NC(*)=O)s1,eea,1.5146,1.5315909102356753
*Oc1cccc(C(=O)Nc2ccc(S(=O)(=O)c3ccc(NC(=O)c4cccc(Oc5nc(*)nc(Sc6ccccc6)n5)c4)cc3)cc2)c1,egc,3.9202,3.8964643371857126
*C(C*)c1cc(ccc1)Br,tg,102.0,109.43776638501846
*c1nc2c([nH]1)cc(cc2)c1cc2c(nc([nH]2)c2ccc(cc2)C(c2ccc(cc2)*)(C(F)(F)F)C(F)(F)F)cc1,tg,269.0,330.1149060099351
*NC(=O)CCCCCCCCCCCCCCCCC(=O)NCCCCCCCCCCCC*,tg,47.0,58.91193653499515
*CNc1ccc(-c2ccc(*)s2)cc1,ei,5.0179,5.0498342792563475
*OC(=O)c1c2c(ccc1)c(ccc2)C(=O)OCC*,tg,75.0,51.02230012508442
*Cc1ccc(C(=O)O*)cc1,eea,2.2574,2.2379820040603264
*OC(=O)NCCCCCCCCCCNC(=O)OCCCCCCCCCCCCCCCC*,tg,34.0,45.168542384663645
*c1cccc(C(F)(F)C(F)(F)C(*)(F)F)c1,egc,5.5439,5.343622525583596
*C1C2CC(C)C(C2)C1*,egc,6.0638,5.799470192676749
*N1C(=O)c2c(C1=O)cc(cc2)c1cc2c(C(=O)N(C2=O)c2ccc(cc2)Oc2c(cc(cc2)Oc2ccc(cc2)*)c2ccccc2)cc1,tg,247.0,269.96488653238737
*c1cc(-c2ccc(Br)cc2)c(*)s1,egc,2.7394,2.836714113085737
*c1cc2c(C(=O)N(C2=O)c2ccc3Cc4c(c3c2)cc(cc4)N2C(=O)c3c(C2=O)cc(cc3)C(*)(C(F)(F)F)C(F)(F)F)cc1,tg,394.0,394.7052230221249
*CC(C=C1)=CC=C1NC(S2)=CC=C2*,egc,4.4366,4.338885101826251
*CCCCCCNC(=O)C(CCCCCCCCCCCCCCC)C(=O)N*,egc,5.9375,5.915262655899798
*c1cc2c(C(=O)N(C2=O)c2cc(ccc2)P(=O)(c2cc(ccc2)N2C(=O)c3c(C2=O)cc(cc3)C(=O)Nc2ccc(cc2)c2ccc(cc2)NC(=O)*)c2ccccc2)cc1,tg,253.0,241.24127205051178
*Oc1ccc(cc1)SC(=O)Oc1ccc(cc1)C(c1ccc(cc1)OC(=O)Sc1ccc(cc1)*)(C)C,tg,145.0,133.3079494139351
*Nc1ccc(-c2ccc(-c3ccc(*)cc3)cc2)cc1,egb,2.9094,2.85096201565609
*CCCCCCCCCn1c(=O)c2cc3c(=O)n(*)c(=O)c3c(Br)c2c1=O,egc,3.5814,3.3108439394879023
*C(C*)(C(=O)Oc1ccc(cc1)C(=O)OC)C,tg,106.0,76.10432866831366
*c1cc2c(C(=O)N(C2=O)c2ccc(cc2)Oc2ccc(cc2)C(=O)c2cc(ccc2)N2C(=O)c3c(C2=O)cc(cc3)C(=O)*)cc1,tg,251.0,252.95943525491236
*CC(=O)Cc1ccc(*)s1,eea,1.6069,1.6638570729219508
*C1C(=O)OC(=O)C(C1)C*,tg,140.0,132.71316228952222
*Oc1cc2c(cc1)ccc(c2)Oc1ccc(cc1)C(=O)Nc1ccc(cc1)Oc1ccc(cc1)C(c1ccc(cc1)Oc1ccc(cc1)NC(=O)c1ccc(cc1)*)(C)C,tg,143.0,157.3424660131959
*C(C*)(C(=O)Oc1ccc(cc1)CC#N)C,tg,128.0,85.2200028728969
*c1ccc2ccc3c(c2n1)nc(cc3)c1ccc(cc1)c1c(cc(c(c1)CCCCCC)c1ccc(cc1)*)CCCCCC,tg,190.0,192.5173938077921
*c1cc2c(oc(n2)c2ccc(cc2)Oc2ccc(cc2)C(c2ccc(cc2)Oc2ccc(cc2)c2oc3c(n2)cc(cc3)C(*)(C(F)(F)F)C(F)(F)F)(C(F)(F)F)C(F)(F)F)cc1,tg,230.67,234.1391068063327
*OC(C*)CSCC,tg,-57.0,-62.50289625826241
*OC(=O)c1cc(cc(c1)OCc1c(c(c(c(c1F)F)OC)F)F)C(=O)OCCN(CC*)c1ccc(cc1)C=Cc1sc(cc1)C=CC1=C(C(=C(C#N)C#N)OC1(c1ccccc1)C(F)(F)F)C#N,tg,140.0,128.77075534363468
*c1sc(nn1)c1ccc(cc1)C(=O)OCCCCCCCCCOC(=O)c1ccc(cc1)*,tg,72.0,87.45379092721326
*Oc1ccc(cc1)C(c1ccc(cc1)OCC(C*)O)(c1ccccc1)C,tg,115.0,109.5291646236458
*CCOCCOC(=O)CCCCS(=O)(=O)CCCCC(=O)O*,egb,5.7504,6.174118602468072
*C=C(*)c1cccc([Si](C)(C)C)c1,egc,0.7366,0.9898361052564176
*Oc1ccc(cc1)C(c1ccc(cc1)OC(=O)*)(CC)C,tg,131.5,154.25188149300647
*NC(=O)CCCCCCC*,tg,38.45,37.38569127142874
*c1oc(nn1)c1ccc(cc1)Oc1ccc(cc1)N1C(=O)c2c(C1=O)cc(cc2)[Si](O[Si](c1cc2c(C(=O)N(C2=O)c2ccc(cc2)Oc2ccc(cc2)*)cc1)(C)C)(C)C,tg,190.5,254.85838580599435
*CCCCCCCc1nc2ccc(-c3ccc4nc(*)oc4c3)cc2o1,egc,4.0726,4.087674145210709
*CC(=O)OC(*)=O,eps,3.95,3.5838101815615895
*CCOC(=O)Nc1cc(NC(=O)O*)ccc1C,egc,5.1142,4.623236309814781
*c1cc2c(C(=O)N(C2=O)c2cc(ccc2)C(=O)Nc2ccc(cc2)Oc2ccc(cc2)NC(=O)c2cc(ccc2)N2C(=O)c3c(C2=O)cc(cc3)C(*)(C(F)(F)F)C(F)(F)F)cc1,tg,298.0,294.80129541775193
*[Si](CC(C*)Cc1ccc(cc1)c1ccccc1)(C)C,tg,28.0,95.7782550912603
*C1CC(CC1)*,tg,65.1,93.59946046951667
*C(=O)c1ccc(-c2ccc(-c3ccc(*)s3)cc2)cc1,ei,5.9085,5.955566406153491
*CCOCCOCCOC(=O)CCCCCC(=O)O*,egb,5.5157,5.969903334977184
*O[Si](c1cc2c(cc1)cc(cc2)[Si](*)(C)C)(C)C,tg,29.0,46.38889742613583
*c1nc2cc3c(cc2c(c1)c1ccccc1)nc(cc3c1ccccc1)c1ccc(cc1)Oc1ccc(cc1)*,tg,365.0,327.6435502568666
*C(=O)SSCCCCCCSSC(=O)N1CCN(*)CC1,egc,4.64,4.479843145084887
*c1nc2cc3c(cc2nc1c1ccccc1)nc(c(n3)c1ccccc1)c1cc(ccc1)*,tg,365.0,376.7765555446125
*CCC(=O)c1ccc(*)s1,egb,3.1093,3.312150872712493
*C(C(C(C*)OCC(C)C)(C(=O)OC)C)(C(=O)OC)C,tg,125.5,109.73711679567849
*C(C*)(C(=O)OCCCCOc1ccc(cc1)OC(=O)c1ccc(cc1)OCCCCCC)C,tg,34.0,18.33076081121298
*C(=O)Nc1cccc(C=CC(=O)C=Cc2cccc(NC(=O)c3ccc(N4C(=O)c5ccc(*)cc5C4=O)cc3)c2)c1,egc,3.0227,2.8934660541273325
*Oc1c(cc(cc1C)*)C(CCCCCCCC)C,tg,20.0,23.473186891108384
*Oc1c(cc(cc1Cl)*)Br,tg,188.5,194.09724306777642
*CCNc1ccc(*)cc1,nc,1.7816,1.814716344867355
*CCCCCCNC(=O)CC(=O)N*,egc,5.7541,5.919337969578535
*OC(=O)OC1CC2CC(*)CC(C1)O2,egc,6.2425,6.437977762874551
*NC(=O)NC(S1)=CC=C1*,egc,3.228,3.3299651707012248
*Oc1ccc(cc1)S(=O)(=O)c1ccc(cc1)Oc1ccc(cc1)C(c1ccc(cc1)*)(c1ccccc1)c1ccccc1,tg,230.0,224.3414058505544
*C(=O)c1ccc(-c2ccc(C(*)=S)s2)s1,egb,1.6466,1.1717851601863465
*CCOC(=S)NC(=S)c1ccc(N*)cc1,eps,5.17,5.135339472799466
*c1nc2c(nc1c1ccc(cc1)C(=O)NCCCCCCCCNC(=O)c1ccc(cc1)*)cccc2,tg,185.0,173.38996805144302
*N1C(=O)c2c(C1=O)cc(cc2)c1cc2c(C(=O)N(C2=O)c2ccc(cc2)S(=O)(=O)c2ccc(cc2)*)cc1,tg,350.0,344.72467975956215
*c1cc2n(c3c(c2cc1)ccc(c3)c1sc(cc1)c1c2c(nsn2)c(cc1)c1sc(cc1)*)C(CCCCCCCC)CCCCCCCC,tg,128.0,134.59195724775964
*c1nc2c(c(c1)c1ccc(cc1)Oc1ccc(cc1)c1cc(nc3c1cccc3)c1ccc(cc1)c1ccc(cc1)*)cccc2,tg,326.0,313.89988019422543
*C(C*)(C(=O)OCCC(C(C(C(C(C(C(C(F)(F)F)(F)F)(F)F)(F)F)(F)F)(F)F)(F)F)(F)F)Cl,tg,61.0,100.15006535366268
*c1ccc(C(C#N)(C(=O)O)C(*)(C#N)C(=O)O)cc1,egc,5.2415,5.295631583045502
*c1cc2c(cc1)oc(=O)c(c2)C(=O)Nc1ccc(cc1)Oc1ccc(cc1)Oc1ccc(cc1)NC(=O)c1c(=O)oc2c(cc(cc2)C*)c1,tg,290.0,284.4712250740567
*Oc1ccc(cc1)C(=O)c1ccc(cc1)OCCCCCCOC(=O)OCCCCCCOC(=O)OCCCCCC*,tg,-0.3,2.8838482455260745
*Nc1ccc(CC(C)(C)NC(=O)CCCCCCCCC(*)=O)cc1,egc,4.455,4.441881810014833
*Oc1c(cc(c(c1)OC(=O)c1ccc(cc1)OCCCC)OC(=O)CCCCCC(=O)*)OC(=O)c1ccc(cc1)OCCCC,tg,45.0,43.74594999613217
*c1nc(ccc1)NC(=O)Nc1ccc(cc1)Cc1ccc(cc1)NC(=O)N*,tg,216.67,184.28417789026705
*CCCCCNC(=O)C(CCCCCCCCCCCC)C(=O)N*,egb,6.2733,6.078545771108
*c1cc2c(C(=O)N(C2=O)c2ccc(cc2)Oc2cc3c(cc2)ccc(c3)Oc2ccc(cc2)N2C(=O)c3c(C2=O)cc(cc3)C(=O)Nc2ccc(cc2)Cc2ccc(cc2)NC(=O)*)cc1,tg,273.0,271.733065109664
*CC(CBr)O*,egc,6.2128,6.1751485478093135
*Oc1ccc(cc1)C(=O)Nc1ccc(cc1)C(c1ccc(cc1)NC(=O)c1ccc(cc1)*)(P1(=O)c2ccccc2c2ccccc2O1)P1(=O)c2ccccc2c2ccccc2O1,tg,243.0,245.1903210356795
*OC(*)CCCC,egc,6.6222,6.543200541781059
*c1cc(CCCCCCBr)c(*)s1,egc,2.553,2.658194187900869
*C(C*)C(=O)N(C)C,tg,113.45,102.11676953200715
*C(C*)CNc1ccc(cc1)[N+](=O)[O-],tg,140.25,99.75366447784911
*COC(=S)O*,eps,4.34,4.212987769311454
*C(C*)(C(=O)OCCCCCCc1ccc(cc1)N=Nc1ccc(cc1)OC(F)(F)F)C,tg,194.5,193.01584256344375
*OC(=O)c1ccc(C(*)=O)s1,eea,3.3779,3.541525848623678
*CC(=O)CC(=S)*,egc,2.8292,2.865764040120127
*OC1CCC(CC1)OC(=O)c1ccc(cc1)C(=O)*,tg,94.3,143.22184376134734
*C(C*)(C(=O)OCCCCCc1ccc(cc1)N=Nc1ccc(cc1)OC(F)(F)F)C,tg,202.5,198.955965968934
*C(C*)(CC(=O)OCCCCl)C(=O)OCCCCl,tg,47.0,43.610506769409284
*C(=O)NNC(=O)c1cncc(C(=O)NNC(=O)c2ccc(*)nc2)c1,egc,3.9225,3.7979112870069525
*CC(=O)CC(*)=S,nc,1.8167,1.8292634285751743
*N1C(=O)c2c(C1=O)cc(cc2)C(=O)c1cc2c(C(=O)N(C2=O)CCC(=O)Nc2ccc(cc2)NC(=O)CC*)cc1,tg,237.0,236.19154087373943
*c1n(c(cc1)Oc1ccc(cc1)C(c1ccc(cc1)OC*)(C)C)c1ccc(cc1)C#N,tg,73.13,136.73350246563092
*C(C*)C1=NC(C(=O)O1)(C)C,tg,92.0,135.62651063375657
*N1C(=O)c2c(C1=O)cc(cc2)C(=O)c1cc2c(C(=O)N(C2=O)CC(=O)Nc2cc(ccc2)Oc2ccc(cc2)NC(=O)C*)cc1,tg,226.0,201.51835587197334
*C(C*)c1ccc(cc1)C(CC)(O)C,tg,186.0,146.90595003784935
*Oc1ccc(cc1)S(=O)c1ccc(cc1)Oc1ccc(cc1)C=NN=Cc1ccc(cc1)*,tg,151.0,153.03816857304707
*Oc1ccc(cc1)C(c1ccc(cc1)OC(=O)*)(CCC#N)C,tg,150.0,138.4474217683039
*OC(=O)Nc1ccc(cc1)Cc1ccc(cc1)NC(=O)OCCN(CC*)c1cc(c(cc1)N=Nc1ccc(cc1)[N+](=O)[O-])C,tg,115.0,112.0238394701346
*NC(=O)c1ccc(-c2ccc(*)cc2)s1,egb,1.9448,2.1347241816323987
*c1ccc2n(c3c(c2c1)cc(cc3)Nc1ccc(cc1)c1ccc(cc1)N*)CC(CCCC)CC,tg,231.0,202.6823157793472
*NC(C(=O)*)CCC(=O)OCc1ccc(cc1)[N+](=O)[O-],tg,53.15,58.26512088373428
*NNC(=S)c1ccc(C(*)=S)cc1,egc,3.4154,3.174783588470555
*OC(=O)NNC(=O)CCCCCCCCC(=O)NNC(=O)OCCC*,tg,22.0,48.18590935395359
*N1C(=O)c2c(C1=O)cc(cc2)Oc1cc2c(C(=O)N(C2=O)c2ccc(cc2)Oc2ccc(cc2)C(=O)c2cc(ccc2)C(=O)c2ccc(cc2)Oc2ccc(cc2)*)cc1,tg,208.0,194.13128684613628
*OC(C*)CSC(C)C,tg,-44.0,-65.02058121552837
*CCCCCCCCOC(=O)CCCCCCC(=O)O*,egc,6.7527,6.851243071641662
*OP(=O)(Oc1ccc(cc1)C(c1ccc(cc1)*)(C)C)Oc1c(cc(cc1Cl)Cl)Cl,tg,94.0,88.71706121840536
*Oc1c(cccc1)C(=O)OC(=O)c1c(cccc1)OC(=O)CCCCCCC(=O)*,tg,28.0,43.61501753429862
*C1COC2C1OCC2OC(=O)C(NC(=O)CCCCCCCCC(=O)NC(C(=O)O*)Cc1ccccc1)Cc1ccccc1,tg,74.0,86.41869568010668
*S(=O)(=O)c1ccc(cc1)NC(=O)CCCCCC(=O)Nc1ccc(cc1)*,tg,163.0,173.89171539242597
*OCC(C*)(COCCCCCCCCCCOc1ccc(cc1)c1ccc(cc1)C#N)C,tg,7.0,10.7699022693354
*OC(=O)CCCCC*,tg,-57.39,-39.31960249650533
*c1oc(nn1)c1cc(ccc1)c1oc(nn1)c1ccc(cc1)*,tg,277.0,282.80413190447086
*Nc1ccc(*)cc1,egc,4.0074,3.2780522870678572
*N=c1c(=Nc2ccc(*)cc2)c2cccc3cccc1c32,egc,2.1929,2.0849346236574426
*O[Si](c1c2ccc3ccc(c4ccc(cc1)c2c34)[Si](*)(C)C)(C)C,tg,65.0,115.6823113417652
*c1ccc(Oc2cccc(-n3c(=O)c4cc5c(=O)n(*)c(=O)c5cc4c3=O)c2)cc1,egc,2.5637,2.5055865811368974
*c1cc(-n2c(=O)c3cc4c(=O)n(*)c(=O)c4cc3c2=O)c(O)cc1O,egc,2.8367,2.8183852353111365
*c1sc(*)c2nc(CC)c(CC)nc12,egc,2.6114,2.8056600273799917
*c1cc(-c2ccc(OCCCCCCCC)cc2)c(*)s1,egc,2.6404,2.5864321455600963
*C(C*)(C(=O)OCCCCc1ccc(cc1)N=Nc1ccc(cc1)OC(F)(F)F)C,tg,203.5,217.91377364014022
*c1n(c(cc1)c1sc(cc1)c1sc(cc1)c1sc(cc1)*)CCCCCCCCCCCC,tg,53.0,55.09551977121547
*NC(=O)CCCCCCCCC(=O)NCCCCCCCCCCC*,tg,40.0,53.717468203235185
*S(=O)(=NP(=NP(=N*)(NCCCC)NCCCC)(NCCCC)NCCCC)NCCCC,tg,-17.0,-47.78293898945849
*N1C(=O)C(CC1=O)Nc1cc(ccc1)NC1C(=O)N(C(=O)C1)c1ccc(cc1)Oc1c(cc(cc1C)C(c1cc(c(c(c1)C)Oc1ccc(cc1)*)C)c1cnccc1)C,tg,217.0,212.781040666761
*c1ncnc(n1)N(CCCCN(*)c1ccccc1)c1ccccc1,tg,91.0,83.54399859624255
*OC(=O)Nc1c(ccc(c1)NC(=O)OCCN(CC*)c1ccc(cc1)N=Nc1ccc(cc1)c1nc2c(n1CC)cc(cc2)[N+](=O)[O-])C,tg,158.0,169.6285079459617
*OC(=O)c1ccc(C(*)=O)s1,egb,3.202,3.158497242970606
*CC(O*)C(F)(F)F,egc,6.7566,7.314381172501422
*OC(=O)c1ccc(C(*)=O)cc1,egc,4.5736,4.3775788170959595
*c1cc2c(nc(c(n2)c2ccccc2)c2ccc(cc2)c2nc3c(nc2c2ccccc2)cc(cc3)C(=O)*)cc1,tg,325.0,315.4556173195312
*CCOC(=O)CCCCC(=O)O*,eea,1.0754,0.932896393308952
*C(C*)C(=O)OCCCCCCOc1cc(c(cc1)C=Nc1ccc(cc1)OCCCCC)O,tg,36.0,34.21052930329276
*CC1CCC(COC(=O)C2CCC(C(=O)O*)CC2)CC1,egc,6.6637,6.588979525953007
*C(C(CCCCCCC*)c1ccc(cc1)O)c1c(cc(cc1)O)C,tg,4.0,6.7744182324120725
*CC(F)(F)C(F)(F)COC(=O)NCC(F)(F)C(F)(F)C(F)(F)C(F)(F)CNC(=O)O*,egc,7.202,7.1542828954268165
*Oc1ccc(cc1)C(CC(c1ccc(cc1)OCC(C*)O)C)(C)C,tg,75.0,87.75561586587789
*OC(=O)Nc1c(ccc(c1)NC(=O)OCCCCCCCC*)C,tg,64.0,-10.27068797377423
*CC(=S)NO*,nc,1.9431,1.9644599845253254
*c1ccc(C(C=CC)c2ccc(-n3c(=O)c4cc5c(=O)n(*)c(=O)c5cc4c3=O)cc2)cc1,egc,2.5577,2.39996054321059
*C(C(CC*)c1ccccc1)c1ccccc1,tg,101.65,71.873877567026
*c1c(cc(c(c1)OC)C=C*)OCCCCCCCC,tg,58.0,59.688541112099415
*c1cc2c(C(=O)N(C2=O)c2cc(ccc2)C(c2cc(ccc2)N2C(=O)c3c(C2=O)cc(cc3)C(*)(C(F)(F)F)C(F)(F)F)O)cc1,tg,236.5,259.5396043386513
*C1=CC(=C(C#N)C#N)C=C(O1)C=Cc1sc(c(c1CCCCCC)CCCCCC)c1cc2C(c3c(c2cc1)ccc(c3)c1sc(c(c1CCCCCC)CCCCCC)C=C*)(CCCCCC)CCCCCC,tg,115.0,121.0199053700241
*c1ccc(NC(F)(F)C(*)(F)F)cc1,egb,4.1626,4.258043293520353
*c1oc(nn1)c1ccc(cc1)Oc1ccc(cc1)c1oc(nn1)CN1C(=O)c2c(C1=O)cc(cc2)C(c1cc2c(C(=O)N(C2=O)C*)cc1)(C(F)(F)F)C(F)(F)F,tg,210.0,230.0199586150343
*CCCCCCNC(=O)C(O)C(O)C(O)C(O)C(=O)N*,egc,5.9698,5.804154453566936
*C(=O)c1ccc(C(=O)c2ccc(*)s2)s1,nc,2.0879,2.1881486355991235
*c1cc2c(C(=O)N(C2=O)c2cc(c(cc2)Oc2ccc(cc2)Oc2ccc(cc2)N2C(=O)c3c(C2=O)cc(cc3)C(*)(C(F)(F)F)C(F)(F)F)C(F)(F)F)cc1,tg,260.8,275.46953728385967
*Oc1ccc(cc1)c1cc(c(c(c1)c1ccccc1)c1ccc(cc1)NC(=O)c1ccc(cc1)C(=O)Nc1ccc(cc1)c1c(cc(cc1c1ccccc1)c1ccc(cc1)OCCCCCC*)c1ccccc1)c1ccccc1,tg,127.0,133.80157884726168
*CCOCCOC(=O)Nc1ccc(C)c(NC(=O)O*)c1,eea,0.755,0.5359998587291409
*OC(CCl)CC(*)=O,egc,6.865,6.7970179380221465
*N1C(=O)c2c(C1=O)cc(cc2)Oc1ccc(cc1)c1ccc(cc1)Oc1cc2c(C(=O)N(C2=O)c2cc(ccc2)Oc2c(ccc(c2)Oc2cc(ccc2)*)P(=O)(c2ccccc2)c2ccccc2)cc1,tg,227.0,215.94523288023328
*Oc1c(cc(cc1C)C(c1cc(c(c(c1)C)OC(=O)c1cc(ccc1)C(=O)*)C)(C)C)C,tg,187.0,200.38101313769283
*Nc1c(cc(cc1)NC(=O)c1ccc(cc1)NC(=O)CCCCCCCCC(=O)Nc1ccc(cc1)C(=O)*)C(=O)OCCCCCCCCCCCCCC,tg,225.0,249.3804503167112
*c1c(c(cc(c1)*)N=Cc1ccc(cc1)F)O,tg,154.0,162.22715027124676
*c1[nH]c(nc1c1ccc(cc1)Oc1ccc(cc1)C(=O)c1ccc(cc1)Oc1ccc(cc1)C(=O)c1ccc(cc1)Oc1ccc(cc1)*)c1ccccc1,tg,239.0,243.12544000837372
*Oc1ccc(OC(=O)c2ccc(OC(=O)CCCCCCCCC(*)=O)cc2)cc1,egc,4.2519,4.239301693139046
*C(=O)CC*,tg,10.0,13.81336047443517
*NC(C)(CC)C(*)=O,egc,5.7479,5.866387024255789
*N1C(=O)c2c(C1=O)cc(cc2)[Si](c1ccc(cc1)[Si](c1cc2c(C(=O)N(C2=O)c2cc(ccc2)Cc2cc(ccc2)*)cc1)(C)C)(C)C,tg,246.0,252.42943025510334
*C1C(=O)OC(=O)C1C(C*)OC1CCCCC1,tg,201.0,181.34966904382762
*c1sc(c(c1CCCCCCN(c1ccc(cc1)N=Nc1ccc(cc1)[N+](=O)[O-])CC)CCCCCC)*,tg,17.0,80.3016973517689
*NC(C=C1)=CC=C1C(S2)=CC=C2C(S3)=CC=C3*,egc,3.3427,2.9385867562827386
*C(=O)c1ccc(-c2ccc(C(*)=S)cc2)s1,egb,1.9265,1.6303839761372143
*C1C2C(C(C1)CC*)C1C(CC2C1)c1ccc(cc1)COC(CC)C,tg,139.0,133.46850430186856
*NNC(=O)C(=O)NNC(=O)CCCCCCCC(*)=O,egc,4.4307,4.718691825305538
*C(C*)C(=O)OC12CC3(CC(CC(C1)C3)(C2)C)C,tg,103.43,178.49873421541264
*C(C=C1)=CC=C1C(=S)C(C=C2)=CC=C2O*,egc,2.6372,2.0786295976072835
*NC(CCC(*)=O)C(=O)OC,egc,5.6456,5.873966646359405
*C(C*)CCCCCCCCCCCCCCCCCC,tg,-88.0,-24.207753766399005
*C(C*)SCCCC,tg,-20.0,-53.93255522594697
*C(C*)C#N,tg,93.96,83.55857333520343
*NC(CCC(=O)OCCCl)C(*)=O,egc,5.9169,5.829238110158223
*Oc1ccc(cc1)Oc1ccc(cc1)C(=O)Nc1ccc(cc1)Oc1ccc(cc1)S(=O)(=O)c1ccc(cc1)Oc1ccc(cc1)NC(=O)c1ccc(cc1)*,tg,220.0,244.45806014862507
*N1C(=O)c2c(C1=O)cc(cc2)S(=O)(=O)c1cc2c(C(=O)N(C2=O)c2ccc(cc2)Oc2cc3c(cc2Oc2ccc(cc2)*)cccc3)cc1,tg,275.0,288.561137171806
*CC(=O)NCCCCCCNC(=O)COc1ccc(O*)cc1,egc,4.6023,4.621721268292348
*C(=O)NCCCCCCNC(=O)c1cc(O)cc(*)n1,egc,4.8984,4.653846978134902
*OC1C(COC(C)=O)OC(*)C(OC(C)=O)C1OC(C)=O,egc,5.9636,5.942857837548267
*C(=O)c1ccc(-c2ccc(-c3ccc(*)s3)cc2)cc1,eps,6.15,5.858808047874782
*Oc1ccc(Cc2ccc(OC(*)=O)cc2)cc1,egc,4.8502,4.950392285074783
*Cc1ccc(Nc2ccc(*)cc2)cc1,ei,5.3392,5.346500889521796
*CCNC(=O)CCCCCCCCC(=O)N*,egc,5.9828,5.808314448924857
*O[Si](O[Si](O[Si](O[Si](O[Si](c1ccc(cc1)[Si](*)(C)C)(C)C)(C)C)(C)C)(C)C)(C)C,tg,-80.0,-65.31506672505081
*C1(c2c(C(=O)N1)cccc2)c1ccc(cc1)Oc1ccc(cc1)NC(=O)c1cc2c(C(=O)N(C2=O)c2ccc(cc2)Cc2ccc(cc2)N2C(=O)c3c(C2=O)cc(cc3)C(=O)Nc2ccc(cc2)Oc2ccc(cc2)*)cc1,tg,302.0,296.21580115705734
*Nc1ccc(Oc2ccc(*)s2)s1,egb,3.9124,3.7428429965405536
*CCCCCCCCCCCCNC(=O)c1cccc(C(=O)N*)c1,egc,4.8693,5.0581932416540765
*C(C*)(C(=O)OC(COc1c2ccccc2c2ccccc2c1)COc1c2ccccc2c2ccccc2c1)C,tg,112.0,157.37026792263185
*C(C*)c1c(ccc(c1)Br)OCCC,tg,54.0,66.88304395055485
*Nc1ccc(-c2ccc(-c3ccc(*)cc3)cc2)cc1,eps,4.29,4.842030473223011
*CNc1ccc(-c2ccc(*)cc2)s1,eps,4.18,4.290974615141645
*Oc1ccc(CCNC(=O)c2cccc(C(*)=O)c2)cc1,egc,4.1401,4.396319413171913
*c1cc2c(C(=O)N(C2=O)c2ccc(cc2)Oc2ccc(cc2)C(c2ccc(cc2)Oc2ccc(cc2)N2C(=O)c3c(C2=O)cc(cc3)C(*)(C(F)(F)F)C(F)(F)F)(C(F)(F)F)C(F)(F)F)cc1,tg,259.43,261.8898973802229
*N1C(=O)c2c(C1=O)cc(cc2)C(c1cc2c(C(=O)N(C2=O)CC(=O)Nc2ccc(cc2)Oc2cc(ccc2)Oc2ccc(cc2)NC(=O)C*)cc1)(C(F)(F)F)C(F)(F)F,tg,221.0,218.8094185036841
*OC(CC(*)=O)C1CCC=CO1,egc,4.8999,4.665866206566565
*CCCCC(=O)N*,egc,5.9658,6.0666216397917845
*C(C*)(C(=O)OCCCCCCCCCCOc1ccc(cc1)C(=O)Oc1ccc(cc1)C(=O)C=Cc1c(c2c(n1CCCC)cccc2)C)C,tg,57.0,70.64480783120082
*CCCCCCCCCCCCCCCCCCCCOC(=O)CC(=O)O*,egc,6.2688,6.612895865995305
*Cc1ccc(CNC(C)=N*)cc1,egc,4.9237,4.7663726106103015
*Nc1ccc(cc1)NC(=O)CCCCC(=O)*,tg,133.0,149.64093650394477
*c1cc2c(C(=O)N(C2=O)c2ccc(cc2)Oc2c3c(ccc2)c(ccc3)Oc2ccc(cc2)N2C(=O)c3c(C2=O)cc(cc3)C(=O)Nc2ccc(cc2)Oc2ccc(cc2)C(c2ccc(cc2)Oc2ccc(cc2)NC(=O)*)(C(F)(F)F)C(F)(F)F)cc1,tg,231.0,250.38507103611687
*Oc1ccc(cc1)CC(NC(=O)CCc1ccc(cc1)OC(=O)CCC(=O)*)C(=O)OCCCCCCCCCCCC,tg,40.0,40.51099003398593
*C=Cc1ccc(C=Cc2cc(*)ncn2)cc1,egc,2.9779,2.952498359419382
*C(C*)C(=O)OC(C(F)(F)F)C(F)(F)F,tg,24.06,32.98054700237749
*C(C*)c1c(c(c(c(c1F)F)F)F)F,tg,102.15,118.51956145723491
*C(=O)Nc1cccc(NC(=O)c2cccc(NC(=O)c3ccc(-c4nc5cc(*)ccc5[nH]4)cc3)c2)c1,egc,3.3084,3.048234171904012
*CNc1ccc(O*)cc1,egb,3.7495,4.2221889013708775
*c1ccc(-c2ccc(C(F)(F)C(*)(F)F)cc2)s1,eps,3.57,3.9203031098813947
*N1C(=O)c2c(C1=O)cc(cc2)c1cc2c(C(=O)N(C2=O)c2ccc(cc2)c2ccc(cc2)NC(=O)c2cc(ccc2)C(=O)Nc2ccc(cc2)c2ccc(cc2)*)cc1,tg,230.0,235.26958969389045
*C(C*)c1nc(ccc1)C,tg,92.0,98.37078780311703
*c1ccc(-c2sc(-c3cc(SCCCCCCCC)c(*)s3)cc2SCCCCCCCC)cc1,egc,2.4336,2.2737053818049286
*C(=O)c1ccc(C(=O)C(*)=S)cc1,nc,2.0994,2.1128476809645806
*CNCN*,ei,6.0806,6.246732095257951
*C1C2C(C(C(C1*)C2)C(=O)OCCCc1ccccc1)C(=O)OCCCc1ccccc1,tg,200.0,230.8438408216913
*Oc1ccc(C2(c3ccc(OC(=O)OC4C(C)(C)C(OC(*)=O)C4(C)C)cc3)CCC(C(C)(C)C)CC2)cc1,egc,5.0195,5.192330548319233
*OC(C*)COC(=O)CCCCCN1C(=O)C2C(C1=O)C1C=CC2C1,tg,1.0,-1.9198507375466447
*Oc1ccc(cc1)C(c1ccc(cc1)Oc1c(c(c(c(c1F)F)C(=O)c1c(c(c(c(c1F)F)*)F)F)F)F)(C(F)(F)F)C(F)(F)F,tg,148.69,141.81680629968625
*c1ccc2n(c3c(c2c1)cc(cc3)c1cc2C(c3c(c2cc1)ccc(c3)*)(CCCCCC)CCCCCC)c1ccc(cc1)OC,tg,174.0,153.0543357051198
*OC(COC(COC(=O)c1ccc(cc1)C(=O)*)C)C,tg,37.0,37.36078433763364
*c1c(cc(c(c1)OC)C=C*)OCC1C2C3C(CCC3)C(C1)C2,tg,174.0,151.4019255398914
*OCC(C*)(CSCCCCC)CSCCCCC,tg,-33.0,-67.10566515147148
*NC(=O)C(=S)c1ccc(*)s1,eps,8.51,7.091465292599681
*c1sc(cc1CCCCCCCCCCCC)*,tg,-13.51,29.766493988467232
*c1c(cc(c(c1)OC)C(=Cc1c(cc(c(c1)OC)C=C(*)C#N)OCCCCCCCC)C#N)OCCCCCCCC,tg,174.0,175.29519946912743
*Oc1c2c(c(cc1)c1c3c(c(cc1)Oc1ccc(cc1)Oc1ccc(cc1)S(=O)(=O)c1ccc(cc1)Oc1ccc(cc1)*)cccc3)cccc2,tg,214.0,211.70904386061437
*NNC(=O)c1ccc([Si](c2ccccc2)(c2ccccc2)c2ccc(C(*)=O)cc2)cc1,egc,4.754,4.526555705041417
*c1n(nc(c1)c1ccc(cc1)Oc1ccc(cc1)C(=O)c1ccc(cc1)C(=O)c1ccc(cc1)Oc1ccc(cc1)*)c1ccccc1,tg,205.0,208.08423666226557
*C1(c2c(C(=O)O1)cccc2)c1cc(c(cc1)Oc1ccc(cc1)S(=O)(=O)c1ccc(cc1)Oc1c(cc(cc1)*)C)C,tg,245.0,226.36603178042995
*c1sc(cc1)c1cc(c(cc1)Oc1ccc(cc1)C(c1ccc(cc1)Oc1c(cc(cc1)*)C(F)(F)F)(C(F)(F)F)C(F)(F)F)C(F)(F)F,tg,153.33,154.5151969860088
*c1cc2c(C(=O)N(C2=O)C2C(CC(CC2)CC2CC(C(CC2)N2C(=O)c3c(C2=O)cc(cc3)C(=O)*)C)C)cc1,tg,240.0,246.90555177157597
*N1C(=O)c2c(C1=O)cc(cc2)Oc1cc2c(C(=O)N(C2=O)c2ccc(cc2)Sc2cc3c(C(=O)N(C3=O)c3ccc(cc3)CC)cc2Sc2ccc(cc2)*)cc1,tg,271.0,252.7380735844649
*N1C(=O)c2c(C1=O)cc(cc2)c1cc2c(C(=O)N(C2=O)c2ccc(cc2)Oc2c(cc(cc2C)C(c2cc(c(c(c2)C)Oc2ccc(cc2)*)C)c2c3c(ccc2)cccc3)C)cc1,tg,289.5,289.0406989662817
*Oc1ccc(cc1)C(c1ccc(cc1)OC(=S)*)c1c2c(ccc1)cccc2,tg,191.0,170.8336516741695
*Oc1c2c(ccc1)ccc(c2)Oc1ccc(cc1)NC(=O)c1ccc(cc1)Oc1ccc(cc1)C(=O)Nc1ccc(cc1)*,tg,236.0,221.1190856373122
*N1C(=O)C2C(C1=O)CC(CC2)C1CC2C(C(=O)N(C2=O)c2ccc(cc2)Cc2ccc(cc2)*)CC1,tg,260.0,273.5822430401431
*c1cc2c(nc(c(n2)c2ccc(cc2)N2C(=O)c3c(C2=O)cc(cc3)C(=O)c2cc3c(C(=O)N(C3=O)c3ccc(cc3)c3c(nc4c(n3)cc(cc4)C(=O)*)c3ccccc3)cc2)c2ccccc2)cc1,tg,255.0,230.72775318222702
*Cc1ccc(C(=O)c2ccc(*)s2)s1,eps,4.69,4.304329493299345
*Nc1cc(NC(=O)c2cccc(C(*)=O)c2)c(N)cc1N,egc,3.509,3.3443101057611067
*N1C(=O)c2c(C1=O)c(ccc2)Oc1ccc(cc1)c1ccc(cc1)Oc1c2c(C(=O)N(C2=O)c2ccc(cc2)Oc2ccc(cc2)*)ccc1,tg,277.0,282.458755295495
*Oc1ccc(cc1)CC(NC(=O)CCc1ccc(cc1)OC(=O)CCCC(=O)*)C(=O)OCCCCCCCC,tg,32.5,44.05143064894809
*N1C(=O)c2c(C1=O)cc(cc2)Oc1cc2c(C(=O)N(C2=O)c2ccc(cc2)Oc2ccc(cc2)Oc2ccc(cc2)*)cc1,tg,235.78,242.0664106530231
*Cc1ccc(OC(*)=S)cc1,eps,3.66,3.6634481042693623
*C(=C(*)C)[Ge](C)(C)C,tg,250.0,174.69770440711258
*N1C(=O)c2c(C1=O)c(c(c(c2c1ccccc1)c1ccccc1)c1ccc(cc1)c1c(c2c(C(=O)N(C2=O)c2cc(ccc2)*)c(c1c1ccccc1)c1ccccc1)c1ccccc1)c1ccccc1,tg,416.0,385.4864571427948
*Oc1ccc(cc1)CC(NC(=O)CCc1ccc(cc1)OC(=O)COCCOCC(=O)*)C(=O)OCCCCCCCCCCCC,tg,17.0,26.29708625945063
*O[Si](C#C[Si](C#C[Si](C#C[Si](C#C[Si](C#C[Si](*)(C)C)(C)C)(C)C)(C)C)(C)C)(C)C,tg,-16.1,-22.83869960029908
*c1oc(nn1)c1ccc(cc1)C(=O)OCCCCCCCCCCOc1ccc(cc1)C=CC(=O)C=Cc1ccc(cc1)OCCCCCCCCCCOC(=O)c1ccc(cc1)*,tg,58.0,49.408824063978734
*CC(*)C(=O)OC(C)C,egb,6.455,6.616131962522555
*c1oc2c(n1)cc(cc2)NC(=O)CCCCCCCCC(=O)Nc1cc2c(oc(n2)CCCCCCCC*)cc1,tg,88.12,87.75493584954307
*c1ccc(*)n1CCCCCC,egc,2.8542,3.0848713251628497
*C(=O)Nc1ccc(C(=O)Nc2ccc(NC(=O)c3ccc4[nH]c(-c5ccc(-c6nc7cc(*)ccc7[nH]6)cc5)nc4c3)cc2)cc1,egc,2.6204,2.5829131571031847
*c1ccc(C(F)(F)CC(*)(F)F)s1,ei,7.1393,6.960519491235725
*c1cc2C(c3c(c2cc1)ccc(c3)c1c(cc(cc1)*)F)(CCCCCCCC)CCCCCCCC,tg,34.0,37.24418717865402
*Oc1ccc(cc1)OCC(C*)OC(=O)C,tg,54.5,50.11553975812304
*Oc1ccc(cc1)NC(=O)c1ccc(cc1)[Si](c1ccc(cc1)C(=O)*)(C)C,tg,220.0,224.56516829682963
*C(F)(F)C1(F)C(F)(F)C(*)(F)C(F)(F)C1(F)F,egb,6.9544,7.115931582262615
*c1cc2c(C(=O)N(C2=O)c2ccc(cc2)Oc2ccc(cc2)Oc2ccc(cc2)N2C(=O)c3c(C2=O)cc(cc3)C(=O)Nc2ccc(cc2)Oc2ccc(cc2)C2(c3c(C(=O)N2)cccc3)c2ccc(cc2)Oc2ccc(cc2)NC(=O)*)cc1,tg,284.0,297.67260730281765
*ON(C(C(*)(F)F)(Cl)F)C(F)(F)F,tg,-50.0,-38.9270972556773
*CCOC(=O)C(=O)O*,egc,6.5784,6.193141788626088
*C(C*)OC(=O)c1ccc(cc1)[N+](=O)[O-],tg,122.0,102.56191510821705
*C(=O)c1ccc2c(c1)C(=O)N(c1cccc(C(=O)Nc3ccc(N4C(=O)c5ccc(*)cc5C4=O)cc3)c1)C2=O,egc,2.497,2.591251804244658
*N(CC(C*)O)c1cc(c(c(c1)C)N=Nc1ccc(cc1)C#N)C,tg,150.0,153.27491598018568
*Oc1ccc(cc1)C1(c2ccccc2c2ccccc12)c1ccc(cc1)OC(=O)CCC(=O)*,tg,234.0,221.54827717598866
*Oc1ccc(cc1)C1(CCC(CC1)C(C)(C)C)c1ccc(cc1)Oc1ccc(cc1)C(=O)Oc1c(cc(cc1C)C(c1cc(c(c(c1)C)OC(=O)c1ccc(cc1)*)C)(C)C)C,tg,176.0,180.33049554857206
*c1oc(nn1)c1ccc(cc1)c1oc(nn1)CCCOc1c(cc(cc1)OCCC*)C,tg,125.5,148.8469166890783
*CCCCCCCCCCNC(=O)CCCCCCCCCCCCCCC(=O)N*,egc,5.8964,5.841461632969555
*C1C2C(C(C(C1*)C2)C(=O)OCCC1C2CCC(C1)C2)C(=O)OCCC1C2CCC(C1)C2,tg,260.0,284.3373548044483
*c1cc2c(C(=O)N(C2=O)c2cc(c(cc2)Oc2c(cccc2)Oc2c(cc(cc2)N2C(=O)c3c(C2=O)cc(cc3)C(=O)*)C(F)(F)F)C(F)(F)F)cc1,tg,236.0,255.30376539642737
*N1C(=O)c2c(C1=O)cc(cc2)Oc1cc2c(C(=O)N(C2=O)c2ccc(cc2)Sc2ccc(cc2)Sc2ccc(cc2)Sc2ccc(cc2)*)cc1,tg,202.65,184.2610485129456
*Oc1ccc(cc1)C1(CC2C(CC1)CCCC2)c1ccc(cc1)Oc1ccc(cc1)C(=O)c1ccc(cc1)*,tg,214.0,234.8320063590525
*c1ccc(*)n1C(C)C(=O)OC,egc,2.9894,2.9846399127288956
*c1ccc(Oc2ccc(Oc3ccc(-n4c(=O)c5cc6c(=O)n(*)c(=O)c6cc5c4=O)cc3)cc2C)cc1,egc,2.3895,2.2870123514331873
*c1nnc(nc1c1ccc(cc1)Oc1ccc(cc1)C1(c2ccccc2c2ccccc12)c1ccc(cc1)Oc1ccc(cc1)*)c1ncccc1,tg,277.0,289.2104624692562
*CC(*)C(=O)OCC,egc,6.2551,6.372283761259132
*Oc1c2c(ccc1)ccc(c2)Oc1ccc(cc1)NC(=O)c1cc(cc(c1)C(C)(C)C)C(=O)Nc1ccc(cc1)*,tg,263.0,238.25239665580477
*C1COC2C1OCC2OC(=O)C(NC(=O)CCCCCCC(=O)NC(C(=O)O*)Cc1ccccc1)Cc1ccccc1,tg,91.0,96.80269049122025
*NC(=O)c1c(cccc1)c1c(cccc1)C(=O)NCc1cc(ccc1)C*,tg,159.0,180.7126707380267
*Nc1ccc(Cc2ccc(NC(=O)c3cc(C(*)=O)cc(N4C(=O)C5C6CCC(C6)C5C4=O)c3)cc2)cc1,egc,3.4808,3.5950064310835472
*Cc1ccc(CNC(=O)CCCCCCCCCCC(=O)N*)cc1,egc,5.2323,5.192083287354845
*C(C*)(C(=O)OCCN(c1ccc(cc1)N=Nc1ccc(cc1)[N+](=O)[O-])C)C,tg,110.0,113.97968703901046
*Oc1ccc(cc1)NC(=O)Nc1c(ccc(c1)NC(=O)Nc1ccc(cc1)*)C,tg,269.0,193.97538690884744
*C(C*)C(=O)N,tg,178.5,133.78244708142657
*Nc1ccc(cc1)C(c1ccc(cc1)NC(=O)c1ccc(cc1)C(=O)*)(P1(=O)c2ccccc2c2ccccc2O1)P1(=O)c2ccccc2c2ccccc2O1,tg,245.0,240.25724063206962
*OCCC(=O)CC(=O)Oc1ccc(*)cc1,ei,6.7464,6.845849096397144
*C=Cc1ccc(*)c2sccc12,egc,2.1967,2.201313917453622
*Nc1cc(cc(c1)C(=O)Oc1ccc(cc1)Oc1cc(c(cc1)C#N)C#N)NC(=O)c1cc(ccc1)C(=O)*,tg,305.0,245.19278323261196
*c1sc(cc1CCCCCCBr)c1sc(cc1)*,tg,51.0,107.01036887087132
*CCc1ccc(*)c(C#N)c1,egc,4.7476,4.862464513091899
*Cc1ccc(-c2ccc(N*)s2)s1,egb,2.8559,2.9687930842738477
*CCCCCOC(=O)Nc1ccc(C)c(NC(=O)O*)c1,nc,1.7297,1.745311152357992
*O[Si](C#C[Si](C#C[Si](C#C[Si](C#C[Si](*)(C)C)(C)C)(C)C)(C)C)(C)C,tg,-23.0,-0.56028239247192
*CC1CCC(COC(=O)CCCCCCCCCCC(=O)O*)CC1,egc,6.723,6.6448002928162175
*c1cccc(*)n1,egb,2.9424,3.3182398440524055
*Nc1cc(ccc1)NC(=O)c1ccc(cc1)C(=O)Nc1cc(ccc1)NC(=S)NC(=O)c1ccc(cc1)C(=O)NC(=S)*,tg,258.0,254.1355965017611
*CCNC(S1)=CC=C1*,egc,3.9675,4.007369306831623
*OC([2H])([2H])C(*)([2H])C([2H])=C([2H])[2H],egc,5.4798,5.687895551086079
*Oc1ccc(Sc2ccc(OC(*)=O)cc2)cc1,egc,4.473,4.507666357736716
*c1c([nH]c(n1)c1cc(ccc1)c1[nH]c(c(n1)c1ccc(cc1)Oc1ccc(cc1)C(=O)c1cc(ccc1)C(=O)c1ccc(cc1)Oc1ccc(cc1)*)c1ccccc1)c1ccccc1,tg,264.5,257.6252928667304
*S(=O)(=O)CC=CC*,tg,86.0,84.21500468004545
*Nc1ccc(NC(=O)NONC(*)=O)s1,ei,5.6948,5.786099762805944
*C(C*)CCCCCCCCCI,tg,-6.0,5.053966090485274
*C1N(CC(C1)OC(=O)*)C(=O)OCc1ccccc1,tg,78.0,111.68736355613161
*Oc1ccc(cc1)C(c1ccc(cc1)Oc1ccc(cc1)C(=O)c1ccc(cc1)P(=O)(c1ccc(cc1)C(=O)c1ccc(cc1)*)c1ccccc1)(C(F)(F)F)C(F)(F)F,tg,207.0,219.41696680635047
*Oc1ccc(Oc2ccc(C(=O)c3ccc(*)cc3)cc2)cc1C(Br)Br,egc,3.947,3.724504895348536
*O[Si](OC(COc1ccc(cc1)C(c1ccc(cc1)OCC(*)CCl)(C)C)CCl)(C)C,tg,24.0,29.59328013132629
*c1cc2c(cc1)oc(=O)c(c2)C(=O)Nc1ccc(cc1)Oc1ccc(cc1)C(c1ccc(cc1)Oc1ccc(cc1)NC(=O)c1c(=O)oc2c(cc(cc2)C*)c1)(C(F)(F)F)C(F)(F)F,tg,283.0,272.7085627562048
*C(=O)C(C=C1)=CC=C1C(=S)O*,egc,3.2688,3.2453322453880835
*NC(S1)=CC=C1NC(=S)*,egc,2.9073,2.895508558749459
*N1C(=O)c2c(C1=O)cc(cc2)P(=O)(c1cc2c(C(=O)N(C2=O)c2ccc(cc2)*)cc1)c1ccccc1,tg,366.0,325.29933057701305
*CC(*)F,ei,7.6332,7.62958170097236
*c1c2C(=O)N(C(=O)c2c(c2ccccc12)c1ccc(cc1)Oc1ccc(cc1)S(=O)(=O)c1ccc(cc1)Oc1ccc(cc1)*)c1ccc(cc1)F,tg,300.0,294.8916808095871
*OC(=O)CCCCC(=O)OCCOCCOCC*,tg,-49.0,-54.569854534461
*Oc1cc(ccc1)C(=O)OC(=O)c1cc(ccc1)OCCCC*,tg,20.0,48.31970748838083
*O[Si](*)(CCCn1c2ccccc2c2ccccc12)C,tg,51.0,37.97151509293648
*NC(=O)NC(=O)*,egc,3.9005,4.247035959659597
*C(C*)CNc1c(cc(cc1)[N+](=O)[O-])[N+](=O)[O-],tg,160.0,143.135480874664
*c1ccc(CC(F)(F)C(*)(F)F)s1,eea,1.8781,2.078394319381537
*c1cc(C(F)(F)C(F)(F)C(F)(F)F)c(*)s1,egc,2.8054,2.918179923174891
*c1cc(-c2sc(-c3cc(C)c(*)s3)cc2C)c2cccccc1-2,egb,1.3327,1.5993745652803173
*N1C(=O)c2c(C1=O)cc(cc2)c1cc2c(C(=O)N(C2=O)c2cc(ccc2)OCCCCCCCCOc2cc(ccc2)*)cc1,tg,138.0,137.76514291128464
*Nc1ccc(-c2ccc(-c3ccc(*)s3)s2)s1,nc,2.5509,2.5034846450299484
*C=CC1CC(*)C2C3CCC(C3)C12,egc,5.1047,5.115944381796696
*C(=O)Nc1cc(NC(=O)c2ccc3[nH]c(-c4cccc(-c5nc6cc(*)ccc6[nH]5)c4)nc3c2)cc(-c2nc3ccccc3[nH]2)c1,egc,3.2918,3.374988305077162
*C(C*)(C(=O)Oc1ccc(cc1)C(C)(C)C)C,tg,88.57,112.77309518368858
*c1ccc(cc1)C=C*,tg,230.0,198.74126283338657
*N1C(=O)c2c(C1=O)cc(cc2)C(=O)Oc1ccc(cc1)c1ccc(cc1)OC(=O)c1cc2c(C(=O)N(C2=O)CCCOCCCCOCCC*)cc1,tg,70.0,50.17358972579635
*c1n(nc(c1)c1ccc(cc1)Oc1ccc(cc1)C(=O)c1ccc(cc1)Oc1ccc(cc1)C(=O)c1ccc(cc1)Oc1ccc(cc1)*)c1ccccc1,tg,190.0,224.40811752624228
*C(C*)C(=O)NCCCCCC(=O)O,tg,68.0,95.80408321841824
*NC(=O)C(=S)C(*)=O,ei,6.114,6.012008418078429
*CCCCCCCCCCCCCCCCCCCCOC(=O)CCCCCC(=O)O*,egc,6.7391,6.666603110318539
*C(=O)Nc1ccc(NC(=O)c2ccc3[nH]c(-c4cc(-c5nc6cc(*)ccc6[nH]5)cc(N5C(=O)c6ccccc6C5=O)c4)nc3c2)cc1,egc,2.3407,2.42210722580886
*Oc1ccc(cc1)C(c1ccc(cc1)OC(=S)*)(CC)CC,tg,121.0,83.17224209038906
*C(*)C(=O)OC1CCCCC1,tg,140.0,102.23894785672582
*C(=O)Oc1ccc2ccc(OC(=O)c3ccc4c(c3)C(=O)N(c3ccc(Oc5ccc(N6C(=O)c7ccc(*)cc7C6=O)cc5)cc3)C4=O)cc2c1,egc,2.5688,2.626926517964253
*CCCCCCCCC(=O)O*,egc,6.4657,6.715980512177343
*N1C(=O)c2c(C1=O)c(ccc2)Oc1ccc(cc1)C(=O)Nc1ccc(cc1)Oc1ccc(cc1)Oc1ccc(cc1)*,tg,244.0,241.39112404167977
*c1cc2c(nc([nH]2)S(=O)(=O)c2nc3c([nH]2)ccc(c3)c2cc(ccc2)*)cc1,tg,286.5,339.26900338247964
*c1sc(cc1)c1sc(cc1)c1sc(cc1)c1sc(cc1)[Si](*)(CCCC)CCCC,tg,1.0,50.93226886594645
*O[Si](c1c2c(c(cc1)[Si](*)(C)C)cccc2)(C)C,tg,60.0,47.74378321458233
*C(=O)Nc1ccc(NC(=O)c2cccc(C(=O)Nc3ccc(N4C(=O)c5ccc(*)cc5C4=O)cc3)c2)cc1,egc,2.92,2.877791088873812
*c1cc2c(C(=O)N(C2=O)c2ccc(cc2)Oc2ccc(cc2)S(=O)(=O)c2ccc(cc2)Oc2ccc(cc2)N2C(=O)c3c(C2=O)cc(cc3)C(=O)Nc2ccc(cc2)Oc2c(cccc2)c2c(cccc2)Oc2ccc(cc2)NC(=O)*)cc1,tg,236.0,239.19227566009587
*CC(=O)c1ccc(C(*)=O)s1,ei,7.202,7.022969564888494
*c1ccc(-c2ccc(-c3ccc(-c4ccc(*)s4)cc3)cc2)cc1,eea,2.2963,2.2553474492469574
*Cc1ccc(-c2ccc(C(*)=S)s2)s1,ei,5.7652,5.901868228741141
*c1cc2c(C(=O)N(C2=O)c2ccc(cc2)OC(COc2ccc(cc2)N2C(=O)c3c(C2=O)cc(cc3)C(*)(C(F)(F)F)C(F)(F)F)C)cc1,tg,234.0,249.58068352539325
*Cc1ccc(CC(*)=S)cc1,nc,1.8601,1.8494351456174603
*NC(=O)c1ccc(C(*)=S)s1,egb,1.932,1.802898539635986
*c1cc2c(C(=O)N(C2=O)c2cc3Cc4c(c3cc2)ccc(c4)N2C(=O)c3c(C2=O)cc(cc3)C(*)(C(F)(F)F)C(F)(F)F)cc1,tg,394.0,358.30628593178307
*CC(*)C(=O)OC(C)CC(C)C,egc,6.3605,6.210682743232168
*c1n(nc(c1)c1ccc(cc1)Oc1ccc(cc1)C(=O)c1cc(ccc1)C(=O)c1ccc(cc1)Oc1ccc(cc1)*)c1ccccc1,tg,190.0,187.41431330744373
*NC(=O)C(C(C(=O)NCCCCCCCCCCCC*)OC)OC,tg,84.0,90.21809022623447
*NC(CC(*)=O)C(=O)OCCCC,egc,6.151,5.987436081372206
*Oc1ccc(C(C)(C)c2ccc(Oc3nc(*)nc(OC)n3)cc2)cc1,egc,5.075,4.959830929594384
*Oc1ccc(cc1)S(=O)(=O)c1c2c(ccc1)c(ccc2)S(=O)(=O)c1ccc(cc1)Oc1ccc(cc1)c1ccc(cc1)*,tg,248.0,258.8469551118594
*N1C(=O)c2c(C1=O)cc(cc2)Oc1cc2c(C(=O)N(C2=O)c2c(cc(cc2)c2cc(c(cc2)*)OCCCCCCOc2ccc(cc2)/C=C/c2ccc(cc2)F)OCCCCCCOc2ccc(cc2)/C=C/c2ccc(cc2)F)cc1,tg,124.0,126.28377926374083
*CCOCCOCCOC(=O)CSC(=O)Nc1ccc(C)c(NC(=O)SCC(=O)O*)c1,egc,4.461,4.202398149693596
*OP(=O)(OCCCCCCCCCCOc1ccc(cc1)C=Cc1ccc(cc1)OCCCCCCCCCC*)OCCCCCCCCCCOc1ccc(cc1)N=Nc1ccc(cc1)c1ccccc1,tg,50.0,72.59301705566776
*Cc1ccc(Nc2ccc(*)cc2)cc1,egb,3.7655,3.994611073656333
*C(=O)c1ccc2c(c1)C(=O)N(c1ccc(-c3ccc(N4C(=O)c5ccc(*)cc5C4=O)cc3C)c(C)c1)C2=O,egc,2.8033,2.915232661033035
*N1C(=O)c2c(C1=O)c(ccc2)c1cc2c(C(=O)N(C2=O)c2ccc(cc2)Oc2ccc(cc2)Oc2ccc(cc2)*)cc1,tg,285.0,299.3479205106552
*C(C*)(CC(=O)OCCCl)C(=O)OCCCl,tg,43.0,41.44299199629808
*C(F)(F)C(F)(F)CO*,egc,8.1009,8.726968878197948
*C1C(=O)N(C(=O)C1*)CCOc1ccc(cc1)c1ccc(cc1)C#N,tg,150.0,142.0422658222171
*OC(F)(F)c1ccc(C(*)(F)F)cc1,eea,2.1427,2.3456471314436422
*c1c(nc2c(n1)cc(cc2)Oc1ccc(cc1)NC(=O)c1cc(cc(c1)N1C(=O)c2c(C1=O)cccc2)C(=O)Nc1ccc(cc1)Oc1cc2c(nc(c(n2)c2ccc(cc2)*)c2ccccc2)cc1)c1ccccc1,tg,302.0,284.1326308884132
*OC(=O)OCC(CS(=O)(=O)CC(C*)(C)C)(C)C,tg,50.0,95.44807366574956
*NNC(=O)c1cccc(C(=O)NNC(=O)CCCCCCCCC(*)=O)c1,egc,4.5398,4.439104470929672
*C(S1)=CC=C1C(=S)C(S2)=CC=C2O*,egc,2.6229,2.6802820586314957
*S(=O)(=NP(=NP(=N*)(NCC)NCC)(NCC)NCC)NCC,tg,4.0,-24.63171125860855
*NC(=O)c1ccc(cc1)C(c1ccc(cc1)C(=O)NCCCCCC*)(CC)C,tg,159.0,169.52116301597948
*C(C=C1)=CC=C1C(C=C2)=CC=C2C(C=C3)=CC=C3O*,egc,3.9661,3.8044181832620882
*OC(=O)Nc1c(ccc(c1)NC(=O)OCC(C*)(C)C)C,tg,-32.0,-30.327226505316638
*C(C*)C(=O)Oc1c(cc(cc1)Cl)Cl,tg,60.0,101.08809684742299
*C1CC2CC1C(*)C2CCCC,egc,6.1498,6.184044098771071
*c1cc(CCCCCCCCCC2COC(c3ccccc3)O2)c(*)s1,egc,3.048,2.9159661145493296
*CC(*)OCCOc1ccc(C=C(C#N)C(=O)OC)cc1,egc,3.1988,3.24041730796687
*c1ccc(Oc2ccc(-n3c(=O)c4c(Oc5ccc(OCCCC)cc5)c5c(=O)n(*)c(=O)c5c(Oc5ccc(OCCCC)cc5)c4c3=O)cc2)cc1,egc,1.9028,1.8413070981600848
*C(C*)(C(=O)OCCCCCCCCCCCC)C,tg,-44.99,-26.518500996054797
*OC(*)C(Cl)Cl,egc,6.5565,6.744502084515993
*OCCC*,tg,-72.46,-27.821860753065078
*OC(=O)Nc1ccc(cc1)Cc1ccc(cc1)NC(=O)OCC(CS(=O)(=O)CC(C*)(C)C)(C)C,tg,90.0,66.35909257469827
*Oc1ccc(cc1)Oc1ccc(cc1)C(=O)Nc1ccc(cc1)Cc1ccc(cc1)NC(=O)c1ccc(cc1)*,tg,216.0,214.31903533308147
*O[Si](*)(CCCCCn1c2ccccc2c2ccccc12)C,tg,7.0,27.89606619620345
*c1cc2C(c3c(c2cc1)ccc(c3)c1c(cc(c(c1)OCCCCCCCC)*)OCCCCCCCC)(CCCCCC)CCCCCC,tg,58.0,78.34447652368068
*C(C)C(*)C(=O)OC,egc,6.2685,6.5121715625428065
*c1cc2c(C(=O)N(C2=O)c2ccc(cc2)Oc2ccc(cc2)N2C(=O)c3c(C2=O)cc(cc3)C(C(C(C(C(C(*)(F)F)(F)F)(F)F)(F)F)(F)F)(F)F)cc1,tg,185.0,181.55257783295136
*Oc1c(cc(cc1)C(c1cc(c(cc1)OC(=O)c1ccc(cc1)C(=O)*)C)(C)C)C,tg,167.0,154.60947327867234
*Oc1ccc(SSCCSSc2ccc(*)cc2)cc1,egc,4.0205,3.5634041282519453
*c1ccc(-c2ccc(-c3cc(-c4ccccc4)c4cc(-c5ccc6nc(*)cc(-c7ccccc7)c6c5)ccc4n3)cc2)cc1,egc,3.1298,2.880823837866848
*OC(=O)CCCCCC(=O)OCCOCC*,tg,-59.67,-43.13447286988186
*Oc1ccc(cc1)C(c1ccc(cc1)OC(=O)c1ccc(cc1)C(=O)*)(CC)CC,tg,165.0,192.73372214701405
*CNOC(*)=S,eea,2.5,2.412875023124839
*c1nc(-c2ccccc2)nc(N(*)C)n1,egc,4.2966,3.982817720126634
*OCCSSSSCC*,tg,-40.0,-22.190650065417852
*CCCCCCCCCCCCCCOC(=O)CCC=CCCC(=O)O*,egc,6.0458,5.905402422920927
*C1C(=O)N(C(=O)C1C(C*)c1ccccc1)c1ccc(cc1)NC(=O)OCC1N(CCC1)c1ccc(cc1)[N+](=O)[O-],tg,208.0,184.43106314522876
*C=CC(C)C*,egc,5.7207,5.257262990221995
*Nc1c2c(ccc1)c(ccc2)NC(=O)Nc1cc(cc(c1)C(=O)Nc1c2C(=O)c3c(C(=O)c2ccc1)cccc3)NC(=O)*,tg,185.0,168.06597603306417
*Cc1ccc(NO*)s1,eea,1.3873,1.2223113787101163
*CCCCCCCCC(=O)NCCCCCOCCCCCNC(=O)CCCO*,egc,5.9383,5.881334812018567
*Oc1ccc(cc1)C1(c2ccccc2c2ccccc12)c1ccc(cc1)Oc1ccc(cc1)C(=O)c1ccc(cc1)*,tg,252.0,230.46643343555243
*CCCN*,egc,5.2088,5.2012316724345995
*Nc1cccc(NC(=O)c2ccc(NC(=O)c3ccc([Si](C)(C)c4ccc(C(=O)Nc5ccc(C(*)=O)cc5)cc4)cc3)cc2)c1,egc,3.5185,3.6546463768776496
*N1C(=O)c2c(C1=O)c(ccc2)Oc1cc2c(C(=O)N(C2=O)c2ccc(cc2)Oc2ccc(cc2)Oc2ccc(cc2)*)cc1,tg,249.0,249.96842775558557
*Oc1c(cc(cc1C(C)C)C(=O)c1cc(ccc1)C(=O)c1ccc(cc1)*)C(C)C,tg,132.0,148.40120176100064
*Oc1ccc(C(c2ccc(OC(=O)c3ccc(OCCCCCCCCCCOc4ccc(C(*)=O)cc4)cc3)cc2)(C(F)(F)F)C(F)(F)F)cc1,egc,4.4545,4.42222922620305
*C(C*)(C(=O)OCCOc1ccc(cc1)N=Nc1ccc(cc1)[N+](=O)[O-])C,tg,112.0,120.72564825648995
*CC(*)(C)C(=O)OCCBr,egc,5.9262,5.847327932766386
*OC(=O)Nc1ccc(cc1)Cc1ccc(cc1)NC(=O)OCCN(CC*)CCCCCOc1ccc(cc1)N=Nc1ccccc1,tg,59.6,52.50945174904014
*c1nc2c(nc1c1ccccc1)cc(cc2)c1cc2c(nc(c(n2)c2ccccc2)c2ccc(cc2)OCCCCOc2ccc(cc2)*)cc1,tg,219.0,213.5912172273762
*NC(=O)c1ccc(-c2ccc(*)cc2)cc1,eea,2.3815,2.30237078265742
*c1ccc(C(=O)Nc2ccc(NC(=O)c3ccc(-n4c(=O)c5sc6c(=O)n(*)c(=O)c6sc5c4=O)cc3)cc2)cc1,egc,1.4889,1.7743865892549282
*Oc1c(cc(cc1)C=C1C(=O)C(=Cc2cc(c(cc2)OCCCCCCCC*)OC)CCC1)OC,tg,72.0,62.450540721953665
*Oc1ccc(cc1)N=C(c1ccc(cc1)Oc1ccc(cc1)C(c1ccc(cc1)Oc1ccc(cc1)C(=Nc1ccc(cc1)*)C)(C)C)C,tg,141.0,153.4448829362095
*C(C*)C(=O)OC1CCCCC1,tg,23.69,44.56075246381015
C(=O)(*)C1=CC=C(C=C1)C(=O)OC1=CC=C(C=C1)C2(C1=CC=CC=C1C(=O)O2)C1=CC=C(C=C1)O(*),egc,3.8358,3.8639077238900756
*c1cc2C(c3c(c2cc1)ccc(c3)*)(CCCCCCCC)CCCCCCCC,tg,57.66,100.54535003934551
*OC(COC(=O)c1c(c(c(cc1)c1c(cc(c(c1)CCCCCCCC)c1c(c(c(cc1)C(=O)*)F)F)CCCCCCCC)F)F)COc1ccc(cc1)N=Nc1ccc(cc1)C#N,tg,61.0,52.96949916219831
*N1C(=O)c2c(C1=O)cc(cc2)Oc1ccc(cc1)C(c1ccc(cc1)Oc1cc2c(C(=O)N(C2=O)c2ccc(cc2)Oc2ccc(cc2)S(=O)(=O)c2ccc(cc2)Oc2ccc(cc2)*)cc1)(C)C,tg,200.0,208.4428154768102
*CCCCCCCCCCCCCCCc1nnc(*)o1,egc,6.3716,6.428826369320119
*N1C(=O)c2c(C1=O)cc(cc2)Oc1cc2c(C(=O)N(C2=O)c2ccc(cc2)c2ccc(cc2)*)cc1,tg,286.0,299.4563339676946
*c1cc2c(C(=O)N(C2=O)c2cc(cc(c2)c2sc3c(n2)cccc3)N2C(=O)c3c(C2=O)cc(cc3)C(=O)Nc2ccc(cc2)S(=O)(=O)c2ccc(cc2)NC(=O)*)cc1,tg,357.0,345.3488714295335
*C(C*)(C(=O)NC(c1ccccc1)C)C,tg,156.5,147.17010391849348
*NC(=O)c1ccc(-c2ccc(*)cc2)s1,nc,2.2535,2.2622341594087993
*OS(=O)(=O)c1cc(c(c(c1)C)*)C,tg,153.0,152.65352468543574
*N1C(=O)c2c(C1=O)cc(cc2)C(=O)Oc1cc2c(cc1)cc(cc2)OC(=O)c1cc2c(C(=O)N(C2=O)CCCOCCCCOCCC*)cc1,tg,68.0,78.78736761807077
*C(=O)C1CCCN1*,egc,5.5773,5.7273738098369735
*Oc1c(cc(c(c1)C(C)(C)C)Oc1ccc(cc1)C(=O)Nc1c(cc(cc1C)Cc1cc(c(c(c1)C(C)C)NC(=O)c1ccc(cc1)*)C)C(C)C)C(C)(C)C,tg,260.0,203.7192885600616
*OC1CCC(CC1)OC(=O)OCCCCCCOC(=O)*,tg,10.0,12.71282757054986
*Oc1cc(ccc1)Oc1ccc(cc1)C(=O)c1ccc(cc1)NC(=O)c1ccc(cc1)C(=O)Nc1ccc(cc1)C(=O)c1ccc(cc1)*,tg,190.0,215.32390514540648
*CC(*)(C#N)C#N,egb,6.9314,6.934052589552797
*CCCCCOC(=O)O*,egb,7.123,7.152802240877641
*c1cc2c(C(=O)N(C2=O)c2ccc(cc2)Oc2c(cc(cc2)Oc2ccc(cc2)N2C(=O)c3c(C2=O)cc(cc3)C(=O)Nc2ccc(cc2)Oc2ccc(cc2)C2(c3c(C(=O)N2)cccc3)c2ccc(cc2)Oc2ccc(cc2)NC(=O)*)C)cc1,tg,293.0,286.0481195367006
*c1c2C(=O)N(C(=O)c2c(c2ccccc12)c1ccc(cc1)Oc1ccc(cc1)S(=O)(=O)c1ccc(cc1)Oc1ccc(cc1)*)c1ccc(cc1)C(F)(F)F,tg,290.0,296.546194818478
*Oc1ccc(cc1)S(=O)(=O)c1ccc(cc1)Oc1ccc(cc1)NC(=O)c1ccc(cc1)Oc1ccc(cc1)C(c1ccc(cc1)C(c1ccc(cc1)Oc1ccc(cc1)C(=O)Nc1ccc(cc1)*)(C)C)(C)C,tg,177.0,190.22440670228409
*C(CCCCCCCCCCCCCCCCCCCC*)COCCOCCOCCOCCOCc1c2ccc3cccc4ccc(cc1)c2c34,tg,-21.0,-0.21810632962821425
*C1OC(C(C(C1O)O)O*)COCO,tg,208.0,110.09672959458416
*Oc1ccc(cc1)C(c1ccc(cc1)Oc1ccc(cc1)C(=O)c1cc2c(cc1)cc(cc2)C(=O)c1ccc(cc1)*)(C)C,tg,185.0,176.89164872279477
*CCC1CC(*)C2C3CC(C12)C(C)(C(=O)OC)C3,egc,6.4636,6.48279584147948
*OC(C*)CBr,tg,-14.0,-31.878435156896696
*c1cc2c(C(=O)N(C2=O)c2ccc(cc2)Oc2ccc(cc2)S(=O)(=O)c2ccc(cc2)Oc2ccc(cc2)N2C(=O)c3c(C2=O)cc(cc3)C(=O)Nc2ccc(cc2)Oc2ccc(cc2)c2ccc(cc2)Oc2ccc(cc2)NC(=O)*)cc1,tg,267.0,260.5988579267773
*CCCCCCCCCCCCc1nc2ccc(-c3ccc4nc(*)oc4c3)cc2o1,egc,4.1955,4.073229659343457
*c1ccc(-n2c(=O)c3cc4c(=O)n(*)c(=O)c4cc3c2=O)c(C)c1,egc,2.9393,2.858756847460301
*C(C*)(C(=O)OCCCCCCOc1ccc(cc1)C(=O)Oc1ccc(cc1)OCCCC)C,tg,55.17,43.3406364457974
*c1ccc(C(=O)c2cccc(-n3c(=O)c4cc5c(=O)n(*)c(=O)c5cc4c3=O)c2)cc1,egc,3.1782,3.0692403372295294
*c1nc2c(cc1)cc(cc2)C(=O)c1ccc(cc1)Oc1ccc(cc1)c1ccc(cc1)Oc1ccc(cc1)C(=O)*,tg,155.0,187.54101323484142
*Oc1ccc(cc1)OC(=O)c1c(cc(c(c1)OCCCCCCCCOCC1N(CCC1)c1ccc(cc1)[N+](=O)[O-])C(=O)*)OCCCCCCCCOCC1N(CCC1)c1ccc(cc1)[N+](=O)[O-],tg,41.0,49.62576305622595
*CCCOC(=O)Cc1ccc(CC(=O)O*)cc1,egc,5.2766,5.225498933633594
*Oc1cc(ccc1)Oc1ccc(cc1)NC(=O)c1cc(cc(c1)NC(=O)c1ccc(cc1)OC(=O)C)C(=O)Nc1ccc(cc1)*,tg,230.0,238.87366468130122
*N1C(=O)c2c(C1=O)cc(cc2)c1cc2c(C(=O)N(C2=O)c2cc(ccc2)*)cc1,tg,327.88,347.2605962429438
*OC(=O)c1ccc(CCCCCc2ccc(C(*)=O)cc2)cc1,egc,4.7446,4.642332924633614
*Oc1ccc(-c2ccc(C(*)=O)cc2)s1,eps,4.73,4.831819000042427
*c1cccc(-c2nc3cc4nc(*)[nH]c4cc3[nH]2)c1,egc,3.5319,3.52317898908417
*c1cc2c(C(=O)N(C2=O)c2ccc(cc2)Oc2ccc(cc2)Oc2ccc(cc2)N2C(=O)c3c(C2=O)cc(cc3)C(=O)Nc2ccc(cc2)Oc2c(cccc2)c2c(cccc2)Oc2ccc(cc2)NC(=O)*)cc1,tg,238.0,223.71248769755084
*C(C*)(C(=O)OCCCCOc1ccc(cc1)OC(=O)c1ccc(cc1)OCCCC)C,tg,51.0,41.26095372983359
*c1cc2c(C(=O)N(C2=O)c2cc(cc(c2)C(F)(F)F)N2C(=O)c3c(C2=O)cc(c(c3)Cl)C(=O)*)cc1Cl,tg,305.0,297.3176563667436
*CCOC(=O)COCC(=O)O*,egc,6.1826,6.303746988269181
*C1C2C(C(=O)N(C2=O)c2ccc(cc2)Br)C(C1)C=C*,tg,227.8,236.85047584681485
*c1sc(cc1)c1sc(cc1)[Si](*)(CCCC)CCCC,tg,-10.0,9.268449589464865
*C1OC(OC1COC(=O)OC*)(C)C,tg,51.38,59.84467998175056
*OC(C*)CSCCCCC,tg,-68.0,-57.15050923139913
*C(C*)(C(=O)OCCN(c1ccc(cc1)N=Nc1c2c(c(cc1)[N+](=O)[O-])cccc2)CC)C,tg,116.0,80.7165396514618
*c1ccc(Oc2ccc(Oc3ccc(N4C(=O)CC(=O)N(*)C4=S)cc3)cc2)cc1,egc,3.1515,3.060386566774981
*C(C*)c1ccc(cc1)Oc1ccccc1,tg,85.0,89.59084278099422
*C1C(=O)N(C(=O)C1*)c1cc(c(c(c1)Br)O[Si](c1ccccc1)(c1ccccc1)c1ccccc1)Br,tg,179.0,168.13819391922556
*C(C*)(C(=O)NC(=O)OCCOc1ccc(cc1)S(=O)(=O)c1ccc(cc1)OCCO)C,tg,131.0,114.45218478298244
*CCCOC(=O)C1CCC(C(=O)O*)CC1,egc,6.703,6.632641406553549
*Nc1c(c(c(c(c1C)C)C(=O)c1ccc(cc1)NC(=O)c1ccc(cc1)C(=O)*)C)C,tg,366.0,325.0035561254838
*CNc1ccc(O*)s1,eps,4.2,3.9369143645934948
*N1C(=O)C2OC3C(C2C1=O)C(=O)N(C3=O)c1ccc(cc1)c1c(nc2c(n1)cc(cc2)C(=O)c1cc2c(nc(c(n2)c2ccc(cc2)*)c2ccccc2)cc1)c1ccccc1,tg,255.0,232.21916754538128
*N1C(=O)c2c(C1=O)cc(cc2)Oc1cc2c(C(=O)N(C2=O)c2ccc(cc2)Oc2ccc(cc2)C(c2ccc(cc2)Oc2ccc(cc2)*)(C)C)cc1,tg,227.5,222.8356191395886
*c1cc2c(oc(n2)c2cc(ccc2)c2oc3c(n2)cc(cc3)C(*)(c2ccccc2)C(F)(F)F)cc1,tg,301.0,326.64192557382347
*CC(O)C(O)COC(=O)O*,egc,6.9702,6.8829795314367175
*c1ccc(NC(F)(F)C(*)(F)F)s1,egb,3.3898,3.5161579134867815
*Cc1ccc(CO*)s1,eea,1.4146,1.380752850916057
*N1C(=O)c2c(C1=O)cc(cc2)Oc1ccc(cc1)C1(c2ccccc2c2ccccc12)c1ccc(cc1)Oc1cc2c(C(=O)N(C2=O)c2ccc(cc2)N(c2ccc(cc2)*)c2ccc(cc2)C#N)cc1,tg,279.0,276.587556792984
*C(C*)(C(=O)Oc1ccc(cc1)C(=O)Oc1ccc(cc1)c1ccccc1)C,tg,100.0,91.47957137258634
*CCCCCCCCOC(=O)O*,egc,7.3252,7.363568268445217
*OC(=O)Nc1ccc(cc1)Cc1ccc(cc1)NC(=O)OCCCCCCCC*,tg,79.0,78.93912233812658
*O[Si](c1ccc(cc1)[Si](O[SiH](*)CCC(F)(F)F)(C)C)(C)C,tg,-37.0,-63.43561408223593
*CCCCCCCCCNC(=O)CCC=CCCC(=O)N*,egc,5.6551,5.520606325790832
*Nc1ccc(C#Cc2ccc(C(*)=O)cc2)cc1,egc,2.946,3.1637615354530113
*Oc1ccc(cc1)C(=O)Nc1cc(cc(c1)c1nc2c([nH]1)cccc2)NC(=O)c1ccc(cc1)OCCOCCOCCOCCOCCOCC*,tg,125.0,127.3539917416316
*Oc1ccc(cc1)Oc1ccc(cc1)C=Nc1ccc(cc1)Oc1ccc(cc1)N=Cc1ccc(cc1)*,tg,120.0,111.96284714028552
*C(C*)C(=O)Oc1cc(ccc1)C,tg,24.5,30.627252341949593
*N1C(=O)C2C3C4C(C(C2C1=O)C=C3)C(=O)N(C4=O)c1ccc(cc1)Sc1cc2c(C(=O)N(C2=O)CCN(C)C)cc1Sc1ccc(cc1)*,tg,310.0,268.2530238807208
*Oc1c(cc(cc1)OC(=O)c1ccc(cc1)Sc1cc(ccc1)OC(=O)c1ccc(cc1)C(=O)Oc1cc(ccc1)Sc1ccc(cc1)C(=O)*)C,tg,135.0,127.76898424097891
*C1=CC(=C(C#N)C#N)C=C(O1)C=Cc1sc(cc1)N(CCOC(=O)Nc1c(ccc(c1)NC(=O)OCCN(c1sc(cc1)C=C*)C)C)C,tg,183.0,144.83078262107028
*N1C(=O)c2c(C1=O)cc(cc2)C(=O)c1cc2c(C(=O)N(C2=O)CCCC(=O)Nc2ccc(cc2)Oc2ccc(cc2)Oc2ccc(cc2)NC(=O)CCC*)cc1,tg,178.0,184.27308431093255
*N1C(=O)c2c(C1=O)cc(cc2)Oc1cc2c(C(=O)N(C2=O)c2c(cccc2)Oc2ccc(cc2)*)cc1,tg,264.0,273.0316416671478
*CC(*)(C)C(=O)OCC(F)(F)F,egc,6.5436,6.487493238524319
*c1cc2c(C(=O)N(C2=O)c2ccc(cc2)Oc2ccc(cc2)C2(c3c(C(=O)N2)cccc3)c2ccc(cc2)Oc2ccc(cc2)N2C(=O)c3c(C2=O)cc(cc3)C(=O)Nc2ccc(cc2)Oc2ccc(cc2)NC(=O)*)cc1,tg,325.0,311.1800624684594
*C(C*)c1ccc(cc1)OP1(=NP(=NP(=N1)(OCCOCCOCCOC)OCCOCCOCCOC)(OCCOCCOCCOC)OCCOCCOCCOC)OCCOCCOCCOC,tg,-66.5,-19.40183283627723
*c1ccc(-c2ccc(-c3ccc(*)s3)o2)o1,egc,1.6749,1.622119688898957
*C(C*)c1ccc(cc1)CCC,tg,46.75,58.517276278007344
*CNON*,eps,3.62,3.6869940573783566
*C1C(=O)N(C(=O)C1C(C*)c1ccccc1)CCCCCCCCCCCC,tg,70.0,91.35269873962064
*NC(=O)CC*,tg,127.0,41.88980370880771
*C(C*)c1cc(ccc1)NC(=O)C,tg,163.0,98.96835849518918
*Oc1cc2c(cc1)ccc(c2)Oc1ccc(cc1)C(=O)Nc1cc(ccc1)Oc1ccc(cc1)NC(=O)c1ccc(cc1)*,tg,164.0,188.07639468305635
*[Si](C/C=C\CC*)(c1ccccc1)C,tg,-12.65,-24.855537437989938
*c1cc(-c2ccc(F)cc2)c(*)s1,egc,2.6765,2.7043221380577553
*Nc1ccc(-c2ccc(*)cc2)c(C)c1,egc,3.3791,3.511749189345404
*N(c1ccc(cc1)C(=O)c1ccc(cc1)N(CCCCCC*)C)C,tg,75.5,78.03972258919934
*C(C=C1)=CC=C1C(C=C2)=CC=C2C(=S)O*,egc,3.2538,3.192527822084682
*c1ccc(Oc2ccc(C(=O)c3ccc(Oc4ccc(C(=O)c5ccc(Oc6ccc(-c7nc8ccccc8n7-c7ccc(-n8c(*)nc9ccccc98)cc7)cc6)cc5)cc4)cc3)cc2)cc1,egc,3.2485,3.1721162948908326
*OC(C*)c1occc1,tg,12.5,25.89679447122605
*C*,tg,-63.48,-50.20329131625578
*CNC(=O)CCCC(=O)N*,egc,6.1798,5.901174156085241
*OCOCCCCSSCCCC*,tg,-76.0,-55.643040603752006
*Cc1ccc(-c2ccc(C(*)=S)cc2)cc1,eps,4.45,4.737128546207826
*c1cc2c(C(=O)N(C2=O)c2ccc(cc2)S(=O)(=O)c2ccc(cc2)N2C(=O)c3c(C2=O)cc(cc3)C(=O)Nc2ccc(cc2)c2ccc(cc2)NC(=O)*)cc1,tg,370.0,336.5375421209958
*Oc1ccc(cc1)C(=O)Nc1ccc(cc1)C(c1ccc(cc1)NC(=O)c1ccc(cc1)OC(=O)c1ccc(cc1)C(=O)*)(C(F)(F)F)C(F)(F)F,tg,266.0,264.58763338070224
*C(C*)C(=O)Oc1c(c(c(c(c1Cl)Cl)Cl)Cl)Cl,tg,145.0,105.57361736768962
*c1ccc(OCC2CCC(COc3ccc(-n4c(=O)c5cc6c(=O)n(*)c(=O)c6cc5c4=O)cc3)CC2)cc1,egc,2.2219,2.217264838066082
