smiles,target_type,target,pred
*/C=C\C(C#N)C*,egc,5.3057,5.559252892838527
*=CC2OC(C=*)C3C(=O)N(c1cc(C(F)(F)F)cc(C(F)(F)F)c1)C(=O)C23,egc,5.0857,4.90551236226802
*C#CC#CCCCCCCCC*,egc,5.4216,5.0613868114474485
*C#CC(=C(*)COS(=O)(=O)c1ccc(cc1)C)COS(=O)(=O)c1ccc(cc1)C,tg,-73.0,95.45818844620125
*C#CC(=C(*)c1cnc2ccccc2c1)c1cnc2ccccc2c1,egb,0.5725,2.3759486571086916
*C#CC=C*,egc,1.1342,3.3184414604312735
*C#Cc1c(F)c(F)c(C#Cc2cc(CCCCCC)c(*)s2)c(F)c1F,egc,2.8156,2.307492705863001
*C#Cc1cc(CCCCCC)c(*)s1,egc,1.5751,2.945691787124147
*C#Cc1cc(OCC(CC)CCCC)c(C#Cc2cc(OCCNCCCC)c(*)cc2OCCNCCCC)cc1OCC(CC)CCCC,egc,2.9566,3.6337995040791045
*C#Cc1cc(OCCCCCC)c(C#Cc2ccc3c(-c4c(O)ccc5cc(*)ccc45)c(O)ccc3c2)cc1OCCCCCC,egc,3.0868,3.0005914751559755
*C#Cc1sc(-c2sc(*)c3c2OCCO3)c2c1OCCO2,egc,1.7209,2.5417423287828345
*C(*)(Cl)F,tg,77.0,36.5549707147141
*C(*)(F)Cl,egc,3.6564,6.64010658428105
*C(*)(F)F,egc,7.2027,6.1574320642162395
*C(*)C,egb,7.4047,7.293686252847538
*C(*)C(=O)OC,tg,80.25,85.14080222858993
*C(*)C(=O)OC(C)C,tg,70.0,69.23386999032388
*C(*)C(=O)OC1CCCCC1,tg,140.0,55.67199231639657
*C(*)C(=O)OCC,tg,12.35,38.149596602724564
*C(*)F,egc,6.7608,6.502437441250324
*C(*)O,egc,6.4482,6.33209909342339
*C(=C(*)C)SCCCCCC,tg,110.0,25.80029800289428
*C(=C(*)C)[Ge](C)(C)C,tg,250.0,132.20761557302598
*C(=C(*)C)[Si](C)(C)C,tg,198.3,181.43726123730255
*C(=C(*)C)[Si](CC[Si](C)(C)C)(C)C,tg,200.0,147.83262647589544
*C(=C(*)C)[Si](C[Si](C)(C)C)(C)C,tg,200.0,197.64522544059463
*C(=C(*)C)c1ccccc1,tg,200.0,213.1458405783642
*C(=C(*)Cl)CCCC,tg,190.0,68.05044346049159
*C(=C(*)Cl)CCCCCCCC,tg,90.0,95.46777035549019
*C(=C(*)Cl)c1ccccc1,tg,215.0,155.2723109397955
*C(=C(*)c1ccccc1)CC,tg,200.0,144.7192376972132
*C(=C(*)c1ccccc1)c1cc(ccc1)[Ge](C)(C)C,tg,200.0,182.637045595161
*C(=C(*)c1ccccc1)c1cc(ccc1)[Si](C)(C)C,tg,200.0,192.18092133810788
*C(=C(*)c1ccccc1)c1ccc(cc1)C(C)(C)C,tg,200.0,218.24195747959496
*C(=C(*)c1ccccc1)c1ccc(cc1)CCCC,tg,200.0,118.08108703280237
*C(=C(*)c1ccccc1)c1ccc(cc1)Oc1ccccc1,tg,200.0,166.48198885459246
*C(=C(*)c1ccccc1)c1ccc(cc1)[Si](C(C)C)(C(C)C)C(C)C,tg,250.0,163.3286386155617
*C(=C(*)c1ccccc1)c1ccc(cc1)[Si](C)(C)C,tg,200.0,219.55731881154588
*C(=C(C(C(*)(F)F)(C(F)(F)F)F)F)F,tg,-3.0,43.347396535327746
*C(=C(C(C(*)([2H])[2H])([2H])[2H])[2H])C([2H])([2H])[2H],tg,-58.0,52.88084543769356
*C(=C(C(C*)(F)F)F)Cl,tg,-17.0,43.73940915031581
*C(=C(CC*)c1ccccc1)c1ccccc1,tg,120.5,137.55398888510908
*C(=C*)C(C)(C)C,tg,200.0,36.94770042287671
*C(=C*)C(CCC)[Si](c1ccccc1)(C)C,tg,110.0,117.14219556822333
*C(=C*)C(CCCCCCC)[Si](C)(C)C,tg,150.0,27.547571322055557
*C(=C*)CCCOC(=O)c1c(ccc(c1)c1ccc(cc1)OC)c1ccc(cc1)OC,tg,72.4,115.75344045115385
*C(=C*)CCCOc1ccc(cc1)OC(=O)c1ccc(cc1)OCCCC,tg,36.0,62.25398090415799
*C(=C*)CCCOc1ccc(cc1)OC(=O)c1ccc(cc1)OCCCCCCCC,tg,38.25,29.852945581195236
*C(=C*)c1c(c(c(c(c1F)F)CCCC)F)F,tg,110.0,97.06903148576208
*C(=C*)c1c(cc(cc1C)C(C)(C)C)C,tg,200.0,195.51289849593832
*C(=C*)c1c(cccc1)C(F)(F)F,tg,130.0,152.4372390669509
*C(=C*)c1c(cccc1)C[Si](C)(C)C,tg,170.0,110.60381262133644
*C(=C*)c1c(cccc1)[Ge](C)(C)C,tg,180.0,159.2293125774266
*C(=C*)c1ccc(cc1)n1c(=O)c2cc3c(cc2c1=O)c(=O)n(c3=O)c1ccc(cc1)C#C,tg,420.0,307.77988832265333
*C(=CC(C*)C)C,tg,2.08,-12.433585241476916
*C(=CCC*)C,tg,-60.98,-44.2388239285153
*C(=CCC*)C(C)(C)C,tg,20.0,39.8696677824849
*C(=CCC*)C(C)C,tg,-47.0,2.291877139152648
*C(=CCC*)CCCCCCC,tg,-83.0,-56.43028480245906
*C(=CCCC*)c1ccc(cc1)OC,tg,11.0,75.37205093185626
*C(=NCCCCCC)N(*)CCCCCC,egc,4.3588,4.842012471333705
*C(=O)C(=S)OC(*)=S,egb,1.4146,2.28846520331053
*C(=O)C(=S)OC(*)=S,eps,6.46,6.799228334177536
*C(=O)C(=S)OC(*)=S,nc,2.3004,2.2036482817735488
*C(=O)C(C=C1)=CC=C1C(=S)C(C=C2)=CC=C2*,egc,2.9419,2.7855724766786505
*C(=O)C(C=C1)=CC=C1C(=S)O*,egc,3.2688,3.227686330821216
*C(=O)C(C=C1)=CC=C1C(C=C2)=CC=C2C(S3)=CC=C3*,egc,2.8474,2.851956963182614
*C(=O)C(C=C1)=CC=C1C(S2)=CC=C2C(C=C3)=CC=C3*,egc,2.9694,3.1575913152562527
*C(=O)C(C=C1)=CC=C1OC(S2)=CC=C2*,egc,3.6478,3.3729915480515
*C(=O)C(F)(F)C(=O)C(*)(F)F,egb,3.1408,4.995281112419465
*C(=O)C(F)(F)CC(*)(F)F,eea,3.352,2.4356784175678436
*C(=O)C(F)(F)CC(*)(F)F,egb,4.9978,4.44606129501709
*C(=O)C(F)(F)CC(*)(F)F,ei,8.1829,8.306723640704561
*C(=O)C(F)(F)CC(*)(F)F,nc,1.6107,1.654302843809097
*C(=O)C(F)(F)NC(*)(F)F,egb,5.0875,4.406997618021197
*C(=O)C(F)(F)NC(*)(F)F,ei,8.5584,8.180202534458127
*C(=O)C(O)c1ccc(*)s1,egc,4.0132,3.7287261400356115
*C(=O)C(S1)=CC=C1C(=O)C(=S)*,egc,2.2094,2.2751957114627537
*C(=O)C(S1)=CC=C1C(=S)C(S2)=CC=C2*,egc,2.0759,2.0664470911884876
*C(=O)C(S1)=CC=C1C(C=C2)=CC=C2C(=S)*,egc,2.3241,2.448120719010553
*C(=O)C(S1)=CC=C1C(C=C2)=CC=C2O*,egc,2.8763,3.2046785034546623
*C(=O)C(S1)=CC=C1C(S2)=CC=C2C(=S)*,egc,2.0098,1.8985537205938465
*C(=O)C(S1)=CC=C1C(S2)=CC=C2O*,egc,2.6473,2.8650684209720296
*C(=O)C(S1)=CC=C1OC(=S)*,egc,3.5676,2.618450348329825
*C(=O)C1CC(OC(=O)CCC)CN1*,egc,5.4104,4.795580740474766
*C(=O)C1CC(OC(C)=O)CN1*,egc,4.1614,5.558926289687282
*C(=O)C1CCCN1*,egc,5.5773,5.446514556155259
*C(=O)CC(F)(F)C(*)(F)F,egb,5.0395,5.27173943450961
*C(=O)CC(F)(F)C(*)(F)F,ei,7.9225,8.455637731256727
*C(=O)CC(F)(F)C(*)(F)F,nc,1.6044,1.6435908868786577
*C(=O)CC*,tg,10.0,107.88020911056473
*C(=O)CCCCC(=O)N1CCN(*)CC1,egc,5.6091,5.566810962112337
*C(=O)CCN(C)CCN(C)CCC(=O)N1CCN(*)CC1,egc,4.9845,4.945361833342176
*C(=O)CCN1CCN(CCC(=O)N2CCN(*)C(C)C2)CC1,egc,4.9509,5.197482932727471
*C(=O)CNC(=O)C1CCCN1C(=O)C1CCCN1*,egc,5.248,5.094334626721143
*C(=O)COCC(=O)N1CCN(*)CC1,egc,5.5847,5.3967380087521555
*C(=O)N(*)C(C)C(C)=O,egc,4.4468,5.095858461112084
*C(=O)N1CC(=O)N(C(=O)c2ccc(N3C(=O)c4ccc(*)cc4C3=O)cc2)C1=O,egc,3.533,3.2154469004390576
*C(=O)NC(=O)NC(=O)NC(S1)=CC=C1N*,egc,3.5876,3.42327306530668
*C(=O)NC(=O)c1ccc(*)cc1,eps,4.45,4.267333109089449
*C(=O)NC(=O)c1ccc(*)cc1,nc,1.8899,1.9434231582461998
*C(=O)NC(F)(F)C(*)(F)F,egb,5.4991,5.514501018357489
*C(=O)NC(F)(F)C(*)(F)F,ei,8.3456,8.160291679360443
*C(=O)NC(F)(F)C(*)(F)F,eps,3.53,4.123888455020306
*C(=O)NC1CCCC(*)O1,egc,6.2047,5.960414086112766
*C(=O)NCCCCCCCCCCNC(=O)c1ccc(*)nc1,egc,4.5311,4.6168080994391065
*C(=O)NCCCCCCNC(=O)C1=COC=C(*)O1,egc,4.4645,4.773659894955714
*C(=O)NCCCCCCNC(=O)C1COC(*)CO1,egc,5.8235,5.90600157009473
*C(=O)NCCCCCCNC(=O)N1CCN(*)CC1,egc,5.4634,5.4760402638372705
*C(=O)NCCCCCCNC(=O)c1cc(O)cc(*)n1,egc,4.8984,4.621948409587603
*C(=O)NCCCCCCNC(=O)c1ccc(*)nc1,egc,4.574,4.65668758947149
*C(=O)NCCCCCCNC(=O)c1cccc(*)n1,egc,4.786,4.901710497173259
*C(=O)NCCCCCCNC(=O)c1cncc(*)c1,egc,4.9388,5.0019489493811715
*C(=O)NCCCCCCNC(=O)c1cnn(*)c1,egc,5.1584,4.143166967150564
*C(=O)NNC(=O)C(=O)NNC(=O)c1cncc(*)n1,egc,4.3374,3.8655278421543326
*C(=O)NNC(=O)c1cccc(*)n1,egc,4.6124,4.486656144610571
*C(=O)NNC(=O)c1cccc(C(=O)NNC(=O)c2ccc(*)nc2)n1,egc,3.6092,4.06892302934294
*C(=O)NNC(=O)c1cccc(C(=O)NNC(=O)c2cccc(*)n2)c1,egc,4.479,3.915932819359006
*C(=O)NNC(=O)c1cccc(C(=O)NNC(=O)c2cnc(*)cn2)c1,egc,3.3027,4.27836667861627
*C(=O)NNC(=O)c1cncc(C(=O)NNC(=O)c2ccc(*)nc2)c1,egc,3.9225,3.719151535766323
*C(=O)Nc1cc(NC(=O)c2ccc(*)o2)c(N)cc1N,egc,2.8199,3.536942586894753
*C(=O)Nc1cc(NC(=O)c2ccc3[nH]c(-c4cccc(-c5nc6cc(*)ccc6[nH]5)c4)nc3c2)cc(-c2nc3ccccc3[nH]2)c1,egc,3.2918,3.286765001964401
*C(=O)Nc1ccc(-c2ccc(NC(=O)c3ccc4c(c3)C(=O)N(c3ccc(S(=O)(=O)c5ccc(N6C(=O)c7ccc(*)cc7C6=O)cc5)cc3)C4=O)cc2)cc1,egc,2.4779,3.0432111395145522
*C(=O)Nc1ccc(C(=O)Nc2ccc(NC(=O)c3ccc4[nH]c(-c5ccc(-c6nc7cc(*)ccc7[nH]6)cc5)nc4c3)cc2)cc1,egc,2.6204,2.7723400706080925
*C(=O)Nc1ccc(C(=O)Nc2ccc(NC(=O)c3ccc4[nH]c(-c5cccc(-c6nc7cc(*)ccc7[nH]6)c5)nc4c3)cc2)cc1,egc,2.9934,2.8937003157212167
*C(=O)Nc1ccc(C2(c3ccc(N4C(=O)c5ccc(*)cc5C4=O)cc3)CC(C)CC(C)(C)C2)cc1,egc,2.7929,3.1839926949637
*C(=O)Nc1ccc(C2(c3ccc(N4C(=O)c5ccc(*)cc5C4=O)cc3)CCC(C(C)(C)C)CC2)cc1,egc,2.7711,2.856608222122968
*C(=O)Nc1ccc(C2(c3ccc(N4C(=O)c5ccc(*)cc5C4=O)cc3)CCC(C(C)(C)CC)CC2)cc1,egc,2.8521,2.8615145756537435
*C(=O)Nc1ccc(C2(c3ccc(N4C(=O)c5ccc(*)cc5C4=O)cc3)CCC(CC)CC2)cc1,egc,2.9185,2.7883653532599295
*C(=O)Nc1ccc(C2(c3ccc(N4C(=O)c5ccc(*)cc5C4=O)cc3)CCCCC2)cc1,egc,2.8477,2.8521059671665605
*C(=O)Nc1ccc(Cc2ccc(N3C(=O)c4ccc(*)cc4C3=O)cc2)cc1,egc,3.1109,2.8435746411865246
*C(=O)Nc1ccc(N2C(=O)c3ccc(*)cc3C2=O)cc1,egc,3.1573,2.8486233745948124
*C(=O)Nc1ccc(NC(=O)c2ccc(NC(=O)c3ccc(-c4nc5cc(*)ccc5[nH]4)cc3)cc2)cc1,egc,2.7114,2.915919483899208
*C(=O)Nc1ccc(NC(=O)c2ccc3[nH]c(-c4cc(-c5nc6cc(*)ccc6[nH]5)cc(N5C(=O)c6ccccc6C5=O)c4)nc3c2)cc1,egc,2.3407,2.5133964598750156
*C(=O)Nc1ccc(NC(=O)c2ccc3c(c2)C(=O)N(c2c(C)cc(C)c(N4C(=O)c5ccc(*)cc5C4=O)c2C)C3=O)cc1,egc,3.3589,2.9118883631356276
*C(=O)Nc1ccc(NC(=O)c2ccc3c(c2)C(=O)N(c2cc(-c4nc5ccccc5s4)cc(N4C(=O)c5ccc(*)cc5C4=O)c2)C3=O)cc1,egc,2.886,2.4698135516401374
*C(=O)Nc1ccc(NC(=O)c2ccc3c(c2)C(=O)N(c2ccc(Oc4ccc(N5C(=O)c6ccc(*)cc6C5=O)cc4)cc2)C3=O)cc1,egc,2.6514,2.5867725984880305
*C(=O)Nc1ccc(NC(=O)c2ccc3c(c2)C(=O)N(c2ccc(Oc4cccc5c(N6C(=O)c7ccc(*)cc7C6=O)cccc45)cc2)C3=O)cc1,egc,2.8645,2.439967106784635
*C(=O)Nc1ccc(NC(=O)c2ccc3c(c2)C(=O)N(c2ccc(S(=O)(=O)c4ccc(N5C(=O)c6ccc(*)cc6C5=O)cc4)cc2)C3=O)cc1,egc,2.7403,3.139764913237032
*C(=O)Nc1ccc(NC(=O)c2cccc(C(=O)Nc3ccc(N4C(=O)c5ccc(*)cc5C4=O)cc3)c2)cc1,egc,2.92,2.5162630830957893
*C(=O)Nc1ccc(Oc2ccc(N3C(=O)c4ccc(*)cc4C3=O)cc2)cc1,egc,2.7025,2.836349594009641
*C(=O)Nc1ccc(Oc2ccc(NC(=O)c3ccc4c(c3)C(=O)N(c3ccc(Oc5ccc(N6C(=O)c7ccc(*)cc7C6=O)cc5)cc3)C4=O)cc2)cc1,egc,2.699,2.416505781976437
*C(=O)Nc1ccc(Oc2ccc(NC(=O)c3cccc(*)n3)cc2)cc1,egc,3.4406,3.7510016449943526
*C(=O)Nc1ccc(S(=O)(=O)c2ccc(NC(=O)c3ccc4[nH]c(-c5cccc(-c6nc7cc(*)ccc7[nH]6)c5)nc4c3)cc2)cc1,egc,3.6016,3.0381144437724026
*C(=O)Nc1ccc(S(=O)(=O)c2ccc(NC(=O)c3ccc4c(c3)C(=O)N(c3ccc(Oc5ccc(N6C(=O)c7ccc(*)cc7C6=O)cc5)cc3)C4=O)cc2)cc1,egc,2.6835,2.856193285157386
*C(=O)Nc1ccc(S(=O)(=O)c2ccc(NC(=O)c3ccc4c(c3)C(=O)N(c3ccc(S(=O)(=O)c5ccc(N6C(=O)c7ccc(*)cc7C6=O)cc5)cc3)C4=O)cc2)cc1,egc,3.3421,2.591175564624959
*C(=O)Nc1cccc(C(=O)Nc2cccc(NC(=O)c3ccc4[nH]c(-c5cccc(-c6nc7cc(*)ccc7[nH]6)c5)nc4c3)c2)c1,egc,3.186,3.222692593061727
*C(=O)Nc1cccc(C=CC(=O)C=Cc2cccc(NC(=O)c3ccc(N4C(=O)c5ccc(*)cc5C4=O)cc3)c2)c1,egc,3.0227,2.1922734493577885
*C(=O)Nc1cccc(NC(=O)c2ccc(-c3nc4cc(*)ccc4[nH]3)cc2)c1,egc,3.2886,3.351357379920444
*C(=O)Nc1cccc(NC(=O)c2ccc3[nH]c(-c4cccc(-c5nc6cc(*)ccc6[nH]5)c4)nc3c2)c1,egc,3.3364,3.3449853776224048
*C(=O)Nc1cccc(NC(=O)c2ccc3[nH]c(-c4cccc(-c5nc6cc(*)ccc6[nH]5)c4)nc3c2)n1,egc,3.4965,3.3590025486885025
*C(=O)Nc1cccc(NC(=O)c2ccc3c(c2)C(=O)N(c2ccc(S(=O)(=O)c4ccc(N5C(=O)c6ccc(*)cc6C5=O)cc4)cc2)C3=O)c1,egc,3.0501,3.0877489560325446
*C(=O)Nc1cccc(NC(=O)c2cccc(NC(=O)c3ccc(-c4nc5cc(*)ccc5[nH]4)cc3)c2)c1,egc,3.3084,3.130154439994162
*C(=O)Nc1nc(*)c(C#N)n1C,egc,4.3854,4.198735862191565
*C(=O)Nc1nc(C#N)c(*)n1C,egc,4.1864,4.404159186975742
*C(=O)OC(=O)O*,egc,5.0987,5.887772075883673
*C(=O)OC(C=C1)=CC=C1C(=S)*,egc,2.9816,3.0377342450252303
*C(=O)OC1=NCCN1*,egc,5.1364,5.216583510482888
*C(=O)OC1CC(*)N(C(=O)OCc2ccccc2)C1,egc,5.588,4.680375034457629
*C(=O)OC1CC2CC(OC(=O)N3CCN(*)CC3)CC(C1)O2,egc,5.7033,5.8932951600704016
*C(=O)OC1CCC(OC(=O)N2CCN(*)CC2)CC1,egc,5.8355,6.1490250558314825
*C(=O)OCC(C)(C)COC(=O)N1CC(C)N(*)CC1C,egc,5.8365,5.972912721972065
*C(=O)OCC(C)(C)COC(=O)N1CCN(*)C(C)C1,egc,5.8979,5.545262020791249
*C(=O)OCC1CC1COC(=O)N1CCN(*)CC1,egc,5.9115,5.748998689531688
*C(=O)OCCCCCCCCCCCCOC(=O)c1ccc(N2C(=O)c3ccc(*)cc3C2=O)cc1,egc,3.2472,3.242082743683544
*C(=O)OCCCCCCOC(=O)N1CCN(*)CC1,egc,5.9678,5.912979905944084
*C(=O)OCCCCOC(=O)N1CCN(*)CC1,egb,6.4265,5.978978177952025
*C(=O)OCCCCOC(=O)N1CCN(*)CC1,egc,5.8653,6.152755832622288
*C(=O)OCCOC(=O)N1CC(C)N(*)CC1C,egc,5.9632,5.89429205800524
*C(=O)OCCOC(=O)N1CCN(*)CC1,egc,5.8752,5.904976054877521
*C(=O)Oc1ccc(-c2ccc(OC(=O)c3ccc4c(c3)C(=O)N(c3ccc(Oc5ccc(N6C(=O)c7ccc(*)cc7C6=O)cc5)cc3)C4=O)cc2)cc1,egc,2.6231,2.4688419689143566
*C(=O)Oc1ccc(C(*)=S)cc1,eea,3.6938,3.801459960668376
*C(=O)Oc1ccc(C(*)=S)cc1,egb,2.3448,1.9692906609412457
*C(=O)Oc1ccc(C(*)=S)cc1,ei,6.6755,6.684467221369293
*C(=O)Oc1ccc(C(*)=S)cc1,eps,4.83,4.890885327959376
*C(=O)Oc1ccc(C(*)=S)cc1,nc,2.0099,1.9775022672926035
*C(=O)Oc1ccc(C(*)=S)s1,eea,3.8482,3.947407554799041
*C(=O)Oc1ccc(C(*)=S)s1,egb,1.9856,2.2204254264460075
*C(=O)Oc1ccc(C(*)=S)s1,ei,6.6347,6.666444279738496
*C(=O)Oc1ccc(C(*)=S)s1,eps,5.33,5.8491213611576
*C(=O)Oc1ccc(OC(=O)N2CCN(*)CC2)cc1,egc,5.2692,4.719576155103539
*C(=O)Oc1ccc(OC(=O)c2ccc3c(c2)C(=O)N(c2ccc(Oc4ccc(N5C(=O)c6ccc(*)cc6C5=O)cc4)cc2)C3=O)c(-c2ccccc2)c1,egc,2.5898,2.707804579663968
*C(=O)Oc1ccc(OC(=O)c2ccc3c(c2)C(=O)N(c2ccc(Oc4ccc(N5C(=O)c6ccc(*)cc6C5=O)cc4)cc2)C3=O)cc1,egc,2.5383,2.59272173662445
*C(=O)Oc1ccc(OC(=O)c2ccc3c(c2)C(=O)N(c2ccc(Sc4ccc(N5C(=O)c6ccc(*)cc6C5=O)cc4)cc2)C3=O)cc1,egc,2.9567,2.636830743899704
*C(=O)Oc1ccc2ccc(OC(=O)c3ccc4c(c3)C(=O)N(c3ccc(Oc5ccc(N6C(=O)c7ccc(*)cc7C6=O)cc5)cc3)C4=O)cc2c1,egc,2.5688,2.5457459347826346
*C(=O)SSCCCCCCSSC(=O)N1CCN(*)CC1,egc,4.64,4.2522470127601
*C(=O)SSCCCCSSC(=O)N1CCN(*)CC1,egc,4.2166,4.588112556727771
*C(=O)c1ccc(-c2ccc(-c3ccc(*)cc3)cc2)cc1,egb,2.5479,2.90690983313181
*C(=O)c1ccc(-c2ccc(-c3ccc(*)cc3)cc2)cc1,ei,5.9803,5.965177549238323
*C(=O)c1ccc(-c2ccc(-c3ccc(*)cc3)cc2)cc1,eps,4.43,4.757658231641363
*C(=O)c1ccc(-c2ccc(-c3ccc(*)cc3)s2)cc1,ei,5.8483,5.6979038573800675
*C(=O)c1ccc(-c2ccc(-c3ccc(*)cc3)s2)cc1,nc,2.2925,2.1806460823591447
*C(=O)c1ccc(-c2ccc(-c3ccc(*)s3)cc2)cc1,eea,3.0595,2.909048332263535
*C(=O)c1ccc(-c2ccc(-c3ccc(*)s3)cc2)cc1,ei,5.9085,5.814917190409782
*C(=O)c1ccc(-c2ccc(-c3ccc(*)s3)cc2)cc1,eps,6.15,5.837402092756353
*C(=O)c1ccc(-c2ccc(-c3ccc(*)s3)cc2)s1,nc,2.5812,2.329626061293877
*C(=O)c1ccc(-c2ccc(-c3ccc(*)s3)s2)cc1,eea,2.775,2.7072282768012723
*C(=O)c1ccc(-c2ccc(-c3ccc(*)s3)s2)cc1,ei,5.5122,5.672633255692124
*C(=O)c1ccc(-c2ccc(-c3ccc(*)s3)s2)cc1,nc,2.1519,2.3663297692377805
*C(=O)c1ccc(-c2ccc(-c3ccc(*)s3)s2)s1,ei,5.3929,5.166780942474073
*C(=O)c1ccc(-c2ccc(-c3ccc(*)s3)s2)s1,eps,8.28,7.971252727736907
*C(=O)c1ccc(-c2ccc(-c3ccc(*)s3)s2)s1,nc,2.705,2.586087726551642
*C(=O)c1ccc(-c2ccc(C(*)=S)cc2)cc1,ei,6.1599,6.31817171055876
*C(=O)c1ccc(-c2ccc(C(*)=S)cc2)cc1,eps,5.49,5.662030539247418
*C(=O)c1ccc(-c2ccc(C(*)=S)cc2)cc1,nc,2.2139,2.2121646906187564
*C(=O)c1ccc(-c2ccc(C(*)=S)cc2)s1,egb,1.9265,1.4980138143448736
*C(=O)c1ccc(-c2ccc(C(*)=S)cc2)s1,eps,5.9,6.360109284277156
*C(=O)c1ccc(-c2ccc(C(*)=S)s2)cc1,ei,6.162,6.3207259196746515
*C(=O)c1ccc(-c2ccc(C(*)=S)s2)cc1,eps,5.75,5.725425954974553
*C(=O)c1ccc(-c2ccc(C(*)=S)s2)cc1,nc,2.244,2.262557355962876
*C(=O)c1ccc(-c2ccc(C(*)=S)s2)s1,eea,4.1032,4.119687429533553
*C(=O)c1ccc(-c2ccc(C(*)=S)s2)s1,egb,1.6466,1.2313459038411554
*C(=O)c1ccc(-c2ccc(C(*)=S)s2)s1,ei,6.113,6.191911370480854
*C(=O)c1ccc(-c2ccc(C(*)=S)s2)s1,eps,6.5,6.696855574091333
*C(=O)c1ccc(C(=O)C(*)=S)cc1,eea,3.783,4.113825375056541
*C(=O)c1ccc(C(=O)C(*)=S)cc1,egb,1.6753,1.6604506288913976
*C(=O)c1ccc(C(=O)C(*)=S)cc1,ei,6.7765,6.593486470084779
*C(=O)c1ccc(C(=O)C(*)=S)cc1,nc,2.0994,2.1082880770967254
*C(=O)c1ccc(C(=O)C(*)=S)s1,eea,4.6396,4.480904325510258
*C(=O)c1ccc(C(=O)C(*)=S)s1,ei,6.8471,6.58667061749553
*C(=O)c1ccc(C(=O)N(C)N(*)C)cc1,egc,4.0457,3.778139441690138
*C(=O)c1ccc(C(=O)N(C)c2ccc(Cl)c(N(*)C)c2)cc1,egc,3.3332,3.6559479318287273
*C(=O)c1ccc(C(=O)N2CCN(*)CC2)cc1,egb,4.7036,3.782685802449848
*C(=O)c1ccc(C(=O)N2CCN(*)CC2)cc1,egc,4.6128,4.969298213877622
*C(=O)c1ccc(C(=O)c2ccc(*)cc2)cc1,eea,2.1866,2.6134539459676764
*C(=O)c1ccc(C(=O)c2ccc(*)cc2)cc1,egb,2.9556,2.94151651144932
*C(=O)c1ccc(C(=O)c2ccc(*)cc2)cc1,ei,6.4709,6.395290109060056
*C(=O)c1ccc(C(=O)c2ccc(*)cc2)cc1,eps,4.54,4.484233649008507
*C(=O)c1ccc(C(=O)c2ccc(*)cc2)cc1,nc,1.9846,1.940810277813896
*C(=O)c1ccc(C(=O)c2ccc(*)s2)cc1,ei,7.268,6.084233789548506
*C(=O)c1ccc(C(=O)c2ccc(*)s2)s1,egb,1.863,2.3614329943033003
*C(=O)c1ccc(C(=O)c2ccc(*)s2)s1,nc,2.0879,2.3012229812837997
*C(=O)c1ccc(C(=S)c2ccc(*)cc2)cc1,eea,2.9183,3.3160555475515636
*C(=O)c1ccc(C(=S)c2ccc(*)cc2)cc1,ei,5.8604,6.254134293833505
*C(=O)c1ccc(C(=S)c2ccc(*)s2)cc1,eea,3.9759,3.791244066786648
*C(=O)c1ccc(C(=S)c2ccc(*)s2)cc1,eps,5.13,6.3444538718873345
*C(=O)c1ccc(C(=S)c2ccc(*)s2)s1,eea,4.1286,4.117689236601134
*C(=O)c1ccc(C(=S)c2ccc(*)s2)s1,ei,6.205,6.31015081301614
*C(=O)c1ccc(C(=S)c2ccc(*)s2)s1,eps,6.22,6.4057531293436085
*C(=O)c1ccc(C(=S)c2ccc(*)s2)s1,nc,2.2975,2.2699716663514873
*C(=O)c1ccc(N(*)CCCCCCCC)cc1,egc,3.611,2.8751920551798404
*C(=O)c1ccc(N=Nc2ccc(C(=O)N3C(=O)N(*)C(CC)(CC)C3=O)cc2)cc1,egc,3.6611,3.579191151571793
*C(=O)c1ccc(NC(=S)Oc2ccc(Nc3ccc(*)s3)s2)s1,eea,2.7059,3.065759012486517
*C(=O)c1ccc(NC(=S)Oc2ccc(Nc3ccc(*)s3)s2)s1,egb,2.3992,2.118922827213156
*C(=O)c1ccc(NC(=S)Oc2ccc(Nc3ccc(*)s3)s2)s1,nc,2.0222,2.248528834777612
*C(=O)c1ccc(OC(*)=S)cc1,eea,3.2631,3.5943105029591003
*C(=O)c1ccc(OC(*)=S)cc1,ei,6.7719,6.607319447106054
*C(=O)c1ccc(OC(*)=S)cc1,eps,5.05,5.278770276456946
*C(=O)c1ccc(OC(*)=S)cc1,nc,2.0762,2.0473053413873874
*C(=O)c1ccc(OC(*)=S)s1,nc,2.3124,2.173806224885532
*C(=O)c1ccc(Oc2ccc(*)s2)cc1,ei,6.1761,6.1650126327697725
*C(=O)c1ccc(Oc2ccc(*)s2)cc1,nc,2.0027,1.9973945529305788
*C(=O)c1ccc(Oc2ccc(*)s2)s1,eea,2.882,2.852428585820685
*C(=O)c1ccc(Oc2ccc(*)s2)s1,egb,2.4838,2.4556045356061373
*C(=O)c1ccc2c(c1)C(=Nc1ccc(Oc3cccc(N=C4OC(=O)c5ccc(*)cc54)c3)cc1)OC2=O,egc,2.5722,3.0247211436090344
*C(=O)c1ccc2c(c1)C(=O)N(c1cc(-c3nc4ccccc4s3)cc(N3C(=O)c4ccc(*)cc4C3=O)c1)C2=O,egc,2.5125,2.495628269712847
*C(=O)c1ccc2c(c1)C(=O)N(c1ccc(-c3ccc(-c4ccc(N5C(=O)c6ccc(*)cc6C5=O)cc4)cc3)cc1)C2=O,egc,2.3242,2.780044150453444
*C(=O)c1ccc2c(c1)C(=O)N(c1ccc(-c3ccc(N4C(=O)c5ccc(*)cc5C4=O)cc3C)c(C)c1)C2=O,egc,2.8033,2.885483542116056
*C(=O)c1ccc2c(c1)C(=O)N(c1ccc(-c3nc(-c4ccccc4)nc(-c4ccc(N5C(=O)c6ccc(*)cc6C5=O)cc4)n3)cc1)C2=O,egc,2.8991,2.5746021542670006
*C(=O)c1ccc2c(c1)C(=O)N(c1ccc(C(=O)N(C)c3ccc(N4C(=O)c5ccc(*)cc5C4=O)cc3)cc1)C2=O,egc,2.3425,2.4434120729206046
*C(=O)c1ccc2c(c1)C(=O)N(c1ccc(C(C)(C)c3ccc(C(C)(C)c4ccc(N5C(=O)c6ccc(*)cc6C5=O)cc4)cc3)cc1)C2=O,egc,2.4861,2.6845381137404694
*C(=O)c1ccc2c(c1)C(=O)N(c1ccc(C(c3ccc(N4C(=O)c5ccc(*)cc5C4=O)cc3)(C(F)(F)F)C(F)(F)F)cc1)C2=O,egc,3.0171,2.8343091176103576
*C(=O)c1ccc2c(c1)C(=O)N(c1ccc(C(c3ccccc3)(c3ccc(N4C(=O)c5ccc(*)cc5C4=O)cc3)C(F)(F)F)cc1)C2=O,egc,2.9448,3.0953248085966596
*C(=O)c1ccc2c(c1)C(=O)N(c1ccc(C(c3ccccc3)c3ccc(N4C(=O)c5ccc(*)cc5C4=O)cc3)cc1)C2=O,egc,2.6954,2.659828521955565
*C(=O)c1ccc2c(c1)C(=O)N(c1ccc(Cc3ccc(N4C(=O)c5ccc(*)cc5C4=O)cc3)cc1)C2=O,egc,2.7406,2.662771390065733
*C(=O)c1ccc2c(c1)C(=O)N(c1ccc(N(c3ccc(C#N)cc3)c3ccc(N4C(=O)c5ccc(*)cc5C4=O)cc3)cc1)C2=O,egc,1.8778,1.900825218915578
*C(=O)c1ccc2c(c1)C(=O)N(c1ccc(N3C(=O)c4ccc(*)cc4C3=O)cc1)C2=O,egc,2.8765,2.69088702360837
*C(=O)c1ccc2c(c1)C(=O)N(c1ccc(N3C(=O)c4ccc(*)cc4C3=O)nc1)C2=O,egc,3.0206,3.021893582320372
*C(=O)c1ccc2c(c1)C(=O)N(c1ccc(OCC(C)(C)COc3ccc(N4C(=O)c5ccc(*)cc5C4=O)cc3)cc1)C2=O,egc,2.7216,2.4904267693403916
*C(=O)c1ccc2c(c1)C(=O)N(c1ccc(OCCOCCOCCOc3ccc(N4C(=O)c5ccc(*)cc5C4=O)cc3)cc1)C2=O,egc,2.5902,2.4458456309188614
*C(=O)c1ccc2c(c1)C(=O)N(c1ccc(OCCOc3ccc(N4C(=O)c5ccc(*)cc5C4=O)cc3)cc1)C2=O,egc,2.4523,2.5452197970986408
*C(=O)c1ccc2c(c1)C(=O)N(c1ccc(Oc3cc4ccccc4cc3Oc3ccc(N4C(=O)c5ccc(*)cc5C4=O)cc3)cc1)C2=O,egc,2.3398,2.4725178147103297
*C(=O)c1ccc2c(c1)C(=O)N(c1ccc(Oc3ccc(N4C(=O)c5ccc(*)cc5C4=O)cc3Br)c(Br)c1)C2=O,egc,2.6114,2.580437815982453
*C(=O)c1ccc2c(c1)C(=O)N(c1ccc(Oc3ccc(S(=O)(=O)c4ccc(Oc5ccc(N6C(=O)c7ccc(*)cc7C6=O)cc5)cc4)cc3)cc1)C2=O,egc,2.6168,2.561046149816872
*C(=O)c1ccc2c(c1)C(=O)N(c1ccc(Oc3cccc(N4C(=O)c5ccc(*)cc5C4=O)c3)cc1)C2=O,egc,2.4357,2.5072478670104945
*C(=O)c1ccc2c(c1)C(=O)N(c1ccc(Oc3cccc(Oc4ccc(N5C(=O)c6ccc(*)cc6C5=O)cc4)c3)cc1)C2=O,egc,2.514,2.4387117614912857
*C(=O)c1ccc2c(c1)C(=O)N(c1ccc(Oc3ccccc3Oc3ccc(N4C(=O)c5ccc(*)cc5C4=O)cc3)cc1)C2=O,egc,2.3823,2.3573224996873896
*C(=O)c1ccc2c(c1)C(=O)N(c1ccc(Sc3ccc(N4C(=O)c5ccc(*)cc5C4=O)cc3)cc1)C2=O,egc,2.66,2.661162666567134
*C(=O)c1ccc2c(c1)C(=O)N(c1ccc3c(c1)C(=O)c1cc(N4C(=O)c5ccc(*)cc5C4=O)ccc1-3)C2=O,egc,2.5033,2.747375471076306
*C(=O)c1ccc2c(c1)C(=O)N(c1cccc(C(=O)N(C)c3ccc(N4C(=O)c5ccc(*)cc5C4=O)cc3)c1)C2=O,egc,2.3447,2.354574064434648
*C(=O)c1ccc2c(c1)C(=O)N(c1cccc(C(=O)Nc3ccc(N4C(=O)c5ccc(*)cc5C4=O)cc3)c1)C2=O,egc,2.497,2.4312887820809714
*C(=O)c1ccc2c(c1)C(=O)N(c1cccc(Cc3ccc(C(=O)c4ccc(N5C(=O)c6ccc(*)cc6C5=O)cc4)cc3)c1)C2=O,egc,2.9158,2.6019327153919254
*C(=O)c1ccc2c(c1)C(=O)N(c1cccc(N3C(=O)c4ccc(*)cc4C3=O)c1C)C2=O,egc,3.3303,2.861914121842928
*C(=O)c1ccc2c(c1)C(=O)N(c1cccc(Nc3ncnc(Nc4cccc(N5C(=O)c6ccc(*)cc6C5=O)c4)n3)c1)C2=O,egc,2.4957,2.8405736630295806
*C(=O)c1ccc2nc(-c3ccc(-c4cnc5cc(*)ccc5n4)cc3)cnc2c1,egc,3.0578,3.102934119276447
*C(=O)c1ccc2nc(-c3ccc(-c4nc5ccc(*)cc5nc4-c4ccccc4)cc3)c(-c3ccccc3)nc2c1,egc,3.0508,3.158917711914519
*C(=O)c1ccc2nc(-c3ccccc3)c(-c3ccc(-c4nc5cc(*)ccc5nc4-c4ccccc4)cc3)nc2c1,egc,3.2924,3.3770542156548338
*C(=O)c1ccc2nc(-c3ccccc3)c(-c3ccc(-c4nc5ccc(*)cc5nc4-c4ccccc4)cc3)nc2c1,egc,3.1886,3.06564515880212
*C(=O)c1cccc(C(=O)N(C)c2cccc(N(*)C)c2)c1,egc,4.4341,3.8819721347934606
*C(=O)c1cccc(C(=O)N2CCN(*)CC2)c1,egc,4.7816,4.473433860759055
*C(=O)c1cccc(C(=O)N2COCN2*)c1,egc,4.5807,4.271389687316908
*C(=O)c1cccc(C(=O)c2ccc3c(c2)C(=Nc2cccc(N=C4OC(=O)c5cc(*)ccc54)c2)OC3=O)c1,egc,2.869,2.8300732136571467
*C(=O)c1cccc(C(=O)c2ccc3c(c2)C(=O)N(c2ccc(Oc4ccc(N5C(=O)c6ccc(*)cc6C5=O)cc4)cc2)C3=O)c1,egc,2.5831,2.383514103832511
*C(=S)C(=O)C(F)(F)C(*)(F)F,eea,5.1438,4.26904481271828
*C(=S)C(=O)C(F)(F)C(*)(F)F,ei,7.0732,7.813289799954125
*C(=S)C(=O)CCNc1ccc(C(=S)c2ccc(*)cc2)cc1,ei,5.8838,5.564678042751065
*C(=S)C(=O)CCNc1ccc(C(=S)c2ccc(*)cc2)cc1,eps,6.47,6.250055037162545
*C(=S)C(=O)CCNc1ccc(C(=S)c2ccc(*)cc2)cc1,nc,2.3328,2.213675011499463
*C(=S)C(F)(F)CC(*)(F)F,ei,7.4545,6.980701798331291
*C(=S)C(F)(F)CC(*)(F)F,eps,3.78,3.910574628087328
*C(=S)C(F)(F)CC(*)(F)F,nc,1.7605,1.742330669083079
*C(=S)C(F)(F)NC(*)(F)F,ei,7.8892,7.467556327435574
*C(=S)C(F)(F)NC(*)(F)F,eps,4.49,4.187081433436963
*C(=S)C(F)(F)NC(*)(F)F,nc,1.7879,1.767199557511535
*C(=S)C(F)(F)c1ccc(C(*)(F)F)cc1,eea,4.0037,3.7717978828775527
*C(=S)C(F)(F)c1ccc(C(*)(F)F)cc1,eps,3.7,3.5388211684569413
*C(=S)C(F)(F)c1ccc(C(*)(F)F)cc1,nc,1.8005,1.8695421405190935
*C(=S)C(F)(F)c1ccc(C(*)(F)F)s1,eea,4.1531,3.842555755428578
*C(=S)C(F)(F)c1ccc(C(*)(F)F)s1,eps,3.9,4.495807928744039
*C(=S)CC(F)(F)C(*)(F)F,eea,3.5657,3.736880819917842
*C(=S)CC(F)(F)C(*)(F)F,egb,2.143,3.69141739476643
*C(=S)NC(F)(F)C(*)(F)F,ei,6.3593,7.4479988489170825
*C(=S)NC(F)(F)C(*)(F)F,eps,3.81,4.159866104547046
*C(=S)NC(F)(F)C(*)(F)F,nc,1.765,1.8027108107330347
*C(=S)OC(=S)c1ccc(*)cc1,eea,3.7508,3.165094953695738
*C(=S)OC(=S)c1ccc(*)cc1,egb,2.364,1.847468944574955
*C(=S)OC(=S)c1ccc(*)s1,eps,6.22,6.20292817868664
*C(=S)OC(=S)c1ccc(*)s1,nc,2.2971,2.286666608152346
*C(=S)Oc1ccc(-c2ccc(*)cc2)s1,egb,2.3094,2.2440867851118975
*C(=S)Oc1ccc(-c2ccc(*)cc2)s1,ei,5.9399,5.924696536343035
*C(=S)Oc1ccc(-c2ccc(*)cc2)s1,eps,5.67,5.281091951779278
*C(=S)Oc1ccc(-c2ccc(*)cc2)s1,nc,2.1962,2.1888337997116394
*C(=S)Oc1ccc(-c2ccc(*)s2)s1,egb,1.9834,2.048918988904754
*C(=S)Oc1ccc(-c2ccc(*)s2)s1,nc,2.2317,2.285353732040596
*C(=S)c1ccc(-c2ccc(-c3ccc(*)cc3)cc2)cc1,eea,3.0264,3.001873496504309
*C(=S)c1ccc(-c2ccc(-c3ccc(*)cc3)cc2)cc1,egb,1.6353,2.020962935926102
*C(=S)c1ccc(-c2ccc(-c3ccc(*)cc3)cc2)cc1,eps,4.57,5.604558004492826
*C(=S)c1ccc(-c2ccc(-c3ccc(*)cc3)cc2)s1,eps,6.66,6.655294137795149
*C(=S)c1ccc(-c2ccc(-c3ccc(*)cc3)s2)cc1,eea,3.3503,3.100611189774341
*C(=S)c1ccc(-c2ccc(-c3ccc(*)cc3)s2)cc1,egb,1.8996,1.5844359498968306
*C(=S)c1ccc(C(=S)c2ccc(*)cc2)cc1,eea,2.9311,2.823959535454911
*C(=S)c1ccc(C(=S)c2ccc(*)cc2)cc1,egb,1.8035,1.7654648139272895
*C(=S)c1ccc(C(=S)c2ccc(*)cc2)cc1,ei,5.6051,5.484816003713146
*C(=S)c1ccc(C(=S)c2ccc(*)cc2)cc1,nc,1.8941,2.3704535268285136
*C(=S)c1ccc(C(=S)c2ccc(*)cc2)s1,egb,1.1979,1.1162557354242788
*C(=S)c1ccc(C(=S)c2ccc(*)cc2)s1,eps,6.78,7.382639456543165
*C(=S)c1ccc(C(=S)c2ccc(*)cc2)s1,nc,2.4956,2.441921613411865
*C(=S)c1ccc(C(F)(F)C(*)(F)F)cc1,egb,2.3476,2.194730090238746
*C(=S)c1ccc(C(F)(F)C(*)(F)F)cc1,ei,6.6143,6.820671306161631
*C(=S)c1ccc(C(F)(F)C(*)(F)F)cc1,nc,1.9682,1.8795501589584462
*C(=S)c1ccc(C(F)(F)C(*)(F)F)s1,eea,4.1828,3.7384194148913705
*C(=S)c1ccc(C(F)(F)C(*)(F)F)s1,egb,2.1029,2.2286852806097786
*C(=S)c1ccc(C(F)(F)C(*)(F)F)s1,eps,4.44,4.758422182370432
*C(=S)c1ccc(C(F)(F)C(*)(F)F)s1,nc,1.985,1.9794886201815673
*C(Br)=C(c1ccccc1)c1ccc(*)cc1,egc,3.469,3.107429244454479
*C(C#N)=C(C#N)n1c(=O)c2cc3c(=O)n(*)c(=O)c3cc2c1=O,egc,3.4736,3.0457950819282438
*C(C#N)=C(c1ccccc1)c1ccc(*)cc1,egb,2.5883,2.709656479938175
*C(C#N)C(*)(C#N)C#N,egb,5.8992,5.914956409347782
*C(C(*)(C(=C([2H])[2H])[2H])[2H])([2H])[2H],tg,1.0,22.99990988262169
*C(C(*)(C(=O)OC([2H])([2H])[2H])C([2H])([2H])[2H])([2H])[2H],tg,115.0,122.77568013814746
*C(C(*)(Cl)[2H])([2H])[2H],tg,85.0,50.09280512588777
*C(C(*)(F)F)(C(C(C(C(C(F)(F)F)(F)F)(F)F)(F)F)(F)F)F,tg,232.5,54.11985688371213
*C(C(*)(F)F)(OC(C(C(C(F)(F)F)(F)F)(F)F)(F)F)F,tg,-10.0,91.5438928712361
*C(C(*)(F)F)(c1c(c(c(c(c1F)F)F)F)F)F,tg,194.0,129.50881289533947
*C(C(*)(F)F)OC(F)(F)F,tg,-10.0,89.00186076111648
*C(C(*)(c1c(c(c(c(c1[2H])[2H])[2H])[2H])[2H])[2H])([2H])[2H],tg,86.29,99.84937242479694
*C(C(*)C(=O)OC(C)(C)C)C(=O)OC,tg,84.0,86.12389963052651
*C(C(*)C(=O)OC12CC3CC(CC(C1)C3)C2)C,tg,236.5,149.4794719003856
*C(C(=O)C*)c1ccc(cc1)C(C)(C)C,tg,158.0,134.06500269757873
*C(C(C(C*)C#N)CCC(O)(C)C=C)(C)C,tg,50.0,86.96820573830256
*C(C(C(C*)OC(=O)C)CCC(O)(C)C=C)(C)C,tg,85.0,58.05380395950059
*C(C(C(C*)OCC(C)C)(C(=O)OC)C)(C(=O)OC)C,tg,125.5,75.17345302605992
*C(C(C(C*)OCC)C(=O)OC)C(=O)OC,tg,50.0,63.512739422755075
*C(C(C(C*)OCCCC)C(=O)OC)C(=O)OC,tg,32.5,47.27974539705745
*C(C(C(C*)c1ncccc1)c1ccccc1)c1ncccc1,tg,150.0,122.76618215099965
*C(C(C*)C)(C)C,tg,37.0,49.24819046756235
*C(C(CC*)(C)C)(C)C,tg,87.0,35.7070872306096
*C(C(CC*)(F)F)(F)F,tg,-108.0,-9.755505612976677
*C(C(CC*)C)(C(=O)OC)C,tg,41.29,77.95876481473253
*C(C(CC*)C)C,tg,-32.0,-1.9453865134602197
*C(C(CC*)[2H])([2H])C,tg,-47.5,-2.703681124874324
*C(C(CC*)c1ccccc1)c1ccccc1,tg,101.65,74.81220620934641
*C(C(CCCC*)c1ccc(cc1)O)c1c(cc(cc1)O)C,tg,25.0,47.072487510856014
*C(C(CCCCCC*)Cl)Cl,tg,-18.0,-35.088706068552014
*C(C(CCCCCCC*)c1ccc(cc1)O)c1c(cc(cc1)O)C,tg,4.0,0.6300418066006426
*C(C(CCCCCCCCC*)c1ccc(cc1)O)c1c(cc(cc1)O)C,tg,-1.0,-4.355094106822843
*C(C(CCCCCCCCCC*)Cl)Cl,tg,-32.0,-21.889459186557296
*C(C(CCCCCCCCCC*)c1ccc(cc1)O)c1c(cc(cc1)O)C,tg,-4.0,-1.394816465077177
*C(C)=C(*)C#N,egc,3.2656,4.319243253542964
*C(C)=C(*)CCC,egc,5.0895,4.632550215445858
*C(C)C(*)C(=O)OC,egc,6.2685,6.2241966972961364
*C(C)C(*)O,egb,7.9156,6.983789762497394
*C(C)C(*)O,egc,6.0639,6.382299162804932
*C(C)C(*)OC,egc,5.326,6.087919074083549
*C(C*)(C(=O)C)F,tg,142.0,148.58190422532465
*C(C*)(C(=O)NC(=O)OC(COc1ccc(cc1)S(=O)(=O)c1ccc(cc1)OCC(O)C)C)C,tg,73.0,128.18251550852952
*C(C*)(C(=O)NC(=O)OCCOc1ccc(cc1)S(=O)(=O)c1ccc(cc1)OCCO)C,tg,131.0,92.40812429597734
*C(C*)(C(=O)NC(=O)Oc1ccc(cc1)S(=O)(=O)c1ccc(cc1)O)C,tg,182.0,135.2065648800104
*C(C*)(C(=O)NC(c1ccccc1)C)C,tg,156.5,108.92263942704695
*C(C*)(C(=O)NC1C(OC(C(C1O)O)CO)O)C,tg,100.0,170.10063792262076
*C(C*)(C(=O)Nc1cc(ccc1)c1oc(nn1)c1ccccc1)C,tg,65.0,203.40642565680946
*C(C*)(C(=O)O)C,tg,182.64,118.19039394495009
*C(C*)(C(=O)OC(C(C(C(C(C(C(C(F)(F)F)(F)F)(F)F)(F)F)(F)F)(F)F)(F)F)(F)F)C,tg,49.0,61.093530502439776
*C(C*)(C(=O)OC(C(C)(C)C)C)C,tg,108.0,77.80733445828696
*C(C*)(C(=O)OC(C(F)(F)F)C(F)(F)F)C,tg,73.0,99.49079435818112
*C(C*)(C(=O)OC(C)C)C,tg,72.71,85.33112973786677
*C(C*)(C(=O)OC(C)C)C#N,tg,66.0,137.81502397902727
*C(C*)(C(=O)OC(COc1c2c(ccc1)cccc2)COc1c2c(ccc1)cccc2)C,tg,80.0,136.91342514719506
*C(C*)(C(=O)OC(COc1c2ccccc2c2ccccc2c1)COc1c2ccccc2c2ccccc2c1)C,tg,112.0,161.1153455622571
*C(C*)(C(=O)OC(COc1ccc(cc1)c1ccccc1)COc1ccc(cc1)c1ccccc1)C,tg,85.0,118.64113469805189
*C(C*)(C(=O)OC)C,tg,103.23,104.90720930140479
*C(C*)(C(=O)OC)C#N,tg,130.0,120.08544392241073
*C(C*)(C(=O)OC)Cl,tg,125.0,110.14340145274603
*C(C*)(C(=O)OC)F,tg,142.0,102.02396834070049
*C(C*)(C(=O)OC)c1ccccc1,tg,121.0,102.9662160007169
*C(C*)(C(=O)OC1(C2CC3CC(CC1C3)C2)C)C,tg,165.0,154.776973082536
*C(C*)(C(=O)OC1(CC(=O)OCC1)C)C,tg,110.0,105.8538498119412
*C(C*)(C(=O)OC12CC3(CC(CC(C1)C3)(C2)C)C)C,tg,193.0,153.52951555327977
*C(C*)(C(=O)OC12CC3(CC(CC(C1)C3)(C2)C)C)CC(=O)OC,tg,144.0,198.73549992718705
*C(C*)(C(=O)OC12CC3CC(CC(C1)C3)C2)C,tg,183.0,216.55512716932097
*C(C*)(C(=O)OC1C(CCC(C1)C)C(C)C)C,tg,147.0,122.28455741790235
*C(C*)(C(=O)OC1C(CCCC1)C)C,tg,85.0,96.26309820213966
*C(C*)(C(=O)OC1CC(CC(C1)C)(C)C)C,tg,125.0,120.95604636254807
*C(C*)(C(=O)OC1CCC(CC1)C)C,tg,109.0,104.11755794669412
*C(C*)(C(=O)OC1CCC1)C,tg,119.0,87.56915351264324
*C(C*)(C(=O)OC1CCCC1)C,tg,75.0,100.0047727665934
*C(C*)(C(=O)OC1CCCCCCCCC1)C,tg,58.0,66.76634213554571
*C(C*)(C(=O)OC1CCCCCCCCCCC1)C,tg,56.0,71.77354408278187
*C(C*)(C(=O)OC1CCOCC1)C,tg,153.5,95.25825714464442
*C(C*)(C(=O)OCC#C)C,tg,58.0,101.65878468139195
*C(C*)(C(=O)OCC#CO[Si](C)(C)C)C,tg,57.0,67.52844366012273
*C(C*)(C(=O)OCC#N)C,tg,91.0,87.34200811902762
*C(C*)(C(=O)OCC(=O)N1CCOCC1)C,tg,128.0,75.48575333160147
*C(C*)(C(=O)OCC(=O)Nc1noc(c1)C)C,tg,128.0,107.05422399910714
*C(C*)(C(=O)OCC(=O)c1ccccc1)C,tg,92.5,91.88989153146595
*C(C*)(C(=O)OCC(C(C(C(C(C(C(C(F)F)(F)F)(F)F)(F)F)(F)F)(F)F)(F)F)(F)F)C,tg,-15.0,58.91765778538901
*C(C*)(C(=O)OCC(C(C(C(F)F)(F)F)(F)F)(F)F)C,tg,36.67,11.110785320600694
*C(C*)(C(=O)OCC(C(C(F)(F)F)(F)F)(F)F)F,tg,75.0,61.40527088566276
*C(C*)(C(=O)OCC(C(F)(F)F)(F)F)C,tg,77.0,59.83848649978819
*C(C*)(C(=O)OCC(C(F)(F)F)(F)F)F,tg,99.0,88.35251404217453
*C(C*)(C(=O)OCC(C(F)F)(F)F)C,tg,80.0,53.89815312797693
*C(C*)(C(=O)OCC(C)(C)C)C,tg,32.67,85.2085199867203
*C(C*)(C(=O)OCC(C)C)C#N,tg,51.0,104.43791901763124
*C(C*)(C(=O)OCC(F)(F)F)C,tg,78.27,80.18085562578158
*C(C*)(C(=O)OCC(F)(F)F)F,tg,117.75,93.86888220196514
*C(C*)(C(=O)OCC(O)C)C,tg,72.67,52.76516102263046
*C(C*)(C(=O)OCC(Oc1ccc(cc1)c1ccc(cc1)c1ccc(cc1)C#N)C)C,tg,140.0,113.6377543704302
*C(C*)(C(=O)OCC)C,tg,64.96,49.827697878058466
*C(C*)(C(=O)OCC)CC,tg,27.0,56.55245091291514
*C(C*)(C(=O)OCC)CF,tg,43.0,42.44685514169977
*C(C*)(C(=O)OCC)Cl,tg,85.31,75.16068681809132
*C(C*)(C(=O)OCC)F,tg,94.0,83.43386678316317
*C(C*)(C(=O)OCC1(COCOC1)C)C,tg,142.0,67.06396016377755
*C(C*)(C(=O)OCC1CCC1)C,tg,114.0,91.30700957282546
*C(C*)(C(=O)OCC1N(CC(C1)NC(=O)OC(C)(C)C)C(=O)OC(C)(C)C)C,tg,127.0,98.06068094353223
*C(C*)(C(=O)OCC1OC(C(C1O)O)n1c(=O)[nH]c(=O)cc1)C,tg,151.0,173.86583775507665
*C(C*)(C(=O)OCC1OC(OC1)CP(=O)(OCC)OCC)C,tg,-38.0,76.64798588008964
*C(C*)(C(=O)OCC1OC(OC1)c1ccccc1)C,tg,130.0,80.80443695179511
*C(C*)(C(=O)OCC1OC1)C,tg,62.81,72.85368598596298
*C(C*)(C(=O)OCC1OCCC1)C,tg,105.0,71.93389595952766
*C(C*)(C(=O)OCC1OCCOCCOCCOC1)C,tg,35.0,59.566709648964874
*C(C*)(C(=O)OCCC#N)C,tg,79.0,62.65836117275158
*C(C*)(C(=O)OCCC(C(C(C(C(C(C(C(F)(F)F)(F)F)(F)F)(F)F)(F)F)(F)F)(F)F)(F)F)Cl,tg,61.0,53.312204515950235
*C(C*)(C(=O)OCCC(C(C(C(C(C(C(C(F)(F)F)(F)F)(F)F)(F)F)(F)F)(F)F)(F)F)(F)F)F,tg,87.5,60.81407686126946
*C(C*)(C(=O)OCCC(C(C(C(C(C(F)(F)F)(F)F)(F)F)(F)F)(F)F)(F)F)F,tg,53.0,68.72151837209083
*C(C*)(C(=O)OCCC(C(C(C(F)(F)F)(F)F)(F)F)(F)F)C,tg,23.0,50.26020231158189
*C(C*)(C(=O)OCCC(CC(C)(C)C)C)C,tg,1.0,51.22650989727536
*C(C*)(C(=O)OCCC)Cl,tg,66.0,51.67821761312107
*C(C*)(C(=O)OCCC)F,tg,62.0,81.24329109285608
*C(C*)(C(=O)OCCC1CCCCC1)C,tg,76.33,42.43632529403902
*C(C*)(C(=O)OCCC1CCN(CC1)CCCCCCOc1ccc(cc1)N=Nc1ccc(cc1)[N+](=O)[O-])C,tg,27.0,70.40956288244124
*C(C*)(C(=O)OCCCC)Cl,tg,42.0,35.465942786199314
*C(C*)(C(=O)OCCCCC(C(C(C(C(C(F)(F)F)(F)F)(F)F)(F)F)(F)F)(F)F)C,tg,23.0,51.941826684041644
*C(C*)(C(=O)OCCCCCC(=O)Oc1ccc(cc1)OC(=O)c1ccc(cc1)OC)C,tg,40.0,40.0130705939839
*C(C*)(C(=O)OCCCCCC(=O)Oc1ccc(cc1)OC(=O)c1ccc(cc1)OCCCC)C,tg,40.0,37.426624492875405
*C(C*)(C(=O)OCCCCCC)C,tg,-7.25,-32.52220124450447
*C(C*)(C(=O)OCCCCCCC(C(C(C(C(C(C(C(C(C(C(C(F)(F)F)(F)F)(F)F)(F)F)(F)F)(F)F)(F)F)(F)F)(F)F)(F)F)(F)F)(F)F)C,tg,84.0,23.994182781679022
*C(C*)(C(=O)OCCCCCCC)C#N,tg,102.0,-0.7073601052580593
*C(C*)(C(=O)OCCCCCCCC)C,tg,-10.0,-37.739686504956715
*C(C*)(C(=O)OCCCCCCCC/C=C\CCCCCCCC)C,tg,-40.0,-1.1075547644372832
*C(C*)(C(=O)OCCCCCCCCCCCC)C,tg,-44.99,-37.99266490666987
*C(C*)(C(=O)OCCCCCCCCCCCCCC)C,tg,-72.0,-32.00845902258645
*C(C*)(C(=O)OCCCCCCCCCCCCCCC(=O)NC1OC(C(C(C1O)O)OC1OC(C(C(C1O)O)O)CO)CO)C,tg,133.1,46.728010222476144
*C(C*)(C(=O)OCCCCCCCCCCCCCCCC[n+]1ccc(cc1)N(C)C)C,tg,60.0,8.305219692449429
*C(C*)(C(=O)OCCCCCCCCCCCCOc1cc2c(cc1)cc(cc2)C(=O)Oc1ccccc1)C,tg,12.0,30.663997947866235
*C(C*)(C(=O)OCCCCCCCCCCCCOc1ccc(cc1)C(=O)Oc1ccc(cc1)c1cc(ccc1)OC(=O)c1ccc(cc1)OC(=O)c1ccc(cc1)OCCCCCCCCCCCC)C,tg,74.5,66.10073200579002
*C(C*)(C(=O)OCCCCCCCCCCCOc1cc2c(cc1)cc(cc2)C(=O)Oc1ccccc1)C,tg,10.0,30.446109332420093
*C(C*)(C(=O)OCCCCCCCCCCCOc1ccc(cc1)C(=O)Oc1ccc(cc1)C#N)C,tg,10.0,25.514766606004837
*C(C*)(C(=O)OCCCCCCCCCCCOc1ccc(cc1)C=Nc1ccc(cc1)C#N)C,tg,23.0,26.228929334090907
*C(C*)(C(=O)OCCCCCCCCCCCn1c2ccccc2c2ccccc12)C,tg,6.0,38.264429630932334
*C(C*)(C(=O)OCCCCCCCCCCOc1ccc(cc1)C#Cc1c(cc(c(c1)C)C=Cc1ccncc1)C)C,tg,51.0,67.7888413398489
*C(C*)(C(=O)OCCCCCCCCCCOc1ccc(cc1)C#Cc1c(cc(c(c1)OC)C=Cc1ccncc1)OC)C,tg,62.0,59.081486628011874
*C(C*)(C(=O)OCCCCCCCCCCOc1ccc(cc1)C(=O)Oc1ccc(cc1)C(=O)C=Cc1c(c2c(n1C)cccc2)C)C,tg,72.0,66.63796620632849
*C(C*)(C(=O)OCCCCCCCCCCOc1ccc(cc1)C(=O)Oc1ccc(cc1)C(=O)C=Cc1c(c2c(n1CCCC)cccc2)C)C,tg,57.0,59.59966060806086
*C(C*)(C(=O)OCCCCCCCCCCOc1ccc(cc1)N=Nc1ccc(cc1)C#N)C,tg,51.0,48.948442616601255
*C(C*)(C(=O)OCCCCCCCCCCOc1ccc(cc1)N=Nc1ccc(cc1)Cl)C,tg,54.0,46.71014338148388
*C(C*)(C(=O)OCCCCCCCCCCOc1ccc(cc1)N=Nc1ccc(cc1)OC)C,tg,62.0,61.999506057066334
*C(C*)(C(=O)OCCCCCCCCCCOc1ccc(cc1)N=Nc1ccc(cc1)[N+](=O)[O-])C,tg,55.0,70.39488043563995
*C(C*)(C(=O)OCCCCCCCCCCOc1ccc(cc1)OC(=O)c1ccc(cc1)OC)C,tg,21.0,31.595780182753305
*C(C*)(C(=O)OCCCCCCCCCCOc1ccc(cc1)OC(=O)c1ccc(cc1)OCCCCCC)C,tg,41.0,18.696474189401798
*C(C*)(C(=O)OCCCCCCCCCCOc1ccc(cc1)OC(=O)c1ccc(cc1)OCCCCCCCC)C,tg,12.0,32.261158008949636
*C(C*)(C(=O)OCCCCCCCCCCOc1ccc(cc1)OC(=O)c1ccc(cc1)c1ccc(cc1)OC)C,tg,57.0,44.612786705050034
*C(C*)(C(=O)OCCCCCCCCCCn1c2ccc(cc2c2ccccc12)C=C(C(=O)OC)C#N)C,tg,58.0,46.4498646613089
*C(C*)(C(=O)OCCCCCCCCCCn1c2ccc(cc2c2ccccc12)C=C(c1ccc(cc1)[N+](=O)[O-])C#N)C,tg,40.0,76.189321490938
*C(C*)(C(=O)OCCCCCCCCCCn1c2ccc(cc2c2ccccc12)N=Nc1ccc(cc1)[N+](=O)[O-])C,tg,36.0,88.078364406932
*C(C*)(C(=O)OCCCCCCCCCOc1cc2c(cc1)cc(cc2)C(=O)Oc1ccccc1)C,tg,18.0,26.6764708882859
*C(C*)(C(=O)OCCCCCCCCOc1cc2c(cc1)cc(cc2)C(=O)Oc1ccccc1)C,tg,34.0,23.272073610811947
*C(C*)(C(=O)OCCCCCCCCOc1ccc(cc1)C(=O)Oc1ccc(cc1)C(=O)C=Cc1c(c2c(n1C)cccc2)C)C,tg,75.0,69.12416982560218
*C(C*)(C(=O)OCCCCCCCCOc1ccc(cc1)N=Nc1ccc(cc1)C1OCC2(CO1)CC1C=CC2C1)C,tg,106.2,105.59469259043168
*C(C*)(C(=O)OCCCCCCN(c1ccc(cc1)N(C)C)C)C,tg,8.5,42.051662019292706
*C(C*)(C(=O)OCCCCCCOc1c(cc(cc1)C=CC1=C(C(=C(C#N)C#N)OC1(C)C)C#N)OCCCCCC)C,tg,80.0,62.63667679284724
*C(C*)(C(=O)OCCCCCCOc1cc(ccc1)C(=O)Oc1ccc(cc1)C#N)C,tg,38.0,41.03998308894541
*C(C*)(C(=O)OCCCCCCOc1cc2c(cc1)cc(cc2)C(=O)Oc1ccccc1)C,tg,39.0,38.87613946690123
*C(C*)(C(=O)OCCCCCCOc1ccc(cc1)C(=O)Oc1c2c(c(cc1)N=Nc1ccc(cc1)F)cccc2)C,tg,42.0,91.86917728318525
*C(C*)(C(=O)OCCCCCCOc1ccc(cc1)C(=O)Oc1c2c(c(cc1)N=Nc1ccccc1)cccc2)C,tg,46.0,81.38911744302874
*C(C*)(C(=O)OCCCCCCOc1ccc(cc1)C(=O)Oc1ccc(cc1)OCCCC)C,tg,55.17,32.889628863609964
*C(C*)(C(=O)OCCCCCCOc1ccc(cc1)C(=O)Oc1ccc(cc1)OCCCC)Cl,tg,75.75,41.24971415981561
*C(C*)(C(=O)OCCCCCCOc1ccc(cc1)C(=O)Oc1ccc(cc1)c1cc(ccc1)OC(=O)c1ccc(cc1)OC(=O)c1ccc(cc1)OCCCCCCCCCCCC)C,tg,73.0,67.54575826083575
*C(C*)(C(=O)OCCCCCCOc1ccc(cc1)C(=O)Oc1ccc2c(c1)oc(=O)cc2)C,tg,102.0,78.84899071592494
*C(C*)(C(=O)OCCCCCCOc1ccc(cc1)N=Nc1ccc(cc1)OC)C,tg,82.0,62.15617380841747
*C(C*)(C(=O)OCCCCCCOc1ccc(cc1)N=Nc1ccc(cc1)OCCCC)C,tg,79.0,59.97442703970737
*C(C*)(C(=O)OCCCCCCOc1ccc(cc1)N=Nc1ccc(cc1)[N+](=O)[O-])C,tg,108.0,58.407601337223845
*C(C*)(C(=O)OCCCCCCOc1ccc(cc1)N=Nc1ccncc1)C,tg,40.0,63.540682979092864
*C(C*)(C(=O)OCCCCCCOc1ccc(cc1)OC(=O)c1ccc(cc1)OC)C,tg,38.0,28.48072519649939
*C(C*)(C(=O)OCCCCCCOc1ccc(cc1)OC(=O)c1ccc(cc1)OCCCC)C,tg,36.0,41.555906512896044
*C(C*)(C(=O)OCCCCCCOc1ccc(cc1)OC(=O)c1ccc(cc1)OCCCCCC)C,tg,16.0,36.835785478804226
*C(C*)(C(=O)OCCCCCCOc1ccc(cc1)OC(=O)c1ccc(cc1)c1ccc(cc1)OC)C,tg,57.0,56.93275535242526
*C(C*)(C(=O)OCCCCCCOc1ccc(cc1)c1ccc(cc1)C#N)C,tg,58.6,44.23589520550849
*C(C*)(C(=O)OCCCCCCc1ccc(cc1)C(=Cc1ccc(cc1)OC)C)C,tg,31.0,70.08207212032643
*C(C*)(C(=O)OCCCCCCc1ccc(cc1)N=Nc1ccc(cc1)OC(F)(F)F)C,tg,194.5,181.49318509381786
*C(C*)(C(=O)OCCCCCCn1c2ccccc2c2ccccc12)C,tg,73.0,52.8112413854132
*C(C*)(C(=O)OCCCCCc1ccc(cc1)N=Nc1ccc(cc1)OC(F)(F)F)C,tg,202.5,190.58098140481033
*C(C*)(C(=O)OCCCCCn1c2ccccc2c2ccccc12)C,tg,91.0,65.84984243701433
*C(C*)(C(=O)OCCCCOc1cc2c(cc1)cc(cc2)C(=O)Oc1ccccc1)C,tg,88.0,43.28173012779053
*C(C*)(C(=O)OCCCCOc1ccc(cc1)N=Nc1ccc(cc1)C#N)C,tg,80.0,76.98892456816077
*C(C*)(C(=O)OCCCCOc1ccc(cc1)OC(=O)c1cc(c(cc1)OC)Br)C,tg,69.0,57.656196741719874
*C(C*)(C(=O)OCCCCOc1ccc(cc1)OC(=O)c1ccc(cc1)OCCCC)C,tg,51.0,57.508844295111516
*C(C*)(C(=O)OCCCCOc1ccc(cc1)OC(=O)c1ccc(cc1)OCCCCCC)C,tg,34.0,34.80826598862542
*C(C*)(C(=O)OCCCCc1ccc(cc1)N=Nc1ccc(cc1)OC(F)(F)F)C,tg,203.5,200.676248944264
*C(C*)(C(=O)OCCCCc1ccccc1)C,tg,9.0,36.31687548596385
*C(C*)(C(=O)OCCCl)C,tg,62.0,55.19112116911755
*C(C*)(C(=O)OCCCn1c2ccccc2c2ccccc12)C,tg,113.0,96.57345977223926
*C(C*)(C(=O)OCCN(C)C)C,tg,24.75,19.461912544061246
*C(C*)(C(=O)OCCN(CC)c1ccccc1)C,tg,36.5,71.89150604032633
*C(C*)(C(=O)OCCN(c1ccc(cc1)N=Nc1c2c(c(cc1)[N+](=O)[O-])cccc2)CC)C,tg,116.0,109.16757549534469
*C(C*)(C(=O)OCCN(c1ccc(cc1)N=Nc1ccc(cc1)C#N)CC)C,tg,116.25,109.84293666714927
*C(C*)(C(=O)OCCN(c1ccc(cc1)N=Nc1ccc(cc1)S(=O)(=O)C)CC)C,tg,144.0,118.5716123606169
*C(C*)(C(=O)OCCN(c1ccc(cc1)N=Nc1ccc(cc1)[N+](=O)[O-])C)C,tg,110.0,115.05188726559378
*C(C*)(C(=O)OCCN(c1ccc(cc1)N=Nc1ccc(cc1)[N+](=O)[O-])CC)C,tg,125.25,116.94739780619003
*C(C*)(C(=O)OCCN(c1ccc(cc1)N=Nc1sc2c(n1)ccc(c2)[N+](=O)[O-])CC)C,tg,140.0,152.5168136237715
*C(C*)(C(=O)OCCN(c1ccc(cc1)[N+](=O)[O-])CC)C,tg,98.0,73.47514224969987
*C(C*)(C(=O)OCCNC(C)(C)C)C,tg,41.0,69.8464391810949
*C(C*)(C(=O)OCCO)C,tg,83.78,61.01240602887895
*C(C*)(C(=O)OCCOC)C,tg,22.75,28.843137834699704
*C(C*)(C(=O)OCCOCCO)C,tg,18.12,20.740501291622042
*C(C*)(C(=O)OCCOCCOCCOCCOCCOCCOCCOCCOC)C,tg,-58.0,-52.5679010681268
*C(C*)(C(=O)OCCOCCOCCOc1ccc(cc1)N=Nc1ccc(cc1)C#N)C,tg,37.0,55.22143539618964
*C(C*)(C(=O)OCCOCCOc1ccc(cc1)N=Nc1ccc(cc1)C#N)C,tg,57.0,50.58920422799642
*C(C*)(C(=O)OCCO[Si](C)(C)C)C,tg,89.0,45.440490510868514
*C(C*)(C(=O)OCCOc1ccc(cc1)C(=O)Oc1ccc(cc1)OCCCC)C,tg,137.0,61.3041374613807
*C(C*)(C(=O)OCCOc1ccc(cc1)N=Nc1ccc(cc1)[N+](=O)[O-])C,tg,112.0,119.97219700243478
*C(C*)(C(=O)OCCOc1ccc(cc1)c1ccc(cc1)c1ccc(cc1)C#N)C,tg,115.0,119.31034988360774
*C(C*)(C(=O)OCCS(=O)CC)C,tg,25.0,59.146112811161395
*C(C*)(C(=O)OCCc1ccc(cc1)N=Nc1ccc(cc1)OC(F)(F)F)C,tg,209.5,181.47076229786398
*C(C*)(C(=O)OCCc1ccc(cc1)N=Nc1ccccc1)C,tg,80.0,114.24925400726823
*C(C*)(C(=O)OCCc1ccccc1)C,tg,49.0,51.681142055028545
*C(C*)(C(=O)OCCn1c2ccc(cc2c2ccccc12)N=Nc1ccc(cc1)[N+](=O)[O-])C,tg,164.0,121.35221805142348
*C(C*)(C(=O)OCCn1c2ccccc2c2ccccc12)C,tg,145.33,118.03792637577816
*C(C*)(C(=O)OCSC)C,tg,60.0,58.16698970809035
*C(C*)(C(=O)OCc1[se]ccc1)C,tg,54.43,57.328715957943146
*C(C*)(C(=O)OCc1c(c(ccc1)Cl)Cl)C,tg,42.6,60.48876356384663
*C(C*)(C(=O)OCc1c(cc(cc1)Cl)Cl)C,tg,19.4,45.23736657275535
*C(C*)(C(=O)OCc1c(cc(cc1)F)F)C,tg,46.0,50.694241556811626
*C(C*)(C(=O)OCc1cc(c(cc1)Cl)Cl)C,tg,34.45,42.584204724117654
*C(C*)(C(=O)OCc1cc(c(cc1)OCCOCC)OCCOCC)C,tg,-2.0,49.89758139573955
*C(C*)(C(=O)OCc1cc(ccc1)Cl)C,tg,18.25,29.77289887744652
*C(C*)(C(=O)OCc1ccc(cc1)C=CC(=O)C1c2c(C(=O)c3c1cccc3)cccc2)C,tg,163.0,127.29059988971109
*C(C*)(C(=O)OCc1ccc(cc1)C=CC(=O)Oc1cc2c(cc1)oc(=O)cc2)C,tg,140.0,132.57149425855295
*C(C*)(C(=O)OCc1ccc(cc1)C=CC(=O)Oc1ccc(cc1)OC)C,tg,89.0,110.97009899990212
*C(C*)(C(=O)OCc1ccc2n(c3c(c2c1)cccc3)CC)C,tg,131.14,116.56983631385258
*C(C*)(C(=O)OCc1ccc2n(c3c(c2c1)cccc3)CCCCCC)C,tg,73.0,68.46029887417903
*C(C*)(C(=O)OCc1ccc2n(c3c(c2c1)cccc3)CCCCCCCCCCCC)C,tg,25.0,54.14213752224204
*C(C*)(C(=O)O[Si](C)(C)C)C,tg,97.5,102.08626757305713
*C(C*)(C(=O)Oc1c(c(ccc1)C)C)C,tg,120.0,127.06474159694051
*C(C*)(C(=O)Oc1c(cc(cc1)C)C)C,tg,109.0,135.3917554056699
*C(C*)(C(=O)Oc1c(cccc1C(C)C)C(C)C)C,tg,198.0,99.5767107614838
*C(C*)(C(=O)Oc1c(cccc1C)C)C,tg,169.0,132.14717914618157
*C(C*)(C(=O)Oc1cc(c(cc1)[N+](=O)[O-])C)C,tg,101.0,128.39684790680002
*C(C*)(C(=O)Oc1cc(cc(c1)C)C)C,tg,106.0,106.1895318855963
*C(C*)(C(=O)Oc1cc2c(CCC2)cc1)C,tg,104.25,100.22152371855536
*C(C*)(C(=O)Oc1ccc(cc1)C(=O)C=Cc1cc(c(cc1)OC)OC)C,tg,137.0,121.61813387465729
*C(C*)(C(=O)Oc1ccc(cc1)C(=O)C=Cc1ccc(cc1)OCc1ccccc1)C,tg,152.0,105.27070349893565
*C(C*)(C(=O)Oc1ccc(cc1)C(=O)OC)C,tg,106.0,109.67533935500101
*C(C*)(C(=O)Oc1ccc(cc1)C(=O)Oc1ccc(cc1)C(=O)c1ccccc1)C,tg,72.0,101.6979046789526
*C(C*)(C(=O)Oc1ccc(cc1)C(=O)Oc1ccc(cc1)Oc1ccccc1)C,tg,74.0,103.75201025429705
*C(C*)(C(=O)Oc1ccc(cc1)C(=O)Oc1ccc(cc1)c1ccccc1)C,tg,100.0,102.29590306703736
*C(C*)(C(=O)Oc1ccc(cc1)C(=O)Oc1ccccc1)C,tg,99.0,77.7121995845087
*C(C*)(C(=O)Oc1ccc(cc1)C(=O)c1ccccc1)C,tg,118.0,93.08430604429628
*C(C*)(C(=O)Oc1ccc(cc1)C(C)(C)C)C,tg,88.57,117.91419781429973
*C(C*)(C(=O)Oc1ccc(cc1)C=Cc1ccccc1)C,tg,143.0,151.6719458615293
*C(C*)(C(=O)Oc1ccc(cc1)CC#N)C,tg,128.0,93.07023946273526
*C(C*)(C(=O)Oc1ccc(cc1)N=Nc1ccc(cc1)OC)C,tg,120.0,149.48914132093518
*C(C*)(C(=O)Oc1ccc(cc1)N=Nc1ccc(cc1)[N+](=O)[O-])C,tg,145.0,143.81908720746387
*C(C*)(C(F)(F)F)F,tg,46.0,48.50164431274261
*C(C*)(C)C,tg,-65.41,48.0323149887749
*C(C*)(C1=NC(C(=O)O1)(C)C)C,tg,165.0,100.30833093996858
*C(C*)(CC(=O)O)C(=O)O,tg,141.0,140.2580005977427
*C(C*)(CC(=O)OC(C)C)C(=O)OC12CC3CC(CC(C1)C3)C2,tg,180.0,182.4866245613709
*C(C*)(CC(=O)OC)C(=O)O,tg,159.0,149.79483472990023
*C(C*)(CC(=O)OC)C(=O)OC12CC3CC(CC(C1)C3)C2,tg,197.0,197.72417523638342
*C(C*)(CC(=O)OC1CCC1)C(=O)OC1CCC1,tg,60.0,163.39613008611568
*C(C*)(CC(=O)OC1CCCCC1)C(=O)OC1CCCCC1,tg,142.0,63.632257298625376
*C(C*)(CC(=O)OCC)C(=O)O,tg,135.0,66.38247365865392
*C(C*)(CC(=O)OCC1CCCCC1)C(=O)OCC1CCCCC1,tg,83.0,73.92424186576321
*C(C*)(CC(=O)OCCC1CCCCC1)C(=O)OCCC1CCCCC1,tg,48.0,48.74762719648484
*C(C*)(CC(=O)OCCCCCCCCC)C(=O)OCCCCCCCCC,tg,-13.0,-9.603742250699385
*C(C*)(CC(=O)OCCCCl)C(=O)OCCCCl,tg,47.0,12.615575000948883
*C(C*)(CC(=O)OCCCl)C(=O)OCCCl,tg,43.0,52.70594912135794
*C(C*)(CC(=O)OCCOC)C(=O)OCCOC,tg,29.0,-4.7912263069156875
*C(C*)(CC(=O)OCCOCCOC)C(=O)OCCOCCOC,tg,-59.4,-35.77436508646099
*C(C*)(CC(=O)OCCOCCOCCOCCOCCOCCOCCOC)C(=O)OCCOCCOCCOCCOCCOCCOCCOC,tg,-71.0,-47.98910491684342
*C(C*)(CC(=O)OCCc1ccccc1)C(=O)OCCc1ccccc1,tg,35.0,64.37093704647259
*C(C*)(CC(=O)OCc1ccccc1)C(=O)OCc1ccccc1,tg,55.0,63.558077533215325
*C(C*)(CC(=O)Oc1ccc(cc1)OC)C(=O)Oc1ccc(cc1)OC,tg,119.5,123.80936099935208
*C(C*)(CC(=O)Oc1ccc(cc1)OCC)C(=O)Oc1ccc(cc1)OCC,tg,110.5,103.162744970654
*C(C*)(CC(=O)Oc1ccc(cc1)OCCC)C(=O)Oc1ccc(cc1)OCCC,tg,94.5,105.39584302790142
*C(C*)(CC(=O)Oc1ccc(cc1)OCCCCC)C(=O)Oc1ccc(cc1)OCCCCC,tg,73.5,68.19667872978532
*C(C*)(CC(=O)Oc1ccc(cc1)OCCCCCCC)C(=O)Oc1ccc(cc1)OCCCCCCC,tg,111.0,58.475995435184714
*C(C*)(CC(=O)Oc1ccccc1)C(=O)Oc1ccccc1,tg,132.0,106.62553520584737
*C(C*)(CCC(C(=O)OC)C)C(=O)OC,tg,34.0,79.8044450705848
*C(C*)(CCC)C,tg,27.0,64.94387224855438
*C(C*)(CCCCCCCC)C(=O)OC,tg,20.0,9.861496514446829
*C(C*)(Cl)Cl,tg,-11.96,42.83387379404661
*C(C*)(F)F,tg,-28.45,10.690382920206522
*C(C*)(OC)C,tg,67.0,0.055805352181042996
*C(C*)(c1cc2c(cc1)cccc2)C,tg,208.0,177.06197550290855
*C(C*)(c1ccc(cc1)C#N)C,tg,238.75,155.72236006351798
*C(C*)(c1ccc(cc1)C(C)C)C,tg,134.91,123.62105932019013
*C(C*)(c1nc(nc(n1)N(CCOCCOCCOC)CCOCCOCCOC)N(CCOCCOCCOC)c1ccccc1)C,tg,-75.0,46.557810060248954
*C(C*)(c1nc2c(cc1)cccc2)C,tg,181.8,155.0418005089282
*C(C*)C#N,tg,93.96,62.57840096771394
*C(C*)C(=O)C,tg,83.33,109.36735687415744
*C(C*)C(=O)N,tg,178.5,103.97419155034568
*C(C*)C(=O)N(C)C,tg,113.45,103.91109433991261
*C(C*)C(=O)N1CCCCC1,tg,108.0,62.95091130201406
*C(C*)C(=O)NC(C)(C)C,tg,135.0,111.01907298465352
*C(C*)C(=O)NC(C)C,tg,132.69,92.31072912241953
*C(C*)C(=O)NC(CC(=O)C)(C)C,tg,86.0,117.65564680365274
*C(C*)C(=O)NCCCCCC(=O)O,tg,68.0,61.119574227775665
*C(C*)C(=O)NCCC[N+](C)(C)C,tg,78.0,71.72147911089512
*C(C*)C(=O)NCCC[N+](CCCS(=O)(=O)O)(C)C,tg,141.5,86.92753866056442
*C(C*)C(=O)NCP(=O)(O)O,tg,26.0,91.79047981438816
*C(C*)C(=O)Nc1cc(ccc1)Cl,tg,70.0,66.09159334692451
*C(C*)C(=O)Nc1ccc(cc1)C(=O)C=Cc1cc(ccc1)Br,tg,55.0,92.02498754274627
*C(C*)C(=O)Nc1ccc(cc1)C(=O)C=Cc1ccc(cc1)Br,tg,64.0,103.62908790445965
*C(C*)C(=O)Nc1ccc(cc1)Cl,tg,76.0,116.61195702152527
*C(C*)C(=O)Nc1ccccc1,tg,160.0,105.40067055623435
*C(C*)C(=O)OC(C(C(C(C(C(C(C(F)(F)F)(F)F)(F)F)(F)F)(F)F)(F)F)(F)F)(F)F,tg,9.0,-2.851977215709457
*C(C*)C(=O)OC(C(Cl)(Cl)Cl)Cl,tg,70.5,56.38534213082533
*C(C*)C(=O)OC(C(F)(F)F)C(F)(F)F,tg,24.06,35.52721428373798
*C(C*)C(=O)OC(C)(C)C,tg,40.66,67.50505087233256
*C(C*)C(=O)OC12CC3(CC(CC(C1)C3)(C2)C)C,tg,103.43,173.92270754145792
*C(C*)C(=O)OC12CC3CC(CC(C1)C3)C2,tg,153.0,175.4638669011247
*C(C*)C(=O)OC1C2(CCC(C1)C2(C)C)C,tg,98.6,122.9078185073753
*C(C*)C(=O)OC1CCCCC1,tg,23.69,66.15968965059062
*C(C*)C(=O)OC1CCCCCCCCCCC1,tg,37.0,25.041265583615722
*C(C*)C(=O)OCC,tg,-9.27,1.4006419162792212
*C(C*)C(=O)OCC(C(C(C(C(C(C(F)(F)F)(F)F)(F)F)(F)F)(F)F)(F)F)(F)F,tg,-17.0,-43.67153474778286
*C(C*)C(=O)OCC(C(C(C(C(F)(F)F)(F)F)(F)F)(F)F)(F)F,tg,-39.0,-34.303798015915305
*C(C*)C(=O)OCC(C(C(C(F)(F)F)(F)F)(F)F)(F)F,tg,-37.0,-39.87899543777873
*C(C*)C(=O)OCC(C(C(C(F)F)(F)F)(F)F)(F)F,tg,-35.0,-29.0406204024362
*C(C*)C(=O)OCC(C(OC(C(C(F)(F)F)(F)F)(F)F)(F)F)(F)F,tg,-68.0,-33.87028510299022
*C(C*)C(=O)OCC(C(OC(C(F)(F)F)(F)F)(F)F)(F)F,tg,-49.0,-45.789731738929646
*C(C*)C(=O)OCC(C)(C)C,tg,22.0,-16.064611196560566
*C(C*)C(=O)OCC(CC)C,tg,-32.0,-10.843880580906134
*C(C*)C(=O)OCC(CCCC)CC,tg,-62.58,-38.57401646823704
*C(C*)C(=O)OCC(COC(=O)c1ccccc1)(COC(=O)c1ccccc1)COC(=O)c1ccccc1,tg,48.0,51.897806965358555
*C(C*)C(=O)OCC(O)C,tg,-7.0,3.880115459753138
*C(C*)C(=O)OCCC#N,tg,4.0,-9.992271119802664
*C(C*)C(=O)OCCC(OC)C,tg,-56.0,-19.327252467904685
*C(C*)C(=O)OCCCC,tg,-31.07,-41.03808773642172
*C(C*)C(=O)OCCCCC,tg,-57.0,-50.16321013932699
*C(C*)C(=O)OCCCCCC,tg,-57.0,-63.95464521508577
*C(C*)C(=O)OCCCCCCC,tg,-60.0,-60.71102804879549
*C(C*)C(=O)OCCCCCCCC,tg,-65.0,-61.285852080598225
*C(C*)C(=O)OCCCCCCCCCCCCCCCCCC,tg,-42.5,-68.13557480851497
*C(C*)C(=O)OCCCCCCCCCCCCOC(=O)c1ccc(cc1)OC(=O)c1ccc(cc1)C#N,tg,15.0,11.774753291278826
*C(C*)C(=O)OCCCCCCCCCCCCOc1ccc(cc1)C(=O)Oc1ccc(cc1)c1cc(ccc1)OC(=O)c1ccc(cc1)OC(=O)c1ccc(cc1)OCCCCCCCCCCCC,tg,67.0,52.400095780722445
*C(C*)C(=O)OCCCCCCCCCCCOc1ccc(cc1)C(=O)Oc1ccc(cc1)c1ccc(cc1)OC(CCCCCC)C,tg,50.0,35.89161588814791
*C(C*)C(=O)OCCCCCCCCCCCn1c2ccccc2c2ccccc12,tg,15.0,16.63651754360017
*C(C*)C(=O)OCCCCCCCCCCOc1cnc(nc1)c1ccc(cc1)OC(=O)C1OC(OC1)(C)C,tg,29.0,47.44413300428066
*C(C*)C(=O)OCCCCCCCCCOC(=O)c1ccc(cc1)OC(=O)c1ccc(cc1)C#N,tg,15.0,12.10636299287878
*C(C*)C(=O)OCCCCCCCCOC(=O)c1ccc(cc1)OC(=O)c1ccc(cc1)C#N,tg,15.0,17.60294982557173
*C(C*)C(=O)OCCCCCCCCn1c2ccccc2c2ccccc12,tg,12.0,31.399614391814193
*C(C*)C(=O)OCCCCCCCOC(=O)c1ccc(cc1)OC(=O)c1ccc(cc1)C#N,tg,20.0,20.039884295958863
*C(C*)C(=O)OCCCCCCOC(=O)c1ccc(cc1)OC(=O)c1ccc(cc1)C#N,tg,30.0,19.26992929841359
*C(C*)C(=O)OCCCCCCOc1cc(c(cc1)C=Nc1ccc(cc1)OCCCCC)O,tg,36.0,47.71991815985179
*C(C*)C(=O)OCCCCCCOc1ccc(cc1)C(=O)Oc1ccc(cc1)C#N,tg,19.5,16.83268395562876
*C(C*)C(=O)OCCCCCCOc1ccc(cc1)C(=O)Oc1ccc(cc1)OC,tg,24.75,21.234119679074137
*C(C*)C(=O)OCCCCCCOc1ccc(cc1)N=Nc1ccc(cc1)[N+](=O)[O-],tg,35.8,48.214110779327584
*C(C*)C(=O)OCCCCCCSCC#N,tg,-59.0,-40.419218943788444
*C(C*)C(=O)OCCCCCOC(=O)c1ccc(cc1)OC(=O)c1ccc(cc1)C#N,tg,30.0,19.7039543209905
*C(C*)C(=O)OCCCCCn1c2ccccc2c2ccccc12,tg,53.0,48.033798233437814
*C(C*)C(=O)OCCCCOC(=O)c1ccc(cc1)OC(=O)c1ccc(cc1)C#N,tg,40.0,34.818583506471406
*C(C*)C(=O)OCCCCSC,tg,-70.0,-70.06833011675583
*C(C*)C(=O)OCCCCn1c2ccccc2c2ccccc12,tg,68.0,44.44001531866934
*C(C*)C(=O)OCCCOc1ccc(cc1)C(=O)OCCCC(C(C(C(C(C(C(C(F)(F)F)(F)F)(F)F)(F)F)(F)F)(F)F)(F)F)(F)F,tg,48.0,39.53170598738732
*C(C*)C(=O)OCCCOc1ccc(cc1)c1ccc(cc1)C#N,tg,51.55,47.168111544909216
*C(C*)C(=O)OCCCSC,tg,-65.0,-62.69476327947139
*C(C*)C(=O)OCCN(C)C,tg,-39.0,-29.253382708923073
*C(C*)C(=O)OCCN(c1ccc(cc1)N=Nc1c(cc(cc1)[N+](=O)[O-])Cl)CC,tg,87.0,89.51054067506156
*C(C*)C(=O)OCCO,tg,0.1,-1.6743608118870843
*C(C*)C(=O)OCCOC(=O)c1cc(cc(c1)[N+](=O)[O-])[N+](=O)[O-],tg,60.8,54.53466563447907
*C(C*)C(=O)OCCOC(C(F)F)(F)F,tg,-22.0,-13.312657968416849
*C(C*)C(=O)OCCOCC,tg,-50.0,-70.16674267629456
*C(C*)C(=O)OCCOCC(F)(F)F,tg,-38.0,-52.17618614887766
*C(C*)C(=O)OCCOCC1(COC1)CC,tg,-16.0,-10.602406479771608
*C(C*)C(=O)OCCOCCOC(C(F)F)(F)F,tg,-40.0,-51.048361327503294
*C(C*)C(=O)OCCOc1ccc(cc1)C(=O)Oc1ccc(cc1)OC,tg,70.0,54.58503370546488
*C(C*)C(=O)OCCOc1ccc(cc1)C(=O)Oc1ccc(cc1)OC(=O)c1ccc(cc1)OCCCC,tg,45.0,51.42256147002138
*C(C*)C(=O)OCCOc1ccc(cc1)C(=O)Oc1ccc(cc1)OC(=O)c1ccc(cc1)OCCCCC,tg,46.0,40.8556478014975
*C(C*)C(=O)OCCOc1ccc(cc1)C(c1ccc(cc1)OCCO)(C)C,tg,22.0,73.44057136121498
*C(C*)C(=O)OCCSCC,tg,-71.0,-50.7966511236399
*C(C*)C(=O)OCCSCCCC#N,tg,-58.0,-60.87098222709176
*C(C*)C(=O)OCF,tg,15.0,-0.10894327511420276
*C(C*)C(=O)OCc1c(c(c(c(c1Br)Br)Br)Br)Br,tg,181.0,62.66596342213683
*C(C*)C(=O)O[Na],tg,230.0,59.99892658613575
*C(C*)C(=O)Oc1c(c(c(c(c1Cl)Cl)Cl)Cl)Cl,tg,145.0,87.36505154488789
*C(C*)C(=O)Oc1c(cc(cc1)Cl)Cl,tg,60.0,61.86923210750548
*C(C*)C(=O)Oc1c(cccc1)C,tg,51.5,56.91626125380852
*C(C*)C(=O)Oc1c(cccc1)C(=O)OCC,tg,30.0,62.71187514281154
*C(C*)C(=O)Oc1c(cccc1)C(C)(C)C,tg,72.0,59.542057931792435
*C(C*)C(=O)Oc1c2c(ccc1)cccc2,tg,85.0,108.71868498857125
*C(C*)C(=O)Oc1cc(cc(c1)C)C,tg,54.0,53.9462952856261
*C(C*)C(=O)Oc1cc(ccc1)C,tg,24.5,34.79415451064421
*C(C*)C(=O)Oc1cc(ccc1)C(=O)OCC,tg,24.0,38.067037600036315
*C(C*)C(=O)Oc1ccc(cc1)C,tg,42.5,66.84502978026092
*C(C*)C(=O)Oc1ccc(cc1)C(=O)O,tg,113.33,70.84919853660621
*C(C*)C(=O)Oc1ccc(cc1)C(=O)OCC,tg,37.0,53.12582361575179
*C(C*)C(=O)Oc1ccc(cc1)C(=O)OCCCC,tg,13.0,36.38286289279404
*C(C*)C(=O)Oc1ccc(cc1)C(=O)OCc1ccccc1,tg,16.25,66.91848678610359
*C(C*)C(=O)Oc1ccc(cc1)C(=O)c1ccc(cc1)Cl,tg,78.0,79.66204915591396
*C(C*)C(=O)Oc1ccc(cc1)C(C)(C)C,tg,71.0,85.65721030254547
*C(C*)C(=O)Oc1ccc(cc1)N=Nc1ccc(cc1)OC,tg,133.6,99.4341785693493
*C(C*)C(=O)Oc1ccc(cc1)N=Nc1ccc(cc1)[N+](=O)[O-],tg,128.2,107.09091071405693
*C(C*)C(=O)Oc1ccc(cc1)[N+](=O)[O-],tg,73.3,108.5946581238412
*C(C*)C(=O)Oc1ccc(cc1)c1ccccc1,tg,105.0,96.29037536431373
*C(C*)C(=O)Oc1ccccc1,tg,101.83,59.14871828532567
*C(C*)C(=O)c1cc(c(cc1)Br)OC,tg,44.0,108.65007027425823
*C(C*)C(=O)c1ccc(cc1)Br,tg,101.5,60.84587428243875
*C(C*)C(=O)c1ccc(cc1)C(C)C,tg,62.5,78.30892132831752
*C(C*)C(=O)c1ccc(cc1)CC,tg,49.25,82.90884096228764
*C(C*)C(=O)c1ccccc1,tg,57.25,93.46863330339642
*C(C*)C(=O)n1c2ccccc2c2ccccc12,tg,47.8,179.429755904519
*C(C*)C(C(F)(F)F)(F)F,tg,41.0,2.7584871449090205
*C(C*)C1=NC(C(=O)O1)(C)C,tg,92.0,164.53320946569693
*C(C*)C1CC(CCC1)C,tg,141.0,108.23893508289657
*C(C*)C1CCC(CC1)C,tg,132.0,110.46066860882475
*C(C*)C1CCCC1,tg,75.0,107.20134611873557
*C(C*)C1CCCCC1,tg,117.68,82.37231212704184
*C(C*)C=C,tg,-13.22,42.411647567587735
*C(C*)CC,tg,-22.54,-7.486543529179595
*C(C*)CC(C)C,tg,45.5,8.824290835015223
*C(C*)CC1CCCCC1,tg,75.0,10.748865543173826
*C(C*)CCC,tg,-32.29,-23.741349114537353
*C(C*)CCCC,tg,-49.86,-35.205127714706194
*C(C*)CCCCC,tg,-45.5,-62.56139552495797
*C(C*)CCCCCC,tg,-56.48,-44.961517499873565
*C(C*)CCCCCCC,tg,-47.0,-38.15754379019434
*C(C*)CCCCCCCC,tg,-35.0,-57.17095225072995
*C(C*)CCCCCCCCCCCC,tg,10.0,-55.78728810245899
*C(C*)CCCCCCCCCCCCCC,tg,-24.0,-48.20192552428883
*C(C*)CCCCCCCCCCCCCCCCCC,tg,-88.0,-24.609314539550258
*C(C*)CCCCCCCCCI,tg,-6.0,-14.868010269627103
*C(C*)CCc1ccccc1,tg,17.5,54.81999781566467
*C(C*)CNc1c(cc(cc1)[N+](=O)[O-])[N+](=O)[O-],tg,160.0,111.20029770804402
*C(C*)CNc1ccc(cc1)[N+](=O)[O-],tg,140.25,125.10020423645487
*C(C*)Cc1cc(ccc1)C,tg,38.75,44.79368162761645
*C(C*)Cc1ccc(cc1)C,tg,62.5,62.494525836918086
*C(C*)Cc1ccccc1,tg,63.33,61.59870240941855
*C(C*)N,tg,57.0,44.53752540119626
*C(C*)N1C(=O)CCC1,tg,143.16,84.2533579691858
*C(C*)NC=O,tg,145.67,108.94531841653244
*C(C*)O,tg,76.98,-2.4179942048641636
*C(C*)OC(=O)C,tg,34.27,30.226218108207373
*C(C*)OC(=O)C(C(C(C(C(F)(F)F)(F)F)(F)F)(F)F)(F)F,tg,-9.0,23.47448425923034
*C(C*)OC(=O)C(C(C(C(F)(F)F)(F)F)(F)F)(F)F,tg,17.5,5.575597775735772
*C(C*)OC(=O)C(C(C(C)C)C)(C)C,tg,50.0,75.20681457199929
*C(C*)OC(=O)C(C(C(F)(F)F)(F)F)(F)F,tg,27.0,18.811108562029943
*C(C*)OC(=O)C(C(CC)(C)C)(C)C,tg,90.0,53.06021829152949
*C(C*)OC(=O)C(C(F)(F)F)(F)F,tg,42.0,33.290878464158354
*C(C*)OC(=O)C(Cl)(Cl)Cl,tg,59.0,98.03923840310222
*C(C*)OC(=O)C(F)(F)F,tg,52.4,41.18606950781832
*C(C*)OC(=O)C1(C(C(C(C(C1(F)F)(F)F)(F)F)(F)F)(F)F)F,tg,54.0,74.37476609202119
*C(C*)OC(=O)C=Cc1ccccc1,tg,127.0,80.2000423826941
*C(C*)OC(=O)CC,tg,11.27,-7.593144981844037
*C(C*)OC(=O)CC(c1ccccc1)(C)C,tg,20.0,56.21497593186414
*C(C*)OC(=O)CCC,tg,-10.1,18.52870403436582
*C(C*)OC(=O)CCCC(=O)c1ccc(cc1)C,tg,40.0,6.787044260765797
*C(C*)OC(=O)C[N-][N+]#N,tg,24.6,33.63858890430553
*C(C*)OC(=O)OCC(F)(F)F,tg,57.0,61.98353909498739
*C(C*)OC(=O)c1cc(ccc1)Br,tg,57.5,66.19285768553948
*C(C*)OC(=O)c1cc(ccc1)C,tg,49.0,64.30828742091417
*C(C*)OC(=O)c1cc(ccc1)Cl,tg,61.75,54.1773089282673
*C(C*)OC(=O)c1cc(ccc1)[N+](=O)[O-],tg,93.0,90.89572643176845
*C(C*)OC(=O)c1ccc(cc1)Br,tg,85.5,65.04998916129969
*C(C*)OC(=O)c1ccc(cc1)C,tg,66.75,71.28927747258255
*C(C*)OC(=O)c1ccc(cc1)C(C)(C)C,tg,116.8,92.02990812841234
*C(C*)OC(=O)c1ccc(cc1)C(C)C,tg,65.65,84.58009000594744
*C(C*)OC(=O)c1ccc(cc1)Cl,tg,70.25,59.55987054133402
*C(C*)OC(=O)c1ccc(cc1)OC(=O)C,tg,76.0,85.54301865239925
*C(C*)OC(=O)c1ccc(cc1)OC(=O)CC,tg,71.5,35.749293764819825
*C(C*)OC(=O)c1ccc(cc1)OC(=O)CCC,tg,61.0,62.62438206864828
*C(C*)OC(=O)c1ccc(cc1)[N+](=O)[O-],tg,122.0,103.16683476096013
*C(C*)OC(=O)c1ccc(cc1)[Si](C)(C)C,tg,125.25,86.92540827648081
*C(C*)OC(=O)c1ccc(cc1)c1ccccc1,tg,84.5,105.18204686542781
*C(C*)OC(=O)c1ccccc1,tg,70.29,75.48893967330089
*C(C*)OC(=O)c1ccncc1,tg,98.5,78.83595095541577
*C(C*)OC(C(F)(F)F)(C(F)(F)F)F,tg,60.0,13.068151801602095
*C(C*)OC(C)C,tg,-7.5,2.3223570637064954
*C(C*)OCC,tg,-37.29,-30.823286861454253
*C(C*)OCC(CC)(C)C,tg,9.0,0.2890002198322942
*C(C*)OCC(CCCC)CC,tg,-66.0,-48.43797552545237
*C(C*)OCCCCC,tg,-66.0,-79.17845296021201
*C(C*)OCCCCCCCC,tg,-79.75,-65.39658818878318
*C(C*)OCCCCCCCCCCCOc1ccc(cc1)C(=O)Oc1ccc(cc1)C#N,tg,37.0,12.493704280317552
*C(C*)OCCOCCOCCOC,tg,-71.3,-70.21618995317547
*C(C*)OCCOc1ccc(cc1)C=C(C#N)C#N,tg,38.0,52.70133161633006
*C(C*)OCCOc1ccc(cc1)C=C(C(=O)OC)C#N,tg,47.0,41.485339292451584
*C(C*)OCCOc1ccc(cc1)N=Nc1ccc(cc1)[N+](=O)[O-],tg,54.0,84.25458506438461
*C(C*)O[N+](=O)[O-],tg,34.5,58.69105818081246
*C(C*)P(=O)(N(C)C)Oc1ccccc1,tg,27.0,76.3818972278518
*C(C*)P(=O)(c1ccccc1)c1ccccc1,tg,127.5,116.86163289915866
*C(C*)SCCCC,tg,-20.0,-35.969733504923
*C(C*)[Si](C)(C)C,tg,147.0,16.977811188655718
*C(C*)c1[nH]nnn1,tg,72.0,138.420156258924
*C(C*)c1c(c(c(c(c1F)F)C(F)(F)F)F)F,tg,112.0,103.27095335984329
*C(C*)c1c(c(c(c(c1F)F)F)F)F,tg,102.15,85.97533124067819
*C(C*)c1c(c(c(c(c1F)F)OC)F)F,tg,94.0,96.3517456655786
*C(C*)c1c(c(c(c(c1F)F)OCC(C(C(C(C(C(C(F)(F)F)(F)F)(F)F)(F)F)(F)F)(F)F)(F)F)F)F,tg,21.0,72.64963039841737
*C(C*)c1c(c(c(c(c1[2H])[2H])[2H])[2H])[2H],tg,100.0,102.26149424843521
*C(C*)c1c(cc(c(c1)C)C)C,tg,104.0,153.21334676196105
*C(C*)c1c(cc(cc1)C)C,tg,98.83,126.92898720463086
*C(C*)c1c(cc(cc1C)C)C,tg,126.0,129.00862213452822
*C(C*)c1c(ccc(c1)Br)OC,tg,86.0,95.73633935423368
*C(C*)c1c(ccc(c1)Br)OCCC,tg,54.0,78.1873468867828
*C(C*)c1c(ccc(c1)Br)OCCCCC,tg,49.0,39.60102279655112
*C(C*)c1c(ccc(c1)C(=O)OC)c1ccc(cc1)OCCCCCCCC,tg,126.0,78.5718849797535
*C(C*)c1c(ccc(c1)C(=O)OCC)c1ccc(cc1)OCCCCCCCC,tg,95.0,86.36080153256722
*C(C*)c1c(ccc(c1)C(=O)OCCCC)c1ccc(cc1)OCCCCCCCC,tg,76.0,65.17924550327828
*C(C*)c1c(ccc(c1)C(=O)OCCCCCC)c1ccc(cc1)OCCCCCCCC,tg,64.0,59.40542383937323
*C(C*)c1c(ccc(c1)C(=O)OCCCCCCCCCC)c1ccc(cc1)OCCCCCCCC,tg,44.0,54.79263259964095
*C(C*)c1c(ccc(c1)C(=O)OCCCCCCCCCCCC)c1ccc(cc1)OCCCCCCCC,tg,42.0,56.18905826363025
*C(C*)c1c(ccc(c1)C(=O)Oc1ccc(cc1)OC)C(=O)Oc1ccc(cc1)OC,tg,109.67,135.7036160092432
*C(C*)c1c(ccc(c1)C(=O)Oc1ccc(cc1)OCC)C(=O)Oc1ccc(cc1)OCC,tg,112.0,113.55105661638358
*C(C*)c1c(ccc(c1)C(=O)Oc1ccc(cc1)OCCCC)C(=O)Oc1ccc(cc1)OCCCC,tg,104.36,108.09075081725477
*C(C*)c1c(ccc(c1)C(=O)Oc1ccc(cc1)OCCCCCCCC)C(=O)Oc1ccc(cc1)OCCCCCCCC,tg,105.0,103.11175717853845
*C(C*)c1c(ccc(c1)C(=O)Oc1ccc(cc1)OCCCCCCCCCC)C(=O)Oc1ccc(cc1)OCCCCCCCCCC,tg,109.0,86.05011827868763
*C(C*)c1c(ccc(c1)C(=O)Oc1ccc(cc1)OCCCCCCCCCCCC)C(=O)Oc1ccc(cc1)OCCCCCCCCCCCC,tg,108.0,84.58205125627256
*C(C*)c1c(ccc(c1)C)C,tg,143.0,98.9013789506583
*C(C*)c1c(ccc(c1)Cl)Cl,tg,108.0,125.78016016976044
*C(C*)c1c(ccc(c1)c1ccc(cc1)C(=O)OC(CC)C)c1ccc(cc1)C(=O)OC(CC)C,tg,212.5,126.51383651560937
*C(C*)c1c(ccc(c1)c1ccc(cc1)C(=O)OC(CCCCCC)C)c1ccc(cc1)C(=O)OC(CCCCCC)C,tg,102.0,110.9581433353759
*C(C*)c1c(cccc1)Br,tg,148.5,147.05852879873035
*C(C*)c1c(cccc1)C(=O)N(C)C,tg,190.0,156.6054838410623
*C(C*)c1c(cccc1)C(=O)NC,tg,189.0,168.01853740492652
*C(C*)c1c(cccc1)C(=O)Nc1ccccc1,tg,191.0,179.33567341115946
*C(C*)c1c(cccc1)C(=O)OC,tg,130.0,153.45745840798168
*C(C*)c1c(cccc1)C(=O)OC(C)C,tg,146.0,134.15972536562256
*C(C*)c1c(cccc1)C(=O)OCC,tg,118.0,112.90358493563508
*C(C*)c1c(cccc1)C(=O)OCC(C)C,tg,127.0,94.14275179380738
*C(C*)c1c(cccc1)C(=O)OCCCC,tg,66.0,102.8641866982679
*C(C*)c1c(cccc1)C(=O)OCCCCC,tg,92.0,56.75729030733551
*C(C*)c1c(cccc1)C(=O)OCCN(C)C,tg,69.0,85.31840307819829
*C(C*)c1c(cccc1)COC,tg,89.0,81.51596817927137
*C(C*)c1c(cccc1)COCC,tg,74.0,84.74968315947044
*C(C*)c1c(cccc1)COCCC,tg,97.0,65.84597961929134
*C(C*)c1c(cccc1)COCCCC,tg,67.0,54.64858652393286
*C(C*)c1c(cccc1)COCCCCC,tg,47.0,43.04705969026725
*C(C*)c1c(cccc1)COCCc1ccccc1,tg,63.0,65.6835919916465
*C(C*)c1c(cccc1)COCc1ccccc1,tg,72.0,80.32844141979957
*C(C*)c1c(cccc1)Cl,tg,112.63,133.22601096152786
*C(C*)c1c(cccc1)O,tg,172.0,161.45984877506797
*C(C*)c1c(cccc1Cl)Cl,tg,165.0,93.85766020703694
*C(C*)c1c2c(ccc1)cccc2,tg,159.0,175.83277847207424
*C(C*)c1cc(c(c(c1)OC)O)OC,tg,147.0,115.24760254247084
*C(C*)c1cc(c(cc1)Cl)Cl,tg,128.0,111.03778640299747
*C(C*)c1cc(c(cc1)Cl)F,tg,122.0,98.5226642869625
*C(C*)c1cc(cc(c1)C(F)(F)F)C(F)(F)F,tg,116.0,107.66590588679766
*C(C*)c1cc(ccc1)B(O[Si](C)(C)C)O[Si](C)(C)C,tg,35.0,108.84416465110242
*C(C*)c1cc(ccc1)Br,tg,102.0,107.38717594459027
*C(C*)c1cc(ccc1)C,tg,74.83,84.3382136730791
*C(C*)c1cc(ccc1)F,tg,86.0,82.9667917901502
*C(C*)c1cc(ccc1)N(c1ccc(cc1)C)c1ccc(cc1)C,tg,126.5,145.47560172181733
*C(C*)c1cc(ccc1)NC(=O)C,tg,163.0,117.50976135944947
*C(C*)c1cc(ccc1)OC(=O)C,tg,76.0,93.50426022051168
*C(C*)c1ccc(cc1)B(O[Si](C)(C)C)O[Si](C)(C)C,tg,84.0,65.17196753517878
*C(C*)c1ccc(cc1)B(Oc1c2ncccc2c(cc1)c1c(c(c(c(c1F)F)F)F)F)c1ccc(cc1)C(C)(C)C,tg,245.0,212.76060558497184
*C(C*)c1ccc(cc1)B(Oc1c2ncccc2c(cc1)c1ccc(cc1)N(C)C)c1ccc(cc1)C(C)(C)C,tg,230.0,238.29281210609125
*C(C*)c1ccc(cc1)B(c1ccc(cc1)C(C)(C)C)Oc1c2ncccc2c(cc1)Cl,tg,238.0,210.8075738853802
*C(C*)c1ccc(cc1)B(c1ccc(cc1)C(C)(C)C)Oc1c2ncccc2ccc1,tg,240.0,201.25605576381832
*C(C*)c1ccc(cc1)C#N,tg,180.0,156.40884177550868
*C(C*)c1ccc(cc1)C(=NO)C,tg,134.0,129.8117741527591
*C(C*)c1ccc(cc1)C(=NO)Cc1ccccc1,tg,111.0,109.22646157633376
*C(C*)c1ccc(cc1)C(=O)C,tg,115.5,120.69807792879269
*C(C*)c1ccc(cc1)C(=O)CCC,tg,74.0,85.50415273011109
*C(C*)c1ccc(cc1)C(=O)CCCCC,tg,66.0,41.73114670257727
*C(C*)c1ccc(cc1)C(=O)CCN1CCCCC1,tg,38.0,47.67351751351097
*C(C*)c1ccc(cc1)C(=O)CCN1CCOCC1,tg,41.0,52.57898933752675
*C(C*)c1ccc(cc1)C(=O)Cc1ccccc1,tg,78.0,100.73144322469709
*C(C*)c1ccc(cc1)C(=O)N(CC)CC,tg,102.0,101.82442512440477
*C(C*)c1ccc(cc1)C(=O)N1CCCCC1,tg,114.0,113.70305935166947
*C(C*)c1ccc(cc1)C(=O)N1CCOCC1,tg,127.0,99.116276592183
*C(C*)c1ccc(cc1)C(=O)OCC,tg,94.0,92.104242419106
*C(C*)c1ccc(cc1)C(=O)OCCC,tg,92.0,82.06712631547154
*C(C*)c1ccc(cc1)C(=O)OCCCC,tg,76.0,52.3979427928086
*C(C*)c1ccc(cc1)C(=O)OCCN(CC)CC,tg,74.0,48.54661849048969
*C(C*)c1ccc(cc1)C(C(C(C(C(C(C(F)(F)F)(F)F)(F)F)(F)F)(F)F)(F)F)(F)F,tg,42.0,85.12170119665558
*C(C*)c1ccc(cc1)C(C)C,tg,62.4,106.92331239487602
*C(C*)c1ccc(cc1)C(CC)(O)C,tg,186.0,137.683202132805
*C(C*)c1ccc(cc1)C(CCC)(O)C,tg,130.0,128.19413994236416
*C(C*)c1ccc(cc1)C(CCCC)(O)C,tg,82.5,116.4303033950446
*C(C*)c1ccc(cc1)C(CCN(C)C)O,tg,43.0,87.3417611069629
*C(C*)c1ccc(cc1)C(CCN1CCOCC1)O,tg,50.0,45.08477499828624
*C(C*)c1ccc(cc1)C(O)(C)C,tg,165.0,152.62706993939508
*C(C*)c1ccc(cc1)C(O)C(F)(F)F,tg,110.0,141.7150147598195
*C(C*)c1ccc(cc1)C([Si](C)(C)C)[Si](C)(C)C,tg,156.0,108.81458571993086
*C(C*)c1ccc(cc1)C([Sn](C)(C)C)[Sn](C)(C)C,tg,140.0,114.09964230412328
*C(C*)c1ccc(cc1)CCC,tg,46.75,61.832556148857044
*C(C*)c1ccc(cc1)CCC(C(C(C(F)(F)F)(F)F)(F)F)(F)F,tg,23.0,47.988260942617096
*C(C*)c1ccc(cc1)CCCCCC,tg,-27.0,-31.760035683979034
*C(C*)c1ccc(cc1)CCCCCCCC,tg,-45.0,-33.55613964478957
*C(C*)c1ccc(cc1)CCCCCCCCCCCC,tg,-52.0,-28.21837826346385
*C(C*)c1ccc(cc1)CCCCCCCCCCCCCCCC,tg,4.5,-46.68715558968863
*C(C*)c1ccc(cc1)COC,tg,77.0,50.43724290206555
*C(C*)c1ccc(cc1)COC(CC)C,tg,40.0,47.19124039924346
*C(C*)c1ccc(cc1)COCCC,tg,22.0,37.76651202366218
*C(C*)c1ccc(cc1)COCCC(C(C(C(C(C(C(C(F)(F)F)(F)F)(F)F)(F)F)(F)F)(F)F)(F)F)(F)F,tg,53.33,21.36102701731948
*C(C*)c1ccc(cc1)COCCC(C(C(C(C(C(F)(F)F)(F)F)(F)F)(F)F)(F)F)(F)F,tg,18.0,34.468370722903785
*C(C*)c1ccc(cc1)COCCC(C(C(C(F)(F)F)(F)F)(F)F)(F)F,tg,13.0,24.731729642648897
*C(C*)c1ccc(cc1)COCCCCCC,tg,-20.0,-20.051218293178813
*C(C*)c1ccc(cc1)COCCCCO,tg,20.0,10.841028318102572
*C(C*)c1ccc(cc1)COCCO,tg,46.0,54.48421411440803
*C(C*)c1ccc(cc1)COCCOCC,tg,0.0,-6.001398505016825
*C(C*)c1ccc(cc1)COCCOCCCCCCCC,tg,-42.0,-35.072334721495686
*C(C*)c1ccc(cc1)COc1ccc(cc1)c1c2c(nsn2)c(cc1)c1sc(cc1)C,tg,128.33,170.4714626939439
*C(C*)c1ccc(cc1)COc1ccc(cc1)c1c2c(nsn2)c(cc1)c1sc(cc1)c1sc(cc1)CCCCCC,tg,122.0,98.57296569739948
*C(C*)c1ccc(cc1)C[Si](C)(C)C,tg,82.0,122.90205611778497
*C(C*)c1ccc(cc1)Cl,tg,119.38,104.45825715837162
*C(C*)c1ccc(cc1)Cn1c2ccccc2c2ccccc12,tg,166.0,181.70881689466123
*C(C*)c1ccc(cc1)F,tg,98.23,98.54003474499993
*C(C*)c1ccc(cc1)I,tg,155.0,97.07831966607799
*C(C*)c1ccc(cc1)N(c1ccccc1)c1ccccc1,tg,123.5,126.5053315470728
*C(C*)c1ccc(cc1)O,tg,161.43,129.57042497593585
*C(C*)c1ccc(cc1)OC,tg,101.33,93.08551160102337
*C(C*)c1ccc(cc1)OC(=O)C,tg,114.44,96.12744011674296
*C(C*)c1ccc(cc1)OCC,tg,86.0,71.46840124795216
*C(C*)c1ccc(cc1)OCCC,tg,70.0,56.328252886411285
*C(C*)c1ccc(cc1)OCCC(C)C,tg,57.0,60.064071305046156
*C(C*)c1ccc(cc1)OCCCC,tg,52.0,44.275393422331874
*C(C*)c1ccc(cc1)OCCOCCOC(=O)C,tg,-3.0,30.261503714187793
*C(C*)c1ccc(cc1)OP1(=NP(=NP(=N1)(OCCOCCOCCOC)OCCOCCOCCOC)(OCCOCCOCCOC)OCCOCCOCCOC)OCCOCCOCCOC,tg,-66.5,-2.844124449612189
*C(C*)c1ccc(cc1)Oc1ccccc1,tg,85.0,103.68558854339808
*C(C*)c1ccc(cc1)S(=O)(=O)N(S(=O)(=O)C(F)(F)F)[Li],tg,152.0,118.54190631628173
*C(C*)c1ccc(cc1)[SiH](C)C,tg,105.0,101.56687434073379
*C(C*)c1ccc(cc1)[Si](C)(C)C,tg,136.0,146.92346940759734
*C(C*)c1ccc(cc1)[Si](O[Si](C)(C)C)(O[Si](C)(C)C)O[Si](C)(C)C,tg,114.0,44.83387991136006
*C(C*)c1ccc(cc1)c1c2ccccc2cc2ccccc12,tg,270.0,250.81133362886038
*C(C*)c1ccc(cc1)c1cc2C(c3c(c2cc1)ccc(c3)c1cc2C(c3c(c2cc1)cccc3)(CCCCCC)CCCCCC)(CCCCCC)CCCCCC,tg,78.33,111.01127881985619
*C(C*)c1ccc(cc1)c1cc2C(c3c(c2cc1)cccc3)(CCCCCC)CCCCCC,tg,76.55,67.47847847664912
*C(C*)c1ccccc1,tg,92.74,86.1455891470938
*C(C*)c1nc(ccc1)C,tg,92.0,107.88541941455715
*C(C*)c1nc(nc(n1)C)C,tg,70.0,109.99714592247808
*C(C*)c1ncccc1,tg,101.64,85.68429469968851
*C(C*)c1sccc1,tg,71.0,64.71823981664136
*C(C=C1)=CC=C1C(=O)NC(=O)*,egc,4.4505,4.013087857571594
*C(C=C1)=CC=C1C(=S)C(C=C2)=CC=C2C(=S)*,egc,2.6743,2.466916191889354
*C(C=C1)=CC=C1C(=S)C(C=C2)=CC=C2O*,egc,2.6372,2.966134168320903
*C(C=C1)=CC=C1C(=S)C(S2)=CC=C2O*,egc,2.6462,2.678093241797082
*C(C=C1)=CC=C1C(=S)OC(=S)*,egc,2.8098,2.788354417186902
*C(C=C1)=CC=C1C(C=C2)=CC=C2C(=S)O*,egc,3.2538,3.3046040230097855
*C(C=C1)=CC=C1C(C=C2)=CC=C2C(C=C3)=CC=C3C(=S)*,egc,2.6076,2.7464209854035166
*C(C=C1)=CC=C1C(C=C2)=CC=C2C(C=C3)=CC=C3C(C=C4)=CC=C4*,egc,2.5009,3.7081623942344377
*C(C=C1)=CC=C1C(C=C2)=CC=C2C(C=C3)=CC=C3C(S4)=CC=C4*,egc,2.8936,2.631422417265724
*C(C=C1)=CC=C1C(C=C2)=CC=C2C(C=C3)=CC=C3O*,egc,3.9661,3.574202098481793
*C(C=C1)=CC=C1C(C=C2)=CC=C2C(S3)=CC=C3C(=S)*,egc,2.3302,2.120434211582051
*C(C=C1)=CC=C1C(C=C2)=CC=C2C(S3)=CC=C3C(S4)=CC=C4*,egc,2.2403,2.468360063957443
*C(C=C1)=CC=C1C(C=C2)=CC=C2C(S3)=CC=C3O*,egc,3.3694,3.65345647132656
*C(C=C1)=CC=C1C(S2)=CC=C2C(=S)C(S3)=CC=C3*,egc,2.0866,2.0659013861938598
*C(C=C1)=CC=C1C(S2)=CC=C2C(C=C3)=CC=C3C(S4)=CC=C4*,egc,2.8274,2.531198566408321
*C(C=C1)=CC=C1C(S2)=CC=C2C(C=C3)=CC=C3O*,egc,3.449,3.193682677297278
*C(C=C1)=CC=C1C(S2)=CC=C2C(S3)=CC=C3C(S4)=CC=C4*,egc,2.0066,2.2945965662701147
*C(C=C1)=CC=C1C(S2)=CC=C2C(S3)=CC=C3O*,egc,3.9319,3.099146137901989
*C(C=C1)=CC=C1C(S2)=CC=C2OC(S3)=CC=C3*,egc,3.0679,3.176228179074747
*C(C=C1)=CC=C1OC(=S)C(S2)=CC=C2*,egc,2.8495,2.755240339353623
*C(C=C1)=CC=C1OC(S2)=CC=C2O*,egc,4.6798,4.118553086936213
*C(CC(C*)c1ccc(cc1)CCl)(C#N)C#N,tg,150.0,124.84464804622777
*C(CC*)(c1ccccc1)C,tg,93.0,125.03731780393865
*C(CCC*)(C(=O)O)C,tg,132.0,59.77156718297868
*C(CCC*)(C)C,tg,45.5,-11.286161892214228
*C(CCC*)C,tg,-56.55,-61.74010079682438
*C(CCCCC*)C,tg,-66.0,-29.730178183960813
*C(CCCCC*)CCC,tg,-68.0,6.3644464406887895
*C(CCCCC*)CCCCCCCC,tg,-72.0,-26.971459252207435
*C(CCCCC*)CCCCCCCCCC,tg,-65.0,-22.113085868622452
*C(CCCCCCC*)C,tg,-58.0,-34.69092895931353
*C(CCCCCCCC*)Cl,tg,-33.0,-12.032392668821265
*C(CCCCCCCCCCCCCCCCCCCC*)COCCOCCOCCOCCOCc1c2ccc3cccc4ccc(cc1)c2c34,tg,-21.0,-13.289564009694919
*C(Cl)=C(Cl)C(Cl)(Cl)C(*)(Cl)Cl,egc,4.2472,4.383850386046522
*C(F)(F)C(*)(F)OC(F)(F)F,egc,8.2947,7.191969930369414
*C(F)(F)C(=O)C(F)(F)O*,egc,5.2431,6.556738303735013
*C(F)(F)C(C=C1)=CC=C1C(F)(F)C(=S)*,egc,2.6791,3.0657782549351222
*C(F)(F)C(C=C1)=CC=C1C(F)(F)O*,egc,4.9933,5.042048630539844
*C(F)(F)C(F)(F)C(=O)C(C=C1)=CC=C1*,egc,4.443,4.0953867970218765
*C(F)(F)C(F)(F)C(C=C1)=CC=C1C(=S)*,egc,3.118,2.9884485902065183
*C(F)(F)C(F)(F)C(C=C1)=CC=C1C(S2)=CC=C2*,egc,3.7339,3.3072873449873317
*C(F)(F)C(F)(F)C(F)(F)C(*)(F)C(F)(F)F,egc,8.4323,7.551182578647373
*C(F)(F)C(F)(F)C(S1)=CC=C1O*,egc,4.1725,4.4629946376054725
*C(F)(F)C(F)(F)CC(C=C1)=CC=C1*,egc,5.1278,4.879254921059944
*C(F)(F)C(F)(F)CN*,egc,6.8454,6.795879045991343
*C(F)(F)C(F)(F)CO*,egc,8.1009,8.15337671526603
*C(F)(F)C(F)(F)NC(=O)*,egc,5.8517,5.570417121668983
*C(F)(F)C(F)(F)ON*,egc,6.8893,8.165322169927276
*C(F)(F)C(S1)=CC=C1C(F)(F)C(=S)*,egc,2.8122,2.9291037834403397
*C(F)(F)C(S1)=CC=C1C(F)(F)C(S2)=CC=C2*,egc,3.3802,4.136649821857734
*C(F)(F)C(S1)=CC=C1C(F)(F)O*,egc,4.9584,4.2782378892772766
*C(F)(F)C1(F)C(F)(F)C(*)(F)C(F)(F)C(F)(Cl)C1(F)F,egc,7.2365,6.6351449622315615
*C(F)(F)C1(F)C(F)(F)C(*)(F)C(F)(F)C(F)(F)C(F)(F)C1(F)F,egc,7.4251,8.025476393150232
*C(F)(F)C1(F)C(F)(F)C(*)(F)C(F)(F)C1(F)F,egb,6.9544,7.766302163666965
*C(F)(F)CC(F)(F)C(=O)*,egc,4.9534,5.719081967399727
*C(F)(F)CC(F)(F)C(=S)*,egc,2.8419,4.818321694091001
*C(F)(F)CC(F)(F)C(C=C1)=CC=C1*,egc,4.7291,5.0091128831040175
*C(F)(F)CC(F)(F)C(S1)=CC=C1*,egc,5.0751,4.302408740951611
*C(F)(F)CC(F)(F)N*,egc,7.1667,7.394651551308824
*C(F)(F)CC(F)(F)O*,egc,9.1417,7.8919750526069725
*C(F)(F)NC(F)(F)C(=O)*,egc,4.8818,5.7008188889163405
*C(F)(F)NC(F)(F)C(S1)=CC=C1*,egc,4.586,4.111998032874927
*C(F)(F)NC(F)(F)N*,egc,8.2137,7.555775686608175
*C(F)(F)NC(F)(F)O*,egc,8.2061,8.099886747945586
*C(F)C(*)(F)F,eea,1.524,1.3554138237973548
*C(F)C(*)(F)F,ei,8.5986,8.17455901223893
*C(F)C(*)(F)F,nc,1.5796,1.5992723774993511
*C(F)C(*)(F)OC(F)(F)F,egb,7.802,7.559206683715072
*C(I)=C(*)I,egc,3.8335,3.8400445482505767
*C(OC(C)=O)=C(OC(C)=O)c1ccc(*)cc1,egc,3.7517,3.805294000760001
*C(OC(F)(F)F)C(*)(F)F,egc,8.5308,7.471344510151006
*C(OC)=C(OC)c1ccc(*)s1,egc,2.5351,2.289242671493051
*C(S1)=CC=C1C(=S)C(S2)=CC=C2O*,egc,2.6229,2.301244637151792
*C(S1)=CC=C1C(S2)=CC=C2C(S3)=CC=C3O*,egc,2.5408,2.7651467481945065
*C(S1)=CC=C1C(S2)=CC=C2OC(=S)*,egc,2.4847,2.316011394820204
*C([2H])([2H])C(*)(C(=O)OC([2H])([2H])C([2H])([2H])[2H])C([2H])([2H])[2H],egc,6.3862,5.960098499856523
*C([2H])([2H])C(*)(F)F,egc,7.1497,6.794973874726574
*C([2H])([2H])C(*)([2H])C([2H])=C([2H])[2H],egc,5.9833,4.793794181747088
*C(c1ccc(N(C)C)cc1)C(*)c1ccc([N+](=O)[O-])cc1,egc,2.3431,2.8107009054828653
*C(c1ccccc1)=c1ccc(=c2ccc(=C(c3ccccc3)c3ccc(-c4ccc(*)s4)s3)s2)s1,egc,1.4486,1.8831548463360042
*C(c1ccccc1)C(*)(C#N)C#N,egc,2.7551,4.5538363601270255
*C(c1cccs1)=c1ccc(=c2ccc(=C(c3cccs3)c3ccc(-c4ccc(*)s4)s3)s2)s1,egc,1.0381,1.7187252646947875
*C*,egc,6.8972,5.580983800781585
*C*,tg,-63.48,27.60157489984754
*C1(C(=O)N(C(=O)C(C1)(*)C)C)C,tg,170.0,145.28059959478455
*C1(C(=O)N(C(=O)C1)c1ccccc1)C*,tg,236.0,225.671985349684
*C1(C(=O)OC(=O)C(C1)(C*)C)C,tg,144.0,139.97940832516403
*C1(C(=O)OC(=O)C1(C(C*)OC)C)C,tg,170.2,149.99626595633435
*C1(C(C(C(C(C(C1(F)F)(F)F)(F)F)(F)F)(C(*)(F)F)F)(F)F)F,tg,198.0,115.02101303481079
*C1(C(C(C(C(C1(F)F)(Cl)F)(F)F)(C(*)(F)F)F)(F)F)F,tg,147.0,167.03821408260336
*C1(C(C(C(C1(F)F)(F)F)(C(*)(F)F)F)(F)F)F,tg,117.0,168.93770172695835
*C1(C(C(C1(F)F)(C(*)(F)F)F)(F)F)F,tg,122.0,129.5674293751625
*C1(C)CC(*)(C)C(=O)N(C)C1=O,egc,5.3373,5.54951524690695
*C1(CC(C1)*)C#N,tg,220.0,129.19463940913792
*C1(CC(c2c1cc(cc2)*)(C)C)C,tg,212.75,194.32982007658325
*C1(CCCCC1)C*,tg,100.0,40.572088275216586
*C1(CCN(CC1)C(=O)C(CC(=O)N1CCC(CC1)(CCC*)C)C)C,tg,72.0,134.7689555750569
*C1(CCN(CC1)C(=O)CCC(=O)N1CCC(CC1)(CCC*)C)C,tg,99.0,93.03161948238395
*C1(F)OC(C(F)(F)F)(C(F)(F)Cl)OC1(*)F,egc,8.2297,6.809486749254764
*C1(NCC(NC1)(C(=O)OCC(CSCC(COC(=O)*)(C)C)(C)C)C)C,tg,40.0,70.09778867016277
*C1(OC(C(O1)(F)C(F)(F)F)(F)F)C(*)(F)F,tg,131.18,141.52550561824754
*C1(OC(C(O1)(F)F)(F)C(F)(F)F)C(*)(F)F,tg,135.0,138.22453746479232
*C1(OC(C(O1)(F)F)(F)F)C(*)(F)F,tg,103.5,118.9614648754915
*C1(OC(CO1)c1ccccc1)C*,tg,75.0,60.32224359415499
*C1(OC(OC1(*)F)(C(Cl)(F)F)C(F)(F)F)F,tg,330.0,159.1205036601008
*C1(OC(OC1*)(C(F)(F)F)C(F)(F)F)F,tg,256.0,119.31275964285453
*C1(c2c(C(=O)N1)cccc2)c1ccc(cc1)OC(=O)c1cc(ccc1)C(=O)Oc1ccc(cc1)*,tg,325.0,292.47183043491793
*C1(c2c(C(=O)N1)cccc2)c1ccc(cc1)OC(=O)c1ccc(cc1)C(=O)Oc1ccc(cc1)*,tg,327.0,330.47240845011
*C1(c2c(C(=O)N1)cccc2)c1ccc(cc1)Oc1ccc(cc1)C(=O)c1ccc(cc1)Oc1ccc(cc1)*,tg,270.6,274.6599782443568
*C1(c2c(C(=O)N1)cccc2)c1ccc(cc1)Oc1ccc(cc1)NC(=O)c1cc2c(C(=O)N(C2=O)c2ccc(cc2)Cc2ccc(cc2)N2C(=O)c3c(C2=O)cc(cc3)C(=O)Nc2ccc(cc2)Oc2ccc(cc2)*)cc1,tg,302.0,295.92760893554373
*C1(c2c(C(=O)N1C)cccc2)c1ccc(cc1)Oc1ccc(cc1)C(=O)c1ccc(cc1)Oc1ccc(cc1)*,tg,245.0,229.00617909934192
*C1(c2c(C(=O)N1c1ccccc1)cccc2)c1ccc(cc1)OC(=O)c1ccc(cc1)[Si](c1ccc(cc1)C(=O)Oc1ccc(cc1)*)(C)C,tg,255.0,237.28109359272955
*C1(c2c(C(=O)O1)cccc2)c1c(cc(c(c1)C(C)C)Oc1ccc(cc1)S(=O)(=O)c1ccc(cc1)Oc1c(cc(c(c1)C)*)C(C)C)C,tg,230.0,234.18676741001468
*C1(c2c(C(=O)O1)cccc2)c1c(cc(c(c1)C)Oc1ccc(cc1)S(=O)(=O)c1ccc(cc1)Oc1c(cc(c(c1)C)*)C)C,tg,269.0,234.89016802244237
*C1(c2c(C(=O)O1)cccc2)c1cc(c(c(c1)Br)OC(=O)c1ccc(cc1)C(=O)Oc1c(cc(cc1Br)*)Br)Br,tg,319.0,267.5311938062358
*C1(c2c(C(=O)O1)cccc2)c1cc(c(cc1)OC(=O)c1cc(ccc1)C(=O)Oc1c(cc(cc1)*)C)C,tg,273.0,238.02689575411108
*C1(c2c(C(=O)O1)cccc2)c1cc(c(cc1)Oc1ccc(cc1)S(=O)(=O)c1ccc(cc1)Oc1c(cc(cc1)*)C)C,tg,245.0,268.56434549931663
*C1(c2c(C(=O)O1)cccc2)c1ccc(cc1)C(=O)NNC(=O)c1ccc(cc1)C(=O)NNC(=O)c1ccc(cc1)*,tg,237.0,285.2540654462364
*C1(c2c(C(=O)O1)cccc2)c1ccc(cc1)OC(=O)Oc1ccc(cc1)*,tg,252.5,210.9878302551624
*C1(c2c(C(=O)O1)cccc2)c1ccc(cc1)OC(=O)c1cc(cc(c1)Cl)C(=O)Oc1ccc(cc1)*,tg,313.0,277.66367953382047
*C1(c2c(C(=O)O1)cccc2)c1ccc(cc1)OC(=O)c1ccc(cc1)C(=O)Oc1ccc(cc1)*,tg,279.0,303.42900060343516
*C1(c2c(C(=O)O1)cccc2)c1ccc(cc1)OC(=O)c1ccc(cc1)[Si](c1ccc(cc1)C(=O)Oc1ccc(cc1)*)(c1ccccc1)c1ccccc1,tg,250.0,224.16174981727195
*C1(c2c(C(=O)O1)cccc2)c1ccc(cc1)Oc1c(c(c(c(c1F)F)C(=O)c1c(c(c(c(c1F)F)Oc1ccc(cc1)*)F)F)F)F,tg,215.0,236.85422027215057
*C1(c2c(C(=O)O1)cccc2)c1ccc(cc1)Oc1ccc(cc1)S(=O)(=O)c1ccc(cc1)Oc1ccc(cc1)*,tg,247.14,258.7586104179108
*C1(c2c(CO1)cccc2)c1ccc(cc1)OC(=O)c1ccc(cc1)C(=O)Oc1ccc(cc1)*,tg,312.0,275.10401954076025
*C1(c2c(Oc3c1cccc3)cccc2)c1ccc(cc1)OC(=O)c1ccc(cc1)C(=O)Oc1ccc(cc1)*,tg,252.0,299.2858577445758
*C12CC3CC(C1)CC(*)(C3)C2,egc,5.7519,6.5426645563253025
*C1=C(C(=O)N(C1=O)CCCC)c1ccc(cc1)c1cc2C(c3c(c2cc1)ccc(c3)c1ccc(cc1)*)(CCCCCC)CCCCCC,tg,155.0,137.40476711152178
*C1=C(CC(C1)(C(=O)OCC)C(=O)OCC)C=C*,tg,27.65,56.668266498115464
*C1=C(CCCCCC)C(CCCCCC)=C(c2sc(-c3sc(*)c4c3OCCO4)c3c2OCCO3)S1(=O)=O,egc,1.3792,2.362099245586065
*C1=CC(=C(C#N)C#N)C=C(O1)C=Cc1ccc(cc1)N=Nc1ccc(cc1)N(CCOC(=O)Nc1c(ccc(c1)NC(=O)OCCN(c1ccc(cc1)N=Nc1ccc(cc1)C=C*)C)C)C,tg,196.0,191.47286787255481
*C1=CC(=C(C#N)C#N)C=C(O1)C=Cc1sc(c(c1CCCCCC)CCCCCC)c1cc2C(c3c(c2cc1)ccc(c3)c1sc(c(c1CCCCCC)CCCCCC)C=C*)(CCCCCC)CCCCCC,tg,115.0,125.18294090227154
*C1=CC(=C(C#N)C#N)C=C(O1)C=Cc1sc(c(c1CCCCCC)CCCCCC)c1sc(cc1)c1sc(c(c1CCCCCC)CCCCCC)C=C*,tg,114.0,52.36016966881004
*C1=CC(=C(C#N)C#N)C=C(O1)C=Cc1sc(cc1)N(CCOC(=O)Nc1c(ccc(c1)NC(=O)OCCN(c1sc(cc1)C=C*)C)C)C,tg,183.0,160.4878642151367
*C1=CC(=C(C#N)C#N)C=C(O1)C=Cc1sc(cc1)c1ccc(cc1)C(=Cc1cc2C(c3c(c2cc1)ccc(c3)C=C(c1ccc(cc1)c1sc(cc1)C=C*)C#N)(CC)CC)C#N,tg,144.0,219.36223214153767
*C1=CC(C)C(C(=O)C(=O)C2CC3C(*)CC3(O)C2=O)C(=O)N1C,egc,2.7097,4.819529062275907
*C1=CC2=CC(*)=NC2=N1,egc,1.0627,2.442860538610238
*C1=CC2=NC(*)=CC2=N1,egc,1.3051,1.9383060893437185
*C1=CC=C(c2sc(-c3sc(*)c4c3OCCO4)c3c2OCCO3)S1(=O)=O,egc,1.7929,1.9557070991701848
*C1=NC2=CC(*)C=CC2=C1,egc,3.2065,2.896295976838959
*C1C(=CC)CC(C1)C=C*,tg,118.43,88.72921516097462
*C1C(=O)N(C(=O)C1)c1ccc(cc1)Cc1ccc(cc1)N1C(=O)C(CC1=O)CC=Cc1c(ccc(c1)C(c1cc(c(cc1)O)C=CC*)(C)C)O,tg,215.0,210.94621103743924
*C1C(=O)N(C(=O)C1*)C(C)(C)C,tg,195.0,177.05145618901184
*C1C(=O)N(C(=O)C1*)C1CCCCC1,tg,205.0,130.3492684838747
*C1C(=O)N(C(=O)C1*)CCCCCCCCOc1ccc(cc1)c1ccc(cc1)C#N,tg,43.0,65.72824286148295
*C1C(=O)N(C(=O)C1*)CCCCCCOc1ccc(cc1)c1ccc(cc1)C#N,tg,76.0,56.877626395380986
*C1C(=O)N(C(=O)C1*)CCCCCOc1ccc(cc1)c1ccc(cc1)C#N,tg,75.0,85.40529164365695
*C1C(=O)N(C(=O)C1*)CCCCOc1ccc(cc1)c1ccc(cc1)C#N,tg,115.0,89.83211719628147
*C1C(=O)N(C(=O)C1*)CCCOc1ccc(cc1)c1ccc(cc1)C#N,tg,130.0,125.17524392053225
*C1C(=O)N(C(=O)C1*)CCOc1ccc(cc1)c1ccc(cc1)C#N,tg,150.0,145.74076239945472
*C1C(=O)N(C(=O)C1*)c1c(cccc1)C,tg,335.0,234.01048352840087
*C1C(=O)N(C(=O)C1*)c1c(cccc1)C(=O)OCCCC,tg,181.0,163.67363599829457
*C1C(=O)N(C(=O)C1*)c1c(cccc1CC)CC,tg,288.0,209.09535986083398
*C1C(=O)N(C(=O)C1*)c1cc(c(c(c1)Br)O[Si](C)(C)C)Br,tg,167.0,166.0685102908832
*C1C(=O)N(C(=O)C1*)c1cc(c(c(c1)Br)O[Si](c1ccccc1)(c1ccccc1)c1ccccc1)Br,tg,179.0,209.725376898117
*C1C(=O)N(C(=O)C1C(C*)(C)C)C,tg,156.5,150.3932953091794
*C1C(=O)N(C(=O)C1C(C*)(C)C)CCCC,tg,80.0,121.50430288571307
*C1C(=O)N(C(=O)C1C(C*)(C)C)c1c(cccc1)C,tg,207.0,239.6937735275835
*C1C(=O)N(C(=O)C1C(C*)(C)C)c1c(cccc1C)C,tg,237.0,217.6171547380842
*C1C(=O)N(C(=O)C1C(C*)(C)C)c1c(cccc1CC)CC,tg,210.0,222.42920596964314
*C1C(=O)N(C(=O)C1C(C*)OC)c1ccc(cc1)N(C)C,tg,221.0,204.59008305506197
*C1C(=O)N(C(=O)C1C(C*)c1ccccc1)C,tg,205.0,180.71911384167885
*C1C(=O)N(C(=O)C1C(C*)c1ccccc1)C(C)(C)C,tg,178.0,201.37663827737896
*C1C(=O)N(C(=O)C1C(C*)c1ccccc1)CCCCCCCCCCCC,tg,70.0,87.45593659035407
*C1C(=O)N(C(=O)C1C(C*)c1ccccc1)CCCCNC(=O)C(C(C(C(C(C(C(F)(F)F)(F)F)(F)F)(F)F)(F)F)(F)F)(F)F,tg,113.0,129.50100938583822
*C1C(=O)N(C(=O)C1C(C*)c1ccccc1)CCCN(c1cc(c(cc1)N=Nc1c(cc(cc1)[N+](=O)[O-])Cl)C)CC,tg,149.0,147.97565719488924
*C1C(=O)N(C(=O)C1C(C*)c1ccccc1)CCN(c1ccc(cc1)N=Nc1ccc(cc1)[N+](=O)[O-])CC,tg,171.67,168.56421361426368
*C1C(=O)N(C(=O)C1C(C*)c1ccccc1)c1ccc(cc1)NC(=O)OCC1N(CCC1)c1ccc(cc1)[N+](=O)[O-],tg,208.0,162.01575232539142
*C1C(=O)N(C(=O)C1CC*)C,tg,141.2,116.63174181517134
*C1C(=O)N(C(=O)C1CC*)CC,tg,109.2,113.7488535209621
*C1C(=O)N(C(=O)C1CC*)CCCCCCCCCCCC,tg,55.4,56.810005205737504
*C1C(=O)N(C(=O)C1CC*)CCCCCCCCCCCCCCCC,tg,65.6,47.62357568143197
*C1C(=O)N(C(=O)C1CC*)CCCCNC(=O)C(C(C(C(C(C(C(F)(F)F)(F)F)(F)F)(F)F)(F)F)(F)F)(F)F,tg,100.0,117.65342513036249
*C1C(=O)N(C(=O)C1CC*)c1ccc(cc1)N(C)C,tg,195.0,223.59111177768148
*C1C(=O)OC(=O)C(C1)C*,tg,140.0,137.99758883870228
*C1C(=O)OC(=O)C1*,egb,6.0081,5.767848072728909
*C1C(=O)OC(=O)C1*,egc,6.3452,6.31534147329931
*C1C(=O)OC(=O)C1C(C*)(N=C=O)C,tg,100.0,117.62143113544435
*C1C(=O)OC(=O)C1C(C*)OC(C)C,tg,142.0,161.6810710674284
*C1C(=O)OC(=O)C1C(C*)OC1CCCCC1,tg,201.0,142.9643260124151
*C1C(=O)OC(=O)C1C(C*)OCC,tg,146.0,152.7573413538267
*C1C(=O)OC(=O)C1C(C*)OCCCC,tg,118.0,126.39185899180313
*C1C(=O)OC(=O)C1C(C*)c1ccccc1,tg,177.0,163.0078248395703
*C1C(=O)OC(=O)C1C1C2CC(C(=O)OC3CCCCC3)C(C2)C1*,egc,6.0803,5.565860586926947
*C1C(=O)OC(=O)C1C1C2CC(C(C1*)C2)C(=O)OC1CCCCC1,tg,195.0,177.9188948023117
*C1C(=O)OC(=O)C1C1C2CC(C(C1*)C2)COCCC,tg,209.0,162.47470897929037
*C1C(C(C(C1)(O)C(F)(F)F)(F)F)(C(C*)(F)F)F,tg,152.0,109.8622162681933
*C1C(C(C(C1)C*)OC(=O)CCCCCCCCCCOc1ccc(cc1)c1ccc(cc1)C#N)OC(=O)CCCCCCCCCCOc1ccc(cc1)c1ccc(cc1)C#N,tg,14.5,48.22269557797655
*C1C(C(C(C1)C=C*)(OC(C(C(F)(F)F)(F)F)(F)F)F)(F)F,tg,77.0,65.68978304801854
*C1C(C(C(C1)C=C*)C(=O)OC(C)(C)C)C(=O)OC(C)(C)C,tg,83.4,75.5362691577406
*C1C(C(C(C1)C=C*)C(=O)OC)C(=O)OC,tg,77.3,58.614922368732095
*C1C(C(C(C1)C=C*)C(=O)OCCCCCCCCCCCOc1ccc(cc1)c1ccc(cc1)C#N)C(=O)OCCCCCCCCCCCOc1ccc(cc1)c1ccc(cc1)C#N,tg,23.82,60.755406899514334
*C1C(C(C(C1)C=C*)C(=O)OCCCCCCOc1ccc(cc1)c1ccc(cc1)C#N)C(=O)OCCCCCCOc1ccc(cc1)c1ccc(cc1)C#N,tg,41.93,73.02785079116872
*C1C(C(C(C1)C=C*)C(=O)Oc1ccccc1)C(=O)Oc1ccccc1,tg,96.5,111.06778916140506
*C1C(C2CC(C1C2)*)CCCCCC,tg,237.33,131.8100426312143
*C1C(CC(C1)C(O)(C(F)(F)F)C(F)(F)F)(C(C*)(F)F)F,tg,118.0,130.02813608417577
*C1C(CC(C1)C=C*)(CCC)C#N,tg,108.0,107.35212604408133
*C1C(CC(C1)C=C*)(CCCC)C#N,tg,87.0,106.53020091829596
*C1C(CC(C1)C=C*)(C[Si](C)(C)C)C#N,tg,128.0,119.48530277591611
*C1C(CC(C1)C=C*)([Si](C)(C)C)C#N,tg,211.0,133.3960178446713
*C1C(CC(C1)C=C*)([Si](O[Si](C)(C)C)(C)C)C#N,tg,88.0,91.2535514036181
*C1C(CC(C1)C=C*)([Si](O[Si](O[Si](C)(C)C)(C)C)(C)C)C#N,tg,47.0,78.26736670271066
*C1C(CC(C1)C=C*)C(=O)OCCCCCCCCOc1ccc(cc1)C=Cc1ccc(cc1)[N+](=O)[O-],tg,49.6,42.59558430697112
*C1C(CC(C1)C=C*)C(=O)OCCN(C)C,tg,12.5,28.185817753312318
*C1C(CC(C1)C=C*)C(=O)OCCNC(C)(C)C,tg,29.0,42.375653241239206
*C1C(CC(C1)C=C*)C1CC=CCC1,tg,105.0,62.05117124211961
*C1C(CC(C1)C=C*)[Si](C)(C)C,tg,109.0,105.015314737915
*C1C(CC(C1)OC(=O)CCCCCCCCCCOc1ccc(cc1)c1ccc(cc1)C#N)CC*,tg,24.0,56.926036251100015
*C1C2C(C(=O)N(C2=O)CCC)C(C1)C=C*,tg,139.0,104.35035848960678
*C1C2C(C(=O)N(C2=O)CCCCCCC)C(C1)C=C*,tg,59.0,67.735434667157
*C1C2C(C(=O)N(C2=O)CCCCCCCC)C(C1)C=C*,tg,56.5,61.35650593151455
*C1C2C(C(=O)N(C2=O)CCCCCCCCC)C(C1)C=C*,tg,52.0,51.334101900272024
*C1C2C(C(=O)N(C2=O)CCCCCCCCCC)C(C1)C=C*,tg,46.0,48.86579416289504
*C1C2C(C(=O)N(C2=O)CCCCCCCCCCCC)C(C1)C=C*,tg,50.0,47.390174852545925
*C1C2C(C(=O)N(C2=O)c2c(cccc2)C)C(C1)C=C*,tg,248.0,257.4555192643139
*C1C2C(C(=O)N(C2=O)c2c(cccc2)Cl)C(C1)C=C*,tg,255.6,215.22483385968528
*C1C2C(C(=O)N(C2=O)c2cc(ccc2)Cl)C(C1)C=C*,tg,204.8,225.49604462601098
*C1C2C(C(=O)N(C2=O)c2cc(ccc2)F)C(C1)C=C*,tg,207.8,208.3773609197435
*C1C2C(C(=O)N(C2=O)c2ccc(cc2)Br)C(C1)C=C*,tg,227.8,227.87250536956267
*C1C2C(C(C(C1*)C2)C(=O)OCC12CC3CC(CC(C1)C3)C2)C(=O)OCC12CC3CC(CC(C1)C3)C2,tg,328.0,289.7039133685608
*C1C2C(C(C(C1*)C2)C(=O)OCCC12CC3CC(CC(C1)C3)C2)C(=O)OCCC12CC3CC(CC(C1)C3)C2,tg,300.0,268.0373052660617
*C1C2C(C(C(C1*)C2)C(=O)OCCC1C2CCC(C1)C2)C(=O)OCCC1C2CCC(C1)C2,tg,260.0,255.25286939781796
*C1C2C(C(C(C1*)C2)C(=O)OCCCc1ccccc1)C(=O)OCCCc1ccccc1,tg,200.0,197.50833337586027
*C1C2C(C(C(C1*)C2)C(=O)OCc1ccccc1)C(=O)OCc1ccccc1,tg,277.0,185.7633855221782
*C1C2C(C(C(C1*)C2)COCc1ccccc1)COCc1ccccc1,tg,176.0,163.8862325680217
*C1C2C(C(C1)CC*)C1C(CC2C1)c1ccc(cc1)COC(CC)C,tg,139.0,164.14216910827167
*C1C2C3C(C=CC3)C(C1*)C2,tg,103.55,200.00282318327714
*C1C2C=CC(C1C(=O)*)C2,tg,85.5,140.75303134646464
*C1C2CC(=CC)C(C2)C1*,egc,5.1841,5.210558729748974
*C1C2CC(C(C1*)C2)C,tg,350.0,156.46573607399816
*C1C2CC(C(C1*)C2)C(=O)OCCc1ccc(cc1)N(c1cc(ccc1)C)c1ccccc1,tg,305.0,264.7823848973097
*C1C2CC(C(C1*)C2)C(=O)OCCc1ccc(cc1)N(c1ccccc1)c1ccccc1,tg,307.0,279.9069314838603
*C1C2CC(C(C1*)C2)CCCCc1ccccc1,tg,148.0,175.21459554689318
*C1C2CC(C(C1*)C2)[Si](C)(C)C,tg,298.0,206.00348136247342
*C1C2CC(C)C(C2)C1*,egc,6.0638,6.322871803922095
*C1C2CCC(C2)C1*,egc,6.1739,6.735398199961686
*C1C=C(C)C(*)S1,egc,5.0392,4.379328112253093
*C1C=C(CCCCCC)C(*)S1,egc,4.7988,4.040861026400105
*C1C=CC(*)C1,egc,5.7164,5.417569983014107
*C1C=CC(*)CC1,egc,5.6051,5.745516978950951
*C1CC(*)OC(O)O1,egc,6.5343,6.353248666037208
*C1CC(C)(C)OC1*,egc,5.8529,5.805647104297881
*C1CC(CC1)*,tg,65.1,145.8964383138819
*C1CC(CC1)C=C*,tg,39.97,45.591227692129266
*C1CC2C3CC4C(C3*)C24C1,egc,5.9559,5.604801130967248
*C1CC2CC(CC(C1)O2)OC(=O)NC1CCC(CC1)CC1CCC(CC1)NC(=O)O*,tg,225.0,138.76715796547475
*C1CC2CC(CC(C1)O2)OC(=O)O*,tg,207.0,160.4830967505696
*C1CC2CC(CC(C1)O2)OC(=O)Oc1ccc(cc1)S(=O)(=O)c1ccc(cc1)OC(=O)O*,tg,184.0,180.5536460465
*C1CC2CC1C(*)C2CCCC,egc,6.1498,5.88494307840508
*C1CCC2C(*)CCC12,egc,6.7514,6.464161607523849
*C1CCN(CC1)C(=C(c1ccc(cc1)C(=O)OCC*)C#N)c1ccc(cc1)OC,tg,171.5,157.30264824059049
*C1CCN(CC1)c1sc(cc1)C=CC1=CC(=C(C#N)C#N)C=C(O1)C=Cc1sc(cc1)N1CCC(CC1)OC(=O)Nc1c(ccc(c1)NC(=O)O*)C,tg,212.0,175.70886417215175
*C1CN(CCC1)C(=C(c1ccc(cc1)C(=O)OC*)C#N)c1ccc(cc1)OC,tg,171.5,128.00789445747276
*C1COC2C1OCC2OC(=O)C(NC(=O)CCCCC(=O)NC(C(=O)O*)C(CC)C)C(CC)C,tg,102.0,64.93462775444864
*C1COC2C1OCC2OC(=O)C(NC(=O)CCCCC(=O)NC(C(=O)O*)C)C,tg,56.0,65.0350795415994
*C1COC2C1OCC2OC(=O)C(NC(=O)CCCCC(=O)NC(C(=O)O*)CC(C)C)CC(C)C,tg,91.0,99.02168601712101
*C1COC2C1OCC2OC(=O)C(NC(=O)CCCCC(=O)NC(C(=O)O*)CCSC)CCSC,tg,71.0,59.685633349082636
*C1COC2C1OCC2OC(=O)C(NC(=O)CCCCC(=O)NC(C(=O)O*)Cc1ccccc1)Cc1ccccc1,tg,97.5,97.97939804915669
*C1COC2C1OCC2OC(=O)C(NC(=O)CCCCCC(=O)NC(C(=O)O*)C)C,tg,45.0,55.839365252842235
*C1COC2C1OCC2OC(=O)C(NC(=O)CCCCCCC(=O)NC(C(=O)O*)C)C,tg,57.0,49.516498194130556
*C1COC2C1OCC2OC(=O)C(NC(=O)CCCCCCC(=O)NC(C(=O)O*)Cc1ccccc1)Cc1ccccc1,tg,91.0,76.97232840068435
*C1COC2C1OCC2OC(=O)C(NC(=O)CCCCCCCCC(=O)NC(C(=O)O*)C)C,tg,57.0,52.72896949164824
*C1COC2C1OCC2OC(=O)C(NC(=O)CCCCCCCCC(=O)NC(C(=O)O*)CC(C)C)CC(C)C,tg,89.0,79.4306242911681
*C1COC2C1OCC2OC(=O)C(NC(=O)CCCCCCCCC(=O)NC(C(=O)O*)CCSC)CCSC,tg,61.0,59.96443810929207
*C1COC2C1OCC2OC(=O)C(NC(=O)CCCCCCCCC(=O)NC(C(=O)O*)Cc1ccccc1)Cc1ccccc1,tg,74.0,78.82733323374063
*C1COC2C1OCC2OC(=O)C(NC(=O)CCCCCCCCCCC(=O)NC(C(=O)O*)Cc1ccccc1)Cc1ccccc1,tg,76.0,77.38166287495427
*C1COC2C1OCC2OC(=O)C=CC(=O)O*,tg,52.0,159.56426433567427
*C1COC2C1OCC2OC(=O)CNC(=O)CCCCCCCCC(=O)NCC(=O)O*,tg,66.0,63.50109671077267
*C1COC2C1OCC2OC(=O)O*,tg,139.7,137.58589564579609
*C1COC2C1OCC2OC(=O)OCC(C(COC(=O)O*)O)O,tg,78.5,102.11675372657255
*C1COC2C1OCC2OC(=O)OCC1OC(OC1COC(=O)O*)(C)C,tg,95.5,91.78773243815805
*C1COC2C1OCC2OC(=O)OCCCCCCCCCCOC(=O)O*,tg,6.5,23.615796173496864
*C1COC2C1OCC2OC(=O)OCCCCCCCCOC(=O)O*,tg,19.5,15.075445745016916
*C1COC2C1OCC2OC(=O)OCCCCCCOC(=O)O*,tg,25.67,21.74377910270128
*C1COC2C1OCC2OC(=O)OCCCCOC(=O)O*,tg,49.0,50.46970515968791
*C1COC2C1OCC2OC(=O)OCCOCCOC(=O)O*,tg,46.5,20.751296683993797
*C1COC2C1OCC2OC(=O)OCCOCCOCCOC(=O)O*,tg,17.0,34.23671912318261
*C1COC2C1OCC2OC(=O)OCCOCCOCCOCCOC(=O)O*,tg,9.5,31.41139340568386
*C1COC2C1OCC2OC(=O)c1cc(ccc1)OCCCCCCCCOc1cc(ccc1)C(=O)O*,tg,31.75,60.14989576444165
*C1COC2C1OCC2OC(=O)c1ccc(cc1)C(=O)O*,tg,255.5,106.8979737932641
*C1COC2C1OCC2Oc1ccc(cc1)CNC(=O)CCCCC(=O)NCc1ccc(cc1)O*,tg,116.0,78.73735446201002
*C1COC2C1OCC2Oc1ccc(cc1)NC(=O)CCCCCCC(=O)Nc1ccc(cc1)O*,tg,72.5,112.03277652799252
*C1COC2C1OCC2Oc1ccc(cc1)NC(=O)c1ccc(cc1)C(=O)Nc1ccc(cc1)O*,tg,132.67,194.91596008665314
*C1COC2C1OCC2Oc1ccc(cc1)NC(=O)c1ccc(cc1)OC1COC2C1OCC2Oc1ccc(cc1)C(=O)Nc1ccc(cc1)O*,tg,165.0,154.8373273107044
*C1C[N+](CC1CC*)(C)C,tg,8.0,114.30822299879904
*C1N(CC(C1)OC(=O)*)C(=O)OCc1ccccc1,tg,78.0,98.03102807541016
*C1OC(=O)C(C1)CCC1C(=O)OC(C1)CCCCC=CCCCC*,tg,24.7,65.67514278297602
*C1OC(C(C(C1NC(=O)C)O)O*)CO,tg,236.5,179.10077798381278
*C1OC(C(C(C1O)O)O*)CO,tg,144.0,196.1746571380801
*C1OC(C(C(C1O)O)O*)COCO,tg,208.0,119.05767742481548
*C1OC(C(C(C1OC(=O)C)O)O*)COC(=O)C,tg,202.0,143.63454239822394
*C1OC(C(C(C1OC(=O)Nc1ccccc1)OC(=O)Nc1ccccc1)O*)COC(=O)Nc1ccccc1,tg,217.0,121.27057048361091
*C1OC(C(C(C1OCC)OCC)O*)COCC,tg,119.5,89.97244351232776
*C1OC(CCC1)NC(=O)*,tg,145.0,112.49632493615952
*C1OC(CO1)COC(=O)CCCCCCC*,tg,-23.0,-27.436886787004294
*C1OC(OC(C1)C*)CCC,tg,45.92,63.6884143231299
*C1OC(OC1COC(=O)OC*)(C)C,tg,51.38,77.46382240163368
*C1OC(OC1COC(=O)OC*)OCC,tg,51.38,50.252283206608965
*C1OC2C(C1OC(=O)OC*)OC(O2)(C)C,tg,128.0,125.15316434450045
*C1OCC(CO1)(COC(=O)CCCCCCC*)C,tg,-26.0,-13.41504356583814
*C1OCC(CO1)OC(=O)CCCCCCC*,tg,6.5,18.317911615217728
*C1OCC(OC1)CNC(=O)CCCCC(=O)NC*,tg,93.0,76.88503346104062
*C1OCC(OC1)CNC(=O)CCCCCCCCC(=O)NC*,tg,73.0,75.0344210509478
*C1OCC2(CO1)COC(OC2)CCCCCCCC(=O)OCCOC(=O)CCCCCCC*,tg,0.0,-21.281773847585114
*C1OCCC1*,tg,131.43,-6.37717623143668
*C1OCCCC1C1C(=O)OC(=O)C1*,tg,210.0,156.47331051708244
*C1OCOC(C1(F)F)C(*)(F)F,tg,125.0,37.41093896187678
*C1OCOC(C1)C*,tg,68.0,92.59254130222091
*C1SC(C=C1CCCCCC)*,tg,23.47,18.863292191988766
*C1c2c(CC1*)cccc2,tg,200.0,93.52817694932023
*C1c2c(OC1*)cccc2,tg,65.2,97.31666914139572
*C1c2c3c(cccc3ccc2)C1*,tg,282.85,183.98179072789966
*C=C(*)C#N,egb,0.5068,3.8506454718100063
*C=C(*)CO,egc,4.3592,4.722082956037321
*C=C(*)c1cc(C(F)(F)F)oc1C(F)(F)F,egc,1.9958,3.1299875740365413
*C=C(*)c1ccc(C(=O)Oc2c(F)c(F)c(F)c(F)c2F)cc1,egc,1.1102,2.0096664309343204
*C=C(*)c1ccc(NC=O)cc1,egc,0.2219,2.04452097703389
*C=C(*)c1ccc([N+](=O)[O-])cc1,egc,0.7984,1.3469913302025396
*C=C(*)c1cccc(Br)c1,egc,0.2843,0.8708287266774228
*C=C(*)c1cccc(C#C)c1,egc,0.069,0.9250932443368534
*C=C(*)c1cccc([Si](C)(C)C)c1,egc,0.7366,1.6457003918228728
*C=C(*)c1cccc2ccccc12,egc,0.8664,1.3146040581479763
*C=C(*)c1cccc[n+]1CC#C,egc,0.3201,1.398724478134626
*C=C(*)c1ccccc1C(F)(F)F,egc,1.343,2.0651382044571416
*C=C(*)c1cccs1,egc,3.6662,1.7292352858456557
*C=C(*)c1ccsc1,egc,2.2157,2.4419526617033607
*C=C(C(C*)(F)F)F,tg,-35.0,9.878102505596257
*C=C(F)C(F)(F)C*,egc,5.7867,5.017315343528864
*C=C*,tg,-25.5,107.40437963431147
*C=C1CCC(=Cc2ccc(*)cc2)C1=O,egc,2.5147,3.2001036169725983
*C=C1CCC(=Cc2ccc(Sc3ccc(*)o3)o2)C1=O,egc,2.4731,3.276964979935126
*C=CC(=C(C)C)C(*)=C(C)C,egc,3.4443,3.2397406683002807
*C=CC(=O)C(C)=Cc1ccc(Sc2ccc(*)o2)o1,egc,2.9229,2.605358477447184
*C=CC(C(*)C(=O)OC)C,tg,53.0,43.983405399915405
*C=CC(C(*)C(=O)OCC)C(=O)OCC,tg,6.0,20.781889739706124
*C=CC(C(*)C(=O)OCCCN(c1ccc(cc1)N(C)C)C)C,tg,16.0,39.30873022190235
*C=CC(C(*)C(=O)OCc1ccccc1)C(=O)OCc1ccccc1,tg,21.0,72.2055881292181
*C=CC(C(*)COCc1ccccc1)COCc1ccccc1,tg,-4.0,32.570758835683066
*C=CC(C(=O)OC(C)C)C(*)C(=O)OC(C)C,egc,5.3094,5.679696005276776
*C=CC(C(=O)OC)C(*)c1ccccc1,egc,4.9911,4.008499866893766
*C=CC(C)(C)C(*)(C)C,egc,5.1816,5.06805126848875
*C=CC(C)(C)CC(C#N)C*,egb,5.2738,5.82371496956764
*C=CC(C)(C)CC(C#N)C*,egc,5.6628,5.342227957905766
*C=CC(C)=C(C)C=Cc1ccc(-c2ccc(*)s2)s1,egc,1.5733,2.206337747107445
*C=CC(C)C(*)C(=O)OCC(C)C,egc,5.4659,5.373093736062261
*C=CC(C)C(*)C(=O)OCCCC,egb,5.4974,5.034716023567383
*C=CC(C)C(*)C(=O)OCCCC,egc,5.2364,5.629113949781376
*C=CC(C)C*,egc,5.7207,5.265663609733889
*C=CC(C)CCCCCCCCC*,egc,5.8829,5.718437658573656
*C=CC(C*)COCC(=O)OCCCCCCCCOc1ccc(cc1)C=Cc1ccc(cc1)[N+](=O)[O-],tg,19.6,20.145916219454506
*C=CC(C*)OC,egc,5.0501,5.593788159061633
*C=CC(C*)OC,tg,-10.5,338.5363858349371
*C=CC1=C(O)C(O)=C(*)C1,egc,1.3796,4.095118946132515
*C=CC1CC(*)C(C#N)(CC)C1,egc,6.1381,5.6706158160520905
*C=CC1CC(*)C(C#N)(CCC)C1,egb,5.8705,5.865952554788896
*C=CC1CC(*)C(C#N)(C[Si](C)(C)C)C1,egc,5.6706,5.364032711548731
*C=CC1CC(*)C(C(=O)OC)C1C(=O)OC,egc,5.0643,5.661075397193592
*C=CC1CC(*)C(C(=O)OCCNC(C)(C)C)C1,egb,4.7904,5.368775179809891
*C=CC1CC(*)C(C(=O)OCCNC(C)(C)C)C1,egc,5.2249,5.112582574183928
*C=CC1CC(*)C(C(F)(F)F)(C(F)(F)F)C1(F)F,egc,5.3867,5.3377601024935855
*C=CC1CC(*)C(F)(F)C1(F)OC(F)(F)C(F)(F)C(F)(F)F,egc,3.4449,5.8071122265494095
*C=CC1CC(*)C2(Cl)OC(=O)OC12Cl,egc,5.2615,5.244465410688585
*C=CC1CC(*)C2C(=O)N(CCC)C(=O)C12,egc,5.2391,5.539479249329683
*C=CC1CC(*)C2C(=O)N(CCCCCCCCC)C(=O)C12,egb,5.104,5.24378373582783
*C=CC1CC(*)C2C(=O)N(CCCCCCCCC)C(=O)C12,egc,5.4434,5.244305350891725
*C=CC1CC(*)C2C(=O)N(c3cc(C(F)(F)F)cc(C(F)(F)F)c3)C(=O)C12,egc,5.0009,4.8915952434175285
*C=CC1CC(*)C2C(=O)N(c3ccc(C)cc3)C(=O)C12,egc,5.2272,4.893006744918843
*C=CC1CC(*)C2C(=O)N(c3cccc(C)c3)C(=O)C12,egc,4.9512,5.258877731738689
*C=CC1CC(*)C2C3CCC(C3)C12,egc,5.1047,5.2936983973133795
*C=CC1CC(*)C2CC=CC12,egb,5.6741,5.4575955740330375
*C=CC1CC(*)C2CC=CC12,egc,5.3836,5.238021370096623
*C=CC1CC(*)C2CCCC12,egc,5.6651,5.833672031197696
*C=CC1CCC(*)C1,egc,5.4117,5.662329548577111
*C=CC=CC=CC=C(*)CCS(=O)(=O)O,egc,0.8077,3.078647598743115
*C=CC=CCC*,egc,4.3008,4.766087524216395
*C=CCC(C*)(C(=O)OC12CC3CC(CC(C1)C3)C2)C(=O)OC12CC3CC(CC(C1)C3)C2,tg,34.0,201.779246165287
*C=CCC*,egc,5.2133,5.279901570213866
*C=CCC*,tg,-89.57,-54.94366995613677
*C=CCCC*,egc,4.6373,5.469012854169856
*C=CCCCC(CCC*)Cl,tg,-63.0,-20.06570777270127
*C=CCCCC(Cl)CCC*,egc,5.737,6.076547471904597
*C=CCCCC*,egb,5.7962,5.5773267412505705
*C=CCCCC*,egc,5.7726,5.790053450886816
*C=CCCCCC*,egc,5.8026,5.738995854002848
*C=CCCCCCCC(CCCCCC*)Cl,tg,-57.0,-50.58282486930993
*C=CCCCCCCCCCC(CCCCCCCCC*)COCCOCCOCCOCCOCc1c2ccc3cccc4ccc(cc1)c2c34,tg,-36.0,-21.871004564672614
*C=CCCCCCCCCCC(CCCCCCCCC*)Cl,tg,-37.0,-67.3019582314013
*C=CCCCCCCCCCC(Cl)CCCCCCCCC*,egc,5.874,6.1308862952469685
*C=CCCCCCCCCCC*,egc,5.8787,5.112459431082945
*C=CCCCCCCCCCC*,tg,-53.0,-72.89010231506639
*C=Cc1cc(CCCCCC)c(-c2sc(*)cc2CCCCCC)s1,egc,1.7165,1.707518319032451
*C=Cc1cc(Cl)c(*)cc1Cl,egc,3.2579,2.934663457237113
*C=Cc1cc(OC)c(*)cc1Br,egc,1.9302,3.1419426073868455
*C=Cc1cc(OC)c(C=Cc2ccc(*)s2)cc1OC,egc,1.7107,2.626961506149638
*C=Cc1cc(OCC)c(*)cc1OCC,egc,4.2145,2.884874390527724
*C=Cc1cc(OCCCCCC)c(*)cc1OC,egc,2.3505,3.5358740919340708
*C=Cc1ccc(*)c(C(=O)OC)c1C(=O)OC,egc,4.11,3.607358506934763
*C=Cc1ccc(*)c(F)c1,egc,2.259,2.8515024301278498
*C=Cc1ccc(*)c2ccc(CCCCCC)cc12,egc,2.3017,2.453400299522453
*C=Cc1ccc(*)c2ccc(CCCCCCCCCCC)cc12,egc,2.3432,2.389128386550543
*C=Cc1ccc(*)c2occc12,egc,1.6799,3.169041101305092
*C=Cc1ccc(*)c2sccc12,egc,2.1967,2.3017158410257066
*C=Cc1ccc(*)n1CCCCCC,egb,1.3683,2.8580233952465988
*C=Cc1ccc(*)n1CCCCCC,egc,1.5103,1.8559046608382068
*C=Cc1ccc(*)n1CCCCCCCCCCCC,egc,1.2671,1.8701398120021144
*C=Cc1ccc(*)nc1,egc,1.9268,2.430602922951755
*C=Cc1ccc(*)s1,egc,2.7814,2.743316768542851
*C=Cc1ccc(-c2ccc(*)s2)s1,egc,1.9942,1.6931313635195466
*C=Cc1ccc(-c2ccc(C=Cc3cc(*)ncn3)cc2)cc1,egc,2.7379,2.9104734477990117
*C=Cc1ccc(C=Cc2cc(*)ncn2)cc1,egc,2.9779,2.5746859302834983
*C=Cc1ccc2c(c1)C(CC(CC)CCCC)(CC(CC)CCCC)c1cc(*)ccc1-2,egc,2.8561,2.8745702410162446
*C=Cc1cccc(C=Cc2cc(*)nc(-c3ccccc3)n2)c1,egc,3.248,3.2790765748139825
*C=Cc1cccc(C=Cc2cc(*)ncn2)c1,egc,3.4013,2.8321190786303743
*C=Cc1csc(C=Cc2cccc(*)n2)c1CCCCCC,egc,3.4055,2.257923707606984
*C=Cc1sc(*)c2c1OC(CCCCCC)CO2,egc,1.0146,2.7899921567998005
*C=NCCCCCCN=Cc1ccc(Sc2ccc(*)o2)o1,egc,3.6661,3.8596659389160246
*C=NCCN=Cc1ccc(Sc2ccc(*)o2)o1,egc,3.3427,3.402183465542838
*C=NN=Cc1cc(CCCCCCCCCCCC)c(*)s1,egc,1.846,2.6094539545752338
*C=Nc1ccc(N=Cc2ccc(Sc3ccc(*)o3)o2)cc1,egc,2.5795,2.7370546350759684
*C=Nc1ccc(S(=O)(=O)c2ccc(N=Cc3ccc(Sc4ccc(*)o4)o3)cc2)cc1,egc,3.0975,3.3757756364531613
*C=Nc1cccc(N=Cc2cccc(*)n2)c1,egc,3.1599,3.6285394759604097
*C=c1ccc(=c2ccc(=Cc3ccc(*)s3)s2)s1,egb,1.224,1.1162924288650098
*C=c1ccc(=c2ccc(=Cc3ccc(-c4ccc(*)s4)s3)s2)s1,egc,0.8337,1.96749028494589
*CC#CC#CCOC(=O)CCC(=O)O*,egc,4.9872,5.434936755315556
*CC#CC#CCOC(=O)NCCCCCCNC(=O)O*,egc,4.9601,5.289234229514954
*CC#CC#CCOC(=O)Nc1ccc(Cc2ccc(NC(=O)O*)cc2)cc1,egc,4.0768,4.383511799492583
*CC#CC#CCOc1ccc(-c2ccc(O*)cc2)cc1,egc,4.0246,3.9407038630830997
*CC#CC#CCOc1ccc(C(C)(C)c2ccc(O*)cc2)cc1,egc,4.3962,4.321014716125631
*CC#CCOC(=O)CCC(=O)O*,egc,5.9483,5.812777285241735
*CC#CCOC(=O)CCCCCCC(=O)O*,egc,6.2765,6.220165714446636
*CC#CCOC(=O)CCCCCCCCC(=O)O*,egc,6.1042,6.45582014800171
*CC#CCOC(=O)CCCCCCCCCCC(=O)O*,egc,6.5433,6.262992428564976
*CC(*)(Br)Br,egc,5.2567,5.431245553143199
*CC(*)(C#N)C#N,egb,6.9314,6.241721262562525
*CC(*)(C#N)C(=O)OCC,egc,6.5171,6.46944696802872
*CC(*)(C#N)C(=O)OCCCCCCC,egc,6.3455,6.258621303157218
*CC(*)(C)C#N,egb,7.1863,7.246288496403649
*CC(*)(C)C#N,egc,7.6319,6.709280787807802
*CC(*)(C)C(=O)Nc1cccc(-c2nnc(-c3ccccc3)o2)c1,egc,3.5944,3.6375521408820033
*CC(*)(C)C(=O)OC,egc,6.5972,6.509955167276606
*CC(*)(C)C(=O)OC(C(F)(F)F)C(F)(F)F,egb,5.3218,6.302880061993113
*CC(*)(C)C(=O)OC(CC)OCC,egc,6.3891,6.098696437338472
*CC(*)(C)C(=O)OC(F)(C(F)(F)F)C(F)(F)F,egb,6.1125,5.9355343644317475
*CC(*)(C)C(=O)OC(F)(C(F)(F)F)C(F)(F)F,egc,6.1534,6.753684161923003
*CC(*)(C)C(=O)OCC,egb,6.2424,6.707171723722572
*CC(*)(C)C(=O)OCC(=O)N1CCCC1,egc,5.0881,5.783394149939207
*CC(*)(C)C(=O)OCC(F)(F)C(F)F,egb,5.3983,6.347739849972352
*CC(*)(C)C(=O)OCC(F)(F)C(F)F,egc,6.3988,6.1973434033517965
*CC(*)(C)C(=O)OCC(F)(F)F,egc,6.5436,6.648662916843902
*CC(*)(C)C(=O)OCCBr,egc,5.9262,6.193761274147646
*CC(*)(C)C(=O)OCCC#N,egb,6.2508,6.321703378786575
*CC(*)(C)C(=O)OCCC1CCCCC1,egc,6.5132,6.50596868345132
*CC(*)(C)C(=O)OCCCCn1c2ccccc2c2ccccc21,egc,3.7637,3.2048735437090525
*CC(*)(C)C(=O)OCC[N+](=O)[O-],egc,4.7247,5.311720025255761
*CC(*)(C)C(=O)OCCc1ccccc1,egb,4.9946,5.242335511810687
*CC(*)(C)C(=O)OCCc1ccccc1,egc,5.7104,4.978798540606192
*CC(*)(C)C(=O)OCc1ccc(Cl)cc1,egc,4.9536,4.831742368311568
*CC(*)(C)C(=O)OCc1ccc(Cl)cc1Cl,egc,4.8651,4.377596283080592
*CC(*)(C)C(=O)OCc1ccc2c(c1)c1ccccc1n2CC,egc,3.4735,3.7115928002788103
*CC(*)(C)C(=O)OCc1cccs1,egc,4.9884,4.437260211628651
*CC(*)(C)C(=O)Oc1ccc2ccccc2c1,egc,3.6336,4.1466066273699855
*CC(*)(C)C(=O)Oc1ccccc1,egb,4.8118,4.6607817971173855
*CC(*)(C)C(=O)Oc1ccccc1,egc,5.2323,5.035858056822447
*CC(*)(CF)C(=O)OC,egc,6.854,6.5616351825977
*CC(*)(CO)C(=O)OCC,egc,5.8505,6.59949866991899
*CC(*)(Cl)C#N,egc,6.5592,6.5532468550684175
*CC(*)(Cl)Cl,egc,5.4955,6.1799314910013745
*CC(*)(F)C(=O)OC,egc,6.8022,6.701687943620357
*CC(*)(F)C(=O)OCC(Cl)(Cl)Cl,egc,6.1654,6.581552297689452
*CC(*)(F)C(=O)OCC(F)(F)C(F)(F)C(F)(F)C(F)(F)C(F)(F)C(F)(F)C(F)(F)C(F)(F)F,egc,6.7134,6.293892978160395
*CC(*)(F)C(=O)OCC(F)(F)C(F)(F)C(F)(F)F,egb,6.2862,6.317529451732218
*CC(*)(F)C(=O)OCC(F)(F)C(F)(F)F,egc,6.4706,6.858342588811906
*CC(*)(F)C(=O)OCCC,egc,6.5259,6.688102528056919
*CC(*)(F)C(=O)OCCC(F)(F)C(F)(F)C(F)(F)C(F)(F)C(F)(F)C(F)(F)C(F)(F)C(F)(F)F,egb,5.7714,6.273838362902544
*CC(*)(F)C(=O)OCCC(F)(F)C(F)(F)C(F)(F)C(F)(F)C(F)(F)C(F)(F)C(F)(F)C(F)(F)F,egc,6.6046,5.98280532061426
*CC(*)(F)Cl,egc,6.2438,6.363840551753974
*CC(*)(F)F,eea,1.1415,1.104997735624867
*CC(*)(F)F,ei,8.1531,8.077810758856725
*CC(*)(F)F,eps,3.37,3.5967159682330756
*CC(*)(F)F,nc,1.6122,1.5867642895864384
*CC(*)=C,egc,5.3034,4.257815804282464
*CC(*)C,eea,0.4343,0.4607694352664983
*CC(*)C,egb,7.6997,8.2478052451485
*CC(*)C,ei,6.185,6.950338268682174
*CC(*)C,eps,2.61,3.26783207223753
*CC(*)C,nc,1.6081,1.6237054229030752
*CC(*)C#N,egc,7.7741,6.091748109717552
*CC(*)C(=O)C(C)(C)C,egc,5.3334,5.641776781822958
*CC(*)C(=O)N(CCC)CCC,egc,5.3191,5.42964223873158
*CC(*)C(=O)N(O)c1cccc(C)c1,egc,4.1845,4.171734329528596
*CC(*)C(=O)NC,egc,5.4371,5.678761845072066
*CC(*)C(=O)NCC,egc,5.2246,5.816437282385962
*CC(*)C(=O)NCC(F)(F)C(F)(F)C(F)(F)F,egc,5.7825,6.37901065115826
*CC(*)C(=O)NCCC,egc,6.0177,5.524448411220544
*CC(*)C(=O)NCCC(F)(F)C(F)(F)C(F)(F)C(F)(F)C(F)(F)C(F)(F)C(F)(F)C(F)(F)F,egc,5.7478,6.520038536216181
*CC(*)C(=O)Nc1ccccc1Cl,egb,4.2427,2.674340618655403
*CC(*)C(=O)OC(C)C,egb,6.455,6.281983919299571
*CC(*)C(=O)OC(C)C,egc,6.4162,6.230566477521292
*CC(*)C(=O)OC(C)CC(C)C,egc,6.3605,5.787409913957669
*CC(*)C(=O)OC(OCC)C(F)(F)F,egc,6.3353,6.411265109107758
*CC(*)C(=O)OC1CCCCC1,egc,6.0771,6.390941224622292
*CC(*)C(=O)OCC,egc,6.2551,6.45065323574715
*CC(*)C(=O)OCC(C)C,egc,6.1261,6.542690245007208
*CC(*)C(=O)OCC(F)(F)C(F)(F)C(F)(F)C(F)(F)C(F)(F)C(F)(F)C(F)(F)F,egb,5.7185,6.043418813285812
*CC(*)C(=O)OCC(F)(F)C(F)(F)C(F)(F)C(F)(F)C(F)(F)C(F)(F)C(F)(F)F,egc,6.2833,6.948406608728728
*CC(*)C(=O)OCC(F)(F)C(F)(F)C(F)(F)F,egc,6.784,6.609903913215707
*CC(*)C(=O)OCC(F)(F)C(F)(F)OC(F)(F)C(F)(F)C(F)(F)C(F)(F)F,egb,6.0236,6.484462995585304
*CC(*)C(=O)OCC(F)(F)C(F)(F)OC(F)(F)C(F)(F)C(F)(F)C(F)(F)F,egc,6.9089,6.320055027684018
*CC(*)C(=O)OCC(F)(F)C(F)(F)OC(F)(F)F,egc,6.5517,6.653849630287744
*CC(*)C(=O)OCC(F)(F)C(F)C(F)(F)F,egc,6.8499,6.627935144806633
*CC(*)C(=O)OCC=C,egc,6.066,5.1796583180644795
*CC(*)C(=O)OCCC#N,egc,6.4368,6.361094288854524
*CC(*)C(=O)OCCCCC,egc,6.4787,6.050736911985847
*CC(*)C(=O)OCCCCCCSCC#N,egc,5.2126,5.028530093164254
*CC(*)C(=O)OCCCCSC,egc,4.571,5.345011923915971
*CC(*)C(=O)OCCCSCC,egb,5.1212,4.813867907003218
*CC(*)C(=O)OCCO,egc,6.417,6.384198398251823
*CC(*)C(=O)OCCOCC1(CC)COC1,egc,5.6941,5.883338740312681
*CC(*)C(=O)OCCSCC#N,egc,5.2595,5.148689734104999
*CC(*)C(=O)Oc1ccc(C#N)cc1,egc,4.6366,3.0160696894465024
*CC(*)C(=O)Oc1ccc(Cl)cc1,egc,2.4559,3.703813505655928
*CC(*)C(=O)Oc1ccc(OC)cc1,egc,4.4447,3.68952656996434
*CC(*)C(=O)c1ccc(Br)c(OC)c1,egc,3.8338,2.590032328918843
*CC(*)C(=O)c1ccc(Br)cc1,egc,1.5897,3.512650824926128
*CC(*)C(=O)c1ccc(CC)cc1,egc,4.27,2.9783445904332795
*CC(*)C(=O)c1ccccc1O,egc,1.7298,3.23586134413934
*CC(*)C(=O)n1sc2ccccc2c1=O,egc,1.2252,3.025676654140239
*CC(*)C(F)(F)C(F)(F)C(F)(F)F,egc,8.6189,7.434143317131804
*CC(*)C(F)(F)F,egc,8.2263,7.7724477481811425
*CC(*)C(N)=O,egb,6.3764,5.981725716875527
*CC(*)CC,egb,7.9012,7.045713788384874
*CC(*)CC(C)C,egc,6.7394,6.061176044210131
*CC(*)CCC,egb,7.2705,7.333734414614444
*CC(*)CCC,egc,6.7336,6.557185862201186
*CC(*)CCCC1CCCCC1,egc,6.3703,6.579119091870426
*CC(*)CCc1ccc(C)cc1,egc,5.1686,4.6177061626601486
*CC(*)CN,egc,5.4738,5.204600721786228
*CC(*)CO,egb,7.4192,7.4417617921509205
*CC(*)CO,egc,6.2929,6.132657569039255
*CC(*)F,egb,8.3099,7.544863341115426
*CC(*)F,ei,7.6332,7.415227079412544
*CC(*)F,eps,3.36,3.673387368974738
*CC(*)N,egc,5.222,5.896995140950953
*CC(*)N1CCCC1=O,egb,5.5902,5.738162282304037
*CC(*)N1CCCC1=S,egc,4.1333,4.379612334392594
*CC(*)OC(=O)C(C)(C)C,egc,6.1579,6.258198672711682
*CC(*)OC(=O)C(F)(F)C(F)(F)F,egc,6.6309,6.7728507695194775
*CC(*)OC(=O)CC1CCCC1,egb,6.4741,6.622124950980966
*CC(*)OC(=O)CC1CCCC1,egc,6.5327,6.608085714936151
*CC(*)OC(=O)CCC,egc,6.8545,6.425934232572318
*CC(*)OC(=O)CCC#N,egc,6.425,6.626590169870262
*CC(*)OC(=O)OCC(F)(F)F,egb,7.9003,6.493672441716883
*CC(*)OC(=O)OCC(F)(F)F,egc,7.5359,6.785658767797985
*CC(*)OC(=O)c1ccc(OC(C)=O)cc1,egc,4.6237,3.997928501419984
*CC(*)OC(=O)c1ccc(OC)cc1,egc,4.435,4.704924560719162
*CC(*)OC(=O)c1cccc(Cl)c1,egc,1.7974,3.8705344656215903
*CC(*)OC(=O)c1cccnc1,egc,4.7397,3.7135274251006516
*CC(*)OC(C)=O,egb,5.9373,6.788929191139318
*CC(*)OC(C)=O,egc,6.8523,6.346929045562943
*CC(*)OC=O,egc,6.9603,5.755608329924874
*CC(*)OCC(=O)OC,egc,5.3903,6.278420373800683
*CC(*)OCCCCC,egc,5.9056,5.603213358610418
*CC(*)OCCCCCCCCCCCC,egc,5.4919,5.869251743255825
*CC(*)OCCCl,egc,6.0339,6.00362922927999
*CC(*)OCCOc1ccc(C=C(C#N)C(=O)OC)cc1,egc,3.1988,2.8810672699147424
*CC(*)OCc1ccccc1,egc,5.0639,4.521208576984308
*CC(*)SC,egc,5.023,5.162818092477226
*CC(*)c1c(F)c(F)c(OC)c(F)c1F,egc,4.6291,4.344108554601309
*CC(*)c1cc(C)ccc1C,egc,4.9137,5.001634462325439
*CC(*)c1cc(OC)ccc1OC,egc,3.8323,4.178585509437008
*CC(*)c1ccc(C(=O)CCN2CCCCC2)cc1,egc,2.7084,3.350707868461539
*CC(*)c1ccc(C(=O)CCN2CCOCC2)cc1,egc,3.2629,3.1007810585366533
*CC(*)c1ccc(C(=O)Cc2ccccc2)cc1,egc,3.6382,3.594169725644956
*CC(*)c1ccc(C(=O)OCC(C)C)cc1,egb,4.8032,4.064382579859763
*CC(*)c1ccc(C(=O)c2ccccc2)cc1,egc,3.5289,3.341106833201403
*CC(*)c1ccc(C(O)CCN2CCOCC2)cc1,egc,3.8601,3.8681593557872684
*CC(*)c1ccc(C)cc1C,egc,4.8585,4.770498589869222
*CC(*)c1ccc(C)nc1,egc,4.8601,4.4634149730734745
*CC(*)c1ccc(CCCCCC)cc1,egc,4.9872,3.6862286404532836
*CC(*)c1ccc(CCl)cc1,egc,3.4202,4.100326811580487
*CC(*)c1ccc(Cl)c([N+](=O)[O-])c1,egc,1.4833,2.9753716496989058
*CC(*)c1ccc(F)cc1,egc,2.0489,4.38831987179408
*CC(*)c1ccc2c(c1)OCO2,egc,4.4057,4.558759949221174
*CC(*)c1ccc2ccccc2c1,egc,3.6351,2.93898580433033
*CC(*)c1cccc(C)c1,egc,5.185,4.256709732186076
*CC(*)c1cccc2c1OCO2,egc,4.5452,4.532671531170949
*CC(*)c1ccncc1,egc,2.5368,4.214069645207557
*CC(*)c1nc(C)nc(C)n1,egc,5.2445,4.932078276226947
*CC(*)n1c(C)c(C)c2ccccc21,egc,2.733,3.0134395174714212
*CC(*)n1cc2ccccc2n1,egc,3.7572,2.845348621238611
*CC(*)n1ccc2ccccc21,egc,1.6204,3.5559980326314253
*CC(*)n1nnc2ccccc21,egc,4.0479,3.2282240062697256
*CC(=O)C(*)C,egc,4.7758,5.556290437116486
*CC(=O)C(=S)C(*)=O,eea,4.8698,4.072691678729862
*CC(=O)C(=S)C(*)=O,egb,1.4812,1.3572147561286343
*CC(=O)C(=S)C(*)=O,ei,6.8667,6.835532355190699
*CC(=O)C(=S)C(*)=O,eps,6.33,4.669234391404114
*CC(=O)C(=S)C(S1)=CC=C1*,egc,2.5515,2.5982215405539444
*CC(=O)C(=S)O*,eea,2.8847,3.873844399061825
*CC(=O)C(=S)O*,egb,2.0217,2.915093969324687
*CC(=O)C(=S)O*,ei,6.719,6.731296543167348
*CC(=O)C(=S)O*,eps,4.8,4.846870890400285
*CC(=O)C(=S)c1ccc(*)cc1,nc,2.03,2.0206772823783514
*CC(=O)C(C=C1)=CC=C1C(=O)*,egc,4.4703,3.9176088858465867
*CC(=O)C(C=C1)=CC=C1C(=S)*,egc,2.7253,2.720501085984863
*CC(=O)C(C=C1)=CC=C1C(S2)=CC=C2*,egc,3.5141,3.297225753612869
*CC(=O)C(S1)=CC=C1C(=O)*,egc,4.0034,3.32251298403099
*CC(=O)C(S1)=CC=C1C(C=C2)=CC=C2*,egc,3.4067,3.38134528499327
*CC(=O)C(S1)=CC=C1C(S2)=CC=C2*,egc,2.8653,3.2796440858652565
*CC(=O)CC(*)=O,eea,1.5258,1.7974684131919894
*CC(=O)CC(*)=O,egb,4.6959,3.8677312151302687
*CC(=O)CC(*)=O,ei,5.6663,6.394025841862713
*CC(=O)CC(*)=O,eps,3.79,3.6734387967705557
*CC(=O)CC(*)=O,nc,1.7565,1.7302482491184943
*CC(=O)CC(*)=S,eea,3.0632,3.5682798610885857
*CC(=O)CC(*)=S,eps,3.82,4.160151090237354
*CC(=O)CC(*)=S,nc,1.8167,1.8324358790042008
*CC(=O)CC(=O)*,egc,4.1544,4.75817347401389
*CC(=O)CC(=S)*,egc,2.8292,3.430160215123029
*CC(=O)CC(C=C1)=CC=C1*,egc,4.4305,4.745417446389012
*CC(=O)CO*,ei,6.97,7.445150081169812
*CC(=O)CO*,nc,1.6922,1.6926400263195713
*CC(=O)Cc1ccc(*)cc1,eea,1.8209,1.6134420857529668
*CC(=O)Cc1ccc(*)cc1,ei,6.2518,6.39949174701831
*CC(=O)Cc1ccc(*)cc1,eps,3.64,3.437933597447065
*CC(=O)Cc1ccc(*)s1,eea,1.6069,1.7864956891789516
*CC(=O)Cc1ccc(*)s1,nc,1.799,1.8273668246922998
*CC(=O)N*,egc,6.0823,6.551754415931172
*CC(=O)N*,ei,7.2525,6.594638759751471
*CC(=O)NC(*)=O,egb,4.8368,4.12555582327653
*CC(=O)NC(*)=O,ei,5.8547,6.1674539834098425
*CC(=O)NC(*)=O,nc,1.7864,1.7860883353814767
*CC(=O)NC(*)=S,eea,2.9562,3.015107623453587
*CC(=O)NC(*)=S,egb,3.0348,2.614443543727363
*CC(=O)NC(*)=S,ei,5.8386,6.375180276400911
*CC(=O)NC(*)=S,nc,1.9255,1.9668801194568075
*CC(=O)NC(=O)*,egc,4.269,5.101757544771981
*CC(=O)NC(=S)*,egc,2.887,3.2767961091104385
*CC(=O)NC(C=C1)=CC=C1*,egc,4.5889,4.353874293743014
*CC(=O)NC(S1)=CC=C1*,egc,4.4758,3.866791672246611
*CC(=O)NCC(=O)O*,egc,6.011,6.147080007763728
*CC(=O)NCCCCCCNC(=O)CO*,egc,6.0674,5.80337178912106
*CC(=O)NCCCCCCNC(=O)COC(=O)CCCCC(=O)O*,egc,6.0986,5.944708671043304
*CC(=O)NCCCCCCNC(=O)COc1ccc(O*)cc1,egc,4.6023,5.043899714501444
*CC(=O)Nc1ccc(*)cc1,eea,1.369,1.2596308838339023
*CC(=O)Nc1ccc(*)cc1,eps,4.03,4.047553996771769
*CC(=O)Nc1ccc(*)cc1,nc,1.8294,1.845853285719654
*CC(=O)Nc1ccc(*)s1,eea,1.3272,1.153240868919324
*CC(=O)Nc1ccc(*)s1,egb,3.9328,3.929503062950921
*CC(=O)Nc1ccc(*)s1,nc,1.8784,1.8387223353855677
*CC(=O)Nc1ccc(NC(=O)CN2C(=O)c3ccc(C(=O)c4ccc5c(c4)C(=O)N(*)C5=O)cc3C2=O)cc1,egc,2.4122,2.423269769035344
*CC(=O)Nc1ccc(Oc2ccc(NC(=O)CN3C(=O)c4ccc(C(=O)c5ccc6c(c5)C(=O)N(*)C6=O)cc4C3=O)cc2)cc1,egc,2.2667,2.5133497710753754
*CC(=O)Nc1ccc(Oc2ccc(Oc3ccc(NC(=O)CN4C(=O)c5ccc(C(=O)c6ccc7c(c6)C(=O)N(*)C7=O)cc5C4=O)cc3)cc2)cc1,egc,2.2729,2.5207024631349895
*CC(=O)O*,eea,1.2063,1.4282934623627628
*CC(=O)O*,ei,8.2018,7.966545243772042
*CC(=O)O*,eps,3.99,3.5708820016784033
*CC(=O)O*,nc,1.6701,1.6746012055881392
*CC(=O)OC(*)=O,ei,8.5901,8.029569095176699
*CC(=O)OC(*)=O,eps,3.95,3.872056954059547
*CC(=O)OC(*)=S,egb,3.73,3.4334376016396977
*CC(=O)OC(*)=S,eps,3.78,4.417494867105308
*CC(=O)OC(=O)*,egc,6.3725,6.045991348542585
*CC(=O)OC(=O)c1ccc(O*)cc1Br,egc,4.4665,4.402057105881111
*CC(=O)OC(=O)c1cccc(O*)c1,egc,4.4815,4.376892869730074
*CC(=O)OC(S1)=CC=C1*,egc,4.6247,4.761689329557317
*CC(=O)OCCCCCCOC(=O)Cn1c(=O)c2cc3c(=O)n(*)c(=O)c3cc2c1=O,egc,3.6832,3.7932803605718957
*CC(=O)Oc1ccc(*)s1,eea,1.4534,1.6399563949870546
*CC(=O)Oc1ccc(*)s1,egb,4.2025,4.22260092006279
*CC(=O)Oc1ccc(*)s1,eps,3.92,3.8289262790582246
*CC(=O)Oc1ccc(*)s1,nc,1.8447,1.8103096713206954
*CC(=O)c1ccc(-c2ccc(*)cc2)cc1,egb,3.0649,3.4177432121659765
*CC(=O)c1ccc(-c2ccc(*)cc2)cc1,ei,6.2808,6.074077180180673
*CC(=O)c1ccc(-c2ccc(*)cc2)cc1,eps,3.96,4.139748299953693
*CC(=O)c1ccc(-c2ccc(*)cc2)s1,egb,2.5123,2.7471848997377197
*CC(=O)c1ccc(-c2ccc(*)cc2)s1,eps,4.58,4.551624094735165
*CC(=O)c1ccc(-c2ccc(*)cc2)s1,nc,2.0173,2.019450095527821
*CC(=O)c1ccc(-c2ccc(*)s2)cc1,eea,2.4129,2.540069218515977
*CC(=O)c1ccc(-c2ccc(*)s2)cc1,ei,5.9294,5.930136367667346
*CC(=O)c1ccc(-c2ccc(*)s2)cc1,nc,2.0511,1.9635734954326372
*CC(=O)c1ccc(-c2ccc(*)s2)s1,egb,2.3893,2.33747375410549
*CC(=O)c1ccc(-c2ccc(*)s2)s1,eps,4.89,4.9277598262918225
*CC(=O)c1ccc(C(*)=O)cc1,egb,2.9172,3.575076594852249
*CC(=O)c1ccc(C(*)=O)cc1,eps,4.2,3.993183724385543
*CC(=O)c1ccc(C(*)=O)s1,eea,3.1941,2.9725102861133657
*CC(=O)c1ccc(C(*)=O)s1,egb,2.9786,3.0567821357237674
*CC(=O)c1ccc(C(*)=O)s1,ei,7.202,6.799747781640362
*CC(=O)c1ccc(C(*)=O)s1,eps,4.49,4.3756651959445545
*CC(=O)c1ccc(C(*)=O)s1,nc,1.9246,1.9210338852908897
*CC(=O)c1ccc(C(*)=S)cc1,eea,3.7473,3.566174580288614
*CC(=O)c1ccc(C(*)=S)cc1,egb,2.4669,1.862249635487728
*CC(=O)c1ccc(C(*)=S)cc1,ei,6.4748,6.508918138030715
*CC(=O)c1ccc(C(*)=S)s1,egb,2.3542,1.930283998368772
*CC(=O)c1ccc(C(*)=S)s1,eps,4.78,5.348284927483045
*CC(=O)c1ccc(O*)cc1,eea,2.3793,1.9781877676485005
*CC(=O)c1ccc(O*)cc1,egb,3.8893,3.5933508602749105
*CC(=O)c1ccc(O*)cc1,ei,6.5457,6.632055086451784
*CC(=O)c1ccc(O*)s1,eea,2.4711,2.2761015145469603
*CC(=S)C(=O)C(*)=S,egb,0.725,1.154062036487688
*CC(=S)C(=O)C(=S)*,egc,1.5344,3.0807185377240787
*CC(=S)C(=O)O*,eea,3.8755,3.6702790621217374
*CC(=S)C(=O)O*,egb,2.0697,2.6004788148425697
*CC(=S)C(=O)O*,eps,4.54,5.118017075452391
*CC(=S)C(=O)O*,nc,1.92,1.9651360196093497
*CC(=S)C(C=C1)=CC=C1N*,egc,2.6292,2.758016376483154
*CC(=S)C(C=C1)=CC=C1O*,egc,2.734,2.9597413398227816
*CC(=S)C(S1)=CC=C1O*,egc,2.8161,3.138785878691189
*CC(=S)CC(*)=S,nc,1.9346,1.9224349174293927
*CC(=S)CC(=S)*,egc,2.5423,3.1528983795776666
*CC(=S)CO*,egb,2.5314,2.7013391515263185
*CC(=S)CO*,egc,3.0342,3.606539462845382
*CC(=S)CO*,ei,5.5936,5.983869356810598
*CC(=S)CO*,eps,4.16,4.554486084031687
*CC(=S)CO*,nc,1.8843,1.911665931632126
*CC(=S)NC(*)=S,eps,5.73,5.126947995490798
*CC(=S)NC(*)=S,nc,2.0504,2.1055113643801833
*CC(=S)NC(=S)*,egc,2.5403,2.8495292288084575
*CC(=S)NO*,eea,2.2076,2.346717154065256
*CC(=S)NO*,egb,3.2554,2.762530261874736
*CC(=S)NO*,egc,3.435,3.8344768611945894
*CC(=S)NO*,ei,5.6761,5.902404001726092
*CC(=S)NO*,eps,5.15,4.4518179737808925
*CC(=S)NO*,nc,1.9431,1.9713901031345782
*CC(=S)OC(*)=S,egb,2.7744,2.8968111067261133
*CC(=S)OC(*)=S,nc,1.9523,1.9060917280013356
*CC(=S)OC(=S)*,egc,3.3702,3.3140615109636338
*CC(=S)c1ccc(C(*)=S)cc1,eea,2.9742,3.4336317462071437
*CC(=S)c1ccc(C(*)=S)s1,egb,1.6797,1.0802222193520221
*CC(=S)c1ccc(C(*)=S)s1,ei,4.932,5.980625684364686
*CC(=S)c1ccc(C(*)=S)s1,eps,6.4,6.53894168751202
*CC(=S)c1ccc(C(*)=S)s1,nc,2.4487,2.310991947194964
*CC(=S)c1ccc(N*)cc1,eea,3.0309,2.6535928710738426
*CC(=S)c1ccc(N*)cc1,ei,5.6636,5.513005075096865
*CC(=S)c1ccc(N*)cc1,eps,5.48,5.045635083879383
*CC(=S)c1ccc(O*)cc1,eea,3.1915,3.1835467742573633
*CC(=S)c1ccc(O*)cc1,egb,2.3706,2.256583558338708
*CC(=S)c1ccc(O*)cc1,eps,4.45,4.399369797401471
*CC(=S)c1ccc(O*)s1,egb,1.6344,2.2981153027263215
*CC(=S)c1ccc(O*)s1,ei,5.946,5.588137412631412
*CC(=S)c1ccc(O*)s1,eps,5.64,5.058288176888683
*CC(=S)c1ccc(O*)s1,nc,2.1619,2.016951744959938
*CC(C#N)(C#N)C(C#N)C(*)(C#N)C#N,egb,6.2447,6.654217466233569
*CC(C#N)(C#N)C(C#N)C(C#N)(C#N)C(C#N)C(C#N)(C#N)C(C#N)C(*)(C#N)C#N,egb,5.9056,6.305452602650391
*CC(C#N)(C#N)CC(C#N)(C#N)C(C#N)C(*)(C#N)C#N,egb,6.5308,6.792753124365711
*CC(C#N)(C#N)CC(C#N)(C#N)C(C#N)C(C#N)(C#N)*,egc,6.9307,6.1971549091982965
*CC(C#N)(C#N)CC(C#N)(C#N)CC(C#N)(C#N)C(C#N)C(*)(C#N)C#N,egb,6.4504,6.750231812105649
*CC(C(=O)Oc1ccccc1)C(C(=O)O)C(*)(C)C,egc,5.2905,5.079625807113366
*CC(C)(C)C(=O)N*,egc,5.6887,5.98796647649002
*CC(C)(C)C(=O)O*,egc,6.6633,6.279347797243182
*CC(C)(C)C1C(=O)N(C(C)C)C(=O)C1*,egc,5.5919,5.947507956860232
*CC(C)(C)CO*,egc,5.8123,5.648127768398307
*CC(C)(C)COC(=O)C(=O)O*,egc,4.957,5.810407371277028
*CC(C)(C)COC(=O)CC(=O)O*,egc,6.7138,6.38005337114992
*CC(C)(C)COC(=O)CCC(=O)O*,egc,6.4486,6.659237548954729
*CC(C)(C)COC(=O)CCCCC(=O)O*,egb,6.5878,6.557231908124845
*CC(C)(C)COC(=O)CCCCC(=O)O*,egc,6.692,6.861629367309044
*CC(C)(C)COC(=O)CCCCCCC(=O)O*,egc,6.7281,6.7615630922354715
*CC(C)(C)COC(=O)CCCCCCCCC(=O)O*,egc,6.6996,6.786682969437248
*CC(C)(C)COC(=O)NC(=O)c1cccc(C(=O)NC(=O)O*)c1,egc,4.9585,4.739135902869739
*CC(C)(C)COC(=O)NC1CCC(CC2CCC(NC(=O)O*)CC2)CC1,egc,5.9159,5.956237024221645
*CC(C)(C)COC(=O)NCCCC(CCNC(=O)O*)OC,egc,6.1723,5.82768184621594
*CC(C)(C)COC(=O)Nc1ccc(Cc2ccc(NC(=O)O*)c(C)c2)cc1C,egc,4.5157,4.8033983403389335
*CC(C)(C)COC(=O)Nc1ccc(NC(=O)O*)cc1,egc,4.8883,5.01024401836394
*CC(C)(C)COC(=O)O*,egc,7.3547,6.828821745174997
*CC(C)(C)CS(=O)(=O)CC(C)(C)COC(=O)O*,egc,6.8436,6.1152885704223765
*CC(C)(C)O*,egc,5.2445,6.264731712401026
*CC(C)(CC)CO*,egc,5.6322,5.803098360768509
*CC(C)(CC)COC(=O)CCCCCCCCC(=O)O*,egc,6.7916,6.614964423168743
*CC(C)(CCl)O*,egc,5.7953,5.769866574696832
*CC(C)(CO*)COCC(F)(F)F,egc,5.3043,6.495941124017228
*CC(C)(CO*)COCCC#N,egc,5.387,5.691556808860948
*CC(C)(COC(=O)NCCCCCCNC(=O)O*)C(=O)O,egc,6.2179,6.183913058141288
*CC(C)(N=C=O)C1C(=O)OC(=O)C1*,egc,6.0105,5.117246138321465
*CC(C)C(C)COC(=O)c1ccc(C(=O)O*)cc1,egc,4.7326,4.691641768147994
*CC(C)C1C(=O)N(CCC)C(=O)C1*,egc,5.8295,5.334109592765939
*CC(C)C1COC2C(C(=O)OC(O)(C(F)(F)F)C(F)(F)C*)CC12,egc,6.2241,5.808187111807948
*CC(C)CNC(=O)O*,egc,6.3739,6.0096667217181485
*CC(C)CO*,egb,7.3501,6.866902947537027
*CC(C)CO*,egc,5.976,6.208477218366495
*CC(C)O*,egb,6.9903,7.064042031748185
*CC(C)O*,egc,5.7517,6.024434232508967
*CC(C1=CC=CC=C1)CC(C2=CC=CC=C2)CC(C3=CC=CC=C3)CC(C4=CC=CC=C4)*,egc,5.2025,4.109055904055688
*CC(C=C1)=CC=C1C(=O)C(=S)*,egc,2.9385,2.9126884030501965
*CC(C=C1)=CC=C1C(=S)O*,egc,3.4449,3.484779796735864
*CC(C=C1)=CC=C1C(C=C2)=CC=C2C(=S)*,egc,2.9595,2.676580001266568
*CC(C=C1)=CC=C1C(S2)=CC=C2C(=S)*,egc,2.7839,2.6547362876843694
*CC(C=C1)=CC=C1C(S2)=CC=C2C(C=C3)=CC=C3*,egc,3.4745,3.6319291143269044
*CC(C=C1)=CC=C1CC(C=C2)=CC=C2*,egc,5.1689,4.373835581330086
*CC(C=C1)=CC=C1NC(C=C2)=CC=C2*,egc,4.3854,4.3238345312553905
*CC(C=C1)=CC=C1NC(S2)=CC=C2*,egc,4.4366,4.2030579998537165
*CC(C=C1)=CC=C1OC(S2)=CC=C2*,egc,4.5691,4.592522928059745
*CC(CBr)(CBr)COC(=O)CCCCC(=O)O*,egc,6.0899,6.532912693464951
*CC(CBr)O*,egc,6.2128,6.049424101481832
*CC(CC(*)(C#N)C#N)c1ccc(CCl)cc1,egc,5.4178,4.391698943887447
*CC(CC(C)(C)C)O*,egc,5.3855,5.3823156577582605
*CC(CC(CC(*)c1ccccn1)c1ccccn1)c1ccccn1,ei,6.2005,5.993962857801993
*CC(CC(CC(CC(*)c1ccccc1)c1ccccc1)c1ccccc1)c1ccccc1,egb,4.8255,5.225485217763793
*CC(CC(CC(CC(*)c1ccccc1)c1ccccc1)c1ccccc1)c1ccccc1,nc,1.6244,1.8075915283911559
*CC(CC)O*,egc,5.7746,5.724679483335253
*CC(CCC)C(CCC)COC(=O)c1ccc(C(=O)O*)cc1,egb,4.4708,4.411200424848771
*CC(CCCC)O*,egc,5.4348,5.813012708722686
*CC(CCl)(CBr)COC(=O)CCCCC(=O)O*,egc,6.6998,6.2318852956969
*CC(CCl)(CCl)C(=O)O*,egc,6.551,6.240661409707145
*CC(CCl)(CCl)COC(=O)C(=O)O*,egc,5.906,5.451097248396998
*CC(CCl)(CCl)COC(=O)CCCCC(=O)O*,egc,6.8357,6.885906787651752
*CC(CCl)(CO*)COC(C)=O,egc,6.4853,5.793575022667163
*CC(CCl)O*,egc,6.3441,6.019989211739912
*CC(CO*)(CS(=O)(=O)CC)CS(=O)(=O)CC,egc,5.0473,5.4081350149057865
*CC(CO*)(CS(=O)(=O)CCC)CS(=O)(=O)CCC,egc,4.6292,5.371503568159597
*CC(CO*)(CS(=O)(=O)CCCC)CS(=O)(=O)CCCC,egc,5.4465,4.969760462896983
*CC(CO*)(CS(=O)(=O)CCCCC)CS(=O)(=O)CCCCC,egc,5.21,5.295367572723009
*CC(CO*)(CS(C)(=O)=O)CS(C)(=O)=O,egc,5.8874,5.154149752961309
*CC(CO*)(CSC(C)C)CSC(C)C,egc,4.6686,4.725829067953564
*CC(CO*)(CSC)CSC,egc,4.984,5.196125113962937
*CC(CO*)(CSCC)CSCC,egc,4.7171,5.300142450685242
*CC(CO*)C(C)(C)C,egc,5.7599,5.693177110227909
*CC(COCC)O*,egc,5.5518,5.890413693811027
*CC(COCC=C)O*,egc,5.2711,5.379041861719498
*CC(COCCCCCC)O*,egc,5.6762,5.537991923396447
*CC(COc1c(Cl)cc(Cl)cc1Cl)O*,egc,4.5851,4.203931575476833
*CC(COc1ccc(-c2ccc(C#N)cc2)cc1)O*,egc,4.4378,4.210884161840217
*CC(COc1ccc(Cl)cc1)O*,egc,4.8901,4.599424909475807
*CC(COc1cccc(C)c1)O*,egc,5.1113,4.963040646930677
*CC(CS(=O)(=O)CCC)O*,egc,6.0251,5.152422402581058
*CC(CS(C)(=O)=O)O*,egc,5.2613,6.0097861851158765
*CC(CSC(C)C)O*,egc,4.8245,5.061794820303356
*CC(C[N-][N+]#N)O*,egc,5.5722,5.817366984290313
*CC(Cl)(C#N)C1C=CC(*)CC1,egc,5.4881,5.581228656576194
*CC(F)(F)C(F)(F)C(F)(F)C(F)(F)COC(=O)C(F)(F)C(F)(F)C(F)(F)C(F)(F)C(=O)O*,egc,6.3052,6.777515908178142
*CC(F)(F)C(F)(F)C(F)(F)C(F)(F)COC(=O)CCCC(=O)O*,egc,7.0209,6.834105943364076
*CC(F)(F)C(F)(F)C(F)(F)C(F)(F)COC(=O)NCCCCCCNC(=O)O*,egc,6.4368,6.606934809709849
*CC(F)(F)C(F)(F)C(F)(F)C(F)(F)COC(=O)O*,egc,7.7624,7.3860681380863005
*CC(F)(F)C(F)(F)C(F)(F)COC(=O)CC(CC(=O)O*)C(F)(F)C(F)(F)C(F)(F)F,egc,6.6602,6.810844128829888
*CC(F)(F)C(F)(F)C(F)(F)COC(=O)CCCC(=O)O*,egc,6.894,6.790704387496978
*CC(F)(F)C(F)(F)C(F)(F)COC(=O)CCCCC(=O)O*,egc,6.6433,6.971157907410502
*CC(F)(F)C(F)(F)C(F)(F)COC(=O)CSCSCC(=O)O*,egc,5.1865,5.895906376211286
*CC(F)(F)C(F)(F)C(F)(F)COC(=O)NCC(F)(F)C(F)(F)C(F)(F)C(F)(F)CNC(=O)O*,egc,6.897,6.559064762699678
*CC(F)(F)C(F)(F)C(F)(F)COC(=O)NCCCCCCNC(=O)O*,egc,6.3766,6.32335458291291
*CC(F)(F)C(F)(F)COC(=O)NCC(F)(F)C(F)(F)C(F)(F)C(F)(F)CNC(=O)O*,egc,7.202,7.2824194932111155
*CC(F)(F)C(F)=C(*)Cl,egc,4.8591,5.526709034707381
*CC(F)(F)C1(F)CC(CC(O)(C(F)(F)F)C(F)(F)F)CC1*,egc,7.7065,6.495134250464737
*CC(O)C(O)CN(*)c1ccc(N(C)C)cc1,egc,3.7705,3.441390210986428
*CC(O)C(O)COC(=O)O*,egc,6.9702,6.790152147437289
*CC(O)CN(*)c1cc(C)c(N=Nc2ccc(Cl)cc2)c(C)c1,egc,2.6365,2.8529454646066252
*CC(O)CN(*)c1cc(C)cc(C)c1,egc,4.5575,4.26210686192576
*CC(O)CN(*)c1ccc(N=Nc2ccc(C#N)cc2)cc1,egc,2.0164,2.7887015060127474
*CC(O)CN(*)c1ccc(N=Nc2ccc(Cl)cc2)cc1,egc,2.6263,2.3484521059486436
*CC(O)CO*,egc,6.5192,6.05317549481391
*CC(O)COc1ccc(O*)cc1,egc,4.7923,4.938676124165367
*CC(O*)C(C)(C)C,egc,5.5394,5.646552706603762
*CC(O*)C(C)C,egc,5.7752,5.784753230134585
*CC(O*)C(F)(F)F,eea,0.7546,1.0267262663315522
*CC(O*)C(F)(F)F,egb,7.4158,7.550066415201416
*CC(O*)C(F)(F)F,egc,6.7566,6.7623665000975475
*CC(O*)C(F)(F)F,ei,7.9431,8.031322285387656
*CC(O*)c1ccccc1,egc,5.2866,5.086443881118508
*CC(O*)c1ccco1,egc,5.0251,4.873344504299602
*CC(OC(=O)OCC)C(COC(=O)O*)OC(=O)OCC,egc,7.1757,6.829441797198607
*CC(OC(C)=O)C1C(=O)N(c2ccc(C)cc2)C(=O)C1(*)Cl,egc,4.7107,4.530470653570101
*CC(OC)C(C(=O)O)C(*)C(=O)O,egc,6.3287,6.146289592884594
*CC(OC)C1C(=O)OC(=O)C1*,egc,5.9975,6.175970470012515
*CC(OC1CCCCC1)C1C(=O)OC(=O)C1*,egc,5.6267,6.0749849273391145
*CC(OC=O)C(COC(=O)O*)OC=O,egc,7.0946,6.738329474970589
*CC(S1)=CC=C1C(=O)C(S2)=CC=C2*,egc,3.4685,3.257849887888743
*CC(S1)=CC=C1C(=S)C(S2)=CC=C2*,egc,2.5715,2.4867971631007366
*CC(S1)=CC=C1C(C=C2)=CC=C2C(=S)*,egc,2.7134,2.622680883814766
*CC(S1)=CC=C1C(C=C2)=CC=C2C(S3)=CC=C3*,egc,3.3769,3.361529004879265
*CC(S1)=CC=C1C(S2)=CC=C2C(S3)=CC=C3*,egc,3.0602,2.9200536580125647
*CC(S1)=CC=C1C(S2)=CC=C2O*,egc,3.4793,3.395042875630649
*CC(S1)=CC=C1CC(=S)*,egc,3.2956,3.002579269123135
*CC(S1)=CC=C1CO*,egc,4.6049,4.589781838034159
*CC(S1)=CC=C1NC(S2)=CC=C2*,egc,4.1254,3.950128008702077
*CC(c1ccccc1)C1C(=O)OC(=O)C1*,egc,5.3123,5.012385522204317
*CC1(*)CCCCC1,egc,6.3291,7.064207844149361
*CC1(C)CC(*)(C)C(=O)OC1=O,egc,6.0049,6.012941288315517
*CC1(C)CC(N2C(=O)c3ccc(-c4ccc5c(c4)C(=O)N(*)C5=O)cc3C2=O)CC(C)(C)C1,egc,3.6926,3.2060441395547814
*CC1(CO*)CC2C=CC1C2,egc,5.6096,5.217084928580961
*CC1CC(*)C(=O)OC1=O,egc,6.1563,6.288614485773699
*CC1CC(*)CN(c2nc(N)nc(N)n2)C1,egc,5.1254,5.131947755151038
*CC1CC(*)OC(C)O1,egc,6.0468,6.305417953344763
*CC1CC(*)OCO1,egc,6.5995,6.072545881279124
*CC1CC(CNC(=O)c2cccc(C(=O)N*)c2)CC(C(C)(C)C)C1,egc,4.8842,4.569874623426559
*CC1CC1CNC(=O)C1CC1C(=O)N*,egb,5.6374,5.5643948190179735
*CC1CC1CO*,egc,5.9176,6.047047221859642
*CC1CC1COC(=O)NC1CC1NC(=O)O*,egc,6.5515,5.989891571810576
*CC1CC1COC(=O)Nc1ccc(C)c(NC(=O)O*)c1,egb,4.7181,4.760495596302109
*CC1CC1COC(=O)c1cccc(C(=O)O*)c1,egb,4.4908,4.333866720023303
*CC1CC1COC(=O)c1cccc(C(=O)O*)c1,egc,5.0466,4.9793881649277925
*CC1CCC(*)C1,egc,6.9613,6.612038892309624
*CC1CCC(CNC(=O)CCCCCC(=O)N*)CC1,egb,5.2823,6.156594645943422
*CC1CCC(CNC(=O)CCCCCCC(=O)N*)CC1,egc,5.8707,5.856088342867435
*CC1CCC(CNC(=O)CCCCCCCC(=O)N*)CC1,egc,5.7062,5.871813372611335
*CC1CCC(CNC(=O)CCCCCCCCC(=O)N*)CC1,egc,5.7331,5.8277671710335435
*CC1CCC(CNC(=O)CCCCCCCCCCC(=O)N*)CC1,egc,5.9594,5.829748330480269
*CC1CCC(CNC(=O)c2cc(C(=O)N*)cc(C(C)(C)C)c2)CC1,egc,4.8744,4.916186381680205
*CC1CCC(COC(=O)C(=O)O*)CC1,egc,5.4765,5.734746051647926
*CC1CCC(COC(=O)C2CCC(C(=O)O*)CC2)CC1,egc,6.6637,6.3689073086961105
*CC1CCC(COC(=O)CCC(=O)O*)CC1,egc,6.5939,6.700883679752088
*CC1CCC(COC(=O)CCCCC(=O)O*)CC1,egc,6.7775,6.717817880651772
*CC1CCC(COC(=O)CCCCCCCCCCC(=O)O*)CC1,egc,6.723,6.819497206474051
*CC1CCC(COC(=O)Cc2ccc(CC(=O)O*)cc2)CC1,egc,5.3094,5.301506470403867
*CC1CCC(COC(=O)NCCSCCCCCSCCNC(=O)O*)CC1,egb,5.4414,5.2749296237332866
*CC1CCC(COC(=O)NCCSCCCSCCNC(=O)O*)CC1,egc,5.5784,5.171664560559158
*CC1CCC(COC(=O)c2ccc(NC(=O)O*)cc2)CC1,egc,4.5441,4.603184862677354
*CC1CCC(COC(C)OC(=O)c2cccc(C(=O)OC(C)O*)c2)CC1,egc,4.9396,4.905970139989704
*CC1CCC(COCO*)CC1,egc,6.4282,6.436704240778301
*CC1CCCC(CC(=O)N*)C1,egc,6.0189,5.936842345166455
*CC1CCCC(CNC(=O)CCCCCCC(=O)N*)C1,egc,5.9323,5.793639642798432
*CC1CCCC(CNC(=O)c2cccc(C(=O)N*)c2)C1,egc,4.8123,5.009301102356794
*CC=CCNC(=O)CCC=CCCC(=O)N*,egc,5.3865,5.1596741166091
*CC=CCOC(=O)CCCCCCCCC(=O)O*,egc,6.002,5.937701680979321
*CC=CCOC(=O)NCCCCCCNC(=O)O*,egc,5.7218,5.670795846695107
*CCC(*)=O,egc,5.3275,5.361300599957614
*CCC(=O)C(*)=S,eea,3.1911,3.9987041774763075
*CCC(=O)C(*)=S,egb,1.8131,2.030307506553125
*CCC(=O)C(*)=S,nc,1.9627,1.9812513960939084
*CCC(=O)C(=S)*,egc,3.2378,2.861957062301997
*CCC(=O)C(S1)=CC=C1*,egc,3.959,3.7077636012327986
*CCC(=O)N(CCN(C(=O)CCN1CCN(*)CC1)C(C)C)C(C)C,egc,4.3463,5.1382395878895935
*CCC(=O)N*,eea,1.1904,0.5768566804741119
*CCC(=O)N*,egc,5.6558,6.090879065270725
*CCC(=O)N*,eps,3.61,3.642842674365751
*CCC(=O)N*,nc,1.7036,1.7504620042201766
*CCC(=O)NCC(=O)N*,egc,6.1234,5.886863318129631
*CCC(=O)NCc1c(C)c(C)c(CNC(=O)CCO*)c(C)c1C,egc,5.3036,5.317678210222668
*CCC(=O)O*,ei,7.7853,7.8819552440122225
*CCC(=O)O*,eps,3.39,3.451415682562074
*CCC(=O)O*,nc,1.6631,1.6317528288512222
*CCC(=O)OC(=O)Cc1ccc(-c2ccc(*)cc2)cc1,eea,1.5387,1.9668403786025586
*CCC(=O)OC(=O)Cc1ccc(-c2ccc(*)cc2)cc1,ei,6.1951,6.637757363617953
*CCC(=O)OC(=O)Cc1ccc(-c2ccc(*)cc2)cc1,eps,3.47,3.689416948657436
*CCC(=O)Oc1ccc(OC(=O)CCN2CCN(*)C(C)C2)cc1,egc,4.6472,4.479213470686002
*CCC(=O)c1ccc(*)cc1,egb,3.6964,3.7524202465372882
*CCC(=O)c1ccc(*)cc1,ei,6.8635,6.360604662368096
*CCC(=O)c1ccc(*)cc1,nc,1.8245,1.835301328761557
*CCC(=O)c1ccc(*)s1,eea,2.6933,2.5082204027082726
*CCC(=O)c1ccc(*)s1,egb,3.1093,3.1347319856104368
*CCC(=O)c1ccc(*)s1,nc,1.8757,1.832016152790005
*CCC(=S)O*,ei,6.2041,6.024353955441507
*CCC(=S)O*,eps,3.71,3.850367014550476
*CCC(C(=O)OC)C(*)C(=O)OC,egc,6.6384,6.384673941857778
*CCC(C)(C)CC(C)CNC(=O)CCCCC(=O)N*,egc,5.8095,5.518335025700015
*CCC(C)(C)CC(C)COC(=O)CCCCC(=O)O*,egc,6.7293,6.4206435520904
*CCC(C)=C(*)C,egc,4.9429,5.1959665688792995
*CCC(C)C(*)(C)C(=O)OC,egc,6.5856,6.258610135389821
*CCC(C)C(C)CCNC(=O)c1cccc(C(=O)N*)c1,egb,4.7199,4.429609578270423
*CCC(C)CC(=O)O*,egb,6.7489,6.63584152765823
*CCC(C)CC(=O)O*,egc,6.826,6.843295555337983
*CCC(C)CO*,egc,6.1714,6.181448178980246
*CCC(C=C1)=CC=C1C(=S)*,egc,2.742,3.0814274891490245
*CCC(C=C1)=CC=C1O*,egc,4.9179,4.7470935582713985
*CCC(Cl)C(*)Cl,egc,6.5471,6.942135819353098
*CCC(F)(F)C(*)(F)Cl,egb,7.4828,7.822957641004693
*CCC(F)(F)C(*)(F)Cl,egc,7.738,7.6188913046207665
*CCC(F)(F)C(*)(F)F,egb,9.1316,8.865787629494944
*CCC(F)(F)C(*)(F)F,egc,8.6882,8.116485222459218
*CCC(F)(F)C(*)(F)F,ei,9.0178,8.914730630295903
*CCC(F)(F)C(*)(F)F,eps,3.08,3.6109490783356804
*CCC(O*)(C(F)(F)F)C(F)(F)F,eea,0.4911,1.182559434713779
*CCC(O*)(C(F)(F)F)C(F)(F)F,egb,8.3878,8.278093593987427
*CCC(O*)(C(F)(F)F)C(F)(F)F,ei,8.3643,8.402654804188467
*CCC(O*)(C(F)(F)F)C(F)(F)F,eps,3.05,3.37032993292462
*CCC(O*)(C(F)(F)F)C(F)(F)F,nc,1.5724,1.5673253562236664
*CCC(S1)=CC=C1O*,egc,4.8828,4.507903428661848
*CCC([2H])C(*)([2H])C,egc,6.8414,6.346541303082892
*CCC1CC(*)C2C3CC(C12)C(C)(C(=O)OC)C3,egc,6.4636,5.894910728243763
*CCC1CC(*)C2CCCC12,egb,7.4997,6.617189737823454
*CCC1CCC(*)C1,egb,7.9915,7.072230771326666
*CCC1CCC(*)C1,egc,7.1099,7.19287019536804
*CCC=C(*)Cl,egc,5.461,4.818563158506922
*CCCC(*)=O,eea,1.2346,1.1410784938271066
*CCCC(*)=O,egb,5.13,5.74535302020689
*CCCC(*)=O,eps,3.27,2.98664837763114
*CCCC(*)=O,nc,1.6556,1.702972132193244
*CCCC(*)=S,eea,2.3997,2.5039607019361796
*CCCC(*)=S,egb,2.9464,3.320618940587187
*CCCC(*)=S,nc,1.7702,1.849896415585906
*CCCC(*)C,egc,7.1052,6.990521906091294
*CCCC(*)C#N,egb,7.4859,7.444909635723261
*CCCC(*)C#N,egc,7.8211,6.960003629569199
*CCCC(*)Cl,egc,6.9806,6.714116834098091
*CCCC(=O)NCCCCCCNC(=O)CCCO*,egc,5.652,5.892860577900198
*CCCC(=O)NCCCCCOCCCCCNC(=O)CCCO*,egc,5.8594,5.884602580054499
*CCCC(=O)O*,egc,6.7691,6.720840733306092
*CCCC(=S)*,egc,3.3942,4.0730575391271975
*CCCC(C)(C)CNC(=O)c1cccc(C(=O)N*)c1,egc,5.0204,4.832896282674131
*CCCC(C)CC(=O)N*,egc,6.0894,6.149806519553005
*CCCC(C)CCC(=O)O*,egc,6.54,6.774864105251899
*CCCC(C=C1)=CC=C1*,egc,4.9932,4.933678906147876
*CCCC(CCNC(=O)c1ccc(C(=O)N*)cc1)C(C)C,egc,4.6978,5.007398668428627
*CCCC(Cl)C(*)Cl,egc,6.8622,6.788106997765417
*CCCC(S1)=CC=C1*,egc,4.7481,4.226857491570125
*CCCC1CC(=O)N(*)C(=O)C1,egc,5.8014,5.514242161939354
*CCCC1CCN(C(=O)Nc2ccc(Cc3ccc(NC(=O)N4CCC(*)CC4)cc3)cc2)CC1,egc,4.6275,4.280901120138939
*CCCC1CCN(C(=O)SSCCCCSSC(=O)N2CCC(*)CC2)CC1,egc,5.001,4.67187153906192
*CCCCC(=O)N*,egc,5.9658,6.012153580638915
*CCCCC(=O)NCCCCCCC(=O)NCCC(=O)N*,egc,5.7097,5.851572775880234
*CCCCC(=O)O*,egc,6.623,6.757500707708258
*CCCCC(C)CCn1c(=O)c2cc3c(=O)n(*)c(=O)c3cc2c1=O,egc,3.7606,3.9066149354326045
*CCCCC(N)C(=O)N*,egc,5.746,5.874053802115693
*CCCCCC(*)C,egc,7.1803,6.697560667973411
*CCCCCC(*)CC,egc,6.7743,6.769583978342199
*CCCCCC(=O)NCCCCCCNC(=O)CCCCCO*,egc,5.7609,5.882054423028206
*CCCCCC(=O)NCCCCCCNC(=O)CCCCCOC(=O)CCCCC(=O)O*,egc,5.9182,5.939177011461016
*CCCCCC(=O)NCCCCCOCCCCCNC(=O)CCCCO*,egc,5.905,5.857096037273957
*CCCCCC(=O)NCCCCCOCCCCCNC(=O)CCCO*,egc,5.841,5.9166180164499425
*CCCCCC(=O)NCCNC(=O)CCCCCOC(=O)CCCCC(=O)O*,egc,5.9333,5.9857503218103965
*CCCCCC(=O)NCCOC(=O)CCCCC(=O)O*,egc,6.3289,5.962536056589251
*CCCCCC(=O)NCc1ccc(CNC(=O)CCCCCO*)cc1,egc,5.243,5.201647733280172
*CCCCCC(=O)NCc1ccc(CNC(=O)CCCCO*)cc1,egc,5.142,5.302379741096601
*CCCCCC(=O)S*,egb,5.0001,4.844990143785453
*CCCCCC(=O)S*,egc,5.3869,5.029160420916295
*CCCCCCC(=O)N*,eea,0.6934,0.7982614076476643
*CCCCCCC(=O)N*,egb,5.9361,6.26216743517197
*CCCCCCC(=O)N*,egc,6.0436,5.766386162611185
*CCCCCCC(=O)N*,eps,3.34,3.3984618022223008
*CCCCCCC(=O)NCCCCCCNC(=O)CCCCCCO*,egc,5.7692,5.868820992126151
*CCCCCCC(=O)NCCCCCCNC(=O)CCCO*,egc,5.9827,5.909722660541396
*CCCCCCC(=O)NCCCCCOCCCCCNC(=O)CCCO*,egc,5.944,5.933982800491957
*CCCCCCC(=O)O*,egc,6.5222,6.7430135543117915
*CCCCCCC(Cl)C(*)Cl,egb,6.7965,6.656165144478048
*CCCCCCCC(=O)N(*)C,egc,5.5443,5.75906610071075
*CCCCCCCC(=O)O*,egc,6.6609,6.6649434695234335
*CCCCCCCC(=O)OC1COC(*)OC1,egc,6.6422,6.378923881197823
*CCCCCCCC(=O)OCC1COC(*)O1,egc,6.6417,6.449647617324881
*CCCCCCCCC(*)Cl,egc,6.9974,7.195922514207977
*CCCCCCCCC(=O)N*,egc,6.101,6.013764223634217
*CCCCCCCCC(=O)NCCCCCCNC(=O)CCCO*,egc,5.9837,5.870821247568012
*CCCCCCCCC(=O)NCCCCCOCCCCCNC(=O)CCCCO*,egc,5.8271,5.7827896145459246
*CCCCCCCCC(=O)NCCCCCOCCCCCNC(=O)CCCO*,egc,5.9383,5.799788444848144
*CCCCCCCCC(=O)O*,egc,6.4657,6.79929150635736
*CCCCCCCCC(Cl)C(*)Cl,egc,6.9929,7.141310004497351
*CCCCCCCCCC#CC#CCCCCCCCCCOC(=O)CCCCCCCCC(=O)O*,egc,5.4028,5.893853935953548
*CCCCCCCCCC(=O)N*,egc,6.1321,6.038653232805099
*CCCCCCCCCCC(=O)N(*)C,egc,5.7405,5.705398078788341
*CCCCCCCCCCC(=O)NCC(=O)N*,egc,6.0226,6.205827180463746
*CCCCCCCCCCC(=O)NCCCCCOCCCCCNC(=O)CCCCO*,egc,5.6858,5.883223055659496
*CCCCCCCCCCC(=O)NCCCCCOCCCCCNC(=O)CCCO*,egc,5.4741,5.915029180180799
*CCCCCCCCCCC(=O)NCc1ccc(CNC(=O)CCCCO*)cc1,egc,5.2644,5.2594435822585615
*CCCCCCCCCCC(=O)O*,egc,6.8465,6.74432861485323
*CCCCCCCCCCC(Cl)C(*)Cl,egc,7.2165,6.976693114423556
*CCCCCCCCCCCC(=O)N(*)C,egc,5.8019,5.680844752952801
*CCCCCCCCCCCC(=O)N*,egc,6.0986,6.0587081185192435
*CCCCCCCCCCCC(=O)NCC(=O)N*,egc,6.1662,5.95601373180326
*CCCCCCCCCCCC(=O)O*,egc,6.7916,6.766114695502244
*CCCCCCCCCCCCC(=O)N*,egc,6.0892,6.04547535294811
*CCCCCCCCCCCCC(=O)O*,egc,6.7386,6.833675315615858
*CCCCCCCCCCCCCC(=O)O*,egc,6.7839,6.7506834278025725
*CCCCCCCCCCCCCCC(*)Cl,egc,7.2258,6.920867823492288
*CCCCCCCCCCCCCCCC(=O)O*,egc,6.7798,6.791401011285659
*CCCCCCCCCCCCCCCCC(=O)N*,egc,6.0239,5.995555955012605
*CCCCCCCCCCCCCCCCCCCCCC(=O)N*,egc,5.9891,6.015578419307023
*CCCCCCCCCCCCCCCCCCCCCCOC(=O)CCC(=O)O*,egc,6.6006,6.802471727388318
*CCCCCCCCCCCCCCCCCCCCOC(=O)C(=O)O*,egc,5.2426,5.564794555348527
*CCCCCCCCCCCCCCCCCCCCOC(=O)CC(=O)O*,egc,6.2688,6.858295580211777
*CCCCCCCCCCCCCCCCCCCCOC(=O)CCC(=O)O*,egc,6.7992,6.665229532736477
*CCCCCCCCCCCCCCCCCCCCOC(=O)CCC(C)CC(=O)O*,egc,6.748,6.776393556816882
*CCCCCCCCCCCCCCCCCCCCOC(=O)CCCCC(=O)O*,egc,6.8416,6.74827083042436
*CCCCCCCCCCCCCCCCCCCCOC(=O)CCCCCC(=O)O*,egc,6.7391,6.7999294919942965
*CCCCCCCCCCCCCCCCCCCCOC(=O)CCCCCCC(=O)O*,egc,6.7452,6.7232078203798675
*CCCCCCCCCCCCCCCCCCCCOC(=O)CCCCCCCC(=O)O*,egc,6.5108,6.77092034810111
*CCCCCCCCCCCCCCCCCCCCOC(=O)CCCCCCCCC(=O)O*,egc,6.784,6.645414664171906
*CCCCCCCCCCCCCCCCCCCCOC(=O)CCCCSCCCCC(=O)O*,egc,5.0235,5.423354808113777
*CCCCCCCCCCCCCCCCCCCCOC(=O)COCC(=O)O*,egc,6.3895,6.162470042159871
*CCCCCCCCCCCCCCCCCCCCOC(=O)c1ccccc1C(=O)O*,egc,5.216,4.932542680580166
*CCCCCCCCCCCCCCCCCCNC(=O)CCCCCCCCCCC(=O)N*,egc,5.6172,6.023347721373665
*CCCCCCCCCCCCCCCCCCNC(=O)NCCCCCCCCCCNC(=O)N*,egc,5.6443,5.594712942417612
*CCCCCCCCCCCCCCCCCCOCO*,egc,6.7236,6.556909419471683
*CCCCCCCCCCCCCCCCOC(=O)CC=CCC(=O)O*,egc,5.8517,6.134566986193285
*CCCCCCCCCCCCCCCCOC(=O)CCCCC(=O)O*,egc,6.7152,6.783671727358356
*CCCCCCCCCCCCCCCCOC(=O)CCCCCCC(=O)O*,egc,6.8244,6.745530747852781
*CCCCCCCCCCCCCCCCOC(=O)NCc1ccc(CNC(=O)O*)cc1,egc,5.353,5.519221332872016
*CCCCCCCCCCCCCCCc1nnc(*)o1,egc,6.3716,6.418072504310737
*CCCCCCCCCCCCCCNC(=O)CCCCCCCCCCC(=O)N*,egc,5.9384,5.926934432087503
*CCCCCCCCCCCCCCOC(=O)CC=CCC(=O)O*,egc,6.1489,5.907199832159027
*CCCCCCCCCCCCCCOC(=O)CCC=CCCC(=O)O*,egc,6.0458,6.055459716258069
*CCCCCCCCCCCCCCOC(=O)CCCCCCC(=O)O*,egc,6.7022,6.78668689879526
*CCCCCCCCCCCCCCOCO*,egc,6.6169,6.591688161433888
*CCCCCCCCCCCCCOC(=O)c1ccc(C(=O)NCCCCCCNC(=O)c2ccc(C(=O)O*)cc2)cc1,egc,4.6196,4.539655589324838
*CCCCCCCCCCCCNC(=O)C(=O)N*,egc,5.7269,5.2165602298053635
*CCCCCCCCCCCCNC(=O)CCCCCCCCC(=O)N*,egc,5.9688,5.965177593330545
*CCCCCCCCCCCCNC(=O)CCCCCCCCCCCCC(=O)N*,egc,6.028,5.940694191962452
*CCCCCCCCCCCCNC(=O)CCCCCCCCCCCCCCCCCCCCC(=O)N*,egc,5.927,5.88360944375089
*CCCCCCCCCCCCNC(=O)CCP(C)(=O)CCC(=O)N*,egc,5.7027,5.940019635231087
*CCCCCCCCCCCCNC(=O)NCCCCCCCCCCNC(=O)N*,egc,5.6621,5.63506645376653
*CCCCCCCCCCCCNC(=O)c1cccc(C(=O)N*)c1,egc,4.8693,4.951664528501462
*CCCCCCCCCCCCO*,egc,6.2452,6.054438340044759
*CCCCCCCCCCCCOC(=O)CCCCC(=O)O*,egc,6.8209,6.791738389241331
*CCCCCCCCCCCCOC(=O)CCCCCCCCCCC(=O)O*,egc,6.669,6.768920373932308
*CCCCCCCCCCCCOC(=O)CCCCCCCCCCCCC(=O)O*,egc,6.4766,6.791478327409135
*CCCCCCCCCCCCOC(=O)c1cccc(C(=O)O*)c1,egc,5.1678,4.983166767300032
*CCCCCCCCCCCCc1nc2cc3sc(*)nc3cc2s1,egc,4.2887,4.219375088047028
*CCCCCCCCCCCCc1nc2ccc(-c3ccc4nc(*)oc4c3)cc2o1,egc,4.1955,4.148282075769801
*CCCCCCCCCCCNC(=O)CCCCC(=O)N*,egc,6.1376,5.8999771725161505
*CCCCCCCCCCCNC(=O)CCCCCCCCC(=O)N*,egc,5.9682,5.965434181539445
*CCCCCCCCCCCNC(=O)CCCCCCCCCCC(=O)N*,egc,6.009,5.861380461756427
*CCCCCCCCCCCNC(=O)c1ccc(C(=O)N*)cc1,egb,4.214,4.4258396338899955
*CCCCCCCCCCCOC(=O)c1ccc2cc(C(=O)O*)ccc2c1,egc,3.7387,3.7656352447202055
*CCCCCCCCCCNC(=O)C(C)=C(C)C(=O)N*,egc,4.9889,5.491110243275223
*CCCCCCCCCCNC(=O)CCC(=O)N*,egc,5.9532,6.088733579843996
*CCCCCCCCCCNC(=O)CCCCCCCC(=O)N*,egc,5.9559,5.8923757939130095
*CCCCCCCCCCNC(=O)CCCCCCCCC(=O)N*,egc,5.9125,5.953982960730044
*CCCCCCCCCCNC(=O)CCCCCCCCCCCCCCC(=O)N*,egc,5.8964,5.993250825664528
*CCCCCCCCCCNC(=O)CCP(C)(=O)CCC(=O)N*,egc,5.8056,5.923334794347027
*CCCCCCCCCCNC(=O)N*,egc,5.6429,5.786245076941563
*CCCCCCCCCCNC(=O)NCCCCCCNC(=O)N*,egc,5.6863,5.64386845227548
*CCCCCCCCCCNCCCCCCN*,egc,5.4327,5.5540726333483565
*CCCCCCCCCCOC(=O)C(=O)O*,egc,5.4658,5.265056220740365
*CCCCCCCCCCOC(=O)C(O)C(O)C(=O)O*,egc,6.2882,6.407884179949433
*CCCCCCCCCCOC(=O)C1CCC(C(=O)O*)CC1,egc,6.5731,6.586507221595733
*CCCCCCCCCCOC(=O)CC(=O)O*,egc,6.9598,6.675066427415615
*CCCCCCCCCCOC(=O)CC(C)(C)CC(=O)O*,egc,6.7584,6.51211334075322
*CCCCCCCCCCOC(=O)CC(C)C(=O)O*,egc,6.5777,6.449736017070014
*CCCCCCCCCCOC(=O)CC=CCC(=O)O*,egc,6.0213,6.057724785856381
*CCCCCCCCCCOC(=O)CCC(=O)O*,egb,6.6201,6.6214758300438845
*CCCCCCCCCCOC(=O)CCC(=O)O*,egc,6.7167,6.829159772626545
*CCCCCCCCCCOC(=O)CCC=CCCC(=O)O*,egc,6.0842,6.0220383746825945
*CCCCCCCCCCOC(=O)CCCCCC(=O)O*,egc,6.771,6.777194843453008
*CCCCCCCCCCOC(=O)CCCCCCCC(=O)O*,egc,6.6816,6.761549942202647
*CCCCCCCCCCOC(=O)CCCCCCCCC(=O)O*,egc,6.7107,6.78697077722655
*CCCCCCCCCCOC(=O)CCCCCCCCCCC(=O)O*,egc,6.8187,6.728697387120912
*CCCCCCCCCCOC(=O)CCCCCCCCCCCCCCCCC(=O)O*,egb,6.0542,6.654858580073976
*CCCCCCCCCCOC(=O)NCCCCCCCCCCNC(=O)O*,egc,6.2681,6.318047193166841
*CCCCCCCCCCOC(=O)NNC(=O)CCCCCCCCC(=O)NNC(=O)O*,egc,5.6458,5.828170291936447
*CCCCCCCCCCOC(=O)O*,egc,7.22,6.743415082386961
*CCCCCCCCCCOC(=O)c1cccc(C(=O)O*)c1,egc,5.173,4.96356907176704
*CCCCCCCCCCOCCCCCCCCCCOCCCCCCO*,egc,6.1357,5.947101630379067
*CCCCCCCCCCOCCCCCCCCCCOCCCCCO*,egc,5.9245,6.148779118059128
*CCCCCCCCCCOCO*,egc,6.4569,6.6231932354802066
*CCCCCCCCCCOc1cccc(OC(=O)c2ccc(C(=O)Oc3cccc(O*)c3)cc2)c1,egc,3.4495,4.262009980817247
*CCCCCCCCCCSCCCCCCS*,egb,5.52,5.023855483446497
*CCCCCCCCCC[n+]1ccc(-c2cc[n+](*)cc2)cc1,egc,2.5264,2.7086821227508175
*CCCCCCCCCCc1nnc(*)n1N,egc,5.6319,5.520795016552791
*CCCCCCCCCCc1nnc(*)o1,egc,6.3926,6.367706291125757
*CCCCCCCCCCn1c(=O)c2cc3c(=O)n(*)c(=O)c3cc2c1=O,egc,3.7892,3.720088857070788
*CCCCCCCCCNC(=O)CCC=CCCC(=O)N*,egc,5.6551,5.322268641406595
*CCCCCCCCCNC(=O)CCCCC(=O)N*,egc,5.6864,5.904616705984033
*CCCCCCCCCNC(=O)CCCCCCCC(=O)N*,egc,5.928,5.896568948293551
*CCCCCCCCCNC(=O)CCCCCCCCCCCC(=O)N*,egc,5.7342,5.994919646891502
*CCCCCCCCCNC(=O)NCCCCCCCNC(=O)N*,egc,5.422,5.717163438572484
*CCCCCCCCCNC(=O)NCCCCCCNC(=O)N*,egc,5.7131,5.665214107570591
*CCCCCCCCCO*,egc,6.1351,6.039175693326133
*CCCCCCCCCOC(=O)c1ccc(NC(=O)CCCCCCCCC(=O)Nc2ccc(C(=O)O*)cc2)cc1,egc,4.1632,4.2775542928000725
*CCCCCCCCCOC(=O)c1ccc2cc(C(=O)O*)ccc2c1,egc,3.7681,3.7261404904228446
*CCCCCCCCCOCO*,egc,6.4692,6.6014360960857035
*CCCCCCCCCOc1ccc(C=CC=Cc2ccc(O*)cc2)cc1,egc,3.5795,3.6656244198529206
*CCCCCCCCCc1nc2ccc(-c3ccc4nc(*)oc4c3)cc2o1,egc,4.1522,4.189183028004398
*CCCCCCCCCn1c(=O)c2cc3c(=O)n(*)c(=O)c3c(Br)c2c1=O,egc,3.5814,3.5280826811403276
*CCCCCCCCCn1c(=O)c2cc3c(=O)n(*)c(=O)c3cc2c1=O,egc,3.7854,3.7316335981671096
*CCCCCCCCN1C(=O)CC(C2C=C(C)C3C(=O)N(*)C(=O)C3C2)C1=O,egc,5.4303,4.702652645322469
*CCCCCCCCNC(=O)C(CCCCCCCCCCCC)C(=O)N*,egc,5.9457,5.900497104813749
*CCCCCCCCNC(=O)CC(=O)N*,egc,6.004,5.89748067494329
*CCCCCCCCNC(=O)CCC=CCCC(=O)N*,egc,5.2366,5.706304581455117
*CCCCCCCCNC(=O)CCCCCCCCCCC(=O)N*,egc,5.8323,5.962260370050027
*CCCCCCCCNC(=O)CCCCCCCCCCCCC(=O)N*,egc,5.9612,5.990157302345208
*CCCCCCCCNC(=O)NCCCCCCNC(=O)N*,egc,5.7995,5.699081990311923
*CCCCCCCCO*,egc,6.1709,6.055010771980571
*CCCCCCCCOC(=O)CCCCCCC(=O)O*,egc,6.7527,6.76971960990667
*CCCCCCCCOC(=O)O*,egc,7.3252,6.74060125731552
*CCCCCCCCc1nc(-c2ccc(-c3csc(*)n3)cc2)cs1,egc,3.6182,3.8762734318648984
*CCCCCCCCc1nc2cc(-c3ccc4oc(*)nc4c3)ccc2o1,egc,4.6999,4.196260536397475
*CCCCCCCCc1nnc(*)o1,egc,6.3765,6.396031805499488
*CCCCCCCCn1c(=O)c2ccc3c4ccc5c(=O)n(*)c(=O)c6ccc(c7ccc(c1=O)c2c37)c4c56,egc,2.0224,1.9139598885095142
*CCCCCCCNC(=O)C(OC)C(OC)C(=O)N*,egc,5.7148,5.695403310192567
*CCCCCCCNC(=O)C=CCCC=CC(=O)N*,egc,5.3907,4.8241999968437765
*CCCCCCCNC(=O)CCCCCCCC(=O)N*,egc,5.8296,5.932328810537104
*CCCCCCCNC(=O)CCCCCCCCCC(=O)N*,egc,5.7365,5.931188075159041
*CCCCCCCNC(=O)CCCCCCCCCCCCCCCCCCC(=O)N*,egc,5.9137,5.943347104246641
*CCCCCCCNC(=O)c1cccc(C(=O)N*)c1,egc,4.8667,5.021512647124703
*CCCCCCCNC(=S)Nc1ccc(NC(=S)N*)cc1,egb,3.5538,3.549780094053667
*CCCCCCCOC(=O)C(=O)O*,egc,5.2465,5.671273962872381
*CCCCCCCOC(=O)NCCCCCCNC(=O)O*,egc,6.2664,6.324860651883249
*CCCCCCCOc1ccc(C=CC=Cc2ccc(O*)c(C)c2)cc1C,egc,3.4306,3.3441481258515413
*CCCCCCCc1nc2ccc(-c3ccc4nc(*)[nH]c4c3)cc2[nH]1,egc,4.2077,3.756300900842347
*CCCCCCCc1nc2ccc(-c3ccc4nc(*)oc4c3)cc2o1,egc,4.0726,4.2867543213895
*CCCCCCCc1nnc(*)n1N,egc,5.5167,5.652464571694459
*CCCCCCCc1nnc(*)o1,egc,6.3125,6.375852063867103
*CCCCCCCc1nnc(-c2ccc(-c3nnc(*)o3)cc2)o1,egc,3.843,4.101854440107507
*CCCCCCCc1nnc(CCCCc2nnc(*)o2)o1,egc,6.3226,5.67500223586169
*CCCCCCN(C)C(=O)CCC(=O)N(*)C,egc,5.3815,5.400499252550409
*CCCCCCN(C)C(=O)CCCCCCCCCCC(=O)N(*)C,egc,5.5795,5.562420230765324
*CCCCCCN(CC)C(=O)CCCCCCCCCCCCCCCCC(=O)N(*)CC,egc,5.5078,5.366765921926394
*CCCCCCN1C(=O)c2ccc(C(=O)c3ccc4c(c3)C(=O)N(*)C4=O)cc2C1=O,eps,3.79,4.29786393232286
*CCCCCCNC(=O)C(CC)CC(CC)C(=O)N*,egc,5.6687,5.90841166277378
*CCCCCCNC(=O)C(CCCCCCCCCCCCCCC)C(=O)N*,egc,5.9375,5.881535961017942
*CCCCCCNC(=O)C(O)C(O)C(O)C(O)C(=O)N*,egc,5.9698,5.664511877367828
*CCCCCCNC(=O)C1CC1(C)C(=O)N*,egc,6.1739,6.013380180456887
*CCCCCCNC(=O)CC(=O)N*,egc,5.7541,5.9503864483256494
*CCCCCCNC(=O)CCCC(=O)O*,egc,5.9363,6.011136332271074
*CCCCCCNC(=O)CCCCCC(=O)N*,egc,5.936,5.919160485949709
*CCCCCCNC(=O)CCCCCCC(=O)N*,egc,5.7328,5.877725372766518
*CCCCCCNC(=O)CCCCCCCC(=O)N*,egc,5.6457,5.853486053603288
*CCCCCCNC(=O)CCCCCCCCC(=O)N*,egc,6.0268,5.922440323106382
*CCCCCCNC(=O)CCCCCCCCCCC(=O)N*,egb,6.3994,5.89124327828381
*CCCCCCNC(=O)CCCCCCCCCCCCCCC(=O)N*,egc,5.9557,5.959997438348841
*CCCCCCNC(=O)CCCCCCCCCCCCCCCCC(=O)N*,egc,5.8888,5.988005898144498
*CCCCCCNC(=O)CCP(=O)(CCC(=O)N*)c1ccccc1,egc,4.8862,4.630509546668298
*CCCCCCNC(=O)CCP(C)(=O)CCC(=O)N*,egc,5.99,5.881703711148461
*CCCCCCNC(=O)N*,egc,5.7413,5.713722266313372
*CCCCCCNC(=O)NCCCCCNC(=O)N*,egc,5.9068,5.578548271047602
*CCCCCCNC(=O)NCCCCNC(=O)N*,egc,5.3951,5.734567709715913
*CCCCCCNC(=O)NCCCNC(=O)N*,egc,5.6415,5.577135792182105
*CCCCCCNC(=O)c1c(F)c(F)c(C(=O)N*)c(F)c1F,egc,4.7431,5.246851488205905
*CCCCCCNC(=O)c1cccc(C(=O)N*)c1,egc,5.0813,4.944529876024875
*CCCCCCNC(=S)Nc1ccc(NC(=S)N*)cc1,eps,4.17,4.305323255048062
*CCCCCCNC(=S)Nc1ccc(NC(=S)N*)cc1,nc,1.8822,1.8913216527190153
*CCCCCCO*,egc,6.1189,6.235261898052096
*CCCCCCOC(=O)C1CCC(C(=O)O*)CC1,egc,6.5806,6.663749635042638
*CCCCCCOC(=O)CC(=O)O*,egc,7.0433,6.630839120069525
*CCCCCCOC(=O)CCC(=O)O*,egc,6.7086,6.7987802546787375
*CCCCCCOC(=O)CCCC(=O)O*,egc,6.6665,6.787324781600891
*CCCCCCOC(=O)CCCCCCCC(=O)O*,egc,6.8043,6.717953654056434
*CCCCCCOC(=O)CCCCCNC(=O)CCCCC(=O)NCCCCCC(=O)O*,egc,5.8108,5.949444878331601
*CCCCCCOC(=O)CCCCCNC(=O)O*,egc,6.4222,6.434134160377855
*CCCCCCOC(=O)CCCCS(=O)(=O)CCCCC(=O)O*,egc,6.5053,6.750569176916317
*CCCCCCOC(=O)CCCCSCCCCC(=O)O*,egc,5.2687,5.2731030925554006
*CCCCCCOC(=O)NCC(F)(F)C(F)(F)C(F)(F)C(F)(F)CNC(=O)O*,egc,6.7703,6.727099126630202
*CCCCCCOC(=O)NCCCCCCCCCCNC(=O)O*,egc,6.321,6.309173870093243
*CCCCCCOC(=O)NCCCCCCNC(=O)O*,egc,6.343,6.377434790534924
*CCCCCCOC(=O)NCCCCNC(=O)O*,egc,6.3921,6.300579048245803
*CCCCCCOC(=O)NCCCNC(=O)O*,egb,6.5954,6.248579739004015
*CCCCCCOC(=O)NCCCNC(=O)O*,egc,6.0865,6.416557786256869
*CCCCCCOC(=O)NCCSCCCCCSCCNC(=O)O*,egc,5.2279,5.401087283618309
*CCCCCCOC(=O)NCCSCCCCSCCNC(=O)O*,egc,5.4298,5.295588522981594
*CCCCCCOC(=O)NCCSCCSCCNC(=O)O*,egb,4.7777,5.480455370164447
*CCCCCCOC(=O)NCCSCCSCCNC(=O)O*,egc,5.3918,5.448615126890562
*CCCCCCOC(=O)Nc1ccc(C)c(NC(=O)O*)c1,egc,5.2905,4.813195799226568
*CCCCCCOC(=O)O*,egc,7.3901,6.811103312066166
*CCCCCCOC(=O)OCCCCCCCCOC(=O)OCCCCCCOc1ccc(Oc2ccc(O*)cc2)cc1,egc,4.4708,4.3355364305507464
*CCCCCCOC(=O)OCCCCCCCCOC(=O)OCCCCCCn1c(=O)c2cc3c(=O)n(*)c(=O)c3cc2c1=O,egc,3.7768,3.9216516848095733
*CCCCCCOC(=O)OCCCCCCOC(=O)OCCCCCCOc1ccc(C(=O)c2ccc(O*)cc2)cc1,egc,4.1722,4.476206515189693
*CCCCCCOC(=O)OCCCCCCOC(=O)OCCCCCCOc1ccc(Oc2ccc(O*)cc2)cc1,egc,4.3261,4.546053787446894
*CCCCCCOC(=O)SC(=O)O*,egc,5.9655,5.768484039635196
*CCCCCCOC(=O)SNc1ccc(Cc2ccc(NSC(=O)O*)cc2)cc1,egc,4.1148,4.357821935973984
*CCCCCCOCO*,egc,6.7419,6.534361542794036
*CCCCCCOc1ccc(C(=O)N(C(=O)c2ccc(O*)cc2)c2ccccc2)cc1,egc,3.9898,3.7228489839681003
*CCCCCCSCCS*,egb,5.0604,5.046885079240194
*CCCCCCSSCCCCSS*,egb,4.2836,5.220790656390612
*CCCCCC[N+](*)(C)C,egc,0.0205,1.6348923922177616
*CCCCCC[N+](C)(C)CCC[N+](*)(C)C,egc,0.2161,0.7891395308938278
*CCCCCCn1c(=O)c2cc3c(=O)n(*)c(=O)c3cc2c1=O,egc,3.8389,3.7244705690125204
*CCCCCCn1ccc(-c2ccc(-c3ccn(*)n3)cc2)n1,egc,4.0274,3.740557043846546
*CCCCCNC(=O)C(CCCCCCCCCCCC)C(=O)N*,egb,6.2733,5.795735949435064
*CCCCCNC(=O)C(CCCCCCCCCCCC)C(=O)N*,egc,5.7457,6.110306694286191
*CCCCCNC(=O)CC(=O)N*,egc,5.7523,5.912873170701392
*CCCCCNC(=O)CCCCCC(=O)N*,egc,5.9272,5.971740744064089
*CCCCCNC(=O)CCCCCCC(=O)N*,egc,5.9286,5.9407321718675234
*CCCCCNC(=O)CCCCCCCCC(=O)N*,egc,5.6828,5.868764399027141
*CCCCCNC(=O)CCCCCCCCCCCCCCCCC(=O)N*,egc,5.855,5.989484564374887
*CCCCCNC(=O)CCCCCCCCCCCCCCCCCCC(=O)N*,egc,5.895,5.938736288217752
*CCCCCNC(=O)CCCCCCCCOCCCCCCCCC(=O)NCCCCCO*,egc,5.9278,5.7295287063907265
*CCCCCNC(=O)N*,egc,5.6754,5.743181670786967
*CCCCCNC(=O)O*,egc,6.3761,6.280791100865748
*CCCCCNC(=S)N*,egc,4.4944,4.474357641626238
*CCCCCOC(=O)C(=O)O*,egc,5.5658,5.250795285140114
*CCCCCOC(=O)CCCCCNC(=O)O*,egc,6.3976,6.440129429480545
*CCCCCOC(=O)CCCCS(=O)(=O)CCCCC(=O)O*,egc,6.9262,6.504669379247063
*CCCCCOC(=O)CCCCSCCCCC(=O)O*,egc,5.2896,5.303119800377798
*CCCCCOC(=O)NC(=O)C1CC1C(=O)NC(=O)O*,egc,6.0047,6.048970514800763
*CCCCCOC(=O)NC1CC1NC(=O)O*,egc,6.2104,6.364423026483428
*CCCCCOC(=O)NCC(F)(F)C(F)(F)C(F)(F)C(F)(F)CNC(=O)O*,egc,6.5795,6.757297994175494
*CCCCCOC(=O)NCCCCCCNC(=O)O*,egc,6.4123,6.298831761462447
*CCCCCOC(=O)NCCSCCCCCCSCCNC(=O)O*,egc,5.1243,5.338285211941512
*CCCCCOC(=O)NCCSCCCCCSCCNC(=O)O*,egc,5.3077,5.241969371065618
*CCCCCOC(=O)NCCSCCCCSCCNC(=O)O*,egc,5.2673,5.284597773492615
*CCCCCOC(=O)NCCSCCSCCNC(=O)O*,egc,5.3739,5.528468249320666
*CCCCCOC(=O)NNC(=O)CCCCCCCCC(=O)NNC(=O)O*,egc,5.6607,5.925257659298197
*CCCCCOC(=O)Nc1ccc(C)c(NC(=O)O*)c1,eea,0.9199,0.6483690040106462
*CCCCCOC(=O)Nc1ccc(C)c(NC(=O)O*)c1,ei,5.1674,6.189605030440179
*CCCCCOC(=O)Nc1ccc(C)c(NC(=O)O*)c1,nc,1.7297,1.803552905002011
*CCCCCOC(=O)O*,egb,7.123,7.136102740177557
*CCCCCOC(=O)O*,egc,7.3186,6.776946344827557
*CCCCCOC(=O)O*,eps,3.09,3.0487449835381915
*CCCCCOC(=O)O*,nc,1.6374,1.6082404654148046
*CCCCCOCO*,eea,0.5413,0.34530044848652425
*CCCCCOCO*,egb,6.8354,7.189896265121058
*CCCCCOCO*,egc,6.5668,6.431325041312626
*CCCCCOCO*,nc,1.6043,1.6454905719334183
*CCCCCS*,egb,4.989,5.355136677025244
*CCCCCS*,ei,5.7733,6.415151047935302
*CCCCCc1nc2cc3sc(*)nc3cc2s1,egc,4.2723,4.251803401573025
*CCCCCc1nnc(*)o1,egc,6.1707,6.364173803734543
*CCCCCn1c(=O)c2ccc3c4ccc5c(=O)n(*)c(=O)c6ccc(c7ccc(c1=O)c2c37)c4c56,egc,1.9902,2.1094800446861015
*CCCCNC(=O)C(=O)N*,egc,5.1306,5.744644856635017
*CCCCNC(=O)CC(=O)N*,egc,5.9986,5.84437351985661
*CCCCNC(=O)CCC=CCCC(=O)N*,egc,5.5356,5.694543945424513
*CCCCNC(=O)CCCCCCC(=O)N*,egc,6.0697,5.966930422909146
*CCCCNC(=O)CCCCCCC(=O)NCCCCNC(=O)C(=O)N*,egc,4.7855,5.548965924256769
*CCCCNC(=O)CCCCCCCCCC(=O)N*,egc,5.9628,5.840188251150032
*CCCCNC(=O)CCCCCCCCCCCCCCC(=O)N*,egc,6.0415,5.981348575752583
*CCCCNC(=O)CCCCCCCCCCCCCCCCC(=O)N*,egc,6.0758,5.982144511240332
*CCCCNC(=O)NCCCCCCNC(=O)O*,egc,5.9887,5.650488335170333
*CCCCNC(=O)c1cccc(C(=O)N*)c1,egc,5.1173,5.039586539105613
*CCCCOC(=O)C1C(=O)C2CCC1C(=O)C2C(=O)O*,egc,5.3882,5.888293865970258
*CCCCOC(=O)C1CCC(C(=O)O*)CC1,egb,6.5835,6.653494093837956
*CCCCOC(=O)CC(=O)O*,egc,6.6946,6.738307716015056
*CCCCOC(=O)CCCCC(=O)O*,egc,6.8238,6.794491840077269
*CCCCOC(=O)CCCCCCCCC(=O)O*,egc,6.818,6.832948772445226
*CCCCOC(=O)CCCCS(=O)(=O)CCCCC(=O)O*,egc,6.544,6.778937912933692
*CCCCOC(=O)CCCCSCCCCC(=O)O*,egc,5.4021,5.267176315845459
*CCCCOC(=O)Cc1ccc(CC(=O)O*)cc1,egc,5.4635,5.2570293801127
*CCCCOC(=O)NC1CCC(CC2CCC(NC(=O)O*)CC2)CC1,egc,6.1232,6.179212750641723
*CCCCOC(=O)NCCCCNC(=O)O*,egc,6.3043,6.354581493793461
*CCCCOC(=O)NCCNC(=O)O*,egc,6.2788,6.357069938529658
*CCCCOC(=O)NCCSCCSCCNC(=O)O*,egc,5.7445,5.317675435276376
*CCCCOC(=O)NCc1ccc(CNC(=O)O*)cc1,egc,5.6759,5.350905414438762
*CCCCOC(=O)NNC(=O)CCCCCCCCC(=O)NNC(=O)O*,egc,6.1019,5.733469124314887
*CCCCOC(=O)Nc1ccc(C)c(NC(=O)O*)c1,egc,4.832,5.256405848141774
*CCCCOC(=O)OCC1CCC(COC(=O)O*)CC1,egc,7.0222,6.767851178901802
*CCCCOC(=O)SC(=O)O*,egc,5.9582,5.445816028492494
*CCCCOC(=O)SNCCCCCCNSC(=O)O*,egc,5.4377,5.159156120019603
*CCCCOC(=O)SSC(=O)O*,egc,4.2442,4.934496510358079
*CCCCOC(=O)SSSC(=O)O*,egc,3.9747,4.678089721260121
*CCCCOC(=O)SSSSC(=O)O*,egc,4.6274,4.0582485421766705
*CCCCOC(=O)c1ccc(C(=O)O*)cc1,eea,2.4936,1.838243970523381
*CCCCOC(=O)c1ccc(C(=O)O*)cc1,egb,4.0149,4.5257686660867495
*CCCCOC(=O)c1ccc(C(=O)O*)cc1,eps,3.59,3.736949464082585
*CCCCOC(=O)c1cccc(C(=O)O*)c1,egc,5.1711,5.05212762878352
*CCCCOc1ccc(C(=O)OC(=O)c2ccc(O*)cc2)cc1,egc,4.2843,4.239709430004955
*CCCCOc1ccc(C=C2CCC(=Cc3ccc(O*)cc3)C2=O)cc1,egc,2.9446,3.1869957139487464
*CCCCOc1ccc(OC(=O)c2ccc(C(=O)Oc3ccc(O*)cc3)c(C(=O)OCC=C)c2)cc1,egc,3.1899,3.197608499447196
*CCCCSCCS*,egb,4.9438,5.03242710520604
*CCCCc1nc(-c2ccc(-c3csc(*)n3)cc2)cs1,egc,3.7312,3.7561025637446868
*CCCCc1nnc(*)n1N,egc,5.3914,5.506226325245758
*CCCCc1nnc(*)o1,egc,6.3699,6.040764364675432
*CCCN(*)C,egc,4.8968,5.067013500989319
*CCCN(*)C(C)=O,egc,5.7364,5.4377015126384745
*CCCN*,egb,6.381,5.988499640817658
*CCCN*,egc,5.2088,5.515294953125573
*CCCN*,ei,5.8246,5.779051872278847
*CCCN*,eps,3.03,3.308274836674973
*CCCN*,nc,1.6776,1.7097384032789027
*CCCNC(=O)CCC=CCCC(=O)N*,egc,5.7523,5.391299989293742
*CCCNC(=O)CCCCC(=O)NCCCO*,egc,5.8321,5.950600485437727
*CCCNC(=O)CCCCCCCC(=O)NCCCNC(=O)C(=O)N*,egb,4.6809,5.270018160407932
*CCCNC(=O)CCCCCCCCC(=O)NCCCOCCO*,egc,5.9244,5.839384801260214
*CCCNC(=O)CCCCCCCCCCCCCCCCCCC(=O)N*,egc,5.894,6.05579566046762
*CCCNC(=O)NCCCCCCNC(=O)O*,egc,5.4226,6.122661176545593
*CCCNC(=O)c1cccc(C(=O)N*)c1,egc,4.8185,4.806335304866579
*CCCO*,egc,6.2459,6.094158940502018
*CCCO*,ei,6.904,6.163281193575442
*CCCO*,eps,3.03,3.2608805125507
*CCCO*,nc,1.6476,1.6222798557583704
*CCCOC(=O)C(=O)O*,egc,5.7163,5.779086366791964
*CCCOC(=O)C1CCC(C(=O)O*)CC1,egc,6.703,6.698802434924013
*CCCOC(=O)CC(=O)O*,egc,6.6256,6.657235466879435
*CCCOC(=O)CCC(=O)O*,egc,6.805,6.713653374195134
*CCCOC(=O)CCC(C)CC(=O)O*,egc,6.7963,6.747705046539263
*CCCOC(=O)CCCC(=O)O*,egc,6.7627,6.798487935830726
*CCCOC(=O)CCCCCCC(=O)O*,egc,6.9244,6.834675920966815
*CCCOC(=O)CCCCCCCCC(=O)O*,egc,6.8385,6.878622601029351
*CCCOC(=O)CCCCCCCCCC(=O)O*,egc,6.7744,6.89301577678752
*CCCOC(=O)CCCCCCCCCCC(=O)O*,egb,6.3683,6.660392358790488
*CCCOC(=O)CCCCCCCCCCCCCCCCC(=O)O*,egc,6.9154,6.8021726139033705
*CCCOC(=O)CCCCCCCCOC(=O)CCCOC(=O)CCCCCCCCOC(*)=O,egb,6.5329,6.505720019512733
*CCCOC(=O)CCCCCCCCOC(=O)CCCOC(=O)CCCCCCCCOC(*)=O,ei,7.4162,7.504362712059345
*CCCOC(=O)CCCCCCCCOC(=O)CCCOC(=O)CCCCCCCCOC(*)=O,nc,1.6306,1.6619781320165472
*CCCOC(=O)CCCCSCCCCC(=O)O*,egc,5.3966,5.347212437912127
*CCCOC(=O)COCC(=O)O*,egc,6.0368,6.22963864916101
*CCCOC(=O)Cc1ccc(CC(=O)O*)cc1,egc,5.2766,5.3748250829647075
*CCCOC(=O)N1CCC(*)CC1,egc,5.7499,5.882181093285256
*CCCOC(=O)NCCCCCCNC(=O)O*,egc,6.2372,6.348316509989735
*CCCOCCOCCOC(=O)Nc1ccc(C)c(NC(=O)O*)c1,egc,5.0994,4.965430004087343
*CCCOc1ccc(C(=O)OC(=O)c2ccc(O*)cc2)cc1,egc,4.317,4.314524534808921
*CCCP(C)(=O)CCCNC(=O)CCCCCCCCC(=O)N*,egc,5.7831,5.785651640911134
*CCCP(CCCCCCCC)CCCNC(=O)CCCCC(=O)N*,egc,4.7376,5.351675450830494
*CCCP(CCCNC(=O)C(=O)N*)c1ccccc1,egc,4.5841,4.65794073947968
*CCCP(CCCNC(=O)CCCCC(=O)N*)CC(C)C,egc,5.1348,5.023856922242916
*CCCP(CCCNC(=O)CCCCCCCCC(=O)N*)c1ccccc1,egc,4.6632,4.774200491366429
*CCCS(=O)(=O)CCCCS(=O)(=O)CCCOC(=O)O*,egc,6.4999,6.191458865625556
*CCC[Si](C)(C)O[Si](C)(C)CCCn1c(=O)c2cc3c(=O)n(*)c(=O)c3cc2c1=O,egc,3.5354,3.6628766511096686
*CCCc1ccc(*)cc1,eea,0.9937,0.9699451505860395
*CCCc1ccc(*)cc1,egb,4.7657,4.7067133395305225
*CCCc1ccc(*)cc1,eps,3.14,3.2895114986231535
*CCCc1ccc(*)cc1,nc,1.7489,1.7299343070829862
*CCCc1ccc(*)s1,ei,5.6976,5.731554171294496
*CCCc1ccc(*)s1,eps,3.2,3.290102314524696
*CCCc1ccc(*)s1,nc,1.7538,1.815353493125559
*CCCc1nc2cc3sc(*)nc3cc2s1,egc,4.1967,4.027320560817435
*CCN(*)C(=O)CO,egc,5.9405,5.828102027432896
*CCN(*)C(=O)c1c(F)cc(F)c(F)c1F,egc,4.9884,4.685514531020652
*CCN(*)C(=O)c1c(F)cccc1F,egc,4.4989,4.746193774274937
*CCN(*)C(=O)c1cc(F)ccc1F,egc,4.4693,4.36863213250747
*CCN(*)C(=O)c1ccc(F)c(F)c1,egc,5.106,4.425371157009212
*CCN(*)C(=O)c1ccc(F)cc1,egc,5.1588,4.913529108716558
*CCN(*)C(=O)c1ccc(OC)cc1,egc,5.0115,4.778189080764616
*CCN(*)Cc1ccccc1,egc,3.8139,4.450924931080948
*CCN(CCCC(=O)Nc1ccc(N=Nc2ccccc2)cc1)CCOC(=O)NCC1CCCC(CNC(=O)O*)C1,egc,3.1195,3.6965120219430743
*CCN(CCOC(=O)C=Cc1ccc(C=CC(=O)O*)cc1)c1ccc(N=Nc2ccc([N+](=O)[O-])cc2)cc1,egc,2.3089,2.0975550986681717
*CCN(CCOC(=O)Nc1ccc(C)c(NC(=O)O*)c1)c1ccc(-c2c(NCCCO)c(=O)c2=O)cc1,egc,3.2653,3.556319035752712
*CCN(CCOC(=O)Nc1ccc(Cc2ccc(NC(=O)O*)cc2)cc1)c1ccccc1,egc,4.1239,3.865268597177085
*CCN(CCOC(=O)c1cccc(C(=O)O*)c1)c1ccccc1,egc,3.0504,4.268177812793855
*CCN1C(=O)C(=CC=C2SC(=S)N(*)C2=O)SC1=S,egc,2.2801,3.1865868067826995
*CCN1C(=O)C(=CCCCC=C2SC(=S)N(*)C2=O)SC1=S,egc,3.4576,2.827514617938272
*CCNC(*)=S,eea,1.6837,2.0839375605203148
*CCNC(*)=S,egb,3.6727,3.424714719519544
*CCNC(*)=S,ei,5.3628,5.656909452912412
*CCNC(*)=S,eps,4.24,4.000795766259804
*CCNC(=O)C(OC)C(OC)C(=O)N*,egc,5.4257,5.733346811334798
*CCNC(=O)CCCCC(=O)N*,egc,5.8254,5.912205547760756
*CCNC(=O)CCCCCCCCC(=O)N*,egc,5.9828,5.827954751455753
*CCNC(=O)CCCCCCCCCCC(=O)N*,egc,5.5657,5.9771666096964715
*CCNC(=O)CCCCCCCCCCCCCCC(=O)N*,egc,5.9522,5.841112080759791
*CCNC(=O)CCP(C)(=O)CCC(=O)N*,egc,6.0568,5.669479827671264
*CCNC(=O)NCCCCCCNC(=O)O*,egc,5.6117,6.164631533799452
*CCNC(=O)c1ccc(O*)cc1,egc,5.0314,4.748266547290667
*CCNC(=O)c1cccc(O*)c1,egc,4.5918,4.912671445508441
*CCNC(C=C1)=CC=C1*,egc,4.1674,4.514279812421483
*CCNC(S1)=CC=C1*,egc,3.9675,4.054370631196219
*CCN[Si](C)(C)N*,egc,4.8016,5.172937650278956
*CCNc1ccc(*)cc1,eea,0.6326,0.8121312745214755
*CCNc1ccc(*)cc1,nc,1.7816,1.8455966074773318
*CCNc1ccc(*)s1,egb,3.793,3.868646640593452
*CCNc1ccc(*)s1,nc,1.8184,1.8463673256376496
*CCO*,eea,0.3936,0.7450948294277356
*CCO*,egc,5.5372,5.968894964904544
*CCO*,nc,1.6377,1.6112574184827433
*CCOC(=O)C(=O)O*,egc,6.5784,5.72903355393933
*CCOC(=O)C1C2C=CC(C2)C1C(=O)O*,egb,5.3661,5.557527699994328
*CCOC(=O)C1C2C=CC(C2)C1C(=O)O*,egc,5.7779,5.604756699851906
*CCOC(=O)C1CCC(C(=O)O*)CC1,egb,6.4481,6.655064427648737
*CCOC(=O)C=CC(=O)O*,egc,4.8762,4.956950737615528
*CCOC(=O)CC(=O)O*,egc,6.8494,6.395107416833564
*CCOC(=O)CCC(=O)O*,egc,6.5377,6.75366093386242
*CCOC(=O)CCCCC(=O)O*,eea,1.0754,0.6938632586278519
*CCOC(=O)CCCCC(=O)O*,ei,7.8277,7.657011712195373
*CCOC(=O)CCCCC(=O)O*,eps,3.25,3.327331833184272
*CCOC(=O)CCCCC(=O)O*,nc,1.6581,1.6488176581788347
*CCOC(=O)CCCCCC(=O)O*,egc,6.8822,6.848718954563144
*CCOC(=O)CCCCCCC(=O)O*,eea,0.8924,1.0217430417875693
*CCOC(=O)CCCCCCC(=O)O*,egc,6.9025,6.9668369454452925
*CCOC(=O)CCCCCCC(=O)O*,eps,3.16,3.0584462054283987
*CCOC(=O)CCCCCCC(=O)O*,nc,1.6577,1.6267634105308129
*CCOC(=O)CCCCCCCCC(=O)O*,egc,6.8048,6.865035444415806
*CCOC(=O)COCC(=O)O*,egc,6.1826,6.160850491356922
*CCOC(=O)CSC(=O)Nc1ccc(Cc2ccc(NC(=O)SCC(=O)O*)cc2)cc1,egc,4.3268,4.317589891071018
*CCOC(=O)Cc1ccc(CC(=O)O*)cc1,egc,5.1252,5.301183855189083
*CCOC(=O)N(C)c1ccc(C)c(N(C)C(=O)O*)c1,egc,5.1683,4.802574121539243
*CCOC(=O)NC1CCC(NC(=O)O*)CC1,egc,6.3209,6.47376346051262
*CCOC(=O)NCCCCCCCCCNC(=O)O*,egc,6.3118,6.367230397182462
*CCOC(=O)NCCOCCOCCNC(=O)O*,eea,0.573,0.8260550619161083
*CCOC(=O)NCCOCCOCCNC(=O)O*,egb,6.4585,6.392540274161624
*CCOC(=O)NCCOCCOCCNC(=O)O*,egc,6.1403,6.501415269493098
*CCOC(=O)NCCOCCOCCNC(=O)O*,ei,7.1012,6.780755307513552
*CCOC(=O)NCCOCCOCCNC(=O)O*,eps,3.53,3.6766074297148608
*CCOC(=O)NCCOCCOCCNC(=O)O*,nc,1.6526,1.659147296984377
*CCOC(=O)NCCSCCCCSCCNC(=O)O*,egb,5.1094,4.9963622172490485
*CCOC(=O)NCCSCCCCSCCNC(=O)O*,egc,5.1396,5.615949028096979
*CCOC(=O)NNC(=O)CCCCCCCCC(=O)NNC(=O)O*,egc,5.8878,5.900492825734694
*CCOC(=O)Nc1cc(NC(=O)O*)ccc1C,egc,5.1142,4.911388213228699
*CCOC(=O)Nc1ccc(-c2ccc(NC(=O)O*)c(C)c2)cc1C,egc,4.3385,4.164522215973754
*CCOC(=O)Nc1ccc(C(C)(C)c2ccc(NC(=O)O*)cc2)cc1,egb,4.3346,4.699512077642799
*CCOC(=O)Nc1ccc(NC(=O)O*)cc1,egc,4.8391,5.060241096130949
*CCOC(=O)Nc1cccc(NC(=O)O*)c1,egc,5.098,5.181054872151613
*CCOC(=O)Nc1cccc2c(NC(=O)O*)cccc12,egc,3.9352,4.241167900672931
*CCOC(=O)c1ccc(C(=O)O*)c2c1CC2,egc,4.3335,4.707233340880988
*CCOC(=O)c1ccc(C(=O)O*)cc1,eea,2.2723,2.211874855419347
*CCOC(=O)c1ccc(C(=O)O*)cc1,egc,4.6867,4.724518821970072
*CCOC(=O)c1ccc(C(=O)O*)cc1,eps,3.82,3.854213836402674
*CCOC(=O)c1ccc(C2(C)CC(C)(C)c3ccc(C(=O)O*)cc32)cc1,egc,4.3486,4.166210500757613
*CCOC(=O)c1ccc(NC(=O)CCCCCCCC(=O)Nc2ccc(C(=O)O*)cc2)cc1,egc,4.188,4.143236308346008
*CCOC(=O)c1ccc(O*)c(C)c1,egc,4.4876,4.48572380402306
*CCOC(=O)c1ccc(O*)cc1Cl,egc,4.6773,4.4479101600826585
*CCOC(=O)c1ccc2ccc(C(=O)O*)cc2c1,egc,3.9507,3.8514142780787743
*CCOC(=S)NC(=S)C(C=C1)=CC=C1N*,egc,2.7606,3.450433735583816
*CCOC(=S)NC(=S)c1ccc(N*)cc1,eea,2.6209,2.1924436580224143
*CCOC(=S)NC(=S)c1ccc(N*)cc1,ei,5.413,5.666457753855462
*CCOC(=S)NC(=S)c1ccc(N*)cc1,eps,5.17,5.147845798981447
*CCOCCOC(=O)C(C)C(=O)O*,egc,6.4398,6.3563723151938
*CCOCCOC(=O)C(CCCCCCC)C(=O)O*,egc,6.4036,6.308283229531081
*CCOCCOC(=O)C=CC(=O)NCCCCCCNC(=O)C=CC(=O)O*,egc,3.8434,4.698103514256935
*CCOCCOC(=O)CCC(=O)O*,egc,6.5538,6.310876025367261
*CCOCCOC(=O)CCC(C)CC(=O)O*,egc,6.43,6.593855763917817
*CCOCCOC(=O)CCCC(=O)O*,egc,6.4269,6.458923924187943
*CCOCCOC(=O)CCCCCCCC(=O)O*,egc,6.5091,6.365459339366464
*CCOCCOC(=O)CCCCS(=O)(=O)CCCCC(=O)O*,egb,5.7504,5.926023582771808
*CCOCCOC(=O)CCSCCC(=O)O*,egc,5.4283,5.435204009073388
*CCOCCOC(=O)COCC(=O)O*,egc,5.9381,6.222530107300855
*CCOCCOC(=O)NCCNC(=O)O*,egc,6.3071,6.008322015857407
*CCOCCOC(=O)Nc1ccc(C)c(NC(=O)O*)c1,eea,0.755,0.9704337639381679
*CCOCCOC(=O)Nc1ccc(C)c(NC(=O)O*)c1,egb,4.5558,5.15553661493788
*CCOCCOC(=O)Nc1ccc(C)c(NC(=O)O*)c1,nc,1.7289,1.7573564287642387
*CCOCCOC(=O)O*,eea,0.4954,0.7404985942619147
*CCOCCOC(=O)O*,egb,6.6617,7.0392540266511485
*CCOCCOC(=O)O*,ei,7.5966,7.476260884406104
*CCOCCOC(=O)O*,eps,3.32,3.3688807693718523
*CCOCCOC(=O)c1ccc(NC=Nc2ccc(C(=O)O*)cc2)cc1,egc,4.1569,3.8667858216710016
*CCOCCOC(=O)c1cccc(C(=O)O*)c1,egc,4.8122,4.926730074339051
*CCOCCOCC#CC#CCOCCOCCOC(=O)NCCCCCCNC(=O)O*,egc,4.9082,5.251213414445649
*CCOCCOCCOC(=O)C=CC(=O)NCCCCCCNC(=O)C=CC(=O)O*,egc,4.4951,3.487311399000203
*CCOCCOCCOC(=O)CC(=O)O*,egc,5.6203,6.575864430031993
*CCOCCOCCOC(=O)CCC(=O)O*,egc,6.2323,6.259512500289711
*CCOCCOCCOC(=O)CCCCC(=O)O*,egc,6.384,6.4091754246249515
*CCOCCOCCOC(=O)CCCCCC(=O)O*,egb,5.5157,6.401226314743129
*CCOCCOCCOC(=O)CCCCCCC(=O)O*,egb,6.184,6.193781426754201
*CCOCCOCCOC(=O)CCCCCCCCC(=O)O*,egc,6.1436,6.509848019103305
*CCOCCOCCOC(=O)COCC(=O)O*,egc,6.0666,5.871681778280812
*CCOCCOCCOC(=O)CSC(=O)Nc1ccc(C)c(NC(=O)SCC(=O)O*)c1,egc,4.461,4.473071693252203
*CCOCCOCCOC(=O)NCCCCCCNC(=O)O*,egc,6.2098,6.053659709066834
*CCOCCOCCOC(=O)c1cccc(C(=O)O*)c1,egc,4.9478,4.852250257725303
*CCOCCOCCOC(=O)c1ccccc1C(=O)O*,egc,4.8493,4.908004703963065
*CCOCCOCCOCCOC(=O)CCSCCC(=O)O*,egc,5.3735,5.428161042177589
*CCOCCOCCOCCOC(=O)NCCCCCCNC(=O)O*,egc,6.0228,6.201107826876896
*CCOCCOCCOCCOCCOc1ccc(C(=O)Nc2cc(NC(=O)c3ccc(O*)cc3)cc(-c3nc4ccccc4[nH]3)c2)cc1,egc,3.9357,3.685224603783032
*CCOCCOCCOCCOCCOc1ccc(C=C(C)c2ccc(O*)cc2)cc1,egc,3.9391,3.8454448446975236
*CCOCCOCCOc1ccc(C=C(C)c2ccc(O*)cc2)cc1,egc,3.8885,3.8804570797874094
*CCOCCOc1ccc(NC=Nc2ccc(O*)cc2)cc1,egc,3.9725,3.9986885343379353
*CCOCO*,egc,6.6358,6.427681663681774
*CCON*,egc,5.6784,4.837559263349387
*CCON*,ei,4.8207,6.285298727039076
*CCON*,nc,1.7034,1.776431045067318
*CCOc1ccc(C(=O)OC(=O)c2ccc(C(=O)OC(=O)c3ccc(O*)c(OC)c3)cc2)cc1OC,egc,3.2659,3.935180150805014
*CCOc1ccc(C(=O)OC(=O)c2ccc(O*)cc2)cc1,egc,4.4185,4.401403149191152
*CCOc1ccc(C(=O)OCCCCCCOC(=O)c2ccc(O*)cc2)cc1,egc,4.6906,4.446739567262723
*CCSCCO*,egc,5.5968,5.159871263763603
*CCSSCCO*,egc,5.6114,5.033271168494213
*CCSSSSCCO*,egc,4.5753,5.302079188018239
*CCc1c(C)c(C)c(*)c(C)c1C,egc,4.9544,4.924847595560461
*CCc1cc(Cl)c(*)c(Cl)c1,egc,5.1758,4.813129663384585
*CCc1ccc(*)c(C#N)c1,egc,4.7476,4.203587637162046
*CCc1ccc(*)c(Cl)c1Cl,egc,5.1237,4.214716827843138
*CCc1ccc(*)o1,egc,4.9056,4.81862277107467
*CCc1ccc(-c2ccc(*)cc2)cc1,egb,3.7492,3.886408952088264
*CCc1ccc(-c2ccc(*)cc2)cc1,ei,5.6867,5.674426149745226
*CCc1ccc(-c2ccc(*)cc2)cc1,eps,3.58,3.754002982501196
*CCc1ccc(-c2ccc(*)s2)cc1,eea,1.6982,1.6962192471811457
*CCc1ccc(-c2ccc(*)s2)cc1,egb,2.9495,3.321876764894272
*CCc1ccc(-c2ccc(*)s2)cc1,nc,1.9106,1.8710879279298598
*CCc1ccc(-c2ccc(*)s2)s1,eea,1.9411,1.9194806772299624
*CCc1ccc(-c2ccc(*)s2)s1,egb,2.7315,2.8916271017001893
*CCc1ccc(-c2ccc(*)s2)s1,ei,5.1709,5.202364052850126
*CCc1ccc(C(*)=S)cc1,egb,2.7697,2.2975967950911707
*CCc1ccc(C(*)=S)cc1,ei,5.8549,5.818131091205594
*CCc1ccc(C(*)=S)cc1,nc,1.9173,1.923083031473488
*CCc1ccc(C(*)=S)s1,eea,3.3272,2.8427840516777403
*CCc1ccc(C(*)=S)s1,egb,2.295,2.1859420401749365
*CCc1ccc(C(*)=S)s1,eps,4.38,4.556688746125928
*CCc1ccc(C(*)=S)s1,nc,2.0043,1.9952601298332242
*CCc1ccc(Cc2ccc(CCS*)cc2)cc1,egb,4.3552,4.079170803098335
*CCc1ccc(Cc2ccc(CCS*)cc2)cc1,egc,4.9003,4.92740059936547
*CCc1ccc(O*)cc1,eea,0.7536,0.9958697755548025
*CCc1ccc(O*)cc1,egb,4.052,4.613715943946549
*CCc1ccc(O*)cc1,eps,3.46,3.5381670712567184
*CCc1ccc(O*)cc1,nc,1.7865,1.760022461349309
*CCc1ccc(O*)s1,eea,0.6627,1.0633919016881621
*CCc1ccc(O*)s1,egb,4.1608,4.360153854196002
*CCc1cnc(*)cn1,egc,4.5671,4.580683082653191
*CCc1nc(-c2ccc(-c3csc(*)n3)cc2)cs1,egc,3.7563,3.8578141973123374
*CCc1nnc(*)n1N,egc,5.722,5.272561412213137
*CNC(=O)C(*)=S,eea,4.0732,3.513364179056845
*CNC(=O)C(*)=S,ei,7.0203,6.928517153410645
*CNC(=O)C(*)=S,eps,5.23,5.494353208053258
*CNC(=O)C(*)=S,nc,1.9972,2.034772360842353
*CNC(=O)CCCC(=O)N*,egc,6.1798,5.520548242215568
*CNC(=O)CCCCCC(=O)N*,egc,5.7012,5.666192897773891
*CNC(=O)CCCCCCCCC(=O)N*,egc,6.1742,5.772661608138241
*CNC(=O)NCOCO*,eea,0.7808,0.8781242425694602
*CNC(=O)NCOCO*,egc,6.2147,5.6737033464495195
*CNC(=O)NCOCO*,eps,4.22,3.778359850103935
*CNC(=O)NCOCO*,nc,1.6883,1.70695339501175
*CNC(=O)OCc1ccc(COCc2ccc(COC(=O)NCc3ccc(C(C)(C)c4ccc(*)o4)o3)o2)o1,egc,4.4843,4.5086416551687005
*CNC(=O)ONC(=O)NO*,egb,5.9707,6.120912130464421
*CNC(=O)ONC(=O)NO*,egc,6.8117,5.778706376879395
*CNC(=O)ONC(=O)NO*,ei,7.4526,7.6091068033791345
*CNC(=O)ONC(=O)NO*,eps,4.65,4.023537273305045
*CNC(=O)ONC(=O)NO*,nc,1.7609,1.7873821199152518
*CNC(=O)c1ccc(*)s1,eea,1.968,2.241633124944485
*CNC(=O)c1ccc(*)s1,ei,6.3237,6.307768851143074
*CNC(=O)c1ccc(*)s1,eps,4.11,4.410203683310092
*CNC(=S)C(*)=O,egb,2.1003,2.5213918561705344
*CNC(=S)C(*)=O,ei,6.3386,6.8497375855528215
*CNC(=S)C(*)=O,eps,5.35,5.205671855144227
*CNC(=S)C(C=C1)=CC=C1*,egc,3.4579,3.4634111833557504
*CNC(=S)N*,egc,4.2179,4.064721563995268
*CNC(=S)N*,ei,5.6855,6.395465641759848
*CNC(=S)O*,egb,4.2201,4.119720506915111
*CNC(=S)O*,egc,4.6235,4.67227754131116
*CNC(=S)O*,ei,6.2178,6.464096223882368
*CNC(=S)c1ccc(*)cc1,egb,3.1832,2.861239270667824
*CNC(=S)c1ccc(*)cc1,ei,5.75,5.936148107875894
*CNC(=S)c1ccc(*)s1,eea,2.3974,2.6579193608439615
*CNC(=S)c1ccc(*)s1,egb,2.7289,2.762245310227774
*CNC(=S)c1ccc(*)s1,ei,5.8964,5.645314597394195
*CNC(=S)c1ccc(*)s1,eps,4.55,4.962877276336535
*CNC(C=C1)=CC=C1C(=O)*,egc,3.6383,3.818594553160451
*CNC(C=C1)=CC=C1O*,egc,4.3424,4.321073040545905
*CNC(S1)=CC=C1C(=O)*,egc,3.1504,3.741806406756118
*CNC(S1)=CC=C1N*,egc,4.2825,3.530323526225289
*CNCC(*)=O,eea,1.6269,1.3363169723639436
*CNCC(*)=O,ei,6.367,6.539000869455447
*CNCC(*)=S,eea,2.6857,2.518541361335007
*CNCC(*)=S,ei,6.0922,5.907664492550506
*CNCCCOCO*,eea,0.6155,0.44859185778781596
*CNCCCOCO*,egb,6.3311,6.304651623466011
*CNCCCOCO*,ei,6.3776,6.33229859577083
*CNCCCOCO*,eps,3.54,3.4274306526115272
*CNCCNC(=O)OC*,eea,0.5903,0.6382012920527055
*CNCCNC(=O)OC*,egb,6.3647,6.155470075567322
*CNCCNC(=O)OC*,ei,6.3844,6.718032039584978
*CNCCNC(=O)OC*,eps,3.67,3.676391953559138
*CNCN*,eea,0.8689,0.646431391061389
*CNCN*,egb,6.2293,5.646572611753593
*CNCN*,egc,5.1634,5.755476994911136
*CNCN*,ei,6.0806,5.773202834061211
*CNCNC(=O)NC(=O)N*,egb,5.4,6.086213881696754
*CNCNC(=O)NC(=O)N*,egc,6.2347,5.580700529147073
*CNCNC(=O)NC(=O)N*,eps,3.92,4.1753800168593385
*CNCO*,eea,0.7624,0.43386435582434046
*CNCO*,egb,6.9282,6.741515889061896
*CNCO*,ei,6.4057,6.307815014593511
*CNCO*,eps,3.53,3.5965590176237976
*CNCO*,nc,1.6697,1.630141496482001
*CNCc1ccc(*)cc1,egb,4.4323,4.557706414862303
*CNCc1ccc(*)cc1,ei,6.259,5.556860725437859
*CNCc1ccc(*)s1,eea,1.1612,1.0833271793283221
*CNCc1ccc(*)s1,egb,4.1265,3.99134883930173
*CNCc1ccc(*)s1,eps,3.53,3.9129615863013294
*CNOC(*)=S,eea,2.5,2.2727162526628537
*CNOC(*)=S,egb,3.5947,3.518426108317672
*CNOC(*)=S,eps,3.89,4.379954397630891
*CNOC(C=C1)=CC=C1*,egc,4.831,4.743456581464711
*CNOC(S1)=CC=C1*,egc,4.5017,4.740478735666226
*CNON*,eea,0.9652,0.8478036834487762
*CNON*,egb,4.8889,6.2946534913232215
*CNON*,egc,5.3302,5.461202134085706
*CNON*,eps,3.62,4.221001361819174
*CNON*,nc,1.7453,1.7452267760667388
*CNOc1ccc(*)cc1,egb,4.1647,4.560695309098608
*CNOc1ccc(*)cc1,eps,3.65,3.6513382009274817
*CNOc1ccc(*)cc1,nc,1.8294,1.8293613795486463
*CNOc1ccc(*)s1,ei,5.578,5.611521356839166
*CNOc1ccc(*)s1,nc,1.8539,1.8382519577297418
*CNc1ccc(-c2ccc(*)cc2)s1,egb,3.3441,3.3547340134655457
*CNc1ccc(-c2ccc(*)cc2)s1,eps,4.18,4.4009790835809275
*CNc1ccc(-c2ccc(*)cc2)s1,nc,1.9424,1.937492099250584
*CNc1ccc(-c2ccc(*)s2)cc1,ei,5.0179,5.11816977686151
*CNc1ccc(-c2ccc(*)s2)cc1,eps,4.42,4.4118090756905834
*CNc1ccc(C(*)=O)cc1,eps,4.8,4.680069289721915
*CNc1ccc(C(*)=O)cc1,nc,1.9491,1.9625250511978716
*CNc1ccc(C(*)=O)s1,egb,2.5818,2.68549796862899
*CNc1ccc(C(*)=O)s1,ei,5.431,5.5851138408195995
*CNc1ccc(C(*)=O)s1,eps,5.29,4.776979614875138
*CNc1ccc(C(*)=O)s1,nc,2.0195,2.1023367955283954
*CNc1ccc(C(*)=S)s1,egb,1.6806,2.0149251959559313
*CNc1ccc(C(*)=S)s1,ei,5.3497,5.186138271141492
*CNc1ccc(C(*)=S)s1,eps,6.19,5.976569201550124
*CNc1ccc(C(*)=S)s1,nc,2.251,2.2731579756924107
*CNc1ccc(N*)cc1,eea,0.54,0.8720976959083396
*CNc1ccc(N*)cc1,eps,4.2,3.9825808819841324
*CNc1ccc(N*)cc1,nc,1.8632,1.882569717289984
*CNc1ccc(N*)s1,eea,0.5629,0.7462293521628485
*CNc1ccc(N*)s1,ei,4.8739,4.964230345636885
*CNc1ccc(N*)s1,eps,4.18,4.022915524670529
*CNc1ccc(N*)s1,nc,1.8551,1.9238128071940925
*CNc1ccc(O*)cc1,eea,0.7695,0.7689724935746766
*CNc1ccc(O*)cc1,egb,3.7495,4.319341632000774
*CNc1ccc(O*)cc1,ei,5.1109,5.243782891195975
*CNc1ccc(O*)cc1,nc,1.8414,1.842150270177628
*CNc1ccc(O*)s1,eea,0.8203,0.8118947513502265
*CNc1ccc(O*)s1,eps,4.2,3.989361129035647
*CO*,eea,0.9897,0.15609
*CO*,egb,8.7732,7.075718730725207
*CO*,egc,6.6048,6.829090341412498
*CO*,eps,3.72,3.4633561703512665
*COC(=O)NCCCCCCNC(=O)OCc1cccc(*)n1,egc,5.1146,4.966205057051875
*COC(=O)NCCNC*,egc,5.81,5.863728749573593
*COC(=O)O*,eea,0.7529,1.0577445427173937
*COC(=O)O*,eps,3.73,3.74937619656538
*COC(=S)O*,eea,2.0771,2.256664710728076
*COC(=S)O*,egc,4.8041,4.484744009172184
*COC(=S)O*,ei,6.8707,6.634880622332183
*COC(=S)O*,eps,4.34,4.024547984514083
*COC(=S)O*,nc,1.8467,1.8122396473265372
*COC(S1)=CC=C1O*,egc,4.8466,4.358712479533789
*COC1CC2CC(O*)C1C2,egc,5.9517,6.107943479058093
*COC1CCC(*)OC1,egc,5.6324,6.121666824348352
*COC1CCC(O*)CC1,egc,6.3134,6.374101125645677
*COCOCCCO*,eea,0.6927,0.4379782053289999
*COCOCCCO*,egb,7.1737,6.866645111959704
*COCOCCCO*,ei,7.1508,7.187566752036243
*COCOCCCO*,eps,3.51,3.3905752843058385
*COCOc1ccc(C(=O)OC(=O)c2ccc(O*)cc2)cc1,egc,4.4493,4.391852173810637
*CONC(*)=O,eea,1.2523,1.0271489282196011
*CONC(*)=O,eps,4.13,4.2378819871218765
*CONC(*)=O,nc,1.7438,1.7697332435843027
*CONC(=O)*,egc,6.1048,5.5719567664992695
*COc1ccc(-c2ccc(*)cc2)s1,eea,1.6377,1.7175059105613348
*COc1ccc(-c2ccc(*)cc2)s1,egb,3.0939,3.2830623314404423
*COc1ccc(C(=C(Cl)Cl)c2ccc(O*)cc2)cc1,egc,4.1966,4.074309241436541
*COc1ccc(C(=O)OC(=O)c2ccc(O*)cc2)cc1,egc,4.3746,4.598261518257746
*COc1ccc(O*)cc1,eea,0.9466,0.7907539875905855
*COc1ccc(O*)cc1,egb,4.685,4.598451553971016
*COc1ccc(O*)cc1,ei,5.8209,6.09958061325671
*COc1ccc(O*)cc1,eps,3.8,3.5500486603719903
*COc1ccc(O*)cc1,nc,1.7891,1.7794380214976164
*COc1ccc(O*)s1,eea,0.8857,0.8993819971647271
*COc1ccc(O*)s1,ei,5.7358,5.849671934576857
*COc1ccc(O*)s1,eps,3.85,3.8191955348563202
*CS(=O)(=O)C1CC(*)C[N+](C)(C)C1,egc,0.1093,4.161521687950356
*CS*,egc,5.3464,4.987076854603178
*Cc1c(C)c(C)c(CNC(=O)CCCC(=O)N*)c(C)c1C,egc,5.2131,5.080311165752761
*Cc1c(O)c(C(C)=O)cc(CNC(=S)N*)c1OC,egc,3.7679,3.495123767859255
*Cc1cc(C23CC4CC(CC(C4)C2)C3)cc(CN(*)C)c1O,egc,4.5466,3.8640604975361392
*Cc1cc(COC(=O)Nc2ccc(Cc3ccc(NC(=O)O*)cc3)cc2)cc(C(C)(C)C)c1,egc,4.7039,4.474535789830579
*Cc1ccc(-c2ccc(-c3ccc(*)cc3)cc2)cc1,eps,3.67,3.6158065276560354
*Cc1ccc(-c2ccc(-c3ccc(*)cc3)s2)cc1,eea,1.8331,1.815442583270695
*Cc1ccc(-c2ccc(-c3ccc(*)cc3)s2)cc1,egb,2.7314,3.0280708218502603
*Cc1ccc(-c2ccc(-c3ccc(*)cc3)s2)cc1,ei,5.3092,5.409041846484008
*Cc1ccc(-c2ccc(-c3ccc(*)cc3)s2)cc1,nc,1.9726,2.0112483897967466
*Cc1ccc(-c2ccc(-c3ccc(*)s3)cc2)cc1,ei,5.3793,5.242840792852536
*Cc1ccc(-c2ccc(-c3ccc(*)s3)cc2)cc1,nc,2.0164,1.9521019488609122
*Cc1ccc(-c2ccc(-c3ccc(*)s3)cc2)s1,eea,1.9244,1.8107476460362544
*Cc1ccc(-c2ccc(-c3ccc(*)s3)cc2)s1,egb,2.512,2.7463312529577517
*Cc1ccc(-c2ccc(-c3ccc(*)s3)cc2)s1,eps,3.91,4.414076557329873
*Cc1ccc(-c2ccc(-c3ccc(*)s3)cc2)s1,nc,1.9468,2.0234757927893985
*Cc1ccc(-c2ccc(-c3ccc(*)s3)s2)cc1,eea,1.9547,1.96779415037236
*Cc1ccc(-c2ccc(-c3ccc(*)s3)s2)cc1,ei,5.1679,5.105674460909609
*Cc1ccc(-c2ccc(-c3ccc(*)s3)s2)cc1,nc,1.9768,2.024457126145756
*Cc1ccc(-c2ccc(-c3ccc(*)s3)s2)s1,eea,2.0787,2.1769542667033615
*Cc1ccc(-c2ccc(-c3ccc(*)s3)s2)s1,eps,4.39,4.86584064810033
*Cc1ccc(-c2ccc(-c3ccc(*)s3)s2)s1,nc,2.0574,2.019656681506242
*Cc1ccc(-c2ccc(C(*)=S)cc2)cc1,eea,2.7075,2.766526207484787
*Cc1ccc(-c2ccc(C(*)=S)cc2)cc1,egb,2.5561,2.2039978625013745
*Cc1ccc(-c2ccc(C(*)=S)cc2)cc1,eps,4.45,4.225281777415653
*Cc1ccc(-c2ccc(C(*)=S)cc2)cc1,nc,2.0502,2.02112795695383
*Cc1ccc(-c2ccc(C(*)=S)cc2)s1,eea,2.9754,3.078349172465018
*Cc1ccc(-c2ccc(C(*)=S)cc2)s1,eps,4.8,4.980326764088937
*Cc1ccc(-c2ccc(C(*)=S)cc2)s1,nc,2.0986,2.0642406750242137
*Cc1ccc(-c2ccc(C(*)=S)s2)cc1,egb,1.9323,2.3522457295593826
*Cc1ccc(-c2ccc(C(*)=S)s2)cc1,ei,5.8475,5.670620423018631
*Cc1ccc(-c2ccc(C(*)=S)s2)cc1,eps,4.61,5.3805856078312235
*Cc1ccc(-c2ccc(C(*)=S)s2)s1,eea,3.2587,3.3917113456803176
*Cc1ccc(-c2ccc(C(*)=S)s2)s1,ei,5.7652,5.603778097530402
*Cc1ccc(-c2ccc(C(*)=S)s2)s1,eps,5.34,5.692517971150071
*Cc1ccc(-c2ccc(CSC(=O)CCC(=O)S*)cc2)cc1,egc,4.7843,3.851363327438487
*Cc1ccc(-c2ccc(N*)cc2)cc1,eea,1.1363,1.0130620901244338
*Cc1ccc(-c2ccc(N*)cc2)cc1,ei,5.1363,5.229189525117642
*Cc1ccc(-c2ccc(N*)cc2)cc1,nc,1.9585,1.9523260703060084
*Cc1ccc(-c2ccc(N*)s2)s1,eea,1.6017,1.4122951628466878
*Cc1ccc(-c2ccc(N*)s2)s1,egb,2.8559,3.0444482616383444
*Cc1ccc(-c2ccc(N*)s2)s1,ei,4.9311,4.874007583635518
*Cc1ccc(-c2ccc(N*)s2)s1,eps,4.54,4.524011637188026
*Cc1ccc(-c2ccc(N*)s2)s1,nc,1.9938,1.9753105845987786
*Cc1ccc(-c2ccc(O*)cc2)cc1,egb,3.7323,3.850058105051784
*Cc1ccc(-c2ccc(O*)cc2)s1,eea,1.4385,1.7629699765131035
*Cc1ccc(-c2ccc(O*)cc2)s1,nc,1.9368,1.8893549761107011
*Cc1ccc(-c2ccc(O*)s2)s1,egb,2.9968,3.2429954570246675
*Cc1ccc(-c2ccc(O*)s2)s1,ei,5.2494,5.359117870256097
*Cc1ccc(-c2ccc(O*)s2)s1,eps,4.19,4.213178570219059
*Cc1ccc(-c2ccc(O*)s2)s1,nc,1.9533,1.9302927529700258
*Cc1ccc(C(=O)C(*)=S)cc1,eea,3.3639,3.610503129483909
*Cc1ccc(C(=O)C(*)=S)cc1,egb,2.5816,2.2226813415946425
*Cc1ccc(C(=O)C(*)=S)cc1,eps,4.22,4.470234267815007
*Cc1ccc(C(=O)C(*)=S)cc1,nc,1.9454,1.9096308692711457
*Cc1ccc(C(=O)C(*)=S)s1,ei,6.4325,6.671731048758124
*Cc1ccc(C(=O)C(*)=S)s1,nc,1.9676,2.0794170288493716
*Cc1ccc(C(=O)N*)cc1,egb,4.2448,4.311776829649315
*Cc1ccc(C(=O)N*)cc1,egc,5.0419,5.031640180036591
*Cc1ccc(C(=O)N*)cc1,nc,1.8171,1.8524592490172869
*Cc1ccc(C(=O)O*)cc1,eea,2.2574,2.3256589950914033
*Cc1ccc(C(=O)O*)cc1,egb,3.7934,4.14372666475688
*Cc1ccc(C(=O)O*)cc1,egc,4.9209,4.693545658585297
*Cc1ccc(C(=O)O*)cc1,ei,7.179,7.039769269602681
*Cc1ccc(C(=O)O*)cc1,eps,4.03,4.028527608190182
*Cc1ccc(C(=O)O*)cc1,nc,1.8426,1.8182688606585458
*Cc1ccc(C(=O)O*)s1,egb,3.78,3.523431438542902
*Cc1ccc(C(=O)O*)s1,ei,6.8862,6.7314028193609525
*Cc1ccc(C(=O)O*)s1,eps,4.17,4.098605447102053
*Cc1ccc(C(=O)c2ccc(*)cc2)cc1,egb,3.8451,3.4952378201235543
*Cc1ccc(C(=O)c2ccc(*)cc2)cc1,eps,3.96,3.901016644148622
*Cc1ccc(C(=O)c2ccc(*)cc2)cc1,nc,1.9018,1.8526322946223304
*Cc1ccc(C(=O)c2ccc(*)s2)cc1,egb,3.4106,3.034487099931255
*Cc1ccc(C(=O)c2ccc(*)s2)cc1,ei,6.578,6.163243832386388
*Cc1ccc(C(=O)c2ccc(*)s2)cc1,eps,4.07,4.0341276189996345
*Cc1ccc(C(=O)c2ccc(*)s2)s1,eea,2.8498,2.668501094441152
*Cc1ccc(C(=O)c2ccc(*)s2)s1,egb,2.7131,2.8554252604058115
*Cc1ccc(C(=O)c2ccc(*)s2)s1,ei,6.3555,6.353431661764624
*Cc1ccc(C(=O)c2ccc(*)s2)s1,eps,4.69,4.771127105922096
*Cc1ccc(C(=O)c2ccc(*)s2)s1,nc,2.0215,1.9843973616913926
*Cc1ccc(C(=S)O*)cc1,eea,2.8319,2.7192016030896835
*Cc1ccc(C(=S)O*)cc1,egb,3.1473,2.9773249465993983
*Cc1ccc(C(=S)O*)cc1,nc,1.8934,1.8769091263808837
*Cc1ccc(C(=S)O*)s1,eea,2.9654,3.14705269754624
*Cc1ccc(C(=S)O*)s1,ei,6.4155,6.16740646771326
*Cc1ccc(C(=S)O*)s1,eps,4.71,4.470660068733748
*Cc1ccc(C(=S)c2ccc(*)cc2)cc1,eea,2.874,2.58860089247382
*Cc1ccc(C(=S)c2ccc(*)cc2)cc1,egb,2.3058,2.6704528724570875
*Cc1ccc(C(=S)c2ccc(*)cc2)cc1,ei,5.6687,5.816036597628073
*Cc1ccc(C(=S)c2ccc(*)cc2)cc1,eps,4.09,4.346408708692251
*Cc1ccc(C(=S)c2ccc(*)cc2)cc1,nc,1.9675,2.0057679243192186
*Cc1ccc(C(=S)c2ccc(*)s2)cc1,eea,3.0211,3.0147052639262832
*Cc1ccc(C(=S)c2ccc(*)s2)cc1,egb,2.5143,2.164321681262904
*Cc1ccc(C(=S)c2ccc(*)s2)cc1,eps,4.17,4.531324958503836
*Cc1ccc(C(=S)c2ccc(*)s2)s1,ei,5.9541,5.752647055779371
*Cc1ccc(C(=S)c2ccc(*)s2)s1,nc,2.0063,2.143347320846717
*Cc1ccc(C*)cc1,ei,6.2134,6.082150934315154
*Cc1ccc(C*)cc1,eps,3.97,3.309566730897916
*Cc1ccc(CC(*)=S)cc1,eea,2.6743,2.5412333019194366
*Cc1ccc(CC(*)=S)cc1,egb,2.9253,2.902801941761332
*Cc1ccc(CC(*)=S)cc1,ei,5.9697,5.921546331536276
*Cc1ccc(CC(*)=S)cc1,nc,1.8601,1.8616359865034382
*Cc1ccc(CC(*)=S)s1,egb,2.5553,2.8166898467446186
*Cc1ccc(CC(*)=S)s1,nc,1.8463,1.9110918606434413
*Cc1ccc(CN2CCN(*)C(C)C2)cc1,egc,4.6219,4.630191532436221
*Cc1ccc(CNC(=O)CCCCCCCCCCC(=O)N*)cc1,egc,5.2323,5.305694324096474
*Cc1ccc(CNC(=O)CCCCCCCCCCCCCC(=O)N*)cc1,egc,5.2897,5.39255103619438
*Cc1ccc(CNC(=O)CCCCCCCCCCCCCCCC(=O)N*)cc1,egc,5.288,5.435583857965842
*Cc1ccc(CNC(=O)CCCCCCCCCCCCCCCCCCCCC(=O)N*)cc1,egc,5.5873,5.223086091128757
*Cc1ccc(CNC(=O)c2cccc(C(=O)N*)c2)cc1,egc,4.6753,4.747656077855539
*Cc1ccc(CNC(C)=N*)cc1,egc,4.9237,4.619454851304816
*Cc1ccc(CO*)cc1,eea,1.6106,1.1434808165331065
*Cc1ccc(CO*)cc1,egb,4.8019,4.300574110513279
*Cc1ccc(CO*)cc1,egc,4.9575,5.1340696032813415
*Cc1ccc(CO*)cc1,nc,1.7774,1.7658080263720604
*Cc1ccc(CO*)s1,eea,1.4146,1.2457546973599134
*Cc1ccc(CO*)s1,ei,6.0202,5.903027597703926
*Cc1ccc(CO*)s1,eps,4.0,3.8218593382179966
*Cc1ccc(CO*)s1,nc,1.8606,1.8227642043887196
*Cc1ccc(COC(=O)CC(=O)O*)cc1,egc,5.5783,5.285011640277513
*Cc1ccc(COC(=O)CCC(=O)O*)cc1,egc,5.464,5.512239184108159
*Cc1ccc(COC(=O)CCCC(=O)O*)cc1,egc,5.4521,5.564867248315846
*Cc1ccc(COC(=O)CCCCCCCCCCCCCCCCCCC(=O)O*)cc1,egc,5.5452,5.678989778226374
*Cc1ccc(COC(=O)CCCCSCCCCC(=O)O*)cc1,egc,4.7687,4.632778312319932
*Cc1ccc(COC(=O)O*)cc1,egc,5.5423,5.5668183050709565
*Cc1ccc(CSSSS*)cc1,egc,4.3206,3.727350165861298
*Cc1ccc(C[n+]2ccc(-c3cc[n+](*)cc3)cc2)cc1,egc,2.0993,3.042264997771098
*Cc1ccc(Cc2ccc(*)cc2)cc1,eea,1.0649,1.1405106692126392
*Cc1ccc(Cc2ccc(*)cc2)cc1,egb,4.2049,4.752456097935237
*Cc1ccc(Cc2ccc(*)cc2)cc1,ei,6.2368,6.011951371686644
*Cc1ccc(Cc2ccc(*)cc2)cc1,eps,3.41,3.5003156185927757
*Cc1ccc(Cc2ccc(*)s2)cc1,egb,4.0831,4.137103742686271
*Cc1ccc(Cc2ccc(*)s2)cc1,eps,3.4,3.342313591442407
*Cc1ccc(Cc2ccc(*)s2)cc1,nc,1.8173,1.8136782479863949
*Cc1ccc(Cc2ccc(*)s2)s1,eea,1.174,1.3242049374170795
*Cc1ccc(Cc2ccc(*)s2)s1,egb,4.1954,3.580032261913306
*Cc1ccc(Cc2ccc(*)s2)s1,eps,3.65,3.343453086726906
*Cc1ccc(Cc2ccc(*)s2)s1,nc,1.8382,1.774156012429343
*Cc1ccc(NC(*)=S)cc1,eea,2.0656,2.0172354832361012
*Cc1ccc(NC(*)=S)cc1,egb,3.5265,3.097188620457401
*Cc1ccc(NC(*)=S)s1,eea,2.0497,2.12382856058976
*Cc1ccc(NC(*)=S)s1,egb,2.8469,2.7642568754311423
*Cc1ccc(NC(*)=S)s1,eps,4.42,4.7220392860422145
*Cc1ccc(NO*)cc1,eea,0.7333,0.9819857792620985
*Cc1ccc(NO*)cc1,ei,5.6115,5.531491140597602
*Cc1ccc(NO*)s1,eea,1.3873,0.8844115354066264
*Cc1ccc(NO*)s1,ei,5.1816,5.3223038282466
*Cc1ccc(NO*)s1,eps,4.04,4.220390025727263
*Cc1ccc(NO*)s1,nc,1.8806,1.8704678856997623
*Cc1ccc(Nc2ccc(*)cc2)cc1,eea,0.9546,0.8613567526597267
*Cc1ccc(Nc2ccc(*)cc2)cc1,egb,3.7655,4.216379447666417
*Cc1ccc(Nc2ccc(*)cc2)cc1,ei,5.3392,5.275300178600826
*Cc1ccc(Nc2ccc(*)s2)cc1,eea,0.9705,0.7992307512344942
*Cc1ccc(Nc2ccc(*)s2)cc1,ei,5.4067,5.29157071134685
*Cc1ccc(Nc2ccc(*)s2)cc1,eps,4.02,3.8999564075838196
*Cc1ccc(Nc2ccc(*)s2)s1,egb,3.6624,3.7028933012607057
*Cc1ccc(OC(*)=S)cc1,eea,2.2773,2.244266634900058
*Cc1ccc(OC(*)=S)cc1,egb,3.7121,3.4191155485802502
*Cc1ccc(OC(*)=S)cc1,eps,3.66,3.6591690714662404
*Cc1ccc(OC(*)=S)cc1,nc,1.8273,1.8374646203944853
*Cc1ccc(OCOc2ccc(*)c3cccnc23)c2ncccc12,egc,3.5315,3.0713897363135363
*Cc1ccc(Oc2ccc(*)s2)cc1,eea,1.0627,1.180334229968256
*Cc1ccc(Oc2ccc(*)s2)cc1,egb,4.0475,4.275655316871375
*Cc1ccc(Oc2ccc(*)s2)cc1,eps,3.59,3.6748439949893923
*Cc1ccc(Oc2ccc(*)s2)cc1,nc,1.8289,1.8150074628072863
*Cc1ccc(Oc2ccc(*)s2)s1,eea,1.2199,1.1825410009359185
*Cc1ccc(Oc2ccc(*)s2)s1,ei,5.8606,5.445103128479692
*Cc1ccc(Oc2ccc(*)s2)s1,nc,1.8388,1.8287115757187842
*Cc1cccc(CN(C)C(=O)CCCCC(=O)N(*)C)c1,egc,5.4868,4.594557739961877
*Cc1cccc(CNC(=O)C2=C(C(=O)N*)C3C=CC2C3)c1,egc,3.5629,4.440608615865471
*Cc1nc(-c2ccc(-c3csc(*)n3)cc2)cs1,egc,3.8894,3.6501819259584423
*Cc1nc2cc3sc(*)nc3cc2s1,egc,3.8345,3.549295093457103
*N(C(=O)C(C(C(C(=O)N(CCCCCC*)C(C)C)(F)F)(F)F)(F)F)C(C)C,tg,142.5,59.798625851852506
*N(C(=O)C(C(C(C(C(=O)N(CCCCCC*)CC(C(F)(F)F)(F)F)(F)F)(F)F)(F)F)(F)F)CC(C(F)(F)F)(F)F,tg,174.0,34.289175308885255
*N(C(=O)CCC(=O)N(CCCCCC*)C)C,tg,7.5,45.34381515055729
*N(C(=O)CCCC(=O)N(CCCCCC*)C)C,tg,3.0,2.6924480459149445
*N(C(=O)c1cc(ccc1)C(=O)*)c1ccccc1,tg,148.0,245.08850333225004
*N(C(C*)CC)C(=O)CCCC,tg,50.67,20.713826774914427
*N(CC(C*)O)c1cc(c(c(c1)C)N=Nc1c(cc(cc1)[N+](=O)[O-])C)C,tg,149.0,146.37384797662145
*N(CC(C*)O)c1cc(c(c(c1)C)N=Nc1ccc(cc1)C#N)C,tg,150.0,152.65100904344774
*N(CC(C*)O)c1cc(c(c(c1)C)N=Nc1ccc(cc1)Cl)C,tg,150.0,142.13050898480174
*N(CC(C*)O)c1cc(c(c(c1)C)N=Nc1ccc(cc1)[N+](=O)[O-])C,tg,152.0,151.5788738769142
*N(CC(C*)O)c1cc(cc(c1)C)C,tg,80.0,114.56233581470674
*N(CC(C*)O)c1ccc(cc1)N=Nc1c(cc(cc1)[N+](=O)[O-])C,tg,156.0,153.99791253491503
*N(CC(C*)O)c1ccc(cc1)N=Nc1ccc(cc1)Cl,tg,160.0,125.24495902977431
*N(CC*)C(=O)C(C)C,tg,30.0,84.94663089580169
*N(CC*)C(=O)C(CCCC)CC,tg,33.0,18.748987062224984
*N(CC*)C(=O)C(OC)(c1ccccc1)C(F)(F)F,tg,89.0,82.94964525058498
*N(CC*)C(=O)C1(CCC1)c1ccc(cc1)Cl,tg,112.0,111.44317175307913
*N(CC*)C(=O)C12CC3CC(CC(C1)C3)C2,tg,123.0,171.02554932787737
*N(CC*)C(=O)C1CC1,tg,77.0,73.68210065813378
*N(CC*)C(=O)CC(C)C,tg,30.0,34.798542967127105
*N(CC*)C(=O)CC12CC3CC(CC(C1)C3)C2,tg,139.0,165.5708727828084
*N(CC*)C(=O)CCCCC,tg,7.0,10.442476938910213
*N(CC*)C(=O)CCCCCCCCCCC,tg,10.0,-6.503390115503258
*N(CC*)C(=O)c1c(c(c(c(c1)F)F)F)F,tg,97.0,111.4032655041381
*N(CC*)C(=O)c1c(c(c(c(c1F)F)F)F)F,tg,136.0,104.56177292345642
*N(CC*)C(=O)c1c(c(c(cc1)F)F)F,tg,102.0,101.2663820399755
*N(CC*)C(=O)c1c(c(cc(c1)F)F)F,tg,110.0,112.0369749065443
*N(CC*)C(=O)c1c(c(ccc1)F)F,tg,110.0,117.6348976628432
*N(CC*)C(=O)c1c(cc(c(c1F)F)F)F,tg,122.0,117.20739952558141
*N(CC*)C(=O)c1c(cc(cc1F)F)F,tg,135.0,111.74729149859954
*N(CC*)C(=O)c1c(ccc(c1)F)F,tg,112.0,101.8854075427248
*N(CC*)C(=O)c1c(ccc(c1F)F)F,tg,124.0,111.58008787502492
*N(CC*)C(=O)c1c(cccc1)F,tg,109.0,95.27186186934212
*N(CC*)C(=O)c1cc(c(cc1)F)F,tg,101.0,108.28000967471021
*N(CC*)C(=O)c1cc(ccc1)F,tg,97.0,103.33017022190481
*N(CC*)C(=O)c1ccc(cc1)F,tg,104.0,114.94691228518587
*N(CC*)C(=O)c1ccc(cc1)SC(F)(F)F,tg,100.0,104.72013486812915
*N(CC*)C(=O)c1ccccc1,tg,108.5,102.14044380518033
*N(CC*)CCOCCOC,tg,-76.0,-54.689999022115586
*N(CCC*)C(=O)C(C(C(C(C(C(C(F)(F)F)(F)F)(F)F)(F)F)(F)F)(F)F)(F)F,tg,25.0,36.67343528442973
*N(CCC*)C(=O)CC,tg,8.0,45.58204696540258
*N(CCC*)C(=O)CCCCC,tg,-16.0,8.774396457021483
*N(CCC*)C(=O)c1ccccc1,tg,72.0,101.30225174344706
*N(CCCNC(=O)CCCCC(=O)NCCC*)C,tg,5.0,42.98542331546753
*N(CCNC(=O)c1ccc(cc1)[Si](c1ccc(cc1)C(=O)NCC*)(C)C)c1ccc(cc1)/C=C/c1ccc(cc1)[N+](=O)[O-],tg,157.5,153.28967459406786
*N(CCNC(=O)c1ccc(cc1)[Si](c1ccc(cc1)C(=O)NCC*)(CCCC)CCCC)c1ccc(cc1)/C=C/c1ccc(cc1)[N+](=O)[O-],tg,115.0,122.27602752331501
*N(CCNC(=O)c1ccc(cc1)[Si](c1ccc(cc1)C(=O)NCC*)(c1ccccc1)c1ccccc1)c1ccc(cc1)/C=C/c1ccc(cc1)[N+](=O)[O-],tg,157.5,158.54553728112987
*N(Cc1c(c(cc(c1)C12CC3CC(CC(C1)C3)C2)C*)O)C,tg,188.8,142.5595455348689
*N(Cc1c(c(cc(c1)C12CC3CC(CC(C1)C3)C2)C*)O)c1ccccc1,tg,109.4,213.9759392045972
*N(c1ccc(cc1)/C=C(/C(=O)Nc1cc(ccc1)NC(=O)/C(=C/c1ccc(cc1)N(Cc1c(cccc1)C*)CC)/C#N)\C#N)CC,tg,188.0,224.4397705421585
*N(c1ccc(cc1)C(=O)*)C,tg,197.0,206.10446400655027
*N(c1ccc(cc1)C(=O)*)CCCC,tg,124.0,89.37308361820935
*N(c1ccc(cc1)C(=O)*)CCCCCCC,tg,45.9,49.047344488673204
*N(c1ccc(cc1)C(=O)*)CCCCCCCC,tg,30.0,45.849709601292616
*N(c1ccc(cc1)C(=O)c1ccc(cc1)N(CCC*)C)C,tg,101.0,102.66444237546385
*N(c1ccc(cc1)C(=O)c1ccc(cc1)N(CCCCCC*)C)C,tg,75.5,65.00261077249347
*N(c1ccc(cc1)C(=O)c1ccc(cc1)N(CCCCCCCC*)C)C,tg,50.0,61.504667268541716
*N(c1ccc(cc1)C(c1ccc(cc1)*)c1ccc(cc1)C#N)c1ccc(cc1)C,tg,230.0,234.61925917890963
*N(c1ccc(cc1)C(c1ccc(cc1)*)c1ccc(cc1)C(=O)OC)c1ccc(cc1)C,tg,222.0,185.28050356271797
*N(c1ccc(cc1)C(c1ccc(cc1)*)c1ccc(cc1)OCCCC)c1ccc(cc1)C,tg,170.0,168.1590183156611
*N(c1ccc(cc1)C(c1ccc(cc1)*)c1ccc(cc1)[N+](=O)[O-])c1ccc(cc1)C,tg,215.0,227.19978837754772
*N(c1ccc(cc1)C(c1ccc(cc1)*)c1ccccc1)c1ccc(cc1)C,tg,199.0,212.32471918572696
*N(c1ccc(cc1)C=C(c1c(cc(c(c1)OCCCCCCCC)C(=Cc1ccc(cc1)*)C#N)OCCCCCCCC)C#N)c1ccccc1,tg,78.0,134.36114596423218
*N(c1ccc(cc1)C=C(c1ccc(cc1)C(=Cc1ccc(cc1)*)c1ccc(cc1)OC)c1ccc(cc1)OC)c1ccccc1,tg,197.0,211.43667962427077
*N(c1ccc(cc1)C=Cc1c(cc(c(c1)OC)C=Cc1ccc(cc1)*)OCC(CCCC)CC)c1ccccc1,tg,147.0,117.86397000320933
*N(c1ccc(cc1)N(c1ccc(cc1)/C=C(/C(=O)NC1C(CCCC1)NC(=O)/C(=C/c1ccc(cc1)*)/C#N)\C#N)c1ccccc1)c1ccccc1,tg,239.0,225.25704351334983
*N(c1ccc(cc1)c1ccc(cc1)*)c1cc(cc(c1)C(F)(F)F)C(F)(F)F,tg,209.0,189.0352546413241
*N(c1ccc(cc1)c1ccc(cc1)*)c1ccc(cc1)C(F)(F)F,tg,225.0,204.24570660610084
*N(c1ccc(cc1)c1ccc(cc1)N(c1ccc(cc1)C(c1ccc(cc1)*)c1ccccc1)c1ccc(cc1)C)c1ccc(cc1)C,tg,239.0,216.6028035306235
*N1C(=O)C(=C(C1=O)Cl)Oc1ccc(cc1)C(c1ccc(cc1)OC1=C(C(=O)N(C1=O)c1ccc(cc1)Cc1ccc(cc1)*)Cl)(C)C,tg,172.0,184.73384744302814
*N1C(=O)C(=C(C1=O)Cl)Oc1ccc(cc1)C(c1ccc(cc1)OC1=C(C(=O)N(C1=O)c1ccc(cc1)Oc1ccc(cc1)*)Cl)(C)C,tg,175.0,188.01747766658045
*N1C(=O)C(=C(C1=O)c1ccccc1)c1ccc(cc1)C1=C(C(=O)N(C1=O)c1ccc(cc1)C1(c2ccccc2c2ccccc12)c1ccc(cc1)*)c1ccccc1,tg,325.67,321.7587160364478
*N1C(=O)C(=C(C1=O)c1ccccc1)c1ccc(cc1)C1=C(C(=O)N(C1=O)c1ccc(cc1)Oc1ccc(cc1)*)c1ccccc1,tg,275.0,249.5515664044998
*N1C(=O)C(=C(C1=O)c1ccccc1)c1ccc(cc1)C1=C(C(=O)N(C1=O)c1ccc(cc1)Oc1ccc(cc1)Oc1ccc(cc1)*)c1ccccc1,tg,249.0,258.13484027694057
*N1C(=O)C(=C(C1=O)c1ccccc1)c1ccc(cc1)C1=C(C(=O)N(C1=O)c1ccc(cc1)Oc1ccc(cc1)c1ccc(cc1)Oc1ccc(cc1)*)c1ccccc1,tg,257.67,244.60232276991906
*N1C(=O)C(CC1=O)(SCCOCCSC1(C(=O)N(C(=O)C1)CCCCCCN1C(=O)C(C(C1=O)C)SCCOCCSC1C(=O)N(C(=O)C1C)CCCCCC*)C)C,tg,78.0,23.001602189010537
*N1C(=O)C(CC1=O)(SCCOCCSC1(C(=O)N(C(=O)C1)c1ccc(cc1)Cc1ccc(cc1)N1C(=O)C(C(C1=O)C)SCCOCCSC1C(=O)N(C(=O)C1C)c1ccc(cc1)Cc1ccc(cc1)*)C)C,tg,105.0,139.991892465267
*N1C(=O)C(CC1=O)(SCCOCCSC1(C(=O)N(C(=O)C1)c1ccc(cc1)Oc1ccc(cc1)N1C(=O)C(C(C1=O)C)SCCOCCSC1C(=O)N(C(=O)C1C)c1ccc(cc1)Oc1ccc(cc1)*)C)C,tg,145.0,107.45975751370207
*N1C(=O)C(CC1=O)(SCCOCCSC1(C(=O)N(C(=O)C1)c1ccc(cc1)S(=O)(=O)c1ccc(cc1)N1C(=O)C(C(C1=O)C)SCCOCCSC1C(=O)N(C(=O)C1C)c1ccc(cc1)S(=O)(=O)c1ccc(cc1)*)C)C,tg,157.0,117.93863299011768
*N1C(=O)C(CC1=O)CC*,tg,121.0,114.8206718460151
*N1C(=O)C(CC1=O)Nc1cc(ccc1)NC1C(=O)N(C(=O)C1)c1ccc(cc1)Oc1c(cc(cc1C)C(c1cc(c(c(c1)C)Oc1ccc(cc1)*)C)c1cnccc1)C,tg,217.0,229.2327553210349
*N1C(=O)C(CC1=O)Nc1ccc(cc1)Cc1ccc(cc1)NC1C(=O)N(C(=O)C1)c1ccc(cc1)C(=O)Oc1c(cc(cc1C)C(c1cc(c(c(c1)C)OC(=O)c1ccc(cc1)*)C)c1cnccc1)C,tg,186.0,233.59257393467053
*N1C(=O)C(CC1=O)Nc1ccc(cc1)Cc1ccc(cc1)NC1C(=O)N(C(=O)C1)c1ccc(cc1)Cc1ccc(cc1)*,tg,239.0,251.98855184146137
*N1C(=O)C(CC1=O)Nc1ccc(cc1)N(c1ccc(cc1)NC1C(=O)N(C(=O)C1)c1ccc(cc1)Cc1ccc(cc1)*)c1ccc(cc1)Nc1ccc(cc1)[N+](=O)[O-],tg,324.0,217.10302521389346
*N1C(=O)C(CC1=O)Nc1ccc(cc1)N(c1ccc(cc1)NC1C(=O)N(C(=O)C1)c1ccc(cc1)Cc1ccc(cc1)*)c1ccc(cc1)[N+](=O)[O-],tg,276.0,222.0495204326041
*N1C(=O)C(CC1=O)Nc1ccc(cc1)NC1C(=O)N(C(=O)C1)c1ccc(cc1)C(=O)Oc1c(cc(cc1C)C(c1cc(c(c(c1)C)OC(=O)c1ccc(cc1)*)C)c1cnccc1)C,tg,212.0,236.4752645394522
*N1C(=O)C(CC1=O)Nc1ccc(cc1)NC1C(=O)N(C(=O)C1)c1ccc(cc1)Oc1c(cc(cc1C)C(c1cc(c(c(c1)C)Oc1ccc(cc1)*)C)c1cnccc1)C,tg,229.0,219.60222669510935
*N1C(=O)C(CC1=O)SCCOCCSC1C(=O)N(C(=O)C1)c1ccc(cc1)C(=O)Oc1cc2c(cc1)ccc(c2)OC(=O)c1ccc(cc1)*,tg,160.0,167.78017648050997
*N1C(=O)C(CC1=O)SCCOCCSC1C(=O)N(C(=O)C1)c1ccc(cc1)C(=O)Oc1ccc(cc1)C(c1ccc(cc1)OC(=O)c1ccc(cc1)*)(C)C,tg,143.0,149.12422625926513
*N1C(=O)C(CC1=O)SCCOCCSC1C(=O)N(C(=O)C1)c1ccc(cc1)C(=O)Oc1ccc(cc1)OC(=O)c1ccc(cc1)*,tg,166.0,146.26027631632647
*N1C(=O)C2C(C1=O)C(=CC(C2)C1C(=O)N(C(=O)C1)c1c(ccc(c1)*)OCCCCCCCCCCCCCCCC)C,tg,186.0,154.48838627282188
*N1C(=O)C2C(C1=O)C(=CC(C2)C1C(=O)N(C(=O)C1)c1ccc(cc1)*)C,tg,327.0,241.18451516242158
*N1C(=O)C2C(C1=O)C(Cc1ccccc21)C1C(=O)N(C(=O)C1)c1cc(cc(c1)C(=O)OC)*,tg,249.43,284.8887187501631
*N1C(=O)C2C(C1=O)C(Cc1ccccc21)C1C(=O)N(C(=O)C1)c1cc(cc(c1)C(=O)OCCC)*,tg,249.43,257.84930703189866
*N1C(=O)C2C(C1=O)C(Cc1ccccc21)C1C(=O)N(C(=O)C1)c1cc(cc(c1)C(=O)OCCCCCC)*,tg,249.43,198.6922974891893
*N1C(=O)C2C(C1=O)CC(CC2)C1CC2C(C(=O)N(C2=O)c2cc(ccc2)*)CC1,tg,263.0,286.96034725090703
*N1C(=O)C2C(C1=O)CC(CC2)C1CC2C(C(=O)N(C2=O)c2ccc(cc2)Cc2ccc(cc2)*)CC1,tg,260.0,273.8198174931607
*N1C(=O)C2C(C1=O)CC(CC2)C1CC2C(C(=O)N(C2=O)c2ccc(cc2)Oc2cc(ccc2)Oc2ccc(cc2)*)CC1,tg,215.0,235.64666769597545
*N1C(=O)C2C(C1=O)CC(CC2)C1CC2C(C(=O)N(C2=O)c2ccc(cc2)Oc2ccc(cc2)*)CC1,tg,257.0,259.5059909980727
*N1C(=O)C2C(C1=O)CC(CC2)C1CC2C(C(=O)N(C2=O)c2ccc(cc2)Oc2ccc(cc2)Oc2ccc(cc2)*)CC1,tg,238.0,258.0281733993911
*N1C(=O)C2C(C1=O)CC(CC2)C1CC2C(C(=O)N(C2=O)c2ccc(cc2)Oc2ccc(cc2)S(=O)(=O)c2ccc(cc2)Oc2ccc(cc2)*)CC1,tg,256.5,258.1385168614721
*N1C(=O)C2C3C4C(C(C2C1=O)C=C3)C(=O)N(C4=O)C1CCC(CC1)CC1CCC(CC1)*,tg,239.0,254.74540116010309
*N1C(=O)C2C3C4C(C(C2C1=O)C=C3)C(=O)N(C4=O)CCCCCCCCCC*,tg,219.0,114.59935445136504
*N1C(=O)C2C3C4C(C(C2C1=O)C=C3)C(=O)N(C4=O)c1ccc(cc1)Sc1cc2c(C(=O)N(C2=O)CCN(C)C)cc1Sc1ccc(cc1)*,tg,310.0,245.7539077966422
*N1C(=O)C2C3C4C(C(C2C1=O)C=C3)C(=O)N(C4=O)c1ccc(cc1)Sc1cc2c(C(=O)N(C2=O)CCc2ccccc2)cc1Sc1ccc(cc1)*,tg,258.0,302.8334224529607
*N1C(=O)C2C3C4C(C(C2C1=O)C=C3)C(=O)N(C4=O)c1ccc(cc1)Sc1cc2c(C(=O)N(C2=O)c2ccc(cc2)CC)cc1Sc1ccc(cc1)*,tg,320.0,289.9338652120384
*N1C(=O)C2CCC3C(C2C1=O)C(=O)N(C3=O)c1c(cc(cc1)Cc1cc(c(cc1)*)C)C,tg,340.0,296.834859344247
*N1C(=O)C2CCC3C(C2C1=O)C(=O)N(C3=O)c1ccc(cc1)Oc1ccc(cc1)*,tg,342.0,298.86996006645944
*N1C(=O)C2CCC3C(C2C1=O)C(=O)N(C3=O)c1ccc(cc1)Oc1ccc(cc1)C(c1ccc(cc1)Oc1ccc(cc1)*)(C)C,tg,263.5,265.31326724593885
*N1C(=O)C2CCC3C(C2C1=O)C(=O)N(C3=O)c1ccc(cc1)Oc1ccc(cc1)Oc1ccc(cc1)*,tg,274.0,310.3583425230301
*N1C(=O)C2OC3C(C2C1=O)C(=O)N(C3=O)c1ccc(cc1)c1c(nc2c(n1)cc(cc2)C(=O)c1cc2c(nc(c(n2)c2ccc(cc2)*)c2ccccc2)cc1)c1ccccc1,tg,255.0,234.99541092758616
*N1C(=O)C2OC3C(C2C1=O)C(=O)N(C3=O)c1ccc(cc1)c1c(nc2c(n1)cc(cc2)c1cc2c(nc(c(n2)c2ccc(cc2)*)c2ccccc2)cc1)c1ccccc1,tg,230.0,296.85228604305536
*N1C(=O)CC(CC1=O)CCC*,tg,90.23,132.65113396224118
*N1C(=O)N(C(=O)C1=O)c1c(ccc(c1)N1C(=O)N(C(=O)C1=O)CCCCCC*)C,tg,181.5,177.02296081974958
*N1C(=O)N(C(=O)C1=O)c1c(ccc(c1)N1C(=O)N(C(=O)C1=O)c1ccc(cc1)CCc1c(cccc1)*)C,tg,255.0,236.54658968657762
*N1C(=O)N(C(=O)C1=O)c1c(cccc1)CCc1ccc(cc1)N1C(=O)N(C(=O)C1=O)CCCCCC*,tg,137.0,163.88077602130045
*N1C(=O)N(C(=O)C1=O)c1c(cccc1)CCc1ccc(cc1)N1C(=O)N(C(=O)C1=O)c1ccc(cc1)CCc1ccc(cc1)*,tg,220.0,226.10972476626102
*N1C(=O)N(C(=O)C1=O)c1ccc(cc1)CCc1ccc(cc1)*,tg,197.0,207.90998946022526
*N1C(=O)N(C(=O)C1=O)c1ccc(cc1)Cc1ccc(cc1)N1C(=O)N(C(=O)C1=O)CCCCCC*,tg,158.0,160.23245828474003
*N1C(=O)N(C(=O)C1=O)c1ccc(cc1)Oc1ccc(cc1)N1C(=O)N(C(=O)C1=O)CCCCCC*,tg,172.0,149.0260054609403
*N1C(=O)c2c(C1=O)c(c(c(c2c1ccccc1)c1ccccc1)c1ccc(cc1)Oc1ccc(cc1)c1c(c2c(C(=O)N(C2=O)c2cc(ccc2)Oc2cc(ccc2)Oc2cc(ccc2)*)c(c1c1ccccc1)c1ccccc1)c1ccccc1)c1ccccc1,tg,261.0,287.1515240102569
*N1C(=O)c2c(C1=O)c(c(c(c2c1ccccc1)c1ccccc1)c1ccc(cc1)Oc1ccc(cc1)c1c(c2c(C(=O)N(C2=O)c2ccc(cc2)Cc2ccc(cc2)*)c(c1c1ccccc1)c1ccccc1)c1ccccc1)c1ccccc1,tg,356.0,352.10245541055497
*N1C(=O)c2c(C1=O)c(c(c(c2c1ccccc1)c1ccccc1)c1ccc(cc1)Oc1ccc(cc1)c1c(c2c(C(=O)N(C2=O)c2ccc(cc2)Oc2ccc(cc2)*)c(c1c1ccccc1)c1ccccc1)c1ccccc1)c1ccccc1,tg,360.0,316.39469917885407
*N1C(=O)c2c(C1=O)c(c(c(c2c1ccccc1)c1ccccc1)c1ccc(cc1)Oc1ccc(cc1)c1c(c2c(C(=O)N(C2=O)c2ccc(cc2)c2ccc(cc2)*)c(c1c1ccccc1)c1ccccc1)c1ccccc1)c1ccccc1,tg,399.0,384.27441070036747
*N1C(=O)c2c(C1=O)c(c(c(c2c1ccccc1)c1ccccc1)c1ccc(cc1)c1c(c2c(C(=O)N(C2=O)c2cc(ccc2)*)c(c1c1ccccc1)c1ccccc1)c1ccccc1)c1ccccc1,tg,416.0,368.2456224264773
*N1C(=O)c2c(C1=O)c(c(c(c2c1ccccc1)c1ccccc1)c1ccc(cc1)c1c(c2c(C(=O)N(C2=O)c2cc(ccc2)Oc2cc(ccc2)Oc2cc(ccc2)*)c(c1c1ccccc1)c1ccccc1)c1ccccc1)c1ccccc1,tg,280.0,295.3182264954152
*N1C(=O)c2c(C1=O)c(c(c(c2c1ccccc1)c1ccccc1)c1ccc(cc1)c1c(c2c(C(=O)N(C2=O)c2ccc(cc2)Oc2ccc(cc2)*)c(c1c1ccccc1)c1ccccc1)c1ccccc1)c1ccccc1,tg,413.0,380.47936237876337
*N1C(=O)c2c(C1=O)c(ccc2)Oc1c(c(cc(c1)C(C)(C)C)C(C)(C)C)Oc1c2c(C(=O)N(C2=O)c2ccc(cc2)Oc2ccc(cc2)c2ccc(cc2)Oc2ccc(cc2)*)ccc1,tg,237.0,262.7827973639722
*N1C(=O)c2c(C1=O)c(ccc2)Oc1c(cc(cc1C)Cc1cc(c(c(c1)C)Oc1c2c(C(=O)N(C2=O)c2c(cc(c(c2C)*)C)C)ccc1)C)C,tg,287.0,282.0223902288042
*N1C(=O)c2c(C1=O)c(ccc2)Oc1c(cc(cc1C)Cc1cc(c(c(c1)C)Oc1c2c(C(=O)N(C2=O)c2c(cc(cc2)Oc2ccc(cc2)Oc2cc(c(cc2)*)C)C)ccc1)C)C,tg,238.0,254.0136761704481
*N1C(=O)c2c(C1=O)c(ccc2)Oc1c(cc(cc1C)Cc1cc(c(c(c1)C)Oc1c2c(C(=O)N(C2=O)c2c(cc(cc2C)Cc2cc(c(c(c2)C)*)C)C)ccc1)C)C,tg,243.0,266.3843715000384
*N1C(=O)c2c(C1=O)c(ccc2)Oc1c(cc(cc1C)Cc1cc(c(c(c1)C)Oc1c2c(C(=O)N(C2=O)c2c(cc(cc2C)c2cc(c(c(c2)C)*)C)C)ccc1)C)C,tg,276.0,310.6248228313173
*N1C(=O)c2c(C1=O)c(ccc2)Oc1c(cc(cc1C)Cc1cc(c(c(c1)C)Oc1c2c(C(=O)N(C2=O)c2cc(ccc2)*)ccc1)C)C,tg,269.0,265.9689468794036
*N1C(=O)c2c(C1=O)c(ccc2)Oc1c(cc(cc1C)Cc1cc(c(c(c1)C)Oc1c2c(C(=O)N(C2=O)c2ccc(cc2)Oc2ccc(cc2)*)ccc1)C)C,tg,270.0,253.1491223235253
*N1C(=O)c2c(C1=O)c(ccc2)Oc1c(cc(cc1C)Cc1cc(c(c(c1)C)Oc1c2c(C(=O)N(C2=O)c2ccc(cc2)Oc2ccc(cc2)c2ccc(cc2)Oc2ccc(cc2)*)ccc1)C)C,tg,259.0,265.7524772239114
*N1C(=O)c2c(C1=O)c(ccc2)Oc1c(cc(cc1C)c1cc(c(c(c1)C)Oc1c2c(C(=O)N(C2=O)c2cc(ccc2)*)ccc1)C)C,tg,311.0,278.6857512281425
*N1C(=O)c2c(C1=O)c(ccc2)Oc1c(cc(cc1C)c1cc(c(c(c1)C)Oc1c2c(C(=O)N(C2=O)c2ccc(cc2)Oc2ccc(cc2)c2ccc(cc2)Oc2ccc(cc2)*)ccc1)C)C,tg,290.0,282.64204300540376
*N1C(=O)c2c(C1=O)c(ccc2)Oc1c2c(C(=O)N(C2=O)c2ccc(cc2)Oc2ccc(cc2)*)ccc1,tg,292.5,281.0047661112451
*N1C(=O)c2c(C1=O)c(ccc2)Oc1cc(ccc1)Oc1c2c(C(=O)N(C2=O)c2ccc(cc2)Oc2ccc(cc2)*)ccc1,tg,226.0,217.16449253583582
*N1C(=O)c2c(C1=O)c(ccc2)Oc1cc2c(C(=O)N(C2=O)c2ccc(cc2)Oc2ccc(cc2)*)cc1,tg,277.0,255.14008559124915
*N1C(=O)c2c(C1=O)c(ccc2)Oc1cc2c(C(=O)N(C2=O)c2ccc(cc2)Oc2ccc(cc2)Oc2ccc(cc2)*)cc1,tg,249.0,261.2601694161679
*N1C(=O)c2c(C1=O)c(ccc2)Oc1ccc(cc1)C(=O)Nc1ccc(cc1)Oc1ccc(cc1)*,tg,253.0,271.1023338165904
*N1C(=O)c2c(C1=O)c(ccc2)Oc1ccc(cc1)C(=O)Nc1ccc(cc1)Oc1ccc(cc1)Oc1ccc(cc1)*,tg,244.0,255.8236582328828
*N1C(=O)c2c(C1=O)c(ccc2)Oc1ccc(cc1)C(=O)c1ccc(cc1)ON1C(=O)c2c(C1=O)c(ccc2)c1ccc(cc1)Oc1ccc(cc1)*,tg,252.0,268.5066689407291
*N1C(=O)c2c(C1=O)c(ccc2)Oc1ccc(cc1)C(=O)c1ccc(cc1)Oc1c2c(C(=O)N(C2=O)c2ccc(cc2)Oc2cc(ccc2)Oc2ccc(cc2)*)ccc1,tg,216.0,214.74684312358693
*N1C(=O)c2c(C1=O)c(ccc2)Oc1ccc(cc1)C(c1ccc(cc1)Oc1c2c(C(=O)N(C2=O)c2c(cc(cc2)Oc2ccc(cc2)Oc2cc(c(cc2)*)C)C)ccc1)(C)C,tg,222.0,222.26993017971907
*N1C(=O)c2c(C1=O)c(ccc2)Oc1ccc(cc1)C(c1ccc(cc1)Oc1c2c(C(=O)N(C2=O)c2c(cc(cc2C)c2cc(c(c(c2)C)*)C)C)ccc1)(C)C,tg,265.0,282.7788390442969
*N1C(=O)c2c(C1=O)c(ccc2)Oc1ccc(cc1)C(c1ccc(cc1)Oc1c2c(C(=O)N(C2=O)c2cc(ccc2)*)ccc1)(C)C,tg,222.5,233.9169608617809
*N1C(=O)c2c(C1=O)c(ccc2)Oc1ccc(cc1)C(c1ccc(cc1)Oc1c2c(C(=O)N(C2=O)c2ccc(cc2)Oc2ccc(cc2)*)ccc1)(C)C,tg,233.67,232.91119614420833
*N1C(=O)c2c(C1=O)c(ccc2)Oc1ccc(cc1)C(c1ccc(cc1)Oc1c2c(C(=O)N(C2=O)c2ccc(cc2)Oc2ccc(cc2)c2ccc(cc2)Oc2ccc(cc2)*)ccc1)(C)C,tg,236.0,240.08738272490112
*N1C(=O)c2c(C1=O)c(ccc2)Oc1ccc(cc1)Oc1c2c(C(=O)N(C2=O)c2cc(ccc2)*)ccc1,tg,259.0,271.3939795767491
*N1C(=O)c2c(C1=O)c(ccc2)Oc1ccc(cc1)Oc1ccc(cc1)Oc1c2c(C(=O)N(C2=O)c2cc(ccc2)*)ccc1,tg,238.0,241.58190916599415
*N1C(=O)c2c(C1=O)c(ccc2)Oc1ccc(cc1)Oc1ccc(cc1)Oc1c2c(C(=O)N(C2=O)c2ccc(cc2)Oc2cc(ccc2)Oc2ccc(cc2)*)ccc1,tg,198.0,213.84428863143432
*N1C(=O)c2c(C1=O)c(ccc2)Oc1ccc(cc1)S(=O)(=O)c1ccc(cc1)Oc1c2c(C(=O)N(C2=O)c2cc(ccc2)*)ccc1,tg,266.0,267.3214049058116
*N1C(=O)c2c(C1=O)c(ccc2)Oc1ccc(cc1)S(=O)(=O)c1ccc(cc1)Oc1c2c(C(=O)N(C2=O)c2ccc(cc2)Oc2cc(ccc2)Oc2ccc(cc2)*)ccc1,tg,230.0,218.91491670465487
*N1C(=O)c2c(C1=O)c(ccc2)Oc1ccc(cc1)S(=O)(=O)c1ccc(cc1)Oc1c2c(C(=O)N(C2=O)c2ccc(cc2)Oc2ccc(cc2)*)ccc1,tg,267.0,258.95580122914697
*N1C(=O)c2c(C1=O)c(ccc2)Oc1ccc(cc1)Sc1ccc(cc1)Oc1c2c(C(=O)N(C2=O)c2ccc(cc2)Oc2cc(ccc2)Oc2ccc(cc2)*)ccc1,tg,202.0,202.38253333119886
*N1C(=O)c2c(C1=O)c(ccc2)Oc1ccc(cc1)Sc1ccc(cc1)Oc1c2c(C(=O)N(C2=O)c2ccc(cc2)Oc2ccc(cc2)*)ccc1,tg,234.0,235.40900146840784
*N1C(=O)c2c(C1=O)c(ccc2)Oc1ccc(cc1)c1ccc(cc1)Oc1c2c(C(=O)N(C2=O)c2ccc(cc2)Oc2cc(ccc2)Oc2ccc(cc2)*)ccc1,tg,224.0,222.5483286603243
*N1C(=O)c2c(C1=O)c(ccc2)Oc1ccc(cc1)c1ccc(cc1)Oc1c2c(C(=O)N(C2=O)c2ccc(cc2)Oc2ccc(cc2)*)ccc1,tg,277.0,238.19290783279223
*N1C(=O)c2c(C1=O)c(ccc2)c1cc2c(C(=O)N(C2=O)c2c(cc(cc2)c2cc(c(cc2)*)C)C)cc1,tg,384.0,362.2266348918755
*N1C(=O)c2c(C1=O)c(ccc2)c1cc2c(C(=O)N(C2=O)c2cc(c(cc2)c2c(cc(cc2)*)C(F)(F)F)C(F)(F)F)cc1,tg,346.0,334.62762434275373
*N1C(=O)c2c(C1=O)c(ccc2)c1cc2c(C(=O)N(C2=O)c2cc(c(cc2)c2c(cc(cc2)*)C)C)cc1,tg,372.0,354.2502427016717
*N1C(=O)c2c(C1=O)c(ccc2)c1cc2c(C(=O)N(C2=O)c2cc(ccc2)*)cc1,tg,341.0,367.1814101252217
*N1C(=O)c2c(C1=O)c(ccc2)c1cc2c(C(=O)N(C2=O)c2cc(ccc2)C(=O)Nc2cc(ccc2)S(=O)(=O)c2cc(ccc2)NC(=O)c2cc(ccc2)*)cc1,tg,261.0,249.3529386258935
*N1C(=O)c2c(C1=O)c(ccc2)c1cc2c(C(=O)N(C2=O)c2cc(ccc2)C(=O)Nc2ccc(cc2)NC(=O)c2cc(ccc2)*)cc1,tg,328.0,281.93998357789627
*N1C(=O)c2c(C1=O)c(ccc2)c1cc2c(C(=O)N(C2=O)c2cc(ccc2)C(=O)Nc2ccc(cc2)Oc2cc(ccc2)Oc2ccc(cc2)NC(=O)c2cc(ccc2)*)cc1,tg,253.0,266.8083261187829
*N1C(=O)c2c(C1=O)c(ccc2)c1cc2c(C(=O)N(C2=O)c2cc(ccc2)C(=O)Nc2ccc(cc2)Oc2ccc(cc2)C(c2ccc(cc2)Oc2ccc(cc2)NC(=O)c2cc(ccc2)*)(C)C)cc1,tg,261.0,259.01345887253683
*N1C(=O)c2c(C1=O)c(ccc2)c1cc2c(C(=O)N(C2=O)c2cc(ccc2)C(=O)Nc2ccc(cc2)Oc2ccc(cc2)NC(=O)c2cc(ccc2)*)cc1,tg,291.0,266.78546484416256
*N1C(=O)c2c(C1=O)c(ccc2)c1cc2c(C(=O)N(C2=O)c2cc(ccc2)C(=O)Nc2ccc(cc2)Oc2ccc(cc2)Oc2ccc(cc2)NC(=O)c2cc(ccc2)*)cc1,tg,268.0,270.8499714821358
*N1C(=O)c2c(C1=O)c(ccc2)c1cc2c(C(=O)N(C2=O)c2cc(ccc2)C(=O)Nc2ccc(cc2)Oc2ccc(cc2)Oc2ccc(cc2)Oc2ccc(cc2)NC(=O)c2cc(ccc2)*)cc1,tg,260.0,271.2466407731358
*N1C(=O)c2c(C1=O)c(ccc2)c1cc2c(C(=O)N(C2=O)c2cc(ccc2)C(=O)Nc2ccc(cc2)Oc2ccc(cc2)c2ccc(cc2)Oc2ccc(cc2)NC(=O)c2cc(ccc2)*)cc1,tg,275.0,275.96973068996357
*N1C(=O)c2c(C1=O)c(ccc2)c1cc2c(C(=O)N(C2=O)c2cc(ccc2)OCCCCCCCCCCCCOc2cc(ccc2)*)cc1,tg,116.0,136.66691620685012
*N1C(=O)c2c(C1=O)c(ccc2)c1cc2c(C(=O)N(C2=O)c2cc(ccc2)OCCCCCCCCCCOc2cc(ccc2)*)cc1,tg,127.0,136.55044551570808
*N1C(=O)c2c(C1=O)c(ccc2)c1cc2c(C(=O)N(C2=O)c2cc(ccc2)OCCCCCCCCCOc2cc(ccc2)*)cc1,tg,134.0,140.68251945966392
*N1C(=O)c2c(C1=O)c(ccc2)c1cc2c(C(=O)N(C2=O)c2cc(ccc2)OCCCCCCOc2cc(ccc2)*)cc1,tg,157.0,148.78331983646663
*N1C(=O)c2c(C1=O)c(ccc2)c1cc2c(C(=O)N(C2=O)c2cc(ccc2)OCCCCCOc2cc(ccc2)*)cc1,tg,168.0,147.85760383574458
*N1C(=O)c2c(C1=O)c(ccc2)c1cc2c(C(=O)N(C2=O)c2cc(ccc2)Oc2ccc(cc2)*)cc1,tg,286.0,273.09834104227866
*N1C(=O)c2c(C1=O)c(ccc2)c1cc2c(C(=O)N(C2=O)c2ccc(cc2)*)cc1,tg,407.6,379.7625449778877
*N1C(=O)c2c(C1=O)c(ccc2)c1cc2c(C(=O)N(C2=O)c2ccc(cc2)C(=O)Nc2cc(ccc2)Oc2ccc(cc2)S(=O)(=O)c2ccc(cc2)Oc2cc(ccc2)NC(=O)c2ccc(cc2)*)cc1,tg,241.0,271.0897585462908
*N1C(=O)c2c(C1=O)c(ccc2)c1cc2c(C(=O)N(C2=O)c2ccc(cc2)OCCCCCOc2ccc(cc2)*)cc1,tg,208.0,180.86976794207285
*N1C(=O)c2c(C1=O)c(ccc2)c1cc2c(C(=O)N(C2=O)c2ccc(cc2)OCCCOc2ccc(cc2)*)cc1,tg,237.5,234.72326396598393
*N1C(=O)c2c(C1=O)c(ccc2)c1cc2c(C(=O)N(C2=O)c2ccc(cc2)Oc2cc(ccc2)Oc2ccc(cc2)*)cc1,tg,259.0,259.0172207075756
*N1C(=O)c2c(C1=O)c(ccc2)c1cc2c(C(=O)N(C2=O)c2ccc(cc2)Oc2ccc(cc2)Oc2ccc(cc2)*)cc1,tg,285.0,296.1214236729766
*N1C(=O)c2c(C1=O)cc(c(c2)c1ccc(cc1)C(C)(C)C)c1cc2c(C(=O)N(C2=O)c2ccc(cc2)C(c2ccc(cc2)*)(C(F)(F)F)C(F)(F)F)cc1c1ccc(cc1)C(C)(C)C,tg,381.0,352.6252016832137
*N1C(=O)c2c(C1=O)cc(c(c2)c1ccc(cc1)C(C)(C)C)c1cc2c(C(=O)N(C2=O)c2ccc(cc2)Cc2ccc(cc2)*)cc1c1ccc(cc1)C(C)(C)C,tg,360.0,368.0670673002461
*N1C(=O)c2c(C1=O)cc(c(c2)c1ccc(cc1)C(C)(C)C)c1cc2c(C(=O)N(C2=O)c2ccc(cc2)Oc2ccc(cc2)*)cc1c1ccc(cc1)C(C)(C)C,tg,370.0,349.3999843920189
*N1C(=O)c2c(C1=O)cc(c(c2)c1ccc(cc1)[Si](C)(C)C)c1cc2c(C(=O)N(C2=O)c2ccc(cc2)Cc2ccc(cc2)*)cc1c1ccc(cc1)[Si](C)(C)C,tg,348.0,323.2306584206756
*N1C(=O)c2c(C1=O)cc(cc2)C(=O)NCCN(CC*)c1ccc(cc1)C=Cc1ccc(cc1)[N+](=O)[O-],tg,142.0,162.2611504123054
*N1C(=O)c2c(C1=O)cc(cc2)C(=O)Nc1cc(ccc1)S(=O)(=O)c1ccc(cc1)NC(=O)c1cc2c(C(=O)N(C2=O)CCCCCC*)cc1,tg,190.0,174.2904595047746
*N1C(=O)c2c(C1=O)cc(cc2)C(=O)Nc1ccc(cc1)Oc1c(c(c(c(c1F)F)Oc1ccc(cc1)NC(=O)C*)F)F,tg,254.0,236.73137536990615
*N1C(=O)c2c(C1=O)cc(cc2)C(=O)Nc1ccc(cc1)S(=O)(=O)c1ccc(cc1)NC(=O)C*,tg,232.0,240.2575283414219
*N1C(=O)c2c(C1=O)cc(cc2)C(=O)Nc1ccc(cc1)S(=O)(=O)c1ccc(cc1)NC(=O)c1cc2c(C(=O)N(C2=O)CCCCCC*)cc1,tg,198.0,190.25619971946315
*N1C(=O)c2c(C1=O)cc(cc2)C(=O)Oc1c(cc(cc1)OC(=O)CCCC*)C,tg,75.76,98.04181962309242
*N1C(=O)c2c(C1=O)cc(cc2)C(=O)Oc1c(cc(cc1)OC(=O)c1cc2c(C(=O)N(C2=O)CCOCCOCC*)cc1)c1ccccc1,tg,105.0,90.66399480547938
*N1C(=O)c2c(C1=O)cc(cc2)C(=O)Oc1cc2c(cc1)cc(cc2)OC(=O)c1cc2c(C(=O)N(C2=O)CC(CCC*)C)cc1,tg,130.0,154.52744906996494
*N1C(=O)c2c(C1=O)cc(cc2)C(=O)Oc1cc2c(cc1)cc(cc2)OC(=O)c1cc2c(C(=O)N(C2=O)CCCOCCCCOCCC*)cc1,tg,68.0,75.39447118226725
*N1C(=O)c2c(C1=O)cc(cc2)C(=O)Oc1cc2c(cc1)cc(cc2)OC(=O)c1cc2c(C(=O)N(C2=O)CCOCCOCC*)cc1,tg,105.0,102.7794555518854
*N1C(=O)c2c(C1=O)cc(cc2)C(=O)Oc1cc2c(cc1)ccc(c2)OC(=O)CCCCCCCCCCC*,tg,98.0,69.72467793850377
*N1C(=O)c2c(C1=O)cc(cc2)C(=O)Oc1ccc(cc1)C(c1ccc(cc1)C(c1ccc(cc1)OC(=O)CCCCCCCCCCC*)(C)C)(C)C,tg,97.0,94.62767131104647
*N1C(=O)c2c(C1=O)cc(cc2)C(=O)Oc1ccc(cc1)C(c1ccc(cc1)OC(=O)CCCCC*)(C)C,tg,110.0,92.16667371028656
*N1C(=O)c2c(C1=O)cc(cc2)C(=O)Oc1ccc(cc1)C1(CCCCC1)c1ccc(cc1)OC(=O)CCCCC*,tg,122.0,144.92547702442798
*N1C(=O)c2c(C1=O)cc(cc2)C(=O)Oc1ccc(cc1)C1(c2c(C(=O)O1)cccc2)c1ccc(cc1)OC(=O)CCCCCCCCCCC*,tg,114.0,140.61453944273734
*N1C(=O)c2c(C1=O)cc(cc2)C(=O)Oc1ccc(cc1)OC(=O)CCCC*,tg,89.32,93.69329912058213
*N1C(=O)c2c(C1=O)cc(cc2)C(=O)Oc1ccc(cc1)OC(=O)CCCCC*,tg,89.0,83.52832852451677
*N1C(=O)c2c(C1=O)cc(cc2)C(=O)Oc1ccc(cc1)OC(=O)CCCCCC*,tg,74.32,80.93731809128195
*N1C(=O)c2c(C1=O)cc(cc2)C(=O)Oc1ccc(cc1)OC(=O)c1cc2c(C(=O)N(C2=O)CCCOCCCCOCCC*)cc1,tg,56.0,74.24258450690166
*N1C(=O)c2c(C1=O)cc(cc2)C(=O)Oc1ccc(cc1)OC(=O)c1cc2c(C(=O)N(C2=O)CCOCCOCC*)cc1,tg,105.0,96.5494949063273
*N1C(=O)c2c(C1=O)cc(cc2)C(=O)Oc1ccc(cc1)c1ccc(cc1)OC(=O)CCC*,tg,132.0,115.1211770982424
*N1C(=O)c2c(C1=O)cc(cc2)C(=O)Oc1ccc(cc1)c1ccc(cc1)OC(=O)CCCCCC*,tg,107.0,86.93948406976486
*N1C(=O)c2c(C1=O)cc(cc2)C(=O)Oc1ccc(cc1)c1ccc(cc1)OC(=O)CCCCCCCCCC*,tg,61.0,94.4582224886253
*N1C(=O)c2c(C1=O)cc(cc2)C(=O)Oc1ccc(cc1)c1ccc(cc1)OC(=O)c1cc2c(C(=O)N(C2=O)CCCCC*)cc1,tg,147.0,118.75661934253483
*N1C(=O)c2c(C1=O)cc(cc2)C(=O)Oc1ccc(cc1)c1ccc(cc1)OC(=O)c1cc2c(C(=O)N(C2=O)CCCCCCC*)cc1,tg,117.0,126.97322338233403
*N1C(=O)c2c(C1=O)cc(cc2)C(=O)Oc1ccc(cc1)c1ccc(cc1)OC(=O)c1cc2c(C(=O)N(C2=O)CCCCCCCCCCC*)cc1,tg,97.0,112.6212738219956
*N1C(=O)c2c(C1=O)cc(cc2)C(=O)Oc1ccc(cc1)c1ccc(cc1)OC(=O)c1cc2c(C(=O)N(C2=O)CCCOCCCCOCCC*)cc1,tg,70.0,69.87174078006353
*N1C(=O)c2c(C1=O)cc(cc2)C(=O)Oc1ccc(cc1)c1ccc(cc1)OC(=O)c1cc2c(C(=O)N(C2=O)CCOCCOCC*)cc1,tg,109.0,99.59133963767286
*N1C(=O)c2c(C1=O)cc(cc2)C(=O)c1cc2c(C(=O)N(C2=O)CC(=O)Nc2cc(ccc2)Oc2ccc(cc2)NC(=O)C*)cc1,tg,226.0,214.1363298038876
*N1C(=O)c2c(C1=O)cc(cc2)C(=O)c1cc2c(C(=O)N(C2=O)CC(=O)Nc2ccc(cc2)Cc2ccc(cc2)NC(=O)C*)cc1,tg,233.0,237.04753807062687
*N1C(=O)c2c(C1=O)cc(cc2)C(=O)c1cc2c(C(=O)N(C2=O)CC(=O)Nc2ccc(cc2)Oc2ccc(cc2)NC(=O)C*)cc1,tg,235.0,236.44199487300585
*N1C(=O)c2c(C1=O)cc(cc2)C(=O)c1cc2c(C(=O)N(C2=O)CC(=O)Nc2ccc(cc2)Oc2ccc(cc2)Oc2ccc(cc2)NC(=O)C*)cc1,tg,230.0,231.94725673511167
*N1C(=O)c2c(C1=O)cc(cc2)C(=O)c1cc2c(C(=O)N(C2=O)CC2C3C(CC2)C2C(CC3C2)C*)cc1,tg,217.0,220.56680516880448
*N1C(=O)c2c(C1=O)cc(cc2)C(=O)c1cc2c(C(=O)N(C2=O)CC2CC(CCC2)C*)cc1,tg,213.0,218.106426309182
*N1C(=O)c2c(C1=O)cc(cc2)C(=O)c1cc2c(C(=O)N(C2=O)CCC(=O)Nc2ccc(cc2)NC(=O)CC*)cc1,tg,237.0,233.39630401551514
*N1C(=O)c2c(C1=O)cc(cc2)C(=O)c1cc2c(C(=O)N(C2=O)CCC(=O)Nc2ccc(cc2)Oc2ccc(cc2)NC(=O)CC*)cc1,tg,232.0,221.73015216905674
*N1C(=O)c2c(C1=O)cc(cc2)C(=O)c1cc2c(C(=O)N(C2=O)CCCC(=O)Nc2cc(ccc2)Oc2ccc(cc2)NC(=O)CCC*)cc1,tg,188.0,183.3810850650159
*N1C(=O)c2c(C1=O)cc(cc2)C(=O)c1cc2c(C(=O)N(C2=O)CCCC(=O)Nc2ccc(cc2)Cc2ccc(cc2)NC(=O)CCC*)cc1,tg,195.0,190.92658663195337
*N1C(=O)c2c(C1=O)cc(cc2)C(=O)c1cc2c(C(=O)N(C2=O)CCCC(=O)Nc2ccc(cc2)NC(=O)CCC*)cc1,tg,209.0,206.45061512206684
*N1C(=O)c2c(C1=O)cc(cc2)C(=O)c1cc2c(C(=O)N(C2=O)CCCC(=O)Nc2ccc(cc2)Oc2ccc(cc2)NC(=O)CCC*)cc1,tg,198.0,204.36706906299958
*N1C(=O)c2c(C1=O)cc(cc2)C(=O)c1cc2c(C(=O)N(C2=O)CCCC(=O)Nc2ccc(cc2)Oc2ccc(cc2)Oc2ccc(cc2)NC(=O)CCC*)cc1,tg,178.0,207.63680335093892
*N1C(=O)c2c(C1=O)cc(cc2)C(=O)c1cc2c(C(=O)N(C2=O)CCCCCC(=O)Nc2cc(ccc2)Oc2ccc(cc2)NC(=O)CCCCC*)cc1,tg,170.0,152.88192474660127
*N1C(=O)c2c(C1=O)cc(cc2)C(=O)c1cc2c(C(=O)N(C2=O)CCCCCC(=O)Nc2ccc(cc2)Cc2ccc(cc2)NC(=O)CCCCC*)cc1,tg,187.0,163.17636739410037
*N1C(=O)c2c(C1=O)cc(cc2)C(=O)c1cc2c(C(=O)N(C2=O)CCCCCC*)cc1,tg,127.0,127.23148588280712
*N1C(=O)c2c(C1=O)cc(cc2)C(=O)c1cc2c(C(=O)N(C2=O)CCCCCCCCCCC(=O)Nc2cc(ccc2)Oc2ccc(cc2)NC(=O)CCCCCCCCCC*)cc1,tg,126.0,152.58104472758225
*N1C(=O)c2c(C1=O)cc(cc2)C(=O)c1cc2c(C(=O)N(C2=O)CCCCCCCCCCCC*)cc1,tg,87.5,109.02450343610397
*N1C(=O)c2c(C1=O)cc(cc2)C(=O)c1cc2c(C(=O)N(C2=O)CCCCCCOC(=O)OCCCCCCOC(=O)OCCCCCC*)cc1,tg,55.0,55.21709558076532
*N1C(=O)c2c(C1=O)cc(cc2)C(=O)c1cc2c(C(=O)N(C2=O)CCCCCCOC(=O)OCCCOC(=O)OCCCCCC*)cc1,tg,61.0,58.07408676586717
*N1C(=O)c2c(C1=O)cc(cc2)C(=O)c1cc2c(C(=O)N(C2=O)CCCCCOC(=O)OCCCCC*)cc1,tg,77.0,62.160992835401025
*N1C(=O)c2c(C1=O)cc(cc2)C(c1cc2c(C(=O)N(C2=O)CC(=O)Nc2ccc(cc2)Oc2cc(ccc2)Oc2ccc(cc2)NC(=O)C*)cc1)(C(F)(F)F)C(F)(F)F,tg,221.0,231.2520368565205
*N1C(=O)c2c(C1=O)cc(cc2)C(c1cc2c(C(=O)N(C2=O)CC(=O)Nc2ccc(cc2)Oc2ccc(cc2)Oc2ccc(cc2)NC(=O)C*)cc1)(C(F)(F)F)C(F)(F)F,tg,242.0,241.5109536741568
*N1C(=O)c2c(C1=O)cc(cc2)C(c1cc2c(C(=O)N(C2=O)CC(=O)Nc2ccc(cc2)Oc2ccc(cc2)S(=O)(=O)c2ccc(cc2)Oc2ccc(cc2)NC(=O)C*)cc1)(C(F)(F)F)C(F)(F)F,tg,241.0,244.07324828042735
*N1C(=O)c2c(C1=O)cc(cc2)C(c1cc2c(C(=O)N(C2=O)CC(=O)Nc2ccc(cc2)Oc2ccc(cc2)c2ccc(cc2)Oc2ccc(cc2)NC(=O)C*)cc1)(C(F)(F)F)C(F)(F)F,tg,245.0,255.21403407383704
*N1C(=O)c2c(C1=O)cc(cc2)C(c1cc2c(C(=O)N(C2=O)CC*)cc1)(C(F)(F)F)C(F)(F)F,tg,180.0,209.01085744708791
*N1C(=O)c2c(C1=O)cc(cc2)C(c1cc2c(C(=O)N(C2=O)CC2C3C(CC2)C2C(CC3C2)C*)cc1)(C(F)(F)F)C(F)(F)F,tg,207.0,239.10851941251462
*N1C(=O)c2c(C1=O)cc(cc2)C(c1cc2c(C(=O)N(C2=O)CCC*)cc1)(C(F)(F)F)C(F)(F)F,tg,190.0,166.2061583223961
*N1C(=O)c2c(C1=O)cc(cc2)C(c1cc2c(C(=O)N(C2=O)CCCC*)cc1)(C(F)(F)F)C(F)(F)F,tg,185.0,157.09813182960417
*N1C(=O)c2c(C1=O)cc(cc2)C(c1cc2c(C(=O)N(C2=O)CCCCC*)cc1)(C(F)(F)F)C(F)(F)F,tg,170.0,156.2011150336669
*N1C(=O)c2c(C1=O)cc(cc2)C(c1cc2c(C(=O)N(C2=O)CCCCCC*)cc1)(C(F)(F)F)C(F)(F)F,tg,143.67,149.52530716994278
*N1C(=O)c2c(C1=O)cc(cc2)C(c1cc2c(C(=O)N(C2=O)CCCCCCC*)cc1)(C(F)(F)F)C(F)(F)F,tg,150.0,146.99942446226845
*N1C(=O)c2c(C1=O)cc(cc2)C(c1cc2c(C(=O)N(C2=O)CCCCCCCC*)cc1)(C(F)(F)F)C(F)(F)F,tg,138.5,137.00260413782556
*N1C(=O)c2c(C1=O)cc(cc2)C(c1cc2c(C(=O)N(C2=O)CCCCCCCCC*)cc1)(C(F)(F)F)C(F)(F)F,tg,122.5,135.9037496779036
*N1C(=O)c2c(C1=O)cc(cc2)C(c1cc2c(C(=O)N(C2=O)CCCCCCCCCCCC*)cc1)(C(F)(F)F)C(F)(F)F,tg,100.0,132.08311402870055
*N1C(=O)c2c(C1=O)cc(cc2)C(c1cc2c(C(=O)N(C2=O)CCN(CC*)c2ccc(cc2)N=Nc2c(cc(cc2)[N+](=O)[O-])C)cc1)(C(F)(F)F)C(F)(F)F,tg,205.0,194.17491206892947
*N1C(=O)c2c(C1=O)cc(cc2)C(c1cc2c(C(=O)N(C2=O)CCN(CC*)c2ccc(cc2)N=Nc2ccc(cc2)C=O)cc1)(C(F)(F)F)C(F)(F)F,tg,170.0,199.4857640287798
*N1C(=O)c2c(C1=O)cc(cc2)C(c1cc2c(C(=O)N(C2=O)CCN(CC*)c2ccc(cc2)N=Nc2ccc(cc2)[N+](=O)[O-])cc1)(C(F)(F)F)C(F)(F)F,tg,210.0,188.69870356651012
*N1C(=O)c2c(C1=O)cc(cc2)NC(=O)Nc1c2c(ccc1)c(ccc2)NC(=O)Nc1cc2c(C(=O)N(C2=O)c2ccc(cc2)Oc2c(c3c(cc2)cccc3)c2c3c(ccc2Oc2ccc(cc2)*)cccc3)cc1,tg,297.0,283.2975638795907
*N1C(=O)c2c(C1=O)cc(cc2)NC(=O)Nc1ccc(cc1)Oc1c(cccc1)c1c(cccc1)Oc1ccc(cc1)NC(=O)Nc1cc2c(C(=O)N(C2=O)c2ccc(cc2)Oc2c(c3c(cc2)cccc3)c2c3c(ccc2Oc2ccc(cc2)*)cccc3)cc1,tg,285.0,261.57400081259374
*N1C(=O)c2c(C1=O)cc(cc2)NC(=O)Nc1ccc(cc1)Oc1ccc(cc1)NC(=O)Nc1cc2c(C(=O)N(C2=O)c2ccc(cc2)Oc2c(c3c(cc2)cccc3)c2c3c(ccc2Oc2ccc(cc2)*)cccc3)cc1,tg,274.0,282.86891254631166
*N1C(=O)c2c(C1=O)cc(cc2)NC(=O)Nc1ccc(cc1)Oc1ccc(cc1)NC(=O)Nc1cc2c(C(=O)N(C2=O)c2ccc(cc2)c2nc(cc(c2)c2ccc(cc2)c2ccccc2)c2ccc(cc2)*)cc1,tg,241.0,269.6609429061776
*N1C(=O)c2c(C1=O)cc(cc2)NC(=O)Nc1ccc(cc1)c1nc(cc(c1)c1ccc(cc1)c1ccccc1)c1ccc(cc1)NC(=O)Nc1cc2c(C(=O)N(C2=O)c2ccc(cc2)Oc2c(c3c(cc2)cccc3)c2c3c(ccc2Oc2ccc(cc2)*)cccc3)cc1,tg,302.0,301.57036414608535
*N1C(=O)c2c(C1=O)cc(cc2)NC(=O)Nc1ccc(cc1)c1nc(cc(c1)c1ccc(cc1)c1ccccc1)c1ccc(cc1)NC(=O)Nc1cc2c(C(=O)N(C2=O)c2ccc(cc2)c2nc(cc(c2)c2ccc(cc2)c2ccccc2)c2ccc(cc2)*)cc1,tg,272.0,281.2287440768127
*N1C(=O)c2c(C1=O)cc(cc2)NC(=O)Nc1nc(ccc1)NC(=O)Nc1cc2c(C(=O)N(C2=O)c2ccc(cc2)Oc2c(c3c(cc2)cccc3)c2c3c(ccc2Oc2ccc(cc2)*)cccc3)cc1,tg,283.0,280.7981357628727
*N1C(=O)c2c(C1=O)cc(cc2)NC(=O)OCCOc1c(cc(cc1Br)C(c1cc(c(c(c1)Br)OCCOC(=O)Nc1cc2c(C(=O)N(C2=O)c2cc(ccc2)P(=O)(c2cc(ccc2)*)C)cc1)Br)(C)C)Br,tg,191.0,210.61404391221225
*N1C(=O)c2c(C1=O)cc(cc2)NC(=O)OCCOc1c(cc(cc1Br)C(c1cc(c(c(c1)Br)OCCOC(=O)Nc1cc2c(C(=O)N(C2=O)c2cc(ccc2)P(=O)(c2cc(ccc2)*)c2ccccc2)cc1)Br)(C)C)Br,tg,201.0,204.48945254935143
*N1C(=O)c2c(C1=O)cc(cc2)NC(=O)OCCOc1ccc(cc1)C(c1ccc(cc1)OCCOC(=O)Nc1cc2c(C(=O)N(C2=O)c2cc(ccc2)P(=O)(c2cc(ccc2)*)C)cc1)(C)C,tg,211.0,205.2255661772231
*N1C(=O)c2c(C1=O)cc(cc2)NC(=O)OCCOc1ccc(cc1)C(c1ccc(cc1)OCCOC(=O)Nc1cc2c(C(=O)N(C2=O)c2cc(ccc2)P(=O)(c2cc(ccc2)*)c2ccccc2)cc1)(C)C,tg,220.0,190.20117554342346
*N1C(=O)c2c(C1=O)cc(cc2)Oc1c(cc(cc1C)C(c1cc(c(c(c1)C)Oc1cc2c(C(=O)N(C2=O)c2ccc(cc2)Oc2c(cc(cc2)Oc2ccc(cc2)*)C(C)(C)C)cc1)C)(C)C)C,tg,244.0,262.7109171752781
*N1C(=O)c2c(C1=O)cc(cc2)Oc1c(cc(cc1C)C(c1cc(c(c(c1)C)Oc1cc2c(C(=O)N(C2=O)c2ccc(cc2)Oc2cc(c(cc2)c2c(cc(cc2)Oc2ccc(cc2)*)C)C)cc1)C)(C)C)C,tg,257.0,259.6086436827517
*N1C(=O)c2c(C1=O)cc(cc2)Oc1c(cc(cc1C)C(c1cc(c(c(c1)C)Oc1cc2c(C(=O)N(C2=O)c2ccc(cc2)Oc2ccc(cc2)C2(C3CC4CC(CC2C4)C3)c2ccc(cc2)Oc2ccc(cc2)*)cc1)C)(C)C)C,tg,282.0,267.2565420367839
*N1C(=O)c2c(C1=O)cc(cc2)Oc1c(cc(cc1C)Cc1cc(c(c(c1)C)Oc1cc2c(C(=O)N(C2=O)c2c(cc(cc2C)Cc2cc(c(c(c2)C)*)C)C)cc1)C)C,tg,264.0,349.9423070409263
*N1C(=O)c2c(C1=O)cc(cc2)Oc1c(cc(cc1C)Cc1cc(c(c(c1)C)Oc1cc2c(C(=O)N(C2=O)c2ccc(cc2)Oc2ccc(cc2)*)cc1)C)C,tg,266.0,263.78818776250574
*N1C(=O)c2c(C1=O)cc(cc2)Oc1c(cc(cc1C)c1cc(c(c(c1)C)Oc1cc2c(C(=O)N(C2=O)c2c(cc(cc2C)Cc2cc(c(c(c2)C)*)C)C)cc1)C)C,tg,420.0,293.1620676087458
*N1C(=O)c2c(C1=O)cc(cc2)Oc1c(cc(cc1C)c1cc(c(c(c1)C)Oc1cc2c(C(=O)N(C2=O)c2ccc(cc2)Oc2ccc(cc2)*)cc1)C)C,tg,299.0,310.14842075792103
*N1C(=O)c2c(C1=O)cc(cc2)Oc1c(cccc1)Oc1cc2c(C(=O)N(C2=O)c2cc(c(cc2)Oc2c(cc(cc2C)c2cc(c(c(c2)C)Oc2c(cc(cc2)*)C(F)(F)F)C)C)C(F)(F)F)cc1,tg,270.0,257.06688395043443
*N1C(=O)c2c(C1=O)cc(cc2)Oc1c(cccc1)Oc1cc2c(C(=O)N(C2=O)c2cc(c(cc2)Oc2c(cccc2)Oc2c(cc(cc2)*)C(F)(F)F)C(F)(F)F)cc1,tg,185.0,220.69032386103967
*N1C(=O)c2c(C1=O)cc(cc2)Oc1c(cccc1)Oc1cc2c(C(=O)N(C2=O)c2cc(c(cc2)Oc2ccc(cc2)C2(c3ccccc3c3ccccc23)c2ccc(cc2)Oc2c(cc(cc2)*)C(F)(F)F)C(F)(F)F)cc1,tg,241.0,236.27041573462947
*N1C(=O)c2c(C1=O)cc(cc2)Oc1c(cccc1)Oc1cc2c(C(=O)N(C2=O)c2cc(c(cc2)Oc2ccc(cc2)Oc2c(cc(cc2)*)C(F)(F)F)C(F)(F)F)cc1,tg,197.0,204.50471812764525
*N1C(=O)c2c(C1=O)cc(cc2)Oc1c(cccc1)Oc1cc2c(C(=O)N(C2=O)c2cc(ccc2)*)cc1,tg,224.0,230.03364952772125
*N1C(=O)c2c(C1=O)cc(cc2)Oc1c(cccc1)Oc1cc2c(C(=O)N(C2=O)c2ccc(cc2)Oc2cc3c(cc2Oc2ccc(cc2)*)cccc3)cc1,tg,216.0,203.4364108650397
*N1C(=O)c2c(C1=O)cc(cc2)Oc1c(cccc1)Oc1cc2c(C(=O)N(C2=O)c2ccc(cc2)Oc2ccc(cc2)Oc2ccc(cc2)*)cc1,tg,202.0,210.09764757803157
*N1C(=O)c2c(C1=O)cc(cc2)Oc1c2c(ccc1)c(ccc2)Oc1cc2c(C(=O)N(C2=O)c2c(cc(cc2C)Cc2cc(c(c(c2)C)*)C)C)cc1,tg,281.0,280.23489711298356
*N1C(=O)c2c(C1=O)cc(cc2)Oc1c2c(ccc1)c(ccc2)Oc1cc2c(C(=O)N(C2=O)c2ccc(cc2)C(c2ccc(cc2)*)(C)C)cc1,tg,265.0,255.7488244552536
*N1C(=O)c2c(C1=O)cc(cc2)Oc1c2c(ccc1)c(ccc2)Oc1cc2c(C(=O)N(C2=O)c2ccc(cc2)C(c2ccc(cc2)C(c2ccc(cc2)*)(C)C)(C)C)cc1,tg,253.0,252.2561180589904
*N1C(=O)c2c(C1=O)cc(cc2)Oc1c2c(ccc1)c(ccc2)Oc1cc2c(C(=O)N(C2=O)c2ccc(cc2)Oc2ccc(cc2)S(=O)(=O)c2ccc(cc2)Oc2ccc(cc2)*)cc1,tg,201.0,240.6599991172513
*N1C(=O)c2c(C1=O)cc(cc2)Oc1cc(ccc1)C(=O)Nc1ccc(cc1)Oc1ccc(cc1)*,tg,231.0,247.78991334863662
*N1C(=O)c2c(C1=O)cc(cc2)Oc1cc(ccc1)C(=O)Nc1ccc(cc1)Oc1ccc(cc1)Oc1ccc(cc1)*,tg,213.0,219.96114045017518
*N1C(=O)c2c(C1=O)cc(cc2)Oc1cc(ccc1)Oc1cc2c(C(=O)N(C2=O)c2cc(ccc2)*)cc1,tg,224.0,217.43960165010665
*N1C(=O)c2c(C1=O)cc(cc2)Oc1cc(ccc1)Oc1cc2c(C(=O)N(C2=O)c2ccc(cc2)Oc2ccc(cc2)*)cc1,tg,209.0,210.7248702643064
*N1C(=O)c2c(C1=O)cc(cc2)Oc1cc(ccc1)Oc1cc2c(C(=O)N(C2=O)c2ccc(cc2)Oc2ccc(cc2)C(=O)c2ccc(cc2)Oc2ccc(cc2)*)cc1,tg,201.0,189.73330897891424
*N1C(=O)c2c(C1=O)cc(cc2)Oc1cc(ccc1)Oc1cc2c(C(=O)N(C2=O)c2ccc(cc2)Oc2ccc(cc2)S(=O)(=O)c2ccc(cc2)Oc2ccc(cc2)*)cc1,tg,201.0,208.04120557295414
*N1C(=O)c2c(C1=O)cc(cc2)Oc1cc2c(C(=O)N(C2=O)CC2C3C(CC2)C2C(CC3C2)C*)cc1,tg,201.0,235.97160333178684
*N1C(=O)c2c(C1=O)cc(cc2)Oc1cc2c(C(=O)N(C2=O)CCCCCC*)cc1,tg,164.0,99.37648279985842
*N1C(=O)c2c(C1=O)cc(cc2)Oc1cc2c(C(=O)N(C2=O)CCCCCCCCC*)cc1,tg,89.0,118.52245763490953
*N1C(=O)c2c(C1=O)cc(cc2)Oc1cc2c(C(=O)N(C2=O)CCCCCCCCCC*)cc1,tg,91.5,116.63465505335725
*N1C(=O)c2c(C1=O)cc(cc2)Oc1cc2c(C(=O)N(C2=O)CCCCCCCCCCCC*)cc1,tg,70.0,92.70023313665772
*N1C(=O)c2c(C1=O)cc(cc2)Oc1cc2c(C(=O)N(C2=O)Cc2oc(cc2)C(c2oc(cc2)C*)(C)C)cc1,tg,116.0,125.52747009374971
*N1C(=O)c2c(C1=O)cc(cc2)Oc1cc2c(C(=O)N(C2=O)Cc2oc(cc2)C(c2oc(cc2)C*)C)cc1,tg,129.0,151.6636642258853
*N1C(=O)c2c(C1=O)cc(cc2)Oc1cc2c(C(=O)N(C2=O)c2c(cc(c(c2)*)O)O)cc1,tg,263.0,298.37637248080335
*N1C(=O)c2c(C1=O)cc(cc2)Oc1cc2c(C(=O)N(C2=O)c2c(cc(cc2)c2cc(c(cc2)*)OCCCCCCOc2ccc(cc2)/C=C/c2ccc(cc2)F)OCCCCCCOc2ccc(cc2)/C=C/c2ccc(cc2)F)cc1,tg,124.0,140.96007270983694
*N1C(=O)c2c(C1=O)cc(cc2)Oc1cc2c(C(=O)N(C2=O)c2c(cc(cc2C)C(c2cc(c(c(c2)C)*)C)c2cc(ccc2)C(F)(F)F)C)cc1,tg,264.1,272.7060285446183
*N1C(=O)c2c(C1=O)cc(cc2)Oc1cc2c(C(=O)N(C2=O)c2c(ccc(c2)C(c2cc(c(cc2)OCCN(c2ccc(cc2)C=CC2=CC(=C(C#N)C#N)CC(C2)(C)C)C)*)(C(F)(F)F)C(F)(F)F)OCCN(c2ccc(cc2)C=CC2=CC(=C(C#N)C#N)CC(C2)(C)C)C)cc1,tg,215.0,211.5614383002399
*N1C(=O)c2c(C1=O)cc(cc2)Oc1cc2c(C(=O)N(C2=O)c2c(ccc(c2)C(c2cc(c(cc2)OCCN(c2ccc(cc2)C=CC2=CC(=C(C#N)C#N)CC(C2)(C)C)CC)*)(C(F)(F)F)C(F)(F)F)OCCN(c2ccc(cc2)C=CC2=CC(=C(C#N)C#N)CC(C2)(C)C)CC)cc1,tg,202.0,216.61122355132989
*N1C(=O)c2c(C1=O)cc(cc2)Oc1cc2c(C(=O)N(C2=O)c2c(ccc(c2)C(c2cc(c(cc2)OCCN(c2ccc(cc2)C=CC2=CC(=C(C#N)C#N)CC(C2)(C)C)c2ccccc2)*)(C(F)(F)F)C(F)(F)F)OCCN(c2ccc(cc2)C=CC2=CC(=C(C#N)C#N)CC(C2)(C)C)c2ccccc2)cc1,tg,220.0,206.97576135691443
*N1C(=O)c2c(C1=O)cc(cc2)Oc1cc2c(C(=O)N(C2=O)c2c(ccc(c2)C(c2cc(c(cc2)OCCN(c2ccc(cc2)C=CC2=CC(=C(C(=O)OCCc3ccccc3)C#N)CC(C2)(C)C)c2ccccc2)*)(C(F)(F)F)C(F)(F)F)OCCN(c2ccc(cc2)C=CC2=CC(=C(C(=O)OCCc3ccccc3)C#N)CC(C2)(C)C)C)cc1,tg,177.0,191.65147711147415
*N1C(=O)c2c(C1=O)cc(cc2)Oc1cc2c(C(=O)N(C2=O)c2c(ccc(c2)C(c2cc(c(cc2)OCCN(c2ccc(cc2)C=CC2=CC(=C(C(=O)OCc3ccc(cc3)Oc3c(c(c(c(c3F)F)F)F)F)C#N)CC(C2)(C)C)c2ccccc2)*)(C(F)(F)F)C(F)(F)F)OCCN(c2ccc(cc2)C=CC2=CC(=C(C(=O)OCc3ccc(cc3)Oc3c(c(c(c(c3F)F)F)F)F)C#N)CC(C2)(C)C)C)cc1,tg,162.0,194.33413059318377
*N1C(=O)c2c(C1=O)cc(cc2)Oc1cc2c(C(=O)N(C2=O)c2c(ccc(c2)C(c2cc(c(cc2)OCCN(c2ccc(cc2)C=CC2=CC(=C(S(=O)(=O)C)C#N)CC(C2)(C)C)C)*)(C(F)(F)F)C(F)(F)F)OCCN(c2ccc(cc2)C=CC2=CC(=C(S(=O)(=O)C)C#N)CC(C2)(C)C)C)cc1,tg,225.0,200.56899486348533
*N1C(=O)c2c(C1=O)cc(cc2)Oc1cc2c(C(=O)N(C2=O)c2c(cccc2)Oc2ccc(cc2)*)cc1,tg,264.0,244.32036165522456
*N1C(=O)c2c(C1=O)cc(cc2)Oc1cc2c(C(=O)N(C2=O)c2cc(c(c(c2)Br)Oc2c(cc(cc2Br)*)Br)Br)cc1,tg,283.0,246.10498711969728
*N1C(=O)c2c(C1=O)cc(cc2)Oc1cc2c(C(=O)N(C2=O)c2cc(c(cc2)Oc2c(cc(cc2)*)Br)Br)cc1,tg,251.0,291.22202269240177
*N1C(=O)c2c(C1=O)cc(cc2)Oc1cc2c(C(=O)N(C2=O)c2cc(c(cc2)Oc2c(cccc2)Oc2c(cc(cc2)*)C(F)(F)F)C(F)(F)F)cc1,tg,223.0,229.07961757551502
*N1C(=O)c2c(C1=O)cc(cc2)Oc1cc2c(C(=O)N(C2=O)c2cc(c(cc2)Oc2ccc(cc2)C(=O)c2cc(ccc2)*)C(F)(F)F)cc1,tg,224.0,210.9847501547923
*N1C(=O)c2c(C1=O)cc(cc2)Oc1cc2c(C(=O)N(C2=O)c2cc(c(cc2)c2c(cc(cc2)*)C(F)(F)F)C(F)(F)F)cc1,tg,275.0,298.833474285943
*N1C(=O)c2c(C1=O)cc(cc2)Oc1cc2c(C(=O)N(C2=O)c2cc(cc(c2)C(F)(F)F)Oc2c(cc(cc2C)c2cc(c(c(c2)C)Oc2cc(cc(c2)C(F)(F)F)*)C)C)cc1,tg,252.2,271.6571663015568
*N1C(=O)c2c(C1=O)cc(cc2)Oc1cc2c(C(=O)N(C2=O)c2cc(cc(c2)OCCCC)*)cc1,tg,237.0,205.16030608336075
*N1C(=O)c2c(C1=O)cc(cc2)Oc1cc2c(C(=O)N(C2=O)c2cc(cc(c2)OCCCCCCCC)*)cc1,tg,185.0,173.92172587575746
*N1C(=O)c2c(C1=O)cc(cc2)Oc1cc2c(C(=O)N(C2=O)c2cc(cc(c2)OCCCCCCCCCCCC)*)cc1,tg,162.0,166.62855537205982
*N1C(=O)c2c(C1=O)cc(cc2)Oc1cc2c(C(=O)N(C2=O)c2cc(cc(c2)OCCCCCCCCCCCCCCCC)*)cc1,tg,159.0,170.72521295075472
*N1C(=O)c2c(C1=O)cc(cc2)Oc1cc2c(C(=O)N(C2=O)c2cc(ccc2)C(C(C(C(C(c2cc(ccc2)*)(F)F)(F)F)(F)F)(F)F)(F)F)cc1,tg,138.5,150.1513645194715
*N1C(=O)c2c(C1=O)cc(cc2)Oc1cc2c(C(=O)N(C2=O)c2cc(ccc2)C(c2cc(ccc2)*)(C(F)(F)F)C(F)(F)F)cc1,tg,224.5,259.6810079735945
*N1C(=O)c2c(C1=O)cc(cc2)Oc1cc2c(C(=O)N(C2=O)c2cc(ccc2)C(c2cc(ccc2)*)(c2ccccc2)C(F)(F)F)cc1,tg,293.0,246.97337472370404
*N1C(=O)c2c(C1=O)cc(cc2)Oc1cc2c(C(=O)N(C2=O)c2cc(ccc2)OCCOCCOc2ccc(cc2)*)cc1,tg,146.5,149.01473922357553
*N1C(=O)c2c(C1=O)cc(cc2)Oc1cc2c(C(=O)N(C2=O)c2cc(ccc2)Oc2c(ccc(c2)Oc2cc(ccc2)*)P(=O)(c2ccccc2)c2ccccc2)cc1,tg,212.0,218.7153422092408
*N1C(=O)c2c(C1=O)cc(cc2)Oc1cc2c(C(=O)N(C2=O)c2cc(ccc2)Oc2cc(ccc2)Oc2cc(ccc2)*)cc1,tg,189.33,200.49714550413083
*N1C(=O)c2c(C1=O)cc(cc2)Oc1cc2c(C(=O)N(C2=O)c2cc(ccc2)Oc2ccc(cc2)*)cc1,tg,233.75,230.0402322140776
*N1C(=O)c2c(C1=O)cc(cc2)Oc1cc2c(C(=O)N(C2=O)c2cc(ccc2)Oc2ccc(cc2)Oc2cc(ccc2)*)cc1,tg,204.0,235.11117136795346
*N1C(=O)c2c(C1=O)cc(cc2)Oc1cc2c(C(=O)N(C2=O)c2cc(ccc2)P(=O)(c2cc(ccc2)*)c2cc(cc(c2)C(F)(F)F)C(F)(F)F)cc1,tg,228.0,241.91418439520325
*N1C(=O)c2c(C1=O)cc(cc2)Oc1cc2c(C(=O)N(C2=O)c2ccc(cc2)*)cc1,tg,363.0,302.78255324929296
*N1C(=O)c2c(C1=O)cc(cc2)Oc1cc2c(C(=O)N(C2=O)c2ccc(cc2)C(c2ccc(cc2)*)(C(F)(F)F)C(F)(F)F)cc1,tg,305.0,277.3833674580125
*N1C(=O)c2c(C1=O)cc(cc2)Oc1cc2c(C(=O)N(C2=O)c2ccc(cc2)C(c2ccc(cc2)*)(C)C)cc1,tg,265.0,272.6221058770834
*N1C(=O)c2c(C1=O)cc(cc2)Oc1cc2c(C(=O)N(C2=O)c2ccc(cc2)C(c2ccc(cc2)*)c2ccccc2)cc1,tg,269.0,272.43864770639834
*N1C(=O)c2c(C1=O)cc(cc2)Oc1cc2c(C(=O)N(C2=O)c2ccc(cc2)Cc2ccc(cc2)*)cc1,tg,265.33,284.8431862039824
*N1C(=O)c2c(C1=O)cc(cc2)Oc1cc2c(C(=O)N(C2=O)c2ccc(cc2)N(c2ccc(cc2)*)c2ccc(cc2)C#N)cc1,tg,304.0,279.47829631089866
*N1C(=O)c2c(C1=O)cc(cc2)Oc1cc2c(C(=O)N(C2=O)c2ccc(cc2)Oc2c(cc(cc2C(C)(C)C)c2ccc(cc2)*)C(C)(C)C)cc1,tg,342.0,289.2036943440238
*N1C(=O)c2c(C1=O)cc(cc2)Oc1cc2c(C(=O)N(C2=O)c2ccc(cc2)Oc2cc3c(cc2Oc2ccc(cc2)*)cccc3)cc1,tg,254.17,224.38527599760081
*N1C(=O)c2c(C1=O)cc(cc2)Oc1cc2c(C(=O)N(C2=O)c2ccc(cc2)Oc2ccc(cc2)*)cc1,tg,266.3,237.7496856302351
*N1C(=O)c2c(C1=O)cc(cc2)Oc1cc2c(C(=O)N(C2=O)c2ccc(cc2)Oc2ccc(cc2)C(=O)c2cc(ccc2)C(=O)c2ccc(cc2)Oc2ccc(cc2)*)cc1,tg,208.0,205.11038252262023
*N1C(=O)c2c(C1=O)cc(cc2)Oc1cc2c(C(=O)N(C2=O)c2ccc(cc2)Oc2ccc(cc2)C(c2ccc(cc2)Oc2ccc(cc2)*)(C(F)(F)F)C(F)(F)F)cc1,tg,246.0,242.04805580449224
*N1C(=O)c2c(C1=O)cc(cc2)Oc1cc2c(C(=O)N(C2=O)c2ccc(cc2)Oc2ccc(cc2)C(c2ccc(cc2)Oc2ccc(cc2)*)(C)C)cc1,tg,227.5,227.8001313551234
*N1C(=O)c2c(C1=O)cc(cc2)Oc1cc2c(C(=O)N(C2=O)c2ccc(cc2)Oc2ccc(cc2)Oc2ccc(cc2)*)cc1,tg,235.78,255.28604873619318
*N1C(=O)c2c(C1=O)cc(cc2)Oc1cc2c(C(=O)N(C2=O)c2ccc(cc2)Oc2ccc(cc2)c2ccc(cc2)Oc2ccc(cc2)*)cc1,tg,245.0,228.04747433517412
*N1C(=O)c2c(C1=O)cc(cc2)Oc1cc2c(C(=O)N(C2=O)c2ccc(cc2)S(=O)(=O)c2ccc(cc2)*)cc1,tg,262.0,289.7470046688953
*N1C(=O)c2c(C1=O)cc(cc2)Oc1cc2c(C(=O)N(C2=O)c2ccc(cc2)Sc2cc3c(C(=O)N(C3=O)c3ccc(cc3)CC)cc2Sc2ccc(cc2)*)cc1,tg,271.0,250.37112970965876
*N1C(=O)c2c(C1=O)cc(cc2)Oc1cc2c(C(=O)N(C2=O)c2ccc(cc2)Sc2ccc(cc2)Sc2ccc(cc2)Sc2ccc(cc2)*)cc1,tg,202.65,208.62780226263038
*N1C(=O)c2c(C1=O)cc(cc2)Oc1cc2c(C(=O)N(C2=O)c2ccc(cc2)c2cc(c(cc2)Oc2cc3c(C(CC3(c3ccc(cc3)Oc3c(cc(cc3)c3ccc(cc3)*)C(F)(F)F)C)(C)C)cc2)C(F)(F)F)cc1,tg,249.0,271.07638418994225
*N1C(=O)c2c(C1=O)cc(cc2)Oc1cc2c(C(=O)N(C2=O)c2ccc(cc2)c2ccc(cc2)*)cc1,tg,286.0,289.13854355045754
*N1C(=O)c2c(C1=O)cc(cc2)Oc1cc2c(C(=O)N(C2=O)c2ccc(cc2)c2ccc(cc2)NC(=O)c2cc(ccc2)C(=O)Nc2ccc(cc2)c2ccc(cc2)*)cc1,tg,233.0,249.2122584433896
*N1C(=O)c2c(C1=O)cc(cc2)Oc1cc2c(C(=O)N(C2=O)c2ccc(cc2)c2nc(cc(c2)c2ccc(cc2)OCCCC#N)c2ccc(cc2)*)cc1,tg,315.0,262.33962202052703
*N1C(=O)c2c(C1=O)cc(cc2)Oc1cc2c(C(CC32CC(c2ccc(cc32)Oc2cc3c(C(=O)N(C3=O)c3cc(ccc3)*)cc2)(C)C)(C)C)cc1,tg,253.0,297.4078145637716
*N1C(=O)c2c(C1=O)cc(cc2)Oc1cc2c(cc1)cc(cc2)Oc1cc2c(C(=O)N(C2=O)c2cc(ccc2)Oc2ccc(cc2)*)cc1,tg,225.0,220.64432142765781
*N1C(=O)c2c(C1=O)cc(cc2)Oc1cc2c(cc1)cc(cc2)Oc1cc2c(C(=O)N(C2=O)c2ccc(cc2)C(c2ccc(cc2)*)(C(F)(F)F)C(F)(F)F)cc1,tg,218.0,282.3081609046201
*N1C(=O)c2c(C1=O)cc(cc2)Oc1cc2c(cc1)cc(cc2)Oc1cc2c(C(=O)N(C2=O)c2ccc(cc2)Oc2ccc(cc2)c2ccc(cc2)Oc2ccc(cc2)*)cc1,tg,230.0,222.33713291755043
*N1C(=O)c2c(C1=O)cc(cc2)Oc1cc2c(cc1)ccc(c2)Oc1cc2c(C(=O)N(C2=O)c2ccc(cc2)C(c2ccc(cc2)*)(C(F)(F)F)C(F)(F)F)cc1,tg,256.0,253.1888904436476
*N1C(=O)c2c(C1=O)cc(cc2)Oc1cc2c(cc1)ccc(c2)Oc1cc2c(C(=O)N(C2=O)c2ccc(cc2)C(c2ccc(cc2)C(c2ccc(cc2)*)(C)C)(C)C)cc1,tg,246.0,242.51307046644078
*N1C(=O)c2c(C1=O)cc(cc2)Oc1cc2c(cc1)ccc(c2)Oc1cc2c(C(=O)N(C2=O)c2ccc(cc2)Oc2ccc(cc2)Oc2ccc(cc2)*)cc1,tg,228.0,237.96501482539333
*N1C(=O)c2c(C1=O)cc(cc2)Oc1cc2c(cc1Oc1cc3c(C(=O)N(C3=O)c3cc(cc(c3)C(F)(F)F)*)cc1)cccc2,tg,250.0,242.50324788394198
*N1C(=O)c2c(C1=O)cc(cc2)Oc1cc2c(cc1Oc1cc3c(C(=O)N(C3=O)c3cc(ccc3)*)cc1)cccc2,tg,228.75,251.33599081959707
*N1C(=O)c2c(C1=O)cc(cc2)Oc1cc2c(cc1Oc1cc3c(C(=O)N(C3=O)c3ccc(cc3)Oc3c(cccc3)Oc3ccc(cc3)*)cc1)cccc2,tg,204.0,205.81487113571777
*N1C(=O)c2c(C1=O)cc(cc2)Oc1cc2c(cc1Oc1cc3c(C(=O)N(C3=O)c3ccc(cc3)Oc3cc4c(cc3Oc3ccc(cc3)*)cccc4)cc1)cccc2,tg,222.0,227.76560075754765
*N1C(=O)c2c(C1=O)cc(cc2)Oc1cc2c(cc1Oc1cc3c(C(=O)N(C3=O)c3ccc(cc3)Oc3ccc(cc3)*)cc1)cccc2,tg,228.75,244.15284773086097
*N1C(=O)c2c(C1=O)cc(cc2)Oc1cc2c(cc1Oc1cc3c(C(=O)N(C3=O)c3ccc(cc3)Oc3ccc(cc3)Oc3ccc(cc3)*)cc1)cccc2,tg,224.5,214.79297025726493
*N1C(=O)c2c(C1=O)cc(cc2)Oc1cc2c(cc1Oc1cc3c(C(=O)N(C3=O)c3ccc(cc3)Oc3ccc(cc3)c3ccc(cc3)Oc3ccc(cc3)*)cc1)cccc2,tg,222.5,223.73343517247065
*N1C(=O)c2c(C1=O)cc(cc2)Oc1ccc(cc1)C(=O)Nc1ccc(cc1)Cc1ccc(cc1)*,tg,250.0,253.2287602456877
*N1C(=O)c2c(C1=O)cc(cc2)Oc1ccc(cc1)C(=O)Nc1ccc(cc1)Oc1ccc(cc1)Oc1ccc(cc1)*,tg,242.0,238.8615081140059
*N1C(=O)c2c(C1=O)cc(cc2)Oc1ccc(cc1)C(=O)c1ccc(cc1)Oc1cc2c(C(=O)N(C2=O)c2cc(ccc2)*)cc1,tg,239.0,221.64577656674186
*N1C(=O)c2c(C1=O)cc(cc2)Oc1ccc(cc1)C(=O)c1ccc(cc1)Oc1cc2c(C(=O)N(C2=O)c2ccc(cc2)Oc2cc(ccc2)Oc2ccc(cc2)*)cc1,tg,194.0,196.34362249363514
*N1C(=O)c2c(C1=O)cc(cc2)Oc1ccc(cc1)C(=O)c1ccc(cc1)Oc1cc2c(C(=O)N(C2=O)c2ccc(cc2)Oc2ccc(cc2)*)cc1,tg,210.0,236.94936721970666
*N1C(=O)c2c(C1=O)cc(cc2)Oc1ccc(cc1)C(c1ccc(cc1)C(c1ccc(cc1)Oc1cc2c(C(=O)N(C2=O)c2ccc(cc2)N(c2ccc(cc2)*)c2ccc(cc2)C#N)cc1)(C)C)(C)C,tg,224.0,236.19692384697126
*N1C(=O)c2c(C1=O)cc(cc2)Oc1ccc(cc1)C(c1ccc(cc1)Oc1cc2c(C(=O)N(C2=O)c2c(cc(cc2C)Cc2cc(c(c(c2)C)*)C)C)cc1)(C)C,tg,249.0,265.47829442904526
*N1C(=O)c2c(C1=O)cc(cc2)Oc1ccc(cc1)C(c1ccc(cc1)Oc1cc2c(C(=O)N(C2=O)c2c(ccc(c2)*)O)cc1)(C)C,tg,246.0,240.8312238433493
*N1C(=O)c2c(C1=O)cc(cc2)Oc1ccc(cc1)C(c1ccc(cc1)Oc1cc2c(C(=O)N(C2=O)c2cc(ccc2)*)cc1)(C)C,tg,221.3,227.6491252525669
*N1C(=O)c2c(C1=O)cc(cc2)Oc1ccc(cc1)C(c1ccc(cc1)Oc1cc2c(C(=O)N(C2=O)c2ccc(cc2)N(c2ccc(cc2)*)c2ccc(cc2)C#N)cc1)(C)C,tg,230.0,233.05805823750103
*N1C(=O)c2c(C1=O)cc(cc2)Oc1ccc(cc1)C(c1ccc(cc1)Oc1cc2c(C(=O)N(C2=O)c2ccc(cc2)Oc2c(c(ccc2)Oc2ccc(cc2)*)C#N)cc1)(C)C,tg,213.0,201.2979122702506
*N1C(=O)c2c(C1=O)cc(cc2)Oc1ccc(cc1)C(c1ccc(cc1)Oc1cc2c(C(=O)N(C2=O)c2ccc(cc2)Oc2ccc(cc2)*)cc1)(C(F)(F)F)C(F)(F)F,tg,257.0,242.57348826009064
*N1C(=O)c2c(C1=O)cc(cc2)Oc1ccc(cc1)C(c1ccc(cc1)Oc1cc2c(C(=O)N(C2=O)c2ccc(cc2)Oc2ccc(cc2)*)cc1)(C)C,tg,217.25,229.83421928682873
*N1C(=O)c2c(C1=O)cc(cc2)Oc1ccc(cc1)C(c1ccc(cc1)Oc1cc2c(C(=O)N(C2=O)c2ccc(cc2)Oc2ccc(cc2)C(c2ccc(cc2)Oc2ccc(cc2)*)(C)C)cc1)(C)C,tg,205.0,224.3128903264984
*N1C(=O)c2c(C1=O)cc(cc2)Oc1ccc(cc1)C(c1ccc(cc1)Oc1cc2c(C(=O)N(C2=O)c2ccc(cc2)Oc2ccc(cc2)S(=O)(=O)c2ccc(cc2)Oc2ccc(cc2)*)cc1)(C)C,tg,200.0,221.3269124209812
*N1C(=O)c2c(C1=O)cc(cc2)Oc1ccc(cc1)C(c1ccc(cc1)Oc1cc2c(C(=O)N(C2=O)c2ccc(cc2)Oc2ccc(cc2)c2ccc(cc2)Oc2ccc(cc2)*)cc1)(C(F)(F)F)C(F)(F)F,tg,217.0,250.32338919656377
*N1C(=O)c2c(C1=O)cc(cc2)Oc1ccc(cc1)C(c1ccc(cc1)Oc1cc2c(C(=O)N(C2=O)c2ccc(cc2)Oc2ccc(cc2)c2ccc(cc2)Oc2ccc(cc2)*)cc1)(C)C,tg,220.0,220.0023302361583
*N1C(=O)c2c(C1=O)cc(cc2)Oc1ccc(cc1)C(c1ccc(cc1)Oc1cc2c(C(=O)N(C2=O)c2ccc(cc2)S(=O)(=O)c2ccc(cc2)*)cc1)(C)C,tg,240.0,239.2074949544523
*N1C(=O)c2c(C1=O)cc(cc2)Oc1ccc(cc1)C1(CCC(CC1)C(C)(C)C)c1ccc(cc1)Oc1cc2c(C(=O)N(C2=O)Oc2c(cc(cc2C)C(c2cc(c(c(c2)C)O*)C)(C)C)C)cc1,tg,248.0,208.7284267690448
*N1C(=O)c2c(C1=O)cc(cc2)Oc1ccc(cc1)C1(CCC(CC1)C(C)(C)C)c1ccc(cc1)Oc1cc2c(C(=O)N(C2=O)c2ccc(cc2)Oc2c(cc(cc2)Oc2ccc(cc2)*)C(C)(C)C)cc1,tg,233.0,247.17901149937023
*N1C(=O)c2c(C1=O)cc(cc2)Oc1ccc(cc1)C1(CCC(CC1)C(C)(C)C)c1ccc(cc1)Oc1cc2c(C(=O)N(C2=O)c2ccc(cc2)Oc2ccc(cc2)C(c2ccc(cc2)Oc2ccc(cc2)*)(C(F)(F)F)C(F)(F)F)cc1,tg,227.0,245.41205547464995
*N1C(=O)c2c(C1=O)cc(cc2)Oc1ccc(cc1)C1(CCC(CC1)C(C)(C)C)c1ccc(cc1)Oc1cc2c(C(=O)N(C2=O)c2ccc(cc2)Oc2ccc(cc2)C2(C3C4C(CCC4)C(C2)C3)c2ccc(cc2)Oc2ccc(cc2)*)cc1,tg,257.0,256.840245785524
*N1C(=O)c2c(C1=O)cc(cc2)Oc1ccc(cc1)C1(CCC(CC1)C(C)(C)C)c1ccc(cc1)Oc1cc2c(C(=O)N(C2=O)c2ccc(cc2)Oc2ccc(cc2)C2(C3CC4CC(CC2C4)C3)c2ccc(cc2)Oc2ccc(cc2)*)cc1,tg,266.0,264.7825061684119
*N1C(=O)c2c(C1=O)cc(cc2)Oc1ccc(cc1)C1(CCC(CC1)c1ccccc1)c1ccc(cc1)Oc1cc2c(C(=O)N(C2=O)c2ccc(cc2)Cc2ccc(cc2)*)cc1,tg,232.0,246.65056653858622
*N1C(=O)c2c(C1=O)cc(cc2)Oc1ccc(cc1)C1(CCC(CC1)c1ccccc1)c1ccc(cc1)Oc1cc2c(C(=O)N(C2=O)c2ccc(cc2)Oc2c(cc(cc2)Oc2ccc(cc2)*)C(C)(C)C)cc1,tg,236.0,238.59068082280365
*N1C(=O)c2c(C1=O)cc(cc2)Oc1ccc(cc1)C1(CCC(CC1)c1ccccc1)c1ccc(cc1)Oc1cc2c(C(=O)N(C2=O)c2ccc(cc2)Oc2ccc(cc2)C2(C3C4C(CCC4)C(C2)C3)c2ccc(cc2)Oc2ccc(cc2)*)cc1,tg,255.0,243.018209363023
*N1C(=O)c2c(C1=O)cc(cc2)Oc1ccc(cc1)C1(CCC(CC1)c1ccccc1)c1ccc(cc1)Oc1cc2c(C(=O)N(C2=O)c2ccc(cc2)Oc2ccc(cc2)C2(C3CCC(C2)C3)c2ccc(cc2)Oc2ccc(cc2)*)cc1,tg,245.0,262.8122222220279
*N1C(=O)c2c(C1=O)cc(cc2)Oc1ccc(cc1)C1(CCC(CC1)c1ccccc1)c1ccc(cc1)Oc1cc2c(C(=O)N(C2=O)c2ccc(cc2)Oc2ccc(cc2)C2(CCC(CC2)C(C)(C)C)c2ccc(cc2)Oc2ccc(cc2)*)cc1,tg,243.0,249.08939226700815
*N1C(=O)c2c(C1=O)cc(cc2)Oc1ccc(cc1)C1(CCCCC1)c1ccc(cc1)Oc1cc2c(C(=O)N(C2=O)c2ccc(cc2)N(c2ccc(cc2)*)c2ccc(cc2)C#N)cc1,tg,243.0,249.13944074470663
*N1C(=O)c2c(C1=O)cc(cc2)Oc1ccc(cc1)C1(CCCCCCCCCCC1)c1ccc(cc1)Oc1cc2c(C(=O)N(C2=O)c2ccc(cc2)Cc2ccc(cc2)*)cc1,tg,240.0,252.52419458384992
*N1C(=O)c2c(C1=O)cc(cc2)Oc1ccc(cc1)C1(CCCCCCCCCCC1)c1ccc(cc1)Oc1cc2c(C(=O)N(C2=O)c2ccc(cc2)Oc2cc(c(cc2)c2c(cc(cc2)Oc2ccc(cc2)*)C)C)cc1,tg,257.0,242.84151002039857
*N1C(=O)c2c(C1=O)cc(cc2)Oc1ccc(cc1)C1(CCCCCCCCCCC1)c1ccc(cc1)Oc1cc2c(C(=O)N(C2=O)c2ccc(cc2)Oc2ccc(cc2)C2(C3CC4CC(CC2C4)C3)c2ccc(cc2)Oc2ccc(cc2)*)cc1,tg,262.0,263.8769513553142
*N1C(=O)c2c(C1=O)cc(cc2)Oc1ccc(cc1)C1(CCCCCCCCCCC1)c1ccc(cc1)Oc1cc2c(C(=O)N(C2=O)c2ccc(cc2)Oc2ccc(cc2)C2(C3CCC(C2)C3)c2ccc(cc2)Oc2ccc(cc2)*)cc1,tg,259.0,264.36055216519406
*N1C(=O)c2c(C1=O)cc(cc2)Oc1ccc(cc1)C1(CCCCCCCCCCC1)c1ccc(cc1)Oc1cc2c(C(=O)N(C2=O)c2ccc(cc2)Oc2ccc(cc2)C2(CCC(CC2)C(C)(C)C)c2ccc(cc2)Oc2ccc(cc2)*)cc1,tg,254.0,246.8863498626576
*N1C(=O)c2c(C1=O)cc(cc2)Oc1ccc(cc1)C1(c2ccccc2c2ccccc12)c1ccc(cc1)Oc1cc2c(C(=O)N(C2=O)c2ccc(cc2)N(c2ccc(cc2)*)c2ccc(cc2)C#N)cc1,tg,279.0,263.0233924037145
*N1C(=O)c2c(C1=O)cc(cc2)Oc1ccc(cc1)Oc1cc2c(C(=O)N(C2=O)c2c(c(c(cc2)Cc2c(c(c(cc2)*)C)C)C)C)cc1,tg,277.0,286.7966279377997
*N1C(=O)c2c(C1=O)cc(cc2)Oc1ccc(cc1)Oc1cc2c(C(=O)N(C2=O)c2c(cc(c(c2)C)Cc2c(cc(c(c2)C)*)C)C)cc1,tg,278.0,284.40653382543644
*N1C(=O)c2c(C1=O)cc(cc2)Oc1ccc(cc1)Oc1cc2c(C(=O)N(C2=O)c2c(cc(c(c2C)*)C)C)cc1,tg,345.0,307.1671897106183
*N1C(=O)c2c(C1=O)cc(cc2)Oc1ccc(cc1)Oc1cc2c(C(=O)N(C2=O)c2c(cc(cc2)Cc2cc(c(cc2)*)C)C)cc1,tg,268.0,277.0844426330126
*N1C(=O)c2c(C1=O)cc(cc2)Oc1ccc(cc1)Oc1cc2c(C(=O)N(C2=O)c2c(cc(cc2)Cc2cc(c(cc2)*)OC)OC)cc1,tg,269.0,228.83496412141872
*N1C(=O)c2c(C1=O)cc(cc2)Oc1ccc(cc1)Oc1cc2c(C(=O)N(C2=O)c2ccc(cc2)C(c2ccc(cc2)*)(C)C)cc1,tg,264.0,235.96468130133633
*N1C(=O)c2c(C1=O)cc(cc2)Oc1ccc(cc1)Oc1cc2c(C(=O)N(C2=O)c2ccc(cc2)Cc2ccc(cc2)*)cc1,tg,257.33,246.084389577988
*N1C(=O)c2c(C1=O)cc(cc2)Oc1ccc(cc1)Oc1cc2c(C(=O)N(C2=O)c2ccc(cc2)Oc2ccc(cc2)*)cc1,tg,248.75,236.59137867467234
*N1C(=O)c2c(C1=O)cc(cc2)Oc1ccc(cc1)Oc1cc2c(C(=O)N(C2=O)c2ccc(cc2)Oc2ccc(cc2)Oc2ccc(cc2)Oc2ccc(cc2)*)cc1,tg,210.0,233.8225457292664
*N1C(=O)c2c(C1=O)cc(cc2)Oc1ccc(cc1)Oc1cc2c(C(=O)N(C2=O)c2ccc(cc2)Oc2ccc(cc2)S(=O)(=O)c2ccc(cc2)Oc2ccc(cc2)*)cc1,tg,201.0,232.84204370998265
*N1C(=O)c2c(C1=O)cc(cc2)Oc1ccc(cc1)Oc1cc2c(C(=O)N(C2=O)c2ccc(cc2)S(=O)(=O)c2ccc(cc2)*)cc1,tg,283.0,249.9847564583568
*N1C(=O)c2c(C1=O)cc(cc2)Oc1ccc(cc1)Oc1cc2c(C(=O)N(C2=O)c2ccc(cc2)c2ccc(cc2)*)cc1,tg,266.0,244.6804120238656
*N1C(=O)c2c(C1=O)cc(cc2)Oc1ccc(cc1)Oc1ccc(cc1)Oc1cc2c(C(=O)N(C2=O)c2cc(ccc2)*)cc1,tg,227.0,237.64415930107734
*N1C(=O)c2c(C1=O)cc(cc2)Oc1ccc(cc1)Oc1ccc(cc1)Oc1cc2c(C(=O)N(C2=O)c2ccc(cc2)Oc2ccc(cc2)*)cc1,tg,215.0,229.5121457968906
*N1C(=O)c2c(C1=O)cc(cc2)Oc1ccc(cc1)Oc1ccc(cc1)Oc1cc2c(C(=O)N(C2=O)c2ccc(cc2)Oc2ccc(cc2)Sc2ccc(cc2)Oc2ccc(cc2)*)cc1,tg,198.5,195.2025854849379
*N1C(=O)c2c(C1=O)cc(cc2)Oc1ccc(cc1)Oc1ccc(cc1)Oc1cc2c(C(=O)N(C2=O)c2ccc(cc2)Oc2ccc(cc2)c2ccc(cc2)Oc2ccc(cc2)*)cc1,tg,211.0,227.1115784839152
*N1C(=O)c2c(C1=O)cc(cc2)Oc1ccc(cc1)S(=O)(=O)c1ccc(cc1)Oc1cc2c(C(=O)N(C2=O)c2cc(ccc2)*)cc1,tg,265.0,249.62228639783044
*N1C(=O)c2c(C1=O)cc(cc2)Oc1ccc(cc1)S(=O)(=O)c1ccc(cc1)Oc1cc2c(C(=O)N(C2=O)c2cc(ccc2)S(=O)(=O)c2cc(ccc2)*)cc1,tg,205.0,235.6096369000979
*N1C(=O)c2c(C1=O)cc(cc2)Oc1ccc(cc1)S(=O)(=O)c1ccc(cc1)Oc1cc2c(C(=O)N(C2=O)c2ccc(cc2)Oc2cc(ccc2)Oc2ccc(cc2)*)cc1,tg,219.0,203.29113150384356
*N1C(=O)c2c(C1=O)cc(cc2)Oc1ccc(cc1)S(=O)(=O)c1ccc(cc1)Oc1cc2c(C(=O)N(C2=O)c2ccc(cc2)Oc2ccc(cc2)*)cc1,tg,260.0,237.3491435771406
*N1C(=O)c2c(C1=O)cc(cc2)Oc1ccc(cc1)Sc1ccc(cc1)Oc1cc2c(C(=O)N(C2=O)c2cc(ccc2)Oc2cc(ccc2)Oc2cc(ccc2)*)cc1,tg,190.5,168.98128600203228
*N1C(=O)c2c(C1=O)cc(cc2)Oc1ccc(cc1)Sc1ccc(cc1)Oc1cc2c(C(=O)N(C2=O)c2ccc(cc2)Oc2cc(ccc2)Oc2ccc(cc2)*)cc1,tg,178.0,190.433543798477
*N1C(=O)c2c(C1=O)cc(cc2)Oc1ccc(cc1)Sc1ccc(cc1)Oc1cc2c(C(=O)N(C2=O)c2ccc(cc2)Oc2ccc(cc2)Oc2ccc(cc2)*)cc1,tg,201.0,197.25027258601696
*N1C(=O)c2c(C1=O)cc(cc2)Oc1ccc(cc1)Sc1ccc(cc1)Oc1cc2c(C(=O)N(C2=O)c2ccc(cc2)Oc2ccc(cc2)Sc2ccc(cc2)Oc2ccc(cc2)*)cc1,tg,195.5,194.11934369920527
*N1C(=O)c2c(C1=O)cc(cc2)Oc1ccc(cc1)c1ccc(cc1)Oc1cc2c(C(=O)N(C2=O)c2cc(ccc2)Oc2c(ccc(c2)Oc2cc(ccc2)*)P(=O)(c2ccccc2)c2ccccc2)cc1,tg,227.0,213.86654705230526
*N1C(=O)c2c(C1=O)cc(cc2)Oc1ccc(cc1)c1ccc(cc1)Oc1cc2c(C(=O)N(C2=O)c2ccc(cc2)Oc2cc(ccc2)Oc2ccc(cc2)*)cc1,tg,205.0,199.19016993396465
*N1C(=O)c2c(C1=O)cc(cc2)Oc1ccc(cc1)c1ccc(cc1)Oc1cc2c(C(=O)N(C2=O)c2ccc(cc2)Oc2ccc(cc2)*)cc1,tg,229.0,236.56094426556803
*N1C(=O)c2c(C1=O)cc(cc2)Oc1ccc(cc1)c1ccc(cc1)Oc1cc2c(C(=O)N(C2=O)c2ccc(cc2)Oc2ccc(cc2)Oc2ccc(cc2)*)cc1,tg,212.0,229.366729745224
*N1C(=O)c2c(C1=O)cc(cc2)Oc1ccc(cc1)c1ccc(cc1)Oc1cc2c(C(=O)N(C2=O)c2ccc(cc2)Oc2ccc(cc2)Oc2ccc(cc2)Oc2ccc(cc2)*)cc1,tg,212.0,224.73774403039792
*N1C(=O)c2c(C1=O)cc(cc2)Oc1ccc(cc1)c1ccc(cc1)Oc1cc2c(C(=O)N(C2=O)c2ccc(cc2)Oc2ccc(cc2)Sc2ccc(cc2)Oc2ccc(cc2)*)cc1,tg,212.0,203.8748330219367
*N1C(=O)c2c(C1=O)cc(cc2)Oc1ccc(cc1)c1ccc(cc1)Oc1cc2c(C(=O)N(C2=O)c2ccc(cc2)Oc2ccc(cc2)c2ccc(cc2)Oc2ccc(cc2)*)cc1,tg,220.0,228.1413898320557
*N1C(=O)c2c(C1=O)cc(cc2)P(=O)(c1cc2c(C(=O)N(C2=O)c2cc(cc(c2)C(F)(F)F)*)cc1)c1ccccc1,tg,317.0,293.34029694738274
*N1C(=O)c2c(C1=O)cc(cc2)P(=O)(c1cc2c(C(=O)N(C2=O)c2cc(ccc2)*)cc1)c1ccccc1,tg,323.0,331.08019112141255
*N1C(=O)c2c(C1=O)cc(cc2)P(=O)(c1cc2c(C(=O)N(C2=O)c2ccc(cc2)*)cc1)c1ccccc1,tg,366.0,339.9195639248964
*N1C(=O)c2c(C1=O)cc(cc2)P(=O)(c1cc2c(C(=O)N(C2=O)c2ccc(cc2)Oc2ccc(cc2)*)cc1)c1ccccc1,tg,318.0,298.57107954821925
*N1C(=O)c2c(C1=O)cc(cc2)S(=O)(=O)c1cc2c(C(=O)N(C2=O)CCCCCCOC(=O)CCCCCCC(=O)OCCCCCC*)cc1,tg,46.0,70.28031450249038
*N1C(=O)c2c(C1=O)cc(cc2)S(=O)(=O)c1cc2c(C(=O)N(C2=O)CCCCCCOC(=O)CCCCCCCCC(=O)OCCCCCC*)cc1,tg,72.0,42.61846453327813
*N1C(=O)c2c(C1=O)cc(cc2)S(=O)(=O)c1cc2c(C(=O)N(C2=O)CCCCCCOC(=O)c2cc(cc(c2)OCCCCCCOc2ccc(cc2)N=Nc2ccc(cc2)C#N)C(=O)OCCCCCC*)cc1,tg,83.0,85.96918858358079
*N1C(=O)c2c(C1=O)cc(cc2)S(=O)(=O)c1cc2c(C(=O)N(C2=O)c2c(cc(c(c2C)*)C)C)cc1,tg,418.0,360.11124267550895
*N1C(=O)c2c(C1=O)cc(cc2)S(=O)(=O)c1cc2c(C(=O)N(C2=O)c2cc(c(cc2)Oc2c(cc(cc2)*)Br)Br)cc1,tg,281.0,312.9936278463904
*N1C(=O)c2c(C1=O)cc(cc2)S(=O)(=O)c1cc2c(C(=O)N(C2=O)c2cc(c(cc2)Oc2c(cccc2)Oc2c(cc(cc2)*)C(F)(F)F)C(F)(F)F)cc1,tg,255.0,246.38884372394838
*N1C(=O)c2c(C1=O)cc(cc2)S(=O)(=O)c1cc2c(C(=O)N(C2=O)c2cc(ccc2)c2cc(cc(c2)C(=O)Nc2ccc(cc2)OC(=O)c2cc(c(c(c2)OCCCCCCCCCCCC)OCCCCCCCCCCCC)OCCCCCCCCCCCC)c2cc(ccc2)*)cc1,tg,268.0,154.9744356204436
*N1C(=O)c2c(C1=O)cc(cc2)S(=O)(=O)c1cc2c(C(=O)N(C2=O)c2ccc(cc2)C(c2ccc(cc2)*)c2ccccc2)cc1,tg,305.0,312.889015198221
*N1C(=O)c2c(C1=O)cc(cc2)S(=O)(=O)c1cc2c(C(=O)N(C2=O)c2ccc(cc2)N(c2ccc(cc2)*)c2ccc(cc2)C#N)cc1,tg,325.0,328.5022721415443
*N1C(=O)c2c(C1=O)cc(cc2)S(=O)(=O)c1cc2c(C(=O)N(C2=O)c2ccc(cc2)N(c2ccc(cc2)*)c2ccc(cc2)OC)cc1,tg,304.0,299.70753798765844
*N1C(=O)c2c(C1=O)cc(cc2)S(=O)(=O)c1cc2c(C(=O)N(C2=O)c2ccc(cc2)N(c2ccc(cc2)*)c2ccccc2)cc1,tg,306.0,315.9114308581968
*N1C(=O)c2c(C1=O)cc(cc2)S(=O)(=O)c1cc2c(C(=O)N(C2=O)c2ccc(cc2)Oc2c(cc(cc2C(C)(C)C)c2ccc(cc2)*)C(C)(C)C)cc1,tg,354.5,372.0398432014369
*N1C(=O)c2c(C1=O)cc(cc2)S(=O)(=O)c1cc2c(C(=O)N(C2=O)c2ccc(cc2)Oc2c3c(ccc2)c(ccc3)Oc2ccc(cc2)*)cc1,tg,306.0,270.7009319304798
*N1C(=O)c2c(C1=O)cc(cc2)S(=O)(=O)c1cc2c(C(=O)N(C2=O)c2ccc(cc2)Oc2cc3c(cc2Oc2ccc(cc2)*)cccc3)cc1,tg,275.0,271.39545589374393
*N1C(=O)c2c(C1=O)cc(cc2)S(=O)(=O)c1cc2c(C(=O)N(C2=O)c2ccc(cc2)Oc2ccc(cc2)*)cc1,tg,283.5,297.71535583095505
*N1C(=O)c2c(C1=O)cc(cc2)Sc1cc2c(C(=O)N(C2=O)c2c(cc(c(c2C)*)C)C)cc1,tg,378.0,360.6481973259296
*N1C(=O)c2c(C1=O)cc(cc2)Sc1cc2c(C(=O)N(C2=O)c2c(cc(cc2)Cc2cc(c(cc2)*)C(C)(C)C)C(C)(C)C)cc1,tg,300.5,295.21479023902407
*N1C(=O)c2c(C1=O)cc(cc2)Sc1cc2c(C(=O)N(C2=O)c2ccc(cc2)Oc2ccc(cc2)*)cc1,tg,258.0,231.73793624103973
*N1C(=O)c2c(C1=O)cc(cc2)Sc1ccc(cc1)Sc1ccc(cc1)Sc1cc2c(C(=O)N(C2=O)c2ccc(cc2)Sc2ccc(cc2)Sc2ccc(cc2)Sc2ccc(cc2)*)cc1,tg,176.45,237.67682248592968
*N1C(=O)c2c(C1=O)cc(cc2)Sc1ccc(cc1)Sc1ccc(cc1)Sc1cc2c(C(=O)N(C2=O)c2ccc(cc2)Sc2sc(cc2)Sc2ccc(cc2)*)cc1,tg,185.5,183.25042678090747
*N1C(=O)c2c(C1=O)cc(cc2)Sc1ccc(cc1)Sc1ccc(cc1)Sc1cc2c(C(=O)N(C2=O)c2ccc(cc2)Sc2sc(cc2)Sc2sc(cc2)Sc2sc(cc2)Sc2ccc(cc2)*)cc1,tg,177.0,194.0579325449611
*N1C(=O)c2c(C1=O)cc(cc2)[Si](O[Si](c1cc2c(C(=O)N(C2=O)c2cc(ccc2)Cc2cc(ccc2)*)cc1)(C)C)(C)C,tg,217.0,193.188276294099
*N1C(=O)c2c(C1=O)cc(cc2)[Si](c1cc2c(C(=O)N(C2=O)c2ccc(cc2)Cc2ccc(cc2)*)cc1)(C)C,tg,280.0,271.54660732511314
*N1C(=O)c2c(C1=O)cc(cc2)[Si](c1cc2c(C(=O)N(C2=O)c2ccc(cc2)Oc2ccc(cc2)S(=O)(=O)c2ccc(cc2)Oc2ccc(cc2)*)cc1)(C)C,tg,238.0,242.89840462422887
*N1C(=O)c2c(C1=O)cc(cc2)[Si](c1ccc(cc1)[Si](c1cc2c(C(=O)N(C2=O)c2cc(ccc2)Cc2cc(ccc2)*)cc1)(C)C)(C)C,tg,246.0,265.9956970793454
*N1C(=O)c2c(C1=O)cc(cc2)[Si](c1ccc(cc1)c1ccc(cc1)[Si](c1cc2c(C(=O)N(C2=O)c2cc(ccc2)Cc2cc(ccc2)*)cc1)(C)C)(C)C,tg,285.0,259.7405850252392
*N1C(=O)c2c(C1=O)cc(cc2)c1cc2c(C(=O)N(C2=O)C2C(CC(CC2)CC2CC(C(CC2)*)C)C)cc1,tg,260.0,252.74174668073437
*N1C(=O)c2c(C1=O)cc(cc2)c1cc2c(C(=O)N(C2=O)C2CC(CC(C2)(C*)C)(C)C)cc1,tg,311.0,285.6909051344449
*N1C(=O)c2c(C1=O)cc(cc2)c1cc2c(C(=O)N(C2=O)C2CCC(CC2)CC2CCC(CC2)*)cc1,tg,242.0,280.5069089401922
*N1C(=O)c2c(C1=O)cc(cc2)c1cc2c(C(=O)N(C2=O)CC2CC(CCC2)C*)cc1,tg,234.0,215.77650447396627
*N1C(=O)c2c(C1=O)cc(cc2)c1cc2c(C(=O)N(C2=O)CCCCCCOC(=O)CCCCCCCCCCN2C(=O)c3c(C2=O)cc(cc3)c2ccc(cc2)c2cc3c(C(=O)N(C3=O)CCCCCCCCCCC(=O)OCCCCCC*)cc2)cc1,tg,45.0,35.40604918072666
*N1C(=O)c2c(C1=O)cc(cc2)c1cc2c(C(=O)N(C2=O)CCCCCCOC(=O)OCCCCCC*)cc1,tg,71.0,58.248229414343456
*N1C(=O)c2c(C1=O)cc(cc2)c1cc2c(C(=O)N(C2=O)CCCCCCOC(=O)c2cc(cc(c2)OCCCCCCOc2ccc(cc2)N=Nc2ccc(cc2)C#N)C(=O)OCCCCCC*)cc1,tg,93.0,60.15843108290803
*N1C(=O)c2c(C1=O)cc(cc2)c1cc2c(C(=O)N(C2=O)CCCCCOC(=O)CCCCCCCCCCN2C(=O)c3c(C2=O)cc(cc3)c2ccc(cc2)c2cc3c(C(=O)N(C3=O)CCCCCCCCCCC(=O)OCCCCC*)cc2)cc1,tg,41.0,38.809702357998724
*N1C(=O)c2c(C1=O)cc(cc2)c1cc2c(C(=O)N(C2=O)CCC[Si](O[Si](CCC*)(C)C)(C)C)cc1,tg,75.0,72.6394070104511
*N1C(=O)c2c(C1=O)cc(cc2)c1cc2c(C(=O)N(C2=O)Cc2oc(cc2)C(c2oc(cc2)C*)(C)C)cc1,tg,129.0,162.1638497945535
*N1C(=O)c2c(C1=O)cc(cc2)c1cc2c(C(=O)N(C2=O)c2c(cc(c(c2C)*)C)C)cc1,tg,385.0,393.1375505625311
*N1C(=O)c2c(C1=O)cc(cc2)c1cc2c(C(=O)N(C2=O)c2c(cc(cc2)Cc2cc(c(cc2)*)C(C)(C)C)C(C)(C)C)cc1,tg,324.0,318.75740046736735
*N1C(=O)c2c(C1=O)cc(cc2)c1cc2c(C(=O)N(C2=O)c2c(cc(cc2)c2cc(c(cc2)*)C)C)cc1,tg,300.67,357.840268654604
*N1C(=O)c2c(C1=O)cc(cc2)c1cc2c(C(=O)N(C2=O)c2c(cc(cc2C)C(c2cc(c(c(c2)C)*)C)c2c3c(ccc2)cccc3)C)cc1,tg,311.67,340.48500444963327
*N1C(=O)c2c(C1=O)cc(cc2)c1cc2c(C(=O)N(C2=O)c2c(cc(cc2C)C(c2cc(c(c(c2)C)*)C)c2cc(ccc2)C(F)(F)F)C)cc1,tg,312.9,304.02720899289176
*N1C(=O)c2c(C1=O)cc(cc2)c1cc2c(C(=O)N(C2=O)c2c(cc(cc2C)c2cc(c(c(c2)C)*)C)C)cc1,tg,285.0,317.15783605342773
*N1C(=O)c2c(C1=O)cc(cc2)c1cc2c(C(=O)N(C2=O)c2c(ccc(c2)*)C)cc1,tg,341.33,340.1923244108851
*N1C(=O)c2c(C1=O)cc(cc2)c1cc2c(C(=O)N(C2=O)c2cc(c(c(c2)Br)Oc2c(cc(cc2Br)*)Br)Br)cc1,tg,287.0,326.92075665926984
*N1C(=O)c2c(C1=O)cc(cc2)c1cc2c(C(=O)N(C2=O)c2cc(c(c(c2)C(=O)OCCCC)c2c(cc(cc2Br)*)C(=O)OCCCC)Br)cc1,tg,196.0,162.93539292915398
*N1C(=O)c2c(C1=O)cc(cc2)c1cc2c(C(=O)N(C2=O)c2cc(c(c(c2)C(=O)OCCCCCCCC)c2c(cc(cc2Br)*)C(=O)OCCCCCCCC)Br)cc1,tg,135.5,106.0097357955864
*N1C(=O)c2c(C1=O)cc(cc2)c1cc2c(C(=O)N(C2=O)c2cc(c(c(c2)C(=O)OCCCCCCCCCC)c2c(cc(cc2Br)*)C(=O)OCCCCCCCCCC)Br)cc1,tg,116.0,112.76318723153648
*N1C(=O)c2c(C1=O)cc(cc2)c1cc2c(C(=O)N(C2=O)c2cc(c(c(c2)C(=O)OCCCCCCCCCCCCCCCC)c2c(cc(cc2Br)*)C(=O)OCCCCCCCCCCCCCCCC)Br)cc1,tg,92.0,97.56870130357392
*N1C(=O)c2c(C1=O)cc(cc2)c1cc2c(C(=O)N(C2=O)c2cc(c(c(c2)C(=O)OCCCCCCCCCCCCCCCCCC)c2c(cc(cc2Br)*)C(=O)OCCCCCCCCCCCCCCCCCC)Br)cc1,tg,83.5,102.85792123810658
*N1C(=O)c2c(C1=O)cc(cc2)c1cc2c(C(=O)N(C2=O)c2cc(c(c(c2)C)c2c(cc(cc2C)*)C)C)cc1,tg,280.0,322.8864903471356
*N1C(=O)c2c(C1=O)cc(cc2)c1cc2c(C(=O)N(C2=O)c2cc(c(cc2)Oc2c(cc(cc2)*)Br)Br)cc1,tg,275.0,297.4942566192152
*N1C(=O)c2c(C1=O)cc(cc2)c1cc2c(C(=O)N(C2=O)c2cc(c(cc2)Oc2c(cc(cc2C(C)(C)C)c2ccc(cc2)*)C(C)(C)C)C(F)(F)F)cc1,tg,389.0,361.81168557911894
*N1C(=O)c2c(C1=O)cc(cc2)c1cc2c(C(=O)N(C2=O)c2cc(cc(c2)C(=O)NCCCCCC)*)cc1,tg,256.9,248.559975456919
*N1C(=O)c2c(C1=O)cc(cc2)c1cc2c(C(=O)N(C2=O)c2cc(cc(c2)C(=O)NCCCCCCCC)*)cc1,tg,245.5,248.99082361947967
*N1C(=O)c2c(C1=O)cc(cc2)c1cc2c(C(=O)N(C2=O)c2cc(cc(c2)C(=O)NCCCCCCCCCC)*)cc1,tg,245.1,245.81900674950913
*N1C(=O)c2c(C1=O)cc(cc2)c1cc2c(C(=O)N(C2=O)c2cc(cc(c2)C(=O)NCCCCCCCCCCCC)*)cc1,tg,243.1,244.15047219230334
*N1C(=O)c2c(C1=O)cc(cc2)c1cc2c(C(=O)N(C2=O)c2cc(cc(c2)C(=O)NCCCCCCCCCCCCCC)*)cc1,tg,247.6,238.97495216020909
*N1C(=O)c2c(C1=O)cc(cc2)c1cc2c(C(=O)N(C2=O)c2cc(cc(c2)C(F)(F)F)Oc2c(cc(cc2C)c2cc(c(c(c2)C)Oc2cc(cc(c2)C(F)(F)F)*)C)C)cc1,tg,281.1,316.83034733772797
*N1C(=O)c2c(C1=O)cc(cc2)c1cc2c(C(=O)N(C2=O)c2cc(ccc2)*)cc1,tg,327.88,338.1258245818747
*N1C(=O)c2c(C1=O)cc(cc2)c1cc2c(C(=O)N(C2=O)c2cc(ccc2)C(=O)Nc2ccc(cc2)Oc2ccc(cc2)C(c2ccc(cc2)Oc2ccc(cc2)NC(=O)c2cc(ccc2)*)(C)C)cc1,tg,257.0,244.66444010213326
*N1C(=O)c2c(C1=O)cc(cc2)c1cc2c(C(=O)N(C2=O)c2cc(ccc2)C(=O)Nc2ccc(cc2)Oc2ccc(cc2)NC(=O)c2cc(ccc2)*)cc1,tg,253.0,265.38231088650974
*N1C(=O)c2c(C1=O)cc(cc2)c1cc2c(C(=O)N(C2=O)c2cc(ccc2)C(=O)Nc2ccc(cc2)Oc2ccc(cc2)Oc2ccc(cc2)NC(=O)c2cc(ccc2)*)cc1,tg,244.0,259.71721065062036
*N1C(=O)c2c(C1=O)cc(cc2)c1cc2c(C(=O)N(C2=O)c2cc(ccc2)C(=O)Nc2ccc(cc2)Oc2ccc(cc2)Oc2ccc(cc2)Oc2ccc(cc2)NC(=O)c2cc(ccc2)*)cc1,tg,244.0,254.4459331287826
*N1C(=O)c2c(C1=O)cc(cc2)c1cc2c(C(=O)N(C2=O)c2cc(ccc2)C(c2cc(ccc2)*)(C(F)(F)F)C(F)(F)F)cc1,tg,267.0,287.39860789310404
*N1C(=O)c2c(C1=O)cc(cc2)c1cc2c(C(=O)N(C2=O)c2cc(ccc2)OCCCCCCCCCCOc2cc(ccc2)*)cc1,tg,125.0,130.03525369485752
*N1C(=O)c2c(C1=O)cc(cc2)c1cc2c(C(=O)N(C2=O)c2cc(ccc2)OCCCCCCCCCOc2cc(ccc2)*)cc1,tg,132.0,133.06059678568604
*N1C(=O)c2c(C1=O)cc(cc2)c1cc2c(C(=O)N(C2=O)c2cc(ccc2)OCCCCCCCCOc2cc(ccc2)*)cc1,tg,138.0,133.72856389868952
*N1C(=O)c2c(C1=O)cc(cc2)c1cc2c(C(=O)N(C2=O)c2cc(ccc2)OCCCCCCOc2cc(ccc2)*)cc1,tg,153.0,139.98810224431924
*N1C(=O)c2c(C1=O)cc(cc2)c1cc2c(C(=O)N(C2=O)c2cc(ccc2)OCCCOc2cc(ccc2)*)cc1,tg,184.0,183.0504887427338
*N1C(=O)c2c(C1=O)cc(cc2)c1cc2c(C(=O)N(C2=O)c2cc(ccc2)Oc2c(ccc(c2)Oc2cc(ccc2)*)P(=O)(c2ccccc2)c2ccccc2)cc1,tg,234.0,230.91732958202022
*N1C(=O)c2c(C1=O)cc(cc2)c1cc2c(C(=O)N(C2=O)c2cc(ccc2)Oc2cc(ccc2)Oc2cc(ccc2)*)cc1,tg,208.0,224.64050274836208
*N1C(=O)c2c(C1=O)cc(cc2)c1cc2c(C(=O)N(C2=O)c2cc(ccc2)Oc2ccc(cc2)*)cc1,tg,255.5,251.86286654447875
*N1C(=O)c2c(C1=O)cc(cc2)c1cc2c(C(=O)N(C2=O)c2ccc(cc2)*)cc1,tg,372.08,316.9002686461138
*N1C(=O)c2c(C1=O)cc(cc2)c1cc2c(C(=O)N(C2=O)c2ccc(cc2)C(=O)Nc2cc(ccc2)Oc2ccc(cc2)S(=O)(=O)c2ccc(cc2)Oc2cc(ccc2)NC(=O)c2ccc(cc2)*)cc1,tg,262.0,232.23074522125674
*N1C(=O)c2c(C1=O)cc(cc2)c1cc2c(C(=O)N(C2=O)c2ccc(cc2)C(=O)Nc2cc(ccc2)S(=O)(=O)c2cc(ccc2)NC(=O)c2ccc(cc2)*)cc1,tg,256.0,274.5213209594593
*N1C(=O)c2c(C1=O)cc(cc2)c1cc2c(C(=O)N(C2=O)c2ccc(cc2)C(c2ccc(cc2)*)(C(F)(F)F)C(F)(F)F)cc1,tg,333.67,329.38689461963105
*N1C(=O)c2c(C1=O)cc(cc2)c1cc2c(C(=O)N(C2=O)c2ccc(cc2)Cc2ccc(cc2)*)cc1,tg,298.0,297.83137788078403
*N1C(=O)c2c(C1=O)cc(cc2)c1cc2c(C(=O)N(C2=O)c2ccc(cc2)N2C(=O)c3c(C2=O)cc(cc3)C(c2cc3c(C(=O)N(C3=O)c3ccc(cc3)*)cc2)(C(F)(F)F)C(F)(F)F)cc1,tg,342.0,335.4909148590225
*N1C(=O)c2c(C1=O)cc(cc2)c1cc2c(C(=O)N(C2=O)c2ccc(cc2)OCCCCCCCCCCOc2ccc(cc2)*)cc1,tg,153.0,130.64667554161295
*N1C(=O)c2c(C1=O)cc(cc2)c1cc2c(C(=O)N(C2=O)c2ccc(cc2)Oc2c(c(ccc2)Oc2ccc(cc2)*)C#N)cc1,tg,271.0,248.4306576368576
*N1C(=O)c2c(C1=O)cc(cc2)c1cc2c(C(=O)N(C2=O)c2ccc(cc2)Oc2c(cc(cc2)C(C)(C)C)Oc2ccc(cc2)*)cc1,tg,257.0,287.14655138716233
*N1C(=O)c2c(C1=O)cc(cc2)c1cc2c(C(=O)N(C2=O)c2ccc(cc2)Oc2c(cc(cc2)Oc2ccc(cc2)*)C(C)(C)C)cc1,tg,274.0,279.9427722454825
*N1C(=O)c2c(C1=O)cc(cc2)c1cc2c(C(=O)N(C2=O)c2ccc(cc2)Oc2c(cc(cc2)Oc2ccc(cc2)*)C)cc1,tg,265.0,263.4394355521896
*N1C(=O)c2c(C1=O)cc(cc2)c1cc2c(C(=O)N(C2=O)c2ccc(cc2)Oc2c(cc(cc2)Oc2ccc(cc2)*)c2ccccc2)cc1,tg,247.0,287.25703785434314
*N1C(=O)c2c(C1=O)cc(cc2)c1cc2c(C(=O)N(C2=O)c2ccc(cc2)Oc2c(cc(cc2C(C)(C)C)c2ccc(cc2)*)C(C)(C)C)cc1,tg,381.5,353.04468748885745
*N1C(=O)c2c(C1=O)cc(cc2)c1cc2c(C(=O)N(C2=O)c2ccc(cc2)Oc2c(cc(cc2C)C(c2cc(c(c(c2)C)Oc2ccc(cc2)*)C)c2c3c(ccc2)cccc3)C)cc1,tg,289.5,276.2617167049403
*N1C(=O)c2c(C1=O)cc(cc2)c1cc2c(C(=O)N(C2=O)c2ccc(cc2)Oc2c3c(ccc2)c(ccc3)Oc2ccc(cc2)*)cc1,tg,305.0,278.46276796241534
*N1C(=O)c2c(C1=O)cc(cc2)c1cc2c(C(=O)N(C2=O)c2ccc(cc2)Oc2cc(ccc2)Oc2ccc(cc2)*)cc1,tg,220.0,228.5204213211488
*N1C(=O)c2c(C1=O)cc(cc2)c1cc2c(C(=O)N(C2=O)c2ccc(cc2)Oc2ccc(cc2)C(=O)c2ccc(cc2)C(=O)c2ccc(cc2)Oc2ccc(cc2)*)cc1,tg,245.0,241.0965387618758
*N1C(=O)c2c(C1=O)cc(cc2)c1cc2c(C(=O)N(C2=O)c2ccc(cc2)Oc2ccc(cc2)C(=O)c2ccc(cc2)Oc2ccc(cc2)*)cc1,tg,253.0,244.888399394967
*N1C(=O)c2c(C1=O)cc(cc2)c1cc2c(C(=O)N(C2=O)c2ccc(cc2)Oc2ccc(cc2)C(c2ccc(cc2)Oc2ccc(cc2)*)(C)C)cc1,tg,230.0,253.66464767637075
*N1C(=O)c2c(C1=O)cc(cc2)c1cc2c(C(=O)N(C2=O)c2ccc(cc2)Oc2ccc(cc2)Oc2ccc(cc2)*)cc1,tg,264.88,273.0619019061333
*N1C(=O)c2c(C1=O)cc(cc2)c1cc2c(C(=O)N(C2=O)c2ccc(cc2)Oc2ccc(cc2)Oc2ccc(cc2)Oc2ccc(cc2)*)cc1,tg,228.51,253.7775461536995
*N1C(=O)c2c(C1=O)cc(cc2)c1cc2c(C(=O)N(C2=O)c2ccc(cc2)S(=O)(=O)c2ccc(cc2)*)cc1,tg,350.0,316.4385640477712
*N1C(=O)c2c(C1=O)cc(cc2)c1cc2c(C(=O)N(C2=O)c2ccc(cc2)Sc2ccc(cc2)Sc2ccc(cc2)Sc2ccc(cc2)*)cc1,tg,227.1,263.93789947616347
*N1C(=O)c2c(C1=O)cc(cc2)c1cc2c(C(=O)N(C2=O)c2ccc(cc2)c2ccc(cc2)NC(=O)c2cc(ccc2)C(=O)Nc2ccc(cc2)c2ccc(cc2)*)cc1,tg,230.0,271.2063946208392
*N1C(=O)c2c(C1=O)cc(cc2)c1ccc(cc1)C(=O)c1cc2c(C(=O)N(C2=O)C(=C(*)C#N)C#N)cc1,tg,249.0,265.3852319891564
*N1C(=O)c2c(C1=O)cc(cc2)c1ccc(cc1)c1cc2c(C(=O)N(C2=O)CCCCCC*)cc1,tg,141.0,134.83528213495993
*N1C(=O)c2c(C1=O)cc(cc2)c1ccc(cc1)c1cc2c(C(=O)N(C2=O)CCCCCCC*)cc1,tg,135.0,120.74229613517504
*N1C(=O)c2c(C1=O)cc(cc2)c1ccc(cc1)c1cc2c(C(=O)N(C2=O)CCCCCCCCC*)cc1,tg,104.0,112.67412340955265
*N1C(=O)c2c(C1=O)cc(cc2)c1ccc(cc1)c1cc2c(C(=O)N(C2=O)CCCCCCCCCCC*)cc1,tg,89.0,110.2441983306102
*N1C(=O)c2c(C1=O)cc(cc2)c1ccc(cc1)c1cc2c(C(=O)N(C2=O)CCCCCCOC(=O)OCCCCCC*)cc1,tg,74.0,80.12058548318353
*N1C(=O)c2c(C1=O)cc(cc2)c1ccc(cc1)c1cc2c(C(=O)N(C2=O)CCCCCCOC(=O)c2cc(cc(c2)OCCCCCCOc2ccc(cc2)N=Nc2ccc(cc2)C#N)C(=O)OCCCCCC*)cc1,tg,67.0,87.04529914098411
*N1C(=O)c2c(C1=O)cc(cc2)c1ccc(cc1)c1ccc(cc1)c1ccc(cc1)c1ccc(cc1)c1cc2c(C(=O)N(C2=O)c2ccc(cc2)Cc2ccc(cc2)*)cc1,tg,244.0,296.9819360959553
*N1C(=O)c2cc3C(c4c(Oc3cc2C1=O)cc1C(=O)N(C(=O)c1c4)c1ccc(cc1)C(c1ccc(cc1)*)(C(F)(F)F)C(F)(F)F)(C(F)(F)F)C(F)(F)F,tg,430.0,326.4359966731879
*N1C(=O)c2ccc(N3C(=O)C4CCC(C5CCC6C(=O)N(*)C(=O)C6C5)CC4C3=O)cc2C1=O,egc,4.0715,4.0178087531492
*N1C(=S)N(C(=O)CC1=O)c1ccc(cc1)Oc1cc(ccc1)Oc1ccc(cc1)*,tg,128.0,128.2446605609928
*N1C(=S)N(C(=O)CC1=O)c1ccc(cc1)Oc1cc2c(cc1)ccc(c2)Oc1ccc(cc1)*,tg,151.5,170.6414721041451
*N1C(=S)N(C(=O)CC1=O)c1ccc(cc1)Oc1ccc(cc1)C(c1ccc(cc1)Oc1ccc(cc1)*)(C)C,tg,132.0,140.2188070955851
*N1C(=S)N(C(=O)CC1=O)c1ccc(cc1)Oc1ccc(cc1)C1(c2ccccc2c2ccccc12)c1ccc(cc1)Oc1ccc(cc1)*,tg,175.0,227.5223230670637
*N1C(=S)N(C(=O)CC1=O)c1ccc(cc1)Oc1ccc(cc1)c1ccc(cc1)Oc1ccc(cc1)*,tg,158.5,176.09943165514312
*N1C(CN(C(C1)C)C(=O)CCCCCCCCC(=O)*)C,tg,-60.5,82.41192094528539
*N1C(CN(C(C1)C)C(=O)Nc1ccc(cc1)c1ccc(cc1)NC(=O)*)C,tg,250.0,178.78055355447032
*N1C(CN(C(C1)C)C(=O)OCC(CS(=O)(=O)CC(COC(=O)*)(C)C)(C)C)C,tg,85.0,56.86685276487156
*N1CC(CCCC1)NC(=O)CCCCCCCCC(=O)*,tg,-46.5,53.53463477805832
*N1CC(O)=C(C2C(=O)C3=C(C2=O)C(C)(F)N3*)C1=O,egc,3.4532,4.246443225284932
*N1CCC(CC1)OC(=O)c1ccc(cc1)C(=C(*)c1ccc(cc1)OC)C#N,tg,183.0,163.86108806037674
*N1CCN(CC1)C(=O)CCC1(c2ccccc2c2ccccc12)CCC(=O)*,tg,145.0,175.5856181995007
*N1CCN(CC1)C(=O)CCCCCCCCC(=O)*,tg,70.4,12.505346406427318
*N1CCN(CC1)C(=O)OC1CC2CC(CC(C1)O2)OC(=O)*,tg,113.0,176.80566206416947
*N1CCN(CC1)C(=O)OCC(COC(=O)*)(C)C,tg,70.0,35.95914898172254
*N1CCN(CC1)C(=O)OCCOC(=O)*,tg,60.0,73.48989413248931
*N1CCN(CC1)C(=O)c1cc(ccc1)C(=O)*,tg,214.5,147.63600662464373
*N1CCN(CC1)C(=O)c1ccc(cc1)C(c1ccc(cc1)C(=O)*)(CC)C,tg,225.5,179.5646315029315
*N1CCOC1(*)CC,tg,55.0,56.15179590978718
*N=C(N=C(NC(C)=O)NC(C)=O)N=C(*)OC(C)=O,egc,3.7327,4.5085909939091815
*N=C1C=CC(*)C=C1C,egc,3.8461,3.579468867483909
*N=C1C=CC(*)C=C1Cl,egc,4.0784,3.4994023063436073
*N=C1c2ccccc2C(=Nc2ccc(*)cc2)c2ccccc21,egc,1.6985,2.968919411581061
*N=Cc1ccc(-c2ccc(C=Nc3ccc4c(c3)c3cc(*)ccc3n4CCCC)s2)s1,egc,2.8673,2.1779656523811184
*N=Cc1ccc(C=Nc2sc(*)c(C#N)c2C#N)cc1,egc,1.5066,2.570527087518234
*N=NNc1ccc(NN=Nc2ccc(*)cc2)cc1,egc,1.9731,3.1267069017566667
*N=Nc1ccc(*)cc1,egc,1.7643,3.139082405235927
*N=Nc1ccc(-c2ccc(*)c(C)c2)cc1C,egc,2.1369,3.523212117912472
*N=Nc1ccc(cc1)C(=O)NCCCCNC(=O)c1ccc(cc1)*,tg,215.0,167.4543026588841
*N=Nc1ccc(cc1)NC(=O)CCC(=O)Nc1ccc(cc1)*,tg,220.0,196.74351112248397
*N=Nc1ccc(cc1)Nc1ccc(cc1)C(=O)c1ccc(cc1)C(=O)c1ccc(cc1)Nc1ccc(cc1)*,tg,203.0,207.6657511453828
*N=Nc1ccc(cc1)Nc1ccc(cc1)C(=O)c1ccc(cc1)Nc1ccc(cc1)*,tg,216.42,208.35122301921535
*N=P(*)(Cl)Cl,egc,3.9556,4.326644134750355
*N=P(*)(NCC)NCC,tg,30.0,-1.8492496585761438
*N=P(*)(OCC(C(F)(F)F)(F)F)OCC(C(F)(F)F)(F)F,tg,-65.0,-41.44786360996972
*N=P(*)(OCC(F)(F)F)OCC(F)(F)F,tg,-66.57,-37.642867372425556
*N=P(*)(OCC=Cc1ccccc1)OCC=Cc1ccccc1,tg,1.0,60.10422817164313
*N=P(*)(OCCC(=O)C=C)OCCC(=O)C=C,egc,3.9384,4.288339574801126
*N=P(*)(OCCC)OCCC,tg,-100.0,-88.22759975779653
*N=P(*)(OCCCCC)OCCC,tg,-100.0,-90.3999216736178
*N=P(*)(OCCCCC)OCCCCC,tg,-104.0,-90.01453557592885
*N=P(*)(OCCCCCCC)OCCCCCCC,tg,-94.0,-82.89177118977383
*N=P(*)(OCCCCCCCCC)OCCCCCCCCC,tg,-56.0,-100.0024338048395
*N=P(*)(OCCOC)OCCOC,tg,-75.0,-82.94619480424944
*N=P(*)(OCCOCCOCC)OCCOCCOCC,tg,-78.0,-103.05687591816249
*N=P(*)(OCCOCCOCCCC)OCCOCCOCCCC,tg,-84.0,-93.56010008242137
*N=P(*)(OCCc1ccccc1)OCCc1ccccc1,tg,-32.7,-17.896973616892748
*N=P(*)(OCc1ccc(cc1)Br)OCc1ccc(cc1)Br,tg,-0.8,0.9706795097818495
*N=P(*)(OCc1ccc(cc1)c1ccccc1)OCc1ccc(cc1)c1ccccc1,tg,52.0,29.289129254533723
*N=P(*)(Oc1c(cc(cc1)Cl)Cl)Oc1c(cc(cc1)Cl)Cl,tg,2.0,49.32602778621473
*N=P(*)(Oc1cc(ccc1)C(F)(F)F)Oc1cc(ccc1)C(F)(F)F,tg,-35.0,19.97032977362919
*N=P(*)(Oc1cc(ccc1)C)Oc1cc(ccc1)C,tg,-25.0,-8.262962549463424
*N=P(*)(Oc1cc2c(cc1)cccc2)Oc1cc2c(cc1)cccc2,tg,47.0,63.749441067408384
*N=P(*)(Oc1ccc(cc1)C(C)C)Oc1ccc(cc1)C(C)C,tg,0.0,21.04758671490692
*N=P(*)(Oc1ccc(cc1)C)Oc1ccc(cc1)C,tg,0.3,-12.691035101184829
*N=P(*)(Oc1ccc(cc1)F)Oc1ccc(cc1)F,tg,-10.0,8.647364192066554
*N=c1c(=Nc2ccc(*)cc2)c2cccc3cccc1c32,egc,2.1929,2.521331476689432
*NC(=C(NC(=O)c1ccc(cc1)C(=O)*)C#N)C#N,tg,232.0,217.8726741312
*NC(=O)C(=CC(=O)NCCCCCCCCCC*)C,tg,74.0,87.72962354739437
*NC(=O)C(=CC(=O)NCc1cc(ccc1)C*)C,tg,135.0,122.04424887781958
*NC(=O)C(=O)NCC(CCC*)(C)C,tg,109.0,136.57848685727922
*NC(=O)C(=O)NCCCC*,tg,120.0,204.93254331278013
*NC(=O)C(=O)NCCCCCC*,tg,250.0,96.30606649805608
*NC(=O)C(=S)C(*)=O,egb,1.4363,1.6893745787069554
*NC(=O)C(=S)C(*)=O,ei,6.114,6.99660048907791
*NC(=O)C(=S)C(*)=O,nc,2.263,2.236685404662449
*NC(=O)C(=S)C(C=C1)=CC=C1*,egc,2.9128,2.551742089543418
*NC(=O)C(=S)O*,eea,4.3681,4.035490949104644
*NC(=O)C(=S)O*,egb,2.095,2.1298409671123757
*NC(=O)C(=S)O*,eps,6.14,6.129965475911216
*NC(=O)C(=S)O*,nc,2.1173,2.1225988106187366
*NC(=O)C(=S)c1ccc(*)cc1,eea,3.6154,3.8927435773116095
*NC(=O)C(=S)c1ccc(*)cc1,egb,1.5619,2.071041482257758
*NC(=O)C(=S)c1ccc(*)cc1,ei,6.5245,6.332292283038258
*NC(=O)C(=S)c1ccc(*)cc1,eps,5.85,6.03719812383331
*NC(=O)C(=S)c1ccc(*)cc1,nc,2.1735,2.2728328982785784
*NC(=O)C(=S)c1ccc(*)s1,eea,3.9034,4.117462767726729
*NC(=O)C(=S)c1ccc(*)s1,egb,0.9512,1.4300423982829602
*NC(=O)C(=S)c1ccc(*)s1,ei,6.6147,6.290113986087638
*NC(=O)C(=S)c1ccc(*)s1,eps,8.51,6.340149083602373
*NC(=O)C(C(C(=O)NCCC*)OC)OC,tg,123.0,98.08836497617386
*NC(=O)C(C(C(=O)NCCCCC*)OC)OC,tg,113.0,103.98111127391967
*NC(=O)C(C(C(=O)NCCCCCC*)OC)OC,tg,106.0,102.61151873189785
*NC(=O)C(C(C(=O)NCCCCCCC*)OC)OC,tg,87.0,104.96049113208682
*NC(=O)C(C(C(=O)NCCCCCCCCC*)OC)OC,tg,84.0,93.52654298756221
*NC(=O)C(C(C(=O)NCCCCCCCCCCCC*)OC)OC,tg,84.0,93.72499719402225
*NC(=O)C(C=C1)=CC=C1C(C=C2)=CC=C2*,egc,3.3965,3.890051403830813
*NC(=O)C(C=C1)=CC=C1C(S2)=CC=C2*,egc,4.012,2.868291171182606
*NC(=O)C(C=C1)=CC=C1O*,egc,4.6617,4.798420288526275
*NC(=O)C(CC(C(=O)NCCCCCC*)CC)CC,tg,94.0,92.46017475743889
*NC(=O)C(CC(CC(=O)NCc1ccc(cc1)C*)(C)C)C,tg,125.0,103.79177288803604
*NC(=O)C(S1)=CC=C1C(C=C2)=CC=C2*,egc,2.9223,2.9506545187870414
*NC(=O)C=CC(=O)Nc1nc(*)nc(N)n1,egc,3.896,3.429106638277415
*NC(=O)CC(=O)NCCCCC*,tg,65.0,74.5158980401764
*NC(=O)CC(=O)NCCCCCCCC*,tg,55.0,64.19406663350091
*NC(=O)CC(c1ccc(cc1)C(CC(=O)NCCCCCC*)(C)C)(C)C,tg,91.0,108.47632124738028
*NC(=O)CC(c1ccc(cc1)C(CC(=O)NCCCCCC*)C)C,tg,88.0,71.78364542043202
*NC(=O)CC(c1ccc(cc1)CCC(=O)NCCCCCC*)C,tg,77.0,71.71598293534515
*NC(=O)CC*,tg,127.0,78.21788738397952
*NC(=O)CCC(c1ccc(cc1)C(CCC(=O)NCCCCCC*)(C)C)(C)C,tg,92.0,97.98624677306503
*NC(=O)CCC*,tg,62.18,88.92208273687135
*NC(=O)CCC1(c2ccccc2c2ccccc12)CCC(=O)NCCCC1(c2ccccc2c2ccccc12)CCC*,tg,165.0,144.62447535154436
*NC(=O)CCC1(c2ccccc2c2ccccc12)CCC(=O)NCCCCCC*,tg,122.0,114.73988380480677
*NC(=O)CCCC(=O)NCc1c(c(c(c(c1C)C)C*)C)C,tg,192.0,117.5780294848557
*NC(=O)CCCCC(=O)NCC(CC(CC*)(C)C)C,tg,65.0,65.17410657980858
*NC(=O)CCCCC(=O)NCC(CCC*)(C)C,tg,77.0,68.21086471686279
*NC(=O)CCCCC(=O)NCC*,tg,71.0,74.8092117532312
*NC(=O)CCCCC(=O)NCC1CCC(CC1)C*,tg,113.0,99.92242792615333
*NC(=O)CCCCC(=O)NCCCCCC*,tg,55.55,50.197565769179825
*NC(=O)CCCCC(=O)NCCCCCCCCC*,tg,60.33,48.28705200916428
*NC(=O)CCCCC(=O)NCCCCCCCCCC*,tg,45.0,50.98129510769281
*NC(=O)CCCCC(=O)NCCCP(=O)(CCC*)C,tg,33.0,52.264452725825436
*NC(=O)CCCCC(=O)NCCCP(=O)(CCC*)c1ccccc1,tg,55.0,43.295965034868644
*NC(=O)CCCCC(=O)NCCCP(CCC*)CC(C)C,tg,71.0,37.8323205404989
*NC(=O)CCCCC(=O)NCCCP(CCC*)c1ccccc1,tg,49.0,73.99570265147969
*NC(=O)CCCCC(=O)NCc1cc(cc(c1)C(C)(C)C)C*,tg,109.0,115.02226637830397
*NC(=O)CCCCC(=O)NCc1cc(ccc1)C*,tg,81.05,104.81847675143017
*NC(=O)CCCCC*,tg,48.52,46.812834415915084
*NC(=O)CCCCCC(=O)NCC(CCC*)(C)C,tg,70.5,69.68183902349224
*NC(=O)CCCCCC(=O)NCCCCCC*,tg,54.0,52.340052360242645
*NC(=O)CCCCCC*,tg,51.14,46.618157659095665
*NC(=O)CCCCCCC(=O)NCCCCCC*,tg,52.67,50.75342761884092
*NC(=O)CCCCCCC*,tg,38.45,46.342925277445005
*NC(=O)CCCCCCCC*,tg,44.29,43.125027137587885
*NC(=O)CCCCCCCC1C=CC(C(C1CCCCCCCC(=O)NCCCCCC*)CCCCCCCC)CCCCCC,tg,-10.0,63.81892293657661
*NC(=O)CCCCCCCCC(=O)NCC1CCC(CC1)C*,tg,89.0,93.69038337332285
*NC(=O)CCCCCCCCC(=O)NCCCC1(c2ccccc2c2ccccc12)CCC*,tg,85.0,106.95174070945676
*NC(=O)CCCCCCCCC(=O)NCCCCCCCC*,tg,54.0,49.151323413134435
*NC(=O)CCCCCCCCC(=O)NCCCCCCCCCCC*,tg,40.0,42.53376205182549
*NC(=O)CCCCCCCCC*,tg,43.0,42.54227368954695
*NC(=O)CCCCCCCCCC(=O)NCCc1ccc(cc1)CC*,tg,96.0,83.11848498771255
*NC(=O)CCCCCCCCCC(=O)NCc1ccc(cc1)C*,tg,108.8,90.76405852736073
*NC(=O)CCCCCCCCCCC(=O)NCC1CCC(CC1)C*,tg,85.0,95.5320504183726
*NC(=O)CCCCCCCCCCC(=O)NCCCCCC*,tg,50.61,51.7186288642447
*NC(=O)CCCCCCCCCCC(=O)NCCCCCCCCCCC*,tg,39.0,45.41847463436394
*NC(=O)CCCCCCCCCCC*,tg,42.59,41.55199433833987
*NC(=O)CCCCCCCCCCCC(=O)NCCCCCCCCCCCCC*,tg,56.5,43.6824319389484
*NC(=O)CCCCCCCCCCCC(=O)NCc1ccc(cc1)C*,tg,100.0,94.47842873829828
*NC(=O)CCCCCCCCCCCC*,tg,41.0,33.84419975276876
*NC(=O)CCCCCCCCCCCCC(=O)NCCCCCCCCCCCC*,tg,49.0,46.134365195035286
*NC(=O)CCCCCCCCCCCCC(=O)NCCc1ccc(cc1)CC*,tg,93.0,83.2795592552467
*NC(=O)CCCCCCCCCCCCCC*,tg,-7.0,44.31108120402011
*NC(=O)CCCCCCCCCCCCCCC(=O)NCCCCCC*,tg,40.0,41.542745573298994
*NC(=O)CCCCCCCCCCCCCCC(=O)NCCCCCCCC*,tg,52.0,44.76326431424676
*NC(=O)CCCCCCCCCCCCCCC(=O)NCCCCCCCCCC*,tg,45.0,44.19051419769485
*NC(=O)CCCCCCCCCCCCCCC(=O)NCCCCCCCCCCCC*,tg,46.0,44.07062178771786
*NC(=O)CCCCCCCCCCCCCCCCC(=O)NCCCCCCCC*,tg,36.0,48.01949284334909
*NC(=O)CCCCCCCCCCCCCCCCC(=O)NCCCCCCCCCCCC*,tg,47.0,43.42293135075416
*NC(=O)CCCCCCCCCCCCCCCCC(=O)NCCCCCCCCCCCCCC*,tg,47.0,44.53691233121109
*NC(=O)CCCCCCCCCCCCCCCCC(=O)NCCCCCCCCCCCCCCCCCC*,tg,50.0,36.65599319742979
*NC(=O)CCCCCCCCCCCCCCCCC(=O)NCCc1ccc(cc1)CC*,tg,75.0,83.78466822073553
*NC(=O)CCCCCCCCCCCCCCCCC(=O)NCc1ccc(cc1)C*,tg,75.0,89.38401606201772
*NC(=O)CCCCCCCCCCCCCCCCCCC(=O)NCCCCC*,tg,52.0,44.45988217958863
*NC(=O)CCCCCCCCCCCCCCCCCCC(=O)NCCCCCCC*,tg,46.0,43.48790552563792
*NC(=O)CCCCCCCCCCCCCCCCCCC(=O)NCCCCCCCCC*,tg,42.0,41.81428817913012
*NC(=O)CCP(=O)(CCC(=O)NCCCCCC*)C,tg,57.5,37.535116407991694
*NC(=O)CCP(=O)(CCC(=O)NCCCCCC*)c1ccccc1,tg,29.0,66.56883984911548
*NC(=O)CCP(=O)(CCC(=O)NCCCCCCCC*)C,tg,52.0,43.02441276450843
*NC(=O)CCP(=O)(CCC(=O)NCCCCCCCCCC*)C,tg,45.5,48.07730993893443
*NC(=O)CCP(=O)(CCC(=O)NCCCCCCCCCCCC*)C,tg,44.0,38.35756383439957
*NC(=O)CCc1ccc(cc1)CCC(=O)NCCCCCCCCCCCC*,tg,85.0,70.19894998929624
*NC(=O)CCc1ccc(cc1)CCC(=O)NCCCCCCCCCCCCCCCCCC*,tg,65.0,76.09432302413015
*NC(=O)CNC(=O)CCCCC(=O)NCCCCCC*,tg,53.4,49.992436171595884
*NC(=O)Cc1ccc(cc1)CC(=O)NCCCCCC*,tg,95.0,100.98820366511607
*NC(=O)Cc1ccc(cc1)CC(=O)NCCCCCCCC*,tg,110.0,85.44854345522336
*NC(=O)Cc1ccc(cc1)CC(=O)NCCCCCCCCCCCCCCCCCC*,tg,78.0,86.5257758552663
*NC(=O)NC(*)=O,egb,3.9867,3.8845758234500147
*NC(=O)NC(*)=O,ei,5.9087,6.889082008834242
*NC(=O)NC(*)=S,eea,3.7029,4.114627133508028
*NC(=O)NC(*)=S,ei,7.159,6.732282477556067
*NC(=O)NC(*)=S,eps,7.36,5.38154422680469
*NC(=O)NC(=O)*,egc,3.9005,5.19933429857931
*NC(=O)NC(=O)c1ccc(C(=S)c2ccc(-c3ccc(*)s3)s2)s1,eea,2.9241,3.20464558465823
*NC(=O)NC(=O)c1ccc(C(=S)c2ccc(-c3ccc(*)s3)s2)s1,ei,5.1795,5.604050190267371
*NC(=O)NC(=O)c1ccc(C(=S)c2ccc(-c3ccc(*)s3)s2)s1,eps,6.31,6.174876055898297
*NC(=O)NC(=S)*,egc,3.4559,2.918283430248175
*NC(=O)NC(S1)=CC=C1*,egc,3.228,3.415634057370571
*NC(=O)NCCCCCCC*,tg,62.0,100.15606713676013
*NC(=O)NCCCCCCCCC*,tg,125.0,49.226243869548924
*NC(=O)NCCCCCCCCCCNC(=O)NCCCCCCCCCCCCCC*,tg,40.0,68.61763705816765
*NC(=O)NCCCCCCNC(=O)Nc1cccc(*)n1,egc,4.99,4.907788790206714
*NC(=O)NCc1ccc(cc1)CNC(=O)NCCCCCCCC*,tg,68.0,70.08757010284768
*NC(=O)NCc1ccc(cc1)CNC(=O)NCCCCCCCCCCCCCC*,tg,54.0,66.62755292766433
*NC(=O)NO*,eea,1.9635,1.6915229279146868
*NC(=O)NO*,egb,5.0658,4.581761193145702
*NC(=O)NO*,egc,5.5354,5.372935316674964
*NC(=O)NO*,ei,7.4857,7.330742596191405
*NC(=O)NO*,eps,5.14,4.876042001273056
*NC(=O)NO*,nc,1.8753,1.8290604521033367
*NC(=O)Nc1ccc(*)cc1,egb,3.4515,3.5277702790316146
*NC(=O)Nc1ccc(*)cc1,nc,1.9598,1.9576282880049858
*NC(=O)Nc1ccc(*)s1,egb,3.137,2.98621929586756
*NC(=O)Nc1ccc(*)s1,ei,4.8361,4.985539570068015
*NC(=O)Nc1ccc(*)s1,eps,4.94,4.947405498463559
*NC(=O)Nc1ccc(*)s1,nc,2.0074,2.0283793188139914
*NC(=O)OC(*)=O,ei,8.2121,7.475637713671434
*NC(=O)OC(*)=O,nc,1.7525,1.7316022230869499
*NC(=O)OC(*)=S,eea,3.7701,3.4907922331914043
*NC(=O)OC(*)=S,eps,5.76,5.5311448958370075
*NC(=O)OC(=O)*,egc,5.6538,5.378802893405898
*NC(=O)OC(C=C1)=CC=C1*,egc,4.5955,4.589027234381232
*NC(=O)Oc1ccc(*)cc1,nc,1.8802,1.8615043254952135
*NC(=O)Oc1ccc(*)s1,egb,3.4227,3.7681043548879734
*NC(=O)Oc1ccc(*)s1,ei,5.369,5.954563895470708
*NC(=O)Oc1ccc(*)s1,eps,4.64,4.480564790121142
*NC(=O)Oc1ccc(*)s1,nc,1.9321,1.9180239819805092
*NC(=O)c1c(c(c(c(c1Cl)Cl)C(=O)NCCCCCC*)Cl)Cl,tg,268.83,148.13389888741455
*NC(=O)c1c(cc(cc1)C(=O)NCC*)Sc1ccccc1,tg,172.0,152.25862463922817
*NC(=O)c1c(cc(cc1)C(=O)NCCCC*)Sc1ccccc1,tg,136.0,130.9946972803886
*NC(=O)c1c(cc(cc1)C(=O)NCCCCCC*)Oc1ccc(cc1)Cl,tg,112.5,123.65322409228583
*NC(=O)c1c(cc(cc1)C(=O)NCCCCCC*)Oc1ccc(cc1)c1ccccc1,tg,112.0,118.46548492448731
*NC(=O)c1c(cc(cc1)C(=O)NCCCCCCCC*)Oc1ccccc1,tg,96.0,94.44941851973456
*NC(=O)c1c(cc(cc1)C(=O)NCCCCCCCCCC*)Oc1ccccc1,tg,94.0,85.04761277308849
*NC(=O)c1c(cc(cc1)C(=O)NCCCCCCCCCC*)Sc1ccccc1,tg,100.0,99.65472985906042
*NC(=O)c1c(cc(cc1)C(=O)NCCCCCCCCCCCC*)Oc1ccccc1,tg,75.0,95.012670528875
*NC(=O)c1c(cc(cc1)C(=O)NCCCCCCCCCCCC*)Sc1ccccc1,tg,92.0,104.53241051830537
*NC(=O)c1c(cccc1)c1c(cccc1)C(=O)NCCCC1(c2ccccc2c2ccccc12)CCC*,tg,165.0,174.99158300858522
*NC(=O)c1c(cccc1)c1c(cccc1)C(=O)NCCCCCC*,tg,122.5,156.92024863975615
*NC(=O)c1c(cccc1)c1c(cccc1)C(=O)NCc1cc(ccc1)C*,tg,159.0,177.96914464259058
*NC(=O)c1cc(cc(c1)C(C)(C)C)C(=O)NCC(CCC(C*)C)C,tg,149.0,157.5115052498002
*NC(=O)c1cc(cc(c1)C(C)(C)C)C(=O)NCCC(C(CC*)C)C,tg,173.0,159.2661064300557
*NC(=O)c1cc(cc(c1)C(C)(C)C)C(=O)NCCCCCC*,tg,163.0,161.60302910169017
*NC(=O)c1cc(cc(c1)NC(=O)C(C(CC)C)N1C(=O)c2c(C1=O)cccc2)C(=O)NCCCCCC*,tg,135.0,140.7841740907372
*NC(=O)c1cc(cc(c1)NC(=O)c1ccc(cc1)NC(=O)C(CC(C)C)N1C(=O)c2c(C1=O)cccc2)C(=O)NCCCCCC*,tg,200.0,170.20556421201894
*NC(=O)c1cc(ccc1)C(=O)NCC(CCC*)(C)C,tg,153.0,129.53997809753986
*NC(=O)c1cc(ccc1)C(=O)NCCC(C(CC*)C)C,tg,125.0,144.83676529220992
*NC(=O)c1cc(ccc1)C(=O)NCCCC*,tg,141.0,139.9388229468943
*NC(=O)c1cc(ccc1)C(=O)NCCCC1(c2ccccc2c2ccccc12)CCC*,tg,175.0,166.85765873337022
*NC(=O)c1cc(ccc1)C(=O)NCCCCCC*,tg,121.6,134.17808582298153
*NC(=O)c1cc(ccc1)C(=O)NCc1cc(cc(c1)C(C)(C)C)C*,tg,188.0,177.68735619138698
*NC(=O)c1cc(ccc1)C(=O)NCc1cc(ccc1)C*,tg,167.33,172.09008011801012
*NC(=O)c1ccc(-c2ccc(*)cc2)cc1,eea,2.3815,2.356607342468663
*NC(=O)c1ccc(-c2ccc(*)cc2)cc1,egb,2.6675,2.551743654647863
*NC(=O)c1ccc(-c2ccc(*)cc2)cc1,nc,2.0808,2.0315855458116197
*NC(=O)c1ccc(-c2ccc(*)cc2)s1,egb,1.9448,1.9864407723878141
*NC(=O)c1ccc(-c2ccc(*)cc2)s1,ei,5.5458,5.638952834385249
*NC(=O)c1ccc(-c2ccc(*)cc2)s1,nc,2.2535,2.2003718657106277
*NC(=O)c1ccc(-c2ccc(*)s2)cc1,eea,2.1302,2.3625552873558493
*NC(=O)c1ccc(-c2ccc(*)s2)cc1,ei,6.1434,5.774173182383131
*NC(=O)c1ccc(-c2ccc(*)s2)cc1,eps,5.23,5.92898095636275
*NC(=O)c1ccc(C(*)=O)s1,eea,3.408,3.3512655349675775
*NC(=O)c1ccc(C(*)=O)s1,ei,7.093,6.255272416948979
*NC(=O)c1ccc(C(*)=O)s1,nc,2.034,2.1288953372844515
*NC(=O)c1ccc(C(*)=S)cc1,ei,6.3279,6.664012976917409
*NC(=O)c1ccc(C(*)=S)cc1,eps,5.0,5.3036255221956585
*NC(=O)c1ccc(C(*)=S)cc1,nc,1.971,2.1113475926856986
*NC(=O)c1ccc(C(*)=S)s1,egb,1.932,1.4365385023263062
*NC(=O)c1ccc(C(*)=S)s1,nc,2.2308,2.2838165925484426
*NC(=O)c1ccc(NC(=S)c2ccc(Nc3ccc(*)cc3)cc2)s1,eea,2.5831,3.0995388779791706
*NC(=O)c1ccc(NC(=S)c2ccc(Nc3ccc(*)cc3)cc2)s1,ei,5.2813,5.740521050568146
*NC(=O)c1ccc(NC(=S)c2ccc(Nc3ccc(*)cc3)cc2)s1,nc,2.2302,2.2221804589923027
*NC(=O)c1ccc(O*)cc1,ei,6.7472,6.806190095156362
*NC(=O)c1ccc(O*)cc1,eps,4.32,4.579507329260947
*NC(=O)c1ccc(O*)s1,egb,3.0418,3.2329439288061934
*NC(=O)c1ccc(O*)s1,ei,6.5697,6.282262444931262
*NC(=O)c1ccc(O*)s1,eps,4.85,4.921613456714095
*NC(=O)c1ccc(O*)s1,nc,1.969,1.9475059389814757
*NC(=O)c1ccc(cc1)C(=O)NCC(CC(CC*)(C)C)C,tg,148.0,161.80413696180528
*NC(=O)c1ccc(cc1)C(=O)NCC(CC(CC*)C)(C)C,tg,143.84,163.3552174076213
*NC(=O)c1ccc(cc1)C(=O)NCC(CC(CC*)CC)C,tg,139.0,165.77248904157918
*NC(=O)c1ccc(cc1)C(=O)NCC(CCC*)(C)C,tg,157.0,157.60988852411234
*NC(=O)c1ccc(cc1)C(=O)NCCC(CCC*)C(C)C,tg,146.5,146.97348163030594
*NC(=O)c1ccc(cc1)C(=O)NCCCC(CCC*)(C)C,tg,152.0,138.64701763883784
*NC(=O)c1ccc(cc1)C(=O)NCCCCC*,tg,177.0,137.38903338334632
*NC(=O)c1ccc(cc1)C(=O)NCCCCCCC*,tg,138.25,149.80101858111817
*NC(=O)c1ccc(cc1)C(=O)NCCCCCCCCCCCC*,tg,130.0,135.07520519970973
*NC(=O)c1ccc(cc1)C(=O)NCc1c(cc(c(c1)C)C*)C,tg,225.0,193.25049638522208
*NC(=O)c1ccc(cc1)C(c1ccc(cc1)C(=O)NCCCCCC*)(CC)C,tg,159.0,156.52653785532885
*NC(=O)c1ccc(cc1)CC(=O)NCCCC*,tg,84.0,123.26232752121346
*NC(=O)c1ccc(cc1)CC(=O)NCCCCC*,tg,103.0,99.83426550800337
*NC(=O)c1ccc(cc1)CC(=O)NCCCCCC*,tg,104.0,100.01113925894506
*NC(=S)C(=O)O*,eea,4.0646,4.320155434508282
*NC(=S)C(=O)O*,egc,2.4947,4.21215734095718
*NC(=S)C(=O)O*,eps,6.34,5.916787837435776
*NC(=S)C(=O)O*,nc,2.1342,2.092643026437605
*NC(=S)C(S1)=CC=C1O*,egc,3.2187,2.7031491424127885
*NC(=S)NC(*)=S,eea,4.2115,4.052404827198445
*NC(=S)NC(*)=S,egb,2.0315,2.123326099009714
*NC(=S)NC(*)=S,ei,7.0636,6.160423076940734
*NC(=S)NC(*)=S,nc,2.2528,2.059868040949879
*NC(=S)NC(=S)*,egc,2.8537,2.930535597798264
*NC(=S)NC(C=C1)=CC=C1*,egc,3.4701,2.573124764096587
*NC(=S)NCCCCCCC*,tg,52.0,37.75022663578137
*NC(=S)NCCCCCCCCC*,tg,48.0,51.69170749736634
*NC(=S)NO*,egc,3.4611,3.519377468027362
*NC(=S)NO*,nc,2.0671,2.0218292428160636
*NC(=S)Nc1ccc(*)cc1,egb,2.6405,2.6355050036908576
*NC(=S)Nc1ccc(*)cc1,eps,5.66,5.056462462708175
*NC(=S)Nc1ccc(Cc2ccc(*)cc2)cc1,egb,3.7898,3.0790170027355246
*NC(=S)Nc1ccc(Cc2ccc(*)cc2)cc1,ei,5.378,5.716231315478774
*NC(=S)Nc1ccc(NC(=S)Nc2ccc(Cc3ccc(*)cc3)cc2)cc1,eps,4.55,4.792020467345237
*NC(=S)Nc1ccc(NC(=S)Nc2ccc(Cc3ccc(*)cc3)cc2)cc1,nc,1.9843,1.9684912040477491
*NC(=S)Nc1ccc(NC(=S)Nc2ccc(Oc3ccc(*)cc3)cc2)cc1,eea,2.2298,2.6177282421953025
*NC(=S)Nc1ccc(NC(=S)Nc2ccc(Oc3ccc(*)cc3)cc2)cc1,eps,5.43,4.9163357191703225
*NC(=S)OC(*)=S,eea,4.0637,3.3253735756454534
*NC(=S)OC(*)=S,ei,6.6502,7.294087964610894
*NC(=S)OC(*)=S,eps,6.0,5.610068700253575
*NC(=S)c1ccc(C(*)=S)s1,egb,1.6122,1.471196070691924
*NC(=S)c1ccc(C(*)=S)s1,eps,6.57,6.378092281493909
*NC(=S)c1ccc(O*)cc1,eea,2.5935,2.7962206708738138
*NC(=S)c1ccc(O*)cc1,egb,2.6021,2.928310920353777
*NC(=S)c1ccc(O*)cc1,ei,5.884,6.117573947880441
*NC(=S)c1ccc(O*)cc1,eps,4.57,4.7915037661603455
*NC(=S)c1ccc(O*)cc1,nc,1.9858,1.9766791643627162
*NC(=S)c1ccc(O*)s1,egb,2.3899,2.3669631059945377
*NC(=S)c1ccc(O*)s1,ei,6.1012,6.032038721733495
*NC(=S)c1ccc(O*)s1,eps,5.61,5.434986270453318
*NC(C#N)=C(C#N)NC(=O)c1ccc(C(*)=O)cc1,egc,3.4817,3.7502136166743902
*NC(C(*)=O)C(C)CC,egc,5.462,5.789420453745308
*NC(C(*)=O)C(Cc1ccccc1)c1c[nH]cn1,egc,4.764,4.1187253726641595
*NC(C(=O)*)CCC(=O)Nc1ccc(cc1)N(c1ccccc1)c1ccccc1,tg,132.0,154.45336027592595
*NC(C(=O)*)CCC(=O)OCC,tg,-27.33,5.316023543790122
*NC(C(=O)*)CCC(=O)OCCCC,tg,-39.33,-32.47395302289697
*NC(C(=O)*)CCC(=O)OCCCCC,tg,-20.0,-51.14589597462757
*NC(C(=O)*)CCC(=O)OCCCCCC,tg,-48.33,-51.13181292298864
*NC(C(=O)*)CCC(=O)OCCCCCCCC,tg,-59.5,-41.8856844342836
*NC(C(=O)*)CCC(=O)OCc1ccc(cc1)C(F)(F)F,tg,26.57,45.9902267244595
*NC(C(=O)*)CCC(=O)OCc1ccc(cc1)F,tg,46.9,16.83555225769145
*NC(C(=O)*)CCC(=O)OCc1ccc(cc1)[N+](=O)[O-],tg,53.15,51.907004811917886
*NC(C)(C)C(*)=O,egc,6.1893,5.504164130846857
*NC(C)(C)C(C)(C)C(*)=O,egc,5.4856,5.828294421196067
*NC(C)(CC)C(*)=O,egc,5.7479,5.755769259260715
*NC(C)=CC(*)=O,egc,3.6072,3.9365619005583325
*NC(C)C(*)=O,egc,6.0729,5.885740124652885
*NC(C)C(=O)NC(C)C(=O)NC(C(=O)NC(C(*)=O)C(C)C)C(C)C,egb,5.8867,5.227233625080337
*NC(C)C(=O)NC(C)C(=O)NCC(*)=O,egc,5.7884,5.296985873525848
*NC(C)C(=O)NC(CCC(=O)OCC)C(=O)NCC(*)=O,egc,5.3361,5.589982853785194
*NC(C)C(=O)NCC(=O)NCC(=O)NCC(*)=O,egc,5.9084,5.352984129643035
*NC(C)C(=O)NCCCC(*)=O,egc,5.7766,5.687169273060894
*NC(C)CC(*)=O,egc,5.711,6.027387600413947
*NC(C)CCCCC(*)=O,egc,5.5854,6.001090959698367
*NC(C)CNC(=O)C1CC1C(*)=O,egc,5.5051,5.653632238656812
*NC(C)CNC(=O)NC(CCCCNC(*)=O)C(=O)OC,egc,5.7921,5.7371654000712455
*NC(C=C)CC(*)=O,egc,5.5439,5.467554022462441
*NC(C=C1)=CC=C1C(=O)C(=S)*,egc,2.378,2.758848101940756
*NC(C=C1)=CC=C1C(=O)C(S2)=CC=C2*,egc,2.9895,3.1899778535234447
*NC(C=C1)=CC=C1C(=S)C(C=C2)=CC=C2*,egc,2.322,2.5564707595050473
*NC(C=C1)=CC=C1C(C=C2)=CC=C2C(=S)*,egc,2.813,2.89378057395114
*NC(C=C1)=CC=C1C(C=C2)=CC=C2C(C=C3)=CC=C3*,egc,3.4269,3.320954606208351
*NC(C=C1)=CC=C1C(C=C2)=CC=C2C(S3)=CC=C3*,egc,2.8401,3.1953355739698166
*NC(C=C1)=CC=C1C(C=C2)=CC=C2O*,egc,4.0962,3.7811982988418773
*NC(C=C1)=CC=C1C(S2)=CC=C2C(=S)*,egc,2.4476,2.36621384262153
*NC(C=C1)=CC=C1C(S2)=CC=C2C(S3)=CC=C3*,egc,3.3427,2.6965265240475067
*NC(C=C1)=CC=C1NC(S2)=CC=C2*,egc,3.8931,2.7794959153520415
*NC(C=C1)=CC=C1OC(=S)*,egc,3.7435,3.604221356070906
*NC(C=C1)=CC=C1OC(C=C2)=CC=C2*,egc,3.6519,4.046801288548814
*NC(C=C1)=CC=C1OC(S2)=CC=C2*,egc,4.2211,4.047156893507243
*NC(CC(*)=O)C(=O)OC,egc,5.61,5.891238137129924
*NC(CC(*)=O)C(=O)OCC,egc,5.9557,5.878073398113292
*NC(CC(*)=O)C(=O)OCCCC,egc,6.151,5.83575563203107
*NC(CC(*)=O)C(=O)OCCCCCCCCCCCC,egc,5.8778,5.970593771012405
*NC(CC(*)=O)C(=O)OCCOC,egc,5.9247,5.786003395147085
*NC(CC(*)=O)c1ccccc1,egc,5.6573,4.996681089148906
*NC(CC(=O)*)C,tg,115.0,78.58165735394681
*NC(CC(=O)OCCC)C(*)=O,egc,5.0074,5.797373904421789
*NC(CC(=O)OCc1ccccc1)C(*)=O,egc,5.316,5.371341370754905
*NC(CC(C)C)C(*)=O,egc,6.106,5.869969146968968
*NC(CCC(*)=O)C(=O)O,egc,5.9301,5.737412795454252
*NC(CCC(*)=O)C(=O)OC,egc,5.6456,6.047055932117299
*NC(CCC(=O)OC)C(*)=O,egc,5.9283,5.74062195296884
*NC(CCC(=O)OCCC)C(*)=O,egc,5.8843,5.524977492719082
*NC(CCC(=O)OCCCC)C(*)=O,egc,5.5734,6.093544615156698
*NC(CCC(=O)OCCCCCCCC)C(*)=O,egc,5.9976,5.6229319972488465
*NC(CCC(=O)OCCCl)C(*)=O,egc,5.9169,5.670606649892015
*NC(CCC(=O)OCc1ccc(Cl)cc1)C(*)=O,egc,5.2897,4.877503957106324
*NC(CCCCNC(*)=O)C(=O)OC,egc,6.2157,5.656892808875973
*NC(CCCCNC(=O)CCCCC(*)=O)C(=O)O,egc,5.7987,5.848756466470828
*NC(CCCCNC(=O)NCCCCCNC(*)=O)C(=O)OC,egc,5.5834,5.709293163618714
*NC(CCCCNC(=O)NCCNC(*)=O)C(=O)OC,egc,5.4494,5.839522442638138
*NC(CCCNC(=O)c1ccc(Br)cc1)C(*)=O,egc,4.6803,4.315456536496939
*NC(CCCNC(=O)c1ccc(F)cc1)C(*)=O,egc,4.7549,4.616843846946245
*NC(CSC(=O)OCc1ccccc1)C(*)=O,egc,5.0387,4.934237193635308
*NC(CSSCc1ccccc1)C(*)=O,egc,4.9511,4.552118314883144
*NC(Cc1c[nH]c2ccccc12)C(*)=O,egc,4.3631,3.4594099699077123
*NC(Cc1ccc(O)cc1)C(*)=O,egc,4.9252,5.053815850287927
*NC(Cc1ccccc1)C(*)=O,egc,5.5152,5.227961801245945
*NC(F)(F)CC(*)(F)F,ei,8.5515,8.826588502764716
*NC(F)(F)CC(*)(F)F,eps,3.9,3.9512887829405106
*NC(F)(F)CC(*)(F)F,nc,1.6205,1.5573750852617334
*NC(F)(F)NC(*)(F)F,eea,1.6576,0.923930913785156
*NC(F)(F)NC(*)(F)F,egb,8.2637,8.114203305508944
*NC(S1)=CC=C1C(=O)C(=S)*,egc,2.1167,2.302211529427356
*NC(S1)=CC=C1C(C=C2)=CC=C2C(S3)=CC=C3*,egc,2.5627,2.8208966651602267
*NC(S1)=CC=C1C(S2)=CC=C2C(=O)*,egc,2.263,2.596811389037767
*NC(S1)=CC=C1C(S2)=CC=C2C(=S)*,egc,2.0192,2.0010771078151532
*NC(S1)=CC=C1NC(=S)*,egc,2.9073,2.5669145504639186
*NC(S1)=CC=C1NC(S2)=CC=C2*,egc,2.5847,3.6420420826870044
*NC1(F)CC(C(F)F)C(*)C(F)(F)C1F,egc,6.3292,6.650758726824181
*NC1CC(C)(C)CC(C)(CNC(=O)CCCCC(*)=O)C1,egc,5.6216,5.672906497956102
*NC1CC(C2(C)OC(O)OC(C)NC2=O)C(F)(N(C(*)O)C(F)F)O1,egc,5.6343,5.32267553406172
*NC1CC(CC(C1)(CNC(=O)c1cc(cc(c1)NC(=O)C(C(CC)C)N1C(=O)c2c(C1=O)cccc2)C(=O)*)C)(C)C,tg,128.0,198.2908893435314
*NC1CCC(CC1)CC(NC(=O)CCCCC(=O)*)(C)C,tg,80.0,121.72551440962229
*NC1CCC(CC1)CC1CCC(CC1)NC(=O)CCCCC(=O)*,tg,173.33,149.70162368766051
*NC1CCC(CC1)CC1CCC(CC1)NC(=O)CCCCCCCCC(=O)*,tg,139.33,141.47977172652202
*NC1CCC(CC1)CC1CCC(CC1)NC(=O)CCCCCCCCCCC(=O)*,tg,139.67,135.6730481407656
*NC1CCC(CC1)CC1CCC(CC1)NC(=O)CCCCCCCCCCCCC(=O)*,tg,131.0,133.00207588333257
*NC1CCC(CC1)CCC1CCC(CC1)NC(=O)CCCCCCCCCCC(=O)*,tg,105.0,110.59370752540904
*NC1CCC(CC2CCC(NC(=O)CCCCCCCCCCC(*)=O)CC2)CC1,egc,5.7012,5.746393687475923
*NC1CCC(CCC2CCC(NC(=O)CCCCCCCCCCC(*)=O)CC2)CC1,egc,5.7235,5.797784094170632
*NC1CCCC1C(*)=O,egb,6.4002,5.813528762736425
*NC1CCCC1C(*)=O,egc,5.8804,5.972577219080309
*NC1NN(C(C(*)O)(C(F)(F)F)C(O)(Cl)C2(F)OC(O)C(O)C2O)O1,egc,5.0077,5.666182820986748
*NCC(F)(F)C(*)(F)F,eea,0.6587,1.6727101388962713
*NCC(F)(F)C(*)(F)F,egb,7.8675,7.594610230521565
*NCC(F)(F)C(*)(F)F,eps,4.32,3.010591512012957
*NCC(F)(F)C(*)(F)F,nc,1.5942,1.5942243118354615
*NCCCNC(=O)NC(*)=O,eea,0.6578,0.8829801321653769
*NCCCNC(=O)NC(*)=O,egb,6.0227,5.844570508504956
*NCCCNC(=O)NC(*)=O,eps,4.19,3.540106951886388
*NCCCNC(=O)NC(*)=O,nc,1.7499,1.6544928398094088
*NCNC(=O)OC(=O)NC(*)=O,eea,1.6859,1.446615986544762
*NCNC(=O)OC(=O)NC(*)=O,eps,4.67,4.320007663651289
*NCNC(=O)OC(=O)NC(*)=O,nc,1.7355,1.7988672192105586
*NNC(=O)C(*)=O,egc,5.5325,4.225505857167789
*NNC(=O)C(=O)NNC(=O)CCCCC(*)=O,egc,4.5812,4.799251760026662
*NNC(=O)C(=O)NNC(=O)CCCCCCCC(*)=O,egb,3.7266,4.308003485985182
*NNC(=O)C(=O)NNC(=O)CCCCCCCC(*)=O,egc,4.4307,4.715634334187692
*NNC(=O)C1CCC(C(=O)NNC(=O)CCCCC(*)=O)CC1,egc,4.9352,5.645194326985931
*NNC(=O)C=CC(=O)NCCCCCCNC(=O)C=CC(=O)*,tg,102.4,127.08875080781162
*NNC(=O)CCC(=O)NNC(=O)CCCCC(*)=O,egc,5.7153,5.519341773779294
*NNC(=O)CCC(=O)NNC(=O)CCCCCCCCC(*)=O,egc,5.7186,5.711975094915572
*NNC(=O)CCCCC(*)=O,egc,5.6711,5.716832733291286
*NNC(=O)CCCCCCCCC(*)=O,egc,6.0464,5.638242440720592
*NNC(=O)c1c(cc(cc1)C(=O)*)OCC,tg,240.0,202.74275085011152
*NNC(=O)c1c(cc(cc1)C(=O)*)OCCCCC,tg,234.0,157.98836119970184
*NNC(=O)c1c(cccc1)C(=O)NCCCCCCNC(=O)c1c(cccc1)C(=O)*,tg,224.5,142.6955672071336
*NNC(=O)c1c(cccc1)C(=O)Nc1cc(ccc1)C=C1C(=O)C(=Cc2cc(ccc2)NC(=O)c2c(cccc2)C(=O)*)CCC1,tg,195.0,194.45196529608796
*NNC(=O)c1c2c(c(cc1)C(=O)NNC(=O)c1ccc(cc1)[Si](c1ccc(cc1)C(=O)*)(c1ccccc1)c1ccccc1)cccc2,tg,271.5,219.82101734196345
*NNC(=O)c1cc(cc(c1)NC(=O)c1cc2c(C(=O)N(C2=O)c2ncc(cc2)C)cc1)C(=O)NNC(=O)C(=O)*,tg,146.4,165.8100178181091
*NNC(=O)c1cc(cc(c1)NC(=O)c1cc2c(C(=O)N(C2=O)c2ncc(cc2)C)cc1)C(=O)NNC(=O)c1ccc(cc1)C(=O)*,tg,145.6,182.07248937231
*NNC(=O)c1cc(cc(c1)NC(=O)c1cc2c(C(=O)N(C2=O)c2ncccc2C)cc1)C(=O)NNC(=O)C(=O)*,tg,134.1,154.3586004005315
*NNC(=O)c1cc(cc(c1)NC(=O)c1cc2c(C(=O)N(C2=O)c2ncccc2C)cc1)C(=O)NNC(=O)CC(=O)*,tg,156.3,137.26605851430028
*NNC(=O)c1cc(cc(c1)NC(=O)c1cc2c(C(=O)N(C2=O)c2ncccc2C)cc1)C(=O)NNC(=O)CCCC(=O)*,tg,131.7,139.65897415085914
*NNC(=O)c1cc(cc(c1)NC(=O)c1cc2c(C(=O)N(C2=O)c2ncccc2C)cc1)C(=O)NNC(=O)c1ccc(cc1)C(=O)*,tg,130.3,174.92438606126515
*NNC(=O)c1ccc(C(*)=O)cc1,egc,4.8451,4.679271735037958
*NNC(=O)c1ccc(C(*)=O)cc1OCCCCCCCC,egc,4.1277,4.143035188429568
*NNC(=O)c1ccc(C(*)=O)cc1OCCCCCCCCCC,egc,4.1107,4.098525442273317
*NNC(=O)c1ccc([Si](c2ccccc2)(c2ccccc2)c2ccc(C(*)=O)cc2)cc1,egc,4.754,3.972207687130225
*NNC(=O)c1cccc(C(*)=O)c1,egc,5.0927,4.584135348065954
*NNC(=O)c1cccc(C(=O)NNC(=O)C(*)=O)c1,egc,4.3275,4.419712667817501
*NNC(=O)c1cccc(C(=O)NNC(=O)CCCCCCCCC(*)=O)c1,egc,4.5398,4.500859166796254
*NNC(=S)c1ccc(C(*)=S)cc1,egc,3.4154,2.9600894902269697
*NOC(=O)NCC(=O)NC(*)=O,egb,4.9352,5.39734995927322
*NOC(=O)NCC(=O)NC(*)=O,ei,8.0693,7.306779044524504
*NOC(=O)NCC(=O)NC(*)=O,eps,5.02,4.5535358146156275
*NOC(=O)NCC(=O)NC(*)=O,nc,1.7831,1.77935245383171
*NOC(=O)O*,eea,1.6985,2.079460168008435
*NOC(=O)O*,egb,5.0089,4.868280952997129
*NOC(=S)O*,eea,2.7178,3.284051084090634
*NOC(=S)O*,egc,4.8496,4.3845529696030265
*NOC(=S)O*,ei,7.5682,6.977170615410443
*NOC(=S)O*,nc,1.942,1.9605028830957751
*NOC(F)(F)C(*)(F)F,egb,6.3342,7.944223999154287
*NOC(F)(F)C(*)(F)F,ei,9.0368,8.547942750196764
*NOC(F)(F)C(*)(F)F,eps,3.73,3.968398707887014
*NOC(F)(F)C(*)(F)F,nc,1.6008,1.6356335169718956
*NOc1ccc(O*)cc1,egb,4.5587,3.848229758462014
*NOc1ccc(O*)cc1,eps,4.11,3.917052305000874
*NOc1ccc(O*)cc1,nc,1.8691,1.8336413181729287
*NS(=O)Nc1cccc(*)n1,egc,4.5634,4.063494596323731
*Nc1c(Br)cc(*)cc1Br,egc,4.3604,3.4345757867571374
*Nc1c(Br)cc(C(*)=O)cc1Br,egc,3.8726,3.8405558669851443
*Nc1c(C)c(C)c(C(=O)c2ccc(NC(=O)c3ccc(C(*)=O)cc3)cc2)c(C)c1C,egc,3.4801,3.46799586130447
*Nc1c(Cl)cc(*)cc1Cl,egc,4.3983,3.659015256312882
*Nc1c(Cl)cc(C(*)=O)cc1Cl,egc,3.9189,4.020903950021633
*Nc1c(F)c(F)c(-c2ccc3cc(-c4ccc5c(c4)C(=O)N(c4cccc(*)c4)C5=O)ccc3c2)c(F)c1F,egc,2.918,2.859712933121108
*Nc1c(I)cc(C(*)=O)cc1I,egc,3.842,3.952865263374213
*Nc1c(OC)cc(*)cc1OC,egc,3.4275,3.67832961567823
*Nc1c(c(c(c(c1C)C)C(=O)c1ccc(cc1)NC(=O)c1ccc(cc1)C(=O)*)C)C,tg,366.0,275.4780456402917
*Nc1c(cc(c(c1)[N+](=O)[O-])NC(=O)CCCCCCC(=O)*)C=Cc1ccc(cc1)N(C)C,tg,177.6,147.32429949045604
*Nc1c(cc(c(c1)[N+](=O)[O-])NC(=O)CCCCCCCCC(=O)*)C=Cc1ccc(cc1)N(C)C,tg,159.0,155.52734396709707
*Nc1c(cc(c(c1)[N+](=O)[O-])NC(=O)CCCCCCCCCCCCC(=O)*)C=Cc1ccc(cc1)N(C)C,tg,125.0,154.12171179071552
*Nc1c(cc(cc1)*)OC,tg,90.0,136.82421059816863
*Nc1c(cc(cc1)*)OCCCCCCCCCCOc1ccc(cc1)C1CCC(CC1)CCCCC,tg,54.0,100.39358320964173
*Nc1c(cc(cc1)Br)c1ccc(cc1)NC(=O)c1cc(ccc1)C(=O)*,tg,253.0,267.25267898264275
*Nc1c(cc(cc1)Br)c1ccc(cc1)NC(=O)c1ccc(cc1)C(=O)*,tg,267.0,240.06572363870592
*Nc1c(cc(cc1)NC(=O)c1ccc(cc1)NC(=O)CCCCCCCCC(=O)Nc1ccc(cc1)C(=O)*)C(=O)OCCCCCCCCCCCC,tg,228.5,227.41501880731317
*Nc1c(cc(cc1)NC(=O)c1ccc(cc1)NC(=O)CCCCCCCCC(=O)Nc1ccc(cc1)C(=O)*)C(=O)OCCCCCCCCCCCCCC,tg,225.0,226.690455843071
*Nc1c(cc(cc1)NC(=O)c1ccc(cc1)NC(=O)CCCCCCCCC(=O)Nc1ccc(cc1)C(=O)*)C(=O)OCCCCCCCCCCCCCCCC,tg,220.0,235.87830676850066
*Nc1c(cc(cc1)NC(=O)c1ccc(cc1)NC(=O)CCCCCCCCC(=O)Nc1ccc(cc1)C(=O)*)C(=O)OCCCCCCCCCCCCCCCCCC,tg,280.0,222.09164528868692
*Nc1c(cc(cc1)NC(=O)c1ccc(cc1)NC(=O)CCCCCCCCCCC(=O)Nc1ccc(cc1)C(=O)*)C(=O)OCCCCCCCCCCCC,tg,205.5,217.09812993429213
*Nc1c(cc(cc1)NC(=O)c1ccc(cc1)NC(=O)CCCCCCCCCCC(=O)Nc1ccc(cc1)C(=O)*)C(=O)OCCCCCCCCCCCCCC,tg,199.5,216.6424163737498
*Nc1c(cc(cc1)NC(=O)c1ccc(cc1)NC(=O)CCCCCCCCCCC(=O)Nc1ccc(cc1)C(=O)*)C(=O)OCCCCCCCCCCCCCCCC,tg,199.5,225.9981313452928
*Nc1c(cc(cc1)NC(=O)c1ccc(cc1)NC(=O)CCCCCCCCCCCCC(=O)Nc1ccc(cc1)C(=O)*)C(=O)OCCCCCCCCCCCCCC,tg,204.5,216.8786103925899
*Nc1c(cc(cc1)NC(=O)c1ccc(cc1)NC(=O)CCCCCCCCCCCCC(=O)Nc1ccc(cc1)C(=O)*)C(=O)OCCCCCCCCCCCCCCCC,tg,250.0,220.430942997745
*Nc1c(cc(cc1)c1cc(c(cc1)NC(=O)c1cc(ccc1)C(=O)*)O)O,tg,386.0,264.476498086829
*Nc1c(cc(cc1)c1cc(c(cc1)NC(=O)c1cc(ccc1)C(=O)*)OC)OC,tg,218.2,227.19413518273552
*Nc1c(ccc(c1)NC(=O)C(=O)*)C,tg,-54.65,194.65649178996628
*Nc1c(ccc(c1)NC(=O)Nc1ccc(cc1)CCc1c(cccc1)NC(=O)*)C,tg,227.0,186.6570578817606
*Nc1c(ccc(c1)NC(=O)c1cc(cc(c1)NC(=O)C(C(CC)C)N1C(=O)c2c(C1=O)cccc2)C(=O)*)C,tg,166.0,208.8331317861854
*Nc1c(cccc1)CCc1ccc(cc1)NC(=O)*,tg,197.0,185.6836452767246
*Nc1c(cccc1)CCc1ccc(cc1)NC(=O)NCCCCCCNC(=O)*,tg,150.0,110.61337723863403
*Nc1c(cccc1)c1ccc(cc1)NC(=O)c1ccc(cc1)C(=O)*,tg,263.0,245.3403882876782
*Nc1c2c(ccc1)c(ccc2)NC(=O)Nc1cc(cc(c1)C(=O)Nc1c2C(=O)c3c(C(=O)c2ccc1)cccc3)NC(=O)*,tg,185.0,203.1928839667229
*Nc1c2c(ccc1)c(ccc2)NC(=O)Nc1cc(cc(c1)C(=O)Nc1ccc2C(=O)c3c(C(=O)c2c1)cccc3)NC(=O)*,tg,178.0,175.61137076584535
*Nc1c2c(ccc1)c(ccc2)NC(=O)c1cc(cc(c1)NC(=O)C(CCSC)N1C(=O)c2c(C1=O)cccc2)C(=O)*,tg,198.0,197.9665487594666
*Nc1c2c(ccc1)c(ccc2)NC(=O)c1ccc(cc1)C(=O)*,tg,305.0,280.74268883669646
*Nc1c2c(ccc1)c(ccc2)N[Se]*,tg,53.0,131.06048152153625
*Nc1cc(*)ccc1CCCCCC,egc,4.1073,3.9409931836710963
*Nc1cc(*)ccc1CCCCCCCCCCCC,egc,4.025,3.8754190609214714
*Nc1cc(*)ccc1N,egc,3.7339,3.4148682301810007
*Nc1cc(Br)c(*)cc1Br,egc,3.1464,3.8228121287877457
*Nc1cc(C(c2ccc(O)c(NC(=O)c3ccc(C(*)=O)cc3)c2)(C(F)(F)F)C(F)(F)F)ccc1O,egc,3.6515,3.881798199429372
*Nc1cc(C(c2ccc(O)c(NC(=O)c3ccc4cc(C(*)=O)ccc4c3)c2)(C(F)(F)F)C(F)(F)F)ccc1O,egc,3.7695,3.4440800617640517
*Nc1cc(C)c(*)cc1C,egc,3.9275,3.6593226404462045
*Nc1cc(F)c(*)cc1F,egc,3.4723,3.678052379817604
*Nc1cc(NC(=O)c2ccc(-c3ccc(C(*)=O)cc3)cc2)cc(C(=O)OCCOc2ccc(C=CC(=O)c3ccccc3)cc2)c1,egc,3.5149,2.796425266649976
*Nc1cc(NC(=O)c2ccc(C(*)=O)cc2)cc(C(=O)OCCOc2ccc(C=CC(=O)c3ccccc3)cc2)c1,egc,3.1709,3.008875292134045
*Nc1cc(NC(=O)c2ccc3cc(C(*)=O)ccc3c2)cc(C(=O)OCCOc2ccc(C=CC(=O)c3ccccc3)cc2)c1,egc,2.7406,3.2435525758187533
*Nc1cc(NC(=O)c2cccc(C(*)=O)c2)c(N)cc1N,egc,3.509,3.6818937523979387
*Nc1cc(OC)c(*)cc1OC,egc,3.2172,3.1898951073176667
*Nc1cc(OCC)c(*)cc1OCC,egc,3.3635,3.868654765900324
*Nc1cc(cc(c1)C(=O)Nc1c2C(=O)c3c(C(=O)c2ccc1)cccc3)NC(=O)NC1CCC(CC1)CC1CCC(CC1)NC(=O)*,tg,156.0,204.51351986082074
*Nc1cc(cc(c1)C(=O)Nc1c2C(=O)c3c(C(=O)c2ccc1)cccc3)NC(=O)Nc1ccc(cc1)Cc1ccc(cc1)NC(=O)*,tg,178.0,178.47851086103142
*Nc1cc(cc(c1)C(=O)Nc1c2C(=O)c3c(C(=O)c2ccc1)cccc3)NC(=O)Nc1ccc(cc1)NC(=O)*,tg,190.0,188.89037109105985
*Nc1cc(cc(c1)C(=O)Nc1ccc2C(=O)c3c(C(=O)c2c1)cccc3)NC(=O)NC1CCC(CC1)CC1CCC(CC1)NC(=O)*,tg,148.0,202.28923566876603
*Nc1cc(cc(c1)C(=O)Nc1ccc2C(=O)c3c(C(=O)c2c1)cccc3)NC(=O)Nc1ccc(cc1)Cc1ccc(cc1)NC(=O)*,tg,168.0,167.23138385935727
*Nc1cc(cc(c1)C(=O)Nc1ccc2C(=O)c3c(C(=O)c2c1)cccc3)NC(=O)Nc1ccc(cc1)NC(=O)*,tg,184.0,179.1341629622331
*Nc1cc(cc(c1)C(=O)OC(c1ccccc1)c1ccccc1)NC(=O)c1ccc(cc1)C(=O)*,tg,217.0,223.43581224324691
*Nc1cc(cc(c1)C(=O)OC)NC(=O)c1cc(cc(c1)OCCN(c1ccc(cc1)[N+](=O)[O-])C)C(=O)*,tg,177.0,195.03868118812295
*Nc1cc(cc(c1)C(=O)OC1C(CCC(C1)C)C(C)C)NC(=O)c1cc(cc(c1)OCCN(c1ccc(cc1)[N+](=O)[O-])C)C(=O)*,tg,193.0,159.3402561578865
*Nc1cc(cc(c1)C(=O)OCCCN(c1ccc(cc1)N=Nc1ccc(cc1)S(=O)(=O)C)C)NC(=O)c1cc(cc(c1)OCCCN(c1ccc(cc1)N=Nc1ccc(cc1)S(=O)(=O)C)C)C(=O)*,tg,168.0,173.1114602778152
*Nc1cc(cc(c1)C(=O)OCCCN(c1ccc(cc1)N=Nc1ccc(cc1)S(=O)(=O)C)C)NC(=O)c1cc(cc(c1)OCCCS(=O)(=O)c1ccc(cc1)N=Nc1ccc(cc1)N(C)C)C(=O)*,tg,166.0,169.8056600051002
*Nc1cc(cc(c1)C(=O)OCCN(c1ccc(cc1)C#N)C)NC(=O)c1cc(cc(c1)OCCN(c1ccc(cc1)C#N)C)C(=O)*,tg,167.0,181.57619021640483
*Nc1cc(cc(c1)C(=O)OCCN(c1ccc(cc1)C#N)C)NC(=O)c1cc(cc(c1)OCCN(c1ccc(cc1)S(=O)(=O)C(C(C(C(C(C(C(C(F)(F)F)(F)F)(F)F)(F)F)(F)F)(F)F)(F)F)(F)F)C)C(=O)*,tg,157.0,150.26088622078967
*Nc1cc(cc(c1)C(=O)OCCOC(=O)C=Cc1ccc(cc1)N(C)C)NC(=O)c1ccc(cc1)C(=O)*,tg,198.0,189.9176333062328
*Nc1cc(cc(c1)C(=O)OCCOc1ccc(cc1)C=CC(=O)c1ccccc1)NC(=O)c1cc(ccc1)C(=O)*,tg,216.0,215.69251609430535
*Nc1cc(cc(c1)C(=O)OCCOc1ccc(cc1)C=CC(=O)c1ccccc1)NC(=O)c1ccc(cc1)c1ccc(cc1)C(=O)*,tg,254.0,203.85844272948586
*Nc1cc(cc(c1)C(=O)Oc1ccc(cc1)Oc1cc(c(cc1)C#N)C#N)NC(=O)c1cc(ccc1)C(=O)*,tg,305.0,193.1165252432583
*Nc1cc(cc(c1)C(=O)Oc1ccc(cc1)c1ccccc1)NC(=O)c1ccc(cc1)C(=O)*,tg,178.0,217.0587087691648
*Nc1cc(cc(c1)C(=O)Oc1ccccc1)NC(=O)c1ccc(cc1)C(=O)*,tg,200.0,200.86861858139847
*Nc1cc(cc(c1)c1c(=O)oc2c(cccc2)n1)NC(=O)c1ccc(cc1)C(=O)*,tg,103.0,206.42711650041568
*Nc1cc(cc(c1)c1nc2c([nH]1)cccc2)NC(=O)c1ccc(cc1)C(=O)*,tg,267.5,314.63624497764897
*Nc1cc(cc(c1)c1oc(nn1)c1ncccc1)NC(=O)CCCCC(=O)*,tg,159.0,111.14008652632923
*Nc1cc(cc(c1)c1oc(nn1)c1ncccc1)NC(=O)c1c(cccc1)C(=O)*,tg,90.0,223.40774074824245
*Nc1cc(cc(c1)c1oc(nn1)c1ncccc1)NC(=O)c1ccc(cc1)C(=O)*,tg,230.0,138.9796150470448
*Nc1cc(ccc1)C(=O)c1ccc(cc1)NC(=O)c1cc(ccc1)C(=O)c1ccc(cc1)C(=O)*,tg,215.0,251.55579699471312
*Nc1cc(ccc1)C=Cc1ccc(cc1)NC(=O)c1cc(ccc1)C(=O)*,tg,272.0,241.51220526826592
*Nc1cc(ccc1)CCc1ccc(cc1)NC(=O)c1ccc(cc1)C(=O)*,tg,203.0,244.06481267050793
*Nc1cc(ccc1)NC(=O)CCCCC(=O)*,tg,113.35,119.12707564461859
*Nc1cc(ccc1)NC(=O)CCCCC(=O)Nc1cc(ccc1)NC(=S)NC(=O)c1ccc(cc1)C(=O)NC(=S)*,tg,241.0,244.91944770078146
*Nc1cc(ccc1)NC(=O)CCCCC(=O)Nc1ccc(cc1)C(=O)NC(=S)*,tg,267.0,256.83205464066435
*Nc1cc(ccc1)NC(=O)CCCCCCCCC(=O)Nc1ccc(cc1)C(=O)NC(=S)*,tg,265.0,218.70141522932252
*Nc1cc(ccc1)NC(=O)Cc1c(cc(c(c1)C)CC(=O)*)C,tg,249.0,163.65717258039484
*Nc1cc(ccc1)NC(=O)Nc1ccc(cc1)Cc1ccc(cc1)NC(=O)*,tg,132.0,192.25446993972866
*Nc1cc(ccc1)NC(=O)c1cc(cc(c1)NC(=O)c1ccccc1)C(=O)*,tg,300.0,307.7340269240932
*Nc1cc(ccc1)NC(=O)c1cc(cc(c1)NC(=O)c1ccncc1)C(=O)*,tg,321.0,287.79647804884075
*Nc1cc(ccc1)NC(=O)c1cc(cc(c1)S(=O)(=O)c1ccccc1)C(=O)*,tg,277.0,269.4435495583089
*Nc1cc(ccc1)NC(=O)c1cc(ccc1)C(=O)Nc1cc(ccc1)NC(=S)NC(=O)CCCCC(=O)NC(=S)*,tg,242.0,206.98785236193794
*Nc1cc(ccc1)NC(=O)c1cc(ccc1)C(=O)Nc1cc(ccc1)NC(=S)NC(=O)c1cc(ccc1)C(=O)NC(=S)*,tg,244.0,245.5799267907372
*Nc1cc(ccc1)NC(=O)c1cc(ccc1)C(=O)Nc1ccc(cc1)C(=O)NC(=S)*,tg,270.0,262.08155002634203
*Nc1cc(ccc1)NC(=O)c1ccc(cc1)C(=O)Nc1cc(ccc1)NC(=S)NC(=O)c1ccc(cc1)C(=O)NC(=S)*,tg,258.0,244.4564892842641
*Nc1ccc(*)cc1,eea,0.9827,1.442351041484562
*Nc1ccc(*)cc1,egc,4.0074,3.174650815374181
*Nc1ccc(*)cc1,ei,4.9916,5.126030489253589
*Nc1ccc(*)cc1,nc,2.124,1.995715932094042
*Nc1ccc(*)cc1C,egc,3.5769,3.7190618047609156
*Nc1ccc(*)cc1C(C)CC,egc,3.553,4.109746656031618
*Nc1ccc(*)cc1CCCCCCCCCCCCCCC,egc,3.3286,3.2232845022341317
*Nc1ccc(*)cc1CO,egc,3.7131,3.2912171300769066
*Nc1ccc(*)cc1F,egc,3.5047,3.28120140194335
*Nc1ccc(*)cc1O,egc,3.4121,3.372019755067206
*Nc1ccc(*)cc1OCCCCCCCCCCCC,egc,3.5203,3.176074808523495
*Nc1ccc(*)nc1,egc,3.2295,3.805858958740461
*Nc1ccc(-c2ccc(*)cc2)c(C)c1,egc,3.3791,3.3845315433190466
*Nc1ccc(-c2ccc(-c3ccc(*)cc3)cc2)cc1,eea,1.5312,1.3325048720892037
*Nc1ccc(-c2ccc(-c3ccc(*)cc3)cc2)cc1,egb,2.9094,2.899252866340248
*Nc1ccc(-c2ccc(-c3ccc(*)cc3)cc2)cc1,ei,4.7817,5.213914847261261
*Nc1ccc(-c2ccc(-c3ccc(*)cc3)cc2)cc1,eps,4.29,5.048314550209296
*Nc1ccc(-c2ccc(-c3ccc(*)cc3)s2)cc1,egb,1.8163,2.220857205593785
*Nc1ccc(-c2ccc(-c3ccc(*)cc3)s2)cc1,eps,5.91,5.748266244766002
*Nc1ccc(-c2ccc(-c3ccc(*)s3)cc2)cc1,eea,1.8885,1.7994526037112721
*Nc1ccc(-c2ccc(-c3ccc(*)s3)cc2)cc1,eps,5.94,6.074156285161775
*Nc1ccc(-c2ccc(-c3ccc(*)s3)cc2)s1,eea,2.0751,2.1499467696929146
*Nc1ccc(-c2ccc(-c3ccc(*)s3)cc2)s1,egb,1.6397,1.9572698901146446
*Nc1ccc(-c2ccc(-c3ccc(*)s3)cc2)s1,nc,2.4847,2.410474774632895
*Nc1ccc(-c2ccc(-c3ccc(*)s3)s2)cc1,egb,2.587,2.4412179655472164
*Nc1ccc(-c2ccc(-c3ccc(*)s3)s2)cc1,ei,4.896,5.1711453121995135
*Nc1ccc(-c2ccc(-c3ccc(*)s3)s2)s1,egb,1.5003,1.6455169070972722
*Nc1ccc(-c2ccc(-c3ccc(*)s3)s2)s1,ei,4.3058,4.61646627189061
*Nc1ccc(-c2ccc(-c3ccc(*)s3)s2)s1,eps,7.17,6.6823182046563
*Nc1ccc(-c2ccc(-c3ccc(*)s3)s2)s1,nc,2.5509,2.5332690730229825
*Nc1ccc(-c2ccc(C(*)=O)s2)s1,ei,5.182,5.164161385897492
*Nc1ccc(-c2ccc(C(*)=O)s2)s1,nc,2.393,2.395374989725537
*Nc1ccc(-c2ccc(C(*)=S)cc2)cc1,eea,2.5787,2.44505238721887
*Nc1ccc(-c2ccc(C(*)=S)cc2)cc1,ei,5.3872,5.3801681941453525
*Nc1ccc(-c2ccc(C(*)=S)cc2)cc1,eps,4.84,5.291502960910396
*Nc1ccc(-c2ccc(C(*)=S)cc2)cc1,nc,2.1003,2.143073941026843
*Nc1ccc(-c2ccc(C(*)=S)cc2)s1,eea,2.3374,2.7050278645221812
*Nc1ccc(-c2ccc(C(*)=S)cc2)s1,egb,2.3796,2.2915192681229843
*Nc1ccc(-c2ccc(C(*)=S)cc2)s1,eps,5.47,6.194934883327427
*Nc1ccc(-c2ccc(C(*)=S)s2)cc1,eea,3.1722,3.098157459080959
*Nc1ccc(-c2ccc(C(*)=S)s2)cc1,egb,1.4764,1.5339244239807688
*Nc1ccc(-c2ccc(C(*)=S)s2)cc1,eps,6.84,6.781389358881129
*Nc1ccc(-c2ccc(C(*)=S)s2)cc1,nc,2.4805,2.509359091508897
*Nc1ccc(-c2ccc(C(*)=S)s2)s1,eea,3.3026,2.9173801741934304
*Nc1ccc(-c2ccc(C(*)=S)s2)s1,nc,2.7581,2.494267622339491
*Nc1ccc(-c2ccc(C(=S)c3ccc(-c4ccc(Nc5ccc(*)cc5)s4)s3)s2)s1,eps,6.88,7.248655067090923
*Nc1ccc(-c2ccc(C(=S)c3ccc(-c4ccc(Nc5ccc(*)cc5)s4)s3)s2)s1,nc,2.4299,2.4979786090880745
*Nc1ccc(-c2ccc(NC(=C(C#N)C#N)c3ccc(-c4ccc(C(*)=C(C#N)C#N)cc4)cc3)cc2)cc1,egc,2.7741,2.918854366715654
*Nc1ccc(-c2ccc(NC(=O)CCCCCCCCC(*)=O)c(O)c2)cc1O,egc,3.9935,4.005878280571201
*Nc1ccc(-c2ccc(NC(=O)c3cc(C(*)=O)cc(S(=O)(=O)c4ccccc4)c3)cc2)cc1,egb,2.4795,2.5566162250651696
*Nc1ccc(-c2ccc(NC(=O)c3cc(C(=O)O)c(C(*)=O)cc3C(=O)O)cc2)cc1,egc,3.2555,3.135404486033645
*Nc1ccc(-c2ccc(NC(=O)c3cc(NC(=O)c4ccncc4)cc(C(*)=O)c3)cc2)cc1,egc,3.2688,3.104444497423737
*Nc1ccc(-c2ccc(NC(=O)c3ccc(C(*)=O)cc3)cc2)cc1,egc,3.3951,3.274888403341385
*Nc1ccc(-c2ccc(NC(=O)c3cccc(C(*)=O)c3)cc2)cc1,egc,3.4939,3.439704566849694
*Nc1ccc(-c2ccc(NC3=CC(=O)C(*)=CC3=O)cc2)cc1,egc,2.1114,3.0679060636230533
*Nc1ccc(-c2ccc(Nc3ccc4c(c3)c3cc(*)ccc3n4CC(CC)CCCC)cc2)cc1,egc,3.3558,2.874715052922756
*Nc1ccc(-c2ccc(O*)cc2)cc1,eps,4.41,4.178234646315431
*Nc1ccc(Br)cc1-c1ccc(NC(=O)c2ccc(C(*)=O)cc2)cc1,egb,2.9894,2.5088216880919725
*Nc1ccc(Br)cc1-c1ccc(NC(=O)c2ccc(C(*)=O)cc2)cc1,egc,3.4431,3.3314426002841575
*Nc1ccc(C#Cc2ccc(C(*)=O)cc2)cc1,egc,2.946,3.2373664376561573
*Nc1ccc(C(*)=O)cc1,egc,3.7503,3.8511743968024525
*Nc1ccc(C(=O)C(*)=S)cc1,eea,4.0513,3.662954467524729
*Nc1ccc(C(=O)C(*)=S)cc1,ei,6.3689,6.361675082191826
*Nc1ccc(C(=O)C(*)=S)cc1,eps,5.95,6.159020461395054
*Nc1ccc(C(=O)C(*)=S)cc1,nc,2.2161,2.25045774972866
*Nc1ccc(C(=O)O*)cc1,egb,3.977,3.4010133394825575
*Nc1ccc(C(=O)O*)cc1,nc,1.8988,1.8949404438704254
*Nc1ccc(C(=O)O*)s1,eea,2.6486,2.4009919747308484
*Nc1ccc(C(=O)O*)s1,ei,6.0364,6.197967876120252
*Nc1ccc(C(=O)c2ccc(*)s2)cc1,eea,2.4618,2.642358425393933
*Nc1ccc(C(=O)c2ccc(*)s2)cc1,eps,6.11,5.741361893581045
*Nc1ccc(C(=O)c2ccc(*)s2)cc1,nc,2.186,2.2461978911730385
*Nc1ccc(C(=O)c2ccc(*)s2)s1,eea,3.0129,3.1539508103008482
*Nc1ccc(C(=O)c2ccc(*)s2)s1,egb,1.7108,1.1409631582122735
*Nc1ccc(C(=O)c2ccc(*)s2)s1,ei,5.2456,5.568508631928013
*Nc1ccc(C(=O)c2ccc(*)s2)s1,eps,8.01,7.1915017274113655
*Nc1ccc(C(=O)c2ccc(*)s2)s1,nc,2.5062,2.533030447447712
*Nc1ccc(C(=O)c2ccc(NC(=O)c3ccc(C(*)=O)cc3)cc2)cc1,egc,3.6944,3.2072429383432723
*Nc1ccc(C(=S)c2ccc(*)cc2)cc1,egb,1.8785,1.273353039987886
*Nc1ccc(C(=S)c2ccc(*)cc2)cc1,ei,5.3904,5.186527546388641
*Nc1ccc(C(=S)c2ccc(*)cc2)cc1,eps,6.72,6.1484165411547345
*Nc1ccc(C(=S)c2ccc(*)cc2)cc1,nc,2.3239,2.396459409636691
*Nc1ccc(C(=S)c2ccc(*)cc2)s1,eea,2.9139,2.9509925915620996
*Nc1ccc(C(=S)c2ccc(*)cc2)s1,egb,1.7781,1.8179495342157936
*Nc1ccc(C(=S)c2ccc(*)cc2)s1,eps,6.46,6.725742831028731
*Nc1ccc(C(=S)c2ccc(*)s2)s1,ei,5.2424,5.167378348306659
*Nc1ccc(C(=S)c2ccc(*)s2)s1,eps,6.36,7.8981958707718825
*Nc1ccc(C(C)(C)c2ccc(NC(=O)c3cc(C(*)=O)cc(N4C(=O)C5C6CCC(C6)C5C4=O)c3)cc2)cc1,egc,4.0843,3.485684017319632
*Nc1ccc(C=Cc2ccc(NC(=C(C#N)C#N)c3ccc(C(*)=C(C#N)C#N)cc3)cc2)cc1,egc,2.0414,2.533092670909135
*Nc1ccc(CC(C)(C)NC(=O)CCCCCCCCC(*)=O)cc1,egc,4.455,4.819815757521411
*Nc1ccc(Cc2ccc(NC(=O)c3cc(C(*)=O)cc(N4C(=O)C5C6CCC(C6)C5C4=O)c3)cc2)cc1,egc,3.4808,3.8765296930064688
*Nc1ccc(Cc2ccc(NC(=O)c3cc(C(*)=O)cc(N4C(=O)C=CC4=O)c3)cc2)cc1,egc,2.1937,3.186159503866363
*Nc1ccc(Cc2ccc(NC(=O)c3cc(NC(=O)c4ccncc4)cc(C(*)=O)c3)cc2)cc1,egc,3.497,3.461178038278735
*Nc1ccc(Cc2ccc(NC(=O)c3ccc(P(=O)(c4ccccc4)c4ccc(C(*)=O)cc4)cc3)cc2)cc1,egc,3.0916,4.000177744026786
*Nc1ccc(NC(*)=S)s1,eea,2.2133,2.475813036057138
*Nc1ccc(NC(*)=S)s1,egb,2.1538,2.3577774230252033
*Nc1ccc(NC(*)=S)s1,eps,5.78,5.289374634540189
*Nc1ccc(NC(*)=S)s1,nc,2.19,2.1800015440557243
*Nc1ccc(NC(=O)C=CC(*)=O)cc1,egc,2.7273,3.34899415375326
*Nc1ccc(NC(=O)C=Cc2ccc(C=CC(*)=O)cc2)cc1,egc,3.0305,2.5054240403298382
*Nc1ccc(NC(=O)CCC(*)=O)cc1,egc,4.4554,4.336376137774174
*Nc1ccc(NC(=O)CCCC(*)=O)cc1,egc,3.9291,4.551803843805267
*Nc1ccc(NC(=O)CCCCC(*)=O)cc1,egc,4.5219,4.290271826451615
*Nc1ccc(NC(=O)CCCCCCCC(*)=O)cc1,egc,4.5152,4.5466079299579665
*Nc1ccc(NC(=O)CCCCCCCCC(*)=O)cc1,egc,4.5375,4.498871182955673
*Nc1ccc(NC(=O)NC(=O)NC(*)=O)s1,eea,1.5146,1.6344788251343927
*Nc1ccc(NC(=O)NC(=O)NC(*)=O)s1,egb,3.2632,3.2177498407276723
*Nc1ccc(NC(=O)NC(=O)NC(*)=O)s1,eps,5.34,4.978988769493242
*Nc1ccc(NC(=O)NC(=O)NC(*)=O)s1,nc,1.9797,2.013575194091918
*Nc1ccc(NC(=O)NONC(*)=O)s1,eea,1.3385,2.0950816701456834
*Nc1ccc(NC(=O)NONC(*)=O)s1,ei,5.6948,5.66240974244721
*Nc1ccc(NC(=O)c2cc(NC(=O)c3ccc(NC(=O)C(C)N4C(=O)c5ccccc5C4=O)cc3)cc(C(*)=O)c2)cc1C,egc,2.319,2.980621088375581
*Nc1ccc(NC(=O)c2cc(NC(=O)c3ccccc3)cc(C(*)=O)c2)cc1,egc,3.3958,3.343362794111843
*Nc1ccc(NC(=O)c2ccc(C(=O)c3ccc(C(*)=O)c(C(=O)O)c3)cc2C(=O)O)cc1,egc,3.0554,2.9754789293276755
*Nc1ccc(NC(=O)c2ccc(NC(=O)c3cc(NC(=O)C45CC6CC(CC(C6)C4)C5)cc(C(*)=O)c3)cc2)cc1,egc,3.1839,3.7604506345334237
*Nc1ccc(NC(=O)c2cccc(C(*)=O)c2)cc1,egc,3.551,3.7807461681178163
*Nc1ccc(NC(=S)NC(=O)c2ccc(C(=O)NC(*)=S)cc2)cc1,egc,2.6945,3.143645922548371
*Nc1ccc(NC(=S)NC(=O)c2cccc(C(=O)NC(*)=S)c2)cc1,egc,3.3129,2.8193290389049364
*Nc1ccc(NO*)cc1,eps,4.2,4.547765988028415
*Nc1ccc(NO*)cc1,nc,1.8848,1.9371100895019555
*Nc1ccc(Nc2ccc(*)cc2)cc1C(=O)O,egc,2.6737,3.2827826154120214
*Nc1ccc(Nc2ccc(*)s2)cc1,eea,1.0698,1.031225596446496
*Nc1ccc(Nc2ccc(*)s2)cc1,egb,2.8374,3.153672883928972
*Nc1ccc(Nc2ccc(*)s2)cc1,eps,5.07,4.767243010508908
*Nc1ccc(Nc2ccc(*)s2)s1,eea,1.4393,1.3063917791753783
*Nc1ccc(Nc2ccc(*)s2)s1,ei,4.0261,4.610705624405508
*Nc1ccc(OC(*)=S)cc1,egb,3.2479,3.4638342627290206
*Nc1ccc(OC(*)=S)cc1,ei,5.9088,5.631390403191036
*Nc1ccc(OC(*)=S)cc1,eps,4.5,4.774612136267773
*Nc1ccc(OC(*)=S)cc1,nc,1.9514,1.9377643618563463
*Nc1ccc(OC(*)=S)s1,ei,5.6596,5.673609863119979
*Nc1ccc(OC(*)=S)s1,eps,5.02,4.998196951516226
*Nc1ccc(Oc2ccc(*)cc2)cc1,eea,1.1501,1.1617992221336055
*Nc1ccc(Oc2ccc(*)cc2)cc1,egb,3.2074,3.505077454911488
*Nc1ccc(Oc2ccc(*)cc2)cc1,ei,4.8032,5.189634260372558
*Nc1ccc(Oc2ccc(*)cc2)cc1,eps,4.38,4.316128171012162
*Nc1ccc(Oc2ccc(*)cc2)cc1,nc,1.9297,1.9286720198700258
*Nc1ccc(Oc2ccc(*)s2)cc1,ei,5.3817,5.199669922519464
*Nc1ccc(Oc2ccc(*)s2)cc1,nc,1.9073,1.9346054565698192
*Nc1ccc(Oc2ccc(*)s2)s1,egb,3.9124,3.514384506760519
*Nc1ccc(Oc2ccc(*)s2)s1,eps,4.14,4.080272354550756
*Nc1ccc(Oc2ccc(*)s2)s1,nc,1.9001,1.9203344438947785
*Nc1ccc(cc1)C(=O)c1ccc(cc1)NC(=O)c1cc(ccc1)C(=O)*,tg,253.2,265.244829982721
*Nc1ccc(cc1)C(=O)c1ccc(cc1)NC(=O)c1ccc(cc1)C(=O)*,tg,300.0,264.4718949581276
*Nc1ccc(cc1)C(c1ccc(cc1)NC(=O)c1cc(cc(c1)C(C)(C)C)C(=O)*)(C(F)(F)F)C(F)(F)F,tg,284.1,253.93994296054598
*Nc1ccc(cc1)C(c1ccc(cc1)NC(=O)c1cc(cc(c1)C(C)(C)C)C(=O)*)(P1(=O)c2ccccc2c2ccccc2O1)P1(=O)c2ccccc2c2ccccc2O1,tg,235.0,244.11562629010922
*Nc1ccc(cc1)C(c1ccc(cc1)NC(=O)c1cc(cc(c1)N1C(=O)C2C(C1=O)C1CCC2C1)C(=O)*)(C)C,tg,311.0,310.03605272962125
*Nc1ccc(cc1)C(c1ccc(cc1)NC(=O)c1cc(cc(c1)NC(=O)C12CC3CC(CC(C1)C3)C2)C(=O)*)(C(F)(F)F)C(F)(F)F,tg,365.0,318.101644886602
*Nc1ccc(cc1)C(c1ccc(cc1)NC(=O)c1cc(cc(c1)NC(=O)CCCCCN1C(=O)c2c(C1=O)cccc2)C(=O)*)(C(F)(F)F)C(F)(F)F,tg,225.0,229.35481543940648
*Nc1ccc(cc1)C(c1ccc(cc1)NC(=O)c1cc(cc(c1)NC(=O)CCCN1C(=O)c2c(C1=O)cccc2)C(=O)*)(C(F)(F)F)C(F)(F)F,tg,240.0,236.6938883949971
*Nc1ccc(cc1)C(c1ccc(cc1)NC(=O)c1cc(cc(c1)S(=O)(=O)c1ccccc1)C(=O)*)(C)C,tg,287.0,277.59105379212104
*Nc1ccc(cc1)C(c1ccc(cc1)NC(=O)c1cc(ccc1)C(=O)*)(C)C,tg,278.33,219.2514507349971
*Nc1ccc(cc1)C(c1ccc(cc1)NC(=O)c1cc(ccc1)C(=O)*)(P1(=O)c2ccccc2c2ccccc2O1)P1(=O)c2ccccc2c2ccccc2O1,tg,230.0,228.7551600850523
*Nc1ccc(cc1)C(c1ccc(cc1)NC(=O)c1cc2c(cc1)cc(cc2)C(=O)*)(P1(=O)c2ccccc2c2ccccc2O1)P1(=O)c2ccccc2c2ccccc2O1,tg,241.0,248.7180482589846
*Nc1ccc(cc1)C(c1ccc(cc1)NC(=O)c1ccc(cc1)C(=O)*)(P1(=O)c2ccccc2c2ccccc2O1)P1(=O)c2ccccc2c2ccccc2O1,tg,245.0,236.69229591875975
*Nc1ccc(cc1)C(c1ccc(cc1)NC(=O)c1ccc(cc1)C(c1ccc(cc1)C(=O)*)(C(F)(F)F)C(F)(F)F)(P1(=O)c2ccccc2c2ccccc2O1)P1(=O)c2ccccc2c2ccccc2O1,tg,235.0,244.03690393595951
*Nc1ccc(cc1)C(c1ccc(cc1)NC(=O)c1ccc(cc1)c1ccc(cc1)C(=O)*)(P1(=O)c2ccccc2c2ccccc2O1)P1(=O)c2ccccc2c2ccccc2O1,tg,251.0,246.60234711394358
*Nc1ccc(cc1)C1(c2ccccc2c2ccccc12)c1ccc(cc1)NC(=O)c1ccc(cc1)C(=O)*,tg,319.0,275.68718684382037
*Nc1ccc(cc1)CC(NC(=O)CCC(=O)*)(C)C,tg,158.0,138.63975103272395
*Nc1ccc(cc1)CC(NC(=O)CCCCC(=O)*)(C)C,tg,130.0,114.2315471314892
*Nc1ccc(cc1)CC(NC(=O)CCCCCCCCC(=O)*)(C)C,tg,92.0,118.27925520941639
*Nc1ccc(cc1)CCNC(=O)CCCCC(=O)*,tg,115.0,116.94880450779398
*Nc1ccc(cc1)Cc1ccc(cc1)NC(=O)NCCCCCCCCCCCCCCCCCCNC(=O)*,tg,48.0,48.226680341493136
*Nc1ccc(cc1)Cc1ccc(cc1)NC(=O)NCCCCCCCCCCCCNC(=O)*,tg,51.0,45.36778160485432
*Nc1ccc(cc1)Cc1ccc(cc1)NC(=O)NCCCCCCCCCCNC(=O)*,tg,46.0,57.04359379260275
*Nc1ccc(cc1)Cc1ccc(cc1)NC(=O)NCCCCCCCCNC(=O)*,tg,50.0,70.34719051734237
*Nc1ccc(cc1)Cc1ccc(cc1)NC(=O)NCCCCCCNC(=O)*,tg,78.0,69.58188606589832
*Nc1ccc(cc1)Cc1ccc(cc1)NC(=O)c1cc(cc(c1)N1C(=O)C2C(C1=O)CC=CC2)C(=O)*,tg,286.0,265.2817246266805
*Nc1ccc(cc1)Cc1ccc(cc1)NC(=O)c1cc(cc(c1)N1C(=O)C=CC1=O)C(=O)*,tg,287.0,273.43209216938465
*Nc1ccc(cc1)Cc1ccc(cc1)NC(=O)c1cc(cc(c1)NC(=O)CCCCCN1C(=O)c2c(C1=O)cccc2)C(=O)*,tg,195.0,217.0503124742757
*Nc1ccc(cc1)Cc1ccc(cc1)NC(=O)c1cc(cc(c1)NC(=O)CCN1C(=O)c2c(C1=O)cccc2)C(=O)*,tg,235.0,223.30205409670845
*Nc1ccc(cc1)Cc1ccc(cc1)NC(=O)c1cc(cc(c1)NC(=O)c1ccc(cc1)NC(=O)C(CC(C)C)N1C(=O)c2c(C1=O)cccc2)C(=O)*,tg,238.0,234.879466708771
*Nc1ccc(cc1)Cc1ccc(cc1)NC(=O)c1cc(cc(c1)NC(=O)c1ccccc1)C(=O)*,tg,285.0,289.47869784761707
*Nc1ccc(cc1)Cc1ccc(cc1)NC(=O)c1cc(cc(c1)NC(=O)c1ccncc1)C(=O)*,tg,302.0,296.0898107692253
*Nc1ccc(cc1)Cc1ccc(cc1)NC(=O)c1cc(cc(c1)S(=O)(=O)c1ccccc1)C(=O)*,tg,270.0,272.40224349882124
*Nc1ccc(cc1)NC(=O)CCCC(=O)*,tg,135.0,155.09759725162695
*Nc1ccc(cc1)NC(=O)CCCCC(=O)*,tg,133.0,147.7819136799523
*Nc1ccc(cc1)NC(=O)CCCCCCC(=O)*,tg,138.0,128.7072837603603
*Nc1ccc(cc1)NC(=O)CCCCCCCC(=O)*,tg,130.0,131.4867482032734
*Nc1ccc(cc1)NC(=O)CCCCCCCCC(=O)*,tg,125.0,128.79531323723228
*Nc1ccc(cc1)NC(=O)Cc1c(cc(c(c1)CC(=O)*)C)C,tg,208.0,199.09181890307013
*Nc1ccc(cc1)NC(=O)c1c(cc(c(c1)C(=O)*)C(=O)O)C(=O)O,tg,283.4,239.70684044562853
*Nc1ccc(cc1)NC(=O)c1c(cc(cc1)C(=O)c1cc(c(cc1)C(=O)*)C(=O)OCC)C(=O)OCC,tg,275.0,203.6092451275468
*Nc1ccc(cc1)NC(=O)c1c(ccc(c1)C(=O)c1cc(c(cc1)C(=O)O)C(=O)*)C(=O)O,tg,213.2,239.79507022451475
*Nc1ccc(cc1)NC(=O)c1c(ccc(c1)c1cc(c(cc1)C(=O)OC)C(=O)*)C(=O)OC,tg,234.2,233.08070241200187
*Nc1ccc(cc1)NC(=O)c1c(ccc(c1)c1cc(c(cc1)C(=O)OCC)C(=O)*)C(=O)OCC,tg,231.7,195.4834734714235
*Nc1ccc(cc1)NC(=O)c1cc(cc(c1)NC(=O)c1ccccc1)C(=O)*,tg,321.0,312.4245273898172
*Nc1ccc(cc1)NC(=O)c1cc(cc(c1)NC(=O)c1ccncc1)C(=O)*,tg,327.0,332.9820688982118
*Nc1ccc(cc1)NC(=O)c1cc(ccc1)C(=O)*,tg,285.75,223.72591485467004
*Nc1ccc(cc1)NC(=O)c1cc(ccc1)C(=O)c1ccc(cc1)C(=O)*,tg,257.5,254.29718366627884
*Nc1ccc(cc1)NC(=O)c1ccc(cc1)NC(=O)c1cc(cc(c1)NC(=O)C12CC3CC(CC(C1)C3)C2)C(=O)*,tg,365.0,346.1757356382543
*Nc1ccc(cc1)NC(=O)c1ccc(cc1)NC(=O)c1ccc(cc1)P(=O)(c1ccc(cc1)C(=O)*)c1ccccc1,tg,243.0,268.09224537562807
*Nc1ccc(cc1)N[Se]*,tg,55.0,79.80469207849197
*Nc1ccc(cc1)[Si](c1ccc(cc1)NC(=O)c1cc2Cc3c(c2cc1)ccc(c3)C(=O)*)(c1ccccc1)c1ccccc1,tg,54.45,217.60351193622327
*Nc1ccc(cc1)c1c(cc(cc1c1ccc(cc1)c1ccccc1)c1ccc(cc1)c1cc(c(c(c1)c1ccc(cc1)c1ccccc1)c1ccc(cc1)NC(=O)c1ccc(cc1)C(=O)*)c1ccc(cc1)c1ccccc1)c1ccc(cc1)c1ccccc1,tg,305.0,293.6638681848209
*Nc1ccc(cc1)c1ccc(cc1)NC(=O)Cc1c(cc(c(c1)C)CC(=O)*)C,tg,171.0,253.80829036168737
*Nc1ccc(cc1)c1ccc(cc1)NC(=O)c1cc(cc(c1)NC(=O)c1ccc(cc1)NC(=O)C(N1C(=O)c2c(C1=O)cccc2)C)C(=O)*,tg,202.0,234.1931925718349
*Nc1ccc(cc1)c1ccc(cc1)NC(=O)c1cc(cc(c1)NC(=O)c1ccncc1)C(=O)*,tg,339.0,330.76474089799785
*Nc1ccc(cc1)c1ccc(cc1)NC(=O)c1cc(cc(c1)S(=O)(=O)c1ccccc1)C(=O)*,tg,319.0,312.75218953957614
*Nc1ccc(cc1)c1ccc(cc1)NC(=O)c1ccc(cc1)NC(=O)c1ccc(cc1)[Si](c1ccc(cc1)C(=O)Nc1ccc(cc1)C(=O)*)(C)C,tg,320.0,293.3122208724948
*Nc1cccc(C#Cc2cccc(C(*)=O)c2)c1,egc,3.7438,3.478098351759458
*Nc1cccc(C(*)=O)c1,egb,3.2399,3.467751873174535
*Nc1cccc(C(*)=O)c1,egc,4.1556,4.243960286817302
*Nc1cccc(C(*)=O)c1,eps,4.43,4.502963706193475
*Nc1cccc(NC(=O)C=CC(*)=O)c1,egc,3.628,3.6067124273061286
*Nc1cccc(NC(=O)CCCCCCC(*)=O)c1,egc,4.8656,4.660758879421335
*Nc1cccc(NC(=O)c2cc(NC(=O)c3ccncc3)cc(C(*)=O)c2)c1,egc,3.2998,3.4684782444653104
*Nc1cccc(NC(=O)c2ccc(NC(=O)c3ccc([Si](C)(C)c4ccc(C(=O)Nc5ccc(C(*)=O)cc5)cc4)cc3)cc2)c1,egc,3.5185,3.455975338291238
*Nc1cccc(NC(=O)c2cccc(C(*)=O)c2)c1,egc,4.1202,3.6937975367112776
*Nc1ccccc1NC(=O)c1cccc(C(*)=O)c1,egc,3.6159,3.907450413772035
*Nc1nc(*)nc(-c2ccccc2)n1,egc,4.2193,4.147743699484542
*Nc1nc(Nn2c(=O)c3cc4c(=O)n(*)c(=O)c4cc3c2=O)nc(N(CC)CC)n1,egc,2.6124,2.6292090154495686
*Nc1nc(Nn2c(=O)c3cc4c(=O)n(*)c(=O)c4cc3c2=O)nc(N(CCC)CCC)n1,egc,2.5752,2.5850729978465137
*Nc5ccc(NC(=O)c4ccc(C3(c1ccc(C(*)=O)cc1)OC(=O)c2ccccc23)cc4)cc5,egc,3.4199,3.620087725571983
*Nc6ccc(C5(c2ccc(NC(=O)c1ccc(C(*)=O)cc1)cc2)c3ccccc3C(=O)c4ccccc45)cc6,egc,3.2678,3.342727025547314
*Nc6ccc(C5(c3ccc(NC(=O)Cc2ccc(Oc1ccc(C(*)=O)cc1)cc2)cc3)OC(=O)c4ccccc45)cc6,egc,4.1183,3.611361630624528
*Nc6ccc(c5ccc(NC(=O)c4ccc(C3(c1ccc(C(*)=O)cc1)OC(=O)c2ccccc23)cc4)cc5)cc6,egc,3.2864,3.393102342243167
*Nc8ccc(C7(c5ccc(NC(=O)c4ccc(C3(c1ccc(C(*)=O)cc1)OC(=O)c2ccccc23)cc4)cc5)OC(=O)c6ccccc67)cc8,egc,3.8809,3.5104591448050018
*OC(*)(C)C,egc,6.2991,5.9373956755320805
*OC(*)C,tg,-21.07,65.82872515114525
*OC(*)C(Cl)Cl,egc,6.5565,5.835143654054981
*OC(*)CC,egc,6.1349,6.381874592935096
*OC(*)CCC,egc,6.6355,6.557385984933401
*OC(*)CCC#N,egc,6.5576,6.500407663012194
*OC(*)CCCC,egc,6.6222,6.4745115898046715
*OC(=C(C)C)C(C)(C)C(*)=O,egc,4.7881,5.390211151637173
*OC(=C)CC(*)=O,egc,5.0472,4.99508711731797
*OC(=O)C(=O)OCCCCCC*,tg,66.5,-24.39636662547993
*OC(=O)C(=S)C(*)=O,eea,5.1004,4.389896375725543
*OC(=O)C(=S)C(*)=O,egb,1.4341,2.0113542345915163
*OC(=O)C(C(=O)OCCC[Sn](CCC*)(C)C)CCCCCCOc1ccc(cc1)c1ccc(cc1)OCc1ccc(cc1)[N+](=O)[O-],tg,40.5,26.604902125507092
*OC(=O)C(C(=O)OCCOCC*)C,tg,-29.0,-42.70483339720083
*OC(=O)C(C(=O)OCCOCC*)CCCCC,tg,-47.0,-41.41186849545095
*OC(=O)C(C(=O)OCCOCC*)CCCCCCC,tg,-58.0,-48.567433563685654
*OC(=O)C(C*)(C)C,tg,-6.17,27.44819474713875
*OC(=O)C(C*)(CC)C,tg,-7.4,36.93022029447737
*OC(=O)C(C*)(CC)CC,tg,60.0,11.425768782401468
*OC(=O)C(C*)C,tg,-26.33,12.545682053927434
*OC(=O)C(Cc1ccccc1)NC(=O)CCCCC(=O)NC(Cc1ccccc1)C(=O)OC1COC2C(*)COC12,egc,5.287,4.778197054415778
*OC(=O)C(F)(F)C(*)(F)F,ei,9.0985,8.719644270531088
*OC(=O)C(F)(F)C(*)(F)F,eps,3.31,3.6635970970229628
*OC(=O)C(F)(F)C(*)(F)F,nc,1.5879,1.6001549255314822
*OC(=O)C(NC(=O)C=CC(=O)NC(C(=O)OCC=CC*)Cc1ccccc1)Cc1ccccc1,tg,109.0,102.45542353079087
*OC(=O)C(NC(=O)C=CC(=O)NC(C(=O)OCCCC*)Cc1ccccc1)Cc1ccccc1,tg,103.0,87.85069368887193
*OC(=O)C(NC(=O)C=CC(=O)NC(C(=O)OCCCCCC*)Cc1ccccc1)Cc1ccccc1,tg,92.0,87.07011043065472
*OC(=O)C(NC(=O)CCCCC(=O)NC(C(=O)OCC=CC*)Cc1ccccc1)Cc1ccccc1,tg,61.0,66.34808170319097
*OC(=O)C(NC(=O)CCCCCCCCC(=O)NC(C(=O)OCC=CC*)Cc1ccccc1)Cc1ccccc1,tg,46.0,50.39686507286516
*OC(=O)C*,tg,55.86,23.5847856379913
*OC(=O)C/C=C/CC(=O)OCCCCCCCCCCCCCCCC*,tg,-22.0,-36.91182584632995
*OC(=O)C1C2C=CC(C1C(=O)OCC*)C2,tg,0.0,75.43716344345424
*OC(=O)C1CCC(C(=O)OC2COC3C(*)COC23)CC1,egc,6.4746,6.2043832799898215
*OC(=O)C1CCC(CC1)C(=O)OCC(C*)(C)C,tg,30.0,44.19339152995181
*OC(=O)C1CCC(CC1)C(=O)OCC*,tg,25.0,22.904364452913462
*OC(=O)C1CCC(CC1)C(=O)OCC1CCC(CC1)C*,tg,67.68,64.06598949432447
*OC(=O)C1CCC(CC1)C(=O)OCCCC*,tg,-10.5,12.320054016901043
*OC(=O)C1CCC(CC1)C(=O)OCCOCC*,tg,-10.15,-15.072311019381843
*OC(=O)C=CC(=O)NCCCCCCNC(=O)C=CC(=O)OCCOCC*,tg,76.0,9.437664050888001
*OC(=O)C=CC(=O)OC1COC2C(*)COC12,egc,4.1943,5.250959930921878
*OC(=O)CC(=O)OCCOCC*,tg,-41.5,-44.561120879299835
*OC(=O)CC(CC*)C,tg,-71.5,-34.52536222433729
*OC(=O)CC*,tg,-24.18,-21.66821417405815
*OC(=O)CCC#CC#CCCC(=O)OCCN(CC*)c1ccc(cc1)N=Nc1c(cc(cc1C)N=Nc1ccc(cc1)C#N)C,tg,63.0,93.62692951520432
*OC(=O)CCC#CC#CCCC(=O)OCCN(CC*)c1ccc(cc1)[N+](=O)[O-],tg,30.0,59.18803183768456
*OC(=O)CCC(=O)OCC(C*)(C)C,tg,-18.0,-14.10018644870059
*OC(=O)CCC(=O)OCC1CCC(CC1)C*,tg,-1.0,12.120572903305451
*OC(=O)CCC(=O)OCCC*,tg,-34.42,-18.405656877624434
*OC(=O)CCC(=O)OCCCCCCCCC*,tg,31.0,-49.31935616641846
*OC(=O)CCC(=O)OCCOCC*,tg,-41.51,-44.3200056727969
*OC(=O)CCC(=O)OCCSCC*,tg,-34.0,-35.115527180401905
*OC(=O)CCC(CC*)C,tg,-53.0,-53.56517611761918
*OC(=O)CCC*,tg,-28.78,-38.650288938459504
*OC(=O)CCCC(=O)NCCCCCC*,tg,-18.0,-11.016314322803474
*OC(=O)CCCC(=O)OCCC*,tg,-33.67,-47.26120016374999
*OC(=O)CCCC(=O)OCCOCC*,tg,-55.0,-56.00357435390548
*OC(=O)CCCCC(*)=O,egc,6.1659,6.154083998363872
*OC(=O)CCCCC(=O)OCC(C(C(C*)(F)F)(F)F)(F)F,tg,-60.5,-28.927722069221577
*OC(=O)CCCCC(=O)OCC(C*)CCCCCCOc1ccc(cc1)N=Nc1ccc(cc1)C,tg,29.0,10.27116216248886
*OC(=O)CCCCC(=O)OCC(C*)CCCCCCOc1ccc(cc1)N=Nc1ccc(cc1)C(F)(F)F,tg,44.0,29.345792449465172
*OC(=O)CCCCC(=O)OCC(C*)CCCCCCOc1ccc(cc1)N=Nc1ccc(cc1)Cl,tg,9.0,28.36667097784563
*OC(=O)CCCCC(=O)OCC(C*)CCCCCCOc1ccc(cc1)N=Nc1ccc(cc1)OC,tg,22.0,20.609505922597137
*OC(=O)CCCCC(=O)OCC(C*)O,tg,-20.0,-21.99227274387561
*OC(=O)CCCCC(=O)OCC(CC(CC*)(C)C)C,tg,-70.0,-55.25171829649882
*OC(=O)CCCCC(=O)OCCC(CC*)C,tg,-78.6,-69.22435844788043
*OC(=O)CCCCC(=O)OCCC*,tg,-52.17,-58.32224499070453
*OC(=O)CCCCC(=O)OCCCCC*,tg,-70.33,-57.775017664774005
*OC(=O)CCCCC(=O)OCCCCCCCCCC*,tg,-68.0,-49.435201325096685
*OC(=O)CCCCC(=O)OCCOCCOCC*,tg,-49.0,-67.21057859953123
*OC(=O)CCCCC*,tg,-57.39,-44.65711009843448
*OC(=O)CCCCCC(*)=O,egc,5.9809,6.201683633652965
*OC(=O)CCCCCC(=O)OCC*,tg,-54.0,-45.265052121552515
*OC(=O)CCCCCC(=O)OCCOCC*,tg,-59.67,-63.25947117707965
*OC(=O)CCCCCC(=O)OCCOCCOCC*,tg,-54.0,-60.851758158760816
*OC(=O)CCCCCC*,tg,-14.0,-57.49693797624653
*OC(=O)CCCCCCC(*)=O,egc,6.0659,6.222754010993732
*OC(=O)CCCCCCC(=O)OCC#CC*,tg,-38.0,-28.08425892192676
*OC(=O)CCCCCCC(=O)OCCC*,tg,-58.75,-58.21866280860644
*OC(=O)CCCCCCC(=O)OCCCCCCCCCC*,tg,-22.0,-55.25932753431
*OC(=O)CCCCCCCC(*)=O,egc,6.2617,6.211724053091853
*OC(=O)CCCCCCCC(=O)OCC*,tg,-45.0,-59.73645051968619
*OC(=O)CCCCCCCCC(=O)OC/C=C\C*,tg,-41.0,-28.277526359549796
*OC(=O)CCCCCCCCC(=O)OC1COC2C(*)COC12,egc,6.5166,6.455214379446045
*OC(=O)CCCCCCCCC(=O)OCC#CC(=Cc1ccc(cc1)C#Cc1ccc(cc1)C=C(C#Cc1ccccc1)C#Cc1ccccc1)C#CC*,tg,60.0,63.03216118816204
*OC(=O)CCCCCCCCC(=O)OCC#CC(=Cc1ccc(cc1)C#Cc1ccc(cc1)[N+](=O)[O-])C#CC*,tg,60.0,59.18929345556466
*OC(=O)CCCCCCCCC(=O)OCC#CC*,tg,-30.88,-38.3798735846554
*OC(=O)CCCCCCCCC(=O)OCC(=O)NCCCCCCNC(=O)C*,tg,2.0,1.7338896589557664
*OC(=O)CCCCCCCCC(=O)OCC*,tg,-37.16,-55.76599159461654
*OC(=O)CCCCCCCCC(=O)OCCCC*,tg,-64.4,-50.091781563212514
*OC(=O)CCCCCCCCC(=O)OCCCCCCCCCC*,tg,-53.0,-48.63690527108978
*OC(=O)CCCCCCCCC(=O)OCCOCC*,tg,-74.5,-64.60558357931689
*OC(=O)CCCCCCCCCC(*)=O,egc,6.2966,6.394607604174377
*OC(=O)CCCCCCCCCCC(*)=O,egc,6.499,6.301051564171645
*OC(=O)CCCCCCCCCCC(=O)OCC#CC*,tg,-27.0,-35.204289650761346
*OC(=O)CCCCCCCCCCC(=O)OCC(=O)NCCCCCCNC(=O)C*,tg,0.9,0.7239133615082
*OC(=O)CCCCCCCCCCCC(*)=O,egc,6.2745,6.335500797982043
*OC(=O)CCCCCCCCCCCCC(=O)OCC(C*)CCCCCCOc1ccc(cc1)N=Nc1ccc(cc1)C#N,tg,21.5,12.980629873108745
*OC(=O)CCCCCCCCCCCCCCCCC(*)=O,egc,6.1592,6.353646924007657
*OC(=O)CCCCCN(c1ccc(cc1)N=Nc1ccc(cc1)S(=O)(=O)CCCCCC*)C,tg,60.5,37.74168595167198
*OC(=O)CCOCC*,tg,-35.55,-45.747170859910845
*OC(=O)CCS(=O)(=O)CCC(*)=O,egc,6.2922,5.802013099868931
*OC(=O)CCSCCC(=O)OCC*,tg,-47.0,-51.55273676288464
*OC(=O)CCSCCSCCC(*)=O,egc,4.6742,5.584142346202983
*OC(=O)CCSCc1ccc(cc1)Cc1ccc(cc1)CSCCC(=O)OCCSCc1ccc(cc1)Cc1ccc(cc1)CSCC*,tg,-4.6,-5.355018555301612
*OC(=O)CCc1ccc(CCC(*)=O)cc1,egc,5.0434,5.441102548483415
*OC(=O)CN(c1ccc(cc1)N=Nc1ccc(cc1)S(=O)(=O)CCC*)CCCC,tg,92.4,81.70506716697666
*OC(=O)COCC(=O)OCCCC*,tg,-27.0,-13.524766391797504
*OC(=O)CS(=O)(=O)CCS(=O)(=O)CC(*)=O,egc,5.7619,5.599868792698099
*OC(=O)CSCc1ccc(cc1)Cc1ccc(cc1)CSCC(=O)OCCSCc1ccc(cc1)Cc1ccc(cc1)CSCC*,tg,-1.25,11.207592607000118
*OC(=O)NC(=O)c1cc(ccc1)C(=O)NC(=O)OCC(C*)(C)C,tg,66.0,94.85158231215475
*OC(=O)NC(=O)c1cc(ccc1)C(=O)NC(=O)OCC(C*)CCCCCCCC,tg,65.0,102.39822703947526
*OC(=O)NC(=O)c1cc(ccc1)C(=O)NC(=O)OCC(C*)CCCCCCCCCCCC,tg,112.0,66.67246854640759
*OC(=O)NC(=O)c1ccc(cc1)C(=O)NC(=O)OCC(C*)(C)C,tg,102.0,102.22874462793295
*OC(=O)NC(=O)c1ccc(cc1)C(=O)NC(=O)OCC(C*)CCCCCCCCCCCC,tg,75.0,102.66595920648724
*OC(=O)NC1CC(CC(C1)(CNC(=O)OCC*)C)(C)C,tg,84.0,104.55156867061432
*OC(=O)NC1CC(CC(C1)(CNC(=O)OCCN(CC*)c1ccc(cc1)C=C(C#N)C#N)C)(C)C,tg,141.0,125.52967740832898
*OC(=O)NC1CC(CC(C1)(CNC(=O)OCCN(CC*)c1ccc(cc1)N=Nc1ccc(cc1)C#N)C)(C)C,tg,136.0,138.79351363572346
*OC(=O)NC1CC(CC(C1)(CNC(=O)OCCN(CC*)c1ccc(cc1)N=Nc1ccc(cc1)P(=O)(c1ccccc1)c1ccccc1)C)(C)C,tg,163.0,124.75878814404965
*OC(=O)NC1CCC(CC2CCC(NC(=O)OC3CC4CC(*)CC(C3)O4)CC2)CC1,egc,5.8672,6.030229724357728
*OC(=O)NCC(C(C(C(CNC(=O)OCC(C(C*)(F)F)(F)F)(F)F)(F)F)(F)F)(F)F,tg,38.0,23.016261570910412
*OC(=O)NCC(C(C(C(CNC(=O)OCCCC*)(F)F)(F)F)(F)F)(F)F,tg,33.0,32.89083818940856
*OC(=O)NCC(C(C(C(CNC(=O)OCCCCC*)(F)F)(F)F)(F)F)(F)F,tg,33.0,29.34715579233333
*OC(=O)NCC(C*)C,tg,40.0,34.2537496523458
*OC(=O)NCCCCCCCCCCNC(=O)OCC*,tg,60.8,43.08810282817572
*OC(=O)NCCCCCCCCCCNC(=O)OCCCCCCCCCCCCCCCC*,tg,34.0,30.90828307250268
*OC(=O)NCCCCCCCCCNC(=O)OCC*,tg,44.0,57.69677196251715
*OC(=O)NCCCCCCNC(=O)OCC(C(C(C(C*)(F)F)(F)F)(F)F)(F)F,tg,-2.0,5.612928191717423
*OC(=O)NCCCCCCNC(=O)OCC(C*)(C(=O)O)C,tg,-26.0,45.5090073789555
*OC(=O)NCCCCCCNC(=O)OCCC*,tg,55.0,33.741262625046346
*OC(=O)NCCCCCCNC(=O)OCCCC*,tg,38.12,32.03861947489159
*OC(=O)NCCCCCCNC(=O)OCCCCCCC*,tg,55.0,32.74992882849895
*OC(=O)NCCCCCCNC(=O)OCCCCCCCCCCCC*,tg,36.0,34.55579256967118
*OC(=O)NCCCCCCNC(=O)OCCCCCCCCCCCCCCCC*,tg,39.0,31.211092781582213
*OC(=O)NCCCCCCNC(=O)OCCCCCOC(=O)c1c(cccc1)C(=O)O[Cd]OC(=O)c1c(cccc1)C(=O)OCCCCC*,tg,-6.8,-0.5047498668059458
*OC(=O)NCCCCCCNC(=O)OCCCCCOC(=O)c1c(cccc1)C(=O)O[Pb]OC(=O)c1c(cccc1)C(=O)OCCCCC*,tg,-19.2,-6.834457240061999
*OC(=O)NCCCCCCNC(=O)OCCN(CC*)CCCCCCOc1ccc(cc1)C=Cc1ccc(cc1)[N+](=O)[O-],tg,29.05,17.042891040210126
*OC(=O)NCCCCCCNC(=O)OCCN(CC*)c1ccc(cc1)N=Nc1ccc(cc1)P(=O)(c1ccccc1)c1ccccc1,tg,120.0,59.80111167893412
*OC(=O)NCCCCCCNC(=O)OCCN(CC*)c1ccccc1,tg,31.9,34.00630307576857
*OC(=O)NCCCCNC(=O)OCCCCCC*,tg,16.0,40.00477431656283
*OC(=O)NCc1ccc(cc1)CNC(=O)OCCCCCCCCCC*,tg,49.0,62.475271751643376
*OC(=O)NNC(=O)CCCCCCCCC(=O)NNC(=O)OCCC*,tg,22.0,45.80518283472738
*OC(=O)NNC(=O)CCCCCCCCC(=O)NNC(=O)OCCCC*,tg,56.0,19.069708652094036
*OC(=O)NNC(=O)CCCCCCCCC(=O)NNC(=O)OCCCCC*,tg,20.0,46.27695217438666
*OC(=O)Nc1c(c(ccc1)NC(=O)OCCN(CC*)c1ccc(cc1)C=Cc1ccc(cc1)[N+](=O)[O-])C,tg,123.0,134.01779955122615
*OC(=O)Nc1c(c(ccc1)NC(=O)OCCN(CC*)c1ccc(cc1)N=Nc1ccc(cc1)[N+](=O)[O-])C,tg,147.0,120.92075612964092
*OC(=O)Nc1c(cc(cc1)c1cc(c(cc1)NC(=O)OCCN(CC*)c1ccc(cc1)N=Nc1ccc(cc1)[N+](=O)[O-])C)C,tg,119.5,159.26710823427936
*OC(=O)Nc1c(ccc(c1)NC(=O)OCC(C*)(C)C)C,tg,-32.0,59.371675270531824
*OC(=O)Nc1c(ccc(c1)NC(=O)OCCCC*)C,tg,42.0,63.493585164301344
*OC(=O)Nc1c(ccc(c1)NC(=O)OCCCCCCC*)C,tg,61.0,34.46057063001516
*OC(=O)Nc1c(ccc(c1)NC(=O)OCCCCCCCC*)C,tg,64.0,33.06071150076333
*OC(=O)Nc1c(ccc(c1)NC(=O)OCCN(CC*)CCCCCCOc1ccc(cc1)C=Cc1ccc(cc1)[N+](=O)[O-])C,tg,58.5,79.40679801469042
*OC(=O)Nc1c(ccc(c1)NC(=O)OCCN(CC*)c1c(cc(cc1)[N+](=O)[O-])C)C,tg,98.0,118.34634542153105
*OC(=O)Nc1c(ccc(c1)NC(=O)OCCN(CC*)c1cc(c(cc1)N=Nc1c(cc(cc1)[N+](=O)[O-])C)C)C,tg,135.0,128.956083322628
*OC(=O)Nc1c(ccc(c1)NC(=O)OCCN(CC*)c1ccc(cc1)C(=C(C#N)C#N)C#N)C,tg,125.0,105.56560111527291
*OC(=O)Nc1c(ccc(c1)NC(=O)OCCN(CC*)c1ccc(cc1)C=Cc1cc[n+](cc1)CCCC)C,tg,121.0,94.82870641909611
*OC(=O)Nc1c(ccc(c1)NC(=O)OCCN(CC*)c1ccc(cc1)C=Cc1ccc(cc1)[N+](=O)[O-])C,tg,121.0,129.67947776847606
*OC(=O)Nc1c(ccc(c1)NC(=O)OCCN(CC*)c1ccc(cc1)N=Nc1c(cc(c(c1)OC)N=Nc1ccc(cc1)[N+](=O)[O-])OC)C,tg,150.0,128.9199348641317
*OC(=O)Nc1c(ccc(c1)NC(=O)OCCN(CC*)c1ccc(cc1)N=Nc1c(cc(cc1)[N+](=O)[O-])C)C,tg,137.0,139.0977775020196
*OC(=O)Nc1c(ccc(c1)NC(=O)OCCN(CC*)c1ccc(cc1)N=Nc1ccc(cc1)B(c1c(cc(cc1C)C)C)c1c(cc(cc1C)C)C)C,tg,159.0,149.58815066864727
*OC(=O)Nc1c(ccc(c1)NC(=O)OCCN(CC*)c1ccc(cc1)N=Nc1ccc(cc1)C=Cc1nc2c(n1CC)cc(cc2)[N+](=O)[O-])C,tg,171.0,169.2190906408055
*OC(=O)Nc1c(ccc(c1)NC(=O)OCCN(CC*)c1ccc(cc1)N=Nc1ccc(cc1)c1nc2c(n1CC)cc(cc2)[N+](=O)[O-])C,tg,158.0,163.98107771204258
*OC(=O)Nc1c(ccc(c1)NC(=O)OCCN(CC*)c1ccc(cc1)c1oc2c(n1)ccc(c2)[N+](=O)[O-])C,tg,156.0,158.48158128365705
*OC(=O)Nc1cc(ccc1)P(=O)(c1cc(ccc1)NC(=O)OCCCCCC*)c1ccccc1,tg,30.0,55.63238891069527
*OC(=O)Nc1ccc(cc1)CCCc1ccc(cc1)NC(=O)OCC*,tg,74.1,105.9150969763278
*OC(=O)Nc1ccc(cc1)CCc1ccc(cc1)NC(=O)OCC*,tg,116.9,80.56640302122607
*OC(=O)Nc1ccc(cc1)Cc1ccc(cc1)NC(=O)OCC(C*)(C)C,tg,94.0,59.24863059176055
*OC(=O)Nc1ccc(cc1)Cc1ccc(cc1)NC(=O)OCC(CS(=O)(=O)CC(C*)(C)C)(C)C,tg,90.0,88.70449330657767
*OC(=O)Nc1ccc(cc1)Cc1ccc(cc1)NC(=O)OCC1CCC(CC1)C*,tg,134.0,104.15958174742336
*OC(=O)Nc1ccc(cc1)Cc1ccc(cc1)NC(=O)OCCC*,tg,119.0,87.40284853082385
*OC(=O)Nc1ccc(cc1)Cc1ccc(cc1)NC(=O)OCCCCC*,tg,95.0,74.41197766770256
*OC(=O)Nc1ccc(cc1)Cc1ccc(cc1)NC(=O)OCCCCCC*,tg,71.0,78.69152931385067
*OC(=O)Nc1ccc(cc1)Cc1ccc(cc1)NC(=O)OCCCCCCC*,tg,84.0,77.52447567414251
*OC(=O)Nc1ccc(cc1)Cc1ccc(cc1)NC(=O)OCCCCCCCC*,tg,79.0,76.1057259082455
*OC(=O)Nc1ccc(cc1)Cc1ccc(cc1)NC(=O)OCCCCCCCCC*,tg,72.0,69.82157343404741
*OC(=O)Nc1ccc(cc1)Cc1ccc(cc1)NC(=O)OCCCCCCCCCCCC*,tg,43.0,68.14906588560264
*OC(=O)Nc1ccc(cc1)Cc1ccc(cc1)NC(=O)OCCCCCCCCCCCCCCCC*,tg,40.0,54.72247571358372
*OC(=O)Nc1ccc(cc1)Cc1ccc(cc1)NC(=O)OCCN(CC*)CCCCCOc1ccc(cc1)N=Nc1ccccc1,tg,59.6,63.262931447094395
*OC(=O)Nc1ccc(cc1)Cc1ccc(cc1)NC(=O)OCCN(CC*)c1cc(c(cc1)N=Nc1c(cc(cc1)[N+](=O)[O-])C)C,tg,130.0,137.8831395531298
*OC(=O)Nc1ccc(cc1)Cc1ccc(cc1)NC(=O)OCCN(CC*)c1cc(c(cc1)N=Nc1ccc(cc1)[N+](=O)[O-])C,tg,115.0,146.67840154411172
*OC(=O)Nc1ccc(cc1)Cc1ccc(cc1)NC(=O)OCCN(CC*)c1ccc(cc1)N=Nc1ccc(cc1)[N+](=O)[O-],tg,136.4,117.65548380766774
*OC(=O)Nc1ccc(cc1)Cc1ccc(cc1)NC(=O)OCCN(CC*)c1ccccc1,tg,31.9,97.8975897615664
*OC(=O)Nc1ccc(cc1)Cc1ccc(cc1)NC(=O)OCc1cc(cc(c1)C(C)(C)C)C*,tg,114.0,97.61255570650533
*OC(=O)OC(*)=O,egb,5.926,5.232895362970493
*OC(=O)OC(*)=O,ei,7.4502,7.915570202714044
*OC(=O)OC(*)=O,nc,1.5714,1.7030604877909938
*OC(=O)OC1CC2CC(*)CC(C1)O2,egc,6.2425,6.857996870543895
*OC(=O)OC1COC2C(*)COC12,egc,6.8979,6.536235300004715
*OC(=O)OCC(=C)COCC(=C)C*,tg,70.5,0.9504664120650237
*OC(=O)OCC(C(C*)O)O,tg,51.38,40.47679544230761
*OC(=O)OCC(C(C*)OC(=O)C(=O)OCC)OC(=O)C(=O)OCC,tg,51.38,47.658522174361906
*OC(=O)OCC(C(C*)OC(=O)C(NC(=O)OCc1ccccc1)CC(C)C)OC(=O)C(NC(=O)OCc1ccccc1)CC(C)C,tg,51.38,52.688101764040596
*OC(=O)OCC(C(C*)OC(=O)OCC)OC(=O)OCC,tg,49.8,17.670574245265957
*OC(=O)OCC(C(C*)OC(=O)Oc1ccc(cc1)C(=O)OC)OC(=O)Oc1ccc(cc1)C(=O)OC,tg,51.38,59.640363268041874
*OC(=O)OCC(C*)OCCCCCCOc1ccc(cc1)C=Cc1ccc(cc1)[N+](=O)[O-],tg,32.0,32.007996144637616
*OC(=O)OCC(C*)OCCCCOc1ccc(cc1)C=Cc1ccc(cc1)[N+](=O)[O-],tg,42.0,39.170864502690065
*OC(=O)OCC(CS(=O)(=O)CC(C*)(C)C)(C)C,tg,50.0,66.56363446148833
*OC(=O)OCC(O)C(O)COC(=O)OC1COC2C(*)COC12,egc,6.3954,6.288969051469392
*OC(=O)OCC(OC)C(COC(=O)OC1COC2C(*)COC12)OC,egc,6.3606,6.596945988142111
*OC(=O)OCC*,tg,15.33,-0.16603095118032707
*OC(=O)OCC1(CC=CCC1)C*,tg,30.0,31.72697186334093
*OC(=O)OCC1CCC(CC1)C*,tg,38.7,59.673149709055124
*OC(=O)OCC1OC(C)(C)OC1COC(=O)OC1COC2C(*)COC12,egc,6.6226,6.451533568285732
*OC(=O)OCCC*,tg,-22.38,-22.482199719341295
*OC(=O)OCCCC*,tg,-28.75,-46.199920831628425
*OC(=O)OCCCCC*,tg,-40.0,-48.43523394443218
*OC(=O)OCCCCCC*,tg,-54.25,-32.31723960700229
*OC(=O)OCCCCCCCCCC*,tg,-39.67,-37.58023141855976
*OC(=O)OCCCCCCCCCCOC(=O)OC1COC2C(*)COC12,egb,6.1689,6.838717855344573
*OC(=O)OCCCCCCCCCCOC(=O)OC1COC2C(*)COC12,egc,6.8143,6.756216787033953
*OC(=O)OCCCCCCCCOC(=O)OC1COC2C(*)COC12,egc,6.6539,6.825775947893521
*OC(=O)OCCOCC*,tg,-40.0,-31.671405289228233
*OC(=O)OCCOCCOC(=O)OC1COC2C(*)COC12,egb,6.5378,6.387511616982533
*OC(=O)OCCOCCOC(=O)OC1COC2C(*)COC12,egc,6.7329,6.58170288157422
*OC(=O)OCCOCCOCCOC(=O)OC1COC2C(*)COC12,egc,6.4799,6.746887432136413
*OC(=O)Oc1ccc(C(=O)Oc2ccc(OC(=O)OC3COC4C(*)COC34)cc2)cc1,egc,4.4189,4.474199898005251
*OC(=O)Oc1cccc(OC(=O)OC2CC3CC(*)CC(C2)O3)c1,egc,5.8268,5.029879936996726
*OC(=O)c1c(c(ccc1)C(=O)OCC(C(C(C*)(F)F)(F)F)(F)F)OCCCCC,tg,17.0,2.730064389099989
*OC(=O)c1c(cc(cc1)C(=O)OCCN(CC*)c1ccc(cc1)C=C(C#N)C#N)OCCC,tg,94.0,106.00711584029413
*OC(=O)c1c(cc(cc1)C(=O)OCCN(CC*)c1ccc(cc1)N=Nc1[nH]c(c(n1)C#N)C#N)OCCC,tg,152.0,97.86405150123977
*OC(=O)c1c(cc(cc1)C(=O)OCCN(CC*)c1ccc(cc1)N=Nc1ccc(cc1)C=Cc1nc2c(n1CC)cc(cc2)[N+](=O)[O-])OC,tg,173.0,147.38067183127106
*OC(=O)c1c(cc(cc1)C(=O)OCCN(CC*)c1ccc(cc1)N=Nc1ccc(cc1)c1nc2c([nH]1)ccc(c2)[N+](=O)[O-])OCCC,tg,152.0,157.84407146784872
*OC(=O)c1c(cc(cc1)C(=O)OCCN(CC*)c1ccc(cc1)N=Nc1ccc(cc1)c1nc2c(n1CC)cc(cc2)[N+](=O)[O-])OC,tg,146.0,148.89085942579862
*OC(=O)c1c(ccc(c1)C(=O)OCC(C(C(C*)(F)F)(F)F)(F)F)OCCCCC,tg,9.0,25.96411625324876
*OC(=O)c1c(ccc(c1)N=Nc1ccc(cc1)OCC)c1c(cc(cc1)N=Nc1ccc(cc1)OCC)C(=O)OCCC*,tg,101.0,92.16535294862886
*OC(=O)c1c(ccc(c1)N=Nc1ccc(cc1)OCC)c1c(cc(cc1)N=Nc1ccc(cc1)OCC)C(=O)OCCCCCC*,tg,83.0,79.00669219796286
*OC(=O)c1c(ccc(c1)N=Nc1ccc(cc1)OCC)c1c(cc(cc1)N=Nc1ccc(cc1)OCC)C(=O)OCCOCCOCC*,tg,65.0,66.33309871897652
*OC(=O)c1c(cccc1)C(=O)OCC*,tg,70.88,38.53927278122015
*OC(=O)c1c(cccc1)C(=O)OCCCS(=O)(=O)CCCCS(=O)(=O)CCC*,tg,49.0,66.33419704005314
*OC(=O)c1c(cccc1)C(=O)OCCOCC*,tg,-50.0,20.925206193300088
*OC(=O)c1c2c(ccc1)c(ccc2)C(=O)OCC*,tg,75.0,107.64056107740741
*OC(=O)c1cc(c(cc1)c1c(cc(cc1)C(=O)OCC*)C)C,tg,73.0,92.32362730641252
*OC(=O)c1cc(cc(c1)OCCC1CCN(CC1)c1ccc(cc1)S(=O)(=O)C(C(C(C(C(C(C(C(F)(F)F)(F)F)(F)F)(F)F)(F)F)(F)F)(F)F)(F)F)C(=O)OCCN(CC*)c1ccc(cc1)S(=O)(=O)C(C(C(C(C(C(C(C(F)(F)F)(F)F)(F)F)(F)F)(F)F)(F)F)(F)F)(F)F,tg,86.0,94.65268392995047
*OC(=O)c1cc(cc(c1)OCCN(c1ccc(cc1)S(=O)(=O)C(C(C(C(C(C(C(C(F)(F)F)(F)F)(F)F)(F)F)(F)F)(F)F)(F)F)(F)F)C)C(=O)OCCN(CC*)c1ccc(cc1)S(=O)(=O)C(C(C(C(C(C(C(C(F)(F)F)(F)F)(F)F)(F)F)(F)F)(F)F)(F)F)(F)F,tg,83.0,81.46917472569292
*OC(=O)c1cc(cc(c1)OCc1c(c(c(c(c1F)F)OC)F)F)C(=O)OCCN(CC*)c1ccc(cc1)C=Cc1sc(cc1)C=CC1=C(C(=C(C#N)C#N)OC1(c1ccccc1)C(F)(F)F)C#N,tg,140.0,129.91430245790053
*OC(=O)c1cc(cc(c1)OCc1cc(cc(c1)OCc1ccccc1)OCc1ccccc1)C(=O)OCCN(CC*)c1ccc(cc1)C=Cc1sc(cc1)C=CC1=C(C(=C(C#N)C#N)OC1(c1ccccc1)C(F)(F)F)C#N,tg,130.0,143.91344775419412
*OC(=O)c1cc(ccc1)C(=O)*,tg,130.0,108.98526203549176
*OC(=O)c1cc(ccc1)C(=O)OCC*,tg,56.5,62.58036537540712
*OC(=O)c1cc(ccc1)C(=O)OCCC*,tg,36.0,34.87352146895135
*OC(=O)c1cc(ccc1)C(=O)OCCCC*,tg,19.1,15.863360929026591
*OC(=O)c1cc(ccc1)C(=O)OCCCCC*,tg,7.0,7.645253632277898
*OC(=O)c1cc(ccc1)C(=O)OCCCCCC*,tg,5.5,5.904705162678561
*OC(=O)c1cc(ccc1)C(=O)OCCCS(=O)(=O)CCCCS(=O)(=O)CCC*,tg,65.0,48.19518628882514
*OC(=O)c1cc(ccc1)C(=O)OCc1ccc(cc1)C*,tg,143.0,62.63283813774313
*OC(=O)c1cc(ccc1)c1cc(ccc1)C(=O)OCC(C(C(C*)(F)F)(F)F)(F)F,tg,45.0,36.79734650501349
*OC(=O)c1cc2c(C(CC2(c2ccc(cc2)C(=O)OCC*)C)(C)C)cc1,tg,154.0,167.86018723988224
*OC(=O)c1cc2c(cc1)cc(cc2)C(=O)OCCC*,tg,84.0,81.41647984872148
*OC(=O)c1cc2c(cc1)cc(cc2)C(=O)OCCCC*,tg,65.5,63.1033043359433
*OC(=O)c1cc2c(cc1)cc(cc2)C(=O)OCCCCC*,tg,50.83,52.58266536484439
*OC(=O)c1cc2c(cc1)cc(cc2)C(=O)OCCCCCCCC*,tg,53.0,41.899940489679324
*OC(=O)c1cc2c(cc1)cc(cc2)C(=O)OCCCCCCCCCC*,tg,43.75,43.07212978663753
*OC(=O)c1cc2c(cc1)cc(cc2)C(=O)OCCCCCCCCCCC*,tg,39.0,39.621051152157015
*OC(=O)c1ccc(C(*)=O)cc1,eea,3.2451,3.043753070199539
*OC(=O)c1ccc(C(*)=O)cc1,egb,3.1295,3.6826731312316054
*OC(=O)c1ccc(C(*)=O)cc1,egc,4.5736,3.8534299851158282
*OC(=O)c1ccc(C(*)=O)cc1,ei,7.8184,7.1391025852757455
*OC(=O)c1ccc(C(*)=O)s1,eea,3.3779,3.7421422218496847
*OC(=O)c1ccc(C(*)=O)s1,egb,3.202,2.278250825940313
*OC(=O)c1ccc(C(*)=O)s1,ei,7.3658,6.815896561846184
*OC(=O)c1ccc(C(*)=O)s1,nc,1.8811,1.9016464750639543
*OC(=O)c1ccc(C(=O)OC2COC3C(*)COC23)o1,egc,4.3511,4.3842424778696465
*OC(=O)c1ccc(C(C)(C)c2ccc(C(*)=O)cc2)cc1,egc,4.3936,4.2114459022911195
*OC(=O)c1ccc(CCCCCCc2ccc(C(*)=O)cc2)cc1,egc,4.5994,4.714126245624755
*OC(=O)c1ccc(CCCCCc2ccc(C(*)=O)cc2)cc1,egc,4.7446,4.647081104800272
*OC(=O)c1ccc(CCCCc2ccc(C(*)=O)cc2)cc1,egc,4.8401,4.584009857665801
*OC(=O)c1ccc(CCCc2ccc(C(*)=O)cc2)cc1,egc,4.5456,4.649361742688141
*OC(=O)c1ccc(CCc2ccc(C(*)=O)cc2)cc1,egc,4.4852,4.615138309234423
*OC(=O)c1ccc(Cc2ccc(C(*)=O)cc2)cc1,egc,4.3273,4.419088642367317
*OC(=O)c1ccc(cc1)C(=O)OCC(C(C*)C)C,tg,37.5,44.29800801595435
*OC(=O)c1ccc(cc1)C(=O)OCC(C(C*)CCC)CCC,tg,19.67,19.430899227654077
*OC(=O)c1ccc(cc1)C(=O)OCC(C(C*)CCCC)CCCC,tg,16.0,-2.196211407306337
*OC(=O)c1ccc(cc1)C(=O)OCC(C(C*)CCCCCC)CCCCCC,tg,-15.5,-21.327992827914546
*OC(=O)c1ccc(cc1)C(=O)OCC(C(C*)CCCCCCCCCC)CCCCCCCCCC,tg,-38.0,-10.715894288367094
*OC(=O)c1ccc(cc1)C(=O)OCC(C*)C,tg,55.0,33.35187796426351
*OC(=O)c1ccc(cc1)C(=O)OCC(CC(CC*)(C)C)C,tg,-12.0,40.84269835149991
*OC(=O)c1ccc(cc1)C(=O)OCC(CS(=O)(=O)CC(C*)(C)C)(C)C,tg,105.0,65.1641570859997
*OC(=O)c1ccc(cc1)C(=O)OCC*,tg,77.74,85.05375935584797
*OC(=O)c1ccc(cc1)C(=O)OCC1CC(CC(C1)C(C)(C)C)C*,tg,118.0,112.14663673117522
*OC(=O)c1ccc(cc1)C(=O)OCCCCCCC*,tg,-1.0,12.94534954174744
*OC(=O)c1ccc(cc1)C(=O)OCCCCCCCCCC*,tg,5.33,11.926053378501985
*OC(=O)c1ccc(cc1)C(=O)OCCCCOC(=O)CCCCC(=O)OCCCC*,tg,-20.0,-10.477168837072188
*OC(=O)c1ccc(cc1)C(=O)OCCN(CC*)c1ccc(cc1)C=C(C#N)C#N,tg,127.0,100.22993504326074
*OC(=O)c1ccc(cc1)C(=O)OCCN(CC*)c1ccc(cc1)N=Nc1ccc(cc1)c1nc2c(n1CC)cc(cc2)[N+](=O)[O-],tg,149.0,149.44533141144152
*OC(=O)c1ccc(cc1)C(=O)OCCOC(=O)CCC(=O)OCC*,tg,23.0,32.624228807761554
*OC(=O)c1ccc(cc1)C(=O)OCCOC(=O)CCCCC(=O)OCC*,tg,6.0,-0.5225907261445099
*OC(=O)c1ccc(cc1)C(=O)OCCOC(=O)CCCCCCC(=O)OCC*,tg,-1.33,-8.313264512822409
*OC(=O)c1ccc(cc1)C(C(C(c1ccc(cc1)C(=O)*)(F)F)(F)F)(F)F,tg,98.0,119.87278871058622
*OC(=O)c1ccc(cc1)C(c1ccc(cc1)C(=O)*)(C)C,tg,100.0,152.70309580570597
*OC(=O)c1ccc(cc1)C(c1ccc(cc1)C(=O)OCC*)(CC)C,tg,94.0,104.41435080891253
*OC(=O)c1ccc(cc1)C=Cc1ccc(cc1)C(=O)OCC(C*)(C)C,tg,80.0,88.18150162168307
*OC(=O)c1ccc(cc1)C=Cc1ccc(cc1)C(=O)OCCCCC*,tg,60.0,54.13588765782435
*OC(=O)c1ccc(cc1)CC(=O)OCc1ccc(cc1)C*,tg,47.0,85.56282072705925
*OC(=O)c1ccc(cc1)CCCCCc1ccc(cc1)C(=O)*,tg,42.5,46.460279231924055
*OC(=O)c1ccc(cc1)CCCCc1ccc(cc1)C(=O)*,tg,46.0,67.51580346240905
*OC(=O)c1ccc(cc1)Cc1ccc(cc1)C(=O)*,tg,122.0,119.5373836022051
*OC(=O)c1ccc(cc1)N=CNc1ccc(cc1)C(=O)OCCCC*,tg,91.0,84.17692046462233
*OC(=O)c1ccc(cc1)N=CNc1ccc(cc1)C(=O)OCCOCC*,tg,77.0,63.81815611139755
*OC(=O)c1ccc(cc1)N=Cc1c(cc(c(c1)OCCCCCC)C=Cc1c(cc(c(c1)OCCCCCC)C=Cc1c(cc(c(c1)OCCCCCC)C=Nc1ccc(cc1)C(=O)OCCCCOCCCCOCCCC*)OCCCCCC)OCCCCCC)OCCCCCC,tg,14.3,55.86150410705149
*OC(=O)c1ccc(cc1)SCCCCSc1ccc(cc1)C(=O)*,tg,62.0,46.263987144961
*OC(=O)c1ccc(cc1)[Si](c1ccc(cc1)C(=O)OCCN(CC*)c1ccc(cc1)C=Cc1ccc(cc1)[N+](=O)[O-])(C)C,tg,127.0,99.75454075618352
*OC(=O)c1ccc(cc1)c1ccc(cc1)C(=O)OCC(C*)(CCC)C,tg,95.0,40.62558195519761
*OC(=O)c1ccc(cc1)c1ccc(cc1)C(=O)OCCCC*,tg,70.0,55.27423766341483
*OC(=O)c1ccc(cc1)c1ccc(cc1)C(=O)OCCCCCC*,tg,52.0,37.518960277209416
*OC(=O)c1ccc(cc1)c1ccc(cc1)C(=O)OCCCCCCC*,tg,41.71,38.04137590714573
*OC(=O)c1ccc(cc1)c1ccc(cc1)C(=O)OCCCCCCCCC*,tg,43.75,44.706300872483205
*OC(=O)c1ccc(cc1)c1ccc(cc1)C(=O)OCCCCCCCCCC*,tg,46.0,37.08630791631954
*OC(=O)c1ccc(cc1)c1ccc(cc1)C(=O)OCCCOCCC*,tg,16.25,32.45956089446201
*OC(=O)c1ccc(cc1)c1ccc(cc1)C(=O)OCCOCC*,tg,53.5,24.051214228642696
*OC(=O)c1ccc(cc1)c1ccc(cc1)C(=O)OCCOCCOCC*,tg,20.0,19.4249319440468
*OC(=O)c1ccc(cc1)c1ccc(cc1)C(=O)OCCOCCOCCOCC*,tg,4.0,13.22704353040936
*OC(=O)c1ccc(cc1)c1ccc(cc1)c1ccc(cc1)C(=O)OCC(C*)(C)C,tg,100.0,69.27628364245615
*OC(=O)c1ccc(cc1)c1ccc(cc1)c1ccc(cc1)C(=O)OCC(C*)(CC)CC,tg,-20.0,86.56234265612656
*OC(=O)c1ccc(cc1)c1ccc(cc1)c1ccc(cc1)C(=O)OCCCCC*,tg,40.0,54.59324701868697
*OC(=O)c1ccc(cc1)c1ccc(cc1)c1ccc(cc1)C(=O)OCCOCCOCCOCC*,tg,20.0,13.100848262227183
*OC(=O)c1ccc(cc1)c1ccc(cc1)c1ccc(cc1)C(=O)OCCOCCOCCOCCOCCOCCOCCOCCOCCOCC*,tg,13.33,10.504943428659164
*OC(=O)c1cccc(C(*)=O)c1,egc,4.6197,4.446635292351058
*OC(=S)C(F)(F)C(*)(F)F,eea,3.6605,3.9179372959994447
*OC(=S)C(F)(F)C(*)(F)F,egb,3.1746,3.6189269748256354
*OC(=S)C(F)(F)C(*)(F)F,nc,1.7142,1.761001576115364
*OC(=S)OC(*)=O,eea,3.1486,3.3512840560394928
*OC(=S)OC(*)=O,egb,3.9378,3.5732830080732345
*OC(=S)OC(*)=O,ei,7.3548,7.228843864376387
*OC(=S)OC(*)=O,nc,1.7396,1.8545088970551318
*OC(=S)Oc1ccc(*)cc1,eea,1.8722,2.7343781532327958
*OC(=S)Oc1ccc(*)cc1,egb,3.9415,3.540248409083051
*OC(=S)Oc1ccc(*)cc1,ei,6.6287,5.83205995165927
*OC(=S)Oc1ccc(*)cc1,eps,4.1,3.9902097981089097
*OC(=S)Oc1ccc(*)s1,eea,2.5249,2.5191315201270457
*OC(=S)Oc1ccc(*)s1,egb,3.0437,2.856415059155456
*OC(=S)Oc1ccc(*)s1,ei,6.1007,5.799206423174285
*OC(=S)Oc1ccc(*)s1,nc,1.9459,1.9621351880003233
*OC(=S)c1ccc(-c2ccc(*)cc2)cc1,eea,2.7321,2.8294546698109766
*OC(=S)c1ccc(-c2ccc(*)cc2)cc1,eps,4.56,4.637343824001924
*OC(=S)c1ccc(-c2ccc(*)cc2)cc1,nc,2.0445,2.036009552135239
*OC(=S)c1ccc(C(*)=O)cc1,eea,3.4955,3.8952858446603873
*OC(=S)c1ccc(C(*)=O)cc1,egb,2.5144,2.229230959759355
*OC(=S)c1ccc(C(*)=O)cc1,ei,6.7625,6.879210604429504
*OC(=S)c1ccc(C(*)=O)s1,eea,4.037,3.999867303629197
*OC(=S)c1ccc(C(*)=O)s1,egb,2.3663,1.7463872392779591
*OC(=S)c1ccc(C(*)=O)s1,ei,6.7886,6.652331382319103
*OC(=S)c1ccc(C(*)=O)s1,eps,5.45,5.786734204506948
*OC(=S)c1ccc(C(*)=O)s1,nc,2.068,2.051983452742902
*OC(C#CC#CC(OC(=O)c1ccc(cc1)C(=O)*)C)C,tg,133.0,125.83011310025478
*OC(C(*)(F)F)(C(F)(F)F)F,tg,-76.93,-25.862498169534206
*OC(C(=O)*)C,tg,53.36,69.81123902409024
*OC(C(=O)*)Cc1ccccc1,tg,35.05,108.61295487746365
*OC(C(=O)N(S(=O)(=O)C(C(*)(F)F)(F)F)[Li])(C(F)(F)F)F,tg,67.0,64.59639701487083
*OC(C(=O)NC(C(=O)*)C)C,tg,57.65,114.36433993255089
*OC(C(=O)OCC(=O)*)C,tg,43.0,19.410180852565556
*OC(C(=O)OCC*)C,tg,-21.0,-3.7136526911333094
*OC(C(=O)OCCC*)C,tg,-33.0,-23.47907958417235
*OC(C(C(*)(F)F)(F)F)(F)F,tg,-109.82,-34.89343667786726
*OC(C(OC(=O)Nc1ccc(cc1)Cc1ccc(cc1)NC(=O)*)c1occc1)c1occc1,tg,74.0,113.96441091085784
*OC(C)(C)C(*)=O,egc,5.8214,5.880475613072918
*OC(C)(CC(*)=O)C(F)(F)F,egc,6.2535,6.709862197544465
*OC(C)C(*)=O,egc,5.9945,6.3891865683569815
*OC(C)C(*)C,egc,5.7581,5.855747376697355
*OC(C)C(=O)NC(C)C(*)=O,egc,5.6199,5.82844992490783
*OC(C)C(=O)OCC(*)=O,egc,5.9109,6.436082203217416
*OC(C)CC(*)=O,egc,6.4371,7.024542316776579
*OC(C)CCC(C)OC(=O)CCCCC(*)=O,egc,6.4506,6.727692430359921
*OC(C)CCCC(C)C(*)=O,egc,6.6886,6.159815558813076
*OC(C)CCOC(=O)C(*)=O,egc,5.5088,5.812020327217427
*OC(C)CCOC(=O)CC(*)=O,egc,6.8752,6.438459941213707
*OC(C)CCOC(=O)CCCCC(*)=O,egc,6.6227,6.71647286231574
*OC(C)CCOC(=O)CCCCCC(*)=O,egc,6.5798,6.766165378916388
*OC(C)CCOC(=O)CCCCCCCC(*)=O,egc,6.6793,6.777263781342154
*OC(C)CCOC(=O)CCCCCCCCCCC(*)=O,egc,6.742,6.74044519192725
*OC(C)CCOC(=O)COCC(*)=O,egc,6.1998,6.271034978720799
*OC(C)CCOC(=O)c1cccc(C(*)=O)c1,egc,5.0532,5.088158435590442
*OC(C)COC(*)=O,egc,7.1412,6.537833190993828
*OC(C)COC(=O)C(*)=O,egc,5.4575,5.846481224750061
*OC(C)COC(=O)CCCCC(*)=O,egb,6.5974,6.327114142158182
*OC(C)COC(=O)CCCCC(*)=O,egc,6.7094,7.095358968152714
*OC(C)COC(=O)CCCCCCCCC(*)=O,egc,6.952,6.790880220317305
*OC(C)COC(=O)CCCCS(=O)(=O)CCCCC(*)=O,egc,6.649,6.509020971825333
*OC(C)COC(=O)c1cccc(C(*)=O)c1,egc,5.0391,4.8563015896813155
*OC(C*)(C)C,tg,92.0,-4.011466131727109
*OC(C*)C,tg,-58.58,-46.06829882346225
*OC(C*)C1C(C(C1)(F)F)(F)F,tg,-25.0,90.0783048272825
*OC(C*)CBr,tg,-14.0,-41.50968561905766
*OC(C*)CC,tg,-72.01,-27.46625932581324
*OC(C*)CC(Cl)(Cl)Cl,tg,-36.0,10.341151004747575
*OC(C*)CCCCCC,tg,-71.67,-51.66504463087076
*OC(C*)CCCCCCCCCC,tg,-41.0,-75.18146419734073
*OC(C*)CCl,tg,-21.5,-20.438777444535933
*OC(C*)CN1C(=O)C2C(C1=O)C1C=CC2C1,tg,87.5,83.20793269373246
*OC(C*)COC(=O)CCCCCCCCCCN1C(=O)C2C(C1=O)C1C=CC2C1,tg,-31.0,30.28700189585609
*OC(C*)COC(=O)CCCCCN1C(=O)C2C(C1=O)C1C=CC2C1,tg,1.0,46.9036555386662
*OC(C*)COC(C(F)(F)F)(C(F)(F)F)F,tg,-43.0,-21.630198926286276
*OC(C*)COC(C)(C)C,tg,-24.0,-42.44338174354553
*OC(C*)COC(C)C,tg,-67.0,-48.32992049544957
*OC(C*)COC(OCC)C,tg,-67.0,-45.645804371575736
*OC(C*)COCC,tg,-61.0,-72.0770008629598
*OC(C*)COCC=C,tg,-74.0,-36.93272935266103
*OC(C*)COCCCC,tg,-79.0,-82.09375097429427
*OC(C*)COCCCCCC,tg,-85.5,-89.69434100275008
*OC(C*)COCOCC(C)([N+](=O)[O-])[N+](=O)[O-],tg,-17.5,41.251022587825574
*OC(C*)COc1ccc(cc1)c1ccc(cc1)C#N,tg,94.15,75.36356842882078
*OC(C*)CS(=O)(=O)C,tg,59.4,39.960830671831296
*OC(C*)CS(=O)(=O)CC,tg,57.0,43.54896794144828
*OC(C*)CS(=O)(=O)CCC,tg,43.0,45.28700805765806
*OC(C*)CS(=O)(=O)CCCCC,tg,38.5,23.7775480199534
*OC(C*)CSC(C)C,tg,-44.0,-57.23918871532077
*OC(C*)CSCC,tg,-57.0,-68.79644374491352
*OC(C*)CSCCCC,tg,-65.0,-71.03455917866849
*OC(C*)CSCCCCC,tg,-68.0,-71.27881943691499
*OC(C*)C[N-][N+]#N,tg,-44.57,3.1248021759416234
*OC(C*)c1ccccc1,tg,32.38,59.790758138655804
*OC(C*)c1occc1,tg,12.5,40.05651114646751
*OC(C=C)CC(*)=O,egc,6.1885,5.653649534952195
*OC(CC(*)=O)C(C)(Cl)Cl,egc,6.4677,6.17384802366945
*OC(CC(*)=O)C(C)C,egc,6.7353,6.521606372816921
*OC(CC(*)=O)C1CCC=CO1,egc,4.8999,5.253624476573364
*OC(CC(*)=O)C1CO1,egb,6.1493,6.65919612129589
*OC(CC(*)=O)C1CO1,egc,6.757,6.468524788424924
*OC(CC(=O)*)(C)C(F)(F)F,tg,26.2,27.565139098291684
*OC(CC(=O)*)C(Cl)(Cl)C,tg,109.0,129.92506596825842
*OC(CC(=O)*)C(Cl)(Cl)Cl,tg,156.0,76.86969446899354
*OC(CC(=O)*)CCCCC,tg,-34.5,-37.9075943702096
*OC(CC(=O)*)CCCCCC,tg,-47.0,-36.68416887655203
*OC(CC(=O)*)COc1ccccc1,tg,20.0,51.544829834476175
*OC(CC(=O)OCC*)C,tg,-37.1,-35.88463535809894
*OC(CC(C)C)C(*)=O,egb,5.8529,6.164611640154448
*OC(CC)(CC)C(*)=O,egc,6.0873,5.851772140224456
*OC(CC)C(*)=O,egc,6.3762,6.240233885761998
*OC(CCC(C(=O)*)C1OCCCO1)CCC,tg,17.4,53.90900294828068
*OC(CCCCC)CC(*)=O,egc,6.5462,6.787098433111042
*OC(CCCCCC)CC(*)=O,egc,6.7534,6.435980223992169
*OC(CCCCCCC=C)CC(*)=O,egb,5.5852,5.469580539081507
*OC(CCOC(=O)C(C(=O)*)CCCCCCOc1ccc(cc1)N=Cc1ccc(cc1)[N+](=O)[O-])C,tg,3.0,47.34987913813392
*OC(CCOC(=O)c1ccc(cc1)c1ccc(cc1)C(=O)*)C,tg,86.83,63.04072947632555
*OC(CCc1ccccc1)CC(*)=O,egc,5.4818,5.458063344860539
*OC(CCl)CC(*)=O,egc,6.865,6.53432208982796
*OC(COC(*)=O)COC(C)(C)C,egc,6.0333,6.609059671178926
*OC(COC(*)=O)COc1ccccc1,egc,5.4034,5.328158755675489
*OC(COC(=O)*)C,tg,31.72,2.0568698780857315
*OC(COC(=O)*)COC(C)(C)C,tg,11.0,19.496170465023617
*OC(COC(=O)*)COCC,tg,-5.0,-10.467382264378346
*OC(COC(=O)*)COCCCC,tg,-24.0,-24.118381036191032
*OC(COC(=O)C1=C(C2C=CC1C2)C(=O)OCC(OC(=O)c1ccc(cc1)C(=O)*)COC(=O)C1=C(C2C=CC1C2)c1ccccc1)COC(=O)C1=C(C2C=CC1C2)c1ccccc1,tg,74.0,127.06116011138496
*OC(COC(=O)NCCCCCCNC(=O)*)c1occc1,tg,17.0,18.91137501270655
*OC(COC(=O)Nc1ccc(cc1)Cc1ccc(cc1)NC(=O)*)c1occc1,tg,40.0,76.17236454218676
*OC(COC(=O)c1c(c(c(cc1)c1c(cc(c(c1)CCCCCCCC)c1c(c(c(cc1)C(=O)*)F)F)CCCCCCCC)F)F)COc1ccc(cc1)N=Nc1ccc(cc1)C#N,tg,61.0,95.29589415549914
*OC(COC(=O)c1c(cccc1)C(=O)*)C,tg,95.0,39.43830899213245
*OC(COC(=O)c1c(cccc1)c1c(cccc1)C(=O)*)COc1ccc(cc1)N=Nc1ccc(cc1)C#N,tg,120.0,125.37287628469583
*OC(COC(=O)c1cc(c(cc1)C(=O)*)OC)COc1ccc(cc1)N=Nc1ccc(cc1)C#N,tg,120.0,127.76666606447223
*OC(COC(=O)c1cc(cc(c1)C(C)(C)C)C(=O)*)COc1ccc(cc1)N=Nc1ccc(cc1)C#N,tg,137.0,117.82503986739596
*OC(COC(=O)c1cc(ccc1)C(=O)*)COc1ccc(cc1)N=Nc1ccc(cc1)C#N,tg,119.0,119.72918065203802
*OC(COC(=O)c1cc(ccc1)C(=O)OCC(*)(F)F)(F)F,tg,28.0,21.394027207412897
*OC(COC(=O)c1cc(ccc1)C(C(C(c1cc(ccc1)C(=O)OCC(*)(F)F)(F)F)(F)F)(F)F)(F)F,tg,30.0,31.725728605305747
*OC(COC(=O)c1cc2c(cc1)cc(cc2)C(=O)*)COc1ccc(cc1)N=Nc1ccc(cc1)C#N,tg,138.0,146.30807434219827
*OC(COC(=O)c1ccc(cc1)C(=O)*)COc1ccc(cc1)N=Nc1ccc(cc1)C#N,tg,122.0,128.18132552032776
*OC(COC(=O)c1ccc(cc1)c1ccc(cc1)C(=O)*)COc1ccc(cc1)N=Nc1ccc(cc1)C#N,tg,141.0,125.5452386878302
*OC(COC(COC(=O)c1ccc(cc1)C(=O)*)C)C,tg,37.0,20.162568763570626
*OC(COC(F)(C(F)(F)F)C(F)(F)F)C(*)COC(F)(C(F)(F)F)C(F)(F)F,egc,6.5255,7.162571537150237
*OC(COCC(OC(=O)c1c(cccc1)C(=O)*)C)C,tg,25.0,49.53527726169313
*OC(COCCCC)COC(*)=O,egc,6.2375,6.33458180445067
*OC(COCCOC)COC(*)=O,egc,6.2142,6.098260986438834
*OC(F)(C(*)(F)F)C(F)(F)F,egc,8.6002,8.368675761577094
*OC(F)(F)C(*)(F)F,egb,10.1137,9.56625041065082
*OC(F)(F)C(*)(F)F,egc,9.8627,8.395832642462144
*OC(F)(F)C(=O)C(*)(F)F,eea,3.6501,2.7290994058137756
*OC(F)(F)C(=O)C(*)(F)F,egb,5.2263,5.3696719510719095
*OC(F)(F)C(=O)C(*)(F)F,ei,8.7917,8.720861343271162
*OC(F)(F)C(=O)C(*)(F)F,nc,1.5807,1.6604227810322807
*OC(F)(F)C(=S)C(*)(F)F,eea,4.3264,3.5459982657936053
*OC(F)(F)C(=S)C(*)(F)F,ei,7.385,8.01112617783962
*OC(F)(F)C(=S)C(*)(F)F,eps,3.6,3.971796431290515
*OC(F)(F)C(=S)C(*)(F)F,nc,1.6753,1.7234040115181937
*OC(F)(F)C(F)(F)C(*)(F)F,egb,9.1214,9.602774880903922
*OC(F)(F)C(F)(F)C(*)(F)F,egc,9.4523,8.868005794329687
*OC(F)(F)C(F)(F)C(F)(F)C(*)(F)F,egb,8.7307,9.052001777473361
*OC(F)(F)C(F)(F)C(F)(F)C(*)(F)F,egc,9.0549,9.076914249230242
*OC(F)(F)CC(*)(F)F,egb,10.0451,9.226902413631182
*OC(F)(F)CC(*)(F)F,ei,9.6085,9.814491300415998
*OC(F)(F)CC(*)(F)F,eps,3.47,3.6213733520536886
*OC(F)(F)COC(=O)c1cccc(C(=O)OCC(*)(F)F)c1,egc,4.7299,4.832716328247932
*OC(F)(F)NC(*)(F)F,egb,8.991,8.628170763637396
*OC(F)(F)NC(*)(F)F,ei,9.067,9.64833298428797
*OC(F)(F)NC(*)(F)F,eps,4.04,3.881291599791359
*OC(F)(F)NC(*)(F)F,nc,1.5936,1.5540211171264222
*OC(F)(F)OC(*)(F)F,eps,3.8,3.6406431553770022
*OC(F)(F)OC(*)(F)F,nc,1.5596,1.5488633276049537
*OC(F)(F)c1ccc(C(*)(F)F)cc1,eea,2.1427,2.1353985095690464
*OC(F)(F)c1ccc(C(*)(F)F)cc1,nc,1.7269,1.6922512417843845
*OC(F)(F)c1ccc(C(*)(F)F)s1,ei,7.2935,7.370850637304807
*OC(F)(F)c1ccc(C(*)(F)F)s1,eps,3.93,3.9019582592237976
*OC(OC(=O)c1c2c(c(cc1)C(=O)OC(OCC1CCC(CC1)C*)C)cccc2)C,tg,60.0,88.48914643231329
*OC(OC(=O)c1ccc(cc1)C(=O)OC(OCC1CCC(CC1)C*)C)C,tg,61.0,53.08194675372345
*OC([2H])([2H])C(*)([2H])C([2H])=C([2H])[2H],egc,5.4798,5.550869092492743
*OC([2H])([2H])C(*)([2H])[2H],egc,5.8501,6.007845415749017
*OC(c1ccc(Cl)cc1)C(C)(C)C(*)=O,egc,4.9195,5.050593460252923
*OC(c1ccc(OC)cc1)C(C)(C)C(*)=O,egb,4.5832,4.4880473926734865
*OC(c1ccc(OC)cc1)C(C)(C)C(*)=O,egc,5.0038,5.344731452510281
*OC(c1ccccc1)C(C)(C)C(*)=O,egc,5.5004,5.4310464179063285
*OC(c1ccco1)C(C)(C)C(*)=O,egc,5.4574,4.845405785020697
*OC*,tg,-53.97,54.93244146217078
*OC1(C)CC(C)(C)C(C)(N2CCCC(*)C2)C1C,egc,4.6138,4.645729219746666
*OC1(C)CCC(*)CC1CCCCCCCC,egc,5.4763,5.755615161874717
*OC1(F)C(C)C(C)(C2(Cl)CNCNC2*)CC1(C)C,egc,5.4515,5.516967621604117
*OC1(O)CCCC(*)C1,egc,6.0531,6.464712414058106
*OC1=CC(=O)C(*)=CC1=O,egc,3.1359,3.92193807793684
*OC1C(C(C1(C)C)OC(=O)C1CCC(CC1)C(=O)*)(C)C,tg,169.0,132.7985286086866
*OC1C(C)(C)C(OC(*)=O)C1(C)C,egb,6.9495,6.24148711762463
*OC1C(C)(C)C(OC(*)=O)C1(C)C,egc,6.5093,6.972560131835256
*OC1C(C)(C)C(OC(=O)c2ccc(C(*)=O)cc2)C1(C)C,egc,4.7185,4.583813729127086
*OC1C(CCCC1)*,tg,68.0,50.076468172933
*OC1C(CCCC1)OC(=O)*,tg,117.3,118.26285212482667
*OC1C(CO)OC(*)C(NC(C)=O)C1O,egc,5.9496,5.666270673138035
*OC1C(CO)OC(*)C(O)C1O,eea,0.8344,0.9965916637409571
*OC1C(CO)OC(*)C(O)C1O,egb,7.4757,6.468439236842064
*OC1C(CO)OC(*)C(O)C1O,egc,5.8509,6.108194396353351
*OC1C(CO)OC(*)C(O)C1O,eps,3.78,3.753264166278467
*OC1C(CO)OC(*)C(O)C1O,nc,1.6879,1.6214491739715626
*OC1C(COC(C)=O)OC(*)C(OC(C)=O)C1O,egc,5.6034,5.971807448305659
*OC1C(COC(C)=O)OC(*)C(OC(C)=O)C1OC(C)=O,egc,5.9636,5.882728028140238
*OC1C(COC)OC(*)C(OC)C1OC,egc,5.6468,5.74212369819092
*OC1CC(C)CC(*)O1,egc,6.2631,6.166151831470465
*OC1CCC(C2CCC(OC(=O)CCCCCCCCC(*)=O)CC2)CC1,egc,6.3469,6.500678236314084
*OC1CCC(C2CCC(OC(=O)CCCCCCCCCC(*)=O)CC2)CC1,egc,6.4908,6.3348387054289645
*OC1CCC(C2CCC(OC(=O)CCCCCCCCCCC(*)=O)CC2)CC1,egc,6.4832,6.380492569103287
*OC1CCC(CC1)OC(=O)C(=O)*,tg,139.6,84.64024852709923
*OC1CCC(CC1)OC(=O)CCCCC(=O)*,tg,77.8,59.04633844770665
*OC1CCC(CC1)OC(=O)CCCCCCCCC(=O)*,tg,66.0,46.06204798592199
*OC1CCC(CC1)OC(=O)OCCCCCCCOC(=O)*,tg,-5.0,14.090832782397923
*OC1CCC(CC1)OC(=O)OCCCCCCOC(=O)*,tg,10.0,-5.570871737735477
*OC1CCC(CC1)OC(=O)c1ccc(cc1)C(=O)*,tg,94.3,166.77594641854407
*OC1CCC(NC(*)=O)CC1,egc,6.28,6.20079530373763
*OC1CCC(OC(*)=O)CC1,egc,7.1786,6.802576273609006
*OC1CCC(OC(=O)CCC(*)=O)CC1,egc,6.4253,6.531183557470592
*OC1CCC(OC(=O)CCCCC(*)=O)CC1,egc,6.706,6.603189426368591
*OC1CCC(OC(=O)NCCNC(*)=O)CC1,egc,6.0582,6.450224137494393
*OC1CCC(OC(=O)OCCCCCCCOC(*)=O)CC1,egc,7.2009,7.048157953683044
*OC1CCC(OC(=O)OCCCCCOC(*)=O)CC1,egc,7.0367,7.137425547407547
*OC1CCC(OC(=O)OCCCCOC(*)=O)CC1,egc,7.0064,7.150311443661247
*OC1CCCC(*)O1,egc,6.1442,6.290596590222005
*OC1CCCC1*,egc,5.3919,5.5543661947883205
*OC1CCCCC1*,egc,5.1513,5.621670626099483
*OC1CCCCC1OC(*)=O,egc,6.7044,6.8068426139091045
*OC1CCCCCC1*,egc,5.6512,5.314718335073556
*OC1OC(*)C2CCCCC12,egc,6.0383,6.309625841590199
*OC3=CC=CC(C(C2=CC=CC(OC1=CC=CC(*)=C1)=C2)=O)=C3,egc,3.6547,4.100736702228355
*OCC(=O)NCCCCCCNC(=O)C*,tg,10.0,58.14725652563008
*OCC(=S)c1ccc(C(=S)Cc2ccc(-c3ccc(*)cc3)cc2)s1,eps,4.62,5.239439828723635
*OCC(C*)(C)C,tg,-50.0,-0.0422408859404122
*OCC(C*)(CC)C,tg,-47.0,-5.478056199207191
*OCC(C*)(CCl)CC,tg,20.0,7.342178396214134
*OCC(C*)(CO)C,tg,62.0,14.497060007006626
*OCC(C*)(COC(=O)C(=C)C)CC,tg,72.5,56.70040846021093
*OCC(C*)(COCC(C(C(F)(F)F)(F)F)(F)F)C,tg,-45.0,-39.457690925404044
*OCC(C*)(COCC(F)(F)F)C,tg,-41.0,-14.541798802456022
*OCC(C*)(COCCC#N)C,tg,-52.0,31.851475788125015
*OCC(C*)(COCCCCCCCCCCOc1ccc(cc1)c1ccc(cc1)C#N)C,tg,7.0,3.53758825042222
*OCC(C*)(COCCOCCOCCOC)C,tg,-18.0,-67.55775796333664
*OCC(C*)(CS(=O)(=O)C(C)C)CS(=O)(=O)C(C)C,tg,91.0,64.906102657934
*OCC(C*)(CS(=O)(=O)C)CS(=O)(=O)C,tg,102.0,82.17473985226083
*OCC(C*)(CS(=O)(=O)CCC)CS(=O)(=O)CCC,tg,71.0,66.8968296825455
*OCC(C*)(CS(=O)(=O)CCCCC)CS(=O)(=O)CCCCC,tg,56.0,55.239548434060154
*OCC(C*)(CSC)CSC,tg,-6.0,-14.958614594998272
*OCC(C*)(CSCC)CSCC,tg,-32.0,-9.02120189203524
*OCC(C*)(CSCCCCC)CSCCCCC,tg,-33.0,-47.095713846110215
*OCC(C*)C,tg,-55.0,-60.43695498535388
*OCC(C*)C(C)(C)C,tg,-4.0,9.037547863298947
*OCC(C*)O,tg,17.0,1.3251102086410118
*OCC(F)(F)C(*)(F)F,egb,8.8494,8.8922662373995
*OCC(F)(F)C(*)(F)F,ei,9.8385,9.203094983418636
*OCC(F)(F)C(*)(F)F,eps,3.5,3.2537768528999784
*OCC(F)(F)C(*)(F)F,nc,1.5633,1.5125264919655772
*OCCC(=O)CC(=O)Oc1ccc(*)cc1,eea,2.0323,1.6602059634536575
*OCCC(=O)CC(=O)Oc1ccc(*)cc1,egb,3.7901,4.326424034029634
*OCCC(=O)CC(=O)Oc1ccc(*)cc1,ei,6.7464,6.657019558005168
*OCCC(=O)CC(=O)Oc1ccc(*)cc1,nc,1.7251,1.7761071284473091
*OCCC(=O)NCc1c(cc(c(c1)C)CNC(=O)CC*)C,tg,80.0,104.15149424154394
*OCCC*,tg,-72.46,-64.44747429667413
*OCCCCC(=O)NCc1ccc(cc1)CNC(=O)CCCC*,tg,70.0,63.34745528604529
*OCCCCCCCC*,tg,-19.0,8.48341543107534
*OCCCCONC(*)=O,egb,5.6793,6.3524582078170315
*OCCCCONC(*)=O,ei,6.4266,6.881876429675887
*OCCCCONC(*)=O,eps,3.69,3.659630684140021
*OCCCCONC(*)=O,nc,1.6747,1.6915661499631998
*OCCCCOc1ncnc(n1)*,tg,-11.0,40.05602773291912
*OCCCCSSCCCC*,tg,-76.0,-51.19768877500398
*OCCCNC(=O)CCCCC(=O)NCCC*,tg,34.0,12.815215570149824
*OCCCNC(=O)c1ccc(cc1)C(=O)NCCC*,tg,72.0,103.45763395481457
*OCCOCCOCCCNC(=O)C(NC(=O)C(NC(=O)CCCCCCCCC(=O)NC(C(=O)NC(C(=O)NCCC*)C(C)C)Cc1ccccc1)Cc1ccccc1)C(C)C,tg,66.0,43.89811477275997
*OCCOCCOCCCNC(=O)C(NC(=O)CCCCCCCCC(=O)NC(C(=O)NCCC*)Cc1ccccc1)Cc1ccccc1,tg,44.0,39.40027236794966
*OCCOCCOCCCNC(=O)CCCCCCCCC(=O)NCCC*,tg,40.0,7.496326866987646
*OCCOCCOCCCNC(=O)CNC(=O)C(NC(=O)CCCCCCCCC(=O)NC(C(=O)NCC(=O)NCCC*)Cc1ccccc1)Cc1ccccc1,tg,36.0,43.4415898728039
*OCCSSSSCC*,tg,-40.0,-43.29882757752325
*OCOCCCC*,tg,-83.2,-15.896381383011622
*OCOCCCCSSCCCC*,tg,-76.0,-74.2699328429102
*ON(C(C(*)(F)F)(Br)F)C(F)(F)F,tg,3.0,23.386343583789053
*ON(C(C(*)(F)F)(Cl)F)C(F)(F)F,tg,-50.0,48.41477176188941
*ON(C(C(*)(F)F)(F)F)C(F)(F)F,tg,-40.62,-18.820150737306147
*ON(C(F)(F)F)C(F)(C(*)(F)F)C(F)(F)F,egb,7.0955,6.908177933441794
*ON(C(F)(F)F)C(F)(Cl)C(*)(F)F,egc,6.7405,6.764936865885509
*ON(C(F)(F)F)C(F)(F)C(*)(F)F,egc,7.1742,7.274339537979667
*ON(C(F)(F)F)C(F)(F)C(F)=C(F)C(*)(F)F,egc,4.6645,5.7153405981504
*OOC(C*)c1ccc(cc1)Br,tg,9.6,70.20073961895076
*OP(=O)(N=Nc1ccc(cc1)C(=O)c1ccc(cc1)N=NP(=O)(OCC1CCC(CC1)C*)OC)OC,tg,52.0,83.6817053938702
*OP(=O)(N=Nc1ccc(cc1)C(=O)c1ccc(cc1)N=NP(=O)(OCCOCC*)OC)OC,tg,33.0,28.944298757419755
*OP(=O)(N=Nc1ccc(cc1)CCOC(=O)c1cc(cc(c1)C(C)(C)C)C(=O)OCCc1ccc(cc1)N=NP(=O)(OCC*)OC)OC,tg,84.0,85.47165962992831
*OP(=O)(N=Nc1ccc(cc1)COC(=O)c1cc(cc(c1)C(C)(C)C)C(=O)OCc1ccc(cc1)N=NP(=O)(OCC*)OC)OC,tg,105.0,68.18250959716721
*OP(=O)(N=Nc1ccc(cc1)Oc1ccc(cc1)N=NP(=O)(OCC*)OCC)OCC,tg,22.0,52.242466546917
*OP(=O)(N=Nc1ccc(cc1)Oc1ccc(cc1)N=NP(=O)(OCCOCC*)OC)OC,tg,32.0,14.564878138439605
*OP(=O)(N=Nc1ccc(cc1)Oc1ccc(cc1)N=NP(=O)(OCc1ccc(cc1)C*)OC)OC,tg,50.0,45.868091651026155
*OP(=O)(N=Nc1ccc(cc1)c1ccc(cc1)N=NP(=O)(OCc1ccc(cc1)C*)OC)OC,tg,48.0,75.25567825933632
*OP(=O)(OCCCCCCCCCCOc1c(cc(cc1)C=C1C(=O)C(=Cc2cc(c(cc2)OCCCCCCCCCC*)OC)CC1)OC)OCC,tg,47.0,61.40482664135057
*OP(=O)(OCCCCCCCCCCOc1ccc(cc1)C=Cc1ccc(cc1)OCCCCCCCCCC*)OCCCCCCCCCCOc1ccc(cc1)N=Nc1ccc(cc1)C#N,tg,60.0,42.51822132063146
*OP(=O)(OCCCCCCCCCCOc1ccc(cc1)C=Cc1ccc(cc1)OCCCCCCCCCC*)OCCCCCCCCCCOc1ccc(cc1)N=Nc1ccc(cc1)Cl,tg,60.0,54.7702363371441
*OP(=O)(OCCCCCCCCCCOc1ccc(cc1)C=Cc1ccc(cc1)OCCCCCCCCCC*)OCCCCCCCCCCOc1ccc(cc1)N=Nc1ccc(cc1)[N+](=O)[O-],tg,50.0,50.00912169481757
*OP(=O)(OCCCCCCCCCCOc1ccc(cc1)C=Cc1ccc(cc1)OCCCCCCCCCC*)OCCCCCCCCCCOc1ccc(cc1)N=Nc1ccc(cc1)c1ccccc1,tg,50.0,59.769462017591025
*OP(=O)(OCCCCCCCCCCOc1ccc(cc1)C=Cc1ccc(cc1)OCCCCCCCCCC*)OCCCCCCCCCCOc1ccc(cc1)N=Nc1ccccc1,tg,55.0,38.50801697921018
*OP(=O)(OCCCCCCCCOc1c(cc(cc1)C=C1C(=O)C(=Cc2cc(c(cc2)OCCCCCCCC*)OC)CC1)OC)OCC,tg,62.0,51.94285535708021
*OP(=O)(OCCCCCCOc1c(cc(cc1)C=C1C(=O)C(=Cc2cc(c(cc2)OCCCCCC*)OC)CC1)OC)OCC,tg,75.0,54.64407774915218
*OP(=O)(OCCCCOc1c(cc(cc1)C=C1C(=O)C(=Cc2cc(c(cc2)OCCCC*)OC)CC1)OC)OC,tg,75.0,81.38744177082748
*OP(=O)(OCCCCOc1c(cc(cc1)C=C1C(=O)C(=Cc2cc(c(cc2)OCCCC*)OC)CC1)OC)OCC,tg,79.0,67.44683274375978
*OP(=O)(OCCOc1c(cc(cc1)C=C1C(=O)C(=Cc2cc(c(cc2)OCC*)OC)CC1)OC)OC,tg,99.0,85.61858867385203
*OP(=O)(OCCOc1c(cc(cc1)C=C1C(=O)C(=Cc2cc(c(cc2)OCC*)OC)CC1)OC)OCC,tg,80.0,84.29675737759723
*OP(=O)(OCCOc1ccc(cc1)S(=O)(=O)c1ccc(cc1)OCC*)Oc1ccc(cc1)Br,tg,59.0,44.28200562850512
*OP(=O)(OCCOc1ccc(cc1)S(=O)(=O)c1ccc(cc1)OCC*)Oc1ccc(cc1)C,tg,46.0,45.46019983024453
*OP(=O)(OCCOc1ccc(cc1)S(=O)(=O)c1ccc(cc1)OCC*)Oc1ccc(cc1)[N+](=O)[O-],tg,56.0,69.16151527267525
*OP(=O)(OCCOc1ccc(cc1)S(=O)(=O)c1ccc(cc1)OCC*)Oc1ccccc1,tg,49.0,60.36095723640965
*OP(=O)(Oc1c(c(c(c(c1Cl)Cl)*)Cl)Cl)Oc1c(cc(cc1Cl)Cl)Cl,tg,127.0,149.19410452520233
*OP(=O)(Oc1c(c(c(c(c1Cl)Cl)*)Cl)Cl)Oc1c(cccc1Cl)Cl,tg,144.0,112.16952626286695
*OP(=O)(Oc1c(c(c(c(c1Cl)Cl)*)Cl)Cl)Oc1ccc(cc1)Cl,tg,119.0,93.40777512581664
*OP(=O)(Oc1c(c(c(c(c1Cl)Cl)*)Cl)Cl)Oc1ccccc1,tg,79.0,110.08400032254336
*OP(=O)(Oc1c(cc(cc1Br)C(c1cc(c(c(c1)Br)*)Br)(C(F)(F)F)C(F)(F)F)Br)Oc1ccc(cc1)Br,tg,152.0,144.58750931465255
*OP(=O)(Oc1c(cc(cc1Br)C(c1cc(c(c(c1)Br)*)Br)(C(F)(F)F)C(F)(F)F)Br)Oc1ccc(cc1)C,tg,146.0,148.87183921712807
*OP(=O)(Oc1c(cc(cc1Br)C(c1cc(c(c(c1)Br)*)Br)(C(F)(F)F)C(F)(F)F)Br)Oc1ccc(cc1)OC,tg,151.0,147.26682266025188
*OP(=O)(Oc1c(cc(cc1Br)C(c1cc(c(c(c1)Br)*)Br)(C(F)(F)F)C(F)(F)F)Br)Oc1ccc(cc1)[N+](=O)[O-],tg,154.0,161.20379310872187
*OP(=O)(Oc1c(cc(cc1C)S(=O)(=O)c1cc(c(c(c1)C)*)C)C)Oc1ccc(cc1)C,tg,128.0,143.80412670713758
*OP(=O)(Oc1c(cc(cc1C)S(=O)(=O)c1cc(c(c(c1)C)*)C)C)Oc1ccc(cc1)OC,tg,147.0,143.44572637508702
*OP(=O)(Oc1c(cc(cc1C)S(=O)(=O)c1cc(c(c(c1)C)*)C)C)Oc1ccc(cc1)[N+](=O)[O-],tg,173.0,139.90482530759346
*OP(=O)(Oc1c(cc(cc1C)S(=O)(=O)c1cc(c(c(c1)C)*)C)C)Oc1ccccc1,tg,142.0,131.53244881591294
*OP(=O)(Oc1c2c(ccc1)c(ccc2)*)OC1CCCCC1,tg,134.0,106.39338189355124
*OP(=O)(Oc1c2c(ccc1)c(ccc2)*)Oc1ccccc1,tg,138.0,111.22778326108823
*OP(=O)(Oc1ccc(*)cc1)OC1CCCCC1,egc,5.2577,4.9430714922813355
*OP(=O)(Oc1ccc(-c2ccc(*)cc2)cc1)OC1CCCCC1,egc,4.479,4.509125975157037
*OP(=O)(Oc1ccc(cc1)*)Oc1ccccc1,tg,97.0,72.90882761302171
*OP(=O)(Oc1ccc(cc1)C(c1ccc(cc1)*)(C)C)Oc1c(c(c(c(c1Cl)Cl)Cl)Cl)Cl,tg,130.0,91.30914422822525
*OP(=O)(Oc1ccc(cc1)C(c1ccc(cc1)*)(C)C)Oc1c(cc(cc1Cl)Cl)Cl,tg,94.0,136.89235364542012
*OP(=O)(Oc1ccc(cc1)C(c1ccc(cc1)*)(C)C)Oc1c(cccc1Cl)Cl,tg,96.0,117.63256663624105
*OP(=O)(Oc1ccc(cc1)NC(=O)Oc1ccc(cc1)C(c1ccc(cc1)OC(=O)Nc1ccc(cc1)*)(C)C)c1ccccc1,tg,34.0,55.810734481802534
*OP(=O)(Oc1ccc(cc1)NC(=O)Oc1ccc(cc1)c1ccc(cc1)OC(=O)Nc1ccc(cc1)*)c1ccccc1,tg,34.0,88.0805446197043
*OP(=O)(Oc1ccc(cc1)S(=O)(=O)c1ccc(cc1)*)Oc1ccc(cc1)Br,tg,89.0,78.96753238500004
*OP(=O)(Oc1ccc(cc1)S(=O)(=O)c1ccc(cc1)*)Oc1ccc(cc1)C,tg,66.0,91.38082053789184
*OP(=O)(Oc1ccc(cc1)S(=O)(=O)c1ccc(cc1)*)Oc1ccc(cc1)OC,tg,81.0,92.26497466542507
*OP(=O)(Oc1ccc(cc1)S(=O)(=O)c1ccc(cc1)*)Oc1ccccc1,tg,100.5,78.13935615804411
*OP(=O)(Oc1cccc2c(*)cccc12)OC1CCCCC1,egc,4.0777,4.365068628664609
*OP(=O)(Oc1ccccc1)Oc1c(Cl)c(Cl)c(*)c(Cl)c1Cl,egc,4.5449,4.470090949596364
*OP(=O)(Oc1ccccc1)Oc1ccc(*)cc1,egc,5.1351,4.729738376230221
*OP(=O)(Oc1ccccc1)Oc1ccc(-c2ccc(*)cc2)cc1,egc,4.631,4.586376428690899
*OS(=O)(=O)c1c(ccc(c1)S(=O)(=O)Oc1ccc(cc1)C1(CCCC1)c1ccc(cc1)*)C,tg,134.0,148.97830325548424
*OS(=O)(=O)c1c(ccc(c1)S(=O)(=O)Oc1ccc(cc1)C1(CCCCC1)c1ccc(cc1)*)C,tg,140.0,133.40289329939486
*OS(=O)(=O)c1cc(S(=O)(=O)Oc2ccc(C3(c4ccc(*)cc4)CCCC3)cc2)ccc1C,egc,3.9679,4.029115873943297
*OS(=O)(=O)c1cc(c(c(c1)C)*)C,tg,153.0,141.34245614027725
*OS(=O)(=O)c1cc(ccc1)C(=O)c1cc(ccc1)S(=O)(=O)Oc1ccc(cc1)C(c1ccc(cc1)*)(C)C,tg,122.0,148.02072822809728
*OS(=O)(=O)c1cc(ccc1)S(=O)(=O)Oc1ccc(cc1)C(c1ccc(cc1)*)(C)C,tg,117.5,96.56913440883986
*OS(=O)(=O)c1cc(ccc1)S(=O)(=O)Oc1ccc(cc1)C(c1ccc(cc1)*)(CC)C,tg,136.5,95.38509157348147
*OS(=O)(=O)c1cc(ccc1)S(=O)(=O)Oc1ccc(cc1)C1(CCCCC1)c1ccc(cc1)*,tg,126.0,148.57384320665406
*OS(=O)(=O)c1ccc(cc1)Oc1ccc(cc1)S(=O)(=O)Oc1ccc(cc1)C(c1ccc(cc1)*)(C)C,tg,110.0,155.27408076321768
*O[Ca]OC(=O)c1c(cccc1)C(=O)OCCCCCOC(=O)NCCCCCCNC(=O)OCCCCCOC(=O)c1c(cccc1)C(=O)*,tg,-2.4,10.340453746956515
*O[Si](*)(CC)CC,tg,-105.5,24.147220896633048
*O[Si](*)(CCC)c1ccccc1,tg,40.6,17.233553607298212
*O[Si](*)(CCCCCCCCCCCOc1ccc(cc1)/C=C/c1ccc(cc1)C#N)C,tg,-55.0,33.534230551930456
*O[Si](*)(CCCCCCCCCCCOc1ccc(cc1)/C=C/c1ccc(cc1)OC)C,tg,55.0,7.060217604505736
*O[Si](*)(CCCCCCOc1ccc(cc1)C(=O)Oc1ccc(cc1)C(=O)OCC(CC)C)C,tg,-10.9,-1.5646126139664296
*O[Si](*)(CCCCCOc1ccc(cc1)/C=C/c1ccc(cc1)OC)C,tg,52.0,26.865833210250027
*O[Si](*)(CCCCCn1c2ccccc2c2ccccc12)C,tg,7.0,25.723664762710673
*O[Si](*)(CCCOCC1OC(=O)OC1)C,tg,-32.2,-19.867652270094414
*O[Si](*)(CCCOCCOCCOC)CCCOCCOCCOC,tg,-63.4,-75.47061101393702
*O[Si](*)(CCCOCCOCCOCCOCCOC)CCCOCCOCCOCCOCCOC,tg,-69.8,-73.3212628160808
*O[Si](*)(CCCOCCOCCOCCOCCOCCOCCOC)CCCOCCOCCOCCOCCOCCOCCOC,tg,-68.9,-81.86055604389999
*O[Si](*)(CCCOCCOCCOCCOCCOCCOCCOCCOC)CCCOCCOCCOCCOCCOCCOCCOCCOC,tg,-66.4,-83.4436115242645
*O[Si](*)(CCCOc1c(cc(cc1)C(=O)OC1CC2=CCC3C(CCC4(C(CCC34)C(CCCC(C)C)C)C)C2(CC1)C)S(=O)(=O)O[K])C,tg,112.6,90.97130124560421
*O[Si](*)(CCCOc1ccc(cc1)C(=O)OC1CC2=CCC3C(CCC4(C(CCC34)C(CCCC(C)C)C)C)C2(CC1)C)C,tg,66.59,112.40265996335053
*O[Si](*)(CCCOc1ccc(cc1)C(=O)Oc1ccc(cc1)c1ccc(cc1)OC(=O)c1cc(c(c(c1)OCC(CC)C)OCC(CC)C)OCC(CC)C)C,tg,57.67,76.0639801637976
*O[Si](*)(CCCOc1ccc(cc1)C(=O)Oc1ccc(cc1)c1ccc(cc1)OC(=O)c1cc(c(c(c1)OCCCCC)OCCCCC)OCCCCC)C,tg,48.67,73.80869754826779
*O[Si](*)(CCCOc1ccc(cc1)N=Nc1ccc(cc1)S(=O)(=O)O)C,tg,9.2,39.97541769355293
*O[Si](*)(CCCn1c2ccccc2c2ccccc12)C,tg,51.0,33.93143911123441
*O[Si](*)(OCCOCCOCCOCCOCCOCCOCCOCCOC)C,tg,-78.0,-66.00044521614798
*O[Si](*)(c1ccccc1)C,tg,-24.27,63.853136863448874
*O[Si](*)(c1ccccc1)c1ccccc1,tg,45.8,72.21753280757186
*O[Si](C#C[Si](C#C[Si](C#C[Si](C#C[Si](*)(C)C)(C)C)(C)C)(C)C)(C)C,tg,-23.0,-16.554294746769052
*O[Si](C#C[Si](C#C[Si](C#C[Si](C#C[Si](C#C[Si](*)(C)C)(C)C)(C)C)(C)C)(C)C)(C)C,tg,-16.1,-24.7001073183486
*O[Si](C)(C)O[Si](C)(C)O[Si](C)(C)OC(C)CCC(*)C,egc,6.3039,5.49260742077024
*O[Si](C)(C)Oc1ccc(*)cc1,egc,4.9485,4.556457091411024
*O[Si](CC(COC(=O)c1cc(ccc1)C(=O)OCC(C[Si](*)(C)C)(C)C)(C)C)(C)C,tg,-52.0,31.94783758945474
*O[Si](CCC(C(C(C(C(C(C(C(C(C(CC[Si](*)(CCC(F)(F)F)C)(F)F)(F)F)(F)F)(F)F)(F)F)(F)F)(F)F)(F)F)(F)F)(F)F)(CCC(F)(F)F)C,tg,-11.0,5.528827028891058
*O[Si](CCC(CC[Si](*)(CCC(F)(F)F)C)(F)F)(CCC(F)(F)F)C,tg,-38.0,-22.220676918514613
*O[Si](CCCC(=O)Oc1ccc(cc1)C=Nc1ccc(cc1)Oc1ccc(cc1)N=Cc1ccc(cc1)OC(=O)CCC[Si](*)(C)C)(C)C,tg,52.0,47.300037002031786
*O[Si](CCCCCCOC(=O)C(Oc1c(cc(cc1)OC(=O)c1ccc(cc1)c1ccc(cc1)OCCCCCCCCCC[Si](*)(C)C)[N+](=O)[O-])C)(C)C,tg,20.0,38.649874090452165
*O[Si](CCCCCCOC(=O)C(Oc1ccc(cc1)OC(=O)c1ccc(cc1)c1ccc(cc1)OCCCCCCCCCC[Si](*)(C)C)C)(C)C,tg,35.0,-1.4228791850839833
*O[Si](CCCN=C1c2c(C(=NCCC[Si](*)(C)C)C=C1)c(ccc2O)O)(C)C,tg,32.9,-8.012322502657174
*O[Si](CCCN=C1c2c(ccc(c2C(=NCCC[Si](*)(C)C)c2ccccc12)O)O)(C)C,tg,7.5,69.60303359849512
*O[Si](CC[Si](*)(O[Si](C)(C)C)C)(C)C,tg,-89.0,-64.7538659914768
*O[Si](COC(=O)CCCCCCCCC(=O)Oc1ccc(cc1)S(=O)(=O)c1ccc(cc1)Oc1ccc(cc1)C=C1C(=O)C(=Cc2ccc(cc2)Oc2ccc(cc2)S(=O)(=O)c2ccc(cc2)OC(=O)CCCCCCCCC(=O)OC[Si](*)(C)C)CCC1)(C)C,tg,80.0,67.21915136352588
*O[Si](COC(=O)CCCCCCCCC(=O)Oc1ccc(cc1)S(=O)(=O)c1ccc(cc1)Oc1ccc(cc1)C=C1C(=O)C(=Cc2ccc(cc2)Oc2ccc(cc2)S(=O)(=O)c2ccc(cc2)OC(=O)CCCCCCCCC(=O)OC[Si](*)(C)C)CCCC1)(C)C,tg,81.0,67.4027178817486
*O[Si](OC(CC*)C)(C)C,tg,-88.0,-58.423119559734886
*O[Si](OC(CCC*)C)(C)C,tg,-81.0,-77.04880407715552
*O[Si](OC(COc1ccc(cc1)C(c1ccc(cc1)OCC(*)CCl)(C)C)CCl)(C)C,tg,24.0,24.41893784093374
*O[Si](OCCOc1ccc(cc1)C1(c2ccccc2c2ccccc12)c1ccc(cc1)OCC*)(c1ccccc1)c1ccccc1,tg,97.0,124.73266143901287
*O[Si](O[Si](*)(c1c(c(c(c(c1F)F)F)F)F)C)(C)C,tg,-65.0,-43.24754209997836
*O[Si](O[Si](OC(CCC(*)C)C)(C)C)(C)C,tg,-83.0,-93.50180825555472
*O[Si](O[Si](OC(CCCCC(*)C)C)(C)C)(C)C,tg,-87.0,-93.89328955474471
*O[Si](O[Si](O[Si](*)(c1c(c(c(c(c1F)F)Cl)F)F)C)(C)C)(C)C,tg,-75.0,-59.24297755293109
*O[Si](O[Si](O[Si](*)(c1c(c(c(c(c1F)F)F)F)F)C)(C)C)(C)C,tg,-83.0,-85.21726634153632
*O[Si](O[Si](O[Si](OC(CCCCC(*)C)C)(C)C)(C)C)(C)C,tg,-94.0,-101.1441891616779
*O[Si](O[Si](O[Si](O[Si](CC[Si](O[Si](CC[Si](*)(c1ccccc1)c1ccccc1)(C)C)(C)C)(c1ccccc1)c1ccccc1)(c1ccccc1)c1ccccc1)(c1ccccc1)c1ccccc1)(c1ccccc1)c1ccccc1,tg,11.0,41.466015555716126
*O[Si](O[Si](O[Si](O[Si](OC(CCC(*)C)C)(C)C)(C)C)(C)C)(C)C,tg,-96.0,-94.62090909839367
*O[Si](O[Si](O[Si](O[Si](OC(CCCCC(*)C)C)(C)C)(C)C)(C)C)(C)C,tg,-98.0,-103.75244078236219
*O[Si](O[Si](O[Si](O[Si](O[Si](C#Cc1ccc(cc1)C#C[Si](*)(C)C)(C)C)(C)C)(C)C)(C)C)(C)C,tg,78.0,-15.151936957922068
*O[Si](O[Si](O[Si](O[Si](O[Si](OC(CCCCC(*)C)C)(C)C)(C)C)(C)C)(C)C)(C)C,tg,-104.0,-96.92793660551645
*O[Si](O[Si](O[Si](O[Si](O[Si](O[Si](OC1=C(c2c3c(ccc2)cccc13)*)(C)C)(C)C)(C)C)(C)C)(C)C)(C)C,tg,-93.0,18.54456501721675
*O[Si](O[Si](O[Si](O[Si](O[Si](Oc1c2ccccc2c2ccccc2c1*)(C)C)(C)C)(C)C)(C)C)(C)C,tg,-38.0,-15.08154369019944
*O[Si](O[Si](O[Si](O[Si](O[Si](c1ccc(cc1)[Si](*)(C)C)(C)C)(C)C)(C)C)(C)C)(C)C,tg,-80.0,-71.07800402224832
*O[Si](O[Si](O[Si](O[Si](c1cc(ccc1)[Si](*)(C)C)(C)C)(C)C)(C)C)(C)C,tg,-75.0,-76.77545708170328
*O[Si](O[Si](O[Si](O[Si](c1cc(ccc1)[Si](*)(c1ccccc1)C)(c1ccccc1)C)(C)C)(C)C)(C)C,tg,-42.0,-36.142930940596074
*O[Si](O[Si](O[Si](O[Si](c1ccc(cc1)Oc1ccc(cc1)[Si](*)(C)C)(C)C)(C)C)(C)C)(C)C,tg,-52.0,-51.50836275344286
*O[Si](O[Si](O[Si](O[Si](c1ccc(cc1)[Si](*)(C)C)(C)C)(C)C)(C)C)(C)C,tg,-72.0,-67.55513212467383
*O[Si](O[Si](O[Si](Oc1c(cc(cc1C)c1cc(c(c(c1)C)*)C)C)(C)C)(C)C)(C)C,tg,14.0,24.621149175539017
*O[Si](O[Si](O[Si](c1ccc(cc1)Oc1ccc(cc1)[Si](*)(C)C)(C)C)(C)C)(C)C,tg,-37.0,-53.21659686886089
*O[Si](O[Si](O[Si](c1ccc(cc1)[Si](*)(C)C)(C)C)(C)C)(C)C,tg,-62.0,-80.49432415841893
*O[Si](O[Si](Oc1ccc(cc1)c1ccc(cc1)*)(C)C)(C)C,tg,-4.0,45.94380820884773
*O[Si](O[Si](c1c(c(c(c(c1F)F)F)[Si](*)(C)C)F)(C)C)(C)C,tg,-61.0,-64.07643341880146
*O[Si](O[Si](c1ccc(cc1)[Si](*)(C)C)(C)C)(C)C=C,tg,-63.0,-25.932756456820716
*O[Si](O[Si](c1ccc(cc1)[Si](*)(C)C)(C)C)(C=C)C=C,tg,-71.0,-41.06072043194577
*O[Si](Oc1c(cc(cc1)C1(c2ccccc2c2ccccc12)c1cc(c(cc1)*)C)C)(c1ccccc1)c1ccccc1,tg,171.0,165.76751980105035
*O[Si](Oc1ccc(cc1)*)(C)C,tg,90.0,-7.528956926771102
*O[Si](Oc1ccc(cc1)C(c1ccc(cc1)*)(C)C)(C)C,tg,45.0,76.11808828200864
*O[Si](Oc1ccc(cc1)C(c1ccc(cc1)*)(C)C)(c1ccccc1)C,tg,58.0,68.2865208145226
*O[Si](Oc1ccc(cc1)C1(c2ccccc2c2ccccc12)c1ccc(cc1)*)(c1ccccc1)c1ccccc1,tg,166.0,172.51698226831286
*O[Si](c1c(cc(c(c1)OCCO)[Si](*)(C)C)OCCO)(C)C,tg,73.0,17.160005615585302
*O[Si](c1c(cc(c(c1)OCCOCc1ccccc1)[Si](*)(C)C)OCCOCc1ccccc1)(C)C,tg,76.0,-7.593231359697349
*O[Si](c1c2c(c(cc1)[Si](*)(C)C)cccc2)(C)C,tg,60.0,25.999608500375015
*O[Si](c1c2c(ccc1)c(ccc2)[Si](*)(C)C)(C)C,tg,62.0,14.6203847781003
*O[Si](c1c2ccc3ccc(c4ccc(cc1)c2c34)[Si](*)(C)C)(C)C,tg,65.0,131.13269706361146
*O[Si](c1cc(ccc1)C(C(c1cc(ccc1)[Si](*)(C)C)(F)F)(F)F)(C)C,tg,-2.0,-6.859866739289183
*O[Si](c1cc(ccc1)[Si](*)(C)C)(C)C,tg,-52.0,-23.53421567775151
*O[Si](c1cc2c(cc1)cc(cc2)[Si](*)(C)C)(C)C,tg,29.0,39.00261428835901
*O[Si](c1cc2c(cc1)ccc(c2)[Si](*)(C)C)(C)C,tg,26.0,15.860809174934676
*O[Si](c1ccc(cc1)[Si](*)(c1ccccc1)c1ccccc1)(c1ccccc1)c1ccccc1,tg,114.13,87.26230378198288
*O[Si](c1ccc(cc1)[Si](O[SiH](*)C)(C)C)(C)C,tg,-70.33,-28.728535540413862
*O[Si](c1ccc(cc1)[Si](O[SiH](*)CCC(F)(F)F)(C)C)(C)C,tg,-37.0,-38.44335449948435
*O[Si](c1ccc(cc1)[Si](Oc1c(cc(cc1C)c1cc(c(c(c1)C)*)C)C)(C)C)(C)C,tg,67.0,99.91654115531841
*O[Si](c1ccc(cc1)c1ccc(cc1)[Si](*)(C)C)(C)C,tg,67.0,30.454574438115728
*Oc1c(-c2ccccc2)cc(*)cc1-c1ccccc1,egc,3.9085,3.813989636733538
*Oc1c(Br)cc(C2(c3cc(Br)c(OC(*)=O)c(Br)c3)CC3CCC2C3)cc1Br,egc,4.8531,4.53340310436981
*Oc1c(C)cc(*)cc1C,egc,4.5265,4.258395625456169
*Oc1c(C)cc(N=Nc2ccc(C(*)=O)cc2)cc1C,egc,3.7116,3.3900698406223575
*Oc1c(F)c(F)c(S(=O)(=O)c2c(F)c(F)c(Oc3ccc(C(c4ccc(*)cc4)(C(F)(F)F)C(F)(F)F)cc3)c(F)c2F)c(F)c1F,egc,3.7366,3.945562915280373
*Oc1c(OC)cc(*)cc1OC,egc,4.2534,3.804771500662265
*Oc1c(c(c(c(c1)C)*)C)Br,tg,280.15,164.5039091046881
*Oc1c(c(c(c(c1C)C)NC(=O)c1ccc(cc1)C(=O)Nc1ccc(cc1)*)C)C,tg,333.0,235.04714323955005
*Oc1c(c(c(c(c1C)C)Oc1ccc(cc1)NC(=O)c1ccc(cc1)C(=O)Nc1ccc(cc1)*)C)C,tg,310.0,267.8105232493203
*Oc1c(c(c(c(c1F)C#N)Oc1ccc(cc1)C(c1cc(ccc1)C(c1ccc(cc1)*)(C)C)(C)C)F)C#N,tg,131.5,150.52748461689262
*Oc1c(c(c(c(c1F)F)COC(c1cc(ccc1)C(OCc1c(c(c(c(c1F)F)Oc1ccc(cc1)Cc1ccc(cc1)*)F)F)(C(F)(F)F)C(F)(F)F)(C(F)(F)F)C(F)(F)F)F)F,tg,94.0,121.77582071998307
*Oc1c(c(c(c(c1F)F)S(=O)(=O)c1c(c(c(c(c1F)F)Oc1ccc(cc1)C(c1ccc(cc1)*)(C(F)(F)F)C(F)(F)F)F)F)F)F,tg,182.0,170.48329763885656
*Oc1c(c(c(c(c1F)F)Sc1c(c(c(c(c1F)F)Oc1ccc(cc1)C(c1ccc(cc1)*)(C(F)(F)F)C(F)(F)F)F)F)F)F,tg,130.33,161.9833895923097
*Oc1c(c(c(c(c1F)F)c1c(c(c(c(c1F)F)Oc1c(cc(cc1)Cc1cc(c(cc1)*)C=O)C=O)F)F)F)F,tg,198.0,165.63982523018416
*Oc1c(c(c(c(c1[2H])[2H])S(=O)(=O)c1c(c(c(c(c1[2H])[2H])Oc1c(c(c(c(c1[2H])[2H])C(c1c(c(c(c(c1[2H])[2H])*)[2H])[2H])(C([2H])([2H])[2H])C([2H])([2H])[2H])[2H])[2H])[2H])[2H])[2H])[2H],tg,175.0,179.84709101152566
*Oc1c(c(cc(c1)Cl)Cl)*,tg,165.0,177.44679539409884
*Oc1c(c(ccc1)Oc1cc(ccc1)*)C#N,tg,144.25,130.86553310960866
*Oc1c(c(ccc1)Oc1cc(ccc1)NC(=O)c1c(ccc(c1)Oc1cc(c(cc1)C(=O)O)C(=O)Nc1cc(ccc1)*)C(=O)O)C#N,tg,200.1,159.24263865238888
*Oc1c(c2c(cc1)cccc2)Sc1c2c(ccc1OCC(=O)Nc1c3c(ccc1)c(ccc3)NC(=O)C*)cccc2,tg,264.0,237.76587813932042
*Oc1c(c2c(cc1)cccc2)Sc1c2c(ccc1OCC(=O)Nc1ccc(cc1)Cc1ccc(cc1)NC(=O)C*)cccc2,tg,241.0,240.51866698656767
*Oc1c(c2c(cc1)cccc2)Sc1c2c(ccc1OCC(=O)Nc1ccc(cc1)NC(=O)C*)cccc2,tg,268.0,251.03029814341738
*Oc1c(cc(c(c1)C(=O)c1ccccc1)Oc1ccc(cc1)*)C(=O)c1ccccc1,tg,137.0,168.01144361737835
*Oc1c(cc(c(c1)C(C)(C)C)Oc1ccc(cc1)C(=O)Nc1c(cc(cc1)C(c1cc(c(cc1)NC(=O)c1ccc(cc1)*)C)(C)C)C)C(C)(C)C,tg,275.0,267.1547083099011
*Oc1c(cc(c(c1)C(C)(C)C)Oc1ccc(cc1)C(=O)Nc1c(cc(cc1C)C(c1cc(c(c(c1)C)NC(=O)c1ccc(cc1)*)C)(C)C)C)C(C)(C)C,tg,295.0,278.54673719169244
*Oc1c(cc(c(c1)C(C)(C)C)Oc1ccc(cc1)C(=O)Nc1c(cc(cc1C)Cc1cc(c(c(c1)C(C)C)NC(=O)c1ccc(cc1)*)C)C(C)C)C(C)(C)C,tg,260.0,262.7252136082671
*Oc1c(cc(c(c1)C(C)(C)C)Oc1ccc(cc1)C(=O)Nc1ccc(cc1)C(c1ccc(cc1)NC(=O)c1ccc(cc1)*)(C)C)C(C)(C)C,tg,254.0,249.66793438899475
*Oc1c(cc(c(c1)C(C)(C)C)Oc1ccc(cc1)C(=O)c1ccc(cc1)*)C(C)(C)C,tg,206.0,188.5948600326425
*Oc1c(cc(c(c1)C(c1ccccc1)(C)C)OC(=O)c1cc(ccc1)C(=O)*)C(c1ccccc1)(C)C,tg,180.0,148.10452646095501
*Oc1c(cc(c(c1)C(c1ccccc1)(C)C)OC(=O)c1ccc(cc1)C(=O)*)C(c1ccccc1)(C)C,tg,170.0,208.48396262519682
*Oc1c(cc(c(c1)OC(=O)c1ccc(cc1)OCCCC)OC(=O)C(CCC(=O)*)(C)C)OC(=O)c1ccc(cc1)OCCCC,tg,61.0,62.39168303873991
*Oc1c(cc(c(c1)OC(=O)c1ccc(cc1)OCCCC)OC(=O)CCCCCC(=O)*)OC(=O)c1ccc(cc1)OCCCC,tg,45.0,33.77868089999282
*Oc1c(cc(c(c1)OC(=O)c1ccc(cc1)OCCCC)OC(=O)CCCCCCCC(=O)*)OC(=O)c1ccc(cc1)OCCCC,tg,38.0,30.57247091335375
*Oc1c(cc(c(c1)OC(=O)c1ccc(cc1)OCCCCCCCCCCCC)OC(=O)CCCC(=O)*)OC(=O)c1ccc(cc1)OCCCCCCCCCCCC,tg,23.0,29.234220077768036
*Oc1c(cc(cc1)C(=O)c1cc(ccc1)C(=O)c1cc(c(cc1)*)C(C)C)CC,tg,136.0,146.50920729291983
*Oc1c(cc(cc1)C(=O)c1ccc(cc1)C(=O)c1cc(c(cc1)*)C(C)C)C,tg,149.0,205.46885200052236
*Oc1c(cc(cc1)C(c1cc(c(cc1)OC(=O)*)C(C)C)(C)C)C(C)C,tg,80.0,123.38083748886817
*Oc1c(cc(cc1)C(c1cc(c(cc1)OC(=O)*)C)(CC)C)C,tg,119.0,126.85429496544987
*Oc1c(cc(cc1)C(c1cc(c(cc1)OC(=O)*)C)(CCC#N)C)C,tg,117.0,136.1798641706068
*Oc1c(cc(cc1)C(c1cc(c(cc1)OC(=O)CCCCC(=O)*)C)(C)C)C,tg,33.5,74.89609167511708
*Oc1c(cc(cc1)C(c1cc(c(cc1)OC(=O)c1ccc(cc1)C(=O)*)C(C)C)(C)C)C(C)C,tg,130.0,121.26925718931281
*Oc1c(cc(cc1)C(c1cc(c(cc1)OC(=O)c1ccc(cc1)C(=O)*)C(CC)C)(C)C)C(CC)C,tg,90.0,125.79730533284219
*Oc1c(cc(cc1)C(c1cc(c(cc1)OC(=O)c1ccc(cc1)C(=O)*)C)(C)C)C,tg,167.0,184.17462826181648
*Oc1c(cc(cc1)C(c1cc(c(cc1)OC(=O)c1ccc(cc1)C(=O)*)Cl)(C)C)Cl,tg,190.0,174.08437197852473
*Oc1c(cc(cc1)C1(C2C3C(C(C1)C2)C1CCC3C1)c1c(cc(cc1)OC(=O)*)C)C,tg,232.0,239.445463062557
*Oc1c(cc(cc1)C1(C2C3C(CCC3)C(C1)C2)c1cc(c(cc1)OC(=O)*)C)C,tg,217.0,220.8389408013464
*Oc1c(cc(cc1)C1(C2CCC(C1)C2)c1cc(c(cc1)OC(=O)*)C)C,tg,161.0,193.99450150151827
*Oc1c(cc(cc1)C1(C2CCC(C1)C2)c1cc(c(cc1)OC(=O)*)Cl)Cl,tg,200.0,227.83745732349425
*Oc1c(cc(cc1)C1(CC2C(CC1)CCCC2)c1cc(c(cc1)Oc1ccc(cc1)C(=O)c1ccc(cc1)*)C)C,tg,201.0,226.51983475731132
*Oc1c(cc(cc1)C1(c2ccccc2c2ccccc12)c1cc(c(cc1)Oc1ccc(cc1)C(=O)c1cc(ccc1)C(=O)c1ccc(cc1)*)C)C,tg,217.0,229.68403602805012
*Oc1c(cc(cc1)C=C1C(=O)C(=Cc2cc(c(cc2)OC(=O)c2cc(ccc2)C(=O)*)OC)CCC1)OC,tg,57.86,127.37422867079543
*Oc1c(cc(cc1)C=C1C(=O)C(=Cc2cc(c(cc2)OC(=O)c2ccc(cc2)N=Cc2ccc(cc2)C=Nc2ccc(cc2)C(=O)*)OC)CC1)OC,tg,140.0,158.23654992037353
*Oc1c(cc(cc1)C=C1C(=O)C(=Cc2cc(c(cc2)OCCCCCCCC*)OC)CCC1)OC,tg,72.0,64.45201621174783
*Oc1c(cc(cc1)C=C1C(=O)C(=Cc2cc(c(cc2)OCCCCCCCCCC*)OC)CCC1)OC,tg,60.0,69.45551518445039
*Oc1c(cc(cc1)NC(=O)NC1CC(CC(C1)(CNC(=O)Nc1cc(c(cc1)*)c1ccc(cc1)Oc1ccccc1)C)(C)C)c1ccc(cc1)Oc1ccccc1,tg,281.0,216.577103452152
*Oc1c(cc(cc1)OC(=O)c1c(cc(c(c1)OCCCc1ccccc1)C(=O)*)OCCCc1ccccc1)C,tg,91.0,96.78276631943955
*Oc1c(cc(cc1)OC(=O)c1c(cc(cc1)C(=O)*)Sc1ccccc1)C,tg,130.0,138.56176820812144
*Oc1c(cc(cc1)OC(=O)c1c(cc(cc1)C(=O)*)Sc1ccccc1)c1ccccc1,tg,130.0,128.36041167245432
*Oc1c(cc(cc1)OC(=O)c1c(cc(cc1)c1ccc(cc1)C(=O)*)c1ccccc1)C,tg,133.0,139.65444926720548
*Oc1c(cc(cc1)OC(=O)c1c(cc(cc1)c1ccc(cc1)C(=O)*)c1ccccc1)C(c1ccccc1)(C)C,tg,146.0,177.50643178032573
*Oc1c(cc(cc1)OC(=O)c1c(cc(cc1)c1ccc(cc1)C(=O)*)c1ccccc1)c1ccccc1,tg,148.0,154.73935742633805
*Oc1c(cc(cc1)OC(=O)c1cc(ccc1)Sc1ccc(cc1)OC(=O)c1ccc(cc1)C(=O)Oc1ccc(cc1)Sc1cc(ccc1)C(=O)*)C,tg,106.5,139.95841163751993
*Oc1c(cc(cc1)OC(=O)c1ccc(cc1)C(=O)*)C(F)(F)F,tg,158.13,151.2978371688843
*Oc1c(cc(cc1)OC(=O)c1ccc(cc1)C(=O)*)C1CCCCCCC1,tg,213.0,148.4472662776375
*Oc1c(cc(cc1)OC(=O)c1ccc(cc1)C(=O)*)CCC(CC)C,tg,237.0,108.54768323131702
*Oc1c(cc(cc1)OC(=O)c1ccc(cc1)C(=O)*)c1cc(ccc1)C(F)(F)F,tg,158.13,155.13272869456975
*Oc1c(cc(cc1)OC(=O)c1ccc(cc1)OCCCCCCCCCCCCOc1ccc(cc1)C(=O)*)C=Cc1ccncc1,tg,91.35,93.6729500211939
*Oc1c(cc(cc1)OC(=O)c1ccc(cc1)OCCCCCCCCCCOc1ccc(cc1)C(=O)*)S(=O)(=O)c1ccccc1,tg,88.0,100.57710072008013
*Oc1c(cc(cc1)OC(=O)c1ccc(cc1)OCCCCCCCCOc1ccc(cc1)C(=O)*)C(=O)CC,tg,70.0,77.75307735185504
*Oc1c(cc(cc1)OC(=O)c1ccc(cc1)OCCCCCCOc1ccc(cc1)C(=O)*)S(=O)(=O)c1ccccc1,tg,112.6,98.06212623981865
*Oc1c(cc(cc1)OC(=O)c1ccc(cc1)Sc1cc(ccc1)OC(=O)c1ccc(cc1)C(=O)Oc1cc(ccc1)Sc1ccc(cc1)C(=O)*)C,tg,135.0,113.80648870824983
*Oc1c(cc(cc1)OCCCC(=O)NNC(=O)c1ccc(cc1)C(=O)NNC(=O)CCC*)C,tg,125.5,144.25911713291455
*Oc1c(cc(cc1)OCCCCC(=O)NNC(=O)c1ccc(cc1)C(=O)NNC(=O)CCCC*)C,tg,139.5,119.4099545038948
*Oc1c(cc(cc1)OCCCCCC(=O)NNC(=O)c1ccc(cc1)C(=O)NNC(=O)CCCCC*)C,tg,110.5,125.70059587996445
*Oc1c(cc(cc1)Oc1ccc(cc1)C(=O)Nc1ccc(cc1)Oc1ccc(cc1)S(=O)(=O)c1ccc(cc1)Oc1ccc(cc1)NC(=O)c1ccc(cc1)*)C,tg,217.0,216.82691403183878
*Oc1c(cc(cc1)Oc1ccc(cc1)C(=O)Nc1ccc(cc1)Oc1ccc(cc1)S(=O)(=O)c1ccc(cc1)Oc1ccc(cc1)NC(=O)c1ccc(cc1)*)c1ccccc1,tg,231.0,214.16484017433723
*Oc1c(cc(cc1)Oc1ccc(cc1)C(=O)Nc1ccc(cc1)Oc1ccc(cc1)c1ccc(cc1)Oc1ccc(cc1)NC(=O)c1ccc(cc1)*)C,tg,220.0,215.42529140788452
*Oc1c(cc(cc1)Oc1ccc(cc1)C(=O)Nc1ccc(cc1)Oc1ccc(cc1)c1ccc(cc1)Oc1ccc(cc1)NC(=O)c1ccc(cc1)*)c1ccccc1,tg,232.0,211.4189477430189
*Oc1c(cc(cc1)Oc1ccc(cc1)C(=O)c1cc(ccc1)C(=O)c1ccc(cc1)*)S(=O)(=O)O,tg,195.0,177.33710272879887
*Oc1c(cc(cc1)Oc1ccc(cc1)C(=O)c1ccc(cc1)*)C(C)(C)C,tg,176.25,174.61106724418798
*Oc1c(cc(cc1)Oc1ccc(cc1)C(=O)c1ccc(cc1)*)c1cc(cc(c1)C)C,tg,162.0,183.3355443542457
*Oc1c(cc(cc1)Oc1ccc(cc1)C(=O)c1ccc(cc1)*)c1cc(ccc1)C(F)(F)F,tg,134.0,156.65494260729503
*Oc1c(cc(cc1)Oc1ccc(cc1)C(=O)c1ccc(cc1)C(=O)c1ccc(cc1)*)c1cc(c(cc1)S(=O)(=O)O)C,tg,167.0,175.16123601502738
*Oc1c(cc(cc1)Oc1ccc(cc1)C(=O)c1ccc(cc1)C(=O)c1ccc(cc1)*)c1cc(ccc1)C,tg,159.0,157.09121414833305
*Oc1c(cc(cc1)Oc1ccc(cc1)C(=O)c1ccc(cc1)C(=O)c1ccc(cc1)*)c1ccccc1,tg,166.0,154.14871057488241
*Oc1c(cc(cc1)Oc1ccc(cc1)C(=O)c1ccc(cc1)c1ccc(cc1)C(=O)c1ccc(cc1)*)c1cc(c(cc1)S(=O)(=O)O)C,tg,182.0,187.39640116281285
*Oc1c(cc(cc1)Oc1ccc(cc1)C(=O)c1ccc(cc1)c1ccc(cc1)C(=O)c1ccc(cc1)*)c1cc(ccc1)C,tg,170.0,173.05314196632335
*Oc1c(cc(cc1)Oc1ccc(cc1)NC(=O)c1cc(ccc1)C(=O)Nc1ccc(cc1)*)C(C)(C)C,tg,208.0,233.40906753134544
*Oc1c(cc(cc1)Oc1ccc(cc1)NC(=O)c1ccc(cc1)Oc1c(cc(cc1)Oc1ccc(cc1)C(=O)Nc1ccc(cc1)*)c1ccccc1)c1ccccc1,tg,200.5,218.49443970986215
*Oc1c(cc(cc1)S(=O)(=O)c1cc(c(cc1)OCC(C*)O)C)C,tg,132.5,135.16903842603017
*Oc1c(cc(cc1)S(=O)(=O)c1cc(c(cc1)OCC(COc1ccc(cc1)C(c1ccc(cc1)OCC(C*)O)(C)C)O)C)C,tg,117.5,125.24238343660429
*Oc1c(cc(cc1)S(=O)(=O)c1cc(c(cc1)Oc1ccc(cc1)C(c1ccc(cc1)*)(C)C)[N+](=O)[O-])[N+](=O)[O-],tg,206.0,165.64883553652888
*Oc1c(cc(cc1)c1ccc(cc1)NC(=O)c1cc(cc(c1)C(C)(C)C)C(=O)Nc1ccc(cc1)c1cc(c(cc1)Oc1ccc(cc1)C(c1ccc(cc1)*)(C)C)C(F)(F)F)C(F)(F)F,tg,248.5,229.53247117132668
*Oc1c(cc(cc1)c1ccc(cc1)OC(=O)c1ccc(cc1)C(=O)*)c1ccccc1,tg,132.0,183.5715522211716
*Oc1c(cc(cc1)c1ccc(cc1)c1cc(c(cc1)Oc1ccc(cc1)C(c1ccc(cc1)*)(C)C)C(F)(F)F)C(F)(F)F,tg,192.0,164.95265994964842
*Oc1c(cc(cc1Br)*)Br,tg,196.0,197.05585157248174
*Oc1c(cc(cc1Br)C(c1cc(c(c(c1)Br)OC(=O)*)Br)(C)C)Br,tg,206.75,197.62320361390482
*Oc1c(cc(cc1Br)C(c1cc(c(c(c1)Br)OC(=O)c1cc(ccc1)C(=O)*)Br)(C)C)Br,tg,115.0,197.89291303562115
*Oc1c(cc(cc1Br)C(c1cc(c(c(c1)Br)OC(=O)c1ccc(cc1)OCCCCCCCCCCOc1ccc(cc1)C(=O)*)Br)(C)C)Br,tg,128.0,104.15089797575057
*Oc1c(cc(cc1Br)C1(C2CCC(C1)C2)c1cc(c(c(c1)Br)OC(=O)*)Br)Br,tg,283.0,240.0454420772076
*Oc1c(cc(cc1Br)S(=O)(=O)c1cc(c(c(c1)Br)OC(=O)*)Br)Br,tg,196.0,232.65318548847625
*Oc1c(cc(cc1C(C)C)C(=O)c1cc(ccc1)C(=O)c1ccc(cc1)*)C(C)C,tg,132.0,156.2919981703298
*Oc1c(cc(cc1C)*)C,tg,204.61,171.74293624568907
*Oc1c(cc(cc1C)*)C(CCC)C,tg,100.0,87.5881373746283
*Oc1c(cc(cc1C)*)C(CCCC)C,tg,85.0,83.53722524582594
*Oc1c(cc(cc1C)*)C(CCCCC)C,tg,60.0,44.001593588776934
*Oc1c(cc(cc1C)*)C(CCCCCCCC)C,tg,20.0,9.951395894116605
*Oc1c(cc(cc1C)*)C(CCCCCCCCCCCC)C,tg,-10.0,18.273862725932215
*Oc1c(cc(cc1C)*)c1ccccc1,tg,171.67,206.740944073352
*Oc1c(cc(cc1C)C(=O)c1ccc(cc1)*)C,tg,200.0,224.1121208478954
*Oc1c(cc(cc1C)C(c1cc(c(c(c1)C)OC(=O)*)C)(C)C)C,tg,193.62,196.75157504292193
*Oc1c(cc(cc1C)C(c1cc(c(c(c1)C)OC(=O)CCCCC(=O)*)C)(C)C)C,tg,93.0,87.15373764118756
*Oc1c(cc(cc1C)C(c1cc(c(c(c1)C)OC(=O)CCCCCC(=O)*)C)(C)C)C,tg,84.0,61.93269535045384
*Oc1c(cc(cc1C)C(c1cc(c(c(c1)C)OC(=O)CCCCCCCCC(=O)*)C)(C)C)C,tg,45.0,70.47796104665258
*Oc1c(cc(cc1C)C(c1cc(c(c(c1)C)OC(=O)c1cc(ccc1)C(=O)*)C)(C)C)C,tg,187.0,164.75355673547253
*Oc1c(cc(cc1C)C(c1cc(c(c(c1)C)OC(=O)c1ccc(cc1)C(=O)*)C)(C)C)C,tg,239.0,199.5763849725245
*Oc1c(cc(cc1C)C(c1cc(c(c(c1)C)OCC(C*)O)C)(C)C)C,tg,130.0,116.97569019282635
*Oc1c(cc(cc1C)C(c1cc(c(c(c1)C)OCC(COc1ccc(cc1)C(c1ccc(cc1)OCC(C*)O)(C)C)O)C)(C)C)C,tg,100.0,128.88934235986355
*Oc1c(cc(cc1C)C1(CC2C(CC1)CCCC2)c1cc(c(c(c1)C)OC(=O)c1ccc(cc1)C(=O)*)C)C,tg,287.0,266.4940820896334
*Oc1c(cc(cc1C)C1(CC2C(CC1)CCCC2)c1cc(c(c(c1)C)Oc1ccc(cc1)C(=O)c1cc(ccc1)C(=O)c1ccc(cc1)*)C)C,tg,224.0,227.87982842928014
*Oc1c(cc(cc1C)C1(CC2C(CC1)CCCC2)c1cc(c(c(c1)C)Oc1ccc(cc1)C(=O)c1ccc(cc1)*)C)C,tg,251.0,235.46419680030777
*Oc1c(cc(cc1C)C1(c2ccccc2c2ccccc12)c1cc(c(c(c1)C)Oc1ccc(cc1)C(=O)c1cc(ccc1)C(=O)c1ccc(cc1)*)C)C,tg,229.0,251.9990834914212
*Oc1c(cc(cc1C)S(=O)(=O)c1cc(c(c(c1)C)OCC(C*)O)C)C,tg,152.5,126.46698097180551
*Oc1c(cc(cc1C)S(=O)(=O)c1cc(c(c(c1)C)OCC(COc1c(cc(cc1C)C(c1cc(c(c(c1)C)OCC(C*)O)C)(C)C)C)O)C)C,tg,145.0,150.73474670787152
*Oc1c(cc(cc1C)c1cc(c(c(c1)C)OC(=O)CCCCC(=O)*)C)C,tg,108.0,94.83837234017885
*Oc1c(cc(cc1C)c1cc(c(c(c1)C)OC(=O)CCCCCCCCC(=O)*)C)C,tg,57.0,75.98097437340009
*Oc1c(cc(cc1C)c1cc(c(c(c1)C)Oc1ccc(cc1)C(=O)c1ccc(cc1)*)C)C,tg,246.64,217.3190451602288
*Oc1c(cc(cc1Cl)*)Br,tg,188.5,192.44393426892609
*Oc1c(cc(cc1Cl)C(=C(Cl)Cl)c1cc(c(c(c1)Cl)OC(=O)*)Cl)Cl,tg,250.0,234.3112443244701
*Oc1c(cc(cc1Cl)C(c1cc(c(c(c1)Cl)OC(=O)*)Cl)C(Cl)(Cl)Cl)Cl,tg,273.0,241.54804770730243
*Oc1c(cc(cc1Cl)C(c1cc(c(c(c1)Cl)OC(=O)c1ccc(cc1)OCCCCCCCCCCOc1ccc(cc1)C(=O)*)Cl)(C)C)Cl,tg,140.0,98.18784705922836
*Oc1c(cc(cc1Cl)C(c1cc(c(c(c1)Cl)OCC(C*)O)Cl)(C)C)Cl,tg,145.0,110.6600016563738
*Oc1c(cc(cc1Cl)C(c1cc(c(c(c1)Cl)OCC(C*)OC(=O)C)Cl)(C)C)Cl,tg,100.0,125.52073274901109
*Oc1c(cc(cc1Cl)C1(C2C3C(CCC3)C(C1)C2)c1cc(c(c(c1)Cl)OC(=O)*)Cl)Cl,tg,281.0,278.93695862657046
*Oc1c(cc(cc1OC)*)OC,tg,171.45,132.45787921126345
*Oc1c(cc(cc1OC)/C=C/c1ccc(cc1)/C=C/c1cc(c(c(c1)OC)OCCCCCC*)OC)OC,tg,90.0,76.63344911527973
*Oc1c(cc(cc1OC)/C=C/c1ccc(cc1)/C=C/c1cc(c(c(c1)OC)OCCCCCCCC*)OC)OC,tg,80.9,77.45552273199866
*Oc1c(cc(cc1OC)/C=C/c1ccc(cc1)/C=C/c1cc(c(c(c1)OC)OCCCCCCCCCC*)OC)OC,tg,68.5,83.92064136323796
*Oc1c(cc(cc1OC)C=C1C(=O)C(=Cc2cc(c(c(c2)OC)OCCCCCC*)OC)CCC1)OC,tg,71.0,56.32076573281598
*Oc1c(cc(cc1OC)C=Cc1c(cc(c(c1)C(C)C)C=Cc1cc(c(c(c1)OC)OCCCCCCCC*)OC)C(C)C)OC,tg,85.0,83.51233495716438
*Oc1c(cc(cc1OC)C=Cc1c(cc(c(c1)CCCCCC)C=Cc1cc(c(c(c1)OC)OCCCCCCCC*)OC)CCCCCC)OC,tg,21.0,71.60575498973007
*Oc1c(cc(cc1OC)C=Cc1ccc(cc1)C=Cc1cc(c(c(c1)OC)OCCCCCCCC*)OC)OC,tg,80.45,84.90665419412097
*Oc1c(cc(cc1OC)c1cc(c(c(c1)OC)OC(=O)CCCCCCCCC(=O)*)OC)OC,tg,94.0,64.97434378630811
*Oc1c(cc(cc1c1ccccc1)*)c1c(cccc1)c1ccccc1,tg,211.0,201.56930890743294
*Oc1c(cc(cc1c1ccccc1)*)c1c2c(ccc1)cccc2,tg,234.0,230.65718699670805
*Oc1c(cc(cc1c1ccccc1)*)c1ccc(cc1)C,tg,218.0,207.99356867425865
*Oc1c(cc(cc1c1ccccc1)*)c1ccc(cc1)C(C)(C)C,tg,240.0,213.5655975232591
*Oc1c(cc(cc1c1ccccc1)Cc1cc(c(c(c1)c1ccccc1)OC(=O)CCCCC(=O)*)c1ccccc1)c1ccccc1,tg,115.0,124.70549873188813
*Oc1c(cc(cc1c1ccccc1)Cc1cc(c(c(c1)c1ccccc1)OC(=O)CCCCCC(=O)*)c1ccccc1)c1ccccc1,tg,111.0,101.69301678089803
*Oc1c(cc(cc1c1ccccc1)c1cc(c(c(c1)c1ccccc1)OC(=O)CCCCCCCCC(=O)*)c1ccccc1)c1ccccc1,tg,98.0,105.91737370024731
*Oc1c(ccc(c1)OC(=O)c1ccc(cc1)Oc1ccc(cc1)C1(CCC(CC1)C(C)(C)C)c1ccc(cc1)Oc1ccc(cc1)C(=O)*)C12CC3CC(CC(C1)C3)C2,tg,180.0,218.46706560607322
*Oc1c(ccc(c1)Oc1ccc(cc1)NC(=O)c1cc(cc(c1)NC(=O)C12CC3CC(CC(C1)C3)C2)C(=O)Nc1ccc(cc1)*)C12CC3CC(CC(C1)C3)C2,tg,345.0,281.1856616987482
*Oc1c(cccc1)C(=O)OC(=O)c1c(cccc1)OC(=O)CCCCC(=O)*,tg,60.0,42.95438104153415
*Oc1c(cccc1)C(=O)OC(=O)c1c(cccc1)OC(=O)CCCCCC(=O)*,tg,40.0,32.57318701069846
*Oc1c(cccc1)C(=O)OC(=O)c1c(cccc1)OC(=O)CCCCCCC(=O)*,tg,28.0,39.454944629305636
*Oc1c(cccc1)C(=O)OC(=O)c1c(cccc1)OC(=O)CCCCCCCCC(=O)*,tg,28.0,32.716549558432284
*Oc1c(cccc1)C(=O)OC(=O)c1c(cccc1)OC(=O)c1ccc(cc1)C(=O)*,tg,120.0,136.39174459640992
*Oc1c(cccc1)Oc1ccc(cc1)S(=O)(=O)c1ccc(cc1)*,tg,171.0,190.55336797206093
*Oc1c2c(c(cc1)C(=O)c1ccc(cc1)Oc1ccc(cc1)C(c1ccc(cc1)*)(C(F)(F)F)C(F)(F)F)cccc2,tg,190.0,213.68163814636188
*Oc1c2c(c(cc1)C(=O)c1ccc(cc1)Oc1ccc(cc1)C1(c3ccccc3c3ccccc13)c1ccc(cc1)*)cccc2,tg,260.0,262.5017338166749
*Oc1c2c(c(cc1)C=Cc1c(cc(c(c1)OC)C=Cc1c3c(c(cc1)OCCOCCOCC*)cccc3)OC)cccc2,tg,79.5,95.93848222790426
*Oc1c2c(c(cc1)C=Cc1ccc(cc1)C=Cc1c3c(c(cc1)OCCOCCOCC*)cccc3)cccc2,tg,83.5,103.13899723124193
*Oc1c2c(c(cc1)OC(=O)c1ccc(cc1)Oc1ccc(cc1)C(=O)*)cccc2,tg,166.0,189.77360277203587
*Oc1c2c(c(cc1)c1c3c(c(cc1)OCCC*)cccc3)cccc2,tg,173.5,145.04347899165865
*Oc1c2c(c(cc1)c1c3c(c(cc1)OCCCC*)cccc3)cccc2,tg,130.0,168.1778002097951
*Oc1c2c(c(cc1)c1c3c(c(cc1)OCCCCC*)cccc3)cccc2,tg,151.0,127.7981920815322
*Oc1c2c(c(cc1)c1c3c(c(cc1)OCCCCCCC*)cccc3)cccc2,tg,129.5,129.49191162673367
*Oc1c2c(c(cc1)c1c3c(c(cc1)Oc1c(c4c(cc1)cccc4)c1c4c(ccc1*)cccc4)cccc3)cccc2,tg,301.0,245.61840841684037
*Oc1c2c(c(cc1)c1c3c(c(cc1)Oc1ccc(cc1)*)cccc3)cccc2,tg,226.0,211.59528353988213
*Oc1c2c(c(cc1)c1c3c(c(cc1)Oc1ccc(cc1)Oc1c(c(ccc1)Oc1ccc(cc1)*)C)cccc3)cccc2,tg,156.0,176.8266962044529
*Oc1c2c(c(cc1)c1c3c(c(cc1)Oc1ccc(cc1)Oc1ccc(cc1)Oc1ccc(cc1)*)cccc3)cccc2,tg,147.0,190.78094998843844
*Oc1c2c(c(cc1)c1c3c(c(cc1)Oc1ccc(cc1)Oc1ccc(cc1)S(=O)(=O)c1ccc(cc1)Oc1ccc(cc1)*)cccc3)cccc2,tg,214.0,202.83871113197716
*Oc1c2c(ccc1)c(ccc2)OC1(C(C(C1(F)F)(F)F)(*)F)F,tg,124.8,111.7680382946988
*Oc1c2c(ccc1)c(ccc2)OCCNC(=O)c1cc(ccc1)C(=O)NCC*,tg,171.0,146.8656529451701
*Oc1c2c(ccc1)cc(cc2)OC(=O)c1ccc(cc1)Oc1ccc(cc1)C(=O)*,tg,179.0,160.83773199000078
*Oc1c2c(ccc1)cc(cc2)OCCNC(=O)c1cc(ccc1)C(=O)NCC*,tg,155.5,176.26787570792814
*Oc1c2c(ccc1)ccc(c2)Oc1ccc(cc1)NC(=O)c1cc(cc(c1)C(C)(C)C)C(=O)Nc1ccc(cc1)*,tg,263.0,235.2938368405078
*Oc1c2c(ccc1)ccc(c2)Oc1ccc(cc1)NC(=O)c1cc(ccc1)C(=O)Nc1ccc(cc1)*,tg,256.0,211.97854639151268
*Oc1c2c(ccc1)ccc(c2)Oc1ccc(cc1)NC(=O)c1ccc(cc1)C(c1ccc(cc1)C(=O)Nc1ccc(cc1)*)(C(F)(F)F)C(F)(F)F,tg,252.0,224.74431766032004
*Oc1c2c(ccc1)ccc(c2)Oc1ccc(cc1)NC(=O)c1ccc(cc1)Oc1c(cccc1)Oc1ccc(cc1)C(=O)Nc1ccc(cc1)*,tg,180.0,211.84793260283408
*Oc1c2c(ccc1)ccc(c2)Oc1ccc(cc1)NC(=O)c1ccc(cc1)Oc1cc(ccc1)Oc1ccc(cc1)C(=O)Nc1ccc(cc1)*,tg,196.0,208.54819882897834
*Oc1c2c(ccc1)ccc(c2)Oc1ccc(cc1)NC(=O)c1ccc(cc1)Oc1ccc(cc1)C(=O)Nc1ccc(cc1)*,tg,236.0,187.15367699861952
*Oc1c2c(ccc1)ccc(c2)Oc1ccc(cc1)NC(=O)c1ccc(cc1)Oc1ccc(cc1)C(c1cc(ccc1)C(c1ccc(cc1)Oc1ccc(cc1)C(=O)Nc1ccc(cc1)*)(C)C)(C)C,tg,175.5,166.9104638054123
*Oc1c2c(ccc1)ccc(c2)Oc1ccc(cc1)NC(=O)c1ccc(cc1)Oc1ccc(cc1)Oc1ccc(cc1)C(=O)Nc1ccc(cc1)*,tg,224.0,228.93801846289176
*Oc1c2c(ccc1)ccc(c2)Oc1ccc(cc1)NC(=O)c1ccc(cc1)Oc1ccc(cc1)S(=O)(=O)c1ccc(cc1)Oc1ccc(cc1)C(=O)Nc1ccc(cc1)*,tg,218.0,237.85842954859027
*Oc1c2c(ccc1)ccc(c2)Oc1ccc(cc1)NC(=O)c1ccc(cc1)S(=O)(=O)c1ccc(cc1)C(=O)Nc1ccc(cc1)*,tg,259.0,241.6236594038693
*Oc1cc(C)cc(OC(=O)c2cccc(C(*)=O)c2)c1,egc,4.2911,4.153405613697807
*Oc1cc(Cl)cc(Cl)c1*,egc,4.3654,4.278124693534046
*Oc1cc(OC(=O)c2ccc(C=Nc3ccc(OCCCCCCOc4ccc(N=Cc5ccc(C(*)=O)cc5)cc4F)c(F)c3)cc2)c(Cl)cc1Cl,egc,2.9795,3.4825647799335964
*Oc1cc(OC(=O)c2ccc(OCCCC)cc2)c(OC(=O)CCCC(*)=O)cc1OC(=O)c1ccc(OCCCC)cc1,egc,4.3317,3.9626235175000883
*Oc1cc(Oc2ccc(C(C)(C)c3ccc(*)cc3)cc2)cc(C(=O)Oc2ccc(N=Nc3ccc(C#N)cc3)cc2)c1,egc,3.1481,2.8920416394352637
*Oc1cc(c(c(c1)Br)C(c1c(cc(cc1Br)OC(=O)*)Br)(C)C)Br,tg,267.0,171.22918278472054
*Oc1cc(c(c(c1)Cl)C(c1c(cc(cc1Cl)OC(=O)*)Cl)(C)C)Cl,tg,240.0,203.01492662841684
*Oc1cc(c(cc1)C(=O)O)C(=O)Nc1ccc(cc1)NC(=O)c1c(ccc(c1)*)C(=O)O,tg,166.3,207.32273674900074
*Oc1cc(c(cc1)C(=O)c1ccccc1)c1c(ccc(c1)Oc1ccc(cc1)C(c1ccc(cc1)*)(C)C)C(=O)c1ccccc1,tg,156.0,165.57521319129935
*Oc1cc(c(cc1)C(=O)c1ccccc1)c1c(ccc(c1)Oc1ccc(cc1)c1ccc(cc1)*)C(=O)c1ccccc1,tg,174.0,169.17230149638692
*Oc1cc(c(cc1)C(c1c(cc(cc1)OC(=O)*)C)c1ccccc1)C,tg,182.0,176.01853628043347
*Oc1cc(c(cc1)CCc1ccc(cc1)OCCCCC*)C,tg,15.4,15.157569723491909
*Oc1cc(c(cc1)CCc1ccc(cc1)OCCCCCCCC*)C,tg,-12.1,5.578319259275602
*Oc1cc(c(cc1)CCc1ccc(cc1)OCCCCCCCCC*)C,tg,-1.1,0.8990010132173962
*Oc1cc(c(cc1)CCc1ccc(cc1)OCCCCCCCCCC*)C,tg,-3.8,-3.48429318271359
*Oc1cc(c(cc1)CCc1ccc(cc1)OCCCCCCCCCCC*)C,tg,3.9,-6.20307277813604
*Oc1cc(c(cc1)CCc1ccc(cc1)OCCCCCCCCCCCC*)C,tg,-0.9,-0.6843650054663699
*Oc1cc(c(cc1)N=Cc1ccc(cc1)C=Nc1c(cc(cc1)OCCCCCCCCCC*)C)C,tg,77.6,75.65224909258953
*Oc1cc(c(cc1)S(=O)(=O)c1c(cc(cc1)Oc1c(cc(cc1)C(c1cc(c(cc1)*)[Si](C)(C)C)(C(F)(F)F)C(F)(F)F)[Si](C)(C)C)[Si](C)(C)C)[Si](C)(C)C,tg,148.9,179.88156193709963
*Oc1cc(c(cc1)S(=O)(=O)c1c(cc(cc1)Oc1c(cc(cc1C)C(c1cc(c(c(c1)C)*)C)(C(F)(F)F)C(F)(F)F)C)C(O)(C(F)(F)F)C(F)(F)F)C(O)(C(F)(F)F)C(F)(F)F,tg,196.0,177.03586802452847
*Oc1cc(c(cc1)S(=O)(=O)c1c(cc(cc1)Oc1c(cc(cc1C)C(c1cc(c(c(c1)C)*)C)(C(F)(F)F)C(F)(F)F)C)C(OC)(C(F)(F)F)C(F)(F)F)C(OC)(C(F)(F)F)C(F)(F)F,tg,163.0,167.3854060647632
*Oc1cc(c(cc1)S(=O)(=O)c1c(cc(cc1)Oc1c(cc(cc1C)C(c1cc(c(c(c1)C)*)C)(C)C)C)C(O)(C(F)(F)F)C(F)(F)F)C(O)(C(F)(F)F)C(F)(F)F,tg,187.0,188.7333868589111
*Oc1cc(c(cc1)S(=O)(=O)c1c(cc(cc1)Oc1ccc(cc1)C(c1ccc(cc1)*)(C(F)(F)F)C(F)(F)F)C(O)(C(F)(F)F)C(F)(F)F)C(O)(C(F)(F)F)C(F)(F)F,tg,148.0,188.98001445756722
*Oc1cc(c(cc1)S(=O)(=O)c1c(cc(cc1)Oc1ccc(cc1)C(c1ccc(cc1)*)(C(F)(F)F)C(F)(F)F)[Si](C)(C)C)[Si](C)(C)C,tg,172.0,142.8089486428396
*Oc1cc(c(cc1)S(=O)(=O)c1c(cc(cc1)Oc1ccc(cc1)C(c1ccc(cc1)*)(C)C)N)N,tg,210.5,197.72165519964244
*Oc1cc(c(cc1)S(=O)(=O)c1ccc(cc1)Oc1c(cc(cc1)C(c1cc(c(cc1)*)N)(C)C)N)N,tg,237.1,215.66795348959505
*Oc1cc(c(cc1)S(=O)(=O)c1ccc(cc1)Oc1ccc(cc1)C(c1ccc(cc1)*)(C)C)N,tg,202.0,211.3933280826122
*Oc1cc(cc(c1)C(=O)OCCN(c1ccc(cc1)N=Nc1ccc(cc1)[N+](=O)[O-])CC)OC(=O)c1ccc(cc1)C(=O)*,tg,130.0,141.7899240083164
*Oc1cc(cc(c1)CC)OC(=O)c1cc(ccc1)C(=O)*,tg,138.0,129.4023084654358
*Oc1cc(cc(c1)CCC)OC(=O)c1cc(ccc1)C(=O)*,tg,129.0,114.41758634409157
*Oc1cc(cc(c1)CCCC)OC(=O)c1cc(ccc1)C(=O)*,tg,97.5,109.34437824364153
*Oc1cc(cc(c1)CCCCCC)OC(=O)c1cc(ccc1)C(=O)*,tg,67.5,51.767037090455034
*Oc1cc(cc(c1)CCCCCCCCCCC)OC(=O)c1cc(ccc1)C(=O)*,tg,34.5,36.35485856323392
*Oc1cc(cc(c1)CCCCCCCCCCCCC)OC(=O)c1cc(ccc1)C(=O)*,tg,25.5,45.92433541849122
*Oc1cc(cc(c1)[N+](=O)[O-])Oc1ccc(cc1)C(c1ccc(cc1)*)(C)C,tg,150.0,150.26458941240134
*Oc1cc(ccc1)C(=O)OC(=O)c1cc(ccc1)OCCC*,tg,53.0,72.87709645168478
*Oc1cc(ccc1)C(=O)OC(=O)c1cc(ccc1)OCCCC*,tg,20.0,57.81365748298807
*Oc1cc(ccc1)C(=O)OC(=O)c1cc(ccc1)OCCCCC*,tg,61.0,14.450678882559652
*Oc1cc(ccc1)C(=O)OCC(C(C(COC(=O)c1cc(ccc1)*)(F)F)(F)F)(F)F,tg,20.0,37.566172106159776
*Oc1cc(ccc1)C(=O)c1ccc(cc1)*,tg,132.67,142.9386055915125
*Oc1cc(ccc1)C(=O)c1ccc(cc1)Oc1ccc(cc1)C(=O)c1ccc(cc1)*,tg,146.0,119.14007797737341
*Oc1cc(ccc1)C(C(C(c1cc(ccc1)OC(=O)c1cc(ccc1)C(C(C(c1cc(ccc1)C(=O)*)(F)F)(F)F)(F)F)(F)F)(F)F)(F)F,tg,74.0,109.1359438658503
*Oc1cc(ccc1)N(c1ccc(cc1)c1ccc(cc1)N(c1cc(ccc1)OC(=O)OCCOCCOC(=O)*)c1ccccc1)c1ccccc1,tg,113.0,117.37314651116967
*Oc1cc(ccc1)NC(=O)C(=O)Nc1cc(ccc1)OCC(COc1ccc(cc1)C(c1ccc(cc1)OCC(C*)O)(C)C)O,tg,119.0,92.56641636929372
*Oc1cc(ccc1)NC(=O)CCCCCCC(=O)Nc1ccc(cc1)*,tg,140.0,129.16520289525394
*Oc1cc(ccc1)NC(=O)CCCCCCCC(=O)Nc1ccc(cc1)*,tg,120.0,133.27378087922983
*Oc1cc(ccc1)NC(=O)CCCCCCCCC(=O)Nc1ccc(cc1)*,tg,125.0,125.47457865531337
*Oc1cc(ccc1)NC(=O)CCCCCCCCCC(=O)Nc1ccc(cc1)*,tg,110.0,126.25672430781077
*Oc1cc(ccc1)NC(=O)Cc1cc(ccc1)CC(=O)Nc1cc(ccc1)OCC(COc1ccc(cc1)C(c1ccc(cc1)OCC(C*)O)(C)C)O,tg,119.0,130.507435526277
*Oc1cc(ccc1)NC(=O)c1cc(cc(c1)NC(=O)c1ccc(cc1)OC(=O)C)C(=O)Nc1ccc(cc1)*,tg,251.0,228.75659526815275
*Oc1cc(ccc1)NC(=O)c1cc(ccc1)C(=O)Nc1cc(ccc1)OCCCCC*,tg,131.5,125.84170026753945
*Oc1cc(ccc1)NC(=O)c1cc(ccc1)C(=O)Nc1cc(ccc1)OCCOCC*,tg,128.5,120.44928756049268
*Oc1cc(ccc1)NC(=O)c1cc(ccc1)C(=O)Nc1cc(ccc1)OCCOCCOCC*,tg,111.0,121.19877803277772
*Oc1cc(ccc1)NC(=O)c1cc(ccc1)C(=O)Nc1ccc(cc1)*,tg,236.75,229.2977492986078
*Oc1cc(ccc1)NC(=O)c1cc(ccc1)C(=O)Nc1ccc(cc1)Oc1ccc(cc1)C(=O)c1ccc(cc1)*,tg,114.0,171.06656359343637
*Oc1cc(ccc1)NC(=O)c1ccc(cc1)C(=O)Nc1cc(ccc1)OCCCCC*,tg,135.0,135.99450677072022
*Oc1cc(ccc1)NC(=O)c1ccc(cc1)C(=O)Nc1cc(ccc1)OCCCCCCCC*,tg,122.0,129.01903986338147
*Oc1cc(ccc1)NC(=O)c1ccc(cc1)C(=O)Nc1cc(ccc1)OCCOCC*,tg,140.0,124.36936615008652
*Oc1cc(ccc1)NC(=O)c1ccc(cc1)C(=O)Nc1cc(ccc1)OCCOCCOCC*,tg,116.0,127.6370986442107
*Oc1cc(ccc1)NC(=O)c1ccc(cc1)C(=O)Nc1ccc(cc1)*,tg,280.0,205.82819519403142
*Oc1cc(ccc1)NC(=O)c1ccc(cc1)C(=O)Nc1ccc(cc1)Oc1ccc(cc1)C(=O)c1ccc(cc1)*,tg,126.0,215.26939100341016
*Oc1cc(ccc1)NC(=O)c1ccc(cc1)[Si](c1ccc(cc1)C(=O)*)(C)C,tg,220.0,204.42567012646327
*Oc1cc(ccc1)OC(=O)CCC(=O)*,tg,38.2,81.83820202569798
*Oc1cc(ccc1)OC(=O)Oc1ccc(cc1)C(c1ccc(cc1)OC(=O)*)(C)C,tg,83.1,104.24993754966408
*Oc1cc(ccc1)OC(=O)c1cc(cc(c1)OCCCCC)C(=O)*,tg,96.0,55.48601650807703
*Oc1cc(ccc1)OC(=O)c1cc(ccc1)C(=O)*,tg,141.6,129.9087457718614
*Oc1cc(ccc1)OC(=O)c1ccc(cc1)OC(=O)c1cc(ccc1)C(=O)Oc1ccc(cc1)C(=O)*,tg,156.75,121.455403112012
*Oc1cc(ccc1)OC(=O)c1ccc(cc1)Oc1ccc(cc1)C(=O)*,tg,159.0,124.6283682411676
*Oc1cc(ccc1)OC(=O)c1ccc(cc1)[Si](c1ccc(cc1)C(=O)*)(C)C,tg,134.0,150.94478205859704
*Oc1cc(ccc1)OCC(COc1ccc(cc1)S(=O)(=O)c1ccc(cc1)OCC(C*)O)O,tg,105.0,96.96413430152897
*Oc1cc(ccc1)Oc1cc(c(cc1)C(=O)O)C(=O)Nc1ccc(cc1)Oc1ccc(cc1)c1ccc(cc1)Oc1ccc(cc1)NC(=O)c1c(ccc(c1)*)C(=O)O,tg,100.0,201.75343603116696
*Oc1cc(ccc1)Oc1cc(ccc1)NC(=O)c1c(ccc(c1)Oc1cc(c(cc1)C(=O)O)C(=O)Nc1cc(ccc1)*)C(=O)O,tg,176.4,148.89383082942612
*Oc1cc(ccc1)Oc1cc(ccc1)NC(=O)c1cc(ccc1)Oc1cc(ccc1)Oc1cc(ccc1)C(=O)Nc1cc(ccc1)*,tg,137.5,170.47378558473702
*Oc1cc(ccc1)Oc1ccc(cc1)C(=O)Oc1cc(ccc1)OC(=O)c1ccc(cc1)*,tg,131.0,113.43290367222941
*Oc1cc(ccc1)Oc1ccc(cc1)C(=O)c1ccc(cc1)*,tg,123.0,128.9152387511789
*Oc1cc(ccc1)Oc1ccc(cc1)C(=O)c1ccc(cc1)NC(=O)c1cc(ccc1)C(=O)Nc1ccc(cc1)C(=O)c1ccc(cc1)*,tg,214.0,169.63417916767665
*Oc1cc(ccc1)Oc1ccc(cc1)C(=O)c1ccc(cc1)NC(=O)c1ccc(cc1)C(=O)Nc1ccc(cc1)C(=O)c1ccc(cc1)*,tg,190.0,174.38621149864576
*Oc1cc(ccc1)Oc1ccc(cc1)C(=O)c1ccc(cc1)P(=O)(c1ccc(cc1)C(=O)c1ccc(cc1)*)c1ccccc1,tg,201.0,163.1647082245169
*Oc1cc(ccc1)Oc1ccc(cc1)NC(=O)c1c(cc(cc1)c1cc(c(cc1)C(=O)Nc1ccc(cc1)*)C)C,tg,213.0,193.62840087720488
*Oc1cc(ccc1)Oc1ccc(cc1)NC(=O)c1cc(cc(c1)NC(=O)c1ccc(cc1)OC(=O)C)C(=O)Nc1ccc(cc1)*,tg,230.0,226.9174539274623
*Oc1cc(ccc1)Oc1ccc(cc1)Oc1c(cc(cc1)S(=O)(=O)c1cc(c(cc1)Oc1ccc(cc1)Oc1cc(ccc1)Oc1ccc(cc1)c1ccc(cc1)*)S(=O)(=O)O[Na])S(=O)(=O)O[Na],tg,283.0,269.6213526413075
*Oc1cc(ccc1)Oc1ccc(cc1)Oc1cc(ccc1)OC(=O)c1ccc(cc1)C(=O)*,tg,103.0,133.07973694621083
*Oc1cc2c(C(CC2(c2ccc(cc2)OC(=O)*)C)(C)C)cc1,tg,201.7,201.2867694309309
*Oc1cc2c(C(CC2(c2ccc(cc2)OC(=O)c2ccc(cc2)C(=O)*)C)(C)C)cc1,tg,252.5,256.38639588773106
*Oc1cc2c(C(CC32CC(c2ccc(cc32)OC(=O)c2ccc(cc2)C(=O)*)(C)C)(C)C)cc1,tg,290.0,254.13558045972013
*Oc1cc2c(cc1)cc(cc2)C(=O)NCC*,tg,182.0,168.3284579655006
*Oc1cc2c(cc1)cc(cc2)OC(=O)c1c(cc(cc1)c1ccc(cc1)C(=O)*)c1ccccc1,tg,125.0,239.96200730590039
*Oc1cc2c(cc1)cc(cc2)Oc1ccc(cc1)C(=O)c1ccc(cc1)*,tg,247.0,180.9096887252674
*Oc1cc2c(cc1)cc(cc2)Oc1ccc(cc1)S(=O)(=O)c1ccc(cc1)*,tg,231.0,220.31140714483195
*Oc1cc2c(cc1)cc(cc2)Oc1ccc(cc1)S(=O)(=O)c1ccc(cc1)Oc1ccc(cc1)C(=O)c1ccc(cc1)*,tg,199.0,214.3226827371492
*Oc1cc2c(cc1)ccc(c2)OC(=O)c1ccc(cc1)Oc1ccc(cc1)C(=O)*,tg,142.0,184.07959030988192
*Oc1cc2c(cc1)ccc(c2)OCCNC(=O)c1cc(ccc1)C(=O)NCC*,tg,143.0,158.23221712510494
*Oc1cc2c(cc1)ccc(c2)OCCNC(=O)c1ccc(cc1)C(=O)NCC*,tg,159.0,148.99131464740086
*Oc1cc2c(cc1)ccc(c2)Oc1ccc(cc1)C(=O)Nc1cc(ccc1)Oc1ccc(cc1)NC(=O)c1ccc(cc1)*,tg,164.0,193.4607645138109
*Oc1cc2c(cc1)ccc(c2)Oc1ccc(cc1)C(=O)Nc1ccc(cc1)C(c1ccc(cc1)C(c1ccc(cc1)NC(=O)c1ccc(cc1)*)(C)C)(C)C,tg,155.0,174.27403618898242
*Oc1cc2c(cc1)ccc(c2)Oc1ccc(cc1)C(=O)Nc1ccc(cc1)Oc1ccc(cc1)C(c1ccc(cc1)C(c1ccc(cc1)Oc1ccc(cc1)NC(=O)c1ccc(cc1)*)(C)C)(C)C,tg,166.0,149.3983640255954
*Oc1cc2c(cc1)ccc(c2)Oc1ccc(cc1)C(=O)Nc1ccc(cc1)Oc1ccc(cc1)C(c1ccc(cc1)Oc1ccc(cc1)NC(=O)c1ccc(cc1)*)(C(F)(F)F)C(F)(F)F,tg,163.0,216.09906674058203
*Oc1cc2c(cc1)ccc(c2)Oc1ccc(cc1)C(=O)Nc1ccc(cc1)Oc1ccc(cc1)C(c1ccc(cc1)Oc1ccc(cc1)NC(=O)c1ccc(cc1)*)(C)C,tg,143.0,168.39739475609616
*Oc1cc2c(cc1)ccc(c2)Oc1ccc(cc1)C(=O)Nc1ccc(cc1)Oc1ccc(cc1)C(c1ccc(cc1)Oc1ccc(cc1)NC(=O)c1ccc(cc1)*)(c1ccccc1)C,tg,177.0,176.21503229164557
*Oc1cc2c(cc1)ccc(c2)Oc1ccc(cc1)C(=O)Nc1ccc(cc1)Oc1ccc(cc1)S(=O)(=O)c1ccc(cc1)Oc1ccc(cc1)NC(=O)c1ccc(cc1)*,tg,227.0,219.6345421473513
*Oc1cc2c(cc1OC(=O)c1ccc(cc1)Oc1ccc(cc1)C(=O)*)cccc2,tg,148.0,161.50528492407068
*Oc1ccc(-c2ccc(-c3ccc(*)cc3)cc2)cc1,eea,1.6576,1.705359120991549
*Oc1ccc(-c2ccc(-c3ccc(*)cc3)cc2)cc1,ei,5.5837,5.574016356337287
*Oc1ccc(-c2ccc(-c3ccc(*)cc3)cc2)cc1,eps,3.87,4.2612595989652435
*Oc1ccc(-c2ccc(-c3ccc(*)cc3)cc2)s1,ei,5.1012,5.387629623248225
*Oc1ccc(-c2ccc(-c3ccc(*)cc3)cc2)s1,nc,2.1534,2.1086713972133757
*Oc1ccc(-c2ccc(-c3ccc(*)cc3)s2)cc1,ei,5.1678,5.5190423665860635
*Oc1ccc(-c2ccc(-c3ccc(*)cc3)s2)s1,ei,5.6406,5.523938007214185
*Oc1ccc(-c2ccc(-c3ccc(*)cc3)s2)s1,eps,5.17,5.223603858142484
*Oc1ccc(-c2ccc(-c3ccc(*)cc3)s2)s1,nc,2.1712,2.143184917519903
*Oc1ccc(-c2ccc(-c3ccc(*)s3)s2)s1,ei,4.7769,5.220930690252301
*Oc1ccc(-c2ccc(-c3ccc(*)s3)s2)s1,nc,2.2729,2.2503705006922803
*Oc1ccc(-c2ccc(C(*)=O)cc2)cc1,egb,3.0847,3.282335153841591
*Oc1ccc(-c2ccc(C(*)=O)cc2)cc1,egc,3.8635,4.069273038839488
*Oc1ccc(-c2ccc(C(*)=O)cc2)cc1,ei,6.2671,6.38117170377453
*Oc1ccc(-c2ccc(C(*)=O)cc2)cc1,eps,4.1,4.207772681649482
*Oc1ccc(-c2ccc(C(*)=O)cc2)cc1,nc,1.9035,1.925495161014202
*Oc1ccc(-c2ccc(C(*)=O)cc2)cc1Br,egc,3.8867,3.747676276197386
*Oc1ccc(-c2ccc(C(*)=O)cc2)s1,ei,6.028,6.182440986052752
*Oc1ccc(-c2ccc(C(*)=O)cc2)s1,eps,4.73,4.992051525262454
*Oc1ccc(-c2ccc(C(*)=O)s2)cc1,egb,2.0204,2.3251551421499865
*Oc1ccc(-c2ccc(C(*)=O)s2)cc1,ei,5.7839,6.286549216647469
*Oc1ccc(-c2ccc(C(*)=O)s2)s1,eea,2.952,3.0591933719841045
*Oc1ccc(-c2ccc(C(*)=O)s2)s1,eps,5.23,5.308578206438787
*Oc1ccc(-c2ccc(C(*)=O)s2)s1,nc,2.0521,2.0848206016764292
*Oc1ccc(-c2ccc(N=Nc3ccc(C(*)=O)cc3)cc2)cc1,egc,3.5627,3.3090807855696722
*Oc1ccc(-c2ccc(OC(=O)CCCCCCCCC(*)=O)cc2)cc1,egc,4.5699,4.588446846439582
*Oc1ccc(-c2ccc(Oc3ccc(C(C)(C)c4ccc(*)cc4)cc3)cc2)cc1,egc,4.2484,3.9369982133353147
*Oc1ccc(-c2ccc(Oc3cccc(*)n3)cc2)cc1,egc,4.055,4.208233248132535
*Oc1ccc(C(=Nc2ccc(N=C(c3ccccc3)c3ccc(On4c(=O)c5c(F)c6c(=O)n(*)c(=O)c6c(F)c5c4=O)cc3)cc2)c2ccccc2)cc1,egc,0.9593,2.5581766408350477
*Oc1ccc(C(=O)CCCCC(=O)c2ccc(OC(*)=O)cc2)cc1,egc,4.6051,4.208609823494316
*Oc1ccc(C(=O)CNCCCCCCCCNCC(=O)c2ccc(*)cc2)cc1,egc,3.8153,4.039384048693036
*Oc1ccc(C(=O)CNNCC(=O)c2ccc(*)cc2)cc1,egc,4.1658,3.9244129283137887
*Oc1ccc(C(=O)NCC(C)(C)CCCNC(=O)c2ccc(*)cc2)cc1,egc,4.7683,4.613660829529143
*Oc1ccc(C(=O)NCCCCCCCCCCCCNC(=O)c2ccc(*)cc2)cc1,egc,4.4794,4.7803588024396095
*Oc1ccc(C(=O)NNC(=O)c2cccc(C(=O)NNC(=O)c3ccc(OC(=O)c4cccc(C(*)=O)c4)cc3)c2)cc1,egc,3.7359,3.7285644566011396
*Oc1ccc(C(=O)Nc2cc(NC(=O)c3ccc(*)cc3)cc(-c3nc4ccccc4[nH]3)c2)cc1,egc,3.5407,3.3289445191372593
*Oc1ccc(C(=O)Nc2ccc(Cc3ccc(NC(=O)c4ccc(Oc5nc(*)nc(Sc6ccccc6)n5)cc4)cc3)cc2)cc1,egc,3.3904,3.802577081365637
*Oc1ccc(C(=O)Nc2ccc(S(=O)(=O)c3ccc(NC(=O)c4ccc(Oc5nc(*)nc(Sc6ccccc6)n5)cc4)cc3)cc2)cc1,egc,3.8673,3.679369174653389
*Oc1ccc(C(=O)Nc2ccc(SCCC(*)=O)cc2)cc1,egc,3.9873,3.9035813298772934
*Oc1ccc(C(=O)OCCCOC(=O)c2ccc(*)cc2)cc1,egc,4.6133,4.408584503614902
*Oc1ccc(C(=O)OCCCOC(=O)c2ccc(OC(=O)c3ccc(C(*)=O)cc3)cc2)cc1,egc,4.0079,3.9883420646447485
*Oc1ccc(C(=O)OCCOCCOC(=O)c2ccc(OC(*)=O)cc2)cc1,egc,4.6582,4.786615579314541
*Oc1ccc(C(=O)c2ccc(*)cc2)cc1,eea,2.4594,2.5809729957450664
*Oc1ccc(C(=O)c2ccc(*)cc2)cc1,egc,3.9194,4.093767208583062
*Oc1ccc(C(=O)c2ccc(*)cc2)cc1,eps,4.32,4.278776109735203
*Oc1ccc(C(=O)c2ccc(*)cc2)cc1,nc,1.9173,1.9373654588459077
*Oc1ccc(C(=O)c2ccc(C(=O)NOC(*)=O)s2)cc1,eea,3.5136,2.911548057694304
*Oc1ccc(C(=O)c2ccc(C(=O)NOC(*)=O)s2)cc1,egb,2.9014,2.671551813455593
*Oc1ccc(C(=O)c2ccc(C(=O)NOC(*)=O)s2)cc1,ei,7.1656,6.70015447579126
*Oc1ccc(C(=O)c2ccc(C(=O)NOC(*)=O)s2)cc1,eps,4.55,5.1575046538436435
*Oc1ccc(C(=O)c2ccc(C(=O)NOC(*)=O)s2)cc1,nc,1.8941,1.9308289024395942
*Oc1ccc(C(=O)c2ccc(OC(=O)OC3C(C)(C)C(OC(*)=O)C3(C)C)cc2)cc1,egc,4.4802,4.771482245371542
*Oc1ccc(C(=O)c2cccc(C(=O)c3ccc(*)cc3)c2)cc1,egc,3.9576,3.6873617142842066
*Oc1ccc(C(=S)c2ccc(*)cc2)cc1,eea,3.1315,3.116836642006046
*Oc1ccc(C(=S)c2ccc(*)cc2)cc1,egb,1.7412,2.0655171392037275
*Oc1ccc(C(=S)c2ccc(*)cc2)cc1,ei,5.7685,5.750623853316505
*Oc1ccc(C(=S)c2ccc(*)cc2)s1,egb,2.4038,2.1425784651408617
*Oc1ccc(C(=S)c2ccc(*)cc2)s1,eps,4.54,5.343643874578427
*Oc1ccc(C(=S)c2ccc(*)s2)s1,egb,2.3041,1.8888909026696905
*Oc1ccc(C(C#N)(c2ccccc2)c2ccc(OC(*)=O)cc2)cc1,egc,5.0272,4.7954335436387625
*Oc1ccc(C(C)(C)c2ccc(OC(*)=O)c(Cl)c2)cc1,egc,5.0408,4.941533028295737
*Oc1ccc(C(C)(C)c2ccc(OC(*)=O)c(Cl)c2)cc1Cl,egc,4.9898,4.969657661009924
*Oc1ccc(C(C)(C)c2ccc(OC(*)=O)cc2)cc1,egc,5.2059,5.158697850364753
*Oc1ccc(C(C)(C)c2ccc(OC(=O)OCCN(CCOC(*)=O)c3ccc(OC)cc3)cc2)cc1,egc,4.212,4.31163146467009
*Oc1ccc(C(C)(C)c2ccc(OC(=O)c3ccc(C(*)=O)cc3)c(C(C)C)c2)cc1C(C)C,egc,3.2409,3.818349289916786
*Oc1ccc(C(C)(C)c2ccc(Oc3cncc(*)n3)cc2)cc1,egc,4.2862,4.46200085203977
*Oc1ccc(C(C)(C)c2ccc(Oc3nc(*)nc(OC)n3)cc2)cc1,egc,5.075,4.520803738604623
*Oc1ccc(C(C)(CC)c2ccc(OC(*)=O)cc2)cc1,egc,5.0105,4.799284045106956
*Oc1ccc(C(C)(CCC#N)c2ccc(OC(*)=O)c(C)c2)cc1C,egc,4.6661,4.754996870495834
*Oc1ccc(C(C)(c2ccccc2)c2ccc(OC(=O)OC3C(C)(C)C(OC(*)=O)C3(C)C)cc2)cc1,egc,5.136,5.025670763445014
*Oc1ccc(C(C)=Cc2ccc(OC(=O)OCCCCCCOC(*)=O)cc2)cc1,egc,4.2293,4.003806200958549
*Oc1ccc(C(C)=Cc2ccc(OC(=O)OCCCCOC(*)=O)cc2)cc1,egc,4.0366,4.070698520190472
*Oc1ccc(C(C)=Nc2ccc(N=C(C)c3ccc(*)cc3)cc2)cc1,egc,2.9143,3.4289417219842093
*Oc1ccc(C(CC)(c2ccccc2)c2ccc(OC(*)=S)cc2)cc1,egc,4.1012,3.6453869900355524
*Oc1ccc(C(CC)c2ccc(OC(*)=O)cc2)cc1,egc,5.1581,4.923277823622944
*Oc1ccc(C(CCCC)(CCCC)c2ccc(OC(*)=O)cc2)cc1,egc,4.9969,4.8353903075098446
*Oc1ccc(C(F)(F)C(*)(F)F)cc1,eea,1.7411,2.230909174267059
*Oc1ccc(C(F)(F)C(*)(F)F)cc1,egb,4.7894,4.554831048625103
*Oc1ccc(C(F)(F)C(*)(F)F)cc1,nc,1.7437,1.7165238941808894
*Oc1ccc(C(F)(F)C(*)(F)F)s1,eea,1.9642,2.4159101409713473
*Oc1ccc(C(F)(F)C(*)(F)F)s1,egb,4.0762,3.996107445016726
*Oc1ccc(C(F)(F)C(*)(F)F)s1,ei,6.8728,6.705950789970469
*Oc1ccc(C(F)(F)C(*)(F)F)s1,eps,3.9,3.8316706055134278
*Oc1ccc(C(c2ccc(OC(*)=O)cc2)C2CCCCC2)cc1,egc,4.5492,5.193732508674093
*Oc1ccc(C(c2ccc(OC(=O)c3ccc(OCCCCCCCCCCOc4ccc(C(*)=O)cc4)cc3)cc2)(C(F)(F)F)C(F)(F)F)cc1,egc,4.4545,3.6507602911361667
*Oc1ccc(C(c2ccc(OC(=O)c3cccc(C(*)=O)c3)cc2)C(Cl)(Cl)Cl)cc1,egc,3.8681,3.795994074077841
*Oc1ccc(C(c2ccccc2)(c2ccccc2)c2ccc(OC(=O)CCCCCCCCC(*)=O)cc2)cc1,egc,4.7541,4.5976211848874975
*Oc1ccc(C(c2ccccc2)c2ccc(OC(*)=O)cc2)cc1,egc,5.1003,5.0267365811365945
*Oc1ccc(C(c2ccccc2)c2ccc(OC(*)=O)cc2C)c(C)c1,egc,4.7259,4.7934658124308385
*Oc1ccc(C2(c3ccc(OC(*)=O)cc3)CC(C)CC(C)(C)C2)cc1,egc,4.7559,4.988711923454642
*Oc1ccc(C2(c3ccc(OC(*)=O)cc3)CCCCCC2)cc1,egc,4.9619,5.055345486644279
*Oc1ccc(C2(c3ccc(OC(*)=O)cc3)c3ccccc3-c3ccccc32)cc1,egc,4.4035,4.086371556182489
*Oc1ccc(C2(c3ccc(OC(=O)OC4C(C)(C)C(OC(*)=O)C4(C)C)cc3)CC3CCC2C3)cc1,egc,4.7221,5.13348852627638
*Oc1ccc(C2(c3ccc(OC(=O)OC4C(C)(C)C(OC(*)=O)C4(C)C)cc3)CCC(C(C)(C)C)CC2)cc1,egc,5.0195,4.451956703302439
*Oc1ccc(C2(c3ccc(OC(=O)c4ccc(C(*)=O)cc4)cc3)CC3CC2C2CCCC32)cc1,egc,3.4323,3.890769565260423
*Oc1ccc(C2(c3ccc(OC(=O)c4ccc(C(*)=O)cc4)cc3)CCC(C(C)(C)C)CC2)cc1,egc,3.1462,3.8273545304931185
*Oc1ccc(C2(c3ccc(OC(=O)c4ccc(C(*)=O)cc4)cc3)CCc3ccccc32)cc1,egc,3.2587,3.9184997611965926
*Oc1ccc(C2(c3ccc(OC(=O)c4cccc(C(*)=O)c4)c(C)c3)c3ccccc3-c3ccccc32)cc1C,egb,3.0176,2.968400411063511
*Oc1ccc(C2(c3ccc(OC(=O)c4cccc(C(*)=O)c4)cc3)CCC3CCCCC3C2)cc1,egc,3.6386,3.769342348785231
*Oc1ccc(C=CC(*)=O)cc1,egc,3.6422,2.9201404449908583
*Oc1ccc(C=Nc2ccc(N=Cc3ccc(*)cc3)cc2)cc1,egc,2.8416,2.799175599858634
*Oc1ccc(CC(*)=O)cc1,eea,1.5033,1.7013024717927865
*Oc1ccc(CC(*)=O)cc1,egb,4.6878,4.205216178535026
*Oc1ccc(CC(*)=O)cc1,egc,4.8618,5.080467334282783
*Oc1ccc(CC(C#N)(C#N)Cc2ccc(*)cc2)cc1,egc,4.9531,4.7782641629547165
*Oc1ccc(CC(NC(=O)CCc2ccc(OC(=O)CCCC(*)=O)cc2)C(=O)OCCOCCOCC)cc1,egc,5.2606,4.910202192629026
*Oc1ccc(CC(NC(=O)CCc2ccc(OC(=O)CCCCCCC(*)=O)cc2)C(=O)OCC(C)C)cc1,egc,5.1444,5.194304239526596
*Oc1ccc(CC(NC(=O)CCc2ccc(OC(=O)CCCCCCC(*)=O)cc2)C(=O)OCC)cc1,egc,5.0929,5.231807975054457
*Oc1ccc(CC(NC(=O)CCc2ccc(OC(=O)COCCOCC(*)=O)cc2)C(=O)OC)cc1,egc,5.2022,5.254009593431902
*Oc1ccc(CC(NC(=O)Cc2ccc(OC(=O)CC(C)CCC(*)=O)cc2)C(=O)OCCCCCC)cc1,egc,4.8662,4.960531991171851
*Oc1ccc(CCNC(=O)c2cccc(C(*)=O)c2)cc1,egc,4.1401,4.3033670905484405
*Oc1ccc(Cc2ccc(*)cc2)cc1,eea,1.1795,1.0700500786485494
*Oc1ccc(Cc2ccc(*)cc2)cc1,egb,4.3787,4.503487250335754
*Oc1ccc(Cc2ccc(*)cc2)cc1,ei,6.1428,5.995461319475842
*Oc1ccc(Cc2ccc(*)cc2)cc1,eps,3.5,3.5472196424535536
*Oc1ccc(Cc2ccc(OC(*)=O)cc2)cc1,egc,4.8502,5.024035667824671
*Oc1ccc(Cc2ccc(OC(=O)OCC3CCC(COC(*)=O)CC3)cc2)cc1,egc,5.1271,5.069495534233434
*Oc1ccc(N=CCCCC=Nc2ccc(OC(=O)Nc3cc(NC(*)=O)ccc3C)cc2)cc1,egc,4.0981,3.8838894811125275
*Oc1ccc(N=CNc2ccc(*)cc2)cc1,egc,3.7365,3.037282798811696
*Oc1ccc(N=Nc2ccc(*)cc2)cc1,egc,3.1576,3.3582763477769566
*Oc1ccc(NC(=C(C#N)C#N)c2ccc(-c3ccc(-c4ccc(C(Nc5ccc(*)cc5)=C(C#N)C#N)cc4)cc3)cc2)cc1,egc,3.7835,2.6770138569053716
*Oc1ccc(NC(=O)CCCCCCCCCCC(=O)Nc2ccc(*)cc2)cc1,egc,4.4722,4.328706276678363
*Oc1ccc(NC(=O)NCCCCCCNC(*)=O)cc1C,egc,4.8377,4.617140729345103
*Oc1ccc(NC(=O)OCCOC(=O)Nc2ccc(*)cc2)cc1,egc,4.8662,4.54618074670127
*Oc1ccc(NC(=O)c2cc(C(=O)Nc3ccc(*)cc3)cc(S(=O)(=O)c3ccccc3)c2)cc1,egc,3.3682,3.4485145198066647
*Oc1ccc(NC(=O)c2cc(NC(=O)c3ccccc3)cc(C(=O)Nc3ccc(*)cc3)c2)cc1,egc,3.6254,3.294989037859704
*Oc1ccc(NC(=O)c2cc(NC(=O)c3ccncc3)cc(C(=O)Nc3ccc(*)cc3)c2)cc1,egc,3.2858,3.427961777456392
*Oc1ccc(NC(=O)c2ccc(Oc3ccc(C(=O)Nc4ccc(*)cc4)c(C(=O)O)c3)cc2C(=O)O)cc1,egc,3.3446,3.612313175119473
*Oc1ccc(NC(=O)c2cccc(C(=O)Nc3ccc(Oc4ccc(C5(c6ccc(*)cc6)C6CC7CC(C6)CC5C7)cc4)cc3)c2)cc1,egc,3.8847,3.8346197612117945
*Oc1ccc(Nc2ccc(N=Nc3ccc(Nc4ccc(*)cc4)cc3)cc2)cc1,egc,2.8393,3.1410128202311594
*Oc1ccc(OC(*)=O)cc1,eea,1.4499,1.5046389117880499
*Oc1ccc(OC(*)=O)cc1,egb,4.3251,4.624365910912708
*Oc1ccc(OC(*)=O)cc1,ei,6.5915,6.738894231283625
*Oc1ccc(OC(*)=O)cc1,eps,3.95,4.067836610275819
*Oc1ccc(OC(*)=O)cc1,nc,1.7876,1.7699329842991092
*Oc1ccc(OC(*)=O)s1,eea,1.7594,1.6564998577875039
*Oc1ccc(OC(*)=O)s1,egb,3.6706,3.8436604105328254
*Oc1ccc(OC(*)=O)s1,ei,5.9838,6.077447041088099
*Oc1ccc(OC(*)=O)s1,eps,4.26,4.368595675391427
*Oc1ccc(OC(*)=O)s1,nc,1.8728,1.8560462591734408
*Oc1ccc(OC(=O)CCC(*)=O)cc1,egc,5.0485,5.1329867578085535
*Oc1ccc(OC(=O)Oc2ccc(C(*)=O)cc2)cc1,egc,4.5384,4.0814587138898055
*Oc1ccc(OC(=O)Oc2ccc(OC(*)=O)cc2)cc1Cl,egc,5.1691,4.880133143583109
*Oc1ccc(OC(=O)c2ccc(C(*)=O)cc2)cc1,egc,3.7683,3.735156919648089
*Oc1ccc(OC(=O)c2ccc(C(*)=O)cc2)cc1C1CCCCCC1,egc,3.5076,3.987143187960301
*Oc1ccc(OC(=O)c2ccc(C(*)=O)cc2)cc1C1CCCCCCC1,egb,3.1917,3.4325102342037868
*Oc1ccc(OC(=O)c2ccc(C(*)=O)cc2)cc1CCC(C)CC,egc,3.5259,3.745718265705003
*Oc1ccc(OC(=O)c2ccc(C(*)=O)cc2)cc1Cl,egc,3.9402,3.9076795374611937
*Oc1ccc(OC(=O)c2ccc(C(*)=O)cc2Oc2ccc(F)cc2)cc1,egc,3.4967,3.24951582791533
*Oc1ccc(OC(=O)c2ccc(OC(=O)CCCCCCC(*)=O)cc2)cc1,egc,4.1613,4.220197613928678
*Oc1ccc(OC(=O)c2ccc(OC(=O)CCCCCCCCC(*)=O)cc2)cc1,egc,4.2519,4.16707371437573
*Oc1ccc(OC(=O)c2ccc(OCCCCCCCCCCOc3ccc(C(*)=O)cc3)cc2)cc1S(=O)(=O)c1ccccc1,egc,4.4922,3.284132863853766
*Oc1ccc(Oc2ccc(*)cc2)s1,eea,1.2264,1.1001854006658849
*Oc1ccc(Oc2ccc(*)cc2)s1,ei,5.9034,5.699390732258058
*Oc1ccc(Oc2ccc(*)cc2)s1,eps,3.82,4.003360166279408
*Oc1ccc(Oc2ccc(*)cc2)s1,nc,1.8525,1.8560014082685297
*Oc1ccc(Oc2ccc(*)s2)s1,eea,1.3443,1.2098761421009732
*Oc1ccc(Oc2ccc(*)s2)s1,egb,4.047,3.544661689523306
*Oc1ccc(Oc2ccc(*)s2)s1,ei,5.0541,5.340787200025702
*Oc1ccc(Oc2ccc(*)s2)s1,eps,3.9,4.0153910046429955
*Oc1ccc(Oc2ccc(C(=O)c3ccc(*)cc3)cc2)cc1,egc,3.9034,3.8006898348497034
*Oc1ccc(Oc2ccc(C(=O)c3ccc(*)cc3)cc2)cc1C,egc,3.5517,3.9611244651252844
*Oc1ccc(Oc2ccc(C(=O)c3ccc(*)cc3)cc2)cc1C(=O)O,egc,3.6534,3.624472417733135
*Oc1ccc(Oc2ccc(C(=O)c3ccc(*)cc3)cc2)cc1C(=O)OC,egc,3.7296,3.713900891747989
*Oc1ccc(Oc2ccc(C(=O)c3ccc(*)cc3)cc2)cc1C(Br)Br,egc,3.947,3.6454078786414064
*Oc1ccc(Oc2ccc(C(=O)c3ccc(*)cc3)cc2)cc1C=O,egc,3.6677,3.662158509980043
*Oc1ccc(Oc2ccc(C(=O)c3ccc(*)cc3)cc2)cc1CBr,egc,3.6235,3.742928335093194
*Oc1ccc(Oc2ccc(C(=O)c3ccc(*)cc3)cc2)cc1CC#N,egc,4.0183,3.7008245958530788
*Oc1ccc(Oc2ccc(C(=O)c3cccc(-c4cccc(C(=O)c5ccc(*)cc5)c4)c3)cc2)cc1,egc,3.724,3.572253439760388
*Oc1ccc(Oc2ccc(C(=O)c3ccccc3-c3ccccc3C(=O)c3ccc(*)cc3)cc2)cc1,egc,3.3644,3.993359452128266
*Oc1ccc(Oc2ccc(C=NCCCCCCN=Cc3ccc(*)cc3)cc2)cc1,egc,4.2565,4.107099066197364
*Oc1ccc(Oc2ccc(C=NCCCCN=Cc3ccc(*)cc3)cc2)cc1,egc,4.1246,4.210972297405514
*Oc1ccc(Oc2ccc(NC(=C(C#N)C#N)c3ccc(-c4ccc(-c5ccc(C(Nc6ccc(*)cc6)=C(C#N)C#N)cc5)cc4)cc3)cc2)cc1,egc,3.2228,2.914450505664094
*Oc1ccc(Oc2ccc(NC(=C(C#N)C#N)c3cccc(C(Nc4ccc(*)cc4)=C(C#N)C#N)c3)cc2)cc1,egc,2.6924,3.4294842899198903
*Oc1ccc(Oc2ccc(NC(=O)c3ccc(Oc4ccc(C(=O)Nc5ccc(*)cc5)c(C(=O)O)c4)cc3C(=O)O)cc2)cc1,egc,3.1241,2.9306939411625113
*Oc1ccc(Oc2ccc(OC(=O)c3ccc(OC(=O)c4ccc(C(=O)Oc5ccc(C(*)=O)cc5)cc4)cc3)cc2)cc1,egc,2.7268,3.893742502805192
*Oc1ccc(Oc2ccc(OC(=O)c3cccc(C(*)=O)c3)cc2)cc1,egc,3.4373,3.9997346053935257
*Oc1ccc(Oc2ccc(Oc3cccc(*)n3)cc2)cc1,egc,4.1433,4.043015427812947
*Oc1ccc(Oc2cccc(*)n2)c(-c2ccccc2)c1,egc,4.2637,4.175858602878395
*Oc1ccc(Oc2cccc(*)n2)c(C)c1,egc,4.4881,4.409834862163803
*Oc1ccc(Oc2cccc(*)n2)cc1,egc,4.3182,4.580173875324246
*Oc1ccc(P(=O)(c2ccccc2)c2ccc(*)cc2)cc1,egc,4.8858,4.3046672024181385
*Oc1ccc(P(C)(=O)c2ccc(*)cc2)cc1,egc,4.6884,4.468338606171074
*Oc1ccc(S(=O)(=O)c2ccc(*)cc2)cc1,egc,4.3172,4.378952143075267
*Oc1ccc(S(=O)(=O)c2ccc(-c3ccc(-c4ccc(S(=O)(=O)c5ccc(*)cc5)cc4)cc3)cc2)cc1,egc,3.6921,3.9133874413742227
*Oc1ccc(S(=O)(=O)c2ccc(Oc3ccc(C4(c5ccc(*)cc5)c5ccccc5-c5ccccc54)cc3)cc2)cc1,egc,4.0393,3.6064863632967503
*Oc1ccc(S(=O)(=O)c2ccc3cc(S(=O)(=O)c4ccc(Oc5c(C)cc(-c6cc(C)c(*)c(C)c6C)c(C)c5C)cc4)ccc3c2)cc1,egc,3.4715,3.5994674150809423
*Oc1ccc(S(=O)(=O)c2cccc3c(S(=O)(=O)c4ccc(Oc5ccc(-c6ccc(*)cc6)cc5)cc4)cccc23)cc1,egc,3.4062,3.6729727390077
*Oc1ccc(S(=O)c2ccc(OC(*)=O)cc2)cc1,egc,4.6592,4.644251216822994
*Oc1ccc(SSCCSSc2ccc(*)cc2)cc1,egc,4.0205,3.6151058201170296
*Oc1ccc(Sc2ccc(*)cc2)cc1,egc,4.5667,4.130048259854176
*Oc1ccc(Sc2ccc(OC(*)=O)cc2)cc1,egc,4.473,4.006860229257817
*Oc1ccc(cc1)*,tg,119.75,136.224327087243
*Oc1ccc(cc1)/C(=C/c1ccc(cc1)OCCOCCOCC*)/C,tg,15.33,17.011377433817085
*Oc1ccc(cc1)/C(=C/c1ccc(cc1)OCCOCCOCCOCC*)/C,tg,7.5,14.651832607178012
*Oc1ccc(cc1)C(=Cc1c(cc(c(c1)OC)C=C(c1ccc(cc1)*)c1ccc(cc1)C(F)(F)F)OC)c1ccc(cc1)C(F)(F)F,tg,194.0,191.47341769667474
*Oc1ccc(cc1)C(=Cc1ccc(cc1)OCC(COC(=O)CCCCCCCCC(=O)OCC(C*)O)O)C,tg,30.0,31.622754427757485
*Oc1ccc(cc1)C(=Cc1ccc(cc1)OCCOCC*)C,tg,39.0,26.976189659210384
*Oc1ccc(cc1)C(=Cc1ccc(cc1)c1ccc(cc1)C=C(c1ccc(cc1)OC(=O)CCCCC(=O)*)c1ccccc1)c1ccccc1,tg,128.0,132.63620101651375
*Oc1ccc(cc1)C(=Cc1ccc(cc1)c1ccc(cc1)C=C(c1ccc(cc1)OC(=O)CCCCCCCCC(=O)*)c1ccccc1)c1ccccc1,tg,111.0,113.39729164532267
*Oc1ccc(cc1)C(=Cc1ccc(cc1)c1ccc(cc1)C=C(c1ccc(cc1)OC(=O)c1cc(ccc1)C(=O)*)c1ccccc1)c1ccccc1,tg,224.0,203.04493445137138
*Oc1ccc(cc1)C(=Cc1ccc(cc1)c1ccc(cc1)C=C(c1ccc(cc1)OC(=O)c1ccc(cc1)C(=O)*)c1ccccc1)c1ccccc1,tg,236.0,212.59184938125148
*Oc1ccc(cc1)C(=Nc1ccc(cc1)N=C(c1ccc(cc1)Oc1ccc(cc1)C(c1ccc(cc1)*)(C)C)C)C,tg,161.0,147.51946767681088
*Oc1ccc(cc1)C(=Nc1ccc(cc1)N=C(c1ccc(cc1)Oc1ccc(cc1)C(c1ccc(cc1)*)(C)C)c1ccccc1)c1ccccc1,tg,161.0,166.6360647565236
*Oc1ccc(cc1)C(=Nc1ccc(cc1)N=C(c1ccc(cc1)Oc1ccc(cc1)C(c1ccc(cc1)*)(c1ccccc1)c1ccccc1)c1ccccc1)c1ccccc1,tg,198.0,184.96249158032242
*Oc1ccc(cc1)C(=O)N(C(=O)c1ccc(cc1)OCCCCCC*)c1cc(cc(c1)C)C,tg,75.0,107.41011726048882
*Oc1ccc(cc1)C(=O)N(C(=O)c1ccc(cc1)OCCCCCC*)c1ccc(cc1)Oc1ccccc1,tg,78.0,106.44935695724828
*Oc1ccc(cc1)C(=O)NNC(=O)c1cc(ccc1)C(=O)NNC(=O)c1ccc(cc1)OC(=O)c1cc(ccc1)C(=O)*,tg,180.0,187.1506789115337
*Oc1ccc(cc1)C(=O)NNC(=O)c1ccc(cc1)*,tg,256.2,203.80095750068352
*Oc1ccc(cc1)C(=O)NNC(=O)c1ccc(cc1)C(=O)NNC(=O)c1ccc(cc1)OC(=O)c1cc(ccc1)C(=O)*,tg,175.0,224.13512494369138
*Oc1ccc(cc1)C(=O)Nc1c(cc(c(c1)SCCC#N)NC(=O)c1ccc(cc1)*)SCCC#N,tg,158.0,188.26021949306525
*Oc1ccc(cc1)C(=O)Nc1c(cc(cc1)Br)c1ccc(cc1)NC(=O)c1ccc(cc1)*,tg,267.0,266.62018382714894
*Oc1ccc(cc1)C(=O)Nc1c(ccc(c1)C(c1cc(c(cc1)C)NC(=O)c1ccc(cc1)OC(=O)c1cc(ccc1)C(=O)*)(C(F)(F)F)C(F)(F)F)C,tg,214.0,231.58003276211343
*Oc1ccc(cc1)C(=O)Nc1cc(cc(c1)C(=O)OCCOC(=O)C=Cc1ccc(cc1)N(C)C)NC(=O)c1ccc(cc1)*,tg,182.0,193.8076889244406
*Oc1ccc(cc1)C(=O)Nc1cc(cc(c1)c1nc2c([nH]1)cccc2)NC(=O)c1ccc(cc1)*,tg,335.0,263.78921218449796
*Oc1ccc(cc1)C(=O)Nc1cc(cc(c1)c1nc2c([nH]1)cccc2)NC(=O)c1ccc(cc1)OCCOCCOCC*,tg,165.0,154.1529333957946
*Oc1ccc(cc1)C(=O)Nc1cc(cc(c1)c1nc2c([nH]1)cccc2)NC(=O)c1ccc(cc1)OCCOCCOCCOCCOCC*,tg,145.0,138.26751195543898
*Oc1ccc(cc1)C(=O)Nc1cc(cc(c1)c1nc2c([nH]1)cccc2)NC(=O)c1ccc(cc1)OCCOCCOCCOCCOCCOCC*,tg,125.0,146.69533580588563
*Oc1ccc(cc1)C(=O)Nc1ccc(cc1)C(c1ccc(cc1)NC(=O)c1ccc(cc1)*)(P1(=O)c2ccccc2c2ccccc2O1)P1(=O)c2ccccc2c2ccccc2O1,tg,243.0,238.5442999857585
*Oc1ccc(cc1)C(=O)Nc1ccc(cc1)C(c1ccc(cc1)NC(=O)c1ccc(cc1)OC(=O)c1cc(ccc1)C(=O)*)(C(F)(F)F)C(F)(F)F,tg,227.0,245.2059906618289
*Oc1ccc(cc1)C(=O)Nc1ccc(cc1)C(c1ccc(cc1)NC(=O)c1ccc(cc1)OC(=O)c1ccc(cc1)C(=O)*)(C(F)(F)F)C(F)(F)F,tg,266.0,224.20904000971572
*Oc1ccc(cc1)C(=O)Nc1ccc(cc1)S(=O)(=O)c1ccc(cc1)NC(=O)c1ccc(cc1)Oc1ccc(cc1)C(=O)c1ccc(cc1)S(=O)(=O)c1ccc(cc1)C(=O)c1ccc(cc1)*,tg,260.0,207.25528702367492
*Oc1ccc(cc1)C(=O)OC(=O)c1ccc(cc1)OCCC*,tg,95.0,56.07959373859622
*Oc1ccc(cc1)C(=O)OC(=O)c1ccc(cc1)OCCCC*,tg,45.0,63.33133445678855
*Oc1ccc(cc1)C(=O)OC(=O)c1ccc(cc1)OCCOCC*,tg,41.0,44.40463406203379
*Oc1ccc(cc1)C(=O)OC(=O)c1ccc(cc1)OCOC*,tg,57.0,104.14778739775396
*Oc1ccc(cc1)C(=O)OC(COC(=O)c1ccc(cc1)OC(=O)c1ccc(cc1)C(=O)*)C,tg,87.0,85.12746601770813
*Oc1ccc(cc1)C(=O)OC(COC(COC(COC(=O)c1ccc(cc1)OC(=O)c1ccc(cc1)C(=O)*)C)C)C,tg,36.0,66.66220250879023
*Oc1ccc(cc1)C(=O)OCC*,tg,77.67,79.4971942738622
*Oc1ccc(cc1)C(=O)OCCCCCCCOC(=O)c1ccc(cc1)OC(=O)c1ccc(cc1)C(=O)*,tg,65.0,42.24554558377262
*Oc1ccc(cc1)C(=O)OCCCCCCOC(=O)c1ccc(cc1)*,tg,15.0,31.652155594175667
*Oc1ccc(cc1)C(=O)OCCCCOC(=O)c1ccc(cc1)*,tg,38.0,41.42316085268567
*Oc1ccc(cc1)C(=O)OCCCOC(=O)c1ccc(cc1)*,tg,57.0,48.763181860035814
*Oc1ccc(cc1)C(=O)OCCN(CCOC(=O)c1ccc(cc1)OC1(C(C(C1(F)F)(F)F)(*)F)F)c1ccc(cc1)C=CC1=CC(=C(C#N)C#N)CC(C1)(C)C,tg,143.0,146.26887408449304
*Oc1ccc(cc1)C(=O)OCCN(CCOC(=O)c1ccc(cc1)OCC#CC#CC*)c1ccc(cc1)N=Nc1ccc(cc1)C#N,tg,121.0,108.06357124567762
*Oc1ccc(cc1)C(=O)OCCN(CCOC(=O)c1ccc(cc1)OCC#CC#CC*)c1ccc(cc1)N=Nc1ccc(cc1)[N+](=O)[O-],tg,100.0,117.7239641804778
*Oc1ccc(cc1)C(=O)OCCN(CCOC(=O)c1ccc(cc1)OCC#CC#CC*)c1ccc(cc1)[N+](=O)[O-],tg,100.0,78.27000048427817
*Oc1ccc(cc1)C(=O)OCCOC(=O)c1ccc(cc1)*,tg,74.0,90.24731740337864
*Oc1ccc(cc1)C(=O)OCCOC(=O)c1ccc(cc1)OCCCC*,tg,53.0,37.55095508596943
*Oc1ccc(cc1)C(=O)OCCOCCOC(=O)c1ccc(cc1)OC(=O)*,tg,51.0,24.26212448770506
*Oc1ccc(cc1)C(=O)OCCOCCOCCOC(=O)c1ccc(cc1)OC(=O)c1ccc(cc1)C(=O)*,tg,25.0,40.14162876497684
*Oc1ccc(cc1)C(=O)OCCOCCOCCOCCOC(=O)c1ccc(cc1)OC(=O)c1ccc(cc1)C(=O)*,tg,25.0,21.450845818363895
*Oc1ccc(cc1)C(=O)c1cc(ccc1)C(=O)c1ccc(cc1)*,tg,139.0,153.52095995402237
*Oc1ccc(cc1)C(=O)c1cc(ccc1)C(=O)c1ccc(cc1)Oc1cc(ccc1)Cc1cc(ccc1)*,tg,114.0,130.16619895722226
*Oc1ccc(cc1)C(=O)c1cc(ccc1)c1cc(ccc1)C(=O)c1ccc(cc1)*,tg,123.0,152.13542589654946
*Oc1ccc(cc1)C(=O)c1ccc(cc1)C(=O)c1ccc(cc1)Oc1cc(ccc1)Cc1cc(ccc1)*,tg,122.0,110.40108556258878
*Oc1ccc(cc1)C(=O)c1ccc(cc1)C(=O)c1ccc(cc1)Oc1ccc(cc1)Cc1ccc(cc1)*,tg,120.0,134.27408473736622
*Oc1ccc(cc1)C(=O)c1ccc(cc1)NC(=O)c1cc(ccc1)C(=O)Nc1ccc(cc1)C(=O)c1ccc(cc1)*,tg,204.2,188.3447313353335
*Oc1ccc(cc1)C(=O)c1ccc(cc1)NC(=O)c1ccc(cc1)C(=O)Nc1ccc(cc1)C(=O)c1ccc(cc1)*,tg,187.0,218.71684465634866
*Oc1ccc(cc1)C(=O)c1ccc(cc1)OCCCCCCOC(=O)OCCCCCCCCCCCCOC(=O)OCCCCCC*,tg,-8.0,-4.619167714786653
*Oc1ccc(cc1)C(=O)c1ccc(cc1)OCCCCCCOC(=O)OCCCCCCCCCCOC(=O)OCCCCCC*,tg,-13.0,-2.0967770927049942
*Oc1ccc(cc1)C(=O)c1ccc(cc1)OCCCCCCOC(=O)OCCCCCCOC(=O)OCCCCCC*,tg,-0.3,-3.340958154547071
*Oc1ccc(cc1)C(=O)c1ccc(cc1)OCCCCCCOC(=O)OCCCCCOC(=O)OCCCCCC*,tg,-0.2,-0.14602057248733616
*Oc1ccc(cc1)C(=O)c1ccc(cc1)OCCCCCCOC(=O)OCCCCOC(=O)OCCCCCC*,tg,2.1,-0.9764197195871732
*Oc1ccc(cc1)C(=O)c1ccc(cc1)OCCCCCCOC(=O)OCCCOC(=O)OCCCCCC*,tg,16.0,-0.9795556496217466
*Oc1ccc(cc1)C(=O)c1ccc(cc1)Oc1ccc(cc1)C(=O)c1c(c(c(c(c1c1ccc(cc1)F)c1ccc(cc1)F)c1ccc(cc1)F)c1ccc(cc1)F)C(=O)c1ccc(cc1)*,tg,260.0,272.595707262062
*Oc1ccc(cc1)C(=O)c1ccc(cc1)Oc1ccc(cc1)C(=O)c1c(c(c(c(c1c1ccccc1)c1cc2c(cc1)cccc2)c1cc2c(cc1)cccc2)c1ccccc1)C(=O)c1ccc(cc1)*,tg,290.0,270.5910690267415
*Oc1ccc(cc1)C(=O)c1ccc(cc1)Oc1ccc(cc1)C(=O)c1cc(ccc1)C(=O)c1ccc(cc1)*,tg,152.0,144.7663385448855
*Oc1ccc(cc1)C(=O)c1ccc(cc1)Oc1ccc(cc1)C(=O)c1ccc(cc1)Oc1ccc(cc1)Cc1ccc(cc1)*,tg,128.0,135.82526352952155
*Oc1ccc(cc1)C(CC(c1ccc(cc1)OCC(C*)O)C)(C)C,tg,75.0,89.68393033503848
*Oc1ccc(cc1)C(c1cc(ccc1)C(c1ccc(cc1)Oc1ccc(cc1)C(=O)Nc1cc(ccc1)NC(=O)c1ccc(cc1)*)(C)C)(C)C,tg,155.0,194.17677222534962
*Oc1ccc(cc1)C(c1ccc(cc1)C(c1ccc(cc1)Oc1ccc(cc1)C(=O)Nc1ccc(cc1)Cc1ccc(cc1)NC(=O)c1ccc(cc1)*)(C)C)(C)C,tg,162.0,175.07327826332525
*Oc1ccc(cc1)C(c1ccc(cc1)C(c1ccc(cc1)Oc1ccc(cc1)C(=O)Nc1ccc(cc1)NC(=O)c1ccc(cc1)*)(C)C)(C)C,tg,163.0,202.00634080309464
*Oc1ccc(cc1)C(c1ccc(cc1)OC(*)(Oc1ccccc1)Oc1ccccc1)(C)C,tg,92.0,101.12199445668745
*Oc1ccc(cc1)C(c1ccc(cc1)OC(=O)*)(CC)C,tg,131.5,153.0257793336413
*Oc1ccc(cc1)C(c1ccc(cc1)OC(=O)*)(CCC#N)C,tg,150.0,153.56306591215196
*Oc1ccc(cc1)C(c1ccc(cc1)OC(=O)*)(CCC)CCC,tg,140.8,126.60377630567226
*Oc1ccc(cc1)C(c1ccc(cc1)OC(=O)*)(c1ccccc1)C,tg,180.0,157.20031798289654
*Oc1ccc(cc1)C(c1ccc(cc1)OC(=O)*)(c1ccccc1)C#N,tg,138.0,201.0836653511176
*Oc1ccc(cc1)C(c1ccc(cc1)OC(=O)*)C,tg,122.2,135.63684093008007
*Oc1ccc(cc1)C(c1ccc(cc1)OC(=O)*)C(C)C,tg,149.0,137.02953766132572
*Oc1ccc(cc1)C(c1ccc(cc1)OC(=O)*)C(Cl)(Cl)Cl,tg,230.0,186.8993132548637
*Oc1ccc(cc1)C(c1ccc(cc1)OC(=O)*)C1C2C3C(C(C1)C2)C1CCC3C1,tg,253.0,243.41079238395918
*Oc1ccc(cc1)C(c1ccc(cc1)OC(=O)*)C1C2CCC(C1c1ccccc1)C2,tg,196.0,251.04589395886617
*Oc1ccc(cc1)C(c1ccc(cc1)OC(=O)*)CC,tg,128.0,137.76080750928898
*Oc1ccc(cc1)C(c1ccc(cc1)OC(=O)*)CCC,tg,110.33,120.789959677965
*Oc1ccc(cc1)C(c1ccc(cc1)OC(=O)C1CCC(CC1)C(=O)*)(C)C,tg,150.0,143.13602734846964
*Oc1ccc(cc1)C(c1ccc(cc1)OC(=O)CC(CCC(=O)*)C)(C)C,tg,56.0,63.0908588992781
*Oc1ccc(cc1)C(c1ccc(cc1)OC(=O)CCCCC(=O)*)(C)C,tg,54.0,48.86789193364257
*Oc1ccc(cc1)C(c1ccc(cc1)OC(=O)CCCCCCCCC(=O)*)(C)C,tg,14.25,43.57050908799767
*Oc1ccc(cc1)C(c1ccc(cc1)OC(=O)CCCCCCCCC(=O)*)(CC)c1ccccc1,tg,88.0,77.26291562872053
*Oc1ccc(cc1)C(c1ccc(cc1)OC(=O)CN(CC(=O)*)c1ccc(cc1)N=Nc1ccc(cc1)[N+](=O)[O-])(C)C,tg,152.0,147.67183323395832
*Oc1ccc(cc1)C(c1ccc(cc1)OC(=O)Nc1ccc(cc1)Cc1ccc(cc1)NC(=O)*)(C(F)(F)F)C(F)(F)F,tg,81.0,132.02741981962248
*Oc1ccc(cc1)C(c1ccc(cc1)OC(=O)OC1C(C(C1(C)C)OC(=O)*)(C)C)(c1ccccc1)c1ccccc1,tg,161.0,163.14603411928573
*Oc1ccc(cc1)C(c1ccc(cc1)OC(=O)OCC1CCC(CC1)COC(=O)*)(C)C,tg,90.4,68.44395794424015
*Oc1ccc(cc1)C(c1ccc(cc1)OC(=O)OCCN(CCOC(=O)*)c1ccc(cc1)OC)(C)C,tg,60.0,66.84992033852133
*Oc1ccc(cc1)C(c1ccc(cc1)OC(=O)OCCN(CCOC(=O)*)c1ccc2[nH]c3c(c2c1)cccc3)(C)C,tg,90.0,148.99204048628746
*Oc1ccc(cc1)C(c1ccc(cc1)OC(=O)OCCN(CCOC(=O)*)c1ccccc1)(C)C,tg,70.0,50.7648874758128
*Oc1ccc(cc1)C(c1ccc(cc1)OC(=O)Oc1ccc(cc1)Cc1ccc(cc1)OC(=O)*)(C)C,tg,107.8,100.16465229691201
*Oc1ccc(cc1)C(c1ccc(cc1)OC(=O)SCCCSC(=O)*)(C)C,tg,90.0,62.7786640310135
*Oc1ccc(cc1)C(c1ccc(cc1)OC(=O)c1c(cccc1)c1c(cccc1)C(=O)*)(C(F)(F)F)C(F)(F)F,tg,162.0,165.28933989228935
*Oc1ccc(cc1)C(c1ccc(cc1)OC(=O)c1c(cccc1)c1c(cccc1)C(=O)*)(C)C,tg,154.5,154.21655209936173
*Oc1ccc(cc1)C(c1ccc(cc1)OC(=O)c1cc(cc(c1)NC(=O)c1ccc(cc1)NC(=O)C(N1C(=O)c2c(C1=O)cccc2)C)C(=O)*)(C)C,tg,238.0,187.9475446225257
*Oc1ccc(cc1)C(c1ccc(cc1)OC(=O)c1cc(ccc1)C(=O)*)(C)C,tg,166.08,160.63779981707336
*Oc1ccc(cc1)C(c1ccc(cc1)OC(=O)c1cc(ccc1)C(=O)*)(c1ccccc1)C,tg,202.0,185.3249989729938
*Oc1ccc(cc1)C(c1ccc(cc1)OC(=O)c1cc(ccc1)C(=O)*)(c1ccccc1)c1ccccc1,tg,229.0,209.29380580566465
*Oc1ccc(cc1)C(c1ccc(cc1)OC(=O)c1cc(ccc1)C(C(C(c1cc(ccc1)C(=O)*)(F)F)(F)F)(F)F)(C)C,tg,122.0,99.44300181683295
*Oc1ccc(cc1)C(c1ccc(cc1)OC(=O)c1cc(ccc1)Oc1cc(ccc1)C(=O)*)(C)C,tg,85.0,115.84357474641229
*Oc1ccc(cc1)C(c1ccc(cc1)OC(=O)c1cc2c(C(CC2(c2ccc(cc2)C(=O)*)C)(C)C)cc1)(C)C,tg,265.0,243.1797647668942
*Oc1ccc(cc1)C(c1ccc(cc1)OC(=O)c1ccc(cc1)C(=O)*)(CC)CC,tg,165.0,207.1143009175298
*Oc1ccc(cc1)C(c1ccc(cc1)OC(=O)c1ccc(cc1)C(=O)*)(CC)c1ccccc1,tg,243.0,194.47624985672527
*Oc1ccc(cc1)C(c1ccc(cc1)OC(=O)c1ccc(cc1)C(c1ccc(cc1)C(=O)*)(C(F)(F)F)C(F)(F)F)(C(F)(F)F)C(F)(F)F,tg,135.0,182.89911936445014
*Oc1ccc(cc1)C(c1ccc(cc1)OC(=O)c1ccc(cc1)C(c1ccc(cc1)C(=O)*)(C(F)(F)F)C(F)(F)F)(C)C,tg,124.0,137.13835289180628
*Oc1ccc(cc1)C(c1ccc(cc1)OC(=O)c1ccc(cc1)C(c1ccc(cc1)C(=O)*)(CC)C)(C)C,tg,207.5,166.8331956585545
*Oc1ccc(cc1)C(c1ccc(cc1)OC(=O)c1ccc(cc1)Cc1ccc(cc1)C(=O)*)(C)C,tg,187.5,145.54565755230016
*Oc1ccc(cc1)C(c1ccc(cc1)OC(=O)c1ccc(cc1)OCCCCCCCCCCOc1ccc(cc1)C(=O)*)(C(F)(F)F)C(F)(F)F,tg,89.0,82.10362787980661
*Oc1ccc(cc1)C(c1ccc(cc1)OC(=O)c1ccc(cc1)OCCCCCCCCCCOc1ccc(cc1)C(=O)*)(C)C,tg,77.0,86.0026829329071
*Oc1ccc(cc1)C(c1ccc(cc1)OC(=O)c1ccc(cc1)[Si](c1ccc(cc1)C(=O)*)(C)C)(C)C,tg,180.0,164.979200917869
*Oc1ccc(cc1)C(c1ccc(cc1)OC(=S)*)(C)C,tg,140.5,100.89399198536614
*Oc1ccc(cc1)C(c1ccc(cc1)OC(=S)*)(CC(C)C)C,tg,128.0,104.93974481513355
*Oc1ccc(cc1)C(c1ccc(cc1)OC(=S)*)(CC)C,tg,102.0,130.86933176066367
*Oc1ccc(cc1)C(c1ccc(cc1)OC(=S)*)(CC)CC,tg,121.0,110.33405911837201
*Oc1ccc(cc1)C(c1ccc(cc1)OC(=S)*)C,tg,101.67,104.1479756062556
*Oc1ccc(cc1)C(c1ccc(cc1)OC(=S)*)C(CC)CC,tg,148.0,101.25830666255126
*Oc1ccc(cc1)C(c1ccc(cc1)OC(=S)*)CC,tg,97.33,112.35099833157841
*Oc1ccc(cc1)C(c1ccc(cc1)OC(=S)*)c1c2c(ccc1)cccc2,tg,191.0,183.7386354899842
*Oc1ccc(cc1)C(c1ccc(cc1)OC*)(C(F)(F)F)C(F)(F)F,tg,123.0,91.63939305243001
*Oc1ccc(cc1)C(c1ccc(cc1)OC1(C(C(C1(F)F)(F)F)(*)F)F)(C(F)(F)F)C(F)(F)F,tg,122.5,139.38749227863434
*Oc1ccc(cc1)C(c1ccc(cc1)OCC(C*)(CCl)CO)(C(F)(F)F)C(F)(F)F,tg,107.0,116.8185691791891
*Oc1ccc(cc1)C(c1ccc(cc1)OCC(C*)O)(C)C,tg,87.45,87.51917982511178
*Oc1ccc(cc1)C(c1ccc(cc1)OCC(C*)O)(c1ccccc1)C,tg,115.0,108.17688885006575
*Oc1ccc(cc1)C(c1ccc(cc1)OCC(C*)OC(=O)C)(C)C,tg,60.0,78.68550335240684
*Oc1ccc(cc1)C(c1ccc(cc1)OCC(C*)OC(=O)C=Cc1ccccc1)(C)C,tg,100.6,89.41704763319645
*Oc1ccc(cc1)C(c1ccc(cc1)OCC(C*)OC(=O)C=Cc1occc1)(C)C,tg,107.2,80.77642722968031
*Oc1ccc(cc1)C(c1ccc(cc1)OCC(C*)OC(=O)CC)(C)C,tg,60.0,41.851870888452524
*Oc1ccc(cc1)C(c1ccc(cc1)OCC(C*)OC(=O)c1c(cccc1)Cl)(C)C,tg,66.0,88.25157181423143
*Oc1ccc(cc1)C(c1ccc(cc1)OCC(C*)OC(=O)c1ccccc1)(c1ccccc1)C,tg,126.0,97.40215617806659
*Oc1ccc(cc1)C(c1ccc(cc1)OCC(CN(CC(C*)O)c1ccc(cc1)C#N)O)(C)C,tg,100.0,93.10547694550584
*Oc1ccc(cc1)C(c1ccc(cc1)OCC(CN(S(=O)(=O)c1cc(ccc1)S(=O)(=O)N(CC(C*)O)C)C)O)(C)C,tg,76.0,72.59566444318368
*Oc1ccc(cc1)C(c1ccc(cc1)OCC(CN(S(=O)(=O)c1ccc(cc1)c1ccc(cc1)S(=O)(=O)N(CC(C*)O)C)C)O)(C)C,tg,101.0,84.44568241435675
*Oc1ccc(cc1)C(c1ccc(cc1)OCC(CN(S(=O)(=O)c1ccc(cc1)c1ccc(cc1)S(=O)(=O)N(CC(C*)O)CCO)CCO)O)(C)C,tg,76.0,92.5068156981008
*Oc1ccc(cc1)C(c1ccc(cc1)OCC(COC(=O)C1CCC(CC1)C(=O)OCC(C*)O)O)(C)C,tg,70.0,74.35823084805531
*Oc1ccc(cc1)C(c1ccc(cc1)OCC(COC(=O)CCCCC(=O)OCC(C*)O)O)(C)C,tg,37.33,37.97082110345808
*Oc1ccc(cc1)C(c1ccc(cc1)OCC(COC(=O)CCCCCCCCC(=O)OCC(C*)O)O)(C)C,tg,30.0,22.78335440458018
*Oc1ccc(cc1)C(c1ccc(cc1)OCC(COC(=O)CCCCCCCCCCC(=O)OCC(C*)O)O)(C)C,tg,25.0,26.687359800760063
*Oc1ccc(cc1)C(c1ccc(cc1)OCC(COC(=O)c1cc(ccc1)C(=O)OCC(C*)O)O)(C)C,tg,97.0,87.90128127676805
*Oc1ccc(cc1)C(c1ccc(cc1)OCC(COc1c(cc(cc1Cl)C(c1cc(c(c(c1)Cl)OCC(C*)O)Cl)(C)C)Cl)O)(C)C,tg,100.0,135.292303239509
*Oc1ccc(cc1)C(c1ccc(cc1)OCC(COc1ccc(cc1)C(=O)c1ccc(cc1)OCC(C*)O)O)(C)C,tg,120.0,102.79090844810518
*Oc1ccc(cc1)C(c1ccc(cc1)OCCCCCCCC*)(C)C,tg,13.37,35.30530723187485
*Oc1ccc(cc1)C(c1ccc(cc1)OCCOC(=O)C1CCC(CC1)C(=O)OCC*)(C)C,tg,57.0,56.71401722073321
*Oc1ccc(cc1)C(c1ccc(cc1)Oc1c(c(c(c(c1F)F)C(=O)c1c(c(c(c(c1F)F)*)F)F)F)F)(C(F)(F)F)C(F)(F)F,tg,148.69,167.10292847014261
*Oc1ccc(cc1)C(c1ccc(cc1)Oc1c(c(c(c(c1F)F)C(=O)c1c(c(c(c(c1F)F)*)F)F)F)F)(c1ccccc1)C,tg,175.0,184.34842000170477
*Oc1ccc(cc1)C(c1ccc(cc1)Oc1c(c(c(c(c1F)F)COC(c1cc(ccc1)C(OCc1c(c(c(c(c1F)F)*)F)F)(C(F)(F)F)C(F)(F)F)(C(F)(F)F)C(F)(F)F)F)F)(C(F)(F)F)C(F)(F)F,tg,113.0,112.69178690148279
*Oc1ccc(cc1)C(c1ccc(cc1)Oc1c(cc(cc1)C(=O)c1ccc(cc1)C(=O)c1cc(c(cc1)*)C(F)(F)F)C(F)(F)F)(C)C,tg,171.0,160.60378900142496
*Oc1ccc(cc1)C(c1ccc(cc1)Oc1ccc(cc1)C(=O)C(=O)c1ccc(cc1)*)(c1ccccc1)C,tg,177.0,183.12198784522863
*Oc1ccc(cc1)C(c1ccc(cc1)Oc1ccc(cc1)C(=O)Nc1cc(c(cc1)c1c(cc(cc1)NC(=O)c1ccc(cc1)*)C(F)(F)F)C(F)(F)F)(C(F)(F)F)C(F)(F)F,tg,240.0,221.8491620502093
*Oc1ccc(cc1)C(c1ccc(cc1)Oc1ccc(cc1)C(=O)Nc1cc(ccc1)NC(=O)c1ccc(cc1)*)(C)C,tg,214.0,198.56636313228
*Oc1ccc(cc1)C(c1ccc(cc1)Oc1ccc(cc1)C(=O)Nc1ccc(cc1)NC(=O)c1ccc(cc1)*)(C)C,tg,230.0,190.3931218415006
*Oc1ccc(cc1)C(c1ccc(cc1)Oc1ccc(cc1)C(=O)Nc1ccc(cc1)NC(=O)c1ccc(cc1)*)(c1ccccc1)c1ccccc1,tg,254.0,233.70072520871827
*Oc1ccc(cc1)C(c1ccc(cc1)Oc1ccc(cc1)C(=O)c1c(c(c(c(c1c1ccc(cc1)F)c1ccc(cc1)F)c1ccc(cc1)F)c1ccc(cc1)F)C(=O)c1ccc(cc1)*)(C(F)(F)F)C(F)(F)F,tg,253.0,234.47724612870238
*Oc1ccc(cc1)C(c1ccc(cc1)Oc1ccc(cc1)C(=O)c1c(c(c(c(c1c1ccccc1)c1cc2c(cc1)cccc2)c1cc2c(cc1)cccc2)c1ccccc1)C(=O)c1ccc(cc1)*)(C)C,tg,264.0,257.1599191887887
*Oc1ccc(cc1)C(c1ccc(cc1)Oc1ccc(cc1)C(=O)c1c(cccc1)c1c(cccc1)C(=O)c1ccc(cc1)*)(C)C,tg,172.0,175.87508202219692
*Oc1ccc(cc1)C(c1ccc(cc1)Oc1ccc(cc1)C(=O)c1c2c(ccc1)cccc2C(=O)c1ccc(cc1)*)(C(F)(F)F)C(F)(F)F,tg,213.0,205.46210751937403
*Oc1ccc(cc1)C(c1ccc(cc1)Oc1ccc(cc1)C(=O)c1c2c(ccc1)cccc2C(=O)c1ccc(cc1)*)(C)C,tg,210.5,200.09083790390704
*Oc1ccc(cc1)C(c1ccc(cc1)Oc1ccc(cc1)C(=O)c1c2c(ccc1C)c(c(cc2)C)C(=O)c1ccc(cc1)*)(C)C,tg,222.0,211.40434640124565
*Oc1ccc(cc1)C(c1ccc(cc1)Oc1ccc(cc1)C(=O)c1cc(cc(c1)C(C)(C)C)C(=O)c1ccc(cc1)*)(C(F)(F)F)C(F)(F)F,tg,181.0,183.5997056529259
*Oc1ccc(cc1)C(c1ccc(cc1)Oc1ccc(cc1)C(=O)c1cc(ccc1)C(=O)c1ccc(cc1)*)(C(F)(F)F)C(F)(F)F,tg,175.0,165.94419474614608
*Oc1ccc(cc1)C(c1ccc(cc1)Oc1ccc(cc1)C(=O)c1cc2c(cc1)cc(cc2)C(=O)c1ccc(cc1)*)(C)C,tg,185.0,190.778263289085
*Oc1ccc(cc1)C(c1ccc(cc1)Oc1ccc(cc1)C(=O)c1ccc(cc1)*)(C(F)(F)F)C(F)(F)F,tg,170.5,161.10884202509607
*Oc1ccc(cc1)C(c1ccc(cc1)Oc1ccc(cc1)C(=O)c1ccc(cc1)*)(C)C,tg,155.23,159.74670642905673
*Oc1ccc(cc1)C(c1ccc(cc1)Oc1ccc(cc1)C(=O)c1ccc(cc1)*)c1c(cccc1)C(=O)O,tg,220.5,188.29955020912817
*Oc1ccc(cc1)C(c1ccc(cc1)Oc1ccc(cc1)C(=O)c1ccc(cc1)C(=O)c1ccc(cc1)*)(C)C,tg,156.4,162.88040811084755
*Oc1ccc(cc1)C(c1ccc(cc1)Oc1ccc(cc1)C(=O)c1ccc(cc1)C(c1ccc(cc1)C(=O)c1ccc(cc1)*)(C(F)(F)F)C(F)(F)F)(C(F)(F)F)C(F)(F)F,tg,185.0,173.91616481329203
*Oc1ccc(cc1)C(c1ccc(cc1)Oc1ccc(cc1)C(=O)c1ccc(cc1)C(c1ccc(cc1)C(=O)c1ccc(cc1)*)(C)C)(C)C,tg,171.0,157.76003372022336
*Oc1ccc(cc1)C(c1ccc(cc1)Oc1ccc(cc1)C(=O)c1ccc(cc1)Oc1ccc(cc1)C(=O)c1ccc(cc1)*)(C)C,tg,162.0,149.24297703332823
*Oc1ccc(cc1)C(c1ccc(cc1)Oc1ccc(cc1)C(=O)c1ccc(cc1)P(=O)(c1ccc(cc1)C(=O)c1ccc(cc1)*)c1ccccc1)(C(F)(F)F)C(F)(F)F,tg,207.0,209.38729335644445
*Oc1ccc(cc1)C(c1ccc(cc1)Oc1ccc(cc1)C(C(c1ccc(cc1)*)O)O)(C)C,tg,149.4,149.97168575239488
*Oc1ccc(cc1)C1(C2C3C(CCC3)C(C1)C2)c1ccc(cc1)OC(=O)*,tg,251.5,233.8419990566032
*Oc1ccc(cc1)C1(C2C3C(CCC3)C(C1)C2)c1ccc(cc1)OC(=O)c1ccc(cc1)Oc1ccc(cc1)C1(CCC(CC1)C(C)(C)C)c1ccc(cc1)Oc1ccc(cc1)C(=O)*,tg,181.0,213.86169092334978
*Oc1ccc(cc1)C1(CC(CCC1)c1ccc(cc1)OCC(C*)O)CC,tg,140.0,105.42430130003861
*Oc1ccc(cc1)C1(CC(CCC1)c1ccc(cc1)OCC(C*)OC(=O)C)CC,tg,107.0,112.84006588879019
*Oc1ccc(cc1)C1(CC2C(CC1)CCCC2)c1ccc(cc1)OC(=O)c1cc(ccc1)C(=O)*,tg,248.0,251.07193586436009
*Oc1ccc(cc1)C1(CC2C(CC1)CCCC2)c1ccc(cc1)OC(=O)c1ccc(cc1)C(=O)*,tg,275.0,273.2933886607487
*Oc1ccc(cc1)C1(CC2C(CC1)CCCC2)c1ccc(cc1)Oc1ccc(cc1)C(=O)c1cc(ccc1)C(=O)c1ccc(cc1)*,tg,194.0,217.29255940860247
*Oc1ccc(cc1)C1(CC2C(CC1)CCCC2)c1ccc(cc1)Oc1ccc(cc1)C(=O)c1ccc(cc1)*,tg,214.0,215.46686810314935
*Oc1ccc(cc1)C1(CCC(CC1)C(C)(C)C)c1ccc(cc1)OC(=O)OC1C(C(C1(C)C)OC(=O)*)(C)C,tg,172.0,141.42305785399986
*Oc1ccc(cc1)C1(CCC(CC1)C(C)(C)C)c1ccc(cc1)Oc1ccc(cc1)C(=O)Oc1c(cc(cc1C)C(c1cc(c(c(c1)C)OC(=O)c1ccc(cc1)*)C)(C)C)C,tg,176.0,193.95863188486328
*Oc1ccc(cc1)C1(CCC(CC1)C(C)(C)C)c1ccc(cc1)Oc1ccc(cc1)C(=O)Oc1ccc(cc1)C(c1ccc(cc1)OC(=O)c1ccc(cc1)*)(C)C,tg,144.0,164.13357818656837
*Oc1ccc(cc1)C1(CCC(CC1)C(C)(C)C)c1ccc(cc1)Oc1ccc(cc1)C(=O)Oc1ccc(cc1)C1(CCC(CC1)c1ccccc1)c1ccc(cc1)OC(=O)c1ccc(cc1)*,tg,172.0,179.18722194105726
*Oc1ccc(cc1)C1(CCC(CC1)C(c1ccc(cc1)OCC(C*)O)(C)C)C,tg,135.0,122.45394573981665
*Oc1ccc(cc1)C1(CCC(CC1)C(c1ccc(cc1)Oc1ccc(cc1)C(=O)c1ccc(cc1)*)(C)C)C,tg,200.0,200.57671073523727
*Oc1ccc(cc1)C1(CCC(CC1)C)c1ccc(cc1)OC(=S)*,tg,168.0,131.68283235830123
*Oc1ccc(cc1)C1(CCCC1)c1ccc(cc1)OC(=S)*,tg,79.0,167.28044236875994
*Oc1ccc(cc1)C1(CCCCC1)c1ccc(cc1)OC(=O)*,tg,175.19,164.37911700155905
*Oc1ccc(cc1)C1(CCCCC1)c1ccc(cc1)OC(=O)OC1C(C(C1(C)C)OC(=O)*)(C)C,tg,136.0,169.26325479993997
*Oc1ccc(cc1)C1(CCCCC1)c1ccc(cc1)OC(=O)c1ccc(cc1)C(=O)*,tg,275.0,214.3534113993384
*Oc1ccc(cc1)C1(CCCCC1)c1ccc(cc1)OC(=S)*,tg,155.0,120.7624153426635
*Oc1ccc(cc1)C1(CCCCCC1)c1ccc(cc1)OC(=O)*,tg,155.0,186.1660691242674
*Oc1ccc(cc1)C1(CCCCCCCCCCC1)c1ccc(cc1)OC(=O)c1ccc(cc1)Oc1ccc(cc1)C1(CCC(CC1)C(C)(C)C)c1ccc(cc1)Oc1ccc(cc1)C(=O)*,tg,181.0,175.3517570210925
*Oc1ccc(cc1)C1(c2c(CC1)cccc2)c1ccc(cc1)OC(=O)*,tg,219.0,231.60436103110388
*Oc1ccc(cc1)C1(c2c(CC1)cccc2)c1ccc(cc1)OC(=O)c1ccc(cc1)C(=O)*,tg,312.0,279.3303193578144
*Oc1ccc(cc1)C1(c2cc(ccc2c2ccc(cc12)[N+](=O)[O-])N(C)C)c1ccc(cc1)OC(=O)*,tg,278.0,254.7173641318414
*Oc1ccc(cc1)C1(c2cc(ccc2c2ccc(cc12)[N+](=O)[O-])N(C)C)c1ccc(cc1)OC(=O)CCC(=O)*,tg,215.0,204.84804726609985
*Oc1ccc(cc1)C1(c2cc(ccc2c2ccc(cc12)[N+](=O)[O-])N(C)C)c1ccc(cc1)OC(=O)CCCC(=O)*,tg,181.0,179.45591630367343
*Oc1ccc(cc1)C1(c2cc(ccc2c2ccc(cc12)[N+](=O)[O-])N(C)C)c1ccc(cc1)OC(=O)CCCCC(=O)*,tg,150.0,171.44657764539681
*Oc1ccc(cc1)C1(c2cc(ccc2c2ccc(cc12)[N+](=O)[O-])OC)c1ccc(cc1)OC(=O)*,tg,294.0,268.75288042334455
*Oc1ccc(cc1)C1(c2cc(ccc2c2ccc(cc12)[N+](=O)[O-])OC)c1ccc(cc1)OC(=O)CCC(=O)*,tg,230.0,223.46307873479583
*Oc1ccc(cc1)C1(c2ccccc2C(=O)c2ccccc12)c1ccc(cc1)OC(=O)c1ccc(cc1)C(=O)*,tg,400.0,303.31156313845645
*Oc1ccc(cc1)C1(c2ccccc2Cc2ccccc12)c1ccc(cc1)OC(=O)c1ccc(cc1)C(=O)*,tg,342.0,296.9656835721759
*Oc1ccc(cc1)C1(c2ccccc2c2ccccc12)c1ccc(cc1)OC(=O)*,tg,303.33,259.5707616903081
*Oc1ccc(cc1)C1(c2ccccc2c2ccccc12)c1ccc(cc1)OC(=O)C12CC3(CC(CC(C1)C3)C2)C(=O)*,tg,335.0,269.1957787072264
*Oc1ccc(cc1)C1(c2ccccc2c2ccccc12)c1ccc(cc1)OC(=O)CCC(=O)*,tg,234.0,225.1120520615013
*Oc1ccc(cc1)C1(c2ccccc2c2ccccc12)c1ccc(cc1)OC(=O)CCCCC(=O)*,tg,166.0,168.578100542619
*Oc1ccc(cc1)C1(c2ccccc2c2ccccc12)c1ccc(cc1)OC(=O)CCCCCCCC(=O)*,tg,150.0,144.75420830107254
*Oc1ccc(cc1)C1(c2ccccc2c2ccccc12)c1ccc(cc1)OC(=O)CCCCCCCCCC(=O)*,tg,136.0,133.45271319527916
*Oc1ccc(cc1)C1(c2ccccc2c2ccccc12)c1ccc(cc1)OC(=O)CCCCCCCCCCC(=O)*,tg,117.0,134.06719614852113
*Oc1ccc(cc1)C1(c2ccccc2c2ccccc12)c1ccc(cc1)OC(=O)OC1C(C(C1(C)C)OC(=O)*)(C)C,tg,214.0,243.36020809138844
*Oc1ccc(cc1)C1(c2ccccc2c2ccccc12)c1ccc(cc1)OC(=O)c1ccc(cc1)C(=O)*,tg,285.0,331.00542837875327
*Oc1ccc(cc1)C1(c2ccccc2c2ccccc12)c1ccc(cc1)OC1(C(C(C1(F)F)(F)F)(*)F)F,tg,228.0,215.12283255070443
*Oc1ccc(cc1)C1(c2ccccc2c2ccccc12)c1ccc(cc1)OCC(COc1ccc(cc1)C(c1ccc(cc1)OCC(C*)O)(C)C)O,tg,161.0,135.65418996533086
*Oc1ccc(cc1)C1(c2ccccc2c2ccccc12)c1ccc(cc1)OCCOC(=O)NC1CCC(CC1)CC1CCC(CC1)NC(=O)OCC*,tg,140.0,150.7952933099136
*Oc1ccc(cc1)C1(c2ccccc2c2ccccc12)c1ccc(cc1)OCCOC(=O)NCCCCCCNC(=O)OCC*,tg,61.0,108.95910018442459
*Oc1ccc(cc1)C1(c2ccccc2c2ccccc12)c1ccc(cc1)OCCOC(=O)Nc1c(ccc(c1)NC(=O)OCC*)C,tg,175.0,160.8674773132034
*Oc1ccc(cc1)C1(c2ccccc2c2ccccc12)c1ccc(cc1)Oc1c(cc(cc1)C(=O)c1ccc(cc1)C(=O)c1cc(c(cc1)*)C(F)(F)F)C(F)(F)F,tg,229.0,216.92205477184268
*Oc1ccc(cc1)C1(c2ccccc2c2ccccc12)c1ccc(cc1)Oc1ccc(cc1)C(=O)c1c(cccc1)c1c(cccc1)C(=O)c1ccc(cc1)*,tg,229.0,249.31424892819717
*Oc1ccc(cc1)C1(c2ccccc2c2ccccc12)c1ccc(cc1)Oc1ccc(cc1)C(=O)c1c2c(ccc1)cccc2C(=O)c1ccc(cc1)*,tg,269.0,248.32388417827147
*Oc1ccc(cc1)C1(c2ccccc2c2ccccc12)c1ccc(cc1)Oc1ccc(cc1)C(=O)c1cc(ccc1)c1cc(ccc1)C(=O)c1ccc(cc1)*,tg,212.0,233.80470511355054
*Oc1ccc(cc1)C1(c2ccccc2c2ccccc12)c1ccc(cc1)Oc1ccc(cc1)C(=O)c1ccc(cc1)*,tg,252.0,241.67868186436732
*Oc1ccc(cc1)C1(c2ccccc2c2ccccc12)c1ccc(cc1)Oc1ccc(cc1)C(=O)c1ccc(cc1)C(=O)c1ccc(cc1)*,tg,243.0,239.8986692296972
*Oc1ccc(cc1)C1(c2ccccc2c2ccccc12)c1ccc(cc1)Oc1ccc(cc1)C(=O)c1ccc(cc1)Oc1ccc(cc1)C(=O)c1ccc(cc1)*,tg,231.0,235.4882132625769
*Oc1ccc(cc1)C1(c2ccccc2c2ccccc12)c1ccc(cc1)Oc1ccc(cc1)C=NN=Cc1ccc(cc1)*,tg,227.0,234.08279743260124
*Oc1ccc(cc1)C=C1C(=O)C(=Cc2ccc(cc2)OC(=O)c2ccc(cc2)N=Cc2ccc(cc2)C=Nc2ccc(cc2)C(=O)*)CC1,tg,205.0,201.29749721705136
*Oc1ccc(cc1)C=C1C(=O)C(=Cc2ccc(cc2)OCCCCCC*)CCC1,tg,116.0,68.76986748435286
*Oc1ccc(cc1)C=CC(=O)OCCN(CCOC(=O)C=Cc1ccc(cc1)OCCCCC*)c1ccc(cc1)N=Nc1ccc(cc1)[N+](=O)[O-],tg,92.0,107.58281373070709
*Oc1ccc(cc1)C=CC(=O)c1ccc(cc1)Oc1ccc(cc1)C(c1ccc(cc1)*)(c1ccccc1)C,tg,167.0,189.91207567960558
*Oc1ccc(cc1)C=Cc1c(cc(c(c1)OCCCCCCCC)C=Cc1ccc(cc1)OCCCCCCCC*)OCCCCCCCC,tg,130.0,54.58895020490849
*Oc1ccc(cc1)C=Cc1ccc(cc1)OCCCCCC*,tg,76.0,47.919959594795785
*Oc1ccc(cc1)C=NN=Cc1ccc(cc1)Oc1ccc(cc1)C(=O)c1ccc(cc1)*,tg,179.0,158.7999066875682
*Oc1ccc(cc1)C=NN=Cc1ccc(cc1)Oc1ccc(cc1)C(c1ccc(cc1)*)(C(F)(F)F)C(F)(F)F,tg,162.0,158.06150149840585
*Oc1ccc(cc1)CC(=O)NCCCCCCNC(=O)C*,tg,69.5,76.25635069921685
*Oc1ccc(cc1)CC(Cc1ccc(cc1)*)(C#N)C#N,tg,147.0,151.27317758906312
*Oc1ccc(cc1)CC(NC(=O)CCc1ccc(cc1)OC(=O)*)C(=O)OCCCC,tg,67.0,74.46982836252221
*Oc1ccc(cc1)CC(NC(=O)CCc1ccc(cc1)OC(=O)*)C(=O)OCCCCCC,tg,51.5,45.546776511132975
*Oc1ccc(cc1)CC(NC(=O)CCc1ccc(cc1)OC(=O)CC(CCC(=O)*)C)C(=O)OC(CC)C,tg,45.0,46.46639832986553
*Oc1ccc(cc1)CC(NC(=O)CCc1ccc(cc1)OC(=O)CCC(=O)*)C(=O)OC,tg,91.5,89.39187159977224
*Oc1ccc(cc1)CC(NC(=O)CCc1ccc(cc1)OC(=O)CCC(=O)*)C(=O)OC(C)C,tg,82.0,82.66444343736661
*Oc1ccc(cc1)CC(NC(=O)CCc1ccc(cc1)OC(=O)CCC(=O)*)C(=O)OC(CC)C,tg,75.0,71.83395480248139
*Oc1ccc(cc1)CC(NC(=O)CCc1ccc(cc1)OC(=O)CCC(=O)*)C(=O)OCC,tg,78.0,73.62045523515178
*Oc1ccc(cc1)CC(NC(=O)CCc1ccc(cc1)OC(=O)CCC(=O)*)C(=O)OCC(C)C,tg,75.0,72.98524951929528
*Oc1ccc(cc1)CC(NC(=O)CCc1ccc(cc1)OC(=O)CCC(=O)*)C(=O)OCCCC,tg,67.0,64.91566662156475
*Oc1ccc(cc1)CC(NC(=O)CCc1ccc(cc1)OC(=O)CCC(=O)*)C(=O)OCCCCCCCC,tg,46.75,39.97471797871519
*Oc1ccc(cc1)CC(NC(=O)CCc1ccc(cc1)OC(=O)CCC(=O)*)C(=O)OCCCCCCCCCCCC,tg,40.0,35.80226875576011
*Oc1ccc(cc1)CC(NC(=O)CCc1ccc(cc1)OC(=O)CCC(=O)*)C(=O)OCCOCCOCC,tg,34.0,32.12968890767304
*Oc1ccc(cc1)CC(NC(=O)CCc1ccc(cc1)OC(=O)CCC(=O)*)C(=O)OCc1ccccc1,tg,78.0,75.73161713669842
*Oc1ccc(cc1)CC(NC(=O)CCc1ccc(cc1)OC(=O)CCC(CC(=O)*)C)C(=O)OC,tg,53.0,61.081497053526164
*Oc1ccc(cc1)CC(NC(=O)CCc1ccc(cc1)OC(=O)CCC(CC(=O)*)C)C(=O)OCc1ccccc1,tg,55.0,50.98813529558859
*Oc1ccc(cc1)CC(NC(=O)CCc1ccc(cc1)OC(=O)CCCC(=O)*)C(=O)OC,tg,76.0,72.8188325811128
*Oc1ccc(cc1)CC(NC(=O)CCc1ccc(cc1)OC(=O)CCCC(=O)*)C(=O)OC(C)C,tg,68.0,69.00786616258979
*Oc1ccc(cc1)CC(NC(=O)CCc1ccc(cc1)OC(=O)CCCC(=O)*)C(=O)OCC,tg,67.67,65.15543229396788
*Oc1ccc(cc1)CC(NC(=O)CCc1ccc(cc1)OC(=O)CCCC(=O)*)C(=O)OCC(C)C,tg,62.0,61.511930799045544
*Oc1ccc(cc1)CC(NC(=O)CCc1ccc(cc1)OC(=O)CCCC(=O)*)C(=O)OCCCC,tg,53.67,51.120582346402095
*Oc1ccc(cc1)CC(NC(=O)CCc1ccc(cc1)OC(=O)CCCC(=O)*)C(=O)OCCCCCCCC,tg,32.5,27.95628942601415
*Oc1ccc(cc1)CC(NC(=O)CCc1ccc(cc1)OC(=O)CCCC(=O)*)C(=O)OCCCCCCCCCCCC,tg,27.5,26.364797118544896
*Oc1ccc(cc1)CC(NC(=O)CCc1ccc(cc1)OC(=O)CCCC(=O)*)C(=O)OCc1ccccc1,tg,66.0,67.76419570165491
*Oc1ccc(cc1)CC(NC(=O)CCc1ccc(cc1)OC(=O)CCCCC(=O)*)C(=O)OC,tg,68.67,62.8701421788344
*Oc1ccc(cc1)CC(NC(=O)CCc1ccc(cc1)OC(=O)CCCCC(=O)*)C(=O)OCC,tg,58.8,54.43964333586248
*Oc1ccc(cc1)CC(NC(=O)CCc1ccc(cc1)OC(=O)CCCCC(=O)*)C(=O)OCC(C)C,tg,56.0,46.045617039704965
*Oc1ccc(cc1)CC(NC(=O)CCc1ccc(cc1)OC(=O)CCCCC(=O)*)C(=O)OCCCCCC,tg,35.57,26.652448537499883
*Oc1ccc(cc1)CC(NC(=O)CCc1ccc(cc1)OC(=O)CCCCC(=O)*)C(=O)OCCCCCCCCCCCC,tg,22.0,20.146687238393262
*Oc1ccc(cc1)CC(NC(=O)CCc1ccc(cc1)OC(=O)CCCCC(=O)*)C(=O)OCCOCCOCC,tg,15.0,18.03194569969765
*Oc1ccc(cc1)CC(NC(=O)CCc1ccc(cc1)OC(=O)CCCCC(=O)*)C(=O)OCc1ccccc1,tg,54.5,54.512950682542446
*Oc1ccc(cc1)CC(NC(=O)CCc1ccc(cc1)OC(=O)CCCCCCC(=O)*)C(=O)OC(C)C,tg,46.0,47.503456896379696
*Oc1ccc(cc1)CC(NC(=O)CCc1ccc(cc1)OC(=O)CCCCCCC(=O)*)C(=O)OCC,tg,50.0,40.39666257827755
*Oc1ccc(cc1)CC(NC(=O)CCc1ccc(cc1)OC(=O)CCCCCCC(=O)*)C(=O)OCCCC,tg,37.0,32.527414118974335
*Oc1ccc(cc1)CC(NC(=O)CCc1ccc(cc1)OC(=O)CCCCCCC(=O)*)C(=O)OCCCCCCCC,tg,21.33,16.513678727994563
*Oc1ccc(cc1)CC(NC(=O)CCc1ccc(cc1)OC(=O)CCCCCCC(=O)*)C(=O)OCCCCCCCCCCCC,tg,15.0,13.537961868249187
*Oc1ccc(cc1)CC(NC(=O)CCc1ccc(cc1)OC(=O)CCCCCCC(=O)*)C(=O)OCc1ccccc1,tg,47.0,44.59772236093202
*Oc1ccc(cc1)CC(NC(=O)CCc1ccc(cc1)OC(=O)CCCCCCCCC(=O)*)C(=O)OC(C)C,tg,44.0,41.50549883569116
*Oc1ccc(cc1)CC(NC(=O)CCc1ccc(cc1)OC(=O)CCCCCCCCC(=O)*)C(=O)OC(CC)C,tg,36.0,37.776766958137216
*Oc1ccc(cc1)CC(NC(=O)CCc1ccc(cc1)OC(=O)CCCCCCCCC(=O)*)C(=O)OCC,tg,44.0,37.75405202107035
*Oc1ccc(cc1)CC(NC(=O)CCc1ccc(cc1)OC(=O)CCCCCCCCC(=O)*)C(=O)OCC(C)C,tg,33.0,42.14336521488762
*Oc1ccc(cc1)CC(NC(=O)CCc1ccc(cc1)OC(=O)CCCCCCCCC(=O)*)C(=O)OCCCC,tg,30.0,28.327258668750726
*Oc1ccc(cc1)CC(NC(=O)CCc1ccc(cc1)OC(=O)CCCCCCCCC(=O)*)C(=O)OCCCCCCCC,tg,14.25,16.262894169032307
*Oc1ccc(cc1)CC(NC(=O)CCc1ccc(cc1)OC(=O)CCCCCCCCC(=O)*)C(=O)OCCCCCCCCCCCC,tg,12.5,13.435412737066288
*Oc1ccc(cc1)CC(NC(=O)CCc1ccc(cc1)OC(=O)COCC(=O)*)C(=O)OC(CC)C,tg,68.0,67.17662804775775
*Oc1ccc(cc1)CC(NC(=O)CCc1ccc(cc1)OC(=O)COCC(=O)*)C(=O)OCCCC,tg,64.0,59.001997665760754
*Oc1ccc(cc1)CC(NC(=O)CCc1ccc(cc1)OC(=O)COCC(=O)*)C(=O)OCCCCCC,tg,45.0,39.450737659544394
*Oc1ccc(cc1)CC(NC(=O)CCc1ccc(cc1)OC(=O)COCC(=O)*)C(=O)OCCCCCCCC,tg,40.0,34.39582532562457
*Oc1ccc(cc1)CC(NC(=O)CCc1ccc(cc1)OC(=O)COCC(=O)*)C(=O)OCCCCCCCCCCCC,tg,36.0,31.770965511833904
*Oc1ccc(cc1)CC(NC(=O)CCc1ccc(cc1)OC(=O)COCC(=O)*)C(=O)OCCOCCOCC,tg,27.0,28.544613578479673
*Oc1ccc(cc1)CC(NC(=O)CCc1ccc(cc1)OC(=O)COCC(=O)*)C(=O)OCc1ccccc1,tg,76.0,69.26588986387839
*Oc1ccc(cc1)CC(NC(=O)CCc1ccc(cc1)OC(=O)COCCOCC(=O)*)C(=O)OC,tg,63.0,54.882250591186015
*Oc1ccc(cc1)CC(NC(=O)CCc1ccc(cc1)OC(=O)COCCOCC(=O)*)C(=O)OC(C)C,tg,58.0,49.0346359631455
*Oc1ccc(cc1)CC(NC(=O)CCc1ccc(cc1)OC(=O)COCCOCC(=O)*)C(=O)OC(CC)C,tg,44.0,44.14143676021737
*Oc1ccc(cc1)CC(NC(=O)CCc1ccc(cc1)OC(=O)COCCOCC(=O)*)C(=O)OCC(C)C,tg,50.0,47.29281162736127
*Oc1ccc(cc1)CC(NC(=O)CCc1ccc(cc1)OC(=O)COCCOCC(=O)*)C(=O)OCCCC,tg,45.0,40.93898054970837
*Oc1ccc(cc1)CC(NC(=O)CCc1ccc(cc1)OC(=O)COCCOCC(=O)*)C(=O)OCCCCCCCC,tg,16.0,22.219107129296674
*Oc1ccc(cc1)CC(NC(=O)CCc1ccc(cc1)OC(=O)COCCOCC(=O)*)C(=O)OCCCCCCCCCCCC,tg,17.0,17.968228403827414
*Oc1ccc(cc1)CC(NC(=O)Cc1ccc(cc1)OC(=O)CC(CCC(=O)*)C)C(=O)OCCCCCCCC,tg,30.0,31.759308593152372
*Oc1ccc(cc1)CC(NC(=O)Cc1ccc(cc1)OC(=O)CCC(=O)*)C(=O)OCCCCCCCC,tg,51.0,43.18243102912238
*Oc1ccc(cc1)CC(NC(=O)Cc1ccc(cc1)OC(=O)CCCC(=O)*)C(=O)OCCCCCC,tg,42.0,38.738116403262545
*Oc1ccc(cc1)CC(NC(=O)Cc1ccc(cc1)OC(=O)CCCCC(=O)*)C(=O)OCC,tg,63.0,57.65767360733696
*Oc1ccc(cc1)CC(NC(=O)Cc1ccc(cc1)OC(=O)CCCCC(=O)*)C(=O)OCCCCCCCC,tg,28.0,29.161009905130246
*Oc1ccc(cc1)CC(NC(=O)Cc1ccc(cc1)OC(=O)CCCCCCC(=O)*)C(=O)OCC,tg,54.0,50.47942552802327
*Oc1ccc(cc1)CC(NC(=O)Cc1ccc(cc1)OC(=O)CCCCCCCCC(=O)*)C(=O)OCC,tg,43.0,46.86707096907824
*Oc1ccc(cc1)CC(NC(=O)Cc1ccc(cc1)OC(=O)CCCCCCCCC(=O)*)C(=O)OCCCCCC,tg,23.0,20.067375741554848
*Oc1ccc(cc1)CC(NC(=O)Cc1ccc(cc1)OC(=O)COCCOCC(=O)*)C(=O)OCC,tg,50.0,56.6127625703376
*Oc1ccc(cc1)CCC(=O)NCCCCCCNC(=O)C*,tg,72.0,54.78498438282734
*Oc1ccc(cc1)CCNC(=O)c1cc(ccc1)C(=O)*,tg,152.0,155.65229248589796
*Oc1ccc(cc1)CCNC(=O)c1cc(ccc1)C(=O)NCCc1ccc(cc1)OC(=O)c1cc(ccc1)C(=O)*,tg,147.0,152.17712317300044
*Oc1ccc(cc1)CCc1ccc(cc1)OCCCCCCOC(=O)NC1CCC(CC1)CC1CCC(CC1)NC(=O)OCCCCCC*,tg,40.3,76.01648131436971
*Oc1ccc(cc1)Cc1ccc(cc1)OC(=O)c1cc(cc(c1)OCCCCC)C(=O)*,tg,110.0,94.69368866590159
*Oc1ccc(cc1)Cc1ccc(cc1)OC(=O)c1ccc(cc1)C(c1ccc(cc1)C(=O)*)(C)C,tg,135.0,185.54579415740275
*Oc1ccc(cc1)N(c1ccc(cc1)/C=C(/C(=O)NC1C(CCCC1)NC(=O)/C(=C/c1ccc(cc1)N(c1ccc(cc1)*)CC)/C#N)\C#N)CC,tg,235.0,184.68498832828305
*Oc1ccc(cc1)N(c1ccc(cc1)c1ccc(cc1)N(c1ccc(cc1)*)c1ccccc1)c1ccccc1,tg,218.0,191.43051894262507
*Oc1ccc(cc1)N(c1ccc(cc1)c1ccc(cc1)N(c1ccc(cc1)OCCCCCCCCCCCC*)c1ccccc1)c1ccccc1,tg,92.0,112.1096519282556
*Oc1ccc(cc1)N1ON1c1ccc(cc1)OCCCCCCOC(=O)C(C(=O)OCCCCCC*)CCCCCBr,tg,7.0,12.044724491535561
*Oc1ccc(cc1)N1ON1c1ccc(cc1)OCCCCCCOC(=O)C(C(=O)OCCCCCC*)CCCCCCCCCCBr,tg,16.0,0.41848805204615735
*Oc1ccc(cc1)N1ON1c1ccc(cc1)OCCCCCCOC(=O)C(C(=O)OCCCCCC*)CCCCCCCCCCP(=O)(O)O,tg,12.5,7.921673198743497
*Oc1ccc(cc1)N1ON1c1ccc(cc1)OCCCCCCOC(=O)C(C(=O)OCCCCCC*)CCCCCCP(=O)(OCC)OCC,tg,15.0,5.053669251981767
*Oc1ccc(cc1)N1ON1c1ccc(cc1)OCCCCCCOC(=O)C(C(=O)OCCCCCC*)CCCCCP(=O)(O)O,tg,12.0,12.123346528440912
*Oc1ccc(cc1)N1ON1c1ccc(cc1)OCCCCCCOC(=O)C(C(=O)OCCCCCC*)CCCCCP(=O)(OCC)OCC,tg,12.0,5.402110683731618
*Oc1ccc(cc1)N1ON1c1ccc(cc1)OCCCCCCOC(=O)C(C(=O)OCCCCCC*)CCCCP(=O)(OCC)OCC,tg,11.5,13.985046871215713
*Oc1ccc(cc1)N1ON1c1ccc(cc1)OCCCCCCOC(=O)C(C(=O)OCCCCCC*)c1ccccc1,tg,23.0,57.283644999451695
*Oc1ccc(cc1)N1ON1c1ccc(cc1)OCCCCCCOC(=O)CC(=O)OCCCCCC*,tg,16.0,11.801348692921994
*Oc1ccc(cc1)N=C(c1ccc(cc1)Oc1ccc(cc1)C(c1ccc(cc1)Oc1ccc(cc1)C(=Nc1ccc(cc1)*)C)(C)C)C,tg,141.0,148.84521594133315
*Oc1ccc(cc1)N=C(c1ccc(cc1)Oc1ccc(cc1)C(c1ccc(cc1)Oc1ccc(cc1)C(=Nc1ccc(cc1)*)C)(c1ccccc1)c1ccccc1)C,tg,150.0,176.23802858661494
*Oc1ccc(cc1)N=C(c1ccc(cc1)Oc1ccc(cc1)C(c1ccc(cc1)Oc1ccc(cc1)C(=Nc1ccc(cc1)*)c1ccccc1)(C)C)c1ccccc1,tg,155.0,158.040555645128
*Oc1ccc(cc1)N=C(c1ccc(cc1)Oc1ccc(cc1)C(c1ccc(cc1)Oc1ccc(cc1)C(=Nc1ccc(cc1)*)c1ccccc1)(c1ccccc1)c1ccccc1)c1ccccc1,tg,177.0,186.1038704216504
*Oc1ccc(cc1)N=C(c1ccc(cc1)Oc1ccc(cc1)c1ccc(cc1)Oc1ccc(cc1)C(=Nc1ccc(cc1)*)c1ccccc1)c1ccccc1,tg,174.0,216.43419400227017
*Oc1ccc(cc1)N=CC=Nc1ccc(cc1)OC(=O)NC1CC(CC(C1)(CNC(=O)*)C)(C)C,tg,62.0,186.97686109329402
*Oc1ccc(cc1)N=CC=Nc1ccc(cc1)OC(=O)NCCCCCCNC(=O)*,tg,80.0,67.74875635215912
*Oc1ccc(cc1)N=CC=Nc1ccc(cc1)OC(=O)Nc1c(ccc(c1)NC(=O)*)C,tg,76.0,126.00024772119383
*Oc1ccc(cc1)N=CC=Nc1ccc(cc1)OC(=O)Nc1ccc(cc1)Cc1ccc(cc1)NC(=O)*,tg,133.0,80.04673895389736
*Oc1ccc(cc1)N=CCCCC=Nc1ccc(cc1)OC(=O)NCCCCCCNC(=O)*,tg,72.0,74.07542117526665
*Oc1ccc(cc1)N=CCCCC=Nc1ccc(cc1)OC(=O)Nc1c(ccc(c1)NC(=O)*)C,tg,69.0,114.59121331890958
*Oc1ccc(cc1)N=CNc1ccc(cc1)OCCOCC*,tg,62.0,70.2659157268604
*Oc1ccc(cc1)N=Nc1c(cc(c(c1C)[N+](=O)[O-])Cc1c(c(c(c(c1)C)N=Nc1ccc(cc1)OC(=O)c1ccc(cc1)C(=O)*)C)[N+](=O)[O-])C,tg,203.0,187.9699611395097
*Oc1ccc(cc1)N=Nc1cc(c(cc1)Cc1c(cc(cc1)N=Nc1ccc(cc1)OC(=O)c1ccc(cc1)C(=O)*)[N+](=O)[O-])[N+](=O)[O-],tg,198.0,173.56581602356
*Oc1ccc(cc1)N=Nc1cc(c(cc1)Cc1c(cc(cc1)N=Nc1ccc(cc1)OC(=O)c1ccc(cc1)N=Nc1ccc(cc1)C(=O)*)[N+](=O)[O-])[N+](=O)[O-],tg,160.0,195.63509905646802
*Oc1ccc(cc1)N=Nc1cc(c(cc1)S(=O)(=O)c1c(cc(cc1)N=Nc1ccc(cc1)OC(=O)c1ccc(cc1)N=Nc1ccc(cc1)C(=O)*)[N+](=O)[O-])[N+](=O)[O-],tg,150.0,187.45182576626698
*Oc1ccc(cc1)N=Nc1ccc(cc1)Oc1ccc(cc1)C(c1ccc(cc1)*)(C)C,tg,175.0,147.28280165873568
*Oc1ccc(cc1)NC(=C(C#N)C#N)c1cc(ccc1)C(=C(C#N)C#N)Nc1ccc(cc1)Oc1ccc(cc1)NC(=O)c1ccc(cc1)C(=O)Nc1ccc(cc1)*,tg,274.0,251.25650914096622
*Oc1ccc(cc1)NC(=C(C#N)C#N)c1ccc(cc1)C(=C(C#N)C#N)Nc1ccc(cc1)*,tg,274.0,220.27490612307574
*Oc1ccc(cc1)NC(=C(C#N)C#N)c1ccc(cc1)c1ccc(cc1)C(=C(C#N)C#N)Nc1ccc(cc1)*,tg,220.0,273.30652006797385
*Oc1ccc(cc1)NC(=C(C#N)C#N)c1ccc(cc1)c1ccc(cc1)c1ccc(cc1)C(=C(C#N)C#N)Nc1ccc(cc1)*,tg,240.0,260.19828970781015
*Oc1ccc(cc1)NC(=O)/C=C/c1ccc(cc1)/C=C/C(=O)Nc1ccc(cc1)*,tg,205.0,172.8341936005576
*Oc1ccc(cc1)NC(=O)C=CC(=O)NNC(=O)C=CC(=O)Nc1ccc(cc1)OC(=O)C=CC(=O)NNC(=O)C=CC(=O)*,tg,265.0,206.283319196746
*Oc1ccc(cc1)NC(=O)C=CC(=O)NNC(=O)C=CC(=O)Nc1ccc(cc1)OC(=O)c1c(cccc1)C(=O)NNC(=O)c1c(cccc1)C(=O)*,tg,240.0,216.26707150216077
*Oc1ccc(cc1)NC(=O)CCCC(=O)Nc1ccc(cc1)OCC(COc1ccc(cc1)C(c1ccc(cc1)OCC(C*)O)(C)C)O,tg,105.0,116.41924382142174
*Oc1ccc(cc1)NC(=O)CCCCC(=O)Nc1ccc(cc1)OCC(COc1ccc(cc1)C(c1ccc(cc1)OCC(C*)O)(C)C)O,tg,112.0,104.61569323526736
*Oc1ccc(cc1)NC(=O)CCCCCC(=O)Nc1ccc(cc1)*,tg,180.0,156.56316266581342
*Oc1ccc(cc1)NC(=O)CCCCCCCC(=O)Nc1ccc(cc1)*,tg,160.0,154.82127802006283
*Oc1ccc(cc1)NC(=O)CCCCCCCCCCC(=O)Nc1ccc(cc1)*,tg,150.0,148.78286212088605
*Oc1ccc(cc1)NC(=O)NC1CC(CC(C1)(CNC(=O)Nc1ccc(cc1)*)C)(C)C,tg,274.0,157.35677532000165
*Oc1ccc(cc1)NC(=O)Nc1c(ccc(c1)NC(=O)Nc1ccc(cc1)*)C,tg,269.0,167.14032508085768
*Oc1ccc(cc1)NC(=O)Nc1c(cccc1)CCc1c(cccc1)NC(=O)Nc1ccc(cc1)*,tg,232.0,202.38605405675764
*Oc1ccc(cc1)NC(=O)Nc1c(cccc1)CCc1ccc(cc1)NC(=O)Nc1ccc(cc1)*,tg,200.0,227.52978583930937
*Oc1ccc(cc1)NC(=O)c1c(cc(c(c1)C(=O)Nc1ccc(cc1)*)C(=O)OCC)C(=O)OCC,tg,208.05,217.1491025858267
*Oc1ccc(cc1)NC(=O)c1c(ccc(c1)C(c1cc(c(cc1)C(=O)O)C(=O)Nc1ccc(cc1)Oc1ccc(cc1)C(c1ccc(cc1)*)(C(F)(F)F)C(F)(F)F)(C(F)(F)F)C(F)(F)F)C(=O)O,tg,260.0,213.78975802472922
*Oc1ccc(cc1)NC(=O)c1c(ccc(c1)c1cc(c(cc1)C(=O)O)C(=O)Nc1ccc(cc1)*)C(=O)O,tg,184.4,216.32580709284906
*Oc1ccc(cc1)NC(=O)c1c(ccc(c1)c1cc(c(cc1)C(=O)OCC)C(=O)Nc1ccc(cc1)*)C(=O)OCC,tg,190.15,193.62800316319755
*Oc1ccc(cc1)NC(=O)c1c(cccc1)OCC(COc1ccc(cc1)C(c1ccc(cc1)OCC(C*)O)(C)C)O,tg,121.0,144.85644319560606
*Oc1ccc(cc1)NC(=O)c1c2c(c(cc1)C(=O)Nc1ccc(cc1)Oc1ccc(cc1)C1(C3CC4CC(CC1C4)C3)c1ccc(cc1)*)cccc2,tg,269.0,257.4997022015607
*Oc1ccc(cc1)NC(=O)c1cc(cc(c1)C(C(C(C(F)(F)F)(F)F)(F)F)(F)F)C(=O)Nc1ccc(cc1)*,tg,257.0,216.24703735747858
*Oc1ccc(cc1)NC(=O)c1cc(cc(c1)C(C)(C)C)C(=O)Nc1ccc(cc1)*,tg,268.0,228.64818355509715
*Oc1ccc(cc1)NC(=O)c1cc(cc(c1)C(C)(C)C)C(=O)Nc1ccc(cc1)Oc1ccc(cc1)C(c1ccc(cc1)*)(C(F)(F)F)C(F)(F)F,tg,254.25,243.64100416974674
*Oc1ccc(cc1)NC(=O)c1cc(cc(c1)C(C)(C)C)C(=O)Nc1ccc(cc1)Oc1ccc(cc1)C(c1ccc(cc1)*)(C)C,tg,215.33,232.57021505148572
*Oc1ccc(cc1)NC(=O)c1cc(cc(c1)C(C)(C)C)C(=O)Nc1ccc(cc1)Oc1ccc(cc1)C1(C2CCC(C1)C2)c1ccc(cc1)*,tg,272.0,277.4007212645839
*Oc1ccc(cc1)NC(=O)c1cc(cc(c1)NC(=O)C12CC3CC(CC(C1)C3)C2)C(=O)Nc1ccc(cc1)*,tg,335.0,337.94651268022994
*Oc1ccc(cc1)NC(=O)c1cc(cc(c1)NC(=O)CCN1C(=O)c2c(C1=O)cccc2)C(=O)Nc1ccc(cc1)*,tg,240.0,234.27148567949266
*Oc1ccc(cc1)NC(=O)c1cc(cc(c1)NC(=O)c1ccc(cc1)OC(=O)C)C(=O)Nc1ccc(cc1)Oc1ccc(cc1)C(c1ccc(cc1)*)(C)C,tg,243.0,243.0443601661237
*Oc1ccc(cc1)NC(=O)c1cc(cc(c1)NC(=O)c1ccc(cc1)OC(=O)C)C(=O)Nc1ccc(cc1)Oc1ccc(cc1)c1ccc(cc1)*,tg,252.0,262.89410228758857
*Oc1ccc(cc1)NC(=O)c1cc(cc(c1)NC(=O)c1ccccc1)C(=O)Nc1ccc(cc1)*,tg,294.5,286.51598227110867
*Oc1ccc(cc1)NC(=O)c1cc(cc(c1)[N+](=O)[O-])C(=O)Nc1ccc(cc1)Oc1ccc(cc1)C(c1ccc(cc1)*)(C(F)(F)F)C(F)(F)F,tg,232.0,253.29190168476921
*Oc1ccc(cc1)NC(=O)c1cc(ccc1)C(=O)Nc1ccc(cc1)*,tg,205.39,256.56459583922157
*Oc1ccc(cc1)NC(=O)c1cc(ccc1)C(=O)Nc1ccc(cc1)Oc1ccc(cc1)C(c1ccc(cc1)*)(C(F)(F)F)C(F)(F)F,tg,226.25,234.24476950264693
*Oc1ccc(cc1)NC(=O)c1cc(ccc1)C(=O)Nc1ccc(cc1)Oc1ccc(cc1)C1(C2CC3CC(CC1C3)C2)c1ccc(cc1)*,tg,257.33,259.5797398643719
*Oc1ccc(cc1)NC(=O)c1cc(ccc1)C(=O)Nc1ccc(cc1)Oc1ccc(cc1)C1(C2CCC(C1)C2)c1ccc(cc1)*,tg,256.0,269.56337565268507
*Oc1ccc(cc1)NC(=O)c1cc2c(cc1)cc(cc2)C(=O)Nc1ccc(cc1)Oc1ccc(cc1)C1(C2CC3CC(CC1C3)C2)c1ccc(cc1)*,tg,266.0,275.0972785171264
*Oc1ccc(cc1)NC(=O)c1ccc(cc1)*,tg,225.0,249.50159428640185
*Oc1ccc(cc1)NC(=O)c1ccc(cc1)C(=O)Nc1ccc(cc1)*,tg,184.75,245.8408306049315
*Oc1ccc(cc1)NC(=O)c1ccc(cc1)C(=O)Nc1ccc(cc1)Oc1ccc(cc1)C(=O)c1ccc(cc1)*,tg,160.0,213.31515241193662
*Oc1ccc(cc1)NC(=O)c1ccc(cc1)C(=O)Nc1ccc(cc1)Oc1ccc(cc1)C1(C2CC3CC(CC1C3)C2)c1ccc(cc1)*,tg,264.0,252.96537827614185
*Oc1ccc(cc1)NC(=O)c1ccc(cc1)Oc1ccc(cc1)C(=O)Nc1ccc(cc1)*,tg,274.0,235.68644644741028
*Oc1ccc(cc1)NC(=O)c1ccc(cc1)Oc1ccc(cc1)C(=O)Nc1ccc(cc1)Oc1ccc(cc1)C1(C2CC3CC(CC1C3)C2)c1ccc(cc1)*,tg,230.0,262.4042456585937
*Oc1ccc(cc1)NC(=O)c1ccc(cc1)Oc1ccc(cc1)C(c1cc(ccc1)C(c1ccc(cc1)Oc1ccc(cc1)C(=O)Nc1ccc(cc1)*)(C)C)(C)C,tg,155.0,182.02891683661758
*Oc1ccc(cc1)NC(=O)c1ccc(cc1)Oc1ccc(cc1)C(c1cc(ccc1)C(c1ccc(cc1)Oc1ccc(cc1)C(=O)Nc1ccc(cc1)Oc1ccc(cc1)C(c1ccc(cc1)*)(C(F)(F)F)C(F)(F)F)(C)C)(C)C,tg,154.0,174.53444635775946
*Oc1ccc(cc1)NC(=O)c1ccc(cc1)Oc1ccc(cc1)C(c1ccc(cc1)C(c1ccc(cc1)Oc1ccc(cc1)C(=O)Nc1ccc(cc1)*)(C)C)(C)C,tg,174.0,167.87147375696617
*Oc1ccc(cc1)NC(=O)c1ccc(cc1)Oc1ccc(cc1)C(c1ccc(cc1)C(c1ccc(cc1)Oc1ccc(cc1)C(=O)Nc1ccc(cc1)Oc1ccc(cc1)C(c1ccc(cc1)*)(C(F)(F)F)C(F)(F)F)(C)C)(C)C,tg,169.0,175.58243150163352
*Oc1ccc(cc1)NC(=O)c1ccc(cc1)P(=O)(c1ccc(cc1)C(=O)Nc1ccc(cc1)Oc1ccc(cc1)P(=O)(c1ccc(cc1)*)c1ccccc1)c1ccccc1,tg,225.0,236.4885687688797
*Oc1ccc(cc1)NC(=O)c1ccc(cc1)[Si](c1ccc(cc1)C(=O)*)(C)C,tg,220.0,251.44316460270343
*Oc1ccc(cc1)NC(=O)c1ccc(cc1)c1ccc(cc1)C(=O)Nc1ccc(cc1)Oc1ccc(cc1)C1(C2CCC(C1)C2)c1ccc(cc1)*,tg,296.0,259.7369138305586
*Oc1ccc(cc1)N[Se]Nc1ccc(cc1)*,tg,55.0,109.48592770386506
*Oc1ccc(cc1)Nc1ccc(cc1)N=Nc1ccc(cc1)Nc1ccc(cc1)*,tg,169.0,178.1041646324352
*Oc1ccc(cc1)OC(=O)/C=C/c1ccc(cc1)/C=C/C(=O)*,tg,210.0,195.03529055081356
*Oc1ccc(cc1)OC(=O)CCCCC(=O)*,tg,90.0,70.46465342933823
*Oc1ccc(cc1)OC(=O)CCCCCCCCC(=O)*,tg,52.8,48.80430651939913
*Oc1ccc(cc1)OC(=O)Oc1ccc(cc1)C(=O)*,tg,74.0,132.24092526018302
*Oc1ccc(cc1)OC(=O)Oc1ccc(cc1)C(c1ccc(cc1)OC(=O)*)(C)C,tg,97.0,119.14771268921831
*Oc1ccc(cc1)OC(=O)c1c(cc(c(c1)OCCCCCCCCCOCC1N(CCC1)c1ccc(cc1)[N+](=O)[O-])C(=O)*)OCCCCCCCCCOCC1N(CCC1)c1ccc(cc1)[N+](=O)[O-],tg,34.0,49.60285659025423
*Oc1ccc(cc1)OC(=O)c1c(cc(c(c1)OCCCCCCCCOCC1N(CCC1)c1ccc(cc1)[N+](=O)[O-])C(=O)*)OCCCCCCCCOCC1N(CCC1)c1ccc(cc1)[N+](=O)[O-],tg,41.0,47.80722926890257
*Oc1ccc(cc1)OC(=O)c1c(cc(c(c1)OCCCCCCOCC1N(CCC1)c1ccc(cc1)[N+](=O)[O-])C(=O)*)OCCCCCCOCC1N(CCC1)c1ccc(cc1)[N+](=O)[O-],tg,56.0,48.969216123964365
*Oc1ccc(cc1)OC(=O)c1c(cc(c(c1)OCCCCCOCC1N(CCC1)c1ccc(cc1)[N+](=O)[O-])C(=O)*)OCCCCCOCC1N(CCC1)c1ccc(cc1)[N+](=O)[O-],tg,63.0,58.84627671610189
*Oc1ccc(cc1)OC(=O)c1c(cc(cc1)C(=O)*)Oc1cc2c(cc1)cccc2,tg,102.0,121.92272646012731
*Oc1ccc(cc1)OC(=O)c1c(cc(cc1)C(=O)*)Oc1ccc(cc1)Br,tg,112.5,103.73110634053336
*Oc1ccc(cc1)OC(=O)c1c(cc(cc1)C(=O)*)Oc1ccc(cc1)C1CCCCC1,tg,113.0,117.6102421253743
*Oc1ccc(cc1)OC(=O)c1c(cc(cc1)C(=O)*)Oc1ccc(cc1)Cl,tg,107.0,107.34802577087368
*Oc1ccc(cc1)OC(=O)c1c(cc(cc1)C(=O)*)Oc1ccc(cc1)F,tg,106.0,107.8831620595646
*Oc1ccc(cc1)OC(=O)c1c(cc(cc1)C(=O)*)Oc1ccc(cc1)Oc1ccccc1,tg,83.0,105.93753003794626
*Oc1ccc(cc1)OC(=O)c1c(cc(cc1)C(=O)*)Oc1ccc(cc1)c1ccccc1,tg,112.5,96.15862029764514
*Oc1ccc(cc1)OC(=O)c1c(cc(cc1)C(=O)*)Sc1ccc(cc1)Cl,tg,140.0,127.82285261585727
*Oc1ccc(cc1)OC(=O)c1c(cc(cc1)C(=O)Oc1ccc(cc1)OCCCC*)C(=O)OCC=C,tg,56.0,81.31711978314779
*Oc1ccc(cc1)OC(=O)c1c(cc(cc1)c1ccc(cc1)C(=O)*)c1ccccc1,tg,140.0,147.33259090064473
*Oc1ccc(cc1)OC(=O)c1cc(cc(c1)OCCCCCCCCCCC(C(C(C(C(C(C(C(C(C(F)(F)F)(F)F)(F)F)(F)F)(F)F)(F)F)(F)F)(F)F)(F)F)(F)F)C(=O)*,tg,137.0,96.48661200801317
*Oc1ccc(cc1)OC(=O)c1ccc(cc1)C(=O)*,tg,267.0,166.32832377669982
*Oc1ccc(cc1)OC(=O)c1ccc(cc1)C(=O)Oc1ccc(cc1)OCCCCCC*,tg,53.0,87.76110004733013
*Oc1ccc(cc1)OC(=O)c1ccc(cc1)C(c1ccc(cc1)C(=O)*)(C)C,tg,195.0,182.00289787174782
*Oc1ccc(cc1)OC(=O)c1ccc(cc1)OCC(COC(=O)CCCCC(=O)OCC(C*)O)O,tg,37.0,47.789819112158256
*Oc1ccc(cc1)OC(=O)c1ccc(cc1)OCCOCCOCCOc1ccc(cc1)C(=O)Oc1ccc(cc1)OCCCCCCCCCC*,tg,64.0,25.04888447496959
*Oc1ccc(cc1)OCC(=O)NCCCCCCNC(=O)C*,tg,67.0,69.129900294387
*Oc1ccc(cc1)OCC(C*)O,tg,54.5,62.6580438616958
*Oc1ccc(cc1)OCC(C*)OC(=O)C,tg,54.5,61.086367509250856
*Oc1ccc(cc1)OCC(CN(S(=O)(=O)c1ccc(cc1)c1ccc(cc1)S(=O)(=O)N(CC(C*)O)C)C)O,tg,84.0,69.8142992752482
*Oc1ccc(cc1)OCC(COC(=O)CCCCC(=O)OCC(C*)O)O,tg,19.0,14.674395472573622
*Oc1ccc(cc1)OCC(COC(=O)CCCCCCCCCCC(=O)OCC(C*)O)O,tg,10.0,7.633968021603632
*Oc1ccc(cc1)OCCOC(=O)Nc1ccc(cc1)Cc1ccc(cc1)NC(=O)OCC*,tg,98.0,94.12575965835892
*Oc1ccc(cc1)OCc1ccc(cc1)COc1ccc(cc1)OCCCCCCCCCCCC*,tg,24.0,20.778924348942347
*Oc1ccc(cc1)Oc1c(cc(cc1)C(=O)c1cc(c(cc1)*)S(=O)(=O)O)S(=O)(=O)O,tg,220.0,218.19959625932333
*Oc1ccc(cc1)Oc1cc(c(cc1)C(=O)c1ccccc1)c1c(ccc(c1)*)C(=O)c1ccccc1,tg,156.0,162.13990456766825
*Oc1ccc(cc1)Oc1cc(ccc1)C(=O)Oc1ccc(cc1)OC(=O)c1cc(ccc1)*,tg,119.0,126.12434697340666
*Oc1ccc(cc1)Oc1cc(ccc1)Oc1ccc(cc1)c1ccc(cc1)Oc1cc(ccc1)Oc1ccc(cc1)Oc1c(cc(cc1)C(=O)c1cc(c(cc1)*)S(=O)(=O)O[Na])S(=O)(=O)O[Na],tg,304.0,233.9540710745896
*Oc1ccc(cc1)Oc1ccc(cc1)C(=O)Nc1ccc(cc1)Cc1ccc(cc1)NC(=O)c1ccc(cc1)*,tg,216.0,208.99308684678735
*Oc1ccc(cc1)Oc1ccc(cc1)C(=O)Nc1ccc(cc1)Oc1ccc(cc1)S(=O)(=O)c1ccc(cc1)Oc1ccc(cc1)NC(=O)c1ccc(cc1)*,tg,220.0,235.7933004475128
*Oc1ccc(cc1)Oc1ccc(cc1)C(=O)c1c(c(c(c(c1c1ccc(cc1)F)c1ccc(cc1)F)c1ccc(cc1)F)c1ccc(cc1)F)C(=O)c1ccc(cc1)*,tg,266.0,256.19939054401
*Oc1ccc(cc1)Oc1ccc(cc1)C(=O)c1c(cccc1)c1c(cccc1)C(=O)c1ccc(cc1)*,tg,175.0,175.70273910560397
*Oc1ccc(cc1)Oc1ccc(cc1)C(=O)c1c2c(ccc1)cccc2C(=O)c1ccc(cc1)*,tg,202.0,204.90230436138737
*Oc1ccc(cc1)Oc1ccc(cc1)C(=O)c1cc(ccc1)NC(=O)c1cc(ccc1)C(=O)Nc1cc(ccc1)C(=O)c1ccc(cc1)*,tg,202.0,197.2758336940636
*Oc1ccc(cc1)Oc1ccc(cc1)C(=O)c1cc(ccc1)NC(=O)c1ccc(cc1)C(=O)Nc1cc(ccc1)C(=O)c1ccc(cc1)*,tg,210.0,181.20294239997273
*Oc1ccc(cc1)Oc1ccc(cc1)C(=O)c1ccc(cc1)*,tg,150.4,162.4179069524042
*Oc1ccc(cc1)Oc1ccc(cc1)C(=O)c1ccc(cc1)NC(=O)c1cc(ccc1)C(=O)Nc1ccc(cc1)C(=O)c1ccc(cc1)*,tg,198.0,197.20725535866302
*Oc1ccc(cc1)Oc1ccc(cc1)C(=O)c1ccc(cc1)NC(=O)c1ccc(cc1)C(=O)Nc1ccc(cc1)C(=O)c1ccc(cc1)*,tg,224.0,195.8468394311329
*Oc1ccc(cc1)Oc1ccc(cc1)C=NCCCCN=Cc1ccc(cc1)*,tg,105.0,86.88475812984557
*Oc1ccc(cc1)Oc1ccc(cc1)C=NCCN=Cc1ccc(cc1)*,tg,101.0,115.78550761010159
*Oc1ccc(cc1)Oc1ccc(cc1)C=Nc1ccc(cc1)Oc1ccc(cc1)N=Cc1ccc(cc1)*,tg,120.0,159.14741998361617
*Oc1ccc(cc1)Oc1ccc(cc1)NC(=O)c1c(cc(cc1)c1cc(c(cc1)C(=O)Nc1ccc(cc1)*)C)C,tg,219.0,240.13991831418048
*Oc1ccc(cc1)Oc1ccc(cc1)NC(=O)c1cc(cc(c1)C(C)(C)C)C(=O)Nc1ccc(cc1)*,tg,195.5,253.5244276100799
*Oc1ccc(cc1)Oc1ccc(cc1)NC(=O)c1cc(cc(c1)NC(=O)c1ccc(cc1)OC(=O)C)C(=O)Nc1ccc(cc1)*,tg,251.0,254.2061126041603
*Oc1ccc(cc1)Oc1ccc(cc1)NC(=O)c1ccc(cc1)Oc1c(cc(cc1)Oc1ccc(cc1)C(=O)Nc1ccc(cc1)*)C,tg,200.0,214.37101343642814
*Oc1ccc(cc1)Oc1ccc(cc1)NC(=O)c1ccc(cc1)Oc1c(cc(cc1)Oc1ccc(cc1)C(=O)Nc1ccc(cc1)*)c1ccccc1,tg,209.0,212.45780828460903
*Oc1ccc(cc1)Oc1ccc(cc1)NC(=O)c1ccc(cc1)Oc1ccc(cc1)C(c1cc(ccc1)C(c1ccc(cc1)Oc1ccc(cc1)C(=O)Nc1ccc(cc1)*)(C)C)(C)C,tg,147.0,175.79635965976092
*Oc1ccc(cc1)Oc1ccc(cc1)NC(=O)c1ccc(cc1)Oc1ccc(cc1)Oc1ccc(cc1)C(=O)Nc1ccc(cc1)*,tg,236.0,219.5187650121163
*Oc1ccc(cc1)Oc1ccc(cc1)Nc1ccc(cc1)S(=O)(=O)c1ccc(cc1)Nc1ccc(cc1)*,tg,144.6,215.51196441496649
*Oc1ccc(cc1)Oc1ccc(cc1)OC(=O)*,tg,118.0,126.73761988196998
*Oc1ccc(cc1)Oc1ccc(cc1)OC(=O)c1c(cccc1)c1c(cccc1)C(=O)*,tg,147.0,153.28911405571768
*Oc1ccc(cc1)Oc1ccc(cc1)OC(=O)c1cc(ccc1)C(=O)*,tg,164.5,146.55653599111363
*Oc1ccc(cc1)Oc1ccc(cc1)OCC(COc1ccc(cc1)C(c1ccc(cc1)OCC(C*)O)(C)C)O,tg,85.0,100.30542263822656
*Oc1ccc(cc1)Oc1ccc(cc1)OCCCCCCOC(=O)OCCCCCCCCCOC(=O)OCCCCCC*,tg,-20.0,-7.844793587645107
*Oc1ccc(cc1)Oc1ccc(cc1)OCCCCCCOC(=O)OCCCCCOC(=O)OCCCCCC*,tg,-11.0,-13.064323760742683
*Oc1ccc(cc1)Oc1ccc(cc1)OCCCCCCOC(=O)OCCCCOC(=O)OCCCCCC*,tg,-8.0,-13.638619173475753
*Oc1ccc(cc1)Oc1ccc(cc1)OCCCCCCOC(=O)OCCCOC(=O)OCCCCCC*,tg,-6.0,-3.5398125726059586
*Oc1ccc(cc1)Oc1ccc(cc1)OCCCCCCOC(=O)OCCOC(=O)OCCCCCC*,tg,-4.0,0.14717042161255622
*Oc1ccc(cc1)Oc1ccc(cc1)Oc1c(cc(cc1)S(=O)(=O)c1cc(c(cc1)Oc1ccc(cc1)Oc1ccc(cc1)Oc1ccc(cc1)c1ccc(cc1)*)S(=O)(=O)O[Na])S(=O)(=O)O[Na],tg,302.0,314.0645408548528
*Oc1ccc(cc1)Oc1ccc(cc1)Oc1cc(ccc1)C(=O)Oc1ccc(cc1)OC(=O)c1cc(ccc1)*,tg,101.0,107.98657965886966
*Oc1ccc(cc1)Oc1ccc(cc1)Oc1cc(ccc1)C(=O)Oc1ccc(cc1)c1ccc(cc1)OC(=O)c1cc(ccc1)*,tg,119.0,124.59609364883738
*Oc1ccc(cc1)Oc1ccc(cc1)Oc1ccc(cc1)C(c1ccc(cc1)*)(C)C,tg,122.0,135.0599056760268
*Oc1ccc(cc1)Oc1ccc(cc1)Oc1ccc(cc1)NC(=O)c1c(cc(cc1)c1cc(c(cc1)C(=O)Nc1ccc(cc1)*)C)C,tg,200.0,219.03028278669422
*Oc1ccc(cc1)Oc1ccc(cc1)Oc1ccc(cc1)NC(=O)c1cc(cc(c1)C(C)(C)C)C(=O)Nc1ccc(cc1)*,tg,230.0,227.75628341410572
*Oc1ccc(cc1)Oc1ccc(cc1)Oc1ccc(cc1)S(=O)(=O)c1ccc(cc1)*,tg,184.33,191.42905456799818
*Oc1ccc(cc1)Oc1ccc(cc1)Oc1ccc(cc1)c1ccc(cc1)Oc1ccc(cc1)Oc1ccc(cc1)Oc1c(cc(cc1)C(=O)c1cc(c(cc1)*)S(=O)(=O)O[Na])S(=O)(=O)O[Na],tg,348.0,260.3878375671571
*Oc1ccc(cc1)Oc1ccc(cc1)P(=O)(c1ccc(cc1)*)C,tg,213.0,166.70961225363183
*Oc1ccc(cc1)Oc1ccc(cc1)S(=O)(=O)c1ccc(cc1)*,tg,206.67,189.00769329681415
*Oc1ccc(cc1)Oc1ccc(cc1)S(=O)(=O)c1ccc(cc1)c1ccc(cc1)S(=O)(=O)c1ccc(cc1)*,tg,251.0,244.49257808505922
*Oc1ccc(cc1)Oc1ccc(cc1)S(=O)(=O)c1ccc(cc1)c1ccc(cc1)c1ccc(cc1)S(=O)(=O)c1ccc(cc1)*,tg,259.0,250.39415987309138
*Oc1ccc(cc1)P(=O)(c1ccc(cc1)Oc1ccc(cc1)C(c1ccc(cc1)*)(C(F)(F)F)C(F)(F)F)c1ccccc1,tg,210.5,189.30001344591682
*Oc1ccc(cc1)P(=O)(c1ccc(cc1)Oc1ccc(cc1)c1ccc(cc1)*)c1ccccc1,tg,229.17,238.4431730047359
*Oc1ccc(cc1)S(=O)(=O)c1c2c(ccc1)c(ccc2)S(=O)(=O)c1ccc(cc1)Oc1c(cc(cc1C)c1cc(c(c(c1)C)*)C)C,tg,262.0,269.33533642202474
*Oc1ccc(cc1)S(=O)(=O)c1c2c(ccc1)c(ccc2)S(=O)(=O)c1ccc(cc1)Oc1ccc(cc1)c1ccc(cc1)*,tg,248.0,238.47436434974674
*Oc1ccc(cc1)S(=O)(=O)c1cc2c(cc1)cc(cc2)S(=O)(=O)c1ccc(cc1)Oc1c(cc(c(c1C)C)c1c(c(c(c(c1)C)*)C)C)C,tg,300.0,272.33259738552647
*Oc1ccc(cc1)S(=O)(=O)c1cc2c(cc1)cc(cc2)S(=O)(=O)c1ccc(cc1)Oc1c(cc(cc1C)c1cc(c(c(c1)C)*)C)C,tg,280.0,297.15534239888626
*Oc1ccc(cc1)S(=O)(=O)c1cc2c(cc1)ccc(c2)S(=O)(=O)c1ccc(cc1)*,tg,250.0,226.27818778745404
*Oc1ccc(cc1)S(=O)(=O)c1ccc(cc1)OC(=O)OC1C(C(C1(C)C)OC(=O)*)(C)C,tg,162.0,175.28799597590907
*Oc1ccc(cc1)S(=O)(=O)c1ccc(cc1)OC(=O)c1cc(cc(c1)CCCCC)C(=O)*,tg,170.0,142.50663959903616
*Oc1ccc(cc1)S(=O)(=O)c1ccc(cc1)OC(=O)c1cc(cc(c1)NC(=O)c1ccc(cc1)NC(=O)C(N1C(=O)c2c(C1=O)cccc2)C)C(=O)*,tg,200.0,213.9032622462767
*Oc1ccc(cc1)S(=O)(=O)c1ccc(cc1)OC1(C(C(C1(F)F)(F)F)(*)F)F,tg,159.47,154.86118994210534
*Oc1ccc(cc1)S(=O)(=O)c1ccc(cc1)OCC(C*)OC(=O)C,tg,130.0,107.71416665292257
*Oc1ccc(cc1)S(=O)(=O)c1ccc(cc1)OCC(COc1ccc(cc1)C(c1ccc(cc1)OCC(C*)O)(C)C)O,tg,130.33,116.96416000098665
*Oc1ccc(cc1)S(=O)(=O)c1ccc(cc1)Oc1c(cc(c(c1)C)C(c1c(cc(c(c1)C(C)C)*)C)c1c(cccc1)C(=O)O)C(C)C,tg,240.0,195.79767586175956
*Oc1ccc(cc1)S(=O)(=O)c1ccc(cc1)Oc1c(cc(cc1)C(c1cc(c(cc1)*)C(OC)(C(F)(F)F)C(F)(F)F)(C)C)C(OC)(C(F)(F)F)C(F)(F)F,tg,163.0,147.10152316188635
*Oc1ccc(cc1)S(=O)(=O)c1ccc(cc1)Oc1c(cc(cc1)C(c1cc(c(cc1)*)C)(C)C)C,tg,178.67,209.1962439766463
*Oc1ccc(cc1)S(=O)(=O)c1ccc(cc1)Oc1c(cc(cc1)C(c1cc(c(cc1)*)N)(C)C)N,tg,230.4,228.73131161631088
*Oc1ccc(cc1)S(=O)(=O)c1ccc(cc1)Oc1c(cc(cc1)c1ccc(cc1)c1cc(c(cc1)*)C(F)(F)F)C(F)(F)F,tg,214.0,232.78598912773262
*Oc1ccc(cc1)S(=O)(=O)c1ccc(cc1)Oc1c(cc(cc1C)C(c1cc(c(c(c1)C)*)C)(C)C)C,tg,233.29,232.67633287516702
*Oc1ccc(cc1)S(=O)(=O)c1ccc(cc1)Oc1c(cc(cc1C)Cc1cc(c(c(c1)C)*)C)C,tg,232.0,219.49683158899418
*Oc1ccc(cc1)S(=O)(=O)c1ccc(cc1)Oc1c(cc(cc1C)c1cc(c(c(c1)C)*)C)C,tg,268.07,263.2893742478837
*Oc1ccc(cc1)S(=O)(=O)c1ccc(cc1)Oc1ccc(cc1)C(=C)c1ccc(cc1)*,tg,167.0,200.19688525378865
*Oc1ccc(cc1)S(=O)(=O)c1ccc(cc1)Oc1ccc(cc1)C(=O)c1cc(cc(c1)Br)C(=O)c1ccc(cc1)*,tg,192.0,212.60335908496154
*Oc1ccc(cc1)S(=O)(=O)c1ccc(cc1)Oc1ccc(cc1)C(=O)c1cc(cc(c1)I)C(=O)c1ccc(cc1)*,tg,203.0,193.06642399670983
*Oc1ccc(cc1)S(=O)(=O)c1ccc(cc1)Oc1ccc(cc1)C(=O)c1ccc(cc1)*,tg,201.67,189.93565653669887
*Oc1ccc(cc1)S(=O)(=O)c1ccc(cc1)Oc1ccc(cc1)C(c1ccc(cc1)*)(C)C,tg,183.86,181.8647401392257
*Oc1ccc(cc1)S(=O)(=O)c1ccc(cc1)Oc1ccc(cc1)C(c1ccc(cc1)*)(c1ccc(cc1)O)C,tg,219.29,213.26585228237656
*Oc1ccc(cc1)S(=O)(=O)c1ccc(cc1)Oc1ccc(cc1)C(c1ccc(cc1)*)(c1ccccc1)C,tg,207.0,210.199734030312
*Oc1ccc(cc1)S(=O)(=O)c1ccc(cc1)Oc1ccc(cc1)C(c1ccc(cc1)*)(c1ccccc1)c1ccccc1,tg,230.0,226.27253795514696
*Oc1ccc(cc1)S(=O)(=O)c1ccc(cc1)Oc1ccc(cc1)C(c1ccc(cc1)*)c1c(cccc1)C(=O)O,tg,223.0,228.1973736539755
*Oc1ccc(cc1)S(=O)(=O)c1ccc(cc1)Oc1ccc(cc1)C(c1ccc(cc1)OCCCCOc1ccc(cc1)C(c1ccc(cc1)*)(C)C)(C)C,tg,140.0,119.32437979232857
*Oc1ccc(cc1)S(=O)(=O)c1ccc(cc1)Oc1ccc(cc1)C(c1ccc(cc1)Oc1ccc(cc1)C(=O)c1ccc(cc1)*)(C)C,tg,175.0,192.6269250100992
*Oc1ccc(cc1)S(=O)(=O)c1ccc(cc1)Oc1ccc(cc1)C1(C2CCC(C1)C2)c1ccc(cc1)*,tg,250.0,247.15927285005583
*Oc1ccc(cc1)S(=O)(=O)c1ccc(cc1)Oc1ccc(cc1)C1(CCCC1)c1ccc(cc1)Oc1ccc(cc1)S(=O)(=O)c1ccc(cc1)Oc1ccc(cc1)C=C1C(=O)C(=Cc2ccc(cc2)*)CC1,tg,240.0,203.31798375593024
*Oc1ccc(cc1)S(=O)(=O)c1ccc(cc1)Oc1ccc(cc1)C1(CCCCC1)c1ccc(cc1)*,tg,226.0,245.5073069411332
*Oc1ccc(cc1)S(=O)(=O)c1ccc(cc1)Oc1ccc(cc1)C1(CCCCC1)c1ccc(cc1)Oc1ccc(cc1)S(=O)(=O)c1ccc(cc1)Oc1ccc(cc1)C=C1C(=O)C(=Cc2ccc(cc2)*)CCC1,tg,190.0,215.1731064186036
*Oc1ccc(cc1)S(=O)(=O)c1ccc(cc1)Oc1ccc(cc1)C1(CCCCCC1)c1ccc(cc1)*,tg,247.0,222.06592901969282
*Oc1ccc(cc1)S(=O)(=O)c1ccc(cc1)Oc1ccc(cc1)C1(CCCCCC1)c1ccc(cc1)Oc1ccc(cc1)S(=O)(=O)c1ccc(cc1)Oc1ccc(cc1)C=C1C(=O)C(=Cc2ccc(cc2)*)CCCC1,tg,196.0,205.90522082559812
*Oc1ccc(cc1)S(=O)(=O)c1ccc(cc1)Oc1ccc(cc1)C12CC3(CC(CC(C1)C3)C2)c1ccc(cc1)*,tg,242.0,279.9513515232048
*Oc1ccc(cc1)S(=O)(=O)c1ccc(cc1)Oc1ccc(cc1)C1CC(CCC1)C(c1ccc(cc1)*)C,tg,230.0,215.1779008868302
*Oc1ccc(cc1)S(=O)(=O)c1ccc(cc1)Oc1ccc(cc1)C=C1C(=O)C(=Cc2ccc(cc2)*)CCCC1,tg,186.0,194.13517184503226
*Oc1ccc(cc1)S(=O)(=O)c1ccc(cc1)Oc1ccc(cc1)C=C1C(=O)C(=Cc2ccc(cc2)Oc2ccc(cc2)S(=O)(=O)c2ccc(cc2)Oc2ccc(cc2)C(c2ccc(cc2)*)(C)C)CCC1,tg,194.0,180.42045670791862
*Oc1ccc(cc1)S(=O)(=O)c1ccc(cc1)Oc1ccc(cc1)C=NN=Cc1ccc(cc1)*,tg,151.0,196.6881723078622
*Oc1ccc(cc1)S(=O)(=O)c1ccc(cc1)Oc1ccc(cc1)C=Nc1ccc(cc1)Oc1ccc(cc1)N=Cc1ccc(cc1)*,tg,162.0,204.44221817365997
*Oc1ccc(cc1)S(=O)(=O)c1ccc(cc1)Oc1ccc(cc1)NC(=O)c1cc(cc(c1)NC(=O)c1ccc(cc1)OC(=O)C)C(=O)Nc1ccc(cc1)*,tg,263.0,257.6362535029758
*Oc1ccc(cc1)S(=O)(=O)c1ccc(cc1)Oc1ccc(cc1)NC(=O)c1cc(ccc1)C(=O)Nc1ccc(cc1)*,tg,260.0,183.40333506626115
*Oc1ccc(cc1)S(=O)(=O)c1ccc(cc1)Oc1ccc(cc1)NC(=O)c1ccc(cc1)Oc1ccc(cc1)C(c1ccc(cc1)C(c1ccc(cc1)Oc1ccc(cc1)C(=O)Nc1ccc(cc1)*)(C)C)(C)C,tg,177.0,208.44478027157717
*Oc1ccc(cc1)S(=O)(=O)c1ccc(cc1)Oc1ccc(cc1)P(=O)(c1ccc(cc1)*)C,tg,233.0,220.91893799917116
*Oc1ccc(cc1)S(=O)(=O)c1ccc(cc1)Oc1ccc(cc1)S(=O)(=O)c1ccc(cc1)c1ccc(cc1)S(=O)(=O)c1ccc(cc1)*,tg,234.0,255.67237023215603
*Oc1ccc(cc1)S(=O)(=O)c1ccc(cc1)Oc1ccc(cc1)Sc1ccc(cc1)*,tg,175.0,184.02164360839893
*Oc1ccc(cc1)S(=O)(=O)c1ccc(cc1)Oc1ccc(cc1)c1ccc(cc1)*,tg,217.39,239.68423975131196
*Oc1ccc(cc1)S(=O)(=O)c1ccc(cc1)Oc1ccc(cc1)c1ccc(cc1)c1ccc(cc1)*,tg,251.0,237.3071899795443
*Oc1ccc(cc1)S(=O)(=O)c1ccc(cc1)c1ccc(cc1)*,tg,265.5,223.61856656668485
*Oc1ccc(cc1)S(=O)(=O)c1ccc(cc1)c1ccc(cc1)c1ccc(cc1)S(=O)(=O)c1ccc(cc1)Oc1ccc(cc1)c1ccc(cc1)*,tg,264.0,249.78529243211085
*Oc1ccc(cc1)S(=O)c1ccc(cc1)Oc1ccc(cc1)C(c1ccc(cc1)*)(C)C,tg,165.0,155.16606007367352
*Oc1ccc(cc1)S(=O)c1ccc(cc1)Oc1ccc(cc1)C=NN=Cc1ccc(cc1)*,tg,151.0,164.24011719386428
*Oc1ccc(cc1)SC(=O)Oc1ccc(cc1)C(c1ccc(cc1)OC(=O)Sc1ccc(cc1)*)(C)C,tg,145.0,101.98153412584954
*Oc1ccc(cc1)Sc1ccc(cc1)OC(=O)*,tg,110.0,102.09568924448993
*Oc1ccc(cc1)Sc1ccc(cc1)OCC(CN(S(=O)(=O)c1cc(ccc1)S(=O)(=O)N(CC(C*)O)C)C)O,tg,90.0,80.41145244090988
*Oc1ccc(cc1)Sc1ccc(cc1)Sc1ccc(cc1)Sc1ccc(cc1)*,tg,84.0,122.84210786953153
*Oc1ccc(cc1)[Si](c1ccc(cc1)OC(=O)c1cc2Cc3c(c2cc1)ccc(c3)C(=O)*)(c1ccccc1)c1ccccc1,tg,72.1,123.51445454922161
*Oc1ccc(cc1)c1c(c(c(c(c1)c1ccccc1)c1ccc(cc1)OC(=O)c1c(cc(cc1)C(=O)*)c1ccccc1)c1ccccc1)c1ccccc1,tg,225.0,217.2266571769938
*Oc1ccc(cc1)c1cc(c(c(c1)c1ccccc1)c1ccc(cc1)NC(=O)c1ccc(cc1)C(=O)Nc1ccc(cc1)c1c(cc(cc1c1ccccc1)c1ccc(cc1)OCCCCCC*)c1ccccc1)c1ccccc1,tg,127.0,137.02071725945203
*Oc1ccc(cc1)c1cc(c(c(c1)c1ccccc1)c1ccc(cc1)NC(=O)c1ccc(cc1)C(=O)Nc1ccc(cc1)c1c(cc(cc1c1ccccc1)c1ccc(cc1)OCCCCCCCCCC*)c1ccccc1)c1ccccc1,tg,116.0,128.80237885018863
*Oc1ccc(cc1)c1ccc(cc1)C(=O)NCC*,tg,169.0,149.13367192880875
*Oc1ccc(cc1)c1ccc(cc1)CC(c1ccc(cc1)OCCCCCCCCCCCC*)C,tg,40.0,48.592616828672696
*Oc1ccc(cc1)c1ccc(cc1)OC(*)(Oc1ccccc1)Oc1ccccc1,tg,112.0,148.57802210169268
*Oc1ccc(cc1)c1ccc(cc1)OC(=O)/C=C/c1ccc(cc1)/C=C/C(=O)*,tg,243.0,210.1566733384825
*Oc1ccc(cc1)c1ccc(cc1)OC(=O)CCCCCCCCCCCCC(=O)*,tg,95.0,56.710599845289984
*Oc1ccc(cc1)c1ccc(cc1)OC(=O)Nc1cc(ccc1)P(=O)(c1cc(ccc1)NC(=O)*)c1ccccc1,tg,72.0,154.50574015218322
*Oc1ccc(cc1)c1ccc(cc1)OC(=O)c1c(cc(c(c1)OCCCCCC)C(=O)*)OCCCCCC,tg,113.0,89.38349447371695
*Oc1ccc(cc1)c1ccc(cc1)OC(=O)c1c(cc(cc1)C(=O)*)Sc1cc2c(cc1)cccc2,tg,141.0,188.8424529198177
*Oc1ccc(cc1)c1ccc(cc1)OC(=O)c1c(ccc(c1)N=Nc1ccc(cc1)OCC)c1c(cc(cc1)N=Nc1ccc(cc1)OCC)C(=O)*,tg,165.0,150.42976737094025
*Oc1ccc(cc1)c1ccc(cc1)OC(=O)c1cc(cc(c1)CCCCC)C(=O)*,tg,138.0,153.63129761855768
*Oc1ccc(cc1)c1ccc(cc1)OC(=O)c1cc(ccc1)C(=O)*,tg,185.5,184.6456815411244
*Oc1ccc(cc1)c1ccc(cc1)OCC(CN(S(=O)(=O)c1cc(ccc1)S(=O)(=O)N(CC(C*)O)C)C)O,tg,58.0,85.90817934463908
*Oc1ccc(cc1)c1ccc(cc1)OCCCCCCCCCCCOC(=O)Nc1c(cc(cc1)NC(=O)OCCCCCCCCCCC*)C,tg,77.0,81.62332880956063
*Oc1ccc(cc1)c1ccc(cc1)OCCCCCCCCCCCOC(=O)c1cc(cc(c1)OCCCCCCCCCCOc1ccc(cc1)N=Nc1ccc(cc1)OC)C(=O)OCCCCCCCCCCC*,tg,53.0,56.871343640952325
*Oc1ccc(cc1)c1ccc(cc1)OCCCCCCOC(=O)Nc1c(cc(cc1)NC(=O)OCCCCCC*)C,tg,85.4,75.67093696121881
*Oc1ccc(cc1)c1ccc(cc1)OCCCCCCOC(=O)Nc1c(ccc(c1)NC(=O)OCCCCCC*)C,tg,85.68,70.59072306863062
*Oc1ccc(cc1)c1ccc(cc1)OCCCCCCOC(=O)OCCCCCCOC(=O)OCCCCCC*,tg,14.95,9.718202302806235
*Oc1ccc(cc1)c1ccc(cc1)Oc1c(cc(cc1)C(=O)c1cc(c(cc1)*)S(=O)(=O)O)S(=O)(=O)O,tg,225.0,236.74825150650966
*Oc1ccc(cc1)c1ccc(cc1)Oc1c(cc(cc1)C(=O)c1ccc(cc1)C(=O)c1cc(c(cc1)*)C(F)(F)F)C(F)(F)F,tg,187.0,186.42487081655392
*Oc1ccc(cc1)c1ccc(cc1)Oc1c(cc(cc1)c1ccc(cc1)c1cc(c(cc1)*)C(F)(F)F)C(F)(F)F,tg,203.5,195.92368334860515
*Oc1ccc(cc1)c1ccc(cc1)Oc1ccc(cc1)C(=O)c1c(cccc1)c1c(cccc1)C(=O)c1ccc(cc1)*,tg,193.0,174.1452842788349
*Oc1ccc(cc1)c1ccc(cc1)Oc1ccc(cc1)C(=O)c1cc(ccc1)C(=O)c1ccc(cc1)*,tg,159.0,159.23115509742
*Oc1ccc(cc1)c1ccc(cc1)Oc1ccc(cc1)C(=O)c1cc2c(cc1)cc(cc2)C(=O)c1ccc(cc1)*,tg,195.0,201.7131052812564
*Oc1ccc(cc1)c1ccc(cc1)Oc1ccc(cc1)C(c1ccc(cc1)*)(C)C,tg,154.0,183.283247756106
*Oc1ccc(cc1)c1ccc(cc1)c1ccc(cc1)Oc1ccc(cc1)C(=O)c1cc(ccc1)C(=O)c1ccc(cc1)*,tg,174.0,163.1521290583073
*Oc1ccc(cc1)c1ccc(cc1)c1ccc(cc1)Oc1ccc(cc1)C(c1ccc(cc1)*)(C)C,tg,182.0,163.87161558245413
*Oc1ccc2c(c1)C(=O)N(Oc1ccc(C(N3C(=O)CC(*)C3=O)(C(F)(F)F)C(F)(F)F)cc1)C2=O,egc,3.5205,3.9586581843128976
*Oc1ccc2ccccc2c1N=Nc1ccc(C(*)=O)cc1,egc,2.8394,3.0662128362171694
*Oc1ccc2nc3oc4cc5oc6c7c(cn6ccc5on4cnc3c12)nc1c(*)ccccc17,egc,1.4158,2.8721691679515224
*Oc1cccc(*)c1,egc,4.9932,4.4946058289477655
*Oc1cccc(C(=O)Nc2ccc(S(=O)(=O)c3ccc(NC(=O)c4cccc(Oc5nc(*)nc(Sc6ccccc6)n5)c4)cc3)cc2)c1,egc,3.9202,3.775728919899324
*Oc1cccc(C(=O)OCC(F)(F)C(F)(F)C(F)(F)COC(=O)c2cccc(*)c2)c1,egc,4.5011,4.424394816862318
*Oc1cccc(NC(=O)c2ccc(*)cc2)c1,egc,4.3679,4.037401737620925
*Oc1cccc(OC(=O)c2ccc(Oc3ccc(C(*)=O)cc3)cc2)c1,egc,4.2359,3.6011854021632876
*Oc1cccc(OC(=O)c2cccc(C(*)=O)c2)c1,egc,4.1279,4.10957303217961
*Oc1cccc(Oc2ccc(S(=O)(=O)c3ccc(*)cc3)cc2)c1,egc,4.2737,4.399141523160196
*Oc1cccc(Oc2cccc(*)n2)c1,egc,4.536,4.071840819235586
*Oc1cccc2c(OC(=O)Oc3ccc(OC(*)=O)cc3C)cccc12,egc,4.1043,4.097337978441985
*Oc1cccc2c(OC(=O)Oc3cccc(OC(*)=O)c3)cccc12,egc,4.104,4.251233816674839
*Oc1ccccc1CNC(=O)Nc1ccc(Cc2ccc(NC(*)=O)cc2)cc1,egc,4.6144,4.250080514367755
*Oc6ccc(Oc5ccc(OC(=O)c4ccc(C3(c1ccc(C(*)=O)cc1)OC(=O)c2ccccc23)cc4)cc5)cc6,egc,3.6172,3.818194487697278
*P1(=N*)Oc2ccccc2c2ccccc2O1,tg,160.0,99.78265224858278
*P1(=NP(=NP(=N1)(Oc1ccc(cc1)C(=O)OCCC)Oc1ccc(cc1)C(=O)OCCC)(Oc1ccc(cc1)C(c1ccc(cc1)O*)(C)C)Oc1ccc(cc1)C(=O)OCCC)Oc1ccc(cc1)C(=O)OCCC,tg,26.0,95.86288823199465
*S(=O)(=NP(=NP(=N*)(NC)NC)(NC)NC)NC,tg,22.0,55.83349781524688
*S(=O)(=NP(=NP(=N*)(NCC)NCC)(NCC)NCC)NCC,tg,4.0,12.72804321885408
*S(=O)(=NP(=NP(=N*)(NCCCC)NCCCC)(NCCCC)NCCCC)NCCCC,tg,-17.0,3.1349905542386476
*S(=O)(=O)C(C(=CC*)C)C,tg,73.0,69.47509288552277
*S(=O)(=O)C(C*)CC,tg,32.73,43.95012635515965
*S(=O)(=O)C(C*)CC(C)C,tg,23.0,59.17199840560811
*S(=O)(=O)C(C=C(C*)C)C,tg,83.0,63.00998808099698
*S(=O)(=O)CC(=CC*)C,tg,88.2,81.1570878922313
*S(=O)(=O)CC=CC*,tg,86.0,59.57590680520484
*S(=O)(=O)NCCCCCCNC(=O)C(*)(F)F,tg,51.0,52.05210177644531
*S(=O)(=O)NCCCCCNS(=O)(=O)c1cc(ccc1)*,tg,74.0,60.090187601214254
*S(=O)(=O)NCCCCNS(=O)(=O)c1cc(ccc1)*,tg,82.0,72.59235673507771
*S(=O)(=O)NCCNS(=O)(=O)c1cc(ccc1)*,tg,107.0,88.90671429753614
*S(=O)(=O)c1c(cc(cc1C)C(c1cc(c(c(c1)C)*)C)(C)C)C,tg,229.0,186.85066550662106
*S(=O)(=O)c1cc(c(cc1)Sc1ccc(cc1)Sc1ccc(cc1)Sc1c(cc(cc1)*)S(=O)(=O)O)S(=O)(=O)O,tg,202.0,177.71378861389317
*S(=O)(=O)c1cc(ccc1)N/C=C\C(=O)c1cc(ccc1)C(=O)/C=C\Nc1cc(ccc1)*,tg,215.0,154.85199785439093
*S(=O)(=O)c1cc(ccc1)NC(=O)CCCCC(=O)Nc1cc(ccc1)*,tg,140.0,141.41437743327572
*S(=O)(=O)c1cc(ccc1)NC(=O)CCCCCCCCC(=O)Nc1cc(ccc1)*,tg,112.0,103.70119155249151
*S(=O)(=O)c1cc(ccc1)NC(=O)CCCCCCCCCCC(=O)Nc1cc(ccc1)*,tg,107.0,103.84906110823526
*S(=O)(=O)c1ccc(cc1)C(=O)Nc1c(cc(cc1)Br)c1ccc(cc1)NC(=O)c1ccc(cc1)*,tg,288.0,274.64203681941126
*S(=O)(=O)c1ccc(cc1)C(=O)c1ccc(cc1)C(=O)c1ccc(cc1)*,tg,213.5,199.10831479145543
*S(=O)(=O)c1ccc(cc1)N=CNc1ccc(cc1)*,tg,163.0,144.58566693411703
*S(=O)(=O)c1ccc(cc1)NC(=O)CCCCC(=O)Nc1ccc(cc1)*,tg,194.0,150.14913966089753
*S(=O)(=O)c1ccc(cc1)NC(=O)CCCCCC(=O)Nc1ccc(cc1)*,tg,163.0,135.87680222945926
*S(=O)(=O)c1ccc(cc1)NC(=O)CCCCCCCCC(=O)Nc1ccc(cc1)*,tg,97.0,161.4815336903148
*S(=O)(=O)c1ccc(cc1)NC(=O)CCCCCCCCCCC(=O)Nc1ccc(cc1)*,tg,160.0,110.80279011938087
*S(=O)(=O)c1ccc(cc1)NC(=O)c1cc(cc(c1)NC(=O)c1ccc(cc1)NC(=O)C(N1C(=O)c2c(C1=O)cccc2)C)C(=O)Nc1ccc(cc1)*,tg,208.0,218.21654179015422
*S(=O)(=O)c1ccc(cc1)NC(=O)c1cc(ccc1)C(=O)Nc1ccc(cc1)*,tg,78.0,278.785841585378
*S(=O)(=O)c1ccc(cc1)NC(=O)c1ccc(cc1)NC(=O)c1ccc(cc1)[Si](c1ccc(cc1)C(=O)Nc1ccc(cc1)C(=O)Nc1ccc(cc1)*)(C)C,tg,315.0,264.40922517246366
*S(=O)(=O)c1ccc(cc1)Nc1c(c(c(c(c1F)F)c1c(c(c(c(c1F)F)Nc1ccc(cc1)*)F)F)F)F,tg,332.0,170.97133105764067
*S(=O)(=O)c1ccc(cc1)Nc1c(cc(cc1)C1(c2ccccc2c2ccccc12)c1cc(c(cc1)Nc1ccc(cc1)*)C)C,tg,269.0,203.63969850606333
*S(=O)(=O)c1ccc(cc1)Nc1c(cc(cc1)C1(c2ccccc2c2ccccc12)c1cc(c(cc1)Nc1ccc(cc1)*)F)F,tg,145.0,252.80258595756567
*S(=O)(=O)c1ccc(cc1)Nc1cc(ccc1)Nc1ccc(cc1)*,tg,145.0,148.33674314477298
*S(=O)(=O)c1ccc(cc1)Nc1ccc(cc1)C(c1ccc(cc1)Nc1ccc(cc1)*)(C(F)(F)F)C(F)(F)F,tg,145.0,172.8467254159285
*S(=O)(=O)c1ccc(cc1)Nc1ccc(cc1)C1(c2ccccc2c2ccccc12)c1ccc(cc1)Nc1ccc(cc1)*,tg,221.0,234.6208837415247
*S(=O)c1ccc(cc1)Sc1cc(ccc1)Sc1ccc(cc1)*,tg,121.0,142.39803198672448
*S(=O)c1ccc(cc1)Sc1ccc(cc1)Sc1ccc(cc1)Sc1ccc(cc1)*,tg,133.0,127.8707061331934
*SC(=O)CCC(CC*)C,tg,-50.0,15.307432835226615
*SC(=O)CCCCC*,tg,19.0,-32.02895559834476
*SC(=O)N(CC*)Cc1ccccc1,tg,32.0,75.57177944357697
*SC(C(=O)*)C,tg,12.0,55.113591008953996
*SC(C*)(C)C,tg,-14.0,-0.9363640095370848
*SC(C*)C,tg,-45.29,-61.068405045987554
*SC(C*)CC,tg,-50.0,-33.058802039331944
*SC(C*)COCC=C,tg,-59.0,-23.811145231572898
*SC(C*)c1ccccc1,tg,-2.5,73.9915566067308
*SC(CC*)C,tg,-59.0,-54.35275173477024
*SC1C(CCCC1)*,tg,-45.0,56.59369869609304
*SC1CCCC(*)C1,egb,5.2199,5.35011810015603
*SC1CCCC(*)C1,egc,4.9242,5.138442143439392
*SCC(=O)NCCCCCCNC(=O)C*,tg,-7.0,32.10925582866811
*SCC(C*)(C)C,tg,-51.03,6.587743828408494
*SCC*,tg,-5.5,-33.80011929941153
*SCCC(=O)NCCCCCCNC(=O)CC*,tg,20.5,14.444469149770573
*SCCCCC(=O)NCc1ccc(cc1)CNC(=O)CCCC*,tg,70.0,63.066845507297934
*SCCCCCCCCCCC(=O)NCCc1ccc(cc1)CCNC(=O)CCCCCCCCCC*,tg,58.0,37.60304204477204
*SSCC*,tg,-27.0,-44.82934255045878
*SSCCCC*,tg,-55.0,-63.02967440384382
*SSCCCCCC*,tg,-74.0,-61.7376290422001
*SSCCCCCCCCCC*,tg,-65.0,-72.49376247341051
*SSCc1c(cccc1)C*,tg,39.0,36.30852918064003
*SSCc1ccc(cc1)C*,tg,23.0,34.66628048346487
*SSSCCCCCCCCCC*,tg,-70.0,-47.49274718020753
*Sc1c(cc(cc1C)*)C,tg,198.0,103.67093604156646
*Sc1ccc(*)cc1,egb,3.1848,2.4823199396742375
*Sc1ccc(*)cc1,ei,6.1739,5.201282268656372
*Sc1ccc(cc1)*,tg,93.49,92.47633450442453
*Sc1ccc(cc1)C(=O)CNCCCCCCCCNCC(=O)c1ccc(cc1)*,tg,231.0,93.66536320762172
*Sc1ccc(cc1)C(=O)c1ccc(cc1)C(c1ccc(cc1)C(=O)c1ccc(cc1)*)(C(F)(F)F)C(F)(F)F,tg,175.0,172.81252441176042
*Sc1ccc(cc1)C(=O)c1ccc(cc1)C(c1ccc(cc1)C(=O)c1ccc(cc1)*)(C)C,tg,175.0,173.97910575307844
*Sc1ccc(cc1)Cc1ccc(cc1)SC(=O)*,tg,117.0,127.71877073436434
*Sc1ccc(cc1)Nc1ccc(cc1)*,tg,145.0,114.34755498294828
*Sc1ccc(cc1)Nc1ccc(cc1)Nc1ccc(cc1)*,tg,114.0,165.14161793491454
*Sc1ccc(cc1)P(=O)(c1ccc(cc1)Sc1ccc(cc1)c1ccc(cc1)*)c1ccccc1,tg,232.0,217.13359118060308
*[SiH](C#Cc1c(cccc1)C#C*)c1ccccc1,tg,71.0,104.17385691384035
*[SiH](C#Cc1cc(ccc1)C#C*)C,tg,72.0,90.778746067261
*[Si](C#Cc1cc(ccc1)C#C*)(C)C,tg,50.0,65.68352037030341
*[Si](C*)(C)C,tg,-91.17,5.709863174244586
*[Si](C*)(CCC)CCC,tg,-41.0,-12.276541731970678
*[Si](C*)(CCCC)CCCC,tg,-30.0,-53.80928052006685
*[Si](C*)(CCCCC)CCCCC,tg,-55.0,-42.24236761539622
*[Si](C*)(CCCCCC)C,tg,-77.6,-48.41730669715835
*[Si](C*)(CCCOCCOCCOC)C,tg,-73.3,-76.46096457593103
*[Si](C*)(CCCn1c2ccccc2c2ccccc12)C,tg,71.2,66.69212884700157
*[Si](C*)(c1ccccc1)C,tg,28.0,65.91406209783734
*[Si](C/C=C\C*)(C)C,tg,-57.5,-37.47931096626546
*[Si](C/C=C\C*)(CCCOc1cc2c(cc1)cccc2)C,tg,-1.0,-0.361787229644853
*[Si](C/C=C\C*)(CCCOc1ccc(cc1)c1ccccc1)C,tg,10.0,1.8886420398888368
*[Si](C/C=C\C*)(CCCOc1ccccc1)C,tg,-30.0,-42.573808912690055
*[Si](C/C=C\C*)(CCCOc1ccccc1)c1ccccc1,tg,-5.0,-8.641969331364699
*[Si](C/C=C\C*)(c1ccccc1)c1ccccc1,tg,23.63,36.36504999276852
*[Si](C/C=C\CC*)(c1ccccc1)C,tg,-12.65,-19.472916814177342
*[Si](C=C[Ge](C=C*)(c1ccccc1)c1ccccc1)(c1ccccc1)c1ccccc1,tg,28.0,119.6489941934769
*[Si](CC(C*)Cc1ccc(cc1)c1ccccc1)(C)C,tg,28.0,63.870794786548544
*[Si](CC(C*)c1ccccc1)(C)C,tg,5.67,39.079491283568814
*[Si](CC=CC*)(C=C)C=C,tg,-65.0,28.2276471757593
*[Si](CCC*)(CCC[Si](C)(C)C)C,tg,-46.0,-52.18213177310083
*[Si](CCC*)(C[Si](C)(C)C)C,tg,-51.0,-16.538652631864988
*[Si](CCC*)(C[Si](c1ccccc1)(C)C)C[Si](c1ccccc1)(C)C,tg,-36.0,27.1326124007298
*[Si](CCC*)(O[Si](CCCOc1ccc(cc1)C#N)(C)C)C,tg,-45.5,-27.469067553360258
*[Si](CCC*)(O[Si](CCCOc1ccc(cc1)C(=O)Oc1ccc(cc1)c1ccc(cc1)C#N)(C)C)C,tg,10.1,14.150068813907417
*[Si](CCC*)(O[Si](CCCOc1ccc(cc1)c1ccc(cc1)C#N)(C)C)C,tg,-4.6,-11.58432397730564
*[Si](CCC*)(c1ccc(cc1)C)c1ccc(cc1)C,tg,38.0,33.88272640698921
*[Si](CCC*)(c1ccc(cc1)N(C)C)C,tg,6.5,-10.004232736168987
*[Si](CCC*)(c1ccccc1)C,tg,-1.5,-18.555575206143317
*[Si]([Si]([Si]([Si](C*)(C)C)(C)C)(C)C)(C)C,tg,-68.0,-25.64722054578361
*[Si](c1c(cccc1)C*)(C)C,tg,48.0,55.97494078290806
*[Si](c1c(cccc1)C*)(c1ccccc1)C,tg,93.8,49.10898217069737
*[Si](c1c(cccc1)C*)(c1ccccc1)c1ccccc1,tg,122.0,107.79351865708378
*[n+]1ccc(cc1)c1cc[n+](cc1)Cc1c(cccc1)C*,tg,70.5,129.5397462680026
*[n+]1ccc(cc1)c1cc[n+](cc1)Cc1cc(ccc1)C*,tg,128.0,81.23936273195271
*[n+]1ccc(cc1)c1cc[n+](cc1)Cc1ccc(cc1)C*,tg,95.0,105.46936459548702
*c1[nH]c(*)c(C(=O)O)c1C,egc,3.2017,3.439083146559331
*c1[nH]c(*)c(CC(=O)OC)c1CC(=O)OC,egc,3.2776,3.218842651745117
*c1[nH]c(*)c(OC)c1OC,egc,2.5591,3.337590006774081
*c1[nH]c(*)c2c1CCCC2,egc,2.7316,2.8978459132898857
*c1[nH]c(*)c2c1CCCCC2,egc,3.1158,2.8308797473674643
*c1[nH]c(nc1c1ccc(cc1)NC(=O)Nc1ccc(cc1)NC(=O)Nc1ccc(cc1)*)c1ccc(cc1)[N+](=O)[O-],tg,292.0,262.791125446133
*c1[nH]c(nc1c1ccc(cc1)NC(=O)Nc1ccc(cc1)NC(=O)Nc1ccc(cc1)*)c1ccc(cc1)c1[nH]c(c(n1)c1ccc(cc1)[N+](=O)[O-])c1ccc(cc1)[N+](=O)[O-],tg,272.0,263.3100654577732
*c1[nH]c(nc1c1ccc(cc1)NC1C(=O)N(C(=O)C1)c1ccc(cc1)Cc1ccc(cc1)N1C(=O)C(CC1=O)Nc1ccc(cc1)*)c1ccc(cc1)C=Cc1ccc(cc1)[N+](=O)[O-],tg,250.0,247.1178701736059
*c1[nH]c(nc1c1ccc(cc1)NC1C(=O)N(C(=O)C1)c1ccc(cc1)Cc1ccc(cc1)N1C(=O)C(CC1=O)Nc1ccc(cc1)*)c1ccc(cc1)N=Nc1ccc(cc1)[N+](=O)[O-],tg,258.0,235.2682727920661
*c1[nH]c(nc1c1ccc(cc1)NC1C(=O)N(C(=O)C1)c1ccc(cc1)c1sc(c(c1c1ccccc1)c1ccccc1)c1ccc(cc1)N1C(=O)C(CC1=O)Nc1ccc(cc1)*)c1ccc(cc1)c1[nH]c(c(n1)c1ccc(cc1)[N+](=O)[O-])c1ccc(cc1)[N+](=O)[O-],tg,152.0,281.59518902467596
*c1[nH]c(nc1c1ccc(cc1)OC(=O)Nc1cc(c(cc1)c1c(cc(cc1)NC(=O)Oc1ccc(cc1)*)OC)OC)c1ccc(cc1)c1[nH]c(c(n1)c1ccc(cc1)[N+](=O)[O-])c1ccc(cc1)[N+](=O)[O-],tg,223.0,228.70806368182735
*c1[nH]c(nc1c1ccc(cc1)Oc1ccc(cc1)C(=O)c1cc2c(cc1)cc(cc2)C(=O)c1ccc(cc1)Oc1ccc(cc1)*)c1ccccc1,tg,239.0,265.115680367659
*c1[nH]c(nc1c1ccc(cc1)Oc1ccc(cc1)C(=O)c1ccc(cc1)C(=O)c1ccc(cc1)C(=O)c1ccc(cc1)Oc1ccc(cc1)*)c1ccccc1,tg,239.0,253.96714953093903
*c1[nH]c(nc1c1ccc(cc1)Oc1ccc(cc1)C(=O)c1ccc(cc1)C(=O)c1ccc(cc1)Oc1ccc(cc1)*)c1ccccc1,tg,248.0,248.2805312118938
*c1[nH]c(nc1c1ccc(cc1)Oc1ccc(cc1)C(=O)c1ccc(cc1)Oc1ccc(cc1)C(=O)c1ccc(cc1)Oc1ccc(cc1)*)c1ccccc1,tg,239.0,248.39292349213162
*c1[nH]c(nc1c1ccc(cc1)Oc1ccc(cc1)C(=O)c1ccc(cc1)c1ccc(cc1)C(=O)c1ccc(cc1)Oc1ccc(cc1)*)c1ccccc1,tg,258.0,241.63044705172217
*c1[nH]c(nc1c1ccc(cc1)Oc1ccc(cc1)P(=O)(c1ccc(cc1)Oc1ccc(cc1)*)c1ccccc1)c1ccccc1,tg,318.0,262.8043414551838
*c1[nH]c(nc1c1ccc(cc1)Oc1ccc(cc1)S(=O)(=O)c1ccc(cc1)Oc1ccc(cc1)*)c1ccccc1,tg,277.0,275.456148254432
*c1[nH]nc(c1)c1ccc(cc1)Oc1ccc(cc1)C(=O)c1cc(ccc1)C(=O)c1ccc(cc1)Oc1ccc(cc1)*,tg,205.0,204.3338600319936
*c1[nH]nc(c1)c1ccc(cc1)Oc1ccc(cc1)P(=O)(c1ccc(cc1)Oc1ccc(cc1)*)c1ccccc1,tg,296.0,245.29454884413218
*c1[nH]nc(c1)c1ccc(cc1)Oc1ccc(cc1)S(=O)(=O)c1ccc(cc1)Oc1ccc(cc1)*,tg,260.0,266.68733645997696
*c1c(C)cc(-c2cc(C)c(N3C(=O)c4ccc(-c5ccc6c(c5)C(=O)N(*)C6=O)cc4C3=O)c(C)c2)cc1C,egc,2.8885,3.113285304133191
*c1c(C)cc(-c2cc(C)c(N3C(=O)c4ccc(S(=O)(=O)c5ccc6c(c5)C(=O)N(*)C6=O)cc4C3=O)c(C)c2)cc1C,egc,2.7305,3.1635071300014856
*c1c(C)cc(Cc2cc(C)c(N3C(=O)c4ccc(Oc5cccc6c(Oc7ccc8c(c7)C(=O)N(*)C8=O)cccc56)cc4C3=O)c(C)c2)cc1C,egc,3.4317,2.8790325670636356
*c1c(F)c(F)c(*)c(F)c1F,egc,5.4728,3.9356831853154923
*c1c([nH]c(n1)c1cc(ccc1)c1[nH]c(c(n1)c1ccc(cc1)Oc1ccc(cc1)C(=O)c1cc(ccc1)C(=O)c1ccc(cc1)Oc1ccc(cc1)*)c1ccccc1)c1ccccc1,tg,264.5,267.53035705382115
*c1c([nH]c(n1)c1cc(ccc1)c1[nH]c(c(n1)c1ccc(cc1)Oc1ccc(cc1)C(=O)c1cc(ccc1)c1cc(ccc1)C(=O)c1ccc(cc1)Oc1ccc(cc1)*)c1ccccc1)c1ccccc1,tg,250.0,267.55441146541074
*c1c([nH]c(n1)c1cc(ccc1)c1[nH]c(c(n1)c1ccc(cc1)Oc1ccc(cc1)C(=O)c1ccc(cc1)C(=O)c1ccc(cc1)Oc1ccc(cc1)*)c1ccccc1)c1ccccc1,tg,270.0,272.638747271665
*c1c([nH]c(n1)c1cc(ccc1)c1[nH]c(c(n1)c1ccc(cc1)Oc1ccc(cc1)C(=O)c1ccc(cc1)Oc1ccc(cc1)*)c1ccccc1)c1ccccc1,tg,279.0,268.60371412365333
*c1c([nH]c(n1)c1cc(ccc1)c1[nH]c(c(n1)c1ccc(cc1)Oc1ccc(cc1)C(=O)c1ccc(cc1)c1ccc(cc1)C(=O)c1ccc(cc1)Oc1ccc(cc1)*)c1ccccc1)c1ccccc1,tg,276.0,275.6903627071444
*c1c([nH]c(n1)c1ccc(cc1)c1[nH]c(c(n1)c1ccc(cc1)Oc1ccc(cc1)C(=O)c1cc(ccc1)C(=O)c1ccc(cc1)Oc1ccc(cc1)*)c1ccccc1)c1ccccc1,tg,264.5,255.1013994987418
*c1c([nH]c(n1)c1ccc(cc1)c1[nH]c(c(n1)c1ccc(cc1)Oc1ccc(cc1)C(=O)c1cc2c(cc1)cc(cc2)C(=O)c1ccc(cc1)Oc1ccc(cc1)*)c1ccccc1)c1ccccc1,tg,281.0,273.3660251627938
*c1c([nH]c(n1)c1ccc(cc1)c1[nH]c(c(n1)c1ccc(cc1)Oc1ccc(cc1)C(=O)c1ccc(cc1)C(=O)c1ccc(cc1)Oc1ccc(cc1)*)c1ccccc1)c1ccccc1,tg,270.0,250.0325546472265
*c1c([nH]c(n1)c1ccc(cc1)c1[nH]c(c(n1)c1ccc(cc1)Oc1ccc(cc1)C(=O)c1ccc(cc1)Oc1ccc(cc1)C(=O)c1ccc(cc1)Oc1ccc(cc1)*)c1ccccc1)c1ccccc1,tg,245.0,262.6171722686022
*c1c(c(c(c(c1)N=Cc1ccc(cc1)F)O)*)C,tg,156.0,179.63668359167838
*c1c(c(cc(c1)*)N=Cc1ccc(cc1)F)O,tg,154.0,166.445894664775
*c1c(c(cc(c1)N=Nc1ccc(cc1)C#N)*)O,tg,176.0,195.18551096780737
*c1c(c(nc2c1cccc2)c1ccc(cc1)c1nc2c(c(c1c1ccccc1)c1ccc(cc1)Oc1ccc(cc1)*)cccc2)c1ccccc1,tg,273.0,344.0352343702826
*c1c(c2c(C(=O)N(C2=O)c2cc(ccc2)N2C(=O)c3c(C2=O)c(c(c(c3c2ccccc2)c2ccccc2)c2ccc(cc2)Oc2ccc(cc2)*)c2ccccc2)c(c1c1ccccc1)c1ccccc1)c1ccccc1,tg,357.0,369.99745901846904
*c1c(cc(c(c1)C)CC*)C,tg,95.0,73.15516787216042
*c1c(cc(c(c1)OC)C(=Cc1c(cc(c(c1)OC)C=C(*)C#N)OCCCCCCCC)C#N)OCCCCCCCC,tg,174.0,186.07316076280833
*c1c(cc(c(c1)OC)C(=Cc1c(cc(c(c1)OC)C=C(*)C#N)OCCCCCCCCCC)C#N)OCCCCCCCCCC,tg,198.0,177.16840596953202
*c1c(cc(c(c1)OC)C(=Cc1c(cc(c(c1)OC)C=C(*)C#N)OCCCCCCCCCCCC)C#N)OCCCCCCCCCCCC,tg,181.0,186.56023278609555
*c1c(cc(c(c1)OC)C=C*)OCC(CCCC)CC,tg,70.67,85.10721009667274
*c1c(cc(c(c1)OC)C=C*)OCC1C2C3C(CCC3)C(C1)C2,tg,174.0,169.1944674396175
*c1c(cc(c(c1)OC)C=C*)OCCCCCC,tg,60.0,58.8970701686622
*c1c(cc(c(c1)OC)C=C*)OCCCCCCCC,tg,58.0,47.21750319673953
*c1c(cc(c(c1)OC)C=C*)OCCCCCCCCCCCC,tg,36.0,56.393811329353994
*c1c(cc(c(c1)OCCCC)*)OCCCC,tg,37.0,55.55856460514817
*c1c(cc(c(c1)c1ccc(cc1)N(c1ccc(cc1)OC)c1ccc(cc1)OC)C=C*)OCC(CCCC)CC,tg,163.0,131.93088096097298
*c1c(cc(cc1)*)C(=O)c1ccc(cc1)C,tg,202.0,157.5748366656226
*c1c(cc(cc1)C=C*)OCc1cc(cc(c1)OCC(CCCC)CC)OCCC(CCCC(C)C)C,tg,227.0,66.3590887953078
*c1c(cc(cc1)C=C*)c1c(cc(c(c1)OCCC(C)C)OCCC(C)C)c1ccccc1,tg,164.0,139.49636429274
*c1c(cc(cc1)CC*)C,tg,54.38,70.29793909690777
*c1c(cc(cc1)CC*)C#N,tg,90.0,136.68843336145105
*c1c(cc(cc1)CC*)CCCC,tg,20.0,48.37015139823866
*c1c(cc(cc1)CC*)Cl,tg,63.69,82.09822384008784
*c1c(cc(cc1Cl)CC*)Cl,tg,110.0,94.95645824649102
*c1c(ccc(c1)*)c1oc2c(n1)cc(cc2)C,tg,221.0,268.2272967031388
*c1c(nc2c(c1c1ccccc1)cc(cc2)Oc1cc2c(nc(c(c2c2ccccc2)c2ccc(cc2)Oc2ccc(cc2)*)c2ccccc2)cc1)c1ccccc1,tg,252.5,325.4953965047812
*c1c(nc2c(c1c1ccccc1)cc(cc2)c1cc2c(nc(c(c2c2ccccc2)c2ccc(cc2)c2ccc(cc2)*)c2ccccc2)cc1)c1ccccc1,tg,372.0,332.4298424822884
*c1c(nc2c(n1)cc(cc2)Oc1cc2c(nc(c(n2)c2cc(ccc2)*)c2ccccc2)cc1)c1ccccc1,tg,263.2,297.52567253891516
*c1c(nc2c(n1)cc(cc2)Oc1cc2c(nc(c(n2)c2ccc(cc2)*)c2ccccc2)cc1)c1ccccc1,tg,296.43,322.9895797498348
*c1c(nc2c(n1)cc(cc2)Oc1cc2c(nc(c(n2)c2ccc(cc2)Oc2ccc(cc2)*)c2ccccc2)cc1)c1ccccc1,tg,261.33,285.6819525899116
*c1c(nc2c(n1)cc(cc2)Oc1ccc(cc1)NC(=O)CN1C(=O)c2c(C1=O)cc(cc2)C(c1cc2c(C(=O)N(C2=O)CC(=O)Nc2ccc(cc2)Oc2cc3c(nc(c(n3)c3ccc(cc3)*)c3ccccc3)cc2)cc1)(C(F)(F)F)C(F)(F)F)c1ccccc1,tg,280.0,261.59453043320934
*c1c(nc2c(n1)cc(cc2)Oc1ccc(cc1)NC(=O)CN1C(=O)c2c(C1=O)cc(cc2)C(c1cc2c(C(=O)N(C2=O)CC(=O)Nc2ccc(cc2)Oc2cc3c(nc(c(n3)c3ccc(cc3)Oc3ccc(cc3)*)c3ccccc3)cc2)cc1)(C(F)(F)F)C(F)(F)F)c1ccccc1,tg,260.0,273.5290938417566
*c1c(nc2c(n1)cc(cc2)Oc1ccc(cc1)NC(=O)c1cc(cc(c1)N1C(=O)c2c(C1=O)c(c(c(c2Cl)Cl)Cl)Cl)C(=O)Nc1ccc(cc1)Oc1cc2c(nc(c(n2)c2ccc(cc2)Oc2ccc(cc2)*)c2ccccc2)cc1)c1ccccc1,tg,295.0,329.66075923062044
*c1c(nc2c(n1)cc(cc2)Oc1ccc(cc1)NC(=O)c1cc(cc(c1)N1C(=O)c2c(C1=O)cccc2)C(=O)Nc1ccc(cc1)Oc1cc2c(nc(c(n2)c2ccc(cc2)*)c2ccccc2)cc1)c1ccccc1,tg,302.0,294.26695639339516
*c1c(nc2c(n1)cc(cc2)Oc1ccc(cc1)NC(=O)c1cc(cc(c1)N1C(=O)c2c(C1=O)cccc2)C(=O)Nc1ccc(cc1)Oc1cc2c(nc(c(n2)c2ccc(cc2)Oc2ccc(cc2)*)c2ccc(cc2)[N+](=O)[O-])cc1)c1ccc(cc1)[N+](=O)[O-],tg,305.0,284.10138154923646
*c1c(nc2c(n1)cc(cc2)Oc1ccc(cc1)NC(=O)c1cc2c(C(=O)N(C2=O)c2ccc(cc2)C(c2ccc(cc2)N2C(=O)c3c(C2=O)cc(cc3)C(=O)Nc2ccc(cc2)Oc2cc3c(nc(c(n3)c3ccc(cc3)Oc3ccc(cc3)*)c3ccc(cc3)[N+](=O)[O-])cc2)(C(F)(F)F)C(F)(F)F)cc1)c1ccc(cc1)[N+](=O)[O-],tg,303.0,281.3547817325685
*c1c(nc2c(n1)cc(cc2)S(=O)(=O)c1cc2c(nc(c(n2)c2ccc(cc2)*)c2ccccc2)cc1)c1ccccc1,tg,291.8,339.9238105929032
*c1c(nc2c(n1)cc(cc2)S(=O)(=O)c1cc2c(nc(c(n2)c2ccc(cc2)N2C(=O)c3c(C2=O)cc(cc3)C(=O)c2cc3c(C(=O)N(C3=O)c3ccc(cc3)*)cc2)c2ccccc2)cc1)c1ccccc1,tg,240.0,303.1516657876496
*c1c(nc2c(n1)cc(cc2)S(=O)(=O)c1cc2c(nc(c(n2)c2ccc(cc2)Oc2ccc(cc2)*)c2ccccc2)cc1)c1ccccc1,tg,271.0,275.46935570753567
*c1c(nc2c(n1)cc(cc2)c1cc2c(nc(c(n2)c2cc(ccc2)*)c2ccccc2)cc1)c1ccccc1,tg,320.0,346.13364929719074
*c1c(nc2c(n1)cc(cc2)c1cc2c(nc(c(n2)c2ccc(cc2)Oc2ccc(cc2)*)c2ccccc2)cc1)c1ccccc1,tg,297.36,298.6171278449491
*c1c(nc2c(n1)cc(cc2)c1cc2c(nc(c(n2)c2ccc(cc2)Sc2ccc(cc2)*)c2ccccc2)cc1)c1ccccc1,tg,281.0,310.89663478958107
*c1c2C(=O)N(C(=O)c2c(c2ccccc12)c1ccc(cc1)Oc1c(cc(cc1)c1cc(ccc1)c1cc(c(cc1)Oc1ccc(cc1)*)C(F)(F)F)C(F)(F)F)c1ccccc1,tg,271.0,288.9658395583981
*c1c2C(=O)N(C(=O)c2c(c2ccccc12)c1ccc(cc1)Oc1c(cc(cc1)c1ccc(cc1)c1ccc(cc1)c1cc(c(cc1)Oc1ccc(cc1)*)C(F)(F)F)C(F)(F)F)c1ccccc1,tg,334.0,296.00696416378275
*c1c2C(=O)N(C(=O)c2c(c2ccccc12)c1ccc(cc1)Oc1c(cc(cc1)c1nc(ccc1)c1cc(c(cc1)Oc1ccc(cc1)*)C(F)(F)F)C(F)(F)F)c1ccccc1,tg,298.0,282.3664339633703
*c1c2C(=O)N(C(=O)c2c(c2ccccc12)c1ccc(cc1)Oc1ccc(cc1)C(=O)c1cc(ccc1)C(=O)c1ccc(cc1)Oc1ccc(cc1)*)C,tg,251.0,236.12930904694952
*c1c2C(=O)N(C(=O)c2c(c2ccccc12)c1ccc(cc1)Oc1ccc(cc1)C(=O)c1cc(ccc1)C(=O)c1ccc(cc1)Oc1ccc(cc1)*)CCCCCCCCCCCC,tg,140.0,163.1572284859737
*c1c2C(=O)N(C(=O)c2c(c2ccccc12)c1ccc(cc1)Oc1ccc(cc1)C(=O)c1cc(ccc1)C(=O)c1ccc(cc1)Oc1ccc(cc1)*)c1ccc(cc1)F,tg,243.0,273.505054500646
*c1c2C(=O)N(C(=O)c2c(c2ccccc12)c1ccc(cc1)Oc1ccc(cc1)C(=O)c1ccc(cc1)Oc1ccc(cc1)*)C,tg,283.0,237.06222214457372
*c1c2C(=O)N(C(=O)c2c(c2ccccc12)c1ccc(cc1)Oc1ccc(cc1)C(=O)c1ccc(cc1)Oc1ccc(cc1)*)c1c(cccc1)C(F)(F)F,tg,260.0,245.8260162459949
*c1c2C(=O)N(C(=O)c2c(c2ccccc12)c1ccc(cc1)Oc1ccc(cc1)C(=O)c1ccc(cc1)Oc1ccc(cc1)*)c1c(cccc1)c1ccccc1,tg,245.0,277.0462569659117
*c1c2C(=O)N(C(=O)c2c(c2ccccc12)c1ccc(cc1)Oc1ccc(cc1)C(=O)c1ccc(cc1)Oc1ccc(cc1)*)c1cc(ccc1)C(F)(F)F,tg,252.0,249.23669348314746
*c1c2C(=O)N(C(=O)c2c(c2ccccc12)c1ccc(cc1)Oc1ccc(cc1)C(=O)c1ccc(cc1)Oc1ccc(cc1)*)c1ccc(cc1)C(F)(F)F,tg,260.0,269.5068002425559
*c1c2C(=O)N(C(=O)c2c(c2ccccc12)c1ccc(cc1)Oc1ccc(cc1)C(=O)c1ccc(cc1)Oc1ccc(cc1)*)c1ccc(cc1)Cl,tg,272.0,267.3017588889524
*c1c2C(=O)N(C(=O)c2c(c2ccccc12)c1ccc(cc1)Oc1ccc(cc1)C(=O)c1ccc(cc1)Oc1ccc(cc1)*)c1ccccc1,tg,273.5,270.63314890648087
*c1c2C(=O)N(C(=O)c2c(c2ccccc12)c1ccc(cc1)Oc1ccc(cc1)S(=O)(=O)c1ccc(cc1)Oc1ccc(cc1)*)CCCCCCCCCCCC,tg,167.0,171.94444070436964
*c1c2C(=O)N(C(=O)c2c(c2ccccc12)c1ccc(cc1)Oc1ccc(cc1)S(=O)(=O)c1ccc(cc1)Oc1ccc(cc1)*)c1c(cccc1)C(F)(F)F,tg,290.0,290.4128744712566
*c1c2C(=O)N(C(=O)c2c(c2ccccc12)c1ccc(cc1)Oc1ccc(cc1)S(=O)(=O)c1ccc(cc1)Oc1ccc(cc1)*)c1c(cccc1)c1ccccc1,tg,278.0,304.460592533383
*c1c2C(=O)N(C(=O)c2c(c2ccccc12)c1ccc(cc1)Oc1ccc(cc1)S(=O)(=O)c1ccc(cc1)Oc1ccc(cc1)*)c1cc(ccc1)C(F)(F)F,tg,280.5,277.8195625266475
*c1c2C(=O)N(C(=O)c2c(c2ccccc12)c1ccc(cc1)Oc1ccc(cc1)S(=O)(=O)c1ccc(cc1)Oc1ccc(cc1)*)c1ccc(cc1)C(F)(F)F,tg,290.0,302.1745395729331
*c1c2C(=O)N(C(=O)c2c(c2ccccc12)c1ccc(cc1)Oc1ccc(cc1)S(=O)(=O)c1ccc(cc1)Oc1ccc(cc1)*)c1ccc(cc1)F,tg,300.0,288.0697464337087
*c1c2C(=O)N(C(=O)c2c(c2ccccc12)c1ccc(cc1)Oc1ccc(cc1)S(=O)(=O)c1ccc(cc1)Oc1ccc(cc1)*)c1ccccc1,tg,305.0,309.0299161354761
*c1c2c(C(=O)N(C2=O)N2C(=O)c3c(C2=O)cc(cc3)Sc2ccc(cc2)Sc2ccc(cc2)S*)ccc1,tg,242.0,243.64899124447362
*c1c2c(c(=O)n(n1)c1ccc(cc1)S(=O)(=O)c1ccc(cc1)*)cccc2,tg,422.0,252.16692248273608
*c1c2c(c(cc1)CC*)cccc2,tg,160.0,196.28017024473272
*c1c2c(c(nn1)c1ccc(cc1)Oc1ccc(cc1)C(=O)c1ccc(cc1)Oc1ccc(cc1)*)c(c(c(c2c1ccccc1)c1cc2c(cc1)cccc2)c1cc2c(cc1)cccc2)c1ccccc1,tg,305.67,302.4747208779006
*c1c2c(c(nn1)c1ccc(cc1)Oc1ccc(cc1)C(c1ccc(cc1)Oc1ccc(cc1)*)(C(F)(F)F)C(F)(F)F)c(c(c(c2c1ccc(cc1)F)c1ccc(cc1)F)c1ccc(cc1)F)c1ccc(cc1)F,tg,285.33,280.28484866579885
*c1c2c(c(nn1)c1ccc(cc1)Oc1ccc(cc1)C(c1ccc(cc1)Oc1ccc(cc1)*)(C(F)(F)F)C(F)(F)F)c(c(c(c2c1ccccc1)c1cc2c(cc1)cccc2)c1cc2c(cc1)cccc2)c1ccccc1,tg,286.0,291.95725533691916
*c1c2c(c(nn1)c1ccc(cc1)Oc1ccc(cc1)C(c1ccc(cc1)Oc1ccc(cc1)*)(C)C)c(c(c(c2c1ccc(cc1)F)c1ccc(cc1)F)c1ccc(cc1)F)c1ccc(cc1)F,tg,276.67,257.9362568274354
*c1c2c(c(nn1)c1ccc(cc1)Oc1ccc(cc1)C(c1ccc(cc1)Oc1ccc(cc1)*)(C)C)c(c(c(c2c1ccccc1)c1cc2c(cc1)cccc2)c1cc2c(cc1)cccc2)c1ccccc1,tg,286.0,301.40764491758495
*c1c2c(c(nn1)c1ccc(cc1)Oc1ccc(cc1)C1(c3ccccc3c3ccccc13)c1ccc(cc1)Oc1ccc(cc1)*)c(c(c(c2c1ccc(cc1)F)c1ccc(cc1)F)c1ccc(cc1)F)c1ccc(cc1)F,tg,311.33,310.0229950975628
*c1c2c(c(nn1)c1ccc(cc1)Oc1ccc(cc1)C1(c3ccccc3c3ccccc13)c1ccc(cc1)Oc1ccc(cc1)*)c(c(c(c2c1ccccc1)c1cc2c(cc1)cccc2)c1cc2c(cc1)cccc2)c1ccccc1,tg,327.33,331.20278563406436
*c1c2c(c(nn1)c1ccc(cc1)Oc1ccc(cc1)c1ccc(cc1)Oc1ccc(cc1)*)c(c(c(c2c1ccccc1)c1cc2c(cc1)cccc2)c1cc2c(cc1)cccc2)c1ccccc1,tg,326.33,313.4947818791609
*c1c2c(c(s1)c1sc(c(c1)CCCCCC)c1cc3n(c4c(c3cc1)ccc(c4)c1sc(cc1CCCCCC)*)CCCCCCCCCCCC)nc(c(n2)CC)CC,tg,89.0,123.16719720700365
*c1c2ccc(=O)cc2oc2cc(ccc12)OC(=O)c1c(cccc1)*,tg,250.0,192.6048502148821
*c1c2n(c3c(c2cc(c1)C(C)(C)C)cc(cc3C#C*)C(C)(C)C)CCCCCCCCCCCCCCCC,tg,80.0,66.02375175594888
*c1c2n(c3c(c2cc(c1)C(C)(C)C)cc(cc3C#CC#C*)C(C)(C)C)CCCCCCCCCCCCCCCC,tg,67.0,69.64842990308432
*c1cc(*)c(O)c(C=Nc2ccc(C(=O)O)cc2)c1,egc,2.8212,2.951622639549038
*c1cc(*)c(O)c(C=Nc2ccc(Cl)cc2)c1,egc,2.9264,2.688841575712832
*c1cc(*)c(O)c(C=O)c1,egc,3.2778,3.740895104846523
*c1cc(*)cc(C23CC4CC(CC(C4)C2)C3)c1,egc,4.4178,4.654656778309969
*c1cc(-c2cc(CCCCCCCC)ccc2CCCCCCCC)c(*)s1,egc,1.6967,1.9752528158371945
*c1cc(-c2ccc(Br)cc2)c(*)s1,egc,2.7394,2.5546248516969188
*c1cc(-c2ccc(F)cc2)c(*)s1,egc,2.6765,2.482778199535486
*c1cc(-c2ccc(OCCCCCC)cc2)c(*)s1,egc,2.6448,2.579048211283782
*c1cc(-c2ccc(OCCCCCCCC)cc2)c(*)s1,egc,2.6404,2.5722437845964494
*c1cc(-c2ccccc2)c(*)s1,egc,2.7439,2.6968104951650265
*c1cc(-c2nc3ccccc3o2)cc(-n2c(=O)c3cc4c(=O)n(*)c(=O)c4cc3c2=O)c1,egc,2.4745,2.838501978797394
*c1cc(-c2nc3ccccc3s2)cc(-n2c(=O)c3cc4c(=O)n(*)c(=O)c4cc3c2=O)c1,egc,2.4436,2.6170837164656424
*c1cc(-c2sc(-c3cc(C)c(*)s3)cc2C)c2cccccc1-2,egb,1.3327,1.540215446230578
*c1cc(-c2sc(-c3cc(C)c(*)s3)cc2C)c2cccccc1-2,egc,1.8668,2.037330221818585
*c1cc(-n2c(=O)c3cc4c(=O)n(*)c(=O)c4cc3c2=O)c(O)cc1O,egc,2.8367,2.8903811007945346
*c1cc(-n2c(=O)c3cc4c(=O)n(-c5ccc(-c6nnc(*)n6N)cc5)c(=O)c4cc3c2=O)c(-c2c(Cl)cccc2Cl)s1,egc,2.1911,2.083107835048152
*c1cc(Br)c(Oc2c(Br)cc(N3C(=O)c4ccc(-c5ccc6c(c5)C(=O)N(*)C6=O)cc4C3=O)cc2Br)c(Br)c1,egc,2.9494,2.8568396619937904
*c1cc(C#N)c(*)s1,egb,1.0894,1.6411097916417419
*c1cc(C#N)c(*)s1,egc,1.691,2.1637175982211474
*c1cc(C(=O)OCC(F)(F)C(F)(F)C(F)(F)F)c(*)s1,egc,2.8607,2.9246650394181524
*c1cc(C(=O)OCCCCCC)c(*)s1,egc,2.8903,2.335961280846236
*c1cc(C(=O)Oc2cccc3cccnc23)c(*)s1,egc,2.8057,2.6320235766444497
*c1cc(C(C(=O)OC)C(=O)OC)c(*)s1,egc,2.7717,2.6072470518552593
*c1cc(C(F)(F)C(F)(F)C(F)(F)F)c(*)s1,egc,2.8054,2.7717944490832127
*c1cc(C)c(*)cn1,egc,5.1074,4.439973400449958
*c1cc(C)c(*)s1,egc,1.9299,2.365339418891138
*c1cc(C)c(-c2c(C)cc(N3C(=O)c4ccc(-c5ccc6c(c5)C(=O)N(*)C6=O)cc4C3=O)cc2C)c(C)c1,egc,3.1002,2.797637817614729
*c1cc(C=NC(=S)Nc2ccc(-n3c(=O)c4cc5c(=O)n(*)c(=O)c5cc4c3=O)cc2)ccc1Cl,egc,2.0293,2.2552450201248293
*c1cc(C=Nc2ccc(C)cc2)c(*)c(OC)c1,egc,3.3765,3.1191835225018023
*c1cc(C=O)cc(*)c1O,egc,4.1592,3.0940498691925464
*c1cc(CC(=O)Cl)c(*)s1,egc,2.8053,2.315700941078752
*c1cc(CC(=O)OCCCCCCCC)c(*)[nH]1,egc,3.192,3.3243017097187804
*c1cc(CC(=O)OCCCCCCOc2ccc(N=Nc3ccc(C#N)cc3)cc2)c(*)s1,egc,2.6018,1.9775490308124857
*c1cc(CC(=O)OCCN(CC)c2ccc(N=Nc3ccc([N+](=O)[O-])cc3)cc2)c(*)s1,egc,2.2179,1.5288851953128528
*c1cc(CC)c(*)s1,egc,2.3523,2.612431229388588
*c1cc(CCCC(F)(F)C(F)(F)C(F)(F)C(F)(F)F)c(*)s1,egc,2.4769,2.7273184311084266
*c1cc(CCCC)c(*)s1,egc,2.5394,2.1158052311150275
*c1cc(CCCCC)c(*)s1,egc,2.495,2.433622663857653
*c1cc(CCCCCC)c(*)[nH]1,egc,2.8742,2.795047555485421
*c1cc(CCCCCC)c(*)s1,egc,2.5608,2.4615861295934476
*c1cc(CCCCCCBr)c(*)s1,egc,2.553,1.9276217920614527
*c1cc(CCCCCCCC)c(*)s1,egc,2.5682,2.5563436577486387
*c1cc(CCCCCCCCCC(O)CO)c(*)s1,egc,2.497,2.678796349472366
*c1cc(CCCCCCCCCC)c(*)[nH]1,egc,2.8756,2.9687896232954225
*c1cc(CCCCCCCCCC2COC(=O)O2)c(*)s1,egc,2.5293,3.2818476010677538
*c1cc(CCCCCCCCCC2COC(C)(C)O2)c(*)s1,egc,2.9938,2.849442371744738
*c1cc(CCCCCCCCCC2COC(c3ccccc3)O2)c(*)s1,egc,3.048,2.525691354863417
*c1cc(CCCCCCCCCCCC)c(*)s1,egc,2.7478,2.441622286514937
*c1cc(CCCCCCCCCCCC)c(-c2sc(*)c3c2OCCO3)s1,egc,2.3785,1.8791808349694374
*c1cc(CCCCCCCCCCCCCCCC)c(*)[nH]1,egc,3.0442,2.8174727465546625
*c1cc(CCCCCCCCCCCCCCCCCCCCCC)c(*)s1,egc,2.9666,2.4777291653361697
*c1cc(CCCCCCOC(=O)COc2ccccc2)c(*)s1,egc,2.6531,2.9843646216614177
*c1cc(CCN(CC)c2ccc(N=Nc3ccc(C=C(C#N)C#N)cc3)cc2)c(*)s1,egc,1.3795,1.7201181743516814
*c1cc(CCOC(=O)C(C)Br)c(*)s1,egc,2.3659,2.848847877653953
*c1cc(CCOCCOC)c(*)[nH]1,egc,2.8631,2.836920325077168
*c1cc(CCOc2ccc(N=Nc3ccc(C#N)cc3)cc2)c(*)s1,egc,2.0292,2.2039444025945336
*c1cc(CCS(=O)(=O)O)c(*)s1,egc,2.5623,1.5783675556725845
*c1cc(COCCCCCCCCCCCCOc2ccc(-c3ccc(OC)cc3)cc2)c(*)s1,egc,2.5163,2.6528828332728356
*c1cc(COCCCCCCCCOc2ccc(-c3ccc(C#N)cc3)cc2)c(*)s1,egc,2.9654,2.4117833534839357
*c1cc(COCCOCCOC)c(-c2cc(CCCCCCCCCCCC)c(*)s2)s1,egc,1.7176,2.3138610859141857
*c1cc(N=Nc2ccc(C#N)cc2)cc(*)c1O,egc,2.4223,3.061734876380757
*c1cc(N=Nc2ccc(C(=O)O)cc2)cc(*)c1O,egc,2.9911,3.028649695190506
*c1cc(N=Nc2ccc(S(=O)(=O)O)cc2)cc(*)c1O,egc,3.0327,2.696084433362887
*c1cc(OCC(=O)C23CC4CC(CC(C4)C2)C3)c(*)cc1OC,egc,4.0135,4.3232502055923
*c1cc(OCCOC)c(*)s1,egc,1.6015,2.621787574996834
*c1cc(OCCOCCCC)c(*)s1,egc,2.819,1.7565770693831804
*c1cc(OCCOCCOC)c(-c2sc(*)c3c2OCCO3)s1,egc,2.2046,1.499193320558893
*c1cc(SC)c(*)s1,egc,1.5945,1.9855368004393246
*c1cc(SCCCCCC)c(*)s1,egc,1.6201,1.6070488974744248
*c1cc(SCCCCCCCCCCCC)c(*)s1,egc,1.5021,1.8561578700586172
*c1cc(cc(c1)c1oc2c(n1)cccc2)*,tg,250.0,257.78236800745333
*c1cc(ccc1)*,tg,104.93,262.52889332839146
*c1cc(nc2c1cccc2)c1cc(ccc1)c1nc2c(c(c1)c1ccc(cc1)Oc1ccc(cc1)*)cccc2,tg,268.0,299.6563282316506
*c1cc2C(c3c(c2cc1)ccc(c3)*)(CC(CCCC)CC)CC(CCCC)CC,tg,27.64,111.0821010718046
*c1cc2C(c3c(c2cc1)ccc(c3)*)(CCCCCCCC)CCCCCCCC,tg,57.66,57.36869465272233
*c1cc2C(c3c(c2cc1)ccc(c3)C=Cc1cc2C(c3c(c2cc1)ccc(c3)C=C*)(CCCCCCOc1ccc2c(c1)oc(=O)cc2)CCCCCCOc1ccc2c(c1)oc(=O)cc2)(CCCCCC)CCCCCC,tg,115.0,96.36809306162732
*c1cc2C(c3c(c2cc1)ccc(c3)C=Cc1ccc(cc1)C=C*)(CCCCCCOc1ccc2c(c1)oc(=O)cc2)CCCCCCOc1ccc2c(c1)oc(=O)cc2,tg,104.0,126.44376912034203
*c1cc2C(c3c(c2cc1)ccc(c3)c1c(cc(c(c1)CCCCCCCC)*)CCCCCCCC)(CCCCCC)CCCCCC,tg,74.5,65.50133998622888
*c1cc2C(c3c(c2cc1)ccc(c3)c1c(cc(c(c1)F)*)F)(CCCCCCCC)CCCCCCCC,tg,34.0,52.8267545114058
*c1cc2C(c3c(c2cc1)ccc(c3)c1c(cc(c(c1)OCCCCCCCC)*)OCCCCCCCC)(CCCCCC)CCCCCC,tg,58.0,60.009572402409745
*c1cc2C(c3c(c2cc1)ccc(c3)c1c(cc(c(c1)OCc1ccccc1)*)OCc1ccccc1)(CCCCCC)CCCCCC,tg,73.0,95.19975286274801
*c1cc2C(c3c(c2cc1)ccc(c3)c1c(cc(cc1)*)F)(CCCCCCCC)CCCCCCCC,tg,34.0,41.49776179364185
*c1cc2C(c3c(c2cc1)ccc(c3)c1cc2C(c3c(c2cc1)ccc(c3)*)(c1ccc(cc1)c1oc(nn1)c1ccc(cc1)C(C)(C)C)c1ccc(cc1)c1oc(nn1)c1ccc(cc1)C(C)(C)C)(CCCCCCCC)CCCCCCCC,tg,213.0,173.11396291032023
*c1cc2C(c3c(c2cc1)ccc(c3)c1ccc(cc1)*)(CCCCCC)CCCCCC,tg,105.87,88.62952858697123
*c1cc2C(c3c(c2cc1)ccc(c3)c1ccc(cc1)*)(CCCCCCBr)CCCCCCBr,tg,117.2,93.58072073386728
*c1cc2C(c3c(c2cc1)ccc(c3)c1ccc(cc1)*)(CCCCCCC#N)CCCCCCC#N,tg,90.0,126.50007086009887
*c1cc2C(c3c(c2cc1)ccc(c3)c1ccc(cc1)*)(CCCCCCCC)CCCCCCCC,tg,81.0,80.08775114664247
*c1cc2C3(CC(CC(C3)(C)C)(C)C)c3c(c2cc1)ccc(c3)c1cc2C(c3c(c2cc1)ccc(c3)*)(CCCCCCCC)CCCCCCCC,tg,132.0,130.84294087365868
*c1cc2C3(CCC(CC3)(C3=NC(CO3)Cc3ccccc3)C3=NC(CO3)Cc3ccccc3)c3c(c2cc1)ccc(c3)c1cc2C(c3c(c2cc1)ccc(c3)*)(CCCCCC)CCCCCC,tg,142.0,101.10265937325106
*c1cc2C3(CCC(CC3)C(C)(C)C)c3c(c2cc1)ccc(c3)c1cc2C(c3c(c2cc1)ccc(c3)*)(CCCCCCCC)CCCCCCCC,tg,166.0,119.77497476609247
*c1cc2Oc3c(C(c2cc1)(C)C)ccc(c3)OC(=O)c1cc2c(C(CC2(c2ccc(cc2)C(=O)O*)C)(C)C)cc1,tg,297.0,255.6399320333711
*c1cc2Oc3c(C4(c2cc1)c1ccccc1c1ccccc41)ccc(c3)OC(=O)O*,tg,295.0,252.74011174267363
*c1cc2Sc3c(Sc2cc1)cc(cc3)S*,tg,209.9,191.8930703735583
*c1cc2Sc3c(Sc2cc1)cc(cc3)Sc1ccc(cc1)Sc1ccc(cc1)S*,tg,151.2,209.7755423382733
*c1cc2c(C(=O)N(C2=O)C2C(=O)N(C(=O)C2)c2c(ccc(c2)C)NC(=O)*)cc1,tg,237.0,129.8837883450852
*c1cc2c(C(=O)N(C2=O)C2C(=O)N(C(=O)C2)c2c3c(ccc2)cccc3NC(=O)*)cc1,tg,193.0,208.7225078682498
*c1cc2c(C(=O)N(C2=O)C2C(=O)N(C(=O)C2)c2ccc(cc2)Cc2ccc(cc2)NC(=O)*)cc1,tg,123.0,183.65620952794006
*c1cc2c(C(=O)N(C2=O)C2C(=O)N(C(=O)C2)c2ccc(cc2)NC(=O)*)cc1,tg,120.0,211.01970178996754
*c1cc2c(C(=O)N(C2=O)C2C(=O)N(C(=O)C2)c2ccc(cc2)S(=O)(=O)c2ccc(cc2)NC(=O)*)cc1,tg,145.0,206.63753584512023
*c1cc2c(C(=O)N(C2=O)C2C(=O)N(C(=O)C2)c2ccc(cc2)c2ccc(cc2)NC(=O)*)cc1,tg,219.0,153.53184764492707
*c1cc2c(C(=O)N(C2=O)C2C(CC(CC2)CC2CC(C(CC2)N2C(=O)c3c(C2=O)cc(cc3)C(=O)*)C)C)cc1,tg,240.0,253.57691189448698
*c1cc2c(C(=O)N(C2=O)C2CC(CC(C2)(CN2C(=O)c3c(C2=O)cc(cc3)C(*)(C(F)(F)F)C(F)(F)F)C)(C)C)cc1,tg,278.0,273.693819713531
*c1cc2c(C(=O)N(C2=O)C2CC(CC(C2)(CN2C(=O)c3c(C2=O)cc(cc3)C(=O)*)C)(C)C)cc1,tg,275.0,286.80676706202877
*c1cc2c(C(=O)N(C2=O)C2CCC(CC2)CC2CCC(CC2)N2C(=O)c3c(C2=O)cc(cc3)C(=O)*)cc1,tg,254.0,253.3331659371634
*c1cc2c(C(=O)N(C2=O)C2CCC(CC2)N2C(=O)c3c(C2=O)cc(cc3)C(=O)Oc2ccc(cc2)OC(=O)*)cc1,tg,360.0,203.84660853625792
*c1cc2c(C(=O)N(C2=O)c2c(c(cc(c2)C(F)(F)F)N2C(=O)c3c(C2=O)cc(cc3)C(=O)Nc2c(c(cc(c2)C(F)(F)F)NC(=O)*)Oc2ccc(cc2)C(F)(F)F)Oc2ccc(cc2)C(F)(F)F)cc1,tg,315.0,273.9542111082461
*c1cc2c(C(=O)N(C2=O)c2c(c(cc(c2)C(F)(F)F)N2C(=O)c3c(C2=O)cc(cc3)C(=O)Nc2cc(c(cc2)Oc2c(cc(cc2)NC(=O)*)c2ccccc2)c2ccccc2)Oc2ccc(cc2)C(F)(F)F)cc1,tg,312.0,317.4900446609081
*c1cc2c(C(=O)N(C2=O)c2c(c(cc(c2)C(F)(F)F)N2C(=O)c3c(C2=O)cc(cc3)C(=O)Nc2ccc(cc2)Oc2c(c3c(cc2)cccc3)c2c3c(ccc2Oc2ccc(cc2)NC(=O)*)cccc3)Oc2ccc(cc2)C(F)(F)F)cc1,tg,324.0,313.3585389382778
*c1cc2c(C(=O)N(C2=O)c2c(c(ccc2)C(=O)Nc2ccc(cc2)C(c2ccc(cc2)NC(=O)c2c(c(ccc2)N2C(=O)c3c(C2=O)cc(cc3)C(*)(C(F)(F)F)C(F)(F)F)C)(C(F)(F)F)C(F)(F)F)C)cc1,tg,250.0,305.25817964309374
*c1cc2c(C(=O)N(C2=O)c2c(c(ccc2)N2C(=O)c3c(C2=O)cc(cc3)C(*)(C(F)(F)F)C(F)(F)F)C)cc1,tg,353.5,325.2042935010801
*c1cc2c(C(=O)N(C2=O)c2c(cc(c(c2)Cl)N2C(=O)c3c(C2=O)cc(c(c3)Cl)C(=O)*)Cl)cc1Cl,tg,367.0,321.70222633034894
*c1cc2c(C(=O)N(C2=O)c2c(cc(c(c2)N2C(=O)c3c(C2=O)cc(cc3)C(*)(C(F)(F)F)C(F)(F)F)O)O)cc1,tg,324.0,327.88739584777056
*c1cc2c(C(=O)N(C2=O)c2c(cc(c(c2)N2C(=O)c3c(C2=O)cc(cc3)C(=O)*)O)O)cc1,tg,324.0,312.61917889643524
*c1cc2c(C(=O)N(C2=O)c2c(cc(c(c2C)C(=O)c2cc(ccc2)N2C(=O)c3c(C2=O)cc(cc3)C(*)(C(F)(F)F)C(F)(F)F)C)C)cc1,tg,280.0,300.3454480013999
*c1cc2c(C(=O)N(C2=O)c2c(cc(c(c2C)C(=O)c2cc(ccc2)N2C(=O)c3c(C2=O)cc(cc3)C(=O)*)C)C)cc1,tg,300.0,311.1078710723431
*c1cc2c(C(=O)N(C2=O)c2c(cc(c(c2C)N2C(=O)c3c(C2=O)cc(cc3)C(*)(C(F)(F)F)C(F)(F)F)C)C)cc1,tg,366.25,356.4662953150613
*c1cc2c(C(=O)N(C2=O)c2c(cc(c(c2C)N2C(=O)c3c(C2=O)cc(cc3)C(=O)*)C)C)cc1,tg,401.33,364.2392120616548
*c1cc2c(C(=O)N(C2=O)c2c(cc(c(c2C)N2C(=O)c3c(C2=O)cc(cc3)C(=O)Nc2cc(c(cc2)c2c(cc(cc2)NC(=O)*)C(F)(F)F)C(F)(F)F)C)C)cc1,tg,267.0,277.367353088819
*c1cc2c(C(=O)N(C2=O)c2c(cc(c(c2C)N2C(=O)c3c(C2=O)cc(cc3)C(=O)Nc2cc(c(cc2)c2c(cc(cc2)NC(=O)*)C)C)C)C)cc1,tg,259.0,320.0874001243147
*c1cc2c(C(=O)N(C2=O)c2c(cc(c(c2C)N2C(=O)c3c(C2=O)cc(cc3)C(=O)Nc2ccc(cc2)C(c2ccc(cc2)NC(=O)*)(C(F)(F)F)C(F)(F)F)C)C)cc1,tg,250.0,294.97668883649203
*c1cc2c(C(=O)N(C2=O)c2c(cc(c(c2C)N2C(=O)c3c(C2=O)cc(cc3)C(=O)Nc2ccc(cc2)NC(=O)*)C)C)cc1,tg,327.0,321.1478714275107
*c1cc2c(C(=O)N(C2=O)c2c(cc(cc2)C(c2cc(c(cc2)C)N2C(=O)c3c(C2=O)cc(cc3)C(*)(C(F)(F)F)C(F)(F)F)(C(F)(F)F)C(F)(F)F)C)cc1,tg,266.0,321.08726427368873
*c1cc2c(C(=O)N(C2=O)c2c(cc(cc2)C(c2cc(c(cc2)N2C(=O)c3c(C2=O)cc(cc3)C(*)(C(F)(F)F)C(F)(F)F)O)(C(F)(F)F)C(F)(F)F)O)cc1,tg,303.0,329.50719572965653
*c1cc2c(C(=O)N(C2=O)c2c(cc(cc2)C2(c3ccccc3c3ccccc23)c2cc(c(cc2)N2C(=O)c3c(C2=O)cc(cc3)C(*)(C(F)(F)F)C(F)(F)F)F)F)cc1,tg,352.0,325.1397394779572
*c1cc2c(C(=O)N(C2=O)c2c(cc(cc2)Cc2cc(c(cc2)N2C(=O)c3c(C2=O)cc(cc3)C(*)(C(F)(F)F)C(F)(F)F)C(C)(C)C)C(C)(C)C)cc1,tg,274.0,316.0373643829795
*c1cc2c(C(=O)N(C2=O)c2c(cc(cc2)c2cc(c(cc2)N2C(=O)c3c(C2=O)cc(cc3)C(*)(C(F)(F)F)C(F)(F)F)C)C)cc1,tg,352.0,351.4929337826093
*c1cc2c(C(=O)N(C2=O)c2c(cc(cc2)c2cc(c(cc2)N2C(=O)c3c(C2=O)cc(cc3)C(*)(C(F)(F)F)C(F)(F)F)O)O)cc1,tg,360.0,345.33260506117614
*c1cc2c(C(=O)N(C2=O)c2c(cc(cc2)c2cc(c(cc2)N2C(=O)c3c(C2=O)cc(cc3)C(*)(C(F)(F)F)C(F)(F)F)OC(=O)C=Cc2ccccc2)OC(=O)C=Cc2ccccc2)cc1,tg,181.0,275.5135859372494
*c1cc2c(C(=O)N(C2=O)c2c(cc(cc2)c2cc(c(cc2)N2C(=O)c3c(C2=O)cc(cc3)C(*)(C(F)(F)F)C(F)(F)F)OCCCCCCOc2ccc(cc2)/C=C/c2ccc(cc2)F)OCCCCCCOc2ccc(cc2)/C=C/c2ccc(cc2)F)cc1,tg,140.0,155.24562230310772
*c1cc2c(C(=O)N(C2=O)c2c(cc(cc2)c2cc(c(cc2)N2C(=O)c3c(C2=O)cc(cc3)C(*)(C(F)(F)F)C(F)(F)F)OCCN(c2ccc(cc2)C(=C(C#N)C#N)C#N)CC)OCCN(c2ccc(cc2)C(=C(C#N)C#N)C#N)CC)cc1,tg,222.0,207.9225036889978
*c1cc2c(C(=O)N(C2=O)c2c(cc(cc2)c2cc(c(cc2)N2C(=O)c3c(C2=O)cc(cc3)C(=O)*)C)C)cc1,tg,365.0,322.7517603673565
*c1cc2c(C(=O)N(C2=O)c2c(cc(cc2)c2cc(c(cc2)N2C(=O)c3c(C2=O)cc(cc3)C(=O)*)OCCCCCCOc2ccc(cc2)/C=C/c2ccc(cc2)F)OCCCCCCOc2ccc(cc2)/C=C/c2ccc(cc2)F)cc1,tg,128.0,168.63290806057583
*c1cc2c(C(=O)N(C2=O)c2c(cc(cc2)c2cc(c(cc2)N2C(=O)c3c(C2=O)cc(cc3)C(=O)Nc2ccc(cc2)C(c2ccc(cc2)NC(=O)*)(C(F)(F)F)C(F)(F)F)OC)OC)cc1,tg,250.0,294.4155879819843
*c1cc2c(C(=O)N(C2=O)c2c(cc(cc2C(C)C)C(c2cc(c(c(c2)C(C)C)N2C(=O)c3c(C2=O)cc(cc3)C(*)(C(F)(F)F)C(F)(F)F)C(C)C)(c2ccccc2)C(F)(F)F)C(C)C)cc1,tg,274.0,268.6553161489902
*c1cc2c(C(=O)N(C2=O)c2c(cc(cc2C(C)C)Cc2cc(c(c(c2)C(C)C)N2C(=O)c3c(C2=O)cc(cc3)C(*)(C(F)(F)F)C(F)(F)F)C(C)C)C(C)C)cc1,tg,278.5,268.00156404354925
*c1cc2c(C(=O)N(C2=O)c2c(cc(cc2C)C(c2cc(c(c(c2)C(C)C)N2C(=O)c3c(C2=O)cc(cc3)C(*)(C(F)(F)F)C(F)(F)F)C)(c2ccccc2)C(F)(F)F)C(C)C)cc1,tg,289.0,299.4640763642543
*c1cc2c(C(=O)N(C2=O)c2c(cc(cc2C)C(c2cc(c(c(c2)C)N2C(=O)c3c(C2=O)cc(cc3)C(*)(C(F)(F)F)C(F)(F)F)C)c2cc(ccc2)C(F)(F)F)C)cc1,tg,286.1,304.3626343532397
*c1cc2c(C(=O)N(C2=O)c2c(cc(cc2C)C(c2cc(c(c(c2)C)N2C(=O)c3c(C2=O)cc(cc3)C(=O)*)C)c2c3c(ccc2)cccc3)C)cc1,tg,303.0,325.6254124973839
*c1cc2c(C(=O)N(C2=O)c2c(cc(cc2C)C(c2cc(c(c(c2)C)N2C(=O)c3c(C2=O)cc(cc3)C(=O)*)C)c2cc(cc(c2)C(F)(F)F)C(F)(F)F)C)cc1,tg,301.1,314.5412395434642
*c1cc2c(C(=O)N(C2=O)c2c(cc(cc2C)C(c2cc(c(c(c2)C)N2C(=O)c3c(C2=O)cc(cc3)C(=O)*)C)c2cc(ccc2)C(F)(F)F)C)cc1,tg,285.0,294.7099524138089
*c1cc2c(C(=O)N(C2=O)c2c(cc(cc2C)C2(c3ccccc3c3ccccc23)c2cc(c(c(c2)C(C)C)N2C(=O)c3c(C2=O)cc(cc3)C(*)(C(F)(F)F)C(F)(F)F)C)C(C)C)cc1,tg,335.0,308.9086777815037
*c1cc2c(C(=O)N(C2=O)c2c(cc(cc2C)C2(c3ccccc3c3ccccc23)c2cc(c(c(c2)C)N2C(=O)c3c(C2=O)cc(cc3)C(*)(C(F)(F)F)C(F)(F)F)C)C)cc1,tg,361.0,363.63301187886964
*c1cc2c(C(=O)N(C2=O)c2c(cc(cc2C)Cc2cc(c(c(c2)C(C)C)N2C(=O)c3c(C2=O)cc(cc3)C(*)(C(F)(F)F)C(F)(F)F)C)C(C)C)cc1,tg,276.0,291.47763681229526
*c1cc2c(C(=O)N(C2=O)c2c(cc(cc2C)Cc2cc(c(c(c2)C)N2C(=O)c3c(C2=O)cc(cc3)C(*)(C(F)(F)F)C(F)(F)F)C)C)cc1,tg,307.5,324.0340253290489
*c1cc2c(C(=O)N(C2=O)c2c(cc(cc2C)Cc2cc(c(c(c2)C)N2C(=O)c3c(C2=O)cc(cc3)C(=O)*)C)C)cc1,tg,331.0,319.6296753360411
*c1cc2c(C(=O)N(C2=O)c2c(cc(cc2C)Cc2cc(c(c(c2)C)N2C(=O)c3c(C2=O)cc(cc3)C(=O)OCCN(CCOC(=O)*)c2ccc(cc2)N=Nc2ccc(cc2)[N+](=O)[O-])C)C)cc1,tg,179.0,191.57099510962357
*c1cc2c(C(=O)N(C2=O)c2c(cc(cc2C)Cc2cc(c(c(c2)C)N2C(=O)c3c(C2=O)cc(cc3)C(=O)OCCN(CCOC(=O)*)c2ccccc2)C)C)cc1,tg,177.0,165.50183170435298
*c1cc2c(C(=O)N(C2=O)c2c(cc(cc2C)c2c(cc(c(c2)C)c2cc(c(c(c2)C)N2C(=O)c3c(C2=O)cc(cc3)C(*)(C(F)(F)F)C(F)(F)F)C)C)C)cc1,tg,361.0,366.2061626985199
*c1cc2c(C(=O)N(C2=O)c2c(cc(cc2C)c2cc(c(c(c2)C)N2C(=O)c3c(C2=O)cc(cc3)C(=O)Oc2c(cc(cc2C)C(c2cc(c(c(c2)C)OC(=O)*)C)(C(F)(F)F)C(F)(F)F)C)C)C)cc1,tg,327.0,331.95636970686047
*c1cc2c(C(=O)N(C2=O)c2c(cc(cc2C)c2cc(c(c(c2)C)N2C(=O)c3c(C2=O)cc(cc3)C(=O)Oc2ccc(cc2)C(c2ccc(cc2)OC(=O)*)(C(F)(F)F)C(F)(F)F)C)C)cc1,tg,335.0,289.95980271728195
*c1cc2c(C(=O)N(C2=O)c2c(cc(cc2CC)Cc2cc(c(c(c2)CC)N2C(=O)c3c(C2=O)cc(cc3)C(*)(C(F)(F)F)C(F)(F)F)CC)CC)cc1,tg,266.0,275.725715857274
*c1cc2c(C(=O)N(C2=O)c2c(cc(cc2c2ccccc2)c2ccc(cc2)c2cc(c(c(c2)c2ccccc2)N2C(=O)c3c(C2=O)cc(cc3)C(=O)*)c2ccccc2)c2ccccc2)cc1,tg,265.0,316.63263082883
*c1cc2c(C(=O)N(C2=O)c2c(ccc(c2)C(=O)Nc2c3c(ccc2)c(ccc3)NC(=O)c2cc(c(cc2)C)N2C(=O)c3c(C2=O)cc(cc3)C(*)(C(F)(F)F)C(F)(F)F)C)cc1,tg,250.0,307.29762426184084
*c1cc2c(C(=O)N(C2=O)c2c(ccc(c2)C(=O)Oc2ccc(cc2)C(c2ccc(cc2)OC(=O)c2cc(c(cc2)C)N2C(=O)c3c(C2=O)cc(cc3)C(*)(C(F)(F)F)C(F)(F)F)(C(F)(F)F)C(F)(F)F)C)cc1,tg,289.0,245.41317284834145
*c1cc2c(C(=O)N(C2=O)c2c(ccc(c2)C(c2cc(c(cc2)O)N2C(=O)c3c(C2=O)cc(cc3)C(*)(C(F)(F)F)C(F)(F)F)(C(F)(F)F)C(F)(F)F)O)cc1,tg,310.33,320.04670937014686
*c1cc2c(C(=O)N(C2=O)c2c(ccc(c2)C(c2cc(c(cc2)O)N2C(=O)c3c(C2=O)cc(cc3)C(=O)*)(C(F)(F)F)C(F)(F)F)O)cc1,tg,315.0,311.45791425470657
*c1cc2c(C(=O)N(C2=O)c2c(ccc(c2)C(c2cc(c(cc2)OC(=O)C)N2C(=O)c3c(C2=O)cc(cc3)C(*)(C(F)(F)F)C(F)(F)F)(C(F)(F)F)C(F)(F)F)OC(=O)C)cc1,tg,266.5,253.37646742643454
*c1cc2c(C(=O)N(C2=O)c2c(ccc(c2)C(c2cc(c(cc2)OC(=O)C23CC4CC(CC(C2)C4)C3)N2C(=O)c3c(C2=O)cc(cc3)C(*)(C(F)(F)F)C(F)(F)F)(C(F)(F)F)C(F)(F)F)OC(=O)C23CC4CC(CC(C2)C4)C3)cc1,tg,305.0,268.09984846052237
*c1cc2c(C(=O)N(C2=O)c2c(ccc(c2)C(c2cc(c(cc2)OCCN(c2ccc(cc2)N=Nc2ccc(cc2)[N+](=O)[O-])CC)N2C(=O)c3c(C2=O)cc(cc3)C(*)(C(F)(F)F)C(F)(F)F)(C(F)(F)F)C(F)(F)F)OCCN(c2ccc(cc2)N=Nc2ccc(cc2)[N+](=O)[O-])CC)cc1,tg,199.0,211.6104199208762
*c1cc2c(C(=O)N(C2=O)c2c(ccc(c2)N2C(=O)c3c(C2=O)cc(cc3)C(*)(C(F)(F)F)C(F)(F)F)C)cc1,tg,307.0,326.2843858876225
*c1cc2c(C(=O)N(C2=O)c2c(ccc(c2)N2C(=O)c3c(C2=O)cc(cc3)C(*)(C(F)(F)F)C(F)(F)F)OCCCCCCOc2ccc(cc2)N=Nc2ccc(cc2)OCC)cc1,tg,198.0,193.868671369735
*c1cc2c(C(=O)N(C2=O)c2c(ccc(c2)N2C(=O)c3c(C2=O)cc(cc3)C(*)(C(F)(F)F)C(F)(F)F)OCCCCCCOc2ccc(cc2)c2ccc(cc2)OCC)cc1,tg,150.3,196.97923301996343
*c1cc2c(C(=O)N(C2=O)c2c(ccc(c2)N2C(=O)c3c(C2=O)cc(cc3)C(=O)*)C)cc1,tg,313.5,334.8668539584693
*c1cc2c(C(=O)N(C2=O)c2c(ccc(c2)N2C(=O)c3c(C2=O)cc(cc3)C(=O)*)CP(=O)(OCCCl)OCCCl)cc1,tg,261.0,204.69926109448227
*c1cc2c(C(=O)N(C2=O)c2c(ccc(c2)N2C(=O)c3c(C2=O)cc(cc3)C(=O)*)Oc2ccc(cc2)S(=O)(=O)c2ccc(cc2)C)cc1,tg,293.0,265.8994412333998
*c1cc2c(C(=O)N(C2=O)c2c(ccc(c2)N2C(=O)c3c(C2=O)cc(cc3)C(=O)Nc2c(cc(cc2C)Cc2cc(c(c(c2)C)NC(=O)*)C)C)N=Nc2ccc(cc2)OC(F)(F)F)cc1,tg,278.0,293.77600045648944
*c1cc2c(C(=O)N(C2=O)c2c(ccc(c2)N2C(=O)c3c(C2=O)cc(cc3)C(=O)Nc2c(cc(cc2C)Cc2cc(c(c(c2)C)NC(=O)*)C)C)N=Nc2ccc(cc2)[N+](=O)[O-])cc1,tg,280.0,267.86674681458504
*c1cc2c(C(=O)N(C2=O)c2c(ccc(c2)N2C(=O)c3c(C2=O)cc(cc3)C(=O)Nc2c(cc(cc2CC)Cc2cc(c(c(c2)CC)NC(=O)*)CC)CC)N=Nc2ccc(cc2)C)cc1,tg,269.0,268.5290418076364
*c1cc2c(C(=O)N(C2=O)c2c(ccc(c2)N2C(=O)c3c(C2=O)cc(cc3)C(=O)Nc2ccc(cc2)Oc2ccc(cc2)C2(c3c(C(=O)N2)cccc3)c2ccc(cc2)Oc2ccc(cc2)NC(=O)*)C)cc1,tg,315.0,312.3761825565247
*c1cc2c(C(=O)N(C2=O)c2c(ccc(c2)N2C(=O)c3c(C2=O)cc(cc3)C(=O)OCCN(CCOC(=O)*)c2ccc(cc2)N=Nc2ccc(cc2)C(=C(C#N)C#N)C#N)N=Nc2ccc(cc2)C(=C(C#N)C#N)C#N)cc1,tg,121.0,190.7790775564805
*c1cc2c(C(=O)N(C2=O)c2c(ccc(c2)N2C(=O)c3c(C2=O)cc(cc3)C(=O)OCCN(CCOC(=O)*)c2ccccc2)N=Nc2ccccc2)cc1,tg,156.0,163.76770981184282
*c1cc2c(C(=O)N(C2=O)c2c(ccc(c2)N2C(=O)c3c(C2=O)cc(cc3)C(=O)Oc2ccc(cc2)C(c2ccc(cc2)OC(=O)*)(C)C)O)cc1,tg,225.0,241.4628584167502
*c1cc2c(C(=O)N(C2=O)c2c(ccc(c2)NC(=O)OCCN(CCOC(=O)Nc2c(ccc(c2)N2C(=O)c3c(C2=O)cc(cc3)C(*)(C(F)(F)F)C(F)(F)F)C)c2ccc(cc2)N=Nc2ccc(cc2)[N+](=O)[O-])C)cc1,tg,196.0,208.99913309653374
*c1cc2c(C(=O)N(C2=O)c2c(ccc(c2)c2cc(c(cc2)O)N2C(=O)c3c(C2=O)cc(cc3)C(*)(C(F)(F)F)C(F)(F)F)O)cc1,tg,350.0,341.68403092706296
*c1cc2c(C(=O)N(C2=O)c2c(cccc2)C(=O)c2c(cccc2)N2C(=O)c3c(C2=O)cc(cc3)C(=O)*)cc1,tg,289.0,307.2304693594311
*c1cc2c(C(=O)N(C2=O)c2c(cccc2)C(=O)c2cc(ccc2)N2C(=O)c3c(C2=O)cc(cc3)C(=O)*)cc1,tg,258.33,263.516878761789
*c1cc2c(C(=O)N(C2=O)c2c(cccc2)C(=O)c2ccc(cc2)N2C(=O)c3c(C2=O)cc(cc3)C(=O)*)cc1,tg,286.0,283.27827960311004
*c1cc2c(C(=O)N(C2=O)c2c(cccc2)Cc2c(cccc2)N2C(=O)c3c(C2=O)cc(cc3)C(=O)*)cc1,tg,285.0,278.4179632596105
*c1cc2c(C(=O)N(C2=O)c2c(cccc2)Cc2ccc(cc2)N2C(=O)c3c(C2=O)cc(cc3)C(=O)*)cc1,tg,286.0,286.7918551573074
*c1cc2c(C(=O)N(C2=O)c2c(cccc2)Oc2ccc(cc2)N2C(=O)c3c(C2=O)cc(cc3)C(=O)*)cc1,tg,286.0,263.08822347639426
*c1cc2c(C(=O)N(C2=O)c2c(cccc2)c2ccc(cc2)N2C(=O)c3c(C2=O)cc(cc3)C(=O)*)cc1,tg,305.0,313.70781966046286
*c1cc2c(C(=O)N(C2=O)c2c3c(c(cc2C)c2cc(c(c4c2cccc4)N2C(=O)c4c(C2=O)cc(cc4)C(*)(C(F)(F)F)C(F)(F)F)C)cccc3)cc1,tg,403.0,347.42318999992267
*c1cc2c(C(=O)N(C2=O)c2c3c(ccc2)c(ccc3)N2C(=O)c3c(C2=O)cc(cc3)C(*)(C(F)(F)F)C(F)(F)F)cc1,tg,390.0,318.4989337267526
*c1cc2c(C(=O)N(C2=O)c2c3c(ccc2)c(ccc3)N2C(=O)c3c(C2=O)cc(cc3)C(=O)Nc2c(c(cc(c2)C(c2cc(c(c(c2)NC(=O)*)C)C)(C(F)(F)F)C(F)(F)F)C)C)cc1,tg,250.0,283.1442305800375
*c1cc2c(C(=O)N(C2=O)c2c3c(ccc2)c(ccc3)N2C(=O)c3c(C2=O)cc(cc3)C(=O)Nc2ccc(cc2)C(c2ccc(cc2)NC(=O)*)(C(F)(F)F)C(F)(F)F)cc1,tg,250.0,315.8107344228446
*c1cc2c(C(=O)N(C2=O)c2c3c(ccc2)c(ccc3)Oc2ccc(cc2)N2C(=O)c3c(C2=O)cc(cc3)C(=O)Nc2c(cc(cc2)c2cc(c(cc2)NC(=O)*)OC)OC)cc1,tg,304.0,260.5481126794245
*c1cc2c(C(=O)N(C2=O)c2c3c(ccc2)c(ccc3)Oc2ccc(cc2)N2C(=O)c3c(C2=O)cc(cc3)C(=O)Nc2ccc(cc2)Oc2ccc(cc2)NC(=O)*)cc1,tg,278.0,290.0834361612222
*c1cc2c(C(=O)N(C2=O)c2c3c(ccc2)c(ccc3)Oc2ccc(cc2)N2C(=O)c3c(C2=O)cc(cc3)C(=O)Nc2ccc(cc2)c2ccc(cc2)NC(=O)*)cc1,tg,301.0,292.20885930200285
*c1cc2c(C(=O)N(C2=O)c2c3c(ccc2)c(ccc3)Oc2ccc(cc2)N2C(=O)c3c(C2=O)cc(cc3)C(=O)Nc2ccc(cc2)c2nc(cc(c2)c2ccccc2)c2ccc(cc2)NC(=O)*)cc1,tg,295.0,306.1238555260831
*c1cc2c(C(=O)N(C2=O)c2c3c(ccc2)c(ccc3)Oc2ccc(cc2)N2C(=O)c3c(C2=O)cc(cc3)C(=O)Nc2nc(ccc2)NC(=O)*)cc1,tg,293.0,283.56014432835343
*c1cc2c(C(=O)N(C2=O)c2c3c(ccc2)c(ccc3)Oc2ccc(cc2)N2C(=O)c3c(C2=O)cc(cc3)C(=O)Nc2nc(nc(n2)NC(=O)*)c2ccccc2)cc1,tg,291.0,290.9669332036521
*c1cc2c(C(=O)N(C2=O)c2cc(c(c(c2)Br)Oc2c(cc(cc2Br)N2C(=O)c3c(C2=O)cc(cc3)C(=O)*)Br)Br)cc1,tg,323.0,291.60517298501765
*c1cc2c(C(=O)N(C2=O)c2cc(c(cc2)C(=O)Nc2ccc(cc2)C(c2ccc(cc2)NC(=O)*)(C(F)(F)F)C(F)(F)F)C)cc1,tg,320.0,267.474594346221
*c1cc2c(C(=O)N(C2=O)c2cc(c(cc2)Oc2c(cc(cc2)N2C(=O)c3c(C2=O)cc(cc3)C(*)(C(F)(F)F)C(F)(F)F)Br)Br)cc1,tg,299.0,293.3182490904697
*c1cc2c(C(=O)N(C2=O)c2cc(c(cc2)Oc2c(cc(cc2)N2C(=O)c3c(C2=O)cc(cc3)C(=O)*)Br)Br)cc1,tg,296.0,295.046107206859
*c1cc2c(C(=O)N(C2=O)c2cc(c(cc2)Oc2c(cc(cc2)N2C(=O)c3c(C2=O)cc(cc3)C(=O)*)c2cc(c(c(c2)F)F)F)c2cc(c(c(c2)F)F)F)cc1,tg,342.0,250.6243510872855
*c1cc2c(C(=O)N(C2=O)c2cc(c(cc2)Oc2c(cc(cc2)N2C(=O)c3c(C2=O)cc(cc3)C(=O)Nc2cc(c(cc2)Oc2c(cc(cc2)NC(=O)*)c2ccccc2)c2ccccc2)c2ccccc2)c2ccccc2)cc1,tg,369.0,325.1036981313066
*c1cc2c(C(=O)N(C2=O)c2cc(c(cc2)Oc2c(cc(cc2)N2C(=O)c3c(C2=O)cc(cc3)C(=O)Nc2ccc(cc2)Oc2ccc(cc2)NC(=O)*)c2ccccc2)c2ccccc2)cc1,tg,345.0,309.2236221929477
*c1cc2c(C(=O)N(C2=O)c2cc(c(cc2)Oc2c(cc(cc2C(C)(C)C)c2ccc(cc2)N2C(=O)c3c(C2=O)cc(cc3)C(*)(C(F)(F)F)C(F)(F)F)C(C)(C)C)C(F)(F)F)cc1,tg,362.5,347.9120524938015
*c1cc2c(C(=O)N(C2=O)c2cc(c(cc2)Oc2c(cc(cc2C(C)(C)C)c2ccc(cc2)N2C(=O)c3c(C2=O)cc(cc3)C(=O)*)C(C)(C)C)C(F)(F)F)cc1,tg,362.0,361.9729523055191
*c1cc2c(C(=O)N(C2=O)c2cc(c(cc2)Oc2c(cccc2)Oc2c(cc(cc2)N2C(=O)c3c(C2=O)cc(cc3)C(*)(C(F)(F)F)C(F)(F)F)C(F)(F)F)C(F)(F)F)cc1,tg,247.0,260.71350166875544
*c1cc2c(C(=O)N(C2=O)c2cc(c(cc2)Oc2c(cccc2)Oc2c(cc(cc2)N2C(=O)c3c(C2=O)cc(cc3)C(=O)*)C(F)(F)F)C(F)(F)F)cc1,tg,236.0,245.28286858064646
*c1cc2c(C(=O)N(C2=O)c2cc(c(cc2)Oc2ccc(cc2)C(=O)c2cc(ccc2)N2C(=O)c3c(C2=O)cc(cc3)C(=O)*)C(F)(F)F)cc1,tg,242.0,228.7285373682704
*c1cc2c(C(=O)N(C2=O)c2cc(c(cc2)Oc2ccc(cc2)C(=O)c2nc(ccc2)C(=O)c2ccc(cc2)Oc2c(cc(cc2)N2C(=O)c3c(C2=O)cc(cc3)C(*)(C(F)(F)F)C(F)(F)F)C(F)(F)F)C(F)(F)F)cc1,tg,206.4,241.21024195773956
*c1cc2c(C(=O)N(C2=O)c2cc(c(cc2)Oc2ccc(cc2)C(=O)c2nc(ccc2)C(=O)c2ccc(cc2)Oc2c(cc(cc2)N2C(=O)c3c(C2=O)cc(cc3)C(=O)*)C(F)(F)F)C(F)(F)F)cc1,tg,225.2,245.7200371227186
*c1cc2c(C(=O)N(C2=O)c2cc(c(cc2)Oc2ccc(cc2)C(c2ccc(cc2)Oc2c(cc(cc2)N2C(=O)c3c(C2=O)cc(cc3)C(=O)*)C(F)(F)F)(C(F)(F)F)C(F)(F)F)C(F)(F)F)cc1,tg,220.0,259.39363884036703
*c1cc2c(C(=O)N(C2=O)c2cc(c(cc2)Oc2ccc(cc2)N2C(=O)c3c(C2=O)cc(cc3)C(*)(C(F)(F)F)C(F)(F)F)O)cc1,tg,277.33,290.9548469512209
*c1cc2c(C(=O)N(C2=O)c2cc(c(cc2)Oc2ccc(cc2)N2C(=O)c3c(C2=O)cc(cc3)C(*)(C(F)(F)F)C(F)(F)F)OCCN(c2ccc(cc2)N=Nc2ccc(cc2)[N+](=O)[O-])CC)cc1,tg,202.0,218.3521041637119
*c1cc2c(C(=O)N(C2=O)c2cc(c(cc2)Oc2ccc(cc2)Oc2ccc(cc2)N2C(=O)c3c(C2=O)cc(cc3)C(*)(C(F)(F)F)C(F)(F)F)C(F)(F)F)cc1,tg,260.8,252.1254091528323
*c1cc2c(C(=O)N(C2=O)c2cc(c(cc2)c2c(cc(cc2)N2C(=O)c3c(C2=O)cc(cc3)C(*)(C(F)(F)F)C(F)(F)F)C(F)(F)F)C(F)(F)F)cc1,tg,321.5,311.1671255985093
*c1cc2c(C(=O)N(C2=O)c2cc(c(cc2)c2c(cc(cc2)N2C(=O)c3c(C2=O)cc(cc3)C(=O)*)C)C)cc1,tg,385.0,303.14457579960055
*c1cc2c(C(=O)N(C2=O)c2cc(c(cc2)c2c(cc(cc2)N2C(=O)c3c(C2=O)cc(cc3)C(=O)Oc2c(ccc(c2)OC(=O)*)C23CC4CC(CC(C2)C4)C3)C)C)cc1,tg,225.0,258.72340200987054
*c1cc2c(C(=O)N(C2=O)c2cc(c(cc2)c2c(cc(cc2)N2C(=O)c3c(C2=O)cc(cc3)C(=O)Oc2cc(c(cc2)c2c(cc(cc2)OC(=O)*)C)C)C)C)cc1,tg,177.0,259.47591433054606
*c1cc2c(C(=O)N(C2=O)c2cc(c(cc2)c2c(cc(cc2)N2C(=O)c3c(C2=O)cc(cc3)C(=O)Oc2ccc(cc2)C(c2ccc(cc2)OC(=O)*)(C)C)C)C)cc1,tg,166.0,212.33887045687354
*c1cc2c(C(=O)N(C2=O)c2cc(c(cc2)c2c(cc(cc2)N2C(=O)c3c(C2=O)cc(cc3)C(=O)Oc2ccc(cc2)C2(C3C4C(CCC4)C(C2)C3)c2ccc(cc2)OC(=O)*)C)C)cc1,tg,226.0,229.8983343402317
*c1cc2c(C(=O)N(C2=O)c2cc(c(cc2)c2c(cc(cc2)N2C(=O)c3c(C2=O)cc(cc3)C(=O)Oc2ccc(cc2)C2(C3CC4CC(CC2C4)C3)c2ccc(cc2)OC(=O)*)C)C)cc1,tg,222.0,241.821371142798
*c1cc2c(C(=O)N(C2=O)c2cc(c(cc2)c2c(cc(cc2)N2C(=O)c3c(C2=O)cc(cc3)C(=O)Oc2ccc(cc2)C2(CCC(CC2)C(C)(C)C)c2ccc(cc2)OC(=O)*)C)C)cc1,tg,217.0,222.45326878193558
*c1cc2c(C(=O)N(C2=O)c2cc(cc(c2)C(=O)O)N2C(=O)c3c(C2=O)cc(cc3)C(=O)*)cc1,tg,294.0,280.8457486030939
*c1cc2c(C(=O)N(C2=O)c2cc(cc(c2)C(=O)c2ccccc2)N2C(=O)c3c(C2=O)cc(cc3)C(=O)*)cc1,tg,282.0,239.27815165390777
*c1cc2c(C(=O)N(C2=O)c2cc(cc(c2)C(C)(C)C)N2C(=O)c3c(C2=O)cc(c(c3)Cl)C(=O)*)cc1Cl,tg,290.0,314.4614455429949
*c1cc2c(C(=O)N(C2=O)c2cc(cc(c2)C(F)(F)F)N2C(=O)c3c(C2=O)cc(c(c3)Cl)C(=O)*)cc1Cl,tg,305.0,296.45476238736524
*c1cc2c(C(=O)N(C2=O)c2cc(cc(c2)C(F)(F)F)N2C(=O)c3c(C2=O)cc(cc3)C(*)(C(F)(F)F)C(F)(F)F)cc1,tg,284.0,320.53293742211366
*c1cc2c(C(=O)N(C2=O)c2cc(cc(c2)C(F)(F)F)N2C(=O)c3c(C2=O)cc(cc3)C(=O)*)cc1,tg,276.75,292.97377972853417
*c1cc2c(C(=O)N(C2=O)c2cc(cc(c2)OCCCC)N2C(=O)c3c(C2=O)cc(cc3)C(=O)*)cc1,tg,244.0,227.80199272117235
*c1cc2c(C(=O)N(C2=O)c2cc(cc(c2)OCCCCCCCC)N2C(=O)c3c(C2=O)cc(cc3)C(*)(C(F)(F)F)C(F)(F)F)cc1,tg,195.0,173.41053106611113
*c1cc2c(C(=O)N(C2=O)c2cc(cc(c2)OCCCCCCCC)N2C(=O)c3c(C2=O)cc(cc3)C(=O)*)cc1,tg,195.0,188.6702643471189
*c1cc2c(C(=O)N(C2=O)c2cc(cc(c2)OCCCCCCCCCCCC)N2C(=O)c3c(C2=O)cc(cc3)C(*)(C(F)(F)F)C(F)(F)F)cc1,tg,165.0,188.35894195974132
*c1cc2c(C(=O)N(C2=O)c2cc(cc(c2)OCCCCCCCCCCCCCCCC)N2C(=O)c3c(C2=O)cc(cc3)C(=O)*)cc1,tg,179.0,186.81605105437134
*c1cc2c(C(=O)N(C2=O)c2cc(cc(c2)OCCN(c2ccc(cc2)N=Nc2ccc(cc2)[N+](=O)[O-])CC)N2C(=O)c3c(C2=O)cc(cc3)C(*)(C(F)(F)F)C(F)(F)F)cc1,tg,210.0,211.16907235644703
*c1cc2c(C(=O)N(C2=O)c2cc(cc(c2)c2c(=O)oc3c(cccc3)n2)N2C(=O)c3c(C2=O)cc(cc3)C(=O)*)cc1,tg,95.0,251.0878035552287
*c1cc2c(C(=O)N(C2=O)c2cc(cc(c2)c2nc3c([nH]2)cccc3)N2C(=O)c3c(C2=O)cc(cc3)C(=O)*)cc1,tg,197.0,324.6786305333785
*c1cc2c(C(=O)N(C2=O)c2cc(cc(c2)c2oc(nn2)c2ncccc2)N2C(=O)c3c(C2=O)cc(cc3)C(=O)Nc2cc(cc(c2)c2oc(nn2)c2ncccc2)NC(=O)*)cc1,tg,164.0,238.36172222715174
*c1cc2c(C(=O)N(C2=O)c2cc(cc(c2)c2oc(nn2)c2ncccc2)N2C(=O)c3c(C2=O)cc(cc3)C(=O)Nc2cc(ccc2)S(=O)(=O)c2cc(ccc2)NC(=O)*)cc1,tg,173.0,209.77744854368206
*c1cc2c(C(=O)N(C2=O)c2cc(cc(c2)c2oc3c(n2)cccc3)N2C(=O)c3c(C2=O)cc(cc3)C(=O)Nc2cc(cc(c2)c2nc3c([nH]2)cccc3)NC(=O)*)cc1,tg,371.0,334.91410527512323
*c1cc2c(C(=O)N(C2=O)c2cc(cc(c2)c2oc3c(n2)cccc3)N2C(=O)c3c(C2=O)cc(cc3)C(=O)Nc2ccc(cc2)S(=O)(=O)c2ccc(cc2)NC(=O)*)cc1,tg,367.0,331.7746062741185
*c1cc2c(C(=O)N(C2=O)c2cc(cc(c2)c2oc3c(n2)cccc3)N2C(=O)c3c(C2=O)cc(cc3)C(=O)Nc2nc(ccc2)NC(=O)*)cc1,tg,365.0,319.73320976754235
*c1cc2c(C(=O)N(C2=O)c2cc(cc(c2)c2sc3c(n2)cccc3)N2C(=O)c3c(C2=O)cc(cc3)C(=O)Nc2cc(cc(c2)c2nc3c([nH]2)cccc3)NC(=O)*)cc1,tg,368.0,348.9018974511443
*c1cc2c(C(=O)N(C2=O)c2cc(cc(c2)c2sc3c(n2)cccc3)N2C(=O)c3c(C2=O)cc(cc3)C(=O)Nc2ccc(cc2)NC(=O)*)cc1,tg,356.0,363.872694885236
*c1cc2c(C(=O)N(C2=O)c2cc(cc(c2)c2sc3c(n2)cccc3)N2C(=O)c3c(C2=O)cc(cc3)C(=O)Nc2ccc(cc2)S(=O)(=O)c2ccc(cc2)NC(=O)*)cc1,tg,357.0,352.7772542309605
*c1cc2c(C(=O)N(C2=O)c2cc(cc(c2)c2sc3c(n2)cccc3)N2C(=O)c3c(C2=O)cc(cc3)C(=O)Nc2nc(ccc2)NC(=O)*)cc1,tg,358.0,336.9439058617119
*c1cc2c(C(=O)N(C2=O)c2cc(ccc2)C#Cc2cc(ccc2)N2C(=O)c3c(C2=O)cc(cc3)C(=O)*)cc1,tg,295.8,310.21970081656843
*c1cc2c(C(=O)N(C2=O)c2cc(ccc2)C#Cc2cc(ccc2)NC(=O)*)cc1,tg,323.5,264.7481486339449
*c1cc2c(C(=O)N(C2=O)c2cc(ccc2)C(=O)NCCN(CCNC(=O)*)c2ccc(cc2)C=Cc2ccc(cc2)[N+](=O)[O-])cc1,tg,178.0,178.57145293730574
*c1cc2c(C(=O)N(C2=O)c2cc(ccc2)C(=O)Nc2ccc(cc2)C(c2ccc(cc2)NC(=O)c2cc(ccc2)N2C(=O)c3c(C2=O)cc(cc3)C(*)(C(F)(F)F)C(F)(F)F)(C(F)(F)F)C(F)(F)F)cc1,tg,273.5,290.9125169700812
*c1cc2c(C(=O)N(C2=O)c2cc(ccc2)C(=O)Nc2ccc(cc2)NC(=O)c2ccc(cc2)NC(=O)c2cc(ccc2)N2C(=O)c3c(C2=O)cc(cc3)C(*)(C(F)(F)F)C(F)(F)F)cc1,tg,328.0,291.44903515047275
*c1cc2c(C(=O)N(C2=O)c2cc(ccc2)C(=O)Nc2ccc(cc2)Oc2c(cccc2)Oc2ccc(cc2)NC(=O)c2cc(ccc2)N2C(=O)c3c(C2=O)cc(cc3)C(*)(C(F)(F)F)C(F)(F)F)cc1,tg,265.0,264.7722644981193
*c1cc2c(C(=O)N(C2=O)c2cc(ccc2)C(=O)Nc2ccc(cc2)Oc2ccc(cc2)C(c2ccc(cc2)Oc2ccc(cc2)NC(=O)c2cc(ccc2)N2C(=O)c3c(C2=O)cc(cc3)C(*)(C(F)(F)F)C(F)(F)F)(C(F)(F)F)C(F)(F)F)cc1,tg,266.0,278.78585957219417
*c1cc2c(C(=O)N(C2=O)c2cc(ccc2)C(=O)Nc2ccc(cc2)Oc2ccc(cc2)C(c2ccc(cc2)Oc2ccc(cc2)NC(=O)c2cc(ccc2)N2C(=O)c3c(C2=O)cc(cc3)C(*)(C(F)(F)F)C(F)(F)F)(C)C)cc1,tg,259.0,264.47393608720745
*c1cc2c(C(=O)N(C2=O)c2cc(ccc2)C(=O)Nc2ccc(cc2)Oc2ccc(cc2)NC(=O)c2cc(ccc2)N2C(=O)c3c(C2=O)cc(cc3)C(*)(C(F)(F)F)C(F)(F)F)cc1,tg,298.0,288.02539368097183
*c1cc2c(C(=O)N(C2=O)c2cc(ccc2)C(=O)Nc2ccc(cc2)Oc2ccc(cc2)Oc2ccc(cc2)NC(=O)c2cc(ccc2)N2C(=O)c3c(C2=O)cc(cc3)C(*)(C(F)(F)F)C(F)(F)F)cc1,tg,283.0,288.6898483988436
*c1cc2c(C(=O)N(C2=O)c2cc(ccc2)C(=O)Nc2ccc(cc2)c2ccc(cc2)NC(=O)c2cc(ccc2)N2C(=O)c3c(C2=O)cc(cc3)C(*)(C(F)(F)F)C(F)(F)F)cc1,tg,324.0,310.12422934024255
*c1cc2c(C(=O)N(C2=O)c2cc(ccc2)C(=O)OCCOC(=O)*)cc1,tg,220.0,201.0380147700212
*c1cc2c(C(=O)N(C2=O)c2cc(ccc2)C(=O)c2ccc(cc2)Cc2cc(ccc2)N2C(=O)c3c(C2=O)cc(cc3)C(=O)*)cc1,tg,265.5,243.1917517538091
*c1cc2c(C(=O)N(C2=O)c2cc(ccc2)C(=O)c2ccc(cc2)Cc2ccc(cc2)C(=O)c2cc(ccc2)N2C(=O)c3c(C2=O)cc(cc3)C(=O)*)cc1,tg,260.5,252.08211094139057
*c1cc2c(C(=O)N(C2=O)c2cc(ccc2)C(=O)c2ccc(cc2)Cc2ccc(cc2)N2C(=O)c3c(C2=O)cc(cc3)C(=O)*)cc1,tg,290.0,271.0930589896698
*c1cc2c(C(=O)N(C2=O)c2cc(ccc2)C(=O)c2ccc(cc2)N2C(=O)c3c(C2=O)cc(cc3)C(=O)*)cc1,tg,271.5,294.15633812614817
*c1cc2c(C(=O)N(C2=O)c2cc(ccc2)C(C(C(C(C(c2cc(ccc2)N2C(=O)c3c(C2=O)cc(cc3)C(C(C(*)(F)F)(F)F)(F)F)(F)F)(F)F)(F)F)(F)F)(F)F)cc1,tg,104.5,139.55899878377426
*c1cc2c(C(=O)N(C2=O)c2cc(ccc2)C(C(C(C(C(c2cc(ccc2)N2C(=O)c3c(C2=O)cc(cc3)C(C(C(C(*)(F)F)(F)F)(F)F)(F)F)(F)F)(F)F)(F)F)(F)F)(F)F)cc1,tg,144.0,114.90316816171529
*c1cc2c(C(=O)N(C2=O)c2cc(ccc2)C(C(C(C(C(c2cc(ccc2)N2C(=O)c3c(C2=O)cc(cc3)C(C(C(C(C(C(C(*)(F)F)(F)F)(F)F)(F)F)(F)F)(F)F)(F)F)(F)F)(F)F)(F)F)(F)F)(F)F)cc1,tg,108.5,138.69118599811128
*c1cc2c(C(=O)N(C2=O)c2cc(ccc2)C(C(C(c2cc(ccc2)N2C(=O)c3c(C2=O)cc(cc3)C(C(C(*)(F)F)(F)F)(F)F)(F)F)(F)F)(F)F)cc1,tg,151.0,165.2590758016253
*c1cc2c(C(=O)N(C2=O)c2cc(ccc2)C(C(C(c2cc(ccc2)N2C(=O)c3c(C2=O)cc(cc3)C(C(C(C(*)(F)F)(F)F)(F)F)(F)F)(F)F)(F)F)(F)F)cc1,tg,159.0,149.41294950479715
*c1cc2c(C(=O)N(C2=O)c2cc(ccc2)C(c2cc(ccc2)N2C(=O)c3c(C2=O)cc(cc3)C(*)(C(F)(F)F)C(F)(F)F)(C(F)(F)F)C(F)(F)F)cc1,tg,266.5,262.6193137088299
*c1cc2c(C(=O)N(C2=O)c2cc(ccc2)C(c2cc(ccc2)N2C(=O)c3c(C2=O)cc(cc3)C(*)(C(F)(F)F)C(F)(F)F)(c2ccccc2)C(F)(F)F)cc1,tg,305.0,262.98788712833294
*c1cc2c(C(=O)N(C2=O)c2cc(ccc2)C(c2cc(ccc2)N2C(=O)c3c(C2=O)cc(cc3)C(*)(C(F)(F)F)C(F)(F)F)O)cc1,tg,236.5,274.96327417038344
*c1cc2c(C(=O)N(C2=O)c2cc(ccc2)C(c2cc(ccc2)N2C(=O)c3c(C2=O)cc(cc3)C(=O)*)O)cc1,tg,273.0,246.57281847109317
*c1cc2c(C(=O)N(C2=O)c2cc(ccc2)C(c2ccc(cc2)N2C(=O)c3c(C2=O)cc(cc3)C(*)(C(F)(F)F)C(F)(F)F)(C)C)cc1,tg,260.0,264.94465081717595
*c1cc2c(C(=O)N(C2=O)c2cc(ccc2)C=CC(=O)Nc2cc(ccc2)NC(=O)*)cc1,tg,245.0,282.4007053984528
*c1cc2c(C(=O)N(C2=O)c2cc(ccc2)Cc2cc(ccc2)N2C(=O)c3c(C2=O)cc(cc3)C(=O)*)cc1,tg,241.33,263.5378902869073
*c1cc2c(C(=O)N(C2=O)c2cc(ccc2)Cc2ccc(cc2)Cc2cc(ccc2)N2C(=O)c3c(C2=O)cc(cc3)C(=O)*)cc1,tg,240.0,258.4233166897439
*c1cc2c(C(=O)N(C2=O)c2cc(ccc2)Cc2ccc(cc2)Cc2ccc(cc2)Cc2cc(ccc2)N2C(=O)c3c(C2=O)cc(cc3)C(=O)*)cc1,tg,235.5,262.9615299447265
*c1cc2c(C(=O)N(C2=O)c2cc(ccc2)N2C(=O)c3c(C2=O)cc(c(c3)Cl)C(=O)*)cc1Cl,tg,313.0,318.0480716494896
*c1cc2c(C(=O)N(C2=O)c2cc(ccc2)N2C(=O)c3c(C2=O)cc(cc3)C(*)(C(F)(F)F)C(F)(F)F)cc1,tg,298.6,313.26094387467157
*c1cc2c(C(=O)N(C2=O)c2cc(ccc2)N2C(=O)c3c(C2=O)cc(cc3)C(=O)*)cc1,tg,292.1,311.0153451367067
*c1cc2c(C(=O)N(C2=O)c2cc(ccc2)N2C(=O)c3c(C2=O)cc(cc3)C(=O)Nc2cc(cc(c2)c2nc3c([nH]2)cccc3)NC(=O)*)cc1,tg,361.0,316.89682112680254
*c1cc2c(C(=O)N(C2=O)c2cc(ccc2)N2C(=O)c3c(C2=O)cc(cc3)C(=O)Nc2ccc(cc2)C2(c3ccccc3c3ccccc23)c2ccc(cc2)NC(=O)*)cc1,tg,209.0,298.6854316261246
*c1cc2c(C(=O)N(C2=O)c2cc(ccc2)N2C(=O)c3c(C2=O)cc(cc3)C(=O)Nc2ccc(cc2)NC(=O)*)cc1,tg,341.0,294.47334471099555
*c1cc2c(C(=O)N(C2=O)c2cc(ccc2)N2C(=O)c3c(C2=O)cc(cc3)C(=O)Nc2ccc(cc2)Oc2c(cccc2)c2c(cccc2)Oc2ccc(cc2)NC(=O)*)cc1,tg,237.0,259.1918348268232
*c1cc2c(C(=O)N(C2=O)c2cc(ccc2)N2C(=O)c3c(C2=O)cc(cc3)C(=O)Nc2ccc(cc2)Oc2ccc(cc2)c2ccc(cc2)Oc2ccc(cc2)NC(=O)*)cc1,tg,292.0,264.52031020346845
*c1cc2c(C(=O)N(C2=O)c2cc(ccc2)N2C(=O)c3c(C2=O)cc(cc3)C(=O)Nc2ccc(cc2)S(=O)(=O)c2ccc(cc2)NC(=O)*)cc1,tg,342.0,298.5894893108022
*c1cc2c(C(=O)N(C2=O)c2cc(ccc2)N2C(=O)c3c(C2=O)cc(cc3)C(=O)OCCN(CCOC(=O)*)c2ccc(cc2)N=Nc2ccc(cc2)F)cc1,tg,168.0,178.76890748740658
*c1cc2c(C(=O)N(C2=O)c2cc(ccc2)N2C(=O)c3c(C2=O)cc(cc3)C(=O)OCCN(CCOC(=O)*)c2ccc(cc2)N=Nc2ccc(cc2)[N+](=O)[O-])cc1,tg,210.0,164.56960697706683
*c1cc2c(C(=O)N(C2=O)c2cc(ccc2)N2C(=O)c3c(C2=O)cc(cc3)C(=O)Oc2ccc(cc2)C(c2ccc(cc2)OC(=O)*)(C)C)cc1,tg,225.0,217.75719823271484
*c1cc2c(C(=O)N(C2=O)c2cc(ccc2)N2C(=O)c3c(C2=O)cc(cc3)C(=O)c2cc(cc(c2)C(C)(C)C)C(=O)*)cc1,tg,264.5,274.6809028571119
*c1cc2c(C(=O)N(C2=O)c2cc(ccc2)N2C(=O)c3c(C2=O)cc(cc3)C(=O)c2cc(cc(c2)c2ccccc2)C(=O)*)cc1,tg,266.5,265.32098247857124
*c1cc2c(C(=O)N(C2=O)c2cc(ccc2)N2C(=O)c3c(C2=O)cc(cc3)C(=O)c2cc(ccc2)C(=O)*)cc1,tg,259.5,263.7259659016908
*c1cc2c(C(=O)N(C2=O)c2cc(ccc2)NC(=O)C(C(C(C(C(=O)Nc2cc(ccc2)N2C(=O)c3c(C2=O)cc(cc3)C(*)(C(F)(F)F)C(F)(F)F)(F)F)(F)F)(F)F)(F)F)cc1,tg,232.0,251.86469113722052
*c1cc2c(C(=O)N(C2=O)c2cc(ccc2)NC(=O)c2cc(ccc2)C(=O)Nc2cc(ccc2)N2C(=O)c3c(C2=O)cc(cc3)C(=O)*)cc1,tg,204.0,268.3626328036645
*c1cc2c(C(=O)N(C2=O)c2cc(ccc2)NC(=O)c2cc(ccc2)N2C(=O)c3c(C2=O)cc(cc3)C(=O)*)cc1,tg,285.67,273.7763568832519
*c1cc2c(C(=O)N(C2=O)c2cc(ccc2)NC(=O)c2ccc(cc2)N2C(=O)c3c(C2=O)cc(cc3)C(=O)*)cc1,tg,311.0,264.1160218286501
*c1cc2c(C(=O)N(C2=O)c2cc(ccc2)Nc2nc(nc(n2)Nc2cc(ccc2)N2C(=O)c3c(C2=O)cc(cc3)C(=O)*)N(C)C)cc1,tg,294.0,282.01059735871445
*c1cc2c(C(=O)N(C2=O)c2cc(ccc2)Nc2nc(nc(n2)Nc2cc(ccc2)N2C(=O)c3c(C2=O)cc(cc3)C(=O)*)N(c2ccccc2)c2ccccc2)cc1,tg,290.0,259.0745354932328
*c1cc2c(C(=O)N(C2=O)c2cc(ccc2)Nc2nc(nc(n2)Nc2cc(ccc2)N2C(=O)c3c(C2=O)cc(cc3)C(=O)*)c2ccccc2)cc1,tg,292.0,273.2406877142778
*c1cc2c(C(=O)N(C2=O)c2cc(ccc2)OCCOCCOc2cc(ccc2)N2C(=O)c3c(C2=O)cc(cc3)C(=O)*)cc1,tg,152.33,145.43668165871063
*c1cc2c(C(=O)N(C2=O)c2cc(ccc2)OCCOc2cc(ccc2)N2C(=O)c3c(C2=O)cc(cc3)C(=O)*)cc1,tg,191.0,205.11635928660567
*c1cc2c(C(=O)N(C2=O)c2cc(ccc2)OP(=O)(Oc2cc(ccc2)N2C(=O)c3c(C2=O)cc(cc3)C(=O)*)c2ccccc2)cc1,tg,176.5,202.9352632842227
*c1cc2c(C(=O)N(C2=O)c2cc(ccc2)Oc2cc(ccc2)N2C(=O)c3c(C2=O)cc(cc3)C(*)(C(F)(F)F)C(F)(F)F)cc1,tg,244.0,263.68931935325065
*c1cc2c(C(=O)N(C2=O)c2cc(ccc2)Oc2ccc(cc2)N2C(=O)c3c(C2=O)cc(cc3)C(*)(C(F)(F)F)C(F)(F)F)cc1,tg,261.3,253.22287621810344
*c1cc2c(C(=O)N(C2=O)c2cc(ccc2)Oc2ccc(cc2)N2C(=O)c3c(C2=O)cc(cc3)C(=O)Nc2cc(ccc2)Oc2ccc(cc2)NC(=O)*)cc1,tg,211.0,243.4818000553421
*c1cc2c(C(=O)N(C2=O)c2cc(ccc2)Oc2ccc(cc2)N2C(=O)c3c(C2=O)cc(cc3)C(=O)Nc2ccc(cc2)Oc2ccc(cc2)C(c2ccc(cc2)Oc2ccc(cc2)NC(=O)*)(C)C)cc1,tg,207.0,228.89969855914194
*c1cc2c(C(=O)N(C2=O)c2cc(ccc2)Oc2ccc(cc2)N2C(=O)c3c(C2=O)cc(cc3)C(=O)Nc2ccc(cc2)Oc2ccc(cc2)C2(c3c(C(=O)N2)cccc3)c2ccc(cc2)Oc2ccc(cc2)NC(=O)*)cc1,tg,272.0,279.66314079043224
*c1cc2c(C(=O)N(C2=O)c2cc(ccc2)Oc2ccc(cc2)N2C(=O)c3c(C2=O)cc(cc3)c2c(c(c(c(c2c2ccccc2)c2ccccc2)c2ccc(cc2)Oc2ccc(cc2)c2c(c(c(c(c2c2ccccc2)c2ccccc2)*)c2ccccc2)c2ccccc2)c2ccccc2)c2ccccc2)cc1,tg,309.0,309.388060149641
*c1cc2c(C(=O)N(C2=O)c2cc(ccc2)Oc2ccc(cc2)Oc2cc(ccc2)N2C(=O)c3c(C2=O)cc(cc3)C(*)(C(F)(F)F)C(F)(F)F)cc1,tg,230.0,237.73646050749727
*c1cc2c(C(=O)N(C2=O)c2cc(ccc2)Oc2ccc(cc2)P(=O)(c2ccc(cc2)Oc2cc(ccc2)N2C(=O)c3c(C2=O)cc(cc3)C(*)(C(F)(F)F)C(F)(F)F)c2ccccc2)cc1,tg,243.0,238.05477065217218
*c1cc2c(C(=O)N(C2=O)c2cc(ccc2)P(=O)(c2cc(ccc2)N2C(=O)c3c(C2=O)cc(cc3)C(*)(C(F)(F)F)C(F)(F)F)c2ccc(cc2)C(F)(F)F)cc1,tg,260.0,278.76460372081795
*c1cc2c(C(=O)N(C2=O)c2cc(ccc2)P(=O)(c2cc(ccc2)N2C(=O)c3c(C2=O)cc(cc3)C(*)(C(F)(F)F)C(F)(F)F)c2ccc(cc2)Oc2ccc(cc2)C23CC4CC(CC(C2)C4)C3)cc1,tg,298.0,286.7819743230184
*c1cc2c(C(=O)N(C2=O)c2cc(ccc2)P(=O)(c2cc(ccc2)N2C(=O)c3c(C2=O)cc(cc3)C(=O)*)c2ccc(cc2)Oc2ccc(cc2)C23CC4CC(CC(C2)C4)C3)cc1,tg,305.0,278.75704427385404
*c1cc2c(C(=O)N(C2=O)c2cc(ccc2)P(=O)(c2cc(ccc2)N2C(=O)c3c(C2=O)cc(cc3)C(=O)*)c2ccccc2)cc1,tg,273.0,255.2281566829658
*c1cc2c(C(=O)N(C2=O)c2cc(ccc2)P(=O)(c2cc(ccc2)N2C(=O)c3c(C2=O)cc(cc3)C(=O)Nc2ccc(cc2)Cc2ccc(cc2)NC(=O)*)c2ccccc2)cc1,tg,233.0,214.19540036414435
*c1cc2c(C(=O)N(C2=O)c2cc(ccc2)P(=O)(c2cc(ccc2)N2C(=O)c3c(C2=O)cc(cc3)C(=O)Nc2ccc(cc2)Oc2ccc(cc2)NC(=O)*)c2ccccc2)cc1,tg,235.0,231.57064108061388
*c1cc2c(C(=O)N(C2=O)c2cc(ccc2)P(=O)(c2cc(ccc2)N2C(=O)c3c(C2=O)cc(cc3)C(=O)Nc2ccc(cc2)c2ccc(cc2)NC(=O)*)c2ccccc2)cc1,tg,253.0,249.11418050922808
*c1cc2c(C(=O)N(C2=O)c2cc(ccc2)P(=O)(c2cc(ccc2)N2C(=O)c3c(C2=O)cc(cc3)C(=O)Nc2ccc(cc2)c2nc(cc(c2)c2ccccc2)c2ccc(cc2)NC(=O)*)c2ccccc2)cc1,tg,258.0,268.08928608621613
*c1cc2c(C(=O)N(C2=O)c2cc(ccc2)P(=O)(c2cc(ccc2)N2C(=O)c3c(C2=O)cc(cc3)C(=O)Nc2nc(ccc2)NC(=O)*)c2ccccc2)cc1,tg,156.0,266.21790915881303
*c1cc2c(C(=O)N(C2=O)c2cc(ccc2)S(=O)(=O)c2cc(ccc2)N2C(=O)c3c(C2=O)cc(cc3)C(*)(C(F)(F)F)C(F)(F)F)cc1,tg,262.38,279.2028195514255
*c1cc2c(C(=O)N(C2=O)c2cc3C(=O)c4c(c3cc2)ccc(c4)N2C(=O)c3c(C2=O)cc(cc3)C(=O)*)cc1,tg,331.0,329.8356861254927
*c1cc2c(C(=O)N(C2=O)c2cc3Cc4c(c3cc2)ccc(c4)N2C(=O)c3c(C2=O)cc(cc3)C(*)(C(F)(F)F)C(F)(F)F)cc1,tg,394.0,330.4907979971596
*c1cc2c(C(=O)N(C2=O)c2cc3Cc4c(c3cc2)ccc(c4)N2C(=O)c3c(C2=O)cc(cc3)C(=O)*)cc1,tg,341.5,339.33922987503104
*c1cc2c(C(=O)N(C2=O)c2cc3c(C(CC3(c3ccc(cc3)N3C(=O)c4c(C3=O)cc(cc4)C(=O)*)C)(C)C)cc2)cc1,tg,318.77,335.22261978312963
*c1cc2c(C(=O)N(C2=O)c2ccc(cc2)C(=O)NC2CCC(CC2)CC2CCC(CC2)NC(=O)*)cc1,tg,275.0,251.83852018957606
*c1cc2c(C(=O)N(C2=O)c2ccc(cc2)C(=O)NCCN(CCNC(=O)*)c2ccc(cc2)C=Cc2ccc(cc2)[N+](=O)[O-])cc1,tg,178.0,178.71603712805012
*c1cc2c(C(=O)N(C2=O)c2ccc(cc2)C(=O)NCCNC(=O)*)cc1,tg,235.0,264.6612317603898
*c1cc2c(C(=O)N(C2=O)c2ccc(cc2)C(=O)Nc2cc(ccc2)Oc2ccc(cc2)S(=O)(=O)c2ccc(cc2)Oc2cc(ccc2)NC(=O)*)cc1,tg,235.0,231.24195505364182
*c1cc2c(C(=O)N(C2=O)c2ccc(cc2)C(=O)Nc2ccc(cc2)C(=O)OCCCCCCCCCCCCOC(=O)*)cc1,tg,74.0,101.68297884084807
*c1cc2c(C(=O)N(C2=O)c2ccc(cc2)C(=O)Nc2ccc(cc2)C(=O)OCCCCCCCCCCOC(=O)*)cc1,tg,102.0,82.86349310391512
*c1cc2c(C(=O)N(C2=O)c2ccc(cc2)C(=O)Nc2ccc(cc2)C(=O)OCCCCCCCCOC(=O)*)cc1,tg,105.0,97.88452382145084
*c1cc2c(C(=O)N(C2=O)c2ccc(cc2)C(=O)Nc2ccc(cc2)C(=O)OCCCCCCCOC(=O)*)cc1,tg,106.0,107.2234828752726
*c1cc2c(C(=O)N(C2=O)c2ccc(cc2)C(=O)Nc2ccc(cc2)Cc2ccc(cc2)NC(=O)*)cc1,tg,222.0,262.82221743671965
*c1cc2c(C(=O)N(C2=O)c2ccc(cc2)C(=O)Nc2ccc(cc2)NC(=O)*)cc1,tg,297.5,289.1055793027139
*c1cc2c(C(=O)N(C2=O)c2ccc(cc2)C(=O)Nc2ccc(cc2)Oc2cc(ccc2)Oc2ccc(cc2)NC(=O)c2ccc(cc2)N2C(=O)c3c(C2=O)cc(cc3)C(*)(C(F)(F)F)C(F)(F)F)cc1,tg,286.0,264.0690661479508
*c1cc2c(C(=O)N(C2=O)c2ccc(cc2)C(=O)Nc2ccc(cc2)Oc2ccc(cc2)C(c2ccc(cc2)Oc2ccc(cc2)NC(=O)*)(C)C)cc1,tg,216.0,231.68212948740478
*c1cc2c(C(=O)N(C2=O)c2ccc(cc2)C(=O)Nc2ccc(cc2)Oc2ccc(cc2)C(c2ccc(cc2)Oc2ccc(cc2)NC(=O)c2ccc(cc2)N2C(=O)c3c(C2=O)cc(cc3)C(*)(C(F)(F)F)C(F)(F)F)(C(F)(F)F)C(F)(F)F)cc1,tg,293.0,287.927091359546
*c1cc2c(C(=O)N(C2=O)c2ccc(cc2)C(=O)Nc2ccc(cc2)Oc2ccc(cc2)C(c2ccc(cc2)Oc2ccc(cc2)NC(=O)c2ccc(cc2)N2C(=O)c3c(C2=O)cc(cc3)C(*)(C(F)(F)F)C(F)(F)F)(C)C)cc1,tg,266.0,265.6040366728666
*c1cc2c(C(=O)N(C2=O)c2ccc(cc2)C(=O)Nc2ccc(cc2)Oc2ccc(cc2)NC(=O)*)cc1,tg,252.67,245.74600364224386
*c1cc2c(C(=O)N(C2=O)c2ccc(cc2)C(=O)Nc2ccc(cc2)Oc2ccc(cc2)NC(=O)c2ccc(cc2)NC(=O)Nc2ccc(cc2)Cc2ccc(cc2)NC(=O)Nc2ccc(cc2)C(=O)Nc2ccc(cc2)Oc2ccc(cc2)NC(=O)c2ccc(cc2)N2C(=O)c3c(C2=O)cc(cc3)C(=O)*)cc1,tg,229.0,228.5214166365336
*c1cc2c(C(=O)N(C2=O)c2ccc(cc2)C(=O)Nc2ccc(cc2)Oc2ccc(cc2)c2ccc(cc2)Oc2ccc(cc2)NC(=O)c2ccc(cc2)N2C(=O)c3c(C2=O)cc(cc3)C(*)(C(F)(F)F)C(F)(F)F)cc1,tg,296.0,300.1351834373216
*c1cc2c(C(=O)N(C2=O)c2ccc(cc2)C(=O)Nc2ccc(cc2)S(=O)(=O)c2ccc(cc2)NC(=O)*)cc1,tg,227.33,298.6239243046427
*c1cc2c(C(=O)N(C2=O)c2ccc(cc2)C(=O)OCCCCCCCCCCCCCCCCCCCCCCOC(=O)*)cc1,tg,44.0,69.89329674099066
*c1cc2c(C(=O)N(C2=O)c2ccc(cc2)C(=O)OCCCCCOC(=O)*)cc1,tg,90.0,99.71095411627246
*c1cc2c(C(=O)N(C2=O)c2ccc(cc2)C(=O)OCCCSCCCCSCCCOC(=O)*)cc1,tg,39.0,97.03157086982743
*c1cc2c(C(=O)N(C2=O)c2ccc(cc2)C(=O)OCCOC(=O)*)cc1,tg,280.0,160.25135058167834
*c1cc2c(C(=O)N(C2=O)c2ccc(cc2)C(=O)OCCOCCOC(=O)*)cc1,tg,101.0,108.01550658108462
*c1cc2c(C(=O)N(C2=O)c2ccc(cc2)C(=O)OCCOCCOCCOC(=O)*)cc1,tg,63.0,84.90430609933657
*c1cc2c(C(=O)N(C2=O)c2ccc(cc2)C(=O)OCCOCCOCCOCCOC(=O)*)cc1,tg,52.0,70.68045644036124
*c1cc2c(C(=O)N(C2=O)c2ccc(cc2)C(=O)c2cc(ccc2)C(=O)c2ccc(cc2)N2C(=O)c3c(C2=O)cc(cc3)C(=O)*)cc1,tg,276.0,262.409915607058
*c1cc2c(C(=O)N(C2=O)c2ccc(cc2)C(=O)c2ccc(cc2)C(=O)c2ccc(cc2)N2C(=O)c3c(C2=O)cc(cc3)C(=O)*)cc1,tg,286.0,285.4122550053825
*c1cc2c(C(=O)N(C2=O)c2ccc(cc2)C(=O)c2ccc(cc2)Cc2ccc(cc2)C(=O)c2ccc(cc2)N2C(=O)c3c(C2=O)cc(cc3)C(=O)*)cc1,tg,285.5,281.7774779825937
*c1cc2c(C(=O)N(C2=O)c2ccc(cc2)C(=O)c2ccc(cc2)N2C(=O)c3c(C2=O)cc(cc3)C(=O)*)cc1,tg,286.33,306.5326428485616
*c1cc2c(C(=O)N(C2=O)c2ccc(cc2)C(c2cc(ccc2)C(c2ccc(cc2)N2C(=O)c3c(C2=O)cc(cc3)C(=O)*)(C)C)(C)C)cc1,tg,309.75,259.04953274392574
*c1cc2c(C(=O)N(C2=O)c2ccc(cc2)C(c2ccc(cc2)C(c2ccc(cc2)N2C(=O)c3c(C2=O)cc(cc3)C(*)(C(F)(F)F)C(F)(F)F)(C)C)(C)C)cc1,tg,235.4,292.01454405425454
*c1cc2c(C(=O)N(C2=O)c2ccc(cc2)C(c2ccc(cc2)N2C(=O)c3c(C2=O)cc(cc3)C(*)(C(F)(F)F)C(F)(F)F)(C(F)(F)F)C(F)(F)F)cc1,tg,312.22,313.6347003208288
*c1cc2c(C(=O)N(C2=O)c2ccc(cc2)C(c2ccc(cc2)N2C(=O)c3c(C2=O)cc(cc3)C(*)(C(F)(F)F)C(F)(F)F)(C)C)cc1,tg,297.0,275.72120500994276
*c1cc2c(C(=O)N(C2=O)c2ccc(cc2)C(c2ccc(cc2)N2C(=O)c3c(C2=O)cc(cc3)C(*)(C(F)(F)F)C(F)(F)F)(c2ccccc2)C(F)(F)F)cc1,tg,305.0,332.9615704843798
*c1cc2c(C(=O)N(C2=O)c2ccc(cc2)C(c2ccc(cc2)N2C(=O)c3c(C2=O)cc(cc3)C(=O)*)(C(F)(F)F)C(F)(F)F)cc1,tg,300.0,323.83479553614467
*c1cc2c(C(=O)N(C2=O)c2ccc(cc2)C2(CC(CC(C2)C)(C)C)c2ccc(cc2)NC(=O)*)cc1,tg,328.0,319.20308022178824
*c1cc2c(C(=O)N(C2=O)c2ccc(cc2)C2(CCC(CC2)C(C)(C)C)c2ccc(cc2)NC(=O)*)cc1,tg,331.0,317.44851344095866
*c1cc2c(C(=O)N(C2=O)c2ccc(cc2)C2(CCC(CC2)C)c2ccc(cc2)NC(=O)*)cc1,tg,322.0,325.78998736803663
*c1cc2c(C(=O)N(C2=O)c2ccc(cc2)C2(CCC(CC2)CC)c2ccc(cc2)NC(=O)*)cc1,tg,312.0,321.22956026830803
*c1cc2c(C(=O)N(C2=O)c2ccc(cc2)C2(CCCCC2)c2ccc(cc2)NC(=O)*)cc1,tg,319.0,313.66203812873255
*c1cc2c(C(=O)N(C2=O)c2ccc(cc2)C2(c3ccccc3c3ccccc23)c2ccc(cc2)N2C(=O)c3c(C2=O)cc(cc3)C(=O)*)cc1,tg,368.2,311.45334729678507
*c1cc2c(C(=O)N(C2=O)c2ccc(cc2)C=Cc2ccc(cc2)N2C(=O)c3c(C2=O)cc(cc3)C(=O)*)cc1,tg,303.0,315.5903232791088
*c1cc2c(C(=O)N(C2=O)c2ccc(cc2)Cc2ccc(cc2)Cc2ccc(cc2)Cc2ccc(cc2)N2C(=O)c3c(C2=O)cc(cc3)C(=O)*)cc1,tg,302.0,294.3360925040441
*c1cc2c(C(=O)N(C2=O)c2ccc(cc2)Cc2ccc(cc2)Cc2ccc(cc2)N2C(=O)c3c(C2=O)cc(cc3)C(=O)*)cc1,tg,341.0,299.5251832491173
*c1cc2c(C(=O)N(C2=O)c2ccc(cc2)Cc2ccc(cc2)N2C(=O)c3c(C2=O)cc(cc3)C(*)(C(F)(F)F)C(F)(F)F)cc1,tg,296.35,311.48671465335383
*c1cc2c(C(=O)N(C2=O)c2ccc(cc2)Cc2ccc(cc2)N2C(=O)c3c(C2=O)cc(cc3)C(=O)*)cc1,tg,305.69,304.1537297888922
*c1cc2c(C(=O)N(C2=O)c2ccc(cc2)Cc2ccc(cc2)N2C(=O)c3c(C2=O)cc(cc3)C(=O)Nc2ccc(cc2)Oc2ccc(cc2)NC(=O)*)cc1,tg,251.0,266.87731950867004
*c1cc2c(C(=O)N(C2=O)c2ccc(cc2)Cc2ccc(cc2)N2C(=O)c3c(C2=O)cc(cc3)C(=O)c2ccc(cc2)Oc2ccc(cc2)C2(c3c(C(=O)O2)cccc3)c2ccc(cc2)Oc2ccc(cc2)C(=O)*)cc1,tg,268.0,255.8927013312239
*c1cc2c(C(=O)N(C2=O)c2ccc(cc2)Cc2ccc(cc2)N2C(=O)c3c(C2=O)cc(cc3)C(=O)c2ccc(cc2)Oc2ccc(cc2)Oc2ccc(cc2)C(=O)*)cc1,tg,225.0,246.5096747895995
*c1cc2c(C(=O)N(C2=O)c2ccc(cc2)Cc2ccc(cc2)N2C(=O)c3c(C2=O)cc(cc3)C(=O)c2ccc(cc2)Oc2ccc(cc2)c2ccc(cc2)Oc2ccc(cc2)C(=O)*)cc1,tg,241.0,237.1977963027283
*c1cc2c(C(=O)N(C2=O)c2ccc(cc2)Cc2ccc(cc2)N2C(=O)c3c(C2=O)cc(cc3)C(=O)c2ccc(cc2)c2ccc(cc2)C(c2ccc(cc2)c2ccc(cc2)C(=O)*)(C)C)cc1,tg,216.0,267.4292160003137
*c1cc2c(C(=O)N(C2=O)c2ccc(cc2)Cc2ccc(cc2)N2C(=O)c3c(C2=O)cc(cc3)C(C(C(*)(F)F)(F)F)(F)F)cc1,tg,272.4,221.0147836385602
*c1cc2c(C(=O)N(C2=O)c2ccc(cc2)Cc2ccc(cc2)NC(=O)*)cc1,tg,279.5,270.26069112974494
*c1cc2c(C(=O)N(C2=O)c2ccc(cc2)N(C(=O)c2cc(ccc2)N2C(=O)c3c(C2=O)cc(cc3)C(=O)*)C)cc1,tg,260.5,265.3369369533794
*c1cc2c(C(=O)N(C2=O)c2ccc(cc2)N(c2ccc(cc2)N2C(=O)c3c(C2=O)cc(cc3)C(*)(C(F)(F)F)C(F)(F)F)c2ccc(cc2)C#N)cc1,tg,321.0,320.63612794418526
*c1cc2c(C(=O)N(C2=O)c2ccc(cc2)N(c2ccc(cc2)N2C(=O)c3c(C2=O)cc(cc3)C(*)(C(F)(F)F)C(F)(F)F)c2ccc(cc2)C=Cc2ccc(cc2)[N+](=O)[O-])cc1,tg,290.0,276.7880228606215
*c1cc2c(C(=O)N(C2=O)c2ccc(cc2)N(c2ccc(cc2)N2C(=O)c3c(C2=O)cc(cc3)C(=O)*)c2ccc(cc2)C#N)cc1,tg,315.0,314.1926993133059
*c1cc2c(C(=O)N(C2=O)c2ccc(cc2)N(c2ccc(cc2)N2C(=O)c3c(C2=O)cc(cc3)C(=O)*)c2ccccc2)cc1,tg,270.0,299.2422555536111
*c1cc2c(C(=O)N(C2=O)c2ccc(cc2)N2C(=O)c3c(C2=O)cc(cc3)C(*)(C(F)(F)F)C(F)(F)F)cc1,tg,348.86,357.27232659074724
*c1cc2c(C(=O)N(C2=O)c2ccc(cc2)N2C(=O)c3c(C2=O)cc(cc3)C(=O)Nc2ccc(cc2)Oc2c(cccc2)c2c(cccc2)Oc2ccc(cc2)NC(=O)*)cc1,tg,268.0,245.58543036900997
*c1cc2c(C(=O)N(C2=O)c2ccc(cc2)N2C(=O)c3c(C2=O)cc(cc3)C(=O)c2ccc(cc2)Oc2ccc(cc2)Oc2ccc(cc2)C(=O)*)cc1,tg,236.0,243.88124762093932
*c1cc2c(C(=O)N(C2=O)c2ccc(cc2)N2C(=O)c3c(C2=O)cc(cc3)C(=O)c2ccc(cc2)Oc2ccc(cc2)c2ccc(cc2)Oc2ccc(cc2)C(=O)*)cc1,tg,229.0,230.73111973131518
*c1cc2c(C(=O)N(C2=O)c2ccc(cc2)NC(=O)C(C(C(C(C(=O)Nc2ccc(cc2)N2C(=O)c3c(C2=O)cc(cc3)C(*)(C(F)(F)F)C(F)(F)F)(F)F)(F)F)(F)F)(F)F)cc1,tg,285.0,269.1654399065415
*c1cc2c(C(=O)N(C2=O)c2ccc(cc2)NC(=O)C(C(C(C(C(C(C(=O)Nc2ccc(cc2)N2C(=O)c3c(C2=O)cc(cc3)C(*)(C(F)(F)F)C(F)(F)F)(F)F)(F)F)(F)F)(F)F)(F)F)(F)F)cc1,tg,265.0,265.4324268594642
*c1cc2c(C(=O)N(C2=O)c2ccc(cc2)NC(=O)Nc2ccc(cc2)N2C(=O)c3c(C2=O)cc(cc3)C(=O)Nc2cc3Cc4c(c3cc2)ccc(c4)NC(=O)*)cc1,tg,224.0,251.4688124909433
*c1cc2c(C(=O)N(C2=O)c2ccc(cc2)NC(=O)Nc2ccc(cc2)N2C(=O)c3c(C2=O)cc(cc3)C(=O)Nc2ccc(cc2)C(=O)c2ccc(cc2)NC(=O)*)cc1,tg,212.0,231.58806242340677
*c1cc2c(C(=O)N(C2=O)c2ccc(cc2)NC(=O)Nc2ccc(cc2)N2C(=O)c3c(C2=O)cc(cc3)C(=O)Nc2ccc(cc2)Cc2ccc(cc2)NC(=O)*)cc1,tg,211.0,222.68092497531052
*c1cc2c(C(=O)N(C2=O)c2ccc(cc2)NC(=O)Nc2ccc(cc2)N2C(=O)c3c(C2=O)cc(cc3)C(=O)Nc2ccc(cc2)NC(=O)*)cc1,tg,216.0,228.29721775005765
*c1cc2c(C(=O)N(C2=O)c2ccc(cc2)NC(=O)Nc2ccc(cc2)N2C(=O)c3c(C2=O)cc(cc3)C(=O)Nc2ccc(cc2)NC(=O)Nc2ccc(cc2)NC(=O)*)cc1,tg,208.0,233.41826916918464
*c1cc2c(C(=O)N(C2=O)c2ccc(cc2)NC(=O)Nc2ccc(cc2)N2C(=O)c3c(C2=O)cc(cc3)C(=O)Nc2ccc(cc2)S(=O)(=O)c2ccc(cc2)NC(=O)*)cc1,tg,205.0,264.45728975630266
*c1cc2c(C(=O)N(C2=O)c2ccc(cc2)NC(=O)c2cc(ccc2)C(=O)Nc2ccc(cc2)N2C(=O)c3c(C2=O)cc(cc3)C(=O)*)cc1,tg,247.0,258.3449641165773
*c1cc2c(C(=O)N(C2=O)c2ccc(cc2)NC(=O)c2ccc(cc2)N2C(=O)c3c(C2=O)cc(cc3)C(=O)*)cc1,tg,300.0,311.9175233093495
*c1cc2c(C(=O)N(C2=O)c2ccc(cc2)NC(=S)N=Cc2cc(c(cc2)Cl)N2C(=O)c3c(C2=O)cc(cc3)C(*)(C(F)(F)F)C(F)(F)F)cc1,tg,272.0,295.4950899394478
*c1cc2c(C(=O)N(C2=O)c2ccc(cc2)OC(COc2ccc(cc2)N2C(=O)c3c(C2=O)cc(cc3)C(*)(C(F)(F)F)C(F)(F)F)C)cc1,tg,234.0,224.56513272357688
*c1cc2c(C(=O)N(C2=O)c2ccc(cc2)OCC(COc2ccc(cc2)N2C(=O)c3c(C2=O)cc(cc3)C(=O)*)(C)C)cc1,tg,233.7,235.86439853638578
*c1cc2c(C(=O)N(C2=O)c2ccc(cc2)OCCCCCCCCCCOc2ccc(cc2)N2C(=O)c3c(C2=O)cc(cc3)C(*)(C(F)(F)F)C(F)(F)F)cc1,tg,143.0,149.61746137416782
*c1cc2c(C(=O)N(C2=O)c2ccc(cc2)OCCCCOc2ccc(cc2)N2C(=O)c3c(C2=O)cc(cc3)C(*)(C(F)(F)F)C(F)(F)F)cc1,tg,169.0,193.9527947399915
*c1cc2c(C(=O)N(C2=O)c2ccc(cc2)OCCOCCOCCOCCOc2ccc(cc2)N2C(=O)c3c(C2=O)cc(cc3)C(*)(C(F)(F)F)C(F)(F)F)cc1,tg,140.0,165.91837008491407
*c1cc2c(C(=O)N(C2=O)c2ccc(cc2)OCCOCCOCCOc2ccc(cc2)N2C(=O)c3c(C2=O)cc(cc3)C(*)(C(F)(F)F)C(F)(F)F)cc1,tg,166.0,151.2343687099383
*c1cc2c(C(=O)N(C2=O)c2ccc(cc2)OCCOCCOCCOc2ccc(cc2)N2C(=O)c3c(C2=O)cc(cc3)C(=O)*)cc1,tg,200.0,151.67323873688366
*c1cc2c(C(=O)N(C2=O)c2ccc(cc2)OCCOc2ccc(cc2)N2C(=O)c3c(C2=O)cc(cc3)C(=O)*)cc1,tg,246.0,254.6361810447841
*c1cc2c(C(=O)N(C2=O)c2ccc(cc2)Oc2c(c(ccc2)Oc2ccc(cc2)N2C(=O)c3c(C2=O)cc(cc3)C(=O)Nc2cc(ccc2)Oc2c(c(ccc2)Oc2cc(ccc2)Oc2c(c(ccc2)Oc2cc(ccc2)NC(=O)*)C#N)C#N)C#N)cc1,tg,199.0,223.1525455159842
*c1cc2c(C(=O)N(C2=O)c2ccc(cc2)Oc2c(c(ccc2)Oc2ccc(cc2)N2C(=O)c3c(C2=O)cc(cc3)C(=O)Nc2ccc(cc2)Oc2c(c(ccc2)Oc2ccc(cc2)NC(=O)*)C#N)C#N)cc1,tg,220.0,244.48734145399263
*c1cc2c(C(=O)N(C2=O)c2ccc(cc2)Oc2c(cc(c(c2)C(C)(C)C)Oc2ccc(cc2)N2C(=O)c3c(C2=O)cc(cc3)C(*)(C(F)(F)F)C(F)(F)F)C(C)(C)C)cc1,tg,277.0,287.4744515867781
*c1cc2c(C(=O)N(C2=O)c2ccc(cc2)Oc2c(cc(c(c2)C(C)(C)C)Oc2ccc(cc2)N2C(=O)c3c(C2=O)cc(cc3)C(=O)*)C(C)(C)C)cc1,tg,288.0,292.11763273735926
*c1cc2c(C(=O)N(C2=O)c2ccc(cc2)Oc2c(cc(cc2)Oc2ccc(cc2)N2C(=O)c3c(C2=O)cc(cc3)C(=O)Nc2ccc(cc2)Oc2ccc(cc2)C2(c3c(C(=O)N2)cccc3)c2ccc(cc2)Oc2ccc(cc2)NC(=O)*)C)cc1,tg,293.0,284.89720312806867
*c1cc2c(C(=O)N(C2=O)c2ccc(cc2)Oc2c(cc(cc2C(C)(C)C)c2ccc(cc2)N2C(=O)c3c(C2=O)cc(cc3)C(=O)*)C(C)(C)C)cc1,tg,347.5,369.3141196296772
*c1cc2c(C(=O)N(C2=O)c2ccc(cc2)Oc2c(cc(cc2C)C(c2cc(c(c(c2)C)Oc2ccc(cc2)N2C(=O)c3c(C2=O)cc(cc3)C(=O)*)C)c2c3c(ccc2)cccc3)C)cc1,tg,272.0,279.654633830996
*c1cc2c(C(=O)N(C2=O)c2ccc(cc2)Oc2c(cccc2)c2c(cccc2)Oc2ccc(cc2)N2C(=O)c3c(C2=O)cc(cc3)C(=O)Nc2ccc(cc2)Oc2c(cccc2)c2c(cccc2)Oc2ccc(cc2)NC(=O)*)cc1,tg,233.0,260.13653162355774
*c1cc2c(C(=O)N(C2=O)c2ccc(cc2)Oc2c(cccc2)c2c(cccc2)Oc2ccc(cc2)N2C(=O)c3c(C2=O)cc(cc3)C(=O)Nc2ccc(cc2)Oc2ccc(cc2)c2ccc(cc2)Oc2ccc(cc2)NC(=O)*)cc1,tg,254.0,245.71431355759563
*c1cc2c(C(=O)N(C2=O)c2ccc(cc2)Oc2c3c(ccc2)c(ccc3)Oc2ccc(cc2)N2C(=O)c3c(C2=O)cc(cc3)C(=O)*)cc1,tg,229.5,273.72490913626746
*c1cc2c(C(=O)N(C2=O)c2ccc(cc2)Oc2c3c(ccc2)c(ccc3)Oc2ccc(cc2)N2C(=O)c3c(C2=O)cc(cc3)C(=O)Nc2cc(ccc2)NC(=O)*)cc1,tg,263.0,273.5720121993792
*c1cc2c(C(=O)N(C2=O)c2ccc(cc2)Oc2c3c(ccc2)c(ccc3)Oc2ccc(cc2)N2C(=O)c3c(C2=O)cc(cc3)C(=O)Nc2ccc(cc2)Oc2ccc(cc2)C(c2ccc(cc2)Oc2ccc(cc2)NC(=O)*)(C(F)(F)F)C(F)(F)F)cc1,tg,231.0,270.14945193358983
*c1cc2c(C(=O)N(C2=O)c2ccc(cc2)Oc2c3c(ccc2)c(ccc3)Oc2ccc(cc2)N2C(=O)c3c(C2=O)cc(cc3)C(=O)Nc2ccc(cc2)Oc2ccc(cc2)C(c2ccc(cc2)Oc2ccc(cc2)NC(=O)*)(C)C)cc1,tg,235.0,245.0612829203098
*c1cc2c(C(=O)N(C2=O)c2ccc(cc2)Oc2c3c(ccc2)c(ccc3)Oc2ccc(cc2)N2C(=O)c3c(C2=O)cc(cc3)C(=O)Nc2ccc(cc2)Oc2ccc(cc2)Oc2ccc(cc2)NC(=O)*)cc1,tg,285.0,265.4932721800857
*c1cc2c(C(=O)N(C2=O)c2ccc(cc2)Oc2c3c(ccc2)c(ccc3)Oc2ccc(cc2)N2C(=O)c3c(C2=O)cc(cc3)C(=O)Nc2ccc(cc2)Oc2ccc(cc2)S(=O)(=O)c2ccc(cc2)Oc2ccc(cc2)NC(=O)*)cc1,tg,260.0,258.31292550999876
*c1cc2c(C(=O)N(C2=O)c2ccc(cc2)Oc2c3c(ccc2)c(ccc3)Oc2ccc(cc2)N2C(=O)c3c(C2=O)cc(cc3)C(=O)Nc2ccc(cc2)Sc2ccc(cc2)NC(=O)*)cc1,tg,265.0,264.07162992365835
*c1cc2c(C(=O)N(C2=O)c2ccc(cc2)Oc2cc(ccc2)Oc2ccc(cc2)N2C(=O)c3c(C2=O)cc(cc3)C(=O)Nc2ccc(cc2)Oc2c(cccc2)c2c(cccc2)Oc2ccc(cc2)NC(=O)*)cc1,tg,229.0,210.35210679205215
*c1cc2c(C(=O)N(C2=O)c2ccc(cc2)Oc2cc(ccc2)Oc2ccc(cc2)N2C(=O)c3c(C2=O)cc(cc3)C(=O)Nc2ccc(cc2)Oc2ccc(cc2)C2(c3c(C(=O)N2)cccc3)c2ccc(cc2)Oc2ccc(cc2)NC(=O)*)cc1,tg,267.0,281.2226581459854
*c1cc2c(C(=O)N(C2=O)c2ccc(cc2)Oc2cc(ccc2)c2nc(cc(c2)c2ccccc2)c2cc(ccc2)Oc2ccc(cc2)N2C(=O)c3c(C2=O)cc(cc3)C(*)(C(F)(F)F)C(F)(F)F)cc1,tg,180.0,282.45365555882165
*c1cc2c(C(=O)N(C2=O)c2ccc(cc2)Oc2cc3c(cc2)ccc(c3)Oc2ccc(cc2)N2C(=O)c3c(C2=O)cc(cc3)C(*)(C(F)(F)F)C(F)(F)F)cc1,tg,302.3,262.6420025124262
*c1cc2c(C(=O)N(C2=O)c2ccc(cc2)Oc2cc3c(cc2)ccc(c3)Oc2ccc(cc2)N2C(=O)c3c(C2=O)cc(cc3)C(=O)Nc2cc(ccc2)NC(=O)*)cc1,tg,286.0,257.8302195256838
*c1cc2c(C(=O)N(C2=O)c2ccc(cc2)Oc2cc3c(cc2)ccc(c3)Oc2ccc(cc2)N2C(=O)c3c(C2=O)cc(cc3)C(=O)Nc2cc(ccc2)Oc2ccc(cc2)NC(=O)*)cc1,tg,263.0,238.29126535946565
*c1cc2c(C(=O)N(C2=O)c2ccc(cc2)Oc2cc3c(cc2)ccc(c3)Oc2ccc(cc2)N2C(=O)c3c(C2=O)cc(cc3)C(=O)Nc2ccc(cc2)C(c2ccc(cc2)NC(=O)*)(C(F)(F)F)C(F)(F)F)cc1,tg,292.0,262.3842743075037
*c1cc2c(C(=O)N(C2=O)c2ccc(cc2)Oc2cc3c(cc2)ccc(c3)Oc2ccc(cc2)N2C(=O)c3c(C2=O)cc(cc3)C(=O)Nc2ccc(cc2)Cc2ccc(cc2)NC(=O)*)cc1,tg,273.0,261.0120708375844
*c1cc2c(C(=O)N(C2=O)c2ccc(cc2)Oc2cc3c(cc2)ccc(c3)Oc2ccc(cc2)N2C(=O)c3c(C2=O)cc(cc3)C(=O)Nc2ccc(cc2)Oc2ccc(cc2)C(c2ccc(cc2)Oc2ccc(cc2)NC(=O)*)(C(F)(F)F)C(F)(F)F)cc1,tg,250.0,257.90716180843674
*c1cc2c(C(=O)N(C2=O)c2ccc(cc2)Oc2cc3c(cc2)ccc(c3)Oc2ccc(cc2)N2C(=O)c3c(C2=O)cc(cc3)C(=O)Nc2ccc(cc2)Oc2ccc(cc2)C(c2ccc(cc2)Oc2ccc(cc2)NC(=O)*)(C)C)cc1,tg,250.0,249.47537042404156
*c1cc2c(C(=O)N(C2=O)c2ccc(cc2)Oc2cc3c(cc2Oc2ccc(cc2)N2C(=O)c4c(C2=O)cc(cc4)C(=O)*)cccc3)cc1,tg,246.0,260.4030686527675
*c1cc2c(C(=O)N(C2=O)c2ccc(cc2)Oc2ccc(cc2)C(=O)*)cc1,tg,297.0,248.3815534082378
*c1cc2c(C(=O)N(C2=O)c2ccc(cc2)Oc2ccc(cc2)C(=O)c2cc(ccc2)C(=O)c2ccc(cc2)Oc2ccc(cc2)N2C(=O)c3c(C2=O)cc(cc3)C(*)(C(F)(F)F)C(F)(F)F)cc1,tg,236.0,244.0741118894743
*c1cc2c(C(=O)N(C2=O)c2ccc(cc2)Oc2ccc(cc2)C(=O)c2cc(ccc2)C(=O)c2ccc(cc2)Oc2ccc(cc2)N2C(=O)c3c(C2=O)cc(cc3)C(=O)*)cc1,tg,227.82,239.04573122287638
*c1cc2c(C(=O)N(C2=O)c2ccc(cc2)Oc2ccc(cc2)C(=O)c2cc(ccc2)N2C(=O)c3c(C2=O)cc(cc3)C(=O)*)cc1,tg,251.0,255.05387207983102
*c1cc2c(C(=O)N(C2=O)c2ccc(cc2)Oc2ccc(cc2)C(=O)c2ccc(cc2)C(=O)c2ccc(cc2)C(=O)c2ccc(cc2)Oc2ccc(cc2)N2C(=O)c3c(C2=O)cc(cc3)C(=O)*)cc1,tg,233.0,239.15597435713624
*c1cc2c(C(=O)N(C2=O)c2ccc(cc2)Oc2ccc(cc2)C(=O)c2ccc(cc2)C(=O)c2ccc(cc2)Oc2ccc(cc2)N2C(=O)c3c(C2=O)cc(cc3)C(=O)*)cc1,tg,233.0,239.2375334083673
*c1cc2c(C(=O)N(C2=O)c2ccc(cc2)Oc2ccc(cc2)C(=O)c2ccc(cc2)Oc2ccc(cc2)N2C(=O)c3c(C2=O)cc(cc3)C(=O)*)cc1,tg,252.0,239.85607501482576
*c1cc2c(C(=O)N(C2=O)c2ccc(cc2)Oc2ccc(cc2)C(=O)c2nc(ccc2)C(=O)c2ccc(cc2)Oc2ccc(cc2)N2C(=O)c3c(C2=O)cc(cc3)C(=O)*)cc1,tg,314.5,225.35468937238036
*c1cc2c(C(=O)N(C2=O)c2ccc(cc2)Oc2ccc(cc2)C(c2ccc(cc2)Oc2ccc(cc2)N2C(=O)c3c(C2=O)cc(cc3)C(*)(C(F)(F)F)C(F)(F)F)(C(F)(F)F)C(F)(F)F)cc1,tg,259.43,263.5799205576827
*c1cc2c(C(=O)N(C2=O)c2ccc(cc2)Oc2ccc(cc2)C(c2ccc(cc2)Oc2ccc(cc2)N2C(=O)c3c(C2=O)cc(cc3)C(*)(C(F)(F)F)C(F)(F)F)(C)C)cc1,tg,244.4,258.57847043538715
*c1cc2c(C(=O)N(C2=O)c2ccc(cc2)Oc2ccc(cc2)C(c2ccc(cc2)Oc2ccc(cc2)N2C(=O)c3c(C2=O)cc(cc3)C(=O)*)(C)C)cc1,tg,287.73,249.35848189890282
*c1cc2c(C(=O)N(C2=O)c2ccc(cc2)Oc2ccc(cc2)C(c2ccc(cc2)Oc2ccc(cc2)N2C(=O)c3c(C2=O)cc(cc3)C(=O)Nc2ccc(cc2)Oc2ccc(cc2)c2ccc(cc2)Oc2ccc(cc2)NC(=O)*)(C)C)cc1,tg,283.0,247.68004678684702
*c1cc2c(C(=O)N(C2=O)c2ccc(cc2)Oc2ccc(cc2)C2(C3C4C(CCC4)C(C2)C3)c2ccc(cc2)Oc2ccc(cc2)N2C(=O)c3c(C2=O)cc(cc3)C(=O)Nc2ccc(cc2)Oc2c(cc(c(c2)C(C)(C)C)Oc2ccc(cc2)NC(=O)*)C(C)(C)C)cc1,tg,290.0,282.12730944458485
*c1cc2c(C(=O)N(C2=O)c2ccc(cc2)Oc2ccc(cc2)C2(C3C4C(CCC4)C(C2)C3)c2ccc(cc2)Oc2ccc(cc2)N2C(=O)c3c(C2=O)cc(cc3)C(=O)Nc2ccc(cc2)Oc2c(cc(cc2)Oc2ccc(cc2)NC(=O)*)C(C)(C)C)cc1,tg,275.0,272.6260673148867
*c1cc2c(C(=O)N(C2=O)c2ccc(cc2)Oc2ccc(cc2)C2(C3C4C(CCC4)C(C2)C3)c2ccc(cc2)Oc2ccc(cc2)N2C(=O)c3c(C2=O)cc(cc3)C(=O)Nc2ccc(cc2)Oc2c(cc(cc2C)C(c2cc(c(c(c2)C)Oc2ccc(cc2)NC(=O)*)C)(C)C)C)cc1,tg,276.0,269.4495966098285
*c1cc2c(C(=O)N(C2=O)c2ccc(cc2)Oc2ccc(cc2)C2(C3C4C(CCC4)C(C2)C3)c2ccc(cc2)Oc2ccc(cc2)N2C(=O)c3c(C2=O)cc(cc3)C(=O)Nc2ccc(cc2)Oc2ccc(cc2)C(c2ccc(cc2)Oc2ccc(cc2)NC(=O)*)(C(F)(F)F)C(F)(F)F)cc1,tg,254.0,263.5335107817497
*c1cc2c(C(=O)N(C2=O)c2ccc(cc2)Oc2ccc(cc2)C2(C3C4C(CCC4)C(C2)C3)c2ccc(cc2)Oc2ccc(cc2)N2C(=O)c3c(C2=O)cc(cc3)C(=O)Nc2ccc(cc2)Oc2ccc(cc2)NC(=O)*)cc1,tg,250.0,271.67651355458236
*c1cc2c(C(=O)N(C2=O)c2ccc(cc2)Oc2ccc(cc2)C2(C3C4C(CCC4)C(C2)C3)c2ccc(cc2)Oc2ccc(cc2)N2C(=O)c3c(C2=O)cc(cc3)C(=O)Nc2ccc(cc2)Oc2ccc(cc2)Oc2ccc(cc2)NC(=O)*)cc1,tg,257.0,263.0438632123265
*c1cc2c(C(=O)N(C2=O)c2ccc(cc2)Oc2ccc(cc2)C2(c3c(C(=O)N2)cccc3)c2ccc(cc2)Oc2ccc(cc2)N2C(=O)c3c(C2=O)cc(cc3)C(=O)Nc2cc(ccc2)NC(=O)*)cc1,tg,328.0,313.28373204617606
*c1cc2c(C(=O)N(C2=O)c2ccc(cc2)Oc2ccc(cc2)C2(c3c(C(=O)N2)cccc3)c2ccc(cc2)Oc2ccc(cc2)N2C(=O)c3c(C2=O)cc(cc3)C(=O)Nc2cc(ccc2)Oc2ccc(cc2)NC(=O)*)cc1,tg,302.0,294.0150402717337
*c1cc2c(C(=O)N(C2=O)c2ccc(cc2)Oc2ccc(cc2)C2(c3c(C(=O)N2)cccc3)c2ccc(cc2)Oc2ccc(cc2)N2C(=O)c3c(C2=O)cc(cc3)C(=O)Nc2ccc(cc2)Oc2ccc(cc2)NC(=O)*)cc1,tg,325.0,309.2985114766581
*c1cc2c(C(=O)N(C2=O)c2ccc(cc2)Oc2ccc(cc2)C2(c3c(C(=O)N2)cccc3)c2ccc(cc2)Oc2ccc(cc2)N2C(=O)c3c(C2=O)cc(cc3)C(=O)Nc2ccc(cc2)Oc2ccc(cc2)Oc2ccc(cc2)NC(=O)*)cc1,tg,300.0,302.6093898481106
*c1cc2c(C(=O)N(C2=O)c2ccc(cc2)Oc2ccc(cc2)C2(c3c(C(=O)N2)cccc3)c2ccc(cc2)Oc2ccc(cc2)N2C(=O)c3c(C2=O)cc(cc3)C(=O)Nc2ccc(cc2)Sc2ccc(cc2)NC(=O)*)cc1,tg,312.0,307.9609637435041
*c1cc2c(C(=O)N(C2=O)c2ccc(cc2)Oc2ccc(cc2)N2C(=O)c3c(C2=O)cc(cc3)C(*)(C(F)(F)F)C(F)(F)F)cc1,tg,304.1,289.76022004488743
*c1cc2c(C(=O)N(C2=O)c2ccc(cc2)Oc2ccc(cc2)N2C(=O)c3c(C2=O)cc(cc3)C(=O)*)cc1,tg,270.76,286.4204930811821
*c1cc2c(C(=O)N(C2=O)c2ccc(cc2)Oc2ccc(cc2)N2C(=O)c3c(C2=O)cc(cc3)C(=O)N2C(=O)N(C(=O)C2(C)C)C(=O)*)cc1,tg,156.0,251.1176395674373
*c1cc2c(C(=O)N(C2=O)c2ccc(cc2)Oc2ccc(cc2)N2C(=O)c3c(C2=O)cc(cc3)C(=O)N2C(=S)N(C(C(=C2C)C(=O)OCC)c2ccccc2)C(=O)*)cc1,tg,155.0,216.71460572082466
*c1cc2c(C(=O)N(C2=O)c2ccc(cc2)Oc2ccc(cc2)N2C(=O)c3c(C2=O)cc(cc3)C(=O)Nc2c(cc(cc2)NC(=O)*)OCCCCCCS(=O)(=O)c2ccc(cc2)C=Cc2ccc(cc2)N(C)C)cc1,tg,192.0,203.1381408407513
*c1cc2c(C(=O)N(C2=O)c2ccc(cc2)Oc2ccc(cc2)N2C(=O)c3c(C2=O)cc(cc3)C(=O)Nc2cc(ccc2)Oc2ccc(cc2)NC(=O)*)cc1,tg,236.0,239.326960428591
*c1cc2c(C(=O)N(C2=O)c2ccc(cc2)Oc2ccc(cc2)N2C(=O)c3c(C2=O)cc(cc3)C(=O)Nc2ccc(cc2)C2(c3ccccc3c3ccccc23)c2ccc(cc2)NC(=O)*)cc1,tg,240.0,266.9719141307127
*c1cc2c(C(=O)N(C2=O)c2ccc(cc2)Oc2ccc(cc2)N2C(=O)c3c(C2=O)cc(cc3)C(=O)Nc2ccc(cc2)Cc2ccc(cc2)NC(=O)*)cc1,tg,270.0,255.9558875350331
*c1cc2c(C(=O)N(C2=O)c2ccc(cc2)Oc2ccc(cc2)N2C(=O)c3c(C2=O)cc(cc3)C(=O)Nc2ccc(cc2)Oc2c(cccc2)c2c(cccc2)Oc2ccc(cc2)NC(=O)*)cc1,tg,241.5,242.60377360923815
*c1cc2c(C(=O)N(C2=O)c2ccc(cc2)Oc2ccc(cc2)N2C(=O)c3c(C2=O)cc(cc3)C(=O)Nc2ccc(cc2)Oc2ccc(cc2)Oc2ccc(cc2)NC(=O)*)cc1,tg,260.0,257.8383097062498
*c1cc2c(C(=O)N(C2=O)c2ccc(cc2)Oc2ccc(cc2)N2C(=O)c3c(C2=O)cc(cc3)C(=O)Nc2ccc(cc2)Oc2ccc(cc2)c2ccc(cc2)Oc2ccc(cc2)NC(=O)*)cc1,tg,262.0,273.4954561051069
*c1cc2c(C(=O)N(C2=O)c2ccc(cc2)Oc2ccc(cc2)N2C(=O)c3c(C2=O)cc(cc3)C(=O)Nc2ccc(cc2)Sc2ccc(cc2)NC(=O)*)cc1,tg,284.0,247.97859107831596
*c1cc2c(C(=O)N(C2=O)c2ccc(cc2)Oc2ccc(cc2)N2C(=O)c3c(C2=O)cc(cc3)C(=O)OCCCCCCCCCCCCOC(=O)*)cc1,tg,105.0,95.60053303827647
*c1cc2c(C(=O)N(C2=O)c2ccc(cc2)Oc2ccc(cc2)N2C(=O)c3c(C2=O)cc(cc3)C(=O)Oc2ccc(cc2)C(c2ccc(cc2)OC(=O)*)(C)C)cc1,tg,200.0,218.0960280824085
*c1cc2c(C(=O)N(C2=O)c2ccc(cc2)Oc2ccc(cc2)N2C(=O)c3c(C2=O)cc(cc3)C(=O)c2cc(cc(c2)c2ccccc2)C(=O)*)cc1,tg,258.5,257.0942247898745
*c1cc2c(C(=O)N(C2=O)c2ccc(cc2)Oc2ccc(cc2)N2C(=O)c3c(C2=O)cc(cc3)C(=O)c2cc(ccc2)C(=O)*)cc1,tg,244.0,250.2371456299285
*c1cc2c(C(=O)N(C2=O)c2ccc(cc2)Oc2ccc(cc2)N2C(=O)c3c(C2=O)cc(cc3)C(=O)c2ccc(cc2)Oc2ccc(cc2)C(c2ccc(cc2)Oc2ccc(cc2)C(=O)*)(C)C)cc1,tg,229.0,239.7061423804022
*c1cc2c(C(=O)N(C2=O)c2ccc(cc2)Oc2ccc(cc2)N2C(=O)c3c(C2=O)cc(cc3)C(=O)c2ccc(cc2)Oc2ccc(cc2)C2(c3c(C(=O)O2)cccc3)c2ccc(cc2)Oc2ccc(cc2)C(=O)*)cc1,tg,260.0,266.4203774258436
*c1cc2c(C(=O)N(C2=O)c2ccc(cc2)Oc2ccc(cc2)N2C(=O)c3c(C2=O)cc(cc3)C(=O)c2ccc(cc2)Oc2ccc(cc2)Oc2ccc(cc2)C(=O)*)cc1,tg,220.0,242.52020668653884
*c1cc2c(C(=O)N(C2=O)c2ccc(cc2)Oc2ccc(cc2)N2C(=O)c3c(C2=O)cc(cc3)C(=O)c2ccc(cc2)Oc2ccc(cc2)S(=O)(=O)c2ccc(cc2)Oc2ccc(cc2)C(=O)*)cc1,tg,229.0,254.41132468713204
*c1cc2c(C(=O)N(C2=O)c2ccc(cc2)Oc2ccc(cc2)N2C(=O)c3c(C2=O)cc(cc3)C(=O)c2ccc(cc2)Oc2ccc(cc2)c2ccc(cc2)Oc2ccc(cc2)C(=O)*)cc1,tg,233.0,236.71824372753395
*c1cc2c(C(=O)N(C2=O)c2ccc(cc2)Oc2ccc(cc2)N2C(=O)c3c(C2=O)cc(cc3)C(C(C(*)(F)F)(F)F)(F)F)cc1,tg,216.5,238.44861768519348
*c1cc2c(C(=O)N(C2=O)c2ccc(cc2)Oc2ccc(cc2)N2C(=O)c3c(C2=O)cc(cc3)C(C(C(C(C(C(*)(F)F)(F)F)(F)F)(F)F)(F)F)(F)F)cc1,tg,185.0,179.81883856540688
*c1cc2c(C(=O)N(C2=O)c2ccc(cc2)Oc2ccc(cc2)N2C(=O)c3c(C2=O)cc(cc3)C(C(C(C(C(C(C(*)(F)F)(F)F)(F)F)(F)F)(F)F)(F)F)(F)F)cc1,tg,178.0,186.53201372642116
*c1cc2c(C(=O)N(C2=O)c2ccc(cc2)Oc2ccc(cc2)N2C(=O)c3c(C2=O)cc(cc3)c2c(c(c(c(c2c2ccccc2)c2ccccc2)c2ccc(cc2)Oc2ccc(cc2)c2c(c(c(c(c2c2ccccc2)c2ccccc2)*)c2ccccc2)c2ccccc2)c2ccccc2)c2ccccc2)cc1,tg,329.0,335.90820142659146
*c1cc2c(C(=O)N(C2=O)c2ccc(cc2)Oc2ccc(cc2)N2C(=O)c3c(C2=O)cc(cc3)c2c(c(c(c(c2c2ccccc2)c2ccccc2)c2ccc(cc2)Sc2ccc(cc2)c2c(c(c(c(c2c2ccccc2)c2ccccc2)*)c2ccccc2)c2ccccc2)c2ccccc2)c2ccccc2)cc1,tg,322.0,307.7219929364838
*c1cc2c(C(=O)N(C2=O)c2ccc(cc2)Oc2ccc(cc2)NC(=O)*)cc1,tg,290.17,268.2217392995973
*c1cc2c(C(=O)N(C2=O)c2ccc(cc2)Oc2ccc(cc2)Oc2ccc(cc2)N2C(=O)c3c(C2=O)cc(cc3)C(*)(C(F)(F)F)C(F)(F)F)cc1,tg,272.0,286.82259656228007
*c1cc2c(C(=O)N(C2=O)c2ccc(cc2)Oc2ccc(cc2)Oc2ccc(cc2)N2C(=O)c3c(C2=O)cc(cc3)C(=O)Nc2ccc(cc2)Oc2c(cccc2)c2c(cccc2)Oc2ccc(cc2)NC(=O)*)cc1,tg,238.0,252.7884657682131
*c1cc2c(C(=O)N(C2=O)c2ccc(cc2)Oc2ccc(cc2)Oc2ccc(cc2)N2C(=O)c3c(C2=O)cc(cc3)C(=O)Nc2ccc(cc2)Oc2ccc(cc2)C2(c3c(C(=O)N2)cccc3)c2ccc(cc2)Oc2ccc(cc2)NC(=O)*)cc1,tg,284.0,306.14079951469387
*c1cc2c(C(=O)N(C2=O)c2ccc(cc2)Oc2ccc(cc2)Oc2ccc(cc2)N2C(=O)c3c(C2=O)cc(cc3)C(=O)Oc2ccc(cc2)OC(=O)*)cc1,tg,230.0,203.25024181929217
*c1cc2c(C(=O)N(C2=O)c2ccc(cc2)Oc2ccc(cc2)S(=O)(=O)c2ccc(cc2)Oc2ccc(cc2)N2C(=O)c3c(C2=O)cc(cc3)C(*)(C(F)(F)F)C(F)(F)F)cc1,tg,276.04,272.16572301765757
*c1cc2c(C(=O)N(C2=O)c2ccc(cc2)Oc2ccc(cc2)S(=O)(=O)c2ccc(cc2)Oc2ccc(cc2)N2C(=O)c3c(C2=O)cc(cc3)C(=O)Nc2ccc(cc2)Oc2c(cccc2)c2c(cccc2)Oc2ccc(cc2)NC(=O)*)cc1,tg,236.0,246.15951906594327
*c1cc2c(C(=O)N(C2=O)c2ccc(cc2)Oc2ccc(cc2)S(=O)(=O)c2ccc(cc2)Oc2ccc(cc2)N2C(=O)c3c(C2=O)cc(cc3)C(=O)Nc2ccc(cc2)Oc2ccc(cc2)c2ccc(cc2)Oc2ccc(cc2)NC(=O)*)cc1,tg,267.0,277.86390470829144
*c1cc2c(C(=O)N(C2=O)c2ccc(cc2)Oc2ccc(cc2)S(=O)(=O)c2ccc(cc2)Oc2ccc(cc2)N2C(=O)c3c(C2=O)cc(cc3)C(=O)c2cc(cc(c2)C(C)(C)C)C(=O)*)cc1,tg,254.5,260.90278009604083
*c1cc2c(C(=O)N(C2=O)c2ccc(cc2)Oc2ccc(cc2)S(=O)(=O)c2ccc(cc2)Oc2ccc(cc2)N2C(=O)c3c(C2=O)cc(cc3)C(=O)c2cc(cc(c2)c2ccccc2)C(=O)*)cc1,tg,256.5,244.37003872956703
*c1cc2c(C(=O)N(C2=O)c2ccc(cc2)Oc2ccc(cc2)c2ccc(cc2)Oc2ccc(cc2)N2C(=O)c3c(C2=O)cc(cc3)C(*)(C(F)(F)F)C(F)(F)F)cc1,tg,288.0,271.3011031769879
*c1cc2c(C(=O)N(C2=O)c2ccc(cc2)Oc2ccc(cc2)c2ccc(cc2)Oc2ccc(cc2)N2C(=O)c3c(C2=O)cc(cc3)C(=O)Nc2ccc(cc2)Oc2c(cccc2)c2c(cccc2)Oc2ccc(cc2)NC(=O)*)cc1,tg,233.0,242.28401329723863
*c1cc2c(C(=O)N(C2=O)c2ccc(cc2)Oc2ccc(cc2)c2ccc(cc2)Oc2ccc(cc2)N2C(=O)c3c(C2=O)cc(cc3)c2ccc(cc2)c2ccc(cc2)c2ccc(cc2)c2ccc(cc2)*)cc1,tg,232.0,273.3802187584986
*c1cc2c(C(=O)N(C2=O)c2ccc(cc2)S(=O)(=O)c2ccc(cc2)N2C(=O)c3c(C2=O)cc(cc3)C(=O)Nc2cc(ccc2)NC(=O)*)cc1,tg,311.0,301.1609366431202
*c1cc2c(C(=O)N(C2=O)c2ccc(cc2)S(=O)(=O)c2ccc(cc2)N2C(=O)c3c(C2=O)cc(cc3)C(=O)Nc2ccc(cc2)NC(=O)*)cc1,tg,368.0,311.4317488074346
*c1cc2c(C(=O)N(C2=O)c2ccc(cc2)S(=O)(=O)c2ccc(cc2)N2C(=O)c3c(C2=O)cc(cc3)C(=O)Nc2ccc(cc2)Oc2ccc(cc2)NC(=O)*)cc1,tg,281.0,279.6597652318726
*c1cc2c(C(=O)N(C2=O)c2ccc(cc2)S(=O)(=O)c2ccc(cc2)N2C(=O)c3c(C2=O)cc(cc3)C(=O)Nc2ccc(cc2)Oc2ccc(cc2)Oc2ccc(cc2)NC(=O)*)cc1,tg,243.0,278.9647478614495
*c1cc2c(C(=O)N(C2=O)c2ccc(cc2)S(=O)(=O)c2ccc(cc2)N2C(=O)c3c(C2=O)cc(cc3)C(=O)Nc2ccc(cc2)S(=O)(=O)c2ccc(cc2)NC(=O)*)cc1,tg,307.0,294.555529606844
*c1cc2c(C(=O)N(C2=O)c2ccc(cc2)S(=O)(=O)c2ccc(cc2)N2C(=O)c3c(C2=O)cc(cc3)C(=O)Nc2ccc(cc2)c2ccc(cc2)NC(=O)*)cc1,tg,370.0,316.0814021654401
*c1cc2c(C(=O)N(C2=O)c2ccc(cc2)S(=O)(=O)c2ccc(cc2)N2C(=O)c3c(C2=O)cc(cc3)C(=O)Oc2ccc(cc2)OCCCCCCCCCCCCOc2ccc(cc2)OC(=O)*)cc1,tg,140.0,135.58458744844523
*c1cc2c(C(=O)N(C2=O)c2ccc(cc2)S(=O)(=O)c2ccc(cc2)N2C(=O)c3c(C2=O)cc(cc3)C(C(C(*)(F)F)(F)F)(F)F)cc1,tg,259.0,251.0821834495717
*c1cc2c(C(=O)N(C2=O)c2ccc(cc2)S(=O)(=O)c2ccc(cc2)S(=O)(=O)c2ccc(cc2)N2C(=O)c3c(C2=O)cc(cc3)C(*)(C(F)(F)F)C(F)(F)F)cc1,tg,331.0,316.42653410517556
*c1cc2c(C(=O)N(C2=O)c2ccc(cc2)S(=O)(=O)c2ccc(cc2)S(=O)(=O)c2ccc(cc2)S(=O)(=O)c2ccc(cc2)N2C(=O)c3c(C2=O)cc(cc3)C(*)(C(F)(F)F)C(F)(F)F)cc1,tg,327.0,312.4346219216898
*c1cc2c(C(=O)N(C2=O)c2ccc(cc2)Sc2ccc(cc2)Oc2ccc(cc2)Sc2ccc(cc2)N2C(=O)c3c(C2=O)cc(cc3)C(*)(C(F)(F)F)C(F)(F)F)cc1,tg,232.67,249.51268114935044
*c1cc2c(C(=O)N(C2=O)c2ccc(cc2)Sc2ccc(cc2)Oc2ccc(cc2)Sc2ccc(cc2)N2C(=O)c3c(C2=O)cc(cc3)C(=O)Nc2ccc(cc2)C2(c3ccccc3c3ccccc23)c2ccc(cc2)NC(=O)*)cc1,tg,273.67,252.60364273342066
*c1cc2c(C(=O)N(C2=O)c2ccc(cc2)Sc2ccc(cc2)Sc2ccc(cc2)N2C(=O)c3c(C2=O)cc(cc3)C(*)(C(F)(F)F)C(F)(F)F)cc1,tg,257.0,245.09499023410004
*c1cc2c(C(=O)N(C2=O)c2ccc(cc2)Sc2ccc(cc2)Sc2ccc(cc2)Sc2ccc(cc2)Sc2ccc(cc2)N2C(=O)c3c(C2=O)cc(cc3)C(*)(C(F)(F)F)C(F)(F)F)cc1,tg,216.0,248.6446225060552
*c1cc2c(C(=O)N(C2=O)c2ccc(cc2)c2cc(c(cc2)Oc2cc3c(C(CC3(c3ccc(cc3)Oc3c(cc(cc3)c3ccc(cc3)N3C(=O)c4c(C3=O)cc(cc4)C(*)(C(F)(F)F)C(F)(F)F)C(F)(F)F)C)(C)C)cc2)C(F)(F)F)cc1,tg,262.0,266.4303650157999
*c1cc2c(C(=O)N(C2=O)c2ccc(cc2)c2ccc(cc2)N2C(=O)c3c(C2=O)cc(cc3)C(=O)*)cc1,tg,337.0,297.4424697181483
*c1cc2c(C(=O)N(C2=O)c2ccc(cc2)c2nc(cc(c2)c2ccc(cc2)OCCCC#N)c2ccc(cc2)N2C(=O)c3c(C2=O)cc(cc3)C(*)(C(F)(F)F)C(F)(F)F)cc1,tg,339.0,255.17869215668105
*c1cc2c(C(=O)N(C2=O)c2ccc(cc2)c2sc(c(c2c2ccccc2)c2ccccc2)c2ccc(cc2)N2C(=O)c3c(C2=O)cc(cc3)C(=O)Nc2cc(ccc2)C(=O)c2cc(ccc2)NC(=O)*)cc1,tg,308.0,317.1181012372654
*c1cc2c(C(=O)N(C2=O)c2ccc(cc2)c2sc(c(c2c2ccccc2)c2ccccc2)c2ccc(cc2)N2C(=O)c3c(C2=O)cc(cc3)C(=O)Nc2cc(ccc2)NC(=O)*)cc1,tg,334.0,311.65008908744915
*c1cc2c(C(=O)N(C2=O)c2ccc(cc2)c2sc(c(c2c2ccccc2)c2ccccc2)c2ccc(cc2)N2C(=O)c3c(C2=O)cc(cc3)C(=O)Nc2cc(ccc2)Oc2ccc(cc2)NC(=O)*)cc1,tg,315.0,283.0585742151415
*c1cc2c(C(=O)N(C2=O)c2ccc(cc2)c2sc(c(c2c2ccccc2)c2ccccc2)c2ccc(cc2)N2C(=O)c3c(C2=O)cc(cc3)C(=O)Nc2ccc(cc2)Cc2ccc(cc2)NC(=O)*)cc1,tg,253.0,314.7208269326183
*c1cc2c(C(=O)N(C2=O)c2ccc(cc2)c2sc(c(c2c2ccccc2)c2ccccc2)c2ccc(cc2)N2C(=O)c3c(C2=O)cc(cc3)C(=O)Nc2ccc(cc2)NC(=O)*)cc1,tg,333.0,295.8220173806296
*c1cc2c(C(=O)N(C2=O)c2ccc(cc2)c2sc(c(c2c2ccccc2)c2ccccc2)c2ccc(cc2)N2C(=O)c3c(C2=O)cc(cc3)C(=O)Nc2ccc(cc2)Oc2ccc(cc2)NC(=O)*)cc1,tg,320.0,294.1391654946621
*c1cc2c(C(=O)N(C2=O)c2ccc(cc2)c2sc(c(c2c2ccccc2)c2ccccc2)c2ccc(cc2)N2C(=O)c3c(C2=O)cc(cc3)C(=O)Nc2ccc(cc2)Oc2ccc(cc2)Oc2ccc(cc2)NC(=O)*)cc1,tg,303.0,319.7628643375088
*c1cc2c(C(=O)N(C2=O)c2ccc(cc2)c2sc(c(c2c2ccccc2)c2ccccc2)c2ccc(cc2)N2C(=O)c3c(C2=O)cc(cc3)C(=O)Nc2ccc(cc2)S(=O)(=O)c2ccc(cc2)NC(=O)*)cc1,tg,340.0,323.798073673201
*c1cc2c(C(=O)N(C2=O)c2ccc(nc2)Sc2ncc(cc2)N2C(=O)c3c(C2=O)cc(cc3)C(=O)*)cc1,tg,246.0,275.7665361917653
*c1cc2c(C(=O)N(C2=O)c2ccc3Cc4c(c3c2)cc(cc4)N2C(=O)c3c(C2=O)cc(cc3)C(*)(C(F)(F)F)C(F)(F)F)cc1,tg,394.0,330.1350476946779
*c1cc2c(C(=O)OC2=Nc2cc(ccc2)Oc2cc(ccc2)Oc2cc(ccc2)N=C2OC(=O)c3c2cc(cc3)C(=O)*)cc1,tg,190.0,212.48465820666232
*c1cc2c(C(=O)OC2=Nc2ccc(cc2)Oc2ccc(cc2)C(c2ccc(cc2)Oc2ccc(cc2)N=C2OC(=O)c3c2cc(cc3)C(=O)*)(C(F)(F)F)C(F)(F)F)cc1,tg,248.0,196.80151269096768
*c1cc2c(cc1)cc(cc2)C(=Cc1c(cc(c(c1)OC)C=C(*)c1ccc(cc1)F)OC)c1ccc(cc1)F,tg,208.0,202.65229688693935
*c1cc2c(cc1)cc(cc2)C(=Cc1c(cc(c(c1)OC)C=C(*)c1ccccc1)OC)c1ccccc1,tg,198.0,198.97645735846504
*c1cc2c(cc1)oc(=O)c(c2)C(=O)Nc1ccc(cc1)C(c1ccc(cc1)NC(=O)c1c(=O)oc2c(cc(cc2)C*)c1)(C(F)(F)F)C(F)(F)F,tg,329.0,294.178046722008
*c1cc2c(cc1)oc(=O)c(c2)C(=O)Nc1ccc(cc1)Oc1ccc(cc1)C(c1ccc(cc1)Oc1ccc(cc1)NC(=O)c1c(=O)oc2c(cc(cc2)C*)c1)(C(F)(F)F)C(F)(F)F,tg,283.0,296.99783536352595
*c1cc2c(cc1)oc(=O)c(c2)C(=O)Nc1ccc(cc1)Oc1ccc(cc1)NC(=O)c1c(=O)oc2c(cc(cc2)C*)c1,tg,312.0,286.8319377689998
*c1cc2c(cc1)oc(=O)c(c2)C(=O)Nc1ccc(cc1)Oc1ccc(cc1)Oc1ccc(cc1)NC(=O)c1c(=O)oc2c(cc(cc2)C*)c1,tg,290.0,292.95814399098293
*c1cc2c(cc1OC(=O)COc1ccc3c(c1)oc(=O)cc3)oc(=O)c(c2)C(=O)Nc1cc(ccc1)NC(=O)c1c(=O)oc2c(cc(c(c2)OC(=O)COc2ccc3c(c2)oc(=O)cc3)C*)c1,tg,240.0,231.6580185740581
*c1cc2c(cc1OC(=O)COc1ccc3c(c1)oc(=O)cc3)oc(=O)c(c2)C(=O)Nc1ccc(cc1)C(c1ccc(cc1)NC(=O)c1c(=O)oc2c(cc(c(c2)OC(=O)COc2ccc3c(c2)oc(=O)cc3)C*)c1)(C(F)(F)F)C(F)(F)F,tg,257.0,253.05586097852407
*c1cc2c(cc1OC(=O)COc1ccc3c(c1)oc(=O)cc3)oc(=O)c(c2)C(=O)Nc1ccc(cc1)Cc1ccc(cc1)NC(=O)c1c(=O)oc2c(cc(c(c2)OC(=O)COc2ccc3c(c2)oc(=O)cc3)C*)c1,tg,221.0,237.4846356678545
*c1cc2c(cc1OC(=O)COc1ccc3c(c1)oc(=O)cc3)oc(=O)c(c2)C(=O)Nc1ccc(cc1)NC(=O)c1c(=O)oc2c(cc(c(c2)OC(=O)COc2ccc3c(c2)oc(=O)cc3)C*)c1,tg,252.0,234.7006978494867
*c1cc2c(cc1OC(=O)COc1ccc3c(c1)oc(=O)cc3)oc(=O)c(c2)C(=O)Nc1ccc(cc1)Oc1ccc(cc1)NC(=O)c1c(=O)oc2c(cc(c(c2)OC(=O)COc2ccc3c(c2)oc(=O)cc3)C*)c1,tg,226.0,247.442143451033
*c1cc2c(nc([nH]2)S(=O)(=O)c2nc3c([nH]2)ccc(c3)c2cc(ccc2)*)cc1,tg,286.5,340.10678862445565
*c1cc2c(nc(c(n2)c2ccc(cc2)N2C(=O)c3c(C2=O)cc(cc3)C(=O)c2cc3c(C(=O)N(C3=O)c3ccc(cc3)c3c(nc4c(n3)cc(cc4)C(=O)*)c3ccccc3)cc2)c2ccccc2)cc1,tg,255.0,310.86109291059546
*c1cc2c(nc(c(n2)c2ccc(cc2)c2c(nc3c(n2)cc(cc3)C(=O)*)c2ccccc2)c2ccccc2)cc1,tg,323.79,310.8083034900359
*c1cc2c(nc(c(n2)c2ccccc2)c2ccc(cc2)c2nc3c(nc2c2ccccc2)cc(cc3)C(=O)*)cc1,tg,325.0,318.152740862975
*c1cc2c(nc(cc2c2ccccc2)Oc2nc3c(c(c2)c2ccccc2)cc(cc3)c2ccc(cc2)Oc2ccc(cc2)*)cc1,tg,268.5,273.47281863215204
*c1cc2c(nc(cc2c2ccccc2)Oc2nc3c(c(c2)c2ccccc2)cc(cc3)c2ccc(cc2)c2ccc(cc2)*)cc1,tg,308.0,299.79332540851783
*c1cc2c(nc(cc2c2ccccc2)c2cc(ccc2)c2nc3c(c(c2)c2ccccc2)cc(cc3)c2ccc(cc2)OCCCCCCCCCCCOc2ccc(cc2)*)cc1,tg,133.5,167.34740408033338
*c1cc2c(nc(cn2)c2ccc(cc2)c2nc3c(nc2)cc(cc3)C(=O)*)cc1,tg,318.0,323.7341311399163
*c1cc2c(oc(n2)C2CCC(CC2)c2oc3c(n2)cc(cc3)C(*)(C(F)(F)F)C(F)(F)F)cc1,tg,271.0,278.55996282880665
*c1cc2c(oc(n2)c2cc(ccc2)c2oc3c(n2)cc(cc3)C(*)(c2ccccc2)C(F)(F)F)cc1,tg,301.0,333.13794330995944
*c1cc2c(oc(n2)c2ccc(cc2)C(c2ccc(cc2)c2oc3c(n2)cc(cc3)C(*)(c2ccccc2)C(F)(F)F)(C(F)(F)F)C(F)(F)F)cc1,tg,334.0,333.8601551060175
*c1cc2c(oc(n2)c2ccc(cc2)C(c2ccc(cc2)c2oc3c(n2)cc(cc3)C(*)(c2ccccc2)C(F)(F)F)(c2ccccc2)C(F)(F)F)cc1,tg,330.0,333.7617415705743
*c1cc2c(oc(n2)c2ccc(cc2)Oc2ccc(cc2)C(c2ccc(cc2)Oc2ccc(cc2)c2oc3c(n2)cc(cc3)C(*)(C(F)(F)F)C(F)(F)F)(C(F)(F)F)C(F)(F)F)cc1,tg,230.67,291.23309845137356
*c1cc2c(oc(n2)c2ccc(cc2)Oc2ccc(cc2)c2oc3c(n2)cc(cc3)C(*)(C(F)(F)F)C(F)(F)F)cc1,tg,294.92,294.508392969376
*c1cc2c(oc(n2)c2ccc(cc2)c2oc3c(n2)cc(cc3)C(*)(C(F)(F)F)C(F)(F)F)cc1,tg,353.5,351.9622215458157
*c1cc2c(oc(n2)c2ccc(cc2)c2oc3c(n2)cc(cc3)C(*)(c2ccccc2)C(F)(F)F)cc1,tg,369.0,324.20968458486834
*c1cc2c(oc(n2)c2ncc(cc2)c2oc3c(n2)cc(cc3)C(*)(C(F)(F)F)C(F)(F)F)cc1,tg,352.0,331.5204511566454
*c1cc2c(s1)-c1sc(*)cc1C2(CCCCCC)CCCCCC[N+](C)(C)C,egc,0.0751,1.9507422661650247
*c1cc2c(s1)-c1sc(*)cc1C2=C(C#N)C#N,egc,0.6839,1.4500278791620822
*c1cc2c(s1)-c1sc(*)cc1C2=C1c2ccsc2-c2sccc21,egc,1.3371,1.7556136436554288
*c1cc2c(s1)-c1sc(*)cc1C2CCCCCCN,egc,2.6725,2.084202741463363
*c1cc2c(s1)-c1sc(-c3sc(-c4sc(*)c5c4OCCO5)c4c3OCCO4)cc1C2=C(C#N)C#N,egc,0.9952,1.2041043077931575
*c1cc2cc(*)sc2s1,egc,3.3358,1.9764754466769046
*c1cc2n(c3c(c2cc1)ccc(c3)c1sc(cc1)c1c2c(nsn2)c(cc1)c1sc(cc1)*)C(CCCCCCCC)CCCCCCCC,tg,128.0,114.02304654966525
*c1cc2n(c3c(c2cc1)ccc(c3)c1sc(cc1CCCCCC)c1c2c(nsn2)c(cc1)c1sc(c(c1)CCCCCC)*)C(CCCCCCCC)CCCCCCCC,tg,77.0,109.57974597448481
*c1cc2sc(*)cc2s1,egc,1.8963,2.946729713417184
*c1cc2sc3cc(*)sc3c2s1,egc,1.8464,1.5131431580786585
*c1ccc(*)[nH]1,egc,2.4594,3.3901326838254935
*c1ccc(*)c(C(=O)c2c(F)c(F)c(F)c(F)c2F)c1,egc,4.0903,3.781888998295812
*c1ccc(*)c(OC)c1N,egc,4.71,3.301081685190234
*c1ccc(*)c2nc(-c3ccccc3)c(-c3ccccc3)nc12,egc,3.1914,3.151400997721108
*c1ccc(*)c2nc(CCCCCCC)c(CCCCCCC)nc12,egc,3.0414,2.8341636975135813
*c1ccc(*)c2nccnc12,egc,3.0389,3.399804986461149
*c1ccc(*)cc1,nc,2.0982,2.0943598295992443
*c1ccc(*)n1C,egc,2.6193,2.855979661232131
*c1ccc(*)n1C(=O)OCC,egc,2.3493,3.7455309457520616
*c1ccc(*)n1C(C(=O)NO)n1ccc2ccccc21,egc,2.4131,3.5476799154157637
*c1ccc(*)n1C(C)C(=O)OC,egc,2.9894,3.217920651929317
*c1ccc(*)n1CC(=O)NO,egc,2.9276,2.5427054849451602
*c1ccc(*)n1CC(=O)OC,egc,2.6899,2.795972495898094
*c1ccc(*)n1CCC(=O)NO,egc,2.8742,2.8757036071704576
*c1ccc(*)n1CCC(=O)OC,egc,2.7978,2.8666140575525003
*c1ccc(*)n1CCC(=O)OCC,egc,2.8986,3.1820508668872014
*c1ccc(*)n1CCCCCC,egc,2.8542,1.9185245968049809
*c1ccc(*)n1Cc1ccc[n+](C)c1,egc,0.2844,2.337228627287736
*c1ccc(*)s1,ei,4.5257,4.99738352687332
*c1ccc(-c2cc(CCCCCCCCCCCC)c(*)s2)s1,egc,1.5458,2.368715524835829
*c1ccc(-c2cc(CCCCCCOC(=O)COc3ccccc3)c(*)s2)s1,egc,1.9751,2.872854548609974
*c1ccc(-c2ccc(*)c(C)c2)cc1C,egc,3.8863,3.631441354595983
*c1ccc(-c2ccc(*)c(CCCCCC)n2)nc1CCCCCC,egc,3.9211,3.354018022902649
*c1ccc(-c2ccc(*)n2C#Cc2ccc(CCCCCC)cc2)s1,egc,2.5339,2.265116930453442
*c1ccc(-c2ccc(*)nc2)cn1,egc,3.5855,3.618335948075264
*c1ccc(-c2ccc(*)s2)s1,eea,2.9681,2.414241392735125
*c1ccc(-c2ccc(-c3cc(*)c4cccccc3-4)s2)s1,egc,2.0762,2.1927534781436444
*c1ccc(-c2ccc(-c3cc(-c4ccc(Oc5ccc(-c6cc(*)nc7ccccc67)cc5)cc4)c4ccccc4n3)cc2)cc1,egc,3.4086,3.1218824421500253
*c1ccc(-c2ccc(-c3cc(-c4ccccc4)c4cc(-c5ccc6nc(*)cc(-c7ccccc7)c6c5)ccc4n3)cc2)cc1,egc,3.1298,3.1061278169516577
*c1ccc(-c2ccc(-c3cc(CCCCCCCC)c(*)s3)s2)s1,egc,2.4777,1.6072255254443473
*c1ccc(-c2ccc(-c3cc(OCCCCCCCCCCCC)c(*)s3)s2)s1,egc,1.9946,1.6362102226155713
*c1ccc(-c2ccc(-c3cc(SCCCC)c(*)s3)cc2)cc1,egc,2.8499,2.4897630261767283
*c1ccc(-c2ccc(-c3cc(SCCCCCCCCCC)c(*)s3)cc2)cc1,egc,3.0684,2.3469099564857396
*c1ccc(-c2ccc(-c3ccc(*)n3C)n2C)cn1,egc,2.931,2.892400531471231
*c1ccc(-c2ccc(-c3ccc(*)n3C)o2)o1,egc,2.825,3.096218393569911
*c1ccc(-c2ccc(-c3ccc(*)n3C)s2)s1,egc,2.5449,2.2417652204762826
*c1ccc(-c2ccc(-c3ccc(*)s3)o2)o1,egc,1.6749,2.2258052108094564
*c1ccc(-c2ccc(-c3ccc(*)s3)s2)cn1,egc,2.3342,2.377811911743477
*c1ccc(-c2ccc(-c3ccc(*)s3)s2)o1,egc,1.6557,1.7796226401861248
*c1ccc(-c2ccc(-c3ccc(-c4cc(-c5ccccc5)c5cc(Oc6ccc7nc(*)cc(-c8ccccc8)c7c6)ccc5n4)cc3)cc2)cc1,egc,3.1875,2.94568483802769
*c1ccc(-c2ccc(-c3ccc(-c4ccc(*)cc4)cc3)cc2)cc1,egb,2.5835,1.9520987659077642
*c1ccc(-c2ccc(-c3ccc(-c4ccc(*)n4CCCCCCCCCCCC)s3)s2)s1,egb,2.1442,1.7954806702947081
*c1ccc(-c2ccc(-c3ccc(-c4ccc(*)s4)cc3)cc2)cc1,eea,2.2963,2.1132316945230105
*c1ccc(-c2ccc(-c3ccc(-c4ccc(*)s4)cc3)cc2)cc1,ei,5.1853,5.2302753297204205
*c1ccc(-c2ccc(-c3ccc(-c4ccc(*)s4)cc3)cc2)cc1,eps,5.39,5.814747793889229
*c1ccc(-c2ccc(-c3ccc(-c4ccc(*)s4)cc3)cc2)cc1,nc,2.2986,2.255202326671931
*c1ccc(-c2ccc(-c3ccc(-c4ccc(*)s4)cc3)s2)cc1,eea,2.3385,2.3775419615140643
*c1ccc(-c2ccc(-c3ccc(-c4ccc(*)s4)s3)cc2)cc1,eea,2.6224,2.951928322156057
*c1ccc(-c2ccc(-c3ccc(-c4ccc(*)s4)s3)cc2)cc1,nc,2.646,2.371921156937042
*c1ccc(-c2ccc(-c3ccc(-c4ccc(*)s4)s3)s2)cc1,eea,2.752,2.6616062465634136
*c1ccc(-c2ccc(-c3ccc(-c4ccc(*)s4)s3)s2)cc1,egb,1.1128,1.736052832018427
*c1ccc(-c2ccc(-c3ccc(-c4ccc(*)s4)s3)s2)cc1,ei,4.7302,4.7400011963542275
*c1ccc(-c2ccc(-c3ccc(-c4ccc(-c5ccc(*)n5CCCCCCCCCCCC)s4)s3)s2)s1,egc,2.1419,1.9640278096375814
*c1ccc(-c2ccc(-c3ccc(-c4nc5cc6sc(*)nc6cc5s4)cc3)c(-c3ccccc3)c2-c2ccccc2)cc1,egc,3.1992,3.0933190785097886
*c1ccc(-c2ccc(-c3ccc(-n4c(=O)c5cc6c(=O)n(*)c(=O)c6cc5c4=O)cc3)cc2)cc1,egc,2.1515,2.0646751875564355
*c1ccc(-c2ccc(-c3ccc4nc(Oc5cc(-c6ccccc6)c6cc(*)ccc6n5)cc(-c5ccccc5)c4c3)cc2)cc1,egc,3.3775,3.4830929920787765
*c1ccc(-c2ccc(-c3cnc4cc(-c5ccc6nc(*)cnc6c5)ccc4n3)cc2)cc1,egc,2.7698,3.224611042056117
*c1ccc(-c2ccc(-c3cnc4cc(Oc5ccc6nc(*)cnc6c5)ccc4n3)cc2)cc1,egc,3.0165,3.3259521438605812
*c1ccc(-c2ccc(-c3nc(CCCCCCCCCCCC)c(-c4sc(*)nc4CCCCCCCCCCCC)s3)s2)s1,egc,2.2184,2.1113126528384734
*c1ccc(-c2ccc(-c3nc4cc(Oc5ccc6nc(-c7ccccc7)c(*)nc6c5)ccc4nc3-c3ccccc3)cc2)cc1,egc,3.1965,3.2131093925122887
*c1ccc(-c2ccc(-c3nc4ccc(Oc5ccc6nc(*)c(-c7ccccc7)c(-c7ccccc7)c6c5)cc4c(-c4ccccc4)c3-c3ccccc3)cc2)cc1,egc,3.3136,3.1814161805323122
*c1ccc(-c2ccc(-c3nnc(*)n3-c3ccc(OC)cc3)cc2)cc1,egc,3.8442,3.6115875144332863
*c1ccc(-c2ccc(-c3sc(*)c4c3OCCO4)s2)s1,egc,1.3916,1.7738452675948118
*c1ccc(-c2ccc(-n3c(=O)c4cc5c(=O)n(*)c(=O)c5cc4c3=O)cc2)cc1,egc,2.1894,2.3816760528281993
*c1ccc(-c2ccc(-n3c(=O)c4cc5c(=O)n(*)c(=O)c5cc4c3=O)cc2F)c(F)c1,egc,2.7749,2.154103174334692
*c1ccc(-c2ccc(-n3c(=O)c4cc5c(=O)n(*)c(=O)c5cc4c3=O)cc2OC(F)(F)F)c(OC(F)(F)F)c1,egc,2.7837,2.5743411724113963
*c1ccc(-c2ccc(C(=S)c3ccc(*)s3)s2)cc1,ei,5.7103,5.361036482440683
*c1ccc(-c2ccc(C(=S)c3ccc(*)s3)s2)cc1,eps,9.09,6.444383030427573
*c1ccc(-c2ccc(C(F)(F)C(*)(F)F)cc2)cc1,eea,2.3351,2.3600926484992817
*c1ccc(-c2ccc(C(F)(F)C(*)(F)F)cc2)cc1,egb,3.2719,3.700381865654425
*c1ccc(-c2ccc(C(F)(F)C(*)(F)F)cc2)cc1,nc,1.9016,1.8513184027968574
*c1ccc(-c2ccc(C(F)(F)C(*)(F)F)cc2)s1,egb,4.0895,3.2539099334516948
*c1ccc(-c2ccc(C(F)(F)C(*)(F)F)cc2)s1,eps,3.57,3.4651399442015647
*c1ccc(-c2ccc(C(F)(F)C(*)(F)F)cc2)s1,nc,1.7814,1.8199081663537713
*c1ccc(-c2ccc(C(F)(F)C(*)(F)F)s2)s1,eea,2.7568,2.5778009279370866
*c1ccc(-c2ccc(C(F)(F)C(*)(F)F)s2)s1,ei,5.8176,6.363310282034632
*c1ccc(-c2ccc(C(F)(F)C(*)(F)F)s2)s1,nc,1.9785,1.8703335281878475
*c1ccc(-c2ccc(N(c3ccccc3)c3ccc4ccc(N(*)c5ccccc5)cc4c3)cc2)cc1,egc,3.0933,2.9352871869366184
*c1ccc(-c2ccc(N3C(=O)c4ccc(-c5cccc6c5C(=O)N(*)C6=O)cc4C3=O)c(C)c2)cc1C,egc,2.9133,3.0745783174556536
*c1ccc(-c2ccc(N3C(=O)c4ccc(Oc5ccc6c(c5)C(=O)N(*)C6=O)cc4C3=O)cc2)cc1,egc,3.0187,3.1723103957747534
*c1ccc(-c2ccc(N3C(=O)c4ccc(Oc5ccc6c(c5)C(=O)N(*)C6=O)cc4C3=O)cc2C)c(C)c1,egc,3.2926,3.1364958457537204
*c1ccc(-c2ccc(Oc3ccc(*)s3)s2)cc1,eea,2.1082,2.2254405738806042
*c1ccc(-c2ccc(Oc3ccc(*)s3)s2)cc1,egb,2.1882,2.5294799083719517
*c1ccc(-c2ccc(Oc3ccc(*)s3)s2)cc1,eps,5.22,5.24169833440433
*c1ccc(-c2ccc(Oc3ccc(*)s3)s2)cc1,nc,2.1868,2.167140165344408
*c1ccc(-c2ccc3nc(*)cc(-c4ccccc4)c3c2)cc1,egc,2.9209,3.164515817665385
*c1ccc(-c2ccc3nc(Oc4cc(-c5ccccc5)c5cc(*)ccc5n4)cc(-c4ccccc4)c3c2)cc1,egc,3.4645,3.3874555637212254
*c1ccc(-c2ccc3nc4oc5cc6[nH]c7nc8cc(*)ccc8nc7nc-6[nH]c=5n-4ccc3c2)cc1,egc,1.9579,2.4848068168784265
*c1ccc(-c2ccn3sc4nc5nc6c(cc5oc-4cc-3nc2)Nc2nc3ccc(*)cc3nc2O6)cc1,egc,1.535,2.5975391888259494
*c1ccc(-c2cnc3cc(-c4ccc5nc(*)cnc5c4)ccc3n2)cc1,egc,3.2178,3.099659182032683
*c1ccc(-c2cnc3cc(S(=O)(=O)c4ccc5nc(*)cnc5c4)ccc3n2)cc1,egc,3.1704,3.187363536314595
*c1ccc(-c2cnc3cc4ncc(*)nc4cc3n2)cc1,egc,2.7084,3.1284299746686353
*c1ccc(-c2cnc3ccc(-c4ccc5nc(*)cnc5c4)cc3n2)cc1,egc,3.3633,2.9895865874698617
*c1ccc(-c2cnc3ccc(-c4ccc5ncc(*)nc5c4)cc3n2)cc1,egc,3.3577,3.1241542112278604
*c1ccc(-c2cnc3ccc(S(=O)(=O)c4ccc5ncc(*)nc5c4)cc3n2)cc1,egc,3.2952,3.2025705405024656
*c1ccc(-c2csc(-c3cc(*)cs3)c2)cc1,egc,3.4782,3.093275826819836
*c1ccc(-c2csc(-c3nc(*)cs3)n2)cc1,egc,3.3372,3.5675900325294245
*c1ccc(-c2nc(-c3ccc(-c4nc(*)sc4C(=O)O)cc3)c(C(=O)O)s2)cc1,egc,3.4119,3.4636483593968928
*c1ccc(-c2nc3cc(-c4ccc5nc(*)c(-c6ccc7ccccc7c6)nc5c4)ccc3nc2-c2ccc3ccccc3c2)cc1,egc,2.9636,2.8747555458285423
*c1ccc(-c2nc3cc(-c4ccc5nc(*)c(-c6ccccc6)nc5c4)ccc3nc2-c2ccccc2)cc1,egc,2.983,3.1487035718567773
*c1ccc(-c2nc3cc(-c4ccc5nc(-c6ccccc6)c(*)nc5c4)ccc3nc2-c2ccccc2)cc1,egc,3.3015,3.1873167629144383
*c1ccc(-c2nc3cc(-c4ccc5oc(*)nc5c4)ccc3o2)cc1,egc,3.1145,3.4981188869608495
*c1ccc(-c2nc3cc(Oc4ccc5nc(*)c(-c6ccccc6)nc5c4)ccc3nc2-c2ccccc2)cc1,egc,3.1353,3.1235540250244087
*c1ccc(-c2nc3cc4nc(*)[nH]c4cc3[nH]2)cc1,egc,3.6007,3.2293168639362033
*c1ccc(-c2nc3cc4nc(*)c(-c5ccccc5)nc4cc3nc2-c2ccccc2)cc1,egc,2.6364,3.1683290765409926
*c1ccc(-c2nc3cc4nc(*)oc4cc3o2)cc1,ei,5.6689,6.089567147231948
*c1ccc(-c2nc3cc4nc(-c5ccccc5)c(*)nc4cc3nc2-c2ccccc2)cc1,egc,2.8531,3.1539399270413284
*c1ccc(-c2nc3ccc(-c4ccc5nc(*)c(-c6ccccc6)nc5c4)cc3nc2-c2ccccc2)cc1,egc,3.1693,3.0328843716739557
*c1ccc(-c2nc3ccc(-c4ccc5nc(*)sc5c4)cc3s2)cc1,egc,3.0122,3.1434696981812946
*c1ccc(-c2nc3ccc(Oc4ccc5nc(*)c(-c6ccccc6)nc5c4)cc3nc2-c2ccccc2)cc1,egc,3.199,3.1644600561536538
*c1ccc(-c2nnc(*)o2)c(OCCCCC)c1,egc,3.0444,3.5836293410454148
*c1ccc(-c2nnc(*)o2)cc1,egc,3.0775,3.316692394138701
*c1ccc(-c2nnc(-c3cccc(-c4nnc(*)o4)c3)o2)cc1,egc,3.4013,3.8035316287766854
*c1ccc(-c2nnc(-c3cccc(-c4nnc(*)o4)n3)o2)cc1,egc,3.8824,3.4535826091729596
*c1ccc(-c2nnc(-c3nnc(*)o3)o2)cc1,egc,2.9171,3.652748008791951
*c1ccc(-c2sc(-c3cc(SCCCC)c(*)s3)cc2SCCCC)cc1,egc,2.4731,2.4116711503894095
*c1ccc(-c2sc(-c3cc(SCCCCCCCC)c(*)s3)cc2SCCCCCCCC)cc1,egc,2.4336,2.0938144552708247
*c1ccc(-n2c(=O)c3cc4c(=O)n(*)c(=O)c4cc3c2=O)c(C)c1,egc,2.9393,2.919614534108761
*c1ccc(-n2c(=O)c3cc4c(=O)n(*)c(=O)c4cc3c2=O)cc1,egc,2.8625,2.4573767304209
*c1ccc(-n2ccc(-c3ccc(-c4ccn(*)n4)cc3)n2)cc1,egc,3.3335,3.6094161508377782
*c1ccc(-n2ccc(-c3cccc(-c4ccn(*)n4)c3)n2)cc1,egc,3.7316,3.291784872065625
*c1ccc(C(=O)C(F)(F)C(*)(F)F)cc1,eea,3.4595,3.266665368975132
*c1ccc(C(=O)C(F)(F)C(*)(F)F)cc1,egb,3.5762,3.4778558915885562
*c1ccc(C(=O)C(F)(F)C(*)(F)F)cc1,ei,7.7091,7.438948902427759
*c1ccc(C(=O)C(F)(F)C(*)(F)F)cc1,eps,3.85,3.8700942234014453
*c1ccc(C(=O)C(F)(F)C(*)(F)F)cc1,nc,1.8174,1.786355582620667
*c1ccc(C(=O)C(F)(F)C(*)(F)F)s1,eea,3.7613,3.467194730624125
*c1ccc(C(=O)C(F)(F)C(*)(F)F)s1,ei,7.5565,7.007282738826124
*c1ccc(C(=O)C(F)(F)C(*)(F)F)s1,eps,3.93,4.564661321979092
*c1ccc(C(=O)Nc2ccc(-c3ccc(NC(=O)c4ccc(-n5c(=O)c6sc7c(=O)n(*)c(=O)c7sc6c5=O)cc4)cc3)cc2)cc1,egc,1.2847,1.394558470393246
*c1ccc(C(=O)Nc2ccc(-n3c(=O)c4cc5c(=O)n(*)c(=O)c5cc4c3=O)cc2C(=O)OCC)cc1,egc,2.463,2.329923547894757
*c1ccc(C(=O)Nc2ccc(NC(=O)c3ccc(-n4c(=O)c5sc6c(=O)n(*)c(=O)c6sc5c4=O)cc3)cc2)cc1,egc,1.4889,1.3462865771266277
*c1ccc(C(=O)Nc2ccc(Oc3ccc(NC(=O)c4ccc(-n5c(=O)c6cc7c(=O)n(*)c(=O)c7cc6c5=O)cc4)cc3)cc2)cc1,egc,1.639,1.996305229939834
*c1ccc(C(=O)Nc2ccc(Oc3ccc(NC(=O)c4ccc(Oc5ccc(-c6nn(*)c(=O)c7ccccc67)c6ccccc56)cc4)cc3)cc2)cc1,egc,3.2201,2.493921792310067
*c1ccc(C(=O)Nc2cccc(-n3c(=O)c4cc5c(=O)n(*)c(=O)c5cc4c3=O)c2)cc1,egc,2.445,2.3089504763191915
*c1ccc(C(=O)c2cccc(-n3c(=O)c4cc5c(=O)n(*)c(=O)c5cc4c3=O)c2)cc1,egc,3.1782,2.777904053433992
*c1ccc(C(=S)c2ccc(-c3ccc(*)s3)s2)cc1,eea,3.54,3.527430103727508
*c1ccc(C(=S)c2ccc(C(=S)C(=O)Nc3ccc(-c4ccc(*)s4)cc3)s2)s1,ei,5.6233,5.750830774116677
*c1ccc(C(C#N)(C(=O)O)C(*)(C#N)C(=O)O)cc1,egc,5.2415,4.338741881932806
*c1ccc(C(C)(C)c2ccc(-n3c(=O)c4cc5c(=O)n(*)c(=O)c5cc4c3=O)cc2)cc1,egc,2.5724,2.506584858684132
*c1ccc(C(C=CC)c2ccc(-n3c(=O)c4cc5c(=O)n(*)c(=O)c5cc4c3=O)cc2)cc1,egc,2.5577,2.1204571747177
*c1ccc(C(F)(F)C(=O)C(*)(F)F)cc1,nc,1.7375,1.7720577187728668
*c1ccc(C(F)(F)C(=O)C(*)(F)F)s1,eps,4.05,3.9174434793496515
*c1ccc(C(F)(F)CC(*)(F)F)cc1,eea,1.9565,2.1710286756568506
*c1ccc(C(F)(F)CC(*)(F)F)cc1,egb,4.3368,4.722628363896771
*c1ccc(C(F)(F)CC(*)(F)F)cc1,ei,7.0413,7.068599095336182
*c1ccc(C(F)(F)CC(*)(F)F)cc1,eps,3.47,3.6554530316874745
*c1ccc(C(F)(F)CC(*)(F)F)cc1,nc,1.7249,1.750800915811101
*c1ccc(C(F)(F)CC(*)(F)F)s1,eea,2.025,2.482164348162754
*c1ccc(C(F)(F)CC(*)(F)F)s1,ei,7.1393,7.116383922629293
*c1ccc(C(F)(F)CC(*)(F)F)s1,nc,1.7568,1.750700056042826
*c1ccc(C(F)(F)NC(*)(F)F)cc1,eea,2.1641,2.384769334649685
*c1ccc(C(F)(F)NC(*)(F)F)cc1,egb,4.2709,4.160528970129105
*c1ccc(C(F)(F)NC(*)(F)F)cc1,nc,1.7422,1.7479420924317592
*c1ccc(C(F)(F)NC(*)(F)F)s1,eea,2.4083,2.445819600282405
*c1ccc(C(F)(F)NC(*)(F)F)s1,ei,7.3853,7.070307944476978
*c1ccc(C(F)(F)NC(*)(F)F)s1,eps,4.48,4.198587593820266
*c1ccc(C(F)(F)c2ccc(C(*)(F)F)cc2)cc1,egb,4.1742,3.907622296241977
*c1ccc(C(F)(F)c2ccc(C(*)(F)F)cc2)cc1,nc,1.8364,1.7620959250723542
*c1ccc(C(F)(F)c2ccc(C(*)(F)F)cc2)s1,eea,2.9023,2.5798448263745977
*c1ccc(C(F)(F)c2ccc(C(*)(F)F)cc2)s1,ei,6.4074,6.819730345876864
*c1ccc(C(F)(F)c2ccc(C(*)(F)F)cc2)s1,eps,4.0,3.807984965436762
*c1ccc(C(F)(F)c2ccc(C(*)(F)F)s2)s1,eea,2.5399,2.912994106524722
*c1ccc(C(F)(F)c2ccc(C(*)(F)F)s2)s1,ei,6.7826,6.420655733585011
*c1ccc(C(c2ccc(-n3c(=O)c4cc5c(=O)n(*)c(=O)c5cc4c3=O)cc2)(C(F)(F)F)C(F)(F)F)cc1,egc,2.7195,2.7749449959842565
*c1ccc(C(c2ccccc2)(c2ccc(-c3nc4ccc(-c5ccc6nc(*)oc6c5)cc4o3)cc2)C(F)(F)F)cc1,egc,3.4178,3.6522887686015357
*c1ccc(C(c2ccccc2)(c2ccc(-n3c(=O)c4cc5c(=O)n(*)c(=O)c5cc4c3=O)cc2)C(F)(F)F)cc1,egc,2.7963,2.624835857451182
*c1ccc(C(c2ccccc2)c2ccc(N3C(=O)c4ccc(-c5ccc6c(c5)C(=O)N(*)C6=O)cc4C3=O)cc2)cc1,egc,2.907,2.9891732416154357
*c1ccc(C)c(N2C(=O)c3ccc(-c4ccc5c(c4)C(=O)N(*)C5=O)cc3C2=O)c1,egc,3.4309,3.314343337900928
*c1ccc(C)c(N2C(=O)c3ccc(S(=O)(=O)c4ccc5c(c4)C(=O)N(*)C5=O)cc3C2=O)c1,egc,3.2404,3.112536845985745
*c1ccc(C)c(N2CC(=O)N(*)CC2=O)c1,egc,5.1153,4.714904310577298
*c1ccc(C2(c3ccc(N4C(=O)c5ccc(-c6ccc7c(c6)C(=O)N(*)C7=O)cc5C4=O)cc3)c3ccccc3-c3ccccc32)cc1,egc,2.7114,2.752368070548169
*c1ccc(CC(F)(F)C(*)(F)F)cc1,egb,5.11,4.538351574967772
*c1ccc(CC(F)(F)C(*)(F)F)cc1,nc,1.7264,1.7264730620764166
*c1ccc(CC(F)(F)C(*)(F)F)s1,eea,1.8781,2.44979965044256
*c1ccc(CC(F)(F)C(*)(F)F)s1,ei,6.8904,6.800639942251127
*c1ccc(CC(F)(F)C(*)(F)F)s1,eps,3.59,3.558076835630202
*c1ccc(CC(F)(F)C(*)(F)F)s1,nc,1.7679,1.7692710883222458
*c1ccc(Cc2ccc(N3C(=O)C(=O)N(*)C3=O)cc2)cc1,egc,3.5238,3.886078596389395
*c1ccc(Cc2ccc(N3C(=O)C4CCC5C(=O)N(*)C(=O)C5C4C3=O)c(C)c2)cc1C,egc,4.8465,4.308818254956908
*c1ccc(Cc2ccc(N3C(=O)N(*)C3=O)cc2)cc1,egc,4.1662,3.9558160688011608
*c1ccc(Cc2ccc(N3C(=O)c4ccc(-c5ccc6c(c5)C(=O)N(*)C6=O)cc4C3=O)cc2)cc1,egc,2.9129,3.03449473935205
*c1ccc(Cc2ccc(N3C(=O)c4ccc([Si](C)(C)c5ccc6c(c5)C(=O)N(*)C6=O)cc4C3=O)cc2)cc1,egc,2.9801,2.975278463074714
*c1ccc(Cc2cccc(-n3c(=O)c4cc5c(=O)n(*)c(=O)c5cc4c3=O)c2)cc1,egc,2.6251,2.8834724434233117
*c1ccc(Cc2ccccc2-n2c(=O)c3cc4c(=O)n(*)c(=O)c4cc3c2=O)cc1,egc,2.9239,2.7343885177089478
*c1ccc(N(*)c2ccc(S(=O)(=O)O)cc2)cc1,egc,3.3685,3.342613860304054
*c1ccc(N(c2ccc(C#N)cc2)c2ccc(-n3c(=O)c4cc5c(=O)n(*)c(=O)c5cc4c3=O)cc2)cc1,egc,1.6108,2.077554584524672
*c1ccc(N(c2ccc(C#N)cc2)c2ccc(N3C(=O)c4ccc(-c5ccc6c(c5)C(=O)N(*)C6=O)cc4C3=O)cc2)cc1,egc,2.0474,2.2732449262265373
*c1ccc(N(c2ccc(C#N)cc2)c2ccc(N3C(=O)c4ccc(Oc5ccc6c(c5)C(=O)N(*)C6=O)cc4C3=O)cc2)cc1,egc,2.2981,2.147046938506193
*c1ccc(N(c2ccc(CCCC)cc2)c2ccc(-c3ccc(*)s3)cc2)cc1,egc,2.8955,2.6366066447262786
*c1ccc(N2C(=O)c3ccc(-c4ccc5c(c4)C(=O)N(*)C5=O)cc3C2=O)nc1,egc,3.2895,3.0815094989918226
*c1ccc(N2C(=O)c3ccc(-c4cccc5c4C(=O)N(*)C5=O)cc3C2=O)cc1,egc,3.1892,2.863531697825188
*c1ccc(N2C(=O)c3ccc(-c4cccc5c4C(=O)N(c4ccc6[nH]c(*)nc6c4)C5=O)cc3C2=O)cc1,egc,2.9114,2.3380268306353003
*c1ccc(N2C(=O)c3ccc(C(=O)c4ccc5c(c4)C(=O)N(c4ccc6[nH]c(*)nc6c4)C5=O)cc3C2=O)cc1,egc,2.4444,2.6420304929505023
*c1ccc(N2C(=O)c3ccc(Oc4ccc5c(c4)C(=O)N(*)C5=O)cc3C2=O)cc1,egc,3.4906,3.0702602289533827
*c1ccc(N2CCC(c3cccc(C4=NN(*)CC4)c3)=N2)cc1,egc,2.8203,3.1203720359517093
*c1ccc(NC(=O)c2cc(NC(=O)c3ccc(OC(C)=O)cc3)cc(C(=O)Nc3ccc(-c4nnc(*)o4)cc3)c2)cc1,egc,3.4669,3.457352623932406
*c1ccc(NC(=O)c2ccc(C(=O)Nc3ccc(-c4nc5ccc(-c6ccc7nc(*)[nH]c7c6)cc5[nH]4)cc3)cc2)cc1,egc,2.5692,3.0464752642255535
*c1ccc(NC(=O)c2cccc(C(=O)Nc3ccc(-n4c(=O)c5cc6c(=O)n(*)c(=O)c6cc5c4=O)cc3)c2)cc1,egc,2.46,2.586880020015324
*c1ccc(NC(F)(F)C(*)(F)F)cc1,egb,4.1626,4.150200644700352
*c1ccc(NC(F)(F)C(*)(F)F)cc1,ei,6.1304,6.107034050961698
*c1ccc(NC(F)(F)C(*)(F)F)cc1,nc,1.7935,1.799557598366747
*c1ccc(NC(F)(F)C(*)(F)F)s1,egb,3.3898,3.5401794014968013
*c1ccc(NC(F)(F)C(*)(F)F)s1,ei,5.871,6.276992681625336
*c1ccc(NC(F)(F)C(*)(F)F)s1,nc,1.862,1.8560752077252944
*c1ccc(OC(=O)c2cccc(C(=O)Oc3ccc(C4(*)OC(=O)c5ccccc54)cc3)c2)cc1,egc,3.9147,3.7014238952594116
*c1ccc(OC(=S)c2ccc(*)s2)cc1,eea,3.1094,3.189255863741066
*c1ccc(OC(=S)c2ccc(*)s2)cc1,egb,2.0472,2.079936395715696
*c1ccc(OC(=S)c2ccc(*)s2)cc1,ei,5.9615,5.959991340189116
*c1ccc(OC(=S)c2ccc(*)s2)cc1,nc,2.2131,2.136209561089262
*c1ccc(OCC2CCC(COc3ccc(-n4c(=O)c5cc6c(=O)n(*)c(=O)c6cc5c4=O)cc3)CC2)cc1,egc,2.2219,2.8509071833830633
*c1ccc(Oc2ccc(-c3cc(-c4ccccc4)c4cc5nc(*)cc(-c6ccccc6)c5cc4n3)cc2)cc1,egc,2.7429,3.387017077763527
*c1ccc(Oc2ccc(-c3cnc4cc(-c5ccc6nc(*)cnc6c5)ccc4n3)cc2)cc1,egc,3.1085,3.1111642600662996
*c1ccc(Oc2ccc(-c3cnc4cc5ncc(*)nc5cc4n3)cc2)cc1,egc,2.782,3.17039717631741
*c1ccc(Oc2ccc(-c3cnc4ccc(-c5ccc6nc(*)cnc6c5)cc4n3)cc2)cc1,egc,3.1515,2.936331632693907
*c1ccc(Oc2ccc(-c3csc(-c4nc(*)cs4)n3)cc2)cc1,egc,3.5312,3.405926464725259
*c1ccc(Oc2ccc(-c3nc4cc(-c5ccc6nc(*)c(-c7ccccc7)nc6c5)ccc4nc3-c3ccccc3)cc2)cc1,egc,2.9993,3.2026743681647427
*c1ccc(Oc2ccc(-c3nc4cc5sc(*)nc5cc4s3)cc2)cc1,egc,3.2878,3.366848895962098
*c1ccc(Oc2ccc(-c3nnc(*)o3)cc2)cc1,egc,3.7488,3.663333803144514
*c1ccc(Oc2ccc(-n3c(=O)c4c(F)c5c(=O)n(*)c(=O)c5c(F)c4c3=O)cc2)cc1,egc,2.0451,2.4725139905967057
*c1ccc(Oc2ccc(-n3c(=O)c4c(Oc5ccc(OCCCC)cc5)c5c(=O)n(*)c(=O)c5c(Oc5ccc(OCCCC)cc5)c4c3=O)cc2)cc1,egc,1.9028,2.488238157694413
*c1ccc(Oc2ccc(-n3c(=O)c4cc5c(=O)n(*)c(=O)c5cc4c3=O)cc2)cc1,egc,2.3733,2.0485618243468604
*c1ccc(Oc2ccc(-n3c(=O)c4cc5c(=O)n(*)c(=O)c5cc4c3=O)cc2-c2ccccc2)cc1,egc,2.1739,2.2644696185022246
*c1ccc(Oc2ccc(-n3c(=O)c4cc5c(=O)n(*)c(=O)c5cc4c3=O)cc2Br)c(Br)c1,egc,2.4917,2.331126440716182
*c1ccc(Oc2ccc(-n3c(=O)c4cc5c(=O)n(-c6ncc(*)s6)c(=O)c5cc4c3=O)cc2)cc1,egc,1.9001,2.175866081614548
*c1ccc(Oc2ccc(C(=O)c3ccc(Oc4ccc(-n5c(=O)c6cc7c(=O)n(*)c(=O)c7cc6c5=O)cc4)cc3)cc2)cc1,egc,2.395,1.8261251015223907
*c1ccc(Oc2ccc(C(=O)c3ccc(Oc4ccc(C(=O)c5ccc(Oc6ccc(-c7nc8ccccc8n7-c7ccc(-n8c(*)nc9ccccc98)cc7)cc6)cc5)cc4)cc3)cc2)cc1,egc,3.2485,3.257073596433401
*c1ccc(Oc2ccc(C(C)(C)c3ccc(Oc4ccc(-n5c(=O)c6cc7c(=O)n(*)c(=O)c7cc6c5=O)cc4)cc3)cc2)cc1,egc,2.1293,2.1421024102047714
*c1ccc(Oc2ccc(N3C(=O)N(*)C3=O)cc2)cc1,egc,4.3691,3.5210944005941673
*c1ccc(Oc2ccc(N3C(=O)c4ccc(S(=O)(=O)c5ccc6c(c5)C(=O)N(*)C6=O)cc4C3=O)cc2Br)c(Br)c1,egc,2.7192,3.049512659566411
*c1ccc(Oc2ccc(Oc3ccc(-n4c(=O)c5cc6c(=O)n(*)c(=O)c6cc5c4=O)cc3)cc2)cc1,egc,2.0871,2.1826748898670454
*c1ccc(Oc2ccc(Oc3ccc(-n4c(=O)c5cc6c(=O)n(*)c(=O)c6cc5c4=O)cc3)cc2C(C)(C)C)cc1,egc,1.9644,2.4405626274471492
*c1ccc(Oc2ccc(Oc3ccc(-n4c(=O)c5cc6c(=O)n(*)c(=O)c6cc5c4=O)cc3)cc2C)cc1,egc,2.3895,2.0302077604900277
*c1ccc(Oc2ccc(Oc3ccc(N4C(=O)C5CCC6C(=O)N(*)C(=O)C6C5C4=O)cc3)cc2)cc1,egc,4.5419,4.3571830597983965
*c1ccc(Oc2ccc(Oc3ccc(N4C(=O)CC(=O)N(*)C4=S)cc3)cc2)cc1,egc,3.1515,3.3070349019564955
*c1ccc(Oc2ccc(P(=O)(c3ccccc3)c3ccc(Oc4ccc(-c5cc(*)[nH]n5)cc4)cc3)cc2)cc1,egc,4.1018,3.444097523596546
*c1ccc(Oc2ccc3ccc(Oc4ccc(-n5c(=O)c6cc7c(=O)n(*)c(=O)c7cc6c5=O)cc4)cc3c2)cc1,egc,2.1074,1.9927107569568792
*c1ccc(Oc2cccc(-n3c(=O)c4cc5c(=O)n(*)c(=O)c5cc4c3=O)c2)cc1,egc,2.5637,2.370458823867277
*c1ccc(Oc2cccc(Oc3ccc(-n4c(=O)c5cc6c(=O)n(*)c(=O)c6cc5c4=O)cc3)c2C#N)cc1,egc,2.6202,2.5307454281590935
*c1ccc(Oc2cccc3c(Oc4ccc(-n5c(=O)c6cc7c(=O)n(*)c(=O)c7cc6c5=O)cc4)cccc23)cc1,egc,1.8659,2.1066924059683165
*c1ccc(Oc2ccccc2-n2c(=O)c3cc4c(=O)n(*)c(=O)c4cc3c2=O)cc1,egc,2.5326,2.3729053873308916
*c1ccc(Oc2ccccc2Oc2ccc(-n3c(=O)c4cc5c(=O)n(*)c(=O)c5cc4c3=O)cc2)cc1,egc,2.1614,2.180625211294658
*c1ccc(S(*)(=O)=O)cc1,egc,4.2821,3.0876845833129436
*c1ccc(S(=O)(=O)c2ccc(-n3c(=O)c4cc5c(=O)n(*)c(=O)c5cc4c3=O)cc2)cc1,egc,2.8028,2.576670916226265
*c1ccc(S(=O)(=O)c2ccc(-n3nc(-c4ccc(Oc5ccc(-c6nn(*)c(=O)c7ccccc67)cc5)cc4)c4ccccc4c3=O)cc2)cc1,egc,3.5201,3.027626208396331
*c1ccc(S(=O)(=O)c2ccc(N3C(=O)c4ccc(-c5ccc6c(c5)C(=O)N(*)C6=O)cc4C3=O)cc2)cc1,egc,3.396,2.822319149367737
*c1ccc(SSc2ccc(-n3c(=O)c4cc5c(=O)n(*)c(=O)c5cc4c3=O)cc2)cc1,egc,2.3111,2.5066545422213977
*c1ccc(Sc2ccc(-c3nc4ccc(-c5ccc6nc(*)c(-c7ccccc7)nc6c5)cc4nc3-c3ccccc3)cc2)cc1,egc,3.3214,2.982256469284239
*c1ccc(Sc2ccc(-c3nn(-c4ccc(S(=O)(=O)c5ccc(-n6nc(*)c7ccccc7c6=O)cc5)cc4)c(=O)c4ccccc34)cc2)cc1,egc,3.5491,3.3193220427964976
*c1ccc(Sc2ccc(-n3c(=O)c4cc5c(=O)n(*)c(=O)c5cc4c3=O)cc2)cc1,egc,2.5188,2.493984393354775
*c1ccc([Si](c2ccccc2)(c2ccccc2)c2ccc(-c3nnc(*)o3)cc2)cc1,egc,4.0946,3.5713783924794824
*c1ccc(cc1)*,tg,291.5,167.88294006372627
*c1ccc(cc1)C(*)C,tg,79.43,103.57112080088633
*c1ccc(cc1)C(=Cc1c(cc(c(c1)OC)C=C(*)c1ccc(cc1)F)OC)c1ccc(cc1)F,tg,193.0,186.03627557371058
*c1ccc(cc1)C(=Cc1c(cc(c(c1)OC)C=C(*)c1ccc(cc1)OC)OC)c1ccc(cc1)OC,tg,170.0,187.62947892459982
*c1ccc(cc1)C(C(*)(C(=O)OCC(C)C)C#N)(C(=O)OCC(C)C)C#N,tg,108.0,104.91176158150843
*c1ccc(cc1)C(C(*)(C(=O)OCC)C#N)(C(=O)OCC)C#N,tg,108.0,129.29738680781094
*c1ccc(cc1)C(C(*)(F)F)(F)F,tg,76.95,98.4778809706851
*c1ccc(cc1)C=C(c1ccc(cc1)C(=Cc1ccc(cc1)C=Cc1c(cc(c(c1)OC)C=C*)OC)Oc1ccccc1)c1ccc(cc1)Oc1ccccc1,tg,175.0,176.98416322818974
*c1ccc(cc1)C=C*,tg,230.0,121.78951946894057
*c1ccc(cc1)C=C1C(=O)C(=Cc2ccc(cc2)C(=O)c2cc(ccc2)C(=O)*)CC1,tg,190.0,181.49089023711474
*c1ccc(cc1)c1c(cc(c(c1)OCCCCCC)c1ccc(cc1)C=C1C(=O)C(=C*)CCC1)OCCCCCC,tg,85.0,88.76222013880704
*c1ccc(cc1)c1c(cc(c(c1c1ccccc1)c1ccccc1)c1cc(ccc1)c1c(c(c(c(c1)c1ccccc1)c1ccc(cc1)CCC*)c1ccccc1)c1ccccc1)c1ccccc1,tg,240.0,242.80970931518874
*c1ccc(cc1)c1c(cc(c(c1c1ccccc1)c1ccccc1)c1cc(ccc1)c1c(c(c(c(c1)c1ccccc1)c1ccc(cc1)CCCC*)c1ccccc1)c1ccccc1)c1ccccc1,tg,180.0,213.84191694174612
*c1ccc(cc1)c1c(cc(c(c1c1ccccc1)c1ccccc1)c1cc(ccc1)c1c(c(c(c(c1)c1ccccc1)c1ccc(cc1)CCCCCC*)c1ccccc1)c1ccccc1)c1ccccc1,tg,215.0,179.0823146737912
*c1ccc(cc1)c1c(cc(c(c1c1ccccc1)c1ccccc1)c1cc(ccc1)c1c(c(c(c(c1)c1ccccc1)c1ccc(cc1)CCCCCCCCCC*)c1ccccc1)c1ccccc1)c1ccccc1,tg,180.0,208.38142707356792
*c1ccc(cc1)c1c(cc(c(c1c1ccccc1)c1ccccc1)c1ccc(cc1)c1c(c(c(c(c1)c1ccccc1)c1ccc(cc1)CCC*)c1ccccc1)c1ccccc1)c1ccccc1,tg,290.0,241.13056099579754
*c1ccc(cc1)c1c(cc(c(c1c1ccccc1)c1ccccc1)c1ccc(cc1)c1c(c(c(c(c1)c1ccccc1)c1ccc(cc1)CCCC*)c1ccccc1)c1ccccc1)c1ccccc1,tg,205.0,256.8209404815924
*c1ccc(cc1)c1c(cc(c(c1c1ccccc1)c1ccccc1)c1ccc(cc1)c1c(c(c(c(c1)c1ccccc1)c1ccc(cc1)CCCCCC*)c1ccccc1)c1ccccc1)c1ccccc1,tg,250.0,206.26417234499905
*c1ccc(cc1)c1c(cc(c(c1c1ccccc1)c1ccccc1)c1ccc(cc1)c1c(c(c(c(c1)c1ccccc1)c1ccc(cc1)CCCCCCCCCC*)c1ccccc1)c1ccccc1)c1ccccc1,tg,235.0,206.9374763996953
*c1ccc(cc1)c1c(cc(c(c1c1ccccc1)c1ccccc1)c1ccc(cc1)c1c(c(c(c(c1)c1ccccc1)c1ccc(cc1)CCCCCCCCCCCCCC*)c1ccccc1)c1ccccc1)c1ccccc1,tg,185.0,225.6351011421582
*c1ccc(cc1)c1ccc(cc1)C(=Cc1c(cc(c(c1)OC)C=C(*)c1ccc(cc1)F)OC)c1ccc(cc1)F,tg,201.0,198.89594958566255
*c1ccc(cc1)c1ccc(cc1)C(=Cc1ccc(cc1)C=C(*)c1ccccc1)c1ccccc1,tg,220.0,228.95256553080068
*c1ccc(cc1)c1ccc(cc1)C(=Nc1ccccc1)*,tg,225.0,224.25868675019717
*c1ccc(cc1)c1ccc(cc1)C1(CCCCC1)*,tg,287.0,179.92036510869224
*c1ccc2N(c3c(Sc2c1)cc(cc3)C=C*)c1ccc(cc1)OCCCCCCCCCCCC,tg,129.0,104.60322484450774
*c1ccc2N(c3c(Sc2c1)cc(cc3)c1ccc2N(c3c(Sc2c1)cc(cc3)C=C*)c1ccc(cc1)OCCCCCCCCCCCC)c1ccc(cc1)OCCCCCCCCCCCC,tg,118.6,122.55975886476101
*c1ccc2N(c3c(Sc2c1)cc(cc3)c1sc(cc1)c1sc(cc1)*)CCCCCC,tg,140.0,158.3154332015488
*c1ccc2N(c3c(Sc2c1)cc(cc3)c1sc(cc1)c1sc(cc1)*)CCCCCCCCCC,tg,142.0,136.46263513278734
*c1ccc2N(c3c(Sc2c1)cc(cc3)c1sc(cc1)c1sc(cc1)c1ccc2N(c3c(Sc2c1)cc(cc3)C=C*)c1ccc(cc1)OCCCCCCCCCCCC)c1ccc(cc1)OCCCCCCCCCCCC,tg,115.8,104.24785653889728
*c1ccc2N(c3c(Sc2c1)cc(cc3)c1sc2c(c1CCCCC)sc(c2)*)CCCCCCCCCC,tg,131.0,135.23746240975763
*c1ccc2N(c3c(Sc2c1)cc(cc3)c1sc2c(c1CCCCC)sc(c2)*)CCCCCCCCCCCC,tg,136.0,124.15208914004607
*c1ccc2[nH]c(*)nc2c1,egc,3.9385,3.45707263485216
*c1ccc2c(*)c(-c3ccccc3)[nH]c2c1,egc,3.6113,2.7602355557833698
*c1ccc2c(c1)C(=O)N(c1cc(N3C(=O)c4ccc(C(*)(C(F)(F)F)C(F)(F)F)cc4C3=O)c(O)cc1O)C2=O,egc,2.7003,3.10535244494959
*c1ccc2c(c1)C(=O)N(c1ccc(C(C)(C)C(*)(C(F)(F)F)C(F)(F)F)cc1)C2=O,egc,3.3094,3.219179066517186
*c1ccc2c(c1)C(=O)N(c1ccc(Oc3ccc(N4C(=O)c5ccc(C(F)(F)C(F)(F)C(F)(F)C(F)(F)C(F)(F)C(F)(F)C(F)(F)C(*)(F)F)cc5C4=O)cc3)cc1)C2=O,egc,2.6011,2.9238051879749887
*c1ccc2c(c1)Cc1cc(*)ccc1-2,egc,3.7772,3.56936625387841
*c1ccc2c(c1)Cc1cc(N3C(=O)c4ccc(-c5ccc6c(c5)C(=O)N(*)C6=O)cc4C3=O)ccc1-2,egc,2.6588,2.7548653845260036
*c1ccc2c(c1)[Si](C)(C)c1cc(*)ccc1N2C,egc,3.6899,3.115406513758474
*c1ccc2c(c1)c(=O)oc(n2)c1cc(cc(c1)N1C(=O)c2c(C1=O)cccc2)c1oc(=O)c2c(ccc(c2)C*)n1,tg,322.0,294.6031391852515
*c1ccc2c(c1)c1cc(*)ccc1n2-c1ccccc1,egc,3.553,2.841541902321746
*c1ccc2c(c1)c1cc(*)ccc1n2C,egc,3.4554,3.1620598576597123
*c1ccc2c(c1)c1cc(*)ccc1n2C(=O)NO,egc,3.8619,3.752952474269244
*c1ccc2c(c1)c1cc(*)ccc1n2C(=O)OCC,egc,3.932,3.790883331005634
*c1ccc2c(c1)c1cc(*)ccc1n2CC(=O)OCC,egc,3.5868,3.534908564705939
*c1ccc2c(c1)c1cc(*)ccc1n2CC1CO1,egc,3.2508,3.737156410574057
*c1ccc2c(c1)c1cc(*)ccc1n2CCC(=O)OCC,egc,3.5811,3.5388816273080588
*c1ccc2c(nc([nH]2)c2cc(cc(c2)N2C(=O)c3c(C2=O)cccc3)c2nc3c([nH]2)ccc(c3)C(=O)Nc2cc(ccc2)NC(=O)*)c1,tg,304.0,321.04679915263324
*c1ccc2c(nc([nH]2)c2cc(cc(c2)N2C(=O)c3c(C2=O)cccc3)c2nc3c([nH]2)ccc(c3)C(=O)Nc2ccc(cc2)S(=O)(=O)c2ccc(cc2)NC(=O)*)c1,tg,325.0,307.08429152632766
*c1ccc2c(nc([nH]2)c2cc(ccc2)c2nc3c([nH]2)ccc(c3)C(=O)Nc2cc(cc(c2)c2nc3c([nH]2)cccc3)NC(=O)*)c1,tg,315.0,317.65672810121976
*c1ccc2c(nc([nH]2)c2cc(ccc2)c2nc3c([nH]2)ccc(c3)C(=O)Nc2cc(ccc2)NC(=O)c2cc(ccc2)NC(=O)*)c1,tg,331.0,315.7060165144677
*c1ccc2c(nc([nH]2)c2cc(ccc2)c2nc3c([nH]2)ccc(c3)C(=O)Nc2ccc(cc2)NC(=O)c2ccc(cc2)NC(=O)*)c1,tg,322.0,328.1083351214653
*c1ccc2c(nc([nH]2)c2cc(ccc2)c2nc3c([nH]2)ccc(c3)C(=O)Nc2ccc(cc2)S(=O)(=O)c2ccc(cc2)NC(=O)*)c1,tg,312.0,293.06303009624753
*c1ccc2c(nc([nH]2)c2cc(ccc2)c2nc3c([nH]2)ccc(c3)C(=O)Nc2nc(ccc2)NC(=O)*)c1,tg,302.0,315.3753276879046
*c1ccc2c(nc([nH]2)c2ccc(cc2)C(=O)Nc2ccc(cc2)C(=O)Nc2ccc(cc2)NC(=O)*)c1,tg,295.0,313.8937436810151
*c1ccc2c(nc([nH]2)c2ccc(cc2)c2nc3c([nH]2)ccc(c3)C(=O)Nc2cc(ccc2)NC(=O)*)c1,tg,294.0,317.7207587433069
*c1ccc2c(nc(cn2)c2ccc(cc2)c2nc3c(nc2)ccc(c3)C(=O)*)c1,tg,318.0,324.5252024125346
*c1ccc2c3n(c4ccc(cc4n3)Oc3cc4n5c(nc4cc3)c3cccc4c(ccc(c5=O)c34)Oc3cc(ccc3)O*)c(=O)c3cccc1c23,tg,369.5,371.78048792936215
*c1ccc2c3n(c4ccc(cc4n3)Oc3cc4n5c(nc4cc3)c3cccc4c(ccc(c5=O)c34)Oc3ccc(cc3)C(c3ccc(cc3)O*)(C)C)c(=O)c3cccc1c23,tg,334.0,348.7009225113382
*c1ccc2c3n(c4ccc(cc4n3)Oc3cc4n5c(nc4cc3)c3cccc4c(ccc(c5=O)c34)Oc3ccc(cc3)S(=O)(=O)c3ccc(cc3)O*)c(=O)c3cccc1c23,tg,374.0,350.6530930932478
*c1ccc2c3n(c4ccc(cc4n3)Oc3cc4n5c(nc4cc3)c3cccc4c(ccc(c5=O)c34)Oc3ccc(cc3)Sc3ccc(cc3)O*)c(=O)c3cccc1c23,tg,346.0,343.56106813279354
*c1ccc2c3n(c4ccc(cc4n3)c3cc4n5c(nc4cc3)c3cccc4c(ccc(c5=O)c34)Oc3cc(ccc3)O*)c(=O)c3cccc1c23,tg,396.5,397.0194211636227
*c1ccc2c3n(c4ccc(cc4n3)c3cc4n5c(nc4cc3)c3cccc4c(ccc(c5=O)c34)Oc3cc4c(cc3)cc(cc4)O*)c(=O)c3cccc1c23,tg,413.0,399.5471669765905
*c1ccc2c3n(c4ccc(cc4n3)c3cc4n5c(nc4cc3)c3cccc4c(ccc(c5=O)c34)Oc3ccc(cc3)C(c3ccc(cc3)O*)(C)C)c(=O)c3cccc1c23,tg,380.0,373.9283778808644
*c1ccc2c3n(c4ccc(cc4n3)c3cc4n5c(nc4cc3)c3cccc4c(ccc(c5=O)c34)Oc3ccc(cc3)C(c3ccc(cc3)O*)(c3ccccc3)c3ccccc3)c(=O)c3cccc1c23,tg,357.0,391.0194069692848
*c1ccc2c3n(c4ccc(cc4n3)c3cc4n5c(nc4cc3)c3cccc4c(ccc(c5=O)c34)Oc3ccc(cc3)C3(c4ccccc4c4ccccc34)c3ccc(cc3)O*)c(=O)c3cccc1c23,tg,421.0,383.20852478283075
*c1ccc2c3n(c4ccc(cc4n3)c3cc4n5c(nc4cc3)c3cccc4c(ccc(c5=O)c34)Oc3ccc(cc3)Sc3ccc(cc3)O*)c(=O)c3cccc1c23,tg,386.0,390.25910859346334
*c1ccc2cc(*)n(C(C(=O)NO)n3ccc4ccccc43)c2c1,egc,3.8694,2.6643331109048507
*c1ccc2cc(-c3nc4cc5nc(*)[nH]c5cc4[nH]3)ccc2c1,egc,3.1978,3.469371499457272
*c1ccc2cc(-c3nc4cc5sc(*)nc5cc4s3)ccc2c1,egc,3.27,2.962436070057587
*c1ccc2cc(N(*)c3ccccc3)ccc2c1,egc,2.8541,3.3882234630622086
*c1ccc2ccc3c(*)cc(C#CC#C[Si](C)(C)C)c4ccc1c2c34,egc,2.225,2.847399831890259
*c1ccc2ccc3c(*)cc(C#CC=C)c4ccc1c2c34,egc,2.2865,1.3994545760985235
*c1ccc2ccc3c(c2n1)nc(cc3)c1ccc(cc1)c1c(cc(c(c1)CCCCCC)c1ccc(cc1)*)CCCCCC,tg,190.0,166.05261830008448
*c1ccc2n(c3c(c2c1)cc(cc3)C=C(C(=O)OCCCCCCCCCCOC(=O)C(=C*)C#N)C#N)CCCCCCCCCCCCCC,tg,35.0,47.14052988603021
*c1ccc2n(c3c(c2c1)cc(cc3)C=C(C(=O)OCCCCCCOC(=O)C(=C*)C#N)C#N)CCCCCCCCCCCCCC,tg,53.0,41.42589459282382
*c1ccc2n(c3c(c2c1)cc(cc3)C=C(C(=O)OCCCCCCOC(=O)C(=C*)C#N)C#N)CCCCCCCCCCCOc1ccc(cc1)C=Cc1ccc(cc1)[N+](=O)[O-],tg,87.0,50.8414132661277
*c1ccc2n(c3c(c2c1)cc(cc3)C=Cc1ccc(cc1)c1n(c(nn1)c1ccc(cc1)C=C*)c1ccccc1)CCCCCCCC,tg,147.0,145.00060695103207
*c1ccc2n(c3c(c2c1)cc(cc3)C=Cc1nc(c(c(c1C#N)C=Cc1ccc(cc1)N(c1ccccc1)c1ccccc1)C#N)C=C*)CCCCCC,tg,134.0,194.4846722476948
*c1ccc2n(c3c(c2c1)cc(cc3)Nc1ccc(cc1)C(=O)c1ccc(cc1)N*)CC(CCCC)CC,tg,236.06,228.99810574748776
*c1ccc2n(c3c(c2c1)cc(cc3)Nc1ccc(cc1)Oc1ccc(cc1)N*)CC(CCCC)CC,tg,220.0,203.65576957465993
*c1ccc2n(c3c(c2c1)cc(cc3)Nc1ccc(cc1)c1ccc(cc1)N*)CC(CCCC)CC,tg,231.0,218.922719651351
*c1ccc2n(c3c(c2c1)cc(cc3)c1c2cc(ccc2c(c2cc(ccc12)C=Cc1ccc(cc1)N(CCCCCC)CCCCCC)*)C=Cc1ccc(cc1)N(CCCCCC)CCCCCC)CCCCCCCC,tg,131.0,115.59622904535598
*c1ccc2n(c3c(c2c1)cc(cc3)c1cc2C(c3c(c2cc1)ccc(c3)*)(CCCCCC)CCCCCC)c1ccc(cc1)C,tg,155.0,165.78202861330013
*c1ccc2n(c3c(c2c1)cc(cc3)c1cc2C(c3c(c2cc1)ccc(c3)*)(CCCCCC)CCCCCC)c1ccc(cc1)OC,tg,174.0,153.3915133245805
*c1ccc2n(c3c(c2c1)cc(cc3)c1ccc2n(c3c(c2c1)cc(cc3)C=Cc1ccc(cc1)c1n(c(nn1)c1ccc(cc1)C=C*)c1ccccc1)CCCCCCCC)CCCCCCCC,tg,157.0,139.6404608801467
*c1ccc2n(c3c(c2c1)cc(cc3)c1sc(cc1)c1c2c(nsn2)c(cc1)c1sc(cc1)*)C(CCCCCCCC)CCCCCCCC,tg,133.57,138.03916780218853
*c1ccc2nc(*)oc2c1,egc,3.8571,3.3537948872408365
*c1ccc2nc(*)sc2c1,egc,2.966,3.1654833311814157
*c1ccc2oc(*)nc2c1,egc,3.9774,3.6703336445063206
*c1ccc2oc(-c3ccc4nc(*)oc4c3)nc2c1,eea,3.155,2.0771298164126333
*c1ccc2oc(-c3ccc4nc(*)oc4c3)nc2c1,egb,2.5367,2.313335772667461
*c1ccc2oc(-c3ccc4nc(*)oc4c3)nc2c1,nc,2.116,1.9835058499947675
*c1ccc2oc3c(c2c1)cc(cc3)S(=O)(=O)*,tg,360.0,225.0638047384734
*c1cccc(*)c1N,egc,3.8845,3.7664329897929614
*c1cccc(*)n1,egb,2.9424,3.0405881108458366
*c1cccc(*)n1,egc,3.8339,3.8672660142060313
*c1cccc(*)n1,eps,4.35,4.276563670206668
*c1cccc(-c2cc(*)cc3c2NC(C)(C)OC3(C)C)c1,egc,3.618,3.60210910417075
*c1cccc(-c2ccc(-c3ccc(*)s3)s2)n1,egb,2.0464,2.030943606338442
*c1cccc(-c2nc3cc(-c4ccc5[nH]c(*)nc5c4)ccc3[nH]2)c1,egc,3.5069,3.3254108283946757
*c1cccc(-c2nc3cc(-c4ccc5nc(*)c(-c6ccc7ccccc7c6)nc5c4)ccc3nc2-c2ccc3ccccc3c2)c1,egc,3.0367,2.9476325936868486
*c1cccc(-c2nc3cc(-c4ccc5oc(*)nc5c4)ccc3o2)c1,egc,3.5152,3.4257448885452653
*c1cccc(-c2nc3cc4nc(*)[nH]c4cc3[nH]2)c1,egc,3.5319,3.152753457095494
*c1cccc(-c2nc3cc4nc(*)c(-c5ccccc5)nc4cc3nc2-c2ccccc2)c1,egb,1.9959,2.068699632927004
*c1cccc(-c2nc3cc4nc(*)c(-c5ccccc5)nc4cc3nc2-c2ccccc2)c1,egc,2.9837,3.1917311976917215
*c1cccc(-c2nc3ccc(-c4ccc5nc(*)oc5c4)cc3o2)c1,egc,3.2965,3.369268706255752
*c1cccc(-c2nc3ccc(-c4ccc5oc(*)nc5c4)cc3o2)c1,egc,3.5292,3.252203107525303
*c1cccc(-c2nnc(*)o2)c1,egc,4.1016,3.5562238633120757
*c1cccc(-c2nnc(-c3cccc(-c4nnc(*)o4)n3)o2)c1,egc,3.6938,3.9066062417535203
*c1cccc(-c2nnc(-c3nnc(*)o3)o2)c1,egc,4.3431,3.278655487113418
*c1cccc(C(=O)Nc2ccc(NC(=O)c3cccc(N4C(=O)c5ccc(-c6cccc7c6C(=O)N(*)C7=O)cc5C4=O)c3)cc2)c1,egc,2.3122,2.9259242329127515
*c1cccc(C(F)(F)C(F)(F)C(*)(F)F)c1,egc,5.5439,5.125291856505778
*c1cccc(C(c2ccccc2)(c2cccc(N3C(=O)c4ccc(Oc5ccc6c(c5)C(=O)N(*)C6=O)cc4C3=O)c2)C(F)(F)F)c1,egc,3.4747,3.4049211925281093
*c1cccc(N2C(=O)c3ccc(Oc4ccc(Oc5ccc(Oc6ccc7c(c6)C(=O)N(*)C7=O)cc5)cc4)cc3C2=O)c1,egc,3.2083,3.1448729856394113
*c1cccc(N2C(=O)c3ccc(P(=O)(c4ccccc4)c4ccc5c(c4)C(=O)N(*)C5=O)cc3C2=O)c1,egc,3.2222,2.9376170425102055
*c1cccc(N2CC(=O)N(*)CC2=O)c1,egc,5.0572,4.877049838621649
*c1cccc2c(-n3c(=O)c4cc5c(=O)n(*)c(=O)c5cc4c3=O)cccc12,egc,2.5506,2.607097730329339
*c1cnc(*)c(C)c1,egc,5.1042,4.280741045338461
*c1cnc(s1)N1C(=O)c2c(C1=O)cc(cc2)Oc1cc2c(C(=O)N(C2=O)c2ccc(cc2)Oc2ccc(cc2)*)cc1,tg,300.0,257.54365780503656
*c1cncc(-c2nc3ccc(-c4ccc5nc(*)sc5c4)cc3s2)c1,egc,3.1882,3.0956857586116677
*c1cncc(-c2nnc(-c3nnc(*)o3)o2)n1,egc,3.6277,3.4505672316973035
*c1cocc1COC(=O)Nc1ccc(cc1)Cc1ccc(cc1)NC(=O)OC*,tg,45.0,117.20048806080212
*c1csc(*)c1,egc,3.5591,2.905654248327179
*c1n(c(cc1)Oc1ccc(cc1)C(c1ccc(cc1)OC*)(C)C)c1ccc(cc1)C#N,tg,73.13,102.65094484653224
*c1n(c(cc1)Oc1ccc(cc1)C(c1ccc(cc1)OC*)(C)C)c1ccc(cc1)[N+](=O)[O-],tg,76.75,106.94971893026323
*c1n(c(cc1)c1sc(cc1)c1sc(cc1)c1sc(cc1)*)CCCCCCCCCCCC,tg,53.0,33.134353503083574
*c1n(c(cc1)c1sc(cc1)c1sc(cc1)c1sc(cc1)c1sc(cc1)*)CCCCCCCCCCCC,tg,53.0,72.54221947759919
*c1n(c(nn1)c1cc(ccc1)c1n(c(nn1)c1ccc(cc1)*)c1ccccc1)c1ccccc1,tg,265.0,253.97179857674635
*c1n(c(nn1)c1ccc(cc1)Oc1ccc(cc1)C(c1ccc(cc1)Oc1ccc(cc1)*)(C(F)(F)F)C(F)(F)F)c1ccc(cc1)C,tg,213.0,213.00596059182837
*c1n(c(nn1)c1ccc(cc1)Oc1ccc(cc1)C(c1ccc(cc1)Oc1ccc(cc1)*)(C(F)(F)F)C(F)(F)F)c1ccc(cc1)S(=O)(=O)C,tg,226.0,224.56456995267365
*c1n(c(nn1)c1ccc(cc1)Oc1ccc(cc1)C(c1ccc(cc1)Oc1ccc(cc1)*)(C(F)(F)F)C(F)(F)F)c1ccc(cc1)S(=O)(=O)c1ccccc1,tg,211.0,218.49995591177984
*c1n(c(nn1)c1ccc(cc1)Oc1ccc(cc1)C(c1ccc(cc1)Oc1ccc(cc1)*)(C)C)c1cc(ccc1)C(F)(F)F,tg,190.0,178.62321886007223
*c1n(c(nn1)c1ccc(cc1)Oc1ccc(cc1)C(c1ccc(cc1)Oc1ccc(cc1)*)(C)C)c1ccc(cc1)C,tg,205.0,196.9443695292833
*c1n(c(nn1)c1ccc(cc1)Oc1ccc(cc1)C(c1ccc(cc1)Oc1ccc(cc1)*)(C)C)c1ccc(cc1)S(=O)(=O)c1ccccc1,tg,198.0,209.7022996637291
*c1n(c(nn1)c1ccc(cc1)Oc1ccc(cc1)C(c1ccc(cc1)Oc1ccc(cc1)*)(C)C)c1ccccc1,tg,207.0,210.7055584784461
*c1n(nc(c1)c1ccc(cc1)Oc1ccc(cc1)C(=O)c1cc(ccc1)C(=O)c1ccc(cc1)Oc1ccc(cc1)*)c1ccccc1,tg,190.0,223.6338969316776
*c1n(nc(c1)c1ccc(cc1)Oc1ccc(cc1)C(=O)c1ccc(cc1)C(=O)c1ccc(cc1)Oc1ccc(cc1)*)c1ccccc1,tg,205.0,199.7513021556404
*c1n(nc(c1)c1ccc(cc1)Oc1ccc(cc1)C(=O)c1ccc(cc1)Oc1ccc(cc1)*)c1ccccc1,tg,205.0,191.89669190883308
*c1n(nc(c1)c1ccc(cc1)Oc1ccc(cc1)C(=O)c1ccc(cc1)Oc1ccc(cc1)C(=O)c1ccc(cc1)Oc1ccc(cc1)*)c1ccccc1,tg,190.0,205.94751241669607
*c1nc(-c2ccccc2)nc(N(*)C)n1,egc,4.2966,4.0809081999922485
*c1nc(-c2ccccc2)nc(N(*)CC)n1,egc,4.1252,4.083524531645267
*c1nc(-c2ccccc2)nc(N(*)c2ccccc2)n1,egc,3.8771,4.072487897516435
*c1nc(C)nc(N(*)c2ccccc2)n1,egc,4.4826,4.166802535514522
*c1nc(C)nc(N(CCCCCCN(*)c2ccccc2)c2ccccc2)n1,egc,3.751,3.87367856267782
*c1nc(C)nc(N(CCCCN(*)c2ccccc2)c2ccccc2)n1,egc,3.7879,3.5195628271110255
*c1nc(Cl)nc(N(c2ccccc2)c2nc(Nc3ccccc3)nc(N(*)c3ccccc3)n2)n1,egc,3.6448,3.2145652334614025
*c1nc(Oc2ccccc2)nc(N(*)c2ccccc2)n1,egc,4.4124,4.1280659308497345
*c1nc(c(c(c1C#N)C=Cc1ccc(cc1)N(c1ccccc1)c1ccccc1)C#N)C=Cc1c(cc(c(c1)CCCCCCCCCCCCCCCC)C=C*)CCCCCCCCCCCCCCCC,tg,165.0,149.48981646775306
*c1nc(c(c(c1C#N)C=Cc1ccc(cc1)N(c1ccccc1)c1ccccc1)C#N)C=Cc1cc2C(c3c(c2cc1)ccc(c3)C=C*)(CCCCCC)CCCCCC,tg,178.0,141.41598402942392
*c1nc(c(nc1c1ccc(cc1)NC1C(=O)N(C(=O)C1)c1ccc(cc1)c1sc(c(c1c1ccccc1)c1ccccc1)c1ccc(cc1)N1C(=O)C(CC1=O)Nc1ccc(cc1)*)C#N)C#N,tg,231.0,234.00921908968215
*c1nc(ccc1)C(=O)Nc1cc(cc(c1)c1oc(nn1)c1ncccc1)NC(=O)*,tg,255.0,186.59280933314434
*c1nc(ccc1)C=Cc1c2c(ccc1OC(=O)c1ccc(cc1)C(=O)Oc1c(c3c(cc1)cccc3)C=C*)cccc2,tg,145.0,220.14008022202583
*c1nc(ccc1)NC(=O)NCCCCCCNC(=O)N*,tg,169.67,118.04857449075553
*c1nc(ccc1)NC(=O)Nc1ccc(cc1)Cc1ccc(cc1)NC(=O)N*,tg,216.67,170.78254485413896
*c1nc(ccc1)Oc1c(cc(cc1)O*)C,tg,89.0,104.4538256780761
*c1nc(ccc1)Oc1cc(ccc1)O*,tg,82.0,168.33358234941574
*c1nc(ccc1)Oc1ccc(cc1)O*,tg,100.0,92.57380411723014
*c1nc(ccc1)Oc1ccc(cc1)Oc1ccc(cc1)C(=Nc1ccccc1)c1ccc(cc1)Oc1ccc(cc1)O*,tg,135.0,149.57020067792652
*c1nc(ccc1)Oc1ccc(cc1)Oc1ccc(cc1)C(=O)c1ccc(cc1)Oc1ccc(cc1)O*,tg,124.0,143.39104875717683
*c1nc(ccc1)Oc1ccc(cc1)Oc1ccc(cc1)P(=O)(c1ccc(cc1)Oc1ccc(cc1)O*)c1ccccc1,tg,164.0,170.57513419461642
*c1nc(ccc1)Oc1ccc(cc1)c1ccc(cc1)O*,tg,119.0,157.1100605958002
*c1nc(ccc1)c1cc(c(cc1)Oc1ccc(cc1)C(c1ccc(cc1)Oc1c(cc(cc1)*)C(F)(F)F)(C(F)(F)F)C(F)(F)F)C(F)(F)F,tg,148.67,155.28411904784397
*c1nc(ccc1)c1cc(c(cc1)Oc1ccc(cc1)C(c1ccc(cc1)Oc1c(cc(cc1)*)C(F)(F)F)(C)C)C(F)(F)F,tg,121.0,158.85986669500568
*c1nc(ccc1)c1cc(c(cc1)Oc1ccc(cc1)C1(c2ccccc2c2ccccc12)c1ccc(cc1)Oc1c(cc(cc1)*)C(F)(F)F)C(F)(F)F,tg,182.5,213.7927284302239
*c1nc(cnc1)Oc1ccc(cc1)C(c1ccc(cc1)O*)(C)C,tg,94.0,149.38328016766914
*c1nc(nc(c1c1ccc(cc1)OC)OCCOC(=O)CCCCC(=O)OCCO*)c1ccc(cc1)OCCCC,tg,34.0,47.44394173528513
*c1nc(nc(c1c1ccc(cc1)OC)OCCOC(=O)c1c(ccc(c1)N=Nc1ccc(cc1)OCC)c1c(cc(cc1)N=Nc1ccc(cc1)OCC)C(=O)OCCO*)c1ccc(cc1)OCCCC,tg,126.0,134.08159602671975
*c1nc(nc(c1c1ccc(cc1)OC)OCCOC(=O)c1cc(ccc1)C(=O)OCCO*)c1ccc(cc1)OCCCC,tg,92.0,83.4509905017357
*c1nc(nc(c1c1ccc(cc1)OC)OCCOC(=O)c1ccc(cc1)C(=O)OCCO*)c1ccc(cc1)OCCCC,tg,94.0,75.26161824777766
*c1nc(nc(c1c1ccc(cc1)OCCCC)OCCOC(=O)CCCC(=O)OCCO*)c1ccc(cc1)OCCCC,tg,37.0,46.65211943026319
*c1nc(nc(n1)C(C(C(C(C(C(*)(F)F)(F)F)(F)F)(F)F)(F)F)(F)F)C(C(C(F)(F)F)(F)F)(F)F,tg,-11.0,83.80505847272697
*c1nc(nc(n1)N(CCCCCCCCCCN(*)c1ccccc1)c1ccccc1)c1ccccc1,tg,62.0,93.05944831329815
*c1nc(nc(n1)N(CCCCCCN(*)c1ccccc1)c1ccccc1)C,tg,67.0,69.25968725758314
*c1nc(nc(n1)N(CCCCCCN(*)c1ccccc1)c1ccccc1)c1ccccc1,tg,74.0,102.01479628973699
*c1nc(nc(n1)N(CCCCN(*)c1ccccc1)c1ccccc1)C,tg,89.5,82.89307721937593
*c1nc(nc(n1)NCCCCCCN*)c1ccccc1,tg,95.0,123.38113442062682
*c1nc(nc(n1)Oc1cc(ccc1)C(=O)Nc1ccc(cc1)c1ccc(cc1)NC(=O)c1cc(ccc1)O*)Sc1ccccc1,tg,279.0,205.44051356096656
*c1nc(nc(n1)c1ccc(cc1)Oc1ccc(cc1)C(c1ccc(cc1)Oc1ccc(cc1)*)(C)C)c1ccccc1,tg,228.0,202.48350231825395
*c1nc(nc(n1)c1ccc(cc1)Oc1ccc(cc1)Oc1ccc(cc1)*)c1ccccc1,tg,244.0,238.5747286433547
*c1nc(nc(n1)c1ccc(cc1)Oc1ccc(cc1)Sc1ccc(cc1)Oc1ccc(cc1)*)c1ccccc1,tg,211.0,221.42514676985778
*c1nc(nc(n1)c1ccc(cc1)Oc1ccc(cc1)c1ccc(cc1)Oc1ccc(cc1)*)c1ccccc1,tg,241.0,242.41961147915475
*c1nc(sc1)N=Cc1ccc(cc1)OCCCCCCCCOc1ccc(cc1)C=Nc1nc(cs1)c1ccc(cc1)Oc1ccc(cc1)*,tg,150.0,108.46805644345922
*c1nc(sc1)N=Cc1ccc(cc1)OCCCCCCOc1ccc(cc1)C=Nc1nc(cs1)c1ccc(cc1)Oc1ccc(cc1)*,tg,117.0,153.28457158911374
*c1nc2c([nH]1)cc(cc2)c1cc2c(nc([nH]2)c2cc(ccc2)*)cc1,tg,395.88,401.68645876055757
*c1nc2c([nH]1)cc(cc2)c1cc2c(nc([nH]2)c2ccc(cc2)C(c2ccc(cc2)*)(C(F)(F)F)C(F)(F)F)cc1,tg,269.0,334.89687461641057
*c1nc2c([nH]1)ccc(c2)N1C(=O)c2c(C1=O)cc(cc2)c1cc2c(C(=O)N(C2=O)c2ccc(cc2)*)cc1,tg,425.0,371.2781352038253
*c1nc2c([nH]1)ccc(c2)NC(=O)c1ccc(cc1)OCCOCCOCCOCCOCCOc1ccc(cc1)C(=O)Nc1ccc(cc1)*,tg,125.0,157.09486750878662
*c1nc2c([nH]1)ccc(c2)NC(=O)c1ccc(cc1)OCCOCCOCCOCCOc1ccc(cc1)C(=O)Nc1cc(ccc1)*,tg,155.0,162.1212376945036
*c1nc2c([nH]1)ccc(c2)NC(=O)c1ccc(cc1)OCCOCCOCCOCCOc1ccc(cc1)C(=O)Nc1ccc(cc1)*,tg,140.0,156.51574959474092
*c1nc2c([nH]1)ccc(c2)NC(=O)c1ccc(cc1)OCCOCCOCCOc1ccc(cc1)C(=O)Nc1cc(ccc1)*,tg,180.0,159.51366730349105
*c1nc2c([nH]1)ccc(c2)NC(=O)c1ccc(cc1)OCCOCCOCCOc1ccc(cc1)C(=O)Nc1ccc(cc1)*,tg,155.0,153.7435063266949
*c1nc2c([nH]1)ccc(c2)NC(=O)c1ccc(cc1)OCCOCCOc1ccc(cc1)C(=O)Nc1ccc(cc1)*,tg,175.0,165.16067628798382
*c1nc2c([nH]1)ccc(c2)NC(=O)c1ccc(cc1)OCCOc1ccc(cc1)C(=O)Nc1ccc(cc1)*,tg,225.0,211.56832008984773
*c1nc2c([nH]1)ccc(c2)c1ccc2c(nc([nH]2)CCC*)c1,tg,275.0,257.7463513320992
*c1nc2c([nH]1)ccc(c2)c1ccc2c(nc([nH]2)c2cc(ccc2)*)c1,tg,415.89,373.23568162497185
*c1nc2c([nH]1)ccc(c2)c1ccc2c(nc([nH]2)c2cc(ccc2)C(=O)Nc2ccc(cc2)Cc2ccc(cc2)N2C(=O)c3c(C2=O)cc(cc3)S(=O)(=O)c2cc3c(C(=O)N(C3=O)c3ccc(cc3)Cc3ccc(cc3)NC(=O)c3cc(ccc3)*)cc2)c1,tg,270.0,297.2034422551209
*c1nc2c(c(c1)c1ccc(cc1)Oc1ccc(cc1)Oc1ccccc1)cc(cc2)c1cc2c(nc(cc2c2ccc(cc2)Oc2ccc(cc2)Oc2ccccc2)c2ccc(cc2)c2ccc(cc2)*)cc1,tg,348.33,332.388764296596
*c1nc2c(c(c1)c1ccc(cc1)Oc1ccc(cc1)c1cc(nc3c1cccc3)c1ccc(cc1)Oc1ccc(cc1)*)cccc2,tg,275.67,255.5924233318415
*c1nc2c(c(c1)c1ccc(cc1)Oc1ccc(cc1)c1cc(nc3c1cccc3)c1ccc(cc1)c1ccc(cc1)*)cccc2,tg,326.0,296.1585790336123
*c1nc2c(c(c1)c1ccc(cc1)Oc1ccc(cc1)c1ccccc1)cc(cc2)c1cc2c(nc(cc2c2ccc(cc2)Oc2ccc(cc2)c2ccccc2)c2ccc(cc2)c2ccc(cc2)*)cc1,tg,318.0,364.1645596751365
*c1nc2c(c(c1)c1ccc(cc1)c1ccc(cc1)Oc1ccccc1)cc(cc2)c1cc2c(nc(cc2c2ccc(cc2)c2ccc(cc2)Oc2ccccc2)c2ccc(cc2)c2ccc(cc2)*)cc1,tg,352.0,336.46571717079235
*c1nc2c(c(c1)c1ccccc1)cc(cc2)*,tg,415.0,340.4568013538247
*c1nc2c(c(c1)c1ccccc1)cc(cc2)C1(c2ccccc2C(=O)c2ccccc12)c1cc2c(nc(cc2c2ccccc2)c2ccc(cc2)C2(c3ccccc3c3ccccc23)c2ccc(cc2)*)cc1,tg,405.0,374.7243842180013
*c1nc2c(c(c1)c1ccccc1)cc(cc2)C1(c2ccccc2C(=O)c2ccccc12)c1cc2c(nc(cc2c2ccccc2)c2ccc(cc2)c2ccc(cc2)*)cc1,tg,350.0,410.99657106631594
*c1nc2c(c(c1)c1ccccc1)cc(cc2)C1(c2ccccc2c2ccccc12)c1cc2c(nc(cc2c2ccccc2)c2ccc(cc2)C2(c3ccccc3C(=O)c3ccccc23)c2ccc(cc2)*)cc1,tg,385.0,396.21932790030996
*c1nc2c(c(c1)c1ccccc1)cc(cc2)C1(c2ccccc2c2ccccc12)c1cc2c(nc(cc2c2ccccc2)c2ccc(cc2)Oc2ccc(cc2)*)cc1,tg,315.0,319.5466431235912
*c1nc2c(c(c1)c1ccccc1)cc(cc2)Oc1cc2c(nc(cc2c2ccccc2)c2c(ccc(c2)*)OCCCCCCN(c2ccc(cc2)C(=C(C#N)C#N)C#N)CC)cc1,tg,175.0,160.25840450046476
*c1nc2c(c(c1)c1ccccc1)cc(cc2)Oc1cc2c(nc(cc2c2ccccc2)c2c(ccc(c2)*)OCCN(c2ccc(cc2)C(=C(C#N)C#N)C#N)CC)cc1,tg,200.0,208.82475090497053
*c1nc2c(c(c1)c1ccccc1)cc(cc2)Oc1cc2c(nc(cc2c2ccccc2)c2c(ccc(c2)*)OCCN(c2ccc(cc2)c2sc(cc2)C(=C(C#N)C#N)c2sc(cc2)c2ccc(cc2)N(CC)CC)CC)cc1,tg,205.0,183.67233748613245
*c1nc2c(c(c1)c1ccccc1)cc(cc2)Oc1cc2c(nc(cc2c2ccccc2)c2ccc(cc2)C(c2ccc(cc2)*)(C(F)(F)F)C(F)(F)F)cc1,tg,260.0,295.72012178986444
*c1nc2c(c(c1)c1ccccc1)cc(cc2)Oc1cc2c(nc(cc2c2ccccc2)c2ccc(cc2)c2ccc(cc2)c2ccc(cc2)*)cc1,tg,282.5,309.14692710437805
*c1nc2c(c(c1)c1ccccc1)cc(cc2)Oc1cc2c(nc(cc2c2ccccc2)c2ccc(cc2)c2ccc(cc2)c2ccc(cc2)c2ccc(cc2)*)cc1,tg,298.33,301.6317291233563
*c1nc2c(c(c1)c1ccccc1)cc(cc2)c1cc2c(nc(cc2c2ccccc2)c2ccc(cc2)C2(c3ccccc3C(=O)c3ccccc23)c2ccc(cc2)*)cc1,tg,417.0,374.82865010991156
*c1nc2c(c(c1)c1ccccc1)cc(cc2)c1cc2c(nc(cc2c2ccccc2)c2ccc(cc2)Oc2ccc(cc2)*)cc1,tg,286.67,344.03398209843294
*c1nc2c(c(c1)c1ccccc1)cc(cc2)c1cc2c(nc(cc2c2ccccc2)c2ccc(cc2)c2ccc(cc2)*)cc1,tg,372.0,377.4298225702745
*c1nc2c(c(c1)c1ccccc1)cc(cc2)c1ccc(cc1)*,tg,383.0,375.3556800623374
*c1nc2c(c(c1c1ccccc1)c1ccc(cc1)Oc1ccc(cc1)c1c(c(nc3c1cccc3)c1ccc(cc1)c1ccc(cc1)*)c1ccccc1)cccc2,tg,345.0,302.4354116154849
*c1nc2c(c(c1c1ccccc1)c1ccccc1)cc(cc2)Oc1cc2c(nc(c(c2c2ccccc2)c2ccccc2)c2ccc(cc2)*)cc1,tg,345.0,333.2024783619156
*c1nc2c(c(c1c1ccccc1)c1ccccc1)cc(cc2)Oc1cc2c(nc(c(c2c2ccccc2)c2ccccc2)c2ccc(cc2)c2ccc(cc2)*)cc1,tg,351.0,339.184261711911
*c1nc2c(c(c1c1ccccc1)c1ccccc1)cc(cc2)c1cc2c(nc(c(c2c2ccccc2)c2ccccc2)c2ccc(cc2)*)cc1,tg,376.25,371.9512479717621
*c1nc2c(cc1)cc(cc2)C(=O)c1ccc(cc1)Oc1c(cc(c(c1C)C)c1c(c(c(c(c1)C)Oc1ccc(cc1)C(=O)*)C)C)C,tg,250.0,237.23012562687643
*c1nc2c(cc1)cc(cc2)C(=O)c1ccc(cc1)Oc1ccc(cc1)c1ccc(cc1)Oc1ccc(cc1)C(=O)*,tg,155.0,211.85390650481176
*c1nc2c(n1C)C(=O)N(*)C2=O,egc,4.0674,3.6431976868927975
*c1nc2c(n1c1ccc(cc1)n1c(nc3c1cccc3)c1ccc(cc1)Oc1ccc(cc1)C(=O)c1cc(ccc1)C(=O)c1ccc(cc1)Oc1ccc(cc1)*)cccc2,tg,219.0,258.3077598645246
*c1nc2c(n1c1ccc(cc1)n1c(nc3c1cccc3)c1ccc(cc1)Oc1ccc(cc1)C(=O)c1ccc(cc1)C(=O)c1ccc(cc1)Oc1ccc(cc1)*)cccc2,tg,238.0,261.6922337573086
*c1nc2c(nc1)cc(cc2)Oc1cc2c(nc(cn2)c2ccc(cc2)*)cc1,tg,306.0,273.89805529836997
*c1nc2c(nc1)cc(cc2)S(=O)(=O)c1cc2c(nc(cn2)c2ccc(cc2)*)cc1,tg,342.0,332.1300015115436
*c1nc2c(nc1)cc(cc2)c1cc2c(nc(cn2)c2ccc(cc2)*)cc1,tg,350.0,358.5499225991046
*c1nc2c(nc1)cc(cc2)c1cc2c(nc(cn2)c2ccc(cc2)Oc2ccc(cc2)Oc2ccc(cc2)*)cc1,tg,195.0,298.44179515465777
*c1nc2c(nc1)cc(cc2)c1cc2c(nc(cn2)c2ccc(cc2)c2ccc(cc2)*)cc1,tg,345.5,352.4719834766778
*c1nc2c(nc1)ccc(c2)Oc1ccc2c(nc(cn2)c2ccc(cc2)*)c1,tg,306.0,297.2655964025335
*c1nc2c(nc1c1cc3c(cc1)cccc3)cc(cc2)c1cc2c(nc(c(n2)c2ccc(cc2)*)c2cc3c(cc2)cccc3)cc1,tg,333.0,354.91620921807515
*c1nc2c(nc1c1ccc(cc1)C(=O)NCCCCCCCCCCNC(=O)c1ccc(cc1)*)cccc2,tg,166.0,178.2220279765932
*c1nc2c(nc1c1ccc(cc1)C(=O)NCCCCCCCCNC(=O)c1ccc(cc1)*)cccc2,tg,185.0,173.97326417129537
*c1nc2c(nc1c1ccc(cc1)OC(=O)c1cc(ccc1)C(=O)Oc1ccc(cc1)*)cccc2,tg,245.0,236.78905654790253
*c1nc2c(nc1c1ccc(cc1)Oc1ccc(cc1)Oc1ccc(cc1)P(=O)(c1ccc(cc1)Oc1ccc(cc1)Oc1ccc(cc1)*)c1ccccc1)cccc2,tg,209.0,283.36056029783543
*c1nc2c(nc1c1ccccc1)cc(cc2)Oc1cc2c(nc(c(n2)c2ccc(cc2)*)c2ccccc2)cc1,tg,326.0,310.9097106264155
*c1nc2c(nc1c1ccccc1)cc(cc2)Oc1cc2c(nc(c(n2)c2ccc(cc2)Oc2ccc(cc2)*)c2ccccc2)cc1,tg,340.0,283.4024060716604
*c1nc2c(nc1c1ccccc1)cc(cc2)Oc1cc2c(nc(c(n2)c2ccccc2)c2ccc(cc2)*)cc1,tg,304.0,291.5364905092404
*c1nc2c(nc1c1ccccc1)cc(cc2)Oc1cc2c(nc(c(n2)c2ccccc2)c2ccc(cc2)OCCN(CCOc2ccc(cc2)*)c2ccc(cc2)N=Nc2c(cc(cc2)[N+](=O)[O-])C)cc1,tg,188.0,188.8256535773112
*c1nc2c(nc1c1ccccc1)cc(cc2)Oc1cc2c(nc(c(n2)c2ccccc2)c2ccc(cc2)OCCN(CCOc2ccc(cc2)*)c2ccc(cc2)N=Nc2ccc(cc2)[N+](=O)[O-])cc1,tg,199.0,176.20840354719888
*c1nc2c(nc1c1ccccc1)cc(cc2)Oc1cc2c(nc(c(n2)c2ccccc2)c2ccc(cc2)OCCN(c2ccc(cc2)C=CC2=CC(=C3C(=C(C#N)C#N)c4c(C3=O)cccc4)C=C(O2)C=Cc2ccc(cc2)N(CCOc2ccc(cc2)*)C)C)cc1,tg,260.0,201.4318786558141
*c1nc2c(nc1c1ccccc1)cc(cc2)Oc1cc2c(nc(c(n2)c2ccccc2)c2ccc(cc2)OCCOc2c(ccc(c2)OCCOc2ccc(cc2)*)C=Cc2ccc(cc2)[N+](=O)[O-])cc1,tg,187.0,202.95752881899827
*c1nc2c(nc1c1ccccc1)cc(cc2)Oc1ccc(cc1)N1C(=O)c2c(C1=O)cc(cc2)C(c1cc2c(C(=O)N(C2=O)c2ccc(cc2)Oc2cc3c(nc(c(n3)c3ccccc3)c3ccc(cc3)Oc3ccc(cc3)*)cc2)cc1)(C(F)(F)F)C(F)(F)F,tg,267.0,301.3962018718534
*c1nc2c(nc1c1ccccc1)cc(cc2)S(=O)(=O)c1cc2c(nc(c(n2)c2ccc(cc2)*)c2ccccc2)cc1,tg,277.5,343.31426513986645
*c1nc2c(nc1c1ccccc1)cc(cc2)S(=O)(=O)c1cc2c(nc(c(n2)c2ccccc2)c2ccc(cc2)*)cc1,tg,345.0,289.34505606936284
*c1nc2c(nc1c1ccccc1)cc(cc2)c1cc2c(nc(c(n2)c2cc(ccc2)*)c2ccccc2)cc1,tg,319.0,340.9988320211605
*c1nc2c(nc1c1ccccc1)cc(cc2)c1cc2c(nc(c(n2)c2ccc(cc2)*)c2ccccc2)cc1,tg,367.45,351.49114621122294
*c1nc2c(nc1c1ccccc1)cc(cc2)c1cc2c(nc(c(n2)c2ccc(cc2)Oc2ccc(cc2)*)c2ccccc2)cc1,tg,292.5,310.00332550146135
*c1nc2c(nc1c1ccccc1)cc(cc2)c1cc2c(nc(c(n2)c2ccccc2)c2ccc(cc2)OCCCCOc2ccc(cc2)*)cc1,tg,219.0,152.59494797797646
*c1nc2c(nc1c1ccccc1)cc(cc2)c1cc2c(nc(c(n2)c2ccccc2)c2ccc(cc2)Oc2ccc(cc2)*)cc1,tg,335.33,288.9597675057216
*c1nc2c(nc1c1ccccc1)cc(cc2)c1cc2c(nc(c(n2)c2ccccc2)c2ccc(cc2)Oc2ccc(cc2)Oc2ccc(cc2)Oc2ccc(cc2)*)cc1,tg,263.0,301.33393068506786
*c1nc2c(nc1c1ccccc1)cc(cc2)c1cc2c(nc(c(n2)c2ccccc2)c2ccc(cc2)Sc2ccc(cc2)*)cc1,tg,288.0,301.8645852100651
*c1nc2cc(S(=O)(=O)c3ccc4oc(C5CCC(*)CC5)nc4c3)ccc2o1,egc,4.8558,4.031733808921992
*c1nc2cc3c(cc2c(c1)c1ccccc1)c(cc(n3)c1ccc(cc1)c1ccc(cc1)*)c1ccccc1,tg,392.0,397.0138941890313
*c1nc2cc3c(cc2c(c1)c1ccccc1)nc(cc3c1ccccc1)c1ccc(cc1)Oc1ccc(cc1)*,tg,365.0,294.1219710520631
*c1nc2cc3c(cc2nc1)nc(cn3)c1ccc(cc1)*,tg,392.0,342.6590811521561
*c1nc2cc3c(cc2nc1)nc(cn3)c1ccc(cc1)Oc1ccc(cc1)*,tg,353.0,289.828974178811
*c1nc2cc3c(cc2nc1)ncc(n3)c1ccc(cc1)*,tg,392.0,344.39383938387016
*c1nc2cc3c(cc2nc1c1ccccc1)nc(c(n3)c1ccc(cc1)*)c1ccccc1,tg,395.0,391.2696188465409
*c1nc2cc3c(cc2nc1c1ccccc1)nc(c(n3)c1ccccc1)c1cc(ccc1)*,tg,365.0,357.6342103084637
*c1nc2cc3nc(-c4ccc(*)o4)[nH]c3cc2[nH]1,egc,2.2261,2.9605649190932213
*c1nc2cc3sc(-c4cc(OCCCC)c(*)cc4OCCCC)nc3cc2s1,egc,3.1607,2.769024111387516
*c1ncc(cc1)C(=O)NNC(=O)c1ccc(cc1)[Si](c1ccc(cc1)C(=O)NNC(=O)*)(c1ccccc1)c1ccccc1,tg,256.0,207.04650265889734
*c1ncc(cc1)C(=O)Nc1cc(ccc1)Oc1ccc(cc1)C(=O)c1ccc(cc1)Oc1cc(ccc1)NC(=O)*,tg,154.0,192.40507528683904
*c1ncc(cc1)c1ccc(cc1)Oc1ccc(cc1)P(=O)(c1ccc(cc1)Oc1ccc(cc1)*)c1ccccc1,tg,257.0,232.33400352595874
*c1ncc(cc1)c1sc(c(c1)CCCCCCCC)c1ccc(cc1)c1sc(cc1CCCCCCCC)*,tg,16.2,56.372698107849175
*c1ncc(s1)N*,tg,62.0,98.31813521056634
*c1ncnc(n1)N(CCCCCCN(*)c1ccccc1)c1ccccc1,tg,72.0,71.46315035149826
*c1ncnc(n1)N(CCCCN(*)c1ccccc1)c1ccccc1,tg,91.0,88.73830109307386
*c1nnc(C2CC3(CC(*)C3)C2)o1,egc,6.0399,5.512288424662838
*c1nnc(cc1)Oc1ccc(cc1)C(c1ccc(cc1)O*)(C)C,tg,180.0,121.43343264106318
*c1nnc(nc1)c1nc(ccc1)c1nc(cnn1)c1ccc(cc1)Oc1ccc(cc1)*,tg,223.0,246.0766779013035
*c1nnc(nc1c1ccc(cc1)Oc1ccc(cc1)C1(c2ccccc2c2ccccc12)c1ccc(cc1)Oc1ccc(cc1)*)c1ncccc1,tg,277.0,265.4368828445901
*c1nnc(nc1c1ccc(cc1)Oc1ccc(cc1)S(=O)(=O)c1ccc(cc1)Oc1ccc(cc1)*)c1ncccc1,tg,265.0,234.6722613666973
*c1oc(=O)c2c(ccc(c2)Cc2ccc3c(c2)c(=O)oc(n3)CN2C(=O)c3c(C2=O)cc(cc3)C(c2cc3c(C(=O)N(C3=O)C*)cc2)(C(F)(F)F)C(F)(F)F)n1,tg,218.0,224.4221678562776
*c1oc(cc1)C(=O)OCCOC(=O)*,tg,85.56,51.13556832057981
*c1oc(cc1)C(c1oc(cc1)CNC(=O)OC(COC(=O)NC*)c1occc1)CCC,tg,43.0,31.461399203307703
*c1oc(cc1)C(c1oc(cc1)CNC(=O)OCCOC(=O)NC*)(C)C,tg,50.0,57.17611702836991
*c1oc(cc1)CNC(=O)OC(COC(=O)NC*)c1occc1,tg,30.0,46.84537722084824
*c1oc(cc1)COC(=O)NCCCCCCNC(=O)OC*,tg,33.0,41.531892477972235
*c1oc(nc1)c1cc(c(cc1)Oc1ccc(cc1)C(c1ccc(cc1)Oc1c(cc(cc1)*)C(F)(F)F)(C(F)(F)F)C(F)(F)F)C(F)(F)F,tg,205.0,193.40911215667165
*c1oc(nc1)c1cc(c(cc1)Oc1ccc(cc1)C(c1ccc(cc1)Oc1c(cc(cc1)*)C(F)(F)F)(C)C)C(F)(F)F,tg,185.0,179.6431493602349
*c1oc(nc1)c1cc(c(cc1)Oc1ccc(cc1)S(=O)(=O)c1ccc(cc1)Oc1c(cc(cc1)*)C(F)(F)F)C(F)(F)F,tg,210.0,203.8945916373184
*c1oc(nc1)c1cc(c(cc1)Oc1ccc(cc1)c1ccc(cc1)Oc1c(cc(cc1)*)C(F)(F)F)C(F)(F)F,tg,200.0,226.35249139575976
*c1oc(nn1)c1c(cc(cc1)*)OCC,tg,231.0,203.2524366386719
*c1oc(nn1)c1c(cc(cc1)*)OCCCCC,tg,205.0,185.0486627161767
*c1oc(nn1)c1c(cc(cc1)*)OCCCCCCCC,tg,173.0,165.8745145341044
*c1oc(nn1)c1c(cc(cc1)c1oc(nn1)CN1C(=O)c2c(C1=O)cc(cc2)C(c1cc2c(C(=O)N(C2=O)C*)cc1)(C(F)(F)F)C(F)(F)F)Oc1ccccc1,tg,208.0,211.9167156297481
*c1oc(nn1)c1c2c(c(cc1)Oc1c3c(c(cc1)C=Cc1ccc(cc1)Oc1c4c(c(cc1)*)cccc4)cccc3)cccc2,tg,241.0,229.52371214743627
*c1oc(nn1)c1c2c(c(cc1)c1oc(nn1)c1ccc(cc1)[Si](c1ccc(cc1)*)(c1ccccc1)c1ccccc1)cccc2,tg,271.5,261.7756318114759
*c1oc(nn1)c1cc(ccc1)c1oc(nn1)c1ccc(cc1)*,tg,277.0,252.7736704007938
*c1oc(nn1)c1ccc(cc1)C#Cc1c(cc(c(c1)OCCCCCCCC)C#Cc1ccc(cc1)*)OCCCCCCCC,tg,130.0,119.03253105438267
*c1oc(nn1)c1ccc(cc1)C(=O)OCCCCCCCCCCOc1ccc(cc1)C=CC(=O)C=Cc1ccc(cc1)OCCCCCCCCCCOC(=O)c1ccc(cc1)*,tg,58.0,64.88913648407288
*c1oc(nn1)c1ccc(cc1)C(=O)OCCCCCCCCOc1ccc(cc1)C=C1C(=O)C(=Cc2ccc(cc2)OCCCCCCCCOC(=O)c2ccc(cc2)*)CC1,tg,99.0,81.4288254675534
*c1oc(nn1)c1ccc(cc1)C(=O)OCCCCCCCCOc1ccc(cc1)C=C1C(=O)C(=Cc2ccc(cc2)OCCCCCCCCOC(=O)c2ccc(cc2)*)CCCC1,tg,98.0,85.08480161471304
*c1oc(nn1)c1ccc(cc1)C(=O)OCCCCCCCCOc1ccc(cc1)C=CC(=O)C=Cc1ccc(cc1)OCCCCCCCCOC(=O)c1ccc(cc1)*,tg,59.0,69.0435749877175
*c1oc(nn1)c1ccc(cc1)C(=O)OCCCCCCOc1ccc(cc1)C=C1C(=O)C(=Cc2ccc(cc2)OCCCCCCOC(=O)c2ccc(cc2)*)CCC1,tg,71.0,101.98907753444612
*c1oc(nn1)c1ccc(cc1)C(=O)OCCCCCCOc1ccc(cc1)C=C1C(=O)C(=Cc2ccc(cc2)OCCCCCCOC(=O)c2ccc(cc2)*)CCCC1,tg,104.0,86.78489856991223
*c1oc(nn1)c1ccc(cc1)NC(=O)c1c(cc(cc1)*)Oc1ccccc1,tg,235.0,226.31094645259404
*c1oc(nn1)c1ccc(cc1)NC(=O)c1c(cc(cc1)C(=O)Nc1ccc(cc1)*)Oc1ccccc1,tg,272.0,264.6312226355134
*c1oc(nn1)c1ccc(cc1)NC(=O)c1cc(cc(c1)N1C(=O)c2c(C1=O)cccc2)*,tg,324.0,304.7927376572728
*c1oc(nn1)c1ccc(cc1)NC(=O)c1cc(cc(c1)N1C(=O)c2c(C1=O)cccc2)C(=O)Nc1ccc(cc1)*,tg,327.0,315.36310428768036
*c1oc(nn1)c1ccc(cc1)NC(=O)c1cc(cc(c1)NC(=O)c1ccc(cc1)OC(=O)C)C(=O)Nc1ccc(cc1)*,tg,280.0,280.5136693705097
*c1oc(nn1)c1ccc(cc1)Oc1c2c(c(cc1)C=Cc1ccc(cc1)Oc1ccc(cc1)*)cccc2,tg,213.0,234.98563327278947
*c1oc(nn1)c1ccc(cc1)Oc1c2c(ccc1)c(ccc2)NC(=O)c1ccc(cc1)C(c1ccc(cc1)C(=O)Nc1c2c(ccc1)c(ccc2)Oc1ccc(cc1)*)(C(F)(F)F)C(F)(F)F,tg,279.0,279.88536682150817
*c1oc(nn1)c1ccc(cc1)Oc1c2c(ccc1)c(ccc2)NC(=O)c1ccc(cc1)[Si](c1ccc(cc1)C(=O)Nc1c2c(ccc1)c(ccc2)Oc1ccc(cc1)*)(c1ccccc1)c1ccccc1,tg,275.0,259.87556936827707
*c1oc(nn1)c1ccc(cc1)Oc1cc(ccc1)N1C(=O)c2c(C1=O)cc(cc2)[Si](O[Si](c1cc2c(C(=O)N(C2=O)c2cc(ccc2)Oc2ccc(cc2)*)cc1)(C)C)(C)C,tg,165.0,215.1433288156316
*c1oc(nn1)c1ccc(cc1)Oc1cc(ccc1)n1c(=O)c2ccc3c(=O)n(c(=O)c4ccc(c1=O)c2c34)c1cc(ccc1)Oc1ccc(cc1)*,tg,318.0,258.81390396858126
*c1oc(nn1)c1ccc(cc1)Oc1ccc(cc1)C(c1ccc(cc1)Oc1ccc(cc1)*)(C)C,tg,180.0,224.50809057742686
*c1oc(nn1)c1ccc(cc1)Oc1ccc(cc1)N1C(=O)c2c(C1=O)cc(cc2)[Si](O[Si](c1cc2c(C(=O)N(C2=O)c2ccc(cc2)Oc2ccc(cc2)*)cc1)(C)C)(C)C,tg,190.5,243.86729246608812
*c1oc(nn1)c1ccc(cc1)Oc1ccc(cc1)NC(=O)CN1C(=O)c2c(C1=O)cc(cc2)C(c1cc2c(C(=O)N(C2=O)CC(=O)Nc2ccc(cc2)Oc2ccc(cc2)*)cc1)(C(F)(F)F)C(F)(F)F,tg,263.0,253.86541533852144
*c1oc(nn1)c1ccc(cc1)Oc1ccc(cc1)NC(=O)c1c(cc(cc1)C(=O)Nc1ccc(cc1)Oc1ccc(cc1)*)Oc1ccccc1,tg,245.0,248.7399866138892
*c1oc(nn1)c1ccc(cc1)Oc1ccc(cc1)NC(=O)c1cc(cc(c1)N1C(=O)c2c(C1=O)cccc2)C(=O)Nc1ccc(cc1)Oc1ccc(cc1)*,tg,285.0,279.29980116600433
*c1oc(nn1)c1ccc(cc1)Oc1ccc(cc1)NC(=O)c1cc(cc(c1)NC(=O)c1ccc(cc1)OC(=O)C)C(=O)Nc1ccc(cc1)Oc1ccc(cc1)*,tg,270.0,265.80962411811265
*c1oc(nn1)c1ccc(cc1)Oc1ccc(cc1)c1c(cc(c(c1)OCCCCCC)c1ccc(cc1)Oc1ccc(cc1)*)OCCCCCC,tg,103.0,146.34677394503686
*c1oc(nn1)c1ccc(cc1)Oc1ccc(cc1)c1oc(nn1)CN1C(=O)c2c(C1=O)cc(cc2)C(c1cc2c(C(=O)N(C2=O)C*)cc1)(C(F)(F)F)C(F)(F)F,tg,210.0,223.26588394804017
*c1oc(nn1)c1ccc(cc1)[Si](c1ccc(cc1)c1oc(nn1)c1ccc(cc1)c1ccc(cc1)*)(c1ccccc1)c1ccccc1,tg,278.0,273.19702765682587
*c1oc(nn1)c1ccc(cc1)c1oc(nn1)CCCCOc1c(cc(cc1)OCCCC*)C,tg,139.5,105.03164171538795
*c1oc(nn1)c1ccc(cc1)c1oc(nn1)CCCOc1c(cc(cc1)OCCC*)C,tg,125.5,133.99679000893707
*c1oc(nn1)c1ccc(cc1)c1oc(nn1)c1ccc(cc1)[Si](c1ccc(cc1)*)(c1ccccc1)c1ccccc1,tg,274.0,270.1410317401949
*c1oc(nn1)c1cncc(c1)c1oc(nn1)c1ccc(cc1)[Si](c1ccc(cc1)*)(c1ccccc1)c1ccccc1,tg,272.0,263.1781732601233
*c1oc(nn1)c1nc(ccc1)c1oc(nn1)c1ccc(cc1)[Si](c1ccc(cc1)*)(c1ccccc1)c1ccccc1,tg,265.0,253.70448372215577
*c1oc(nn1)c1oc(cc1)c1oc(nn1)c1ccc(cc1)[Si](c1ccc(cc1)*)(c1ccccc1)c1ccccc1,tg,264.0,247.9700166614163
*c1oc(nn1)c1sc(c(c1)CCCCCCCC)c1sc(cc1)c1sc(cc1CCCCCCCC)c1oc(nn1)c1c(cc(c(c1)OCCCCCCCC)*)OCCCCCCCC,tg,34.1,44.73652624392284
*c1oc(nn1)c1sc(c(c1)CCCCCCCCCC)c1sc(cc1CCCCCCCCCC)c1oc(nn1)c1c(cc(c(c1)OCCCCCCCC)*)OCCCCCCCC,tg,53.8,43.64375301744481
*c1oc2c(n1)cc(cc2)C(c1cc2c(oc(n2)CN2C(=O)c3c(C2=O)cc(cc3)C(c2cc3c(C(=O)N(C3=O)C*)cc2)(C(F)(F)F)C(F)(F)F)cc1)(C(F)(F)F)C(F)(F)F,tg,225.0,222.2218044030383
*c1oc2c(n1)cc(cc2)NC(=O)CCCCC(=O)Nc1cc2c(oc(n2)CCCCCCCC*)cc1,tg,87.2,81.84233321521027
*c1oc2c(n1)cc(cc2)NC(=O)CCCCCCC(=O)Nc1cc2c(oc(n2)CCCCCC*)cc1,tg,77.0,84.44287840855542
*c1oc2c(n1)cc(cc2)NC(=O)CCCCCCCCC(=O)Nc1cc2c(oc(n2)CCCCCCCC*)cc1,tg,88.12,81.0969027631295
*c1oc2c(n1)cc(cc2)c1cc2c(oc(n2)CN2C(=O)c3c(C2=O)cc(cc3)C(c2cc3c(C(=O)N(C3=O)C*)cc2)(C(F)(F)F)C(F)(F)F)cc1,tg,231.0,246.07615691546528
*c1oc2c(n1)cc(cc2)c1cc2c(oc(n2)c2ccc(cc2)*)cc1,tg,430.0,295.91000534013233
*c1oc2c(n1)ccc(c2)c1ccc2c(oc(n2)CCCCCCCCCCC*)c1,tg,62.0,58.58104288240064
*c1oc2c(n1)ccc(c2)c1ccc2c(oc(n2)CCCCCCCCCCCC*)c1,tg,55.0,61.34114246233143
*c1oc2c(n1)ccc(c2)c1ccc2c(oc(n2)c2ccc(cc2)C(c2ccc(cc2)*)(C(F)(F)F)C(F)(F)F)c1,tg,345.0,308.2643433905823
*c1oc2c(n1)ccc(c2)c1ccc2c(oc(n2)c2ccc(cc2)C(c2ccc(cc2)*)(c2ccccc2)C(F)(F)F)c1,tg,350.0,342.46840007485946
*c1sc(*)c(C)c1C,egc,3.3355,2.6929895881731385
*c1sc(*)c(CCCCCCN(CC)c2ccccc2)c1CCCCCC,egc,1.59,2.201166620146245
*c1sc(*)c(OC)c1OC,egc,4.1637,2.8226877249458218
*c1sc(*)c(OCCCC)c1C,egc,2.2732,2.814228817026263
*c1sc(*)c(OCCCC)c1OC,egc,3.2859,2.5281454273236914
*c1sc(*)c(OCCCCCC)c1C,egc,3.4475,2.539435359756755
*c1sc(*)c(OCCCCCCC)c1C,egc,2.9827,3.2220355683909054
*c1sc(*)c(OCCCCCCCCCCCCCCCC)c1C,egc,3.676,2.544527757211436
*c1sc(*)c(OCCOCCCC)c1C,egc,1.6261,3.002294018664493
*c1sc(*)c([2H])c1[2H],egc,1.6361,2.8002129828853217
*c1sc(*)c2c1OCC(CCCCCC)O2,egc,3.3322,1.6892034410790142
*c1sc(*)c2c1OCC(CCCCCCCCCCCC)O2,egc,1.9291,3.2134037812618406
*c1sc(*)c2c1OCC(CCCCS(=O)(=O)O)O2,egc,2.1668,2.4893433090503168
*c1sc(*)c2c1OCCO2,egc,1.7526,2.4706957131339093
*c1sc(*)c2nc(-c3ccccc3)c(C)nc12,egc,2.498,2.6205436660004846
*c1sc(*)c2nc(C)c(C)nc12,egc,2.7771,2.7910814088415337
*c1sc(*)c2nc(CC)c(CC)nc12,egc,2.6114,2.615869071061544
*c1sc(-c2cc(OCCCCC)c(*)s2)cc1OCCCCC,egc,1.2005,2.0345248726886496
*c1sc(-c2sc(-c3sc(*)c4nccnc34)c3c2OC(CCCCCC)CO3)c2c1OCC(CCCCCC)O2,egc,1.6167,2.088871840521597
*c1sc(c(c1CCCCCCN(c1ccc(cc1)N=Nc1ccc(cc1)[N+](=O)[O-])CC)CCCCCC)*,tg,17.0,77.74741020869972
*c1sc(c(c1c1ccccc1)c1ccccc1)c1ccc(cc1)CC(=O)Nc1cc(ccc1)NC(=O)Cc1ccc(cc1)*,tg,228.0,237.1984563505954
*c1sc(c(c1c1ccccc1)c1ccccc1)c1ccc(cc1)CC(=O)Nc1ccc(cc1)Cc1ccc(cc1)NC(=O)Cc1ccc(cc1)*,tg,227.0,245.60476688575702
*c1sc(c(c1c1ccccc1)c1ccccc1)c1ccc(cc1)CC(=O)Nc1ccc(cc1)NC(=O)Cc1ccc(cc1)*,tg,251.0,246.17224599968367
*c1sc(c(c1c1ccccc1)c1ccccc1)c1ccc(cc1)CC(=O)Nc1ccc(cc1)S(=O)(=O)c1ccc(cc1)NC(=O)Cc1ccc(cc1)*,tg,252.0,242.92376375595367
*c1sc(c(c1c1ccccc1)c1ccccc1)c1ccc(cc1)CC(=O)Nc1ccc(cc1)c1ccc(cc1)NC(=O)Cc1ccc(cc1)*,tg,272.0,242.96785593064985
*c1sc(c(c1c1ccccc1)c1ccccc1)c1ccc(cc1)NC(=O)c1ccc(cc1)NC(=O)c1ccc(cc1)[Si](c1ccc(cc1)C(=O)Nc1ccc(cc1)C(=O)Nc1ccc(cc1)*)(C)C,tg,337.0,276.49040311314644
*c1sc(cc1)C(=C(*)OC)OC,tg,91.0,89.80526974569804
*c1sc(cc1)C(=O)OC(COC(=O)*)COc1ccc(cc1)N=Nc1ccc(cc1)C#N,tg,119.0,80.13741573567347
*c1sc(cc1)C(=O)Oc1ccc(cc1)[Si](c1ccc(cc1)OC(=O)*)(CC)CC,tg,-62.0,21.43635601188823
*c1sc(cc1)C(=O)Oc1ccc(cc1)[Si](c1ccc(cc1)OC(=O)*)(c1ccccc1)C,tg,-71.0,33.75906863939678
*c1sc(cc1)C=Nc1ccc(cc1)C(=O)OCCCCOCCCCOCCCCOC(=O)c1ccc(cc1)N=C*,tg,25.0,-9.857554393563634
*c1sc(cc1)Oc1ccc(cc1)C(c1ccc(cc1)Oc1sc(cc1)C(=O)*)(C)C,tg,124.0,124.66760789630085
*c1sc(cc1)Oc1ccc(cc1)C(c1ccc(cc1)Oc1sc(cc1)C(=O)c1ccc(cc1)C(=O)*)(C)C,tg,154.0,146.917974229212
*c1sc(cc1)Oc1ccc(cc1)C1(c2ccccc2c2ccccc12)c1ccc(cc1)Oc1ccc(cc1)C(=O)*,tg,195.0,210.51811157408645
*c1sc(cc1)[Si](*)(C)C,tg,21.0,25.211348091964354
*c1sc(cc1)[Si]([Si](*)(CCCC)CCCC)(CCCC)CCCC,tg,-53.0,-21.586193334251973
*c1sc(cc1)c1cc(c(cc1)Oc1ccc(cc1)C(c1ccc(cc1)Oc1c(cc(cc1)*)C(F)(F)F)(C(F)(F)F)C(F)(F)F)C(F)(F)F,tg,153.33,132.27457403925536
*c1sc(cc1)c1cc(c(cc1)Oc1ccc(cc1)C(c1ccc(cc1)Oc1c(cc(cc1)*)C(F)(F)F)(C)C)C(F)(F)F,tg,123.33,134.23164327212467
*c1sc(cc1)c1cc(c(cc1)Oc1ccc(cc1)C1(c2ccccc2c2ccccc12)c1ccc(cc1)Oc1c(cc(cc1)*)C(F)(F)F)C(F)(F)F,tg,169.0,184.2049017326552
*c1sc(cc1)c1cc(c(cc1)Oc1ccc(cc1)Sc1ccc(cc1)Oc1c(cc(cc1)*)C(F)(F)F)C(F)(F)F,tg,142.0,184.16492670935375
*c1sc(cc1)c1ccc(cc1)C=Nc1cc(ccc1)N=Cc1ccc(cc1)*,tg,150.0,145.20349147473556
*c1sc(cc1)c1ccc(cc1)C=Nc1ccc(cc1)C(c1ccc(cc1)N=Cc1ccc(cc1)*)c1ccccc1,tg,129.0,182.64666076180558
*c1sc(cc1)c1sc(c(c1)CCCCCCCC)c1sc(cc1)c1sc(cc1)c1sc(cc1CCCCCCCC)c1sc(cc1)[Si](*)(CCCC)CCCC,tg,-1.0,6.929982738392627
*c1sc(cc1)c1sc(c(c1)CCCCCCCC)c1sc(cc1)c1sc(cc1)c1sc(cc1CCCCCCCC)c1sc(cc1)[Si]([Si](*)(CCCC)CCCC)(CCCC)CCCC,tg,-10.0,-3.8925644283705143
*c1sc(cc1)c1sc(c(c1)CCCCCCCC)c1sc(cc1)c1sc(cc1)c1sc(cc1CCCCCCCC)c1sc(cc1)[Si]([Si]([Si]([Si](*)(C)C)(C)C)(C)C)(C)C,tg,6.0,19.059325658990222
*c1sc(cc1)c1sc(c(c1)CCCCCCCC)c1sc(cc1)c1sc(cc1)c1sc(cc1CCCCCCCC)c1sc(cc1)[Si]([Si]([Si]([Si]([Si]([Si]([Si]([Si](*)(C)C)(C)C)(C)C)(C)C)(C)C)(C)C)(C)C)(C)C,tg,13.0,7.869790269219927
*c1sc(cc1)c1sc(cc1)[Si](*)(C)C,tg,45.0,88.03594802783563
*c1sc(cc1)c1sc(cc1)[Si](*)(CCCC)CCCC,tg,-10.0,7.0576164989295
*c1sc(cc1)c1sc(cc1)[Si]([Si](*)(C)C)(C)C,tg,45.0,52.97349360449554
*c1sc(cc1)c1sc(cc1)[Si]([Si](*)(CCCC)CCCC)(CCCC)CCCC,tg,-20.0,-15.877028536190956
*c1sc(cc1)c1sc(cc1)c1sc(cc1)[Si](*)(CCCC)CCCC,tg,30.0,-7.727862193758618
*c1sc(cc1)c1sc(cc1)c1sc(cc1)[Si]([Si](*)(C)C)(C)C,tg,45.0,87.98555547692592
*c1sc(cc1)c1sc(cc1)c1sc(cc1)[Si]([Si](*)(CCCC)CCCC)(CCCC)CCCC,tg,-5.0,-24.47137474235718
*c1sc(cc1)c1sc(cc1)c1sc(cc1)c1sc(cc1)[Si](*)(CCCC)CCCC,tg,1.0,40.503876350850014
*c1sc(cc1C(C(=O)OC)C(=O)OC)*,tg,-20.1,91.1932462284706
*c1sc(cc1CC(=O)OCC)*,tg,56.7,44.13577794863881
*c1sc(cc1CC(=O)OCCCCCCOc1ccc(cc1)N=Nc1ccc(cc1)C#N)*,tg,64.0,46.31957864948245
*c1sc(cc1CCCC)*,tg,53.58,46.624404086726955
*c1sc(cc1CCCC)c1sc(c(c1)CCCC)c1ccc(cc1)*,tg,122.3,69.08586687611867
*c1sc(cc1CCCCCC)*,tg,23.47,-4.714985695834396
*c1sc(cc1CCCCCCBr)c1sc(cc1)*,tg,51.0,60.62857509869138
*c1sc(cc1CCCCCCCCCC)*,tg,-33.0,-2.5487677780573965
*c1sc(cc1CCCCCCCCCC)c1sc(c(c1)CCCCCCCCCC)c1c2c(ccccc2)c(c1)*,tg,22.5,-0.4390404592005161
*c1sc(cc1CCCCCCCCCCCC)*,tg,-13.51,-27.182034796303018
*c1sc(cc1CCCCCCCCCCCC)c1ccc(cc1)c1sc(c(c1)CCCCCCCCCCCC)c1ccc(cc1)*,tg,-19.2,48.816942405083964
*c1sc(cc1CCCCCCCCCCCC)c1sc(c(c1)CCCCCCCCCCCC)c1cc2cc3c(cc2cc1)cc(cc3)*,tg,158.0,67.20560663572518
*c1sc(cc1CCCCCCCCCCCCCC)c1sc(c(c1)CCCCCCCCCCCCCC)c1c2c(ccccc2)c(c1)*,tg,-10.0,33.906815693628076
*c1sc(cc1CCCCCCOC(=O)COC)*,tg,37.0,-2.9457339478678435
*c1sc(cc1CCCCCCOC(=O)Cc1ccccc1)*,tg,45.0,2.574468387776328
*c1sc(cc1CCCCCCO[Si](C)(C)C)*,tg,10.0,3.3216144633999516
*c1sc(cc1CCOC(=O)C(Br)C)*,tg,49.0,27.810746005782867
*c1sc(cc1CCOC(=O)NCCCC)*,tg,67.5,29.696431857622663
*c1sc(cc1CCOc1ccc(cc1)N=Nc1ccc(cc1)C#N)*,tg,73.0,107.01536528806093
*c1sc(cc1SCCCC)c1ccc(cc1)c1sc(c(c1)SCCCC)c1ccc(cc1)*,tg,26.4,88.60273777566672
*c1sc(cc1SCCCCCCCCCCCC)*,tg,33.0,-0.9459172007458192
*c1sc(cc1SCCCCCCCCCCCC)c1sc(c(c1)SCCCCCCCCCCCC)c1ccc(cc1)*,tg,60.35,30.105689776116318
*c1sc(cc1c1ccc(cc1)C(=C1C=C(C(=O)C(=C1)C(C)(C)C)C(C)(C)C)c1cc(c(c(c1)C(C)(C)C)OC(=O)C)C(C)(C)C)*,tg,-4.3,171.09380766276263
*c1sc(nn1)SCC(=O)NN=Cc1cc(c(cc1)OCCCCCCCCCCOc1c(cc(cc1)C=NNC(=O)CS*)OC)OC,tg,156.0,91.44174799708402
*c1sc(nn1)c1cc(ccc1)OC(=O)CCCCCCCCC(=O)Oc1ccc(cc1)C=C*,tg,37.0,67.4673804673275
*c1sc(nn1)c1cc(ccc1)OCCCCCCCCCCCOC(=O)c1ccc(cc1)C(=O)OCCCCCCCCCCCOc1ccc(cc1)*,tg,49.5,49.7908174702769
*c1sc(nn1)c1ccc(cc1)C(=O)OCCCCCCCCCOC(=O)c1ccc(cc1)*,tg,72.0,48.095135468251065
*c1sc(nn1)c1ccc(cc1)OC(=O)CCCCCCCCC(=O)Oc1cc(ccc1)C=C*,tg,55.0,62.22460011517756
*c1sc(nn1)c1ccc(cc1)OCCCCCCCCCCCOC(=O)CCCCCCCCC(=O)OCCCCCCCCCCCOc1ccc(cc1)*,tg,52.0,31.074764451799712
*c1sc(nn1)c1ccc(cc1)OCCCCCCCCCCCOC(=O)c1cc(ccc1)C(=O)OCCCCCCCCCCCOc1ccc(cc1)*,tg,53.5,51.4335775617056
*c1sc(nn1)c1ccc(cc1)OCCCCCCCCCCCOC(=O)c1ccc(cc1)C(=O)OCCCCCCCCCCCOc1ccc(cc1)*,tg,49.5,51.77609058423173
*c1sc2c(n1)ccc(c2)c1ccc2c(sc(n2)c2cc(ccc2)*)c1,tg,495.0,330.0167451966184
*c1sc2cc3c(cc2n1)sc(n3)c1ccc(cc1)Oc1cc(ccc1)n1c(=O)c2cc3c(cc2c1=O)c(=O)n(c3=O)c1cc(ccc1)Oc1ccc(cc1)*,tg,400.0,349.53659336625094
*c1sc2cc3c(cc2n1)sc(n3)c1ccc(cc1)Oc1ccc(cc1)*,tg,350.0,311.0299413459422
*c1sc2cc3c(cc2n1)sc(n3)c1ccc(cc1)Oc1ccc(cc1)n1c(=O)c2cc3c(cc2c1=O)c(=O)n(c3=O)c1ccc(cc1)Oc1ccc(cc1)*,tg,400.0,412.3633953996491
*c8ccc(C7(c5ccc(n4c(=O)c3ccc(Oc2ccc1c(=O)n(*)c(=O)c1c2)cc3c4=O)cc5)OC(=O)c6ccccc67)cc8,egc,3.3847,3.329797684684701
*c9ccc(C8(c5ccc(n4c(=O)c3ccc(C(=O)c2ccc1c(=O)n(*)c(=O)c1c2)cc3c4=O)cc5)c6ccccc6c7ccccc78)cc9,egc,2.4589,2.6259713750919866
*n1nc(-n2c(=O)c3cc4c(=O)n(*)c(=O)c4cc3c2=O)c2ccccc2c1=O,egc,2.9967,2.525747342618954
C(=O)(*)C1=CC=C(C=C1)C(=O)OC1=CC=C(C=C1)C2(C1=CC=CC=C1C(=O)O2)C1=CC=C(C=C1)O(*),egc,3.8358,3.743958512728723
C(=O)(*)C1=CC=C(C=C1)S(=O)(=O)C1=CC=C(C=C1)C(=O)OC1=CC=C(C=C1)C(C1=CC=CC=C1)(C1=CC=CC=C1)C1=CC=C(C=C1)O(*),egc,3.2146,3.8324573066975667
C13C(C=*)OC(C=*)C1C(=O)N(C2=CC=CC(C(F)(F)F)=C2)C3=O,egc,5.0879,4.515959598372341
O(*)c1ccc(cc1)C(=O)Nc1ccc(cc1)S(=O)(=O)c1ccc(cc1)NC(=O)c1ccc(cc1)(*),egc,3.8301,3.6794122892357395
