smiles,target_type,target,pred
*/C=C\C(C#N)C*,egc,5.3057,5.67386531829834
*=CC2OC(C=*)C3C(=O)N(c1cc(C(F)(F)F)cc(C(F)(F)F)c1)C(=O)C23,egc,5.0857,5.121555328369141
*C#CC#CCCCCCCCC*,egc,5.4216,4.054295063018799
*C#CC(=C(*)COS(=O)(=O)c1ccc(cc1)C)COS(=O)(=O)c1ccc(cc1)C,tg,-73.0,89.09432983398438
*C#CC(=C(*)c1cnc2ccccc2c1)c1cnc2ccccc2c1,egb,0.5725,1.3493670225143433
*C#CC=C*,egc,1.1342,2.67525315284729
*C#Cc1c(F)c(F)c(C#Cc2cc(CCCCCC)c(*)s2)c(F)c1F,egc,2.8156,2.2541158199310303
*C#Cc1cc(CCCCCC)c(*)s1,egc,1.5751,2.3650567531585693
*C#Cc1cc(OCC(CC)CCCC)c(C#Cc2cc(OCCNCCCC)c(*)cc2OCCNCCCC)cc1OCC(CC)CCCC,egc,2.9566,3.1677770614624023
*C#Cc1cc(OCCCCCC)c(C#Cc2ccc3c(-c4c(O)ccc5cc(*)ccc45)c(O)ccc3c2)cc1OCCCCCC,egc,3.0868,1.8141303062438965
*C#Cc1sc(-c2sc(*)c3c2OCCO3)c2c1OCCO2,egc,1.7209,1.1229573488235474
*C(*)(Cl)F,tg,77.0,70.36750793457031
*C(*)(F)Cl,egc,3.6564,6.696927070617676
*C(*)(F)F,egc,7.2027,6.681761264801025
*C(*)C,egb,7.4047,7.923484802246094
*C(*)C(=O)OC,tg,80.25,79.57225036621094
*C(*)C(=O)OC(C)C,tg,70.0,59.117435455322266
*C(*)C(=O)OC1CCCCC1,tg,140.0,99.75140380859375
*C(*)C(=O)OCC,tg,12.35,28.75733184814453
*C(*)F,egc,6.7608,7.183692932128906
*C(*)O,egc,6.4482,6.341908931732178
*C(=C(*)C)SCCCCCC,tg,110.0,-12.863591194152832
*C(=C(*)C)[Ge](C)(C)C,tg,250.0,137.96536254882812
*C(=C(*)C)[Si](C)(C)C,tg,198.3,212.42767333984375
*C(=C(*)C)[Si](CC[Si](C)(C)C)(C)C,tg,200.0,189.81594848632812
*C(=C(*)C)[Si](C[Si](C)(C)C)(C)C,tg,200.0,199.1815643310547
*C(=C(*)C)c1ccccc1,tg,200.0,186.15255737304688
*C(=C(*)Cl)CCCC,tg,190.0,110.91233825683594
*C(=C(*)Cl)CCCCCCCC,tg,90.0,101.02962493896484
*C(=C(*)Cl)c1ccccc1,tg,215.0,187.92691040039062
*C(=C(*)c1ccccc1)CC,tg,200.0,159.7738037109375
*C(=C(*)c1ccccc1)c1cc(ccc1)[Ge](C)(C)C,tg,200.0,214.51722717285156
*C(=C(*)c1ccccc1)c1cc(ccc1)[Si](C)(C)C,tg,200.0,176.09324645996094
*C(=C(*)c1ccccc1)c1ccc(cc1)C(C)(C)C,tg,200.0,251.1959991455078
*C(=C(*)c1ccccc1)c1ccc(cc1)CCCC,tg,200.0,104.28882598876953
*C(=C(*)c1ccccc1)c1ccc(cc1)Oc1ccccc1,tg,200.0,182.6802978515625
*C(=C(*)c1ccccc1)c1ccc(cc1)[Si](C(C)C)(C(C)C)C(C)C,tg,250.0,165.5253143310547
*C(=C(*)c1ccccc1)c1ccc(cc1)[Si](C)(C)C,tg,200.0,246.5117645263672
*C(=C(C(C(*)(F)F)(C(F)(F)F)F)F)F,tg,-3.0,63.19492721557617
*C(=C(C(C(*)([2H])[2H])([2H])[2H])[2H])C([2H])([2H])[2H],tg,-58.0,25.526382446289062
*C(=C(C(C*)(F)F)F)Cl,tg,-17.0,28.8730411529541
*C(=C(CC*)c1ccccc1)c1ccccc1,tg,120.5,138.17047119140625
*C(=C*)C(C)(C)C,tg,200.0,24.452117919921875
*C(=C*)C(CCC)[Si](c1ccccc1)(C)C,tg,110.0,139.7724151611328
*C(=C*)C(CCCCCCC)[Si](C)(C)C,tg,150.0,75.24262237548828
*C(=C*)CCCOC(=O)c1c(ccc(c1)c1ccc(cc1)OC)c1ccc(cc1)OC,tg,72.4,90.17191314697266
*C(=C*)CCCOc1ccc(cc1)OC(=O)c1ccc(cc1)OCCCC,tg,36.0,76.3188247680664
*C(=C*)CCCOc1ccc(cc1)OC(=O)c1ccc(cc1)OCCCCCCCC,tg,38.25,27.856931686401367
*C(=C*)c1c(c(c(c(c1F)F)CCCC)F)F,tg,110.0,108.5938949584961
*C(=C*)c1c(cc(cc1C)C(C)(C)C)C,tg,200.0,168.38348388671875
*C(=C*)c1c(cccc1)C(F)(F)F,tg,130.0,160.76087951660156
*C(=C*)c1c(cccc1)C[Si](C)(C)C,tg,170.0,113.78255462646484
*C(=C*)c1c(cccc1)[Ge](C)(C)C,tg,180.0,191.68821716308594
*C(=C*)c1ccc(cc1)n1c(=O)c2cc3c(cc2c1=O)c(=O)n(c3=O)c1ccc(cc1)C#C,tg,420.0,249.10508728027344
*C(=CC(C*)C)C,tg,2.08,-26.853271484375
*C(=CCC*)C,tg,-60.98,-43.564579010009766
*C(=CCC*)C(C)(C)C,tg,20.0,-14.793655395507812
*C(=CCC*)C(C)C,tg,-47.0,-51.04055404663086
*C(=CCC*)CCCCCCC,tg,-83.0,-72.72237396240234
*C(=CCCC*)c1ccc(cc1)OC,tg,11.0,51.71139907836914
*C(=NCCCCCC)N(*)CCCCCC,egc,4.3588,4.504025459289551
*C(=O)C(=S)OC(*)=S,egb,1.4146,1.648642659187317
*C(=O)C(=S)OC(*)=S,eps,6.46,6.3488945960998535
*C(=O)C(=S)OC(*)=S,nc,2.3004,2.210297107696533
*C(=O)C(C=C1)=CC=C1C(=S)C(C=C2)=CC=C2*,egc,2.9419,3.0273983478546143
*C(=O)C(C=C1)=CC=C1C(=S)O*,egc,3.2688,3.3725554943084717
*C(=O)C(C=C1)=CC=C1C(C=C2)=CC=C2C(S3)=CC=C3*,egc,2.8474,3.0481858253479004
*C(=O)C(C=C1)=CC=C1C(S2)=CC=C2C(C=C3)=CC=C3*,egc,2.9694,3.4827663898468018
*C(=O)C(C=C1)=CC=C1OC(S2)=CC=C2*,egc,3.6478,3.610870838165283
*C(=O)C(F)(F)C(=O)C(*)(F)F,egb,3.1408,4.5403361320495605
*C(=O)C(F)(F)CC(*)(F)F,eea,3.352,2.928431987762451
*C(=O)C(F)(F)CC(*)(F)F,egb,4.9978,4.123555660247803
*C(=O)C(F)(F)CC(*)(F)F,ei,8.1829,8.292864799499512
*C(=O)C(F)(F)CC(*)(F)F,nc,1.6107,1.7164430618286133
*C(=O)C(F)(F)NC(*)(F)F,egb,5.0875,4.669466495513916
*C(=O)C(F)(F)NC(*)(F)F,ei,8.5584,8.149385452270508
*C(=O)C(O)c1ccc(*)s1,egc,4.0132,4.176548480987549
*C(=O)C(S1)=CC=C1C(=O)C(=S)*,egc,2.2094,2.3405022621154785
*C(=O)C(S1)=CC=C1C(=S)C(S2)=CC=C2*,egc,2.0759,2.173584222793579
*C(=O)C(S1)=CC=C1C(C=C2)=CC=C2C(=S)*,egc,2.3241,2.8459267616271973
*C(=O)C(S1)=CC=C1C(C=C2)=CC=C2O*,egc,2.8763,2.8353304862976074
*C(=O)C(S1)=CC=C1C(S2)=CC=C2C(=S)*,egc,2.0098,2.225005865097046
*C(=O)C(S1)=CC=C1C(S2)=CC=C2O*,egc,2.6473,3.1055819988250732
*C(=O)C(S1)=CC=C1OC(=S)*,egc,3.5676,2.65324068069458
*C(=O)C1CC(OC(=O)CCC)CN1*,egc,5.4104,4.041369915008545
*C(=O)C1CC(OC(C)=O)CN1*,egc,4.1614,5.752021789550781
*C(=O)C1CCCN1*,egc,5.5773,5.144731044769287
*C(=O)CC(F)(F)C(*)(F)F,egb,5.0395,5.252805709838867
*C(=O)CC(F)(F)C(*)(F)F,ei,7.9225,8.204619407653809
*C(=O)CC(F)(F)C(*)(F)F,nc,1.6044,1.6656419038772583
*C(=O)CC*,tg,10.0,40.015445709228516
*C(=O)CCCCC(=O)N1CCN(*)CC1,egc,5.6091,5.408968925476074
*C(=O)CCN(C)CCN(C)CCC(=O)N1CCN(*)CC1,egc,4.9845,5.0370192527771
*C(=O)CCN1CCN(CCC(=O)N2CCN(*)C(C)C2)CC1,egc,4.9509,4.852659225463867
*C(=O)CNC(=O)C1CCCN1C(=O)C1CCCN1*,egc,5.248,5.535955429077148
*C(=O)COCC(=O)N1CCN(*)CC1,egc,5.5847,5.562126159667969
*C(=O)N(*)C(C)C(C)=O,egc,4.4468,4.904891490936279
*C(=O)N1CC(=O)N(C(=O)c2ccc(N3C(=O)c4ccc(*)cc4C3=O)cc2)C1=O,egc,3.533,3.7561776638031006
*C(=O)NC(=O)NC(=O)NC(S1)=CC=C1N*,egc,3.5876,3.8671586513519287
*C(=O)NC(=O)c1ccc(*)cc1,eps,4.45,4.402775287628174
*C(=O)NC(=O)c1ccc(*)cc1,nc,1.8899,1.8864251375198364
*C(=O)NC(F)(F)C(*)(F)F,egb,5.4991,5.678293228149414
*C(=O)NC(F)(F)C(*)(F)F,ei,8.3456,7.8175129890441895
*C(=O)NC(F)(F)C(*)(F)F,eps,3.53,4.029295444488525
*C(=O)NC1CCCC(*)O1,egc,6.2047,5.772888660430908
*C(=O)NCCCCCCCCCCNC(=O)c1ccc(*)nc1,egc,4.5311,4.582688331604004
*C(=O)NCCCCCCNC(=O)C1=COC=C(*)O1,egc,4.4645,4.277204513549805
*C(=O)NCCCCCCNC(=O)C1COC(*)CO1,egc,5.8235,6.173227310180664
*C(=O)NCCCCCCNC(=O)N1CCN(*)CC1,egc,5.4634,5.3439860343933105
*C(=O)NCCCCCCNC(=O)c1cc(O)cc(*)n1,egc,4.8984,4.674757957458496
*C(=O)NCCCCCCNC(=O)c1ccc(*)nc1,egc,4.574,4.564621925354004
*C(=O)NCCCCCCNC(=O)c1cccc(*)n1,egc,4.786,4.6056952476501465
*C(=O)NCCCCCCNC(=O)c1cncc(*)c1,egc,4.9388,4.4950785636901855
*C(=O)NCCCCCCNC(=O)c1cnn(*)c1,egc,5.1584,4.541617393493652
*C(=O)NNC(=O)C(=O)NNC(=O)c1cncc(*)n1,egc,4.3374,3.859370708465576
*C(=O)NNC(=O)c1cccc(*)n1,egc,4.6124,4.825351238250732
*C(=O)NNC(=O)c1cccc(C(=O)NNC(=O)c2ccc(*)nc2)n1,egc,3.6092,3.6952669620513916
*C(=O)NNC(=O)c1cccc(C(=O)NNC(=O)c2cccc(*)n2)c1,egc,4.479,4.307496547698975
*C(=O)NNC(=O)c1cccc(C(=O)NNC(=O)c2cnc(*)cn2)c1,egc,3.3027,4.137965679168701
*C(=O)NNC(=O)c1cncc(C(=O)NNC(=O)c2ccc(*)nc2)c1,egc,3.9225,3.887955665588379
*C(=O)Nc1cc(NC(=O)c2ccc(*)o2)c(N)cc1N,egc,2.8199,3.001065492630005
*C(=O)Nc1cc(NC(=O)c2ccc3[nH]c(-c4cccc(-c5nc6cc(*)ccc6[nH]5)c4)nc3c2)cc(-c2nc3ccccc3[nH]2)c1,egc,3.2918,3.2972497940063477
*C(=O)Nc1ccc(-c2ccc(NC(=O)c3ccc4c(c3)C(=O)N(c3ccc(S(=O)(=O)c5ccc(N6C(=O)c7ccc(*)cc7C6=O)cc5)cc3)C4=O)cc2)cc1,egc,2.4779,2.916743755340576
*C(=O)Nc1ccc(C(=O)Nc2ccc(NC(=O)c3ccc4[nH]c(-c5ccc(-c6nc7cc(*)ccc7[nH]6)cc5)nc4c3)cc2)cc1,egc,2.6204,2.751561403274536
*C(=O)Nc1ccc(C(=O)Nc2ccc(NC(=O)c3ccc4[nH]c(-c5cccc(-c6nc7cc(*)ccc7[nH]6)c5)nc4c3)cc2)cc1,egc,2.9934,2.9422647953033447
*C(=O)Nc1ccc(C2(c3ccc(N4C(=O)c5ccc(*)cc5C4=O)cc3)CC(C)CC(C)(C)C2)cc1,egc,2.7929,3.263059139251709
*C(=O)Nc1ccc(C2(c3ccc(N4C(=O)c5ccc(*)cc5C4=O)cc3)CCC(C(C)(C)C)CC2)cc1,egc,2.7711,2.8596177101135254
*C(=O)Nc1ccc(C2(c3ccc(N4C(=O)c5ccc(*)cc5C4=O)cc3)CCC(C(C)(C)CC)CC2)cc1,egc,2.8521,2.6962172985076904
*C(=O)Nc1ccc(C2(c3ccc(N4C(=O)c5ccc(*)cc5C4=O)cc3)CCC(CC)CC2)cc1,egc,2.9185,2.773955821990967
*C(=O)Nc1ccc(C2(c3ccc(N4C(=O)c5ccc(*)cc5C4=O)cc3)CCCCC2)cc1,egc,2.8477,2.9588098526000977
*C(=O)Nc1ccc(Cc2ccc(N3C(=O)c4ccc(*)cc4C3=O)cc2)cc1,egc,3.1109,3.0791397094726562
*C(=O)Nc1ccc(N2C(=O)c3ccc(*)cc3C2=O)cc1,egc,3.1573,2.8487298488616943
*C(=O)Nc1ccc(NC(=O)c2ccc(NC(=O)c3ccc(-c4nc5cc(*)ccc5[nH]4)cc3)cc2)cc1,egc,2.7114,2.8757238388061523
*C(=O)Nc1ccc(NC(=O)c2ccc3[nH]c(-c4cc(-c5nc6cc(*)ccc6[nH]5)cc(N5C(=O)c6ccccc6C5=O)c4)nc3c2)cc1,egc,2.3407,2.693969488143921
*C(=O)Nc1ccc(NC(=O)c2ccc3c(c2)C(=O)N(c2c(C)cc(C)c(N4C(=O)c5ccc(*)cc5C4=O)c2C)C3=O)cc1,egc,3.3589,2.736936569213867
*C(=O)Nc1ccc(NC(=O)c2ccc3c(c2)C(=O)N(c2cc(-c4nc5ccccc5s4)cc(N4C(=O)c5ccc(*)cc5C4=O)c2)C3=O)cc1,egc,2.886,2.802117109298706
*C(=O)Nc1ccc(NC(=O)c2ccc3c(c2)C(=O)N(c2ccc(Oc4ccc(N5C(=O)c6ccc(*)cc6C5=O)cc4)cc2)C3=O)cc1,egc,2.6514,2.503424882888794
*C(=O)Nc1ccc(NC(=O)c2ccc3c(c2)C(=O)N(c2ccc(Oc4cccc5c(N6C(=O)c7ccc(*)cc7C6=O)cccc45)cc2)C3=O)cc1,egc,2.8645,2.440941333770752
*C(=O)Nc1ccc(NC(=O)c2ccc3c(c2)C(=O)N(c2ccc(S(=O)(=O)c4ccc(N5C(=O)c6ccc(*)cc6C5=O)cc4)cc2)C3=O)cc1,egc,2.7403,3.134373664855957
*C(=O)Nc1ccc(NC(=O)c2cccc(C(=O)Nc3ccc(N4C(=O)c5ccc(*)cc5C4=O)cc3)c2)cc1,egc,2.92,2.524775981903076
*C(=O)Nc1ccc(Oc2ccc(N3C(=O)c4ccc(*)cc4C3=O)cc2)cc1,egc,2.7025,2.970641851425171
*C(=O)Nc1ccc(Oc2ccc(NC(=O)c3ccc4c(c3)C(=O)N(c3ccc(Oc5ccc(N6C(=O)c7ccc(*)cc7C6=O)cc5)cc3)C4=O)cc2)cc1,egc,2.699,2.7620491981506348
*C(=O)Nc1ccc(Oc2ccc(NC(=O)c3cccc(*)n3)cc2)cc1,egc,3.4406,4.028822422027588
*C(=O)Nc1ccc(S(=O)(=O)c2ccc(NC(=O)c3ccc4[nH]c(-c5cccc(-c6nc7cc(*)ccc7[nH]6)c5)nc4c3)cc2)cc1,egc,3.6016,3.3435144424438477
*C(=O)Nc1ccc(S(=O)(=O)c2ccc(NC(=O)c3ccc4c(c3)C(=O)N(c3ccc(Oc5ccc(N6C(=O)c7ccc(*)cc7C6=O)cc5)cc3)C4=O)cc2)cc1,egc,2.6835,3.037362575531006
*C(=O)Nc1ccc(S(=O)(=O)c2ccc(NC(=O)c3ccc4c(c3)C(=O)N(c3ccc(S(=O)(=O)c5ccc(N6C(=O)c7ccc(*)cc7C6=O)cc5)cc3)C4=O)cc2)cc1,egc,3.3421,2.6370251178741455
*C(=O)Nc1cccc(C(=O)Nc2cccc(NC(=O)c3ccc4[nH]c(-c5cccc(-c6nc7cc(*)ccc7[nH]6)c5)nc4c3)c2)c1,egc,3.186,3.175297260284424
*C(=O)Nc1cccc(C=CC(=O)C=Cc2cccc(NC(=O)c3ccc(N4C(=O)c5ccc(*)cc5C4=O)cc3)c2)c1,egc,3.0227,2.019619941711426
*C(=O)Nc1cccc(NC(=O)c2ccc(-c3nc4cc(*)ccc4[nH]3)cc2)c1,egc,3.2886,3.4367833137512207
*C(=O)Nc1cccc(NC(=O)c2ccc3[nH]c(-c4cccc(-c5nc6cc(*)ccc6[nH]5)c4)nc3c2)c1,egc,3.3364,3.2203032970428467
*C(=O)Nc1cccc(NC(=O)c2ccc3[nH]c(-c4cccc(-c5nc6cc(*)ccc6[nH]5)c4)nc3c2)n1,egc,3.4965,3.438554048538208
*C(=O)Nc1cccc(NC(=O)c2ccc3c(c2)C(=O)N(c2ccc(S(=O)(=O)c4ccc(N5C(=O)c6ccc(*)cc6C5=O)cc4)cc2)C3=O)c1,egc,3.0501,3.2858633995056152
*C(=O)Nc1cccc(NC(=O)c2cccc(NC(=O)c3ccc(-c4nc5cc(*)ccc5[nH]4)cc3)c2)c1,egc,3.3084,3.0037851333618164
*C(=O)Nc1nc(*)c(C#N)n1C,egc,4.3854,3.9945621490478516
*C(=O)Nc1nc(C#N)c(*)n1C,egc,4.1864,4.22697114944458
*C(=O)OC(=O)O*,egc,5.0987,6.112940311431885
*C(=O)OC(C=C1)=CC=C1C(=S)*,egc,2.9816,3.0738461017608643
*C(=O)OC1=NCCN1*,egc,5.1364,5.467502593994141
*C(=O)OC1CC(*)N(C(=O)OCc2ccccc2)C1,egc,5.588,4.04487943649292
*C(=O)OC1CC2CC(OC(=O)N3CCN(*)CC3)CC(C1)O2,egc,5.7033,5.902929306030273
*C(=O)OC1CCC(OC(=O)N2CCN(*)CC2)CC1,egc,5.8355,6.050372123718262
*C(=O)OCC(C)(C)COC(=O)N1CC(C)N(*)CC1C,egc,5.8365,6.006857395172119
*C(=O)OCC(C)(C)COC(=O)N1CCN(*)C(C)C1,egc,5.8979,5.517820835113525
*C(=O)OCC1CC1COC(=O)N1CCN(*)CC1,egc,5.9115,5.810794353485107
*C(=O)OCCCCCCCCCCCCOC(=O)c1ccc(N2C(=O)c3ccc(*)cc3C2=O)cc1,egc,3.2472,3.868377685546875
*C(=O)OCCCCCCOC(=O)N1CCN(*)CC1,egc,5.9678,5.826607704162598
*C(=O)OCCCCOC(=O)N1CCN(*)CC1,egb,6.4265,6.057770729064941
*C(=O)OCCCCOC(=O)N1CCN(*)CC1,egc,5.8653,5.995804786682129
*C(=O)OCCOC(=O)N1CC(C)N(*)CC1C,egc,5.9632,5.891790866851807
*C(=O)OCCOC(=O)N1CCN(*)CC1,egc,5.8752,6.0825700759887695
*C(=O)Oc1ccc(-c2ccc(OC(=O)c3ccc4c(c3)C(=O)N(c3ccc(Oc5ccc(N6C(=O)c7ccc(*)cc7C6=O)cc5)cc3)C4=O)cc2)cc1,egc,2.6231,2.3885045051574707
*C(=O)Oc1ccc(C(*)=S)cc1,eea,3.6938,3.4898343086242676
*C(=O)Oc1ccc(C(*)=S)cc1,egb,2.3448,2.25911021232605
*C(=O)Oc1ccc(C(*)=S)cc1,ei,6.6755,6.6680779457092285
*C(=O)Oc1ccc(C(*)=S)cc1,eps,4.83,4.833385944366455
*C(=O)Oc1ccc(C(*)=S)cc1,nc,2.0099,2.004530191421509
*C(=O)Oc1ccc(C(*)=S)s1,eea,3.8482,3.6671979427337646
*C(=O)Oc1ccc(C(*)=S)s1,egb,1.9856,2.3379790782928467
*C(=O)Oc1ccc(C(*)=S)s1,ei,6.6347,6.442325592041016
*C(=O)Oc1ccc(C(*)=S)s1,eps,5.33,5.469665050506592
*C(=O)Oc1ccc(OC(=O)N2CCN(*)CC2)cc1,egc,5.2692,4.882030963897705
*C(=O)Oc1ccc(OC(=O)c2ccc3c(c2)C(=O)N(c2ccc(Oc4ccc(N5C(=O)c6ccc(*)cc6C5=O)cc4)cc2)C3=O)c(-c2ccccc2)c1,egc,2.5898,2.67368483543396
*C(=O)Oc1ccc(OC(=O)c2ccc3c(c2)C(=O)N(c2ccc(Oc4ccc(N5C(=O)c6ccc(*)cc6C5=O)cc4)cc2)C3=O)cc1,egc,2.5383,2.5965209007263184
*C(=O)Oc1ccc(OC(=O)c2ccc3c(c2)C(=O)N(c2ccc(Sc4ccc(N5C(=O)c6ccc(*)cc6C5=O)cc4)cc2)C3=O)cc1,egc,2.9567,2.56011962890625
*C(=O)Oc1ccc2ccc(OC(=O)c3ccc4c(c3)C(=O)N(c3ccc(Oc5ccc(N6C(=O)c7ccc(*)cc7C6=O)cc5)cc3)C4=O)cc2c1,egc,2.5688,2.611229181289673
*C(=O)SSCCCCCCSSC(=O)N1CCN(*)CC1,egc,4.64,4.464445114135742
*C(=O)SSCCCCSSC(=O)N1CCN(*)CC1,egc,4.2166,4.473598003387451
*C(=O)c1ccc(-c2ccc(-c3ccc(*)cc3)cc2)cc1,egb,2.5479,2.6829416751861572
*C(=O)c1ccc(-c2ccc(-c3ccc(*)cc3)cc2)cc1,ei,5.9803,6.129881858825684
*C(=O)c1ccc(-c2ccc(-c3ccc(*)cc3)cc2)cc1,eps,4.43,4.891395568847656
*C(=O)c1ccc(-c2ccc(-c3ccc(*)cc3)s2)cc1,ei,5.8483,5.623556613922119
*C(=O)c1ccc(-c2ccc(-c3ccc(*)cc3)s2)cc1,nc,2.2925,2.110041618347168
*C(=O)c1ccc(-c2ccc(-c3ccc(*)s3)cc2)cc1,eea,3.0595,2.9117445945739746
*C(=O)c1ccc(-c2ccc(-c3ccc(*)s3)cc2)cc1,ei,5.9085,5.790842533111572
*C(=O)c1ccc(-c2ccc(-c3ccc(*)s3)cc2)cc1,eps,6.15,5.242815017700195
*C(=O)c1ccc(-c2ccc(-c3ccc(*)s3)cc2)s1,nc,2.5812,2.509087324142456
*C(=O)c1ccc(-c2ccc(-c3ccc(*)s3)s2)cc1,eea,2.775,2.8149726390838623
*C(=O)c1ccc(-c2ccc(-c3ccc(*)s3)s2)cc1,ei,5.5122,5.750691890716553
*C(=O)c1ccc(-c2ccc(-c3ccc(*)s3)s2)cc1,nc,2.1519,2.5094871520996094
*C(=O)c1ccc(-c2ccc(-c3ccc(*)s3)s2)s1,ei,5.3929,5.1417131423950195
*C(=O)c1ccc(-c2ccc(-c3ccc(*)s3)s2)s1,eps,8.28,7.492062091827393
*C(=O)c1ccc(-c2ccc(-c3ccc(*)s3)s2)s1,nc,2.705,2.5333094596862793
*C(=O)c1ccc(-c2ccc(C(*)=S)cc2)cc1,ei,6.1599,6.119291305541992
*C(=O)c1ccc(-c2ccc(C(*)=S)cc2)cc1,eps,5.49,5.559342861175537
*C(=O)c1ccc(-c2ccc(C(*)=S)cc2)cc1,nc,2.2139,2.1467678546905518
*C(=O)c1ccc(-c2ccc(C(*)=S)cc2)s1,egb,1.9265,1.6172620058059692
*C(=O)c1ccc(-c2ccc(C(*)=S)cc2)s1,eps,5.9,6.127094745635986
*C(=O)c1ccc(-c2ccc(C(*)=S)s2)cc1,ei,6.162,6.115189552307129
*C(=O)c1ccc(-c2ccc(C(*)=S)s2)cc1,eps,5.75,5.779083251953125
*C(=O)c1ccc(-c2ccc(C(*)=S)s2)cc1,nc,2.244,2.181140899658203
*C(=O)c1ccc(-c2ccc(C(*)=S)s2)s1,eea,4.1032,3.9434914588928223
*C(=O)c1ccc(-c2ccc(C(*)=S)s2)s1,egb,1.6466,1.4291669130325317
*C(=O)c1ccc(-c2ccc(C(*)=S)s2)s1,ei,6.113,6.100952625274658
*C(=O)c1ccc(-c2ccc(C(*)=S)s2)s1,eps,6.5,6.130737781524658
*C(=O)c1ccc(C(=O)C(*)=S)cc1,eea,3.783,4.167620658874512
*C(=O)c1ccc(C(=O)C(*)=S)cc1,egb,1.6753,1.9765020608901978
*C(=O)c1ccc(C(=O)C(*)=S)cc1,ei,6.7765,6.837095260620117
*C(=O)c1ccc(C(=O)C(*)=S)cc1,nc,2.0994,2.045987367630005
*C(=O)c1ccc(C(=O)C(*)=S)s1,eea,4.6396,4.223076820373535
*C(=O)c1ccc(C(=O)C(*)=S)s1,ei,6.8471,6.886773586273193
*C(=O)c1ccc(C(=O)N(C)N(*)C)cc1,egc,4.0457,4.382617950439453
*C(=O)c1ccc(C(=O)N(C)c2ccc(Cl)c(N(*)C)c2)cc1,egc,3.3332,3.947688341140747
*C(=O)c1ccc(C(=O)N2CCN(*)CC2)cc1,egb,4.7036,4.050196170806885
*C(=O)c1ccc(C(=O)N2CCN(*)CC2)cc1,egc,4.6128,4.907320022583008
*C(=O)c1ccc(C(=O)c2ccc(*)cc2)cc1,eea,2.1866,2.5458757877349854
*C(=O)c1ccc(C(=O)c2ccc(*)cc2)cc1,egb,2.9556,3.390056848526001
*C(=O)c1ccc(C(=O)c2ccc(*)cc2)cc1,ei,6.4709,6.318511486053467
*C(=O)c1ccc(C(=O)c2ccc(*)cc2)cc1,eps,4.54,4.351592063903809
*C(=O)c1ccc(C(=O)c2ccc(*)cc2)cc1,nc,1.9846,1.9445887804031372
*C(=O)c1ccc(C(=O)c2ccc(*)s2)cc1,ei,7.268,6.6799116134643555
*C(=O)c1ccc(C(=O)c2ccc(*)s2)s1,egb,1.863,2.329643964767456
*C(=O)c1ccc(C(=O)c2ccc(*)s2)s1,nc,2.0879,2.3833417892456055
*C(=O)c1ccc(C(=S)c2ccc(*)cc2)cc1,eea,2.9183,3.041069269180298
*C(=O)c1ccc(C(=S)c2ccc(*)cc2)cc1,ei,5.8604,6.059813976287842
*C(=O)c1ccc(C(=S)c2ccc(*)s2)cc1,eea,3.9759,3.6625983715057373
*C(=O)c1ccc(C(=S)c2ccc(*)s2)cc1,eps,5.13,5.767970561981201
*C(=O)c1ccc(C(=S)c2ccc(*)s2)s1,eea,4.1286,3.9997928142547607
*C(=O)c1ccc(C(=S)c2ccc(*)s2)s1,ei,6.205,6.3483967781066895
*C(=O)c1ccc(C(=S)c2ccc(*)s2)s1,eps,6.22,6.277974605560303
*C(=O)c1ccc(C(=S)c2ccc(*)s2)s1,nc,2.2975,2.2513747215270996
*C(=O)c1ccc(N(*)CCCCCCCC)cc1,egc,3.611,3.3978705406188965
*C(=O)c1ccc(N=Nc2ccc(C(=O)N3C(=O)N(*)C(CC)(CC)C3=O)cc2)cc1,egc,3.6611,2.7917850017547607
*C(=O)c1ccc(NC(=S)Oc2ccc(Nc3ccc(*)s3)s2)s1,eea,2.7059,2.864295244216919
*C(=O)c1ccc(NC(=S)Oc2ccc(Nc3ccc(*)s3)s2)s1,egb,2.3992,2.938401699066162
*C(=O)c1ccc(NC(=S)Oc2ccc(Nc3ccc(*)s3)s2)s1,nc,2.0222,2.3787503242492676
*C(=O)c1ccc(OC(*)=S)cc1,eea,3.2631,3.382020950317383
*C(=O)c1ccc(OC(*)=S)cc1,ei,6.7719,6.435506343841553
*C(=O)c1ccc(OC(*)=S)cc1,eps,5.05,5.24407958984375
*C(=O)c1ccc(OC(*)=S)cc1,nc,2.0762,2.0636608600616455
*C(=O)c1ccc(OC(*)=S)s1,nc,2.3124,2.1448006629943848
*C(=O)c1ccc(Oc2ccc(*)s2)cc1,ei,6.1761,6.318764686584473
*C(=O)c1ccc(Oc2ccc(*)s2)cc1,nc,2.0027,2.0177690982818604
*C(=O)c1ccc(Oc2ccc(*)s2)s1,eea,2.882,3.1035120487213135
*C(=O)c1ccc(Oc2ccc(*)s2)s1,egb,2.4838,2.4538168907165527
*C(=O)c1ccc2c(c1)C(=Nc1ccc(Oc3cccc(N=C4OC(=O)c5ccc(*)cc54)c3)cc1)OC2=O,egc,2.5722,2.9222240447998047
*C(=O)c1ccc2c(c1)C(=O)N(c1cc(-c3nc4ccccc4s3)cc(N3C(=O)c4ccc(*)cc4C3=O)c1)C2=O,egc,2.5125,2.5551211833953857
*C(=O)c1ccc2c(c1)C(=O)N(c1ccc(-c3ccc(-c4ccc(N5C(=O)c6ccc(*)cc6C5=O)cc4)cc3)cc1)C2=O,egc,2.3242,2.5076582431793213
*C(=O)c1ccc2c(c1)C(=O)N(c1ccc(-c3ccc(N4C(=O)c5ccc(*)cc5C4=O)cc3C)c(C)c1)C2=O,egc,2.8033,3.0125656127929688
*C(=O)c1ccc2c(c1)C(=O)N(c1ccc(-c3nc(-c4ccccc4)nc(-c4ccc(N5C(=O)c6ccc(*)cc6C5=O)cc4)n3)cc1)C2=O,egc,2.8991,2.755352020263672
*C(=O)c1ccc2c(c1)C(=O)N(c1ccc(C(=O)N(C)c3ccc(N4C(=O)c5ccc(*)cc5C4=O)cc3)cc1)C2=O,egc,2.3425,2.31636905670166
*C(=O)c1ccc2c(c1)C(=O)N(c1ccc(C(C)(C)c3ccc(C(C)(C)c4ccc(N5C(=O)c6ccc(*)cc6C5=O)cc4)cc3)cc1)C2=O,egc,2.4861,2.5090794563293457
*C(=O)c1ccc2c(c1)C(=O)N(c1ccc(C(c3ccc(N4C(=O)c5ccc(*)cc5C4=O)cc3)(C(F)(F)F)C(F)(F)F)cc1)C2=O,egc,3.0171,2.7054080963134766
*C(=O)c1ccc2c(c1)C(=O)N(c1ccc(C(c3ccccc3)(c3ccc(N4C(=O)c5ccc(*)cc5C4=O)cc3)C(F)(F)F)cc1)C2=O,egc,2.9448,3.125247001647949
*C(=O)c1ccc2c(c1)C(=O)N(c1ccc(C(c3ccccc3)c3ccc(N4C(=O)c5ccc(*)cc5C4=O)cc3)cc1)C2=O,egc,2.6954,2.7850701808929443
*C(=O)c1ccc2c(c1)C(=O)N(c1ccc(Cc3ccc(N4C(=O)c5ccc(*)cc5C4=O)cc3)cc1)C2=O,egc,2.7406,2.7319324016571045
*C(=O)c1ccc2c(c1)C(=O)N(c1ccc(N(c3ccc(C#N)cc3)c3ccc(N4C(=O)c5ccc(*)cc5C4=O)cc3)cc1)C2=O,egc,1.8778,2.1141204833984375
*C(=O)c1ccc2c(c1)C(=O)N(c1ccc(N3C(=O)c4ccc(*)cc4C3=O)cc1)C2=O,egc,2.8765,2.795933246612549
*C(=O)c1ccc2c(c1)C(=O)N(c1ccc(N3C(=O)c4ccc(*)cc4C3=O)nc1)C2=O,egc,3.0206,3.160292148590088
*C(=O)c1ccc2c(c1)C(=O)N(c1ccc(OCC(C)(C)COc3ccc(N4C(=O)c5ccc(*)cc5C4=O)cc3)cc1)C2=O,egc,2.7216,2.084739923477173
*C(=O)c1ccc2c(c1)C(=O)N(c1ccc(OCCOCCOCCOc3ccc(N4C(=O)c5ccc(*)cc5C4=O)cc3)cc1)C2=O,egc,2.5902,2.781397581100464
*C(=O)c1ccc2c(c1)C(=O)N(c1ccc(OCCOc3ccc(N4C(=O)c5ccc(*)cc5C4=O)cc3)cc1)C2=O,egc,2.4523,2.707914113998413
*C(=O)c1ccc2c(c1)C(=O)N(c1ccc(Oc3cc4ccccc4cc3Oc3ccc(N4C(=O)c5ccc(*)cc5C4=O)cc3)cc1)C2=O,egc,2.3398,2.2927916049957275
*C(=O)c1ccc2c(c1)C(=O)N(c1ccc(Oc3ccc(N4C(=O)c5ccc(*)cc5C4=O)cc3Br)c(Br)c1)C2=O,egc,2.6114,2.5401933193206787
*C(=O)c1ccc2c(c1)C(=O)N(c1ccc(Oc3ccc(S(=O)(=O)c4ccc(Oc5ccc(N6C(=O)c7ccc(*)cc7C6=O)cc5)cc4)cc3)cc1)C2=O,egc,2.6168,2.636998414993286
*C(=O)c1ccc2c(c1)C(=O)N(c1ccc(Oc3cccc(N4C(=O)c5ccc(*)cc5C4=O)c3)cc1)C2=O,egc,2.4357,2.562896966934204
*C(=O)c1ccc2c(c1)C(=O)N(c1ccc(Oc3cccc(Oc4ccc(N5C(=O)c6ccc(*)cc6C5=O)cc4)c3)cc1)C2=O,egc,2.514,2.3263356685638428
*C(=O)c1ccc2c(c1)C(=O)N(c1ccc(Oc3ccccc3Oc3ccc(N4C(=O)c5ccc(*)cc5C4=O)cc3)cc1)C2=O,egc,2.3823,2.5298924446105957
*C(=O)c1ccc2c(c1)C(=O)N(c1ccc(Sc3ccc(N4C(=O)c5ccc(*)cc5C4=O)cc3)cc1)C2=O,egc,2.66,2.687500238418579
*C(=O)c1ccc2c(c1)C(=O)N(c1ccc3c(c1)C(=O)c1cc(N4C(=O)c5ccc(*)cc5C4=O)ccc1-3)C2=O,egc,2.5033,2.688830614089966
*C(=O)c1ccc2c(c1)C(=O)N(c1cccc(C(=O)N(C)c3ccc(N4C(=O)c5ccc(*)cc5C4=O)cc3)c1)C2=O,egc,2.3447,2.4344213008880615
*C(=O)c1ccc2c(c1)C(=O)N(c1cccc(C(=O)Nc3ccc(N4C(=O)c5ccc(*)cc5C4=O)cc3)c1)C2=O,egc,2.497,2.3892784118652344
*C(=O)c1ccc2c(c1)C(=O)N(c1cccc(Cc3ccc(C(=O)c4ccc(N5C(=O)c6ccc(*)cc6C5=O)cc4)cc3)c1)C2=O,egc,2.9158,2.656636953353882
*C(=O)c1ccc2c(c1)C(=O)N(c1cccc(N3C(=O)c4ccc(*)cc4C3=O)c1C)C2=O,egc,3.3303,2.9320926666259766
*C(=O)c1ccc2c(c1)C(=O)N(c1cccc(Nc3ncnc(Nc4cccc(N5C(=O)c6ccc(*)cc6C5=O)c4)n3)c1)C2=O,egc,2.4957,2.710510730743408
*C(=O)c1ccc2nc(-c3ccc(-c4cnc5cc(*)ccc5n4)cc3)cnc2c1,egc,3.0578,3.06103777885437
*C(=O)c1ccc2nc(-c3ccc(-c4nc5ccc(*)cc5nc4-c4ccccc4)cc3)c(-c3ccccc3)nc2c1,egc,3.0508,3.1125831604003906
*C(=O)c1ccc2nc(-c3ccccc3)c(-c3ccc(-c4nc5cc(*)ccc5nc4-c4ccccc4)cc3)nc2c1,egc,3.2924,3.434183120727539
*C(=O)c1ccc2nc(-c3ccccc3)c(-c3ccc(-c4nc5ccc(*)cc5nc4-c4ccccc4)cc3)nc2c1,egc,3.1886,3.0139153003692627
*C(=O)c1cccc(C(=O)N(C)c2cccc(N(*)C)c2)c1,egc,4.4341,3.3732895851135254
*C(=O)c1cccc(C(=O)N2CCN(*)CC2)c1,egc,4.7816,4.836432456970215
*C(=O)c1cccc(C(=O)N2COCN2*)c1,egc,4.5807,4.942244052886963
*C(=O)c1cccc(C(=O)c2ccc3c(c2)C(=Nc2cccc(N=C4OC(=O)c5cc(*)ccc54)c2)OC3=O)c1,egc,2.869,2.2721190452575684
*C(=O)c1cccc(C(=O)c2ccc3c(c2)C(=O)N(c2ccc(Oc4ccc(N5C(=O)c6ccc(*)cc6C5=O)cc4)cc2)C3=O)c1,egc,2.5831,2.37705135345459
*C(=S)C(=O)C(F)(F)C(*)(F)F,eea,5.1438,4.459461688995361
*C(=S)C(=O)C(F)(F)C(*)(F)F,ei,7.0732,7.161750316619873
*C(=S)C(=O)CCNc1ccc(C(=S)c2ccc(*)cc2)cc1,ei,5.8838,5.860450267791748
*C(=S)C(=O)CCNc1ccc(C(=S)c2ccc(*)cc2)cc1,eps,6.47,6.099514484405518
*C(=S)C(=O)CCNc1ccc(C(=S)c2ccc(*)cc2)cc1,nc,2.3328,2.2332873344421387
*C(=S)C(F)(F)CC(*)(F)F,ei,7.4545,6.937192916870117
*C(=S)C(F)(F)CC(*)(F)F,eps,3.78,3.9375693798065186
*C(=S)C(F)(F)CC(*)(F)F,nc,1.7605,1.7632933855056763
*C(=S)C(F)(F)NC(*)(F)F,ei,7.8892,7.775509357452393
*C(=S)C(F)(F)NC(*)(F)F,eps,4.49,4.22994327545166
*C(=S)C(F)(F)NC(*)(F)F,nc,1.7879,1.7676163911819458
*C(=S)C(F)(F)c1ccc(C(*)(F)F)cc1,eea,4.0037,3.503164052963257
*C(=S)C(F)(F)c1ccc(C(*)(F)F)cc1,eps,3.7,3.845059633255005
*C(=S)C(F)(F)c1ccc(C(*)(F)F)cc1,nc,1.8005,1.7798722982406616
*C(=S)C(F)(F)c1ccc(C(*)(F)F)s1,eea,4.1531,3.8138267993927
*C(=S)C(F)(F)c1ccc(C(*)(F)F)s1,eps,3.9,4.142438888549805
*C(=S)CC(F)(F)C(*)(F)F,eea,3.5657,4.123466968536377
*C(=S)CC(F)(F)C(*)(F)F,egb,2.143,2.76243257522583
*C(=S)NC(F)(F)C(*)(F)F,ei,6.3593,7.107645034790039
*C(=S)NC(F)(F)C(*)(F)F,eps,3.81,4.145854473114014
*C(=S)NC(F)(F)C(*)(F)F,nc,1.765,1.8225123882293701
*C(=S)OC(=S)c1ccc(*)cc1,eea,3.7508,3.2394001483917236
*C(=S)OC(=S)c1ccc(*)cc1,egb,2.364,1.9335464239120483
*C(=S)OC(=S)c1ccc(*)s1,eps,6.22,6.240572452545166
*C(=S)OC(=S)c1ccc(*)s1,nc,2.2971,2.2412211894989014
*C(=S)Oc1ccc(-c2ccc(*)cc2)s1,egb,2.3094,2.3198821544647217
*C(=S)Oc1ccc(-c2ccc(*)cc2)s1,ei,5.9399,5.871670722961426
*C(=S)Oc1ccc(-c2ccc(*)cc2)s1,eps,5.67,5.360958576202393
*C(=S)Oc1ccc(-c2ccc(*)cc2)s1,nc,2.1962,2.2034947872161865
*C(=S)Oc1ccc(-c2ccc(*)s2)s1,egb,1.9834,1.955185055732727
*C(=S)Oc1ccc(-c2ccc(*)s2)s1,nc,2.2317,2.270019054412842
*C(=S)c1ccc(-c2ccc(-c3ccc(*)cc3)cc2)cc1,eea,3.0264,3.054229974746704
*C(=S)c1ccc(-c2ccc(-c3ccc(*)cc3)cc2)cc1,egb,1.6353,2.1283469200134277
*C(=S)c1ccc(-c2ccc(-c3ccc(*)cc3)cc2)cc1,eps,4.57,4.594466209411621
*C(=S)c1ccc(-c2ccc(-c3ccc(*)cc3)cc2)s1,eps,6.66,7.785289287567139
*C(=S)c1ccc(-c2ccc(-c3ccc(*)cc3)s2)cc1,eea,3.3503,2.9920654296875
*C(=S)c1ccc(-c2ccc(-c3ccc(*)cc3)s2)cc1,egb,1.8996,1.3826013803482056
*C(=S)c1ccc(C(=S)c2ccc(*)cc2)cc1,eea,2.9311,2.909396171569824
*C(=S)c1ccc(C(=S)c2ccc(*)cc2)cc1,egb,1.8035,1.793074131011963
*C(=S)c1ccc(C(=S)c2ccc(*)cc2)cc1,ei,5.6051,5.364251613616943
*C(=S)c1ccc(C(=S)c2ccc(*)cc2)cc1,nc,1.8941,2.2906222343444824
*C(=S)c1ccc(C(=S)c2ccc(*)cc2)s1,egb,1.1979,1.631173014640808
*C(=S)c1ccc(C(=S)c2ccc(*)cc2)s1,eps,6.78,6.7334513664245605
*C(=S)c1ccc(C(=S)c2ccc(*)cc2)s1,nc,2.4956,2.3288354873657227
*C(=S)c1ccc(C(F)(F)C(*)(F)F)cc1,egb,2.3476,2.5366899967193604
*C(=S)c1ccc(C(F)(F)C(*)(F)F)cc1,ei,6.6143,6.5805535316467285
*C(=S)c1ccc(C(F)(F)C(*)(F)F)cc1,nc,1.9682,1.9036046266555786
*C(=S)c1ccc(C(F)(F)C(*)(F)F)s1,eea,4.1828,3.5646674633026123
*C(=S)c1ccc(C(F)(F)C(*)(F)F)s1,egb,2.1029,2.21842622756958
*C(=S)c1ccc(C(F)(F)C(*)(F)F)s1,eps,4.44,4.6363959312438965
*C(=S)c1ccc(C(F)(F)C(*)(F)F)s1,nc,1.985,1.977397084236145
*C(Br)=C(c1ccccc1)c1ccc(*)cc1,egc,3.469,3.3704068660736084
*C(C#N)=C(C#N)n1c(=O)c2cc3c(=O)n(*)c(=O)c3cc2c1=O,egc,3.4736,2.938469409942627
*C(C#N)=C(c1ccccc1)c1ccc(*)cc1,egb,2.5883,1.932177186012268
*C(C#N)C(*)(C#N)C#N,egb,5.8992,5.8935866355896
*C(C(*)(C(=C([2H])[2H])[2H])[2H])([2H])[2H],tg,1.0,-21.277429580688477
*C(C(*)(C(=O)OC([2H])([2H])[2H])C([2H])([2H])[2H])([2H])[2H],tg,115.0,106.94210815429688
*C(C(*)(Cl)[2H])([2H])[2H],tg,85.0,25.750144958496094
*C(C(*)(F)F)(C(C(C(C(C(F)(F)F)(F)F)(F)F)(F)F)(F)F)F,tg,232.5,71.4085464477539
*C(C(*)(F)F)(OC(C(C(C(F)(F)F)(F)F)(F)F)(F)F)F,tg,-10.0,95.40401458740234
*C(C(*)(F)F)(c1c(c(c(c(c1F)F)F)F)F)F,tg,194.0,130.67555236816406
*C(C(*)(F)F)OC(F)(F)F,tg,-10.0,90.53763580322266
*C(C(*)(c1c(c(c(c(c1[2H])[2H])[2H])[2H])[2H])[2H])([2H])[2H],tg,86.29,105.12960052490234
*C(C(*)C(=O)OC(C)(C)C)C(=O)OC,tg,84.0,112.01738739013672
*C(C(*)C(=O)OC12CC3CC(CC(C1)C3)C2)C,tg,236.5,161.73255920410156
*C(C(=O)C*)c1ccc(cc1)C(C)(C)C,tg,158.0,87.00534057617188
*C(C(C(C*)C#N)CCC(O)(C)C=C)(C)C,tg,50.0,136.07044982910156
*C(C(C(C*)OC(=O)C)CCC(O)(C)C=C)(C)C,tg,85.0,37.849281311035156
*C(C(C(C*)OCC(C)C)(C(=O)OC)C)(C(=O)OC)C,tg,125.5,87.40990447998047
*C(C(C(C*)OCC)C(=O)OC)C(=O)OC,tg,50.0,82.39435577392578
*C(C(C(C*)OCCCC)C(=O)OC)C(=O)OC,tg,32.5,21.059852600097656
*C(C(C(C*)c1ncccc1)c1ccccc1)c1ncccc1,tg,150.0,150.01644897460938
*C(C(C*)C)(C)C,tg,37.0,25.866609573364258
*C(C(CC*)(C)C)(C)C,tg,87.0,40.9520378112793
*C(C(CC*)(F)F)(F)F,tg,-108.0,-44.730960845947266
*C(C(CC*)C)(C(=O)OC)C,tg,41.29,55.550052642822266
*C(C(CC*)C)C,tg,-32.0,-46.501155853271484
*C(C(CC*)[2H])([2H])C,tg,-47.5,-37.605716705322266
*C(C(CC*)c1ccccc1)c1ccccc1,tg,101.65,50.04048538208008
*C(C(CCCC*)c1ccc(cc1)O)c1c(cc(cc1)O)C,tg,25.0,36.628475189208984
*C(C(CCCCCC*)Cl)Cl,tg,-18.0,-39.0111198425293
*C(C(CCCCCCC*)c1ccc(cc1)O)c1c(cc(cc1)O)C,tg,4.0,3.2195537090301514
*C(C(CCCCCCCCC*)c1ccc(cc1)O)c1c(cc(cc1)O)C,tg,-1.0,-7.35260009765625
*C(C(CCCCCCCCCC*)Cl)Cl,tg,-32.0,-14.704487800598145
*C(C(CCCCCCCCCC*)c1ccc(cc1)O)c1c(cc(cc1)O)C,tg,-4.0,-1.3022104501724243
*C(C)=C(*)C#N,egc,3.2656,3.5707273483276367
*C(C)=C(*)CCC,egc,5.0895,4.960568428039551
*C(C)C(*)C(=O)OC,egc,6.2685,6.333662509918213
*C(C)C(*)O,egb,7.9156,7.5065765380859375
*C(C)C(*)O,egc,6.0639,6.37984561920166
*C(C)C(*)OC,egc,5.326,5.860252380371094
*C(C*)(C(=O)C)F,tg,142.0,137.18707275390625
*C(C*)(C(=O)NC(=O)OC(COc1ccc(cc1)S(=O)(=O)c1ccc(cc1)OCC(O)C)C)C,tg,73.0,111.86409759521484
*C(C*)(C(=O)NC(=O)OCCOc1ccc(cc1)S(=O)(=O)c1ccc(cc1)OCCO)C,tg,131.0,110.16399383544922
*C(C*)(C(=O)NC(=O)Oc1ccc(cc1)S(=O)(=O)c1ccc(cc1)O)C,tg,182.0,124.74964904785156
*C(C*)(C(=O)NC(c1ccccc1)C)C,tg,156.5,124.72512817382812
*C(C*)(C(=O)NC1C(OC(C(C1O)O)CO)O)C,tg,100.0,240.55796813964844
*C(C*)(C(=O)Nc1cc(ccc1)c1oc(nn1)c1ccccc1)C,tg,65.0,200.2238006591797
*C(C*)(C(=O)O)C,tg,182.64,162.22341918945312
*C(C*)(C(=O)OC(C(C(C(C(C(C(C(F)(F)F)(F)F)(F)F)(F)F)(F)F)(F)F)(F)F)(F)F)C,tg,49.0,16.51624870300293
*C(C*)(C(=O)OC(C(C)(C)C)C)C,tg,108.0,81.80784606933594
*C(C*)(C(=O)OC(C(F)(F)F)C(F)(F)F)C,tg,73.0,69.28225708007812
*C(C*)(C(=O)OC(C)C)C,tg,72.71,78.96633911132812
*C(C*)(C(=O)OC(C)C)C#N,tg,66.0,98.46025085449219
*C(C*)(C(=O)OC(COc1c2c(ccc1)cccc2)COc1c2c(ccc1)cccc2)C,tg,80.0,80.1249771118164
*C(C*)(C(=O)OC(COc1c2ccccc2c2ccccc2c1)COc1c2ccccc2c2ccccc2c1)C,tg,112.0,92.78047180175781
*C(C*)(C(=O)OC(COc1ccc(cc1)c1ccccc1)COc1ccc(cc1)c1ccccc1)C,tg,85.0,100.33473205566406
*C(C*)(C(=O)OC)C,tg,103.23,108.51119232177734
*C(C*)(C(=O)OC)C#N,tg,130.0,125.9154052734375
*C(C*)(C(=O)OC)Cl,tg,125.0,127.14076232910156
*C(C*)(C(=O)OC)F,tg,142.0,114.80488586425781
*C(C*)(C(=O)OC)c1ccccc1,tg,121.0,91.1100845336914
*C(C*)(C(=O)OC1(C2CC3CC(CC1C3)C2)C)C,tg,165.0,195.0321044921875
*C(C*)(C(=O)OC1(CC(=O)OCC1)C)C,tg,110.0,144.72755432128906
*C(C*)(C(=O)OC12CC3(CC(CC(C1)C3)(C2)C)C)C,tg,193.0,130.40072631835938
*C(C*)(C(=O)OC12CC3(CC(CC(C1)C3)(C2)C)C)CC(=O)OC,tg,144.0,204.0841827392578
*C(C*)(C(=O)OC12CC3CC(CC(C1)C3)C2)C,tg,183.0,230.1236114501953
*C(C*)(C(=O)OC1C(CCC(C1)C)C(C)C)C,tg,147.0,111.4139404296875
*C(C*)(C(=O)OC1C(CCCC1)C)C,tg,85.0,100.62966918945312
*C(C*)(C(=O)OC1CC(CC(C1)C)(C)C)C,tg,125.0,86.06526184082031
*C(C*)(C(=O)OC1CCC(CC1)C)C,tg,109.0,113.14350128173828
*C(C*)(C(=O)OC1CCC1)C,tg,119.0,74.43993377685547
*C(C*)(C(=O)OC1CCCC1)C,tg,75.0,97.94281768798828
*C(C*)(C(=O)OC1CCCCCCCCC1)C,tg,58.0,82.29684448242188
*C(C*)(C(=O)OC1CCCCCCCCCCC1)C,tg,56.0,70.71810150146484
*C(C*)(C(=O)OC1CCOCC1)C,tg,153.5,106.85859680175781
*C(C*)(C(=O)OCC#C)C,tg,58.0,46.95463943481445
*C(C*)(C(=O)OCC#CO[Si](C)(C)C)C,tg,57.0,36.07100296020508
*C(C*)(C(=O)OCC#N)C,tg,91.0,82.11693572998047
*C(C*)(C(=O)OCC(=O)N1CCOCC1)C,tg,128.0,88.14139556884766
*C(C*)(C(=O)OCC(=O)Nc1noc(c1)C)C,tg,128.0,103.06112670898438
*C(C*)(C(=O)OCC(=O)c1ccccc1)C,tg,92.5,70.72050476074219
*C(C*)(C(=O)OCC(C(C(C(C(C(C(C(F)F)(F)F)(F)F)(F)F)(F)F)(F)F)(F)F)(F)F)C,tg,-15.0,54.29072189331055
*C(C*)(C(=O)OCC(C(C(C(F)F)(F)F)(F)F)(F)F)C,tg,36.67,18.62329864501953
*C(C*)(C(=O)OCC(C(C(F)(F)F)(F)F)(F)F)F,tg,75.0,68.1182632446289
*C(C*)(C(=O)OCC(C(F)(F)F)(F)F)C,tg,77.0,79.09784698486328
*C(C*)(C(=O)OCC(C(F)(F)F)(F)F)F,tg,99.0,99.8812026977539
*C(C*)(C(=O)OCC(C(F)F)(F)F)C,tg,80.0,55.327491760253906
*C(C*)(C(=O)OCC(C)(C)C)C,tg,32.67,90.8158187866211
*C(C*)(C(=O)OCC(C)C)C#N,tg,51.0,115.75377655029297
*C(C*)(C(=O)OCC(F)(F)F)C,tg,78.27,88.41248321533203
*C(C*)(C(=O)OCC(F)(F)F)F,tg,117.75,76.92852783203125
*C(C*)(C(=O)OCC(O)C)C,tg,72.67,55.00643539428711
*C(C*)(C(=O)OCC(Oc1ccc(cc1)c1ccc(cc1)c1ccc(cc1)C#N)C)C,tg,140.0,127.11917114257812
*C(C*)(C(=O)OCC)C,tg,64.96,59.18149948120117
*C(C*)(C(=O)OCC)CC,tg,27.0,24.79631805419922
*C(C*)(C(=O)OCC)CF,tg,43.0,54.97914123535156
*C(C*)(C(=O)OCC)Cl,tg,85.31,81.06039428710938
*C(C*)(C(=O)OCC)F,tg,94.0,95.7925033569336
*C(C*)(C(=O)OCC1(COCOC1)C)C,tg,142.0,109.6784439086914
*C(C*)(C(=O)OCC1CCC1)C,tg,114.0,54.22913360595703
*C(C*)(C(=O)OCC1N(CC(C1)NC(=O)OC(C)(C)C)C(=O)OC(C)(C)C)C,tg,127.0,100.15812683105469
*C(C*)(C(=O)OCC1OC(C(C1O)O)n1c(=O)[nH]c(=O)cc1)C,tg,151.0,179.39022827148438
*C(C*)(C(=O)OCC1OC(OC1)CP(=O)(OCC)OCC)C,tg,-38.0,55.026424407958984
*C(C*)(C(=O)OCC1OC(OC1)c1ccccc1)C,tg,130.0,78.2770004272461
*C(C*)(C(=O)OCC1OC1)C,tg,62.81,85.92627716064453
*C(C*)(C(=O)OCC1OCCC1)C,tg,105.0,70.65523529052734
*C(C*)(C(=O)OCC1OCCOCCOCCOC1)C,tg,35.0,42.770660400390625
*C(C*)(C(=O)OCCC#N)C,tg,79.0,57.21101760864258
*C(C*)(C(=O)OCCC(C(C(C(C(C(C(C(F)(F)F)(F)F)(F)F)(F)F)(F)F)(F)F)(F)F)(F)F)Cl,tg,61.0,73.725341796875
*C(C*)(C(=O)OCCC(C(C(C(C(C(C(C(F)(F)F)(F)F)(F)F)(F)F)(F)F)(F)F)(F)F)(F)F)F,tg,87.5,68.78003692626953
*C(C*)(C(=O)OCCC(C(C(C(C(C(F)(F)F)(F)F)(F)F)(F)F)(F)F)(F)F)F,tg,53.0,54.085697174072266
*C(C*)(C(=O)OCCC(C(C(C(F)(F)F)(F)F)(F)F)(F)F)C,tg,23.0,23.808256149291992
*C(C*)(C(=O)OCCC(CC(C)(C)C)C)C,tg,1.0,61.965572357177734
*C(C*)(C(=O)OCCC)Cl,tg,66.0,50.042930603027344
*C(C*)(C(=O)OCCC)F,tg,62.0,89.2139892578125
*C(C*)(C(=O)OCCC1CCCCC1)C,tg,76.33,78.8894271850586
*C(C*)(C(=O)OCCC1CCN(CC1)CCCCCCOc1ccc(cc1)N=Nc1ccc(cc1)[N+](=O)[O-])C,tg,27.0,36.27365493774414
*C(C*)(C(=O)OCCCC)Cl,tg,42.0,50.07062530517578
*C(C*)(C(=O)OCCCCC(C(C(C(C(C(F)(F)F)(F)F)(F)F)(F)F)(F)F)(F)F)C,tg,23.0,29.497779846191406
*C(C*)(C(=O)OCCCCCC(=O)Oc1ccc(cc1)OC(=O)c1ccc(cc1)OC)C,tg,40.0,45.932308197021484
*C(C*)(C(=O)OCCCCCC(=O)Oc1ccc(cc1)OC(=O)c1ccc(cc1)OCCCC)C,tg,40.0,33.17549514770508
*C(C*)(C(=O)OCCCCCC)C,tg,-7.25,-19.7440185546875
*C(C*)(C(=O)OCCCCCCC(C(C(C(C(C(C(C(C(C(C(C(F)(F)F)(F)F)(F)F)(F)F)(F)F)(F)F)(F)F)(F)F)(F)F)(F)F)(F)F)(F)F)C,tg,84.0,79.76055145263672
*C(C*)(C(=O)OCCCCCCC)C#N,tg,102.0,8.132649421691895
*C(C*)(C(=O)OCCCCCCCC)C,tg,-10.0,-36.31787109375
*C(C*)(C(=O)OCCCCCCCC/C=C\CCCCCCCC)C,tg,-40.0,18.128087997436523
*C(C*)(C(=O)OCCCCCCCCCCCC)C,tg,-44.99,-34.34640884399414
*C(C*)(C(=O)OCCCCCCCCCCCCCC)C,tg,-72.0,-23.726354598999023
*C(C*)(C(=O)OCCCCCCCCCCCCCCC(=O)NC1OC(C(C(C1O)O)OC1OC(C(C(C1O)O)O)CO)CO)C,tg,133.1,56.40047073364258
*C(C*)(C(=O)OCCCCCCCCCCCCCCCC[n+]1ccc(cc1)N(C)C)C,tg,60.0,8.002120971679688
*C(C*)(C(=O)OCCCCCCCCCCCCOc1cc2c(cc1)cc(cc2)C(=O)Oc1ccccc1)C,tg,12.0,22.198333740234375
*C(C*)(C(=O)OCCCCCCCCCCCCOc1ccc(cc1)C(=O)Oc1ccc(cc1)c1cc(ccc1)OC(=O)c1ccc(cc1)OC(=O)c1ccc(cc1)OCCCCCCCCCCCC)C,tg,74.5,69.62889099121094
*C(C*)(C(=O)OCCCCCCCCCCCOc1cc2c(cc1)cc(cc2)C(=O)Oc1ccccc1)C,tg,10.0,20.14042091369629
*C(C*)(C(=O)OCCCCCCCCCCCOc1ccc(cc1)C(=O)Oc1ccc(cc1)C#N)C,tg,10.0,34.7796516418457
*C(C*)(C(=O)OCCCCCCCCCCCOc1ccc(cc1)C=Nc1ccc(cc1)C#N)C,tg,23.0,25.258028030395508
*C(C*)(C(=O)OCCCCCCCCCCCn1c2ccccc2c2ccccc12)C,tg,6.0,21.890228271484375
*C(C*)(C(=O)OCCCCCCCCCCOc1ccc(cc1)C#Cc1c(cc(c(c1)C)C=Cc1ccncc1)C)C,tg,51.0,51.7308464050293
*C(C*)(C(=O)OCCCCCCCCCCOc1ccc(cc1)C#Cc1c(cc(c(c1)OC)C=Cc1ccncc1)OC)C,tg,62.0,81.29400634765625
*C(C*)(C(=O)OCCCCCCCCCCOc1ccc(cc1)C(=O)Oc1ccc(cc1)C(=O)C=Cc1c(c2c(n1C)cccc2)C)C,tg,72.0,62.94961166381836
*C(C*)(C(=O)OCCCCCCCCCCOc1ccc(cc1)C(=O)Oc1ccc(cc1)C(=O)C=Cc1c(c2c(n1CCCC)cccc2)C)C,tg,57.0,63.49979019165039
*C(C*)(C(=O)OCCCCCCCCCCOc1ccc(cc1)N=Nc1ccc(cc1)C#N)C,tg,51.0,38.150230407714844
*C(C*)(C(=O)OCCCCCCCCCCOc1ccc(cc1)N=Nc1ccc(cc1)Cl)C,tg,54.0,36.271419525146484
*C(C*)(C(=O)OCCCCCCCCCCOc1ccc(cc1)N=Nc1ccc(cc1)OC)C,tg,62.0,50.927425384521484
*C(C*)(C(=O)OCCCCCCCCCCOc1ccc(cc1)N=Nc1ccc(cc1)[N+](=O)[O-])C,tg,55.0,39.20009231567383
*C(C*)(C(=O)OCCCCCCCCCCOc1ccc(cc1)OC(=O)c1ccc(cc1)OC)C,tg,21.0,35.21037673950195
*C(C*)(C(=O)OCCCCCCCCCCOc1ccc(cc1)OC(=O)c1ccc(cc1)OCCCCCC)C,tg,41.0,16.60285758972168
*C(C*)(C(=O)OCCCCCCCCCCOc1ccc(cc1)OC(=O)c1ccc(cc1)OCCCCCCCC)C,tg,12.0,34.211029052734375
*C(C*)(C(=O)OCCCCCCCCCCOc1ccc(cc1)OC(=O)c1ccc(cc1)c1ccc(cc1)OC)C,tg,57.0,40.69151306152344
*C(C*)(C(=O)OCCCCCCCCCCn1c2ccc(cc2c2ccccc12)C=C(C(=O)OC)C#N)C,tg,58.0,45.32878494262695
*C(C*)(C(=O)OCCCCCCCCCCn1c2ccc(cc2c2ccccc12)C=C(c1ccc(cc1)[N+](=O)[O-])C#N)C,tg,40.0,69.41577911376953
*C(C*)(C(=O)OCCCCCCCCCCn1c2ccc(cc2c2ccccc12)N=Nc1ccc(cc1)[N+](=O)[O-])C,tg,36.0,89.60951232910156
*C(C*)(C(=O)OCCCCCCCCCOc1cc2c(cc1)cc(cc2)C(=O)Oc1ccccc1)C,tg,18.0,26.120370864868164
*C(C*)(C(=O)OCCCCCCCCOc1cc2c(cc1)cc(cc2)C(=O)Oc1ccccc1)C,tg,34.0,35.681148529052734
*C(C*)(C(=O)OCCCCCCCCOc1ccc(cc1)C(=O)Oc1ccc(cc1)C(=O)C=Cc1c(c2c(n1C)cccc2)C)C,tg,75.0,83.93400573730469
*C(C*)(C(=O)OCCCCCCCCOc1ccc(cc1)N=Nc1ccc(cc1)C1OCC2(CO1)CC1C=CC2C1)C,tg,106.2,119.941162109375
*C(C*)(C(=O)OCCCCCCN(c1ccc(cc1)N(C)C)C)C,tg,8.5,31.398536682128906
*C(C*)(C(=O)OCCCCCCOc1c(cc(cc1)C=CC1=C(C(=C(C#N)C#N)OC1(C)C)C#N)OCCCCCC)C,tg,80.0,101.28936767578125
*C(C*)(C(=O)OCCCCCCOc1cc(ccc1)C(=O)Oc1ccc(cc1)C#N)C,tg,38.0,11.399958610534668
*C(C*)(C(=O)OCCCCCCOc1cc2c(cc1)cc(cc2)C(=O)Oc1ccccc1)C,tg,39.0,57.06046676635742
*C(C*)(C(=O)OCCCCCCOc1ccc(cc1)C(=O)Oc1c2c(c(cc1)N=Nc1ccc(cc1)F)cccc2)C,tg,42.0,86.59445190429688
*C(C*)(C(=O)OCCCCCCOc1ccc(cc1)C(=O)Oc1c2c(c(cc1)N=Nc1ccccc1)cccc2)C,tg,46.0,74.09052276611328
*C(C*)(C(=O)OCCCCCCOc1ccc(cc1)C(=O)Oc1ccc(cc1)OCCCC)C,tg,55.17,38.636592864990234
*C(C*)(C(=O)OCCCCCCOc1ccc(cc1)C(=O)Oc1ccc(cc1)OCCCC)Cl,tg,75.75,55.83317184448242
*C(C*)(C(=O)OCCCCCCOc1ccc(cc1)C(=O)Oc1ccc(cc1)c1cc(ccc1)OC(=O)c1ccc(cc1)OC(=O)c1ccc(cc1)OCCCCCCCCCCCC)C,tg,73.0,70.32544708251953
*C(C*)(C(=O)OCCCCCCOc1ccc(cc1)C(=O)Oc1ccc2c(c1)oc(=O)cc2)C,tg,102.0,76.58097076416016
*C(C*)(C(=O)OCCCCCCOc1ccc(cc1)N=Nc1ccc(cc1)OC)C,tg,82.0,84.93230438232422
*C(C*)(C(=O)OCCCCCCOc1ccc(cc1)N=Nc1ccc(cc1)OCCCC)C,tg,79.0,67.69112396240234
*C(C*)(C(=O)OCCCCCCOc1ccc(cc1)N=Nc1ccc(cc1)[N+](=O)[O-])C,tg,108.0,68.77455139160156
*C(C*)(C(=O)OCCCCCCOc1ccc(cc1)N=Nc1ccncc1)C,tg,40.0,70.89096069335938
*C(C*)(C(=O)OCCCCCCOc1ccc(cc1)OC(=O)c1ccc(cc1)OC)C,tg,38.0,44.01076889038086
*C(C*)(C(=O)OCCCCCCOc1ccc(cc1)OC(=O)c1ccc(cc1)OCCCC)C,tg,36.0,44.392635345458984
*C(C*)(C(=O)OCCCCCCOc1ccc(cc1)OC(=O)c1ccc(cc1)OCCCCCC)C,tg,16.0,38.23551940917969
*C(C*)(C(=O)OCCCCCCOc1ccc(cc1)OC(=O)c1ccc(cc1)c1ccc(cc1)OC)C,tg,57.0,79.52348327636719
*C(C*)(C(=O)OCCCCCCOc1ccc(cc1)c1ccc(cc1)C#N)C,tg,58.6,39.994422912597656
*C(C*)(C(=O)OCCCCCCc1ccc(cc1)C(=Cc1ccc(cc1)OC)C)C,tg,31.0,72.72481536865234
*C(C*)(C(=O)OCCCCCCc1ccc(cc1)N=Nc1ccc(cc1)OC(F)(F)F)C,tg,194.5,172.43576049804688
*C(C*)(C(=O)OCCCCCCn1c2ccccc2c2ccccc12)C,tg,73.0,68.802490234375
*C(C*)(C(=O)OCCCCCc1ccc(cc1)N=Nc1ccc(cc1)OC(F)(F)F)C,tg,202.5,185.9095458984375
*C(C*)(C(=O)OCCCCCn1c2ccccc2c2ccccc12)C,tg,91.0,101.58618927001953
*C(C*)(C(=O)OCCCCOc1cc2c(cc1)cc(cc2)C(=O)Oc1ccccc1)C,tg,88.0,48.78776168823242
*C(C*)(C(=O)OCCCCOc1ccc(cc1)N=Nc1ccc(cc1)C#N)C,tg,80.0,101.06523895263672
*C(C*)(C(=O)OCCCCOc1ccc(cc1)OC(=O)c1cc(c(cc1)OC)Br)C,tg,69.0,59.543785095214844
*C(C*)(C(=O)OCCCCOc1ccc(cc1)OC(=O)c1ccc(cc1)OCCCC)C,tg,51.0,50.60529708862305
*C(C*)(C(=O)OCCCCOc1ccc(cc1)OC(=O)c1ccc(cc1)OCCCCCC)C,tg,34.0,43.67972183227539
*C(C*)(C(=O)OCCCCc1ccc(cc1)N=Nc1ccc(cc1)OC(F)(F)F)C,tg,203.5,194.49969482421875
*C(C*)(C(=O)OCCCCc1ccccc1)C,tg,9.0,18.292022705078125
*C(C*)(C(=O)OCCCl)C,tg,62.0,66.52886199951172
*C(C*)(C(=O)OCCCn1c2ccccc2c2ccccc12)C,tg,113.0,110.20880889892578
*C(C*)(C(=O)OCCN(C)C)C,tg,24.75,0.043853759765625
*C(C*)(C(=O)OCCN(CC)c1ccccc1)C,tg,36.5,71.75702667236328
*C(C*)(C(=O)OCCN(c1ccc(cc1)N=Nc1c2c(c(cc1)[N+](=O)[O-])cccc2)CC)C,tg,116.0,124.92640686035156
*C(C*)(C(=O)OCCN(c1ccc(cc1)N=Nc1ccc(cc1)C#N)CC)C,tg,116.25,119.76146697998047
*C(C*)(C(=O)OCCN(c1ccc(cc1)N=Nc1ccc(cc1)S(=O)(=O)C)CC)C,tg,144.0,139.70091247558594
*C(C*)(C(=O)OCCN(c1ccc(cc1)N=Nc1ccc(cc1)[N+](=O)[O-])C)C,tg,110.0,137.8377227783203
*C(C*)(C(=O)OCCN(c1ccc(cc1)N=Nc1ccc(cc1)[N+](=O)[O-])CC)C,tg,125.25,122.35453033447266
*C(C*)(C(=O)OCCN(c1ccc(cc1)N=Nc1sc2c(n1)ccc(c2)[N+](=O)[O-])CC)C,tg,140.0,147.11538696289062
*C(C*)(C(=O)OCCN(c1ccc(cc1)[N+](=O)[O-])CC)C,tg,98.0,85.79054260253906
*C(C*)(C(=O)OCCNC(C)(C)C)C,tg,41.0,58.35071563720703
*C(C*)(C(=O)OCCO)C,tg,83.78,74.27623748779297
*C(C*)(C(=O)OCCOC)C,tg,22.75,36.46835708618164
*C(C*)(C(=O)OCCOCCO)C,tg,18.12,22.28911781311035
*C(C*)(C(=O)OCCOCCOCCOCCOCCOCCOCCOCCOC)C,tg,-58.0,-58.0251579284668
*C(C*)(C(=O)OCCOCCOCCOc1ccc(cc1)N=Nc1ccc(cc1)C#N)C,tg,37.0,26.65266227722168
*C(C*)(C(=O)OCCOCCOc1ccc(cc1)N=Nc1ccc(cc1)C#N)C,tg,57.0,65.9106216430664
*C(C*)(C(=O)OCCO[Si](C)(C)C)C,tg,89.0,20.92570686340332
*C(C*)(C(=O)OCCOc1ccc(cc1)C(=O)Oc1ccc(cc1)OCCCC)C,tg,137.0,69.01927947998047
*C(C*)(C(=O)OCCOc1ccc(cc1)N=Nc1ccc(cc1)[N+](=O)[O-])C,tg,112.0,139.55703735351562
*C(C*)(C(=O)OCCOc1ccc(cc1)c1ccc(cc1)c1ccc(cc1)C#N)C,tg,115.0,143.3229217529297
*C(C*)(C(=O)OCCS(=O)CC)C,tg,25.0,25.994966506958008
*C(C*)(C(=O)OCCc1ccc(cc1)N=Nc1ccc(cc1)OC(F)(F)F)C,tg,209.5,194.134521484375
*C(C*)(C(=O)OCCc1ccc(cc1)N=Nc1ccccc1)C,tg,80.0,150.4829559326172
*C(C*)(C(=O)OCCc1ccccc1)C,tg,49.0,48.18463134765625
*C(C*)(C(=O)OCCn1c2ccc(cc2c2ccccc12)N=Nc1ccc(cc1)[N+](=O)[O-])C,tg,164.0,126.905517578125
*C(C*)(C(=O)OCCn1c2ccccc2c2ccccc12)C,tg,145.33,117.10011291503906
*C(C*)(C(=O)OCSC)C,tg,60.0,55.860713958740234
*C(C*)(C(=O)OCc1[se]ccc1)C,tg,54.43,98.91117858886719
*C(C*)(C(=O)OCc1c(c(ccc1)Cl)Cl)C,tg,42.6,38.48837661743164
*C(C*)(C(=O)OCc1c(cc(cc1)Cl)Cl)C,tg,19.4,75.57935333251953
*C(C*)(C(=O)OCc1c(cc(cc1)F)F)C,tg,46.0,50.86021423339844
*C(C*)(C(=O)OCc1cc(c(cc1)Cl)Cl)C,tg,34.45,52.54646682739258
*C(C*)(C(=O)OCc1cc(c(cc1)OCCOCC)OCCOCC)C,tg,-2.0,5.842020511627197
*C(C*)(C(=O)OCc1cc(ccc1)Cl)C,tg,18.25,23.718360900878906
*C(C*)(C(=O)OCc1ccc(cc1)C=CC(=O)C1c2c(C(=O)c3c1cccc3)cccc2)C,tg,163.0,144.24868774414062
*C(C*)(C(=O)OCc1ccc(cc1)C=CC(=O)Oc1cc2c(cc1)oc(=O)cc2)C,tg,140.0,119.93115997314453
*C(C*)(C(=O)OCc1ccc(cc1)C=CC(=O)Oc1ccc(cc1)OC)C,tg,89.0,103.18177032470703
*C(C*)(C(=O)OCc1ccc2n(c3c(c2c1)cccc3)CC)C,tg,131.14,143.28184509277344
*C(C*)(C(=O)OCc1ccc2n(c3c(c2c1)cccc3)CCCCCC)C,tg,73.0,82.64478302001953
*C(C*)(C(=O)OCc1ccc2n(c3c(c2c1)cccc3)CCCCCCCCCCCC)C,tg,25.0,46.45529556274414
*C(C*)(C(=O)O[Si](C)(C)C)C,tg,97.5,70.36721801757812
*C(C*)(C(=O)Oc1c(c(ccc1)C)C)C,tg,120.0,123.26725769042969
*C(C*)(C(=O)Oc1c(cc(cc1)C)C)C,tg,109.0,108.38680267333984
*C(C*)(C(=O)Oc1c(cccc1C(C)C)C(C)C)C,tg,198.0,117.12211608886719
*C(C*)(C(=O)Oc1c(cccc1C)C)C,tg,169.0,130.97833251953125
*C(C*)(C(=O)Oc1cc(c(cc1)[N+](=O)[O-])C)C,tg,101.0,97.91925048828125
*C(C*)(C(=O)Oc1cc(cc(c1)C)C)C,tg,106.0,87.23716735839844
*C(C*)(C(=O)Oc1cc2c(CCC2)cc1)C,tg,104.25,111.46759796142578
*C(C*)(C(=O)Oc1ccc(cc1)C(=O)C=Cc1cc(c(cc1)OC)OC)C,tg,137.0,118.64545440673828
*C(C*)(C(=O)Oc1ccc(cc1)C(=O)C=Cc1ccc(cc1)OCc1ccccc1)C,tg,152.0,98.17359161376953
*C(C*)(C(=O)Oc1ccc(cc1)C(=O)OC)C,tg,106.0,109.56623077392578
*C(C*)(C(=O)Oc1ccc(cc1)C(=O)Oc1ccc(cc1)C(=O)c1ccccc1)C,tg,72.0,117.26943969726562
*C(C*)(C(=O)Oc1ccc(cc1)C(=O)Oc1ccc(cc1)Oc1ccccc1)C,tg,74.0,79.10542297363281
*C(C*)(C(=O)Oc1ccc(cc1)C(=O)Oc1ccc(cc1)c1ccccc1)C,tg,100.0,94.09752655029297
*C(C*)(C(=O)Oc1ccc(cc1)C(=O)Oc1ccccc1)C,tg,99.0,104.5787124633789
*C(C*)(C(=O)Oc1ccc(cc1)C(=O)c1ccccc1)C,tg,118.0,98.34310150146484
*C(C*)(C(=O)Oc1ccc(cc1)C(C)(C)C)C,tg,88.57,110.66230010986328
*C(C*)(C(=O)Oc1ccc(cc1)C=Cc1ccccc1)C,tg,143.0,144.9719696044922
*C(C*)(C(=O)Oc1ccc(cc1)CC#N)C,tg,128.0,90.3927230834961
*C(C*)(C(=O)Oc1ccc(cc1)N=Nc1ccc(cc1)OC)C,tg,120.0,157.83995056152344
*C(C*)(C(=O)Oc1ccc(cc1)N=Nc1ccc(cc1)[N+](=O)[O-])C,tg,145.0,143.38961791992188
*C(C*)(C(F)(F)F)F,tg,46.0,103.63809967041016
*C(C*)(C)C,tg,-65.41,41.716407775878906
*C(C*)(C1=NC(C(=O)O1)(C)C)C,tg,165.0,79.08512115478516
*C(C*)(CC(=O)O)C(=O)O,tg,141.0,175.24896240234375
*C(C*)(CC(=O)OC(C)C)C(=O)OC12CC3CC(CC(C1)C3)C2,tg,180.0,197.63168334960938
*C(C*)(CC(=O)OC)C(=O)O,tg,159.0,142.1974334716797
*C(C*)(CC(=O)OC)C(=O)OC12CC3CC(CC(C1)C3)C2,tg,197.0,170.50978088378906
*C(C*)(CC(=O)OC1CCC1)C(=O)OC1CCC1,tg,60.0,165.03330993652344
*C(C*)(CC(=O)OC1CCCCC1)C(=O)OC1CCCCC1,tg,142.0,50.52002716064453
*C(C*)(CC(=O)OCC)C(=O)O,tg,135.0,107.85269165039062
*C(C*)(CC(=O)OCC1CCCCC1)C(=O)OCC1CCCCC1,tg,83.0,38.18472671508789
*C(C*)(CC(=O)OCCC1CCCCC1)C(=O)OCCC1CCCCC1,tg,48.0,69.24087524414062
*C(C*)(CC(=O)OCCCCCCCCC)C(=O)OCCCCCCCCC,tg,-13.0,-27.753469467163086
*C(C*)(CC(=O)OCCCCl)C(=O)OCCCCl,tg,47.0,35.716556549072266
*C(C*)(CC(=O)OCCCl)C(=O)OCCCl,tg,43.0,86.12481689453125
*C(C*)(CC(=O)OCCOC)C(=O)OCCOC,tg,29.0,-0.4022572934627533
*C(C*)(CC(=O)OCCOCCOC)C(=O)OCCOCCOC,tg,-59.4,-35.7711296081543
*C(C*)(CC(=O)OCCOCCOCCOCCOCCOCCOCCOC)C(=O)OCCOCCOCCOCCOCCOCCOCCOC,tg,-71.0,-50.904693603515625
*C(C*)(CC(=O)OCCc1ccccc1)C(=O)OCCc1ccccc1,tg,35.0,30.666837692260742
*C(C*)(CC(=O)OCc1ccccc1)C(=O)OCc1ccccc1,tg,55.0,61.03200149536133
*C(C*)(CC(=O)Oc1ccc(cc1)OC)C(=O)Oc1ccc(cc1)OC,tg,119.5,111.68665313720703
*C(C*)(CC(=O)Oc1ccc(cc1)OCC)C(=O)Oc1ccc(cc1)OCC,tg,110.5,119.07936096191406
*C(C*)(CC(=O)Oc1ccc(cc1)OCCC)C(=O)Oc1ccc(cc1)OCCC,tg,94.5,93.40087127685547
*C(C*)(CC(=O)Oc1ccc(cc1)OCCCCC)C(=O)Oc1ccc(cc1)OCCCCC,tg,73.5,56.246036529541016
*C(C*)(CC(=O)Oc1ccc(cc1)OCCCCCCC)C(=O)Oc1ccc(cc1)OCCCCCCC,tg,111.0,46.07094955444336
*C(C*)(CC(=O)Oc1ccccc1)C(=O)Oc1ccccc1,tg,132.0,154.95062255859375
*C(C*)(CCC(C(=O)OC)C)C(=O)OC,tg,34.0,80.98576354980469
*C(C*)(CCC)C,tg,27.0,34.1287727355957
*C(C*)(CCCCCCCC)C(=O)OC,tg,20.0,14.937103271484375
*C(C*)(Cl)Cl,tg,-11.96,84.0765380859375
*C(C*)(F)F,tg,-28.45,11.097485542297363
*C(C*)(OC)C,tg,67.0,29.103628158569336
*C(C*)(c1cc2c(cc1)cccc2)C,tg,208.0,177.20440673828125
*C(C*)(c1ccc(cc1)C#N)C,tg,238.75,154.91180419921875
*C(C*)(c1ccc(cc1)C(C)C)C,tg,134.91,118.54254150390625
*C(C*)(c1nc(nc(n1)N(CCOCCOCCOC)CCOCCOCCOC)N(CCOCCOCCOC)c1ccccc1)C,tg,-75.0,17.65959358215332
*C(C*)(c1nc2c(cc1)cccc2)C,tg,181.8,206.11424255371094
*C(C*)C#N,tg,93.96,78.88849639892578
*C(C*)C(=O)C,tg,83.33,36.68795394897461
*C(C*)C(=O)N,tg,178.5,114.69054412841797
*C(C*)C(=O)N(C)C,tg,113.45,115.09296417236328
*C(C*)C(=O)N1CCCCC1,tg,108.0,67.0438003540039
*C(C*)C(=O)NC(C)(C)C,tg,135.0,117.88954162597656
*C(C*)C(=O)NC(C)C,tg,132.69,92.63338470458984
*C(C*)C(=O)NC(CC(=O)C)(C)C,tg,86.0,117.4931640625
*C(C*)C(=O)NCCCCCC(=O)O,tg,68.0,98.4016342163086
*C(C*)C(=O)NCCC[N+](C)(C)C,tg,78.0,83.97560119628906
*C(C*)C(=O)NCCC[N+](CCCS(=O)(=O)O)(C)C,tg,141.5,77.36100006103516
*C(C*)C(=O)NCP(=O)(O)O,tg,26.0,92.88984680175781
*C(C*)C(=O)Nc1cc(ccc1)Cl,tg,70.0,72.05379486083984
*C(C*)C(=O)Nc1ccc(cc1)C(=O)C=Cc1cc(ccc1)Br,tg,55.0,62.77245330810547
*C(C*)C(=O)Nc1ccc(cc1)C(=O)C=Cc1ccc(cc1)Br,tg,64.0,109.18871307373047
*C(C*)C(=O)Nc1ccc(cc1)Cl,tg,76.0,115.24149322509766
*C(C*)C(=O)Nc1ccccc1,tg,160.0,93.93887329101562
*C(C*)C(=O)OC(C(C(C(C(C(C(C(F)(F)F)(F)F)(F)F)(F)F)(F)F)(F)F)(F)F)(F)F,tg,9.0,4.1167449951171875
*C(C*)C(=O)OC(C(Cl)(Cl)Cl)Cl,tg,70.5,50.70473098754883
*C(C*)C(=O)OC(C(F)(F)F)C(F)(F)F,tg,24.06,42.24100875854492
*C(C*)C(=O)OC(C)(C)C,tg,40.66,73.09949493408203
*C(C*)C(=O)OC12CC3(CC(CC(C1)C3)(C2)C)C,tg,103.43,192.71485900878906
*C(C*)C(=O)OC12CC3CC(CC(C1)C3)C2,tg,153.0,196.0976104736328
*C(C*)C(=O)OC1C2(CCC(C1)C2(C)C)C,tg,98.6,182.41148376464844
*C(C*)C(=O)OC1CCCCC1,tg,23.69,62.15082550048828
*C(C*)C(=O)OC1CCCCCCCCCCC1,tg,37.0,-3.193262815475464
*C(C*)C(=O)OCC,tg,-9.27,-2.095036745071411
*C(C*)C(=O)OCC(C(C(C(C(C(C(F)(F)F)(F)F)(F)F)(F)F)(F)F)(F)F)(F)F,tg,-17.0,-20.11431884765625
*C(C*)C(=O)OCC(C(C(C(C(F)(F)F)(F)F)(F)F)(F)F)(F)F,tg,-39.0,-37.2295036315918
*C(C*)C(=O)OCC(C(C(C(F)(F)F)(F)F)(F)F)(F)F,tg,-37.0,-32.50986862182617
*C(C*)C(=O)OCC(C(C(C(F)F)(F)F)(F)F)(F)F,tg,-35.0,-31.26997947692871
*C(C*)C(=O)OCC(C(OC(C(C(F)(F)F)(F)F)(F)F)(F)F)(F)F,tg,-68.0,-26.246917724609375
*C(C*)C(=O)OCC(C(OC(C(F)(F)F)(F)F)(F)F)(F)F,tg,-49.0,-54.20352554321289
*C(C*)C(=O)OCC(C)(C)C,tg,22.0,-10.24272632598877
*C(C*)C(=O)OCC(CC)C,tg,-32.0,-32.03764343261719
*C(C*)C(=O)OCC(CCCC)CC,tg,-62.58,-23.770849227905273
*C(C*)C(=O)OCC(COC(=O)c1ccccc1)(COC(=O)c1ccccc1)COC(=O)c1ccccc1,tg,48.0,42.74422836303711
*C(C*)C(=O)OCC(O)C,tg,-7.0,-11.466313362121582
*C(C*)C(=O)OCCC#N,tg,4.0,-12.656097412109375
*C(C*)C(=O)OCCC(OC)C,tg,-56.0,-28.185882568359375
*C(C*)C(=O)OCCCC,tg,-31.07,-52.87199020385742
*C(C*)C(=O)OCCCCC,tg,-57.0,-47.4317741394043
*C(C*)C(=O)OCCCCCC,tg,-57.0,-57.82638168334961
*C(C*)C(=O)OCCCCCCC,tg,-60.0,-57.786136627197266
*C(C*)C(=O)OCCCCCCCC,tg,-65.0,-56.93232727050781
*C(C*)C(=O)OCCCCCCCCCCCCCCCCCC,tg,-42.5,-56.85142517089844
*C(C*)C(=O)OCCCCCCCCCCCCOC(=O)c1ccc(cc1)OC(=O)c1ccc(cc1)C#N,tg,15.0,11.848358154296875
*C(C*)C(=O)OCCCCCCCCCCCCOc1ccc(cc1)C(=O)Oc1ccc(cc1)c1cc(ccc1)OC(=O)c1ccc(cc1)OC(=O)c1ccc(cc1)OCCCCCCCCCCCC,tg,67.0,59.825931549072266
*C(C*)C(=O)OCCCCCCCCCCCOc1ccc(cc1)C(=O)Oc1ccc(cc1)c1ccc(cc1)OC(CCCCCC)C,tg,50.0,54.11615753173828
*C(C*)C(=O)OCCCCCCCCCCCn1c2ccccc2c2ccccc12,tg,15.0,10.482894897460938
*C(C*)C(=O)OCCCCCCCCCCOc1cnc(nc1)c1ccc(cc1)OC(=O)C1OC(OC1)(C)C,tg,29.0,52.130027770996094
*C(C*)C(=O)OCCCCCCCCCOC(=O)c1ccc(cc1)OC(=O)c1ccc(cc1)C#N,tg,15.0,18.09587860107422
*C(C*)C(=O)OCCCCCCCCOC(=O)c1ccc(cc1)OC(=O)c1ccc(cc1)C#N,tg,15.0,14.067988395690918
*C(C*)C(=O)OCCCCCCCCn1c2ccccc2c2ccccc12,tg,12.0,11.03770923614502
*C(C*)C(=O)OCCCCCCCOC(=O)c1ccc(cc1)OC(=O)c1ccc(cc1)C#N,tg,20.0,20.801259994506836
*C(C*)C(=O)OCCCCCCOC(=O)c1ccc(cc1)OC(=O)c1ccc(cc1)C#N,tg,30.0,32.4329833984375
*C(C*)C(=O)OCCCCCCOc1cc(c(cc1)C=Nc1ccc(cc1)OCCCCC)O,tg,36.0,47.931522369384766
*C(C*)C(=O)OCCCCCCOc1ccc(cc1)C(=O)Oc1ccc(cc1)C#N,tg,19.5,24.44242286682129
*C(C*)C(=O)OCCCCCCOc1ccc(cc1)C(=O)Oc1ccc(cc1)OC,tg,24.75,26.59796905517578
*C(C*)C(=O)OCCCCCCOc1ccc(cc1)N=Nc1ccc(cc1)[N+](=O)[O-],tg,35.8,68.02565002441406
*C(C*)C(=O)OCCCCCCSCC#N,tg,-59.0,-32.52065658569336
*C(C*)C(=O)OCCCCCOC(=O)c1ccc(cc1)OC(=O)c1ccc(cc1)C#N,tg,30.0,23.820261001586914
*C(C*)C(=O)OCCCCCn1c2ccccc2c2ccccc12,tg,53.0,56.53828048706055
*C(C*)C(=O)OCCCCOC(=O)c1ccc(cc1)OC(=O)c1ccc(cc1)C#N,tg,40.0,46.925865173339844
*C(C*)C(=O)OCCCCSC,tg,-70.0,-49.69704055786133
*C(C*)C(=O)OCCCCn1c2ccccc2c2ccccc12,tg,68.0,37.51630783081055
*C(C*)C(=O)OCCCOc1ccc(cc1)C(=O)OCCCC(C(C(C(C(C(C(C(F)(F)F)(F)F)(F)F)(F)F)(F)F)(F)F)(F)F)(F)F,tg,48.0,53.339683532714844
*C(C*)C(=O)OCCCOc1ccc(cc1)c1ccc(cc1)C#N,tg,51.55,76.75845336914062
*C(C*)C(=O)OCCCSC,tg,-65.0,-55.09364700317383
*C(C*)C(=O)OCCN(C)C,tg,-39.0,-46.77176284790039
*C(C*)C(=O)OCCN(c1ccc(cc1)N=Nc1c(cc(cc1)[N+](=O)[O-])Cl)CC,tg,87.0,43.44697952270508
*C(C*)C(=O)OCCO,tg,0.1,-0.5286458134651184
*C(C*)C(=O)OCCOC(=O)c1cc(cc(c1)[N+](=O)[O-])[N+](=O)[O-],tg,60.8,47.96035385131836
*C(C*)C(=O)OCCOC(C(F)F)(F)F,tg,-22.0,-24.650833129882812
*C(C*)C(=O)OCCOCC,tg,-50.0,-69.69767761230469
*C(C*)C(=O)OCCOCC(F)(F)F,tg,-38.0,-48.328243255615234
*C(C*)C(=O)OCCOCC1(COC1)CC,tg,-16.0,27.964937210083008
*C(C*)C(=O)OCCOCCOC(C(F)F)(F)F,tg,-40.0,-35.48092269897461
*C(C*)C(=O)OCCOc1ccc(cc1)C(=O)Oc1ccc(cc1)OC,tg,70.0,58.79005813598633
*C(C*)C(=O)OCCOc1ccc(cc1)C(=O)Oc1ccc(cc1)OC(=O)c1ccc(cc1)OCCCC,tg,45.0,49.94316482543945
*C(C*)C(=O)OCCOc1ccc(cc1)C(=O)Oc1ccc(cc1)OC(=O)c1ccc(cc1)OCCCCC,tg,46.0,50.34149169921875
*C(C*)C(=O)OCCOc1ccc(cc1)C(c1ccc(cc1)OCCO)(C)C,tg,22.0,81.32686614990234
*C(C*)C(=O)OCCSCC,tg,-71.0,-56.41386413574219
*C(C*)C(=O)OCCSCCCC#N,tg,-58.0,-46.12040328979492
*C(C*)C(=O)OCF,tg,15.0,42.003177642822266
*C(C*)C(=O)OCc1c(c(c(c(c1Br)Br)Br)Br)Br,tg,181.0,78.46830749511719
*C(C*)C(=O)O[Na],tg,230.0,53.727848052978516
*C(C*)C(=O)Oc1c(c(c(c(c1Cl)Cl)Cl)Cl)Cl,tg,145.0,147.03895568847656
*C(C*)C(=O)Oc1c(cc(cc1)Cl)Cl,tg,60.0,85.71778106689453
*C(C*)C(=O)Oc1c(cccc1)C,tg,51.5,73.8102798461914
*C(C*)C(=O)Oc1c(cccc1)C(=O)OCC,tg,30.0,36.60106658935547
*C(C*)C(=O)Oc1c(cccc1)C(C)(C)C,tg,72.0,59.28181076049805
*C(C*)C(=O)Oc1c2c(ccc1)cccc2,tg,85.0,105.22093200683594
*C(C*)C(=O)Oc1cc(cc(c1)C)C,tg,54.0,66.04547119140625
*C(C*)C(=O)Oc1cc(ccc1)C,tg,24.5,38.74760437011719
*C(C*)C(=O)Oc1cc(ccc1)C(=O)OCC,tg,24.0,33.633419036865234
*C(C*)C(=O)Oc1ccc(cc1)C,tg,42.5,77.88831329345703
*C(C*)C(=O)Oc1ccc(cc1)C(=O)O,tg,113.33,55.391868591308594
*C(C*)C(=O)Oc1ccc(cc1)C(=O)OCC,tg,37.0,53.52605056762695
*C(C*)C(=O)Oc1ccc(cc1)C(=O)OCCCC,tg,13.0,29.008882522583008
*C(C*)C(=O)Oc1ccc(cc1)C(=O)OCc1ccccc1,tg,16.25,81.84081268310547
*C(C*)C(=O)Oc1ccc(cc1)C(=O)c1ccc(cc1)Cl,tg,78.0,84.95447540283203
*C(C*)C(=O)Oc1ccc(cc1)C(C)(C)C,tg,71.0,86.16909790039062
*C(C*)C(=O)Oc1ccc(cc1)N=Nc1ccc(cc1)OC,tg,133.6,108.0257339477539
*C(C*)C(=O)Oc1ccc(cc1)N=Nc1ccc(cc1)[N+](=O)[O-],tg,128.2,103.105224609375
*C(C*)C(=O)Oc1ccc(cc1)[N+](=O)[O-],tg,73.3,118.77444458007812
*C(C*)C(=O)Oc1ccc(cc1)c1ccccc1,tg,105.0,77.33802032470703
*C(C*)C(=O)Oc1ccccc1,tg,101.83,50.670753479003906
*C(C*)C(=O)c1cc(c(cc1)Br)OC,tg,44.0,96.7193603515625
*C(C*)C(=O)c1ccc(cc1)Br,tg,101.5,67.54322052001953
*C(C*)C(=O)c1ccc(cc1)C(C)C,tg,62.5,79.74649047851562
*C(C*)C(=O)c1ccc(cc1)CC,tg,49.25,72.77973175048828
*C(C*)C(=O)c1ccccc1,tg,57.25,77.90113830566406
*C(C*)C(=O)n1c2ccccc2c2ccccc12,tg,47.8,268.777587890625
*C(C*)C(C(F)(F)F)(F)F,tg,41.0,14.732935905456543
*C(C*)C1=NC(C(=O)O1)(C)C,tg,92.0,159.1241912841797
*C(C*)C1CC(CCC1)C,tg,141.0,140.11001586914062
*C(C*)C1CCC(CC1)C,tg,132.0,159.35403442382812
*C(C*)C1CCCC1,tg,75.0,106.71696472167969
*C(C*)C1CCCCC1,tg,117.68,100.9610824584961
*C(C*)C=C,tg,-13.22,-4.1992340087890625
*C(C*)CC,tg,-22.54,-25.277816772460938
*C(C*)CC(C)C,tg,45.5,5.059916019439697
*C(C*)CC1CCCCC1,tg,75.0,72.11296844482422
*C(C*)CCC,tg,-32.29,-14.52403736114502
*C(C*)CCCC,tg,-49.86,-34.05912780761719
*C(C*)CCCCC,tg,-45.5,-49.73574447631836
*C(C*)CCCCCC,tg,-56.48,-39.68829345703125
*C(C*)CCCCCCC,tg,-47.0,-42.021793365478516
*C(C*)CCCCCCCC,tg,-35.0,-58.99671936035156
*C(C*)CCCCCCCCCCCC,tg,10.0,-61.82087707519531
*C(C*)CCCCCCCCCCCCCC,tg,-24.0,-53.284088134765625
*C(C*)CCCCCCCCCCCCCCCCCC,tg,-88.0,-27.250268936157227
*C(C*)CCCCCCCCCI,tg,-6.0,-0.4347991943359375
*C(C*)CCc1ccccc1,tg,17.5,33.6042594909668
*C(C*)CNc1c(cc(cc1)[N+](=O)[O-])[N+](=O)[O-],tg,160.0,129.68833923339844
*C(C*)CNc1ccc(cc1)[N+](=O)[O-],tg,140.25,146.2781219482422
*C(C*)Cc1cc(ccc1)C,tg,38.75,36.89027786254883
*C(C*)Cc1ccc(cc1)C,tg,62.5,62.3579216003418
*C(C*)Cc1ccccc1,tg,63.33,68.91651916503906
*C(C*)N,tg,57.0,39.46918869018555
*C(C*)N1C(=O)CCC1,tg,143.16,110.9917984008789
*C(C*)NC=O,tg,145.67,145.60369873046875
*C(C*)O,tg,76.98,3.1893718242645264
*C(C*)OC(=O)C,tg,34.27,41.10161209106445
*C(C*)OC(=O)C(C(C(C(C(F)(F)F)(F)F)(F)F)(F)F)(F)F,tg,-9.0,19.051069259643555
*C(C*)OC(=O)C(C(C(C(F)(F)F)(F)F)(F)F)(F)F,tg,17.5,14.4474515914917
*C(C*)OC(=O)C(C(C(C)C)C)(C)C,tg,50.0,33.88895797729492
*C(C*)OC(=O)C(C(C(F)(F)F)(F)F)(F)F,tg,27.0,-0.6188862919807434
*C(C*)OC(=O)C(C(CC)(C)C)(C)C,tg,90.0,59.47478103637695
*C(C*)OC(=O)C(C(F)(F)F)(F)F,tg,42.0,30.892732620239258
*C(C*)OC(=O)C(Cl)(Cl)Cl,tg,59.0,140.8387451171875
*C(C*)OC(=O)C(F)(F)F,tg,52.4,65.28112030029297
*C(C*)OC(=O)C1(C(C(C(C(C1(F)F)(F)F)(F)F)(F)F)(F)F)F,tg,54.0,72.1745376586914
*C(C*)OC(=O)C=Cc1ccccc1,tg,127.0,94.153564453125
*C(C*)OC(=O)CC,tg,11.27,-0.8833974003791809
*C(C*)OC(=O)CC(c1ccccc1)(C)C,tg,20.0,43.227378845214844
*C(C*)OC(=O)CCC,tg,-10.1,-3.2608184814453125
*C(C*)OC(=O)CCCC(=O)c1ccc(cc1)C,tg,40.0,1.46722412109375
*C(C*)OC(=O)C[N-][N+]#N,tg,24.6,40.377662658691406
*C(C*)OC(=O)OCC(F)(F)F,tg,57.0,41.718475341796875
*C(C*)OC(=O)c1cc(ccc1)Br,tg,57.5,55.38307571411133
*C(C*)OC(=O)c1cc(ccc1)C,tg,49.0,76.94358825683594
*C(C*)OC(=O)c1cc(ccc1)Cl,tg,61.75,72.03287506103516
*C(C*)OC(=O)c1cc(ccc1)[N+](=O)[O-],tg,93.0,101.1214828491211
*C(C*)OC(=O)c1ccc(cc1)Br,tg,85.5,91.36448669433594
*C(C*)OC(=O)c1ccc(cc1)C,tg,66.75,75.41480255126953
*C(C*)OC(=O)c1ccc(cc1)C(C)(C)C,tg,116.8,84.62472534179688
*C(C*)OC(=O)c1ccc(cc1)C(C)C,tg,65.65,94.65986633300781
*C(C*)OC(=O)c1ccc(cc1)Cl,tg,70.25,68.35884857177734
*C(C*)OC(=O)c1ccc(cc1)OC(=O)C,tg,76.0,89.7193832397461
*C(C*)OC(=O)c1ccc(cc1)OC(=O)CC,tg,71.5,44.00048828125
*C(C*)OC(=O)c1ccc(cc1)OC(=O)CCC,tg,61.0,51.24381637573242
*C(C*)OC(=O)c1ccc(cc1)[N+](=O)[O-],tg,122.0,98.98716735839844
*C(C*)OC(=O)c1ccc(cc1)[Si](C)(C)C,tg,125.25,94.66693115234375
*C(C*)OC(=O)c1ccc(cc1)c1ccccc1,tg,84.5,119.14466857910156
*C(C*)OC(=O)c1ccccc1,tg,70.29,83.46823120117188
*C(C*)OC(=O)c1ccncc1,tg,98.5,92.4957504272461
*C(C*)OC(C(F)(F)F)(C(F)(F)F)F,tg,60.0,4.1078643798828125
*C(C*)OC(C)C,tg,-7.5,-2.404423952102661
*C(C*)OCC,tg,-37.29,-48.51545715332031
*C(C*)OCC(CC)(C)C,tg,9.0,-8.105056762695312
*C(C*)OCC(CCCC)CC,tg,-66.0,-64.91726684570312
*C(C*)OCCCCC,tg,-66.0,-71.3651123046875
*C(C*)OCCCCCCCC,tg,-79.75,-67.30419921875
*C(C*)OCCCCCCCCCCCOc1ccc(cc1)C(=O)Oc1ccc(cc1)C#N,tg,37.0,6.461720943450928
*C(C*)OCCOCCOCCOC,tg,-71.3,-53.370357513427734
*C(C*)OCCOc1ccc(cc1)C=C(C#N)C#N,tg,38.0,67.43510437011719
*C(C*)OCCOc1ccc(cc1)C=C(C(=O)OC)C#N,tg,47.0,66.8346939086914
*C(C*)OCCOc1ccc(cc1)N=Nc1ccc(cc1)[N+](=O)[O-],tg,54.0,101.33651733398438
*C(C*)O[N+](=O)[O-],tg,34.5,77.84329986572266
*C(C*)P(=O)(N(C)C)Oc1ccccc1,tg,27.0,67.12321472167969
*C(C*)P(=O)(c1ccccc1)c1ccccc1,tg,127.5,138.63555908203125
*C(C*)SCCCC,tg,-20.0,-17.42146873474121
*C(C*)[Si](C)(C)C,tg,147.0,81.18653869628906
*C(C*)c1[nH]nnn1,tg,72.0,185.45285034179688
*C(C*)c1c(c(c(c(c1F)F)C(F)(F)F)F)F,tg,112.0,85.12376403808594
*C(C*)c1c(c(c(c(c1F)F)F)F)F,tg,102.15,146.32054138183594
*C(C*)c1c(c(c(c(c1F)F)OC)F)F,tg,94.0,77.1018295288086
*C(C*)c1c(c(c(c(c1F)F)OCC(C(C(C(C(C(C(F)(F)F)(F)F)(F)F)(F)F)(F)F)(F)F)(F)F)F)F,tg,21.0,32.69811248779297
*C(C*)c1c(c(c(c(c1[2H])[2H])[2H])[2H])[2H],tg,100.0,103.7580795288086
*C(C*)c1c(cc(c(c1)C)C)C,tg,104.0,154.9512481689453
*C(C*)c1c(cc(cc1)C)C,tg,98.83,112.02301025390625
*C(C*)c1c(cc(cc1C)C)C,tg,126.0,128.58348083496094
*C(C*)c1c(ccc(c1)Br)OC,tg,86.0,84.17053985595703
*C(C*)c1c(ccc(c1)Br)OCCC,tg,54.0,104.56243133544922
*C(C*)c1c(ccc(c1)Br)OCCCCC,tg,49.0,38.1713981628418
*C(C*)c1c(ccc(c1)C(=O)OC)c1ccc(cc1)OCCCCCCCC,tg,126.0,88.833251953125
*C(C*)c1c(ccc(c1)C(=O)OCC)c1ccc(cc1)OCCCCCCCC,tg,95.0,96.13951873779297
*C(C*)c1c(ccc(c1)C(=O)OCCCC)c1ccc(cc1)OCCCCCCCC,tg,76.0,70.70034790039062
*C(C*)c1c(ccc(c1)C(=O)OCCCCCC)c1ccc(cc1)OCCCCCCCC,tg,64.0,57.71247482299805
*C(C*)c1c(ccc(c1)C(=O)OCCCCCCCCCC)c1ccc(cc1)OCCCCCCCC,tg,44.0,57.637664794921875
*C(C*)c1c(ccc(c1)C(=O)OCCCCCCCCCCCC)c1ccc(cc1)OCCCCCCCC,tg,42.0,58.52471923828125
*C(C*)c1c(ccc(c1)C(=O)Oc1ccc(cc1)OC)C(=O)Oc1ccc(cc1)OC,tg,109.67,148.58192443847656
*C(C*)c1c(ccc(c1)C(=O)Oc1ccc(cc1)OCC)C(=O)Oc1ccc(cc1)OCC,tg,112.0,119.7235107421875
*C(C*)c1c(ccc(c1)C(=O)Oc1ccc(cc1)OCCCC)C(=O)Oc1ccc(cc1)OCCCC,tg,104.36,108.73230743408203
*C(C*)c1c(ccc(c1)C(=O)Oc1ccc(cc1)OCCCCCCCC)C(=O)Oc1ccc(cc1)OCCCCCCCC,tg,105.0,98.43370056152344
*C(C*)c1c(ccc(c1)C(=O)Oc1ccc(cc1)OCCCCCCCCCC)C(=O)Oc1ccc(cc1)OCCCCCCCCCC,tg,109.0,85.3643798828125
*C(C*)c1c(ccc(c1)C(=O)Oc1ccc(cc1)OCCCCCCCCCCCC)C(=O)Oc1ccc(cc1)OCCCCCCCCCCCC,tg,108.0,86.15628814697266
*C(C*)c1c(ccc(c1)C)C,tg,143.0,82.46267700195312
*C(C*)c1c(ccc(c1)Cl)Cl,tg,108.0,97.0397720336914
*C(C*)c1c(ccc(c1)c1ccc(cc1)C(=O)OC(CC)C)c1ccc(cc1)C(=O)OC(CC)C,tg,212.5,160.31948852539062
*C(C*)c1c(ccc(c1)c1ccc(cc1)C(=O)OC(CCCCCC)C)c1ccc(cc1)C(=O)OC(CCCCCC)C,tg,102.0,114.91666412353516
*C(C*)c1c(cccc1)Br,tg,148.5,139.23849487304688
*C(C*)c1c(cccc1)C(=O)N(C)C,tg,190.0,153.40489196777344
*C(C*)c1c(cccc1)C(=O)NC,tg,189.0,173.34414672851562
*C(C*)c1c(cccc1)C(=O)Nc1ccccc1,tg,191.0,245.22581481933594
*C(C*)c1c(cccc1)C(=O)OC,tg,130.0,146.4703826904297
*C(C*)c1c(cccc1)C(=O)OC(C)C,tg,146.0,111.62159729003906
*C(C*)c1c(cccc1)C(=O)OCC,tg,118.0,107.04276275634766
*C(C*)c1c(cccc1)C(=O)OCC(C)C,tg,127.0,77.35723876953125
*C(C*)c1c(cccc1)C(=O)OCCCC,tg,66.0,101.92700958251953
*C(C*)c1c(cccc1)C(=O)OCCCCC,tg,92.0,64.45807647705078
*C(C*)c1c(cccc1)C(=O)OCCN(C)C,tg,69.0,92.81930541992188
*C(C*)c1c(cccc1)COC,tg,89.0,107.21891021728516
*C(C*)c1c(cccc1)COCC,tg,74.0,73.96878051757812
*C(C*)c1c(cccc1)COCCC,tg,97.0,68.6302719116211
*C(C*)c1c(cccc1)COCCCC,tg,67.0,52.216346740722656
*C(C*)c1c(cccc1)COCCCCC,tg,47.0,62.743228912353516
*C(C*)c1c(cccc1)COCCc1ccccc1,tg,63.0,62.62205123901367
*C(C*)c1c(cccc1)COCc1ccccc1,tg,72.0,68.66587829589844
*C(C*)c1c(cccc1)Cl,tg,112.63,124.05596160888672
*C(C*)c1c(cccc1)O,tg,172.0,155.78237915039062
*C(C*)c1c(cccc1Cl)Cl,tg,165.0,120.64037322998047
*C(C*)c1c2c(ccc1)cccc2,tg,159.0,201.37203979492188
*C(C*)c1cc(c(c(c1)OC)O)OC,tg,147.0,146.41856384277344
*C(C*)c1cc(c(cc1)Cl)Cl,tg,128.0,110.98611450195312
*C(C*)c1cc(c(cc1)Cl)F,tg,122.0,101.80345916748047
*C(C*)c1cc(cc(c1)C(F)(F)F)C(F)(F)F,tg,116.0,109.61721801757812
*C(C*)c1cc(ccc1)B(O[Si](C)(C)C)O[Si](C)(C)C,tg,35.0,104.68697357177734
*C(C*)c1cc(ccc1)Br,tg,102.0,88.39088439941406
*C(C*)c1cc(ccc1)C,tg,74.83,94.008056640625
*C(C*)c1cc(ccc1)F,tg,86.0,72.35845184326172
*C(C*)c1cc(ccc1)N(c1ccc(cc1)C)c1ccc(cc1)C,tg,126.5,183.04269409179688
*C(C*)c1cc(ccc1)NC(=O)C,tg,163.0,148.72543334960938
*C(C*)c1cc(ccc1)OC(=O)C,tg,76.0,83.68872833251953
*C(C*)c1ccc(cc1)B(O[Si](C)(C)C)O[Si](C)(C)C,tg,84.0,31.696176528930664
*C(C*)c1ccc(cc1)B(Oc1c2ncccc2c(cc1)c1c(c(c(c(c1F)F)F)F)F)c1ccc(cc1)C(C)(C)C,tg,245.0,207.03970336914062
*C(C*)c1ccc(cc1)B(Oc1c2ncccc2c(cc1)c1ccc(cc1)N(C)C)c1ccc(cc1)C(C)(C)C,tg,230.0,232.46836853027344
*C(C*)c1ccc(cc1)B(c1ccc(cc1)C(C)(C)C)Oc1c2ncccc2c(cc1)Cl,tg,238.0,220.66592407226562
*C(C*)c1ccc(cc1)B(c1ccc(cc1)C(C)(C)C)Oc1c2ncccc2ccc1,tg,240.0,237.0103302001953
*C(C*)c1ccc(cc1)C#N,tg,180.0,183.14183044433594
*C(C*)c1ccc(cc1)C(=NO)C,tg,134.0,113.87227630615234
*C(C*)c1ccc(cc1)C(=NO)Cc1ccccc1,tg,111.0,109.727294921875
*C(C*)c1ccc(cc1)C(=O)C,tg,115.5,113.18336486816406
*C(C*)c1ccc(cc1)C(=O)CCC,tg,74.0,78.81723022460938
*C(C*)c1ccc(cc1)C(=O)CCCCC,tg,66.0,23.142133712768555
*C(C*)c1ccc(cc1)C(=O)CCN1CCCCC1,tg,38.0,62.612606048583984
*C(C*)c1ccc(cc1)C(=O)CCN1CCOCC1,tg,41.0,71.4833984375
*C(C*)c1ccc(cc1)C(=O)Cc1ccccc1,tg,78.0,111.43082427978516
*C(C*)c1ccc(cc1)C(=O)N(CC)CC,tg,102.0,128.8563232421875
*C(C*)c1ccc(cc1)C(=O)N1CCCCC1,tg,114.0,146.20297241210938
*C(C*)c1ccc(cc1)C(=O)N1CCOCC1,tg,127.0,133.01185607910156
*C(C*)c1ccc(cc1)C(=O)OCC,tg,94.0,84.30023956298828
*C(C*)c1ccc(cc1)C(=O)OCCC,tg,92.0,84.41332244873047
*C(C*)c1ccc(cc1)C(=O)OCCCC,tg,76.0,58.271610260009766
*C(C*)c1ccc(cc1)C(=O)OCCN(CC)CC,tg,74.0,56.975894927978516
*C(C*)c1ccc(cc1)C(C(C(C(C(C(C(F)(F)F)(F)F)(F)F)(F)F)(F)F)(F)F)(F)F,tg,42.0,78.23109436035156
*C(C*)c1ccc(cc1)C(C)C,tg,62.4,101.01400756835938
*C(C*)c1ccc(cc1)C(CC)(O)C,tg,186.0,116.08998107910156
*C(C*)c1ccc(cc1)C(CCC)(O)C,tg,130.0,136.51171875
*C(C*)c1ccc(cc1)C(CCCC)(O)C,tg,82.5,119.24738311767578
*C(C*)c1ccc(cc1)C(CCN(C)C)O,tg,43.0,96.79241180419922
*C(C*)c1ccc(cc1)C(CCN1CCOCC1)O,tg,50.0,35.29129409790039
*C(C*)c1ccc(cc1)C(O)(C)C,tg,165.0,168.40882873535156
*C(C*)c1ccc(cc1)C(O)C(F)(F)F,tg,110.0,90.47552490234375
*C(C*)c1ccc(cc1)C([Si](C)(C)C)[Si](C)(C)C,tg,156.0,128.699951171875
*C(C*)c1ccc(cc1)C([Sn](C)(C)C)[Sn](C)(C)C,tg,140.0,178.54104614257812
*C(C*)c1ccc(cc1)CCC,tg,46.75,64.70409393310547
*C(C*)c1ccc(cc1)CCC(C(C(C(F)(F)F)(F)F)(F)F)(F)F,tg,23.0,38.6279182434082
*C(C*)c1ccc(cc1)CCCCCC,tg,-27.0,-27.033361434936523
*C(C*)c1ccc(cc1)CCCCCCCC,tg,-45.0,-29.293508529663086
*C(C*)c1ccc(cc1)CCCCCCCCCCCC,tg,-52.0,-30.106542587280273
*C(C*)c1ccc(cc1)CCCCCCCCCCCCCCCC,tg,4.5,-52.25336837768555
*C(C*)c1ccc(cc1)COC,tg,77.0,67.68730926513672
*C(C*)c1ccc(cc1)COC(CC)C,tg,40.0,15.656765937805176
*C(C*)c1ccc(cc1)COCCC,tg,22.0,26.354467391967773
*C(C*)c1ccc(cc1)COCCC(C(C(C(C(C(C(C(F)(F)F)(F)F)(F)F)(F)F)(F)F)(F)F)(F)F)(F)F,tg,53.33,55.82575607299805
*C(C*)c1ccc(cc1)COCCC(C(C(C(C(C(F)(F)F)(F)F)(F)F)(F)F)(F)F)(F)F,tg,18.0,25.720582962036133
*C(C*)c1ccc(cc1)COCCC(C(C(C(F)(F)F)(F)F)(F)F)(F)F,tg,13.0,7.908233642578125
*C(C*)c1ccc(cc1)COCCCCCC,tg,-20.0,-7.43475866317749
*C(C*)c1ccc(cc1)COCCCCO,tg,20.0,18.62471580505371
*C(C*)c1ccc(cc1)COCCO,tg,46.0,58.52891540527344
*C(C*)c1ccc(cc1)COCCOCC,tg,0.0,-6.691701412200928
*C(C*)c1ccc(cc1)COCCOCCCCCCCC,tg,-42.0,-13.864359855651855
*C(C*)c1ccc(cc1)COc1ccc(cc1)c1c2c(nsn2)c(cc1)c1sc(cc1)C,tg,128.33,161.83944702148438
*C(C*)c1ccc(cc1)COc1ccc(cc1)c1c2c(nsn2)c(cc1)c1sc(cc1)c1sc(cc1)CCCCCC,tg,122.0,100.2248306274414
*C(C*)c1ccc(cc1)C[Si](C)(C)C,tg,82.0,118.17344665527344
*C(C*)c1ccc(cc1)Cl,tg,119.38,108.06903839111328
*C(C*)c1ccc(cc1)Cn1c2ccccc2c2ccccc12,tg,166.0,168.6004638671875
*C(C*)c1ccc(cc1)F,tg,98.23,115.04170227050781
*C(C*)c1ccc(cc1)I,tg,155.0,114.81802368164062
*C(C*)c1ccc(cc1)N(c1ccccc1)c1ccccc1,tg,123.5,152.5984344482422
*C(C*)c1ccc(cc1)O,tg,161.43,107.36064910888672
*C(C*)c1ccc(cc1)OC,tg,101.33,96.70394897460938
*C(C*)c1ccc(cc1)OC(=O)C,tg,114.44,99.35839080810547
*C(C*)c1ccc(cc1)OCC,tg,86.0,67.52578735351562
*C(C*)c1ccc(cc1)OCCC,tg,70.0,53.12675094604492
*C(C*)c1ccc(cc1)OCCC(C)C,tg,57.0,78.2275619506836
*C(C*)c1ccc(cc1)OCCCC,tg,52.0,40.70216751098633
*C(C*)c1ccc(cc1)OCCOCCOC(=O)C,tg,-3.0,19.33576202392578
*C(C*)c1ccc(cc1)OP1(=NP(=NP(=N1)(OCCOCCOCCOC)OCCOCCOCCOC)(OCCOCCOCCOC)OCCOCCOCCOC)OCCOCCOCCOC,tg,-66.5,-30.713897705078125
*C(C*)c1ccc(cc1)Oc1ccccc1,tg,85.0,116.40204620361328
*C(C*)c1ccc(cc1)S(=O)(=O)N(S(=O)(=O)C(F)(F)F)[Li],tg,152.0,122.99467468261719
*C(C*)c1ccc(cc1)[SiH](C)C,tg,105.0,125.96876525878906
*C(C*)c1ccc(cc1)[Si](C)(C)C,tg,136.0,162.60894775390625
*C(C*)c1ccc(cc1)[Si](O[Si](C)(C)C)(O[Si](C)(C)C)O[Si](C)(C)C,tg,114.0,80.65367126464844
*C(C*)c1ccc(cc1)c1c2ccccc2cc2ccccc12,tg,270.0,244.43638610839844
*C(C*)c1ccc(cc1)c1cc2C(c3c(c2cc1)ccc(c3)c1cc2C(c3c(c2cc1)cccc3)(CCCCCC)CCCCCC)(CCCCCC)CCCCCC,tg,78.33,96.18473052978516
*C(C*)c1ccc(cc1)c1cc2C(c3c(c2cc1)cccc3)(CCCCCC)CCCCCC,tg,76.55,70.5575180053711
*C(C*)c1ccccc1,tg,92.74,84.81792449951172
*C(C*)c1nc(ccc1)C,tg,92.0,91.12744140625
*C(C*)c1nc(nc(n1)C)C,tg,70.0,131.3565673828125
*C(C*)c1ncccc1,tg,101.64,101.54322052001953
*C(C*)c1sccc1,tg,71.0,102.66617584228516
*C(C=C1)=CC=C1C(=O)NC(=O)*,egc,4.4505,4.342953681945801
*C(C=C1)=CC=C1C(=S)C(C=C2)=CC=C2C(=S)*,egc,2.6743,2.206401824951172
*C(C=C1)=CC=C1C(=S)C(C=C2)=CC=C2O*,egc,2.6372,2.3733839988708496
*C(C=C1)=CC=C1C(=S)C(S2)=CC=C2O*,egc,2.6462,3.0226149559020996
*C(C=C1)=CC=C1C(=S)OC(=S)*,egc,2.8098,3.231732130050659
*C(C=C1)=CC=C1C(C=C2)=CC=C2C(=S)O*,egc,3.2538,3.354405641555786
*C(C=C1)=CC=C1C(C=C2)=CC=C2C(C=C3)=CC=C3C(=S)*,egc,2.6076,2.2643959522247314
*C(C=C1)=CC=C1C(C=C2)=CC=C2C(C=C3)=CC=C3C(C=C4)=CC=C4*,egc,2.5009,3.5623443126678467
*C(C=C1)=CC=C1C(C=C2)=CC=C2C(C=C3)=CC=C3C(S4)=CC=C4*,egc,2.8936,2.8826406002044678
*C(C=C1)=CC=C1C(C=C2)=CC=C2C(C=C3)=CC=C3O*,egc,3.9661,3.830418825149536
*C(C=C1)=CC=C1C(C=C2)=CC=C2C(S3)=CC=C3C(=S)*,egc,2.3302,2.4358572959899902
*C(C=C1)=CC=C1C(C=C2)=CC=C2C(S3)=CC=C3C(S4)=CC=C4*,egc,2.2403,2.2571158409118652
*C(C=C1)=CC=C1C(C=C2)=CC=C2C(S3)=CC=C3O*,egc,3.3694,3.295109510421753
*C(C=C1)=CC=C1C(S2)=CC=C2C(=S)C(S3)=CC=C3*,egc,2.0866,2.4462296962738037
*C(C=C1)=CC=C1C(S2)=CC=C2C(C=C3)=CC=C3C(S4)=CC=C4*,egc,2.8274,2.5372135639190674
*C(C=C1)=CC=C1C(S2)=CC=C2C(C=C3)=CC=C3O*,egc,3.449,3.080305814743042
*C(C=C1)=CC=C1C(S2)=CC=C2C(S3)=CC=C3C(S4)=CC=C4*,egc,2.0066,2.1393027305603027
*C(C=C1)=CC=C1C(S2)=CC=C2C(S3)=CC=C3O*,egc,3.9319,3.403520345687866
*C(C=C1)=CC=C1C(S2)=CC=C2OC(S3)=CC=C3*,egc,3.0679,2.996554136276245
*C(C=C1)=CC=C1OC(=S)C(S2)=CC=C2*,egc,2.8495,2.96795916557312
*C(C=C1)=CC=C1OC(S2)=CC=C2O*,egc,4.6798,4.622957229614258
*C(CC(C*)c1ccc(cc1)CCl)(C#N)C#N,tg,150.0,122.7528076171875
*C(CC*)(c1ccccc1)C,tg,93.0,116.72320556640625
*C(CCC*)(C(=O)O)C,tg,132.0,42.55677032470703
*C(CCC*)(C)C,tg,45.5,1.4305877685546875
*C(CCC*)C,tg,-56.55,-62.53456115722656
*C(CCCCC*)C,tg,-66.0,-51.06582260131836
*C(CCCCC*)CCC,tg,-68.0,-46.13845443725586
*C(CCCCC*)CCCCCCCC,tg,-72.0,-59.51565933227539
*C(CCCCC*)CCCCCCCCCC,tg,-65.0,-59.48789596557617
*C(CCCCCCC*)C,tg,-58.0,-61.18185043334961
*C(CCCCCCCC*)Cl,tg,-33.0,-37.721435546875
*C(CCCCCCCCCCCCCCCCCCCC*)COCCOCCOCCOCCOCc1c2ccc3cccc4ccc(cc1)c2c34,tg,-21.0,-9.123387336730957
*C(Cl)=C(Cl)C(Cl)(Cl)C(*)(Cl)Cl,egc,4.2472,4.485235691070557
*C(F)(F)C(*)(F)OC(F)(F)F,egc,8.2947,8.570021629333496
*C(F)(F)C(=O)C(F)(F)O*,egc,5.2431,5.117862224578857
*C(F)(F)C(C=C1)=CC=C1C(F)(F)C(=S)*,egc,2.6791,2.9219839572906494
*C(F)(F)C(C=C1)=CC=C1C(F)(F)O*,egc,4.9933,4.906737327575684
*C(F)(F)C(F)(F)C(=O)C(C=C1)=CC=C1*,egc,4.443,4.315913677215576
*C(F)(F)C(F)(F)C(C=C1)=CC=C1C(=S)*,egc,3.118,2.945142984390259
*C(F)(F)C(F)(F)C(C=C1)=CC=C1C(S2)=CC=C2*,egc,3.7339,4.352583885192871
*C(F)(F)C(F)(F)C(F)(F)C(*)(F)C(F)(F)F,egc,8.4323,7.757335662841797
*C(F)(F)C(F)(F)C(S1)=CC=C1O*,egc,4.1725,4.876983642578125
*C(F)(F)C(F)(F)CC(C=C1)=CC=C1*,egc,5.1278,5.233067512512207
*C(F)(F)C(F)(F)CN*,egc,6.8454,5.983145713806152
*C(F)(F)C(F)(F)CO*,egc,8.1009,9.597805976867676
*C(F)(F)C(F)(F)NC(=O)*,egc,5.8517,5.705560207366943
*C(F)(F)C(F)(F)ON*,egc,6.8893,6.5152201652526855
*C(F)(F)C(S1)=CC=C1C(F)(F)C(=S)*,egc,2.8122,2.7852723598480225
*C(F)(F)C(S1)=CC=C1C(F)(F)C(S2)=CC=C2*,egc,3.3802,4.364952087402344
*C(F)(F)C(S1)=CC=C1C(F)(F)O*,egc,4.9584,4.473193645477295
*C(F)(F)C1(F)C(F)(F)C(*)(F)C(F)(F)C(F)(Cl)C1(F)F,egc,7.2365,6.215508460998535
*C(F)(F)C1(F)C(F)(F)C(*)(F)C(F)(F)C(F)(F)C(F)(F)C1(F)F,egc,7.4251,7.5679426193237305
*C(F)(F)C1(F)C(F)(F)C(*)(F)C(F)(F)C1(F)F,egb,6.9544,7.540034770965576
*C(F)(F)CC(F)(F)C(=O)*,egc,4.9534,5.237024307250977
*C(F)(F)CC(F)(F)C(=S)*,egc,2.8419,3.8991799354553223
*C(F)(F)CC(F)(F)C(C=C1)=CC=C1*,egc,4.7291,4.994751453399658
*C(F)(F)CC(F)(F)C(S1)=CC=C1*,egc,5.0751,4.908574104309082
*C(F)(F)CC(F)(F)N*,egc,7.1667,6.758848190307617
*C(F)(F)CC(F)(F)O*,egc,9.1417,9.309141159057617
*C(F)(F)NC(F)(F)C(=O)*,egc,4.8818,5.685206890106201
*C(F)(F)NC(F)(F)C(S1)=CC=C1*,egc,4.586,4.945392608642578
*C(F)(F)NC(F)(F)N*,egc,8.2137,7.708580017089844
*C(F)(F)NC(F)(F)O*,egc,8.2061,8.024162292480469
*C(F)C(*)(F)F,eea,1.524,1.2755851745605469
*C(F)C(*)(F)F,ei,8.5986,8.578429222106934
*C(F)C(*)(F)F,nc,1.5796,1.6317960023880005
*C(F)C(*)(F)OC(F)(F)F,egb,7.802,8.453171730041504
*C(I)=C(*)I,egc,3.8335,2.500345468521118
*C(OC(C)=O)=C(OC(C)=O)c1ccc(*)cc1,egc,3.7517,3.9166228771209717
*C(OC(F)(F)F)C(*)(F)F,egc,8.5308,7.4522318840026855
*C(OC)=C(OC)c1ccc(*)s1,egc,2.5351,2.18890643119812
*C(S1)=CC=C1C(=S)C(S2)=CC=C2O*,egc,2.6229,2.9434573650360107
*C(S1)=CC=C1C(S2)=CC=C2C(S3)=CC=C3O*,egc,2.5408,2.7533299922943115
*C(S1)=CC=C1C(S2)=CC=C2OC(=S)*,egc,2.4847,2.766766309738159
*C([2H])([2H])C(*)(C(=O)OC([2H])([2H])C([2H])([2H])[2H])C([2H])([2H])[2H],egc,6.3862,6.281064510345459
*C([2H])([2H])C(*)(F)F,egc,7.1497,6.968956470489502
*C([2H])([2H])C(*)([2H])C([2H])=C([2H])[2H],egc,5.9833,4.767337322235107
*C(c1ccc(N(C)C)cc1)C(*)c1ccc([N+](=O)[O-])cc1,egc,2.3431,3.0644302368164062
*C(c1ccccc1)=c1ccc(=c2ccc(=C(c3ccccc3)c3ccc(-c4ccc(*)s4)s3)s2)s1,egc,1.4486,1.757205605506897
*C(c1ccccc1)C(*)(C#N)C#N,egc,2.7551,6.305227279663086
*C(c1cccs1)=c1ccc(=c2ccc(=C(c3cccs3)c3ccc(-c4ccc(*)s4)s3)s2)s1,egc,1.0381,1.6976585388183594
*C*,egc,6.8972,5.531582355499268
*C*,tg,-63.48,-67.7340316772461
*C1(C(=O)N(C(=O)C(C1)(*)C)C)C,tg,170.0,179.59251403808594
*C1(C(=O)N(C(=O)C1)c1ccccc1)C*,tg,236.0,246.76593017578125
*C1(C(=O)OC(=O)C(C1)(C*)C)C,tg,144.0,171.26162719726562
*C1(C(=O)OC(=O)C1(C(C*)OC)C)C,tg,170.2,159.07919311523438
*C1(C(C(C(C(C(C1(F)F)(F)F)(F)F)(F)F)(C(*)(F)F)F)(F)F)F,tg,198.0,144.27406311035156
*C1(C(C(C(C(C1(F)F)(Cl)F)(F)F)(C(*)(F)F)F)(F)F)F,tg,147.0,181.15658569335938
*C1(C(C(C(C1(F)F)(F)F)(C(*)(F)F)F)(F)F)F,tg,117.0,151.4456024169922
*C1(C(C(C1(F)F)(C(*)(F)F)F)(F)F)F,tg,122.0,127.99626922607422
*C1(C)CC(*)(C)C(=O)N(C)C1=O,egc,5.3373,5.573391914367676
*C1(CC(C1)*)C#N,tg,220.0,198.87289428710938
*C1(CC(c2c1cc(cc2)*)(C)C)C,tg,212.75,227.3728485107422
*C1(CCCCC1)C*,tg,100.0,74.1648178100586
*C1(CCN(CC1)C(=O)C(CC(=O)N1CCC(CC1)(CCC*)C)C)C,tg,72.0,102.37435913085938
*C1(CCN(CC1)C(=O)CCC(=O)N1CCC(CC1)(CCC*)C)C,tg,99.0,57.24097442626953
*C1(F)OC(C(F)(F)F)(C(F)(F)Cl)OC1(*)F,egc,8.2297,5.276447296142578
*C1(NCC(NC1)(C(=O)OCC(CSCC(COC(=O)*)(C)C)(C)C)C)C,tg,40.0,35.067230224609375
*C1(OC(C(O1)(F)C(F)(F)F)(F)F)C(*)(F)F,tg,131.18,139.80914306640625
*C1(OC(C(O1)(F)F)(F)C(F)(F)F)C(*)(F)F,tg,135.0,130.62982177734375
*C1(OC(C(O1)(F)F)(F)F)C(*)(F)F,tg,103.5,74.6210708618164
*C1(OC(CO1)c1ccccc1)C*,tg,75.0,82.30094146728516
*C1(OC(OC1(*)F)(C(Cl)(F)F)C(F)(F)F)F,tg,330.0,124.35792541503906
*C1(OC(OC1*)(C(F)(F)F)C(F)(F)F)F,tg,256.0,144.7793731689453
*C1(c2c(C(=O)N1)cccc2)c1ccc(cc1)OC(=O)c1cc(ccc1)C(=O)Oc1ccc(cc1)*,tg,325.0,296.6466064453125
*C1(c2c(C(=O)N1)cccc2)c1ccc(cc1)OC(=O)c1ccc(cc1)C(=O)Oc1ccc(cc1)*,tg,327.0,344.4786682128906
*C1(c2c(C(=O)N1)cccc2)c1ccc(cc1)Oc1ccc(cc1)C(=O)c1ccc(cc1)Oc1ccc(cc1)*,tg,270.6,286.1307373046875
*C1(c2c(C(=O)N1)cccc2)c1ccc(cc1)Oc1ccc(cc1)NC(=O)c1cc2c(C(=O)N(C2=O)c2ccc(cc2)Cc2ccc(cc2)N2C(=O)c3c(C2=O)cc(cc3)C(=O)Nc2ccc(cc2)Oc2ccc(cc2)*)cc1,tg,302.0,299.0628662109375
*C1(c2c(C(=O)N1C)cccc2)c1ccc(cc1)Oc1ccc(cc1)C(=O)c1ccc(cc1)Oc1ccc(cc1)*,tg,245.0,235.53262329101562
*C1(c2c(C(=O)N1c1ccccc1)cccc2)c1ccc(cc1)OC(=O)c1ccc(cc1)[Si](c1ccc(cc1)C(=O)Oc1ccc(cc1)*)(C)C,tg,255.0,255.37486267089844
*C1(c2c(C(=O)O1)cccc2)c1c(cc(c(c1)C(C)C)Oc1ccc(cc1)S(=O)(=O)c1ccc(cc1)Oc1c(cc(c(c1)C)*)C(C)C)C,tg,230.0,260.3826599121094
*C1(c2c(C(=O)O1)cccc2)c1c(cc(c(c1)C)Oc1ccc(cc1)S(=O)(=O)c1ccc(cc1)Oc1c(cc(c(c1)C)*)C)C,tg,269.0,248.8447723388672
*C1(c2c(C(=O)O1)cccc2)c1cc(c(c(c1)Br)OC(=O)c1ccc(cc1)C(=O)Oc1c(cc(cc1Br)*)Br)Br,tg,319.0,279.6974182128906
*C1(c2c(C(=O)O1)cccc2)c1cc(c(cc1)OC(=O)c1cc(ccc1)C(=O)Oc1c(cc(cc1)*)C)C,tg,273.0,242.81997680664062
*C1(c2c(C(=O)O1)cccc2)c1cc(c(cc1)Oc1ccc(cc1)S(=O)(=O)c1ccc(cc1)Oc1c(cc(cc1)*)C)C,tg,245.0,261.8938293457031
*C1(c2c(C(=O)O1)cccc2)c1ccc(cc1)C(=O)NNC(=O)c1ccc(cc1)C(=O)NNC(=O)c1ccc(cc1)*,tg,237.0,282.51141357421875
*C1(c2c(C(=O)O1)cccc2)c1ccc(cc1)OC(=O)Oc1ccc(cc1)*,tg,252.5,220.5076446533203
*C1(c2c(C(=O)O1)cccc2)c1ccc(cc1)OC(=O)c1cc(cc(c1)Cl)C(=O)Oc1ccc(cc1)*,tg,313.0,277.9178466796875
*C1(c2c(C(=O)O1)cccc2)c1ccc(cc1)OC(=O)c1ccc(cc1)C(=O)Oc1ccc(cc1)*,tg,279.0,301.3987121582031
*C1(c2c(C(=O)O1)cccc2)c1ccc(cc1)OC(=O)c1ccc(cc1)[Si](c1ccc(cc1)C(=O)Oc1ccc(cc1)*)(c1ccccc1)c1ccccc1,tg,250.0,246.47515869140625
*C1(c2c(C(=O)O1)cccc2)c1ccc(cc1)Oc1c(c(c(c(c1F)F)C(=O)c1c(c(c(c(c1F)F)Oc1ccc(cc1)*)F)F)F)F,tg,215.0,244.39353942871094
*C1(c2c(C(=O)O1)cccc2)c1ccc(cc1)Oc1ccc(cc1)S(=O)(=O)c1ccc(cc1)Oc1ccc(cc1)*,tg,247.14,234.2137908935547
*C1(c2c(CO1)cccc2)c1ccc(cc1)OC(=O)c1ccc(cc1)C(=O)Oc1ccc(cc1)*,tg,312.0,260.7403869628906
*C1(c2c(Oc3c1cccc3)cccc2)c1ccc(cc1)OC(=O)c1ccc(cc1)C(=O)Oc1ccc(cc1)*,tg,252.0,262.76715087890625
*C12CC3CC(C1)CC(*)(C3)C2,egc,5.7519,5.871367454528809
*C1=C(C(=O)N(C1=O)CCCC)c1ccc(cc1)c1cc2C(c3c(c2cc1)ccc(c3)c1ccc(cc1)*)(CCCCCC)CCCCCC,tg,155.0,171.1882781982422
*C1=C(CC(C1)(C(=O)OCC)C(=O)OCC)C=C*,tg,27.65,21.884904861450195
*C1=C(CCCCCC)C(CCCCCC)=C(c2sc(-c3sc(*)c4c3OCCO4)c3c2OCCO3)S1(=O)=O,egc,1.3792,1.411537766456604
*C1=CC(=C(C#N)C#N)C=C(O1)C=Cc1ccc(cc1)N=Nc1ccc(cc1)N(CCOC(=O)Nc1c(ccc(c1)NC(=O)OCCN(c1ccc(cc1)N=Nc1ccc(cc1)C=C*)C)C)C,tg,196.0,195.70101928710938
*C1=CC(=C(C#N)C#N)C=C(O1)C=Cc1sc(c(c1CCCCCC)CCCCCC)c1cc2C(c3c(c2cc1)ccc(c3)c1sc(c(c1CCCCCC)CCCCCC)C=C*)(CCCCCC)CCCCCC,tg,115.0,105.55774688720703
*C1=CC(=C(C#N)C#N)C=C(O1)C=Cc1sc(c(c1CCCCCC)CCCCCC)c1sc(cc1)c1sc(c(c1CCCCCC)CCCCCC)C=C*,tg,114.0,105.9674301147461
*C1=CC(=C(C#N)C#N)C=C(O1)C=Cc1sc(cc1)N(CCOC(=O)Nc1c(ccc(c1)NC(=O)OCCN(c1sc(cc1)C=C*)C)C)C,tg,183.0,186.0929718017578
*C1=CC(=C(C#N)C#N)C=C(O1)C=Cc1sc(cc1)c1ccc(cc1)C(=Cc1cc2C(c3c(c2cc1)ccc(c3)C=C(c1ccc(cc1)c1sc(cc1)C=C*)C#N)(CC)CC)C#N,tg,144.0,227.8675994873047
*C1=CC(C)C(C(=O)C(=O)C2CC3C(*)CC3(O)C2=O)C(=O)N1C,egc,2.7097,3.5913915634155273
*C1=CC2=CC(*)=NC2=N1,egc,1.0627,2.174438238143921
*C1=CC2=NC(*)=CC2=N1,egc,1.3051,2.3946805000305176
*C1=CC=C(c2sc(-c3sc(*)c4c3OCCO4)c3c2OCCO3)S1(=O)=O,egc,1.7929,1.6677954196929932
*C1=NC2=CC(*)C=CC2=C1,egc,3.2065,3.1436381340026855
*C1C(=CC)CC(C1)C=C*,tg,118.43,96.60591125488281
*C1C(=O)N(C(=O)C1)c1ccc(cc1)Cc1ccc(cc1)N1C(=O)C(CC1=O)CC=Cc1c(ccc(c1)C(c1cc(c(cc1)O)C=CC*)(C)C)O,tg,215.0,235.19479370117188
*C1C(=O)N(C(=O)C1*)C(C)(C)C,tg,195.0,216.569580078125
*C1C(=O)N(C(=O)C1*)C1CCCCC1,tg,205.0,156.4235382080078
*C1C(=O)N(C(=O)C1*)CCCCCCCCOc1ccc(cc1)c1ccc(cc1)C#N,tg,43.0,72.0530014038086
*C1C(=O)N(C(=O)C1*)CCCCCCOc1ccc(cc1)c1ccc(cc1)C#N,tg,76.0,65.07881927490234
*C1C(=O)N(C(=O)C1*)CCCCCOc1ccc(cc1)c1ccc(cc1)C#N,tg,75.0,92.55810546875
*C1C(=O)N(C(=O)C1*)CCCCOc1ccc(cc1)c1ccc(cc1)C#N,tg,115.0,93.15621185302734
*C1C(=O)N(C(=O)C1*)CCCOc1ccc(cc1)c1ccc(cc1)C#N,tg,130.0,149.1338653564453
*C1C(=O)N(C(=O)C1*)CCOc1ccc(cc1)c1ccc(cc1)C#N,tg,150.0,132.05291748046875
*C1C(=O)N(C(=O)C1*)c1c(cccc1)C,tg,335.0,226.23812866210938
*C1C(=O)N(C(=O)C1*)c1c(cccc1)C(=O)OCCCC,tg,181.0,191.83148193359375
*C1C(=O)N(C(=O)C1*)c1c(cccc1CC)CC,tg,288.0,282.800537109375
*C1C(=O)N(C(=O)C1*)c1cc(c(c(c1)Br)O[Si](C)(C)C)Br,tg,167.0,296.2605285644531
*C1C(=O)N(C(=O)C1*)c1cc(c(c(c1)Br)O[Si](c1ccccc1)(c1ccccc1)c1ccccc1)Br,tg,179.0,120.0904769897461
*C1C(=O)N(C(=O)C1C(C*)(C)C)C,tg,156.5,118.5940933227539
*C1C(=O)N(C(=O)C1C(C*)(C)C)CCCC,tg,80.0,99.1115493774414
*C1C(=O)N(C(=O)C1C(C*)(C)C)c1c(cccc1)C,tg,207.0,249.67178344726562
*C1C(=O)N(C(=O)C1C(C*)(C)C)c1c(cccc1C)C,tg,237.0,231.4951629638672
*C1C(=O)N(C(=O)C1C(C*)(C)C)c1c(cccc1CC)CC,tg,210.0,201.32908630371094
*C1C(=O)N(C(=O)C1C(C*)OC)c1ccc(cc1)N(C)C,tg,221.0,170.32330322265625
*C1C(=O)N(C(=O)C1C(C*)c1ccccc1)C,tg,205.0,165.00485229492188
*C1C(=O)N(C(=O)C1C(C*)c1ccccc1)C(C)(C)C,tg,178.0,212.00511169433594
*C1C(=O)N(C(=O)C1C(C*)c1ccccc1)CCCCCCCCCCCC,tg,70.0,74.73497009277344
*C1C(=O)N(C(=O)C1C(C*)c1ccccc1)CCCCNC(=O)C(C(C(C(C(C(C(F)(F)F)(F)F)(F)F)(F)F)(F)F)(F)F)(F)F,tg,113.0,110.2554702758789
*C1C(=O)N(C(=O)C1C(C*)c1ccccc1)CCCN(c1cc(c(cc1)N=Nc1c(cc(cc1)[N+](=O)[O-])Cl)C)CC,tg,149.0,158.0699920654297
*C1C(=O)N(C(=O)C1C(C*)c1ccccc1)CCN(c1ccc(cc1)N=Nc1ccc(cc1)[N+](=O)[O-])CC,tg,171.67,178.047119140625
*C1C(=O)N(C(=O)C1C(C*)c1ccccc1)c1ccc(cc1)NC(=O)OCC1N(CCC1)c1ccc(cc1)[N+](=O)[O-],tg,208.0,155.21568298339844
*C1C(=O)N(C(=O)C1CC*)C,tg,141.2,178.44729614257812
*C1C(=O)N(C(=O)C1CC*)CC,tg,109.2,136.06854248046875
*C1C(=O)N(C(=O)C1CC*)CCCCCCCCCCCC,tg,55.4,49.81007385253906
*C1C(=O)N(C(=O)C1CC*)CCCCCCCCCCCCCCCC,tg,65.6,50.64958572387695
*C1C(=O)N(C(=O)C1CC*)CCCCNC(=O)C(C(C(C(C(C(C(F)(F)F)(F)F)(F)F)(F)F)(F)F)(F)F)(F)F,tg,100.0,97.62784576416016
*C1C(=O)N(C(=O)C1CC*)c1ccc(cc1)N(C)C,tg,195.0,209.8174591064453
*C1C(=O)OC(=O)C(C1)C*,tg,140.0,149.167724609375
*C1C(=O)OC(=O)C1*,egb,6.0081,6.459059238433838
*C1C(=O)OC(=O)C1*,egc,6.3452,6.2512359619140625
*C1C(=O)OC(=O)C1C(C*)(N=C=O)C,tg,100.0,97.53063201904297
*C1C(=O)OC(=O)C1C(C*)OC(C)C,tg,142.0,160.20399475097656
*C1C(=O)OC(=O)C1C(C*)OC1CCCCC1,tg,201.0,165.5087127685547
*C1C(=O)OC(=O)C1C(C*)OCC,tg,146.0,131.10028076171875
*C1C(=O)OC(=O)C1C(C*)OCCCC,tg,118.0,141.85003662109375
*C1C(=O)OC(=O)C1C(C*)c1ccccc1,tg,177.0,157.00706481933594
*C1C(=O)OC(=O)C1C1C2CC(C(=O)OC3CCCCC3)C(C2)C1*,egc,6.0803,5.67161226272583
*C1C(=O)OC(=O)C1C1C2CC(C(C1*)C2)C(=O)OC1CCCCC1,tg,195.0,193.55892944335938
*C1C(=O)OC(=O)C1C1C2CC(C(C1*)C2)COCCC,tg,209.0,236.83013916015625
*C1C(C(C(C1)(O)C(F)(F)F)(F)F)(C(C*)(F)F)F,tg,152.0,50.75648880004883
*C1C(C(C(C1)C*)OC(=O)CCCCCCCCCCOc1ccc(cc1)c1ccc(cc1)C#N)OC(=O)CCCCCCCCCCOc1ccc(cc1)c1ccc(cc1)C#N,tg,14.5,37.823638916015625
*C1C(C(C(C1)C=C*)(OC(C(C(F)(F)F)(F)F)(F)F)F)(F)F,tg,77.0,38.51121139526367
*C1C(C(C(C1)C=C*)C(=O)OC(C)(C)C)C(=O)OC(C)(C)C,tg,83.4,79.31751251220703
*C1C(C(C(C1)C=C*)C(=O)OC)C(=O)OC,tg,77.3,62.946556091308594
*C1C(C(C(C1)C=C*)C(=O)OCCCCCCCCCCCOc1ccc(cc1)c1ccc(cc1)C#N)C(=O)OCCCCCCCCCCCOc1ccc(cc1)c1ccc(cc1)C#N,tg,23.82,25.831003189086914
*C1C(C(C(C1)C=C*)C(=O)OCCCCCCOc1ccc(cc1)c1ccc(cc1)C#N)C(=O)OCCCCCCOc1ccc(cc1)c1ccc(cc1)C#N,tg,41.93,34.203495025634766
*C1C(C(C(C1)C=C*)C(=O)Oc1ccccc1)C(=O)Oc1ccccc1,tg,96.5,125.49791717529297
*C1C(C2CC(C1C2)*)CCCCCC,tg,237.33,118.97398376464844
*C1C(CC(C1)C(O)(C(F)(F)F)C(F)(F)F)(C(C*)(F)F)F,tg,118.0,148.3290557861328
*C1C(CC(C1)C=C*)(CCC)C#N,tg,108.0,115.50312805175781
*C1C(CC(C1)C=C*)(CCCC)C#N,tg,87.0,102.4535903930664
*C1C(CC(C1)C=C*)(C[Si](C)(C)C)C#N,tg,128.0,135.59584045410156
*C1C(CC(C1)C=C*)([Si](C)(C)C)C#N,tg,211.0,126.19294738769531
*C1C(CC(C1)C=C*)([Si](O[Si](C)(C)C)(C)C)C#N,tg,88.0,69.318603515625
*C1C(CC(C1)C=C*)([Si](O[Si](O[Si](C)(C)C)(C)C)(C)C)C#N,tg,47.0,88.90629577636719
*C1C(CC(C1)C=C*)C(=O)OCCCCCCCCOc1ccc(cc1)C=Cc1ccc(cc1)[N+](=O)[O-],tg,49.6,40.04696273803711
*C1C(CC(C1)C=C*)C(=O)OCCN(C)C,tg,12.5,34.04646682739258
*C1C(CC(C1)C=C*)C(=O)OCCNC(C)(C)C,tg,29.0,34.55015182495117
*C1C(CC(C1)C=C*)C1CC=CCC1,tg,105.0,25.80278778076172
*C1C(CC(C1)C=C*)[Si](C)(C)C,tg,109.0,170.4837646484375
*C1C(CC(C1)OC(=O)CCCCCCCCCCOc1ccc(cc1)c1ccc(cc1)C#N)CC*,tg,24.0,37.12579345703125
*C1C2C(C(=O)N(C2=O)CCC)C(C1)C=C*,tg,139.0,93.84219360351562
*C1C2C(C(=O)N(C2=O)CCCCCCC)C(C1)C=C*,tg,59.0,82.33118438720703
*C1C2C(C(=O)N(C2=O)CCCCCCCC)C(C1)C=C*,tg,56.5,61.79707717895508
*C1C2C(C(=O)N(C2=O)CCCCCCCCC)C(C1)C=C*,tg,52.0,52.206443786621094
*C1C2C(C(=O)N(C2=O)CCCCCCCCCC)C(C1)C=C*,tg,46.0,58.44416427612305
*C1C2C(C(=O)N(C2=O)CCCCCCCCCCCC)C(C1)C=C*,tg,50.0,51.22845458984375
*C1C2C(C(=O)N(C2=O)c2c(cccc2)C)C(C1)C=C*,tg,248.0,266.23211669921875
*C1C2C(C(=O)N(C2=O)c2c(cccc2)Cl)C(C1)C=C*,tg,255.6,236.57090759277344
*C1C2C(C(=O)N(C2=O)c2cc(ccc2)Cl)C(C1)C=C*,tg,204.8,193.00555419921875
*C1C2C(C(=O)N(C2=O)c2cc(ccc2)F)C(C1)C=C*,tg,207.8,202.36280822753906
*C1C2C(C(=O)N(C2=O)c2ccc(cc2)Br)C(C1)C=C*,tg,227.8,252.86178588867188
*C1C2C(C(C(C1*)C2)C(=O)OCC12CC3CC(CC(C1)C3)C2)C(=O)OCC12CC3CC(CC(C1)C3)C2,tg,328.0,270.01458740234375
*C1C2C(C(C(C1*)C2)C(=O)OCCC12CC3CC(CC(C1)C3)C2)C(=O)OCCC12CC3CC(CC(C1)C3)C2,tg,300.0,318.4073791503906
*C1C2C(C(C(C1*)C2)C(=O)OCCC1C2CCC(C1)C2)C(=O)OCCC1C2CCC(C1)C2,tg,260.0,273.0315246582031
*C1C2C(C(C(C1*)C2)C(=O)OCCCc1ccccc1)C(=O)OCCCc1ccccc1,tg,200.0,211.41331481933594
*C1C2C(C(C(C1*)C2)C(=O)OCc1ccccc1)C(=O)OCc1ccccc1,tg,277.0,181.46849060058594
*C1C2C(C(C(C1*)C2)COCc1ccccc1)COCc1ccccc1,tg,176.0,170.72653198242188
*C1C2C(C(C1)CC*)C1C(CC2C1)c1ccc(cc1)COC(CC)C,tg,139.0,152.26702880859375
*C1C2C3C(C=CC3)C(C1*)C2,tg,103.55,263.43658447265625
*C1C2C=CC(C1C(=O)*)C2,tg,85.5,131.47952270507812
*C1C2CC(=CC)C(C2)C1*,egc,5.1841,4.839351654052734
*C1C2CC(C(C1*)C2)C,tg,350.0,187.24061584472656
*C1C2CC(C(C1*)C2)C(=O)OCCc1ccc(cc1)N(c1cc(ccc1)C)c1ccccc1,tg,305.0,300.5512390136719
*C1C2CC(C(C1*)C2)C(=O)OCCc1ccc(cc1)N(c1ccccc1)c1ccccc1,tg,307.0,274.0956726074219
*C1C2CC(C(C1*)C2)CCCCc1ccccc1,tg,148.0,162.4505615234375
*C1C2CC(C(C1*)C2)[Si](C)(C)C,tg,298.0,320.6784973144531
*C1C2CC(C)C(C2)C1*,egc,6.0638,5.736032009124756
*C1C2CCC(C2)C1*,egc,6.1739,6.388379096984863
*C1C=C(C)C(*)S1,egc,5.0392,4.501694679260254
*C1C=C(CCCCCC)C(*)S1,egc,4.7988,4.942493438720703
*C1C=CC(*)C1,egc,5.7164,5.001020908355713
*C1C=CC(*)CC1,egc,5.6051,5.950320243835449
*C1CC(*)OC(O)O1,egc,6.5343,6.662344455718994
*C1CC(C)(C)OC1*,egc,5.8529,5.795688152313232
*C1CC(CC1)*,tg,65.1,93.12621307373047
*C1CC(CC1)C=C*,tg,39.97,54.32390213012695
*C1CC2C3CC4C(C3*)C24C1,egc,5.9559,6.105189323425293
*C1CC2CC(CC(C1)O2)OC(=O)NC1CCC(CC1)CC1CCC(CC1)NC(=O)O*,tg,225.0,182.58319091796875
*C1CC2CC(CC(C1)O2)OC(=O)O*,tg,207.0,150.13768005371094
*C1CC2CC(CC(C1)O2)OC(=O)Oc1ccc(cc1)S(=O)(=O)c1ccc(cc1)OC(=O)O*,tg,184.0,226.9192657470703
*C1CC2CC1C(*)C2CCCC,egc,6.1498,5.861644268035889
*C1CCC2C(*)CCC12,egc,6.7514,6.23738431930542
*C1CCN(CC1)C(=C(c1ccc(cc1)C(=O)OCC*)C#N)c1ccc(cc1)OC,tg,171.5,143.35096740722656
*C1CCN(CC1)c1sc(cc1)C=CC1=CC(=C(C#N)C#N)C=C(O1)C=Cc1sc(cc1)N1CCC(CC1)OC(=O)Nc1c(ccc(c1)NC(=O)O*)C,tg,212.0,163.7169952392578
*C1CN(CCC1)C(=C(c1ccc(cc1)C(=O)OC*)C#N)c1ccc(cc1)OC,tg,171.5,166.6958770751953
*C1COC2C1OCC2OC(=O)C(NC(=O)CCCCC(=O)NC(C(=O)O*)C(CC)C)C(CC)C,tg,102.0,54.97945022583008
*C1COC2C1OCC2OC(=O)C(NC(=O)CCCCC(=O)NC(C(=O)O*)C)C,tg,56.0,64.61824798583984
*C1COC2C1OCC2OC(=O)C(NC(=O)CCCCC(=O)NC(C(=O)O*)CC(C)C)CC(C)C,tg,91.0,111.9565658569336
*C1COC2C1OCC2OC(=O)C(NC(=O)CCCCC(=O)NC(C(=O)O*)CCSC)CCSC,tg,71.0,77.86698150634766
*C1COC2C1OCC2OC(=O)C(NC(=O)CCCCC(=O)NC(C(=O)O*)Cc1ccccc1)Cc1ccccc1,tg,97.5,90.74552154541016
*C1COC2C1OCC2OC(=O)C(NC(=O)CCCCCC(=O)NC(C(=O)O*)C)C,tg,45.0,66.87932586669922
*C1COC2C1OCC2OC(=O)C(NC(=O)CCCCCCC(=O)NC(C(=O)O*)C)C,tg,57.0,44.39292526245117
*C1COC2C1OCC2OC(=O)C(NC(=O)CCCCCCC(=O)NC(C(=O)O*)Cc1ccccc1)Cc1ccccc1,tg,91.0,83.3246078491211
*C1COC2C1OCC2OC(=O)C(NC(=O)CCCCCCCCC(=O)NC(C(=O)O*)C)C,tg,57.0,44.90446853637695
*C1COC2C1OCC2OC(=O)C(NC(=O)CCCCCCCCC(=O)NC(C(=O)O*)CC(C)C)CC(C)C,tg,89.0,86.77857971191406
*C1COC2C1OCC2OC(=O)C(NC(=O)CCCCCCCCC(=O)NC(C(=O)O*)CCSC)CCSC,tg,61.0,49.03311538696289
*C1COC2C1OCC2OC(=O)C(NC(=O)CCCCCCCCC(=O)NC(C(=O)O*)Cc1ccccc1)Cc1ccccc1,tg,74.0,78.92316436767578
*C1COC2C1OCC2OC(=O)C(NC(=O)CCCCCCCCCCC(=O)NC(C(=O)O*)Cc1ccccc1)Cc1ccccc1,tg,76.0,82.00272369384766
*C1COC2C1OCC2OC(=O)C=CC(=O)O*,tg,52.0,228.73687744140625
*C1COC2C1OCC2OC(=O)CNC(=O)CCCCCCCCC(=O)NCC(=O)O*,tg,66.0,64.7746353149414
*C1COC2C1OCC2OC(=O)O*,tg,139.7,126.94451904296875
*C1COC2C1OCC2OC(=O)OCC(C(COC(=O)O*)O)O,tg,78.5,85.01520538330078
*C1COC2C1OCC2OC(=O)OCC1OC(OC1COC(=O)O*)(C)C,tg,95.5,37.4617805480957
*C1COC2C1OCC2OC(=O)OCCCCCCCCCCOC(=O)O*,tg,6.5,13.825424194335938
*C1COC2C1OCC2OC(=O)OCCCCCCCCOC(=O)O*,tg,19.5,15.4783935546875
*C1COC2C1OCC2OC(=O)OCCCCCCOC(=O)O*,tg,25.67,33.58121871948242
*C1COC2C1OCC2OC(=O)OCCCCOC(=O)O*,tg,49.0,35.034366607666016
*C1COC2C1OCC2OC(=O)OCCOCCOC(=O)O*,tg,46.5,35.92057418823242
*C1COC2C1OCC2OC(=O)OCCOCCOCCOC(=O)O*,tg,17.0,34.37651443481445
*C1COC2C1OCC2OC(=O)OCCOCCOCCOCCOC(=O)O*,tg,9.5,25.305391311645508
*C1COC2C1OCC2OC(=O)c1cc(ccc1)OCCCCCCCCOc1cc(ccc1)C(=O)O*,tg,31.75,87.09542846679688
*C1COC2C1OCC2OC(=O)c1ccc(cc1)C(=O)O*,tg,255.5,95.59703826904297
*C1COC2C1OCC2Oc1ccc(cc1)CNC(=O)CCCCC(=O)NCc1ccc(cc1)O*,tg,116.0,78.61064147949219
*C1COC2C1OCC2Oc1ccc(cc1)NC(=O)CCCCCCC(=O)Nc1ccc(cc1)O*,tg,72.5,126.3779296875
*C1COC2C1OCC2Oc1ccc(cc1)NC(=O)c1ccc(cc1)C(=O)Nc1ccc(cc1)O*,tg,132.67,181.19415283203125
*C1COC2C1OCC2Oc1ccc(cc1)NC(=O)c1ccc(cc1)OC1COC2C1OCC2Oc1ccc(cc1)C(=O)Nc1ccc(cc1)O*,tg,165.0,119.53839874267578
*C1C[N+](CC1CC*)(C)C,tg,8.0,164.38418579101562
*C1N(CC(C1)OC(=O)*)C(=O)OCc1ccccc1,tg,78.0,60.97077941894531
*C1OC(=O)C(C1)CCC1C(=O)OC(C1)CCCCC=CCCCC*,tg,24.7,14.69001293182373
*C1OC(C(C(C1NC(=O)C)O)O*)CO,tg,236.5,131.05642700195312
*C1OC(C(C(C1O)O)O*)CO,tg,144.0,135.44068908691406
*C1OC(C(C(C1O)O)O*)COCO,tg,208.0,119.59783172607422
*C1OC(C(C(C1OC(=O)C)O)O*)COC(=O)C,tg,202.0,186.3863525390625
*C1OC(C(C(C1OC(=O)Nc1ccccc1)OC(=O)Nc1ccccc1)O*)COC(=O)Nc1ccccc1,tg,217.0,147.7604217529297
*C1OC(C(C(C1OCC)OCC)O*)COCC,tg,119.5,78.5616226196289
*C1OC(CCC1)NC(=O)*,tg,145.0,127.65196990966797
*C1OC(CO1)COC(=O)CCCCCCC*,tg,-23.0,-13.440394401550293
*C1OC(OC(C1)C*)CCC,tg,45.92,31.148561477661133
*C1OC(OC1COC(=O)OC*)(C)C,tg,51.38,100.25689697265625
*C1OC(OC1COC(=O)OC*)OCC,tg,51.38,76.45369720458984
*C1OC2C(C1OC(=O)OC*)OC(O2)(C)C,tg,128.0,149.81219482421875
*C1OCC(CO1)(COC(=O)CCCCCCC*)C,tg,-26.0,4.05413818359375
*C1OCC(CO1)OC(=O)CCCCCCC*,tg,6.5,-12.28376293182373
*C1OCC(OC1)CNC(=O)CCCCC(=O)NC*,tg,93.0,89.18051147460938
*C1OCC(OC1)CNC(=O)CCCCCCCCC(=O)NC*,tg,73.0,81.98896789550781
*C1OCC2(CO1)COC(OC2)CCCCCCCC(=O)OCCOC(=O)CCCCCCC*,tg,0.0,-28.729284286499023
*C1OCCC1*,tg,131.43,78.83617401123047
*C1OCCCC1C1C(=O)OC(=O)C1*,tg,210.0,146.19384765625
*C1OCOC(C1(F)F)C(*)(F)F,tg,125.0,36.095977783203125
*C1OCOC(C1)C*,tg,68.0,129.6168670654297
*C1SC(C=C1CCCCCC)*,tg,23.47,-41.00737380981445
*C1c2c(CC1*)cccc2,tg,200.0,97.17198944091797
*C1c2c(OC1*)cccc2,tg,65.2,152.3400115966797
*C1c2c3c(cccc3ccc2)C1*,tg,282.85,195.00038146972656
*C=C(*)C#N,egb,0.5068,3.5953943729400635
*C=C(*)CO,egc,4.3592,5.477110385894775
*C=C(*)c1cc(C(F)(F)F)oc1C(F)(F)F,egc,1.9958,1.377227783203125
*C=C(*)c1ccc(C(=O)Oc2c(F)c(F)c(F)c(F)c2F)cc1,egc,1.1102,2.0228426456451416
*C=C(*)c1ccc(NC=O)cc1,egc,0.2219,2.506690502166748
*C=C(*)c1ccc([N+](=O)[O-])cc1,egc,0.7984,1.0801748037338257
*C=C(*)c1cccc(Br)c1,egc,0.2843,1.4748854637145996
*C=C(*)c1cccc(C#C)c1,egc,0.069,0.7749939560890198
*C=C(*)c1cccc([Si](C)(C)C)c1,egc,0.7366,1.5597724914550781
*C=C(*)c1cccc2ccccc12,egc,0.8664,1.0929514169692993
*C=C(*)c1cccc[n+]1CC#C,egc,0.3201,0.26229143142700195
*C=C(*)c1ccccc1C(F)(F)F,egc,1.343,2.080763101577759
*C=C(*)c1cccs1,egc,3.6662,1.93974769115448
*C=C(*)c1ccsc1,egc,2.2157,1.89927339553833
*C=C(C(C*)(F)F)F,tg,-35.0,-16.64540672302246
*C=C(F)C(F)(F)C*,egc,5.7867,5.754287242889404
*C=C*,tg,-25.5,59.22975158691406
*C=C1CCC(=Cc2ccc(*)cc2)C1=O,egc,2.5147,3.3218889236450195
*C=C1CCC(=Cc2ccc(Sc3ccc(*)o3)o2)C1=O,egc,2.4731,2.852367401123047
*C=CC(=C(C)C)C(*)=C(C)C,egc,3.4443,2.7567737102508545
*C=CC(=O)C(C)=Cc1ccc(Sc2ccc(*)o2)o1,egc,2.9229,2.4260852336883545
*C=CC(C(*)C(=O)OC)C,tg,53.0,12.69752025604248
*C=CC(C(*)C(=O)OCC)C(=O)OCC,tg,6.0,49.1226692199707
*C=CC(C(*)C(=O)OCCCN(c1ccc(cc1)N(C)C)C)C,tg,16.0,17.024465560913086
*C=CC(C(*)C(=O)OCc1ccccc1)C(=O)OCc1ccccc1,tg,21.0,35.77964782714844
*C=CC(C(*)COCc1ccccc1)COCc1ccccc1,tg,-4.0,3.911677122116089
*C=CC(C(=O)OC(C)C)C(*)C(=O)OC(C)C,egc,5.3094,5.455976486206055
*C=CC(C(=O)OC)C(*)c1ccccc1,egc,4.9911,4.761392593383789
*C=CC(C)(C)C(*)(C)C,egc,5.1816,5.253996849060059
*C=CC(C)(C)CC(C#N)C*,egb,5.2738,5.613284587860107
*C=CC(C)(C)CC(C#N)C*,egc,5.6628,5.230539798736572
*C=CC(C)=C(C)C=Cc1ccc(-c2ccc(*)s2)s1,egc,1.5733,1.8714494705200195
*C=CC(C)C(*)C(=O)OCC(C)C,egc,5.4659,5.365801811218262
*C=CC(C)C(*)C(=O)OCCCC,egb,5.4974,4.966978073120117
*C=CC(C)C(*)C(=O)OCCCC,egc,5.2364,5.677524089813232
*C=CC(C)C*,egc,5.7207,5.381469249725342
*C=CC(C)CCCCCCCCC*,egc,5.8829,6.068610668182373
*C=CC(C*)COCC(=O)OCCCCCCCCOc1ccc(cc1)C=Cc1ccc(cc1)[N+](=O)[O-],tg,19.6,12.115242004394531
*C=CC(C*)OC,egc,5.0501,5.259385108947754
*C=CC(C*)OC,tg,-10.5,0.1295827180147171
*C=CC1=C(O)C(O)=C(*)C1,egc,1.3796,3.690025806427002
*C=CC1CC(*)C(C#N)(CC)C1,egc,6.1381,5.701944351196289
*C=CC1CC(*)C(C#N)(CCC)C1,egb,5.8705,5.686059951782227
*C=CC1CC(*)C(C#N)(C[Si](C)(C)C)C1,egc,5.6706,5.495932102203369
*C=CC1CC(*)C(C(=O)OC)C1C(=O)OC,egc,5.0643,5.469428539276123
*C=CC1CC(*)C(C(=O)OCCNC(C)(C)C)C1,egb,4.7904,5.315271854400635
*C=CC1CC(*)C(C(=O)OCCNC(C)(C)C)C1,egc,5.2249,4.920945644378662
*C=CC1CC(*)C(C(F)(F)F)(C(F)(F)F)C1(F)F,egc,5.3867,5.808559894561768
*C=CC1CC(*)C(F)(F)C1(F)OC(F)(F)C(F)(F)C(F)(F)F,egc,3.4449,5.649101257324219
*C=CC1CC(*)C2(Cl)OC(=O)OC12Cl,egc,5.2615,5.488525390625
*C=CC1CC(*)C2C(=O)N(CCC)C(=O)C12,egc,5.2391,5.4228315353393555
*C=CC1CC(*)C2C(=O)N(CCCCCCCCC)C(=O)C12,egb,5.104,4.962890148162842
*C=CC1CC(*)C2C(=O)N(CCCCCCCCC)C(=O)C12,egc,5.4434,5.073836803436279
*C=CC1CC(*)C2C(=O)N(c3cc(C(F)(F)F)cc(C(F)(F)F)c3)C(=O)C12,egc,5.0009,5.041154861450195
*C=CC1CC(*)C2C(=O)N(c3ccc(C)cc3)C(=O)C12,egc,5.2272,4.799191474914551
*C=CC1CC(*)C2C(=O)N(c3cccc(C)c3)C(=O)C12,egc,4.9512,5.235620975494385
*C=CC1CC(*)C2C3CCC(C3)C12,egc,5.1047,5.622435569763184
*C=CC1CC(*)C2CC=CC12,egb,5.6741,5.60062837600708
*C=CC1CC(*)C2CC=CC12,egc,5.3836,5.648955821990967
*C=CC1CC(*)C2CCCC12,egc,5.6651,5.733420372009277
*C=CC1CCC(*)C1,egc,5.4117,5.477778911590576
*C=CC=CC=CC=C(*)CCS(=O)(=O)O,egc,0.8077,2.4681739807128906
*C=CC=CCC*,egc,4.3008,5.083006858825684
*C=CCC(C*)(C(=O)OC12CC3CC(CC(C1)C3)C2)C(=O)OC12CC3CC(CC(C1)C3)C2,tg,34.0,142.4275665283203
*C=CCC*,egc,5.2133,5.203132152557373
*C=CCC*,tg,-89.57,-53.05242919921875
*C=CCCC*,egc,4.6373,5.597599983215332
*C=CCCCC(CCC*)Cl,tg,-63.0,-28.953161239624023
*C=CCCCC(Cl)CCC*,egc,5.737,5.699998378753662
*C=CCCCC*,egb,5.7962,5.669154167175293
*C=CCCCC*,egc,5.7726,5.507710933685303
*C=CCCCCC*,egc,5.8026,5.728475570678711
*C=CCCCCCCC(CCCCCC*)Cl,tg,-57.0,-39.75661849975586
*C=CCCCCCCCCCC(CCCCCCCCC*)COCCOCCOCCOCCOCc1c2ccc3cccc4ccc(cc1)c2c34,tg,-36.0,-24.888763427734375
*C=CCCCCCCCCCC(CCCCCCCCC*)Cl,tg,-37.0,-51.599395751953125
*C=CCCCCCCCCCC(Cl)CCCCCCCCC*,egc,5.874,6.134280681610107
*C=CCCCCCCCCCC*,egc,5.8787,5.6566033363342285
*C=CCCCCCCCCCC*,tg,-53.0,-61.83098220825195
*C=Cc1cc(CCCCCC)c(-c2sc(*)cc2CCCCCC)s1,egc,1.7165,1.9211260080337524
*C=Cc1cc(Cl)c(*)cc1Cl,egc,3.2579,2.5175905227661133
*C=Cc1cc(OC)c(*)cc1Br,egc,1.9302,2.7101821899414062
*C=Cc1cc(OC)c(C=Cc2ccc(*)s2)cc1OC,egc,1.7107,2.8767473697662354
*C=Cc1cc(OCC)c(*)cc1OCC,egc,4.2145,2.5497496128082275
*C=Cc1cc(OCCCCCC)c(*)cc1OC,egc,2.3505,3.7317895889282227
*C=Cc1ccc(*)c(C(=O)OC)c1C(=O)OC,egc,4.11,3.1663551330566406
*C=Cc1ccc(*)c(F)c1,egc,2.259,2.7851402759552
*C=Cc1ccc(*)c2ccc(CCCCCC)cc12,egc,2.3017,2.6269047260284424
*C=Cc1ccc(*)c2ccc(CCCCCCCCCCC)cc12,egc,2.3432,2.2119247913360596
*C=Cc1ccc(*)c2occc12,egc,1.6799,2.661506414413452
*C=Cc1ccc(*)c2sccc12,egc,2.1967,2.741194248199463
*C=Cc1ccc(*)n1CCCCCC,egb,1.3683,1.864270567893982
*C=Cc1ccc(*)n1CCCCCC,egc,1.5103,1.95216703414917
*C=Cc1ccc(*)n1CCCCCCCCCCCC,egc,1.2671,1.5451244115829468
*C=Cc1ccc(*)nc1,egc,1.9268,3.058192014694214
*C=Cc1ccc(*)s1,egc,2.7814,2.9796085357666016
*C=Cc1ccc(-c2ccc(*)s2)s1,egc,1.9942,1.9549459218978882
*C=Cc1ccc(-c2ccc(C=Cc3cc(*)ncn3)cc2)cc1,egc,2.7379,2.983799934387207
*C=Cc1ccc(C=Cc2cc(*)ncn2)cc1,egc,2.9779,2.5838241577148438
*C=Cc1ccc2c(c1)C(CC(CC)CCCC)(CC(CC)CCCC)c1cc(*)ccc1-2,egc,2.8561,2.8889718055725098
*C=Cc1cccc(C=Cc2cc(*)nc(-c3ccccc3)n2)c1,egc,3.248,3.28446626663208
*C=Cc1cccc(C=Cc2cc(*)ncn2)c1,egc,3.4013,2.2948544025421143
*C=Cc1csc(C=Cc2cccc(*)n2)c1CCCCCC,egc,3.4055,2.5012571811676025
*C=Cc1sc(*)c2c1OC(CCCCCC)CO2,egc,1.0146,2.8239426612854004
*C=NCCCCCCN=Cc1ccc(Sc2ccc(*)o2)o1,egc,3.6661,3.262077808380127
*C=NCCN=Cc1ccc(Sc2ccc(*)o2)o1,egc,3.3427,3.6540143489837646
*C=NN=Cc1cc(CCCCCCCCCCCC)c(*)s1,egc,1.846,2.7602272033691406
*C=Nc1ccc(N=Cc2ccc(Sc3ccc(*)o3)o2)cc1,egc,2.5795,3.167262315750122
*C=Nc1ccc(S(=O)(=O)c2ccc(N=Cc3ccc(Sc4ccc(*)o4)o3)cc2)cc1,egc,3.0975,2.6811935901641846
*C=Nc1cccc(N=Cc2cccc(*)n2)c1,egc,3.1599,3.704922676086426
*C=c1ccc(=c2ccc(=Cc3ccc(*)s3)s2)s1,egb,1.224,1.0951586961746216
*C=c1ccc(=c2ccc(=Cc3ccc(-c4ccc(*)s4)s3)s2)s1,egc,0.8337,1.5896283388137817
*CC#CC#CCOC(=O)CCC(=O)O*,egc,4.9872,5.318653583526611
*CC#CC#CCOC(=O)NCCCCCCNC(=O)O*,egc,4.9601,5.219249725341797
*CC#CC#CCOC(=O)Nc1ccc(Cc2ccc(NC(=O)O*)cc2)cc1,egc,4.0768,4.337429523468018
*CC#CC#CCOc1ccc(-c2ccc(O*)cc2)cc1,egc,4.0246,4.1127705574035645
*CC#CC#CCOc1ccc(C(C)(C)c2ccc(O*)cc2)cc1,egc,4.3962,4.189343452453613
*CC#CCOC(=O)CCC(=O)O*,egc,5.9483,6.026116847991943
*CC#CCOC(=O)CCCCCCC(=O)O*,egc,6.2765,6.207097053527832
*CC#CCOC(=O)CCCCCCCCC(=O)O*,egc,6.1042,6.458709239959717
*CC#CCOC(=O)CCCCCCCCCCC(=O)O*,egc,6.5433,6.274258613586426
*CC(*)(Br)Br,egc,5.2567,5.545298099517822
*CC(*)(C#N)C#N,egb,6.9314,6.756641864776611
*CC(*)(C#N)C(=O)OCC,egc,6.5171,6.474304676055908
*CC(*)(C#N)C(=O)OCCCCCCC,egc,6.3455,6.405945777893066
*CC(*)(C)C#N,egb,7.1863,7.271952152252197
*CC(*)(C)C#N,egc,7.6319,7.0253424644470215
*CC(*)(C)C(=O)Nc1cccc(-c2nnc(-c3ccccc3)o2)c1,egc,3.5944,4.474363327026367
*CC(*)(C)C(=O)OC,egc,6.5972,6.341881275177002
*CC(*)(C)C(=O)OC(C(F)(F)F)C(F)(F)F,egb,5.3218,5.957912921905518
*CC(*)(C)C(=O)OC(CC)OCC,egc,6.3891,6.023259162902832
*CC(*)(C)C(=O)OC(F)(C(F)(F)F)C(F)(F)F,egb,6.1125,5.4908552169799805
*CC(*)(C)C(=O)OC(F)(C(F)(F)F)C(F)(F)F,egc,6.1534,6.893390655517578
*CC(*)(C)C(=O)OCC,egb,6.2424,6.215020179748535
*CC(*)(C)C(=O)OCC(=O)N1CCCC1,egc,5.0881,6.037952423095703
*CC(*)(C)C(=O)OCC(F)(F)C(F)F,egb,5.3983,6.040840148925781
*CC(*)(C)C(=O)OCC(F)(F)C(F)F,egc,6.3988,5.96199893951416
*CC(*)(C)C(=O)OCC(F)(F)F,egc,6.5436,6.2172746658325195
*CC(*)(C)C(=O)OCCBr,egc,5.9262,5.960589408874512
*CC(*)(C)C(=O)OCCC#N,egb,6.2508,5.821601390838623
*CC(*)(C)C(=O)OCCC1CCCCC1,egc,6.5132,5.983969211578369
*CC(*)(C)C(=O)OCCCCn1c2ccccc2c2ccccc21,egc,3.7637,3.0911004543304443
*CC(*)(C)C(=O)OCC[N+](=O)[O-],egc,4.7247,4.976038455963135
*CC(*)(C)C(=O)OCCc1ccccc1,egb,4.9946,5.498224258422852
*CC(*)(C)C(=O)OCCc1ccccc1,egc,5.7104,5.43881368637085
*CC(*)(C)C(=O)OCc1ccc(Cl)cc1,egc,4.9536,5.1471757888793945
*CC(*)(C)C(=O)OCc1ccc(Cl)cc1Cl,egc,4.8651,4.760397911071777
*CC(*)(C)C(=O)OCc1ccc2c(c1)c1ccccc1n2CC,egc,3.4735,4.043375492095947
*CC(*)(C)C(=O)OCc1cccs1,egc,4.9884,4.861224174499512
*CC(*)(C)C(=O)Oc1ccc2ccccc2c1,egc,3.6336,4.490827560424805
*CC(*)(C)C(=O)Oc1ccccc1,egb,4.8118,4.7774763107299805
*CC(*)(C)C(=O)Oc1ccccc1,egc,5.2323,5.050478935241699
*CC(*)(CF)C(=O)OC,egc,6.854,6.463383197784424
*CC(*)(CO)C(=O)OCC,egc,5.8505,6.513450622558594
*CC(*)(Cl)C#N,egc,6.5592,6.688619136810303
*CC(*)(Cl)Cl,egc,5.4955,6.327858924865723
*CC(*)(F)C(=O)OC,egc,6.8022,6.700530529022217
*CC(*)(F)C(=O)OCC(Cl)(Cl)Cl,egc,6.1654,5.976550102233887
*CC(*)(F)C(=O)OCC(F)(F)C(F)(F)C(F)(F)C(F)(F)C(F)(F)C(F)(F)C(F)(F)C(F)(F)F,egc,6.7134,6.061944961547852
*CC(*)(F)C(=O)OCC(F)(F)C(F)(F)C(F)(F)F,egb,6.2862,6.23768949508667
*CC(*)(F)C(=O)OCC(F)(F)C(F)(F)F,egc,6.4706,6.884364128112793
*CC(*)(F)C(=O)OCCC,egc,6.5259,6.635380744934082
*CC(*)(F)C(=O)OCCC(F)(F)C(F)(F)C(F)(F)C(F)(F)C(F)(F)C(F)(F)C(F)(F)C(F)(F)F,egb,5.7714,6.1196980476379395
*CC(*)(F)C(=O)OCCC(F)(F)C(F)(F)C(F)(F)C(F)(F)C(F)(F)C(F)(F)C(F)(F)C(F)(F)F,egc,6.6046,6.108469486236572
*CC(*)(F)Cl,egc,6.2438,6.1363067626953125
*CC(*)(F)F,eea,1.1415,0.9759771227836609
*CC(*)(F)F,ei,8.1531,7.874170303344727
*CC(*)(F)F,eps,3.37,3.5227949619293213
*CC(*)(F)F,nc,1.6122,1.5953538417816162
*CC(*)=C,egc,5.3034,4.523775100708008
*CC(*)C,eea,0.4343,1.0116580724716187
*CC(*)C,egb,7.6997,7.184435844421387
*CC(*)C,ei,6.185,7.283576488494873
*CC(*)C,eps,2.61,3.0541744232177734
*CC(*)C,nc,1.6081,1.6480416059494019
*CC(*)C#N,egc,7.7741,7.0267133712768555
*CC(*)C(=O)C(C)(C)C,egc,5.3334,5.1305952072143555
*CC(*)C(=O)N(CCC)CCC,egc,5.3191,5.671164512634277
*CC(*)C(=O)N(O)c1cccc(C)c1,egc,4.1845,4.477476119995117
*CC(*)C(=O)NC,egc,5.4371,5.668558120727539
*CC(*)C(=O)NCC,egc,5.2246,5.734941005706787
*CC(*)C(=O)NCC(F)(F)C(F)(F)C(F)(F)F,egc,5.7825,6.386230945587158
*CC(*)C(=O)NCCC,egc,6.0177,5.455341339111328
*CC(*)C(=O)NCCC(F)(F)C(F)(F)C(F)(F)C(F)(F)C(F)(F)C(F)(F)C(F)(F)C(F)(F)F,egc,5.7478,6.067331314086914
*CC(*)C(=O)Nc1ccccc1Cl,egb,4.2427,3.0046348571777344
*CC(*)C(=O)OC(C)C,egb,6.455,6.238131999969482
*CC(*)C(=O)OC(C)C,egc,6.4162,6.357544898986816
*CC(*)C(=O)OC(C)CC(C)C,egc,6.3605,6.266705513000488
*CC(*)C(=O)OC(OCC)C(F)(F)F,egc,6.3353,6.565896034240723
*CC(*)C(=O)OC1CCCCC1,egc,6.0771,6.341226577758789
*CC(*)C(=O)OCC,egc,6.2551,6.459133625030518
*CC(*)C(=O)OCC(C)C,egc,6.1261,6.440592288970947
*CC(*)C(=O)OCC(F)(F)C(F)(F)C(F)(F)C(F)(F)C(F)(F)C(F)(F)C(F)(F)F,egb,5.7185,5.8656463623046875
*CC(*)C(=O)OCC(F)(F)C(F)(F)C(F)(F)C(F)(F)C(F)(F)C(F)(F)C(F)(F)F,egc,6.2833,6.386467933654785
*CC(*)C(=O)OCC(F)(F)C(F)(F)C(F)(F)F,egc,6.784,6.682636737823486
*CC(*)C(=O)OCC(F)(F)C(F)(F)OC(F)(F)C(F)(F)C(F)(F)C(F)(F)F,egb,6.0236,6.834856033325195
*CC(*)C(=O)OCC(F)(F)C(F)(F)OC(F)(F)C(F)(F)C(F)(F)C(F)(F)F,egc,6.9089,6.277058124542236
*CC(*)C(=O)OCC(F)(F)C(F)(F)OC(F)(F)F,egc,6.5517,6.956054210662842
*CC(*)C(=O)OCC(F)(F)C(F)C(F)(F)F,egc,6.8499,6.400203704833984
*CC(*)C(=O)OCC=C,egc,6.066,5.563284397125244
*CC(*)C(=O)OCCC#N,egc,6.4368,6.730770111083984
*CC(*)C(=O)OCCCCC,egc,6.4787,6.149804592132568
*CC(*)C(=O)OCCCCCCSCC#N,egc,5.2126,5.0944976806640625
*CC(*)C(=O)OCCCCSC,egc,4.571,5.221936225891113
*CC(*)C(=O)OCCCSCC,egb,5.1212,5.087554931640625
*CC(*)C(=O)OCCO,egc,6.417,6.276636600494385
*CC(*)C(=O)OCCOCC1(CC)COC1,egc,5.6941,5.525655269622803
*CC(*)C(=O)OCCSCC#N,egc,5.2595,5.470672130584717
*CC(*)C(=O)Oc1ccc(C#N)cc1,egc,4.6366,3.4751064777374268
*CC(*)C(=O)Oc1ccc(Cl)cc1,egc,2.4559,4.241893768310547
*CC(*)C(=O)Oc1ccc(OC)cc1,egc,4.4447,3.5159640312194824
*CC(*)C(=O)c1ccc(Br)c(OC)c1,egc,3.8338,2.08620023727417
*CC(*)C(=O)c1ccc(Br)cc1,egc,1.5897,3.4739651679992676
*CC(*)C(=O)c1ccc(CC)cc1,egc,4.27,3.4272124767303467
*CC(*)C(=O)c1ccccc1O,egc,1.7298,3.2615747451782227
*CC(*)C(=O)n1sc2ccccc2c1=O,egc,1.2252,3.1706104278564453
*CC(*)C(F)(F)C(F)(F)C(F)(F)F,egc,8.6189,8.211624145507812
*CC(*)C(F)(F)F,egc,8.2263,8.027667999267578
*CC(*)C(N)=O,egb,6.3764,5.541873455047607
*CC(*)CC,egb,7.9012,7.464762210845947
*CC(*)CC(C)C,egc,6.7394,6.61838436126709
*CC(*)CCC,egb,7.2705,7.772668838500977
*CC(*)CCC,egc,6.7336,6.313647270202637
*CC(*)CCCC1CCCCC1,egc,6.3703,6.455114841461182
*CC(*)CCc1ccc(C)cc1,egc,5.1686,5.060221195220947
*CC(*)CN,egc,5.4738,5.5670576095581055
*CC(*)CO,egb,7.4192,7.931453227996826
*CC(*)CO,egc,6.2929,6.069605350494385
*CC(*)F,egb,8.3099,7.455761432647705
*CC(*)F,ei,7.6332,7.6901164054870605
*CC(*)F,eps,3.36,3.283369779586792
*CC(*)N,egc,5.222,5.749775409698486
*CC(*)N1CCCC1=O,egb,5.5902,6.110262870788574
*CC(*)N1CCCC1=S,egc,4.1333,2.709991455078125
*CC(*)OC(=O)C(C)(C)C,egc,6.1579,6.114765167236328
*CC(*)OC(=O)C(F)(F)C(F)(F)F,egc,6.6309,6.34890079498291
*CC(*)OC(=O)CC1CCCC1,egb,6.4741,6.464934349060059
*CC(*)OC(=O)CC1CCCC1,egc,6.5327,6.363799095153809
*CC(*)OC(=O)CCC,egc,6.8545,6.366885662078857
*CC(*)OC(=O)CCC#N,egc,6.425,6.7934770584106445
*CC(*)OC(=O)OCC(F)(F)F,egb,7.9003,6.560861587524414
*CC(*)OC(=O)OCC(F)(F)F,egc,7.5359,7.076667308807373
*CC(*)OC(=O)c1ccc(OC(C)=O)cc1,egc,4.6237,4.439813613891602
*CC(*)OC(=O)c1ccc(OC)cc1,egc,4.435,4.646478652954102
*CC(*)OC(=O)c1cccc(Cl)c1,egc,1.7974,4.565372943878174
*CC(*)OC(=O)c1cccnc1,egc,4.7397,4.214881896972656
*CC(*)OC(C)=O,egb,5.9373,6.881141662597656
*CC(*)OC(C)=O,egc,6.8523,6.23947286605835
*CC(*)OC=O,egc,6.9603,6.1355695724487305
*CC(*)OCC(=O)OC,egc,5.3903,6.088624954223633
*CC(*)OCCCCC,egc,5.9056,5.82792329788208
*CC(*)OCCCCCCCCCCCC,egc,5.4919,5.794654369354248
*CC(*)OCCCl,egc,6.0339,5.968696117401123
*CC(*)OCCOc1ccc(C=C(C#N)C(=O)OC)cc1,egc,3.1988,2.0698132514953613
*CC(*)OCc1ccccc1,egc,5.0639,4.809020042419434
*CC(*)SC,egc,5.023,4.585354328155518
*CC(*)c1c(F)c(F)c(OC)c(F)c1F,egc,4.6291,4.3087358474731445
*CC(*)c1cc(C)ccc1C,egc,4.9137,4.754058361053467
*CC(*)c1cc(OC)ccc1OC,egc,3.8323,4.409034252166748
*CC(*)c1ccc(C(=O)CCN2CCCCC2)cc1,egc,2.7084,3.1536314487457275
*CC(*)c1ccc(C(=O)CCN2CCOCC2)cc1,egc,3.2629,3.338007926940918
*CC(*)c1ccc(C(=O)Cc2ccccc2)cc1,egc,3.6382,3.65681529045105
*CC(*)c1ccc(C(=O)OCC(C)C)cc1,egb,4.8032,3.552198648452759
*CC(*)c1ccc(C(=O)c2ccccc2)cc1,egc,3.5289,3.883702039718628
*CC(*)c1ccc(C(O)CCN2CCOCC2)cc1,egc,3.8601,3.8548786640167236
*CC(*)c1ccc(C)cc1C,egc,4.8585,4.775693416595459
*CC(*)c1ccc(C)nc1,egc,4.8601,4.512109279632568
*CC(*)c1ccc(CCCCCC)cc1,egc,4.9872,3.7952041625976562
*CC(*)c1ccc(CCl)cc1,egc,3.4202,3.946855306625366
*CC(*)c1ccc(Cl)c([N+](=O)[O-])c1,egc,1.4833,3.033482313156128
*CC(*)c1ccc(F)cc1,egc,2.0489,4.346027851104736
*CC(*)c1ccc2c(c1)OCO2,egc,4.4057,4.438976764678955
*CC(*)c1ccc2ccccc2c1,egc,3.6351,2.5616683959960938
*CC(*)c1cccc(C)c1,egc,5.185,4.122326850891113
*CC(*)c1cccc2c1OCO2,egc,4.5452,4.297607421875
*CC(*)c1ccncc1,egc,2.5368,4.833568096160889
*CC(*)c1nc(C)nc(C)n1,egc,5.2445,5.003143787384033
*CC(*)n1c(C)c(C)c2ccccc21,egc,2.733,3.2581725120544434
*CC(*)n1cc2ccccc2n1,egc,3.7572,2.7585644721984863
*CC(*)n1ccc2ccccc21,egc,1.6204,4.1390228271484375
*CC(*)n1nnc2ccccc21,egc,4.0479,3.102755069732666
*CC(=O)C(*)C,egc,4.7758,5.020102024078369
*CC(=O)C(=S)C(*)=O,eea,4.8698,3.9561057090759277
*CC(=O)C(=S)C(*)=O,egb,1.4812,1.2712194919586182
*CC(=O)C(=S)C(*)=O,ei,6.8667,6.923486232757568
*CC(=O)C(=S)C(*)=O,eps,6.33,5.155374050140381
*CC(=O)C(=S)C(S1)=CC=C1*,egc,2.5515,2.823295831680298
*CC(=O)C(=S)O*,eea,2.8847,3.714484214782715
*CC(=O)C(=S)O*,egb,2.0217,3.238022804260254
*CC(=O)C(=S)O*,ei,6.719,6.229006767272949
*CC(=O)C(=S)O*,eps,4.8,4.7031636238098145
*CC(=O)C(=S)c1ccc(*)cc1,nc,2.03,2.0692551136016846
*CC(=O)C(C=C1)=CC=C1C(=O)*,egc,4.4703,3.831730604171753
*CC(=O)C(C=C1)=CC=C1C(=S)*,egc,2.7253,2.949608564376831
*CC(=O)C(C=C1)=CC=C1C(S2)=CC=C2*,egc,3.5141,3.3864705562591553
*CC(=O)C(S1)=CC=C1C(=O)*,egc,4.0034,4.0883660316467285
*CC(=O)C(S1)=CC=C1C(C=C2)=CC=C2*,egc,3.4067,3.1753110885620117
*CC(=O)C(S1)=CC=C1C(S2)=CC=C2*,egc,2.8653,3.1586806774139404
*CC(=O)CC(*)=O,eea,1.5258,1.6937817335128784
*CC(=O)CC(*)=O,egb,4.6959,4.120378494262695
*CC(=O)CC(*)=O,ei,5.6663,6.615464210510254
*CC(=O)CC(*)=O,eps,3.79,3.881718873977661
*CC(=O)CC(*)=O,nc,1.7565,1.7481857538223267
*CC(=O)CC(*)=S,eea,3.0632,2.997774362564087
*CC(=O)CC(*)=S,eps,3.82,4.0539937019348145
*CC(=O)CC(*)=S,nc,1.8167,1.8508622646331787
*CC(=O)CC(=O)*,egc,4.1544,5.230599880218506
*CC(=O)CC(=S)*,egc,2.8292,2.951321840286255
*CC(=O)CC(C=C1)=CC=C1*,egc,4.4305,4.533047676086426
*CC(=O)CO*,ei,6.97,6.910701274871826
*CC(=O)CO*,nc,1.6922,1.7560075521469116
*CC(=O)Cc1ccc(*)cc1,eea,1.8209,1.7906352281570435
*CC(=O)Cc1ccc(*)cc1,ei,6.2518,6.343163967132568
*CC(=O)Cc1ccc(*)cc1,eps,3.64,3.5588977336883545
*CC(=O)Cc1ccc(*)s1,eea,1.6069,1.7102431058883667
*CC(=O)Cc1ccc(*)s1,nc,1.799,1.832813024520874
*CC(=O)N*,egc,6.0823,6.059502601623535
*CC(=O)N*,ei,7.2525,6.998365879058838
*CC(=O)NC(*)=O,egb,4.8368,4.402689456939697
*CC(=O)NC(*)=O,ei,5.8547,6.18809700012207
*CC(=O)NC(*)=O,nc,1.7864,1.7844924926757812
*CC(=O)NC(*)=S,eea,2.9562,2.5916695594787598
*CC(=O)NC(*)=S,egb,3.0348,2.5296311378479004
*CC(=O)NC(*)=S,ei,5.8386,6.2533793449401855
*CC(=O)NC(*)=S,nc,1.9255,1.9739478826522827
*CC(=O)NC(=O)*,egc,4.269,4.701648712158203
*CC(=O)NC(=S)*,egc,2.887,2.985464572906494
*CC(=O)NC(C=C1)=CC=C1*,egc,4.5889,4.515381336212158
*CC(=O)NC(S1)=CC=C1*,egc,4.4758,4.258279323577881
*CC(=O)NCC(=O)O*,egc,6.011,5.979165554046631
*CC(=O)NCCCCCCNC(=O)CO*,egc,6.0674,5.734578609466553
*CC(=O)NCCCCCCNC(=O)COC(=O)CCCCC(=O)O*,egc,6.0986,5.954147815704346
*CC(=O)NCCCCCCNC(=O)COc1ccc(O*)cc1,egc,4.6023,4.905742168426514
*CC(=O)Nc1ccc(*)cc1,eea,1.369,1.334420084953308
*CC(=O)Nc1ccc(*)cc1,eps,4.03,4.074186325073242
*CC(=O)Nc1ccc(*)cc1,nc,1.8294,1.8296928405761719
*CC(=O)Nc1ccc(*)s1,eea,1.3272,1.451408863067627
*CC(=O)Nc1ccc(*)s1,egb,3.9328,3.880560874938965
*CC(=O)Nc1ccc(*)s1,nc,1.8784,1.8636142015457153
*CC(=O)Nc1ccc(NC(=O)CN2C(=O)c3ccc(C(=O)c4ccc5c(c4)C(=O)N(*)C5=O)cc3C2=O)cc1,egc,2.4122,2.390350818634033
*CC(=O)Nc1ccc(Oc2ccc(NC(=O)CN3C(=O)c4ccc(C(=O)c5ccc6c(c5)C(=O)N(*)C6=O)cc4C3=O)cc2)cc1,egc,2.2667,2.6061654090881348
*CC(=O)Nc1ccc(Oc2ccc(Oc3ccc(NC(=O)CN4C(=O)c5ccc(C(=O)c6ccc7c(c6)C(=O)N(*)C7=O)cc5C4=O)cc3)cc2)cc1,egc,2.2729,2.624715566635132
*CC(=O)O*,eea,1.2063,1.6427016258239746
*CC(=O)O*,ei,8.2018,7.681611061096191
*CC(=O)O*,eps,3.99,3.823279619216919
*CC(=O)O*,nc,1.6701,1.66128408908844
*CC(=O)OC(*)=O,ei,8.5901,7.897551536560059
*CC(=O)OC(*)=O,eps,3.95,3.629227638244629
*CC(=O)OC(*)=S,egb,3.73,3.4958150386810303
*CC(=O)OC(*)=S,eps,3.78,4.184711456298828
*CC(=O)OC(=O)*,egc,6.3725,6.499453067779541
*CC(=O)OC(=O)c1ccc(O*)cc1Br,egc,4.4665,4.419924259185791
*CC(=O)OC(=O)c1cccc(O*)c1,egc,4.4815,4.442605972290039
*CC(=O)OC(S1)=CC=C1*,egc,4.6247,4.752307415008545
*CC(=O)OCCCCCCOC(=O)Cn1c(=O)c2cc3c(=O)n(*)c(=O)c3cc2c1=O,egc,3.6832,3.712700605392456
*CC(=O)Oc1ccc(*)s1,eea,1.4534,1.3633133172988892
*CC(=O)Oc1ccc(*)s1,egb,4.2025,4.099164009094238
*CC(=O)Oc1ccc(*)s1,eps,3.92,4.039680480957031
*CC(=O)Oc1ccc(*)s1,nc,1.8447,1.8261984586715698
*CC(=O)c1ccc(-c2ccc(*)cc2)cc1,egb,3.0649,3.17900013923645
*CC(=O)c1ccc(-c2ccc(*)cc2)cc1,ei,6.2808,5.987514495849609
*CC(=O)c1ccc(-c2ccc(*)cc2)cc1,eps,3.96,4.323098182678223
*CC(=O)c1ccc(-c2ccc(*)cc2)s1,egb,2.5123,2.635040760040283
*CC(=O)c1ccc(-c2ccc(*)cc2)s1,eps,4.58,4.614576816558838
*CC(=O)c1ccc(-c2ccc(*)cc2)s1,nc,2.0173,2.025482416152954
*CC(=O)c1ccc(-c2ccc(*)s2)cc1,eea,2.4129,2.517794370651245
*CC(=O)c1ccc(-c2ccc(*)s2)cc1,ei,5.9294,5.9389142990112305
*CC(=O)c1ccc(-c2ccc(*)s2)cc1,nc,2.0511,2.0070528984069824
*CC(=O)c1ccc(-c2ccc(*)s2)s1,egb,2.3893,2.3282470703125
*CC(=O)c1ccc(-c2ccc(*)s2)s1,eps,4.89,5.278337001800537
*CC(=O)c1ccc(C(*)=O)cc1,egb,2.9172,3.3539340496063232
*CC(=O)c1ccc(C(*)=O)cc1,eps,4.2,4.235030651092529
*CC(=O)c1ccc(C(*)=O)s1,eea,3.1941,3.175215244293213
*CC(=O)c1ccc(C(*)=O)s1,egb,2.9786,2.9283671379089355
*CC(=O)c1ccc(C(*)=O)s1,ei,7.202,6.856297492980957
*CC(=O)c1ccc(C(*)=O)s1,eps,4.49,4.509393692016602
*CC(=O)c1ccc(C(*)=O)s1,nc,1.9246,1.9231802225112915
*CC(=O)c1ccc(C(*)=S)cc1,eea,3.7473,3.3283708095550537
*CC(=O)c1ccc(C(*)=S)cc1,egb,2.4669,2.3093807697296143
*CC(=O)c1ccc(C(*)=S)cc1,ei,6.4748,6.55638313293457
*CC(=O)c1ccc(C(*)=S)s1,egb,2.3542,2.3086137771606445
*CC(=O)c1ccc(C(*)=S)s1,eps,4.78,5.230177402496338
*CC(=O)c1ccc(O*)cc1,eea,2.3793,1.9292118549346924
*CC(=O)c1ccc(O*)cc1,egb,3.8893,3.6129751205444336
*CC(=O)c1ccc(O*)cc1,ei,6.5457,6.775611877441406
*CC(=O)c1ccc(O*)s1,eea,2.4711,2.3586275577545166
*CC(=S)C(=O)C(*)=S,egb,0.725,1.1232130527496338
*CC(=S)C(=O)C(=S)*,egc,1.5344,1.7481366395950317
*CC(=S)C(=O)O*,eea,3.8755,3.4294118881225586
*CC(=S)C(=O)O*,egb,2.0697,2.345215320587158
*CC(=S)C(=O)O*,eps,4.54,4.896524906158447
*CC(=S)C(=O)O*,nc,1.92,1.946054220199585
*CC(=S)C(C=C1)=CC=C1N*,egc,2.6292,2.561669111251831
*CC(=S)C(C=C1)=CC=C1O*,egc,2.734,2.768319606781006
*CC(=S)C(S1)=CC=C1O*,egc,2.8161,3.2360646724700928
*CC(=S)CC(*)=S,nc,1.9346,1.8642765283584595
*CC(=S)CC(=S)*,egc,2.5423,2.8772363662719727
*CC(=S)CO*,egb,2.5314,2.731912612915039
*CC(=S)CO*,egc,3.0342,2.894390106201172
*CC(=S)CO*,ei,5.5936,6.159998893737793
*CC(=S)CO*,eps,4.16,4.327214241027832
*CC(=S)CO*,nc,1.8843,1.882768988609314
*CC(=S)NC(*)=S,eps,5.73,4.994958400726318
*CC(=S)NC(*)=S,nc,2.0504,2.094982862472534
*CC(=S)NC(=S)*,egc,2.5403,3.086388349533081
*CC(=S)NO*,eea,2.2076,2.436326026916504
*CC(=S)NO*,egb,3.2554,3.2354042530059814
*CC(=S)NO*,egc,3.435,3.757617235183716
*CC(=S)NO*,ei,5.6761,5.751009464263916
*CC(=S)NO*,eps,5.15,4.567135810852051
*CC(=S)NO*,nc,1.9431,1.9946849346160889
*CC(=S)OC(*)=S,egb,2.7744,2.765312671661377
*CC(=S)OC(*)=S,nc,1.9523,1.9341087341308594
*CC(=S)OC(=S)*,egc,3.3702,3.3969669342041016
*CC(=S)c1ccc(C(*)=S)cc1,eea,2.9742,3.327881097793579
*CC(=S)c1ccc(C(*)=S)s1,egb,1.6797,1.5852278470993042
*CC(=S)c1ccc(C(*)=S)s1,ei,4.932,5.954782485961914
*CC(=S)c1ccc(C(*)=S)s1,eps,6.4,6.2973432540893555
*CC(=S)c1ccc(C(*)=S)s1,nc,2.4487,2.3138935565948486
*CC(=S)c1ccc(N*)cc1,eea,3.0309,2.887608766555786
*CC(=S)c1ccc(N*)cc1,ei,5.6636,5.745444297790527
*CC(=S)c1ccc(N*)cc1,eps,5.48,5.503442287445068
*CC(=S)c1ccc(O*)cc1,eea,3.1915,2.838233470916748
*CC(=S)c1ccc(O*)cc1,egb,2.3706,2.533612012863159
*CC(=S)c1ccc(O*)cc1,eps,4.45,4.62367582321167
*CC(=S)c1ccc(O*)s1,egb,1.6344,2.5262362957000732
*CC(=S)c1ccc(O*)s1,ei,5.946,5.943348407745361
*CC(=S)c1ccc(O*)s1,eps,5.64,4.9554548263549805
*CC(=S)c1ccc(O*)s1,nc,2.1619,2.061828136444092
*CC(C#N)(C#N)C(C#N)C(*)(C#N)C#N,egb,6.2447,6.576076030731201
*CC(C#N)(C#N)C(C#N)C(C#N)(C#N)C(C#N)C(C#N)(C#N)C(C#N)C(*)(C#N)C#N,egb,5.9056,6.247668266296387
*CC(C#N)(C#N)CC(C#N)(C#N)C(C#N)C(*)(C#N)C#N,egb,6.5308,6.4125237464904785
*CC(C#N)(C#N)CC(C#N)(C#N)C(C#N)C(C#N)(C#N)*,egc,6.9307,6.80104398727417
*CC(C#N)(C#N)CC(C#N)(C#N)CC(C#N)(C#N)C(C#N)C(*)(C#N)C#N,egb,6.4504,6.473453521728516
*CC(C(=O)Oc1ccccc1)C(C(=O)O)C(*)(C)C,egc,5.2905,5.844627857208252
*CC(C)(C)C(=O)N*,egc,5.6887,5.95067024230957
*CC(C)(C)C(=O)O*,egc,6.6633,6.451382160186768
*CC(C)(C)C1C(=O)N(C(C)C)C(=O)C1*,egc,5.5919,5.585490703582764
*CC(C)(C)CO*,egc,5.8123,5.682977199554443
*CC(C)(C)COC(=O)C(=O)O*,egc,4.957,5.484958648681641
*CC(C)(C)COC(=O)CC(=O)O*,egc,6.7138,6.565329551696777
*CC(C)(C)COC(=O)CCC(=O)O*,egc,6.4486,6.551853179931641
*CC(C)(C)COC(=O)CCCCC(=O)O*,egb,6.5878,6.168215751647949
*CC(C)(C)COC(=O)CCCCC(=O)O*,egc,6.692,6.858827114105225
*CC(C)(C)COC(=O)CCCCCCC(=O)O*,egc,6.7281,6.766953945159912
*CC(C)(C)COC(=O)CCCCCCCCC(=O)O*,egc,6.6996,6.735644340515137
*CC(C)(C)COC(=O)NC(=O)c1cccc(C(=O)NC(=O)O*)c1,egc,4.9585,5.09248161315918
*CC(C)(C)COC(=O)NC1CCC(CC2CCC(NC(=O)O*)CC2)CC1,egc,5.9159,6.234990119934082
*CC(C)(C)COC(=O)NCCCC(CCNC(=O)O*)OC,egc,6.1723,5.629618167877197
*CC(C)(C)COC(=O)Nc1ccc(Cc2ccc(NC(=O)O*)c(C)c2)cc1C,egc,4.5157,4.765957832336426
*CC(C)(C)COC(=O)Nc1ccc(NC(=O)O*)cc1,egc,4.8883,4.514890670776367
*CC(C)(C)COC(=O)O*,egc,7.3547,6.7981414794921875
*CC(C)(C)CS(=O)(=O)CC(C)(C)COC(=O)O*,egc,6.8436,6.6870198249816895
*CC(C)(C)O*,egc,5.2445,5.744735240936279
*CC(C)(CC)CO*,egc,5.6322,5.856164932250977
*CC(C)(CC)COC(=O)CCCCCCCCC(=O)O*,egc,6.7916,6.608087539672852
*CC(C)(CCl)O*,egc,5.7953,5.985515594482422
*CC(C)(CO*)COCC(F)(F)F,egc,5.3043,6.8900251388549805
*CC(C)(CO*)COCCC#N,egc,5.387,5.413046360015869
*CC(C)(COC(=O)NCCCCCCNC(=O)O*)C(=O)O,egc,6.2179,5.985431671142578
*CC(C)(N=C=O)C1C(=O)OC(=O)C1*,egc,6.0105,4.845001697540283
*CC(C)C(C)COC(=O)c1ccc(C(=O)O*)cc1,egc,4.7326,4.516129970550537
*CC(C)C1C(=O)N(CCC)C(=O)C1*,egc,5.8295,5.597257137298584
*CC(C)C1COC2C(C(=O)OC(O)(C(F)(F)F)C(F)(F)C*)CC12,egc,6.2241,6.527238845825195
*CC(C)CNC(=O)O*,egc,6.3739,6.255009651184082
*CC(C)CO*,egb,7.3501,6.80082368850708
*CC(C)CO*,egc,5.976,6.124486446380615
*CC(C)O*,egb,6.9903,7.196656703948975
*CC(C)O*,egc,5.7517,5.9593682289123535
*CC(C1=CC=CC=C1)CC(C2=CC=CC=C2)CC(C3=CC=CC=C3)CC(C4=CC=CC=C4)*,egc,5.2025,5.334432601928711
*CC(C=C1)=CC=C1C(=O)C(=S)*,egc,2.9385,3.2923266887664795
*CC(C=C1)=CC=C1C(=S)O*,egc,3.4449,3.646791458129883
*CC(C=C1)=CC=C1C(C=C2)=CC=C2C(=S)*,egc,2.9595,3.026439905166626
*CC(C=C1)=CC=C1C(S2)=CC=C2C(=S)*,egc,2.7839,2.614914894104004
*CC(C=C1)=CC=C1C(S2)=CC=C2C(C=C3)=CC=C3*,egc,3.4745,3.4529659748077393
*CC(C=C1)=CC=C1CC(C=C2)=CC=C2*,egc,5.1689,4.766371250152588
*CC(C=C1)=CC=C1NC(C=C2)=CC=C2*,egc,4.3854,4.414135456085205
*CC(C=C1)=CC=C1NC(S2)=CC=C2*,egc,4.4366,4.434165000915527
*CC(C=C1)=CC=C1OC(S2)=CC=C2*,egc,4.5691,4.859552383422852
*CC(CBr)(CBr)COC(=O)CCCCC(=O)O*,egc,6.0899,6.466874599456787
*CC(CBr)O*,egc,6.2128,5.821254730224609
*CC(CC(*)(C#N)C#N)c1ccc(CCl)cc1,egc,5.4178,4.929593563079834
*CC(CC(C)(C)C)O*,egc,5.3855,5.665637016296387
*CC(CC(CC(*)c1ccccn1)c1ccccn1)c1ccccn1,ei,6.2005,7.097895622253418
*CC(CC(CC(CC(*)c1ccccc1)c1ccccc1)c1ccccc1)c1ccccc1,egb,4.8255,5.818727493286133
*CC(CC(CC(CC(*)c1ccccc1)c1ccccc1)c1ccccc1)c1ccccc1,nc,1.6244,1.8042303323745728
*CC(CC)O*,egc,5.7746,5.604185581207275
*CC(CCC)C(CCC)COC(=O)c1ccc(C(=O)O*)cc1,egb,4.4708,3.991205930709839
*CC(CCCC)O*,egc,5.4348,5.96232271194458
*CC(CCl)(CBr)COC(=O)CCCCC(=O)O*,egc,6.6998,6.607478618621826
*CC(CCl)(CCl)C(=O)O*,egc,6.551,6.502917766571045
*CC(CCl)(CCl)COC(=O)C(=O)O*,egc,5.906,5.229222774505615
*CC(CCl)(CCl)COC(=O)CCCCC(=O)O*,egc,6.8357,6.886465072631836
*CC(CCl)(CO*)COC(C)=O,egc,6.4853,6.093783855438232
*CC(CCl)O*,egc,6.3441,6.033315658569336
*CC(CO*)(CS(=O)(=O)CC)CS(=O)(=O)CC,egc,5.0473,5.539463996887207
*CC(CO*)(CS(=O)(=O)CCC)CS(=O)(=O)CCC,egc,4.6292,5.44217586517334
*CC(CO*)(CS(=O)(=O)CCCC)CS(=O)(=O)CCCC,egc,5.4465,4.528466701507568
*CC(CO*)(CS(=O)(=O)CCCCC)CS(=O)(=O)CCCCC,egc,5.21,5.4921393394470215
*CC(CO*)(CS(C)(=O)=O)CS(C)(=O)=O,egc,5.8874,5.3087158203125
*CC(CO*)(CSC(C)C)CSC(C)C,egc,4.6686,4.668272018432617
*CC(CO*)(CSC)CSC,egc,4.984,4.574195861816406
*CC(CO*)(CSCC)CSCC,egc,4.7171,5.11058235168457
*CC(CO*)C(C)(C)C,egc,5.7599,6.165966033935547
*CC(COCC)O*,egc,5.5518,5.492380142211914
*CC(COCC=C)O*,egc,5.2711,5.294098854064941
*CC(COCCCCCC)O*,egc,5.6762,5.5987868309021
*CC(COc1c(Cl)cc(Cl)cc1Cl)O*,egc,4.5851,4.327548980712891
*CC(COc1ccc(-c2ccc(C#N)cc2)cc1)O*,egc,4.4378,4.347095966339111
*CC(COc1ccc(Cl)cc1)O*,egc,4.8901,3.8111908435821533
*CC(COc1cccc(C)c1)O*,egc,5.1113,4.980342864990234
*CC(CS(=O)(=O)CCC)O*,egc,6.0251,5.258283615112305
*CC(CS(C)(=O)=O)O*,egc,5.2613,6.436299800872803
*CC(CSC(C)C)O*,egc,4.8245,4.984193325042725
*CC(C[N-][N+]#N)O*,egc,5.5722,5.463916778564453
*CC(Cl)(C#N)C1C=CC(*)CC1,egc,5.4881,6.008111953735352
*CC(F)(F)C(F)(F)C(F)(F)C(F)(F)COC(=O)C(F)(F)C(F)(F)C(F)(F)C(F)(F)C(=O)O*,egc,6.3052,6.3473310470581055
*CC(F)(F)C(F)(F)C(F)(F)C(F)(F)COC(=O)CCCC(=O)O*,egc,7.0209,6.782160758972168
*CC(F)(F)C(F)(F)C(F)(F)C(F)(F)COC(=O)NCCCCCCNC(=O)O*,egc,6.4368,6.714784622192383
*CC(F)(F)C(F)(F)C(F)(F)C(F)(F)COC(=O)O*,egc,7.7624,7.499512672424316
*CC(F)(F)C(F)(F)C(F)(F)COC(=O)CC(CC(=O)O*)C(F)(F)C(F)(F)C(F)(F)F,egc,6.6602,7.008572578430176
*CC(F)(F)C(F)(F)C(F)(F)COC(=O)CCCC(=O)O*,egc,6.894,6.7197160720825195
*CC(F)(F)C(F)(F)C(F)(F)COC(=O)CCCCC(=O)O*,egc,6.6433,6.902933597564697
*CC(F)(F)C(F)(F)C(F)(F)COC(=O)CSCSCC(=O)O*,egc,5.1865,5.852474212646484
*CC(F)(F)C(F)(F)C(F)(F)COC(=O)NCC(F)(F)C(F)(F)C(F)(F)C(F)(F)CNC(=O)O*,egc,6.897,6.852368354797363
*CC(F)(F)C(F)(F)C(F)(F)COC(=O)NCCCCCCNC(=O)O*,egc,6.3766,6.424992084503174
*CC(F)(F)C(F)(F)COC(=O)NCC(F)(F)C(F)(F)C(F)(F)C(F)(F)CNC(=O)O*,egc,7.202,6.851560115814209
*CC(F)(F)C(F)=C(*)Cl,egc,4.8591,4.618889808654785
*CC(F)(F)C1(F)CC(CC(O)(C(F)(F)F)C(F)(F)F)CC1*,egc,7.7065,6.499079704284668
*CC(O)C(O)CN(*)c1ccc(N(C)C)cc1,egc,3.7705,3.7169721126556396
*CC(O)C(O)COC(=O)O*,egc,6.9702,6.966021537780762
*CC(O)CN(*)c1cc(C)c(N=Nc2ccc(Cl)cc2)c(C)c1,egc,2.6365,2.5404953956604004
*CC(O)CN(*)c1cc(C)cc(C)c1,egc,4.5575,4.384672164916992
*CC(O)CN(*)c1ccc(N=Nc2ccc(C#N)cc2)cc1,egc,2.0164,3.025036096572876
*CC(O)CN(*)c1ccc(N=Nc2ccc(Cl)cc2)cc1,egc,2.6263,2.5375139713287354
*CC(O)CO*,egc,6.5192,6.0813069343566895
*CC(O)COc1ccc(O*)cc1,egc,4.7923,4.7923994064331055
*CC(O*)C(C)(C)C,egc,5.5394,5.5417399406433105
*CC(O*)C(C)C,egc,5.7752,5.626775741577148
*CC(O*)C(F)(F)F,eea,0.7546,0.762969434261322
*CC(O*)C(F)(F)F,egb,7.4158,7.354262828826904
*CC(O*)C(F)(F)F,egc,6.7566,6.941965579986572
*CC(O*)C(F)(F)F,ei,7.9431,8.115157127380371
*CC(O*)c1ccccc1,egc,5.2866,5.254352569580078
*CC(O*)c1ccco1,egc,5.0251,5.3508453369140625
*CC(OC(=O)OCC)C(COC(=O)O*)OC(=O)OCC,egc,7.1757,6.710168361663818
*CC(OC(C)=O)C1C(=O)N(c2ccc(C)cc2)C(=O)C1(*)Cl,egc,4.7107,4.198546886444092
*CC(OC)C(C(=O)O)C(*)C(=O)O,egc,6.3287,6.594937801361084
*CC(OC)C1C(=O)OC(=O)C1*,egc,5.9975,6.226383209228516
*CC(OC1CCCCC1)C1C(=O)OC(=O)C1*,egc,5.6267,6.239302158355713
*CC(OC=O)C(COC(=O)O*)OC=O,egc,7.0946,7.063198089599609
*CC(S1)=CC=C1C(=O)C(S2)=CC=C2*,egc,3.4685,3.3375802040100098
*CC(S1)=CC=C1C(=S)C(S2)=CC=C2*,egc,2.5715,3.0635986328125
*CC(S1)=CC=C1C(C=C2)=CC=C2C(=S)*,egc,2.7134,2.870844602584839
*CC(S1)=CC=C1C(C=C2)=CC=C2C(S3)=CC=C3*,egc,3.3769,3.2582108974456787
*CC(S1)=CC=C1C(S2)=CC=C2C(S3)=CC=C3*,egc,3.0602,3.0069055557250977
*CC(S1)=CC=C1C(S2)=CC=C2O*,egc,3.4793,3.5979361534118652
*CC(S1)=CC=C1CC(=S)*,egc,3.2956,2.9640939235687256
*CC(S1)=CC=C1CO*,egc,4.6049,4.600910663604736
*CC(S1)=CC=C1NC(S2)=CC=C2*,egc,4.1254,4.186528205871582
*CC(c1ccccc1)C1C(=O)OC(=O)C1*,egc,5.3123,5.210176944732666
*CC1(*)CCCCC1,egc,6.3291,6.632107257843018
*CC1(C)CC(*)(C)C(=O)OC1=O,egc,6.0049,6.183696746826172
*CC1(C)CC(N2C(=O)c3ccc(-c4ccc5c(c4)C(=O)N(*)C5=O)cc3C2=O)CC(C)(C)C1,egc,3.6926,2.68211030960083
*CC1(CO*)CC2C=CC1C2,egc,5.6096,5.255767345428467
*CC1CC(*)C(=O)OC1=O,egc,6.1563,6.028313636779785
*CC1CC(*)CN(c2nc(N)nc(N)n2)C1,egc,5.1254,4.781028747558594
*CC1CC(*)OC(C)O1,egc,6.0468,6.1948137283325195
*CC1CC(*)OCO1,egc,6.5995,6.066107749938965
*CC1CC(CNC(=O)c2cccc(C(=O)N*)c2)CC(C(C)(C)C)C1,egc,4.8842,4.801445484161377
*CC1CC1CNC(=O)C1CC1C(=O)N*,egb,5.6374,5.536158084869385
*CC1CC1CO*,egc,5.9176,5.973891735076904
*CC1CC1COC(=O)NC1CC1NC(=O)O*,egc,6.5515,6.229166507720947
*CC1CC1COC(=O)Nc1ccc(C)c(NC(=O)O*)c1,egb,4.7181,4.477522373199463
*CC1CC1COC(=O)c1cccc(C(=O)O*)c1,egb,4.4908,4.3136115074157715
*CC1CC1COC(=O)c1cccc(C(=O)O*)c1,egc,5.0466,5.1516008377075195
*CC1CCC(*)C1,egc,6.9613,6.628113269805908
*CC1CCC(CNC(=O)CCCCCC(=O)N*)CC1,egb,5.2823,6.282459735870361
*CC1CCC(CNC(=O)CCCCCCC(=O)N*)CC1,egc,5.8707,5.770949840545654
*CC1CCC(CNC(=O)CCCCCCCC(=O)N*)CC1,egc,5.7062,5.828259468078613
*CC1CCC(CNC(=O)CCCCCCCCC(=O)N*)CC1,egc,5.7331,5.840367794036865
*CC1CCC(CNC(=O)CCCCCCCCCCC(=O)N*)CC1,egc,5.9594,5.782607078552246
*CC1CCC(CNC(=O)c2cc(C(=O)N*)cc(C(C)(C)C)c2)CC1,egc,4.8744,4.89229154586792
*CC1CCC(COC(=O)C(=O)O*)CC1,egc,5.4765,5.698224067687988
*CC1CCC(COC(=O)C2CCC(C(=O)O*)CC2)CC1,egc,6.6637,6.554695129394531
*CC1CCC(COC(=O)CCC(=O)O*)CC1,egc,6.5939,6.662057876586914
*CC1CCC(COC(=O)CCCCC(=O)O*)CC1,egc,6.7775,6.6892290115356445
*CC1CCC(COC(=O)CCCCCCCCCCC(=O)O*)CC1,egc,6.723,6.73790168762207
*CC1CCC(COC(=O)Cc2ccc(CC(=O)O*)cc2)CC1,egc,5.3094,5.405881404876709
*CC1CCC(COC(=O)NCCSCCCCCSCCNC(=O)O*)CC1,egb,5.4414,5.045724391937256
*CC1CCC(COC(=O)NCCSCCCSCCNC(=O)O*)CC1,egc,5.5784,5.419906139373779
*CC1CCC(COC(=O)c2ccc(NC(=O)O*)cc2)CC1,egc,4.5441,4.682368278503418
*CC1CCC(COC(C)OC(=O)c2cccc(C(=O)OC(C)O*)c2)CC1,egc,4.9396,5.023581027984619
*CC1CCC(COCO*)CC1,egc,6.4282,6.481292724609375
*CC1CCCC(CC(=O)N*)C1,egc,6.0189,6.134639263153076
*CC1CCCC(CNC(=O)CCCCCCC(=O)N*)C1,egc,5.9323,5.836847305297852
*CC1CCCC(CNC(=O)c2cccc(C(=O)N*)c2)C1,egc,4.8123,4.881793022155762
*CC=CCNC(=O)CCC=CCCC(=O)N*,egc,5.3865,5.357486248016357
*CC=CCOC(=O)CCCCCCCCC(=O)O*,egc,6.002,6.059817790985107
*CC=CCOC(=O)NCCCCCCNC(=O)O*,egc,5.7218,5.749361038208008
*CCC(*)=O,egc,5.3275,5.362246036529541
*CCC(=O)C(*)=S,eea,3.1911,3.912078619003296
*CCC(=O)C(*)=S,egb,1.8131,2.1923089027404785
*CCC(=O)C(*)=S,nc,1.9627,2.0417487621307373
*CCC(=O)C(=S)*,egc,3.2378,2.583469867706299
*CCC(=O)C(S1)=CC=C1*,egc,3.959,3.941617727279663
*CCC(=O)N(CCN(C(=O)CCN1CCN(*)CC1)C(C)C)C(C)C,egc,4.3463,4.917348384857178
*CCC(=O)N*,eea,1.1904,0.8758246898651123
*CCC(=O)N*,egc,5.6558,5.776073455810547
*CCC(=O)N*,eps,3.61,3.686377763748169
*CCC(=O)N*,nc,1.7036,1.7585930824279785
*CCC(=O)NCC(=O)N*,egc,6.1234,5.819302082061768
*CCC(=O)NCc1c(C)c(C)c(CNC(=O)CCO*)c(C)c1C,egc,5.3036,5.365469932556152
*CCC(=O)O*,ei,7.7853,7.845865249633789
*CCC(=O)O*,eps,3.39,3.3514766693115234
*CCC(=O)O*,nc,1.6631,1.6417326927185059
*CCC(=O)OC(=O)Cc1ccc(-c2ccc(*)cc2)cc1,eea,1.5387,1.7714309692382812
*CCC(=O)OC(=O)Cc1ccc(-c2ccc(*)cc2)cc1,ei,6.1951,6.357942581176758
*CCC(=O)OC(=O)Cc1ccc(-c2ccc(*)cc2)cc1,eps,3.47,3.8364219665527344
*CCC(=O)Oc1ccc(OC(=O)CCN2CCN(*)C(C)C2)cc1,egc,4.6472,4.2131123542785645
*CCC(=O)c1ccc(*)cc1,egb,3.6964,3.704702615737915
*CCC(=O)c1ccc(*)cc1,ei,6.8635,6.724314212799072
*CCC(=O)c1ccc(*)cc1,nc,1.8245,1.8352559804916382
*CCC(=O)c1ccc(*)s1,eea,2.6933,2.7054219245910645
*CCC(=O)c1ccc(*)s1,egb,3.1093,3.3500475883483887
*CCC(=O)c1ccc(*)s1,nc,1.8757,1.8833245038986206
*CCC(=S)O*,ei,6.2041,6.041106224060059
*CCC(=S)O*,eps,3.71,4.019652366638184
*CCC(C(=O)OC)C(*)C(=O)OC,egc,6.6384,5.816362380981445
*CCC(C)(C)CC(C)CNC(=O)CCCCC(=O)N*,egc,5.8095,5.909190654754639
*CCC(C)(C)CC(C)COC(=O)CCCCC(=O)O*,egc,6.7293,6.5518364906311035
*CCC(C)=C(*)C,egc,4.9429,4.752129077911377
*CCC(C)C(*)(C)C(=O)OC,egc,6.5856,6.436468601226807
*CCC(C)C(C)CCNC(=O)c1cccc(C(=O)N*)c1,egb,4.7199,4.298778533935547
*CCC(C)CC(=O)O*,egb,6.7489,6.445117473602295
*CCC(C)CC(=O)O*,egc,6.826,6.898980140686035
*CCC(C)CO*,egc,6.1714,6.050494194030762
*CCC(C=C1)=CC=C1C(=S)*,egc,2.742,3.167222738265991
*CCC(C=C1)=CC=C1O*,egc,4.9179,4.724516868591309
*CCC(Cl)C(*)Cl,egc,6.5471,6.825686931610107
*CCC(F)(F)C(*)(F)Cl,egb,7.4828,7.9549078941345215
*CCC(F)(F)C(*)(F)Cl,egc,7.738,7.77500057220459
*CCC(F)(F)C(*)(F)F,egb,9.1316,8.506373405456543
*CCC(F)(F)C(*)(F)F,egc,8.6882,8.78136157989502
*CCC(F)(F)C(*)(F)F,ei,9.0178,8.940162658691406
*CCC(F)(F)C(*)(F)F,eps,3.08,3.3898239135742188
*CCC(O*)(C(F)(F)F)C(F)(F)F,eea,0.4911,1.1336746215820312
*CCC(O*)(C(F)(F)F)C(F)(F)F,egb,8.3878,7.903809070587158
*CCC(O*)(C(F)(F)F)C(F)(F)F,ei,8.3643,7.911098480224609
*CCC(O*)(C(F)(F)F)C(F)(F)F,eps,3.05,3.5884969234466553
*CCC(O*)(C(F)(F)F)C(F)(F)F,nc,1.5724,1.6243703365325928
*CCC(S1)=CC=C1O*,egc,4.8828,4.799765586853027
*CCC([2H])C(*)([2H])C,egc,6.8414,6.498732089996338
*CCC1CC(*)C2C3CC(C12)C(C)(C(=O)OC)C3,egc,6.4636,5.653919696807861
*CCC1CC(*)C2CCCC12,egb,7.4997,6.705865859985352
*CCC1CCC(*)C1,egb,7.9915,7.1258625984191895
*CCC1CCC(*)C1,egc,7.1099,6.9209465980529785
*CCC=C(*)Cl,egc,5.461,4.77635383605957
*CCCC(*)=O,eea,1.2346,1.3419842720031738
*CCCC(*)=O,egb,5.13,5.453629493713379
*CCCC(*)=O,eps,3.27,3.134182929992676
*CCCC(*)=O,nc,1.6556,1.7075793743133545
*CCCC(*)=S,eea,2.3997,2.7088444232940674
*CCCC(*)=S,egb,2.9464,3.247905969619751
*CCCC(*)=S,nc,1.7702,1.9079340696334839
*CCCC(*)C,egc,7.1052,6.8549275398254395
*CCCC(*)C#N,egb,7.4859,7.535624980926514
*CCCC(*)C#N,egc,7.8211,7.353506088256836
*CCCC(*)Cl,egc,6.9806,6.669980049133301
*CCCC(=O)NCCCCCCNC(=O)CCCO*,egc,5.652,5.783730506896973
*CCCC(=O)NCCCCCOCCCCCNC(=O)CCCO*,egc,5.8594,5.841319561004639
*CCCC(=O)O*,egc,6.7691,6.5178704261779785
*CCCC(=S)*,egc,3.3942,3.7756662368774414
*CCCC(C)(C)CNC(=O)c1cccc(C(=O)N*)c1,egc,5.0204,4.742741107940674
*CCCC(C)CC(=O)N*,egc,6.0894,5.976833820343018
*CCCC(C)CCC(=O)O*,egc,6.54,6.797966957092285
*CCCC(C=C1)=CC=C1*,egc,4.9932,5.235669136047363
*CCCC(CCNC(=O)c1ccc(C(=O)N*)cc1)C(C)C,egc,4.6978,4.860073089599609
*CCCC(Cl)C(*)Cl,egc,6.8622,7.025827407836914
*CCCC(S1)=CC=C1*,egc,4.7481,4.423089981079102
*CCCC1CC(=O)N(*)C(=O)C1,egc,5.8014,4.526200294494629
*CCCC1CCN(C(=O)Nc2ccc(Cc3ccc(NC(=O)N4CCC(*)CC4)cc3)cc2)CC1,egc,4.6275,4.775694847106934
*CCCC1CCN(C(=O)SSCCCCSSC(=O)N2CCC(*)CC2)CC1,egc,5.001,3.3984920978546143
*CCCCC(=O)N*,egc,5.9658,5.89323616027832
*CCCCC(=O)NCCCCCCC(=O)NCCC(=O)N*,egc,5.7097,5.819067001342773
*CCCCC(=O)O*,egc,6.623,6.6925249099731445
*CCCCC(C)CCn1c(=O)c2cc3c(=O)n(*)c(=O)c3cc2c1=O,egc,3.7606,3.718635082244873
*CCCCC(N)C(=O)N*,egc,5.746,6.141493797302246
*CCCCCC(*)C,egc,7.1803,6.955982208251953
*CCCCCC(*)CC,egc,6.7743,6.797935962677002
*CCCCCC(=O)NCCCCCCNC(=O)CCCCCO*,egc,5.7609,5.884225368499756
*CCCCCC(=O)NCCCCCCNC(=O)CCCCCOC(=O)CCCCC(=O)O*,egc,5.9182,6.059159278869629
*CCCCCC(=O)NCCCCCOCCCCCNC(=O)CCCCO*,egc,5.905,5.741659641265869
*CCCCCC(=O)NCCCCCOCCCCCNC(=O)CCCO*,egc,5.841,5.858894348144531
*CCCCCC(=O)NCCNC(=O)CCCCCOC(=O)CCCCC(=O)O*,egc,5.9333,6.107847213745117
*CCCCCC(=O)NCCOC(=O)CCCCC(=O)O*,egc,6.3289,6.189504623413086
*CCCCCC(=O)NCc1ccc(CNC(=O)CCCCCO*)cc1,egc,5.243,5.1948771476745605
*CCCCCC(=O)NCc1ccc(CNC(=O)CCCCO*)cc1,egc,5.142,5.191826343536377
*CCCCCC(=O)S*,egb,5.0001,4.897714138031006
*CCCCCC(=O)S*,egc,5.3869,5.434414863586426
*CCCCCCC(=O)N*,eea,0.6934,0.9431338906288147
*CCCCCCC(=O)N*,egb,5.9361,6.2448506355285645
*CCCCCCC(=O)N*,egc,6.0436,5.989959716796875
*CCCCCCC(=O)N*,eps,3.34,3.72212815284729
*CCCCCCC(=O)NCCCCCCNC(=O)CCCCCCO*,egc,5.7692,5.913516044616699
*CCCCCCC(=O)NCCCCCCNC(=O)CCCO*,egc,5.9827,5.900028228759766
*CCCCCCC(=O)NCCCCCOCCCCCNC(=O)CCCO*,egc,5.944,5.867023468017578
*CCCCCCC(=O)O*,egc,6.5222,6.635054588317871
*CCCCCCC(Cl)C(*)Cl,egb,6.7965,6.95290994644165
*CCCCCCCC(=O)N(*)C,egc,5.5443,5.617620944976807
*CCCCCCCC(=O)O*,egc,6.6609,6.679626941680908
*CCCCCCCC(=O)OC1COC(*)OC1,egc,6.6422,6.598217487335205
*CCCCCCCC(=O)OCC1COC(*)O1,egc,6.6417,6.694414138793945
*CCCCCCCCC(*)Cl,egc,6.9974,7.2049055099487305
*CCCCCCCCC(=O)N*,egc,6.101,6.066207408905029
*CCCCCCCCC(=O)NCCCCCCNC(=O)CCCO*,egc,5.9837,5.918363094329834
*CCCCCCCCC(=O)NCCCCCOCCCCCNC(=O)CCCCO*,egc,5.8271,5.806538105010986
*CCCCCCCCC(=O)NCCCCCOCCCCCNC(=O)CCCO*,egc,5.9383,5.833094596862793
*CCCCCCCCC(=O)O*,egc,6.4657,6.792098522186279
*CCCCCCCCC(Cl)C(*)Cl,egc,6.9929,7.021056175231934
*CCCCCCCCCC#CC#CCCCCCCCCCOC(=O)CCCCCCCCC(=O)O*,egc,5.4028,6.320914268493652
*CCCCCCCCCC(=O)N*,egc,6.1321,6.07769775390625
*CCCCCCCCCCC(=O)N(*)C,egc,5.7405,5.728446960449219
*CCCCCCCCCCC(=O)NCC(=O)N*,egc,6.0226,6.176483154296875
*CCCCCCCCCCC(=O)NCCCCCOCCCCCNC(=O)CCCCO*,egc,5.6858,5.8817338943481445
*CCCCCCCCCCC(=O)NCCCCCOCCCCCNC(=O)CCCO*,egc,5.4741,5.895647048950195
*CCCCCCCCCCC(=O)NCc1ccc(CNC(=O)CCCCO*)cc1,egc,5.2644,5.345527648925781
*CCCCCCCCCCC(=O)O*,egc,6.8465,6.789849758148193
*CCCCCCCCCCC(Cl)C(*)Cl,egc,7.2165,6.883452892303467
*CCCCCCCCCCCC(=O)N(*)C,egc,5.8019,5.736559867858887
*CCCCCCCCCCCC(=O)N*,egc,6.0986,6.015412330627441
*CCCCCCCCCCCC(=O)NCC(=O)N*,egc,6.1662,6.01137638092041
*CCCCCCCCCCCC(=O)O*,egc,6.7916,6.7679314613342285
*CCCCCCCCCCCCC(=O)N*,egc,6.0892,6.038847923278809
*CCCCCCCCCCCCC(=O)O*,egc,6.7386,6.824929714202881
*CCCCCCCCCCCCCC(=O)O*,egc,6.7839,6.765032768249512
*CCCCCCCCCCCCCCC(*)Cl,egc,7.2258,6.922093391418457
*CCCCCCCCCCCCCCCC(=O)O*,egc,6.7798,6.73691463470459
*CCCCCCCCCCCCCCCCC(=O)N*,egc,6.0239,6.050796031951904
*CCCCCCCCCCCCCCCCCCCCCC(=O)N*,egc,5.9891,6.061794757843018
*CCCCCCCCCCCCCCCCCCCCCCOC(=O)CCC(=O)O*,egc,6.6006,6.742397308349609
*CCCCCCCCCCCCCCCCCCCCOC(=O)C(=O)O*,egc,5.2426,5.706795692443848
*CCCCCCCCCCCCCCCCCCCCOC(=O)CC(=O)O*,egc,6.2688,6.829430103302002
*CCCCCCCCCCCCCCCCCCCCOC(=O)CCC(=O)O*,egc,6.7992,6.696089267730713
*CCCCCCCCCCCCCCCCCCCCOC(=O)CCC(C)CC(=O)O*,egc,6.748,6.485907554626465
*CCCCCCCCCCCCCCCCCCCCOC(=O)CCCCC(=O)O*,egc,6.8416,6.737267971038818
*CCCCCCCCCCCCCCCCCCCCOC(=O)CCCCCC(=O)O*,egc,6.7391,6.642544746398926
*CCCCCCCCCCCCCCCCCCCCOC(=O)CCCCCCC(=O)O*,egc,6.7452,6.703361511230469
*CCCCCCCCCCCCCCCCCCCCOC(=O)CCCCCCCC(=O)O*,egc,6.5108,6.713174819946289
*CCCCCCCCCCCCCCCCCCCCOC(=O)CCCCCCCCC(=O)O*,egc,6.784,6.630859851837158
*CCCCCCCCCCCCCCCCCCCCOC(=O)CCCCSCCCCC(=O)O*,egc,5.0235,5.409409523010254
*CCCCCCCCCCCCCCCCCCCCOC(=O)COCC(=O)O*,egc,6.3895,5.916142463684082
*CCCCCCCCCCCCCCCCCCCCOC(=O)c1ccccc1C(=O)O*,egc,5.216,4.801292896270752
*CCCCCCCCCCCCCCCCCCNC(=O)CCCCCCCCCCC(=O)N*,egc,5.6172,5.95274019241333
*CCCCCCCCCCCCCCCCCCNC(=O)NCCCCCCCCCCNC(=O)N*,egc,5.6443,5.576140403747559
*CCCCCCCCCCCCCCCCCCOCO*,egc,6.7236,6.552289009094238
*CCCCCCCCCCCCCCCCOC(=O)CC=CCC(=O)O*,egc,5.8517,6.112828254699707
*CCCCCCCCCCCCCCCCOC(=O)CCCCC(=O)O*,egc,6.7152,6.768155097961426
*CCCCCCCCCCCCCCCCOC(=O)CCCCCCC(=O)O*,egc,6.8244,6.720127105712891
*CCCCCCCCCCCCCCCCOC(=O)NCc1ccc(CNC(=O)O*)cc1,egc,5.353,5.637042045593262
*CCCCCCCCCCCCCCCc1nnc(*)o1,egc,6.3716,6.351841926574707
*CCCCCCCCCCCCCCNC(=O)CCCCCCCCCCC(=O)N*,egc,5.9384,5.8625640869140625
*CCCCCCCCCCCCCCOC(=O)CC=CCC(=O)O*,egc,6.1489,5.890611171722412
*CCCCCCCCCCCCCCOC(=O)CCC=CCCC(=O)O*,egc,6.0458,5.97450065612793
*CCCCCCCCCCCCCCOC(=O)CCCCCCC(=O)O*,egc,6.7022,6.755897045135498
*CCCCCCCCCCCCCCOCO*,egc,6.6169,6.5791473388671875
*CCCCCCCCCCCCCOC(=O)c1ccc(C(=O)NCCCCCCNC(=O)c2ccc(C(=O)O*)cc2)cc1,egc,4.6196,4.416744709014893
*CCCCCCCCCCCCNC(=O)C(=O)N*,egc,5.7269,5.234001159667969
*CCCCCCCCCCCCNC(=O)CCCCCCCCC(=O)N*,egc,5.9688,5.954030990600586
*CCCCCCCCCCCCNC(=O)CCCCCCCCCCCCC(=O)N*,egc,6.028,5.906435489654541
*CCCCCCCCCCCCNC(=O)CCCCCCCCCCCCCCCCCCCCC(=O)N*,egc,5.927,5.833901405334473
*CCCCCCCCCCCCNC(=O)CCP(C)(=O)CCC(=O)N*,egc,5.7027,5.905820369720459
*CCCCCCCCCCCCNC(=O)NCCCCCCCCCCNC(=O)N*,egc,5.6621,5.616086483001709
*CCCCCCCCCCCCNC(=O)c1cccc(C(=O)N*)c1,egc,4.8693,4.942993640899658
*CCCCCCCCCCCCO*,egc,6.2452,6.217970848083496
*CCCCCCCCCCCCOC(=O)CCCCC(=O)O*,egc,6.8209,6.781229496002197
*CCCCCCCCCCCCOC(=O)CCCCCCCCCCC(=O)O*,egc,6.669,6.7129950523376465
*CCCCCCCCCCCCOC(=O)CCCCCCCCCCCCC(=O)O*,egc,6.4766,6.673877716064453
*CCCCCCCCCCCCOC(=O)c1cccc(C(=O)O*)c1,egc,5.1678,4.915167331695557
*CCCCCCCCCCCCc1nc2cc3sc(*)nc3cc2s1,egc,4.2887,4.397256851196289
*CCCCCCCCCCCCc1nc2ccc(-c3ccc4nc(*)oc4c3)cc2o1,egc,4.1955,4.136959075927734
*CCCCCCCCCCCNC(=O)CCCCC(=O)N*,egc,6.1376,5.80586576461792
*CCCCCCCCCCCNC(=O)CCCCCCCCC(=O)N*,egc,5.9682,5.943769931793213
*CCCCCCCCCCCNC(=O)CCCCCCCCCCC(=O)N*,egc,6.009,5.862096309661865
*CCCCCCCCCCCNC(=O)c1ccc(C(=O)N*)cc1,egb,4.214,4.093080997467041
*CCCCCCCCCCCOC(=O)c1ccc2cc(C(=O)O*)ccc2c1,egc,3.7387,3.80454158782959
*CCCCCCCCCCNC(=O)C(C)=C(C)C(=O)N*,egc,4.9889,4.6801042556762695
*CCCCCCCCCCNC(=O)CCC(=O)N*,egc,5.9532,6.17062520980835
*CCCCCCCCCCNC(=O)CCCCCCCC(=O)N*,egc,5.9559,5.8871235847473145
*CCCCCCCCCCNC(=O)CCCCCCCCC(=O)N*,egc,5.9125,5.923013687133789
*CCCCCCCCCCNC(=O)CCCCCCCCCCCCCCC(=O)N*,egc,5.8964,5.932958126068115
*CCCCCCCCCCNC(=O)CCP(C)(=O)CCC(=O)N*,egc,5.8056,5.920082092285156
*CCCCCCCCCCNC(=O)N*,egc,5.6429,5.869555950164795
*CCCCCCCCCCNC(=O)NCCCCCCNC(=O)N*,egc,5.6863,5.659124374389648
*CCCCCCCCCCNCCCCCCN*,egc,5.4327,5.44182014465332
*CCCCCCCCCCOC(=O)C(=O)O*,egc,5.4658,5.4998369216918945
*CCCCCCCCCCOC(=O)C(O)C(O)C(=O)O*,egc,6.2882,6.262678146362305
*CCCCCCCCCCOC(=O)C1CCC(C(=O)O*)CC1,egc,6.5731,6.598245143890381
*CCCCCCCCCCOC(=O)CC(=O)O*,egc,6.9598,6.772563457489014
*CCCCCCCCCCOC(=O)CC(C)(C)CC(=O)O*,egc,6.7584,6.790348529815674
*CCCCCCCCCCOC(=O)CC(C)C(=O)O*,egc,6.5777,6.548073768615723
*CCCCCCCCCCOC(=O)CC=CCC(=O)O*,egc,6.0213,6.090888023376465
*CCCCCCCCCCOC(=O)CCC(=O)O*,egb,6.6201,6.148665904998779
*CCCCCCCCCCOC(=O)CCC(=O)O*,egc,6.7167,6.810915946960449
*CCCCCCCCCCOC(=O)CCC=CCCC(=O)O*,egc,6.0842,6.0666046142578125
*CCCCCCCCCCOC(=O)CCCCCC(=O)O*,egc,6.771,6.691611289978027
*CCCCCCCCCCOC(=O)CCCCCCCC(=O)O*,egc,6.6816,6.794373989105225
*CCCCCCCCCCOC(=O)CCCCCCCCC(=O)O*,egc,6.7107,6.804699897766113
*CCCCCCCCCCOC(=O)CCCCCCCCCCC(=O)O*,egc,6.8187,6.744687557220459
*CCCCCCCCCCOC(=O)CCCCCCCCCCCCCCCCC(=O)O*,egb,6.0542,6.315741539001465
*CCCCCCCCCCOC(=O)NCCCCCCCCCCNC(=O)O*,egc,6.2681,6.235669136047363
*CCCCCCCCCCOC(=O)NNC(=O)CCCCCCCCC(=O)NNC(=O)O*,egc,5.6458,5.791905879974365
*CCCCCCCCCCOC(=O)O*,egc,7.22,6.794698238372803
*CCCCCCCCCCOC(=O)c1cccc(C(=O)O*)c1,egc,5.173,4.922001361846924
*CCCCCCCCCCOCCCCCCCCCCOCCCCCCO*,egc,6.1357,6.078629016876221
*CCCCCCCCCCOCCCCCCCCCCOCCCCCO*,egc,5.9245,6.112823486328125
*CCCCCCCCCCOCO*,egc,6.4569,6.641266822814941
*CCCCCCCCCCOc1cccc(OC(=O)c2ccc(C(=O)Oc3cccc(O*)c3)cc2)c1,egc,3.4495,4.2219648361206055
*CCCCCCCCCCSCCCCCCS*,egb,5.52,5.022179126739502
*CCCCCCCCCC[n+]1ccc(-c2cc[n+](*)cc2)cc1,egc,2.5264,1.887062430381775
*CCCCCCCCCCc1nnc(*)n1N,egc,5.6319,5.597567081451416
*CCCCCCCCCCc1nnc(*)o1,egc,6.3926,6.41831636428833
*CCCCCCCCCCn1c(=O)c2cc3c(=O)n(*)c(=O)c3cc2c1=O,egc,3.7892,3.7916018962860107
*CCCCCCCCCNC(=O)CCC=CCCC(=O)N*,egc,5.6551,5.42769193649292
*CCCCCCCCCNC(=O)CCCCC(=O)N*,egc,5.6864,5.8998703956604
*CCCCCCCCCNC(=O)CCCCCCCC(=O)N*,egc,5.928,5.861508369445801
*CCCCCCCCCNC(=O)CCCCCCCCCCCC(=O)N*,egc,5.7342,5.936573505401611
*CCCCCCCCCNC(=O)NCCCCCCCNC(=O)N*,egc,5.422,5.645285606384277
*CCCCCCCCCNC(=O)NCCCCCCNC(=O)N*,egc,5.7131,5.611979961395264
*CCCCCCCCCO*,egc,6.1351,6.23491096496582
*CCCCCCCCCOC(=O)c1ccc(NC(=O)CCCCCCCCC(=O)Nc2ccc(C(=O)O*)cc2)cc1,egc,4.1632,4.135272026062012
*CCCCCCCCCOC(=O)c1ccc2cc(C(=O)O*)ccc2c1,egc,3.7681,3.85182523727417
*CCCCCCCCCOCO*,egc,6.4692,6.658379077911377
*CCCCCCCCCOc1ccc(C=CC=Cc2ccc(O*)cc2)cc1,egc,3.5795,3.510747194290161
*CCCCCCCCCc1nc2ccc(-c3ccc4nc(*)oc4c3)cc2o1,egc,4.1522,4.241450786590576
*CCCCCCCCCn1c(=O)c2cc3c(=O)n(*)c(=O)c3c(Br)c2c1=O,egc,3.5814,3.663638114929199
*CCCCCCCCCn1c(=O)c2cc3c(=O)n(*)c(=O)c3cc2c1=O,egc,3.7854,3.789283275604248
*CCCCCCCCN1C(=O)CC(C2C=C(C)C3C(=O)N(*)C(=O)C3C2)C1=O,egc,5.4303,4.58250093460083
*CCCCCCCCNC(=O)C(CCCCCCCCCCCC)C(=O)N*,egc,5.9457,5.872811317443848
*CCCCCCCCNC(=O)CC(=O)N*,egc,6.004,5.9163384437561035
*CCCCCCCCNC(=O)CCC=CCCC(=O)N*,egc,5.2366,5.672569751739502
*CCCCCCCCNC(=O)CCCCCCCCCCC(=O)N*,egc,5.8323,5.902096271514893
*CCCCCCCCNC(=O)CCCCCCCCCCCCC(=O)N*,egc,5.9612,5.946589469909668
*CCCCCCCCNC(=O)NCCCCCCNC(=O)N*,egc,5.7995,5.6484832763671875
*CCCCCCCCO*,egc,6.1709,6.208913803100586
*CCCCCCCCOC(=O)CCCCCCC(=O)O*,egc,6.7527,6.82460355758667
*CCCCCCCCOC(=O)O*,egc,7.3252,6.826354503631592
*CCCCCCCCc1nc(-c2ccc(-c3csc(*)n3)cc2)cs1,egc,3.6182,3.798272132873535
*CCCCCCCCc1nc2cc(-c3ccc4oc(*)nc4c3)ccc2o1,egc,4.6999,4.394189357757568
*CCCCCCCCc1nnc(*)o1,egc,6.3765,6.410499095916748
*CCCCCCCCn1c(=O)c2ccc3c4ccc5c(=O)n(*)c(=O)c6ccc(c7ccc(c1=O)c2c37)c4c56,egc,2.0224,1.6945219039916992
*CCCCCCCNC(=O)C(OC)C(OC)C(=O)N*,egc,5.7148,5.699469089508057
*CCCCCCCNC(=O)C=CCCC=CC(=O)N*,egc,5.3907,4.837835788726807
*CCCCCCCNC(=O)CCCCCCCC(=O)N*,egc,5.8296,5.886460781097412
*CCCCCCCNC(=O)CCCCCCCCCC(=O)N*,egc,5.7365,5.93618631362915
*CCCCCCCNC(=O)CCCCCCCCCCCCCCCCCCC(=O)N*,egc,5.9137,5.932251930236816
*CCCCCCCNC(=O)c1cccc(C(=O)N*)c1,egc,4.8667,5.01235818862915
*CCCCCCCNC(=S)Nc1ccc(NC(=S)N*)cc1,egb,3.5538,3.908376932144165
*CCCCCCCOC(=O)C(=O)O*,egc,5.2465,5.408449649810791
*CCCCCCCOC(=O)NCCCCCCNC(=O)O*,egc,6.2664,6.275516986846924
*CCCCCCCOc1ccc(C=CC=Cc2ccc(O*)c(C)c2)cc1C,egc,3.4306,3.0445165634155273
*CCCCCCCc1nc2ccc(-c3ccc4nc(*)[nH]c4c3)cc2[nH]1,egc,4.2077,3.544342279434204
*CCCCCCCc1nc2ccc(-c3ccc4nc(*)oc4c3)cc2o1,egc,4.0726,4.113379955291748
*CCCCCCCc1nnc(*)n1N,egc,5.5167,5.592160224914551
*CCCCCCCc1nnc(*)o1,egc,6.3125,6.339904308319092
*CCCCCCCc1nnc(-c2ccc(-c3nnc(*)o3)cc2)o1,egc,3.843,4.663026332855225
*CCCCCCCc1nnc(CCCCc2nnc(*)o2)o1,egc,6.3226,6.328240394592285
*CCCCCCN(C)C(=O)CCC(=O)N(*)C,egc,5.3815,5.4948296546936035
*CCCCCCN(C)C(=O)CCCCCCCCCCC(=O)N(*)C,egc,5.5795,5.204375743865967
*CCCCCCN(CC)C(=O)CCCCCCCCCCCCCCCCC(=O)N(*)CC,egc,5.5078,5.658118724822998
*CCCCCCN1C(=O)c2ccc(C(=O)c3ccc4c(c3)C(=O)N(*)C4=O)cc2C1=O,eps,3.79,5.923945903778076
*CCCCCCNC(=O)C(CC)CC(CC)C(=O)N*,egc,5.6687,5.866899490356445
*CCCCCCNC(=O)C(CCCCCCCCCCCCCCC)C(=O)N*,egc,5.9375,5.876734733581543
*CCCCCCNC(=O)C(O)C(O)C(O)C(O)C(=O)N*,egc,5.9698,5.486175537109375
*CCCCCCNC(=O)C1CC1(C)C(=O)N*,egc,6.1739,5.887726783752441
*CCCCCCNC(=O)CC(=O)N*,egc,5.7541,5.9171223640441895
*CCCCCCNC(=O)CCCC(=O)O*,egc,5.9363,6.3538923263549805
*CCCCCCNC(=O)CCCCCC(=O)N*,egc,5.936,5.873750686645508
*CCCCCCNC(=O)CCCCCCC(=O)N*,egc,5.7328,5.9098005294799805
*CCCCCCNC(=O)CCCCCCCC(=O)N*,egc,5.6457,5.89299201965332
*CCCCCCNC(=O)CCCCCCCCC(=O)N*,egc,6.0268,5.9083333015441895
*CCCCCCNC(=O)CCCCCCCCCCC(=O)N*,egb,6.3994,5.972213268280029
*CCCCCCNC(=O)CCCCCCCCCCCCCCC(=O)N*,egc,5.9557,5.943457126617432
*CCCCCCNC(=O)CCCCCCCCCCCCCCCCC(=O)N*,egc,5.8888,5.935574054718018
*CCCCCCNC(=O)CCP(=O)(CCC(=O)N*)c1ccccc1,egc,4.8862,5.212815761566162
*CCCCCCNC(=O)CCP(C)(=O)CCC(=O)N*,egc,5.99,5.748053073883057
*CCCCCCNC(=O)N*,egc,5.7413,5.8277130126953125
*CCCCCCNC(=O)NCCCCCNC(=O)N*,egc,5.9068,5.478212833404541
*CCCCCCNC(=O)NCCCCNC(=O)N*,egc,5.3951,5.680504322052002
*CCCCCCNC(=O)NCCCNC(=O)N*,egc,5.6415,5.5648193359375
*CCCCCCNC(=O)c1c(F)c(F)c(C(=O)N*)c(F)c1F,egc,4.7431,5.517472743988037
*CCCCCCNC(=O)c1cccc(C(=O)N*)c1,egc,5.0813,4.902581691741943
*CCCCCCNC(=S)Nc1ccc(NC(=S)N*)cc1,eps,4.17,4.447872161865234
*CCCCCCNC(=S)Nc1ccc(NC(=S)N*)cc1,nc,1.8822,1.9283021688461304
*CCCCCCO*,egc,6.1189,6.188933372497559
*CCCCCCOC(=O)C1CCC(C(=O)O*)CC1,egc,6.5806,6.6811203956604
*CCCCCCOC(=O)CC(=O)O*,egc,7.0433,6.760915279388428
*CCCCCCOC(=O)CCC(=O)O*,egc,6.7086,6.914031505584717
*CCCCCCOC(=O)CCCC(=O)O*,egc,6.6665,6.802676677703857
*CCCCCCOC(=O)CCCCCCCC(=O)O*,egc,6.8043,6.72410774230957
*CCCCCCOC(=O)CCCCCNC(=O)CCCCC(=O)NCCCCCC(=O)O*,egc,5.8108,6.003179550170898
*CCCCCCOC(=O)CCCCCNC(=O)O*,egc,6.4222,6.4003214836120605
*CCCCCCOC(=O)CCCCS(=O)(=O)CCCCC(=O)O*,egc,6.5053,6.699198246002197
*CCCCCCOC(=O)CCCCSCCCCC(=O)O*,egc,5.2687,5.251850605010986
*CCCCCCOC(=O)NCC(F)(F)C(F)(F)C(F)(F)C(F)(F)CNC(=O)O*,egc,6.7703,6.645654201507568
*CCCCCCOC(=O)NCCCCCCCCCCNC(=O)O*,egc,6.321,6.349588871002197
*CCCCCCOC(=O)NCCCCCCNC(=O)O*,egc,6.343,6.2877068519592285
*CCCCCCOC(=O)NCCCCNC(=O)O*,egc,6.3921,6.297942161560059
*CCCCCCOC(=O)NCCCNC(=O)O*,egb,6.5954,6.170262813568115
*CCCCCCOC(=O)NCCCNC(=O)O*,egc,6.0865,6.3638129234313965
*CCCCCCOC(=O)NCCSCCCCCSCCNC(=O)O*,egc,5.2279,5.369992733001709
*CCCCCCOC(=O)NCCSCCCCSCCNC(=O)O*,egc,5.4298,5.215811729431152
*CCCCCCOC(=O)NCCSCCSCCNC(=O)O*,egb,4.7777,5.365575313568115
*CCCCCCOC(=O)NCCSCCSCCNC(=O)O*,egc,5.3918,5.332742214202881
*CCCCCCOC(=O)Nc1ccc(C)c(NC(=O)O*)c1,egc,5.2905,4.731678009033203
*CCCCCCOC(=O)O*,egc,7.3901,6.751461505889893
*CCCCCCOC(=O)OCCCCCCCCOC(=O)OCCCCCCOc1ccc(Oc2ccc(O*)cc2)cc1,egc,4.4708,4.507748126983643
*CCCCCCOC(=O)OCCCCCCCCOC(=O)OCCCCCCn1c(=O)c2cc3c(=O)n(*)c(=O)c3cc2c1=O,egc,3.7768,3.867382049560547
*CCCCCCOC(=O)OCCCCCCOC(=O)OCCCCCCOc1ccc(C(=O)c2ccc(O*)cc2)cc1,egc,4.1722,4.297537326812744
*CCCCCCOC(=O)OCCCCCCOC(=O)OCCCCCCOc1ccc(Oc2ccc(O*)cc2)cc1,egc,4.3261,4.45621919631958
*CCCCCCOC(=O)SC(=O)O*,egc,5.9655,5.97817325592041
*CCCCCCOC(=O)SNc1ccc(Cc2ccc(NSC(=O)O*)cc2)cc1,egc,4.1148,3.8921027183532715
*CCCCCCOCO*,egc,6.7419,6.502154350280762
*CCCCCCOc1ccc(C(=O)N(C(=O)c2ccc(O*)cc2)c2ccccc2)cc1,egc,3.9898,3.328664779663086
*CCCCCCSCCS*,egb,5.0604,5.041928768157959
*CCCCCCSSCCCCSS*,egb,4.2836,5.385572910308838
*CCCCCC[N+](*)(C)C,egc,0.0205,2.476588010787964
*CCCCCC[N+](C)(C)CCC[N+](*)(C)C,egc,0.2161,-0.47161000000000003
*CCCCCCn1c(=O)c2cc3c(=O)n(*)c(=O)c3cc2c1=O,egc,3.8389,3.756481170654297
*CCCCCCn1ccc(-c2ccc(-c3ccn(*)n3)cc2)n1,egc,4.0274,3.6227734088897705
*CCCCCNC(=O)C(CCCCCCCCCCCC)C(=O)N*,egb,6.2733,5.79788875579834
*CCCCCNC(=O)C(CCCCCCCCCCCC)C(=O)N*,egc,5.7457,5.985103607177734
*CCCCCNC(=O)CC(=O)N*,egc,5.7523,5.854656219482422
*CCCCCNC(=O)CCCCCC(=O)N*,egc,5.9272,5.821334362030029
*CCCCCNC(=O)CCCCCCC(=O)N*,egc,5.9286,5.920769691467285
*CCCCCNC(=O)CCCCCCCCC(=O)N*,egc,5.6828,5.881656646728516
*CCCCCNC(=O)CCCCCCCCCCCCCCCCC(=O)N*,egc,5.855,5.92515754699707
*CCCCCNC(=O)CCCCCCCCCCCCCCCCCCC(=O)N*,egc,5.895,5.897042751312256
*CCCCCNC(=O)CCCCCCCCOCCCCCCCCC(=O)NCCCCCO*,egc,5.9278,5.737799644470215
*CCCCCNC(=O)N*,egc,5.6754,5.831972599029541
*CCCCCNC(=O)O*,egc,6.3761,6.290247917175293
*CCCCCNC(=S)N*,egc,4.4944,4.372554302215576
*CCCCCOC(=O)C(=O)O*,egc,5.5658,5.511292457580566
*CCCCCOC(=O)CCCCCNC(=O)O*,egc,6.3976,6.442718982696533
*CCCCCOC(=O)CCCCS(=O)(=O)CCCCC(=O)O*,egc,6.9262,6.491772651672363
*CCCCCOC(=O)CCCCSCCCCC(=O)O*,egc,5.2896,5.2530975341796875
*CCCCCOC(=O)NC(=O)C1CC1C(=O)NC(=O)O*,egc,6.0047,5.911092758178711
*CCCCCOC(=O)NC1CC1NC(=O)O*,egc,6.2104,6.45388650894165
*CCCCCOC(=O)NCC(F)(F)C(F)(F)C(F)(F)C(F)(F)CNC(=O)O*,egc,6.5795,6.7679972648620605
*CCCCCOC(=O)NCCCCCCNC(=O)O*,egc,6.4123,6.233243465423584
*CCCCCOC(=O)NCCSCCCCCCSCCNC(=O)O*,egc,5.1243,5.355987071990967
*CCCCCOC(=O)NCCSCCCCCSCCNC(=O)O*,egc,5.3077,5.184366703033447
*CCCCCOC(=O)NCCSCCCCSCCNC(=O)O*,egc,5.2673,5.306180953979492
*CCCCCOC(=O)NCCSCCSCCNC(=O)O*,egc,5.3739,5.3365278244018555
*CCCCCOC(=O)NNC(=O)CCCCCCCCC(=O)NNC(=O)O*,egc,5.6607,5.879838943481445
*CCCCCOC(=O)Nc1ccc(C)c(NC(=O)O*)c1,eea,0.9199,0.818363606929779
*CCCCCOC(=O)Nc1ccc(C)c(NC(=O)O*)c1,ei,5.1674,6.104034900665283
*CCCCCOC(=O)Nc1ccc(C)c(NC(=O)O*)c1,nc,1.7297,1.7861279249191284
*CCCCCOC(=O)O*,egb,7.123,7.04024076461792
*CCCCCOC(=O)O*,egc,7.3186,6.748455047607422
*CCCCCOC(=O)O*,eps,3.09,3.090804100036621
*CCCCCOC(=O)O*,nc,1.6374,1.6096371412277222
*CCCCCOCO*,eea,0.5413,0.6362540125846863
*CCCCCOCO*,egb,6.8354,6.9870781898498535
*CCCCCOCO*,egc,6.5668,6.507933139801025
*CCCCCOCO*,nc,1.6043,1.645591139793396
*CCCCCS*,egb,4.989,5.2327880859375
*CCCCCS*,ei,5.7733,6.4575629234313965
*CCCCCc1nc2cc3sc(*)nc3cc2s1,egc,4.2723,4.207336902618408
*CCCCCc1nnc(*)o1,egc,6.1707,6.270352363586426
*CCCCCn1c(=O)c2ccc3c4ccc5c(=O)n(*)c(=O)c6ccc(c7ccc(c1=O)c2c37)c4c56,egc,1.9902,2.4215879440307617
*CCCCNC(=O)C(=O)N*,egc,5.1306,5.599727153778076
*CCCCNC(=O)CC(=O)N*,egc,5.9986,5.770451068878174
*CCCCNC(=O)CCC=CCCC(=O)N*,egc,5.5356,5.532352447509766
*CCCCNC(=O)CCCCCCC(=O)N*,egc,6.0697,5.922832489013672
*CCCCNC(=O)CCCCCCC(=O)NCCCCNC(=O)C(=O)N*,egc,4.7855,5.331124782562256
*CCCCNC(=O)CCCCCCCCCC(=O)N*,egc,5.9628,5.963528633117676
*CCCCNC(=O)CCCCCCCCCCCCCCC(=O)N*,egc,6.0415,5.967536926269531
*CCCCNC(=O)CCCCCCCCCCCCCCCCC(=O)N*,egc,6.0758,5.94873046875
*CCCCNC(=O)NCCCCCCNC(=O)O*,egc,5.9887,5.786576747894287
*CCCCNC(=O)c1cccc(C(=O)N*)c1,egc,5.1173,4.82165002822876
*CCCCOC(=O)C1C(=O)C2CCC1C(=O)C2C(=O)O*,egc,5.3882,4.47312068939209
*CCCCOC(=O)C1CCC(C(=O)O*)CC1,egb,6.5835,6.330268859863281
*CCCCOC(=O)CC(=O)O*,egc,6.6946,6.77299165725708
*CCCCOC(=O)CCCCC(=O)O*,egc,6.8238,6.784572601318359
*CCCCOC(=O)CCCCCCCCC(=O)O*,egc,6.818,6.8051557540893555
*CCCCOC(=O)CCCCS(=O)(=O)CCCCC(=O)O*,egc,6.544,6.759420394897461
*CCCCOC(=O)CCCCSCCCCC(=O)O*,egc,5.4021,5.297280788421631
*CCCCOC(=O)Cc1ccc(CC(=O)O*)cc1,egc,5.4635,5.214317798614502
*CCCCOC(=O)NC1CCC(CC2CCC(NC(=O)O*)CC2)CC1,egc,6.1232,6.224097728729248
*CCCCOC(=O)NCCCCNC(=O)O*,egc,6.3043,6.324110984802246
*CCCCOC(=O)NCCNC(=O)O*,egc,6.2788,6.277554035186768
*CCCCOC(=O)NCCSCCSCCNC(=O)O*,egc,5.7445,5.393492221832275
*CCCCOC(=O)NCc1ccc(CNC(=O)O*)cc1,egc,5.6759,5.322259426116943
*CCCCOC(=O)NNC(=O)CCCCCCCCC(=O)NNC(=O)O*,egc,6.1019,5.915700435638428
*CCCCOC(=O)Nc1ccc(C)c(NC(=O)O*)c1,egc,4.832,5.173307418823242
*CCCCOC(=O)OCC1CCC(COC(=O)O*)CC1,egc,7.0222,6.780577659606934
*CCCCOC(=O)SC(=O)O*,egc,5.9582,5.960474967956543
*CCCCOC(=O)SNCCCCCCNSC(=O)O*,egc,5.4377,4.872223854064941
*CCCCOC(=O)SSC(=O)O*,egc,4.2442,5.368809700012207
*CCCCOC(=O)SSSC(=O)O*,egc,3.9747,4.760198593139648
*CCCCOC(=O)SSSSC(=O)O*,egc,4.6274,3.7681360244750977
*CCCCOC(=O)c1ccc(C(=O)O*)cc1,eea,2.4936,2.17771577835083
*CCCCOC(=O)c1ccc(C(=O)O*)cc1,egb,4.0149,4.447322845458984
*CCCCOC(=O)c1ccc(C(=O)O*)cc1,eps,3.59,3.797544002532959
*CCCCOC(=O)c1cccc(C(=O)O*)c1,egc,5.1711,4.997127532958984
*CCCCOc1ccc(C(=O)OC(=O)c2ccc(O*)cc2)cc1,egc,4.2843,4.17892599105835
*CCCCOc1ccc(C=C2CCC(=Cc3ccc(O*)cc3)C2=O)cc1,egc,2.9446,2.7013115882873535
*CCCCOc1ccc(OC(=O)c2ccc(C(=O)Oc3ccc(O*)cc3)c(C(=O)OCC=C)c2)cc1,egc,3.1899,3.302034854888916
*CCCCSCCS*,egb,4.9438,5.005283355712891
*CCCCc1nc(-c2ccc(-c3csc(*)n3)cc2)cs1,egc,3.7312,3.6424214839935303
*CCCCc1nnc(*)n1N,egc,5.3914,5.531016826629639
*CCCCc1nnc(*)o1,egc,6.3699,6.015731334686279
*CCCN(*)C,egc,4.8968,5.387618541717529
*CCCN(*)C(C)=O,egc,5.7364,5.204004764556885
*CCCN*,egb,6.381,6.202026844024658
*CCCN*,egc,5.2088,5.596955299377441
*CCCN*,ei,5.8246,5.792275428771973
*CCCN*,eps,3.03,3.392179489135742
*CCCN*,nc,1.6776,1.6585549116134644
*CCCNC(=O)CCC=CCCC(=O)N*,egc,5.7523,5.381617069244385
*CCCNC(=O)CCCCC(=O)NCCCO*,egc,5.8321,5.746884822845459
*CCCNC(=O)CCCCCCCC(=O)NCCCNC(=O)C(=O)N*,egb,4.6809,5.332139492034912
*CCCNC(=O)CCCCCCCCC(=O)NCCCOCCO*,egc,5.9244,5.862990856170654
*CCCNC(=O)CCCCCCCCCCCCCCCCCCC(=O)N*,egc,5.894,5.975309371948242
*CCCNC(=O)NCCCCCCNC(=O)O*,egc,5.4226,5.989446640014648
*CCCNC(=O)c1cccc(C(=O)N*)c1,egc,4.8185,5.056046009063721
*CCCO*,egc,6.2459,6.134936332702637
*CCCO*,ei,6.904,6.746611595153809
*CCCO*,eps,3.03,3.074568033218384
*CCCO*,nc,1.6476,1.6295812129974365
*CCCOC(=O)C(=O)O*,egc,5.7163,5.5347161293029785
*CCCOC(=O)C1CCC(C(=O)O*)CC1,egc,6.703,6.594336986541748
*CCCOC(=O)CC(=O)O*,egc,6.6256,6.795762538909912
*CCCOC(=O)CCC(=O)O*,egc,6.805,6.684397220611572
*CCCOC(=O)CCC(C)CC(=O)O*,egc,6.7963,6.83485221862793
*CCCOC(=O)CCCC(=O)O*,egc,6.7627,6.748719215393066
*CCCOC(=O)CCCCCCC(=O)O*,egc,6.9244,6.723329544067383
*CCCOC(=O)CCCCCCCCC(=O)O*,egc,6.8385,6.788619518280029
*CCCOC(=O)CCCCCCCCCC(=O)O*,egc,6.7744,6.790955543518066
*CCCOC(=O)CCCCCCCCCCC(=O)O*,egb,6.3683,6.55775785446167
*CCCOC(=O)CCCCCCCCCCCCCCCCC(=O)O*,egc,6.9154,6.755793571472168
*CCCOC(=O)CCCCCCCCOC(=O)CCCOC(=O)CCCCCCCCOC(*)=O,egb,6.5329,5.660634517669678
*CCCOC(=O)CCCCCCCCOC(=O)CCCOC(=O)CCCCCCCCOC(*)=O,ei,7.4162,7.71262264251709
*CCCOC(=O)CCCCCCCCOC(=O)CCCOC(=O)CCCCCCCCOC(*)=O,nc,1.6306,1.6554104089736938
*CCCOC(=O)CCCCSCCCCC(=O)O*,egc,5.3966,5.366722583770752
*CCCOC(=O)COCC(=O)O*,egc,6.0368,6.265088081359863
*CCCOC(=O)Cc1ccc(CC(=O)O*)cc1,egc,5.2766,5.349664688110352
*CCCOC(=O)N1CCC(*)CC1,egc,5.7499,6.194516181945801
*CCCOC(=O)NCCCCCCNC(=O)O*,egc,6.2372,6.363444805145264
*CCCOCCOCCOC(=O)Nc1ccc(C)c(NC(=O)O*)c1,egc,5.0994,5.056338787078857
*CCCOc1ccc(C(=O)OC(=O)c2ccc(O*)cc2)cc1,egc,4.317,4.243537902832031
*CCCP(C)(=O)CCCNC(=O)CCCCCCCCC(=O)N*,egc,5.7831,5.579029083251953
*CCCP(CCCCCCCC)CCCNC(=O)CCCCC(=O)N*,egc,4.7376,4.94150447845459
*CCCP(CCCNC(=O)C(=O)N*)c1ccccc1,egc,4.5841,4.460023880004883
*CCCP(CCCNC(=O)CCCCC(=O)N*)CC(C)C,egc,5.1348,5.415289878845215
*CCCP(CCCNC(=O)CCCCCCCCC(=O)N*)c1ccccc1,egc,4.6632,4.66151237487793
*CCCS(=O)(=O)CCCCS(=O)(=O)CCCOC(=O)O*,egc,6.4999,6.856606483459473
*CCC[Si](C)(C)O[Si](C)(C)CCCn1c(=O)c2cc3c(=O)n(*)c(=O)c3cc2c1=O,egc,3.5354,3.4288625717163086
*CCCc1ccc(*)cc1,eea,0.9937,1.1322047710418701
*CCCc1ccc(*)cc1,egb,4.7657,4.751218795776367
*CCCc1ccc(*)cc1,eps,3.14,3.4893805980682373
*CCCc1ccc(*)cc1,nc,1.7489,1.7400460243225098
*CCCc1ccc(*)s1,ei,5.6976,6.087531089782715
*CCCc1ccc(*)s1,eps,3.2,3.4086103439331055
*CCCc1ccc(*)s1,nc,1.7538,1.77649986743927
*CCCc1nc2cc3sc(*)nc3cc2s1,egc,4.1967,4.0881476402282715
*CCN(*)C(=O)CO,egc,5.9405,5.841258525848389
*CCN(*)C(=O)c1c(F)cc(F)c(F)c1F,egc,4.9884,5.165988922119141
*CCN(*)C(=O)c1c(F)cccc1F,egc,4.4989,4.2852582931518555
*CCN(*)C(=O)c1cc(F)ccc1F,egc,4.4693,4.639990329742432
*CCN(*)C(=O)c1ccc(F)c(F)c1,egc,5.106,4.620140075683594
*CCN(*)C(=O)c1ccc(F)cc1,egc,5.1588,4.633317947387695
*CCN(*)C(=O)c1ccc(OC)cc1,egc,5.0115,5.3002705574035645
*CCN(*)Cc1ccccc1,egc,3.8139,4.7010321617126465
*CCN(CCCC(=O)Nc1ccc(N=Nc2ccccc2)cc1)CCOC(=O)NCC1CCCC(CNC(=O)O*)C1,egc,3.1195,3.2895591259002686
*CCN(CCOC(=O)C=Cc1ccc(C=CC(=O)O*)cc1)c1ccc(N=Nc2ccc([N+](=O)[O-])cc2)cc1,egc,2.3089,1.9903247356414795
*CCN(CCOC(=O)Nc1ccc(C)c(NC(=O)O*)c1)c1ccc(-c2c(NCCCO)c(=O)c2=O)cc1,egc,3.2653,3.5012378692626953
*CCN(CCOC(=O)Nc1ccc(Cc2ccc(NC(=O)O*)cc2)cc1)c1ccccc1,egc,4.1239,3.9525203704833984
*CCN(CCOC(=O)c1cccc(C(=O)O*)c1)c1ccccc1,egc,3.0504,4.092425346374512
*CCN1C(=O)C(=CC=C2SC(=S)N(*)C2=O)SC1=S,egc,2.2801,3.261997938156128
*CCN1C(=O)C(=CCCCC=C2SC(=S)N(*)C2=O)SC1=S,egc,3.4576,2.3052468299865723
*CCNC(*)=S,eea,1.6837,1.8949642181396484
*CCNC(*)=S,egb,3.6727,3.6937942504882812
*CCNC(*)=S,ei,5.3628,5.496190071105957
*CCNC(*)=S,eps,4.24,4.353447914123535
*CCNC(=O)C(OC)C(OC)C(=O)N*,egc,5.4257,5.657681465148926
*CCNC(=O)CCCCC(=O)N*,egc,5.8254,5.844586372375488
*CCNC(=O)CCCCCCCCC(=O)N*,egc,5.9828,5.858888626098633
*CCNC(=O)CCCCCCCCCCC(=O)N*,egc,5.5657,5.93994140625
*CCNC(=O)CCCCCCCCCCCCCCC(=O)N*,egc,5.9522,5.816555023193359
*CCNC(=O)CCP(C)(=O)CCC(=O)N*,egc,6.0568,5.883191108703613
*CCNC(=O)NCCCCCCNC(=O)O*,egc,5.6117,5.924576282501221
*CCNC(=O)c1ccc(O*)cc1,egc,5.0314,4.781298637390137
*CCNC(=O)c1cccc(O*)c1,egc,4.5918,4.8065009117126465
*CCNC(C=C1)=CC=C1*,egc,4.1674,4.705007553100586
*CCNC(S1)=CC=C1*,egc,3.9675,4.328153610229492
*CCN[Si](C)(C)N*,egc,4.8016,5.5299763679504395
*CCNc1ccc(*)cc1,eea,0.6326,0.9643757939338684
*CCNc1ccc(*)cc1,nc,1.7816,1.832230567932129
*CCNc1ccc(*)s1,egb,3.793,3.8266983032226562
*CCNc1ccc(*)s1,nc,1.8184,1.8468894958496094
*CCO*,eea,0.3936,0.7098624110221863
*CCO*,egc,5.5372,6.096343040466309
*CCO*,nc,1.6377,1.633723258972168
*CCOC(=O)C(=O)O*,egc,6.5784,5.50338888168335
*CCOC(=O)C1C2C=CC(C2)C1C(=O)O*,egb,5.3661,5.333564758300781
*CCOC(=O)C1C2C=CC(C2)C1C(=O)O*,egc,5.7779,5.4398112297058105
*CCOC(=O)C1CCC(C(=O)O*)CC1,egb,6.4481,6.674590110778809
*CCOC(=O)C=CC(=O)O*,egc,4.8762,5.259115695953369
*CCOC(=O)CC(=O)O*,egc,6.8494,6.5756754875183105
*CCOC(=O)CCC(=O)O*,egc,6.5377,6.786005973815918
*CCOC(=O)CCCCC(=O)O*,eea,1.0754,0.8681408762931824
*CCOC(=O)CCCCC(=O)O*,ei,7.8277,7.487741947174072
*CCOC(=O)CCCCC(=O)O*,eps,3.25,3.306701183319092
*CCOC(=O)CCCCC(=O)O*,nc,1.6581,1.652379035949707
*CCOC(=O)CCCCCC(=O)O*,egc,6.8822,6.757197856903076
*CCOC(=O)CCCCCCC(=O)O*,eea,0.8924,1.0426998138427734
*CCOC(=O)CCCCCCC(=O)O*,egc,6.9025,6.803342342376709
*CCOC(=O)CCCCCCC(=O)O*,eps,3.16,3.30405330657959
*CCOC(=O)CCCCCCC(=O)O*,nc,1.6577,1.6568363904953003
*CCOC(=O)CCCCCCCCC(=O)O*,egc,6.8048,6.882463455200195
*CCOC(=O)COCC(=O)O*,egc,6.1826,6.376603603363037
*CCOC(=O)CSC(=O)Nc1ccc(Cc2ccc(NC(=O)SCC(=O)O*)cc2)cc1,egc,4.3268,3.93892502784729
*CCOC(=O)Cc1ccc(CC(=O)O*)cc1,egc,5.1252,5.584835529327393
*CCOC(=O)N(C)c1ccc(C)c(N(C)C(=O)O*)c1,egc,5.1683,5.237955570220947
*CCOC(=O)NC1CCC(NC(=O)O*)CC1,egc,6.3209,6.261226654052734
*CCOC(=O)NCCCCCCCCCNC(=O)O*,egc,6.3118,6.355295181274414
*CCOC(=O)NCCOCCOCCNC(=O)O*,eea,0.573,0.8730332255363464
*CCOC(=O)NCCOCCOCCNC(=O)O*,egb,6.4585,6.571011066436768
*CCOC(=O)NCCOCCOCCNC(=O)O*,egc,6.1403,6.201214790344238
*CCOC(=O)NCCOCCOCCNC(=O)O*,ei,7.1012,6.71281099319458
*CCOC(=O)NCCOCCOCCNC(=O)O*,eps,3.53,3.7655835151672363
*CCOC(=O)NCCOCCOCCNC(=O)O*,nc,1.6526,1.6589858531951904
*CCOC(=O)NCCSCCCCSCCNC(=O)O*,egb,5.1094,5.025768280029297
*CCOC(=O)NCCSCCCCSCCNC(=O)O*,egc,5.1396,5.403608798980713
*CCOC(=O)NNC(=O)CCCCCCCCC(=O)NNC(=O)O*,egc,5.8878,5.763090133666992
*CCOC(=O)Nc1cc(NC(=O)O*)ccc1C,egc,5.1142,4.988146781921387
*CCOC(=O)Nc1ccc(-c2ccc(NC(=O)O*)c(C)c2)cc1C,egc,4.3385,3.9435384273529053
*CCOC(=O)Nc1ccc(C(C)(C)c2ccc(NC(=O)O*)cc2)cc1,egb,4.3346,4.9228363037109375
*CCOC(=O)Nc1ccc(NC(=O)O*)cc1,egc,4.8391,5.004754543304443
*CCOC(=O)Nc1cccc(NC(=O)O*)c1,egc,5.098,5.225854396820068
*CCOC(=O)Nc1cccc2c(NC(=O)O*)cccc12,egc,3.9352,4.175701141357422
*CCOC(=O)c1ccc(C(=O)O*)c2c1CC2,egc,4.3335,5.306658744812012
*CCOC(=O)c1ccc(C(=O)O*)cc1,eea,2.2723,2.353774309158325
*CCOC(=O)c1ccc(C(=O)O*)cc1,egc,4.6867,4.696386814117432
*CCOC(=O)c1ccc(C(=O)O*)cc1,eps,3.82,3.8829538822174072
*CCOC(=O)c1ccc(C2(C)CC(C)(C)c3ccc(C(=O)O*)cc32)cc1,egc,4.3486,3.8707354068756104
*CCOC(=O)c1ccc(NC(=O)CCCCCCCC(=O)Nc2ccc(C(=O)O*)cc2)cc1,egc,4.188,4.237623691558838
*CCOC(=O)c1ccc(O*)c(C)c1,egc,4.4876,4.530627250671387
*CCOC(=O)c1ccc(O*)cc1Cl,egc,4.6773,4.680434703826904
*CCOC(=O)c1ccc2ccc(C(=O)O*)cc2c1,egc,3.9507,3.6800150871276855
*CCOC(=S)NC(=S)C(C=C1)=CC=C1N*,egc,2.7606,2.9881081581115723
*CCOC(=S)NC(=S)c1ccc(N*)cc1,eea,2.6209,2.522721290588379
*CCOC(=S)NC(=S)c1ccc(N*)cc1,ei,5.413,5.5437798500061035
*CCOC(=S)NC(=S)c1ccc(N*)cc1,eps,5.17,5.069489479064941
*CCOCCOC(=O)C(C)C(=O)O*,egc,6.4398,6.078577518463135
*CCOCCOC(=O)C(CCCCCCC)C(=O)O*,egc,6.4036,6.2356390953063965
*CCOCCOC(=O)C=CC(=O)NCCCCCCNC(=O)C=CC(=O)O*,egc,3.8434,4.295479774475098
*CCOCCOC(=O)CCC(=O)O*,egc,6.5538,6.393294811248779
*CCOCCOC(=O)CCC(C)CC(=O)O*,egc,6.43,6.411269664764404
*CCOCCOC(=O)CCCC(=O)O*,egc,6.4269,6.3688554763793945
*CCOCCOC(=O)CCCCCCCC(=O)O*,egc,6.5091,6.381227493286133
*CCOCCOC(=O)CCCCS(=O)(=O)CCCCC(=O)O*,egb,5.7504,6.235045433044434
*CCOCCOC(=O)CCSCCC(=O)O*,egc,5.4283,5.328871250152588
*CCOCCOC(=O)COCC(=O)O*,egc,5.9381,6.181318759918213
*CCOCCOC(=O)NCCNC(=O)O*,egc,6.3071,6.080434799194336
*CCOCCOC(=O)Nc1ccc(C)c(NC(=O)O*)c1,eea,0.755,0.998685896396637
*CCOCCOC(=O)Nc1ccc(C)c(NC(=O)O*)c1,egb,4.5558,5.04546594619751
*CCOCCOC(=O)Nc1ccc(C)c(NC(=O)O*)c1,nc,1.7289,1.7618623971939087
*CCOCCOC(=O)O*,eea,0.4954,0.7711144089698792
*CCOCCOC(=O)O*,egb,6.6617,6.706421375274658
*CCOCCOC(=O)O*,ei,7.5966,6.965902805328369
*CCOCCOC(=O)O*,eps,3.32,3.2270946502685547
*CCOCCOC(=O)c1ccc(NC=Nc2ccc(C(=O)O*)cc2)cc1,egc,4.1569,3.7870495319366455
*CCOCCOC(=O)c1cccc(C(=O)O*)c1,egc,4.8122,5.097052097320557
*CCOCCOCC#CC#CCOCCOCCOC(=O)NCCCCCCNC(=O)O*,egc,4.9082,5.239065170288086
*CCOCCOCCOC(=O)C=CC(=O)NCCCCCCNC(=O)C=CC(=O)O*,egc,4.4951,3.994384765625
*CCOCCOCCOC(=O)CC(=O)O*,egc,5.6203,6.323051929473877
*CCOCCOCCOC(=O)CCC(=O)O*,egc,6.2323,6.205130577087402
*CCOCCOCCOC(=O)CCCCC(=O)O*,egc,6.384,6.2634053230285645
*CCOCCOCCOC(=O)CCCCCC(=O)O*,egb,5.5157,6.158218860626221
*CCOCCOCCOC(=O)CCCCCCC(=O)O*,egb,6.184,5.722653388977051
*CCOCCOCCOC(=O)CCCCCCCCC(=O)O*,egc,6.1436,6.473399639129639
*CCOCCOCCOC(=O)COCC(=O)O*,egc,6.0666,5.844663619995117
*CCOCCOCCOC(=O)CSC(=O)Nc1ccc(C)c(NC(=O)SCC(=O)O*)c1,egc,4.461,4.649660110473633
*CCOCCOCCOC(=O)NCCCCCCNC(=O)O*,egc,6.2098,6.132630825042725
*CCOCCOCCOC(=O)c1cccc(C(=O)O*)c1,egc,4.9478,5.115394592285156
*CCOCCOCCOC(=O)c1ccccc1C(=O)O*,egc,4.8493,4.992553234100342
*CCOCCOCCOCCOC(=O)CCSCCC(=O)O*,egc,5.3735,5.303937911987305
*CCOCCOCCOCCOC(=O)NCCCCCCNC(=O)O*,egc,6.0228,5.975797176361084
*CCOCCOCCOCCOCCOc1ccc(C(=O)Nc2cc(NC(=O)c3ccc(O*)cc3)cc(-c3nc4ccccc4[nH]3)c2)cc1,egc,3.9357,3.5355849266052246
*CCOCCOCCOCCOCCOc1ccc(C=C(C)c2ccc(O*)cc2)cc1,egc,3.9391,3.9105770587921143
*CCOCCOCCOc1ccc(C=C(C)c2ccc(O*)cc2)cc1,egc,3.8885,3.7506978511810303
*CCOCCOc1ccc(NC=Nc2ccc(O*)cc2)cc1,egc,3.9725,4.170688629150391
*CCOCO*,egc,6.6358,6.162832736968994
*CCON*,egc,5.6784,4.657958507537842
*CCON*,ei,4.8207,6.237163066864014
*CCON*,nc,1.7034,1.7315212488174438
*CCOc1ccc(C(=O)OC(=O)c2ccc(C(=O)OC(=O)c3ccc(O*)c(OC)c3)cc2)cc1OC,egc,3.2659,3.969896078109741
*CCOc1ccc(C(=O)OC(=O)c2ccc(O*)cc2)cc1,egc,4.4185,4.422852516174316
*CCOc1ccc(C(=O)OCCCCCCOC(=O)c2ccc(O*)cc2)cc1,egc,4.6906,4.311464786529541
*CCSCCO*,egc,5.5968,5.214418888092041
*CCSSCCO*,egc,5.6114,4.663296699523926
*CCSSSSCCO*,egc,4.5753,5.292367935180664
*CCc1c(C)c(C)c(*)c(C)c1C,egc,4.9544,5.024156093597412
*CCc1cc(Cl)c(*)c(Cl)c1,egc,5.1758,4.890296936035156
*CCc1ccc(*)c(C#N)c1,egc,4.7476,4.524557590484619
*CCc1ccc(*)c(Cl)c1Cl,egc,5.1237,3.873922348022461
*CCc1ccc(*)o1,egc,4.9056,4.621712684631348
*CCc1ccc(-c2ccc(*)cc2)cc1,egb,3.7492,3.786072015762329
*CCc1ccc(-c2ccc(*)cc2)cc1,ei,5.6867,5.851095676422119
*CCc1ccc(-c2ccc(*)cc2)cc1,eps,3.58,3.799253463745117
*CCc1ccc(-c2ccc(*)s2)cc1,eea,1.6982,1.8870205879211426
*CCc1ccc(-c2ccc(*)s2)cc1,egb,2.9495,3.1204674243927
*CCc1ccc(-c2ccc(*)s2)cc1,nc,1.9106,1.915946125984192
*CCc1ccc(-c2ccc(*)s2)s1,eea,1.9411,1.8990116119384766
*CCc1ccc(-c2ccc(*)s2)s1,egb,2.7315,2.7356669902801514
*CCc1ccc(-c2ccc(*)s2)s1,ei,5.1709,5.341945171356201
*CCc1ccc(C(*)=S)cc1,egb,2.7697,2.5780251026153564
*CCc1ccc(C(*)=S)cc1,ei,5.8549,5.885762691497803
*CCc1ccc(C(*)=S)cc1,nc,1.9173,1.9604172706604004
*CCc1ccc(C(*)=S)s1,eea,3.3272,2.6895337104797363
*CCc1ccc(C(*)=S)s1,egb,2.295,2.0273871421813965
*CCc1ccc(C(*)=S)s1,eps,4.38,4.643906593322754
*CCc1ccc(C(*)=S)s1,nc,2.0043,2.0168981552124023
*CCc1ccc(Cc2ccc(CCS*)cc2)cc1,egb,4.3552,4.207912445068359
*CCc1ccc(Cc2ccc(CCS*)cc2)cc1,egc,4.9003,4.9225640296936035
*CCc1ccc(O*)cc1,eea,0.7536,1.1347439289093018
*CCc1ccc(O*)cc1,egb,4.052,4.3953986167907715
*CCc1ccc(O*)cc1,eps,3.46,3.6337876319885254
*CCc1ccc(O*)cc1,nc,1.7865,1.7840524911880493
*CCc1ccc(O*)s1,eea,0.6627,0.9711364507675171
*CCc1ccc(O*)s1,egb,4.1608,4.184323787689209
*CCc1cnc(*)cn1,egc,4.5671,4.810085773468018
*CCc1nc(-c2ccc(-c3csc(*)n3)cc2)cs1,egc,3.7563,3.691540241241455
*CCc1nnc(*)n1N,egc,5.722,5.125743865966797
*CNC(=O)C(*)=S,eea,4.0732,3.4194390773773193
*CNC(=O)C(*)=S,ei,7.0203,6.685723781585693
*CNC(=O)C(*)=S,eps,5.23,5.39713191986084
*CNC(=O)C(*)=S,nc,1.9972,2.008543014526367
*CNC(=O)CCCC(=O)N*,egc,6.1798,5.790452480316162
*CNC(=O)CCCCCC(=O)N*,egc,5.7012,5.732568264007568
*CNC(=O)CCCCCCCCC(=O)N*,egc,6.1742,5.816806316375732
*CNC(=O)NCOCO*,eea,0.7808,1.05366051197052
*CNC(=O)NCOCO*,egc,6.2147,5.725516319274902
*CNC(=O)NCOCO*,eps,4.22,3.931504964828491
*CNC(=O)NCOCO*,nc,1.6883,1.7080051898956299
*CNC(=O)OCc1ccc(COCc2ccc(COC(=O)NCc3ccc(C(C)(C)c4ccc(*)o4)o3)o2)o1,egc,4.4843,4.4383015632629395
*CNC(=O)ONC(=O)NO*,egb,5.9707,5.79310941696167
*CNC(=O)ONC(=O)NO*,egc,6.8117,5.781545162200928
*CNC(=O)ONC(=O)NO*,ei,7.4526,7.450236797332764
*CNC(=O)ONC(=O)NO*,eps,4.65,4.43550968170166
*CNC(=O)ONC(=O)NO*,nc,1.7609,1.7759500741958618
*CNC(=O)c1ccc(*)s1,eea,1.968,2.1212899684906006
*CNC(=O)c1ccc(*)s1,ei,6.3237,6.363089084625244
*CNC(=O)c1ccc(*)s1,eps,4.11,4.2650604248046875
*CNC(=S)C(*)=O,egb,2.1003,2.492166042327881
*CNC(=S)C(*)=O,ei,6.3386,6.175823211669922
*CNC(=S)C(*)=O,eps,5.35,5.5330963134765625
*CNC(=S)C(C=C1)=CC=C1*,egc,3.4579,3.6215744018554688
*CNC(=S)N*,egc,4.2179,3.9962291717529297
*CNC(=S)N*,ei,5.6855,6.3148298263549805
*CNC(=S)O*,egb,4.2201,3.9611473083496094
*CNC(=S)O*,egc,4.6235,4.344145774841309
*CNC(=S)O*,ei,6.2178,6.311254501342773
*CNC(=S)c1ccc(*)cc1,egb,3.1832,2.987213134765625
*CNC(=S)c1ccc(*)cc1,ei,5.75,6.076969623565674
*CNC(=S)c1ccc(*)s1,eea,2.3974,2.6477580070495605
*CNC(=S)c1ccc(*)s1,egb,2.7289,3.096806526184082
*CNC(=S)c1ccc(*)s1,ei,5.8964,5.726092338562012
*CNC(=S)c1ccc(*)s1,eps,4.55,4.965177059173584
*CNC(C=C1)=CC=C1C(=O)*,egc,3.6383,3.8801708221435547
*CNC(C=C1)=CC=C1O*,egc,4.3424,4.332221984863281
*CNC(S1)=CC=C1C(=O)*,egc,3.1504,3.507188558578491
*CNC(S1)=CC=C1N*,egc,4.2825,4.00282621383667
*CNCC(*)=O,eea,1.6269,1.8063448667526245
*CNCC(*)=O,ei,6.367,6.503091335296631
*CNCC(*)=S,eea,2.6857,2.521618604660034
*CNCC(*)=S,ei,6.0922,5.919188976287842
*CNCCCOCO*,eea,0.6155,0.5900683999061584
*CNCCCOCO*,egb,6.3311,6.363022327423096
*CNCCCOCO*,ei,6.3776,6.439072132110596
*CNCCCOCO*,eps,3.54,3.455034017562866
*CNCCNC(=O)OC*,eea,0.5903,0.9227418899536133
*CNCCNC(=O)OC*,egb,6.3647,5.650180816650391
*CNCCNC(=O)OC*,ei,6.3844,6.7161149978637695
*CNCCNC(=O)OC*,eps,3.67,3.7276861667633057
*CNCN*,eea,0.8689,0.628524899482727
*CNCN*,egb,6.2293,5.752701282501221
*CNCN*,egc,5.1634,5.675654888153076
*CNCN*,ei,6.0806,5.9049272537231445
*CNCNC(=O)NC(=O)N*,egb,5.4,6.482015132904053
*CNCNC(=O)NC(=O)N*,egc,6.2347,5.354126930236816
*CNCNC(=O)NC(=O)N*,eps,3.92,4.648032188415527
*CNCO*,eea,0.7624,0.7157799601554871
*CNCO*,egb,6.9282,6.493087291717529
*CNCO*,ei,6.4057,6.617475509643555
*CNCO*,eps,3.53,3.645754337310791
*CNCO*,nc,1.6697,1.6789829730987549
*CNCc1ccc(*)cc1,egb,4.4323,4.589008808135986
*CNCc1ccc(*)cc1,ei,6.259,5.952293395996094
*CNCc1ccc(*)s1,eea,1.1612,1.353065013885498
*CNCc1ccc(*)s1,egb,4.1265,4.061270236968994
*CNCc1ccc(*)s1,eps,3.53,3.862611770629883
*CNOC(*)=S,eea,2.5,2.2078256607055664
*CNOC(*)=S,egb,3.5947,3.091564178466797
*CNOC(*)=S,eps,3.89,4.8267693519592285
*CNOC(C=C1)=CC=C1*,egc,4.831,4.780793190002441
*CNOC(S1)=CC=C1*,egc,4.5017,4.551461219787598
*CNON*,eea,0.9652,1.0815757513046265
*CNON*,egb,4.8889,5.458304405212402
*CNON*,egc,5.3302,5.232497215270996
*CNON*,eps,3.62,3.707904815673828
*CNON*,nc,1.7453,1.7489612102508545
*CNOc1ccc(*)cc1,egb,4.1647,4.118774890899658
*CNOc1ccc(*)cc1,eps,3.65,3.8189642429351807
*CNOc1ccc(*)cc1,nc,1.8294,1.8141201734542847
*CNOc1ccc(*)s1,ei,5.578,5.849874019622803
*CNOc1ccc(*)s1,nc,1.8539,1.8522770404815674
*CNc1ccc(-c2ccc(*)cc2)s1,egb,3.3441,3.24462890625
*CNc1ccc(-c2ccc(*)cc2)s1,eps,4.18,4.478022575378418
*CNc1ccc(-c2ccc(*)cc2)s1,nc,1.9424,1.9412410259246826
*CNc1ccc(-c2ccc(*)s2)cc1,ei,5.0179,5.136826992034912
*CNc1ccc(-c2ccc(*)s2)cc1,eps,4.42,4.25300407409668
*CNc1ccc(C(*)=O)cc1,eps,4.8,4.729658603668213
*CNc1ccc(C(*)=O)cc1,nc,1.9491,1.964093565940857
*CNc1ccc(C(*)=O)s1,egb,2.5818,2.812593698501587
*CNc1ccc(C(*)=O)s1,ei,5.431,5.806084156036377
*CNc1ccc(C(*)=O)s1,eps,5.29,4.9572649002075195
*CNc1ccc(C(*)=O)s1,nc,2.0195,2.0670671463012695
*CNc1ccc(C(*)=S)s1,egb,1.6806,2.0097100734710693
*CNc1ccc(C(*)=S)s1,ei,5.3497,5.667733192443848
*CNc1ccc(C(*)=S)s1,eps,6.19,5.969044208526611
*CNc1ccc(C(*)=S)s1,nc,2.251,2.2543351650238037
*CNc1ccc(N*)cc1,eea,0.54,0.8511525988578796
*CNc1ccc(N*)cc1,eps,4.2,4.140345096588135
*CNc1ccc(N*)cc1,nc,1.8632,1.844905972480774
*CNc1ccc(N*)s1,eea,0.5629,0.9281814694404602
*CNc1ccc(N*)s1,ei,4.8739,5.105642795562744
*CNc1ccc(N*)s1,eps,4.18,4.279399871826172
*CNc1ccc(N*)s1,nc,1.8551,1.8942570686340332
*CNc1ccc(O*)cc1,eea,0.7695,0.8983535766601562
*CNc1ccc(O*)cc1,egb,3.7495,4.067278861999512
*CNc1ccc(O*)cc1,ei,5.1109,5.412403583526611
*CNc1ccc(O*)cc1,nc,1.8414,1.8429425954818726
*CNc1ccc(O*)s1,eea,0.8203,0.986000120639801
*CNc1ccc(O*)s1,eps,4.2,4.034241199493408
*CO*,eea,0.9897,0.6802229285240173
*CO*,egb,8.7732,7.039861679077148
*CO*,egc,6.6048,7.040520668029785
*CO*,eps,3.72,3.4086267948150635
*COC(=O)NCCCCCCNC(=O)OCc1cccc(*)n1,egc,5.1146,5.326640605926514
*COC(=O)NCCNC*,egc,5.81,5.7443037033081055
*COC(=O)O*,eea,0.7529,0.9506217241287231
*COC(=O)O*,eps,3.73,3.7039544582366943
*COC(=S)O*,eea,2.0771,2.155970335006714
*COC(=S)O*,egc,4.8041,4.690736770629883
*COC(=S)O*,ei,6.8707,6.784670352935791
*COC(=S)O*,eps,4.34,4.129889011383057
*COC(=S)O*,nc,1.8467,1.799795150756836
*COC(S1)=CC=C1O*,egc,4.8466,4.75874662399292
*COC1CC2CC(O*)C1C2,egc,5.9517,5.926011085510254
*COC1CCC(*)OC1,egc,5.6324,6.1339945793151855
*COC1CCC(O*)CC1,egc,6.3134,5.827233791351318
*COCOCCCO*,eea,0.6927,0.620875895023346
*COCOCCCO*,egb,7.1737,6.8200249671936035
*COCOCCCO*,ei,7.1508,7.048282623291016
*COCOCCCO*,eps,3.51,3.4487767219543457
*COCOc1ccc(C(=O)OC(=O)c2ccc(O*)cc2)cc1,egc,4.4493,4.501519680023193
*CONC(*)=O,eea,1.2523,1.239332675933838
*CONC(*)=O,eps,4.13,4.348562240600586
*CONC(*)=O,nc,1.7438,1.7809919118881226
*CONC(=O)*,egc,6.1048,5.180095195770264
*COc1ccc(-c2ccc(*)cc2)s1,eea,1.6377,1.685461401939392
*COc1ccc(-c2ccc(*)cc2)s1,egb,3.0939,3.3788092136383057
*COc1ccc(C(=C(Cl)Cl)c2ccc(O*)cc2)cc1,egc,4.1966,4.072930812835693
*COc1ccc(C(=O)OC(=O)c2ccc(O*)cc2)cc1,egc,4.3746,4.478278636932373
*COc1ccc(O*)cc1,eea,0.9466,0.8405855298042297
*COc1ccc(O*)cc1,egb,4.685,4.6593732833862305
*COc1ccc(O*)cc1,ei,5.8209,6.093815326690674
*COc1ccc(O*)cc1,eps,3.8,3.7698285579681396
*COc1ccc(O*)cc1,nc,1.7891,1.80926513671875
*COc1ccc(O*)s1,eea,0.8857,1.0935449600219727
*COc1ccc(O*)s1,ei,5.7358,5.667929172515869
*COc1ccc(O*)s1,eps,3.85,4.036377429962158
*CS(=O)(=O)C1CC(*)C[N+](C)(C)C1,egc,0.1093,3.1708824634552
*CS*,egc,5.3464,4.768807411193848
*Cc1c(C)c(C)c(CNC(=O)CCCC(=O)N*)c(C)c1C,egc,5.2131,5.2995076179504395
*Cc1c(O)c(C(C)=O)cc(CNC(=S)N*)c1OC,egc,3.7679,3.057363510131836
*Cc1cc(C23CC4CC(CC(C4)C2)C3)cc(CN(*)C)c1O,egc,4.5466,3.246220111846924
*Cc1cc(COC(=O)Nc2ccc(Cc3ccc(NC(=O)O*)cc3)cc2)cc(C(C)(C)C)c1,egc,4.7039,5.074803352355957
*Cc1ccc(-c2ccc(-c3ccc(*)cc3)cc2)cc1,eps,3.67,3.750983715057373
*Cc1ccc(-c2ccc(-c3ccc(*)cc3)s2)cc1,eea,1.8331,1.9506725072860718
*Cc1ccc(-c2ccc(-c3ccc(*)cc3)s2)cc1,egb,2.7314,3.092477798461914
*Cc1ccc(-c2ccc(-c3ccc(*)cc3)s2)cc1,ei,5.3092,5.443746566772461
*Cc1ccc(-c2ccc(-c3ccc(*)cc3)s2)cc1,nc,1.9726,2.030693531036377
*Cc1ccc(-c2ccc(-c3ccc(*)s3)cc2)cc1,ei,5.3793,5.371771335601807
*Cc1ccc(-c2ccc(-c3ccc(*)s3)cc2)cc1,nc,2.0164,1.9353828430175781
*Cc1ccc(-c2ccc(-c3ccc(*)s3)cc2)s1,eea,1.9244,1.9957661628723145
*Cc1ccc(-c2ccc(-c3ccc(*)s3)cc2)s1,egb,2.512,2.65686297416687
*Cc1ccc(-c2ccc(-c3ccc(*)s3)cc2)s1,eps,3.91,4.791079521179199
*Cc1ccc(-c2ccc(-c3ccc(*)s3)cc2)s1,nc,1.9468,2.0912506580352783
*Cc1ccc(-c2ccc(-c3ccc(*)s3)s2)cc1,eea,1.9547,1.9761183261871338
*Cc1ccc(-c2ccc(-c3ccc(*)s3)s2)cc1,ei,5.1679,5.3199872970581055
*Cc1ccc(-c2ccc(-c3ccc(*)s3)s2)cc1,nc,1.9768,1.9868019819259644
*Cc1ccc(-c2ccc(-c3ccc(*)s3)s2)s1,eea,2.0787,2.0667595863342285
*Cc1ccc(-c2ccc(-c3ccc(*)s3)s2)s1,eps,4.39,4.524649620056152
*Cc1ccc(-c2ccc(-c3ccc(*)s3)s2)s1,nc,2.0574,2.0293705463409424
*Cc1ccc(-c2ccc(C(*)=S)cc2)cc1,eea,2.7075,2.711106300354004
*Cc1ccc(-c2ccc(C(*)=S)cc2)cc1,egb,2.5561,2.3543999195098877
*Cc1ccc(-c2ccc(C(*)=S)cc2)cc1,eps,4.45,4.494330406188965
*Cc1ccc(-c2ccc(C(*)=S)cc2)cc1,nc,2.0502,2.0139853954315186
*Cc1ccc(-c2ccc(C(*)=S)cc2)s1,eea,2.9754,2.7927346229553223
*Cc1ccc(-c2ccc(C(*)=S)cc2)s1,eps,4.8,4.913610458374023
*Cc1ccc(-c2ccc(C(*)=S)cc2)s1,nc,2.0986,2.0500824451446533
*Cc1ccc(-c2ccc(C(*)=S)s2)cc1,egb,1.9323,2.3644988536834717
*Cc1ccc(-c2ccc(C(*)=S)s2)cc1,ei,5.8475,5.796525955200195
*Cc1ccc(-c2ccc(C(*)=S)s2)cc1,eps,4.61,5.091026782989502
*Cc1ccc(-c2ccc(C(*)=S)s2)s1,eea,3.2587,3.145373821258545
*Cc1ccc(-c2ccc(C(*)=S)s2)s1,ei,5.7652,5.75419807434082
*Cc1ccc(-c2ccc(C(*)=S)s2)s1,eps,5.34,5.181352138519287
*Cc1ccc(-c2ccc(CSC(=O)CCC(=O)S*)cc2)cc1,egc,4.7843,4.115397930145264
*Cc1ccc(-c2ccc(N*)cc2)cc1,eea,1.1363,1.320421814918518
*Cc1ccc(-c2ccc(N*)cc2)cc1,ei,5.1363,5.229099273681641
*Cc1ccc(-c2ccc(N*)cc2)cc1,nc,1.9585,1.9294204711914062
*Cc1ccc(-c2ccc(N*)s2)s1,eea,1.6017,1.6783407926559448
*Cc1ccc(-c2ccc(N*)s2)s1,egb,2.8559,3.0617787837982178
*Cc1ccc(-c2ccc(N*)s2)s1,ei,4.9311,5.034189224243164
*Cc1ccc(-c2ccc(N*)s2)s1,eps,4.54,4.539611339569092
*Cc1ccc(-c2ccc(N*)s2)s1,nc,1.9938,2.024319887161255
*Cc1ccc(-c2ccc(O*)cc2)cc1,egb,3.7323,3.6873159408569336
*Cc1ccc(-c2ccc(O*)cc2)s1,eea,1.4385,1.699966549873352
*Cc1ccc(-c2ccc(O*)cc2)s1,nc,1.9368,1.9290705919265747
*Cc1ccc(-c2ccc(O*)s2)s1,egb,2.9968,3.0523574352264404
*Cc1ccc(-c2ccc(O*)s2)s1,ei,5.2494,5.434825420379639
*Cc1ccc(-c2ccc(O*)s2)s1,eps,4.19,4.3104777336120605
*Cc1ccc(-c2ccc(O*)s2)s1,nc,1.9533,1.9573179483413696
*Cc1ccc(C(=O)C(*)=S)cc1,eea,3.3639,3.31270694732666
*Cc1ccc(C(=O)C(*)=S)cc1,egb,2.5816,2.3505427837371826
*Cc1ccc(C(=O)C(*)=S)cc1,eps,4.22,4.403580665588379
*Cc1ccc(C(=O)C(*)=S)cc1,nc,1.9454,1.9343572854995728
*Cc1ccc(C(=O)C(*)=S)s1,ei,6.4325,6.601584434509277
*Cc1ccc(C(=O)C(*)=S)s1,nc,1.9676,1.9889707565307617
*Cc1ccc(C(=O)N*)cc1,egb,4.2448,4.422886371612549
*Cc1ccc(C(=O)N*)cc1,egc,5.0419,4.765803337097168
*Cc1ccc(C(=O)N*)cc1,nc,1.8171,1.8500601053237915
*Cc1ccc(C(=O)O*)cc1,eea,2.2574,2.245868444442749
*Cc1ccc(C(=O)O*)cc1,egb,3.7934,4.218446731567383
*Cc1ccc(C(=O)O*)cc1,egc,4.9209,4.818248271942139
*Cc1ccc(C(=O)O*)cc1,ei,7.179,6.836349964141846
*Cc1ccc(C(=O)O*)cc1,eps,4.03,4.078845500946045
*Cc1ccc(C(=O)O*)cc1,nc,1.8426,1.8163148164749146
*Cc1ccc(C(=O)O*)s1,egb,3.78,3.546231746673584
*Cc1ccc(C(=O)O*)s1,ei,6.8862,6.889469623565674
*Cc1ccc(C(=O)O*)s1,eps,4.17,4.2087082862854
*Cc1ccc(C(=O)c2ccc(*)cc2)cc1,egb,3.8451,3.4690463542938232
*Cc1ccc(C(=O)c2ccc(*)cc2)cc1,eps,3.96,3.927290678024292
*Cc1ccc(C(=O)c2ccc(*)cc2)cc1,nc,1.9018,1.8782293796539307
*Cc1ccc(C(=O)c2ccc(*)s2)cc1,egb,3.4106,3.346898317337036
*Cc1ccc(C(=O)c2ccc(*)s2)cc1,ei,6.578,6.733220100402832
*Cc1ccc(C(=O)c2ccc(*)s2)cc1,eps,4.07,4.186490058898926
*Cc1ccc(C(=O)c2ccc(*)s2)s1,eea,2.8498,2.7340540885925293
*Cc1ccc(C(=O)c2ccc(*)s2)s1,egb,2.7131,2.946554660797119
*Cc1ccc(C(=O)c2ccc(*)s2)s1,ei,6.3555,6.385143756866455
*Cc1ccc(C(=O)c2ccc(*)s2)s1,eps,4.69,4.524502754211426
*Cc1ccc(C(=O)c2ccc(*)s2)s1,nc,2.0215,1.9630634784698486
*Cc1ccc(C(=S)O*)cc1,eea,2.8319,2.69209361076355
*Cc1ccc(C(=S)O*)cc1,egb,3.1473,3.0275626182556152
*Cc1ccc(C(=S)O*)cc1,nc,1.8934,1.9244166612625122
*Cc1ccc(C(=S)O*)s1,eea,2.9654,2.807217597961426
*Cc1ccc(C(=S)O*)s1,ei,6.4155,6.2222900390625
*Cc1ccc(C(=S)O*)s1,eps,4.71,4.6549882888793945
*Cc1ccc(C(=S)c2ccc(*)cc2)cc1,eea,2.874,2.6226847171783447
*Cc1ccc(C(=S)c2ccc(*)cc2)cc1,egb,2.3058,2.3394951820373535
*Cc1ccc(C(=S)c2ccc(*)cc2)cc1,ei,5.6687,5.872692584991455
*Cc1ccc(C(=S)c2ccc(*)cc2)cc1,eps,4.09,3.9889092445373535
*Cc1ccc(C(=S)c2ccc(*)cc2)cc1,nc,1.9675,1.880669116973877
*Cc1ccc(C(=S)c2ccc(*)s2)cc1,eea,3.0211,2.990893840789795
*Cc1ccc(C(=S)c2ccc(*)s2)cc1,egb,2.5143,2.220177412033081
*Cc1ccc(C(=S)c2ccc(*)s2)cc1,eps,4.17,4.558988571166992
*Cc1ccc(C(=S)c2ccc(*)s2)s1,ei,5.9541,5.780577659606934
*Cc1ccc(C(=S)c2ccc(*)s2)s1,nc,2.0063,2.121506452560425
*Cc1ccc(C*)cc1,ei,6.2134,6.07498836517334
*Cc1ccc(C*)cc1,eps,3.97,3.360976457595825
*Cc1ccc(CC(*)=S)cc1,eea,2.6743,2.459869384765625
*Cc1ccc(CC(*)=S)cc1,egb,2.9253,2.9211926460266113
*Cc1ccc(CC(*)=S)cc1,ei,5.9697,6.044370174407959
*Cc1ccc(CC(*)=S)cc1,nc,1.8601,1.8777780532836914
*Cc1ccc(CC(*)=S)s1,egb,2.5553,3.0232462882995605
*Cc1ccc(CC(*)=S)s1,nc,1.8463,1.8906396627426147
*Cc1ccc(CN2CCN(*)C(C)C2)cc1,egc,4.6219,4.814101219177246
*Cc1ccc(CNC(=O)CCCCCCCCCCC(=O)N*)cc1,egc,5.2323,5.367391109466553
*Cc1ccc(CNC(=O)CCCCCCCCCCCCCC(=O)N*)cc1,egc,5.2897,5.341940402984619
*Cc1ccc(CNC(=O)CCCCCCCCCCCCCCCC(=O)N*)cc1,egc,5.288,5.397324562072754
*Cc1ccc(CNC(=O)CCCCCCCCCCCCCCCCCCCCC(=O)N*)cc1,egc,5.5873,5.132734775543213
*Cc1ccc(CNC(=O)c2cccc(C(=O)N*)c2)cc1,egc,4.6753,4.84309196472168
*Cc1ccc(CNC(C)=N*)cc1,egc,4.9237,4.563580513000488
*Cc1ccc(CO*)cc1,eea,1.6106,1.2861887216567993
*Cc1ccc(CO*)cc1,egb,4.8019,4.445471286773682
*Cc1ccc(CO*)cc1,egc,4.9575,5.102170467376709
*Cc1ccc(CO*)cc1,nc,1.7774,1.7808010578155518
*Cc1ccc(CO*)s1,eea,1.4146,1.5957564115524292
*Cc1ccc(CO*)s1,ei,6.0202,6.007707595825195
*Cc1ccc(CO*)s1,eps,4.0,3.9004104137420654
*Cc1ccc(CO*)s1,nc,1.8606,1.8397066593170166
*Cc1ccc(COC(=O)CC(=O)O*)cc1,egc,5.5783,5.305669784545898
*Cc1ccc(COC(=O)CCC(=O)O*)cc1,egc,5.464,5.526881217956543
*Cc1ccc(COC(=O)CCCC(=O)O*)cc1,egc,5.4521,5.478908538818359
*Cc1ccc(COC(=O)CCCCCCCCCCCCCCCCCCC(=O)O*)cc1,egc,5.5452,5.600964546203613
*Cc1ccc(COC(=O)CCCCSCCCCC(=O)O*)cc1,egc,4.7687,4.7306928634643555
*Cc1ccc(COC(=O)O*)cc1,egc,5.5423,5.252917766571045
*Cc1ccc(CSSSS*)cc1,egc,4.3206,4.53872013092041
*Cc1ccc(C[n+]2ccc(-c3cc[n+](*)cc3)cc2)cc1,egc,2.0993,2.459923505783081
*Cc1ccc(Cc2ccc(*)cc2)cc1,eea,1.0649,1.395135760307312
*Cc1ccc(Cc2ccc(*)cc2)cc1,egb,4.2049,4.6137590408325195
*Cc1ccc(Cc2ccc(*)cc2)cc1,ei,6.2368,6.050746440887451
*Cc1ccc(Cc2ccc(*)cc2)cc1,eps,3.41,3.4344398975372314
*Cc1ccc(Cc2ccc(*)s2)cc1,egb,4.0831,4.050373554229736
*Cc1ccc(Cc2ccc(*)s2)cc1,eps,3.4,3.529824733734131
*Cc1ccc(Cc2ccc(*)s2)cc1,nc,1.8173,1.8301247358322144
*Cc1ccc(Cc2ccc(*)s2)s1,eea,1.174,1.3501298427581787
*Cc1ccc(Cc2ccc(*)s2)s1,egb,4.1954,3.913193464279175
*Cc1ccc(Cc2ccc(*)s2)s1,eps,3.65,3.659389019012451
*Cc1ccc(Cc2ccc(*)s2)s1,nc,1.8382,1.8430798053741455
*Cc1ccc(NC(*)=S)cc1,eea,2.0656,2.011561155319214
*Cc1ccc(NC(*)=S)cc1,egb,3.5265,3.279050588607788
*Cc1ccc(NC(*)=S)s1,eea,2.0497,1.9619334936141968
*Cc1ccc(NC(*)=S)s1,egb,2.8469,2.985914468765259
*Cc1ccc(NC(*)=S)s1,eps,4.42,4.921291828155518
*Cc1ccc(NO*)cc1,eea,0.7333,1.1949853897094727
*Cc1ccc(NO*)cc1,ei,5.6115,5.60445499420166
*Cc1ccc(NO*)s1,eea,1.3873,1.1299515962600708
*Cc1ccc(NO*)s1,ei,5.1816,5.605932712554932
*Cc1ccc(NO*)s1,eps,4.04,4.120248794555664
*Cc1ccc(NO*)s1,nc,1.8806,1.8824373483657837
*Cc1ccc(Nc2ccc(*)cc2)cc1,eea,0.9546,0.9078441262245178
*Cc1ccc(Nc2ccc(*)cc2)cc1,egb,3.7655,4.110110282897949
*Cc1ccc(Nc2ccc(*)cc2)cc1,ei,5.3392,5.312746524810791
*Cc1ccc(Nc2ccc(*)s2)cc1,eea,0.9705,1.10588800907135
*Cc1ccc(Nc2ccc(*)s2)cc1,ei,5.4067,5.24600887298584
*Cc1ccc(Nc2ccc(*)s2)cc1,eps,4.02,3.9483416080474854
*Cc1ccc(Nc2ccc(*)s2)s1,egb,3.6624,3.6374731063842773
*Cc1ccc(OC(*)=S)cc1,eea,2.2773,2.0211329460144043
*Cc1ccc(OC(*)=S)cc1,egb,3.7121,3.6195473670959473
*Cc1ccc(OC(*)=S)cc1,eps,3.66,3.883975028991699
*Cc1ccc(OC(*)=S)cc1,nc,1.8273,1.8140438795089722
*Cc1ccc(OCOc2ccc(*)c3cccnc23)c2ncccc12,egc,3.5315,3.1816859245300293
*Cc1ccc(Oc2ccc(*)s2)cc1,eea,1.0627,1.326549768447876
*Cc1ccc(Oc2ccc(*)s2)cc1,egb,4.0475,4.356451988220215
*Cc1ccc(Oc2ccc(*)s2)cc1,eps,3.59,3.6618528366088867
*Cc1ccc(Oc2ccc(*)s2)cc1,nc,1.8289,1.8285505771636963
*Cc1ccc(Oc2ccc(*)s2)s1,eea,1.2199,1.1829968690872192
*Cc1ccc(Oc2ccc(*)s2)s1,ei,5.8606,5.630097389221191
*Cc1ccc(Oc2ccc(*)s2)s1,nc,1.8388,1.8461086750030518
*Cc1cccc(CN(C)C(=O)CCCCC(=O)N(*)C)c1,egc,5.4868,4.757489204406738
*Cc1cccc(CNC(=O)C2=C(C(=O)N*)C3C=CC2C3)c1,egc,3.5629,4.654452800750732
*Cc1nc(-c2ccc(-c3csc(*)n3)cc2)cs1,egc,3.8894,3.536153554916382
*Cc1nc2cc3sc(*)nc3cc2s1,egc,3.8345,3.9635488986968994
*N(C(=O)C(C(C(C(=O)N(CCCCCC*)C(C)C)(F)F)(F)F)(F)F)C(C)C,tg,142.5,66.18338012695312
*N(C(=O)C(C(C(C(C(=O)N(CCCCCC*)CC(C(F)(F)F)(F)F)(F)F)(F)F)(F)F)(F)F)CC(C(F)(F)F)(F)F,tg,174.0,54.14333724975586
*N(C(=O)CCC(=O)N(CCCCCC*)C)C,tg,7.5,29.802812576293945
*N(C(=O)CCCC(=O)N(CCCCCC*)C)C,tg,3.0,-17.441274642944336
*N(C(=O)c1cc(ccc1)C(=O)*)c1ccccc1,tg,148.0,194.56692504882812
*N(C(C*)CC)C(=O)CCCC,tg,50.67,-11.691798210144043
*N(CC(C*)O)c1cc(c(c(c1)C)N=Nc1c(cc(cc1)[N+](=O)[O-])C)C,tg,149.0,129.32717895507812
*N(CC(C*)O)c1cc(c(c(c1)C)N=Nc1ccc(cc1)C#N)C,tg,150.0,166.13018798828125
*N(CC(C*)O)c1cc(c(c(c1)C)N=Nc1ccc(cc1)Cl)C,tg,150.0,133.2727813720703
*N(CC(C*)O)c1cc(c(c(c1)C)N=Nc1ccc(cc1)[N+](=O)[O-])C,tg,152.0,172.05050659179688
*N(CC(C*)O)c1cc(cc(c1)C)C,tg,80.0,111.71336364746094
*N(CC(C*)O)c1ccc(cc1)N=Nc1c(cc(cc1)[N+](=O)[O-])C,tg,156.0,168.54246520996094
*N(CC(C*)O)c1ccc(cc1)N=Nc1ccc(cc1)Cl,tg,160.0,122.49667358398438
*N(CC*)C(=O)C(C)C,tg,30.0,74.11689758300781
*N(CC*)C(=O)C(CCCC)CC,tg,33.0,10.288783073425293
*N(CC*)C(=O)C(OC)(c1ccccc1)C(F)(F)F,tg,89.0,89.40245056152344
*N(CC*)C(=O)C1(CCC1)c1ccc(cc1)Cl,tg,112.0,121.61380767822266
*N(CC*)C(=O)C12CC3CC(CC(C1)C3)C2,tg,123.0,207.58908081054688
*N(CC*)C(=O)C1CC1,tg,77.0,59.113155364990234
*N(CC*)C(=O)CC(C)C,tg,30.0,25.582120895385742
*N(CC*)C(=O)CC12CC3CC(CC(C1)C3)C2,tg,139.0,125.71209716796875
*N(CC*)C(=O)CCCCC,tg,7.0,17.038747787475586
*N(CC*)C(=O)CCCCCCCCCCC,tg,10.0,-21.099328994750977
*N(CC*)C(=O)c1c(c(c(c(c1)F)F)F)F,tg,97.0,111.31211853027344
*N(CC*)C(=O)c1c(c(c(c(c1F)F)F)F)F,tg,136.0,102.01127624511719
*N(CC*)C(=O)c1c(c(c(cc1)F)F)F,tg,102.0,108.86766815185547
*N(CC*)C(=O)c1c(c(cc(c1)F)F)F,tg,110.0,93.41275787353516
*N(CC*)C(=O)c1c(c(ccc1)F)F,tg,110.0,102.81560516357422
*N(CC*)C(=O)c1c(cc(c(c1F)F)F)F,tg,122.0,117.72695922851562
*N(CC*)C(=O)c1c(cc(cc1F)F)F,tg,135.0,132.4520263671875
*N(CC*)C(=O)c1c(ccc(c1)F)F,tg,112.0,112.30747985839844
*N(CC*)C(=O)c1c(ccc(c1F)F)F,tg,124.0,118.65266418457031
*N(CC*)C(=O)c1c(cccc1)F,tg,109.0,116.7376708984375
*N(CC*)C(=O)c1cc(c(cc1)F)F,tg,101.0,94.52632904052734
*N(CC*)C(=O)c1cc(ccc1)F,tg,97.0,105.13843536376953
*N(CC*)C(=O)c1ccc(cc1)F,tg,104.0,106.83294677734375
*N(CC*)C(=O)c1ccc(cc1)SC(F)(F)F,tg,100.0,119.44239807128906
*N(CC*)C(=O)c1ccccc1,tg,108.5,93.68695068359375
*N(CC*)CCOCCOC,tg,-76.0,-24.905029296875
*N(CCC*)C(=O)C(C(C(C(C(C(C(F)(F)F)(F)F)(F)F)(F)F)(F)F)(F)F)(F)F,tg,25.0,29.891586303710938
*N(CCC*)C(=O)CC,tg,8.0,13.943031311035156
*N(CCC*)C(=O)CCCCC,tg,-16.0,2.6770427227020264
*N(CCC*)C(=O)c1ccccc1,tg,72.0,83.30892181396484
*N(CCCNC(=O)CCCCC(=O)NCCC*)C,tg,5.0,14.228507995605469
*N(CCNC(=O)c1ccc(cc1)[Si](c1ccc(cc1)C(=O)NCC*)(C)C)c1ccc(cc1)/C=C/c1ccc(cc1)[N+](=O)[O-],tg,157.5,168.7803497314453
*N(CCNC(=O)c1ccc(cc1)[Si](c1ccc(cc1)C(=O)NCC*)(CCCC)CCCC)c1ccc(cc1)/C=C/c1ccc(cc1)[N+](=O)[O-],tg,115.0,126.36643981933594
*N(CCNC(=O)c1ccc(cc1)[Si](c1ccc(cc1)C(=O)NCC*)(c1ccccc1)c1ccccc1)c1ccc(cc1)/C=C/c1ccc(cc1)[N+](=O)[O-],tg,157.5,172.55621337890625
*N(Cc1c(c(cc(c1)C12CC3CC(CC(C1)C3)C2)C*)O)C,tg,188.8,115.87906646728516
*N(Cc1c(c(cc(c1)C12CC3CC(CC(C1)C3)C2)C*)O)c1ccccc1,tg,109.4,217.73873901367188
*N(c1ccc(cc1)/C=C(/C(=O)Nc1cc(ccc1)NC(=O)/C(=C/c1ccc(cc1)N(Cc1c(cccc1)C*)CC)/C#N)\C#N)CC,tg,188.0,186.05868530273438
*N(c1ccc(cc1)C(=O)*)C,tg,197.0,164.8555450439453
*N(c1ccc(cc1)C(=O)*)CCCC,tg,124.0,94.30567169189453
*N(c1ccc(cc1)C(=O)*)CCCCCCC,tg,45.9,50.08891677856445
*N(c1ccc(cc1)C(=O)*)CCCCCCCC,tg,30.0,44.69883346557617
*N(c1ccc(cc1)C(=O)c1ccc(cc1)N(CCC*)C)C,tg,101.0,87.70386505126953
*N(c1ccc(cc1)C(=O)c1ccc(cc1)N(CCCCCC*)C)C,tg,75.5,75.86013793945312
*N(c1ccc(cc1)C(=O)c1ccc(cc1)N(CCCCCCCC*)C)C,tg,50.0,61.43167495727539
*N(c1ccc(cc1)C(c1ccc(cc1)*)c1ccc(cc1)C#N)c1ccc(cc1)C,tg,230.0,239.89923095703125
*N(c1ccc(cc1)C(c1ccc(cc1)*)c1ccc(cc1)C(=O)OC)c1ccc(cc1)C,tg,222.0,175.81446838378906
*N(c1ccc(cc1)C(c1ccc(cc1)*)c1ccc(cc1)OCCCC)c1ccc(cc1)C,tg,170.0,163.41058349609375
*N(c1ccc(cc1)C(c1ccc(cc1)*)c1ccc(cc1)[N+](=O)[O-])c1ccc(cc1)C,tg,215.0,217.45767211914062
*N(c1ccc(cc1)C(c1ccc(cc1)*)c1ccccc1)c1ccc(cc1)C,tg,199.0,206.42446899414062
*N(c1ccc(cc1)C=C(c1c(cc(c(c1)OCCCCCCCC)C(=Cc1ccc(cc1)*)C#N)OCCCCCCCC)C#N)c1ccccc1,tg,78.0,180.37155151367188
*N(c1ccc(cc1)C=C(c1ccc(cc1)C(=Cc1ccc(cc1)*)c1ccc(cc1)OC)c1ccc(cc1)OC)c1ccccc1,tg,197.0,228.9882049560547
*N(c1ccc(cc1)C=Cc1c(cc(c(c1)OC)C=Cc1ccc(cc1)*)OCC(CCCC)CC)c1ccccc1,tg,147.0,116.11770629882812
*N(c1ccc(cc1)N(c1ccc(cc1)/C=C(/C(=O)NC1C(CCCC1)NC(=O)/C(=C/c1ccc(cc1)*)/C#N)\C#N)c1ccccc1)c1ccccc1,tg,239.0,220.62478637695312
*N(c1ccc(cc1)c1ccc(cc1)*)c1cc(cc(c1)C(F)(F)F)C(F)(F)F,tg,209.0,182.40440368652344
*N(c1ccc(cc1)c1ccc(cc1)*)c1ccc(cc1)C(F)(F)F,tg,225.0,180.92845153808594
*N(c1ccc(cc1)c1ccc(cc1)N(c1ccc(cc1)C(c1ccc(cc1)*)c1ccccc1)c1ccc(cc1)C)c1ccc(cc1)C,tg,239.0,215.1560516357422
*N1C(=O)C(=C(C1=O)Cl)Oc1ccc(cc1)C(c1ccc(cc1)OC1=C(C(=O)N(C1=O)c1ccc(cc1)Cc1ccc(cc1)*)Cl)(C)C,tg,172.0,164.8162078857422
*N1C(=O)C(=C(C1=O)Cl)Oc1ccc(cc1)C(c1ccc(cc1)OC1=C(C(=O)N(C1=O)c1ccc(cc1)Oc1ccc(cc1)*)Cl)(C)C,tg,175.0,180.99952697753906
*N1C(=O)C(=C(C1=O)c1ccccc1)c1ccc(cc1)C1=C(C(=O)N(C1=O)c1ccc(cc1)C1(c2ccccc2c2ccccc12)c1ccc(cc1)*)c1ccccc1,tg,325.67,350.7279357910156
*N1C(=O)C(=C(C1=O)c1ccccc1)c1ccc(cc1)C1=C(C(=O)N(C1=O)c1ccc(cc1)Oc1ccc(cc1)*)c1ccccc1,tg,275.0,221.98634338378906
*N1C(=O)C(=C(C1=O)c1ccccc1)c1ccc(cc1)C1=C(C(=O)N(C1=O)c1ccc(cc1)Oc1ccc(cc1)Oc1ccc(cc1)*)c1ccccc1,tg,249.0,258.53228759765625
*N1C(=O)C(=C(C1=O)c1ccccc1)c1ccc(cc1)C1=C(C(=O)N(C1=O)c1ccc(cc1)Oc1ccc(cc1)c1ccc(cc1)Oc1ccc(cc1)*)c1ccccc1,tg,257.67,251.90631103515625
*N1C(=O)C(CC1=O)(SCCOCCSC1(C(=O)N(C(=O)C1)CCCCCCN1C(=O)C(C(C1=O)C)SCCOCCSC1C(=O)N(C(=O)C1C)CCCCCC*)C)C,tg,78.0,23.171964645385742
*N1C(=O)C(CC1=O)(SCCOCCSC1(C(=O)N(C(=O)C1)c1ccc(cc1)Cc1ccc(cc1)N1C(=O)C(C(C1=O)C)SCCOCCSC1C(=O)N(C(=O)C1C)c1ccc(cc1)Cc1ccc(cc1)*)C)C,tg,105.0,145.33395385742188
*N1C(=O)C(CC1=O)(SCCOCCSC1(C(=O)N(C(=O)C1)c1ccc(cc1)Oc1ccc(cc1)N1C(=O)C(C(C1=O)C)SCCOCCSC1C(=O)N(C(=O)C1C)c1ccc(cc1)Oc1ccc(cc1)*)C)C,tg,145.0,113.2305679321289
*N1C(=O)C(CC1=O)(SCCOCCSC1(C(=O)N(C(=O)C1)c1ccc(cc1)S(=O)(=O)c1ccc(cc1)N1C(=O)C(C(C1=O)C)SCCOCCSC1C(=O)N(C(=O)C1C)c1ccc(cc1)S(=O)(=O)c1ccc(cc1)*)C)C,tg,157.0,105.5271987915039
*N1C(=O)C(CC1=O)CC*,tg,121.0,76.44205474853516
*N1C(=O)C(CC1=O)Nc1cc(ccc1)NC1C(=O)N(C(=O)C1)c1ccc(cc1)Oc1c(cc(cc1C)C(c1cc(c(c(c1)C)Oc1ccc(cc1)*)C)c1cnccc1)C,tg,217.0,234.37765502929688
*N1C(=O)C(CC1=O)Nc1ccc(cc1)Cc1ccc(cc1)NC1C(=O)N(C(=O)C1)c1ccc(cc1)C(=O)Oc1c(cc(cc1C)C(c1cc(c(c(c1)C)OC(=O)c1ccc(cc1)*)C)c1cnccc1)C,tg,186.0,196.1424560546875
*N1C(=O)C(CC1=O)Nc1ccc(cc1)Cc1ccc(cc1)NC1C(=O)N(C(=O)C1)c1ccc(cc1)Cc1ccc(cc1)*,tg,239.0,212.00804138183594
*N1C(=O)C(CC1=O)Nc1ccc(cc1)N(c1ccc(cc1)NC1C(=O)N(C(=O)C1)c1ccc(cc1)Cc1ccc(cc1)*)c1ccc(cc1)Nc1ccc(cc1)[N+](=O)[O-],tg,324.0,228.1455078125
*N1C(=O)C(CC1=O)Nc1ccc(cc1)N(c1ccc(cc1)NC1C(=O)N(C(=O)C1)c1ccc(cc1)Cc1ccc(cc1)*)c1ccc(cc1)[N+](=O)[O-],tg,276.0,243.24673461914062
*N1C(=O)C(CC1=O)Nc1ccc(cc1)NC1C(=O)N(C(=O)C1)c1ccc(cc1)C(=O)Oc1c(cc(cc1C)C(c1cc(c(c(c1)C)OC(=O)c1ccc(cc1)*)C)c1cnccc1)C,tg,212.0,184.7917938232422
*N1C(=O)C(CC1=O)Nc1ccc(cc1)NC1C(=O)N(C(=O)C1)c1ccc(cc1)Oc1c(cc(cc1C)C(c1cc(c(c(c1)C)Oc1ccc(cc1)*)C)c1cnccc1)C,tg,229.0,230.40048217773438
*N1C(=O)C(CC1=O)SCCOCCSC1C(=O)N(C(=O)C1)c1ccc(cc1)C(=O)Oc1cc2c(cc1)ccc(c2)OC(=O)c1ccc(cc1)*,tg,160.0,157.564208984375
*N1C(=O)C(CC1=O)SCCOCCSC1C(=O)N(C(=O)C1)c1ccc(cc1)C(=O)Oc1ccc(cc1)C(c1ccc(cc1)OC(=O)c1ccc(cc1)*)(C)C,tg,143.0,167.51881408691406
*N1C(=O)C(CC1=O)SCCOCCSC1C(=O)N(C(=O)C1)c1ccc(cc1)C(=O)Oc1ccc(cc1)OC(=O)c1ccc(cc1)*,tg,166.0,152.43556213378906
*N1C(=O)C2C(C1=O)C(=CC(C2)C1C(=O)N(C(=O)C1)c1c(ccc(c1)*)OCCCCCCCCCCCCCCCC)C,tg,186.0,188.94190979003906
*N1C(=O)C2C(C1=O)C(=CC(C2)C1C(=O)N(C(=O)C1)c1ccc(cc1)*)C,tg,327.0,294.42694091796875
*N1C(=O)C2C(C1=O)C(Cc1ccccc21)C1C(=O)N(C(=O)C1)c1cc(cc(c1)C(=O)OC)*,tg,249.43,267.44580078125
*N1C(=O)C2C(C1=O)C(Cc1ccccc21)C1C(=O)N(C(=O)C1)c1cc(cc(c1)C(=O)OCCC)*,tg,249.43,258.3034973144531
*N1C(=O)C2C(C1=O)C(Cc1ccccc21)C1C(=O)N(C(=O)C1)c1cc(cc(c1)C(=O)OCCCCCC)*,tg,249.43,203.27040100097656
*N1C(=O)C2C(C1=O)CC(CC2)C1CC2C(C(=O)N(C2=O)c2cc(ccc2)*)CC1,tg,263.0,244.91046142578125
*N1C(=O)C2C(C1=O)CC(CC2)C1CC2C(C(=O)N(C2=O)c2ccc(cc2)Cc2ccc(cc2)*)CC1,tg,260.0,260.7395935058594
*N1C(=O)C2C(C1=O)CC(CC2)C1CC2C(C(=O)N(C2=O)c2ccc(cc2)Oc2cc(ccc2)Oc2ccc(cc2)*)CC1,tg,215.0,223.67886352539062
*N1C(=O)C2C(C1=O)CC(CC2)C1CC2C(C(=O)N(C2=O)c2ccc(cc2)Oc2ccc(cc2)*)CC1,tg,257.0,258.178955078125
*N1C(=O)C2C(C1=O)CC(CC2)C1CC2C(C(=O)N(C2=O)c2ccc(cc2)Oc2ccc(cc2)Oc2ccc(cc2)*)CC1,tg,238.0,232.50282287597656
*N1C(=O)C2C(C1=O)CC(CC2)C1CC2C(C(=O)N(C2=O)c2ccc(cc2)Oc2ccc(cc2)S(=O)(=O)c2ccc(cc2)Oc2ccc(cc2)*)CC1,tg,256.5,241.74449157714844
*N1C(=O)C2C3C4C(C(C2C1=O)C=C3)C(=O)N(C4=O)C1CCC(CC1)CC1CCC(CC1)*,tg,239.0,232.79766845703125
*N1C(=O)C2C3C4C(C(C2C1=O)C=C3)C(=O)N(C4=O)CCCCCCCCCC*,tg,219.0,171.16192626953125
*N1C(=O)C2C3C4C(C(C2C1=O)C=C3)C(=O)N(C4=O)c1ccc(cc1)Sc1cc2c(C(=O)N(C2=O)CCN(C)C)cc1Sc1ccc(cc1)*,tg,310.0,253.92535400390625
*N1C(=O)C2C3C4C(C(C2C1=O)C=C3)C(=O)N(C4=O)c1ccc(cc1)Sc1cc2c(C(=O)N(C2=O)CCc2ccccc2)cc1Sc1ccc(cc1)*,tg,258.0,296.1574401855469
*N1C(=O)C2C3C4C(C(C2C1=O)C=C3)C(=O)N(C4=O)c1ccc(cc1)Sc1cc2c(C(=O)N(C2=O)c2ccc(cc2)CC)cc1Sc1ccc(cc1)*,tg,320.0,308.00714111328125
*N1C(=O)C2CCC3C(C2C1=O)C(=O)N(C3=O)c1c(cc(cc1)Cc1cc(c(cc1)*)C)C,tg,340.0,293.5977478027344
*N1C(=O)C2CCC3C(C2C1=O)C(=O)N(C3=O)c1ccc(cc1)Oc1ccc(cc1)*,tg,342.0,296.23828125
*N1C(=O)C2CCC3C(C2C1=O)C(=O)N(C3=O)c1ccc(cc1)Oc1ccc(cc1)C(c1ccc(cc1)Oc1ccc(cc1)*)(C)C,tg,263.5,257.2321472167969
*N1C(=O)C2CCC3C(C2C1=O)C(=O)N(C3=O)c1ccc(cc1)Oc1ccc(cc1)Oc1ccc(cc1)*,tg,274.0,309.1087341308594
*N1C(=O)C2OC3C(C2C1=O)C(=O)N(C3=O)c1ccc(cc1)c1c(nc2c(n1)cc(cc2)C(=O)c1cc2c(nc(c(n2)c2ccc(cc2)*)c2ccccc2)cc1)c1ccccc1,tg,255.0,225.36753845214844
*N1C(=O)C2OC3C(C2C1=O)C(=O)N(C3=O)c1ccc(cc1)c1c(nc2c(n1)cc(cc2)c1cc2c(nc(c(n2)c2ccc(cc2)*)c2ccccc2)cc1)c1ccccc1,tg,230.0,291.4714660644531
*N1C(=O)CC(CC1=O)CCC*,tg,90.23,121.19374084472656
*N1C(=O)N(C(=O)C1=O)c1c(ccc(c1)N1C(=O)N(C(=O)C1=O)CCCCCC*)C,tg,181.5,160.2260284423828
*N1C(=O)N(C(=O)C1=O)c1c(ccc(c1)N1C(=O)N(C(=O)C1=O)c1ccc(cc1)CCc1c(cccc1)*)C,tg,255.0,244.10789489746094
*N1C(=O)N(C(=O)C1=O)c1c(cccc1)CCc1ccc(cc1)N1C(=O)N(C(=O)C1=O)CCCCCC*,tg,137.0,174.10353088378906
*N1C(=O)N(C(=O)C1=O)c1c(cccc1)CCc1ccc(cc1)N1C(=O)N(C(=O)C1=O)c1ccc(cc1)CCc1ccc(cc1)*,tg,220.0,207.7061004638672
*N1C(=O)N(C(=O)C1=O)c1ccc(cc1)CCc1ccc(cc1)*,tg,197.0,229.61758422851562
*N1C(=O)N(C(=O)C1=O)c1ccc(cc1)Cc1ccc(cc1)N1C(=O)N(C(=O)C1=O)CCCCCC*,tg,158.0,164.78660583496094
*N1C(=O)N(C(=O)C1=O)c1ccc(cc1)Oc1ccc(cc1)N1C(=O)N(C(=O)C1=O)CCCCCC*,tg,172.0,156.3352813720703
*N1C(=O)c2c(C1=O)c(c(c(c2c1ccccc1)c1ccccc1)c1ccc(cc1)Oc1ccc(cc1)c1c(c2c(C(=O)N(C2=O)c2cc(ccc2)Oc2cc(ccc2)Oc2cc(ccc2)*)c(c1c1ccccc1)c1ccccc1)c1ccccc1)c1ccccc1,tg,261.0,252.10025024414062
*N1C(=O)c2c(C1=O)c(c(c(c2c1ccccc1)c1ccccc1)c1ccc(cc1)Oc1ccc(cc1)c1c(c2c(C(=O)N(C2=O)c2ccc(cc2)Cc2ccc(cc2)*)c(c1c1ccccc1)c1ccccc1)c1ccccc1)c1ccccc1,tg,356.0,365.6686096191406
*N1C(=O)c2c(C1=O)c(c(c(c2c1ccccc1)c1ccccc1)c1ccc(cc1)Oc1ccc(cc1)c1c(c2c(C(=O)N(C2=O)c2ccc(cc2)Oc2ccc(cc2)*)c(c1c1ccccc1)c1ccccc1)c1ccccc1)c1ccccc1,tg,360.0,312.11065673828125
*N1C(=O)c2c(C1=O)c(c(c(c2c1ccccc1)c1ccccc1)c1ccc(cc1)Oc1ccc(cc1)c1c(c2c(C(=O)N(C2=O)c2ccc(cc2)c2ccc(cc2)*)c(c1c1ccccc1)c1ccccc1)c1ccccc1)c1ccccc1,tg,399.0,378.6539611816406
*N1C(=O)c2c(C1=O)c(c(c(c2c1ccccc1)c1ccccc1)c1ccc(cc1)c1c(c2c(C(=O)N(C2=O)c2cc(ccc2)*)c(c1c1ccccc1)c1ccccc1)c1ccccc1)c1ccccc1,tg,416.0,390.3512268066406
*N1C(=O)c2c(C1=O)c(c(c(c2c1ccccc1)c1ccccc1)c1ccc(cc1)c1c(c2c(C(=O)N(C2=O)c2cc(ccc2)Oc2cc(ccc2)Oc2cc(ccc2)*)c(c1c1ccccc1)c1ccccc1)c1ccccc1)c1ccccc1,tg,280.0,295.5030212402344
*N1C(=O)c2c(C1=O)c(c(c(c2c1ccccc1)c1ccccc1)c1ccc(cc1)c1c(c2c(C(=O)N(C2=O)c2ccc(cc2)Oc2ccc(cc2)*)c(c1c1ccccc1)c1ccccc1)c1ccccc1)c1ccccc1,tg,413.0,378.90032958984375
*N1C(=O)c2c(C1=O)c(ccc2)Oc1c(c(cc(c1)C(C)(C)C)C(C)(C)C)Oc1c2c(C(=O)N(C2=O)c2ccc(cc2)Oc2ccc(cc2)c2ccc(cc2)Oc2ccc(cc2)*)ccc1,tg,237.0,250.43661499023438
*N1C(=O)c2c(C1=O)c(ccc2)Oc1c(cc(cc1C)Cc1cc(c(c(c1)C)Oc1c2c(C(=O)N(C2=O)c2c(cc(c(c2C)*)C)C)ccc1)C)C,tg,287.0,262.0119323730469
*N1C(=O)c2c(C1=O)c(ccc2)Oc1c(cc(cc1C)Cc1cc(c(c(c1)C)Oc1c2c(C(=O)N(C2=O)c2c(cc(cc2)Oc2ccc(cc2)Oc2cc(c(cc2)*)C)C)ccc1)C)C,tg,238.0,236.9175262451172
*N1C(=O)c2c(C1=O)c(ccc2)Oc1c(cc(cc1C)Cc1cc(c(c(c1)C)Oc1c2c(C(=O)N(C2=O)c2c(cc(cc2C)Cc2cc(c(c(c2)C)*)C)C)ccc1)C)C,tg,243.0,255.95323181152344
*N1C(=O)c2c(C1=O)c(ccc2)Oc1c(cc(cc1C)Cc1cc(c(c(c1)C)Oc1c2c(C(=O)N(C2=O)c2c(cc(cc2C)c2cc(c(c(c2)C)*)C)C)ccc1)C)C,tg,276.0,321.8305969238281
*N1C(=O)c2c(C1=O)c(ccc2)Oc1c(cc(cc1C)Cc1cc(c(c(c1)C)Oc1c2c(C(=O)N(C2=O)c2cc(ccc2)*)ccc1)C)C,tg,269.0,267.2840270996094
*N1C(=O)c2c(C1=O)c(ccc2)Oc1c(cc(cc1C)Cc1cc(c(c(c1)C)Oc1c2c(C(=O)N(C2=O)c2ccc(cc2)Oc2ccc(cc2)*)ccc1)C)C,tg,270.0,260.51812744140625
*N1C(=O)c2c(C1=O)c(ccc2)Oc1c(cc(cc1C)Cc1cc(c(c(c1)C)Oc1c2c(C(=O)N(C2=O)c2ccc(cc2)Oc2ccc(cc2)c2ccc(cc2)Oc2ccc(cc2)*)ccc1)C)C,tg,259.0,265.9538879394531
*N1C(=O)c2c(C1=O)c(ccc2)Oc1c(cc(cc1C)c1cc(c(c(c1)C)Oc1c2c(C(=O)N(C2=O)c2cc(ccc2)*)ccc1)C)C,tg,311.0,318.989501953125
*N1C(=O)c2c(C1=O)c(ccc2)Oc1c(cc(cc1C)c1cc(c(c(c1)C)Oc1c2c(C(=O)N(C2=O)c2ccc(cc2)Oc2ccc(cc2)c2ccc(cc2)Oc2ccc(cc2)*)ccc1)C)C,tg,290.0,258.40972900390625
*N1C(=O)c2c(C1=O)c(ccc2)Oc1c2c(C(=O)N(C2=O)c2ccc(cc2)Oc2ccc(cc2)*)ccc1,tg,292.5,282.8009948730469
*N1C(=O)c2c(C1=O)c(ccc2)Oc1cc(ccc1)Oc1c2c(C(=O)N(C2=O)c2ccc(cc2)Oc2ccc(cc2)*)ccc1,tg,226.0,211.92481994628906
*N1C(=O)c2c(C1=O)c(ccc2)Oc1cc2c(C(=O)N(C2=O)c2ccc(cc2)Oc2ccc(cc2)*)cc1,tg,277.0,267.3153381347656
*N1C(=O)c2c(C1=O)c(ccc2)Oc1cc2c(C(=O)N(C2=O)c2ccc(cc2)Oc2ccc(cc2)Oc2ccc(cc2)*)cc1,tg,249.0,263.6691589355469
*N1C(=O)c2c(C1=O)c(ccc2)Oc1ccc(cc1)C(=O)Nc1ccc(cc1)Oc1ccc(cc1)*,tg,253.0,244.23739624023438
*N1C(=O)c2c(C1=O)c(ccc2)Oc1ccc(cc1)C(=O)Nc1ccc(cc1)Oc1ccc(cc1)Oc1ccc(cc1)*,tg,244.0,246.25274658203125
*N1C(=O)c2c(C1=O)c(ccc2)Oc1ccc(cc1)C(=O)c1ccc(cc1)ON1C(=O)c2c(C1=O)c(ccc2)c1ccc(cc1)Oc1ccc(cc1)*,tg,252.0,248.54946899414062
*N1C(=O)c2c(C1=O)c(ccc2)Oc1ccc(cc1)C(=O)c1ccc(cc1)Oc1c2c(C(=O)N(C2=O)c2ccc(cc2)Oc2cc(ccc2)Oc2ccc(cc2)*)ccc1,tg,216.0,215.27816772460938
*N1C(=O)c2c(C1=O)c(ccc2)Oc1ccc(cc1)C(c1ccc(cc1)Oc1c2c(C(=O)N(C2=O)c2c(cc(cc2)Oc2ccc(cc2)Oc2cc(c(cc2)*)C)C)ccc1)(C)C,tg,222.0,220.1638641357422
*N1C(=O)c2c(C1=O)c(ccc2)Oc1ccc(cc1)C(c1ccc(cc1)Oc1c2c(C(=O)N(C2=O)c2c(cc(cc2C)c2cc(c(c(c2)C)*)C)C)ccc1)(C)C,tg,265.0,278.755126953125
*N1C(=O)c2c(C1=O)c(ccc2)Oc1ccc(cc1)C(c1ccc(cc1)Oc1c2c(C(=O)N(C2=O)c2cc(ccc2)*)ccc1)(C)C,tg,222.5,241.10665893554688
*N1C(=O)c2c(C1=O)c(ccc2)Oc1ccc(cc1)C(c1ccc(cc1)Oc1c2c(C(=O)N(C2=O)c2ccc(cc2)Oc2ccc(cc2)*)ccc1)(C)C,tg,233.67,233.36427307128906
*N1C(=O)c2c(C1=O)c(ccc2)Oc1ccc(cc1)C(c1ccc(cc1)Oc1c2c(C(=O)N(C2=O)c2ccc(cc2)Oc2ccc(cc2)c2ccc(cc2)Oc2ccc(cc2)*)ccc1)(C)C,tg,236.0,232.1411895751953
*N1C(=O)c2c(C1=O)c(ccc2)Oc1ccc(cc1)Oc1c2c(C(=O)N(C2=O)c2cc(ccc2)*)ccc1,tg,259.0,263.26800537109375
*N1C(=O)c2c(C1=O)c(ccc2)Oc1ccc(cc1)Oc1ccc(cc1)Oc1c2c(C(=O)N(C2=O)c2cc(ccc2)*)ccc1,tg,238.0,240.7839813232422
*N1C(=O)c2c(C1=O)c(ccc2)Oc1ccc(cc1)Oc1ccc(cc1)Oc1c2c(C(=O)N(C2=O)c2ccc(cc2)Oc2cc(ccc2)Oc2ccc(cc2)*)ccc1,tg,198.0,200.74298095703125
*N1C(=O)c2c(C1=O)c(ccc2)Oc1ccc(cc1)S(=O)(=O)c1ccc(cc1)Oc1c2c(C(=O)N(C2=O)c2cc(ccc2)*)ccc1,tg,266.0,256.3746337890625
*N1C(=O)c2c(C1=O)c(ccc2)Oc1ccc(cc1)S(=O)(=O)c1ccc(cc1)Oc1c2c(C(=O)N(C2=O)c2ccc(cc2)Oc2cc(ccc2)Oc2ccc(cc2)*)ccc1,tg,230.0,220.18954467773438
*N1C(=O)c2c(C1=O)c(ccc2)Oc1ccc(cc1)S(=O)(=O)c1ccc(cc1)Oc1c2c(C(=O)N(C2=O)c2ccc(cc2)Oc2ccc(cc2)*)ccc1,tg,267.0,258.20428466796875
*N1C(=O)c2c(C1=O)c(ccc2)Oc1ccc(cc1)Sc1ccc(cc1)Oc1c2c(C(=O)N(C2=O)c2ccc(cc2)Oc2cc(ccc2)Oc2ccc(cc2)*)ccc1,tg,202.0,206.2962188720703
*N1C(=O)c2c(C1=O)c(ccc2)Oc1ccc(cc1)Sc1ccc(cc1)Oc1c2c(C(=O)N(C2=O)c2ccc(cc2)Oc2ccc(cc2)*)ccc1,tg,234.0,234.44003295898438
*N1C(=O)c2c(C1=O)c(ccc2)Oc1ccc(cc1)c1ccc(cc1)Oc1c2c(C(=O)N(C2=O)c2ccc(cc2)Oc2cc(ccc2)Oc2ccc(cc2)*)ccc1,tg,224.0,233.3563232421875
*N1C(=O)c2c(C1=O)c(ccc2)Oc1ccc(cc1)c1ccc(cc1)Oc1c2c(C(=O)N(C2=O)c2ccc(cc2)Oc2ccc(cc2)*)ccc1,tg,277.0,252.4475555419922
*N1C(=O)c2c(C1=O)c(ccc2)c1cc2c(C(=O)N(C2=O)c2c(cc(cc2)c2cc(c(cc2)*)C)C)cc1,tg,384.0,353.552734375
*N1C(=O)c2c(C1=O)c(ccc2)c1cc2c(C(=O)N(C2=O)c2cc(c(cc2)c2c(cc(cc2)*)C(F)(F)F)C(F)(F)F)cc1,tg,346.0,355.861083984375
*N1C(=O)c2c(C1=O)c(ccc2)c1cc2c(C(=O)N(C2=O)c2cc(c(cc2)c2c(cc(cc2)*)C)C)cc1,tg,372.0,335.53375244140625
*N1C(=O)c2c(C1=O)c(ccc2)c1cc2c(C(=O)N(C2=O)c2cc(ccc2)*)cc1,tg,341.0,356.7129821777344
*N1C(=O)c2c(C1=O)c(ccc2)c1cc2c(C(=O)N(C2=O)c2cc(ccc2)C(=O)Nc2cc(ccc2)S(=O)(=O)c2cc(ccc2)NC(=O)c2cc(ccc2)*)cc1,tg,261.0,291.3899841308594
*N1C(=O)c2c(C1=O)c(ccc2)c1cc2c(C(=O)N(C2=O)c2cc(ccc2)C(=O)Nc2ccc(cc2)NC(=O)c2cc(ccc2)*)cc1,tg,328.0,265.40185546875
*N1C(=O)c2c(C1=O)c(ccc2)c1cc2c(C(=O)N(C2=O)c2cc(ccc2)C(=O)Nc2ccc(cc2)Oc2cc(ccc2)Oc2ccc(cc2)NC(=O)c2cc(ccc2)*)cc1,tg,253.0,244.5697021484375
*N1C(=O)c2c(C1=O)c(ccc2)c1cc2c(C(=O)N(C2=O)c2cc(ccc2)C(=O)Nc2ccc(cc2)Oc2ccc(cc2)C(c2ccc(cc2)Oc2ccc(cc2)NC(=O)c2cc(ccc2)*)(C)C)cc1,tg,261.0,253.80686950683594
*N1C(=O)c2c(C1=O)c(ccc2)c1cc2c(C(=O)N(C2=O)c2cc(ccc2)C(=O)Nc2ccc(cc2)Oc2ccc(cc2)NC(=O)c2cc(ccc2)*)cc1,tg,291.0,276.7442932128906
*N1C(=O)c2c(C1=O)c(ccc2)c1cc2c(C(=O)N(C2=O)c2cc(ccc2)C(=O)Nc2ccc(cc2)Oc2ccc(cc2)Oc2ccc(cc2)NC(=O)c2cc(ccc2)*)cc1,tg,268.0,260.7029113769531
*N1C(=O)c2c(C1=O)c(ccc2)c1cc2c(C(=O)N(C2=O)c2cc(ccc2)C(=O)Nc2ccc(cc2)Oc2ccc(cc2)Oc2ccc(cc2)Oc2ccc(cc2)NC(=O)c2cc(ccc2)*)cc1,tg,260.0,259.2318115234375
*N1C(=O)c2c(C1=O)c(ccc2)c1cc2c(C(=O)N(C2=O)c2cc(ccc2)C(=O)Nc2ccc(cc2)Oc2ccc(cc2)c2ccc(cc2)Oc2ccc(cc2)NC(=O)c2cc(ccc2)*)cc1,tg,275.0,281.2044677734375
*N1C(=O)c2c(C1=O)c(ccc2)c1cc2c(C(=O)N(C2=O)c2cc(ccc2)OCCCCCCCCCCCCOc2cc(ccc2)*)cc1,tg,116.0,127.43438720703125
*N1C(=O)c2c(C1=O)c(ccc2)c1cc2c(C(=O)N(C2=O)c2cc(ccc2)OCCCCCCCCCCOc2cc(ccc2)*)cc1,tg,127.0,129.91317749023438
*N1C(=O)c2c(C1=O)c(ccc2)c1cc2c(C(=O)N(C2=O)c2cc(ccc2)OCCCCCCCCCOc2cc(ccc2)*)cc1,tg,134.0,131.78582763671875
*N1C(=O)c2c(C1=O)c(ccc2)c1cc2c(C(=O)N(C2=O)c2cc(ccc2)OCCCCCCOc2cc(ccc2)*)cc1,tg,157.0,158.486083984375
*N1C(=O)c2c(C1=O)c(ccc2)c1cc2c(C(=O)N(C2=O)c2cc(ccc2)OCCCCCOc2cc(ccc2)*)cc1,tg,168.0,159.48081970214844
*N1C(=O)c2c(C1=O)c(ccc2)c1cc2c(C(=O)N(C2=O)c2cc(ccc2)Oc2ccc(cc2)*)cc1,tg,286.0,310.07916259765625
*N1C(=O)c2c(C1=O)c(ccc2)c1cc2c(C(=O)N(C2=O)c2ccc(cc2)*)cc1,tg,407.6,387.7752990722656
*N1C(=O)c2c(C1=O)c(ccc2)c1cc2c(C(=O)N(C2=O)c2ccc(cc2)C(=O)Nc2cc(ccc2)Oc2ccc(cc2)S(=O)(=O)c2ccc(cc2)Oc2cc(ccc2)NC(=O)c2ccc(cc2)*)cc1,tg,241.0,281.8938293457031
*N1C(=O)c2c(C1=O)c(ccc2)c1cc2c(C(=O)N(C2=O)c2ccc(cc2)OCCCCCOc2ccc(cc2)*)cc1,tg,208.0,195.72311401367188
*N1C(=O)c2c(C1=O)c(ccc2)c1cc2c(C(=O)N(C2=O)c2ccc(cc2)OCCCOc2ccc(cc2)*)cc1,tg,237.5,229.85757446289062
*N1C(=O)c2c(C1=O)c(ccc2)c1cc2c(C(=O)N(C2=O)c2ccc(cc2)Oc2cc(ccc2)Oc2ccc(cc2)*)cc1,tg,259.0,258.2128601074219
*N1C(=O)c2c(C1=O)c(ccc2)c1cc2c(C(=O)N(C2=O)c2ccc(cc2)Oc2ccc(cc2)Oc2ccc(cc2)*)cc1,tg,285.0,278.900634765625
*N1C(=O)c2c(C1=O)cc(c(c2)c1ccc(cc1)C(C)(C)C)c1cc2c(C(=O)N(C2=O)c2ccc(cc2)C(c2ccc(cc2)*)(C(F)(F)F)C(F)(F)F)cc1c1ccc(cc1)C(C)(C)C,tg,381.0,369.34808349609375
*N1C(=O)c2c(C1=O)cc(c(c2)c1ccc(cc1)C(C)(C)C)c1cc2c(C(=O)N(C2=O)c2ccc(cc2)Cc2ccc(cc2)*)cc1c1ccc(cc1)C(C)(C)C,tg,360.0,367.3139953613281
*N1C(=O)c2c(C1=O)cc(c(c2)c1ccc(cc1)C(C)(C)C)c1cc2c(C(=O)N(C2=O)c2ccc(cc2)Oc2ccc(cc2)*)cc1c1ccc(cc1)C(C)(C)C,tg,370.0,346.5937805175781
*N1C(=O)c2c(C1=O)cc(c(c2)c1ccc(cc1)[Si](C)(C)C)c1cc2c(C(=O)N(C2=O)c2ccc(cc2)Cc2ccc(cc2)*)cc1c1ccc(cc1)[Si](C)(C)C,tg,348.0,355.30487060546875
*N1C(=O)c2c(C1=O)cc(cc2)C(=O)NCCN(CC*)c1ccc(cc1)C=Cc1ccc(cc1)[N+](=O)[O-],tg,142.0,159.0718536376953
*N1C(=O)c2c(C1=O)cc(cc2)C(=O)Nc1cc(ccc1)S(=O)(=O)c1ccc(cc1)NC(=O)c1cc2c(C(=O)N(C2=O)CCCCCC*)cc1,tg,190.0,155.90562438964844
*N1C(=O)c2c(C1=O)cc(cc2)C(=O)Nc1ccc(cc1)Oc1c(c(c(c(c1F)F)Oc1ccc(cc1)NC(=O)C*)F)F,tg,254.0,254.0577392578125
*N1C(=O)c2c(C1=O)cc(cc2)C(=O)Nc1ccc(cc1)S(=O)(=O)c1ccc(cc1)NC(=O)C*,tg,232.0,230.4551239013672
*N1C(=O)c2c(C1=O)cc(cc2)C(=O)Nc1ccc(cc1)S(=O)(=O)c1ccc(cc1)NC(=O)c1cc2c(C(=O)N(C2=O)CCCCCC*)cc1,tg,198.0,198.72500610351562
*N1C(=O)c2c(C1=O)cc(cc2)C(=O)Oc1c(cc(cc1)OC(=O)CCCC*)C,tg,75.76,79.2998275756836
*N1C(=O)c2c(C1=O)cc(cc2)C(=O)Oc1c(cc(cc1)OC(=O)c1cc2c(C(=O)N(C2=O)CCOCCOCC*)cc1)c1ccccc1,tg,105.0,98.64191436767578
*N1C(=O)c2c(C1=O)cc(cc2)C(=O)Oc1cc2c(cc1)cc(cc2)OC(=O)c1cc2c(C(=O)N(C2=O)CC(CCC*)C)cc1,tg,130.0,138.37864685058594
*N1C(=O)c2c(C1=O)cc(cc2)C(=O)Oc1cc2c(cc1)cc(cc2)OC(=O)c1cc2c(C(=O)N(C2=O)CCCOCCCCOCCC*)cc1,tg,68.0,78.41419219970703
*N1C(=O)c2c(C1=O)cc(cc2)C(=O)Oc1cc2c(cc1)cc(cc2)OC(=O)c1cc2c(C(=O)N(C2=O)CCOCCOCC*)cc1,tg,105.0,112.14124298095703
*N1C(=O)c2c(C1=O)cc(cc2)C(=O)Oc1cc2c(cc1)ccc(c2)OC(=O)CCCCCCCCCCC*,tg,98.0,51.640663146972656
*N1C(=O)c2c(C1=O)cc(cc2)C(=O)Oc1ccc(cc1)C(c1ccc(cc1)C(c1ccc(cc1)OC(=O)CCCCCCCCCCC*)(C)C)(C)C,tg,97.0,84.39112091064453
*N1C(=O)c2c(C1=O)cc(cc2)C(=O)Oc1ccc(cc1)C(c1ccc(cc1)OC(=O)CCCCC*)(C)C,tg,110.0,89.37901306152344
*N1C(=O)c2c(C1=O)cc(cc2)C(=O)Oc1ccc(cc1)C1(CCCCC1)c1ccc(cc1)OC(=O)CCCCC*,tg,122.0,130.45521545410156
*N1C(=O)c2c(C1=O)cc(cc2)C(=O)Oc1ccc(cc1)C1(c2c(C(=O)O1)cccc2)c1ccc(cc1)OC(=O)CCCCCCCCCCC*,tg,114.0,135.40704345703125
*N1C(=O)c2c(C1=O)cc(cc2)C(=O)Oc1ccc(cc1)OC(=O)CCCC*,tg,89.32,103.94293212890625
*N1C(=O)c2c(C1=O)cc(cc2)C(=O)Oc1ccc(cc1)OC(=O)CCCCC*,tg,89.0,94.41706085205078
*N1C(=O)c2c(C1=O)cc(cc2)C(=O)Oc1ccc(cc1)OC(=O)CCCCCC*,tg,74.32,84.07746124267578
*N1C(=O)c2c(C1=O)cc(cc2)C(=O)Oc1ccc(cc1)OC(=O)c1cc2c(C(=O)N(C2=O)CCCOCCCCOCCC*)cc1,tg,56.0,61.85359573364258
*N1C(=O)c2c(C1=O)cc(cc2)C(=O)Oc1ccc(cc1)OC(=O)c1cc2c(C(=O)N(C2=O)CCOCCOCC*)cc1,tg,105.0,103.18486022949219
*N1C(=O)c2c(C1=O)cc(cc2)C(=O)Oc1ccc(cc1)c1ccc(cc1)OC(=O)CCC*,tg,132.0,141.18115234375
*N1C(=O)c2c(C1=O)cc(cc2)C(=O)Oc1ccc(cc1)c1ccc(cc1)OC(=O)CCCCCC*,tg,107.0,99.20795440673828
*N1C(=O)c2c(C1=O)cc(cc2)C(=O)Oc1ccc(cc1)c1ccc(cc1)OC(=O)CCCCCCCCCC*,tg,61.0,90.41329956054688
*N1C(=O)c2c(C1=O)cc(cc2)C(=O)Oc1ccc(cc1)c1ccc(cc1)OC(=O)c1cc2c(C(=O)N(C2=O)CCCCC*)cc1,tg,147.0,132.7440948486328
*N1C(=O)c2c(C1=O)cc(cc2)C(=O)Oc1ccc(cc1)c1ccc(cc1)OC(=O)c1cc2c(C(=O)N(C2=O)CCCCCCC*)cc1,tg,117.0,121.31739044189453
*N1C(=O)c2c(C1=O)cc(cc2)C(=O)Oc1ccc(cc1)c1ccc(cc1)OC(=O)c1cc2c(C(=O)N(C2=O)CCCCCCCCCCC*)cc1,tg,97.0,88.23663330078125
*N1C(=O)c2c(C1=O)cc(cc2)C(=O)Oc1ccc(cc1)c1ccc(cc1)OC(=O)c1cc2c(C(=O)N(C2=O)CCCOCCCCOCCC*)cc1,tg,70.0,75.67915344238281
*N1C(=O)c2c(C1=O)cc(cc2)C(=O)Oc1ccc(cc1)c1ccc(cc1)OC(=O)c1cc2c(C(=O)N(C2=O)CCOCCOCC*)cc1,tg,109.0,96.99371337890625
*N1C(=O)c2c(C1=O)cc(cc2)C(=O)c1cc2c(C(=O)N(C2=O)CC(=O)Nc2cc(ccc2)Oc2ccc(cc2)NC(=O)C*)cc1,tg,226.0,216.1524658203125
*N1C(=O)c2c(C1=O)cc(cc2)C(=O)c1cc2c(C(=O)N(C2=O)CC(=O)Nc2ccc(cc2)Cc2ccc(cc2)NC(=O)C*)cc1,tg,233.0,236.5811309814453
*N1C(=O)c2c(C1=O)cc(cc2)C(=O)c1cc2c(C(=O)N(C2=O)CC(=O)Nc2ccc(cc2)Oc2ccc(cc2)NC(=O)C*)cc1,tg,235.0,239.16470336914062
*N1C(=O)c2c(C1=O)cc(cc2)C(=O)c1cc2c(C(=O)N(C2=O)CC(=O)Nc2ccc(cc2)Oc2ccc(cc2)Oc2ccc(cc2)NC(=O)C*)cc1,tg,230.0,230.07888793945312
*N1C(=O)c2c(C1=O)cc(cc2)C(=O)c1cc2c(C(=O)N(C2=O)CC2C3C(CC2)C2C(CC3C2)C*)cc1,tg,217.0,202.5048065185547
*N1C(=O)c2c(C1=O)cc(cc2)C(=O)c1cc2c(C(=O)N(C2=O)CC2CC(CCC2)C*)cc1,tg,213.0,224.4042205810547
*N1C(=O)c2c(C1=O)cc(cc2)C(=O)c1cc2c(C(=O)N(C2=O)CCC(=O)Nc2ccc(cc2)NC(=O)CC*)cc1,tg,237.0,222.02590942382812
*N1C(=O)c2c(C1=O)cc(cc2)C(=O)c1cc2c(C(=O)N(C2=O)CCC(=O)Nc2ccc(cc2)Oc2ccc(cc2)NC(=O)CC*)cc1,tg,232.0,220.65528869628906
*N1C(=O)c2c(C1=O)cc(cc2)C(=O)c1cc2c(C(=O)N(C2=O)CCCC(=O)Nc2cc(ccc2)Oc2ccc(cc2)NC(=O)CCC*)cc1,tg,188.0,192.06126403808594
*N1C(=O)c2c(C1=O)cc(cc2)C(=O)c1cc2c(C(=O)N(C2=O)CCCC(=O)Nc2ccc(cc2)Cc2ccc(cc2)NC(=O)CCC*)cc1,tg,195.0,191.78875732421875
*N1C(=O)c2c(C1=O)cc(cc2)C(=O)c1cc2c(C(=O)N(C2=O)CCCC(=O)Nc2ccc(cc2)NC(=O)CCC*)cc1,tg,209.0,207.35305786132812
*N1C(=O)c2c(C1=O)cc(cc2)C(=O)c1cc2c(C(=O)N(C2=O)CCCC(=O)Nc2ccc(cc2)Oc2ccc(cc2)NC(=O)CCC*)cc1,tg,198.0,198.59474182128906
*N1C(=O)c2c(C1=O)cc(cc2)C(=O)c1cc2c(C(=O)N(C2=O)CCCC(=O)Nc2ccc(cc2)Oc2ccc(cc2)Oc2ccc(cc2)NC(=O)CCC*)cc1,tg,178.0,192.59181213378906
*N1C(=O)c2c(C1=O)cc(cc2)C(=O)c1cc2c(C(=O)N(C2=O)CCCCCC(=O)Nc2cc(ccc2)Oc2ccc(cc2)NC(=O)CCCCC*)cc1,tg,170.0,167.30047607421875
*N1C(=O)c2c(C1=O)cc(cc2)C(=O)c1cc2c(C(=O)N(C2=O)CCCCCC(=O)Nc2ccc(cc2)Cc2ccc(cc2)NC(=O)CCCCC*)cc1,tg,187.0,156.03726196289062
*N1C(=O)c2c(C1=O)cc(cc2)C(=O)c1cc2c(C(=O)N(C2=O)CCCCCC*)cc1,tg,127.0,139.3885040283203
*N1C(=O)c2c(C1=O)cc(cc2)C(=O)c1cc2c(C(=O)N(C2=O)CCCCCCCCCCC(=O)Nc2cc(ccc2)Oc2ccc(cc2)NC(=O)CCCCCCCCCC*)cc1,tg,126.0,128.21556091308594
*N1C(=O)c2c(C1=O)cc(cc2)C(=O)c1cc2c(C(=O)N(C2=O)CCCCCCCCCCCC*)cc1,tg,87.5,95.62606048583984
*N1C(=O)c2c(C1=O)cc(cc2)C(=O)c1cc2c(C(=O)N(C2=O)CCCCCCOC(=O)OCCCCCCOC(=O)OCCCCCC*)cc1,tg,55.0,49.68803787231445
*N1C(=O)c2c(C1=O)cc(cc2)C(=O)c1cc2c(C(=O)N(C2=O)CCCCCCOC(=O)OCCCOC(=O)OCCCCCC*)cc1,tg,61.0,60.7021598815918
*N1C(=O)c2c(C1=O)cc(cc2)C(=O)c1cc2c(C(=O)N(C2=O)CCCCCOC(=O)OCCCCC*)cc1,tg,77.0,69.29106903076172
*N1C(=O)c2c(C1=O)cc(cc2)C(c1cc2c(C(=O)N(C2=O)CC(=O)Nc2ccc(cc2)Oc2cc(ccc2)Oc2ccc(cc2)NC(=O)C*)cc1)(C(F)(F)F)C(F)(F)F,tg,221.0,231.89122009277344
*N1C(=O)c2c(C1=O)cc(cc2)C(c1cc2c(C(=O)N(C2=O)CC(=O)Nc2ccc(cc2)Oc2ccc(cc2)Oc2ccc(cc2)NC(=O)C*)cc1)(C(F)(F)F)C(F)(F)F,tg,242.0,229.42015075683594
*N1C(=O)c2c(C1=O)cc(cc2)C(c1cc2c(C(=O)N(C2=O)CC(=O)Nc2ccc(cc2)Oc2ccc(cc2)S(=O)(=O)c2ccc(cc2)Oc2ccc(cc2)NC(=O)C*)cc1)(C(F)(F)F)C(F)(F)F,tg,241.0,239.97256469726562
*N1C(=O)c2c(C1=O)cc(cc2)C(c1cc2c(C(=O)N(C2=O)CC(=O)Nc2ccc(cc2)Oc2ccc(cc2)c2ccc(cc2)Oc2ccc(cc2)NC(=O)C*)cc1)(C(F)(F)F)C(F)(F)F,tg,245.0,250.26132202148438
*N1C(=O)c2c(C1=O)cc(cc2)C(c1cc2c(C(=O)N(C2=O)CC*)cc1)(C(F)(F)F)C(F)(F)F,tg,180.0,201.15280151367188
*N1C(=O)c2c(C1=O)cc(cc2)C(c1cc2c(C(=O)N(C2=O)CC2C3C(CC2)C2C(CC3C2)C*)cc1)(C(F)(F)F)C(F)(F)F,tg,207.0,227.3687286376953
*N1C(=O)c2c(C1=O)cc(cc2)C(c1cc2c(C(=O)N(C2=O)CCC*)cc1)(C(F)(F)F)C(F)(F)F,tg,190.0,187.89602661132812
*N1C(=O)c2c(C1=O)cc(cc2)C(c1cc2c(C(=O)N(C2=O)CCCC*)cc1)(C(F)(F)F)C(F)(F)F,tg,185.0,183.19790649414062
*N1C(=O)c2c(C1=O)cc(cc2)C(c1cc2c(C(=O)N(C2=O)CCCCC*)cc1)(C(F)(F)F)C(F)(F)F,tg,170.0,162.21908569335938
*N1C(=O)c2c(C1=O)cc(cc2)C(c1cc2c(C(=O)N(C2=O)CCCCCC*)cc1)(C(F)(F)F)C(F)(F)F,tg,143.67,151.56591796875
*N1C(=O)c2c(C1=O)cc(cc2)C(c1cc2c(C(=O)N(C2=O)CCCCCCC*)cc1)(C(F)(F)F)C(F)(F)F,tg,150.0,145.380615234375
*N1C(=O)c2c(C1=O)cc(cc2)C(c1cc2c(C(=O)N(C2=O)CCCCCCCC*)cc1)(C(F)(F)F)C(F)(F)F,tg,138.5,135.0912628173828
*N1C(=O)c2c(C1=O)cc(cc2)C(c1cc2c(C(=O)N(C2=O)CCCCCCCCC*)cc1)(C(F)(F)F)C(F)(F)F,tg,122.5,121.4150161743164
*N1C(=O)c2c(C1=O)cc(cc2)C(c1cc2c(C(=O)N(C2=O)CCCCCCCCCCCC*)cc1)(C(F)(F)F)C(F)(F)F,tg,100.0,113.79241943359375
*N1C(=O)c2c(C1=O)cc(cc2)C(c1cc2c(C(=O)N(C2=O)CCN(CC*)c2ccc(cc2)N=Nc2c(cc(cc2)[N+](=O)[O-])C)cc1)(C(F)(F)F)C(F)(F)F,tg,205.0,197.65817260742188
*N1C(=O)c2c(C1=O)cc(cc2)C(c1cc2c(C(=O)N(C2=O)CCN(CC*)c2ccc(cc2)N=Nc2ccc(cc2)C=O)cc1)(C(F)(F)F)C(F)(F)F,tg,170.0,202.19140625
*N1C(=O)c2c(C1=O)cc(cc2)C(c1cc2c(C(=O)N(C2=O)CCN(CC*)c2ccc(cc2)N=Nc2ccc(cc2)[N+](=O)[O-])cc1)(C(F)(F)F)C(F)(F)F,tg,210.0,197.0370635986328
*N1C(=O)c2c(C1=O)cc(cc2)NC(=O)Nc1c2c(ccc1)c(ccc2)NC(=O)Nc1cc2c(C(=O)N(C2=O)c2ccc(cc2)Oc2c(c3c(cc2)cccc3)c2c3c(ccc2Oc2ccc(cc2)*)cccc3)cc1,tg,297.0,306.1728820800781
*N1C(=O)c2c(C1=O)cc(cc2)NC(=O)Nc1ccc(cc1)Oc1c(cccc1)c1c(cccc1)Oc1ccc(cc1)NC(=O)Nc1cc2c(C(=O)N(C2=O)c2ccc(cc2)Oc2c(c3c(cc2)cccc3)c2c3c(ccc2Oc2ccc(cc2)*)cccc3)cc1,tg,285.0,239.3925323486328
*N1C(=O)c2c(C1=O)cc(cc2)NC(=O)Nc1ccc(cc1)Oc1ccc(cc1)NC(=O)Nc1cc2c(C(=O)N(C2=O)c2ccc(cc2)Oc2c(c3c(cc2)cccc3)c2c3c(ccc2Oc2ccc(cc2)*)cccc3)cc1,tg,274.0,259.4576721191406
*N1C(=O)c2c(C1=O)cc(cc2)NC(=O)Nc1ccc(cc1)Oc1ccc(cc1)NC(=O)Nc1cc2c(C(=O)N(C2=O)c2ccc(cc2)c2nc(cc(c2)c2ccc(cc2)c2ccccc2)c2ccc(cc2)*)cc1,tg,241.0,266.32220458984375
*N1C(=O)c2c(C1=O)cc(cc2)NC(=O)Nc1ccc(cc1)c1nc(cc(c1)c1ccc(cc1)c1ccccc1)c1ccc(cc1)NC(=O)Nc1cc2c(C(=O)N(C2=O)c2ccc(cc2)Oc2c(c3c(cc2)cccc3)c2c3c(ccc2Oc2ccc(cc2)*)cccc3)cc1,tg,302.0,298.4505310058594
*N1C(=O)c2c(C1=O)cc(cc2)NC(=O)Nc1ccc(cc1)c1nc(cc(c1)c1ccc(cc1)c1ccccc1)c1ccc(cc1)NC(=O)Nc1cc2c(C(=O)N(C2=O)c2ccc(cc2)c2nc(cc(c2)c2ccc(cc2)c2ccccc2)c2ccc(cc2)*)cc1,tg,272.0,255.1193084716797
*N1C(=O)c2c(C1=O)cc(cc2)NC(=O)Nc1nc(ccc1)NC(=O)Nc1cc2c(C(=O)N(C2=O)c2ccc(cc2)Oc2c(c3c(cc2)cccc3)c2c3c(ccc2Oc2ccc(cc2)*)cccc3)cc1,tg,283.0,304.55279541015625
*N1C(=O)c2c(C1=O)cc(cc2)NC(=O)OCCOc1c(cc(cc1Br)C(c1cc(c(c(c1)Br)OCCOC(=O)Nc1cc2c(C(=O)N(C2=O)c2cc(ccc2)P(=O)(c2cc(ccc2)*)C)cc1)Br)(C)C)Br,tg,191.0,209.7662811279297
*N1C(=O)c2c(C1=O)cc(cc2)NC(=O)OCCOc1c(cc(cc1Br)C(c1cc(c(c(c1)Br)OCCOC(=O)Nc1cc2c(C(=O)N(C2=O)c2cc(ccc2)P(=O)(c2cc(ccc2)*)c2ccccc2)cc1)Br)(C)C)Br,tg,201.0,219.45932006835938
*N1C(=O)c2c(C1=O)cc(cc2)NC(=O)OCCOc1ccc(cc1)C(c1ccc(cc1)OCCOC(=O)Nc1cc2c(C(=O)N(C2=O)c2cc(ccc2)P(=O)(c2cc(ccc2)*)C)cc1)(C)C,tg,211.0,206.51084899902344
*N1C(=O)c2c(C1=O)cc(cc2)NC(=O)OCCOc1ccc(cc1)C(c1ccc(cc1)OCCOC(=O)Nc1cc2c(C(=O)N(C2=O)c2cc(ccc2)P(=O)(c2cc(ccc2)*)c2ccccc2)cc1)(C)C,tg,220.0,205.30508422851562
*N1C(=O)c2c(C1=O)cc(cc2)Oc1c(cc(cc1C)C(c1cc(c(c(c1)C)Oc1cc2c(C(=O)N(C2=O)c2ccc(cc2)Oc2c(cc(cc2)Oc2ccc(cc2)*)C(C)(C)C)cc1)C)(C)C)C,tg,244.0,259.5635986328125
*N1C(=O)c2c(C1=O)cc(cc2)Oc1c(cc(cc1C)C(c1cc(c(c(c1)C)Oc1cc2c(C(=O)N(C2=O)c2ccc(cc2)Oc2cc(c(cc2)c2c(cc(cc2)Oc2ccc(cc2)*)C)C)cc1)C)(C)C)C,tg,257.0,259.5186767578125
*N1C(=O)c2c(C1=O)cc(cc2)Oc1c(cc(cc1C)C(c1cc(c(c(c1)C)Oc1cc2c(C(=O)N(C2=O)c2ccc(cc2)Oc2ccc(cc2)C2(C3CC4CC(CC2C4)C3)c2ccc(cc2)Oc2ccc(cc2)*)cc1)C)(C)C)C,tg,282.0,259.7465515136719
*N1C(=O)c2c(C1=O)cc(cc2)Oc1c(cc(cc1C)Cc1cc(c(c(c1)C)Oc1cc2c(C(=O)N(C2=O)c2c(cc(cc2C)Cc2cc(c(c(c2)C)*)C)C)cc1)C)C,tg,264.0,311.56256103515625
*N1C(=O)c2c(C1=O)cc(cc2)Oc1c(cc(cc1C)Cc1cc(c(c(c1)C)Oc1cc2c(C(=O)N(C2=O)c2ccc(cc2)Oc2ccc(cc2)*)cc1)C)C,tg,266.0,265.9394226074219
*N1C(=O)c2c(C1=O)cc(cc2)Oc1c(cc(cc1C)c1cc(c(c(c1)C)Oc1cc2c(C(=O)N(C2=O)c2c(cc(cc2C)Cc2cc(c(c(c2)C)*)C)C)cc1)C)C,tg,420.0,294.5721435546875
*N1C(=O)c2c(C1=O)cc(cc2)Oc1c(cc(cc1C)c1cc(c(c(c1)C)Oc1cc2c(C(=O)N(C2=O)c2ccc(cc2)Oc2ccc(cc2)*)cc1)C)C,tg,299.0,347.2005920410156
*N1C(=O)c2c(C1=O)cc(cc2)Oc1c(cccc1)Oc1cc2c(C(=O)N(C2=O)c2cc(c(cc2)Oc2c(cc(cc2C)c2cc(c(c(c2)C)Oc2c(cc(cc2)*)C(F)(F)F)C)C)C(F)(F)F)cc1,tg,270.0,253.5195770263672
*N1C(=O)c2c(C1=O)cc(cc2)Oc1c(cccc1)Oc1cc2c(C(=O)N(C2=O)c2cc(c(cc2)Oc2c(cccc2)Oc2c(cc(cc2)*)C(F)(F)F)C(F)(F)F)cc1,tg,185.0,164.1579132080078
*N1C(=O)c2c(C1=O)cc(cc2)Oc1c(cccc1)Oc1cc2c(C(=O)N(C2=O)c2cc(c(cc2)Oc2ccc(cc2)C2(c3ccccc3c3ccccc23)c2ccc(cc2)Oc2c(cc(cc2)*)C(F)(F)F)C(F)(F)F)cc1,tg,241.0,219.0707550048828
*N1C(=O)c2c(C1=O)cc(cc2)Oc1c(cccc1)Oc1cc2c(C(=O)N(C2=O)c2cc(c(cc2)Oc2ccc(cc2)Oc2c(cc(cc2)*)C(F)(F)F)C(F)(F)F)cc1,tg,197.0,197.6129150390625
*N1C(=O)c2c(C1=O)cc(cc2)Oc1c(cccc1)Oc1cc2c(C(=O)N(C2=O)c2cc(ccc2)*)cc1,tg,224.0,214.530517578125
*N1C(=O)c2c(C1=O)cc(cc2)Oc1c(cccc1)Oc1cc2c(C(=O)N(C2=O)c2ccc(cc2)Oc2cc3c(cc2Oc2ccc(cc2)*)cccc3)cc1,tg,216.0,213.89215087890625
*N1C(=O)c2c(C1=O)cc(cc2)Oc1c(cccc1)Oc1cc2c(C(=O)N(C2=O)c2ccc(cc2)Oc2ccc(cc2)Oc2ccc(cc2)*)cc1,tg,202.0,201.21351623535156
*N1C(=O)c2c(C1=O)cc(cc2)Oc1c2c(ccc1)c(ccc2)Oc1cc2c(C(=O)N(C2=O)c2c(cc(cc2C)Cc2cc(c(c(c2)C)*)C)C)cc1,tg,281.0,279.9485168457031
*N1C(=O)c2c(C1=O)cc(cc2)Oc1c2c(ccc1)c(ccc2)Oc1cc2c(C(=O)N(C2=O)c2ccc(cc2)C(c2ccc(cc2)*)(C)C)cc1,tg,265.0,260.6494445800781
*N1C(=O)c2c(C1=O)cc(cc2)Oc1c2c(ccc1)c(ccc2)Oc1cc2c(C(=O)N(C2=O)c2ccc(cc2)C(c2ccc(cc2)C(c2ccc(cc2)*)(C)C)(C)C)cc1,tg,253.0,231.27610778808594
*N1C(=O)c2c(C1=O)cc(cc2)Oc1c2c(ccc1)c(ccc2)Oc1cc2c(C(=O)N(C2=O)c2ccc(cc2)Oc2ccc(cc2)S(=O)(=O)c2ccc(cc2)Oc2ccc(cc2)*)cc1,tg,201.0,226.3450927734375
*N1C(=O)c2c(C1=O)cc(cc2)Oc1cc(ccc1)C(=O)Nc1ccc(cc1)Oc1ccc(cc1)*,tg,231.0,235.70025634765625
*N1C(=O)c2c(C1=O)cc(cc2)Oc1cc(ccc1)C(=O)Nc1ccc(cc1)Oc1ccc(cc1)Oc1ccc(cc1)*,tg,213.0,208.58056640625
*N1C(=O)c2c(C1=O)cc(cc2)Oc1cc(ccc1)Oc1cc2c(C(=O)N(C2=O)c2cc(ccc2)*)cc1,tg,224.0,225.46119689941406
*N1C(=O)c2c(C1=O)cc(cc2)Oc1cc(ccc1)Oc1cc2c(C(=O)N(C2=O)c2ccc(cc2)Oc2ccc(cc2)*)cc1,tg,209.0,208.67506408691406
*N1C(=O)c2c(C1=O)cc(cc2)Oc1cc(ccc1)Oc1cc2c(C(=O)N(C2=O)c2ccc(cc2)Oc2ccc(cc2)C(=O)c2ccc(cc2)Oc2ccc(cc2)*)cc1,tg,201.0,190.40957641601562
*N1C(=O)c2c(C1=O)cc(cc2)Oc1cc(ccc1)Oc1cc2c(C(=O)N(C2=O)c2ccc(cc2)Oc2ccc(cc2)S(=O)(=O)c2ccc(cc2)Oc2ccc(cc2)*)cc1,tg,201.0,202.45411682128906
*N1C(=O)c2c(C1=O)cc(cc2)Oc1cc2c(C(=O)N(C2=O)CC2C3C(CC2)C2C(CC3C2)C*)cc1,tg,201.0,232.74009704589844
*N1C(=O)c2c(C1=O)cc(cc2)Oc1cc2c(C(=O)N(C2=O)CCCCCC*)cc1,tg,164.0,111.10970306396484
*N1C(=O)c2c(C1=O)cc(cc2)Oc1cc2c(C(=O)N(C2=O)CCCCCCCCC*)cc1,tg,89.0,107.57093811035156
*N1C(=O)c2c(C1=O)cc(cc2)Oc1cc2c(C(=O)N(C2=O)CCCCCCCCCC*)cc1,tg,91.5,96.18810272216797
*N1C(=O)c2c(C1=O)cc(cc2)Oc1cc2c(C(=O)N(C2=O)CCCCCCCCCCCC*)cc1,tg,70.0,81.1684341430664
*N1C(=O)c2c(C1=O)cc(cc2)Oc1cc2c(C(=O)N(C2=O)Cc2oc(cc2)C(c2oc(cc2)C*)(C)C)cc1,tg,116.0,114.45526885986328
*N1C(=O)c2c(C1=O)cc(cc2)Oc1cc2c(C(=O)N(C2=O)Cc2oc(cc2)C(c2oc(cc2)C*)C)cc1,tg,129.0,143.62237548828125
*N1C(=O)c2c(C1=O)cc(cc2)Oc1cc2c(C(=O)N(C2=O)c2c(cc(c(c2)*)O)O)cc1,tg,263.0,303.1258544921875
*N1C(=O)c2c(C1=O)cc(cc2)Oc1cc2c(C(=O)N(C2=O)c2c(cc(cc2)c2cc(c(cc2)*)OCCCCCCOc2ccc(cc2)/C=C/c2ccc(cc2)F)OCCCCCCOc2ccc(cc2)/C=C/c2ccc(cc2)F)cc1,tg,124.0,132.1194305419922
*N1C(=O)c2c(C1=O)cc(cc2)Oc1cc2c(C(=O)N(C2=O)c2c(cc(cc2C)C(c2cc(c(c(c2)C)*)C)c2cc(ccc2)C(F)(F)F)C)cc1,tg,264.1,275.8019104003906
*N1C(=O)c2c(C1=O)cc(cc2)Oc1cc2c(C(=O)N(C2=O)c2c(ccc(c2)C(c2cc(c(cc2)OCCN(c2ccc(cc2)C=CC2=CC(=C(C#N)C#N)CC(C2)(C)C)C)*)(C(F)(F)F)C(F)(F)F)OCCN(c2ccc(cc2)C=CC2=CC(=C(C#N)C#N)CC(C2)(C)C)C)cc1,tg,215.0,216.31161499023438
*N1C(=O)c2c(C1=O)cc(cc2)Oc1cc2c(C(=O)N(C2=O)c2c(ccc(c2)C(c2cc(c(cc2)OCCN(c2ccc(cc2)C=CC2=CC(=C(C#N)C#N)CC(C2)(C)C)CC)*)(C(F)(F)F)C(F)(F)F)OCCN(c2ccc(cc2)C=CC2=CC(=C(C#N)C#N)CC(C2)(C)C)CC)cc1,tg,202.0,217.24757385253906
*N1C(=O)c2c(C1=O)cc(cc2)Oc1cc2c(C(=O)N(C2=O)c2c(ccc(c2)C(c2cc(c(cc2)OCCN(c2ccc(cc2)C=CC2=CC(=C(C#N)C#N)CC(C2)(C)C)c2ccccc2)*)(C(F)(F)F)C(F)(F)F)OCCN(c2ccc(cc2)C=CC2=CC(=C(C#N)C#N)CC(C2)(C)C)c2ccccc2)cc1,tg,220.0,208.1664276123047
*N1C(=O)c2c(C1=O)cc(cc2)Oc1cc2c(C(=O)N(C2=O)c2c(ccc(c2)C(c2cc(c(cc2)OCCN(c2ccc(cc2)C=CC2=CC(=C(C(=O)OCCc3ccccc3)C#N)CC(C2)(C)C)c2ccccc2)*)(C(F)(F)F)C(F)(F)F)OCCN(c2ccc(cc2)C=CC2=CC(=C(C(=O)OCCc3ccccc3)C#N)CC(C2)(C)C)C)cc1,tg,177.0,191.3377685546875
*N1C(=O)c2c(C1=O)cc(cc2)Oc1cc2c(C(=O)N(C2=O)c2c(ccc(c2)C(c2cc(c(cc2)OCCN(c2ccc(cc2)C=CC2=CC(=C(C(=O)OCc3ccc(cc3)Oc3c(c(c(c(c3F)F)F)F)F)C#N)CC(C2)(C)C)c2ccccc2)*)(C(F)(F)F)C(F)(F)F)OCCN(c2ccc(cc2)C=CC2=CC(=C(C(=O)OCc3ccc(cc3)Oc3c(c(c(c(c3F)F)F)F)F)C#N)CC(C2)(C)C)C)cc1,tg,162.0,176.55982971191406
*N1C(=O)c2c(C1=O)cc(cc2)Oc1cc2c(C(=O)N(C2=O)c2c(ccc(c2)C(c2cc(c(cc2)OCCN(c2ccc(cc2)C=CC2=CC(=C(S(=O)(=O)C)C#N)CC(C2)(C)C)C)*)(C(F)(F)F)C(F)(F)F)OCCN(c2ccc(cc2)C=CC2=CC(=C(S(=O)(=O)C)C#N)CC(C2)(C)C)C)cc1,tg,225.0,199.2058868408203
*N1C(=O)c2c(C1=O)cc(cc2)Oc1cc2c(C(=O)N(C2=O)c2c(cccc2)Oc2ccc(cc2)*)cc1,tg,264.0,257.4698486328125
*N1C(=O)c2c(C1=O)cc(cc2)Oc1cc2c(C(=O)N(C2=O)c2cc(c(c(c2)Br)Oc2c(cc(cc2Br)*)Br)Br)cc1,tg,283.0,237.36343383789062
*N1C(=O)c2c(C1=O)cc(cc2)Oc1cc2c(C(=O)N(C2=O)c2cc(c(cc2)Oc2c(cc(cc2)*)Br)Br)cc1,tg,251.0,319.0250549316406
*N1C(=O)c2c(C1=O)cc(cc2)Oc1cc2c(C(=O)N(C2=O)c2cc(c(cc2)Oc2c(cccc2)Oc2c(cc(cc2)*)C(F)(F)F)C(F)(F)F)cc1,tg,223.0,204.17103576660156
*N1C(=O)c2c(C1=O)cc(cc2)Oc1cc2c(C(=O)N(C2=O)c2cc(c(cc2)Oc2ccc(cc2)C(=O)c2cc(ccc2)*)C(F)(F)F)cc1,tg,224.0,202.094482421875
*N1C(=O)c2c(C1=O)cc(cc2)Oc1cc2c(C(=O)N(C2=O)c2cc(c(cc2)c2c(cc(cc2)*)C(F)(F)F)C(F)(F)F)cc1,tg,275.0,294.8409423828125
*N1C(=O)c2c(C1=O)cc(cc2)Oc1cc2c(C(=O)N(C2=O)c2cc(cc(c2)C(F)(F)F)Oc2c(cc(cc2C)c2cc(c(c(c2)C)Oc2cc(cc(c2)C(F)(F)F)*)C)C)cc1,tg,252.2,240.88760375976562
*N1C(=O)c2c(C1=O)cc(cc2)Oc1cc2c(C(=O)N(C2=O)c2cc(cc(c2)OCCCC)*)cc1,tg,237.0,218.5377197265625
*N1C(=O)c2c(C1=O)cc(cc2)Oc1cc2c(C(=O)N(C2=O)c2cc(cc(c2)OCCCCCCCC)*)cc1,tg,185.0,181.48504638671875
*N1C(=O)c2c(C1=O)cc(cc2)Oc1cc2c(C(=O)N(C2=O)c2cc(cc(c2)OCCCCCCCCCCCC)*)cc1,tg,162.0,157.3723602294922
*N1C(=O)c2c(C1=O)cc(cc2)Oc1cc2c(C(=O)N(C2=O)c2cc(cc(c2)OCCCCCCCCCCCCCCCC)*)cc1,tg,159.0,161.67214965820312
*N1C(=O)c2c(C1=O)cc(cc2)Oc1cc2c(C(=O)N(C2=O)c2cc(ccc2)C(C(C(C(C(c2cc(ccc2)*)(F)F)(F)F)(F)F)(F)F)(F)F)cc1,tg,138.5,163.82388305664062
*N1C(=O)c2c(C1=O)cc(cc2)Oc1cc2c(C(=O)N(C2=O)c2cc(ccc2)C(c2cc(ccc2)*)(C(F)(F)F)C(F)(F)F)cc1,tg,224.5,241.39886474609375
*N1C(=O)c2c(C1=O)cc(cc2)Oc1cc2c(C(=O)N(C2=O)c2cc(ccc2)C(c2cc(ccc2)*)(c2ccccc2)C(F)(F)F)cc1,tg,293.0,269.5771179199219
*N1C(=O)c2c(C1=O)cc(cc2)Oc1cc2c(C(=O)N(C2=O)c2cc(ccc2)OCCOCCOc2ccc(cc2)*)cc1,tg,146.5,159.518310546875
*N1C(=O)c2c(C1=O)cc(cc2)Oc1cc2c(C(=O)N(C2=O)c2cc(ccc2)Oc2c(ccc(c2)Oc2cc(ccc2)*)P(=O)(c2ccccc2)c2ccccc2)cc1,tg,212.0,229.32086181640625
*N1C(=O)c2c(C1=O)cc(cc2)Oc1cc2c(C(=O)N(C2=O)c2cc(ccc2)Oc2cc(ccc2)Oc2cc(ccc2)*)cc1,tg,189.33,199.65716552734375
*N1C(=O)c2c(C1=O)cc(cc2)Oc1cc2c(C(=O)N(C2=O)c2cc(ccc2)Oc2ccc(cc2)*)cc1,tg,233.75,238.07203674316406
*N1C(=O)c2c(C1=O)cc(cc2)Oc1cc2c(C(=O)N(C2=O)c2cc(ccc2)Oc2ccc(cc2)Oc2cc(ccc2)*)cc1,tg,204.0,231.0533447265625
*N1C(=O)c2c(C1=O)cc(cc2)Oc1cc2c(C(=O)N(C2=O)c2cc(ccc2)P(=O)(c2cc(ccc2)*)c2cc(cc(c2)C(F)(F)F)C(F)(F)F)cc1,tg,228.0,255.39349365234375
*N1C(=O)c2c(C1=O)cc(cc2)Oc1cc2c(C(=O)N(C2=O)c2ccc(cc2)*)cc1,tg,363.0,327.046142578125
*N1C(=O)c2c(C1=O)cc(cc2)Oc1cc2c(C(=O)N(C2=O)c2ccc(cc2)C(c2ccc(cc2)*)(C(F)(F)F)C(F)(F)F)cc1,tg,305.0,265.766845703125
*N1C(=O)c2c(C1=O)cc(cc2)Oc1cc2c(C(=O)N(C2=O)c2ccc(cc2)C(c2ccc(cc2)*)(C)C)cc1,tg,265.0,288.1155090332031
*N1C(=O)c2c(C1=O)cc(cc2)Oc1cc2c(C(=O)N(C2=O)c2ccc(cc2)C(c2ccc(cc2)*)c2ccccc2)cc1,tg,269.0,265.3421630859375
*N1C(=O)c2c(C1=O)cc(cc2)Oc1cc2c(C(=O)N(C2=O)c2ccc(cc2)Cc2ccc(cc2)*)cc1,tg,265.33,271.76519775390625
*N1C(=O)c2c(C1=O)cc(cc2)Oc1cc2c(C(=O)N(C2=O)c2ccc(cc2)N(c2ccc(cc2)*)c2ccc(cc2)C#N)cc1,tg,304.0,285.4547424316406
*N1C(=O)c2c(C1=O)cc(cc2)Oc1cc2c(C(=O)N(C2=O)c2ccc(cc2)Oc2c(cc(cc2C(C)(C)C)c2ccc(cc2)*)C(C)(C)C)cc1,tg,342.0,304.64605712890625
*N1C(=O)c2c(C1=O)cc(cc2)Oc1cc2c(C(=O)N(C2=O)c2ccc(cc2)Oc2cc3c(cc2Oc2ccc(cc2)*)cccc3)cc1,tg,254.17,240.06288146972656
*N1C(=O)c2c(C1=O)cc(cc2)Oc1cc2c(C(=O)N(C2=O)c2ccc(cc2)Oc2ccc(cc2)*)cc1,tg,266.3,269.0734558105469
*N1C(=O)c2c(C1=O)cc(cc2)Oc1cc2c(C(=O)N(C2=O)c2ccc(cc2)Oc2ccc(cc2)C(=O)c2cc(ccc2)C(=O)c2ccc(cc2)Oc2ccc(cc2)*)cc1,tg,208.0,215.78973388671875
*N1C(=O)c2c(C1=O)cc(cc2)Oc1cc2c(C(=O)N(C2=O)c2ccc(cc2)Oc2ccc(cc2)C(c2ccc(cc2)Oc2ccc(cc2)*)(C(F)(F)F)C(F)(F)F)cc1,tg,246.0,234.18272399902344
*N1C(=O)c2c(C1=O)cc(cc2)Oc1cc2c(C(=O)N(C2=O)c2ccc(cc2)Oc2ccc(cc2)C(c2ccc(cc2)Oc2ccc(cc2)*)(C)C)cc1,tg,227.5,226.51461791992188
*N1C(=O)c2c(C1=O)cc(cc2)Oc1cc2c(C(=O)N(C2=O)c2ccc(cc2)Oc2ccc(cc2)Oc2ccc(cc2)*)cc1,tg,235.78,237.74032592773438
*N1C(=O)c2c(C1=O)cc(cc2)Oc1cc2c(C(=O)N(C2=O)c2ccc(cc2)Oc2ccc(cc2)c2ccc(cc2)Oc2ccc(cc2)*)cc1,tg,245.0,248.2202911376953
*N1C(=O)c2c(C1=O)cc(cc2)Oc1cc2c(C(=O)N(C2=O)c2ccc(cc2)S(=O)(=O)c2ccc(cc2)*)cc1,tg,262.0,298.57427978515625
*N1C(=O)c2c(C1=O)cc(cc2)Oc1cc2c(C(=O)N(C2=O)c2ccc(cc2)Sc2cc3c(C(=O)N(C3=O)c3ccc(cc3)CC)cc2Sc2ccc(cc2)*)cc1,tg,271.0,266.2588806152344
*N1C(=O)c2c(C1=O)cc(cc2)Oc1cc2c(C(=O)N(C2=O)c2ccc(cc2)Sc2ccc(cc2)Sc2ccc(cc2)Sc2ccc(cc2)*)cc1,tg,202.65,207.51834106445312
*N1C(=O)c2c(C1=O)cc(cc2)Oc1cc2c(C(=O)N(C2=O)c2ccc(cc2)c2cc(c(cc2)Oc2cc3c(C(CC3(c3ccc(cc3)Oc3c(cc(cc3)c3ccc(cc3)*)C(F)(F)F)C)(C)C)cc2)C(F)(F)F)cc1,tg,249.0,256.18511962890625
*N1C(=O)c2c(C1=O)cc(cc2)Oc1cc2c(C(=O)N(C2=O)c2ccc(cc2)c2ccc(cc2)*)cc1,tg,286.0,299.8861389160156
*N1C(=O)c2c(C1=O)cc(cc2)Oc1cc2c(C(=O)N(C2=O)c2ccc(cc2)c2ccc(cc2)NC(=O)c2cc(ccc2)C(=O)Nc2ccc(cc2)c2ccc(cc2)*)cc1,tg,233.0,236.23587036132812
*N1C(=O)c2c(C1=O)cc(cc2)Oc1cc2c(C(=O)N(C2=O)c2ccc(cc2)c2nc(cc(c2)c2ccc(cc2)OCCCC#N)c2ccc(cc2)*)cc1,tg,315.0,285.681884765625
*N1C(=O)c2c(C1=O)cc(cc2)Oc1cc2c(C(CC32CC(c2ccc(cc32)Oc2cc3c(C(=O)N(C3=O)c3cc(ccc3)*)cc2)(C)C)(C)C)cc1,tg,253.0,264.9046325683594
*N1C(=O)c2c(C1=O)cc(cc2)Oc1cc2c(cc1)cc(cc2)Oc1cc2c(C(=O)N(C2=O)c2cc(ccc2)Oc2ccc(cc2)*)cc1,tg,225.0,209.87057495117188
*N1C(=O)c2c(C1=O)cc(cc2)Oc1cc2c(cc1)cc(cc2)Oc1cc2c(C(=O)N(C2=O)c2ccc(cc2)C(c2ccc(cc2)*)(C(F)(F)F)C(F)(F)F)cc1,tg,218.0,278.12750244140625
*N1C(=O)c2c(C1=O)cc(cc2)Oc1cc2c(cc1)cc(cc2)Oc1cc2c(C(=O)N(C2=O)c2ccc(cc2)Oc2ccc(cc2)c2ccc(cc2)Oc2ccc(cc2)*)cc1,tg,230.0,206.87631225585938
*N1C(=O)c2c(C1=O)cc(cc2)Oc1cc2c(cc1)ccc(c2)Oc1cc2c(C(=O)N(C2=O)c2ccc(cc2)C(c2ccc(cc2)*)(C(F)(F)F)C(F)(F)F)cc1,tg,256.0,253.37669372558594
*N1C(=O)c2c(C1=O)cc(cc2)Oc1cc2c(cc1)ccc(c2)Oc1cc2c(C(=O)N(C2=O)c2ccc(cc2)C(c2ccc(cc2)C(c2ccc(cc2)*)(C)C)(C)C)cc1,tg,246.0,231.8216094970703
*N1C(=O)c2c(C1=O)cc(cc2)Oc1cc2c(cc1)ccc(c2)Oc1cc2c(C(=O)N(C2=O)c2ccc(cc2)Oc2ccc(cc2)Oc2ccc(cc2)*)cc1,tg,228.0,229.07379150390625
*N1C(=O)c2c(C1=O)cc(cc2)Oc1cc2c(cc1Oc1cc3c(C(=O)N(C3=O)c3cc(cc(c3)C(F)(F)F)*)cc1)cccc2,tg,250.0,236.8070831298828
*N1C(=O)c2c(C1=O)cc(cc2)Oc1cc2c(cc1Oc1cc3c(C(=O)N(C3=O)c3cc(ccc3)*)cc1)cccc2,tg,228.75,248.48159790039062
*N1C(=O)c2c(C1=O)cc(cc2)Oc1cc2c(cc1Oc1cc3c(C(=O)N(C3=O)c3ccc(cc3)Oc3c(cccc3)Oc3ccc(cc3)*)cc1)cccc2,tg,204.0,218.6069793701172
*N1C(=O)c2c(C1=O)cc(cc2)Oc1cc2c(cc1Oc1cc3c(C(=O)N(C3=O)c3ccc(cc3)Oc3cc4c(cc3Oc3ccc(cc3)*)cccc4)cc1)cccc2,tg,222.0,221.6468505859375
*N1C(=O)c2c(C1=O)cc(cc2)Oc1cc2c(cc1Oc1cc3c(C(=O)N(C3=O)c3ccc(cc3)Oc3ccc(cc3)*)cc1)cccc2,tg,228.75,229.44056701660156
*N1C(=O)c2c(C1=O)cc(cc2)Oc1cc2c(cc1Oc1cc3c(C(=O)N(C3=O)c3ccc(cc3)Oc3ccc(cc3)Oc3ccc(cc3)*)cc1)cccc2,tg,224.5,212.40496826171875
*N1C(=O)c2c(C1=O)cc(cc2)Oc1cc2c(cc1Oc1cc3c(C(=O)N(C3=O)c3ccc(cc3)Oc3ccc(cc3)c3ccc(cc3)Oc3ccc(cc3)*)cc1)cccc2,tg,222.5,226.98683166503906
*N1C(=O)c2c(C1=O)cc(cc2)Oc1ccc(cc1)C(=O)Nc1ccc(cc1)Cc1ccc(cc1)*,tg,250.0,239.06887817382812
*N1C(=O)c2c(C1=O)cc(cc2)Oc1ccc(cc1)C(=O)Nc1ccc(cc1)Oc1ccc(cc1)Oc1ccc(cc1)*,tg,242.0,227.76535034179688
*N1C(=O)c2c(C1=O)cc(cc2)Oc1ccc(cc1)C(=O)c1ccc(cc1)Oc1cc2c(C(=O)N(C2=O)c2cc(ccc2)*)cc1,tg,239.0,230.00881958007812
*N1C(=O)c2c(C1=O)cc(cc2)Oc1ccc(cc1)C(=O)c1ccc(cc1)Oc1cc2c(C(=O)N(C2=O)c2ccc(cc2)Oc2cc(ccc2)Oc2ccc(cc2)*)cc1,tg,194.0,194.7316436767578
*N1C(=O)c2c(C1=O)cc(cc2)Oc1ccc(cc1)C(=O)c1ccc(cc1)Oc1cc2c(C(=O)N(C2=O)c2ccc(cc2)Oc2ccc(cc2)*)cc1,tg,210.0,223.67233276367188
*N1C(=O)c2c(C1=O)cc(cc2)Oc1ccc(cc1)C(c1ccc(cc1)C(c1ccc(cc1)Oc1cc2c(C(=O)N(C2=O)c2ccc(cc2)N(c2ccc(cc2)*)c2ccc(cc2)C#N)cc1)(C)C)(C)C,tg,224.0,213.39901733398438
*N1C(=O)c2c(C1=O)cc(cc2)Oc1ccc(cc1)C(c1ccc(cc1)Oc1cc2c(C(=O)N(C2=O)c2c(cc(cc2C)Cc2cc(c(c(c2)C)*)C)C)cc1)(C)C,tg,249.0,265.86883544921875
*N1C(=O)c2c(C1=O)cc(cc2)Oc1ccc(cc1)C(c1ccc(cc1)Oc1cc2c(C(=O)N(C2=O)c2c(ccc(c2)*)O)cc1)(C)C,tg,246.0,241.2492218017578
*N1C(=O)c2c(C1=O)cc(cc2)Oc1ccc(cc1)C(c1ccc(cc1)Oc1cc2c(C(=O)N(C2=O)c2cc(ccc2)*)cc1)(C)C,tg,221.3,235.06231689453125
*N1C(=O)c2c(C1=O)cc(cc2)Oc1ccc(cc1)C(c1ccc(cc1)Oc1cc2c(C(=O)N(C2=O)c2ccc(cc2)N(c2ccc(cc2)*)c2ccc(cc2)C#N)cc1)(C)C,tg,230.0,235.1428985595703
*N1C(=O)c2c(C1=O)cc(cc2)Oc1ccc(cc1)C(c1ccc(cc1)Oc1cc2c(C(=O)N(C2=O)c2ccc(cc2)Oc2c(c(ccc2)Oc2ccc(cc2)*)C#N)cc1)(C)C,tg,213.0,206.3376922607422
*N1C(=O)c2c(C1=O)cc(cc2)Oc1ccc(cc1)C(c1ccc(cc1)Oc1cc2c(C(=O)N(C2=O)c2ccc(cc2)Oc2ccc(cc2)*)cc1)(C(F)(F)F)C(F)(F)F,tg,257.0,231.85496520996094
*N1C(=O)c2c(C1=O)cc(cc2)Oc1ccc(cc1)C(c1ccc(cc1)Oc1cc2c(C(=O)N(C2=O)c2ccc(cc2)Oc2ccc(cc2)*)cc1)(C)C,tg,217.25,218.59445190429688
*N1C(=O)c2c(C1=O)cc(cc2)Oc1ccc(cc1)C(c1ccc(cc1)Oc1cc2c(C(=O)N(C2=O)c2ccc(cc2)Oc2ccc(cc2)C(c2ccc(cc2)Oc2ccc(cc2)*)(C)C)cc1)(C)C,tg,205.0,216.62860107421875
*N1C(=O)c2c(C1=O)cc(cc2)Oc1ccc(cc1)C(c1ccc(cc1)Oc1cc2c(C(=O)N(C2=O)c2ccc(cc2)Oc2ccc(cc2)S(=O)(=O)c2ccc(cc2)Oc2ccc(cc2)*)cc1)(C)C,tg,200.0,214.68222045898438
*N1C(=O)c2c(C1=O)cc(cc2)Oc1ccc(cc1)C(c1ccc(cc1)Oc1cc2c(C(=O)N(C2=O)c2ccc(cc2)Oc2ccc(cc2)c2ccc(cc2)Oc2ccc(cc2)*)cc1)(C(F)(F)F)C(F)(F)F,tg,217.0,248.01998901367188
*N1C(=O)c2c(C1=O)cc(cc2)Oc1ccc(cc1)C(c1ccc(cc1)Oc1cc2c(C(=O)N(C2=O)c2ccc(cc2)Oc2ccc(cc2)c2ccc(cc2)Oc2ccc(cc2)*)cc1)(C)C,tg,220.0,219.11297607421875
*N1C(=O)c2c(C1=O)cc(cc2)Oc1ccc(cc1)C(c1ccc(cc1)Oc1cc2c(C(=O)N(C2=O)c2ccc(cc2)S(=O)(=O)c2ccc(cc2)*)cc1)(C)C,tg,240.0,242.01583862304688
*N1C(=O)c2c(C1=O)cc(cc2)Oc1ccc(cc1)C1(CCC(CC1)C(C)(C)C)c1ccc(cc1)Oc1cc2c(C(=O)N(C2=O)Oc2c(cc(cc2C)C(c2cc(c(c(c2)C)O*)C)(C)C)C)cc1,tg,248.0,234.9625244140625
*N1C(=O)c2c(C1=O)cc(cc2)Oc1ccc(cc1)C1(CCC(CC1)C(C)(C)C)c1ccc(cc1)Oc1cc2c(C(=O)N(C2=O)c2ccc(cc2)Oc2c(cc(cc2)Oc2ccc(cc2)*)C(C)(C)C)cc1,tg,233.0,249.55740356445312
*N1C(=O)c2c(C1=O)cc(cc2)Oc1ccc(cc1)C1(CCC(CC1)C(C)(C)C)c1ccc(cc1)Oc1cc2c(C(=O)N(C2=O)c2ccc(cc2)Oc2ccc(cc2)C(c2ccc(cc2)Oc2ccc(cc2)*)(C(F)(F)F)C(F)(F)F)cc1,tg,227.0,229.3188934326172
*N1C(=O)c2c(C1=O)cc(cc2)Oc1ccc(cc1)C1(CCC(CC1)C(C)(C)C)c1ccc(cc1)Oc1cc2c(C(=O)N(C2=O)c2ccc(cc2)Oc2ccc(cc2)C2(C3C4C(CCC4)C(C2)C3)c2ccc(cc2)Oc2ccc(cc2)*)cc1,tg,257.0,252.4058380126953
*N1C(=O)c2c(C1=O)cc(cc2)Oc1ccc(cc1)C1(CCC(CC1)C(C)(C)C)c1ccc(cc1)Oc1cc2c(C(=O)N(C2=O)c2ccc(cc2)Oc2ccc(cc2)C2(C3CC4CC(CC2C4)C3)c2ccc(cc2)Oc2ccc(cc2)*)cc1,tg,266.0,258.673828125
*N1C(=O)c2c(C1=O)cc(cc2)Oc1ccc(cc1)C1(CCC(CC1)c1ccccc1)c1ccc(cc1)Oc1cc2c(C(=O)N(C2=O)c2ccc(cc2)Cc2ccc(cc2)*)cc1,tg,232.0,238.93780517578125
*N1C(=O)c2c(C1=O)cc(cc2)Oc1ccc(cc1)C1(CCC(CC1)c1ccccc1)c1ccc(cc1)Oc1cc2c(C(=O)N(C2=O)c2ccc(cc2)Oc2c(cc(cc2)Oc2ccc(cc2)*)C(C)(C)C)cc1,tg,236.0,231.9873809814453
*N1C(=O)c2c(C1=O)cc(cc2)Oc1ccc(cc1)C1(CCC(CC1)c1ccccc1)c1ccc(cc1)Oc1cc2c(C(=O)N(C2=O)c2ccc(cc2)Oc2ccc(cc2)C2(C3C4C(CCC4)C(C2)C3)c2ccc(cc2)Oc2ccc(cc2)*)cc1,tg,255.0,249.3097381591797
*N1C(=O)c2c(C1=O)cc(cc2)Oc1ccc(cc1)C1(CCC(CC1)c1ccccc1)c1ccc(cc1)Oc1cc2c(C(=O)N(C2=O)c2ccc(cc2)Oc2ccc(cc2)C2(C3CCC(C2)C3)c2ccc(cc2)Oc2ccc(cc2)*)cc1,tg,245.0,247.6287384033203
*N1C(=O)c2c(C1=O)cc(cc2)Oc1ccc(cc1)C1(CCC(CC1)c1ccccc1)c1ccc(cc1)Oc1cc2c(C(=O)N(C2=O)c2ccc(cc2)Oc2ccc(cc2)C2(CCC(CC2)C(C)(C)C)c2ccc(cc2)Oc2ccc(cc2)*)cc1,tg,243.0,238.7176513671875
*N1C(=O)c2c(C1=O)cc(cc2)Oc1ccc(cc1)C1(CCCCC1)c1ccc(cc1)Oc1cc2c(C(=O)N(C2=O)c2ccc(cc2)N(c2ccc(cc2)*)c2ccc(cc2)C#N)cc1,tg,243.0,275.1585693359375
*N1C(=O)c2c(C1=O)cc(cc2)Oc1ccc(cc1)C1(CCCCCCCCCCC1)c1ccc(cc1)Oc1cc2c(C(=O)N(C2=O)c2ccc(cc2)Cc2ccc(cc2)*)cc1,tg,240.0,245.00416564941406
*N1C(=O)c2c(C1=O)cc(cc2)Oc1ccc(cc1)C1(CCCCCCCCCCC1)c1ccc(cc1)Oc1cc2c(C(=O)N(C2=O)c2ccc(cc2)Oc2cc(c(cc2)c2c(cc(cc2)Oc2ccc(cc2)*)C)C)cc1,tg,257.0,236.98101806640625
*N1C(=O)c2c(C1=O)cc(cc2)Oc1ccc(cc1)C1(CCCCCCCCCCC1)c1ccc(cc1)Oc1cc2c(C(=O)N(C2=O)c2ccc(cc2)Oc2ccc(cc2)C2(C3CC4CC(CC2C4)C3)c2ccc(cc2)Oc2ccc(cc2)*)cc1,tg,262.0,267.5726013183594
*N1C(=O)c2c(C1=O)cc(cc2)Oc1ccc(cc1)C1(CCCCCCCCCCC1)c1ccc(cc1)Oc1cc2c(C(=O)N(C2=O)c2ccc(cc2)Oc2ccc(cc2)C2(C3CCC(C2)C3)c2ccc(cc2)Oc2ccc(cc2)*)cc1,tg,259.0,259.4784240722656
*N1C(=O)c2c(C1=O)cc(cc2)Oc1ccc(cc1)C1(CCCCCCCCCCC1)c1ccc(cc1)Oc1cc2c(C(=O)N(C2=O)c2ccc(cc2)Oc2ccc(cc2)C2(CCC(CC2)C(C)(C)C)c2ccc(cc2)Oc2ccc(cc2)*)cc1,tg,254.0,252.12937927246094
*N1C(=O)c2c(C1=O)cc(cc2)Oc1ccc(cc1)C1(c2ccccc2c2ccccc12)c1ccc(cc1)Oc1cc2c(C(=O)N(C2=O)c2ccc(cc2)N(c2ccc(cc2)*)c2ccc(cc2)C#N)cc1,tg,279.0,281.6202087402344
*N1C(=O)c2c(C1=O)cc(cc2)Oc1ccc(cc1)Oc1cc2c(C(=O)N(C2=O)c2c(c(c(cc2)Cc2c(c(c(cc2)*)C)C)C)C)cc1,tg,277.0,295.0200500488281
*N1C(=O)c2c(C1=O)cc(cc2)Oc1ccc(cc1)Oc1cc2c(C(=O)N(C2=O)c2c(cc(c(c2)C)Cc2c(cc(c(c2)C)*)C)C)cc1,tg,278.0,269.6487731933594
*N1C(=O)c2c(C1=O)cc(cc2)Oc1ccc(cc1)Oc1cc2c(C(=O)N(C2=O)c2c(cc(c(c2C)*)C)C)cc1,tg,345.0,340.1483154296875
*N1C(=O)c2c(C1=O)cc(cc2)Oc1ccc(cc1)Oc1cc2c(C(=O)N(C2=O)c2c(cc(cc2)Cc2cc(c(cc2)*)C)C)cc1,tg,268.0,254.16343688964844
*N1C(=O)c2c(C1=O)cc(cc2)Oc1ccc(cc1)Oc1cc2c(C(=O)N(C2=O)c2c(cc(cc2)Cc2cc(c(cc2)*)OC)OC)cc1,tg,269.0,212.70785522460938
*N1C(=O)c2c(C1=O)cc(cc2)Oc1ccc(cc1)Oc1cc2c(C(=O)N(C2=O)c2ccc(cc2)C(c2ccc(cc2)*)(C)C)cc1,tg,264.0,257.2975769042969
*N1C(=O)c2c(C1=O)cc(cc2)Oc1ccc(cc1)Oc1cc2c(C(=O)N(C2=O)c2ccc(cc2)Cc2ccc(cc2)*)cc1,tg,257.33,247.81985473632812
*N1C(=O)c2c(C1=O)cc(cc2)Oc1ccc(cc1)Oc1cc2c(C(=O)N(C2=O)c2ccc(cc2)Oc2ccc(cc2)*)cc1,tg,248.75,245.5070343017578
*N1C(=O)c2c(C1=O)cc(cc2)Oc1ccc(cc1)Oc1cc2c(C(=O)N(C2=O)c2ccc(cc2)Oc2ccc(cc2)Oc2ccc(cc2)Oc2ccc(cc2)*)cc1,tg,210.0,202.60433959960938
*N1C(=O)c2c(C1=O)cc(cc2)Oc1ccc(cc1)Oc1cc2c(C(=O)N(C2=O)c2ccc(cc2)Oc2ccc(cc2)S(=O)(=O)c2ccc(cc2)Oc2ccc(cc2)*)cc1,tg,201.0,217.89141845703125
*N1C(=O)c2c(C1=O)cc(cc2)Oc1ccc(cc1)Oc1cc2c(C(=O)N(C2=O)c2ccc(cc2)S(=O)(=O)c2ccc(cc2)*)cc1,tg,283.0,267.19537353515625
*N1C(=O)c2c(C1=O)cc(cc2)Oc1ccc(cc1)Oc1cc2c(C(=O)N(C2=O)c2ccc(cc2)c2ccc(cc2)*)cc1,tg,266.0,248.67581176757812
*N1C(=O)c2c(C1=O)cc(cc2)Oc1ccc(cc1)Oc1ccc(cc1)Oc1cc2c(C(=O)N(C2=O)c2cc(ccc2)*)cc1,tg,227.0,238.2571563720703
*N1C(=O)c2c(C1=O)cc(cc2)Oc1ccc(cc1)Oc1ccc(cc1)Oc1cc2c(C(=O)N(C2=O)c2ccc(cc2)Oc2ccc(cc2)*)cc1,tg,215.0,225.7659912109375
*N1C(=O)c2c(C1=O)cc(cc2)Oc1ccc(cc1)Oc1ccc(cc1)Oc1cc2c(C(=O)N(C2=O)c2ccc(cc2)Oc2ccc(cc2)Sc2ccc(cc2)Oc2ccc(cc2)*)cc1,tg,198.5,200.7499237060547
*N1C(=O)c2c(C1=O)cc(cc2)Oc1ccc(cc1)Oc1ccc(cc1)Oc1cc2c(C(=O)N(C2=O)c2ccc(cc2)Oc2ccc(cc2)c2ccc(cc2)Oc2ccc(cc2)*)cc1,tg,211.0,222.30726623535156
*N1C(=O)c2c(C1=O)cc(cc2)Oc1ccc(cc1)S(=O)(=O)c1ccc(cc1)Oc1cc2c(C(=O)N(C2=O)c2cc(ccc2)*)cc1,tg,265.0,251.4132843017578
*N1C(=O)c2c(C1=O)cc(cc2)Oc1ccc(cc1)S(=O)(=O)c1ccc(cc1)Oc1cc2c(C(=O)N(C2=O)c2cc(ccc2)S(=O)(=O)c2cc(ccc2)*)cc1,tg,205.0,243.26953125
*N1C(=O)c2c(C1=O)cc(cc2)Oc1ccc(cc1)S(=O)(=O)c1ccc(cc1)Oc1cc2c(C(=O)N(C2=O)c2ccc(cc2)Oc2cc(ccc2)Oc2ccc(cc2)*)cc1,tg,219.0,209.06871032714844
*N1C(=O)c2c(C1=O)cc(cc2)Oc1ccc(cc1)S(=O)(=O)c1ccc(cc1)Oc1cc2c(C(=O)N(C2=O)c2ccc(cc2)Oc2ccc(cc2)*)cc1,tg,260.0,235.69134521484375
*N1C(=O)c2c(C1=O)cc(cc2)Oc1ccc(cc1)Sc1ccc(cc1)Oc1cc2c(C(=O)N(C2=O)c2cc(ccc2)Oc2cc(ccc2)Oc2cc(ccc2)*)cc1,tg,190.5,181.65924072265625
*N1C(=O)c2c(C1=O)cc(cc2)Oc1ccc(cc1)Sc1ccc(cc1)Oc1cc2c(C(=O)N(C2=O)c2ccc(cc2)Oc2cc(ccc2)Oc2ccc(cc2)*)cc1,tg,178.0,202.30670166015625
*N1C(=O)c2c(C1=O)cc(cc2)Oc1ccc(cc1)Sc1ccc(cc1)Oc1cc2c(C(=O)N(C2=O)c2ccc(cc2)Oc2ccc(cc2)Oc2ccc(cc2)*)cc1,tg,201.0,188.5734100341797
*N1C(=O)c2c(C1=O)cc(cc2)Oc1ccc(cc1)Sc1ccc(cc1)Oc1cc2c(C(=O)N(C2=O)c2ccc(cc2)Oc2ccc(cc2)Sc2ccc(cc2)Oc2ccc(cc2)*)cc1,tg,195.5,191.6796875
*N1C(=O)c2c(C1=O)cc(cc2)Oc1ccc(cc1)c1ccc(cc1)Oc1cc2c(C(=O)N(C2=O)c2cc(ccc2)Oc2c(ccc(c2)Oc2cc(ccc2)*)P(=O)(c2ccccc2)c2ccccc2)cc1,tg,227.0,206.2264404296875
*N1C(=O)c2c(C1=O)cc(cc2)Oc1ccc(cc1)c1ccc(cc1)Oc1cc2c(C(=O)N(C2=O)c2ccc(cc2)Oc2cc(ccc2)Oc2ccc(cc2)*)cc1,tg,205.0,206.67288208007812
*N1C(=O)c2c(C1=O)cc(cc2)Oc1ccc(cc1)c1ccc(cc1)Oc1cc2c(C(=O)N(C2=O)c2ccc(cc2)Oc2ccc(cc2)*)cc1,tg,229.0,242.55722045898438
*N1C(=O)c2c(C1=O)cc(cc2)Oc1ccc(cc1)c1ccc(cc1)Oc1cc2c(C(=O)N(C2=O)c2ccc(cc2)Oc2ccc(cc2)Oc2ccc(cc2)*)cc1,tg,212.0,221.7969207763672
*N1C(=O)c2c(C1=O)cc(cc2)Oc1ccc(cc1)c1ccc(cc1)Oc1cc2c(C(=O)N(C2=O)c2ccc(cc2)Oc2ccc(cc2)Oc2ccc(cc2)Oc2ccc(cc2)*)cc1,tg,212.0,203.88780212402344
*N1C(=O)c2c(C1=O)cc(cc2)Oc1ccc(cc1)c1ccc(cc1)Oc1cc2c(C(=O)N(C2=O)c2ccc(cc2)Oc2ccc(cc2)Sc2ccc(cc2)Oc2ccc(cc2)*)cc1,tg,212.0,205.03480529785156
*N1C(=O)c2c(C1=O)cc(cc2)Oc1ccc(cc1)c1ccc(cc1)Oc1cc2c(C(=O)N(C2=O)c2ccc(cc2)Oc2ccc(cc2)c2ccc(cc2)Oc2ccc(cc2)*)cc1,tg,220.0,222.50350952148438
*N1C(=O)c2c(C1=O)cc(cc2)P(=O)(c1cc2c(C(=O)N(C2=O)c2cc(cc(c2)C(F)(F)F)*)cc1)c1ccccc1,tg,317.0,305.61273193359375
*N1C(=O)c2c(C1=O)cc(cc2)P(=O)(c1cc2c(C(=O)N(C2=O)c2cc(ccc2)*)cc1)c1ccccc1,tg,323.0,323.7162170410156
*N1C(=O)c2c(C1=O)cc(cc2)P(=O)(c1cc2c(C(=O)N(C2=O)c2ccc(cc2)*)cc1)c1ccccc1,tg,366.0,361.4638977050781
*N1C(=O)c2c(C1=O)cc(cc2)P(=O)(c1cc2c(C(=O)N(C2=O)c2ccc(cc2)Oc2ccc(cc2)*)cc1)c1ccccc1,tg,318.0,315.62017822265625
*N1C(=O)c2c(C1=O)cc(cc2)S(=O)(=O)c1cc2c(C(=O)N(C2=O)CCCCCCOC(=O)CCCCCCC(=O)OCCCCCC*)cc1,tg,46.0,80.13347625732422
*N1C(=O)c2c(C1=O)cc(cc2)S(=O)(=O)c1cc2c(C(=O)N(C2=O)CCCCCCOC(=O)CCCCCCCCC(=O)OCCCCCC*)cc1,tg,72.0,40.71800994873047
*N1C(=O)c2c(C1=O)cc(cc2)S(=O)(=O)c1cc2c(C(=O)N(C2=O)CCCCCCOC(=O)c2cc(cc(c2)OCCCCCCOc2ccc(cc2)N=Nc2ccc(cc2)C#N)C(=O)OCCCCCC*)cc1,tg,83.0,92.63186645507812
*N1C(=O)c2c(C1=O)cc(cc2)S(=O)(=O)c1cc2c(C(=O)N(C2=O)c2c(cc(c(c2C)*)C)C)cc1,tg,418.0,349.9253845214844
*N1C(=O)c2c(C1=O)cc(cc2)S(=O)(=O)c1cc2c(C(=O)N(C2=O)c2cc(c(cc2)Oc2c(cc(cc2)*)Br)Br)cc1,tg,281.0,303.9411315917969
*N1C(=O)c2c(C1=O)cc(cc2)S(=O)(=O)c1cc2c(C(=O)N(C2=O)c2cc(c(cc2)Oc2c(cccc2)Oc2c(cc(cc2)*)C(F)(F)F)C(F)(F)F)cc1,tg,255.0,261.8857421875
*N1C(=O)c2c(C1=O)cc(cc2)S(=O)(=O)c1cc2c(C(=O)N(C2=O)c2cc(ccc2)c2cc(cc(c2)C(=O)Nc2ccc(cc2)OC(=O)c2cc(c(c(c2)OCCCCCCCCCCCC)OCCCCCCCCCCCC)OCCCCCCCCCCCC)c2cc(ccc2)*)cc1,tg,268.0,182.77635192871094
*N1C(=O)c2c(C1=O)cc(cc2)S(=O)(=O)c1cc2c(C(=O)N(C2=O)c2ccc(cc2)C(c2ccc(cc2)*)c2ccccc2)cc1,tg,305.0,301.1963806152344
*N1C(=O)c2c(C1=O)cc(cc2)S(=O)(=O)c1cc2c(C(=O)N(C2=O)c2ccc(cc2)N(c2ccc(cc2)*)c2ccc(cc2)C#N)cc1,tg,325.0,337.70721435546875
*N1C(=O)c2c(C1=O)cc(cc2)S(=O)(=O)c1cc2c(C(=O)N(C2=O)c2ccc(cc2)N(c2ccc(cc2)*)c2ccc(cc2)OC)cc1,tg,304.0,292.279541015625
*N1C(=O)c2c(C1=O)cc(cc2)S(=O)(=O)c1cc2c(C(=O)N(C2=O)c2ccc(cc2)N(c2ccc(cc2)*)c2ccccc2)cc1,tg,306.0,303.5615234375
*N1C(=O)c2c(C1=O)cc(cc2)S(=O)(=O)c1cc2c(C(=O)N(C2=O)c2ccc(cc2)Oc2c(cc(cc2C(C)(C)C)c2ccc(cc2)*)C(C)(C)C)cc1,tg,354.5,389.38262939453125
*N1C(=O)c2c(C1=O)cc(cc2)S(=O)(=O)c1cc2c(C(=O)N(C2=O)c2ccc(cc2)Oc2c3c(ccc2)c(ccc3)Oc2ccc(cc2)*)cc1,tg,306.0,275.19317626953125
*N1C(=O)c2c(C1=O)cc(cc2)S(=O)(=O)c1cc2c(C(=O)N(C2=O)c2ccc(cc2)Oc2cc3c(cc2Oc2ccc(cc2)*)cccc3)cc1,tg,275.0,264.2574462890625
*N1C(=O)c2c(C1=O)cc(cc2)S(=O)(=O)c1cc2c(C(=O)N(C2=O)c2ccc(cc2)Oc2ccc(cc2)*)cc1,tg,283.5,320.7763366699219
*N1C(=O)c2c(C1=O)cc(cc2)Sc1cc2c(C(=O)N(C2=O)c2c(cc(c(c2C)*)C)C)cc1,tg,378.0,390.0689697265625
*N1C(=O)c2c(C1=O)cc(cc2)Sc1cc2c(C(=O)N(C2=O)c2c(cc(cc2)Cc2cc(c(cc2)*)C(C)(C)C)C(C)(C)C)cc1,tg,300.5,285.1016845703125
*N1C(=O)c2c(C1=O)cc(cc2)Sc1cc2c(C(=O)N(C2=O)c2ccc(cc2)Oc2ccc(cc2)*)cc1,tg,258.0,264.6794738769531
*N1C(=O)c2c(C1=O)cc(cc2)Sc1ccc(cc1)Sc1ccc(cc1)Sc1cc2c(C(=O)N(C2=O)c2ccc(cc2)Sc2ccc(cc2)Sc2ccc(cc2)Sc2ccc(cc2)*)cc1,tg,176.45,208.7565460205078
*N1C(=O)c2c(C1=O)cc(cc2)Sc1ccc(cc1)Sc1ccc(cc1)Sc1cc2c(C(=O)N(C2=O)c2ccc(cc2)Sc2sc(cc2)Sc2ccc(cc2)*)cc1,tg,185.5,194.0794677734375
*N1C(=O)c2c(C1=O)cc(cc2)Sc1ccc(cc1)Sc1ccc(cc1)Sc1cc2c(C(=O)N(C2=O)c2ccc(cc2)Sc2sc(cc2)Sc2sc(cc2)Sc2sc(cc2)Sc2ccc(cc2)*)cc1,tg,177.0,185.6809844970703
*N1C(=O)c2c(C1=O)cc(cc2)[Si](O[Si](c1cc2c(C(=O)N(C2=O)c2cc(ccc2)Cc2cc(ccc2)*)cc1)(C)C)(C)C,tg,217.0,172.37405395507812
*N1C(=O)c2c(C1=O)cc(cc2)[Si](c1cc2c(C(=O)N(C2=O)c2ccc(cc2)Cc2ccc(cc2)*)cc1)(C)C,tg,280.0,290.8290710449219
*N1C(=O)c2c(C1=O)cc(cc2)[Si](c1cc2c(C(=O)N(C2=O)c2ccc(cc2)Oc2ccc(cc2)S(=O)(=O)c2ccc(cc2)Oc2ccc(cc2)*)cc1)(C)C,tg,238.0,269.53515625
*N1C(=O)c2c(C1=O)cc(cc2)[Si](c1ccc(cc1)[Si](c1cc2c(C(=O)N(C2=O)c2cc(ccc2)Cc2cc(ccc2)*)cc1)(C)C)(C)C,tg,246.0,255.56460571289062
*N1C(=O)c2c(C1=O)cc(cc2)[Si](c1ccc(cc1)c1ccc(cc1)[Si](c1cc2c(C(=O)N(C2=O)c2cc(ccc2)Cc2cc(ccc2)*)cc1)(C)C)(C)C,tg,285.0,255.8563995361328
*N1C(=O)c2c(C1=O)cc(cc2)c1cc2c(C(=O)N(C2=O)C2C(CC(CC2)CC2CC(C(CC2)*)C)C)cc1,tg,260.0,244.26051330566406
*N1C(=O)c2c(C1=O)cc(cc2)c1cc2c(C(=O)N(C2=O)C2CC(CC(C2)(C*)C)(C)C)cc1,tg,311.0,290.9201354980469
*N1C(=O)c2c(C1=O)cc(cc2)c1cc2c(C(=O)N(C2=O)C2CCC(CC2)CC2CCC(CC2)*)cc1,tg,242.0,283.1847229003906
*N1C(=O)c2c(C1=O)cc(cc2)c1cc2c(C(=O)N(C2=O)CC2CC(CCC2)C*)cc1,tg,234.0,222.8346405029297
*N1C(=O)c2c(C1=O)cc(cc2)c1cc2c(C(=O)N(C2=O)CCCCCCOC(=O)CCCCCCCCCCN2C(=O)c3c(C2=O)cc(cc3)c2ccc(cc2)c2cc3c(C(=O)N(C3=O)CCCCCCCCCCC(=O)OCCCCCC*)cc2)cc1,tg,45.0,38.311405181884766
*N1C(=O)c2c(C1=O)cc(cc2)c1cc2c(C(=O)N(C2=O)CCCCCCOC(=O)OCCCCCC*)cc1,tg,71.0,65.7354507446289
*N1C(=O)c2c(C1=O)cc(cc2)c1cc2c(C(=O)N(C2=O)CCCCCCOC(=O)c2cc(cc(c2)OCCCCCCOc2ccc(cc2)N=Nc2ccc(cc2)C#N)C(=O)OCCCCCC*)cc1,tg,93.0,73.58170318603516
*N1C(=O)c2c(C1=O)cc(cc2)c1cc2c(C(=O)N(C2=O)CCCCCOC(=O)CCCCCCCCCCN2C(=O)c3c(C2=O)cc(cc3)c2ccc(cc2)c2cc3c(C(=O)N(C3=O)CCCCCCCCCCC(=O)OCCCCC*)cc2)cc1,tg,41.0,50.108341217041016
*N1C(=O)c2c(C1=O)cc(cc2)c1cc2c(C(=O)N(C2=O)CCC[Si](O[Si](CCC*)(C)C)(C)C)cc1,tg,75.0,96.86389923095703
*N1C(=O)c2c(C1=O)cc(cc2)c1cc2c(C(=O)N(C2=O)Cc2oc(cc2)C(c2oc(cc2)C*)(C)C)cc1,tg,129.0,150.72409057617188
*N1C(=O)c2c(C1=O)cc(cc2)c1cc2c(C(=O)N(C2=O)c2c(cc(c(c2C)*)C)C)cc1,tg,385.0,391.93572998046875
*N1C(=O)c2c(C1=O)cc(cc2)c1cc2c(C(=O)N(C2=O)c2c(cc(cc2)Cc2cc(c(cc2)*)C(C)(C)C)C(C)(C)C)cc1,tg,324.0,309.9718322753906
*N1C(=O)c2c(C1=O)cc(cc2)c1cc2c(C(=O)N(C2=O)c2c(cc(cc2)c2cc(c(cc2)*)C)C)cc1,tg,300.67,365.5884094238281
*N1C(=O)c2c(C1=O)cc(cc2)c1cc2c(C(=O)N(C2=O)c2c(cc(cc2C)C(c2cc(c(c(c2)C)*)C)c2c3c(ccc2)cccc3)C)cc1,tg,311.67,352.57550048828125
*N1C(=O)c2c(C1=O)cc(cc2)c1cc2c(C(=O)N(C2=O)c2c(cc(cc2C)C(c2cc(c(c(c2)C)*)C)c2cc(ccc2)C(F)(F)F)C)cc1,tg,312.9,295.7212219238281
*N1C(=O)c2c(C1=O)cc(cc2)c1cc2c(C(=O)N(C2=O)c2c(cc(cc2C)c2cc(c(c(c2)C)*)C)C)cc1,tg,285.0,345.2613830566406
*N1C(=O)c2c(C1=O)cc(cc2)c1cc2c(C(=O)N(C2=O)c2c(ccc(c2)*)C)cc1,tg,341.33,331.8514404296875
*N1C(=O)c2c(C1=O)cc(cc2)c1cc2c(C(=O)N(C2=O)c2cc(c(c(c2)Br)Oc2c(cc(cc2Br)*)Br)Br)cc1,tg,287.0,333.3606872558594
*N1C(=O)c2c(C1=O)cc(cc2)c1cc2c(C(=O)N(C2=O)c2cc(c(c(c2)C(=O)OCCCC)c2c(cc(cc2Br)*)C(=O)OCCCC)Br)cc1,tg,196.0,140.986572265625
*N1C(=O)c2c(C1=O)cc(cc2)c1cc2c(C(=O)N(C2=O)c2cc(c(c(c2)C(=O)OCCCCCCCC)c2c(cc(cc2Br)*)C(=O)OCCCCCCCC)Br)cc1,tg,135.5,142.43844604492188
*N1C(=O)c2c(C1=O)cc(cc2)c1cc2c(C(=O)N(C2=O)c2cc(c(c(c2)C(=O)OCCCCCCCCCC)c2c(cc(cc2Br)*)C(=O)OCCCCCCCCCC)Br)cc1,tg,116.0,116.56755828857422
*N1C(=O)c2c(C1=O)cc(cc2)c1cc2c(C(=O)N(C2=O)c2cc(c(c(c2)C(=O)OCCCCCCCCCCCCCCCC)c2c(cc(cc2Br)*)C(=O)OCCCCCCCCCCCCCCCC)Br)cc1,tg,92.0,91.12872314453125
*N1C(=O)c2c(C1=O)cc(cc2)c1cc2c(C(=O)N(C2=O)c2cc(c(c(c2)C(=O)OCCCCCCCCCCCCCCCCCC)c2c(cc(cc2Br)*)C(=O)OCCCCCCCCCCCCCCCCCC)Br)cc1,tg,83.5,97.19744873046875
*N1C(=O)c2c(C1=O)cc(cc2)c1cc2c(C(=O)N(C2=O)c2cc(c(c(c2)C)c2c(cc(cc2C)*)C)C)cc1,tg,280.0,313.1085205078125
*N1C(=O)c2c(C1=O)cc(cc2)c1cc2c(C(=O)N(C2=O)c2cc(c(cc2)Oc2c(cc(cc2)*)Br)Br)cc1,tg,275.0,277.02947998046875
*N1C(=O)c2c(C1=O)cc(cc2)c1cc2c(C(=O)N(C2=O)c2cc(c(cc2)Oc2c(cc(cc2C(C)(C)C)c2ccc(cc2)*)C(C)(C)C)C(F)(F)F)cc1,tg,389.0,362.4140319824219
*N1C(=O)c2c(C1=O)cc(cc2)c1cc2c(C(=O)N(C2=O)c2cc(cc(c2)C(=O)NCCCCCC)*)cc1,tg,256.9,275.09320068359375
*N1C(=O)c2c(C1=O)cc(cc2)c1cc2c(C(=O)N(C2=O)c2cc(cc(c2)C(=O)NCCCCCCCC)*)cc1,tg,245.5,254.19778442382812
*N1C(=O)c2c(C1=O)cc(cc2)c1cc2c(C(=O)N(C2=O)c2cc(cc(c2)C(=O)NCCCCCCCCCC)*)cc1,tg,245.1,238.92327880859375
*N1C(=O)c2c(C1=O)cc(cc2)c1cc2c(C(=O)N(C2=O)c2cc(cc(c2)C(=O)NCCCCCCCCCCCC)*)cc1,tg,243.1,231.53463745117188
*N1C(=O)c2c(C1=O)cc(cc2)c1cc2c(C(=O)N(C2=O)c2cc(cc(c2)C(=O)NCCCCCCCCCCCCCC)*)cc1,tg,247.6,230.66355895996094
*N1C(=O)c2c(C1=O)cc(cc2)c1cc2c(C(=O)N(C2=O)c2cc(cc(c2)C(F)(F)F)Oc2c(cc(cc2C)c2cc(c(c(c2)C)Oc2cc(cc(c2)C(F)(F)F)*)C)C)cc1,tg,281.1,295.7839660644531
*N1C(=O)c2c(C1=O)cc(cc2)c1cc2c(C(=O)N(C2=O)c2cc(ccc2)*)cc1,tg,327.88,317.83984375
*N1C(=O)c2c(C1=O)cc(cc2)c1cc2c(C(=O)N(C2=O)c2cc(ccc2)C(=O)Nc2ccc(cc2)Oc2ccc(cc2)C(c2ccc(cc2)Oc2ccc(cc2)NC(=O)c2cc(ccc2)*)(C)C)cc1,tg,257.0,254.69764709472656
*N1C(=O)c2c(C1=O)cc(cc2)c1cc2c(C(=O)N(C2=O)c2cc(ccc2)C(=O)Nc2ccc(cc2)Oc2ccc(cc2)NC(=O)c2cc(ccc2)*)cc1,tg,253.0,271.5741882324219
*N1C(=O)c2c(C1=O)cc(cc2)c1cc2c(C(=O)N(C2=O)c2cc(ccc2)C(=O)Nc2ccc(cc2)Oc2ccc(cc2)Oc2ccc(cc2)NC(=O)c2cc(ccc2)*)cc1,tg,244.0,262.5041198730469
*N1C(=O)c2c(C1=O)cc(cc2)c1cc2c(C(=O)N(C2=O)c2cc(ccc2)C(=O)Nc2ccc(cc2)Oc2ccc(cc2)Oc2ccc(cc2)Oc2ccc(cc2)NC(=O)c2cc(ccc2)*)cc1,tg,244.0,234.2650604248047
*N1C(=O)c2c(C1=O)cc(cc2)c1cc2c(C(=O)N(C2=O)c2cc(ccc2)C(c2cc(ccc2)*)(C(F)(F)F)C(F)(F)F)cc1,tg,267.0,277.2659606933594
*N1C(=O)c2c(C1=O)cc(cc2)c1cc2c(C(=O)N(C2=O)c2cc(ccc2)OCCCCCCCCCCOc2cc(ccc2)*)cc1,tg,125.0,133.6143341064453
*N1C(=O)c2c(C1=O)cc(cc2)c1cc2c(C(=O)N(C2=O)c2cc(ccc2)OCCCCCCCCCOc2cc(ccc2)*)cc1,tg,132.0,134.9313507080078
*N1C(=O)c2c(C1=O)cc(cc2)c1cc2c(C(=O)N(C2=O)c2cc(ccc2)OCCCCCCCCOc2cc(ccc2)*)cc1,tg,138.0,137.04148864746094
*N1C(=O)c2c(C1=O)cc(cc2)c1cc2c(C(=O)N(C2=O)c2cc(ccc2)OCCCCCCOc2cc(ccc2)*)cc1,tg,153.0,144.07769775390625
*N1C(=O)c2c(C1=O)cc(cc2)c1cc2c(C(=O)N(C2=O)c2cc(ccc2)OCCCOc2cc(ccc2)*)cc1,tg,184.0,187.8431396484375
*N1C(=O)c2c(C1=O)cc(cc2)c1cc2c(C(=O)N(C2=O)c2cc(ccc2)Oc2c(ccc(c2)Oc2cc(ccc2)*)P(=O)(c2ccccc2)c2ccccc2)cc1,tg,234.0,231.90585327148438
*N1C(=O)c2c(C1=O)cc(cc2)c1cc2c(C(=O)N(C2=O)c2cc(ccc2)Oc2cc(ccc2)Oc2cc(ccc2)*)cc1,tg,208.0,202.10592651367188
*N1C(=O)c2c(C1=O)cc(cc2)c1cc2c(C(=O)N(C2=O)c2cc(ccc2)Oc2ccc(cc2)*)cc1,tg,255.5,256.1520690917969
*N1C(=O)c2c(C1=O)cc(cc2)c1cc2c(C(=O)N(C2=O)c2ccc(cc2)*)cc1,tg,372.08,315.07220458984375
*N1C(=O)c2c(C1=O)cc(cc2)c1cc2c(C(=O)N(C2=O)c2ccc(cc2)C(=O)Nc2cc(ccc2)Oc2ccc(cc2)S(=O)(=O)c2ccc(cc2)Oc2cc(ccc2)NC(=O)c2ccc(cc2)*)cc1,tg,262.0,236.18035888671875
*N1C(=O)c2c(C1=O)cc(cc2)c1cc2c(C(=O)N(C2=O)c2ccc(cc2)C(=O)Nc2cc(ccc2)S(=O)(=O)c2cc(ccc2)NC(=O)c2ccc(cc2)*)cc1,tg,256.0,263.5560302734375
*N1C(=O)c2c(C1=O)cc(cc2)c1cc2c(C(=O)N(C2=O)c2ccc(cc2)C(c2ccc(cc2)*)(C(F)(F)F)C(F)(F)F)cc1,tg,333.67,340.2616882324219
*N1C(=O)c2c(C1=O)cc(cc2)c1cc2c(C(=O)N(C2=O)c2ccc(cc2)Cc2ccc(cc2)*)cc1,tg,298.0,292.1156921386719
*N1C(=O)c2c(C1=O)cc(cc2)c1cc2c(C(=O)N(C2=O)c2ccc(cc2)N2C(=O)c3c(C2=O)cc(cc3)C(c2cc3c(C(=O)N(C3=O)c3ccc(cc3)*)cc2)(C(F)(F)F)C(F)(F)F)cc1,tg,342.0,320.128173828125
*N1C(=O)c2c(C1=O)cc(cc2)c1cc2c(C(=O)N(C2=O)c2ccc(cc2)OCCCCCCCCCCOc2ccc(cc2)*)cc1,tg,153.0,143.64093017578125
*N1C(=O)c2c(C1=O)cc(cc2)c1cc2c(C(=O)N(C2=O)c2ccc(cc2)Oc2c(c(ccc2)Oc2ccc(cc2)*)C#N)cc1,tg,271.0,260.2275085449219
*N1C(=O)c2c(C1=O)cc(cc2)c1cc2c(C(=O)N(C2=O)c2ccc(cc2)Oc2c(cc(cc2)C(C)(C)C)Oc2ccc(cc2)*)cc1,tg,257.0,249.03268432617188
*N1C(=O)c2c(C1=O)cc(cc2)c1cc2c(C(=O)N(C2=O)c2ccc(cc2)Oc2c(cc(cc2)Oc2ccc(cc2)*)C(C)(C)C)cc1,tg,274.0,274.0963439941406
*N1C(=O)c2c(C1=O)cc(cc2)c1cc2c(C(=O)N(C2=O)c2ccc(cc2)Oc2c(cc(cc2)Oc2ccc(cc2)*)C)cc1,tg,265.0,278.93389892578125
*N1C(=O)c2c(C1=O)cc(cc2)c1cc2c(C(=O)N(C2=O)c2ccc(cc2)Oc2c(cc(cc2)Oc2ccc(cc2)*)c2ccccc2)cc1,tg,247.0,289.0782775878906
*N1C(=O)c2c(C1=O)cc(cc2)c1cc2c(C(=O)N(C2=O)c2ccc(cc2)Oc2c(cc(cc2C(C)(C)C)c2ccc(cc2)*)C(C)(C)C)cc1,tg,381.5,364.3711242675781
*N1C(=O)c2c(C1=O)cc(cc2)c1cc2c(C(=O)N(C2=O)c2ccc(cc2)Oc2c(cc(cc2C)C(c2cc(c(c(c2)C)Oc2ccc(cc2)*)C)c2c3c(ccc2)cccc3)C)cc1,tg,289.5,264.5389404296875
*N1C(=O)c2c(C1=O)cc(cc2)c1cc2c(C(=O)N(C2=O)c2ccc(cc2)Oc2c3c(ccc2)c(ccc3)Oc2ccc(cc2)*)cc1,tg,305.0,289.71234130859375
*N1C(=O)c2c(C1=O)cc(cc2)c1cc2c(C(=O)N(C2=O)c2ccc(cc2)Oc2cc(ccc2)Oc2ccc(cc2)*)cc1,tg,220.0,242.42567443847656
*N1C(=O)c2c(C1=O)cc(cc2)c1cc2c(C(=O)N(C2=O)c2ccc(cc2)Oc2ccc(cc2)C(=O)c2ccc(cc2)C(=O)c2ccc(cc2)Oc2ccc(cc2)*)cc1,tg,245.0,234.95164489746094
*N1C(=O)c2c(C1=O)cc(cc2)c1cc2c(C(=O)N(C2=O)c2ccc(cc2)Oc2ccc(cc2)C(=O)c2ccc(cc2)Oc2ccc(cc2)*)cc1,tg,253.0,251.7727508544922
*N1C(=O)c2c(C1=O)cc(cc2)c1cc2c(C(=O)N(C2=O)c2ccc(cc2)Oc2ccc(cc2)C(c2ccc(cc2)Oc2ccc(cc2)*)(C)C)cc1,tg,230.0,251.70030212402344
*N1C(=O)c2c(C1=O)cc(cc2)c1cc2c(C(=O)N(C2=O)c2ccc(cc2)Oc2ccc(cc2)Oc2ccc(cc2)*)cc1,tg,264.88,265.7378845214844
*N1C(=O)c2c(C1=O)cc(cc2)c1cc2c(C(=O)N(C2=O)c2ccc(cc2)Oc2ccc(cc2)Oc2ccc(cc2)Oc2ccc(cc2)*)cc1,tg,228.51,222.51370239257812
*N1C(=O)c2c(C1=O)cc(cc2)c1cc2c(C(=O)N(C2=O)c2ccc(cc2)S(=O)(=O)c2ccc(cc2)*)cc1,tg,350.0,336.4689636230469
*N1C(=O)c2c(C1=O)cc(cc2)c1cc2c(C(=O)N(C2=O)c2ccc(cc2)Sc2ccc(cc2)Sc2ccc(cc2)Sc2ccc(cc2)*)cc1,tg,227.1,227.09796142578125
*N1C(=O)c2c(C1=O)cc(cc2)c1cc2c(C(=O)N(C2=O)c2ccc(cc2)c2ccc(cc2)NC(=O)c2cc(ccc2)C(=O)Nc2ccc(cc2)c2ccc(cc2)*)cc1,tg,230.0,257.5539245605469
*N1C(=O)c2c(C1=O)cc(cc2)c1ccc(cc1)C(=O)c1cc2c(C(=O)N(C2=O)C(=C(*)C#N)C#N)cc1,tg,249.0,315.0778503417969
*N1C(=O)c2c(C1=O)cc(cc2)c1ccc(cc1)c1cc2c(C(=O)N(C2=O)CCCCCC*)cc1,tg,141.0,146.6985321044922
*N1C(=O)c2c(C1=O)cc(cc2)c1ccc(cc1)c1cc2c(C(=O)N(C2=O)CCCCCCC*)cc1,tg,135.0,132.3617401123047
*N1C(=O)c2c(C1=O)cc(cc2)c1ccc(cc1)c1cc2c(C(=O)N(C2=O)CCCCCCCCC*)cc1,tg,104.0,108.1484375
*N1C(=O)c2c(C1=O)cc(cc2)c1ccc(cc1)c1cc2c(C(=O)N(C2=O)CCCCCCCCCCC*)cc1,tg,89.0,100.13506317138672
*N1C(=O)c2c(C1=O)cc(cc2)c1ccc(cc1)c1cc2c(C(=O)N(C2=O)CCCCCCOC(=O)OCCCCCC*)cc1,tg,74.0,64.41954803466797
*N1C(=O)c2c(C1=O)cc(cc2)c1ccc(cc1)c1cc2c(C(=O)N(C2=O)CCCCCCOC(=O)c2cc(cc(c2)OCCCCCCOc2ccc(cc2)N=Nc2ccc(cc2)C#N)C(=O)OCCCCCC*)cc1,tg,67.0,90.02295684814453
*N1C(=O)c2c(C1=O)cc(cc2)c1ccc(cc1)c1ccc(cc1)c1ccc(cc1)c1ccc(cc1)c1cc2c(C(=O)N(C2=O)c2ccc(cc2)Cc2ccc(cc2)*)cc1,tg,244.0,251.01193237304688
*N1C(=O)c2cc3C(c4c(Oc3cc2C1=O)cc1C(=O)N(C(=O)c1c4)c1ccc(cc1)C(c1ccc(cc1)*)(C(F)(F)F)C(F)(F)F)(C(F)(F)F)C(F)(F)F,tg,430.0,310.1970520019531
*N1C(=O)c2ccc(N3C(=O)C4CCC(C5CCC6C(=O)N(*)C(=O)C6C5)CC4C3=O)cc2C1=O,egc,4.0715,4.499841213226318
*N1C(=S)N(C(=O)CC1=O)c1ccc(cc1)Oc1cc(ccc1)Oc1ccc(cc1)*,tg,128.0,117.60201263427734
*N1C(=S)N(C(=O)CC1=O)c1ccc(cc1)Oc1cc2c(cc1)ccc(c2)Oc1ccc(cc1)*,tg,151.5,168.6788787841797
*N1C(=S)N(C(=O)CC1=O)c1ccc(cc1)Oc1ccc(cc1)C(c1ccc(cc1)Oc1ccc(cc1)*)(C)C,tg,132.0,158.67123413085938
*N1C(=S)N(C(=O)CC1=O)c1ccc(cc1)Oc1ccc(cc1)C1(c2ccccc2c2ccccc12)c1ccc(cc1)Oc1ccc(cc1)*,tg,175.0,190.36337280273438
*N1C(=S)N(C(=O)CC1=O)c1ccc(cc1)Oc1ccc(cc1)c1ccc(cc1)Oc1ccc(cc1)*,tg,158.5,162.44174194335938
*N1C(CN(C(C1)C)C(=O)CCCCCCCCC(=O)*)C,tg,-60.5,131.89892578125
*N1C(CN(C(C1)C)C(=O)Nc1ccc(cc1)c1ccc(cc1)NC(=O)*)C,tg,250.0,161.7933807373047
*N1C(CN(C(C1)C)C(=O)OCC(CS(=O)(=O)CC(COC(=O)*)(C)C)(C)C)C,tg,85.0,59.884769439697266
*N1CC(CCCC1)NC(=O)CCCCCCCCC(=O)*,tg,-46.5,45.7032585144043
*N1CC(O)=C(C2C(=O)C3=C(C2=O)C(C)(F)N3*)C1=O,egc,3.4532,3.457232713699341
*N1CCC(CC1)OC(=O)c1ccc(cc1)C(=C(*)c1ccc(cc1)OC)C#N,tg,183.0,183.62664794921875
*N1CCN(CC1)C(=O)CCC1(c2ccccc2c2ccccc12)CCC(=O)*,tg,145.0,148.3026123046875
*N1CCN(CC1)C(=O)CCCCCCCCC(=O)*,tg,70.4,16.064903259277344
*N1CCN(CC1)C(=O)OC1CC2CC(CC(C1)O2)OC(=O)*,tg,113.0,174.04757690429688
*N1CCN(CC1)C(=O)OCC(COC(=O)*)(C)C,tg,70.0,74.7300796508789
*N1CCN(CC1)C(=O)OCCOC(=O)*,tg,60.0,79.8249282836914
*N1CCN(CC1)C(=O)c1cc(ccc1)C(=O)*,tg,214.5,171.57936096191406
*N1CCN(CC1)C(=O)c1ccc(cc1)C(c1ccc(cc1)C(=O)*)(CC)C,tg,225.5,168.1139678955078
*N1CCOC1(*)CC,tg,55.0,96.53065490722656
*N=C(N=C(NC(C)=O)NC(C)=O)N=C(*)OC(C)=O,egc,3.7327,3.661703586578369
*N=C1C=CC(*)C=C1C,egc,3.8461,4.129997253417969
*N=C1C=CC(*)C=C1Cl,egc,4.0784,3.6763384342193604
*N=C1c2ccccc2C(=Nc2ccc(*)cc2)c2ccccc21,egc,1.6985,2.8246169090270996
*N=Cc1ccc(-c2ccc(C=Nc3ccc4c(c3)c3cc(*)ccc3n4CCCC)s2)s1,egc,2.8673,2.258192300796509
*N=Cc1ccc(C=Nc2sc(*)c(C#N)c2C#N)cc1,egc,1.5066,2.4985294342041016
*N=NNc1ccc(NN=Nc2ccc(*)cc2)cc1,egc,1.9731,3.399315118789673
*N=Nc1ccc(*)cc1,egc,1.7643,2.646212339401245
*N=Nc1ccc(-c2ccc(*)c(C)c2)cc1C,egc,2.1369,2.895705223083496
*N=Nc1ccc(cc1)C(=O)NCCCCNC(=O)c1ccc(cc1)*,tg,215.0,151.79721069335938
*N=Nc1ccc(cc1)NC(=O)CCC(=O)Nc1ccc(cc1)*,tg,220.0,220.2404022216797
*N=Nc1ccc(cc1)Nc1ccc(cc1)C(=O)c1ccc(cc1)C(=O)c1ccc(cc1)Nc1ccc(cc1)*,tg,203.0,213.2386474609375
*N=Nc1ccc(cc1)Nc1ccc(cc1)C(=O)c1ccc(cc1)Nc1ccc(cc1)*,tg,216.42,198.35885620117188
*N=P(*)(Cl)Cl,egc,3.9556,4.386880874633789
*N=P(*)(NCC)NCC,tg,30.0,49.382904052734375
*N=P(*)(OCC(C(F)(F)F)(F)F)OCC(C(F)(F)F)(F)F,tg,-65.0,-57.97367858886719
*N=P(*)(OCC(F)(F)F)OCC(F)(F)F,tg,-66.57,-60.91612243652344
*N=P(*)(OCC=Cc1ccccc1)OCC=Cc1ccccc1,tg,1.0,47.6338996887207
*N=P(*)(OCCC(=O)C=C)OCCC(=O)C=C,egc,3.9384,2.5366721153259277
*N=P(*)(OCCC)OCCC,tg,-100.0,-81.60115814208984
*N=P(*)(OCCCCC)OCCC,tg,-100.0,-88.80538177490234
*N=P(*)(OCCCCC)OCCCCC,tg,-104.0,-77.20389556884766
*N=P(*)(OCCCCCCC)OCCCCCCC,tg,-94.0,-80.21383666992188
*N=P(*)(OCCCCCCCCC)OCCCCCCCCC,tg,-56.0,-84.71733856201172
*N=P(*)(OCCOC)OCCOC,tg,-75.0,-62.408138275146484
*N=P(*)(OCCOCCOCC)OCCOCCOCC,tg,-78.0,-86.21187591552734
*N=P(*)(OCCOCCOCCCC)OCCOCCOCCCC,tg,-84.0,-80.23863983154297
*N=P(*)(OCCc1ccccc1)OCCc1ccccc1,tg,-32.7,-36.56501770019531
*N=P(*)(OCc1ccc(cc1)Br)OCc1ccc(cc1)Br,tg,-0.8,6.78081750869751
*N=P(*)(OCc1ccc(cc1)c1ccccc1)OCc1ccc(cc1)c1ccccc1,tg,52.0,28.358793258666992
*N=P(*)(Oc1c(cc(cc1)Cl)Cl)Oc1c(cc(cc1)Cl)Cl,tg,2.0,48.69002914428711
*N=P(*)(Oc1cc(ccc1)C(F)(F)F)Oc1cc(ccc1)C(F)(F)F,tg,-35.0,10.044342041015625
*N=P(*)(Oc1cc(ccc1)C)Oc1cc(ccc1)C,tg,-25.0,5.845041751861572
*N=P(*)(Oc1cc2c(cc1)cccc2)Oc1cc2c(cc1)cccc2,tg,47.0,-8.295084953308105
*N=P(*)(Oc1ccc(cc1)C(C)C)Oc1ccc(cc1)C(C)C,tg,0.0,-13.116353034973145
*N=P(*)(Oc1ccc(cc1)C)Oc1ccc(cc1)C,tg,0.3,-31.11293601989746
*N=P(*)(Oc1ccc(cc1)F)Oc1ccc(cc1)F,tg,-10.0,44.737945556640625
*N=c1c(=Nc2ccc(*)cc2)c2cccc3cccc1c32,egc,2.1929,2.114230155944824
*NC(=C(NC(=O)c1ccc(cc1)C(=O)*)C#N)C#N,tg,232.0,206.99346923828125
*NC(=O)C(=CC(=O)NCCCCCCCCCC*)C,tg,74.0,67.46759033203125
*NC(=O)C(=CC(=O)NCc1cc(ccc1)C*)C,tg,135.0,120.12991333007812
*NC(=O)C(=O)NCC(CCC*)(C)C,tg,109.0,168.84263610839844
*NC(=O)C(=O)NCCCC*,tg,120.0,202.00167846679688
*NC(=O)C(=O)NCCCCCC*,tg,250.0,106.34112548828125
*NC(=O)C(=S)C(*)=O,egb,1.4363,1.4345811605453491
*NC(=O)C(=S)C(*)=O,ei,6.114,6.805337429046631
*NC(=O)C(=S)C(*)=O,nc,2.263,2.2085225582122803
*NC(=O)C(=S)C(C=C1)=CC=C1*,egc,2.9128,2.779688835144043
*NC(=O)C(=S)O*,eea,4.3681,3.644414186477661
*NC(=O)C(=S)O*,egb,2.095,2.07027530670166
*NC(=O)C(=S)O*,eps,6.14,6.000613212585449
*NC(=O)C(=S)O*,nc,2.1173,2.120932102203369
*NC(=O)C(=S)c1ccc(*)cc1,eea,3.6154,3.6863207817077637
*NC(=O)C(=S)c1ccc(*)cc1,egb,1.5619,2.018845796585083
*NC(=O)C(=S)c1ccc(*)cc1,ei,6.5245,6.22335958480835
*NC(=O)C(=S)c1ccc(*)cc1,eps,5.85,6.461545944213867
*NC(=O)C(=S)c1ccc(*)cc1,nc,2.1735,2.236835479736328
*NC(=O)C(=S)c1ccc(*)s1,eea,3.9034,3.8918492794036865
*NC(=O)C(=S)c1ccc(*)s1,egb,0.9512,2.3426942825317383
*NC(=O)C(=S)c1ccc(*)s1,ei,6.6147,6.1270246505737305
*NC(=O)C(=S)c1ccc(*)s1,eps,8.51,5.897592067718506
*NC(=O)C(C(C(=O)NCCC*)OC)OC,tg,123.0,115.73316192626953
*NC(=O)C(C(C(=O)NCCCCC*)OC)OC,tg,113.0,101.2278823852539
*NC(=O)C(C(C(=O)NCCCCCC*)OC)OC,tg,106.0,104.17060852050781
*NC(=O)C(C(C(=O)NCCCCCCC*)OC)OC,tg,87.0,100.08255004882812
*NC(=O)C(C(C(=O)NCCCCCCCCC*)OC)OC,tg,84.0,95.5354995727539
*NC(=O)C(C(C(=O)NCCCCCCCCCCCC*)OC)OC,tg,84.0,76.01012420654297
*NC(=O)C(C=C1)=CC=C1C(C=C2)=CC=C2*,egc,3.3965,3.5491859912872314
*NC(=O)C(C=C1)=CC=C1C(S2)=CC=C2*,egc,4.012,3.873326301574707
*NC(=O)C(C=C1)=CC=C1O*,egc,4.6617,4.462272644042969
*NC(=O)C(CC(C(=O)NCCCCCC*)CC)CC,tg,94.0,75.68435668945312
*NC(=O)C(CC(CC(=O)NCc1ccc(cc1)C*)(C)C)C,tg,125.0,112.1602554321289
*NC(=O)C(S1)=CC=C1C(C=C2)=CC=C2*,egc,2.9223,2.8941028118133545
*NC(=O)C=CC(=O)Nc1nc(*)nc(N)n1,egc,3.896,3.921614170074463
*NC(=O)CC(=O)NCCCCC*,tg,65.0,67.37413024902344
*NC(=O)CC(=O)NCCCCCCCC*,tg,55.0,52.5436897277832
*NC(=O)CC(c1ccc(cc1)C(CC(=O)NCCCCCC*)(C)C)(C)C,tg,91.0,112.75101470947266
*NC(=O)CC(c1ccc(cc1)C(CC(=O)NCCCCCC*)C)C,tg,88.0,66.57915496826172
*NC(=O)CC(c1ccc(cc1)CCC(=O)NCCCCCC*)C,tg,77.0,88.7718734741211
*NC(=O)CC*,tg,127.0,74.83894348144531
*NC(=O)CCC(c1ccc(cc1)C(CCC(=O)NCCCCCC*)(C)C)(C)C,tg,92.0,69.49623107910156
*NC(=O)CCC*,tg,62.18,72.32836151123047
*NC(=O)CCC1(c2ccccc2c2ccccc12)CCC(=O)NCCCC1(c2ccccc2c2ccccc12)CCC*,tg,165.0,159.61859130859375
*NC(=O)CCC1(c2ccccc2c2ccccc12)CCC(=O)NCCCCCC*,tg,122.0,156.29067993164062
*NC(=O)CCCC(=O)NCc1c(c(c(c(c1C)C)C*)C)C,tg,192.0,181.17576599121094
*NC(=O)CCCCC(=O)NCC(CC(CC*)(C)C)C,tg,65.0,54.23841857910156
*NC(=O)CCCCC(=O)NCC(CCC*)(C)C,tg,77.0,66.14299011230469
*NC(=O)CCCCC(=O)NCC*,tg,71.0,73.70305633544922
*NC(=O)CCCCC(=O)NCC1CCC(CC1)C*,tg,113.0,102.71928405761719
*NC(=O)CCCCC(=O)NCCCCCC*,tg,55.55,55.28054428100586
*NC(=O)CCCCC(=O)NCCCCCCCCC*,tg,60.33,52.86140823364258
*NC(=O)CCCCC(=O)NCCCCCCCCCC*,tg,45.0,56.287132263183594
*NC(=O)CCCCC(=O)NCCCP(=O)(CCC*)C,tg,33.0,58.318302154541016
*NC(=O)CCCCC(=O)NCCCP(=O)(CCC*)c1ccccc1,tg,55.0,37.5711669921875
*NC(=O)CCCCC(=O)NCCCP(CCC*)CC(C)C,tg,71.0,22.682401657104492
*NC(=O)CCCCC(=O)NCCCP(CCC*)c1ccccc1,tg,49.0,64.90203094482422
*NC(=O)CCCCC(=O)NCc1cc(cc(c1)C(C)(C)C)C*,tg,109.0,103.69794464111328
*NC(=O)CCCCC(=O)NCc1cc(ccc1)C*,tg,81.05,116.40882110595703
*NC(=O)CCCCC*,tg,48.52,34.328250885009766
*NC(=O)CCCCCC(=O)NCC(CCC*)(C)C,tg,70.5,78.14834594726562
*NC(=O)CCCCCC(=O)NCCCCCC*,tg,54.0,55.19525146484375
*NC(=O)CCCCCC*,tg,51.14,37.47590255737305
*NC(=O)CCCCCCC(=O)NCCCCCC*,tg,52.67,49.86259460449219
*NC(=O)CCCCCCC*,tg,38.45,40.408023834228516
*NC(=O)CCCCCCCC*,tg,44.29,34.78843307495117
*NC(=O)CCCCCCCC1C=CC(C(C1CCCCCCCC(=O)NCCCCCC*)CCCCCCCC)CCCCCC,tg,-10.0,60.49801254272461
*NC(=O)CCCCCCCCC(=O)NCC1CCC(CC1)C*,tg,89.0,85.22230529785156
*NC(=O)CCCCCCCCC(=O)NCCCC1(c2ccccc2c2ccccc12)CCC*,tg,85.0,111.72772216796875
*NC(=O)CCCCCCCCC(=O)NCCCCCCCC*,tg,54.0,43.08961868286133
*NC(=O)CCCCCCCCC(=O)NCCCCCCCCCCC*,tg,40.0,52.20298385620117
*NC(=O)CCCCCCCCC*,tg,43.0,37.28155517578125
*NC(=O)CCCCCCCCCC(=O)NCCc1ccc(cc1)CC*,tg,96.0,88.0179443359375
*NC(=O)CCCCCCCCCC(=O)NCc1ccc(cc1)C*,tg,108.8,88.08404541015625
*NC(=O)CCCCCCCCCCC(=O)NCC1CCC(CC1)C*,tg,85.0,94.46492767333984
*NC(=O)CCCCCCCCCCC(=O)NCCCCCC*,tg,50.61,50.75983810424805
*NC(=O)CCCCCCCCCCC(=O)NCCCCCCCCCCC*,tg,39.0,50.01534652709961
*NC(=O)CCCCCCCCCCC*,tg,42.59,28.538497924804688
*NC(=O)CCCCCCCCCCCC(=O)NCCCCCCCCCCCCC*,tg,56.5,43.52871322631836
*NC(=O)CCCCCCCCCCCC(=O)NCc1ccc(cc1)C*,tg,100.0,89.77470397949219
*NC(=O)CCCCCCCCCCCC*,tg,41.0,32.41557693481445
*NC(=O)CCCCCCCCCCCCC(=O)NCCCCCCCCCCCC*,tg,49.0,50.90415573120117
*NC(=O)CCCCCCCCCCCCC(=O)NCCc1ccc(cc1)CC*,tg,93.0,81.95348358154297
*NC(=O)CCCCCCCCCCCCCC*,tg,-7.0,39.60071563720703
*NC(=O)CCCCCCCCCCCCCCC(=O)NCCCCCC*,tg,40.0,47.53581619262695
*NC(=O)CCCCCCCCCCCCCCC(=O)NCCCCCCCC*,tg,52.0,44.051692962646484
*NC(=O)CCCCCCCCCCCCCCC(=O)NCCCCCCCCCC*,tg,45.0,44.37880325317383
*NC(=O)CCCCCCCCCCCCCCC(=O)NCCCCCCCCCCCC*,tg,46.0,43.77310562133789
*NC(=O)CCCCCCCCCCCCCCCCC(=O)NCCCCCCCC*,tg,36.0,41.952327728271484
*NC(=O)CCCCCCCCCCCCCCCCC(=O)NCCCCCCCCCCCC*,tg,47.0,46.77260971069336
*NC(=O)CCCCCCCCCCCCCCCCC(=O)NCCCCCCCCCCCCCC*,tg,47.0,46.03127670288086
*NC(=O)CCCCCCCCCCCCCCCCC(=O)NCCCCCCCCCCCCCCCCCC*,tg,50.0,46.921913146972656
*NC(=O)CCCCCCCCCCCCCCCCC(=O)NCCc1ccc(cc1)CC*,tg,75.0,83.39092254638672
*NC(=O)CCCCCCCCCCCCCCCCC(=O)NCc1ccc(cc1)C*,tg,75.0,91.49392700195312
*NC(=O)CCCCCCCCCCCCCCCCCCC(=O)NCCCCC*,tg,52.0,50.32672882080078
*NC(=O)CCCCCCCCCCCCCCCCCCC(=O)NCCCCCCC*,tg,46.0,47.93068313598633
*NC(=O)CCCCCCCCCCCCCCCCCCC(=O)NCCCCCCCCC*,tg,42.0,42.3814811706543
*NC(=O)CCP(=O)(CCC(=O)NCCCCCC*)C,tg,57.5,51.15346145629883
*NC(=O)CCP(=O)(CCC(=O)NCCCCCC*)c1ccccc1,tg,29.0,97.58362579345703
*NC(=O)CCP(=O)(CCC(=O)NCCCCCCCC*)C,tg,52.0,46.92385482788086
*NC(=O)CCP(=O)(CCC(=O)NCCCCCCCCCC*)C,tg,45.5,49.91200256347656
*NC(=O)CCP(=O)(CCC(=O)NCCCCCCCCCCCC*)C,tg,44.0,41.74973678588867
*NC(=O)CCc1ccc(cc1)CCC(=O)NCCCCCCCCCCCC*,tg,85.0,74.14293670654297
*NC(=O)CCc1ccc(cc1)CCC(=O)NCCCCCCCCCCCCCCCCCC*,tg,65.0,66.23353576660156
*NC(=O)CNC(=O)CCCCC(=O)NCCCCCC*,tg,53.4,93.67536926269531
*NC(=O)Cc1ccc(cc1)CC(=O)NCCCCCC*,tg,95.0,110.45745086669922
*NC(=O)Cc1ccc(cc1)CC(=O)NCCCCCCCC*,tg,110.0,91.8759765625
*NC(=O)Cc1ccc(cc1)CC(=O)NCCCCCCCCCCCCCCCCCC*,tg,78.0,80.7374496459961
*NC(=O)NC(*)=O,egb,3.9867,4.1795654296875
*NC(=O)NC(*)=O,ei,5.9087,7.264146327972412
*NC(=O)NC(*)=S,eea,3.7029,4.0335493087768555
*NC(=O)NC(*)=S,ei,7.159,6.603248119354248
*NC(=O)NC(*)=S,eps,7.36,6.117435932159424
*NC(=O)NC(=O)*,egc,3.9005,4.272080421447754
*NC(=O)NC(=O)c1ccc(C(=S)c2ccc(-c3ccc(*)s3)s2)s1,eea,2.9241,2.815842390060425
*NC(=O)NC(=O)c1ccc(C(=S)c2ccc(-c3ccc(*)s3)s2)s1,ei,5.1795,5.596363067626953
*NC(=O)NC(=O)c1ccc(C(=S)c2ccc(-c3ccc(*)s3)s2)s1,eps,6.31,6.561700820922852
*NC(=O)NC(=S)*,egc,3.4559,3.7570977210998535
*NC(=O)NC(S1)=CC=C1*,egc,3.228,3.727861166000366
*NC(=O)NCCCCCCC*,tg,62.0,111.51622772216797
*NC(=O)NCCCCCCCCC*,tg,125.0,63.62630081176758
*NC(=O)NCCCCCCCCCCNC(=O)NCCCCCCCCCCCCCC*,tg,40.0,83.60177612304688
*NC(=O)NCCCCCCNC(=O)Nc1cccc(*)n1,egc,4.99,4.971882343292236
*NC(=O)NCc1ccc(cc1)CNC(=O)NCCCCCCCC*,tg,68.0,66.95635986328125
*NC(=O)NCc1ccc(cc1)CNC(=O)NCCCCCCCCCCCCCC*,tg,54.0,64.35910034179688
*NC(=O)NO*,eea,1.9635,2.049027442932129
*NC(=O)NO*,egb,5.0658,4.712201118469238
*NC(=O)NO*,egc,5.5354,5.605838298797607
*NC(=O)NO*,ei,7.4857,6.961543083190918
*NC(=O)NO*,eps,5.14,4.817774295806885
*NC(=O)NO*,nc,1.8753,1.8536158800125122
*NC(=O)Nc1ccc(*)cc1,egb,3.4515,3.8034508228302
*NC(=O)Nc1ccc(*)cc1,nc,1.9598,1.9913209676742554
*NC(=O)Nc1ccc(*)s1,egb,3.137,2.8745343685150146
*NC(=O)Nc1ccc(*)s1,ei,4.8361,5.140951633453369
*NC(=O)Nc1ccc(*)s1,eps,4.94,5.186847686767578
*NC(=O)Nc1ccc(*)s1,nc,2.0074,2.0250701904296875
*NC(=O)OC(*)=O,ei,8.2121,7.585559368133545
*NC(=O)OC(*)=O,nc,1.7525,1.7530291080474854
*NC(=O)OC(*)=S,eea,3.7701,3.8322019577026367
*NC(=O)OC(*)=S,eps,5.76,5.7578277587890625
*NC(=O)OC(=O)*,egc,5.6538,5.881514549255371
*NC(=O)OC(C=C1)=CC=C1*,egc,4.5955,4.495533466339111
*NC(=O)Oc1ccc(*)cc1,nc,1.8802,1.8649803400039673
*NC(=O)Oc1ccc(*)s1,egb,3.4227,3.530402421951294
*NC(=O)Oc1ccc(*)s1,ei,5.369,5.929773330688477
*NC(=O)Oc1ccc(*)s1,eps,4.64,4.558695316314697
*NC(=O)Oc1ccc(*)s1,nc,1.9321,1.961684226989746
*NC(=O)c1c(c(c(c(c1Cl)Cl)C(=O)NCCCCCC*)Cl)Cl,tg,268.83,197.34579467773438
*NC(=O)c1c(cc(cc1)C(=O)NCC*)Sc1ccccc1,tg,172.0,157.88233947753906
*NC(=O)c1c(cc(cc1)C(=O)NCCCC*)Sc1ccccc1,tg,136.0,117.65291595458984
*NC(=O)c1c(cc(cc1)C(=O)NCCCCCC*)Oc1ccc(cc1)Cl,tg,112.5,135.81787109375
*NC(=O)c1c(cc(cc1)C(=O)NCCCCCC*)Oc1ccc(cc1)c1ccccc1,tg,112.0,125.20232391357422
*NC(=O)c1c(cc(cc1)C(=O)NCCCCCCCC*)Oc1ccccc1,tg,96.0,94.6210708618164
*NC(=O)c1c(cc(cc1)C(=O)NCCCCCCCCCC*)Oc1ccccc1,tg,94.0,87.40522003173828
*NC(=O)c1c(cc(cc1)C(=O)NCCCCCCCCCC*)Sc1ccccc1,tg,100.0,106.97722625732422
*NC(=O)c1c(cc(cc1)C(=O)NCCCCCCCCCCCC*)Oc1ccccc1,tg,75.0,83.33712768554688
*NC(=O)c1c(cc(cc1)C(=O)NCCCCCCCCCCCC*)Sc1ccccc1,tg,92.0,96.92205047607422
*NC(=O)c1c(cccc1)c1c(cccc1)C(=O)NCCCC1(c2ccccc2c2ccccc12)CCC*,tg,165.0,189.25592041015625
*NC(=O)c1c(cccc1)c1c(cccc1)C(=O)NCCCCCC*,tg,122.5,155.0417022705078
*NC(=O)c1c(cccc1)c1c(cccc1)C(=O)NCc1cc(ccc1)C*,tg,159.0,152.87521362304688
*NC(=O)c1cc(cc(c1)C(C)(C)C)C(=O)NCC(CCC(C*)C)C,tg,149.0,157.8010711669922
*NC(=O)c1cc(cc(c1)C(C)(C)C)C(=O)NCCC(C(CC*)C)C,tg,173.0,145.21401977539062
*NC(=O)c1cc(cc(c1)C(C)(C)C)C(=O)NCCCCCC*,tg,163.0,196.49185180664062
*NC(=O)c1cc(cc(c1)NC(=O)C(C(CC)C)N1C(=O)c2c(C1=O)cccc2)C(=O)NCCCCCC*,tg,135.0,139.1131591796875
*NC(=O)c1cc(cc(c1)NC(=O)c1ccc(cc1)NC(=O)C(CC(C)C)N1C(=O)c2c(C1=O)cccc2)C(=O)NCCCCCC*,tg,200.0,185.34951782226562
*NC(=O)c1cc(ccc1)C(=O)NCC(CCC*)(C)C,tg,153.0,133.71595764160156
*NC(=O)c1cc(ccc1)C(=O)NCCC(C(CC*)C)C,tg,125.0,139.45730590820312
*NC(=O)c1cc(ccc1)C(=O)NCCCC*,tg,141.0,114.65208435058594
*NC(=O)c1cc(ccc1)C(=O)NCCCC1(c2ccccc2c2ccccc12)CCC*,tg,175.0,146.93441772460938
*NC(=O)c1cc(ccc1)C(=O)NCCCCCC*,tg,121.6,138.385009765625
*NC(=O)c1cc(ccc1)C(=O)NCc1cc(cc(c1)C(C)(C)C)C*,tg,188.0,190.1042938232422
*NC(=O)c1cc(ccc1)C(=O)NCc1cc(ccc1)C*,tg,167.33,161.42880249023438
*NC(=O)c1ccc(-c2ccc(*)cc2)cc1,eea,2.3815,2.250352382659912
*NC(=O)c1ccc(-c2ccc(*)cc2)cc1,egb,2.6675,2.744457960128784
*NC(=O)c1ccc(-c2ccc(*)cc2)cc1,nc,2.0808,1.9996814727783203
*NC(=O)c1ccc(-c2ccc(*)cc2)s1,egb,1.9448,2.0303053855895996
*NC(=O)c1ccc(-c2ccc(*)cc2)s1,ei,5.5458,5.8225507736206055
*NC(=O)c1ccc(-c2ccc(*)cc2)s1,nc,2.2535,2.2401251792907715
*NC(=O)c1ccc(-c2ccc(*)s2)cc1,eea,2.1302,2.419558525085449
*NC(=O)c1ccc(-c2ccc(*)s2)cc1,ei,6.1434,5.553134918212891
*NC(=O)c1ccc(-c2ccc(*)s2)cc1,eps,5.23,5.57495641708374
*NC(=O)c1ccc(C(*)=O)s1,eea,3.408,3.0466291904449463
*NC(=O)c1ccc(C(*)=O)s1,ei,7.093,6.7048821449279785
*NC(=O)c1ccc(C(*)=O)s1,nc,2.034,2.064326286315918
*NC(=O)c1ccc(C(*)=S)cc1,ei,6.3279,6.647561550140381
*NC(=O)c1ccc(C(*)=S)cc1,eps,5.0,5.130677223205566
*NC(=O)c1ccc(C(*)=S)cc1,nc,1.971,2.0692362785339355
*NC(=O)c1ccc(C(*)=S)s1,egb,1.932,1.7304686307907104
*NC(=O)c1ccc(C(*)=S)s1,nc,2.2308,2.1905601024627686
*NC(=O)c1ccc(NC(=S)c2ccc(Nc3ccc(*)cc3)cc2)s1,eea,2.5831,2.8257575035095215
*NC(=O)c1ccc(NC(=S)c2ccc(Nc3ccc(*)cc3)cc2)s1,ei,5.2813,5.700263023376465
*NC(=O)c1ccc(NC(=S)c2ccc(Nc3ccc(*)cc3)cc2)s1,nc,2.2302,2.2283406257629395
*NC(=O)c1ccc(O*)cc1,ei,6.7472,6.683464527130127
*NC(=O)c1ccc(O*)cc1,eps,4.32,4.429171562194824
*NC(=O)c1ccc(O*)s1,egb,3.0418,3.1479358673095703
*NC(=O)c1ccc(O*)s1,ei,6.5697,6.532156944274902
*NC(=O)c1ccc(O*)s1,eps,4.85,4.900755405426025
*NC(=O)c1ccc(O*)s1,nc,1.969,1.9761629104614258
*NC(=O)c1ccc(cc1)C(=O)NCC(CC(CC*)(C)C)C,tg,148.0,143.12655639648438
*NC(=O)c1ccc(cc1)C(=O)NCC(CC(CC*)C)(C)C,tg,143.84,140.75816345214844
*NC(=O)c1ccc(cc1)C(=O)NCC(CC(CC*)CC)C,tg,139.0,172.0570831298828
*NC(=O)c1ccc(cc1)C(=O)NCC(CCC*)(C)C,tg,157.0,169.22308349609375
*NC(=O)c1ccc(cc1)C(=O)NCCC(CCC*)C(C)C,tg,146.5,138.29190063476562
*NC(=O)c1ccc(cc1)C(=O)NCCCC(CCC*)(C)C,tg,152.0,148.38385009765625
*NC(=O)c1ccc(cc1)C(=O)NCCCCC*,tg,177.0,143.60824584960938
*NC(=O)c1ccc(cc1)C(=O)NCCCCCCC*,tg,138.25,150.5816192626953
*NC(=O)c1ccc(cc1)C(=O)NCCCCCCCCCCCC*,tg,130.0,112.36284637451172
*NC(=O)c1ccc(cc1)C(=O)NCc1c(cc(c(c1)C)C*)C,tg,225.0,170.37286376953125
*NC(=O)c1ccc(cc1)C(c1ccc(cc1)C(=O)NCCCCCC*)(CC)C,tg,159.0,140.1065673828125
*NC(=O)c1ccc(cc1)CC(=O)NCCCC*,tg,84.0,104.4637451171875
*NC(=O)c1ccc(cc1)CC(=O)NCCCCC*,tg,103.0,103.63629150390625
*NC(=O)c1ccc(cc1)CC(=O)NCCCCCC*,tg,104.0,96.10952758789062
*NC(=S)C(=O)O*,eea,4.0646,4.279417991638184
*NC(=S)C(=O)O*,egc,2.4947,3.301482677459717
*NC(=S)C(=O)O*,eps,6.34,5.941908836364746
*NC(=S)C(=O)O*,nc,2.1342,2.1985082626342773
*NC(=S)C(S1)=CC=C1O*,egc,3.2187,3.181689739227295
*NC(=S)NC(*)=S,eea,4.2115,4.004937171936035
*NC(=S)NC(*)=S,egb,2.0315,2.062509298324585
*NC(=S)NC(*)=S,ei,7.0636,6.580434322357178
*NC(=S)NC(*)=S,nc,2.2528,2.1717231273651123
*NC(=S)NC(=S)*,egc,2.8537,3.093731641769409
*NC(=S)NC(C=C1)=CC=C1*,egc,3.4701,3.3966355323791504
*NC(=S)NCCCCCCC*,tg,52.0,57.44395065307617
*NC(=S)NCCCCCCCCC*,tg,48.0,51.57329559326172
*NC(=S)NO*,egc,3.4611,4.014036178588867
*NC(=S)NO*,nc,2.0671,1.9992703199386597
*NC(=S)Nc1ccc(*)cc1,egb,2.6405,2.7342259883880615
*NC(=S)Nc1ccc(*)cc1,eps,5.66,5.068892478942871
*NC(=S)Nc1ccc(Cc2ccc(*)cc2)cc1,egb,3.7898,3.129464626312256
*NC(=S)Nc1ccc(Cc2ccc(*)cc2)cc1,ei,5.378,5.796903133392334
*NC(=S)Nc1ccc(NC(=S)Nc2ccc(Cc3ccc(*)cc3)cc2)cc1,eps,4.55,4.816547870635986
*NC(=S)Nc1ccc(NC(=S)Nc2ccc(Cc3ccc(*)cc3)cc2)cc1,nc,1.9843,1.968762993812561
*NC(=S)Nc1ccc(NC(=S)Nc2ccc(Oc3ccc(*)cc3)cc2)cc1,eea,2.2298,2.605426073074341
*NC(=S)Nc1ccc(NC(=S)Nc2ccc(Oc3ccc(*)cc3)cc2)cc1,eps,5.43,5.028855323791504
*NC(=S)OC(*)=S,eea,4.0637,3.7588257789611816
*NC(=S)OC(*)=S,ei,6.6502,6.787569046020508
*NC(=S)OC(*)=S,eps,6.0,5.848313808441162
*NC(=S)c1ccc(C(*)=S)s1,egb,1.6122,1.7257192134857178
*NC(=S)c1ccc(C(*)=S)s1,eps,6.57,6.768549919128418
*NC(=S)c1ccc(O*)cc1,eea,2.5935,2.734584331512451
*NC(=S)c1ccc(O*)cc1,egb,2.6021,2.9520113468170166
*NC(=S)c1ccc(O*)cc1,ei,5.884,5.870446681976318
*NC(=S)c1ccc(O*)cc1,eps,4.57,4.716620922088623
*NC(=S)c1ccc(O*)cc1,nc,1.9858,1.97739839553833
*NC(=S)c1ccc(O*)s1,egb,2.3899,2.282578945159912
*NC(=S)c1ccc(O*)s1,ei,6.1012,6.002565383911133
*NC(=S)c1ccc(O*)s1,eps,5.61,5.230265140533447
*NC(C#N)=C(C#N)NC(=O)c1ccc(C(*)=O)cc1,egc,3.4817,3.7673404216766357
*NC(C(*)=O)C(C)CC,egc,5.462,6.042759418487549
*NC(C(*)=O)C(Cc1ccccc1)c1c[nH]cn1,egc,4.764,4.860718727111816
*NC(C(=O)*)CCC(=O)Nc1ccc(cc1)N(c1ccccc1)c1ccccc1,tg,132.0,111.3259506225586
*NC(C(=O)*)CCC(=O)OCC,tg,-27.33,-5.925302982330322
*NC(C(=O)*)CCC(=O)OCCCC,tg,-39.33,-45.76955032348633
*NC(C(=O)*)CCC(=O)OCCCCC,tg,-20.0,-42.93780517578125
*NC(C(=O)*)CCC(=O)OCCCCCC,tg,-48.33,-44.1879997253418
*NC(C(=O)*)CCC(=O)OCCCCCCCC,tg,-59.5,-44.22297286987305
*NC(C(=O)*)CCC(=O)OCc1ccc(cc1)C(F)(F)F,tg,26.57,60.51347732543945
*NC(C(=O)*)CCC(=O)OCc1ccc(cc1)F,tg,46.9,14.40691089630127
*NC(C(=O)*)CCC(=O)OCc1ccc(cc1)[N+](=O)[O-],tg,53.15,39.86912155151367
*NC(C)(C)C(*)=O,egc,6.1893,5.633763790130615
*NC(C)(C)C(C)(C)C(*)=O,egc,5.4856,5.604305744171143
*NC(C)(CC)C(*)=O,egc,5.7479,5.867410182952881
*NC(C)=CC(*)=O,egc,3.6072,4.7008280754089355
*NC(C)C(*)=O,egc,6.0729,5.7748565673828125
*NC(C)C(=O)NC(C)C(=O)NC(C(=O)NC(C(*)=O)C(C)C)C(C)C,egb,5.8867,4.5683794021606445
*NC(C)C(=O)NC(C)C(=O)NCC(*)=O,egc,5.7884,5.584604740142822
*NC(C)C(=O)NC(CCC(=O)OCC)C(=O)NCC(*)=O,egc,5.3361,5.730220794677734
*NC(C)C(=O)NCC(=O)NCC(=O)NCC(*)=O,egc,5.9084,5.447354793548584
*NC(C)C(=O)NCCCC(*)=O,egc,5.7766,5.626373767852783
*NC(C)CC(*)=O,egc,5.711,5.882646083831787
*NC(C)CCCCC(*)=O,egc,5.5854,6.033057689666748
*NC(C)CNC(=O)C1CC1C(*)=O,egc,5.5051,5.5562591552734375
*NC(C)CNC(=O)NC(CCCCNC(*)=O)C(=O)OC,egc,5.7921,5.638093948364258
*NC(C=C)CC(*)=O,egc,5.5439,5.4879679679870605
*NC(C=C1)=CC=C1C(=O)C(=S)*,egc,2.378,2.5642940998077393
*NC(C=C1)=CC=C1C(=O)C(S2)=CC=C2*,egc,2.9895,3.3663370609283447
*NC(C=C1)=CC=C1C(=S)C(C=C2)=CC=C2*,egc,2.322,2.6711485385894775
*NC(C=C1)=CC=C1C(C=C2)=CC=C2C(=S)*,egc,2.813,3.1098122596740723
*NC(C=C1)=CC=C1C(C=C2)=CC=C2C(C=C3)=CC=C3*,egc,3.4269,3.3823060989379883
*NC(C=C1)=CC=C1C(C=C2)=CC=C2C(S3)=CC=C3*,egc,2.8401,3.3296427726745605
*NC(C=C1)=CC=C1C(C=C2)=CC=C2O*,egc,4.0962,3.904792547225952
*NC(C=C1)=CC=C1C(S2)=CC=C2C(=S)*,egc,2.4476,2.467109441757202
*NC(C=C1)=CC=C1C(S2)=CC=C2C(S3)=CC=C3*,egc,3.3427,3.2674639225006104
*NC(C=C1)=CC=C1NC(S2)=CC=C2*,egc,3.8931,3.4160099029541016
*NC(C=C1)=CC=C1OC(=S)*,egc,3.7435,3.8193283081054688
*NC(C=C1)=CC=C1OC(C=C2)=CC=C2*,egc,3.6519,3.9269001483917236
*NC(C=C1)=CC=C1OC(S2)=CC=C2*,egc,4.2211,4.2778801918029785
*NC(CC(*)=O)C(=O)OC,egc,5.61,6.032530307769775
*NC(CC(*)=O)C(=O)OCC,egc,5.9557,5.921414852142334
*NC(CC(*)=O)C(=O)OCCCC,egc,6.151,6.002436637878418
*NC(CC(*)=O)C(=O)OCCCCCCCCCCCC,egc,5.8778,5.552911281585693
*NC(CC(*)=O)C(=O)OCCOC,egc,5.9247,5.772246837615967
*NC(CC(*)=O)c1ccccc1,egc,5.6573,4.982383728027344
*NC(CC(=O)*)C,tg,115.0,106.44086456298828
*NC(CC(=O)OCCC)C(*)=O,egc,5.0074,5.953766345977783
*NC(CC(=O)OCc1ccccc1)C(*)=O,egc,5.316,5.559121131896973
*NC(CC(C)C)C(*)=O,egc,6.106,5.719427108764648
*NC(CCC(*)=O)C(=O)O,egc,5.9301,5.808450698852539
*NC(CCC(*)=O)C(=O)OC,egc,5.6456,5.96921443939209
*NC(CCC(=O)OC)C(*)=O,egc,5.9283,5.7945942878723145
*NC(CCC(=O)OCCC)C(*)=O,egc,5.8843,5.640347003936768
*NC(CCC(=O)OCCCC)C(*)=O,egc,5.5734,5.956211090087891
*NC(CCC(=O)OCCCCCCCC)C(*)=O,egc,5.9976,5.533478736877441
*NC(CCC(=O)OCCCl)C(*)=O,egc,5.9169,5.876931667327881
*NC(CCC(=O)OCc1ccc(Cl)cc1)C(*)=O,egc,5.2897,4.8941121101379395
*NC(CCCCNC(*)=O)C(=O)OC,egc,6.2157,5.7120537757873535
*NC(CCCCNC(=O)CCCCC(*)=O)C(=O)O,egc,5.7987,5.891777038574219
*NC(CCCCNC(=O)NCCCCCNC(*)=O)C(=O)OC,egc,5.5834,5.628817558288574
*NC(CCCCNC(=O)NCCNC(*)=O)C(=O)OC,egc,5.4494,5.788092136383057
*NC(CCCNC(=O)c1ccc(Br)cc1)C(*)=O,egc,4.6803,3.7786903381347656
*NC(CCCNC(=O)c1ccc(F)cc1)C(*)=O,egc,4.7549,5.2313551902771
*NC(CSC(=O)OCc1ccccc1)C(*)=O,egc,5.0387,4.9343366622924805
*NC(CSSCc1ccccc1)C(*)=O,egc,4.9511,4.165639877319336
*NC(Cc1c[nH]c2ccccc12)C(*)=O,egc,4.3631,2.7472798824310303
*NC(Cc1ccc(O)cc1)C(*)=O,egc,4.9252,5.533271312713623
*NC(Cc1ccccc1)C(*)=O,egc,5.5152,5.232584476470947
*NC(F)(F)CC(*)(F)F,ei,8.5515,8.893654823303223
*NC(F)(F)CC(*)(F)F,eps,3.9,4.095943450927734
*NC(F)(F)CC(*)(F)F,nc,1.6205,1.6271333694458008
*NC(F)(F)NC(*)(F)F,eea,1.6576,1.2589545249938965
*NC(F)(F)NC(*)(F)F,egb,8.2637,7.931775093078613
*NC(S1)=CC=C1C(=O)C(=S)*,egc,2.1167,2.429529905319214
*NC(S1)=CC=C1C(C=C2)=CC=C2C(S3)=CC=C3*,egc,2.5627,2.6234123706817627
*NC(S1)=CC=C1C(S2)=CC=C2C(=O)*,egc,2.263,2.760690689086914
*NC(S1)=CC=C1C(S2)=CC=C2C(=S)*,egc,2.0192,2.1596872806549072
*NC(S1)=CC=C1NC(=S)*,egc,2.9073,3.1357719898223877
*NC(S1)=CC=C1NC(S2)=CC=C2*,egc,2.5847,3.103768825531006
*NC1(F)CC(C(F)F)C(*)C(F)(F)C1F,egc,6.3292,6.460575103759766
*NC1CC(C)(C)CC(C)(CNC(=O)CCCCC(*)=O)C1,egc,5.6216,5.652176380157471
*NC1CC(C2(C)OC(O)OC(C)NC2=O)C(F)(N(C(*)O)C(F)F)O1,egc,5.6343,5.661652565002441
*NC1CC(CC(C1)(CNC(=O)c1cc(cc(c1)NC(=O)C(C(CC)C)N1C(=O)c2c(C1=O)cccc2)C(=O)*)C)(C)C,tg,128.0,181.08688354492188
*NC1CCC(CC1)CC(NC(=O)CCCCC(=O)*)(C)C,tg,80.0,138.97915649414062
*NC1CCC(CC1)CC1CCC(CC1)NC(=O)CCCCC(=O)*,tg,173.33,138.1623992919922
*NC1CCC(CC1)CC1CCC(CC1)NC(=O)CCCCCCCCC(=O)*,tg,139.33,139.77676391601562
*NC1CCC(CC1)CC1CCC(CC1)NC(=O)CCCCCCCCCCC(=O)*,tg,139.67,129.84759521484375
*NC1CCC(CC1)CC1CCC(CC1)NC(=O)CCCCCCCCCCCCC(=O)*,tg,131.0,131.78932189941406
*NC1CCC(CC1)CCC1CCC(CC1)NC(=O)CCCCCCCCCCC(=O)*,tg,105.0,135.30226135253906
*NC1CCC(CC2CCC(NC(=O)CCCCCCCCCCC(*)=O)CC2)CC1,egc,5.7012,5.51194953918457
*NC1CCC(CCC2CCC(NC(=O)CCCCCCCCCCC(*)=O)CC2)CC1,egc,5.7235,5.754717826843262
*NC1CCCC1C(*)=O,egb,6.4002,6.0115556716918945
*NC1CCCC1C(*)=O,egc,5.8804,5.8896403312683105
*NC1NN(C(C(*)O)(C(F)(F)F)C(O)(Cl)C2(F)OC(O)C(O)C2O)O1,egc,5.0077,4.693426609039307
*NCC(F)(F)C(*)(F)F,eea,0.6587,1.4221524000167847
*NCC(F)(F)C(*)(F)F,egb,7.8675,7.066843509674072
*NCC(F)(F)C(*)(F)F,eps,4.32,3.3293354511260986
*NCC(F)(F)C(*)(F)F,nc,1.5942,1.654771089553833
*NCCCNC(=O)NC(*)=O,eea,0.6578,0.886184811592102
*NCCCNC(=O)NC(*)=O,egb,6.0227,5.673888683319092
*NCCCNC(=O)NC(*)=O,eps,4.19,3.8420825004577637
*NCCCNC(=O)NC(*)=O,nc,1.7499,1.6925647258758545
*NCNC(=O)OC(=O)NC(*)=O,eea,1.6859,1.223070740699768
*NCNC(=O)OC(=O)NC(*)=O,eps,4.67,4.325687885284424
*NCNC(=O)OC(=O)NC(*)=O,nc,1.7355,1.827250599861145
*NNC(=O)C(*)=O,egc,5.5325,4.562198638916016
*NNC(=O)C(=O)NNC(=O)CCCCC(*)=O,egc,4.5812,4.52766227722168
*NNC(=O)C(=O)NNC(=O)CCCCCCCC(*)=O,egb,3.7266,4.09492826461792
*NNC(=O)C(=O)NNC(=O)CCCCCCCC(*)=O,egc,4.4307,4.546469688415527
*NNC(=O)C1CCC(C(=O)NNC(=O)CCCCC(*)=O)CC1,egc,4.9352,5.553990364074707
*NNC(=O)C=CC(=O)NCCCCCCNC(=O)C=CC(=O)*,tg,102.4,220.05355834960938
*NNC(=O)CCC(=O)NNC(=O)CCCCC(*)=O,egc,5.7153,5.5315165519714355
*NNC(=O)CCC(=O)NNC(=O)CCCCCCCCC(*)=O,egc,5.7186,5.892406463623047
*NNC(=O)CCCCC(*)=O,egc,5.6711,5.720505237579346
*NNC(=O)CCCCCCCCC(*)=O,egc,6.0464,5.881075859069824
*NNC(=O)c1c(cc(cc1)C(=O)*)OCC,tg,240.0,248.5675506591797
*NNC(=O)c1c(cc(cc1)C(=O)*)OCCCCC,tg,234.0,192.6273956298828
*NNC(=O)c1c(cccc1)C(=O)NCCCCCCNC(=O)c1c(cccc1)C(=O)*,tg,224.5,87.59929656982422
*NNC(=O)c1c(cccc1)C(=O)Nc1cc(ccc1)C=C1C(=O)C(=Cc2cc(ccc2)NC(=O)c2c(cccc2)C(=O)*)CCC1,tg,195.0,254.6425018310547
*NNC(=O)c1c2c(c(cc1)C(=O)NNC(=O)c1ccc(cc1)[Si](c1ccc(cc1)C(=O)*)(c1ccccc1)c1ccccc1)cccc2,tg,271.5,258.6025695800781
*NNC(=O)c1cc(cc(c1)NC(=O)c1cc2c(C(=O)N(C2=O)c2ncc(cc2)C)cc1)C(=O)NNC(=O)C(=O)*,tg,146.4,142.0924835205078
*NNC(=O)c1cc(cc(c1)NC(=O)c1cc2c(C(=O)N(C2=O)c2ncc(cc2)C)cc1)C(=O)NNC(=O)c1ccc(cc1)C(=O)*,tg,145.6,173.99574279785156
*NNC(=O)c1cc(cc(c1)NC(=O)c1cc2c(C(=O)N(C2=O)c2ncccc2C)cc1)C(=O)NNC(=O)C(=O)*,tg,134.1,131.50802612304688
*NNC(=O)c1cc(cc(c1)NC(=O)c1cc2c(C(=O)N(C2=O)c2ncccc2C)cc1)C(=O)NNC(=O)CC(=O)*,tg,156.3,147.8516845703125
*NNC(=O)c1cc(cc(c1)NC(=O)c1cc2c(C(=O)N(C2=O)c2ncccc2C)cc1)C(=O)NNC(=O)CCCC(=O)*,tg,131.7,150.996337890625
*NNC(=O)c1cc(cc(c1)NC(=O)c1cc2c(C(=O)N(C2=O)c2ncccc2C)cc1)C(=O)NNC(=O)c1ccc(cc1)C(=O)*,tg,130.3,157.21078491210938
*NNC(=O)c1ccc(C(*)=O)cc1,egc,4.8451,4.636044502258301
*NNC(=O)c1ccc(C(*)=O)cc1OCCCCCCCC,egc,4.1277,4.143799304962158
*NNC(=O)c1ccc(C(*)=O)cc1OCCCCCCCCCC,egc,4.1107,4.116813659667969
*NNC(=O)c1ccc([Si](c2ccccc2)(c2ccccc2)c2ccc(C(*)=O)cc2)cc1,egc,4.754,4.686204433441162
*NNC(=O)c1cccc(C(*)=O)c1,egc,5.0927,4.830636501312256
*NNC(=O)c1cccc(C(=O)NNC(=O)C(*)=O)c1,egc,4.3275,4.572589874267578
*NNC(=O)c1cccc(C(=O)NNC(=O)CCCCCCCCC(*)=O)c1,egc,4.5398,4.593733787536621
*NNC(=S)c1ccc(C(*)=S)cc1,egc,3.4154,3.3333537578582764
*NOC(=O)NCC(=O)NC(*)=O,egb,4.9352,5.282001972198486
*NOC(=O)NCC(=O)NC(*)=O,ei,8.0693,6.707625865936279
*NOC(=O)NCC(=O)NC(*)=O,eps,5.02,4.748123645782471
*NOC(=O)NCC(=O)NC(*)=O,nc,1.7831,1.8110953569412231
*NOC(=O)O*,eea,1.6985,2.223672389984131
*NOC(=O)O*,egb,5.0089,5.888329029083252
*NOC(=S)O*,eea,2.7178,2.765758752822876
*NOC(=S)O*,egc,4.8496,4.983677864074707
*NOC(=S)O*,ei,7.5682,6.755521297454834
*NOC(=S)O*,nc,1.942,1.9098100662231445
*NOC(F)(F)C(*)(F)F,egb,6.3342,7.0489373207092285
*NOC(F)(F)C(*)(F)F,ei,9.0368,8.381341934204102
*NOC(F)(F)C(*)(F)F,eps,3.73,3.8099024295806885
*NOC(F)(F)C(*)(F)F,nc,1.6008,1.627342939376831
*NOc1ccc(O*)cc1,egb,4.5587,4.001413822174072
*NOc1ccc(O*)cc1,eps,4.11,4.286778450012207
*NOc1ccc(O*)cc1,nc,1.8691,1.8348939418792725
*NS(=O)Nc1cccc(*)n1,egc,4.5634,3.532372236251831
*Nc1c(Br)cc(*)cc1Br,egc,4.3604,3.5501201152801514
*Nc1c(Br)cc(C(*)=O)cc1Br,egc,3.8726,3.8865740299224854
*Nc1c(C)c(C)c(C(=O)c2ccc(NC(=O)c3ccc(C(*)=O)cc3)cc2)c(C)c1C,egc,3.4801,3.3530964851379395
*Nc1c(Cl)cc(*)cc1Cl,egc,4.3983,3.9895079135894775
*Nc1c(Cl)cc(C(*)=O)cc1Cl,egc,3.9189,4.081892490386963
*Nc1c(F)c(F)c(-c2ccc3cc(-c4ccc5c(c4)C(=O)N(c4cccc(*)c4)C5=O)ccc3c2)c(F)c1F,egc,2.918,2.85355806350708
*Nc1c(I)cc(C(*)=O)cc1I,egc,3.842,3.8343563079833984
*Nc1c(OC)cc(*)cc1OC,egc,3.4275,3.91835618019104
*Nc1c(c(c(c(c1C)C)C(=O)c1ccc(cc1)NC(=O)c1ccc(cc1)C(=O)*)C)C,tg,366.0,298.6826477050781
*Nc1c(cc(c(c1)[N+](=O)[O-])NC(=O)CCCCCCC(=O)*)C=Cc1ccc(cc1)N(C)C,tg,177.6,159.43624877929688
*Nc1c(cc(c(c1)[N+](=O)[O-])NC(=O)CCCCCCCCC(=O)*)C=Cc1ccc(cc1)N(C)C,tg,159.0,156.1683807373047
*Nc1c(cc(c(c1)[N+](=O)[O-])NC(=O)CCCCCCCCCCCCC(=O)*)C=Cc1ccc(cc1)N(C)C,tg,125.0,151.9109649658203
*Nc1c(cc(cc1)*)OC,tg,90.0,166.55368041992188
*Nc1c(cc(cc1)*)OCCCCCCCCCCOc1ccc(cc1)C1CCC(CC1)CCCCC,tg,54.0,77.19618225097656
*Nc1c(cc(cc1)Br)c1ccc(cc1)NC(=O)c1cc(ccc1)C(=O)*,tg,253.0,281.27618408203125
*Nc1c(cc(cc1)Br)c1ccc(cc1)NC(=O)c1ccc(cc1)C(=O)*,tg,267.0,245.63047790527344
*Nc1c(cc(cc1)NC(=O)c1ccc(cc1)NC(=O)CCCCCCCCC(=O)Nc1ccc(cc1)C(=O)*)C(=O)OCCCCCCCCCCCC,tg,228.5,218.55841064453125
*Nc1c(cc(cc1)NC(=O)c1ccc(cc1)NC(=O)CCCCCCCCC(=O)Nc1ccc(cc1)C(=O)*)C(=O)OCCCCCCCCCCCCCC,tg,225.0,220.33497619628906
*Nc1c(cc(cc1)NC(=O)c1ccc(cc1)NC(=O)CCCCCCCCC(=O)Nc1ccc(cc1)C(=O)*)C(=O)OCCCCCCCCCCCCCCCC,tg,220.0,250.2821807861328
*Nc1c(cc(cc1)NC(=O)c1ccc(cc1)NC(=O)CCCCCCCCC(=O)Nc1ccc(cc1)C(=O)*)C(=O)OCCCCCCCCCCCCCCCCCC,tg,280.0,230.88064575195312
*Nc1c(cc(cc1)NC(=O)c1ccc(cc1)NC(=O)CCCCCCCCCCC(=O)Nc1ccc(cc1)C(=O)*)C(=O)OCCCCCCCCCCCC,tg,205.5,198.9614715576172
*Nc1c(cc(cc1)NC(=O)c1ccc(cc1)NC(=O)CCCCCCCCCCC(=O)Nc1ccc(cc1)C(=O)*)C(=O)OCCCCCCCCCCCCCC,tg,199.5,197.67178344726562
*Nc1c(cc(cc1)NC(=O)c1ccc(cc1)NC(=O)CCCCCCCCCCC(=O)Nc1ccc(cc1)C(=O)*)C(=O)OCCCCCCCCCCCCCCCC,tg,199.5,208.03018188476562
*Nc1c(cc(cc1)NC(=O)c1ccc(cc1)NC(=O)CCCCCCCCCCCCC(=O)Nc1ccc(cc1)C(=O)*)C(=O)OCCCCCCCCCCCCCC,tg,204.5,230.7030487060547
*Nc1c(cc(cc1)NC(=O)c1ccc(cc1)NC(=O)CCCCCCCCCCCCC(=O)Nc1ccc(cc1)C(=O)*)C(=O)OCCCCCCCCCCCCCCCC,tg,250.0,202.8854217529297
*Nc1c(cc(cc1)c1cc(c(cc1)NC(=O)c1cc(ccc1)C(=O)*)O)O,tg,386.0,307.9872131347656
*Nc1c(cc(cc1)c1cc(c(cc1)NC(=O)c1cc(ccc1)C(=O)*)OC)OC,tg,218.2,266.19891357421875
*Nc1c(ccc(c1)NC(=O)C(=O)*)C,tg,-54.65,204.97496032714844
*Nc1c(ccc(c1)NC(=O)Nc1ccc(cc1)CCc1c(cccc1)NC(=O)*)C,tg,227.0,204.75050354003906
*Nc1c(ccc(c1)NC(=O)c1cc(cc(c1)NC(=O)C(C(CC)C)N1C(=O)c2c(C1=O)cccc2)C(=O)*)C,tg,166.0,231.90261840820312
*Nc1c(cccc1)CCc1ccc(cc1)NC(=O)*,tg,197.0,201.88067626953125
*Nc1c(cccc1)CCc1ccc(cc1)NC(=O)NCCCCCCNC(=O)*,tg,150.0,99.73588562011719
*Nc1c(cccc1)c1ccc(cc1)NC(=O)c1ccc(cc1)C(=O)*,tg,263.0,246.95199584960938
*Nc1c2c(ccc1)c(ccc2)NC(=O)Nc1cc(cc(c1)C(=O)Nc1c2C(=O)c3c(C(=O)c2ccc1)cccc3)NC(=O)*,tg,185.0,188.84429931640625
*Nc1c2c(ccc1)c(ccc2)NC(=O)Nc1cc(cc(c1)C(=O)Nc1ccc2C(=O)c3c(C(=O)c2c1)cccc3)NC(=O)*,tg,178.0,170.55453491210938
*Nc1c2c(ccc1)c(ccc2)NC(=O)c1cc(cc(c1)NC(=O)C(CCSC)N1C(=O)c2c(C1=O)cccc2)C(=O)*,tg,198.0,201.62228393554688
*Nc1c2c(ccc1)c(ccc2)NC(=O)c1ccc(cc1)C(=O)*,tg,305.0,270.2106018066406
*Nc1c2c(ccc1)c(ccc2)N[Se]*,tg,53.0,73.52650451660156
*Nc1cc(*)ccc1CCCCCC,egc,4.1073,4.017448425292969
*Nc1cc(*)ccc1CCCCCCCCCCCC,egc,4.025,4.022522449493408
*Nc1cc(*)ccc1N,egc,3.7339,4.012880802154541
*Nc1cc(Br)c(*)cc1Br,egc,3.1464,3.9522228240966797
*Nc1cc(C(c2ccc(O)c(NC(=O)c3ccc(C(*)=O)cc3)c2)(C(F)(F)F)C(F)(F)F)ccc1O,egc,3.6515,4.03325080871582
*Nc1cc(C(c2ccc(O)c(NC(=O)c3ccc4cc(C(*)=O)ccc4c3)c2)(C(F)(F)F)C(F)(F)F)ccc1O,egc,3.7695,3.227295160293579
*Nc1cc(C)c(*)cc1C,egc,3.9275,3.428309679031372
*Nc1cc(F)c(*)cc1F,egc,3.4723,3.730529546737671
*Nc1cc(NC(=O)c2ccc(-c3ccc(C(*)=O)cc3)cc2)cc(C(=O)OCCOc2ccc(C=CC(=O)c3ccccc3)cc2)c1,egc,3.5149,3.1631240844726562
*Nc1cc(NC(=O)c2ccc(C(*)=O)cc2)cc(C(=O)OCCOc2ccc(C=CC(=O)c3ccccc3)cc2)c1,egc,3.1709,3.1931655406951904
*Nc1cc(NC(=O)c2ccc3cc(C(*)=O)ccc3c2)cc(C(=O)OCCOc2ccc(C=CC(=O)c3ccccc3)cc2)c1,egc,2.7406,3.1384637355804443
*Nc1cc(NC(=O)c2cccc(C(*)=O)c2)c(N)cc1N,egc,3.509,3.7181599140167236
*Nc1cc(OC)c(*)cc1OC,egc,3.2172,2.9943478107452393
*Nc1cc(OCC)c(*)cc1OCC,egc,3.3635,4.106232643127441
*Nc1cc(cc(c1)C(=O)Nc1c2C(=O)c3c(C(=O)c2ccc1)cccc3)NC(=O)NC1CCC(CC1)CC1CCC(CC1)NC(=O)*,tg,156.0,213.67283630371094
*Nc1cc(cc(c1)C(=O)Nc1c2C(=O)c3c(C(=O)c2ccc1)cccc3)NC(=O)Nc1ccc(cc1)Cc1ccc(cc1)NC(=O)*,tg,178.0,181.3920440673828
*Nc1cc(cc(c1)C(=O)Nc1c2C(=O)c3c(C(=O)c2ccc1)cccc3)NC(=O)Nc1ccc(cc1)NC(=O)*,tg,190.0,187.02235412597656
*Nc1cc(cc(c1)C(=O)Nc1ccc2C(=O)c3c(C(=O)c2c1)cccc3)NC(=O)NC1CCC(CC1)CC1CCC(CC1)NC(=O)*,tg,148.0,204.76785278320312
*Nc1cc(cc(c1)C(=O)Nc1ccc2C(=O)c3c(C(=O)c2c1)cccc3)NC(=O)Nc1ccc(cc1)Cc1ccc(cc1)NC(=O)*,tg,168.0,173.38015747070312
*Nc1cc(cc(c1)C(=O)Nc1ccc2C(=O)c3c(C(=O)c2c1)cccc3)NC(=O)Nc1ccc(cc1)NC(=O)*,tg,184.0,182.84658813476562
*Nc1cc(cc(c1)C(=O)OC(c1ccccc1)c1ccccc1)NC(=O)c1ccc(cc1)C(=O)*,tg,217.0,203.57345581054688
*Nc1cc(cc(c1)C(=O)OC)NC(=O)c1cc(cc(c1)OCCN(c1ccc(cc1)[N+](=O)[O-])C)C(=O)*,tg,177.0,185.36415100097656
*Nc1cc(cc(c1)C(=O)OC1C(CCC(C1)C)C(C)C)NC(=O)c1cc(cc(c1)OCCN(c1ccc(cc1)[N+](=O)[O-])C)C(=O)*,tg,193.0,207.0087127685547
*Nc1cc(cc(c1)C(=O)OCCCN(c1ccc(cc1)N=Nc1ccc(cc1)S(=O)(=O)C)C)NC(=O)c1cc(cc(c1)OCCCN(c1ccc(cc1)N=Nc1ccc(cc1)S(=O)(=O)C)C)C(=O)*,tg,168.0,158.01844787597656
*Nc1cc(cc(c1)C(=O)OCCCN(c1ccc(cc1)N=Nc1ccc(cc1)S(=O)(=O)C)C)NC(=O)c1cc(cc(c1)OCCCS(=O)(=O)c1ccc(cc1)N=Nc1ccc(cc1)N(C)C)C(=O)*,tg,166.0,180.42730712890625
*Nc1cc(cc(c1)C(=O)OCCN(c1ccc(cc1)C#N)C)NC(=O)c1cc(cc(c1)OCCN(c1ccc(cc1)C#N)C)C(=O)*,tg,167.0,164.27737426757812
*Nc1cc(cc(c1)C(=O)OCCN(c1ccc(cc1)C#N)C)NC(=O)c1cc(cc(c1)OCCN(c1ccc(cc1)S(=O)(=O)C(C(C(C(C(C(C(C(F)(F)F)(F)F)(F)F)(F)F)(F)F)(F)F)(F)F)(F)F)C)C(=O)*,tg,157.0,153.5228271484375
*Nc1cc(cc(c1)C(=O)OCCOC(=O)C=Cc1ccc(cc1)N(C)C)NC(=O)c1ccc(cc1)C(=O)*,tg,198.0,180.300048828125
*Nc1cc(cc(c1)C(=O)OCCOc1ccc(cc1)C=CC(=O)c1ccccc1)NC(=O)c1cc(ccc1)C(=O)*,tg,216.0,219.8868408203125
*Nc1cc(cc(c1)C(=O)OCCOc1ccc(cc1)C=CC(=O)c1ccccc1)NC(=O)c1ccc(cc1)c1ccc(cc1)C(=O)*,tg,254.0,215.40228271484375
*Nc1cc(cc(c1)C(=O)Oc1ccc(cc1)Oc1cc(c(cc1)C#N)C#N)NC(=O)c1cc(ccc1)C(=O)*,tg,305.0,187.251953125
*Nc1cc(cc(c1)C(=O)Oc1ccc(cc1)c1ccccc1)NC(=O)c1ccc(cc1)C(=O)*,tg,178.0,196.3306121826172
*Nc1cc(cc(c1)C(=O)Oc1ccccc1)NC(=O)c1ccc(cc1)C(=O)*,tg,200.0,219.2520294189453
*Nc1cc(cc(c1)c1c(=O)oc2c(cccc2)n1)NC(=O)c1ccc(cc1)C(=O)*,tg,103.0,147.90794372558594
*Nc1cc(cc(c1)c1nc2c([nH]1)cccc2)NC(=O)c1ccc(cc1)C(=O)*,tg,267.5,344.1460876464844
*Nc1cc(cc(c1)c1oc(nn1)c1ncccc1)NC(=O)CCCCC(=O)*,tg,159.0,65.4888687133789
*Nc1cc(cc(c1)c1oc(nn1)c1ncccc1)NC(=O)c1c(cccc1)C(=O)*,tg,90.0,243.43406677246094
*Nc1cc(cc(c1)c1oc(nn1)c1ncccc1)NC(=O)c1ccc(cc1)C(=O)*,tg,230.0,105.38804626464844
*Nc1cc(ccc1)C(=O)c1ccc(cc1)NC(=O)c1cc(ccc1)C(=O)c1ccc(cc1)C(=O)*,tg,215.0,226.5115203857422
*Nc1cc(ccc1)C=Cc1ccc(cc1)NC(=O)c1cc(ccc1)C(=O)*,tg,272.0,271.2937316894531
*Nc1cc(ccc1)CCc1ccc(cc1)NC(=O)c1ccc(cc1)C(=O)*,tg,203.0,249.4534912109375
*Nc1cc(ccc1)NC(=O)CCCCC(=O)*,tg,113.35,100.21798706054688
*Nc1cc(ccc1)NC(=O)CCCCC(=O)Nc1cc(ccc1)NC(=S)NC(=O)c1ccc(cc1)C(=O)NC(=S)*,tg,241.0,254.2960662841797
*Nc1cc(ccc1)NC(=O)CCCCC(=O)Nc1ccc(cc1)C(=O)NC(=S)*,tg,267.0,258.14849853515625
*Nc1cc(ccc1)NC(=O)CCCCCCCCC(=O)Nc1ccc(cc1)C(=O)NC(=S)*,tg,265.0,218.43788146972656
*Nc1cc(ccc1)NC(=O)Cc1c(cc(c(c1)C)CC(=O)*)C,tg,249.0,146.19947814941406
*Nc1cc(ccc1)NC(=O)Nc1ccc(cc1)Cc1ccc(cc1)NC(=O)*,tg,132.0,174.93344116210938
*Nc1cc(ccc1)NC(=O)c1cc(cc(c1)NC(=O)c1ccccc1)C(=O)*,tg,300.0,287.9059143066406
*Nc1cc(ccc1)NC(=O)c1cc(cc(c1)NC(=O)c1ccncc1)C(=O)*,tg,321.0,309.46942138671875
*Nc1cc(ccc1)NC(=O)c1cc(cc(c1)S(=O)(=O)c1ccccc1)C(=O)*,tg,277.0,275.5171813964844
*Nc1cc(ccc1)NC(=O)c1cc(ccc1)C(=O)Nc1cc(ccc1)NC(=S)NC(=O)CCCCC(=O)NC(=S)*,tg,242.0,216.07650756835938
*Nc1cc(ccc1)NC(=O)c1cc(ccc1)C(=O)Nc1cc(ccc1)NC(=S)NC(=O)c1cc(ccc1)C(=O)NC(=S)*,tg,244.0,259.32781982421875
*Nc1cc(ccc1)NC(=O)c1cc(ccc1)C(=O)Nc1ccc(cc1)C(=O)NC(=S)*,tg,270.0,263.6136474609375
*Nc1cc(ccc1)NC(=O)c1ccc(cc1)C(=O)Nc1cc(ccc1)NC(=S)NC(=O)c1ccc(cc1)C(=O)NC(=S)*,tg,258.0,233.56874084472656
*Nc1ccc(*)cc1,eea,0.9827,1.682812213897705
*Nc1ccc(*)cc1,egc,4.0074,3.7183010578155518
*Nc1ccc(*)cc1,ei,4.9916,5.216123104095459
*Nc1ccc(*)cc1,nc,2.124,1.935922622680664
*Nc1ccc(*)cc1C,egc,3.5769,3.991339921951294
*Nc1ccc(*)cc1C(C)CC,egc,3.553,3.5938382148742676
*Nc1ccc(*)cc1CCCCCCCCCCCCCCC,egc,3.3286,3.3400986194610596
*Nc1ccc(*)cc1CO,egc,3.7131,3.852294921875
*Nc1ccc(*)cc1F,egc,3.5047,3.2794933319091797
*Nc1ccc(*)cc1O,egc,3.4121,3.6558167934417725
*Nc1ccc(*)cc1OCCCCCCCCCCCC,egc,3.5203,3.045948028564453
*Nc1ccc(*)nc1,egc,3.2295,4.0955891609191895
*Nc1ccc(-c2ccc(*)cc2)c(C)c1,egc,3.3791,3.300349473953247
*Nc1ccc(-c2ccc(-c3ccc(*)cc3)cc2)cc1,eea,1.5312,1.508043885231018
*Nc1ccc(-c2ccc(-c3ccc(*)cc3)cc2)cc1,egb,2.9094,2.685180187225342
*Nc1ccc(-c2ccc(-c3ccc(*)cc3)cc2)cc1,ei,4.7817,5.12418794631958
*Nc1ccc(-c2ccc(-c3ccc(*)cc3)cc2)cc1,eps,4.29,5.029972553253174
*Nc1ccc(-c2ccc(-c3ccc(*)cc3)s2)cc1,egb,1.8163,2.0405311584472656
*Nc1ccc(-c2ccc(-c3ccc(*)cc3)s2)cc1,eps,5.91,6.109220027923584
*Nc1ccc(-c2ccc(-c3ccc(*)s3)cc2)cc1,eea,1.8885,1.9518449306488037
*Nc1ccc(-c2ccc(-c3ccc(*)s3)cc2)cc1,eps,5.94,5.643352508544922
*Nc1ccc(-c2ccc(-c3ccc(*)s3)cc2)s1,eea,2.0751,2.35332989692688
*Nc1ccc(-c2ccc(-c3ccc(*)s3)cc2)s1,egb,1.6397,1.716572880744934
*Nc1ccc(-c2ccc(-c3ccc(*)s3)cc2)s1,nc,2.4847,2.3274552822113037
*Nc1ccc(-c2ccc(-c3ccc(*)s3)s2)cc1,egb,2.587,1.8916735649108887
*Nc1ccc(-c2ccc(-c3ccc(*)s3)s2)cc1,ei,4.896,4.922362804412842
*Nc1ccc(-c2ccc(-c3ccc(*)s3)s2)s1,egb,1.5003,1.6720702648162842
*Nc1ccc(-c2ccc(-c3ccc(*)s3)s2)s1,ei,4.3058,4.792762279510498
*Nc1ccc(-c2ccc(-c3ccc(*)s3)s2)s1,eps,7.17,6.334713459014893
*Nc1ccc(-c2ccc(-c3ccc(*)s3)s2)s1,nc,2.5509,2.5498995780944824
*Nc1ccc(-c2ccc(C(*)=O)s2)s1,ei,5.182,5.322412967681885
*Nc1ccc(-c2ccc(C(*)=O)s2)s1,nc,2.393,2.4928324222564697
*Nc1ccc(-c2ccc(C(*)=S)cc2)cc1,eea,2.5787,2.3792214393615723
*Nc1ccc(-c2ccc(C(*)=S)cc2)cc1,ei,5.3872,5.478100776672363
*Nc1ccc(-c2ccc(C(*)=S)cc2)cc1,eps,4.84,5.112855434417725
*Nc1ccc(-c2ccc(C(*)=S)cc2)cc1,nc,2.1003,2.0649452209472656
*Nc1ccc(-c2ccc(C(*)=S)cc2)s1,eea,2.3374,2.444333076477051
*Nc1ccc(-c2ccc(C(*)=S)cc2)s1,egb,2.3796,2.209487199783325
*Nc1ccc(-c2ccc(C(*)=S)cc2)s1,eps,5.47,5.874734401702881
*Nc1ccc(-c2ccc(C(*)=S)s2)cc1,eea,3.1722,3.3159615993499756
*Nc1ccc(-c2ccc(C(*)=S)s2)cc1,egb,1.4764,1.5055898427963257
*Nc1ccc(-c2ccc(C(*)=S)s2)cc1,eps,6.84,6.547616004943848
*Nc1ccc(-c2ccc(C(*)=S)s2)cc1,nc,2.4805,2.460620403289795
*Nc1ccc(-c2ccc(C(*)=S)s2)s1,eea,3.3026,2.8407607078552246
*Nc1ccc(-c2ccc(C(*)=S)s2)s1,nc,2.7581,2.429097890853882
*Nc1ccc(-c2ccc(C(=S)c3ccc(-c4ccc(Nc5ccc(*)cc5)s4)s3)s2)s1,eps,6.88,6.983121395111084
*Nc1ccc(-c2ccc(C(=S)c3ccc(-c4ccc(Nc5ccc(*)cc5)s4)s3)s2)s1,nc,2.4299,2.407392740249634
*Nc1ccc(-c2ccc(NC(=C(C#N)C#N)c3ccc(-c4ccc(C(*)=C(C#N)C#N)cc4)cc3)cc2)cc1,egc,2.7741,2.6570706367492676
*Nc1ccc(-c2ccc(NC(=O)CCCCCCCCC(*)=O)c(O)c2)cc1O,egc,3.9935,4.090014457702637
*Nc1ccc(-c2ccc(NC(=O)c3cc(C(*)=O)cc(S(=O)(=O)c4ccccc4)c3)cc2)cc1,egb,2.4795,2.130095958709717
*Nc1ccc(-c2ccc(NC(=O)c3cc(C(=O)O)c(C(*)=O)cc3C(=O)O)cc2)cc1,egc,3.2555,2.9719910621643066
*Nc1ccc(-c2ccc(NC(=O)c3cc(NC(=O)c4ccncc4)cc(C(*)=O)c3)cc2)cc1,egc,3.2688,3.113102674484253
*Nc1ccc(-c2ccc(NC(=O)c3ccc(C(*)=O)cc3)cc2)cc1,egc,3.3951,3.3194022178649902
*Nc1ccc(-c2ccc(NC(=O)c3cccc(C(*)=O)c3)cc2)cc1,egc,3.4939,3.3151371479034424
*Nc1ccc(-c2ccc(NC3=CC(=O)C(*)=CC3=O)cc2)cc1,egc,2.1114,2.883105993270874
*Nc1ccc(-c2ccc(Nc3ccc4c(c3)c3cc(*)ccc3n4CC(CC)CCCC)cc2)cc1,egc,3.3558,3.436174154281616
*Nc1ccc(-c2ccc(O*)cc2)cc1,eps,4.41,4.1662774085998535
*Nc1ccc(Br)cc1-c1ccc(NC(=O)c2ccc(C(*)=O)cc2)cc1,egb,2.9894,2.490971088409424
*Nc1ccc(Br)cc1-c1ccc(NC(=O)c2ccc(C(*)=O)cc2)cc1,egc,3.4431,3.5252199172973633
*Nc1ccc(C#Cc2ccc(C(*)=O)cc2)cc1,egc,2.946,3.5822067260742188
*Nc1ccc(C(*)=O)cc1,egc,3.7503,3.8232645988464355
*Nc1ccc(C(=O)C(*)=S)cc1,eea,4.0513,3.693309783935547
*Nc1ccc(C(=O)C(*)=S)cc1,ei,6.3689,6.475095272064209
*Nc1ccc(C(=O)C(*)=S)cc1,eps,5.95,5.9417009353637695
*Nc1ccc(C(=O)C(*)=S)cc1,nc,2.2161,2.2038516998291016
*Nc1ccc(C(=O)O*)cc1,egb,3.977,3.4868111610412598
*Nc1ccc(C(=O)O*)cc1,nc,1.8988,1.889393925666809
*Nc1ccc(C(=O)O*)s1,eea,2.6486,2.5384082794189453
*Nc1ccc(C(=O)O*)s1,ei,6.0364,6.277101516723633
*Nc1ccc(C(=O)c2ccc(*)s2)cc1,eea,2.4618,2.6754534244537354
*Nc1ccc(C(=O)c2ccc(*)s2)cc1,eps,6.11,6.0821146965026855
*Nc1ccc(C(=O)c2ccc(*)s2)cc1,nc,2.186,2.246741771697998
*Nc1ccc(C(=O)c2ccc(*)s2)s1,eea,3.0129,2.8673980236053467
*Nc1ccc(C(=O)c2ccc(*)s2)s1,egb,1.7108,1.4687546491622925
*Nc1ccc(C(=O)c2ccc(*)s2)s1,ei,5.2456,5.46315336227417
*Nc1ccc(C(=O)c2ccc(*)s2)s1,eps,8.01,6.711781978607178
*Nc1ccc(C(=O)c2ccc(*)s2)s1,nc,2.5062,2.489880084991455
*Nc1ccc(C(=O)c2ccc(NC(=O)c3ccc(C(*)=O)cc3)cc2)cc1,egc,3.6944,3.2932164669036865
*Nc1ccc(C(=S)c2ccc(*)cc2)cc1,egb,1.8785,1.6170283555984497
*Nc1ccc(C(=S)c2ccc(*)cc2)cc1,ei,5.3904,5.532840728759766
*Nc1ccc(C(=S)c2ccc(*)cc2)cc1,eps,6.72,5.990160942077637
*Nc1ccc(C(=S)c2ccc(*)cc2)cc1,nc,2.3239,2.3798258304595947
*Nc1ccc(C(=S)c2ccc(*)cc2)s1,eea,2.9139,2.9098734855651855
*Nc1ccc(C(=S)c2ccc(*)cc2)s1,egb,1.7781,2.119858980178833
*Nc1ccc(C(=S)c2ccc(*)cc2)s1,eps,6.46,6.279839038848877
*Nc1ccc(C(=S)c2ccc(*)s2)s1,ei,5.2424,5.179065227508545
*Nc1ccc(C(=S)c2ccc(*)s2)s1,eps,6.36,7.810972213745117
*Nc1ccc(C(C)(C)c2ccc(NC(=O)c3cc(C(*)=O)cc(N4C(=O)C5C6CCC(C6)C5C4=O)c3)cc2)cc1,egc,4.0843,3.3073277473449707
*Nc1ccc(C=Cc2ccc(NC(=C(C#N)C#N)c3ccc(C(*)=C(C#N)C#N)cc3)cc2)cc1,egc,2.0414,3.0697224140167236
*Nc1ccc(CC(C)(C)NC(=O)CCCCCCCCC(*)=O)cc1,egc,4.455,4.546165466308594
*Nc1ccc(Cc2ccc(NC(=O)c3cc(C(*)=O)cc(N4C(=O)C5C6CCC(C6)C5C4=O)c3)cc2)cc1,egc,3.4808,3.8554325103759766
*Nc1ccc(Cc2ccc(NC(=O)c3cc(C(*)=O)cc(N4C(=O)C=CC4=O)c3)cc2)cc1,egc,2.1937,3.2246696949005127
*Nc1ccc(Cc2ccc(NC(=O)c3cc(NC(=O)c4ccncc4)cc(C(*)=O)c3)cc2)cc1,egc,3.497,3.4865314960479736
*Nc1ccc(Cc2ccc(NC(=O)c3ccc(P(=O)(c4ccccc4)c4ccc(C(*)=O)cc4)cc3)cc2)cc1,egc,3.0916,3.7572178840637207
*Nc1ccc(NC(*)=S)s1,eea,2.2133,2.504521608352661
*Nc1ccc(NC(*)=S)s1,egb,2.1538,2.4370782375335693
*Nc1ccc(NC(*)=S)s1,eps,5.78,5.569782733917236
*Nc1ccc(NC(*)=S)s1,nc,2.19,2.1772005558013916
*Nc1ccc(NC(=O)C=CC(*)=O)cc1,egc,2.7273,3.4211785793304443
*Nc1ccc(NC(=O)C=Cc2ccc(C=CC(*)=O)cc2)cc1,egc,3.0305,2.598287582397461
*Nc1ccc(NC(=O)CCC(*)=O)cc1,egc,4.4554,4.330905437469482
*Nc1ccc(NC(=O)CCCC(*)=O)cc1,egc,3.9291,4.428598880767822
*Nc1ccc(NC(=O)CCCCC(*)=O)cc1,egc,4.5219,4.294295787811279
*Nc1ccc(NC(=O)CCCCCCCC(*)=O)cc1,egc,4.5152,4.441103935241699
*Nc1ccc(NC(=O)CCCCCCCCC(*)=O)cc1,egc,4.5375,4.470858573913574
*Nc1ccc(NC(=O)NC(=O)NC(*)=O)s1,eea,1.5146,1.7165875434875488
*Nc1ccc(NC(=O)NC(=O)NC(*)=O)s1,egb,3.2632,3.5070948600769043
*Nc1ccc(NC(=O)NC(=O)NC(*)=O)s1,eps,5.34,4.771456241607666
*Nc1ccc(NC(=O)NC(=O)NC(*)=O)s1,nc,1.9797,2.0684728622436523
*Nc1ccc(NC(=O)NONC(*)=O)s1,eea,1.3385,2.0645267963409424
*Nc1ccc(NC(=O)NONC(*)=O)s1,ei,5.6948,5.973376750946045
*Nc1ccc(NC(=O)c2cc(NC(=O)c3ccc(NC(=O)C(C)N4C(=O)c5ccccc5C4=O)cc3)cc(C(*)=O)c2)cc1C,egc,2.319,2.489692449569702
*Nc1ccc(NC(=O)c2cc(NC(=O)c3ccccc3)cc(C(*)=O)c2)cc1,egc,3.3958,3.4266555309295654
*Nc1ccc(NC(=O)c2ccc(C(=O)c3ccc(C(*)=O)c(C(=O)O)c3)cc2C(=O)O)cc1,egc,3.0554,3.2279410362243652
*Nc1ccc(NC(=O)c2ccc(NC(=O)c3cc(NC(=O)C45CC6CC(CC(C6)C4)C5)cc(C(*)=O)c3)cc2)cc1,egc,3.1839,3.6563565731048584
*Nc1ccc(NC(=O)c2cccc(C(*)=O)c2)cc1,egc,3.551,3.714257001876831
*Nc1ccc(NC(=S)NC(=O)c2ccc(C(=O)NC(*)=S)cc2)cc1,egc,2.6945,3.2481844425201416
*Nc1ccc(NC(=S)NC(=O)c2cccc(C(=O)NC(*)=S)c2)cc1,egc,3.3129,2.781860113143921
*Nc1ccc(NO*)cc1,eps,4.2,4.786541938781738
*Nc1ccc(NO*)cc1,nc,1.8848,1.9665625095367432
*Nc1ccc(Nc2ccc(*)cc2)cc1C(=O)O,egc,2.6737,3.5699615478515625
*Nc1ccc(Nc2ccc(*)s2)cc1,eea,1.0698,1.3044450283050537
*Nc1ccc(Nc2ccc(*)s2)cc1,egb,2.8374,3.1565675735473633
*Nc1ccc(Nc2ccc(*)s2)cc1,eps,5.07,4.841928482055664
*Nc1ccc(Nc2ccc(*)s2)s1,eea,1.4393,1.301568865776062
*Nc1ccc(Nc2ccc(*)s2)s1,ei,4.0261,4.480862617492676
*Nc1ccc(OC(*)=S)cc1,egb,3.2479,3.186450958251953
*Nc1ccc(OC(*)=S)cc1,ei,5.9088,5.677807331085205
*Nc1ccc(OC(*)=S)cc1,eps,4.5,4.663202285766602
*Nc1ccc(OC(*)=S)cc1,nc,1.9514,1.9553320407867432
*Nc1ccc(OC(*)=S)s1,ei,5.6596,5.5975542068481445
*Nc1ccc(OC(*)=S)s1,eps,5.02,4.986938953399658
*Nc1ccc(Oc2ccc(*)cc2)cc1,eea,1.1501,1.1482905149459839
*Nc1ccc(Oc2ccc(*)cc2)cc1,egb,3.2074,3.287306308746338
*Nc1ccc(Oc2ccc(*)cc2)cc1,ei,4.8032,5.3668694496154785
*Nc1ccc(Oc2ccc(*)cc2)cc1,eps,4.38,4.324075222015381
*Nc1ccc(Oc2ccc(*)cc2)cc1,nc,1.9297,1.980600357055664
*Nc1ccc(Oc2ccc(*)s2)cc1,ei,5.3817,5.311058521270752
*Nc1ccc(Oc2ccc(*)s2)cc1,nc,1.9073,1.9188677072525024
*Nc1ccc(Oc2ccc(*)s2)s1,egb,3.9124,3.502932071685791
*Nc1ccc(Oc2ccc(*)s2)s1,eps,4.14,4.332761764526367
*Nc1ccc(Oc2ccc(*)s2)s1,nc,1.9001,1.8947975635528564
*Nc1ccc(cc1)C(=O)c1ccc(cc1)NC(=O)c1cc(ccc1)C(=O)*,tg,253.2,256.8208923339844
*Nc1ccc(cc1)C(=O)c1ccc(cc1)NC(=O)c1ccc(cc1)C(=O)*,tg,300.0,249.58615112304688
*Nc1ccc(cc1)C(c1ccc(cc1)NC(=O)c1cc(cc(c1)C(C)(C)C)C(=O)*)(C(F)(F)F)C(F)(F)F,tg,284.1,305.5845642089844
*Nc1ccc(cc1)C(c1ccc(cc1)NC(=O)c1cc(cc(c1)C(C)(C)C)C(=O)*)(P1(=O)c2ccccc2c2ccccc2O1)P1(=O)c2ccccc2c2ccccc2O1,tg,235.0,243.33497619628906
*Nc1ccc(cc1)C(c1ccc(cc1)NC(=O)c1cc(cc(c1)N1C(=O)C2C(C1=O)C1CCC2C1)C(=O)*)(C)C,tg,311.0,300.6028137207031
*Nc1ccc(cc1)C(c1ccc(cc1)NC(=O)c1cc(cc(c1)NC(=O)C12CC3CC(CC(C1)C3)C2)C(=O)*)(C(F)(F)F)C(F)(F)F,tg,365.0,337.52069091796875
*Nc1ccc(cc1)C(c1ccc(cc1)NC(=O)c1cc(cc(c1)NC(=O)CCCCCN1C(=O)c2c(C1=O)cccc2)C(=O)*)(C(F)(F)F)C(F)(F)F,tg,225.0,215.3613739013672
*Nc1ccc(cc1)C(c1ccc(cc1)NC(=O)c1cc(cc(c1)NC(=O)CCCN1C(=O)c2c(C1=O)cccc2)C(=O)*)(C(F)(F)F)C(F)(F)F,tg,240.0,238.7609100341797
*Nc1ccc(cc1)C(c1ccc(cc1)NC(=O)c1cc(cc(c1)S(=O)(=O)c1ccccc1)C(=O)*)(C)C,tg,287.0,282.95831298828125
*Nc1ccc(cc1)C(c1ccc(cc1)NC(=O)c1cc(ccc1)C(=O)*)(C)C,tg,278.33,210.67205810546875
*Nc1ccc(cc1)C(c1ccc(cc1)NC(=O)c1cc(ccc1)C(=O)*)(P1(=O)c2ccccc2c2ccccc2O1)P1(=O)c2ccccc2c2ccccc2O1,tg,230.0,232.26272583007812
*Nc1ccc(cc1)C(c1ccc(cc1)NC(=O)c1cc2c(cc1)cc(cc2)C(=O)*)(P1(=O)c2ccccc2c2ccccc2O1)P1(=O)c2ccccc2c2ccccc2O1,tg,241.0,242.03515625
*Nc1ccc(cc1)C(c1ccc(cc1)NC(=O)c1ccc(cc1)C(=O)*)(P1(=O)c2ccccc2c2ccccc2O1)P1(=O)c2ccccc2c2ccccc2O1,tg,245.0,242.59738159179688
*Nc1ccc(cc1)C(c1ccc(cc1)NC(=O)c1ccc(cc1)C(c1ccc(cc1)C(=O)*)(C(F)(F)F)C(F)(F)F)(P1(=O)c2ccccc2c2ccccc2O1)P1(=O)c2ccccc2c2ccccc2O1,tg,235.0,250.8095245361328
*Nc1ccc(cc1)C(c1ccc(cc1)NC(=O)c1ccc(cc1)c1ccc(cc1)C(=O)*)(P1(=O)c2ccccc2c2ccccc2O1)P1(=O)c2ccccc2c2ccccc2O1,tg,251.0,247.26776123046875
*Nc1ccc(cc1)C1(c2ccccc2c2ccccc12)c1ccc(cc1)NC(=O)c1ccc(cc1)C(=O)*,tg,319.0,293.0369873046875
*Nc1ccc(cc1)CC(NC(=O)CCC(=O)*)(C)C,tg,158.0,134.33058166503906
*Nc1ccc(cc1)CC(NC(=O)CCCCC(=O)*)(C)C,tg,130.0,133.10101318359375
*Nc1ccc(cc1)CC(NC(=O)CCCCCCCCC(=O)*)(C)C,tg,92.0,103.23280334472656
*Nc1ccc(cc1)CCNC(=O)CCCCC(=O)*,tg,115.0,93.62202453613281
*Nc1ccc(cc1)Cc1ccc(cc1)NC(=O)NCCCCCCCCCCCCCCCCCCNC(=O)*,tg,48.0,35.1801872253418
*Nc1ccc(cc1)Cc1ccc(cc1)NC(=O)NCCCCCCCCCCCCNC(=O)*,tg,51.0,47.67580795288086
*Nc1ccc(cc1)Cc1ccc(cc1)NC(=O)NCCCCCCCCCCNC(=O)*,tg,46.0,55.836578369140625
*Nc1ccc(cc1)Cc1ccc(cc1)NC(=O)NCCCCCCCCNC(=O)*,tg,50.0,68.40592956542969
*Nc1ccc(cc1)Cc1ccc(cc1)NC(=O)NCCCCCCNC(=O)*,tg,78.0,75.54197692871094
*Nc1ccc(cc1)Cc1ccc(cc1)NC(=O)c1cc(cc(c1)N1C(=O)C2C(C1=O)CC=CC2)C(=O)*,tg,286.0,262.91412353515625
*Nc1ccc(cc1)Cc1ccc(cc1)NC(=O)c1cc(cc(c1)N1C(=O)C=CC1=O)C(=O)*,tg,287.0,272.5141906738281
*Nc1ccc(cc1)Cc1ccc(cc1)NC(=O)c1cc(cc(c1)NC(=O)CCCCCN1C(=O)c2c(C1=O)cccc2)C(=O)*,tg,195.0,215.05615234375
*Nc1ccc(cc1)Cc1ccc(cc1)NC(=O)c1cc(cc(c1)NC(=O)CCN1C(=O)c2c(C1=O)cccc2)C(=O)*,tg,235.0,233.36666870117188
*Nc1ccc(cc1)Cc1ccc(cc1)NC(=O)c1cc(cc(c1)NC(=O)c1ccc(cc1)NC(=O)C(CC(C)C)N1C(=O)c2c(C1=O)cccc2)C(=O)*,tg,238.0,232.8094482421875
*Nc1ccc(cc1)Cc1ccc(cc1)NC(=O)c1cc(cc(c1)NC(=O)c1ccccc1)C(=O)*,tg,285.0,278.0199279785156
*Nc1ccc(cc1)Cc1ccc(cc1)NC(=O)c1cc(cc(c1)NC(=O)c1ccncc1)C(=O)*,tg,302.0,297.1529235839844
*Nc1ccc(cc1)Cc1ccc(cc1)NC(=O)c1cc(cc(c1)S(=O)(=O)c1ccccc1)C(=O)*,tg,270.0,268.0755615234375
*Nc1ccc(cc1)NC(=O)CCCC(=O)*,tg,135.0,161.4906768798828
*Nc1ccc(cc1)NC(=O)CCCCC(=O)*,tg,133.0,159.01080322265625
*Nc1ccc(cc1)NC(=O)CCCCCCC(=O)*,tg,138.0,131.9742889404297
*Nc1ccc(cc1)NC(=O)CCCCCCCC(=O)*,tg,130.0,130.5661163330078
*Nc1ccc(cc1)NC(=O)CCCCCCCCC(=O)*,tg,125.0,129.6296844482422
*Nc1ccc(cc1)NC(=O)Cc1c(cc(c(c1)CC(=O)*)C)C,tg,208.0,224.67379760742188
*Nc1ccc(cc1)NC(=O)c1c(cc(c(c1)C(=O)*)C(=O)O)C(=O)O,tg,283.4,266.0327453613281
*Nc1ccc(cc1)NC(=O)c1c(cc(cc1)C(=O)c1cc(c(cc1)C(=O)*)C(=O)OCC)C(=O)OCC,tg,275.0,222.6848602294922
*Nc1ccc(cc1)NC(=O)c1c(ccc(c1)C(=O)c1cc(c(cc1)C(=O)O)C(=O)*)C(=O)O,tg,213.2,204.0962677001953
*Nc1ccc(cc1)NC(=O)c1c(ccc(c1)c1cc(c(cc1)C(=O)OC)C(=O)*)C(=O)OC,tg,234.2,227.7647247314453
*Nc1ccc(cc1)NC(=O)c1c(ccc(c1)c1cc(c(cc1)C(=O)OCC)C(=O)*)C(=O)OCC,tg,231.7,224.93618774414062
*Nc1ccc(cc1)NC(=O)c1cc(cc(c1)NC(=O)c1ccccc1)C(=O)*,tg,321.0,317.09039306640625
*Nc1ccc(cc1)NC(=O)c1cc(cc(c1)NC(=O)c1ccncc1)C(=O)*,tg,327.0,339.1651306152344
*Nc1ccc(cc1)NC(=O)c1cc(ccc1)C(=O)*,tg,285.75,214.29562377929688
*Nc1ccc(cc1)NC(=O)c1cc(ccc1)C(=O)c1ccc(cc1)C(=O)*,tg,257.5,260.8297119140625
*Nc1ccc(cc1)NC(=O)c1ccc(cc1)NC(=O)c1cc(cc(c1)NC(=O)C12CC3CC(CC(C1)C3)C2)C(=O)*,tg,365.0,347.94207763671875
*Nc1ccc(cc1)NC(=O)c1ccc(cc1)NC(=O)c1ccc(cc1)P(=O)(c1ccc(cc1)C(=O)*)c1ccccc1,tg,243.0,303.2131652832031
*Nc1ccc(cc1)N[Se]*,tg,55.0,91.71925354003906
*Nc1ccc(cc1)[Si](c1ccc(cc1)NC(=O)c1cc2Cc3c(c2cc1)ccc(c3)C(=O)*)(c1ccccc1)c1ccccc1,tg,54.45,232.9606170654297
*Nc1ccc(cc1)c1c(cc(cc1c1ccc(cc1)c1ccccc1)c1ccc(cc1)c1cc(c(c(c1)c1ccc(cc1)c1ccccc1)c1ccc(cc1)NC(=O)c1ccc(cc1)C(=O)*)c1ccc(cc1)c1ccccc1)c1ccc(cc1)c1ccccc1,tg,305.0,281.09832763671875
*Nc1ccc(cc1)c1ccc(cc1)NC(=O)Cc1c(cc(c(c1)C)CC(=O)*)C,tg,171.0,288.73193359375
*Nc1ccc(cc1)c1ccc(cc1)NC(=O)c1cc(cc(c1)NC(=O)c1ccc(cc1)NC(=O)C(N1C(=O)c2c(C1=O)cccc2)C)C(=O)*,tg,202.0,246.14344787597656
*Nc1ccc(cc1)c1ccc(cc1)NC(=O)c1cc(cc(c1)NC(=O)c1ccncc1)C(=O)*,tg,339.0,351.69775390625
*Nc1ccc(cc1)c1ccc(cc1)NC(=O)c1cc(cc(c1)S(=O)(=O)c1ccccc1)C(=O)*,tg,319.0,311.1636047363281
*Nc1ccc(cc1)c1ccc(cc1)NC(=O)c1ccc(cc1)NC(=O)c1ccc(cc1)[Si](c1ccc(cc1)C(=O)Nc1ccc(cc1)C(=O)*)(C)C,tg,320.0,314.0547180175781
*Nc1cccc(C#Cc2cccc(C(*)=O)c2)c1,egc,3.7438,3.4589054584503174
*Nc1cccc(C(*)=O)c1,egb,3.2399,3.441842555999756
*Nc1cccc(C(*)=O)c1,egc,4.1556,3.954342842102051
*Nc1cccc(C(*)=O)c1,eps,4.43,4.918952941894531
*Nc1cccc(NC(=O)C=CC(*)=O)c1,egc,3.628,3.6348795890808105
*Nc1cccc(NC(=O)CCCCCCC(*)=O)c1,egc,4.8656,4.849185466766357
*Nc1cccc(NC(=O)c2cc(NC(=O)c3ccncc3)cc(C(*)=O)c2)c1,egc,3.2998,3.100162982940674
*Nc1cccc(NC(=O)c2ccc(NC(=O)c3ccc([Si](C)(C)c4ccc(C(=O)Nc5ccc(C(*)=O)cc5)cc4)cc3)cc2)c1,egc,3.5185,3.3186793327331543
*Nc1cccc(NC(=O)c2cccc(C(*)=O)c2)c1,egc,4.1202,4.17287015914917
*Nc1ccccc1NC(=O)c1cccc(C(*)=O)c1,egc,3.6159,3.9406654834747314
*Nc1nc(*)nc(-c2ccccc2)n1,egc,4.2193,3.9451215267181396
*Nc1nc(Nn2c(=O)c3cc4c(=O)n(*)c(=O)c4cc3c2=O)nc(N(CC)CC)n1,egc,2.6124,3.176551342010498
*Nc1nc(Nn2c(=O)c3cc4c(=O)n(*)c(=O)c4cc3c2=O)nc(N(CCC)CCC)n1,egc,2.5752,2.5366029739379883
*Nc5ccc(NC(=O)c4ccc(C3(c1ccc(C(*)=O)cc1)OC(=O)c2ccccc23)cc4)cc5,egc,3.4199,3.5965354442596436
*Nc6ccc(C5(c2ccc(NC(=O)c1ccc(C(*)=O)cc1)cc2)c3ccccc3C(=O)c4ccccc45)cc6,egc,3.2678,3.3789896965026855
*Nc6ccc(C5(c3ccc(NC(=O)Cc2ccc(Oc1ccc(C(*)=O)cc1)cc2)cc3)OC(=O)c4ccccc45)cc6,egc,4.1183,3.4782674312591553
*Nc6ccc(c5ccc(NC(=O)c4ccc(C3(c1ccc(C(*)=O)cc1)OC(=O)c2ccccc23)cc4)cc5)cc6,egc,3.2864,3.277862071990967
*Nc8ccc(C7(c5ccc(NC(=O)c4ccc(C3(c1ccc(C(*)=O)cc1)OC(=O)c2ccccc23)cc4)cc5)OC(=O)c6ccccc67)cc8,egc,3.8809,3.5276448726654053
*OC(*)(C)C,egc,6.2991,6.256104469299316
*OC(*)C,tg,-21.07,52.55274200439453
*OC(*)C(Cl)Cl,egc,6.5565,6.106447696685791
*OC(*)CC,egc,6.1349,6.279818058013916
*OC(*)CCC,egc,6.6355,6.376866340637207
*OC(*)CCC#N,egc,6.5576,6.671711444854736
*OC(*)CCCC,egc,6.6222,6.412003517150879
*OC(=C(C)C)C(C)(C)C(*)=O,egc,4.7881,5.1513800621032715
*OC(=C)CC(*)=O,egc,5.0472,5.086439609527588
*OC(=O)C(=O)OCCCCCC*,tg,66.5,-7.118560791015625
*OC(=O)C(=S)C(*)=O,eea,5.1004,4.251612186431885
*OC(=O)C(=S)C(*)=O,egb,1.4341,1.9609590768814087
*OC(=O)C(C(=O)OCCC[Sn](CCC*)(C)C)CCCCCCOc1ccc(cc1)c1ccc(cc1)OCc1ccc(cc1)[N+](=O)[O-],tg,40.5,13.70269775390625
*OC(=O)C(C(=O)OCCOCC*)C,tg,-29.0,-52.46500015258789
*OC(=O)C(C(=O)OCCOCC*)CCCCC,tg,-47.0,-50.89888381958008
*OC(=O)C(C(=O)OCCOCC*)CCCCCCC,tg,-58.0,-49.621219635009766
*OC(=O)C(C*)(C)C,tg,-6.17,35.76154708862305
*OC(=O)C(C*)(CC)C,tg,-7.4,36.55819320678711
*OC(=O)C(C*)(CC)CC,tg,60.0,-45.48797607421875
*OC(=O)C(C*)C,tg,-26.33,16.233007431030273
*OC(=O)C(Cc1ccccc1)NC(=O)CCCCC(=O)NC(Cc1ccccc1)C(=O)OC1COC2C(*)COC12,egc,5.287,3.8161120414733887
*OC(=O)C(F)(F)C(*)(F)F,ei,9.0985,8.732888221740723
*OC(=O)C(F)(F)C(*)(F)F,eps,3.31,3.639204740524292
*OC(=O)C(F)(F)C(*)(F)F,nc,1.5879,1.5983518362045288
*OC(=O)C(NC(=O)C=CC(=O)NC(C(=O)OCC=CC*)Cc1ccccc1)Cc1ccccc1,tg,109.0,97.34797668457031
*OC(=O)C(NC(=O)C=CC(=O)NC(C(=O)OCCCC*)Cc1ccccc1)Cc1ccccc1,tg,103.0,92.17765045166016
*OC(=O)C(NC(=O)C=CC(=O)NC(C(=O)OCCCCCC*)Cc1ccccc1)Cc1ccccc1,tg,92.0,105.49961853027344
*OC(=O)C(NC(=O)CCCCC(=O)NC(C(=O)OCC=CC*)Cc1ccccc1)Cc1ccccc1,tg,61.0,52.563270568847656
*OC(=O)C(NC(=O)CCCCCCCCC(=O)NC(C(=O)OCC=CC*)Cc1ccccc1)Cc1ccccc1,tg,46.0,53.732608795166016
*OC(=O)C*,tg,55.86,46.24113082885742
*OC(=O)C/C=C/CC(=O)OCCCCCCCCCCCCCCCC*,tg,-22.0,-44.26836013793945
*OC(=O)C1C2C=CC(C1C(=O)OCC*)C2,tg,0.0,36.32453536987305
*OC(=O)C1CCC(C(=O)OC2COC3C(*)COC23)CC1,egc,6.4746,6.316035747528076
*OC(=O)C1CCC(CC1)C(=O)OCC(C*)(C)C,tg,30.0,40.087833404541016
*OC(=O)C1CCC(CC1)C(=O)OCC*,tg,25.0,15.023361206054688
*OC(=O)C1CCC(CC1)C(=O)OCC1CCC(CC1)C*,tg,67.68,24.06183624267578
*OC(=O)C1CCC(CC1)C(=O)OCCCC*,tg,-10.5,35.07009506225586
*OC(=O)C1CCC(CC1)C(=O)OCCOCC*,tg,-10.15,-1.5564117431640625
*OC(=O)C=CC(=O)NCCCCCCNC(=O)C=CC(=O)OCCOCC*,tg,76.0,15.967117309570312
*OC(=O)C=CC(=O)OC1COC2C(*)COC12,egc,4.1943,4.879517555236816
*OC(=O)CC(=O)OCCOCC*,tg,-41.5,-62.18516159057617
*OC(=O)CC(CC*)C,tg,-71.5,-26.76039695739746
*OC(=O)CC*,tg,-24.18,-12.822047233581543
*OC(=O)CCC#CC#CCCC(=O)OCCN(CC*)c1ccc(cc1)N=Nc1c(cc(cc1C)N=Nc1ccc(cc1)C#N)C,tg,63.0,98.05618286132812
*OC(=O)CCC#CC#CCCC(=O)OCCN(CC*)c1ccc(cc1)[N+](=O)[O-],tg,30.0,51.45413589477539
*OC(=O)CCC(=O)OCC(C*)(C)C,tg,-18.0,-21.228052139282227
*OC(=O)CCC(=O)OCC1CCC(CC1)C*,tg,-1.0,11.483268737792969
*OC(=O)CCC(=O)OCCC*,tg,-34.42,-3.7252044677734375
*OC(=O)CCC(=O)OCCCCCCCCC*,tg,31.0,-32.1375732421875
*OC(=O)CCC(=O)OCCOCC*,tg,-41.51,-35.9176025390625
*OC(=O)CCC(=O)OCCSCC*,tg,-34.0,-9.981623649597168
*OC(=O)CCC(CC*)C,tg,-53.0,-63.52192687988281
*OC(=O)CCC*,tg,-28.78,-19.6949462890625
*OC(=O)CCCC(=O)NCCCCCC*,tg,-18.0,-27.08660888671875
*OC(=O)CCCC(=O)OCCC*,tg,-33.67,-51.26776123046875
*OC(=O)CCCC(=O)OCCOCC*,tg,-55.0,-50.8778076171875
*OC(=O)CCCCC(*)=O,egc,6.1659,6.094638824462891
*OC(=O)CCCCC(=O)OCC(C(C(C*)(F)F)(F)F)(F)F,tg,-60.5,-33.05672073364258
*OC(=O)CCCCC(=O)OCC(C*)CCCCCCOc1ccc(cc1)N=Nc1ccc(cc1)C,tg,29.0,16.560813903808594
*OC(=O)CCCCC(=O)OCC(C*)CCCCCCOc1ccc(cc1)N=Nc1ccc(cc1)C(F)(F)F,tg,44.0,38.68180465698242
*OC(=O)CCCCC(=O)OCC(C*)CCCCCCOc1ccc(cc1)N=Nc1ccc(cc1)Cl,tg,9.0,15.926838874816895
*OC(=O)CCCCC(=O)OCC(C*)CCCCCCOc1ccc(cc1)N=Nc1ccc(cc1)OC,tg,22.0,35.082035064697266
*OC(=O)CCCCC(=O)OCC(C*)O,tg,-20.0,-26.362417221069336
*OC(=O)CCCCC(=O)OCC(CC(CC*)(C)C)C,tg,-70.0,-53.64926528930664
*OC(=O)CCCCC(=O)OCCC(CC*)C,tg,-78.6,-61.23927688598633
*OC(=O)CCCCC(=O)OCCC*,tg,-52.17,-48.175472259521484
*OC(=O)CCCCC(=O)OCCCCC*,tg,-70.33,-54.29911422729492
*OC(=O)CCCCC(=O)OCCCCCCCCCC*,tg,-68.0,-30.725997924804688
*OC(=O)CCCCC(=O)OCCOCCOCC*,tg,-49.0,-54.46981430053711
*OC(=O)CCCCC*,tg,-57.39,-38.08573532104492
*OC(=O)CCCCCC(*)=O,egc,5.9809,6.122518539428711
*OC(=O)CCCCCC(=O)OCC*,tg,-54.0,-39.22526168823242
*OC(=O)CCCCCC(=O)OCCOCC*,tg,-59.67,-63.007415771484375
*OC(=O)CCCCCC(=O)OCCOCCOCC*,tg,-54.0,-56.435699462890625
*OC(=O)CCCCCC*,tg,-14.0,-44.08468246459961
*OC(=O)CCCCCCC(*)=O,egc,6.0659,6.220556259155273
*OC(=O)CCCCCCC(=O)OCC#CC*,tg,-38.0,-26.743703842163086
*OC(=O)CCCCCCC(=O)OCCC*,tg,-58.75,-47.677734375
*OC(=O)CCCCCCC(=O)OCCCCCCCCCC*,tg,-22.0,-41.906986236572266
*OC(=O)CCCCCCCC(*)=O,egc,6.2617,6.119168758392334
*OC(=O)CCCCCCCC(=O)OCC*,tg,-45.0,-49.517547607421875
*OC(=O)CCCCCCCCC(=O)OC/C=C\C*,tg,-41.0,-46.606502532958984
*OC(=O)CCCCCCCCC(=O)OC1COC2C(*)COC12,egc,6.5166,6.5345306396484375
*OC(=O)CCCCCCCCC(=O)OCC#CC(=Cc1ccc(cc1)C#Cc1ccc(cc1)C=C(C#Cc1ccccc1)C#Cc1ccccc1)C#CC*,tg,60.0,93.26272583007812
*OC(=O)CCCCCCCCC(=O)OCC#CC(=Cc1ccc(cc1)C#Cc1ccc(cc1)[N+](=O)[O-])C#CC*,tg,60.0,62.34992599487305
*OC(=O)CCCCCCCCC(=O)OCC#CC*,tg,-30.88,-32.84345626831055
*OC(=O)CCCCCCCCC(=O)OCC(=O)NCCCCCCNC(=O)C*,tg,2.0,6.286509037017822
*OC(=O)CCCCCCCCC(=O)OCC*,tg,-37.16,-40.92979431152344
*OC(=O)CCCCCCCCC(=O)OCCCC*,tg,-64.4,-27.459020614624023
*OC(=O)CCCCCCCCC(=O)OCCCCCCCCCC*,tg,-53.0,-26.342111587524414
*OC(=O)CCCCCCCCC(=O)OCCOCC*,tg,-74.5,-52.872528076171875
*OC(=O)CCCCCCCCCC(*)=O,egc,6.2966,6.348105430603027
*OC(=O)CCCCCCCCCCC(*)=O,egc,6.499,6.260438919067383
*OC(=O)CCCCCCCCCCC(=O)OCC#CC*,tg,-27.0,-32.35213851928711
*OC(=O)CCCCCCCCCCC(=O)OCC(=O)NCCCCCCNC(=O)C*,tg,0.9,5.440378665924072
*OC(=O)CCCCCCCCCCCC(*)=O,egc,6.2745,6.262928009033203
*OC(=O)CCCCCCCCCCCCC(=O)OCC(C*)CCCCCCOc1ccc(cc1)N=Nc1ccc(cc1)C#N,tg,21.5,4.048604488372803
*OC(=O)CCCCCCCCCCCCCCCCC(*)=O,egc,6.1592,6.35969877243042
*OC(=O)CCCCCN(c1ccc(cc1)N=Nc1ccc(cc1)S(=O)(=O)CCCCCC*)C,tg,60.5,70.19248962402344
*OC(=O)CCOCC*,tg,-35.55,-48.477535247802734
*OC(=O)CCS(=O)(=O)CCC(*)=O,egc,6.2922,5.890232086181641
*OC(=O)CCSCCC(=O)OCC*,tg,-47.0,-10.164515495300293
*OC(=O)CCSCCSCCC(*)=O,egc,4.6742,5.327657699584961
*OC(=O)CCSCc1ccc(cc1)Cc1ccc(cc1)CSCCC(=O)OCCSCc1ccc(cc1)Cc1ccc(cc1)CSCC*,tg,-4.6,5.170176029205322
*OC(=O)CCc1ccc(CCC(*)=O)cc1,egc,5.0434,5.400897979736328
*OC(=O)CN(c1ccc(cc1)N=Nc1ccc(cc1)S(=O)(=O)CCC*)CCCC,tg,92.4,60.11374282836914
*OC(=O)COCC(=O)OCCCC*,tg,-27.0,9.84068775177002
*OC(=O)CS(=O)(=O)CCS(=O)(=O)CC(*)=O,egc,5.7619,5.946114540100098
*OC(=O)CSCc1ccc(cc1)Cc1ccc(cc1)CSCC(=O)OCCSCc1ccc(cc1)Cc1ccc(cc1)CSCC*,tg,-1.25,1.5318247079849243
*OC(=O)NC(=O)c1cc(ccc1)C(=O)NC(=O)OCC(C*)(C)C,tg,66.0,101.66753387451172
*OC(=O)NC(=O)c1cc(ccc1)C(=O)NC(=O)OCC(C*)CCCCCCCC,tg,65.0,115.31328582763672
*OC(=O)NC(=O)c1cc(ccc1)C(=O)NC(=O)OCC(C*)CCCCCCCCCCCC,tg,112.0,50.261085510253906
*OC(=O)NC(=O)c1ccc(cc1)C(=O)NC(=O)OCC(C*)(C)C,tg,102.0,114.19361114501953
*OC(=O)NC(=O)c1ccc(cc1)C(=O)NC(=O)OCC(C*)CCCCCCCCCCCC,tg,75.0,131.44967651367188
*OC(=O)NC1CC(CC(C1)(CNC(=O)OCC*)C)(C)C,tg,84.0,120.22318267822266
*OC(=O)NC1CC(CC(C1)(CNC(=O)OCCN(CC*)c1ccc(cc1)C=C(C#N)C#N)C)(C)C,tg,141.0,119.3849868774414
*OC(=O)NC1CC(CC(C1)(CNC(=O)OCCN(CC*)c1ccc(cc1)N=Nc1ccc(cc1)C#N)C)(C)C,tg,136.0,147.11737060546875
*OC(=O)NC1CC(CC(C1)(CNC(=O)OCCN(CC*)c1ccc(cc1)N=Nc1ccc(cc1)P(=O)(c1ccccc1)c1ccccc1)C)(C)C,tg,163.0,138.79795837402344
*OC(=O)NC1CCC(CC2CCC(NC(=O)OC3CC4CC(*)CC(C3)O4)CC2)CC1,egc,5.8672,6.0986738204956055
*OC(=O)NCC(C(C(C(CNC(=O)OCC(C(C*)(F)F)(F)F)(F)F)(F)F)(F)F)(F)F,tg,38.0,52.07889175415039
*OC(=O)NCC(C(C(C(CNC(=O)OCCCC*)(F)F)(F)F)(F)F)(F)F,tg,33.0,54.974365234375
*OC(=O)NCC(C(C(C(CNC(=O)OCCCCC*)(F)F)(F)F)(F)F)(F)F,tg,33.0,48.240028381347656
*OC(=O)NCC(C*)C,tg,40.0,25.011587142944336
*OC(=O)NCCCCCCCCCCNC(=O)OCC*,tg,60.8,48.31961441040039
*OC(=O)NCCCCCCCCCCNC(=O)OCCCCCCCCCCCCCCCC*,tg,34.0,37.9694938659668
*OC(=O)NCCCCCCCCCNC(=O)OCC*,tg,44.0,49.68046951293945
*OC(=O)NCCCCCCNC(=O)OCC(C(C(C(C*)(F)F)(F)F)(F)F)(F)F,tg,-2.0,-8.65594482421875
*OC(=O)NCCCCCCNC(=O)OCC(C*)(C(=O)O)C,tg,-26.0,51.3355712890625
*OC(=O)NCCCCCCNC(=O)OCCC*,tg,55.0,37.65221405029297
*OC(=O)NCCCCCCNC(=O)OCCCC*,tg,38.12,36.9870491027832
*OC(=O)NCCCCCCNC(=O)OCCCCCCC*,tg,55.0,43.84274673461914
*OC(=O)NCCCCCCNC(=O)OCCCCCCCCCCCC*,tg,36.0,41.80006790161133
*OC(=O)NCCCCCCNC(=O)OCCCCCCCCCCCCCCCC*,tg,39.0,36.25220489501953
*OC(=O)NCCCCCCNC(=O)OCCCCCOC(=O)c1c(cccc1)C(=O)O[Cd]OC(=O)c1c(cccc1)C(=O)OCCCCC*,tg,-6.8,-0.8908793330192566
*OC(=O)NCCCCCCNC(=O)OCCCCCOC(=O)c1c(cccc1)C(=O)O[Pb]OC(=O)c1c(cccc1)C(=O)OCCCCC*,tg,-19.2,-34.64921951293945
*OC(=O)NCCCCCCNC(=O)OCCN(CC*)CCCCCCOc1ccc(cc1)C=Cc1ccc(cc1)[N+](=O)[O-],tg,29.05,53.89439392089844
*OC(=O)NCCCCCCNC(=O)OCCN(CC*)c1ccc(cc1)N=Nc1ccc(cc1)P(=O)(c1ccccc1)c1ccccc1,tg,120.0,76.28876495361328
*OC(=O)NCCCCCCNC(=O)OCCN(CC*)c1ccccc1,tg,31.9,30.42540740966797
*OC(=O)NCCCCNC(=O)OCCCCCC*,tg,16.0,31.506860733032227
*OC(=O)NCc1ccc(cc1)CNC(=O)OCCCCCCCCCC*,tg,49.0,55.418678283691406
*OC(=O)NNC(=O)CCCCCCCCC(=O)NNC(=O)OCCC*,tg,22.0,53.81416320800781
*OC(=O)NNC(=O)CCCCCCCCC(=O)NNC(=O)OCCCC*,tg,56.0,15.618461608886719
*OC(=O)NNC(=O)CCCCCCCCC(=O)NNC(=O)OCCCCC*,tg,20.0,47.499671936035156
*OC(=O)Nc1c(c(ccc1)NC(=O)OCCN(CC*)c1ccc(cc1)C=Cc1ccc(cc1)[N+](=O)[O-])C,tg,123.0,141.01722717285156
*OC(=O)Nc1c(c(ccc1)NC(=O)OCCN(CC*)c1ccc(cc1)N=Nc1ccc(cc1)[N+](=O)[O-])C,tg,147.0,126.76728057861328
*OC(=O)Nc1c(cc(cc1)c1cc(c(cc1)NC(=O)OCCN(CC*)c1ccc(cc1)N=Nc1ccc(cc1)[N+](=O)[O-])C)C,tg,119.5,163.1615753173828
*OC(=O)Nc1c(ccc(c1)NC(=O)OCC(C*)(C)C)C,tg,-32.0,59.570674896240234
*OC(=O)Nc1c(ccc(c1)NC(=O)OCCCC*)C,tg,42.0,64.98666381835938
*OC(=O)Nc1c(ccc(c1)NC(=O)OCCCCCCC*)C,tg,61.0,30.367494583129883
*OC(=O)Nc1c(ccc(c1)NC(=O)OCCCCCCCC*)C,tg,64.0,27.892988204956055
*OC(=O)Nc1c(ccc(c1)NC(=O)OCCN(CC*)CCCCCCOc1ccc(cc1)C=Cc1ccc(cc1)[N+](=O)[O-])C,tg,58.5,65.61798858642578
*OC(=O)Nc1c(ccc(c1)NC(=O)OCCN(CC*)c1c(cc(cc1)[N+](=O)[O-])C)C,tg,98.0,102.93311309814453
*OC(=O)Nc1c(ccc(c1)NC(=O)OCCN(CC*)c1cc(c(cc1)N=Nc1c(cc(cc1)[N+](=O)[O-])C)C)C,tg,135.0,126.68019104003906
*OC(=O)Nc1c(ccc(c1)NC(=O)OCCN(CC*)c1ccc(cc1)C(=C(C#N)C#N)C#N)C,tg,125.0,99.0632553100586
*OC(=O)Nc1c(ccc(c1)NC(=O)OCCN(CC*)c1ccc(cc1)C=Cc1cc[n+](cc1)CCCC)C,tg,121.0,107.62841033935547
*OC(=O)Nc1c(ccc(c1)NC(=O)OCCN(CC*)c1ccc(cc1)C=Cc1ccc(cc1)[N+](=O)[O-])C,tg,121.0,117.81734466552734
*OC(=O)Nc1c(ccc(c1)NC(=O)OCCN(CC*)c1ccc(cc1)N=Nc1c(cc(c(c1)OC)N=Nc1ccc(cc1)[N+](=O)[O-])OC)C,tg,150.0,136.9279327392578
*OC(=O)Nc1c(ccc(c1)NC(=O)OCCN(CC*)c1ccc(cc1)N=Nc1c(cc(cc1)[N+](=O)[O-])C)C,tg,137.0,141.0800018310547
*OC(=O)Nc1c(ccc(c1)NC(=O)OCCN(CC*)c1ccc(cc1)N=Nc1ccc(cc1)B(c1c(cc(cc1C)C)C)c1c(cc(cc1C)C)C)C,tg,159.0,147.5134735107422
*OC(=O)Nc1c(ccc(c1)NC(=O)OCCN(CC*)c1ccc(cc1)N=Nc1ccc(cc1)C=Cc1nc2c(n1CC)cc(cc2)[N+](=O)[O-])C,tg,171.0,173.1846160888672
*OC(=O)Nc1c(ccc(c1)NC(=O)OCCN(CC*)c1ccc(cc1)N=Nc1ccc(cc1)c1nc2c(n1CC)cc(cc2)[N+](=O)[O-])C,tg,158.0,174.24249267578125
*OC(=O)Nc1c(ccc(c1)NC(=O)OCCN(CC*)c1ccc(cc1)c1oc2c(n1)ccc(c2)[N+](=O)[O-])C,tg,156.0,159.92926025390625
*OC(=O)Nc1cc(ccc1)P(=O)(c1cc(ccc1)NC(=O)OCCCCCC*)c1ccccc1,tg,30.0,68.72481536865234
*OC(=O)Nc1ccc(cc1)CCCc1ccc(cc1)NC(=O)OCC*,tg,74.1,104.06392669677734
*OC(=O)Nc1ccc(cc1)CCc1ccc(cc1)NC(=O)OCC*,tg,116.9,95.38984680175781
*OC(=O)Nc1ccc(cc1)Cc1ccc(cc1)NC(=O)OCC(C*)(C)C,tg,94.0,31.25636100769043
*OC(=O)Nc1ccc(cc1)Cc1ccc(cc1)NC(=O)OCC(CS(=O)(=O)CC(C*)(C)C)(C)C,tg,90.0,97.33544158935547
*OC(=O)Nc1ccc(cc1)Cc1ccc(cc1)NC(=O)OCC1CCC(CC1)C*,tg,134.0,146.1358642578125
*OC(=O)Nc1ccc(cc1)Cc1ccc(cc1)NC(=O)OCCC*,tg,119.0,113.53857421875
*OC(=O)Nc1ccc(cc1)Cc1ccc(cc1)NC(=O)OCCCCC*,tg,95.0,70.51565551757812
*OC(=O)Nc1ccc(cc1)Cc1ccc(cc1)NC(=O)OCCCCCC*,tg,71.0,76.91452026367188
*OC(=O)Nc1ccc(cc1)Cc1ccc(cc1)NC(=O)OCCCCCCC*,tg,84.0,80.45320892333984
*OC(=O)Nc1ccc(cc1)Cc1ccc(cc1)NC(=O)OCCCCCCCC*,tg,79.0,81.01016998291016
*OC(=O)Nc1ccc(cc1)Cc1ccc(cc1)NC(=O)OCCCCCCCCC*,tg,72.0,61.72825622558594
*OC(=O)Nc1ccc(cc1)Cc1ccc(cc1)NC(=O)OCCCCCCCCCCCC*,tg,43.0,57.37251281738281
*OC(=O)Nc1ccc(cc1)Cc1ccc(cc1)NC(=O)OCCCCCCCCCCCCCCCC*,tg,40.0,49.4575309753418
*OC(=O)Nc1ccc(cc1)Cc1ccc(cc1)NC(=O)OCCN(CC*)CCCCCOc1ccc(cc1)N=Nc1ccccc1,tg,59.6,70.70698547363281
*OC(=O)Nc1ccc(cc1)Cc1ccc(cc1)NC(=O)OCCN(CC*)c1cc(c(cc1)N=Nc1c(cc(cc1)[N+](=O)[O-])C)C,tg,130.0,133.07948303222656
*OC(=O)Nc1ccc(cc1)Cc1ccc(cc1)NC(=O)OCCN(CC*)c1cc(c(cc1)N=Nc1ccc(cc1)[N+](=O)[O-])C,tg,115.0,133.29429626464844
*OC(=O)Nc1ccc(cc1)Cc1ccc(cc1)NC(=O)OCCN(CC*)c1ccc(cc1)N=Nc1ccc(cc1)[N+](=O)[O-],tg,136.4,110.70671081542969
*OC(=O)Nc1ccc(cc1)Cc1ccc(cc1)NC(=O)OCCN(CC*)c1ccccc1,tg,31.9,92.7247543334961
*OC(=O)Nc1ccc(cc1)Cc1ccc(cc1)NC(=O)OCc1cc(cc(c1)C(C)(C)C)C*,tg,114.0,117.5231704711914
*OC(=O)OC(*)=O,egb,5.926,5.323684215545654
*OC(=O)OC(*)=O,ei,7.4502,8.132577896118164
*OC(=O)OC(*)=O,nc,1.5714,1.668577790260315
*OC(=O)OC1CC2CC(*)CC(C1)O2,egc,6.2425,6.828158855438232
*OC(=O)OC1COC2C(*)COC12,egc,6.8979,6.60815954208374
*OC(=O)OCC(=C)COCC(=C)C*,tg,70.5,-32.604156494140625
*OC(=O)OCC(C(C*)O)O,tg,51.38,13.870593070983887
*OC(=O)OCC(C(C*)OC(=O)C(=O)OCC)OC(=O)C(=O)OCC,tg,51.38,75.98410034179688
*OC(=O)OCC(C(C*)OC(=O)C(NC(=O)OCc1ccccc1)CC(C)C)OC(=O)C(NC(=O)OCc1ccccc1)CC(C)C,tg,51.38,80.9988021850586
*OC(=O)OCC(C(C*)OC(=O)OCC)OC(=O)OCC,tg,49.8,15.99988079071045
*OC(=O)OCC(C(C*)OC(=O)Oc1ccc(cc1)C(=O)OC)OC(=O)Oc1ccc(cc1)C(=O)OC,tg,51.38,75.63002014160156
*OC(=O)OCC(C*)OCCCCCCOc1ccc(cc1)C=Cc1ccc(cc1)[N+](=O)[O-],tg,32.0,18.932710647583008
*OC(=O)OCC(C*)OCCCCOc1ccc(cc1)C=Cc1ccc(cc1)[N+](=O)[O-],tg,42.0,57.78861618041992
*OC(=O)OCC(CS(=O)(=O)CC(C*)(C)C)(C)C,tg,50.0,41.51374053955078
*OC(=O)OCC(O)C(O)COC(=O)OC1COC2C(*)COC12,egc,6.3954,6.631657123565674
*OC(=O)OCC(OC)C(COC(=O)OC1COC2C(*)COC12)OC,egc,6.3606,6.335044860839844
*OC(=O)OCC*,tg,15.33,18.564407348632812
*OC(=O)OCC1(CC=CCC1)C*,tg,30.0,25.393844604492188
*OC(=O)OCC1CCC(CC1)C*,tg,38.7,46.20478820800781
*OC(=O)OCC1OC(C)(C)OC1COC(=O)OC1COC2C(*)COC12,egc,6.6226,6.155613899230957
*OC(=O)OCCC*,tg,-22.38,-12.427658081054688
*OC(=O)OCCCC*,tg,-28.75,-49.432525634765625
*OC(=O)OCCCCC*,tg,-40.0,-41.78910827636719
*OC(=O)OCCCCCC*,tg,-54.25,-32.1128044128418
*OC(=O)OCCCCCCCCCC*,tg,-39.67,-36.339813232421875
*OC(=O)OCCCCCCCCCCOC(=O)OC1COC2C(*)COC12,egb,6.1689,6.597311973571777
*OC(=O)OCCCCCCCCCCOC(=O)OC1COC2C(*)COC12,egc,6.8143,6.550601959228516
*OC(=O)OCCCCCCCCOC(=O)OC1COC2C(*)COC12,egc,6.6539,6.779638767242432
*OC(=O)OCCOCC*,tg,-40.0,-34.370540618896484
*OC(=O)OCCOCCOC(=O)OC1COC2C(*)COC12,egb,6.5378,6.298254489898682
*OC(=O)OCCOCCOC(=O)OC1COC2C(*)COC12,egc,6.7329,6.616210460662842
*OC(=O)OCCOCCOCCOC(=O)OC1COC2C(*)COC12,egc,6.4799,6.546032905578613
*OC(=O)Oc1ccc(C(=O)Oc2ccc(OC(=O)OC3COC4C(*)COC34)cc2)cc1,egc,4.4189,4.90242338180542
*OC(=O)Oc1cccc(OC(=O)OC2CC3CC(*)CC(C2)O3)c1,egc,5.8268,5.003901481628418
*OC(=O)c1c(c(ccc1)C(=O)OCC(C(C(C*)(F)F)(F)F)(F)F)OCCCCC,tg,17.0,6.188344478607178
*OC(=O)c1c(cc(cc1)C(=O)OCCN(CC*)c1ccc(cc1)C=C(C#N)C#N)OCCC,tg,94.0,119.98206329345703
*OC(=O)c1c(cc(cc1)C(=O)OCCN(CC*)c1ccc(cc1)N=Nc1[nH]c(c(n1)C#N)C#N)OCCC,tg,152.0,133.67137145996094
*OC(=O)c1c(cc(cc1)C(=O)OCCN(CC*)c1ccc(cc1)N=Nc1ccc(cc1)C=Cc1nc2c(n1CC)cc(cc2)[N+](=O)[O-])OC,tg,173.0,143.4747772216797
*OC(=O)c1c(cc(cc1)C(=O)OCCN(CC*)c1ccc(cc1)N=Nc1ccc(cc1)c1nc2c([nH]1)ccc(c2)[N+](=O)[O-])OCCC,tg,152.0,136.93594360351562
*OC(=O)c1c(cc(cc1)C(=O)OCCN(CC*)c1ccc(cc1)N=Nc1ccc(cc1)c1nc2c(n1CC)cc(cc2)[N+](=O)[O-])OC,tg,146.0,151.42727661132812
*OC(=O)c1c(ccc(c1)C(=O)OCC(C(C(C*)(F)F)(F)F)(F)F)OCCCCC,tg,9.0,7.421722412109375
*OC(=O)c1c(ccc(c1)N=Nc1ccc(cc1)OCC)c1c(cc(cc1)N=Nc1ccc(cc1)OCC)C(=O)OCCC*,tg,101.0,99.80541229248047
*OC(=O)c1c(ccc(c1)N=Nc1ccc(cc1)OCC)c1c(cc(cc1)N=Nc1ccc(cc1)OCC)C(=O)OCCCCCC*,tg,83.0,81.74729919433594
*OC(=O)c1c(ccc(c1)N=Nc1ccc(cc1)OCC)c1c(cc(cc1)N=Nc1ccc(cc1)OCC)C(=O)OCCOCCOCC*,tg,65.0,64.36559295654297
*OC(=O)c1c(cccc1)C(=O)OCC*,tg,70.88,34.2830810546875
*OC(=O)c1c(cccc1)C(=O)OCCCS(=O)(=O)CCCCS(=O)(=O)CCC*,tg,49.0,56.31098556518555
*OC(=O)c1c(cccc1)C(=O)OCCOCC*,tg,-50.0,18.27801513671875
*OC(=O)c1c2c(ccc1)c(ccc2)C(=O)OCC*,tg,75.0,88.0158920288086
*OC(=O)c1cc(c(cc1)c1c(cc(cc1)C(=O)OCC*)C)C,tg,73.0,89.98002624511719
*OC(=O)c1cc(cc(c1)OCCC1CCN(CC1)c1ccc(cc1)S(=O)(=O)C(C(C(C(C(C(C(C(F)(F)F)(F)F)(F)F)(F)F)(F)F)(F)F)(F)F)(F)F)C(=O)OCCN(CC*)c1ccc(cc1)S(=O)(=O)C(C(C(C(C(C(C(C(F)(F)F)(F)F)(F)F)(F)F)(F)F)(F)F)(F)F)(F)F,tg,86.0,118.043212890625
*OC(=O)c1cc(cc(c1)OCCN(c1ccc(cc1)S(=O)(=O)C(C(C(C(C(C(C(C(F)(F)F)(F)F)(F)F)(F)F)(F)F)(F)F)(F)F)(F)F)C)C(=O)OCCN(CC*)c1ccc(cc1)S(=O)(=O)C(C(C(C(C(C(C(C(F)(F)F)(F)F)(F)F)(F)F)(F)F)(F)F)(F)F)(F)F,tg,83.0,82.5245590209961
*OC(=O)c1cc(cc(c1)OCc1c(c(c(c(c1F)F)OC)F)F)C(=O)OCCN(CC*)c1ccc(cc1)C=Cc1sc(cc1)C=CC1=C(C(=C(C#N)C#N)OC1(c1ccccc1)C(F)(F)F)C#N,tg,140.0,112.54916381835938
*OC(=O)c1cc(cc(c1)OCc1cc(cc(c1)OCc1ccccc1)OCc1ccccc1)C(=O)OCCN(CC*)c1ccc(cc1)C=Cc1sc(cc1)C=CC1=C(C(=C(C#N)C#N)OC1(c1ccccc1)C(F)(F)F)C#N,tg,130.0,155.8804168701172
*OC(=O)c1cc(ccc1)C(=O)*,tg,130.0,137.28248596191406
*OC(=O)c1cc(ccc1)C(=O)OCC*,tg,56.5,71.31491088867188
*OC(=O)c1cc(ccc1)C(=O)OCCC*,tg,36.0,29.829225540161133
*OC(=O)c1cc(ccc1)C(=O)OCCCC*,tg,19.1,19.40361213684082
*OC(=O)c1cc(ccc1)C(=O)OCCCCC*,tg,7.0,16.479230880737305
*OC(=O)c1cc(ccc1)C(=O)OCCCCCC*,tg,5.5,9.125
*OC(=O)c1cc(ccc1)C(=O)OCCCS(=O)(=O)CCCCS(=O)(=O)CCC*,tg,65.0,53.60672378540039
*OC(=O)c1cc(ccc1)C(=O)OCc1ccc(cc1)C*,tg,143.0,72.1699447631836
*OC(=O)c1cc(ccc1)c1cc(ccc1)C(=O)OCC(C(C(C*)(F)F)(F)F)(F)F,tg,45.0,31.969839096069336
*OC(=O)c1cc2c(C(CC2(c2ccc(cc2)C(=O)OCC*)C)(C)C)cc1,tg,154.0,210.39663696289062
*OC(=O)c1cc2c(cc1)cc(cc2)C(=O)OCCC*,tg,84.0,89.59613800048828
*OC(=O)c1cc2c(cc1)cc(cc2)C(=O)OCCCC*,tg,65.5,61.470008850097656
*OC(=O)c1cc2c(cc1)cc(cc2)C(=O)OCCCCC*,tg,50.83,69.41082763671875
*OC(=O)c1cc2c(cc1)cc(cc2)C(=O)OCCCCCCCC*,tg,53.0,44.89736557006836
*OC(=O)c1cc2c(cc1)cc(cc2)C(=O)OCCCCCCCCCC*,tg,43.75,41.1851921081543
*OC(=O)c1cc2c(cc1)cc(cc2)C(=O)OCCCCCCCCCCC*,tg,39.0,36.88536071777344
*OC(=O)c1ccc(C(*)=O)cc1,eea,3.2451,2.985344171524048
*OC(=O)c1ccc(C(*)=O)cc1,egb,3.1295,3.7659482955932617
*OC(=O)c1ccc(C(*)=O)cc1,egc,4.5736,4.339475631713867
*OC(=O)c1ccc(C(*)=O)cc1,ei,7.8184,7.342939853668213
*OC(=O)c1ccc(C(*)=O)s1,eea,3.3779,3.689037799835205
*OC(=O)c1ccc(C(*)=O)s1,egb,3.202,2.943351984024048
*OC(=O)c1ccc(C(*)=O)s1,ei,7.3658,7.275200843811035
*OC(=O)c1ccc(C(*)=O)s1,nc,1.8811,1.9245818853378296
*OC(=O)c1ccc(C(=O)OC2COC3C(*)COC23)o1,egc,4.3511,4.3248186111450195
*OC(=O)c1ccc(C(C)(C)c2ccc(C(*)=O)cc2)cc1,egc,4.3936,4.412662982940674
*OC(=O)c1ccc(CCCCCCc2ccc(C(*)=O)cc2)cc1,egc,4.5994,4.743165969848633
*OC(=O)c1ccc(CCCCCc2ccc(C(*)=O)cc2)cc1,egc,4.7446,4.644156455993652
*OC(=O)c1ccc(CCCCc2ccc(C(*)=O)cc2)cc1,egc,4.8401,4.605702877044678
*OC(=O)c1ccc(CCCc2ccc(C(*)=O)cc2)cc1,egc,4.5456,4.681273460388184
*OC(=O)c1ccc(CCc2ccc(C(*)=O)cc2)cc1,egc,4.4852,4.533321380615234
*OC(=O)c1ccc(Cc2ccc(C(*)=O)cc2)cc1,egc,4.3273,4.528019428253174
*OC(=O)c1ccc(cc1)C(=O)OCC(C(C*)C)C,tg,37.5,34.13547134399414
*OC(=O)c1ccc(cc1)C(=O)OCC(C(C*)CCC)CCC,tg,19.67,20.825254440307617
*OC(=O)c1ccc(cc1)C(=O)OCC(C(C*)CCCC)CCCC,tg,16.0,0.01613362692296505
*OC(=O)c1ccc(cc1)C(=O)OCC(C(C*)CCCCCC)CCCCCC,tg,-15.5,-24.342111587524414
*OC(=O)c1ccc(cc1)C(=O)OCC(C(C*)CCCCCCCCCC)CCCCCCCCCC,tg,-38.0,-0.2663421630859375
*OC(=O)c1ccc(cc1)C(=O)OCC(C*)C,tg,55.0,69.9400863647461
*OC(=O)c1ccc(cc1)C(=O)OCC(CC(CC*)(C)C)C,tg,-12.0,18.533615112304688
*OC(=O)c1ccc(cc1)C(=O)OCC(CS(=O)(=O)CC(C*)(C)C)(C)C,tg,105.0,70.74503326416016
*OC(=O)c1ccc(cc1)C(=O)OCC*,tg,77.74,79.09489440917969
*OC(=O)c1ccc(cc1)C(=O)OCC1CC(CC(C1)C(C)(C)C)C*,tg,118.0,203.19236755371094
*OC(=O)c1ccc(cc1)C(=O)OCCCCCCC*,tg,-1.0,26.59276580810547
*OC(=O)c1ccc(cc1)C(=O)OCCCCCCCCCC*,tg,5.33,11.962814331054688
*OC(=O)c1ccc(cc1)C(=O)OCCCCOC(=O)CCCCC(=O)OCCCC*,tg,-20.0,-13.389678955078125
*OC(=O)c1ccc(cc1)C(=O)OCCN(CC*)c1ccc(cc1)C=C(C#N)C#N,tg,127.0,97.21452331542969
*OC(=O)c1ccc(cc1)C(=O)OCCN(CC*)c1ccc(cc1)N=Nc1ccc(cc1)c1nc2c(n1CC)cc(cc2)[N+](=O)[O-],tg,149.0,147.5796356201172
*OC(=O)c1ccc(cc1)C(=O)OCCOC(=O)CCC(=O)OCC*,tg,23.0,50.03453826904297
*OC(=O)c1ccc(cc1)C(=O)OCCOC(=O)CCCCC(=O)OCC*,tg,6.0,6.4218597412109375
*OC(=O)c1ccc(cc1)C(=O)OCCOC(=O)CCCCCCC(=O)OCC*,tg,-1.33,-5.22826623916626
*OC(=O)c1ccc(cc1)C(C(C(c1ccc(cc1)C(=O)*)(F)F)(F)F)(F)F,tg,98.0,74.79962158203125
*OC(=O)c1ccc(cc1)C(c1ccc(cc1)C(=O)*)(C)C,tg,100.0,137.1326141357422
*OC(=O)c1ccc(cc1)C(c1ccc(cc1)C(=O)OCC*)(CC)C,tg,94.0,97.4981918334961
*OC(=O)c1ccc(cc1)C=Cc1ccc(cc1)C(=O)OCC(C*)(C)C,tg,80.0,117.10826110839844
*OC(=O)c1ccc(cc1)C=Cc1ccc(cc1)C(=O)OCCCCC*,tg,60.0,32.59917068481445
*OC(=O)c1ccc(cc1)CC(=O)OCc1ccc(cc1)C*,tg,47.0,95.1644287109375
*OC(=O)c1ccc(cc1)CCCCCc1ccc(cc1)C(=O)*,tg,42.5,36.91689682006836
*OC(=O)c1ccc(cc1)CCCCc1ccc(cc1)C(=O)*,tg,46.0,65.59201049804688
*OC(=O)c1ccc(cc1)Cc1ccc(cc1)C(=O)*,tg,122.0,111.59048461914062
*OC(=O)c1ccc(cc1)N=CNc1ccc(cc1)C(=O)OCCCC*,tg,91.0,79.6394271850586
*OC(=O)c1ccc(cc1)N=CNc1ccc(cc1)C(=O)OCCOCC*,tg,77.0,75.32261657714844
*OC(=O)c1ccc(cc1)N=Cc1c(cc(c(c1)OCCCCCC)C=Cc1c(cc(c(c1)OCCCCCC)C=Cc1c(cc(c(c1)OCCCCCC)C=Nc1ccc(cc1)C(=O)OCCCCOCCCCOCCCC*)OCCCCCC)OCCCCCC)OCCCCCC,tg,14.3,105.3444595336914
*OC(=O)c1ccc(cc1)SCCCCSc1ccc(cc1)C(=O)*,tg,62.0,43.792293548583984
*OC(=O)c1ccc(cc1)[Si](c1ccc(cc1)C(=O)OCCN(CC*)c1ccc(cc1)C=Cc1ccc(cc1)[N+](=O)[O-])(C)C,tg,127.0,105.79541015625
*OC(=O)c1ccc(cc1)c1ccc(cc1)C(=O)OCC(C*)(CCC)C,tg,95.0,41.286170959472656
*OC(=O)c1ccc(cc1)c1ccc(cc1)C(=O)OCCCC*,tg,70.0,53.523590087890625
*OC(=O)c1ccc(cc1)c1ccc(cc1)C(=O)OCCCCCC*,tg,52.0,41.4792594909668
*OC(=O)c1ccc(cc1)c1ccc(cc1)C(=O)OCCCCCCC*,tg,41.71,44.3279914855957
*OC(=O)c1ccc(cc1)c1ccc(cc1)C(=O)OCCCCCCCCC*,tg,43.75,44.39216995239258
*OC(=O)c1ccc(cc1)c1ccc(cc1)C(=O)OCCCCCCCCCC*,tg,46.0,40.604068756103516
*OC(=O)c1ccc(cc1)c1ccc(cc1)C(=O)OCCCOCCC*,tg,16.25,45.37608337402344
*OC(=O)c1ccc(cc1)c1ccc(cc1)C(=O)OCCOCC*,tg,53.5,33.99893569946289
*OC(=O)c1ccc(cc1)c1ccc(cc1)C(=O)OCCOCCOCC*,tg,20.0,22.791183471679688
*OC(=O)c1ccc(cc1)c1ccc(cc1)C(=O)OCCOCCOCCOCC*,tg,4.0,14.920573234558105
*OC(=O)c1ccc(cc1)c1ccc(cc1)c1ccc(cc1)C(=O)OCC(C*)(C)C,tg,100.0,48.326446533203125
*OC(=O)c1ccc(cc1)c1ccc(cc1)c1ccc(cc1)C(=O)OCC(C*)(CC)CC,tg,-20.0,90.83502197265625
*OC(=O)c1ccc(cc1)c1ccc(cc1)c1ccc(cc1)C(=O)OCCCCC*,tg,40.0,55.34282684326172
*OC(=O)c1ccc(cc1)c1ccc(cc1)c1ccc(cc1)C(=O)OCCOCCOCCOCC*,tg,20.0,17.247243881225586
*OC(=O)c1ccc(cc1)c1ccc(cc1)c1ccc(cc1)C(=O)OCCOCCOCCOCCOCCOCCOCCOCCOCCOCC*,tg,13.33,9.354873657226562
*OC(=O)c1cccc(C(*)=O)c1,egc,4.6197,4.476842403411865
*OC(=S)C(F)(F)C(*)(F)F,eea,3.6605,3.847722291946411
*OC(=S)C(F)(F)C(*)(F)F,egb,3.1746,3.8524012565612793
*OC(=S)C(F)(F)C(*)(F)F,nc,1.7142,1.800176978111267
*OC(=S)OC(*)=O,eea,3.1486,2.8283069133758545
*OC(=S)OC(*)=O,egb,3.9378,4.093804836273193
*OC(=S)OC(*)=O,ei,7.3548,7.23525857925415
*OC(=S)OC(*)=O,nc,1.7396,1.8110243082046509
*OC(=S)Oc1ccc(*)cc1,eea,1.8722,2.282569169998169
*OC(=S)Oc1ccc(*)cc1,egb,3.9415,3.9054272174835205
*OC(=S)Oc1ccc(*)cc1,ei,6.6287,6.372705936431885
*OC(=S)Oc1ccc(*)cc1,eps,4.1,4.126747131347656
*OC(=S)Oc1ccc(*)s1,eea,2.5249,2.276374578475952
*OC(=S)Oc1ccc(*)s1,egb,3.0437,3.1113831996917725
*OC(=S)Oc1ccc(*)s1,ei,6.1007,6.248225212097168
*OC(=S)Oc1ccc(*)s1,nc,1.9459,1.9561251401901245
*OC(=S)c1ccc(-c2ccc(*)cc2)cc1,eea,2.7321,2.928712844848633
*OC(=S)c1ccc(-c2ccc(*)cc2)cc1,eps,4.56,4.774063587188721
*OC(=S)c1ccc(-c2ccc(*)cc2)cc1,nc,2.0445,1.999444603919983
*OC(=S)c1ccc(C(*)=O)cc1,eea,3.4955,3.696218729019165
*OC(=S)c1ccc(C(*)=O)cc1,egb,2.5144,2.5546045303344727
*OC(=S)c1ccc(C(*)=O)cc1,ei,6.7625,6.837174892425537
*OC(=S)c1ccc(C(*)=O)s1,eea,4.037,3.442859649658203
*OC(=S)c1ccc(C(*)=O)s1,egb,2.3663,2.260171890258789
*OC(=S)c1ccc(C(*)=O)s1,ei,6.7886,6.6101813316345215
*OC(=S)c1ccc(C(*)=O)s1,eps,5.45,5.251466274261475
*OC(=S)c1ccc(C(*)=O)s1,nc,2.068,2.0805373191833496
*OC(C#CC#CC(OC(=O)c1ccc(cc1)C(=O)*)C)C,tg,133.0,103.8229751586914
*OC(C(*)(F)F)(C(F)(F)F)F,tg,-76.93,4.526519775390625
*OC(C(=O)*)C,tg,53.36,44.5164794921875
*OC(C(=O)*)Cc1ccccc1,tg,35.05,30.888635635375977
*OC(C(=O)N(S(=O)(=O)C(C(*)(F)F)(F)F)[Li])(C(F)(F)F)F,tg,67.0,76.63249969482422
*OC(C(=O)NC(C(=O)*)C)C,tg,57.65,83.68431091308594
*OC(C(=O)OCC(=O)*)C,tg,43.0,21.853836059570312
*OC(C(=O)OCC*)C,tg,-21.0,17.769784927368164
*OC(C(=O)OCCC*)C,tg,-33.0,-19.068811416625977
*OC(C(C(*)(F)F)(F)F)(F)F,tg,-109.82,-59.33756637573242
*OC(C(OC(=O)Nc1ccc(cc1)Cc1ccc(cc1)NC(=O)*)c1occc1)c1occc1,tg,74.0,87.85870361328125
*OC(C)(C)C(*)=O,egc,5.8214,6.1437482833862305
*OC(C)(CC(*)=O)C(F)(F)F,egc,6.2535,6.470132827758789
*OC(C)C(*)=O,egc,5.9945,6.398192882537842
*OC(C)C(*)C,egc,5.7581,6.081032752990723
*OC(C)C(=O)NC(C)C(*)=O,egc,5.6199,5.511721134185791
*OC(C)C(=O)OCC(*)=O,egc,5.9109,5.990494251251221
*OC(C)CC(*)=O,egc,6.4371,6.6694512367248535
*OC(C)CCC(C)OC(=O)CCCCC(*)=O,egc,6.4506,6.774460792541504
*OC(C)CCCC(C)C(*)=O,egc,6.6886,6.278959274291992
*OC(C)CCOC(=O)C(*)=O,egc,5.5088,6.0937180519104
*OC(C)CCOC(=O)CC(*)=O,egc,6.8752,6.371781826019287
*OC(C)CCOC(=O)CCCCC(*)=O,egc,6.6227,6.821691036224365
*OC(C)CCOC(=O)CCCCCC(*)=O,egc,6.5798,6.830376148223877
*OC(C)CCOC(=O)CCCCCCCC(*)=O,egc,6.6793,6.864865779876709
*OC(C)CCOC(=O)CCCCCCCCCCC(*)=O,egc,6.742,6.739952087402344
*OC(C)CCOC(=O)COCC(*)=O,egc,6.1998,6.005929470062256
*OC(C)CCOC(=O)c1cccc(C(*)=O)c1,egc,5.0532,5.1263837814331055
*OC(C)COC(*)=O,egc,7.1412,6.849064826965332
*OC(C)COC(=O)C(*)=O,egc,5.4575,5.598504543304443
*OC(C)COC(=O)CCCCC(*)=O,egb,6.5974,6.381763458251953
*OC(C)COC(=O)CCCCC(*)=O,egc,6.7094,6.809323787689209
*OC(C)COC(=O)CCCCCCCCC(*)=O,egc,6.952,6.725443363189697
*OC(C)COC(=O)CCCCS(=O)(=O)CCCCC(*)=O,egc,6.649,6.545816898345947
*OC(C)COC(=O)c1cccc(C(*)=O)c1,egc,5.0391,4.916556358337402
*OC(C*)(C)C,tg,92.0,-8.874903678894043
*OC(C*)C,tg,-58.58,-19.09503746032715
*OC(C*)C1C(C(C1)(F)F)(F)F,tg,-25.0,35.195125579833984
*OC(C*)CBr,tg,-14.0,-16.81949806213379
*OC(C*)CC,tg,-72.01,-42.40647888183594
*OC(C*)CC(Cl)(Cl)Cl,tg,-36.0,23.840116500854492
*OC(C*)CCCCCC,tg,-71.67,-69.40555572509766
*OC(C*)CCCCCCCCCC,tg,-41.0,-74.95149230957031
*OC(C*)CCl,tg,-21.5,4.059488773345947
*OC(C*)CN1C(=O)C2C(C1=O)C1C=CC2C1,tg,87.5,106.9182357788086
*OC(C*)COC(=O)CCCCCCCCCCN1C(=O)C2C(C1=O)C1C=CC2C1,tg,-31.0,36.391197204589844
*OC(C*)COC(=O)CCCCCN1C(=O)C2C(C1=O)C1C=CC2C1,tg,1.0,52.94484329223633
*OC(C*)COC(C(F)(F)F)(C(F)(F)F)F,tg,-43.0,-65.60984802246094
*OC(C*)COC(C)(C)C,tg,-24.0,-11.939784049987793
*OC(C*)COC(C)C,tg,-67.0,-48.04914855957031
*OC(C*)COC(OCC)C,tg,-67.0,-62.63096237182617
*OC(C*)COCC,tg,-61.0,-61.27347946166992
*OC(C*)COCC=C,tg,-74.0,-61.65505599975586
*OC(C*)COCCCC,tg,-79.0,-79.15730285644531
*OC(C*)COCCCCCC,tg,-85.5,-78.07794952392578
*OC(C*)COCOCC(C)([N+](=O)[O-])[N+](=O)[O-],tg,-17.5,-15.463435173034668
*OC(C*)COc1ccc(cc1)c1ccc(cc1)C#N,tg,94.15,37.269859313964844
*OC(C*)CS(=O)(=O)C,tg,59.4,51.81517791748047
*OC(C*)CS(=O)(=O)CC,tg,57.0,54.32949447631836
*OC(C*)CS(=O)(=O)CCC,tg,43.0,63.16593933105469
*OC(C*)CS(=O)(=O)CCCCC,tg,38.5,20.01447296142578
*OC(C*)CSC(C)C,tg,-44.0,-63.17910385131836
*OC(C*)CSCC,tg,-57.0,-54.73066711425781
*OC(C*)CSCCCC,tg,-65.0,-63.58176040649414
*OC(C*)CSCCCCC,tg,-68.0,-55.65738296508789
*OC(C*)C[N-][N+]#N,tg,-44.57,-15.771281242370605
*OC(C*)c1ccccc1,tg,32.38,6.946054935455322
*OC(C*)c1occc1,tg,12.5,-10.950688362121582
*OC(C=C)CC(*)=O,egc,6.1885,6.116964817047119
*OC(CC(*)=O)C(C)(Cl)Cl,egc,6.4677,6.448439598083496
*OC(CC(*)=O)C(C)C,egc,6.7353,6.28682279586792
*OC(CC(*)=O)C1CCC=CO1,egc,4.8999,5.783743858337402
*OC(CC(*)=O)C1CO1,egb,6.1493,6.624742031097412
*OC(CC(*)=O)C1CO1,egc,6.757,6.280903339385986
*OC(CC(=O)*)(C)C(F)(F)F,tg,26.2,-0.1390736848115921
*OC(CC(=O)*)C(Cl)(Cl)C,tg,109.0,113.47965240478516
*OC(CC(=O)*)C(Cl)(Cl)Cl,tg,156.0,87.36837768554688
*OC(CC(=O)*)CCCCC,tg,-34.5,-41.507568359375
*OC(CC(=O)*)CCCCCC,tg,-47.0,-24.177032470703125
*OC(CC(=O)*)COc1ccccc1,tg,20.0,83.45563507080078
*OC(CC(=O)OCC*)C,tg,-37.1,-26.272302627563477
*OC(CC(C)C)C(*)=O,egb,5.8529,6.394072532653809
*OC(CC)(CC)C(*)=O,egc,6.0873,5.783420085906982
*OC(CC)C(*)=O,egc,6.3762,6.095000267028809
*OC(CCC(C(=O)*)C1OCCCO1)CCC,tg,17.4,72.26273345947266
*OC(CCCCC)CC(*)=O,egc,6.5462,6.708151340484619
*OC(CCCCCC)CC(*)=O,egc,6.7534,6.552635192871094
*OC(CCCCCCC=C)CC(*)=O,egb,5.5852,5.020138263702393
*OC(CCOC(=O)C(C(=O)*)CCCCCCOc1ccc(cc1)N=Cc1ccc(cc1)[N+](=O)[O-])C,tg,3.0,31.11370086669922
*OC(CCOC(=O)c1ccc(cc1)c1ccc(cc1)C(=O)*)C,tg,86.83,79.7410888671875
*OC(CCc1ccccc1)CC(*)=O,egc,5.4818,5.584862232208252
*OC(CCl)CC(*)=O,egc,6.865,6.540811538696289
*OC(COC(*)=O)COC(C)(C)C,egc,6.0333,6.292512893676758
*OC(COC(*)=O)COc1ccccc1,egc,5.4034,5.7511091232299805
*OC(COC(=O)*)C,tg,31.72,36.19401931762695
*OC(COC(=O)*)COC(C)(C)C,tg,11.0,36.72980499267578
*OC(COC(=O)*)COCC,tg,-5.0,-7.3138885498046875
*OC(COC(=O)*)COCCCC,tg,-24.0,-38.89846420288086
*OC(COC(=O)C1=C(C2C=CC1C2)C(=O)OCC(OC(=O)c1ccc(cc1)C(=O)*)COC(=O)C1=C(C2C=CC1C2)c1ccccc1)COC(=O)C1=C(C2C=CC1C2)c1ccccc1,tg,74.0,138.7301483154297
*OC(COC(=O)NCCCCCCNC(=O)*)c1occc1,tg,17.0,11.428924560546875
*OC(COC(=O)Nc1ccc(cc1)Cc1ccc(cc1)NC(=O)*)c1occc1,tg,40.0,59.86508560180664
*OC(COC(=O)c1c(c(c(cc1)c1c(cc(c(c1)CCCCCCCC)c1c(c(c(cc1)C(=O)*)F)F)CCCCCCCC)F)F)COc1ccc(cc1)N=Nc1ccc(cc1)C#N,tg,61.0,109.68622589111328
*OC(COC(=O)c1c(cccc1)C(=O)*)C,tg,95.0,56.06877136230469
*OC(COC(=O)c1c(cccc1)c1c(cccc1)C(=O)*)COc1ccc(cc1)N=Nc1ccc(cc1)C#N,tg,120.0,113.81317138671875
*OC(COC(=O)c1cc(c(cc1)C(=O)*)OC)COc1ccc(cc1)N=Nc1ccc(cc1)C#N,tg,120.0,119.31460571289062
*OC(COC(=O)c1cc(cc(c1)C(C)(C)C)C(=O)*)COc1ccc(cc1)N=Nc1ccc(cc1)C#N,tg,137.0,120.8214340209961
*OC(COC(=O)c1cc(ccc1)C(=O)*)COc1ccc(cc1)N=Nc1ccc(cc1)C#N,tg,119.0,122.48626708984375
*OC(COC(=O)c1cc(ccc1)C(=O)OCC(*)(F)F)(F)F,tg,28.0,44.09590530395508
*OC(COC(=O)c1cc(ccc1)C(C(C(c1cc(ccc1)C(=O)OCC(*)(F)F)(F)F)(F)F)(F)F)(F)F,tg,30.0,35.009830474853516
*OC(COC(=O)c1cc2c(cc1)cc(cc2)C(=O)*)COc1ccc(cc1)N=Nc1ccc(cc1)C#N,tg,138.0,141.67323303222656
*OC(COC(=O)c1ccc(cc1)C(=O)*)COc1ccc(cc1)N=Nc1ccc(cc1)C#N,tg,122.0,132.831787109375
*OC(COC(=O)c1ccc(cc1)c1ccc(cc1)C(=O)*)COc1ccc(cc1)N=Nc1ccc(cc1)C#N,tg,141.0,126.8115463256836
*OC(COC(COC(=O)c1ccc(cc1)C(=O)*)C)C,tg,37.0,32.68497085571289
*OC(COC(F)(C(F)(F)F)C(F)(F)F)C(*)COC(F)(C(F)(F)F)C(F)(F)F,egc,6.5255,6.535338878631592
*OC(COCC(OC(=O)c1c(cccc1)C(=O)*)C)C,tg,25.0,45.6436882019043
*OC(COCCCC)COC(*)=O,egc,6.2375,6.6798176765441895
*OC(COCCOC)COC(*)=O,egc,6.2142,6.288447856903076
*OC(F)(C(*)(F)F)C(F)(F)F,egc,8.6002,8.949485778808594
*OC(F)(F)C(*)(F)F,egb,10.1137,9.160584449768066
*OC(F)(F)C(*)(F)F,egc,9.8627,8.580575942993164
*OC(F)(F)C(=O)C(*)(F)F,eea,3.6501,2.61561918258667
*OC(F)(F)C(=O)C(*)(F)F,egb,5.2263,5.0971999168396
*OC(F)(F)C(=O)C(*)(F)F,ei,8.7917,8.209150314331055
*OC(F)(F)C(=O)C(*)(F)F,nc,1.5807,1.6233686208724976
*OC(F)(F)C(=S)C(*)(F)F,eea,4.3264,3.7240960597991943
*OC(F)(F)C(=S)C(*)(F)F,ei,7.385,8.046611785888672
*OC(F)(F)C(=S)C(*)(F)F,eps,3.6,3.905822515487671
*OC(F)(F)C(=S)C(*)(F)F,nc,1.6753,1.7538597583770752
*OC(F)(F)C(F)(F)C(*)(F)F,egb,9.1214,9.682988166809082
*OC(F)(F)C(F)(F)C(*)(F)F,egc,9.4523,9.066611289978027
*OC(F)(F)C(F)(F)C(F)(F)C(*)(F)F,egb,8.7307,9.119935989379883
*OC(F)(F)C(F)(F)C(F)(F)C(*)(F)F,egc,9.0549,8.749234199523926
*OC(F)(F)CC(*)(F)F,egb,10.0451,9.31438159942627
*OC(F)(F)CC(*)(F)F,ei,9.6085,9.489555358886719
*OC(F)(F)CC(*)(F)F,eps,3.47,3.4409000873565674
*OC(F)(F)COC(=O)c1cccc(C(=O)OCC(*)(F)F)c1,egc,4.7299,5.340928554534912
*OC(F)(F)NC(*)(F)F,egb,8.991,8.345954895019531
*OC(F)(F)NC(*)(F)F,ei,9.067,8.907843589782715
*OC(F)(F)NC(*)(F)F,eps,4.04,3.708266496658325
*OC(F)(F)NC(*)(F)F,nc,1.5936,1.5910402536392212
*OC(F)(F)OC(*)(F)F,eps,3.8,3.500617742538452
*OC(F)(F)OC(*)(F)F,nc,1.5596,1.5739696025848389
*OC(F)(F)c1ccc(C(*)(F)F)cc1,eea,2.1427,2.2341184616088867
*OC(F)(F)c1ccc(C(*)(F)F)cc1,nc,1.7269,1.7323739528656006
*OC(F)(F)c1ccc(C(*)(F)F)s1,ei,7.2935,7.445783615112305
*OC(F)(F)c1ccc(C(*)(F)F)s1,eps,3.93,4.1334614753723145
*OC(OC(=O)c1c2c(c(cc1)C(=O)OC(OCC1CCC(CC1)C*)C)cccc2)C,tg,60.0,72.70500183105469
*OC(OC(=O)c1ccc(cc1)C(=O)OC(OCC1CCC(CC1)C*)C)C,tg,61.0,65.96637725830078
*OC([2H])([2H])C(*)([2H])C([2H])=C([2H])[2H],egc,5.4798,5.924705505371094
*OC([2H])([2H])C(*)([2H])[2H],egc,5.8501,6.305936336517334
*OC(c1ccc(Cl)cc1)C(C)(C)C(*)=O,egc,4.9195,4.842682838439941
*OC(c1ccc(OC)cc1)C(C)(C)C(*)=O,egb,4.5832,4.672041893005371
*OC(c1ccc(OC)cc1)C(C)(C)C(*)=O,egc,5.0038,5.141864776611328
*OC(c1ccccc1)C(C)(C)C(*)=O,egc,5.5004,5.226002216339111
*OC(c1ccco1)C(C)(C)C(*)=O,egc,5.4574,5.05157470703125
*OC*,tg,-53.97,42.59696960449219
*OC1(C)CC(C)(C)C(C)(N2CCCC(*)C2)C1C,egc,4.6138,4.407123565673828
*OC1(C)CCC(*)CC1CCCCCCCC,egc,5.4763,5.7039618492126465
*OC1(F)C(C)C(C)(C2(Cl)CNCNC2*)CC1(C)C,egc,5.4515,5.707294464111328
*OC1(O)CCCC(*)C1,egc,6.0531,5.809369087219238
*OC1=CC(=O)C(*)=CC1=O,egc,3.1359,2.8909430503845215
*OC1C(C(C1(C)C)OC(=O)C1CCC(CC1)C(=O)*)(C)C,tg,169.0,103.97520446777344
*OC1C(C)(C)C(OC(*)=O)C1(C)C,egb,6.9495,6.380395412445068
*OC1C(C)(C)C(OC(*)=O)C1(C)C,egc,6.5093,6.9363789558410645
*OC1C(C)(C)C(OC(=O)c2ccc(C(*)=O)cc2)C1(C)C,egc,4.7185,4.551856517791748
*OC1C(CCCC1)*,tg,68.0,15.939186096191406
*OC1C(CCCC1)OC(=O)*,tg,117.3,121.89151763916016
*OC1C(CO)OC(*)C(NC(C)=O)C1O,egc,5.9496,5.515533924102783
*OC1C(CO)OC(*)C(O)C1O,eea,0.8344,0.8864802718162537
*OC1C(CO)OC(*)C(O)C1O,egb,7.4757,6.851276397705078
*OC1C(CO)OC(*)C(O)C1O,egc,5.8509,6.245547294616699
*OC1C(CO)OC(*)C(O)C1O,eps,3.78,4.293034553527832
*OC1C(CO)OC(*)C(O)C1O,nc,1.6879,1.6713746786117554
*OC1C(COC(C)=O)OC(*)C(OC(C)=O)C1O,egc,5.6034,6.028761863708496
*OC1C(COC(C)=O)OC(*)C(OC(C)=O)C1OC(C)=O,egc,5.9636,5.476603984832764
*OC1C(COC)OC(*)C(OC)C1OC,egc,5.6468,5.831086158752441
*OC1CC(C)CC(*)O1,egc,6.2631,6.188756942749023
*OC1CCC(C2CCC(OC(=O)CCCCCCCCC(*)=O)CC2)CC1,egc,6.3469,6.5593671798706055
*OC1CCC(C2CCC(OC(=O)CCCCCCCCCC(*)=O)CC2)CC1,egc,6.4908,6.297669410705566
*OC1CCC(C2CCC(OC(=O)CCCCCCCCCCC(*)=O)CC2)CC1,egc,6.4832,6.264283180236816
*OC1CCC(CC1)OC(=O)C(=O)*,tg,139.6,136.1436309814453
*OC1CCC(CC1)OC(=O)CCCCC(=O)*,tg,77.8,59.77529525756836
*OC1CCC(CC1)OC(=O)CCCCCCCCC(=O)*,tg,66.0,58.49100875854492
*OC1CCC(CC1)OC(=O)OCCCCCCCOC(=O)*,tg,-5.0,11.514164924621582
*OC1CCC(CC1)OC(=O)OCCCCCCOC(=O)*,tg,10.0,0.2539825439453125
*OC1CCC(CC1)OC(=O)c1ccc(cc1)C(=O)*,tg,94.3,163.3612060546875
*OC1CCC(NC(*)=O)CC1,egc,6.28,6.2438859939575195
*OC1CCC(OC(*)=O)CC1,egc,7.1786,6.871796131134033
*OC1CCC(OC(=O)CCC(*)=O)CC1,egc,6.4253,6.368904113769531
*OC1CCC(OC(=O)CCCCC(*)=O)CC1,egc,6.706,6.552975177764893
*OC1CCC(OC(=O)NCCNC(*)=O)CC1,egc,6.0582,6.318056106567383
*OC1CCC(OC(=O)OCCCCCCCOC(*)=O)CC1,egc,7.2009,6.961684703826904
*OC1CCC(OC(=O)OCCCCCOC(*)=O)CC1,egc,7.0367,7.162188529968262
*OC1CCC(OC(=O)OCCCCOC(*)=O)CC1,egc,7.0064,7.070850849151611
*OC1CCCC(*)O1,egc,6.1442,6.193166255950928
*OC1CCCC1*,egc,5.3919,5.5464653968811035
*OC1CCCCC1*,egc,5.1513,5.627902984619141
*OC1CCCCC1OC(*)=O,egc,6.7044,6.505211353302002
*OC1CCCCCC1*,egc,5.6512,5.2915873527526855
*OC1OC(*)C2CCCCC12,egc,6.0383,6.086287021636963
*OC3=CC=CC(C(C2=CC=CC(OC1=CC=CC(*)=C1)=C2)=O)=C3,egc,3.6547,4.177175521850586
*OCC(=O)NCCCCCCNC(=O)C*,tg,10.0,27.285158157348633
*OCC(=S)c1ccc(C(=S)Cc2ccc(-c3ccc(*)cc3)cc2)s1,eps,4.62,5.371645450592041
*OCC(C*)(C)C,tg,-50.0,1.7892354726791382
*OCC(C*)(CC)C,tg,-47.0,-5.994150638580322
*OCC(C*)(CCl)CC,tg,20.0,1.3517709970474243
*OCC(C*)(CO)C,tg,62.0,2.7588348388671875
*OCC(C*)(COC(=O)C(=C)C)CC,tg,72.5,-46.79217529296875
*OCC(C*)(COCC(C(C(F)(F)F)(F)F)(F)F)C,tg,-45.0,-59.737060546875
*OCC(C*)(COCC(F)(F)F)C,tg,-41.0,-22.275894165039062
*OCC(C*)(COCCC#N)C,tg,-52.0,-10.841171264648438
*OCC(C*)(COCCCCCCCCCCOc1ccc(cc1)c1ccc(cc1)C#N)C,tg,7.0,9.848370552062988
*OCC(C*)(COCCOCCOCCOC)C,tg,-18.0,-81.16667175292969
*OCC(C*)(CS(=O)(=O)C(C)C)CS(=O)(=O)C(C)C,tg,91.0,78.9487533569336
*OCC(C*)(CS(=O)(=O)C)CS(=O)(=O)C,tg,102.0,127.83451080322266
*OCC(C*)(CS(=O)(=O)CCC)CS(=O)(=O)CCC,tg,71.0,85.35513305664062
*OCC(C*)(CS(=O)(=O)CCCCC)CS(=O)(=O)CCCCC,tg,56.0,25.64606285095215
*OCC(C*)(CSC)CSC,tg,-6.0,5.292139530181885
*OCC(C*)(CSCC)CSCC,tg,-32.0,-31.64141845703125
*OCC(C*)(CSCCCCC)CSCCCCC,tg,-33.0,-69.86663818359375
*OCC(C*)C,tg,-55.0,-45.40694046020508
*OCC(C*)C(C)(C)C,tg,-4.0,-21.453598022460938
*OCC(C*)O,tg,17.0,-16.33156394958496
*OCC(F)(F)C(*)(F)F,egb,8.8494,9.59446907043457
*OCC(F)(F)C(*)(F)F,ei,9.8385,8.874971389770508
*OCC(F)(F)C(*)(F)F,eps,3.5,3.2799086570739746
*OCC(F)(F)C(*)(F)F,nc,1.5633,1.5720651149749756
*OCCC(=O)CC(=O)Oc1ccc(*)cc1,eea,2.0323,2.048659324645996
*OCCC(=O)CC(=O)Oc1ccc(*)cc1,egb,3.7901,4.152010440826416
*OCCC(=O)CC(=O)Oc1ccc(*)cc1,ei,6.7464,6.541817665100098
*OCCC(=O)CC(=O)Oc1ccc(*)cc1,nc,1.7251,1.7974662780761719
*OCCC(=O)NCc1c(cc(c(c1)C)CNC(=O)CC*)C,tg,80.0,112.80834197998047
*OCCC*,tg,-72.46,-50.54936218261719
*OCCCCC(=O)NCc1ccc(cc1)CNC(=O)CCCC*,tg,70.0,72.87285614013672
*OCCCCCCCC*,tg,-19.0,-55.70249557495117
*OCCCCONC(*)=O,egb,5.6793,5.731133937835693
*OCCCCONC(*)=O,ei,6.4266,6.974772930145264
*OCCCCONC(*)=O,eps,3.69,3.762110471725464
*OCCCCONC(*)=O,nc,1.6747,1.7146234512329102
*OCCCCOc1ncnc(n1)*,tg,-11.0,13.286046028137207
*OCCCCSSCCCC*,tg,-76.0,-24.55423927307129
*OCCCNC(=O)CCCCC(=O)NCCC*,tg,34.0,7.309789180755615
*OCCCNC(=O)c1ccc(cc1)C(=O)NCCC*,tg,72.0,107.9822769165039
*OCCOCCOCCCNC(=O)C(NC(=O)C(NC(=O)CCCCCCCCC(=O)NC(C(=O)NC(C(=O)NCCC*)C(C)C)Cc1ccccc1)Cc1ccccc1)C(C)C,tg,66.0,58.01701354980469
*OCCOCCOCCCNC(=O)C(NC(=O)CCCCCCCCC(=O)NC(C(=O)NCCC*)Cc1ccccc1)Cc1ccccc1,tg,44.0,43.13174819946289
*OCCOCCOCCCNC(=O)CCCCCCCCC(=O)NCCC*,tg,40.0,-7.485015869140625
*OCCOCCOCCCNC(=O)CNC(=O)C(NC(=O)CCCCCCCCC(=O)NC(C(=O)NCC(=O)NCCC*)Cc1ccccc1)Cc1ccccc1,tg,36.0,39.727596282958984
*OCCSSSSCC*,tg,-40.0,17.962980270385742
*OCOCCCC*,tg,-83.2,-27.882253646850586
*OCOCCCCSSCCCC*,tg,-76.0,-34.026214599609375
*ON(C(C(*)(F)F)(Br)F)C(F)(F)F,tg,3.0,28.143203735351562
*ON(C(C(*)(F)F)(Cl)F)C(F)(F)F,tg,-50.0,-19.51920509338379
*ON(C(C(*)(F)F)(F)F)C(F)(F)F,tg,-40.62,-14.731521606445312
*ON(C(F)(F)F)C(F)(C(*)(F)F)C(F)(F)F,egb,7.0955,7.099335193634033
*ON(C(F)(F)F)C(F)(Cl)C(*)(F)F,egc,6.7405,6.469850063323975
*ON(C(F)(F)F)C(F)(F)C(*)(F)F,egc,7.1742,7.253879547119141
*ON(C(F)(F)F)C(F)(F)C(F)=C(F)C(*)(F)F,egc,4.6645,5.036612033843994
*OOC(C*)c1ccc(cc1)Br,tg,9.6,58.97801208496094
*OP(=O)(N=Nc1ccc(cc1)C(=O)c1ccc(cc1)N=NP(=O)(OCC1CCC(CC1)C*)OC)OC,tg,52.0,80.60411834716797
*OP(=O)(N=Nc1ccc(cc1)C(=O)c1ccc(cc1)N=NP(=O)(OCCOCC*)OC)OC,tg,33.0,46.51906204223633
*OP(=O)(N=Nc1ccc(cc1)CCOC(=O)c1cc(cc(c1)C(C)(C)C)C(=O)OCCc1ccc(cc1)N=NP(=O)(OCC*)OC)OC,tg,84.0,79.92729187011719
*OP(=O)(N=Nc1ccc(cc1)COC(=O)c1cc(cc(c1)C(C)(C)C)C(=O)OCc1ccc(cc1)N=NP(=O)(OCC*)OC)OC,tg,105.0,77.00648498535156
*OP(=O)(N=Nc1ccc(cc1)Oc1ccc(cc1)N=NP(=O)(OCC*)OCC)OCC,tg,22.0,17.825769424438477
*OP(=O)(N=Nc1ccc(cc1)Oc1ccc(cc1)N=NP(=O)(OCCOCC*)OC)OC,tg,32.0,29.385826110839844
*OP(=O)(N=Nc1ccc(cc1)Oc1ccc(cc1)N=NP(=O)(OCc1ccc(cc1)C*)OC)OC,tg,50.0,48.79005432128906
*OP(=O)(N=Nc1ccc(cc1)c1ccc(cc1)N=NP(=O)(OCc1ccc(cc1)C*)OC)OC,tg,48.0,62.93114471435547
*OP(=O)(OCCCCCCCCCCOc1c(cc(cc1)C=C1C(=O)C(=Cc2cc(c(cc2)OCCCCCCCCCC*)OC)CC1)OC)OCC,tg,47.0,70.84536743164062
*OP(=O)(OCCCCCCCCCCOc1ccc(cc1)C=Cc1ccc(cc1)OCCCCCCCCCC*)OCCCCCCCCCCOc1ccc(cc1)N=Nc1ccc(cc1)C#N,tg,60.0,50.363407135009766
*OP(=O)(OCCCCCCCCCCOc1ccc(cc1)C=Cc1ccc(cc1)OCCCCCCCCCC*)OCCCCCCCCCCOc1ccc(cc1)N=Nc1ccc(cc1)Cl,tg,60.0,60.17155838012695
*OP(=O)(OCCCCCCCCCCOc1ccc(cc1)C=Cc1ccc(cc1)OCCCCCCCCCC*)OCCCCCCCCCCOc1ccc(cc1)N=Nc1ccc(cc1)[N+](=O)[O-],tg,50.0,49.279693603515625
*OP(=O)(OCCCCCCCCCCOc1ccc(cc1)C=Cc1ccc(cc1)OCCCCCCCCCC*)OCCCCCCCCCCOc1ccc(cc1)N=Nc1ccc(cc1)c1ccccc1,tg,50.0,66.46366119384766
*OP(=O)(OCCCCCCCCCCOc1ccc(cc1)C=Cc1ccc(cc1)OCCCCCCCCCC*)OCCCCCCCCCCOc1ccc(cc1)N=Nc1ccccc1,tg,55.0,44.459251403808594
*OP(=O)(OCCCCCCCCOc1c(cc(cc1)C=C1C(=O)C(=Cc2cc(c(cc2)OCCCCCCCC*)OC)CC1)OC)OCC,tg,62.0,50.810638427734375
*OP(=O)(OCCCCCCOc1c(cc(cc1)C=C1C(=O)C(=Cc2cc(c(cc2)OCCCCCC*)OC)CC1)OC)OCC,tg,75.0,57.265628814697266
*OP(=O)(OCCCCOc1c(cc(cc1)C=C1C(=O)C(=Cc2cc(c(cc2)OCCCC*)OC)CC1)OC)OC,tg,75.0,81.79712677001953
*OP(=O)(OCCCCOc1c(cc(cc1)C=C1C(=O)C(=Cc2cc(c(cc2)OCCCC*)OC)CC1)OC)OCC,tg,79.0,74.22037506103516
*OP(=O)(OCCOc1c(cc(cc1)C=C1C(=O)C(=Cc2cc(c(cc2)OCC*)OC)CC1)OC)OC,tg,99.0,79.2645492553711
*OP(=O)(OCCOc1c(cc(cc1)C=C1C(=O)C(=Cc2cc(c(cc2)OCC*)OC)CC1)OC)OCC,tg,80.0,95.19300842285156
*OP(=O)(OCCOc1ccc(cc1)S(=O)(=O)c1ccc(cc1)OCC*)Oc1ccc(cc1)Br,tg,59.0,42.3804817199707
*OP(=O)(OCCOc1ccc(cc1)S(=O)(=O)c1ccc(cc1)OCC*)Oc1ccc(cc1)C,tg,46.0,48.13892364501953
*OP(=O)(OCCOc1ccc(cc1)S(=O)(=O)c1ccc(cc1)OCC*)Oc1ccc(cc1)[N+](=O)[O-],tg,56.0,68.59687805175781
*OP(=O)(OCCOc1ccc(cc1)S(=O)(=O)c1ccc(cc1)OCC*)Oc1ccccc1,tg,49.0,68.06085968017578
*OP(=O)(Oc1c(c(c(c(c1Cl)Cl)*)Cl)Cl)Oc1c(cc(cc1Cl)Cl)Cl,tg,127.0,147.35214233398438
*OP(=O)(Oc1c(c(c(c(c1Cl)Cl)*)Cl)Cl)Oc1c(cccc1Cl)Cl,tg,144.0,110.10545349121094
*OP(=O)(Oc1c(c(c(c(c1Cl)Cl)*)Cl)Cl)Oc1ccc(cc1)Cl,tg,119.0,99.15293884277344
*OP(=O)(Oc1c(c(c(c(c1Cl)Cl)*)Cl)Cl)Oc1ccccc1,tg,79.0,121.80196380615234
*OP(=O)(Oc1c(cc(cc1Br)C(c1cc(c(c(c1)Br)*)Br)(C(F)(F)F)C(F)(F)F)Br)Oc1ccc(cc1)Br,tg,152.0,149.99195861816406
*OP(=O)(Oc1c(cc(cc1Br)C(c1cc(c(c(c1)Br)*)Br)(C(F)(F)F)C(F)(F)F)Br)Oc1ccc(cc1)C,tg,146.0,147.35806274414062
*OP(=O)(Oc1c(cc(cc1Br)C(c1cc(c(c(c1)Br)*)Br)(C(F)(F)F)C(F)(F)F)Br)Oc1ccc(cc1)OC,tg,151.0,145.49342346191406
*OP(=O)(Oc1c(cc(cc1Br)C(c1cc(c(c(c1)Br)*)Br)(C(F)(F)F)C(F)(F)F)Br)Oc1ccc(cc1)[N+](=O)[O-],tg,154.0,162.9306182861328
*OP(=O)(Oc1c(cc(cc1C)S(=O)(=O)c1cc(c(c(c1)C)*)C)C)Oc1ccc(cc1)C,tg,128.0,140.16131591796875
*OP(=O)(Oc1c(cc(cc1C)S(=O)(=O)c1cc(c(c(c1)C)*)C)C)Oc1ccc(cc1)OC,tg,147.0,138.1817626953125
*OP(=O)(Oc1c(cc(cc1C)S(=O)(=O)c1cc(c(c(c1)C)*)C)C)Oc1ccc(cc1)[N+](=O)[O-],tg,173.0,153.57223510742188
*OP(=O)(Oc1c(cc(cc1C)S(=O)(=O)c1cc(c(c(c1)C)*)C)C)Oc1ccccc1,tg,142.0,138.22686767578125
*OP(=O)(Oc1c2c(ccc1)c(ccc2)*)OC1CCCCC1,tg,134.0,149.49493408203125
*OP(=O)(Oc1c2c(ccc1)c(ccc2)*)Oc1ccccc1,tg,138.0,107.30701446533203
*OP(=O)(Oc1ccc(*)cc1)OC1CCCCC1,egc,5.2577,5.384500026702881
*OP(=O)(Oc1ccc(-c2ccc(*)cc2)cc1)OC1CCCCC1,egc,4.479,4.279508590698242
*OP(=O)(Oc1ccc(cc1)*)Oc1ccccc1,tg,97.0,69.76528930664062
*OP(=O)(Oc1ccc(cc1)C(c1ccc(cc1)*)(C)C)Oc1c(c(c(c(c1Cl)Cl)Cl)Cl)Cl,tg,130.0,85.35987091064453
*OP(=O)(Oc1ccc(cc1)C(c1ccc(cc1)*)(C)C)Oc1c(cc(cc1Cl)Cl)Cl,tg,94.0,121.45860290527344
*OP(=O)(Oc1ccc(cc1)C(c1ccc(cc1)*)(C)C)Oc1c(cccc1Cl)Cl,tg,96.0,113.8294906616211
*OP(=O)(Oc1ccc(cc1)NC(=O)Oc1ccc(cc1)C(c1ccc(cc1)OC(=O)Nc1ccc(cc1)*)(C)C)c1ccccc1,tg,34.0,40.87095260620117
*OP(=O)(Oc1ccc(cc1)NC(=O)Oc1ccc(cc1)c1ccc(cc1)OC(=O)Nc1ccc(cc1)*)c1ccccc1,tg,34.0,66.28661346435547
*OP(=O)(Oc1ccc(cc1)S(=O)(=O)c1ccc(cc1)*)Oc1ccc(cc1)Br,tg,89.0,111.17477416992188
*OP(=O)(Oc1ccc(cc1)S(=O)(=O)c1ccc(cc1)*)Oc1ccc(cc1)C,tg,66.0,72.3290023803711
*OP(=O)(Oc1ccc(cc1)S(=O)(=O)c1ccc(cc1)*)Oc1ccc(cc1)OC,tg,81.0,82.2308578491211
*OP(=O)(Oc1ccc(cc1)S(=O)(=O)c1ccc(cc1)*)Oc1ccccc1,tg,100.5,96.362548828125
*OP(=O)(Oc1cccc2c(*)cccc12)OC1CCCCC1,egc,4.0777,4.494027614593506
*OP(=O)(Oc1ccccc1)Oc1c(Cl)c(Cl)c(*)c(Cl)c1Cl,egc,4.5449,5.025047779083252
*OP(=O)(Oc1ccccc1)Oc1ccc(*)cc1,egc,5.1351,4.98886775970459
*OP(=O)(Oc1ccccc1)Oc1ccc(-c2ccc(*)cc2)cc1,egc,4.631,4.597273349761963
*OS(=O)(=O)c1c(ccc(c1)S(=O)(=O)Oc1ccc(cc1)C1(CCCC1)c1ccc(cc1)*)C,tg,134.0,132.87164306640625
*OS(=O)(=O)c1c(ccc(c1)S(=O)(=O)Oc1ccc(cc1)C1(CCCCC1)c1ccc(cc1)*)C,tg,140.0,135.9017791748047
*OS(=O)(=O)c1cc(S(=O)(=O)Oc2ccc(C3(c4ccc(*)cc4)CCCC3)cc2)ccc1C,egc,3.9679,3.384316921234131
*OS(=O)(=O)c1cc(c(c(c1)C)*)C,tg,153.0,131.70297241210938
*OS(=O)(=O)c1cc(ccc1)C(=O)c1cc(ccc1)S(=O)(=O)Oc1ccc(cc1)C(c1ccc(cc1)*)(C)C,tg,122.0,146.1277313232422
*OS(=O)(=O)c1cc(ccc1)S(=O)(=O)Oc1ccc(cc1)C(c1ccc(cc1)*)(C)C,tg,117.5,94.3564682006836
*OS(=O)(=O)c1cc(ccc1)S(=O)(=O)Oc1ccc(cc1)C(c1ccc(cc1)*)(CC)C,tg,136.5,96.08777618408203
*OS(=O)(=O)c1cc(ccc1)S(=O)(=O)Oc1ccc(cc1)C1(CCCCC1)c1ccc(cc1)*,tg,126.0,150.34364318847656
*OS(=O)(=O)c1ccc(cc1)Oc1ccc(cc1)S(=O)(=O)Oc1ccc(cc1)C(c1ccc(cc1)*)(C)C,tg,110.0,107.38949584960938
*O[Ca]OC(=O)c1c(cccc1)C(=O)OCCCCCOC(=O)NCCCCCCNC(=O)OCCCCCOC(=O)c1c(cccc1)C(=O)*,tg,-2.4,26.325693130493164
*O[Si](*)(CC)CC,tg,-105.5,-45.555782318115234
*O[Si](*)(CCC)c1ccccc1,tg,40.6,-16.447778701782227
*O[Si](*)(CCCCCCCCCCCOc1ccc(cc1)/C=C/c1ccc(cc1)C#N)C,tg,-55.0,30.3143367767334
*O[Si](*)(CCCCCCCCCCCOc1ccc(cc1)/C=C/c1ccc(cc1)OC)C,tg,55.0,-5.4100799560546875
*O[Si](*)(CCCCCCOc1ccc(cc1)C(=O)Oc1ccc(cc1)C(=O)OCC(CC)C)C,tg,-10.9,-17.55023765563965
*O[Si](*)(CCCCCOc1ccc(cc1)/C=C/c1ccc(cc1)OC)C,tg,52.0,70.9405288696289
*O[Si](*)(CCCCCn1c2ccccc2c2ccccc12)C,tg,7.0,37.06499099731445
*O[Si](*)(CCCOCC1OC(=O)OC1)C,tg,-32.2,-28.660858154296875
*O[Si](*)(CCCOCCOCCOC)CCCOCCOCCOC,tg,-63.4,-79.71675872802734
*O[Si](*)(CCCOCCOCCOCCOCCOC)CCCOCCOCCOCCOCCOC,tg,-69.8,-68.4175796508789
*O[Si](*)(CCCOCCOCCOCCOCCOCCOCCOC)CCCOCCOCCOCCOCCOCCOCCOC,tg,-68.9,-70.8156967163086
*O[Si](*)(CCCOCCOCCOCCOCCOCCOCCOCCOC)CCCOCCOCCOCCOCCOCCOCCOCCOC,tg,-66.4,-68.49076080322266
*O[Si](*)(CCCOc1c(cc(cc1)C(=O)OC1CC2=CCC3C(CCC4(C(CCC34)C(CCCC(C)C)C)C)C2(CC1)C)S(=O)(=O)O[K])C,tg,112.6,80.69847106933594
*O[Si](*)(CCCOc1ccc(cc1)C(=O)OC1CC2=CCC3C(CCC4(C(CCC34)C(CCCC(C)C)C)C)C2(CC1)C)C,tg,66.59,57.51416015625
*O[Si](*)(CCCOc1ccc(cc1)C(=O)Oc1ccc(cc1)c1ccc(cc1)OC(=O)c1cc(c(c(c1)OCC(CC)C)OCC(CC)C)OCC(CC)C)C,tg,57.67,79.4708251953125
*O[Si](*)(CCCOc1ccc(cc1)C(=O)Oc1ccc(cc1)c1ccc(cc1)OC(=O)c1cc(c(c(c1)OCCCCC)OCCCCC)OCCCCC)C,tg,48.67,65.60244750976562
*O[Si](*)(CCCOc1ccc(cc1)N=Nc1ccc(cc1)S(=O)(=O)O)C,tg,9.2,37.489356994628906
*O[Si](*)(CCCn1c2ccccc2c2ccccc12)C,tg,51.0,36.72611618041992
*O[Si](*)(OCCOCCOCCOCCOCCOCCOCCOCCOC)C,tg,-78.0,-62.48994064331055
*O[Si](*)(c1ccccc1)C,tg,-24.27,9.261723518371582
*O[Si](*)(c1ccccc1)c1ccccc1,tg,45.8,70.6605224609375
*O[Si](C#C[Si](C#C[Si](C#C[Si](C#C[Si](*)(C)C)(C)C)(C)C)(C)C)(C)C,tg,-23.0,-25.47292137145996
*O[Si](C#C[Si](C#C[Si](C#C[Si](C#C[Si](C#C[Si](*)(C)C)(C)C)(C)C)(C)C)(C)C)(C)C,tg,-16.1,-12.582962036132812
*O[Si](C)(C)O[Si](C)(C)O[Si](C)(C)OC(C)CCC(*)C,egc,6.3039,5.750730514526367
*O[Si](C)(C)Oc1ccc(*)cc1,egc,4.9485,4.579095840454102
*O[Si](CC(COC(=O)c1cc(ccc1)C(=O)OCC(C[Si](*)(C)C)(C)C)(C)C)(C)C,tg,-52.0,-42.32627868652344
*O[Si](CCC(C(C(C(C(C(C(C(C(C(CC[Si](*)(CCC(F)(F)F)C)(F)F)(F)F)(F)F)(F)F)(F)F)(F)F)(F)F)(F)F)(F)F)(F)F)(CCC(F)(F)F)C,tg,-11.0,-55.7652473449707
*O[Si](CCC(CC[Si](*)(CCC(F)(F)F)C)(F)F)(CCC(F)(F)F)C,tg,-38.0,-74.93521118164062
*O[Si](CCCC(=O)Oc1ccc(cc1)C=Nc1ccc(cc1)Oc1ccc(cc1)N=Cc1ccc(cc1)OC(=O)CCC[Si](*)(C)C)(C)C,tg,52.0,28.005311965942383
*O[Si](CCCCCCOC(=O)C(Oc1c(cc(cc1)OC(=O)c1ccc(cc1)c1ccc(cc1)OCCCCCCCCCC[Si](*)(C)C)[N+](=O)[O-])C)(C)C,tg,20.0,39.28934860229492
*O[Si](CCCCCCOC(=O)C(Oc1ccc(cc1)OC(=O)c1ccc(cc1)c1ccc(cc1)OCCCCCCCCCC[Si](*)(C)C)C)(C)C,tg,35.0,-2.2143096923828125
*O[Si](CCCN=C1c2c(C(=NCCC[Si](*)(C)C)C=C1)c(ccc2O)O)(C)C,tg,32.9,57.05025100708008
*O[Si](CCCN=C1c2c(ccc(c2C(=NCCC[Si](*)(C)C)c2ccccc12)O)O)(C)C,tg,7.5,5.9219207763671875
*O[Si](CC[Si](*)(O[Si](C)(C)C)C)(C)C,tg,-89.0,-77.00956726074219
*O[Si](COC(=O)CCCCCCCCC(=O)Oc1ccc(cc1)S(=O)(=O)c1ccc(cc1)Oc1ccc(cc1)C=C1C(=O)C(=Cc2ccc(cc2)Oc2ccc(cc2)S(=O)(=O)c2ccc(cc2)OC(=O)CCCCCCCCC(=O)OC[Si](*)(C)C)CCC1)(C)C,tg,80.0,87.86575317382812
*O[Si](COC(=O)CCCCCCCCC(=O)Oc1ccc(cc1)S(=O)(=O)c1ccc(cc1)Oc1ccc(cc1)C=C1C(=O)C(=Cc2ccc(cc2)Oc2ccc(cc2)S(=O)(=O)c2ccc(cc2)OC(=O)CCCCCCCCC(=O)OC[Si](*)(C)C)CCCC1)(C)C,tg,81.0,88.2913589477539
*O[Si](OC(CC*)C)(C)C,tg,-88.0,-80.2965316772461
*O[Si](OC(CCC*)C)(C)C,tg,-81.0,-77.34845733642578
*O[Si](OC(COc1ccc(cc1)C(c1ccc(cc1)OCC(*)CCl)(C)C)CCl)(C)C,tg,24.0,44.31599044799805
*O[Si](OCCOc1ccc(cc1)C1(c2ccccc2c2ccccc12)c1ccc(cc1)OCC*)(c1ccccc1)c1ccccc1,tg,97.0,92.72329711914062
*O[Si](O[Si](*)(c1c(c(c(c(c1F)F)F)F)F)C)(C)C,tg,-65.0,-52.456844329833984
*O[Si](O[Si](OC(CCC(*)C)C)(C)C)(C)C,tg,-83.0,-92.94660949707031
*O[Si](O[Si](OC(CCCCC(*)C)C)(C)C)(C)C,tg,-87.0,-89.54071807861328
*O[Si](O[Si](O[Si](*)(c1c(c(c(c(c1F)F)Cl)F)F)C)(C)C)(C)C,tg,-75.0,-58.92671585083008
*O[Si](O[Si](O[Si](*)(c1c(c(c(c(c1F)F)F)F)F)C)(C)C)(C)C,tg,-83.0,-74.84485626220703
*O[Si](O[Si](O[Si](OC(CCCCC(*)C)C)(C)C)(C)C)(C)C,tg,-94.0,-92.26945495605469
*O[Si](O[Si](O[Si](O[Si](CC[Si](O[Si](CC[Si](*)(c1ccccc1)c1ccccc1)(C)C)(C)C)(c1ccccc1)c1ccccc1)(c1ccccc1)c1ccccc1)(c1ccccc1)c1ccccc1)(c1ccccc1)c1ccccc1,tg,11.0,2.5464985370635986
*O[Si](O[Si](O[Si](O[Si](OC(CCC(*)C)C)(C)C)(C)C)(C)C)(C)C,tg,-96.0,-91.33145904541016
*O[Si](O[Si](O[Si](O[Si](OC(CCCCC(*)C)C)(C)C)(C)C)(C)C)(C)C,tg,-98.0,-91.14185333251953
*O[Si](O[Si](O[Si](O[Si](O[Si](C#Cc1ccc(cc1)C#C[Si](*)(C)C)(C)C)(C)C)(C)C)(C)C)(C)C,tg,78.0,-34.34585952758789
*O[Si](O[Si](O[Si](O[Si](O[Si](OC(CCCCC(*)C)C)(C)C)(C)C)(C)C)(C)C)(C)C,tg,-104.0,-89.93627166748047
*O[Si](O[Si](O[Si](O[Si](O[Si](O[Si](OC1=C(c2c3c(ccc2)cccc13)*)(C)C)(C)C)(C)C)(C)C)(C)C)(C)C,tg,-93.0,-3.9911041259765625
*O[Si](O[Si](O[Si](O[Si](O[Si](Oc1c2ccccc2c2ccccc2c1*)(C)C)(C)C)(C)C)(C)C)(C)C,tg,-38.0,-2.6035003662109375
*O[Si](O[Si](O[Si](O[Si](O[Si](c1ccc(cc1)[Si](*)(C)C)(C)C)(C)C)(C)C)(C)C)(C)C,tg,-80.0,-73.17444610595703
*O[Si](O[Si](O[Si](O[Si](c1cc(ccc1)[Si](*)(C)C)(C)C)(C)C)(C)C)(C)C,tg,-75.0,-85.47811126708984
*O[Si](O[Si](O[Si](O[Si](c1cc(ccc1)[Si](*)(c1ccccc1)C)(c1ccccc1)C)(C)C)(C)C)(C)C,tg,-42.0,-37.80257034301758
*O[Si](O[Si](O[Si](O[Si](c1ccc(cc1)Oc1ccc(cc1)[Si](*)(C)C)(C)C)(C)C)(C)C)(C)C,tg,-52.0,-53.617794036865234
*O[Si](O[Si](O[Si](O[Si](c1ccc(cc1)[Si](*)(C)C)(C)C)(C)C)(C)C)(C)C,tg,-72.0,-70.3197021484375
*O[Si](O[Si](O[Si](Oc1c(cc(cc1C)c1cc(c(c(c1)C)*)C)C)(C)C)(C)C)(C)C,tg,14.0,-44.279727935791016
*O[Si](O[Si](O[Si](c1ccc(cc1)Oc1ccc(cc1)[Si](*)(C)C)(C)C)(C)C)(C)C,tg,-37.0,-53.55192565917969
*O[Si](O[Si](O[Si](c1ccc(cc1)[Si](*)(C)C)(C)C)(C)C)(C)C,tg,-62.0,-52.42471694946289
*O[Si](O[Si](Oc1ccc(cc1)c1ccc(cc1)*)(C)C)(C)C,tg,-4.0,61.73189163208008
*O[Si](O[Si](c1c(c(c(c(c1F)F)F)[Si](*)(C)C)F)(C)C)(C)C,tg,-61.0,-76.81534576416016
*O[Si](O[Si](c1ccc(cc1)[Si](*)(C)C)(C)C)(C)C=C,tg,-63.0,-54.54002380371094
*O[Si](O[Si](c1ccc(cc1)[Si](*)(C)C)(C)C)(C=C)C=C,tg,-71.0,-47.077789306640625
*O[Si](Oc1c(cc(cc1)C1(c2ccccc2c2ccccc12)c1cc(c(cc1)*)C)C)(c1ccccc1)c1ccccc1,tg,171.0,148.97622680664062
*O[Si](Oc1ccc(cc1)*)(C)C,tg,90.0,24.45116424560547
*O[Si](Oc1ccc(cc1)C(c1ccc(cc1)*)(C)C)(C)C,tg,45.0,54.4807014465332
*O[Si](Oc1ccc(cc1)C(c1ccc(cc1)*)(C)C)(c1ccccc1)C,tg,58.0,43.729183197021484
*O[Si](Oc1ccc(cc1)C1(c2ccccc2c2ccccc12)c1ccc(cc1)*)(c1ccccc1)c1ccccc1,tg,166.0,185.0144805908203
*O[Si](c1c(cc(c(c1)OCCO)[Si](*)(C)C)OCCO)(C)C,tg,73.0,49.383209228515625
*O[Si](c1c(cc(c(c1)OCCOCc1ccccc1)[Si](*)(C)C)OCCOCc1ccccc1)(C)C,tg,76.0,15.33257007598877
*O[Si](c1c2c(c(cc1)[Si](*)(C)C)cccc2)(C)C,tg,60.0,41.58283996582031
*O[Si](c1c2c(ccc1)c(ccc2)[Si](*)(C)C)(C)C,tg,62.0,22.97737693786621
*O[Si](c1c2ccc3ccc(c4ccc(cc1)c2c34)[Si](*)(C)C)(C)C,tg,65.0,87.05382537841797
*O[Si](c1cc(ccc1)C(C(c1cc(ccc1)[Si](*)(C)C)(F)F)(F)F)(C)C,tg,-2.0,33.48969650268555
*O[Si](c1cc(ccc1)[Si](*)(C)C)(C)C,tg,-52.0,-10.89641284942627
*O[Si](c1cc2c(cc1)cc(cc2)[Si](*)(C)C)(C)C,tg,29.0,20.95391273498535
*O[Si](c1cc2c(cc1)ccc(c2)[Si](*)(C)C)(C)C,tg,26.0,37.84226608276367
*O[Si](c1ccc(cc1)[Si](*)(c1ccccc1)c1ccccc1)(c1ccccc1)c1ccccc1,tg,114.13,116.10438537597656
*O[Si](c1ccc(cc1)[Si](O[SiH](*)C)(C)C)(C)C,tg,-70.33,-45.742919921875
*O[Si](c1ccc(cc1)[Si](O[SiH](*)CCC(F)(F)F)(C)C)(C)C,tg,-37.0,-51.62946701049805
*O[Si](c1ccc(cc1)[Si](Oc1c(cc(cc1C)c1cc(c(c(c1)C)*)C)C)(C)C)(C)C,tg,67.0,139.15576171875
*O[Si](c1ccc(cc1)c1ccc(cc1)[Si](*)(C)C)(C)C,tg,67.0,33.38573455810547
*Oc1c(-c2ccccc2)cc(*)cc1-c1ccccc1,egc,3.9085,3.515427589416504
*Oc1c(Br)cc(C2(c3cc(Br)c(OC(*)=O)c(Br)c3)CC3CCC2C3)cc1Br,egc,4.8531,4.061830997467041
*Oc1c(C)cc(*)cc1C,egc,4.5265,4.716270446777344
*Oc1c(C)cc(N=Nc2ccc(C(*)=O)cc2)cc1C,egc,3.7116,3.5392487049102783
*Oc1c(F)c(F)c(S(=O)(=O)c2c(F)c(F)c(Oc3ccc(C(c4ccc(*)cc4)(C(F)(F)F)C(F)(F)F)cc3)c(F)c2F)c(F)c1F,egc,3.7366,3.2903144359588623
*Oc1c(OC)cc(*)cc1OC,egc,4.2534,4.350918769836426
*Oc1c(c(c(c(c1)C)*)C)Br,tg,280.15,221.8932647705078
*Oc1c(c(c(c(c1C)C)NC(=O)c1ccc(cc1)C(=O)Nc1ccc(cc1)*)C)C,tg,333.0,257.81463623046875
*Oc1c(c(c(c(c1C)C)Oc1ccc(cc1)NC(=O)c1ccc(cc1)C(=O)Nc1ccc(cc1)*)C)C,tg,310.0,311.8777160644531
*Oc1c(c(c(c(c1F)C#N)Oc1ccc(cc1)C(c1cc(ccc1)C(c1ccc(cc1)*)(C)C)(C)C)F)C#N,tg,131.5,102.51399230957031
*Oc1c(c(c(c(c1F)F)COC(c1cc(ccc1)C(OCc1c(c(c(c(c1F)F)Oc1ccc(cc1)Cc1ccc(cc1)*)F)F)(C(F)(F)F)C(F)(F)F)(C(F)(F)F)C(F)(F)F)F)F,tg,94.0,103.76487731933594
*Oc1c(c(c(c(c1F)F)S(=O)(=O)c1c(c(c(c(c1F)F)Oc1ccc(cc1)C(c1ccc(cc1)*)(C(F)(F)F)C(F)(F)F)F)F)F)F,tg,182.0,153.23007202148438
*Oc1c(c(c(c(c1F)F)Sc1c(c(c(c(c1F)F)Oc1ccc(cc1)C(c1ccc(cc1)*)(C(F)(F)F)C(F)(F)F)F)F)F)F,tg,130.33,176.92636108398438
*Oc1c(c(c(c(c1F)F)c1c(c(c(c(c1F)F)Oc1c(cc(cc1)Cc1cc(c(cc1)*)C=O)C=O)F)F)F)F,tg,198.0,173.9499969482422
*Oc1c(c(c(c(c1[2H])[2H])S(=O)(=O)c1c(c(c(c(c1[2H])[2H])Oc1c(c(c(c(c1[2H])[2H])C(c1c(c(c(c(c1[2H])[2H])*)[2H])[2H])(C([2H])([2H])[2H])C([2H])([2H])[2H])[2H])[2H])[2H])[2H])[2H])[2H],tg,175.0,167.58230590820312
*Oc1c(c(cc(c1)Cl)Cl)*,tg,165.0,132.87188720703125
*Oc1c(c(ccc1)Oc1cc(ccc1)*)C#N,tg,144.25,155.6851806640625
*Oc1c(c(ccc1)Oc1cc(ccc1)NC(=O)c1c(ccc(c1)Oc1cc(c(cc1)C(=O)O)C(=O)Nc1cc(ccc1)*)C(=O)O)C#N,tg,200.1,155.83169555664062
*Oc1c(c2c(cc1)cccc2)Sc1c2c(ccc1OCC(=O)Nc1c3c(ccc1)c(ccc3)NC(=O)C*)cccc2,tg,264.0,258.2949523925781
*Oc1c(c2c(cc1)cccc2)Sc1c2c(ccc1OCC(=O)Nc1ccc(cc1)Cc1ccc(cc1)NC(=O)C*)cccc2,tg,241.0,223.41552734375
*Oc1c(c2c(cc1)cccc2)Sc1c2c(ccc1OCC(=O)Nc1ccc(cc1)NC(=O)C*)cccc2,tg,268.0,264.9292297363281
*Oc1c(cc(c(c1)C(=O)c1ccccc1)Oc1ccc(cc1)*)C(=O)c1ccccc1,tg,137.0,115.55947875976562
*Oc1c(cc(c(c1)C(C)(C)C)Oc1ccc(cc1)C(=O)Nc1c(cc(cc1)C(c1cc(c(cc1)NC(=O)c1ccc(cc1)*)C)(C)C)C)C(C)(C)C,tg,275.0,269.55780029296875
*Oc1c(cc(c(c1)C(C)(C)C)Oc1ccc(cc1)C(=O)Nc1c(cc(cc1C)C(c1cc(c(c(c1)C)NC(=O)c1ccc(cc1)*)C)(C)C)C)C(C)(C)C,tg,295.0,266.65570068359375
*Oc1c(cc(c(c1)C(C)(C)C)Oc1ccc(cc1)C(=O)Nc1c(cc(cc1C)Cc1cc(c(c(c1)C(C)C)NC(=O)c1ccc(cc1)*)C)C(C)C)C(C)(C)C,tg,260.0,283.711181640625
*Oc1c(cc(c(c1)C(C)(C)C)Oc1ccc(cc1)C(=O)Nc1ccc(cc1)C(c1ccc(cc1)NC(=O)c1ccc(cc1)*)(C)C)C(C)(C)C,tg,254.0,261.3523254394531
*Oc1c(cc(c(c1)C(C)(C)C)Oc1ccc(cc1)C(=O)c1ccc(cc1)*)C(C)(C)C,tg,206.0,201.72100830078125
*Oc1c(cc(c(c1)C(c1ccccc1)(C)C)OC(=O)c1cc(ccc1)C(=O)*)C(c1ccccc1)(C)C,tg,180.0,164.57752990722656
*Oc1c(cc(c(c1)C(c1ccccc1)(C)C)OC(=O)c1ccc(cc1)C(=O)*)C(c1ccccc1)(C)C,tg,170.0,199.78994750976562
*Oc1c(cc(c(c1)OC(=O)c1ccc(cc1)OCCCC)OC(=O)C(CCC(=O)*)(C)C)OC(=O)c1ccc(cc1)OCCCC,tg,61.0,68.870849609375
*Oc1c(cc(c(c1)OC(=O)c1ccc(cc1)OCCCC)OC(=O)CCCCCC(=O)*)OC(=O)c1ccc(cc1)OCCCC,tg,45.0,39.8373908996582
*Oc1c(cc(c(c1)OC(=O)c1ccc(cc1)OCCCC)OC(=O)CCCCCCCC(=O)*)OC(=O)c1ccc(cc1)OCCCC,tg,38.0,41.68489456176758
*Oc1c(cc(c(c1)OC(=O)c1ccc(cc1)OCCCCCCCCCCCC)OC(=O)CCCC(=O)*)OC(=O)c1ccc(cc1)OCCCCCCCCCCCC,tg,23.0,31.95092010498047
*Oc1c(cc(cc1)C(=O)c1cc(ccc1)C(=O)c1cc(c(cc1)*)C(C)C)CC,tg,136.0,114.66609191894531
*Oc1c(cc(cc1)C(=O)c1ccc(cc1)C(=O)c1cc(c(cc1)*)C(C)C)C,tg,149.0,204.9939422607422
*Oc1c(cc(cc1)C(c1cc(c(cc1)OC(=O)*)C(C)C)(C)C)C(C)C,tg,80.0,107.15019989013672
*Oc1c(cc(cc1)C(c1cc(c(cc1)OC(=O)*)C)(CC)C)C,tg,119.0,110.21414947509766
*Oc1c(cc(cc1)C(c1cc(c(cc1)OC(=O)*)C)(CCC#N)C)C,tg,117.0,110.96141815185547
*Oc1c(cc(cc1)C(c1cc(c(cc1)OC(=O)CCCCC(=O)*)C)(C)C)C,tg,33.5,75.17804718017578
*Oc1c(cc(cc1)C(c1cc(c(cc1)OC(=O)c1ccc(cc1)C(=O)*)C(C)C)(C)C)C(C)C,tg,130.0,109.13726043701172
*Oc1c(cc(cc1)C(c1cc(c(cc1)OC(=O)c1ccc(cc1)C(=O)*)C(CC)C)(C)C)C(CC)C,tg,90.0,113.851806640625
*Oc1c(cc(cc1)C(c1cc(c(cc1)OC(=O)c1ccc(cc1)C(=O)*)C)(C)C)C,tg,167.0,198.2261962890625
*Oc1c(cc(cc1)C(c1cc(c(cc1)OC(=O)c1ccc(cc1)C(=O)*)Cl)(C)C)Cl,tg,190.0,170.73658752441406
*Oc1c(cc(cc1)C1(C2C3C(C(C1)C2)C1CCC3C1)c1c(cc(cc1)OC(=O)*)C)C,tg,232.0,242.5822296142578
*Oc1c(cc(cc1)C1(C2C3C(CCC3)C(C1)C2)c1cc(c(cc1)OC(=O)*)C)C,tg,217.0,174.1768798828125
*Oc1c(cc(cc1)C1(C2CCC(C1)C2)c1cc(c(cc1)OC(=O)*)C)C,tg,161.0,197.93692016601562
*Oc1c(cc(cc1)C1(C2CCC(C1)C2)c1cc(c(cc1)OC(=O)*)Cl)Cl,tg,200.0,217.43179321289062
*Oc1c(cc(cc1)C1(CC2C(CC1)CCCC2)c1cc(c(cc1)Oc1ccc(cc1)C(=O)c1ccc(cc1)*)C)C,tg,201.0,195.57655334472656
*Oc1c(cc(cc1)C1(c2ccccc2c2ccccc12)c1cc(c(cc1)Oc1ccc(cc1)C(=O)c1cc(ccc1)C(=O)c1ccc(cc1)*)C)C,tg,217.0,192.66368103027344
*Oc1c(cc(cc1)C=C1C(=O)C(=Cc2cc(c(cc2)OC(=O)c2cc(ccc2)C(=O)*)OC)CCC1)OC,tg,57.86,98.24822998046875
*Oc1c(cc(cc1)C=C1C(=O)C(=Cc2cc(c(cc2)OC(=O)c2ccc(cc2)N=Cc2ccc(cc2)C=Nc2ccc(cc2)C(=O)*)OC)CC1)OC,tg,140.0,131.92318725585938
*Oc1c(cc(cc1)C=C1C(=O)C(=Cc2cc(c(cc2)OCCCCCCCC*)OC)CCC1)OC,tg,72.0,68.00715637207031
*Oc1c(cc(cc1)C=C1C(=O)C(=Cc2cc(c(cc2)OCCCCCCCCCC*)OC)CCC1)OC,tg,60.0,64.91633605957031
*Oc1c(cc(cc1)NC(=O)NC1CC(CC(C1)(CNC(=O)Nc1cc(c(cc1)*)c1ccc(cc1)Oc1ccccc1)C)(C)C)c1ccc(cc1)Oc1ccccc1,tg,281.0,234.5134735107422
*Oc1c(cc(cc1)OC(=O)c1c(cc(c(c1)OCCCc1ccccc1)C(=O)*)OCCCc1ccccc1)C,tg,91.0,108.58196258544922
*Oc1c(cc(cc1)OC(=O)c1c(cc(cc1)C(=O)*)Sc1ccccc1)C,tg,130.0,115.41207122802734
*Oc1c(cc(cc1)OC(=O)c1c(cc(cc1)C(=O)*)Sc1ccccc1)c1ccccc1,tg,130.0,146.01255798339844
*Oc1c(cc(cc1)OC(=O)c1c(cc(cc1)c1ccc(cc1)C(=O)*)c1ccccc1)C,tg,133.0,136.32994079589844
*Oc1c(cc(cc1)OC(=O)c1c(cc(cc1)c1ccc(cc1)C(=O)*)c1ccccc1)C(c1ccccc1)(C)C,tg,146.0,171.73658752441406
*Oc1c(cc(cc1)OC(=O)c1c(cc(cc1)c1ccc(cc1)C(=O)*)c1ccccc1)c1ccccc1,tg,148.0,131.91929626464844
*Oc1c(cc(cc1)OC(=O)c1cc(ccc1)Sc1ccc(cc1)OC(=O)c1ccc(cc1)C(=O)Oc1ccc(cc1)Sc1cc(ccc1)C(=O)*)C,tg,106.5,139.51422119140625
*Oc1c(cc(cc1)OC(=O)c1ccc(cc1)C(=O)*)C(F)(F)F,tg,158.13,150.5228729248047
*Oc1c(cc(cc1)OC(=O)c1ccc(cc1)C(=O)*)C1CCCCCCC1,tg,213.0,160.75399780273438
*Oc1c(cc(cc1)OC(=O)c1ccc(cc1)C(=O)*)CCC(CC)C,tg,237.0,145.7572479248047
*Oc1c(cc(cc1)OC(=O)c1ccc(cc1)C(=O)*)c1cc(ccc1)C(F)(F)F,tg,158.13,124.83667755126953
*Oc1c(cc(cc1)OC(=O)c1ccc(cc1)OCCCCCCCCCCCCOc1ccc(cc1)C(=O)*)C=Cc1ccncc1,tg,91.35,87.5348129272461
*Oc1c(cc(cc1)OC(=O)c1ccc(cc1)OCCCCCCCCCCOc1ccc(cc1)C(=O)*)S(=O)(=O)c1ccccc1,tg,88.0,102.0067367553711
*Oc1c(cc(cc1)OC(=O)c1ccc(cc1)OCCCCCCCCOc1ccc(cc1)C(=O)*)C(=O)CC,tg,70.0,70.54081726074219
*Oc1c(cc(cc1)OC(=O)c1ccc(cc1)OCCCCCCOc1ccc(cc1)C(=O)*)S(=O)(=O)c1ccccc1,tg,112.6,109.17509460449219
*Oc1c(cc(cc1)OC(=O)c1ccc(cc1)Sc1cc(ccc1)OC(=O)c1ccc(cc1)C(=O)Oc1cc(ccc1)Sc1ccc(cc1)C(=O)*)C,tg,135.0,102.77570343017578
*Oc1c(cc(cc1)OCCCC(=O)NNC(=O)c1ccc(cc1)C(=O)NNC(=O)CCC*)C,tg,125.5,142.4879913330078
*Oc1c(cc(cc1)OCCCCC(=O)NNC(=O)c1ccc(cc1)C(=O)NNC(=O)CCCC*)C,tg,139.5,122.55496978759766
*Oc1c(cc(cc1)OCCCCCC(=O)NNC(=O)c1ccc(cc1)C(=O)NNC(=O)CCCCC*)C,tg,110.5,120.84308624267578
*Oc1c(cc(cc1)Oc1ccc(cc1)C(=O)Nc1ccc(cc1)Oc1ccc(cc1)S(=O)(=O)c1ccc(cc1)Oc1ccc(cc1)NC(=O)c1ccc(cc1)*)C,tg,217.0,202.8868865966797
*Oc1c(cc(cc1)Oc1ccc(cc1)C(=O)Nc1ccc(cc1)Oc1ccc(cc1)S(=O)(=O)c1ccc(cc1)Oc1ccc(cc1)NC(=O)c1ccc(cc1)*)c1ccccc1,tg,231.0,216.1920928955078
*Oc1c(cc(cc1)Oc1ccc(cc1)C(=O)Nc1ccc(cc1)Oc1ccc(cc1)c1ccc(cc1)Oc1ccc(cc1)NC(=O)c1ccc(cc1)*)C,tg,220.0,199.85108947753906
*Oc1c(cc(cc1)Oc1ccc(cc1)C(=O)Nc1ccc(cc1)Oc1ccc(cc1)c1ccc(cc1)Oc1ccc(cc1)NC(=O)c1ccc(cc1)*)c1ccccc1,tg,232.0,209.86476135253906
*Oc1c(cc(cc1)Oc1ccc(cc1)C(=O)c1cc(ccc1)C(=O)c1ccc(cc1)*)S(=O)(=O)O,tg,195.0,159.34829711914062
*Oc1c(cc(cc1)Oc1ccc(cc1)C(=O)c1ccc(cc1)*)C(C)(C)C,tg,176.25,164.14942932128906
*Oc1c(cc(cc1)Oc1ccc(cc1)C(=O)c1ccc(cc1)*)c1cc(cc(c1)C)C,tg,162.0,176.53419494628906
*Oc1c(cc(cc1)Oc1ccc(cc1)C(=O)c1ccc(cc1)*)c1cc(ccc1)C(F)(F)F,tg,134.0,159.3968048095703
*Oc1c(cc(cc1)Oc1ccc(cc1)C(=O)c1ccc(cc1)C(=O)c1ccc(cc1)*)c1cc(c(cc1)S(=O)(=O)O)C,tg,167.0,177.71543884277344
*Oc1c(cc(cc1)Oc1ccc(cc1)C(=O)c1ccc(cc1)C(=O)c1ccc(cc1)*)c1cc(ccc1)C,tg,159.0,161.66758728027344
*Oc1c(cc(cc1)Oc1ccc(cc1)C(=O)c1ccc(cc1)C(=O)c1ccc(cc1)*)c1ccccc1,tg,166.0,152.11170959472656
*Oc1c(cc(cc1)Oc1ccc(cc1)C(=O)c1ccc(cc1)c1ccc(cc1)C(=O)c1ccc(cc1)*)c1cc(c(cc1)S(=O)(=O)O)C,tg,182.0,181.30430603027344
*Oc1c(cc(cc1)Oc1ccc(cc1)C(=O)c1ccc(cc1)c1ccc(cc1)C(=O)c1ccc(cc1)*)c1cc(ccc1)C,tg,170.0,164.5618438720703
*Oc1c(cc(cc1)Oc1ccc(cc1)NC(=O)c1cc(ccc1)C(=O)Nc1ccc(cc1)*)C(C)(C)C,tg,208.0,216.18206787109375
*Oc1c(cc(cc1)Oc1ccc(cc1)NC(=O)c1ccc(cc1)Oc1c(cc(cc1)Oc1ccc(cc1)C(=O)Nc1ccc(cc1)*)c1ccccc1)c1ccccc1,tg,200.5,216.329345703125
*Oc1c(cc(cc1)S(=O)(=O)c1cc(c(cc1)OCC(C*)O)C)C,tg,132.5,140.4228515625
*Oc1c(cc(cc1)S(=O)(=O)c1cc(c(cc1)OCC(COc1ccc(cc1)C(c1ccc(cc1)OCC(C*)O)(C)C)O)C)C,tg,117.5,130.4208221435547
*Oc1c(cc(cc1)S(=O)(=O)c1cc(c(cc1)Oc1ccc(cc1)C(c1ccc(cc1)*)(C)C)[N+](=O)[O-])[N+](=O)[O-],tg,206.0,171.44728088378906
*Oc1c(cc(cc1)c1ccc(cc1)NC(=O)c1cc(cc(c1)C(C)(C)C)C(=O)Nc1ccc(cc1)c1cc(c(cc1)Oc1ccc(cc1)C(c1ccc(cc1)*)(C)C)C(F)(F)F)C(F)(F)F,tg,248.5,239.38253784179688
*Oc1c(cc(cc1)c1ccc(cc1)OC(=O)c1ccc(cc1)C(=O)*)c1ccccc1,tg,132.0,186.42677307128906
*Oc1c(cc(cc1)c1ccc(cc1)c1cc(c(cc1)Oc1ccc(cc1)C(c1ccc(cc1)*)(C)C)C(F)(F)F)C(F)(F)F,tg,192.0,151.07174682617188
*Oc1c(cc(cc1Br)*)Br,tg,196.0,227.56729125976562
*Oc1c(cc(cc1Br)C(c1cc(c(c(c1)Br)OC(=O)*)Br)(C)C)Br,tg,206.75,136.7332305908203
*Oc1c(cc(cc1Br)C(c1cc(c(c(c1)Br)OC(=O)c1cc(ccc1)C(=O)*)Br)(C)C)Br,tg,115.0,225.9180450439453
*Oc1c(cc(cc1Br)C(c1cc(c(c(c1)Br)OC(=O)c1ccc(cc1)OCCCCCCCCCCOc1ccc(cc1)C(=O)*)Br)(C)C)Br,tg,128.0,94.19380187988281
*Oc1c(cc(cc1Br)C1(C2CCC(C1)C2)c1cc(c(c(c1)Br)OC(=O)*)Br)Br,tg,283.0,191.52552795410156
*Oc1c(cc(cc1Br)S(=O)(=O)c1cc(c(c(c1)Br)OC(=O)*)Br)Br,tg,196.0,238.96743774414062
*Oc1c(cc(cc1C(C)C)C(=O)c1cc(ccc1)C(=O)c1ccc(cc1)*)C(C)C,tg,132.0,150.60928344726562
*Oc1c(cc(cc1C)*)C,tg,204.61,192.06394958496094
*Oc1c(cc(cc1C)*)C(CCC)C,tg,100.0,94.30773162841797
*Oc1c(cc(cc1C)*)C(CCCC)C,tg,85.0,90.03148651123047
*Oc1c(cc(cc1C)*)C(CCCCC)C,tg,60.0,56.793209075927734
*Oc1c(cc(cc1C)*)C(CCCCCCCC)C,tg,20.0,20.907793045043945
*Oc1c(cc(cc1C)*)C(CCCCCCCCCCCC)C,tg,-10.0,5.458038330078125
*Oc1c(cc(cc1C)*)c1ccccc1,tg,171.67,178.9303741455078
*Oc1c(cc(cc1C)C(=O)c1ccc(cc1)*)C,tg,200.0,197.5942840576172
*Oc1c(cc(cc1C)C(c1cc(c(c(c1)C)OC(=O)*)C)(C)C)C,tg,193.62,183.66441345214844
*Oc1c(cc(cc1C)C(c1cc(c(c(c1)C)OC(=O)CCCCC(=O)*)C)(C)C)C,tg,93.0,83.81086730957031
*Oc1c(cc(cc1C)C(c1cc(c(c(c1)C)OC(=O)CCCCCC(=O)*)C)(C)C)C,tg,84.0,88.01145935058594
*Oc1c(cc(cc1C)C(c1cc(c(c(c1)C)OC(=O)CCCCCCCCC(=O)*)C)(C)C)C,tg,45.0,61.231597900390625
*Oc1c(cc(cc1C)C(c1cc(c(c(c1)C)OC(=O)c1cc(ccc1)C(=O)*)C)(C)C)C,tg,187.0,172.29354858398438
*Oc1c(cc(cc1C)C(c1cc(c(c(c1)C)OC(=O)c1ccc(cc1)C(=O)*)C)(C)C)C,tg,239.0,205.716064453125
*Oc1c(cc(cc1C)C(c1cc(c(c(c1)C)OCC(C*)O)C)(C)C)C,tg,130.0,133.67491149902344
*Oc1c(cc(cc1C)C(c1cc(c(c(c1)C)OCC(COc1ccc(cc1)C(c1ccc(cc1)OCC(C*)O)(C)C)O)C)(C)C)C,tg,100.0,105.92843627929688
*Oc1c(cc(cc1C)C1(CC2C(CC1)CCCC2)c1cc(c(c(c1)C)OC(=O)c1ccc(cc1)C(=O)*)C)C,tg,287.0,278.691650390625
*Oc1c(cc(cc1C)C1(CC2C(CC1)CCCC2)c1cc(c(c(c1)C)Oc1ccc(cc1)C(=O)c1cc(ccc1)C(=O)c1ccc(cc1)*)C)C,tg,224.0,221.99310302734375
*Oc1c(cc(cc1C)C1(CC2C(CC1)CCCC2)c1cc(c(c(c1)C)Oc1ccc(cc1)C(=O)c1ccc(cc1)*)C)C,tg,251.0,241.6243133544922
*Oc1c(cc(cc1C)C1(c2ccccc2c2ccccc12)c1cc(c(c(c1)C)Oc1ccc(cc1)C(=O)c1cc(ccc1)C(=O)c1ccc(cc1)*)C)C,tg,229.0,245.83311462402344
*Oc1c(cc(cc1C)S(=O)(=O)c1cc(c(c(c1)C)OCC(C*)O)C)C,tg,152.5,163.5861358642578
*Oc1c(cc(cc1C)S(=O)(=O)c1cc(c(c(c1)C)OCC(COc1c(cc(cc1C)C(c1cc(c(c(c1)C)OCC(C*)O)C)(C)C)C)O)C)C,tg,145.0,124.33414459228516
*Oc1c(cc(cc1C)c1cc(c(c(c1)C)OC(=O)CCCCC(=O)*)C)C,tg,108.0,97.44259643554688
*Oc1c(cc(cc1C)c1cc(c(c(c1)C)OC(=O)CCCCCCCCC(=O)*)C)C,tg,57.0,74.41616821289062
*Oc1c(cc(cc1C)c1cc(c(c(c1)C)Oc1ccc(cc1)C(=O)c1ccc(cc1)*)C)C,tg,246.64,202.4192657470703
*Oc1c(cc(cc1Cl)*)Br,tg,188.5,148.88873291015625
*Oc1c(cc(cc1Cl)C(=C(Cl)Cl)c1cc(c(c(c1)Cl)OC(=O)*)Cl)Cl,tg,250.0,236.69801330566406
*Oc1c(cc(cc1Cl)C(c1cc(c(c(c1)Cl)OC(=O)*)Cl)C(Cl)(Cl)Cl)Cl,tg,273.0,226.26016235351562
*Oc1c(cc(cc1Cl)C(c1cc(c(c(c1)Cl)OC(=O)c1ccc(cc1)OCCCCCCCCCCOc1ccc(cc1)C(=O)*)Cl)(C)C)Cl,tg,140.0,88.96271514892578
*Oc1c(cc(cc1Cl)C(c1cc(c(c(c1)Cl)OCC(C*)O)Cl)(C)C)Cl,tg,145.0,123.31722259521484
*Oc1c(cc(cc1Cl)C(c1cc(c(c(c1)Cl)OCC(C*)OC(=O)C)Cl)(C)C)Cl,tg,100.0,123.12591552734375
*Oc1c(cc(cc1Cl)C1(C2C3C(CCC3)C(C1)C2)c1cc(c(c(c1)Cl)OC(=O)*)Cl)Cl,tg,281.0,277.6870422363281
*Oc1c(cc(cc1OC)*)OC,tg,171.45,108.36616516113281
*Oc1c(cc(cc1OC)/C=C/c1ccc(cc1)/C=C/c1cc(c(c(c1)OC)OCCCCCC*)OC)OC,tg,90.0,78.70144653320312
*Oc1c(cc(cc1OC)/C=C/c1ccc(cc1)/C=C/c1cc(c(c(c1)OC)OCCCCCCCC*)OC)OC,tg,80.9,77.27169036865234
*Oc1c(cc(cc1OC)/C=C/c1ccc(cc1)/C=C/c1cc(c(c(c1)OC)OCCCCCCCCCC*)OC)OC,tg,68.5,85.77947235107422
*Oc1c(cc(cc1OC)C=C1C(=O)C(=Cc2cc(c(c(c2)OC)OCCCCCC*)OC)CCC1)OC,tg,71.0,73.5129165649414
*Oc1c(cc(cc1OC)C=Cc1c(cc(c(c1)C(C)C)C=Cc1cc(c(c(c1)OC)OCCCCCCCC*)OC)C(C)C)OC,tg,85.0,64.37760162353516
*Oc1c(cc(cc1OC)C=Cc1c(cc(c(c1)CCCCCC)C=Cc1cc(c(c(c1)OC)OCCCCCCCC*)OC)CCCCCC)OC,tg,21.0,77.96934509277344
*Oc1c(cc(cc1OC)C=Cc1ccc(cc1)C=Cc1cc(c(c(c1)OC)OCCCCCCCC*)OC)OC,tg,80.45,83.77561950683594
*Oc1c(cc(cc1OC)c1cc(c(c(c1)OC)OC(=O)CCCCCCCCC(=O)*)OC)OC,tg,94.0,53.95774841308594
*Oc1c(cc(cc1c1ccccc1)*)c1c(cccc1)c1ccccc1,tg,211.0,214.63711547851562
*Oc1c(cc(cc1c1ccccc1)*)c1c2c(ccc1)cccc2,tg,234.0,263.1871337890625
*Oc1c(cc(cc1c1ccccc1)*)c1ccc(cc1)C,tg,218.0,202.21983337402344
*Oc1c(cc(cc1c1ccccc1)*)c1ccc(cc1)C(C)(C)C,tg,240.0,200.1044464111328
*Oc1c(cc(cc1c1ccccc1)Cc1cc(c(c(c1)c1ccccc1)OC(=O)CCCCC(=O)*)c1ccccc1)c1ccccc1,tg,115.0,125.72930908203125
*Oc1c(cc(cc1c1ccccc1)Cc1cc(c(c(c1)c1ccccc1)OC(=O)CCCCCC(=O)*)c1ccccc1)c1ccccc1,tg,111.0,104.56156921386719
*Oc1c(cc(cc1c1ccccc1)c1cc(c(c(c1)c1ccccc1)OC(=O)CCCCCCCCC(=O)*)c1ccccc1)c1ccccc1,tg,98.0,96.37348937988281
*Oc1c(ccc(c1)OC(=O)c1ccc(cc1)Oc1ccc(cc1)C1(CCC(CC1)C(C)(C)C)c1ccc(cc1)Oc1ccc(cc1)C(=O)*)C12CC3CC(CC(C1)C3)C2,tg,180.0,171.40011596679688
*Oc1c(ccc(c1)Oc1ccc(cc1)NC(=O)c1cc(cc(c1)NC(=O)C12CC3CC(CC(C1)C3)C2)C(=O)Nc1ccc(cc1)*)C12CC3CC(CC(C1)C3)C2,tg,345.0,258.62890625
*Oc1c(cccc1)C(=O)OC(=O)c1c(cccc1)OC(=O)CCCCC(=O)*,tg,60.0,36.48013687133789
*Oc1c(cccc1)C(=O)OC(=O)c1c(cccc1)OC(=O)CCCCCC(=O)*,tg,40.0,40.26102066040039
*Oc1c(cccc1)C(=O)OC(=O)c1c(cccc1)OC(=O)CCCCCCC(=O)*,tg,28.0,44.30632019042969
*Oc1c(cccc1)C(=O)OC(=O)c1c(cccc1)OC(=O)CCCCCCCCC(=O)*,tg,28.0,32.10996627807617
*Oc1c(cccc1)C(=O)OC(=O)c1c(cccc1)OC(=O)c1ccc(cc1)C(=O)*,tg,120.0,146.3600616455078
*Oc1c(cccc1)Oc1ccc(cc1)S(=O)(=O)c1ccc(cc1)*,tg,171.0,184.30284118652344
*Oc1c2c(c(cc1)C(=O)c1ccc(cc1)Oc1ccc(cc1)C(c1ccc(cc1)*)(C(F)(F)F)C(F)(F)F)cccc2,tg,190.0,196.5804901123047
*Oc1c2c(c(cc1)C(=O)c1ccc(cc1)Oc1ccc(cc1)C1(c3ccccc3c3ccccc13)c1ccc(cc1)*)cccc2,tg,260.0,255.91845703125
*Oc1c2c(c(cc1)C=Cc1c(cc(c(c1)OC)C=Cc1c3c(c(cc1)OCCOCCOCC*)cccc3)OC)cccc2,tg,79.5,92.4822998046875
*Oc1c2c(c(cc1)C=Cc1ccc(cc1)C=Cc1c3c(c(cc1)OCCOCCOCC*)cccc3)cccc2,tg,83.5,76.4907455444336
*Oc1c2c(c(cc1)OC(=O)c1ccc(cc1)Oc1ccc(cc1)C(=O)*)cccc2,tg,166.0,226.98416137695312
*Oc1c2c(c(cc1)c1c3c(c(cc1)OCCC*)cccc3)cccc2,tg,173.5,181.43914794921875
*Oc1c2c(c(cc1)c1c3c(c(cc1)OCCCC*)cccc3)cccc2,tg,130.0,150.5757598876953
*Oc1c2c(c(cc1)c1c3c(c(cc1)OCCCCC*)cccc3)cccc2,tg,151.0,123.62498474121094
*Oc1c2c(c(cc1)c1c3c(c(cc1)OCCCCCCC*)cccc3)cccc2,tg,129.5,136.36953735351562
*Oc1c2c(c(cc1)c1c3c(c(cc1)Oc1c(c4c(cc1)cccc4)c1c4c(ccc1*)cccc4)cccc3)cccc2,tg,301.0,281.9931335449219
*Oc1c2c(c(cc1)c1c3c(c(cc1)Oc1ccc(cc1)*)cccc3)cccc2,tg,226.0,210.1720428466797
*Oc1c2c(c(cc1)c1c3c(c(cc1)Oc1ccc(cc1)Oc1c(c(ccc1)Oc1ccc(cc1)*)C)cccc3)cccc2,tg,156.0,155.907470703125
*Oc1c2c(c(cc1)c1c3c(c(cc1)Oc1ccc(cc1)Oc1ccc(cc1)Oc1ccc(cc1)*)cccc3)cccc2,tg,147.0,182.08721923828125
*Oc1c2c(c(cc1)c1c3c(c(cc1)Oc1ccc(cc1)Oc1ccc(cc1)S(=O)(=O)c1ccc(cc1)Oc1ccc(cc1)*)cccc3)cccc2,tg,214.0,206.59780883789062
*Oc1c2c(ccc1)c(ccc2)OC1(C(C(C1(F)F)(F)F)(*)F)F,tg,124.8,157.5061798095703
*Oc1c2c(ccc1)c(ccc2)OCCNC(=O)c1cc(ccc1)C(=O)NCC*,tg,171.0,146.01068115234375
*Oc1c2c(ccc1)cc(cc2)OC(=O)c1ccc(cc1)Oc1ccc(cc1)C(=O)*,tg,179.0,163.78140258789062
*Oc1c2c(ccc1)cc(cc2)OCCNC(=O)c1cc(ccc1)C(=O)NCC*,tg,155.5,164.2730712890625
*Oc1c2c(ccc1)ccc(c2)Oc1ccc(cc1)NC(=O)c1cc(cc(c1)C(C)(C)C)C(=O)Nc1ccc(cc1)*,tg,263.0,250.44680786132812
*Oc1c2c(ccc1)ccc(c2)Oc1ccc(cc1)NC(=O)c1cc(ccc1)C(=O)Nc1ccc(cc1)*,tg,256.0,216.91236877441406
*Oc1c2c(ccc1)ccc(c2)Oc1ccc(cc1)NC(=O)c1ccc(cc1)C(c1ccc(cc1)C(=O)Nc1ccc(cc1)*)(C(F)(F)F)C(F)(F)F,tg,252.0,246.23345947265625
*Oc1c2c(ccc1)ccc(c2)Oc1ccc(cc1)NC(=O)c1ccc(cc1)Oc1c(cccc1)Oc1ccc(cc1)C(=O)Nc1ccc(cc1)*,tg,180.0,206.74014282226562
*Oc1c2c(ccc1)ccc(c2)Oc1ccc(cc1)NC(=O)c1ccc(cc1)Oc1cc(ccc1)Oc1ccc(cc1)C(=O)Nc1ccc(cc1)*,tg,196.0,195.29205322265625
*Oc1c2c(ccc1)ccc(c2)Oc1ccc(cc1)NC(=O)c1ccc(cc1)Oc1ccc(cc1)C(=O)Nc1ccc(cc1)*,tg,236.0,195.72706604003906
*Oc1c2c(ccc1)ccc(c2)Oc1ccc(cc1)NC(=O)c1ccc(cc1)Oc1ccc(cc1)C(c1cc(ccc1)C(c1ccc(cc1)Oc1ccc(cc1)C(=O)Nc1ccc(cc1)*)(C)C)(C)C,tg,175.5,162.56809997558594
*Oc1c2c(ccc1)ccc(c2)Oc1ccc(cc1)NC(=O)c1ccc(cc1)Oc1ccc(cc1)Oc1ccc(cc1)C(=O)Nc1ccc(cc1)*,tg,224.0,230.0986785888672
*Oc1c2c(ccc1)ccc(c2)Oc1ccc(cc1)NC(=O)c1ccc(cc1)Oc1ccc(cc1)S(=O)(=O)c1ccc(cc1)Oc1ccc(cc1)C(=O)Nc1ccc(cc1)*,tg,218.0,235.02915954589844
*Oc1c2c(ccc1)ccc(c2)Oc1ccc(cc1)NC(=O)c1ccc(cc1)S(=O)(=O)c1ccc(cc1)C(=O)Nc1ccc(cc1)*,tg,259.0,273.5084228515625
*Oc1cc(C)cc(OC(=O)c2cccc(C(*)=O)c2)c1,egc,4.2911,4.477107048034668
*Oc1cc(Cl)cc(Cl)c1*,egc,4.3654,4.298489570617676
*Oc1cc(OC(=O)c2ccc(C=Nc3ccc(OCCCCCCOc4ccc(N=Cc5ccc(C(*)=O)cc5)cc4F)c(F)c3)cc2)c(Cl)cc1Cl,egc,2.9795,3.186962604522705
*Oc1cc(OC(=O)c2ccc(OCCCC)cc2)c(OC(=O)CCCC(*)=O)cc1OC(=O)c1ccc(OCCCC)cc1,egc,4.3317,3.8532142639160156
*Oc1cc(Oc2ccc(C(C)(C)c3ccc(*)cc3)cc2)cc(C(=O)Oc2ccc(N=Nc3ccc(C#N)cc3)cc2)c1,egc,3.1481,2.844393491744995
*Oc1cc(c(c(c1)Br)C(c1c(cc(cc1Br)OC(=O)*)Br)(C)C)Br,tg,267.0,182.81607055664062
*Oc1cc(c(c(c1)Cl)C(c1c(cc(cc1Cl)OC(=O)*)Cl)(C)C)Cl,tg,240.0,222.55111694335938
*Oc1cc(c(cc1)C(=O)O)C(=O)Nc1ccc(cc1)NC(=O)c1c(ccc(c1)*)C(=O)O,tg,166.3,247.5309295654297
*Oc1cc(c(cc1)C(=O)c1ccccc1)c1c(ccc(c1)Oc1ccc(cc1)C(c1ccc(cc1)*)(C)C)C(=O)c1ccccc1,tg,156.0,154.56942749023438
*Oc1cc(c(cc1)C(=O)c1ccccc1)c1c(ccc(c1)Oc1ccc(cc1)c1ccc(cc1)*)C(=O)c1ccccc1,tg,174.0,161.57676696777344
*Oc1cc(c(cc1)C(c1c(cc(cc1)OC(=O)*)C)c1ccccc1)C,tg,182.0,166.43331909179688
*Oc1cc(c(cc1)CCc1ccc(cc1)OCCCCC*)C,tg,15.4,16.973655700683594
*Oc1cc(c(cc1)CCc1ccc(cc1)OCCCCCCCC*)C,tg,-12.1,8.093379020690918
*Oc1cc(c(cc1)CCc1ccc(cc1)OCCCCCCCCC*)C,tg,-1.1,3.0022380352020264
*Oc1cc(c(cc1)CCc1ccc(cc1)OCCCCCCCCCC*)C,tg,-3.8,-0.3604990541934967
*Oc1cc(c(cc1)CCc1ccc(cc1)OCCCCCCCCCCC*)C,tg,3.9,-6.711618900299072
*Oc1cc(c(cc1)CCc1ccc(cc1)OCCCCCCCCCCCC*)C,tg,-0.9,4.640899658203125
*Oc1cc(c(cc1)N=Cc1ccc(cc1)C=Nc1c(cc(cc1)OCCCCCCCCCC*)C)C,tg,77.6,53.54306411743164
*Oc1cc(c(cc1)S(=O)(=O)c1c(cc(cc1)Oc1c(cc(cc1)C(c1cc(c(cc1)*)[Si](C)(C)C)(C(F)(F)F)C(F)(F)F)[Si](C)(C)C)[Si](C)(C)C)[Si](C)(C)C,tg,148.9,188.10108947753906
*Oc1cc(c(cc1)S(=O)(=O)c1c(cc(cc1)Oc1c(cc(cc1C)C(c1cc(c(c(c1)C)*)C)(C(F)(F)F)C(F)(F)F)C)C(O)(C(F)(F)F)C(F)(F)F)C(O)(C(F)(F)F)C(F)(F)F,tg,196.0,174.2479248046875
*Oc1cc(c(cc1)S(=O)(=O)c1c(cc(cc1)Oc1c(cc(cc1C)C(c1cc(c(c(c1)C)*)C)(C(F)(F)F)C(F)(F)F)C)C(OC)(C(F)(F)F)C(F)(F)F)C(OC)(C(F)(F)F)C(F)(F)F,tg,163.0,194.8811492919922
*Oc1cc(c(cc1)S(=O)(=O)c1c(cc(cc1)Oc1c(cc(cc1C)C(c1cc(c(c(c1)C)*)C)(C)C)C)C(O)(C(F)(F)F)C(F)(F)F)C(O)(C(F)(F)F)C(F)(F)F,tg,187.0,190.9140625
*Oc1cc(c(cc1)S(=O)(=O)c1c(cc(cc1)Oc1ccc(cc1)C(c1ccc(cc1)*)(C(F)(F)F)C(F)(F)F)C(O)(C(F)(F)F)C(F)(F)F)C(O)(C(F)(F)F)C(F)(F)F,tg,148.0,192.5191650390625
*Oc1cc(c(cc1)S(=O)(=O)c1c(cc(cc1)Oc1ccc(cc1)C(c1ccc(cc1)*)(C(F)(F)F)C(F)(F)F)[Si](C)(C)C)[Si](C)(C)C,tg,172.0,159.12025451660156
*Oc1cc(c(cc1)S(=O)(=O)c1c(cc(cc1)Oc1ccc(cc1)C(c1ccc(cc1)*)(C)C)N)N,tg,210.5,228.02490234375
*Oc1cc(c(cc1)S(=O)(=O)c1ccc(cc1)Oc1c(cc(cc1)C(c1cc(c(cc1)*)N)(C)C)N)N,tg,237.1,215.66943359375
*Oc1cc(c(cc1)S(=O)(=O)c1ccc(cc1)Oc1ccc(cc1)C(c1ccc(cc1)*)(C)C)N,tg,202.0,199.17222595214844
*Oc1cc(cc(c1)C(=O)OCCN(c1ccc(cc1)N=Nc1ccc(cc1)[N+](=O)[O-])CC)OC(=O)c1ccc(cc1)C(=O)*,tg,130.0,153.24072265625
*Oc1cc(cc(c1)CC)OC(=O)c1cc(ccc1)C(=O)*,tg,138.0,129.361083984375
*Oc1cc(cc(c1)CCC)OC(=O)c1cc(ccc1)C(=O)*,tg,129.0,113.9091567993164
*Oc1cc(cc(c1)CCCC)OC(=O)c1cc(ccc1)C(=O)*,tg,97.5,99.94801330566406
*Oc1cc(cc(c1)CCCCCC)OC(=O)c1cc(ccc1)C(=O)*,tg,67.5,71.60435485839844
*Oc1cc(cc(c1)CCCCCCCCCCC)OC(=O)c1cc(ccc1)C(=O)*,tg,34.5,35.388389587402344
*Oc1cc(cc(c1)CCCCCCCCCCCCC)OC(=O)c1cc(ccc1)C(=O)*,tg,25.5,35.906002044677734
*Oc1cc(cc(c1)[N+](=O)[O-])Oc1ccc(cc1)C(c1ccc(cc1)*)(C)C,tg,150.0,124.137451171875
*Oc1cc(ccc1)C(=O)OC(=O)c1cc(ccc1)OCCC*,tg,53.0,89.71600341796875
*Oc1cc(ccc1)C(=O)OC(=O)c1cc(ccc1)OCCCC*,tg,20.0,78.60369873046875
*Oc1cc(ccc1)C(=O)OC(=O)c1cc(ccc1)OCCCCC*,tg,61.0,11.795796394348145
*Oc1cc(ccc1)C(=O)OCC(C(C(COC(=O)c1cc(ccc1)*)(F)F)(F)F)(F)F,tg,20.0,34.05644607543945
*Oc1cc(ccc1)C(=O)c1ccc(cc1)*,tg,132.67,107.19884490966797
*Oc1cc(ccc1)C(=O)c1ccc(cc1)Oc1ccc(cc1)C(=O)c1ccc(cc1)*,tg,146.0,144.09844970703125
*Oc1cc(ccc1)C(C(C(c1cc(ccc1)OC(=O)c1cc(ccc1)C(C(C(c1cc(ccc1)C(=O)*)(F)F)(F)F)(F)F)(F)F)(F)F)(F)F,tg,74.0,60.59098434448242
*Oc1cc(ccc1)N(c1ccc(cc1)c1ccc(cc1)N(c1cc(ccc1)OC(=O)OCCOCCOC(=O)*)c1ccccc1)c1ccccc1,tg,113.0,117.5064697265625
*Oc1cc(ccc1)NC(=O)C(=O)Nc1cc(ccc1)OCC(COc1ccc(cc1)C(c1ccc(cc1)OCC(C*)O)(C)C)O,tg,119.0,98.23921966552734
*Oc1cc(ccc1)NC(=O)CCCCCCC(=O)Nc1ccc(cc1)*,tg,140.0,130.07479858398438
*Oc1cc(ccc1)NC(=O)CCCCCCCC(=O)Nc1ccc(cc1)*,tg,120.0,119.5982894897461
*Oc1cc(ccc1)NC(=O)CCCCCCCCC(=O)Nc1ccc(cc1)*,tg,125.0,113.08080291748047
*Oc1cc(ccc1)NC(=O)CCCCCCCCCC(=O)Nc1ccc(cc1)*,tg,110.0,125.1994857788086
*Oc1cc(ccc1)NC(=O)Cc1cc(ccc1)CC(=O)Nc1cc(ccc1)OCC(COc1ccc(cc1)C(c1ccc(cc1)OCC(C*)O)(C)C)O,tg,119.0,135.32858276367188
*Oc1cc(ccc1)NC(=O)c1cc(cc(c1)NC(=O)c1ccc(cc1)OC(=O)C)C(=O)Nc1ccc(cc1)*,tg,251.0,264.70867919921875
*Oc1cc(ccc1)NC(=O)c1cc(ccc1)C(=O)Nc1cc(ccc1)OCCCCC*,tg,131.5,126.54503631591797
*Oc1cc(ccc1)NC(=O)c1cc(ccc1)C(=O)Nc1cc(ccc1)OCCOCC*,tg,128.5,130.262451171875
*Oc1cc(ccc1)NC(=O)c1cc(ccc1)C(=O)Nc1cc(ccc1)OCCOCCOCC*,tg,111.0,103.91413879394531
*Oc1cc(ccc1)NC(=O)c1cc(ccc1)C(=O)Nc1ccc(cc1)*,tg,236.75,206.58355712890625
*Oc1cc(ccc1)NC(=O)c1cc(ccc1)C(=O)Nc1ccc(cc1)Oc1ccc(cc1)C(=O)c1ccc(cc1)*,tg,114.0,180.33006286621094
*Oc1cc(ccc1)NC(=O)c1ccc(cc1)C(=O)Nc1cc(ccc1)OCCCCC*,tg,135.0,141.77926635742188
*Oc1cc(ccc1)NC(=O)c1ccc(cc1)C(=O)Nc1cc(ccc1)OCCCCCCCC*,tg,122.0,118.99134826660156
*Oc1cc(ccc1)NC(=O)c1ccc(cc1)C(=O)Nc1cc(ccc1)OCCOCC*,tg,140.0,134.15277099609375
*Oc1cc(ccc1)NC(=O)c1ccc(cc1)C(=O)Nc1cc(ccc1)OCCOCCOCC*,tg,116.0,111.54493713378906
*Oc1cc(ccc1)NC(=O)c1ccc(cc1)C(=O)Nc1ccc(cc1)*,tg,280.0,230.33287048339844
*Oc1cc(ccc1)NC(=O)c1ccc(cc1)C(=O)Nc1ccc(cc1)Oc1ccc(cc1)C(=O)c1ccc(cc1)*,tg,126.0,198.9186553955078
*Oc1cc(ccc1)NC(=O)c1ccc(cc1)[Si](c1ccc(cc1)C(=O)*)(C)C,tg,220.0,188.73416137695312
*Oc1cc(ccc1)OC(=O)CCC(=O)*,tg,38.2,79.73267364501953
*Oc1cc(ccc1)OC(=O)Oc1ccc(cc1)C(c1ccc(cc1)OC(=O)*)(C)C,tg,83.1,80.00541687011719
*Oc1cc(ccc1)OC(=O)c1cc(cc(c1)OCCCCC)C(=O)*,tg,96.0,82.98998260498047
*Oc1cc(ccc1)OC(=O)c1cc(ccc1)C(=O)*,tg,141.6,133.9975128173828
*Oc1cc(ccc1)OC(=O)c1ccc(cc1)OC(=O)c1cc(ccc1)C(=O)Oc1ccc(cc1)C(=O)*,tg,156.75,130.72906494140625
*Oc1cc(ccc1)OC(=O)c1ccc(cc1)Oc1ccc(cc1)C(=O)*,tg,159.0,136.835693359375
*Oc1cc(ccc1)OC(=O)c1ccc(cc1)[Si](c1ccc(cc1)C(=O)*)(C)C,tg,134.0,180.49412536621094
*Oc1cc(ccc1)OCC(COc1ccc(cc1)S(=O)(=O)c1ccc(cc1)OCC(C*)O)O,tg,105.0,103.92326354980469
*Oc1cc(ccc1)Oc1cc(c(cc1)C(=O)O)C(=O)Nc1ccc(cc1)Oc1ccc(cc1)c1ccc(cc1)Oc1ccc(cc1)NC(=O)c1c(ccc(c1)*)C(=O)O,tg,100.0,198.02125549316406
*Oc1cc(ccc1)Oc1cc(ccc1)NC(=O)c1c(ccc(c1)Oc1cc(c(cc1)C(=O)O)C(=O)Nc1cc(ccc1)*)C(=O)O,tg,176.4,147.0836181640625
*Oc1cc(ccc1)Oc1cc(ccc1)NC(=O)c1cc(ccc1)Oc1cc(ccc1)Oc1cc(ccc1)C(=O)Nc1cc(ccc1)*,tg,137.5,167.63906860351562
*Oc1cc(ccc1)Oc1ccc(cc1)C(=O)Oc1cc(ccc1)OC(=O)c1ccc(cc1)*,tg,131.0,109.72345733642578
*Oc1cc(ccc1)Oc1ccc(cc1)C(=O)c1ccc(cc1)*,tg,123.0,128.0031280517578
*Oc1cc(ccc1)Oc1ccc(cc1)C(=O)c1ccc(cc1)NC(=O)c1cc(ccc1)C(=O)Nc1ccc(cc1)C(=O)c1ccc(cc1)*,tg,214.0,196.75579833984375
*Oc1cc(ccc1)Oc1ccc(cc1)C(=O)c1ccc(cc1)NC(=O)c1ccc(cc1)C(=O)Nc1ccc(cc1)C(=O)c1ccc(cc1)*,tg,190.0,188.9380340576172
*Oc1cc(ccc1)Oc1ccc(cc1)C(=O)c1ccc(cc1)P(=O)(c1ccc(cc1)C(=O)c1ccc(cc1)*)c1ccccc1,tg,201.0,171.25839233398438
*Oc1cc(ccc1)Oc1ccc(cc1)NC(=O)c1c(cc(cc1)c1cc(c(cc1)C(=O)Nc1ccc(cc1)*)C)C,tg,213.0,182.4112548828125
*Oc1cc(ccc1)Oc1ccc(cc1)NC(=O)c1cc(cc(c1)NC(=O)c1ccc(cc1)OC(=O)C)C(=O)Nc1ccc(cc1)*,tg,230.0,207.52774047851562
*Oc1cc(ccc1)Oc1ccc(cc1)Oc1c(cc(cc1)S(=O)(=O)c1cc(c(cc1)Oc1ccc(cc1)Oc1cc(ccc1)Oc1ccc(cc1)c1ccc(cc1)*)S(=O)(=O)O[Na])S(=O)(=O)O[Na],tg,283.0,237.42002868652344
*Oc1cc(ccc1)Oc1ccc(cc1)Oc1cc(ccc1)OC(=O)c1ccc(cc1)C(=O)*,tg,103.0,133.1182098388672
*Oc1cc2c(C(CC2(c2ccc(cc2)OC(=O)*)C)(C)C)cc1,tg,201.7,177.12301635742188
*Oc1cc2c(C(CC2(c2ccc(cc2)OC(=O)c2ccc(cc2)C(=O)*)C)(C)C)cc1,tg,252.5,280.16455078125
*Oc1cc2c(C(CC32CC(c2ccc(cc32)OC(=O)c2ccc(cc2)C(=O)*)(C)C)(C)C)cc1,tg,290.0,279.34674072265625
*Oc1cc2c(cc1)cc(cc2)C(=O)NCC*,tg,182.0,166.39682006835938
*Oc1cc2c(cc1)cc(cc2)OC(=O)c1c(cc(cc1)c1ccc(cc1)C(=O)*)c1ccccc1,tg,125.0,226.1691131591797
*Oc1cc2c(cc1)cc(cc2)Oc1ccc(cc1)C(=O)c1ccc(cc1)*,tg,247.0,152.72154235839844
*Oc1cc2c(cc1)cc(cc2)Oc1ccc(cc1)S(=O)(=O)c1ccc(cc1)*,tg,231.0,239.30442810058594
*Oc1cc2c(cc1)cc(cc2)Oc1ccc(cc1)S(=O)(=O)c1ccc(cc1)Oc1ccc(cc1)C(=O)c1ccc(cc1)*,tg,199.0,205.739990234375
*Oc1cc2c(cc1)ccc(c2)OC(=O)c1ccc(cc1)Oc1ccc(cc1)C(=O)*,tg,142.0,181.92291259765625
*Oc1cc2c(cc1)ccc(c2)OCCNC(=O)c1cc(ccc1)C(=O)NCC*,tg,143.0,153.9903106689453
*Oc1cc2c(cc1)ccc(c2)OCCNC(=O)c1ccc(cc1)C(=O)NCC*,tg,159.0,154.40646362304688
*Oc1cc2c(cc1)ccc(c2)Oc1ccc(cc1)C(=O)Nc1cc(ccc1)Oc1ccc(cc1)NC(=O)c1ccc(cc1)*,tg,164.0,208.5349884033203
*Oc1cc2c(cc1)ccc(c2)Oc1ccc(cc1)C(=O)Nc1ccc(cc1)C(c1ccc(cc1)C(c1ccc(cc1)NC(=O)c1ccc(cc1)*)(C)C)(C)C,tg,155.0,172.57887268066406
*Oc1cc2c(cc1)ccc(c2)Oc1ccc(cc1)C(=O)Nc1ccc(cc1)Oc1ccc(cc1)C(c1ccc(cc1)C(c1ccc(cc1)Oc1ccc(cc1)NC(=O)c1ccc(cc1)*)(C)C)(C)C,tg,166.0,151.01547241210938
*Oc1cc2c(cc1)ccc(c2)Oc1ccc(cc1)C(=O)Nc1ccc(cc1)Oc1ccc(cc1)C(c1ccc(cc1)Oc1ccc(cc1)NC(=O)c1ccc(cc1)*)(C(F)(F)F)C(F)(F)F,tg,163.0,201.44607543945312
*Oc1cc2c(cc1)ccc(c2)Oc1ccc(cc1)C(=O)Nc1ccc(cc1)Oc1ccc(cc1)C(c1ccc(cc1)Oc1ccc(cc1)NC(=O)c1ccc(cc1)*)(C)C,tg,143.0,168.9823760986328
*Oc1cc2c(cc1)ccc(c2)Oc1ccc(cc1)C(=O)Nc1ccc(cc1)Oc1ccc(cc1)C(c1ccc(cc1)Oc1ccc(cc1)NC(=O)c1ccc(cc1)*)(c1ccccc1)C,tg,177.0,184.8575439453125
*Oc1cc2c(cc1)ccc(c2)Oc1ccc(cc1)C(=O)Nc1ccc(cc1)Oc1ccc(cc1)S(=O)(=O)c1ccc(cc1)Oc1ccc(cc1)NC(=O)c1ccc(cc1)*,tg,227.0,230.21156311035156
*Oc1cc2c(cc1OC(=O)c1ccc(cc1)Oc1ccc(cc1)C(=O)*)cccc2,tg,148.0,116.34446716308594
*Oc1ccc(-c2ccc(-c3ccc(*)cc3)cc2)cc1,eea,1.6576,1.765535831451416
*Oc1ccc(-c2ccc(-c3ccc(*)cc3)cc2)cc1,ei,5.5837,5.465328216552734
*Oc1ccc(-c2ccc(-c3ccc(*)cc3)cc2)cc1,eps,3.87,3.9440948963165283
*Oc1ccc(-c2ccc(-c3ccc(*)cc3)cc2)s1,ei,5.1012,5.5477705001831055
*Oc1ccc(-c2ccc(-c3ccc(*)cc3)cc2)s1,nc,2.1534,2.0989444255828857
*Oc1ccc(-c2ccc(-c3ccc(*)cc3)s2)cc1,ei,5.1678,5.498027801513672
*Oc1ccc(-c2ccc(-c3ccc(*)cc3)s2)s1,ei,5.6406,5.2342963218688965
*Oc1ccc(-c2ccc(-c3ccc(*)cc3)s2)s1,eps,5.17,5.23665714263916
*Oc1ccc(-c2ccc(-c3ccc(*)cc3)s2)s1,nc,2.1712,2.1746022701263428
*Oc1ccc(-c2ccc(-c3ccc(*)s3)s2)s1,ei,4.7769,5.335129737854004
*Oc1ccc(-c2ccc(-c3ccc(*)s3)s2)s1,nc,2.2729,2.2043135166168213
*Oc1ccc(-c2ccc(C(*)=O)cc2)cc1,egb,3.0847,3.2281792163848877
*Oc1ccc(-c2ccc(C(*)=O)cc2)cc1,egc,3.8635,3.798727035522461
*Oc1ccc(-c2ccc(C(*)=O)cc2)cc1,ei,6.2671,6.220880508422852
*Oc1ccc(-c2ccc(C(*)=O)cc2)cc1,eps,4.1,4.31203031539917
*Oc1ccc(-c2ccc(C(*)=O)cc2)cc1,nc,1.9035,1.9508895874023438
*Oc1ccc(-c2ccc(C(*)=O)cc2)cc1Br,egc,3.8867,3.5354301929473877
*Oc1ccc(-c2ccc(C(*)=O)cc2)s1,ei,6.028,5.993812561035156
*Oc1ccc(-c2ccc(C(*)=O)cc2)s1,eps,4.73,4.989818096160889
*Oc1ccc(-c2ccc(C(*)=O)s2)cc1,egb,2.0204,2.469026803970337
*Oc1ccc(-c2ccc(C(*)=O)s2)cc1,ei,5.7839,6.062047004699707
*Oc1ccc(-c2ccc(C(*)=O)s2)s1,eea,2.952,2.8930866718292236
*Oc1ccc(-c2ccc(C(*)=O)s2)s1,eps,5.23,4.855411529541016
*Oc1ccc(-c2ccc(C(*)=O)s2)s1,nc,2.0521,2.0975823402404785
*Oc1ccc(-c2ccc(N=Nc3ccc(C(*)=O)cc3)cc2)cc1,egc,3.5627,2.949075222015381
*Oc1ccc(-c2ccc(OC(=O)CCCCCCCCC(*)=O)cc2)cc1,egc,4.5699,4.526756763458252
*Oc1ccc(-c2ccc(Oc3ccc(C(C)(C)c4ccc(*)cc4)cc3)cc2)cc1,egc,4.2484,4.164333343505859
*Oc1ccc(-c2ccc(Oc3cccc(*)n3)cc2)cc1,egc,4.055,4.096842288970947
*Oc1ccc(C(=Nc2ccc(N=C(c3ccccc3)c3ccc(On4c(=O)c5c(F)c6c(=O)n(*)c(=O)c6c(F)c5c4=O)cc3)cc2)c2ccccc2)cc1,egc,0.9593,1.8609191179275513
*Oc1ccc(C(=O)CCCCC(=O)c2ccc(OC(*)=O)cc2)cc1,egc,4.6051,4.446127414703369
*Oc1ccc(C(=O)CNCCCCCCCCNCC(=O)c2ccc(*)cc2)cc1,egc,3.8153,4.019378662109375
*Oc1ccc(C(=O)CNNCC(=O)c2ccc(*)cc2)cc1,egc,4.1658,3.72762131690979
*Oc1ccc(C(=O)NCC(C)(C)CCCNC(=O)c2ccc(*)cc2)cc1,egc,4.7683,4.616169452667236
*Oc1ccc(C(=O)NCCCCCCCCCCCCNC(=O)c2ccc(*)cc2)cc1,egc,4.4794,4.879438400268555
*Oc1ccc(C(=O)NNC(=O)c2cccc(C(=O)NNC(=O)c3ccc(OC(=O)c4cccc(C(*)=O)c4)cc3)c2)cc1,egc,3.7359,3.9701967239379883
*Oc1ccc(C(=O)Nc2cc(NC(=O)c3ccc(*)cc3)cc(-c3nc4ccccc4[nH]3)c2)cc1,egc,3.5407,3.4348156452178955
*Oc1ccc(C(=O)Nc2ccc(Cc3ccc(NC(=O)c4ccc(Oc5nc(*)nc(Sc6ccccc6)n5)cc4)cc3)cc2)cc1,egc,3.3904,3.9097092151641846
*Oc1ccc(C(=O)Nc2ccc(S(=O)(=O)c3ccc(NC(=O)c4ccc(Oc5nc(*)nc(Sc6ccccc6)n5)cc4)cc3)cc2)cc1,egc,3.8673,3.5268185138702393
*Oc1ccc(C(=O)Nc2ccc(SCCC(*)=O)cc2)cc1,egc,3.9873,4.203400611877441
*Oc1ccc(C(=O)OCCCOC(=O)c2ccc(*)cc2)cc1,egc,4.6133,4.671458721160889
*Oc1ccc(C(=O)OCCCOC(=O)c2ccc(OC(=O)c3ccc(C(*)=O)cc3)cc2)cc1,egc,4.0079,4.17842960357666
*Oc1ccc(C(=O)OCCOCCOC(=O)c2ccc(OC(*)=O)cc2)cc1,egc,4.6582,4.676797389984131
*Oc1ccc(C(=O)c2ccc(*)cc2)cc1,eea,2.4594,2.4203782081604004
*Oc1ccc(C(=O)c2ccc(*)cc2)cc1,egc,3.9194,4.043652534484863
*Oc1ccc(C(=O)c2ccc(*)cc2)cc1,eps,4.32,4.336481094360352
*Oc1ccc(C(=O)c2ccc(*)cc2)cc1,nc,1.9173,1.94186270236969
*Oc1ccc(C(=O)c2ccc(C(=O)NOC(*)=O)s2)cc1,eea,3.5136,2.947211265563965
*Oc1ccc(C(=O)c2ccc(C(=O)NOC(*)=O)s2)cc1,egb,2.9014,3.0990827083587646
*Oc1ccc(C(=O)c2ccc(C(=O)NOC(*)=O)s2)cc1,ei,7.1656,7.10133171081543
*Oc1ccc(C(=O)c2ccc(C(=O)NOC(*)=O)s2)cc1,eps,4.55,4.443852424621582
*Oc1ccc(C(=O)c2ccc(C(=O)NOC(*)=O)s2)cc1,nc,1.8941,1.9314680099487305
*Oc1ccc(C(=O)c2ccc(OC(=O)OC3C(C)(C)C(OC(*)=O)C3(C)C)cc2)cc1,egc,4.4802,4.749993324279785
*Oc1ccc(C(=O)c2cccc(C(=O)c3ccc(*)cc3)c2)cc1,egc,3.9576,3.925386428833008
*Oc1ccc(C(=S)c2ccc(*)cc2)cc1,eea,3.1315,3.1240673065185547
*Oc1ccc(C(=S)c2ccc(*)cc2)cc1,egb,1.7412,2.0882647037506104
*Oc1ccc(C(=S)c2ccc(*)cc2)cc1,ei,5.7685,5.805825710296631
*Oc1ccc(C(=S)c2ccc(*)cc2)s1,egb,2.4038,2.1556806564331055
*Oc1ccc(C(=S)c2ccc(*)cc2)s1,eps,4.54,5.3638596534729
*Oc1ccc(C(=S)c2ccc(*)s2)s1,egb,2.3041,2.1586296558380127
*Oc1ccc(C(C#N)(c2ccccc2)c2ccc(OC(*)=O)cc2)cc1,egc,5.0272,5.232895374298096
*Oc1ccc(C(C)(C)c2ccc(OC(*)=O)c(Cl)c2)cc1,egc,5.0408,4.985547065734863
*Oc1ccc(C(C)(C)c2ccc(OC(*)=O)c(Cl)c2)cc1Cl,egc,4.9898,5.021346092224121
*Oc1ccc(C(C)(C)c2ccc(OC(*)=O)cc2)cc1,egc,5.2059,5.007086277008057
*Oc1ccc(C(C)(C)c2ccc(OC(=O)OCCN(CCOC(*)=O)c3ccc(OC)cc3)cc2)cc1,egc,4.212,4.104251861572266
*Oc1ccc(C(C)(C)c2ccc(OC(=O)c3ccc(C(*)=O)cc3)c(C(C)C)c2)cc1C(C)C,egc,3.2409,3.825746774673462
*Oc1ccc(C(C)(C)c2ccc(Oc3cncc(*)n3)cc2)cc1,egc,4.2862,4.28377628326416
*Oc1ccc(C(C)(C)c2ccc(Oc3nc(*)nc(OC)n3)cc2)cc1,egc,5.075,4.928854942321777
*Oc1ccc(C(C)(CC)c2ccc(OC(*)=O)cc2)cc1,egc,5.0105,4.818117141723633
*Oc1ccc(C(C)(CCC#N)c2ccc(OC(*)=O)c(C)c2)cc1C,egc,4.6661,5.230640888214111
*Oc1ccc(C(C)(c2ccccc2)c2ccc(OC(=O)OC3C(C)(C)C(OC(*)=O)C3(C)C)cc2)cc1,egc,5.136,5.085142135620117
*Oc1ccc(C(C)=Cc2ccc(OC(=O)OCCCCCCOC(*)=O)cc2)cc1,egc,4.2293,3.9557113647460938
*Oc1ccc(C(C)=Cc2ccc(OC(=O)OCCCCOC(*)=O)cc2)cc1,egc,4.0366,4.302976608276367
*Oc1ccc(C(C)=Nc2ccc(N=C(C)c3ccc(*)cc3)cc2)cc1,egc,2.9143,3.8086133003234863
*Oc1ccc(C(CC)(c2ccccc2)c2ccc(OC(*)=S)cc2)cc1,egc,4.1012,3.8710861206054688
*Oc1ccc(C(CC)c2ccc(OC(*)=O)cc2)cc1,egc,5.1581,4.940968990325928
*Oc1ccc(C(CCCC)(CCCC)c2ccc(OC(*)=O)cc2)cc1,egc,4.9969,4.898890495300293
*Oc1ccc(C(F)(F)C(*)(F)F)cc1,eea,1.7411,1.866005539894104
*Oc1ccc(C(F)(F)C(*)(F)F)cc1,egb,4.7894,4.681297779083252
*Oc1ccc(C(F)(F)C(*)(F)F)cc1,nc,1.7437,1.755062460899353
*Oc1ccc(C(F)(F)C(*)(F)F)s1,eea,1.9642,2.457338333129883
*Oc1ccc(C(F)(F)C(*)(F)F)s1,egb,4.0762,4.278573513031006
*Oc1ccc(C(F)(F)C(*)(F)F)s1,ei,6.8728,6.338222980499268
*Oc1ccc(C(F)(F)C(*)(F)F)s1,eps,3.9,4.162250518798828
*Oc1ccc(C(c2ccc(OC(*)=O)cc2)C2CCCCC2)cc1,egc,4.5492,4.970978736877441
*Oc1ccc(C(c2ccc(OC(=O)c3ccc(OCCCCCCCCCCOc4ccc(C(*)=O)cc4)cc3)cc2)(C(F)(F)F)C(F)(F)F)cc1,egc,4.4545,4.025797367095947
*Oc1ccc(C(c2ccc(OC(=O)c3cccc(C(*)=O)c3)cc2)C(Cl)(Cl)Cl)cc1,egc,3.8681,3.3668439388275146
*Oc1ccc(C(c2ccccc2)(c2ccccc2)c2ccc(OC(=O)CCCCCCCCC(*)=O)cc2)cc1,egc,4.7541,4.240585803985596
*Oc1ccc(C(c2ccccc2)c2ccc(OC(*)=O)cc2)cc1,egc,5.1003,4.957275867462158
*Oc1ccc(C(c2ccccc2)c2ccc(OC(*)=O)cc2C)c(C)c1,egc,4.7259,4.865334510803223
*Oc1ccc(C2(c3ccc(OC(*)=O)cc3)CC(C)CC(C)(C)C2)cc1,egc,4.7559,4.722040176391602
*Oc1ccc(C2(c3ccc(OC(*)=O)cc3)CCCCCC2)cc1,egc,4.9619,4.877068996429443
*Oc1ccc(C2(c3ccc(OC(*)=O)cc3)c3ccccc3-c3ccccc32)cc1,egc,4.4035,4.302515983581543
*Oc1ccc(C2(c3ccc(OC(=O)OC4C(C)(C)C(OC(*)=O)C4(C)C)cc3)CC3CCC2C3)cc1,egc,4.7221,5.176006317138672
*Oc1ccc(C2(c3ccc(OC(=O)OC4C(C)(C)C(OC(*)=O)C4(C)C)cc3)CCC(C(C)(C)C)CC2)cc1,egc,5.0195,3.9124906063079834
*Oc1ccc(C2(c3ccc(OC(=O)c4ccc(C(*)=O)cc4)cc3)CC3CC2C2CCCC32)cc1,egc,3.4323,3.8266761302948
*Oc1ccc(C2(c3ccc(OC(=O)c4ccc(C(*)=O)cc4)cc3)CCC(C(C)(C)C)CC2)cc1,egc,3.1462,3.6229143142700195
*Oc1ccc(C2(c3ccc(OC(=O)c4ccc(C(*)=O)cc4)cc3)CCc3ccccc32)cc1,egc,3.2587,3.6790547370910645
*Oc1ccc(C2(c3ccc(OC(=O)c4cccc(C(*)=O)c4)c(C)c3)c3ccccc3-c3ccccc32)cc1C,egb,3.0176,2.3519744873046875
*Oc1ccc(C2(c3ccc(OC(=O)c4cccc(C(*)=O)c4)cc3)CCC3CCCCC3C2)cc1,egc,3.6386,3.765799045562744
*Oc1ccc(C=CC(*)=O)cc1,egc,3.6422,3.7450523376464844
*Oc1ccc(C=Nc2ccc(N=Cc3ccc(*)cc3)cc2)cc1,egc,2.8416,1.8935047388076782
*Oc1ccc(CC(*)=O)cc1,eea,1.5033,1.429787039756775
*Oc1ccc(CC(*)=O)cc1,egb,4.6878,4.245448589324951
*Oc1ccc(CC(*)=O)cc1,egc,4.8618,5.05420446395874
*Oc1ccc(CC(C#N)(C#N)Cc2ccc(*)cc2)cc1,egc,4.9531,4.537097930908203
*Oc1ccc(CC(NC(=O)CCc2ccc(OC(=O)CCCC(*)=O)cc2)C(=O)OCCOCCOCC)cc1,egc,5.2606,5.01767110824585
*Oc1ccc(CC(NC(=O)CCc2ccc(OC(=O)CCCCCCC(*)=O)cc2)C(=O)OCC(C)C)cc1,egc,5.1444,5.033675193786621
*Oc1ccc(CC(NC(=O)CCc2ccc(OC(=O)CCCCCCC(*)=O)cc2)C(=O)OCC)cc1,egc,5.0929,5.0316386222839355
*Oc1ccc(CC(NC(=O)CCc2ccc(OC(=O)COCCOCC(*)=O)cc2)C(=O)OC)cc1,egc,5.2022,4.841653823852539
*Oc1ccc(CC(NC(=O)Cc2ccc(OC(=O)CC(C)CCC(*)=O)cc2)C(=O)OCCCCCC)cc1,egc,4.8662,5.211481094360352
*Oc1ccc(CCNC(=O)c2cccc(C(*)=O)c2)cc1,egc,4.1401,4.678060054779053
*Oc1ccc(Cc2ccc(*)cc2)cc1,eea,1.1795,1.0933257341384888
*Oc1ccc(Cc2ccc(*)cc2)cc1,egb,4.3787,4.196869850158691
*Oc1ccc(Cc2ccc(*)cc2)cc1,ei,6.1428,5.960704326629639
*Oc1ccc(Cc2ccc(*)cc2)cc1,eps,3.5,3.558208703994751
*Oc1ccc(Cc2ccc(OC(*)=O)cc2)cc1,egc,4.8502,4.997249603271484
*Oc1ccc(Cc2ccc(OC(=O)OCC3CCC(COC(*)=O)CC3)cc2)cc1,egc,5.1271,5.532558441162109
*Oc1ccc(N=CCCCC=Nc2ccc(OC(=O)Nc3cc(NC(*)=O)ccc3C)cc2)cc1,egc,4.0981,4.3716020584106445
*Oc1ccc(N=CNc2ccc(*)cc2)cc1,egc,3.7365,3.8057479858398438
*Oc1ccc(N=Nc2ccc(*)cc2)cc1,egc,3.1576,3.2003350257873535
*Oc1ccc(NC(=C(C#N)C#N)c2ccc(-c3ccc(-c4ccc(C(Nc5ccc(*)cc5)=C(C#N)C#N)cc4)cc3)cc2)cc1,egc,3.7835,2.5777792930603027
*Oc1ccc(NC(=O)CCCCCCCCCCC(=O)Nc2ccc(*)cc2)cc1,egc,4.4722,4.232710361480713
*Oc1ccc(NC(=O)NCCCCCCNC(*)=O)cc1C,egc,4.8377,4.656600475311279
*Oc1ccc(NC(=O)OCCOC(=O)Nc2ccc(*)cc2)cc1,egc,4.8662,4.631814002990723
*Oc1ccc(NC(=O)c2cc(C(=O)Nc3ccc(*)cc3)cc(S(=O)(=O)c3ccccc3)c2)cc1,egc,3.3682,3.510622978210449
*Oc1ccc(NC(=O)c2cc(NC(=O)c3ccccc3)cc(C(=O)Nc3ccc(*)cc3)c2)cc1,egc,3.6254,3.4193737506866455
*Oc1ccc(NC(=O)c2cc(NC(=O)c3ccncc3)cc(C(=O)Nc3ccc(*)cc3)c2)cc1,egc,3.2858,3.423023223876953
*Oc1ccc(NC(=O)c2ccc(Oc3ccc(C(=O)Nc4ccc(*)cc4)c(C(=O)O)c3)cc2C(=O)O)cc1,egc,3.3446,3.084444761276245
*Oc1ccc(NC(=O)c2cccc(C(=O)Nc3ccc(Oc4ccc(C5(c6ccc(*)cc6)C6CC7CC(C6)CC5C7)cc4)cc3)c2)cc1,egc,3.8847,3.357931613922119
*Oc1ccc(Nc2ccc(N=Nc3ccc(Nc4ccc(*)cc4)cc3)cc2)cc1,egc,2.8393,2.9544472694396973
*Oc1ccc(OC(*)=O)cc1,eea,1.4499,1.7435331344604492
*Oc1ccc(OC(*)=O)cc1,egb,4.3251,4.7760329246521
*Oc1ccc(OC(*)=O)cc1,ei,6.5915,6.4263129234313965
*Oc1ccc(OC(*)=O)cc1,eps,3.95,3.869051456451416
*Oc1ccc(OC(*)=O)cc1,nc,1.7876,1.8118391036987305
*Oc1ccc(OC(*)=O)s1,eea,1.7594,1.84593665599823
*Oc1ccc(OC(*)=O)s1,egb,3.6706,3.9284863471984863
*Oc1ccc(OC(*)=O)s1,ei,5.9838,6.056038856506348
*Oc1ccc(OC(*)=O)s1,eps,4.26,4.087790012359619
*Oc1ccc(OC(*)=O)s1,nc,1.8728,1.8929095268249512
*Oc1ccc(OC(=O)CCC(*)=O)cc1,egc,5.0485,4.871046543121338
*Oc1ccc(OC(=O)Oc2ccc(C(*)=O)cc2)cc1,egc,4.5384,4.367877006530762
*Oc1ccc(OC(=O)Oc2ccc(OC(*)=O)cc2)cc1Cl,egc,5.1691,5.005621433258057
*Oc1ccc(OC(=O)c2ccc(C(*)=O)cc2)cc1,egc,3.7683,3.5864267349243164
*Oc1ccc(OC(=O)c2ccc(C(*)=O)cc2)cc1C1CCCCCC1,egc,3.5076,3.7772536277770996
*Oc1ccc(OC(=O)c2ccc(C(*)=O)cc2)cc1C1CCCCCCC1,egb,3.1917,2.801262617111206
*Oc1ccc(OC(=O)c2ccc(C(*)=O)cc2)cc1CCC(C)CC,egc,3.5259,3.799866199493408
*Oc1ccc(OC(=O)c2ccc(C(*)=O)cc2)cc1Cl,egc,3.9402,3.968221426010132
*Oc1ccc(OC(=O)c2ccc(C(*)=O)cc2Oc2ccc(F)cc2)cc1,egc,3.4967,3.213744878768921
*Oc1ccc(OC(=O)c2ccc(OC(=O)CCCCCCC(*)=O)cc2)cc1,egc,4.1613,4.179161071777344
*Oc1ccc(OC(=O)c2ccc(OC(=O)CCCCCCCCC(*)=O)cc2)cc1,egc,4.2519,4.260571479797363
*Oc1ccc(OC(=O)c2ccc(OCCCCCCCCCCOc3ccc(C(*)=O)cc3)cc2)cc1S(=O)(=O)c1ccccc1,egc,4.4922,3.6322848796844482
*Oc1ccc(Oc2ccc(*)cc2)s1,eea,1.2264,1.3632361888885498
*Oc1ccc(Oc2ccc(*)cc2)s1,ei,5.9034,5.653270721435547
*Oc1ccc(Oc2ccc(*)cc2)s1,eps,3.82,3.9127421379089355
*Oc1ccc(Oc2ccc(*)cc2)s1,nc,1.8525,1.8459504842758179
*Oc1ccc(Oc2ccc(*)s2)s1,eea,1.3443,1.1524032354354858
*Oc1ccc(Oc2ccc(*)s2)s1,egb,4.047,3.4929749965667725
*Oc1ccc(Oc2ccc(*)s2)s1,ei,5.0541,5.860907554626465
*Oc1ccc(Oc2ccc(*)s2)s1,eps,3.9,4.017124176025391
*Oc1ccc(Oc2ccc(C(=O)c3ccc(*)cc3)cc2)cc1,egc,3.9034,3.9161124229431152
*Oc1ccc(Oc2ccc(C(=O)c3ccc(*)cc3)cc2)cc1C,egc,3.5517,4.111841678619385
*Oc1ccc(Oc2ccc(C(=O)c3ccc(*)cc3)cc2)cc1C(=O)O,egc,3.6534,3.6361093521118164
*Oc1ccc(Oc2ccc(C(=O)c3ccc(*)cc3)cc2)cc1C(=O)OC,egc,3.7296,3.5935168266296387
*Oc1ccc(Oc2ccc(C(=O)c3ccc(*)cc3)cc2)cc1C(Br)Br,egc,3.947,3.5450069904327393
*Oc1ccc(Oc2ccc(C(=O)c3ccc(*)cc3)cc2)cc1C=O,egc,3.6677,3.517087459564209
*Oc1ccc(Oc2ccc(C(=O)c3ccc(*)cc3)cc2)cc1CBr,egc,3.6235,3.808131456375122
*Oc1ccc(Oc2ccc(C(=O)c3ccc(*)cc3)cc2)cc1CC#N,egc,4.0183,3.6255383491516113
*Oc1ccc(Oc2ccc(C(=O)c3cccc(-c4cccc(C(=O)c5ccc(*)cc5)c4)c3)cc2)cc1,egc,3.724,3.4577579498291016
*Oc1ccc(Oc2ccc(C(=O)c3ccccc3-c3ccccc3C(=O)c3ccc(*)cc3)cc2)cc1,egc,3.3644,3.6542351245880127
*Oc1ccc(Oc2ccc(C=NCCCCCCN=Cc3ccc(*)cc3)cc2)cc1,egc,4.2565,4.079982280731201
*Oc1ccc(Oc2ccc(C=NCCCCN=Cc3ccc(*)cc3)cc2)cc1,egc,4.1246,4.131973743438721
*Oc1ccc(Oc2ccc(NC(=C(C#N)C#N)c3ccc(-c4ccc(-c5ccc(C(Nc6ccc(*)cc6)=C(C#N)C#N)cc5)cc4)cc3)cc2)cc1,egc,3.2228,3.243673086166382
*Oc1ccc(Oc2ccc(NC(=C(C#N)C#N)c3cccc(C(Nc4ccc(*)cc4)=C(C#N)C#N)c3)cc2)cc1,egc,2.6924,3.1921849250793457
*Oc1ccc(Oc2ccc(NC(=O)c3ccc(Oc4ccc(C(=O)Nc5ccc(*)cc5)c(C(=O)O)c4)cc3C(=O)O)cc2)cc1,egc,3.1241,3.162033796310425
*Oc1ccc(Oc2ccc(OC(=O)c3ccc(OC(=O)c4ccc(C(=O)Oc5ccc(C(*)=O)cc5)cc4)cc3)cc2)cc1,egc,2.7268,3.9035181999206543
*Oc1ccc(Oc2ccc(OC(=O)c3cccc(C(*)=O)c3)cc2)cc1,egc,3.4373,3.9653189182281494
*Oc1ccc(Oc2ccc(Oc3cccc(*)n3)cc2)cc1,egc,4.1433,4.169683933258057
*Oc1ccc(Oc2cccc(*)n2)c(-c2ccccc2)c1,egc,4.2637,4.229681015014648
*Oc1ccc(Oc2cccc(*)n2)c(C)c1,egc,4.4881,4.385299205780029
*Oc1ccc(Oc2cccc(*)n2)cc1,egc,4.3182,4.374509811401367
*Oc1ccc(P(=O)(c2ccccc2)c2ccc(*)cc2)cc1,egc,4.8858,3.9012062549591064
*Oc1ccc(P(C)(=O)c2ccc(*)cc2)cc1,egc,4.6884,4.843835353851318
*Oc1ccc(S(=O)(=O)c2ccc(*)cc2)cc1,egc,4.3172,4.556886672973633
*Oc1ccc(S(=O)(=O)c2ccc(-c3ccc(-c4ccc(S(=O)(=O)c5ccc(*)cc5)cc4)cc3)cc2)cc1,egc,3.6921,3.2408390045166016
*Oc1ccc(S(=O)(=O)c2ccc(Oc3ccc(C4(c5ccc(*)cc5)c5ccccc5-c5ccccc54)cc3)cc2)cc1,egc,4.0393,3.517794370651245
*Oc1ccc(S(=O)(=O)c2ccc3cc(S(=O)(=O)c4ccc(Oc5c(C)cc(-c6cc(C)c(*)c(C)c6C)c(C)c5C)cc4)ccc3c2)cc1,egc,3.4715,3.8365862369537354
*Oc1ccc(S(=O)(=O)c2cccc3c(S(=O)(=O)c4ccc(Oc5ccc(-c6ccc(*)cc6)cc5)cc4)cccc23)cc1,egc,3.4062,3.179920196533203
*Oc1ccc(S(=O)c2ccc(OC(*)=O)cc2)cc1,egc,4.6592,4.671554088592529
*Oc1ccc(SSCCSSc2ccc(*)cc2)cc1,egc,4.0205,3.864579677581787
*Oc1ccc(Sc2ccc(*)cc2)cc1,egc,4.5667,4.237673282623291
*Oc1ccc(Sc2ccc(OC(*)=O)cc2)cc1,egc,4.473,4.063962459564209
*Oc1ccc(cc1)*,tg,119.75,170.96334838867188
*Oc1ccc(cc1)/C(=C/c1ccc(cc1)OCCOCCOCC*)/C,tg,15.33,18.8427791595459
*Oc1ccc(cc1)/C(=C/c1ccc(cc1)OCCOCCOCCOCC*)/C,tg,7.5,18.154029846191406
*Oc1ccc(cc1)C(=Cc1c(cc(c(c1)OC)C=C(c1ccc(cc1)*)c1ccc(cc1)C(F)(F)F)OC)c1ccc(cc1)C(F)(F)F,tg,194.0,208.80918884277344
*Oc1ccc(cc1)C(=Cc1ccc(cc1)OCC(COC(=O)CCCCCCCCC(=O)OCC(C*)O)O)C,tg,30.0,26.529312133789062
*Oc1ccc(cc1)C(=Cc1ccc(cc1)OCCOCC*)C,tg,39.0,36.76272201538086
*Oc1ccc(cc1)C(=Cc1ccc(cc1)c1ccc(cc1)C=C(c1ccc(cc1)OC(=O)CCCCC(=O)*)c1ccccc1)c1ccccc1,tg,128.0,131.5731201171875
*Oc1ccc(cc1)C(=Cc1ccc(cc1)c1ccc(cc1)C=C(c1ccc(cc1)OC(=O)CCCCCCCCC(=O)*)c1ccccc1)c1ccccc1,tg,111.0,116.02894592285156
*Oc1ccc(cc1)C(=Cc1ccc(cc1)c1ccc(cc1)C=C(c1ccc(cc1)OC(=O)c1cc(ccc1)C(=O)*)c1ccccc1)c1ccccc1,tg,224.0,216.6842498779297
*Oc1ccc(cc1)C(=Cc1ccc(cc1)c1ccc(cc1)C=C(c1ccc(cc1)OC(=O)c1ccc(cc1)C(=O)*)c1ccccc1)c1ccccc1,tg,236.0,215.6403350830078
*Oc1ccc(cc1)C(=Nc1ccc(cc1)N=C(c1ccc(cc1)Oc1ccc(cc1)C(c1ccc(cc1)*)(C)C)C)C,tg,161.0,150.65255737304688
*Oc1ccc(cc1)C(=Nc1ccc(cc1)N=C(c1ccc(cc1)Oc1ccc(cc1)C(c1ccc(cc1)*)(C)C)c1ccccc1)c1ccccc1,tg,161.0,169.28244018554688
*Oc1ccc(cc1)C(=Nc1ccc(cc1)N=C(c1ccc(cc1)Oc1ccc(cc1)C(c1ccc(cc1)*)(c1ccccc1)c1ccccc1)c1ccccc1)c1ccccc1,tg,198.0,179.952880859375
*Oc1ccc(cc1)C(=O)N(C(=O)c1ccc(cc1)OCCCCCC*)c1cc(cc(c1)C)C,tg,75.0,123.80393981933594
*Oc1ccc(cc1)C(=O)N(C(=O)c1ccc(cc1)OCCCCCC*)c1ccc(cc1)Oc1ccccc1,tg,78.0,68.73629760742188
*Oc1ccc(cc1)C(=O)NNC(=O)c1cc(ccc1)C(=O)NNC(=O)c1ccc(cc1)OC(=O)c1cc(ccc1)C(=O)*,tg,180.0,201.76304626464844
*Oc1ccc(cc1)C(=O)NNC(=O)c1ccc(cc1)*,tg,256.2,207.83786010742188
*Oc1ccc(cc1)C(=O)NNC(=O)c1ccc(cc1)C(=O)NNC(=O)c1ccc(cc1)OC(=O)c1cc(ccc1)C(=O)*,tg,175.0,205.63949584960938
*Oc1ccc(cc1)C(=O)Nc1c(cc(c(c1)SCCC#N)NC(=O)c1ccc(cc1)*)SCCC#N,tg,158.0,142.7692413330078
*Oc1ccc(cc1)C(=O)Nc1c(cc(cc1)Br)c1ccc(cc1)NC(=O)c1ccc(cc1)*,tg,267.0,268.8809814453125
*Oc1ccc(cc1)C(=O)Nc1c(ccc(c1)C(c1cc(c(cc1)C)NC(=O)c1ccc(cc1)OC(=O)c1cc(ccc1)C(=O)*)(C(F)(F)F)C(F)(F)F)C,tg,214.0,214.71778869628906
*Oc1ccc(cc1)C(=O)Nc1cc(cc(c1)C(=O)OCCOC(=O)C=Cc1ccc(cc1)N(C)C)NC(=O)c1ccc(cc1)*,tg,182.0,198.1632537841797
*Oc1ccc(cc1)C(=O)Nc1cc(cc(c1)c1nc2c([nH]1)cccc2)NC(=O)c1ccc(cc1)*,tg,335.0,286.0826416015625
*Oc1ccc(cc1)C(=O)Nc1cc(cc(c1)c1nc2c([nH]1)cccc2)NC(=O)c1ccc(cc1)OCCOCCOCC*,tg,165.0,156.8878936767578
*Oc1ccc(cc1)C(=O)Nc1cc(cc(c1)c1nc2c([nH]1)cccc2)NC(=O)c1ccc(cc1)OCCOCCOCCOCCOCC*,tg,145.0,140.1077423095703
*Oc1ccc(cc1)C(=O)Nc1cc(cc(c1)c1nc2c([nH]1)cccc2)NC(=O)c1ccc(cc1)OCCOCCOCCOCCOCCOCC*,tg,125.0,143.0568389892578
*Oc1ccc(cc1)C(=O)Nc1ccc(cc1)C(c1ccc(cc1)NC(=O)c1ccc(cc1)*)(P1(=O)c2ccccc2c2ccccc2O1)P1(=O)c2ccccc2c2ccccc2O1,tg,243.0,240.21630859375
*Oc1ccc(cc1)C(=O)Nc1ccc(cc1)C(c1ccc(cc1)NC(=O)c1ccc(cc1)OC(=O)c1cc(ccc1)C(=O)*)(C(F)(F)F)C(F)(F)F,tg,227.0,246.06065368652344
*Oc1ccc(cc1)C(=O)Nc1ccc(cc1)C(c1ccc(cc1)NC(=O)c1ccc(cc1)OC(=O)c1ccc(cc1)C(=O)*)(C(F)(F)F)C(F)(F)F,tg,266.0,239.3694610595703
*Oc1ccc(cc1)C(=O)Nc1ccc(cc1)S(=O)(=O)c1ccc(cc1)NC(=O)c1ccc(cc1)Oc1ccc(cc1)C(=O)c1ccc(cc1)S(=O)(=O)c1ccc(cc1)C(=O)c1ccc(cc1)*,tg,260.0,218.4534454345703
*Oc1ccc(cc1)C(=O)OC(=O)c1ccc(cc1)OCCC*,tg,95.0,61.069271087646484
*Oc1ccc(cc1)C(=O)OC(=O)c1ccc(cc1)OCCCC*,tg,45.0,57.407814025878906
*Oc1ccc(cc1)C(=O)OC(=O)c1ccc(cc1)OCCOCC*,tg,41.0,56.678504943847656
*Oc1ccc(cc1)C(=O)OC(=O)c1ccc(cc1)OCOC*,tg,57.0,110.67940521240234
*Oc1ccc(cc1)C(=O)OC(COC(=O)c1ccc(cc1)OC(=O)c1ccc(cc1)C(=O)*)C,tg,87.0,110.28289031982422
*Oc1ccc(cc1)C(=O)OC(COC(COC(COC(=O)c1ccc(cc1)OC(=O)c1ccc(cc1)C(=O)*)C)C)C,tg,36.0,51.76117706298828
*Oc1ccc(cc1)C(=O)OCC*,tg,77.67,75.9350357055664
*Oc1ccc(cc1)C(=O)OCCCCCCCOC(=O)c1ccc(cc1)OC(=O)c1ccc(cc1)C(=O)*,tg,65.0,27.526124954223633
*Oc1ccc(cc1)C(=O)OCCCCCCOC(=O)c1ccc(cc1)*,tg,15.0,39.2950325012207
*Oc1ccc(cc1)C(=O)OCCCCOC(=O)c1ccc(cc1)*,tg,38.0,42.17204284667969
*Oc1ccc(cc1)C(=O)OCCCOC(=O)c1ccc(cc1)*,tg,57.0,42.89733123779297
*Oc1ccc(cc1)C(=O)OCCN(CCOC(=O)c1ccc(cc1)OC1(C(C(C1(F)F)(F)F)(*)F)F)c1ccc(cc1)C=CC1=CC(=C(C#N)C#N)CC(C1)(C)C,tg,143.0,127.93672943115234
*Oc1ccc(cc1)C(=O)OCCN(CCOC(=O)c1ccc(cc1)OCC#CC#CC*)c1ccc(cc1)N=Nc1ccc(cc1)C#N,tg,121.0,99.20880889892578
*Oc1ccc(cc1)C(=O)OCCN(CCOC(=O)c1ccc(cc1)OCC#CC#CC*)c1ccc(cc1)N=Nc1ccc(cc1)[N+](=O)[O-],tg,100.0,114.61027526855469
*Oc1ccc(cc1)C(=O)OCCN(CCOC(=O)c1ccc(cc1)OCC#CC#CC*)c1ccc(cc1)[N+](=O)[O-],tg,100.0,86.76663208007812
*Oc1ccc(cc1)C(=O)OCCOC(=O)c1ccc(cc1)*,tg,74.0,101.24417114257812
*Oc1ccc(cc1)C(=O)OCCOC(=O)c1ccc(cc1)OCCCC*,tg,53.0,31.40459442138672
*Oc1ccc(cc1)C(=O)OCCOCCOC(=O)c1ccc(cc1)OC(=O)*,tg,51.0,35.56899642944336
*Oc1ccc(cc1)C(=O)OCCOCCOCCOC(=O)c1ccc(cc1)OC(=O)c1ccc(cc1)C(=O)*,tg,25.0,38.33109664916992
*Oc1ccc(cc1)C(=O)OCCOCCOCCOCCOC(=O)c1ccc(cc1)OC(=O)c1ccc(cc1)C(=O)*,tg,25.0,24.057886123657227
*Oc1ccc(cc1)C(=O)c1cc(ccc1)C(=O)c1ccc(cc1)*,tg,139.0,148.00518798828125
*Oc1ccc(cc1)C(=O)c1cc(ccc1)C(=O)c1ccc(cc1)Oc1cc(ccc1)Cc1cc(ccc1)*,tg,114.0,107.82496643066406
*Oc1ccc(cc1)C(=O)c1cc(ccc1)c1cc(ccc1)C(=O)c1ccc(cc1)*,tg,123.0,144.58831787109375
*Oc1ccc(cc1)C(=O)c1ccc(cc1)C(=O)c1ccc(cc1)Oc1cc(ccc1)Cc1cc(ccc1)*,tg,122.0,132.6350555419922
*Oc1ccc(cc1)C(=O)c1ccc(cc1)C(=O)c1ccc(cc1)Oc1ccc(cc1)Cc1ccc(cc1)*,tg,120.0,129.51426696777344
*Oc1ccc(cc1)C(=O)c1ccc(cc1)NC(=O)c1cc(ccc1)C(=O)Nc1ccc(cc1)C(=O)c1ccc(cc1)*,tg,204.2,204.57611083984375
*Oc1ccc(cc1)C(=O)c1ccc(cc1)NC(=O)c1ccc(cc1)C(=O)Nc1ccc(cc1)C(=O)c1ccc(cc1)*,tg,187.0,207.40602111816406
*Oc1ccc(cc1)C(=O)c1ccc(cc1)OCCCCCCOC(=O)OCCCCCCCCCCCCOC(=O)OCCCCCC*,tg,-8.0,-3.365147829055786
*Oc1ccc(cc1)C(=O)c1ccc(cc1)OCCCCCCOC(=O)OCCCCCCCCCCOC(=O)OCCCCCC*,tg,-13.0,-2.682708740234375
*Oc1ccc(cc1)C(=O)c1ccc(cc1)OCCCCCCOC(=O)OCCCCCCOC(=O)OCCCCCC*,tg,-0.3,-1.3735452890396118
*Oc1ccc(cc1)C(=O)c1ccc(cc1)OCCCCCCOC(=O)OCCCCCOC(=O)OCCCCCC*,tg,-0.2,1.5341542959213257
*Oc1ccc(cc1)C(=O)c1ccc(cc1)OCCCCCCOC(=O)OCCCCOC(=O)OCCCCCC*,tg,2.1,2.2665252685546875
*Oc1ccc(cc1)C(=O)c1ccc(cc1)OCCCCCCOC(=O)OCCCOC(=O)OCCCCCC*,tg,16.0,4.7077789306640625
*Oc1ccc(cc1)C(=O)c1ccc(cc1)Oc1ccc(cc1)C(=O)c1c(c(c(c(c1c1ccc(cc1)F)c1ccc(cc1)F)c1ccc(cc1)F)c1ccc(cc1)F)C(=O)c1ccc(cc1)*,tg,260.0,253.3610076904297
*Oc1ccc(cc1)C(=O)c1ccc(cc1)Oc1ccc(cc1)C(=O)c1c(c(c(c(c1c1ccccc1)c1cc2c(cc1)cccc2)c1cc2c(cc1)cccc2)c1ccccc1)C(=O)c1ccc(cc1)*,tg,290.0,276.25921630859375
*Oc1ccc(cc1)C(=O)c1ccc(cc1)Oc1ccc(cc1)C(=O)c1cc(ccc1)C(=O)c1ccc(cc1)*,tg,152.0,143.8252716064453
*Oc1ccc(cc1)C(=O)c1ccc(cc1)Oc1ccc(cc1)C(=O)c1ccc(cc1)Oc1ccc(cc1)Cc1ccc(cc1)*,tg,128.0,131.9212188720703
*Oc1ccc(cc1)C(CC(c1ccc(cc1)OCC(C*)O)C)(C)C,tg,75.0,56.629844665527344
*Oc1ccc(cc1)C(c1cc(ccc1)C(c1ccc(cc1)Oc1ccc(cc1)C(=O)Nc1cc(ccc1)NC(=O)c1ccc(cc1)*)(C)C)(C)C,tg,155.0,198.1525115966797
*Oc1ccc(cc1)C(c1ccc(cc1)C(c1ccc(cc1)Oc1ccc(cc1)C(=O)Nc1ccc(cc1)Cc1ccc(cc1)NC(=O)c1ccc(cc1)*)(C)C)(C)C,tg,162.0,176.95872497558594
*Oc1ccc(cc1)C(c1ccc(cc1)C(c1ccc(cc1)Oc1ccc(cc1)C(=O)Nc1ccc(cc1)NC(=O)c1ccc(cc1)*)(C)C)(C)C,tg,163.0,187.47454833984375
*Oc1ccc(cc1)C(c1ccc(cc1)OC(*)(Oc1ccccc1)Oc1ccccc1)(C)C,tg,92.0,102.25346374511719
*Oc1ccc(cc1)C(c1ccc(cc1)OC(=O)*)(CC)C,tg,131.5,158.33181762695312
*Oc1ccc(cc1)C(c1ccc(cc1)OC(=O)*)(CCC#N)C,tg,150.0,156.62916564941406
*Oc1ccc(cc1)C(c1ccc(cc1)OC(=O)*)(CCC)CCC,tg,140.8,160.02197265625
*Oc1ccc(cc1)C(c1ccc(cc1)OC(=O)*)(c1ccccc1)C,tg,180.0,156.40650939941406
*Oc1ccc(cc1)C(c1ccc(cc1)OC(=O)*)(c1ccccc1)C#N,tg,138.0,198.5000457763672
*Oc1ccc(cc1)C(c1ccc(cc1)OC(=O)*)C,tg,122.2,132.9622039794922
*Oc1ccc(cc1)C(c1ccc(cc1)OC(=O)*)C(C)C,tg,149.0,140.0587615966797
*Oc1ccc(cc1)C(c1ccc(cc1)OC(=O)*)C(Cl)(Cl)Cl,tg,230.0,194.26242065429688
*Oc1ccc(cc1)C(c1ccc(cc1)OC(=O)*)C1C2C3C(C(C1)C2)C1CCC3C1,tg,253.0,230.7503662109375
*Oc1ccc(cc1)C(c1ccc(cc1)OC(=O)*)C1C2CCC(C1c1ccccc1)C2,tg,196.0,229.51121520996094
*Oc1ccc(cc1)C(c1ccc(cc1)OC(=O)*)CC,tg,128.0,109.29219818115234
*Oc1ccc(cc1)C(c1ccc(cc1)OC(=O)*)CCC,tg,110.33,94.28571319580078
*Oc1ccc(cc1)C(c1ccc(cc1)OC(=O)C1CCC(CC1)C(=O)*)(C)C,tg,150.0,142.46949768066406
*Oc1ccc(cc1)C(c1ccc(cc1)OC(=O)CC(CCC(=O)*)C)(C)C,tg,56.0,54.949703216552734
*Oc1ccc(cc1)C(c1ccc(cc1)OC(=O)CCCCC(=O)*)(C)C,tg,54.0,47.656490325927734
*Oc1ccc(cc1)C(c1ccc(cc1)OC(=O)CCCCCCCCC(=O)*)(C)C,tg,14.25,39.5766716003418
*Oc1ccc(cc1)C(c1ccc(cc1)OC(=O)CCCCCCCCC(=O)*)(CC)c1ccccc1,tg,88.0,53.91465377807617
*Oc1ccc(cc1)C(c1ccc(cc1)OC(=O)CN(CC(=O)*)c1ccc(cc1)N=Nc1ccc(cc1)[N+](=O)[O-])(C)C,tg,152.0,130.44300842285156
*Oc1ccc(cc1)C(c1ccc(cc1)OC(=O)Nc1ccc(cc1)Cc1ccc(cc1)NC(=O)*)(C(F)(F)F)C(F)(F)F,tg,81.0,129.29852294921875
*Oc1ccc(cc1)C(c1ccc(cc1)OC(=O)OC1C(C(C1(C)C)OC(=O)*)(C)C)(c1ccccc1)c1ccccc1,tg,161.0,163.48043823242188
*Oc1ccc(cc1)C(c1ccc(cc1)OC(=O)OCC1CCC(CC1)COC(=O)*)(C)C,tg,90.4,65.189208984375
*Oc1ccc(cc1)C(c1ccc(cc1)OC(=O)OCCN(CCOC(=O)*)c1ccc(cc1)OC)(C)C,tg,60.0,79.78809356689453
*Oc1ccc(cc1)C(c1ccc(cc1)OC(=O)OCCN(CCOC(=O)*)c1ccc2[nH]c3c(c2c1)cccc3)(C)C,tg,90.0,119.28650665283203
*Oc1ccc(cc1)C(c1ccc(cc1)OC(=O)OCCN(CCOC(=O)*)c1ccccc1)(C)C,tg,70.0,38.911964416503906
*Oc1ccc(cc1)C(c1ccc(cc1)OC(=O)Oc1ccc(cc1)Cc1ccc(cc1)OC(=O)*)(C)C,tg,107.8,93.28333282470703
*Oc1ccc(cc1)C(c1ccc(cc1)OC(=O)SCCCSC(=O)*)(C)C,tg,90.0,78.3783950805664
*Oc1ccc(cc1)C(c1ccc(cc1)OC(=O)c1c(cccc1)c1c(cccc1)C(=O)*)(C(F)(F)F)C(F)(F)F,tg,162.0,162.39419555664062
*Oc1ccc(cc1)C(c1ccc(cc1)OC(=O)c1c(cccc1)c1c(cccc1)C(=O)*)(C)C,tg,154.5,145.33221435546875
*Oc1ccc(cc1)C(c1ccc(cc1)OC(=O)c1cc(cc(c1)NC(=O)c1ccc(cc1)NC(=O)C(N1C(=O)c2c(C1=O)cccc2)C)C(=O)*)(C)C,tg,238.0,188.203369140625
*Oc1ccc(cc1)C(c1ccc(cc1)OC(=O)c1cc(ccc1)C(=O)*)(C)C,tg,166.08,167.8227081298828
*Oc1ccc(cc1)C(c1ccc(cc1)OC(=O)c1cc(ccc1)C(=O)*)(c1ccccc1)C,tg,202.0,196.4267120361328
*Oc1ccc(cc1)C(c1ccc(cc1)OC(=O)c1cc(ccc1)C(=O)*)(c1ccccc1)c1ccccc1,tg,229.0,195.46847534179688
*Oc1ccc(cc1)C(c1ccc(cc1)OC(=O)c1cc(ccc1)C(C(C(c1cc(ccc1)C(=O)*)(F)F)(F)F)(F)F)(C)C,tg,122.0,97.17918395996094
*Oc1ccc(cc1)C(c1ccc(cc1)OC(=O)c1cc(ccc1)Oc1cc(ccc1)C(=O)*)(C)C,tg,85.0,109.73294067382812
*Oc1ccc(cc1)C(c1ccc(cc1)OC(=O)c1cc2c(C(CC2(c2ccc(cc2)C(=O)*)C)(C)C)cc1)(C)C,tg,265.0,219.1089630126953
*Oc1ccc(cc1)C(c1ccc(cc1)OC(=O)c1ccc(cc1)C(=O)*)(CC)CC,tg,165.0,222.94190979003906
*Oc1ccc(cc1)C(c1ccc(cc1)OC(=O)c1ccc(cc1)C(=O)*)(CC)c1ccccc1,tg,243.0,220.55584716796875
*Oc1ccc(cc1)C(c1ccc(cc1)OC(=O)c1ccc(cc1)C(c1ccc(cc1)C(=O)*)(C(F)(F)F)C(F)(F)F)(C(F)(F)F)C(F)(F)F,tg,135.0,189.8192901611328
*Oc1ccc(cc1)C(c1ccc(cc1)OC(=O)c1ccc(cc1)C(c1ccc(cc1)C(=O)*)(C(F)(F)F)C(F)(F)F)(C)C,tg,124.0,160.1561737060547
*Oc1ccc(cc1)C(c1ccc(cc1)OC(=O)c1ccc(cc1)C(c1ccc(cc1)C(=O)*)(CC)C)(C)C,tg,207.5,211.31581115722656
*Oc1ccc(cc1)C(c1ccc(cc1)OC(=O)c1ccc(cc1)Cc1ccc(cc1)C(=O)*)(C)C,tg,187.5,149.38943481445312
*Oc1ccc(cc1)C(c1ccc(cc1)OC(=O)c1ccc(cc1)OCCCCCCCCCCOc1ccc(cc1)C(=O)*)(C(F)(F)F)C(F)(F)F,tg,89.0,78.92826080322266
*Oc1ccc(cc1)C(c1ccc(cc1)OC(=O)c1ccc(cc1)OCCCCCCCCCCOc1ccc(cc1)C(=O)*)(C)C,tg,77.0,87.0074462890625
*Oc1ccc(cc1)C(c1ccc(cc1)OC(=O)c1ccc(cc1)[Si](c1ccc(cc1)C(=O)*)(C)C)(C)C,tg,180.0,152.7221221923828
*Oc1ccc(cc1)C(c1ccc(cc1)OC(=S)*)(C)C,tg,140.5,102.73716735839844
*Oc1ccc(cc1)C(c1ccc(cc1)OC(=S)*)(CC(C)C)C,tg,128.0,109.66883087158203
*Oc1ccc(cc1)C(c1ccc(cc1)OC(=S)*)(CC)C,tg,102.0,121.93447875976562
*Oc1ccc(cc1)C(c1ccc(cc1)OC(=S)*)(CC)CC,tg,121.0,96.53375244140625
*Oc1ccc(cc1)C(c1ccc(cc1)OC(=S)*)C,tg,101.67,114.8269271850586
*Oc1ccc(cc1)C(c1ccc(cc1)OC(=S)*)C(CC)CC,tg,148.0,121.66464233398438
*Oc1ccc(cc1)C(c1ccc(cc1)OC(=S)*)CC,tg,97.33,118.07071685791016
*Oc1ccc(cc1)C(c1ccc(cc1)OC(=S)*)c1c2c(ccc1)cccc2,tg,191.0,163.1065673828125
*Oc1ccc(cc1)C(c1ccc(cc1)OC*)(C(F)(F)F)C(F)(F)F,tg,123.0,90.93791961669922
*Oc1ccc(cc1)C(c1ccc(cc1)OC1(C(C(C1(F)F)(F)F)(*)F)F)(C(F)(F)F)C(F)(F)F,tg,122.5,144.1186065673828
*Oc1ccc(cc1)C(c1ccc(cc1)OCC(C*)(CCl)CO)(C(F)(F)F)C(F)(F)F,tg,107.0,126.41678619384766
*Oc1ccc(cc1)C(c1ccc(cc1)OCC(C*)O)(C)C,tg,87.45,80.90116119384766
*Oc1ccc(cc1)C(c1ccc(cc1)OCC(C*)O)(c1ccccc1)C,tg,115.0,129.13162231445312
*Oc1ccc(cc1)C(c1ccc(cc1)OCC(C*)OC(=O)C)(C)C,tg,60.0,81.8427734375
*Oc1ccc(cc1)C(c1ccc(cc1)OCC(C*)OC(=O)C=Cc1ccccc1)(C)C,tg,100.6,93.93341064453125
*Oc1ccc(cc1)C(c1ccc(cc1)OCC(C*)OC(=O)C=Cc1occc1)(C)C,tg,107.2,75.479248046875
*Oc1ccc(cc1)C(c1ccc(cc1)OCC(C*)OC(=O)CC)(C)C,tg,60.0,38.27959060668945
*Oc1ccc(cc1)C(c1ccc(cc1)OCC(C*)OC(=O)c1c(cccc1)Cl)(C)C,tg,66.0,105.83930206298828
*Oc1ccc(cc1)C(c1ccc(cc1)OCC(C*)OC(=O)c1ccccc1)(c1ccccc1)C,tg,126.0,94.19148254394531
*Oc1ccc(cc1)C(c1ccc(cc1)OCC(CN(CC(C*)O)c1ccc(cc1)C#N)O)(C)C,tg,100.0,82.7760238647461
*Oc1ccc(cc1)C(c1ccc(cc1)OCC(CN(S(=O)(=O)c1cc(ccc1)S(=O)(=O)N(CC(C*)O)C)C)O)(C)C,tg,76.0,85.93521881103516
*Oc1ccc(cc1)C(c1ccc(cc1)OCC(CN(S(=O)(=O)c1ccc(cc1)c1ccc(cc1)S(=O)(=O)N(CC(C*)O)C)C)O)(C)C,tg,101.0,78.72309875488281
*Oc1ccc(cc1)C(c1ccc(cc1)OCC(CN(S(=O)(=O)c1ccc(cc1)c1ccc(cc1)S(=O)(=O)N(CC(C*)O)CCO)CCO)O)(C)C,tg,76.0,107.84001922607422
*Oc1ccc(cc1)C(c1ccc(cc1)OCC(COC(=O)C1CCC(CC1)C(=O)OCC(C*)O)O)(C)C,tg,70.0,80.90353393554688
*Oc1ccc(cc1)C(c1ccc(cc1)OCC(COC(=O)CCCCC(=O)OCC(C*)O)O)(C)C,tg,37.33,35.66162872314453
*Oc1ccc(cc1)C(c1ccc(cc1)OCC(COC(=O)CCCCCCCCC(=O)OCC(C*)O)O)(C)C,tg,30.0,23.556413650512695
*Oc1ccc(cc1)C(c1ccc(cc1)OCC(COC(=O)CCCCCCCCCCC(=O)OCC(C*)O)O)(C)C,tg,25.0,31.040544509887695
*Oc1ccc(cc1)C(c1ccc(cc1)OCC(COC(=O)c1cc(ccc1)C(=O)OCC(C*)O)O)(C)C,tg,97.0,85.85172271728516
*Oc1ccc(cc1)C(c1ccc(cc1)OCC(COc1c(cc(cc1Cl)C(c1cc(c(c(c1)Cl)OCC(C*)O)Cl)(C)C)Cl)O)(C)C,tg,100.0,132.12905883789062
*Oc1ccc(cc1)C(c1ccc(cc1)OCC(COc1ccc(cc1)C(=O)c1ccc(cc1)OCC(C*)O)O)(C)C,tg,120.0,111.24644470214844
*Oc1ccc(cc1)C(c1ccc(cc1)OCCCCCCCC*)(C)C,tg,13.37,38.42735290527344
*Oc1ccc(cc1)C(c1ccc(cc1)OCCOC(=O)C1CCC(CC1)C(=O)OCC*)(C)C,tg,57.0,41.652183532714844
*Oc1ccc(cc1)C(c1ccc(cc1)Oc1c(c(c(c(c1F)F)C(=O)c1c(c(c(c(c1F)F)*)F)F)F)F)(C(F)(F)F)C(F)(F)F,tg,148.69,155.55870056152344
*Oc1ccc(cc1)C(c1ccc(cc1)Oc1c(c(c(c(c1F)F)C(=O)c1c(c(c(c(c1F)F)*)F)F)F)F)(c1ccccc1)C,tg,175.0,167.0581817626953
*Oc1ccc(cc1)C(c1ccc(cc1)Oc1c(c(c(c(c1F)F)COC(c1cc(ccc1)C(OCc1c(c(c(c(c1F)F)*)F)F)(C(F)(F)F)C(F)(F)F)(C(F)(F)F)C(F)(F)F)F)F)(C(F)(F)F)C(F)(F)F,tg,113.0,101.38677978515625
*Oc1ccc(cc1)C(c1ccc(cc1)Oc1c(cc(cc1)C(=O)c1ccc(cc1)C(=O)c1cc(c(cc1)*)C(F)(F)F)C(F)(F)F)(C)C,tg,171.0,162.9306182861328
*Oc1ccc(cc1)C(c1ccc(cc1)Oc1ccc(cc1)C(=O)C(=O)c1ccc(cc1)*)(c1ccccc1)C,tg,177.0,176.9483642578125
*Oc1ccc(cc1)C(c1ccc(cc1)Oc1ccc(cc1)C(=O)Nc1cc(c(cc1)c1c(cc(cc1)NC(=O)c1ccc(cc1)*)C(F)(F)F)C(F)(F)F)(C(F)(F)F)C(F)(F)F,tg,240.0,232.42538452148438
*Oc1ccc(cc1)C(c1ccc(cc1)Oc1ccc(cc1)C(=O)Nc1cc(ccc1)NC(=O)c1ccc(cc1)*)(C)C,tg,214.0,187.83470153808594
*Oc1ccc(cc1)C(c1ccc(cc1)Oc1ccc(cc1)C(=O)Nc1ccc(cc1)NC(=O)c1ccc(cc1)*)(C)C,tg,230.0,206.27978515625
*Oc1ccc(cc1)C(c1ccc(cc1)Oc1ccc(cc1)C(=O)Nc1ccc(cc1)NC(=O)c1ccc(cc1)*)(c1ccccc1)c1ccccc1,tg,254.0,257.91058349609375
*Oc1ccc(cc1)C(c1ccc(cc1)Oc1ccc(cc1)C(=O)c1c(c(c(c(c1c1ccc(cc1)F)c1ccc(cc1)F)c1ccc(cc1)F)c1ccc(cc1)F)C(=O)c1ccc(cc1)*)(C(F)(F)F)C(F)(F)F,tg,253.0,232.9781951904297
*Oc1ccc(cc1)C(c1ccc(cc1)Oc1ccc(cc1)C(=O)c1c(c(c(c(c1c1ccccc1)c1cc2c(cc1)cccc2)c1cc2c(cc1)cccc2)c1ccccc1)C(=O)c1ccc(cc1)*)(C)C,tg,264.0,262.1067810058594
*Oc1ccc(cc1)C(c1ccc(cc1)Oc1ccc(cc1)C(=O)c1c(cccc1)c1c(cccc1)C(=O)c1ccc(cc1)*)(C)C,tg,172.0,172.6243438720703
*Oc1ccc(cc1)C(c1ccc(cc1)Oc1ccc(cc1)C(=O)c1c2c(ccc1)cccc2C(=O)c1ccc(cc1)*)(C(F)(F)F)C(F)(F)F,tg,213.0,218.17269897460938
*Oc1ccc(cc1)C(c1ccc(cc1)Oc1ccc(cc1)C(=O)c1c2c(ccc1)cccc2C(=O)c1ccc(cc1)*)(C)C,tg,210.5,200.92454528808594
*Oc1ccc(cc1)C(c1ccc(cc1)Oc1ccc(cc1)C(=O)c1c2c(ccc1C)c(c(cc2)C)C(=O)c1ccc(cc1)*)(C)C,tg,222.0,228.66322326660156
*Oc1ccc(cc1)C(c1ccc(cc1)Oc1ccc(cc1)C(=O)c1cc(cc(c1)C(C)(C)C)C(=O)c1ccc(cc1)*)(C(F)(F)F)C(F)(F)F,tg,181.0,189.16905212402344
*Oc1ccc(cc1)C(c1ccc(cc1)Oc1ccc(cc1)C(=O)c1cc(ccc1)C(=O)c1ccc(cc1)*)(C(F)(F)F)C(F)(F)F,tg,175.0,170.92633056640625
*Oc1ccc(cc1)C(c1ccc(cc1)Oc1ccc(cc1)C(=O)c1cc2c(cc1)cc(cc2)C(=O)c1ccc(cc1)*)(C)C,tg,185.0,184.20779418945312
*Oc1ccc(cc1)C(c1ccc(cc1)Oc1ccc(cc1)C(=O)c1ccc(cc1)*)(C(F)(F)F)C(F)(F)F,tg,170.5,166.75694274902344
*Oc1ccc(cc1)C(c1ccc(cc1)Oc1ccc(cc1)C(=O)c1ccc(cc1)*)(C)C,tg,155.23,159.55319213867188
*Oc1ccc(cc1)C(c1ccc(cc1)Oc1ccc(cc1)C(=O)c1ccc(cc1)*)c1c(cccc1)C(=O)O,tg,220.5,211.40426635742188
*Oc1ccc(cc1)C(c1ccc(cc1)Oc1ccc(cc1)C(=O)c1ccc(cc1)C(=O)c1ccc(cc1)*)(C)C,tg,156.4,159.857421875
*Oc1ccc(cc1)C(c1ccc(cc1)Oc1ccc(cc1)C(=O)c1ccc(cc1)C(c1ccc(cc1)C(=O)c1ccc(cc1)*)(C(F)(F)F)C(F)(F)F)(C(F)(F)F)C(F)(F)F,tg,185.0,157.3887939453125
*Oc1ccc(cc1)C(c1ccc(cc1)Oc1ccc(cc1)C(=O)c1ccc(cc1)C(c1ccc(cc1)C(=O)c1ccc(cc1)*)(C)C)(C)C,tg,171.0,157.07456970214844
*Oc1ccc(cc1)C(c1ccc(cc1)Oc1ccc(cc1)C(=O)c1ccc(cc1)Oc1ccc(cc1)C(=O)c1ccc(cc1)*)(C)C,tg,162.0,159.11410522460938
*Oc1ccc(cc1)C(c1ccc(cc1)Oc1ccc(cc1)C(=O)c1ccc(cc1)P(=O)(c1ccc(cc1)C(=O)c1ccc(cc1)*)c1ccccc1)(C(F)(F)F)C(F)(F)F,tg,207.0,228.7804412841797
*Oc1ccc(cc1)C(c1ccc(cc1)Oc1ccc(cc1)C(C(c1ccc(cc1)*)O)O)(C)C,tg,149.4,126.19491577148438
*Oc1ccc(cc1)C1(C2C3C(CCC3)C(C1)C2)c1ccc(cc1)OC(=O)*,tg,251.5,201.64947509765625
*Oc1ccc(cc1)C1(C2C3C(CCC3)C(C1)C2)c1ccc(cc1)OC(=O)c1ccc(cc1)Oc1ccc(cc1)C1(CCC(CC1)C(C)(C)C)c1ccc(cc1)Oc1ccc(cc1)C(=O)*,tg,181.0,221.77871704101562
*Oc1ccc(cc1)C1(CC(CCC1)c1ccc(cc1)OCC(C*)O)CC,tg,140.0,99.76716613769531
*Oc1ccc(cc1)C1(CC(CCC1)c1ccc(cc1)OCC(C*)OC(=O)C)CC,tg,107.0,114.38777923583984
*Oc1ccc(cc1)C1(CC2C(CC1)CCCC2)c1ccc(cc1)OC(=O)c1cc(ccc1)C(=O)*,tg,248.0,246.03839111328125
*Oc1ccc(cc1)C1(CC2C(CC1)CCCC2)c1ccc(cc1)OC(=O)c1ccc(cc1)C(=O)*,tg,275.0,279.5455627441406
*Oc1ccc(cc1)C1(CC2C(CC1)CCCC2)c1ccc(cc1)Oc1ccc(cc1)C(=O)c1cc(ccc1)C(=O)c1ccc(cc1)*,tg,194.0,197.28868103027344
*Oc1ccc(cc1)C1(CC2C(CC1)CCCC2)c1ccc(cc1)Oc1ccc(cc1)C(=O)c1ccc(cc1)*,tg,214.0,211.04747009277344
*Oc1ccc(cc1)C1(CCC(CC1)C(C)(C)C)c1ccc(cc1)OC(=O)OC1C(C(C1(C)C)OC(=O)*)(C)C,tg,172.0,144.85800170898438
*Oc1ccc(cc1)C1(CCC(CC1)C(C)(C)C)c1ccc(cc1)Oc1ccc(cc1)C(=O)Oc1c(cc(cc1C)C(c1cc(c(c(c1)C)OC(=O)c1ccc(cc1)*)C)(C)C)C,tg,176.0,212.77647399902344
*Oc1ccc(cc1)C1(CCC(CC1)C(C)(C)C)c1ccc(cc1)Oc1ccc(cc1)C(=O)Oc1ccc(cc1)C(c1ccc(cc1)OC(=O)c1ccc(cc1)*)(C)C,tg,144.0,148.22613525390625
*Oc1ccc(cc1)C1(CCC(CC1)C(C)(C)C)c1ccc(cc1)Oc1ccc(cc1)C(=O)Oc1ccc(cc1)C1(CCC(CC1)c1ccccc1)c1ccc(cc1)OC(=O)c1ccc(cc1)*,tg,172.0,156.05845642089844
*Oc1ccc(cc1)C1(CCC(CC1)C(c1ccc(cc1)OCC(C*)O)(C)C)C,tg,135.0,177.75201416015625
*Oc1ccc(cc1)C1(CCC(CC1)C(c1ccc(cc1)Oc1ccc(cc1)C(=O)c1ccc(cc1)*)(C)C)C,tg,200.0,184.42913818359375
*Oc1ccc(cc1)C1(CCC(CC1)C)c1ccc(cc1)OC(=S)*,tg,168.0,135.3984375
*Oc1ccc(cc1)C1(CCCC1)c1ccc(cc1)OC(=S)*,tg,79.0,159.68922424316406
*Oc1ccc(cc1)C1(CCCCC1)c1ccc(cc1)OC(=O)*,tg,175.19,178.02378845214844
*Oc1ccc(cc1)C1(CCCCC1)c1ccc(cc1)OC(=O)OC1C(C(C1(C)C)OC(=O)*)(C)C,tg,136.0,154.50466918945312
*Oc1ccc(cc1)C1(CCCCC1)c1ccc(cc1)OC(=O)c1ccc(cc1)C(=O)*,tg,275.0,239.5076141357422
*Oc1ccc(cc1)C1(CCCCC1)c1ccc(cc1)OC(=S)*,tg,155.0,105.09083557128906
*Oc1ccc(cc1)C1(CCCCCC1)c1ccc(cc1)OC(=O)*,tg,155.0,165.90333557128906
*Oc1ccc(cc1)C1(CCCCCCCCCCC1)c1ccc(cc1)OC(=O)c1ccc(cc1)Oc1ccc(cc1)C1(CCC(CC1)C(C)(C)C)c1ccc(cc1)Oc1ccc(cc1)C(=O)*,tg,181.0,149.13815307617188
*Oc1ccc(cc1)C1(c2c(CC1)cccc2)c1ccc(cc1)OC(=O)*,tg,219.0,261.8690185546875
*Oc1ccc(cc1)C1(c2c(CC1)cccc2)c1ccc(cc1)OC(=O)c1ccc(cc1)C(=O)*,tg,312.0,275.7713317871094
*Oc1ccc(cc1)C1(c2cc(ccc2c2ccc(cc12)[N+](=O)[O-])N(C)C)c1ccc(cc1)OC(=O)*,tg,278.0,243.7025146484375
*Oc1ccc(cc1)C1(c2cc(ccc2c2ccc(cc12)[N+](=O)[O-])N(C)C)c1ccc(cc1)OC(=O)CCC(=O)*,tg,215.0,192.4220428466797
*Oc1ccc(cc1)C1(c2cc(ccc2c2ccc(cc12)[N+](=O)[O-])N(C)C)c1ccc(cc1)OC(=O)CCCC(=O)*,tg,181.0,183.690673828125
*Oc1ccc(cc1)C1(c2cc(ccc2c2ccc(cc12)[N+](=O)[O-])N(C)C)c1ccc(cc1)OC(=O)CCCCC(=O)*,tg,150.0,169.47987365722656
*Oc1ccc(cc1)C1(c2cc(ccc2c2ccc(cc12)[N+](=O)[O-])OC)c1ccc(cc1)OC(=O)*,tg,294.0,288.0194396972656
*Oc1ccc(cc1)C1(c2cc(ccc2c2ccc(cc12)[N+](=O)[O-])OC)c1ccc(cc1)OC(=O)CCC(=O)*,tg,230.0,232.16232299804688
*Oc1ccc(cc1)C1(c2ccccc2C(=O)c2ccccc12)c1ccc(cc1)OC(=O)c1ccc(cc1)C(=O)*,tg,400.0,287.1915588378906
*Oc1ccc(cc1)C1(c2ccccc2Cc2ccccc12)c1ccc(cc1)OC(=O)c1ccc(cc1)C(=O)*,tg,342.0,332.749755859375
*Oc1ccc(cc1)C1(c2ccccc2c2ccccc12)c1ccc(cc1)OC(=O)*,tg,303.33,258.13946533203125
*Oc1ccc(cc1)C1(c2ccccc2c2ccccc12)c1ccc(cc1)OC(=O)C12CC3(CC(CC(C1)C3)C2)C(=O)*,tg,335.0,270.4964294433594
*Oc1ccc(cc1)C1(c2ccccc2c2ccccc12)c1ccc(cc1)OC(=O)CCC(=O)*,tg,234.0,215.32537841796875
*Oc1ccc(cc1)C1(c2ccccc2c2ccccc12)c1ccc(cc1)OC(=O)CCCCC(=O)*,tg,166.0,180.3165283203125
*Oc1ccc(cc1)C1(c2ccccc2c2ccccc12)c1ccc(cc1)OC(=O)CCCCCCCC(=O)*,tg,150.0,136.0089111328125
*Oc1ccc(cc1)C1(c2ccccc2c2ccccc12)c1ccc(cc1)OC(=O)CCCCCCCCCC(=O)*,tg,136.0,134.2743682861328
*Oc1ccc(cc1)C1(c2ccccc2c2ccccc12)c1ccc(cc1)OC(=O)CCCCCCCCCCC(=O)*,tg,117.0,124.54122161865234
*Oc1ccc(cc1)C1(c2ccccc2c2ccccc12)c1ccc(cc1)OC(=O)OC1C(C(C1(C)C)OC(=O)*)(C)C,tg,214.0,228.72747802734375
*Oc1ccc(cc1)C1(c2ccccc2c2ccccc12)c1ccc(cc1)OC(=O)c1ccc(cc1)C(=O)*,tg,285.0,330.76025390625
*Oc1ccc(cc1)C1(c2ccccc2c2ccccc12)c1ccc(cc1)OC1(C(C(C1(F)F)(F)F)(*)F)F,tg,228.0,202.85821533203125
*Oc1ccc(cc1)C1(c2ccccc2c2ccccc12)c1ccc(cc1)OCC(COc1ccc(cc1)C(c1ccc(cc1)OCC(C*)O)(C)C)O,tg,161.0,148.0479278564453
*Oc1ccc(cc1)C1(c2ccccc2c2ccccc12)c1ccc(cc1)OCCOC(=O)NC1CCC(CC1)CC1CCC(CC1)NC(=O)OCC*,tg,140.0,97.25272369384766
*Oc1ccc(cc1)C1(c2ccccc2c2ccccc12)c1ccc(cc1)OCCOC(=O)NCCCCCCNC(=O)OCC*,tg,61.0,152.08169555664062
*Oc1ccc(cc1)C1(c2ccccc2c2ccccc12)c1ccc(cc1)OCCOC(=O)Nc1c(ccc(c1)NC(=O)OCC*)C,tg,175.0,161.69146728515625
*Oc1ccc(cc1)C1(c2ccccc2c2ccccc12)c1ccc(cc1)Oc1c(cc(cc1)C(=O)c1ccc(cc1)C(=O)c1cc(c(cc1)*)C(F)(F)F)C(F)(F)F,tg,229.0,222.27816772460938
*Oc1ccc(cc1)C1(c2ccccc2c2ccccc12)c1ccc(cc1)Oc1ccc(cc1)C(=O)c1c(cccc1)c1c(cccc1)C(=O)c1ccc(cc1)*,tg,229.0,258.7315673828125
*Oc1ccc(cc1)C1(c2ccccc2c2ccccc12)c1ccc(cc1)Oc1ccc(cc1)C(=O)c1c2c(ccc1)cccc2C(=O)c1ccc(cc1)*,tg,269.0,248.71307373046875
*Oc1ccc(cc1)C1(c2ccccc2c2ccccc12)c1ccc(cc1)Oc1ccc(cc1)C(=O)c1cc(ccc1)c1cc(ccc1)C(=O)c1ccc(cc1)*,tg,212.0,217.24520874023438
*Oc1ccc(cc1)C1(c2ccccc2c2ccccc12)c1ccc(cc1)Oc1ccc(cc1)C(=O)c1ccc(cc1)*,tg,252.0,243.0324249267578
*Oc1ccc(cc1)C1(c2ccccc2c2ccccc12)c1ccc(cc1)Oc1ccc(cc1)C(=O)c1ccc(cc1)C(=O)c1ccc(cc1)*,tg,243.0,248.10804748535156
*Oc1ccc(cc1)C1(c2ccccc2c2ccccc12)c1ccc(cc1)Oc1ccc(cc1)C(=O)c1ccc(cc1)Oc1ccc(cc1)C(=O)c1ccc(cc1)*,tg,231.0,219.82997131347656
*Oc1ccc(cc1)C1(c2ccccc2c2ccccc12)c1ccc(cc1)Oc1ccc(cc1)C=NN=Cc1ccc(cc1)*,tg,227.0,238.65292358398438
*Oc1ccc(cc1)C=C1C(=O)C(=Cc2ccc(cc2)OC(=O)c2ccc(cc2)N=Cc2ccc(cc2)C=Nc2ccc(cc2)C(=O)*)CC1,tg,205.0,196.62167358398438
*Oc1ccc(cc1)C=C1C(=O)C(=Cc2ccc(cc2)OCCCCCC*)CCC1,tg,116.0,92.7646713256836
*Oc1ccc(cc1)C=CC(=O)OCCN(CCOC(=O)C=Cc1ccc(cc1)OCCCCC*)c1ccc(cc1)N=Nc1ccc(cc1)[N+](=O)[O-],tg,92.0,113.54208374023438
*Oc1ccc(cc1)C=CC(=O)c1ccc(cc1)Oc1ccc(cc1)C(c1ccc(cc1)*)(c1ccccc1)C,tg,167.0,191.52096557617188
*Oc1ccc(cc1)C=Cc1c(cc(c(c1)OCCCCCCCC)C=Cc1ccc(cc1)OCCCCCCCC*)OCCCCCCCC,tg,130.0,67.1503677368164
*Oc1ccc(cc1)C=Cc1ccc(cc1)OCCCCCC*,tg,76.0,68.4839859008789
*Oc1ccc(cc1)C=NN=Cc1ccc(cc1)Oc1ccc(cc1)C(=O)c1ccc(cc1)*,tg,179.0,154.83767700195312
*Oc1ccc(cc1)C=NN=Cc1ccc(cc1)Oc1ccc(cc1)C(c1ccc(cc1)*)(C(F)(F)F)C(F)(F)F,tg,162.0,159.72166442871094
*Oc1ccc(cc1)CC(=O)NCCCCCCNC(=O)C*,tg,69.5,97.14863586425781
*Oc1ccc(cc1)CC(Cc1ccc(cc1)*)(C#N)C#N,tg,147.0,105.23422241210938
*Oc1ccc(cc1)CC(NC(=O)CCc1ccc(cc1)OC(=O)*)C(=O)OCCCC,tg,67.0,75.07035827636719
*Oc1ccc(cc1)CC(NC(=O)CCc1ccc(cc1)OC(=O)*)C(=O)OCCCCCC,tg,51.5,51.85707473754883
*Oc1ccc(cc1)CC(NC(=O)CCc1ccc(cc1)OC(=O)CC(CCC(=O)*)C)C(=O)OC(CC)C,tg,45.0,56.39201736450195
*Oc1ccc(cc1)CC(NC(=O)CCc1ccc(cc1)OC(=O)CCC(=O)*)C(=O)OC,tg,91.5,89.64189910888672
*Oc1ccc(cc1)CC(NC(=O)CCc1ccc(cc1)OC(=O)CCC(=O)*)C(=O)OC(C)C,tg,82.0,80.28334045410156
*Oc1ccc(cc1)CC(NC(=O)CCc1ccc(cc1)OC(=O)CCC(=O)*)C(=O)OC(CC)C,tg,75.0,80.33242797851562
*Oc1ccc(cc1)CC(NC(=O)CCc1ccc(cc1)OC(=O)CCC(=O)*)C(=O)OCC,tg,78.0,83.1403579711914
*Oc1ccc(cc1)CC(NC(=O)CCc1ccc(cc1)OC(=O)CCC(=O)*)C(=O)OCC(C)C,tg,75.0,74.59053039550781
*Oc1ccc(cc1)CC(NC(=O)CCc1ccc(cc1)OC(=O)CCC(=O)*)C(=O)OCCCC,tg,67.0,58.229576110839844
*Oc1ccc(cc1)CC(NC(=O)CCc1ccc(cc1)OC(=O)CCC(=O)*)C(=O)OCCCCCCCC,tg,46.75,44.69620132446289
*Oc1ccc(cc1)CC(NC(=O)CCc1ccc(cc1)OC(=O)CCC(=O)*)C(=O)OCCCCCCCCCCCC,tg,40.0,36.68174362182617
*Oc1ccc(cc1)CC(NC(=O)CCc1ccc(cc1)OC(=O)CCC(=O)*)C(=O)OCCOCCOCC,tg,34.0,31.854270935058594
*Oc1ccc(cc1)CC(NC(=O)CCc1ccc(cc1)OC(=O)CCC(=O)*)C(=O)OCc1ccccc1,tg,78.0,80.45159912109375
*Oc1ccc(cc1)CC(NC(=O)CCc1ccc(cc1)OC(=O)CCC(CC(=O)*)C)C(=O)OC,tg,53.0,68.67294311523438
*Oc1ccc(cc1)CC(NC(=O)CCc1ccc(cc1)OC(=O)CCC(CC(=O)*)C)C(=O)OCc1ccccc1,tg,55.0,48.482540130615234
*Oc1ccc(cc1)CC(NC(=O)CCc1ccc(cc1)OC(=O)CCCC(=O)*)C(=O)OC,tg,76.0,80.31847381591797
*Oc1ccc(cc1)CC(NC(=O)CCc1ccc(cc1)OC(=O)CCCC(=O)*)C(=O)OC(C)C,tg,68.0,62.98825454711914
*Oc1ccc(cc1)CC(NC(=O)CCc1ccc(cc1)OC(=O)CCCC(=O)*)C(=O)OCC,tg,67.67,66.27974700927734
*Oc1ccc(cc1)CC(NC(=O)CCc1ccc(cc1)OC(=O)CCCC(=O)*)C(=O)OCC(C)C,tg,62.0,61.34846496582031
*Oc1ccc(cc1)CC(NC(=O)CCc1ccc(cc1)OC(=O)CCCC(=O)*)C(=O)OCCCC,tg,53.67,58.078285217285156
*Oc1ccc(cc1)CC(NC(=O)CCc1ccc(cc1)OC(=O)CCCC(=O)*)C(=O)OCCCCCCCC,tg,32.5,31.73933219909668
*Oc1ccc(cc1)CC(NC(=O)CCc1ccc(cc1)OC(=O)CCCC(=O)*)C(=O)OCCCCCCCCCCCC,tg,27.5,26.316604614257812
*Oc1ccc(cc1)CC(NC(=O)CCc1ccc(cc1)OC(=O)CCCC(=O)*)C(=O)OCc1ccccc1,tg,66.0,60.64130783081055
*Oc1ccc(cc1)CC(NC(=O)CCc1ccc(cc1)OC(=O)CCCCC(=O)*)C(=O)OC,tg,68.67,70.43416595458984
*Oc1ccc(cc1)CC(NC(=O)CCc1ccc(cc1)OC(=O)CCCCC(=O)*)C(=O)OCC,tg,58.8,60.8650016784668
*Oc1ccc(cc1)CC(NC(=O)CCc1ccc(cc1)OC(=O)CCCCC(=O)*)C(=O)OCC(C)C,tg,56.0,53.412445068359375
*Oc1ccc(cc1)CC(NC(=O)CCc1ccc(cc1)OC(=O)CCCCC(=O)*)C(=O)OCCCCCC,tg,35.57,37.195228576660156
*Oc1ccc(cc1)CC(NC(=O)CCc1ccc(cc1)OC(=O)CCCCC(=O)*)C(=O)OCCCCCCCCCCCC,tg,22.0,25.34998321533203
*Oc1ccc(cc1)CC(NC(=O)CCc1ccc(cc1)OC(=O)CCCCC(=O)*)C(=O)OCCOCCOCC,tg,15.0,11.5626802444458
*Oc1ccc(cc1)CC(NC(=O)CCc1ccc(cc1)OC(=O)CCCCC(=O)*)C(=O)OCc1ccccc1,tg,54.5,64.28827667236328
*Oc1ccc(cc1)CC(NC(=O)CCc1ccc(cc1)OC(=O)CCCCCCC(=O)*)C(=O)OC(C)C,tg,46.0,54.293209075927734
*Oc1ccc(cc1)CC(NC(=O)CCc1ccc(cc1)OC(=O)CCCCCCC(=O)*)C(=O)OCC,tg,50.0,45.17234420776367
*Oc1ccc(cc1)CC(NC(=O)CCc1ccc(cc1)OC(=O)CCCCCCC(=O)*)C(=O)OCCCC,tg,37.0,39.37580490112305
*Oc1ccc(cc1)CC(NC(=O)CCc1ccc(cc1)OC(=O)CCCCCCC(=O)*)C(=O)OCCCCCCCC,tg,21.33,22.191495895385742
*Oc1ccc(cc1)CC(NC(=O)CCc1ccc(cc1)OC(=O)CCCCCCC(=O)*)C(=O)OCCCCCCCCCCCC,tg,15.0,15.236737251281738
*Oc1ccc(cc1)CC(NC(=O)CCc1ccc(cc1)OC(=O)CCCCCCC(=O)*)C(=O)OCc1ccccc1,tg,47.0,45.34720993041992
*Oc1ccc(cc1)CC(NC(=O)CCc1ccc(cc1)OC(=O)CCCCCCCCC(=O)*)C(=O)OC(C)C,tg,44.0,43.55474853515625
*Oc1ccc(cc1)CC(NC(=O)CCc1ccc(cc1)OC(=O)CCCCCCCCC(=O)*)C(=O)OC(CC)C,tg,36.0,39.1159553527832
*Oc1ccc(cc1)CC(NC(=O)CCc1ccc(cc1)OC(=O)CCCCCCCCC(=O)*)C(=O)OCC,tg,44.0,38.713382720947266
*Oc1ccc(cc1)CC(NC(=O)CCc1ccc(cc1)OC(=O)CCCCCCCCC(=O)*)C(=O)OCC(C)C,tg,33.0,41.11105728149414
*Oc1ccc(cc1)CC(NC(=O)CCc1ccc(cc1)OC(=O)CCCCCCCCC(=O)*)C(=O)OCCCC,tg,30.0,33.44469451904297
*Oc1ccc(cc1)CC(NC(=O)CCc1ccc(cc1)OC(=O)CCCCCCCCC(=O)*)C(=O)OCCCCCCCC,tg,14.25,19.591642379760742
*Oc1ccc(cc1)CC(NC(=O)CCc1ccc(cc1)OC(=O)CCCCCCCCC(=O)*)C(=O)OCCCCCCCCCCCC,tg,12.5,17.500083923339844
*Oc1ccc(cc1)CC(NC(=O)CCc1ccc(cc1)OC(=O)COCC(=O)*)C(=O)OC(CC)C,tg,68.0,75.80531311035156
*Oc1ccc(cc1)CC(NC(=O)CCc1ccc(cc1)OC(=O)COCC(=O)*)C(=O)OCCCC,tg,64.0,61.98163604736328
*Oc1ccc(cc1)CC(NC(=O)CCc1ccc(cc1)OC(=O)COCC(=O)*)C(=O)OCCCCCC,tg,45.0,51.227848052978516
*Oc1ccc(cc1)CC(NC(=O)CCc1ccc(cc1)OC(=O)COCC(=O)*)C(=O)OCCCCCCCC,tg,40.0,41.296146392822266
*Oc1ccc(cc1)CC(NC(=O)CCc1ccc(cc1)OC(=O)COCC(=O)*)C(=O)OCCCCCCCCCCCC,tg,36.0,28.809358596801758
*Oc1ccc(cc1)CC(NC(=O)CCc1ccc(cc1)OC(=O)COCC(=O)*)C(=O)OCCOCCOCC,tg,27.0,33.15150451660156
*Oc1ccc(cc1)CC(NC(=O)CCc1ccc(cc1)OC(=O)COCC(=O)*)C(=O)OCc1ccccc1,tg,76.0,69.07299041748047
*Oc1ccc(cc1)CC(NC(=O)CCc1ccc(cc1)OC(=O)COCCOCC(=O)*)C(=O)OC,tg,63.0,61.78835678100586
*Oc1ccc(cc1)CC(NC(=O)CCc1ccc(cc1)OC(=O)COCCOCC(=O)*)C(=O)OC(C)C,tg,58.0,42.099571228027344
*Oc1ccc(cc1)CC(NC(=O)CCc1ccc(cc1)OC(=O)COCCOCC(=O)*)C(=O)OC(CC)C,tg,44.0,48.11518096923828
*Oc1ccc(cc1)CC(NC(=O)CCc1ccc(cc1)OC(=O)COCCOCC(=O)*)C(=O)OCC(C)C,tg,50.0,52.435951232910156
*Oc1ccc(cc1)CC(NC(=O)CCc1ccc(cc1)OC(=O)COCCOCC(=O)*)C(=O)OCCCC,tg,45.0,41.514644622802734
*Oc1ccc(cc1)CC(NC(=O)CCc1ccc(cc1)OC(=O)COCCOCC(=O)*)C(=O)OCCCCCCCC,tg,16.0,30.474061965942383
*Oc1ccc(cc1)CC(NC(=O)CCc1ccc(cc1)OC(=O)COCCOCC(=O)*)C(=O)OCCCCCCCCCCCC,tg,17.0,16.75392723083496
*Oc1ccc(cc1)CC(NC(=O)Cc1ccc(cc1)OC(=O)CC(CCC(=O)*)C)C(=O)OCCCCCCCC,tg,30.0,19.17082405090332
*Oc1ccc(cc1)CC(NC(=O)Cc1ccc(cc1)OC(=O)CCC(=O)*)C(=O)OCCCCCCCC,tg,51.0,46.492679595947266
*Oc1ccc(cc1)CC(NC(=O)Cc1ccc(cc1)OC(=O)CCCC(=O)*)C(=O)OCCCCCC,tg,42.0,49.579898834228516
*Oc1ccc(cc1)CC(NC(=O)Cc1ccc(cc1)OC(=O)CCCCC(=O)*)C(=O)OCC,tg,63.0,63.42070388793945
*Oc1ccc(cc1)CC(NC(=O)Cc1ccc(cc1)OC(=O)CCCCC(=O)*)C(=O)OCCCCCCCC,tg,28.0,30.13045310974121
*Oc1ccc(cc1)CC(NC(=O)Cc1ccc(cc1)OC(=O)CCCCCCC(=O)*)C(=O)OCC,tg,54.0,54.08225631713867
*Oc1ccc(cc1)CC(NC(=O)Cc1ccc(cc1)OC(=O)CCCCCCCCC(=O)*)C(=O)OCC,tg,43.0,38.649539947509766
*Oc1ccc(cc1)CC(NC(=O)Cc1ccc(cc1)OC(=O)CCCCCCCCC(=O)*)C(=O)OCCCCCC,tg,23.0,29.379865646362305
*Oc1ccc(cc1)CC(NC(=O)Cc1ccc(cc1)OC(=O)COCCOCC(=O)*)C(=O)OCC,tg,50.0,64.46426391601562
*Oc1ccc(cc1)CCC(=O)NCCCCCCNC(=O)C*,tg,72.0,54.106201171875
*Oc1ccc(cc1)CCNC(=O)c1cc(ccc1)C(=O)*,tg,152.0,173.9879913330078
*Oc1ccc(cc1)CCNC(=O)c1cc(ccc1)C(=O)NCCc1ccc(cc1)OC(=O)c1cc(ccc1)C(=O)*,tg,147.0,128.86415100097656
*Oc1ccc(cc1)CCc1ccc(cc1)OCCCCCCOC(=O)NC1CCC(CC1)CC1CCC(CC1)NC(=O)OCCCCCC*,tg,40.3,71.51402282714844
*Oc1ccc(cc1)Cc1ccc(cc1)OC(=O)c1cc(cc(c1)OCCCCC)C(=O)*,tg,110.0,106.64336395263672
*Oc1ccc(cc1)Cc1ccc(cc1)OC(=O)c1ccc(cc1)C(c1ccc(cc1)C(=O)*)(C)C,tg,135.0,163.0525665283203
*Oc1ccc(cc1)N(c1ccc(cc1)/C=C(/C(=O)NC1C(CCCC1)NC(=O)/C(=C/c1ccc(cc1)N(c1ccc(cc1)*)CC)/C#N)\C#N)CC,tg,235.0,213.8921661376953
*Oc1ccc(cc1)N(c1ccc(cc1)c1ccc(cc1)N(c1ccc(cc1)*)c1ccccc1)c1ccccc1,tg,218.0,197.66836547851562
*Oc1ccc(cc1)N(c1ccc(cc1)c1ccc(cc1)N(c1ccc(cc1)OCCCCCCCCCCCC*)c1ccccc1)c1ccccc1,tg,92.0,97.64954376220703
*Oc1ccc(cc1)N1ON1c1ccc(cc1)OCCCCCCOC(=O)C(C(=O)OCCCCCC*)CCCCCBr,tg,7.0,21.08599853515625
*Oc1ccc(cc1)N1ON1c1ccc(cc1)OCCCCCCOC(=O)C(C(=O)OCCCCCC*)CCCCCCCCCCBr,tg,16.0,13.465250968933105
*Oc1ccc(cc1)N1ON1c1ccc(cc1)OCCCCCCOC(=O)C(C(=O)OCCCCCC*)CCCCCCCCCCP(=O)(O)O,tg,12.5,10.521937370300293
*Oc1ccc(cc1)N1ON1c1ccc(cc1)OCCCCCCOC(=O)C(C(=O)OCCCCCC*)CCCCCCP(=O)(OCC)OCC,tg,15.0,8.13965892791748
*Oc1ccc(cc1)N1ON1c1ccc(cc1)OCCCCCCOC(=O)C(C(=O)OCCCCCC*)CCCCCP(=O)(O)O,tg,12.0,13.037689208984375
*Oc1ccc(cc1)N1ON1c1ccc(cc1)OCCCCCCOC(=O)C(C(=O)OCCCCCC*)CCCCCP(=O)(OCC)OCC,tg,12.0,9.237289428710938
*Oc1ccc(cc1)N1ON1c1ccc(cc1)OCCCCCCOC(=O)C(C(=O)OCCCCCC*)CCCCP(=O)(OCC)OCC,tg,11.5,3.221776247024536
*Oc1ccc(cc1)N1ON1c1ccc(cc1)OCCCCCCOC(=O)C(C(=O)OCCCCCC*)c1ccccc1,tg,23.0,33.06394577026367
*Oc1ccc(cc1)N1ON1c1ccc(cc1)OCCCCCCOC(=O)CC(=O)OCCCCCC*,tg,16.0,18.785009384155273
*Oc1ccc(cc1)N=C(c1ccc(cc1)Oc1ccc(cc1)C(c1ccc(cc1)Oc1ccc(cc1)C(=Nc1ccc(cc1)*)C)(C)C)C,tg,141.0,140.9607696533203
*Oc1ccc(cc1)N=C(c1ccc(cc1)Oc1ccc(cc1)C(c1ccc(cc1)Oc1ccc(cc1)C(=Nc1ccc(cc1)*)C)(c1ccccc1)c1ccccc1)C,tg,150.0,177.16143798828125
*Oc1ccc(cc1)N=C(c1ccc(cc1)Oc1ccc(cc1)C(c1ccc(cc1)Oc1ccc(cc1)C(=Nc1ccc(cc1)*)c1ccccc1)(C)C)c1ccccc1,tg,155.0,152.2815399169922
*Oc1ccc(cc1)N=C(c1ccc(cc1)Oc1ccc(cc1)C(c1ccc(cc1)Oc1ccc(cc1)C(=Nc1ccc(cc1)*)c1ccccc1)(c1ccccc1)c1ccccc1)c1ccccc1,tg,177.0,186.7469024658203
*Oc1ccc(cc1)N=C(c1ccc(cc1)Oc1ccc(cc1)c1ccc(cc1)Oc1ccc(cc1)C(=Nc1ccc(cc1)*)c1ccccc1)c1ccccc1,tg,174.0,171.06939697265625
*Oc1ccc(cc1)N=CC=Nc1ccc(cc1)OC(=O)NC1CC(CC(C1)(CNC(=O)*)C)(C)C,tg,62.0,149.71514892578125
*Oc1ccc(cc1)N=CC=Nc1ccc(cc1)OC(=O)NCCCCCCNC(=O)*,tg,80.0,73.49578094482422
*Oc1ccc(cc1)N=CC=Nc1ccc(cc1)OC(=O)Nc1c(ccc(c1)NC(=O)*)C,tg,76.0,116.53182220458984
*Oc1ccc(cc1)N=CC=Nc1ccc(cc1)OC(=O)Nc1ccc(cc1)Cc1ccc(cc1)NC(=O)*,tg,133.0,84.46388244628906
*Oc1ccc(cc1)N=CCCCC=Nc1ccc(cc1)OC(=O)NCCCCCCNC(=O)*,tg,72.0,90.944091796875
*Oc1ccc(cc1)N=CCCCC=Nc1ccc(cc1)OC(=O)Nc1c(ccc(c1)NC(=O)*)C,tg,69.0,105.85675811767578
*Oc1ccc(cc1)N=CNc1ccc(cc1)OCCOCC*,tg,62.0,90.40737915039062
*Oc1ccc(cc1)N=Nc1c(cc(c(c1C)[N+](=O)[O-])Cc1c(c(c(c(c1)C)N=Nc1ccc(cc1)OC(=O)c1ccc(cc1)C(=O)*)C)[N+](=O)[O-])C,tg,203.0,177.0345001220703
*Oc1ccc(cc1)N=Nc1cc(c(cc1)Cc1c(cc(cc1)N=Nc1ccc(cc1)OC(=O)c1ccc(cc1)C(=O)*)[N+](=O)[O-])[N+](=O)[O-],tg,198.0,196.59471130371094
*Oc1ccc(cc1)N=Nc1cc(c(cc1)Cc1c(cc(cc1)N=Nc1ccc(cc1)OC(=O)c1ccc(cc1)N=Nc1ccc(cc1)C(=O)*)[N+](=O)[O-])[N+](=O)[O-],tg,160.0,186.0492706298828
*Oc1ccc(cc1)N=Nc1cc(c(cc1)S(=O)(=O)c1c(cc(cc1)N=Nc1ccc(cc1)OC(=O)c1ccc(cc1)N=Nc1ccc(cc1)C(=O)*)[N+](=O)[O-])[N+](=O)[O-],tg,150.0,174.06787109375
*Oc1ccc(cc1)N=Nc1ccc(cc1)Oc1ccc(cc1)C(c1ccc(cc1)*)(C)C,tg,175.0,155.87669372558594
*Oc1ccc(cc1)NC(=C(C#N)C#N)c1cc(ccc1)C(=C(C#N)C#N)Nc1ccc(cc1)Oc1ccc(cc1)NC(=O)c1ccc(cc1)C(=O)Nc1ccc(cc1)*,tg,274.0,249.139404296875
*Oc1ccc(cc1)NC(=C(C#N)C#N)c1ccc(cc1)C(=C(C#N)C#N)Nc1ccc(cc1)*,tg,274.0,249.3234405517578
*Oc1ccc(cc1)NC(=C(C#N)C#N)c1ccc(cc1)c1ccc(cc1)C(=C(C#N)C#N)Nc1ccc(cc1)*,tg,220.0,241.00302124023438
*Oc1ccc(cc1)NC(=C(C#N)C#N)c1ccc(cc1)c1ccc(cc1)c1ccc(cc1)C(=C(C#N)C#N)Nc1ccc(cc1)*,tg,240.0,241.00779724121094
*Oc1ccc(cc1)NC(=O)/C=C/c1ccc(cc1)/C=C/C(=O)Nc1ccc(cc1)*,tg,205.0,177.67567443847656
*Oc1ccc(cc1)NC(=O)C=CC(=O)NNC(=O)C=CC(=O)Nc1ccc(cc1)OC(=O)C=CC(=O)NNC(=O)C=CC(=O)*,tg,265.0,233.45269775390625
*Oc1ccc(cc1)NC(=O)C=CC(=O)NNC(=O)C=CC(=O)Nc1ccc(cc1)OC(=O)c1c(cccc1)C(=O)NNC(=O)c1c(cccc1)C(=O)*,tg,240.0,241.2544708251953
*Oc1ccc(cc1)NC(=O)CCCC(=O)Nc1ccc(cc1)OCC(COc1ccc(cc1)C(c1ccc(cc1)OCC(C*)O)(C)C)O,tg,105.0,117.94474029541016
*Oc1ccc(cc1)NC(=O)CCCCC(=O)Nc1ccc(cc1)OCC(COc1ccc(cc1)C(c1ccc(cc1)OCC(C*)O)(C)C)O,tg,112.0,94.39913177490234
*Oc1ccc(cc1)NC(=O)CCCCCC(=O)Nc1ccc(cc1)*,tg,180.0,175.28028869628906
*Oc1ccc(cc1)NC(=O)CCCCCCCC(=O)Nc1ccc(cc1)*,tg,160.0,146.3072967529297
*Oc1ccc(cc1)NC(=O)CCCCCCCCCCC(=O)Nc1ccc(cc1)*,tg,150.0,155.28863525390625
*Oc1ccc(cc1)NC(=O)NC1CC(CC(C1)(CNC(=O)Nc1ccc(cc1)*)C)(C)C,tg,274.0,200.5296173095703
*Oc1ccc(cc1)NC(=O)Nc1c(ccc(c1)NC(=O)Nc1ccc(cc1)*)C,tg,269.0,210.29519653320312
*Oc1ccc(cc1)NC(=O)Nc1c(cccc1)CCc1c(cccc1)NC(=O)Nc1ccc(cc1)*,tg,232.0,230.5570526123047
*Oc1ccc(cc1)NC(=O)Nc1c(cccc1)CCc1ccc(cc1)NC(=O)Nc1ccc(cc1)*,tg,200.0,212.45204162597656
*Oc1ccc(cc1)NC(=O)c1c(cc(c(c1)C(=O)Nc1ccc(cc1)*)C(=O)OCC)C(=O)OCC,tg,208.05,227.1466827392578
*Oc1ccc(cc1)NC(=O)c1c(ccc(c1)C(c1cc(c(cc1)C(=O)O)C(=O)Nc1ccc(cc1)Oc1ccc(cc1)C(c1ccc(cc1)*)(C(F)(F)F)C(F)(F)F)(C(F)(F)F)C(F)(F)F)C(=O)O,tg,260.0,182.2689208984375
*Oc1ccc(cc1)NC(=O)c1c(ccc(c1)c1cc(c(cc1)C(=O)O)C(=O)Nc1ccc(cc1)*)C(=O)O,tg,184.4,197.71432495117188
*Oc1ccc(cc1)NC(=O)c1c(ccc(c1)c1cc(c(cc1)C(=O)OCC)C(=O)Nc1ccc(cc1)*)C(=O)OCC,tg,190.15,189.01905822753906
*Oc1ccc(cc1)NC(=O)c1c(cccc1)OCC(COc1ccc(cc1)C(c1ccc(cc1)OCC(C*)O)(C)C)O,tg,121.0,136.12623596191406
*Oc1ccc(cc1)NC(=O)c1c2c(c(cc1)C(=O)Nc1ccc(cc1)Oc1ccc(cc1)C1(C3CC4CC(CC1C4)C3)c1ccc(cc1)*)cccc2,tg,269.0,257.52447509765625
*Oc1ccc(cc1)NC(=O)c1cc(cc(c1)C(C(C(C(F)(F)F)(F)F)(F)F)(F)F)C(=O)Nc1ccc(cc1)*,tg,257.0,246.56565856933594
*Oc1ccc(cc1)NC(=O)c1cc(cc(c1)C(C)(C)C)C(=O)Nc1ccc(cc1)*,tg,268.0,227.14608764648438
*Oc1ccc(cc1)NC(=O)c1cc(cc(c1)C(C)(C)C)C(=O)Nc1ccc(cc1)Oc1ccc(cc1)C(c1ccc(cc1)*)(C(F)(F)F)C(F)(F)F,tg,254.25,223.55319213867188
*Oc1ccc(cc1)NC(=O)c1cc(cc(c1)C(C)(C)C)C(=O)Nc1ccc(cc1)Oc1ccc(cc1)C(c1ccc(cc1)*)(C)C,tg,215.33,247.5089874267578
*Oc1ccc(cc1)NC(=O)c1cc(cc(c1)C(C)(C)C)C(=O)Nc1ccc(cc1)Oc1ccc(cc1)C1(C2CCC(C1)C2)c1ccc(cc1)*,tg,272.0,271.001953125
*Oc1ccc(cc1)NC(=O)c1cc(cc(c1)NC(=O)C12CC3CC(CC(C1)C3)C2)C(=O)Nc1ccc(cc1)*,tg,335.0,339.4972229003906
*Oc1ccc(cc1)NC(=O)c1cc(cc(c1)NC(=O)CCN1C(=O)c2c(C1=O)cccc2)C(=O)Nc1ccc(cc1)*,tg,240.0,231.87744140625
*Oc1ccc(cc1)NC(=O)c1cc(cc(c1)NC(=O)c1ccc(cc1)OC(=O)C)C(=O)Nc1ccc(cc1)Oc1ccc(cc1)C(c1ccc(cc1)*)(C)C,tg,243.0,218.5546875
*Oc1ccc(cc1)NC(=O)c1cc(cc(c1)NC(=O)c1ccc(cc1)OC(=O)C)C(=O)Nc1ccc(cc1)Oc1ccc(cc1)c1ccc(cc1)*,tg,252.0,272.5816955566406
*Oc1ccc(cc1)NC(=O)c1cc(cc(c1)NC(=O)c1ccccc1)C(=O)Nc1ccc(cc1)*,tg,294.5,281.2913513183594
*Oc1ccc(cc1)NC(=O)c1cc(cc(c1)[N+](=O)[O-])C(=O)Nc1ccc(cc1)Oc1ccc(cc1)C(c1ccc(cc1)*)(C(F)(F)F)C(F)(F)F,tg,232.0,264.9671936035156
*Oc1ccc(cc1)NC(=O)c1cc(ccc1)C(=O)Nc1ccc(cc1)*,tg,205.39,270.14678955078125
*Oc1ccc(cc1)NC(=O)c1cc(ccc1)C(=O)Nc1ccc(cc1)Oc1ccc(cc1)C(c1ccc(cc1)*)(C(F)(F)F)C(F)(F)F,tg,226.25,208.78466796875
*Oc1ccc(cc1)NC(=O)c1cc(ccc1)C(=O)Nc1ccc(cc1)Oc1ccc(cc1)C1(C2CC3CC(CC1C3)C2)c1ccc(cc1)*,tg,257.33,244.15634155273438
*Oc1ccc(cc1)NC(=O)c1cc(ccc1)C(=O)Nc1ccc(cc1)Oc1ccc(cc1)C1(C2CCC(C1)C2)c1ccc(cc1)*,tg,256.0,268.5361633300781
*Oc1ccc(cc1)NC(=O)c1cc2c(cc1)cc(cc2)C(=O)Nc1ccc(cc1)Oc1ccc(cc1)C1(C2CC3CC(CC1C3)C2)c1ccc(cc1)*,tg,266.0,263.7231140136719
*Oc1ccc(cc1)NC(=O)c1ccc(cc1)*,tg,225.0,247.34353637695312
*Oc1ccc(cc1)NC(=O)c1ccc(cc1)C(=O)Nc1ccc(cc1)*,tg,184.75,253.29978942871094
*Oc1ccc(cc1)NC(=O)c1ccc(cc1)C(=O)Nc1ccc(cc1)Oc1ccc(cc1)C(=O)c1ccc(cc1)*,tg,160.0,195.29620361328125
*Oc1ccc(cc1)NC(=O)c1ccc(cc1)C(=O)Nc1ccc(cc1)Oc1ccc(cc1)C1(C2CC3CC(CC1C3)C2)c1ccc(cc1)*,tg,264.0,254.4973907470703
*Oc1ccc(cc1)NC(=O)c1ccc(cc1)Oc1ccc(cc1)C(=O)Nc1ccc(cc1)*,tg,274.0,227.09405517578125
*Oc1ccc(cc1)NC(=O)c1ccc(cc1)Oc1ccc(cc1)C(=O)Nc1ccc(cc1)Oc1ccc(cc1)C1(C2CC3CC(CC1C3)C2)c1ccc(cc1)*,tg,230.0,254.94883728027344
*Oc1ccc(cc1)NC(=O)c1ccc(cc1)Oc1ccc(cc1)C(c1cc(ccc1)C(c1ccc(cc1)Oc1ccc(cc1)C(=O)Nc1ccc(cc1)*)(C)C)(C)C,tg,155.0,174.08033752441406
*Oc1ccc(cc1)NC(=O)c1ccc(cc1)Oc1ccc(cc1)C(c1cc(ccc1)C(c1ccc(cc1)Oc1ccc(cc1)C(=O)Nc1ccc(cc1)Oc1ccc(cc1)C(c1ccc(cc1)*)(C(F)(F)F)C(F)(F)F)(C)C)(C)C,tg,154.0,158.50222778320312
*Oc1ccc(cc1)NC(=O)c1ccc(cc1)Oc1ccc(cc1)C(c1ccc(cc1)C(c1ccc(cc1)Oc1ccc(cc1)C(=O)Nc1ccc(cc1)*)(C)C)(C)C,tg,174.0,160.88221740722656
*Oc1ccc(cc1)NC(=O)c1ccc(cc1)Oc1ccc(cc1)C(c1ccc(cc1)C(c1ccc(cc1)Oc1ccc(cc1)C(=O)Nc1ccc(cc1)Oc1ccc(cc1)C(c1ccc(cc1)*)(C(F)(F)F)C(F)(F)F)(C)C)(C)C,tg,169.0,153.66278076171875
*Oc1ccc(cc1)NC(=O)c1ccc(cc1)P(=O)(c1ccc(cc1)C(=O)Nc1ccc(cc1)Oc1ccc(cc1)P(=O)(c1ccc(cc1)*)c1ccccc1)c1ccccc1,tg,225.0,232.08975219726562
*Oc1ccc(cc1)NC(=O)c1ccc(cc1)[Si](c1ccc(cc1)C(=O)*)(C)C,tg,220.0,250.22120666503906
*Oc1ccc(cc1)NC(=O)c1ccc(cc1)c1ccc(cc1)C(=O)Nc1ccc(cc1)Oc1ccc(cc1)C1(C2CCC(C1)C2)c1ccc(cc1)*,tg,296.0,266.5826721191406
*Oc1ccc(cc1)N[Se]Nc1ccc(cc1)*,tg,55.0,154.0375518798828
*Oc1ccc(cc1)Nc1ccc(cc1)N=Nc1ccc(cc1)Nc1ccc(cc1)*,tg,169.0,167.5042724609375
*Oc1ccc(cc1)OC(=O)/C=C/c1ccc(cc1)/C=C/C(=O)*,tg,210.0,224.00588989257812
*Oc1ccc(cc1)OC(=O)CCCCC(=O)*,tg,90.0,64.13143920898438
*Oc1ccc(cc1)OC(=O)CCCCCCCCC(=O)*,tg,52.8,71.14835357666016
*Oc1ccc(cc1)OC(=O)Oc1ccc(cc1)C(=O)*,tg,74.0,121.71649169921875
*Oc1ccc(cc1)OC(=O)Oc1ccc(cc1)C(c1ccc(cc1)OC(=O)*)(C)C,tg,97.0,120.9142074584961
*Oc1ccc(cc1)OC(=O)c1c(cc(c(c1)OCCCCCCCCCOCC1N(CCC1)c1ccc(cc1)[N+](=O)[O-])C(=O)*)OCCCCCCCCCOCC1N(CCC1)c1ccc(cc1)[N+](=O)[O-],tg,34.0,44.99976348876953
*Oc1ccc(cc1)OC(=O)c1c(cc(c(c1)OCCCCCCCCOCC1N(CCC1)c1ccc(cc1)[N+](=O)[O-])C(=O)*)OCCCCCCCCOCC1N(CCC1)c1ccc(cc1)[N+](=O)[O-],tg,41.0,45.12031936645508
*Oc1ccc(cc1)OC(=O)c1c(cc(c(c1)OCCCCCCOCC1N(CCC1)c1ccc(cc1)[N+](=O)[O-])C(=O)*)OCCCCCCOCC1N(CCC1)c1ccc(cc1)[N+](=O)[O-],tg,56.0,49.19564437866211
*Oc1ccc(cc1)OC(=O)c1c(cc(c(c1)OCCCCCOCC1N(CCC1)c1ccc(cc1)[N+](=O)[O-])C(=O)*)OCCCCCOCC1N(CCC1)c1ccc(cc1)[N+](=O)[O-],tg,63.0,55.56010437011719
*Oc1ccc(cc1)OC(=O)c1c(cc(cc1)C(=O)*)Oc1cc2c(cc1)cccc2,tg,102.0,140.03762817382812
*Oc1ccc(cc1)OC(=O)c1c(cc(cc1)C(=O)*)Oc1ccc(cc1)Br,tg,112.5,98.96959686279297
*Oc1ccc(cc1)OC(=O)c1c(cc(cc1)C(=O)*)Oc1ccc(cc1)C1CCCCC1,tg,113.0,134.80043029785156
*Oc1ccc(cc1)OC(=O)c1c(cc(cc1)C(=O)*)Oc1ccc(cc1)Cl,tg,107.0,102.5529556274414
*Oc1ccc(cc1)OC(=O)c1c(cc(cc1)C(=O)*)Oc1ccc(cc1)F,tg,106.0,105.40679931640625
*Oc1ccc(cc1)OC(=O)c1c(cc(cc1)C(=O)*)Oc1ccc(cc1)Oc1ccccc1,tg,83.0,114.48853302001953
*Oc1ccc(cc1)OC(=O)c1c(cc(cc1)C(=O)*)Oc1ccc(cc1)c1ccccc1,tg,112.5,106.88042449951172
*Oc1ccc(cc1)OC(=O)c1c(cc(cc1)C(=O)*)Sc1ccc(cc1)Cl,tg,140.0,155.0997772216797
*Oc1ccc(cc1)OC(=O)c1c(cc(cc1)C(=O)Oc1ccc(cc1)OCCCC*)C(=O)OCC=C,tg,56.0,63.06192398071289
*Oc1ccc(cc1)OC(=O)c1c(cc(cc1)c1ccc(cc1)C(=O)*)c1ccccc1,tg,140.0,155.0705108642578
*Oc1ccc(cc1)OC(=O)c1cc(cc(c1)OCCCCCCCCCCC(C(C(C(C(C(C(C(C(C(F)(F)F)(F)F)(F)F)(F)F)(F)F)(F)F)(F)F)(F)F)(F)F)(F)F)C(=O)*,tg,137.0,83.64839172363281
*Oc1ccc(cc1)OC(=O)c1ccc(cc1)C(=O)*,tg,267.0,202.35003662109375
*Oc1ccc(cc1)OC(=O)c1ccc(cc1)C(=O)Oc1ccc(cc1)OCCCCCC*,tg,53.0,104.28519439697266
*Oc1ccc(cc1)OC(=O)c1ccc(cc1)C(c1ccc(cc1)C(=O)*)(C)C,tg,195.0,157.89541625976562
*Oc1ccc(cc1)OC(=O)c1ccc(cc1)OCC(COC(=O)CCCCC(=O)OCC(C*)O)O,tg,37.0,55.10083770751953
*Oc1ccc(cc1)OC(=O)c1ccc(cc1)OCCOCCOCCOc1ccc(cc1)C(=O)Oc1ccc(cc1)OCCCCCCCCCC*,tg,64.0,31.962854385375977
*Oc1ccc(cc1)OCC(=O)NCCCCCCNC(=O)C*,tg,67.0,69.48619079589844
*Oc1ccc(cc1)OCC(C*)O,tg,54.5,81.26172637939453
*Oc1ccc(cc1)OCC(C*)OC(=O)C,tg,54.5,57.093318939208984
*Oc1ccc(cc1)OCC(CN(S(=O)(=O)c1ccc(cc1)c1ccc(cc1)S(=O)(=O)N(CC(C*)O)C)C)O,tg,84.0,76.36595153808594
*Oc1ccc(cc1)OCC(COC(=O)CCCCC(=O)OCC(C*)O)O,tg,19.0,25.270170211791992
*Oc1ccc(cc1)OCC(COC(=O)CCCCCCCCCCC(=O)OCC(C*)O)O,tg,10.0,5.8047027587890625
*Oc1ccc(cc1)OCCOC(=O)Nc1ccc(cc1)Cc1ccc(cc1)NC(=O)OCC*,tg,98.0,69.9809341430664
*Oc1ccc(cc1)OCc1ccc(cc1)COc1ccc(cc1)OCCCCCCCCCCCC*,tg,24.0,22.868837356567383
*Oc1ccc(cc1)Oc1c(cc(cc1)C(=O)c1cc(c(cc1)*)S(=O)(=O)O)S(=O)(=O)O,tg,220.0,256.5457458496094
*Oc1ccc(cc1)Oc1cc(c(cc1)C(=O)c1ccccc1)c1c(ccc(c1)*)C(=O)c1ccccc1,tg,156.0,181.9000244140625
*Oc1ccc(cc1)Oc1cc(ccc1)C(=O)Oc1ccc(cc1)OC(=O)c1cc(ccc1)*,tg,119.0,133.29617309570312
*Oc1ccc(cc1)Oc1cc(ccc1)Oc1ccc(cc1)c1ccc(cc1)Oc1cc(ccc1)Oc1ccc(cc1)Oc1c(cc(cc1)C(=O)c1cc(c(cc1)*)S(=O)(=O)O[Na])S(=O)(=O)O[Na],tg,304.0,239.70587158203125
*Oc1ccc(cc1)Oc1ccc(cc1)C(=O)Nc1ccc(cc1)Cc1ccc(cc1)NC(=O)c1ccc(cc1)*,tg,216.0,223.16107177734375
*Oc1ccc(cc1)Oc1ccc(cc1)C(=O)Nc1ccc(cc1)Oc1ccc(cc1)S(=O)(=O)c1ccc(cc1)Oc1ccc(cc1)NC(=O)c1ccc(cc1)*,tg,220.0,223.4244384765625
*Oc1ccc(cc1)Oc1ccc(cc1)C(=O)c1c(c(c(c(c1c1ccc(cc1)F)c1ccc(cc1)F)c1ccc(cc1)F)c1ccc(cc1)F)C(=O)c1ccc(cc1)*,tg,266.0,278.2350769042969
*Oc1ccc(cc1)Oc1ccc(cc1)C(=O)c1c(cccc1)c1c(cccc1)C(=O)c1ccc(cc1)*,tg,175.0,170.0072784423828
*Oc1ccc(cc1)Oc1ccc(cc1)C(=O)c1c2c(ccc1)cccc2C(=O)c1ccc(cc1)*,tg,202.0,207.46337890625
*Oc1ccc(cc1)Oc1ccc(cc1)C(=O)c1cc(ccc1)NC(=O)c1cc(ccc1)C(=O)Nc1cc(ccc1)C(=O)c1ccc(cc1)*,tg,202.0,197.35198974609375
*Oc1ccc(cc1)Oc1ccc(cc1)C(=O)c1cc(ccc1)NC(=O)c1ccc(cc1)C(=O)Nc1cc(ccc1)C(=O)c1ccc(cc1)*,tg,210.0,154.69837951660156
*Oc1ccc(cc1)Oc1ccc(cc1)C(=O)c1ccc(cc1)*,tg,150.4,172.96011352539062
*Oc1ccc(cc1)Oc1ccc(cc1)C(=O)c1ccc(cc1)NC(=O)c1cc(ccc1)C(=O)Nc1ccc(cc1)C(=O)c1ccc(cc1)*,tg,198.0,205.5968780517578
*Oc1ccc(cc1)Oc1ccc(cc1)C(=O)c1ccc(cc1)NC(=O)c1ccc(cc1)C(=O)Nc1ccc(cc1)C(=O)c1ccc(cc1)*,tg,224.0,184.67578125
*Oc1ccc(cc1)Oc1ccc(cc1)C=NCCCCN=Cc1ccc(cc1)*,tg,105.0,73.86719512939453
*Oc1ccc(cc1)Oc1ccc(cc1)C=NCCN=Cc1ccc(cc1)*,tg,101.0,129.7596435546875
*Oc1ccc(cc1)Oc1ccc(cc1)C=Nc1ccc(cc1)Oc1ccc(cc1)N=Cc1ccc(cc1)*,tg,120.0,145.91319274902344
*Oc1ccc(cc1)Oc1ccc(cc1)NC(=O)c1c(cc(cc1)c1cc(c(cc1)C(=O)Nc1ccc(cc1)*)C)C,tg,219.0,235.67587280273438
*Oc1ccc(cc1)Oc1ccc(cc1)NC(=O)c1cc(cc(c1)C(C)(C)C)C(=O)Nc1ccc(cc1)*,tg,195.5,232.26898193359375
*Oc1ccc(cc1)Oc1ccc(cc1)NC(=O)c1cc(cc(c1)NC(=O)c1ccc(cc1)OC(=O)C)C(=O)Nc1ccc(cc1)*,tg,251.0,237.7178955078125
*Oc1ccc(cc1)Oc1ccc(cc1)NC(=O)c1ccc(cc1)Oc1c(cc(cc1)Oc1ccc(cc1)C(=O)Nc1ccc(cc1)*)C,tg,200.0,226.1972198486328
*Oc1ccc(cc1)Oc1ccc(cc1)NC(=O)c1ccc(cc1)Oc1c(cc(cc1)Oc1ccc(cc1)C(=O)Nc1ccc(cc1)*)c1ccccc1,tg,209.0,209.76266479492188
*Oc1ccc(cc1)Oc1ccc(cc1)NC(=O)c1ccc(cc1)Oc1ccc(cc1)C(c1cc(ccc1)C(c1ccc(cc1)Oc1ccc(cc1)C(=O)Nc1ccc(cc1)*)(C)C)(C)C,tg,147.0,153.2103729248047
*Oc1ccc(cc1)Oc1ccc(cc1)NC(=O)c1ccc(cc1)Oc1ccc(cc1)Oc1ccc(cc1)C(=O)Nc1ccc(cc1)*,tg,236.0,208.3660430908203
*Oc1ccc(cc1)Oc1ccc(cc1)Nc1ccc(cc1)S(=O)(=O)c1ccc(cc1)Nc1ccc(cc1)*,tg,144.6,163.49017333984375
*Oc1ccc(cc1)Oc1ccc(cc1)OC(=O)*,tg,118.0,98.38167572021484
*Oc1ccc(cc1)Oc1ccc(cc1)OC(=O)c1c(cccc1)c1c(cccc1)C(=O)*,tg,147.0,109.25653076171875
*Oc1ccc(cc1)Oc1ccc(cc1)OC(=O)c1cc(ccc1)C(=O)*,tg,164.5,151.35757446289062
*Oc1ccc(cc1)Oc1ccc(cc1)OCC(COc1ccc(cc1)C(c1ccc(cc1)OCC(C*)O)(C)C)O,tg,85.0,86.66432189941406
*Oc1ccc(cc1)Oc1ccc(cc1)OCCCCCCOC(=O)OCCCCCCCCCOC(=O)OCCCCCC*,tg,-20.0,-5.372655391693115
*Oc1ccc(cc1)Oc1ccc(cc1)OCCCCCCOC(=O)OCCCCCOC(=O)OCCCCCC*,tg,-11.0,-13.018997192382812
*Oc1ccc(cc1)Oc1ccc(cc1)OCCCCCCOC(=O)OCCCCOC(=O)OCCCCCC*,tg,-8.0,-11.225789070129395
*Oc1ccc(cc1)Oc1ccc(cc1)OCCCCCCOC(=O)OCCCOC(=O)OCCCCCC*,tg,-6.0,-5.155797481536865
*Oc1ccc(cc1)Oc1ccc(cc1)OCCCCCCOC(=O)OCCOC(=O)OCCCCCC*,tg,-4.0,-4.848032474517822
*Oc1ccc(cc1)Oc1ccc(cc1)Oc1c(cc(cc1)S(=O)(=O)c1cc(c(cc1)Oc1ccc(cc1)Oc1ccc(cc1)Oc1ccc(cc1)c1ccc(cc1)*)S(=O)(=O)O[Na])S(=O)(=O)O[Na],tg,302.0,329.1841125488281
*Oc1ccc(cc1)Oc1ccc(cc1)Oc1cc(ccc1)C(=O)Oc1ccc(cc1)OC(=O)c1cc(ccc1)*,tg,101.0,88.1610336303711
*Oc1ccc(cc1)Oc1ccc(cc1)Oc1cc(ccc1)C(=O)Oc1ccc(cc1)c1ccc(cc1)OC(=O)c1cc(ccc1)*,tg,119.0,124.7217788696289
*Oc1ccc(cc1)Oc1ccc(cc1)Oc1ccc(cc1)C(c1ccc(cc1)*)(C)C,tg,122.0,132.66551208496094
*Oc1ccc(cc1)Oc1ccc(cc1)Oc1ccc(cc1)NC(=O)c1c(cc(cc1)c1cc(c(cc1)C(=O)Nc1ccc(cc1)*)C)C,tg,200.0,186.48318481445312
*Oc1ccc(cc1)Oc1ccc(cc1)Oc1ccc(cc1)NC(=O)c1cc(cc(c1)C(C)(C)C)C(=O)Nc1ccc(cc1)*,tg,230.0,210.24432373046875
*Oc1ccc(cc1)Oc1ccc(cc1)Oc1ccc(cc1)S(=O)(=O)c1ccc(cc1)*,tg,184.33,198.52732849121094
*Oc1ccc(cc1)Oc1ccc(cc1)Oc1ccc(cc1)c1ccc(cc1)Oc1ccc(cc1)Oc1ccc(cc1)Oc1c(cc(cc1)C(=O)c1cc(c(cc1)*)S(=O)(=O)O[Na])S(=O)(=O)O[Na],tg,348.0,247.5791778564453
*Oc1ccc(cc1)Oc1ccc(cc1)P(=O)(c1ccc(cc1)*)C,tg,213.0,210.70115661621094
*Oc1ccc(cc1)Oc1ccc(cc1)S(=O)(=O)c1ccc(cc1)*,tg,206.67,173.6950225830078
*Oc1ccc(cc1)Oc1ccc(cc1)S(=O)(=O)c1ccc(cc1)c1ccc(cc1)S(=O)(=O)c1ccc(cc1)*,tg,251.0,241.72080993652344
*Oc1ccc(cc1)Oc1ccc(cc1)S(=O)(=O)c1ccc(cc1)c1ccc(cc1)c1ccc(cc1)S(=O)(=O)c1ccc(cc1)*,tg,259.0,260.71441650390625
*Oc1ccc(cc1)P(=O)(c1ccc(cc1)Oc1ccc(cc1)C(c1ccc(cc1)*)(C(F)(F)F)C(F)(F)F)c1ccccc1,tg,210.5,190.86087036132812
*Oc1ccc(cc1)P(=O)(c1ccc(cc1)Oc1ccc(cc1)c1ccc(cc1)*)c1ccccc1,tg,229.17,250.58416748046875
*Oc1ccc(cc1)S(=O)(=O)c1c2c(ccc1)c(ccc2)S(=O)(=O)c1ccc(cc1)Oc1c(cc(cc1C)c1cc(c(c(c1)C)*)C)C,tg,262.0,285.988525390625
*Oc1ccc(cc1)S(=O)(=O)c1c2c(ccc1)c(ccc2)S(=O)(=O)c1ccc(cc1)Oc1ccc(cc1)c1ccc(cc1)*,tg,248.0,243.66677856445312
*Oc1ccc(cc1)S(=O)(=O)c1cc2c(cc1)cc(cc2)S(=O)(=O)c1ccc(cc1)Oc1c(cc(c(c1C)C)c1c(c(c(c(c1)C)*)C)C)C,tg,300.0,272.5523681640625
*Oc1ccc(cc1)S(=O)(=O)c1cc2c(cc1)cc(cc2)S(=O)(=O)c1ccc(cc1)Oc1c(cc(cc1C)c1cc(c(c(c1)C)*)C)C,tg,280.0,288.1073913574219
*Oc1ccc(cc1)S(=O)(=O)c1cc2c(cc1)ccc(c2)S(=O)(=O)c1ccc(cc1)*,tg,250.0,263.8632507324219
*Oc1ccc(cc1)S(=O)(=O)c1ccc(cc1)OC(=O)OC1C(C(C1(C)C)OC(=O)*)(C)C,tg,162.0,178.03013610839844
*Oc1ccc(cc1)S(=O)(=O)c1ccc(cc1)OC(=O)c1cc(cc(c1)CCCCC)C(=O)*,tg,170.0,173.29214477539062
*Oc1ccc(cc1)S(=O)(=O)c1ccc(cc1)OC(=O)c1cc(cc(c1)NC(=O)c1ccc(cc1)NC(=O)C(N1C(=O)c2c(C1=O)cccc2)C)C(=O)*,tg,200.0,233.776611328125
*Oc1ccc(cc1)S(=O)(=O)c1ccc(cc1)OC1(C(C(C1(F)F)(F)F)(*)F)F,tg,159.47,164.57180786132812
*Oc1ccc(cc1)S(=O)(=O)c1ccc(cc1)OCC(C*)OC(=O)C,tg,130.0,105.79579162597656
*Oc1ccc(cc1)S(=O)(=O)c1ccc(cc1)OCC(COc1ccc(cc1)C(c1ccc(cc1)OCC(C*)O)(C)C)O,tg,130.33,121.78309631347656
*Oc1ccc(cc1)S(=O)(=O)c1ccc(cc1)Oc1c(cc(c(c1)C)C(c1c(cc(c(c1)C(C)C)*)C)c1c(cccc1)C(=O)O)C(C)C,tg,240.0,197.3118133544922
*Oc1ccc(cc1)S(=O)(=O)c1ccc(cc1)Oc1c(cc(cc1)C(c1cc(c(cc1)*)C(OC)(C(F)(F)F)C(F)(F)F)(C)C)C(OC)(C(F)(F)F)C(F)(F)F,tg,163.0,109.094482421875
*Oc1ccc(cc1)S(=O)(=O)c1ccc(cc1)Oc1c(cc(cc1)C(c1cc(c(cc1)*)C)(C)C)C,tg,178.67,200.5103759765625
*Oc1ccc(cc1)S(=O)(=O)c1ccc(cc1)Oc1c(cc(cc1)C(c1cc(c(cc1)*)N)(C)C)N,tg,230.4,233.06121826171875
*Oc1ccc(cc1)S(=O)(=O)c1ccc(cc1)Oc1c(cc(cc1)c1ccc(cc1)c1cc(c(cc1)*)C(F)(F)F)C(F)(F)F,tg,214.0,218.30859375
*Oc1ccc(cc1)S(=O)(=O)c1ccc(cc1)Oc1c(cc(cc1C)C(c1cc(c(c(c1)C)*)C)(C)C)C,tg,233.29,235.08370971679688
*Oc1ccc(cc1)S(=O)(=O)c1ccc(cc1)Oc1c(cc(cc1C)Cc1cc(c(c(c1)C)*)C)C,tg,232.0,214.70437622070312
*Oc1ccc(cc1)S(=O)(=O)c1ccc(cc1)Oc1c(cc(cc1C)c1cc(c(c(c1)C)*)C)C,tg,268.07,291.6385803222656
*Oc1ccc(cc1)S(=O)(=O)c1ccc(cc1)Oc1ccc(cc1)C(=C)c1ccc(cc1)*,tg,167.0,205.01412963867188
*Oc1ccc(cc1)S(=O)(=O)c1ccc(cc1)Oc1ccc(cc1)C(=O)c1cc(cc(c1)Br)C(=O)c1ccc(cc1)*,tg,192.0,210.64794921875
*Oc1ccc(cc1)S(=O)(=O)c1ccc(cc1)Oc1ccc(cc1)C(=O)c1cc(cc(c1)I)C(=O)c1ccc(cc1)*,tg,203.0,191.99911499023438
*Oc1ccc(cc1)S(=O)(=O)c1ccc(cc1)Oc1ccc(cc1)C(=O)c1ccc(cc1)*,tg,201.67,181.2187042236328
*Oc1ccc(cc1)S(=O)(=O)c1ccc(cc1)Oc1ccc(cc1)C(c1ccc(cc1)*)(C)C,tg,183.86,185.6178436279297
*Oc1ccc(cc1)S(=O)(=O)c1ccc(cc1)Oc1ccc(cc1)C(c1ccc(cc1)*)(c1ccc(cc1)O)C,tg,219.29,216.47557067871094
*Oc1ccc(cc1)S(=O)(=O)c1ccc(cc1)Oc1ccc(cc1)C(c1ccc(cc1)*)(c1ccccc1)C,tg,207.0,211.79473876953125
*Oc1ccc(cc1)S(=O)(=O)c1ccc(cc1)Oc1ccc(cc1)C(c1ccc(cc1)*)(c1ccccc1)c1ccccc1,tg,230.0,207.5778045654297
*Oc1ccc(cc1)S(=O)(=O)c1ccc(cc1)Oc1ccc(cc1)C(c1ccc(cc1)*)c1c(cccc1)C(=O)O,tg,223.0,241.47232055664062
*Oc1ccc(cc1)S(=O)(=O)c1ccc(cc1)Oc1ccc(cc1)C(c1ccc(cc1)OCCCCOc1ccc(cc1)C(c1ccc(cc1)*)(C)C)(C)C,tg,140.0,93.21121215820312
*Oc1ccc(cc1)S(=O)(=O)c1ccc(cc1)Oc1ccc(cc1)C(c1ccc(cc1)Oc1ccc(cc1)C(=O)c1ccc(cc1)*)(C)C,tg,175.0,201.89505004882812
*Oc1ccc(cc1)S(=O)(=O)c1ccc(cc1)Oc1ccc(cc1)C1(C2CCC(C1)C2)c1ccc(cc1)*,tg,250.0,247.96409606933594
*Oc1ccc(cc1)S(=O)(=O)c1ccc(cc1)Oc1ccc(cc1)C1(CCCC1)c1ccc(cc1)Oc1ccc(cc1)S(=O)(=O)c1ccc(cc1)Oc1ccc(cc1)C=C1C(=O)C(=Cc2ccc(cc2)*)CC1,tg,240.0,201.0654296875
*Oc1ccc(cc1)S(=O)(=O)c1ccc(cc1)Oc1ccc(cc1)C1(CCCCC1)c1ccc(cc1)*,tg,226.0,256.2748107910156
*Oc1ccc(cc1)S(=O)(=O)c1ccc(cc1)Oc1ccc(cc1)C1(CCCCC1)c1ccc(cc1)Oc1ccc(cc1)S(=O)(=O)c1ccc(cc1)Oc1ccc(cc1)C=C1C(=O)C(=Cc2ccc(cc2)*)CCC1,tg,190.0,203.18350219726562
*Oc1ccc(cc1)S(=O)(=O)c1ccc(cc1)Oc1ccc(cc1)C1(CCCCCC1)c1ccc(cc1)*,tg,247.0,218.42530822753906
*Oc1ccc(cc1)S(=O)(=O)c1ccc(cc1)Oc1ccc(cc1)C1(CCCCCC1)c1ccc(cc1)Oc1ccc(cc1)S(=O)(=O)c1ccc(cc1)Oc1ccc(cc1)C=C1C(=O)C(=Cc2ccc(cc2)*)CCCC1,tg,196.0,205.51461791992188
*Oc1ccc(cc1)S(=O)(=O)c1ccc(cc1)Oc1ccc(cc1)C12CC3(CC(CC(C1)C3)C2)c1ccc(cc1)*,tg,242.0,263.0829162597656
*Oc1ccc(cc1)S(=O)(=O)c1ccc(cc1)Oc1ccc(cc1)C1CC(CCC1)C(c1ccc(cc1)*)C,tg,230.0,232.79830932617188
*Oc1ccc(cc1)S(=O)(=O)c1ccc(cc1)Oc1ccc(cc1)C=C1C(=O)C(=Cc2ccc(cc2)*)CCCC1,tg,186.0,185.38369750976562
*Oc1ccc(cc1)S(=O)(=O)c1ccc(cc1)Oc1ccc(cc1)C=C1C(=O)C(=Cc2ccc(cc2)Oc2ccc(cc2)S(=O)(=O)c2ccc(cc2)Oc2ccc(cc2)C(c2ccc(cc2)*)(C)C)CCC1,tg,194.0,177.89402770996094
*Oc1ccc(cc1)S(=O)(=O)c1ccc(cc1)Oc1ccc(cc1)C=NN=Cc1ccc(cc1)*,tg,151.0,192.7810821533203
*Oc1ccc(cc1)S(=O)(=O)c1ccc(cc1)Oc1ccc(cc1)C=Nc1ccc(cc1)Oc1ccc(cc1)N=Cc1ccc(cc1)*,tg,162.0,155.15618896484375
*Oc1ccc(cc1)S(=O)(=O)c1ccc(cc1)Oc1ccc(cc1)NC(=O)c1cc(cc(c1)NC(=O)c1ccc(cc1)OC(=O)C)C(=O)Nc1ccc(cc1)*,tg,263.0,256.65643310546875
*Oc1ccc(cc1)S(=O)(=O)c1ccc(cc1)Oc1ccc(cc1)NC(=O)c1cc(ccc1)C(=O)Nc1ccc(cc1)*,tg,260.0,200.2324676513672
*Oc1ccc(cc1)S(=O)(=O)c1ccc(cc1)Oc1ccc(cc1)NC(=O)c1ccc(cc1)Oc1ccc(cc1)C(c1ccc(cc1)C(c1ccc(cc1)Oc1ccc(cc1)C(=O)Nc1ccc(cc1)*)(C)C)(C)C,tg,177.0,213.97691345214844
*Oc1ccc(cc1)S(=O)(=O)c1ccc(cc1)Oc1ccc(cc1)P(=O)(c1ccc(cc1)*)C,tg,233.0,224.8291778564453
*Oc1ccc(cc1)S(=O)(=O)c1ccc(cc1)Oc1ccc(cc1)S(=O)(=O)c1ccc(cc1)c1ccc(cc1)S(=O)(=O)c1ccc(cc1)*,tg,234.0,254.39500427246094
*Oc1ccc(cc1)S(=O)(=O)c1ccc(cc1)Oc1ccc(cc1)Sc1ccc(cc1)*,tg,175.0,176.68150329589844
*Oc1ccc(cc1)S(=O)(=O)c1ccc(cc1)Oc1ccc(cc1)c1ccc(cc1)*,tg,217.39,230.04541015625
*Oc1ccc(cc1)S(=O)(=O)c1ccc(cc1)Oc1ccc(cc1)c1ccc(cc1)c1ccc(cc1)*,tg,251.0,238.26492309570312
*Oc1ccc(cc1)S(=O)(=O)c1ccc(cc1)c1ccc(cc1)*,tg,265.5,238.56170654296875
*Oc1ccc(cc1)S(=O)(=O)c1ccc(cc1)c1ccc(cc1)c1ccc(cc1)S(=O)(=O)c1ccc(cc1)Oc1ccc(cc1)c1ccc(cc1)*,tg,264.0,246.3110809326172
*Oc1ccc(cc1)S(=O)c1ccc(cc1)Oc1ccc(cc1)C(c1ccc(cc1)*)(C)C,tg,165.0,181.82554626464844
*Oc1ccc(cc1)S(=O)c1ccc(cc1)Oc1ccc(cc1)C=NN=Cc1ccc(cc1)*,tg,151.0,140.17489624023438
*Oc1ccc(cc1)SC(=O)Oc1ccc(cc1)C(c1ccc(cc1)OC(=O)Sc1ccc(cc1)*)(C)C,tg,145.0,67.97470092773438
*Oc1ccc(cc1)Sc1ccc(cc1)OC(=O)*,tg,110.0,95.60725402832031
*Oc1ccc(cc1)Sc1ccc(cc1)OCC(CN(S(=O)(=O)c1cc(ccc1)S(=O)(=O)N(CC(C*)O)C)C)O,tg,90.0,82.00637817382812
*Oc1ccc(cc1)Sc1ccc(cc1)Sc1ccc(cc1)Sc1ccc(cc1)*,tg,84.0,154.45860290527344
*Oc1ccc(cc1)[Si](c1ccc(cc1)OC(=O)c1cc2Cc3c(c2cc1)ccc(c3)C(=O)*)(c1ccccc1)c1ccccc1,tg,72.1,52.32666015625
*Oc1ccc(cc1)c1c(c(c(c(c1)c1ccccc1)c1ccc(cc1)OC(=O)c1c(cc(cc1)C(=O)*)c1ccccc1)c1ccccc1)c1ccccc1,tg,225.0,219.11911010742188
*Oc1ccc(cc1)c1cc(c(c(c1)c1ccccc1)c1ccc(cc1)NC(=O)c1ccc(cc1)C(=O)Nc1ccc(cc1)c1c(cc(cc1c1ccccc1)c1ccc(cc1)OCCCCCC*)c1ccccc1)c1ccccc1,tg,127.0,140.029052734375
*Oc1ccc(cc1)c1cc(c(c(c1)c1ccccc1)c1ccc(cc1)NC(=O)c1ccc(cc1)C(=O)Nc1ccc(cc1)c1c(cc(cc1c1ccccc1)c1ccc(cc1)OCCCCCCCCCC*)c1ccccc1)c1ccccc1,tg,116.0,132.30252075195312
*Oc1ccc(cc1)c1ccc(cc1)C(=O)NCC*,tg,169.0,182.6853790283203
*Oc1ccc(cc1)c1ccc(cc1)CC(c1ccc(cc1)OCCCCCCCCCCCC*)C,tg,40.0,45.52598571777344
*Oc1ccc(cc1)c1ccc(cc1)OC(*)(Oc1ccccc1)Oc1ccccc1,tg,112.0,141.74827575683594
*Oc1ccc(cc1)c1ccc(cc1)OC(=O)/C=C/c1ccc(cc1)/C=C/C(=O)*,tg,243.0,201.40707397460938
*Oc1ccc(cc1)c1ccc(cc1)OC(=O)CCCCCCCCCCCCC(=O)*,tg,95.0,63.05350112915039
*Oc1ccc(cc1)c1ccc(cc1)OC(=O)Nc1cc(ccc1)P(=O)(c1cc(ccc1)NC(=O)*)c1ccccc1,tg,72.0,104.73534393310547
*Oc1ccc(cc1)c1ccc(cc1)OC(=O)c1c(cc(c(c1)OCCCCCC)C(=O)*)OCCCCCC,tg,113.0,80.46666717529297
*Oc1ccc(cc1)c1ccc(cc1)OC(=O)c1c(cc(cc1)C(=O)*)Sc1cc2c(cc1)cccc2,tg,141.0,163.21389770507812
*Oc1ccc(cc1)c1ccc(cc1)OC(=O)c1c(ccc(c1)N=Nc1ccc(cc1)OCC)c1c(cc(cc1)N=Nc1ccc(cc1)OCC)C(=O)*,tg,165.0,147.47206115722656
*Oc1ccc(cc1)c1ccc(cc1)OC(=O)c1cc(cc(c1)CCCCC)C(=O)*,tg,138.0,154.8216552734375
*Oc1ccc(cc1)c1ccc(cc1)OC(=O)c1cc(ccc1)C(=O)*,tg,185.5,191.38287353515625
*Oc1ccc(cc1)c1ccc(cc1)OCC(CN(S(=O)(=O)c1cc(ccc1)S(=O)(=O)N(CC(C*)O)C)C)O,tg,58.0,78.73548126220703
*Oc1ccc(cc1)c1ccc(cc1)OCCCCCCCCCCCOC(=O)Nc1c(cc(cc1)NC(=O)OCCCCCCCCCCC*)C,tg,77.0,60.388221740722656
*Oc1ccc(cc1)c1ccc(cc1)OCCCCCCCCCCCOC(=O)c1cc(cc(c1)OCCCCCCCCCCOc1ccc(cc1)N=Nc1ccc(cc1)OC)C(=O)OCCCCCCCCCCC*,tg,53.0,79.90877532958984
*Oc1ccc(cc1)c1ccc(cc1)OCCCCCCOC(=O)Nc1c(cc(cc1)NC(=O)OCCCCCC*)C,tg,85.4,83.64539337158203
*Oc1ccc(cc1)c1ccc(cc1)OCCCCCCOC(=O)Nc1c(ccc(c1)NC(=O)OCCCCCC*)C,tg,85.68,81.3153305053711
*Oc1ccc(cc1)c1ccc(cc1)OCCCCCCOC(=O)OCCCCCCOC(=O)OCCCCCC*,tg,14.95,17.22229766845703
*Oc1ccc(cc1)c1ccc(cc1)Oc1c(cc(cc1)C(=O)c1cc(c(cc1)*)S(=O)(=O)O)S(=O)(=O)O,tg,225.0,289.2410888671875
*Oc1ccc(cc1)c1ccc(cc1)Oc1c(cc(cc1)C(=O)c1ccc(cc1)C(=O)c1cc(c(cc1)*)C(F)(F)F)C(F)(F)F,tg,187.0,192.19100952148438
*Oc1ccc(cc1)c1ccc(cc1)Oc1c(cc(cc1)c1ccc(cc1)c1cc(c(cc1)*)C(F)(F)F)C(F)(F)F,tg,203.5,202.7095184326172
*Oc1ccc(cc1)c1ccc(cc1)Oc1ccc(cc1)C(=O)c1c(cccc1)c1c(cccc1)C(=O)c1ccc(cc1)*,tg,193.0,181.64520263671875
*Oc1ccc(cc1)c1ccc(cc1)Oc1ccc(cc1)C(=O)c1cc(ccc1)C(=O)c1ccc(cc1)*,tg,159.0,158.82247924804688
*Oc1ccc(cc1)c1ccc(cc1)Oc1ccc(cc1)C(=O)c1cc2c(cc1)cc(cc2)C(=O)c1ccc(cc1)*,tg,195.0,196.69622802734375
*Oc1ccc(cc1)c1ccc(cc1)Oc1ccc(cc1)C(c1ccc(cc1)*)(C)C,tg,154.0,166.4590301513672
*Oc1ccc(cc1)c1ccc(cc1)c1ccc(cc1)Oc1ccc(cc1)C(=O)c1cc(ccc1)C(=O)c1ccc(cc1)*,tg,174.0,168.6231689453125
*Oc1ccc(cc1)c1ccc(cc1)c1ccc(cc1)Oc1ccc(cc1)C(c1ccc(cc1)*)(C)C,tg,182.0,160.8217010498047
*Oc1ccc2c(c1)C(=O)N(Oc1ccc(C(N3C(=O)CC(*)C3=O)(C(F)(F)F)C(F)(F)F)cc1)C2=O,egc,3.5205,4.328832626342773
*Oc1ccc2ccccc2c1N=Nc1ccc(C(*)=O)cc1,egc,2.8394,3.4118640422821045
*Oc1ccc2nc3oc4cc5oc6c7c(cn6ccc5on4cnc3c12)nc1c(*)ccccc17,egc,1.4158,2.665705919265747
*Oc1cccc(*)c1,egc,4.9932,4.6090989112854
*Oc1cccc(C(=O)Nc2ccc(S(=O)(=O)c3ccc(NC(=O)c4cccc(Oc5nc(*)nc(Sc6ccccc6)n5)c4)cc3)cc2)c1,egc,3.9202,4.066699981689453
*Oc1cccc(C(=O)OCC(F)(F)C(F)(F)C(F)(F)COC(=O)c2cccc(*)c2)c1,egc,4.5011,4.167713642120361
*Oc1cccc(NC(=O)c2ccc(*)cc2)c1,egc,4.3679,4.269374847412109
*Oc1cccc(OC(=O)c2ccc(Oc3ccc(C(*)=O)cc3)cc2)c1,egc,4.2359,3.816826105117798
*Oc1cccc(OC(=O)c2cccc(C(*)=O)c2)c1,egc,4.1279,3.9598166942596436
*Oc1cccc(Oc2ccc(S(=O)(=O)c3ccc(*)cc3)cc2)c1,egc,4.2737,4.481199264526367
*Oc1cccc(Oc2cccc(*)n2)c1,egc,4.536,4.3563923835754395
*Oc1cccc2c(OC(=O)Oc3ccc(OC(*)=O)cc3C)cccc12,egc,4.1043,3.5826022624969482
*Oc1cccc2c(OC(=O)Oc3cccc(OC(*)=O)c3)cccc12,egc,4.104,4.444798946380615
*Oc1ccccc1CNC(=O)Nc1ccc(Cc2ccc(NC(*)=O)cc2)cc1,egc,4.6144,4.441215515136719
*Oc6ccc(Oc5ccc(OC(=O)c4ccc(C3(c1ccc(C(*)=O)cc1)OC(=O)c2ccccc23)cc4)cc5)cc6,egc,3.6172,3.623746156692505
*P1(=N*)Oc2ccccc2c2ccccc2O1,tg,160.0,154.38772583007812
*P1(=NP(=NP(=N1)(Oc1ccc(cc1)C(=O)OCCC)Oc1ccc(cc1)C(=O)OCCC)(Oc1ccc(cc1)C(c1ccc(cc1)O*)(C)C)Oc1ccc(cc1)C(=O)OCCC)Oc1ccc(cc1)C(=O)OCCC,tg,26.0,104.16816711425781
*S(=O)(=NP(=NP(=N*)(NC)NC)(NC)NC)NC,tg,22.0,52.6816520690918
*S(=O)(=NP(=NP(=N*)(NCC)NCC)(NCC)NCC)NCC,tg,4.0,-13.765568733215332
*S(=O)(=NP(=NP(=N*)(NCCCC)NCCCC)(NCCCC)NCCCC)NCCCC,tg,-17.0,-6.680593013763428
*S(=O)(=O)C(C(=CC*)C)C,tg,73.0,67.6872329711914
*S(=O)(=O)C(C*)CC,tg,32.73,32.721397399902344
*S(=O)(=O)C(C*)CC(C)C,tg,23.0,58.018211364746094
*S(=O)(=O)C(C=C(C*)C)C,tg,83.0,61.83309555053711
*S(=O)(=O)CC(=CC*)C,tg,88.2,87.26256561279297
*S(=O)(=O)CC=CC*,tg,86.0,68.52120971679688
*S(=O)(=O)NCCCCCCNC(=O)C(*)(F)F,tg,51.0,32.793487548828125
*S(=O)(=O)NCCCCCNS(=O)(=O)c1cc(ccc1)*,tg,74.0,85.05435180664062
*S(=O)(=O)NCCCCNS(=O)(=O)c1cc(ccc1)*,tg,82.0,68.2633285522461
*S(=O)(=O)NCCNS(=O)(=O)c1cc(ccc1)*,tg,107.0,81.43415832519531
*S(=O)(=O)c1c(cc(cc1C)C(c1cc(c(c(c1)C)*)C)(C)C)C,tg,229.0,219.48681640625
*S(=O)(=O)c1cc(c(cc1)Sc1ccc(cc1)Sc1ccc(cc1)Sc1c(cc(cc1)*)S(=O)(=O)O)S(=O)(=O)O,tg,202.0,149.74270629882812
*S(=O)(=O)c1cc(ccc1)N/C=C\C(=O)c1cc(ccc1)C(=O)/C=C\Nc1cc(ccc1)*,tg,215.0,138.0324249267578
*S(=O)(=O)c1cc(ccc1)NC(=O)CCCCC(=O)Nc1cc(ccc1)*,tg,140.0,146.05870056152344
*S(=O)(=O)c1cc(ccc1)NC(=O)CCCCCCCCC(=O)Nc1cc(ccc1)*,tg,112.0,105.11143493652344
*S(=O)(=O)c1cc(ccc1)NC(=O)CCCCCCCCCCC(=O)Nc1cc(ccc1)*,tg,107.0,110.05436706542969
*S(=O)(=O)c1ccc(cc1)C(=O)Nc1c(cc(cc1)Br)c1ccc(cc1)NC(=O)c1ccc(cc1)*,tg,288.0,235.08912658691406
*S(=O)(=O)c1ccc(cc1)C(=O)c1ccc(cc1)C(=O)c1ccc(cc1)*,tg,213.5,222.0601348876953
*S(=O)(=O)c1ccc(cc1)N=CNc1ccc(cc1)*,tg,163.0,139.55099487304688
*S(=O)(=O)c1ccc(cc1)NC(=O)CCCCC(=O)Nc1ccc(cc1)*,tg,194.0,142.48574829101562
*S(=O)(=O)c1ccc(cc1)NC(=O)CCCCCC(=O)Nc1ccc(cc1)*,tg,163.0,153.9332275390625
*S(=O)(=O)c1ccc(cc1)NC(=O)CCCCCCCCC(=O)Nc1ccc(cc1)*,tg,97.0,168.02679443359375
*S(=O)(=O)c1ccc(cc1)NC(=O)CCCCCCCCCCC(=O)Nc1ccc(cc1)*,tg,160.0,105.09051513671875
*S(=O)(=O)c1ccc(cc1)NC(=O)c1cc(cc(c1)NC(=O)c1ccc(cc1)NC(=O)C(N1C(=O)c2c(C1=O)cccc2)C)C(=O)Nc1ccc(cc1)*,tg,208.0,170.59730529785156
*S(=O)(=O)c1ccc(cc1)NC(=O)c1cc(ccc1)C(=O)Nc1ccc(cc1)*,tg,78.0,251.49017333984375
*S(=O)(=O)c1ccc(cc1)NC(=O)c1ccc(cc1)NC(=O)c1ccc(cc1)[Si](c1ccc(cc1)C(=O)Nc1ccc(cc1)C(=O)Nc1ccc(cc1)*)(C)C,tg,315.0,245.70066833496094
*S(=O)(=O)c1ccc(cc1)Nc1c(c(c(c(c1F)F)c1c(c(c(c(c1F)F)Nc1ccc(cc1)*)F)F)F)F,tg,332.0,134.48605346679688
*S(=O)(=O)c1ccc(cc1)Nc1c(cc(cc1)C1(c2ccccc2c2ccccc12)c1cc(c(cc1)Nc1ccc(cc1)*)C)C,tg,269.0,198.4271697998047
*S(=O)(=O)c1ccc(cc1)Nc1c(cc(cc1)C1(c2ccccc2c2ccccc12)c1cc(c(cc1)Nc1ccc(cc1)*)F)F,tg,145.0,262.2186279296875
*S(=O)(=O)c1ccc(cc1)Nc1cc(ccc1)Nc1ccc(cc1)*,tg,145.0,136.28880310058594
*S(=O)(=O)c1ccc(cc1)Nc1ccc(cc1)C(c1ccc(cc1)Nc1ccc(cc1)*)(C(F)(F)F)C(F)(F)F,tg,145.0,176.24269104003906
*S(=O)(=O)c1ccc(cc1)Nc1ccc(cc1)C1(c2ccccc2c2ccccc12)c1ccc(cc1)Nc1ccc(cc1)*,tg,221.0,217.59092712402344
*S(=O)c1ccc(cc1)Sc1cc(ccc1)Sc1ccc(cc1)*,tg,121.0,156.5550537109375
*S(=O)c1ccc(cc1)Sc1ccc(cc1)Sc1ccc(cc1)Sc1ccc(cc1)*,tg,133.0,127.08890533447266
*SC(=O)CCC(CC*)C,tg,-50.0,-23.405746459960938
*SC(=O)CCCCC*,tg,19.0,-19.89068031311035
*SC(=O)N(CC*)Cc1ccccc1,tg,32.0,49.458316802978516
*SC(C(=O)*)C,tg,12.0,7.1332550048828125
*SC(C*)(C)C,tg,-14.0,-36.74676513671875
*SC(C*)C,tg,-45.29,-51.907413482666016
*SC(C*)CC,tg,-50.0,-37.95050048828125
*SC(C*)COCC=C,tg,-59.0,-50.59066390991211
*SC(C*)c1ccccc1,tg,-2.5,54.08285140991211
*SC(CC*)C,tg,-59.0,-40.670379638671875
*SC1C(CCCC1)*,tg,-45.0,83.89496612548828
*SC1CCCC(*)C1,egb,5.2199,5.046088695526123
*SC1CCCC(*)C1,egc,4.9242,5.254364967346191
*SCC(=O)NCCCCCCNC(=O)C*,tg,-7.0,11.250597953796387
*SCC(C*)(C)C,tg,-51.03,7.245941162109375
*SCC*,tg,-5.5,-63.11934280395508
*SCCC(=O)NCCCCCCNC(=O)CC*,tg,20.5,12.01666259765625
*SCCCCC(=O)NCc1ccc(cc1)CNC(=O)CCCC*,tg,70.0,60.98751449584961
*SCCCCCCCCCCC(=O)NCCc1ccc(cc1)CCNC(=O)CCCCCCCCCC*,tg,58.0,48.36757278442383
*SSCC*,tg,-27.0,-45.78486633300781
*SSCCCC*,tg,-55.0,-42.71956253051758
*SSCCCCCC*,tg,-74.0,-60.856319427490234
*SSCCCCCCCCCC*,tg,-65.0,-63.46352005004883
*SSCc1c(cccc1)C*,tg,39.0,23.89854621887207
*SSCc1ccc(cc1)C*,tg,23.0,42.45964431762695
*SSSCCCCCCCCCC*,tg,-70.0,-53.251678466796875
*Sc1c(cc(cc1C)*)C,tg,198.0,126.98338317871094
*Sc1ccc(*)cc1,egb,3.1848,3.310218095779419
*Sc1ccc(*)cc1,ei,6.1739,5.785555362701416
*Sc1ccc(cc1)*,tg,93.49,121.23817443847656
*Sc1ccc(cc1)C(=O)CNCCCCCCCCNCC(=O)c1ccc(cc1)*,tg,231.0,82.80599975585938
*Sc1ccc(cc1)C(=O)c1ccc(cc1)C(c1ccc(cc1)C(=O)c1ccc(cc1)*)(C(F)(F)F)C(F)(F)F,tg,175.0,177.1912384033203
*Sc1ccc(cc1)C(=O)c1ccc(cc1)C(c1ccc(cc1)C(=O)c1ccc(cc1)*)(C)C,tg,175.0,163.2767791748047
*Sc1ccc(cc1)Cc1ccc(cc1)SC(=O)*,tg,117.0,138.02674865722656
*Sc1ccc(cc1)Nc1ccc(cc1)*,tg,145.0,120.81278991699219
*Sc1ccc(cc1)Nc1ccc(cc1)Nc1ccc(cc1)*,tg,114.0,171.85874938964844
*Sc1ccc(cc1)P(=O)(c1ccc(cc1)Sc1ccc(cc1)c1ccc(cc1)*)c1ccccc1,tg,232.0,197.0150909423828
*[SiH](C#Cc1c(cccc1)C#C*)c1ccccc1,tg,71.0,53.53451919555664
*[SiH](C#Cc1cc(ccc1)C#C*)C,tg,72.0,81.92159271240234
*[Si](C#Cc1cc(ccc1)C#C*)(C)C,tg,50.0,88.32854461669922
*[Si](C*)(C)C,tg,-91.17,-65.134765625
*[Si](C*)(CCC)CCC,tg,-41.0,-39.895904541015625
*[Si](C*)(CCCC)CCCC,tg,-30.0,-62.014225006103516
*[Si](C*)(CCCCC)CCCCC,tg,-55.0,-48.73565673828125
*[Si](C*)(CCCCCC)C,tg,-77.6,-61.126155853271484
*[Si](C*)(CCCOCCOCCOC)C,tg,-73.3,-78.08098602294922
*[Si](C*)(CCCn1c2ccccc2c2ccccc12)C,tg,71.2,58.40176773071289
*[Si](C*)(c1ccccc1)C,tg,28.0,51.86865997314453
*[Si](C/C=C\C*)(C)C,tg,-57.5,-37.375179290771484
*[Si](C/C=C\C*)(CCCOc1cc2c(cc1)cccc2)C,tg,-1.0,-4.146036624908447
*[Si](C/C=C\C*)(CCCOc1ccc(cc1)c1ccccc1)C,tg,10.0,19.64185905456543
*[Si](C/C=C\C*)(CCCOc1ccccc1)C,tg,-30.0,-19.63381004333496
*[Si](C/C=C\C*)(CCCOc1ccccc1)c1ccccc1,tg,-5.0,-22.477346420288086
*[Si](C/C=C\C*)(c1ccccc1)c1ccccc1,tg,23.63,-20.7619571685791
*[Si](C/C=C\CC*)(c1ccccc1)C,tg,-12.65,-13.779637336730957
*[Si](C=C[Ge](C=C*)(c1ccccc1)c1ccccc1)(c1ccccc1)c1ccccc1,tg,28.0,145.67169189453125
*[Si](CC(C*)Cc1ccc(cc1)c1ccccc1)(C)C,tg,28.0,52.57002639770508
*[Si](CC(C*)c1ccccc1)(C)C,tg,5.67,11.248494148254395
*[Si](CC=CC*)(C=C)C=C,tg,-65.0,12.797370910644531
*[Si](CCC*)(CCC[Si](C)(C)C)C,tg,-46.0,-67.6350326538086
*[Si](CCC*)(C[Si](C)(C)C)C,tg,-51.0,-69.63191986083984
*[Si](CCC*)(C[Si](c1ccccc1)(C)C)C[Si](c1ccccc1)(C)C,tg,-36.0,56.52870178222656
*[Si](CCC*)(O[Si](CCCOc1ccc(cc1)C#N)(C)C)C,tg,-45.5,-36.05339431762695
*[Si](CCC*)(O[Si](CCCOc1ccc(cc1)C(=O)Oc1ccc(cc1)c1ccc(cc1)C#N)(C)C)C,tg,10.1,39.793582916259766
*[Si](CCC*)(O[Si](CCCOc1ccc(cc1)c1ccc(cc1)C#N)(C)C)C,tg,-4.6,-15.6324462890625
*[Si](CCC*)(c1ccc(cc1)C)c1ccc(cc1)C,tg,38.0,-1.5437673330307007
*[Si](CCC*)(c1ccc(cc1)N(C)C)C,tg,6.5,26.113309860229492
*[Si](CCC*)(c1ccccc1)C,tg,-1.5,13.313197135925293
*[Si]([Si]([Si]([Si](C*)(C)C)(C)C)(C)C)(C)C,tg,-68.0,-40.27167892456055
*[Si](c1c(cccc1)C*)(C)C,tg,48.0,66.42497253417969
*[Si](c1c(cccc1)C*)(c1ccccc1)C,tg,93.8,44.84657287597656
*[Si](c1c(cccc1)C*)(c1ccccc1)c1ccccc1,tg,122.0,95.82794189453125
*[n+]1ccc(cc1)c1cc[n+](cc1)Cc1c(cccc1)C*,tg,70.5,114.63719177246094
*[n+]1ccc(cc1)c1cc[n+](cc1)Cc1cc(ccc1)C*,tg,128.0,64.45021057128906
*[n+]1ccc(cc1)c1cc[n+](cc1)Cc1ccc(cc1)C*,tg,95.0,124.97418212890625
*c1[nH]c(*)c(C(=O)O)c1C,egc,3.2017,3.7178261280059814
*c1[nH]c(*)c(CC(=O)OC)c1CC(=O)OC,egc,3.2776,2.454803466796875
*c1[nH]c(*)c(OC)c1OC,egc,2.5591,3.377929925918579
*c1[nH]c(*)c2c1CCCC2,egc,2.7316,2.9787521362304688
*c1[nH]c(*)c2c1CCCCC2,egc,3.1158,3.020416498184204
*c1[nH]c(nc1c1ccc(cc1)NC(=O)Nc1ccc(cc1)NC(=O)Nc1ccc(cc1)*)c1ccc(cc1)[N+](=O)[O-],tg,292.0,268.1759948730469
*c1[nH]c(nc1c1ccc(cc1)NC(=O)Nc1ccc(cc1)NC(=O)Nc1ccc(cc1)*)c1ccc(cc1)c1[nH]c(c(n1)c1ccc(cc1)[N+](=O)[O-])c1ccc(cc1)[N+](=O)[O-],tg,272.0,265.9662170410156
*c1[nH]c(nc1c1ccc(cc1)NC1C(=O)N(C(=O)C1)c1ccc(cc1)Cc1ccc(cc1)N1C(=O)C(CC1=O)Nc1ccc(cc1)*)c1ccc(cc1)C=Cc1ccc(cc1)[N+](=O)[O-],tg,250.0,248.04336547851562
*c1[nH]c(nc1c1ccc(cc1)NC1C(=O)N(C(=O)C1)c1ccc(cc1)Cc1ccc(cc1)N1C(=O)C(CC1=O)Nc1ccc(cc1)*)c1ccc(cc1)N=Nc1ccc(cc1)[N+](=O)[O-],tg,258.0,233.32199096679688
*c1[nH]c(nc1c1ccc(cc1)NC1C(=O)N(C(=O)C1)c1ccc(cc1)c1sc(c(c1c1ccccc1)c1ccccc1)c1ccc(cc1)N1C(=O)C(CC1=O)Nc1ccc(cc1)*)c1ccc(cc1)c1[nH]c(c(n1)c1ccc(cc1)[N+](=O)[O-])c1ccc(cc1)[N+](=O)[O-],tg,152.0,289.53192138671875
*c1[nH]c(nc1c1ccc(cc1)OC(=O)Nc1cc(c(cc1)c1c(cc(cc1)NC(=O)Oc1ccc(cc1)*)OC)OC)c1ccc(cc1)c1[nH]c(c(n1)c1ccc(cc1)[N+](=O)[O-])c1ccc(cc1)[N+](=O)[O-],tg,223.0,209.15103149414062
*c1[nH]c(nc1c1ccc(cc1)Oc1ccc(cc1)C(=O)c1cc2c(cc1)cc(cc2)C(=O)c1ccc(cc1)Oc1ccc(cc1)*)c1ccccc1,tg,239.0,269.3963623046875
*c1[nH]c(nc1c1ccc(cc1)Oc1ccc(cc1)C(=O)c1ccc(cc1)C(=O)c1ccc(cc1)C(=O)c1ccc(cc1)Oc1ccc(cc1)*)c1ccccc1,tg,239.0,241.25473022460938
*c1[nH]c(nc1c1ccc(cc1)Oc1ccc(cc1)C(=O)c1ccc(cc1)C(=O)c1ccc(cc1)Oc1ccc(cc1)*)c1ccccc1,tg,248.0,247.52401733398438
*c1[nH]c(nc1c1ccc(cc1)Oc1ccc(cc1)C(=O)c1ccc(cc1)Oc1ccc(cc1)C(=O)c1ccc(cc1)Oc1ccc(cc1)*)c1ccccc1,tg,239.0,233.77330017089844
*c1[nH]c(nc1c1ccc(cc1)Oc1ccc(cc1)C(=O)c1ccc(cc1)c1ccc(cc1)C(=O)c1ccc(cc1)Oc1ccc(cc1)*)c1ccccc1,tg,258.0,238.24427795410156
*c1[nH]c(nc1c1ccc(cc1)Oc1ccc(cc1)P(=O)(c1ccc(cc1)Oc1ccc(cc1)*)c1ccccc1)c1ccccc1,tg,318.0,281.8819885253906
*c1[nH]c(nc1c1ccc(cc1)Oc1ccc(cc1)S(=O)(=O)c1ccc(cc1)Oc1ccc(cc1)*)c1ccccc1,tg,277.0,271.03521728515625
*c1[nH]nc(c1)c1ccc(cc1)Oc1ccc(cc1)C(=O)c1cc(ccc1)C(=O)c1ccc(cc1)Oc1ccc(cc1)*,tg,205.0,214.5181427001953
*c1[nH]nc(c1)c1ccc(cc1)Oc1ccc(cc1)P(=O)(c1ccc(cc1)Oc1ccc(cc1)*)c1ccccc1,tg,296.0,289.79962158203125
*c1[nH]nc(c1)c1ccc(cc1)Oc1ccc(cc1)S(=O)(=O)c1ccc(cc1)Oc1ccc(cc1)*,tg,260.0,240.74264526367188
*c1c(C)cc(-c2cc(C)c(N3C(=O)c4ccc(-c5ccc6c(c5)C(=O)N(*)C6=O)cc4C3=O)c(C)c2)cc1C,egc,2.8885,2.910374402999878
*c1c(C)cc(-c2cc(C)c(N3C(=O)c4ccc(S(=O)(=O)c5ccc6c(c5)C(=O)N(*)C6=O)cc4C3=O)c(C)c2)cc1C,egc,2.7305,2.725569486618042
*c1c(C)cc(Cc2cc(C)c(N3C(=O)c4ccc(Oc5cccc6c(Oc7ccc8c(c7)C(=O)N(*)C8=O)cccc56)cc4C3=O)c(C)c2)cc1C,egc,3.4317,3.2523365020751953
*c1c(F)c(F)c(*)c(F)c1F,egc,5.4728,4.756349086761475
*c1c([nH]c(n1)c1cc(ccc1)c1[nH]c(c(n1)c1ccc(cc1)Oc1ccc(cc1)C(=O)c1cc(ccc1)C(=O)c1ccc(cc1)Oc1ccc(cc1)*)c1ccccc1)c1ccccc1,tg,264.5,265.8916015625
*c1c([nH]c(n1)c1cc(ccc1)c1[nH]c(c(n1)c1ccc(cc1)Oc1ccc(cc1)C(=O)c1cc(ccc1)c1cc(ccc1)C(=O)c1ccc(cc1)Oc1ccc(cc1)*)c1ccccc1)c1ccccc1,tg,250.0,262.0519104003906
*c1c([nH]c(n1)c1cc(ccc1)c1[nH]c(c(n1)c1ccc(cc1)Oc1ccc(cc1)C(=O)c1ccc(cc1)C(=O)c1ccc(cc1)Oc1ccc(cc1)*)c1ccccc1)c1ccccc1,tg,270.0,269.6230773925781
*c1c([nH]c(n1)c1cc(ccc1)c1[nH]c(c(n1)c1ccc(cc1)Oc1ccc(cc1)C(=O)c1ccc(cc1)Oc1ccc(cc1)*)c1ccccc1)c1ccccc1,tg,279.0,267.45892333984375
*c1c([nH]c(n1)c1cc(ccc1)c1[nH]c(c(n1)c1ccc(cc1)Oc1ccc(cc1)C(=O)c1ccc(cc1)c1ccc(cc1)C(=O)c1ccc(cc1)Oc1ccc(cc1)*)c1ccccc1)c1ccccc1,tg,276.0,268.5578918457031
*c1c([nH]c(n1)c1ccc(cc1)c1[nH]c(c(n1)c1ccc(cc1)Oc1ccc(cc1)C(=O)c1cc(ccc1)C(=O)c1ccc(cc1)Oc1ccc(cc1)*)c1ccccc1)c1ccccc1,tg,264.5,250.907958984375
*c1c([nH]c(n1)c1ccc(cc1)c1[nH]c(c(n1)c1ccc(cc1)Oc1ccc(cc1)C(=O)c1cc2c(cc1)cc(cc2)C(=O)c1ccc(cc1)Oc1ccc(cc1)*)c1ccccc1)c1ccccc1,tg,281.0,268.990234375
*c1c([nH]c(n1)c1ccc(cc1)c1[nH]c(c(n1)c1ccc(cc1)Oc1ccc(cc1)C(=O)c1ccc(cc1)C(=O)c1ccc(cc1)Oc1ccc(cc1)*)c1ccccc1)c1ccccc1,tg,270.0,256.35321044921875
*c1c([nH]c(n1)c1ccc(cc1)c1[nH]c(c(n1)c1ccc(cc1)Oc1ccc(cc1)C(=O)c1ccc(cc1)Oc1ccc(cc1)C(=O)c1ccc(cc1)Oc1ccc(cc1)*)c1ccccc1)c1ccccc1,tg,245.0,258.67205810546875
*c1c(c(c(c(c1)N=Cc1ccc(cc1)F)O)*)C,tg,156.0,165.2704620361328
*c1c(c(cc(c1)*)N=Cc1ccc(cc1)F)O,tg,154.0,147.07948303222656
*c1c(c(cc(c1)N=Nc1ccc(cc1)C#N)*)O,tg,176.0,154.07276916503906
*c1c(c(nc2c1cccc2)c1ccc(cc1)c1nc2c(c(c1c1ccccc1)c1ccc(cc1)Oc1ccc(cc1)*)cccc2)c1ccccc1,tg,273.0,344.4680480957031
*c1c(c2c(C(=O)N(C2=O)c2cc(ccc2)N2C(=O)c3c(C2=O)c(c(c(c3c2ccccc2)c2ccccc2)c2ccc(cc2)Oc2ccc(cc2)*)c2ccccc2)c(c1c1ccccc1)c1ccccc1)c1ccccc1,tg,357.0,386.1155090332031
*c1c(cc(c(c1)C)CC*)C,tg,95.0,103.73797607421875
*c1c(cc(c(c1)OC)C(=Cc1c(cc(c(c1)OC)C=C(*)C#N)OCCCCCCCC)C#N)OCCCCCCCC,tg,174.0,192.26702880859375
*c1c(cc(c(c1)OC)C(=Cc1c(cc(c(c1)OC)C=C(*)C#N)OCCCCCCCCCC)C#N)OCCCCCCCCCC,tg,198.0,183.04408264160156
*c1c(cc(c(c1)OC)C(=Cc1c(cc(c(c1)OC)C=C(*)C#N)OCCCCCCCCCCCC)C#N)OCCCCCCCCCCCC,tg,181.0,182.26185607910156
*c1c(cc(c(c1)OC)C=C*)OCC(CCCC)CC,tg,70.67,76.70442962646484
*c1c(cc(c(c1)OC)C=C*)OCC1C2C3C(CCC3)C(C1)C2,tg,174.0,226.42771911621094
*c1c(cc(c(c1)OC)C=C*)OCCCCCC,tg,60.0,66.45195007324219
*c1c(cc(c(c1)OC)C=C*)OCCCCCCCC,tg,58.0,49.78734588623047
*c1c(cc(c(c1)OC)C=C*)OCCCCCCCCCCCC,tg,36.0,50.378074645996094
*c1c(cc(c(c1)OCCCC)*)OCCCC,tg,37.0,92.00233459472656
*c1c(cc(c(c1)c1ccc(cc1)N(c1ccc(cc1)OC)c1ccc(cc1)OC)C=C*)OCC(CCCC)CC,tg,163.0,144.16444396972656
*c1c(cc(cc1)*)C(=O)c1ccc(cc1)C,tg,202.0,183.15330505371094
*c1c(cc(cc1)C=C*)OCc1cc(cc(c1)OCC(CCCC)CC)OCCC(CCCC(C)C)C,tg,227.0,29.455873489379883
*c1c(cc(cc1)C=C*)c1c(cc(c(c1)OCCC(C)C)OCCC(C)C)c1ccccc1,tg,164.0,194.50424194335938
*c1c(cc(cc1)CC*)C,tg,54.38,74.5692367553711
*c1c(cc(cc1)CC*)C#N,tg,90.0,107.59380340576172
*c1c(cc(cc1)CC*)CCCC,tg,20.0,35.84735107421875
*c1c(cc(cc1)CC*)Cl,tg,63.69,94.1074447631836
*c1c(cc(cc1Cl)CC*)Cl,tg,110.0,109.90747833251953
*c1c(ccc(c1)*)c1oc2c(n1)cc(cc2)C,tg,221.0,192.660400390625
*c1c(nc2c(c1c1ccccc1)cc(cc2)Oc1cc2c(nc(c(c2c2ccccc2)c2ccc(cc2)Oc2ccc(cc2)*)c2ccccc2)cc1)c1ccccc1,tg,252.5,296.918701171875
*c1c(nc2c(c1c1ccccc1)cc(cc2)c1cc2c(nc(c(c2c2ccccc2)c2ccc(cc2)c2ccc(cc2)*)c2ccccc2)cc1)c1ccccc1,tg,372.0,340.26171875
*c1c(nc2c(n1)cc(cc2)Oc1cc2c(nc(c(n2)c2cc(ccc2)*)c2ccccc2)cc1)c1ccccc1,tg,263.2,290.95855712890625
*c1c(nc2c(n1)cc(cc2)Oc1cc2c(nc(c(n2)c2ccc(cc2)*)c2ccccc2)cc1)c1ccccc1,tg,296.43,332.1778564453125
*c1c(nc2c(n1)cc(cc2)Oc1cc2c(nc(c(n2)c2ccc(cc2)Oc2ccc(cc2)*)c2ccccc2)cc1)c1ccccc1,tg,261.33,278.2432861328125
*c1c(nc2c(n1)cc(cc2)Oc1ccc(cc1)NC(=O)CN1C(=O)c2c(C1=O)cc(cc2)C(c1cc2c(C(=O)N(C2=O)CC(=O)Nc2ccc(cc2)Oc2cc3c(nc(c(n3)c3ccc(cc3)*)c3ccccc3)cc2)cc1)(C(F)(F)F)C(F)(F)F)c1ccccc1,tg,280.0,269.6036071777344
*c1c(nc2c(n1)cc(cc2)Oc1ccc(cc1)NC(=O)CN1C(=O)c2c(C1=O)cc(cc2)C(c1cc2c(C(=O)N(C2=O)CC(=O)Nc2ccc(cc2)Oc2cc3c(nc(c(n3)c3ccc(cc3)Oc3ccc(cc3)*)c3ccccc3)cc2)cc1)(C(F)(F)F)C(F)(F)F)c1ccccc1,tg,260.0,256.56781005859375
*c1c(nc2c(n1)cc(cc2)Oc1ccc(cc1)NC(=O)c1cc(cc(c1)N1C(=O)c2c(C1=O)c(c(c(c2Cl)Cl)Cl)Cl)C(=O)Nc1ccc(cc1)Oc1cc2c(nc(c(n2)c2ccc(cc2)Oc2ccc(cc2)*)c2ccccc2)cc1)c1ccccc1,tg,295.0,291.49908447265625
*c1c(nc2c(n1)cc(cc2)Oc1ccc(cc1)NC(=O)c1cc(cc(c1)N1C(=O)c2c(C1=O)cccc2)C(=O)Nc1ccc(cc1)Oc1cc2c(nc(c(n2)c2ccc(cc2)*)c2ccccc2)cc1)c1ccccc1,tg,302.0,286.6100769042969
*c1c(nc2c(n1)cc(cc2)Oc1ccc(cc1)NC(=O)c1cc(cc(c1)N1C(=O)c2c(C1=O)cccc2)C(=O)Nc1ccc(cc1)Oc1cc2c(nc(c(n2)c2ccc(cc2)Oc2ccc(cc2)*)c2ccc(cc2)[N+](=O)[O-])cc1)c1ccc(cc1)[N+](=O)[O-],tg,305.0,279.3067932128906
*c1c(nc2c(n1)cc(cc2)Oc1ccc(cc1)NC(=O)c1cc2c(C(=O)N(C2=O)c2ccc(cc2)C(c2ccc(cc2)N2C(=O)c3c(C2=O)cc(cc3)C(=O)Nc2ccc(cc2)Oc2cc3c(nc(c(n3)c3ccc(cc3)Oc3ccc(cc3)*)c3ccc(cc3)[N+](=O)[O-])cc2)(C(F)(F)F)C(F)(F)F)cc1)c1ccc(cc1)[N+](=O)[O-],tg,303.0,265.3711853027344
*c1c(nc2c(n1)cc(cc2)S(=O)(=O)c1cc2c(nc(c(n2)c2ccc(cc2)*)c2ccccc2)cc1)c1ccccc1,tg,291.8,326.8009338378906
*c1c(nc2c(n1)cc(cc2)S(=O)(=O)c1cc2c(nc(c(n2)c2ccc(cc2)N2C(=O)c3c(C2=O)cc(cc3)C(=O)c2cc3c(C(=O)N(C3=O)c3ccc(cc3)*)cc2)c2ccccc2)cc1)c1ccccc1,tg,240.0,289.1423645019531
*c1c(nc2c(n1)cc(cc2)S(=O)(=O)c1cc2c(nc(c(n2)c2ccc(cc2)Oc2ccc(cc2)*)c2ccccc2)cc1)c1ccccc1,tg,271.0,283.70806884765625
*c1c(nc2c(n1)cc(cc2)c1cc2c(nc(c(n2)c2cc(ccc2)*)c2ccccc2)cc1)c1ccccc1,tg,320.0,323.41717529296875
*c1c(nc2c(n1)cc(cc2)c1cc2c(nc(c(n2)c2ccc(cc2)Oc2ccc(cc2)*)c2ccccc2)cc1)c1ccccc1,tg,297.36,300.7914733886719
*c1c(nc2c(n1)cc(cc2)c1cc2c(nc(c(n2)c2ccc(cc2)Sc2ccc(cc2)*)c2ccccc2)cc1)c1ccccc1,tg,281.0,313.3070373535156
*c1c2C(=O)N(C(=O)c2c(c2ccccc12)c1ccc(cc1)Oc1c(cc(cc1)c1cc(ccc1)c1cc(c(cc1)Oc1ccc(cc1)*)C(F)(F)F)C(F)(F)F)c1ccccc1,tg,271.0,264.5211181640625
*c1c2C(=O)N(C(=O)c2c(c2ccccc12)c1ccc(cc1)Oc1c(cc(cc1)c1ccc(cc1)c1ccc(cc1)c1cc(c(cc1)Oc1ccc(cc1)*)C(F)(F)F)C(F)(F)F)c1ccccc1,tg,334.0,262.5470886230469
*c1c2C(=O)N(C(=O)c2c(c2ccccc12)c1ccc(cc1)Oc1c(cc(cc1)c1nc(ccc1)c1cc(c(cc1)Oc1ccc(cc1)*)C(F)(F)F)C(F)(F)F)c1ccccc1,tg,298.0,280.795654296875
*c1c2C(=O)N(C(=O)c2c(c2ccccc12)c1ccc(cc1)Oc1ccc(cc1)C(=O)c1cc(ccc1)C(=O)c1ccc(cc1)Oc1ccc(cc1)*)C,tg,251.0,243.08197021484375
*c1c2C(=O)N(C(=O)c2c(c2ccccc12)c1ccc(cc1)Oc1ccc(cc1)C(=O)c1cc(ccc1)C(=O)c1ccc(cc1)Oc1ccc(cc1)*)CCCCCCCCCCCC,tg,140.0,136.86370849609375
*c1c2C(=O)N(C(=O)c2c(c2ccccc12)c1ccc(cc1)Oc1ccc(cc1)C(=O)c1cc(ccc1)C(=O)c1ccc(cc1)Oc1ccc(cc1)*)c1ccc(cc1)F,tg,243.0,256.927978515625
*c1c2C(=O)N(C(=O)c2c(c2ccccc12)c1ccc(cc1)Oc1ccc(cc1)C(=O)c1ccc(cc1)Oc1ccc(cc1)*)C,tg,283.0,285.0974426269531
*c1c2C(=O)N(C(=O)c2c(c2ccccc12)c1ccc(cc1)Oc1ccc(cc1)C(=O)c1ccc(cc1)Oc1ccc(cc1)*)c1c(cccc1)C(F)(F)F,tg,260.0,265.3518981933594
*c1c2C(=O)N(C(=O)c2c(c2ccccc12)c1ccc(cc1)Oc1ccc(cc1)C(=O)c1ccc(cc1)Oc1ccc(cc1)*)c1c(cccc1)c1ccccc1,tg,245.0,255.23834228515625
*c1c2C(=O)N(C(=O)c2c(c2ccccc12)c1ccc(cc1)Oc1ccc(cc1)C(=O)c1ccc(cc1)Oc1ccc(cc1)*)c1cc(ccc1)C(F)(F)F,tg,252.0,256.8185119628906
*c1c2C(=O)N(C(=O)c2c(c2ccccc12)c1ccc(cc1)Oc1ccc(cc1)C(=O)c1ccc(cc1)Oc1ccc(cc1)*)c1ccc(cc1)C(F)(F)F,tg,260.0,266.90887451171875
*c1c2C(=O)N(C(=O)c2c(c2ccccc12)c1ccc(cc1)Oc1ccc(cc1)C(=O)c1ccc(cc1)Oc1ccc(cc1)*)c1ccc(cc1)Cl,tg,272.0,267.6160583496094
*c1c2C(=O)N(C(=O)c2c(c2ccccc12)c1ccc(cc1)Oc1ccc(cc1)C(=O)c1ccc(cc1)Oc1ccc(cc1)*)c1ccccc1,tg,273.5,268.2742004394531
*c1c2C(=O)N(C(=O)c2c(c2ccccc12)c1ccc(cc1)Oc1ccc(cc1)S(=O)(=O)c1ccc(cc1)Oc1ccc(cc1)*)CCCCCCCCCCCC,tg,167.0,208.80136108398438
*c1c2C(=O)N(C(=O)c2c(c2ccccc12)c1ccc(cc1)Oc1ccc(cc1)S(=O)(=O)c1ccc(cc1)Oc1ccc(cc1)*)c1c(cccc1)C(F)(F)F,tg,290.0,282.7401428222656
*c1c2C(=O)N(C(=O)c2c(c2ccccc12)c1ccc(cc1)Oc1ccc(cc1)S(=O)(=O)c1ccc(cc1)Oc1ccc(cc1)*)c1c(cccc1)c1ccccc1,tg,278.0,305.4493408203125
*c1c2C(=O)N(C(=O)c2c(c2ccccc12)c1ccc(cc1)Oc1ccc(cc1)S(=O)(=O)c1ccc(cc1)Oc1ccc(cc1)*)c1cc(ccc1)C(F)(F)F,tg,280.5,280.5587463378906
*c1c2C(=O)N(C(=O)c2c(c2ccccc12)c1ccc(cc1)Oc1ccc(cc1)S(=O)(=O)c1ccc(cc1)Oc1ccc(cc1)*)c1ccc(cc1)C(F)(F)F,tg,290.0,292.3281555175781
*c1c2C(=O)N(C(=O)c2c(c2ccccc12)c1ccc(cc1)Oc1ccc(cc1)S(=O)(=O)c1ccc(cc1)Oc1ccc(cc1)*)c1ccc(cc1)F,tg,300.0,291.4664306640625
*c1c2C(=O)N(C(=O)c2c(c2ccccc12)c1ccc(cc1)Oc1ccc(cc1)S(=O)(=O)c1ccc(cc1)Oc1ccc(cc1)*)c1ccccc1,tg,305.0,291.7663879394531
*c1c2c(C(=O)N(C2=O)N2C(=O)c3c(C2=O)cc(cc3)Sc2ccc(cc2)Sc2ccc(cc2)S*)ccc1,tg,242.0,154.38487243652344
*c1c2c(c(=O)n(n1)c1ccc(cc1)S(=O)(=O)c1ccc(cc1)*)cccc2,tg,422.0,271.4809265136719
*c1c2c(c(cc1)CC*)cccc2,tg,160.0,170.84852600097656
*c1c2c(c(nn1)c1ccc(cc1)Oc1ccc(cc1)C(=O)c1ccc(cc1)Oc1ccc(cc1)*)c(c(c(c2c1ccccc1)c1cc2c(cc1)cccc2)c1cc2c(cc1)cccc2)c1ccccc1,tg,305.67,312.6147766113281
*c1c2c(c(nn1)c1ccc(cc1)Oc1ccc(cc1)C(c1ccc(cc1)Oc1ccc(cc1)*)(C(F)(F)F)C(F)(F)F)c(c(c(c2c1ccc(cc1)F)c1ccc(cc1)F)c1ccc(cc1)F)c1ccc(cc1)F,tg,285.33,284.93096923828125
*c1c2c(c(nn1)c1ccc(cc1)Oc1ccc(cc1)C(c1ccc(cc1)Oc1ccc(cc1)*)(C(F)(F)F)C(F)(F)F)c(c(c(c2c1ccccc1)c1cc2c(cc1)cccc2)c1cc2c(cc1)cccc2)c1ccccc1,tg,286.0,280.4547119140625
*c1c2c(c(nn1)c1ccc(cc1)Oc1ccc(cc1)C(c1ccc(cc1)Oc1ccc(cc1)*)(C)C)c(c(c(c2c1ccc(cc1)F)c1ccc(cc1)F)c1ccc(cc1)F)c1ccc(cc1)F,tg,276.67,286.71075439453125
*c1c2c(c(nn1)c1ccc(cc1)Oc1ccc(cc1)C(c1ccc(cc1)Oc1ccc(cc1)*)(C)C)c(c(c(c2c1ccccc1)c1cc2c(cc1)cccc2)c1cc2c(cc1)cccc2)c1ccccc1,tg,286.0,291.59356689453125
*c1c2c(c(nn1)c1ccc(cc1)Oc1ccc(cc1)C1(c3ccccc3c3ccccc13)c1ccc(cc1)Oc1ccc(cc1)*)c(c(c(c2c1ccc(cc1)F)c1ccc(cc1)F)c1ccc(cc1)F)c1ccc(cc1)F,tg,311.33,311.9978332519531
*c1c2c(c(nn1)c1ccc(cc1)Oc1ccc(cc1)C1(c3ccccc3c3ccccc13)c1ccc(cc1)Oc1ccc(cc1)*)c(c(c(c2c1ccccc1)c1cc2c(cc1)cccc2)c1cc2c(cc1)cccc2)c1ccccc1,tg,327.33,335.89666748046875
*c1c2c(c(nn1)c1ccc(cc1)Oc1ccc(cc1)c1ccc(cc1)Oc1ccc(cc1)*)c(c(c(c2c1ccccc1)c1cc2c(cc1)cccc2)c1cc2c(cc1)cccc2)c1ccccc1,tg,326.33,316.9405822753906
*c1c2c(c(s1)c1sc(c(c1)CCCCCC)c1cc3n(c4c(c3cc1)ccc(c4)c1sc(cc1CCCCCC)*)CCCCCCCCCCCC)nc(c(n2)CC)CC,tg,89.0,139.28689575195312
*c1c2ccc(=O)cc2oc2cc(ccc12)OC(=O)c1c(cccc1)*,tg,250.0,291.85089111328125
*c1c2n(c3c(c2cc(c1)C(C)(C)C)cc(cc3C#C*)C(C)(C)C)CCCCCCCCCCCCCCCC,tg,80.0,79.40129852294922
*c1c2n(c3c(c2cc(c1)C(C)(C)C)cc(cc3C#CC#C*)C(C)(C)C)CCCCCCCCCCCCCCCC,tg,67.0,60.49106979370117
*c1cc(*)c(O)c(C=Nc2ccc(C(=O)O)cc2)c1,egc,2.8212,3.2291858196258545
*c1cc(*)c(O)c(C=Nc2ccc(Cl)cc2)c1,egc,2.9264,1.9030476808547974
*c1cc(*)c(O)c(C=O)c1,egc,3.2778,3.4053032398223877
*c1cc(*)cc(C23CC4CC(CC(C4)C2)C3)c1,egc,4.4178,4.603511810302734
*c1cc(-c2cc(CCCCCCCC)ccc2CCCCCCCC)c(*)s1,egc,1.6967,2.9745004177093506
*c1cc(-c2ccc(Br)cc2)c(*)s1,egc,2.7394,2.830293655395508
*c1cc(-c2ccc(F)cc2)c(*)s1,egc,2.6765,2.0194711685180664
*c1cc(-c2ccc(OCCCCCC)cc2)c(*)s1,egc,2.6448,2.681291341781616
*c1cc(-c2ccc(OCCCCCCCC)cc2)c(*)s1,egc,2.6404,2.6267967224121094
*c1cc(-c2ccccc2)c(*)s1,egc,2.7439,2.640460968017578
*c1cc(-c2nc3ccccc3o2)cc(-n2c(=O)c3cc4c(=O)n(*)c(=O)c4cc3c2=O)c1,egc,2.4745,3.082124710083008
*c1cc(-c2nc3ccccc3s2)cc(-n2c(=O)c3cc4c(=O)n(*)c(=O)c4cc3c2=O)c1,egc,2.4436,2.7656309604644775
*c1cc(-c2sc(-c3cc(C)c(*)s3)cc2C)c2cccccc1-2,egb,1.3327,1.2908426523208618
*c1cc(-c2sc(-c3cc(C)c(*)s3)cc2C)c2cccccc1-2,egc,1.8668,1.7784062623977661
*c1cc(-n2c(=O)c3cc4c(=O)n(*)c(=O)c4cc3c2=O)c(O)cc1O,egc,2.8367,2.6764585971832275
*c1cc(-n2c(=O)c3cc4c(=O)n(-c5ccc(-c6nnc(*)n6N)cc5)c(=O)c4cc3c2=O)c(-c2c(Cl)cccc2Cl)s1,egc,2.1911,2.906810998916626
*c1cc(Br)c(Oc2c(Br)cc(N3C(=O)c4ccc(-c5ccc6c(c5)C(=O)N(*)C6=O)cc4C3=O)cc2Br)c(Br)c1,egc,2.9494,3.020921230316162
*c1cc(C#N)c(*)s1,egb,1.0894,1.1119868755340576
*c1cc(C#N)c(*)s1,egc,1.691,1.9531795978546143
*c1cc(C(=O)OCC(F)(F)C(F)(F)C(F)(F)F)c(*)s1,egc,2.8607,3.445081949234009
*c1cc(C(=O)OCCCCCC)c(*)s1,egc,2.8903,2.523653507232666
*c1cc(C(=O)Oc2cccc3cccnc23)c(*)s1,egc,2.8057,2.2293365001678467
*c1cc(C(C(=O)OC)C(=O)OC)c(*)s1,egc,2.7717,3.318619966506958
*c1cc(C(F)(F)C(F)(F)C(F)(F)F)c(*)s1,egc,2.8054,3.049988031387329
*c1cc(C)c(*)cn1,egc,5.1074,4.408200740814209
*c1cc(C)c(*)s1,egc,1.9299,2.9185588359832764
*c1cc(C)c(-c2c(C)cc(N3C(=O)c4ccc(-c5ccc6c(c5)C(=O)N(*)C6=O)cc4C3=O)cc2C)c(C)c1,egc,3.1002,2.692695379257202
*c1cc(C=NC(=S)Nc2ccc(-n3c(=O)c4cc5c(=O)n(*)c(=O)c5cc4c3=O)cc2)ccc1Cl,egc,2.0293,2.694382429122925
*c1cc(C=Nc2ccc(C)cc2)c(*)c(OC)c1,egc,3.3765,3.631828546524048
*c1cc(C=O)cc(*)c1O,egc,4.1592,3.7144558429718018
*c1cc(CC(=O)Cl)c(*)s1,egc,2.8053,2.7629661560058594
*c1cc(CC(=O)OCCCCCCCC)c(*)[nH]1,egc,3.192,3.2423250675201416
*c1cc(CC(=O)OCCCCCCOc2ccc(N=Nc3ccc(C#N)cc3)cc2)c(*)s1,egc,2.6018,2.557234287261963
*c1cc(CC(=O)OCCN(CC)c2ccc(N=Nc3ccc([N+](=O)[O-])cc3)cc2)c(*)s1,egc,2.2179,1.7395704984664917
*c1cc(CC)c(*)s1,egc,2.3523,2.36922025680542
*c1cc(CCCC(F)(F)C(F)(F)C(F)(F)C(F)(F)F)c(*)s1,egc,2.4769,2.8738367557525635
*c1cc(CCCC)c(*)s1,egc,2.5394,2.3745319843292236
*c1cc(CCCCC)c(*)s1,egc,2.495,2.4329473972320557
*c1cc(CCCCCC)c(*)[nH]1,egc,2.8742,2.990476369857788
*c1cc(CCCCCC)c(*)s1,egc,2.5608,2.563124418258667
*c1cc(CCCCCCBr)c(*)s1,egc,2.553,2.5892422199249268
*c1cc(CCCCCCCC)c(*)s1,egc,2.5682,2.8409197330474854
*c1cc(CCCCCCCCCC(O)CO)c(*)s1,egc,2.497,2.8335981369018555
*c1cc(CCCCCCCCCC)c(*)[nH]1,egc,2.8756,2.859147787094116
*c1cc(CCCCCCCCCC2COC(=O)O2)c(*)s1,egc,2.5293,3.0777530670166016
*c1cc(CCCCCCCCCC2COC(C)(C)O2)c(*)s1,egc,2.9938,2.505074977874756
*c1cc(CCCCCCCCCC2COC(c3ccccc3)O2)c(*)s1,egc,3.048,2.7863500118255615
*c1cc(CCCCCCCCCCCC)c(*)s1,egc,2.7478,2.6340785026550293
*c1cc(CCCCCCCCCCCC)c(-c2sc(*)c3c2OCCO3)s1,egc,2.3785,2.1470303535461426
*c1cc(CCCCCCCCCCCCCCCC)c(*)[nH]1,egc,3.0442,2.9158358573913574
*c1cc(CCCCCCCCCCCCCCCCCCCCCC)c(*)s1,egc,2.9666,2.5162792205810547
*c1cc(CCCCCCOC(=O)COc2ccccc2)c(*)s1,egc,2.6531,3.3125228881835938
*c1cc(CCN(CC)c2ccc(N=Nc3ccc(C=C(C#N)C#N)cc3)cc2)c(*)s1,egc,1.3795,1.3825855255126953
*c1cc(CCOC(=O)C(C)Br)c(*)s1,egc,2.3659,2.672999382019043
*c1cc(CCOCCOC)c(*)[nH]1,egc,2.8631,2.8029494285583496
*c1cc(CCOc2ccc(N=Nc3ccc(C#N)cc3)cc2)c(*)s1,egc,2.0292,2.1307826042175293
*c1cc(CCS(=O)(=O)O)c(*)s1,egc,2.5623,2.325259208679199
*c1cc(COCCCCCCCCCCCCOc2ccc(-c3ccc(OC)cc3)cc2)c(*)s1,egc,2.5163,2.808891534805298
*c1cc(COCCCCCCCCOc2ccc(-c3ccc(C#N)cc3)cc2)c(*)s1,egc,2.9654,2.478266716003418
*c1cc(COCCOCCOC)c(-c2cc(CCCCCCCCCCCC)c(*)s2)s1,egc,1.7176,2.858602285385132
*c1cc(N=Nc2ccc(C#N)cc2)cc(*)c1O,egc,2.4223,2.7069168090820312
*c1cc(N=Nc2ccc(C(=O)O)cc2)cc(*)c1O,egc,2.9911,2.9641807079315186
*c1cc(N=Nc2ccc(S(=O)(=O)O)cc2)cc(*)c1O,egc,3.0327,3.043118476867676
*c1cc(OCC(=O)C23CC4CC(CC(C4)C2)C3)c(*)cc1OC,egc,4.0135,4.11206579208374
*c1cc(OCCOC)c(*)s1,egc,1.6015,2.912590980529785
*c1cc(OCCOCCCC)c(*)s1,egc,2.819,1.577895998954773
*c1cc(OCCOCCOC)c(-c2sc(*)c3c2OCCO3)s1,egc,2.2046,1.118435025215149
*c1cc(SC)c(*)s1,egc,1.5945,1.8371714353561401
*c1cc(SCCCCCC)c(*)s1,egc,1.6201,1.7190316915512085
*c1cc(SCCCCCCCCCCCC)c(*)s1,egc,1.5021,1.607545256614685
*c1cc(cc(c1)c1oc2c(n1)cccc2)*,tg,250.0,234.28518676757812
*c1cc(ccc1)*,tg,104.93,164.99261474609375
*c1cc(nc2c1cccc2)c1cc(ccc1)c1nc2c(c(c1)c1ccc(cc1)Oc1ccc(cc1)*)cccc2,tg,268.0,276.6390380859375
*c1cc2C(c3c(c2cc1)ccc(c3)*)(CC(CCCC)CC)CC(CCCC)CC,tg,27.64,101.16667938232422
*c1cc2C(c3c(c2cc1)ccc(c3)*)(CCCCCCCC)CCCCCCCC,tg,57.66,53.70649337768555
*c1cc2C(c3c(c2cc1)ccc(c3)C=Cc1cc2C(c3c(c2cc1)ccc(c3)C=C*)(CCCCCCOc1ccc2c(c1)oc(=O)cc2)CCCCCCOc1ccc2c(c1)oc(=O)cc2)(CCCCCC)CCCCCC,tg,115.0,100.752197265625
*c1cc2C(c3c(c2cc1)ccc(c3)C=Cc1ccc(cc1)C=C*)(CCCCCCOc1ccc2c(c1)oc(=O)cc2)CCCCCCOc1ccc2c(c1)oc(=O)cc2,tg,104.0,134.92698669433594
*c1cc2C(c3c(c2cc1)ccc(c3)c1c(cc(c(c1)CCCCCCCC)*)CCCCCCCC)(CCCCCC)CCCCCC,tg,74.5,48.659141540527344
*c1cc2C(c3c(c2cc1)ccc(c3)c1c(cc(c(c1)F)*)F)(CCCCCCCC)CCCCCCCC,tg,34.0,32.73599624633789
*c1cc2C(c3c(c2cc1)ccc(c3)c1c(cc(c(c1)OCCCCCCCC)*)OCCCCCCCC)(CCCCCC)CCCCCC,tg,58.0,75.89669036865234
*c1cc2C(c3c(c2cc1)ccc(c3)c1c(cc(c(c1)OCc1ccccc1)*)OCc1ccccc1)(CCCCCC)CCCCCC,tg,73.0,89.23916625976562
*c1cc2C(c3c(c2cc1)ccc(c3)c1c(cc(cc1)*)F)(CCCCCCCC)CCCCCCCC,tg,34.0,58.403873443603516
*c1cc2C(c3c(c2cc1)ccc(c3)c1cc2C(c3c(c2cc1)ccc(c3)*)(c1ccc(cc1)c1oc(nn1)c1ccc(cc1)C(C)(C)C)c1ccc(cc1)c1oc(nn1)c1ccc(cc1)C(C)(C)C)(CCCCCCCC)CCCCCCCC,tg,213.0,136.7489776611328
*c1cc2C(c3c(c2cc1)ccc(c3)c1ccc(cc1)*)(CCCCCC)CCCCCC,tg,105.87,99.38086700439453
*c1cc2C(c3c(c2cc1)ccc(c3)c1ccc(cc1)*)(CCCCCCBr)CCCCCCBr,tg,117.2,103.58101654052734
*c1cc2C(c3c(c2cc1)ccc(c3)c1ccc(cc1)*)(CCCCCCC#N)CCCCCCC#N,tg,90.0,83.52718353271484
*c1cc2C(c3c(c2cc1)ccc(c3)c1ccc(cc1)*)(CCCCCCCC)CCCCCCCC,tg,81.0,79.54737091064453
*c1cc2C3(CC(CC(C3)(C)C)(C)C)c3c(c2cc1)ccc(c3)c1cc2C(c3c(c2cc1)ccc(c3)*)(CCCCCCCC)CCCCCCCC,tg,132.0,144.0591278076172
*c1cc2C3(CCC(CC3)(C3=NC(CO3)Cc3ccccc3)C3=NC(CO3)Cc3ccccc3)c3c(c2cc1)ccc(c3)c1cc2C(c3c(c2cc1)ccc(c3)*)(CCCCCC)CCCCCC,tg,142.0,143.9271240234375
*c1cc2C3(CCC(CC3)C(C)(C)C)c3c(c2cc1)ccc(c3)c1cc2C(c3c(c2cc1)ccc(c3)*)(CCCCCCCC)CCCCCCCC,tg,166.0,134.9950714111328
*c1cc2Oc3c(C(c2cc1)(C)C)ccc(c3)OC(=O)c1cc2c(C(CC2(c2ccc(cc2)C(=O)O*)C)(C)C)cc1,tg,297.0,242.67697143554688
*c1cc2Oc3c(C4(c2cc1)c1ccccc1c1ccccc41)ccc(c3)OC(=O)O*,tg,295.0,271.1083068847656
*c1cc2Sc3c(Sc2cc1)cc(cc3)S*,tg,209.9,191.63784790039062
*c1cc2Sc3c(Sc2cc1)cc(cc3)Sc1ccc(cc1)Sc1ccc(cc1)S*,tg,151.2,146.94476318359375
*c1cc2c(C(=O)N(C2=O)C2C(=O)N(C(=O)C2)c2c(ccc(c2)C)NC(=O)*)cc1,tg,237.0,158.76206970214844
*c1cc2c(C(=O)N(C2=O)C2C(=O)N(C(=O)C2)c2c3c(ccc2)cccc3NC(=O)*)cc1,tg,193.0,188.9622802734375
*c1cc2c(C(=O)N(C2=O)C2C(=O)N(C(=O)C2)c2ccc(cc2)Cc2ccc(cc2)NC(=O)*)cc1,tg,123.0,151.03298950195312
*c1cc2c(C(=O)N(C2=O)C2C(=O)N(C(=O)C2)c2ccc(cc2)NC(=O)*)cc1,tg,120.0,182.56951904296875
*c1cc2c(C(=O)N(C2=O)C2C(=O)N(C(=O)C2)c2ccc(cc2)S(=O)(=O)c2ccc(cc2)NC(=O)*)cc1,tg,145.0,215.016357421875
*c1cc2c(C(=O)N(C2=O)C2C(=O)N(C(=O)C2)c2ccc(cc2)c2ccc(cc2)NC(=O)*)cc1,tg,219.0,149.36891174316406
*c1cc2c(C(=O)N(C2=O)C2C(CC(CC2)CC2CC(C(CC2)N2C(=O)c3c(C2=O)cc(cc3)C(=O)*)C)C)cc1,tg,240.0,255.50047302246094
*c1cc2c(C(=O)N(C2=O)C2CC(CC(C2)(CN2C(=O)c3c(C2=O)cc(cc3)C(*)(C(F)(F)F)C(F)(F)F)C)(C)C)cc1,tg,278.0,246.1590576171875
*c1cc2c(C(=O)N(C2=O)C2CC(CC(C2)(CN2C(=O)c3c(C2=O)cc(cc3)C(=O)*)C)(C)C)cc1,tg,275.0,285.9373779296875
*c1cc2c(C(=O)N(C2=O)C2CCC(CC2)CC2CCC(CC2)N2C(=O)c3c(C2=O)cc(cc3)C(=O)*)cc1,tg,254.0,250.9432373046875
*c1cc2c(C(=O)N(C2=O)C2CCC(CC2)N2C(=O)c3c(C2=O)cc(cc3)C(=O)Oc2ccc(cc2)OC(=O)*)cc1,tg,360.0,200.18605041503906
*c1cc2c(C(=O)N(C2=O)c2c(c(cc(c2)C(F)(F)F)N2C(=O)c3c(C2=O)cc(cc3)C(=O)Nc2c(c(cc(c2)C(F)(F)F)NC(=O)*)Oc2ccc(cc2)C(F)(F)F)Oc2ccc(cc2)C(F)(F)F)cc1,tg,315.0,301.09857177734375
*c1cc2c(C(=O)N(C2=O)c2c(c(cc(c2)C(F)(F)F)N2C(=O)c3c(C2=O)cc(cc3)C(=O)Nc2cc(c(cc2)Oc2c(cc(cc2)NC(=O)*)c2ccccc2)c2ccccc2)Oc2ccc(cc2)C(F)(F)F)cc1,tg,312.0,304.18115234375
*c1cc2c(C(=O)N(C2=O)c2c(c(cc(c2)C(F)(F)F)N2C(=O)c3c(C2=O)cc(cc3)C(=O)Nc2ccc(cc2)Oc2c(c3c(cc2)cccc3)c2c3c(ccc2Oc2ccc(cc2)NC(=O)*)cccc3)Oc2ccc(cc2)C(F)(F)F)cc1,tg,324.0,313.6161804199219
*c1cc2c(C(=O)N(C2=O)c2c(c(ccc2)C(=O)Nc2ccc(cc2)C(c2ccc(cc2)NC(=O)c2c(c(ccc2)N2C(=O)c3c(C2=O)cc(cc3)C(*)(C(F)(F)F)C(F)(F)F)C)(C(F)(F)F)C(F)(F)F)C)cc1,tg,250.0,313.4250183105469
*c1cc2c(C(=O)N(C2=O)c2c(c(ccc2)N2C(=O)c3c(C2=O)cc(cc3)C(*)(C(F)(F)F)C(F)(F)F)C)cc1,tg,353.5,291.7289123535156
*c1cc2c(C(=O)N(C2=O)c2c(cc(c(c2)Cl)N2C(=O)c3c(C2=O)cc(c(c3)Cl)C(=O)*)Cl)cc1Cl,tg,367.0,327.8038635253906
*c1cc2c(C(=O)N(C2=O)c2c(cc(c(c2)N2C(=O)c3c(C2=O)cc(cc3)C(*)(C(F)(F)F)C(F)(F)F)O)O)cc1,tg,324.0,306.520263671875
*c1cc2c(C(=O)N(C2=O)c2c(cc(c(c2)N2C(=O)c3c(C2=O)cc(cc3)C(=O)*)O)O)cc1,tg,324.0,294.993896484375
*c1cc2c(C(=O)N(C2=O)c2c(cc(c(c2C)C(=O)c2cc(ccc2)N2C(=O)c3c(C2=O)cc(cc3)C(*)(C(F)(F)F)C(F)(F)F)C)C)cc1,tg,280.0,285.37982177734375
*c1cc2c(C(=O)N(C2=O)c2c(cc(c(c2C)C(=O)c2cc(ccc2)N2C(=O)c3c(C2=O)cc(cc3)C(=O)*)C)C)cc1,tg,300.0,308.81494140625
*c1cc2c(C(=O)N(C2=O)c2c(cc(c(c2C)N2C(=O)c3c(C2=O)cc(cc3)C(*)(C(F)(F)F)C(F)(F)F)C)C)cc1,tg,366.25,351.21112060546875
*c1cc2c(C(=O)N(C2=O)c2c(cc(c(c2C)N2C(=O)c3c(C2=O)cc(cc3)C(=O)*)C)C)cc1,tg,401.33,369.80615234375
*c1cc2c(C(=O)N(C2=O)c2c(cc(c(c2C)N2C(=O)c3c(C2=O)cc(cc3)C(=O)Nc2cc(c(cc2)c2c(cc(cc2)NC(=O)*)C(F)(F)F)C(F)(F)F)C)C)cc1,tg,267.0,297.18402099609375
*c1cc2c(C(=O)N(C2=O)c2c(cc(c(c2C)N2C(=O)c3c(C2=O)cc(cc3)C(=O)Nc2cc(c(cc2)c2c(cc(cc2)NC(=O)*)C)C)C)C)cc1,tg,259.0,303.9373779296875
*c1cc2c(C(=O)N(C2=O)c2c(cc(c(c2C)N2C(=O)c3c(C2=O)cc(cc3)C(=O)Nc2ccc(cc2)C(c2ccc(cc2)NC(=O)*)(C(F)(F)F)C(F)(F)F)C)C)cc1,tg,250.0,302.5538024902344
*c1cc2c(C(=O)N(C2=O)c2c(cc(c(c2C)N2C(=O)c3c(C2=O)cc(cc3)C(=O)Nc2ccc(cc2)NC(=O)*)C)C)cc1,tg,327.0,359.8675537109375
*c1cc2c(C(=O)N(C2=O)c2c(cc(cc2)C(c2cc(c(cc2)C)N2C(=O)c3c(C2=O)cc(cc3)C(*)(C(F)(F)F)C(F)(F)F)(C(F)(F)F)C(F)(F)F)C)cc1,tg,266.0,301.54815673828125
*c1cc2c(C(=O)N(C2=O)c2c(cc(cc2)C(c2cc(c(cc2)N2C(=O)c3c(C2=O)cc(cc3)C(*)(C(F)(F)F)C(F)(F)F)O)(C(F)(F)F)C(F)(F)F)O)cc1,tg,303.0,316.53167724609375
*c1cc2c(C(=O)N(C2=O)c2c(cc(cc2)C2(c3ccccc3c3ccccc23)c2cc(c(cc2)N2C(=O)c3c(C2=O)cc(cc3)C(*)(C(F)(F)F)C(F)(F)F)F)F)cc1,tg,352.0,284.4476013183594
*c1cc2c(C(=O)N(C2=O)c2c(cc(cc2)Cc2cc(c(cc2)N2C(=O)c3c(C2=O)cc(cc3)C(*)(C(F)(F)F)C(F)(F)F)C(C)(C)C)C(C)(C)C)cc1,tg,274.0,310.0450744628906
*c1cc2c(C(=O)N(C2=O)c2c(cc(cc2)c2cc(c(cc2)N2C(=O)c3c(C2=O)cc(cc3)C(*)(C(F)(F)F)C(F)(F)F)C)C)cc1,tg,352.0,351.9314880371094
*c1cc2c(C(=O)N(C2=O)c2c(cc(cc2)c2cc(c(cc2)N2C(=O)c3c(C2=O)cc(cc3)C(*)(C(F)(F)F)C(F)(F)F)O)O)cc1,tg,360.0,354.8828125
*c1cc2c(C(=O)N(C2=O)c2c(cc(cc2)c2cc(c(cc2)N2C(=O)c3c(C2=O)cc(cc3)C(*)(C(F)(F)F)C(F)(F)F)OC(=O)C=Cc2ccccc2)OC(=O)C=Cc2ccccc2)cc1,tg,181.0,318.5990905761719
*c1cc2c(C(=O)N(C2=O)c2c(cc(cc2)c2cc(c(cc2)N2C(=O)c3c(C2=O)cc(cc3)C(*)(C(F)(F)F)C(F)(F)F)OCCCCCCOc2ccc(cc2)/C=C/c2ccc(cc2)F)OCCCCCCOc2ccc(cc2)/C=C/c2ccc(cc2)F)cc1,tg,140.0,130.4842987060547
*c1cc2c(C(=O)N(C2=O)c2c(cc(cc2)c2cc(c(cc2)N2C(=O)c3c(C2=O)cc(cc3)C(*)(C(F)(F)F)C(F)(F)F)OCCN(c2ccc(cc2)C(=C(C#N)C#N)C#N)CC)OCCN(c2ccc(cc2)C(=C(C#N)C#N)C#N)CC)cc1,tg,222.0,177.68971252441406
*c1cc2c(C(=O)N(C2=O)c2c(cc(cc2)c2cc(c(cc2)N2C(=O)c3c(C2=O)cc(cc3)C(=O)*)C)C)cc1,tg,365.0,308.8407287597656
*c1cc2c(C(=O)N(C2=O)c2c(cc(cc2)c2cc(c(cc2)N2C(=O)c3c(C2=O)cc(cc3)C(=O)*)OCCCCCCOc2ccc(cc2)/C=C/c2ccc(cc2)F)OCCCCCCOc2ccc(cc2)/C=C/c2ccc(cc2)F)cc1,tg,128.0,149.22930908203125
*c1cc2c(C(=O)N(C2=O)c2c(cc(cc2)c2cc(c(cc2)N2C(=O)c3c(C2=O)cc(cc3)C(=O)Nc2ccc(cc2)C(c2ccc(cc2)NC(=O)*)(C(F)(F)F)C(F)(F)F)OC)OC)cc1,tg,250.0,308.9771728515625
*c1cc2c(C(=O)N(C2=O)c2c(cc(cc2C(C)C)C(c2cc(c(c(c2)C(C)C)N2C(=O)c3c(C2=O)cc(cc3)C(*)(C(F)(F)F)C(F)(F)F)C(C)C)(c2ccccc2)C(F)(F)F)C(C)C)cc1,tg,274.0,292.0720520019531
*c1cc2c(C(=O)N(C2=O)c2c(cc(cc2C(C)C)Cc2cc(c(c(c2)C(C)C)N2C(=O)c3c(C2=O)cc(cc3)C(*)(C(F)(F)F)C(F)(F)F)C(C)C)C(C)C)cc1,tg,278.5,259.8287353515625
*c1cc2c(C(=O)N(C2=O)c2c(cc(cc2C)C(c2cc(c(c(c2)C(C)C)N2C(=O)c3c(C2=O)cc(cc3)C(*)(C(F)(F)F)C(F)(F)F)C)(c2ccccc2)C(F)(F)F)C(C)C)cc1,tg,289.0,278.65435791015625
*c1cc2c(C(=O)N(C2=O)c2c(cc(cc2C)C(c2cc(c(c(c2)C)N2C(=O)c3c(C2=O)cc(cc3)C(*)(C(F)(F)F)C(F)(F)F)C)c2cc(ccc2)C(F)(F)F)C)cc1,tg,286.1,277.99774169921875
*c1cc2c(C(=O)N(C2=O)c2c(cc(cc2C)C(c2cc(c(c(c2)C)N2C(=O)c3c(C2=O)cc(cc3)C(=O)*)C)c2c3c(ccc2)cccc3)C)cc1,tg,303.0,320.0858154296875
*c1cc2c(C(=O)N(C2=O)c2c(cc(cc2C)C(c2cc(c(c(c2)C)N2C(=O)c3c(C2=O)cc(cc3)C(=O)*)C)c2cc(cc(c2)C(F)(F)F)C(F)(F)F)C)cc1,tg,301.1,286.7131042480469
*c1cc2c(C(=O)N(C2=O)c2c(cc(cc2C)C(c2cc(c(c(c2)C)N2C(=O)c3c(C2=O)cc(cc3)C(=O)*)C)c2cc(ccc2)C(F)(F)F)C)cc1,tg,285.0,296.2911682128906
*c1cc2c(C(=O)N(C2=O)c2c(cc(cc2C)C2(c3ccccc3c3ccccc23)c2cc(c(c(c2)C(C)C)N2C(=O)c3c(C2=O)cc(cc3)C(*)(C(F)(F)F)C(F)(F)F)C)C(C)C)cc1,tg,335.0,295.5107727050781
*c1cc2c(C(=O)N(C2=O)c2c(cc(cc2C)C2(c3ccccc3c3ccccc23)c2cc(c(c(c2)C)N2C(=O)c3c(C2=O)cc(cc3)C(*)(C(F)(F)F)C(F)(F)F)C)C)cc1,tg,361.0,342.5758056640625
*c1cc2c(C(=O)N(C2=O)c2c(cc(cc2C)Cc2cc(c(c(c2)C(C)C)N2C(=O)c3c(C2=O)cc(cc3)C(*)(C(F)(F)F)C(F)(F)F)C)C(C)C)cc1,tg,276.0,297.02392578125
*c1cc2c(C(=O)N(C2=O)c2c(cc(cc2C)Cc2cc(c(c(c2)C)N2C(=O)c3c(C2=O)cc(cc3)C(*)(C(F)(F)F)C(F)(F)F)C)C)cc1,tg,307.5,308.50726318359375
*c1cc2c(C(=O)N(C2=O)c2c(cc(cc2C)Cc2cc(c(c(c2)C)N2C(=O)c3c(C2=O)cc(cc3)C(=O)*)C)C)cc1,tg,331.0,331.2933654785156
*c1cc2c(C(=O)N(C2=O)c2c(cc(cc2C)Cc2cc(c(c(c2)C)N2C(=O)c3c(C2=O)cc(cc3)C(=O)OCCN(CCOC(=O)*)c2ccc(cc2)N=Nc2ccc(cc2)[N+](=O)[O-])C)C)cc1,tg,179.0,187.70021057128906
*c1cc2c(C(=O)N(C2=O)c2c(cc(cc2C)Cc2cc(c(c(c2)C)N2C(=O)c3c(C2=O)cc(cc3)C(=O)OCCN(CCOC(=O)*)c2ccccc2)C)C)cc1,tg,177.0,171.67755126953125
*c1cc2c(C(=O)N(C2=O)c2c(cc(cc2C)c2c(cc(c(c2)C)c2cc(c(c(c2)C)N2C(=O)c3c(C2=O)cc(cc3)C(*)(C(F)(F)F)C(F)(F)F)C)C)C)cc1,tg,361.0,329.8460388183594
*c1cc2c(C(=O)N(C2=O)c2c(cc(cc2C)c2cc(c(c(c2)C)N2C(=O)c3c(C2=O)cc(cc3)C(=O)Oc2c(cc(cc2C)C(c2cc(c(c(c2)C)OC(=O)*)C)(C(F)(F)F)C(F)(F)F)C)C)C)cc1,tg,327.0,325.5281677246094
*c1cc2c(C(=O)N(C2=O)c2c(cc(cc2C)c2cc(c(c(c2)C)N2C(=O)c3c(C2=O)cc(cc3)C(=O)Oc2ccc(cc2)C(c2ccc(cc2)OC(=O)*)(C(F)(F)F)C(F)(F)F)C)C)cc1,tg,335.0,278.39288330078125
*c1cc2c(C(=O)N(C2=O)c2c(cc(cc2CC)Cc2cc(c(c(c2)CC)N2C(=O)c3c(C2=O)cc(cc3)C(*)(C(F)(F)F)C(F)(F)F)CC)CC)cc1,tg,266.0,303.45501708984375
*c1cc2c(C(=O)N(C2=O)c2c(cc(cc2c2ccccc2)c2ccc(cc2)c2cc(c(c(c2)c2ccccc2)N2C(=O)c3c(C2=O)cc(cc3)C(=O)*)c2ccccc2)c2ccccc2)cc1,tg,265.0,302.3978271484375
*c1cc2c(C(=O)N(C2=O)c2c(ccc(c2)C(=O)Nc2c3c(ccc2)c(ccc3)NC(=O)c2cc(c(cc2)C)N2C(=O)c3c(C2=O)cc(cc3)C(*)(C(F)(F)F)C(F)(F)F)C)cc1,tg,250.0,300.7345886230469
*c1cc2c(C(=O)N(C2=O)c2c(ccc(c2)C(=O)Oc2ccc(cc2)C(c2ccc(cc2)OC(=O)c2cc(c(cc2)C)N2C(=O)c3c(C2=O)cc(cc3)C(*)(C(F)(F)F)C(F)(F)F)(C(F)(F)F)C(F)(F)F)C)cc1,tg,289.0,212.002197265625
*c1cc2c(C(=O)N(C2=O)c2c(ccc(c2)C(c2cc(c(cc2)O)N2C(=O)c3c(C2=O)cc(cc3)C(*)(C(F)(F)F)C(F)(F)F)(C(F)(F)F)C(F)(F)F)O)cc1,tg,310.33,324.28912353515625
*c1cc2c(C(=O)N(C2=O)c2c(ccc(c2)C(c2cc(c(cc2)O)N2C(=O)c3c(C2=O)cc(cc3)C(=O)*)(C(F)(F)F)C(F)(F)F)O)cc1,tg,315.0,296.2225341796875
*c1cc2c(C(=O)N(C2=O)c2c(ccc(c2)C(c2cc(c(cc2)OC(=O)C)N2C(=O)c3c(C2=O)cc(cc3)C(*)(C(F)(F)F)C(F)(F)F)(C(F)(F)F)C(F)(F)F)OC(=O)C)cc1,tg,266.5,251.9479522705078
*c1cc2c(C(=O)N(C2=O)c2c(ccc(c2)C(c2cc(c(cc2)OC(=O)C23CC4CC(CC(C2)C4)C3)N2C(=O)c3c(C2=O)cc(cc3)C(*)(C(F)(F)F)C(F)(F)F)(C(F)(F)F)C(F)(F)F)OC(=O)C23CC4CC(CC(C2)C4)C3)cc1,tg,305.0,286.3634033203125
*c1cc2c(C(=O)N(C2=O)c2c(ccc(c2)C(c2cc(c(cc2)OCCN(c2ccc(cc2)N=Nc2ccc(cc2)[N+](=O)[O-])CC)N2C(=O)c3c(C2=O)cc(cc3)C(*)(C(F)(F)F)C(F)(F)F)(C(F)(F)F)C(F)(F)F)OCCN(c2ccc(cc2)N=Nc2ccc(cc2)[N+](=O)[O-])CC)cc1,tg,199.0,210.19931030273438
*c1cc2c(C(=O)N(C2=O)c2c(ccc(c2)N2C(=O)c3c(C2=O)cc(cc3)C(*)(C(F)(F)F)C(F)(F)F)C)cc1,tg,307.0,330.3072204589844
*c1cc2c(C(=O)N(C2=O)c2c(ccc(c2)N2C(=O)c3c(C2=O)cc(cc3)C(*)(C(F)(F)F)C(F)(F)F)OCCCCCCOc2ccc(cc2)N=Nc2ccc(cc2)OCC)cc1,tg,198.0,201.2802276611328
*c1cc2c(C(=O)N(C2=O)c2c(ccc(c2)N2C(=O)c3c(C2=O)cc(cc3)C(*)(C(F)(F)F)C(F)(F)F)OCCCCCCOc2ccc(cc2)c2ccc(cc2)OCC)cc1,tg,150.3,214.20242309570312
*c1cc2c(C(=O)N(C2=O)c2c(ccc(c2)N2C(=O)c3c(C2=O)cc(cc3)C(=O)*)C)cc1,tg,313.5,323.99053955078125
*c1cc2c(C(=O)N(C2=O)c2c(ccc(c2)N2C(=O)c3c(C2=O)cc(cc3)C(=O)*)CP(=O)(OCCCl)OCCCl)cc1,tg,261.0,166.49563598632812
*c1cc2c(C(=O)N(C2=O)c2c(ccc(c2)N2C(=O)c3c(C2=O)cc(cc3)C(=O)*)Oc2ccc(cc2)S(=O)(=O)c2ccc(cc2)C)cc1,tg,293.0,258.96795654296875
*c1cc2c(C(=O)N(C2=O)c2c(ccc(c2)N2C(=O)c3c(C2=O)cc(cc3)C(=O)Nc2c(cc(cc2C)Cc2cc(c(c(c2)C)NC(=O)*)C)C)N=Nc2ccc(cc2)OC(F)(F)F)cc1,tg,278.0,289.9635925292969
*c1cc2c(C(=O)N(C2=O)c2c(ccc(c2)N2C(=O)c3c(C2=O)cc(cc3)C(=O)Nc2c(cc(cc2C)Cc2cc(c(c(c2)C)NC(=O)*)C)C)N=Nc2ccc(cc2)[N+](=O)[O-])cc1,tg,280.0,270.43450927734375
*c1cc2c(C(=O)N(C2=O)c2c(ccc(c2)N2C(=O)c3c(C2=O)cc(cc3)C(=O)Nc2c(cc(cc2CC)Cc2cc(c(c(c2)CC)NC(=O)*)CC)CC)N=Nc2ccc(cc2)C)cc1,tg,269.0,201.00540161132812
*c1cc2c(C(=O)N(C2=O)c2c(ccc(c2)N2C(=O)c3c(C2=O)cc(cc3)C(=O)Nc2ccc(cc2)Oc2ccc(cc2)C2(c3c(C(=O)N2)cccc3)c2ccc(cc2)Oc2ccc(cc2)NC(=O)*)C)cc1,tg,315.0,296.8162841796875
*c1cc2c(C(=O)N(C2=O)c2c(ccc(c2)N2C(=O)c3c(C2=O)cc(cc3)C(=O)OCCN(CCOC(=O)*)c2ccc(cc2)N=Nc2ccc(cc2)C(=C(C#N)C#N)C#N)N=Nc2ccc(cc2)C(=C(C#N)C#N)C#N)cc1,tg,121.0,203.7213897705078
*c1cc2c(C(=O)N(C2=O)c2c(ccc(c2)N2C(=O)c3c(C2=O)cc(cc3)C(=O)OCCN(CCOC(=O)*)c2ccccc2)N=Nc2ccccc2)cc1,tg,156.0,145.1809844970703
*c1cc2c(C(=O)N(C2=O)c2c(ccc(c2)N2C(=O)c3c(C2=O)cc(cc3)C(=O)Oc2ccc(cc2)C(c2ccc(cc2)OC(=O)*)(C)C)O)cc1,tg,225.0,252.0669708251953
*c1cc2c(C(=O)N(C2=O)c2c(ccc(c2)NC(=O)OCCN(CCOC(=O)Nc2c(ccc(c2)N2C(=O)c3c(C2=O)cc(cc3)C(*)(C(F)(F)F)C(F)(F)F)C)c2ccc(cc2)N=Nc2ccc(cc2)[N+](=O)[O-])C)cc1,tg,196.0,214.9167022705078
*c1cc2c(C(=O)N(C2=O)c2c(ccc(c2)c2cc(c(cc2)O)N2C(=O)c3c(C2=O)cc(cc3)C(*)(C(F)(F)F)C(F)(F)F)O)cc1,tg,350.0,354.55682373046875
*c1cc2c(C(=O)N(C2=O)c2c(cccc2)C(=O)c2c(cccc2)N2C(=O)c3c(C2=O)cc(cc3)C(=O)*)cc1,tg,289.0,269.0768737792969
*c1cc2c(C(=O)N(C2=O)c2c(cccc2)C(=O)c2cc(ccc2)N2C(=O)c3c(C2=O)cc(cc3)C(=O)*)cc1,tg,258.33,268.3305358886719
*c1cc2c(C(=O)N(C2=O)c2c(cccc2)C(=O)c2ccc(cc2)N2C(=O)c3c(C2=O)cc(cc3)C(=O)*)cc1,tg,286.0,267.93902587890625
*c1cc2c(C(=O)N(C2=O)c2c(cccc2)Cc2c(cccc2)N2C(=O)c3c(C2=O)cc(cc3)C(=O)*)cc1,tg,285.0,272.112060546875
*c1cc2c(C(=O)N(C2=O)c2c(cccc2)Cc2ccc(cc2)N2C(=O)c3c(C2=O)cc(cc3)C(=O)*)cc1,tg,286.0,305.39385986328125
*c1cc2c(C(=O)N(C2=O)c2c(cccc2)Oc2ccc(cc2)N2C(=O)c3c(C2=O)cc(cc3)C(=O)*)cc1,tg,286.0,267.8431396484375
*c1cc2c(C(=O)N(C2=O)c2c(cccc2)c2ccc(cc2)N2C(=O)c3c(C2=O)cc(cc3)C(=O)*)cc1,tg,305.0,337.40350341796875
*c1cc2c(C(=O)N(C2=O)c2c3c(c(cc2C)c2cc(c(c4c2cccc4)N2C(=O)c4c(C2=O)cc(cc4)C(*)(C(F)(F)F)C(F)(F)F)C)cccc3)cc1,tg,403.0,349.257568359375
*c1cc2c(C(=O)N(C2=O)c2c3c(ccc2)c(ccc3)N2C(=O)c3c(C2=O)cc(cc3)C(*)(C(F)(F)F)C(F)(F)F)cc1,tg,390.0,321.08837890625
*c1cc2c(C(=O)N(C2=O)c2c3c(ccc2)c(ccc3)N2C(=O)c3c(C2=O)cc(cc3)C(=O)Nc2c(c(cc(c2)C(c2cc(c(c(c2)NC(=O)*)C)C)(C(F)(F)F)C(F)(F)F)C)C)cc1,tg,250.0,290.1654052734375
*c1cc2c(C(=O)N(C2=O)c2c3c(ccc2)c(ccc3)N2C(=O)c3c(C2=O)cc(cc3)C(=O)Nc2ccc(cc2)C(c2ccc(cc2)NC(=O)*)(C(F)(F)F)C(F)(F)F)cc1,tg,250.0,331.7529602050781
*c1cc2c(C(=O)N(C2=O)c2c3c(ccc2)c(ccc3)Oc2ccc(cc2)N2C(=O)c3c(C2=O)cc(cc3)C(=O)Nc2c(cc(cc2)c2cc(c(cc2)NC(=O)*)OC)OC)cc1,tg,304.0,252.13258361816406
*c1cc2c(C(=O)N(C2=O)c2c3c(ccc2)c(ccc3)Oc2ccc(cc2)N2C(=O)c3c(C2=O)cc(cc3)C(=O)Nc2ccc(cc2)Oc2ccc(cc2)NC(=O)*)cc1,tg,278.0,280.61517333984375
*c1cc2c(C(=O)N(C2=O)c2c3c(ccc2)c(ccc3)Oc2ccc(cc2)N2C(=O)c3c(C2=O)cc(cc3)C(=O)Nc2ccc(cc2)c2ccc(cc2)NC(=O)*)cc1,tg,301.0,299.8138122558594
*c1cc2c(C(=O)N(C2=O)c2c3c(ccc2)c(ccc3)Oc2ccc(cc2)N2C(=O)c3c(C2=O)cc(cc3)C(=O)Nc2ccc(cc2)c2nc(cc(c2)c2ccccc2)c2ccc(cc2)NC(=O)*)cc1,tg,295.0,292.37060546875
*c1cc2c(C(=O)N(C2=O)c2c3c(ccc2)c(ccc3)Oc2ccc(cc2)N2C(=O)c3c(C2=O)cc(cc3)C(=O)Nc2nc(ccc2)NC(=O)*)cc1,tg,293.0,261.9714050292969
*c1cc2c(C(=O)N(C2=O)c2c3c(ccc2)c(ccc3)Oc2ccc(cc2)N2C(=O)c3c(C2=O)cc(cc3)C(=O)Nc2nc(nc(n2)NC(=O)*)c2ccccc2)cc1,tg,291.0,314.96148681640625
*c1cc2c(C(=O)N(C2=O)c2cc(c(c(c2)Br)Oc2c(cc(cc2Br)N2C(=O)c3c(C2=O)cc(cc3)C(=O)*)Br)Br)cc1,tg,323.0,288.0765686035156
*c1cc2c(C(=O)N(C2=O)c2cc(c(cc2)C(=O)Nc2ccc(cc2)C(c2ccc(cc2)NC(=O)*)(C(F)(F)F)C(F)(F)F)C)cc1,tg,320.0,228.04795837402344
*c1cc2c(C(=O)N(C2=O)c2cc(c(cc2)Oc2c(cc(cc2)N2C(=O)c3c(C2=O)cc(cc3)C(*)(C(F)(F)F)C(F)(F)F)Br)Br)cc1,tg,299.0,303.6908264160156
*c1cc2c(C(=O)N(C2=O)c2cc(c(cc2)Oc2c(cc(cc2)N2C(=O)c3c(C2=O)cc(cc3)C(=O)*)Br)Br)cc1,tg,296.0,276.0744323730469
*c1cc2c(C(=O)N(C2=O)c2cc(c(cc2)Oc2c(cc(cc2)N2C(=O)c3c(C2=O)cc(cc3)C(=O)*)c2cc(c(c(c2)F)F)F)c2cc(c(c(c2)F)F)F)cc1,tg,342.0,258.1587829589844
*c1cc2c(C(=O)N(C2=O)c2cc(c(cc2)Oc2c(cc(cc2)N2C(=O)c3c(C2=O)cc(cc3)C(=O)Nc2cc(c(cc2)Oc2c(cc(cc2)NC(=O)*)c2ccccc2)c2ccccc2)c2ccccc2)c2ccccc2)cc1,tg,369.0,361.6468811035156
*c1cc2c(C(=O)N(C2=O)c2cc(c(cc2)Oc2c(cc(cc2)N2C(=O)c3c(C2=O)cc(cc3)C(=O)Nc2ccc(cc2)Oc2ccc(cc2)NC(=O)*)c2ccccc2)c2ccccc2)cc1,tg,345.0,300.917236328125
*c1cc2c(C(=O)N(C2=O)c2cc(c(cc2)Oc2c(cc(cc2C(C)(C)C)c2ccc(cc2)N2C(=O)c3c(C2=O)cc(cc3)C(*)(C(F)(F)F)C(F)(F)F)C(C)(C)C)C(F)(F)F)cc1,tg,362.5,351.98565673828125
*c1cc2c(C(=O)N(C2=O)c2cc(c(cc2)Oc2c(cc(cc2C(C)(C)C)c2ccc(cc2)N2C(=O)c3c(C2=O)cc(cc3)C(=O)*)C(C)(C)C)C(F)(F)F)cc1,tg,362.0,357.0221252441406
*c1cc2c(C(=O)N(C2=O)c2cc(c(cc2)Oc2c(cccc2)Oc2c(cc(cc2)N2C(=O)c3c(C2=O)cc(cc3)C(*)(C(F)(F)F)C(F)(F)F)C(F)(F)F)C(F)(F)F)cc1,tg,247.0,244.74734497070312
*c1cc2c(C(=O)N(C2=O)c2cc(c(cc2)Oc2c(cccc2)Oc2c(cc(cc2)N2C(=O)c3c(C2=O)cc(cc3)C(=O)*)C(F)(F)F)C(F)(F)F)cc1,tg,236.0,242.5896759033203
*c1cc2c(C(=O)N(C2=O)c2cc(c(cc2)Oc2ccc(cc2)C(=O)c2cc(ccc2)N2C(=O)c3c(C2=O)cc(cc3)C(=O)*)C(F)(F)F)cc1,tg,242.0,224.09288024902344
*c1cc2c(C(=O)N(C2=O)c2cc(c(cc2)Oc2ccc(cc2)C(=O)c2nc(ccc2)C(=O)c2ccc(cc2)Oc2c(cc(cc2)N2C(=O)c3c(C2=O)cc(cc3)C(*)(C(F)(F)F)C(F)(F)F)C(F)(F)F)C(F)(F)F)cc1,tg,206.4,223.4332733154297
*c1cc2c(C(=O)N(C2=O)c2cc(c(cc2)Oc2ccc(cc2)C(=O)c2nc(ccc2)C(=O)c2ccc(cc2)Oc2c(cc(cc2)N2C(=O)c3c(C2=O)cc(cc3)C(=O)*)C(F)(F)F)C(F)(F)F)cc1,tg,225.2,249.74465942382812
*c1cc2c(C(=O)N(C2=O)c2cc(c(cc2)Oc2ccc(cc2)C(c2ccc(cc2)Oc2c(cc(cc2)N2C(=O)c3c(C2=O)cc(cc3)C(=O)*)C(F)(F)F)(C(F)(F)F)C(F)(F)F)C(F)(F)F)cc1,tg,220.0,249.4912109375
*c1cc2c(C(=O)N(C2=O)c2cc(c(cc2)Oc2ccc(cc2)N2C(=O)c3c(C2=O)cc(cc3)C(*)(C(F)(F)F)C(F)(F)F)O)cc1,tg,277.33,320.07086181640625
*c1cc2c(C(=O)N(C2=O)c2cc(c(cc2)Oc2ccc(cc2)N2C(=O)c3c(C2=O)cc(cc3)C(*)(C(F)(F)F)C(F)(F)F)OCCN(c2ccc(cc2)N=Nc2ccc(cc2)[N+](=O)[O-])CC)cc1,tg,202.0,204.78233337402344
*c1cc2c(C(=O)N(C2=O)c2cc(c(cc2)Oc2ccc(cc2)Oc2ccc(cc2)N2C(=O)c3c(C2=O)cc(cc3)C(*)(C(F)(F)F)C(F)(F)F)C(F)(F)F)cc1,tg,260.8,253.28811645507812
*c1cc2c(C(=O)N(C2=O)c2cc(c(cc2)c2c(cc(cc2)N2C(=O)c3c(C2=O)cc(cc3)C(*)(C(F)(F)F)C(F)(F)F)C(F)(F)F)C(F)(F)F)cc1,tg,321.5,292.5140686035156
*c1cc2c(C(=O)N(C2=O)c2cc(c(cc2)c2c(cc(cc2)N2C(=O)c3c(C2=O)cc(cc3)C(=O)*)C)C)cc1,tg,385.0,312.0672912597656
*c1cc2c(C(=O)N(C2=O)c2cc(c(cc2)c2c(cc(cc2)N2C(=O)c3c(C2=O)cc(cc3)C(=O)Oc2c(ccc(c2)OC(=O)*)C23CC4CC(CC(C2)C4)C3)C)C)cc1,tg,225.0,288.24725341796875
*c1cc2c(C(=O)N(C2=O)c2cc(c(cc2)c2c(cc(cc2)N2C(=O)c3c(C2=O)cc(cc3)C(=O)Oc2cc(c(cc2)c2c(cc(cc2)OC(=O)*)C)C)C)C)cc1,tg,177.0,306.3625793457031
*c1cc2c(C(=O)N(C2=O)c2cc(c(cc2)c2c(cc(cc2)N2C(=O)c3c(C2=O)cc(cc3)C(=O)Oc2ccc(cc2)C(c2ccc(cc2)OC(=O)*)(C)C)C)C)cc1,tg,166.0,234.10403442382812
*c1cc2c(C(=O)N(C2=O)c2cc(c(cc2)c2c(cc(cc2)N2C(=O)c3c(C2=O)cc(cc3)C(=O)Oc2ccc(cc2)C2(C3C4C(CCC4)C(C2)C3)c2ccc(cc2)OC(=O)*)C)C)cc1,tg,226.0,217.139404296875
*c1cc2c(C(=O)N(C2=O)c2cc(c(cc2)c2c(cc(cc2)N2C(=O)c3c(C2=O)cc(cc3)C(=O)Oc2ccc(cc2)C2(C3CC4CC(CC2C4)C3)c2ccc(cc2)OC(=O)*)C)C)cc1,tg,222.0,243.42544555664062
*c1cc2c(C(=O)N(C2=O)c2cc(c(cc2)c2c(cc(cc2)N2C(=O)c3c(C2=O)cc(cc3)C(=O)Oc2ccc(cc2)C2(CCC(CC2)C(C)(C)C)c2ccc(cc2)OC(=O)*)C)C)cc1,tg,217.0,200.39495849609375
*c1cc2c(C(=O)N(C2=O)c2cc(cc(c2)C(=O)O)N2C(=O)c3c(C2=O)cc(cc3)C(=O)*)cc1,tg,294.0,276.3355407714844
*c1cc2c(C(=O)N(C2=O)c2cc(cc(c2)C(=O)c2ccccc2)N2C(=O)c3c(C2=O)cc(cc3)C(=O)*)cc1,tg,282.0,253.50193786621094
*c1cc2c(C(=O)N(C2=O)c2cc(cc(c2)C(C)(C)C)N2C(=O)c3c(C2=O)cc(c(c3)Cl)C(=O)*)cc1Cl,tg,290.0,307.7395935058594
*c1cc2c(C(=O)N(C2=O)c2cc(cc(c2)C(F)(F)F)N2C(=O)c3c(C2=O)cc(c(c3)Cl)C(=O)*)cc1Cl,tg,305.0,298.1847839355469
*c1cc2c(C(=O)N(C2=O)c2cc(cc(c2)C(F)(F)F)N2C(=O)c3c(C2=O)cc(cc3)C(*)(C(F)(F)F)C(F)(F)F)cc1,tg,284.0,294.1123962402344
*c1cc2c(C(=O)N(C2=O)c2cc(cc(c2)C(F)(F)F)N2C(=O)c3c(C2=O)cc(cc3)C(=O)*)cc1,tg,276.75,286.94189453125
*c1cc2c(C(=O)N(C2=O)c2cc(cc(c2)OCCCC)N2C(=O)c3c(C2=O)cc(cc3)C(=O)*)cc1,tg,244.0,238.32139587402344
*c1cc2c(C(=O)N(C2=O)c2cc(cc(c2)OCCCCCCCC)N2C(=O)c3c(C2=O)cc(cc3)C(*)(C(F)(F)F)C(F)(F)F)cc1,tg,195.0,201.42283630371094
*c1cc2c(C(=O)N(C2=O)c2cc(cc(c2)OCCCCCCCC)N2C(=O)c3c(C2=O)cc(cc3)C(=O)*)cc1,tg,195.0,205.89039611816406
*c1cc2c(C(=O)N(C2=O)c2cc(cc(c2)OCCCCCCCCCCCC)N2C(=O)c3c(C2=O)cc(cc3)C(*)(C(F)(F)F)C(F)(F)F)cc1,tg,165.0,163.26927185058594
*c1cc2c(C(=O)N(C2=O)c2cc(cc(c2)OCCCCCCCCCCCCCCCC)N2C(=O)c3c(C2=O)cc(cc3)C(=O)*)cc1,tg,179.0,169.3919219970703
*c1cc2c(C(=O)N(C2=O)c2cc(cc(c2)OCCN(c2ccc(cc2)N=Nc2ccc(cc2)[N+](=O)[O-])CC)N2C(=O)c3c(C2=O)cc(cc3)C(*)(C(F)(F)F)C(F)(F)F)cc1,tg,210.0,198.11773681640625
*c1cc2c(C(=O)N(C2=O)c2cc(cc(c2)c2c(=O)oc3c(cccc3)n2)N2C(=O)c3c(C2=O)cc(cc3)C(=O)*)cc1,tg,95.0,208.6268768310547
*c1cc2c(C(=O)N(C2=O)c2cc(cc(c2)c2nc3c([nH]2)cccc3)N2C(=O)c3c(C2=O)cc(cc3)C(=O)*)cc1,tg,197.0,289.4946594238281
*c1cc2c(C(=O)N(C2=O)c2cc(cc(c2)c2oc(nn2)c2ncccc2)N2C(=O)c3c(C2=O)cc(cc3)C(=O)Nc2cc(cc(c2)c2oc(nn2)c2ncccc2)NC(=O)*)cc1,tg,164.0,264.3568115234375
*c1cc2c(C(=O)N(C2=O)c2cc(cc(c2)c2oc(nn2)c2ncccc2)N2C(=O)c3c(C2=O)cc(cc3)C(=O)Nc2cc(ccc2)S(=O)(=O)c2cc(ccc2)NC(=O)*)cc1,tg,173.0,207.23765563964844
*c1cc2c(C(=O)N(C2=O)c2cc(cc(c2)c2oc3c(n2)cccc3)N2C(=O)c3c(C2=O)cc(cc3)C(=O)Nc2cc(cc(c2)c2nc3c([nH]2)cccc3)NC(=O)*)cc1,tg,371.0,369.41986083984375
*c1cc2c(C(=O)N(C2=O)c2cc(cc(c2)c2oc3c(n2)cccc3)N2C(=O)c3c(C2=O)cc(cc3)C(=O)Nc2ccc(cc2)S(=O)(=O)c2ccc(cc2)NC(=O)*)cc1,tg,367.0,357.88739013671875
*c1cc2c(C(=O)N(C2=O)c2cc(cc(c2)c2oc3c(n2)cccc3)N2C(=O)c3c(C2=O)cc(cc3)C(=O)Nc2nc(ccc2)NC(=O)*)cc1,tg,365.0,353.6866760253906
*c1cc2c(C(=O)N(C2=O)c2cc(cc(c2)c2sc3c(n2)cccc3)N2C(=O)c3c(C2=O)cc(cc3)C(=O)Nc2cc(cc(c2)c2nc3c([nH]2)cccc3)NC(=O)*)cc1,tg,368.0,356.2039489746094
*c1cc2c(C(=O)N(C2=O)c2cc(cc(c2)c2sc3c(n2)cccc3)N2C(=O)c3c(C2=O)cc(cc3)C(=O)Nc2ccc(cc2)NC(=O)*)cc1,tg,356.0,353.05108642578125
*c1cc2c(C(=O)N(C2=O)c2cc(cc(c2)c2sc3c(n2)cccc3)N2C(=O)c3c(C2=O)cc(cc3)C(=O)Nc2ccc(cc2)S(=O)(=O)c2ccc(cc2)NC(=O)*)cc1,tg,357.0,354.9862365722656
*c1cc2c(C(=O)N(C2=O)c2cc(cc(c2)c2sc3c(n2)cccc3)N2C(=O)c3c(C2=O)cc(cc3)C(=O)Nc2nc(ccc2)NC(=O)*)cc1,tg,358.0,340.4288635253906
*c1cc2c(C(=O)N(C2=O)c2cc(ccc2)C#Cc2cc(ccc2)N2C(=O)c3c(C2=O)cc(cc3)C(=O)*)cc1,tg,295.8,331.7807922363281
*c1cc2c(C(=O)N(C2=O)c2cc(ccc2)C#Cc2cc(ccc2)NC(=O)*)cc1,tg,323.5,249.0406951904297
*c1cc2c(C(=O)N(C2=O)c2cc(ccc2)C(=O)NCCN(CCNC(=O)*)c2ccc(cc2)C=Cc2ccc(cc2)[N+](=O)[O-])cc1,tg,178.0,183.08447265625
*c1cc2c(C(=O)N(C2=O)c2cc(ccc2)C(=O)Nc2ccc(cc2)C(c2ccc(cc2)NC(=O)c2cc(ccc2)N2C(=O)c3c(C2=O)cc(cc3)C(*)(C(F)(F)F)C(F)(F)F)(C(F)(F)F)C(F)(F)F)cc1,tg,273.5,294.0525817871094
*c1cc2c(C(=O)N(C2=O)c2cc(ccc2)C(=O)Nc2ccc(cc2)NC(=O)c2ccc(cc2)NC(=O)c2cc(ccc2)N2C(=O)c3c(C2=O)cc(cc3)C(*)(C(F)(F)F)C(F)(F)F)cc1,tg,328.0,311.2049560546875
*c1cc2c(C(=O)N(C2=O)c2cc(ccc2)C(=O)Nc2ccc(cc2)Oc2c(cccc2)Oc2ccc(cc2)NC(=O)c2cc(ccc2)N2C(=O)c3c(C2=O)cc(cc3)C(*)(C(F)(F)F)C(F)(F)F)cc1,tg,265.0,261.419921875
*c1cc2c(C(=O)N(C2=O)c2cc(ccc2)C(=O)Nc2ccc(cc2)Oc2ccc(cc2)C(c2ccc(cc2)Oc2ccc(cc2)NC(=O)c2cc(ccc2)N2C(=O)c3c(C2=O)cc(cc3)C(*)(C(F)(F)F)C(F)(F)F)(C(F)(F)F)C(F)(F)F)cc1,tg,266.0,271.7846374511719
*c1cc2c(C(=O)N(C2=O)c2cc(ccc2)C(=O)Nc2ccc(cc2)Oc2ccc(cc2)C(c2ccc(cc2)Oc2ccc(cc2)NC(=O)c2cc(ccc2)N2C(=O)c3c(C2=O)cc(cc3)C(*)(C(F)(F)F)C(F)(F)F)(C)C)cc1,tg,259.0,260.56793212890625
*c1cc2c(C(=O)N(C2=O)c2cc(ccc2)C(=O)Nc2ccc(cc2)Oc2ccc(cc2)NC(=O)c2cc(ccc2)N2C(=O)c3c(C2=O)cc(cc3)C(*)(C(F)(F)F)C(F)(F)F)cc1,tg,298.0,290.9643249511719
*c1cc2c(C(=O)N(C2=O)c2cc(ccc2)C(=O)Nc2ccc(cc2)Oc2ccc(cc2)Oc2ccc(cc2)NC(=O)c2cc(ccc2)N2C(=O)c3c(C2=O)cc(cc3)C(*)(C(F)(F)F)C(F)(F)F)cc1,tg,283.0,279.3554992675781
*c1cc2c(C(=O)N(C2=O)c2cc(ccc2)C(=O)Nc2ccc(cc2)c2ccc(cc2)NC(=O)c2cc(ccc2)N2C(=O)c3c(C2=O)cc(cc3)C(*)(C(F)(F)F)C(F)(F)F)cc1,tg,324.0,316.7159729003906
*c1cc2c(C(=O)N(C2=O)c2cc(ccc2)C(=O)OCCOC(=O)*)cc1,tg,220.0,241.32887268066406
*c1cc2c(C(=O)N(C2=O)c2cc(ccc2)C(=O)c2ccc(cc2)Cc2cc(ccc2)N2C(=O)c3c(C2=O)cc(cc3)C(=O)*)cc1,tg,265.5,252.4909210205078
*c1cc2c(C(=O)N(C2=O)c2cc(ccc2)C(=O)c2ccc(cc2)Cc2ccc(cc2)C(=O)c2cc(ccc2)N2C(=O)c3c(C2=O)cc(cc3)C(=O)*)cc1,tg,260.5,245.42239379882812
*c1cc2c(C(=O)N(C2=O)c2cc(ccc2)C(=O)c2ccc(cc2)Cc2ccc(cc2)N2C(=O)c3c(C2=O)cc(cc3)C(=O)*)cc1,tg,290.0,275.243896484375
*c1cc2c(C(=O)N(C2=O)c2cc(ccc2)C(=O)c2ccc(cc2)N2C(=O)c3c(C2=O)cc(cc3)C(=O)*)cc1,tg,271.5,281.11822509765625
*c1cc2c(C(=O)N(C2=O)c2cc(ccc2)C(C(C(C(C(c2cc(ccc2)N2C(=O)c3c(C2=O)cc(cc3)C(C(C(*)(F)F)(F)F)(F)F)(F)F)(F)F)(F)F)(F)F)(F)F)cc1,tg,104.5,143.5752410888672
*c1cc2c(C(=O)N(C2=O)c2cc(ccc2)C(C(C(C(C(c2cc(ccc2)N2C(=O)c3c(C2=O)cc(cc3)C(C(C(C(*)(F)F)(F)F)(F)F)(F)F)(F)F)(F)F)(F)F)(F)F)(F)F)cc1,tg,144.0,117.66136932373047
*c1cc2c(C(=O)N(C2=O)c2cc(ccc2)C(C(C(C(C(c2cc(ccc2)N2C(=O)c3c(C2=O)cc(cc3)C(C(C(C(C(C(C(*)(F)F)(F)F)(F)F)(F)F)(F)F)(F)F)(F)F)(F)F)(F)F)(F)F)(F)F)(F)F)cc1,tg,108.5,135.35226440429688
*c1cc2c(C(=O)N(C2=O)c2cc(ccc2)C(C(C(c2cc(ccc2)N2C(=O)c3c(C2=O)cc(cc3)C(C(C(*)(F)F)(F)F)(F)F)(F)F)(F)F)(F)F)cc1,tg,151.0,155.9354248046875
*c1cc2c(C(=O)N(C2=O)c2cc(ccc2)C(C(C(c2cc(ccc2)N2C(=O)c3c(C2=O)cc(cc3)C(C(C(C(*)(F)F)(F)F)(F)F)(F)F)(F)F)(F)F)(F)F)cc1,tg,159.0,142.013916015625
*c1cc2c(C(=O)N(C2=O)c2cc(ccc2)C(c2cc(ccc2)N2C(=O)c3c(C2=O)cc(cc3)C(*)(C(F)(F)F)C(F)(F)F)(C(F)(F)F)C(F)(F)F)cc1,tg,266.5,252.92884826660156
*c1cc2c(C(=O)N(C2=O)c2cc(ccc2)C(c2cc(ccc2)N2C(=O)c3c(C2=O)cc(cc3)C(*)(C(F)(F)F)C(F)(F)F)(c2ccccc2)C(F)(F)F)cc1,tg,305.0,285.91986083984375
*c1cc2c(C(=O)N(C2=O)c2cc(ccc2)C(c2cc(ccc2)N2C(=O)c3c(C2=O)cc(cc3)C(*)(C(F)(F)F)C(F)(F)F)O)cc1,tg,236.5,285.4736633300781
*c1cc2c(C(=O)N(C2=O)c2cc(ccc2)C(c2cc(ccc2)N2C(=O)c3c(C2=O)cc(cc3)C(=O)*)O)cc1,tg,273.0,227.7412567138672
*c1cc2c(C(=O)N(C2=O)c2cc(ccc2)C(c2ccc(cc2)N2C(=O)c3c(C2=O)cc(cc3)C(*)(C(F)(F)F)C(F)(F)F)(C)C)cc1,tg,260.0,274.02325439453125
*c1cc2c(C(=O)N(C2=O)c2cc(ccc2)C=CC(=O)Nc2cc(ccc2)NC(=O)*)cc1,tg,245.0,289.7149963378906
*c1cc2c(C(=O)N(C2=O)c2cc(ccc2)Cc2cc(ccc2)N2C(=O)c3c(C2=O)cc(cc3)C(=O)*)cc1,tg,241.33,253.57948303222656
*c1cc2c(C(=O)N(C2=O)c2cc(ccc2)Cc2ccc(cc2)Cc2cc(ccc2)N2C(=O)c3c(C2=O)cc(cc3)C(=O)*)cc1,tg,240.0,256.46087646484375
*c1cc2c(C(=O)N(C2=O)c2cc(ccc2)Cc2ccc(cc2)Cc2ccc(cc2)Cc2cc(ccc2)N2C(=O)c3c(C2=O)cc(cc3)C(=O)*)cc1,tg,235.5,243.1694793701172
*c1cc2c(C(=O)N(C2=O)c2cc(ccc2)N2C(=O)c3c(C2=O)cc(c(c3)Cl)C(=O)*)cc1Cl,tg,313.0,317.7596740722656
*c1cc2c(C(=O)N(C2=O)c2cc(ccc2)N2C(=O)c3c(C2=O)cc(cc3)C(*)(C(F)(F)F)C(F)(F)F)cc1,tg,298.6,309.4602966308594
*c1cc2c(C(=O)N(C2=O)c2cc(ccc2)N2C(=O)c3c(C2=O)cc(cc3)C(=O)*)cc1,tg,292.1,312.7695007324219
*c1cc2c(C(=O)N(C2=O)c2cc(ccc2)N2C(=O)c3c(C2=O)cc(cc3)C(=O)Nc2cc(cc(c2)c2nc3c([nH]2)cccc3)NC(=O)*)cc1,tg,361.0,310.9893798828125
*c1cc2c(C(=O)N(C2=O)c2cc(ccc2)N2C(=O)c3c(C2=O)cc(cc3)C(=O)Nc2ccc(cc2)C2(c3ccccc3c3ccccc23)c2ccc(cc2)NC(=O)*)cc1,tg,209.0,302.1717529296875
*c1cc2c(C(=O)N(C2=O)c2cc(ccc2)N2C(=O)c3c(C2=O)cc(cc3)C(=O)Nc2ccc(cc2)NC(=O)*)cc1,tg,341.0,291.8126525878906
*c1cc2c(C(=O)N(C2=O)c2cc(ccc2)N2C(=O)c3c(C2=O)cc(cc3)C(=O)Nc2ccc(cc2)Oc2c(cccc2)c2c(cccc2)Oc2ccc(cc2)NC(=O)*)cc1,tg,237.0,252.24827575683594
*c1cc2c(C(=O)N(C2=O)c2cc(ccc2)N2C(=O)c3c(C2=O)cc(cc3)C(=O)Nc2ccc(cc2)Oc2ccc(cc2)c2ccc(cc2)Oc2ccc(cc2)NC(=O)*)cc1,tg,292.0,250.5761260986328
*c1cc2c(C(=O)N(C2=O)c2cc(ccc2)N2C(=O)c3c(C2=O)cc(cc3)C(=O)Nc2ccc(cc2)S(=O)(=O)c2ccc(cc2)NC(=O)*)cc1,tg,342.0,289.02703857421875
*c1cc2c(C(=O)N(C2=O)c2cc(ccc2)N2C(=O)c3c(C2=O)cc(cc3)C(=O)OCCN(CCOC(=O)*)c2ccc(cc2)N=Nc2ccc(cc2)F)cc1,tg,168.0,179.11965942382812
*c1cc2c(C(=O)N(C2=O)c2cc(ccc2)N2C(=O)c3c(C2=O)cc(cc3)C(=O)OCCN(CCOC(=O)*)c2ccc(cc2)N=Nc2ccc(cc2)[N+](=O)[O-])cc1,tg,210.0,172.4551239013672
*c1cc2c(C(=O)N(C2=O)c2cc(ccc2)N2C(=O)c3c(C2=O)cc(cc3)C(=O)Oc2ccc(cc2)C(c2ccc(cc2)OC(=O)*)(C)C)cc1,tg,225.0,191.91357421875
*c1cc2c(C(=O)N(C2=O)c2cc(ccc2)N2C(=O)c3c(C2=O)cc(cc3)C(=O)c2cc(cc(c2)C(C)(C)C)C(=O)*)cc1,tg,264.5,274.1889343261719
*c1cc2c(C(=O)N(C2=O)c2cc(ccc2)N2C(=O)c3c(C2=O)cc(cc3)C(=O)c2cc(cc(c2)c2ccccc2)C(=O)*)cc1,tg,266.5,264.7724914550781
*c1cc2c(C(=O)N(C2=O)c2cc(ccc2)N2C(=O)c3c(C2=O)cc(cc3)C(=O)c2cc(ccc2)C(=O)*)cc1,tg,259.5,255.4165802001953
*c1cc2c(C(=O)N(C2=O)c2cc(ccc2)NC(=O)C(C(C(C(C(=O)Nc2cc(ccc2)N2C(=O)c3c(C2=O)cc(cc3)C(*)(C(F)(F)F)C(F)(F)F)(F)F)(F)F)(F)F)(F)F)cc1,tg,232.0,251.2359161376953
*c1cc2c(C(=O)N(C2=O)c2cc(ccc2)NC(=O)c2cc(ccc2)C(=O)Nc2cc(ccc2)N2C(=O)c3c(C2=O)cc(cc3)C(=O)*)cc1,tg,204.0,276.42718505859375
*c1cc2c(C(=O)N(C2=O)c2cc(ccc2)NC(=O)c2cc(ccc2)N2C(=O)c3c(C2=O)cc(cc3)C(=O)*)cc1,tg,285.67,282.4927673339844
*c1cc2c(C(=O)N(C2=O)c2cc(ccc2)NC(=O)c2ccc(cc2)N2C(=O)c3c(C2=O)cc(cc3)C(=O)*)cc1,tg,311.0,266.81951904296875
*c1cc2c(C(=O)N(C2=O)c2cc(ccc2)Nc2nc(nc(n2)Nc2cc(ccc2)N2C(=O)c3c(C2=O)cc(cc3)C(=O)*)N(C)C)cc1,tg,294.0,279.9658203125
*c1cc2c(C(=O)N(C2=O)c2cc(ccc2)Nc2nc(nc(n2)Nc2cc(ccc2)N2C(=O)c3c(C2=O)cc(cc3)C(=O)*)N(c2ccccc2)c2ccccc2)cc1,tg,290.0,269.7496337890625
*c1cc2c(C(=O)N(C2=O)c2cc(ccc2)Nc2nc(nc(n2)Nc2cc(ccc2)N2C(=O)c3c(C2=O)cc(cc3)C(=O)*)c2ccccc2)cc1,tg,292.0,279.6428527832031
*c1cc2c(C(=O)N(C2=O)c2cc(ccc2)OCCOCCOc2cc(ccc2)N2C(=O)c3c(C2=O)cc(cc3)C(=O)*)cc1,tg,152.33,156.74029541015625
*c1cc2c(C(=O)N(C2=O)c2cc(ccc2)OCCOc2cc(ccc2)N2C(=O)c3c(C2=O)cc(cc3)C(=O)*)cc1,tg,191.0,196.0836639404297
*c1cc2c(C(=O)N(C2=O)c2cc(ccc2)OP(=O)(Oc2cc(ccc2)N2C(=O)c3c(C2=O)cc(cc3)C(=O)*)c2ccccc2)cc1,tg,176.5,191.9556884765625
*c1cc2c(C(=O)N(C2=O)c2cc(ccc2)Oc2cc(ccc2)N2C(=O)c3c(C2=O)cc(cc3)C(*)(C(F)(F)F)C(F)(F)F)cc1,tg,244.0,245.29959106445312
*c1cc2c(C(=O)N(C2=O)c2cc(ccc2)Oc2ccc(cc2)N2C(=O)c3c(C2=O)cc(cc3)C(*)(C(F)(F)F)C(F)(F)F)cc1,tg,261.3,263.141845703125
*c1cc2c(C(=O)N(C2=O)c2cc(ccc2)Oc2ccc(cc2)N2C(=O)c3c(C2=O)cc(cc3)C(=O)Nc2cc(ccc2)Oc2ccc(cc2)NC(=O)*)cc1,tg,211.0,231.0058135986328
*c1cc2c(C(=O)N(C2=O)c2cc(ccc2)Oc2ccc(cc2)N2C(=O)c3c(C2=O)cc(cc3)C(=O)Nc2ccc(cc2)Oc2ccc(cc2)C(c2ccc(cc2)Oc2ccc(cc2)NC(=O)*)(C)C)cc1,tg,207.0,220.68426513671875
*c1cc2c(C(=O)N(C2=O)c2cc(ccc2)Oc2ccc(cc2)N2C(=O)c3c(C2=O)cc(cc3)C(=O)Nc2ccc(cc2)Oc2ccc(cc2)C2(c3c(C(=O)N2)cccc3)c2ccc(cc2)Oc2ccc(cc2)NC(=O)*)cc1,tg,272.0,272.91583251953125
*c1cc2c(C(=O)N(C2=O)c2cc(ccc2)Oc2ccc(cc2)N2C(=O)c3c(C2=O)cc(cc3)c2c(c(c(c(c2c2ccccc2)c2ccccc2)c2ccc(cc2)Oc2ccc(cc2)c2c(c(c(c(c2c2ccccc2)c2ccccc2)*)c2ccccc2)c2ccccc2)c2ccccc2)c2ccccc2)cc1,tg,309.0,288.3447570800781
*c1cc2c(C(=O)N(C2=O)c2cc(ccc2)Oc2ccc(cc2)Oc2cc(ccc2)N2C(=O)c3c(C2=O)cc(cc3)C(*)(C(F)(F)F)C(F)(F)F)cc1,tg,230.0,224.1992645263672
*c1cc2c(C(=O)N(C2=O)c2cc(ccc2)Oc2ccc(cc2)P(=O)(c2ccc(cc2)Oc2cc(ccc2)N2C(=O)c3c(C2=O)cc(cc3)C(*)(C(F)(F)F)C(F)(F)F)c2ccccc2)cc1,tg,243.0,229.8852081298828
*c1cc2c(C(=O)N(C2=O)c2cc(ccc2)P(=O)(c2cc(ccc2)N2C(=O)c3c(C2=O)cc(cc3)C(*)(C(F)(F)F)C(F)(F)F)c2ccc(cc2)C(F)(F)F)cc1,tg,260.0,292.8044738769531
*c1cc2c(C(=O)N(C2=O)c2cc(ccc2)P(=O)(c2cc(ccc2)N2C(=O)c3c(C2=O)cc(cc3)C(*)(C(F)(F)F)C(F)(F)F)c2ccc(cc2)Oc2ccc(cc2)C23CC4CC(CC(C2)C4)C3)cc1,tg,298.0,275.83953857421875
*c1cc2c(C(=O)N(C2=O)c2cc(ccc2)P(=O)(c2cc(ccc2)N2C(=O)c3c(C2=O)cc(cc3)C(=O)*)c2ccc(cc2)Oc2ccc(cc2)C23CC4CC(CC(C2)C4)C3)cc1,tg,305.0,294.9980773925781
*c1cc2c(C(=O)N(C2=O)c2cc(ccc2)P(=O)(c2cc(ccc2)N2C(=O)c3c(C2=O)cc(cc3)C(=O)*)c2ccccc2)cc1,tg,273.0,246.3767852783203
*c1cc2c(C(=O)N(C2=O)c2cc(ccc2)P(=O)(c2cc(ccc2)N2C(=O)c3c(C2=O)cc(cc3)C(=O)Nc2ccc(cc2)Cc2ccc(cc2)NC(=O)*)c2ccccc2)cc1,tg,233.0,213.33297729492188
*c1cc2c(C(=O)N(C2=O)c2cc(ccc2)P(=O)(c2cc(ccc2)N2C(=O)c3c(C2=O)cc(cc3)C(=O)Nc2ccc(cc2)Oc2ccc(cc2)NC(=O)*)c2ccccc2)cc1,tg,235.0,243.9861602783203
*c1cc2c(C(=O)N(C2=O)c2cc(ccc2)P(=O)(c2cc(ccc2)N2C(=O)c3c(C2=O)cc(cc3)C(=O)Nc2ccc(cc2)c2ccc(cc2)NC(=O)*)c2ccccc2)cc1,tg,253.0,241.7223663330078
*c1cc2c(C(=O)N(C2=O)c2cc(ccc2)P(=O)(c2cc(ccc2)N2C(=O)c3c(C2=O)cc(cc3)C(=O)Nc2ccc(cc2)c2nc(cc(c2)c2ccccc2)c2ccc(cc2)NC(=O)*)c2ccccc2)cc1,tg,258.0,254.60577392578125
*c1cc2c(C(=O)N(C2=O)c2cc(ccc2)P(=O)(c2cc(ccc2)N2C(=O)c3c(C2=O)cc(cc3)C(=O)Nc2nc(ccc2)NC(=O)*)c2ccccc2)cc1,tg,156.0,240.9764862060547
*c1cc2c(C(=O)N(C2=O)c2cc(ccc2)S(=O)(=O)c2cc(ccc2)N2C(=O)c3c(C2=O)cc(cc3)C(*)(C(F)(F)F)C(F)(F)F)cc1,tg,262.38,252.67579650878906
*c1cc2c(C(=O)N(C2=O)c2cc3C(=O)c4c(c3cc2)ccc(c4)N2C(=O)c3c(C2=O)cc(cc3)C(=O)*)cc1,tg,331.0,305.1082763671875
*c1cc2c(C(=O)N(C2=O)c2cc3Cc4c(c3cc2)ccc(c4)N2C(=O)c3c(C2=O)cc(cc3)C(*)(C(F)(F)F)C(F)(F)F)cc1,tg,394.0,343.09326171875
*c1cc2c(C(=O)N(C2=O)c2cc3Cc4c(c3cc2)ccc(c4)N2C(=O)c3c(C2=O)cc(cc3)C(=O)*)cc1,tg,341.5,334.292236328125
*c1cc2c(C(=O)N(C2=O)c2cc3c(C(CC3(c3ccc(cc3)N3C(=O)c4c(C3=O)cc(cc4)C(=O)*)C)(C)C)cc2)cc1,tg,318.77,317.43804931640625
*c1cc2c(C(=O)N(C2=O)c2ccc(cc2)C(=O)NC2CCC(CC2)CC2CCC(CC2)NC(=O)*)cc1,tg,275.0,214.82823181152344
*c1cc2c(C(=O)N(C2=O)c2ccc(cc2)C(=O)NCCN(CCNC(=O)*)c2ccc(cc2)C=Cc2ccc(cc2)[N+](=O)[O-])cc1,tg,178.0,173.6061553955078
*c1cc2c(C(=O)N(C2=O)c2ccc(cc2)C(=O)NCCNC(=O)*)cc1,tg,235.0,256.455322265625
*c1cc2c(C(=O)N(C2=O)c2ccc(cc2)C(=O)Nc2cc(ccc2)Oc2ccc(cc2)S(=O)(=O)c2ccc(cc2)Oc2cc(ccc2)NC(=O)*)cc1,tg,235.0,220.98193359375
*c1cc2c(C(=O)N(C2=O)c2ccc(cc2)C(=O)Nc2ccc(cc2)C(=O)OCCCCCCCCCCCCOC(=O)*)cc1,tg,74.0,103.67081451416016
*c1cc2c(C(=O)N(C2=O)c2ccc(cc2)C(=O)Nc2ccc(cc2)C(=O)OCCCCCCCCCCOC(=O)*)cc1,tg,102.0,90.73226165771484
*c1cc2c(C(=O)N(C2=O)c2ccc(cc2)C(=O)Nc2ccc(cc2)C(=O)OCCCCCCCCOC(=O)*)cc1,tg,105.0,98.1988754272461
*c1cc2c(C(=O)N(C2=O)c2ccc(cc2)C(=O)Nc2ccc(cc2)C(=O)OCCCCCCCOC(=O)*)cc1,tg,106.0,107.82117462158203
*c1cc2c(C(=O)N(C2=O)c2ccc(cc2)C(=O)Nc2ccc(cc2)Cc2ccc(cc2)NC(=O)*)cc1,tg,222.0,240.98739624023438
*c1cc2c(C(=O)N(C2=O)c2ccc(cc2)C(=O)Nc2ccc(cc2)NC(=O)*)cc1,tg,297.5,333.76007080078125
*c1cc2c(C(=O)N(C2=O)c2ccc(cc2)C(=O)Nc2ccc(cc2)Oc2cc(ccc2)Oc2ccc(cc2)NC(=O)c2ccc(cc2)N2C(=O)c3c(C2=O)cc(cc3)C(*)(C(F)(F)F)C(F)(F)F)cc1,tg,286.0,263.8587646484375
*c1cc2c(C(=O)N(C2=O)c2ccc(cc2)C(=O)Nc2ccc(cc2)Oc2ccc(cc2)C(c2ccc(cc2)Oc2ccc(cc2)NC(=O)*)(C)C)cc1,tg,216.0,208.05435180664062
*c1cc2c(C(=O)N(C2=O)c2ccc(cc2)C(=O)Nc2ccc(cc2)Oc2ccc(cc2)C(c2ccc(cc2)Oc2ccc(cc2)NC(=O)c2ccc(cc2)N2C(=O)c3c(C2=O)cc(cc3)C(*)(C(F)(F)F)C(F)(F)F)(C(F)(F)F)C(F)(F)F)cc1,tg,293.0,272.23504638671875
*c1cc2c(C(=O)N(C2=O)c2ccc(cc2)C(=O)Nc2ccc(cc2)Oc2ccc(cc2)C(c2ccc(cc2)Oc2ccc(cc2)NC(=O)c2ccc(cc2)N2C(=O)c3c(C2=O)cc(cc3)C(*)(C(F)(F)F)C(F)(F)F)(C)C)cc1,tg,266.0,261.56329345703125
*c1cc2c(C(=O)N(C2=O)c2ccc(cc2)C(=O)Nc2ccc(cc2)Oc2ccc(cc2)NC(=O)*)cc1,tg,252.67,239.89947509765625
*c1cc2c(C(=O)N(C2=O)c2ccc(cc2)C(=O)Nc2ccc(cc2)Oc2ccc(cc2)NC(=O)c2ccc(cc2)NC(=O)Nc2ccc(cc2)Cc2ccc(cc2)NC(=O)Nc2ccc(cc2)C(=O)Nc2ccc(cc2)Oc2ccc(cc2)NC(=O)c2ccc(cc2)N2C(=O)c3c(C2=O)cc(cc3)C(=O)*)cc1,tg,229.0,221.08497619628906
*c1cc2c(C(=O)N(C2=O)c2ccc(cc2)C(=O)Nc2ccc(cc2)Oc2ccc(cc2)c2ccc(cc2)Oc2ccc(cc2)NC(=O)c2ccc(cc2)N2C(=O)c3c(C2=O)cc(cc3)C(*)(C(F)(F)F)C(F)(F)F)cc1,tg,296.0,302.6414489746094
*c1cc2c(C(=O)N(C2=O)c2ccc(cc2)C(=O)Nc2ccc(cc2)S(=O)(=O)c2ccc(cc2)NC(=O)*)cc1,tg,227.33,308.12396240234375
*c1cc2c(C(=O)N(C2=O)c2ccc(cc2)C(=O)OCCCCCCCCCCCCCCCCCCCCCCOC(=O)*)cc1,tg,44.0,44.64193344116211
*c1cc2c(C(=O)N(C2=O)c2ccc(cc2)C(=O)OCCCCCOC(=O)*)cc1,tg,90.0,145.57601928710938
*c1cc2c(C(=O)N(C2=O)c2ccc(cc2)C(=O)OCCCSCCCCSCCCOC(=O)*)cc1,tg,39.0,45.41027069091797
*c1cc2c(C(=O)N(C2=O)c2ccc(cc2)C(=O)OCCOC(=O)*)cc1,tg,280.0,176.59107971191406
*c1cc2c(C(=O)N(C2=O)c2ccc(cc2)C(=O)OCCOCCOC(=O)*)cc1,tg,101.0,137.80628967285156
*c1cc2c(C(=O)N(C2=O)c2ccc(cc2)C(=O)OCCOCCOCCOC(=O)*)cc1,tg,63.0,74.12834167480469
*c1cc2c(C(=O)N(C2=O)c2ccc(cc2)C(=O)OCCOCCOCCOCCOC(=O)*)cc1,tg,52.0,41.66764450073242
*c1cc2c(C(=O)N(C2=O)c2ccc(cc2)C(=O)c2cc(ccc2)C(=O)c2ccc(cc2)N2C(=O)c3c(C2=O)cc(cc3)C(=O)*)cc1,tg,276.0,275.14520263671875
*c1cc2c(C(=O)N(C2=O)c2ccc(cc2)C(=O)c2ccc(cc2)C(=O)c2ccc(cc2)N2C(=O)c3c(C2=O)cc(cc3)C(=O)*)cc1,tg,286.0,267.43572998046875
*c1cc2c(C(=O)N(C2=O)c2ccc(cc2)C(=O)c2ccc(cc2)Cc2ccc(cc2)C(=O)c2ccc(cc2)N2C(=O)c3c(C2=O)cc(cc3)C(=O)*)cc1,tg,285.5,302.7104187011719
*c1cc2c(C(=O)N(C2=O)c2ccc(cc2)C(=O)c2ccc(cc2)N2C(=O)c3c(C2=O)cc(cc3)C(=O)*)cc1,tg,286.33,304.1313171386719
*c1cc2c(C(=O)N(C2=O)c2ccc(cc2)C(c2cc(ccc2)C(c2ccc(cc2)N2C(=O)c3c(C2=O)cc(cc3)C(=O)*)(C)C)(C)C)cc1,tg,309.75,274.19097900390625
*c1cc2c(C(=O)N(C2=O)c2ccc(cc2)C(c2ccc(cc2)C(c2ccc(cc2)N2C(=O)c3c(C2=O)cc(cc3)C(*)(C(F)(F)F)C(F)(F)F)(C)C)(C)C)cc1,tg,235.4,278.86761474609375
*c1cc2c(C(=O)N(C2=O)c2ccc(cc2)C(c2ccc(cc2)N2C(=O)c3c(C2=O)cc(cc3)C(*)(C(F)(F)F)C(F)(F)F)(C(F)(F)F)C(F)(F)F)cc1,tg,312.22,298.19305419921875
*c1cc2c(C(=O)N(C2=O)c2ccc(cc2)C(c2ccc(cc2)N2C(=O)c3c(C2=O)cc(cc3)C(*)(C(F)(F)F)C(F)(F)F)(C)C)cc1,tg,297.0,270.61053466796875
*c1cc2c(C(=O)N(C2=O)c2ccc(cc2)C(c2ccc(cc2)N2C(=O)c3c(C2=O)cc(cc3)C(*)(C(F)(F)F)C(F)(F)F)(c2ccccc2)C(F)(F)F)cc1,tg,305.0,324.4109191894531
*c1cc2c(C(=O)N(C2=O)c2ccc(cc2)C(c2ccc(cc2)N2C(=O)c3c(C2=O)cc(cc3)C(=O)*)(C(F)(F)F)C(F)(F)F)cc1,tg,300.0,314.981689453125
*c1cc2c(C(=O)N(C2=O)c2ccc(cc2)C2(CC(CC(C2)C)(C)C)c2ccc(cc2)NC(=O)*)cc1,tg,328.0,291.4493713378906
*c1cc2c(C(=O)N(C2=O)c2ccc(cc2)C2(CCC(CC2)C(C)(C)C)c2ccc(cc2)NC(=O)*)cc1,tg,331.0,298.8564453125
*c1cc2c(C(=O)N(C2=O)c2ccc(cc2)C2(CCC(CC2)C)c2ccc(cc2)NC(=O)*)cc1,tg,322.0,334.8592834472656
*c1cc2c(C(=O)N(C2=O)c2ccc(cc2)C2(CCC(CC2)CC)c2ccc(cc2)NC(=O)*)cc1,tg,312.0,321.3621826171875
*c1cc2c(C(=O)N(C2=O)c2ccc(cc2)C2(CCCCC2)c2ccc(cc2)NC(=O)*)cc1,tg,319.0,337.8349609375
*c1cc2c(C(=O)N(C2=O)c2ccc(cc2)C2(c3ccccc3c3ccccc23)c2ccc(cc2)N2C(=O)c3c(C2=O)cc(cc3)C(=O)*)cc1,tg,368.2,318.3008728027344
*c1cc2c(C(=O)N(C2=O)c2ccc(cc2)C=Cc2ccc(cc2)N2C(=O)c3c(C2=O)cc(cc3)C(=O)*)cc1,tg,303.0,311.9384460449219
*c1cc2c(C(=O)N(C2=O)c2ccc(cc2)Cc2ccc(cc2)Cc2ccc(cc2)Cc2ccc(cc2)N2C(=O)c3c(C2=O)cc(cc3)C(=O)*)cc1,tg,302.0,311.45318603515625
*c1cc2c(C(=O)N(C2=O)c2ccc(cc2)Cc2ccc(cc2)Cc2ccc(cc2)N2C(=O)c3c(C2=O)cc(cc3)C(=O)*)cc1,tg,341.0,298.91583251953125
*c1cc2c(C(=O)N(C2=O)c2ccc(cc2)Cc2ccc(cc2)N2C(=O)c3c(C2=O)cc(cc3)C(*)(C(F)(F)F)C(F)(F)F)cc1,tg,296.35,309.2875671386719
*c1cc2c(C(=O)N(C2=O)c2ccc(cc2)Cc2ccc(cc2)N2C(=O)c3c(C2=O)cc(cc3)C(=O)*)cc1,tg,305.69,306.7541198730469
*c1cc2c(C(=O)N(C2=O)c2ccc(cc2)Cc2ccc(cc2)N2C(=O)c3c(C2=O)cc(cc3)C(=O)Nc2ccc(cc2)Oc2ccc(cc2)NC(=O)*)cc1,tg,251.0,275.9943542480469
*c1cc2c(C(=O)N(C2=O)c2ccc(cc2)Cc2ccc(cc2)N2C(=O)c3c(C2=O)cc(cc3)C(=O)c2ccc(cc2)Oc2ccc(cc2)C2(c3c(C(=O)O2)cccc3)c2ccc(cc2)Oc2ccc(cc2)C(=O)*)cc1,tg,268.0,255.42845153808594
*c1cc2c(C(=O)N(C2=O)c2ccc(cc2)Cc2ccc(cc2)N2C(=O)c3c(C2=O)cc(cc3)C(=O)c2ccc(cc2)Oc2ccc(cc2)Oc2ccc(cc2)C(=O)*)cc1,tg,225.0,241.67672729492188
*c1cc2c(C(=O)N(C2=O)c2ccc(cc2)Cc2ccc(cc2)N2C(=O)c3c(C2=O)cc(cc3)C(=O)c2ccc(cc2)Oc2ccc(cc2)c2ccc(cc2)Oc2ccc(cc2)C(=O)*)cc1,tg,241.0,236.88058471679688
*c1cc2c(C(=O)N(C2=O)c2ccc(cc2)Cc2ccc(cc2)N2C(=O)c3c(C2=O)cc(cc3)C(=O)c2ccc(cc2)c2ccc(cc2)C(c2ccc(cc2)c2ccc(cc2)C(=O)*)(C)C)cc1,tg,216.0,275.7156066894531
*c1cc2c(C(=O)N(C2=O)c2ccc(cc2)Cc2ccc(cc2)N2C(=O)c3c(C2=O)cc(cc3)C(C(C(*)(F)F)(F)F)(F)F)cc1,tg,272.4,214.30917358398438
*c1cc2c(C(=O)N(C2=O)c2ccc(cc2)Cc2ccc(cc2)NC(=O)*)cc1,tg,279.5,264.20361328125
*c1cc2c(C(=O)N(C2=O)c2ccc(cc2)N(C(=O)c2cc(ccc2)N2C(=O)c3c(C2=O)cc(cc3)C(=O)*)C)cc1,tg,260.5,284.1497497558594
*c1cc2c(C(=O)N(C2=O)c2ccc(cc2)N(c2ccc(cc2)N2C(=O)c3c(C2=O)cc(cc3)C(*)(C(F)(F)F)C(F)(F)F)c2ccc(cc2)C#N)cc1,tg,321.0,323.2441101074219
*c1cc2c(C(=O)N(C2=O)c2ccc(cc2)N(c2ccc(cc2)N2C(=O)c3c(C2=O)cc(cc3)C(*)(C(F)(F)F)C(F)(F)F)c2ccc(cc2)C=Cc2ccc(cc2)[N+](=O)[O-])cc1,tg,290.0,274.6330871582031
*c1cc2c(C(=O)N(C2=O)c2ccc(cc2)N(c2ccc(cc2)N2C(=O)c3c(C2=O)cc(cc3)C(=O)*)c2ccc(cc2)C#N)cc1,tg,315.0,283.0548400878906
*c1cc2c(C(=O)N(C2=O)c2ccc(cc2)N(c2ccc(cc2)N2C(=O)c3c(C2=O)cc(cc3)C(=O)*)c2ccccc2)cc1,tg,270.0,287.2109069824219
*c1cc2c(C(=O)N(C2=O)c2ccc(cc2)N2C(=O)c3c(C2=O)cc(cc3)C(*)(C(F)(F)F)C(F)(F)F)cc1,tg,348.86,368.8516540527344
*c1cc2c(C(=O)N(C2=O)c2ccc(cc2)N2C(=O)c3c(C2=O)cc(cc3)C(=O)Nc2ccc(cc2)Oc2c(cccc2)c2c(cccc2)Oc2ccc(cc2)NC(=O)*)cc1,tg,268.0,258.8197326660156
*c1cc2c(C(=O)N(C2=O)c2ccc(cc2)N2C(=O)c3c(C2=O)cc(cc3)C(=O)c2ccc(cc2)Oc2ccc(cc2)Oc2ccc(cc2)C(=O)*)cc1,tg,236.0,248.45748901367188
*c1cc2c(C(=O)N(C2=O)c2ccc(cc2)N2C(=O)c3c(C2=O)cc(cc3)C(=O)c2ccc(cc2)Oc2ccc(cc2)c2ccc(cc2)Oc2ccc(cc2)C(=O)*)cc1,tg,229.0,235.12937927246094
*c1cc2c(C(=O)N(C2=O)c2ccc(cc2)NC(=O)C(C(C(C(C(=O)Nc2ccc(cc2)N2C(=O)c3c(C2=O)cc(cc3)C(*)(C(F)(F)F)C(F)(F)F)(F)F)(F)F)(F)F)(F)F)cc1,tg,285.0,274.51434326171875
*c1cc2c(C(=O)N(C2=O)c2ccc(cc2)NC(=O)C(C(C(C(C(C(C(=O)Nc2ccc(cc2)N2C(=O)c3c(C2=O)cc(cc3)C(*)(C(F)(F)F)C(F)(F)F)(F)F)(F)F)(F)F)(F)F)(F)F)(F)F)cc1,tg,265.0,260.9374084472656
*c1cc2c(C(=O)N(C2=O)c2ccc(cc2)NC(=O)Nc2ccc(cc2)N2C(=O)c3c(C2=O)cc(cc3)C(=O)Nc2cc3Cc4c(c3cc2)ccc(c4)NC(=O)*)cc1,tg,224.0,224.50241088867188
*c1cc2c(C(=O)N(C2=O)c2ccc(cc2)NC(=O)Nc2ccc(cc2)N2C(=O)c3c(C2=O)cc(cc3)C(=O)Nc2ccc(cc2)C(=O)c2ccc(cc2)NC(=O)*)cc1,tg,212.0,215.11209106445312
*c1cc2c(C(=O)N(C2=O)c2ccc(cc2)NC(=O)Nc2ccc(cc2)N2C(=O)c3c(C2=O)cc(cc3)C(=O)Nc2ccc(cc2)Cc2ccc(cc2)NC(=O)*)cc1,tg,211.0,191.218994140625
*c1cc2c(C(=O)N(C2=O)c2ccc(cc2)NC(=O)Nc2ccc(cc2)N2C(=O)c3c(C2=O)cc(cc3)C(=O)Nc2ccc(cc2)NC(=O)*)cc1,tg,216.0,244.42098999023438
*c1cc2c(C(=O)N(C2=O)c2ccc(cc2)NC(=O)Nc2ccc(cc2)N2C(=O)c3c(C2=O)cc(cc3)C(=O)Nc2ccc(cc2)NC(=O)Nc2ccc(cc2)NC(=O)*)cc1,tg,208.0,213.66806030273438
*c1cc2c(C(=O)N(C2=O)c2ccc(cc2)NC(=O)Nc2ccc(cc2)N2C(=O)c3c(C2=O)cc(cc3)C(=O)Nc2ccc(cc2)S(=O)(=O)c2ccc(cc2)NC(=O)*)cc1,tg,205.0,242.04412841796875
*c1cc2c(C(=O)N(C2=O)c2ccc(cc2)NC(=O)c2cc(ccc2)C(=O)Nc2ccc(cc2)N2C(=O)c3c(C2=O)cc(cc3)C(=O)*)cc1,tg,247.0,274.0981750488281
*c1cc2c(C(=O)N(C2=O)c2ccc(cc2)NC(=O)c2ccc(cc2)N2C(=O)c3c(C2=O)cc(cc3)C(=O)*)cc1,tg,300.0,299.8738098144531
*c1cc2c(C(=O)N(C2=O)c2ccc(cc2)NC(=S)N=Cc2cc(c(cc2)Cl)N2C(=O)c3c(C2=O)cc(cc3)C(*)(C(F)(F)F)C(F)(F)F)cc1,tg,272.0,269.0517883300781
*c1cc2c(C(=O)N(C2=O)c2ccc(cc2)OC(COc2ccc(cc2)N2C(=O)c3c(C2=O)cc(cc3)C(*)(C(F)(F)F)C(F)(F)F)C)cc1,tg,234.0,229.46299743652344
*c1cc2c(C(=O)N(C2=O)c2ccc(cc2)OCC(COc2ccc(cc2)N2C(=O)c3c(C2=O)cc(cc3)C(=O)*)(C)C)cc1,tg,233.7,241.2308349609375
*c1cc2c(C(=O)N(C2=O)c2ccc(cc2)OCCCCCCCCCCOc2ccc(cc2)N2C(=O)c3c(C2=O)cc(cc3)C(*)(C(F)(F)F)C(F)(F)F)cc1,tg,143.0,160.67515563964844
*c1cc2c(C(=O)N(C2=O)c2ccc(cc2)OCCCCOc2ccc(cc2)N2C(=O)c3c(C2=O)cc(cc3)C(*)(C(F)(F)F)C(F)(F)F)cc1,tg,169.0,189.66552734375
*c1cc2c(C(=O)N(C2=O)c2ccc(cc2)OCCOCCOCCOCCOc2ccc(cc2)N2C(=O)c3c(C2=O)cc(cc3)C(*)(C(F)(F)F)C(F)(F)F)cc1,tg,140.0,147.1638641357422
*c1cc2c(C(=O)N(C2=O)c2ccc(cc2)OCCOCCOCCOc2ccc(cc2)N2C(=O)c3c(C2=O)cc(cc3)C(*)(C(F)(F)F)C(F)(F)F)cc1,tg,166.0,156.08670043945312
*c1cc2c(C(=O)N(C2=O)c2ccc(cc2)OCCOCCOCCOc2ccc(cc2)N2C(=O)c3c(C2=O)cc(cc3)C(=O)*)cc1,tg,200.0,157.4908447265625
*c1cc2c(C(=O)N(C2=O)c2ccc(cc2)OCCOc2ccc(cc2)N2C(=O)c3c(C2=O)cc(cc3)C(=O)*)cc1,tg,246.0,258.94189453125
*c1cc2c(C(=O)N(C2=O)c2ccc(cc2)Oc2c(c(ccc2)Oc2ccc(cc2)N2C(=O)c3c(C2=O)cc(cc3)C(=O)Nc2cc(ccc2)Oc2c(c(ccc2)Oc2cc(ccc2)Oc2c(c(ccc2)Oc2cc(ccc2)NC(=O)*)C#N)C#N)C#N)cc1,tg,199.0,211.46942138671875
*c1cc2c(C(=O)N(C2=O)c2ccc(cc2)Oc2c(c(ccc2)Oc2ccc(cc2)N2C(=O)c3c(C2=O)cc(cc3)C(=O)Nc2ccc(cc2)Oc2c(c(ccc2)Oc2ccc(cc2)NC(=O)*)C#N)C#N)cc1,tg,220.0,244.51065063476562
*c1cc2c(C(=O)N(C2=O)c2ccc(cc2)Oc2c(cc(c(c2)C(C)(C)C)Oc2ccc(cc2)N2C(=O)c3c(C2=O)cc(cc3)C(*)(C(F)(F)F)C(F)(F)F)C(C)(C)C)cc1,tg,277.0,288.3036193847656
*c1cc2c(C(=O)N(C2=O)c2ccc(cc2)Oc2c(cc(c(c2)C(C)(C)C)Oc2ccc(cc2)N2C(=O)c3c(C2=O)cc(cc3)C(=O)*)C(C)(C)C)cc1,tg,288.0,278.1333923339844
*c1cc2c(C(=O)N(C2=O)c2ccc(cc2)Oc2c(cc(cc2)Oc2ccc(cc2)N2C(=O)c3c(C2=O)cc(cc3)C(=O)Nc2ccc(cc2)Oc2ccc(cc2)C2(c3c(C(=O)N2)cccc3)c2ccc(cc2)Oc2ccc(cc2)NC(=O)*)C)cc1,tg,293.0,290.57757568359375
*c1cc2c(C(=O)N(C2=O)c2ccc(cc2)Oc2c(cc(cc2C(C)(C)C)c2ccc(cc2)N2C(=O)c3c(C2=O)cc(cc3)C(=O)*)C(C)(C)C)cc1,tg,347.5,374.2138977050781
*c1cc2c(C(=O)N(C2=O)c2ccc(cc2)Oc2c(cc(cc2C)C(c2cc(c(c(c2)C)Oc2ccc(cc2)N2C(=O)c3c(C2=O)cc(cc3)C(=O)*)C)c2c3c(ccc2)cccc3)C)cc1,tg,272.0,285.6683654785156
*c1cc2c(C(=O)N(C2=O)c2ccc(cc2)Oc2c(cccc2)c2c(cccc2)Oc2ccc(cc2)N2C(=O)c3c(C2=O)cc(cc3)C(=O)Nc2ccc(cc2)Oc2c(cccc2)c2c(cccc2)Oc2ccc(cc2)NC(=O)*)cc1,tg,233.0,266.1063537597656
*c1cc2c(C(=O)N(C2=O)c2ccc(cc2)Oc2c(cccc2)c2c(cccc2)Oc2ccc(cc2)N2C(=O)c3c(C2=O)cc(cc3)C(=O)Nc2ccc(cc2)Oc2ccc(cc2)c2ccc(cc2)Oc2ccc(cc2)NC(=O)*)cc1,tg,254.0,246.85202026367188
*c1cc2c(C(=O)N(C2=O)c2ccc(cc2)Oc2c3c(ccc2)c(ccc3)Oc2ccc(cc2)N2C(=O)c3c(C2=O)cc(cc3)C(=O)*)cc1,tg,229.5,281.78399658203125
*c1cc2c(C(=O)N(C2=O)c2ccc(cc2)Oc2c3c(ccc2)c(ccc3)Oc2ccc(cc2)N2C(=O)c3c(C2=O)cc(cc3)C(=O)Nc2cc(ccc2)NC(=O)*)cc1,tg,263.0,265.6974792480469
*c1cc2c(C(=O)N(C2=O)c2ccc(cc2)Oc2c3c(ccc2)c(ccc3)Oc2ccc(cc2)N2C(=O)c3c(C2=O)cc(cc3)C(=O)Nc2ccc(cc2)Oc2ccc(cc2)C(c2ccc(cc2)Oc2ccc(cc2)NC(=O)*)(C(F)(F)F)C(F)(F)F)cc1,tg,231.0,262.900146484375
*c1cc2c(C(=O)N(C2=O)c2ccc(cc2)Oc2c3c(ccc2)c(ccc3)Oc2ccc(cc2)N2C(=O)c3c(C2=O)cc(cc3)C(=O)Nc2ccc(cc2)Oc2ccc(cc2)C(c2ccc(cc2)Oc2ccc(cc2)NC(=O)*)(C)C)cc1,tg,235.0,246.4119110107422
*c1cc2c(C(=O)N(C2=O)c2ccc(cc2)Oc2c3c(ccc2)c(ccc3)Oc2ccc(cc2)N2C(=O)c3c(C2=O)cc(cc3)C(=O)Nc2ccc(cc2)Oc2ccc(cc2)Oc2ccc(cc2)NC(=O)*)cc1,tg,285.0,253.9860382080078
*c1cc2c(C(=O)N(C2=O)c2ccc(cc2)Oc2c3c(ccc2)c(ccc3)Oc2ccc(cc2)N2C(=O)c3c(C2=O)cc(cc3)C(=O)Nc2ccc(cc2)Oc2ccc(cc2)S(=O)(=O)c2ccc(cc2)Oc2ccc(cc2)NC(=O)*)cc1,tg,260.0,256.5281677246094
*c1cc2c(C(=O)N(C2=O)c2ccc(cc2)Oc2c3c(ccc2)c(ccc3)Oc2ccc(cc2)N2C(=O)c3c(C2=O)cc(cc3)C(=O)Nc2ccc(cc2)Sc2ccc(cc2)NC(=O)*)cc1,tg,265.0,259.4321594238281
*c1cc2c(C(=O)N(C2=O)c2ccc(cc2)Oc2cc(ccc2)Oc2ccc(cc2)N2C(=O)c3c(C2=O)cc(cc3)C(=O)Nc2ccc(cc2)Oc2c(cccc2)c2c(cccc2)Oc2ccc(cc2)NC(=O)*)cc1,tg,229.0,218.26670837402344
*c1cc2c(C(=O)N(C2=O)c2ccc(cc2)Oc2cc(ccc2)Oc2ccc(cc2)N2C(=O)c3c(C2=O)cc(cc3)C(=O)Nc2ccc(cc2)Oc2ccc(cc2)C2(c3c(C(=O)N2)cccc3)c2ccc(cc2)Oc2ccc(cc2)NC(=O)*)cc1,tg,267.0,273.5766296386719
*c1cc2c(C(=O)N(C2=O)c2ccc(cc2)Oc2cc(ccc2)c2nc(cc(c2)c2ccccc2)c2cc(ccc2)Oc2ccc(cc2)N2C(=O)c3c(C2=O)cc(cc3)C(*)(C(F)(F)F)C(F)(F)F)cc1,tg,180.0,236.7931671142578
*c1cc2c(C(=O)N(C2=O)c2ccc(cc2)Oc2cc3c(cc2)ccc(c3)Oc2ccc(cc2)N2C(=O)c3c(C2=O)cc(cc3)C(*)(C(F)(F)F)C(F)(F)F)cc1,tg,302.3,266.64715576171875
*c1cc2c(C(=O)N(C2=O)c2ccc(cc2)Oc2cc3c(cc2)ccc(c3)Oc2ccc(cc2)N2C(=O)c3c(C2=O)cc(cc3)C(=O)Nc2cc(ccc2)NC(=O)*)cc1,tg,286.0,280.8354797363281
*c1cc2c(C(=O)N(C2=O)c2ccc(cc2)Oc2cc3c(cc2)ccc(c3)Oc2ccc(cc2)N2C(=O)c3c(C2=O)cc(cc3)C(=O)Nc2cc(ccc2)Oc2ccc(cc2)NC(=O)*)cc1,tg,263.0,245.0686492919922
*c1cc2c(C(=O)N(C2=O)c2ccc(cc2)Oc2cc3c(cc2)ccc(c3)Oc2ccc(cc2)N2C(=O)c3c(C2=O)cc(cc3)C(=O)Nc2ccc(cc2)C(c2ccc(cc2)NC(=O)*)(C(F)(F)F)C(F)(F)F)cc1,tg,292.0,277.0574951171875
*c1cc2c(C(=O)N(C2=O)c2ccc(cc2)Oc2cc3c(cc2)ccc(c3)Oc2ccc(cc2)N2C(=O)c3c(C2=O)cc(cc3)C(=O)Nc2ccc(cc2)Cc2ccc(cc2)NC(=O)*)cc1,tg,273.0,262.0092468261719
*c1cc2c(C(=O)N(C2=O)c2ccc(cc2)Oc2cc3c(cc2)ccc(c3)Oc2ccc(cc2)N2C(=O)c3c(C2=O)cc(cc3)C(=O)Nc2ccc(cc2)Oc2ccc(cc2)C(c2ccc(cc2)Oc2ccc(cc2)NC(=O)*)(C(F)(F)F)C(F)(F)F)cc1,tg,250.0,239.3033905029297
*c1cc2c(C(=O)N(C2=O)c2ccc(cc2)Oc2cc3c(cc2)ccc(c3)Oc2ccc(cc2)N2C(=O)c3c(C2=O)cc(cc3)C(=O)Nc2ccc(cc2)Oc2ccc(cc2)C(c2ccc(cc2)Oc2ccc(cc2)NC(=O)*)(C)C)cc1,tg,250.0,258.42047119140625
*c1cc2c(C(=O)N(C2=O)c2ccc(cc2)Oc2cc3c(cc2Oc2ccc(cc2)N2C(=O)c4c(C2=O)cc(cc4)C(=O)*)cccc3)cc1,tg,246.0,258.47589111328125
*c1cc2c(C(=O)N(C2=O)c2ccc(cc2)Oc2ccc(cc2)C(=O)*)cc1,tg,297.0,272.7151184082031
*c1cc2c(C(=O)N(C2=O)c2ccc(cc2)Oc2ccc(cc2)C(=O)c2cc(ccc2)C(=O)c2ccc(cc2)Oc2ccc(cc2)N2C(=O)c3c(C2=O)cc(cc3)C(*)(C(F)(F)F)C(F)(F)F)cc1,tg,236.0,232.57066345214844
*c1cc2c(C(=O)N(C2=O)c2ccc(cc2)Oc2ccc(cc2)C(=O)c2cc(ccc2)C(=O)c2ccc(cc2)Oc2ccc(cc2)N2C(=O)c3c(C2=O)cc(cc3)C(=O)*)cc1,tg,227.82,233.35023498535156
*c1cc2c(C(=O)N(C2=O)c2ccc(cc2)Oc2ccc(cc2)C(=O)c2cc(ccc2)N2C(=O)c3c(C2=O)cc(cc3)C(=O)*)cc1,tg,251.0,261.54559326171875
*c1cc2c(C(=O)N(C2=O)c2ccc(cc2)Oc2ccc(cc2)C(=O)c2ccc(cc2)C(=O)c2ccc(cc2)C(=O)c2ccc(cc2)Oc2ccc(cc2)N2C(=O)c3c(C2=O)cc(cc3)C(=O)*)cc1,tg,233.0,259.8415222167969
*c1cc2c(C(=O)N(C2=O)c2ccc(cc2)Oc2ccc(cc2)C(=O)c2ccc(cc2)C(=O)c2ccc(cc2)Oc2ccc(cc2)N2C(=O)c3c(C2=O)cc(cc3)C(=O)*)cc1,tg,233.0,250.04638671875
*c1cc2c(C(=O)N(C2=O)c2ccc(cc2)Oc2ccc(cc2)C(=O)c2ccc(cc2)Oc2ccc(cc2)N2C(=O)c3c(C2=O)cc(cc3)C(=O)*)cc1,tg,252.0,235.70826721191406
*c1cc2c(C(=O)N(C2=O)c2ccc(cc2)Oc2ccc(cc2)C(=O)c2nc(ccc2)C(=O)c2ccc(cc2)Oc2ccc(cc2)N2C(=O)c3c(C2=O)cc(cc3)C(=O)*)cc1,tg,314.5,222.96311950683594
*c1cc2c(C(=O)N(C2=O)c2ccc(cc2)Oc2ccc(cc2)C(c2ccc(cc2)Oc2ccc(cc2)N2C(=O)c3c(C2=O)cc(cc3)C(*)(C(F)(F)F)C(F)(F)F)(C(F)(F)F)C(F)(F)F)cc1,tg,259.43,257.8734436035156
*c1cc2c(C(=O)N(C2=O)c2ccc(cc2)Oc2ccc(cc2)C(c2ccc(cc2)Oc2ccc(cc2)N2C(=O)c3c(C2=O)cc(cc3)C(*)(C(F)(F)F)C(F)(F)F)(C)C)cc1,tg,244.4,253.0675048828125
*c1cc2c(C(=O)N(C2=O)c2ccc(cc2)Oc2ccc(cc2)C(c2ccc(cc2)Oc2ccc(cc2)N2C(=O)c3c(C2=O)cc(cc3)C(=O)*)(C)C)cc1,tg,287.73,246.7147216796875
*c1cc2c(C(=O)N(C2=O)c2ccc(cc2)Oc2ccc(cc2)C(c2ccc(cc2)Oc2ccc(cc2)N2C(=O)c3c(C2=O)cc(cc3)C(=O)Nc2ccc(cc2)Oc2ccc(cc2)c2ccc(cc2)Oc2ccc(cc2)NC(=O)*)(C)C)cc1,tg,283.0,238.9785614013672
*c1cc2c(C(=O)N(C2=O)c2ccc(cc2)Oc2ccc(cc2)C2(C3C4C(CCC4)C(C2)C3)c2ccc(cc2)Oc2ccc(cc2)N2C(=O)c3c(C2=O)cc(cc3)C(=O)Nc2ccc(cc2)Oc2c(cc(c(c2)C(C)(C)C)Oc2ccc(cc2)NC(=O)*)C(C)(C)C)cc1,tg,290.0,265.5356140136719
*c1cc2c(C(=O)N(C2=O)c2ccc(cc2)Oc2ccc(cc2)C2(C3C4C(CCC4)C(C2)C3)c2ccc(cc2)Oc2ccc(cc2)N2C(=O)c3c(C2=O)cc(cc3)C(=O)Nc2ccc(cc2)Oc2c(cc(cc2)Oc2ccc(cc2)NC(=O)*)C(C)(C)C)cc1,tg,275.0,274.9217529296875
*c1cc2c(C(=O)N(C2=O)c2ccc(cc2)Oc2ccc(cc2)C2(C3C4C(CCC4)C(C2)C3)c2ccc(cc2)Oc2ccc(cc2)N2C(=O)c3c(C2=O)cc(cc3)C(=O)Nc2ccc(cc2)Oc2c(cc(cc2C)C(c2cc(c(c(c2)C)Oc2ccc(cc2)NC(=O)*)C)(C)C)C)cc1,tg,276.0,284.3521423339844
*c1cc2c(C(=O)N(C2=O)c2ccc(cc2)Oc2ccc(cc2)C2(C3C4C(CCC4)C(C2)C3)c2ccc(cc2)Oc2ccc(cc2)N2C(=O)c3c(C2=O)cc(cc3)C(=O)Nc2ccc(cc2)Oc2ccc(cc2)C(c2ccc(cc2)Oc2ccc(cc2)NC(=O)*)(C(F)(F)F)C(F)(F)F)cc1,tg,254.0,256.2655029296875
*c1cc2c(C(=O)N(C2=O)c2ccc(cc2)Oc2ccc(cc2)C2(C3C4C(CCC4)C(C2)C3)c2ccc(cc2)Oc2ccc(cc2)N2C(=O)c3c(C2=O)cc(cc3)C(=O)Nc2ccc(cc2)Oc2ccc(cc2)NC(=O)*)cc1,tg,250.0,277.7870788574219
*c1cc2c(C(=O)N(C2=O)c2ccc(cc2)Oc2ccc(cc2)C2(C3C4C(CCC4)C(C2)C3)c2ccc(cc2)Oc2ccc(cc2)N2C(=O)c3c(C2=O)cc(cc3)C(=O)Nc2ccc(cc2)Oc2ccc(cc2)Oc2ccc(cc2)NC(=O)*)cc1,tg,257.0,258.3251647949219
*c1cc2c(C(=O)N(C2=O)c2ccc(cc2)Oc2ccc(cc2)C2(c3c(C(=O)N2)cccc3)c2ccc(cc2)Oc2ccc(cc2)N2C(=O)c3c(C2=O)cc(cc3)C(=O)Nc2cc(ccc2)NC(=O)*)cc1,tg,328.0,312.51129150390625
*c1cc2c(C(=O)N(C2=O)c2ccc(cc2)Oc2ccc(cc2)C2(c3c(C(=O)N2)cccc3)c2ccc(cc2)Oc2ccc(cc2)N2C(=O)c3c(C2=O)cc(cc3)C(=O)Nc2cc(ccc2)Oc2ccc(cc2)NC(=O)*)cc1,tg,302.0,299.7228088378906
*c1cc2c(C(=O)N(C2=O)c2ccc(cc2)Oc2ccc(cc2)C2(c3c(C(=O)N2)cccc3)c2ccc(cc2)Oc2ccc(cc2)N2C(=O)c3c(C2=O)cc(cc3)C(=O)Nc2ccc(cc2)Oc2ccc(cc2)NC(=O)*)cc1,tg,325.0,313.9654846191406
*c1cc2c(C(=O)N(C2=O)c2ccc(cc2)Oc2ccc(cc2)C2(c3c(C(=O)N2)cccc3)c2ccc(cc2)Oc2ccc(cc2)N2C(=O)c3c(C2=O)cc(cc3)C(=O)Nc2ccc(cc2)Oc2ccc(cc2)Oc2ccc(cc2)NC(=O)*)cc1,tg,300.0,300.0333251953125
*c1cc2c(C(=O)N(C2=O)c2ccc(cc2)Oc2ccc(cc2)C2(c3c(C(=O)N2)cccc3)c2ccc(cc2)Oc2ccc(cc2)N2C(=O)c3c(C2=O)cc(cc3)C(=O)Nc2ccc(cc2)Sc2ccc(cc2)NC(=O)*)cc1,tg,312.0,308.9940185546875
*c1cc2c(C(=O)N(C2=O)c2ccc(cc2)Oc2ccc(cc2)N2C(=O)c3c(C2=O)cc(cc3)C(*)(C(F)(F)F)C(F)(F)F)cc1,tg,304.1,300.353271484375
*c1cc2c(C(=O)N(C2=O)c2ccc(cc2)Oc2ccc(cc2)N2C(=O)c3c(C2=O)cc(cc3)C(=O)*)cc1,tg,270.76,288.89141845703125
*c1cc2c(C(=O)N(C2=O)c2ccc(cc2)Oc2ccc(cc2)N2C(=O)c3c(C2=O)cc(cc3)C(=O)N2C(=O)N(C(=O)C2(C)C)C(=O)*)cc1,tg,156.0,207.18911743164062
*c1cc2c(C(=O)N(C2=O)c2ccc(cc2)Oc2ccc(cc2)N2C(=O)c3c(C2=O)cc(cc3)C(=O)N2C(=S)N(C(C(=C2C)C(=O)OCC)c2ccccc2)C(=O)*)cc1,tg,155.0,195.87435913085938
*c1cc2c(C(=O)N(C2=O)c2ccc(cc2)Oc2ccc(cc2)N2C(=O)c3c(C2=O)cc(cc3)C(=O)Nc2c(cc(cc2)NC(=O)*)OCCCCCCS(=O)(=O)c2ccc(cc2)C=Cc2ccc(cc2)N(C)C)cc1,tg,192.0,235.21910095214844
*c1cc2c(C(=O)N(C2=O)c2ccc(cc2)Oc2ccc(cc2)N2C(=O)c3c(C2=O)cc(cc3)C(=O)Nc2cc(ccc2)Oc2ccc(cc2)NC(=O)*)cc1,tg,236.0,245.7685089111328
*c1cc2c(C(=O)N(C2=O)c2ccc(cc2)Oc2ccc(cc2)N2C(=O)c3c(C2=O)cc(cc3)C(=O)Nc2ccc(cc2)C2(c3ccccc3c3ccccc23)c2ccc(cc2)NC(=O)*)cc1,tg,240.0,276.5777587890625
*c1cc2c(C(=O)N(C2=O)c2ccc(cc2)Oc2ccc(cc2)N2C(=O)c3c(C2=O)cc(cc3)C(=O)Nc2ccc(cc2)Cc2ccc(cc2)NC(=O)*)cc1,tg,270.0,257.0321044921875
*c1cc2c(C(=O)N(C2=O)c2ccc(cc2)Oc2ccc(cc2)N2C(=O)c3c(C2=O)cc(cc3)C(=O)Nc2ccc(cc2)Oc2c(cccc2)c2c(cccc2)Oc2ccc(cc2)NC(=O)*)cc1,tg,241.5,232.705810546875
*c1cc2c(C(=O)N(C2=O)c2ccc(cc2)Oc2ccc(cc2)N2C(=O)c3c(C2=O)cc(cc3)C(=O)Nc2ccc(cc2)Oc2ccc(cc2)Oc2ccc(cc2)NC(=O)*)cc1,tg,260.0,218.2754669189453
*c1cc2c(C(=O)N(C2=O)c2ccc(cc2)Oc2ccc(cc2)N2C(=O)c3c(C2=O)cc(cc3)C(=O)Nc2ccc(cc2)Oc2ccc(cc2)c2ccc(cc2)Oc2ccc(cc2)NC(=O)*)cc1,tg,262.0,278.0555419921875
*c1cc2c(C(=O)N(C2=O)c2ccc(cc2)Oc2ccc(cc2)N2C(=O)c3c(C2=O)cc(cc3)C(=O)Nc2ccc(cc2)Sc2ccc(cc2)NC(=O)*)cc1,tg,284.0,245.41464233398438
*c1cc2c(C(=O)N(C2=O)c2ccc(cc2)Oc2ccc(cc2)N2C(=O)c3c(C2=O)cc(cc3)C(=O)OCCCCCCCCCCCCOC(=O)*)cc1,tg,105.0,79.1181640625
*c1cc2c(C(=O)N(C2=O)c2ccc(cc2)Oc2ccc(cc2)N2C(=O)c3c(C2=O)cc(cc3)C(=O)Oc2ccc(cc2)C(c2ccc(cc2)OC(=O)*)(C)C)cc1,tg,200.0,230.08985900878906
*c1cc2c(C(=O)N(C2=O)c2ccc(cc2)Oc2ccc(cc2)N2C(=O)c3c(C2=O)cc(cc3)C(=O)c2cc(cc(c2)c2ccccc2)C(=O)*)cc1,tg,258.5,250.85479736328125
*c1cc2c(C(=O)N(C2=O)c2ccc(cc2)Oc2ccc(cc2)N2C(=O)c3c(C2=O)cc(cc3)C(=O)c2cc(ccc2)C(=O)*)cc1,tg,244.0,255.01800537109375
*c1cc2c(C(=O)N(C2=O)c2ccc(cc2)Oc2ccc(cc2)N2C(=O)c3c(C2=O)cc(cc3)C(=O)c2ccc(cc2)Oc2ccc(cc2)C(c2ccc(cc2)Oc2ccc(cc2)C(=O)*)(C)C)cc1,tg,229.0,228.39892578125
*c1cc2c(C(=O)N(C2=O)c2ccc(cc2)Oc2ccc(cc2)N2C(=O)c3c(C2=O)cc(cc3)C(=O)c2ccc(cc2)Oc2ccc(cc2)C2(c3c(C(=O)O2)cccc3)c2ccc(cc2)Oc2ccc(cc2)C(=O)*)cc1,tg,260.0,252.2369384765625
*c1cc2c(C(=O)N(C2=O)c2ccc(cc2)Oc2ccc(cc2)N2C(=O)c3c(C2=O)cc(cc3)C(=O)c2ccc(cc2)Oc2ccc(cc2)Oc2ccc(cc2)C(=O)*)cc1,tg,220.0,228.88063049316406
*c1cc2c(C(=O)N(C2=O)c2ccc(cc2)Oc2ccc(cc2)N2C(=O)c3c(C2=O)cc(cc3)C(=O)c2ccc(cc2)Oc2ccc(cc2)S(=O)(=O)c2ccc(cc2)Oc2ccc(cc2)C(=O)*)cc1,tg,229.0,236.9756317138672
*c1cc2c(C(=O)N(C2=O)c2ccc(cc2)Oc2ccc(cc2)N2C(=O)c3c(C2=O)cc(cc3)C(=O)c2ccc(cc2)Oc2ccc(cc2)c2ccc(cc2)Oc2ccc(cc2)C(=O)*)cc1,tg,233.0,231.5880126953125
*c1cc2c(C(=O)N(C2=O)c2ccc(cc2)Oc2ccc(cc2)N2C(=O)c3c(C2=O)cc(cc3)C(C(C(*)(F)F)(F)F)(F)F)cc1,tg,216.5,245.6424560546875
*c1cc2c(C(=O)N(C2=O)c2ccc(cc2)Oc2ccc(cc2)N2C(=O)c3c(C2=O)cc(cc3)C(C(C(C(C(C(*)(F)F)(F)F)(F)F)(F)F)(F)F)(F)F)cc1,tg,185.0,194.62542724609375
*c1cc2c(C(=O)N(C2=O)c2ccc(cc2)Oc2ccc(cc2)N2C(=O)c3c(C2=O)cc(cc3)C(C(C(C(C(C(C(*)(F)F)(F)F)(F)F)(F)F)(F)F)(F)F)(F)F)cc1,tg,178.0,173.33497619628906
*c1cc2c(C(=O)N(C2=O)c2ccc(cc2)Oc2ccc(cc2)N2C(=O)c3c(C2=O)cc(cc3)c2c(c(c(c(c2c2ccccc2)c2ccccc2)c2ccc(cc2)Oc2ccc(cc2)c2c(c(c(c(c2c2ccccc2)c2ccccc2)*)c2ccccc2)c2ccccc2)c2ccccc2)c2ccccc2)cc1,tg,329.0,328.6226501464844
*c1cc2c(C(=O)N(C2=O)c2ccc(cc2)Oc2ccc(cc2)N2C(=O)c3c(C2=O)cc(cc3)c2c(c(c(c(c2c2ccccc2)c2ccccc2)c2ccc(cc2)Sc2ccc(cc2)c2c(c(c(c(c2c2ccccc2)c2ccccc2)*)c2ccccc2)c2ccccc2)c2ccccc2)c2ccccc2)cc1,tg,322.0,335.39935302734375
*c1cc2c(C(=O)N(C2=O)c2ccc(cc2)Oc2ccc(cc2)NC(=O)*)cc1,tg,290.17,290.2531433105469
*c1cc2c(C(=O)N(C2=O)c2ccc(cc2)Oc2ccc(cc2)Oc2ccc(cc2)N2C(=O)c3c(C2=O)cc(cc3)C(*)(C(F)(F)F)C(F)(F)F)cc1,tg,272.0,264.7138671875
*c1cc2c(C(=O)N(C2=O)c2ccc(cc2)Oc2ccc(cc2)Oc2ccc(cc2)N2C(=O)c3c(C2=O)cc(cc3)C(=O)Nc2ccc(cc2)Oc2c(cccc2)c2c(cccc2)Oc2ccc(cc2)NC(=O)*)cc1,tg,238.0,249.84262084960938
*c1cc2c(C(=O)N(C2=O)c2ccc(cc2)Oc2ccc(cc2)Oc2ccc(cc2)N2C(=O)c3c(C2=O)cc(cc3)C(=O)Nc2ccc(cc2)Oc2ccc(cc2)C2(c3c(C(=O)N2)cccc3)c2ccc(cc2)Oc2ccc(cc2)NC(=O)*)cc1,tg,284.0,295.9910583496094
*c1cc2c(C(=O)N(C2=O)c2ccc(cc2)Oc2ccc(cc2)Oc2ccc(cc2)N2C(=O)c3c(C2=O)cc(cc3)C(=O)Oc2ccc(cc2)OC(=O)*)cc1,tg,230.0,192.01292419433594
*c1cc2c(C(=O)N(C2=O)c2ccc(cc2)Oc2ccc(cc2)S(=O)(=O)c2ccc(cc2)Oc2ccc(cc2)N2C(=O)c3c(C2=O)cc(cc3)C(*)(C(F)(F)F)C(F)(F)F)cc1,tg,276.04,278.6219787597656
*c1cc2c(C(=O)N(C2=O)c2ccc(cc2)Oc2ccc(cc2)S(=O)(=O)c2ccc(cc2)Oc2ccc(cc2)N2C(=O)c3c(C2=O)cc(cc3)C(=O)Nc2ccc(cc2)Oc2c(cccc2)c2c(cccc2)Oc2ccc(cc2)NC(=O)*)cc1,tg,236.0,240.7276153564453
*c1cc2c(C(=O)N(C2=O)c2ccc(cc2)Oc2ccc(cc2)S(=O)(=O)c2ccc(cc2)Oc2ccc(cc2)N2C(=O)c3c(C2=O)cc(cc3)C(=O)Nc2ccc(cc2)Oc2ccc(cc2)c2ccc(cc2)Oc2ccc(cc2)NC(=O)*)cc1,tg,267.0,269.7854919433594
*c1cc2c(C(=O)N(C2=O)c2ccc(cc2)Oc2ccc(cc2)S(=O)(=O)c2ccc(cc2)Oc2ccc(cc2)N2C(=O)c3c(C2=O)cc(cc3)C(=O)c2cc(cc(c2)C(C)(C)C)C(=O)*)cc1,tg,254.5,240.42926025390625
*c1cc2c(C(=O)N(C2=O)c2ccc(cc2)Oc2ccc(cc2)S(=O)(=O)c2ccc(cc2)Oc2ccc(cc2)N2C(=O)c3c(C2=O)cc(cc3)C(=O)c2cc(cc(c2)c2ccccc2)C(=O)*)cc1,tg,256.5,246.1878204345703
*c1cc2c(C(=O)N(C2=O)c2ccc(cc2)Oc2ccc(cc2)c2ccc(cc2)Oc2ccc(cc2)N2C(=O)c3c(C2=O)cc(cc3)C(*)(C(F)(F)F)C(F)(F)F)cc1,tg,288.0,279.9416198730469
*c1cc2c(C(=O)N(C2=O)c2ccc(cc2)Oc2ccc(cc2)c2ccc(cc2)Oc2ccc(cc2)N2C(=O)c3c(C2=O)cc(cc3)C(=O)Nc2ccc(cc2)Oc2c(cccc2)c2c(cccc2)Oc2ccc(cc2)NC(=O)*)cc1,tg,233.0,242.70851135253906
*c1cc2c(C(=O)N(C2=O)c2ccc(cc2)Oc2ccc(cc2)c2ccc(cc2)Oc2ccc(cc2)N2C(=O)c3c(C2=O)cc(cc3)c2ccc(cc2)c2ccc(cc2)c2ccc(cc2)c2ccc(cc2)*)cc1,tg,232.0,242.99111938476562
*c1cc2c(C(=O)N(C2=O)c2ccc(cc2)S(=O)(=O)c2ccc(cc2)N2C(=O)c3c(C2=O)cc(cc3)C(=O)Nc2cc(ccc2)NC(=O)*)cc1,tg,311.0,322.5251159667969
*c1cc2c(C(=O)N(C2=O)c2ccc(cc2)S(=O)(=O)c2ccc(cc2)N2C(=O)c3c(C2=O)cc(cc3)C(=O)Nc2ccc(cc2)NC(=O)*)cc1,tg,368.0,294.31036376953125
*c1cc2c(C(=O)N(C2=O)c2ccc(cc2)S(=O)(=O)c2ccc(cc2)N2C(=O)c3c(C2=O)cc(cc3)C(=O)Nc2ccc(cc2)Oc2ccc(cc2)NC(=O)*)cc1,tg,281.0,305.80230712890625
*c1cc2c(C(=O)N(C2=O)c2ccc(cc2)S(=O)(=O)c2ccc(cc2)N2C(=O)c3c(C2=O)cc(cc3)C(=O)Nc2ccc(cc2)Oc2ccc(cc2)Oc2ccc(cc2)NC(=O)*)cc1,tg,243.0,267.23095703125
*c1cc2c(C(=O)N(C2=O)c2ccc(cc2)S(=O)(=O)c2ccc(cc2)N2C(=O)c3c(C2=O)cc(cc3)C(=O)Nc2ccc(cc2)S(=O)(=O)c2ccc(cc2)NC(=O)*)cc1,tg,307.0,303.8061828613281
*c1cc2c(C(=O)N(C2=O)c2ccc(cc2)S(=O)(=O)c2ccc(cc2)N2C(=O)c3c(C2=O)cc(cc3)C(=O)Nc2ccc(cc2)c2ccc(cc2)NC(=O)*)cc1,tg,370.0,328.21343994140625
*c1cc2c(C(=O)N(C2=O)c2ccc(cc2)S(=O)(=O)c2ccc(cc2)N2C(=O)c3c(C2=O)cc(cc3)C(=O)Oc2ccc(cc2)OCCCCCCCCCCCCOc2ccc(cc2)OC(=O)*)cc1,tg,140.0,126.75200653076172
*c1cc2c(C(=O)N(C2=O)c2ccc(cc2)S(=O)(=O)c2ccc(cc2)N2C(=O)c3c(C2=O)cc(cc3)C(C(C(*)(F)F)(F)F)(F)F)cc1,tg,259.0,242.5117645263672
*c1cc2c(C(=O)N(C2=O)c2ccc(cc2)S(=O)(=O)c2ccc(cc2)S(=O)(=O)c2ccc(cc2)N2C(=O)c3c(C2=O)cc(cc3)C(*)(C(F)(F)F)C(F)(F)F)cc1,tg,331.0,314.8437805175781
*c1cc2c(C(=O)N(C2=O)c2ccc(cc2)S(=O)(=O)c2ccc(cc2)S(=O)(=O)c2ccc(cc2)S(=O)(=O)c2ccc(cc2)N2C(=O)c3c(C2=O)cc(cc3)C(*)(C(F)(F)F)C(F)(F)F)cc1,tg,327.0,321.882080078125
*c1cc2c(C(=O)N(C2=O)c2ccc(cc2)Sc2ccc(cc2)Oc2ccc(cc2)Sc2ccc(cc2)N2C(=O)c3c(C2=O)cc(cc3)C(*)(C(F)(F)F)C(F)(F)F)cc1,tg,232.67,244.42184448242188
*c1cc2c(C(=O)N(C2=O)c2ccc(cc2)Sc2ccc(cc2)Oc2ccc(cc2)Sc2ccc(cc2)N2C(=O)c3c(C2=O)cc(cc3)C(=O)Nc2ccc(cc2)C2(c3ccccc3c3ccccc23)c2ccc(cc2)NC(=O)*)cc1,tg,273.67,206.57122802734375
*c1cc2c(C(=O)N(C2=O)c2ccc(cc2)Sc2ccc(cc2)Sc2ccc(cc2)N2C(=O)c3c(C2=O)cc(cc3)C(*)(C(F)(F)F)C(F)(F)F)cc1,tg,257.0,239.06736755371094
*c1cc2c(C(=O)N(C2=O)c2ccc(cc2)Sc2ccc(cc2)Sc2ccc(cc2)Sc2ccc(cc2)Sc2ccc(cc2)N2C(=O)c3c(C2=O)cc(cc3)C(*)(C(F)(F)F)C(F)(F)F)cc1,tg,216.0,238.9862060546875
*c1cc2c(C(=O)N(C2=O)c2ccc(cc2)c2cc(c(cc2)Oc2cc3c(C(CC3(c3ccc(cc3)Oc3c(cc(cc3)c3ccc(cc3)N3C(=O)c4c(C3=O)cc(cc4)C(*)(C(F)(F)F)C(F)(F)F)C(F)(F)F)C)(C)C)cc2)C(F)(F)F)cc1,tg,262.0,263.47662353515625
*c1cc2c(C(=O)N(C2=O)c2ccc(cc2)c2ccc(cc2)N2C(=O)c3c(C2=O)cc(cc3)C(=O)*)cc1,tg,337.0,333.1576232910156
*c1cc2c(C(=O)N(C2=O)c2ccc(cc2)c2nc(cc(c2)c2ccc(cc2)OCCCC#N)c2ccc(cc2)N2C(=O)c3c(C2=O)cc(cc3)C(*)(C(F)(F)F)C(F)(F)F)cc1,tg,339.0,315.7822570800781
*c1cc2c(C(=O)N(C2=O)c2ccc(cc2)c2sc(c(c2c2ccccc2)c2ccccc2)c2ccc(cc2)N2C(=O)c3c(C2=O)cc(cc3)C(=O)Nc2cc(ccc2)C(=O)c2cc(ccc2)NC(=O)*)cc1,tg,308.0,293.16650390625
*c1cc2c(C(=O)N(C2=O)c2ccc(cc2)c2sc(c(c2c2ccccc2)c2ccccc2)c2ccc(cc2)N2C(=O)c3c(C2=O)cc(cc3)C(=O)Nc2cc(ccc2)NC(=O)*)cc1,tg,334.0,295.9797058105469
*c1cc2c(C(=O)N(C2=O)c2ccc(cc2)c2sc(c(c2c2ccccc2)c2ccccc2)c2ccc(cc2)N2C(=O)c3c(C2=O)cc(cc3)C(=O)Nc2cc(ccc2)Oc2ccc(cc2)NC(=O)*)cc1,tg,315.0,288.16607666015625
*c1cc2c(C(=O)N(C2=O)c2ccc(cc2)c2sc(c(c2c2ccccc2)c2ccccc2)c2ccc(cc2)N2C(=O)c3c(C2=O)cc(cc3)C(=O)Nc2ccc(cc2)Cc2ccc(cc2)NC(=O)*)cc1,tg,253.0,322.8215026855469
*c1cc2c(C(=O)N(C2=O)c2ccc(cc2)c2sc(c(c2c2ccccc2)c2ccccc2)c2ccc(cc2)N2C(=O)c3c(C2=O)cc(cc3)C(=O)Nc2ccc(cc2)NC(=O)*)cc1,tg,333.0,313.3288269042969
*c1cc2c(C(=O)N(C2=O)c2ccc(cc2)c2sc(c(c2c2ccccc2)c2ccccc2)c2ccc(cc2)N2C(=O)c3c(C2=O)cc(cc3)C(=O)Nc2ccc(cc2)Oc2ccc(cc2)NC(=O)*)cc1,tg,320.0,296.1294860839844
*c1cc2c(C(=O)N(C2=O)c2ccc(cc2)c2sc(c(c2c2ccccc2)c2ccccc2)c2ccc(cc2)N2C(=O)c3c(C2=O)cc(cc3)C(=O)Nc2ccc(cc2)Oc2ccc(cc2)Oc2ccc(cc2)NC(=O)*)cc1,tg,303.0,291.3724365234375
*c1cc2c(C(=O)N(C2=O)c2ccc(cc2)c2sc(c(c2c2ccccc2)c2ccccc2)c2ccc(cc2)N2C(=O)c3c(C2=O)cc(cc3)C(=O)Nc2ccc(cc2)S(=O)(=O)c2ccc(cc2)NC(=O)*)cc1,tg,340.0,343.84686279296875
*c1cc2c(C(=O)N(C2=O)c2ccc(nc2)Sc2ncc(cc2)N2C(=O)c3c(C2=O)cc(cc3)C(=O)*)cc1,tg,246.0,301.9930114746094
*c1cc2c(C(=O)N(C2=O)c2ccc3Cc4c(c3c2)cc(cc4)N2C(=O)c3c(C2=O)cc(cc3)C(*)(C(F)(F)F)C(F)(F)F)cc1,tg,394.0,336.2930603027344
*c1cc2c(C(=O)OC2=Nc2cc(ccc2)Oc2cc(ccc2)Oc2cc(ccc2)N=C2OC(=O)c3c2cc(cc3)C(=O)*)cc1,tg,190.0,222.40597534179688
*c1cc2c(C(=O)OC2=Nc2ccc(cc2)Oc2ccc(cc2)C(c2ccc(cc2)Oc2ccc(cc2)N=C2OC(=O)c3c2cc(cc3)C(=O)*)(C(F)(F)F)C(F)(F)F)cc1,tg,248.0,181.69627380371094
*c1cc2c(cc1)cc(cc2)C(=Cc1c(cc(c(c1)OC)C=C(*)c1ccc(cc1)F)OC)c1ccc(cc1)F,tg,208.0,199.4697723388672
*c1cc2c(cc1)cc(cc2)C(=Cc1c(cc(c(c1)OC)C=C(*)c1ccccc1)OC)c1ccccc1,tg,198.0,201.8827362060547
*c1cc2c(cc1)oc(=O)c(c2)C(=O)Nc1ccc(cc1)C(c1ccc(cc1)NC(=O)c1c(=O)oc2c(cc(cc2)C*)c1)(C(F)(F)F)C(F)(F)F,tg,329.0,329.03363037109375
*c1cc2c(cc1)oc(=O)c(c2)C(=O)Nc1ccc(cc1)Oc1ccc(cc1)C(c1ccc(cc1)Oc1ccc(cc1)NC(=O)c1c(=O)oc2c(cc(cc2)C*)c1)(C(F)(F)F)C(F)(F)F,tg,283.0,295.19842529296875
*c1cc2c(cc1)oc(=O)c(c2)C(=O)Nc1ccc(cc1)Oc1ccc(cc1)NC(=O)c1c(=O)oc2c(cc(cc2)C*)c1,tg,312.0,300.7041931152344
*c1cc2c(cc1)oc(=O)c(c2)C(=O)Nc1ccc(cc1)Oc1ccc(cc1)Oc1ccc(cc1)NC(=O)c1c(=O)oc2c(cc(cc2)C*)c1,tg,290.0,290.8276672363281
*c1cc2c(cc1OC(=O)COc1ccc3c(c1)oc(=O)cc3)oc(=O)c(c2)C(=O)Nc1cc(ccc1)NC(=O)c1c(=O)oc2c(cc(c(c2)OC(=O)COc2ccc3c(c2)oc(=O)cc3)C*)c1,tg,240.0,229.41897583007812
*c1cc2c(cc1OC(=O)COc1ccc3c(c1)oc(=O)cc3)oc(=O)c(c2)C(=O)Nc1ccc(cc1)C(c1ccc(cc1)NC(=O)c1c(=O)oc2c(cc(c(c2)OC(=O)COc2ccc3c(c2)oc(=O)cc3)C*)c1)(C(F)(F)F)C(F)(F)F,tg,257.0,255.00132751464844
*c1cc2c(cc1OC(=O)COc1ccc3c(c1)oc(=O)cc3)oc(=O)c(c2)C(=O)Nc1ccc(cc1)Cc1ccc(cc1)NC(=O)c1c(=O)oc2c(cc(c(c2)OC(=O)COc2ccc3c(c2)oc(=O)cc3)C*)c1,tg,221.0,233.72067260742188
*c1cc2c(cc1OC(=O)COc1ccc3c(c1)oc(=O)cc3)oc(=O)c(c2)C(=O)Nc1ccc(cc1)NC(=O)c1c(=O)oc2c(cc(c(c2)OC(=O)COc2ccc3c(c2)oc(=O)cc3)C*)c1,tg,252.0,233.63294982910156
*c1cc2c(cc1OC(=O)COc1ccc3c(c1)oc(=O)cc3)oc(=O)c(c2)C(=O)Nc1ccc(cc1)Oc1ccc(cc1)NC(=O)c1c(=O)oc2c(cc(c(c2)OC(=O)COc2ccc3c(c2)oc(=O)cc3)C*)c1,tg,226.0,237.27040100097656
*c1cc2c(nc([nH]2)S(=O)(=O)c2nc3c([nH]2)ccc(c3)c2cc(ccc2)*)cc1,tg,286.5,360.557373046875
*c1cc2c(nc(c(n2)c2ccc(cc2)N2C(=O)c3c(C2=O)cc(cc3)C(=O)c2cc3c(C(=O)N(C3=O)c3ccc(cc3)c3c(nc4c(n3)cc(cc4)C(=O)*)c3ccccc3)cc2)c2ccccc2)cc1,tg,255.0,292.92022705078125
*c1cc2c(nc(c(n2)c2ccc(cc2)c2c(nc3c(n2)cc(cc3)C(=O)*)c2ccccc2)c2ccccc2)cc1,tg,323.79,305.5930480957031
*c1cc2c(nc(c(n2)c2ccccc2)c2ccc(cc2)c2nc3c(nc2c2ccccc2)cc(cc3)C(=O)*)cc1,tg,325.0,323.6585388183594
*c1cc2c(nc(cc2c2ccccc2)Oc2nc3c(c(c2)c2ccccc2)cc(cc3)c2ccc(cc2)Oc2ccc(cc2)*)cc1,tg,268.5,301.9886474609375
*c1cc2c(nc(cc2c2ccccc2)Oc2nc3c(c(c2)c2ccccc2)cc(cc3)c2ccc(cc2)c2ccc(cc2)*)cc1,tg,308.0,249.86778259277344
*c1cc2c(nc(cc2c2ccccc2)c2cc(ccc2)c2nc3c(c(c2)c2ccccc2)cc(cc3)c2ccc(cc2)OCCCCCCCCCCCOc2ccc(cc2)*)cc1,tg,133.5,173.74732971191406
*c1cc2c(nc(cn2)c2ccc(cc2)c2nc3c(nc2)cc(cc3)C(=O)*)cc1,tg,318.0,310.57293701171875
*c1cc2c(oc(n2)C2CCC(CC2)c2oc3c(n2)cc(cc3)C(*)(C(F)(F)F)C(F)(F)F)cc1,tg,271.0,237.85565185546875
*c1cc2c(oc(n2)c2cc(ccc2)c2oc3c(n2)cc(cc3)C(*)(c2ccccc2)C(F)(F)F)cc1,tg,301.0,337.4583740234375
*c1cc2c(oc(n2)c2ccc(cc2)C(c2ccc(cc2)c2oc3c(n2)cc(cc3)C(*)(c2ccccc2)C(F)(F)F)(C(F)(F)F)C(F)(F)F)cc1,tg,334.0,337.5373840332031
*c1cc2c(oc(n2)c2ccc(cc2)C(c2ccc(cc2)c2oc3c(n2)cc(cc3)C(*)(c2ccccc2)C(F)(F)F)(c2ccccc2)C(F)(F)F)cc1,tg,330.0,327.71722412109375
*c1cc2c(oc(n2)c2ccc(cc2)Oc2ccc(cc2)C(c2ccc(cc2)Oc2ccc(cc2)c2oc3c(n2)cc(cc3)C(*)(C(F)(F)F)C(F)(F)F)(C(F)(F)F)C(F)(F)F)cc1,tg,230.67,281.2852478027344
*c1cc2c(oc(n2)c2ccc(cc2)Oc2ccc(cc2)c2oc3c(n2)cc(cc3)C(*)(C(F)(F)F)C(F)(F)F)cc1,tg,294.92,270.5967102050781
*c1cc2c(oc(n2)c2ccc(cc2)c2oc3c(n2)cc(cc3)C(*)(C(F)(F)F)C(F)(F)F)cc1,tg,353.5,358.1810607910156
*c1cc2c(oc(n2)c2ccc(cc2)c2oc3c(n2)cc(cc3)C(*)(c2ccccc2)C(F)(F)F)cc1,tg,369.0,349.9084167480469
*c1cc2c(oc(n2)c2ncc(cc2)c2oc3c(n2)cc(cc3)C(*)(C(F)(F)F)C(F)(F)F)cc1,tg,352.0,293.73114013671875
*c1cc2c(s1)-c1sc(*)cc1C2(CCCCCC)CCCCCC[N+](C)(C)C,egc,0.0751,0.8500340580940247
*c1cc2c(s1)-c1sc(*)cc1C2=C(C#N)C#N,egc,0.6839,1.582806944847107
*c1cc2c(s1)-c1sc(*)cc1C2=C1c2ccsc2-c2sccc21,egc,1.3371,1.527126431465149
*c1cc2c(s1)-c1sc(*)cc1C2CCCCCCN,egc,2.6725,2.0138189792633057
*c1cc2c(s1)-c1sc(-c3sc(-c4sc(*)c5c4OCCO5)c4c3OCCO4)cc1C2=C(C#N)C#N,egc,0.9952,1.0271371603012085
*c1cc2cc(*)sc2s1,egc,3.3358,2.010540723800659
*c1cc2n(c3c(c2cc1)ccc(c3)c1sc(cc1)c1c2c(nsn2)c(cc1)c1sc(cc1)*)C(CCCCCCCC)CCCCCCCC,tg,128.0,113.3593978881836
*c1cc2n(c3c(c2cc1)ccc(c3)c1sc(cc1CCCCCC)c1c2c(nsn2)c(cc1)c1sc(c(c1)CCCCCC)*)C(CCCCCCCC)CCCCCCCC,tg,77.0,96.39665985107422
*c1cc2sc(*)cc2s1,egc,1.8963,2.45725417137146
*c1cc2sc3cc(*)sc3c2s1,egc,1.8464,1.719695806503296
*c1ccc(*)[nH]1,egc,2.4594,3.0307605266571045
*c1ccc(*)c(C(=O)c2c(F)c(F)c(F)c(F)c2F)c1,egc,4.0903,3.269625425338745
*c1ccc(*)c(OC)c1N,egc,4.71,3.991748571395874
*c1ccc(*)c2nc(-c3ccccc3)c(-c3ccccc3)nc12,egc,3.1914,3.4335970878601074
*c1ccc(*)c2nc(CCCCCCC)c(CCCCCCC)nc12,egc,3.0414,3.0441014766693115
*c1ccc(*)c2nccnc12,egc,3.0389,3.7187440395355225
*c1ccc(*)cc1,nc,2.0982,2.050145387649536
*c1ccc(*)n1C,egc,2.6193,2.75392746925354
*c1ccc(*)n1C(=O)OCC,egc,2.3493,3.254650115966797
*c1ccc(*)n1C(C(=O)NO)n1ccc2ccccc21,egc,2.4131,3.070437431335449
*c1ccc(*)n1C(C)C(=O)OC,egc,2.9894,2.1627020835876465
*c1ccc(*)n1CC(=O)NO,egc,2.9276,3.1192848682403564
*c1ccc(*)n1CC(=O)OC,egc,2.6899,3.0161733627319336
*c1ccc(*)n1CCC(=O)NO,egc,2.8742,3.1567890644073486
*c1ccc(*)n1CCC(=O)OC,egc,2.7978,2.9420318603515625
*c1ccc(*)n1CCC(=O)OCC,egc,2.8986,3.172504186630249
*c1ccc(*)n1CCCCCC,egc,2.8542,1.9694608449935913
*c1ccc(*)n1Cc1ccc[n+](C)c1,egc,0.2844,2.70485520362854
*c1ccc(*)s1,ei,4.5257,5.231069087982178
*c1ccc(-c2cc(CCCCCCCCCCCC)c(*)s2)s1,egc,1.5458,2.6580090522766113
*c1ccc(-c2cc(CCCCCCOC(=O)COc3ccccc3)c(*)s2)s1,egc,1.9751,3.132488250732422
*c1ccc(-c2ccc(*)c(C)c2)cc1C,egc,3.8863,4.230002403259277
*c1ccc(-c2ccc(*)c(CCCCCC)n2)nc1CCCCCC,egc,3.9211,2.974369525909424
*c1ccc(-c2ccc(*)n2C#Cc2ccc(CCCCCC)cc2)s1,egc,2.5339,2.4730255603790283
*c1ccc(-c2ccc(*)nc2)cn1,egc,3.5855,3.4931256771087646
*c1ccc(-c2ccc(*)s2)s1,eea,2.9681,2.7640180587768555
*c1ccc(-c2ccc(-c3cc(*)c4cccccc3-4)s2)s1,egc,2.0762,2.1279163360595703
*c1ccc(-c2ccc(-c3cc(-c4ccc(Oc5ccc(-c6cc(*)nc7ccccc67)cc5)cc4)c4ccccc4n3)cc2)cc1,egc,3.4086,3.050654888153076
*c1ccc(-c2ccc(-c3cc(-c4ccccc4)c4cc(-c5ccc6nc(*)cc(-c7ccccc7)c6c5)ccc4n3)cc2)cc1,egc,3.1298,2.9559669494628906
*c1ccc(-c2ccc(-c3cc(CCCCCCCC)c(*)s3)s2)s1,egc,2.4777,1.6407051086425781
*c1ccc(-c2ccc(-c3cc(OCCCCCCCCCCCC)c(*)s3)s2)s1,egc,1.9946,1.7535128593444824
*c1ccc(-c2ccc(-c3cc(SCCCC)c(*)s3)cc2)cc1,egc,2.8499,2.682994842529297
*c1ccc(-c2ccc(-c3cc(SCCCCCCCCCC)c(*)s3)cc2)cc1,egc,3.0684,2.6237473487854004
*c1ccc(-c2ccc(-c3ccc(*)n3C)n2C)cn1,egc,2.931,3.160489797592163
*c1ccc(-c2ccc(-c3ccc(*)n3C)o2)o1,egc,2.825,2.6917037963867188
*c1ccc(-c2ccc(-c3ccc(*)n3C)s2)s1,egc,2.5449,2.4649436473846436
*c1ccc(-c2ccc(-c3ccc(*)s3)o2)o1,egc,1.6749,2.2007765769958496
*c1ccc(-c2ccc(-c3ccc(*)s3)s2)cn1,egc,2.3342,2.444582939147949
*c1ccc(-c2ccc(-c3ccc(*)s3)s2)o1,egc,1.6557,1.5244041681289673
*c1ccc(-c2ccc(-c3ccc(-c4cc(-c5ccccc5)c5cc(Oc6ccc7nc(*)cc(-c8ccccc8)c7c6)ccc5n4)cc3)cc2)cc1,egc,3.1875,2.687838077545166
*c1ccc(-c2ccc(-c3ccc(-c4ccc(*)cc4)cc3)cc2)cc1,egb,2.5835,1.8970314264297485
*c1ccc(-c2ccc(-c3ccc(-c4ccc(*)n4CCCCCCCCCCCC)s3)s2)s1,egb,2.1442,1.8140513896942139
*c1ccc(-c2ccc(-c3ccc(-c4ccc(*)s4)cc3)cc2)cc1,eea,2.2963,2.3212008476257324
*c1ccc(-c2ccc(-c3ccc(-c4ccc(*)s4)cc3)cc2)cc1,ei,5.1853,5.201612949371338
*c1ccc(-c2ccc(-c3ccc(-c4ccc(*)s4)cc3)cc2)cc1,eps,5.39,5.487318515777588
*c1ccc(-c2ccc(-c3ccc(-c4ccc(*)s4)cc3)cc2)cc1,nc,2.2986,2.4329450130462646
*c1ccc(-c2ccc(-c3ccc(-c4ccc(*)s4)cc3)s2)cc1,eea,2.3385,2.5565309524536133
*c1ccc(-c2ccc(-c3ccc(-c4ccc(*)s4)s3)cc2)cc1,eea,2.6224,2.8095288276672363
*c1ccc(-c2ccc(-c3ccc(-c4ccc(*)s4)s3)cc2)cc1,nc,2.646,2.239952564239502
*c1ccc(-c2ccc(-c3ccc(-c4ccc(*)s4)s3)s2)cc1,eea,2.752,2.8421685695648193
*c1ccc(-c2ccc(-c3ccc(-c4ccc(*)s4)s3)s2)cc1,egb,1.1128,1.628928542137146
*c1ccc(-c2ccc(-c3ccc(-c4ccc(*)s4)s3)s2)cc1,ei,4.7302,4.594193935394287
*c1ccc(-c2ccc(-c3ccc(-c4ccc(-c5ccc(*)n5CCCCCCCCCCCC)s4)s3)s2)s1,egc,2.1419,2.6329538822174072
*c1ccc(-c2ccc(-c3ccc(-c4nc5cc6sc(*)nc6cc5s4)cc3)c(-c3ccccc3)c2-c2ccccc2)cc1,egc,3.1992,3.2670295238494873
*c1ccc(-c2ccc(-c3ccc(-n4c(=O)c5cc6c(=O)n(*)c(=O)c6cc5c4=O)cc3)cc2)cc1,egc,2.1515,2.1145551204681396
*c1ccc(-c2ccc(-c3ccc4nc(Oc5cc(-c6ccccc6)c6cc(*)ccc6n5)cc(-c5ccccc5)c4c3)cc2)cc1,egc,3.3775,3.5349440574645996
*c1ccc(-c2ccc(-c3cnc4cc(-c5ccc6nc(*)cnc6c5)ccc4n3)cc2)cc1,egc,2.7698,3.027040958404541
*c1ccc(-c2ccc(-c3cnc4cc(Oc5ccc6nc(*)cnc6c5)ccc4n3)cc2)cc1,egc,3.0165,3.0639822483062744
*c1ccc(-c2ccc(-c3nc(CCCCCCCCCCCC)c(-c4sc(*)nc4CCCCCCCCCCCC)s3)s2)s1,egc,2.2184,1.9311310052871704
*c1ccc(-c2ccc(-c3nc4cc(Oc5ccc6nc(-c7ccccc7)c(*)nc6c5)ccc4nc3-c3ccccc3)cc2)cc1,egc,3.1965,3.114511728286743
*c1ccc(-c2ccc(-c3nc4ccc(Oc5ccc6nc(*)c(-c7ccccc7)c(-c7ccccc7)c6c5)cc4c(-c4ccccc4)c3-c3ccccc3)cc2)cc1,egc,3.3136,3.0984554290771484
*c1ccc(-c2ccc(-c3nnc(*)n3-c3ccc(OC)cc3)cc2)cc1,egc,3.8442,3.3238465785980225
*c1ccc(-c2ccc(-c3sc(*)c4c3OCCO4)s2)s1,egc,1.3916,2.0272109508514404
*c1ccc(-c2ccc(-n3c(=O)c4cc5c(=O)n(*)c(=O)c5cc4c3=O)cc2)cc1,egc,2.1894,2.6087918281555176
*c1ccc(-c2ccc(-n3c(=O)c4cc5c(=O)n(*)c(=O)c5cc4c3=O)cc2F)c(F)c1,egc,2.7749,2.4140985012054443
*c1ccc(-c2ccc(-n3c(=O)c4cc5c(=O)n(*)c(=O)c5cc4c3=O)cc2OC(F)(F)F)c(OC(F)(F)F)c1,egc,2.7837,2.3147008419036865
*c1ccc(-c2ccc(C(=S)c3ccc(*)s3)s2)cc1,ei,5.7103,5.991053104400635
*c1ccc(-c2ccc(C(=S)c3ccc(*)s3)s2)cc1,eps,9.09,6.72409200668335
*c1ccc(-c2ccc(C(F)(F)C(*)(F)F)cc2)cc1,eea,2.3351,1.8765474557876587
*c1ccc(-c2ccc(C(F)(F)C(*)(F)F)cc2)cc1,egb,3.2719,4.449974536895752
*c1ccc(-c2ccc(C(F)(F)C(*)(F)F)cc2)cc1,nc,1.9016,1.8018202781677246
*c1ccc(-c2ccc(C(F)(F)C(*)(F)F)cc2)s1,egb,4.0895,3.2472493648529053
*c1ccc(-c2ccc(C(F)(F)C(*)(F)F)cc2)s1,eps,3.57,3.9017093181610107
*c1ccc(-c2ccc(C(F)(F)C(*)(F)F)cc2)s1,nc,1.7814,1.844791054725647
*c1ccc(-c2ccc(C(F)(F)C(*)(F)F)s2)s1,eea,2.7568,2.4701457023620605
*c1ccc(-c2ccc(C(F)(F)C(*)(F)F)s2)s1,ei,5.8176,6.321650981903076
*c1ccc(-c2ccc(C(F)(F)C(*)(F)F)s2)s1,nc,1.9785,1.8934005498886108
*c1ccc(-c2ccc(N(c3ccccc3)c3ccc4ccc(N(*)c5ccccc5)cc4c3)cc2)cc1,egc,3.0933,2.382737159729004
*c1ccc(-c2ccc(N3C(=O)c4ccc(-c5cccc6c5C(=O)N(*)C6=O)cc4C3=O)c(C)c2)cc1C,egc,2.9133,3.300111770629883
*c1ccc(-c2ccc(N3C(=O)c4ccc(Oc5ccc6c(c5)C(=O)N(*)C6=O)cc4C3=O)cc2)cc1,egc,3.0187,2.7745771408081055
*c1ccc(-c2ccc(N3C(=O)c4ccc(Oc5ccc6c(c5)C(=O)N(*)C6=O)cc4C3=O)cc2C)c(C)c1,egc,3.2926,3.5636813640594482
*c1ccc(-c2ccc(Oc3ccc(*)s3)s2)cc1,eea,2.1082,2.2676665782928467
*c1ccc(-c2ccc(Oc3ccc(*)s3)s2)cc1,egb,2.1882,2.3638298511505127
*c1ccc(-c2ccc(Oc3ccc(*)s3)s2)cc1,eps,5.22,5.129358291625977
*c1ccc(-c2ccc(Oc3ccc(*)s3)s2)cc1,nc,2.1868,2.191230535507202
*c1ccc(-c2ccc3nc(*)cc(-c4ccccc4)c3c2)cc1,egc,2.9209,3.2907607555389404
*c1ccc(-c2ccc3nc(Oc4cc(-c5ccccc5)c5cc(*)ccc5n4)cc(-c4ccccc4)c3c2)cc1,egc,3.4645,3.3615031242370605
*c1ccc(-c2ccc3nc4oc5cc6[nH]c7nc8cc(*)ccc8nc7nc-6[nH]c=5n-4ccc3c2)cc1,egc,1.9579,2.3889479637145996
*c1ccc(-c2ccn3sc4nc5nc6c(cc5oc-4cc-3nc2)Nc2nc3ccc(*)cc3nc2O6)cc1,egc,1.535,2.4496817588806152
*c1ccc(-c2cnc3cc(-c4ccc5nc(*)cnc5c4)ccc3n2)cc1,egc,3.2178,2.9892735481262207
*c1ccc(-c2cnc3cc(S(=O)(=O)c4ccc5nc(*)cnc5c4)ccc3n2)cc1,egc,3.1704,3.28995680809021
*c1ccc(-c2cnc3cc4ncc(*)nc4cc3n2)cc1,egc,2.7084,2.9655723571777344
*c1ccc(-c2cnc3ccc(-c4ccc5nc(*)cnc5c4)cc3n2)cc1,egc,3.3633,3.1123621463775635
*c1ccc(-c2cnc3ccc(-c4ccc5ncc(*)nc5c4)cc3n2)cc1,egc,3.3577,3.0187458992004395
*c1ccc(-c2cnc3ccc(S(=O)(=O)c4ccc5ncc(*)nc5c4)cc3n2)cc1,egc,3.2952,3.384782075881958
*c1ccc(-c2csc(-c3cc(*)cs3)c2)cc1,egc,3.4782,3.27565860748291
*c1ccc(-c2csc(-c3nc(*)cs3)n2)cc1,egc,3.3372,3.2905216217041016
*c1ccc(-c2nc(-c3ccc(-c4nc(*)sc4C(=O)O)cc3)c(C(=O)O)s2)cc1,egc,3.4119,3.0261285305023193
*c1ccc(-c2nc3cc(-c4ccc5nc(*)c(-c6ccc7ccccc7c6)nc5c4)ccc3nc2-c2ccc3ccccc3c2)cc1,egc,2.9636,3.111842155456543
*c1ccc(-c2nc3cc(-c4ccc5nc(*)c(-c6ccccc6)nc5c4)ccc3nc2-c2ccccc2)cc1,egc,2.983,3.042785406112671
*c1ccc(-c2nc3cc(-c4ccc5nc(-c6ccccc6)c(*)nc5c4)ccc3nc2-c2ccccc2)cc1,egc,3.3015,3.3277575969696045
*c1ccc(-c2nc3cc(-c4ccc5oc(*)nc5c4)ccc3o2)cc1,egc,3.1145,3.3504908084869385
*c1ccc(-c2nc3cc(Oc4ccc5nc(*)c(-c6ccccc6)nc5c4)ccc3nc2-c2ccccc2)cc1,egc,3.1353,3.2137739658355713
*c1ccc(-c2nc3cc4nc(*)[nH]c4cc3[nH]2)cc1,egc,3.6007,3.0201661586761475
*c1ccc(-c2nc3cc4nc(*)c(-c5ccccc5)nc4cc3nc2-c2ccccc2)cc1,egc,2.6364,3.077564239501953
*c1ccc(-c2nc3cc4nc(*)oc4cc3o2)cc1,ei,5.6689,6.210719108581543
*c1ccc(-c2nc3cc4nc(-c5ccccc5)c(*)nc4cc3nc2-c2ccccc2)cc1,egc,2.8531,3.053972005844116
*c1ccc(-c2nc3ccc(-c4ccc5nc(*)c(-c6ccccc6)nc5c4)cc3nc2-c2ccccc2)cc1,egc,3.1693,3.0153353214263916
*c1ccc(-c2nc3ccc(-c4ccc5nc(*)sc5c4)cc3s2)cc1,egc,3.0122,3.1073691844940186
*c1ccc(-c2nc3ccc(Oc4ccc5nc(*)c(-c6ccccc6)nc5c4)cc3nc2-c2ccccc2)cc1,egc,3.199,3.1811344623565674
*c1ccc(-c2nnc(*)o2)c(OCCCCC)c1,egc,3.0444,3.7313904762268066
*c1ccc(-c2nnc(*)o2)cc1,egc,3.0775,3.473738670349121
*c1ccc(-c2nnc(-c3cccc(-c4nnc(*)o4)c3)o2)cc1,egc,3.4013,3.7319905757904053
*c1ccc(-c2nnc(-c3cccc(-c4nnc(*)o4)n3)o2)cc1,egc,3.8824,2.9575576782226562
*c1ccc(-c2nnc(-c3nnc(*)o3)o2)cc1,egc,2.9171,3.703258514404297
*c1ccc(-c2sc(-c3cc(SCCCC)c(*)s3)cc2SCCCC)cc1,egc,2.4731,2.2321836948394775
*c1ccc(-c2sc(-c3cc(SCCCCCCCC)c(*)s3)cc2SCCCCCCCC)cc1,egc,2.4336,2.4586143493652344
*c1ccc(-n2c(=O)c3cc4c(=O)n(*)c(=O)c4cc3c2=O)c(C)c1,egc,2.9393,2.9791221618652344
*c1ccc(-n2c(=O)c3cc4c(=O)n(*)c(=O)c4cc3c2=O)cc1,egc,2.8625,2.384711980819702
*c1ccc(-n2ccc(-c3ccc(-c4ccn(*)n4)cc3)n2)cc1,egc,3.3335,3.63796067237854
*c1ccc(-n2ccc(-c3cccc(-c4ccn(*)n4)c3)n2)cc1,egc,3.7316,3.484550714492798
*c1ccc(C(=O)C(F)(F)C(*)(F)F)cc1,eea,3.4595,3.2215147018432617
*c1ccc(C(=O)C(F)(F)C(*)(F)F)cc1,egb,3.5762,3.4116482734680176
*c1ccc(C(=O)C(F)(F)C(*)(F)F)cc1,ei,7.7091,7.4671311378479
*c1ccc(C(=O)C(F)(F)C(*)(F)F)cc1,eps,3.85,4.1207146644592285
*c1ccc(C(=O)C(F)(F)C(*)(F)F)cc1,nc,1.8174,1.7642611265182495
*c1ccc(C(=O)C(F)(F)C(*)(F)F)s1,eea,3.7613,3.3072736263275146
*c1ccc(C(=O)C(F)(F)C(*)(F)F)s1,ei,7.5565,7.394701957702637
*c1ccc(C(=O)C(F)(F)C(*)(F)F)s1,eps,3.93,4.232270240783691
*c1ccc(C(=O)Nc2ccc(-c3ccc(NC(=O)c4ccc(-n5c(=O)c6sc7c(=O)n(*)c(=O)c7sc6c5=O)cc4)cc3)cc2)cc1,egc,1.2847,1.552342176437378
*c1ccc(C(=O)Nc2ccc(-n3c(=O)c4cc5c(=O)n(*)c(=O)c5cc4c3=O)cc2C(=O)OCC)cc1,egc,2.463,2.1396737098693848
*c1ccc(C(=O)Nc2ccc(NC(=O)c3ccc(-n4c(=O)c5sc6c(=O)n(*)c(=O)c6sc5c4=O)cc3)cc2)cc1,egc,1.4889,1.3241952657699585
*c1ccc(C(=O)Nc2ccc(Oc3ccc(NC(=O)c4ccc(-n5c(=O)c6cc7c(=O)n(*)c(=O)c7cc6c5=O)cc4)cc3)cc2)cc1,egc,1.639,1.9466921091079712
*c1ccc(C(=O)Nc2ccc(Oc3ccc(NC(=O)c4ccc(Oc5ccc(-c6nn(*)c(=O)c7ccccc67)c6ccccc56)cc4)cc3)cc2)cc1,egc,3.2201,2.805300235748291
*c1ccc(C(=O)Nc2cccc(-n3c(=O)c4cc5c(=O)n(*)c(=O)c5cc4c3=O)c2)cc1,egc,2.445,2.442615509033203
*c1ccc(C(=O)c2cccc(-n3c(=O)c4cc5c(=O)n(*)c(=O)c5cc4c3=O)c2)cc1,egc,3.1782,2.475466012954712
*c1ccc(C(=S)c2ccc(-c3ccc(*)s3)s2)cc1,eea,3.54,3.318422317504883
*c1ccc(C(=S)c2ccc(C(=S)C(=O)Nc3ccc(-c4ccc(*)s4)cc3)s2)s1,ei,5.6233,5.646106243133545
*c1ccc(C(C#N)(C(=O)O)C(*)(C#N)C(=O)O)cc1,egc,5.2415,4.203689098358154
*c1ccc(C(C)(C)c2ccc(-n3c(=O)c4cc5c(=O)n(*)c(=O)c5cc4c3=O)cc2)cc1,egc,2.5724,2.4915573596954346
*c1ccc(C(C=CC)c2ccc(-n3c(=O)c4cc5c(=O)n(*)c(=O)c5cc4c3=O)cc2)cc1,egc,2.5577,2.439230442047119
*c1ccc(C(F)(F)C(=O)C(*)(F)F)cc1,nc,1.7375,1.7759078741073608
*c1ccc(C(F)(F)C(=O)C(*)(F)F)s1,eps,4.05,4.115649223327637
*c1ccc(C(F)(F)CC(*)(F)F)cc1,eea,1.9565,2.075986385345459
*c1ccc(C(F)(F)CC(*)(F)F)cc1,egb,4.3368,4.622339248657227
*c1ccc(C(F)(F)CC(*)(F)F)cc1,ei,7.0413,6.833364963531494
*c1ccc(C(F)(F)CC(*)(F)F)cc1,eps,3.47,3.6911754608154297
*c1ccc(C(F)(F)CC(*)(F)F)cc1,nc,1.7249,1.7387436628341675
*c1ccc(C(F)(F)CC(*)(F)F)s1,eea,2.025,2.5275280475616455
*c1ccc(C(F)(F)CC(*)(F)F)s1,ei,7.1393,7.0040178298950195
*c1ccc(C(F)(F)CC(*)(F)F)s1,nc,1.7568,1.7767350673675537
*c1ccc(C(F)(F)NC(*)(F)F)cc1,eea,2.1641,2.4520673751831055
*c1ccc(C(F)(F)NC(*)(F)F)cc1,egb,4.2709,4.799627304077148
*c1ccc(C(F)(F)NC(*)(F)F)cc1,nc,1.7422,1.8096028566360474
*c1ccc(C(F)(F)NC(*)(F)F)s1,eea,2.4083,2.737081527709961
*c1ccc(C(F)(F)NC(*)(F)F)s1,ei,7.3853,6.85658597946167
*c1ccc(C(F)(F)NC(*)(F)F)s1,eps,4.48,4.015919208526611
*c1ccc(C(F)(F)c2ccc(C(*)(F)F)cc2)cc1,egb,4.1742,3.5223212242126465
*c1ccc(C(F)(F)c2ccc(C(*)(F)F)cc2)cc1,nc,1.8364,1.762299656867981
*c1ccc(C(F)(F)c2ccc(C(*)(F)F)cc2)s1,eea,2.9023,2.18103289604187
*c1ccc(C(F)(F)c2ccc(C(*)(F)F)cc2)s1,ei,6.4074,6.632584571838379
*c1ccc(C(F)(F)c2ccc(C(*)(F)F)cc2)s1,eps,4.0,4.06875467300415
*c1ccc(C(F)(F)c2ccc(C(*)(F)F)s2)s1,eea,2.5399,3.185842990875244
*c1ccc(C(F)(F)c2ccc(C(*)(F)F)s2)s1,ei,6.7826,6.295660018920898
*c1ccc(C(c2ccc(-n3c(=O)c4cc5c(=O)n(*)c(=O)c5cc4c3=O)cc2)(C(F)(F)F)C(F)(F)F)cc1,egc,2.7195,2.8449976444244385
*c1ccc(C(c2ccccc2)(c2ccc(-c3nc4ccc(-c5ccc6nc(*)oc6c5)cc4o3)cc2)C(F)(F)F)cc1,egc,3.4178,3.175045967102051
*c1ccc(C(c2ccccc2)(c2ccc(-n3c(=O)c4cc5c(=O)n(*)c(=O)c5cc4c3=O)cc2)C(F)(F)F)cc1,egc,2.7963,2.6276488304138184
*c1ccc(C(c2ccccc2)c2ccc(N3C(=O)c4ccc(-c5ccc6c(c5)C(=O)N(*)C6=O)cc4C3=O)cc2)cc1,egc,2.907,3.0180623531341553
*c1ccc(C)c(N2C(=O)c3ccc(-c4ccc5c(c4)C(=O)N(*)C5=O)cc3C2=O)c1,egc,3.4309,3.269679069519043
*c1ccc(C)c(N2C(=O)c3ccc(S(=O)(=O)c4ccc5c(c4)C(=O)N(*)C5=O)cc3C2=O)c1,egc,3.2404,3.31217098236084
*c1ccc(C)c(N2CC(=O)N(*)CC2=O)c1,egc,5.1153,4.9712233543396
*c1ccc(C2(c3ccc(N4C(=O)c5ccc(-c6ccc7c(c6)C(=O)N(*)C7=O)cc5C4=O)cc3)c3ccccc3-c3ccccc32)cc1,egc,2.7114,2.785933256149292
*c1ccc(CC(F)(F)C(*)(F)F)cc1,egb,5.11,4.5340895652771
*c1ccc(CC(F)(F)C(*)(F)F)cc1,nc,1.7264,1.7339237928390503
*c1ccc(CC(F)(F)C(*)(F)F)s1,eea,1.8781,2.706089735031128
*c1ccc(CC(F)(F)C(*)(F)F)s1,ei,6.8904,6.898941516876221
*c1ccc(CC(F)(F)C(*)(F)F)s1,eps,3.59,3.7587993144989014
*c1ccc(CC(F)(F)C(*)(F)F)s1,nc,1.7679,1.7885903120040894
*c1ccc(Cc2ccc(N3C(=O)C(=O)N(*)C3=O)cc2)cc1,egc,3.5238,3.833491086959839
*c1ccc(Cc2ccc(N3C(=O)C4CCC5C(=O)N(*)C(=O)C5C4C3=O)c(C)c2)cc1C,egc,4.8465,4.247836112976074
*c1ccc(Cc2ccc(N3C(=O)N(*)C3=O)cc2)cc1,egc,4.1662,3.9670791625976562
*c1ccc(Cc2ccc(N3C(=O)c4ccc(-c5ccc6c(c5)C(=O)N(*)C6=O)cc4C3=O)cc2)cc1,egc,2.9129,3.0243120193481445
*c1ccc(Cc2ccc(N3C(=O)c4ccc([Si](C)(C)c5ccc6c(c5)C(=O)N(*)C6=O)cc4C3=O)cc2)cc1,egc,2.9801,2.808893918991089
*c1ccc(Cc2cccc(-n3c(=O)c4cc5c(=O)n(*)c(=O)c5cc4c3=O)c2)cc1,egc,2.6251,3.117938995361328
*c1ccc(Cc2ccccc2-n2c(=O)c3cc4c(=O)n(*)c(=O)c4cc3c2=O)cc1,egc,2.9239,2.658886194229126
*c1ccc(N(*)c2ccc(S(=O)(=O)O)cc2)cc1,egc,3.3685,3.1877224445343018
*c1ccc(N(c2ccc(C#N)cc2)c2ccc(-n3c(=O)c4cc5c(=O)n(*)c(=O)c5cc4c3=O)cc2)cc1,egc,1.6108,1.973636507987976
*c1ccc(N(c2ccc(C#N)cc2)c2ccc(N3C(=O)c4ccc(-c5ccc6c(c5)C(=O)N(*)C6=O)cc4C3=O)cc2)cc1,egc,2.0474,2.3618929386138916
*c1ccc(N(c2ccc(C#N)cc2)c2ccc(N3C(=O)c4ccc(Oc5ccc6c(c5)C(=O)N(*)C6=O)cc4C3=O)cc2)cc1,egc,2.2981,2.5982768535614014
*c1ccc(N(c2ccc(CCCC)cc2)c2ccc(-c3ccc(*)s3)cc2)cc1,egc,2.8955,2.3972411155700684
*c1ccc(N2C(=O)c3ccc(-c4ccc5c(c4)C(=O)N(*)C5=O)cc3C2=O)nc1,egc,3.2895,2.88106107711792
*c1ccc(N2C(=O)c3ccc(-c4cccc5c4C(=O)N(*)C5=O)cc3C2=O)cc1,egc,3.1892,2.986562967300415
*c1ccc(N2C(=O)c3ccc(-c4cccc5c4C(=O)N(c4ccc6[nH]c(*)nc6c4)C5=O)cc3C2=O)cc1,egc,2.9114,2.9246256351470947
*c1ccc(N2C(=O)c3ccc(C(=O)c4ccc5c(c4)C(=O)N(c4ccc6[nH]c(*)nc6c4)C5=O)cc3C2=O)cc1,egc,2.4444,2.8264341354370117
*c1ccc(N2C(=O)c3ccc(Oc4ccc5c(c4)C(=O)N(*)C5=O)cc3C2=O)cc1,egc,3.4906,3.465036392211914
*c1ccc(N2CCC(c3cccc(C4=NN(*)CC4)c3)=N2)cc1,egc,2.8203,3.250514507293701
*c1ccc(NC(=O)c2cc(NC(=O)c3ccc(OC(C)=O)cc3)cc(C(=O)Nc3ccc(-c4nnc(*)o4)cc3)c2)cc1,egc,3.4669,3.0832931995391846
*c1ccc(NC(=O)c2ccc(C(=O)Nc3ccc(-c4nc5ccc(-c6ccc7nc(*)[nH]c7c6)cc5[nH]4)cc3)cc2)cc1,egc,2.5692,3.3797061443328857
*c1ccc(NC(=O)c2cccc(C(=O)Nc3ccc(-n4c(=O)c5cc6c(=O)n(*)c(=O)c6cc5c4=O)cc3)c2)cc1,egc,2.46,2.6408255100250244
*c1ccc(NC(F)(F)C(*)(F)F)cc1,egb,4.1626,4.243533611297607
*c1ccc(NC(F)(F)C(*)(F)F)cc1,ei,6.1304,6.400505542755127
*c1ccc(NC(F)(F)C(*)(F)F)cc1,nc,1.7935,1.830814242362976
*c1ccc(NC(F)(F)C(*)(F)F)s1,egb,3.3898,3.715609073638916
*c1ccc(NC(F)(F)C(*)(F)F)s1,ei,5.871,6.052242279052734
*c1ccc(NC(F)(F)C(*)(F)F)s1,nc,1.862,1.9048964977264404
*c1ccc(OC(=O)c2cccc(C(=O)Oc3ccc(C4(*)OC(=O)c5ccccc54)cc3)c2)cc1,egc,3.9147,4.129491806030273
*c1ccc(OC(=S)c2ccc(*)s2)cc1,eea,3.1094,3.1130571365356445
*c1ccc(OC(=S)c2ccc(*)s2)cc1,egb,2.0472,2.030369520187378
*c1ccc(OC(=S)c2ccc(*)s2)cc1,ei,5.9615,5.885758876800537
*c1ccc(OC(=S)c2ccc(*)s2)cc1,nc,2.2131,2.208462953567505
*c1ccc(OCC2CCC(COc3ccc(-n4c(=O)c5cc6c(=O)n(*)c(=O)c6cc5c4=O)cc3)CC2)cc1,egc,2.2219,2.6506989002227783
*c1ccc(Oc2ccc(-c3cc(-c4ccccc4)c4cc5nc(*)cc(-c6ccccc6)c5cc4n3)cc2)cc1,egc,2.7429,3.325117826461792
*c1ccc(Oc2ccc(-c3cnc4cc(-c5ccc6nc(*)cnc6c5)ccc4n3)cc2)cc1,egc,3.1085,3.1518445014953613
*c1ccc(Oc2ccc(-c3cnc4cc5ncc(*)nc5cc4n3)cc2)cc1,egc,2.782,2.8787381649017334
*c1ccc(Oc2ccc(-c3cnc4ccc(-c5ccc6nc(*)cnc6c5)cc4n3)cc2)cc1,egc,3.1515,3.1240484714508057
*c1ccc(Oc2ccc(-c3csc(-c4nc(*)cs4)n3)cc2)cc1,egc,3.5312,3.360896348953247
*c1ccc(Oc2ccc(-c3nc4cc(-c5ccc6nc(*)c(-c7ccccc7)nc6c5)ccc4nc3-c3ccccc3)cc2)cc1,egc,2.9993,3.0332298278808594
*c1ccc(Oc2ccc(-c3nc4cc5sc(*)nc5cc4s3)cc2)cc1,egc,3.2878,3.317528247833252
*c1ccc(Oc2ccc(-c3nnc(*)o3)cc2)cc1,egc,3.7488,3.892437219619751
*c1ccc(Oc2ccc(-n3c(=O)c4c(F)c5c(=O)n(*)c(=O)c5c(F)c4c3=O)cc2)cc1,egc,2.0451,2.614793539047241
*c1ccc(Oc2ccc(-n3c(=O)c4c(Oc5ccc(OCCCC)cc5)c5c(=O)n(*)c(=O)c5c(Oc5ccc(OCCCC)cc5)c4c3=O)cc2)cc1,egc,1.9028,2.582972526550293
*c1ccc(Oc2ccc(-n3c(=O)c4cc5c(=O)n(*)c(=O)c5cc4c3=O)cc2)cc1,egc,2.3733,2.209672212600708
*c1ccc(Oc2ccc(-n3c(=O)c4cc5c(=O)n(*)c(=O)c5cc4c3=O)cc2-c2ccccc2)cc1,egc,2.1739,2.337195634841919
*c1ccc(Oc2ccc(-n3c(=O)c4cc5c(=O)n(*)c(=O)c5cc4c3=O)cc2Br)c(Br)c1,egc,2.4917,2.4564270973205566
*c1ccc(Oc2ccc(-n3c(=O)c4cc5c(=O)n(-c6ncc(*)s6)c(=O)c5cc4c3=O)cc2)cc1,egc,1.9001,2.3998591899871826
*c1ccc(Oc2ccc(C(=O)c3ccc(Oc4ccc(-n5c(=O)c6cc7c(=O)n(*)c(=O)c7cc6c5=O)cc4)cc3)cc2)cc1,egc,2.395,2.1482203006744385
*c1ccc(Oc2ccc(C(=O)c3ccc(Oc4ccc(C(=O)c5ccc(Oc6ccc(-c7nc8ccccc8n7-c7ccc(-n8c(*)nc9ccccc98)cc7)cc6)cc5)cc4)cc3)cc2)cc1,egc,3.2485,2.964402914047241
*c1ccc(Oc2ccc(C(C)(C)c3ccc(Oc4ccc(-n5c(=O)c6cc7c(=O)n(*)c(=O)c7cc6c5=O)cc4)cc3)cc2)cc1,egc,2.1293,2.161151647567749
*c1ccc(Oc2ccc(N3C(=O)N(*)C3=O)cc2)cc1,egc,4.3691,3.9660465717315674
*c1ccc(Oc2ccc(N3C(=O)c4ccc(S(=O)(=O)c5ccc6c(c5)C(=O)N(*)C6=O)cc4C3=O)cc2Br)c(Br)c1,egc,2.7192,2.7144787311553955
*c1ccc(Oc2ccc(Oc3ccc(-n4c(=O)c5cc6c(=O)n(*)c(=O)c6cc5c4=O)cc3)cc2)cc1,egc,2.0871,2.2847564220428467
*c1ccc(Oc2ccc(Oc3ccc(-n4c(=O)c5cc6c(=O)n(*)c(=O)c6cc5c4=O)cc3)cc2C(C)(C)C)cc1,egc,1.9644,2.220625400543213
*c1ccc(Oc2ccc(Oc3ccc(-n4c(=O)c5cc6c(=O)n(*)c(=O)c6cc5c4=O)cc3)cc2C)cc1,egc,2.3895,2.084961414337158
*c1ccc(Oc2ccc(Oc3ccc(N4C(=O)C5CCC6C(=O)N(*)C(=O)C6C5C4=O)cc3)cc2)cc1,egc,4.5419,4.342417240142822
*c1ccc(Oc2ccc(Oc3ccc(N4C(=O)CC(=O)N(*)C4=S)cc3)cc2)cc1,egc,3.1515,3.1519739627838135
*c1ccc(Oc2ccc(P(=O)(c3ccccc3)c3ccc(Oc4ccc(-c5cc(*)[nH]n5)cc4)cc3)cc2)cc1,egc,4.1018,3.167480945587158
*c1ccc(Oc2ccc3ccc(Oc4ccc(-n5c(=O)c6cc7c(=O)n(*)c(=O)c7cc6c5=O)cc4)cc3c2)cc1,egc,2.1074,2.345242738723755
*c1ccc(Oc2cccc(-n3c(=O)c4cc5c(=O)n(*)c(=O)c5cc4c3=O)c2)cc1,egc,2.5637,2.5804576873779297
*c1ccc(Oc2cccc(Oc3ccc(-n4c(=O)c5cc6c(=O)n(*)c(=O)c6cc5c4=O)cc3)c2C#N)cc1,egc,2.6202,2.449674606323242
*c1ccc(Oc2cccc3c(Oc4ccc(-n5c(=O)c6cc7c(=O)n(*)c(=O)c7cc6c5=O)cc4)cccc23)cc1,egc,1.8659,2.0565407276153564
*c1ccc(Oc2ccccc2-n2c(=O)c3cc4c(=O)n(*)c(=O)c4cc3c2=O)cc1,egc,2.5326,2.432438373565674
*c1ccc(Oc2ccccc2Oc2ccc(-n3c(=O)c4cc5c(=O)n(*)c(=O)c5cc4c3=O)cc2)cc1,egc,2.1614,2.0204498767852783
*c1ccc(S(*)(=O)=O)cc1,egc,4.2821,3.865020751953125
*c1ccc(S(=O)(=O)c2ccc(-n3c(=O)c4cc5c(=O)n(*)c(=O)c5cc4c3=O)cc2)cc1,egc,2.8028,2.6076760292053223
*c1ccc(S(=O)(=O)c2ccc(-n3nc(-c4ccc(Oc5ccc(-c6nn(*)c(=O)c7ccccc67)cc5)cc4)c4ccccc4c3=O)cc2)cc1,egc,3.5201,3.7091832160949707
*c1ccc(S(=O)(=O)c2ccc(N3C(=O)c4ccc(-c5ccc6c(c5)C(=O)N(*)C6=O)cc4C3=O)cc2)cc1,egc,3.396,2.834179639816284
*c1ccc(SSc2ccc(-n3c(=O)c4cc5c(=O)n(*)c(=O)c5cc4c3=O)cc2)cc1,egc,2.3111,2.545691967010498
*c1ccc(Sc2ccc(-c3nc4ccc(-c5ccc6nc(*)c(-c7ccccc7)nc6c5)cc4nc3-c3ccccc3)cc2)cc1,egc,3.3214,2.96701979637146
*c1ccc(Sc2ccc(-c3nn(-c4ccc(S(=O)(=O)c5ccc(-n6nc(*)c7ccccc7c6=O)cc5)cc4)c(=O)c4ccccc34)cc2)cc1,egc,3.5491,3.0248284339904785
*c1ccc(Sc2ccc(-n3c(=O)c4cc5c(=O)n(*)c(=O)c5cc4c3=O)cc2)cc1,egc,2.5188,2.900839328765869
*c1ccc([Si](c2ccccc2)(c2ccccc2)c2ccc(-c3nnc(*)o3)cc2)cc1,egc,4.0946,3.1902599334716797
*c1ccc(cc1)*,tg,291.5,197.0896759033203
*c1ccc(cc1)C(*)C,tg,79.43,59.409629821777344
*c1ccc(cc1)C(=Cc1c(cc(c(c1)OC)C=C(*)c1ccc(cc1)F)OC)c1ccc(cc1)F,tg,193.0,182.57212829589844
*c1ccc(cc1)C(=Cc1c(cc(c(c1)OC)C=C(*)c1ccc(cc1)OC)OC)c1ccc(cc1)OC,tg,170.0,171.28855895996094
*c1ccc(cc1)C(C(*)(C(=O)OCC(C)C)C#N)(C(=O)OCC(C)C)C#N,tg,108.0,110.1412582397461
*c1ccc(cc1)C(C(*)(C(=O)OCC)C#N)(C(=O)OCC)C#N,tg,108.0,96.6578369140625
*c1ccc(cc1)C(C(*)(F)F)(F)F,tg,76.95,108.03082275390625
*c1ccc(cc1)C=C(c1ccc(cc1)C(=Cc1ccc(cc1)C=Cc1c(cc(c(c1)OC)C=C*)OC)Oc1ccccc1)c1ccc(cc1)Oc1ccccc1,tg,175.0,178.3382110595703
*c1ccc(cc1)C=C*,tg,230.0,183.33421325683594
*c1ccc(cc1)C=C1C(=O)C(=Cc2ccc(cc2)C(=O)c2cc(ccc2)C(=O)*)CC1,tg,190.0,198.488525390625
*c1ccc(cc1)c1c(cc(c(c1)OCCCCCC)c1ccc(cc1)C=C1C(=O)C(=C*)CCC1)OCCCCCC,tg,85.0,98.81262969970703
*c1ccc(cc1)c1c(cc(c(c1c1ccccc1)c1ccccc1)c1cc(ccc1)c1c(c(c(c(c1)c1ccccc1)c1ccc(cc1)CCC*)c1ccccc1)c1ccccc1)c1ccccc1,tg,240.0,226.9764862060547
*c1ccc(cc1)c1c(cc(c(c1c1ccccc1)c1ccccc1)c1cc(ccc1)c1c(c(c(c(c1)c1ccccc1)c1ccc(cc1)CCCC*)c1ccccc1)c1ccccc1)c1ccccc1,tg,180.0,219.57090759277344
*c1ccc(cc1)c1c(cc(c(c1c1ccccc1)c1ccccc1)c1cc(ccc1)c1c(c(c(c(c1)c1ccccc1)c1ccc(cc1)CCCCCC*)c1ccccc1)c1ccccc1)c1ccccc1,tg,215.0,184.21109008789062
*c1ccc(cc1)c1c(cc(c(c1c1ccccc1)c1ccccc1)c1cc(ccc1)c1c(c(c(c(c1)c1ccccc1)c1ccc(cc1)CCCCCCCCCC*)c1ccccc1)c1ccccc1)c1ccccc1,tg,180.0,186.20152282714844
*c1ccc(cc1)c1c(cc(c(c1c1ccccc1)c1ccccc1)c1ccc(cc1)c1c(c(c(c(c1)c1ccccc1)c1ccc(cc1)CCC*)c1ccccc1)c1ccccc1)c1ccccc1,tg,290.0,252.11439514160156
*c1ccc(cc1)c1c(cc(c(c1c1ccccc1)c1ccccc1)c1ccc(cc1)c1c(c(c(c(c1)c1ccccc1)c1ccc(cc1)CCCC*)c1ccccc1)c1ccccc1)c1ccccc1,tg,205.0,238.4645538330078
*c1ccc(cc1)c1c(cc(c(c1c1ccccc1)c1ccccc1)c1ccc(cc1)c1c(c(c(c(c1)c1ccccc1)c1ccc(cc1)CCCCCC*)c1ccccc1)c1ccccc1)c1ccccc1,tg,250.0,224.21473693847656
*c1ccc(cc1)c1c(cc(c(c1c1ccccc1)c1ccccc1)c1ccc(cc1)c1c(c(c(c(c1)c1ccccc1)c1ccc(cc1)CCCCCCCCCC*)c1ccccc1)c1ccccc1)c1ccccc1,tg,235.0,206.13482666015625
*c1ccc(cc1)c1c(cc(c(c1c1ccccc1)c1ccccc1)c1ccc(cc1)c1c(c(c(c(c1)c1ccccc1)c1ccc(cc1)CCCCCCCCCCCCCC*)c1ccccc1)c1ccccc1)c1ccccc1,tg,185.0,230.4426727294922
*c1ccc(cc1)c1ccc(cc1)C(=Cc1c(cc(c(c1)OC)C=C(*)c1ccc(cc1)F)OC)c1ccc(cc1)F,tg,201.0,209.41824340820312
*c1ccc(cc1)c1ccc(cc1)C(=Cc1ccc(cc1)C=C(*)c1ccccc1)c1ccccc1,tg,220.0,252.82171630859375
*c1ccc(cc1)c1ccc(cc1)C(=Nc1ccccc1)*,tg,225.0,180.60043334960938
*c1ccc(cc1)c1ccc(cc1)C1(CCCCC1)*,tg,287.0,189.0039520263672
*c1ccc2N(c3c(Sc2c1)cc(cc3)C=C*)c1ccc(cc1)OCCCCCCCCCCCC,tg,129.0,105.07626342773438
*c1ccc2N(c3c(Sc2c1)cc(cc3)c1ccc2N(c3c(Sc2c1)cc(cc3)C=C*)c1ccc(cc1)OCCCCCCCCCCCC)c1ccc(cc1)OCCCCCCCCCCCC,tg,118.6,122.28715515136719
*c1ccc2N(c3c(Sc2c1)cc(cc3)c1sc(cc1)c1sc(cc1)*)CCCCCC,tg,140.0,168.41140747070312
*c1ccc2N(c3c(Sc2c1)cc(cc3)c1sc(cc1)c1sc(cc1)*)CCCCCCCCCC,tg,142.0,119.74617767333984
*c1ccc2N(c3c(Sc2c1)cc(cc3)c1sc(cc1)c1sc(cc1)c1ccc2N(c3c(Sc2c1)cc(cc3)C=C*)c1ccc(cc1)OCCCCCCCCCCCC)c1ccc(cc1)OCCCCCCCCCCCC,tg,115.8,148.73260498046875
*c1ccc2N(c3c(Sc2c1)cc(cc3)c1sc2c(c1CCCCC)sc(c2)*)CCCCCCCCCC,tg,131.0,143.92062377929688
*c1ccc2N(c3c(Sc2c1)cc(cc3)c1sc2c(c1CCCCC)sc(c2)*)CCCCCCCCCCCC,tg,136.0,119.09625244140625
*c1ccc2[nH]c(*)nc2c1,egc,3.9385,3.835022449493408
*c1ccc2c(*)c(-c3ccccc3)[nH]c2c1,egc,3.6113,2.768852472305298
*c1ccc2c(c1)C(=O)N(c1cc(N3C(=O)c4ccc(C(*)(C(F)(F)F)C(F)(F)F)cc4C3=O)c(O)cc1O)C2=O,egc,2.7003,3.8618268966674805
*c1ccc2c(c1)C(=O)N(c1ccc(C(C)(C)C(*)(C(F)(F)F)C(F)(F)F)cc1)C2=O,egc,3.3094,3.602811813354492
*c1ccc2c(c1)C(=O)N(c1ccc(Oc3ccc(N4C(=O)c5ccc(C(F)(F)C(F)(F)C(F)(F)C(F)(F)C(F)(F)C(F)(F)C(F)(F)C(*)(F)F)cc5C4=O)cc3)cc1)C2=O,egc,2.6011,3.5857956409454346
*c1ccc2c(c1)Cc1cc(*)ccc1-2,egc,3.7772,4.037367343902588
*c1ccc2c(c1)Cc1cc(N3C(=O)c4ccc(-c5ccc6c(c5)C(=O)N(*)C6=O)cc4C3=O)ccc1-2,egc,2.6588,2.9980878829956055
*c1ccc2c(c1)[Si](C)(C)c1cc(*)ccc1N2C,egc,3.6899,3.5291523933410645
*c1ccc2c(c1)c(=O)oc(n2)c1cc(cc(c1)N1C(=O)c2c(C1=O)cccc2)c1oc(=O)c2c(ccc(c2)C*)n1,tg,322.0,275.5710144042969
*c1ccc2c(c1)c1cc(*)ccc1n2-c1ccccc1,egc,3.553,3.1085503101348877
*c1ccc2c(c1)c1cc(*)ccc1n2C,egc,3.4554,3.422992467880249
*c1ccc2c(c1)c1cc(*)ccc1n2C(=O)NO,egc,3.8619,4.096121788024902
*c1ccc2c(c1)c1cc(*)ccc1n2C(=O)OCC,egc,3.932,3.590848684310913
*c1ccc2c(c1)c1cc(*)ccc1n2CC(=O)OCC,egc,3.5868,3.145517587661743
*c1ccc2c(c1)c1cc(*)ccc1n2CC1CO1,egc,3.2508,3.706122636795044
*c1ccc2c(c1)c1cc(*)ccc1n2CCC(=O)OCC,egc,3.5811,3.453482151031494
*c1ccc2c(nc([nH]2)c2cc(cc(c2)N2C(=O)c3c(C2=O)cccc3)c2nc3c([nH]2)ccc(c3)C(=O)Nc2cc(ccc2)NC(=O)*)c1,tg,304.0,307.48260498046875
*c1ccc2c(nc([nH]2)c2cc(cc(c2)N2C(=O)c3c(C2=O)cccc3)c2nc3c([nH]2)ccc(c3)C(=O)Nc2ccc(cc2)S(=O)(=O)c2ccc(cc2)NC(=O)*)c1,tg,325.0,304.94757080078125
*c1ccc2c(nc([nH]2)c2cc(ccc2)c2nc3c([nH]2)ccc(c3)C(=O)Nc2cc(cc(c2)c2nc3c([nH]2)cccc3)NC(=O)*)c1,tg,315.0,325.60888671875
*c1ccc2c(nc([nH]2)c2cc(ccc2)c2nc3c([nH]2)ccc(c3)C(=O)Nc2cc(ccc2)NC(=O)c2cc(ccc2)NC(=O)*)c1,tg,331.0,295.9509582519531
*c1ccc2c(nc([nH]2)c2cc(ccc2)c2nc3c([nH]2)ccc(c3)C(=O)Nc2ccc(cc2)NC(=O)c2ccc(cc2)NC(=O)*)c1,tg,322.0,324.49444580078125
*c1ccc2c(nc([nH]2)c2cc(ccc2)c2nc3c([nH]2)ccc(c3)C(=O)Nc2ccc(cc2)S(=O)(=O)c2ccc(cc2)NC(=O)*)c1,tg,312.0,311.97662353515625
*c1ccc2c(nc([nH]2)c2cc(ccc2)c2nc3c([nH]2)ccc(c3)C(=O)Nc2nc(ccc2)NC(=O)*)c1,tg,302.0,292.6864929199219
*c1ccc2c(nc([nH]2)c2ccc(cc2)C(=O)Nc2ccc(cc2)C(=O)Nc2ccc(cc2)NC(=O)*)c1,tg,295.0,301.67254638671875
*c1ccc2c(nc([nH]2)c2ccc(cc2)c2nc3c([nH]2)ccc(c3)C(=O)Nc2cc(ccc2)NC(=O)*)c1,tg,294.0,313.3519287109375
*c1ccc2c(nc(cn2)c2ccc(cc2)c2nc3c(nc2)ccc(c3)C(=O)*)c1,tg,318.0,381.8788146972656
*c1ccc2c3n(c4ccc(cc4n3)Oc3cc4n5c(nc4cc3)c3cccc4c(ccc(c5=O)c34)Oc3cc(ccc3)O*)c(=O)c3cccc1c23,tg,369.5,383.63043212890625
*c1ccc2c3n(c4ccc(cc4n3)Oc3cc4n5c(nc4cc3)c3cccc4c(ccc(c5=O)c34)Oc3ccc(cc3)C(c3ccc(cc3)O*)(C)C)c(=O)c3cccc1c23,tg,334.0,353.84979248046875
*c1ccc2c3n(c4ccc(cc4n3)Oc3cc4n5c(nc4cc3)c3cccc4c(ccc(c5=O)c34)Oc3ccc(cc3)S(=O)(=O)c3ccc(cc3)O*)c(=O)c3cccc1c23,tg,374.0,359.7872009277344
*c1ccc2c3n(c4ccc(cc4n3)Oc3cc4n5c(nc4cc3)c3cccc4c(ccc(c5=O)c34)Oc3ccc(cc3)Sc3ccc(cc3)O*)c(=O)c3cccc1c23,tg,346.0,325.8382873535156
*c1ccc2c3n(c4ccc(cc4n3)c3cc4n5c(nc4cc3)c3cccc4c(ccc(c5=O)c34)Oc3cc(ccc3)O*)c(=O)c3cccc1c23,tg,396.5,402.0829162597656
*c1ccc2c3n(c4ccc(cc4n3)c3cc4n5c(nc4cc3)c3cccc4c(ccc(c5=O)c34)Oc3cc4c(cc3)cc(cc4)O*)c(=O)c3cccc1c23,tg,413.0,387.05194091796875
*c1ccc2c3n(c4ccc(cc4n3)c3cc4n5c(nc4cc3)c3cccc4c(ccc(c5=O)c34)Oc3ccc(cc3)C(c3ccc(cc3)O*)(C)C)c(=O)c3cccc1c23,tg,380.0,378.75579833984375
*c1ccc2c3n(c4ccc(cc4n3)c3cc4n5c(nc4cc3)c3cccc4c(ccc(c5=O)c34)Oc3ccc(cc3)C(c3ccc(cc3)O*)(c3ccccc3)c3ccccc3)c(=O)c3cccc1c23,tg,357.0,402.118408203125
*c1ccc2c3n(c4ccc(cc4n3)c3cc4n5c(nc4cc3)c3cccc4c(ccc(c5=O)c34)Oc3ccc(cc3)C3(c4ccccc4c4ccccc34)c3ccc(cc3)O*)c(=O)c3cccc1c23,tg,421.0,395.5047302246094
*c1ccc2c3n(c4ccc(cc4n3)c3cc4n5c(nc4cc3)c3cccc4c(ccc(c5=O)c34)Oc3ccc(cc3)Sc3ccc(cc3)O*)c(=O)c3cccc1c23,tg,386.0,377.6161804199219
*c1ccc2cc(*)n(C(C(=O)NO)n3ccc4ccccc43)c2c1,egc,3.8694,3.1099960803985596
*c1ccc2cc(-c3nc4cc5nc(*)[nH]c5cc4[nH]3)ccc2c1,egc,3.1978,3.495405673980713
*c1ccc2cc(-c3nc4cc5sc(*)nc5cc4s3)ccc2c1,egc,3.27,3.1378839015960693
*c1ccc2cc(N(*)c3ccccc3)ccc2c1,egc,2.8541,3.5583863258361816
*c1ccc2ccc3c(*)cc(C#CC#C[Si](C)(C)C)c4ccc1c2c34,egc,2.225,2.6092913150787354
*c1ccc2ccc3c(*)cc(C#CC=C)c4ccc1c2c34,egc,2.2865,1.8482749462127686
*c1ccc2ccc3c(c2n1)nc(cc3)c1ccc(cc1)c1c(cc(c(c1)CCCCCC)c1ccc(cc1)*)CCCCCC,tg,190.0,200.43905639648438
*c1ccc2n(c3c(c2c1)cc(cc3)C=C(C(=O)OCCCCCCCCCCOC(=O)C(=C*)C#N)C#N)CCCCCCCCCCCCCC,tg,35.0,52.6662712097168
*c1ccc2n(c3c(c2c1)cc(cc3)C=C(C(=O)OCCCCCCOC(=O)C(=C*)C#N)C#N)CCCCCCCCCCCCCC,tg,53.0,40.87632369995117
*c1ccc2n(c3c(c2c1)cc(cc3)C=C(C(=O)OCCCCCCOC(=O)C(=C*)C#N)C#N)CCCCCCCCCCCOc1ccc(cc1)C=Cc1ccc(cc1)[N+](=O)[O-],tg,87.0,65.07036590576172
*c1ccc2n(c3c(c2c1)cc(cc3)C=Cc1ccc(cc1)c1n(c(nn1)c1ccc(cc1)C=C*)c1ccccc1)CCCCCCCC,tg,147.0,99.44500732421875
*c1ccc2n(c3c(c2c1)cc(cc3)C=Cc1nc(c(c(c1C#N)C=Cc1ccc(cc1)N(c1ccccc1)c1ccccc1)C#N)C=C*)CCCCCC,tg,134.0,201.61904907226562
*c1ccc2n(c3c(c2c1)cc(cc3)Nc1ccc(cc1)C(=O)c1ccc(cc1)N*)CC(CCCC)CC,tg,236.06,243.10044860839844
*c1ccc2n(c3c(c2c1)cc(cc3)Nc1ccc(cc1)Oc1ccc(cc1)N*)CC(CCCC)CC,tg,220.0,194.46890258789062
*c1ccc2n(c3c(c2c1)cc(cc3)Nc1ccc(cc1)c1ccc(cc1)N*)CC(CCCC)CC,tg,231.0,225.5460968017578
*c1ccc2n(c3c(c2c1)cc(cc3)c1c2cc(ccc2c(c2cc(ccc12)C=Cc1ccc(cc1)N(CCCCCC)CCCCCC)*)C=Cc1ccc(cc1)N(CCCCCC)CCCCCC)CCCCCCCC,tg,131.0,130.3026885986328
*c1ccc2n(c3c(c2c1)cc(cc3)c1cc2C(c3c(c2cc1)ccc(c3)*)(CCCCCC)CCCCCC)c1ccc(cc1)C,tg,155.0,171.45382690429688
*c1ccc2n(c3c(c2c1)cc(cc3)c1cc2C(c3c(c2cc1)ccc(c3)*)(CCCCCC)CCCCCC)c1ccc(cc1)OC,tg,174.0,142.72874450683594
*c1ccc2n(c3c(c2c1)cc(cc3)c1ccc2n(c3c(c2c1)cc(cc3)C=Cc1ccc(cc1)c1n(c(nn1)c1ccc(cc1)C=C*)c1ccccc1)CCCCCCCC)CCCCCCCC,tg,157.0,137.26324462890625
*c1ccc2n(c3c(c2c1)cc(cc3)c1sc(cc1)c1c2c(nsn2)c(cc1)c1sc(cc1)*)C(CCCCCCCC)CCCCCCCC,tg,133.57,121.66095733642578
*c1ccc2nc(*)oc2c1,egc,3.8571,3.425837516784668
*c1ccc2nc(*)sc2c1,egc,2.966,3.817537307739258
*c1ccc2oc(*)nc2c1,egc,3.9774,3.857628345489502
*c1ccc2oc(-c3ccc4nc(*)oc4c3)nc2c1,eea,3.155,2.6342079639434814
*c1ccc2oc(-c3ccc4nc(*)oc4c3)nc2c1,egb,2.5367,2.3752219676971436
*c1ccc2oc(-c3ccc4nc(*)oc4c3)nc2c1,nc,2.116,2.12579345703125
*c1ccc2oc3c(c2c1)cc(cc3)S(=O)(=O)*,tg,360.0,148.78546142578125
*c1cccc(*)c1N,egc,3.8845,3.928635597229004
*c1cccc(*)n1,egb,2.9424,3.3278045654296875
*c1cccc(*)n1,egc,3.8339,3.5536327362060547
*c1cccc(*)n1,eps,4.35,5.028029918670654
*c1cccc(-c2cc(*)cc3c2NC(C)(C)OC3(C)C)c1,egc,3.618,3.6775569915771484
*c1cccc(-c2ccc(-c3ccc(*)s3)s2)n1,egb,2.0464,1.3914755582809448
*c1cccc(-c2nc3cc(-c4ccc5[nH]c(*)nc5c4)ccc3[nH]2)c1,egc,3.5069,3.3721978664398193
*c1cccc(-c2nc3cc(-c4ccc5nc(*)c(-c6ccc7ccccc7c6)nc5c4)ccc3nc2-c2ccc3ccccc3c2)c1,egc,3.0367,3.0619988441467285
*c1cccc(-c2nc3cc(-c4ccc5oc(*)nc5c4)ccc3o2)c1,egc,3.5152,3.567157506942749
*c1cccc(-c2nc3cc4nc(*)[nH]c4cc3[nH]2)c1,egc,3.5319,3.115443468093872
*c1cccc(-c2nc3cc4nc(*)c(-c5ccccc5)nc4cc3nc2-c2ccccc2)c1,egb,1.9959,2.0933914184570312
*c1cccc(-c2nc3cc4nc(*)c(-c5ccccc5)nc4cc3nc2-c2ccccc2)c1,egc,2.9837,2.9997811317443848
*c1cccc(-c2nc3ccc(-c4ccc5nc(*)oc5c4)cc3o2)c1,egc,3.2965,3.3164498805999756
*c1cccc(-c2nc3ccc(-c4ccc5oc(*)nc5c4)cc3o2)c1,egc,3.5292,3.242892026901245
*c1cccc(-c2nnc(*)o2)c1,egc,4.1016,3.6188066005706787
*c1cccc(-c2nnc(-c3cccc(-c4nnc(*)o4)n3)o2)c1,egc,3.6938,3.9423794746398926
*c1cccc(-c2nnc(-c3nnc(*)o3)o2)c1,egc,4.3431,3.191622257232666
*c1cccc(C(=O)Nc2ccc(NC(=O)c3cccc(N4C(=O)c5ccc(-c6cccc7c6C(=O)N(*)C7=O)cc5C4=O)c3)cc2)c1,egc,2.3122,2.924950361251831
*c1cccc(C(F)(F)C(F)(F)C(*)(F)F)c1,egc,5.5439,5.206482410430908
*c1cccc(C(c2ccccc2)(c2cccc(N3C(=O)c4ccc(Oc5ccc6c(c5)C(=O)N(*)C6=O)cc4C3=O)c2)C(F)(F)F)c1,egc,3.4747,3.726768732070923
*c1cccc(N2C(=O)c3ccc(Oc4ccc(Oc5ccc(Oc6ccc7c(c6)C(=O)N(*)C7=O)cc5)cc4)cc3C2=O)c1,egc,3.2083,2.8799779415130615
*c1cccc(N2C(=O)c3ccc(P(=O)(c4ccccc4)c4ccc5c(c4)C(=O)N(*)C5=O)cc3C2=O)c1,egc,3.2222,3.00769305229187
*c1cccc(N2CC(=O)N(*)CC2=O)c1,egc,5.0572,4.946358680725098
*c1cccc2c(-n3c(=O)c4cc5c(=O)n(*)c(=O)c5cc4c3=O)cccc12,egc,2.5506,2.8737363815307617
*c1cnc(*)c(C)c1,egc,5.1042,4.653875350952148
*c1cnc(s1)N1C(=O)c2c(C1=O)cc(cc2)Oc1cc2c(C(=O)N(C2=O)c2ccc(cc2)Oc2ccc(cc2)*)cc1,tg,300.0,241.998779296875
*c1cncc(-c2nc3ccc(-c4ccc5nc(*)sc5c4)cc3s2)c1,egc,3.1882,3.151475429534912
*c1cncc(-c2nnc(-c3nnc(*)o3)o2)n1,egc,3.6277,2.971283197402954
*c1cocc1COC(=O)Nc1ccc(cc1)Cc1ccc(cc1)NC(=O)OC*,tg,45.0,130.47576904296875
*c1csc(*)c1,egc,3.5591,2.959102153778076
*c1n(c(cc1)Oc1ccc(cc1)C(c1ccc(cc1)OC*)(C)C)c1ccc(cc1)C#N,tg,73.13,82.5740737915039
*c1n(c(cc1)Oc1ccc(cc1)C(c1ccc(cc1)OC*)(C)C)c1ccc(cc1)[N+](=O)[O-],tg,76.75,98.17623138427734
*c1n(c(cc1)c1sc(cc1)c1sc(cc1)c1sc(cc1)*)CCCCCCCCCCCC,tg,53.0,58.579410552978516
*c1n(c(cc1)c1sc(cc1)c1sc(cc1)c1sc(cc1)c1sc(cc1)*)CCCCCCCCCCCC,tg,53.0,61.296443939208984
*c1n(c(nn1)c1cc(ccc1)c1n(c(nn1)c1ccc(cc1)*)c1ccccc1)c1ccccc1,tg,265.0,282.9089660644531
*c1n(c(nn1)c1ccc(cc1)Oc1ccc(cc1)C(c1ccc(cc1)Oc1ccc(cc1)*)(C(F)(F)F)C(F)(F)F)c1ccc(cc1)C,tg,213.0,222.30897521972656
*c1n(c(nn1)c1ccc(cc1)Oc1ccc(cc1)C(c1ccc(cc1)Oc1ccc(cc1)*)(C(F)(F)F)C(F)(F)F)c1ccc(cc1)S(=O)(=O)C,tg,226.0,231.5314178466797
*c1n(c(nn1)c1ccc(cc1)Oc1ccc(cc1)C(c1ccc(cc1)Oc1ccc(cc1)*)(C(F)(F)F)C(F)(F)F)c1ccc(cc1)S(=O)(=O)c1ccccc1,tg,211.0,208.753662109375
*c1n(c(nn1)c1ccc(cc1)Oc1ccc(cc1)C(c1ccc(cc1)Oc1ccc(cc1)*)(C)C)c1cc(ccc1)C(F)(F)F,tg,190.0,184.2322998046875
*c1n(c(nn1)c1ccc(cc1)Oc1ccc(cc1)C(c1ccc(cc1)Oc1ccc(cc1)*)(C)C)c1ccc(cc1)C,tg,205.0,187.94393920898438
*c1n(c(nn1)c1ccc(cc1)Oc1ccc(cc1)C(c1ccc(cc1)Oc1ccc(cc1)*)(C)C)c1ccc(cc1)S(=O)(=O)c1ccccc1,tg,198.0,224.1892547607422
*c1n(c(nn1)c1ccc(cc1)Oc1ccc(cc1)C(c1ccc(cc1)Oc1ccc(cc1)*)(C)C)c1ccccc1,tg,207.0,203.0314178466797
*c1n(nc(c1)c1ccc(cc1)Oc1ccc(cc1)C(=O)c1cc(ccc1)C(=O)c1ccc(cc1)Oc1ccc(cc1)*)c1ccccc1,tg,190.0,192.07102966308594
*c1n(nc(c1)c1ccc(cc1)Oc1ccc(cc1)C(=O)c1ccc(cc1)C(=O)c1ccc(cc1)Oc1ccc(cc1)*)c1ccccc1,tg,205.0,211.55484008789062
*c1n(nc(c1)c1ccc(cc1)Oc1ccc(cc1)C(=O)c1ccc(cc1)Oc1ccc(cc1)*)c1ccccc1,tg,205.0,192.37730407714844
*c1n(nc(c1)c1ccc(cc1)Oc1ccc(cc1)C(=O)c1ccc(cc1)Oc1ccc(cc1)C(=O)c1ccc(cc1)Oc1ccc(cc1)*)c1ccccc1,tg,190.0,194.262451171875
*c1nc(-c2ccccc2)nc(N(*)C)n1,egc,4.2966,4.150628566741943
*c1nc(-c2ccccc2)nc(N(*)CC)n1,egc,4.1252,4.133297443389893
*c1nc(-c2ccccc2)nc(N(*)c2ccccc2)n1,egc,3.8771,4.013408184051514
*c1nc(C)nc(N(*)c2ccccc2)n1,egc,4.4826,4.310408115386963
*c1nc(C)nc(N(CCCCCCN(*)c2ccccc2)c2ccccc2)n1,egc,3.751,3.993945598602295
*c1nc(C)nc(N(CCCCN(*)c2ccccc2)c2ccccc2)n1,egc,3.7879,3.7742459774017334
*c1nc(Cl)nc(N(c2ccccc2)c2nc(Nc3ccccc3)nc(N(*)c3ccccc3)n2)n1,egc,3.6448,3.288562059402466
*c1nc(Oc2ccccc2)nc(N(*)c2ccccc2)n1,egc,4.4124,4.333092212677002
*c1nc(c(c(c1C#N)C=Cc1ccc(cc1)N(c1ccccc1)c1ccccc1)C#N)C=Cc1c(cc(c(c1)CCCCCCCCCCCCCCCC)C=C*)CCCCCCCCCCCCCCCC,tg,165.0,124.64192962646484
*c1nc(c(c(c1C#N)C=Cc1ccc(cc1)N(c1ccccc1)c1ccccc1)C#N)C=Cc1cc2C(c3c(c2cc1)ccc(c3)C=C*)(CCCCCC)CCCCCC,tg,178.0,142.64051818847656
*c1nc(c(nc1c1ccc(cc1)NC1C(=O)N(C(=O)C1)c1ccc(cc1)c1sc(c(c1c1ccccc1)c1ccccc1)c1ccc(cc1)N1C(=O)C(CC1=O)Nc1ccc(cc1)*)C#N)C#N,tg,231.0,242.96522521972656
*c1nc(ccc1)C(=O)Nc1cc(cc(c1)c1oc(nn1)c1ncccc1)NC(=O)*,tg,255.0,209.12460327148438
*c1nc(ccc1)C=Cc1c2c(ccc1OC(=O)c1ccc(cc1)C(=O)Oc1c(c3c(cc1)cccc3)C=C*)cccc2,tg,145.0,218.35401916503906
*c1nc(ccc1)NC(=O)NCCCCCCNC(=O)N*,tg,169.67,128.74752807617188
*c1nc(ccc1)NC(=O)Nc1ccc(cc1)Cc1ccc(cc1)NC(=O)N*,tg,216.67,176.65847778320312
*c1nc(ccc1)Oc1c(cc(cc1)O*)C,tg,89.0,71.6661605834961
*c1nc(ccc1)Oc1cc(ccc1)O*,tg,82.0,135.86404418945312
*c1nc(ccc1)Oc1ccc(cc1)O*,tg,100.0,80.67406463623047
*c1nc(ccc1)Oc1ccc(cc1)Oc1ccc(cc1)C(=Nc1ccccc1)c1ccc(cc1)Oc1ccc(cc1)O*,tg,135.0,135.20301818847656
*c1nc(ccc1)Oc1ccc(cc1)Oc1ccc(cc1)C(=O)c1ccc(cc1)Oc1ccc(cc1)O*,tg,124.0,146.45855712890625
*c1nc(ccc1)Oc1ccc(cc1)Oc1ccc(cc1)P(=O)(c1ccc(cc1)Oc1ccc(cc1)O*)c1ccccc1,tg,164.0,164.89662170410156
*c1nc(ccc1)Oc1ccc(cc1)c1ccc(cc1)O*,tg,119.0,177.04856872558594
*c1nc(ccc1)c1cc(c(cc1)Oc1ccc(cc1)C(c1ccc(cc1)Oc1c(cc(cc1)*)C(F)(F)F)(C(F)(F)F)C(F)(F)F)C(F)(F)F,tg,148.67,135.52798461914062
*c1nc(ccc1)c1cc(c(cc1)Oc1ccc(cc1)C(c1ccc(cc1)Oc1c(cc(cc1)*)C(F)(F)F)(C)C)C(F)(F)F,tg,121.0,136.90756225585938
*c1nc(ccc1)c1cc(c(cc1)Oc1ccc(cc1)C1(c2ccccc2c2ccccc12)c1ccc(cc1)Oc1c(cc(cc1)*)C(F)(F)F)C(F)(F)F,tg,182.5,223.1521759033203
*c1nc(cnc1)Oc1ccc(cc1)C(c1ccc(cc1)O*)(C)C,tg,94.0,169.04713439941406
*c1nc(nc(c1c1ccc(cc1)OC)OCCOC(=O)CCCCC(=O)OCCO*)c1ccc(cc1)OCCCC,tg,34.0,55.188255310058594
*c1nc(nc(c1c1ccc(cc1)OC)OCCOC(=O)c1c(ccc(c1)N=Nc1ccc(cc1)OCC)c1c(cc(cc1)N=Nc1ccc(cc1)OCC)C(=O)OCCO*)c1ccc(cc1)OCCCC,tg,126.0,105.04280853271484
*c1nc(nc(c1c1ccc(cc1)OC)OCCOC(=O)c1cc(ccc1)C(=O)OCCO*)c1ccc(cc1)OCCCC,tg,92.0,81.50531768798828
*c1nc(nc(c1c1ccc(cc1)OC)OCCOC(=O)c1ccc(cc1)C(=O)OCCO*)c1ccc(cc1)OCCCC,tg,94.0,79.9887466430664
*c1nc(nc(c1c1ccc(cc1)OCCCC)OCCOC(=O)CCCC(=O)OCCO*)c1ccc(cc1)OCCCC,tg,37.0,21.5048885345459
*c1nc(nc(n1)C(C(C(C(C(C(*)(F)F)(F)F)(F)F)(F)F)(F)F)(F)F)C(C(C(F)(F)F)(F)F)(F)F,tg,-11.0,140.3131561279297
*c1nc(nc(n1)N(CCCCCCCCCCN(*)c1ccccc1)c1ccccc1)c1ccccc1,tg,62.0,76.19670867919922
*c1nc(nc(n1)N(CCCCCCN(*)c1ccccc1)c1ccccc1)C,tg,67.0,75.48993682861328
*c1nc(nc(n1)N(CCCCCCN(*)c1ccccc1)c1ccccc1)c1ccccc1,tg,74.0,88.06175994873047
*c1nc(nc(n1)N(CCCCN(*)c1ccccc1)c1ccccc1)C,tg,89.5,76.09695434570312
*c1nc(nc(n1)NCCCCCCN*)c1ccccc1,tg,95.0,114.4909896850586
*c1nc(nc(n1)Oc1cc(ccc1)C(=O)Nc1ccc(cc1)c1ccc(cc1)NC(=O)c1cc(ccc1)O*)Sc1ccccc1,tg,279.0,181.78997802734375
*c1nc(nc(n1)c1ccc(cc1)Oc1ccc(cc1)C(c1ccc(cc1)Oc1ccc(cc1)*)(C)C)c1ccccc1,tg,228.0,187.6963653564453
*c1nc(nc(n1)c1ccc(cc1)Oc1ccc(cc1)Oc1ccc(cc1)*)c1ccccc1,tg,244.0,227.86231994628906
*c1nc(nc(n1)c1ccc(cc1)Oc1ccc(cc1)Sc1ccc(cc1)Oc1ccc(cc1)*)c1ccccc1,tg,211.0,219.397705078125
*c1nc(nc(n1)c1ccc(cc1)Oc1ccc(cc1)c1ccc(cc1)Oc1ccc(cc1)*)c1ccccc1,tg,241.0,254.71173095703125
*c1nc(sc1)N=Cc1ccc(cc1)OCCCCCCCCOc1ccc(cc1)C=Nc1nc(cs1)c1ccc(cc1)Oc1ccc(cc1)*,tg,150.0,103.38948822021484
*c1nc(sc1)N=Cc1ccc(cc1)OCCCCCCOc1ccc(cc1)C=Nc1nc(cs1)c1ccc(cc1)Oc1ccc(cc1)*,tg,117.0,158.46058654785156
*c1nc2c([nH]1)cc(cc2)c1cc2c(nc([nH]2)c2cc(ccc2)*)cc1,tg,395.88,378.81292724609375
*c1nc2c([nH]1)cc(cc2)c1cc2c(nc([nH]2)c2ccc(cc2)C(c2ccc(cc2)*)(C(F)(F)F)C(F)(F)F)cc1,tg,269.0,357.5030517578125
*c1nc2c([nH]1)ccc(c2)N1C(=O)c2c(C1=O)cc(cc2)c1cc2c(C(=O)N(C2=O)c2ccc(cc2)*)cc1,tg,425.0,336.2501220703125
*c1nc2c([nH]1)ccc(c2)NC(=O)c1ccc(cc1)OCCOCCOCCOCCOCCOc1ccc(cc1)C(=O)Nc1ccc(cc1)*,tg,125.0,139.02549743652344
*c1nc2c([nH]1)ccc(c2)NC(=O)c1ccc(cc1)OCCOCCOCCOCCOc1ccc(cc1)C(=O)Nc1cc(ccc1)*,tg,155.0,146.75660705566406
*c1nc2c([nH]1)ccc(c2)NC(=O)c1ccc(cc1)OCCOCCOCCOCCOc1ccc(cc1)C(=O)Nc1ccc(cc1)*,tg,140.0,136.94422912597656
*c1nc2c([nH]1)ccc(c2)NC(=O)c1ccc(cc1)OCCOCCOCCOc1ccc(cc1)C(=O)Nc1cc(ccc1)*,tg,180.0,163.2832489013672
*c1nc2c([nH]1)ccc(c2)NC(=O)c1ccc(cc1)OCCOCCOCCOc1ccc(cc1)C(=O)Nc1ccc(cc1)*,tg,155.0,164.84930419921875
*c1nc2c([nH]1)ccc(c2)NC(=O)c1ccc(cc1)OCCOCCOc1ccc(cc1)C(=O)Nc1ccc(cc1)*,tg,175.0,181.26974487304688
*c1nc2c([nH]1)ccc(c2)NC(=O)c1ccc(cc1)OCCOc1ccc(cc1)C(=O)Nc1ccc(cc1)*,tg,225.0,242.12245178222656
*c1nc2c([nH]1)ccc(c2)c1ccc2c(nc([nH]2)CCC*)c1,tg,275.0,239.95233154296875
*c1nc2c([nH]1)ccc(c2)c1ccc2c(nc([nH]2)c2cc(ccc2)*)c1,tg,415.89,356.7632751464844
*c1nc2c([nH]1)ccc(c2)c1ccc2c(nc([nH]2)c2cc(ccc2)C(=O)Nc2ccc(cc2)Cc2ccc(cc2)N2C(=O)c3c(C2=O)cc(cc3)S(=O)(=O)c2cc3c(C(=O)N(C3=O)c3ccc(cc3)Cc3ccc(cc3)NC(=O)c3cc(ccc3)*)cc2)c1,tg,270.0,253.42568969726562
*c1nc2c(c(c1)c1ccc(cc1)Oc1ccc(cc1)Oc1ccccc1)cc(cc2)c1cc2c(nc(cc2c2ccc(cc2)Oc2ccc(cc2)Oc2ccccc2)c2ccc(cc2)c2ccc(cc2)*)cc1,tg,348.33,307.5497741699219
*c1nc2c(c(c1)c1ccc(cc1)Oc1ccc(cc1)c1cc(nc3c1cccc3)c1ccc(cc1)Oc1ccc(cc1)*)cccc2,tg,275.67,257.74468994140625
*c1nc2c(c(c1)c1ccc(cc1)Oc1ccc(cc1)c1cc(nc3c1cccc3)c1ccc(cc1)c1ccc(cc1)*)cccc2,tg,326.0,305.49786376953125
*c1nc2c(c(c1)c1ccc(cc1)Oc1ccc(cc1)c1ccccc1)cc(cc2)c1cc2c(nc(cc2c2ccc(cc2)Oc2ccc(cc2)c2ccccc2)c2ccc(cc2)c2ccc(cc2)*)cc1,tg,318.0,360.56439208984375
*c1nc2c(c(c1)c1ccc(cc1)c1ccc(cc1)Oc1ccccc1)cc(cc2)c1cc2c(nc(cc2c2ccc(cc2)c2ccc(cc2)Oc2ccccc2)c2ccc(cc2)c2ccc(cc2)*)cc1,tg,352.0,346.18170166015625
*c1nc2c(c(c1)c1ccccc1)cc(cc2)*,tg,415.0,360.87060546875
*c1nc2c(c(c1)c1ccccc1)cc(cc2)C1(c2ccccc2C(=O)c2ccccc12)c1cc2c(nc(cc2c2ccccc2)c2ccc(cc2)C2(c3ccccc3c3ccccc23)c2ccc(cc2)*)cc1,tg,405.0,382.2110290527344
*c1nc2c(c(c1)c1ccccc1)cc(cc2)C1(c2ccccc2C(=O)c2ccccc12)c1cc2c(nc(cc2c2ccccc2)c2ccc(cc2)c2ccc(cc2)*)cc1,tg,350.0,396.8441467285156
*c1nc2c(c(c1)c1ccccc1)cc(cc2)C1(c2ccccc2c2ccccc12)c1cc2c(nc(cc2c2ccccc2)c2ccc(cc2)C2(c3ccccc3C(=O)c3ccccc23)c2ccc(cc2)*)cc1,tg,385.0,392.4056701660156
*c1nc2c(c(c1)c1ccccc1)cc(cc2)C1(c2ccccc2c2ccccc12)c1cc2c(nc(cc2c2ccccc2)c2ccc(cc2)Oc2ccc(cc2)*)cc1,tg,315.0,301.11346435546875
*c1nc2c(c(c1)c1ccccc1)cc(cc2)Oc1cc2c(nc(cc2c2ccccc2)c2c(ccc(c2)*)OCCCCCCN(c2ccc(cc2)C(=C(C#N)C#N)C#N)CC)cc1,tg,175.0,137.3809356689453
*c1nc2c(c(c1)c1ccccc1)cc(cc2)Oc1cc2c(nc(cc2c2ccccc2)c2c(ccc(c2)*)OCCN(c2ccc(cc2)C(=C(C#N)C#N)C#N)CC)cc1,tg,200.0,214.6406707763672
*c1nc2c(c(c1)c1ccccc1)cc(cc2)Oc1cc2c(nc(cc2c2ccccc2)c2c(ccc(c2)*)OCCN(c2ccc(cc2)c2sc(cc2)C(=C(C#N)C#N)c2sc(cc2)c2ccc(cc2)N(CC)CC)CC)cc1,tg,205.0,163.88677978515625
*c1nc2c(c(c1)c1ccccc1)cc(cc2)Oc1cc2c(nc(cc2c2ccccc2)c2ccc(cc2)C(c2ccc(cc2)*)(C(F)(F)F)C(F)(F)F)cc1,tg,260.0,265.96075439453125
*c1nc2c(c(c1)c1ccccc1)cc(cc2)Oc1cc2c(nc(cc2c2ccccc2)c2ccc(cc2)c2ccc(cc2)c2ccc(cc2)*)cc1,tg,282.5,301.68212890625
*c1nc2c(c(c1)c1ccccc1)cc(cc2)Oc1cc2c(nc(cc2c2ccccc2)c2ccc(cc2)c2ccc(cc2)c2ccc(cc2)c2ccc(cc2)*)cc1,tg,298.33,271.68267822265625
*c1nc2c(c(c1)c1ccccc1)cc(cc2)c1cc2c(nc(cc2c2ccccc2)c2ccc(cc2)C2(c3ccccc3C(=O)c3ccccc23)c2ccc(cc2)*)cc1,tg,417.0,395.7099609375
*c1nc2c(c(c1)c1ccccc1)cc(cc2)c1cc2c(nc(cc2c2ccccc2)c2ccc(cc2)Oc2ccc(cc2)*)cc1,tg,286.67,351.2305908203125
*c1nc2c(c(c1)c1ccccc1)cc(cc2)c1cc2c(nc(cc2c2ccccc2)c2ccc(cc2)c2ccc(cc2)*)cc1,tg,372.0,349.2763671875
*c1nc2c(c(c1)c1ccccc1)cc(cc2)c1ccc(cc1)*,tg,383.0,371.0545654296875
*c1nc2c(c(c1c1ccccc1)c1ccc(cc1)Oc1ccc(cc1)c1c(c(nc3c1cccc3)c1ccc(cc1)c1ccc(cc1)*)c1ccccc1)cccc2,tg,345.0,277.2864074707031
*c1nc2c(c(c1c1ccccc1)c1ccccc1)cc(cc2)Oc1cc2c(nc(c(c2c2ccccc2)c2ccccc2)c2ccc(cc2)*)cc1,tg,345.0,359.6393737792969
*c1nc2c(c(c1c1ccccc1)c1ccccc1)cc(cc2)Oc1cc2c(nc(c(c2c2ccccc2)c2ccccc2)c2ccc(cc2)c2ccc(cc2)*)cc1,tg,351.0,328.4543762207031
*c1nc2c(c(c1c1ccccc1)c1ccccc1)cc(cc2)c1cc2c(nc(c(c2c2ccccc2)c2ccccc2)c2ccc(cc2)*)cc1,tg,376.25,374.7613220214844
*c1nc2c(cc1)cc(cc2)C(=O)c1ccc(cc1)Oc1c(cc(c(c1C)C)c1c(c(c(c(c1)C)Oc1ccc(cc1)C(=O)*)C)C)C,tg,250.0,245.6056671142578
*c1nc2c(cc1)cc(cc2)C(=O)c1ccc(cc1)Oc1ccc(cc1)c1ccc(cc1)Oc1ccc(cc1)C(=O)*,tg,155.0,215.19232177734375
*c1nc2c(n1C)C(=O)N(*)C2=O,egc,4.0674,3.988055944442749
*c1nc2c(n1c1ccc(cc1)n1c(nc3c1cccc3)c1ccc(cc1)Oc1ccc(cc1)C(=O)c1cc(ccc1)C(=O)c1ccc(cc1)Oc1ccc(cc1)*)cccc2,tg,219.0,218.1796112060547
*c1nc2c(n1c1ccc(cc1)n1c(nc3c1cccc3)c1ccc(cc1)Oc1ccc(cc1)C(=O)c1ccc(cc1)C(=O)c1ccc(cc1)Oc1ccc(cc1)*)cccc2,tg,238.0,213.86712646484375
*c1nc2c(nc1)cc(cc2)Oc1cc2c(nc(cn2)c2ccc(cc2)*)cc1,tg,306.0,201.85964965820312
*c1nc2c(nc1)cc(cc2)S(=O)(=O)c1cc2c(nc(cn2)c2ccc(cc2)*)cc1,tg,342.0,320.1220703125
*c1nc2c(nc1)cc(cc2)c1cc2c(nc(cn2)c2ccc(cc2)*)cc1,tg,350.0,382.062744140625
*c1nc2c(nc1)cc(cc2)c1cc2c(nc(cn2)c2ccc(cc2)Oc2ccc(cc2)Oc2ccc(cc2)*)cc1,tg,195.0,254.31280517578125
*c1nc2c(nc1)cc(cc2)c1cc2c(nc(cn2)c2ccc(cc2)c2ccc(cc2)*)cc1,tg,345.5,350.443603515625
*c1nc2c(nc1)ccc(c2)Oc1ccc2c(nc(cn2)c2ccc(cc2)*)c1,tg,306.0,274.9536437988281
*c1nc2c(nc1c1cc3c(cc1)cccc3)cc(cc2)c1cc2c(nc(c(n2)c2ccc(cc2)*)c2cc3c(cc2)cccc3)cc1,tg,333.0,333.4457092285156
*c1nc2c(nc1c1ccc(cc1)C(=O)NCCCCCCCCCCNC(=O)c1ccc(cc1)*)cccc2,tg,166.0,182.4143524169922
*c1nc2c(nc1c1ccc(cc1)C(=O)NCCCCCCCCNC(=O)c1ccc(cc1)*)cccc2,tg,185.0,172.39181518554688
*c1nc2c(nc1c1ccc(cc1)OC(=O)c1cc(ccc1)C(=O)Oc1ccc(cc1)*)cccc2,tg,245.0,210.8336944580078
*c1nc2c(nc1c1ccc(cc1)Oc1ccc(cc1)Oc1ccc(cc1)P(=O)(c1ccc(cc1)Oc1ccc(cc1)Oc1ccc(cc1)*)c1ccccc1)cccc2,tg,209.0,280.8373718261719
*c1nc2c(nc1c1ccccc1)cc(cc2)Oc1cc2c(nc(c(n2)c2ccc(cc2)*)c2ccccc2)cc1,tg,326.0,301.6340026855469
*c1nc2c(nc1c1ccccc1)cc(cc2)Oc1cc2c(nc(c(n2)c2ccc(cc2)Oc2ccc(cc2)*)c2ccccc2)cc1,tg,340.0,275.8616638183594
*c1nc2c(nc1c1ccccc1)cc(cc2)Oc1cc2c(nc(c(n2)c2ccccc2)c2ccc(cc2)*)cc1,tg,304.0,286.4252014160156
*c1nc2c(nc1c1ccccc1)cc(cc2)Oc1cc2c(nc(c(n2)c2ccccc2)c2ccc(cc2)OCCN(CCOc2ccc(cc2)*)c2ccc(cc2)N=Nc2c(cc(cc2)[N+](=O)[O-])C)cc1,tg,188.0,195.29969787597656
*c1nc2c(nc1c1ccccc1)cc(cc2)Oc1cc2c(nc(c(n2)c2ccccc2)c2ccc(cc2)OCCN(CCOc2ccc(cc2)*)c2ccc(cc2)N=Nc2ccc(cc2)[N+](=O)[O-])cc1,tg,199.0,192.02374267578125
*c1nc2c(nc1c1ccccc1)cc(cc2)Oc1cc2c(nc(c(n2)c2ccccc2)c2ccc(cc2)OCCN(c2ccc(cc2)C=CC2=CC(=C3C(=C(C#N)C#N)c4c(C3=O)cccc4)C=C(O2)C=Cc2ccc(cc2)N(CCOc2ccc(cc2)*)C)C)cc1,tg,260.0,176.41281127929688
*c1nc2c(nc1c1ccccc1)cc(cc2)Oc1cc2c(nc(c(n2)c2ccccc2)c2ccc(cc2)OCCOc2c(ccc(c2)OCCOc2ccc(cc2)*)C=Cc2ccc(cc2)[N+](=O)[O-])cc1,tg,187.0,212.7689208984375
*c1nc2c(nc1c1ccccc1)cc(cc2)Oc1ccc(cc1)N1C(=O)c2c(C1=O)cc(cc2)C(c1cc2c(C(=O)N(C2=O)c2ccc(cc2)Oc2cc3c(nc(c(n3)c3ccccc3)c3ccc(cc3)Oc3ccc(cc3)*)cc2)cc1)(C(F)(F)F)C(F)(F)F,tg,267.0,299.64215087890625
*c1nc2c(nc1c1ccccc1)cc(cc2)S(=O)(=O)c1cc2c(nc(c(n2)c2ccc(cc2)*)c2ccccc2)cc1,tg,277.5,334.2915344238281
*c1nc2c(nc1c1ccccc1)cc(cc2)S(=O)(=O)c1cc2c(nc(c(n2)c2ccccc2)c2ccc(cc2)*)cc1,tg,345.0,292.9324645996094
*c1nc2c(nc1c1ccccc1)cc(cc2)c1cc2c(nc(c(n2)c2cc(ccc2)*)c2ccccc2)cc1,tg,319.0,333.2690734863281
*c1nc2c(nc1c1ccccc1)cc(cc2)c1cc2c(nc(c(n2)c2ccc(cc2)*)c2ccccc2)cc1,tg,367.45,338.7511901855469
*c1nc2c(nc1c1ccccc1)cc(cc2)c1cc2c(nc(c(n2)c2ccc(cc2)Oc2ccc(cc2)*)c2ccccc2)cc1,tg,292.5,301.7637634277344
*c1nc2c(nc1c1ccccc1)cc(cc2)c1cc2c(nc(c(n2)c2ccccc2)c2ccc(cc2)OCCCCOc2ccc(cc2)*)cc1,tg,219.0,186.81338500976562
*c1nc2c(nc1c1ccccc1)cc(cc2)c1cc2c(nc(c(n2)c2ccccc2)c2ccc(cc2)Oc2ccc(cc2)*)cc1,tg,335.33,272.88238525390625
*c1nc2c(nc1c1ccccc1)cc(cc2)c1cc2c(nc(c(n2)c2ccccc2)c2ccc(cc2)Oc2ccc(cc2)Oc2ccc(cc2)Oc2ccc(cc2)*)cc1,tg,263.0,300.658203125
*c1nc2c(nc1c1ccccc1)cc(cc2)c1cc2c(nc(c(n2)c2ccccc2)c2ccc(cc2)Sc2ccc(cc2)*)cc1,tg,288.0,339.5675354003906
*c1nc2cc(S(=O)(=O)c3ccc4oc(C5CCC(*)CC5)nc4c3)ccc2o1,egc,4.8558,3.592071533203125
*c1nc2cc3c(cc2c(c1)c1ccccc1)c(cc(n3)c1ccc(cc1)c1ccc(cc1)*)c1ccccc1,tg,392.0,414.1658630371094
*c1nc2cc3c(cc2c(c1)c1ccccc1)nc(cc3c1ccccc1)c1ccc(cc1)Oc1ccc(cc1)*,tg,365.0,321.65960693359375
*c1nc2cc3c(cc2nc1)nc(cn3)c1ccc(cc1)*,tg,392.0,336.7966003417969
*c1nc2cc3c(cc2nc1)nc(cn3)c1ccc(cc1)Oc1ccc(cc1)*,tg,353.0,216.98130798339844
*c1nc2cc3c(cc2nc1)ncc(n3)c1ccc(cc1)*,tg,392.0,332.6585998535156
*c1nc2cc3c(cc2nc1c1ccccc1)nc(c(n3)c1ccc(cc1)*)c1ccccc1,tg,395.0,382.54638671875
*c1nc2cc3c(cc2nc1c1ccccc1)nc(c(n3)c1ccccc1)c1cc(ccc1)*,tg,365.0,352.812255859375
*c1nc2cc3nc(-c4ccc(*)o4)[nH]c3cc2[nH]1,egc,2.2261,2.8208208084106445
*c1nc2cc3sc(-c4cc(OCCCC)c(*)cc4OCCCC)nc3cc2s1,egc,3.1607,2.7712502479553223
*c1ncc(cc1)C(=O)NNC(=O)c1ccc(cc1)[Si](c1ccc(cc1)C(=O)NNC(=O)*)(c1ccccc1)c1ccccc1,tg,256.0,183.22804260253906
*c1ncc(cc1)C(=O)Nc1cc(ccc1)Oc1ccc(cc1)C(=O)c1ccc(cc1)Oc1cc(ccc1)NC(=O)*,tg,154.0,131.65948486328125
*c1ncc(cc1)c1ccc(cc1)Oc1ccc(cc1)P(=O)(c1ccc(cc1)Oc1ccc(cc1)*)c1ccccc1,tg,257.0,244.1873321533203
*c1ncc(cc1)c1sc(c(c1)CCCCCCCC)c1ccc(cc1)c1sc(cc1CCCCCCCC)*,tg,16.2,9.101847648620605
*c1ncc(s1)N*,tg,62.0,170.01673889160156
*c1ncnc(n1)N(CCCCCCN(*)c1ccccc1)c1ccccc1,tg,72.0,73.7812728881836
*c1ncnc(n1)N(CCCCN(*)c1ccccc1)c1ccccc1,tg,91.0,88.97856140136719
*c1nnc(C2CC3(CC(*)C3)C2)o1,egc,6.0399,5.580780029296875
*c1nnc(cc1)Oc1ccc(cc1)C(c1ccc(cc1)O*)(C)C,tg,180.0,131.35617065429688
*c1nnc(nc1)c1nc(ccc1)c1nc(cnn1)c1ccc(cc1)Oc1ccc(cc1)*,tg,223.0,226.27801513671875
*c1nnc(nc1c1ccc(cc1)Oc1ccc(cc1)C1(c2ccccc2c2ccccc12)c1ccc(cc1)Oc1ccc(cc1)*)c1ncccc1,tg,277.0,259.1639709472656
*c1nnc(nc1c1ccc(cc1)Oc1ccc(cc1)S(=O)(=O)c1ccc(cc1)Oc1ccc(cc1)*)c1ncccc1,tg,265.0,252.92115783691406
*c1oc(=O)c2c(ccc(c2)Cc2ccc3c(c2)c(=O)oc(n3)CN2C(=O)c3c(C2=O)cc(cc3)C(c2cc3c(C(=O)N(C3=O)C*)cc2)(C(F)(F)F)C(F)(F)F)n1,tg,218.0,208.79666137695312
*c1oc(cc1)C(=O)OCCOC(=O)*,tg,85.56,79.87267303466797
*c1oc(cc1)C(c1oc(cc1)CNC(=O)OC(COC(=O)NC*)c1occc1)CCC,tg,43.0,23.76640510559082
*c1oc(cc1)C(c1oc(cc1)CNC(=O)OCCOC(=O)NC*)(C)C,tg,50.0,46.53782272338867
*c1oc(cc1)CNC(=O)OC(COC(=O)NC*)c1occc1,tg,30.0,54.229488372802734
*c1oc(cc1)COC(=O)NCCCCCCNC(=O)OC*,tg,33.0,45.27651596069336
*c1oc(nc1)c1cc(c(cc1)Oc1ccc(cc1)C(c1ccc(cc1)Oc1c(cc(cc1)*)C(F)(F)F)(C(F)(F)F)C(F)(F)F)C(F)(F)F,tg,205.0,219.33987426757812
*c1oc(nc1)c1cc(c(cc1)Oc1ccc(cc1)C(c1ccc(cc1)Oc1c(cc(cc1)*)C(F)(F)F)(C)C)C(F)(F)F,tg,185.0,170.613037109375
*c1oc(nc1)c1cc(c(cc1)Oc1ccc(cc1)S(=O)(=O)c1ccc(cc1)Oc1c(cc(cc1)*)C(F)(F)F)C(F)(F)F,tg,210.0,223.52740478515625
*c1oc(nc1)c1cc(c(cc1)Oc1ccc(cc1)c1ccc(cc1)Oc1c(cc(cc1)*)C(F)(F)F)C(F)(F)F,tg,200.0,192.76983642578125
*c1oc(nn1)c1c(cc(cc1)*)OCC,tg,231.0,222.17681884765625
*c1oc(nn1)c1c(cc(cc1)*)OCCCCC,tg,205.0,198.54324340820312
*c1oc(nn1)c1c(cc(cc1)*)OCCCCCCCC,tg,173.0,166.37799072265625
*c1oc(nn1)c1c(cc(cc1)c1oc(nn1)CN1C(=O)c2c(C1=O)cc(cc2)C(c1cc2c(C(=O)N(C2=O)C*)cc1)(C(F)(F)F)C(F)(F)F)Oc1ccccc1,tg,208.0,218.02536010742188
*c1oc(nn1)c1c2c(c(cc1)Oc1c3c(c(cc1)C=Cc1ccc(cc1)Oc1c4c(c(cc1)*)cccc4)cccc3)cccc2,tg,241.0,246.24278259277344
*c1oc(nn1)c1c2c(c(cc1)c1oc(nn1)c1ccc(cc1)[Si](c1ccc(cc1)*)(c1ccccc1)c1ccccc1)cccc2,tg,271.5,251.1979522705078
*c1oc(nn1)c1cc(ccc1)c1oc(nn1)c1ccc(cc1)*,tg,277.0,265.80999755859375
*c1oc(nn1)c1ccc(cc1)C#Cc1c(cc(c(c1)OCCCCCCCC)C#Cc1ccc(cc1)*)OCCCCCCCC,tg,130.0,105.83003234863281
*c1oc(nn1)c1ccc(cc1)C(=O)OCCCCCCCCCCOc1ccc(cc1)C=CC(=O)C=Cc1ccc(cc1)OCCCCCCCCCCOC(=O)c1ccc(cc1)*,tg,58.0,59.41936111450195
*c1oc(nn1)c1ccc(cc1)C(=O)OCCCCCCCCOc1ccc(cc1)C=C1C(=O)C(=Cc2ccc(cc2)OCCCCCCCCOC(=O)c2ccc(cc2)*)CC1,tg,99.0,87.44234466552734
*c1oc(nn1)c1ccc(cc1)C(=O)OCCCCCCCCOc1ccc(cc1)C=C1C(=O)C(=Cc2ccc(cc2)OCCCCCCCCOC(=O)c2ccc(cc2)*)CCCC1,tg,98.0,83.43500518798828
*c1oc(nn1)c1ccc(cc1)C(=O)OCCCCCCCCOc1ccc(cc1)C=CC(=O)C=Cc1ccc(cc1)OCCCCCCCCOC(=O)c1ccc(cc1)*,tg,59.0,76.46795654296875
*c1oc(nn1)c1ccc(cc1)C(=O)OCCCCCCOc1ccc(cc1)C=C1C(=O)C(=Cc2ccc(cc2)OCCCCCCOC(=O)c2ccc(cc2)*)CCC1,tg,71.0,97.24938201904297
*c1oc(nn1)c1ccc(cc1)C(=O)OCCCCCCOc1ccc(cc1)C=C1C(=O)C(=Cc2ccc(cc2)OCCCCCCOC(=O)c2ccc(cc2)*)CCCC1,tg,104.0,82.37604522705078
*c1oc(nn1)c1ccc(cc1)NC(=O)c1c(cc(cc1)*)Oc1ccccc1,tg,235.0,234.31138610839844
*c1oc(nn1)c1ccc(cc1)NC(=O)c1c(cc(cc1)C(=O)Nc1ccc(cc1)*)Oc1ccccc1,tg,272.0,254.66075134277344
*c1oc(nn1)c1ccc(cc1)NC(=O)c1cc(cc(c1)N1C(=O)c2c(C1=O)cccc2)*,tg,324.0,319.87725830078125
*c1oc(nn1)c1ccc(cc1)NC(=O)c1cc(cc(c1)N1C(=O)c2c(C1=O)cccc2)C(=O)Nc1ccc(cc1)*,tg,327.0,325.0419006347656
*c1oc(nn1)c1ccc(cc1)NC(=O)c1cc(cc(c1)NC(=O)c1ccc(cc1)OC(=O)C)C(=O)Nc1ccc(cc1)*,tg,280.0,313.182861328125
*c1oc(nn1)c1ccc(cc1)Oc1c2c(c(cc1)C=Cc1ccc(cc1)Oc1ccc(cc1)*)cccc2,tg,213.0,241.4691619873047
*c1oc(nn1)c1ccc(cc1)Oc1c2c(ccc1)c(ccc2)NC(=O)c1ccc(cc1)C(c1ccc(cc1)C(=O)Nc1c2c(ccc1)c(ccc2)Oc1ccc(cc1)*)(C(F)(F)F)C(F)(F)F,tg,279.0,242.35507202148438
*c1oc(nn1)c1ccc(cc1)Oc1c2c(ccc1)c(ccc2)NC(=O)c1ccc(cc1)[Si](c1ccc(cc1)C(=O)Nc1c2c(ccc1)c(ccc2)Oc1ccc(cc1)*)(c1ccccc1)c1ccccc1,tg,275.0,254.13265991210938
*c1oc(nn1)c1ccc(cc1)Oc1cc(ccc1)N1C(=O)c2c(C1=O)cc(cc2)[Si](O[Si](c1cc2c(C(=O)N(C2=O)c2cc(ccc2)Oc2ccc(cc2)*)cc1)(C)C)(C)C,tg,165.0,214.37823486328125
*c1oc(nn1)c1ccc(cc1)Oc1cc(ccc1)n1c(=O)c2ccc3c(=O)n(c(=O)c4ccc(c1=O)c2c34)c1cc(ccc1)Oc1ccc(cc1)*,tg,318.0,272.1759948730469
*c1oc(nn1)c1ccc(cc1)Oc1ccc(cc1)C(c1ccc(cc1)Oc1ccc(cc1)*)(C)C,tg,180.0,194.02455139160156
*c1oc(nn1)c1ccc(cc1)Oc1ccc(cc1)N1C(=O)c2c(C1=O)cc(cc2)[Si](O[Si](c1cc2c(C(=O)N(C2=O)c2ccc(cc2)Oc2ccc(cc2)*)cc1)(C)C)(C)C,tg,190.5,245.8992462158203
*c1oc(nn1)c1ccc(cc1)Oc1ccc(cc1)NC(=O)CN1C(=O)c2c(C1=O)cc(cc2)C(c1cc2c(C(=O)N(C2=O)CC(=O)Nc2ccc(cc2)Oc2ccc(cc2)*)cc1)(C(F)(F)F)C(F)(F)F,tg,263.0,259.4404602050781
*c1oc(nn1)c1ccc(cc1)Oc1ccc(cc1)NC(=O)c1c(cc(cc1)C(=O)Nc1ccc(cc1)Oc1ccc(cc1)*)Oc1ccccc1,tg,245.0,261.9607849121094
*c1oc(nn1)c1ccc(cc1)Oc1ccc(cc1)NC(=O)c1cc(cc(c1)N1C(=O)c2c(C1=O)cccc2)C(=O)Nc1ccc(cc1)Oc1ccc(cc1)*,tg,285.0,271.90228271484375
*c1oc(nn1)c1ccc(cc1)Oc1ccc(cc1)NC(=O)c1cc(cc(c1)NC(=O)c1ccc(cc1)OC(=O)C)C(=O)Nc1ccc(cc1)Oc1ccc(cc1)*,tg,270.0,264.96234130859375
*c1oc(nn1)c1ccc(cc1)Oc1ccc(cc1)c1c(cc(c(c1)OCCCCCC)c1ccc(cc1)Oc1ccc(cc1)*)OCCCCCC,tg,103.0,177.8408203125
*c1oc(nn1)c1ccc(cc1)Oc1ccc(cc1)c1oc(nn1)CN1C(=O)c2c(C1=O)cc(cc2)C(c1cc2c(C(=O)N(C2=O)C*)cc1)(C(F)(F)F)C(F)(F)F,tg,210.0,218.0240020751953
*c1oc(nn1)c1ccc(cc1)[Si](c1ccc(cc1)c1oc(nn1)c1ccc(cc1)c1ccc(cc1)*)(c1ccccc1)c1ccccc1,tg,278.0,273.8373107910156
*c1oc(nn1)c1ccc(cc1)c1oc(nn1)CCCCOc1c(cc(cc1)OCCCC*)C,tg,139.5,102.28213500976562
*c1oc(nn1)c1ccc(cc1)c1oc(nn1)CCCOc1c(cc(cc1)OCCC*)C,tg,125.5,134.00418090820312
*c1oc(nn1)c1ccc(cc1)c1oc(nn1)c1ccc(cc1)[Si](c1ccc(cc1)*)(c1ccccc1)c1ccccc1,tg,274.0,280.2867126464844
*c1oc(nn1)c1cncc(c1)c1oc(nn1)c1ccc(cc1)[Si](c1ccc(cc1)*)(c1ccccc1)c1ccccc1,tg,272.0,264.7894287109375
*c1oc(nn1)c1nc(ccc1)c1oc(nn1)c1ccc(cc1)[Si](c1ccc(cc1)*)(c1ccccc1)c1ccccc1,tg,265.0,244.92967224121094
*c1oc(nn1)c1oc(cc1)c1oc(nn1)c1ccc(cc1)[Si](c1ccc(cc1)*)(c1ccccc1)c1ccccc1,tg,264.0,251.57308959960938
*c1oc(nn1)c1sc(c(c1)CCCCCCCC)c1sc(cc1)c1sc(cc1CCCCCCCC)c1oc(nn1)c1c(cc(c(c1)OCCCCCCCC)*)OCCCCCCCC,tg,34.1,46.90787124633789
*c1oc(nn1)c1sc(c(c1)CCCCCCCCCC)c1sc(cc1CCCCCCCCCC)c1oc(nn1)c1c(cc(c(c1)OCCCCCCCC)*)OCCCCCCCC,tg,53.8,50.56646728515625
*c1oc2c(n1)cc(cc2)C(c1cc2c(oc(n2)CN2C(=O)c3c(C2=O)cc(cc3)C(c2cc3c(C(=O)N(C3=O)C*)cc2)(C(F)(F)F)C(F)(F)F)cc1)(C(F)(F)F)C(F)(F)F,tg,225.0,230.09642028808594
*c1oc2c(n1)cc(cc2)NC(=O)CCCCC(=O)Nc1cc2c(oc(n2)CCCCCCCC*)cc1,tg,87.2,80.95115661621094
*c1oc2c(n1)cc(cc2)NC(=O)CCCCCCC(=O)Nc1cc2c(oc(n2)CCCCCC*)cc1,tg,77.0,98.3652572631836
*c1oc2c(n1)cc(cc2)NC(=O)CCCCCCCCC(=O)Nc1cc2c(oc(n2)CCCCCCCC*)cc1,tg,88.12,70.32707214355469
*c1oc2c(n1)cc(cc2)c1cc2c(oc(n2)CN2C(=O)c3c(C2=O)cc(cc3)C(c2cc3c(C(=O)N(C3=O)C*)cc2)(C(F)(F)F)C(F)(F)F)cc1,tg,231.0,234.80323791503906
*c1oc2c(n1)cc(cc2)c1cc2c(oc(n2)c2ccc(cc2)*)cc1,tg,430.0,218.6882781982422
*c1oc2c(n1)ccc(c2)c1ccc2c(oc(n2)CCCCCCCCCCC*)c1,tg,62.0,56.4530143737793
*c1oc2c(n1)ccc(c2)c1ccc2c(oc(n2)CCCCCCCCCCCC*)c1,tg,55.0,62.10787582397461
*c1oc2c(n1)ccc(c2)c1ccc2c(oc(n2)c2ccc(cc2)C(c2ccc(cc2)*)(C(F)(F)F)C(F)(F)F)c1,tg,345.0,307.6348571777344
*c1oc2c(n1)ccc(c2)c1ccc2c(oc(n2)c2ccc(cc2)C(c2ccc(cc2)*)(c2ccccc2)C(F)(F)F)c1,tg,350.0,334.3841247558594
*c1sc(*)c(C)c1C,egc,3.3355,2.682647705078125
*c1sc(*)c(CCCCCCN(CC)c2ccccc2)c1CCCCCC,egc,1.59,2.7743489742279053
*c1sc(*)c(OC)c1OC,egc,4.1637,3.6382765769958496
*c1sc(*)c(OCCCC)c1C,egc,2.2732,3.044356107711792
*c1sc(*)c(OCCCC)c1OC,egc,3.2859,2.7985188961029053
*c1sc(*)c(OCCCCCC)c1C,egc,3.4475,2.5651469230651855
*c1sc(*)c(OCCCCCCC)c1C,egc,2.9827,3.3666160106658936
*c1sc(*)c(OCCCCCCCCCCCCCCCC)c1C,egc,3.676,2.407008647918701
*c1sc(*)c(OCCOCCCC)c1C,egc,1.6261,3.191148519515991
*c1sc(*)c([2H])c1[2H],egc,1.6361,2.5261569023132324
*c1sc(*)c2c1OCC(CCCCCC)O2,egc,3.3322,1.602781891822815
*c1sc(*)c2c1OCC(CCCCCCCCCCCC)O2,egc,1.9291,3.3716793060302734
*c1sc(*)c2c1OCC(CCCCS(=O)(=O)O)O2,egc,2.1668,2.7887089252471924
*c1sc(*)c2c1OCCO2,egc,1.7526,3.3779380321502686
*c1sc(*)c2nc(-c3ccccc3)c(C)nc12,egc,2.498,2.4462618827819824
*c1sc(*)c2nc(C)c(C)nc12,egc,2.7771,2.7598752975463867
*c1sc(*)c2nc(CC)c(CC)nc12,egc,2.6114,2.403224468231201
*c1sc(-c2cc(OCCCCC)c(*)s2)cc1OCCCCC,egc,1.2005,2.0825397968292236
*c1sc(-c2sc(-c3sc(*)c4nccnc34)c3c2OC(CCCCCC)CO3)c2c1OCC(CCCCCC)O2,egc,1.6167,2.5557572841644287
*c1sc(c(c1CCCCCCN(c1ccc(cc1)N=Nc1ccc(cc1)[N+](=O)[O-])CC)CCCCCC)*,tg,17.0,85.94122314453125
*c1sc(c(c1c1ccccc1)c1ccccc1)c1ccc(cc1)CC(=O)Nc1cc(ccc1)NC(=O)Cc1ccc(cc1)*,tg,228.0,223.10166931152344
*c1sc(c(c1c1ccccc1)c1ccccc1)c1ccc(cc1)CC(=O)Nc1ccc(cc1)Cc1ccc(cc1)NC(=O)Cc1ccc(cc1)*,tg,227.0,223.84017944335938
*c1sc(c(c1c1ccccc1)c1ccccc1)c1ccc(cc1)CC(=O)Nc1ccc(cc1)NC(=O)Cc1ccc(cc1)*,tg,251.0,245.48008728027344
*c1sc(c(c1c1ccccc1)c1ccccc1)c1ccc(cc1)CC(=O)Nc1ccc(cc1)S(=O)(=O)c1ccc(cc1)NC(=O)Cc1ccc(cc1)*,tg,252.0,286.91357421875
*c1sc(c(c1c1ccccc1)c1ccccc1)c1ccc(cc1)CC(=O)Nc1ccc(cc1)c1ccc(cc1)NC(=O)Cc1ccc(cc1)*,tg,272.0,239.20042419433594
*c1sc(c(c1c1ccccc1)c1ccccc1)c1ccc(cc1)NC(=O)c1ccc(cc1)NC(=O)c1ccc(cc1)[Si](c1ccc(cc1)C(=O)Nc1ccc(cc1)C(=O)Nc1ccc(cc1)*)(C)C,tg,337.0,333.1943664550781
*c1sc(cc1)C(=C(*)OC)OC,tg,91.0,180.30206298828125
*c1sc(cc1)C(=O)OC(COC(=O)*)COc1ccc(cc1)N=Nc1ccc(cc1)C#N,tg,119.0,101.94717407226562
*c1sc(cc1)C(=O)Oc1ccc(cc1)[Si](c1ccc(cc1)OC(=O)*)(CC)CC,tg,-62.0,-0.7773386836051941
*c1sc(cc1)C(=O)Oc1ccc(cc1)[Si](c1ccc(cc1)OC(=O)*)(c1ccccc1)C,tg,-71.0,7.122278690338135
*c1sc(cc1)C=Nc1ccc(cc1)C(=O)OCCCCOCCCCOCCCCOC(=O)c1ccc(cc1)N=C*,tg,25.0,25.10335350036621
*c1sc(cc1)Oc1ccc(cc1)C(c1ccc(cc1)Oc1sc(cc1)C(=O)*)(C)C,tg,124.0,166.14315795898438
*c1sc(cc1)Oc1ccc(cc1)C(c1ccc(cc1)Oc1sc(cc1)C(=O)c1ccc(cc1)C(=O)*)(C)C,tg,154.0,126.9747543334961
*c1sc(cc1)Oc1ccc(cc1)C1(c2ccccc2c2ccccc12)c1ccc(cc1)Oc1ccc(cc1)C(=O)*,tg,195.0,223.39151000976562
*c1sc(cc1)[Si](*)(C)C,tg,21.0,42.5506706237793
*c1sc(cc1)[Si]([Si](*)(CCCC)CCCC)(CCCC)CCCC,tg,-53.0,-25.167428970336914
*c1sc(cc1)c1cc(c(cc1)Oc1ccc(cc1)C(c1ccc(cc1)Oc1c(cc(cc1)*)C(F)(F)F)(C(F)(F)F)C(F)(F)F)C(F)(F)F,tg,153.33,144.0827178955078
*c1sc(cc1)c1cc(c(cc1)Oc1ccc(cc1)C(c1ccc(cc1)Oc1c(cc(cc1)*)C(F)(F)F)(C)C)C(F)(F)F,tg,123.33,144.1234130859375
*c1sc(cc1)c1cc(c(cc1)Oc1ccc(cc1)C1(c2ccccc2c2ccccc12)c1ccc(cc1)Oc1c(cc(cc1)*)C(F)(F)F)C(F)(F)F,tg,169.0,187.49366760253906
*c1sc(cc1)c1cc(c(cc1)Oc1ccc(cc1)Sc1ccc(cc1)Oc1c(cc(cc1)*)C(F)(F)F)C(F)(F)F,tg,142.0,167.15675354003906
*c1sc(cc1)c1ccc(cc1)C=Nc1cc(ccc1)N=Cc1ccc(cc1)*,tg,150.0,197.166259765625
*c1sc(cc1)c1ccc(cc1)C=Nc1ccc(cc1)C(c1ccc(cc1)N=Cc1ccc(cc1)*)c1ccccc1,tg,129.0,228.30921936035156
*c1sc(cc1)c1sc(c(c1)CCCCCCCC)c1sc(cc1)c1sc(cc1)c1sc(cc1CCCCCCCC)c1sc(cc1)[Si](*)(CCCC)CCCC,tg,-1.0,4.037328243255615
*c1sc(cc1)c1sc(c(c1)CCCCCCCC)c1sc(cc1)c1sc(cc1)c1sc(cc1CCCCCCCC)c1sc(cc1)[Si]([Si](*)(CCCC)CCCC)(CCCC)CCCC,tg,-10.0,-2.6999003887176514
*c1sc(cc1)c1sc(c(c1)CCCCCCCC)c1sc(cc1)c1sc(cc1)c1sc(cc1CCCCCCCC)c1sc(cc1)[Si]([Si]([Si]([Si](*)(C)C)(C)C)(C)C)(C)C,tg,6.0,13.446024894714355
*c1sc(cc1)c1sc(c(c1)CCCCCCCC)c1sc(cc1)c1sc(cc1)c1sc(cc1CCCCCCCC)c1sc(cc1)[Si]([Si]([Si]([Si]([Si]([Si]([Si]([Si](*)(C)C)(C)C)(C)C)(C)C)(C)C)(C)C)(C)C)(C)C,tg,13.0,11.75378131866455
*c1sc(cc1)c1sc(cc1)[Si](*)(C)C,tg,45.0,67.18827819824219
*c1sc(cc1)c1sc(cc1)[Si](*)(CCCC)CCCC,tg,-10.0,2.7069294452667236
*c1sc(cc1)c1sc(cc1)[Si]([Si](*)(C)C)(C)C,tg,45.0,50.10646438598633
*c1sc(cc1)c1sc(cc1)[Si]([Si](*)(CCCC)CCCC)(CCCC)CCCC,tg,-20.0,-12.335225105285645
*c1sc(cc1)c1sc(cc1)c1sc(cc1)[Si](*)(CCCC)CCCC,tg,30.0,1.4920755624771118
*c1sc(cc1)c1sc(cc1)c1sc(cc1)[Si]([Si](*)(C)C)(C)C,tg,45.0,53.40901565551758
*c1sc(cc1)c1sc(cc1)c1sc(cc1)[Si]([Si](*)(CCCC)CCCC)(CCCC)CCCC,tg,-5.0,-10.94861888885498
*c1sc(cc1)c1sc(cc1)c1sc(cc1)c1sc(cc1)[Si](*)(CCCC)CCCC,tg,1.0,35.23978042602539
*c1sc(cc1C(C(=O)OC)C(=O)OC)*,tg,-20.1,171.23117065429688
*c1sc(cc1CC(=O)OCC)*,tg,56.7,40.54433822631836
*c1sc(cc1CC(=O)OCCCCCCOc1ccc(cc1)N=Nc1ccc(cc1)C#N)*,tg,64.0,67.23401641845703
*c1sc(cc1CCCC)*,tg,53.58,55.55341720581055
*c1sc(cc1CCCC)c1sc(c(c1)CCCC)c1ccc(cc1)*,tg,122.3,71.60270690917969
*c1sc(cc1CCCCCC)*,tg,23.47,26.103647232055664
*c1sc(cc1CCCCCCBr)c1sc(cc1)*,tg,51.0,107.78767395019531
*c1sc(cc1CCCCCCCCCC)*,tg,-33.0,1.9641622304916382
*c1sc(cc1CCCCCCCCCC)c1sc(c(c1)CCCCCCCCCC)c1c2c(ccccc2)c(c1)*,tg,22.5,0.11273193359375
*c1sc(cc1CCCCCCCCCCCC)*,tg,-13.51,-6.308766841888428
*c1sc(cc1CCCCCCCCCCCC)c1ccc(cc1)c1sc(c(c1)CCCCCCCCCCCC)c1ccc(cc1)*,tg,-19.2,55.27169418334961
*c1sc(cc1CCCCCCCCCCCC)c1sc(c(c1)CCCCCCCCCCCC)c1cc2cc3c(cc2cc1)cc(cc3)*,tg,158.0,47.73947525024414
*c1sc(cc1CCCCCCCCCCCCCC)c1sc(c(c1)CCCCCCCCCCCCCC)c1c2c(ccccc2)c(c1)*,tg,-10.0,23.844789505004883
*c1sc(cc1CCCCCCOC(=O)COC)*,tg,37.0,14.986781120300293
*c1sc(cc1CCCCCCOC(=O)Cc1ccccc1)*,tg,45.0,1.4502309560775757
*c1sc(cc1CCCCCCO[Si](C)(C)C)*,tg,10.0,-12.85162353515625
*c1sc(cc1CCOC(=O)C(Br)C)*,tg,49.0,55.22336196899414
*c1sc(cc1CCOC(=O)NCCCC)*,tg,67.5,51.692867279052734
*c1sc(cc1CCOc1ccc(cc1)N=Nc1ccc(cc1)C#N)*,tg,73.0,101.72637176513672
*c1sc(cc1SCCCC)c1ccc(cc1)c1sc(c(c1)SCCCC)c1ccc(cc1)*,tg,26.4,116.0589370727539
*c1sc(cc1SCCCCCCCCCCCC)*,tg,33.0,49.66533279418945
*c1sc(cc1SCCCCCCCCCCCC)c1sc(c(c1)SCCCCCCCCCCCC)c1ccc(cc1)*,tg,60.35,41.96670913696289
*c1sc(cc1c1ccc(cc1)C(=C1C=C(C(=O)C(=C1)C(C)(C)C)C(C)(C)C)c1cc(c(c(c1)C(C)(C)C)OC(=O)C)C(C)(C)C)*,tg,-4.3,172.8843231201172
*c1sc(nn1)SCC(=O)NN=Cc1cc(c(cc1)OCCCCCCCCCCOc1c(cc(cc1)C=NNC(=O)CS*)OC)OC,tg,156.0,82.85982513427734
*c1sc(nn1)c1cc(ccc1)OC(=O)CCCCCCCCC(=O)Oc1ccc(cc1)C=C*,tg,37.0,70.48602294921875
*c1sc(nn1)c1cc(ccc1)OCCCCCCCCCCCOC(=O)c1ccc(cc1)C(=O)OCCCCCCCCCCCOc1ccc(cc1)*,tg,49.5,47.58339309692383
*c1sc(nn1)c1ccc(cc1)C(=O)OCCCCCCCCCOC(=O)c1ccc(cc1)*,tg,72.0,71.7615966796875
*c1sc(nn1)c1ccc(cc1)OC(=O)CCCCCCCCC(=O)Oc1cc(ccc1)C=C*,tg,55.0,49.982505798339844
*c1sc(nn1)c1ccc(cc1)OCCCCCCCCCCCOC(=O)CCCCCCCCC(=O)OCCCCCCCCCCCOc1ccc(cc1)*,tg,52.0,36.37851333618164
*c1sc(nn1)c1ccc(cc1)OCCCCCCCCCCCOC(=O)c1cc(ccc1)C(=O)OCCCCCCCCCCCOc1ccc(cc1)*,tg,53.5,60.961021423339844
*c1sc(nn1)c1ccc(cc1)OCCCCCCCCCCCOC(=O)c1ccc(cc1)C(=O)OCCCCCCCCCCCOc1ccc(cc1)*,tg,49.5,52.79386520385742
*c1sc2c(n1)ccc(c2)c1ccc2c(sc(n2)c2cc(ccc2)*)c1,tg,495.0,371.343017578125
*c1sc2cc3c(cc2n1)sc(n3)c1ccc(cc1)Oc1cc(ccc1)n1c(=O)c2cc3c(cc2c1=O)c(=O)n(c3=O)c1cc(ccc1)Oc1ccc(cc1)*,tg,400.0,332.1612548828125
*c1sc2cc3c(cc2n1)sc(n3)c1ccc(cc1)Oc1ccc(cc1)*,tg,350.0,318.8833923339844
*c1sc2cc3c(cc2n1)sc(n3)c1ccc(cc1)Oc1ccc(cc1)n1c(=O)c2cc3c(cc2c1=O)c(=O)n(c3=O)c1ccc(cc1)Oc1ccc(cc1)*,tg,400.0,415.21661376953125
*c8ccc(C7(c5ccc(n4c(=O)c3ccc(Oc2ccc1c(=O)n(*)c(=O)c1c2)cc3c4=O)cc5)OC(=O)c6ccccc67)cc8,egc,3.3847,3.5169296264648438
*c9ccc(C8(c5ccc(n4c(=O)c3ccc(C(=O)c2ccc1c(=O)n(*)c(=O)c1c2)cc3c4=O)cc5)c6ccccc6c7ccccc78)cc9,egc,2.4589,2.595531702041626
*n1nc(-n2c(=O)c3cc4c(=O)n(*)c(=O)c4cc3c2=O)c2ccccc2c1=O,egc,2.9967,2.5429563522338867
C(=O)(*)C1=CC=C(C=C1)C(=O)OC1=CC=C(C=C1)C2(C1=CC=CC=C1C(=O)O2)C1=CC=C(C=C1)O(*),egc,3.8358,3.7335622310638428
C(=O)(*)C1=CC=C(C=C1)S(=O)(=O)C1=CC=C(C=C1)C(=O)OC1=CC=C(C=C1)C(C1=CC=CC=C1)(C1=CC=CC=C1)C1=CC=C(C=C1)O(*),egc,3.2146,4.167270660400391
C13C(C=*)OC(C=*)C1C(=O)N(C2=CC=CC(C(F)(F)F)=C2)C3=O,egc,5.0879,4.954195022583008
O(*)c1ccc(cc1)C(=O)Nc1ccc(cc1)S(=O)(=O)c1ccc(cc1)NC(=O)c1ccc(cc1)(*),egc,3.8301,4.011539459228516
