id,smiles,target_type,pred
1,*CCCCCCCCc1nc2cc3sc(*)nc3cc2s1,egc,4.103195661835822
2,*c1cc(CCCCCCCCC)c(*)s1,egc,2.584833995719436
3,*c1c(nc2c(c1c1ccccc1)cc(cc2)Oc1cc2c(nc(c(c2c2ccccc2)c2ccc(cc2)c2ccc(cc2)*)c2ccccc2)cc1)c1ccccc1,tg,340.27379472466214
4,*O[Si](O[Si](O[Si](CCC(C(C(C(C(C(CC[Si](*)(CCC(F)(F)F)C)(F)F)(F)F)(F)F)(F)F)(F)F)(F)F)(CCC(F)(F)F)C)(CCC(F)(F)F)C)(CCC(F)(F)F)C,tg,-41.0045679043611
5,*CC(O)COc1ccc(S(=O)(=O)c2ccc(O*)c(C)c2)cc1C,egc,4.1137236721061585
6,*CC1CCC(COC(=O)CCCCCCCC(=O)O*)CC1,egc,6.817910854029939
7,*C(=O)N(*)CCCCCCCCC=C,egc,4.423228966541822
8,*OC(=O)c1ccc(cc1)c1ccc(cc1)C(=O)OCC(C*)(CC)C,tg,87.62843042321022
9,*N1C(=O)c2c(C1=O)cc(cc2)Oc1cc2c(C(=O)N(C2=O)CCCCCCOC(=O)c2cc(cc(c2)OCCCCCCOc2ccc(cc2)N=Nc2ccc(cc2)C#N)C(=O)OCCCCCC*)cc1,tg,75.72461136385769
10,*N=P(*)(Oc1ccc(cc1)c1ccccc1)Oc1ccc(cc1)c1ccccc1,tg,92.98469810711511
11,*C1COC2C1OCC2OC(=O)c1cc(ccc1)OCCCCCCCCCCOc1cc(ccc1)C(=O)O*,tg,33.22034770791151
12,*O[Si](*)(CCCCCCCCCCCn1c2ccccc2c2ccccc12)C,tg,-10.838872578106724
13,*c1cc2c(C(=O)N(C2=O)c2ccc(cc2)Oc2c(cccc2)c2c(cccc2)Oc2ccc(cc2)N2C(=O)c3c(C2=O)cc(cc3)C(*)(C(F)(F)F)C(F)(F)F)cc1,tg,256.82391124548855
14,*c1c(cc(cc1)*)C(=O)c1ccccc1,tg,203.37035667274324
15,*CNc1ccc(O*)s1,egb,4.029762945227658
16,*c1cc2c(C(=O)N(C2=O)c2cc(ccc2)S(=O)(=O)c2cc(ccc2)N2C(=O)c3c(C2=O)cc(cc3)C(=O)*)cc1,tg,250.3288210533008
17,*Cc1ccc(OC(*)=S)s1,egb,3.5859766004157105
18,*Oc1c(cc(cc1C)c1cc(c(c(c1)C)OC(=O)CCCCCC(=O)*)C)C,tg,80.18323094186096
19,*CCCOC(=O)CCCCCCCCOC(=O)CCCOC(=O)CCCCCCCCOC(*)=O,eps,3.101797582657704
20,*c1ccc(C(F)(F)c2ccc(C(*)(F)F)cc2)cc1,ei,6.3525768231416535
21,*C(C*)OCCCCCC,tg,-74.42364799975878
22,*Oc1ccc(cc1)CC(NC(=O)CCc1ccc(cc1)OC(=O)CCCCC(=O)*)C(=O)OC(C)C,tg,50.23264703182777
23,*CC(*)c1cc(Cl)ccc1Cl,egc,2.6797094599132913
24,*C(=O)C(C=C1)=CC=C1C(=O)C(=S)*,egc,2.5562207778127437
25,*C(C*)(C(=O)OCc1ccc2n(c3c(c2c1)cccc3)CCCCCCCCCCCCCC)C,tg,25.816221334405654
26,*c1oc(nn1)c1ccc(cc1)C(=O)OCCCCCCCCCCOc1ccc(cc1)C=C1C(=O)C(=Cc2ccc(cc2)OCCCCCCCCCCOC(=O)c2ccc(cc2)*)CCCC1,tg,81.18393584867998
27,*Cc1ccc(C*)cc1,eea,1.1871136551976307
28,*Oc1ccc(cc1)C1(CCCC1)c1ccc(cc1)OC(=O)*,tg,129.736699441948
29,*Oc1ccc(cc1)CC(NC(=O)CCc1ccc(cc1)OC(=O)CCCCCCC(=O)*)C(=O)OCC(C)C,tg,41.752257382554085
30,*NC(=O)C(S1)=CC=C1C(=O)*,egc,3.746954170603995
31,*OC(*)C,egc,6.406686808555469
32,*N(CC*)C(=O)CC,tg,19.410695834604176
33,*C(C*)(C(=O)OCCCCCCOc1ccc(cc1)C(=O)Oc1ccc(cc1)C#N)C,tg,67.38461641409518
34,*Sc1ccc(*)cc1,egc,4.058064372878032
35,*Oc1ccc(-c2ccc(-c3ccc(*)s3)s2)s1,eea,2.329019803300844
36,*C(F)(F)C(F)(F)CC(=O)*,egc,5.044376692124726
37,*Oc1cc2c(C(CC32CC(c2ccc(cc32)OC(=O)c2cc(ccc2)C(=O)*)(C)C)(C)C)cc1,tg,270.730947434751
38,*N1C(=O)C(CC1=O)Nc1ccc(cc1)Cc1ccc(cc1)NC1C(=O)N(C(=O)C1)c1c(cc(cc1C)C(c1cc(c(c(c1)C)*)C)c1cnccc1)C,tg,227.81453439849867
39,*c1nc(nc(c1c1ccc(cc1)OC)OCCOC(=O)CCCC(=O)OCCO*)c1ccc(cc1)OC,tg,45.324067391172825
40,*C(C*)(C(=O)Oc1ccc(cc1)C(=O)C=Cc1ccc(cc1)Cl)C,tg,129.50469211470497
41,*OC(=O)C(C(=O)OCCOCC*)CCCCCCCCC,tg,-42.89647924050333
42,*C(=O)C(=S)OC(=S)*,egc,2.162514868550463
43,*CNC(=O)CC(=O)N*,egc,5.815562640953685
44,*CCCCCc1ccc(CCCCCOC(=O)c2ccc(C(=O)O*)cc2)cc1,egc,4.585106243113948
45,*Nc1ccc(cc1)Cc1ccc(cc1)NC(=O)CCCCCCCC(=O)*,tg,125.02649605664175
46,*c1sc(nn1)c1cc(ccc1)OC(=O)CCCCCCCCC(=O)Oc1cc(ccc1)C=C*,tg,35.57187793567982
47,*c1cc(C(c2ccc(O)c(-n3c(=O)c4cc5c(=O)n(*)c(=O)c5cc4c3=O)c2)(C(F)(F)F)C(F)(F)F)ccc1O,egc,2.614634799893995
48,*N=P(*)(OCCOCCOCCOC)OCCOCCOCCOC,tg,-71.60967535381819
49,*c1ccc(*)c(CCCCCC)n1,egc,4.168537567978997
50,*c1ccc(C(F)(F)C(=O)C(*)(F)F)s1,nc,1.8127709850152212
51,*N1C(=O)c2c(C1=O)cc(cc2)c1cc2c(C(=O)N(C2=O)c2cc(ccc2)C(=O)Nc2cc(ccc2)S(=O)(=O)c2cc(ccc2)NC(=O)c2cc(ccc2)*)cc1,tg,257.31806676565435
52,*C(=O)OCCCCCCCCOC(=O)c1ccc(NC(=O)c2ccc(N3C(=O)c4ccc(*)cc4C3=O)cc2)cc1,egc,2.956254958698933
53,*c1ccc2nc3c4cccc5c6nc7ccc(*)cc7nc6c6cccc(c3nc2c1)c6c45,egc,3.1072722423535706
54,*C(C*)Cc1c(cccc1)C,tg,95.45168038401502
55,*c1ccc(-c2ccc(N3C(=O)c4ccc(-c5ccc6c(c5)C(=O)N(*)C6=O)cc4C3=O)c(C)c2)cc1C,egc,2.784963419918361
56,*c1ccc(CC(F)(F)C(*)(F)F)s1,egb,4.0323742361317
57,*CCCCNC(=O)C(OC)C(OC)C(=O)N*,egc,5.714126893911886
58,*Oc1ccc(cc1)c1ccc(cc1)OC(=O)c1c(cc(cc1)c1ccc(cc1)C(=O)*)c1ccccc1,tg,160.32547902868865
59,*N1C(=O)c2c(C1=O)cc(cc2)Oc1ccc(cc1)C1(CCC(CC1)c1ccccc1)c1ccc(cc1)Oc1cc2c(C(=O)N(C2=O)c2ccc(cc2)Oc2cc(c(cc2)c2c(cc(cc2)Oc2ccc(cc2)*)C)C)cc1,tg,244.1593606807254
60,*CCCCOC(=O)CCC(C)CC(=O)O*,egc,6.837408980240989
61,*Nc1ccc(-c2ccc(C(*)=S)cc2)s1,nc,2.200182312074331
62,*c1cc2c(C(=O)N(C2=O)c2ccc(cc2)Sc2ccc(cc2)Oc2ccc(cc2)Sc2ccc(cc2)N2C(=O)c3c(C2=O)cc(cc3)C(=O)Nc2ccc(cc2)Oc2cc(ccc2)Oc2ccc(cc2)NC(=O)*)cc1,tg,232.3895565025582
63,*OC(C)CCOC(=O)CCCCCCCCC(*)=O,egc,6.71077947276421
64,*NC(=O)C(S1)=CC=C1C(=S)*,egc,2.739430874102926
65,*C=Cc1cc([Si](C)(C)C)c(*)cc1[Si](C)(C)C,egc,2.007234448698921
66,*O[Si](C)(Oc1ccc(*)cc1)c1ccccc1,egc,4.8913845664331985
67,*CCNc1ccc(*)s1,ei,4.9117890832302304
68,*Nc1ccc(cc1)C(c1ccc(cc1)C(c1ccc(cc1)Nc1ccc(cc1)C(c1ccc(cc1)C(c1ccc(cc1)*)(c1ccccc1)O)(c1ccccc1)O)(C)C)(C)C,tg,171.35672927659775
69,*C1=C(C(=O)N(C1=O)CCCCCCCC)c1ccc(cc1)c1cc2C(c3c(c2cc1)ccc(c3)c1ccc(cc1)*)(CCCCCC)CCCCCC,tg,149.92032922542066
70,*CC(=S)CC(*)=S,egb,2.109925602037922
71,*c1cc(CCCCBr)c(*)s1,egc,2.388456239104009
72,*c1ccc(-c2ccc(-c3ccc(*)s3)s2)[nH]1,egc,2.4894871261321594
73,*Oc1ccc(cc1)CC(NC(=O)Cc1ccc(cc1)OC(=O)COCCOCC(=O)*)C(=O)OCCCCCCCC,tg,18.679533055247212
74,*c1c2c(C(=O)N(C2=O)N2C(=O)c3c(C2=O)c(ccc3)Sc2ccc(cc2)Sc2ccc(cc2)S*)ccc1,tg,259.8062533793131
75,*Nc1cc(ccc1)NC(=O)CCCCC(=O)Nc1cc(ccc1)NC(=S)NC(=O)CCCCC(=O)NC(=S)*,tg,218.46575843443296
76,*CC(*)O,egc,6.250009169528095
77,*CCCCCCCCCCNC(=O)CCCCCCCCCCCCCCCCCCCCC(=O)N*,egc,5.88974068412331
78,*Oc1ccc(cc1)SC(=O)Sc1ccc(cc1)*,tg,127.55052930513568
79,*c1cc2c(C(=O)N(C2=O)c2cc(ccc2)Cc2ccc(cc2)Cc2ccc(cc2)N2C(=O)c3c(C2=O)cc(cc3)C(=O)*)cc1,tg,284.874661601173
80,*c1cccc(-c2nnc(*)n2-c2ccccc2)c1,egc,3.9022158663824222
81,*Oc1ccc(cc1)CC(NC(=O)CCc1ccc(cc1)OC(=O)CC(CCC(=O)*)C)C(=O)OCCCC,tg,28.98875270336003
82,*CCCCCCCCc1nnc(-c2cccc(-c3nnc(*)o3)c2)o1,egc,4.542066576787045
83,*N(C(=O)c1c(cc(cc1)C(=O)*)Sc1ccccc1)c1ccccc1,tg,178.89786961645808
84,*OC(=O)c1ccc(cc1)c1ccc(cc1)c1ccc(cc1)C(=O)OCCCCCCCCCC*,tg,37.52716577739177
85,*C(CCC*)(CC)C,tg,53.79027578719267
86,*C(=S)c1ccc(-c2ccc(-c3ccc(*)cc3)s2)cc1,nc,2.209342037325217
87,*C(C*)(C(=O)OCCCCCCCCCCn1c2ccc(cc2c2ccccc12)N=Nc1c(cc(cc1)[N+](=O)[O-])[N+](=O)[O-])C,tg,32.785018600853995
88,*c1cc2c(C(=O)N(C2=O)c2c(cccc2)C(=O)OCCOC(=O)*)cc1,tg,262.8792896571726
89,*CCCCCCCC(=O)N*,egc,6.04603691174288
90,*CC(*)N1CCCC1=O,egc,5.759050502223065
91,*NC(=O)CCCCCCCCC(=O)NCCCCCC*,tg,47.1459890729059
92,*N=P(*)(Cl)Cl,tg,41.318761118036264
93,*OC(=O)c1ccc(cc1)c1ccc(cc1)C(=O)OCCCCCCCCCCCC*,tg,32.686728830328086
94,*C(=O)NC(=O)CNC(=O)ON*,egc,5.753892560267493
95,*Nc1ccc(C(=O)C(*)=S)s1,eea,4.166341634839481
96,*c1cc(-c2ccccc2)c(*)[nH]1,egc,3.5498517241036756
97,*OC1C(CO)OC(*)C(O)C1O,ei,6.8137336338911965
98,*N1C(=O)C(CC1=O)Nc1ccc(cc1)Cc1ccc(cc1)NC1C(=O)N(C(=O)C1)c1ccc(cc1)Oc1c(cc(cc1C)C(c1cc(c(c(c1)C)Oc1ccc(cc1)*)C)c1cnccc1)C,tg,242.50057317273937
99,*OC(=O)NC(=O)c1cc(ccc1)C(=O)NC(=O)OCC(C*)CCCC,tg,104.62385554672946
100,*Nc1ccc(cc1)c1ccc(cc1)NC(=O)c1ccc(cc1)C(=O)*,tg,302.1288189491401
101,*CC(=O)N*,egb,6.018421626502131
102,*N1C(=O)c2c(C1=O)cc(cc2)Oc1c2c(ccc1)c(ccc2)Oc1cc2c(C(=O)N(C2=O)c2cc(ccc2)*)cc1,tg,246.84931334950824
103,*OC(F)(F)C(=S)C(*)(F)F,egb,3.2046234973974927
104,*CCC1CC(*)C2CCCC12,egc,6.92280208548471
105,*Oc1c(cc(cc1C(C)C)*)C(C)C,tg,189.9805641364589
106,*C(=CCC*)Cl,tg,-13.89707547582152
107,*c1c2C(=O)N(C(=O)c2c(c2ccccc12)c1ccc(cc1)Oc1c(cc(cc1)c1sc(cc1)c1cc(c(cc1)Oc1ccc(cc1)*)C(F)(F)F)C(F)(F)F)c1ccccc1,tg,264.20235672674556
108,*CC(=S)CO*,eea,2.699492709385325
109,*c1cc2c(C(=O)N(C2=O)c2ccc(cc2)OC(COc2ccc(cc2)N2C(=O)c3c(C2=O)cc(cc3)C(*)(C(F)(F)F)C(F)(F)F)CCCCCC)cc1,tg,218.80479355294284
110,*c1ccc2c(c1)c1cc(*)ccc1n2CC,egc,3.0989659447746596
111,*C(C*)(C(=O)OCCCCCCOc1c(cc(cc1)C(=O)Oc1ccc(cc1)OC)OC)C,tg,62.74114244331406
112,*c1ccc(-c2nc3cc4nc(*)oc4cc3o2)cc1,nc,2.1333499714316875
113,*S(=O)(=O)C1C2CCC(C1*)C2,tg,138.00209991957604
114,*C1CC(*)(C#N)C1,egc,6.797707313539756
115,*CC(C)C=C(*)C,egc,5.2640378750343215
116,*c1ccc2c3n(c4ccc(cc4n3)c3cc4n5c(nc4cc3)c3cccc4c(ccc(c5=O)c34)Oc3ccc(cc3)S(=O)(=O)c3ccc(cc3)O*)c(=O)c3cccc1c23,tg,410.9249052265572
117,*c1cc2c(C(=O)N(C2=O)c2cc(ccc2)Oc2c(c(ccc2)Oc2cc(ccc2)N2C(=O)c3c(C2=O)cc(cc3)C(=O)Nc2cc(ccc2)Oc2c(c(ccc2)Oc2cc(ccc2)Oc2c(c(ccc2)Oc2cc(ccc2)NC(=O)*)C#N)C#N)C#N)cc1,tg,196.06065443063542
118,*C1C2C(ON1C)C(=O)N(C2=O)c1ccc(cc1)N1C(=O)C2C(C(N(O2)C)c2ccc(cc2)OCCCCCCOc2ccc(cc2)*)C1=O,tg,151.95417160989538
119,*c1oc(nn1)c1c2c(c(cc1)Oc1ccc(cc1)C=Cc1ccc(cc1)Oc1c3c(c(cc1)*)cccc3)cccc2,tg,246.4782708146579
120,*N1C(=O)c2c(C1=O)cc(c(c2)c1ccc(cc1)[Si](C)(C)C)c1cc2c(C(=O)N(C2=O)c2ccc(cc2)Oc2ccc(cc2)*)cc1c1ccc(cc1)[Si](C)(C)C,tg,343.787310106901
121,*c1ccc(cc1)C(C(*)(C(=O)OC)C#N)(C(=O)OC)C#N,tg,126.57395393188011
122,*c1ccc(*)c(C(=O)c2ccc(F)cc2)c1,egc,3.6914010536134496
123,*Oc1ccc(cc1)c1ccc(cc1)OC(=O)c1c(cc(c(c1)OCCCc1ccccc1)C(=O)*)OCCCc1ccccc1,tg,118.15311821605086
124,*N1C(=O)c2c(C1=O)cc(cc2)Oc1cc2c(C(=O)N(C2=O)C2CC(CC(C2)(C*)C)(C)C)cc1,tg,298.86718457184145
125,*C1COC2C1OCC2OC(=O)Oc1ccc(cc1)OC(=O)c1ccc(cc1)OC(=O)O*,tg,138.2157656267418
126,*OC(=O)CCC(=O)OC1COC2C(*)COC12,egc,6.660060773068116
127,*c1cc2c(C(=O)N(C2=O)c2cc(ccc2)C(C(C(c2cc(ccc2)N2C(=O)c3c(C2=O)cc(cc3)C(C(C(C(C(C(C(*)(F)F)(F)F)(F)F)(F)F)(F)F)(F)F)(F)F)(F)F)(F)F)(F)F)cc1,tg,114.79921080702336
128,*Oc1ccc(SSCCCCCCCCCCSSc2ccc(*)cc2)cc1,egb,3.5149124801221645
129,*C1(c2c(C(=O)O1)cccc2)c1ccc(cc1)Oc1ccc(cc1)Oc1c2c(c(cc1)c1c3c(c(cc1)Oc1ccc(cc1)Oc1ccc(cc1)*)cccc3)cccc2,tg,218.4942809956711
130,*NC(=O)NCc1ccc(cc1)CNC(=O)NCCCCCC*,tg,79.96123084678209
131,*C1C(=O)N(C(=O)C1CC*)CCCCCC,tg,110.40959404024483
132,*C(C*)SC,tg,3.302490621387498
133,*OC(C(*)(F)F)(F)F,tg,-86.68986679896243
134,*c1nc2c([nH]1)ccc(c2)c1ccc2c(nc([nH]2)c2ccc(cc2)Nc2nc(nc(n2)Nc2ccc(cc2)*)N(c2ccccc2)c2ccccc2)c1,tg,256.7220423148524
135,*CC(*)(C)C(=O)OCCOCC,egb,6.048946741679567
136,*c1ccc(Oc2ccc(-n3c(=O)c4c(Oc5ccc(OC)cc5)c5c(=O)n(*)c(=O)c5c(Oc5ccc(OC)cc5)c4c3=O)cc2)cc1,egc,2.1740823319542675
137,*N1C(=O)c2c(C1=O)cc(cc2)C(=O)c1cc2c(C(=O)N(C2=O)CCCCCCCCCCC(=O)Nc2ccc(cc2)Oc2ccc(cc2)Oc2ccc(cc2)NC(=O)CCCCCCCCCC*)cc1,tg,137.76517847035527
138,*CCCCCNC(=O)CCCCCCOCCCCCCC(=O)NCCCCCO*,egc,5.803381735702903
139,*Oc1c2c(ccc1)ccc(c2)Oc1ccc(cc1)NC(=O)c1ccc(cc1)Oc1ccc(cc1)C(c1ccc(cc1)Oc1ccc(cc1)C(=O)Nc1ccc(cc1)*)(c1ccccc1)C,tg,212.88239450860542
140,*c1cc2c(C(=O)N(C2=O)c2ccc(cc2)NC(=O)c2cc(ccc2)N2C(=O)c3c(C2=O)cc(cc3)C(=O)*)cc1,tg,295.50689772840514
141,*N(CC(CCCCC(C*)O)O)c1ccc(cc1)N(C)C,tg,41.840656966357656
142,*S(=O)(=NP(=NP(=N*)(NCCC)NCCC)(NCCC)NCCC)NCCC,tg,10.404929960661635
143,*C(C*)[Si](Cc1ccccc1)(C)C,tg,154.19889271939726
144,*OC(=O)CCC(=O)OCC(=O)NCCCCCCNC(=O)C*,tg,23.207027845706193
145,*C(=O)c1ccc(C(=O)c2ccc(*)s2)s1,ei,6.812012346787739
146,*OC1C(C(C1(C)C)OC(=O)c1ccc(cc1)C(=O)*)(C)C,tg,168.563513985519
147,*N1C(=O)c2c(C1=O)cc(cc2)Oc1cc2c(C(=O)N(C2=O)c2ccc(cc2)Oc2cc(ccc2)Oc2ccc(cc2)*)cc1,tg,221.75824793928555
148,*c1sc(-c2cc(CCCCCCCCCC)c(*)s2)cc1CCCCCCCCCC,egc,1.7716131312581171
149,*C1C2CCC(C1*)C2,tg,215.15244456349623
150,*c1cc2c(C(=O)N(C2=O)c2ccc(cc2)C(=O)OCCCCCCCCCCCOC(=O)*)cc1,tg,67.9285036719754
151,*c1cc2c(C(=O)N(C2=O)c2ccc(cc2)Oc2ccc(cc2)N2C(=O)c3c(C2=O)cc(cc3)C(=O)Nc2ccc(cc2)c2ccc(cc2)NC(=O)*)cc1,tg,306.5333097098254
152,*c1nc2c(nc1c1cc3c(cc1)cc(cc3)OC(=O)c1cc(ccc1)C(=O)Oc1cc3c(cc1)cc(cc3)*)cccc2,tg,225.90514028487377
153,*Nc1c(cc(c(c1)[N+](=O)[O-])NC(=O)CCCCC(=O)*)C=Cc1ccc(cc1)N(C)C,tg,188.18122186361396
154,*C(C*)(C(=O)OCCOCC[N+](CCCCS(=O)(=O)O)(CC)CC)C,tg,105.68659683474098
155,*NC(=O)Oc1ccc(*)cc1,eps,4.138859986903433
156,*Nc1cc(ccc1)CCc1ccc(cc1)NC(=O)c1cc(ccc1)C(=O)*,tg,191.23224438454952
157,*N(CC*)C(=O)c1cc2c(cc1)cccc2,tg,149.56741498030607
158,*C(C*)C1CCC(CC1)C(C)(C)C,tg,197.13774002670738
159,*C(C*)c1ccc(cc1)c1ccccc1,tg,138.47734067167892
160,*CC(*)(C)C(=O)OCC,egc,5.845819097730278
161,*Oc1cc(ccc1)OCC(C*)O,tg,65.95660680253172
162,*Oc1c(Cl)cc(C2(c3cc(Cl)c(OC(*)=O)c(Cl)c3)CC3CCC2C3)cc1Cl,egc,4.050752922368112
163,*Nc1ccc(cc1)C(=O)Nc1ccc(cc1)Cc1ccc(cc1)NC(=O)c1ccc(cc1)NC(=O)c1ccc(cc1)[Si](c1ccc(cc1)C(=O)*)(C)C,tg,283.3696135360854
164,*c1ccc(C(c2ccccc2)c2ccc(N3C(=O)c4ccc(S(=O)(=O)c5ccc6c(c5)C(=O)N(*)C6=O)cc4C3=O)cc2)cc1,egc,2.821487190939888
165,*C(*)O,tg,3.6844532382961055
166,*N1C(=O)c2c(C1=O)cc(cc2)Oc1ccc(cc1)Sc1ccc(cc1)Oc1cc2c(C(=O)N(C2=O)c2ccc(cc2)Oc2ccc(cc2)c2ccc(cc2)Oc2ccc(cc2)*)cc1,tg,226.34162155022787
167,*Nc1cc(ccc1)NC(=O)c1cc(cc(c1)NC(=O)C12CC3CC(CC(C1)C3)C2)C(=O)*,tg,380.03578614520177
168,*CCOC(=O)O*,egc,7.149154256597979
169,*C(=S)OC(=S)c1ccc(*)s1,egb,1.7501025254184723
170,*N1C(=O)c2c(C1=O)c(ccc2)c1cc2c(C(=O)N(C2=O)c2cc(ccc2)Oc2cc(ccc2)Oc2cc(ccc2)*)cc1,tg,261.0643571695632
171,*c1ccc(-c2ccc(-c3cc(-c4ccccc4)c4cc5nc(*)cc(-c6ccccc6)c5cc4n3)cc2)cc1,egc,2.875042567145221
172,*Oc1ccc(C(*)=O)cc1,egc,4.148378739215443
173,*C(C*)(CC(=O)OCCOCCOCCOC)C(=O)OCCOCCOCCOC,tg,-46.49774664103927
174,*CNC(=O)C(S1)=CC=C1*,egc,4.470996483554388
175,*CCCNC(=O)C(OC)C(OC)C(=O)N*,egc,5.885446001112903
176,*Oc1ccc(cc1)NC(=O)CCCCCCCCCC(=O)Nc1ccc(cc1)*,tg,145.15393296962222
177,*N1C(=O)c2c(C1=O)cc(cc2)C(=O)Oc1ccc(cc1)c1ccc(cc1)OC(=O)CCCCCCCCCCC*,tg,74.24218063042481
178,*N1C(=O)c2c(C1=O)cc(cc2)Oc1c(cc(cc1C)Cc1cc(c(c(c1)C)Oc1cc2c(C(=O)N(C2=O)c2c(cc(cc2C)c2cc(c(c(c2)C)*)C)C)cc1)C)C,tg,369.1670526188213
179,*Oc1cc2c(cc1)cc(cc2)OC(=O)c1cc(ccc1)Oc1ccc(cc1)Oc1cc(ccc1)C(=O)*,tg,124.21549276116254
180,*N1C(N2N(C1=O)C(N(C2=O)c1ccc(cc1)Oc1ccc(cc1)*)c1ccc(cc1)OC)c1ccc(cc1)OC,tg,249.5412707412653
181,*Nc1ccc(-c2ccc(C(*)=O)s2)s1,eps,7.202398476061932
182,*NC(S1)=CC=C1C(C=C2)=CC=C2C(=S)*,egc,3.135553568046333
183,*c1nc2c(nc1)cc(cc2)Oc1cc2c(nc(cn2)c2ccc(cc2)c2ccc(cc2)*)cc1,tg,305.12637176771045
184,*CC(*)(F)C#N,egc,7.095013104325355
185,*NC(F)(F)NC(*)(F)F,nc,1.6375118875868326
186,*c3ccc(Oc2ccc(n1c(=O)c(=O)n(*)c1=O)cc2)cc3,egc,3.8592572508611287
187,*C(=S)Oc1ccc(-c2ccc(*)cc2)s1,eea,2.87334915696485
188,*Oc1ccc(OC(=O)c2cccc(C(*)=O)c2)cc1,egc,3.9172260339097535
189,*c1cc2c(C(=O)N(C2=O)c2ccc(cc2)C(=O)OCCCCCCCCOC(=O)*)cc1,tg,99.44818645798092
190,*Oc1ccc(C2(c3ccc(OC(=O)CCCCCCCCC(*)=O)cc3)c3ccccc3Cc3ccccc32)cc1,egc,4.18511658026167
191,*CC(=O)c1ccc(-c2ccc(*)cc2)cc1,eea,2.2819909922361745
192,*Oc1ccc(cc1)C(c1ccc(cc1)OCCCCCC*)(C)C,tg,25.94158712777966
193,*Nc1ccc2c(c1)Cc1cc(NC(=O)c3cc(C(=O)O)c(C(*)=O)cc3C(=O)O)ccc1-2,egc,3.0292529665011547
194,*N1C(=O)c2c(C1=O)cc(cc2)c1cc2c(C(=O)N(C2=O)c2c(cc(c(c2)*)O)O)cc1,tg,304.90979695953007
195,*Oc1cc(ccc1)NC(=O)CCCCCC(=O)Nc1cc(ccc1)OCC(COc1ccc(cc1)C(c1ccc(cc1)OCC(C*)O)(C)C)O,tg,105.4732605404227
196,*Nc1ccc(cc1)c1ccc(cc1)NC(=O)c1cc(ccc1)C(=O)*,tg,269.92827689530833
197,*c1cc2c(C(=O)N(C2=O)c2ccc(cc2)C(=O)Nc2ccc(cc2)C(=O)OCCCCCCOC(=O)*)cc1,tg,109.43468048881158
198,*N1C(=O)c2c(C1=O)cc(cc2)Oc1cc2c(C(=O)N(C2=O)c2ccc(cc2)Oc2ccc(cc2)C(=O)c2ccc(cc2)Oc2ccc(cc2)*)cc1,tg,216.41512147198048
199,*c1ccc2n(c3c(c2c1)cc(cc3)C=Nc1ccc(cc1)C(=O)OCCCCOCCCCOCCCCOC(=O)c1ccc(cc1)N=C*)CC(CCCC)CC,tg,107.42755161799145
200,*Nc1ccc(-c2ccc(-c3ccc(*)s3)cc2)cc1,egb,2.2256686580166027
201,*c1ccc(-c2csc(-c3cccc(-c4nc(*)cs4)n3)n2)cc1,egc,3.198599327331596
202,*N(c1ccc(cc1)C(=O)*)CCCCC,tg,107.87609082586772
203,*c1sc(cc1C(=O)OCCCCCCCCCCOc1ccc(cc1)c1ccc(cc1)OC(=O)c1ccc(cc1)OCC(CCCCCC)F)*,tg,84.87273438762412
204,*Oc1ccc2ccc(OC(=O)Oc3ccc(OC(*)=O)cc3)cc2c1,egc,4.642913504339466
205,*c1c([nH]c(n1)c1ccc(cc1)c1[nH]c(c(n1)c1ccc(cc1)Oc1ccc(cc1)C(=O)c1ccc(cc1)Oc1ccc(cc1)*)c1ccccc1)c1ccccc1,tg,270.89889744454564
206,*C(C*)c1ccc(cc1)[Si](O[Si](C)(C)C)(C)C,tg,90.30652815347273
207,*N(c1cc2c(cc1)ccc(c2)N(c1ccc(cc1)c1ccc(cc1)*)c1ccc(cc1)OC)c1ccc(cc1)OC,tg,232.08564008344237
208,*OC(=O)c1cc(ccc1)C(=O)OCCc1ccc(cc1)NC(=O)c1cc(ccc1)C(=O)Nc1ccc(cc1)CC*,tg,113.84344529102914
209,*C(C*)C(=O)Oc1ccc(cc1)OC,tg,89.51481949889272
210,*Oc1ccc(cc1)Oc1ccc(cc1)NC(=O)c1ccc(cc1)Oc1ccc(cc1)C(c1ccc(cc1)C(c1ccc(cc1)Oc1ccc(cc1)C(=O)Nc1ccc(cc1)*)(C)C)(C)C,tg,158.94102585898872
211,*OC(=O)c1ccc(cc1)C(=O)OCC(C(C*)C(C)C)C(C)C,tg,65.5240256196848
212,*C(C*)(C(=O)OCCCCCCOc1ccc(cc1)N=Nc1ccc(cc1)C1OCC2(CO1)CC1C=CC2C1)C,tg,161.4199377807208
213,*Oc1ccc(cc1)NC(=O)c1cc(cc(c1)S(=O)(=O)c1ccccc1)C(=O)Nc1ccc(cc1)*,tg,286.83672051192224
214,*C(C*)(C(=O)OCCCCCCOc1ccc(cc1)C(=O)Oc1ccc(cc1)C(=O)C=Cc1c(c2c(n1CCCC)cccc2)C)C,tg,88.04481837589788
215,*OC(=O)NCCCCCCNC(=O)OCCOCC*,tg,15.196339991065331
216,*C(C*)(C(=O)Oc1ccc(cc1)c1oc(nn1)c1ccc(cc1)C(C)(C)C)C,tg,206.95125245529982
217,*OC(=O)OCc1ccc(cc1)COC(=O)OCCN(CC*)c1ccc(cc1)N=Nc1ccc(cc1)[N+](=O)[O-],tg,99.5549403231736
218,*C1COC2C1OCC2Oc1ccc(cc1)NC(=O)c1cc(ccc1)C(=O)Nc1ccc(cc1)O*,tg,131.6313978349958
219,*c1nnc(nc1c1ccc(cc1)Oc1ccc(cc1)C(c1ccc(cc1)Oc1ccc(cc1)*)(C)C)c1ncccc1,tg,214.54418260413684
220,*C(=S)Oc1ccc(-c2ccc(*)s2)s1,eps,5.943076869110972
221,*Oc1ccc(cc1)S(=O)(=O)c1ccc(cc1)Oc1c(cc(cc1C)C(c1cc(c(c(c1)C)*)C)(C(F)(F)F)C(F)(F)F)C,tg,217.4510209980224
222,*Oc1cc(cc(c1)C(=O)Oc1ccc(cc1)N=Nc1ccc(cc1)C#N)Oc1ccc(cc1)C(c1ccc(cc1)*)(C)C,tg,152.33537361344924
223,*C(=O)Nc1cccc(C#Cc2cccc(N3C(=O)c4ccc(*)cc4C3=O)c2)c1,egc,2.647926089040823
224,*Oc1ccc(cc1)S(=O)(=O)c1ccc(cc1)Oc1c(cc(cc1)C(c1cc(c(cc1)*)Cl)(C)C)Cl,tg,179.1272048862228
225,*c1cc2c(C(=O)N(C2=O)c2ccc(cc2)C(=O)c2ccc(cc2)Cc2cc(ccc2)N2C(=O)c3c(C2=O)cc(cc3)C(=O)*)cc1,tg,277.01305786083367
226,*Nc1cc(cc(c1)c1oc(nn1)c1ncccc1)NC(=O)c1cc(ccc1)C(=O)*,tg,276.41518399093485
227,*Oc1c(cc(c(c1)OC(=O)c1ccc(cc1)OC)OC(=O)CCCCCCCCCCCCCCC(=O)*)OC(=O)c1ccc(cc1)OC,tg,39.694020160206
228,*c1c([nH]c(n1)c1ccc(cc1)c1[nH]c(c(n1)c1ccc(cc1)Oc1ccc(cc1)C(=O)c1ccc(cc1)c1ccc(cc1)C(=O)c1ccc(cc1)Oc1ccc(cc1)*)c1ccccc1)c1ccccc1,tg,261.7290044609962
229,*Nc1ccc(cc1)C(c1ccc(cc1)NC(=O)c1ccc(cc1)C(=O)*)(C(F)(F)F)C(F)(F)F,tg,312.63756251824714
230,*C=C(*)c1ccc(N)cc1,egc,1.5258668721542823
231,*N1C(=O)c2c(C1=O)cc(cc2)Oc1ccc(cc1)Sc1ccc(cc1)Oc1cc2c(C(=O)N(C2=O)c2ccc(cc2)Oc2ccc(cc2)*)cc1,tg,210.37106369781696
232,*C(C*)(CC(=O)OCCCC1CCCCC1)C(=O)OCCCC1CCCCC1,tg,74.8579978876262
233,*Oc1ccc(cc1)CC(NC(=O)CCc1ccc(cc1)OC(=O)CCCCCCC(=O)*)C(=O)OC,tg,57.80738393936517
234,*N1C(=O)C2C(C1=O)C(Cc1ccccc21)C1C(=O)N(C(=O)C1)c1cc(cc(c1)C(=O)OCCCC)*,tg,253.94997038563602
235,*Oc1cc(ccc1)NC(=O)c1cc(ccc1)OCC(COc1ccc(cc1)C(c1ccc(cc1)OCC(C*)O)(C)C)O,tg,121.10378713399619
236,*c1ccc(Oc2cc3ccccc3cc2Oc2ccc(-n3c(=O)c4cc5c(=O)n(*)c(=O)c5cc4c3=O)cc2)cc1,egc,1.7518621117551747
237,*CC1CCC(COC(=O)C2CCC(C(=O)O*)CC2)CC1,egb,6.320250505084333
238,*OP(=O)(N=Nc1ccc(cc1)c1ccc(cc1)N=NP(=O)(OCCCCCC*)OC)OC,tg,46.40084263471484
239,*CC(*)C(=O)OC(CC)CC,egc,5.96901504124686
240,*Oc1ccc(cc1)c1ccc(cc1)Oc1ccc(cc1)C(=O)c1ccc(cc1)*,tg,168.86290886586877
241,*N1C(=O)c2c(C1=O)cc(cc2)c1cc2c(C(=O)N(C2=O)c2ccc(cc2)N(c2ccc(cc2)*)c2ccc(cc2)C#N)cc1,tg,284.20310017168276
242,*Oc1ccc(cc1)C1(c2ccccc2c2ccccc12)c1ccc(cc1)Oc1c(cc(cc1)c1ccc(cc1)c1cc(c(cc1)*)C(F)(F)F)C(F)(F)F,tg,255.01274245764614
243,*CC(S1)=CC=C1CC(S2)=CC=C2*,egc,4.802433959412027
244,*C=CCC(C*)(c1ccccc1)c1ccccc1,egc,4.423984038378069
245,*C1C(=O)N(C(=O)C1CC*)CCCCCCCCCCCCCC,tg,69.45813598982694
246,*Oc1ccc(cc1)N(c1ccc(cc1)c1ccc(cc1)N(c1ccc(cc1)*)c1ccc(cc1)OCCCCCC)c1ccc(cc1)OCCCCCC,tg,146.21243480146222
247,*Oc1ccc(cc1)C1(C(CC(CC1)C(C)C)c1ccc(cc1)OCC(C*)O)C,tg,154.684954285268
248,*CCON*,egb,5.159237184437597
249,*NNC(=O)CCCCCCCCCCCC(*)=O,egc,5.758903906207293
250,*C(C*)c1ccc(cc1)C(=O)OCCN(C)C,tg,65.97461866040955
251,*Oc1c(cc(c(c1)OC(=O)c1ccc(cc1)OCC(CC)C)OC(=O)CCCC(=O)*)OC(=O)c1ccc(cc1)OCC(CC)C,tg,56.08899789961642
252,*N1C(=O)c2c(C1=O)cc(cc2)Oc1ccc(cc1)Sc1ccc(cc1)Oc1cc2c(C(=O)N(C2=O)c2ccc(cc2)Oc2ccc(cc2)C(=O)c2cc(ccc2)C(=O)c2ccc(cc2)Oc2ccc(cc2)*)cc1,tg,220.94655274308056
253,*COC(=O)O*,ei,7.052243387503491
254,*N1C(=O)C2C(C1=O)C(=CC(C2)C1C(=O)N(C(=O)C1)c1cc(ccc1)c1cc(cc(c1)C(=O)Nc1ccc(cc1)OC(=O)c1cc(c(c(c1)OCCCCCCCCCCCC)OCCCCCCCCCCCC)OCCCCCCCCCCCC)c1cc(ccc1)*)C,tg,211.24953523135585
255,*OC(=O)CCSCCCCCCSCCC(=O)OCCCC*,tg,-62.49602688280515
256,*CCC(=O)O*,egb,6.238069100992536
257,*Oc1ccc(C(=S)c2ccc(*)cc2)s1,nc,2.005260482123214
258,*C1(CCN(CC1)C(=O)CCCC(=O)N1CCC(CC1)(CCC*)C)C,tg,120.8123924878272
259,*N1C(=O)c2c(C1=O)cc(cc2)Oc1c(cc(cc1C)C(c1cc(c(c(c1)C)Oc1cc2c(C(=O)N(C2=O)c2cc(c(cc2)c2c(cc(cc2)*)C(F)(F)F)C(F)(F)F)cc1)C)(C)C)C,tg,256.55081842158
260,*Nc1ccc(OC(*)=S)cc1,eea,2.1266976091704946
261,*NC1CCC(CC2CCC(NC(=O)CCCCC(*)=O)CC2)CC1,egc,5.912949309311596
262,*CCOCCOCCOC(=O)C1CCC(C(=O)O*)CC1,egc,6.269868310667808
263,*O[Si](CCC(C(C(C(CC[Si](*)(CCC(F)(F)F)C)(F)F)(F)F)(F)F)(F)F)(CCC(F)(F)F)C,tg,-62.407139162890836
264,*c1ccc(C(F)(F)CC(*)(F)F)s1,eps,3.7651392077148143
265,*CCCCCCCCCOc1ccc(C=CC=Cc2ccc(O*)c(C)c2)cc1C,egc,3.559704209920275
266,*c1ccc(-c2cc(CCCCCCBr)c(*)s2)s1,egc,1.8847573671148354
267,*NOC(=S)O*,egb,3.8044145575684993
268,*CC(=O)NC(*)=O,eea,1.570231074838496
269,*Oc1c(cc(cc1)Oc1ccc(cc1)NC(=O)c1ccc(cc1)Oc1c(cc(cc1)Oc1ccc(cc1)C(=O)Nc1ccc(cc1)*)C)C,tg,228.8833470600283
270,*Oc1ccc(-c2ccc(-c3ccc(*)cc3)cc2)cc1,egb,3.2796781994966313
271,*C=CC(C(*)C(=O)OC12CC3CC(CC(C1)C3)C2)C,tg,109.94013435983827
272,*C(C*)(c1ccccc1)C,tg,103.29867270150054
273,*Oc1ccc(Oc2ccc(OC(*)=O)cc2)cc1,egc,4.87881481302929
274,*C=C(*)OCCCC,egc,4.577380450155475
275,*N1C(=O)c2c(C1=O)cc(cc2)c1cc2c(C(=O)N(C2=O)c2cc(c(cc2)c2c(cc(cc2)*)C(F)(F)F)C(F)(F)F)cc1,tg,287.5718003574513
276,*N1C(=O)c2c(C1=O)c(ccc2)c1cc2c(C(=O)N(C2=O)c2cc(ccc2)OCCCCOc2cc(ccc2)*)cc1,tg,177.6201785062554
277,*c1nc2c(cc1)cccc2OC(=O)c1ccc(cc1)C(=O)Oc1c(c2c(cc1)cccc2)C=C*,tg,154.4523618297638
278,*C(C*)C(=O)OCCCSCC,tg,-69.7101857638148
279,*Oc1cccc2c(OC3(F)C(*)(F)C(F)(F)C3(F)F)cccc12,egc,3.9004754963549013
280,*Oc1ccc(cc1)S(=O)(=O)c1ccc(cc1)Oc1c(cc(cc1)C(c1cc(c(cc1)*)Br)(C(F)(F)F)C(F)(F)F)Br,tg,173.58843834016625
281,*CCCNC(=O)CCCCCCCCC(=O)NCCCNC(=O)C(=O)N*,egc,5.049763153282731
282,*C(C*)(C(=O)OCCCc1ccc(cc1)N=Nc1ccc(cc1)OC(F)(F)F)C,tg,202.44440945183297
283,*c1cc2c(C(=O)N(C2=O)c2ccc(cc2)Oc2ccc(cc2)N2C(=O)c3c(C2=O)cc(cc3)C(=O)N2C(=O)N(C(=O)C2(CC)CC)C(=O)*)cc1,tg,141.1472201555456
284,*Oc1c(cc(cc1C)S(=O)(=O)c1cc(c(c(c1)C)OCC(COc1ccc(cc1)S(=O)(=O)c1ccc(cc1)OCC(C*)O)O)C)C,tg,123.33158898320427
285,*c1cc2c(C(=O)N(C2=O)c2cc(c(cc2)Oc2ccc(cc2)C(=O)c2cc(ccc2)N2C(=O)c3c(C2=O)cc(cc3)C(*)(C(F)(F)F)C(F)(F)F)C(F)(F)F)cc1,tg,229.06410746756197
286,*S(=O)(=O)c1ccc(cc1)NC(=O)CCCCCCCC(=O)Nc1ccc(cc1)*,tg,137.39517620219854
287,*N1C(=O)N(C(=O)C1=O)c1ccc(cc1)Cc1ccc(cc1)N1C(=O)N(C(=O)C1=O)c1c(cccc1)CCc1ccc(cc1)*,tg,220.88288499355943
288,*CCOCCOC(=O)C(CCC)C(=O)O*,egc,6.629396466054726
289,*C(C*)(c1ccc(cc1)C(O)C(F)(F)F)C,tg,102.07642719790782
290,*Oc1ccc(C(C)(CC)c2ccc(OC(*)=O)c(Cl)c2)cc1Cl,egc,4.691571096033537
291,*c1sc(cc1)*,tg,176.83347420981218
292,*Oc1cccc(NC(=O)c2ccc([Si](c3ccccc3)(c3ccccc3)c3ccc(C(*)=O)cc3)cc2)c1,egc,3.708573635860175
293,*C1COC2C1OCC2OC(=O)CCC(=O)O*,tg,107.34178132005877
294,*OC(COC(=O)c1c(cccc1)C(=O)*)COc1ccc(cc1)N=Nc1ccc(cc1)C#N,tg,114.08018848804745
295,*OCC(F)(F)C(F)(F)C(F)(F)COc1nc(F)nc(*)c1F,egc,5.46273399364835
296,*Oc1ccc(cc1)SSc1ccc(cc1)*,tg,99.50118108393764
297,*c1sc(cc1CCCCCCCC)c1sc(c(c1)CCCCCCCC)c1ccc(cc1)*,tg,81.83167302354234
298,*O[Si](*)(CCC(C(C(C(F)(F)F)(F)F)(F)F)(F)F)C,tg,-36.66487103148826
299,*N1C(=O)c2c(C1=O)cc(cc2)Oc1c(cccc1)Oc1cc2c(C(=O)N(C2=O)c2ccc(cc2)Oc2c(cccc2)Oc2ccc(cc2)*)cc1,tg,190.89343356672202
300,*NC(C)C(=O)NCCCCCCCCCCC(*)=O,egc,5.909684726887202
301,*NC(=O)OC(S1)=CC=C1*,egc,3.9087065858659473
302,*CNc1ccc(N*)cc1,ei,5.0461940947769595
303,*CC(O)COc1ccc(C(C)(C)c2ccc(OCC(O)COc3cccc(O*)c3)cc2)cc1,egc,4.09496867711422
304,*CNc1ccc(O*)cc1,eps,3.769573357718938
305,*CCCCCCCNC(=O)c1ccc(C(=O)N*)cc1,egc,4.641100288946771
306,*Oc1c(c2c(cc1)cccc2)Sc1c2c(ccc1OCC(=O)Nc1ccc(cc1)Oc1ccc(cc1)NC(=O)C*)cccc2,tg,235.38823995694648
307,*C(=S)C(F)(F)NC(*)(F)F,egb,3.6122846587846404
308,*c1ccc(-c2nc3ccc(-c4ccc5nc(*)oc5c4)cc3o2)cc1,egc,3.026856870881001
309,*c1cc2c(=O)n(c(=O)c3ccc4c5c(cc6c(=O)n(c(=O)c7ccc(c1c4c23)c5c67)CCCCCCCC)Oc1ccc(cc1)C=Cc1c(cc(c(c1)OCCCCCCCC)C=Cc1ccc(cc1)O*)OCCCCCCCC)CCCCCCCC,tg,218.49636714082075
310,*Oc1ccc(-c2ccc(C(*)=O)s2)s1,egb,2.1939726977848877
311,*Nc1ccc(C(=O)O*)cc1,eea,2.1349007819015022
312,*Nc1cc(NC(=O)c2ccc(C(*)=O)cc2)ccc1Cl,egc,3.4929721120043533
313,*Oc1cc2c(C(CC2(C)C)(c2ccc(cc2)OCC(C*)O)C)cc1,tg,159.1745625803369
314,*Cc1ccc(-c2ccc(O*)cc2)s1,eps,4.119353536422341
315,*CCCCCCCC[N+](C)(C)CCCCCC[N+](*)(C)C,egc,0.23476642514991714
316,*CC(*)c1cc[n+](CCCC)cc1,egc,2.250913303383686
317,*CC(=O)NCCCCCCNC(=O)Cc1ccc(*)s1,egc,4.826132555961301
318,*C(=O)C(F)(F)C(=O)C(*)(F)F,eps,4.178770033038508
319,*N1CCN(CC1)CC(COc1ccc(cc1)C(c1ccc(cc1)OCC(C*)O)(C)C)O,tg,87.71469546303307
320,*CNCC(*)=S,nc,1.8882976875720483
321,*CC(=O)C(=S)c1ccc(*)s1,ei,6.369978439371592
322,*C(=O)Nc1cccc(NC(=O)c2ccc3c(c2)C(=O)N(c2ccc(Oc4cccc5c(N6C(=O)c7ccc(*)cc7C6=O)cccc45)cc2)C3=O)n1,egc,3.025965874527437
323,*Oc1ccc(Cc2ccc(*)cc2)cc1,nc,1.7980999899724586
324,*Nc1ccc(OC(*)=S)s1,eea,2.2835437740652993
325,*C(F)(F)NC(F)(F)C(=S)*,egc,4.279352241821525
326,*CCCCCCCCCNC(=O)c1cccc(C(=O)N*)c1,egc,4.933745210591751
327,*C(C*)(C(=O)OCCCCCCCCCCOc1ccc(cc1)OC(=O)c1cc(c(cc1)OC)Br)C,tg,39.538601144212144
328,*C1C=CC(*)S1,egc,4.896195310009562
329,*C1C(CC(C1)CC(O)(C(F)(F)F)C(F)(F)F)(C(C*)(F)F)F,tg,166.85906575683805
330,*Oc1c(cc(c(c1)OC(=O)c1ccc(cc1)OCCCC)OC(=O)CCCC(=O)*)OC(=O)c1ccc(cc1)OCCCC,tg,51.08232506734311
331,*OC(=O)/C=C/C(=O)OCCCC*,tg,57.93692107384655
332,*CCCCCCNC(=O)NCCNC(=O)N*,egc,5.6321921684871175
333,*Sc1ccc(Nc2ccc(Nc3ccc(Nc4ccc(*)cc4)cc3)cc2)cc1,egc,3.452071465184581
334,*CCCCCCOC(=O)CCCCCC(=O)O*,egc,6.634886461059861
335,*C(C*)(C(=O)Oc1ccc(cc1)N=Nc1ccc(cc1)C#N)C,tg,118.93101305642193
336,*Cc1ccc(NO*)s1,egb,3.943228636713993
337,*NC(=O)NC(=O)c1ccc(C(=S)c2ccc(-c3ccc(*)s3)s2)s1,nc,2.3577797570028336
338,*Oc1ccc(cc1)NC(=O)c1cc(ccc1)C(=O)Nc1ccc(cc1)OCCCCC*,tg,92.86903541842184
339,*[Si](Cc1c(cccc1)C*)(C)C,tg,45.5798109327822
340,*c1nc2c(nc1c1ccccc1)cc(cc2)Oc1cc2c(nc(c(n2)c2ccccc2)c2cc(ccc2)*)cc1,tg,276.9317231686155
341,*C(C*)(C(=O)NC(=O)OC(COc1c(cc(cc1Br)S(=O)(=O)c1cc(c(c(c1)Br)OCC(O)C)Br)Br)C)C,tg,110.92324006110205
342,*C(C*)(C(=O)OCCCCCCN1CCN(CC1)c1ccc(cc1)N=Nc1ccc(cc1)[N+](=O)[O-])C,tg,120.97916747557665
343,*OC(F)(F)C(=O)C(*)(F)F,eps,3.5361651173358615
344,*c1sc(*)c2nc(CCCCCCCCCCC)c(CCCCCCCCCCC)nc12,egc,2.0130850586938194
345,*Oc1ccc(cc1)NC(=O)c1ccc(cc1)OCC(COc1ccc(cc1)C(c1ccc(cc1)OCC(C*)O)(C)C)O,tg,121.56852469343
346,*c1cc(Br)c(Oc2c(Br)cc(N3C(=O)c4ccc(Oc5ccc6c(c5)C(=O)N(*)C6=O)cc4C3=O)cc2Br)c(Br)c1,egc,2.708026011938588
347,*c1ccc(-c2nc3cc4nc(*)oc4cc3o2)cc1,eps,5.543746260765675
348,*OC(=O)c1ccc(cc1)N=Cc1c(cc(c(c1)OCCC(CCCC(C)C)C)C=Nc1ccc(cc1)C(=O)OCCCCOCCCCOCCCC*)OCCC(CCCC(C)C)C,tg,39.861913610281036
349,*C(=CCC*)CCCCCCCCCC,tg,-84.3910386600007
350,*C(C*)c1c2c(OCO2)ccc1,tg,130.82962185208592
351,*N1C(=O)c2c(C1=O)c(ccc2)Oc1ccc(cc1)C(=O)c1ccc(cc1)Oc1c2c(C(=O)N(C2=O)c2cc(ccc2)*)ccc1,tg,244.40808206031008
352,*OC(=O)NCC(C(C(C(CNC(=O)OCC(C(C(C*)(F)F)(F)F)(F)F)(F)F)(F)F)(F)F)(F)F,tg,60.22400568692539
353,*Cc1ccc(Nc2ccc(*)s2)s1,eea,1.139789212849599
354,*CCNC(=O)CCCCCCCCCCCCCCCCC(=O)N*,egc,5.77110221994885
355,*c1cc2c(C(=O)N(C2=O)c2c(cc(cc2)N2C(=O)c3c(C2=O)cc(cc3)C(=O)*)S(=O)(=O)O[Na])cc1,tg,349.4375966725482
356,*N1C(=O)c2c(C1=O)cc(cc2)Oc1cc2c(C(=O)N(C2=O)c2cc(c(cc2)Oc2ccc(cc2)C(=O)c2nc(ccc2)C(=O)c2ccc(cc2)Oc2c(cc(cc2)*)C(F)(F)F)C(F)(F)F)cc1,tg,207.89564671302358
357,*C(=O)Nc1ccc(C(c2ccc(NC(=O)c3ccc(N4C(=O)c5ccc(*)cc5C4=O)cc3C)cc2)(C(F)(F)F)C(F)(F)F)cc1,egc,3.573934024134883
358,*C(C*)CC[Si](C)(C)C,tg,182.7399845252496
359,*Oc1ccc(C(=O)OCCOC(=O)c2ccc(*)cc2)cc1,egc,4.626808746493657
360,*Oc1ccc(cc1)C(=O)c1cc(ccc1)C(=O)c1ccc(cc1)Oc1ccc(cc1)Cc1ccc(cc1)*,tg,128.58266402112824
361,*C(F)(F)C(F)(F)NC(C=C1)=CC=C1*,egc,4.455874106081549
362,*CC(*)(C)C(=O)OCC(=O)N1CCCC1,egb,4.723513047936203
363,*C(C(*)(C([2H])([2H])[2H])[2H])([2H])[2H],tg,-13.809916798597985
364,*C(C=C1)=CC=C1OC(C=C2)=CC=C2O*,egc,4.501917181801901
365,*CCCCCCCCCCCCOC(=O)NCc1ccc(CNC(=O)O*)cc1,egc,5.35976693416627
366,*Oc1ccc(cc1)CC(NC(=O)Cc1ccc(cc1)OC(=O)CCC(=O)*)C(=O)OCC,tg,81.95641443062668
367,*Oc1ccc(-c2ccc(OC(=O)CCCCCCCCCCCC(*)=O)cc2)cc1,egc,4.522722066216311
368,*c1cc2c(C(=O)N(C2=O)c2cc(c(cc2)Oc2ccc(cc2)C(c2ccc(cc2)Oc2c(cc(cc2)N2C(=O)c3c(C2=O)cc(cc3)C(*)(C(F)(F)F)C(F)(F)F)C(F)(F)F)(C(F)(F)F)C(F)(F)F)C(F)(F)F)cc1,tg,211.83418816256906
369,*CC(*)CCc1ccc(C)cc1,egb,4.9525684474959935
370,*O[Si](CCC(C(C(C(C(C(CC[Si](*)(CCC(F)(F)F)C)(F)F)(F)F)(F)F)(F)F)(F)F)(F)F)(CCC(F)(F)F)C,tg,-44.08666645043139
371,*N1C(=O)c2c(C1=O)cc(cc2)Oc1cc2c(cc1)ccc(c2)Oc1cc2c(C(=O)N(C2=O)c2cc(cc(c2)C(F)(F)F)*)cc1,tg,267.52278085220473
372,*C(C*)(C(=O)OCC1COCCOCCOCCOCCOC1)C,tg,58.31491042666337
373,*C(C*)n1c2ccccc2c2ccccc12,tg,189.94083059444588
374,*OC(=O)CCCCCNC(=O)CCCCC(=O)NCCCCCC(=O)OCCCCCC*,tg,10.783336072865813
375,*OP(=O)(Oc1ccc(cc1)c1ccc(cc1)*)Oc1ccccc1,tg,117.89386001231576
376,*Oc1ccc(NC(=C(C#N)C#N)c2ccc3cc(C(Nc4ccc(*)cc4)=C(C#N)C#N)ccc3c2)cc1,egc,2.7939433237873303
377,*c1cc(CC(=O)O)c(*)s1,egc,2.8563068787514174
378,*CNOc1ccc(*)s1,egb,4.105692856296048
379,*N1CCC(CCc2ccc(N3C(=O)c4ccc(N5C(=O)C(=O)N(*)C5=O)cc4C3=O)cc2)CC1,egc,3.5543896445283116
380,*CC(*)F,eea,0.7169938192413697
381,*CC(=O)NCCCCCCNC(=O)COC(=O)CCCCCCC(=O)O*,egc,6.11440104934395
382,*COC(=O)O*,egb,6.976986457310881
383,*c1c(cc(c(c1)OC)C(=Cc1c(cc(c(c1)OC)C=C(*)C#N)OCCCCCCCCCCCCCCCC)C#N)OCCCCCCCCCCCCCCCC,tg,164.32123533585568
384,*CCOC(=O)c1ccc(C(=O)O*)cc1,nc,1.771679972158077
385,*CNc1ccc(N*)cc1,egb,4.079965744839377
386,*Oc1ccc(cc1)C1(c2ccccc2c2ccccc12)c1ccc(cc1)OC(=O)c1cc(ccc1)C(=O)*,tg,274.4194008648865
387,*C#Cc1ccc(*)s1,egc,2.126025137887575
388,*CCOC(=O)c1ccc(-c2ccc(C(=O)O*)cc2C)c(C)c1,egc,4.435357825435185
389,*N1CCN(CC1)C(=O)OCCOC(=O)c1ccc(cc1)C(=O)OCCOC(=O)*,tg,75.3773216821097
390,*c1ccc2oc(-c3ccc4nc(*)oc4c3)nc2c1,eps,5.523989036662222
391,*Oc1ccc(cc1)C(c1ccc(cc1)Oc1ccc(cc1)C(=O)c1ccc(cc1)C(c1ccc(cc1)C(=O)c1ccc(cc1)*)(C(F)(F)F)C(F)(F)F)(C)C,tg,159.9924301758588
392,*OC(C)CCCCC(*)=O,egc,6.590605834847502
393,*Oc1ccc(CC(*)=O)cc1,eps,3.693541208509137
394,*N1C(=O)c2c(C1=O)cc(cc2)S(=O)(=O)c1cc2c(C(=O)N(C2=O)c2cc(c(cc2)c2c(cc(cc2)*)C(F)(F)F)C(F)(F)F)cc1,tg,299.809290195492
395,*N1C(=O)c2c(C1=O)cc(cc2)C(c1cc2c(C(=O)N(C2=O)CCN(CC*)c2ccc(cc2)N=Nc2ccc(cc2)C2OCCO2)cc1)(C(F)(F)F)C(F)(F)F,tg,196.3569497780187
396,*NC(=O)C(=S)C(=O)*,egc,1.835133712794651
397,*CC(CC(CC(*)c1ccccn1)c1ccccn1)c1ccccn1,nc,1.8472944556965065
398,*CC(C#N)(C#N)*,egc,6.927180743578533
399,*c1c(c(cc(c1)C(c1ccc(cc1)O)(C)C)*)O,tg,121.55803120765947
400,*c1nc2c(n1c1ccc(cc1)n1c(nc3c1cccc3)c1ccc(cc1)Oc1ccc(cc1)C(=O)c1ccc(cc1)Oc1ccc(cc1)C(=O)c1ccc(cc1)Oc1ccc(cc1)*)cccc2,tg,218.44436510115787
401,*CC(=O)OC(*)=O,nc,1.639735168638021
402,*C(=O)c1ccc(C(=S)c2ccc(*)s2)cc1,ei,6.483264683668778
403,*c1ccc(OC(=S)c2ccc(*)s2)cc1,eps,5.796921895513041
404,*CCOCC(=O)NCCCCCCNC(=O)CO*,egc,6.106328759945317
405,*OC1CCC(CC1)OC(=O)OCCCCCOC(=O)*,tg,3.145116972349211
406,*CCCCCC(=O)O*,ei,7.499650426911518
407,*OCOCCSSCC*,tg,-27.927496014504978
408,*CC1(C)CC(CC2(C)CC(N3C(=O)N4C(c5ccc(OC)cc5)N(*)C(=O)N4C3c3ccc(OC)cc3)CC(C)(C)C2)CC(C)(C)C1,egc,4.360081793175337
409,*NC(=O)OC(*)=S,egb,2.731623456086053
410,*Oc1ccc(NC(=O)c2cc(NC(=O)C34CC5CC(CC(C5)C3)C4)cc(C(=O)Nc3ccc(*)cc3)c2)cc1,egc,3.4179572187627207
411,*Nc1cc(-c2ccc(-c3ccc4nc5c6cccc7c(*)ccc(c(=O)n5c4c3)c76)cc2)ccc1O,egc,2.7294818059970583
412,*C(C*)(CC(=O)OCCCCCCCC)C(=O)OCCCCCCCC,tg,-0.1571983821447737
413,*c1nc2c(nc1c1cc3c(cc1)cccc3)cc(cc2)c1cc2c(nc(c(n2)c2cc(ccc2)*)c2cc3c(cc2)cccc3)cc1,tg,326.2108127802243
414,*CCCCCCOC(=O)NNC(=O)CCCCCCCCC(=O)NNC(=O)O*,egc,5.713834374388274
415,*NC(=O)CCCCCNC(=O)CCCCCCCCCC*,tg,49.508855773955105
416,*CCCCCC(=O)O*,eps,3.0933768890524194
417,*CCCCCCOC(=O)CCCCCCCCC(=O)O*,egc,6.783572152596252
418,*C=CC(C*)(C(F)(F)F)C(F)(F)F,egb,5.824906853560107
419,*CC(CS(=O)(=O)CC)O*,egc,5.954878072566507
420,*Oc1cc(C)c(*)cc1C,egc,4.718284611796313
421,*c1nc(ccc1)Oc1c(cc(cc1)O*)c1ccccc1,tg,116.79211031535544
422,*N(c1ccc(cc1)c1ccc(cc1)*)c1ccc(cc1)CCCC,tg,160.6790501995646
423,*Oc1ccc(cc1)NCC(=O)c1ccc(cc1)Sc1ccc(cc1)C(=O)CNc1ccc(cc1)*,tg,221.41261734736963
424,*NNC(=O)c1cc(cc(c1)NC(=O)c1cc2c(C(=O)N(C2=O)c2ncc(cc2)C)cc1)C(=O)NNC(=O)CCCC(=O)*,tg,143.68692449405333
425,*CCOCC(=O)NCCNC(=O)CO*,egc,6.156611420327008
426,*N1C(=O)C(CC1=O)Nc1cc(ccc1)NC1C(=O)N(C(=O)C1)c1c(cc(cc1C)C(c1cc(c(c(c1)C)*)C)c1cnccc1)C,tg,215.07303192246158
427,*CNC(=O)c1ccc(*)s1,egb,3.949731523274559
428,*Oc1ccc(cc1)C(=O)Nc1cc(cc(c1)c1nc2c([nH]1)cccc2)NC(=O)c1ccc(cc1)OCC*,tg,256.7460518695456
429,*c1ccc(*)s1,egc,2.5663052693036152
430,*CCOC(=O)c1ccc(O*)c(Cl)c1,egc,4.203828959671651
431,*c1cc2c(C(=O)N(C2=O)c2ccc(cc2)C(=O)c2ccc(cc2)C(=O)c2ccc(cc2)N2C(=O)c3c(C2=O)cc(cc3)C(=O)c2ccc(cc2)C(=O)*)cc1,tg,266.94872300865836
432,*Oc1ccc(cc1)c1ccc(cc1)OC1(C(C(C1(F)F)(F)F)(*)F)F,tg,134.08893604935156
433,*N(CC*)C(=O)CCCC,tg,24.51326635645264
434,*CC(CC(CC(CC(*)c1ccccc1)c1ccccc1)c1ccccc1)c1ccccc1,ei,7.290122637714373
435,*OP(=O)(OCCCCCCCCOc1c(cc(cc1)C=C1C(=O)C(=Cc2cc(c(cc2)OCCCCCCCC*)OC)CC1)OC)OC,tg,59.3825263226453
436,*c1cc2c(C(=O)N(C2=O)c2ccc(cc2)NC(=O)Nc2ccc(cc2)N2C(=O)c3c(C2=O)cc(cc3)C(=O)Nc2ccc(cc2)c2ccc(cc2)NC(=O)*)cc1,tg,226.59694328187453
437,*Oc1c(cc(cc1)NC(=O)Nc1c(ccc(c1)NC(=O)Nc1cc(c(cc1)*)c1ccc(cc1)Oc1ccccc1)C)c1ccc(cc1)Oc1ccccc1,tg,249.58964282586328
438,*Oc1ccc(cc1)C(=O)c1ccc(cc1)OC(=O)c1ccc(cc1)C(c1ccc(cc1)C(=O)*)(C)C,tg,140.38223803821833
439,*CCCCCCNC(=O)CCCC(=O)N*,egc,5.859120705121231
440,*Oc1ccc(cc1)NC(=O)c1ccc(cc1)C(c1ccc(cc1)C(=O)Nc1ccc(cc1)Oc1ccc(cc1)C1(C2CC3CC(CC1C3)C2)c1ccc(cc1)*)(C(F)(F)F)C(F)(F)F,tg,249.56567278180896
441,*Nc1ccc(cc1)Nc1ccc(cc1)C(c1ccc(cc1)C(c1ccc(cc1)*)(c1ccccc1)O)(c1ccccc1)O,tg,163.97207329075465
442,*Oc1cc(ccc1)N(c1ccc(cc1)c1ccc(cc1)N(c1cc(ccc1)OC(=O)OCCOCCOC(=O)*)c1ccc(cc1)N=Nc1ccc(cc1)[N+](=O)[O-])c1ccccc1,tg,159.82118111002765
443,*N1C(=O)c2c(C1=O)cc(cc2)c1cc2c(C(=O)N(C2=O)c2c(cc(c(c2C)C(=O)c2cc(ccc2)*)C)C)cc1,tg,339.65499623638857
444,*C(=S)c1ccc(-c2ccc(-c3ccc(*)cc3)s2)cc1,ei,5.679073265163247
445,*C(=S)OC(=S)c1ccc(*)cc1,ei,6.340569759560677
446,*NC(=O)CC(=O)NCCCCCC*,tg,56.27374573136324
447,*CC(=O)N*,eea,1.2343728978176354
448,*CCCCCCCCOC(=O)NCCCCCCCCCCNC(=O)O*,egc,6.2638317698245505
449,*N1C(=O)c2c(C1=O)c(ccc2)Oc1c(cc(cc1C)c1cc(c(c(c1)C)Oc1c2c(C(=O)N(C2=O)c2c(cc(cc2C)c2cc(c(c(c2)C)*)C)C)ccc1)C)C,tg,311.0225088297154
450,*N1C(=O)c2c(C1=O)c(ccc2)c1cc2c(C(=O)N(C2=O)c2ccc(cc2)C(=O)Nc2ccc(cc2)Oc2ccc(cc2)S(=O)(=O)c2ccc(cc2)Oc2ccc(cc2)NC(=O)c2ccc(cc2)*)cc1,tg,277.50241328873216
451,*Oc1c(cc(cc1)C(c1cc(c(cc1)OC(=O)c1cc(ccc1)C(=O)*)C)(C)C)C,tg,152.0431888801815
452,*N1C(=O)c2c(C1=O)cc(cc2)Oc1c2c(ccc1)c(ccc2)Oc1cc2c(C(=O)N(C2=O)c2cc(ccc2)Oc2ccc(cc2)*)cc1,tg,223.71241268797715
453,*Cc1ccc(Nc2ccc(*)cc2)cc1,nc,1.8930980722081199
454,*COC(=S)O*,egb,4.0881185343457105
455,*Oc1cc(ccc1)NC(=O)c1cc(ccc1)C(=O)Nc1cc(ccc1)OCC(COc1ccc(cc1)C(c1ccc(cc1)OCC(C*)O)(C)C)O,tg,125.39211132741346
456,*NC1=CC(=O)C(*)=CC1=O,egc,2.2555041399341325
457,*CCOC(=O)c1cccc(C(=O)O*)c1,egc,4.979219612157018
458,*N1C(=O)c2c(C1=O)cc(cc2)S(=O)(=O)c1cc2c(C(=O)N(C2=O)c2ccc(cc2)Oc2ccc(cc2)S(=O)(=O)c2ccc(cc2)Oc2ccc(cc2)*)cc1,tg,262.90713431379766
459,*S(=O)(=O)NCCCCCCNS(=O)(=O)c1cc(ccc1)*,tg,67.35997971837585
460,*O[Si](*)(CCCCCCCCOc1ccc(cc1)C(=O)Oc1c(cc(cc1)C#N)C)C,tg,4.339570226878255
461,*C(C*)(C(=O)OCCN(c1ccc(cc1)N=Nc1ccc(cc1)S(=O)(=O)Nc1noc(c1)C)C)C,tg,126.58380359949722
462,*CCCCCC(=O)O*,egb,6.307399544895363
463,*Oc1ccc(cc1)C(c1ccc(cc1)OC(=O)*)C1C2CCC(C1C)C2,tg,226.81317700874138
464,*CCCCCNC(=O)CCCCCCCCC(=O)NCCCCCNC(=O)C(=O)N*,egc,5.027081314565722
465,*C(C*)c1ccc(cc1)C(=O)N(C)C,tg,123.44882933209445
466,*Oc1ccc(cc1)CC(NC(=O)CCc1ccc(cc1)OC(=O)COCC(=O)*)C(=O)OC(C)C,tg,69.71049323215674
467,*Cc1ccc(C(=S)c2ccc(*)s2)s1,egb,1.9314403308429087
468,*CC(CC(*)(C#N)C(=O)OC)c1ccccc1,egc,5.8167365650734535
469,*C(C*)(CCCCC)C(=O)OC,tg,60.3943030001111
470,*C(C*)COCC1OC(=O)OC1,tg,72.90324757887548
471,*CC(=O)Cc1ccc(*)cc1,nc,1.7800055305119824
472,*OC(=S)Oc1ccc(*)cc1,nc,1.8389969398178652
473,*OC(=O)c1ccc(cc1)CC(=O)OCC*,tg,24.398970587376144
474,*CC(C)CCCCC(=O)N*,egc,5.774338545976356
475,*C(C(=O)C*)c1ccccc1,tg,90.19261807905211
476,*CCC(C)C(*)C,egc,6.999904120801774
477,*c1cc(-c2sc(-c3cc(CCCC)c(*)s3)cc2CCCC)c2cccccc1-2,egc,1.971289371481977
478,*CCOC(=O)c1ccc(C(=O)NCCCCCCCCCCCCNC(=O)c2ccc(C(=O)O*)cc2)cc1,egc,4.556808648747602
479,*C1C2C(C(=O)N(C2=O)c2cc(ccc2)Br)C(C1)C=C*,tg,201.51148872836205
480,*CNC(=O)OC(c1ccco1)C(OC(=O)NCc1ccc(C(C)(C)c2ccc(*)o2)o1)c1ccco1,egc,5.02736712847757
481,*CC(*)C(=O)OCCCCCCCCCCCCCC,egc,5.806822875674041
482,*Nc1c(cc(cc1)NC(=O)c1ccc(cc1)NC(=O)CCCCCCCCCCC(=O)Nc1ccc(cc1)C(=O)*)C(=O)OCCCCCCCCCCCCCCCCCC,tg,247.477322750454
483,*CNCC(*)=O,nc,1.7828017384000345
484,*c1n(c(nn1)c1ccc(cc1)Oc1ccc(cc1)C(c1ccc(cc1)Oc1ccc(cc1)*)(C)C)c1ccc(cc1)S(=O)(=O)C,tg,199.18640242162456
485,*NC(=O)c1c(cc(cc1)C(=O)NCCCCCC*)Oc1ccccc1,tg,110.79208495539784
486,*CNC(=S)O*,eps,4.272500226671075
487,*NC(S1)=CC=C1C(=S)C(C=C2)=CC=C2*,egc,2.587369655762246
488,*N1C(=O)c2c(C1=O)cc(cc2)C(=O)c1cc2c(C(=O)N(C2=O)CCC(=O)Nc2ccc(cc2)Oc2ccc(cc2)Oc2ccc(cc2)NC(=O)CC*)cc1,tg,218.5768506446604
489,*c1cccc(Oc2cccc(-n3c(=O)c4cc5c(=O)n(*)c(=O)c5cc4c3=O)c2)c1,egc,2.611631863255175
490,*CC(*)C(=O)NCCc1ccccn1,egc,3.935274603411457
491,*CCCOC(=O)CCCCCCC(=O)O*,egb,6.513452344340541
492,*c1ccc(N(*)CCCCCC)cc1,egc,2.599674173552939
493,*Oc1ccc(OC(=O)c2cc(OCCCCCCOCCCCC)c(C(*)=O)cc2OCCCCCCOCCCCC)cc1,egc,2.8618867661843987
494,*c1cc2c(C(=O)N(C2=O)c2cc(ccc2)Oc2c(ccc(c2)Oc2cc(ccc2)N2C(=O)c3c(C2=O)cc(cc3)C(*)(C(F)(F)F)C(F)(F)F)P(=O)(c2ccccc2)c2ccccc2)cc1,tg,210.2467036989201
495,*CC1CCC(CNC(=O)CCCCCC(=O)N*)CC1,egc,5.820615832731489
496,*c1nc2c([nH]1)ccc(c2)c1ccc2c(nc([nH]2)CCCCCNc2nc(nc(n2)NCCCCC*)N(CC)CC)c1,tg,124.29380981202193
497,*CC(CCCC)(CCCC)C(=O)O*,egc,6.579549813228349
498,*OC1CCC(OC(=O)C(*)=O)CC1,egc,5.371785762358541
499,*NC(=S)NO*,eps,5.081333564807285
500,*Oc1ccc(cc1)C(=O)c1ccc(cc1)OCCCCCCOC(=O)OCCOC(=O)OCCCCCC*,tg,9.73949317789187
501,*c1ccc(C(=O)c2ccc(C(=O)c3ccc(Oc4ccc(-c5nn(*)c(=O)c6ccccc56)c(F)c4)cc3)cc2)cc1,egc,2.8974696795852055
502,*c1c(nc2c(c1c1ccccc1)cc(cc2)c1cc2c(nc(c(c2c2ccccc2)c2ccc(cc2)Oc2ccc(cc2)*)c2ccccc2)cc1)c1ccccc1,tg,332.4507784890005
503,*Oc1ccc(cc1)C(=O)OC(=O)c1ccc(cc1)OC*,tg,129.00205345313572
504,*N=P(*)(Oc1ccc(cc1)CC)Oc1ccc(cc1)CC,tg,20.256557675671843
505,*c1ccc(NC(F)(F)C(*)(F)F)s1,eea,2.028902840697957
506,*OC1CCC(C2CCC(OC(=O)CCCCCCCCCCCC(*)=O)CC2)CC1,egc,6.444720615260525
507,*c1nc2c(nc1c1ccccc1)cc(cc2)c1cc2c(nc(c(n2)c2ccccc2)c2ccc(cc2)c2ccc(cc2)*)cc1,tg,360.0378510724536
508,*C(C*)c1ccc(cc1)S(=O)(=O)OCCC,tg,30.93015449500539
509,*c1cc2c(C(=O)N(C2=O)c2c(cc(cc2C(C)C)Cc2cc(c(c(c2)C(C)C)N2C(=O)c3c(C2=O)cc(cc3)C(=O)*)C(C)C)C(C)C)cc1,tg,300.1735433818698
510,*Oc1ccc(SSCCCCCCCCCCSSc2ccc(*)cc2)cc1,egc,3.716478031786641
511,*O[Si](c1ccc(cc1)c1ccc(cc1)[Si](*)(c1ccccc1)c1ccccc1)(c1ccccc1)c1ccccc1,tg,220.74045346322598
512,*Nc1ccc(cc1)C(c1ccc(cc1)C(c1ccc(cc1)Nc1ccc(cc1)C(=O)c1ccc(cc1)C(=O)c1ccc(cc1)*)(C)C)(C)C,tg,187.35682964530832
513,*C(C*)c1ccc(cc1)B(Oc1c2ncccc2c(cc1)B1OC(C(O1)(C)C)(C)C)c1ccc(cc1)C(C)(C)C,tg,198.80376912981174
514,*c1cc2c(C(=O)N(C2=O)c2cc(c(c(c2)C)c2c(cc(cc2C)N2C(=O)c3c(C2=O)cc(cc3)C(*)(C(F)(F)F)C(F)(F)F)C)C)cc1,tg,313.4975142711874
515,*N(c1ccc(cc1)c1c2c(c(cc1)c1c3c(c(cc1)c1ccc(cc1)*)c(ccc3C)C)c(ccc2C)C)c1ccc(cc1)C,tg,268.767823957949
516,*N1C(=O)N(C(=O)C1=O)c1ccc(cc1)Oc1ccc(cc1)N1C(=O)N(C(=O)C1=O)c1c(cccc1)CCc1ccc(cc1)*,tg,229.15646814922593
517,*Nc1ccc(cc1)NC(=O)c1ccc(cc1)NC(=O)c1ccc(cc1)[Si](c1ccc(cc1)C(=O)Nc1ccc(cc1)C(=O)*)(C)C,tg,332.80685348744595
518,*CCCCOC(=O)O*,egc,7.249197698617589
519,*NC(=O)CCCCC(=O)NCCCP(CCC*)CCCCCCCC,tg,48.837180645051625
520,*c1nc2c(c(c1c1ccccc1)c1ccccc1)cc(cc2)Oc1cc2c(nc(cc2c2ccccc2)c2ccc(cc2)Oc2ccc(cc2)*)cc1,tg,306.76749717922854
521,*NC(=O)Nc1ccc(*)s1,eea,1.5852961186402685
522,*CNOc1ccc(*)s1,eps,3.8566888651185645
523,*Nc1c(cc(cc1)NC(=O)c1ccc(cc1)NC(=O)CCCCCCCCCCCCC(=O)Nc1ccc(cc1)C(=O)*)C(=O)OCCCCCCCCCCCCCCCCCC,tg,266.27522597188954
524,*Oc1ccc(NC(=O)NC2CC(C)(C)CC(C)(CNC(=O)Nc3ccc(*)cc3)C2)cc1,egc,4.335887009671756
525,*c1cc2c(C(=O)N(C2=O)c2cc(cc(c2)OCCCCCCCCCCCCCCCC)N2C(=O)c3c(C2=O)cc(cc3)C(*)(C(F)(F)F)C(F)(F)F)cc1,tg,159.9245664084715
526,*CC#CCOC(=O)NCCCCCCNC(=O)O*,egc,6.030472580219884
527,*Nc1ccc(Nc2ccc(*)s2)cc1,ei,4.770058483745405
528,*C(=O)OC(=S)O*,egc,4.335370318997837
529,*Cc1ccc(C(=O)c2ccc(*)cc2)cc1,ei,6.036310971761077
530,*c1cc2c(C(=O)N(C2=O)c2ccc(cc2)Oc2ccc(cc2)C2(C3C4C(CCC4)C(C2)C3)c2ccc(cc2)Oc2ccc(cc2)N2C(=O)c3c(C2=O)cc(cc3)C(=O)Nc2ccc(cc2)Oc2cc(c(cc2)c2c(cc(cc2)Oc2ccc(cc2)NC(=O)*)C)C)cc1,tg,262.7852396525169
531,*C(C*)C(=O)N1CC[NH+](CC1)CC,tg,107.79171238137599
532,*Oc1ccc(C(C)=NCCN=C(C)c2ccc(*)cc2)cc1,egc,3.988338498609824
533,*c1cc(ccc1)c1cc(ccc1)C(C(C(*)(F)F)(F)F)(F)F,tg,63.636737927234236
534,*c1ccc(-c2ccc(C(F)(F)C(*)(F)F)s2)s1,eps,4.519587573945643
535,*C(=S)C(F)(F)c1ccc(C(*)(F)F)cc1,ei,6.845051330239408
536,*CCCCNC(=O)CCCCCCCC(=O)N*,egc,6.025437354571261
537,*C(=O)c1ccc(-c2ccc(-c3ccc(*)s3)s2)s1,egb,1.00556221974813
538,*CCCCCCCCCCOC(=O)Nc1ccc(C)c(NC(=O)O*)c1,egc,4.7457165974397775
539,*c1cc2c(C(=O)N(C2=O)c2cc(ccc2)C(=O)c2cc(ccc2)N2C(=O)c3c(C2=O)cc(cc3)C(=O)*)cc1,tg,277.4696447000534
540,*c1cc2c(C(=O)N(C2=O)c2ccc(cc2)NC(=O)Nc2ccc(cc2)N2C(=O)c3c(C2=O)cc(cc3)C(=O)Nc2ccc(cc2)c2nc(cc(c2)c2ccccc2)c2ccc(cc2)NC(=O)*)cc1,tg,256.94764798749384
541,*c1oc(nn1)c1c2c(c(cc1)Oc1ccc(cc1)C(c1ccc(cc1)Oc1c3c(c(cc1)*)cccc3)(C(F)(F)F)C(F)(F)F)cccc2,tg,207.47263707732293
542,*C(C*)(C(=O)OCC(CO)O)C,tg,69.4510951146412
543,*C(C(C(C*)OCC)(C(=O)OC)C)(C(=O)OC)C,tg,124.06194565834555
544,*CC(=O)Nc1ccc(*)s1,ei,5.55419034106095
545,*Oc1ccc(C(C)(C)c2ccc(Oc3ccc(C(=O)c4ccc(*)cc4)cc3)cc2)cc1,egc,3.9588841740245373
546,*CC(*)c1ccc(C=O)cc1,egc,4.1506864270537704
547,*C(=O)c1ccc(C(=O)c2ccc(*)s2)cc1,nc,1.9484851785918778
548,*c1cc2c(oc(n2)c2cc(ccc2)c2oc3c(n2)cc(cc3)C(*)(C(F)(F)F)C(F)(F)F)cc1,tg,289.2388787971512
549,*NC(C)C(=O)NCC(*)=O,egc,5.747907565243381
550,*c1oc(nn1)c1ccc(cc1)Oc1cc(ccc1)NC(=O)c1cc(cc(c1)NC(=O)c1ccc(cc1)OC(=O)C)C(=O)Nc1cc(ccc1)Oc1ccc(cc1)*,tg,252.5208509643265
551,*CC1CCCC(CNC(=O)CCCCCCCCCCC(=O)N*)C1,egc,5.951885749132888
552,*Oc1ccc(cc1)Sc1ccc(cc1)OC1(C(C(C1(F)F)(F)F)(*)F)F,tg,129.728951665046
553,*Oc1ccc(OC(=O)c2ccc(C(*)=O)cc2)cc1C(F)(F)F,egc,4.246082941747976
554,*C(C*)OC(=O)c1c(cccc1)OC(=O)C,tg,51.38216421860939
555,*OP(=O)(Oc1ccc(cc1)c1ccc(cc1)*)OC1CCCCC1,tg,124.27996326133014
556,*N1C(=O)c2c(C1=O)cc(cc2)Oc1cc2c(cc1)cc(cc2)Oc1cc2c(C(=O)N(C2=O)c2ccc(cc2)Oc2ccc(cc2)*)cc1,tg,255.5834321740337
557,*Oc1ccc(cc1)S(=O)(=O)c1ccc(cc1)Oc1ccc(cc1)C(=O)c1cc(cc(c1)C(C)(C)C)C(=O)c1ccc(cc1)*,tg,195.49349197417098
558,*CC(CS(=O)(=O)C(C)C)O*,egc,5.393905781178414
559,*CC(=O)OC(*)=O,egb,6.057972778767832
560,*S(=O)(=O)c1ccc(cc1)Cc1ccc(cc1)*,tg,142.58179332446252
561,*c1c(cc(cc1)C=C*)OCc1cc(cc(c1)OCc1cc(cc(c1)OCC(CCCC)CC)OCC(CCCC)CC)OCc1cc(cc(c1)OCCC(CCCC(C)C)C)OCCC(CCCC(C)C)C,tg,249.4743444984231
562,*Oc1c2c(ccc1)cc(cc2)OCCNC(=O)c1ccc(cc1)C(=O)NCC*,tg,157.70406045249928
563,*c1ccc(Oc2ccc(-c3nc4ccc(Oc5ccc6nc(*)c(-c7ccccc7)c(-c7ccccc7)c6c5)cc4c(-c4ccccc4)c3-c3ccccc3)cc2)cc1,egc,3.350445928869723
564,*SSSSCc1ccc(cc1)C*,tg,19.969147092113435
565,*N1C(=O)c2c(C1=O)cc(cc2)C(=O)c1cc2c(C(=O)N(C2=O)CCCCCC(=O)Nc2ccc(cc2)Oc2ccc(cc2)Oc2ccc(cc2)NC(=O)CCCCC*)cc1,tg,166.1296125781356
566,*c1cccc(-c2ccc(-c3ccc(*)s3)s2)c1,egc,2.378993026291727
567,*OC(=O)NCc1ccc(cc1)CNC(=O)OCCCCCC*,tg,52.05073245593972
568,*N1C(=O)c2c(C1=O)cc(cc2)C(=O)Oc1ccc(cc1)c1ccc(cc1)OC(=O)CCCCC*,tg,109.8389667585573
569,*N1C(=O)C2C3C4C(C(C2C1=O)C=C3)C(=O)N(C4=O)c1ccc(cc1)Oc1ccc(cc1)*,tg,346.30820570122637
570,*CC(=O)C(C)C(*)c1ccc(O)c2ncccc12,egc,2.8007382967621033
571,*N1C(=O)c2c(C1=O)cc(cc2)C(=O)c1cc2c(C(=O)N(C2=O)CCC(=O)Nc2cc(ccc2)Oc2ccc(cc2)NC(=O)CC*)cc1,tg,217.38510194744075
572,*C(=O)c1ccc(-c2ccc(-c3ccc(*)s3)s2)s1,eea,3.3404360179332566
573,*C(C*)(C(=O)OC(C)(C)C)C,tg,66.5422271297776
574,*C(C*)(C(=O)OCC1(COC(OC1)(C)C)C)C,tg,133.1076366786241
575,*C(F)(F)C1(F)C(F)(F)C(*)(F)C(F)(F)C1(F)F,egc,7.763424206606213
576,*CNOC(*)=S,nc,1.8056637277938414
577,*c1cnc(*)s1,egc,2.803586016467971
578,*Oc1c(cc(cc1)Oc1ccc(cc1)C(=O)c1ccc(cc1)C(=O)c1ccc(cc1)*)c1cc(c(cc1)Cl)C(F)(F)F,tg,178.26664024859016
579,*C(C(CCCCCCCCCCC*)c1ccc(cc1)O)c1c(cc(cc1)O)C,tg,-15.830199501204593
580,*Nc1ccc(cc1)c1c(cc(cc1c1ccccc1)c1ccc(cc1)c1cc(c(c(c1)c1ccccc1)c1ccc(cc1)NC(=O)c1ccc(cc1)C(=O)*)c1ccccc1)c1ccccc1,tg,302.05259530392925
581,*C(C*)c1c(ccc(c1)C(=O)OCCCCCCCC)c1ccc(cc1)OCCCCCCCC,tg,54.41074304020489
582,*C1COC2C1OCC2OC(=O)CNC(=O)CNC(=O)CCCCCCCCC(=O)NCC(=O)NCC(=O)O*,tg,61.297921185927684
583,*OC1CCC(C=C)CC1*,egc,5.411401974085935
584,*c1cc(N2C(=O)c3ccc(P(=O)(c4ccccc4)c4ccc5c(c4)C(=O)N(*)C5=O)cc3C2=O)cc(C(F)(F)F)c1,egc,3.4788806351161243
585,*Oc1cc(ccc1)NC(=O)CCCCC(=O)Nc1ccc(cc1)*,tg,113.60756881986251
586,*CC(CO*)(CS(=O)(=O)C(C)C)CS(=O)(=O)C(C)C,egc,4.933589835005682
587,*Oc1cc2c(cc1)ccc(c2)Oc1ccc(cc1)C(=O)Nc1cc(ccc1)NC(=O)c1ccc(cc1)*,tg,227.59434933331352
588,*c1ccc(Oc2ccc(-c3cnc4cc5nc(*)cnc5cc4n3)cc2)cc1,egc,2.9750593577202937
589,*Nc1cc(cc(c1)C(=O)OCCOC(=O)C=Cc1ccc(cc1)N(C)C)NC(=O)c1cc(ccc1)C(=O)*,tg,200.79877341198215
590,*Nc1ccc(cc1)C1(c2ccccc2c2ccccc12)c1ccc(cc1)NC(=O)c1c(cc(cc1)c1cc(c(cc1)C(=O)*)C)C,tg,303.13442255841585
591,*c1cc2C3(CCC(CC3)(C3=NC(CO3)c3ccccc3)C3=NC(CO3)c3ccccc3)c3c(c2cc1)ccc(c3)c1cc2C(c3c(c2cc1)ccc(c3)*)(CCCCCC)CCCCCC,tg,166.4435109375613
592,*NC(=O)C(=S)O*,ei,6.980979401680741
593,*N1C(=O)c2c(C1=O)c(ccc2)c1cc2c(C(=O)N(C2=O)c2ccc(cc2)Sc2ccc(cc2)Sc2ccc(cc2)Sc2ccc(cc2)*)cc1,tg,264.90617779778984
594,*c1cc2c(C(=O)N(C2=O)c2ccc(cc2)NC(=S)N=Cc2cc(c(cc2)Cl)N2C(=O)c3c(C2=O)cc(cc3)C(=O)*)cc1,tg,224.82126543142093
595,*OC(=O)NCCCCCCNC(=O)OCCCCCCCCC*,tg,46.550596449839745
596,*Nc1ccc(-c2ccc(C(*)=S)s2)cc1,ei,5.486765679993415
597,*N1C(=O)c2c(C1=O)cc(cc2)c1cc2c(C(=O)N(C2=O)c2ccc(cc2)OC(=O)CCCCCCCCCCCCCCCCCCCCC(=O)Oc2ccc(cc2)*)cc1,tg,151.5695559451198
598,*C(=S)C(F)(F)c1ccc(C(*)(F)F)cc1,egb,2.4778572303848794
599,*C1C(=O)N(C(=O)C1*)CCCCCCCOc1ccc(cc1)c1ccc(cc1)C#N,tg,62.51377174617111
600,*C(C(*)C(=O)OC12CC3(CC(CC(C1)C3)(C2)C)C)C,tg,188.00797318463535
601,*Oc1ccc(cc1)C(c1ccc(cc1)OC(=O)*)C1CCCCC1,tg,187.60130762455714
602,*OC(=O)NCCCCCCNC(=O)OCCCCCCCC*,tg,50.01381220174707
603,*Nc1ccc(OC(*)=S)s1,nc,2.035635915594829
604,*Nc1cc(ccc1)NC(=O)c1cc(ccc1)C(=O)*,tg,243.70085997838274
605,*C(=O)c1ccc2c(c1)C(=O)N(c1cccc(C(=O)c3cccc(N4C(=O)c5ccc(*)cc5C4=O)c3)c1)C2=O,egc,2.517349279562214
606,*C=Cc1ccc(*)o1,egc,3.033465256416782
607,*CC(*)OC(=O)C(F)(F)C(F)(F)C(F)(F)F,egc,6.443998815031981
608,*Oc1ccc(cc1)CC(NC(=O)CCc1ccc(cc1)OC(=O)CCCCC(=O)*)C(=O)OCCCC,tg,51.22224185488081
609,*Nc1ccc(cc1)C(c1ccc(cc1)NC(=O)c1cc(cc(c1)N1C(=O)C2C(C1=O)CC=CC2)C(=O)*)(C)C,tg,264.6131009401983
610,*C(C*)c1ccc(cc1)C(=O)OCCCCCC,tg,39.60226652769323
611,*Oc1c(cc(c(c1)OC(=O)c1ccc(cc1)OCC)OC(=O)CCCC(=O)*)OC(=O)c1ccc(cc1)OCC,tg,59.22833589576838
612,*[Si](C/C=C\C*)(c1ccccc1)C,tg,27.581232068847047
613,*C(C*)(C(=O)OCCOCCOCC[N+](CCCCS(=O)(=O)O)(CC)CC)C,tg,107.18904840076014
614,*C(C*)(C(=O)OCC(C)C)C,tg,41.47041477609548
615,*CC(=O)c1ccc(O*)s1,nc,1.9669623613460407
616,*Oc1ccc(cc1)P(=O)(c1ccc(cc1)Oc1ccc(cc1)C(c1ccc(cc1)*)(C)C)C,tg,232.29668073062672
617,*OC(=O)CCSCCC(=O)OCCOCCOCC*,tg,-42.86462523908012
618,*N1C(=O)c2c(C1=O)cc(cc2)C(=O)Nc1ccc(cc1)Oc1ccc(cc1)Oc1ccc(cc1)NC(=O)C*,tg,216.52030994524003
619,*NC(CCCNC(=O)c1ccc(Cl)cc1)C(*)=O,egc,4.397494717451882
620,*CCCC1(C)CCN(C(=O)CCC(=O)N2CCC(*)(C)CC2)CC1,egc,5.274136563269398
621,*Oc1ccc(cc1)S(=O)(=O)c1ccc(cc1)Oc1ccc(cc1)N=Cc1ccc(cc1)*,tg,163.20439816955476
622,*Oc1ccc(cc1)C(c1ccc(cc1)OCCOC(=O)Nc1ccc(cc1)Cc1ccc(cc1)NC(=O)OCC*)(C)C,tg,108.67204297479586
623,*Oc1ccc(cc1)C(=C(Cl)Cl)c1ccc(cc1)OC(=O)*,tg,175.75273971657725
624,*N1C(=O)c2c(C1=O)cc(cc2)Oc1cc2c(C(=O)N(C2=O)c2ccc(cc2)Sc2sc(cc2)Sc2sc(cc2)Sc2sc(cc2)Sc2ccc(cc2)*)cc1,tg,206.68660383271285
625,*Nc1ccc(C(=S)c2ccc(*)s2)s1,nc,2.4461586617968734
626,*Cc1ccc(C(=O)N*)cc1,eea,1.8147436209305159
627,*Oc1ccc(cc1)OC(=O)c1c(cc(cc1)C(=O)Oc1ccc(cc1)OCC*)OCCCCC,tg,72.40750272209351
628,*CC(C=C1)=CC=C1CC(S2)=CC=C2*,egc,4.808526662011253
629,*N1C(=O)c2c(C1=O)cc(cc2)Oc1cc2c(C(=O)N(C2=O)c2cc(ccc2)Oc2c(c(ccc2)Oc2cc(ccc2)*)C#N)cc1,tg,204.69949160212406
630,*Nc1ccc(NC(=O)CCCCCC(*)=O)cc1,egc,4.32607612026342
631,*NC(=O)c1ccc(O*)cc1,eea,2.2862848238881024
632,*Oc1c(cc(cc1Br)C(c1cc(c(c(c1)Br)OC(=O)*)Br)(C(F)(F)F)C(F)(F)F)Br,tg,167.40797797309332
633,*OP(=O)(Oc1c(cc(cc1Br)C(c1cc(c(c(c1)Br)*)Br)(C(F)(F)F)C(F)(F)F)Br)Oc1ccccc1,tg,134.07070041557625
634,*N1C(=O)c2c(C1=O)cc(cc2)Oc1cc2c(C(=O)N(C2=O)c2ccc(cc2)Oc2ccc(cc2)C(=O)c2nc(ccc2)C(=O)c2ccc(cc2)Oc2ccc(cc2)*)cc1,tg,251.8759450434391
635,*c1ccc(C(=O)c2ccc(-n3c(=O)c4cc5c(=O)n(*)c(=O)c5cc4c3=O)cc2)cc1,egc,2.664965175745198
636,*c1nc(nc(n1)N(CCCCN(*)c1ccccc1)c1ccccc1)c1ccccc1,tg,100.50734074798572
637,*Oc1ccc(cc1)C(c1ccc(cc1)OCC(C*)OC(=O)C)(c1ccccc1)C,tg,99.14906763059442
638,*C(=S)c1ccc(C(F)(F)C(*)(F)F)s1,ei,6.774259968661921
639,*OC(CC(=O)*)CCOc1ccccc1,tg,-2.199453689495736
640,*C(C*)c1c(cccc1)C(=O)Oc1ccccc1,tg,127.53665984027133
641,*CC(F)(F)C(F)(F)C(F)(F)C(F)(F)COC(=O)CC(CC(=O)O*)C(F)(F)C(F)(F)C(F)(F)F,egc,6.622435085627553
642,*Oc1c(F)c(F)c(On2c(=O)c3cc4c(=O)n(*)c(=O)c4cc3c2=O)c(F)c1F,egc,2.9757803307883592
643,*c1c(nc2c(n1)cc(cc2)Oc1ccc(cc1)NC(=O)c1cc(cc(c1)N1C(=O)c2c(C1=O)cccc2)C(=O)Nc1ccc(cc1)Oc1cc2c(nc(c(n2)c2ccc(cc2)Oc2ccc(cc2)*)c2ccccc2)cc1)c1ccccc1,tg,306.2059987460231
644,*NCc1cc(C(=O)O)cc(CNc2nc(-c3csc(*)n3)cs2)c1N,egc,3.7046085788505003
645,*C1C(CC(C1)C=C*)C(=O)Oc1ccccc1,tg,71.24371087345195
646,*OC(=O)c1ccc(cc1)C(=O)OCC1CCC(CC1)C*,tg,68.5497673166047
647,*Oc1ccc(cc1)S(=O)(=O)c1ccc(cc1)Oc1c(cc(cc1C(C)C)C(c1cc(c(c(c1)C(C)C)*)C(C)C)(C)C)C(C)C,tg,198.83116045299434
648,*c1nc(nc(n1)Oc1ccc(cc1)C(=O)Nc1ccc(cc1)S(=O)(=O)c1ccc(cc1)NC(=O)c1ccc(cc1)O*)Sc1ccccc1,tg,236.33882321926768
649,*c1nc2c(c(c1)c1ccccc1)cc(cc2)c1cc2c(nc(cc2c2ccccc2)c2ccc(cc2)C2(c3ccccc3c3ccccc23)c2ccc(cc2)*)cc1,tg,398.7228918742887
650,*c1nc2c([nH]1)ccc(c2)N1C(=O)c2c(C1=O)cc(cc2)C(=O)c1cc2c(C(=O)N(C2=O)c2ccc(cc2)*)cc1,tg,344.90868606731743
651,*P1(=NP(=NP(=N1)(Oc1ccc(cc1)C(=O)OC)Oc1ccc(cc1)C(=O)OC)(Oc1ccc(cc1)C(c1ccc(cc1)O*)(C)C)Oc1ccc(cc1)C(=O)OC)Oc1ccc(cc1)C(=O)OC,tg,35.6699334100331
652,*OC(=O)c1c(cccc1)C(=O)OCCCS(=O)(=O)CCCS(=O)(=O)CCC*,tg,31.81150901640975
653,*c1ccc(-c2cnc3ccc(Oc4ccc5ncc(*)nc5c4)cc3n2)cc1,egc,3.181912406159926
654,*Nc1ccc(cc1)Cc1ccc(cc1)NC(=O)c1cc(cc(c1)NC(=O)CCCCCCCCCCN1C(=O)c2c(C1=O)cccc2)C(=O)*,tg,148.48338965690772
655,*C(C*)P(=O)(OCC)N(C)C,tg,52.902542815701764
656,*Oc1ccc(cc1)NC(=O)c1ccc(cc1)[Si](c1ccc(cc1)C(=O)*)(c1ccccc1)c1ccccc1,tg,209.82002408033446
657,*C1C(=O)N(C(=O)C1*)C(CC)C,tg,151.1551095184283
658,*N1C(=O)c2c(C1=O)cc(cc2)c1cc2c(C(=O)N(C2=O)c2ccc(cc2)Oc2ccc(cc2)*)cc1,tg,295.47154880592683
659,*CCc1ccc(-c2ccc(*)cc2)cc1,nc,1.851711432050218
660,*Oc1ccc(cc1)Sc1ccc(cc1)OC(=O)OC1C(C(C1(C)C)OC(=O)*)(C)C,tg,151.9775031282834
661,*NC(=O)c1ccc(C(*)=S)s1,eea,3.991321826110945
662,*C1C(CC(C1)C=C*)([Si]([Si](C)(C)C)(C)C)C#N,tg,194.89181817768429
663,*CCC(=O)c1ccc(*)cc1,eps,3.800499822231099
664,*C(C*)C(=O)OCCSCCC#N,tg,-47.38767897309426
665,*Oc1ccc(cc1)S(=O)(=O)c1ccc(cc1)OCC(CN(S(=O)(=O)c1cc(ccc1)S(=O)(=O)N(CC(C*)O)C)C)O,tg,96.02258172461757
666,*Oc1ccc(cc1)C(c1ccc(cc1)OC(=S)*)c1ccccc1,tg,120.8427977722094
667,*Oc1ccc(cc1)NC(=C(C#N)C#N)c1cc2c(cc1)cc(cc2)C(=C(C#N)C#N)Nc1ccc(cc1)*,tg,243.31276684557068
668,*c1nc2cc3c(cc2nc1)ncc(n3)c1ccc(cc1)Oc1ccc(cc1)*,tg,286.4128268008606
669,*C(C*)(C(=O)OCC1N(CC(C1)NC(=O)C1N(CC(C1)NC(=O)OC(C)(C)C)C(=O)OC(C)(C)C)C(=O)C1N(CC(C1)NC(=O)OC(C)(C)C)C(=O)OC(C)(C)C)C,tg,165.31777921187484
670,*Oc1c(cc(cc1)Oc1ccc(cc1)C(=O)c1c2c(ccc1)cccc2C(=O)c1ccc(cc1)*)C(C)(C)C,tg,218.58011201291734
671,*N(CC*)C(=O)c1c(cc(c(c1)F)F)F,tg,112.92984069105569
672,*C(C*)(C(=O)OCCCCn1c2ccccc2c2ccccc12)C,tg,108.00296504590547
673,*COc1ccc(O*)s1,egb,4.312451443808896
674,*CC(*)C(=O)NC(C)CC,egc,5.506440467433436
675,*CC(CC)(CC)CO*,egc,5.9172965588350825
676,*CC(=O)Nc1ccc(*)cc1,ei,5.851656097503334
677,*OC(=O)NCCCCCCNC(=O)OC/C=C/C*,tg,16.396275209866754
678,*C(C*)(C(=O)OC1C2C3C(C(C1)C2)C1CCC3C1)C,tg,191.97750211422576
679,*C(F)(F)C(F)(F)C(C=C1)=CC=C1O*,egc,5.208999826257534
680,*c1ccc(-c2ccc(-c3nc(-c4ccc(-c5csc(*)n5)cc4)cs3)cc2)cc1,egc,2.8607910877861142
681,*Cc1ccc(C(=O)c2ccc(*)s2)cc1,nc,1.8530582906799846
682,*[SiH2]C#Cc1cc(ccc1)C#C*,tg,49.02112249843524
683,*OC(C)COC(=O)CCCCS(=O)(=O)CCCCC(*)=O,egb,6.263512423687259
684,*C1OC(C(C(C1N)O)O*)CO,tg,189.44027975046166
685,*Nc1c(cc(cc1)NC(=O)c1ccc(cc1)NC(=O)CCCCCCC(=O)Nc1ccc(cc1)C(=O)*)C(=O)OCCCCCCCCCCCCCCCCCC,tg,275.0163538620359
686,*NC(CCCCN)C(*)=O,egc,5.609392812818682
687,*c1nc2c(c(c1)c1ccccc1)cc(cc2)c1cc2c(nc(cc2c2ccccc2)c2ccc(cc2)*)cc1,tg,374.95374391127206
688,*OP(=O)(Oc1ccc(cc1)C(c1ccc(cc1)*)(C)C)Oc1ccccc1,tg,72.10110651224261
689,*N(CC*)C(=O)c1cc(cc(c1)F)F,tg,101.56342178528845
690,*Nc1ccc(cc1)C1(c2ccccc2c2ccccc12)c1ccc(cc1)NC(=O)c1cc(cc(c1)NC(=O)C12CC3CC(CC(C1)C3)C2)C(=O)*,tg,346.6550740958365
691,*C(=S)c1ccc(C(=S)c2ccc(*)cc2)s1,eea,3.3905545015438645
692,*c1cc2c(C(=O)N(C2=O)c2ccc(cc2)C(=O)OCCCCCCCCCCOC(=O)*)cc1,tg,71.4308415964364
693,*CCCCCCOC(=O)NCCSCCCCCSCCNC(=O)O*,egb,5.129510729720305
694,*C(=O)c1ccc(-c2ccc(-c3ccc(*)s3)cc2)s1,eps,8.124840091839788
695,*C(C*)(C(=O)OCC[N+](CCCCCCC)(C)C)C,tg,85.43184527200631
696,*c1ccc2c(nc([nH]2)c2ccc(cc2)C(=O)Nc2cc(ccc2)NC(=O)*)c1,tg,292.636685867298
697,*CNCNC(=O)NC(=O)N*,eea,0.6296656220590764
698,*c1cc2c(C(=O)N(C2=O)c2cc(c(cc2)c2c(cc(cc2)N2C(=O)c3c(C2=O)cc(cc3)C(=O)Oc2ccc(cc2)C2(CCCCCCCCCCC2)c2ccc(cc2)OC(=O)*)C)C)cc1,tg,219.5435002241416
699,*c1sc(-c2sc(-c3sc(*)c4nccnc34)c3c2OCCO3)c2c1OCCO2,egc,1.4863827595535961
700,*Nc1ccc(cc1)C(c1ccc(cc1)NC(=O)c1c(cc(cc1)c1cc(c(cc1)C(=O)*)C)C)(C(F)(F)F)C(F)(F)F,tg,285.8211092111621
701,*Nc1ccc(*)cc1OC,egc,3.653920277381863
702,*C(F)(F)C(=S)C(F)(F)O*,egc,3.370580446782357
703,*C(C*)(C(=O)OCCCCCCCCOc1ccc(cc1)N=Nc1ccc(cc1)C#N)C,tg,34.27012008963543
704,*NC(=O)CCCCCCCCC(=O)NCCc1ccc(cc1)CC*,tg,89.13192142589331
705,*C1(OC(C(O1)(F)C(F)(F)F)(F)C(F)(F)F)C(*)(F)F,tg,179.36607203859322
706,*C1C(=O)N(C(=O)C1)c1ccc(cc1)Cc1ccc(cc1)N1C(=O)C(CC1=O)CC=CN(C=CC*)c1ccc(cc1)N=Nc1ccc(cc1)[N+](=O)[O-],tg,211.3265380260948
707,*NNC(=O)c1cc(cc(c1)NC(=O)c1cc2c(C(=O)N(C2=O)c2ncc(cc2)C)cc1)C(=O)NNC(=O)CC(=O)*,tg,166.29879946803555
708,*OC(=O)CNC(=O)C*,tg,91.4222611613737
709,*Oc1c(cc(cc1)OC(=O)c1ccc(cc1)OCCCCCCCCCCCCOc1ccc(cc1)C(=O)*)S(=O)(=O)c1ccccc1,tg,94.8288658993841
710,*Nc1ccc(cc1)Cc1ccc(cc1)NC(=O)/C=C/c1ccc(cc1)/C=C/C(=O)*,tg,199.55838736767635
711,*c1nc(nc(n1)c1ccc(cc1)Oc1ccc(cc1)C(c1ccc(cc1)Oc1ccc(cc1)*)(c1ccccc1)c1ccccc1)c1ccccc1,tg,283.12818076524957
712,*C(=O)c1ccc(OC(*)=S)s1,ei,6.673046801926316
713,*C(C*)(C(=O)OC1COC(OC1)CP(=O)(OCC)OCC)C,tg,34.366938865117426
714,*CC(*)OC(=O)C(F)(F)C(F)(F)C(F)(F)C(F)(F)F,egc,6.4753242022476005
715,*Oc1ccc(cc1)S(=O)(=O)c1cc2c(cc1)cc(cc2)S(=O)(=O)c1ccc(cc1)Oc1ccc(cc1)c1ccc(cc1)*,tg,249.54810895920673
716,*C(=O)c1ccc(Oc2ccc(C3(c4ccc(Oc5ccc(*)s5)cc4)c4ccccc4-c4ccccc43)cc2)cc1,egc,3.3982559856718746
717,*c1c(cc(c(c1)OC)C=C*)OCCCC,tg,75.95971527668935
718,*c1c(c2c(C(=O)N(C2=O)c2ccc(cc2)N2C(=O)c3c(C2=O)c(c(c(c3c2ccccc2)c2ccccc2)c2ccc(cc2)Oc2ccc(cc2)*)c2ccccc2)c(c1c1ccccc1)c1ccccc1)c1ccccc1,tg,420.5255839048884
719,*Oc1ccc(cc1)NC(=O)c1cc(cc(c1)NC(=O)CCCCCN1C(=O)c2c(C1=O)cccc2)C(=O)Nc1ccc(cc1)*,tg,213.27262498903661
720,*CCC(=O)OC(=O)CCc1ccc(*)s1,egc,4.940757104482578
721,*Oc1ccc(cc1)C(c1ccc(cc1)OC(=S)*)(c1ccccc1)C,tg,148.44630505728253
722,*C(=O)c1ccc(OC(*)=S)s1,egb,2.2481843439367766
723,*CCCCCCCCCCCC(=O)O*,egb,6.426964553239407
724,*c1cc2c(s1)-c1sc(*)cc1C2(CCCCCCCC)CCCCCCCC,egc,1.632361065161322
725,*NC(=O)NC(*)=S,egb,2.3908015363697532
726,*Oc1ccc(cc1)OC(=O)c1c(cc(cc1)C(=O)*)Oc1ccccc1,tg,107.36709090860226
727,*c1cc2c(C(=O)N(C2=O)c2ccc(cc2)Oc2ccc(cc2)C(=O)c2cc3c(cc2)cc(cc3)C(=O)c2ccc(cc2)Oc2ccc(cc2)N2C(=O)c3c(C2=O)cc(cc3)C(=O)*)cc1,tg,244.60844799434895
728,*c1oc(cc1)C(c1oc(cc1)CNC(=O)OCc1oc(cc1)COC(=O)NC*)(C)C,tg,54.559082980321165
729,*C(C*)C(=O)OCc1ccc(cc1)C#N,tg,33.74556822405182
730,*N=P(*)(N1CCCCC1)N1CCCCC1,tg,66.87786598080466
731,*c1cc2c(C(=O)N(C2=O)c2c(ccc(c2)C(=O)Nc2ccc(cc2)C(c2ccc(cc2)NC(=O)c2cc(c(cc2)C)N2C(=O)c3c(C2=O)cc(cc3)C(*)(C(F)(F)F)C(F)(F)F)(C(F)(F)F)C(F)(F)F)C)cc1,tg,255.83499269484366
732,*Oc1ccc(C2(c3ccc(OC(*)=O)c(Cl)c3)CCCCC2)cc1Cl,egc,4.768353722201413
733,*CC(*)OC(=O)CC,egc,6.298521771329517
734,*C(C*)(C(=O)OCC(C(C(C(C(C(F)F)(F)F)(F)F)(F)F)(F)F)(F)F)C,tg,-4.686767741724147
735,*N1C(=O)c2c(C1=O)c(ccc2)Oc1c2c(C(=O)N(C2=O)c2ccc(cc2)Oc2ccc(cc2)Oc2ccc(cc2)*)ccc1,tg,257.17955149293476
736,*c1sc(cc1SCCCCCCCC)c1sc(c(c1)SCCCCCCCC)c1ccc(cc1)*,tg,103.94500986938195
737,*C(C*)(C(=O)OCCC(C)(C)C)C,tg,89.04552573721772
738,*Oc1ccc(cc1)C(c1ccc(cc1)OC(=S)*)C(C)C,tg,139.05630054275883
739,*Nc1ccc(cc1)C1(c2ccccc2c2ccccc12)c1ccc(cc1)NC(=O)c1cc(cc(c1)C(C)(C)C)C(=O)*,tg,331.3343226514752
740,*Oc1ccc(cc1)Oc1ccc(cc1)Oc1ccc(cc1)Oc1ccc(cc1)OC(=O)c1cc(ccc1)C(=O)*,tg,141.10614249183297
741,*C(C(*)(F)F)(OC(C(F)F)F)F,tg,42.246874125922666
742,*N1C(=O)c2c(C1=O)cc(cc2)[Si](c1cc2c(C(=O)N(C2=O)c2ccc(cc2)Oc2ccc(cc2)*)cc1)(C)C,tg,248.18101367340898
743,*C(CC(C*)c1ccc(cc1)Cl)(C#N)C#N,tg,117.84189243779606
744,*C(=O)c1ccc(-c2ccc(-c3ccc(*)s3)cc2)s1,egb,1.4565167312902008
745,*c1cc2c(C(=O)N(C2=O)c2ccc(cc2)Oc2ccc(cc2)N2C(=O)c3c(C2=O)cc(cc3)C(=O)Nc2ccc(cc2)S(=O)(=O)c2ccc(cc2)NC(=O)*)cc1,tg,299.7748405970572
746,*c1cc2c(C(=O)N(C2=O)c2cc(cc(c2)OCCCCCCCCCCCC)N2C(=O)c3c(C2=O)cc(cc3)C(=O)*)cc1,tg,188.02819717517306
747,*Oc1cc(Br)cc(Br)c1*,egc,4.030866214773743
748,*C(C*)C(=O)Oc1ccc(cc1)Cl,tg,69.35514932198741
749,*C(C*)c1c(ccc(c1)C(=O)Oc1ccc(cc1)OCCCCCCCCCCCCCCCCCC)C(=O)Oc1ccc(cc1)OCCCCCCCCCCCCCCCCCC,tg,99.89403906691872
750,*N1C(=O)c2c(C1=O)cc(cc2)C(c1cc2c(C(=O)N(C2=O)CCN(CC*)c2ccc(cc2)N=Nc2ccc(cc2)C#N)cc1)(C(F)(F)F)C(F)(F)F,tg,191.88681007726376
751,*C(C*)(C(=O)OCCBr)C,tg,57.11588666632197
752,*N1C(=O)c2c(C1=O)cc(cc2)Oc1ccc(cc1)C(=O)Nc1ccc(cc1)Oc1ccc(cc1)*,tg,251.97920999153087
753,*Oc1ccc(-c2ccc(-c3ccc(*)cc3)cc2)s1,eea,1.9631788983183878
754,*Oc1ccc(cc1)S(=O)(=O)c1ccc(cc1)Oc1ccc(cc1)NC(=O)c1cc(cc(c1)C(C)(C)C)C(=O)Nc1ccc(cc1)*,tg,266.0291359464623
755,*CC(CC)(CC)C(=O)O*,egc,6.690419062865583
756,*CCCCNC(=O)CCCCCCCCCCC(=O)N*,egc,6.0099085067315565
757,*Oc1ccc(cc1)C1(C2CCC(C1)C2)c1ccc(cc1)OC(=O)OC1C(C(C1(C)C)OC(=O)*)(C)C,tg,182.87427899023717
758,*c1ccc(*)s1,eea,2.282891860517067
759,*C(C*)(C(=O)OCCC(C(C(C(C(C(C(C(C(C(F)(F)F)(F)F)(F)F)(F)F)(F)F)(F)F)(F)F)(F)F)(F)F)(F)F)F,tg,70.27639177813519
760,*C(C(C(C*)OC(=O)C)C(=O)OCCCC)C(=O)OCCCC,tg,33.8252566008644
761,*Oc1cc(ccc1)NC(=O)c1cc(cc(c1)C(C(C(C(F)(F)F)(F)F)(F)F)(F)F)C(=O)Nc1ccc(cc1)*,tg,244.5785346124858
762,*OC(=O)CCSCCC(*)=O,egc,5.396779214482748
763,*CC(=O)C(=S)C(*)=O,nc,2.1996984494915655
764,*C(C*)OC(=O)C(C(C)(C)C)(CC)C,tg,101.71716480848158
765,*CCCCCCCNC(=S)N*,egc,4.445432041204402
766,*c1sc(cc1CCCCCCOC(=O)COc1ccccc1)c1sc(cc1)*,tg,76.1613626893523
767,*NC(=S)C(=O)C(*)=S,egb,1.3067137138279792
768,*CCCOC(=O)Nc1cc(NC(=O)O*)ccc1C,egc,4.840271401591918
769,*CCCCC(=O)NCCCCCCNC(=O)CCCO*,egc,5.835762425313389
770,*C(=O)c1ccc(-c2ccc(-c3ccc(*)cc3)s2)cc1,egb,2.2185032817293955
771,*Oc1ccc(cc1)c1ccc(cc1)Oc1ccc(cc1)C(=O)c1c(c(c(c(c1c1ccc(cc1)F)c1ccc(cc1)F)c1ccc(cc1)F)c1ccc(cc1)F)C(=O)c1ccc(cc1)*,tg,258.57958338243066
772,*c1sc(nn1)c1ccc(cc1)C(=O)OCCCCCCCCOC(=O)c1ccc(cc1)*,tg,79.36144632484954
773,*Oc1ccc(cc1)C(=O)OCCN(CCOC(=O)c1ccc(cc1)OCC#CC#CC*)c1ccc(cc1)N=Nc1ccc(cc1)N=Nc1cc(c(c(c1)C)[N+](=O)[O-])C,tg,134.16071617920778
774,*C(C(CCCCC*)Cl)Cl,tg,-38.58414942635416
775,*C(C(CC*)C(=O)OC)C(=O)OC,tg,53.386313578499326
776,*Cc1ccc(-c2ccc(-c3ccc(*)s3)cc2)cc1,eps,4.2136485895379385
777,*c1cc2c(C(=O)N(C2=O)c2c(cc(cc2)c2cc(c(cc2)N2C(=O)c3c(C2=O)cc(cc3)C(*)(C(F)(F)F)C(F)(F)F)OCCOc2ccc3c(c2)oc(=O)cc3C)OCCOc2ccc3c(c2)oc(=O)cc3C)cc1,tg,209.5592647645616
778,*O[Si](C#C[Si](C#C[Si](C#C[Si](C#C[Si](C#C[Si](C#C[Si](*)(C)C)(C)C)(C)C)(C)C)(C)C)(C)C)(C)C,tg,16.66550397728029
779,*Oc1ccc(cc1)OC(=O)c1cc(ccc1)C(=O)*,tg,192.14192161819915
780,*c1sc(nn1)c1ccc(cc1)OC(=O)CCCCCCCCC(=O)Oc1ccc(cc1)C=C*,tg,73.97977982849322
781,*c1cc2c(C(=O)N(C2=O)C2CCC(CC2)N2C(=O)c3c(C2=O)cc(cc3)C(*)(C(F)(F)F)C(F)(F)F)cc1,tg,325.1009261455263
782,*CC(S1)=CC=C1OC(=S)*,egc,4.113603222156262
783,*NC(=O)CCCCCCCCC(=O)NCCCCCCCCCC*,tg,43.132163926337995
784,*c1cc(-c2ccc(OC)cc2)c(*)s1,egc,2.978847025691729
785,*O[Si](*)(CCCOc1ccc(cc1)C(=O)Oc1ccc(cc1)C(=O)Oc1ccc(cc1)OC)C,tg,36.461892129646216
786,*Oc1ccc(cc1)C(c1ccc(cc1)OC(=O)c1ccc(cc1)CC(=O)*)(C)C,tg,125.74276868426192
787,*CCCCCCc1nnc(*)n1N,egc,5.410335822668128
788,*Cc1ccc(-c2ccc(O*)cc2)cc1,nc,1.8844290837788857
789,*Oc1c(cc(cc1)Oc1ccc(cc1)C(=O)c1ccc(cc1)*)c1cc(cc(c1)C(F)(F)F)C(F)(F)F,tg,176.35708073934387
790,*C(C*)c1c(cccc1)COC(C)C,tg,109.2155982493552
791,*C(C*)c1ccc(cc1)CCCCCCCCCCCCCCCCCC,tg,-30.399171729730696
792,*NC(=O)c1c(cc(cc1)C(=O)NCCCCCC*)Oc1ccc(cc1)F,tg,113.88405955161359
793,*C=CCCC*,tg,-88.729620861274
794,*c1cc2c(C(=O)N(C2=O)c2cc(cc(c2)Cl)N2C(=O)c3c(C2=O)cc(c(c3)Cl)C(=O)*)cc1Cl,tg,308.55328717366893
795,*OC(C*)CSCCC,tg,-33.48732879025713
796,*OC(COC(=O)c1cc(ccc1)c1ccc(cc1)C(=O)*)COc1ccc(cc1)N=Nc1ccc(cc1)C#N,tg,141.48193883808327
797,*Oc1ccc(Oc2ccc(C(=O)C(=O)c3ccc(*)cc3)cc2)cc1,egc,3.6376214808417724
798,*Oc1ccc(cc1)CC(NC(=O)Cc1ccc(cc1)OC(=O)CC(CCC(=O)*)C)C(=O)OCC,tg,52.55797473398881
799,*Nc1ccc(-c2ccc(NC(=O)c3cc(C(*)=O)cc(S(=O)(=O)c4ccccc4)c3)cc2)cc1,egc,2.833905110701441
800,*CCCCCCNC(=O)C(CCCCCCCCCCCCCCCC)C(=O)N*,egc,5.909362939472175
801,*Oc1ccc(cc1)Oc1ccc(cc1)NC(=C(C#N)C#N)c1cc(ccc1)C(=C(C#N)C#N)Nc1ccc(cc1)*,tg,225.73273239188737
802,*C(C*)(C(=O)OCCCCCCN(c1ccc(cc1)N=Nc1ccc(cc1)S(=O)(=O)C)C)C,tg,133.09289258389038
803,*Oc1ccc(cc1)C(=O)NCC(CCCNC(=O)c1ccc(cc1)*)(C)C,tg,153.51728574375122
804,*CC(*)(C)C(=O)OCC(F)(F)C(F)(F)C(F)(F)C(F)F,egc,6.107068850197954
805,*CC(=S)c1ccc(C(*)=S)cc1,egb,1.6758920657797272
806,*N1C(=O)c2c(C1=O)cc(cc2)C(=O)c1cc2c(C(=O)N(C2=O)CCCCCC(=O)Nc2ccc(cc2)Oc2ccc(cc2)NC(=O)CCCCC*)cc1,tg,182.6112258101096
807,*C(=O)C(S1)=CC=C1C(C=C2)=CC=C2C(S3)=CC=C3*,egc,2.207168790593037
808,*N1C(=O)c2c(C1=O)cc(cc2)C(=O)Oc1ccc(cc1)C(c1ccc(cc1)OC(=O)c1cc2c(C(=O)N(C2=O)CCCOCCCCOCCC*)cc1)(C)C,tg,77.96868627262616
809,*CC(O*)C(F)(F)F,nc,1.5976345398765888
810,*Oc1ccc(cc1)CC(NC(=O)CCc1ccc(cc1)OC(=O)CCCCCCCCC(=O)*)C(=O)OC,tg,50.43941017207118
811,*C1(c2c(C(=O)O1)cccc2)c1ccc(cc1)Oc1ccc(cc1)P(=O)(c1ccc(cc1)Oc1ccc(cc1)*)C,tg,261.36894682195856
812,*Oc1cc(c(cc1)C=Nc1c(cc(cc1)c1cc(c(cc1)N=Cc1c(cc(cc1)OCCCCCCCCCC*)O)OC)OC)O,tg,112.69371627911656
813,*c1cc2c(C(=O)N(C2=O)c2ccc(cc2)C(c2ccc(cc2)N2C(=O)c3c(C2=O)cc(cc3)C(=O)c2cc(cc(c2)c2ccccc2)C(=O)*)(C(F)(F)F)C(F)(F)F)cc1,tg,277.5170771399082
814,*CCCCCCNC(=O)CCCCCCCCCCCCCCCCCCCCC(=O)N*,egc,5.914955525678753
815,*Nc1ccc(-c2ccc(-c3ccc(*)s3)cc2)s1,ei,4.575313098703807
816,*C(F)(F)C1(F)C(F)(F)C(*)(F)C(F)(F)C(F)(F)C(F)(F)C1(F)F,egb,6.885704457072931
817,*N=Nc1cc(*)ccc1C,egc,3.5424322883273494
818,*N(C(=O)CCCCCCCCCC*)C,tg,10.46764360089798
819,*C=CC1CC(*)C(C(=O)OC(C)(C)C)C1C(=O)OC(C)(C)C,egc,4.783158454505154
820,*C(C*)c1c(ccc(c1)Br)OCC,tg,65.47264753307718
821,*NC(CC(N)=O)C(*)=O,egc,6.0145620287570125
822,*Oc1ccc(C(=S)c2ccc(*)cc2)cc1,nc,2.0775443531068096
823,*C(C*)(C(=O)OCCCCCC(=O)Oc1ccc(cc1)OC(=O)c1ccc(cc1)OCCCCCC)C,tg,25.474218880178448
824,*OC(=O)Nc1ccc(cc1)CCCCc1ccc(cc1)NC(=O)OCC*,tg,53.7136027719094
825,*CC1CC1CO*,egb,6.78023668167851
826,*Oc1ccc(cc1)C(c1ccc(cc1)OCCOC(=O)c1ccc(cc1)C(=O)OCC*)(C)C,tg,71.95910957637987
827,*Cc1ccc(OC(*)=S)s1,eps,4.0183483633187365
828,*CC(*)C(=O)OCC(F)(F)C(F)(F)C(F)(F)C(F)(F)F,egb,5.987016434884606
829,*C1C(=O)N(C(=O)C1CC*)CCCCCCCCCCCCCCCCCC,tg,70.18681733436588
830,*Oc1ccc(cc1)N=Cc1ccc(cc1)Oc1ccc(cc1)C(c1ccc(cc1)Oc1ccc(cc1)C=Nc1ccc(cc1)Oc1ccc(cc1)c1ccc(cc1)*)(C(F)(F)F)C(F)(F)F,tg,171.41065688383634
831,*Oc1c(cc(cc1)C(c1cc(c(cc1)OC(=O)*)C)(CCC)CCC)C,tg,131.42183629193846
832,*CCCCCCCCCCC(=O)N*,egc,6.11006727558105
833,*c1nc2c(nc1)cc(cc2)c1cc2c(nc(cn2)c2ccc(cc2)Oc2ccc(cc2)c2ccc(cc2)Oc2ccc(cc2)*)cc1,tg,233.78244099497917
834,*c1nc2c(nc1c1ccc(cc1)C(=O)NCCCCCCNC(=O)c1ccc(cc1)*)cccc2,tg,220.89108595781448
835,*C1C(C(C(C1)C=C*)(F)F)(C(F)(F)F)C(F)(F)F,tg,149.15396901471377
836,*c1ccc(-c2ccc(-c3ccc(*)n3C)o2)s1,egc,2.5067030867389417
837,*C(C*)(C(=O)OCCCCCCOc1ccc(cc1)C(=O)Oc1c2c(c(cc1)N=Nc1ccc(cc1)Cl)cccc2)C,tg,46.2798494449236
838,*Oc1c(cc(cc1)Oc1ccc(cc1)C(=O)c1ccc(cc1)*)C,tg,168.06461338799912
839,*CC(*)(F)C(C)=O,egc,5.341709634603133
840,*Oc1c(cc(cc1C)c1cc(c(c(c1)CBr)Oc1ccc(cc1)C(=O)c1ccc(cc1)*)C)CBr,tg,236.6542850998664
841,*Oc1cc(ccc1)NC(=O)CCCCCC(=O)Nc1ccc(cc1)*,tg,124.82798546145904
842,*SCCCCCCC(=O)NCc1ccc(cc1)CNC(=O)CCCCCC*,tg,73.04227075170614
843,*NC(=O)c1ccc(-c2ccc(*)s2)cc1,egb,3.062929878970641
844,*CC(*)(C)C(=O)Oc1ccc(C(=O)C=Cc2ccc(Cl)cc2)cc1,egc,2.7136987853055445
845,*CC1CCC(COC(=O)NCCSCCCCCSCCNC(=O)O*)CC1,egc,5.359389566947164
846,*CNOC(*)=S,ei,6.195708936118593
847,*CCCCCCCCCCNC(=O)CCC=CCCC(=O)N*,egc,5.529226478335824
848,*Oc1ccc(cc1)OC(=O)c1c(cc(cc1)C(=O)*)Sc1cc2c(cc1)cccc2,tg,141.98206826854243
849,*CC(F)(F)C(F)(F)C(F)(F)COC(=O)CCCCC(=O)O*,egb,6.426702007424171
850,*C(C*)(C(=O)OCCCOc1ccc(cc1)c1ccc(cc1)C#N)C,tg,113.7450280687907
851,*O[Si](O[Si](O[Si](O[Si](CC[Si](O[Si](O[Si](CC[Si](*)(c1ccccc1)c1ccccc1)(C)C)(C)C)(C)C)(c1ccccc1)c1ccccc1)(c1ccccc1)c1ccccc1)(c1ccccc1)c1ccccc1)(c1ccccc1)c1ccccc1,tg,73.76709321364483
852,*OC(=O)NCCCCCCCCCCNC(=O)OCCCCCCCCCCCC*,tg,36.79793683531098
853,*N1C(=O)c2c(C1=O)cc(cc2)c1cc2c(C(=O)N(C2=O)CCCCOC(=O)OCCCC*)cc1,tg,72.4353920235059
854,*OC(=O)/C=C\C(=O)OCCCC*,tg,57.93692107384655
855,*CC(*)(F)F,egc,7.046486987745593
856,*N1C(=O)c2c(C1=O)cc(cc2)Oc1ccc(cc1)C1(CCC(CC1)C(C)(C)C)c1ccc(cc1)Oc1cc2c(C(=O)N(C2=O)c2ccc(cc2)Oc2cc(c(cc2)c2c(cc(cc2)Oc2ccc(cc2)*)C)C)cc1,tg,255.80481078838025
857,*C1C(=O)N(C(=O)C1CC*)CCCC,tg,98.3154977827505
858,*OCc1ccc(cc1)C*,tg,108.18696295047606
859,*C(C*)n1c2c(c3ccccc3cc2)c2c1cccc2,tg,243.17865969648446
860,*CC(=O)c1ccc(-c2ccc(*)s2)s1,nc,2.057456346942037
861,*Oc1ccc(OC(=O)C=Cc2ccc(C=CC(*)=O)cc2)cc1,egc,3.2333436601085097
862,*Nc1cc2cccc3c(*)cc4cccc1c4c23,egc,3.4657670367825135
863,*C(C*)(C(=O)OC1CCC(CC1)C(C)(C)C)C,tg,109.09249305835087
864,*Oc1c(cc(cc1)c1ccc(cc1)NC(=O)c1cc(cc(c1)C(C)(C)C)C(=O)Nc1ccc(cc1)c1cc(c(cc1)Oc1ccc(cc1)C(c1ccc(cc1)*)(C(F)(F)F)C(F)(F)F)C(F)(F)F)C(F)(F)F,tg,252.56995220377564
865,*c1cc2c(C(=O)N(C2=O)c2cc(ccc2)P(=O)(c2cc(ccc2)N2C(=O)c3c(C2=O)cc(cc3)C(*)(C(F)(F)F)C(F)(F)F)c2ccccc2)cc1,tg,267.8687487361648
866,*N1C(=O)c2c(C1=O)cc(cc2)c1c2c(C(=O)N(C2=O)c2cc(ccc2)OCCCc2cc(ccc2)*)ccc1,tg,200.06894599140986
867,*CCC(C#N)CC(C)=C(*)C,egc,5.557317075087611
868,*Nc1cc(ccc1)NC(=O)CCCCCCC(=O)*,tg,105.67869851877354
869,*C1COC2C1OCC2OC(=O)c1oc(cc1)C(=O)O*,tg,180.86415663251265
870,*c1cc2c(C(=O)N(C2=O)c2ccc(cc2)C(=O)OCCCCOC(=O)*)cc1,tg,108.48218025904352
871,*c1cc2c(C(=O)N(C2=O)c2c(ccc(c2)N2C(=O)c3c(C2=O)cc(cc3)C(=O)OCCN(CCOC(=O)*)c2ccc(cc2)C(=C(C#N)C#N)C#N)N=Nc2ccc(cc2)C(=C(C#N)C#N)C#N)cc1,tg,127.20806718657882
872,*C1COC2C1OCC2OC(=O)Nc1c(ccc(c1)NC(=O)O*)C,tg,112.18299285158264
873,*C(=O)c1ccc2c(c1)C(=O)N(c1cc(C(=O)O)cc(N3C(=O)c4ccc(*)cc4C3=O)c1)C2=O,egc,2.7070502375366075
874,*OC(=O)c1cc(ccc1)C(=O)OCC1CCC(CC1)C*,tg,72.39990890672394
875,*CC(C#N)(C#N)C(C#N)C(C#N)(C#N)C(C#N)C(C#N)(C#N)*,egc,6.413916955321042
876,*Oc1ccc(cc1)N(c1ccc(cc1)c1ccc(cc1)N(c1ccc(cc1)OCCCCCCCCCC*)c1ccccc1)c1ccccc1,tg,100.24468209016099
877,*C(C*)(C(=O)OCCCCCC(=O)Oc1ccc(cc1)OC(=O)c1ccc(cc1)OCCCCC)C,tg,30.388742375843517
878,*C1C2CC(C(C1*)C2)CCCCCCCCC(=O)OCC,tg,138.16757890496086
879,*C(=O)c1ccc(C(=S)c2ccc(*)cc2)cc1,eps,4.716185732463984
880,*CCC(C)CCOC(=O)CCCCC(=O)O*,egc,6.781783734600334
881,*Oc1ccc(cc1)C(c1ccc(cc1)Oc1ccc(cc1)C(=O)C(=O)c1ccc(cc1)*)(C)C,tg,142.36222405346984
882,*OCC(=S)c1ccc(C(=S)Cc2ccc(-c3ccc(*)cc3)cc2)s1,ei,5.629322513212522
883,*N1C(=O)c2c(C1=O)c(ccc2)Oc1cc(ccc1)Oc1c2c(C(=O)N(C2=O)c2cc(ccc2)*)ccc1,tg,271.0214429290576
884,*CCCCCNC(=O)CCCCCCCCCCCCC(=O)N*,egc,5.935791886413233
885,*Oc1ccc(cc1)Oc1ccc(cc1)C(=Nc1ccc(cc1)N=C(c1ccc(cc1)*)c1ccccc1)c1ccccc1,tg,167.72787400341772
886,*Oc1ccc(cc1)C(c1ccc(cc1)OC(=O)OCCCOC(=O)*)(C)C,tg,79.04990388575337
887,*c1ccc(-c2ccc(-c3ccc(*)n3-c3c(F)c(F)c(F)c(F)c3F)s2)s1,egc,1.934846370394021
888,*NC(=S)OC(*)=S,nc,2.1471444383588527
889,*c1cc2c(C(=O)N(C2=O)c2ccc(cc2)Cc2ccc(cc2)N2C(=O)c3c(C2=O)cc(cc3)C(CCCCC(*)(C)C)(C)C)cc1,tg,269.812700124969
890,*Cc1cccc(CN(*)c2ccccc2)c1O,egc,3.48332459486037
891,*c1cc(CCCc2ccccc2)c(*)s1,egc,2.398051388861171
892,*OP(=O)(OC(COc1ccc(cc1)S(=O)(=O)c1ccc(cc1)OCC(*)CCl)CCl)Oc1ccc(cc1)Br,tg,53.141854477853265
893,*CC(*)C(=O)OCCCCSC,egb,4.708395689616358
894,*O[Si](c1cc(ccc1)C(C(C(c1cc(ccc1)[Si](*)(C)C)(F)F)(F)F)(F)F)(C)C,tg,-18.924327963933674
895,*Nc1ccc(*)cc1N,egc,3.4300860064116665
896,*N1C(=O)c2c(C1=O)c(ccc2)Oc1cc(ccc1)Oc1c2c(C(=O)N(C2=O)c2ccc(cc2)Oc2cc(ccc2)Oc2ccc(cc2)*)ccc1,tg,230.64288811660737
897,*CNC(=S)c1ccc(*)cc1,eea,2.4194807222292054
898,*Oc1ccc(cc1)S(=O)(=O)c1ccc(cc1)Oc1cc(ccc1)NC(=O)c1c(cc(cc1)c1cc(c(cc1)C(=O)Nc1cc(ccc1)*)C)C,tg,233.300827796262
899,*OC(=O)CCCCC(=O)OCCCCCC*,tg,-46.639733301162345
900,*Oc1ccc(cc1)C(c1ccc(cc1)Oc1ccc(cc1)C(=O)c1c(c(c(c(c1c1ccc(cc1)F)c1ccc(cc1)F)c1ccc(cc1)F)c1ccc(cc1)F)C(=O)c1ccc(cc1)*)(C)C,tg,235.4967949577287
901,*Oc1ccc(Oc2ccc(*)cc2)s1,egb,4.1020853611592925
902,*Oc1c(cc(cc1)S(=O)(=O)c1cc(c(cc1)Oc1ccc(cc1)C(c1ccc(cc1)*)(C)C)S(=O)(=O)O)S(=O)(=O)O,tg,207.21373026520487
903,*NC(CCC(*)=O)C(=O)OCc1ccccc1,egc,5.444793646784498
904,*OC(=O)Nc1c(ccc(c1)NC(=O)OCCN(CC*)c1ccc(cc1)N=Nc1ccc(cc1)[N+](=O)[O-])C,tg,136.80941177797462
905,*CNC(=S)N*,nc,1.931969829523304
906,*CCCCCS*,eea,1.084088125174925
907,*N1C(=O)c2c(C1=O)cc(cc2)NC(=O)OCCOc1ccc(cc1)C(c1ccc(cc1)OCCOC(=O)Nc1cc2c(C(=O)N(C2=O)c2cc(ccc2)P(=O)(c2cc(ccc2)*)C)cc1)(C(F)(F)F)C(F)(F)F,tg,205.5251196149439
908,*C(C*)CN,tg,37.83245989242028
909,*Oc1c(cc(cc1OC)C=Cc1ccc(cc1)C=Cc1ccc(cc1)C=Cc1cc(c(c(c1)OC)OCCCCCCCC*)OC)OC,tg,72.09835524181584
910,*NC(=O)C(=S)c1ccc(*)s1,nc,2.5126536495958574
911,*CC1CCC(COC(=O)CCCCCC(=O)O*)CC1,egc,6.785452955507287
912,*C1C2C(C(C(C1*)C2)C(=O)OCC1C2CCC(C1)C2)C(=O)OCC1C2CCC(C1)C2,tg,279.7350676773196
913,*Oc1ccc(cc1)c1cc(c(c(c1)c1ccc(cc1)c1ccccc1)c1ccc(cc1)NC(=O)c1ccc(cc1)C(=O)Nc1ccc(cc1)c1c(cc(cc1c1ccc(cc1)c1ccccc1)c1ccc(cc1)OCCCCCCCCCC*)c1ccc(cc1)c1ccccc1)c1ccc(cc1)c1ccccc1,tg,178.67630474010247
914,*c1c(nc2c(n1)cc(cc2)c1cc2c(nc(c(n2)c2ccc(cc2)N2C(=O)c3c(C2=O)cc(cc3)C(=O)c2cc3c(C(=O)N(C3=O)c3ccc(cc3)*)cc2)c2ccccc2)cc1)c1ccccc1,tg,237.4110055631819
915,*C(C(C(C*)OC)C(=O)O)C(=O)O,tg,157.78511354343064
916,*C(C*)(C(=O)OC1CC2C(CC1)CCCC2)C,tg,115.01717131836511
917,*OCC(C*)(CSC(C)C)CSC(C)C,tg,-24.24116123653382
918,*c1ccc(-c2ccc(-n3c(=O)c4c(F)c5c(=O)n(*)c(=O)c5c(F)c4c3=O)cc2C)c(C)c1,egc,2.5422022713763464
919,*c1cc(*)c(O)c(C=Nc2ccc(S(=O)(=O)O)cc2)c1,egc,2.816277884623347
920,*c1nc2c(c(c1)c1ccccc1)cc(cc2)C1(c2ccccc2C(=O)c2ccccc12)c1cc2c(nc(cc2c2ccccc2)c2ccc(cc2)C2(c3ccccc3C(=O)c3ccccc23)c2ccc(cc2)*)cc1,tg,415.9676365441645
921,*c1n(cnc1C(=O)NCCNC(=O)*)C,tg,156.35979775528918
922,*c1cc2c(C(=O)N(C2=O)c2cc(ccc2)C(c2cc(ccc2)N2C(=O)c3c(C2=O)cc(cc3)C(=O)*)O[Si](O[Si](O[Si](C)(C)C)(C)C)(C)C)cc1,tg,155.12845355564033
923,*C(=O)c1ccc2c(c1)C(=O)N(c1cccc(C#Cc3cccc(N4C(=O)c5ccc(*)cc5C4=O)c3)c1)C2=O,egc,2.2879496220350246
924,*Oc1ccc(cc1)c1ccc(cc1)C(=O)OCC(COC(=O)c1ccc(cc1)c1ccc(cc1)OC(CC*)C)C,tg,90.12010811774229
925,*NC(=O)c1cc(cc(c1)C(C)(C)C)C(=O)NCc1cc(ccc1)C*,tg,202.3777403587877
926,*NC(=O)CCCCC(=O)NCCCCCCCC*,tg,48.93441778178372
927,*N1C(=O)c2c(C1=O)cc(cc2)C(=O)c1cc2c(C(=O)N(C2=O)CCCOC(=O)OCCCCCCOC(=O)OCCC*)cc1,tg,61.07783767634728
928,*CCC=C(*)C,egc,5.231254751990741
929,*c1sc(cc1)C(=O)Oc1ccc(cc1)[Si](c1ccc(cc1)OC(=O)*)(C)C,tg,-42.78294782856184
930,*O[Si](*)(c1c(c(c(c(c1F)F)F)F)F)C,tg,-17.826035736115625
931,*c1oc(nn1)c1ccc(cc1)Oc1cc(ccc1)NC(=O)c1c(cc(cc1)C(=O)Nc1cc(ccc1)Oc1ccc(cc1)*)Oc1ccccc1,tg,213.24544364537198
932,*Oc1ccc(cc1)C(=Cc1c(cc(c(c1)OC)C=C(c1ccc(cc1)*)c1ccc(cc1)F)OC)c1ccc(cc1)F,tg,215.2202158405228
933,*NC(=S)Nc1ccc(NC(=S)Nc2ccc(Oc3ccc(*)cc3)cc2)cc1,ei,5.6503669268781795
934,*Cc1ccc(-c2ccc(C(*)=S)s2)cc1,nc,2.033385849992784
935,*Oc1ccc(cc1)S(=O)(=O)c1ccc(cc1)Oc1ccc(cc1)C(c1ccc(cc1)*)(CCC(=O)O)C,tg,192.55799106317428
936,*OC(=O)Nc1c(ccc(c1)NC(=O)OCC(C*)(CC)CC)C,tg,-11.052063078037108
937,*CNC(=S)N*,egb,3.6870223384193723
938,*CC(C)(C)COC(=O)Nc1ccc(NC(=O)O*)cc1,egb,4.296942455290184
939,*c1ccc2N(c3c(Sc2c1)cc(cc3)C=Cc1sc(cc1)C=C*)c1ccc(cc1)OCCCCCCCCCCCC,tg,132.0246388116066
940,*OC(F)(F)NC(*)(F)F,eea,1.223639091138264
941,*Oc1ccc(C(=S)c2ccc(*)cc2)s1,ei,5.751338909021939
942,*Nc1ccc(-c2ccc(-c3ccc(*)s3)cc2)cc1,ei,4.784414925852604
943,*C(C*)c1ccc(cc1)C(=O)OC(C)C,tg,93.88023655962499
944,*C=CCC(C*)c1ccccc1,egc,4.813077394106514
945,*CNC(=S)C(*)=O,nc,2.081172795980211
946,*C(C*)C(=O)OCCCn1c2ccccc2c2ccccc12,tg,77.3142457343019
947,*Oc1ccc(cc1)C(c1ccc(cc1)OC(=O)OCCCCCOC(=O)*)(C)C,tg,63.19919349707582
948,*c1oc(cc1)C(c1oc(cc1)CNC(=O)OCc1cocc1COC(=O)NC*)(C)C,tg,36.41981715557252
949,*c1cc2c(C(=O)N(C2=O)c2ccc(cc2)NC(=O)Nc2ccc(cc2)N2C(=O)c3c(C2=O)cc(cc3)C(=O)Nc2ccc(cc2)Oc2ccc(cc2)NC(=O)*)cc1,tg,210.69447626026013
950,*c1cc2c(C(=O)N(C2=O)c2c(c(c(c(c2C)C)N2C(=O)c3c(C2=O)cc(cc3)C(*)(C(F)(F)F)C(F)(F)F)C)C)cc1,tg,403.9342052504485
951,*C(C*)C(C(C(F)(F)F)(F)F)(F)F,tg,67.0250807550426
952,*C(C*)OC(CC)C,tg,-31.587463863550294
953,*CC(CCl)(CCl)C(=O)O*,egb,6.138401660107441
954,*N1C(=O)c2c(C1=O)cc(cc2)Oc1c2c(ccc1)c(ccc2)Oc1cc2c(C(=O)N(C2=O)c2cc(cc(c2)C(F)(F)F)*)cc1,tg,260.2787572430569
955,*Oc1ccc(cc1)NC(=O)c1ccc(cc1)Oc1ccc(cc1)C(c1ccc(cc1)C(c1ccc(cc1)Oc1ccc(cc1)C(=O)Nc1ccc(cc1)Oc1ccc(cc1)c1ccc(cc1)*)(C)C)(C)C,tg,230.17331636625147
956,*N1C(=O)c2c(C1=O)cc(cc2)C(=O)Oc1ccc(cc1)c1ccc(cc1)OC(=O)c1cc2c(C(=O)N(C2=O)CCCC*)cc1,tg,157.85500360634947
957,*NC(=S)OC(*)=S,egb,2.0781117936505074
958,*c1ccc(Oc2ccc(-c3cc(-c4ccccc4)c4cc5c(-c6ccccc6)cc(*)nc5cc4n3)cc2)cc1,egc,3.0594654367011134
959,*c1cc2c(C(=O)N(C2=O)c2cc(ccc2)C(c2cc(ccc2)N2C(=O)c3c(C2=O)cc(cc3)C(*)(C(F)(F)F)C(F)(F)F)O[Si](O[Si](O[Si](C)(C)C)(C)C)(C)C)cc1,tg,200.44151527535976
960,*C(C*)(C(=O)OCCCCCCOc1ccc(cc1)C=Nc1ccc(cc1)C#N)C,tg,70.22644073659494
961,*Oc1ccc(cc1)C(c1cc(ccc1)C(c1ccc(cc1)Oc1ccc(cc1)C(=O)Nc1ccc(cc1)Cc1ccc(cc1)NC(=O)c1ccc(cc1)*)(C)C)(C)C,tg,141.6368525579279
962,*NC(=S)OC(=S)*,egc,2.8022407256632773
963,*OC(C)COC(=O)C1CCC(C(*)=O)CC1,egc,6.662565085952738
964,*OC(=O)Cc1ccc(CC(*)=O)cc1,egc,5.21314420392579
965,*NC(=O)C(=S)C(*)=O,eps,6.1957834899262805
966,*OC(CCl)COC(=O)C1=C(C(=O)OCC(CCl)OC(=O)c2ccc(C(*)=O)cc2)C2C=CC1C2,egc,3.024388752614027
967,*Oc1ccc(cc1)C(c1ccc(cc1)OCOc1ccc(cc1)C(c1ccc(cc1)OCCCCCCCCCCCC*)(C)C)(C)C,tg,68.51259153780337
968,*Oc1ccc(cc1)N=Cc1ccc(cc1)N(c1ccc(cc1)C=Nc1ccc(cc1)*)c1ccccc1,tg,154.2212648805243
969,*Oc1c(cc(cc1C)c1cc(c(c(c1)CBr)Oc1ccc(cc1)C(=O)c1ccc(cc1)*)CBr)CBr,tg,219.9598969959807
970,*Oc1ccc(C(=O)c2ccc(*)cc2)cc1,ei,6.507179823047866
971,*c1nc2cc3c(cc2nc1c1ccccc1)nc(c(n3)c1cc(ccc1)*)c1ccccc1,tg,314.7518524725787
972,*CC(C=C)O*,egc,5.7102154329754855
973,*C(C*)(C(=O)OCCN(c1cc(c(cc1)N=Nc1ccc(cc1)OC)C)CC)C,tg,88.62819887182157
974,*CCN*,egc,5.504055514592568
975,*Oc1c(Cl)cc(C2(c3cc(Cl)c(OC(*)=O)c(Cl)c3)CC3CCC2C3)cc1Cl,egb,3.1986449662789393
976,*OC(C)COC(=O)Cc1ccc(CC(*)=O)cc1,egc,5.433931002300154
977,*Nc1ccc(cc1)Cc1ccc(cc1)NC(=O)Nc1c(cccc1)CCc1ccc(cc1)NC(=O)*,tg,140.71103026669448
978,*N1C(=O)c2c(C1=O)cc(cc2)S(=O)(=O)c1cc2c(C(=O)N(C2=O)c2ccc(cc2)Cc2ccc(cc2)*)cc1,tg,303.1524308172358
979,*C=Cc1csc(-c2cc(*)cs2)c1,egc,2.423413670720731
980,*Cc1ccc(-c2ccc(-c3ccc(*)s3)cc2)cc1,eea,1.8389641525625269
981,*OC(COC(=O)*)CCC,tg,-1.7398337187692305
982,*c1cc2c(C(=O)N(C2=O)c2ccc(cc2)C(=O)OCCCSCCCCCCSCCCOC(=O)*)cc1,tg,37.31400638912735
983,*c1cc2c(C(=O)N(C2=O)c2cc(ccc2)N2C(=O)c3c(C2=O)cc(cc3)C(=O)Nc2ccc(cc2)Oc2ccc(cc2)C2(c3c(C(=O)N2)cccc3)c2ccc(cc2)Oc2ccc(cc2)NC(=O)*)cc1,tg,313.08375158454874
984,*c1cc2c(C(=O)N(C2=O)c2ccc(cc2)S(=O)(=O)c2ccc(cc2)N2C(=O)c3c(C2=O)cc(cc3)C(*)(C(F)(F)F)C(F)(F)F)cc1,tg,321.45638929349144
985,*N1C(=O)c2c(C1=O)c(ccc2)Oc1c(cc(c(c1)C(C)(C)C)Oc1c2c(C(=O)N(C2=O)c2ccc(cc2)Oc2ccc(cc2)c2ccc(cc2)Oc2ccc(cc2)*)ccc1)C(C)(C)C,tg,277.43106065835565
986,*c1ncc(cc1)c1sc(cc1)c1cc2C(c3c(c2cc1)ccc(c3)c1sc(cc1)*)(CCCCCCCC)CCCCCCCC,tg,87.4104926730192
987,*C(=O)C(F)(F)NC(*)(F)F,eea,3.4564169344696944
988,*c1cc2c(C(=O)N(C2=O)c2ccc(cc2)Oc2ccc(cc2)N2C(=O)c3c(C2=O)cc(cc3)C(=O)Oc2ccc(cc2)OC(=O)*)cc1,tg,232.939977770869
989,*c1nc2cc3c(cc2c(c1)c1ccccc1)c(cc(n3)c1ccc(cc1)Oc1ccc(cc1)*)c1ccccc1,tg,343.60928654902204
990,*c1sc(nn1)SCC(=O)NN=Cc1ccc(cc1)OCCCCCCCCCCOc1ccc(cc1)C=NNC(=O)CS*,tg,123.38917376202272
991,*CCc1ccc(-c2ccc(*)s2)s1,eps,4.223415817684696
992,*Nc1ccc(cc1)C(=O)c1c(c(c(c(c1C)C)C(=O)c1ccc(cc1)NC(=O)c1ccc(cc1)C(=O)*)C)C,tg,362.9525522554337
993,*c1cc2c(C(=O)N(C2=O)c2ccc(cc2)OCCN(CCOc2ccc(cc2)N2C(=O)c3c(C2=O)cc(cc3)C(*)(C(F)(F)F)C(F)(F)F)c2ccccc2)cc1,tg,186.89190545509098
994,*c1ccc(C(c2ccc(N3C(=O)c4ccc(Oc5ccc6c(c5)C(=O)N(*)C6=O)cc4C3=O)cc2)(C(F)(F)F)C(F)(F)F)cc1,egc,4.011214276730795
995,*Oc1ccc(cc1)Oc1ccc(cc1)OCCCCCCOC(=O)OCCCCCCCCCCOC(=O)OCCCCCC*,tg,-15.937327315422968
996,*O[Si](*)(CCc1ccc(cc1)O)C,tg,34.39940369764306
997,*Oc1ccc(-c2ccc(C(*)=O)s2)cc1,nc,2.038411297165731
998,*C(C*)(C(=O)OCCCCCCCOc1cc2c(cc1)cc(cc2)C(=O)Oc1ccccc1)C,tg,40.92833295490592
999,*C1C(=O)N(C(=O)C1C(C*)CCCCCCCCCCCCCCCC)CCCCNC(=O)C(C(C(C(C(C(C(F)(F)F)(F)F)(F)F)(F)F)(F)F)(F)F)(F)F,tg,101.82039959714602
1000,*N=P(*)(OCCCc1ccccc1)OCCCc1ccccc1,tg,-34.506039758855124
1001,*c1cc2c(C(=O)N(C2=O)c2ccc(cc2)C(=O)Nc2cc(ccc2)NC(=O)*)cc1,tg,278.94928964093566
1002,*Oc1cc(ccc1)Oc1ccc(cc1)S(=O)(=O)c1ccc(cc1)Oc1ccc(cc1)C(=O)c1ccc(cc1)*,tg,164.43088828451775
1003,*C=CC(C*)CCC,egc,5.498926401184638
1004,*Cc1ccc(Cc2ccc(*)s2)cc1,eea,1.2590428643995244
1005,*c1ccc(CC(F)(F)C(*)(F)F)cc1,eea,1.8202377876691804
1006,*CC(=O)Cc1ccc(*)s1,eps,3.6773348823617678
1007,*Oc1ccc(cc1)C(c1ccc(cc1)OC(=O)*)(C(F)(F)F)C(F)(F)F,tg,103.58642286794742
1008,*c1cccc(*)n1,nc,1.9761326942573074
1009,*CC(C#N)(C#N)CC(C#N)(C#N)CC(C#N)(C#N)C(C#N)C(C#N)(C#N)*,egc,6.646726617750127
1010,*O[Si](O[Si](C#Cc1ccc(cc1)C#C[Si](*)(C)C)(C)C)(C)C,tg,81.63572383554514
1011,*N1C(=O)c2c(C1=O)cc(cc2)c1cc2c(C(=O)N(C2=O)c2cc(ccc2)C(=O)Nc2ccc(cc2)Oc2ccc(cc2)S(=O)(=O)c2ccc(cc2)Oc2ccc(cc2)NC(=O)c2cc(ccc2)*)cc1,tg,268.799841897603
1012,*OC(=O)C(C*)(CCC)C,tg,5.9413368134442885
1013,*Nc1cc(cc(c1)C(=O)OCCOc1ccc(cc1)C=CC(=O)c1ccccc1)NC(=O)c1cc2c(cc1)cc(cc2)C(=O)*,tg,211.44587659640104
1014,*Oc1cc(c(cc1)c1c(cc(cc1)OC(=O)c1cc(c(cc1)c1c(cc(cc1)C(=O)*)C(F)(F)F)C(F)(F)F)C(=O)OCCCCCCCCCCCOc1ccc(cc1)c1ccc(cc1)C#N)C(=O)OCCCCCCCCCCCOc1ccc(cc1)c1ccc(cc1)C#N,tg,61.091767694095886
1015,*c1[nH]c(nc1c1ccc(cc1)Oc1ccc(cc1)C(=O)c1cc(ccc1)C(=O)c1ccc(cc1)Oc1ccc(cc1)*)c1ccccc1,tg,237.20353053365184
1016,*OC1CCC(OC(=O)CCCCCCC(*)=O)CC1,egc,6.756241446088327
1017,*CCCCCCNC(=O)CCCCC(=O)NCCCCCCNC(=O)C(=O)N*,egc,5.136382371336704
1018,*Nc1ccc(*)cc1,egb,3.1502465612932227
1019,*CC(=O)c1ccc(C(*)=S)s1,ei,6.67196710849089
1020,*Oc1ccc(C(*)=O)cc1Cl,egc,3.801395791980618
1021,*NC(=O)c1ccc(cc1)C(=O)NCCC(CCC*)CC,tg,138.8617811121147
1022,*c1ccc(cc1)C(C(*)(C(=O)OCCCC)C#N)(C(=O)OCCCC)C#N,tg,115.89748343968114
1023,*Oc1ccc(cc1)S(=O)(=O)c1ccc(cc1)Oc1c(cc(cc1)C(c1cc(c(cc1)*)[Si](C)(C)C)(C(F)(F)F)C(F)(F)F)[Si](C)(C)C,tg,157.6465868251001
1024,*Oc1ccc(cc1)C(=O)c1ccc(cc1)C(=O)c1ccc(cc1)*,tg,154.38721198235797
1025,*C=CC1CC(*)C2C(=O)N(CCCCCCCC)C(=O)C12,egc,5.4412536637779985
1026,*C(F)(F)C(F)(F)C(=O)C(S1)=CC=C1*,egc,3.8818870618663657
1027,*CCc1cc(Cl)c(*)cc1Cl,egc,4.472212585332036
1028,*c1oc(nn1)c1ccc(cc1)C(=O)OCCCCCCCCCCOc1ccc(cc1)C=C1C(=O)C(=Cc2ccc(cc2)OCCCCCCCCCCOC(=O)c2ccc(cc2)*)CC1,tg,76.70412359840016
1029,*C(=O)c1ccc(-c2ccc(C(*)=S)s2)cc1,eea,3.4608260239018485
1030,*Oc1ccc(cc1)CC(NC(=O)CCc1ccc(cc1)OC(=O)CCCCCCC(=O)*)C(=O)OCCCCCC,tg,21.202447114937982
1031,*c1ccc2oc3c(c2c1)cc(cc3)S(=O)(=O)c1ccc(cc1)Oc1ccc(cc1)S(=O)(=O)*,tg,309.3117909140041
1032,*c1ccc(-c2ccc(-c3ccc(-c4cnc5ccc(-c6ccc7ncc(*)nc7c6)cc5n4)cc3)cc2)cc1,egc,2.98866248598753
1033,*C(=O)c1ccc2c(c1)C(=O)N(c1ccc(Sc3ccc(N4C(=O)c5ccc(*)cc5C4=O)cn3)nc1)C2=O,egc,2.3951522858709966
1034,*Oc1ccc(cc1)C(=O)Nc1c(ccc(c1)C(c1cc(c(cc1)C)NC(=O)c1ccc(cc1)OC(=O)c1ccc(cc1)C(=O)*)(C(F)(F)F)C(F)(F)F)C,tg,216.96038166557832
1035,*CC(CC(CC(*)c1ccccn1)c1ccccn1)c1ccccn1,eea,2.5311391463189366
1036,*Oc1ccc(cc1)S(=O)(=O)c1ccc(cc1)Oc1ccc(cc1)NC(=O)c1c(cc(cc1)c1cc(c(cc1)C(=O)Nc1ccc(cc1)*)C)C,tg,253.6837058340627
1037,*CCCCCOC(=O)CCC(C)CC(=O)O*,egc,6.7814050674171975
1038,*OC(=O)Nc1c(ccc(c1)NC(=O)OCCCCC*)C,tg,39.1022323265766
1039,*Oc1ccc(C(F)(F)C(*)(F)F)cc1,eps,3.641304375262945
1040,*C(C*)CCCI,tg,68.43179933739434
1041,*C(=O)OC(S1)=CC=C1C(=S)*,egc,2.741988875806944
1042,*C(C)=C(*)SCC,egc,3.361099698741234
1043,*CC(*)c1ccc(Cl)c(Cl)c1,egc,3.3590304677331453
1044,*c1nc2c(nc1)ccc(c2)c1ccc2c(nc(cn2)c2ccc(cc2)c2ccc(cc2)c2ccc(cc2)*)c1,tg,352.2553723101378
1045,*C1(C(=O)OC(=O)C1(C(C*)OCC)C)C,tg,168.1104309278581
1046,*Oc1ccc(cc1)CC(NC(=O)CCc1ccc(cc1)OC(=O)CCCC(=O)*)C(=O)OCCCCCC,tg,36.24092750844884
1047,*N1C(=O)c2c(C1=O)cc(cc2)Oc1ccc(cc1)Sc1ccc(cc1)Oc1cc2c(C(=O)N(C2=O)c2cc(ccc2)S(=O)(=O)c2cc(ccc2)*)cc1,tg,206.67964653729868
1048,*c1ccc(C(F)(F)NC(*)(F)F)s1,nc,1.8472948093343367
1049,*C(=S)N(*)CC=C,egc,2.455383858931751
1050,*C(=S)c1ccc(-c2ccc(-c3ccc(*)cc3)s2)cc1,eps,5.907318837228025
1051,*c1cc2C(c3c(c2cc1)ccc(c3)C=C*)(CC(CCCC)CC)CC(CCCC)CC,tg,72.85282259285574
1052,*Oc1ccc(cc1)C(c1ccc(cc1)OC(=O)c1ccc(cc1)C(c1ccc(cc1)C(=O)*)(C)C)(C)C,tg,167.796520006185
1053,*c1cc2c(C(=O)N(C2=O)c2ccc(cc2)Oc2ccc(cc2)C(=O)c2ccc(cc2)Oc2ccc(cc2)N2C(=O)c3c(C2=O)cc(cc3)C(*)(C(F)(F)F)C(F)(F)F)cc1,tg,263.0417920364391
1054,*CCOC(=O)NCCCCCCCCCCNC(=O)O*,egc,6.390374828913058
1055,*O[Si](*)(CCCCCCCCCCC(=O)Oc1ccc(cc1)c1ccc(cc1)OC(=O)c1ccc(cc1)OCC)C,tg,-1.0317064693769418
1056,*OC(=O)NCC(C(C(C(CNC(=O)OCC(C(C(C(C*)(F)F)(F)F)(F)F)(F)F)(F)F)(F)F)(F)F)(F)F,tg,78.69089068659825
1057,*Oc1ccc(C(=O)OCCCCOC(=O)c2ccc(*)cc2)cc1,egc,4.3642400528566725
1058,*CC(C=C1)=CC=C1C(=S)C(S2)=CC=C2*,egc,2.643717322048699
1059,*c1ccc(Cc2ccc(N3C(=O)c4ccc(-c5ccc6c(c5)C(=O)N(*)C6=O)cc4C3=O)c(C(C)(C)C)c2)cc1C(C)(C)C,egc,2.9038750431418627
1060,*C(C*)c1cc(ccc1)O,tg,100.40492716351127
1061,*Nc1cc(NC(=O)c2ccccc2C(*)=O)cc(-c2nnc(-c3ccccn3)o2)c1,egc,3.278898128953097
1062,*CC(=O)NC(C)C(=O)O*,egc,6.035971254950895
1063,*c1cc2c(C(=O)N(C2=O)c2ccc(cc2)Oc2cc3c(cc2)ccc(c3)Oc2ccc(cc2)N2C(=O)c3c(C2=O)cc(cc3)C(=O)Nc2ccc(cc2)c2sc(c(c2c2ccccc2)c2ccccc2)c2ccc(cc2)NC(=O)*)cc1,tg,336.6452320882035
1064,*c1cc2c(C(=O)N(C2=O)c2ccc(cc2)Oc2ccc(cc2)N2C(=O)c3c(C2=O)cc(cc3)C(CCCCC(*)(C)C)(C)C)cc1,tg,241.1645766120899
1065,*C(C*)(C(=O)OCCCCCCOc1ccc(cc1)C(=O)Oc1c2c(c(cc1)N=Nc1ccc(cc1)I)cccc2)C,tg,64.98441049780111
1066,*c1oc(nn1)c1ccc(cc1)NC(=O)CN1C(=O)c2c(C1=O)cc(cc2)C(c1cc2c(C(=O)N(C2=O)CC(=O)Nc2ccc(cc2)*)cc1)(C(F)(F)F)C(F)(F)F,tg,275.0152370331589
1067,*N1C(=O)c2c(C1=O)cc(cc2)Oc1cc2c(C(=O)N(C2=O)c2ccc(cc2)Oc2c(cc(c(c2)C(C)(C)C)Oc2ccc(cc2)*)C(C)(C)C)cc1,tg,268.59279683295784
1068,*CC(=O)C(=S)c1ccc(*)s1,eps,5.483572612450414
1069,*Oc1c(Cl)cc(*)cc1Cl,egc,4.395563761931353
1070,*c1cc2c(C(=O)N(C2=O)c2c(cc(cc2C)C(c2cc(c(c(c2)C)N2C(=O)c3c(C2=O)cc(cc3)C(*)(C(F)(F)F)C(F)(F)F)C)c2c3c(ccc2)cccc3)C)cc1,tg,291.082114708627
1071,*Oc1ccc(cc1)C(c1ccc(cc1)OC(=O)*)(C(Cl)(F)F)C(Cl)(F)F,tg,166.8514210746681
1072,*CNCC(*)=O,egb,4.5959360403046325
1073,*C=C*,egc,4.19767031587057
1074,*CC(*)(C)C(=O)OCCCCCC,egc,6.13768950226343
1075,*CC(=O)OC(=O)COc1cccc(O*)c1,egc,4.911960902059511
1076,*c1cc2c(C(=O)N(C2=O)c2cc(ccc2)C(=O)Nc2ccc(cc2)NC(=O)c2cc(ccc2)N2C(=O)c3c(C2=O)cc(cc3)C(*)(C(F)(F)F)C(F)(F)F)cc1,tg,312.41357941917516
1077,*CCCCCCCCCCO*,egc,6.223502104454757
1078,*NNC(=O)c1c(cc(cc1)C(=O)*)OCCCCCCCC,tg,190.17424396059738
1079,*C=Cc1csc(C=Cc2cccc(*)n2)c1CCCCCCCC,egc,3.135916093253374
1080,*Oc1ccc(-c2ccc(-c3ccc(*)cc3)cc2)s1,egb,2.7336891201149673
1081,*CCCCCCCCCCC(=O)NCCCCCCNC(=O)CCCO*,egc,5.939430460523095
1082,*CNC(C=C1)=CC=C1N*,egc,4.500606253610659
1083,*CNc1ccc(N*)s1,egb,3.813411656294035
1084,*CCOC(=O)NCCC(C)NC(=O)O*,egc,6.424270034922126
1085,*Oc1c(cccc1)C(=O)NCC*,tg,137.21933006550702
1086,*N1C(=O)c2c(C1=O)cc(cc2)[Si](O[Si](O[Si](c1cc2c(C(=O)N(C2=O)c2cc(ccc2)Cc2cc(ccc2)*)cc1)(C)C)(C)C)(C)C,tg,207.95472877580443
1087,*C(C*)(C(=O)OCCCCCCCCCCCOc1ccc(cc1)N=Nc1ccc(cc1)OC(=O)c1cc2c(OCCOCCOCCOCCO2)cc1)C,tg,71.29249105324217
1088,*c1cc2c(C(=O)N(C2=O)c2cc(ccc2)N2C(=O)c3c(C2=O)cc(cc3)C(=O)Nc2nc(ccc2)NC(=O)*)cc1,tg,245.05377623518282
1089,*NCC(F)(F)C(*)(F)F,ei,7.66453418710344
1090,*OC(COC(=O)c1c2c(c(cc1)C(=O)*)cccc2)COc1ccc(cc1)N=Nc1ccc(cc1)C#N,tg,140.2494590637585
1091,*c1sc(c(c1c1ccccc1)c1ccccc1)c1ccc(cc1)NC(=O)Cc1ccc(cc1)c1sc(c(c1c1ccccc1)c1ccccc1)c1ccc(cc1)CC(=O)Nc1ccc(cc1)*,tg,304.1343749140709
1092,*CCC(=O)N(*)C,egc,5.195186278349415
1093,*c1ncc(-c2cnc(*)c(C)c2)cc1C,egc,4.0482536417427495
1094,*CC(*)C(=O)OCC(F)(F)C(F)(F)C(F)(F)C(F)(F)F,egc,6.07612841561774
1095,*c1cc(C)c(*)[nH]1,egc,3.5487883493723396
1096,*c1cc2c(s1)-c1sc(*)cc1C2CCCCCCN,egb,1.5991708495951664
1097,*C(F)(F)C(=O)C(F)(F)C(=O)*,egc,3.2549038313376353
1098,*OC(=O)Nc1c(ccc(c1)NC(=O)OCCN(CC*)c1ccccc1)C,tg,22.423720754109333
1099,*N1C(=O)c2c(C1=O)cc(cc2)C(=O)Oc1ccc(cc1)OC(=O)CCC*,tg,127.81983869295226
1100,*C(=O)c1ccc(NC(=S)Oc2ccc(Nc3ccc(*)s3)s2)s1,eps,5.638866030592348
1101,*CCCCCOC(=O)Nc1ccc(C)c(NC(=O)O*)c1,egb,5.135341777120751
1102,*C12CC3CC(*)(C1)CC(CCCC)(C3)C2,egc,5.942305395484033
1103,*c1cc2c(C(=O)N(C2=O)c2ccc(cc2)Oc2c3c(ccc2)c(ccc3)Oc2ccc(cc2)N2C(=O)c3c(C2=O)cc(cc3)C(=O)Nc2ccc(cc2)Oc2ccc(cc2)c2ccc(cc2)Oc2ccc(cc2)NC(=O)*)cc1,tg,259.1445499903355
1104,*NC(=O)c1ccc(-c2ccc(*)cc2)cc1,eps,4.916045045317479
1105,*C(C*)c1cc(c(cc1)Cl)C,tg,90.98842023876634
1106,*CC(*)(C)c1ncncn1,egc,5.254066735966185
1107,*CCOC(=O)NCCNC(=O)O*,egc,6.353004496958559
1108,*OC(=O)c1ccc(cc1)C(=O)OCCCCCC*,tg,-3.6922209430327464
1109,*C(C*)c1ccc(cc1)Br,tg,113.94882647399577
1110,*N1C(=O)N(C(=O)C1=O)CCCCCC*,tg,142.33347044985632
1111,*c1ccc(C(F)(F)c2ccc(C(*)(F)F)s2)s1,egb,2.8447349784508735
1112,*c1nnc(nc1c1ccc(cc1)Oc1ccc(cc1)C(=O)c1cc(ccc1)C(=O)c1ccc(cc1)Oc1ccc(cc1)*)c1ncccc1,tg,221.25139181894917
1113,*C(=O)Nc1ccc(Oc2ccc(NC(=O)c3ccc4c(c3)C(=O)N(c3ccc(S(=O)(=O)c5ccc(N6C(=O)c7ccc(*)cc7C6=O)cc5)cc3)C4=O)cc2)cc1,egc,2.680367053430608
1114,*Oc1cc2c(cc1)cc(cc2)OC(=O)c1ccc(cc1)Oc1ccc(cc1)C(=O)*,tg,160.65245278093377
1115,*N(CC*)CC[Si](C)(C)C,tg,103.19726783626139
1116,*NC(=S)Nc1ccc(*)cc1,ei,5.971015109752117
1117,*c1c2c(c(nn1)c1ccc(cc1)Oc1ccc(cc1)c1ccc(cc1)Oc1ccc(cc1)*)c(c(c(c2c1ccc(cc1)F)c1ccc(cc1)F)c1ccc(cc1)F)c1ccc(cc1)F,tg,351.53394038872455
1118,*N1C(=O)c2c(C1=O)cc(cc2)NC(=O)Nc1nc(ccc1)NC(=O)Nc1cc2c(C(=O)N(C2=O)c2ccc(cc2)c2nc(cc(c2)c2ccc(cc2)c2ccccc2)c2ccc(cc2)*)cc1,tg,257.95463667569953
1119,*OP(=O)(Oc1ccc(C(C)(C)c2ccc(*)cc2)cc1)c1ccccc1,egc,4.516356386819916
1120,*C(C*)C(=O)Oc1cc(ccc1)C(=O)OC,tg,28.155533234088438
1121,*C(*)(F)F,tg,-30.135522139318688
1122,*Oc1ccc(cc1)c1ccc(cc1)c1c(c(c(c(c1)c1ccccc1)c1ccc(cc1)c1ccc(cc1)OC(=O)c1c(cc(cc1)C(=O)*)c1ccccc1)c1ccccc1)c1ccccc1,tg,246.43126842050074
1123,*CC(C=C1)=CC=C1C(C=C2)=CC=C2C(S3)=CC=C3*,egc,3.504427324272823
1124,*NC(=O)c1cc(cc(c1)C(C)(C)C)C(=O)NCC1CC(CCC1)C*,tg,200.0190870705798
1125,*CC(=O)c1ccc(-c2ccc(*)s2)s1,eea,2.820514778480959
1126,*OC(=O)c1ccc(cc1)c1ccc(cc1)C(=O)OCC(C*)(C)C,tg,106.90305516145641
1127,*CCOCC(=O)O*,egc,6.420011592849163
1128,*C(C*)C(=O)OCC(C(OC(C(C(C(F)(F)F)(F)F)(F)F)(F)F)(F)F)(F)F,tg,-27.164346008708858
1129,*c1ccc2n(c3c(c2c1)cc(cc3)c1ccc(cc1)[Si](c1ccc(cc1)*)(c1ccccc1)c1ccccc1)CCCCCC#N,tg,216.46895036226655
1130,*CC(*)Br,egc,5.959339003258524
1131,*c1sc(nn1)c1cc(ccc1)OCCCCCCCCCCCOC(=O)c1cc(ccc1)C(=O)OCCCCCCCCCCCOc1ccc(cc1)*,tg,53.60433559453737
1132,*C(F)(F)C(F)(F)CC(=S)*,egc,2.416323390030208
1133,*OC(C(C(C(*)(F)F)(F)F)(F)F)(F)F,tg,-94.01665287042314
1134,*S(=O)(=O)c1ccc(cc1)*,tg,162.14435737645886
1135,*N1C(=O)c2c(C1=O)cc(cc2)Oc1ccc(cc1)Oc1cc2c(C(=O)N(C2=O)c2ccc(cc2)Oc2ccc(cc2)Sc2ccc(cc2)Oc2ccc(cc2)*)cc1,tg,197.4465026714749
1136,*OC(=O)CCCCC(=O)OCCCC*,tg,-44.767650586657126
1137,*Cc1ccc(-c2ccc(N*)cc2)cc1,eps,4.143922733872133
1138,*OC(=O)c1ccc(cc1)CCCCCCc1ccc(cc1)C(=O)*,tg,26.998198705382375
1139,*C1=CC(=C(C#N)C#N)C=C(O1)C=Cc1sc(c(c1CCCCCC)CCCCCC)c1sc(cc1)c1sc(cc1)c1sc(cc1)c1sc(c(c1CCCCCC)CCCCCC)C=C*,tg,119.81904121694255
1140,*Oc1ccc(cc1)Cc1ccc(cc1)OC(=O)*,tg,116.26762271889017
1141,*c1ccc(cc1)c1ccc(cc1)C(=Cc1c(cc(c(c1)OC)C=C(*)c1ccccc1)OC)c1ccccc1,tg,177.3673184526416
1142,*Oc1ccc(cc1)Cc1ccc(cc1)OC(=O)c1cc(ccc1)C(=O)*,tg,135.49429091255
1143,*N(CC*)C(=O)CCC(=O)OC,tg,17.688898874128206
1144,*OC(=O)CCCCC(=O)OCC(C*)(C)C,tg,-50.73703774413062
1145,*NC1CCC(CC1)CCC1CCC(CC1)NC(=O)CCCCCCCCC(=O)*,tg,101.84495873913114
1146,*C1C(CC(C1)C*)OC(=O)CCCCCCCCCCOc1ccc(cc1)c1ccc(cc1)C#N,tg,25.411023922559085
1147,*CC(S1)=CC=C1NO*,egc,3.9505858162178686
1148,*c1ccc2N(c3c(Sc2c1)cc(cc3)c1sc(c(c1)CCCCCC)c1sc(cc1CCCCCC)c1ccc2N(c3c(Sc2c1)cc(cc3)C=C*)c1ccc(cc1)OCCCCCCCCCCCC)c1ccc(cc1)OCCCCCCCCCCCC,tg,108.05895771635443
1149,*Oc1ccc(cc1)C(=Cc1ccc(cc1)OCC(COC(=O)CCCCC(=O)OCC(C*)O)O)C,tg,48.019762124705544
1150,*CC(C=C1)=CC=C1C(=O)C(C=C2)=CC=C2*,egc,4.421913816761625
1151,*CCc1ccc(-c2ccc(*)cc2)cc1,eea,1.4054852258078887
1152,*C(=S)C(F)(F)CC(*)(F)F,eea,4.067869635977198
1153,*OC(=O)c1ccc(C(=O)NCNC(=O)c2ccc(C(*)=O)cc2)cc1,egc,4.476747384084843
1154,*OC(=O)NNC(=O)CCCCCCCCC(=O)NNC(=O)OCCCCCCCC*,tg,24.519155194535237
1155,*N1C(=O)c2c(C1=O)cc(cc2)c1cc2c(C(=O)N(C2=O)c2cc(ccc2)OCCCCOc2cc(ccc2)*)cc1,tg,166.55661460376774
1156,*CCCCCCCCCCCCCCCCCCCCOC(=O)CCCC(=O)O*,egc,6.742633584720604
1157,*C(C*)C(=O)Oc1ccc(cc1)C#N,tg,84.01062570150408
1158,*N1C(=O)c2c(C1=O)cc(cc2)C(c1cc2c(C(=O)N(C2=O)CCN(CC*)c2ccc(cc2)C=CC2=CC(=C(C#N)C#N)CC(C2)(C)C)cc1)(C(F)(F)F)C(F)(F)F,tg,169.43424520485672
1159,*C(C*)c1c(ccc(c1)C(F)(F)F)C(F)(F)F,tg,102.4768379831055
1160,*C(C*)(C(=O)OCCN(c1ccc(cc1)N=Nc1ccc(cc1)S(=O)(=O)Nc1nccs1)CCCC)C,tg,115.47084013459653
1161,*CNCN*,nc,1.7415203724466124
1162,*NC(C)C(=O)NC(C)C(=O)NC(C(=O)NC(C(*)=O)C(C)C)C(C)C,egc,5.476249507483845
1163,*CCc1ccc(-c2ccc(*)s2)cc1,ei,5.426251151349661
1164,*Oc1ccc(CC(NC(=O)Cc2ccc(OC(=O)CC(C)CCC(*)=O)cc2)C(=O)OCCCCCCCC)cc1,egc,4.922164937497324
1165,*N1C(=O)c2c(C1=O)cc(cc2)Oc1cc(ccc1)Oc1cc2c(C(=O)N(C2=O)c2ccc(cc2)Oc2cc(ccc2)Oc2ccc(cc2)*)cc1,tg,198.71994285093123
1166,*C1COC2C1OCC2OC(=O)c1cc(ccc1)OCCCCCCOc1cc(ccc1)C(=O)O*,tg,40.6514858485097
1167,*C(C*)c1ccc(cc1)CCCCCCCCCC,tg,-49.84645678972095
1168,*Oc1cccc(OC(=O)Oc2ccc(OC(*)=O)cc2)c1,egc,4.937369213021151
1169,*c1ccc2n(c3c(c2c1)cc(cc3)c1cc2C(c3c(c2cc1)ccc(c3)*)(CCCCCC)CCCCCC)c1ccccc1,tg,170.149191626231
1170,*C(=O)NCCCCCCCCNC(=O)c1cncc(*)c1,egc,4.794025995258778
1171,*CC(=O)Nc1ccc(*)s1,eps,4.090046015585906
1172,*O[Si](CCC(C(C(C(C(C(C(C(CC[Si](*)(CCC(F)(F)F)C)(F)F)(F)F)(F)F)(F)F)(F)F)(F)F)(F)F)(F)F)(CCC(F)(F)F)C,tg,-26.850066361243282
1173,*Oc1ccc(OC(=O)c2ccc(C(*)=O)cc2)cc1C1CC2CCC1C2,egc,3.8503683283205223
1174,*Oc1c(cc(cc1)OC(=O)c1ccc(cc1)C(=O)*)C1CCCCC1,tg,227.53734679768516
1175,*O[Si](O[Si](O[Si](O[Si](O[Si](c1ccc(cc1)Oc1ccc(cc1)[Si](*)(C)C)(C)C)(C)C)(C)C)(C)C)(C)C,tg,-60.96327449857228
1176,*c1cc2c(C(=O)N(C2=O)c2ccc(cc2)Oc2ccc(cc2)N2C(=O)c3c(C2=O)cc(cc3)C(=O)Oc2ccc(cc2)c2ccc(cc2)OC(=O)*)cc1,tg,250.0161848010545
1177,*NC(=S)Nc1ccc(Cc2ccc(*)cc2)cc1,eea,1.6734085810004242
1178,*Oc1cc(cc(c1)C)OC(=O)c1cc(ccc1)C(=O)*,tg,127.15702501584131
1179,*CC(=O)CC(*)=S,egb,2.4968852900191405
1180,*C=CC=Cc1nc2cc3sc(*)nc3cc2s1,egc,3.1035736379075565
1181,*c1sc(-c2cc(SCC(C)CC)c(*)s2)cc1SCC(C)CC,egc,1.893376870103508
1182,*N1C(=O)c2c(C1=O)cc(cc2)Oc1cc2c(C(=O)N(C2=O)c2cc(ccc2)OCCOCCOCCOc2ccc(cc2)*)cc1,tg,136.88404123057242
1183,*NCNC(=O)OC(=O)NC(*)=O,ei,7.385929378021697
1184,*Oc1ccc(NC(=O)c2cccc(C(=O)Nc3ccc(*)cc3)c2)cc1,egc,3.5651135956896574
1185,*c1cc2c(C(=O)N(C2=O)c2cc(ccc2)C(=O)Nc2ccc(cc2)Oc2ccc(cc2)c2ccc(cc2)Oc2ccc(cc2)NC(=O)c2cc(ccc2)N2C(=O)c3c(C2=O)cc(cc3)C(*)(C(F)(F)F)C(F)(F)F)cc1,tg,294.6473137735535
1186,*OC(=O)NC1CC(CC(C1)(CNC(=O)OCCN(CC*)c1ccc(cc1)N=Nc1ccc(cc1)[N+](=O)[O-])C)(C)C,tg,157.3348653705896
1187,*c1ccc(C2C(c3ccccn3)C(*)C2c2ccccn2)cc1,egc,4.506269557953756
1188,*c1cc(C(=O)CC)c(*)[nH]1,egc,2.7517408445747913
1189,*OP(=O)(Oc1c(c(c(c(c1Cl)Cl)*)Cl)Cl)Oc1c(c(c(c(c1Cl)Cl)Cl)Cl)Cl,tg,143.64591415270425
1190,*Oc8ccc(C7(c5ccc(OC(=O)c4ccc(C3(c1ccc(C(*)=O)cc1)OC(=O)c2ccccc23)cc4)cc5)OC(=O)c6ccccc67)cc8,egc,4.011360224150202
1191,*NC(=S)Sc1cc(N)nc(*)n1,egc,2.9726242182875597
1192,*Nc1ccc(-c2ccc(-c3ccc(*)cc3)s2)cc1,ei,4.661865394641609
1193,*C1OC(C(C(C1O)O)O)OC*,tg,132.29219469858265
1194,*CCCCCCCCc1nnc(*)n1N,egc,5.4674683374014545
1195,*Nc1ccc(-c2ccc(-c3ccc(*)s3)s2)cc1,eea,1.9961400818954256
1196,*N1C(=O)c2c(C1=O)cc(cc2)Oc1c(cc(cc1C)C(c1cc(c(c(c1)C)Oc1cc2c(C(=O)N(C2=O)c2ccc(cc2)Oc2ccc(cc2)C2(C3C4C(CCC4)C(C2)C3)c2ccc(cc2)Oc2ccc(cc2)*)cc1)C)(C)C)C,tg,269.0209915244733
1197,*C(C*)C(=O)OCCn1c2ccccc2c2ccccc12,tg,106.37512039589642
1198,*Nc1cc(NC(=O)Nc2ccc(NC(*)=O)cc2)cc(C(=O)Nc2cccc3c2C(=O)c2ccccc2C3=O)c1,egc,2.477938401673811
1199,*N1C(=O)c2c(C1=O)cc(cc2)Oc1c(c(cc(c1)C(C)(C)C)C(C)(C)C)Oc1cc2c(C(=O)N(C2=O)c2ccc(cc2)Oc2ccc(cc2)*)cc1,tg,239.04372187312418
1200,*c1oc(nn1)c1sc(cc1CCCCCCCC)c1oc(nn1)c1c(cc(c(c1)OCCCCCCCC)*)OCCCCCCCC,tg,98.5816583700167
1201,*N1C(=O)c2c(C1=O)cc(cc2)Oc1ccc(cc1)*,tg,255.78359740384835
1202,*C(C*)(CC(=O)OC(C)C)C(=O)OC(C)C,tg,84.78700158985669
1203,*Cc1ccc(-c2ccc(-c3ccc(*)cc3)cc2)cc1,egb,3.4033292889548203
1204,*Oc1ccc(cc1)Oc1ccc(cc1)OC(=O)c1ccc(cc1)C(c1ccc(cc1)C(=O)*)(C(F)(F)F)C(F)(F)F,tg,127.91202210993666
1205,*CCC(=S)O*,nc,1.8011322002379908
1206,*Oc1cc(ccc1)NC(=O)c1ccc(cc1)Oc1ccc(cc1)C(c1cc(ccc1)C(c1ccc(cc1)Oc1ccc(cc1)C(=O)Nc1ccc(cc1)*)(C)C)(C)C,tg,136.57920534259057
1207,*Oc1cc(ccc1)C(=O)*,tg,126.343069411105
1208,*N1C(=O)C2C3C4C(C(C2C1=O)C=C3)C(=O)N(C4=O)CCC*,tg,233.0334588203542
1209,*Oc1ccc(cc1)C(=O)Nc1c(cccc1)c1ccc(cc1)NC(=O)c1ccc(cc1)*,tg,285.4942630911929
1210,*N1C(=O)c2c(C1=O)cc(cc2)Sc1ccc(cc1)Sc1ccc(cc1)Sc1cc2c(C(=O)N(C2=O)c2ccc(cc2)Sc2ccc(cc2)Sc2ccc(cc2)*)cc1,tg,185.5747020345666
1211,*Oc1ccc(cc1)S(=O)(=O)c1ccc(cc1)Oc1c(cc(cc1)C1(CCCCC1)c1cc(c(cc1)*)C)C,tg,225.28266712575996
1212,*NC(=O)c1ccc(-c2ccc(*)cc2)cc1,ei,5.726686172207202
1213,*Oc1c(C)cc(C2(c3cc(C)c(OC(=O)c4cc(C(*)=O)cc(C(C)(C)C)c4)c(C)c3)CC(C)CC(C)(C)C2)cc1C,egc,3.8426075041592234
1214,*N1C(=O)c2c(C1=O)cc(cc2)Oc1ccc(cc1)Oc1ccc(cc1)Oc1cc2c(C(=O)N(C2=O)c2ccc(cc2)Oc2cc(ccc2)Oc2ccc(cc2)*)cc1,tg,190.01952387009453
1215,*C(C(C(C*)OC)(C(=O)OC)C)(C(=O)OC)C,tg,128.82638692748915
1216,*Nc1ccc(cc1)Cc1ccc(cc1)NC(=O)c1cc(ccc1)C(=O)*,tg,230.91788757899732
1217,*Oc1c(c(c(c(c1F)F)c1c(c(c(c(c1F)F)Oc1ccc(cc1)C(c1ccc(cc1)*)(C(F)(F)F)C(F)(F)F)F)F)F)F,tg,177.06688158784215
1218,*OC(=O)CCCCCCC(=O)OCCCCCCCCCCCCCCCC*,tg,-40.18811934609356
1219,*CC(*)C(=O)OCCCOC,egc,6.004410315547447
1220,*CCCCCCNC(=O)C(CCCCC)C(=O)N*,egc,6.089353947219945
1221,*Nc1ccc(cc1)C(c1ccc(cc1)NC(=O)c1cc(ccc1)C(=O)*)(C(F)(F)F)C(F)(F)F,tg,269.58338798483277
1222,*C=CC1CC(*)C(C#N)(CC)C1,egb,5.39279974298195
1223,*NC(=O)C(=S)C(S1)=CC=C1*,egc,2.0365539536339248
1224,*c1ccc(Oc2ccc(S(=O)(=O)c3ccc(Oc4ccc(-c5c6c(c(*)c7ccccc57)C(=O)N(c5ccccc5)C6=O)cc4)cc3)cc2)cc1,egc,3.034282769626914
1225,*OC(COC(=O)c1c(cc(cc1)C)C(=O)*)COc1ccc(cc1)N=Nc1ccc(cc1)C#N,tg,115.40870811425555
1226,*Nc1ccc(Oc2ccc(*)s2)s1,eea,1.1293095149085584
1227,*CCOC(=O)c1ccc(O*)cc1C,egc,4.705517992433226
1228,*CC(=S)C(S1)=CC=C1C(=S)*,egc,2.491789450419283
1229,*C(C*)C(=O)OCCCCCCn1c2ccccc2c2ccccc12,tg,43.17182331969431
1230,*C(C*)c1cc(cc(c1)C)C,tg,83.04223820252116
1231,*c1cc2c(C(=O)N(C2=O)c2ccc(cc2)Oc2ccc(cc2)C(=O)c2ccc(cc2)Oc2ccc(cc2)C(=O)c2ccc(cc2)Oc2ccc(cc2)N2C(=O)c3c(C2=O)cc(cc3)C(=O)*)cc1,tg,228.25292837603504
1232,*CNCc1ccc(*)s1,nc,1.8139154563263706
1233,*C(C*)C(=O)OCC(C(C(F)(F)F)(F)F)(F)F,tg,-19.94387018247617
1234,*c1cc(N=Nc2ccc(OC)cc2)cc(*)c1O,egc,3.617824422188493
1235,*Oc1ccc(cc1)CC(NC(=O)CCc1ccc(cc1)OC(=O)CCCCCCCCC(=O)*)C(=O)OCCOCCOCC,tg,8.376211287961365
1236,*c1cc2c(C(=O)N(C2=O)c2cc(ccc2)C(=O)Nc2ccc(cc2)Oc2cc(ccc2)Oc2ccc(cc2)NC(=O)c2cc(ccc2)N2C(=O)c3c(C2=O)cc(cc3)C(*)(C(F)(F)F)C(F)(F)F)cc1,tg,273.5152154697777
1237,*c1cc(OC)c(*)cc1OC,egc,4.9694126139728745
1238,*C(=O)c1ccc2c(c1)C(=O)N(c1ccc(C(=O)c3cccc(C(=O)c4ccc(N5C(=O)c6ccc(*)cc6C5=O)cc4)c3)cc1)C2=O,egc,2.650058181390579
1239,*C=Cc1ccc(*)[n+](C)c1,egc,0.7251114125785733
1240,*C(C*)(C(=O)OCCCCCCOc1ccc(cc1)C(=O)Oc1ccc(cc1)OC)C,tg,27.189320966378332
1241,*NC(=S)Nc1ccc(*)cc1,nc,2.113519242931375
1242,*COC(=O)NCc1ccc(CNC(=O)OCc2ccc(*)o2)o1,egc,4.9687815325486415
1243,*CC(=O)C(=S)c1ccc(*)cc1,eps,4.968766174013694
1244,*c1ccc(cc1)C(=C(*)c1ccc(cc1)Oc1ccccc1)c1ccc(cc1)Oc1ccccc1,tg,298.36888939049214
1245,*Oc1cccc(*)c1C#N,egc,4.544679389387337
1246,*c1sc(c(c1c1ccccc1)c1ccccc1)c1ccc(cc1)CC(=O)Nc1c2c(ccc1)c(ccc2)NC(=O)Cc1ccc(cc1)*,tg,249.12825874446827
1247,*CC(*)C(=O)CC,egc,5.373729529750153
1248,*NC(=O)CCCCC(=O)NCCCC1(c2ccccc2c2ccccc12)CCC*,tg,117.89674422248923
1249,*Oc1ccc(cc1)OC(=O)c1c(ccc(c1)N=Nc1ccc(cc1)OCC)c1c(cc(cc1)N=Nc1ccc(cc1)OCC)C(=O)*,tg,175.43157995646857
1250,*CC1CCC(*)C1,egb,7.104188753864571
1251,*c1sc(cc1CCCCCCCC)c1ccc(cc1)c1sc(c(c1)CCCCCCCC)c1ccc(cc1)*,tg,23.58799262827317
1252,*CCCCCCNC(=O)CCCCC(=O)NCC(=O)N*,egc,5.950526516933553
1253,*Oc1ccc(SSc2ccc(*)cc2)cc1,egc,3.7268819655852266
1254,*c1ccc(N2C(=O)N(*)C2=O)cc1,egc,4.111972130269827
1255,*N(CC*)C(=O)CSC,tg,52.70284969364242
1256,*N1C(=O)c2c(C1=O)cc(cc2)C(=O)Oc1c(cc(cc1)OC(=O)c1cc2c(C(=O)N(C2=O)CCCOCCCCOCCC*)cc1)c1ccccc1,tg,65.11228768243242
1257,*Oc1c(cc(cc1)C(c1cc(c(cc1)OC(=O)*)Cl)(CC)C)Cl,tg,173.21891677166062
1258,*c1cc2c(C(=O)N(C2=O)c2ccc(cc2)Oc2c(c(ccc2)Oc2ccc(cc2)N2C(=O)c3c(C2=O)cc(cc3)C(*)(C(F)(F)F)C(F)(F)F)C#N)cc1,tg,255.60616793883582
1259,*Oc1c(cc(c(c1)OC(=O)c1ccc(cc1)C)OC(=O)CCCCCCCCCCCCCCC(=O)*)OC(=O)c1ccc(cc1)C,tg,34.631527125473546
1260,*Oc1ccc(cc1)NC(=O)c1cc2c(cc1)cc(cc2)C(=O)Nc1ccc(cc1)Oc1ccc(cc1)C1(C2CCC(C1)C2)c1ccc(cc1)*,tg,270.84846310169667
1261,*CC(COCCCC)O*,egc,5.726993499462842
1262,*CCCCCCCCCCOC(=O)CCCCSCCCCC(=O)O*,egc,5.146617672694721
1263,*c1ccc(cc1)c1ccc(cc1)C(*)(C(F)(F)F)C(F)(F)F,tg,163.8801932958804
1264,*C=Cc1ccc(N(c2ccc(C=Cc3ccc4c5ccc(*)cc5n(CC(CC)CCCC)c4c3)cc2)c2ccc(OCC(CC)CCCC)cc2)cc1,egc,2.691802042987683
1265,*OC(C*)C(C)(C)C,tg,64.15858979311714
1266,*C1C(=O)OC(=O)C1C(C*)OCC(C)C,tg,148.95103940129917
1267,*C(=S)C(F)(F)c1ccc(C(*)(F)F)s1,egb,2.303984940654008
1268,*CCOC(=O)NCCCCCCCCCCNC(=O)O*,egb,6.943403093425677
1269,*N1C(=O)c2c(C1=O)cc(cc2)NC(=O)Nc1ccc(cc1)Oc1c(cccc1)c1c(cccc1)Oc1ccc(cc1)NC(=O)Nc1cc2c(C(=O)N(C2=O)c2ccc(cc2)c2nc(cc(c2)c2ccc(cc2)c2ccccc2)c2ccc(cc2)*)cc1,tg,251.04320749367747
1270,*OC(=O)CCCCC(=O)OCCOCC*,tg,-62.49231111411272
1271,*Nc1cc(ccc1)C#Cc1ccc(cc1)NC(=O)c1cc(ccc1)C(=O)*,tg,277.18878855488384
1272,*NC(=O)CCCCCC(=O)NCCCCCCC*,tg,44.32524311050129
1273,*N(C(=O)CCCCCCCCC(=O)N(CC*)C)C,tg,4.470701196935835
1274,*Oc1cc2c(C(CC32CC(c2ccc(cc32)OC(=O)*)(C)C)(C)C)cc1,tg,256.4205022771412
1275,*NNC(=O)C=CC(=O)Nc1cc(ccc1)C=C1C(=O)C(=Cc2cc(ccc2)NC(=O)C=CC(=O)*)CCC1,tg,187.21105594077193
1276,*OC(=O)NCc1ccc(cc1)CNC(=O)OCCCCCCCCCCCC*,tg,35.384979700413744
1277,*CCCc1ccc(*)s1,egb,4.453602585532992
1278,*c1cc2c(s1)-c1sc(-c3sc(-c4sc(*)c5c4OCCO5)c4c3OCCO4)cc1C2=O,egc,1.693510819372597
1279,*NC(C=C1)=CC=C1C(C=C2)=CC=C2C*,egc,4.087795886130823
1280,*O[Si](O[Si](c1ccc(cc1)[Si](*)(C)C)(C)C)(C)C,tg,-74.54597239697908
1281,*c1ccc2c(c1)c1cc(*)ccc1n2CC(=O)NO,egc,3.604304330810042
1282,*c1n(cnc1C(=O)NCCCCCCNC(=O)*)C,tg,174.54775255168136
1283,*Oc1ccc(cc1)Sc1ccc(cc1)Oc1c(cc(cc1)c1ccc(cc1)c1cc(c(cc1)*)C(F)(F)F)C(F)(F)F,tg,188.42090340797125
1284,*C(=O)Oc1ccc(OC(=O)c2ccc3c(c2)C(=O)N(c2ccc(Oc4ccc(N5C(=O)c6ccc(*)cc6C5=O)cc4)cc2)C3=O)c(C)c1,egc,2.865273661291268
1285,*C(C*)C(=O)OCCCCCCCCC,tg,-51.75290286553837
1286,*c1ccc(*)n1C(C(=O)NO)n1c2ccccc2c2ccccc21,egc,2.5876318518531867
1287,*C(C*)(C(=O)OCCCCCC(=O)Oc1ccc(cc1)OC(=O)c1ccc(cc1)OCC)C,tg,32.838796218292885
1288,*N(CC(CN(CC(C*)O)c1ccc(cc1)N=Nc1ccc(cc1)[N+](=O)[O-])O)c1ccccc1,tg,157.1371029448503
1289,*NC(=O)NC(C=C1)=CC=C1*,egc,4.192799110836607
1290,*Oc1c(cc(cc1Cl)C(c1cc(c(c(c1)Cl)OC(=O)*)Cl)(C)C)Cl,tg,224.41086582667688
1291,*C(=O)NNC(=O)c1ccc(C(=O)NNC(=O)c2ccc(*)nc2)s1,egc,3.3675356171711
1292,*C(C*)C(=O)OCCCCOc1ccc(cc1)c1ccc(cc1)C#N,tg,40.296910584265596
1293,*OP(=O)(Oc1ccc(cc1)S(=O)(=O)c1ccc(cc1)*)OC1CCCCC1,tg,96.17564387340452
1294,*N1C(=O)c2c(C1=O)cc(cc2)c1cc2c(C(=O)N(C2=O)c2cc(ccc2)C(=O)Nc2ccc(cc2)Oc2ccc(cc2)c2ccc(cc2)Oc2ccc(cc2)NC(=O)c2cc(ccc2)*)cc1,tg,268.4245308772563
1295,*Oc1ccc(cc1)C(=O)c1ccc(cc1)*,tg,137.3343203345538
1296,*C(C#N)C(C#N)(C#N)*,egc,6.163552008878829
1297,*C(C*)CC1CCCC1,tg,62.23677609643639
1298,*OC(=O)CCCCCNC(=O)CCCCC(=O)NCCCCCC(=O)OCCCCCCCCCC*,tg,2.2039888441298734
1299,*NC(=O)c1ccc(NC(=S)c2ccc(Nc3ccc(*)cc3)cc2)s1,eps,5.9390284240718945
1300,*Oc1cc(ccc1)Oc1ccc(cc1)NC(=O)c1ccc(cc1)Oc1cc(ccc1)Oc1ccc(cc1)C(=O)Nc1ccc(cc1)*,tg,174.4597520274592
1301,*Oc1c(cc(cc1)C1(CC2C(CC1)CCCC2)c1cc(c(cc1)OC(=O)c1ccc(cc1)C(=O)*)C)C,tg,229.89563720899451
1302,*Oc1ccc(cc1)c1ccc(cc1)Oc1ccc(cc1)C(=O)c1c2c(ccc1)cccc2C(=O)c1ccc(cc1)*,tg,215.94869375824229
1303,*CC(*)(C)C(=O)OCCOCC,egc,6.034247054283561
1304,*C(=S)NC(F)(F)C(*)(F)F,eea,3.0405350949247807
1305,*Oc1ccc(CC(NC(=O)CCc2ccc(OC(=O)CCCCCCC(*)=O)cc2)C(=O)OC)cc1,egc,5.027712207894415
1306,*C(C*)(C(=O)OCc1ccc2n(c3c(c2c1)cccc3)CCCCCCCC)C,tg,29.041854156018463
1307,*C(C*)c1c(cccc1)C(=O)O,tg,173.05550560428642
1308,*CNc1ccc(O*)s1,nc,1.8996139126099525
1309,*CNC(=S)N*,eps,4.5779287188429585
1310,*c1nc2c(nc1c1ccccc1)cc(cc2)c1cc2c(nc(c(n2)c2ccccc2)c2ccc(cc2)*)cc1,tg,361.41185162681836
1311,*C(=O)Oc1ccc(OC(=O)c2ccc3c(c2)C(=O)N(c2ccc(Oc4ccc(N5C(=O)c6ccc(*)cc6C5=O)cc4)cc2)C3=O)c(C(C)(C)C)c1,egc,2.7068271178901084
1312,*CC(*)C#N,egb,7.294602753164024
1313,*OC(=O)CCCCCCCCC(=O)OCC#CC(=Cc1ccc(cc1)C#Cc1ccccc1)C#CC*,tg,54.32002919849852
1314,*C1C2C(C(C1)CC*)C1CCC2C1,tg,187.54506341071226
1315,*C1C(=O)OC(=O)C1C1C2CC(C(C1*)C2)C(=O)OC(CC)C,tg,204.84805632964466
1316,*c1cc2c(C(=O)N(C2=O)c2ccc(cc2)Oc2ccc(cc2)C(=O)c2cc(ccc2)N2C(=O)c3c(C2=O)cc(cc3)C(*)(C(F)(F)F)C(F)(F)F)cc1,tg,265.31444791024643
1317,*C(C*)(C(=O)OCCCCCCOc1ccc(cc1)N=Nc1ccc(cc1)C#N)C,tg,71.55075483338736
1318,*NC(=O)NC(*)=S,nc,2.3424499309403775
1319,*Oc1ccc(cc1)C(c1ccc(cc1)OC(=O)c1ccc(cc1)C(=O)*)(c1ccccc1)c1ccccc1,tg,249.02960945725593
1320,*N1C(=O)C2C(C1=O)C(Cc1ccccc21)C1C(=O)N(C(=O)C1)c1cc(cc(c1)C(=O)OCC)*,tg,266.47040329221494
1321,*C(C*)c1ccc(cc1)COCC(C(C(C(F)(F)F)(F)F)(F)F)(F)F,tg,-8.372777113383469
1322,*NC(=O)CCCCCCCC(=O)NCCCCCC*,tg,44.11169790853768
1323,*Oc1c(cc(cc1Cl)C1(C2CCC(C1)C2)c1cc(c(c(c1)Cl)OC(=O)*)Cl)Cl,tg,256.3070313026107
1324,*c1nc(nc(n1)N(c1ncnc(n1)N(*)c1ccccc1)c1ccccc1)c1ccccc1,tg,236.02814783364053
1325,*Oc1ccc(cc1)CC(NC(=O)Cc1ccc(cc1)OC(=O)COCC(=O)*)C(=O)OCCCCCC,tg,49.71723114560031
1326,*C(C*)c1c(cccc1)C(=O)OCCCCCC,tg,40.16297910134192
1327,*c1cc2c(C(=O)N(C2=O)c2cc(ccc2)P(=O)(c2cc(ccc2)N2C(=O)c3c(C2=O)cc(cc3)C(=O)Nc2ccc(cc2)NC(=O)*)c2ccccc2)cc1,tg,237.32952403539582
1328,*C#Cc1ccc(*)c(SCCCCCCCCCCCC)c1,egc,2.6152493832046146
1329,*CCCC(*)=S,ei,6.045488937453339
1330,*Oc1ccc(cc1)C(c1ccc(cc1)OC(=O)*)(CCC)C,tg,133.77864215598225
1331,*SCC(C*)(CC)CC,tg,-39.2750789023011
1332,*N1C(=O)c2c(C1=O)cc(cc2)S(=O)(=O)c1cc2c(C(=O)N(C2=O)C2CCC(CC2)*)cc1,tg,339.72154350743375
1333,*CC(=O)C(=S)c1ccc(*)s1,egb,1.724923789833321
1334,*N1C(=O)c2c(C1=O)cc(cc2)S(=O)(=O)c1cc2c(C(=O)N(C2=O)c2c(ccc(c2)*)C)cc1,tg,332.002732086786
1335,*CCNC(*)=S,nc,1.8801071914555594
1336,*c1cc2C(c3c(c2cc1)ccc(c3)c1ccc(cc1)c1c(c(cc(c1)c1ccc(cc1)OCCCCCC)c1ccc(cc1)*)c1ccc(cc1)OCCCCCC)(CCCCCC)CCCCCC,tg,100.76851241413043
1337,*OC(=O)NCCCCCCNC(=O)OCCCCC*,tg,20.857146204742534
1338,*N1C(=O)c2c(C1=O)cc(cc2)Oc1c(cc(cc1C)C(c1cc(c(c(c1)C)Oc1cc2c(C(=O)N(C2=O)c2ccc(cc2)Oc2ccc(cc2)C(c2ccc(cc2)Oc2ccc(cc2)*)(C(F)(F)F)C(F)(F)F)cc1)C)(C)C)C,tg,257.6928782473295
1339,*CCCC(*)(C)Cl,egc,6.668621884611664
1340,*Oc1ccc(cc1)S(=O)(=O)c1ccc(cc1)OC(=O)c1ccc(cc1)[Si](c1ccc(cc1)C(=O)*)(c1ccccc1)c1ccccc1,tg,230.1202961030518
1341,*N1C(=O)c2c(C1=O)cc(cc2)Oc1ccc(cc1)C(c1ccc(cc1)Oc1cc2c(C(=O)N(C2=O)c2ccc(cc2)Oc2c(cc(cc2)Oc2ccc(cc2)*)C(C)(C)C)cc1)(c1ccccc1)c1ccccc1,tg,218.6000614602326
1342,*Oc1ccc(cc1)C1(c2cc(ccc2c2ccc(cc12)[N+](=O)[O-])OC)c1ccc(cc1)OC(=O)CCCC(=O)*,tg,195.7432238708213
1343,*C(C*)(C(=O)OCCC)C,tg,33.764650390299856
1344,*c1sc(cc1)Oc1ccc(cc1)C(c1ccc(cc1)Oc1ccc(cc1)S(=O)(=O)*)(C)C,tg,123.23035586889542
1345,*CCOC(=S)NC(=S)c1ccc(N*)cc1,egb,2.302459166233357
1346,*Oc1c(cc(cc1)OC(=O)c1c(cc(c(c1)OCCCCCCCCCCCC)C(=O)*)OCCCCCCCCCCCC)C,tg,44.64840668594778
1347,*OC(=O)c1cc(cc(c1)OC1CCN(CC1)c1ccc(cc1)S(=O)(=O)C(C(C(C(C(C(C(C(F)(F)F)(F)F)(F)F)(F)F)(F)F)(F)F)(F)F)(F)F)C(=O)OCCN(CC*)c1ccc(cc1)S(=O)(=O)C(C(C(C(C(C(C(C(F)(F)F)(F)F)(F)F)(F)F)(F)F)(F)F)(F)F)(F)F,tg,81.60540572301694
1348,*CNc1ccc(-c2ccc(*)s2)cc1,egb,3.172040320301122
1349,*c1cc2c(C(=O)N(C2=O)c2ccc(cc2)Oc2ccc(cc2)C(c2cc(ccc2)C(c2ccc(cc2)Oc2ccc(cc2)NC(=O)*)(C)C)(C)C)cc1,tg,226.2411357839733
1350,*C=CC(C(*)C(=O)OCCN(c1ccc(cc1)N(C)C)C)C,tg,34.11626880378197
1351,*N1C(=O)c2c(C1=O)cc(cc2)Oc1ccc(cc1)Oc1cc2c(C(=O)N(C2=O)c2ccc(cc2)Oc2ccc(cc2)c2ccc(cc2)Oc2ccc(cc2)*)cc1,tg,217.58077914392985
1352,*c1ccc(C(c2ccccc2)c2ccc(-n3c(=O)c4cc5c(=O)n(*)c(=O)c5cc4c3=O)cc2)cc1,egc,2.4858468816749744
1353,*Oc1ccc(cc1)N1ON1c1ccc(cc1)OCCCCCCOC(=O)C(C(=O)OCCCCCC*)CCCCCCP(=O)(O)O,tg,10.917923508052288
1354,*CCC(C)=C(*)Cl,egc,4.337643911968636
1355,*CCC(C(=O)OC)C(*)C(=O)OC,egb,6.11007466966807
1356,*CCCC(*)=S,eps,3.5668146406090067
1357,*C1CCC1*,egb,6.371549798666413
1358,*CC(C)(C)COC(=O)CCCCCCCC(=O)O*,egc,6.755381944280288
1359,*CNCCCOCO*,nc,1.672353660669791
1360,*c1cc2c(C(=O)N(C2=O)c2ccc(cc2)c2sc(c(c2c2ccccc2)c2ccccc2)c2ccc(cc2)N2C(=O)c3c(C2=O)cc(cc3)C(=O)Nc2cc(ccc2)S(=O)(=O)c2cc(ccc2)NC(=O)*)cc1,tg,284.9347154644351
1361,*C(=O)N(*)CC=C,egc,4.461933517711115
1362,*NCCCNC(=O)NC(*)=O,ei,6.160610716101797
1363,*Oc1ccc(cc1)Cc1ccc(cc1)OC(=O)CCCCC(=O)*,tg,46.12094670627512
1364,*CNC(S1)=CC=C1C(C=C2)=CC=C2*,egc,3.8799837611831562
1365,*CCCCCCCCNC(=O)CCCCCCC(=O)N*,egc,5.840344516611268
1366,*OC1CCC(OC(=O)OCCCCCOC(*)=O)CC1,egb,7.4843542017722235
1367,*CCCCCCCCCCCCCNC(=O)CCCCCCCCCCCC(=O)N*,egc,5.9147152417878575
1368,*OC(=O)CCCCC(=O)OCC(=O)NCCCCCCNC(=O)C*,tg,1.3361787811997805
1369,*Oc1ccc(cc1)Oc1ccc(cc1)S(=O)(=O)c1ccc(cc1)Oc1ccc(cc1)C(=O)c1ccc(cc1)*,tg,187.14067754865033
1370,*Oc1ccc(cc1)NC(=O)c1cc(cc(c1)NC(=O)c1ccncc1)C(=O)Nc1ccc(cc1)*,tg,319.29238654287855
1371,*N1C(=O)c2c(C1=O)cc(cc2)Oc1ccc(cc1)C(c1ccc(cc1)Oc1cc2c(C(=O)N(C2=O)c2cc(ccc2)P(=O)(c2cc(ccc2)*)C)cc1)(C)C,tg,234.17428025141277
1372,*C(C*)C(=O)OC(C)C,tg,18.543636569939093
1373,*Oc1ccc2cc(C(*)=O)ccc2c1Br,egc,2.720112297040854
1374,*c1ccc(cc1)C(C(*)(C(=O)O)C#N)(C(=O)O)C#N,tg,119.7010814232329
1375,*Oc1ccc(cc1)c1cc(c(c(c1)c1ccc(cc1)c1ccccc1)c1ccc(cc1)NC(=O)c1ccc(cc1)C(=O)Nc1ccc(cc1)c1c(cc(cc1c1ccc(cc1)c1ccccc1)c1ccc(cc1)OCCCCCC*)c1ccc(cc1)c1ccccc1)c1ccc(cc1)c1ccccc1,tg,196.25089318389192
1376,*C=CC(C*)C(C)CC,egc,5.226063805986394
1377,*NC(Cc1ccc(OC(=O)OCc2ccccc2)cc1)C(*)=O,egc,5.018730218434983
1378,*Nc1cc(ccc1)NC(=O)CCCCCCCCC(=O)*,tg,97.53786775281233
1379,*C(C*)C(=O)OC1CC(CC(C1)C)(C)C,tg,77.1106302185578
1380,*Oc1ccc(cc1)CC(=O)*,tg,103.23439299163913
1381,*Oc1ccc(cc1)S(=O)(=O)c1ccc(cc1)c1ccc(cc1)S(=O)(=O)c1ccc(cc1)*,tg,269.6856911845871
1382,*C(C*)c1ccc(cc1)C(=O)OCC(C)C,tg,87.02420362015312
1383,*OC(=O)c1ccc(cc1)c1ccc(cc1)c1ccc(cc1)C(=O)OCCCCCC*,tg,59.918797740888756
1384,*Oc1ccc(cc1)Oc1ccc(cc1)OCCCCCCOC(=O)OCCCCCCCCOC(=O)OCCCCCC*,tg,-25.871156709585232
1385,*Oc1ccc(cc1)Oc1ccc(cc1)C(=O)c1ccc(cc1)NC(=O)CCCCCCCCC(=O)Nc1ccc(cc1)C(=O)c1ccc(cc1)*,tg,149.93970905458067
1386,*C(C=C1)=CC=C1C(=S)C(S2)=CC=C2C(=S)*,egc,1.9835482710238292
1387,*C(C*)C(=O)Oc1ccc(cc1)C(=O)Oc1ccc(cc1)OC(=O)c1ccc(cc1)OCCCC,tg,57.249184357914224
1388,*COCOCCCO*,nc,1.6374071752909807
1389,*c1cc2c(C(=O)N(C2=O)c2cc(ccc2)Oc2cc(ccc2)Oc2cc(ccc2)N2C(=O)c3c(C2=O)cc(cc3)C(=O)*)cc1,tg,211.92270074630966
1390,*Oc1ccc(cc1)C(c1ccc(cc1)OC(=O)c1c(cccc1)c1c(cccc1)C(=O)*)(c1ccccc1)C,tg,198.7490104756808
1391,*OC(=O)Nc1cc(c(cc1)C)NC(=O)OCCC*,tg,58.50193151070546
1392,*C(C*)(C(=O)OCCCCCOc1cc2c(cc1)cc(cc2)C(=O)Oc1ccccc1)C,tg,62.337306528202106
1393,*N1C(=O)c2c(C1=O)cc(cc2)Sc1cc2c(C(=O)N(C2=O)c2ccc(cc2)Cc2ccc(cc2)*)cc1,tg,283.0892775002225
1394,*C(C*)c1ccc(cc1)COCCOCCCC,tg,-26.43290960653087
1395,*C(C*)(C(=O)OCCCCCCCC[n+]1ccc(cc1)N(C)C)C,tg,48.18694750389198
1396,*Nc1c(cccc1)CCc1ccc(cc1)NC(=O)Nc1ccc(cc1)CCc1ccc(cc1)NC(=O)*,tg,149.48639650406022
1397,*CCOCCOCCOC(=O)CCSCCC(=O)O*,egc,5.365303544402969
1398,*c1cc2c(C(=O)N(C2=O)c2ccc(cc2)Oc2ccc(cc2)N2C(=O)c3c(C2=O)cc(cc3)C(=O)NCCN(CCNC(=O)*)c2ccc(cc2)C=Cc2ccc(cc2)[N+](=O)[O-])cc1,tg,186.17237128559202
1399,*Cc1ccc(-c2ccc(-c3ccc(*)cc3)cc2)cc1,eea,1.5955867287456627
1400,*C(C*)(C(=O)OCCCN(c1ccc(cc1)N=Nc1ccc(cc1)[N+](=O)[O-])CCO)C,tg,136.18772551835843
1401,*N1C(=O)c2c(C1=O)cc(cc2)S(=O)(=O)c1cc2c(C(=O)N(C2=O)c2ccc(cc2)C2(c3ccccc3c3ccccc23)c2ccc(cc2)*)cc1,tg,378.2340177742069
1402,*C(C*)OC(=O)C1CCCC1,tg,74.9012613362694
1403,*c1cc2c(C(=O)N(C2=O)c2ccc(cc2)c2nc(cc(c2)c2ccc(cc2)OCCCC#N)c2ccc(cc2)N2C(=O)c3c(C2=O)cc(cc3)C(=O)*)cc1,tg,306.6154213658277
1404,*NC(=O)C(=CC(=O)NCCCCCC*)C,tg,94.25691036211964
1405,*c1nc(ccc1)Oc1ccc(cc1)C(c1ccc(cc1)O*)(C)C,tg,91.32599495335383
1406,*CC(=O)c1ccc(-c2ccc(*)cc2)cc1,nc,1.904756889944698
1407,*C1C(CC(C1)C=C*)C#N,tg,103.32720529950792
1408,*OC(=S)C(F)(F)C(*)(F)F,ei,7.334954369139733
1409,*C(=O)C(S1)=CC=C1C(=O)O*,egc,3.963811085751541
1410,*c1oc(nn1)c1ccc(cc1)Oc1cc(ccc1)NC(=O)c1cc(cc(c1)N1C(=O)c2c(C1=O)cccc2)C(=O)Nc1cc(ccc1)Oc1ccc(cc1)*,tg,269.0780229294809
1411,*Nc1c2c(ccc1)c(ccc2)NC(=O)c1cc(ccc1)C(=O)*,tg,278.8983455147033
1412,*OC(=O)CCCC*,tg,-35.63285027405927
1413,*NC(=O)c1ccc(cc1)C(=O)NCCCCCCCCC*,tg,142.7033344595286
1414,*Nc1cc(ccc1)NC(=O)c1ccc(cc1)C(=O)Nc1cc(ccc1)NC(=S)NC(=O)c1cc(ccc1)C(=O)NC(=S)*,tg,238.3567517590423
1415,*c1ccc(N(c2ccc(CCCC)cc2)c2ccc(-c3sc(*)c4c3OCCO4)cc2)cc1,egc,1.9632512486717368
1416,*C(=O)c1ccc2c(c1)C(=O)N(c1ccc(Oc3ccc(-c4ccc(Oc5ccc(N6C(=O)c7ccc(*)cc7C6=O)cc5)cc4)cc3)cc1)C2=O,egc,2.4785891132445537
1417,*c1ccc(*)c(C)n1,egc,4.510066079719826
1418,*c1cc2c(C(=O)N(C2=O)c2ccc(cc2)N2C(=O)c3c(C2=O)cc(cc3)c2c(c(c(c(c2c2ccccc2)c2ccccc2)c2ccc(cc2)Sc2ccc(cc2)c2c(c(c(c(c2c2ccccc2)c2ccccc2)*)c2ccccc2)c2ccccc2)c2ccccc2)c2ccccc2)cc1,tg,362.7177067680934
1419,*c1cc2c(C(=O)N(C2=O)c2c(ccc(c2)N2C(=O)c3c(C2=O)cc(cc3)C(=O)OCCN(CCOC(=O)*)c2ccc(cc2)N=Nc2ccccc2)N=Nc2ccccc2)cc1,tg,152.40200805632273
1420,*Cc1ccc(COC(=O)c2cccc(C(=O)O*)c2)cc1,egc,4.611494246980114
1421,*O[Si](O[Si](Oc1c(cc(cc1C)c1cc(c(c(c1)C)*)C)C)(C)C)(C)C,tg,21.700487634280172
1422,*OC(C)COC(=O)CCCC(*)=O,egc,6.673874987682221
1423,*CC(S1)=CC=C1NC(=S)*,egc,3.4247111270151747
1424,*Nc1ccc(C(=O)O*)s1,eps,4.735107322468314
1425,*CC(=S)NC(*)=S,egb,2.0860668390118726
1426,*OC(COC(=O)*)COCCOC,tg,-10.804588786114126
1427,*CC(C=C1)=CC=C1OC(=S)*,egc,4.14749925786794
1428,*Cc1cc(C)c(*)cc1C,egc,4.329865973601088
1429,*N=C(O)N=C(*)N=C(N)N,egc,3.570616025846662
1430,*CC(OO*)c1ccc(Br)cc1,egc,4.004171804883227
1431,*OC(C)CCOC(=O)CCCCS(=O)(=O)CCCCC(*)=O,egc,6.470312348263443
1432,*c1c(c(cc(c1)N=Nc1ccc(cc1)OC)*)O,tg,158.17349186329818
1433,*C(=O)C(S1)=CC=C1C(=O)C(S2)=CC=C2*,egc,2.7519501790574337
1434,*CC(*)C(=O)O,egb,6.801640733778354
1435,*Nc1ccc(*)cc1,eps,4.693075432782901
1436,*C(C*)C(=O)OCCCSCCC#N,tg,-50.73990364671842
1437,*Oc1ccc(cc1)OC(=O)c1ccc(cc1)[Si](c1ccc(cc1)C(=O)*)(C)C,tg,189.56599584942688
1438,*C(C*)CNc1ncc(cc1)[N+](=O)[O-],tg,123.66671498316929
1439,*OC(=O)CCCCCCCCCCCCC(*)=O,egc,6.221321868233777
1440,*C=C1CCCCC(=Cc2ccc(Sc3ccc(*)o3)o2)C1=O,egc,2.5951701365486612
1441,*C1C(=O)N(C(=O)C1C(C*)c1ccccc1)CCCOc1ccc(cc1)c1ccc(cc1)C#N,tg,188.6884393414097
1442,*c1c(cc(cc1)*)C(=O)c1ccc(cc1)F,tg,176.8479765790277
1443,*OC(=O)Nc1c(ccc(c1)NC(=O)OCCCCCCCCCC*)C,tg,43.03050257178176
1444,*CC(CCCCCCCCCC)O*,egc,5.785000679329547
1445,*c1nc(nc(n1)N(CCCCCCCCCCN(*)c1ccccc1)c1ccccc1)C,tg,54.091035619176026
1446,*c1c([nH]c(n1)c1cc(ccc1)c1[nH]c(c(n1)c1ccc(cc1)Oc1ccc(cc1)S(=O)(=O)c1ccc(cc1)Oc1ccc(cc1)*)c1ccccc1)c1ccccc1,tg,303.62428254783316
1447,*N1C(=O)c2c(C1=O)cc(cc2)C(=O)Nc1ccc(cc1)Oc1ccc(cc1)NC(=O)C*,tg,235.576262659481
1448,*N=P(*)(OCC(C(C(C(C(C(C(F)(F)F)(F)F)(F)F)(F)F)(F)F)(F)F)(F)F)OCC(C(C(C(C(C(C(F)(F)F)(F)F)(F)F)(F)F)(F)F)(F)F)(F)F,tg,-22.849409606838282
1449,*CCCCCCCCNC(=O)CCCCCCCCC(=O)N*,egc,5.791574826981596
1450,*N1C(=O)c2c(C1=O)c(ccc2)Oc1ccc(cc1)C(c1ccc(cc1)Oc1c2c(C(=O)N(C2=O)c2c(cc(c(c2C)*)C)C)ccc1)(C)C,tg,259.28145011302604
1451,*C(C*)(C(=O)Oc1c(c(c(c(c1Cl)Cl)Cl)Cl)Cl)C,tg,145.11352191519887
1452,*CC(O)COC(=O)CCCCC(=O)OCC(O)COc1ccc(O*)cc1,egc,4.948503272587132
1453,*Oc1ccc(C(=S)c2ccc(*)s2)s1,eps,5.265288823122432
1454,*Oc1ccc(cc1)NC(=O)c1ccc(cc1)Oc1ccc(cc1)C(c1cc(ccc1)C(c1ccc(cc1)Oc1ccc(cc1)C(=O)Nc1ccc(cc1)Oc1ccc(cc1)c1ccc(cc1)*)(C)C)(C)C,tg,172.0256128830572
1455,*NC(=O)CCc1ccc(cc1)CCC(=O)NCCCCCCCCCCCCCC*,tg,77.05284425728802
1456,*Oc1ccc(cc1)C(=O)c1ccc(cc1)OCCCCCCOC(=O)OCCCCCCCCOC(=O)OCCCCCC*,tg,-10.167884894452552
1457,*NC(F)(F)CC(*)(F)F,egb,7.5411062313334085
1458,*NC(CC(=O)OCc1ccc(Cl)cc1)C(*)=O,egc,4.789790812710703
1459,*c1cc2c(C(=O)N(C2=O)c2cc(c(cc2)Oc2c(cc(cc2)N2C(=O)c3c(C2=O)cc(cc3)C(=O)Nc2c(ccc(c2)C(F)(F)F)Oc2c3c(ccc2)c(ccc3)Oc2c(cc(cc2)C(F)(F)F)NC(=O)*)c2ccccc2)c2ccccc2)cc1,tg,291.517269074691
1460,*c1nc2c(c(c1)c1ccccc1)cc(cc2)c1cc2c(nc(cc2c2ccccc2)c2ccc(cc2)c2ccc(cc2)c2ccc(cc2)c2ccc(cc2)*)cc1,tg,384.06369834267855
1461,*C1C(=O)N(C(=O)C1C(C*)(C)C)C(C)C,tg,133.8396174478462
1462,*C(C*)OCC(C)C,tg,-46.028559422661154
1463,*C1COC2C1OCC2OC(=O)C(NC(=O)CCCCCCCCC(=O)NC(C(=O)O*)C(CC)C)C(CC)C,tg,86.45902227642902
1464,*CCCCCCCCCCNC(=O)CCCCCCCCCCCCCCCCC(=O)N*,egc,5.837336812304191
1465,*c1ccc(-c2nc3ccc(S(=O)(=O)c4ccc5nc(*)c(-c6ccccc6)nc5c4)cc3nc2-c2ccccc2)cc1,egc,3.2075913761397414
1466,*Oc1ccc(cc1)C1(c2ccccc2c2ccccc12)c1ccc(cc1)Oc1cc(c(cc1)C(=O)c1ccccc1)c1c(ccc(c1)*)C(=O)c1ccccc1,tg,243.13808398102893
1467,*NC1CC(CCC(*)=O)C1(C)C,egc,5.9423078725470075
1468,*C(=S)c1ccc(-c2ccc(-c3ccc(*)cc3)cc2)s1,ei,5.647852079763499
1469,*OC(=O)NNC(=O)CCCCCCCCC(=O)NNC(=O)OCCCCCC*,tg,7.743713492026227
1470,*CC(=O)C(=S)c1ccc(*)s1,eea,3.7475907065112675
1471,*c1nc(nc(n1)OCCCCO*)OC,tg,49.16832859917999
1472,*CCCCCCCCCCOC(=O)CCCC(=O)O*,egc,6.789070424187383
1473,*C=Cc1ccc(C=Cc2nc3cc4nc(*)[nH]c4cc3[nH]2)cc1,egc,2.5834714276230697
1474,*N1C(=O)c2c(C1=O)cc(cc2)Oc1ccc(cc1)Oc1cc2c(C(=O)N(C2=O)c2ccc(cc2)C(=O)c2ccc(cc2)*)cc1,tg,227.77051081174443
1475,*C(C*)(C(=O)OC1CC(CCC1)C)C,tg,94.60532907302965
1476,*OC(=O)OCCCCCCOC(=O)OC1COC2C(*)COC12,egc,6.602539996149574
1477,*C(=O)c1ccc2c(c1)C(=O)N(c1ccc(C3(c4ccc(N5C(=O)c6ccc(*)cc6C5=O)cc4)c4ccccc4-c4ccccc43)cc1)C2=O,egc,2.616103817023259
1478,*C(C*)C(=O)NCC(=O)N,tg,122.62669732469433
1479,*CC(C)(C*)CN(C)CC1C2CC3CC(C2)CC1C3,egc,4.972997102053548
1480,*Oc1c(cc(cc1)c1cc(c(cc1)OC(*)(Oc1ccccc1)Oc1ccccc1)C)C,tg,114.93754099327636
1481,*CCCCCCOC(=O)CC=CCC(=O)O*,egc,5.921243980148531
1482,*C(C*)(CC(=O)OC(C)C)C(=O)OC12CC3(CC(CC(C1)C3)(C2)C)C,tg,156.3506986212782
1483,*CC(CO*)(COC=O)COC=O,egc,6.436026144065295
1484,*Nc1ccc(cc1)Cc1ccc(cc1)NC(=O)c1ccc(cc1)P(=O)(c1ccc(cc1)C(=O)*)c1ccccc1,tg,253.54052994873177
1485,*Oc1ccc(cc1)C(c1ccc(cc1)OC(=O)c1ccc(cc1)C(=O)*)(C)C,tg,214.0090592942454
1486,*C1C2CC(C)C(C2)C1*,egb,5.353107913791367
1487,*NC(C=C1)=CC=C1C(=O)C(C=C2)=CC=C2*,egc,3.207670502495923
1488,*C(C*)NC(=O)OC(C)(C)C,tg,149.883333614864
1489,*C(C*)C(=O)OCC(C(F)(F)F)(F)F,tg,7.430317310232529
1490,*C(C*)n1cncc1,tg,164.75787724380166
1491,*Nc1c([2H])c([2H])c(*)c([2H])c1[2H],egc,3.677917285567369
1492,*NC(=S)Nc1ccc(Cc2ccc(*)cc2)cc1,nc,1.9330470375449085
1493,*C(F)(F)C1(F)C(F)(F)C(*)(F)C1(F)F,egc,7.908297045010559
1494,*CCCCCCCCOC(=O)NCc1ccc(CNC(=O)O*)cc1,egc,5.368864671867822
1495,*O[Si](*)(CCCOc1ccc(cc1)C(=O)Oc1ccc(cc1)OC)C,tg,27.647479592870578
1496,*CCCCCOC(=O)O*,ei,7.257096615335562
1497,*c1cc2c(C(=O)N(C2=O)c2ccc(cc2)C(=O)OCCCCCCCCCCCCOC(=O)*)cc1,tg,65.97837663425611
1498,*CC(OC(=O)C(=O)OCC)C(COC(=O)O*)OC(=O)C(=O)OCC,egc,6.073317801212196
1499,*Oc1ccc(cc1)Cc1ccc(cc1)OCC(C*)O,tg,63.08551475958763
1500,*CCC(Cl)C(*)Cl,egb,7.157552427120374
1501,*CCCC(C)(C)CNC(=O)CCCCCCCCC(=O)N*,egc,5.741381114817457
1502,*C(C*)(C(=O)OCc1c(cccc1Cl)Cl)C,tg,62.9024389249024
1503,*CCCCCCCCCCCCNC(=O)NCCCCCCNC(=O)N*,egc,5.689832781610677
1504,*NC(=O)c1ccc(-c2ccc(*)s2)cc1,nc,2.1185688028462697
1505,*CCCN(*)C(=O)c1ccccc1,egc,4.743953648072064
1506,*c1cc2c(C(=O)N(C2=O)c2ccc(cc2)OCCN(CCOc2ccc(cc2)N2C(=O)c3c(C2=O)cc(cc3)C(*)(C(F)(F)F)C(F)(F)F)c2ccc(cc2)C(=C(C#N)C#N)C#N)cc1,tg,188.0912553156984
1507,*OC(=O)Nc1ccc(cc1)Cc1ccc(cc1)NC(=O)OCCOCCOCCOCC*,tg,59.91088230488063
1508,*C(C*)(C(=O)OCC(=O)N1CCCC1)C,tg,112.37261196184511
1509,*C(C*)(C(=O)OCCCCCCCCOc1ccc(cc1)C(=O)Oc1ccc(cc1)C(=O)C=Cc1c(c2c(n1CCCC)cccc2)C)C,tg,77.08933956093165
1510,*CC(=O)OC(*)=S,eea,3.0762734614215206
1511,*O[Si](CCCN=C1C(=CC(=NCCC[Si](*)(C)C)C(=C1)O)O)(C)C,tg,-3.634633702586105
1512,*C(C*)C(=O)OCCCOc1ccc(cc1)N=Nc1ccc(cc1)[N+](=O)[O-],tg,54.95982707018521
1513,*CC(=O)CO*,egb,5.0309256817193715
1514,*c1cc2c(C(=O)N(C2=O)c2c3c(ccc2)c(ccc3)Oc2ccc(cc2)N2C(=O)c3c(C2=O)cc(cc3)C(=O)Nc2c3c(ccc2)c(ccc3)Oc2ccc(cc2)NC(=O)*)cc1,tg,268.74623188976506
1515,*C(C*)(C(=O)OCc1sccc1)C,tg,69.6419079073679
1516,*Nc1ccc(Nc2ccc(*)s2)s1,egb,2.2740727901181983
1517,*c1cc2c(C(=O)N(C2=O)c2c(cc(cc2C)c2cc(c(c(c2)C)N2C(=O)c3c(C2=O)cc(cc3)C(=O)*)C)C)cc1,tg,344.23269061840796
1518,*CCCCCCCCCCCCCCOC(=O)c1ccc(C(=O)NCCCCCNC(=O)c2ccc(C(=O)O*)cc2)cc1,egc,4.534431241121084
1519,*c1nc2c(nc1)cc(cc2)c1ccc2c(nc(cn2)c2ccc(cc2)Oc2ccc(cc2)Oc2ccc(cc2)Oc2ccc(cc2)*)c1,tg,229.67964945833867
1520,*c1ccc(-c2ccc(*)s2)s1,ei,4.686497349203408
1521,*C(C*)(C(=O)OCC=C)C,tg,54.73715070327315
1522,*CCC(C)C(C)CCNC(=O)c1cccc(C(=O)N*)c1,egc,4.997279201046177
1523,*C(=O)Nc1ccc(NC(=O)c2ccc3c(c2)C(=O)N(c2cccc(N4C(=O)c5ccc(*)cc5C4=O)c2)C3=O)cc1,egc,2.7260342415038967
1524,*OP(=O)(Oc1ccc(cc1)S(=O)(=O)c1ccc(cc1)*)Oc1ccc(cc1)[N+](=O)[O-],tg,100.62575950565311
1525,*OC(=O)CCC(=O)OCCCC*,tg,-44.36296793802635
1526,*CC(=S)c1ccc(N*)cc1,egb,2.02980908946378
1527,*C(=O)OC1CCC(OC(=O)N2CC(C)N(*)CC2C)CC1,egc,6.262779826526414
1528,*N=P(*)(Oc1cccc(Cl)c1)Oc1cccc(Cl)c1,egc,3.8721987897394885
1529,*N1C(=O)c2c(C1=O)cc(cc2)C(=O)c1cc2c(C(=O)N(C2=O)CCC(=O)Nc2ccc(cc2)Cc2ccc(cc2)NC(=O)CC*)cc1,tg,226.55107377858994
1530,*c1cc2c(C(=O)N(C2=O)c2c(cc(cc2C)Cc2cc(c(c(c2)C)N2C(=O)c3c(C2=O)cc(cc3)C(=O)Nc2c(ccc(c2)NC(=O)*)N=Nc2ccc(cc2)[N+](=O)[O-])C)C)cc1,tg,262.2781689221098
1531,*CC(O*)C(F)(F)F,eps,3.631584230145823
1532,*CC(=S)C(=O)C(*)=S,eps,5.593602166601852
1533,*OC(=O)c1ccc(C(=O)Oc2ccc3c(c2)Oc2cc(*)ccc2C32c3ccccc3-c3ccccc32)cc1,egc,3.3073783961359675
1534,*C(C*)OC,tg,6.830807263962565
1535,*Oc1ccc(cc1)CC(NC(=O)CCc1ccc(cc1)OC(=O)*)C(=O)OCC,tg,101.11734204241634
1536,*CCCCCCOC(=O)C1C(=O)C2CCC1C(=O)C2C(=O)O*,egc,4.807923598246633
1537,*NC(=O)c1ccc(-c2ccc(*)cc2)s1,eea,2.9261864001037035
1538,*c1c(nc2c(n1)cc(cc2)Oc1ccc(cc1)NC(=O)c1cc2c(C(=O)N(C2=O)c2ccc(cc2)C(c2ccc(cc2)N2C(=O)c3c(C2=O)cc(cc3)C(=O)Nc2ccc(cc2)Oc2cc3c(nc(c(n3)c3ccc(cc3)Oc3ccc(cc3)*)c3ccccc3)cc2)(C(F)(F)F)C(F)(F)F)cc1)c1ccccc1,tg,283.6226889931571
1539,*c1cc2c(C(=O)N(C2=O)c2c(cc(cc2C)Cc2cc(c(c(c2)C)N2C(=O)c3c(C2=O)cc(cc3)C(=O)OCCN(CCOC(=O)*)c2ccc(cc2)N=Nc2c(cc(cc2)[N+](=O)[O-])[N+](=O)[O-])C)C)cc1,tg,162.8291308746747
1540,*Oc1ccc(C(=S)c2ccc(*)s2)s1,nc,2.08787011857842
1541,*Oc1c(cc(cc1)C(c1cc(c(cc1)OC(=O)*)Cl)(C)C)C,tg,107.12951652268576
1542,*c1ccc(C(=O)C(F)(F)C(*)(F)F)s1,egb,3.388831378348322
1543,*OC(=O)NCCCCCCNC(=O)OCC(C(C*)(F)F)(F)F,tg,-41.37781977794416
1544,*NOC(=O)O*,ei,7.8848690734720135
1545,*c1ccc(CC(F)(F)C(*)(F)F)cc1,eps,3.4485230283889856
1546,*C1C2CC(C(=O)NCC(O)C(O)C(OC3OC(CO)C(O)C(O)C3O)C(O)CO)C(C2)C1*,egb,4.438608024081902
1547,*OC(CC(=O)*)CCCCCCC=C,tg,-42.32438032721955
1548,*NNC(=O)c1c(cccc1)C(=O)Nc1cc(ccc1)C=C1C(=O)C(=Cc2cc(ccc2)NC(=O)c2c(cccc2)C(=O)*)CC1,tg,205.11185297378313
1549,*NC(=O)CCCCCCCCCCCCCCCCC(=O)NCCCCCCCCCC*,tg,43.26998399002989
1550,*CC(*)OC(=O)c1cccc(Br)c1,egc,3.3243071872772165
1551,*C(=O)c1ccc(-c2ccc(C(*)=S)cc2)s1,nc,2.254963733987374
1552,*N1C(=O)c2c(C1=O)c(ccc2)Oc1ccc(cc1)Oc1ccc(cc1)Oc1c2c(C(=O)N(C2=O)c2ccc(cc2)Oc2ccc(cc2)*)ccc1,tg,230.94207489496284
1553,*CC(C#N)(C#N)C(C#N)C(C#N)(C#N)C(C#N)C(C#N)(C#N)C(C#N)C(C#N)(C#N)*,egc,6.248624035807763
1554,*c1cnc(s1)N1C(=O)c2c(C1=O)cc(cc2)C(c1cc2c(C(=O)N(C2=O)c2ccc(cc2)Oc2ccc(cc2)*)cc1)(C(F)(F)F)C(F)(F)F,tg,298.0218629245477
1555,*c1nc(ccc1)N1C(=O)N(C(=O)C1=O)CCCCCCN1C(=O)N(C(=O)C1=O)*,tg,153.05841393030784
1556,*CC(C)(CO*)COCCCCCCCCCCOc1ccc(-c2ccc(C#N)cc2)cc1,egc,3.8567697724173873
1557,*OC(=O)NCCCCCCNC(=O)OCC(C(C(C*)(F)F)(F)F)(F)F,tg,-16.997903405101823
1558,*OC(F)(F)c1ccc(C(*)(F)F)cc1,eps,3.7108334293018572
1559,*N1C(=O)c2c(C1=O)cc(cc2)Oc1ccc(cc1)C1(CCCCCCCCCCC1)c1ccc(cc1)Oc1cc2c(C(=O)N(C2=O)c2ccc(cc2)Oc2ccc(cc2)*)cc1,tg,240.52839796136308
1560,*C1CC2CC(CC(C1)O2)OC(=O)c1ccc(cc1)C(=O)O*,tg,185.83560356253636
1561,*c1n(c(nn1)c1ccc(cc1)Oc1ccc(cc1)C(c1ccc(cc1)Oc1ccc(cc1)*)(C(F)(F)F)C(F)(F)F)c1cc(ccc1)C(F)(F)F,tg,224.6153383739671
1562,*N1C(=O)c2c(C1=O)cc(cc2)Oc1ccc(cc1)C1(CCCCCCCCCCC1)c1ccc(cc1)Oc1cc2c(C(=O)N(C2=O)c2ccc(cc2)Oc2c(cc(cc2)Oc2ccc(cc2)*)C(C)(C)C)cc1,tg,242.34120225428364
1563,*c1oc2c(n1)ccc(c2)c1ccc2c(oc(n2)CCCCCCCC*)c1,tg,68.67543525673197
1564,*c1cc(*)cc(-c2nc3ccccc3o2)c1,egc,3.4536078273330926
1565,*Oc1c(cc(cc1)C(=O)*)CCCCC,tg,75.04517094330943
1566,*OC(C=C1)=CC=C1C(=O)C(S2)=CC=C2C(=O)NOC(=O)*,egc,3.611931948402355
1567,*C(C(*)(F)F)(OC(F)(F)F)F,tg,-4.211156936563463
1568,*Oc1ccc(cc1)C(c1ccc(cc1)OCC(C*)O)(CC)C,tg,91.81968442416341
1569,*Oc1ccc(cc1)CC(NC(=O)CCc1ccc(cc1)OC(=O)CCCCCCC(=O)*)C(=O)OCCOCCOCC,tg,5.442281502025845
1570,*c1nc2c(c(c1)c1ccccc1)cc(cc2)Oc1cc2c(nc(cc2c2ccccc2)c2ccc(cc2)Oc2ccc(cc2)*)cc1,tg,296.6506848603201
1571,*Nc1ccc(NC(=O)c2ccc(C(*)=O)cc2F)cc1F,egc,3.5776058723157496
1572,*NC(=O)CCCCCCCCCCCCCC(=O)NCc1ccc(cc1)C*,tg,86.63709042889133
1573,*NC(=O)c1ccc(C(*)=S)cc1,egb,2.8740982079002033
1574,*OS(=O)(=O)c1cc(C)c(*)c(C)c1,egc,4.47193263221427
1575,*OC(=O)CCS(=O)(=O)CCS(=O)(=O)CCC(*)=O,egc,6.087808509516747
1576,*CC(*)c1ccc(Cl)c(C)c1,egc,3.6101355228612335
1577,*CCOCCOC(=O)C(=O)O*,egc,5.699890938044193
1578,*Oc1c(cc(cc1OC)/C=C/c1ccc(cc1)/C=C/c1ccc(cc1)/C=C/c1cc(c(c(c1)OC)OCCCCCCCC*)OC)OC,tg,72.09835524181584
1579,*CCCCNC(=O)CCCCCCCC(=O)NCCCCNC(=O)C(=O)N*,egc,4.741865482767482
1580,*c1cc2c(C(=O)N(C2=O)c2ccc(cc2)Oc2ccc(cc2)N2C(=O)c3c(C2=O)cc(cc3)C(=O)N2C(=S)N(C(C(=C2C)C(=O)OCC)c2c(cc(cc2)OC)OC)C(=O)*)cc1,tg,128.60100176164184
1581,*Oc1c(cc(cc1)OC(=O)c1ccc(cc1)C(=O)*)C1C2CCC(C1)C2,tg,321.26552528572455
1582,*CCOC(=O)CCCCC(=O)O*,egc,6.608306557194598
1583,*c1ccc2c(nc([nH]2)c2ccc(cc2)C(=O)Nc2cc(ccc2)C(=O)Nc2cc(ccc2)NC(=O)*)c1,tg,276.1830625814582
1584,*c1ccc2c(nc([nH]2)c2cc(ccc2)c2nc3c([nH]2)ccc(c3)C(=O)Nc2cc(ccc2)NC(=O)*)c1,tg,325.68389262293954
1585,*CONO*,egc,5.87999078063023
1586,*Cc1ccc(C(=O)C(*)=S)s1,eps,4.502042104049481
1587,*OC(=O)c1ccc(cc1)C(c1ccc(cc1)C(=O)OCCCC*)(C)C,tg,17.190813817326273
1588,*c1cc2c(C(=O)N(C2=O)c2ccc(cc2)Oc2ccc(cc2)C2(c3c(C(=O)N2)cccc3)c2ccc(cc2)Oc2ccc(cc2)N2C(=O)c3c(C2=O)cc(cc3)C(=O)Nc2ccc(cc2)Oc2ccc(cc2)S(=O)(=O)c2ccc(cc2)Oc2ccc(cc2)NC(=O)*)cc1,tg,292.53266205953383
1589,*ON(C(F)(F)F)C(F)(C(*)(F)F)C(F)(F)F,egc,7.312355492882474
1590,*COC1OC(*)C(O)C(O)C1O,egc,6.5052324082126605
1591,*OS(=O)(=O)c1ccc(cc1)*,tg,159.27230064706907
1592,*OC(=O)C(=S)C(*)=O,ei,6.99358134112756
1593,*C(C*)(C(=O)OCCN(c1ccc(cc1)N=Nc1c(cc(cc1)N=Nc1ccc(cc1)C#N)C)C)C,tg,109.88684387764981
1594,*N1C(=O)c2c(C1=O)c(ccc2)c1cc2c(C(=O)N(C2=O)c2cc(ccc2)OCCCCCCCCOc2cc(ccc2)*)cc1,tg,141.16581244246086
1595,*Oc1ccc(cc1)N(c1ccc(cc1)c1ccc(cc1)N(c1ccc(cc1)OCCCCCC*)c1ccccc1)c1ccccc1,tg,112.9551513057035
1596,*CNCc1ccc(*)s1,ei,5.8478281559375365
1597,*C(C*)C(=O)Oc1c(cccc1)C(=O)OC,tg,36.47813034538395
1598,*CC(*)F,egc,7.064756810614845
1599,*C([2H])=C(*)[2H],egc,5.182913110546157
1600,*CCC(=O)C(*)=S,eps,4.629983089399775
1601,*NC(=S)Nc1ccc(NC(=S)Nc2ccc(Oc3ccc(*)cc3)cc2)cc1,egb,2.495233636575354
1602,*Cc1ccc(CC(*)=S)s1,ei,5.896545477676965
1603,*Nc1c2c(ccc1)c(ccc2)NC(=O)c1ccc(cc1)NC(=O)c1ccc(cc1)[Si](c1ccc(cc1)C(=O)Nc1ccc(cc1)C(=O)*)(C)C,tg,304.09955340551636
1604,*C(C*)OC(=O)CC1CCCC1,tg,59.89251619015439
1605,*C(C*)S(=O)(=O)c1ccccc1,tg,183.48532724174453
1606,*N1C(=O)c2c(C1=O)cc(cc2)c1cc2c(C(=O)N(C2=O)c2ccc(cc2)C(=O)Nc2ccc(cc2)Oc2ccc(cc2)S(=O)(=O)c2ccc(cc2)Oc2ccc(cc2)NC(=O)c2ccc(cc2)*)cc1,tg,261.3493701590155
1607,*OC(CC(=O)*)CC,tg,-3.3450190997382103
1608,*NC(=S)NC(C=C1)=CC=C1CC(C=C2)=CC=C2*,egc,4.02496755589988
1609,*CC(*)(F)C#N,egb,6.903038979509163
1610,*C=C(*)F,egc,4.094094543981845
1611,*Oc1ccc(cc1)C(c1ccc(cc1)Oc1c(cc(cc1)C(=O)c1cc(c(cc1)*)S(=O)(=O)O)S(=O)(=O)O)(C)C,tg,222.2536039862444
1612,*C(C*)C(=O)OCCN(c1ccc(cc1)N=Nc1ccc(cc1)[N+](=O)[O-])CC,tg,82.02575787778089
1613,*c1sc(*)c2sc(CCCCCCCCC)nc12,egc,2.334389392617898
1614,*c1cc2c(C(=O)N(C2=O)c2cc(ccc2)C(c2cc(ccc2)N2C(=O)c3c(C2=O)cc(cc3)C(=O)*)(C(F)(F)F)C(F)(F)F)cc1,tg,255.42875485822688
1615,*CCCCCCCCCC#CC#CCCCCCCCCCOC(=O)CCCCCCC(=O)O*,egc,5.2607481947513595
1616,*CC(*)C(=O)OCCCOc1ccc(-c2ccc(C#N)cc2)cc1,egc,4.069064740428838
1617,*c1cc2c(C(=O)N(C2=O)c2c(cc(cc2C)Cc2cc(c(c(c2)C)N2C(=O)c3c(C2=O)cc(cc3)C(=O)OCCN(CCOC(=O)*)c2ccc(cc2)N=Nc2c(cc(cc2)[N+](=O)[O-])C#N)C)C)cc1,tg,189.61522360933876
1618,*c1[nH]nc(c1)c1ccc(cc1)Oc1ccc(cc1)C(=O)c1ccc(cc1)C(=O)c1ccc(cc1)Oc1ccc(cc1)*,tg,210.4178193701165
1619,*C(C*)(C(=O)OCCCCC)C,tg,24.852734251380674
1620,*C(=CCCC*)c1ccccc1,tg,-12.923127928815632
1621,*c1ccc2ccc3c(*)cc(C#C)c4ccc1c2c34,egc,2.3597059224577537
1622,*C=Nc1ccccc1N=Cc1ccc(Sc2ccc(*)o2)o1,egc,2.4888144572193105
1623,*Cc1ccc(C(=S)O*)s1,egb,2.8822035875591174
1624,*Oc1ccc(cc1)S(=O)(=O)c1ccc(cc1)c1ccc(cc1)c1ccc(cc1)S(=O)(=O)c1ccc(cc1)*,tg,266.99151531845035
1625,*[Si](C=C*)(c1ccccc1)c1ccccc1,tg,53.14001776726547
1626,*CC(*)F,nc,1.5868874489943698
1627,*c1sc(cc1SCCCCCCCC)c1ccc(cc1)c1sc(c(c1)SCCCCCCCC)c1ccc(cc1)*,tg,49.30438434621245
1628,*COC(S1)=CC=C1C(C=C2)=CC=C2*,egc,3.7111886522195334
1629,*Nc1cc(cc(c1)C(=O)OCCOc1ccc(cc1)C=CC(=O)c1ccccc1)NC(=O)c1ccc(cc1)C(=O)*,tg,215.0024011992177
1630,*Oc1ccc(cc1)C(c1ccc(cc1)OC(=O)/C=C\C(=O)OCC(C*)O)(C)C,tg,94.50276260087293
1631,*C=C*,egb,3.4962340509411955
1632,*c1cc2c(C(=O)N(C2=O)c2cc(cc(c2)C(=O)O)N2C(=O)c3c(C2=O)cc(cc3)C(*)(C(F)(F)F)C(F)(F)F)cc1,tg,274.41669954337357
1633,*Oc1ccc(C(C)(C)c2ccc(OC(=O)OCC3CCC(COC(*)=O)CC3)cc2)cc1,egc,5.539633973696504
1634,*O[Si](c1c(c(c(c(c1F)F)F)[Si](*)(C)C)F)(C)C,tg,-19.039346673820543
1635,*c1ccc(*)c2nc(CC)c(CC)nc12,egc,3.249318003882591
1636,*NC(=O)OC(*)=O,eps,4.675050779453333
1637,*c1ccc(-c2ccc(-c3ccc(-c4ccc(*)s4)s3)s2)cc1,eps,8.639427287194273
1638,*Nc1cc(ccc1)NC(=O)Cc1c(cc(c(c1)CC(=O)*)C)C,tg,213.50295033094798
1639,*C(C*)c1ccc(cc1)CCCC,tg,-7.522554300294161
1640,*C(=O)C(NC(=O)C1CCCN1C(=O)C1CCCN1*)c1ccccc1,egc,4.991614551731954
1641,*c1ccc2c(nc([nH]2)c2ccc(cc2)c2nc3c([nH]2)ccc(c3)C(=O)Nc2ccc(cc2)NC(=O)c2ccc(cc2)NC(=O)*)c1,tg,271.32153861781046
1642,*Oc1ccc(cc1)C(=O)c1cc(ccc1)NC(=O)CCCCCCCCC(=O)Nc1cc(ccc1)C(=O)c1ccc(cc1)*,tg,127.65776793634237
1643,*Oc1ccc(cc1)C(=O)c1cc(ccc1)NC(=O)c1cc(ccc1)C(=O)Nc1cc(ccc1)C(=O)c1ccc(cc1)*,tg,159.5528807870664
1644,*Oc1ccc(cc1)C(c1ccc(cc1)OCC(CN(CC(C*)O)c1ccc(cc1)N=Nc1ccc(cc1)[N+](=O)[O-])O)(C)C,tg,139.0839693141314
1645,*Oc1ccc(cc1)C(c1ccc(cc1)Oc1ccc(cc1)C(=O)c1c(cccc1)c1c(cccc1)C(=O)c1ccc(cc1)*)(C(F)(F)F)C(F)(F)F,tg,185.7695345274044
1646,*C(=O)c1ccc(C(=O)c2ccc(*)s2)s1,eps,5.9749667755959415
1647,*CC(*)C(=O)OCC(F)(F)F,egc,6.459253724811097
1648,*C(C*)OC(=O)C(CCC)(C)C,tg,56.69811730993849
1649,*Nc1ccc(Oc2ccc(*)s2)cc1,eps,4.106367026492717
1650,*C(C*)(C(=O)OC1CCCCC1)C,tg,82.42417898252317
1651,*CC(*)OC(=O)CCCCC,egc,6.346403677436107
1652,*CONO*,egb,5.981075800672684
1653,*N1C(=O)c2c(C1=O)cc(cc2)Oc1cc2c(cc1Oc1cc3c(C(=O)N(C3=O)c3cc(ccc3)Oc3ccc(cc3)*)cc1)cccc2,tg,222.44169242763343
1654,*CCCOCCCOC(=O)CCCCCCCCC(=O)O*,egc,6.796983918581968
1655,*c1cc2c(C(=O)N(C2=O)c2c(cc(cc2C)c2cc(c(c(c2)C)N2C(=O)c3c(C2=O)cc(cc3)C(=O)Nc2ccc(cc2)C(c2ccc(cc2)NC(=O)*)(C(F)(F)F)C(F)(F)F)C)C)cc1,tg,302.1054712404683
1656,*C(C*)OC(=O)CC1CCCCC1,tg,87.27309040200254
1657,*Nc1ccc(Oc2ccc(*)s2)cc1,eea,1.1228327773797775
1658,*Nc1ccc(cc1)C(=O)c1ccc(cc1)NC(=O)c1cc(cc(c1)C(C)(C)C)C(=O)*,tg,310.15961136896954
1659,*C(=S)c1ccc(-c2ccc(-c3ccc(*)cc3)cc2)cc1,nc,2.04819094847345
1660,*C(C*)C(=O)OC(CC)CC,tg,-26.154136610852486
1661,*CCC(=O)N*,ei,6.66173698847513
1662,*c1cc2c(C(=O)N(C2=O)c2cc(ccc2)Oc2cc(ccc2)N2C(=O)c3c(C2=O)cc(cc3)C(C(C(*)(F)F)(F)F)(F)F)cc1,tg,161.9932302585929
1663,*CCCCCCCCNC(=O)CCCCCCCCCCCCCCC(=O)N*,egc,5.930954255893621
1664,*c1cc2c(C(=O)N(C2=O)c2ccc(cc2)Cc2ccc(cc2)N2C(=O)c3c(C2=O)cc(cc3)C(=O)Oc2ccc(cc2)OCCCCCCCCCCCCOc2ccc(cc2)OC(=O)*)cc1,tg,125.22910351684601
1665,*CCCc1ccc(*)s1,eea,1.120389738376495
1666,*C(=C(*)Cl)CCCCCC,tg,136.6024733352605
1667,*C(CCCCC*)CCCCCC,tg,-67.74096152367584
1668,*N1C(=O)c2c(C1=O)cc(cc2)S(=O)(=O)c1cc2c(C(=O)N(C2=O)c2ccc(cc2)Oc2ccc(cc2)C(=O)c2ccc(cc2)Oc2ccc(cc2)*)cc1,tg,256.9944458619753
1669,*C(C*)(C(=O)OCCCCCCOc1ccc(cc1)OC(=O)c1cc(c(cc1)OC)Br)C,tg,33.62015393382967
1670,*CC(=S)c1ccc(N*)cc1,nc,2.150055980930061
1671,*Oc1ccc(-c2ccc(C(*)=O)cc2)s1,eea,2.565913971222864
1672,*CCOCCOCCOCCOCCOC(=O)CCSCCC(=O)O*,egc,5.314124569249531
1673,*CC(*)c1ccc(C)c(C)c1,egc,4.426104435258646
1674,*Oc1ccc(cc1)C(=C(Cl)Cl)c1ccc(cc1)OC*,tg,134.3108489491684
1675,*C(=O)c1ccc(C(=S)c2ccc(*)s2)cc1,nc,2.0802665295798604
1676,*C(C*)OCCCCCCCCCC,tg,-80.4991062444837
1677,*Oc1ccc(cc1)CC(NC(=O)Cc1ccc(cc1)OC(=O)CCCCCCC(=O)*)C(=O)OCCCCCC,tg,27.829013070716105
1678,*C(C*)(C(=O)OCc1cc(c(cc1)OCCOCCOCCOCC)OCCOCCOCCOCC)C,tg,-7.43250358139488
1679,*c1cc2c(C(=O)N(C2=O)c2c(ccc(c2)N2C(=O)c3c(C2=O)cc(cc3)C(=O)*)CP(=O)(OCC)OCC)cc1,tg,184.01924794527545
1680,*OC(=O)c1cc2c(cc1)cc(cc2)C(=O)OCC*,tg,117.05935057102114
1681,*c1ccc(-c2ccc(C(=S)c3ccc(*)s3)s2)cc1,egb,1.151338114251741
1682,*c1cccc(-c2nc3ccc(-c4ccc5nc(*)sc5c4)cc3s2)c1,egc,3.999908667118838
1683,*Oc1ccc(cc1)OC(=O)c1ccc(cc1)C(=O)Oc1ccc(cc1)OCCCCC*,tg,59.0275564403257
1684,*Oc1ccc(cc1)CC(NC(=O)CCc1ccc(cc1)OC(=O)CCCC(=O)*)C(=O)OCCOCCOCC,tg,6.8733061492385
1685,*OC(C)COC(=O)CCCCCCCC(*)=O,egc,6.823851451776079
1686,*Oc1ccc(cc1)C1(c2ccccc2c2ccccc12)c1ccc(cc1)OC(=O)CCCCCCCCC(=O)*,tg,154.6948774383242
1687,*C1OC(C(F)(F)F)(C(F)(F)F)OC1(*)F,egb,7.367665497915045
1688,*Oc1cc(ccc1)NC(=O)c1cc(cc(c1)C(C(C(C(C(C(C(C(F)(F)F)(F)F)(F)F)(F)F)(F)F)(F)F)(F)F)(F)F)C(=O)Nc1ccc(cc1)*,tg,253.89852386763096
1689,*c1cc2c(C(=O)N(C2=O)c2ccc(cc2)c2cc(c(cc2)Oc2cc3c(C(CC3(c3ccc(cc3)Oc3c(cc(cc3)c3ccc(cc3)N3C(=O)c4c(C3=O)cc(cc4)C(=O)*)C(F)(F)F)C)(C)C)cc2)C(F)(F)F)cc1,tg,237.7087074888746
1690,*c1ccc(-c2nc3cc4sc(*)nc4cc3s2)cc1,egc,3.3412865357238517
1691,*CCCCCOC(=O)Nc1ccc(C)c(NC(=O)O*)c1,eps,3.311052029552318
1692,*Oc1ccc(SSCCCCSSc2ccc(*)cc2)cc1,egc,3.5815303784464816
1693,*C=Cc1cccc(*)c1,egc,3.5120843663326777
1694,*c1sc(cc1)c1sc(cc1)c1sc(cc1)[Si](*)(C)C,tg,83.08843125549673
1695,*C1C(=O)N(C(=O)C1*)c1c(cccc1)C(=O)OC,tg,235.38711511799903
1696,*C(C*)c1ccc(cc1)C(=O)c1ccccc1,tg,117.95051134349814
1697,*C#CC(=C(*)c1cnc2ccccc2c1)c1cnc2ccccc2c1,egc,1.4851233341376013
1698,*N1C(=O)c2c(C1=O)c(ccc2)Oc1ccc(cc1)Oc1c2c(C(=O)N(C2=O)c2ccc(cc2)Oc2cc(ccc2)Oc2ccc(cc2)*)ccc1,tg,211.99095996802455
1699,*Oc1c(cc(cc1)Oc1ccc(cc1)C(=O)c1ccc(cc1)c1ccc(cc1)C(=O)c1ccc(cc1)*)c1ccccc1,tg,180.06791803524993
1700,*N(c1ccc(cc1)C(=O)*)CCC,tg,126.73739135139836
1701,*N1C(=O)C2C(C1=O)C(=CC(C2)C1C(=O)N(C(=O)C1)c1ccc(cc1)Oc1ccc(cc1)*)C,tg,308.9870149302361
1702,*N=P(*)(OCCOCCOCCOP1(=NP(=NP(=N1)(OCCOCCOC)OCCOCCOC)(OCCOCCOC)OCCOCCOC)OCCOCCOC)OCCOCCOCCOP1(=NP(=NP(=N1)(OCCOCCOC)OCCOCCOC)(OCCOCCOC)OCCOCCOC)OCCOCCOC,tg,-83.5106926856742
1703,*CCCC(=O)*,egc,5.3186646211713935
1704,*Cc1ccc(-c2ccc(-c3ccc(*)cc3)cc2)cc1,ei,5.454433336807551
1705,*C(Cl)=C(c1ccccc1)c1ccc(*)cc1,egc,3.6554677620310616
1706,*c1sc(cc1CCCC)c1ccc(cc1)c1sc(c(c1)CCCC)c1ccc(cc1)*,tg,87.05620955152025
1707,*Nc1ccc(Nc2ccc(*)s2)s1,eps,5.052753538405244
1708,*OCC(C*)(CS(=O)(=O)CC)CS(=O)(=O)CC,tg,83.14803259328941
1709,*c1nc(ccc1)Oc1ccc(cc1)Oc1ccc(cc1)S(=O)c1ccc(cc1)Oc1ccc(cc1)O*,tg,118.6742189958267
1710,*NC(=O)Oc1ccc(*)cc1,ei,6.064145135850498
1711,*N1C(=O)c2c(C1=O)cc(cc2)C(=O)Oc1ccc(cc1)C(c1ccc(cc1)OC(=O)CCCCCCCCCCC*)(C)C,tg,65.62288648951112
1712,*Cc1ccc(Nc2ccc(*)s2)cc1,nc,1.905640974311797
1713,*NNC(=O)CCCCCCCCCCCCCCCCC(*)=O,egc,5.793959949854231
1714,*OC(*)CCCCCC,tg,-49.066460266974275
1715,*Oc1ccc(CC(NC(=O)CCc2ccc(OC(=O)CCC(*)=O)cc2)C(=O)OCCCCCC)cc1,egc,4.9910271438778775
1716,*c1ccc2c(c1)c1cc(*)ccc1n2C=C,egc,2.7576937069843632
1717,*C1COC2C1OCC2OC(=O)CCCCCCCCC(=O)O*,tg,30.646534877409053
1718,*Oc1c(cc(cc1)S(=O)(=O)c1cc(c(cc1)OCC(COc1ccc(cc1)S(=O)(=O)c1ccc(cc1)OCC(C*)O)O)C)C,tg,108.52013470242295
1719,*C(C*)(C(=O)OCCN(CC)CC)C,tg,31.114703497050602
1720,*CCCCOC(=O)COCC(=O)O*,egc,6.22909339177958
1721,*c1cc2c(C(=O)N(C2=O)c2ccc(cc2)Oc2ccc(cc2)Oc2ccc(cc2)NC(=O)*)cc1,tg,233.86568295144724
1722,*OC(=O)c1ccc(C2(C)CC(C)(C)c3ccc(C(=O)Oc4ccc5c(c4)Oc4cc(*)ccc4C5(C)C)cc32)cc1,egc,3.2208105257700814
1723,*N1C(=O)c2c(C1=O)cc(cc2)C(c1cc2c(C(=O)N(C2=O)Cc2oc(cc2)C(c2oc(cc2)C*)(C)C)cc1)(C(F)(F)F)C(F)(F)F,tg,120.57929339009456
1724,*OP(=O)(Oc1c(cc(cc1C)S(=O)(=O)c1cc(c(c(c1)C)*)C)C)Oc1ccc(cc1)Br,tg,158.67921147629065
1725,*C(F)(F)C(F)(F)C(=O)C(=S)*,egc,2.222487679574596
1726,*C(=O)NNC(=O)c1ccc(*)nc1,egc,4.558321867667756
1727,*c1cc2c(C(=O)N(C2=O)C2CCC(CC2)CC2CCC(CC2)N2C(=O)c3c(C2=O)cc(cc3)C(=O)Nc2ccc(cc2)Oc2ccc(cc2)NC(=O)*)cc1,tg,266.26068514586643
1728,*C(=O)NNC(=O)c1cnc(*)cn1,egc,4.546321792501499
1729,*C(=O)CC(F)(F)C(*)(F)F,eps,3.435204171330239
1730,*O[Si](Oc1ccc(cc1)*)(c1ccccc1)C,tg,103.67207427517252
1731,*Oc1ccc(cc1)NC(=O)c1c(cc(cc1)c1cc(c(cc1)C(=O)Nc1ccc(cc1)Oc1ccc(cc1)C(c1ccc(cc1)*)(C)C)C)C,tg,216.7283834020229
1732,*CC(=O)OC(=O)COc1ccc(O*)cc1,egc,4.893596387092374
1733,*c1nc2cc3c(cc2nc1c1ccccc1)nc(c(n3)c1ccccc1)c1ccc(cc1)*,tg,399.0558927692796
1734,*N1C(=O)c2c(C1=O)cc(cc2)Oc1cc2c(cc1Oc1cc3c(C(=O)N(C3=O)c3c(cc(cc3C)Cc3cc(c(c(c3)C)*)C)C)cc1)cccc2,tg,284.1106042502356
1735,*N1C(=O)c2c(C1=O)cc(cc2)OCCN(CCOc1cc2c(C(=O)N(C2=O)c2ccc(cc2)C(c2ccc(cc2)*)(C(F)(F)F)C(F)(F)F)cc1)c1ccc(cc1)C=Cc1ccc(cc1)[N+](=O)[O-],tg,156.6054443457343
1736,*Oc1ccc(Nc2ccc(C(=O)c3ccc(C(=O)c4ccc(Nc5ccc(*)cc5)cc4)cc3)cc2)cc1,egc,3.28373069325955
1737,*c1cc2c(C(=O)N(C2=O)c2ccc(cc2)Oc2ccc(cc2)N2C(=O)c3c(C2=O)cc(cc3)C(=O)Nc2ccc(cc2)Oc2ccc(cc2)C2(c3c(C(=O)N2)cccc3)c2ccc(cc2)Oc2ccc(cc2)NC(=O)*)cc1,tg,307.17678395162966
1738,*c1c2C(=O)N(C(=O)c2c(c2ccccc12)c1ccc(cc1)Oc1ccc(cc1)S(=O)(=O)c1ccc(cc1)Oc1ccc(cc1)*)c1ccc(cc1)Cl,tg,281.02197876276193
1739,*c1cc2c(C(=O)N(C2=O)c2ccc(cc2)Oc2ccc(cc2)N2C(=O)c3c(C2=O)cc(cc3)C(CCCCCCCCC(*)(C)C)(C)C)cc1,tg,215.7603140751482
1740,*C(C*)(C(=O)OCC)C#N,tg,85.91247348255925
1741,*c1n(cnc1C(=O)NCC(CNC(=O)*)(C)C)C,tg,138.5710061419456
1742,*N1C(=O)c2c(C1=O)cc(cc2)Oc1cc2c(C(=O)N(C2=O)c2cc(ccc2)P(=O)(c2cc(ccc2)*)c2ccccc2)cc1,tg,230.3807583256224
1743,*C=CC1CC(*)C(C#N)([Si](C)(C)O[Si](C)(C)C)C1,egc,4.715978107554115
1744,*Oc1cc(ccc1)NC(=O)CCCCCCCCCCC(=O)Nc1ccc(cc1)*,tg,109.91355679825364
1745,*C(C*)CC(C)(C)C,tg,113.20082361728818
1746,*CCc1ccc(O*)s1,eps,3.5467613932274524
1747,*CCO*,egb,7.020592647829178
1748,*Oc1ccc(cc1)C(c1ccc(cc1)OC(=O)*)C1C2CCC(C1)C2,tg,226.05636309396922
1749,*CNCc1ccc(*)cc1,eps,3.4768127260609534
1750,*C(=CCC*)c1ccccc1,tg,24.661157129796592
1751,*OCC(CN(CC(COCCCC*)O)c1ccc(cc1)N(C)C)O,tg,12.506985070196707
1752,*CCCOC(=O)O*,egc,7.253820207164086
1753,*CCCCCC(=O)N*,egc,5.980923224959332
1754,*c1cc2c(C(=O)N(C2=O)c2ccc(cc2)C(=O)Nc2ccc(cc2)Oc2c(cccc2)Oc2ccc(cc2)NC(=O)c2ccc(cc2)N2C(=O)c3c(C2=O)cc(cc3)C(*)(C(F)(F)F)C(F)(F)F)cc1,tg,291.4722854460712
1755,*Oc1ccc(cc1)NC(=O)c1ccc(cc1)C(=O)Nc1ccc(cc1)Oc1ccc(cc1)C(c1ccc(cc1)*)(C(F)(F)F)C(F)(F)F,tg,233.03823588938687
1756,*Cc1ccc(Nc2ccc(*)s2)s1,nc,1.9069949159445883
1757,*Oc1ccc(cc1)S(=O)(=O)c1ccc(cc1)Oc1ccc(cc1)P(=O)(c1ccc(cc1)*)c1ccccc1,tg,236.8702012484642
1758,*N1C(=O)c2c(C1=O)c(ccc2)Oc1c(cc(cc1C)c1cc(c(c(c1)C)Oc1c2c(C(=O)N(C2=O)c2c(cc(c(c2C)*)C)C)ccc1)C)C,tg,298.9420274001073
1759,*NC(Cc1c[nH]cn1)C(*)=O,egc,5.416415718680355
1760,*c1sc2cc3c(cc2n1)sc(n3)c1ccc(cc1)Oc1ccc(cc1)Oc1ccc(cc1)P(=O)(c1ccc(cc1)Oc1ccc(cc1)Oc1ccc(cc1)*)c1ccccc1,tg,314.4652860312737
1761,*N1C(=O)c2c(C1=O)cc(cc2)Oc1ccc(cc1)C(c1ccc(cc1)Oc1cc2c(C(=O)N(C2=O)c2ccc(cc2)N(c2ccc(cc2)*)c2ccc(cc2)C#N)cc1)(C(F)(F)F)C(F)(F)F,tg,238.87310822034718
1762,*C(C*)c1c(cccc1)COCCCCCCCC,tg,35.18444889531624
1763,*c1sc(nn1)c1cc(ccc1)OCCCCCCCCCCCOC(=O)c1ccc(cc1)C(=O)OCCCCCCCCCCCOc1cc(ccc1)*,tg,41.08583919362274
1764,*Oc1cc(c(cc1)CCc1ccc(cc1)OCCCCCC*)C,tg,3.248871225461112
1765,*OC1CC(c2ccccc2)CC(*)O1,egc,5.493570474167861
1766,*Nc1ccc(cc1)NC(=O)c1c(ccc(c1)c1cc(c(cc1)C(=O)O)C(=O)*)C(=O)O,tg,242.80522516717528
1767,*Oc1ccc(cc1)NC(=O)c1cc(ccc1)C(=O)Nc1ccc(cc1)Oc1ccc(cc1)C(=O)c1ccc(cc1)*,tg,165.54899215039572
1768,*c1ccc(*)cc1,ei,5.407302439431581
1769,*N=P(*)(Nc1ccccc1)Nc1ccccc1,tg,149.4205593823321
1770,*Oc1c(cc(c(c1)OC(=O)c1ccc(cc1)OCCCC)OC(=O)C(CCC(=O)*)C)OC(=O)c1ccc(cc1)OCCCC,tg,70.86055374539156
1771,*c1ccc(-c2ccc(N3C(=O)c4ccc(-c5ccc6c(c5)C(=O)N(*)C6=O)cc4C3=O)cc2C(F)(F)F)c(C(F)(F)F)c1,egc,2.4994044583029793
1772,*Nc1ccc(cc1)Nc1ccc(cc1)C(=O)c1ccc(cc1)C(=O)c1ccc(cc1)*,tg,201.10046244094116
1773,*c1cc2c(C(=O)N(C2=O)c2cc(ccc2)P(=O)(c2cc(ccc2)N2C(=O)c3c(C2=O)cc(cc3)C(=O)Nc2ccc3Cc4c(c3c2)cc(cc4)NC(=O)*)c2ccccc2)cc1,tg,260.4648855670671
1774,*NC(=O)c1ccc(C(*)=S)s1,ei,6.557995987713125
1775,*c1cc2c(C(=O)N(C2=O)c2ccc(cc2)S(=O)(=O)c2ccc(cc2)N2C(=O)c3c(C2=O)cc(cc3)C(=O)Nc2ccc(cc2)Cc2ccc(cc2)NC(=O)*)cc1,tg,319.5887307773132
1776,*c1ccc(-c2ccc([Si](C)(C)c3ccc(*)s3)s2)cc1,egc,2.5208182632910767
1777,*C(C*)C(=O)OC(OCC)C(F)(F)F,tg,22.15447809933686
1778,*C=CC(*)(C)C,tg,63.04155741425544
1779,*OC(C*)CO,tg,26.48818541612855
1780,*C(C*)c1ccc(cc1)C(=O)OC,tg,107.00393551493914
1781,*CCCCCCCNC(=O)NCCCCCCNC(=O)N*,egc,5.6650697662617
1782,*c1cc2c(C(=O)N(C2=O)c2ccc(cc2)c2c(cc(cc2c2ccc(cc2)c2ccccc2)c2ccc(cc2)OCCCCCCCCCCOc2ccc(cc2)c2cc(c(c(c2)c2ccc(cc2)c2ccccc2)c2ccc(cc2)N2C(=O)c3c(C2=O)cc(cc3)C(=O)*)c2ccc(cc2)c2ccccc2)c2ccc(cc2)c2ccccc2)cc1,tg,203.70504190303757
1783,*Oc1cc2c(C(CC2(c2ccc(cc2)OC(=O)c2cc(ccc2)C(=O)*)C)(C)C)cc1,tg,226.8657737441151
1784,*CNCC(*)=S,eps,4.212327004187607
1785,*C(C(*)(C(=O)OC(C([2H])([2H])[2H])([2H])[2H])C([2H])([2H])[2H])([2H])[2H],tg,98.68133388363334
1786,*C=CC(=O)C=Cc1ccc(Sc2ccc(*)o2)o1,egc,2.9476165447492138
1787,*C(C*)OC(=O)c1ccc(cc1)OCC,tg,81.28514338216709
1788,*Oc1ccc(CC(NC(=O)CCc2ccc(OC(=O)CCCCCCC(*)=O)cc2)C(=O)OC(C)C)cc1,egc,4.835254241841541
1789,*c1cc(CCCS(=O)(=O)O)c(*)s1,egc,2.3728976634621515
1790,*O[Ca]OC(=O)c1c(cccc1)C(=O)OCCCCCOC(=O)Nc1c(ccc(c1)NC(=O)OCCCCCOC(=O)c1c(cccc1)C(=O)*)C,tg,2.7096514786890555
1791,*CNCC(S1)=CC=C1*,egc,4.860055555994427
1792,*C(=O)c1ccc2c(c1)C(=O)N(c1ccc3c(c1)Cc1cc(N4C(=O)c5ccc(*)cc5C4=O)ccc1-3)C2=O,egc,2.476684093712716
1793,*Oc1ccc(-c2ccc(-c3ccc(*)s3)s2)s1,egb,2.040552735515483
1794,*Oc1ccc(cc1)N=Cc1ccc(cc1)Oc1ccc(cc1)C(c1ccc(cc1)Oc1ccc(cc1)C=Nc1ccc(cc1)*)(c1ccccc1)c1ccccc1,tg,172.64133620871232
1795,*Oc1ccc(cc1)c1ccc(cc1)Oc1ccc(cc1)C(=Nc1ccc(cc1)N=C(c1ccc(cc1)*)c1ccccc1)c1ccccc1,tg,184.60800751336348
1796,*c1oc2c(n1)ccc(c2)c1ccc2c(oc(n2)c2ccc(cc2)Oc2ccc(cc2)Oc2ccc(cc2)P(=O)(c2ccc(cc2)Oc2ccc(cc2)Oc2ccc(cc2)*)c2ccccc2)c1,tg,263.88798382660104
1797,*Oc1ccc(cc1)C(=O)OCCN(CCOC(=O)c1ccc(cc1)OCC#CC#CC*)c1ccc(cc1)N=Nc1ccc(cc1)N=Nc1cc(c(c(c1)C)C#N)C,tg,139.74940885184003
1798,*OC1CCC(OC(=O)OCCCCCCOC(*)=O)CC1,egb,7.452628239251331
1799,*C1C2C(C(C(C1*)C2)C(=O)OCCc1ccccc1)C(=O)OCCc1ccccc1,tg,238.62791163784294
1800,*Oc1ccc(cc1)C(c1cc(c(cc1)OC(=O)*)Cl)(C)C,tg,134.51128015965475
1801,*C(=O)CCC=CCCC(=O)N1CCN(*)CC1,egc,5.1382727572116655
1802,*C(C=C1)=CC=C1C(=S)C(S2)=CC=C2C(S3)=CC=C3*,egc,2.1036969789361626
1803,*C1C(=O)N(C(=O)C1C(C*)c1ccccc1)CCCN(c1cc(c(cc1)N=Nc1ccc(cc1)[N+](=O)[O-])C)CC,tg,165.38093893089504
1804,*Oc1ccc(SC(=O)Sc2ccc(*)cc2)cc1,egc,3.9348016425818266
1805,*N1C(CN(C(C1)C)C(=O)c1ccc(cc1)C(=O)*)C,tg,184.08857379187998
1806,*CC(CS(=O)(=O)CCCCC)O*,egc,5.860011297195844
1807,*c1cc2c(nc(c(n2)c2ccc(cc2)Oc2ccc(cc2)c2c(nc3c(n2)cc(cc3)C(=O)*)c2ccccc2)c2ccccc2)cc1,tg,285.90968741257427
1808,*NC(=O)c1cc(ccc1)C(=O)NCC1CC(CCC1)C*,tg,183.78592003380396
1809,*C(C*)(C(=O)OCCCC)C#N,tg,64.53628331606294
1810,*Cc1cccc(*)c1O,egc,4.603249749271745
1811,*C(=O)C(C=C1)=CC=C1C(S2)=CC=C2C(S3)=CC=C3*,egc,2.802385830257916
1812,*C(C*)(C(=O)OCCCC)C,tg,7.031035796052311
1813,*C(=O)c1ccc(C(=O)c2ccc(*)s2)s1,eea,3.950847350905013
1814,*Oc1cc(ccc1)Oc1ccc(cc1)S(=O)(=O)c1ccc(cc1)*,tg,167.13702393241343
1815,*c1cc2c(C(=O)N(C2=O)C2C(CC(CC2)CC2CC(C(CC2)N2C(=O)c3c(C2=O)cc(cc3)C(*)(C(F)(F)F)C(F)(F)F)C)C)cc1,tg,240.3893766385719
1816,*C=C(C)CC(C#N)CC*,egc,5.77517023689574
1817,*OC(=O)C=Cc1ccc(cc1)C=CC(=O)OCCN(CC*)c1ccc(cc1)N=Nc1ccc(cc1)[N+](=O)[O-],tg,134.5385507381666
1818,*C(C*)(C(=O)OCc1cc(cc(c1)Cl)Cl)C,tg,57.53022721322552
1819,*N1C(=O)c2c(C1=O)cc(cc2)Oc1cc2c(cc1)ccc(c2)Oc1cc2c(C(=O)N(C2=O)c2ccc(cc2)Oc2ccc(cc2)c2ccc(cc2)Oc2ccc(cc2)*)cc1,tg,242.0633730357559
1820,*CCC(O*)(C(F)(F)F)C(F)(F)F,egc,7.827871432394197
1821,*Nc1ccc(-c2ccc(O*)cc2)cc1,egb,3.4387251013216558
1822,*c1cc2c(C(=O)N(C2=O)N2C(=O)c3c(C2=O)cc(cc3)Oc2ccc(cc2)C(c2ccc(cc2)O*)(C)C)cc1,tg,234.3547008008259
1823,*OC(=O)OCC(C(C(C(C*)(F)F)(F)F)(F)F)(F)F,tg,-53.67110462136177
1824,*c1oc(cc1)COC(=O)NCc1oc(cc1)CNC(=O)OC*,tg,58.24168109359386
1825,*Nc1ccc(-c2ccc(-c3ccc(*)s3)cc2)cc1,nc,2.2967714772604784
1826,*CCCCCCCCCCOCCCCCCCCCCOCCCCO*,egc,6.242374205557186
1827,*C(F)(F)C(F)(F)NC(=S)*,egc,3.5998356396531346
1828,*C(=O)c1ccc(C(=S)c2ccc(*)cc2)cc1,nc,2.013675822767422
1829,*c1cc2c(C(=O)N(C2=O)c2cc(ccc2)Oc2c(c(ccc2)Oc2cc(ccc2)N2C(=O)c3c(C2=O)cc(cc3)C(=O)Nc2cc(ccc2)Oc2c(c(ccc2)Oc2cc(ccc2)NC(=O)*)C#N)C#N)cc1,tg,198.48865606420276
1830,*N1C(=O)c2c(C1=O)cc(cc2)Oc1cc2c(C(=O)N(C2=O)c2ccc(cc2)Oc2ccc(cc2)C(=O)c2cc(ccc2)*)cc1,tg,220.87132989437367
1831,*CCCOC(=O)CCCCCCCC(=O)O*,egc,6.820824811998715
1832,*O[Si](*)(CCCOc1ccc(cc1)C(=O)Oc1ccc(cc1)c1ccc(cc1)OC(=O)c1cc(c(c(c1)OCCCCCCCCCCCC)OCCCCCCCCCCCC)OCCCCCCCCCCCC)C,tg,54.16388369944211
1833,*CC(=O)Cc1ccc(*)s1,egb,4.06451048705868
1834,*CNOC(=S)*,egc,3.866436558014675
1835,*Oc1cc(ccc1)NC(=O)CCCC(=O)Nc1cc(ccc1)OCC(COc1ccc(cc1)C(c1ccc(cc1)OCC(C*)O)(C)C)O,tg,106.31863902440749
1836,*NC(=S)NO*,ei,7.0656368204227515
1837,*CCCCCCCCCCCCOC(=O)CCCCCNC(=O)CCCCC(=O)NCCCCCC(=O)O*,egc,5.884138066507257
1838,*CCCCCCCCCCNC(=O)CCCCCCCCCCCCC(=O)N*,egc,5.928564460216765
1839,*Oc1c2c(c(cc1)c1c3c(c(cc1)OCCCCCC*)cccc3)cccc2,tg,134.72422887303472
1840,*O[Si](O[Si](O[Si](*)(c1c(c(c(c(c1F)F)F)F)F)c1c(c(c(c(c1F)F)F)F)F)(C)C)(C)C,tg,-68.9886181790783
1841,*N=P(*)(OCCOCCOC)OCCOCCOC,tg,-80.90298547642593
1842,*c1cc2c(C(=O)N(C2=O)c2ccc(cc2)Oc2ccc(cc2)S(=O)(=O)c2ccc(cc2)Oc2ccc(cc2)N2C(=O)c3c(C2=O)cc(cc3)C(=O)c2cc(ccc2)C(=O)*)cc1,tg,244.32707277793955
1843,*Oc1ccc(cc1)NC(=O)c1ccc(cc1)Oc1ccc(cc1)C(c1ccc(cc1)C(c1ccc(cc1)Oc1ccc(cc1)C(=O)Nc1ccc(cc1)Oc1ccc(cc1)C(c1ccc(cc1)*)(C)C)(C)C)(C)C,tg,156.8562300347387
1844,*Nc1cc(ccc1)NC(=O)c1cc(ccc1)C(=O)Nc1cc(ccc1)NC(=S)NC(=O)c1ccc(cc1)C(=O)NC(=S)*,tg,238.95213315678456
1845,*Oc1ccc(cc1)N=Cc1ccc(cc1)Oc1ccc(cc1)C(c1ccc(cc1)Oc1ccc(cc1)C=Nc1ccc(cc1)Oc1ccc(cc1)c1ccc(cc1)*)(C)C,tg,163.78599511440135
1846,*C(C*)(C(=O)OCCCCl)C,tg,30.447715153974325
1847,*c1nc2c([nH]1)ccc(c2)N1C(=O)c2c(C1=O)cc(cc2)Oc1ccc(cc1)C(c1ccc(cc1)Oc1cc2c(C(=O)N(C2=O)c2ccc(cc2)*)cc1)(C)C,tg,313.58770219933837
1848,*c1ccc2N(c3c(Sc2c1)cc(cc3)c1sc(c(c1CCCCCC)CCCCCC)C=CC1=CC(=C(C#N)C#N)C=C(O1)C=Cc1sc(c(c1CCCCCC)CCCCCC)*)CCCCCC,tg,137.13741836557068
1849,*CC(S1)=CC=C1C(C=C2)=CC=C2O*,egc,3.8966669505297857
1850,*CC(=O)O*,egb,6.325971255743163
1851,*O[Si](*)(CCCOCCOCCOCCOCCOCCOC)CCCOCCOCCOCCOCCOCCOC,tg,-55.03237964686418
1852,*CNON*,ei,6.190975625222012
1853,*C(C*)(C(=O)OCc1occc1)C,tg,61.18128652945036
1854,*C(C*)(C(=O)OCCCCCCCCCCCCCCC(=O)NC1OC(C(C(C1OC(=O)C)OC(=O)C)OC1OC(C(C(C1OC(=O)C)OC(=O)C)OC(=O)C)COC(=O)C)COC(=O)C)C,tg,129.64115236694798
1855,*CC(=O)C1CCC(*)C1=O,egc,5.141541555440908
1856,*Oc1ccc(cc1)S(=O)(=O)c1ccc(cc1)Oc1ccc(cc1)C(c1ccc(cc1)*)C(C)C,tg,208.0413620813635
1857,*C=Cc1ccc(C=Cc2cc(OCCCCCCCCCCCC)c(*)cc2OC)cc1,egc,1.7581594921414934
1858,*c1ccc(-c2ccc(-c3ccc(-c4ccc(*)s4)cc3)s2)cc1,ei,4.930802770708213
1859,*CC(*)OC(=O)C(Cl)(Cl)Cl,egc,6.000383057312244
1860,*C(=S)c1ccc(C(=S)c2ccc(*)cc2)s1,ei,5.583181792731075
1861,*Oc1ccc(cc1)C(=O)Nc1cc(cc(c1)c1nc2c([nH]1)cccc2)NC(=O)c1ccc(cc1)OCCOCCOCCOCC*,tg,156.38453943887455
1862,*CCOCCOC(=O)CC(=O)O*,egc,6.339141061823929
1863,*OC(=O)C(NC(=O)C*)C,tg,104.14130068761837
1864,*c1ccc2n(c3c(c2c1)cc(cc3)C=C(C(=O)OCCCCCCOC(=O)C(=C*)C#N)C#N)CCCCCCC,tg,73.425255298371
1865,*c1n(c(nn1)c1ccc(cc1)Oc1ccc(cc1)C(c1ccc(cc1)Oc1ccc(cc1)*)(C(F)(F)F)C(F)(F)F)c1ccccc1,tg,215.58746943872444
1866,*OC(C*)COC(=O)c1ccc(cc1)N1C(=O)C2C(C1=O)C1C=CC2C1,tg,205.4158621839855
1867,*Oc1cc(ccc1)C(C(C(c1cc(ccc1)OC(=O)*)(F)F)(F)F)(F)F,tg,52.99835602846885
1868,*c1cc2c(C(=O)N(C2=O)C2CCC(CC2)CC2CCC(CC2)N2C(=O)c3c(C2=O)cc(cc3)C(*)(C(F)(F)F)C(F)(F)F)cc1,tg,262.72910540939074
1869,*Oc1ccc(cc1)C1(c2ccccc2c2ccccc12)c1ccc(cc1)OC(=O)CCCCCCC(=O)*,tg,158.3671605576555
1870,*Nc1cc(NC(=O)c2ccc(C(*)=O)cc2)c(N)cc1N,egc,3.3835315468681593
1871,*C1C(=O)NC(=O)C1C(C*)c1ccccc1,tg,226.8484784574029
1872,*C(C*)(C(=O)OCCCCCCCCCCOc1ccc(cc1)N=Nc1ccccc1)C,tg,20.420744465321526
1873,*c1[nH]c(*)c2c1CCC2,egc,2.9075404641200575
1874,*Oc1ccc(cc1)CC(NC(=O)CCc1ccc(cc1)OC(=O)COCCOCC(=O)*)C(=O)OCCOCCOCC,tg,20.42144084503925
1875,*c1sc(cc1C)*,tg,152.73378769602692
1876,*c1ccc2c(c1)SC1(CCC3(CC1)Nc1ccc(*)cc1S3)N2,egc,3.7685135164391967
1877,*c1ccc(-c2ccc(-c3ccc(*)s3)s2)cc1,egc,2.1778657390394653
1878,*C(C*)(C(=O)OCc1ccccc1)C,tg,37.02147746572298
1879,*c1oc(cc1)CC*,tg,57.46290754703778
1880,*Oc1ccc(cc1)C1(C2C3C(CCC3)C(C1)C2)c1ccc(cc1)OC(=O)c1ccc(cc1)C(=O)*,tg,286.33166713404114
1881,*Nc1cccc(C(*)=O)c1,ei,6.192631221726402
1882,*C(C*)(C(=O)OCc1ccc2n(c3c(c2c1)cccc3)CCCC)C,tg,108.14887112311277
1883,*c1ccc(-c2ccc(-c3ccc(-c4ccc(*)s4)s3)cc2)cc1,eps,7.085044116729157
1884,*C1C(CC(C1)C=C*)C(=O)OC,tg,70.40021325787086
1885,*N1C(=O)c2c(C1=O)c(ccc2)Oc1c(cc(cc1C)c1cc(c(c(c1)C)Oc1c2c(C(=O)N(C2=O)c2c(cc(cc2C)Cc2cc(c(c(c2)C)*)C)C)ccc1)C)C,tg,294.18981186294064
1886,*N1C(=O)c2c(C1=O)cc(cc2)c1cc2c(C(=O)N(C2=O)c2c(ccc(c2)*)Oc2ccc(cc2)C(c2ccccc2)(C)C)cc1,tg,245.42545379343616
1887,*NNC(=O)C=CC(=O)Nc1ccc(NC(=O)C=CC(*)=O)cc1,egc,3.6470469012100177
1888,*Oc1c(cc(cc1C)c1cc(c(c(c1)C)Oc1ccc(cc1)C(=O)c1c(cccc1)c1c(cccc1)C(=O)c1ccc(cc1)*)C)C,tg,226.9392036241634
1889,*N1C(=O)c2c(C1=O)cc(cc2)Oc1cc2c(C(=O)N(C2=O)c2ccc(cc2)Sc2sc(cc2)Sc2ccc(cc2)*)cc1,tg,224.3486269166061
1890,*c1cc(OCCCC)c(*)s1,egc,2.0454046961529815
1891,*c1[nH]c(nc1c1ccc(cc1)Oc1ccc(cc1)C(=O)c1ccc(cc1)Oc1ccc(cc1)*)c1ccccc1,tg,249.67540213254483
1892,*Nc1ccc(cc1)Cc1ccc(cc1)NC(=O)c1cc(cc(c1)NC(=O)C(C(CC)C)N1C(=O)c2c(C1=O)cccc2)C(=O)*,tg,192.8845399472751
1893,*CCCCCCOc1ccc(C(=O)OC(=O)c2ccc(O*)cc2)cc1,egc,4.08660186998943
1894,*C(=O)c1ccc(Oc2ccc(*)s2)s1,nc,2.128154759825831
1895,*C(C*)c1ccc(cc1)COCCCC,tg,-9.814206549098168
1896,*CCOCCOCCOCCOCCOCCOC(=O)NCCCCCCNC(=O)O*,egc,6.059830015875212
1897,*OP(=O)(N=Nc1ccc(cc1)c1ccc(cc1)N=NP(=O)(OCC1CCC(CC1)C*)OC)OC,tg,68.79376102400293
1898,*OC(CC*)C,tg,-58.68602192127097
1899,*c1ccc(-c2cnc3cc4nc(*)cnc4cc3n2)cc1,egc,2.7675371800904993
1900,*CCCCCCCCC(=O)NCCCCCCNC(=O)CCCCO*,egc,5.889991474693412
1901,*c1cc2c(C(=O)N(C2=O)c2c(ccc(c2)N2C(=O)c3c(C2=O)cc(cc3)C(=O)Nc2ccc(cc2)Cc2ccc(cc2)NC(=O)*)N=Nc2ccc(cc2)C)cc1,tg,260.38691677250057
1902,*Nc1ccc(cc1)Cc1ccc(cc1)NC(=O)c1cc(cc(c1)NC(=O)CCCN1C(=O)c2c(C1=O)cccc2)C(=O)*,tg,228.32885703854262
1903,*OC(=O)CCCCCCC(=O)OCCOCC*,tg,-56.046809398830526
1904,*C(CC(C*)C)(C(=O)OC)C,tg,46.90003639114828
1905,*C(C*)C(=O)Oc1ccc(cc1)C(=O)Oc1ccc(cc1)OC(=O)c1ccc(cc1)OCCCCC,tg,63.758978006423774
1906,*c1cc2c(C(=O)N(C2=O)c2ccc(cc2)OCCCCCCOc2ccc(cc2)N2C(=O)c3c(C2=O)cc(cc3)C(*)(C(F)(F)F)C(F)(F)F)cc1,tg,154.467084464946
1907,*CCCCCOC(=O)CCCCC(=O)O*,egc,6.803652679285263
1908,*CCC(C)O*,egc,6.2167196289786455
1909,*Oc1ccc(cc1)NC(=O)c1cc(ccc1)C(=O)Nc1ccc(cc1)OCCCCCCCC*,tg,77.58069730679641
1910,*NC(COC(C)=O)C(*)=O,egc,5.935003595523424
1911,*NOC(=S)O*,eps,4.9291962318693905
1912,*Oc1ccc(Oc2ccc(*)cc2)cc1,egb,4.094550093439613
1913,*C(C*)(C(=O)OCCCCCCOc1ccc(cc1)C(=O)Oc1ccc(cc1)C(=O)C=Cc1c(c2c(n1C)cccc2)C)C,tg,130.6800960541721
1914,*C1OC(CO1)CCCCOC(=O)CCCCCCC*,tg,-18.59954177339124
1915,*C1(F)OC(C(F)(F)F)(C(F)(F)Cl)OC1(*)F,egb,5.798387288474416
1916,*CCCOC(=O)CCCCCCCCOC(=O)CCCOC(=O)CCCCCCCCOC(*)=O,eea,1.1066469452540477
1917,*c1nc(CCCCCC)c(-c2sc(*)nc2CCCCCC)s1,egc,2.22804549137423
1918,*C1CC2CC(CC(C1)O2)OC(=O)Oc1ccc(cc1)C(c1ccc(cc1)OC(=O)O*)(C)C,tg,132.38308188268869
1919,*c1ccc(C2C(C(=O)OC)C(*)C2C(=O)OC)cc1,egc,5.257198085996829
1920,*NC(=O)Nc1ccc(*)cc1,eps,4.690744365427281
1921,*C(C*)(C(=O)OCCCOc1cc2c(cc1)cc(cc2)C(=O)Oc1ccccc1)C,tg,115.75305798975002
1922,*c1ccc2c(*)c(C)[nH]c2c1,egc,3.103809852991847
1923,*CC(*)(C)C(=O)OC(C(F)(F)F)C(F)(F)F,egc,5.84402921064834
1924,*c1cc(CCCCCCCCCCCCCCC)c(*)s1,egc,2.7611025554256776
1925,*OP(=O)(Oc1ccc(-c2ccc(*)cc2)cc1)c1ccccc1,egc,3.931518255592081
1926,*C(C*)(CC(=O)OC1CCCCCC1)C(=O)OC1CCCCCC1,tg,133.4801913662592
1927,*Oc1ccc(cc1)Oc1ccc(cc1)C(=O)c1cc(ccc1)NC(=O)CCCCCCCCC(=O)Nc1cc(ccc1)C(=O)c1ccc(cc1)*,tg,132.29186044948037
1928,*NC(=O)OC(=S)*,egc,3.7949647354115945
1929,*NC(=O)CCCCCCCCCCC(=O)NCCCCCCCC*,tg,44.434330475821426
1930,*Oc1cccc(Oc2ccc3c(=O)n4c5cc(Oc6ccc7c(c6)nc6c8ccc(*)c9cccc(c(=O)n76)c98)ccc5nc4c4cccc2c34)c1,egc,2.9721237794722684
1931,*CCCCCCCCCCCCCCCCOC(=O)CCC=CCCC(=O)O*,egc,5.884761188985366
1932,*CC(CCC)C(CCC)COC(=O)c1ccc(C(=O)O*)cc1,egc,4.649898272233691
1933,*C(=O)Nc1cccc(NC(=O)c2ccc3c(c2)C(=O)N(c2cc(-c4nc5ccccc5o4)cc(N4C(=O)c5ccc(*)cc5C4=O)c2)C3=O)n1,egc,2.91417839627862
1934,*N1C(=O)c2c(C1=O)c(ccc2)Oc1ccc(cc1)Oc1c2c(C(=O)N(C2=O)c2ccc(cc2)Oc2ccc(cc2)*)ccc1,tg,252.97658209495162
1935,*CCOCCOCCOC(=O)CCCCS(=O)(=O)CCCCC(=O)O*,egc,6.06491103148154
1936,*CC(CC(*)(C#N)C#N)c1ccc(Cl)cc1,egc,4.831754086962858
1937,*C(C*)OC(=O)OCCC(C(C(C(C(C(F)(F)F)(F)F)(F)F)(F)F)(F)F)(F)F,tg,34.926207561716446
1938,*C(C(CCCCCCCC*)Cl)Cl,tg,-32.86259469929572
1939,*c1cccc(-c2ccc(-c3ccc(*)s3)s2)n1,egc,2.6795580591388353
1940,*Nc1ccc(cc1)Cc1ccc(cc1)NC(=O)c1cc(cc(c1)N1C(=O)C2C(C1=O)C1C=CC2C1)C(=O)*,tg,295.3990509768639
1941,*Oc1ccc(C2(c3ccc(OC(=O)c4cccc(C(*)=O)c4)c(C)c3)c3ccccc3-c3ccccc32)cc1C,egc,3.2495370435630533
1942,*c1ncc(nc1)C1C(C(C1c1ccccc1)*)c1ccccc1,tg,301.54153079192594
1943,*CC(*)c1cc(Br)ccc1OCC,egc,3.488506584975618
1944,*N1C(=O)c2c(C1=O)cc(cc2)Oc1cc2c(cc1)ccc(c2)Oc1cc2c(C(=O)N(C2=O)c2cc(ccc2)Oc2ccc(cc2)*)cc1,tg,236.02410698816428
1945,*c1c(nc2c(n1)cc(cc2)Oc1ccc(cc1)NC(=O)c1cc2c(C(=O)N(C2=O)c2ccc(cc2)C(c2ccc(cc2)N2C(=O)c3c(C2=O)cc(cc3)C(=O)Nc2ccc(cc2)Oc2cc3c(nc(c(n3)c3ccc(cc3)*)c3ccccc3)cc2)(C(F)(F)F)C(F)(F)F)cc1)c1ccccc1,tg,315.70318314084767
1946,*C=CCCCCCCC(Cl)CCCCCC*,egc,5.688956972509954
1947,*Oc1c(cc(cc1)C(c1cc(c(cc1)OCC(C*)O)Cl)(C)C)Cl,tg,124.00079949837546
1948,*Nc1ccc(C(=O)c2ccc(*)s2)cc1,ei,5.460578455772656
1949,*C(C*)C(=O)OCCC(C(C(C(C(C(C(C(F)(F)F)(F)F)(F)F)(F)F)(F)F)(F)F)(F)F)(F)F,tg,21.727565784667544
1950,*OC(=O)c1ccc(cc1)CC(=O)OCC(C*)(C)C,tg,30.550276796677007
1951,*Cc1ccc(-c2ccc(-c3ccc(*)s3)cc2)cc1,egb,2.7831319568759922
1952,*C(C*)(C(=O)OCCC(C(C(C(C(C(C(C(F)(F)F)(F)F)(F)F)(F)F)(F)F)(F)F)(F)F)(F)F)C,tg,38.97334899987139
1953,*N1C(=O)c2c(C1=O)c(c(c(c2c1ccccc1)c1ccccc1)c1ccc(cc1)c1c(c2c(C(=O)N(C2=O)c2ccc(cc2)*)c(c1c1ccccc1)c1ccccc1)c1ccccc1)c1ccccc1,tg,436.95413374498116
1954,*Oc1ccc(-c2ccc(C(*)=O)s2)cc1,eea,2.9829361342256395
1955,*c1oc(nn1)c1ccc(cc1)c1oc(nn1)CCCCCOc1c(cc(cc1)OCCCCC*)C,tg,133.38949822697924
1956,*Cc1ccc(C(=S)c2ccc(*)s2)cc1,nc,1.9206883681653286
1957,*C(C*)c1ccc(cc1)C(=O)c1ccc(cc1)OC,tg,149.7400551596415
1958,*c1ccc(*)nn1,egc,3.7392423871377733
1959,*c1cc2c(C(=O)N(C2=O)c2cc(ccc2)N2C(=O)c3c(C2=O)cc(cc3)C(=O)OCCN(CCOC(=O)*)c2ccc(cc2)N=Nc2ccc(cc2)C)cc1,tg,189.9654266236594
1960,*Oc1ccc(cc1)C(c1ccc(cc1)OC(=O)SCCCCCCSC(=O)*)(C)C,tg,52.92945984290115
1961,*CNOc1ccc(*)cc1,eea,1.2891549533695832
1962,*Cc1ccc(C(=S)O*)cc1,eps,4.137059431194888
1963,*c1ccc2c(c1)c1ccccc1n2*,egc,3.6034819875860458
1964,*CCCCCNC(=O)c1cccc(C(=O)N*)c1,egc,4.934913727129072
1965,*c1cc2c(C(=O)N(C2=O)c2ccc(cc2)C(=O)OCCCCCCOC(=O)*)cc1,tg,102.36451066725019
1966,*CNC(C=C1)=CC=C1C(S2)=CC=C2*,egc,3.500182229931572
1967,*Oc1ccc(C(c2ccc(OC(*)=O)cc2)C(Cl)Cl)cc1,egc,4.98616299976913
1968,*c1nc2c(nc1)cc(cc2)Oc1ccc2c(nc(cn2)c2ccc(cc2)Oc2ccc(cc2)*)c1,tg,244.2585663717007
1969,*OOC(C*)c1ccc(cc1)C,tg,21.92659403138507
1970,*CC(=O)c1ccc(-c2ccc(*)s2)s1,ei,5.672928377017534
1971,*C=Cc1ccc(*)n1C,egc,2.514191632117374
1972,*N1C(=O)c2c(C1=O)cc(cc2)c1cc2c(C(=O)N(C2=O)c2cc(c(c(c2)C(=O)OCCCCCCCCCCCCCC)c2c(cc(cc2Br)*)C(=O)OCCCCCCCCCCCCCC)Br)cc1,tg,97.33898435243874
1973,*OC(=O)CCCCCCCCCCCC*,tg,-41.98458751410308
1974,*c1cc(-c2ccc(CCCCCCCC)cc2)c(*)s1,egc,2.4236492771271974
1975,*C(=O)c1ccc(Oc2ccc(*)s2)cc1,egb,2.9513562837114353
1976,*c1cc2c(C(=O)N(C2=O)c2c(cc(c(c2C)N2C(=O)c3c(C2=O)cc(cc3)C(=O)Nc2c(cc(c(c2C)NC(=O)*)C)C)C)C)cc1,tg,316.2071397883623
1977,*CO*,nc,1.5498133758231027
1978,*c1nc2c([nH]1)ccc(c2)NC(=O)c1ccc(cc1)OCCOc1ccc(cc1)C(=O)Nc1cc(ccc1)*,tg,233.58394147428297
1979,*[SiH](C#Cc1cc(ccc1)C#C*)c1ccccc1,tg,70.64720655178475
1980,*N1C(=O)c2c(C1=O)c(ccc2)c1cc2c(C(=O)N(C2=O)c2cc(ccc2)C(=O)Nc2ccc(cc2)Oc2ccc(cc2)S(=O)(=O)c2ccc(cc2)Oc2ccc(cc2)NC(=O)c2cc(ccc2)*)cc1,tg,265.04226997383546
1981,*Oc1ccc(cc1)C(c1ccc(cc1)OC(=O)*)C(Cl)Cl,tg,173.51362192082973
1982,*Nc1cc(cc(c1)c1oc(nn1)c1ncccc1)NC(=O)CCCCCCCCC(=O)*,tg,180.17884144519616
1983,*Oc1c(cc(c(c1)OC(=O)c1ccc(cc1)OC)OC(=O)CCCC(=O)*)OC(=O)c1ccc(cc1)OC,tg,67.27639411973202
1984,*OC(F)(F)OC(F)(F)C(*)(F)F,egc,9.247637924170457
1985,*c1nc(C)nc(N(*)C)n1,egc,4.697662224678144
1986,*CNCC(*)=O,eps,3.868850796841993
1987,*OC1C(C)(C)C(OC(=O)C2CCC(C(*)=O)CC2)C1(C)C,egc,6.175630126348816
1988,*CNC(=O)ONC(=O)NO*,eea,1.334175152052394
1989,*c1ccc2oc(-c3ccc4nc(*)oc4c3)nc2c1,ei,6.257650741729033
1990,*CCc1ccc(*)c(F)c1,egc,4.532898582829395
1991,*OCC(C*)(CCl)CCl,tg,118.59497435214728
1992,*NC(C=C1)=CC=C1C(=O)O*,egc,4.581086127354072
1993,*C(C*)OC(=O)CCl,tg,29.891815057531105
1994,*NC(=O)Oc1ccc(*)s1,eea,1.695887702927999
1995,*OC1CCC(CC1)OC(=O)*,tg,54.274138602755954
1996,*CC(=O)Cc1ccc(*)cc1,egb,4.107841773554561
1997,*c1cc(-c2ccc(OCCCC)cc2)c(*)s1,egc,2.6064641212165243
1998,*CCC(=O)OCCOC(=O)CCN1CCN(*)CC1,egc,5.595414931896148
1999,*c1nc2c(nc1)ccc(c2)c1ccc2c(nc(cn2)c2ccc(cc2)Oc2ccc(cc2)*)c1,tg,294.411535052163
2000,*CCCCCCCCCNC(=O)CCCCCC(=O)N*,egc,5.880816178492255
2001,*Oc1ccc(cc1)C1(c2ccccc2c2ccccc12)c1ccc(cc1)Oc1ccc(cc1)C(=O)c1c(c(c(c(c1c1ccc(cc1)F)c1ccc(cc1)F)c1ccc(cc1)F)c1ccc(cc1)F)C(=O)c1ccc(cc1)*,tg,286.71298922540734
2002,*[Si](CCC*)(C)C,tg,-54.32062255695258
2003,*CCCCCCCCCCOC(=O)CCCCC(=O)O*,egc,6.779444572688753
2004,*c1cc2c(oc(n2)c2ccc(cc2)C(c2ccc(cc2)c2oc3c(n2)cc(cc3)C(*)(C(F)(F)F)C(F)(F)F)(c2ccccc2)C(F)(F)F)cc1,tg,331.5703743317649
2005,*C(C*)(C(=O)OCc1c(cccc1F)F)C,tg,55.25817262243969
2006,*Oc1ccc(OC(=O)Oc2ccc(OC(*)=O)cc2)cc1C,egc,4.90890459889626
2007,*NC(=O)CCCCCCCCCCC(=O)NCCCCCCCCCC*,tg,44.05090824379457
2008,*N1C(=O)c2c(C1=O)cc(cc2)c1cc2c(C(=O)N(C2=O)c2ccc(cc2)Oc2ccc(cc2)C(=O)c2cc(ccc2)C(=O)c2ccc(cc2)Oc2ccc(cc2)*)cc1,tg,221.21164665814715
2009,*Oc1ccc(cc1)S(=O)(=O)c1ccc(cc1)OCC(COc1c(cc(cc1C)C(c1cc(c(c(c1)C)OCC(C*)O)C)(C)C)C)O,tg,132.10878627023735
2010,*C1C2C(ON1C)C(=O)N(C2=O)c1ccc(cc1)N1C(=O)C2C(C(N(O2)C)c2ccc(cc2)*)C1=O,tg,262.366687698278
2011,*c1ccc(-c2ccc(-c3ccc(-c4ccc(*)s4)cc3)s2)cc1,eps,6.996707455744394
2012,*NC(=O)c1cc(cc(c1)C(C)(C)C)C(=O)NCC1CCC(CC1)C*,tg,201.71855505438555
2013,*OC(=O)CCCCCCCCCC*,tg,-39.48928783645447
2014,*c1cc2c(C(=O)N(C2=O)c2c(cccc2)Oc2ccc(cc2)N2C(=O)c3c(C2=O)cc(cc3)C(*)(C(F)(F)F)C(F)(F)F)cc1,tg,299.38945750292055
2015,*Oc1ccc(cc1)Nc1ccc(cc1)C(=O)c1ccc(cc1)C(=O)c1ccc(cc1)Nc1ccc(cc1)*,tg,157.11895999694786
2016,*OP(=O)(N=Nc1ccc(cc1)c1ccc(cc1)N=NP(=O)(OCCOCC*)OC)OC,tg,43.80466104523611
2017,*NC(=O)C(C=C1)=CC=C1C(=S)*,egc,3.5238479819876165
2018,*OC(COC(=O)/C=C\C(=O)*)C,tg,33.8898744710693
2019,*C(C*)c1c(ccc(c1)C(=O)Oc1ccc(cc1)OCCCCCCCCCCCCCC)C(=O)Oc1ccc(cc1)OCCCCCCCCCCCCCC,tg,93.54121584055102
2020,*CCCCCCCCOC(=O)CCCCC(=O)O*,egc,6.777937205816562
2021,*CC(O)COc1ccc(C(C)(C)c2ccc(O*)c(Cl)c2)cc1Cl,egc,4.234813747771684
2022,*c1cc2c(C(=O)N(C2=O)c2ccc(cc2)OCCOCCOc2ccc(cc2)N2C(=O)c3c(C2=O)cc(cc3)C(*)(C(F)(F)F)C(F)(F)F)cc1,tg,170.95684931952968
2023,*C(C*)(C(=O)OCCCCCCCCCCn1c2ccc(cc2c2ccccc12)C=CC1=C(C(=C(C#N)C#N)OC1(C)C)C#N)C,tg,71.12955116494349
2024,*C=Cc1ccc(*)c2c1C(=O)OC2=O,egc,3.842228622013241
2025,*Cc1ccc(Nc2ccc(*)s2)s1,eps,4.002008073811754
2026,*c1oc(nn1)c1ccc(cc1)C(=O)OCCCCCCOc1ccc(cc1)C=CC(=O)C=Cc1ccc(cc1)OCCCCCCOC(=O)c1ccc(cc1)*,tg,68.51987989587519
2027,*CCCCCCCCCCCCNC(=O)CC(=O)N*,egc,5.905517432993796
2028,*CCCCCCCCCOC(=O)NCCCCCCNC(=O)O*,egc,6.34600210585152
2029,*C(C*)(C(=O)OCC(C(C(C(F)F)(F)F)(F)F)(F)F)F,tg,67.25127479047708
2030,*c1cc2c(C(=O)N(C2=O)c2cc(ccc2)Oc2ccc(cc2)N2C(=O)c3c(C2=O)cc(cc3)c2c(c(c(c(c2c2ccccc2)c2ccccc2)c2ccc(cc2)Sc2ccc(cc2)c2c(c(c(c(c2c2ccccc2)c2ccccc2)*)c2ccccc2)c2ccccc2)c2ccccc2)c2ccccc2)cc1,tg,299.928271718014
2031,*C(C*)c1c(ccc(c1)Br)OCCC(C)C,tg,65.68641124603187
2032,*c1c2C(=O)N(C(=O)c2c(c2ccccc12)c1ccc(cc1)Oc1ccc(cc1)S(=O)(=O)c1ccc(cc1)Oc1ccc(cc1)*)C,tg,292.3844279001688
2033,*Oc1c2c(c(cc1)S(=O)(=O)c1ccc(cc1)*)cccc2,tg,258.56197100295344
2034,*C(=O)c1ccc2c(c1)C(=O)N(c1ccc(-c3ccc(N4C(=O)c5ccc(*)cc5C4=O)cc3)cc1)C2=O,egc,2.4431273649632237
2035,*OP(=O)(OCCCCCCOc1c(cc(cc1)C=C1C(=O)C(=Cc2cc(c(cc2)OCCCCCC*)OC)CC1)OC)OC,tg,63.56344378256913
2036,*c1ncc(cc1)C(=O)Nc1ccc(cc1)Oc1ccc(cc1)C(=O)c1ccc(cc1)Oc1ccc(cc1)NC(=O)*,tg,163.4085974031242
2037,*CCC(=O)OC(=O)CCc1ccc(*)o1,egc,5.190244175229253
2038,*CCC(S1)=CC=C1C(=S)*,egc,2.645914825649758
2039,*c1cc(N2C(=O)c3ccc(-c4ccc5c(c4)C(=O)N(*)C5=O)cc3C2=O)c(O)cc1O,egc,2.475154913572591
2040,*NC(=O)CC(CCCCCC(=O)NCc1c(c(c(c(c1C)C)C*)C)C)C,tg,112.54651392794376
2041,*Oc1c(cc(cc1)C1(c2ccccc2c2ccccc12)c1cc(c(cc1)OC(=O)c1cc(ccc1)C(=O)*)C)C,tg,227.26728835350116
2042,*Oc1ccc(C(=O)OC(=O)c2ccc(*)cc2)cc1,egc,4.358417653239239
2043,*c1ccc(cc1)C(=Cc1c(cc(c(c1)OC)C=C(*)c1ccc(cc1)C(F)(F)F)OC)c1ccc(cc1)C(F)(F)F,tg,196.5496429356769
2044,*C=Nc1ccc(N=Cc2ccc(-c3ccc(*)o3)o2)cc1,egc,2.4959973006035043
2045,*NC(=O)CCCCCCCCC(=O)NCc1ccc(cc1)C*,tg,92.06875127064745
2046,*Oc1ccc(cc1)c1ccc(cc1)Oc1ccc(cc1)C(=O)c1c(c(c(c(c1c1ccccc1)c1cc2c(cc1)cccc2)c1cc2c(cc1)cccc2)c1ccccc1)C(=O)c1ccc(cc1)*,tg,309.7020194260695
2047,*Cc1ccc(NC(*)=S)s1,ei,5.414000999783495
2048,*O[Si](O[Si](c1ccc(cc1)[Si](*)(C)C)(C)C)(CCC(C(C(C(C(C(F)(F)F)(F)F)(F)F)(F)F)(F)F)(F)F)C,tg,-46.77159027817165
2049,*c1ccc(*)cc1,eea,1.8307425296191002
2050,*c1cc2c(C(=O)N(C2=O)c2c(cc(cc2C)c2cc(c(c(c2)C)N2C(=O)c3c(C2=O)cc(cc3)C(*)(C(F)(F)F)C(F)(F)F)C)C)cc1,tg,367.041727526461
2051,*Nc1ccc(*)cc1Cl,egc,3.9789145377456823
2052,*C=C(*)C#N,egc,2.4884891407816805
2053,*Oc1ccc(cc1)NC(=O)c1ccc(cc1)P(=O)(c1ccc(cc1)C(=O)Nc1ccc(cc1)*)c1ccccc1,tg,251.53815389348767
2054,*Oc1ccc(Cc2ccc(*)cc2)cc1,egc,4.876357569629993
2055,*Oc1c(C)cc(C(C)(C)c2cc(C)c(OC(=O)c3ccc(C(*)=O)cc3)c(C)c2)cc1C,egc,3.43522495332661
2056,*OC(=O)CCCCC(=O)OCC*,tg,-41.93202198250246
2057,*Oc1cc2c(cc1)ccc(c2)Oc1ccc(cc1)C(=O)Nc1ccc(cc1)Oc1ccc(cc1)Oc1ccc(cc1)NC(=O)c1ccc(cc1)*,tg,174.6989449516971
2058,*C(C*)c1ccc(cc1)CCCCCCCCCCCCCC,tg,-45.94645702057673
2059,*C(=O)c1ccc(C(=O)c2ccc(*)s2)cc1,eps,4.615173298172931
2060,*OC(=O)OCC(C*)OCCCCCCCCCCCOc1ccc(cc1)C=Cc1ccc(cc1)[N+](=O)[O-],tg,23.70443083378845
2061,*Nc1ccc(-c2ccc(-c3ccc(*)cc3)s2)cc1,nc,2.319649216580683
2062,*C1C(=O)N(C(=O)C1C(C*)(C)C)C1CCCCC1,tg,157.73944132509575
2063,*C(=S)c1ccc(-c2ccc(-c3ccc(*)s3)s2)s1,eea,3.7010301397150105
2064,*C=Nc1cc(NC(=O)NCCNCCNO*)ccc1C,egc,4.06396079879684
2065,*C(=O)C(F)(F)CC(*)(F)F,eps,3.5681060294018576
2066,*CCOC(=S)NC(=S)c1ccc(N*)cc1,nc,2.0778198887427046
2067,*CC(*)(C#N)C(=O)OC(C)C,egb,6.025508579866836
2068,*CC(*)(C)C(=O)Oc1ccc(N=Nc2ccc(C#N)cc2)cc1,egc,3.278692607577633
2069,*c1ccc(-c2ccc(-c3ccc(-c4ccc(*)s4)cc3)s2)cc1,egb,1.9564643204239287
2070,*Nc1cc(ccc1)NC(=O)c1ccc(cc1)C(=O)Nc1ccc(cc1)C(=O)NC(=S)*,tg,275.8726520818201
2071,*c1cc2c(C(=O)N(C2=O)c2ccc(cc2)Oc2ccc(cc2)S(=O)(=O)c2ccc(cc2)Oc2ccc(cc2)N2C(=O)c3c(C2=O)cc(cc3)C(=O)Nc2ccc(cc2)Oc2ccc(cc2)C2(c3c(C(=O)N2)cccc3)c2ccc(cc2)Oc2ccc(cc2)NC(=O)*)cc1,tg,297.9874638542224
2072,*CC(C)C(C)COC(=O)c1ccc(C(=O)O*)cc1,egb,3.8823412982948233
2073,*N1C(=O)c2c(C1=O)cc(cc2)NC(=O)OCCOc1ccc(cc1)C(c1ccc(cc1)OCCOC(=O)Nc1cc2c(C(=O)N(C2=O)c2cc(ccc2)P(=O)(c2cc(ccc2)*)c2ccccc2)cc1)(C(F)(F)F)C(F)(F)F,tg,208.00734105542742
2074,*c1nc2cc3c(cc2c(c1)c1ccccc1)nc(cc3c1ccccc1)c1ccc(cc1)c1ccc(cc1)*,tg,393.0488515430544
2075,*N1C(=O)c2c(C1=O)cc(cc2)Oc1cc2c(C(=O)N(C2=O)c2cc(ccc2)P(=O)(c2cc(ccc2)*)c2ccc(cc2)C(F)(F)F)cc1,tg,221.08637610102946
2076,*NC(S1)=CC=C1C(=O)O*,egc,3.496072489219851
2077,*CC(=O)C(=S)C(C=C1)=CC=C1*,egc,2.873232221580918
2078,*c1cccc(*)c1,egc,4.147292704445686
2079,*Oc1c(-c2ccccc2)cc(*)cc1-c1cccc(C)c1,egc,4.251337937116802
2080,*C(=O)c1ccc2c(c1)C(=O)N(c1cc(-c3nc4ccccc4o3)cc(N3C(=O)c4ccc(*)cc4C3=O)c1)C2=O,egc,2.6149510988281213
2081,*CCCCCOCO*,eps,3.0502961020333323
2082,*C(=S)c1ccc(C(=S)c2ccc(*)cc2)cc1,eps,4.817839764196895
2083,*OC(=O)NCCCCCCNC(=O)OCCCCCCCCCC*,tg,40.95789320079804
2084,*C(S1)=CC=C1C(S2)=CC=C2*,egc,1.6243616856269838
2085,*CC(=O)NC(*)=S,eps,4.676319771563303
2086,*SSc1ccc(cc1)N=CNc1ccc(cc1)*,tg,134.4217102823786
2087,*C(C*)c1c(cccc1)C(=O)OCCC(C)C,tg,94.46690034020254
2088,*c1sc(cc1)c1sc(c(c1)CCCCCCCC)c1sc(cc1)c1sc(cc1)c1sc(cc1CCCCCCCC)c1sc(cc1)[Si](*)(C)C,tg,36.08315700533382
2089,*c1cc(ccc1)CC*,tg,57.55681665891738
2090,*c1cc2c(C(=O)N(C2=O)c2cc(ccc2)Oc2ccc(cc2)S(=O)(=O)c2ccc(cc2)Oc2cc(ccc2)N2C(=O)c3c(C2=O)cc(cc3)C(*)(C(F)(F)F)C(F)(F)F)cc1,tg,218.10723881578858
2091,*Oc1c(cc(cc1C)C(c1cc(c(c(c1)Cl)OC(=O)*)C)(C)C)Cl,tg,164.1421587103358
2092,*O[Si](O[Si](O[Si](O[Si](O[Si](OC(CCC(*)C)C)(C)C)(C)C)(C)C)(C)C)(C)C,tg,-86.91537643055672
2093,*CC(C)(C)C1CC=C(*)CC1,egc,5.474600453632785
2094,*CCCCCCn1cc2c(n1)C(=O)c1cn(*)nc1C2=O,egc,4.101937348020456
2095,*c1c(cc(c(c1)c1cc(c(cc1)F)C(F)(F)F)C=C*)OCC(CCCC)CC,tg,115.30100915591682
2096,*c1sc(cc1CCCCBr)*,tg,59.59042945201385
2097,*C1C2C(C(=O)N(C2=O)CCCC)C(C1)C=C*,tg,116.3930783757684
2098,*C(=O)N(*)CC,egc,5.70536502735944
2099,*ON(C(C(*)(F)F)(C(F)(F)F)F)C(F)(F)F,tg,44.95168548724377
2100,*OC(=O)CCCCC(=O)OCC(C*)CCCCCCOc1ccc(cc1)N=Nc1ccc(cc1)Br,tg,35.52124993722846
2101,*CCC1CC(=O)N(*)C1=O,egc,6.023884649770276
2102,*CC(*)(Cl)C#N,egb,5.91120755542826
2103,*C(=CCCC*)c1ccc(cc1)Cl,tg,32.830860721853035
2104,*OCCOCCOCCCNC(=O)CNC(=O)C(NC(=O)C(NC(=O)CCCCCCCCC(=O)NC(C(=O)NC(C(=O)NCC(=O)NCCC*)C(C)C)Cc1ccccc1)Cc1ccccc1)C(C)C,tg,33.40623297144366
2105,*C1COC2C1OCC2OC(=O)CCCCC(=O)OC1COC2C1OCC2OCCCCO*,tg,1.8744903607838581
2106,*c1cc2c(C(=O)N(C2=O)c2ccc(cc2)C(c2ccc(cc2)N2C(=O)c3c(C2=O)cc(cc3)C(=O)*)(c2ccccc2)C(F)(F)F)cc1,tg,310.2902411926951
2107,*c1ccc(CC(F)(F)C(*)(F)F)cc1,ei,6.6786950225456705
2108,*ON(C(F)(F)F)C(F)(Cl)C(*)(F)F,egb,6.327368268682858
2109,*CCCCC(=O)NCCCCCCNC(=O)CCCCO*,egc,5.77612625988713
2110,*N1C(=O)c2c(C1=O)cc(cc2)c1cc2c(C(=O)N(C2=O)c2cc(c(cc2)Oc2ccc(cc2)C(c2ccc(cc2)Oc2c(cc(cc2)*)C(F)(F)F)(C(F)(F)F)C(F)(F)F)C(F)(F)F)cc1,tg,228.32390001528583
2111,*CC(C=C1)=CC=C1C(=O)C(S2)=CC=C2*,egc,4.087524916539956
2112,*Oc1ccc(cc1)C(c1ccc(cc1)OC(=O)OCCCCOC(=O)*)(C)C,tg,56.698641209470104
2113,*C(C*)c1c(ccc(c1)C(=O)Oc1ccc(cc1)OCCCCCC)C(=O)Oc1ccc(cc1)OCCCCCC,tg,102.54462972329044
2114,*c1ccc(-c2ccc(-c3ccc(-c4ccc(*)s4)s3)s2)cc1,nc,2.5697805072321223
2115,*OC(C*)CS(=O)(=O)C(C)C,tg,94.00943186705861
2116,*C(=O)c1ccc(-c2ccc(C(*)=S)cc2)s1,eea,3.7734063454132643
2117,*Nc1ccc(NC(=O)c2ccc(C(*)=O)cc2)cc1,egc,3.3834007331389264
2118,*CCC(=S)O*,egb,3.758306690600167
2119,*N1C(=O)c2c(C1=O)cc(cc2)C(=O)Oc1ccc(cc1)C(c1ccc(cc1)C(c1ccc(cc1)OC(=O)CCCCC*)(C)C)(C)C,tg,121.7370025209401
2120,*OC(=O)OC(*)=O,eps,3.2807768606223178
2121,*Oc1c(cc(cc1)C(C)(C)C)Oc1ccc(cc1)S(=O)(=O)c1ccc(cc1)*,tg,156.9955528323046
2122,*c1cc2c(C(=O)N(C2=O)c2ccc(cc2)OC(COc2ccc(cc2)N2C(=O)c3c(C2=O)cc(cc3)C(*)(C(F)(F)F)C(F)(F)F)CCC)cc1,tg,207.07293902150084
2123,*C(=O)c1ccc2c(c1)C(=O)N(c1cc(OCCCC)cc(N3C(=O)c4ccc(*)cc4C3=O)c1)C2=O,egc,2.5762392038732913
2124,*C(=O)NC(F)(F)C(*)(F)F,nc,1.6744277671563281
2125,*Oc1cc(C)c(*)c(C)c1Br,egc,3.8367748434431452
2126,*CNC(=O)NCOC(=O)NCCCCCCNC(=O)O*,egc,5.913819660633076
2127,*OC(=O)C=CC(=O)NCCCCCCNC(=O)C=CC(=O)OCC*,tg,110.03161216391109
2128,*N1C(=O)c2c(C1=O)cc(cc2)Oc1cc2c(C(=O)N(C2=O)c2c(ccc(c2)C(c2cc(c(cc2)OCCN(c2ccc(cc2)C=CC2=CC(=C(S(=O)(=O)C)C#N)CC(C2)(C)C)c2ccccc2)*)(C(F)(F)F)C(F)(F)F)OCCN(c2ccc(cc2)C=CC2=CC(=C(S(=O)(=O)C)C#N)CC(C2)(C)C)c2ccccc2)cc1,tg,209.90531456461503
2129,*Cc1ccc(Cc2ccc(*)cc2)cc1,nc,1.8000077648738175
2130,*C(=O)c1ccc2c(c1O)C(=O)N(c1ccc(Oc3ccc(N4C(=O)c5ccc(*)c(O)c5C4=O)cc3)cc1)C2=O,egc,2.9491285198702033
2131,*CCC(=O)N*,egb,5.739853473071654
2132,*CCCCCCCCCCCCOC(=O)CC=CCC(=O)O*,egc,5.982932321680637
2133,*c1nnc(nc1c1ccc(cc1)Oc1ccc(cc1)c1ccc(cc1)Oc1ccc(cc1)*)c1ncccc1,tg,236.33467574658667
2134,*c1nc(c(c(c1F)OCC(C(C(COc1c(c(nc(c1F)F)OCC(C(C(CO*)(F)F)(F)F)(F)F)F)(F)F)(F)F)(F)F)F)F,tg,50.470778531514654
2135,*C1C2C(C(=O)N(C2=O)c2cc(ccc2)C)C(C1)C=C*,tg,241.22387806173467
2136,*OC(=O)NCCCCCCNC(=O)OCC#CC*,tg,43.28465047110677
2137,*c1cc2c(C(=O)N(C2=O)c2ccc(cc2)OCCOc2ccc(cc2)N2C(=O)c3c(C2=O)cc(cc3)C(*)(C(F)(F)F)C(F)(F)F)cc1,tg,245.1804774868346
2138,*Oc1ccc(C2(c3ccc(OC(=O)c4ccc(C(*)=O)cc4)cc3)c3ccccc3C(=O)c3ccccc32)cc1,egc,3.7111704641186187
2139,*NC(=O)CCCC(=O)NCC(CCC*)(C)C,tg,75.55912693056086
2140,*[Si](CC(C*)Cc1c2c(ccc1)cccc2)(C)C,tg,56.9871789740827
2141,*S(=O)(=O)CC(C*)(C)C,tg,72.09827371083365
2142,*C=CCCCCCC*,egc,5.472058761861112
2143,*C(C*)F,tg,0.017866324632947204
2144,*C(=C*)c1c(cccc1)[Si](C)(C)C,tg,122.14900388668076
2145,*NC(=O)CC(CCC(=O)NCCCCCC*)C,tg,20.5133726546216
2146,*C(=O)C(F)(F)NC(*)(F)F,eps,3.7562794720666473
2147,*CC(CC(CC(*)c1ccccn1)c1ccccn1)c1ccccn1,egb,3.7415331507299827
2148,*c1nc(nc(n1)N(CCCCCCN(*)C)C)c1ccccc1,tg,55.92654824494752
2149,*C(C*)OCCCC,tg,-63.639503904905446
2150,*O[Si](O[Si](O[Si](O[Si](Oc1c(cc(cc1C)c1cc(c(c(c1)C)*)C)C)(C)C)(C)C)(C)C)(C)C,tg,20.645503222376586
2151,*Oc1cc(cc(c1)CCCCCCCC)OC(=O)c1cc(ccc1)C(=O)*,tg,55.33605965842986
2152,*CCCOC(=O)c1cccc(C(=O)O*)c1,egc,4.983335857200793
2153,*CC(=O)C(=S)O*,egc,3.504416717805247
2154,*C#CC#Cc1cc2sc(*)cc2s1,egc,1.4388993492996538
2155,*NC(=S)c1ccc(C(*)=S)s1,nc,2.3861364507235523
2156,*CCCCCCCCCCCCCCNC(=O)CCCCCCCCC(=O)N*,egc,5.951147009875739
2157,*Oc1c(cc(cc1)C=C1C(=O)C(=Cc2cc(c(cc2)OCC(=O)c2ccc(cc2)Oc2ccc(cc2)C(=O)C*)OC)CCC1)OC,tg,115.94612356722355
2158,*c1ccc(C(F)(F)C(=O)C(*)(F)F)cc1,eps,3.688443525555749
2159,*c1cc2c(C(=O)N(C2=O)c2ccc(cc2)N2C(=O)c3c(C2=O)cc(cc3)C(=O)*)cc1,tg,353.22078572990927
2160,*C1C(=O)N(C(=O)C1C(C*)c1ccccc1)c1ccc(cc1)C(C)(C)C,tg,251.2801305167558
2161,*c1oc2c(n1)cc(cc2)S(=O)(=O)c1cc2c(oc(n2)C2CCC(CC2)*)cc1,tg,263.52072795773745
2162,*c1ccc(C(F)(F)c2ccc(C(*)(F)F)s2)s1,nc,1.915511922522245
2163,*c1cc2c(C(=O)N(C2=O)c2c(cc(cc2C)c2cc(c(c(c2)C)N2C(=O)c3c(C2=O)cc(cc3)C(=O)Nc2c(cc(cc2)Cc2cc(c(cc2)NC(=O)*)C)C)C)C)cc1,tg,317.4901994158751
2164,*OC(=O)CCCCCCCCC(*)=O,egc,6.189664276904854
2165,*NC(C=C1)=CC=C1C(S2)=CC=C2C(C=C3)=CC=C3*,egc,2.5923014000829165
2166,*C(=O)c1ccc2c(c1)C(=O)N(c1cccc(Nc3nc(Nc4cccc(N5C(=O)c6ccc(*)cc6C5=O)c4)nc(N(C)C)n3)c1)C2=O,egc,2.691128775752776
2167,*C1OC(OC1COC(=O)OC*)(OCC)OCC,tg,69.00744516386969
2168,*c1cc2c(C(=O)N(C2=O)c2c(cc(cc2)Cc2cc(c(cc2)N2C(=O)c3c(C2=O)cc(cc3)C(=O)*)C)C)cc1,tg,312.4417484434848
2169,*C(=O)c1ccc(Oc2ccc(*)s2)cc1,eea,2.7139174565211888
2170,*c8ccc(C7(c4ccc(n3c(=O)c2cc1c(=O)n(*)c(=O)c1cc2c3=O)cc4)c5ccccc5c6ccccc67)cc8,egc,2.2222179264630237
2171,*C(C*)c1cc2c(cc1)cccc2,tg,158.43679127892858
2172,*CCOCCOC(=O)CCCCSCCCCC(=O)O*,egc,5.256062475948009
2173,*N1C(=O)c2c(C1=O)cc(cc2)c1cc2c(C(=O)N(C2=O)c2cc(cc(c2)C(=O)Oc2ccc(cc2)c2ccc(cc2)O[Si](C(C)(C)C)(C)C)*)cc1,tg,218.34826338449906
2174,*Oc1ccc(cc1)S(=O)(=O)c1ccc(cc1)Oc1ccc(cc1)C1(c2ccccc2c2ccccc12)c1ccc(cc1)*,tg,277.4810522655533
2175,*OCC(F)(F)C(*)(F)F,eea,1.1836305760512205
2176,*CCCP(CCCNC(=O)N*)c1ccccc1,egc,5.08117625487874
2177,*N(CCC*)C,tg,-40.423115741131916
2178,*C=CC1C=CC(*)C(C(=O)OC(C)(C)C)=C1C(=O)OC(C)(C)C,egc,3.0388153649784955
2179,*C(C*)C(=O)Oc1ccc(cc1)C(=O)OC,tg,52.68200032115634
2180,*c1cc2c(C(=O)N(C2=O)c2ccc(cc2)Oc2c(cc(cc2C)Cc2cc(c(c(c2)C)Oc2ccc(cc2)N2C(=O)c3c(C2=O)cc(cc3)C(=O)*)C)C)cc1,tg,278.78353789150157
2181,*c1sc(*)c2ccccc12,egc,1.9645786238087786
2182,*Oc1c2c(ccc1)c(ccc2)OC(=O)c1ccc(cc1)Oc1ccc(cc1)C(=O)*,tg,160.91206516906098
2183,*Oc1ccc(cc1)NC(=O)c1cc(cc(c1)NC(=O)CCCCCCCCCCN1C(=O)c2c(C1=O)cccc2)C(=O)Nc1ccc(cc1)*,tg,169.04411054285248
2184,*CCCCCCCCCCCCNC(=O)CCCCC(=O)N*,egc,6.002783618443198
2185,*C=Cc1ccc(*)c(-c2ccc(OCC(CC)CCCC)c3ccccc23)c1,egc,2.6834903473613467
2186,*CNc1ccc(C(*)=S)s1,eea,3.0055985298580175
2187,*CCc1ccc(*)c(Cl)c1,egc,4.696848645198927
2188,*N1C(=O)c2c(C1=O)cc(cc2)Oc1ccc(cc1)Oc1cc2c(C(=O)N(C2=O)c2cc(c(cc2)Cc2c(cc(cc2)*)C)C)cc1,tg,269.80814803715117
2189,*N1C(=O)c2c(C1=O)cc(cc2)Oc1ccc(cc1)Sc1ccc(cc1)Oc1cc2c(C(=O)N(C2=O)c2ccc(cc2)c2ccc(cc2)*)cc1,tg,250.76772658507747
2190,*Oc1ccc(cc1)OC(=O)c1c(cc(c(c1)OCCCCOCC1N(CCC1)c1ccc(cc1)[N+](=O)[O-])C(=O)*)OCCCCOCC1N(CCC1)c1ccc(cc1)[N+](=O)[O-],tg,49.18983736101386
2191,*Cc1ccc(CC(*)=S)s1,eea,2.4804718450039975
2192,*C(=O)c1ccc2c(c1)C(=O)N(c1cc(C(=O)OC)cc(N3C(=O)c4ccc(*)cc4C3=O)c1)C2=O,egc,2.515198748980816
2193,*c1cc2c(oc(n2)c2c(cc(c(c2)OCCCCCCCCCC)c2oc3c(n2)cc(cc3)C(*)(C(F)(F)F)C(F)(F)F)OCCCCCCCCCC)cc1,tg,198.44483504872278
2194,*C(F)(F)C(F)(F)C(S1)=CC=C1C(=S)*,egc,2.799566445291292
2195,*CC(O)COc1cccc(O*)c1,egc,4.9757798309611765
2196,*CC(CC)(CC)COC(=O)CCC(=O)O*,egc,6.660434373508064
2197,*Nc1cccc(C(*)=O)c1,nc,1.9445878488023083
2198,*CCCCCNC(=S)N*,egb,3.9798108664039065
2199,*Cc1ccc(-c2ccc(O*)cc2)s1,egb,3.3173175815420417
2200,*CNCNC(=O)NC(=O)N*,nc,1.7697132568360454
2201,*OC(=O)c1ccc(SCCCCSc2ccc(C(*)=O)cc2)cc1,egc,4.060653366808692
2202,*Oc1ccc(cc1)C(=O)N(C(=O)c1ccc(cc1)OCCCCCC*)c1ccccc1,tg,72.76889009744035
2203,*CC(=S)C(C=C1)=CC=C1C(=S)*,egc,2.569729773644416
2204,*Sc1ccc(*)cc1,nc,1.8956841953486294
2205,*C(C*)c1cc2c(OCO2)cc1,tg,116.71845496761185
2206,*CCCCCCOC(=O)Cc1ccc(CC(=O)O*)cc1,egc,5.266445770718111
2207,*NC(=O)c1cc(ccc1)C(=O)NCC1CC(CC(C1)C(C)(C)C)C*,tg,179.91720518088127
2208,*OC(*)C=C,egc,5.588100029270465
2209,*C(C*)(C(=O)OCC(CCCC)CC)C,tg,41.32403098175351
2210,*N1C(=O)c2c(C1=O)c(ccc2)Oc1ccc(cc1)C(=O)Nc1ccc(cc1)Cc1ccc(cc1)*,tg,251.94098001251973
2211,*C(=S)CC(F)(F)C(*)(F)F,nc,1.826869635084952
2212,*CC(*)c1cccc(C)n1,egc,4.454865782674918
2213,*Cc1ccc(C(=O)C(*)=S)cc1,ei,6.4647883604787
2214,*C(C*)C(=O)O,tg,133.14649701641665
2215,*OC(CC(=O)*)C,tg,18.872231888975193
2216,*C(C*)(C(=O)OCCCCCCN1CCN(CC1)c1ccc(cc1)N=Nc1ccc(cc1)C=C(C#N)C#N)C,tg,118.6722393721012
2217,*Nc1cc(NC(=O)NCCCCCCNC(*)=O)ccc1C,egc,4.60485616529803
2218,*SSSCc1ccc(cc1)C*,tg,25.556145280935773
2219,*c1ccc2c(c1)Cc1cc(-n3c(=O)c4cc5c(=O)n(*)c(=O)c5cc4c3=O)ccc1-2,egc,2.5158065429594414
2220,*COc1ccc(-c2ccc(*)cc2)s1,ei,5.396891121982242
2221,*CC(=O)Nc1ccc(NC(=O)c2ccc3c(c2)C(=O)N(*)C3=O)cc1,egc,3.560978040113051
2222,*O[Si](*)(CCC(F)(F)F)C,tg,-44.77393932067563
2223,*Nc1cc(ccc1)NC(=O)c1cc(cc(c1)NC(=O)C(CCSC)N1C(=O)c2c(C1=O)cccc2)C(=O)*,tg,166.30345721313338
2224,*OC(*)CCC,tg,-53.01076088120554
2225,*C(C*)(C(=O)NC(c1c2c(ccc1)cccc2)C)C,tg,168.48603298338435
2226,*C(C*)(CC(=O)OCCCCCCC)C(=O)OCCCCCCC,tg,17.96936242661899
2227,*Oc1c(cc(cc1)OC(=O)c1c(cc(c(c1)OCCCCCCCCCCCC)C(=O)*)OCCCCCCCCCCCC)c1ccccc1,tg,60.68509806482295
2228,*Oc1ccc(cc1)C(c1ccc(cc1)OC(=S)*)(CC)c1ccccc1,tg,147.125963692434
2229,*c1sc2c(n1)ccc(c2)c1ccc2c(sc(n2)CCCCCCCC*)c1,tg,188.17215585033998
2230,*Oc1ccc(C(=S)c2ccc(*)s2)s1,eea,2.9456267019911655
2231,*CC(*)(C)C(=O)OCC(=O)N1CCOCC1,egc,5.180475029661508
2232,*CC(=O)C(C=C1)=CC=C1O*,egc,4.260914076725402
2233,*N1C(=O)c2c(C1=O)cc(cc2)Oc1c2c(ccc1)c(ccc2)Oc1cc2c(C(=O)N(C2=O)c2ccc(cc2)C(c2ccc(cc2)*)(C(F)(F)F)C(F)(F)F)cc1,tg,259.6622470250417
2234,*N1C(=O)c2c(C1=O)cc(cc2)C(c1cc2c(C(=O)N(C2=O)CC(=O)Nc2ccc(cc2)Oc2ccc(cc2)C(c2ccc(cc2)Oc2ccc(cc2)NC(=O)C*)(C)C)cc1)(C(F)(F)F)C(F)(F)F,tg,231.54065787642458
2235,*c1nnc(nc1c1ccc(cc1)Oc1ccc(cc1)C(c1ccc(cc1)Oc1ccc(cc1)*)(c1ccccc1)C)c1ncccc1,tg,270.18887156539546
2236,*CCC(S1)=CC=C1C(S2)=CC=C2*,egc,3.1889857767344645
2237,*C#CC(CCCCOC(=O)NCC(=O)OCCCC)=C(*)c1cncnc1,egc,2.953337029380924
2238,*N1C(=O)c2c(C1=O)cc(cc2)Oc1cc2c(cc1)cc(cc2)Oc1cc2c(C(=O)N(C2=O)c2cc(ccc2)*)cc1,tg,248.55561960325687
2239,*C(C*)(CC(=O)OC)C(=O)OC,tg,119.64864219964616
2240,*N1C(=O)c2c(C1=O)cc(cc2)Oc1ccc(cc1)Sc1ccc(cc1)Oc1cc2c(C(=O)N(C2=O)c2ccc(cc2)*)cc1,tg,253.0555447404092
2241,*C=Cc1ccc(*)cc1,egc,3.1234643666140385
2242,*C1C2C(C(=O)N(C2=O)c2ccccc2)C(C1)C=C*,tg,249.34249205468177
2243,*CC(CC)(CO)CO*,egc,6.0109908982955
2244,*C(C*)c1ccccc1,tg,84.41393365217823
2245,*N1C(=O)c2c(C1=O)cc(cc2)Oc1ccc(cc1)Oc1ccc(cc1)P(=O)(c1ccc(cc1)Oc1ccc(cc1)Oc1cc2c(C(=O)N(C2=O)c2ccc(cc2)*)cc1)c1ccccc1,tg,265.7993961801643
2246,*Oc1ccc(cc1)Oc1ccc(cc1)OC(=O)c1cc(cc(c1)OCCCCC)C(=O)*,tg,126.50682283492112
2247,*N1C(=O)C2C(C1=O)CC(CC2)C1CC2C(C(=O)N(C2=O)c2ccc(cc2)Oc2ccc(cc2)C(c2ccc(cc2)Oc2ccc(cc2)*)(C)C)CC1,tg,234.5993174050864
2248,*C(=O)c1ccc(C(=O)C(*)=S)s1,eps,5.412315150411826
2249,*c1c(nc2c(n1)cc(cc2)Oc1ccc(cc1)NC(=O)c1cc2c(C(=O)N(C2=O)c2ccc(cc2)C(c2ccc(cc2)N2C(=O)c3c(C2=O)cc(cc3)C(=O)Nc2ccc(cc2)Oc2cc3c(nc(c(n3)c3ccc(cc3)c3ccc(cc3)*)c3ccccc3)cc2)(C(F)(F)F)C(F)(F)F)cc1)c1ccccc1,tg,296.92263376103125
2250,*OC(=O)Nc1c(cc(cc1)c1cc(c(cc1)NC(=O)OCCN(CC*)c1ccc(cc1)N=Nc1ccc(cc1)[N+](=O)[O-])OC)OC,tg,150.50400179841932
2251,*CC(CCCCCCCCCCCC)COC(=O)NC(=O)c1cccc(C(=O)NC(=O)O*)c1,egc,4.823655126054214
2252,*c1c2C(=O)N(C(=O)c2c(c2ccccc12)c1ccc(cc1)Oc1ccc(cc1)C(=O)c1ccc(cc1)Oc1ccc(cc1)*)c1c(cccc1)F,tg,247.27984103997352
2253,*CCOCCOC(=O)NCCCCCCNC(=O)O*,egc,6.289486960059717
2254,*C1CC2CC(CC(C1)O2)OC(=O)c1cc(ccc1)C(=O)O*,tg,161.6338388432846
2255,*N=P(*)(OCCCCCC)OCCCCCC,tg,-84.80619025147072
2256,*OP(=O)(N=Nc1ccc(cc1)C(=O)c1ccc(cc1)N=NP(=O)(OCCCCCC*)OC)OC,tg,43.6524721291796
2257,*NOC(=O)NCC(=O)NC(*)=O,eea,2.187894716127676
2258,*C(C#N)=C(c1ccccc1)c1ccc(*)cc1,egc,3.0978112189243294
2259,*c1cc2c(C(=O)N(C2=O)c2ccc(cc2)C(=O)OCCCCCCCCCOC(=O)*)cc1,tg,83.48932772211334
2260,*CC(*)(C)C(=O)OCCO,egc,6.471608200203663
2261,*C(C*)(C(=O)OC(C(F)(F)F)C(F)(F)F)F,tg,78.50224329862164
2262,*CNc1ccc(C(*)=O)s1,eea,2.4069978917153807
2263,*OC(=O)Cc1ccc(cc1)CC(=O)*,tg,113.53285333369458
2264,*O[Si](O[Si](O[Si](O[Si](Oc1c2ccccc2c2ccccc2c1*)(C)C)(C)C)(C)C)(C)C,tg,-2.613845000710559
2265,*Oc1ccc(cc1)CC(NC(=O)CCc1ccc(cc1)OC(=O)COCCOCC(=O)*)C(=O)OCc1ccccc1,tg,48.49346979675883
2266,*Nc1ccc(C(=S)c2ccc(*)cc2)s1,nc,2.371898952041406
2267,*Nc1ccc(NC(=O)c2cc(NC(=O)c3ccncc3)cc(C(*)=O)c2)cc1,egb,2.6665999449002817
2268,*Cc1ccc(COC(=O)CCCCCCCCCCC(=O)O*)cc1,egc,5.5732188246659256
2269,*CC(C=C1)=CC=C1C(C=C2)=CC=C2C(C=C3)=CC=C3*,egc,4.276922430682868
2270,*NC(F)(F)NC(*)(F)F,ei,9.29687688625825
2271,*S(=O)(=O)c1ccc(cc1)Nc1ccc(cc1)Nc1ccc(cc1)*,tg,142.00851023914925
2272,*NC(=O)CCCCCCCCCCCCCCCCC(=O)NCCCCCC*,tg,39.022167672947916
2273,*NC(S1)=CC=C1OC(S2)=CC=C2*,egc,4.201742303711934
2274,*CC(=O)Oc1ccc(*)s1,ei,5.904169483641679
2275,*CCCCCOCO*,ei,6.989963408907499
2276,*CCC(c1ccccc1)C(*)c1ccccc1,egc,5.30453870927591
2277,*CC(=O)C(=S)C(=O)*,egc,1.8546822463874055
2278,*C(=S)c1ccc(-c2ccc(-c3ccc(*)s3)s2)s1,egb,1.0668548246832892
2279,*CCCCCCOCCCCCCOCCCCCO*,egc,6.119097694310135
2280,*NC(S1)=CC=C1C(=O)C(S2)=CC=C2*,egc,2.444875199388674
2281,*N1C(=O)C(=C(C1=O)Cl)Oc1ccc(cc1)C(c1ccc(cc1)OC1=C(C(=O)N(C1=O)c1ccc(cc1)Cc1ccc(cc1)*)Cl)(C(F)(F)F)C(F)(F)F,tg,210.2263697450132
2282,*c1cc(-c2cc(C)c(Br)cc2C)c(*)s1,egc,2.467159741751273
2283,*CCCCOC(=O)c1ccc(NC=Nc2ccc(C(=O)O*)cc2)cc1,egc,3.981702074469724
2284,*C1C2C(C(=O)N(C2=O)c2ccc(cc2)C)C(C1)C=C*,tg,236.49817324347237
2285,*c1ccc(*)n1C(C(=O)OCC)n1cccc1,egc,2.648548175497217
2286,*OC(=O)c1cc(ccc1)C(=O)OCCOCCOCCOCCOCCOCC*,tg,-14.428788395749175
2287,*CC#CC#CCOC(=O)CCCCC(=O)O*,egc,5.042897665726844
2288,c1(*)cc(c2cc1)N=C(N2(C(c2(c3))=O))c1c2c(c4(c3))c(cc1)CN(C4=N2)c(c2cc(c1)(*))c1,egc,3.3172680730006614
2289,*SC(*)(F)F,egc,6.074377901363191
2290,*N(CC*)CC,tg,-22.07879149347718
2291,*C(C*)(C(=O)OCc1ccc2n(c3c(c2c1)cccc3)CCCCCCCCCC)C,tg,29.779340916019652
2292,*CCc1cccc(*)c1,egc,5.161592698151612
2293,*CCc1ccc(-c2ccc(*)s2)s1,nc,1.9645764866202908
2294,*OC(=O)c1cc(ccc1)C(=O)OCCOCC*,tg,-7.931547100431626
2295,*CC(*)n1c2ccc(I)cc2c2cc(I)ccc21,egc,2.978269725460936
2296,*Cc1ccc(C(=S)c2ccc(*)s2)s1,eps,4.952261696336885
2297,*Nc1ccc(cc1)Cc1ccc(cc1)NC(=O)CCCCCCCCC(=O)*,tg,120.86700042590384
2298,*SCCC*,tg,-39.58035726525932
2299,*c1sc(cc1)C(=O)Oc1ccc(cc1)[Si](c1ccc(cc1)OC(=O)*)(c1ccccc1)c1ccccc1,tg,-7.645352591248118
2300,*c1ccc(Cc2ccc(N(*)Cc3ccccc3)cc2)cc1,egc,3.9661954295546176
2301,*Cc1ccc(COC(=O)CCCCCCCCC(=O)O*)cc1,egc,5.487660023008662
2302,*N=P(*)(OCCCC)OCCCC,tg,-83.62702006504033
2303,*c1nc2c(nc1c1ccc(cc1)C(=O)NCCCCCCCCCCCCNC(=O)c1ccc(cc1)*)cccc2,tg,161.8763539128068
2304,*C=CC(C*)CCC,egb,5.829105787701024
2305,*C(C*)c1ccc(cc1)[Si](O[Si](O[Si](C)(C)C)(C)C)(C)C,tg,58.42984860298418
2306,*C1(c2c(NC1=O)cccc2)c1ccc(cc1)OC(=O)c1cc(ccc1)C(=O)Oc1ccc(cc1)*,tg,259.3652907986918
2307,*C(C*)(C(=O)OCCCCCCC(C(C(C(F)(F)F)(F)F)(F)F)(F)F)C,tg,8.374855972736835
2308,*OP(=O)(N=Nc1ccc(cc1)Oc1ccc(cc1)N=NP(=O)(OCC1CCC(CC1)C*)OC)OC,tg,41.92107218509974
2309,*COCC(C)O*,egc,6.338159392692987
2310,*Oc1ccc(cc1)C(c1ccc(cc1)OC(=O)c1ccc(cc1)C(=O)c1ccc(cc1)C(=O)*)(C)C,tg,176.59364544009495
2311,*OC(=O)CCSCCC(=O)OCCOCC*,tg,-50.289654889961376
2312,*Oc1ccc(cc1)Oc1ccc(cc1)C=NCCCCCCN=Cc1ccc(cc1)*,tg,98.14831052621872
2313,*NC(C=C1)=CC=C1NO*,egc,4.383701659755014
2314,*CCOCCOCCOCCOCCOCCOC(=O)c1cccc(C(=O)O*)c1,egc,4.798194098851363
2315,*c1cc2c(C(=O)N(C2=O)c2cc(ccc2)P(=O)(c2cc(ccc2)N2C(=O)c3c(C2=O)cc(cc3)C(=O)Nc2cc(ccc2)P(=O)(c2cc(ccc2)NC(=O)*)c2ccccc2)c2ccccc2)cc1,tg,214.41842648130572
2316,*C(F)C(*)(F)F,egc,8.07560287197508
2317,*Cc1ccc(Oc2ccc(*)s2)s1,eps,3.7998564907736516
2318,*Nc1ccc(cc1)Cc1ccc(cc1)NC(=O)c1ccc(cc1)C(=O)*,tg,252.9826824615436
2319,*CCCCOCO*,egc,6.950694140122869
2320,*C(C*)(C(=O)OCC(C1OCC(CO1)(C)C)(C)C)C,tg,116.07648769229479
2321,*C(=S)N(*)C,egc,3.736445777225869
2322,*Nc1cc(cc(c1)c1oc(nn1)c1ncccc1)NC(=O)c1ccc(cc1)c1ccc(cc1)C(=O)*,tg,279.09997735603355
2323,*Oc1c(cc(cc1)Oc1ccc(cc1)C(=O)c1ccc(cc1)*)c1ccccc1,tg,169.40985173680946
2324,*CNc1ccc(-c2ccc(*)s2)cc1,nc,1.9733570278376669
2325,*C(C*)(C(=O)OCCCCCCCCCCOc1ccc(cc1)OC(=O)c1ccc(cc1)OCCCC)C,tg,37.2365826163601
2326,*CC(=O)c1ccc(O*)s1,egb,3.179861175286422
2327,*C(C*)(C(=O)Oc1c(ccc(c1)C)C)C,tg,97.09098357364222
2328,*c1ccc(C(F)(F)NC(*)(F)F)s1,egb,3.7317932113255603
2329,*c1nc2c(nc1)ccc(c2)S(=O)(=O)c1ccc2c(nc(cn2)c2ccc(cc2)*)c1,tg,325.50709458994646
2330,*c1nc2c([nH]1)ccc(c2)NC(=O)c1ccc(cc1)OCCOCCOc1ccc(cc1)C(=O)Nc1cc(ccc1)*,tg,232.3426598017123
2331,*CCCCCCCCCCCCCCCC[N+](C)(C)CCCCCC[N+](*)(C)C,egc,0.3085658037908814
2332,*c1cc2c(C(=O)N(C2=O)c2cc(ccc2)Cc2ccc(cc2)N2C(=O)c3c(C2=O)cc(cc3)C(=O)*)cc1,tg,279.62169499396805
2333,*OC(=O)C(C(C(=O)OCCCCCCCCC*)O)O,tg,-11.653367688984988
2334,*O[Zn]OC(=O)c1c(cccc1)C(=O)OCCCCCOC(=O)NCCCCCCNC(=O)OCCCCCOC(=O)c1c(cccc1)C(=O)*,tg,-14.864809987148545
2335,*CC1(CO*)CC=CCC1,egc,5.336110489354819
2336,*C1OC(=O)C(C1)CCC1C(=O)OC(C1)CCCCCC*,tg,63.96604195281975
2337,*OC(=O)c1ccc(cc1)C(=O)OCCN(CC*)c1ccc(cc1)c1oc2c(n1)ccc(c2)[N+](=O)[O-],tg,152.48567732496585
2338,*Oc1c(c(ccc1)Oc1ccc(cc1)c1ccc(cc1)*)C#N,tg,183.7958064409518
2339,*Oc1ccc(cc1)CC(NC(=O)CCc1ccc(cc1)OC(=O)CCCCCCCCC(=O)*)C(=O)OCCCCCC,tg,24.121108863102997
2340,*OP(=O)(OCCCCCCCCCCOc1c(cc(cc1)C=C1C(=O)C(=Cc2cc(c(cc2)OCCCCCCCCCC*)OC)CC1)OC)OC,tg,58.99882815894668
2341,*c1ncc(cc1)C(=O)Oc1ccc(cc1)C(=O)Oc1cc(ccc1)OC(=O)c1ccc(cc1)OC(=O)*,tg,132.33238998193463
2342,*NC(=O)OC(*)=O,eea,2.598136645894906
2343,*CC(*)C(=O)O,egc,7.087036550311089
2344,*N1C(=O)C2CC3C(C2C1=O)CC(=O)N(C3=O)c1ccc(cc1)Oc1ccc(cc1)*,tg,313.9142483980086
2345,*NC(CC(*)=O)C(=O)OCCCCCC,egc,5.864410281761919
2346,*C(C*)C(=O)NC,tg,92.5613908695201
2347,*C1(C(=O)OC(=O)C1(C(C*)OCC(C)C)C)C,tg,176.53505023297114
2348,*OC(=O)c1ccc(C(*)=O)cc1,nc,1.8263355292139878
2349,*Oc1ccc(cc1)NC(=O)c1ccc(cc1)S(=O)(=O)c1ccc(cc1)C(=O)Nc1ccc(cc1)Oc1ccc(cc1)C1(C2CC3CC(CC1C3)C2)c1ccc(cc1)*,tg,252.81529707771367
2350,*C(C*)c1ccc(cc1)C(=O)CCCCCCC,tg,53.25818198275334
2351,*Oc1ccc(CC(NC(=O)CCc2ccc(OC(=O)CCCCCCC(*)=O)cc2)C(=O)OCCCCCCCCCCCC)cc1,egc,4.685747140943042
2352,*CC(C)(C)COC(=O)Nc1ccc(C)c(NC(=O)O*)c1,egc,4.850321113090439
2353,*Cc1ccc(-c2ccc(O*)s2)s1,eea,1.7319585740584245
2354,*OC(CCCCC(=O)*)C,tg,-41.24749032177457
2355,*Oc1ccc(cc1)OC(=O)c1c(cc(cc1)C(=O)*)Sc1ccc(cc1)C,tg,140.40280011160567
2356,*Oc1ccc(OC(=O)c2ccc(C(*)=O)cc2)cc1CCCCCCC,egc,3.3839986671955447
2357,*C(C*)c1ccc(cc1)C(=O)C(F)(F)F,tg,128.60885699221225
2358,*CC(Cl)C(Cl)C(*)Cl,egc,6.592478842986775
2359,*CCOC(=O)CCC(C)CC(=O)O*,egc,6.830579056449312
2360,*CC(=O)c1ccc(C(*)=S)cc1,eps,4.549873298858598
2361,*OC(C)CCOC(=O)CCCCS(=O)(=O)CCCCC(*)=O,egb,6.398236894974996
2362,*N1C(=O)c2c(C1=O)cc(cc2)C(c1cc2c(C(=O)N(C2=O)C(=S)Nc2ccc(cc2)Oc2ccc(cc2)NC(=S)*)cc1)(C(F)(F)F)C(F)(F)F,tg,256.4246579113599
2363,*=CC2CC(C=*)C3CN(c1cc(C(F)(F)F)cc(C(F)(F)F)c1)CC23,egc,4.907080688415377
2364,*c1n(nc(c1)c1ccc(cc1)Oc1ccc(cc1)P(=O)(c1ccc(cc1)Oc1ccc(cc1)*)c1ccccc1)c1ccccc1,tg,267.05197661050596
2365,*C(C*)(C(=O)OCCCCCCCCCCOc1ccc(cc1)N=Nc1ccc(cc1)C1OCC2(CO1)CC1C=CC2C1)C,tg,80.39772367780901
2366,*OP(=O)(N=Nc1ccc(cc1)CCOC(=O)c1cc(cc(c1)C(C)(C)C)C(=O)OCCc1ccc(cc1)N=NP(=O)(OCCCCCC*)OC)OC,tg,32.3513261107079
2367,*c1sc(nn1)c1cc(ccc1)OCCCCCCCCCCCOC(=O)c1cc(ccc1)C(=O)OCCCCCCCCCCCOc1cc(ccc1)*,tg,57.618268415765826
2368,*O[Si](CCCCCC[Si](*)(C)C)(C)C,tg,-95.47136796996743
2369,*C(=O)NCCCCCCNC(=O)c1ccncc1*,egc,4.433885940960345
2370,*N1C(=O)c2c(C1=O)cc(cc2)Oc1ccc(cc1)Sc1ccc(cc1)Oc1cc2c(C(=O)N(C2=O)c2cc(ccc2)*)cc1,tg,219.4358691724595
2371,*OC(=O)NNC(=O)CCCCCCCCC(=O)NNC(=O)OCC*,tg,46.99671514003586
2372,*C(C*)OCCOc1ccc(cc1)N=Nc1ccc(cc1)C#N,tg,73.80056293396493
2373,*CC(=S)c1ccc(O*)cc1,nc,1.9348082951564043
2374,*OC(C*)CCCC,tg,-60.39251341115496
2375,*C=Cc1cc(CCCCCC)c(*)s1,egc,2.3822238743166553
2376,*C(CC(C*)c1ccc(cc1)F)(C#N)C#N,tg,125.31175461738795
2377,*OC(=O)Nc1ccc(cc1)Cc1ccc(cc1)NC(=O)OCC*,tg,113.27670954225196
2378,*OC(=O)Oc1ccc(OC(=O)OC2CC3CC(*)CC(C2)O3)cc1,egc,5.708029882017377
2379,*CCCCCCCCCCOC(=O)CCCCS(=O)(=O)CCCCC(=O)O*,egc,6.318035643180765
2380,*OC(=O)c1ccc(cc1)C(=O)OCCCC*,tg,15.779721520458041
2381,*Nc1cc(cc(c1)C(=O)OCCN(c1ccc(cc1)S(=O)(=O)C(C(C(C(C(C(C(C(F)(F)F)(F)F)(F)F)(F)F)(F)F)(F)F)(F)F)(F)F)C)NC(=O)c1cc(cc(c1)OCCN(c1ccc(cc1)C#N)C)C(=O)*,tg,149.86689207397478
2382,*Oc1ccc(cc1)C(c1ccc(cc1)OC(=O)c1ccc(cc1)[Si](c1ccc(cc1)C(=O)*)(c1ccccc1)c1ccccc1)(C)C,tg,193.8808108157659
2383,*Oc1ccc(cc1)CC(NC(=O)Cc1ccc(cc1)OC(=O)CCC(=O)*)C(=O)OCCCCCC,tg,52.6597013273526
2384,*CC(C=C1)=CC=C1C(S2)=CC=C2C(S3)=CC=C3*,egc,3.283796780017513
2385,*c1nc2c(n1c1ccc(cc1)n1c(nc3c1cccc3)c1ccc(cc1)Oc1ccc(cc1)C(=O)c1ccc(cc1)Oc1ccc(cc1)*)cccc2,tg,249.320819966704
2386,*CCCCCCCCNC(=O)CCCCCCCCCCCCCCCCCCC(=O)N*,egc,5.851581883446564
2387,*C1C(=O)N(C(=O)C1C(C*)CCCCCCCCCCCCCCCC)CCCCCCCCCCCC,tg,92.10952117518782
2388,*c1cc2c(C(=O)N(C2=O)c2c(ccc(c2)N2C(=O)c3c(C2=O)cc(cc3)C(=O)Nc2ccc(cc2)Oc2c(cccc2)c2c(cccc2)Oc2ccc(cc2)NC(=O)*)C)cc1,tg,241.90198218474583
2389,*NC(=O)CCc1ccc(cc1)CCC(=O)NCCCCCC*,tg,87.13812076855156
2390,*COc1ccc(-c2ccc(*)cc2)s1,nc,1.921652317786646
2391,*Oc1c(cc(cc1Cl)C(c1cc(c(c(c1)Cl)OC(=O)CCCCC(=O)*)Cl)(C)C)Cl,tg,104.27010791457926
2392,*OC(=O)c1ccc(cc1)C(=O)OCCCCC*,tg,0.8845342808491368
2393,*P1(=NP(=NP(=N1)(Oc1ccc(cc1)C(=O)OCCC)Oc1ccc(cc1)C(=O)OCCC)(Oc1ccc(cc1)C(c1ccc(cc1)O*)(C(F)(F)F)C(F)(F)F)Oc1ccc(cc1)C(=O)OCCC)Oc1ccc(cc1)C(=O)OCCC,tg,51.95743260143428
2394,*N1C(=O)c2c(C1=O)cc(cc2)C(=O)c1cc2c(C(=O)N(C2=O)CCCCCCCCCCC(=O)Nc2ccc(cc2)Cc2ccc(cc2)NC(=O)CCCCCCCCCC*)cc1,tg,119.49344170104223
2395,*CCc1ccc(C(*)=S)s1,ei,5.884223546211045
2396,*CC(S1)=CC=C1C(S2)=CC=C2C(=S)*,egc,2.4733282504299767
2397,*c1c2C(=O)N(C(=O)c2c(c2ccccc12)c1ccc(cc1)Oc1c(cc(cc1)c1ccc(cc1)c1cc(c(cc1)Oc1ccc(cc1)*)C(F)(F)F)C(F)(F)F)c1ccccc1,tg,306.4592243549904
2398,*N1C(=O)c2c(C1=O)cc(cc2)Oc1cc2c(C(=O)N(C2=O)c2c(cc(c(c2C)C(=O)c2cc(ccc2)*)C)C)cc1,tg,233.75184249959318
2399,*Oc1c(C)cc(-c2cc(C)c(OC(=O)CCCCCC(*)=O)c(C)c2)cc1C,egc,4.025713355918861
2400,*NC(=O)c1cc(cc(c1)C(C)(C)C)C(=O)NCc1ccc(cc1)C*,tg,194.94302328728762
2401,*C(C*)(C(=O)OCCCCCCOc1ccc(cc1)C(=O)Oc1c2c(c(cc1)N=Nc1ccc(cc1)C)cccc2)C,tg,50.35411875583938
2402,*c1cncc(c1)C(=O)NNC(=O)c1ccc(cc1)[Si](c1ccc(cc1)C(=O)NNC(=O)*)(c1ccccc1)c1ccccc1,tg,248.2949777059266
2403,*OC(*)CCCCC,egc,6.6330784161498215
2404,*Nc1ccc(NC(=O)NONC(*)=O)s1,nc,1.9380781809002952
2405,*CNc1ccc(O*)s1,ei,5.189444134871612
2406,*c1ccc(Oc2ccc(N3C(=O)c4cccc(Oc5cccc(Oc6cccc7c6C(=O)N(*)C7=O)c5)c4C3=O)cc2)cc1,egc,2.9952809344569387
2407,*N(CC*)C(=O)Cc1ccc(cc1)C(F)(F)F,tg,73.07036237511343
2408,*c1c2C(=O)N(C(=O)c2c(c2ccccc12)c1ccc(cc1)Oc1ccc(cc1)C(=O)c1ccc(cc1)Oc1ccc(cc1)*)c1ccc(cc1)F,tg,263.90715885979597
2409,*Oc1c2c(c(cc1)OC(=O)c1c(cc(cc1)c1ccc(cc1)C(=O)*)c1ccccc1)cccc2,tg,168.77553916819082
2410,*CC(O)COc1ccc(S(=O)(=O)c2ccc(OCC(O)COc3cccc(O*)c3)cc2)cc1,egc,3.5079033187158384
2411,*CCOC(=O)CCCCS(=O)(=O)CCCCC(=O)O*,egc,6.529025594968285
2412,*c1cc2c(C(=O)N(C2=O)c2cc(c(cc2)c2c(cc(cc2)N2C(=O)c3c(C2=O)cc(cc3)C(*)(c2ccccc2)C(F)(F)F)C(F)(F)F)C(F)(F)F)cc1,tg,324.69390689490876
2413,*OC(=O)c1ccc(cc1)C(=O)OCCOC(=O)CCCCCCCCCCC(=O)OCC*,tg,-11.796405232171816
2414,*CCc1ccc(C(*)=S)cc1,eps,4.2455382132940915
2415,*Oc1ccc(cc1)OCC(=O)OC(=O)C*,tg,55.173769513602615
2416,*c1cc2c(C(=O)N(C2=O)c2ccc(cc2)Oc2ccc(cc2)N2C(=O)c3c(C2=O)cc(cc3)C(=O)Nc2ccc(cc2)Oc2ccc(cc2)c2ccc(cc2)Oc2ccc(cc2)NC(=O)*)cc1,tg,266.5604961896313
2417,*C(C*)(C(=O)OCCCCCCCCCCOc1cc2c(cc1)cc(cc2)C(=O)Oc1ccccc1)C,tg,25.468107769743174
2418,*C(=O)NCCNC(=O)c1ccc(N2C(=O)c3ccc(*)cc3C2=O)cc1,egc,3.371383503650316
2419,*c1ccc(C(F)(F)NC(*)(F)F)cc1,eps,3.9366301787539895
2420,*CC(=O)OC(*)=S,nc,1.751346229604939
2421,*OC(=O)CCCCCCC(=O)OCC(=O)NCCCCCCNC(=O)C*,tg,2.2521101555048957
2422,*N1C(=O)c2c(C1=O)cc(cc2)[Si](O[Si](c1cc2c(C(=O)N(C2=O)c2ccc(cc2)Cc2ccc(cc2)*)cc1)(C)C)(C)C,tg,241.75054368392608
2423,*Cc1ccc(C(=O)c2ccc(*)s2)cc1,eea,2.6989137166605577
2424,*Oc1ccc(cc1)P(=O)(c1ccc(cc1)Oc1ccc(cc1)C(c1ccc(cc1)*)(C(F)(F)F)C(F)(F)F)C,tg,192.49445892824454
2425,*CC1(CO*)CCC(C)CC1,egc,6.055998769039739
2426,*ON(C(C(*)(F)F)(F)F)C(C(Br)(F)F)(F)F,tg,8.871303798073473
2427,*Oc1ccc(cc1)NC(=O)c1ccc(cc1)Oc1ccc(cc1)C(c1cc(ccc1)C(c1ccc(cc1)Oc1ccc(cc1)C(=O)Nc1ccc(cc1)Oc1ccc(cc1)C(c1ccc(cc1)*)(C)C)(C)C)(C)C,tg,122.6312750479062
2428,*OC(=O)OCC(C(C*)OC=O)OC=O,tg,55.167933339826895
2429,*c1ccc(*)n1CCC(=O)OC(C)C(=O)OCC,egb,2.3283642963001565
2430,*CC(*)OC(=O)C(F)(F)C(F)(F)C(F)(F)F,egb,6.197146382993897
2431,*CC(*)(C)C(=O)Oc1ccc([N+](=O)[O-])c(C)c1,egc,2.9002025674177947
2432,*c1ccc2c(nc([nH]2)c2cc(cc(c2)N2C(=O)c3c(C2=O)cccc3)c2nc3c([nH]2)ccc(c3)C(=O)Nc2ccc(cc2)NC(=O)*)c1,tg,318.5505941355928
2433,*N1C(=O)c2c(C1=O)cc(cc2)Oc1ccc(cc1)c1ccc(cc1)Oc1cc2c(C(=O)N(C2=O)c2cc(ccc2)*)cc1,tg,254.97865936287462
2434,*Oc1ccc(C(CC)c2ccc(OC(*)=O)cc2)cc1,egb,4.694040952556491
2435,*NC(=O)CCCCC(=O)NCCCCC*,tg,47.11855420023772
2436,*N1C(=O)c2c(C1=O)cc(cc2)Oc1cc2c(C(=O)N(C2=O)c2cc(c(cc2)Oc2ccc(cc2)Oc2ccc(cc2)*)C(F)(F)F)cc1,tg,233.68345935908778
2437,*N=P(*)(OCCCCCCCCCC)OCCCCCCCCCC,tg,-72.22585623184328
2438,*CCCCCCCCCC#CC#CCCCCCCCCCOC(=O)CCCCC(=O)O*,egc,5.256482315609306
2439,*CCCCOC(=O)c1ccc(C(=O)O*)cc1,ei,7.047457597823348
2440,*c1sc(cc1C(=O)Oc1c2ncccc2ccc1)*,tg,166.86426149901553
2441,*CCCCOC(=O)CCCCCNC(=O)O*,egc,6.417987127088961
2442,*CNC(=O)CCCCC(=O)N*,egc,5.772771643712105
2443,*CCN(*)C(=O)Cc1ccc(C(F)(F)F)cc1,egc,4.926153393935165
2444,*N=P(*)(OCC)OCC,tg,-78.57206997466442
2445,*CCCC(*)=O,ei,6.537358727365081
2446,*CCCCCCCCCCNC(C)=N*,egc,5.153608544342132
2447,*N1C(=O)c2c(C1=O)cc(cc2)C(=O)c1cc2c(C(=O)N(C2=O)CC(=O)Nc2ccc(cc2)NC(=O)C*)cc1,tg,237.29936740008606
2448,*CCC(=O)C(*)=S,ei,6.546144810699684
2449,*CNC(=O)NCOCO*,egb,6.345497650639466
2450,*O[Si](CCCN=Cc1c(ccc(c1)Cc1cc(c(cc1)O)C=NCCC[Si](*)(C)C)O)(C)C,tg,25.319888011892107
2451,*CC(=S)c1ccc(O*)s1,eea,3.0688872833594187
2452,*COC(=O)Nc1ccc(Cc2ccc(NC(=O)OCc3cocc3*)cc2)cc1,egc,4.385768202649965
2453,*Oc1c(cc(c(c1)OC(=O)c1ccc(cc1)OCC)OC(=O)CCCCCCCCCCCCCCC(=O)*)OC(=O)c1ccc(cc1)OCC,tg,35.78583956364646
2454,*c1c(nc2c(n1)cc(cc2)Oc1cc2c(nc(c(n2)c2ccc(cc2)c2ccc(cc2)*)c2ccccc2)cc1)c1ccccc1,tg,341.1532864703697
2455,*Oc1c(cc(cc1)C(c1cc(c(cc1)OC(=O)*)C)(C)C)C,tg,100.80152480660587
2456,*CNC(=O)C(=S)*,egc,2.941767167000375
2457,*Oc1ccc(cc1)NC(=O)c1cc(cc(c1)NC(=O)c1ccc(cc1)OC(=O)C)C(=O)Nc1ccc(cc1)*,tg,269.0487020875864
2458,*OC(C(*)=O)C(C)C,egc,6.086036831539262
2459,*C#CC(=C(*)c1ccccc1)c1ccccc1,egc,0.9252428640346637
2460,*CC(CCCCCC)O*,egc,6.015824517370476
2461,*C(C(C(C*)OC)C(=O)OC)C(=O)OC,tg,70.50294476444886
2462,*Oc1ccc(cc1)CC(NC(=O)CCc1ccc(cc1)OC(=O)CCCCC(=O)*)C(=O)OC(CC)C,tg,48.59727778136023
2463,*CCOC(=O)NCCCOCCCNC(=O)O*,egc,6.278590819657199
2464,*O[Si](*)(CCCOCCOC)CCCOCCOC,tg,-77.48508868541494
2465,*OC(=O)c1ccc(cc1)N=Cc1ccc(cc1)C=Nc1ccc(cc1)C(=O)OCCCCOCCCCOCCCC*,tg,25.8137649225147
2466,*Oc1ccc(cc1)S(=O)(=O)c1ccc(cc1)Oc1ccc(cc1)c1ccc(cc1)Oc1ccc(cc1)C(=O)c1ccc(cc1)*,tg,202.44753179009973
2467,*Oc1ccc(cc1)Oc1ccc(cc1)C(=O)c1cc(ccc1)c1cc(ccc1)C(=O)c1ccc(cc1)*,tg,182.67357635812618
2468,*c1cc2c(C(=O)N(C2=O)c2ccc(cc2)Oc2cc(ccc2)Oc2ccc(cc2)N2C(=O)c3c(C2=O)cc(cc3)C(=O)Nc2ccc(cc2)C2(c3ccccc3c3ccccc23)c2ccc(cc2)NC(=O)*)cc1,tg,234.12318974073983
2469,*N1C(=O)c2c(C1=O)c(ccc2)Oc1ccc(cc1)C(c1ccc(cc1)Oc1c2c(C(=O)N(C2=O)c2c(cc(cc2C)Cc2cc(c(c(c2)C)*)C)C)ccc1)(C)C,tg,239.83401246076775
2470,*Oc1ccc(C(=S)c2ccc(*)s2)s1,ei,5.56621601487808
2471,*Oc1ccc(cc1)NC(=O)c1cc(ccc1)C(=O)Nc1ccc(cc1)OCCOCC*,tg,96.78421793207517
2472,*NC(=S)NO*,egb,2.908028254895471
2473,*OC(=O)Nc1c(ccc(c1)NC(=O)OCCCCCOC(=O)c1c(cccc1)C(=O)O[Cd]OC(=O)c1c(cccc1)C(=O)OCCCCC*)C,tg,16.96206832965857
2474,*Oc1ccc(cc1)Nc1ccc(cc1)S(=O)(=O)c1ccc(cc1)Nc1ccc(cc1)Oc1ccc(cc1)C(c1ccc(cc1)*)(C)C,tg,135.49651016982344
2475,*CCC(=O)c1ccc(*)s1,ei,6.687368855404989
2476,*C(C*)(C(=O)OCCCOc1ccc(cc1)C(=O)Oc1ccc2c(c1)oc(=O)cc2)C,tg,142.3341776023335
2477,*N(CC(C*)O)c1ccc(cc1)N=Nc1ccc(cc1)C(=O)O,tg,163.87805561360366
2478,*C(C*)C(=O)Nc1cc2C(=O)c3c(C(=O)c2cc1)cccc3,tg,159.42050470901603
2479,*CC1CCC(COC(=O)NCCSCCCSCCNC(=O)O*)CC1,egb,5.4035773033905325
2480,*C(C*)(CC(=O)OCCCc1ccccc1)C(=O)OCCCc1ccccc1,tg,26.617816151287165
2481,*C(C*)OC(=O)C(C)(C)C,tg,34.11682497440145
2482,*c1ccc(C(F)(F)c2ccc(C(*)(F)F)cc2)cc1,eea,2.256520946788922
2483,*Nc1ccc(Oc2ccc(*)s2)s1,ei,5.147993256138537
2484,*Oc1ccc(cc1)S(=O)(=O)c1ccc(cc1)OCC(C*)O,tg,126.43934534145694
2485,*Oc1c(cc(cc1C)S(=O)(=O)c1cc(c(c(c1)C)OCC(COc1ccc(cc1)C(c1ccc(cc1)OCC(C*)O)(C)C)O)C)C,tg,127.98550367090674
2486,*CC(CCl)(CCl)COC(=O)CCCCCCCCC(=O)O*,egc,6.670903961490896
2487,*Cc1ccc(COC(=O)CCCCS(=O)(=O)CCCCC(=O)O*)cc1,egc,5.45155828861725
2488,*OC(CCC(OC(=O)CCCCCCCCC(=O)*)C)C,tg,-13.052890531155313
2489,*Oc1c(cc(cc1)Oc1ccc(cc1)C(=O)c1ccc(cc1)C(=O)c1ccc(cc1)*)c1ccc(cc1)S(=O)(=O)O,tg,157.3819137885552
2490,*NC(C)(CCC)CC(*)=O,egc,5.312317175112007
2491,*Oc1ccc(cc1)Oc1ccc(cc1)C=Nc1ccc(cc1)N=Cc1ccc(cc1)*,tg,163.34792135151466
2492,*c1sc(cc1C(=O)OCC(C(C(F)(F)F)(F)F)(F)F)*,tg,82.83139348011606
2493,*OC(=O)c1ccc(cc1)[Si](c1ccc(cc1)C(=O)OCCCC*)(C)C,tg,26.140222559962545
2494,*CC(=O)c1ccc(-c2ccc(*)cc2)s1,ei,5.9325722854077485
2495,*C(=S)OC(=S)c1ccc(*)cc1,eps,5.576645459907736
2496,*c1sc(cc1c1ccc(cc1)C(=C1C=C(C(=O)C(=C1)C(C)(C)C)C(C)(C)C)c1cc(c(c(c1)C(C)(C)C)O)C(C)(C)C)*,tg,33.761539120411584
2497,*C(C*)(C(=O)OCC(C(F)F)(F)F)F,tg,67.6587020957349
2498,*c1cccc(*)n1,eea,1.9922041499024654
2499,*CCCCCCCOC(=O)CCCCCCCCC(=O)O*,egc,6.808307994914056
2500,*NC(=O)c1ccc(O*)cc1,nc,1.8941286009612501
2501,*Oc1ccc(cc1)C(c1ccc(cc1)OC(=S)*)CCC,tg,105.20941176756162
2502,*Oc1ccc(cc1)S(=O)(=O)c1ccc(cc1)Oc1c(cc(c(c1C)Br)c1c(c(c(c(c1)C)*)C)Br)C,tg,224.2279032694784
2503,*c1ccc(cc1)CC*,tg,91.00804439321075
2504,*c1cc2c(C(=O)N(C2=O)c2ccc(cc2)Oc2c(cc(cc2C(C)(C)C)c2ccc(cc2)N2C(=O)c3c(C2=O)cc(cc3)C(*)(C(F)(F)F)C(F)(F)F)C(C)(C)C)cc1,tg,359.8866190054551
2505,*C(=O)NC(=O)c1ccc(*)cc1,egb,3.7834240531316294
2506,*Nc1ccc(C(=O)O*)cc1,eps,4.338621150378302
2507,*c1cc2c(C(=O)N(C2=O)c2ccc(cc2)Oc2ccc(cc2)N2C(=O)c3c(C2=O)cc(cc3)c2ccc(cc2)c2ccc(cc2)c2ccc(cc2)c2ccc(cc2)*)cc1,tg,262.982342396613
2508,*Oc1ccc(cc1)C(=O)c1cc(ccc1)NC(=O)c1cc(ccc1)C(=O)Nc1ccc(cc1)C(=O)c1ccc(cc1)*,tg,169.1655428433315
2509,*C(C*)(C(=O)OCCCCn1c2ccc(cc2c2ccccc12)N=Nc1c(cc(cc1)[N+](=O)[O-])[N+](=O)[O-])C,tg,116.72445099341047
2510,*CCCCCC(=O)O*,egc,6.712564657081088
2511,*N1C(=O)c2c(C1=O)cc(cc2)Oc1cc2c(C(=O)N(C2=O)c2cc(ccc2)C(C(C(c2cc(ccc2)*)(F)F)(F)F)(F)F)cc1,tg,175.88017676430752
2512,*c1sc(nn1)c1ccc(cc1)C(=O)OCCCCCCOC(=O)c1ccc(cc1)*,tg,92.98493913604686
2513,*C1C2C(C(C1)CC*)C1C(CC2C1)(C(=O)OC)C,tg,211.86336042529558
2514,*c1nnc(nc1c1ccc(cc1)Oc1ccc(cc1)C(=O)c1ccc(cc1)Oc1ccc(cc1)*)c1ncccc1,tg,217.14741831309863
2515,*Oc1ccc(cc1)C1(c2ccccc2c2ccccc12)c1ccc(cc1)Oc1ccc(cc1)C(=O)c1c(c(c(c(c1c1ccccc1)c1cc2c(cc1)cccc2)c1cc2c(cc1)cccc2)c1ccccc1)C(=O)c1ccc(cc1)*,tg,332.59284758698647
2516,*c1sc(-c2cc(CCCCCC)c(*)s2)cc1CCCCCC,egc,1.7460413411661573
2517,*c1ccc(Oc2cc(C(C)(C)C)ccc2Oc2ccc(-n3c(=O)c4cc5c(=O)n(*)c(=O)c5cc4c3=O)cc2)cc1,egc,1.8581985978435165
2518,*c1cc2c(C(=O)N(C2=O)c2ccc(cc2)C(=O)Nc2c(cccc2)NC(=O)*)cc1,tg,281.8514123141454
2519,*Oc1c(C(C)C)cc(C(*)=O)cc1C(C)C,egc,3.9462399216552577
2520,*C(=C(*)c1ccccc1)CCCCCC,tg,165.62834361218225
2521,*C(C*)(C(=O)OC1C2(CCC(C1)C2(C)C)C)C,tg,160.64940520360304
2522,*CC(=O)C(=S)c1ccc(*)cc1,egb,1.9660635148952998
2523,*CC(C)(C=O)C(F)(F)C(*)([2H])[2H],egc,6.340449446418364
2524,*Oc1ccc(C(CC)(c2ccccc2)c2ccc(OC(=O)CCCCCCCCC(*)=O)cc2)cc1,egc,4.476090411565207
2525,*N1C(=O)c2c(C1=O)cc(cc2)S(=O)(=O)c1cc2c(C(=O)N(C2=O)c2ccc(cc2)Oc2c(cc(c(c2)C(C)(C)C)Oc2ccc(cc2)*)C(C)(C)C)cc1,tg,306.4834126019845
2526,*CCCCCCNC(=O)CCP(=S)(CCC(=O)N*)c1ccccc1,egc,4.1605356478807405
2527,*c1ccc(*)nc1,egc,4.061530320224977
2528,*c1cc2c(C(=O)N(C2=O)c2ccc(cc2)Oc2ccc(cc2)C(c2ccc(cc2)Oc2ccc(cc2)N2C(=O)c3c(C2=O)cc(cc3)C(=O)Nc2ccc(cc2)Oc2c(cccc2)c2c(cccc2)Oc2ccc(cc2)NC(=O)*)(C)C)cc1,tg,245.40262372154507
2529,*[Ge](C=C*)(c1ccccc1)c1ccccc1,tg,84.4461179153103
2530,*c1cc2c(C(=O)N(C2=O)c2ccc(cc2)Oc2ccc(cc2)N2C(=O)c3c(C2=O)cc(cc3)C(=O)Oc2cc3c(cc2)ccc(c3)OC(=O)*)cc1,tg,246.03507931301192
2531,*Nc1cc(ccc1)NC(=O)c1ccc(cc1)NC(=O)c1ccc(cc1)[Si](c1ccc(cc1)C(=O)Nc1ccc(cc1)C(=O)*)(C)C,tg,317.6701464032877
2532,*C(C(C(C*)OCC(C)C)C(=O)OC)C(=O)OC,tg,87.7318255410998
2533,*C(C)=C(C)c1ccc(-c2ccc(*)s2)s1,egc,1.963228751475535
2534,*CCc1ccc(O*)cc1,ei,5.6933447824522885
2535,*CCCCCCCCCCNC(=O)CCCCC(=O)N*,egc,5.918671254453166
2536,*CC(=O)CO*,eps,3.5216943429574634
2537,*OC(CC(*)=O)C(Cl)Cl,egc,6.637249187452635
2538,*CC(=O)NCCCCCCNC(=O)COC(=O)CCC(=O)O*,egc,6.25839894091649
2539,*Oc1ccc(cc1)C1(c2ccccc2c2ccccc12)c1ccc(cc1)OCCOC(=O)Nc1ccc(cc1)Cc1ccc(cc1)NC(=O)OCC*,tg,117.1689191480933
2540,*Nc1ccc(Cc2ccc(NC(=O)c3cc(C(*)=O)cc(N4C(=O)C=CC4=O)c3)cc2)cc1,egb,2.318036468336627
2541,*C(C(CCCCCCCCCCCC*)c1ccc(cc1)O)c1c(cc(cc1)O)C,tg,-17.876518458741273
2542,*C(C*)C(=O)OCC(C)C,tg,-18.078602878645572
2543,*NC(C)C(=O)NCC(=O)NCC(=O)NCC(*)=O,egb,5.491551872031247
2544,*C(C*)(C(=O)N)C,tg,164.5265382089651
2545,*C(=O)c1ccc(-c2ccc(C(*)=S)s2)s1,nc,2.3404744368687114
2546,*c1cc2c(C(=O)N(C2=O)c2ccc(cc2)S(=O)(=O)c2ccc(cc2)NC(=O)c2cc(ccc2)C(=O)Nc2ccc(cc2)S(=O)(=O)c2ccc(cc2)N2C(=O)c3c(C2=O)cc(cc3)C(=O)*)cc1,tg,240.40802721571595
2547,*OC1CCC(CC1)OC(=O)OCCCCOC(=O)*,tg,15.235553850643253
2548,*N=C(NCCCCCCCCCC*)C,tg,11.45302093299796
2549,*S(=O)(=O)c1ccc(cc1)Sc1ccc(cc1)*,tg,185.56707606726903
2550,*Oc1c(cc(cc1)Cc1cc(c(cc1)OC(=O)*)C)C,tg,77.76487229214088
2551,*C(C*)C(=O)OCCSC,tg,-64.52012066847597
2552,*Oc1ccc(-c2ccc(C(*)=O)cc2)cc1,eea,2.411856032041872
2553,*c1c2c(c(nn1)c1ccc(cc1)Oc1ccc(cc1)Oc1ccc(cc1)*)c(c(c(c2c1ccc(cc1)F)c1ccc(cc1)F)c1ccc(cc1)F)c1ccc(cc1)F,tg,331.04093091925307
2554,*Oc1ccc(-c2ccc(-c3ccc(*)cc3)s2)cc1,egb,2.756136815527269
2555,*C(C*)(C(=O)OCc1ccc(cc1)Cl)C,tg,42.424947580866025
2556,*C1C2C(C(C(C1*)C2)COCCCc1ccccc1)COCCCc1ccccc1,tg,119.86956038586713
2557,*Cc1c(O)c(CNC(=O)N*)cc(C(CC)=NO)c1O,egc,4.235570982362262
2558,*C(C*)CCI,tg,68.99209226224757
2559,*CC(*)(C#N)C(=O)OC(C)C,egc,6.1864453143587825
2560,*Nc1ccc(cc1)NC(=O)c1c(cc(cc1)C(c1cc(c(cc1)C(=O)*)C(=O)OCC)(C(F)(F)F)C(F)(F)F)C(=O)OCC,tg,263.34531919881334
2561,*C(=O)C(S1)=CC=C1C(S2)=CC=C2C(S3)=CC=C3*,egc,2.1947557757751235
2562,*c1nnc(nc1c1ccc(cc1)Oc1ccc(cc1)C(c1ccc(cc1)Oc1ccc(cc1)*)(C(F)(F)F)C(F)(F)F)c1ncccc1,tg,237.65384329331
2563,*N1C(=O)C2C(C1=O)CC(CC2)C1CC2C(C(=O)N(C2=O)c2ccc(cc2)Oc2ccc(cc2)Oc2ccc(cc2)Oc2ccc(cc2)*)CC1,tg,232.67833929603938
2564,*N1C(=O)c2c(C1=O)cc(cc2)Oc1cc2c(cc1)ccc(c2)Oc1cc2c(C(=O)N(C2=O)c2c(cc(cc2C)Cc2cc(c(c(c2)C)*)C)C)cc1,tg,305.9643547068353
2565,*Oc1ccc(Cc2ccc(Cc3ccc(OC(*)=O)cc3)cc2)cc1,egc,4.943903050468589
2566,*Oc1ccc(C(C)(C)c2cc(Cl)c(OC(*)=O)c(Cl)c2)cc1,egc,4.7826937210560505
2567,*c1cc2c(C(=O)N(C2=O)c2ccc(cc2)Oc2c(c(ccc2)Oc2ccc(cc2)N2C(=O)c3c(C2=O)cc(cc3)C(=O)*)C#N)cc1,tg,261.0504018015894
2568,*C(=C(*)C)SCCCCCCCCCC,tg,66.44250672479261
2569,*Oc1ccc(cc1)CC(NC(=O)CCc1ccc(cc1)OC(=O)COCC(=O)*)C(=O)OCC,tg,74.81233956300238
2570,*Oc1ccc2cc(Oc3ccc(C(=O)c4ccc(*)cc4)cc3)ccc2c1,egc,3.725877793903428
2571,*C1C2C(C(=O)N(C2=O)CCCCC)C(C1)C=C*,tg,115.6381803217721
2572,*OC(C*)COC,tg,-54.58887683561906
2573,*c1cc2c(C(=O)N(C2=O)c2ccc(cc2)OCCOCCOc2ccc(cc2)N2C(=O)c3c(C2=O)cc(cc3)C(=O)*)cc1,tg,220.9257586305543
2574,*Cc1ccc(C(=S)c2ccc(*)s2)s1,eea,3.0397479581593396
2575,*CC(*)c1cc(C)ccc1F,egc,4.101399399237142
2576,*Nc1ccc(NC(=O)c2cc(C(*)=O)c(C(=O)O)cc2C(=O)O)cc1,egc,3.271167065554852
2577,*Nc1ccc(-c2ccc(-c3ccc(*)s3)s2)cc1,eps,6.382371529564314
2578,*OP(=O)(Oc1ccc(cc1)NC(=O)OCCCCCCOC(=O)Nc1ccc(cc1)*)c1ccccc1,tg,13.391635554455343
2579,*OC1C(COCO)OC(*)C(O)C1O,egc,6.043480753359184
2580,*CCCCCCSSCCCCSS*,egc,4.646879411005128
2581,*NC(=S)NO*,eea,3.2470913702104327
2582,*O[Si](O[Si](O[Si](O[Si](O[Si](O[Si](Oc1c2ccccc2c2ccccc2c1*)(C)C)(C)C)(C)C)(C)C)(C)C)(C)C,tg,-21.482051523546662
2583,*c1cc2c(s1)-c1sc(-c3cc4c(s3)-c3sc(*)cc3C4(CC(CC)CCCC)CC(CC)CCCC)cc1C2=O,egc,1.9824517867957245
2584,*CCCCCCCCCCCCCCCCCCCCC(*)Cl,egc,6.998248100617225
2585,*OC(=O)C=CC(=O)NCCCCCCNC(=O)C=CC(=O)OCCOCCOCC*,tg,59.27713874390811
2586,*C(F)(F)NC(F)(F)C(C=C1)=CC=C1*,egc,4.9334922022664935
2587,*c1cc2c(C(=O)OC2=Nc2cc(ccc2)Oc2ccc(cc2)N=C2OC(=O)c3c2cc(cc3)C(=O)*)cc1,tg,190.437477092179
2588,*Oc1ccc(cc1)c1ccc(cc1)N=Nc1ccc(cc1)C(=O)*,tg,218.0711006858599
2589,*Oc1ccc(C(=S)c2ccc(*)cc2)cc1,eps,5.120979376993078
2590,*OC(=O)NCCCCCCNC(=O)OCC(CS(=O)(=O)CC(C*)(C)C)(C)C,tg,45.99875060756649
2591,*NC(=O)Oc1ccc(*)cc1,eea,1.6159169903629866
2592,*Oc1ccc(cc1)c1ccc(cc1)Oc1c(c(c(c(c1F)F)COC(c1cc(ccc1)C(OCc1c(c(c(c(c1F)F)*)F)F)(C(F)(F)F)C(F)(F)F)(C(F)(F)F)C(F)(F)F)F)F,tg,104.47198336265552
2593,*C(C*)(C(=O)OCCCCOc1ccc(cc1)OC(=O)c1ccc(cc1)OC)C,tg,32.69311023134186
2594,*C(C*)(C(=O)OCCN(c1ccc(cc1)N(C)C)C)C,tg,46.14380269390943
2595,*OC(=O)Nc1c(ccc(c1)NC(=O)OCCCCCC*)C,tg,41.45883207951655
2596,*Oc1ccc(cc1)CC(NC(=O)CCc1ccc(cc1)OC(=O)CCC(=O)*)C(=O)OCCCCCC,tg,49.73605112509558
2597,*C1C(=O)N(C2CCCCC2)C(=O)C1*,egc,5.028217225535022
2598,*Oc1ccc(CC(*)=O)cc1,ei,6.4515743844152
2599,*c1sc(cc1)C(=O)Oc1ccc(cc1)[Si](c1ccc(cc1)OC(=O)*)(CC)C,tg,-49.56273382291174
2600,*C=C(*)C(=O)CC,egc,3.508466607049145
2601,*c1cc2c(C(=O)N(C2=O)c2ccc(cc2)Oc2ccc(cc2)N2C(=O)c3c(C2=O)cc(cc3)C(C(C(C(*)(F)F)(F)F)(F)F)(F)F)cc1,tg,227.5815970869496
2602,*CC(C)(C)COC(=O)NCCNC(=O)O*,egc,6.37406882333467
2603,*c1nc2c(nc1)cc(cc2)c1ccc2c(nc(cn2)c2ccc(cc2)*)c1,tg,379.4947995872475
2604,*Oc1ccc(cc1)Oc1c(cc(cc1)C(=O)c1ccc(cc1)Oc1ccc(cc1)Oc1ccc(cc1)C(=O)c1cc(c(cc1)*)C(C)C)C(C)C,tg,155.48434795082662
2605,*C1C(C2C(C1)C(C(C2)CC*)OC(=O)CCCCCCCCCCOc1ccc(cc1)c1ccc(cc1)C#N)OC(=O)CCCCCCCCCCOc1ccc(cc1)c1ccc(cc1)C#N,tg,2.2781780198463
2606,*O[Si](c1ccccc1)(c1ccccc1)c1cccc(*)c1,egc,4.434481294870161
2607,*C(C*)(C(=O)OCCCCCCOc1ccc(cc1)C(=O)Oc1ccc(cc1)C)C,tg,13.041687874709268
2608,*Oc1ccc(cc1)C(c1ccc(cc1)OC(=O)c1ccc(cc1)S(=O)(=O)c1ccc(cc1)C(=O)*)(C)C,tg,212.80429372590442
2609,*Oc1cc(c(cc1)CCc1ccc(cc1)OCCCC*)C,tg,3.5793488707508123
2610,*c1cc(CCCCCCCCCCBr)c(*)s1,egc,2.684232727943662
2611,*OC(=O)CCCCCNC(=O)CCCCC(=O)NCCCCCC(=O)OCCCC*,tg,-10.114444892393001
2612,*c1ccc2cc(*)n(C(C(=O)OCC)n3ccc4ccccc43)c2c1,egc,3.1250656543190583
2613,*CCOCCOC(=O)c1ccc(Cc2ccc(C(=O)O*)cc2)cc1,egc,4.588106884894851
2614,*c1ccc(*)n1C(=O)NO,egc,2.778001685673922
2615,*N1C(=O)c2c(C1=O)cc(cc2)c1ccc(cc1)c1cc2c(C(=O)N(C2=O)CCCCCCCCCC*)cc1,tg,104.77548963344803
2616,*C(C*)c1ccc(cc1)COc1ccc(cc1)c1c2c(nsn2)c(cc1)c1ccc(cc1)C,tg,151.1629056350308
2617,*c1cc2c(C(=O)N(C2=O)c2c(ccc(c2)N2C(=O)c3c(C2=O)cc(cc3)C(=O)*)Oc2ccc(cc2)C(c2ccccc2)(C)C)cc1,tg,243.6082019802253
2618,*c1nc2c(c(c1)c1ccccc1)cc(cc2)Oc1cc2c(nc(cc2c2ccccc2)c2c(ccc(c2)*)OCCN(c2ccc(cc2)c2sc(cc2)C(=C(C#N)C#N)c2ccc(cc2)N(CC)CC)CC)cc1,tg,195.01879670766056
2619,*CC(*)C(=O)Oc1cccc(C)c1,egc,4.346484422098994
2620,*CNC(=O)C(*)=S,egb,2.35069747553343
2621,*c1ccc(C(Cl)(Cl)C(*)Cl)cc1,egc,4.732182276104884
2622,*C(=O)c1ccc2c(c1)C(=O)N(c1cc(-c3nc4ccccc4oc3=O)cc(N3C(=O)c4ccc(*)cc4C3=O)c1)C2=O,egc,2.1442653925638604
2623,*C=C(*)c1cccc(C#C)n1,egc,0.7106364351438044
2624,*CCOCCOC(=O)O*,egc,6.659502445844576
2625,*Oc1ccc(cc1)OC(=O)c1c(cc(cc1)C(=O)*)Oc1ccc(cc1)C(c1ccccc1)(C)C,tg,113.41251420463368
2626,*c1cc2c(C(=O)N(C2=O)c2ccc(cc2)C(=O)Nc2ccc(cc2)C(c2ccc(cc2)NC(=O)c2ccc(cc2)N2C(=O)c3c(C2=O)cc(cc3)C(*)(C(F)(F)F)C(F)(F)F)(C(F)(F)F)C(F)(F)F)cc1,tg,299.17763034871297
2627,*C(C*)(CC(=O)OCC(C)C)C(=O)OCC(C)C,tg,36.34776236866992
2628,*N1C(=O)c2c(C1=O)cc(cc2)C(=O)c1cc2c(C(=O)N(C2=O)CCCCCCCCCCC(=O)Nc2ccc(cc2)NC(=O)CCCCCCCCCC*)cc1,tg,131.95797905901327
2629,*OC(=O)OCC(C(C*)OC(=O)C)OC(=O)C,tg,10.94484116844757
2630,*C(C*)C(=O)Nc1c(cccc1)Cl,tg,129.26650756678504
2631,*OC(=O)c1cc(cc(c1)OCCCCC)C(=O)OCC(C(C(C*)(F)F)(F)F)(F)F,tg,1.332101108056764
2632,*CC1CC1COC(=O)NCCCCCCNC(=O)O*,egc,6.233964418960097
2633,*N1C(=O)c2c(C1=O)cc(cc2)C(=O)Nc1ccc(cc1)C1(c2ccccc2c2ccccc12)c1ccc(cc1)NC(=O)C*,tg,248.31840144681473
2634,*Oc1ccc(cc1)c1ccc(cc1)OCCCCCCCCCCCOC(=O)c1cc(cc(c1)OCCCCCCCCOc1ccc(cc1)N=Nc1ccc(cc1)OC)C(=O)OCCCCCCCCCCC*,tg,81.47602103349685
2635,*Oc1ccc(cc1)C(c1ccc(cc1)OC(=O)*)(CC)c1ccccc1,tg,178.4649757762074
2636,*OC(=O)CCCCC(=O)OCCCCCCCCCCCCCCCC*,tg,-42.75631027479775
2637,*C(OC)=C(OC)c1ccc(*)cc1,egc,3.3998093072219056
2638,*SSSSCCCCCCCCCC*,tg,-52.983565220991245
2639,*OC(=O)CCSCCC(=O)OCCOCCOCCOCCOCC*,tg,-48.396145218279756
2640,*N1C(=O)c2c(C1=O)cc(cc2)Oc1cc2c(C(=O)N(C2=O)c2c(ccc(c2)C(c2cc(c(cc2)OCc2cc(cc(c2)OCCN(c2ccc(cc2)C=CC2=CC(=C(C#N)C#N)CC(C2)(C)C)C)OCCN(c2ccc(cc2)C=CC2=CC(=C(C#N)C#N)CC(C2)(C)C)C)*)(C(F)(F)F)C(F)(F)F)OCc2cc(cc(c2)OCCN(c2ccc(cc2)C=CC2=CC(=C(C#N)C#N)CC(C2)(C)C)C)OCCN(c2ccc(cc2)C=CC2=CC(=C(C#N)C#N)CC(C2)(C)C)C)cc1,tg,193.76529657366981
2641,*C=C(*)C(C)=O,egc,3.029521687856891
2642,*NC(CCCCNC(=O)NCCCNC(*)=O)C(=O)OC,egc,5.922121590428564
2643,*C1C(=O)OC(=O)C1C1C2CC(C(C1*)C2)C(=O)OCCOCC,tg,178.38199709362283
2644,*Oc1ccc(cc1)NC(=O)c1cc(cc(c1)C(C)(C)C)C(=O)Nc1ccc(cc1)OCCCCCC*,tg,126.44482610800368
2645,*c1cc2c(C(=O)N(C2=O)c2cc(ccc2)Oc2c(c(ccc2)Oc2cc(ccc2)N2C(=O)c3c(C2=O)cc(cc3)C(=O)Nc2ccc(cc2)Oc2cc(ccc2)Oc2ccc(cc2)NC(=O)*)C#N)cc1,tg,200.37320840756837
2646,*C(=O)NC(F)(F)C(*)(F)F,eea,2.5478071042624775
2647,*c1ccc(C(c2ccc(-c3nc4ccc(-c5ccc6nc(*)oc6c5)cc4o3)cc2)(C(F)(F)F)C(F)(F)F)cc1,egc,3.1704621889987914
2648,*C(=O)C=CC(=O)N1CC(C)N(*)CC1C,egc,3.7505846616174696
2649,*CC(*)CC,egc,6.715334714176188
2650,*Oc1ccc(cc1)NC(=O)c1ccc(cc1)NC(=O)c1ccc(cc1)[Si](c1ccc(cc1)C(=O)Nc1ccc(cc1)C(=O)Nc1ccc(cc1)*)(C)C,tg,323.8318453911952
2651,*Oc1ccc(cc1)C(c1ccc(cc1)Oc1ccc(cc1)C(=O)Nc1cc(c(cc1)c1c(cc(cc1)NC(=O)c1ccc(cc1)*)C(F)(F)F)C(F)(F)F)(C)C,tg,229.6840077976846
2652,*Oc1ccc(cc1)CC(NC(=O)CCc1ccc(cc1)OC(=O)CCCC(=O)*)C(=O)OC(CC)C,tg,53.73664542647685
2653,*Cc1ccc(Nc2ccc(*)s2)cc1,egb,3.952497827169521
2654,*C(C*)C(=O)OCc1ccccc1,tg,3.679657649460793
2655,*N1C(=O)c2c(C1=O)cc(cc2)Oc1c(cccc1)Oc1cc2c(C(=O)N(C2=O)c2ccc(cc2)Oc2ccc(cc2)*)cc1,tg,200.05433400244527
2656,*N1C(=O)c2c(C1=O)cc(cc2)Oc1c(cc(c(c1)C(C)(C)C)Oc1cc2c(C(=O)N(C2=O)c2ccc(cc2)Oc2ccc(cc2)c2ccc(cc2)Oc2ccc(cc2)*)cc1)C(C)(C)C,tg,249.4279611314291
2657,*C(=O)c1ccc2c(c1)C(=O)N(c1cccc(C(c3ccccc3)(c3cccc(N4C(=O)c5ccc(*)cc5C4=O)c3)C(F)(F)F)c1)C2=O,egc,3.158850990079054
2658,*C(C*)(CC(=O)OCCCC)C(=O)OCCCC,tg,15.491870527460541
2659,*N1C(=O)c2c(C1=O)cc(cc2)Oc1ccc(cc1)C(c1ccc(cc1)Oc1cc2c(C(=O)N(C2=O)c2c(cc(cc2C)c2cc(c(c(c2)C)*)C)C)cc1)(C)C,tg,319.2563328200815
2660,*CC(=O)c1ccc(O*)cc1,nc,1.817868884452973
2661,*N1C(=O)c2c(C1=O)cc(cc2)c1cc2c(C(=O)N(C2=O)c2ccc(cc2)Oc2cc3c(cc2Oc2ccc(cc2)*)cccc3)cc1,tg,259.41493681729594
2662,*C(C*)N1C(=S)CCC1,tg,147.60676343649865
2663,*C(C*)(CC(=O)OCCCCC)C(=O)OCCCCC,tg,13.544300663841133
2664,*OC(=O)NCCCCCCNC(=O)OCCN(CC*)c1cc(c(cc1)N=Nc1ccc(cc1)[N+](=O)[O-])C,tg,92.24331051538317
2665,*Nc1ccc(cc1)NC(=O)c1ccc(cc1)C(=O)*,tg,312.19380629764294
2666,*N1C(=O)N(C(=O)C1(C)C)c1ccc(cc1)Cc1ccc(cc1)N1C(=O)N(C(C1=O)(C)C)c1ccc(cc1)Cc1ccc(cc1)*,tg,178.45387036875408
2667,*N([Si](C[Si](*)(C)C)(C)C)CCC,tg,-83.5168328959703
2668,*OC(=O)NCCCCCCNC(=O)OCC*,tg,55.219933571410685
2669,*CCCOC(=O)CCCCCCCCCCC(=O)O*,egc,6.902716680510376
2670,*Sc1cc(ccc1)Sc1ccc(cc1)Sc1ccc(cc1)*,tg,104.78320185897087
2671,*N1C(=O)c2c(C1=O)cc(cc2)C(c1cc2c(C(=O)N(C2=O)CCN(CC*)c2ccc(cc2)C=Cc2ccc(cc2)[N+](=O)[O-])cc1)(C(F)(F)F)C(F)(F)F,tg,194.98174247592448
2672,*c1ccc2N(c3c(Sc2c1)cc(cc3)c1sc(cc1)c1sc(cc1)*)CCCCCCCCCCCC,tg,128.9546114932063
2673,*S(=O)(=O)c1ccc(cc1)NC(=O)c1cc(cc(c1)S(=O)(=O)c1ccccc1)C(=O)Nc1ccc(cc1)*,tg,226.37215928611013
2674,*N1C(=O)c2c(C1=O)c(ccc2)Oc1ccc(cc1)Sc1ccc(cc1)Oc1c2c(C(=O)N(C2=O)c2cc(ccc2)*)ccc1,tg,243.94943187397155
2675,*C=c1ccc(=c2ccc(=Cc3ccc(*)s3)s2)s1,egc,1.2587724982181336
2676,*OCC*,tg,-30.41953024695645
2677,*c1cnc(s1)n1c(=O)c2cc3c(cc2c1=O)c(=O)n(c3=O)c1ccc(cc1)Oc1ccc(cc1)*,tg,225.90274110537177
2678,*OC(=O)c1ccc(cc1)C(=O)OCCCCCCCC*,tg,-1.256831414439262
2679,*NNC(=O)CCCCCCCC(=O)NNC(=O)CCCCCCCCC(*)=O,egc,4.9376320353013465
2680,*Oc1ccc(cc1)C(c1ccc(cc1)OCC(C*)OC(=O)CCl)(C)C,tg,60.19906639247945
2681,*C1C=C(C)C(*)C1,egc,4.907418692116742
2682,*C=Cc1cc(OCCCC)c(C=Cc2ccc(*)cc2)cc1OCCCC,egc,1.9493656388762532
2683,*c1ccc(-c2ccc(-c3ccc(-c4ccc(*)s4)cc3)s2)cc1,nc,2.4002187573899887
2684,*c1c2ccccc2c(*)n1C,egc,2.680394566568793
2685,*CCOCCOC(=O)CCCCCC(=O)O*,egc,6.2171451790489245
2686,*O[Si](*)(CCCCCCCCCCCOc1ccc(cc1)/C=C/c1ccc(cc1)OCCCC)C,tg,24.52071983337537
2687,*C(C*)(C(=O)OCc1c(ccc(c1)Cl)Cl)C,tg,37.0904218709042
2688,*c1cocc1C[Ge](C*)(C)C,tg,259.2708474809159
2689,*OC(=O)c1cc2c(cc1)cc(cc2)C(=O)OCCCCCCCCC*,tg,41.99489267145229
2690,*Oc1ccc(cc1)C1(c2ccccc2Cc2ccccc12)c1ccc(cc1)OC(=O)CCCCCCCCC(=O)*,tg,191.05862070495473
2691,*C(C*)OC(=O)c1ccc(cc1)OC,tg,84.63879960015706
2692,*NC(=O)CCCCC(=O)NCCCCCCC*,tg,53.7218252791178
2693,*c1cc2c(C(=O)N(C2=O)c2ccc(cc2)C(=O)Nc2ccc(cc2)C(=O)OCCCCCOC(=O)*)cc1,tg,114.19195860750793
2694,*C(C*)c1cc(c(cc1)O)OC,tg,124.22428818118532
2695,*Nc1ccc(-c2ccc(C(*)=S)s2)s1,eps,8.410398755044689
2696,*C1C2C(C(C1)CC*)C1C(CC2C1)CC,tg,251.93751935250742
2697,*CONO*,eps,3.4974654567087393
2698,*C(S1)=CC=C1C(=S)OC(=S)*,egc,2.7093583133915775
2699,*C(=S)C(=O)C(F)(F)C(*)(F)F,eps,4.594924359092743
2700,*Oc1cc(ccc1)NC(=O)c1ccc(cc1)C(=O)c1cc(ccc1)C(=O)Nc1ccc(cc1)*,tg,177.29979797940325
2701,*N1C(=O)c2c(C1=O)cc(cc2)C(=O)Oc1ccc(cc1)OC(=O)CCCCCCCCCCC*,tg,54.25325432400298
2702,*C(=C(*)C)CCCCCCC,tg,57.342250651042946
2703,*CC(=O)CC(S1)=CC=C1*,egc,4.501379263032799
2704,*Oc1ccc(cc1)C(c1cc(c(c(c1)Cl)OC(=O)*)Cl)(C)C,tg,182.62742694313104
2705,*NC(=S)NC(C=C1)=CC=C1NC(=S)NC(C=C2)=CC=C2OC(C=C3)=CC=C3*,egc,3.50638920008005
2706,*CC(F)(F)C(F)(F)C(F)(F)C(F)(F)COC(=O)CSCCSCC(=O)O*,egc,5.104646473865919
2707,*Oc1ccc(cc1)N(c1cc2c(cc1)ccc(c2)N(c1ccc(cc1)*)c1ccc(cc1)OC)c1ccc(cc1)OC,tg,217.35830059859637
2708,*Nc1cccc2c(NC(=O)c3cccc(C(*)=O)c3)cccc12,egc,2.9606570726887322
2709,*OC(=O)c1cc(ccc1)C(=O)OCCCS(=O)(=O)CCCS(=O)(=O)CCC*,tg,46.88899477443597
2710,*c1cccc(*)n1,ei,5.441043973212273
2711,*N1C(=O)c2c(C1=O)cc(cc2)C(=O)c1cc2c(C(=O)N(C2=O)CCCCCC(=O)Nc2ccc(cc2)NC(=O)CCCCC*)cc1,tg,189.29995867650894
2712,*Cc1ccc(C(=O)O*)s1,nc,1.8390412558846727
2713,*C1=C(C2C=CC1C2)C(=O)*,tg,192.78162573868366
2714,*C(C*)CCCCCCCCCCCCCCCC,tg,-42.15885915757025
2715,*Oc1ccc(C(C)c2ccc(OC(*)=O)c(C)c2)cc1C,egc,4.88652769125739
2716,*C(=O)Nc1ccc(NC(=O)c2ccc(N3C(=O)c4ccc(*)cc4C3=O)cc2)cc1,egc,2.5649513289118553
2717,*c1cc2c(C(=O)N(C2=O)c2ccc(cc2)c2ccc(cc2)NC(=O)c2cc(ccc2)C(=O)Nc2ccc(cc2)c2ccc(cc2)N2C(=O)c3c(C2=O)cc(cc3)C(=O)*)cc1,tg,231.03191522532828
2718,*CC(*)n1ccnc1,egc,4.552168494816057
2719,*c1ccc(Cc2ccc(N3C(=O)c4ccc(S(=O)(=O)c5ccc6c(c5)C(=O)N(*)C6=O)cc4C3=O)cc2)cc1,egc,2.9469553771989556
2720,*CC(*)(F)C(=O)OCC(F)(F)C(F)(F)C(F)(F)C(F)(F)C(F)(F)C(F)F,egc,6.20365984720525
2721,*COCOCCCO*,egc,6.29281329000903
2722,*CNC(S1)=CC=C1O*,egc,4.414793962046946
2723,*N1C(=O)c2c(C1=O)cc(cc2)Oc1cc(ccc1)C(=O)Nc1ccc(cc1)Cc1ccc(cc1)*,tg,226.84784039260023
2724,*Nc1ccc(C(=O)C(*)=S)s1,eps,7.3875708529182536
2725,*OC(COC(=O)c1cc(cc(c1)OCCCCC)C(=O)OCC(*)(F)F)(F)F,tg,12.995511300337395
2726,*Oc1ccc(cc1)N1ON1c1ccc(cc1)OCCCCCCOC(=O)C(C(=O)OCCCCCC*)CCCCCCCCCCP(=O)(OCC)OCC,tg,-0.9986859023313834
2727,*c1nc2c(c(c1c1ccccc1)c1ccccc1)cc(cc2)Oc1cc2c(nc(c(c2c2ccccc2)c2ccccc2)c2ccc(cc2)Oc2ccc(cc2)*)cc1,tg,315.8757611961256
2728,*OC(=O)c1ccc(cc1)C(=O)OCC(C*)(C)C,tg,65.7883807289633
2729,*Oc1c(cc(cc1Cl)*)Cl,tg,212.97935306622006
2730,*Oc1ccc(cc1)Sc1ccc(cc1)Oc1c(cc(cc1)c1ccc(cc1)c1ccc(cc1)c1cc(c(cc1)*)C(F)(F)F)C(F)(F)F,tg,169.62445340818377
2731,*Oc1c(cc(cc1OC)c1cc(c(c(c1)OC)OC(=O)c1cc(ccc1)C(=O)*)OC)OC,tg,132.00641072034648
2732,*CCC(=O)O*,egc,6.555248539907052
2733,*Oc1cc(ccc1)Oc1c(c(ccc1)Oc1cc(ccc1)Oc1ccc(cc1)c1ccc(cc1)*)C(=O)c1c(cccc1)S(=O)(=O)O[Na],tg,190.11731933401546
2734,*NC(=O)c1ccc(cc1)CC(=O)NCCC*,tg,112.1414093839011
2735,*c1oc(nn1)c1ccc(cc1)C(=O)OCCCCCCCCOc1ccc(cc1)C=C1C(=O)C(=Cc2ccc(cc2)OCCCCCCCCOC(=O)c2ccc(cc2)*)CCC1,tg,78.74226348089616
2736,*C(C(C(C*)OCCCC)(C(=O)OC)C)(C(=O)OC)C,tg,97.71237945319824
2737,*Oc1ccc(cc1)C1(c2ccccc2c2ccccc12)c1ccc(cc1)OC(=O)CCCC(=O)*,tg,186.30854416504695
2738,*Oc1ccc(cc1)C1(c2ccccc2c2ccccc12)c1ccc(cc1)OCCOC(=O)C1CCC(CC1)C(=O)OCC*,tg,160.61117316431142
2739,*Oc1ccc(cc1)C(c1ccc(cc1)OC*)(C)C,tg,127.66911373587622
2740,*CCOCCOC(=O)Nc1ccc(C)c(NC(=O)O*)c1,ei,5.84911986940266
2741,*NC(=O)NCCCCCCNC(=O)NCCCCCCCCCCCCCC*,tg,46.265847401838116
2742,*NC(F)(F)CC(*)(F)F,eea,1.7340895929466855
2743,*N=P(*)(N(C)C)N(C)C,tg,21.486614403309034
2744,*OCC(C*)(COCC(C(C(C(C(C(C(F)(F)F)(F)F)(F)F)(F)F)(F)F)(F)F)(F)F)C,tg,-37.013050881240055
2745,*CC(C)(C)C1C(=O)N(c2ccccc2C)C(=O)C1*,egc,4.647613936237761
2746,*Oc1ccc(cc1)P(=O)(c1ccc(cc1)Oc1ccc(cc1)C(c1ccc(cc1)*)(c1ccccc1)C(F)(F)F)C,tg,226.79950443284778
2747,*Oc1ccc(cc1)C=Nc1ccc(cc1)N=Cc1ccc(cc1)Oc1ccc(cc1)C(c1ccc(cc1)*)(c1ccccc1)c1ccccc1,tg,177.96667114424616
2748,*C(=O)c1ccc2c(c1)C(=O)N(c1cc(N3C(=O)c4ccc(*)cc4C3=O)c(O)cc1O)C2=O,egc,2.485691641139141
2749,*CCCOC(=O)NCCSCCSCCNC(=O)O*,egc,5.239258079225552
2750,*N1C(=O)c2c(C1=O)cc(cc2)Oc1cc(ccc1)Oc1cc2c(C(=O)N(C2=O)c2ccc(cc2)Oc2ccc(cc2)c2ccc(cc2)Oc2ccc(cc2)*)cc1,tg,213.86850136501877
2751,*N1C(=O)c2c(C1=O)cc(cc2)Oc1c(cc(cc1C)Cc1cc(c(c(c1)C)Oc1cc2c(C(=O)N(C2=O)c2cc(ccc2)*)cc1)C)C,tg,263.3078457370905
2752,*c1ccc(-n2c(=O)c3cc4c(=O)n(-n5c6ccc(*)cc6c6cccnc65)c(=O)c4cc3c2=O)cc1,egc,2.794832529984354
2753,*C(C*)c1cc(c(c(c1)OC)OC(=O)C)OC,tg,104.5434567414367
2754,*CCCN*,eea,0.3000071233612113
2755,*Oc1ccc(cc1)CC(NC(=O)CCc1ccc(cc1)OC(=O)CCCCC(=O)*)C(=O)OCCCCCCCC,tg,20.924289682179378
2756,*C1C2CC(C(C1*)C2)C(=O)OCCc1ccc(cc1)N(c1c2c(ccc1)cccc2)c1ccccc1,tg,319.73355770699743
2757,*NC(CC(*)=O)C(C)C,egc,5.595284455595096
2758,*c1cc2c(C(=O)N(C2=O)c2cc(cc(c2)C(F)(F)F)Oc2c(cc(cc2C)c2cc(c(c(c2)C)Oc2cc(cc(c2)C(F)(F)F)N2C(=O)c3c(C2=O)cc(cc3)C(*)(C(F)(F)F)C(F)(F)F)C)C)cc1,tg,277.6925754918818
2759,*c1oc(cc1)C(c1oc(cc1)CNC(=O)OC(C(OC(=O)NC*)c1occc1)c1occc1)(C)C,tg,85.44168698148093
2760,*Oc1cc(ccc1)S(=O)(=O)c1ccc(cc1)*,tg,193.06336832772055
2761,*CCOCCOC(=O)CCCCCCC(=O)O*,egc,6.659342970272261
2762,*CCCCCCc1nc2cc(NC(=O)CCCCCCCCC(=O)Nc3ccc4oc(*)nc4c3)ccc2o1,egc,4.058835839597585
2763,*Oc1ccc(cc1)OC1(C(C(C1(F)F)(F)F)(*)F)F,tg,101.0830914415153
2764,*C=CC1CC(*)C(C(=O)Oc2ccccc2)C1,egc,4.889464274320544
2765,*Oc1c(cc(cc1)C(c1cc(c(cc1)OC(=O)c1ccc(cc1)C(=O)*)CCCC)(C)C)CCCC,tg,149.98928722079953
2766,*Cc1ccc(-c2ccc(C(*)=S)s2)s1,egb,1.8492417554899763
2767,*N1C(=O)c2c(C1=O)c(ccc2)Oc1ccc(cc1)c1ccc(cc1)Oc1c2c(C(=O)N(C2=O)c2cc(ccc2)*)ccc1,tg,281.10781778320836
2768,*CC(*)c1ccccc1C(=O)OC,egc,4.361178029433269
2769,*Nc1ccc(*)cc1S(=O)(=O)O,egc,3.6886536853467233
2770,*N1C(=O)C2C3C4C(C(C2C1=O)C=C3)C(=O)N(C4=O)CCCC*,tg,242.88424557739384
2771,*OC(COC(=O)c1c(c(c(c(c1F)F)c1c(c(c(c(c1F)F)C(=O)*)F)F)F)F)COc1ccc(cc1)N=Nc1ccc(cc1)C#N,tg,128.84139498256857
2772,*CC1CCC(COC(=O)O*)CC1,egc,7.139824496181355
2773,*c1ccc(Oc2ccc(-c3cnc4cc(Oc5ccc6nc(*)cnc6c5)ccc4n3)cc2)cc1,egc,2.7889683598040564
2774,*OC(=O)c1ccc(C(*)=O)s1,eps,4.618396122598685
2775,*OC(CC(C)C)C(*)=O,egc,6.457189193222997
2776,*NC(=O)Oc1ccc(*)cc1,egb,4.024309620454188
2777,*c1oc(nn1)c1ccc(cc1)Oc1c2c(ccc1)c(ccc2)NC(=O)c1ccc(cc1)Oc1ccc(cc1)C(=O)Nc1c2c(ccc1)c(ccc2)Oc1ccc(cc1)*,tg,225.41370863745044
2778,*Oc1ccc(cc1)CC(NC(=O)Cc1ccc(cc1)OC(=O)CCCCCCC(=O)*)C(=O)OCCCCCCCC,tg,20.28374181025887
2779,*CC(=S)C(=O)C(*)=S,nc,2.2463722477404273
2780,*c1cc(Br)c(Oc2c(Br)cc(N3C(=O)c4ccc(S(=O)(=O)c5ccc6c(c5)C(=O)N(*)C6=O)cc4C3=O)cc2Br)c(Br)c1,egc,2.8962836301519714
2781,*c1cc2c(cc1OC(=O)COc1ccc3c(c1)oc(=O)cc3)oc(=O)c(c2)C(=O)Nc1ccc(cc1)S(=O)(=O)c1ccc(cc1)NC(=O)c1c(=O)oc2c(cc(c(c2)OC(=O)COc2ccc3c(c2)oc(=O)cc3)C*)c1,tg,242.15424928180357
2782,*Oc1c(cc(cc1)Oc1ccc(cc1)C(=O)Nc1ccc(cc1)Oc1ccc(cc1)NC(=O)c1ccc(cc1)*)c1ccccc1,tg,198.56761986040854
2783,*Oc1ccc(-c2ccc(-c3ccc(*)s3)s2)s1,eps,5.59378198944026
2784,*C(C(*)F)(OC(F)(F)F)F,tg,28.337814171488354
2785,*NC(CC(*)=O)C(=O)OCC(C)C,egc,5.623134324725472
2786,*C(S1)=CC=C1OC(=S)O*,egc,3.565657743682687
2787,*Oc1c(cc(cc1)C=C1C(=O)C(=Cc2cc(c(cc2)OC(=O)CCCCCCCCC(=O)*)OC)CCC1)OC,tg,32.5601786159524
2788,*C(C(CCCCCCCC*)c1ccc(cc1)O)c1c(cc(cc1)O)C,tg,-7.639043869499505
2789,*NC(=O)CCC1(c2ccccc2c2ccccc12)CCC(=O)NCc1cc(ccc1)C*,tg,153.91623624761476
2790,*N1C(=O)c2c(C1=O)cc(cc2)C(c1cc2c(C(=O)N(C2=O)CC2CC(CCC2)C*)cc1)(C(F)(F)F)C(F)(F)F,tg,186.76626611370634
2791,*Oc1c2c(c(cc1)C=Cc1ccc(cc1)OCCCCCC*)cccc2,tg,105.92218856678014
2792,*C1C(=O)N(C(=O)C1*)c1cc(c(c(c1)Br)O[Si](CC)(CC)CC)Br,tg,186.01372553551604
2793,*Oc1ccc(cc1)C=CC(=O)c1ccc(cc1)Oc1c(cc(cc1)C(c1cc(c(cc1)*)C)(C)C)C,tg,142.08028759818356
2794,*OC(=O)Nc1c(ccc(c1)NC(=O)OCCN(CC*)c1ccc(cc1)N=Nc1ccc(cc1)c1oc2c(n1)cccc2)C,tg,176.63757304654143
2795,*C(C*)C(=O)Oc1cc(ccc1)N(C)C,tg,28.088398744187362
2796,*Nc1ccc(cc1)/C=C/c1ccc(cc1)NC(=C(C#N)C#N)c1ccc(cc1)C(=C(C#N)C#N)*,tg,252.1317692928626
2797,*NC(=O)CCCCC(=O)NCC1CC(CCC1)C*,tg,85.065803971606
2798,*OC(=O)NCc1ccc(cc1)CNC(=O)OCCCCCCCCCCCCCCCC*,tg,34.59451074070797
2799,*OC(C*)CS(=O)(=O)CCCC,tg,41.44481506667374
2800,*C(=O)C1CC1C(=O)N1CCN(*)CC1,egc,5.749072125351174
2801,*CC(O)COc1ccc(C(C)(C)c2ccc(OCC(O)COc3ccc(S(=O)(=O)c4ccc(O*)cc4)cc3)cc2)cc1,egc,3.8760836448034897
2802,*Nc1ccc(NC(=O)c2cc(NC(=O)c3ccncc3)cc(C(*)=O)c2)cc1,egc,3.3686891312131073
2803,*[Si](CC(C*)c1c2c(ccc1)cccc2)(C)C,tg,49.26696929325372
2804,*Cc1ccc(-c2ccc(O*)cc2)cc1,eps,3.9010103445987534
2805,*OP(=O)(OCCCCCCCCCCOc1ccc(cc1)C=Cc1ccc(cc1)OCCCCCCCCCC*)OCCCCCCCCCCOc1ccc(cc1)N=Nc1ccc(cc1)OC,tg,63.0329609183085
2806,*CONO*,ei,6.393545380643429
2807,*C(C*)(C(=O)OCCCCCCOc1ccc(cc1)OC(=O)c1ccc(cc1)OCCCCCCCC)C,tg,25.025839968342872
2808,*NC(=O)Cc1ccc(cc1)CCC(=O)NCCCCCC*,tg,91.18940230877934
2809,*CCCCC(C)CC(=O)N*,egc,5.982387488862415
2810,*Cc1ccc(NC(*)=S)cc1,ei,5.697123785002694
2811,*Oc1c(cc(cc1c1ccccc1)*)c1cc(ccc1)C,tg,216.98246825251283
2812,*Cc1ccc(C(=S)c2ccc(*)s2)cc1,ei,5.836822976090683
2813,*N(C(=O)CCCCCCCCCCC*)C,tg,10.032327627411814
2814,*CCC(C)CCC(=O)N*,egc,6.218505839796609
2815,*Nc1c(cc(cc1c1ccccc1)c1ccc(cc1)c1cc(c(c(c1)c1ccccc1)NC(=O)c1ccc(cc1)C(=O)*)c1ccccc1)c1ccccc1,tg,287.3613457054377
2816,*NC(=O)NCc1ccc(cc1)CNC(=O)NCCCCCCCCCCCCCCCCCC*,tg,52.014653268537174
2817,*N1C(=O)c2c(C1=O)cc(cc2)Oc1cc2c(C(=O)N(C2=O)c2cc(ccc2)P(=O)(c2cc(ccc2)*)c2ccc(cc2)Oc2ccc(cc2)C23CC4CC(CC(C2)C4)C3)cc1,tg,292.79573521137763
2818,*C1COC2C1OCC2Oc1ccc(cc1)NC(=O)CCCCC(=O)Nc1ccc(cc1)O*,tg,88.60381519708518
2819,*C(C*)(C(=O)OCCCCCOc1ccc(cc1)OC(=O)c1ccc(cc1)OC)C,tg,35.59446480600021
2820,*Sc1c(cc(c(c1)C)*)C,tg,141.68107626312442
2821,*O[Si](CCCC(=O)Oc1ccc(cc1)C=Nc1ccc(cc1)Cc1ccc(cc1)N=Cc1ccc(cc1)OC(=O)CCC[Si](*)(C)C)(C)C,tg,50.904534301124144
2822,*CCCCOC(=O)CC(N)C(=O)O*,egc,6.070853497410363
2823,*N1C(=O)c2c(C1=O)cc(cc2)S(=O)(=O)c1cc2c(C(=O)N(C2=O)CCCCCCOC(=O)CCCCCCCCCCCCCCCCCCC(=O)OCCCCCC*)cc1,tg,50.37025036491327
2824,*N1C(=O)c2c(C1=O)cc(cc2)c1cc2c(C(=O)N(C2=O)c2cc(c(cc2)Oc2c(cccc2)Oc2c(cc(cc2)*)C(F)(F)F)C(F)(F)F)cc1,tg,265.79682714213084
2825,*C(C*)OC(=O)c1c2c(n(n1)C(=O)C)cccc2,tg,191.7525829196251
2826,*C=CCCCCCC*,tg,-68.23106950499907
2827,*CC(*)(F)C(=O)OCC,egc,6.515433535721378
2828,*Cc1ccc(COC(=O)CCCCCC(=O)O*)cc1,egc,5.2522846111073624
2829,*Oc1ccc(-c2ccc(-c3ccc(*)cc3)s2)cc1,eps,5.288727507538827
2830,*C(*)(C#N)C#N,egc,6.31375957100309
2831,*NC(CO)C(*)=O,egc,5.942873191311034
2832,*CC(*)C(=O)OCF,egb,6.285455395184908
2833,*Oc1ccc(cc1)C(=O)NCC*,tg,128.96486105970112
2834,*Oc1ccc(NC(=O)c2ccc(C(=O)Nc3ccc(Oc4ccc(C5(c6ccc(*)cc6)CC6CCC5C6)cc4)cc3)cc2)cc1,egc,3.682070336190732
2835,*c1cc(C=Nc2cccc(C)c2)cc(*)c1O,egc,3.248430452384708
2836,*CCON*,eps,3.1587751371405877
2837,*C(=O)C(C=C1)=CC=C1C(C=C2)=CC=C2C(C=C3)=CC=C3*,egc,3.458042632717974
2838,*CCCC(C)(C)CNC(=O)CCCCC(=O)N*,egc,5.671024890958147
2839,*OC(=S)c1ccc(C(*)=O)cc1,nc,1.9791589289361484
2840,*NC(=O)NCCCCCCNC(=O)NCCCCCCCCCCCC*,tg,53.598841837675906
2841,*OC(=O)Nc1c(ccc(c1)NC(=O)OCCCCCCCCC*)C,tg,44.167658740482885
2842,*c1c2c(c(nn1)c1ccc(cc1)Oc1ccc(cc1)C(=O)c1ccc(cc1)Oc1ccc(cc1)*)c(c(c(c2c1ccc(cc1)F)c1ccc(cc1)F)c1ccc(cc1)F)c1ccc(cc1)F,tg,302.1594355618871
2843,*C(=O)c1ccc(-c2ccc(C(*)=S)cc2)s1,ei,6.086761500625449
2844,*Oc1ccc(cc1)C(c1ccc(cc1)Oc1ccc(cc1)C(=O)c1ccc(cc1)c1ccc(cc1)C(=O)c1ccc(cc1)*)(C)C,tg,178.47658688500155
2845,*N1C(=O)c2c(C1=O)cc(cc2)Oc1cc2c(C(=O)N(C2=O)c2c(cc(cc2)Cc2cc(c(cc2)*)C(C)(C)C)C(C)(C)C)cc1,tg,308.6397295798559
2846,*Nc1ccc(NC(=O)c2c(F)c(F)c(C(*)=O)c(F)c2F)cc1,egc,3.5796052910468554
2847,*c1sc(cc1CCCC)c1sc(c(c1)CCCC)c1c2c(ccccc2)c(c1)*,tg,78.9787454466419
2848,*OC(=O)OCC(C*)(C)C,tg,-52.60705338195655
2849,*C(C*)C(=O)OCCCOCC,tg,-45.489866275810854
2850,*CCCCCCCCCCOC(=O)CCCCCCCCCCCCCCCCC(=O)O*,egc,6.708357419743596
2851,*CC(CCl)(CI)COC(=O)CCCCC(=O)O*,egc,6.5412677165965825
2852,*C(C*)(C(=O)OCCCCCCCCCCCCCCCCCC)C,tg,-35.52954876025066
2853,*C(C*)n1cncn1,tg,114.62612235258534
2854,*Cc1ccc(-c2ccc(-c3ccc(*)s3)s2)s1,egb,2.45398252951919
2855,*C(C*)c1c(cccc1)COCCC(C)C,tg,68.83153684603519
2856,*CNC(=O)CCCCCCC(=O)N*,egc,5.807075186804777
2857,*OC(=O)NCCC*,tg,54.6652164578422
2858,*Oc1c(cc(cc1Cl)C1(CCCCC1)c1cc(c(c(c1)Cl)OC(=O)*)Cl)Cl,tg,260.8086469208037
2859,*C(=O)c1ccc(C(=O)C(*)=S)s1,egb,1.4911628465190963
2860,*Nc1c(cc(c(c1)[N+](=O)[O-])NC(=O)CCCCCCCCCCC(=O)*)C=Cc1ccc(cc1)N(C)C,tg,119.82833743635835
2861,*N1C(=O)c2c(C1=O)c(ccc2)Oc1c(cc(cc1C)c1cc(c(c(c1)C)Oc1c2c(C(=O)N(C2=O)c2ccc(cc2)Oc2ccc(cc2)*)ccc1)C)C,tg,271.69404143099223
2862,*c1cc2c(C(=O)N(C2=O)c2cc(ccc2)P(=O)(c2cc(ccc2)N2C(=O)c3c(C2=O)cc(cc3)C(=O)*)c2cc(cc(c2)C(F)(F)F)C(F)(F)F)cc1,tg,232.6529572343165
2863,*c1ccc(N2C(=O)c3ccc(-c4ccc5c(c4)C(=O)N(c4ccc6[nH]c(*)nc6c4)C5=O)cc3C2=O)cc1,egc,2.9932107361079585
2864,*Oc1ccc(cc1)C(c1ccc(cc1)Oc1ccc(cc1)C(=O)c1c(c(c(c(c1c1ccccc1)c1cc2c(cc1)cccc2)c1cc2c(cc1)cccc2)c1ccccc1)C(=O)c1ccc(cc1)*)(C(F)(F)F)C(F)(F)F,tg,253.03780367623156
2865,*C(C*)c1ccc(cc1)B(Oc1c2ncccc2c(cc1)c1ccc(cc1)OC)c1ccc(cc1)C(C)(C)C,tg,232.98107584833252
2866,*C(S1)=CC=C1C(S2)=CC=C2C(S3)=CC=C3C(=S)*,egc,2.1229556578577093
2867,*C(=S)c1ccc(-c2ccc(-c3ccc(*)cc3)cc2)s1,nc,2.439170592378061
2868,*OP(=O)(Oc1ccc(cc1)C(c1ccc(cc1)*)(C)C)OC1CCCCC1,tg,94.33534656392821
2869,*OC(=O)c1ccc(cc1)C(=O)OCCC*,tg,37.697401916460294
2870,*Oc1ccc(cc1)S(=O)(=O)c1ccc(cc1)OC(=O)c1cc(ccc1)C(=O)*,tg,179.8232836672126
2871,*Cc1ccc(CO*)cc1,ei,6.4803612288276105
2872,*N1C(=O)C2C3C4C(C(C2C1=O)C=C3)C(=O)N(C4=O)C1C(CC(CC1)CC1CC(C(CC1)*)C)C,tg,232.7761395777567
2873,*NC(CCC(=O)OCc1ccc(F)cc1)C(*)=O,egc,5.204939233913602
2874,*O[Si](O[Si](O[Si](O[Si](CC[Si](O[Si](O[Si](O[Si](O[Si](CC[Si](*)(c1ccccc1)c1ccccc1)(C)C)(C)C)(C)C)(C)C)(C)C)(c1ccccc1)c1ccccc1)(c1ccccc1)c1ccccc1)(c1ccccc1)c1ccccc1)(c1ccccc1)c1ccccc1,tg,21.29759705768425
2875,*NOC(=O)O*,eps,4.773849614415977
2876,*OC(=O)CCCCCCCCC(=O)OC/C=C/C*,tg,-41.067954636469295
2877,*N1C(=O)c2c(C1=O)cc(cc2)Oc1cc2c(C(=O)N(C2=O)c2cc(c(cc2)c2c(cc(cc2)*)C)C)cc1,tg,286.4380080132822
2878,*O[Si](*)(CCCOCCOCCOCCOC)CCCOCCOCCOCCOC,tg,-50.362910194127835
2879,*Oc1ccc(CC(NC(=O)CCc2ccc(OC(=O)CC(C)CCC(*)=O)cc2)C(=O)OC(C)CC)cc1,egc,4.7977634779546365
2880,*S(=O)(=O)c1cc(ccc1)NC(=O)c1c(cc(cc1)c1cc(c(cc1)C(=O)Nc1cc(ccc1)*)C)C,tg,221.0991022836782
2881,*CC(CBr)(CBr)CO*,egc,5.795684131697702
2882,*CC(CO)(CO)CO*,egc,6.2397765080886165
2883,*CCC(=S)O*,egc,4.219010428113954
2884,*OC(C)CCOC(=O)CCCC(*)=O,egc,6.695117624296272
2885,*Oc1cc(ccc1)NC(=O)c1ccc(cc1)[Si](c1ccc(cc1)C(=O)*)(c1ccccc1)c1ccccc1,tg,213.64983257802936
2886,*Oc1c(c2c(cc1)cccc2)Sc1c2c(ccc1OCC(=O)Nc1cc(ccc1)NC(=O)C*)cccc2,tg,260.1061635582859
2887,*CCCCCCCCCNC(=O)CCCCCCCCCC(=O)N*,egc,5.873603095510042
2888,*Nc1ccc(-c2ccc(C(*)=S)cc2)cc1,egb,2.308965006574151
2889,*OC(*)CCC(=O)OC,egc,6.428460662747038
2890,*C(=O)CC(F)(F)C(*)(F)F,eea,2.9643717658127477
2891,*OC(=O)CCSCCC(=O)OCCOCCOCCOCC*,tg,-49.0050931629173
2892,*c1cc2c(C(=O)N(C2=O)c2ccc(cc2)C(=O)Nc2ccc(cc2)C(=O)OCCCCOC(=O)*)cc1,tg,142.14493407764212
2893,*C(C*)(C(=O)OCCC[Si]12O[Si]3(O[Si]4(O[Si]5(O[Si](O[Si](O[Si](O[Si](O1)(O4)CC(C)C)(O5)CC(C)C)(O2)CC(C)C)(O3)CC(C)C)CC(C)C)CC(C)C)CC(C)C)C,tg,145.71659075732222
2894,*C(C(=O)C*)C,tg,36.583086105303394
2895,*C(F)(F)C(*)(F)c1ccccc1,egc,5.493079045650255
2896,*c1ccc(-c2nc3cc4nc(*)oc4cc3o2)cc1,eea,3.0122698833331203
2897,*CCC1CN(C(C)(C)C)C(=O)C1*,egc,5.685669609609197
2898,*Oc1cc(ccc1)OC1(C(C(C1(F)F)(F)F)(*)F)F,tg,61.72219441157233
2899,*Oc1c(cccc1)C(=O)OC(=O)c1c(cccc1)OC(=O)CCCCCCCC(=O)*,tg,28.062826957040652
2900,*c1ccc(C(=O)c2ccc(-n3nc(-c4ccc(Oc5ccc(-c6nn(*)c(=O)c7ccccc67)cc5)cc4)c4ccccc4c3=O)cc2)cc1,egc,2.941843689798955
2901,*C(C(CCCCC*)c1ccc(cc1)O)c1c(cc(cc1)O)C,tg,27.0438996311725
2902,*c1cc2c(C(=O)N(C2=O)c2ccc(cc2)Cc2ccc(cc2)N2C(=O)c3c(C2=O)cc(cc3)C(=O)c2ccc(cc2)Oc2ccc(cc2)S(=O)(=O)c2ccc(cc2)Oc2ccc(cc2)C(=O)*)cc1,tg,235.93276124360682
2903,*c1cc2c(C(=O)N(C2=O)c2ccc(cc2)C(c2ccc(cc2)N2C(=O)c3c(C2=O)cc(cc3)C(=O)c2cc(ccc2)C(=O)*)(C(F)(F)F)C(F)(F)F)cc1,tg,277.88454432073314
2904,*c1ccc(C(F)(F)CC(*)(F)F)s1,egb,4.483601377468418
2905,*CC(*)c1ccc(S(=O)(=O)O)cc1,egc,4.203520053789135
2906,*Oc1ccc(cc1)CC(NC(=O)Cc1ccc(cc1)OC(=O)COCCOCC(=O)*)C(=O)OCCCCCC,tg,27.38176435473468
2907,*Oc1ccc(C(=C(Cl)Cl)c2ccc(OC(*)=O)cc2)cc1,egc,4.293509202984184
2908,*c1sc(cc1)[Si]([Si](*)(C)C)(C)C,tg,29.7869377278719
2909,*NC(=S)Nc1ccc(NC(=S)Nc2ccc(Oc3ccc(*)cc3)cc2)cc1,nc,2.1158364307890567
2910,*NC(=O)c1c(cc(cc1)C(=O)NCCCCCCCC*)Sc1ccccc1,tg,106.23040092136219
2911,*CC(=S)c1ccc(C(*)=S)s1,eea,2.97765082995302
2912,*c1ccc(-c2sc(-c3cc(CCCC)c(*)s3)cc2CCCC)cc1,egc,2.0979502316192202
2913,*OC(*)CCl,egc,6.510917637377314
2914,*O[Si](O[Si](O[Si](O[Si](C#Cc1ccc(cc1)C#C[Si](*)(C)C)(C)C)(C)C)(C)C)(C)C,tg,112.43324467839889
2915,*C(F)(F)C(*)(F)OC(F)(F)C(F)(F)F,egc,8.192078402207322
2916,*Oc1ccc(cc1)Oc1c(c(ccc1)Oc1ccc(cc1)Oc1ccc(cc1)c1ccc(cc1)*)C(=O)c1c(cccc1)S(=O)(=O)O[Na],tg,192.55501430808621
2917,*Oc1ccc(cc1)C(c1ccc(cc1)OC(=O)c1ccc(cc1)Oc1ccc(cc1)C(=O)*)(C(F)(F)F)C(F)(F)F,tg,142.56980426024367
2918,*C(=O)NNC(=O)c1cccc(C(=O)NNC(=O)c2ccc(*)nc2)c1,egc,3.8309085307182142
2919,*c1c(nc2c(c1c1ccccc1)cc(cc2)c1cc2c(nc(c(c2c2ccccc2)c2ccc(cc2)*)c2ccccc2)cc1)c1ccccc1,tg,371.6386778705698
2920,*N1C(=O)c2c(C1=O)cc(cc2)Oc1ccc(cc1)C(c1ccc(cc1)Oc1cc2c(C(=O)N(C2=O)c2ccc(cc2)Sc2ccc(cc2)Oc2ccc(cc2)Sc2ccc(cc2)*)cc1)(C)C,tg,204.19140446387456
2921,*C=CC1CC(*)C(C#N)C1,egc,5.71337677053024
2922,*CCCCCCCCCCCCOc1ccc(C=NN=Cc2ccc(O*)cc2O)c(O)c1,egc,3.595317483155845
2923,*C1C(=O)N(C(=O)C1C(C*)c1ccccc1)c1ccccc1,tg,243.1597724606711
2924,*C=CCC(C)(CC*)C(=O)OC,egc,5.641972597146004
2925,C13C(C=*)OC(C=*)C1C(=O)N(C2=CC=C(C(F)(F)F)C=C2)C3=O,egc,5.0563519465721845
2926,*CCCCCCOC(=O)CCC=CCCC(=O)O*,egc,5.881660714160932
2927,*OC(=CCC)C(C(=O)*)CC,tg,25.987162859970116
2928,*c1ccc(-c2ccc(C(F)(F)C(*)(F)F)cc2)cc1,ei,6.088518264187318
2929,*Oc1cc2c(cc1OCCNC(=O)c1ccc(cc1)C(=O)NCC*)cccc2,tg,164.36133135964403
2930,*N1C(=O)c2c(C1=O)c(ccc2)Oc1c(c(cc(c1)C(C)(C)C)C(C)(C)C)Oc1c2c(C(=O)N(C2=O)c2ccc(cc2)Oc2ccc(cc2)*)ccc1,tg,246.95011985219722
2931,*CCC(=S)O*,eea,2.037578824457525
2932,*C(=S)c1ccc(-c2ccc(-c3ccc(*)cc3)cc2)cc1,ei,5.763001752897852
2933,*C(C*)C,tg,-39.021236260210074
2934,*C(C*)(C(=O)Oc1ccc(cc1)C(=O)Oc1ccc(cc1)OC)C,tg,105.71304650714922
2935,*O[Si](O[Si](*)(CCCCOc1ccc(cc1)c1ccc(cc1)C#N)C)(C)C,tg,11.788794810155164
2936,*C(CCCCC*)CCCC,tg,-62.83743102774516
2937,*COC(=O)OCC1OC(OCC)(OCC)OC1*,egc,6.668954823783942
2938,*O[Sn](OC(=O)/C=C/C(=O)*)(CCCC)CCCC,tg,141.59816755400405
2939,*c1ccc(Oc2ccc(-c3nc4cc(-c5ccc6nc(-c7ccccc7)c(*)nc6c5)ccc4nc3-c3ccccc3)cc2)cc1,egc,3.0164852726972904
2940,*OC(=O)NC1CC(CC(C1)(CNC(=O)OCCN(CC*)c1ccc(cc1)N=Nc1ccc(cc1)B(c1c(cc(cc1C)C)C)c1c(cc(cc1C)C)C)C)(C)C,tg,167.4294086941931
2941,*C(C*)(C(=O)OCCCCCCn1c2ccc(cc2c2ccccc12)N=Nc1c(cc(cc1)[N+](=O)[O-])[N+](=O)[O-])C,tg,98.34121703781834
2942,*[Si](CCC*)(c1c2c(ccc1)cccc2)C1CCCCC1,tg,61.49950172116169
2943,*CCCCO*,egc,6.420066459977015
2944,*CCOCCOC(=O)CCCCCCCCC(=O)O*,egc,6.6781118169024065
2945,*CCCCCCNC(=O)C(O)C(O)C(=O)N*,egc,6.101518136568462
2946,*CC(*)(C#N)C(=O)OCC(C)C,egc,6.273079973281053
2947,*OC(=O)CCCCCCCCC(=O)OCCCCCC*,tg,-39.08575236956966
2948,*Cc1ccc(OC(*)=S)s1,eea,1.8682247215834749
2949,*CCCCCCCCCCCCCCC(=O)O*,egc,6.795282228817541
2950,*C(C=C1)=CC=C1C(S2)=CC=C2OC(=S)*,egc,3.091456521444234
2951,*Oc1ccc(cc1)C1(c2ccccc2c2ccccc12)c1ccc(cc1)OCC(CN(S(=O)(=O)c1cc(ccc1)S(=O)(=O)N(CC(C*)O)C)C)O,tg,136.45187419630778
2952,*Oc1ccc(cc1)OC(=O)c1c(cc(cc1)C(=O)*)Sc1ccccc1,tg,125.86002511959721
2953,*CO*,ei,7.6756076661808
2954,*c1ccc(NC(F)(F)C(*)(F)F)cc1,eea,1.735348596080718
2955,*O[Si](O[Si](O[Si](O[Si](CC[Si](O[Si](O[Si](O[Si](CC[Si](*)(c1ccccc1)c1ccccc1)(C)C)(C)C)(C)C)(C)C)(c1ccccc1)c1ccccc1)(c1ccccc1)c1ccccc1)(c1ccccc1)c1ccccc1)(c1ccccc1)c1ccccc1,tg,74.00470763322596
2956,*CCC(=O)OC(=O)CCC1CCC(*)O1,egc,6.556041248035254
2957,*c1c(cc(c(c1)OC)C=C*)OCCc1ccccc1,tg,62.29065657165866
2958,*C(=O)c1ccc(OC(*)=S)s1,eps,6.22300666421535
2959,*c1nc2c(cc1)cccc2OC(=O)c1ccc(cc1)C(=O)Oc1ccc(cc1)C=C*,tg,194.75114578586138
2960,*CC(*)Cl,egc,6.309223439271813
2961,*C(C*)c1c(ccc(c1)c1ccc(cc1)C(=O)OC1C(CCC(C1)C)C(C)C)c1ccc(cc1)C(=O)OC1C(CCC(C1)C)C(C)C,tg,201.65226071837077
2962,*C(=S)OC(=S)c1ccc(*)s1,eea,3.8639557686115373
2963,*CC(=O)N*,eps,4.167009507658013
2964,*N1C(=O)c2c(C1=O)cc(cc2)Oc1cc2c(C(=O)N(C2=O)c2ccc(cc2)Oc2cc(ccc2)c2nc(cc(c2)c2ccccc2)c2cc(ccc2)Oc2ccc(cc2)*)cc1,tg,211.19995531972882
2965,*Oc1ccc(cc1)S(=O)(=O)c1ccc(cc1)Oc1ccc(cc1)C(=O)c1cc(ccc1)C(=O)c1ccc(cc1)*,tg,183.2068875294425
2966,*CC(=O)c1ccc(-c2ccc(*)s2)cc1,eps,4.73849019948806
2967,*Oc6ccc(C5(c3ccc(OC(=O)c2ccc(Oc1ccc(C(*)=O)cc1)cc2)cc3)OC(=O)c4ccccc45)cc6,egc,3.945834634914575
2968,*N1C(=S)N(C(=O)CC1=O)c1ccc(cc1)Oc1ccc(cc1)C(c1ccc(cc1)Oc1ccc(cc1)*)(C(F)(F)F)C(F)(F)F,tg,177.6774076284045
2969,*N=P(*)(OCCCCCCCC)OCCCCCCCC,tg,-88.72745118268823
2970,*C(=O)c1ccc(-c2ccc(C(*)=S)cc2)cc1,egb,2.0808430780908234
2971,*N1C(=O)c2c(C1=O)cc(cc2)[Si](c1cc2c(C(=O)N(C2=O)c2ccc(cc2)Oc2ccc(cc2)C(=O)c2cc(ccc2)C(=O)c2ccc(cc2)Oc2ccc(cc2)*)cc1)(C)C,tg,219.76312532029735
2972,*COC(=O)O*,egc,6.398930785485786
2973,*C1C(=O)N(C(=O)C1C(C*)(C)C)c1ccccc1,tg,241.76965473499658
2974,*N1C(=O)c2c(C1=O)cc(cc2)Oc1ccc(cc1)Oc1cc2c(C(=O)N(C2=O)c2c(cc(cc2)c2cc(c(cc2)*)OC)OC)cc1,tg,228.9046311276127
2975,*C(=O)CCP(=O)(CCC(=O)N1CCN(*)CC1)c1ccccc1,egc,4.998479451070626
2976,*Oc1ccc(cc1)CC(NC(=O)CCc1ccc(cc1)OC(=O)CCCCCCC(=O)*)C(=O)OC(CC)C,tg,38.50235318672226
2977,*NC(=O)CCCCCCCCCC*,tg,37.2273625845301
2978,*OC(=O)CCSCc1ccc(CSCCC(*)=O)cc1,egc,4.737025628530432
2979,*C(=O)NCCCCCCCCNC(=O)c1ccc(*)nc1,egc,4.533323863315615
2980,*c1cc2c(oc(n2)c2ccc(cc2)Oc2ccc(cc2)c2oc3c(n2)cc(cc3)C(*)(c2ccccc2)C(F)(F)F)cc1,tg,314.6396356483695
2981,*c1cc2c(C(=O)N(C2=O)c2c(ccc(c2)C(=O)Nc2c(cc(cc2C)c2cc(c(c(c2)C)NC(=O)c2cc(c(cc2)C)N2C(=O)c3c(C2=O)cc(cc3)C(*)(C(F)(F)F)C(F)(F)F)C)C)C)cc1,tg,314.8999493859124
2982,*NC(=O)c1ccc(cc1)C(=O)NCCCCCC*,tg,151.2518219171602
2983,*C(C*)(C(=O)OCCn1c2ccc(cc2c2ccccc12)N=Nc1c(cc(cc1)[N+](=O)[O-])[N+](=O)[O-])C,tg,124.86203912826336
2984,*Nc1ccc(cc1)C(c1ccc(cc1)NC(=O)c1cc(cc(c1)N1C(=O)C=CC1=O)C(=O)*)(C)C,tg,286.1544779149378
2985,*NC(=O)c1c(cc(cc1)C(=O)NCCCC*)Oc1ccccc1,tg,111.04202753257297
2986,*Nc1ccc(cc1)C1(c2ccccc2c2ccccc12)c1ccc(cc1)NC(=O)c1cc(ccc1)C(=O)*,tg,305.46579112233223
2987,*Oc1ccc(cc1)C(c1ccc(cc1)Oc1ccc(cc1)C(=O)Nc1ccc(cc1)NC(=O)c1ccc(cc1)*)(C(F)(F)F)C(F)(F)F,tg,234.32447252006529
2988,*c1cc2Sc3c(Sc2cc1)cc(cc3)C(=Cc1c(cc(c(c1)OCCCCCCCC)C=C(*)c1ccccc1)OCCCCCCCC)c1ccccc1,tg,154.26897022296853
2989,*N(C(=O)C(C(C(C(=O)N(CCCCCC*)CC(C(C(C(C(C(C(F)(F)F)(F)F)(F)F)(F)F)(F)F)(F)F)(F)F)(F)F)(F)F)(F)F)CC(C(C(C(C(C(C(F)(F)F)(F)F)(F)F)(F)F)(F)F)(F)F)(F)F,tg,69.50431202430227
2990,*N(CCC*)C(=O)C,tg,24.506747113679804
2991,*NC(=O)OC(*)=S,ei,7.463310168504273
2992,*c1ccc(-c2ccc(-c3cc(-c4ccccc4)c4cc5c(-c6ccccc6)cc(*)nc5cc4n3)cc2)cc1,egc,3.008726542343258
2993,*C(=O)c1ccc(C(=O)C(*)=S)cc1,eps,5.275997288351888
2994,*OC(=O)OCCCS(=O)(=O)CCCCS(=O)(=O)CCC*,tg,36.200384857001175
2995,*Oc1cc(c(cc1)CCc1ccc(cc1)OCCCCCCC*)C,tg,0.5407030771638694
2996,*OC(C)C#CC#CC(C)OC(=O)c1ccc(C(*)=O)cc1,egc,3.9044400229499643
2997,*c1ccc2c(c1)c1cc(*)ccc1n2CCC(=O)NO,egc,3.4141202500082444
2998,*C(C*)C(=O)NC(CS(=O)(=O)O)(C)C,tg,115.54308531768643
2999,*C1COC2C1OCC2Oc1ccc(cc1)CNC(=O)c1ccc(cc1)C(=O)NCc1ccc(cc1)O*,tg,136.43740094725655
3000,*C(C*)(C(=O)OCCCCOc1ccc(cc1)OC(=O)c1ccc(cc1)c1ccc(cc1)OC)C,tg,77.62952152034028
3001,*Nc1ccc(*)c2ccccc12,egc,3.203931911242195
3002,*N1C(=O)c2c(C1=O)cc(cc2)Oc1c(cc(cc1C)c1cc(c(c(c1)C)Oc1cc2c(C(=O)N(C2=O)c2cc(ccc2)*)cc1)C)C,tg,295.5989672803049
3003,*CC(C=C1)=CC=C1C(C=C2)=CC=C2O*,egc,4.320433137071154
3004,*c1cc2c(C(=O)N(C2=O)c2c(cc(cc2)C(=O)Nc2ccc(cc2)C(c2ccc(cc2)NC(=O)c2cc(c(cc2)N2C(=O)c3c(C2=O)cc(cc3)C(*)(C(F)(F)F)C(F)(F)F)C)(C(F)(F)F)C(F)(F)F)C)cc1,tg,255.85357203187255
3005,*S(=O)(=O)NCCCNS(=O)(=O)c1cc(ccc1)*,tg,92.6223322614872
3006,*c1cc2n(c3c(c2cc1)ccc(c3)C=C*)c1cc(c(cc1)OCCCCCCCCCC)OCCCCCCCCCC,tg,141.0959456127522
3007,*OC(CC(*)=O)C(Cl)(Cl)Cl,egc,6.546505804730385
3008,*C(=O)c1ccc2c(c1)C(=O)N(c1cc(OCCCCCCCC)cc(N3C(=O)c4ccc(*)cc4C3=O)c1)C2=O,egc,2.720281757892969
3009,*OC(=O)c1ccc(cc1)c1ccc(cc1)C(=O)OCCCCCCCCCCC*,tg,33.89204826173866
3010,*CCCCOC(=O)CC(=CC(=O)O*)c1ccc(OCC)cc1,egc,3.8329707742285906
3011,*C(C*)OC(=O)C(C(C)C)(C(C)C)C,tg,80.36882359092928
3012,*C=CC1CC(*)C2C(=O)N(CCCCCC)C(=O)C12,egc,5.345912234625036
3013,*Oc1ccc(cc1)c1ccc(cc1)OC(=O)c1ccc(cc1)C(=O)*,tg,217.2082742507528
3014,*CCO*,ei,6.61568126534152
3015,*CC(*)Cn1cc2ccccc2n1,egc,3.2230685705126585
3016,*CC(=S)c1ccc(O*)cc1,ei,5.995883380069254
3017,*CC1CC(*)CC(O)C1,egc,6.275325364245147
3018,*Cc1ccc(NC(*)=S)cc1,eps,4.355035229230539
3019,*c1c(c2c(C(=O)N(C2=O)c2ccc(cc2)Oc2ccc(cc2)N2C(=O)c3c(C2=O)c(c(cc3)C(=O)*)OCc2c(cccc2)[N+](=O)[O-])cc1)OCc1c(cccc1)[N+](=O)[O-],tg,258.52373760233695
3020,*C(=O)C(S1)=CC=C1OC(S2)=CC=C2*,egc,3.0718443109473803
3021,*Oc1c(cc(cc1)C1(CC2C(CC1)CCCC2)c1cc(c(cc1)OC(=O)c1cc(ccc1)C(=O)*)C)C,tg,204.24743824952733
3022,*N1C(=O)c2c(C1=O)cc(cc2)[Si](c1ccc(cc1)[Si](c1cc2c(C(=O)N(C2=O)c2ccc(cc2)Cc2ccc(cc2)*)cc1)(C)C)(C)C,tg,285.72597792550675
3023,*CNC(=S)C(S1)=CC=C1*,egc,3.3304188661014993
3024,*Oc1ccc(cc1)S(=O)(=O)N(CCCCN(S(=O)(=O)c1ccc(cc1)Oc1ccc(cc1)C(c1ccc(cc1)*)(C)C)C)C,tg,117.55244865165356
3025,*c1sc(c(c1c1ccccc1)c1ccccc1)c1ccc(cc1)CC(=O)Nc1ccc(cc1)Oc1ccc(cc1)NC(=O)Cc1ccc(cc1)*,tg,245.35879008859342
3026,*Oc1c(cc(cc1)Oc1ccc(cc1)C(=O)c1ccc(cc1)*)c1ccc(cc1)Oc1ccccc1,tg,156.93282903630165
3027,*c1ccc(-c2ccc(C(F)(F)C(*)(F)F)cc2)s1,ei,6.16364482081262
3028,*CCOC(=O)NCCSCCSCCNC(=O)O*,egc,5.3334448260783525
3029,*OC(=O)CCC(=O)OCC*,tg,13.648902226019802
3030,*OC(=O)CCCCCCCCC(=O)OCC(C*)(CC)C,tg,-12.817278150903352
3031,*Cc1ccc(OC(*)=S)s1,ei,5.905770292620649
3032,*CNCNC(=O)NC(=O)N*,ei,6.301311251155498
3033,*CC(CCl)(CCl)COC(=O)c1cccc(C(=O)O*)c1,egc,5.129040119403056
3034,*N1C(=O)c2c(C1=O)cc(cc2)C(=O)Oc1ccc(cc1)c1ccc(cc1)OC(=O)c1cc2c(C(=O)N(C2=O)CCCCCC*)cc1,tg,131.59439663101674
3035,*NC(=O)c1c(cc(cc1)C(=O)NCC*)Oc1ccccc1,tg,163.7626829540172
3036,*Oc1ccc(cc1)C1(C2CCC(C1)C2)c1ccc(cc1)OC(=O)*,tg,220.38940320709662
3037,*C=CC(C*)(C(F)(F)F)C(F)(F)F,egc,6.3094534122763175
3038,*CC(=O)C(=S)c1ccc(*)s1,nc,2.089518555185813
3039,*OC(=O)CC(=O)OCCCCCCCCCCCCCCCCCCCC*,tg,-30.732040901458994
3040,*NC(=O)c1cc2c(C(CC2(c2ccc(cc2)C(=O)NCCCCCC*)C)(C)C)cc1,tg,208.89775634759616
3041,*CCCCCCCCCCCNC(=O)c1ccc(C(=O)N*)cc1,egc,4.627040286400801
3042,*OC(=O)NCCCCCCNC(=O)OCCOCCOCC*,tg,8.823743480826192
3043,*CCCCCCC(=O)NCCCCCOCCCCCNC(=O)CCCCO*,egc,5.8903871238659695
3044,*c1oc(nn1)c1ccc(cc1)c1oc(nn1)CN1C(=O)c2c(C1=O)cc(cc2)C(c1cc2c(C(=O)N(C2=O)C*)cc1)(C(F)(F)F)C(F)(F)F,tg,211.54937383539888
3045,*C1COC2C1OCC2OC(=O)c1ccc(cc1)N=Nc1ccc(cc1)C(=O)O*,tg,219.86302125299923
3046,*Oc1ccc(*)cc1,egc,4.660094987674026
3047,*Oc1c(Br)cc(*)cc1Br,egc,3.763601342690942
3048,*C(C*)(CC(=O)OCC)C(=O)OCC,tg,66.0696533379022
3049,*NC1CC1NC(=O)C1CC1C(*)=O,egc,5.879730479684853
3050,*N1C(=O)c2c(C1=O)cc(cc2)C(=O)Nc1ccc(cc1)NC(=O)C*,tg,275.38904498595656
3051,*OC(COC(=O)C1CCC(CC1)C(=O)*)COc1ccc(cc1)N=Nc1ccc(cc1)C#N,tg,99.34046335923091
3052,*CC(F)(F)C(F)(F)C(F)(F)COC(=O)C(F)(F)C(F)(F)C(F)(F)C(F)(F)C(=O)O*,egc,6.135974250563811
3053,*CCCCCCCCCCCCOC(=O)c1ccc2cc(C(=O)O*)ccc2c1,egc,3.8285751574173283
3054,*NC(=O)c1c(cc(cc1)C(=O)NCCCCCC*)Sc1ccccc1,tg,123.34147801356414
3055,*Oc1ccc(cc1)S(=O)(=O)c1ccc(cc1)Oc1c(cc(cc1)C(c1ccc(cc1)*)(C)C)[N+](=O)[O-],tg,174.87964874387896
3056,*OCC(C*)(CS(=O)(=O)CCCC)CS(=O)(=O)CCCC,tg,64.54715139012107
3057,*c1ccc(C(c2ccccc2)(c2ccc(N3C(=O)c4ccc(Oc5ccc6c(c5)C(=O)N(*)C6=O)cc4C3=O)cc2)C(F)(F)F)cc1,egc,3.795590916411955
3058,*Oc1ccc(cc1)Cc1ccc(cc1)OC(=S)*,tg,104.19542234645971
3059,*c1ccc(C(F)(F)c2ccc(C(*)(F)F)cc2)s1,nc,1.8431643517722809
3060,*Oc1c(cc(cc1C)C1(CC2C(CC1)CCCC2)c1cc(c(c(c1)C)OC(=O)c1cc(ccc1)C(=O)*)C)C,tg,244.46623990844301
3061,*Nc1ccc(-c2ccc(C(*)=S)s2)s1,ei,5.002884915359689
3062,*c1cc2c(C(=O)N(C2=O)c2ccc(cc2)Oc2c(c(ccc2)Oc2ccc(cc2)N2C(=O)c3c(C2=O)cc(cc3)C(=O)Nc2ccc(cc2)Oc2cc(ccc2)Oc2ccc(cc2)NC(=O)*)C#N)cc1,tg,220.3494412782536
3063,*OC(=O)Nc1c(ccc(c1)NC(=O)OCCN(CC*)c1ccc(cc1)C=C1NC(=O)NC1=O)C,tg,162.88952731322507
3064,*C1(c2c(C(=O)O1)cccc2)c1ccc(cc1)Oc1ccc(cc1)C(=O)c1ccc(cc1)Oc1ccc(cc1)*,tg,250.09796874049343
3065,*c1cc2c(C(=O)N(C2=O)c2ccc(cc2)Oc2ccc(cc2)N2C(=O)c3c(C2=O)cc(cc3)C(*)O[Si](C)(C)C)cc1,tg,266.4931074104633
3066,*OC(=O)c1c(cc(cc1)C(=O)OCCN(CC*)c1ccc(cc1)c1oc2c(n1)ccc(c2)[N+](=O)[O-])OCCC,tg,113.69384861613739
3067,*OC(=O)Nc1c(ccc(c1)NC(=O)OCCCCCOC(=O)c1c(cccc1)C(=O)O[Pb]OC(=O)c1c(cccc1)C(=O)OCCCCC*)C,tg,-56.50524552582524
3068,*CCCCOC(=O)C(OC)C(OC)C(=O)O*,egc,5.809026004339721
3069,*CCCCCCOCC1(CO*)CC1,egc,5.49646097432849
3070,*CC(=O)C(C=C1)=CC=C1C(C=C2)=CC=C2*,egc,3.9329458563579203
3071,*CCCCCCCCCCCCOC(=O)NCCCCCCCCCCNC(=O)O*,egc,6.236598234807597
3072,*N1C(=O)c2c(C1=O)cc(cc2)Oc1cc2c(C(=O)N(C2=O)CC2CC(CCC2)C*)cc1,tg,237.67854254181498
3073,*c1nc2c([nH]1)ccc(c2)NC(=O)c1ccc(cc1)OCCOCCOCCOCCOCCOc1ccc(cc1)C(=O)Nc1cc(ccc1)*,tg,139.6471333908886
3074,*CCCCCCCCOC(=O)NCCCCCCNC(=O)O*,egc,6.357654086993704
3075,*CCCCCCCCNC(=O)CCC(=O)N*,egc,6.130511482141709
3076,*OC(=O)c1c(cc(cc1)C(=O)OCCN(CC*)c1ccc(cc1)N=Nc1ccc(cc1)c1oc2c(n1)cccc2)OCCC,tg,163.0916513682904
3077,*C(C*)C(C)C,tg,3.15520272153414
3078,*c1cc2C(c3c(c2cc1)ccc(c3)c1c(c(c(c(c1F)F)*)F)F)(CCCCCCCC)CCCCCCCC,tg,73.05258257050673
3079,*C(=O)OC1CCN(*)CC1,egc,6.088750556019131
3080,*Nc1ccc(NC(=O)c2ccc(NC(=O)c3ccc([Si](C)(C)c4ccc(C(=O)Nc5ccc(C(*)=O)cc5)cc4)cc3)cc2)cc1,egc,3.271475027013746
3081,*OC(=O)/C=C/C(=O)OCCOCC*,tg,13.295751289037542
3082,*C(C*)(C(=O)Oc1ccccc1)C,tg,122.83172730635856
3083,*S(=O)(=O)c1ccc(cc1)N[Se]Nc1ccc(cc1)*,tg,73.79483208444195
3084,*CNOc1ccc(*)s1,eea,1.2166215320860754
3085,*C(=O)NC(=O)NCCCN*,egc,5.719971853953741
3086,*Oc1cc(ccc1)NC(=O)c1ccc(cc1)P(=O)(c1ccc(cc1)C(=O)Nc1cc(ccc1)Oc1ccc(cc1)P(=O)(c1ccc(cc1)*)c1ccccc1)c1ccccc1,tg,228.22790561338493
3087,*Cc1ccc(-c2ccc(C(*)=S)s2)cc1,eea,3.0566724410721156
3088,*OC(=O)c1ccc(cc1)c1ccc(cc1)c1ccc(cc1)C(=O)OCC*,tg,110.66797312327277
3089,*CCCCCCCCn1c(=O)c2cc3c(=O)n(*)c(=O)c3c(Br)c2c1=O,egc,3.5307901538394857
3090,*c1cc2c(C(=O)N(C2=O)c2c(cc(cc2C)C(c2cc(c(c(c2)C)N2C(=O)c3c(C2=O)cc(cc3)C(*)(C(F)(F)F)C(F)(F)F)C)c2cc(cc(c2)C(F)(F)F)C(F)(F)F)C)cc1,tg,268.53388621126646
3091,*OC1C(C(C1(C)C)OC(=O)*)(C)C,tg,150.63631242656382
3092,*OC(=O)Nc1ccc(cc1)Cc1ccc(cc1)NC(=O)OCc1cc(ccc1)C*,tg,102.14106352737818
3093,*NC(F)(F)NC(*)(F)F,eps,4.292546007702311
3094,*N(c1ccc(cc1)/C=C/c1ccc(cc1)/C=C(/C(=O)NC1C(CCCC1)NC(=O)/C(=C/c1ccc(cc1)/C=C/c1ccc(cc1)N(Cc1c(cccc1)C*)CC)/C#N)\C#N)CC,tg,175.12155225609422
3095,*Nc1c(cccc1)c1ccc(cc1)NC(=O)c1cc(ccc1)C(=O)*,tg,289.45140812371733
3096,*C1C(=O)OC(=O)C1C(C*)(C)C,tg,136.69827916402414
3097,*CC(=S)OC(*)=S,eps,4.132000192792108
3098,*C(=S)OC(=S)c1ccc(*)s1,ei,6.470718522559006
3099,*N(CC*)C(=O)CCC,tg,46.94348091694077
3100,*NC(=O)C(C(C(=O)NCCCCCCCC*)OC)OC,tg,87.33347936478991
3101,*Cc1ccc(CO*)cc1,eps,3.6844780489891247
3102,*C(=O)c1ccc(-c2ccc(-c3ccc(*)cc3)cc2)cc1,eea,2.618587399684673
3103,*C(=O)c1ccc(C(=O)c2ccc(*)s2)cc1,eea,3.291168811366913
3104,*C(C*)(C(=O)Oc1ccc(cc1)N=Nc1ccc(cc1)OCCCCCCCCCCCOC(=O)c1cc2c(OCCOCCOCCOCCO2)cc1)C,tg,75.61172015791226
3105,*O[Si](O[Si](c1ccc(cc1)[Si](*)(C)C)(C)C)(c1ccccc1)c1ccccc1,tg,-18.906823392107114
3106,*OC(=O)C(C(=O)OCCC[Sn](CCC*)(C)C)CCCCCCCCOc1ccc(cc1)c1ccc(cc1)OCc1ccc(cc1)C#N,tg,53.38084151169573
3107,*CNc1ccc(-c2ccc(*)s2)cc1,eea,1.4096397194271277
3108,*CC(=O)Nc1ccc(Oc2cccc(NC(=O)CN3C(=O)c4ccc(C(=O)c5ccc6c(c5)C(=O)N(*)C6=O)cc4C3=O)c2)cc1,egc,2.5938805394939695
3109,*C1CCC(*)C1,egc,5.876372483068904
3110,*N1C(=O)c2c(C1=O)cc(cc2)Oc1ccc(cc1)Oc1cc2c(C(=O)N(C2=O)c2cc(ccc2)*)cc1,tg,262.1042471435449
3111,*NC(=O)NC(*)=O,eea,2.468768732880324
3112,*N1C(=O)c2c(C1=O)cc(cc2)Oc1cc2c(cc1Oc1cc3c(C(=O)N(C3=O)c3ccc(cc3)Oc3cc(ccc3)Oc3ccc(cc3)*)cc1)cccc2,tg,215.59049333401953
3113,*CCCCCCN(CC)C(=O)CCCCCCCCCCC(=O)N(*)CC,egc,5.523117848861366
3114,*O[Si](CCCNC(=O)C(=O)NCCC[Si](*)(C)C)(C)C,tg,-43.35928107072189
3115,*c1cc2c(C(=O)N(C2=O)c2cc(ccc2)P(=O)(c2cc(ccc2)N2C(=O)c3c(C2=O)cc(cc3)C(*)(C(F)(F)F)C(F)(F)F)c2cc(cc(c2)C(F)(F)F)C(F)(F)F)cc1,tg,241.87341074985193
3116,*C(C*)c1ccc(cc1)CCl,tg,102.7414989612514
3117,*[Si]1(O[Si](O[Si](O1)(C)C)(C)C)O[Si](CC*)(C)C,tg,-27.38694098941321
3118,*c1nc2c(nc1c1cc3c(cc1)cc(cc3)OC(=O)c1ccc(cc1)C(=O)Oc1cc3c(cc1)cc(cc3)*)cccc2,tg,205.20234864091324
3119,C23C(C(=O)N(C1=CC=CC=C1C(F)(F)F)C2=O)C(C=*)OC3C=*,egc,4.785373304508763
3120,*C(C*)(C(=O)OCCCCCCOc1ccc(cc1)N=Nc1ccc(cc1)OCCCCCCCCCC)C,tg,47.365735860523756
3121,*OCC(C*)(CO)CO,tg,91.75278027241849
3122,*Oc1ccc(cc1)C(c1ccc(cc1)OC(=O)*)(C)C,tg,120.27116053213037
3123,*Oc1ccc(Oc2ccc(C(=O)c3ccc(*)cc3)cc2)cc1CC(=O)O,egc,3.9298080707830363
3124,*CC(S1)=CC=C1C(=O)C(=S)*,egc,2.7945750430877987
3125,*CCNC(=S)*,egc,3.9767210044180605
3126,*c1ccc2n(c3c(c2c1)cc(cc3)Nc1ccc(cc1)C(=O)c1ccc(cc1)C(=O)c1ccc(cc1)N*)CC(CCCC)CC,tg,218.9860793599978
3127,*Oc1ccc(cc1)C1(C2C3C(C(C1)C2)C1CCC3C1)c1ccc(cc1)OC(=O)*,tg,231.68761407966682
3128,*c1sc(nn1)c1ccc(cc1)OCCCCCCCCCCCOC(=O)CCCCC(=O)OCCCCCCCCCCCOc1ccc(cc1)*,tg,43.68913442178421
3129,*c1nc2c(c(c1c1ccccc1)c1ccccc1)cc(cc2)c1cc2c(nc(c(c2c2ccccc2)c2ccccc2)c2ccc(cc2)c2ccc(cc2)*)cc1,tg,390.793472491681
3130,*C(=S)OC(=S)c1ccc(*)cc1,nc,2.115556561527585
3131,*Oc1ccc(cc1)NC(=O)CCCCCC(=O)Nc1ccc(cc1)OCC(COc1ccc(cc1)C(c1ccc(cc1)OCC(C*)O)(C)C)O,tg,115.09065732142969
3132,*c1nc2c(c(c1)c1ccccc1)cc(cc2)Oc1cc2c(nc(cc2c2ccccc2)c2ccc(cc2)OCCN(CCOc2ccc(cc2)*)c2ccc(cc2)C(=C(C#N)C#N)C#N)cc1,tg,190.22160066087392
3133,*NC(=O)CCCCC(=O)NCc1c(cc(c(c1)C)C*)C,tg,103.71482980136896
3134,*N1C(=O)c2c(C1=O)cc(cc2)Oc1cc2c(C(=O)N(C2=O)C2C(CC(CC2)CC2CC(C(CC2)*)C)C)cc1,tg,243.89514225502128
3135,*CCCCCCC(=O)N*,nc,1.6878273887867246
3136,*c1ccc2c(nc([nH]2)c2ccc(cc2)c2nc3c([nH]2)ccc(c3)C(=O)Nc2cc(ccc2)NC(=O)c2cc(ccc2)NC(=O)*)c1,tg,351.1404848685778
3137,*C(=O)C(S1)=CC=C1C(=S)O*,egc,2.897628774687123
3138,*Nc1ccc(cc1)*,tg,157.68561716667267
3139,*OC1C(O)C(*)OC(CO)C1O,egc,6.075755187408237
3140,*C=CC(C)=CC=CC=C(C)C=Cc1nc(-c2csc(*)n2)cs1,egc,2.584763384254879
3141,*C(C*)c1cc[n+](cc1)CCCCCCCC,tg,49.93908540214622
3142,*C(=O)C(C=C1)=CC=C1C(=O)C(S2)=CC=C2*,egc,3.87718974934637
3143,*N1C(=O)c2c(C1=O)cc(cc2)Oc1cc2c(C(=O)N(C2=O)CCCCCCCC*)cc1,tg,94.6930515178142
3144,*c1oc(nn1)c1ncc(cc1)c1oc(nn1)c1ccc(cc1)[Si](c1ccc(cc1)*)(c1ccccc1)c1ccccc1,tg,255.24337952065432
3145,*CCCCCCCCCC#CC#CCCCCCCCCCOC(=O)C(=O)O*,egc,4.004195902240588
3146,*c1cc2c(C(=O)N(C2=O)c2c(c(cc(c2)C(F)(F)F)N2C(=O)c3c(C2=O)cc(cc3)C(=O)Nc2ccc(cc2)Oc2ccc(cc2)NC(=O)*)Oc2ccc(cc2)C(F)(F)F)cc1,tg,320.95171295747576
3147,*c1c(nccc1)C(=O)OC(COC(=O)*)COc1ccc(cc1)N=Nc1ccc(cc1)C#N,tg,151.61002178050356
3148,*Oc1ccc(cc1)C(c1ccc(cc1)Oc1c(c(c(c(c1F)F)COC(c1cc(ccc1)C(OCc1c(c(c(c(c1F)F)*)F)F)(C(F)(F)F)C(F)(F)F)(C(F)(F)F)C(F)(F)F)F)F)(C)C,tg,99.55958591406804
3149,*N=P(*)(Oc1cc(ccc1)Cl)Oc1cc(ccc1)Cl,tg,-9.259118008028814
3150,*CONO*,nc,1.7095054474706686
3151,*c1cc2c(C(=O)N(C2=O)c2ccc(cc2)Sc2ccc(cc2)Sc2ccc(cc2)Sc2ccc(cc2)N2C(=O)c3c(C2=O)cc(cc3)C(*)(C(F)(F)F)C(F)(F)F)cc1,tg,232.0787176625486
3152,*c1ccc(C(F)(F)NC(*)(F)F)cc1,ei,7.137430326020677
3153,*N1C(=O)c2c(C1=O)cc(cc2)C(=O)Nc1ccc(cc1)Cc1ccc(cc1)NC(=O)C*,tg,224.89464160753727
3154,*Oc1ccc(cc1)NC(=O)CCCCC(=O)Nc1ccc(cc1)*,tg,168.83239934242735
3155,*C(C*)(C(=O)OCCC(C(C(C(F)(F)F)(F)F)(F)F)(F)F)F,tg,48.342346272669985
3156,*C(C*)(C(=O)OCCCC1CCCCC1)C,tg,56.623385322529735
3157,*CC1CCC(CNC(=O)c2cccc(C(=O)N*)c2)CC1,egc,4.5657060281977175
3158,*c1cc2c(C(=O)N(C2=O)c2ccc(cc2)C(c2ccc(cc2)C(c2ccc(cc2)N2C(=O)c3c(C2=O)cc(cc3)C(=O)*)(C)C)(C)C)cc1,tg,297.28387460342356
3159,*C(C*)c1cc(c(cc1)OC(=O)C)OC,tg,82.93286945660286
3160,*c1cc2c(C(=O)N(C2=O)c2cc(ccc2)P(=O)(c2cc(ccc2)N2C(=O)c3c(C2=O)cc(cc3)C(=O)Nc2ccc(cc2)S(=O)(=O)c2ccc(cc2)NC(=O)*)c2ccccc2)cc1,tg,217.45962707810898
3161,*OC(=O)CCCCCCCCCCCCCCCCC(=O)OCCCCCCCCCC*,tg,-36.21093294062744
3162,*C=C(*)CNS(=O)(=O)Cc1ccccc1,egc,2.8219612550299003
3163,*Oc1ccc(cc1)S(=O)(=O)c1ccc(cc1)Oc1ccc(cc1)C=Nc1ccc(cc1)Oc1ccc(cc1)c1ccc(cc1)Oc1ccc(cc1)N=Cc1ccc(cc1)*,tg,177.47884769580588
3164,*NC(S1)=CC=C1OC(=S)*,egc,3.35385038421868
3165,*Oc1ccc(cc1)C(=O)c1ccc(cc1)OCCCCCCOC(=O)OCCCCCCCCCOC(=O)OCCCCCC*,tg,-10.439691472161043
3166,*Oc1ccc(cc1)C(c1ccc(cc1)OCC(CN(CC(C*)O)CCO)O)(C)C,tg,39.682801200469605
3167,*CC(*)(F)C(=O)OCC(F)(F)C(F)F,egc,6.408393820805523
3168,*CCCCCCCCCCOC(=O)NCc1ccc(CNC(=O)O*)cc1,egc,5.482067411495535
3169,*Nc1ccc(C(C)(C)c2ccc(NC(=O)c3cc(C(*)=O)cc(S(=O)(=O)c4ccccc4)c3)cc2)cc1,egc,3.48341779660693
3170,*c1[nH]c(nc1c1ccc(cc1)OC(=O)Nc1cc(c(cc1)c1c(cc(cc1)NC(=O)Oc1ccc(cc1)*)OC)OC)c1ccc(cc1)[N+](=O)[O-],tg,255.03367794968617
3171,*OCC(=S)c1ccc(C(=S)Cc2ccc(-c3ccc(*)cc3)cc2)s1,eea,2.810211709606299
3172,*c1[nH]c(nc1c1ccc(cc1)Oc1ccc(cc1)C(=O)c1ccc(cc1)Cc1ccc(cc1)C(=O)c1ccc(cc1)Oc1ccc(cc1)*)c1ccccc1,tg,236.35938097215822
3173,*N1C(=O)c2c(C1=O)c(c(c(c2c1ccccc1)c1ccccc1)c1ccc(cc1)Oc1ccc(cc1)Oc1ccc(cc1)c1c(c2c(C(=O)N(C2=O)c2cc(ccc2)Oc2cc(ccc2)Oc2cc(ccc2)*)c(c1c1ccccc1)c1ccccc1)c1ccccc1)c1ccccc1,tg,233.24929531907253
3174,*C(C*)(C(=O)OCCCCCCOc1ccc(cc1)C(=O)Oc1c2c(c(cc1)N=Nc1ccc(cc1)Br)cccc2)C,tg,47.777273170358704
3175,*OC(=O)CCCCCCCC(=O)OCCOCC*,tg,-62.61517436287137
3176,*C(=O)C(C=C1)=CC=C1C(=O)C(C=C2)=CC=C2*,egc,4.127604585053586
3177,*Nc1ccc(C#Cc2ccc(NC(=O)c3ccc(C(*)=O)cc3)cc2)cc1,egc,3.3952155346190716
3178,*Oc1cc(c(cc1)S(=O)(=O)c1c(cc(cc1)Oc1c(cc(cc1C)C(c1cc(c(c(c1)C)*)C)(C(F)(F)F)C(F)(F)F)C)[Si](C)(C)C)[Si](C)(C)C,tg,173.93266874451783
3179,*O[Si](C)(C)O[Si](C)(C)OC(C)CCCCC(*)C,egc,6.325783637188639
3180,*c1cc2c(nc(c(n2)c2ccccc2)c2ccc(cc2)c2c(nc3c(n2)cc(cc3)C(=O)*)c2ccccc2)cc1,tg,327.048661887709
3181,*Oc1ccc(cc1)P(=O)(c1ccc(cc1)Oc1ccc(cc1)P(=O)(c1ccc(cc1)*)c1ccccc1)C,tg,265.71752756889435
3182,*c1cc2c(C(=O)N(C2=O)c2c3c(ccc2)c(ccc3)Oc2ccc(cc2)N2C(=O)c3c(C2=O)cc(cc3)C(=O)Nc2ccc(cc2)NC(=O)*)cc1,tg,307.57461767707485
3183,*Nc1ccc(C(=O)C(*)=S)s1,ei,5.865939643305049
3184,*C(=C(*)C)[Si](CCCCCC)(C)C,tg,156.0169280928579
3185,*C1OCOC(C(*)(F)F)C1(F)F,egc,7.313882805767225
3186,*c1ccc(cc1)C(C(*)Cl)(Cl)Cl,tg,166.33546765087155
3187,*c1nc2c(nc1c1ccccc1)cc(cc2)Oc1ccc(cc1)Oc1ccc(cc1)P(=O)(c1ccc(cc1)Oc1ccc(cc1)Oc1cc2c(nc(c(n2)c2ccccc2)c2ccc(cc2)*)cc1)c1ccccc1,tg,266.7129842108014
3188,*O[Si](O[Si](O[Si](O[Si](OC1=C(c2c3c(ccc2)cccc13)*)(C)C)(C)C)(C)C)(C)C,tg,-64.01909302594568
3189,*N1C(=O)c2c(C1=O)cc(cc2)C(=O)c1cc2c(C(=O)N(C2=O)C(=S)Nc2ccc(cc2)Oc2ccc(cc2)NC(=S)*)cc1,tg,225.57997447148608
3190,*c1nc(Cl)nc(N(*)c2ccccc2)n1,egc,4.091570910368603
3191,*c1nc2c(nc1)cc(cc2)c1cc2c(nc(cn2)c2ccc(cc2)Oc2ccc(cc2)Oc2ccc(cc2)Oc2ccc(cc2)*)cc1,tg,244.85284888235637
3192,*c1sc(nn1)c1ccc(cc1)C(=O)OCCCCCCCCCCCCOC(=O)c1ccc(cc1)*,tg,54.965445779889784
3193,*CC(*)(Cl)C(=O)OC,egc,6.520896033123666
3194,*CCc1ccc(*)c(Br)c1,egc,4.24304193043881
3195,*Cc1ccc(Cc2ccc(*)s2)cc1,ei,5.738974342242421
3196,*c1ccc2N(c3c(Sc2c1)cc(cc3)c1sc2c(c1CCCCC)sc(c2)*)CCCCCC,tg,156.25891659269965
3197,*CCCCCc1nnc(*)n1N,egc,5.537075246075209
3198,*c1ccc(cc1)C(=C*)c1ccc(cc1)C(F)(F)F,tg,210.99442779533555
3199,*c1cc2c(C(=O)N(C2=O)c2c(cc(cc2C)Cc2cc(c(c(c2)C)N2C(=O)c3c(C2=O)cc(cc3)C(=O)OCCN(CCOC(=O)*)c2ccc(cc2)C(=C(C#N)C#N)C#N)C)C)cc1,tg,187.9761745194194
3200,*Cc1ccc(C(=O)c2ccc(*)cc2)cc1,eea,2.038620362297285
3201,*C1(c2ccccc2c2ccccc12)c1ccc(cc1)c1ccc(cc1)*,tg,354.68776201065367
3202,*CC(F)(F)C(F)(F)C(F)(F)COC(=O)c1cccc(-c2cccc(C(=O)O*)c2)c1,egc,4.42847647918435
3203,*Oc1c(Cl)cc(NC(=O)NCCCCCCNC(*)=O)cc1Cl,egc,4.661880728611943
3204,*[Si](CCC*)(c1cc(ccc1)C)C,tg,4.273999305394428
3205,*CCCCCCCCCCCCCCCCCCCCOC(=O)C1CCC(C(=O)O*)CC1,egc,6.535407672222298
3206,*c1cc2c(C(=O)N(C2=O)c2c(ccc(c2)N2C(=O)c3c(C2=O)cc(cc3)C(=O)Nc2c(cc(cc2)Cc2cc(c(cc2)NC(=O)*)C)C)N=Nc2ccc(cc2)C)cc1,tg,283.3667973369842
3207,*CCCCCCCCCCNC(=O)CCCCCCC(=O)N*,egc,5.910204276431085
3208,*Nc1ccc(cc1)C(c1cc(ccc1)C(c1ccc(cc1)Nc1ccc(cc1)C(=O)c1ccc(cc1)C(=O)c1ccc(cc1)*)(C)C)(C)C,tg,158.94033774616543
3209,*C(C*)C(=O)OCCSCC#N,tg,-43.252763721341715
3210,*OC(F)(F)c1ccc(C(*)(F)F)cc1,ei,7.1102026365313336
3211,*Oc1ccc(cc1)P(=O)(c1ccc(cc1)*)c1ccccc1,tg,241.24594025311094
3212,*N(c1ccc(cc1)c1ccc(cc1)*)c1ccc(cc1)C,tg,192.3257422690315
3213,*C(=O)Oc1ccc(OC(=O)c2ccc3c(c2)C(=O)N(c2ccc(Oc4ccc(Oc5ccc(N6C(=O)c7ccc(*)cc7C6=O)cc5)cc4)cc2)C3=O)cc1,egc,2.213673157717447
3214,*c1cc2c(C(=O)N(C2=O)c2cc(c(cc2)Oc2ccc(cc2)Oc2ccc(cc2)N2C(=O)c3c(C2=O)cc(cc3)C(=O)*)C(F)(F)F)cc1,tg,207.47633248372742
3215,*CNc1ccc(C(*)=O)cc1,egb,3.1699678867595664
3216,*CCCCCCCCCCOCCCCCCOCCCCCCO*,egc,6.157405757381965
3217,*S(=O)(=O)c1cc(ccc1)NC(=O)CCCCCCC(=O)Nc1cc(ccc1)*,tg,125.80402746245827
3218,*Nc1c(cc(cc1)c1cc(c(cc1)NC(=O)c1cc(ccc1)C(=O)*)S)S,tg,228.04834938125154
3219,*OP(=O)(Oc1ccc(cc1)C(c1ccc(cc1)*)(C)C)Oc1ccc(cc1)Cl,tg,72.10665803568185
3220,*C(C*)C(=O)c1ccc(cc1)OC,tg,63.462638124697
3221,*C(C*)C(=O)N1CCOCC1,tg,106.83921751372553
3222,*N1C(=O)c2c(C1=O)cc(cc2)Oc1cc2c(C(=O)N(C2=O)c2cc(ccc2)S(=O)(=O)c2cc(ccc2)*)cc1,tg,210.62043863732367
3223,*N1C(=O)c2c(C1=O)cc(cc2)S(=O)(=O)c1cc2c(C(=O)N(C2=O)c2cc(c(cc2)Oc2c(cc(cc2C(C)(C)C)c2ccc(cc2)*)C(C)(C)C)C(F)(F)F)cc1,tg,353.72801224373893
3224,*OCOCCCCC*,tg,-54.75320510624881
3225,*Oc1ccc(cc1)C(c1ccc(cc1)OC(=O)OC1C(C(C1(C)C)OC(=O)*)(C)C)(C(F)(F)F)C(F)(F)F,tg,85.70668263748236
3226,*CNC(=O)CCCCCCCCCCC(=O)N*,egc,5.885775530628215
3227,*CCCCCCCNC(=O)C(CCCCCCCCCCCC)C(=O)N*,egc,5.967795745818675
3228,*OC(=O)c1ccc(cc1)C(=O)OCCOCC*,tg,6.49297415415169
3229,*c1cc2c(C(=O)N(C2=O)c2ccc(cc2)Oc2ccc(cc2)C2(c3c(C(=O)N2)cccc3)c2ccc(cc2)Oc2ccc(cc2)N2C(=O)c3c(C2=O)cc(cc3)C(=O)Nc2ccc(cc2)Oc2ccc(cc2)C2(c3c(C(=O)N2)cccc3)c2ccc(cc2)Oc2ccc(cc2)NC(=O)*)cc1,tg,286.20128276089474
3230,*Oc1ccc(cc1)S(=O)(=O)c1ccc(cc1)Oc1ccc(cc1)C1(CCCC1)c1ccc(cc1)*,tg,227.47863360590674
3231,*OC(=O)OC1COC2C(*)COC12,egb,6.728587284371232
3232,*Oc1ccc(-c2ccc(C(*)=O)s2)cc1,eps,4.783053452791332
3233,*NC(C)C(C)(C)C(*)=O,egc,5.624996866762963
3234,*Oc1ccc(Oc2ccc(P(C)(=O)c3ccc(*)cc3)cc2)cc1,egc,4.57957013663625
3235,*C1(C(=O)OC(=O)C1(C(C*)OCCCC)C)C,tg,127.65454117704684
3236,*Oc1ccc(cc1)C(=O)c1ccc(cc1)OC(=O)OC1C(C(C1(C)C)OC(=O)*)(C)C,tg,141.69296200882312
3237,*c1sc(cc1)c1sc(c(c1)CCCCCCCC)c1sc(cc1)c1sc(cc1)c1sc(cc1CCCCCCCC)c1sc(cc1)[Si]([Si](*)(C)C)(C)C,tg,20.456172491551264
3238,*N1C(=O)c2c(C1=O)cc(cc2)c1cc2c(C(=O)N(C2=O)c2cc(ccc2)N2C(=O)c3c(C2=O)cc(cc3)C(c2cc3c(C(=O)N(C3=O)c3cc(ccc3)*)cc2)(C(F)(F)F)C(F)(F)F)cc1,tg,302.2259933709894
3239,*OC1CCC(OC(=O)CCCCCCCCC(*)=O)CC1,egc,6.711774676706869
3240,*C(C*)c1c(c(c(c(c1F)F)OCC(C(F)(F)F)(F)F)F)F,tg,37.20994771290584
3241,*C(C*)C(=O)OC(CC)C,tg,0.31511604746057076
3242,*NC(=O)c1ccc(O*)s1,eea,2.837124604025313
3243,*c1sc(cc1CCCCCCCCCCCC)c1sc(c(c1)CCCCCCCCCCCC)c1ccc(cc1)*,tg,76.80708440325745
3244,*C1C(=O)N(C(=O)C1*)c1ccc(cc1)O[Si](C(C)(C)C)(C)C,tg,185.30151395571608
3245,*Cc1c(C)c(C)c(CNC(=O)CCCCCC(C)CC(=O)N*)c(C)c1C,egc,5.425773479723909
3246,*c1cc2c(C(=O)N(C2=O)c2ccc(cc2)Oc2cc(ccc2)Oc2ccc(cc2)N2C(=O)c3c(C2=O)cc(cc3)C(*)(C(F)(F)F)C(F)(F)F)cc1,tg,251.9378705674728
3247,*CCCCNC(=O)O*,egc,6.22660359332589
3248,*C(C*)(C(=O)OC(OCC)C(F)(F)F)C,tg,42.446220945625925
3249,*C(C*)SCC,tg,-5.58397246866358
3250,*N1C(=O)c2c(C1=O)cc(cc2)Oc1ccc(cc1)C(c1ccc(cc1)Oc1cc2c(C(=O)N(C2=O)c2ccc(cc2)Cc2ccc(cc2)*)cc1)(C)C,tg,245.33267738454484
3251,*C1C2C(C(=O)N(C2=O)c2c(cccc2)Br)C(C1)C=C*,tg,245.86192758628886
3252,*C1C(CC(C1)C=C*)(CC)C#N,tg,144.77332529132994
3253,*C(C*)OC(=O)C1CCCCC1,tg,76.10432364279768
3254,*NC(=O)c1ccc(cc1)C(=O)NCC(CCC*)C,tg,169.26151042303653
3255,*OC(CC)CC(*)=O,egc,6.521003335477184
3256,*CCOC(=O)NCCCC(CCNC(=O)O*)OC,egc,6.332909058623017
3257,*C(C(*)(F)F)(OC(F)(F)F)OC(F)(F)F,tg,28.833395123018235
3258,*c1cc(OCCCCCCC)c(*)s1,egc,2.914179026401633
3259,*OP(=O)(N=Nc1ccc(cc1)c1ccc(cc1)N=NP(=O)(OCC*)OCC)OCC,tg,28.196294818572955
3260,*CCCCC(=O)NCCCCCOCCCCCNC(=O)CCCCO*,egc,5.848285826224563
3261,*C1C(=O)N(C(=O)C1CC*)CCC,tg,137.29885353691253
3262,*c1cc2c(C(=O)N(C2=O)c2cc(c(cc2)Oc2c(cc(cc2)N2C(=O)c3c(C2=O)cc(cc3)C(=O)Nc2ccc(cc2)c2ccc(cc2)NC(=O)*)c2ccccc2)c2ccccc2)cc1,tg,316.724942604203
3263,*N=CC(C)=CC=CC=C(C)C=Nc1nc(-c2csc(*)n2)cs1,egc,2.471305332392133
3264,*C(=S)C(F)(F)NC(*)(F)F,eea,3.737405578755897
3265,*Oc1c(cc(cc1)C(=O)c1cc(ccc1)C(=O)c1cc(c(cc1)*)CC)CC,tg,150.99234437280555
3266,*OCCC(=O)CC(=O)Oc1ccc(*)cc1,eps,3.529784655687457
3267,*OC(=O)OCCCCOC(=O)OC1COC2C(*)COC12,egc,6.764101123231899
3268,*NC(=O)C(=S)O*,egc,2.787180828496175
3269,*CC(*)(C)C(=O)OCCOC(=O)CCn1ccnc1,egc,4.895623419950081
3270,*OC(=O)c1cc(ccc1)C(=O)OCCN(CC*)c1ccccc1,tg,52.492402737119676
3271,*Nc1cc(cc(c1)C(=O)Oc1c2c(ccc1)cccc2)NC(=O)c1ccc(cc1)C(=O)*,tg,190.6461296951057
3272,*C(=O)c1ccc(C(=O)c2ccc(*)s2)cc1,egb,2.8675211546539603
3273,*Oc1ccc(cc1)C1(CCC(CC1)C(C)(C)C)c1ccc(cc1)OC(=O)c1ccc(cc1)C(=O)*,tg,244.4331534171969
3274,*Nc1ccc(cc1)NC(=O)c1c(cc(c(c1)C(=O)*)C(=O)OCC)C(=O)OCC,tg,218.05662714197814
3275,*Oc1ccc(cc1)C(c1ccc(cc1)OC(=O)OC1C(C(C1(C)C)OC(=O)*)(C)C)(CC)C,tg,155.22731569827675
3276,*C(C*)c1c(cccc1)C(F)(F)F,tg,124.07849861033458
3277,*CC(C)(CC)C(=O)O*,egc,6.445243069361428
3278,*CC(*)(Cl)C(=O)OCC,egc,6.52647967927192
3279,*C(=O)C(C=C1)=CC=C1OC(=S)*,egc,3.2915072615000502
3280,*C1C(=O)OC(=O)C1C(C*)OC,tg,166.80678550792743
3281,*c1cc2c(C(=O)N(C2=O)c2ccc(cc2)C(=O)c2ccc(cc2)Cc2ccc(cc2)N2C(=O)c3c(C2=O)cc(cc3)C(=O)*)cc1,tg,306.0226154242294
3282,*C(=O)C(C=C1)=CC=C1C(C=C2)=CC=C2C(=S)*,egc,2.7736855051071267
3283,*c1ccc2c3n(c4ccc(cc4n3)Oc3cc4n5c(nc4cc3)c3cccc4c(ccc(c5=O)c34)Oc3ccc(cc3)C3(c4ccccc4c4ccccc34)c3ccc(cc3)O*)c(=O)c3cccc1c23,tg,378.1499563498758
3284,*N1C(=O)c2c(C1=O)cc(cc2)S(=O)(=O)c1cc2c(C(=O)N(C2=O)c2c(cc(cc2C)c2cc(c(c(c2)C)*)C)C)cc1,tg,368.37819301718974
3285,*C(C*)c1ccc(cc1)C(=O)CC,tg,59.89696363381267
3286,*c1ccc(N2C(=O)c3ccc(P(=O)(c4ccccc4)c4ccc5c(c4)C(=O)N(*)C5=O)cc3C2=O)cc1,egc,3.2863282239293903
3287,*C(*)F,tg,-45.92526301124073
3288,*C(C*)C[Si](C)(C)C,tg,231.06514605554312
3289,*CCC(=O)OC(=O)Cc1ccc(-c2ccc(*)cc2)cc1,nc,1.7865836366577883
3290,*O[Si](CC[Si](Oc1c(cc(cc1C)c1cc(c(c(c1)C)*)C)C)(C)C)(C)C,tg,50.83334923127316
3291,*Oc1ccc(cc1)C1(c2ccccc2c2ccccc12)c1ccc(cc1)Oc1ccc(cc1)C=CC(=O)c1ccc(cc1)*,tg,227.46393864458236
3292,*Oc1ccc(C(=S)c2ccc(*)cc2)s1,eea,3.1684452271861394
3293,*C(C*)(C(=O)OCCC1CC[N+](CC1)(CCCCCCOc1ccc(cc1)N=Nc1ccc(cc1)[N+](=O)[O-])C)C,tg,89.36726986283527
3294,*N1C(=O)c2c(C1=O)cc(cc2)Oc1ccc(cc1)Oc1cc2c(C(=O)N(C2=O)c2ccc(cc2)Oc2cc(ccc2)Oc2ccc(cc2)*)cc1,tg,200.24233028537856
3295,*OC(=O)Nc1c(ccc(c1)NC(=O)OCCN(CC*)c1ccc(cc1)N=Nc1cc(c(cc1)N=Nc1c(cc(c(c1)OC)N=Nc1ccc(cc1)[N+](=O)[O-])OC)C)C,tg,164.22254134219466
3296,*C(C*)(C(=O)OCc1ccc2n(c3c(c2c1)cccc3)CCCCCCCCCCCCCCCC)C,tg,26.21649314330086
3297,*N1C(=O)c2c(C1=O)cc(cc2)Oc1cc2c(C(=O)N(C2=O)c2cc(ccc2)Oc2c(c(ccc2)Oc2cc(ccc2)Oc2c(c(ccc2)Oc2cc(ccc2)*)C#N)C#N)cc1,tg,195.9554512376633
3298,*Cc1ccc(-c2ccc(C(*)=S)cc2)s1,egb,2.1664436348781315
3299,*N1C(=O)c2c(C1=O)cc(cc2)Oc1cc2c(cc1)cc(cc2)Oc1cc2c(C(=O)N(C2=O)c2ccc(cc2)C(c2ccc(cc2)*)(C)C)cc1,tg,241.70461097348854
3300,*C=C(*)F,egb,2.997084984123903
3301,*N1C(=O)C(CC1=O)Nc1cc(ccc1)NC1C(=O)N(C(=O)C1)c1ccc(cc1)C(=O)Oc1c(cc(cc1C)C(c1cc(c(c(c1)C)OC(=O)c1ccc(cc1)*)C)c1cnccc1)C,tg,197.80416476824655
3302,*C1C2C(C(=O)N(C2=O)c2cc(cc(c2)C(F)(F)F)C(F)(F)F)C(C1)C=C*,tg,218.2105989130122
3303,*N=P(*)(OCc1ccccc1)OCc1ccccc1,tg,-5.60830557722495
3304,*N1C(=O)c2c(C1=O)cc(cc2)Oc1cc2c(C(=O)N(C2=O)C2CCC(CC2)CC2CCC(CC2)*)cc1,tg,258.66534299367794
3305,*NC(=O)OC(*)=O,egb,5.137381548969654
3306,*CC(=S)CC(*)=S,eps,3.9176088305852974
3307,*Oc1ccc(cc1)Oc1ccc(cc1)OC(=O)NC(=O)c1cc(cc(c1)C(C)(C)C)C(=O)NC(=O)*,tg,151.81001389187384
3308,*Nc1ccc(C(=S)c2ccc(*)s2)s1,eea,3.091278303710747
3309,*CC(*)(C)C(=O)OCCC#N,egc,6.495810265601424
3310,*OC(=O)CCCCCCCCCCCCCCCCC(=O)OCCOCC*,tg,-54.21397056473935
3311,*NC(=S)C(=C1)SC(=C1)C(=S)*,egc,2.3911331185714575
3312,*CC(c1ccccc1)C1C(=O)N(c2ccc(C(=O)Oc3ccc(C=O)cc3)cc2)C(=O)C1*,egc,4.283458803009179
3313,*Cc1ccc(-c2ccc(-c3ccc(*)s3)s2)cc1,egb,2.7587324238153137
3314,*C(=O)c1ccc(Oc2ccc(*)s2)s1,ei,5.971264384960402
3315,*C(F)(F)C(F)(F)NC(S1)=CC=C1*,egc,3.9479859447428605
3316,*c1cc2c(C(=O)N(C2=O)c2c(cc(cc2)C2(c3ccccc3c3ccccc23)c2cc(c(cc2)N2C(=O)c3c(C2=O)cc(cc3)C(*)(C(F)(F)F)C(F)(F)F)C(C)C)C(C)C)cc1,tg,316.7501541640238
3317,*c1cc2c(C(=O)N(C2=O)c2ccc(cc2)Oc2c3c(ccc2)c(ccc3)Oc2ccc(cc2)N2C(=O)c3c(C2=O)cc(cc3)C(=O)Nc2ccc(cc2)c2sc(c(c2c2ccccc2)c2ccccc2)c2ccc(cc2)NC(=O)*)cc1,tg,314.8267799950136
3318,*OC(=O)c1ccc(cc1)c1ccc(cc1)c1ccc(cc1)C(=O)OCCOCCOCC*,tg,23.847184643224647
3319,*CNC(=O)c1ccc(*)s1,nc,1.861111172979616
3320,*c1cc2c(s1)-c1sc(*)cc1C2=O,egc,1.9020376043006753
3321,*OC(=O)C(Cc1ccccc1)NC(=O)CCCCCCCCCCC(=O)NC(Cc1ccccc1)C(=O)OC1COC2C(*)COC12,egc,5.228623067670036
3322,*Oc1c(cc(cc1)c1ccc(cc1)C(c1ccc(cc1)c1cc(c(cc1)OC(=O)*)F)(C)C)F,tg,119.99898813039152
3323,*CC1CCC(CNC(=O)c2cc(C(=O)N*)cc(C(C)(C)C)c2)CC1,egb,4.258740545933874
3324,*Oc1ccc(Oc2ccc(C=NCCN=Cc3ccc(*)cc3)cc2)cc1,egc,4.108605340228509
3325,*c1c2c(c(=O)n(n1)c1ccc(cc1)S(=O)(=O)c1ccc(cc1)n1nc(c3c(c1=O)cccc3)c1ccc(cc1)Sc1ccc(cc1)*)cccc2,tg,330.2942409206967
3326,*OC(=O)c1ccc(cc1)C(=O)OCC#CC#CC*,tg,85.4451978876654
3327,*OCOCC*,tg,-40.75247988857562
3328,*OC(=O)OCCOCCOCCOCCOC(=O)OC1COC2C(*)COC12,egc,6.222349729814299
3329,*CC(=O)c1ccc(C(*)=O)cc1,nc,1.8616305658465488
3330,*Oc1ccc(cc1)C(c1ccc(cc1)C(c1ccc(cc1)Oc1ccc(cc1)C(=O)Nc1cc(ccc1)NC(=O)c1ccc(cc1)*)(C)C)(C)C,tg,165.7110576069624
3331,*C(C*)(C(=O)OCCOc1ccc(cc1)N=Nc1ccc(cc1)C#N)C,tg,105.13280053956515
3332,*CC(*)(C)C(=O)OCCCCCn1c2ccccc2c2ccccc21,egc,3.3645208724431885
3333,*c1c(nnc(n1)c1nc(ccc1)c1nc(c(nn1)c1ccccc1)c1ccc(cc1)Cc1ccc(cc1)*)c1ccccc1,tg,268.03967109658527
3334,*Oc1ccc(cc1)NC(=O)c1cc(ccc1)C(=O)Nc1ccc(cc1)OCCOCCOCC*,tg,80.77467729108541
3335,*C(=O)C(C=C1)=CC=C1C(S2)=CC=C2O*,egc,3.4778824855688444
3336,*OC(=S)OC(*)=O,eps,3.9625197948510222
3337,*c1cc(COCCCCCCCCOc2ccc(-c3ccc(OC)cc3)cc2)c(*)s1,egc,2.75962559831819
3338,*OC(F)(F)c1ccc(C(*)(F)F)s1,nc,1.7761864313339315
3339,*C(C*)C(F)(F)F,tg,-14.056137937393752
3340,*C(C*)(C(=O)OCCCCOc1ccc(cc1)OC(=O)c1ccc(cc1)OCCCCCCCC)C,tg,16.95419667160459
3341,*Oc1ccc(cc1)CC(NC(=O)Cc1ccc(cc1)OC(=O)CCCC(=O)*)C(=O)OCC,tg,65.20955614458228
3342,*N1C(=O)c2c(C1=O)cc(cc2)c1cc2c(C(=O)N(C2=O)c2ccc(cc2)OCC2CCC(CC2)COc2ccc(cc2)*)cc1,tg,243.2082711473966
3343,*C(C*)(C(=O)OCCS(=O)(=O)c1ccc(cc1)N=Nc1ccc(cc1)N(CC)CC)C,tg,153.91741226786965
3344,*CNC(=S)C(*)=O,eea,3.364651695399981
3345,*N1C(=O)c2c(C1=O)cc(cc2)[Si](c1cc2c(C(=O)N(C2=O)c2cc(ccc2)Cc2cc(ccc2)*)cc1)(C)C,tg,256.21118857689936
3346,*Nc1ccc(cc1)NC(=O)c1cc(cc(c1)S(=O)(=O)c1ccccc1)C(=O)*,tg,298.3767857687481
3347,*Oc1ccc(cc1)C(=O)Nc1cc(cc(c1)c1nc2c([nH]1)cccc2)NC(=O)c1ccc(cc1)OCCOCC*,tg,213.38346192714104
3348,*C1COC2C1OCC2OC(=O)OCC(C(COC(=O)O*)OC)OC,tg,112.80020208980925
3349,*CCCCOC(=O)C(=O)O*,egc,5.405946972226965
3350,*NNC(=O)c1ccc(NC(=O)c2ccc(C(*)=O)cc2)c(O)c1,egc,3.8444616830829146
3351,*c1ccc(Oc2ccc(S(=O)(=O)c3ccc(Oc4ccc(-c5c6c(c(*)c7ccccc57)C(=O)N(C)C6=O)cc4)cc3)cc2)cc1,egc,3.496570854672166
3352,*COc1ccc(O*)s1,nc,1.8500127140416749
3353,*C1COC2C1OCC2OC(=O)C1CCC(CC1)C(=O)O*,tg,169.99656529340618
3354,*C(C*)c1ccc(cc1)[Si](O[Si](C)(C)C)(O[Si](C)(C)C)C,tg,83.8995286017212
3355,*c1ccc(-c2ccc(-c3ccc(-c4cc(-c5ccccc5)c5cc(-c6ccc7nc(*)cc(-c8ccccc8)c7c6)ccc5n4)cc3)cc2)cc1,egc,3.141976777103354
3356,*c1cc2c(C(=O)N(C2=O)c2ccc(cc2)N2C(=O)c3c(C2=O)cc(cc3)C(=O)Nc2ccc(cc2)Oc2ccc(cc2)C2(c3c(C(=O)N2)cccc3)c2ccc(cc2)Oc2ccc(cc2)NC(=O)*)cc1,tg,314.8892620231548
3357,*c1ccc(C(=S)c2ccc(C(=S)C(=O)Nc3ccc(-c4ccc(*)s4)cc3)s2)s1,eea,3.5114179758449566
3358,*Oc1ccc(cc1)C1(c2ccccc2c2ccccc12)c1ccc(cc1)Oc1c(c(c(c(c1F)F)C(=O)c1c(c(c(c(c1F)F)*)F)F)F)F,tg,241.40045539616696
3359,*c1cc2C(c3c(c2cc1)ccc(c3)c1ccc(cc1)c1c(c(cc(c1)c1ccc(cc1)OCCCCCCCCCCCC)c1ccc(cc1)*)c1ccc(cc1)OCCCCCCCCCCCC)(CCCCCC)CCCCCC,tg,106.48252277990605
3360,*C1OC(C(C(C1OC(=O)C)OC(=O)C)O*)COC(=O)C,tg,165.87111390346163
3361,*Nc1ccc(C(C)(C)c2ccc(NC(=O)c3cc(C(*)=O)cc(N4C(=O)C5CC=CCC5C4=O)c3)cc2)cc1,egc,3.61329785731997
3362,*Nc1ccc(NC(=O)c2cc(SCCCCCCCC)c(C(*)=O)cc2SCCCCCCCC)cc1,egc,2.500168901605529
3363,*NNC(=O)c1cccc(C(=O)NNC(=S)c2cccc(C(*)=S)c2)c1,egc,3.279439486540609
3364,*NC(C(=O)*)CCC(=O)OC,tg,29.075213851213505
3365,*Oc1ccc(cc1)C(c1ccc(cc1)OC(=O)Nc1cc(ccc1)P(=O)(c1cc(ccc1)NC(=O)*)c1ccccc1)(C)C,tg,70.09429561490691
3366,*O[Si](O[Si](O[Si](C#Cc1ccc(cc1)C#C[Si](*)(C)C)(C)C)(C)C)(C)C,tg,106.46777062511191
3367,*CC(CC(CC(CC(*)c1ccccc1)c1ccccc1)c1ccccc1)c1ccccc1,eps,3.3135817798302196
3368,*C=CC(*)(c1ccccc1)C,tg,98.96574172262589
3369,*OC(F)(F)c1ccc(C(*)(F)F)s1,egb,4.34690929870061
3370,*c1sc(nn1)c1ccc(cc1)C(=O)OCCCCCCCCCCOC(=O)c1ccc(cc1)*,tg,67.33215529656475
3371,*OC(=O)NCCCCCCNC(=O)OCCOCCOCCOCCOCCOCC*,tg,3.804807847147241
3372,*Nc1ccc(cc1)NC(=O)Cc1c(cc(c(c1)C)CC(=O)*)C,tg,210.22617681988547
3373,*OP(=O)(N=Nc1ccc(cc1)COC(=O)c1cc(cc(c1)C(C)(C)C)C(=O)OCc1ccc(cc1)N=NP(=O)(OCCCCCC*)OC)OC,tg,72.40561792825132
3374,*c1c2C(=O)N(C(=O)c2c(c2ccccc12)c1ccc(cc1)Oc1c(cc(cc1)c1c2ccccc2c(c2ccccc12)c1cc(c(cc1)Oc1ccc(cc1)*)C(F)(F)F)C(F)(F)F)c1ccccc1,tg,321.5125388020672
3375,*OC(F)(F)c1ccc(C(*)(F)F)s1,eea,2.4888867612706482
3376,*CC(*)n1c2ccccc2c2ccccc21,egc,2.777416001215431
3377,*c1c2c(nsn2)c(cc1)c1cc2C(c3c(c2cc1)ccc(c3)*)(CCCCCCCC)CCCCCCCC,tg,101.06076862978236
3378,*CS*,egb,4.795240717479138
3379,*C(C*)(C(=O)OCc1cscc1)C,tg,84.17817422586917
3380,*c1ccc2c(oc(n2)c2cc3c(C(=O)N(C3=O)c3c(ccc(c3)C(*)(C(F)(F)F)C(F)(F)F)O)cc2)c1,tg,347.1074157937939
3381,*CCCCCCCCCCCCCCCCOC(=O)CCCCCCCCC(=O)O*,egc,6.716205813184954
3382,*N1C(=O)c2c(C1=O)cc(cc2)C(=O)Oc1ccc(cc1)C(c1ccc(cc1)OC(=O)c1cc2c(C(=O)N(C2=O)CCOCCOCC*)cc1)(C)C,tg,106.90003115220314
3383,*CC(C)(CO*)COCC(F)(F)C(F)(F)C(F)(F)C(F)(F)C(F)(F)C(F)(F)C(F)(F)F,egc,6.0552035836788125
3384,*C(C*)(C(=O)OCc1cc2c(OCCOCCOCCOCCO2)cc1)C,tg,51.372615654175796
3385,*CC(*)C(=O)c1ccc(CC)cc1,egb,3.1139680249227424
3386,*C(C*)(C(=O)OCC(C(C(C(F)(F)F)(F)F)(F)F)(F)F)F,tg,69.55832476835282
3387,*C(=O)Oc1ccc(C(*)=S)s1,nc,2.0774341290541964
3388,*Oc1cc(c(cc1)C(=O)c1ccccc1)c1c(ccc(c1)Oc1ccc(cc1)C(c1ccc(cc1)*)(C(F)(F)F)C(F)(F)F)C(=O)c1ccccc1,tg,157.85027625951426
3389,*N1C(=O)c2c(C1=O)cc(cc2)Oc1cc2c(C(=O)N(C2=O)c2cc(ccc2)Oc2c(ccc(c2)Oc2cc(ccc2)*)C#N)cc1,tg,202.13979330153745
3390,*OC(=O)OC(*)=O,eea,2.2740477415481077
3391,*Cc1ccc(Cc2ccc(*)s2)s1,ei,5.808397493869537
3392,*Cc1ccc(-c2ccc(-c3ccc(*)s3)s2)s1,ei,5.047597595513617
3393,*Oc1c(cc(cc1)C1(CCCCC1)c1cc(c(cc1)OC(=O)*)Cl)Cl,tg,152.343839949511
3394,*C(C*)(C(=O)Oc1ccc(cc1)C#N)C,tg,123.85175834960265
3395,*C(=O)c1ccc(NC(=S)Oc2ccc(Nc3ccc(*)s3)s2)s1,ei,5.7165304574163684
3396,*C=CC1CC(*)C(C#N)(CCC)C1,egc,5.978015792628846
3397,*C1(C(C(C(C(C1(F)F)(F)F)(F)F)(C(*)(F)F)F)(F)F)F,tg,175.33286788130346
3398,*c1ccc(-c2cc(CCCCCCCCCF)c(*)s2)s1,egc,1.85268397725459
3399,*Oc1c(cc(cc1)C1(CC2C(CC1)CCCC2)c1cc(c(cc1)Oc1ccc(cc1)C(=O)c1cc(ccc1)C(=O)c1ccc(cc1)*)C)C,tg,197.1773811823193
3400,*c1cc2c(C(=O)N(C2=O)c2ccc(cc2)Oc2ccc(cc2)N2C(=O)c3c(C2=O)cc(cc3)C(C(C(C(C(C(C(C(*)(F)F)(F)F)(F)F)(F)F)(F)F)(F)F)(F)F)(F)F)cc1,tg,192.8357465971466
3401,*CC(*)C(=O)OCCCSCC,egc,5.101950936298872
3402,*CCC(F)(F)C(*)(F)F,eea,0.7309231828592669
3403,*C(C*)(C(=O)OCCCCCCOc1ccc(cc1)C(=O)Oc1c2c(c(cc1)N=Nc1ccc(cc1)C#N)cccc2)C,tg,70.1632774704723
3404,*c1cc2C(c3c(c2cc1)ccc(c3)c1ccc(cc1)c1c(c(cc(c1)c1ccc(cc1)OCC(CCCC)CC)c1ccc(cc1)*)c1ccc(cc1)OCC(CCCC)CC)(CCCCCC)CCCCCC,tg,131.81612360265618
3405,*Oc1cc2c(cc1)ccc(c2)Oc1ccc(cc1)C(=Nc1ccc(cc1)Oc1ccc(cc1)N=C(c1ccc(cc1)*)c1ccccc1)c1ccccc1,tg,169.35058289240828
3406,*C(C*)n1c2c(c3c1cc1ccccc1c3)cccc2,tg,190.483480969578
3407,*Oc1ccc(C(C)(c2ccc(Oc3ccc(C(=O)c4ccc(*)cc4)cc3)cc2)C(F)(F)F)cc1,egc,4.479033989219938
3408,*C(C*)(C(=O)OCCN(c1ccc(cc1)N=Nc1ccc(cc1)S(=O)(=O)Nc1noc(c1)C)CCCC)C,tg,125.23915877080437
3409,*Oc1cc(ccc1)C(=O)NCC*,tg,107.91531367817171
3410,*C1CCOC1*,egc,5.94781218053259
3411,*C1C=C(C(*)(C)C)C2CC=CCC12,egb,4.9807806881501175
3412,*C(C*)OC(=O)OC([2H])([2H])[2H],tg,76.13653392965512
3413,*Cc1ccc(-c2ccc(C(*)=S)s2)s1,nc,2.115529258884581
3414,*CC(*)(F)C(=O)OCCC(F)(F)C(F)(F)C(F)(F)C(F)(F)F,egc,6.586641838787464
3415,*C(C*)N1C(=O)CCCCC1,tg,115.85270069181419
3416,*N(CC(C*)O)c1ccccc1,tg,78.32554917039789
3417,*Oc1ccc(cc1)C(=Cc1ccc(cc1)c1ccc(cc1)C=C(c1ccc(cc1)OC(=O)*)c1ccccc1)c1ccccc1,tg,209.84426453729898
3418,*Oc1ccc(cc1)Oc1ccc(cc1)C(=O)c1ccc(cc1)C(=O)c1ccc(cc1)*,tg,160.77607145847352
3419,*C(C*)CO,tg,19.93274854588165
3420,*NCC*,tg,20.846303937921945
3421,*O[Si](O[Si](O[Si](O[Si](O[Si](OC1=C(c2c3c(ccc2)cccc13)*)(C)C)(C)C)(C)C)(C)C)(C)C,tg,-90.31378167811523
3422,*Oc1ccc(cc1)S(=O)(=O)c1ccc(cc1)Oc1ccc(cc1)Cc1ccc(cc1)*,tg,144.57010063939848
3423,*Nc1ccc(Nc2ccc(*)s2)cc1,nc,2.078334082683954
3424,*C(=S)c1ccc(C(F)(F)C(*)(F)F)cc1,eea,3.5783463544265754
3425,*C(C*)(CC)C,tg,7.129985148603772
3426,*CC(=O)C(=S)c1ccc(*)cc1,eea,3.4521502233812784
3427,*c1ccc2n(c3c(c2c1)cc(cc3)C=C(C(=O)OCCCCCCCCCCOC(=O)C(=C*)C#N)C#N)CCCCCCC,tg,51.497606461686836
3428,*C1=CSC(=C2SC=C(c3ccc(*)cc3)S2)S1,egc,3.2692832690025613
3429,*c1nc2c(c(c1)c1ccccc1)cc(cc2)Oc1cc2c(nc(cc2c2ccccc2)c2ccc(cc2)C2(c3ccccc3c3ccccc23)c2ccc(cc2)*)cc1,tg,353.074555307891
3430,*c1ccc2c(nc([nH]2)c2cc(cc(c2)N2C(=O)c3c(C2=O)cccc3)c2nc3c([nH]2)ccc(c3)C(=O)Nc2nc(ccc2)NC(=O)*)c1,tg,277.0128807632844
3431,*C(C*)c1c(c(c(c(c1F)F)P(=O)(O)O)F)F,tg,54.52590801249634
3432,*CCCCCCCCOC(=O)CC=CCC(=O)O*,egc,5.9224285355321316
3433,*C(C*)(CC(=O)OC1CCCCCCC1)C(=O)OC1CCCCCCC1,tg,122.24946031417296
3434,*Cc1ccc(OC(*)=S)s1,nc,1.8813875855896842
3435,*c1cc2c(oc(n2)c2ccc(cc2)C(c2ccc(cc2)c2oc3c(n2)cc(cc3)C(*)(C(F)(F)F)C(F)(F)F)(C(F)(F)F)C(F)(F)F)cc1,tg,308.3242149750556
3436,*Oc1c(cc(cc1c1ccccc1)*)c1c(c(ccc1)c1ccccc1)c1ccccc1,tg,271.6082296587038
3437,*CCO*,eps,3.308864884133225
3438,*C(C*)C(=O)OCCCOc1ccc(cc1)C(=O)OCCCC(C(C(C(C(C(F)(F)F)(F)F)(F)F)(F)F)(F)F)(F)F,tg,16.672256734917006
3439,*c1cc2c(C(=O)N(C2=O)c2ccc(cc2)Oc2ccc(cc2)N2C(=O)c3c(C2=O)cc(cc3)C(*)O)cc1,tg,304.81166445083403
3440,*OC(C)COC(=O)CCC(*)=O,egc,6.6587620145947115
3441,*NC(=S)Nc1ccc(Cc2ccc(*)cc2)cc1,eps,4.411721709259115
3442,*N1C(=O)c2c(C1=O)cc(cc2)Oc1cc2c(C(=O)N(C2=O)c2ccc(cc2)Sc2cc3c(C(=O)N(C3=O)CCc3ccccc3)cc2Sc2ccc(cc2)*)cc1,tg,168.33276229882355
3443,*CCCCCCCCOC(=O)c1cccc(C(=O)O*)c1,egc,5.060286962870885
3444,*Oc1c(cc(cc1)S(=O)(=O)c1cc(c(cc1)Oc1c(cc(cc1C)C(c1cc(c(c(c1)C)*)C)(C(F)(F)F)C(F)(F)F)C)Br)Br,tg,188.25118013203098
3445,*CC(CC(CC(*)c1ccccn1)c1ccccn1)c1ccccn1,eps,4.247367939782485
3446,*CNCCCOCO*,egc,5.912054344008604
3447,*c1nc2c(nc1)cc(cc2)c1ccc2c(nc(cn2)c2ccc(cc2)Oc2ccc(cc2)Oc2ccc(cc2)*)c1,tg,230.85456321701633
3448,*CCSSCCOCO*,egc,5.810587783861836
3449,*C=CCCCCCCCC*,egc,5.687862764582978
3450,*C(C*)(C(=O)OC1C(CCCC1)C(C)(C)C)C,tg,100.15726452614125
3451,*Nc1ccc(cc1)c1ccc(cc1)NC(=O)Cc1c(cc(c(c1)CC(=O)*)C)C,tg,166.97430004244492
3452,*Oc1ccc(-c2ccc(-c3ccc(*)cc3)s2)cc1,eea,2.0210812082266827
3453,*C(C#N)=C(*)c1ccccc1,egc,1.0541629908731658
3454,*C(C*)C(=O)OCCCCCCCCCCOC(=O)c1ccc(cc1)OC(=O)c1ccc(cc1)C#N,tg,-2.6912300897635695
3455,*c1ccc(C(F)(F)c2ccc(C(*)(F)F)s2)s1,eps,4.383918848703761
3456,*OC(=O)C(CC(C)C)NC(=O)CCCCC(=O)NC(CC(C)C)C(=O)OC1COC2C(*)COC12,egc,4.9488386552224295
3457,*c1ccc(NC(F)(F)C(*)(F)F)cc1,eps,3.7768359753391803
3458,*CCCCCCCCCCCCCCCCOC(=O)NCCCCCCCCCCNC(=O)O*,egc,6.1989704240072285
3459,*Oc1ccc(cc1)C(c1ccc(cc1)Oc1ccc(cc1)C(=O)c1ccc(cc1)C(c1ccc(cc1)C(=O)c1ccc(cc1)*)(C)C)(C(F)(F)F)C(F)(F)F,tg,165.1689310584286
3460,*SSSSCC*,tg,-26.15583720458655
3461,*C([2H])=C(*)[2H],egb,4.267863784998674
3462,*Oc1ccc(cc1)CC(NC(=O)Cc1ccc(cc1)OC(=O)COCC(=O)*)C(=O)OCCCCCCCC,tg,35.81893725288436
3463,*Oc1ccc(cc1)NC(=O)c1cc(cc(c1)NC(=O)CCCN1C(=O)c2c(C1=O)cccc2)C(=O)Nc1ccc(cc1)*,tg,233.37160623826202
3464,*CC(=O)NC(*)=O,eps,3.940462119797376
3465,*C=Nc1cccc(N=Cc2ccc(Sc3ccc(*)o3)o2)c1,egc,3.1314570346546815
3466,*ON(C(F)(F)C(*)(F)F)C(F)(F)C(F)(F)Br,egc,6.053761117967109
3467,*C1=CC(=C(C#N)C#N)C=C(O1)C=Cc1sc(c(c1CCCCCC)CCCCCC)c1sc(cc1)c1sc(cc1)c1sc(c(c1CCCCCC)CCCCCC)C=C*,tg,112.44319415655715
3468,*C(C*)C(=O)OCCCCCCOc1ccc(cc1)c1ccc(cc1)C#N,tg,36.38202478054775
3469,*c1cc2c(C(=O)N(C2=O)c2ccc(cc2)c2sc(c(c2c2ccccc2)c2ccccc2)c2ccc(cc2)N2C(=O)c3c(C2=O)cc(cc3)C(=O)Nc2ccc(cc2)c2sc(c(c2c2ccccc2)c2ccccc2)c2ccc(cc2)NC(=O)*)cc1,tg,374.66772328501935
3470,*Oc1ccc(cc1)c1ccc(cc1)OC(=O)OC1C(C(C1(C)C)OC(=O)*)(C)C,tg,144.79854547514142
3471,*C(C*)OC(=O)C(C(C(C(C(C(C(F)(F)F)(F)F)(F)F)(F)F)(F)F)(F)F)(F)F,tg,25.339420682883386
3472,*c1cc2c(C(=O)N(C2=O)c2c(ccc(c2)N2C(=O)c3c(C2=O)cc(cc3)C(=O)Nc2ccc(cc2)Oc2ccc(cc2)c2ccc(cc2)Oc2ccc(cc2)NC(=O)*)C)cc1,tg,283.94819742421396
3473,*C([2H])([2H])C(*)([2H])C([2H])([2H])[2H],egc,6.797258925994176
3474,*CC(=O)C(*)c1ccc(F)cc1,egc,3.660760164447826
3475,*COC(C=C1)=CC=C1O*,egc,4.899040451868847
3476,*C(C*)(C(=O)OCCCCCCCCCCCC[n+]1ccc(cc1)N(C)C)C,tg,38.28601092289064
3477,*c1ccc(Oc2ccc(C(=O)c3ccc(Oc4ccc(-c5cc(*)[nH]n5)cc4)cc3)cc2)cc1,egc,3.5191296237114105
3478,*CC(OC(C)=O)C(COC(=O)O*)OC(C)=O,egc,6.675783167988029
3479,*c1cc(COCCCCCCOc2ccc(-c3ccc(C#N)cc3)cc2)c(*)s1,egc,2.7638920133532303
3480,*c1ncc(cc1)C(=O)NCCCCCCNC(=O)*,tg,118.09777440471387
3481,*C(C*)(C(=O)Nc1ccc(cc1)C(=O)C=Cc1ccc(cc1)OC)C,tg,124.33174051619373
3482,*c1oc2c(n1)ccc(c2)c1ccc2c(oc(n2)CCCCCCCCCC*)c1,tg,55.27411339281272
3483,*Oc1c(cccc1)C(=O)OC(=O)c1c(cccc1)OC(=O)C(C(C(=O)*)CC)CC,tg,98.8940510686428
3484,*Oc1ccc(cc1)C(c1ccc(cc1)OC(=O)*)(c1ccccc1)c1ccccc1,tg,202.1551639725858
3485,*Nc1ccc(-c2ccc(-c3ccc(*)s3)s2)cc1,nc,2.399901955276787
3486,*c1nc(nc(n1)c1ccc(cc1)Oc1ccc(cc1)C(c1ccc(cc1)Oc1ccc(cc1)*)(C(F)(F)F)C(F)(F)F)c1ccccc1,tg,239.3149737537619
3487,*CCCCCC(=O)NCCCCCCNC(=O)CCCCO*,egc,5.793012824176239
3488,*C(=O)c1ccc(Oc2ccc(*)s2)s1,eps,5.56006464006804
3489,*c1cccc(-n2nc(-c3ccccc3)c3cc(Oc4ccc5c(-c6ccccc6)nn(*)c(=O)c5c4)ccc3c2=O)c1C#N,egc,3.138846881593853
3490,*CCCCCOC(=O)CC(=O)O*,egb,6.743421703847008
3491,*c1ccc(-c2ccc3[nH]c(-c4nc5cc(*)ccc5[nH]4)nc3c2)cc1,egc,3.2342143847786087
3492,*C(=O)c1ccc2c(c1)C(=O)N(c1ccc(C=Cc3ccc(N4C(=O)c5ccc(*)cc5C4=O)cc3)cc1)C2=O,egc,2.3845968193491256
3493,*c1cc2c(C(=O)N(C2=O)c2c(cc(cc2)Cc2cc(c(cc2)N2C(=O)c3c(C2=O)cc(cc3)C(=O)*)C(C)(C)C)C(C)(C)C)cc1,tg,329.5629572407836
3494,*c1[nH]c(cc1)*,tg,217.30077095809634
3495,*CCOCCOCCOC(=O)CCCCCCCC(=O)O*,egc,6.30381471692336
3496,*C(*)C(=O)OCCC,tg,-1.2458557059030224
3497,*Cc1ccc(C*)cc1,egb,4.336796910391387
3498,*CCCCOC(=O)NCC(F)(F)C(F)(F)C(F)(F)C(F)(F)CNC(=O)O*,egc,6.879401872461343
3499,*OCC(C*)(CC)CC,tg,-30.429338505210733
3500,*C(C*)C1C(CCCC1)C,tg,195.75036316559425
3501,*c1cc2c(C(=O)N(C2=O)c2ccc(cc2)Sc2ccc(cc2)N2C(=O)c3c(C2=O)cc(cc3)C(=O)*)cc1,tg,273.1893720831706
3502,*CCC1CC(*)C2C3CC(CC)C(C3)C12,egc,5.871043025850788
3503,*CC(*)c1cc(Br)ccc1OCCCC,egc,2.6986113016465714
3504,*C(=C(*)C)SCC,tg,61.76011615054009
3505,*C1COC2C1OCC2Oc1ccc(cc1)CNC(=O)c1cc(ccc1)C(=O)NCc1ccc(cc1)O*,tg,133.386397853567
3506,*C(C*)(C(=O)Oc1ccc(cc1)OCc1ccccc1)C,tg,71.60123535635483
3507,*CCCCCCCCCCCCOC(=O)NCCCCCCNC(=O)O*,egc,6.319403908792378
3508,*C(=S)Oc1ccc(-c2ccc(*)s2)s1,eea,3.493430735321286
3509,*Oc1ccc(NC(=C(C#N)C#N)c2ccc(C(Nc3ccc(*)cc3)=C(C#N)C#N)cc2)cc1,egc,2.818556552394354
3510,*c1cc2c(C(=O)N(C2=O)c2ccc(cc2)Oc2c(cc(cc2C)Cc2cc(c(c(c2)C)Oc2ccc(cc2)N2C(=O)c3c(C2=O)cc(cc3)C(*)(C(F)(F)F)C(F)(F)F)C)C)cc1,tg,300.39472916877764
3511,*Nc1ccc(-c2ccc(O*)cc2)cc1,nc,1.9591619218527767
3512,*OC(=O)c1ccc(cc1)c1ccc(cc1)c1ccc(cc1)C(=O)OCCCC*,tg,57.3616712525179
3513,*C(C*)c1c(ccc(c1)Br)OC(C)C,tg,72.93785819187084
3514,*Nc1ccc(C2(c3ccc(NC(=O)c4ccc(C(*)=O)cc4)cc3)c3ccccc3-c3ccccc32)cc1,egc,3.442373907093389
3515,*C(C(*)(F)F)(Cl)F,tg,94.08591179759065
3516,*Oc1ccc(C(=O)c2ccc(*)cc2)cc1,egb,3.305370029724258
3517,*Oc1ccc(cc1)Oc1ccc(cc1)C(=O)c1c2c(c(cc1)C(=O)c1ccc(cc1)*)cccc2,tg,198.81191036545948
3518,*CCCCCOc1ccc(C(=O)OC(=O)c2ccc(O*)cc2)cc1,egc,4.191356104848607
3519,*c1nc(nc(n1)Oc1ccc(cc1)C(=O)Nc1ccc(cc1)Cc1ccc(cc1)NC(=O)c1ccc(cc1)O*)Sc1ccccc1,tg,244.64810843436348
3520,*N1C(=O)c2c(C1=O)cc(cc2)Oc1cc2c(C(=O)N(C2=O)c2ccc(cc2)C2(c3ccccc3c3ccccc23)c2ccc(cc2)*)cc1,tg,332.5416153179748
3521,*CNC(=S)O*,nc,1.8773166387967632
3522,*C(=C(*)C)CCC,tg,105.81260132220243
3523,*CC(*)n1cncn1,egc,4.16685183252846
3524,*OC(C)CCOC(=O)CCC(*)=O,egc,6.649754360560134
3525,*CCCCCCOC(=O)NCCSCCCCCCSCCNC(=O)O*,egc,5.147459806186607
3526,*C(C*)(C(=O)OCCOCCOCCOCCOc1ccc(cc1)N=Nc1ccc(cc1)C#N)C,tg,44.99158541396739
3527,*C(=O)C(F)(F)NC(*)(F)F,nc,1.7005434774056485
3528,*N1C(=O)c2c(C1=O)cc(cc2)Oc1cc2c(C(=O)N(C2=O)c2c(cc(cc2C)C(c2cc(c(c(c2)C)*)C)c2cc(cc(c2)C(F)(F)F)C(F)(F)F)C)cc1,tg,278.3258000753875
3529,*C1C(=O)N(C(=O)C1*)c1ccc(cc1)O[Si](c1ccccc1)(c1ccccc1)c1ccccc1,tg,196.85615210318608
3530,*NC(=O)c1ccc(C(*)=O)s1,egb,2.8055600368322584
3531,*C(C*)C(=O)Oc1c(c(c(c(c1F)F)F)F)F,tg,12.384484741782229
3532,*Oc1ccc(cc1)NC(=O)c1ccc(cc1)S(=O)(=O)c1ccc(cc1)C(=O)Nc1ccc(cc1)Oc1ccc(cc1)C1(C2CCC(C1)C2)c1ccc(cc1)*,tg,279.85574036053845
3533,*Oc1ccc(cc1)c1ccc(cc1)OCCCCCCOC(=O)C(C(=O)OCCCCCC*)CCCCCOc1cc(nc(c1)c1ncccc1)c1ncccc1,tg,64.48539453245304
3534,*C(F)C(*)(F)OC(F)(F)F,egc,8.407986587856065
3535,*Oc1ccc(cc1)C(c1ccc(cc1)OCC(C*)OC(=O)c1ccccc1)(C)C,tg,79.99926455384792
3536,*Cc1ccc(-c2ccc(N*)cc2)cc1,egb,3.4087121500881294
3537,*c1cc2C(c3c(c2cc1)ccc(c3)c1c(cc(c(c1)CCCCCC)*)CCCCCC)(CCCCCC)CCCCCC,tg,65.07869493071323
3538,*OC(*)CCC#N,egb,7.003680403563918
3539,*OCC(C*)(CO)CC,tg,59.3122914687945
3540,*Oc1ccc(cc1)C(c1ccc(cc1)OC(=O)OC1C(C(C1(C)C)OC(=O)*)(C)C)(c1ccccc1)C,tg,154.15747232469656
3541,*O[Si](O[Si](O[Si](c1ccc(cc1)[Si](*)(C)C)(C)C)(C)C=C)(C)C=C,tg,4.340167831038973
3542,*NC(=S)C(C=C1)=CC=C1C(=S)*,egc,3.022305723222875
3543,*Oc1c(cccc1)S(=O)(=O)c1ccc(cc1)*,tg,179.36972961520937
3544,*OC(=O)c1ccc(cc1)C(=O)OCC(C(C*)CC)CC,tg,46.88692309007978
3545,*C(=O)c1ccc2c(c1)C(=O)N(c1ccc(C(=O)Nc3ccc(N4C(=O)c5ccc(*)cc5C4=O)cc3)cc1)C2=O,egc,2.476175363245396
3546,*C1C=CC(*)CC1,egb,6.195466364874291
3547,*Oc1ccc(cc1)C(c1ccc(cc1)Oc1ccc(cc1)C(=O)C(=O)c1ccc(cc1)*)(C(F)(F)F)C(F)(F)F,tg,168.94149182284744
3548,*NCNC(=O)OC(=O)NC(*)=O,egb,5.846054443945284
3549,*CC(=O)N*,nc,1.7480814012550077
3550,*C(=O)NCCCCCCNC(=O)c1cc(*)c(C)nc1C,egc,4.455033645619439
3551,*CC(*)c1ccc(CCCCCCCCCCCCCCCC)cc1,egc,4.706171514258882
3552,*CCCCCCCCCCNC(=O)NCCCCCCCCNC(=O)N*,egc,5.614387695046171
3553,*ON(C(F)(F)F)C(F)(Br)C(*)(F)F,egc,6.401882314381961
3554,*Oc1c(c(cc(c1)Br)Br)*,tg,135.22401356933753
3555,*CCNc1ccc(*)cc1,egb,3.9322306185937075
3556,*CCC(=O)c1ccc(*)cc1,eea,2.372037509518959
3557,*N(CC*)C(=O)c1c(cc(cc1)F)F,tg,91.75309194609918
3558,*CCNc1ccc(*)cc1,ei,4.995110255942877
3559,*c1oc2c(n1)cc(cc2)NC(=O)CCCCCCCCC(=O)Nc1cc2c(oc(n2)CCCCCC*)cc1,tg,76.96897627587946
3560,*OC(=O)OCC(C(C*)OC(=O)C(NC(=O)OC(C)(C)C)Cc1ccccc1)OC(=O)C(NC(=O)OC(C)(C)C)Cc1ccccc1,tg,77.62151006282097
3561,*CC(=O)CC(*)=S,ei,6.099674374267598
3562,*C(C*)C(=O)OCCc1ccccc1,tg,9.191214142086919
3563,*OC(=O)CCCC(=O)OCCCC*,tg,-35.296807392055484
3564,*CCNC(=O)CCCCCCC(=O)N*,egc,5.6168205898825025
3565,*CCOCCOC(=O)C=CC(=O)O*,egc,4.770206487313631
3566,*NC(=O)c1ccc(cc1)C(c1ccc(cc1)C(=O)NCCCC*)(CC)C,tg,194.50637023088183
3567,*Cc1ccc(NC(*)=S)s1,nc,1.9759011905499555
3568,*N1C(=O)C2C3C4C(C(C2C1=O)C=C3)C(=O)N(C4=O)c1cc(ccc1)Oc1cc(ccc1)Oc1cc(ccc1)*,tg,250.04628580461605
3569,*Oc1ccc(cc1)C(c1ccc(cc1)Oc1ccc(cc1)C(=O)c1cc(ccc1)c1cc(ccc1)C(=O)c1ccc(cc1)*)(C(F)(F)F)C(F)(F)F,tg,163.92832496693538
3570,*C(C*)(C(=O)OCCO[N+](=O)[O-])C,tg,33.99680820810928
3571,*N1C(=O)C(=C(C1=O)Cl)Oc1ccc(cc1)C(c1ccc(cc1)OC1=C(C(=O)N(C1=O)c1ccc(cc1)Oc1ccc(cc1)*)Cl)(C(F)(F)F)C(F)(F)F,tg,206.5304473945361
3572,*CCCCCCN1C(=O)c2ccc(C(=O)c3ccc4c(c3)C(=O)N(*)C4=O)cc2C1=O,nc,1.9084170942141976
3573,*CC(CC)(CCl)CO*,egc,6.192170469517617
3574,*CC(*)(C)C(=O)NCCC,egc,5.834102536568684
3575,*CC(=O)OC(*)=O,eea,2.06436238778931
3576,*C=CC(CN)C(*)C(=O)O,egc,5.936821393324094
3577,*CC(OC)C1(C)C(=O)OC(=O)C1(*)C,egc,5.445379806252978
3578,*c1sc(cc1SCCCC)c1sc(c(c1)SCCCC)c1ccc(cc1)*,tg,127.3896715066655
3579,*CNC(=S)c1ccc(*)s1,nc,1.9683022028890511
3580,*Oc1ccc(cc1)c1ccc(cc1)OCCCCCCCCOC(=O)Nc1c(cc(cc1)NC(=O)OCCCCCCCC*)C,tg,71.68388366772
3581,*c1cc2c(C(=O)N(C2=O)c2ccc(cc2)N(CCN(c2ccc(cc2)N2C(=O)c3c(C2=O)cc(cc3)C(*)(C(F)(F)F)C(F)(F)F)C)C)cc1,tg,239.54278446972157
3582,*Oc1cc(c(cc1)C=NN=Cc1c(cc(cc1)OCCCCCCCCCCCC*)O)O,tg,76.42080933353837
3583,*C1C(CC(C1)C=C*)(C[Si](O[Si](C)(C)C)(C)C)C#N,tg,100.35141287761303
3584,*CCOC(=O)C1CCC(C(=O)O*)CC1,egc,6.771052382357887
3585,*OP(=O)(N=Nc1ccc(cc1)Oc1ccc(cc1)N=NP(=O)(OCCCCCC*)OC)OC,tg,31.640846871438463
3586,*Cc1ccc(Oc2ccc(*)s2)cc1,ei,5.81412155951849
3587,*Oc1ccc(cc1)C(=O)OCCCCCOC(=O)c1ccc(cc1)*,tg,23.55455143789324
3588,*CNC(=S)C(=O)*,egc,2.9287793591999534
3589,*c1cc2c(C(=O)N(C2=O)c2cc(ccc2)Oc2cc(ccc2)Oc2cc(ccc2)N2C(=O)c3c(C2=O)cc(cc3)C(*)(C(F)(F)F)C(F)(F)F)cc1,tg,192.81407367317144
3590,*OC(=O)C(F)(F)C(*)(F)F,eea,2.3372207097099054
3591,*Oc7ccc(C6(c3ccc(OC(=O)c2ccc(c1ccc(C(*)=O)cc1)cc2)cc3)c4ccccc4c5ccccc56)cc7,egc,3.372823725699509
3592,*Nc1c(cccc1)CCc1c(cccc1)NC(=O)Nc1ccc(cc1)CCc1ccc(cc1)NC(=O)*,tg,212.0992427046016
3593,*C1C=CC(*)N1,egc,5.3859142381944025
3594,*C=CC(C(*)C(=O)OCCCCCCN(c1ccc(cc1)N(C)C)C)C,tg,-11.749751392799654
3595,*CCCCCCCCCC(=O)O*,egc,6.730062850254077
3596,*OC(=O)c1cc2c(cc1)cc(cc2)C(=O)OCCCCCCCCCCCC*,tg,40.8975879730295
3597,*c1cc2c(C(=O)N(C2=O)c2c3c(c(cc2C)c2cc(c(c4c2cccc4)N2C(=O)c4c(C2=O)cc(cc4)C(=O)Nc2ccc(cc2)C(c2ccc(cc2)NC(=O)*)(C(F)(F)F)C(F)(F)F)C)cccc3)cc1,tg,324.8237736535971
3598,*Oc1ccc(cc1)C(=O)OCC(COC(=O)c1ccc(cc1)*)(C)C,tg,62.97773721452784
3599,*OC(=O)c1ccc(cc1)C(=O)OCC1CC(CCC1)C*,tg,111.45699725316662
3600,*C(=O)c1ccc2c(c1)C(=O)n1c-2nc2ccc(-c3ccc4c(c3)nc3n4C(=O)c4ccc(*)cc4-3)cc21,egc,2.8534545428094873
3601,*N1C(=O)c2c(C1=O)cc(cc2)Oc1cc2c(C(=O)N(C2=O)c2cc(ccc2)*)cc1,tg,275.9940926372608
3602,*OC(=O)c1cc(ccc1)C(C(C(C(C(c1cc(ccc1)C(=O)OCC(C(C(C*)(F)F)(F)F)(F)F)(F)F)(F)F)(F)F)(F)F)(F)F,tg,10.46277224802289
3603,*CCCCCCNC(=S)Nc1ccc(NC(=S)N*)cc1,ei,5.484012203477766
3604,*NC(=S)Nc1ccc(NC(=S)Nc2ccc(Cc3ccc(*)cc3)cc2)cc1,egb,3.131319968031664
3605,*Oc1ccc(cc1)C(c1ccc(cc1)OC(=O)*)c1ccccc1,tg,140.09505496216443
3606,*Oc1ccc(-c2ccc(-c3ccc(*)cc3)s2)cc1,nc,2.1541479388455795
3607,*c1ccc(Oc2ccc3c(c2)C(=O)N(*)C3=O)cc1,egc,3.694228974779782
3608,*c1cc2c(C(=O)N(C2=O)c2c(cc(cc2)c2cc(c(cc2)N2C(=O)c3c(C2=O)cc(cc3)C(=O)Nc2ccc(cc2)C2(c3ccccc3c3ccccc23)c2ccc(cc2)NC(=O)*)OC)OC)cc1,tg,204.4893403458376
3609,*Oc1ccc(cc1)S(=O)(=O)c1ccc(cc1)*,tg,206.41530486172553
3610,*C(C(*)F)C(F)(F)F,tg,28.391734481130136
3611,*C(=O)COCCOCC(=O)N1CCN(*)CC1,egc,5.823747482334787
3612,*C1(c2c(C(=O)O1)cccc2)c1ccc(cc1)OC(=O)c1cc(ccc1)C(=O)Oc1ccc(cc1)*,tg,290.524292060062
3613,*CCCCCCCCCCOC(=O)CCCCC(=O)O*,egb,6.5683355654569295
3614,*OC(=S)c1ccc(C(*)=O)cc1,eps,4.8864574784058235
3615,*Nc1ccc(-c2ccc(-c3ccc(*)s3)cc2)s1,eps,6.576398736545911
3616,*Oc1c(cc(c(c1)OCCOC)OC(=O)c1c(cc(cc1)C(=O)*)OCCOCC)OCCOC,tg,45.22241924477111
3617,*CNc1ccc(-c2ccc(*)cc2)s1,ei,5.108454085143372
3618,*C=Cc1ccc(Oc2ccc(C=Cc3cc(*)ncn3)cc2)cc1,egc,3.113607845196075
3619,*OCCSSCC*,tg,-32.02748336312884
3620,*C(C*)C(=O)OCC(F)(F)F,tg,16.19720039542267
3621,*Nc1ccc(cc1)Cc1ccc(cc1)NC(=O)NCCCCCCCCCNC(=O)*,tg,53.70627417576165
3622,*CCCCCCCCCCOC(=O)Cc1ccc(CC(=O)O*)cc1,egc,5.346192699747686
3623,*c1cc2c(C(=O)N(C2=O)c2ccc(cc2)Oc2ccc(cc2)NC(=O)c2cc(ccc2)C(=O)Nc2ccc(cc2)Oc2ccc(cc2)N2C(=O)c3c(C2=O)cc(cc3)C(=O)*)cc1,tg,238.21923782648096
3624,*OC(=O)C1CCC(CC1)C(=O)OCCOCCOCC*,tg,-1.0981219705820058
3625,*c1cc2c(C(=O)N(C2=O)c2ccc(cc2)C(=O)Nc2ccc(cc2)C(=O)OCCCCCCCCCOC(=O)*)cc1,tg,100.2190942884463
3626,*C(C*)C(=O)OC([2H])([2H])[2H],tg,72.54677040154313
3627,*OC(=O)NCC(C(C(C(CNC(=O)OCCCCCC*)(F)F)(F)F)(F)F)(F)F,tg,24.372123832773706
3628,*CC(*)(C#N)C(=O)OC,egc,6.471764698147271
3629,*C(C*)C(=O)OCCCCCC(=O)Oc1ccc(cc1)c1ccc(cc1)C#N,tg,39.964382362312584
3630,*c1cc2c(C(=O)N(C2=O)c2ccc(cc2)Oc2ccc(cc2)C(c2ccc(cc2)Oc2ccc(cc2)N2C(=O)c3c(C2=O)cc(cc3)c2ccc(cc2)c2ccc(cc2)c2ccc(cc2)c2ccc(cc2)*)(C)C)cc1,tg,259.3502535390648
3631,*N1C(=O)c2c(C1=O)cc(cc2)c1cc2c(C(=O)N(C2=O)c2ccc(cc2)Oc2c(cc(c(c2)C(C)(C)C)Oc2ccc(cc2)*)C(C)(C)C)cc1,tg,316.7599382977227
3632,*N1C(=O)c2c(C1=O)cc(cc2)Oc1cc2c(cc1)ccc(c2)Oc1cc2c(C(=O)N(C2=O)c2ccc(cc2)C(c2ccc(cc2)*)(C)C)cc1,tg,257.5645093803546
3633,*N1C(=O)C(CC1=O)Nc1ccc(cc1)NC1C(=O)N(C(=O)C1)c1c(cc(cc1C)C(c1cc(c(c(c1)C)*)C)c1cnccc1)C,tg,230.9219235699621
3634,*Oc1ccc(cc1)C(=O)N(C(=O)c1ccc(cc1)OCCCCCC*)c1c2c(ccc1)cccc2,tg,114.07352106408597
3635,*C(C*)c1ccc(cc1)C(C)(C)C,tg,109.32233826928386
3636,*CC(CO*)(COc1ccccc1)COc1ccccc1,egc,5.041648891443081
3637,*OC(=O)c1ccc(cc1)c1ccc(cc1)C(=O)OCCCCCCCC*,tg,42.13879524480886
3638,*OP(=O)(OC(COc1ccc(cc1)S(=O)(=O)c1ccc(cc1)OCC(*)CCl)CCl)Oc1ccccc1,tg,64.76669130639714
3639,*CCOCCOC(=O)NC(=CC=C1(C))C=C1NC(=O)O*,egc,5.081449355819482
3640,*N1C(=O)c2c(C1=O)cc(c(c2)c1ccc(cc1)[Si](C)(C)C)c1cc2c(C(=O)N(C2=O)c2ccc(cc2)C(c2ccc(cc2)*)(C(F)(F)F)C(F)(F)F)cc1c1ccc(cc1)[Si](C)(C)C,tg,343.1486051479209
3641,*N1C(=O)c2c(C1=O)cc(cc2)C(=O)Nc1ccc(cc1)Oc1cc(ccc1)Oc1ccc(cc1)NC(=O)C*,tg,191.83788506391053
3642,*Oc1ccc(cc1)NC(=O)CCCCCCC(=O)Nc1ccc(cc1)*,tg,133.92314346004525
3643,*Oc1ccc(cc1)S(=O)(=O)c1ccc(cc1)Oc1ccc(cc1)C=Cc1ccc(cc1)*,tg,206.97731609755203
3644,*CC(=O)c1ccc(O*)s1,ei,6.2555198780713415
3645,*Oc1ccc(cc1)Oc1ccc(cc1)OC(=O)c1cc(ccc1)Oc1ccc(cc1)Oc1cc(ccc1)C(=O)*,tg,99.22922209917193
3646,*c1ccc(-c2ccc(C(F)(F)C(*)(F)F)cc2)s1,eea,2.469815512991215
3647,*C(=O)NOCCCCO*,egc,5.655888130610461
3648,*N1C(=O)c2c(C1=O)cc(cc2)Oc1cc2c(cc1)cc(cc2)Oc1cc2c(C(=O)N(C2=O)c2ccc(cc2)C(c2ccc(cc2)C(c2ccc(cc2)*)(C)C)(C)C)cc1,tg,228.30055332133674
3649,*N(CC*)C(=O)CCCCCCCCCCCCCCCCC,tg,20.126000865987752
3650,*c1ccc(-c2nc3cc4nc(*)oc4cc3o2)cc1,egc,2.976905576997009
3651,*c1nc2c(nc1c1ccccc1)cc(cc2)Oc1cc2c(nc(c(n2)c2ccccc2)c2ccc(cc2)OCCN(CCOc2ccc(cc2)*)c2ccc(cc2)C=Cc2ccc(cc2)[N+](=O)[O-])cc1,tg,172.73699172012704
3652,*OC(=O)c1cc2c(cc1)cc(cc2)C(=O)OCCCCCCC*,tg,57.56361839510122
3653,*[Si](CCC*)(O[Si](CCCOc1ccc(cc1)C(=O)Oc1ccc(cc1)C#N)(C)C)C,tg,-10.548551268731403
3654,*Oc1ccc(cc1)CC(NC(=O)Cc1ccc(cc1)OC(=O)COCC(=O)*)C(=O)OCC,tg,73.53985586361418
3655,*CC(=O)c1ccc(C(*)=S)s1,nc,1.999047012639875
3656,*N1C(=S)N(C(=O)CC1=O)c1ccc(cc1)Oc1ccc(cc1)Oc1ccc(cc1)*,tg,131.28817671775343
3657,*NC(C)(C)CC(*)=O,egc,5.310094411567353
3658,*CC(*)(F)C(F)(F)F,egc,8.096429880803896
3659,*CNC(=S)c1ccc(*)cc1,eps,4.277913826712906
3660,*Oc1ccc(-c2ccc(C(*)=O)s2)s1,ei,5.7698013257459175
3661,*C1OC(=O)C(C1)CCC1C(=O)OC(C1)CCC=CCC*,tg,68.60260486386143
3662,*C(=O)c1ccc(-c2ccc(-c3ccc(*)cc3)cc2)cc1,nc,2.039115686915742
3663,*CNC(=O)N*,egc,5.852958395568512
3664,*S(=O)(=O)c1cc(ccc1)NC(=O)CCCCCCCC(=O)Nc1cc(ccc1)*,tg,121.00444360221434
3665,*C(C=C1)=CC=C1OC(=O)CC(=O)CCO*,egc,4.573468835813173
3666,*c1cc2c(C(=O)N(C2=O)c2ccc(cc2)Oc2ccc(cc2)C2(c3c(C(=O)N2)cccc3)c2ccc(cc2)Oc2ccc(cc2)N2C(=O)c3c(C2=O)cc(cc3)C(=O)Nc2ccc(cc2)Oc2cc(ccc2)Oc2ccc(cc2)NC(=O)*)cc1,tg,279.1313589622549
3667,*N1C(=O)c2c(C1=O)cc(cc2)c1cc2c(C(=O)N(C2=O)c2cc(ccc2)C(=O)Nc2ccc(cc2)Oc2cc(ccc2)Oc2ccc(cc2)NC(=O)c2cc(ccc2)*)cc1,tg,236.3359226138522
3668,*c1nc2c(nc1c1ccc(cc1)OC(=O)c1ccc(cc1)C(=O)Oc1ccc(cc1)*)cccc2,tg,208.77832317075803
3669,*c1cc2c(C(=O)N(C2=O)c2cc(ccc2)NC(=O)C(C(C(C(C(C(C(=O)Nc2cc(ccc2)N2C(=O)c3c(C2=O)cc(cc3)C(*)(C(F)(F)F)C(F)(F)F)(F)F)(F)F)(F)F)(F)F)(F)F)(F)F)cc1,tg,236.8729480260496
3670,*C1OC(C(F)(F)F)(C(F)(F)F)OC1(*)F,egc,7.604996464645731
3671,*Cc1ccc(C(=O)N*)cc1,ei,6.587360228026097
3672,*Nc1cc(ccc1)NC(=C(C#N)C#N)c1cc(ccc1)C(=C(C#N)C#N)*,tg,245.14002009570265
3673,*CC(*)SCC,egc,4.880379288467287
3674,*N1C(=O)c2c(C1=O)cc(cc2)c1cc2c(C(=O)N(C2=O)c2c(ccc(c2)*)Oc2ccc(cc2)S(=O)(=O)c2ccc(cc2)C)cc1,tg,278.1771662293068
3675,*Oc1ccc(cc1)NC(=O)CCCCCCCCC(=O)Nc1ccc(cc1)*,tg,140.1178974871658
3676,*c1ncnc(n1)N(CCCCCCCCCCN(*)c1ccccc1)c1ccccc1,tg,65.89255162590419
3677,*O[Si](CCCC(=O)Oc1ccc(cc1)C=Nc1ccc(cc1)N=Cc1ccc(cc1)OC(=O)CCC[Si](*)(C)C)(C)C,tg,26.009095131924866
3678,*[Si](CCCCC*)(c1ccccc1)C,tg,8.803753483236148
3679,*Cc1ccc(-c2ccc(-c3ccc(*)s3)s2)cc1,eps,4.29201381032001
3680,*CC(*)C(=O)Oc1ccc(C(C)=NNC(N)=O)c(O)c1,egc,3.5897710133804
3681,*N1C(=O)c2c(C1=O)cc(cc2)C(=O)Oc1ccc(cc1)c1ccc(cc1)OC(=O)c1cc2c(C(=O)N(C2=O)CC(CCC*)C)cc1,tg,144.83639861790422
3682,*C(C*)OC(=O)c1c(cccc1)OC,tg,73.17765345809475
3683,*Oc1cc(c(cc1)c1c(cc(cc1)OC(=O)c1ccc(cc1)Oc1ccc(cc1)C1(CCC(CC1)C(C)(C)C)c1ccc(cc1)Oc1ccc(cc1)C(=O)*)C)C,tg,184.80454624928203
3684,*C(C*)C(=O)OC,tg,52.516683954932844
3685,*Oc1ccc(cc1)Oc1ccc(cc1)C(=O)c1cc(ccc1)C(=O)c1ccc(cc1)*,tg,140.1741832471574
3686,*c1cnc(s1)N1C(=O)c2c(C1=O)cc(cc2)C(=O)c1cc2c(C(=O)N(C2=O)c2ccc(cc2)Oc2ccc(cc2)*)cc1,tg,248.32424372060217
3687,*C(C*)c1ccncc1,tg,100.41327420550117
3688,*N1C(=O)c2c(C1=O)cc(cc2)c1cc2c(C(=O)N(C2=O)c2cc(cc(c2)C(=O)NCCCC)*)cc1,tg,261.5270263432176
3689,*NC(S1)=CC=C1C(S2)=CC=C2C(S3)=CC=C3*,egc,2.366781344265491
3690,*c1cc2c(C(=O)N(C2=O)c2ccc(cc2)C(=O)NCCCCCCNC(=O)*)cc1,tg,208.92576142331143
3691,*N(C(=O)c1ccc(cc1)C(=O)*)c1ccccc1,tg,152.77145316363104
3692,*N1C(=O)c2c(C1=O)cc(cc2)S(=O)(=O)c1cc2c(C(=O)N(C2=O)c2ccc(cc2)N(c2ccc(cc2)*)c2ccc(cc2)N(C)C)cc1,tg,273.9655230184137
3693,*c1cc2c(C(=O)N(C2=O)c2c(ccc(c2)N2C(=O)c3c(C2=O)cc(cc3)C(=O)Nc2c(cc(cc2C)Cc2cc(c(c(c2)C)NC(=O)*)C)C)N=Nc2ccc(cc2)F)cc1,tg,275.3191306074781
3694,*Nc1ccc(-c2ccc(C(*)=S)s2)s1,egb,1.0570574522150493
3695,*c1cc2c(C(=O)N(C2=O)c2ccc(cc2)Cc2ccc(cc2)N2C(=O)c3c(C2=O)cc(cc3)C(=O)Nc2ccc(cc2)Oc2c(cccc2)c2c(cccc2)Oc2ccc(cc2)NC(=O)*)cc1,tg,234.87086092453296
3696,*Oc1c(cc(cc1)Oc1c(cc(cc1)C(=O)c1cc(c(cc1)*)S(=O)(=O)O)S(=O)(=O)O)S(=O)(=O)O,tg,211.39802934830035
3697,*CCNc1ccc(*)s1,eea,0.7457062583363515
3698,*OC(=O)CCCCCCCCCCCCCC*,tg,-41.106152514352665
3699,*Cc1ccc(-c2ccc(-c3ccc(*)cc3)s2)cc1,eps,4.323131508582129
3700,*CCCCCCOC(=O)C(=O)O*,egc,5.1804617119215575
3701,*c1nc2c([nH]1)cc(cc2)c1cc2c(nc([nH]2)c2cc3c(cc2)cc(cc3)*)cc1,tg,393.1322098104846
3702,*Cc1ccc(C(=O)C(*)=S)s1,eea,3.7406879899821677
3703,*Cc1ccc(CC(*)=S)cc1,eps,3.8570913604104864
3704,*CC(F)(F)C(F)(F)C(F)(F)COC(=O)NCC(F)(F)C(F)(F)C(F)(F)C(F)(F)CNC(=O)O*,egb,6.932339184874408
3705,*CNc1ccc(-c2ccc(*)cc2)s1,eea,1.3078500669813788
3706,*Oc1cc(c(cc1)OC(COCCCCCCCOc1ccc(cc1)c1ccc(cc1)C(=O)*)C)[N+](=O)[O-],tg,64.45932346384733
3707,*OC(C(*)CCl)CCl,tg,83.23446875956228
3708,*C(C*)(C(=O)Oc1c(cc(cc1OC)C=Cc1ccccc1)OC)C,tg,134.48209186189567
3709,*c1ccc(-c2cnc3cc(Oc4ccc5nc(*)cnc5c4)ccc3n2)cc1,egc,2.975871275622112
3710,*C(=O)c1ccc(-c2ccc(-c3ccc(*)s3)s2)cc1,eps,6.432634198627135
3711,*c1nc2c(c(c1c1ccccc1)c1ccccc1)cc(cc2)c1cc2c(nc(c(c2c2ccccc2)c2ccccc2)c2ccc(cc2)Oc2ccc(cc2)*)cc1,tg,355.84385538018836
3712,*OOC(C*)c1ccc(cc1)C(C)(C)C,tg,49.36145180920683
3713,*OC1CCCCCCC1*,egc,5.6021369768307885
3714,*c1cc2c(oc(n2)c2nc(ccc2)c2oc3c(n2)cc(cc3)C(*)(C(F)(F)F)C(F)(F)F)cc1,tg,340.7126218176828
3715,*C(=O)c1ccc2c(c1)C(=O)N(c1cccc(Nc3nc(N)nc(Nc4cccc(N5C(=O)c6ccc(*)cc6C5=O)c4)n3)c1)C2=O,egc,2.8728963959908276
3716,*Oc1ccc(-c2ccc(C(*)=O)cc2)s1,nc,2.0134800691657144
3717,*N(c1ccc(cc1)c1cc2C(c3c(c2cc1)ccc(c3)c1ccc(cc1)*)(CCCCCCCC)CCCCCCCC)c1ccc(cc1)N(c1ccc(cc1)C(c1ccccc1)(C)C)c1ccc(cc1)C(c1ccccc1)(C)C,tg,149.58144014983756
3718,*Oc1ccc(cc1)OCC(CN(S(=O)(=O)c1cc(ccc1)S(=O)(=O)N(CC(C*)O)C)C)O,tg,51.63244119073433
3719,*Oc1cc(ccc1)NC(=O)c1ccc(cc1)Oc1ccc(cc1)C(c1ccc(cc1)C(c1ccc(cc1)Oc1ccc(cc1)C(=O)Nc1ccc(cc1)*)(C)C)(C)C,tg,160.45811661256656
3720,*NC(=O)c1cc(ccc1)C(=O)NCC1CCC(CC1)C*,tg,172.61928571091232
3721,*c1cc(*)c(O)c(C=Nc2ccc(N3CCOCC3)cc2)c1,egc,2.8613549781065433
3722,*CCCCCCCCCCOC(=O)c1ccc2cc(C(=O)O*)ccc2c1,egc,3.8147856740264476
3723,*C(=S)c1ccc(-c2ccc(-c3ccc(*)cc3)cc2)s1,eea,3.725494833350802
3724,*Oc1ccc(Oc2ccc(*)s2)s1,nc,1.8492837067316403
3725,*N1C(=O)c2c(C1=O)cc(cc2)C(=O)c1cc2c(C(=O)N(C2=O)CCCCCCOC(=O)OCCCCCC*)cc1,tg,63.870814637097645
3726,*C(=O)C(F)(F)C(=O)C(*)(F)F,nc,1.7461643663935562
3727,*c1n(nc(c1)c1ccc(cc1)Oc1ccc(cc1)S(=O)(=O)c1ccc(cc1)Oc1ccc(cc1)*)c1ccccc1,tg,230.02380247679514
3728,*C(C*)C(=O)OCC1(COC(OC1)c1ccccc1)CC,tg,55.44179790560708
3729,*[N+](CCCCCCCCCC*)(C)C,tg,109.45331331459062
3730,*Oc1ccc(cc1)C(=O)Nc1cc(ccc1)P(=O)(c1cc(ccc1)NC(=O)c1ccc(cc1)OCCCC*)c1ccccc1,tg,133.17322042312736
3731,*C(C*)OC(=O)c1c(cccc1)Cl,tg,43.81496462572071
3732,*Oc1ccc(S(=O)(=O)c2ccc(Oc3ccc(NC(=O)c4cc(NC(=O)c5ccncc5)cc(C(=O)Nc5ccc(*)cc5)c4)cc3)cc2)cc1,egc,3.1886935547366124
3733,*OC(=O)CC/C=C/CCC(=O)OCCCCCCCCCCCCCCCC*,tg,-54.03542557747672
3734,*NC(S1)=CC=C1C(S2)=CC=C2C*,egc,3.326173768984094
3735,*c1cc(OCCOCCOC)c(*)s1,egc,2.512338198015942
3736,*OC(CCCC(C(=O)*)C)C,tg,-48.36704009820235
3737,*CCOC(=O)CCCCC(=O)O*,egb,6.5367814911326185
3738,*N1C(=O)c2c(C1=O)cc(cc2)Oc1cc2c(C(=O)N(C2=O)c2cc(ccc2)OCCOc2ccc(cc2)*)cc1,tg,200.67242974343148
3739,*NC(C(=O)*)CCC(=O)OCCCCCCCCCC,tg,-50.33434562296932
3740,*c1cc2c(C(=O)N(C2=O)c2ccc(cc2)C(=O)Nc2cc(ccc2)C=CC(=O)C=Cc2cc(ccc2)NC(=O)*)cc1,tg,247.63850821669604
3741,*SSC(C*)c1ccccc1,tg,23.483019049344335
3742,*c1cc2c(C(=O)N(C2=O)c2ccc(cc2)Oc2ccc(cc2)N2C(=O)c3c(C2=O)cc(cc3)C(=O)Nc2ccc(cc2)Oc2ccc(cc2)NC(=O)*)cc1,tg,278.7004718588523
3743,*c1ccc(C(=S)c2ccc(C(=S)C(=O)Nc3ccc(-c4ccc(*)s4)cc3)s2)s1,nc,2.3816853589442575
3744,*Oc1ccc(cc1)C=C1C(=O)C(=Cc2ccc(cc2)OCCCCCCCC*)CCC1,tg,116.458924207949
3745,*N=P(*)(C)C,tg,-13.91415630318384
3746,*CCC(Cl)=C(*)Cl,egc,4.595021027136733
3747,*Oc1ccc(OC(*)=O)cc1,egc,5.108278149918015
3748,*Oc1c(cc(cc1)Oc1c(c(c(c(c1F)F)c1c(c(c(c(c1F)F)*)F)F)F)F)S(=O)(=O)O,tg,216.8267501380782
3749,*OP(=O)(Oc1ccc(cc1)*)OC1CCCCC1,tg,115.62248875510898
3750,*CCC(F)(F)C(*)(F)F,nc,1.517524911651965
3751,*c1oc(nn1)c1ccc(cc1)Oc1ccc(cc1)*,tg,178.63500188531796
3752,*c1ccc2n(c3c(c2c1)cc(cc3)c1sc(cc1CCCCCC)c1c2c(nsn2)c(cc1)c1sc(c(c1)CCCCCC)*)C(CCCCCCCC)CCCCCCCC,tg,142.43178766063676
3753,*OC(=O)CSCCSCC(*)=O,egc,5.237713215075627
3754,*CCNc1ccc(*)cc1,eps,3.604487184393697
3755,*C(C(*)(F)F)F,tg,10.620290585812414
3756,*CCCCCNC(=O)C(OC)C(OC)C(=O)N*,egc,5.751950476440914
3757,*C(C*)OC(=O)CCCC1CCCCC1,tg,9.339770017162994
3758,*CCOC(=O)CCCCCNC(=O)CCCCC(=O)NCCCCCC(=O)O*,egc,6.187806158173957
3759,*Oc1ccc(cc1)CC(NC(=O)CCc1ccc(cc1)OC(=O)CCCCCCCCC(=O)*)C(=O)OCc1ccccc1,tg,31.81744633133592
3760,*Cc1ccc(NC(*)=S)cc1,nc,1.9204757300250572
3761,*CC(*)C,egc,5.9809290580927685
3762,*CC1(CO*)CC2CCC1CC2,egc,6.081965669953731
3763,*N1C(=O)c2c(C1=O)cc(cc2)c1cc2c(C(=O)N(C2=O)c2cc(ccc2)OCCCCCCCCCCCCOc2cc(ccc2)*)cc1,tg,132.27041608094942
3764,*Oc1ccc(cc1)NC(=O)c1cc(ccc1)C(=O)Nc1ccc(cc1)Oc1ccc(cc1)C(c1cc(ccc1)C(c1ccc(cc1)*)(C)C)(C)C,tg,161.9127265086317
3765,*c1nc2c(nc1)ccc(c2)c1ccc2c(nc(cn2)c2ccc(cc2)*)c1,tg,370.7342064600179
3766,*CONC(*)=O,ei,6.853073060832642
3767,*c1cc2c(C(=O)N(C2=O)c2cc(cc(c2)C(=O)OC)N2C(=O)c3c(C2=O)cc(c(c3)Cl)C(=O)*)cc1Cl,tg,239.9182195109584
3768,*S(=O)(=O)C(C=CC*)C,tg,96.27516202967962
3769,*COC(=O)O*,nc,1.6392848413837593
3770,*N=Nc1ccc(cc1)[Te]c1ccc(cc1)*,tg,226.49318857425874
3771,*c1ccc(-c2cc(OCCCCCCCCCC)c(*)cc2OCCCCCCCCCC)cc1,egc,3.2465578393213805
3772,*Oc1ccc(cc1)C1(C2CC3CC(CC1C3)C2)c1ccc(cc1)OC(=O)c1ccc(cc1)Oc1ccc(cc1)C1(CCC(CC1)C(C)(C)C)c1ccc(cc1)Oc1ccc(cc1)C(=O)*,tg,175.5264702638069
3773,*c1cc2c(cc1OC(=O)COc1ccc3c(c1)oc(=O)cc3)oc(=O)c(c2)C(=O)Nc1ccc(cc1)c1ccc(cc1)NC(=O)c1c(=O)oc2c(cc(c(c2)OC(=O)COc2ccc3c(c2)oc(=O)cc3)C*)c1,tg,237.9856394660769
3774,*C(=O)c1ccc2c(c1)C(=O)N(c1ccc(Oc3ccc(N4C(=O)c5ccc(*)cc5C4=O)cc3)cc1)C2=O,egc,2.5837445093102454
3775,*Oc1ccc(NC(=O)c2ccc(-c3ccc(C(=O)Nc4ccc(Oc5ccc(C6(c7ccc(*)cc7)CC7CCC6C7)cc5)cc4)cc3)cc2)cc1,egc,3.529143041382497
3776,*Oc1ccc(cc1)NC(=O)c1c(cc(c(c1)C(=O)Nc1ccc(cc1)*)C(=O)O)C(=O)O,tg,238.85479953139213
3777,*CC(CF)O*,egc,6.872557385144441
3778,*c1nc(ccc1)N1C(=O)N(C(=O)C1=O)c1ccc(cc1)Cc1ccc(cc1)N1C(=O)N(C(=O)C1=O)*,tg,239.61201156174067
3779,*N1C(=O)C2C(C1=O)CC(c1ccccc21)C1C(=O)N(C(=O)C1)c1cc(cc(c1)C(=O)O)*,tg,271.680818516765
3780,*OC(=O)CCCCCCCCCCCCC(*)=O,egb,6.0336064826142
3781,*CCOCCOC(=O)CCCCCCCCCCCCCCCCC(=O)O*,egc,6.384846985723459
3782,*Nc1cccc(C(*)=O)c1,eea,2.372964219150582
3783,*c1ccc(-c2cc(CCCCCCCCCCC)c(*)s2)s1,egc,2.0866319439716836
3784,*CCOC(=O)CCSCCC(=O)O*,egc,5.618307225363295
3785,*Oc1ccc(cc1)CC(NC(=O)Cc1ccc(cc1)OC(=O)CCCCCCCCC(=O)*)C(=O)OCCCCCCCC,tg,6.518416124625453
3786,*c1oc2c(n1)ccc(c2)c1ccc2c(oc(n2)CCCCCCCCC*)c1,tg,67.34296814206682
3787,*CCCC(C)CCC(=O)N*,egc,6.124756219048532
3788,*OC(C)COC(=O)CCCCCCC(*)=O,egc,6.849943098503238
3789,*c1nc2c(nc1)cc(cc2)c1cc2c(nc(cn2)c2ccc(cc2)Oc2ccc(cc2)*)cc1,tg,326.07570564673995
3790,*CC(=O)c1ccc(C(*)=O)cc1,ei,7.220620211363729
3791,*CC(C)C(=O)O*,egc,6.782388946694649
3792,*Nc1ccc(Cc2ccc(NC(=O)c3ccc(C(*)=O)cc3)cc2)cc1,egc,3.9611333546494953
3793,*C(CC(C*)(F)F)(C(F)(F)F)C(F)(F)F,tg,-33.166786832545164
3794,*C(C*)(CC(=O)OCCCCCC)C(=O)OCCCCCC,tg,-2.7497623570313747
3795,*c1cc2c(C(=O)N(C2=O)c2ccc(cc2)c2c(cc(cc2c2ccc(cc2)c2ccccc2)c2ccc(cc2)OCCCCCCOc2ccc(cc2)c2cc(c(c(c2)c2ccc(cc2)c2ccccc2)c2ccc(cc2)N2C(=O)c3c(C2=O)cc(cc3)C(=O)*)c2ccc(cc2)c2ccccc2)c2ccc(cc2)c2ccccc2)cc1,tg,206.01450656130922
3796,*Nc1ccc(cc1)CC(NC(=O)c1ccc(cc1)C(=O)*)(C)C,tg,255.84274177753565
3797,*CNC(=O)NCOC(=O)Nc1ccc(C)c(NC(=O)O*)c1,egc,4.803629671922929
3798,*c1c(c(c(c(c1Cl)Cl)[Se]*)Cl)Cl,tg,170.56029624845547
3799,*C(CCCCC*)CC,tg,-60.74590273762573
3800,*N1C(=O)c2c(C1=O)c(ccc2)Oc1ccc(cc1)C(c1ccc(cc1)Oc1c2c(C(=O)N(C2=O)c2ccc(cc2)Oc2ccc(cc2)c2ccc(cc2)Oc2ccc(cc2)*)ccc1)(C(F)(F)F)C(F)(F)F,tg,254.2042779947602
3801,*Oc1ccc(cc1)C(c1ccc(cc1)OC(=O)OC1C(C(C1(C)C)OC(=O)*)(C)C)(C)C,tg,124.65029666605581
3802,*c1c2C(=O)N(C(=O)c2c(c2ccccc12)c1ccc(cc1)Oc1ccc(cc1)C(=O)c1ccc(cc1)Oc1ccc(cc1)*)CCCCCCCCCCCC,tg,176.90918272492382
3803,*Oc1c(cccc1)C(=O)OC(=O)c1c(cccc1)OC(=O)CCCC(=O)*,tg,49.2034655463616
3804,*Oc1cc(cc(c1)CCCCCCCCC)OC(=O)c1cc(ccc1)C(=O)*,tg,36.79734155896437
3805,*C(F)(F)C(F)(F)C(=S)O*,egc,3.3903108548372067
3806,*C(=O)c1ccc(-c2ccc(-c3ccc(*)s3)cc2)s1,eea,3.6003732788492204
3807,*C(C*)OC(=O)c1cnccc1,tg,82.92244647832025
3808,*Oc1c(C)c(C)c(Oc2ccc(NC(=O)c3ccc(C(=O)Nc4ccc(*)cc4)cc3)cc2)c(C)c1C,egc,3.639906268647916
3809,*OC(=O)CCCCCCCCCCCCCCCCCCCCCCCCCCCCCCCCCCC(=O)OCCCC*,tg,-36.16782125332587
3810,*C(=O)Nc1cccc(NC(=O)c2ccc3[nH]c(-c4cc(-c5nc6cc(*)ccc6[nH]5)cc(N5C(=O)c6ccccc6C5=O)c4)nc3c2)c1,egc,2.5519329915699753
3811,*OC(=S)Oc1ccc(*)s1,eps,4.418411906380638
3812,*Oc1ccc(cc1)NC(=O)c1ccc(cc1)C(=O)Nc1ccc(cc1)Oc1ccc(cc1)C1(C2CCC(C1)C2)c1ccc(cc1)*,tg,277.298202013195
3813,*CCC(C=C1)=CC=C1C(S2)=CC=C2*,egc,3.66129026746726
3814,*c1cc2c(C(=O)N(C2=O)c2ccc(cc2)Sc2ccc(cc2)N2C(=O)c3c(C2=O)cc(cc3)C(*)(C(F)(F)F)C(F)(F)F)cc1,tg,299.16040027789757
3815,*CCCO*,egb,6.758240966884647
3816,*Nc1ccc(*)c(Cl)c1Cl,egc,4.067680224226932
3817,*OC(=O)c1cc2c(cc1)cc(cc2)C(=O)OCCCCCC*,tg,56.14017995811188
3818,*CCOCCC(=O)O*,egc,6.673231100518259
3819,*c1ccc(C(=O)Nc2ccc(-n3c(=O)c4cc5c(=O)n(*)c(=O)c5cc4c3=O)cc2)cc1,egc,2.312999216629839
3820,*C(C*)c1cc(c(cc1)Cl)[N+](=O)[O-],tg,129.479592321643
3821,*C(F)C(*)(F)F,egb,7.839223095081624
3822,*Cc1ccc(-c2ccc(O*)cc2)s1,ei,5.346707985266705
3823,*c1cc2c(C(=O)N(C2=O)c2cc(ccc2)C(=O)c2ccc(cc2)C(=O)c2cc(ccc2)N2C(=O)c3c(C2=O)cc(cc3)C(=O)*)cc1,tg,258.6837927286676
3824,*CCCNC(=O)CCCCCCCC(=O)NCCCNC(=O)C(=O)N*,egc,5.253589317072729
3825,*c1oc(nn1)c1ccc(cc1)[Si](c1ccc(cc1)*)(c1ccccc1)c1ccccc1,tg,279.53618331889686
3826,*CCCCCCCCCCCCCCCCCC(=O)N*,egc,6.060806991039105
3827,*c1cc2c(C(=O)N(C2=O)c2ccc(cc2)C(c2ccc(cc2)N2C(=O)c3c(C2=O)cc(cc3)C(=O)*)c2ccccc2)cc1,tg,294.5414372622482
3828,*C1(c2c(C(=O)N1)cccc2)c1ccc(cc1)Oc1ccc(cc1)NC(=O)c1cc2c(C(=O)N(C2=O)c2ccc(cc2)Sc2ccc(cc2)N2C(=O)c3c(C2=O)cc(cc3)C(=O)Nc2ccc(cc2)Oc2ccc(cc2)*)cc1,tg,311.6553612215192
3829,*OC(C)CCC(C)OC(=O)CCCCCCCCC(*)=O,egc,6.314556028125991
3830,*C1C2C(C(=O)N(C2=O)c2ccc(cc2)Cl)C(C1)C=C*,tg,238.82642447766867
3831,*C(C*)c1c(ccc(c1)Br)OCCCC,tg,45.86216279818678
3832,*Oc1ccc(CC(*)=O)cc1,nc,1.7788550762014776
3833,*C(C*)(C(=O)OCCF)C,tg,58.03352886486161
3834,*O[Si](C#Cc1ccc(cc1)C#C[Si](*)(C)C)(C)C,tg,81.05114580993299
3835,*c1sc(*)c2nc(-c3ccccc3)c(CC)nc12,egc,2.499201101983585
3836,*Cc1ccc(-c2ccc(-c3ccc(*)s3)cc2)s1,ei,5.1484645336833745
3837,*CCCOC(=O)CCCCC(=O)O*,egc,6.795529233001395
3838,*OC(=S)c1ccc(-c2ccc(*)cc2)cc1,ei,6.034972540554827
3839,*c1cc2c(C(=O)N(C2=O)c2ccc(cc2)Oc2ccc(cc2)N2C(=O)c3c(C2=O)cc(cc3)C(=O)Oc2c(cc(cc2)OC(=O)*)C(C)(C)C)cc1,tg,239.3859301098459
3840,*Cc1ccc(-c2ccc(C(*)=S)cc2)s1,ei,5.766099713949194
3841,*Oc1ccc(cc1)OC(=O)c1cc(ccc1)Oc1cc(ccc1)C(=O)*,tg,120.40585612903638
3842,*c1ccc(-c2ccc(*)c(Cl)c2)cc1Cl,egc,3.6722613136104156
3843,*Oc1c(cc(cc1Cl)C(c1cc(c(c(c1)Cl)OC(=O)*)Cl)C1C2CCC(C1)C2)Cl,tg,312.6731683033209
3844,*NC(=O)c1ccc(-c2ccc(*)cc2)s1,eps,5.883973549307772
3845,*CC(C)(CCC)C(=O)O*,egc,6.620467948414261
3846,*C([2H])([2H])C(*)([2H])Cl,egc,6.91830910950978
3847,*C1C2C(C(=O)N(C2=O)CCCCCC)C(C1)C=C*,tg,101.77828784278842
3848,*C(C*)(C(=O)Oc1ccc(cc1)C(=O)O)C,tg,124.04888098657919
3849,*Oc1ccc(cc1)S(=O)(=O)c1ccc(cc1)Oc1ccc(cc1)C=C1C(=O)C(=Cc2ccc(cc2)*)CCC1,tg,182.61574538351098
3850,*C(C(CCCCCC*)c1ccc(cc1)O)c1c(cc(cc1)O)C,tg,6.442267664789606
3851,*c1cc2C(c3c(c2cc1)ccc(c3)C(=Cc1cc(cc(c1)N(c1ccccc1)c1ccccc1)C=C(*)C#N)C#N)(CCCCCCCC)CCCCCCCC,tg,121.3204056921983
3852,*c1nc(c(nc1c1ccc(cc1)NC(=O)Nc1ccc(cc1)NC(=O)Nc1ccc(cc1)*)C#N)C#N,tg,246.6391129349182
3853,*CCCCCCCCCCN(C)C(=O)CCCCCCCCC(=O)N(*)C,egc,5.404875977651625
3854,*c1cc2c(C(=O)N(C2=O)c2cc(ccc2)P(=O)(c2cc(ccc2)N2C(=O)c3c(C2=O)cc(cc3)C(=O)Nc2ccc(cc2)C(=O)c2ccc(cc2)NC(=O)*)c2ccccc2)cc1,tg,233.45893708405285
3855,*Cc1ccc(-c2ccc(-c3ccc(*)cc3)cc2)cc1,nc,1.9205525901531781
3856,*OC(=O)Nc1ccc(cc1)Cc1ccc(cc1)NC(=O)OCCN(CC*)CCCCCCOc1ccc(cc1)N=Nc1ccccc1,tg,46.51030270102215
3857,*CCCCCCOC(=O)OCCCCCCCCCCCCOC(=O)OCCCCCCn1c(=O)c2cc3c(=O)n(*)c(=O)c3cc2c1=O,egc,3.8975141588415694
3858,*CC(C=C1)=CC=C1C(=S)C(C=C2)=CC=C2*,egc,2.5518988208576365
3859,*Oc1ccc(cc1)S(=O)(=O)c1ccc(cc1)c1ccc(cc1)S(=O)(=O)c1ccc(cc1)Oc1ccc(cc1)c1ccc(cc1)c1ccc(cc1)*,tg,277.3322206208875
3860,*C(=O)OC1CCC(OC(=O)N2CCN(*)CC2)CC1,egb,6.346520132509691
3861,*SSCCCCC*,tg,-57.85472451770889
3862,*Oc1ccc(cc1)Oc1ccc(cc1)OCCCCCCOC(=O)OCCCCCCCCCCCCOC(=O)OCCCCCC*,tg,-16.38653095619539
3863,*c1ccc2c(c1)C(CC(CC)CCCC)(CC(CC)CCCC)c1cc(*)ccc1-2,egc,2.8104834041558413
3864,*c1ccc(N=Nc2ccc(-c3csc(-c4nc(*)cs4)n3)cc2)cc1,egc,2.954954068936393
3865,*c1cc2c(C(=O)N(C2=O)c2ccc(cc2)C2(CCC(CC2)C(CC)(C)C)c2ccc(cc2)NC(=O)*)cc1,tg,310.54159334268854
3866,*Oc1ccc(C(C)(C)c2ccc(OC(=O)SCCCSC(*)=O)cc2)cc1,egc,3.984843345076172
3867,*Oc1ccc(cc1)Oc1ccc(cc1)C(=O)c1ccc(cc1)P(=O)(c1ccc(cc1)C(=O)c1ccc(cc1)*)c1ccccc1,tg,208.59967875071482
3868,*CC(C=C1)=CC=C1NO*,egc,4.889504748037716
3869,*c1ccc(Oc2ccc(-c3nc4ccc(-c5ccc6nc(*)c(-c7ccccc7)nc6c5)cc4nc3-c3ccccc3)cc2)cc1,egc,3.287041908284097
3870,*C(C*)(C(=O)NC(=O)OCCOc1c(cc(cc1Br)S(=O)(=O)c1cc(c(c(c1)Br)OCCO)Br)Br)C,tg,138.86459405089786
3871,*C(C*)(C(=O)OCCCCCC(=O)Oc1ccc(cc1)OC(=O)c1ccc(cc1)OCCC)C,tg,35.850443868520884
3872,*C(C=C1)=CC=C1OC(=S)O*,egc,4.670931179780406
3873,*SC1CC(CCC1)*,tg,4.155888921976711
3874,*c1cc2c(C(=O)N(C2=O)c2ccc(cc2)C2(c3ccccc3c3ccccc23)c2ccc(cc2)N2C(=O)c3c(C2=O)cc(cc3)C(*)(C(F)(F)F)C(F)(F)F)cc1,tg,357.18588908555
3875,*c1cc2c(C(=O)N(C2=O)c2cc(ccc2)P(=O)(c2cc(ccc2)N2C(=O)c3c(C2=O)cc(cc3)C(=O)*)c2ccc(cc2)C(F)(F)F)cc1,tg,247.19704632426826
3876,*Oc1c(cc(cc1c1ccccc1)Cc1cc(c(c(c1)c1ccccc1)OC(=O)CCCCCCCCC(=O)*)c1ccccc1)c1ccccc1,tg,106.27982904705114
3877,*C=CCCCCCCCCCC(CCCCCCCCC*)COCCOCCOCCOCCOCCCCCC,tg,-54.18100660205179
3878,*c1oc(nc1c1ccc(cc1)OCOc1ccc(cc1)*)c1ccc(cc1)[N+](=O)[O-],tg,260.43948434722347
3879,*N1C(=O)c2c(C1=O)cc(cc2)Oc1c(cc(cc1C)C(c1cc(c(c(c1)C)Oc1cc2c(C(=O)N(C2=O)c2ccc(cc2)Oc2ccc(cc2)C2(C3CCC(C2)C3)c2ccc(cc2)Oc2ccc(cc2)*)cc1)C)(C)C)C,tg,270.56118058088475
3880,*CC(*)OC(=O)OCC(Cl)(Cl)Cl,egc,6.569603310134495
3881,*Nc1cc(*)ccc1C,egc,4.400627994260266
3882,*c1ccc(-c2cc(-c3ccc(CCCCCCCC)cc3)c(*)s2)s1,egc,2.1269694417369283
3883,*C1C(=O)N(C(=O)C1C(C*)c1ccccc1)c1ccc(cc1)Oc1ccccc1,tg,257.66775373503634
3884,*Oc1ccc(cc1)C=NN=Cc1ccc(cc1)Oc1ccc(cc1)C(c1ccc(cc1)*)(C)C,tg,153.16426656313317
3885,*CCOCCOC(=O)C1CCC(C(=O)O*)CC1,egc,6.607411622549593
3886,*CCOC(=O)CCCCSCCCCC(=O)O*,egc,5.300695794885568
3887,*OC(C)COC(=O)COCC(*)=O,egc,6.3089640763508035
3888,*c1ccc(Cc2ccc(-n3c(=O)c4cc5c(=O)n(*)c(=O)c5cc4c3=O)cc2)cc1,egc,2.640374473269559
3889,*Sc1ccc(cc1)Sc1ccc(cc1)Sc1ccc(cc1)P(=O)(c1ccc(cc1)*)c1ccccc1,tg,220.48348313536533
3890,*CC(CC(CC(CC(*)c1ccccc1)c1ccccc1)c1ccccc1)c1ccccc1,eea,1.474324482338745
3891,*c1ccc(-n2cc3c(n2)C(=O)c2cn(*)nc2C3=O)cc1,egc,3.510444577399786
3892,*C1C2C(C(C1)C=C*)C1CCC2C1,tg,103.05735999345535
3893,*CC(*)C(=O)Nc1ccc2c(c1)C(=O)c1ccccc1C2=O,egc,3.576118077385217
3894,*c1cc2c(nc(cc2c2ccccc2)Oc2nc3c(c(c2)c2ccccc2)cc(cc3)c2ccc(cc2)*)cc1,tg,349.30057426936287
3895,*C(C*)C(=O)OCCC,tg,-33.89148873572784
3896,*C(C*)(CC(=O)OCCC)C(=O)OCCC,tg,37.27152872190262
3897,*N1C(=O)c2c(C1=O)cc(cc2)Oc1ccc(cc1)C1(CCC(CC1)c1ccccc1)c1ccc(cc1)Oc1cc2c(C(=O)N(C2=O)c2ccc(cc2)Oc2ccc(cc2)*)cc1,tg,223.2652896387192
3898,*Oc1ccc(cc1)P(=O)(c1ccc(cc1)Oc1ccc(cc1)C(c1ccc(cc1)*)(C)C)c1ccccc1,tg,229.1735368393436
3899,*CCCCOC(=O)c1ccc(C(=O)O*)cc1,nc,1.7289961931985238
3900,*C(C*)c1ccc(cc1)CC,tg,60.11873525722117
3901,*C1=C(C(=O)N(C1=O)CCCCCCCCCCCC)c1ccc(cc1)c1cc2C(c3c(c2cc1)ccc(c3)c1ccc(cc1)*)(CCCCCC)CCCCCC,tg,131.99367499566824
3902,*C(=O)c1ccc2c(c1)C(=O)N(c1cccc(-c3nc(-c4ccccc4)nc(-c4cccc(N5C(=O)c6ccc(*)cc6C5=O)c4)n3)c1)C2=O,egc,2.5965004522398023
3903,*OC(=O)C=CC(=O)NCCCCCCNC(=O)C=CC(=O)OCCOCCOCCOCC*,tg,50.09081353741854
3904,*Oc1c(cc(c(c1)OC(=O)c1ccc(cc1)OCCC)OC(=O)CCCC(=O)*)OC(=O)c1ccc(cc1)OCCC,tg,49.47783015481562
3905,*Oc1ccc(OC(=O)c2ccc(C(*)=O)cc2)cc1C1CCCCCCC1,egc,3.463223988125576
3906,*CC(*)O,egb,7.100580071891697
3907,*N1C(=O)c2c(C1=O)cc(cc2)Oc1c(cccc1)Oc1cc2c(C(=O)N(C2=O)c2cc(c(cc2)Oc2ccc(cc2)C(c2ccc(cc2)Oc2c(cc(cc2)*)C(F)(F)F)(C(F)(F)F)C(F)(F)F)C(F)(F)F)cc1,tg,200.73885812283237
3908,*Oc1ccc(cc1)C(c1ccc(cc1)C(c1ccc(cc1)OC(=O)*)(C)C)(C)C,tg,116.90506714402852
3909,*CC(C=C1)=CC=C1CC(=S)*,egc,3.229502253485434
3910,*C(=S)c1ccc(C(F)(F)C(*)(F)F)cc1,eps,4.40735802399205
3911,*c1cc2c(C(=O)N(C2=O)c2ccc(cc2)Oc2cc(ccc2)c2nc(cc(c2)c2ccccc2)c2cc(ccc2)Oc2ccc(cc2)N2C(=O)c3c(C2=O)cc(cc3)C(=O)*)cc1,tg,217.84323408430114
3912,*Oc1ccc(S(=O)(=O)NCCNS(=O)(=O)c2ccc(*)cc2)cc1,egc,4.241209219991889
3913,*OC(=O)NCCCCCCNC(=O)OCCCCCC*,tg,32.166423806976184
3914,*c1c([nH]c(n1)c1ccc(cc1)c1[nH]c(c(n1)c1ccc(cc1)Oc1ccc(cc1)S(=O)(=O)c1ccc(cc1)Oc1ccc(cc1)*)c1ccccc1)c1ccccc1,tg,278.7626477124166
3915,*CC(=O)OC(*)=S,ei,7.195002361483069
3916,*CCCCCCCCOC(=O)NNC(=O)CCCCCCCCC(=O)NNC(=O)O*,egc,5.701947659493955
3917,*c1ccc(C(F)(F)c2ccc(C(*)(F)F)cc2)cc1,eps,3.83025260952238
3918,*C(C*)C(=O)OCCCOC,tg,-49.89892613618618
3919,*CCCCCCCCNC(=O)Cc1ccc(CC(=O)N*)cc1,egc,5.152976761969669
3920,*Oc1ccc(cc1)CC(NC(=O)Cc1ccc(cc1)OC(=O)CCCC(=O)*)C(=O)OCCCCCCCC,tg,27.791584095774265
3921,*OC(COC(=O)c1cc(ccc1)C(=O)*)C,tg,76.65173240168971
3922,*c1ccc(C(=S)c2ccc(-c3ccc(*)s3)s2)cc1,eps,7.494628961229393
3923,*C(=S)NC(F)(F)C(*)(F)F,egb,3.470216716569607
3924,*c1cc2c(C(=O)N(C2=O)c2c(cc(c(c2C)N2C(=O)c3c(C2=O)cc(c(c3)Cl)C(=O)*)C)C)cc1Cl,tg,366.6928895590121
3925,*OC(COC(=O)C1=C(C2C=CC1C2)C(=O)OCC(OC(=O)c1ccc(cc1)C(=O)*)CCl)CCl,tg,110.14219479026966
3926,*Cc1ccc(C(=O)C(*)=S)s1,egb,2.0338414097260036
3927,*N1C(=O)c2c(C1=O)cc(cc2)Oc1c2c(ccc1)c(ccc2)Oc1cc2c(C(=O)N(C2=O)c2ccc(cc2)Oc2ccc(cc2)*)cc1,tg,249.73441221669378
3928,*Nc1ccc(Oc2ccc(*)s2)cc1,egb,3.5691060142104583
3929,*C(=O)CCCCCCCCC(=O)N1CC(C)N(*)CC1C,egc,5.5582787265529445
3930,*Cc1ccc(C(=S)O*)cc1,ei,6.27317580701897
3931,*C1C(=O)N(C(=O)C1*)c1ccc(cc1)O[Si](C)(C)C,tg,213.03370422326395
3932,*CC(C1=CC=CC=N1)CC(C2=CC=CC=N2)CC(C3=CC=CC=N3)*,egc,4.078566930007618
3933,*CC(=O)c1ccc(-c2ccc(*)s2)cc1,egb,2.6339353208226766
3934,*COC(=O)OCC1OC(C)(C)OC1*,egc,6.267586962352968
3935,*Oc1ccc(cc1)C(=O)Nc1ccc(cc1)Cc1ccc(cc1)NC(=O)c1ccc(cc1)Oc1ccc(cc1)C(=O)c1ccc(cc1)S(=O)(=O)c1ccc(cc1)C(=O)c1ccc(cc1)*,tg,261.8461634327658
3936,*Nc1ccc(-c2ccc(C(*)=O)s2)s1,egb,1.5088486295626082
3937,*NC(=S)NC(C=C1)=CC=C1NC(=S)NC(C=C2)=CC=C2CC(C=C3)=CC=C3*,egc,3.8008011558202153
3938,*c1ccc(Nc2cc(C)c(*)s2)cc1,egc,3.4990312337479277
3939,*N1C(=O)c2c(C1=O)cc(cc2)c1cc2c(C(=O)N(C2=O)C2CCC(CC2)*)cc1,tg,357.17754213206877
3940,*CCCNC(=O)O*,egc,6.2198310674993476
3941,*CCC(*)O,egc,6.527940098392168
3942,*CONC(*)=O,egb,5.6792661290246365
3943,*c1ccc(-c2cc(-c3ccccc3)c3cc(-c4ccc5nc(*)cc(-c6ccccc6)c5c4)ccc3n2)cc1,egc,3.112424343383295
3944,*c1ccc(C(=S)c2ccc(C(=S)C(=O)Nc3ccc(-c4ccc(*)s4)cc3)s2)s1,eps,6.351188854616435
3945,*N1C(=O)c2c(C1=O)cc(cc2)Oc1cc2c(C(=O)N(C2=O)c2cc(c(cc2)Oc2c(cc(cc2C(C)(C)C)c2ccc(cc2)*)C(C)(C)C)C(F)(F)F)cc1,tg,307.95276496232754
3946,*c1cc2c(C(=O)N(C2=O)c2ccc(cc2)Oc2ccc(cc2)N2C(=O)c3c(C2=O)cc(cc3)C(*)O[Si](O[Si](O[Si](C)(C)C)(C)C)(C)C)cc1,tg,195.5273019454924
3947,*OC(=O)c1cc(cc(c1)C(C(C(C(C(C(C(F)(F)F)(F)F)(F)F)(F)F)(F)F)(F)F)(F)F)C(=O)OCC(C(C(C*)(F)F)(F)F)(F)F,tg,35.03417640377477
3948,*C(C*)n1nc2c(c1)cccc2,tg,153.32995708957287
3949,*Nc1ccc(NC(=O)NC(=O)NC(*)=O)s1,ei,5.088973790928939
3950,*c1cc2c(C(=O)N(C2=O)c2ccc(cc2)Oc2ccc(cc2)N2C(=O)c3c(C2=O)cc(cc3)C(=O)Oc2c(cc(cc2)OC(=O)*)c2ccccc2)cc1,tg,207.69540755366324
3951,*NOC(=O)O*,nc,1.789338330818366
3952,*OC(=O)c1c2c(c(cc1)C(=O)OCC*)cccc2,tg,78.16123285146689
3953,*C(C*)c1c(ccc(c1)C(C)(C)C)C,tg,131.88789872272523
3954,*C#Cc1cc(OCCCCCCCC)c(C#Cc2ccc(*)s2)cc1OCCCCCCCC,egc,2.765087787829437
3955,*CCC(C)O[Si](C)(C)O*,egc,6.178048365648372
3956,*c1c(c(cc(c1)C(C)(C)C)C*)O,tg,139.0192759214124
3957,*c1nc(nc(c1c1ccc(cc1)OC)OCCOC(=O)CCCCC(=O)OCCO*)c1ccc(cc1)OC,tg,37.43655185904891
3958,*O[Si](c1cc(ccc1)*)(c1ccccc1)c1ccccc1,tg,133.38254599029636
3959,*Nc1cc(ccc1)NC(=O)c1ccc(cc1)C(=O)Nc1cc(ccc1)NC(=S)NC(=O)CCCCCCCCC(=O)NC(=S)*,tg,204.81908148522015
3960,*CCCc1ccc(*)cc1,ei,5.958491548285756
3961,*NC(=S)NC(*)=S,eps,6.529556062736851
3962,*C(C*)c1ccc(cc1)OC(C)(C)C,tg,114.51222129683802
3963,*CCCCCCCCCCC(=O)NCCCCCCNC(=O)CCCCO*,egc,5.907915400710719
3964,*c1nc2c([nH]1)ccc(c2)c1ccc2c(nc([nH]2)CCCCCCCC*)c1,tg,184.91621450903307
3965,*CC(=O)O*,egc,6.630496848032466
3966,*NNC(=O)c1ccc(C(=O)NNC(=S)c2cccc(C(*)=S)c2)cc1,egc,3.229276395016314
3967,*CC(*)C(=O)Nc1ccccc1Cl,egc,3.979404306618844
3968,*OC(=O)Nc1c(ccc(c1)NC(=O)OCCN(CC*)c1ccc(cc1)N=Nc1ccc(cc1)c1nc2c([nH]1)ccc(c2)[N+](=O)[O-])C,tg,192.6432898235019
3969,*C(C*)(C(=O)OCCCCCC)C#N,tg,92.006891903412
3970,*C(=O)c1ccc2c(c1)C(=O)N(c1ccc(Oc3cc(C(C)(C)C)c(Oc4ccc(N5C(=O)c6ccc(*)cc6C5=O)cc4)cc3C(C)(C)C)cc1)C2=O,egc,2.570993439743711
3971,C(=O)(*)C1=CC=C(C=C1)S(=O)(=O)C1=CC=C(C=C1)C(=O)OC1=CC=C(C=C1)C1(OC(=O)C2=C1C=CC=C2)C1=CC=C(C=C1)O(*),egc,3.533270007531028
3972,*c1cccc(Oc2ccc(S(=O)(=O)c3ccc(Oc4cccc(N5C(=O)c6ccc(-c7ccc8c(c7)C(=O)N(*)C8=O)cc6C5=O)c4)cc3)cc2)c1,egc,3.2001961508955765
3973,*c1ccc(S(=O)(=O)c2ccc(-n3nc(*)c4ccccc4c3=O)cc2)cc1,egc,3.529501133110994
3974,*C(C*)OC(=O)CCCC(=O)c1ccccc1,tg,30.787990206770395
3975,*C(C*)OC=O,tg,88.13932306468448
3976,*Nc1ccc(*)cc1Br,egc,3.7066327829868726
3977,*Oc1ccc(C(C)=Cc2ccc(OC(=O)OCCCCCOC(*)=O)cc2)cc1,egc,4.077148767234996
3978,*C(F)C(*)(F)F,eps,3.6449692228212447
3979,*c1cc2n(c3c(c2cc1)ccc(c3)c1c2cc(ccc2c(c2cc(ccc12)C=Cc1ccc(cc1)N(CCCCCC)CCCCCC)*)C=Cc1ccc(cc1)N(CCCCCC)CCCCCC)CCCCCCCC,tg,141.92921077987293
3980,*N1C(=O)c2c(C1=O)cc(cc2)Oc1cc2c(cc1)ccc(c2)Oc1cc2c(C(=O)N(C2=O)c2ccc(cc2)Oc2ccc(cc2)*)cc1,tg,252.48959246475528
3981,*N1C(=O)c2c(C1=O)cc(cc2)c1cc2c(C(=O)N(C2=O)c2ccc(cc2)Oc2ccc(cc2)C(c2ccc(cc2)Oc2ccc(cc2)*)(C(F)(F)F)C(F)(F)F)cc1,tg,259.50623691992956
3982,*C(=O)CCCCCCCCC(=O)N1CCN(*)CC1,egc,5.52587572926927
3983,*CC(=S)C(=O)O*,egc,2.786626699178204
3984,*c1nc2c(n1C)ccc(c2)c1ccc2c(nc([nH]2)c2cc(ccc2)*)c1,tg,354.88322148497457
3985,*c1cc2c(C(=O)N(C2=O)c2cc(cc(c2)OCCCC)N2C(=O)c3c(C2=O)cc(cc3)C(*)(C(F)(F)F)C(F)(F)F)cc1,tg,237.52385485754516
3986,*c1nc(nc(n1)Oc1ccc(cc1)C(c1ccc(cc1)O*)(C)C)Cl,tg,151.02015244330966
3987,*Oc1cc(ccc1)C(=O)OCCN(CCOC(=O)c1cc(ccc1)OCC#CC#CC*)c1ccc(cc1)N=Nc1ccc(cc1)C#N,tg,108.87744162949001
3988,*c1ccc(*)n1CCC(=O)OC(C)C(=O)OCC,egc,2.641610064157982
3989,*OC(COC(=O)*)COC(C)C,tg,7.139264629889324
3990,*c1cc2c(C(=O)N(C2=O)c2ccc(cc2)C(=O)OCCCCCCCOC(=O)*)cc1,tg,88.1894341775612
3991,*Oc1c(cc(cc1C)C1(c2ccccc2c2ccccc12)c1cc(c(c(c1)C)OC(=O)c1cc(ccc1)C(=O)*)C)C,tg,249.33766875455993
3992,*CNC(=O)CCCCC(=O)NCC1COC(*)CO1,egc,5.6308209853017575
3993,*CCCCCOC(=O)NC(=O)C1CC1C(=O)NC(=O)O*,egb,6.084450985864939
3994,*c1oc(cc1)C(c1oc(cc1)CNC(=O)OC(COC(=O)NC*)c1occc1)(C)C,tg,50.89109412803143
3995,*Oc1ccc(cc1)C(=O)c1ccc(cc1)Oc1ccc(cc1)C(=O)c1ccc(cc1)Oc1cc(ccc1)Cc1cc(ccc1)*,tg,116.03541297633622
3996,*C=CC1CC(*)C(C(=O)Oc2ccccc2)C1C(=O)Oc1ccccc1,egc,4.539119665197067
3997,*Sc1cc(ccc1)Sc1ccc(cc1)Sc1ccc(cc1)*,tg,104.78320185897087
3998,*c1cc(CCCCCCO[Si](C)(C)C)c(*)s1,egc,2.489182055752228
3999,*c1cc2c(C(=O)N(C2=O)c2c(cc(cc2CC)Cc2cc(c(c(c2)CC)N2C(=O)c3c(C2=O)cc(cc3)C(=O)*)CC)CC)cc1,tg,289.0046009813879
4000,*CCCCCCNC(=O)C(=O)N*,egc,5.347107563921732
4001,*Cc1ccc(NO*)cc1,egb,4.253743922011557
4002,*C(C*)CCC1CCCCC1,tg,69.56803827119785
4003,*Oc1ccc(cc1)Oc1ccc(cc1)C(=Nc1ccc(cc1)Oc1ccc(cc1)N=C(c1ccc(cc1)*)c1ccccc1)c1ccccc1,tg,155.19992933807947
4004,*Nc1ccc(-c2ccc(-c3ccc(*)s3)s2)s1,eea,2.242487766793322
4005,*N1C(=O)c2c(C1=O)cc(cc2)c1cc2c(C(=O)N(C2=O)c2c(cc(cc2C)C(c2cc(c(c(c2)C)*)C)c2cc(cc(c2)C(F)(F)F)C(F)(F)F)C)cc1,tg,324.1191057977152
4006,*N1C(=O)c2c(C1=O)cc(cc2)C(=O)c1cc2c(C(=O)N(C2=O)CCC[Si](O[Si](CCC*)(C)C)(C)C)cc1,tg,108.0523496224155
4007,*CC(COC(F)(C(F)(F)F)C(F)(F)F)O*,egc,6.9119870330764
4008,*Oc1ccc(C2(c3ccc(OC(=O)c4ccc(C(*)=O)cc4)cc3)c3ccccc3-c3ccccc32)cc1,egc,3.418393626131752
4009,*CC(=S)c1ccc(C(*)=S)cc1,ei,5.589600883893618
4010,*N1C(=O)c2c(C1=O)cc(cc2)Oc1c(cccc1)Oc1cc2c(C(=O)N(C2=O)c2cc(c(cc2)Oc2ccc(cc2)C(c2ccc(cc2)Oc2c(cc(cc2)*)C(F)(F)F)(C)C)C(F)(F)F)cc1,tg,202.0171451149217
4011,*CC(*)C(=O)N(O)c1ccc(Cl)cc1,egc,2.856464764016543
4012,*CCOCCOCCOC(=O)CCCCCCC(=O)O*,egc,6.348944999185074
4013,*Oc1ccc(cc1)S(=O)(=O)c1ccc(cc1)Oc1ccc(cc1)S(=O)(=O)c1ccc(cc1)c1ccc(cc1)c1ccc(cc1)S(=O)(=O)c1ccc(cc1)*,tg,248.98092132590367
4014,*CCCCCCCCC(=O)NCCCCCCNC(=O)CCCCCCCCO*,egc,5.927282873408411
4015,*CC(*)(C)C(=O)OCCC1CCCCC1,egb,5.960576509465009
4016,*C(C*)c1ccc(cc1)C(=O)CCCC,tg,67.10726969420465
4017,*C1C(=O)N(C(=O)C1*)c1ccc(cc1)O[Si](CC)(CC)CC,tg,261.0094388551262
4018,*N1C(=O)c2c(C1=O)cc(cc2)Oc1cc2c(C(=O)N(C2=O)CCCCCCC*)cc1,tg,116.6866083774824
4019,*C=C(*)c1ccc2ccc3cccc4ccc1c2c34,egc,2.106262018572649
4020,*CNC(=S)c1ccc(*)cc1,nc,1.9238390226001743
4021,*C(C(*)(F)F)(c1ccccc1)F,tg,116.76725699128397
4022,*C(C*)OC(=O)C(CC(C)(C)C)(C)C,tg,71.772298261807
4023,*NC(=O)C(S1)=CC=C1O*,egc,3.8737822919021796
4024,*NC(=O)c1cc(ccc1)C(=O)NCCCCCCCC*,tg,132.2029986857439
4025,*Oc1ccc(cc1)Oc1ccc(cc1)C=NCCCCCCCCCCCCN=Cc1ccc(cc1)*,tg,78.65134859327026
4026,*C(=C(*)C)CCCCC,tg,42.172214964214554
4027,*N1C(=O)C2C3C4C(C(C2C1=O)C=C3)C(=O)N(C4=O)C(C*)C,tg,250.25637352640098
4028,*C(C*)c1ccc(cc1)C,tg,73.79368386522698
4029,*CCC1CC(*)C2C3CC(CC)C(C3)C12,egb,5.558691417005711
4030,*NC(=S)Nc1ccc(*)cc1,eea,2.5314629680399072
4031,*C(C*)(C(=O)OCCN(c1ccc(cc1)C=Cc1ccc(cc1)[N+](=O)[O-])C)C,tg,120.27859383203449
4032,*Oc1ccc(cc1)C(=O)OC(=O)c1ccc(cc1)OCC*,tg,101.02803057238984
4033,*C#CC#Cc1ccc(*)cc1,egc,2.661563060193822
4034,*C1(c2c(C(=O)O1)cccc2)c1ccc(cc1)OC(=O)c1ccc(cc1)[Si](c1ccc(cc1)C(=O)Oc1ccc(cc1)*)(C)C,tg,238.75177362156043
4035,*P1(=NP(=NP(=N1)(Oc1ccc(cc1)C(=O)OC)Oc1ccc(cc1)C(=O)OC)(Oc1ccc(cc1)C(c1ccc(cc1)O*)(C(F)(F)F)C(F)(F)F)Oc1ccc(cc1)C(=O)OC)Oc1ccc(cc1)C(=O)OC,tg,95.8090781724789
4036,*c1ccc2c(c1)C(CC(CC)CCCC)(CC(CC)CCCC)c1cc(*)ccc1-2,egb,2.344134441750162
4037,*C(=O)c1ccc(OC(*)=S)s1,eea,3.502111630752516
4038,*NC(=O)c1ccc(C(*)=S)s1,eps,6.002149457852268
4039,*CCCCCCCCCCCCNC(=O)CCCCCCCCCCCCCCC(=O)N*,egc,5.9218355300442305
4040,*Oc1cc(ccc1)NC(=O)c1cc(ccc1)C(=O)Nc1cc(ccc1)OCCCCCCCC*,tg,102.51140523444657
4041,*N1C(=O)C2CCC3C(C2C1=O)C(=O)N(C3=O)c1ccc(cc1)Cc1ccc(cc1)*,tg,340.15818976672256
4042,*NC(=O)CCCCC(=O)NCCCC*,tg,39.90823930907255
4043,*N1C(=O)c2c(C1=O)cc(cc2)Oc1ccc(cc1)C1(CCC(CC1)c1ccccc1)c1ccc(cc1)Oc1cc2c(C(=O)N(C2=O)c2ccc(cc2)Oc2c(cc(cc2C)C(c2cc(c(c(c2)C)Oc2ccc(cc2)*)C)(C)C)C)cc1,tg,255.40101225629428
4044,*OS(=O)(=O)c1ccc(*)cc1,egc,4.592111567623319
4045,*NC(C(=O)*)CCC(=O)OCc1ccccc1,tg,13.14549876687531
4046,*CC1CCC(CNC(=O)CCCC(=O)N*)CC1,egc,5.492051408149768
4047,*C(F)(F)C(F)(F)C(C=C1)=CC=C1C(C=C2)=CC=C2*,egc,3.889659877215692
4048,*c1cc2c(C(=O)N(C2=O)c2ccc(cc2)Oc2c3c(ccc2)c(ccc3)Oc2ccc(cc2)N2C(=O)c3c(C2=O)cc(cc3)C(=O)Nc2ccc(cc2)C(c2ccc(cc2)NC(=O)*)(C(F)(F)F)C(F)(F)F)cc1,tg,271.6011196817358
4049,*Oc1c(cccc1)C(=O)OC(=O)c1c(cccc1)OC(=O)c1cc(ccc1)C(=O)*,tg,131.54088920148752
4050,*N1C(=O)c2c(C1=O)cc(cc2)c1cc2c(C(=O)N(C2=O)c2ccc(cc2)Oc2c(cc(cc2C)Cc2cc(c(c(c2)C)Oc2ccc(cc2)*)C)C)cc1,tg,288.1120949286777
4051,*S(=O)(=O)C(C=CC*)CC,tg,86.13165132442005
4052,*CC(=O)c1ccc(C(*)=O)cc1,eea,3.066429845433376
4053,*CCN(CCOC(=O)Nc1ccc(C)c(NC(=O)O*)c1)c1ccccc1,egc,4.025601035595736
4054,*c1ccc(C(=S)c2ccc(-c3ccc(*)s3)s2)cc1,ei,5.433779822269729
4055,*C(F)(F)C(C=C1)=CC=C1C(F)(F)C(C=C2)=CC=C2*,egc,4.603894508912759
4056,*c1cc2c(C(=O)N(C2=O)c2ccc(cc2)Oc2ccc(cc2)C(c2ccc(cc2)Oc2ccc(cc2)N2C(=O)c3c(C2=O)cc(cc3)C(=O)*)(C(F)(F)F)C(F)(F)F)cc1,tg,262.7693709216052
4057,*CCCCCCC(Cl)C(*)Cl,egc,7.050143810339224
4058,*Oc1ccc(cc1)C1(c2ccccc2c2ccccc12)c1ccc(cc1)Oc1c(cc(cc1)c1ccc(cc1)NC(=O)c1cc(cc(c1)C(C)(C)C)C(=O)Nc1ccc(cc1)c1cc(c(cc1)*)C(F)(F)F)C(F)(F)F,tg,302.4996606864054
4059,*O[Zn]OC(=O)c1c(cccc1)C(=O)OCCCCCOC(=O)Nc1c(ccc(c1)NC(=O)OCCCCCOC(=O)c1c(cccc1)C(=O)*)C,tg,12.535857470087095
4060,*Oc1c(cc(c(c1)C(C)(C)C)Oc1ccc(cc1)C(=O)Nc1ccc(cc1)C(c1ccc(cc1)NC(=O)c1ccc(cc1)*)(C(F)(F)F)C(F)(F)F)C(C)(C)C,tg,269.69931624806287
4061,*NC(=O)C(C*)C,tg,101.79910700330382
4062,*C(=S)CC(F)(F)C(*)(F)F,eps,3.9008381143675974
4063,*c1ccc(-c2ccc(-c3ccc(-c4ccc(*)n4CCCCCCCCCCCC)s3)s2)s1,egc,2.428297868333283
4064,*Oc1ccc(cc1)C1(CC(CC(C1)C)(C)C)c1ccc(cc1)OC(=O)*,tg,189.95507797597395
4065,*Nc1ccc(-c2ccc(-c3ccc(*)cc3)s2)cc1,eea,2.0377628094123783
4066,*OC(=O)Nc1ccc(cc1)Cc1ccc(cc1)NC(=O)OCCCC*,tg,78.57636230913127
4067,*Oc1ccc(cc1)S(=O)(=O)c1ccc(cc1)OC(=O)c1ccc(cc1)[Si](c1ccc(cc1)C(=O)*)(C)C,tg,202.40018691406326
4068,*N1C(=O)c2c(C1=O)cc(cc2)OCCN(CCOc1cc2c(C(=O)N(C2=O)c2ccc(cc2)Cc2ccc(cc2)*)cc1)c1ccc(cc1)C=Cc1ccc(cc1)[N+](=O)[O-],tg,195.81770116108686
4069,*c1cc2c(C(=O)N(C2=O)c2c(cc(c(c2)C)N2C(=O)c3c(C2=O)cc(cc3)C(*)(C(F)(F)F)C(F)(F)F)C)cc1,tg,340.01517291090204
4070,*Nc1ccc(C(=S)c2ccc(*)cc2)cc1,eea,3.059638344151653
4071,*Nc1nc(Nn2c(=O)c3cc4c(=O)n(*)c(=O)c4cc3c2=O)nc(N(CCCC)CCCC)n1,egc,2.8677474772869607
4072,*C#CC#Cc1ccc(-c2ccc(*)s2)s1,egc,2.3075830731422626
4073,*CNCC(*)=S,egb,3.0901856973181037
4074,*Oc1ccc(S(=O)(=O)c2ccc(Oc3ccc(C4(c5ccc(*)cc5)CCCCC4)cc3)cc2)cc1,egc,3.834007677884796
4075,*C(C*)C(=O)OCCOC,tg,-40.51657211923661
4076,*C(C*)C(=O)OC(C(F)(F)F)(C(F)(F)F)F,tg,16.56172854746976
4077,*CC(CCl)(CCl)COC(=O)c1ccc(C(=O)O*)cc1,egc,4.643843031003236
4078,*CCOC(=O)NCCCCCCNC(=O)O*,egc,6.369670653921526
4079,*CCCCCCCCC(*)Cl,egb,7.204641024397347
4080,*c1oc(nn1)c1ccc(cc1)Oc1cc(ccc1)NC(=O)c1cc(cc(c1)N1C(=O)c2c(C1=O)c(c(c(c2Cl)Cl)Cl)Cl)C(=O)Nc1cc(ccc1)Oc1ccc(cc1)*,tg,287.59807391488835
4081,*CC(*)c1ccccc1Cl,egc,3.3140471201711863
4082,*OC(=O)c1c(cc(cc1)C(=O)OCCN(CC*)c1ccc(cc1)N=Nc1[nH]c(c(n1)C#N)C#N)OCCCCC,tg,161.86018829804084
4083,*CCCCc1nc2cc3nc(*)[nH]c3cc2[nH]1,egc,4.170557014675842
4084,*N=P(*)(Oc1ccc(cc1)Cl)Oc1ccc(cc1)Cl,tg,39.03614484468624
4085,*c1sc(cc1CCCCCCOC(=O)COc1ccccc1)*,tg,54.44644666952832
4086,*OC(=O)c1cc(ccc1)C(=O)OCCCCCCCCCC*,tg,-4.570930773896267
4087,*Oc1cc(OC)c(*)cc1OC,egc,4.304013113279469
4088,*C=CC1CC(*)C2C(=O)N(c3ccccc3C)C(=O)C12,egc,4.714475654275489
4089,*OCCOCCNC(=O)Nc1ccc(cc1)Cc1ccc(cc1)NC(=O)NCC*,tg,73.27287289891798
4090,*Oc1cc(ccc1)Oc1ccc(cc1)N=Cc1ccc(cc1)N(c1ccc(cc1)C=Nc1ccc(cc1)*)c1ccccc1,tg,140.80868676751714
4091,*CC(S1)=CC=C1C(=O)O*,egc,4.458850849875889
4092,*Oc1ccc(cc1)C=C1C(=O)C(=Cc2ccc(cc2)OCCCCCCCCCC*)CCC1,tg,86.0388343148307
4093,*C(C*)OC(=O)C(C(C(C(C(C(C(C(C(F)(F)F)(F)F)(F)F)(F)F)(F)F)(F)F)(F)F)(F)F)(F)F,tg,37.357817000028874
4094,*CCCC1CCN(SC(=O)OCCCCCCOC(=O)SN2CCC(*)CC2)CC1,egc,5.3217124274632805
4095,*CCCCCOC(=O)CC(=O)O*,egc,6.723269426956656
4096,*c1ccc(C(=S)c2ccc(-c3ccc(*)s3)s2)cc1,nc,2.4648998016824097
4097,*CC(=O)Nc1ccc(Cc2ccc(NC(=O)CN3C(=O)c4ccc(C(=O)c5ccc6c(c5)C(=O)N(*)C6=O)cc4C3=O)cc2)cc1,egc,2.8829238613209696
4098,*C(=O)C(S1)=CC=C1NC(=S)OC(S2)=CC=C2NC(S3)=CC=C3*,egc,2.8372718850120404
4099,*C(C*)C(=O)OCCOCC(C(C(F)(F)F)(F)F)(F)F,tg,-39.72987627003721
4100,*c1sc(cc1)CC*,tg,67.6790813846625
4101,*OC1(F)CC(C(*)C)C1C(F)(F)C1(F)CC1,egc,6.483734019205989
4102,*C(=O)OC(S1)=CC=C1O*,egc,4.2797274859887695
4103,*OC(C*)COc1ccc(cc1)c1ccc(cc1)OC,tg,112.19849755315572
4104,*N1C(=O)c2c(C1=O)cc(cc2)NC(=O)OCCOc1ccc(cc1)P(=O)(c1ccc(cc1)OCCOC(=O)Nc1cc2c(C(=O)N(C2=O)c2cc(ccc2)P(=O)(c2cc(ccc2)*)C)cc1)c1ccccc1,tg,226.39389302835886
4105,*OC1C(CO)OC(*)C(N)C1O,egc,5.871146223868255
4106,*N1C(=O)c2c(C1=O)cc(cc2)C(=O)c1cc2c(C(=O)N(C2=O)CCCCCCCC*)cc1,tg,107.43078496967195
4107,*NC(=O)CCCCCCCCCCC(=O)NCc1ccc(cc1)C*,tg,93.15257666178289
4108,*OC(COC(=O)c1ccc(cc1)C(=O)*)C,tg,84.68049393615343
4109,*Nc1ccc(cc1)NC(=O)c1c(cc(cc1)C(=O)c1cc(c(cc1)C(=O)*)C(=O)O)C(=O)O,tg,289.9748913336743
4110,*CC(OCC)C(C#N)(C#N)C(*)(C#N)C(=O)OC,egc,5.637328563627491
4111,*c1sc(c(c1)CCCCCCCC)c1ccc(cc1)c1sc(cc1CCCCCCCC)c1ccc(cc1)c1ccc(cc1)*,tg,35.971354856383165
4112,*C(C*)OC(=O)c1cc(ccc1)[Si](C)(C)C,tg,62.70913125129688
4113,*c1cccc(C(F)(F)C(F)(F)C(F)(F)c2cccc(N3C(=O)c4ccc(Oc5ccc6c(c5)C(=O)N(*)C6=O)cc4C3=O)c2)c1,egc,4.25101335472854
4114,*C(=S)c1ccc(-c2ccc(-c3ccc(*)s3)s2)s1,ei,5.258120320781895
4115,*N1C(=O)c2c(C1=O)cc(cc2)c1cc2c(C(=O)N(C2=O)CCCCCOC(=O)OCCCCC*)cc1,tg,73.71662205221551
4116,*Oc1c2c(c(cc1)c1c3c(c(cc1)Oc1ccc(cc1)Oc1c(ccc(c1)Oc1ccc(cc1)*)CCCCCC)cccc3)cccc2,tg,99.06032181909312
4117,*c1c(cc(cc1)CC*)Br,tg,103.47727358697948
4118,*c1cc2c(C(=O)N(C2=O)c2ccc(cc2)Oc2c(cc(cc2C)C(c2cc(c(c(c2)C)Oc2ccc(cc2)N2C(=O)c3c(C2=O)cc(cc3)C(*)(C(F)(F)F)C(F)(F)F)C)c2c3c(ccc2)cccc3)C)cc1,tg,267.7977048773242
4119,*c1cc2c(C(=O)N(C2=O)c2ccc(cc2)Oc2cc3c(cc2)ccc(c3)Oc2ccc(cc2)N2C(=O)c3c(C2=O)cc(cc3)C(=O)Nc2ccc(cc2)Oc2ccc(cc2)S(=O)(=O)c2ccc(cc2)Oc2ccc(cc2)NC(=O)*)cc1,tg,271.02906398136844
4120,*c1[nH]c(nc1c1ccc(cc1)NC1C(=O)N(C(=O)C1)c1ccc(cc1)c1sc(c(c1c1ccccc1)c1ccccc1)c1ccc(cc1)N1C(=O)C(CC1=O)Nc1ccc(cc1)*)c1sc(cc1)C=Cc1ccc(cc1)[N+](=O)[O-],tg,187.45939596183965
4121,*N1C(=O)c2c(C1=O)cc(cc2)Oc1cc2c(C(=O)N(C2=O)CCCCCCCCCCC*)cc1,tg,72.63070285814064
4122,*OC(=O)c1ccc(cc1)C(=O)OCC(C(C*)CCCCCCCCCCCCCCCC)CCCCCCCCCCCCCCCC,tg,-43.76382139372122
4123,*NC(S1)=CC=C1C(=S)C(S2)=CC=C2*,egc,2.3591337752124386
4124,*C(C*)c1ccc(nc1)C,tg,140.3492144970954
4125,*OC(=S)c1ccc(-c2ccc(*)cc2)cc1,egb,2.5438563373167513
4126,*C(C*)C(=O)Oc1c(cccc1)Cl,tg,65.41851526683736
4127,*NC(CC(*)=O)C(=O)OCCCCCCCC,egc,5.7738485750015025
4128,*Nc1ccc(C(=S)c2ccc(*)s2)s1,egb,1.6926018047936249
4129,*CC(*)C(=O)OC(CC)CC,egb,6.344765177903426
4130,*NC(=S)C(=O)O*,egb,1.9979186561398956
4131,*C(C*)(C(=O)OCCCCCOc1ccc(cc1)c1ccc(cc1)C#N)C,tg,54.46092410605734
4132,*CC(C#N)(C#N)C(C#N)C(C#N)(C#N)C(C#N)C(*)(C#N)C#N,egb,6.055272641514223
4133,*CCCCCCCCCOC(=O)Nc1ccc(C)c(NC(=O)O*)c1,egc,4.73076422643384
4134,*NC(=O)CCCCCCC(=O)NCc1c(cc(c(c1)C)C*)C,tg,83.2228255206051
4135,*C(C(CCC*)Cl)Cl,tg,0.5797192153223114
4136,*Oc1ccc(cc1)OC(=O)c1ccc(cc1)OC(=O)c1ccc(cc1)C(=O)Oc1ccc(cc1)C(=O)*,tg,207.49365557750576
4137,*N1C(=O)c2c(C1=O)cc(cc2)c1cc2c(C(=O)N(C2=O)c2ccc(cc2)C2(c3ccccc3c3ccccc23)c2ccc(cc2)*)cc1,tg,365.97745861852945
4138,*C(C*)(C(=O)OCCOCCOC)C,tg,-28.097101738825078
4139,*Oc1ccc(cc1)C(=O)c1ccc(cc1)OCC(C*)O,tg,117.69520577360443
4140,*C(C*)(C(=O)OC(CC)C)C,tg,64.47462774020926
4141,*CCC(=O)C(C=C1)=CC=C1*,egc,4.384986824999876
4142,*C(C*)c1c(cccc1)C,tg,102.0517009388291
4143,*Nc1ccc(cc1)Cc1ccc(cc1)NC(=O)c1cc(cc(c1)N1C(=O)C2C(C1=O)C1CCC2C1)C(=O)*,tg,344.3154149322139
4144,*C(C*)(C(=O)OC1CCCCCCC1)C,tg,71.64311737663965
4145,*C1C(C2CC(C1C2)*)CCCC,tg,230.82085822043683
4146,*Oc1c(cc(cc1OC)C=C1C(=O)C(=Cc2cc(c(c(c2)OC)OCCCCCCCC*)OC)CCC1)OC,tg,63.05636951583639
4147,*C1OCC(OC1)CC(=O)NCCCCCCNC(=O)C*,tg,39.802142982918724
4148,*c1cc2c(C(=O)N(C2=O)c2ccc(cc2)C(c2ccc(cc2)N2C(=O)c3c(C2=O)cc(cc3)C(=O)c2cc(cc(c2)C(C)(C)C)C(=O)*)(C(F)(F)F)C(F)(F)F)cc1,tg,293.06890016850224
4149,*Oc1ccc(cc1)C(c1ccc(cc1)OCCCCCCCC*)(C(F)(F)F)C(F)(F)F,tg,22.173948871879873
4150,*OC(=O)OCC(C*)(C(=O)OCc1ccccc1)C,tg,-30.42575355024962
4151,*C(C*)(C(=O)OC)CCC,tg,68.21255383604552
4152,*Oc1ccc(cc1)Cc1ccc(cc1)Cc1ccc(cc1)OC(=O)*,tg,96.4262955923328
4153,*CCCCCCNC(=O)c1ccc(C(=O)N*)c(Oc2ccc(Cl)cc2)c1,egc,3.5917562129281384
4154,*c1nc2c(c(c1)c1ccccc1)cc(cc2)c1cc2c(nc(cc2c2ccccc2)c2ccc(cc2)c2ccc(cc2)c2ccc(cc2)*)cc1,tg,383.7498871009278
4155,*Oc1ccc(cc1)C(=O)c1cc(ccc1)NC(=O)CCCCCCCCC(=O)Nc1ccc(cc1)C(=O)c1ccc(cc1)*,tg,133.49775500289604
4156,*CC(S1)=CC=C1C(=S)O*,egc,3.5399475551331934
4157,*C(C*)C(=O)OCC(C(F)C(F)(F)F)(F)F,tg,17.37749452979493
4158,*CCOC(=O)c1ccc(C(=O)O*)cc1,egb,4.039459049825204
4159,*CC(*)c1c(F)c(F)c(P(=O)(O)O)c(F)c1F,egc,4.324905363128932
4160,*Oc1c(cc(cc1)C1(CCCCC1)c1cc(c(cc1)OC(=O)*)C)C,tg,108.51122098452853
4161,*Oc1ccc(cc1)c1ccc(cc1)Oc1ccc(cc1)C(=O)c1ccc(cc1)C(=O)c1ccc(cc1)*,tg,169.69488719145215
4162,*C(=O)OCC(C)(C)COC(=O)N1CCN(*)CC1,egb,6.349343426308236
4163,*OC(=O)C1=C(CCCC=C1C(=O)OCC*)N1CCCC1,tg,58.7328636537802
4164,*Oc1c(cc(cc1)c1cc(c(cc1)OC(=O)c1ccc(cc1)C(=O)c1ccc(cc1)C(=O)*)c1ccccc1)c1ccccc1,tg,167.44797444576437
4165,*OC(=O)c1c(cccc1)C(=O)OCCCCCCCCCC*,tg,-6.852298162829865
4166,*Oc1c(cc(c(c1)OC(=O)c1ccc(cc1)OCCCCC)OC(=O)CCCC(=O)*)OC(=O)c1ccc(cc1)OCCCCC,tg,43.32473771971889
4167,*c1oc2c(n1)ccc(c2)c1ccc2c(oc(n2)CCCCCCC*)c1,tg,71.47092065652392
4168,*O[Si](*)(c1ccc(cc1)C)C,tg,-27.350354614216247
4169,*C(=O)C(C=C1)=CC=C1C(=S)C(S2)=CC=C2*,egc,2.800409413911565
4170,*N=P(*)(Oc1ccccc1)Oc1ccccc1,tg,15.804177394597993
4171,*Oc1ccc(cc1)C(c1ccc(cc1)OCC(=O)OC(=O)C*)(C)C,tg,72.5376384641489
4172,*OC(=O)CCSc1ccc(SCCC(*)=O)cc1,egc,4.563460555805272
4173,*C(S1)=CC=C1OC(S2)=CC=C2O*,egc,4.1296670233807395
4174,*Oc1cc(ccc1)OCC(COc1ccc(cc1)C(c1ccc(cc1)OCC(C*)O)(C)C)O,tg,82.45548871631827
4175,*Oc1ccc(cc1)C(c1ccc(cc1)OC1(C(C(C1(F)F)(F)F)(*)F)F)(C)C,tg,102.63462369220031
4176,*CC(=O)c1ccc(C(*)=S)cc1,nc,1.9370775738144683
4177,*Nc1cnc(*)c(O)c1,egc,3.713040880094179
4178,*OC(=O)NCCCCCCNC(=O)OC/C=C\C*,tg,16.396275209866754
4179,*c1cc2n(c3c(c2cc1)ccc(c3)c1sc(cc1)c1c2c(nccn2)c(cc1)c1sc(cc1)*)C(CCCCCCCC)CCCCCCCC,tg,159.73299417269172
4180,*S(=O)(=O)c1ccc(cc1)C(=O)c1cc(ccc1)C(=O)c1ccc(cc1)*,tg,214.54638209744115
4181,*c1c(cc(cc1)CC*)CC,tg,84.21082062651065
4182,*C(C*)OC(=O)OCC(Cl)(Cl)Cl,tg,120.7092229371972
4183,*N(CC*)Cc1ccccc1,tg,43.20725443062775
4184,*Oc1ccc(cc1)C(=O)NNC(=O)c1c(cc(cc1)C(=O)NNC(=O)c1ccc(cc1)OC(=O)c1cc(ccc1)C(=O)*)Oc1ccccc1,tg,187.09257079946966
4185,*C1(c2c(C(=O)N1C)cccc2)c1ccc(cc1)OC(=O)c1cc(ccc1)C(=O)Oc1ccc(cc1)*,tg,268.81231361355856
4186,*C(=O)Nc1ccc(Oc2ccc(NC(=O)c3ccc(N4C(=O)c5ccc(*)cc5C4=O)cc3)cc2)cc1,egc,2.5468704659384436
4187,*C(C*)OC(=O)C1(CCCCC1)C,tg,69.29073429831149
4188,*Oc1ccc(C(C)=NN=C(C)c2ccc(OC(=O)CCCCCCCCC(*)=O)cc2)cc1,egc,4.346093656330645
4189,*CC(*)c1ccc(C(=O)OCC(C)C)cc1,egc,4.720591076592195
4190,*N(CC*)C(=O)c1c(c(cc(c1F)F)F)F,tg,144.09950110277254
4191,*OCC(=S)c1ccc(C(=S)Cc2ccc(-c3ccc(*)cc3)cc2)s1,nc,2.0285475465421308
4192,*C(C*)(C(=O)OCCCCC1CCCCC1)C,tg,19.161971211749545
4193,*Oc1ccc(cc1)CC(NC(=O)CCc1ccc(cc1)OC(=O)COCCOCC(=O)*)C(=O)OCC,tg,48.91688895234665
4194,*CCCCNC(=O)CCCCCC(=O)N*,egc,5.8707844570144285
4195,*CCCCCCCCc1nc2ccc(-c3ccc4nc(*)oc4c3)cc2o1,egc,4.068404610661748
4196,*NC(=O)c1ccc(cc1)C(=O)NCCCCCCCC*,tg,133.61125546875326
4197,*COC(=O)OC1C(*)OC2OC(C)(C)OC21,egc,6.0699336720419925
4198,*c1cccc(N2C(=O)c3ccc(Oc4ccc(C(C)(C)c5ccc(Oc6ccc7c(c6)C(=O)N(*)C7=O)cc5)cc4)cc3C2=O)c1,egc,3.7010173749435977
4199,*CCCCCOC(=O)Nc1ccc(C)c(NC(=O)O*)c1,egc,5.038636656712908
4200,*c1cc2c(C(=O)N(C2=O)c2ccc(cc2)C(=O)Nc2ccc(cc2)Oc2ccc(cc2)NC(=O)c2ccc(cc2)N2C(=O)c3c(C2=O)cc(cc3)C(*)(C(F)(F)F)C(F)(F)F)cc1,tg,320.7669855224644
4201,*N1C(=O)c2c(C1=O)cc(cc2)c1cc2c(C(=O)N(C2=O)c2ccc(cc2)Oc2c(cccc2)Oc2ccc(cc2)*)cc1,tg,247.9859928407544
4202,*Nc1c2C(=O)c3c(C(=O)c2ccc1)c(ccc3)N[Se]*,tg,201.9495293596572
4203,*CCCN(*)C=O,egc,5.489837023777907
4204,*N(CC(C(C*)O)O)c1ccc(cc1)N(C)C,tg,145.80109451550234
4205,*Cc1ccc(Nc2ccc(*)s2)s1,ei,5.179103654769039
4206,*CCOC(=O)CCCCCCC(=O)O*,ei,7.587308588933914
4207,*N1C(=O)c2c(C1=O)cc(cc2)C(=O)c1cc2c(C(=O)N(C2=O)CCCCCCCCCCC(=O)Nc2ccc(cc2)Oc2ccc(cc2)NC(=O)CCCCCCCCCC*)cc1,tg,119.92154792046455
4208,*N1C(=O)c2c(C1=O)cc(cc2)c1cc2c(C(=O)N(C2=O)c2cc(c(c(c2)C(=O)OCCCCCC)c2c(cc(cc2Br)*)C(=O)OCCCCCC)Br)cc1,tg,153.22596492780985
4209,*c1cc2c(C(=O)N(C2=O)c2cc(ccc2)Oc2ccc(cc2)C(c2ccc(cc2)Oc2cc(ccc2)N2C(=O)c3c(C2=O)cc(cc3)C(*)(C(F)(F)F)C(F)(F)F)(C(F)(F)F)C(F)(F)F)cc1,tg,236.3562608305416
4210,*OC(COCC*)CCl,tg,-38.29262589761499
4211,*c1ccc(Sc2ccc(-n3c(=O)c4cc5c(=O)n(*)c(=O)c5cc4c3=O)cc2)cc1,egb,2.164840992498025
4212,*CCc1ccc(O*)s1,ei,5.547277238677503
4213,*SCC(C*)(CC)C,tg,-22.39898507365231
4214,*CC(*)CCCC1CCCCC1,egb,7.208970510557304
4215,*c1ccc(-c2nc3cc4nc(*)oc4cc3o2)c(O)c1,egc,2.6777358923609444
4216,*C1=C2OCCOC2=C(c2sc(-c3sc(*)c4c3OCCO4)c3c2OCCO3)S1(=O)=O,egc,1.8510941199695525
4217,*c1cc(C(=O)NCCCC)cc(N2C(=O)c3ccc(-c4ccc5c(c4)C(=O)N(*)C5=O)cc3C2=O)c1,egc,2.6706081283464846
4218,*CC(C)C(=O)N*,egc,5.345628661215337
4219,*OP(=O)(N=Nc1ccc(cc1)C(=O)c1ccc(cc1)N=NP(=O)(OCC*)OCC)OCC,tg,42.534446921070575
4220,*O[Si](c1cc2cc3c(cc2cc1)cc(cc3)[Si](*)(C)C)(C)C,tg,92.67530308818151
4221,*Oc1ccc(-c2ccc(-c3ccc(*)cc3)s2)s1,eea,1.8675984583652692
4222,*N(CC*)C(=O)c1c(cccc1F)F,tg,120.80140678254273
4223,*c1cccc(Cc2cccc(-n3c(=O)c4cc5c(=O)n(*)c(=O)c5cc4c3=O)c2)c1,egc,2.7706326994434143
4224,*CC(O*)C1CC(F)(F)C1(F)F,egc,6.880703698135851
4225,*CC(*)c1nc(N)nc(N)n1,egc,4.647409022354087
4226,*C1(c2c(C(=O)O1)cccc2)c1ccc(cc1)OC(=O)c1cc(cc(c1)C(C)(C)C)C(=O)Oc1ccc(cc1)*,tg,296.5606379463277
4227,*C=Cc1ccc2c(c1)Sc1cc(*)ccc1N2CCCCCCCC,egc,2.0135787943084975
4228,*Oc1ccc(cc1)S(=O)(=O)c1ccc(cc1)Oc1ccc(cc1)C(=O)c1ccc(cc1)c1ccc(cc1)C(=O)c1ccc(cc1)*,tg,223.52326577574854
4229,*N1C(=O)c2c(C1=O)cc(cc2)C(=O)Oc1ccc(cc1)c1ccc(cc1)OC(=O)CCCC*,tg,116.10874645749969
4230,*c1ccc(S(=O)(=O)c2ccc(N3C(=O)c4ccc(Oc5ccc(Oc6ccc7c(c6)C(=O)N(*)C7=O)cc5)cc4C3=O)cc2)cc1,egc,3.597331686917972
4231,*c1cc2sc(*)c(C)c2s1,egc,2.657744430836631
4232,*OC(=O)c1ccc(cc1)C(=O)OCC(C*)(CC)C,tg,60.11815458910675
4233,*c1c(C)cc(C)c(N2C(=O)c3ccc(-c4ccc5c(c4)C(=O)N(*)C5=O)cc3C2=O)c1C,egc,3.4541178309064353
4234,*OC(=O)c1ccc(cc1)C(=O)OCCOC(=O)CCCCCCCCC(=O)OCC*,tg,-5.868392334596011
4235,*O[Si](c1c2ccc3c(c2ccc1)cccc3[Si](*)(C)C)(C)C,tg,66.77637406060771
4236,*Oc1ccc(cc1)S(=O)(=O)c1ccc(cc1)Oc1ccc(cc1)C1(C2CC3CC(CC1C3)C2)c1ccc(cc1)*,tg,237.25161783190575
4237,*NC(=O)c1ccc(cc1)C(=O)NCCC*,tg,173.92437126633985
4238,*C(=O)Nc1cccc(NC(=O)c2ccc3c(c2)C(=O)N(c2cccc(N4C(=O)c5ccc(*)cc5C4=O)c2)C3=O)n1,egc,2.7177653570289406
4239,*C(C*)(C(=O)OCC[N+](CCCCS(=O)(=O)O)(C)C)C,tg,112.76874292214528
4240,*OC(=O)c1ccc(cc1)C(=O)OCCCCCCCCC*,tg,-0.6632953334031247
4241,*OC(OC(=O)c1cc(ccc1)C(=O)OC(OCC1CCC(CC1)C*)C)C,tg,75.59407951866426
4242,*Oc1ccc(cc1)Oc1ccc(cc1)NC(=C(C#N)C#N)c1ccc(cc1)C(=C(C#N)C#N)Nc1ccc(cc1)*,tg,210.85367493795954
4243,*O[Si](*)(C)C,tg,-86.26738917704972
4244,*c1cc2c(C(=O)N(C2=O)c2ccc(cc2)N2C(=O)c3c(C2=O)cc(cc3)c2c(c(c(c(c2c2ccccc2)c2ccccc2)c2ccc(cc2)Oc2ccc(cc2)c2c(c(c(c(c2c2ccccc2)c2ccccc2)*)c2ccccc2)c2ccccc2)c2ccccc2)c2ccccc2)cc1,tg,361.43276851181713
4245,*CCCP(CCCCCCCC)CCCNC(=O)C(=O)N*,egc,4.382850533354788
4246,*Cc1ccc(C(=S)O*)s1,nc,1.9616253441003657
4247,*C(=O)c1ccc(N(*)C)cc1,egc,3.9866686352513887
4248,*Cc1ccc(C(=O)N*)cc1,eps,4.010399437534998
4249,*N(CC*)C,tg,-19.289674320543586
4250,*N(CC*)C(=O)CCCCCCC,tg,3.407173534871387
4251,*C1(c2c(C(=O)N1C)cccc2)c1ccc(cc1)OC(=O)c1ccc(cc1)C(=O)Oc1ccc(cc1)*,tg,282.73944035109423
4252,*CC(C)(C)COC(=O)C1CCC(C(=O)O*)CC1,egc,6.548367919067125
4253,*CC(*)C1CCCCC1C,egc,5.936071464919521
4254,*C(=O)C(C)NC(=O)CNC(=O)C1CCCN1*,egc,5.464895279877162
4255,*OC(=O)CCCCCCCCCCC(=O)OCCOCC*,tg,-58.398966335997166
4256,*N(CC*)C(=O)CCCCCC,tg,23.153401632292315
4257,*N(c1ccc(cc1)C=Cc1c(cc(c(c1)OCCCCCCCC)C=Cc1ccc(cc1)*)OCCCCCCCC)c1ccccc1,tg,111.03612133852447
4258,*C(C=C1)=CC=C1C(S2)=CC=C2C(C=C3)=CC=C3C(=S)*,egc,2.4341548759448486
4259,*OC(F)(F)CC(*)(F)F,nc,1.499675
4260,*C(C*)OC(=O)c1c(cccc1)C,tg,81.11919008642415
4261,*C(=O)C(C=C1)=CC=C1C(S2)=CC=C2C(=S)*,egc,2.6079946875940365
4262,*N1C(=O)c2c(C1=O)cc(cc2)c1cc2c(C(=O)N(C2=O)c2ccc(cc2)c2nc(cc(c2)c2ccc(cc2)OCCCC#N)c2ccc(cc2)*)cc1,tg,311.2263723979552
4263,*C(C*)(C(=O)OCC1(COC1)CC)C,tg,130.92872516455805
4264,*c1cc(CCCCCCCCCC)c(*)s1,egc,2.718051249957597
4265,*Oc1ccc(cc1)CC(NC(=O)Cc1ccc(cc1)OC(=O)CC(CCC(=O)*)C)C(=O)OCCCCCC,tg,29.94019141649451
4266,*CC(*)c1ccc(C(=O)OCCCCCC)cc1,egc,4.4705438029932845
4267,*CC(*)(C)C(=O)OC1(C)CCOC(=O)C1,egb,5.942552180463406
4268,*C(=O)c1ccc(-c2ccc(-c3ccc(*)cc3)s2)cc1,eps,5.714987880937831
4269,*c1nc(nc(n1)Oc1ccc(cc1)C1(CCCCC1)c1ccc(cc1)O*)OC,tg,233.20282944648267
4270,*N1CCN(CC1)C(=O)c1c(cccc1)c1c(cccc1)C(=O)*,tg,204.71427851733736
4271,*C(C*)c1ccc(cc1)c1c2c(nsn2)ccc1,tg,150.92290600384433
4272,*OC(=O)CS(=O)(=O)Cc1ccc(CS(=O)(=O)CC(*)=O)cc1,egc,4.985296672095419
4273,*C(=O)C(F)(F)C(=O)C(*)(F)F,ei,8.218825757564462
4274,*c1oc(cc1)COC(=O)Nc1ccc(cc1)Cc1ccc(cc1)NC(=O)OC*,tg,58.470449709243134
4275,*OC(C)(C)C(F)(F)C(F)(F)OCCOCCC1CC1*,egc,7.027677698444721
4276,*N1C(=O)c2c(C1=O)cc(cc2)S(=O)(=O)c1cc2c(C(=O)N(C2=O)c2cc(c(c(c2)Br)Oc2c(cc(cc2Br)*)Br)Br)cc1,tg,294.97832681029325
4277,*c1[nH]nc(c1)c1ccc(cc1)Oc1ccc(cc1)C(=O)c1ccc(cc1)Oc1ccc(cc1)*,tg,218.4980725551187
4278,*c1nc2c(c(c1)c1ccccc1)cc(cc2)C1(c2ccccc2c2ccccc12)c1cc2c(nc(cc2c2ccccc2)c2ccc(cc2)C2(c3ccccc3c3ccccc23)c2ccc(cc2)*)cc1,tg,384.0457648899557
4279,*c1ccc2c(nc([nH]2)c2cc(cc(c2)N2C(=O)c3c(C2=O)cccc3)c2nc3c([nH]2)ccc(c3)C(=O)Nc2cc(cc(c2)c2nc3c([nH]2)cccc3)NC(=O)*)c1,tg,310.1718767215051
4280,*C(C*)CNc1cc(c(cc1)[N+](=O)[O-])C(F)(F)F,tg,103.36743751223324
4281,*OC(=O)CCCCC(=O)OCCN(CC*)c1ccc(cc1)C=NN(c1ccccc1)c1ccccc1,tg,59.226563922970584
4282,*O[Si](*)(CCCCCCn1c2ccccc2c2ccccc12)C,tg,23.97590780701304
4283,*CCOC(=O)CCCCCCC(=O)O*,egb,6.646392134392097
4284,*CNCC(C=C1)=CC=C1*,egc,4.935381469336995
4285,*NC(=O)C(C(C(=O)NCCCC*)OC)OC,tg,102.29747875720496
4286,*c1cc2c(C(=O)N(C2=O)c2ccc(cc2)c2nc(cc(c2)c2ccc(cc2)OC)c2ccc(cc2)N2C(=O)c3c(C2=O)cc(cc3)C(=O)*)cc1,tg,316.3560814216065
4287,*Cc1ccc(C*)cc1,nc,1.8174289917815662
4288,*C1C(=O)N(C(=O)C1*)c1cc(c(c(c1)Br)O[Si](C(C)(C)C)(C)C)Br,tg,182.31547734233294
4289,*N1C(=O)c2c(C1=O)cc(cc2)Oc1ccc(cc1)Sc1ccc(cc1)Oc1cc2c(C(=O)N(C2=O)c2ccc(cc2)Oc2ccc(cc2)C(c2ccc(cc2)Oc2ccc(cc2)*)(C(F)(F)F)C(F)(F)F)cc1,tg,218.08924168068296
4290,*c1cc2c(C(=O)N(C2=O)C2C(=O)N(C(=O)C2)c2ccc(cc2)Oc2ccc(cc2)NC(=O)*)cc1,tg,151.0347016990256
4291,*Nc1ccc(*)c2cc3ccccc3cc12,egc,2.974226089487885
4292,*CCCCCOC(=O)c1cccc(C(=O)O*)c1,egc,5.002820423891114
4293,*c1sc(cc1)c1sc(cc1)c1sc(cc1)c1sc(cc1)[Si]([Si](*)(CCCC)CCCC)(CCCC)CCCC,tg,10.193324712023776
4294,*OC(=O)CC/C=C/CCC(=O)OCCCCCCCCCC*,tg,-55.69919104524589
4295,*CCCCCC(=O)O*,eea,1.1104308243057115
4296,*CCCCCCNC(=O)CCC=CCCC(=O)N*,egc,5.399115542385274
4297,*CCC(Cl)C(*)C,egc,7.087010053621451
4298,*CC(OCC)C(C#N)(C#N)C(*)(C#N)C(=O)OC,egb,5.002886450737446
4299,*C(C*)(C(=O)OCCCCCCN1CCN(CC1)c1ccc(cc1)N=Nc1ccc(cc1)C#N)C,tg,101.79144572139664
4300,*NC(=O)CCCCCCCCCCCCCCCCCCCCC(=O)NCCCCCCCC*,tg,43.17940246614851
4301,*ON(C(C(*)(SC(F)(F)F)F)(F)F)C(F)(F)F,tg,-0.6549231486641326
4302,*N(C(=O)C(C(C(C(=O)N(CCCCCC*)CC(C(F)(F)F)(F)F)(F)F)(F)F)(F)F)CC(C(F)(F)F)(F)F,tg,111.85575803179813
4303,*CCCCCCNC(=S)Nc1ccc(NC(=S)N*)cc1,eea,1.4300999502392135
4304,*[Si](C*)(CCCN(CC)CC)C,tg,-5.99733848968324
4305,*Oc1ccc(OC(=O)c2cc(OCCCCCCCCCCCC)c(C(*)=O)cc2OCCCCCCCCCCCC)cc1,egc,2.81891872348076
4306,*c1cc2c(C(=O)N(C2=O)c2c(cc(cc2C)c2cc(c(c(c2)C)N2C(=O)c3c(C2=O)cc(cc3)C(=O)Nc2c(ccc(c2)NC(=O)*)N=Nc2ccc(cc2)[N+](=O)[O-])C)C)cc1,tg,280.5279576502205
4307,*Nc1ccc(-c2ccc(C(*)=O)s2)s1,eea,2.9983250070875966
4308,*O[Sn](OC(=O)c1ccc(cc1)C(=O)*)(CCCC)CCCC,tg,151.41464449213268
4309,*NC(=O)C(=S)C(*)=O,eea,4.397928648517928
4310,*C(=O)Nc1ccc(Cc2ccc(NC(=O)c3ccc4c(c3)C(=O)N(c3ccc(S(=O)(=O)c5ccc(N6C(=O)c7ccc(*)cc7C6=O)cc5)cc3)C4=O)cc2)cc1,egc,2.8249440776791963
4311,*C(C*)(C(=O)OCc1cc(c(cc1)OCCOCCOCC)OCCOCCOCC)C,tg,-1.9048944646530905
4312,*c1cc2c(C(=O)N(C2=O)c2cc(c(cc2)C=Cc2c(cc(cc2)N2C(=O)c3c(C2=O)cc(cc3)C(=O)*)S(=O)(=O)O[Na])S(=O)(=O)O[Na])cc1,tg,332.9659748030396
4313,*Nc1ccc(C(=O)c2c(C)c(C)c(C(=O)c3ccc(NC(=O)c4ccc(C(*)=O)cc4)cc3)c(C)c2C)cc1,egc,3.450697330936832
4314,*c1ccc2c(c1)nc1c3cc4c(=O)n5c6cc(*)ccc6nc5c4cc3c(=O)n21,egc,3.226316814862382
4315,*Oc1ccc(cc1)C1(c2ccccc2c2ccccc12)c1ccc(cc1)Oc1ccc(cc1)C(=O)c1cc(ccc1)C(=O)c1ccc(cc1)*,tg,245.77323555786822
4316,*CC(=O)CO*,eea,1.7041182601003089
4317,*Oc1c(cc(cc1)C(C)(C)C)Oc1ccc(cc1)S(=O)(=O)c1ccc(cc1)*,tg,156.9955528323046
4318,*CC(C)(C)COC(=O)NCCOCCOCCNC(=O)O*,egc,6.2306170650558315
4319,*NC(=O)CCCCC(=O)NCCCP(=O)(CCCC*)C,tg,45.47153109979285
4320,*c1cc2C(c3c(c2cc1)ccc(c3)c1cc2C(c3c(c2cc1)ccc(c3)*)(CC1=NC(CO1)Cc1ccccc1)CC1=NC(CO1)Cc1ccccc1)(CCCCCC)CCCCCC,tg,158.35861513651244
4321,*CCc1c(Cl)c(Cl)c(*)c(Cl)c1Cl,egc,4.866420899526546
4322,*c1cc2c(C(=O)N(C2=O)c2cc(cc(c2)C(=O)O)N2C(=O)c3c(C2=O)cc(c(c3)Cl)C(=O)*)cc1Cl,tg,265.63232283354944
4323,*Oc1ccc(cc1)C(c1ccc(cc1)OC(=O)*)(CCCC)CCCC,tg,105.21772580042965
4324,*Oc7ccc(C6(c3ccc(OC(=O)c2ccc(S(=O)(=O)c1ccc(C(*)=O)cc1)cc2)cc3)c4ccccc4c5ccccc56)cc7,egc,3.4015648088666235
4325,*CC(*)OC(=O)C(F)(F)F,egc,6.523967877002981
4326,*c1ccc(*)c(C(=O)c2ccccc2)c1,egc,3.4609000536855334
4327,*C(C*)(C(=O)Oc1ccc(cc1)C(=O)Oc1ccc(cc1)C)C,tg,93.66556524105205
4328,*c1nc(ccc1)c1cc(c(cc1)Oc1ccc(cc1)Sc1ccc(cc1)Oc1c(cc(cc1)*)C(F)(F)F)C(F)(F)F,tg,122.03536791600209
4329,*Oc1ccc(cc1)S(=O)(=O)c1ccc(cc1)Oc1ccc(cc1)C=C1C(=O)C(=Cc2ccc(cc2)*)CC1,tg,219.10620961109808
4330,*OC(C(=O)*)CC,tg,32.49346852080937
4331,*Oc1ccc(N=Cc2ccc(N(c3ccccc3)c3ccc(C=Nc4ccc(*)cc4)cc3)cc2)cc1,egc,2.5098095656576622
4332,*Nc1ccc(C(=O)c2ccc(*)s2)cc1,egb,2.2825081460355894
4333,*c1c(ccc(c1)*)c1oc2c(n1)cccc2,tg,243.62891117246372
4334,*c1ccc(*)c(N(C)C)c1,egc,3.7824223721301173
4335,*c1ccc(*)o1,egc,2.865264893480679
4336,*NC(=S)c1ccc(O*)s1,nc,2.113801272866028
4337,*CCCC(=O)N*,egc,5.734603208281265
4338,*c1sc(cc1CCCCCCCC)*,tg,23.485028316555812
4339,*NC(=O)NC(*)=O,eps,4.7169647002205695
4340,*C(C*)C(=O)OCC(C(OC(F)(F)F)(F)F)(F)F,tg,-26.888250698925724
4341,*C(=C*)CCCOc1ccc(cc1)OC(=O)c1ccc(cc1)OC,tg,53.281212078272354
4342,*N1C(=O)c2c(C1=O)cc(cc2)Oc1cc2c(C(=O)N(C2=O)c2cc(ccc2)C(c2cc(ccc2)*)O[Si](O[Si](O[Si](C)(C)C)(C)C)(C)C)cc1,tg,188.52457806328192
4343,*Oc1ccc(cc1)S(=O)(=O)c1ccc(cc1)Oc1c(cc(cc1)C(c1cc(c(cc1)*)C(O)(C(F)(F)F)C(F)(F)F)(C)C)C(O)(C(F)(F)F)C(F)(F)F,tg,160.99479645574343
4344,*C(C*)(c1ccc(cc1)C)C,tg,111.56706357451047
4345,*CCCCCCCCCNC(=O)CCCCCCCCC(=O)N*,egc,5.845584874776221
4346,*Oc1ccc(C(C)(C)c2ccc(OC(*)=O)c(C)c2)cc1C,egc,4.657431662720359
4347,*N1C(=O)c2c(C1=O)cc(cc2)[Si](O[Si](O[Si](c1cc2c(C(=O)N(C2=O)c2ccc(cc2)Cc2ccc(cc2)*)cc1)(C)C)(C)C)(C)C,tg,226.66019632034872
4348,*NNC(=O)CCCCC(=O)NNC(=O)CCCCCCCCC(*)=O,egc,5.057241045051434
4349,*NC(CCC(CCCNC(=O)c1ccc(cc1)C(=O)*)(C)C)C,tg,143.96099967166006
4350,*N=P(*)(OC)OC,tg,-68.61173793840206
4351,*S(=O)(=O)C1CC(CCC1)*,tg,85.49916037783949
4352,*Oc1ccc(cc1)C(c1ccc(cc1)OC(=O)NC(=O)c1cc(cc(c1)C(C)(C)C)C(=O)NC(=O)*)(C)C,tg,166.50634417157298
4353,*NC(c1ccccc1)C(C)(C)C(*)=O,egc,5.120252959423115
4354,*C1C2C(C(C1)CC*)CCC2,tg,56.3479001207251
4355,*c1ccc2N(c3c(Sc2c1)cc(cc3)C=Cc1ccc(cc1)C=C*)c1ccc(cc1)OCCCCCCCCCCCC,tg,123.2022475204341
4356,*NC(=O)NC(*)=O,nc,1.9095971540178467
4357,*CCOC(=O)Nc1c(C)c(C)c(NC(=O)O*)c(C)c1C,egc,5.53340433860613
4358,*N1C(=O)c2c(C1=O)cc(cc2)c1cc2c(C(=O)N(C2=O)c2ccc(cc2)C(c2ccc(cc2)*)c2ccccc2)cc1,tg,338.99470480865097
4359,*c1nc(nc(n1)c1ccc(cc1)Oc1ccc(cc1)Oc1ccc(cc1)Oc1ccc(cc1)*)c1ccccc1,tg,231.64683042246233
4360,*C(=O)c1ccc(-c2ccc(C(*)=S)cc2)cc1,eea,3.2901914713078533
4361,*OC(=O)NCCCCCCNC(=O)OCCOCCOCCOCC*,tg,8.463202043683905
4362,*C=C(*)c1ccc(C#C)cc1,egc,0.6929420061331587
4363,*Nc1ccc(*)cc1I,egc,3.896833794359384
4364,*Oc1ccc(-c2ccc(-c3ccc(*)cc3)cc2)s1,eps,5.100641145553828
4365,*CCOCCOC(=O)O*,nc,1.6272837416993942
4366,*c1ccc(Oc2ccc(-c3cc(OCCCCCC)c(-c4ccc(Oc5ccc(-c6nnc(*)o6)cc5)cc4)cc3OCCCCCC)cc2)cc1,egc,3.4134444645925623
4367,*N1C(=O)c2c(C1=O)cc(cc2)Oc1cc2c(cc1)ccc(c2)Oc1cc2c(C(=O)N(C2=O)c2cc(ccc2)*)cc1,tg,277.12235399774556
4368,*C(C*)(C(=O)OCCCCCCCCCC)C,tg,-22.99354218067923
4369,*Oc1ccc(cc1)CC(Cc1ccc(cc1)*)(C(=O)OCC)C(=O)OCC,tg,61.22480633004417
4370,*CCOCCOCCOC(=O)CCCCCC(=O)O*,egc,6.312322585909917
4371,*N1C(=O)c2c(C1=O)cc(cc2)Oc1ccc(cc1)C(c1ccc(cc1)Oc1cc2c(C(=O)N(C2=O)c2ccc(cc2)Oc2cc(ccc2)Oc2ccc(cc2)*)cc1)(C)C,tg,203.40604992693358
4372,*Oc1ccc(cc1)Cc1ccc(cc1)OC(=O)OCC1CCC(CC1)COC(=O)*,tg,72.9778620994475
4373,*c1cc2c(C(=O)N(C2=O)c2c(ccc(c2)N2C(=O)c3c(C2=O)cc(cc3)C(=O)*)Cl)cc1,tg,317.35288514459694
4374,*CC(*)C(=O)OCF,egc,6.426074170587409
4375,*N1C(=O)c2c(C1=O)cc(cc2)Oc1cc(ccc1)C(c1ccc(cc1)Oc1cc2c(C(=O)N(C2=O)c2ccc(cc2)*)cc1)(C)C,tg,240.36480036694346
4376,*c1cc2c(C(=O)N(C2=O)c2cc(cc(c2)C(F)(F)F)Oc2c(cc(cc2C)c2cc(c(c(c2)C)Oc2cc(cc(c2)C(F)(F)F)N2C(=O)c3c(C2=O)cc(cc3)C(=O)*)C)C)cc1,tg,281.2712457247754
4377,*c1ccc(-c2ccc(Oc3ccc(*)s3)s2)cc1,ei,5.109739046518223
4378,*CC(*)C(=O)NCO,egc,5.812233535529371
4379,*Oc1ccc(cc1)C(=O)CNc1ccc(cc1)S(=O)(=O)c1ccc(cc1)NCC(=O)c1ccc(cc1)*,tg,179.80235707392322
4380,*c1ccc(-c2ccc(-c3nc4ccc(-c5ccc6nc(*)c(-c7ccccc7)nc6c5)cc4nc3-c3ccccc3)cc2)cc1,egc,3.0963539157313242
4381,*Oc1ccc(-c2ccc(-c3ccc(*)cc3)s2)s1,egb,2.926370556694126
4382,*CC1CCC(COC(=O)CCCCCCC(=O)O*)CC1,egc,6.836179734738982
4383,*OC(=O)NCCCCNC(=O)OCCCC*,tg,28.839321851071286
4384,*Nc1ccc(NC(=O)NONC(*)=O)s1,eps,4.5791018449871626
4385,*Oc1c(cc(cc1c1ccccc1)*)c1ccccc1,tg,217.116178647859
4386,*OC(=O)C1CCC(CC1)C(=O)OCCC*,tg,10.714199994416328
4387,*c1cc2c(C(=O)N(C2=O)c2cc(c(c(c2)Br)Oc2c(cc(cc2Br)N2C(=O)c3c(C2=O)cc(cc3)C(*)(C(F)(F)F)C(F)(F)F)Br)Br)cc1,tg,324.4691113186514
4388,*S(=O)(=O)c1ccc(cc1)C#Cc1ccc(cc1)N(CC(CCC*)O)CCCC,tg,128.50662224660454
4389,*CC1CCC(COC(=O)CCCCCCCCC(=O)O*)CC1,egc,6.835604152011465
4390,*CCc1ccc(-c2ccc(*)cc2)cc1,egc,4.438895750565764
4391,*CC(*)c1c([2H])c([2H])c([2H])c([2H])c1[2H],egc,4.484870335807991
4392,*c1sc(*)c2nc(CCCCCC)c(CCCCCC)nc12,egc,1.9803419469484196
4393,*O[Si](Oc1ccc(cc1)c1ccc(cc1)*)(c1ccccc1)c1ccccc1,tg,158.33943551391005
4394,*C(C*)c1cc(ccc1)Cl,tg,75.99488609278993
4395,*C(=O)Nc1cccc(C(=O)Nc2cccc(NC(=O)c3ccc4[nH]c(-c5ccc(-c6nc7cc(*)ccc7[nH]6)cc5)nc4c3)c2)c1,egc,3.1928859141944352
4396,*C(C*)c1ccc(cc1)COCC(CCCC)CC,tg,-25.590474472561585
4397,*C(=O)c1ccc2c(c1)C(=O)N(c1ccc(OCCOCCOc3ccc(N4C(=O)c5ccc(*)cc5C4=O)cc3)cc1)C2=O,egc,2.713914146424753
4398,*Nc1ccc(C(=O)O*)cc1,ei,6.277679337893917
4399,*c1cn(*)c2ccccc12,egc,3.7805647278273184
4400,*c1nc(nc(n1)Oc1cc(ccc1)C(=O)Nc1ccc(cc1)S(=O)(=O)c1ccc(cc1)NC(=O)c1cc(ccc1)O*)Sc1ccccc1,tg,217.26073202656673
4401,*CC(F)(F)C(F)(F)C(F)(F)C(F)(F)COC(=O)NCC(F)(F)C(F)(F)C(F)(F)C(F)(F)CNC(=O)O*,egc,6.9081350087507944
4402,*N1C(=O)c2c(C1=O)cc(cc2)c1cc2c(C(=O)N(C2=O)CC2C3C(CC2)C2C(CC3C2)C*)cc1,tg,236.09262322170125
4403,*c1cc2c(C(=O)N(C2=O)c2cc(ccc2)Nc2ncnc(n2)Nc2cc(ccc2)N2C(=O)c3c(C2=O)cc(cc3)C(=O)*)cc1,tg,273.85526970609857
4404,*N1C(=O)c2c(C1=O)cc(cc2)Oc1cc2c(C(=O)N(C2=O)c2cc(ccc2)C(c2cc(ccc2)*)O)cc1,tg,230.42275408313907
4405,*N1C(=O)c2c(C1=O)cc(cc2)c1cc2c(C(=O)N(C2=O)c2cc3S(=O)(=O)c4c(c3cc2C)cc(c(c4)*)C)cc1,tg,333.84841693363103
4406,*c1sc(cc1CCCCCCC)c1sc(c(c1)CCCCCCC)c1c2c(ccccc2)c(c1)*,tg,35.45573658152011
4407,*C(C*)c1ccc(cc1)C(CCCCC)(O)C,tg,59.395507521693865
4408,*CC(F)(F)C(F)(F)COC(=O)NCCCCCCNC(=O)O*,egc,6.788703874296866
4409,*N1C(=O)c2c(C1=O)cc(cc2)c1cc2c(C(=O)N(C2=O)c2cc(c(c(c2)C(=O)OCCCCCCCCCCCC)c2c(cc(cc2Br)*)C(=O)OCCCCCCCCCCCC)Br)cc1,tg,111.85674732801824
4410,*O[Si](O[Si](O[Si](OC(CCC(*)C)C)(C)C)(C)C)(C)C,tg,-78.3766068854062
4411,*CC(=O)C(S1)=CC=C1C(=S)*,egc,2.90311645252833
4412,*N1C(=O)c2c(C1=O)cc(cc2)NC(=O)Nc1c2c(ccc1)c(ccc2)NC(=O)Nc1cc2c(C(=O)N(C2=O)c2ccc(cc2)c2nc(cc(c2)c2ccc(cc2)c2ccccc2)c2ccc(cc2)*)cc1,tg,249.29903546064355
4413,*C1C2C(C(=O)N(C2=O)c2cc(ccc2)I)C(C1)C=C*,tg,217.462060106723
4414,*CCC(=O)c1ccc(*)s1,eps,4.050129827551522
4415,*Oc1c(ccc(c1)Oc1cc(ccc1)NC(=O)c1c(ccc(c1)Oc1cc(c(cc1)C(=O)O)C(=O)Nc1cc(ccc1)*)C(=O)O)C#N,tg,195.73095110129057
4416,*C(C*)C(=O)c1ccc(cc1)CCC,tg,60.111430358202874
4417,*C(=O)c1ccc2c(c1)C(=O)N(c1cc(-c3nc4ccccc4[nH]3)cc(N3C(=O)c4ccc(*)cc4C3=O)c1)C2=O,egc,2.087243029669896
4418,*C1C2C(C(=O)N(C2=O)c2ccc(cc2)F)C(C1)C=C*,tg,211.55455443166827
4419,*c1cc2c(C(=O)N(C2=O)c2ccc(cc2)S(=O)(=O)c2ccc(cc2)N2C(=O)c3c(C2=O)cc(cc3)C(=O)Oc2c(cc(cc2)OC(=O)*)C(C)(C)C)cc1,tg,249.29412630527509
4420,*c1nc2c(c(c1)c1ccccc1)cc(cc2)Oc1cc2c(nc(cc2c2ccccc2)c2ccc(cc2)C2(c3ccccc3C(=O)c3ccccc23)c2ccc(cc2)*)cc1,tg,371.8333060910011
4421,*c1c(nc2c(n1)cc(cc2)c1cc2c(nc(c(n2)c2ccc(cc2)*)c2ccccc2)cc1)c1ccccc1,tg,346.3849401001602
4422,*OC(=O)OCC1CCC(CC1)COC(=O)OCCCC*,tg,-5.851189755597725
4423,*CNC(=S)N*,eea,1.925922601495362
4424,*Oc1ccc(cc1)OC(=O)c1c(cc(c(c1)OCCCCCCCOCC1N(CCC1)c1ccc(cc1)[N+](=O)[O-])C(=O)*)OCCCCCCCOCC1N(CCC1)c1ccc(cc1)[N+](=O)[O-],tg,42.827767037635425
4425,*c1ccc(cc1)c1c(cc(c(c1c1ccccc1)c1ccccc1)c1cc(ccc1)c1c(c(c(c(c1)c1ccccc1)c1ccc(cc1)CCCCCCCCCCCCCC*)c1ccccc1)c1ccccc1)c1ccccc1,tg,159.1339765391801
4426,*C=CC1CC(*)C(C(=O)OC)C1,egc,5.501064744830135
4427,*N1C(=O)c2c(C1=O)cc(cc2)Oc1c(cccc1)Oc1cc2c(C(=O)N(C2=O)c2ccc(cc2)Oc2ccc(cc2)c2ccc(cc2)Oc2ccc(cc2)*)cc1,tg,212.00850337991488
4428,*CC(*)(C)C(=O)OCC1CCCO1,egc,6.204544901383666
4429,*Oc1cccc(OC2(F)C(*)(F)C(F)(F)C2(F)F)c1,egc,4.569076086609107
4430,*CC(*)C(=O)OCCCSCCC#N,egc,5.334713730519152
4431,*Oc1cc2c(cc1)ccc(c2)Oc1ccc(cc1)C(=Nc1ccc(cc1)N=C(c1ccc(cc1)*)c1ccccc1)c1ccccc1,tg,162.6182293507702
4432,*CCOCCOC(=O)Nc1ccc(C)c(NC(=O)O*)c1,eps,3.2218398258689294
4433,*NC(=O)c1ccc(O*)cc1,egb,3.8637003184108076
4434,*C(C*)c1c(cc(cc1)Cl)Cl,tg,113.37632722514915
4435,*NC1CCC(CC2CCC(NC(=O)CCCCCCCCC(*)=O)CC2)CC1,egc,5.94375753402723
4436,*CC1CC(*)OC(CCC)O1,egc,6.0505115759833705
4437,*ON(C(C(=C(C(*)(F)F)F)F)(F)F)C(F)(F)F,tg,-14.747910346167766
4438,*Oc1cc(ccc1)Oc1cc(ccc1)OC(=O)*,tg,41.20780498721041
4439,*CC1(*)CCCCC1,egb,7.226157377983012
4440,*c1cc2c(C(=O)N(C2=O)c2ccc(cc2)Oc2ccc(cc2)N2C(=O)c3c(C2=O)cc(cc3)C(=O)c2cc(cc(c2)C(C)(C)C)C(=O)*)cc1,tg,275.39462448503235
4441,*c1ccc(-c2ccc(*)s2)s1,egb,1.1949714177719466
4442,*c1nc2c(nc1)ccc(c2)c1ccc2c(nc(cn2)c2ccc(cc2)Oc2ccc(cc2)Oc2ccc(cc2)*)c1,tg,281.2125394195353
4443,*CC(F)(F)C(F)(F)C(F)(F)COC(=O)CCCC(=O)O*,egb,6.541432019455235
4444,*c1cc2c(C(=O)N(C2=O)c2c(cccc2)Cc2cc(ccc2)N2C(=O)c3c(C2=O)cc(cc3)C(=O)*)cc1,tg,262.02061277404374
4445,*CC(=O)c1ccc(C(*)=S)s1,eea,3.764642857870323
4446,*OC(=S)C(F)(F)C(*)(F)F,eps,3.7637020130390186
4447,*C(C*)(C(=O)OCC(=O)c1cc2c(o1)ccc(c2)Br)C,tg,136.53791265433503
4448,*Oc1ccc(C(C)(C)c2ccc(OC(=O)OCCCCOC(*)=O)cc2)cc1,egc,5.230138335682579
4449,*O[Si](c1ccc(cc1)[Si](*)(C)C)(C)C,tg,-4.828887760935677
4450,*C1C2C(C=CC2)C(C1)C=C*,tg,41.15851973205961
4451,*C(C*)c1cc(c(cc1)C)C,tg,65.09360447522062
4452,*c1cc2Oc3c(C4(c2cc1)c1ccccc1c1ccccc41)ccc(c3)OC(=O)c1ccc(cc1)C(=O)O*,tg,290.2953397268183
4453,*S(=O)(=O)c1ccc(cc1)C(=O)Nc1c(cccc1)c1ccc(cc1)NC(=O)c1ccc(cc1)*,tg,296.4201659660541
4454,*C(=O)Oc1ccc(OC(=O)N2CC(C)N(*)CC2C)cc1,egc,5.35190668892583
4455,*CNCC(=O)*,egc,4.95836247182087
4456,*N1C(=O)c2c(C1=O)cc(cc2)NC(=O)OCCOc1ccc(cc1)P(=O)(c1ccc(cc1)OCCOC(=O)Nc1cc2c(C(=O)N(C2=O)c2cc(ccc2)P(=O)(c2cc(ccc2)*)c2ccccc2)cc1)c1ccccc1,tg,226.67610733542284
4457,*Oc1cccc2c(OC(=O)Oc3ccc(OC(*)=O)cc3Cl)cccc12,egc,4.02143645473017
4458,*CC(=S)C(=O)O*,ei,6.764007136642476
4459,*c1ccc2n(c3c(c2c1)cc(cc3)C=C(C(=O)OCCCCCCOC(=O)C(=C*)C#N)C#N)CCCCCCCCCCCn1c2ccccc2c2ccccc12,tg,28.901763051352734
4460,*CCCO*,eea,0.39783061708746464
4461,*C(C*)(C(=O)OCCOc1ccc(cc1)C(=O)Oc1ccc(cc1)OCCCC)Cl,tg,118.43501962935025
4462,*c1nc(ccc1)Oc1ccc(cc1)Oc1ccc(cc1)S(=O)(=O)c1ccc(cc1)Oc1ccc(cc1)O*,tg,153.1906494336299
4463,*Oc1c(cc(cc1C)*)C(CCCCCC)C,tg,44.10551553819146
4464,*COc1ccc(-c2ccc(*)cc2)s1,eps,4.172924202414743
4465,*C(C*)c1c(cccc1)OC(=O)C,tg,98.48403510646143
4466,*CCOC(=O)c1ccc(Cc2ccc(C(=O)O*)cc2)cc1,egc,4.666292498070646
4467,*C(CC*)(C)C,tg,-26.554213236051716
4468,*CNCc1ccc(*)cc1,nc,1.7727901128270607
4469,*c1ccc(-c2cc(C(=O)OCCCCCCCCCCCC)c(*)s2)s1,egc,1.975761415960741
4470,*CCNC(=O)c1cccc(C(=O)N*)c1,egc,4.9201926219833965
4471,*c1ccc(C(CCCCCCCC)c2ccc(-n3c(=O)c4cc5c(=O)n(*)c(=O)c5cc4c3=O)cc2)cc1,egc,2.413972450524819
4472,*Oc1ccc(cc1)S(=O)(=O)c1ccc(cc1)Oc1c(cc(c(c1C)Br)C(c1c(c(c(c(c1)C)*)C)Br)(C)C)C,tg,230.53892855281555
4473,*Nc1ccc(*)cc1OCCCCS(=O)(=O)O,egc,3.3821852589092254
4474,*c1cc2c(C(=O)N(C2=O)c2ccc(cc2)Oc2ccc(cc2)C(=O)c2nc(ccc2)C(=O)c2ccc(cc2)Oc2ccc(cc2)N2C(=O)c3c(C2=O)cc(cc3)C(*)(C(F)(F)F)C(F)(F)F)cc1,tg,274.9770533562557
4475,*Nc1nc(*)nc(Cl)n1,egc,4.212435317164688
4476,*OC(=O)c1ccc(cc1)c1ccc(cc1)C(=O)OCC*,tg,111.24478755543133
4477,*CCCNC(=O)CCCCCCCCC(=O)NCCCOCCOCCO*,egc,5.9324018402992955
4478,*CC(*)C(=O)N(O)c1ccc(C)cc1,egc,4.1503437843915645
4479,*C(C*)c1ccc(cc1)C(=O)c1ccc(cc1)C,tg,138.35446394763053
4480,*c1cc2c(C(=O)N(C2=O)c2cc(ccc2)C(c2cc(ccc2)N2C(=O)c3c(C2=O)cc(cc3)C(=O)*)(c2ccccc2)C(F)(F)F)cc1,tg,329.09902659129847
4481,*c1ccc(-c2ccc(C(F)(F)C(*)(F)F)cc2)cc1,eps,4.186887484715816
4482,*N(c1ccc(cc1)c1ccc(cc1)N(c1ccc(cc1)Cc1ccc(cc1)*)c1ccc(cc1)C)c1ccc(cc1)C,tg,167.2129150569006
4483,*C(C*)OC(=O)c1cc(ccc1)OC,tg,41.26938161255641
4484,*N1C(=O)c2c(C1=O)c(ccc2)c1cc2c(C(=O)N(C2=O)c2ccc(cc2)Oc2ccc(cc2)*)cc1,tg,328.1735901306739
4485,*Nc1ccc(cc1)C(c1cc(ccc1)C(c1ccc(cc1)NC(=C(C#N)C#N)c1ccc(cc1)C(=C(C#N)C#N)*)(C)C)(C)C,tg,223.7962996957077
4486,*Cc1ccc(C(=O)O*)s1,eea,2.559678163595807
4487,*N1C(=O)c2c(C1=O)cc(cc2)c1ccc(cc1)c1cc2c(C(=O)N(C2=O)CCCCCCCCCCCC*)cc1,tg,82.13847661849341
4488,*C1COC2C1OCC2OC(=O)C(NC(=O)CCCCCCCCCCC(=O)NC(C(=O)O*)C)C,tg,55.51207149438806
4489,*OC(C*)CSC,tg,-42.201304567057576
4490,*Oc1cc(ccc1)NC(=O)CCCCC(=O)Nc1cc(ccc1)OCC(COc1ccc(cc1)C(c1ccc(cc1)OCC(C*)O)(C)C)O,tg,106.04537886462703
4491,*C=CC(C*)CC,egc,5.2961221677866295
4492,*c1nc2c(n1c1ccc(cc1)n1c(nc3c1cccc3)c1ccc(cc1)Oc1ccc(cc1)S(=O)(=O)c1ccc(cc1)Oc1ccc(cc1)*)cccc2,tg,255.6626164038883
4493,*c1cc2c(C(=O)N(C2=O)c2ccc(cc2)c2nc(nc(n2)c2ccc(cc2)N2C(=O)c3c(C2=O)cc(cc3)C(=O)*)c2ccccc2)cc1,tg,363.07817236790663
4494,*C(C*)Cl,tg,35.34782760820114
4495,*C(=O)c1ccc2c(c1)C(=O)N(c1ccc(-c3ccc(N4C(=O)c5ccc(*)cc5C4=O)c(OC)c3)cc1OC)C2=O,egc,2.7597710292907838
4496,*C(C*)(C#N)C,tg,84.6513454366357
4497,*CCCCCCCCCCOC(=O)CCCCCCC(=O)O*,egc,6.756679953954755
4498,*N1C(=O)c2c(C1=O)cc(cc2)Oc1ccc(cc1)Oc1ccc(cc1)Oc1cc2c(C(=O)N(C2=O)c2ccc(cc2)Oc2ccc(cc2)C(=O)c2cc(ccc2)C(=O)c2ccc(cc2)Oc2ccc(cc2)*)cc1,tg,216.02536055982
4499,*N1C(=O)c2c(C1=O)cc(cc2)S(=O)(=O)c1cc2c(C(=O)N(C2=O)c2c(cc(cc2)Cc2cc(c(cc2)*)C(C)(C)C)C(C)(C)C)cc1,tg,313.09206897742376
4500,*Oc1ccc(cc1)C(c1ccc(cc1)OC(=O)c1ccc(cc1)Oc1ccc(cc1)C(=O)*)(C)C,tg,153.8765937614658
4501,*C=CC1CC(*)C2C3CCC(C3)C12,egb,5.3385600911480795
4502,*C(=O)OCC(C)(C)COC(=O)N1CCN(*)CC1,egc,5.964412407403734
4503,*Oc1c(cc(cc1C)C(c1cc(c(c(c1)C)OC(=O)*)C)(C(F)(F)F)C(F)(F)F)C,tg,158.1705935607692
4504,*c1sc(cc1CCCCOC(=O)CCC)*,tg,50.89973387356282
4505,*NC(=O)CC(=O)NCCCC*,tg,41.61533853463419
4506,*c1ccc(-n2c(=O)c3ccc4c5cc6c(*)ccc6n5c(=O)c-4cc3c2=O)cc1C,egc,2.7241738430142752
4507,*S(=O)(=NP(=NP(=N*)(NCCCCCC)NCCCCCC)(NCCCCCC)NCCCCCC)NCCCCCC,tg,-78.3347016228106
4508,*Oc1ccc(cc1)CC(Cc1ccc(cc1)*)(c1ccccc1)C#N,tg,145.10538897659987
4509,*C(C*)(C(=O)OCCCN(c1ccc(cc1)N(C)C)C)C,tg,33.63364039238045
4510,*C(=O)c1ccc(C(=O)C(*)=S)s1,nc,2.091854421068542
4511,*Nc1ccc(cc1)NC(=O)c1ccc(cc1)P(=O)(c1ccc(cc1)C(=O)*)c1ccccc1,tg,243.8235249471367
4512,*C1COC2C1OCC2OC(=O)C(NC(=O)CCCCCCCC(=O)NC(C(=O)O*)C)C,tg,49.78954316538721
4513,*C1(COC1)COc1ccc(cc1)C(c1ccc(cc1)OC*)(C(F)(F)F)C(F)(F)F,tg,90.07850378830103
4514,*C(=O)C(=S)C(=O)O*,egc,1.4021754426852409
4515,*c1ccc(-c2ccc(N3C(=O)c4ccc(S(=O)(=O)c5ccc6c(c5)C(=O)N(*)C6=O)cc4C3=O)cc2C(F)(F)F)c(C(F)(F)F)c1,egc,2.78043273758774
4516,*c1ccc(S(=O)(=O)c2ccc(-n3nc(-c4ccccc4)c4ccc(Oc5ccc6c(-c7ccccc7)nn(*)c(=O)c6c5)cc4c3=O)cc2)cc1,egc,3.598269982814215
4517,*CCCCCCOC(=O)SSC(=O)O*,egc,4.363315833588177
4518,*OC(C*)COc1ccccc1,tg,35.3063629162457
4519,*C(C*)C(=O)c1ccc(cc1)C(C)(C)C,tg,83.55282279631173
4520,*OP(=O)(OCCOc1ccc(cc1)S(=O)(=O)c1ccc(cc1)OCC*)Oc1ccc(cc1)OC,tg,65.15553138336095
4521,*CNC(S1)=CC=C1C(=S)*,egc,2.5225193056732085
4522,*OC(=O)c1cc(cc(c1)OCCN(c1ccc(cc1)S(=O)(=O)CCCCCCCC)C)C(=O)OCCN(CC*)c1ccc(cc1)S(=O)(=O)C(C(C(C(C(C(C(C(F)(F)F)(F)F)(F)F)(F)F)(F)F)(F)F)(F)F)(F)F,tg,89.29954389051869
4523,*CCCCCCCCCCCCCCOC(=O)CCCCC(=O)O*,egc,6.75974246002032
4524,*c1oc(cc1)C(=O)NNC(=O)c1ccc(cc1)[Si](c1ccc(cc1)C(=O)NNC(=O)*)(c1ccccc1)c1ccccc1,tg,235.47751791956375
4525,*Oc1ccc(cc1)N1ON1c1ccc(cc1)OCCCCCCOC(=O)C(C(=O)OCCCCCC*)CCCCP(=O)(O)O,tg,15.889589539945003
4526,*C(=O)c1ccc(-c2ccc(-c3ccc(*)s3)cc2)cc1,nc,2.2342338452121644
4527,*N(CC*)C(=O)c1cc(c(c(c1)F)F)F,tg,93.39815865148387
4528,*c1oc(nn1)c1c(cc(cc1)*)OCCCCCCCCCC,tg,168.95682312971726
4529,*OCCC(=O)NCc1c(c(c(c(c1C)C)CNC(=O)CC*)C)C,tg,128.1698231205601
4530,*C1C2CC(=CC)C(C1*)C2,tg,244.25715320002487
4531,*CC(=O)Nc1ccc(*)cc1,egb,4.208120214383392
4532,*OC(=O)c1ccc(C(*)=O)cc1,eps,4.245718637672612
4533,*CCCCCCOC(=O)OCCCCCOC(=O)OCCCCCCOc1ccc(Oc2ccc(O*)cc2)cc1,egc,4.343497249037757
4534,*OC(=O)Nc1ccc(cc1)Cc1ccc(cc1)NC(=O)OCCCCCCCCCC*,tg,57.33470754978017
4535,*CC(=O)Cc1ccc(*)s1,ei,6.104328602032922
4536,*c1ccc(-c2ccc(-c3sc(-c4cc(C(=O)CCCCCCCCCCCC)c(*)s4)cc3C(=O)OCCCCCCCCCCCC)s2)s1,egc,2.0781711920658457
4537,*C(=S)C(=O)C(F)(F)C(*)(F)F,nc,1.9569345029372467
4538,*CCCCOC(=O)NC1CC1NC(=O)O*,egc,6.2154043861851385
4539,*c1cc2c(C(=O)N(C2=O)c2cc(ccc2)N2C(=O)c3c(C2=O)cc(cc3)c2ccc(cc2)c2ccc(cc2)c2ccc(cc2)c2ccc(cc2)*)cc1,tg,277.79465508549924
4540,*c1cc2c(C(=O)N(C2=O)C2C(=O)N(C(=O)C2)c2cc(ccc2)NC(=O)*)cc1,tg,145.63673698763262
4541,*Oc1ccc(N=Nc2ccc(C(*)=O)cc2)cc1C,egc,3.5319935152707234
4542,*C(=O)c1ccc(-c2ccc(-c3ccc(*)cc3)s2)cc1,eea,2.8088632577245365
4543,*N1C(=O)c2c(C1=O)cc(cc2)Oc1ccc(cc1)Oc1ccc(cc1)Oc1cc2c(C(=O)N(C2=O)c2ccc(cc2)Oc2ccc(cc2)Oc2ccc(cc2)*)cc1,tg,208.40642198381983
4544,*Oc1c(cc(c(c1)OC(=O)c1ccc(cc1)OCCC)OC(=O)CCCCCCCCCCCCCCC(=O)*)OC(=O)c1ccc(cc1)OCCC,tg,44.92600943715115
4545,*Nc1ccc(-c2ccc(C(*)=S)cc2)s1,ei,5.357984344130144
4546,*OC(=O)c1cc(ccc1)C(=O)OCC(C(C(C*)(F)F)(F)F)(F)F,tg,0.29860619938429667
4547,*CNOc1ccc(*)cc1,ei,5.8499752481931475
4548,*Oc1ccc(cc1)S(=O)(=O)c1ccc(cc1)Oc1ccc(cc1)NC(=O)c1ccc(cc1)Oc1ccc(cc1)C(c1cc(ccc1)C(c1ccc(cc1)Oc1ccc(cc1)C(=O)Nc1ccc(cc1)*)(C)C)(C)C,tg,185.74872547447828
4549,*Oc1ccc(C(C)(C)c2ccc(Oc3nc(*)nc(Cl)n3)cc2)cc1,egc,4.5070245561835245
4550,*N1C(=O)C2C(C1=O)C(Cc1ccccc21)C1C(=O)N(C(=O)C1)c1cc(cc(c1)C(=O)OCCCCC)*,tg,246.42112424421248
4551,*Oc1ccc(cc1)CC(NC(=O)CCc1ccc(cc1)OC(=O)COCCOCC(=O)*)C(=O)OCCCCCC,tg,30.95534406192423
4552,*OC(=O)NC(=O)c1cc(cc(c1)C(C)(C)C)C(=O)NC(=O)OCC(C*)(C)C,tg,103.30124746696487
4553,*Oc1c(cc(cc1)C(c1cc(c(cc1)OC(=O)*)CC)(C)C)CC,tg,117.51988706320186
4554,*CCCS(=O)(=O)CCCS(=O)(=O)CCCOC(=O)c1ccccc1C(=O)O*,egc,4.502672008878801
4555,*N1C(=O)c2c(C1=O)cc(cc2)Oc1cc2c(C(=O)N(C2=O)c2c(ccc(c2)C(c2cc(c(cc2)OCCN(c2ccc(cc2)C=CC2=CC(=C(C(=O)OC)C#N)CC(C2)(C)C)c2ccccc2)*)(C(F)(F)F)C(F)(F)F)OCCN(c2ccc(cc2)C=CC2=CC(=C(C(=O)OC)C#N)CC(C2)(C)C)C)cc1,tg,197.81205548499202
4556,*Nc1ccc(cc1)C(c1ccc(cc1)NC(=O)c1cc(cc(c1)NC(=O)c1ccccc1)C(=O)*)(C)C,tg,333.1615906243522
4557,*Oc1ccc(CC(NC(=O)CCc2ccc(OC(=O)CCC(*)=O)cc2)C(=O)OC(C)CC)cc1,egc,4.95569194146764
4558,*NNC(=O)c1ccc(C(=O)NNC(=O)CCCCC(*)=O)cc1,egc,4.415866472353309
4559,*Oc1c(cc(cc1OC)C=C1C(=O)C(=Cc2cc(c(c(c2)OC)OCCCCCCCCCC*)OC)CCC1)OC,tg,54.311057067766974
4560,*C(=S)CC(F)(F)C(*)(F)F,ei,6.613164385551387
4561,*Nc1ccc(C(=S)c2ccc(*)cc2)s1,ei,5.492655569809741
4562,*Oc1ccc(cc1)S(=O)(=O)c1ccc(cc1)Oc1ccc(cc1)C(c1ccc(cc1)*)(C(F)(F)F)C(F)(F)F,tg,173.13029509026546
4563,*NC(=O)CCCCCCCCCCCCCCCCCCC(=O)NCCCCCCCCCCC*,tg,41.718337470409494
4564,*c1cc2c(C(=O)N(C2=O)c2cc(c(cc2)c2c(cc(cc2)N2C(=O)c3c(C2=O)cc(cc3)C(=O)Oc2c(cc(cc2C)C(c2cc(c(c(c2)C)OC(=O)*)C)(C)C)C)C)C)cc1,tg,228.595597509285
4565,*NC(=S)NCCCCC*,tg,67.70350591627175
4566,*N1C(=O)c2c(C1=O)cc(cc2)Oc1c(cccc1)Oc1cc2c(C(=O)N(C2=O)c2cc(c(cc2)Oc2ccc(cc2)c2ccc(cc2)Oc2c(cc(cc2)*)C(F)(F)F)C(F)(F)F)cc1,tg,227.28939238309664
4567,*c1c(nc2c(n1)cc(cc2)Oc1cc2c(nc(c(n2)c2ccc(cc2)N2C(=O)c3c(C2=O)cc(cc3)C(=O)c2cc3c(C(=O)N(C3=O)c3ccc(cc3)*)cc2)c2ccccc2)cc1)c1ccccc1,tg,255.84644632062077
4568,*Oc1ccc(cc1)C(=O)c1cc(ccc1)*,tg,117.8172949837686
4569,*CCCCCCNC(=O)CCC(C)(C)c1ccc(C(C)(C)CCC(=O)N*)cc1,egc,5.364952789402967
4570,*Oc1ccc(cc1)NC(=O)c1cc(cc(c1)C(C(C(C(C(C(C(C(F)(F)F)(F)F)(F)F)(F)F)(F)F)(F)F)(F)F)(F)F)C(=O)Nc1ccc(cc1)*,tg,281.29370114343055
4571,*c1nc2c(nc1)cc(cc2)Oc1cc2c(nc(cn2)c2ccc(cc2)Oc2ccc(cc2)*)cc1,tg,236.175984832943
4572,*CC(CC)(C(=O)O*)c1ccccc1,egc,5.293919497318086
4573,*c1cc(CCCCCCCC)c(*)[nH]1,egc,2.7940186499826916
4574,*NOC(F)(F)C(*)(F)F,eea,2.2970277620867945
4575,*CC(=O)CO*,egc,5.384553733048149
4576,*Oc1c(cc(cc1)C(=O)c1cc(ccc1)C(=O)c1cc(c(cc1)*)C(C)C)C,tg,136.12073884734468
4577,*c1nc2c(cc1)cc(cc2)C(=O)c1ccc(cc1)Oc1c(cc(cc1C)c1cc(c(c(c1)C)Oc1ccc(cc1)C(=O)*)C)C,tg,208.64123123923332
4578,*Oc1ccc(cc1)Oc1ccc(cc1)C=NCCCCCCCCCCN=Cc1ccc(cc1)*,tg,87.12355244682418
4579,*OC(=O)c1cc(cc(c1)OCCCCCCOc1ccc(cc1)c1ccc(cc1)OC)C(=O)OCCOCCOCCOCCOCCOCC*,tg,33.01524245365139
4580,*CCON*,eea,0.3198439421798191
4581,*c1nc2c(c(c1)c1ccccc1)cc(cc2)C1(c2ccccc2c2ccccc12)c1cc2c(nc(cc2c2ccccc2)c2ccc(cc2)c2ccc(cc2)*)cc1,tg,336.9925385834682
4582,*c1nc(nc(c1F)OCC(C(C(CO*)(F)F)(F)F)(F)F)F,tg,43.95809906964843
4583,*C=C(*)c1ccccc1,egc,1.2520123504884895
4584,*c1cc2c(C(=O)N(C2=O)c2ccc(cc2)N(C(=O)c2ccc(cc2)N2C(=O)c3c(C2=O)cc(cc3)C(=O)*)C)cc1,tg,292.0135061164255
4585,*Oc1ccc(cc1)CC(NC(=O)Cc1ccc(cc1)OC(=O)CCCCC(=O)*)C(=O)OCCCCCC,tg,37.46929641516386
4586,*CC(*)C(=O)NCCO,egb,5.852350905521663
4587,*C(=O)C(F)(F)C(=O)C(*)(F)F,eea,4.158599238273906
4588,*Nc1ccc(C(=O)C(*)=S)s1,egb,1.2247132156116003
4589,*CC(S1)=CC=C1OC(S2)=CC=C2*,egc,4.672302812631534
4590,*c1ccc2[nH]c3ccc(*)cc3c2c1,egc,3.3030808955241535
4591,*Oc1ccc(cc1)CC(NC(=O)CCc1ccc(cc1)OC(=O)COCC(=O)*)C(=O)OCC(C)C,tg,67.34645406036634
4592,*C=CC(C)C(*)C,egc,5.414207608997007
4593,*NC(=O)c1c(cc(cc1)C(=O)NCCCCCC*)Oc1ccc(cc1)Br,tg,124.82386562623755
4594,*OC(=O)COCC*,tg,8.708645558510554
4595,*C=C1CCCC(=Cc2ccc(*)cc2)C1=O,egc,2.609206750275851
4596,*NC(=O)CCP(=S)(CCC(=O)NCCCCCC*)c1ccccc1,tg,32.19745809794391
4597,*Oc1ccc(cc1)C(c1ccc(cc1)OC(=O)Sc1ccc(cc1)C(c1ccc(cc1)SC(=O)*)(C)C)(C)C,tg,156.56124508872603
4598,*c1ccc(*)cc1,eps,5.014137079202851
4599,*OC(=O)C(C(=O)OCCOCC*)CCC,tg,-39.56780310726328
4600,*OC(=O)c1cc(cc(c1)C(C)(C)C)C(=O)OCC*,tg,73.68536536378097
4601,*CNC(=O)NCOCO*,ei,6.659643676430592
4602,*OC1C=CC(*)CC1,egc,5.489627308304251
4603,*NC(=O)c1ccc(C(*)=O)s1,eps,5.316670083667315
4604,*N1C(=O)c2c(C1=O)cc(cc2)C(=O)Oc1c(cc(cc1)OC(=O)CCCCCC*)C,tg,49.5514043631665
4605,*Sc1ccc(*)cc1,eea,2.1855285500689323
4606,*C(C*)CNc1c(cc(cc1)[N+](=O)[O-])C,tg,140.7289991167822
4607,*SC(=O)N(CCC*)Cc1ccccc1,tg,25.453027049723886
4608,*Oc1ccc(C2(c3ccc(Oc4nc(*)nc(OC)n4)cc3)CCCCC2)cc1,egc,4.947914883599032
4609,*Oc1c(cc(cc1)Oc1ccc(cc1)C(=O)Nc1ccc(cc1)Cc1ccc(cc1)NC(=O)c1ccc(cc1)*)c1ccccc1,tg,222.06227163864128
4610,*S(=O)(=O)C1C(CCCC1)*,tg,70.03707843966804
4611,*c1c(cc(c(c1)OC)C=Cc1c(cc(c(c1)OC)C=C*)OCC(CCCC)CC)OC,tg,117.60329733121735
4612,*C(=S)C(F)(F)CC(*)(F)F,egb,2.5950386987361815
4613,*O[Si](*)(CCC)CCC,tg,-65.8573792200812
4614,*NC(=O)NCc1ccc(cc1)CNC(=O)NCCCCCCCCCC*,tg,70.86808537329101
4615,*O[Si](CCC(C(CC[Si](*)(CCC(F)(F)F)C)(F)F)(F)F)(CCC(F)(F)F)C,tg,-51.98068169882744
4616,*C(=O)OCCOC(=O)c1ccc(*)o1,egc,4.48627184167318
4617,*OC(=O)c1cccc(C(=O)OC2CC3CC(*)CC(C2)O3)c1,egc,4.967930531191187
4618,*c1ccc(*)c(O)c1,egc,4.28501354215496
4619,*CC(*)(C#N)C(=O)OCC,egb,6.03209821294185
4620,*CC1CCC(COC(=O)CCCC(=O)O*)CC1,egc,6.827434589112818
4621,*Oc1c(cc(cc1)OC(=O)c1ccc(cc1)OCCCCCCOc1ccc(cc1)C(=O)*)N=Nc1ccc(cc1)C#N,tg,73.8887157570262
4622,*CC(=O)C(S1)=CC=C1O*,egc,3.8487760408365514
4623,*CCCC(C)O[Si](C)(C)O*,egc,6.484976252169428
4624,*C=C(*)c1cccc(Cl)c1,egc,0.5856267861309468
4625,*C(C*)(C(=O)OCCOC(=O)c1cc(cc(c1)[N+](=O)[O-])[N+](=O)[O-])C,tg,102.848682382264
4626,*c1nc(nc(c1c1ccc(cc1)OC)OCCOC(=O)CCCC(=O)OCCO*)c1ccc(cc1)OCCCC,tg,56.020116530861515
4627,*CCC(=O)OCCCC=CCCCOC(=O)CCC1NC(=O)C(*)NC1=O,egc,5.403625546273059
4628,*OC(CCCCCCC=C)CC(*)=O,egc,5.520077260274857
4629,*OP(=O)(N=Nc1ccc(cc1)C(=O)c1ccc(cc1)N=NP(=O)(OCc1ccc(cc1)C*)OC)OC,tg,51.644015057183985
4630,*OC(C)CCOC(=O)CCCCSCCCCC(*)=O,egc,5.405055384709062
4631,*C(C(*)(F)F)(OC(C(F)(F)F)(F)F)F,tg,-22.209142076125094
4632,*OC(C)COC(=O)CCCCCC(*)=O,egc,6.811698778735128
4633,*Oc1cc(c(cc1)S(=O)(=O)c1c(cc(cc1)Oc1ccc(cc1)c1ccc(cc1)*)N)N,tg,237.3596805114121
4634,*CCCCCCCCCNC(=O)N*,egc,5.7675339230274405
4635,*CCCCC(Cl)(Cl)C(=O)N*,egc,5.878863268530097
4636,*c1cc(ccc1)C(C(C(*)(F)F)(F)F)(F)F,tg,18.64926724409613
4637,*OC1CCC(OC(=O)OCCCCCCOC(*)=O)CC1,egc,7.081534860357071
4638,*c1ccc2c3n(c4ccc(cc4n3)c3cc4n5c(nc4cc3)c3cccc4c(ccc(c5=O)c34)Oc3ccc(cc3)C3(c4ccccc4C(=O)c4ccccc34)c3ccc(cc3)O*)c(=O)c3cccc1c23,tg,432.98011932418945
4639,*c1cc2c(C(=O)N(C2=O)c2ccc(cc2)c2sc(c(c2c2ccccc2)c2ccccc2)c2ccc(cc2)N2C(=O)c3c(C2=O)cc(cc3)C(=O)Nc2ccc(cc2)Oc2ccc(cc2)C(c2ccc(cc2)Oc2ccc(cc2)NC(=O)*)(C)C)cc1,tg,274.0648645364042
4640,*Nc1ccc(Nc2ccc(*)s2)s1,nc,2.160071888733667
4641,*Oc1ccc(cc1)C(=O)c1cc(ccc1)NC(=O)c1ccc(cc1)C(=O)Nc1cc(ccc1)C(=O)c1ccc(cc1)*,tg,155.50474567727795
4642,*Oc1cc(ccc1)Oc1ccc(cc1)C(=O)c1ccc(cc1)NC(=O)CCCCCCCCC(=O)Nc1ccc(cc1)C(=O)c1ccc(cc1)*,tg,139.43741048395958
4643,*OC(=O)c1ccc(cc1)c1ccc(cc1)C(=O)OCCCCC*,tg,50.677926750324886
4644,*N=C(NCCCCCCCCCC*)c1ccccc1,tg,7.180796723382059
4645,*CNCO*,egc,5.824161263055619
4646,*Oc1ccc(cc1)OC(=O)c1c(cc(c(c1)OCCCCCCCCCCOCC1N(CCC1)c1ccc(cc1)[N+](=O)[O-])C(=O)*)OCCCCCCCCCCOCC1N(CCC1)c1ccc(cc1)[N+](=O)[O-],tg,44.92860177648128
4647,*c1sc(cc1SCCCCCC)*,tg,81.57438833080509
4648,*C(C*)(C(=O)NC(=O)Oc1c(cc(cc1Br)S(=O)(=O)c1cc(c(c(c1)Br)O)Br)Br)C,tg,150.61979988401004
4649,*NC(=O)c1ccc(cc1)Cc1ccc(cc1)C(=O)NCCCCCCCCCC*,tg,124.77230606075993
4650,*OS(=O)(=O)c1cc(ccc1)C(=O)Oc1ccc(cc1)C(c1ccc(cc1)*)(C)C,tg,116.80531039239722
4651,*C(C*)(C(=O)OCCCCCCCCCCOc1ccc(cc1)N=Nc1ccc(cc1)F)C,tg,45.386164564091246
4652,*Oc1ccc(C(C)(C)c2ccc(OC(*)=O)c(Cl)c2)cc1C,egc,4.484400590573893
4653,*c1nc(nc(n1)c1ccc(cc1)Oc1cc2c(cc1)ccc(c2)Oc1ccc(cc1)*)c1ccccc1,tg,259.3898224680889
4654,*OC(=O)c1cc(ccc1)C(=O)OCCCCCCCC*,tg,4.271098611548089
4655,*CC(C)(COC(=O)O*)C(=O)OCc1ccccc1,egc,6.368776489156898
4656,*Nc1ccc(-c2ccc(NC(=O)c3cccc(C(*)=O)c3)c(S)c2)cc1S,egc,3.4341133627236715
4657,*c1cccc(-c2nc3cc(-c4ccc5nc(*)c(-c6ccccc6)nc5c4)ccc3nc2-c2ccccc2)c1,egc,3.1151452375146986
4658,*CC(C#N)(C#N)C(C#N)C(C#N)(C#N)*,egc,6.442392278818662
4659,*OC(=O)Nc1cc(c(cc1)C)NC(=O)OCC*,tg,73.44573171433309
4660,*C(=S)C(=O)C(F)(F)C(*)(F)F,egb,1.7584352928693687
4661,*C(=O)c1ccc(OC(*)=S)cc1,egb,2.544564991977528
4662,*Nc1ccc(NO*)cc1,egb,3.625232396952384
4663,*N1C(=O)c2c(C1=O)cc(cc2)C(c1cc2c(C(=O)N(C2=O)CCCCCCCCCC*)cc1)(C(F)(F)F)C(F)(F)F,tg,108.96287404029158
4664,*CCCCCCNC(=O)CCCCCCCCCCC(=O)N*,egc,5.837165357684837
4665,*N1C(=O)c2c(C1=O)cc(cc2)Oc1cc2c(C(=O)N(C2=O)c2ccc(cc2)Sc2cc3c(C(=O)N(C3=O)CCCCCCCCCCCCCCCC)cc2Sc2ccc(cc2)*)cc1,tg,121.41985574133767
4666,*c1cc2c(C(=O)N(C2=O)c2ccc(cc2)Cc2ccc(cc2)N2C(=O)c3c(C2=O)cc(cc3)C(=O)Oc2c(cc(cc2)OC(=O)*)C(C)(C)C)cc1,tg,254.9977121553107
4667,*c1ccc(C(=O)C(F)(F)C(*)(F)F)s1,nc,1.8102184914796202
4668,*NC1CC(CC(C1)(CNC(=O)CCCCC(=O)*)C)(C)C,tg,137.81374602290165
4669,*c1c(nnc(n1)c1nc(ccc1)c1nc(c(nn1)c1ccccc1)c1ccc(cc1)*)c1ccccc1,tg,288.79616658742447
4670,*[Si](C(CC*)c1ccccc1)(C)C,tg,31.492585982810443
4671,*NC(=O)OC(*)=S,nc,2.0670932471716275
4672,*CONO*,eea,0.49870114500492957
4673,*C(C*)OC(=O)c1ccc(cc1)CC,tg,82.43442333944418
4674,*C1(c2c(NC1=O)c(cc(c2)Cl)Cl)c1ccc(cc1)OC(=O)c1cc(ccc1)C(=O)Oc1ccc(cc1)*,tg,277.84003665181893
4675,*Oc1ccc(C(F)(F)C(*)(F)F)s1,nc,1.8044880824650649
4676,*c1sc(cc1)Oc1ccc(cc1)C(c1ccc(cc1)Oc1ccc(cc1)C(=O)*)(C)C,tg,130.6357476748974
4677,*Oc1ccc(cc1)C(=O)OC(=O)c1ccc(cc1)OCCCCC*,tg,43.81944509299953
4678,*C(=O)c1ccc(-c2ccc(-c3ccc(*)s3)cc2)s1,ei,5.652237378478064
4679,*C(C*)c1c(ccc(c1)C(=O)Oc1ccc(cc1)OCCCCCCCCCCCCCCCC)C(=O)Oc1ccc(cc1)OCCCCCCCCCCCCCCCC,tg,95.73310600507222
4680,*Sc1ccc(*)cc1,eps,4.221641720987299
4681,*C1=C2OCCOC2=C(c2ccc(-c3ccc(*)s3)s2)S1(=O)=O,egc,1.9496879561176452
4682,*C1C(=O)N(C(=O)C1*)c1c(cccc1)C(=O)OCC,tg,209.1991753244877
4683,*Oc1cc(ccc1)OC(=O)c1ccc(cc1)C(c1ccc(cc1)C(=O)*)(C)C,tg,142.27212964580664
4684,*Oc1ccc(cc1)N=CCCCC=Nc1ccc(cc1)OC(=O)Nc1ccc(cc1)Cc1ccc(cc1)NC(=O)*,tg,111.31258445479398
4685,*N1C(=O)c2c(C1=O)cc(cc2)Oc1c(cc(cc1C)Cc1cc(c(c(c1)C)Oc1cc2c(C(=O)N(C2=O)c2ccc(cc2)Oc2ccc(cc2)c2ccc(cc2)Oc2ccc(cc2)*)cc1)C)C,tg,250.97497792025555
4686,*CC(=O)OC(=S)*,egc,4.261043418194897
4687,*c1cncc(c1)C(=O)Nc1cc(cc(c1)c1oc(nn1)c1ncccc1)NC(=O)*,tg,269.3129227420002
4688,*c1nc2c(c(c1)c1ccccc1)cc(cc2)C1(c2ccccc2C(=O)c2ccccc12)c1cc2c(nc(cc2c2ccccc2)c2ccc(cc2)Oc2ccc(cc2)*)cc1,tg,317.8011177960076
4689,*C(C*)c1c(cc(cc1)Cl)C,tg,98.36976682986032
4690,*CC(C)C(=O)O*,egb,6.451021257198912
4691,*CCCCCCOC(=O)CCC(C)CC(=O)O*,egc,6.779573080464155
4692,*CCCCCOC(=O)c1ccc(C(=O)NCCCCCCNC(=O)c2ccc(C(=O)O*)cc2)cc1,egc,4.417496117660494
4693,*Oc1ccc(cc1)N=CCCCC=Nc1ccc(cc1)OC(=O)NC1CC(CC(C1)(CNC(=O)*)C)(C)C,tg,86.85694022949944
4694,*C(=O)c1ccc(Oc2ccc(*)s2)cc1,eps,4.78457883755242
4695,*c1ccc2c3n(c4ccc(cc4n3)c3cc4n5c(nc4cc3)c3cccc4c(ccc(c5=O)c34)Oc3ccc(cc3)C(=O)c3ccc(cc3)O*)c(=O)c3cccc1c23,tg,382.27907025052036
4696,*CCN(*)C(=O)c1c(F)cc(F)cc1F,egc,5.085786846890523
4697,*CC(=O)c1ccc(-c2ccc(*)cc2)s1,eea,2.7228818796277796
4698,*CCOC(=O)Nc1ccc(C(C)(C)c2ccc(NC(=O)O*)cc2)cc1,egc,4.867662485120568
4699,*c1ccc(Oc2ccc(C(c3ccc(Oc4ccc(-c5nnc(*)n5-c5ccc(C)cc5)cc4)cc3)(C(F)(F)F)C(F)(F)F)cc2)cc1,egc,4.532145230398331
4700,*OC(=O)c1cc2c(cc1)ccc(c2)C(=O)OCC*,tg,133.4416941148498
4701,*CC(C)(CCCC)C(=O)N*,egc,5.820232765271034
4702,*CC(=O)C(=S)O*,nc,1.9942741512767488
4703,*NC(=O)c1ccc(C(*)=S)cc1,eea,3.066187367486522
4704,*Oc1ccc(OC2(F)C(*)(F)C(F)(F)C2(F)F)cc1,egc,4.7290898503486725
4705,*c1cc2c(C(=O)N(C2=O)c2ccc(cc2)C(=O)Nc2ccc(cc2)Oc2ccc(cc2)Oc2ccc(cc2)NC(=O)c2ccc(cc2)N2C(=O)c3c(C2=O)cc(cc3)C(*)(C(F)(F)F)C(F)(F)F)cc1,tg,309.2763897575744
4706,*CC(C=C1)=CC=C1NC(=S)*,egc,3.8461161516813522
4707,*c1ccc(-c2ccc(-c3ccc(-c4ccc(*)s4)s3)cc2)cc1,ei,4.82792917202235
4708,*c1ccc(C(c2ccc(N3C(=O)c4ccc(-c5ccc6c(c5)C(=O)N(*)C6=O)cc4C3=O)cc2)(C(F)(F)F)C(F)(F)F)cc1,egc,3.0784522486430457
4709,*Oc1c(cc(cc1)C=C1C(=O)C(=Cc2cc(c(cc2)OCCCCCC*)OC)CCC1)OC,tg,77.4343716925049
4710,*N1C(=O)c2c(C1=O)cc(cc2)c1cc2c(C(=O)N(C2=O)c2cc(ccc2)OCCCCCOc2cc(ccc2)*)cc1,tg,162.66057644422492
4711,*CCCCOC(=O)NCCCCCCNC(=O)O*,egc,6.348168279722013
4712,*Oc1ccc(cc1)C1(c2ccccc2c2ccccc12)c1ccc(cc1)Oc1ccc(cc1)C(=O)C(=O)c1ccc(cc1)*,tg,216.45898325331729
4713,*Nc1cc(Cl)c(*)cc1Cl,egc,3.957072024053306
4714,*CCCCCCCCCCCCNC(=O)C(OC)C(OC)C(=O)N*,egc,5.680479972466029
4715,*c1cc2C(c3c(c2cc1)ccc(c3)*)(CCCCCC)CCCCCC,tg,80.10777572590507
4716,*C(C(*)(F)F)(C(F)(F)F)F,tg,64.89098271494676
4717,*CCOC(=O)c1ccc(C(=O)O*)cc1,ei,7.061463966002757
4718,*CC(*)(CC(=O)O)C(=O)O,egc,6.317967390270437
4719,*Oc1ccc(cc1)C(c1ccc(cc1)Oc1ccc(cc1)C(=O)c1ccc(cc1)P(=O)(c1ccc(cc1)C(=O)c1ccc(cc1)*)c1ccccc1)(C)C,tg,228.98679576264783
4720,*OC(COC(=O)C12CC3(CC(CC(C1)C3)C2)C(=O)*)COc1ccc(cc1)N=Nc1ccc(cc1)C#N,tg,159.8267532562173
4721,*Cc1ccc(OC(*)=S)cc1,ei,6.15906991028423
4722,*CCNc1ccc(*)s1,eps,3.565033361812584
4723,*CCCCCC(*)CCCCCCCCCCCCCC,egc,6.415568113671149
4724,*C(C*)(C(=O)OCc1c(ccc(c1)F)F)C,tg,48.407918370702966
4725,*Oc1ccc(cc1)P(=O)(c1ccc(cc1)*)C,tg,228.3470462673411
4726,*c1ccc(C(F)(F)c2ccc(C(*)(F)F)cc2)s1,egb,3.0762120254288945
4727,*c1cc2c(C(=O)N(C2=O)c2c3c(ccc2)c(ccc3)Oc2ccc(cc2)N2C(=O)c3c(C2=O)cc(cc3)C(=O)Nc2c3c(ccc2)c(ccc3)NC(=O)*)cc1,tg,305.1673125276256
4728,*Oc1c(cc(cc1C)c1cc(c(c(c1)C)Oc1ccc(cc1)C(=O)c1cc2c(cc1)cc(cc2)C(=O)c1ccc(cc1)*)C)C,tg,232.0986754327101
4729,*Cc1ccc(Nc2ccc(*)cc2)cc1,eps,4.023495807979541
4730,*Oc1ccc(cc1)C(c1cc(ccc1)C(c1ccc(cc1)Oc1ccc(cc1)C(=O)Nc1ccc(cc1)NC(=O)c1ccc(cc1)*)(C)C)(C)C,tg,173.11751207449268
4731,*C(C*)c1ccc(cc1)[Si](O)(C)C,tg,97.99544402316236
4732,*O[Sn](OC(=O)CCCCC(=O)*)(CCCC)CCCC,tg,11.094643684635285
4733,*C(=S)Oc1ccc(-c2ccc(*)s2)s1,ei,5.915811281416307
4734,*CCCCCCCCCCCCc1nnc(*)o1,egc,6.319484541230074
4735,*NC1CCC(CC(C)(C)NC(=O)CCCCC(*)=O)CC1,egc,5.580600428144218
4736,*C(=S)C(=O)CCNc1ccc(C(=S)c2ccc(*)cc2)cc1,eea,3.3999876379236738
4737,*C(C*)(C(=O)OCc1c(cccc1)Cl)C,tg,47.08747627503508
4738,*NC(C(=O)*)CCC(=O)OCCC,tg,-35.58590626769718
4739,*C(C(*)c1ccc(cc1)N(C)C)c1ccc(cc1)[N+](=O)[O-],tg,133.75084263386367
4740,*c1nc2c(nc1)cc(cc2)c1ccc2c(nc(cn2)c2ccc(cc2)Oc2ccc(cc2)*)c1,tg,265.1375534492415
4741,*CCS(=O)(=O)CCN1CCN(*)CC1,egc,4.977262530490142
4742,*C1C(CC(C1)C=C*)[Si](C[Si](C)(C)C)(C)C,tg,132.11798591136088
4743,*CC(C)(CC)C(=O)N*,egc,5.529756406896514
4744,*Nc1cc(ccc1)NC(=O)c1ccc(cc1)C(=O)*,tg,282.97748473810026
4745,*c1oc(cc1)C(c1oc(cc1)CNC(=O)OCc1oc(cc1)COCc1oc(cc1)COC(=O)NC*)(C)C,tg,53.7494010714257
4746,*CC(*)c1cc(Br)ccc1OC(C)C,egc,2.9385196267594798
4747,*NC(=S)c1ccc(O*)s1,eea,2.9931475918265185
4748,*c1ccc(Oc2ccc(-c3cnc4ccc(-c5ccc6ncc(*)nc6c5)cc4n3)cc2)cc1,egc,3.178450467359431
4749,*CCCCCCCCCC#CC#CCCCCCCCCCOC(=O)CCC(=O)O*,egc,5.485767669330769
4750,*Cc1ccc(-c2ccc(C(*)=S)cc2)cc1,ei,5.678965971574728
4751,*Oc1ccc(Cc2ccc(OC(=O)c3cccc(C(*)=O)c3)cc2)cc1,egc,4.405898397618346
4752,*C(C*)c1c(cccc1)C(=O)OCCC,tg,111.52098479330405
4753,*OC(=O)c1cc(ccc1)C(=O)OCCN(CC*)c1ccc(cc1)N=Nc1ccc(cc1)c1nc2c(n1CC)cc(cc2)[N+](=O)[O-],tg,169.8112141364453
4754,*Oc1c(cc(cc1)OC(=O)c1cc(ccc1)Sc1ccc(cc1)OC(=O)c1ccc(cc1)C(=O)Oc1ccc(cc1)Sc1cc(ccc1)C(=O)*)c1ccccc1,tg,127.5862878900496
4755,*c1ccc(NC(F)(F)C(*)(F)F)s1,eps,4.11035640098155
4756,*Oc1ccc(-c2ccc(-c3ccc(*)cc3)cc2)cc1,nc,1.9299935114894349
4757,*CNCC(=S)*,egc,3.50167634998549
4758,*Oc1ccc(cc1)CC(NC(=O)CCc1ccc(cc1)OC(=O)COCC(=O)*)C(=O)OC,tg,81.9647060012385
4759,*C(C*)(C(=O)OCC(C1CC(C1)(c1ccccc1)C)O)C,tg,127.19137086084731
4760,C13C(C=*)OC(C=*)C1C(=O)N(C2=CC=CC=C2)C3=O,egc,4.960600426472042
4761,*c1ccc(C#Cc2cc(OCCCCCCCC)c(C#Cc3ccc(-c4nnc(*)o4)cc3)cc2OCCCCCCCC)cc1,egc,2.6141799205401273
4762,*Oc1ccc(cc1)C(=Nc1ccc(cc1)N=C(c1ccc(cc1)Oc1ccc(cc1)C(c1ccc(cc1)*)(c1ccccc1)c1ccccc1)C)C,tg,176.99078101618156
4763,*Nc1c(cc(cc1)NC(=O)c1ccc(cc1)NC(=O)CCCCCCCCCCCCC(=O)Nc1ccc(cc1)C(=O)*)C(=O)OCCCCCCCCCCCC,tg,224.829948001093
4764,*c1ccc(C(=O)Oc2ccc(-n3c(=O)c4cc5c(=O)n(*)c(=O)c5cc4c3=O)cc2)cc1,egc,2.2597729112719938
4765,*c1oc(nn1)c1ccc(cc1)C1(c2c(C(=O)O1)cccc2)c1ccc(cc1)*,tg,337.5040570222017
4766,*OC(=O)c1cc(ccc1)C(C(C(c1cc(ccc1)C(=O)OCC(C(C(C*)(F)F)(F)F)(F)F)(F)F)(F)F)(F)F,tg,4.10268827939096
4767,*C=CCC(C*)c1ccccc1,tg,-32.86583522062831
4768,*C(C*)OCCCCCCCOc1ccc(cc1)c1ccc(cc1)C#N,tg,46.83159041899016
4769,*C(C*)CCCCCCCCCC,tg,-29.84022531982502
4770,*OC(COC(=O)*)COc1ccccc1,tg,35.22220510868417
4771,*Oc1ccc(cc1)C(c1ccc(cc1)OCC(COC(=O)CCCCCCC(=O)OCC(C*)O)O)(C)C,tg,31.915481212995626
4772,*Oc1ccc(NC(=O)Nc2ccc(Cc3ccc(NC(*)=O)cc3)cc2)cc1C,egc,4.263091301800682
4773,*Oc1cccc2c(OC(=O)Oc3ccc(OC(*)=O)cc3)cccc12,egc,4.25656485311964
4774,*Oc1ccc(cc1)Oc1ccc(cc1)Oc1ccc(cc1)C(=O)c1ccc(cc1)*,tg,149.93957652655837
4775,*CNC(=S)O*,eea,1.8686324549480238
4776,*C=Cc1cc(CCCCCCCCCC)c(C=Cc2ccc(*)cc2)cc1CCCCCCCCCC,egc,2.737282664228259
4777,*Nc1cc(ccc1)NC(=O)CCCCC(=O)Nc1cc(ccc1)NC(=S)NC(=O)CCCCCCCCC(=O)NC(=S)*,tg,186.70380611485297
4778,*Nc1ccc(NC(*)=S)s1,ei,5.175861165596302
4779,*Oc1ccc(cc1)OC(=O)c1ccc(cc1)OCC(COC(=O)CCCCCCCCC(=O)OCC(C*)O)O,tg,26.504772051622297
4780,*C#CC(CO)=C(*)n1c2ccccc2c2ccccc21,egc,1.4250632251996396
4781,*C(C*)C(=O)OCCCCOc1ccc(cc1)N=Nc1ccc(cc1)[N+](=O)[O-],tg,70.9492322665476
4782,*c1ccc(C(C#N)(C#N)C(*)(C#N)C#N)cc1,egc,4.495331606887554
4783,*CC(=O)c1ccc(O*)cc1,eps,4.027014228733026
4784,*C(=O)c1ccc2c(c1)C(=O)N(c1cccc(Nc3nc(Nc4cccc(N5C(=O)c6ccc(*)cc6C5=O)c4)nc(-c4ccccc4)n3)c1)C2=O,egc,2.6536420165702195
4785,*[Si](CCC*)(c1ccc(cc1)N(C)C)c1ccccc1,tg,27.72802514804404
4786,*Oc1c(cc(cc1OC)/C=C/c1ccc(cc1)/C=C/c1cc(c(c(c1)OC)OCCCCCCCCCCCC*)OC)OC,tg,65.2269617775569
4787,*CCOCCOCCOC(=O)C(=O)O*,egc,5.612076512795765
4788,*C(F)(F)C(C=C1)=CC=C1C(F)(F)C(S2)=CC=C2*,egc,3.4220905145537213
4789,*NC(=S)C(C=C1)=CC=C1O*,egc,3.2107435402244016
4790,*N1C(=O)c2c(C1=O)cc(cc2)c1ccc(cc1)c1cc2c(C(=O)N(C2=O)CCCCCCCC*)cc1,tg,115.5754212802676
4791,*NNC(=O)C=CC(=O)Nc1cc(ccc1)C=C1C(=O)C(=Cc2cc(ccc2)NC(=O)C=CC(=O)*)CC1,tg,194.64569196746933
4792,*Nc1ccc(NC(=O)CCCCCCC(*)=O)cc1,egc,4.451278075825569
4793,*Oc1ccc(cc1)C=CC(=O)c1ccc(cc1)Oc1ccc(cc1)C(c1ccc(cc1)*)(C)C,tg,141.72927620023023
4794,*NC(=O)CCCCCCCC(=O)NCC(CCC*)(C)C,tg,58.82092062280545
4795,*N1C(=O)c2c(C1=O)cc(cc2)Oc1cc2c(C(=O)N(C2=O)c2cc(ccc2)Oc2cc(ccc2)*)cc1,tg,223.8817896203614
4796,*C(=O)Nc1cccc(NC(=O)c2ccc3[nH]c(-c4ccc(-c5nc6cc(*)ccc6[nH]5)cc4)nc3c2)c1,egc,2.957656451167119
4797,*Oc1c(cc(cc1)C(c1cc(c(cc1)OC(=O)*)Cl)(C)C)Cl,tg,144.03784108465527
4798,*CCCCCCCCCCCCNC(=O)CCCCCCCCCCC(=O)N*,egc,5.88822812529482
4799,*Cc1ccc(CC(*)=S)s1,eps,3.6764617473435073
4800,*c1cc2c(C(=O)N(C2=O)c2c(cc(c(c2)N2C(=O)c3c(C2=O)cc(cc3)C(=O)*)C)C)cc1,tg,340.93744200623934
4801,*Oc1ccc2cc(C(*)=O)ccc2c1-c1ccccc1,egc,3.487337451363745
4802,*c1ccc(C(C#N)(C(=O)OC)C(*)(C#N)C(=O)OC)cc1,egc,4.573544250110705
4803,*N1C(=O)c2c(C1=O)cc(cc2)NC(=O)Nc1ccc(cc1)NC(=O)Nc1cc2c(C(=O)N(C2=O)c2ccc(cc2)c2nc(cc(c2)c2ccc(cc2)c2ccccc2)c2ccc(cc2)*)cc1,tg,258.38349245040115
4804,*Nc1ccc(C(=O)C(*)=S)cc1,egb,1.645029269671917
4805,*N1C(=O)c2c(C1=O)cc(cc2)Oc1cc2c(cc1Oc1cc3c(C(=O)N(C3=O)c3ccc(cc3)C(c3ccc(cc3)*)(C(F)(F)F)C(F)(F)F)cc1)cccc2,tg,241.97252144910644
4806,*CC(*)c1cccs1,egc,4.045823333717226
4807,*c1ccc(-n2c(=O)c3cc4c(=O)n(*)c(=O)c4cc3c2=O)c(CP(=O)(OCC)OCC)c1,egc,2.765209754620939
4808,*C(C*)(C(=O)OCCCCOc1ccc(cc1)C(=O)Oc1ccc(cc1)OC)C,tg,39.1027840460634
4809,*Oc1c(cc(c(c1)OCCOC)OC(=O)c1c(cc(cc1)C(=O)*)c1ccccc1)OCCOC,tg,88.06273269674712
4810,*CCCCCC(=O)O*,nc,1.6286436309808627
4811,*Nc1ccc(-c2ccc(-c3ccc(*)cc3)cc2)cc1,nc,2.012968295462212
4812,*CC(*)C(=O)OCCSCCCC#N,egb,5.0956100472084715
4813,*c1ccc2C3(OC(=O)c4ccccc34)c3c(Oc2c1)cc(cc3)OC(=O)c1cc(ccc1)C(=O)O*,tg,265.23286134757444
4814,*Oc1ccc(cc1)NC(=O)c1ccc(cc1)S(=O)(=O)c1ccc(cc1)C(=O)Nc1ccc(cc1)Oc1ccc(cc1)C(c1ccc(cc1)*)(C(F)(F)F)C(F)(F)F,tg,263.5925572313782
4815,*CCc1ccc(C(*)=S)cc1,eea,2.8412046936744533
4816,*Oc1ccc(-c2ccc(C(*)=O)cc2)s1,egb,2.896179041971934
4817,*CC(*)OC,egc,5.629146976908752
4818,*CNCCNC(=O)OC*,nc,1.6829302828455581
4819,*Oc1c(cccc1)C(=O)OC(=O)c1c(cccc1)OC(=O)C(C(C(=O)*)C)C,tg,102.07347128780373
4820,*c1ccc(Oc2ccc(N3C(=O)c4ccc(C(=O)c5ccc6c(c5)C(=O)N(c5ncc(*)s5)C6=O)cc4C3=O)cc2)cc1,egc,2.2411638662179905
4821,*Oc1ccc(cc1)S(=O)(=O)c1ccc(cc1)Oc1ccc(cc1)C=C1C(=O)C(=Cc2ccc(cc2)Oc2ccc(cc2)S(=O)(=O)c2ccc(cc2)Oc2ccc(cc2)C(c2ccc(cc2)*)(C)C)CCCC1,tg,198.23456126196893
4822,*OC(=O)NC(c1cc(ccc1)C(NC(=O)OCCN(CC*)c1ccc(cc1)N=Nc1ccc(cc1)[N+](=O)[O-])(C)C)(C)C,tg,141.64515953716477
4823,*CC(OC(C)=O)C1C(=O)N(c2ccccc2)C(=O)C1(*)Cl,egc,4.503486864072404
4824,*Oc1ccc(C(C)=Nc2ccccc2N=C(C)c2ccc(*)cc2)cc1,egc,3.246511101432161
4825,*c1cc2c(C(=O)N(C2=O)N2C(=O)c3c(C2=O)cc(cc3)Sc2ccc(cc2)Sc2ccc(cc2)S*)cc1,tg,210.17021945828745
4826,*CCCC1CCN(C(=O)SSCCCCSSC(=O)N2CCC(*)CC2)CC1,egb,3.7143226141013512
4827,*CC(*)(C)C(=O)OC1(C)CCOC(=O)C1,egc,6.105853218202578
4828,*c1oc(nn1)c1ccc(cc1)Oc1ccc(cc1)C=Cc1ccc(cc1)Oc1ccc(cc1)*,tg,229.38616640400207
4829,*C(C*)(C(=O)Oc1cc(c(cc1)C(=O)c1ccccc1)O)C,tg,101.9954780671836
4830,*Oc1cc(ccc1)*,tg,128.99263356886274
4831,*C1CC2CC(CC(C1)O2)OC(=O)Nc1ccc(cc1)Cc1ccc(cc1)NC(=O)O*,tg,193.18696587042692
4832,*C(=S)C(F)(F)c1ccc(C(*)(F)F)s1,ei,7.046383333900694
4833,*CNCN*,eps,3.726166549537571
4834,*N1C(=O)c2c(C1=O)cc(cc2)C(=O)Oc1cc2c(cc1)ccc(c2)OC(=O)CCCCC*,tg,106.68438698592159
4835,*CCc1ccc(-c2ccc(*)s2)cc1,eps,3.8301492174494625
4836,*COC(=O)OCC1OC(OCC)OC1*,egc,6.565473862849656
4837,*Oc1c(cc(c(c1)C)C(c1c(cc(c(c1)C(C)C)Oc1ccc(cc1)C(=O)c1ccc(cc1)*)C)c1c(cccc1)C(=O)O)C(C)C,tg,220.60087045916094
4838,*OC(=O)NNC(=O)CCCCCCCCC(=O)NNC(=O)OCCCCCCCCCC*,tg,18.7248922098825
4839,*c1c(nc2c(c1c1ccccc1)cc(cc2)Oc1cc2c(nc(c(c2c2ccccc2)c2ccc(cc2)*)c2ccccc2)cc1)c1ccccc1,tg,317.9837796290553
4840,*c1ccc(C(=O)Oc2ccc3ccc(OC(=O)c4ccc(N5C(=O)CC(SCCOCCSC6CC(=O)N(*)C6=O)C5=O)cc4)cc3c2)cc1,egc,3.5790788530166604
4841,*C(C*)(C(=O)OC1(CN(CCC1)c1ccc(cc1)N=Nc1ccc(cc1)C=C(S(=O)(=O)C)C#N)C)C,tg,144.2577361266374
4842,*C(C*)(C(=O)OCCCCC(C(C(C(F)(F)F)(F)F)(F)F)(F)F)C,tg,11.77992374222041
4843,*c1ccc(Oc2ccc(C(=O)c3cccc(C(=O)c4ccc(Oc5ccc(-n6c(=O)c7cc8c(=O)n(*)c(=O)c8cc7c6=O)cc5)cc4)c3)cc2)cc1,egc,2.6946450282914167
4844,*OCCOCCOc1cc(*)nc2ccc(C)cc12,egc,4.257311121929142
4845,*CC(=O)OC(=O)COc1ccc(C(C)(C)c2ccc(O*)cc2)cc1,egc,4.58539415756178
4846,*Oc1ccc(C(F)(F)C(*)(F)F)cc1,ei,6.662480861442385
4847,*Cc1ccc(Oc2ccc(*)s2)s1,egb,4.063501867913112
4848,*c1ccc(Oc2cccc(Oc3ccc(-n4c(=O)c5cc6c(=O)n(*)c(=O)c6cc5c4=O)cc3)c2)cc1,egc,2.7174820306116634
4849,*CCCN1C(=O)C2C3C=CC(C4C(=O)N(*)C(=O)C34)C2C1=O,egc,5.0856105978929955
4850,*CC(*)(F)C(=O)OCC(F)(F)C(F)(F)C(F)(F)F,egc,6.6712236499466915
4851,*CC(*)C(N)=O,egc,5.787139583409554
4852,*N1C(=O)c2c(C1=O)cc(cc2)C(=O)Oc1ccc(cc1)C1(CCCCC1)c1ccc(cc1)OC(=O)CCCCCCCCCCC*,tg,82.60638243349227
4853,*c1nc2c(nc1c1ccccc1)cc(cc2)Oc1cc2c(nc(c(n2)c2ccccc2)c2ccc(cc2)Oc2ccc(cc2)*)cc1,tg,300.807178102147
4854,*Nc1ccc(OC(*)=S)s1,egb,2.8021630578505228
4855,*Oc1ccc(C=Nc2ccc(N=Cc3ccc(Oc4ccc(C(c5ccccc5)(c5ccccc5)c5ccc(*)cc5)cc4)cc3)cc2)cc1,egc,3.7937478278406385
4856,*c1cc2c(C(=O)N(C2=O)c2cc(ccc2)C=CC(=O)OCCOC(=O)*)cc1,tg,206.39255249074955
4857,*Nc1cc(ccc1)NC(=O)c1ccc(cc1)C(=O)Nc1cc(ccc1)NC(=S)NC(=O)CCCCC(=O)NC(=S)*,tg,228.3197969180506
4858,*N(c1ccc(cc1)c1cc2ccc3c(c2cc1c1ccc(cc1)*)cccc3)c1ccc(cc1)C,tg,289.5550170169424
4859,*Nc1ccc(cc1)NC(=O)CCCCCC(=O)*,tg,128.6412847285187
4860,*c1nc2c(nc1)ccc(c2)c1ccc2c(nc(cn2)c2ccc(cc2)Oc2ccc(cc2)Oc2ccc(cc2)Oc2ccc(cc2)*)c1,tg,250.94660287599442
4861,*SC(*)(F)F,tg,0.2986125408929209
4862,*C(C*)c1ccc(cc1)COc1ccc(cc1)c1ccc(cc1)C#N,tg,141.09342820919602
4863,*NC(=S)C(=O)O*,ei,7.417671288148136
4864,*OC1C(C)(C)C(*)C1(C)C,egc,5.627305085341118
4865,*C(=S)C(F)(F)c1ccc(C(*)(F)F)s1,nc,1.838123303715579
4866,*CCC(=O)O*,eea,1.399519818546471
4867,*c1ccc(-c2ccc(C(=S)c3ccc(*)s3)s2)cc1,eea,3.8170226524530704
4868,*C(C*)c1ccc(cc1)C(CCN1CCCCC1)O,tg,37.800850126595876
4869,*CNCc1ccc(*)cc1,eea,1.207264196753163
4870,*C(CC(C*)c1ccc(cc1)OC(=O)C)(C#N)C#N,tg,127.99531171840087
4871,*CCCCCCC(=O)N*,ei,6.673104082842101
4872,*Nc1ccc(C(=O)C(*)=S)s1,nc,2.558321644181742
4873,*N1C(=O)c2c(C1=O)cc(cc2)Oc1cc2c(cc1Oc1cc3c(C(=O)N(C3=O)c3c(cc(cc3C)c3cc(c(c(c3)C)*)C)C)cc1)cccc2,tg,292.52939719372705
4874,*C(C(CC*)Cl)Cl,tg,-22.22658100320753
4875,*c1cc(OCCCCCCCCCC)cc(-c2nc3cc4sc(*)nc4cc3s2)c1,egc,3.4861915780438992
4876,*Nc1cc(ccc1)NC(=O)c1cc(ccc1)C(=O)Nc1cc(ccc1)NC(=S)NC(=O)CCCCCCCCC(=O)NC(=S)*,tg,210.41823215316361
4877,*CC(=O)C(=S)c1ccc(*)cc1,ei,6.354134141778874
4878,*C(C*)C(=O)c1ccc(cc1)Cl,tg,75.12638725765828
4879,*O[Si](COC(=O)CCCCCCCCC(=O)Oc1ccc(cc1)S(=O)(=O)c1ccc(cc1)Oc1ccc(cc1)C=C1C(=O)C(=Cc2ccc(cc2)Oc2ccc(cc2)S(=O)(=O)c2ccc(cc2)OC(=O)CCCCCCCCC(=O)OC[Si](*)(C)C)CC1)(C)C,tg,86.9536173496657
4880,*CC(COC)O*,egc,5.8205626394338505
4881,*CC(*)(C)C(=O)OCCOCCO,egc,6.348979383717651
4882,*C(C*)P(=O)(N(C)C)N(C)C,tg,103.33348774511684
4883,*CCc1ccc(O*)s1,nc,1.82254437512264
4884,*C(=C*)C(CCCCC)[Si](C)(C)C,tg,159.65127218030156
4885,*OCCCC*,tg,-58.129240216423376
4886,*c1c(nnc(n1)c1nc(ccc1)c1nc(c(nn1)c1ccccc1)c1ccc(cc1)Oc1ccc(cc1)*)c1ccccc1,tg,270.191714364181
4887,*OC(F)(F)c1ccc(C(*)(F)F)cc1,egb,4.670456060354472
4888,*N1C(=O)c2c(C1=O)cc(cc2)Oc1cc2c(C(=O)N(C2=O)c2ccc(cc2)C(c2ccc(cc2)*)(c2ccccc2)C(F)(F)F)cc1,tg,298.32966690838634
4889,*OC(CC(=O)*)CCc1ccccc1,tg,11.766291709053178
4890,*N1C(=O)c2c(C1=O)cc(cc2)Oc1ccc(cc1)C(c1ccc(cc1)Oc1cc2c(C(=O)N(C2=O)c2cc(ccc2)P(=O)(c2cc(ccc2)*)c2ccccc2)cc1)(C)C,tg,226.11941270764902
4891,*N1C(=O)C(CC1=O)SCCCCCSC1C(=O)N(C(=O)C1)c1ccc(cc1)C(=O)OCC(NC(=O)c1ccc(cc1)*)CC,tg,173.96821709568727
4892,*c1ccc(-c2ccc(-c3ccc(-c4ccc(*)s4)cc3)cc2)cc1,egb,2.1055946276507234
4893,*NC(C)C(C)C(*)=O,egc,5.590374134008159
4894,*c1sc(cc1CC(=O)OCCN(c1ccc(cc1)N=Nc1ccc(cc1)[N+](=O)[O-])CC)*,tg,95.75079051701668
4895,*CCCCOC(=O)C1CCC(C(=O)O*)CC1,egc,6.570046894183246
4896,*CCCCCCCCCCCCNC(=O)CCCCCCCCCCCCCCCCC(=O)N*,egc,5.898378363327806
4897,*C1CCC1*,egc,5.687689396639134
4898,*OC(=O)C(=O)OCCOCC*,tg,-3.5280462379764566
4899,*Oc1ccc(cc1)C1(CCCCC1)c1ccc(cc1)OC(=O)c1cc(ccc1)C(=O)*,tg,228.11808909638646
4900,*C#CC#Cc1ccc(*)s1,egc,3.0244495997426935
4901,*Oc1ccc(cc1)S(=O)(=O)c1ccc(cc1)Oc1ccc(cc1)NC(=O)c1cc(cc(c1)NC(=O)c1ccncc1)C(=O)Nc1ccc(cc1)*,tg,276.20560827438356
4902,*CC(=O)c1ccc(O*)s1,eps,4.661904674674774
4903,*Oc1ccc(cc1)C1(c2ccccc2c2ccccc12)c1ccc(cc1)OCC(COC(=O)C1CCC(CC1)C(=O)OCC(C*)O)O,tg,177.3727318151745
4904,*c1ccc2c3n(c4ccc(cc4n3)c3cc4n5c(nc4cc3)c3cccc4c(ccc(c5=O)c34)Oc3c(cccc3)c3c(cccc3)O*)c(=O)c3cccc1c23,tg,374.1344404997167
4905,*Oc1cc(ccc1)NC(=O)CCCCCCC(=O)Nc1cc(ccc1)OCC(COc1ccc(cc1)C(c1ccc(cc1)OCC(C*)O)(C)C)O,tg,104.02517692258216
4906,*Oc1ccc(cc1)C(c1ccc(cc1)Oc1ccc(cc1)C(=O)c1cc(ccc1)C(=O)c1ccc(cc1)*)(C)C,tg,154.66196678799002
4907,*Oc1c(cc(cc1)c1ccc(cc1)c1cc(c(cc1)Oc1ccc(cc1)C(c1ccc(cc1)*)(C(F)(F)F)C(F)(F)F)C(F)(F)F)C(F)(F)F,tg,200.1230543842024
4908,*C(=O)NCCCCCCNC(=O)c1ccc(*)o1,egc,4.296692407254788
4909,*NNC(=O)c1c(cc(cc1)C(=O)*)OCCCCCCCCCC,tg,186.67567340514552
4910,*OS(=O)(=O)c1c(ccc(c1)S(=O)(=O)Oc1c(cc(cc1)C1(CCCCC1)c1cc(c(cc1)*)C)C)C,tg,134.73107717518005
4911,*C(C*)C(=O)c1cc(c(cc1)C)C,tg,71.80556953562235
4912,*C(=O)NC(=O)OC(=O)NCN*,egc,6.003021362560743
4913,*Oc1ccc(cc1)CC1(c2ccccc2c2ccccc12)Cc1ccc(cc1)*,tg,164.04450137030523
4914,*C1C2C(C(C1)CC*)C1C(CC2C1)C,tg,234.48098369929076
4915,*CC(*)c1cc(O)ccc1O,egc,3.7525225313332755
4916,*Oc1c(C)cc(C(C)(C)c2cc(C)c(OC(*)=O)c(C)c2)cc1C,egc,5.0641870946201895
4917,*CCOCCOC(=O)CCCCS(=O)(=O)CCCCC(=O)O*,egc,6.4246585743216835
4918,*CC(O)CN(*)c1ccc(N=Nc2ccc(C(=O)O)cc2)cc1,egc,3.3738682241427673
4919,*C(=C*)C([Si](CCCCCC)(C)C)CCC,tg,144.2937057732705
4920,*Nc1ccc(C(=O)O*)s1,nc,1.9842211339451996
4921,*Oc1ccc(cc1)Oc1ccc(cc1)OCCCCCCOC(=O)OCCCCCCOC(=O)OCCCCCC*,tg,-16.854887566572316
4922,*Oc1c(cc(cc1)Oc1ccc(cc1)C(=O)c1ccc(cc1)*)S(=O)(=O)O,tg,183.05754411960987
4923,*C1C2C(C(=O)N(C2=O)c2c(cccc2)F)C(C1)C=C*,tg,241.27895108574822
4924,*NOC(=O)O*,egc,6.361655636987158
4925,*c1ccc(-c2ccc(C(=S)c3ccc(*)s3)s2)cc1,nc,2.6836565566130988
4926,*OC(F)(F)CC(*)(F)F,eea,0.9054549031389268
4927,*CC(C)(CCC)C(=O)N*,egc,5.813441781553521
4928,*N=Nc1ccc(NC(=O)CCC(=O)Nc2ccc(*)cc2)cc1,egc,3.1975671118914204
4929,*C(C*)C(=O)c1ccc(cc1)C,tg,67.87820317683175
4930,*C(C*)(C(=O)OCCOc1ccc(cc1)N=Nc1ccc(cc1)OC)C,tg,101.46245366764948
4931,*C(C*)c1ccc(cc1)CCCCCCCCC,tg,-40.656585377123584
4932,*CC(*)C(=O)NCCO,egc,5.9385034181446485
4933,*c1nc2c([nH]1)ccc(c2)*,tg,293.79503926261975
4934,*[Si](C*)(CCCCCC)CCCCCC,tg,-63.01101354232406
4935,*N(CC*)C(=O)C,tg,65.76242634543785
4936,*N1C(=O)c2c(C1=O)cc(cc2)Oc1ccc(cc1)C(c1ccc(cc1)Oc1cc2c(C(=O)N(C2=O)c2ccc(cc2)c2cc(c(cc2)Oc2cc3c(C(CC3(c3ccc(cc3)Oc3c(cc(cc3)c3ccc(cc3)*)C(F)(F)F)C)(C)C)cc2)C(F)(F)F)cc1)(C)C,tg,242.24859936752623
4937,*C(C*)OCCCCCCCCCCCOc1ccc(cc1)C(=O)Oc1ccc(cc1)OCC,tg,30.155795051509962
4938,*Oc1cc(ccc1)NC(=O)CCCCCCCCCCC(=O)Nc1cc(ccc1)OCC(COc1ccc(cc1)C(c1ccc(cc1)OCC(C*)O)(C)C)O,tg,95.397099474358
4939,*OC(=O)OCC(C*)OCCOc1ccc(cc1)C=Cc1ccc(cc1)[N+](=O)[O-],tg,75.58296160439545
4940,*Oc1ccc(NC(=O)c2cc(C(=O)Nc3ccc(Oc4ccc(C5(c6ccc(*)cc6)CC6CCC5C6)cc4)cc3)cc(C(C)(C)C)c2)cc1,egc,3.8218511488709432
