id,smiles,target_type,pred
1,*CCCCCCCCc1nc2cc3sc(*)nc3cc2s1,egc,4.329550826365198
2,*c1cc(CCCCCCCCC)c(*)s1,egc,2.5551375919303894
3,*c1c(nc2c(c1c1ccccc1)cc(cc2)Oc1cc2c(nc(c(c2c2ccccc2)c2ccc(cc2)c2ccc(cc2)*)c2ccccc2)cc1)c1ccccc1,tg,341.9892378476233
4,*O[Si](O[Si](O[Si](CCC(C(C(C(C(C(CC[Si](*)(CCC(F)(F)F)C)(F)F)(F)F)(F)F)(F)F)(F)F)(F)F)(CCC(F)(F)F)C)(CCC(F)(F)F)C)(CCC(F)(F)F)C,tg,-4.796098415737808
5,*CC(O)COc1ccc(S(=O)(=O)c2ccc(O*)c(C)c2)cc1C,egc,4.3770818772174085
6,*CC1CCC(COC(=O)CCCCCCCC(=O)O*)CC1,egc,6.774623944370639
7,*C(=O)N(*)CCCCCCCCC=C,egc,4.740579848256954
8,*OC(=O)c1ccc(cc1)c1ccc(cc1)C(=O)OCC(C*)(CC)C,tg,68.78622530275678
9,*N1C(=O)c2c(C1=O)cc(cc2)Oc1cc2c(C(=O)N(C2=O)CCCCCCOC(=O)c2cc(cc(c2)OCCCCCCOc2ccc(cc2)N=Nc2ccc(cc2)C#N)C(=O)OCCCCCC*)cc1,tg,74.95026306423928
10,*N=P(*)(Oc1ccc(cc1)c1ccccc1)Oc1ccc(cc1)c1ccccc1,tg,63.14948267485624
11,*C1COC2C1OCC2OC(=O)c1cc(ccc1)OCCCCCCCCCCOc1cc(ccc1)C(=O)O*,tg,30.66496987617242
12,*O[Si](*)(CCCCCCCCCCCn1c2ccccc2c2ccccc12)C,tg,-10.602562237885383
13,*c1cc2c(C(=O)N(C2=O)c2ccc(cc2)Oc2c(cccc2)c2c(cccc2)Oc2ccc(cc2)N2C(=O)c3c(C2=O)cc(cc3)C(*)(C(F)(F)F)C(F)(F)F)cc1,tg,272.1134331279046
14,*c1c(cc(cc1)*)C(=O)c1ccccc1,tg,205.27079610908677
15,*CNc1ccc(O*)s1,egb,4.096047172115797
16,*c1cc2c(C(=O)N(C2=O)c2cc(ccc2)S(=O)(=O)c2cc(ccc2)N2C(=O)c3c(C2=O)cc(cc3)C(=O)*)cc1,tg,259.1561527524682
17,*Cc1ccc(OC(*)=S)s1,egb,3.1316777207389443
18,*Oc1c(cc(cc1C)c1cc(c(c(c1)C)OC(=O)CCCCCC(=O)*)C)C,tg,77.27326099800767
19,*CCCOC(=O)CCCCCCCCOC(=O)CCCOC(=O)CCCCCCCCOC(*)=O,eps,3.0870055430905046
20,*c1ccc(C(F)(F)c2ccc(C(*)(F)F)cc2)cc1,ei,6.6935483891845715
21,*C(C*)OCCCCCC,tg,-78.74569361436413
22,*Oc1ccc(cc1)CC(NC(=O)CCc1ccc(cc1)OC(=O)CCCCC(=O)*)C(=O)OC(C)C,tg,58.39574880747924
23,*CC(*)c1cc(Cl)ccc1Cl,egc,2.947375299898245
24,*C(=O)C(C=C1)=CC=C1C(=O)C(=S)*,egc,2.815709174872018
25,*C(C*)(C(=O)OCc1ccc2n(c3c(c2c1)cccc3)CCCCCCCCCCCCCC)C,tg,33.90281175722425
26,*c1oc(nn1)c1ccc(cc1)C(=O)OCCCCCCCCCCOc1ccc(cc1)C=C1C(=O)C(=Cc2ccc(cc2)OCCCCCCCCCCOC(=O)c2ccc(cc2)*)CCCC1,tg,85.74081844687502
27,*Cc1ccc(C*)cc1,eea,1.149227553831598
28,*Oc1ccc(cc1)C1(CCCC1)c1ccc(cc1)OC(=O)*,tg,156.78284904680146
29,*Oc1ccc(cc1)CC(NC(=O)CCc1ccc(cc1)OC(=O)CCCCCCC(=O)*)C(=O)OCC(C)C,tg,39.54002338402776
30,*NC(=O)C(S1)=CC=C1C(=O)*,egc,2.8941132009413195
31,*OC(*)C,egc,6.44983999685941
32,*N(CC*)C(=O)CC,tg,31.420735945916075
33,*C(C*)(C(=O)OCCCCCCOc1ccc(cc1)C(=O)Oc1ccc(cc1)C#N)C,tg,28.242787025176426
34,*Sc1ccc(*)cc1,egc,3.9847029755821177
35,*Oc1ccc(-c2ccc(-c3ccc(*)s3)s2)s1,eea,2.3617735433264992
36,*C(F)(F)C(F)(F)CC(=O)*,egc,5.582278121994938
37,*Oc1cc2c(C(CC32CC(c2ccc(cc32)OC(=O)c2cc(ccc2)C(=O)*)(C)C)(C)C)cc1,tg,261.0263518238757
38,*N1C(=O)C(CC1=O)Nc1ccc(cc1)Cc1ccc(cc1)NC1C(=O)N(C(=O)C1)c1c(cc(cc1C)C(c1cc(c(c(c1)C)*)C)c1cnccc1)C,tg,216.29515081158465
39,*c1nc(nc(c1c1ccc(cc1)OC)OCCOC(=O)CCCC(=O)OCCO*)c1ccc(cc1)OC,tg,57.19183090387
40,*C(C*)(C(=O)Oc1ccc(cc1)C(=O)C=Cc1ccc(cc1)Cl)C,tg,130.50552532608086
41,*OC(=O)C(C(=O)OCCOCC*)CCCCCCCCC,tg,-58.36941141599059
42,*C(=O)C(=S)OC(=S)*,egc,3.1335603330166006
43,*CNC(=O)CC(=O)N*,egc,5.7558054198704856
44,*CCCCCc1ccc(CCCCCOC(=O)c2ccc(C(=O)O*)cc2)cc1,egc,4.722711566866567
45,*Nc1ccc(cc1)Cc1ccc(cc1)NC(=O)CCCCCCCC(=O)*,tg,126.61352408776433
46,*c1sc(nn1)c1cc(ccc1)OC(=O)CCCCCCCCC(=O)Oc1cc(ccc1)C=C*,tg,37.82886605113496
47,*c1cc(C(c2ccc(O)c(-n3c(=O)c4cc5c(=O)n(*)c(=O)c5cc4c3=O)c2)(C(F)(F)F)C(F)(F)F)ccc1O,egc,2.807575304350877
48,*N=P(*)(OCCOCCOCCOC)OCCOCCOCCOC,tg,-94.41928629160986
49,*c1ccc(*)c(CCCCCC)n1,egc,3.6567111985211183
50,*c1ccc(C(F)(F)C(=O)C(*)(F)F)s1,nc,1.8082134674098396
51,*N1C(=O)c2c(C1=O)cc(cc2)c1cc2c(C(=O)N(C2=O)c2cc(ccc2)C(=O)Nc2cc(ccc2)S(=O)(=O)c2cc(ccc2)NC(=O)c2cc(ccc2)*)cc1,tg,243.42238491702625
52,*C(=O)OCCCCCCCCOC(=O)c1ccc(NC(=O)c2ccc(N3C(=O)c4ccc(*)cc4C3=O)cc2)cc1,egc,2.9259356191054957
53,*c1ccc2nc3c4cccc5c6nc7ccc(*)cc7nc6c6cccc(c3nc2c1)c6c45,egc,2.4151206513777073
54,*C(C*)Cc1c(cccc1)C,tg,96.58451032984335
55,*c1ccc(-c2ccc(N3C(=O)c4ccc(-c5ccc6c(c5)C(=O)N(*)C6=O)cc4C3=O)c(C)c2)cc1C,egc,2.911871398918049
56,*c1ccc(CC(F)(F)C(*)(F)F)s1,egb,4.445023471730507
57,*CCCCNC(=O)C(OC)C(OC)C(=O)N*,egc,5.706003424430198
58,*Oc1ccc(cc1)c1ccc(cc1)OC(=O)c1c(cc(cc1)c1ccc(cc1)C(=O)*)c1ccccc1,tg,153.66955030473324
59,*N1C(=O)c2c(C1=O)cc(cc2)Oc1ccc(cc1)C1(CCC(CC1)c1ccccc1)c1ccc(cc1)Oc1cc2c(C(=O)N(C2=O)c2ccc(cc2)Oc2cc(c(cc2)c2c(cc(cc2)Oc2ccc(cc2)*)C)C)cc1,tg,253.781094393067
60,*CCCCOC(=O)CCC(C)CC(=O)O*,egc,6.762769228234797
61,*Nc1ccc(-c2ccc(C(*)=S)cc2)s1,nc,2.1087277083431077
62,*c1cc2c(C(=O)N(C2=O)c2ccc(cc2)Sc2ccc(cc2)Oc2ccc(cc2)Sc2ccc(cc2)N2C(=O)c3c(C2=O)cc(cc3)C(=O)Nc2ccc(cc2)Oc2cc(ccc2)Oc2ccc(cc2)NC(=O)*)cc1,tg,240.96000353686523
63,*OC(C)CCOC(=O)CCCCCCCCC(*)=O,egc,6.728427716916109
64,*NC(=O)C(S1)=CC=C1C(=S)*,egc,2.138327265990936
65,*C=Cc1cc([Si](C)(C)C)c(*)cc1[Si](C)(C)C,egc,3.189986245475688
66,*O[Si](C)(Oc1ccc(*)cc1)c1ccccc1,egc,4.887875167305429
67,*CCNc1ccc(*)s1,ei,5.036469946694624
68,*Nc1ccc(cc1)C(c1ccc(cc1)C(c1ccc(cc1)Nc1ccc(cc1)C(c1ccc(cc1)C(c1ccc(cc1)*)(c1ccccc1)O)(c1ccccc1)O)(C)C)(C)C,tg,164.2638793259179
69,*C1=C(C(=O)N(C1=O)CCCCCCCC)c1ccc(cc1)c1cc2C(c3c(c2cc1)ccc(c3)c1ccc(cc1)*)(CCCCCC)CCCCCC,tg,143.43032459622833
70,*CC(=S)CC(*)=S,egb,1.8906026836845904
71,*c1cc(CCCCBr)c(*)s1,egc,2.1080653092694877
72,*c1ccc(-c2ccc(-c3ccc(*)s3)s2)[nH]1,egc,2.1638169200821564
73,*Oc1ccc(cc1)CC(NC(=O)Cc1ccc(cc1)OC(=O)COCCOCC(=O)*)C(=O)OCCCCCCCC,tg,20.695099587214376
74,*c1c2c(C(=O)N(C2=O)N2C(=O)c3c(C2=O)c(ccc3)Sc2ccc(cc2)Sc2ccc(cc2)S*)ccc1,tg,237.1655183439413
75,*Nc1cc(ccc1)NC(=O)CCCCC(=O)Nc1cc(ccc1)NC(=S)NC(=O)CCCCC(=O)NC(=S)*,tg,185.3203066438724
76,*CC(*)O,egc,6.12081882867025
77,*CCCCCCCCCCNC(=O)CCCCCCCCCCCCCCCCCCCCC(=O)N*,egc,5.9023386760364955
78,*Oc1ccc(cc1)SC(=O)Sc1ccc(cc1)*,tg,135.78032685781326
79,*c1cc2c(C(=O)N(C2=O)c2cc(ccc2)Cc2ccc(cc2)Cc2ccc(cc2)N2C(=O)c3c(C2=O)cc(cc3)C(=O)*)cc1,tg,279.72725184691706
80,*c1cccc(-c2nnc(*)n2-c2ccccc2)c1,egc,3.7361376510896327
81,*Oc1ccc(cc1)CC(NC(=O)CCc1ccc(cc1)OC(=O)CC(CCC(=O)*)C)C(=O)OCCCC,tg,38.504068275094255
82,*CCCCCCCCc1nnc(-c2cccc(-c3nnc(*)o3)c2)o1,egc,4.1414063511819945
83,*N(C(=O)c1c(cc(cc1)C(=O)*)Sc1ccccc1)c1ccccc1,tg,226.20694988357096
84,*OC(=O)c1ccc(cc1)c1ccc(cc1)c1ccc(cc1)C(=O)OCCCCCCCCCC*,tg,33.072910507942105
85,*C(CCC*)(CC)C,tg,4.5757937616406155
86,*C(=S)c1ccc(-c2ccc(-c3ccc(*)cc3)s2)cc1,nc,2.3347807142265755
87,*C(C*)(C(=O)OCCCCCCCCCCn1c2ccc(cc2c2ccccc12)N=Nc1c(cc(cc1)[N+](=O)[O-])[N+](=O)[O-])C,tg,60.16484263365497
88,*c1cc2c(C(=O)N(C2=O)c2c(cccc2)C(=O)OCCOC(=O)*)cc1,tg,210.28339865376415
89,*CCCCCCCC(=O)N*,egc,6.051759018407085
90,*CC(*)N1CCCC1=O,egc,5.7220632970638565
91,*NC(=O)CCCCCCCCC(=O)NCCCCCC*,tg,46.56083391780285
92,*N=P(*)(Cl)Cl,tg,26.48729842377248
93,*OC(=O)c1ccc(cc1)c1ccc(cc1)C(=O)OCCCCCCCCCCCC*,tg,34.051714737013
94,*C(=O)NC(=O)CNC(=O)ON*,egc,5.522060009972696
95,*Nc1ccc(C(=O)C(*)=S)s1,eea,3.928168597833518
96,*c1cc(-c2ccccc2)c(*)[nH]1,egc,3.1307482280855656
97,*OC1C(CO)OC(*)C(O)C1O,ei,7.1717025843375914
98,*N1C(=O)C(CC1=O)Nc1ccc(cc1)Cc1ccc(cc1)NC1C(=O)N(C(=O)C1)c1ccc(cc1)Oc1c(cc(cc1C)C(c1cc(c(c(c1)C)Oc1ccc(cc1)*)C)c1cnccc1)C,tg,219.35648960475845
99,*OC(=O)NC(=O)c1cc(ccc1)C(=O)NC(=O)OCC(C*)CCCC,tg,93.71456643070627
100,*Nc1ccc(cc1)c1ccc(cc1)NC(=O)c1ccc(cc1)C(=O)*,tg,318.0216399344904
101,*CC(=O)N*,egb,6.174979544165043
102,*N1C(=O)c2c(C1=O)cc(cc2)Oc1c2c(ccc1)c(ccc2)Oc1cc2c(C(=O)N(C2=O)c2cc(ccc2)*)cc1,tg,260.47180328101365
103,*OC(F)(F)C(=S)C(*)(F)F,egb,3.4721370265115574
104,*CCC1CC(*)C2CCCC12,egc,6.840418337121065
105,*Oc1c(cc(cc1C(C)C)*)C(C)C,tg,139.01311252987654
106,*C(=CCC*)Cl,tg,35.33829770742178
107,*c1c2C(=O)N(C(=O)c2c(c2ccccc12)c1ccc(cc1)Oc1c(cc(cc1)c1sc(cc1)c1cc(c(cc1)Oc1ccc(cc1)*)C(F)(F)F)C(F)(F)F)c1ccccc1,tg,269.8336114940261
108,*CC(=S)CO*,eea,2.6341591547865018
109,*c1cc2c(C(=O)N(C2=O)c2ccc(cc2)OC(COc2ccc(cc2)N2C(=O)c3c(C2=O)cc(cc3)C(*)(C(F)(F)F)C(F)(F)F)CCCCCC)cc1,tg,173.07251472546395
110,*c1ccc2c(c1)c1cc(*)ccc1n2CC,egc,3.334779749261643
111,*C(C*)(C(=O)OCCCCCCOc1c(cc(cc1)C(=O)Oc1ccc(cc1)OC)OC)C,tg,43.99458197577746
112,*c1ccc(-c2nc3cc4nc(*)oc4cc3o2)cc1,nc,2.076490894137513
113,*S(=O)(=O)C1C2CCC(C1*)C2,tg,143.20887279306467
114,*C1CC(*)(C#N)C1,egc,6.797848723559267
115,*CC(C)C=C(*)C,egc,5.622475847837546
116,*c1ccc2c3n(c4ccc(cc4n3)c3cc4n5c(nc4cc3)c3cccc4c(ccc(c5=O)c34)Oc3ccc(cc3)S(=O)(=O)c3ccc(cc3)O*)c(=O)c3cccc1c23,tg,400.2167850019795
117,*c1cc2c(C(=O)N(C2=O)c2cc(ccc2)Oc2c(c(ccc2)Oc2cc(ccc2)N2C(=O)c3c(C2=O)cc(cc3)C(=O)Nc2cc(ccc2)Oc2c(c(ccc2)Oc2cc(ccc2)Oc2c(c(ccc2)Oc2cc(ccc2)NC(=O)*)C#N)C#N)C#N)cc1,tg,232.56972274399533
118,*C1C2C(ON1C)C(=O)N(C2=O)c1ccc(cc1)N1C(=O)C2C(C(N(O2)C)c2ccc(cc2)OCCCCCCOc2ccc(cc2)*)C1=O,tg,158.64928862518914
119,*c1oc(nn1)c1c2c(c(cc1)Oc1ccc(cc1)C=Cc1ccc(cc1)Oc1c3c(c(cc1)*)cccc3)cccc2,tg,233.93246721780542
120,*N1C(=O)c2c(C1=O)cc(c(c2)c1ccc(cc1)[Si](C)(C)C)c1cc2c(C(=O)N(C2=O)c2ccc(cc2)Oc2ccc(cc2)*)cc1c1ccc(cc1)[Si](C)(C)C,tg,345.14493719029605
121,*c1ccc(cc1)C(C(*)(C(=O)OC)C#N)(C(=O)OC)C#N,tg,163.98750421355084
122,*c1ccc(*)c(C(=O)c2ccc(F)cc2)c1,egc,4.024170563026073
123,*Oc1ccc(cc1)c1ccc(cc1)OC(=O)c1c(cc(c(c1)OCCCc1ccccc1)C(=O)*)OCCCc1ccccc1,tg,132.36196830036397
124,*N1C(=O)c2c(C1=O)cc(cc2)Oc1cc2c(C(=O)N(C2=O)C2CC(CC(C2)(C*)C)(C)C)cc1,tg,292.1657120585892
125,*C1COC2C1OCC2OC(=O)Oc1ccc(cc1)OC(=O)c1ccc(cc1)OC(=O)O*,tg,160.32892525506932
126,*OC(=O)CCC(=O)OC1COC2C(*)COC12,egc,6.358644065927493
127,*c1cc2c(C(=O)N(C2=O)c2cc(ccc2)C(C(C(c2cc(ccc2)N2C(=O)c3c(C2=O)cc(cc3)C(C(C(C(C(C(C(*)(F)F)(F)F)(F)F)(F)F)(F)F)(F)F)(F)F)(F)F)(F)F)(F)F)cc1,tg,130.21870330069171
128,*Oc1ccc(SSCCCCCCCCCCSSc2ccc(*)cc2)cc1,egb,3.5282211502875533
129,*C1(c2c(C(=O)O1)cccc2)c1ccc(cc1)Oc1ccc(cc1)Oc1c2c(c(cc1)c1c3c(c(cc1)Oc1ccc(cc1)Oc1ccc(cc1)*)cccc3)cccc2,tg,239.38131137034557
130,*NC(=O)NCc1ccc(cc1)CNC(=O)NCCCCCC*,tg,73.64522581490442
131,*C1C(=O)N(C(=O)C1CC*)CCCCCC,tg,67.04454751300366
132,*C(C*)SC,tg,17.50075132088723
133,*OC(C(*)(F)F)(F)F,tg,-52.65288662440552
134,*c1nc2c([nH]1)ccc(c2)c1ccc2c(nc([nH]2)c2ccc(cc2)Nc2nc(nc(n2)Nc2ccc(cc2)*)N(c2ccccc2)c2ccccc2)c1,tg,270.1451877702335
135,*CC(*)(C)C(=O)OCCOCC,egb,6.221764762284502
136,*c1ccc(Oc2ccc(-n3c(=O)c4c(Oc5ccc(OC)cc5)c5c(=O)n(*)c(=O)c5c(Oc5ccc(OC)cc5)c4c3=O)cc2)cc1,egc,2.1784669162129084
137,*N1C(=O)c2c(C1=O)cc(cc2)C(=O)c1cc2c(C(=O)N(C2=O)CCCCCCCCCCC(=O)Nc2ccc(cc2)Oc2ccc(cc2)Oc2ccc(cc2)NC(=O)CCCCCCCCCC*)cc1,tg,139.80698290175175
138,*CCCCCNC(=O)CCCCCCOCCCCCCC(=O)NCCCCCO*,egc,5.8221872973236835
139,*Oc1c2c(ccc1)ccc(c2)Oc1ccc(cc1)NC(=O)c1ccc(cc1)Oc1ccc(cc1)C(c1ccc(cc1)Oc1ccc(cc1)C(=O)Nc1ccc(cc1)*)(c1ccccc1)C,tg,201.1259970197123
140,*c1cc2c(C(=O)N(C2=O)c2ccc(cc2)NC(=O)c2cc(ccc2)N2C(=O)c3c(C2=O)cc(cc3)C(=O)*)cc1,tg,283.2447430453483
141,*N(CC(CCCCC(C*)O)O)c1ccc(cc1)N(C)C,tg,60.849631847615775
142,*S(=O)(=NP(=NP(=N*)(NCCC)NCCC)(NCCC)NCCC)NCCC,tg,-19.48263751359966
143,*C(C*)[Si](Cc1ccccc1)(C)C,tg,100.99528102790751
144,*OC(=O)CCC(=O)OCC(=O)NCCCCCCNC(=O)C*,tg,25.62014858137201
145,*C(=O)c1ccc(C(=O)c2ccc(*)s2)s1,ei,6.444041116522558
146,*OC1C(C(C1(C)C)OC(=O)c1ccc(cc1)C(=O)*)(C)C,tg,173.70789127914506
147,*N1C(=O)c2c(C1=O)cc(cc2)Oc1cc2c(C(=O)N(C2=O)c2ccc(cc2)Oc2cc(ccc2)Oc2ccc(cc2)*)cc1,tg,208.11436200906607
148,*c1sc(-c2cc(CCCCCCCCCC)c(*)s2)cc1CCCCCCCCCC,egc,1.8345801538483346
149,*C1C2CCC(C1*)C2,tg,161.88972084837053
150,*c1cc2c(C(=O)N(C2=O)c2ccc(cc2)C(=O)OCCCCCCCCCCCOC(=O)*)cc1,tg,61.68556221605843
151,*c1cc2c(C(=O)N(C2=O)c2ccc(cc2)Oc2ccc(cc2)N2C(=O)c3c(C2=O)cc(cc3)C(=O)Nc2ccc(cc2)c2ccc(cc2)NC(=O)*)cc1,tg,278.75144094863714
152,*c1nc2c(nc1c1cc3c(cc1)cc(cc3)OC(=O)c1cc(ccc1)C(=O)Oc1cc3c(cc1)cc(cc3)*)cccc2,tg,249.7344384186465
153,*Nc1c(cc(c(c1)[N+](=O)[O-])NC(=O)CCCCC(=O)*)C=Cc1ccc(cc1)N(C)C,tg,171.85629622581115
154,*C(C*)(C(=O)OCCOCC[N+](CCCCS(=O)(=O)O)(CC)CC)C,tg,49.186694165175275
155,*NC(=O)Oc1ccc(*)cc1,eps,4.320947500641757
156,*Nc1cc(ccc1)CCc1ccc(cc1)NC(=O)c1cc(ccc1)C(=O)*,tg,206.3685038212249
157,*N(CC*)C(=O)c1cc2c(cc1)cccc2,tg,150.34693476285966
158,*C(C*)C1CCC(CC1)C(C)(C)C,tg,144.22425837204023
159,*C(C*)c1ccc(cc1)c1ccccc1,tg,162.60829456080089
160,*CC(*)(C)C(=O)OCC,egc,6.82682111946519
161,*Oc1cc(ccc1)OCC(C*)O,tg,45.927051920267594
162,*Oc1c(Cl)cc(C2(c3cc(Cl)c(OC(*)=O)c(Cl)c3)CC3CCC2C3)cc1Cl,egc,4.924117768151227
163,*Nc1ccc(cc1)C(=O)Nc1ccc(cc1)Cc1ccc(cc1)NC(=O)c1ccc(cc1)NC(=O)c1ccc(cc1)[Si](c1ccc(cc1)C(=O)*)(C)C,tg,266.3413709489538
164,*c1ccc(C(c2ccccc2)c2ccc(N3C(=O)c4ccc(S(=O)(=O)c5ccc6c(c5)C(=O)N(*)C6=O)cc4C3=O)cc2)cc1,egc,2.9986779595453354
165,*C(*)O,tg,-40.80188040203587
166,*N1C(=O)c2c(C1=O)cc(cc2)Oc1ccc(cc1)Sc1ccc(cc1)Oc1cc2c(C(=O)N(C2=O)c2ccc(cc2)Oc2ccc(cc2)c2ccc(cc2)Oc2ccc(cc2)*)cc1,tg,206.83070743227046
167,*Nc1cc(ccc1)NC(=O)c1cc(cc(c1)NC(=O)C12CC3CC(CC(C1)C3)C2)C(=O)*,tg,311.3627355386988
168,*CCOC(=O)O*,egc,7.161975442623355
169,*C(=S)OC(=S)c1ccc(*)s1,egb,1.4672231754769862
170,*N1C(=O)c2c(C1=O)c(ccc2)c1cc2c(C(=O)N(C2=O)c2cc(ccc2)Oc2cc(ccc2)Oc2cc(ccc2)*)cc1,tg,269.55328355454293
171,*c1ccc(-c2ccc(-c3cc(-c4ccccc4)c4cc5nc(*)cc(-c6ccccc6)c5cc4n3)cc2)cc1,egc,3.120978380354371
172,*Oc1ccc(C(*)=O)cc1,egc,3.8697430437633953
173,*C(C*)(CC(=O)OCCOCCOCCOC)C(=O)OCCOCCOCCOC,tg,-61.899963358977615
174,*CNC(=O)C(S1)=CC=C1*,egc,3.938740798116892
175,*CCCNC(=O)C(OC)C(OC)C(=O)N*,egc,5.67534614025425
176,*Oc1ccc(cc1)NC(=O)CCCCCCCCCC(=O)Nc1ccc(cc1)*,tg,153.9934086604943
177,*N1C(=O)c2c(C1=O)cc(cc2)C(=O)Oc1ccc(cc1)c1ccc(cc1)OC(=O)CCCCCCCCCCC*,tg,74.9668626194276
178,*N1C(=O)c2c(C1=O)cc(cc2)Oc1c(cc(cc1C)Cc1cc(c(c(c1)C)Oc1cc2c(C(=O)N(C2=O)c2c(cc(cc2C)c2cc(c(c(c2)C)*)C)C)cc1)C)C,tg,372.69882458288265
179,*Oc1cc2c(cc1)cc(cc2)OC(=O)c1cc(ccc1)Oc1ccc(cc1)Oc1cc(ccc1)C(=O)*,tg,123.24044067038328
180,*N1C(N2N(C1=O)C(N(C2=O)c1ccc(cc1)Oc1ccc(cc1)*)c1ccc(cc1)OC)c1ccc(cc1)OC,tg,215.97399636004957
181,*Nc1ccc(-c2ccc(C(*)=O)s2)s1,eps,6.914450529496152
182,*NC(S1)=CC=C1C(C=C2)=CC=C2C(=S)*,egc,2.737524520423643
183,*c1nc2c(nc1)cc(cc2)Oc1cc2c(nc(cn2)c2ccc(cc2)c2ccc(cc2)*)cc1,tg,291.4849379063215
184,*CC(*)(F)C#N,egc,7.254807965769901
185,*NC(F)(F)NC(*)(F)F,nc,1.5345153277821217
186,*c3ccc(Oc2ccc(n1c(=O)c(=O)n(*)c1=O)cc2)cc3,egc,3.7148651560348447
187,*C(=S)Oc1ccc(-c2ccc(*)cc2)s1,eea,2.9105226470081966
188,*Oc1ccc(OC(=O)c2cccc(C(*)=O)c2)cc1,egc,3.848529849107911
189,*c1cc2c(C(=O)N(C2=O)c2ccc(cc2)C(=O)OCCCCCCCCOC(=O)*)cc1,tg,72.65175770235933
190,*Oc1ccc(C2(c3ccc(OC(=O)CCCCCCCCC(*)=O)cc3)c3ccccc3Cc3ccccc32)cc1,egc,4.468516557159223
191,*CC(=O)c1ccc(-c2ccc(*)cc2)cc1,eea,2.2794394425188536
192,*Oc1ccc(cc1)C(c1ccc(cc1)OCCCCCC*)(C)C,tg,22.16279975018265
193,*Nc1ccc2c(c1)Cc1cc(NC(=O)c3cc(C(=O)O)c(C(*)=O)cc3C(=O)O)ccc1-2,egc,3.1940401612416607
194,*N1C(=O)c2c(C1=O)cc(cc2)c1cc2c(C(=O)N(C2=O)c2c(cc(c(c2)*)O)O)cc1,tg,333.6273115423743
195,*Oc1cc(ccc1)NC(=O)CCCCCC(=O)Nc1cc(ccc1)OCC(COc1ccc(cc1)C(c1ccc(cc1)OCC(C*)O)(C)C)O,tg,92.17853137464081
196,*Nc1ccc(cc1)c1ccc(cc1)NC(=O)c1cc(ccc1)C(=O)*,tg,285.17274295628874
197,*c1cc2c(C(=O)N(C2=O)c2ccc(cc2)C(=O)Nc2ccc(cc2)C(=O)OCCCCCCOC(=O)*)cc1,tg,105.46734896027796
198,*N1C(=O)c2c(C1=O)cc(cc2)Oc1cc2c(C(=O)N(C2=O)c2ccc(cc2)Oc2ccc(cc2)C(=O)c2ccc(cc2)Oc2ccc(cc2)*)cc1,tg,218.79163455801944
199,*c1ccc2n(c3c(c2c1)cc(cc3)C=Nc1ccc(cc1)C(=O)OCCCCOCCCCOCCCCOC(=O)c1ccc(cc1)N=C*)CC(CCCC)CC,tg,70.50399467414675
200,*Nc1ccc(-c2ccc(-c3ccc(*)s3)cc2)cc1,egb,2.3780525934440884
201,*c1ccc(-c2csc(-c3cccc(-c4nc(*)cs4)n3)n2)cc1,egc,3.3586984994504716
202,*N(c1ccc(cc1)C(=O)*)CCCCC,tg,76.10444082696682
203,*c1sc(cc1C(=O)OCCCCCCCCCCOc1ccc(cc1)c1ccc(cc1)OC(=O)c1ccc(cc1)OCC(CCCCCC)F)*,tg,39.56368156410832
204,*Oc1ccc2ccc(OC(=O)Oc3ccc(OC(*)=O)cc3)cc2c1,egc,4.419516560580793
205,*c1c([nH]c(n1)c1ccc(cc1)c1[nH]c(c(n1)c1ccc(cc1)Oc1ccc(cc1)C(=O)c1ccc(cc1)Oc1ccc(cc1)*)c1ccccc1)c1ccccc1,tg,273.0120789271906
206,*C(C*)c1ccc(cc1)[Si](O[Si](C)(C)C)(C)C,tg,101.35204743794955
207,*N(c1cc2c(cc1)ccc(c2)N(c1ccc(cc1)c1ccc(cc1)*)c1ccc(cc1)OC)c1ccc(cc1)OC,tg,238.98717635116074
208,*OC(=O)c1cc(ccc1)C(=O)OCCc1ccc(cc1)NC(=O)c1cc(ccc1)C(=O)Nc1ccc(cc1)CC*,tg,128.8310998892045
209,*C(C*)C(=O)Oc1ccc(cc1)OC,tg,80.8648480130399
210,*Oc1ccc(cc1)Oc1ccc(cc1)NC(=O)c1ccc(cc1)Oc1ccc(cc1)C(c1ccc(cc1)C(c1ccc(cc1)Oc1ccc(cc1)C(=O)Nc1ccc(cc1)*)(C)C)(C)C,tg,173.76127148426696
211,*OC(=O)c1ccc(cc1)C(=O)OCC(C(C*)C(C)C)C(C)C,tg,70.86861196122592
212,*C(C*)(C(=O)OCCCCCCOc1ccc(cc1)N=Nc1ccc(cc1)C1OCC2(CO1)CC1C=CC2C1)C,tg,111.2256940940439
213,*Oc1ccc(cc1)NC(=O)c1cc(cc(c1)S(=O)(=O)c1ccccc1)C(=O)Nc1ccc(cc1)*,tg,272.89160014898096
214,*C(C*)(C(=O)OCCCCCCOc1ccc(cc1)C(=O)Oc1ccc(cc1)C(=O)C=Cc1c(c2c(n1CCCC)cccc2)C)C,tg,60.5860226696368
215,*OC(=O)NCCCCCCNC(=O)OCCOCC*,tg,21.68774873978996
216,*C(C*)(C(=O)Oc1ccc(cc1)c1oc(nn1)c1ccc(cc1)C(C)(C)C)C,tg,155.28290988155655
217,*OC(=O)OCc1ccc(cc1)COC(=O)OCCN(CC*)c1ccc(cc1)N=Nc1ccc(cc1)[N+](=O)[O-],tg,99.46350769501015
218,*C1COC2C1OCC2Oc1ccc(cc1)NC(=O)c1cc(ccc1)C(=O)Nc1ccc(cc1)O*,tg,153.15013798053383
219,*c1nnc(nc1c1ccc(cc1)Oc1ccc(cc1)C(c1ccc(cc1)Oc1ccc(cc1)*)(C)C)c1ncccc1,tg,219.01812312726318
220,*C(=S)Oc1ccc(-c2ccc(*)s2)s1,eps,5.825418304357262
221,*Oc1ccc(cc1)S(=O)(=O)c1ccc(cc1)Oc1c(cc(cc1C)C(c1cc(c(c(c1)C)*)C)(C(F)(F)F)C(F)(F)F)C,tg,206.62729095471448
222,*Oc1cc(cc(c1)C(=O)Oc1ccc(cc1)N=Nc1ccc(cc1)C#N)Oc1ccc(cc1)C(c1ccc(cc1)*)(C)C,tg,157.75537154243617
223,*C(=O)Nc1cccc(C#Cc2cccc(N3C(=O)c4ccc(*)cc4C3=O)c2)c1,egc,2.835918822390518
224,*Oc1ccc(cc1)S(=O)(=O)c1ccc(cc1)Oc1c(cc(cc1)C(c1cc(c(cc1)*)Cl)(C)C)Cl,tg,192.31560038323823
225,*c1cc2c(C(=O)N(C2=O)c2ccc(cc2)C(=O)c2ccc(cc2)Cc2cc(ccc2)N2C(=O)c3c(C2=O)cc(cc3)C(=O)*)cc1,tg,272.30427691598163
226,*Nc1cc(cc(c1)c1oc(nn1)c1ncccc1)NC(=O)c1cc(ccc1)C(=O)*,tg,231.39232622905803
227,*Oc1c(cc(c(c1)OC(=O)c1ccc(cc1)OC)OC(=O)CCCCCCCCCCCCCCC(=O)*)OC(=O)c1ccc(cc1)OC,tg,48.10839233221555
228,*c1c([nH]c(n1)c1ccc(cc1)c1[nH]c(c(n1)c1ccc(cc1)Oc1ccc(cc1)C(=O)c1ccc(cc1)c1ccc(cc1)C(=O)c1ccc(cc1)Oc1ccc(cc1)*)c1ccccc1)c1ccccc1,tg,270.4738638546379
229,*Nc1ccc(cc1)C(c1ccc(cc1)NC(=O)c1ccc(cc1)C(=O)*)(C(F)(F)F)C(F)(F)F,tg,277.7870152026105
230,*C=C(*)c1ccc(N)cc1,egc,0.6882589360863703
231,*N1C(=O)c2c(C1=O)cc(cc2)Oc1ccc(cc1)Sc1ccc(cc1)Oc1cc2c(C(=O)N(C2=O)c2ccc(cc2)Oc2ccc(cc2)*)cc1,tg,203.4863400321945
232,*C(C*)(CC(=O)OCCCC1CCCCC1)C(=O)OCCCC1CCCCC1,tg,34.46852294450878
233,*Oc1ccc(cc1)CC(NC(=O)CCc1ccc(cc1)OC(=O)CCCCCCC(=O)*)C(=O)OC,tg,54.24350702821915
234,*N1C(=O)C2C(C1=O)C(Cc1ccccc21)C1C(=O)N(C(=O)C1)c1cc(cc(c1)C(=O)OCCCC)*,tg,264.3916478546821
235,*Oc1cc(ccc1)NC(=O)c1cc(ccc1)OCC(COc1ccc(cc1)C(c1ccc(cc1)OCC(C*)O)(C)C)O,tg,130.21677397596366
236,*c1ccc(Oc2cc3ccccc3cc2Oc2ccc(-n3c(=O)c4cc5c(=O)n(*)c(=O)c5cc4c3=O)cc2)cc1,egc,1.9993374935345023
237,*CC1CCC(COC(=O)C2CCC(C(=O)O*)CC2)CC1,egb,6.486481339624123
238,*OP(=O)(N=Nc1ccc(cc1)c1ccc(cc1)N=NP(=O)(OCCCCCC*)OC)OC,tg,20.42487974901687
239,*CC(*)C(=O)OC(CC)CC,egc,6.2654455399979785
240,*Oc1ccc(cc1)c1ccc(cc1)Oc1ccc(cc1)C(=O)c1ccc(cc1)*,tg,165.54709418602218
241,*N1C(=O)c2c(C1=O)cc(cc2)c1cc2c(C(=O)N(C2=O)c2ccc(cc2)N(c2ccc(cc2)*)c2ccc(cc2)C#N)cc1,tg,321.23359128872147
242,*Oc1ccc(cc1)C1(c2ccccc2c2ccccc12)c1ccc(cc1)Oc1c(cc(cc1)c1ccc(cc1)c1cc(c(cc1)*)C(F)(F)F)C(F)(F)F,tg,226.20735749670717
243,*CC(S1)=CC=C1CC(S2)=CC=C2*,egc,4.2970673688114145
244,*C=CCC(C*)(c1ccccc1)c1ccccc1,egc,3.9556011861811253
245,*C1C(=O)N(C(=O)C1CC*)CCCCCCCCCCCCCC,tg,57.93967089586225
246,*Oc1ccc(cc1)N(c1ccc(cc1)c1ccc(cc1)N(c1ccc(cc1)*)c1ccc(cc1)OCCCCCC)c1ccc(cc1)OCCCCCC,tg,115.74969819960796
247,*Oc1ccc(cc1)C1(C(CC(CC1)C(C)C)c1ccc(cc1)OCC(C*)O)C,tg,124.93091246794759
248,*CCON*,egb,5.949619374950155
249,*NNC(=O)CCCCCCCCCCCC(*)=O,egc,5.851015313082354
250,*C(C*)c1ccc(cc1)C(=O)OCCN(C)C,tg,63.886375643762136
251,*Oc1c(cc(c(c1)OC(=O)c1ccc(cc1)OCC(CC)C)OC(=O)CCCC(=O)*)OC(=O)c1ccc(cc1)OCC(CC)C,tg,60.67106004518797
252,*N1C(=O)c2c(C1=O)cc(cc2)Oc1ccc(cc1)Sc1ccc(cc1)Oc1cc2c(C(=O)N(C2=O)c2ccc(cc2)Oc2ccc(cc2)C(=O)c2cc(ccc2)C(=O)c2ccc(cc2)Oc2ccc(cc2)*)cc1,tg,201.54333804379783
253,*COC(=O)O*,ei,7.88823291297256
254,*N1C(=O)C2C(C1=O)C(=CC(C2)C1C(=O)N(C(=O)C1)c1cc(ccc1)c1cc(cc(c1)C(=O)Nc1ccc(cc1)OC(=O)c1cc(c(c(c1)OCCCCCCCCCCCC)OCCCCCCCCCCCC)OCCCCCCCCCCCC)c1cc(ccc1)*)C,tg,213.01145170392857
255,*OC(=O)CCSCCCCCCSCCC(=O)OCCCC*,tg,-61.170683437182284
256,*CCC(=O)O*,egb,6.477175645201427
257,*Oc1ccc(C(=S)c2ccc(*)cc2)s1,nc,2.0209597521989946
258,*C1(CCN(CC1)C(=O)CCCC(=O)N1CCC(CC1)(CCC*)C)C,tg,88.71209298789827
259,*N1C(=O)c2c(C1=O)cc(cc2)Oc1c(cc(cc1C)C(c1cc(c(c(c1)C)Oc1cc2c(C(=O)N(C2=O)c2cc(c(cc2)c2c(cc(cc2)*)C(F)(F)F)C(F)(F)F)cc1)C)(C)C)C,tg,279.5537998697508
260,*Nc1ccc(OC(*)=S)cc1,eea,2.205778265766123
261,*NC1CCC(CC2CCC(NC(=O)CCCCC(*)=O)CC2)CC1,egc,5.628349091968435
262,*CCOCCOCCOC(=O)C1CCC(C(=O)O*)CC1,egc,6.472659780538542
263,*O[Si](CCC(C(C(C(CC[Si](*)(CCC(F)(F)F)C)(F)F)(F)F)(F)F)(F)F)(CCC(F)(F)F)C,tg,-21.290959302448297
264,*c1ccc(C(F)(F)CC(*)(F)F)s1,eps,3.6178322551278472
265,*CCCCCCCCCOc1ccc(C=CC=Cc2ccc(O*)c(C)c2)cc1C,egc,3.3481412704802795
266,*c1ccc(-c2cc(CCCCCCBr)c(*)s2)s1,egc,1.90034462572665
267,*NOC(=S)O*,egb,4.207869816209186
268,*CC(=O)NC(*)=O,eea,1.6113174428230936
269,*Oc1c(cc(cc1)Oc1ccc(cc1)NC(=O)c1ccc(cc1)Oc1c(cc(cc1)Oc1ccc(cc1)C(=O)Nc1ccc(cc1)*)C)C,tg,200.44906114440911
270,*Oc1ccc(-c2ccc(-c3ccc(*)cc3)cc2)cc1,egb,3.503401031664076
271,*C=CC(C(*)C(=O)OC12CC3CC(CC(C1)C3)C2)C,tg,162.94398589504559
272,*C(C*)(c1ccccc1)C,tg,132.22450852480048
273,*Oc1ccc(Oc2ccc(OC(*)=O)cc2)cc1,egc,4.922968750654476
274,*C=C(*)OCCCC,egc,5.3146218194875114
275,*N1C(=O)c2c(C1=O)cc(cc2)c1cc2c(C(=O)N(C2=O)c2cc(c(cc2)c2c(cc(cc2)*)C(F)(F)F)C(F)(F)F)cc1,tg,316.57754161654344
276,*N1C(=O)c2c(C1=O)c(ccc2)c1cc2c(C(=O)N(C2=O)c2cc(ccc2)OCCCCOc2cc(ccc2)*)cc1,tg,177.20468322901164
277,*c1nc2c(cc1)cccc2OC(=O)c1ccc(cc1)C(=O)Oc1c(c2c(cc1)cccc2)C=C*,tg,202.64705949279613
278,*C(C*)C(=O)OCCCSCC,tg,-86.14401488857209
279,*Oc1cccc2c(OC3(F)C(*)(F)C(F)(F)C3(F)F)cccc12,egc,3.9358366593918346
280,*Oc1ccc(cc1)S(=O)(=O)c1ccc(cc1)Oc1c(cc(cc1)C(c1cc(c(cc1)*)Br)(C(F)(F)F)C(F)(F)F)Br,tg,191.53800969049084
281,*CCCNC(=O)CCCCCCCCC(=O)NCCCNC(=O)C(=O)N*,egc,4.975606136796493
282,*C(C*)(C(=O)OCCCc1ccc(cc1)N=Nc1ccc(cc1)OC(F)(F)F)C,tg,213.15868355764974
283,*c1cc2c(C(=O)N(C2=O)c2ccc(cc2)Oc2ccc(cc2)N2C(=O)c3c(C2=O)cc(cc3)C(=O)N2C(=O)N(C(=O)C2(CC)CC)C(=O)*)cc1,tg,197.16208057903393
284,*Oc1c(cc(cc1C)S(=O)(=O)c1cc(c(c(c1)C)OCC(COc1ccc(cc1)S(=O)(=O)c1ccc(cc1)OCC(C*)O)O)C)C,tg,135.53141138784494
285,*c1cc2c(C(=O)N(C2=O)c2cc(c(cc2)Oc2ccc(cc2)C(=O)c2cc(ccc2)N2C(=O)c3c(C2=O)cc(cc3)C(*)(C(F)(F)F)C(F)(F)F)C(F)(F)F)cc1,tg,238.6776372664417
286,*S(=O)(=O)c1ccc(cc1)NC(=O)CCCCCCCC(=O)Nc1ccc(cc1)*,tg,130.60554027955465
287,*N1C(=O)N(C(=O)C1=O)c1ccc(cc1)Cc1ccc(cc1)N1C(=O)N(C(=O)C1=O)c1c(cccc1)CCc1ccc(cc1)*,tg,219.88922775921603
288,*CCOCCOC(=O)C(CCC)C(=O)O*,egc,6.535986187594202
289,*C(C*)(c1ccc(cc1)C(O)C(F)(F)F)C,tg,133.44785904923873
290,*Oc1ccc(C(C)(CC)c2ccc(OC(*)=O)c(Cl)c2)cc1Cl,egc,4.655713895846265
291,*c1sc(cc1)*,tg,124.51092220602418
292,*Oc1cccc(NC(=O)c2ccc([Si](c3ccccc3)(c3ccccc3)c3ccc(C(*)=O)cc3)cc2)c1,egc,3.8557284424016682
293,*C1COC2C1OCC2OC(=O)CCC(=O)O*,tg,92.09893110808109
294,*OC(COC(=O)c1c(cccc1)C(=O)*)COc1ccc(cc1)N=Nc1ccc(cc1)C#N,tg,118.82706921262901
295,*OCC(F)(F)C(F)(F)C(F)(F)COc1nc(F)nc(*)c1F,egc,5.11806006130733
296,*Oc1ccc(cc1)SSc1ccc(cc1)*,tg,116.40488964440699
297,*c1sc(cc1CCCCCCCC)c1sc(c(c1)CCCCCCCC)c1ccc(cc1)*,tg,43.5475630490469
298,*O[Si](*)(CCC(C(C(C(F)(F)F)(F)F)(F)F)(F)F)C,tg,-23.116450353676523
299,*N1C(=O)c2c(C1=O)cc(cc2)Oc1c(cccc1)Oc1cc2c(C(=O)N(C2=O)c2ccc(cc2)Oc2c(cccc2)Oc2ccc(cc2)*)cc1,tg,200.12658047415306
300,*NC(C)C(=O)NCCCCCCCCCCC(*)=O,egc,5.8882337585627695
301,*NC(=O)OC(S1)=CC=C1*,egc,4.374522516209768
302,*CNc1ccc(N*)cc1,ei,5.060337701446185
303,*CC(O)COc1ccc(C(C)(C)c2ccc(OCC(O)COc3cccc(O*)c3)cc2)cc1,egc,4.184418312827068
304,*CNc1ccc(O*)cc1,eps,4.105580899532977
305,*CCCCCCCNC(=O)c1ccc(C(=O)N*)cc1,egc,4.87914678607234
306,*Oc1c(c2c(cc1)cccc2)Sc1c2c(ccc1OCC(=O)Nc1ccc(cc1)Oc1ccc(cc1)NC(=O)C*)cccc2,tg,250.81873643661362
307,*C(=S)C(F)(F)NC(*)(F)F,egb,3.052956835244509
308,*c1ccc(-c2nc3ccc(-c4ccc5nc(*)oc5c4)cc3o2)cc1,egc,3.2276638343613344
309,*c1cc2c(=O)n(c(=O)c3ccc4c5c(cc6c(=O)n(c(=O)c7ccc(c1c4c23)c5c67)CCCCCCCC)Oc1ccc(cc1)C=Cc1c(cc(c(c1)OCCCCCCCC)C=Cc1ccc(cc1)O*)OCCCCCCCC)CCCCCCCC,tg,117.80008983043943
310,*Oc1ccc(-c2ccc(C(*)=O)s2)s1,egb,2.3101760736107413
311,*Nc1ccc(C(=O)O*)cc1,eea,2.1969189129921904
312,*Nc1cc(NC(=O)c2ccc(C(*)=O)cc2)ccc1Cl,egc,3.4489109027883584
313,*Oc1cc2c(C(CC2(C)C)(c2ccc(cc2)OCC(C*)O)C)cc1,tg,148.30359929117364
314,*Cc1ccc(-c2ccc(O*)cc2)s1,eps,4.03402460866003
315,*CCCCCCCC[N+](C)(C)CCCCCC[N+](*)(C)C,egc,0.13810753914071006
316,*CC(*)c1cc[n+](CCCC)cc1,egc,3.098062590759329
317,*CC(=O)NCCCCCCNC(=O)Cc1ccc(*)s1,egc,4.6903305178659505
318,*C(=O)C(F)(F)C(=O)C(*)(F)F,eps,3.7897401233607426
319,*N1CCN(CC1)CC(COc1ccc(cc1)C(c1ccc(cc1)OCC(C*)O)(C)C)O,tg,73.2369965732062
320,*CNCC(*)=S,nc,1.8719717152658022
321,*CC(=O)C(=S)c1ccc(*)s1,ei,6.387071705637554
322,*C(=O)Nc1cccc(NC(=O)c2ccc3c(c2)C(=O)N(c2ccc(Oc4cccc5c(N6C(=O)c7ccc(*)cc7C6=O)cccc45)cc2)C3=O)n1,egc,2.9281471594863455
323,*Oc1ccc(Cc2ccc(*)cc2)cc1,nc,1.807217241170728
324,*Nc1ccc(OC(*)=S)s1,eea,2.33659753387205
325,*C(F)(F)NC(F)(F)C(=S)*,egc,3.598580896495698
326,*CCCCCCCCCNC(=O)c1cccc(C(=O)N*)c1,egc,4.949150286244874
327,*C(C*)(C(=O)OCCCCCCCCCCOc1ccc(cc1)OC(=O)c1cc(c(cc1)OC)Br)C,tg,37.869994602092824
328,*C1C=CC(*)S1,egc,4.934122746078632
329,*C1C(CC(C1)CC(O)(C(F)(F)F)C(F)(F)F)(C(C*)(F)F)F,tg,130.2204870806577
330,*Oc1c(cc(c(c1)OC(=O)c1ccc(cc1)OCCCC)OC(=O)CCCC(=O)*)OC(=O)c1ccc(cc1)OCCCC,tg,44.79653089157431
331,*OC(=O)/C=C/C(=O)OCCCC*,tg,33.96478194880998
332,*CCCCCCNC(=O)NCCNC(=O)N*,egc,5.56516929752663
333,*Sc1ccc(Nc2ccc(Nc3ccc(Nc4ccc(*)cc4)cc3)cc2)cc1,egc,3.3421221338755602
334,*CCCCCCOC(=O)CCCCCC(=O)O*,egc,6.789736446544037
335,*C(C*)(C(=O)Oc1ccc(cc1)N=Nc1ccc(cc1)C#N)C,tg,146.89494567717642
336,*Cc1ccc(NO*)s1,egb,3.890875861068359
337,*NC(=O)NC(=O)c1ccc(C(=S)c2ccc(-c3ccc(*)s3)s2)s1,nc,2.2656289374144603
338,*Oc1ccc(cc1)NC(=O)c1cc(ccc1)C(=O)Nc1ccc(cc1)OCCCCC*,tg,129.37189297350895
339,*[Si](Cc1c(cccc1)C*)(C)C,tg,65.85306075953096
340,*c1nc2c(nc1c1ccccc1)cc(cc2)Oc1cc2c(nc(c(n2)c2ccccc2)c2cc(ccc2)*)cc1,tg,286.4981977462526
341,*C(C*)(C(=O)NC(=O)OC(COc1c(cc(cc1Br)S(=O)(=O)c1cc(c(c(c1)Br)OCC(O)C)Br)Br)C)C,tg,104.64162562446751
342,*C(C*)(C(=O)OCCCCCCN1CCN(CC1)c1ccc(cc1)N=Nc1ccc(cc1)[N+](=O)[O-])C,tg,72.03380580065308
343,*OC(F)(F)C(=O)C(*)(F)F,eps,3.87323614862914
344,*c1sc(*)c2nc(CCCCCCCCCCC)c(CCCCCCCCCCC)nc12,egc,2.3220146931074273
345,*Oc1ccc(cc1)NC(=O)c1ccc(cc1)OCC(COc1ccc(cc1)C(c1ccc(cc1)OCC(C*)O)(C)C)O,tg,137.3030256345179
346,*c1cc(Br)c(Oc2c(Br)cc(N3C(=O)c4ccc(Oc5ccc6c(c5)C(=O)N(*)C6=O)cc4C3=O)cc2Br)c(Br)c1,egc,2.8609535497561156
347,*c1ccc(-c2nc3cc4nc(*)oc4cc3o2)cc1,eps,4.811405248884416
348,*OC(=O)c1ccc(cc1)N=Cc1c(cc(c(c1)OCCC(CCCC(C)C)C)C=Nc1ccc(cc1)C(=O)OCCCCOCCCCOCCCC*)OCCC(CCCC(C)C)C,tg,43.76569973774399
349,*C(=CCC*)CCCCCCCCCC,tg,-80.28448698383175
350,*C(C*)c1c2c(OCO2)ccc1,tg,73.79386942981508
351,*N1C(=O)c2c(C1=O)c(ccc2)Oc1ccc(cc1)C(=O)c1ccc(cc1)Oc1c2c(C(=O)N(C2=O)c2cc(ccc2)*)ccc1,tg,259.1903565827485
352,*OC(=O)NCC(C(C(C(CNC(=O)OCC(C(C(C*)(F)F)(F)F)(F)F)(F)F)(F)F)(F)F)(F)F,tg,41.789210273787866
353,*Cc1ccc(Nc2ccc(*)s2)s1,eea,0.9254704956323903
354,*CCNC(=O)CCCCCCCCCCCCCCCCC(=O)N*,egc,5.8901499872171295
355,*c1cc2c(C(=O)N(C2=O)c2c(cc(cc2)N2C(=O)c3c(C2=O)cc(cc3)C(=O)*)S(=O)(=O)O[Na])cc1,tg,303.0306171902123
356,*N1C(=O)c2c(C1=O)cc(cc2)Oc1cc2c(C(=O)N(C2=O)c2cc(c(cc2)Oc2ccc(cc2)C(=O)c2nc(ccc2)C(=O)c2ccc(cc2)Oc2c(cc(cc2)*)C(F)(F)F)C(F)(F)F)cc1,tg,212.01540891438444
357,*C(=O)Nc1ccc(C(c2ccc(NC(=O)c3ccc(N4C(=O)c5ccc(*)cc5C4=O)cc3C)cc2)(C(F)(F)F)C(F)(F)F)cc1,egc,3.1277872486298515
358,*C(C*)CC[Si](C)(C)C,tg,43.009140791365894
359,*Oc1ccc(C(=O)OCCOC(=O)c2ccc(*)cc2)cc1,egc,4.586492274904261
360,*Oc1ccc(cc1)C(=O)c1cc(ccc1)C(=O)c1ccc(cc1)Oc1ccc(cc1)Cc1ccc(cc1)*,tg,134.1143589757464
361,*C(F)(F)C(F)(F)NC(C=C1)=CC=C1*,egc,4.35496341241843
362,*CC(*)(C)C(=O)OCC(=O)N1CCCC1,egb,5.149608795858881
363,*C(C(*)(C([2H])([2H])[2H])[2H])([2H])[2H],tg,49.09012514060901
364,*C(C=C1)=CC=C1OC(C=C2)=CC=C2O*,egc,4.4302707834422
365,*CCCCCCCCCCCCOC(=O)NCc1ccc(CNC(=O)O*)cc1,egc,5.358347232886826
366,*Oc1ccc(cc1)CC(NC(=O)Cc1ccc(cc1)OC(=O)CCC(=O)*)C(=O)OCC,tg,77.98417994315292
367,*Oc1ccc(-c2ccc(OC(=O)CCCCCCCCCCCC(*)=O)cc2)cc1,egc,4.56274786447478
368,*c1cc2c(C(=O)N(C2=O)c2cc(c(cc2)Oc2ccc(cc2)C(c2ccc(cc2)Oc2c(cc(cc2)N2C(=O)c3c(C2=O)cc(cc3)C(*)(C(F)(F)F)C(F)(F)F)C(F)(F)F)(C(F)(F)F)C(F)(F)F)C(F)(F)F)cc1,tg,237.11721115962405
369,*CC(*)CCc1ccc(C)cc1,egb,4.8799617454079
370,*O[Si](CCC(C(C(C(C(C(CC[Si](*)(CCC(F)(F)F)C)(F)F)(F)F)(F)F)(F)F)(F)F)(F)F)(CCC(F)(F)F)C,tg,-15.775478500512445
371,*N1C(=O)c2c(C1=O)cc(cc2)Oc1cc2c(cc1)ccc(c2)Oc1cc2c(C(=O)N(C2=O)c2cc(cc(c2)C(F)(F)F)*)cc1,tg,269.7059646087991
372,*C(C*)(C(=O)OCC1COCCOCCOCCOCCOC1)C,tg,42.355128554754224
373,*C(C*)n1c2ccccc2c2ccccc12,tg,151.95597810376347
374,*OC(=O)CCCCCNC(=O)CCCCC(=O)NCCCCCC(=O)OCCCCCC*,tg,-16.38523452491061
375,*OP(=O)(Oc1ccc(cc1)c1ccc(cc1)*)Oc1ccccc1,tg,112.56459834078197
376,*Oc1ccc(NC(=C(C#N)C#N)c2ccc3cc(C(Nc4ccc(*)cc4)=C(C#N)C#N)ccc3c2)cc1,egc,2.9422190174163028
377,*c1cc(CC(=O)O)c(*)s1,egc,2.531725019632614
378,*CNOc1ccc(*)s1,egb,4.10090473425027
379,*N1CCC(CCc2ccc(N3C(=O)c4ccc(N5C(=O)C(=O)N(*)C5=O)cc4C3=O)cc2)CC1,egc,3.4506303994704184
380,*CC(*)F,eea,0.6822693275099081
381,*CC(=O)NCCCCCCNC(=O)COC(=O)CCCCCCC(=O)O*,egc,6.128223673810828
382,*COC(=O)O*,egb,6.677060975896785
383,*c1c(cc(c(c1)OC)C(=Cc1c(cc(c(c1)OC)C=C(*)C#N)OCCCCCCCCCCCCCCCC)C#N)OCCCCCCCCCCCCCCCC,tg,181.69628475775534
384,*CCOC(=O)c1ccc(C(=O)O*)cc1,nc,1.7962935727744762
385,*CNc1ccc(N*)cc1,egb,4.077922467273605
386,*Oc1ccc(cc1)C1(c2ccccc2c2ccccc12)c1ccc(cc1)OC(=O)c1cc(ccc1)C(=O)*,tg,274.284361990767
387,*C#Cc1ccc(*)s1,egc,2.481071582595189
388,*CCOC(=O)c1ccc(-c2ccc(C(=O)O*)cc2C)c(C)c1,egc,4.317385128823194
389,*N1CCN(CC1)C(=O)OCCOC(=O)c1ccc(cc1)C(=O)OCCOC(=O)*,tg,72.81245024078652
390,*c1ccc2oc(-c3ccc4nc(*)oc4c3)nc2c1,eps,5.386380779559346
391,*Oc1ccc(cc1)C(c1ccc(cc1)Oc1ccc(cc1)C(=O)c1ccc(cc1)C(c1ccc(cc1)C(=O)c1ccc(cc1)*)(C(F)(F)F)C(F)(F)F)(C)C,tg,156.91353875365178
392,*OC(C)CCCCC(*)=O,egc,6.525661616904314
393,*Oc1ccc(CC(*)=O)cc1,eps,3.4504549295560154
394,*N1C(=O)c2c(C1=O)cc(cc2)S(=O)(=O)c1cc2c(C(=O)N(C2=O)c2cc(c(cc2)c2c(cc(cc2)*)C(F)(F)F)C(F)(F)F)cc1,tg,321.5425106470016
395,*N1C(=O)c2c(C1=O)cc(cc2)C(c1cc2c(C(=O)N(C2=O)CCN(CC*)c2ccc(cc2)N=Nc2ccc(cc2)C2OCCO2)cc1)(C(F)(F)F)C(F)(F)F,tg,172.7383787637932
396,*NC(=O)C(=S)C(=O)*,egc,2.4937406552644714
397,*CC(CC(CC(*)c1ccccn1)c1ccccn1)c1ccccn1,nc,1.8022554762183804
398,*CC(C#N)(C#N)*,egc,6.580926562455879
399,*c1c(c(cc(c1)C(c1ccc(cc1)O)(C)C)*)O,tg,189.71604165553262
400,*c1nc2c(n1c1ccc(cc1)n1c(nc3c1cccc3)c1ccc(cc1)Oc1ccc(cc1)C(=O)c1ccc(cc1)Oc1ccc(cc1)C(=O)c1ccc(cc1)Oc1ccc(cc1)*)cccc2,tg,229.59903927172948
401,*CC(=O)OC(*)=O,nc,1.6658769247482594
402,*C(=O)c1ccc(C(=S)c2ccc(*)s2)cc1,ei,6.348034508404286
403,*c1ccc(OC(=S)c2ccc(*)s2)cc1,eps,5.526007995474102
404,*CCOCC(=O)NCCCCCCNC(=O)CO*,egc,5.962374568450458
405,*OC1CCC(CC1)OC(=O)OCCCCCOC(=O)*,tg,2.1430618879126904
406,*CCCCCC(=O)O*,ei,7.522593023974743
407,*OCOCCSSCC*,tg,-58.46520808270819
408,*CC1(C)CC(CC2(C)CC(N3C(=O)N4C(c5ccc(OC)cc5)N(*)C(=O)N4C3c3ccc(OC)cc3)CC(C)(C)C2)CC(C)(C)C1,egc,3.8467675775005743
409,*NC(=O)OC(*)=S,egb,3.1191502521243173
410,*Oc1ccc(NC(=O)c2cc(NC(=O)C34CC5CC(CC(C5)C3)C4)cc(C(=O)Nc3ccc(*)cc3)c2)cc1,egc,3.4080116776868654
411,*Nc1cc(-c2ccc(-c3ccc4nc5c6cccc7c(*)ccc(c(=O)n5c4c3)c76)cc2)ccc1O,egc,2.537979482748431
412,*C(C*)(CC(=O)OCCCCCCCC)C(=O)OCCCCCCCC,tg,-16.28768593978909
413,*c1nc2c(nc1c1cc3c(cc1)cccc3)cc(cc2)c1cc2c(nc(c(n2)c2cc(ccc2)*)c2cc3c(cc2)cccc3)cc1,tg,327.8402956591434
414,*CCCCCCOC(=O)NNC(=O)CCCCCCCCC(=O)NNC(=O)O*,egc,5.785804845870593
415,*NC(=O)CCCCCNC(=O)CCCCCCCCCC*,tg,50.681562167552634
416,*CCCCCC(=O)O*,eps,3.1016580948354857
417,*CCCCCCOC(=O)CCCCCCCCC(=O)O*,egc,6.785678891240299
418,*C=CC(C*)(C(F)(F)F)C(F)(F)F,egb,6.016688344467913
419,*CC(CS(=O)(=O)CC)O*,egc,5.972320956542056
420,*Oc1cc(C)c(*)cc1C,egc,4.417685634326906
421,*c1nc(ccc1)Oc1c(cc(cc1)O*)c1ccccc1,tg,148.86714377967297
422,*N(c1ccc(cc1)c1ccc(cc1)*)c1ccc(cc1)CCCC,tg,176.4824872866888
423,*Oc1ccc(cc1)NCC(=O)c1ccc(cc1)Sc1ccc(cc1)C(=O)CNc1ccc(cc1)*,tg,208.57630788730404
424,*NNC(=O)c1cc(cc(c1)NC(=O)c1cc2c(C(=O)N(C2=O)c2ncc(cc2)C)cc1)C(=O)NNC(=O)CCCC(=O)*,tg,137.81977424779345
425,*CCOCC(=O)NCCNC(=O)CO*,egc,5.975956121123858
426,*N1C(=O)C(CC1=O)Nc1cc(ccc1)NC1C(=O)N(C(=O)C1)c1c(cc(cc1C)C(c1cc(c(c(c1)C)*)C)c1cnccc1)C,tg,216.44646503202824
427,*CNC(=O)c1ccc(*)s1,egb,3.6058297920926807
428,*Oc1ccc(cc1)C(=O)Nc1cc(cc(c1)c1nc2c([nH]1)cccc2)NC(=O)c1ccc(cc1)OCC*,tg,226.60348001054217
429,*c1ccc(*)s1,egc,2.786974913054533
430,*CCOC(=O)c1ccc(O*)c(Cl)c1,egc,4.2757966953133835
431,*c1cc2c(C(=O)N(C2=O)c2ccc(cc2)C(=O)c2ccc(cc2)C(=O)c2ccc(cc2)N2C(=O)c3c(C2=O)cc(cc3)C(=O)c2ccc(cc2)C(=O)*)cc1,tg,277.4995887071772
432,*Oc1ccc(cc1)c1ccc(cc1)OC1(C(C(C1(F)F)(F)F)(*)F)F,tg,147.615603768615
433,*N(CC*)C(=O)CCCC,tg,20.25384812872933
434,*CC(CC(CC(CC(*)c1ccccc1)c1ccccc1)c1ccccc1)c1ccccc1,ei,6.457129785673959
435,*OP(=O)(OCCCCCCCCOc1c(cc(cc1)C=C1C(=O)C(=Cc2cc(c(cc2)OCCCCCCCC*)OC)CC1)OC)OC,tg,64.18315455234003
436,*c1cc2c(C(=O)N(C2=O)c2ccc(cc2)NC(=O)Nc2ccc(cc2)N2C(=O)c3c(C2=O)cc(cc3)C(=O)Nc2ccc(cc2)c2ccc(cc2)NC(=O)*)cc1,tg,225.2982083550777
437,*Oc1c(cc(cc1)NC(=O)Nc1c(ccc(c1)NC(=O)Nc1cc(c(cc1)*)c1ccc(cc1)Oc1ccccc1)C)c1ccc(cc1)Oc1ccccc1,tg,222.5307871025425
438,*Oc1ccc(cc1)C(=O)c1ccc(cc1)OC(=O)c1ccc(cc1)C(c1ccc(cc1)C(=O)*)(C)C,tg,170.94146798578498
439,*CCCCCCNC(=O)CCCC(=O)N*,egc,5.891809845749493
440,*Oc1ccc(cc1)NC(=O)c1ccc(cc1)C(c1ccc(cc1)C(=O)Nc1ccc(cc1)Oc1ccc(cc1)C1(C2CC3CC(CC1C3)C2)c1ccc(cc1)*)(C(F)(F)F)C(F)(F)F,tg,259.9634351314568
441,*Nc1ccc(cc1)Nc1ccc(cc1)C(c1ccc(cc1)C(c1ccc(cc1)*)(c1ccccc1)O)(c1ccccc1)O,tg,187.5659233305289
442,*Oc1cc(ccc1)N(c1ccc(cc1)c1ccc(cc1)N(c1cc(ccc1)OC(=O)OCCOCCOC(=O)*)c1ccc(cc1)N=Nc1ccc(cc1)[N+](=O)[O-])c1ccccc1,tg,142.11878047600598
443,*N1C(=O)c2c(C1=O)cc(cc2)c1cc2c(C(=O)N(C2=O)c2c(cc(c(c2C)C(=O)c2cc(ccc2)*)C)C)cc1,tg,321.94252230614217
444,*C(=S)c1ccc(-c2ccc(-c3ccc(*)cc3)s2)cc1,ei,5.563549233528974
445,*C(=S)OC(=S)c1ccc(*)cc1,ei,6.611194151306366
446,*NC(=O)CC(=O)NCCCCCC*,tg,64.9661736958572
447,*CC(=O)N*,eea,1.162062384617832
448,*CCCCCCCCOC(=O)NCCCCCCCCCCNC(=O)O*,egc,6.298853297528596
449,*N1C(=O)c2c(C1=O)c(ccc2)Oc1c(cc(cc1C)c1cc(c(c(c1)C)Oc1c2c(C(=O)N(C2=O)c2c(cc(cc2C)c2cc(c(c(c2)C)*)C)C)ccc1)C)C,tg,310.890909532034
450,*N1C(=O)c2c(C1=O)c(ccc2)c1cc2c(C(=O)N(C2=O)c2ccc(cc2)C(=O)Nc2ccc(cc2)Oc2ccc(cc2)S(=O)(=O)c2ccc(cc2)Oc2ccc(cc2)NC(=O)c2ccc(cc2)*)cc1,tg,272.30210001521374
451,*Oc1c(cc(cc1)C(c1cc(c(cc1)OC(=O)c1cc(ccc1)C(=O)*)C)(C)C)C,tg,150.7692362735014
452,*N1C(=O)c2c(C1=O)cc(cc2)Oc1c2c(ccc1)c(ccc2)Oc1cc2c(C(=O)N(C2=O)c2cc(ccc2)Oc2ccc(cc2)*)cc1,tg,224.79378239835094
453,*Cc1ccc(Nc2ccc(*)cc2)cc1,nc,1.8626401691880186
454,*COC(=S)O*,egb,4.223849815276872
455,*Oc1cc(ccc1)NC(=O)c1cc(ccc1)C(=O)Nc1cc(ccc1)OCC(COc1ccc(cc1)C(c1ccc(cc1)OCC(C*)O)(C)C)O,tg,143.07143253452693
456,*NC1=CC(=O)C(*)=CC1=O,egc,3.0249913073715144
457,*CCOC(=O)c1cccc(C(=O)O*)c1,egc,5.039488795404639
458,*N1C(=O)c2c(C1=O)cc(cc2)S(=O)(=O)c1cc2c(C(=O)N(C2=O)c2ccc(cc2)Oc2ccc(cc2)S(=O)(=O)c2ccc(cc2)Oc2ccc(cc2)*)cc1,tg,271.1061611545804
459,*S(=O)(=O)NCCCCCCNS(=O)(=O)c1cc(ccc1)*,tg,65.52301908889204
460,*O[Si](*)(CCCCCCCCOc1ccc(cc1)C(=O)Oc1c(cc(cc1)C#N)C)C,tg,7.4580112796250235
461,*C(C*)(C(=O)OCCN(c1ccc(cc1)N=Nc1ccc(cc1)S(=O)(=O)Nc1noc(c1)C)C)C,tg,121.02092702335494
462,*CCCCCC(=O)O*,egb,6.501233235622407
463,*Oc1ccc(cc1)C(c1ccc(cc1)OC(=O)*)C1C2CCC(C1C)C2,tg,189.72570129722104
464,*CCCCCNC(=O)CCCCCCCCC(=O)NCCCCCNC(=O)C(=O)N*,egc,4.920020237489082
465,*C(C*)c1ccc(cc1)C(=O)N(C)C,tg,120.94547672016583
466,*Oc1ccc(cc1)CC(NC(=O)CCc1ccc(cc1)OC(=O)COCC(=O)*)C(=O)OC(C)C,tg,76.38248461290272
467,*Cc1ccc(C(=S)c2ccc(*)s2)s1,egb,2.109937938645719
468,*CC(CC(*)(C#N)C(=O)OC)c1ccccc1,egc,5.487975582991117
469,*C(C*)(CCCCC)C(=O)OC,tg,26.831430818944792
470,*C(C*)COCC1OC(=O)OC1,tg,24.479518088369325
471,*CC(=O)Cc1ccc(*)cc1,nc,1.8223646695326114
472,*OC(=S)Oc1ccc(*)cc1,nc,1.7699902890098704
473,*OC(=O)c1ccc(cc1)CC(=O)OCC*,tg,38.1736869157827
474,*CC(C)CCCCC(=O)N*,egc,6.214705714105396
475,*C(C(=O)C*)c1ccccc1,tg,124.41223121968795
476,*CCC(C)C(*)C,egc,6.5500543629192
477,*c1cc(-c2sc(-c3cc(CCCC)c(*)s3)cc2CCCC)c2cccccc1-2,egc,2.1273400226095944
478,*CCOC(=O)c1ccc(C(=O)NCCCCCCCCCCCCNC(=O)c2ccc(C(=O)O*)cc2)cc1,egc,4.633800119653371
479,*C1C2C(C(=O)N(C2=O)c2cc(ccc2)Br)C(C1)C=C*,tg,211.36493294439424
480,*CNC(=O)OC(c1ccco1)C(OC(=O)NCc1ccc(C(C)(C)c2ccc(*)o2)o1)c1ccco1,egc,4.781583179029509
481,*CC(*)C(=O)OCCCCCCCCCCCCCC,egc,6.1916141332158094
482,*Nc1c(cc(cc1)NC(=O)c1ccc(cc1)NC(=O)CCCCCCCCCCC(=O)Nc1ccc(cc1)C(=O)*)C(=O)OCCCCCCCCCCCCCCCCCC,tg,243.56103903422766
483,*CNCC(*)=O,nc,1.7458816638460104
484,*c1n(c(nn1)c1ccc(cc1)Oc1ccc(cc1)C(c1ccc(cc1)Oc1ccc(cc1)*)(C)C)c1ccc(cc1)S(=O)(=O)C,tg,213.12304599596968
485,*NC(=O)c1c(cc(cc1)C(=O)NCCCCCC*)Oc1ccccc1,tg,97.59039752872977
486,*CNC(=S)O*,eps,4.421199711617106
487,*NC(S1)=CC=C1C(=S)C(C=C2)=CC=C2*,egc,2.1554826140234824
488,*N1C(=O)c2c(C1=O)cc(cc2)C(=O)c1cc2c(C(=O)N(C2=O)CCC(=O)Nc2ccc(cc2)Oc2ccc(cc2)Oc2ccc(cc2)NC(=O)CC*)cc1,tg,225.38865274195837
489,*c1cccc(Oc2cccc(-n3c(=O)c4cc5c(=O)n(*)c(=O)c5cc4c3=O)c2)c1,egc,2.6578346945494005
490,*CC(*)C(=O)NCCc1ccccn1,egc,3.9411696379813534
491,*CCCOC(=O)CCCCCCC(=O)O*,egb,6.644539066405402
492,*c1ccc(N(*)CCCCCC)cc1,egc,1.9231441568864391
493,*Oc1ccc(OC(=O)c2cc(OCCCCCCOCCCCC)c(C(*)=O)cc2OCCCCCCOCCCCC)cc1,egc,3.246649736589106
494,*c1cc2c(C(=O)N(C2=O)c2cc(ccc2)Oc2c(ccc(c2)Oc2cc(ccc2)N2C(=O)c3c(C2=O)cc(cc3)C(*)(C(F)(F)F)C(F)(F)F)P(=O)(c2ccccc2)c2ccccc2)cc1,tg,228.1040668008021
495,*CC1CCC(CNC(=O)CCCCCC(=O)N*)CC1,egc,5.705222710411597
496,*c1nc2c([nH]1)ccc(c2)c1ccc2c(nc([nH]2)CCCCCNc2nc(nc(n2)NCCCCC*)N(CC)CC)c1,tg,128.72280082466597
497,*CC(CCCC)(CCCC)C(=O)O*,egc,6.121305580437102
498,*OC1CCC(OC(=O)C(*)=O)CC1,egc,5.655003695817281
499,*NC(=S)NO*,eps,5.779274836011637
500,*Oc1ccc(cc1)C(=O)c1ccc(cc1)OCCCCCCOC(=O)OCCOC(=O)OCCCCCC*,tg,8.69609728333047
501,*c1ccc(C(=O)c2ccc(C(=O)c3ccc(Oc4ccc(-c5nn(*)c(=O)c6ccccc56)c(F)c4)cc3)cc2)cc1,egc,2.6505589636326894
502,*c1c(nc2c(c1c1ccccc1)cc(cc2)c1cc2c(nc(c(c2c2ccccc2)c2ccc(cc2)Oc2ccc(cc2)*)c2ccccc2)cc1)c1ccccc1,tg,327.08255373246664
503,*Oc1ccc(cc1)C(=O)OC(=O)c1ccc(cc1)OC*,tg,99.90819344947252
504,*N=P(*)(Oc1ccc(cc1)CC)Oc1ccc(cc1)CC,tg,-8.065843243660618
505,*c1ccc(NC(F)(F)C(*)(F)F)s1,eea,2.02059655749561
506,*OC1CCC(C2CCC(OC(=O)CCCCCCCCCCCC(*)=O)CC2)CC1,egc,6.497347493634412
507,*c1nc2c(nc1c1ccccc1)cc(cc2)c1cc2c(nc(c(n2)c2ccccc2)c2ccc(cc2)c2ccc(cc2)*)cc1,tg,359.1816679529909
508,*C(C*)c1ccc(cc1)S(=O)(=O)OCCC,tg,55.704164583205596
509,*c1cc2c(C(=O)N(C2=O)c2c(cc(cc2C(C)C)Cc2cc(c(c(c2)C(C)C)N2C(=O)c3c(C2=O)cc(cc3)C(=O)*)C(C)C)C(C)C)cc1,tg,270.3592841450296
510,*Oc1ccc(SSCCCCCCCCCCSSc2ccc(*)cc2)cc1,egc,3.927549253499531
511,*O[Si](c1ccc(cc1)c1ccc(cc1)[Si](*)(c1ccccc1)c1ccccc1)(c1ccccc1)c1ccccc1,tg,163.836247312781
512,*Nc1ccc(cc1)C(c1ccc(cc1)C(c1ccc(cc1)Nc1ccc(cc1)C(=O)c1ccc(cc1)C(=O)c1ccc(cc1)*)(C)C)(C)C,tg,202.89711375585583
513,*C(C*)c1ccc(cc1)B(Oc1c2ncccc2c(cc1)B1OC(C(O1)(C)C)(C)C)c1ccc(cc1)C(C)(C)C,tg,215.36932993710178
514,*c1cc2c(C(=O)N(C2=O)c2cc(c(c(c2)C)c2c(cc(cc2C)N2C(=O)c3c(C2=O)cc(cc3)C(*)(C(F)(F)F)C(F)(F)F)C)C)cc1,tg,339.0706290560999
515,*N(c1ccc(cc1)c1c2c(c(cc1)c1c3c(c(cc1)c1ccc(cc1)*)c(ccc3C)C)c(ccc2C)C)c1ccc(cc1)C,tg,249.0227375276819
516,*N1C(=O)N(C(=O)C1=O)c1ccc(cc1)Oc1ccc(cc1)N1C(=O)N(C(=O)C1=O)c1c(cccc1)CCc1ccc(cc1)*,tg,223.5965105863754
517,*Nc1ccc(cc1)NC(=O)c1ccc(cc1)NC(=O)c1ccc(cc1)[Si](c1ccc(cc1)C(=O)Nc1ccc(cc1)C(=O)*)(C)C,tg,308.0732053897331
518,*CCCCOC(=O)O*,egc,7.361135362222152
519,*NC(=O)CCCCC(=O)NCCCP(CCC*)CCCCCCCC,tg,42.86222893343495
520,*c1nc2c(c(c1c1ccccc1)c1ccccc1)cc(cc2)Oc1cc2c(nc(cc2c2ccccc2)c2ccc(cc2)Oc2ccc(cc2)*)cc1,tg,315.01173912136414
521,*NC(=O)Nc1ccc(*)s1,eea,1.5111446636129835
522,*CNOc1ccc(*)s1,eps,3.808657274373046
523,*Nc1c(cc(cc1)NC(=O)c1ccc(cc1)NC(=O)CCCCCCCCCCCCC(=O)Nc1ccc(cc1)C(=O)*)C(=O)OCCCCCCCCCCCCCCCCCC,tg,240.83039983104743
524,*Oc1ccc(NC(=O)NC2CC(C)(C)CC(C)(CNC(=O)Nc3ccc(*)cc3)C2)cc1,egc,4.470454686953238
525,*c1cc2c(C(=O)N(C2=O)c2cc(cc(c2)OCCCCCCCCCCCCCCCC)N2C(=O)c3c(C2=O)cc(cc3)C(*)(C(F)(F)F)C(F)(F)F)cc1,tg,178.7124181745787
526,*CC#CCOC(=O)NCCCCCCNC(=O)O*,egc,5.630392417561328
527,*Nc1ccc(Nc2ccc(*)s2)cc1,ei,4.8370882417194405
528,*C(=O)OC(=S)O*,egc,3.948438503687697
529,*Cc1ccc(C(=O)c2ccc(*)cc2)cc1,ei,6.35056433075162
530,*c1cc2c(C(=O)N(C2=O)c2ccc(cc2)Oc2ccc(cc2)C2(C3C4C(CCC4)C(C2)C3)c2ccc(cc2)Oc2ccc(cc2)N2C(=O)c3c(C2=O)cc(cc3)C(=O)Nc2ccc(cc2)Oc2cc(c(cc2)c2c(cc(cc2)Oc2ccc(cc2)NC(=O)*)C)C)cc1,tg,264.912534484935
531,*C(C*)C(=O)N1CC[NH+](CC1)CC,tg,99.34675854675743
532,*Oc1ccc(C(C)=NCCN=C(C)c2ccc(*)cc2)cc1,egc,4.130398504674692
533,*c1cc(ccc1)c1cc(ccc1)C(C(C(*)(F)F)(F)F)(F)F,tg,96.27617139208624
534,*c1ccc(-c2ccc(C(F)(F)C(*)(F)F)s2)s1,eps,4.5266152431804105
535,*C(=S)C(F)(F)c1ccc(C(*)(F)F)cc1,ei,6.758657369194127
536,*CCCCNC(=O)CCCCCCCC(=O)N*,egc,5.958050324940002
537,*C(=O)c1ccc(-c2ccc(-c3ccc(*)s3)s2)s1,egb,0.7814467522241404
538,*CCCCCCCCCCOC(=O)Nc1ccc(C)c(NC(=O)O*)c1,egc,5.034086866830626
539,*c1cc2c(C(=O)N(C2=O)c2cc(ccc2)C(=O)c2cc(ccc2)N2C(=O)c3c(C2=O)cc(cc3)C(=O)*)cc1,tg,262.22890450519253
540,*c1cc2c(C(=O)N(C2=O)c2ccc(cc2)NC(=O)Nc2ccc(cc2)N2C(=O)c3c(C2=O)cc(cc3)C(=O)Nc2ccc(cc2)c2nc(cc(c2)c2ccccc2)c2ccc(cc2)NC(=O)*)cc1,tg,243.9757164989777
541,*c1oc(nn1)c1c2c(c(cc1)Oc1ccc(cc1)C(c1ccc(cc1)Oc1c3c(c(cc1)*)cccc3)(C(F)(F)F)C(F)(F)F)cccc2,tg,237.2106670774677
542,*C(C*)(C(=O)OCC(CO)O)C,tg,47.908075329565676
543,*C(C(C(C*)OCC)(C(=O)OC)C)(C(=O)OC)C,tg,103.08172979020752
544,*CC(=O)Nc1ccc(*)s1,ei,5.531938041822935
545,*Oc1ccc(C(C)(C)c2ccc(Oc3ccc(C(=O)c4ccc(*)cc4)cc3)cc2)cc1,egc,3.860184480123959
546,*CC(*)c1ccc(C=O)cc1,egc,2.9024596752346787
547,*C(=O)c1ccc(C(=O)c2ccc(*)s2)cc1,nc,2.0375738834809463
548,*c1cc2c(oc(n2)c2cc(ccc2)c2oc3c(n2)cc(cc3)C(*)(C(F)(F)F)C(F)(F)F)cc1,tg,320.31249777256687
549,*NC(C)C(=O)NCC(*)=O,egc,5.8721846387418335
550,*c1oc(nn1)c1ccc(cc1)Oc1cc(ccc1)NC(=O)c1cc(cc(c1)NC(=O)c1ccc(cc1)OC(=O)C)C(=O)Nc1cc(ccc1)Oc1ccc(cc1)*,tg,244.40554200723187
551,*CC1CCCC(CNC(=O)CCCCCCCCCCC(=O)N*)C1,egc,5.885368253177127
552,*Oc1ccc(cc1)Sc1ccc(cc1)OC1(C(C(C1(F)F)(F)F)(*)F)F,tg,118.10410462993823
553,*Oc1ccc(OC(=O)c2ccc(C(*)=O)cc2)cc1C(F)(F)F,egc,3.9040882015014553
554,*C(C*)OC(=O)c1c(cccc1)OC(=O)C,tg,67.51932214882538
555,*OP(=O)(Oc1ccc(cc1)c1ccc(cc1)*)OC1CCCCC1,tg,105.4176592120426
556,*N1C(=O)c2c(C1=O)cc(cc2)Oc1cc2c(cc1)cc(cc2)Oc1cc2c(C(=O)N(C2=O)c2ccc(cc2)Oc2ccc(cc2)*)cc1,tg,255.49700754136805
557,*Oc1ccc(cc1)S(=O)(=O)c1ccc(cc1)Oc1ccc(cc1)C(=O)c1cc(cc(c1)C(C)(C)C)C(=O)c1ccc(cc1)*,tg,201.1152904621526
558,*CC(CS(=O)(=O)C(C)C)O*,egc,5.343983419515007
559,*CC(=O)OC(*)=O,egb,5.940801190752038
560,*S(=O)(=O)c1ccc(cc1)Cc1ccc(cc1)*,tg,161.32099647771096
561,*c1c(cc(cc1)C=C*)OCc1cc(cc(c1)OCc1cc(cc(c1)OCC(CCCC)CC)OCC(CCCC)CC)OCc1cc(cc(c1)OCCC(CCCC(C)C)C)OCCC(CCCC(C)C)C,tg,180.4558462125887
562,*Oc1c2c(ccc1)cc(cc2)OCCNC(=O)c1ccc(cc1)C(=O)NCC*,tg,171.34880215429217
563,*c1ccc(Oc2ccc(-c3nc4ccc(Oc5ccc6nc(*)c(-c7ccccc7)c(-c7ccccc7)c6c5)cc4c(-c4ccccc4)c3-c3ccccc3)cc2)cc1,egc,3.316259043707689
564,*SSSSCc1ccc(cc1)C*,tg,30.577725491355473
565,*N1C(=O)c2c(C1=O)cc(cc2)C(=O)c1cc2c(C(=O)N(C2=O)CCCCCC(=O)Nc2ccc(cc2)Oc2ccc(cc2)Oc2ccc(cc2)NC(=O)CCCCC*)cc1,tg,156.44163050651395
566,*c1cccc(-c2ccc(-c3ccc(*)s3)s2)c1,egc,2.6133023913286113
567,*OC(=O)NCc1ccc(cc1)CNC(=O)OCCCCCC*,tg,51.4888400572583
568,*N1C(=O)c2c(C1=O)cc(cc2)C(=O)Oc1ccc(cc1)c1ccc(cc1)OC(=O)CCCCC*,tg,95.65641883953187
569,*N1C(=O)C2C3C4C(C(C2C1=O)C=C3)C(=O)N(C4=O)c1ccc(cc1)Oc1ccc(cc1)*,tg,298.1958469558719
570,*CC(=O)C(C)C(*)c1ccc(O)c2ncccc12,egc,3.406882394673022
571,*N1C(=O)c2c(C1=O)cc(cc2)C(=O)c1cc2c(C(=O)N(C2=O)CCC(=O)Nc2cc(ccc2)Oc2ccc(cc2)NC(=O)CC*)cc1,tg,215.5949108069465
572,*C(=O)c1ccc(-c2ccc(-c3ccc(*)s3)s2)s1,eea,3.629865806952881
573,*C(C*)(C(=O)OC(C)(C)C)C,tg,82.33947620477626
574,*C(C*)(C(=O)OCC1(COC(OC1)(C)C)C)C,tg,136.8638960761922
575,*C(F)(F)C1(F)C(F)(F)C(*)(F)C(F)(F)C1(F)F,egc,7.845703451943442
576,*CNOC(*)=S,nc,1.812353406532554
577,*c1cnc(*)s1,egc,2.948863757467133
578,*Oc1c(cc(cc1)Oc1ccc(cc1)C(=O)c1ccc(cc1)C(=O)c1ccc(cc1)*)c1cc(c(cc1)Cl)C(F)(F)F,tg,173.37669599139932
579,*C(C(CCCCCCCCCCC*)c1ccc(cc1)O)c1c(cc(cc1)O)C,tg,-6.650368187501843
580,*Nc1ccc(cc1)c1c(cc(cc1c1ccccc1)c1ccc(cc1)c1cc(c(c(c1)c1ccccc1)c1ccc(cc1)NC(=O)c1ccc(cc1)C(=O)*)c1ccccc1)c1ccccc1,tg,306.5030293131332
581,*C(C*)c1c(ccc(c1)C(=O)OCCCCCCCC)c1ccc(cc1)OCCCCCCCC,tg,53.48764412148462
582,*C1COC2C1OCC2OC(=O)CNC(=O)CNC(=O)CCCCCCCCC(=O)NCC(=O)NCC(=O)O*,tg,64.52919369022725
583,*OC1CCC(C=C)CC1*,egc,5.361977826117827
584,*c1cc(N2C(=O)c3ccc(P(=O)(c4ccccc4)c4ccc5c(c4)C(=O)N(*)C5=O)cc3C2=O)cc(C(F)(F)F)c1,egc,3.1550021334434173
585,*Oc1cc(ccc1)NC(=O)CCCCC(=O)Nc1ccc(cc1)*,tg,150.5649884654278
586,*CC(CO*)(CS(=O)(=O)C(C)C)CS(=O)(=O)C(C)C,egc,5.110658611534989
587,*Oc1cc2c(cc1)ccc(c2)Oc1ccc(cc1)C(=O)Nc1cc(ccc1)NC(=O)c1ccc(cc1)*,tg,219.42904242232916
588,*c1ccc(Oc2ccc(-c3cnc4cc5nc(*)cnc5cc4n3)cc2)cc1,egc,3.011333978693237
589,*Nc1cc(cc(c1)C(=O)OCCOC(=O)C=Cc1ccc(cc1)N(C)C)NC(=O)c1cc(ccc1)C(=O)*,tg,190.2367237620965
590,*Nc1ccc(cc1)C1(c2ccccc2c2ccccc12)c1ccc(cc1)NC(=O)c1c(cc(cc1)c1cc(c(cc1)C(=O)*)C)C,tg,289.85176935316355
591,*c1cc2C3(CCC(CC3)(C3=NC(CO3)c3ccccc3)C3=NC(CO3)c3ccccc3)c3c(c2cc1)ccc(c3)c1cc2C(c3c(c2cc1)ccc(c3)*)(CCCCCC)CCCCCC,tg,134.00950286773957
592,*NC(=O)C(=S)O*,ei,7.049724758450124
593,*N1C(=O)c2c(C1=O)c(ccc2)c1cc2c(C(=O)N(C2=O)c2ccc(cc2)Sc2ccc(cc2)Sc2ccc(cc2)Sc2ccc(cc2)*)cc1,tg,295.5992790730732
594,*c1cc2c(C(=O)N(C2=O)c2ccc(cc2)NC(=S)N=Cc2cc(c(cc2)Cl)N2C(=O)c3c(C2=O)cc(cc3)C(=O)*)cc1,tg,280.28140490702276
595,*OC(=O)NCCCCCCNC(=O)OCCCCCCCCC*,tg,40.0902489851963
596,*Nc1ccc(-c2ccc(C(*)=S)s2)cc1,ei,5.376006318946713
597,*N1C(=O)c2c(C1=O)cc(cc2)c1cc2c(C(=O)N(C2=O)c2ccc(cc2)OC(=O)CCCCCCCCCCCCCCCCCCCCC(=O)Oc2ccc(cc2)*)cc1,tg,151.88311961582605
598,*C(=S)C(F)(F)c1ccc(C(*)(F)F)cc1,egb,2.3232952145571573
599,*C1C(=O)N(C(=O)C1*)CCCCCCCOc1ccc(cc1)c1ccc(cc1)C#N,tg,64.89587084132698
600,*C(C(*)C(=O)OC12CC3(CC(CC(C1)C3)(C2)C)C)C,tg,173.9287599410261
601,*Oc1ccc(cc1)C(c1ccc(cc1)OC(=O)*)C1CCCCC1,tg,161.9304743406839
602,*OC(=O)NCCCCCCNC(=O)OCCCCCCCC*,tg,41.394919678558324
603,*Nc1ccc(OC(*)=S)s1,nc,2.0368957163004464
604,*Nc1cc(ccc1)NC(=O)c1cc(ccc1)C(=O)*,tg,227.5111911590631
605,*C(=O)c1ccc2c(c1)C(=O)N(c1cccc(C(=O)c3cccc(N4C(=O)c5ccc(*)cc5C4=O)c3)c1)C2=O,egc,2.6059297582417873
606,*C=Cc1ccc(*)o1,egc,3.304108712063571
607,*CC(*)OC(=O)C(F)(F)C(F)(F)C(F)(F)F,egc,6.795776328257338
608,*Oc1ccc(cc1)CC(NC(=O)CCc1ccc(cc1)OC(=O)CCCCC(=O)*)C(=O)OCCCC,tg,42.91605717530224
609,*Nc1ccc(cc1)C(c1ccc(cc1)NC(=O)c1cc(cc(c1)N1C(=O)C2C(C1=O)CC=CC2)C(=O)*)(C)C,tg,280.682086483687
610,*C(C*)c1ccc(cc1)C(=O)OCCCCCC,tg,35.55855973589082
611,*Oc1c(cc(c(c1)OC(=O)c1ccc(cc1)OCC)OC(=O)CCCC(=O)*)OC(=O)c1ccc(cc1)OCC,tg,50.41511061921272
612,*[Si](C/C=C\C*)(c1ccccc1)C,tg,-19.528323920735453
613,*C(C*)(C(=O)OCCOCCOCC[N+](CCCCS(=O)(=O)O)(CC)CC)C,tg,51.66440901211282
614,*C(C*)(C(=O)OCC(C)C)C,tg,47.82238207213216
615,*CC(=O)c1ccc(O*)s1,nc,1.9108452232437645
616,*Oc1ccc(cc1)P(=O)(c1ccc(cc1)Oc1ccc(cc1)C(c1ccc(cc1)*)(C)C)C,tg,190.61925160970557
617,*OC(=O)CCSCCC(=O)OCCOCCOCC*,tg,-75.78516943367364
618,*N1C(=O)c2c(C1=O)cc(cc2)C(=O)Nc1ccc(cc1)Oc1ccc(cc1)Oc1ccc(cc1)NC(=O)C*,tg,232.7237152714164
619,*NC(CCCNC(=O)c1ccc(Cl)cc1)C(*)=O,egc,4.751194418974755
620,*CCCC1(C)CCN(C(=O)CCC(=O)N2CCC(*)(C)CC2)CC1,egc,5.386932231010756
621,*Oc1ccc(cc1)S(=O)(=O)c1ccc(cc1)Oc1ccc(cc1)N=Cc1ccc(cc1)*,tg,166.19136948780948
622,*Oc1ccc(cc1)C(c1ccc(cc1)OCCOC(=O)Nc1ccc(cc1)Cc1ccc(cc1)NC(=O)OCC*)(C)C,tg,95.98036232430228
623,*Oc1ccc(cc1)C(=C(Cl)Cl)c1ccc(cc1)OC(=O)*,tg,202.2629427071435
624,*N1C(=O)c2c(C1=O)cc(cc2)Oc1cc2c(C(=O)N(C2=O)c2ccc(cc2)Sc2sc(cc2)Sc2sc(cc2)Sc2sc(cc2)Sc2ccc(cc2)*)cc1,tg,197.19320800623592
625,*Nc1ccc(C(=S)c2ccc(*)s2)s1,nc,2.3146339521085975
626,*Cc1ccc(C(=O)N*)cc1,eea,1.7162973821221181
627,*Oc1ccc(cc1)OC(=O)c1c(cc(cc1)C(=O)Oc1ccc(cc1)OCC*)OCCCCC,tg,75.39050908604914
628,*CC(C=C1)=CC=C1CC(S2)=CC=C2*,egc,4.486374400677078
629,*N1C(=O)c2c(C1=O)cc(cc2)Oc1cc2c(C(=O)N(C2=O)c2cc(ccc2)Oc2c(c(ccc2)Oc2cc(ccc2)*)C#N)cc1,tg,208.82611610372737
630,*Nc1ccc(NC(=O)CCCCCC(*)=O)cc1,egc,4.515529094116421
631,*NC(=O)c1ccc(O*)cc1,eea,2.1507867432584162
632,*Oc1c(cc(cc1Br)C(c1cc(c(c(c1)Br)OC(=O)*)Br)(C(F)(F)F)C(F)(F)F)Br,tg,193.6162985130036
633,*OP(=O)(Oc1c(cc(cc1Br)C(c1cc(c(c(c1)Br)*)Br)(C(F)(F)F)C(F)(F)F)Br)Oc1ccccc1,tg,140.10406478108678
634,*N1C(=O)c2c(C1=O)cc(cc2)Oc1cc2c(C(=O)N(C2=O)c2ccc(cc2)Oc2ccc(cc2)C(=O)c2nc(ccc2)C(=O)c2ccc(cc2)Oc2ccc(cc2)*)cc1,tg,252.3405531186139
635,*c1ccc(C(=O)c2ccc(-n3c(=O)c4cc5c(=O)n(*)c(=O)c5cc4c3=O)cc2)cc1,egc,2.5229611560954197
636,*c1nc(nc(n1)N(CCCCN(*)c1ccccc1)c1ccccc1)c1ccccc1,tg,84.98036752650103
637,*Oc1ccc(cc1)C(c1ccc(cc1)OCC(C*)OC(=O)C)(c1ccccc1)C,tg,99.720278328984
638,*C(=S)c1ccc(C(F)(F)C(*)(F)F)s1,ei,6.766324704828682
639,*OC(CC(=O)*)CCOc1ccccc1,tg,12.566008886580168
640,*C(C*)c1c(cccc1)C(=O)Oc1ccccc1,tg,137.13614971101987
641,*CC(F)(F)C(F)(F)C(F)(F)C(F)(F)COC(=O)CC(CC(=O)O*)C(F)(F)C(F)(F)C(F)(F)F,egc,6.853285456526283
642,*Oc1c(F)c(F)c(On2c(=O)c3cc4c(=O)n(*)c(=O)c4cc3c2=O)c(F)c1F,egc,2.4487053466246316
643,*c1c(nc2c(n1)cc(cc2)Oc1ccc(cc1)NC(=O)c1cc(cc(c1)N1C(=O)c2c(C1=O)cccc2)C(=O)Nc1ccc(cc1)Oc1cc2c(nc(c(n2)c2ccc(cc2)Oc2ccc(cc2)*)c2ccccc2)cc1)c1ccccc1,tg,303.03591035224497
644,*NCc1cc(C(=O)O)cc(CNc2nc(-c3csc(*)n3)cs2)c1N,egc,3.8246262804267133
645,*C1C(CC(C1)C=C*)C(=O)Oc1ccccc1,tg,91.07283379881103
646,*OC(=O)c1ccc(cc1)C(=O)OCC1CCC(CC1)C*,tg,77.49727474861562
647,*Oc1ccc(cc1)S(=O)(=O)c1ccc(cc1)Oc1c(cc(cc1C(C)C)C(c1cc(c(c(c1)C(C)C)*)C(C)C)(C)C)C(C)C,tg,176.12050868594403
648,*c1nc(nc(n1)Oc1ccc(cc1)C(=O)Nc1ccc(cc1)S(=O)(=O)c1ccc(cc1)NC(=O)c1ccc(cc1)O*)Sc1ccccc1,tg,256.3935565994148
649,*c1nc2c(c(c1)c1ccccc1)cc(cc2)c1cc2c(nc(cc2c2ccccc2)c2ccc(cc2)C2(c3ccccc3c3ccccc23)c2ccc(cc2)*)cc1,tg,386.6956079195751
650,*c1nc2c([nH]1)ccc(c2)N1C(=O)c2c(C1=O)cc(cc2)C(=O)c1cc2c(C(=O)N(C2=O)c2ccc(cc2)*)cc1,tg,352.7471718877752
651,*P1(=NP(=NP(=N1)(Oc1ccc(cc1)C(=O)OC)Oc1ccc(cc1)C(=O)OC)(Oc1ccc(cc1)C(c1ccc(cc1)O*)(C)C)Oc1ccc(cc1)C(=O)OC)Oc1ccc(cc1)C(=O)OC,tg,77.11323543575404
652,*OC(=O)c1c(cccc1)C(=O)OCCCS(=O)(=O)CCCS(=O)(=O)CCC*,tg,56.66999393496607
653,*c1ccc(-c2cnc3ccc(Oc4ccc5ncc(*)nc5c4)cc3n2)cc1,egc,3.2476446825714094
654,*Nc1ccc(cc1)Cc1ccc(cc1)NC(=O)c1cc(cc(c1)NC(=O)CCCCCCCCCCN1C(=O)c2c(C1=O)cccc2)C(=O)*,tg,182.62096110756465
655,*C(C*)P(=O)(OCC)N(C)C,tg,8.38040202800865
656,*Oc1ccc(cc1)NC(=O)c1ccc(cc1)[Si](c1ccc(cc1)C(=O)*)(c1ccccc1)c1ccccc1,tg,199.61000576536077
657,*C1C(=O)N(C(=O)C1*)C(CC)C,tg,158.33369576574907
658,*N1C(=O)c2c(C1=O)cc(cc2)c1cc2c(C(=O)N(C2=O)c2ccc(cc2)Oc2ccc(cc2)*)cc1,tg,268.6907384296069
659,*CCc1ccc(-c2ccc(*)cc2)cc1,nc,1.870715313970739
660,*Oc1ccc(cc1)Sc1ccc(cc1)OC(=O)OC1C(C(C1(C)C)OC(=O)*)(C)C,tg,158.94142150538852
661,*NC(=O)c1ccc(C(*)=S)s1,eea,4.052210993375124
662,*C1C(CC(C1)C=C*)([Si]([Si](C)(C)C)(C)C)C#N,tg,154.99128433567316
663,*CCC(=O)c1ccc(*)cc1,eps,3.8926294763495126
664,*C(C*)C(=O)OCCSCCC#N,tg,-49.17448455632935
665,*Oc1ccc(cc1)S(=O)(=O)c1ccc(cc1)OCC(CN(S(=O)(=O)c1cc(ccc1)S(=O)(=O)N(CC(C*)O)C)C)O,tg,85.14112058677587
666,*Oc1ccc(cc1)C(c1ccc(cc1)OC(=S)*)c1ccccc1,tg,137.7846959458925
667,*Oc1ccc(cc1)NC(=C(C#N)C#N)c1cc2c(cc1)cc(cc2)C(=C(C#N)C#N)Nc1ccc(cc1)*,tg,234.939084861386
668,*c1nc2cc3c(cc2nc1)ncc(n3)c1ccc(cc1)Oc1ccc(cc1)*,tg,310.2082030043477
669,*C(C*)(C(=O)OCC1N(CC(C1)NC(=O)C1N(CC(C1)NC(=O)OC(C)(C)C)C(=O)OC(C)(C)C)C(=O)C1N(CC(C1)NC(=O)OC(C)(C)C)C(=O)OC(C)(C)C)C,tg,85.21677487254625
670,*Oc1c(cc(cc1)Oc1ccc(cc1)C(=O)c1c2c(ccc1)cccc2C(=O)c1ccc(cc1)*)C(C)(C)C,tg,202.54956988727045
671,*N(CC*)C(=O)c1c(cc(c(c1)F)F)F,tg,102.41577433734432
672,*C(C*)(C(=O)OCCCCn1c2ccccc2c2ccccc12)C,tg,91.12485500104374
673,*COc1ccc(O*)s1,egb,4.475414112439767
674,*CC(*)C(=O)NC(C)CC,egc,5.469141790541819
675,*CC(CC)(CC)CO*,egc,5.899781076162517
676,*CC(=O)Nc1ccc(*)cc1,ei,5.8892895146960615
677,*OC(=O)NCCCCCCNC(=O)OC/C=C/C*,tg,32.30324389422267
678,*C(C*)(C(=O)OC1C2C3C(C(C1)C2)C1CCC3C1)C,tg,198.3161117777461
679,*C(F)(F)C(F)(F)C(C=C1)=CC=C1O*,egc,4.9774433628956825
680,*c1ccc(-c2ccc(-c3nc(-c4ccc(-c5csc(*)n5)cc4)cs3)cc2)cc1,egc,3.380598609943295
681,*Cc1ccc(C(=O)c2ccc(*)s2)cc1,nc,1.877368396200165
682,*[SiH2]C#Cc1cc(ccc1)C#C*,tg,103.05607138448848
683,*OC(C)COC(=O)CCCCS(=O)(=O)CCCCC(*)=O,egb,6.252937793917331
684,*C1OC(C(C(C1N)O)O*)CO,tg,149.0743120734255
685,*Nc1c(cc(cc1)NC(=O)c1ccc(cc1)NC(=O)CCCCCCC(=O)Nc1ccc(cc1)C(=O)*)C(=O)OCCCCCCCCCCCCCCCCCC,tg,242.34121929524494
686,*NC(CCCCN)C(*)=O,egc,5.7853058902364545
687,*c1nc2c(c(c1)c1ccccc1)cc(cc2)c1cc2c(nc(cc2c2ccccc2)c2ccc(cc2)*)cc1,tg,385.7859356364671
688,*OP(=O)(Oc1ccc(cc1)C(c1ccc(cc1)*)(C)C)Oc1ccccc1,tg,82.82452162737293
689,*N(CC*)C(=O)c1cc(cc(c1)F)F,tg,100.84281260862156
690,*Nc1ccc(cc1)C1(c2ccccc2c2ccccc12)c1ccc(cc1)NC(=O)c1cc(cc(c1)NC(=O)C12CC3CC(CC(C1)C3)C2)C(=O)*,tg,328.00741912850987
691,*C(=S)c1ccc(C(=S)c2ccc(*)cc2)s1,eea,3.8814926619708805
692,*c1cc2c(C(=O)N(C2=O)c2ccc(cc2)C(=O)OCCCCCCCCCCOC(=O)*)cc1,tg,68.87542539731308
693,*CCCCCCOC(=O)NCCSCCCCCSCCNC(=O)O*,egb,5.125576766833958
694,*C(=O)c1ccc(-c2ccc(-c3ccc(*)s3)cc2)s1,eps,7.728336418588575
695,*C(C*)(C(=O)OCC[N+](CCCCCCC)(C)C)C,tg,29.796542663655167
696,*c1ccc2c(nc([nH]2)c2ccc(cc2)C(=O)Nc2cc(ccc2)NC(=O)*)c1,tg,278.02912066797717
697,*CNCNC(=O)NC(=O)N*,eea,0.8512820987040919
698,*c1cc2c(C(=O)N(C2=O)c2cc(c(cc2)c2c(cc(cc2)N2C(=O)c3c(C2=O)cc(cc3)C(=O)Oc2ccc(cc2)C2(CCCCCCCCCCC2)c2ccc(cc2)OC(=O)*)C)C)cc1,tg,211.020260618909
699,*c1sc(-c2sc(-c3sc(*)c4nccnc34)c3c2OCCO3)c2c1OCCO2,egc,1.4794380148302122
700,*Nc1ccc(cc1)C(c1ccc(cc1)NC(=O)c1c(cc(cc1)c1cc(c(cc1)C(=O)*)C)C)(C(F)(F)F)C(F)(F)F,tg,267.3816219246866
701,*Nc1ccc(*)cc1OC,egc,3.38604853509951
702,*C(F)(F)C(=S)C(F)(F)O*,egc,3.699267641436271
703,*C(C*)(C(=O)OCCCCCCCCOc1ccc(cc1)N=Nc1ccc(cc1)C#N)C,tg,49.4717749234528
704,*NC(=O)CCCCCCCCC(=O)NCCc1ccc(cc1)CC*,tg,88.86966202919193
705,*C1(OC(C(O1)(F)C(F)(F)F)(F)C(F)(F)F)C(*)(F)F,tg,167.28212677029944
706,*C1C(=O)N(C(=O)C1)c1ccc(cc1)Cc1ccc(cc1)N1C(=O)C(CC1=O)CC=CN(C=CC*)c1ccc(cc1)N=Nc1ccc(cc1)[N+](=O)[O-],tg,213.79691810374908
707,*NNC(=O)c1cc(cc(c1)NC(=O)c1cc2c(C(=O)N(C2=O)c2ncc(cc2)C)cc1)C(=O)NNC(=O)CC(=O)*,tg,161.3911329624069
708,*OC(=O)CNC(=O)C*,tg,73.82221549137145
709,*Oc1c(cc(cc1)OC(=O)c1ccc(cc1)OCCCCCCCCCCCCOc1ccc(cc1)C(=O)*)S(=O)(=O)c1ccccc1,tg,90.28749729314303
710,*Nc1ccc(cc1)Cc1ccc(cc1)NC(=O)/C=C/c1ccc(cc1)/C=C/C(=O)*,tg,200.67779111796034
711,*c1nc(nc(n1)c1ccc(cc1)Oc1ccc(cc1)C(c1ccc(cc1)Oc1ccc(cc1)*)(c1ccccc1)c1ccccc1)c1ccccc1,tg,241.21710301727964
712,*C(=O)c1ccc(OC(*)=S)s1,ei,6.574613465976796
713,*C(C*)(C(=O)OC1COC(OC1)CP(=O)(OCC)OCC)C,tg,2.261111096943088
714,*CC(*)OC(=O)C(F)(F)C(F)(F)C(F)(F)C(F)(F)F,egc,6.909538765014691
715,*Oc1ccc(cc1)S(=O)(=O)c1cc2c(cc1)cc(cc2)S(=O)(=O)c1ccc(cc1)Oc1ccc(cc1)c1ccc(cc1)*,tg,268.9213398412106
716,*C(=O)c1ccc(Oc2ccc(C3(c4ccc(Oc5ccc(*)s5)cc4)c4ccccc4-c4ccccc43)cc2)cc1,egc,3.1743594087458282
717,*c1c(cc(c(c1)OC)C=C*)OCCCC,tg,80.44703808695702
718,*c1c(c2c(C(=O)N(C2=O)c2ccc(cc2)N2C(=O)c3c(C2=O)c(c(c(c3c2ccccc2)c2ccccc2)c2ccc(cc2)Oc2ccc(cc2)*)c2ccccc2)c(c1c1ccccc1)c1ccccc1)c1ccccc1,tg,391.91484854154317
719,*Oc1ccc(cc1)NC(=O)c1cc(cc(c1)NC(=O)CCCCCN1C(=O)c2c(C1=O)cccc2)C(=O)Nc1ccc(cc1)*,tg,213.34678806141997
720,*CCC(=O)OC(=O)CCc1ccc(*)s1,egc,4.746259554491964
721,*Oc1ccc(cc1)C(c1ccc(cc1)OC(=S)*)(c1ccccc1)C,tg,145.46834312692926
722,*C(=O)c1ccc(OC(*)=S)s1,egb,2.0475687348922755
723,*CCCCCCCCCCCC(=O)O*,egb,6.68037352261861
724,*c1cc2c(s1)-c1sc(*)cc1C2(CCCCCCCC)CCCCCCCC,egc,1.3282919641963278
725,*NC(=O)NC(*)=S,egb,2.3692237470352526
726,*Oc1ccc(cc1)OC(=O)c1c(cc(cc1)C(=O)*)Oc1ccccc1,tg,105.76946035409514
727,*c1cc2c(C(=O)N(C2=O)c2ccc(cc2)Oc2ccc(cc2)C(=O)c2cc3c(cc2)cc(cc3)C(=O)c2ccc(cc2)Oc2ccc(cc2)N2C(=O)c3c(C2=O)cc(cc3)C(=O)*)cc1,tg,248.55292042232674
728,*c1oc(cc1)C(c1oc(cc1)CNC(=O)OCc1oc(cc1)COC(=O)NC*)(C)C,tg,58.31055182308581
729,*C(C*)C(=O)OCc1ccc(cc1)C#N,tg,62.26931968527774
730,*N=P(*)(N1CCCCC1)N1CCCCC1,tg,55.07882810951052
731,*c1cc2c(C(=O)N(C2=O)c2c(ccc(c2)C(=O)Nc2ccc(cc2)C(c2ccc(cc2)NC(=O)c2cc(c(cc2)C)N2C(=O)c3c(C2=O)cc(cc3)C(*)(C(F)(F)F)C(F)(F)F)(C(F)(F)F)C(F)(F)F)C)cc1,tg,276.20233854327466
732,*Oc1ccc(C2(c3ccc(OC(*)=O)c(Cl)c3)CCCCC2)cc1Cl,egc,4.844027435080424
733,*CC(*)OC(=O)CC,egc,6.4104174183672065
734,*C(C*)(C(=O)OCC(C(C(C(C(C(F)F)(F)F)(F)F)(F)F)(F)F)(F)F)C,tg,-6.521218021175655
735,*N1C(=O)c2c(C1=O)c(ccc2)Oc1c2c(C(=O)N(C2=O)c2ccc(cc2)Oc2ccc(cc2)Oc2ccc(cc2)*)ccc1,tg,247.95842266739723
736,*c1sc(cc1SCCCCCCCC)c1sc(c(c1)SCCCCCCCC)c1ccc(cc1)*,tg,54.94708289913726
737,*C(C*)(C(=O)OCCC(C)(C)C)C,tg,43.871597370266414
738,*Oc1ccc(cc1)C(c1ccc(cc1)OC(=S)*)C(C)C,tg,130.14737767370195
739,*Nc1ccc(cc1)C1(c2ccccc2c2ccccc12)c1ccc(cc1)NC(=O)c1cc(cc(c1)C(C)(C)C)C(=O)*,tg,299.71296389481313
740,*Oc1ccc(cc1)Oc1ccc(cc1)Oc1ccc(cc1)Oc1ccc(cc1)OC(=O)c1cc(ccc1)C(=O)*,tg,145.9781162995473
741,*C(C(*)(F)F)(OC(C(F)F)F)F,tg,38.466315151395456
742,*N1C(=O)c2c(C1=O)cc(cc2)[Si](c1cc2c(C(=O)N(C2=O)c2ccc(cc2)Oc2ccc(cc2)*)cc1)(C)C,tg,248.8961020098777
743,*C(CC(C*)c1ccc(cc1)Cl)(C#N)C#N,tg,137.94034766156648
744,*C(=O)c1ccc(-c2ccc(-c3ccc(*)s3)cc2)s1,egb,1.6230516562310207
745,*c1cc2c(C(=O)N(C2=O)c2ccc(cc2)Oc2ccc(cc2)N2C(=O)c3c(C2=O)cc(cc3)C(=O)Nc2ccc(cc2)S(=O)(=O)c2ccc(cc2)NC(=O)*)cc1,tg,270.86266171760224
746,*c1cc2c(C(=O)N(C2=O)c2cc(cc(c2)OCCCCCCCCCCCC)N2C(=O)c3c(C2=O)cc(cc3)C(=O)*)cc1,tg,178.03627887719733
747,*Oc1cc(Br)cc(Br)c1*,egc,3.992069066756633
748,*C(C*)C(=O)Oc1ccc(cc1)Cl,tg,67.2721231920297
749,*C(C*)c1c(ccc(c1)C(=O)Oc1ccc(cc1)OCCCCCCCCCCCCCCCCCC)C(=O)Oc1ccc(cc1)OCCCCCCCCCCCCCCCCCC,tg,97.22246057262207
750,*N1C(=O)c2c(C1=O)cc(cc2)C(c1cc2c(C(=O)N(C2=O)CCN(CC*)c2ccc(cc2)N=Nc2ccc(cc2)C#N)cc1)(C(F)(F)F)C(F)(F)F,tg,197.96196756497218
751,*C(C*)(C(=O)OCCBr)C,tg,47.83525218754203
752,*N1C(=O)c2c(C1=O)cc(cc2)Oc1ccc(cc1)C(=O)Nc1ccc(cc1)Oc1ccc(cc1)*,tg,248.52955353262186
753,*Oc1ccc(-c2ccc(-c3ccc(*)cc3)cc2)s1,eea,1.8542480891211939
754,*Oc1ccc(cc1)S(=O)(=O)c1ccc(cc1)Oc1ccc(cc1)NC(=O)c1cc(cc(c1)C(C)(C)C)C(=O)Nc1ccc(cc1)*,tg,252.65776770865108
755,*CC(CC)(CC)C(=O)O*,egc,6.410185561064315
756,*CCCCNC(=O)CCCCCCCCCCC(=O)N*,egc,5.927281197918823
757,*Oc1ccc(cc1)C1(C2CCC(C1)C2)c1ccc(cc1)OC(=O)OC1C(C(C1(C)C)OC(=O)*)(C)C,tg,207.36921038515968
758,*c1ccc(*)s1,eea,2.1813902073828046
759,*C(C*)(C(=O)OCCC(C(C(C(C(C(C(C(C(C(F)(F)F)(F)F)(F)F)(F)F)(F)F)(F)F)(F)F)(F)F)(F)F)(F)F)F,tg,79.86735533170933
760,*C(C(C(C*)OC(=O)C)C(=O)OCCCC)C(=O)OCCCC,tg,66.71158772722248
761,*Oc1cc(ccc1)NC(=O)c1cc(cc(c1)C(C(C(C(F)(F)F)(F)F)(F)F)(F)F)C(=O)Nc1ccc(cc1)*,tg,237.505442072985
762,*OC(=O)CCSCCC(*)=O,egc,5.107889695088879
763,*CC(=O)C(=S)C(*)=O,nc,2.2185446378187024
764,*C(C*)OC(=O)C(C(C)(C)C)(CC)C,tg,73.18251468489413
765,*CCCCCCCNC(=S)N*,egc,4.456421317682565
766,*c1sc(cc1CCCCCCOC(=O)COc1ccccc1)c1sc(cc1)*,tg,46.89165787571567
767,*NC(=S)C(=O)C(*)=S,egb,1.5811913846986059
768,*CCCOC(=O)Nc1cc(NC(=O)O*)ccc1C,egc,5.029291915927758
769,*CCCCC(=O)NCCCCCCNC(=O)CCCO*,egc,5.831247470608741
770,*C(=O)c1ccc(-c2ccc(-c3ccc(*)cc3)s2)cc1,egb,2.0572918819180184
771,*Oc1ccc(cc1)c1ccc(cc1)Oc1ccc(cc1)C(=O)c1c(c(c(c(c1c1ccc(cc1)F)c1ccc(cc1)F)c1ccc(cc1)F)c1ccc(cc1)F)C(=O)c1ccc(cc1)*,tg,262.144611413708
772,*c1sc(nn1)c1ccc(cc1)C(=O)OCCCCCCCCOC(=O)c1ccc(cc1)*,tg,65.07097335062625
773,*Oc1ccc(cc1)C(=O)OCCN(CCOC(=O)c1ccc(cc1)OCC#CC#CC*)c1ccc(cc1)N=Nc1ccc(cc1)N=Nc1cc(c(c(c1)C)[N+](=O)[O-])C,tg,115.08233812211358
774,*C(C(CCCCC*)Cl)Cl,tg,-28.248104618625078
775,*C(C(CC*)C(=O)OC)C(=O)OC,tg,65.00205344939474
776,*Cc1ccc(-c2ccc(-c3ccc(*)s3)cc2)cc1,eps,4.335966319459015
777,*c1cc2c(C(=O)N(C2=O)c2c(cc(cc2)c2cc(c(cc2)N2C(=O)c3c(C2=O)cc(cc3)C(*)(C(F)(F)F)C(F)(F)F)OCCOc2ccc3c(c2)oc(=O)cc3C)OCCOc2ccc3c(c2)oc(=O)cc3C)cc1,tg,236.18111991693786
778,*O[Si](C#C[Si](C#C[Si](C#C[Si](C#C[Si](C#C[Si](C#C[Si](*)(C)C)(C)C)(C)C)(C)C)(C)C)(C)C)(C)C,tg,-19.812626307218764
779,*Oc1ccc(cc1)OC(=O)c1cc(ccc1)C(=O)*,tg,189.74115335275613
780,*c1sc(nn1)c1ccc(cc1)OC(=O)CCCCCCCCC(=O)Oc1ccc(cc1)C=C*,tg,72.40583590386571
781,*c1cc2c(C(=O)N(C2=O)C2CCC(CC2)N2C(=O)c3c(C2=O)cc(cc3)C(*)(C(F)(F)F)C(F)(F)F)cc1,tg,302.4848407628317
782,*CC(S1)=CC=C1OC(=S)*,egc,3.6087063891769584
783,*NC(=O)CCCCCCCCC(=O)NCCCCCCCCCC*,tg,42.80533327549701
784,*c1cc(-c2ccc(OC)cc2)c(*)s1,egc,2.9569504568076614
785,*O[Si](*)(CCCOc1ccc(cc1)C(=O)Oc1ccc(cc1)C(=O)Oc1ccc(cc1)OC)C,tg,25.557405426202862
786,*Oc1ccc(cc1)C(c1ccc(cc1)OC(=O)c1ccc(cc1)CC(=O)*)(C)C,tg,140.26121218878492
787,*CCCCCCc1nnc(*)n1N,egc,5.510112559037726
788,*Cc1ccc(-c2ccc(O*)cc2)cc1,nc,1.8642968412630059
789,*Oc1c(cc(cc1)Oc1ccc(cc1)C(=O)c1ccc(cc1)*)c1cc(cc(c1)C(F)(F)F)C(F)(F)F,tg,167.41087215244
790,*C(C*)c1c(cccc1)COC(C)C,tg,89.00364800473773
791,*C(C*)c1ccc(cc1)CCCCCCCCCCCCCCCCCC,tg,-26.23381313131593
792,*NC(=O)c1c(cc(cc1)C(=O)NCCCCCC*)Oc1ccc(cc1)F,tg,105.6599810826802
793,*C=CCCC*,tg,-75.55001980601968
794,*c1cc2c(C(=O)N(C2=O)c2cc(cc(c2)Cl)N2C(=O)c3c(C2=O)cc(c(c3)Cl)C(=O)*)cc1Cl,tg,343.5091756887058
795,*OC(C*)CSCCC,tg,-48.62221969377611
796,*OC(COC(=O)c1cc(ccc1)c1ccc(cc1)C(=O)*)COc1ccc(cc1)N=Nc1ccc(cc1)C#N,tg,127.7367346275173
797,*Oc1ccc(Oc2ccc(C(=O)C(=O)c3ccc(*)cc3)cc2)cc1,egc,3.8852310547142968
798,*Oc1ccc(cc1)CC(NC(=O)Cc1ccc(cc1)OC(=O)CC(CCC(=O)*)C)C(=O)OCC,tg,53.614981709976966
799,*Nc1ccc(-c2ccc(NC(=O)c3cc(C(*)=O)cc(S(=O)(=O)c4ccccc4)c3)cc2)cc1,egc,3.0439646525372885
800,*CCCCCCNC(=O)C(CCCCCCCCCCCCCCCC)C(=O)N*,egc,5.945833701095655
801,*Oc1ccc(cc1)Oc1ccc(cc1)NC(=C(C#N)C#N)c1cc(ccc1)C(=C(C#N)C#N)Nc1ccc(cc1)*,tg,229.75782737921566
802,*C(C*)(C(=O)OCCCCCCN(c1ccc(cc1)N=Nc1ccc(cc1)S(=O)(=O)C)C)C,tg,88.99286865968631
803,*Oc1ccc(cc1)C(=O)NCC(CCCNC(=O)c1ccc(cc1)*)(C)C,tg,152.846786840417
804,*CC(*)(C)C(=O)OCC(F)(F)C(F)(F)C(F)(F)C(F)F,egc,6.276112501759523
805,*CC(=S)c1ccc(C(*)=S)cc1,egb,1.722780695027838
806,*N1C(=O)c2c(C1=O)cc(cc2)C(=O)c1cc2c(C(=O)N(C2=O)CCCCCC(=O)Nc2ccc(cc2)Oc2ccc(cc2)NC(=O)CCCCC*)cc1,tg,169.01348084813483
807,*C(=O)C(S1)=CC=C1C(C=C2)=CC=C2C(S3)=CC=C3*,egc,2.704288919344413
808,*N1C(=O)c2c(C1=O)cc(cc2)C(=O)Oc1ccc(cc1)C(c1ccc(cc1)OC(=O)c1cc2c(C(=O)N(C2=O)CCCOCCCCOCCC*)cc1)(C)C,tg,80.02674843954586
809,*CC(O*)C(F)(F)F,nc,1.5695527214512712
810,*Oc1ccc(cc1)CC(NC(=O)CCc1ccc(cc1)OC(=O)CCCCCCCCC(=O)*)C(=O)OC,tg,48.78251450859302
811,*C1(c2c(C(=O)O1)cccc2)c1ccc(cc1)Oc1ccc(cc1)P(=O)(c1ccc(cc1)Oc1ccc(cc1)*)C,tg,251.35830115306626
812,*Oc1cc(c(cc1)C=Nc1c(cc(cc1)c1cc(c(cc1)N=Cc1c(cc(cc1)OCCCCCCCCCC*)O)OC)OC)O,tg,90.91957588979413
813,*c1cc2c(C(=O)N(C2=O)c2ccc(cc2)C(c2ccc(cc2)N2C(=O)c3c(C2=O)cc(cc3)C(=O)c2cc(cc(c2)c2ccccc2)C(=O)*)(C(F)(F)F)C(F)(F)F)cc1,tg,270.7013993555887
814,*CCCCCCNC(=O)CCCCCCCCCCCCCCCCCCCCC(=O)N*,egc,5.946357957313442
815,*Nc1ccc(-c2ccc(-c3ccc(*)s3)cc2)s1,ei,4.535639024459536
816,*C(F)(F)C1(F)C(F)(F)C(*)(F)C(F)(F)C(F)(F)C(F)(F)C1(F)F,egb,7.057313429813781
817,*N=Nc1cc(*)ccc1C,egc,3.2806366783105263
818,*N(C(=O)CCCCCCCCCC*)C,tg,-1.9105407403280965
819,*C=CC1CC(*)C(C(=O)OC(C)(C)C)C1C(=O)OC(C)(C)C,egc,5.29997207473628
820,*C(C*)c1c(ccc(c1)Br)OCC,tg,72.21117897923112
821,*NC(CC(N)=O)C(*)=O,egc,5.616002185777371
822,*Oc1ccc(C(=S)c2ccc(*)cc2)cc1,nc,2.1030447722802106
823,*C(C*)(C(=O)OCCCCCC(=O)Oc1ccc(cc1)OC(=O)c1ccc(cc1)OCCCCCC)C,tg,26.164730452904266
824,*OC(=O)Nc1ccc(cc1)CCCCc1ccc(cc1)NC(=O)OCC*,tg,81.608781619512
825,*CC1CC1CO*,egb,6.887205820572293
826,*Oc1ccc(cc1)C(c1ccc(cc1)OCCOC(=O)c1ccc(cc1)C(=O)OCC*)(C)C,tg,79.45396815009147
827,*Cc1ccc(OC(*)=S)s1,eps,4.154424996092748
828,*CC(*)C(=O)OCC(F)(F)C(F)(F)C(F)(F)C(F)(F)F,egb,6.0422450513773045
829,*C1C(=O)N(C(=O)C1CC*)CCCCCCCCCCCCCCCCCC,tg,60.93923729493657
830,*Oc1ccc(cc1)N=Cc1ccc(cc1)Oc1ccc(cc1)C(c1ccc(cc1)Oc1ccc(cc1)C=Nc1ccc(cc1)Oc1ccc(cc1)c1ccc(cc1)*)(C(F)(F)F)C(F)(F)F,tg,179.73596509892317
831,*Oc1c(cc(cc1)C(c1cc(c(cc1)OC(=O)*)C)(CCC)CCC)C,tg,121.15634291684891
832,*CCCCCCCCCCC(=O)N*,egc,6.080850030232668
833,*c1nc2c(nc1)cc(cc2)c1cc2c(nc(cn2)c2ccc(cc2)Oc2ccc(cc2)c2ccc(cc2)Oc2ccc(cc2)*)cc1,tg,236.83958938989898
834,*c1nc2c(nc1c1ccc(cc1)C(=O)NCCCCCCNC(=O)c1ccc(cc1)*)cccc2,tg,181.554972295795
835,*C1C(C(C(C1)C=C*)(F)F)(C(F)(F)F)C(F)(F)F,tg,122.14459075145855
836,*c1ccc(-c2ccc(-c3ccc(*)n3C)o2)s1,egc,2.0194218485992343
837,*C(C*)(C(=O)OCCCCCCOc1ccc(cc1)C(=O)Oc1c2c(c(cc1)N=Nc1ccc(cc1)Cl)cccc2)C,tg,45.79931043238038
838,*Oc1c(cc(cc1)Oc1ccc(cc1)C(=O)c1ccc(cc1)*)C,tg,146.59807474758287
839,*CC(*)(F)C(C)=O,egc,6.104014686031475
840,*Oc1c(cc(cc1C)c1cc(c(c(c1)CBr)Oc1ccc(cc1)C(=O)c1ccc(cc1)*)C)CBr,tg,191.14482766305647
841,*Oc1cc(ccc1)NC(=O)CCCCCC(=O)Nc1ccc(cc1)*,tg,139.97956554006487
842,*SCCCCCCC(=O)NCc1ccc(cc1)CNC(=O)CCCCCC*,tg,61.962943618992945
843,*NC(=O)c1ccc(-c2ccc(*)s2)cc1,egb,3.0795913804585866
844,*CC(*)(C)C(=O)Oc1ccc(C(=O)C=Cc2ccc(Cl)cc2)cc1,egc,2.972962979152214
845,*CC1CCC(COC(=O)NCCSCCCCCSCCNC(=O)O*)CC1,egc,5.544532590885607
846,*CNOC(*)=S,ei,6.250566210061349
847,*CCCCCCCCCCNC(=O)CCC=CCCC(=O)N*,egc,5.55429490692291
848,*Oc1ccc(cc1)OC(=O)c1c(cc(cc1)C(=O)*)Sc1cc2c(cc1)cccc2,tg,137.58736667056172
849,*CC(F)(F)C(F)(F)C(F)(F)COC(=O)CCCCC(=O)O*,egb,6.408233757317211
850,*C(C*)(C(=O)OCCCOc1ccc(cc1)c1ccc(cc1)C#N)C,tg,80.9855563573322
851,*O[Si](O[Si](O[Si](O[Si](CC[Si](O[Si](O[Si](CC[Si](*)(c1ccccc1)c1ccccc1)(C)C)(C)C)(C)C)(c1ccccc1)c1ccccc1)(c1ccccc1)c1ccccc1)(c1ccccc1)c1ccccc1)(c1ccccc1)c1ccccc1,tg,0.5509640626746009
852,*OC(=O)NCCCCCCCCCCNC(=O)OCCCCCCCCCCCC*,tg,35.28459119177052
853,*N1C(=O)c2c(C1=O)cc(cc2)c1cc2c(C(=O)N(C2=O)CCCCOC(=O)OCCCC*)cc1,tg,74.20330807221866
854,*OC(=O)/C=C\C(=O)OCCCC*,tg,33.96478194880998
855,*CC(*)(F)F,egc,7.029992978968815
856,*N1C(=O)c2c(C1=O)cc(cc2)Oc1ccc(cc1)C1(CCC(CC1)C(C)(C)C)c1ccc(cc1)Oc1cc2c(C(=O)N(C2=O)c2ccc(cc2)Oc2cc(c(cc2)c2c(cc(cc2)Oc2ccc(cc2)*)C)C)cc1,tg,255.70490027262636
857,*C1C(=O)N(C(=O)C1CC*)CCCC,tg,99.17425118307924
858,*OCc1ccc(cc1)C*,tg,54.768781151435334
859,*C(C*)n1c2c(c3ccccc3cc2)c2c1cccc2,tg,191.27008793113026
860,*CC(=O)c1ccc(-c2ccc(*)s2)s1,nc,2.03997369323208
861,*Oc1ccc(OC(=O)C=Cc2ccc(C=CC(*)=O)cc2)cc1,egc,3.626280406219989
862,*Nc1cc2cccc3c(*)cc4cccc1c4c23,egc,3.0400750210910283
863,*C(C*)(C(=O)OC1CCC(CC1)C(C)(C)C)C,tg,129.8740892822924
864,*Oc1c(cc(cc1)c1ccc(cc1)NC(=O)c1cc(cc(c1)C(C)(C)C)C(=O)Nc1ccc(cc1)c1cc(c(cc1)Oc1ccc(cc1)C(c1ccc(cc1)*)(C(F)(F)F)C(F)(F)F)C(F)(F)F)C(F)(F)F,tg,260.040081965754
865,*c1cc2c(C(=O)N(C2=O)c2cc(ccc2)P(=O)(c2cc(ccc2)N2C(=O)c3c(C2=O)cc(cc3)C(*)(C(F)(F)F)C(F)(F)F)c2ccccc2)cc1,tg,261.03543836810286
866,*N1C(=O)c2c(C1=O)cc(cc2)c1c2c(C(=O)N(C2=O)c2cc(ccc2)OCCCc2cc(ccc2)*)ccc1,tg,188.78647365335578
867,*CCC(C#N)CC(C)=C(*)C,egc,5.543011901295376
868,*Nc1cc(ccc1)NC(=O)CCCCCCC(=O)*,tg,113.06257204019913
869,*C1COC2C1OCC2OC(=O)c1oc(cc1)C(=O)O*,tg,165.41212114930093
870,*c1cc2c(C(=O)N(C2=O)c2ccc(cc2)C(=O)OCCCCOC(=O)*)cc1,tg,110.30787520779714
871,*c1cc2c(C(=O)N(C2=O)c2c(ccc(c2)N2C(=O)c3c(C2=O)cc(cc3)C(=O)OCCN(CCOC(=O)*)c2ccc(cc2)C(=C(C#N)C#N)C#N)N=Nc2ccc(cc2)C(=C(C#N)C#N)C#N)cc1,tg,134.5919198449082
872,*C1COC2C1OCC2OC(=O)Nc1c(ccc(c1)NC(=O)O*)C,tg,105.32434806853128
873,*C(=O)c1ccc2c(c1)C(=O)N(c1cc(C(=O)O)cc(N3C(=O)c4ccc(*)cc4C3=O)c1)C2=O,egc,2.849040281659242
874,*OC(=O)c1cc(ccc1)C(=O)OCC1CCC(CC1)C*,tg,72.3332401586856
875,*CC(C#N)(C#N)C(C#N)C(C#N)(C#N)C(C#N)C(C#N)(C#N)*,egc,6.639409760363666
876,*Oc1ccc(cc1)N(c1ccc(cc1)c1ccc(cc1)N(c1ccc(cc1)OCCCCCCCCCC*)c1ccccc1)c1ccccc1,tg,93.77637497465113
877,*C(C*)(C(=O)OCCCCCC(=O)Oc1ccc(cc1)OC(=O)c1ccc(cc1)OCCCCC)C,tg,31.037707598454574
878,*C1C2CC(C(C1*)C2)CCCCCCCCC(=O)OCC,tg,99.47368805718054
879,*C(=O)c1ccc(C(=S)c2ccc(*)cc2)cc1,eps,5.147777368568079
880,*CCC(C)CCOC(=O)CCCCC(=O)O*,egc,6.8439730043486735
881,*Oc1ccc(cc1)C(c1ccc(cc1)Oc1ccc(cc1)C(=O)C(=O)c1ccc(cc1)*)(C)C,tg,158.49598566568014
882,*OCC(=S)c1ccc(C(=S)Cc2ccc(-c3ccc(*)cc3)cc2)s1,ei,5.810709262865611
883,*N1C(=O)c2c(C1=O)c(ccc2)Oc1cc(ccc1)Oc1c2c(C(=O)N(C2=O)c2cc(ccc2)*)ccc1,tg,246.41249418353692
884,*CCCCCNC(=O)CCCCCCCCCCCCC(=O)N*,egc,5.9256548198155965
885,*Oc1ccc(cc1)Oc1ccc(cc1)C(=Nc1ccc(cc1)N=C(c1ccc(cc1)*)c1ccccc1)c1ccccc1,tg,163.2536489520713
886,*Oc1ccc(cc1)C(c1ccc(cc1)OC(=O)OCCCOC(=O)*)(C)C,tg,62.42031852125155
887,*c1ccc(-c2ccc(-c3ccc(*)n3-c3c(F)c(F)c(F)c(F)c3F)s2)s1,egc,2.2054019086468433
888,*NC(=S)OC(*)=S,nc,2.121750438049928
889,*c1cc2c(C(=O)N(C2=O)c2ccc(cc2)Cc2ccc(cc2)N2C(=O)c3c(C2=O)cc(cc3)C(CCCCC(*)(C)C)(C)C)cc1,tg,248.60530867737504
890,*Cc1cccc(CN(*)c2ccccc2)c1O,egc,3.677446871609696
891,*c1cc(CCCc2ccccc2)c(*)s1,egc,2.5320082849704533
892,*OP(=O)(OC(COc1ccc(cc1)S(=O)(=O)c1ccc(cc1)OCC(*)CCl)CCl)Oc1ccc(cc1)Br,tg,63.518688336626596
893,*CC(*)C(=O)OCCCCSC,egb,4.461406298270532
894,*O[Si](c1cc(ccc1)C(C(C(c1cc(ccc1)[Si](*)(C)C)(F)F)(F)F)(F)F)(C)C,tg,-4.99694834806126
895,*Nc1ccc(*)cc1N,egc,3.3876389077875815
896,*N1C(=O)c2c(C1=O)c(ccc2)Oc1cc(ccc1)Oc1c2c(C(=O)N(C2=O)c2ccc(cc2)Oc2cc(ccc2)Oc2ccc(cc2)*)ccc1,tg,237.8336356609874
897,*CNC(=S)c1ccc(*)cc1,eea,2.374768695578941
898,*Oc1ccc(cc1)S(=O)(=O)c1ccc(cc1)Oc1cc(ccc1)NC(=O)c1c(cc(cc1)c1cc(c(cc1)C(=O)Nc1cc(ccc1)*)C)C,tg,232.7319295984634
899,*OC(=O)CCCCC(=O)OCCCCCC*,tg,-58.71762810466592
900,*Oc1ccc(cc1)C(c1ccc(cc1)Oc1ccc(cc1)C(=O)c1c(c(c(c(c1c1ccc(cc1)F)c1ccc(cc1)F)c1ccc(cc1)F)c1ccc(cc1)F)C(=O)c1ccc(cc1)*)(C)C,tg,239.50669829782476
901,*Oc1ccc(Oc2ccc(*)cc2)s1,egb,4.325300352311891
902,*Oc1c(cc(cc1)S(=O)(=O)c1cc(c(cc1)Oc1ccc(cc1)C(c1ccc(cc1)*)(C)C)S(=O)(=O)O)S(=O)(=O)O,tg,199.20747531424456
903,*NC(CCC(*)=O)C(=O)OCc1ccccc1,egc,5.575860314082581
904,*OC(=O)Nc1c(ccc(c1)NC(=O)OCCN(CC*)c1ccc(cc1)N=Nc1ccc(cc1)[N+](=O)[O-])C,tg,134.7195066196357
905,*CNC(=S)N*,nc,1.9971782156981608
906,*CCCCCS*,eea,1.2497525943729058
907,*N1C(=O)c2c(C1=O)cc(cc2)NC(=O)OCCOc1ccc(cc1)C(c1ccc(cc1)OCCOC(=O)Nc1cc2c(C(=O)N(C2=O)c2cc(ccc2)P(=O)(c2cc(ccc2)*)C)cc1)(C(F)(F)F)C(F)(F)F,tg,210.7801808406397
908,*C(C*)CN,tg,26.63443288214765
909,*Oc1c(cc(cc1OC)C=Cc1ccc(cc1)C=Cc1ccc(cc1)C=Cc1cc(c(c(c1)OC)OCCCCCCCC*)OC)OC,tg,79.77876764714372
910,*NC(=O)C(=S)c1ccc(*)s1,nc,2.6533072591504756
911,*CC1CCC(COC(=O)CCCCCC(=O)O*)CC1,egc,6.786184616775223
912,*C1C2C(C(C(C1*)C2)C(=O)OCC1C2CCC(C1)C2)C(=O)OCC1C2CCC(C1)C2,tg,297.1305508823605
913,*Oc1ccc(cc1)c1cc(c(c(c1)c1ccc(cc1)c1ccccc1)c1ccc(cc1)NC(=O)c1ccc(cc1)C(=O)Nc1ccc(cc1)c1c(cc(cc1c1ccc(cc1)c1ccccc1)c1ccc(cc1)OCCCCCCCCCC*)c1ccc(cc1)c1ccccc1)c1ccc(cc1)c1ccccc1,tg,122.63185200066708
914,*c1c(nc2c(n1)cc(cc2)c1cc2c(nc(c(n2)c2ccc(cc2)N2C(=O)c3c(C2=O)cc(cc3)C(=O)c2cc3c(C(=O)N(C3=O)c3ccc(cc3)*)cc2)c2ccccc2)cc1)c1ccccc1,tg,258.10854539257724
915,*C(C(C(C*)OC)C(=O)O)C(=O)O,tg,105.51870414492461
916,*C(C*)(C(=O)OC1CC2C(CC1)CCCC2)C,tg,151.49818833255537
917,*OCC(C*)(CSC(C)C)CSC(C)C,tg,4.290957126771509
918,*c1ccc(-c2ccc(-n3c(=O)c4c(F)c5c(=O)n(*)c(=O)c5c(F)c4c3=O)cc2C)c(C)c1,egc,2.7090635506472545
919,*c1cc(*)c(O)c(C=Nc2ccc(S(=O)(=O)O)cc2)c1,egc,2.8381167601578703
920,*c1nc2c(c(c1)c1ccccc1)cc(cc2)C1(c2ccccc2C(=O)c2ccccc12)c1cc2c(nc(cc2c2ccccc2)c2ccc(cc2)C2(c3ccccc3C(=O)c3ccccc23)c2ccc(cc2)*)cc1,tg,381.75367023210356
921,*c1n(cnc1C(=O)NCCNC(=O)*)C,tg,133.5532465086473
922,*c1cc2c(C(=O)N(C2=O)c2cc(ccc2)C(c2cc(ccc2)N2C(=O)c3c(C2=O)cc(cc3)C(=O)*)O[Si](O[Si](O[Si](C)(C)C)(C)C)(C)C)cc1,tg,207.54119125015882
923,*C(=O)c1ccc2c(c1)C(=O)N(c1cccc(C#Cc3cccc(N4C(=O)c5ccc(*)cc5C4=O)c3)c1)C2=O,egc,2.6727864459264654
924,*Oc1ccc(cc1)c1ccc(cc1)C(=O)OCC(COC(=O)c1ccc(cc1)c1ccc(cc1)OC(CC*)C)C,tg,74.85982690623636
925,*NC(=O)c1cc(cc(c1)C(C)(C)C)C(=O)NCc1cc(ccc1)C*,tg,194.02008465270382
926,*NC(=O)CCCCC(=O)NCCCCCCCC*,tg,52.46638884748023
927,*N1C(=O)c2c(C1=O)cc(cc2)C(=O)c1cc2c(C(=O)N(C2=O)CCCOC(=O)OCCCCCCOC(=O)OCCC*)cc1,tg,69.50303072019534
928,*CCC=C(*)C,egc,5.254554968734451
929,*c1sc(cc1)C(=O)Oc1ccc(cc1)[Si](c1ccc(cc1)OC(=O)*)(C)C,tg,-3.860519553707011
930,*O[Si](*)(c1c(c(c(c(c1F)F)F)F)F)C,tg,33.844226558963555
931,*c1oc(nn1)c1ccc(cc1)Oc1cc(ccc1)NC(=O)c1c(cc(cc1)C(=O)Nc1cc(ccc1)Oc1ccc(cc1)*)Oc1ccccc1,tg,201.55405985633107
932,*Oc1ccc(cc1)C(=Cc1c(cc(c(c1)OC)C=C(c1ccc(cc1)*)c1ccc(cc1)F)OC)c1ccc(cc1)F,tg,198.45682568184662
933,*NC(=S)Nc1ccc(NC(=S)Nc2ccc(Oc3ccc(*)cc3)cc2)cc1,ei,5.39735204073381
934,*Cc1ccc(-c2ccc(C(*)=S)s2)cc1,nc,2.0624150354951745
935,*Oc1ccc(cc1)S(=O)(=O)c1ccc(cc1)Oc1ccc(cc1)C(c1ccc(cc1)*)(CCC(=O)O)C,tg,169.4188858428378
936,*OC(=O)Nc1c(ccc(c1)NC(=O)OCC(C*)(CC)CC)C,tg,18.791840344411508
937,*CNC(=S)N*,egb,3.363752090405468
938,*CC(C)(C)COC(=O)Nc1ccc(NC(=O)O*)cc1,egb,4.696530150453277
939,*c1ccc2N(c3c(Sc2c1)cc(cc3)C=Cc1sc(cc1)C=C*)c1ccc(cc1)OCCCCCCCCCCCC,tg,147.43243809945437
940,*OC(F)(F)NC(*)(F)F,eea,1.274431995653559
941,*Oc1ccc(C(=S)c2ccc(*)cc2)s1,ei,5.853281729244488
942,*Nc1ccc(-c2ccc(-c3ccc(*)s3)cc2)cc1,ei,4.865603941207685
943,*C(C*)c1ccc(cc1)C(=O)OC(C)C,tg,114.73923905663041
944,*C=CCC(C*)c1ccccc1,egc,4.89460394638599
945,*CNC(=S)C(*)=O,nc,2.0564681604524004
946,*C(C*)C(=O)OCCCn1c2ccccc2c2ccccc12,tg,68.54570014557164
947,*Oc1ccc(cc1)C(c1ccc(cc1)OC(=O)OCCCCCOC(=O)*)(C)C,tg,45.36102122686203
948,*c1oc(cc1)C(c1oc(cc1)CNC(=O)OCc1cocc1COC(=O)NC*)(C)C,tg,58.905791670565264
949,*c1cc2c(C(=O)N(C2=O)c2ccc(cc2)NC(=O)Nc2ccc(cc2)N2C(=O)c3c(C2=O)cc(cc3)C(=O)Nc2ccc(cc2)Oc2ccc(cc2)NC(=O)*)cc1,tg,213.89293794247433
950,*c1cc2c(C(=O)N(C2=O)c2c(c(c(c(c2C)C)N2C(=O)c3c(C2=O)cc(cc3)C(*)(C(F)(F)F)C(F)(F)F)C)C)cc1,tg,352.23583710431706
951,*C(C*)C(C(C(F)(F)F)(F)F)(F)F,tg,35.83961048168725
952,*C(C*)OC(CC)C,tg,-10.073713861463569
953,*CC(CCl)(CCl)C(=O)O*,egb,6.1021063868343415
954,*N1C(=O)c2c(C1=O)cc(cc2)Oc1c2c(ccc1)c(ccc2)Oc1cc2c(C(=O)N(C2=O)c2cc(cc(c2)C(F)(F)F)*)cc1,tg,263.5001529440539
955,*Oc1ccc(cc1)NC(=O)c1ccc(cc1)Oc1ccc(cc1)C(c1ccc(cc1)C(c1ccc(cc1)Oc1ccc(cc1)C(=O)Nc1ccc(cc1)Oc1ccc(cc1)c1ccc(cc1)*)(C)C)(C)C,tg,194.63283356548695
956,*N1C(=O)c2c(C1=O)cc(cc2)C(=O)Oc1ccc(cc1)c1ccc(cc1)OC(=O)c1cc2c(C(=O)N(C2=O)CCCC*)cc1,tg,141.28221317384055
957,*NC(=S)OC(*)=S,egb,2.694135628261539
958,*c1ccc(Oc2ccc(-c3cc(-c4ccccc4)c4cc5c(-c6ccccc6)cc(*)nc5cc4n3)cc2)cc1,egc,3.123165263537894
959,*c1cc2c(C(=O)N(C2=O)c2cc(ccc2)C(c2cc(ccc2)N2C(=O)c3c(C2=O)cc(cc3)C(*)(C(F)(F)F)C(F)(F)F)O[Si](O[Si](O[Si](C)(C)C)(C)C)(C)C)cc1,tg,212.71100754905407
960,*C(C*)(C(=O)OCCCCCCOc1ccc(cc1)C=Nc1ccc(cc1)C#N)C,tg,37.2496294528925
961,*Oc1ccc(cc1)C(c1cc(ccc1)C(c1ccc(cc1)Oc1ccc(cc1)C(=O)Nc1ccc(cc1)Cc1ccc(cc1)NC(=O)c1ccc(cc1)*)(C)C)(C)C,tg,149.74068557958984
962,*NC(=S)OC(=S)*,egc,3.170120681200342
963,*OC(C)COC(=O)C1CCC(C(*)=O)CC1,egc,6.605237280637104
964,*OC(=O)Cc1ccc(CC(*)=O)cc1,egc,5.053111426787286
965,*NC(=O)C(=S)C(*)=O,eps,6.709146461191224
966,*OC(CCl)COC(=O)C1=C(C(=O)OCC(CCl)OC(=O)c2ccc(C(*)=O)cc2)C2C=CC1C2,egc,3.4912153704154196
967,*Oc1ccc(cc1)C(c1ccc(cc1)OCOc1ccc(cc1)C(c1ccc(cc1)OCCCCCCCCCCCC*)(C)C)(C)C,tg,47.49921916461657
968,*Oc1ccc(cc1)N=Cc1ccc(cc1)N(c1ccc(cc1)C=Nc1ccc(cc1)*)c1ccccc1,tg,191.3205449362113
969,*Oc1c(cc(cc1C)c1cc(c(c(c1)CBr)Oc1ccc(cc1)C(=O)c1ccc(cc1)*)CBr)CBr,tg,173.29125712746077
970,*Oc1ccc(C(=O)c2ccc(*)cc2)cc1,ei,6.530162580098593
971,*c1nc2cc3c(cc2nc1c1ccccc1)nc(c(n3)c1cc(ccc1)*)c1ccccc1,tg,344.16478493739635
972,*CC(C=C)O*,egc,5.41347110527662
973,*C(C*)(C(=O)OCCN(c1cc(c(cc1)N=Nc1ccc(cc1)OC)C)CC)C,tg,107.05416977173151
974,*CCN*,egc,5.158086182996826
975,*Oc1c(Cl)cc(C2(c3cc(Cl)c(OC(*)=O)c(Cl)c3)CC3CCC2C3)cc1Cl,egb,4.294090898195794
976,*OC(C)COC(=O)Cc1ccc(CC(*)=O)cc1,egc,5.456159483639777
977,*Nc1ccc(cc1)Cc1ccc(cc1)NC(=O)Nc1c(cccc1)CCc1ccc(cc1)NC(=O)*,tg,180.95231814354582
978,*N1C(=O)c2c(C1=O)cc(cc2)S(=O)(=O)c1cc2c(C(=O)N(C2=O)c2ccc(cc2)Cc2ccc(cc2)*)cc1,tg,314.4280034639978
979,*C=Cc1csc(-c2cc(*)cs2)c1,egc,2.1591901258846358
980,*Cc1ccc(-c2ccc(-c3ccc(*)s3)cc2)cc1,eea,1.7829373659719934
981,*OC(COC(=O)*)CCC,tg,-0.6572710463311926
982,*c1cc2c(C(=O)N(C2=O)c2ccc(cc2)C(=O)OCCCSCCCCCCSCCCOC(=O)*)cc1,tg,26.104456364370197
983,*c1cc2c(C(=O)N(C2=O)c2cc(ccc2)N2C(=O)c3c(C2=O)cc(cc3)C(=O)Nc2ccc(cc2)Oc2ccc(cc2)C2(c3c(C(=O)N2)cccc3)c2ccc(cc2)Oc2ccc(cc2)NC(=O)*)cc1,tg,309.4565161317528
984,*c1cc2c(C(=O)N(C2=O)c2ccc(cc2)S(=O)(=O)c2ccc(cc2)N2C(=O)c3c(C2=O)cc(cc3)C(*)(C(F)(F)F)C(F)(F)F)cc1,tg,321.58308091520826
985,*N1C(=O)c2c(C1=O)c(ccc2)Oc1c(cc(c(c1)C(C)(C)C)Oc1c2c(C(=O)N(C2=O)c2ccc(cc2)Oc2ccc(cc2)c2ccc(cc2)Oc2ccc(cc2)*)ccc1)C(C)(C)C,tg,280.70206159349596
986,*c1ncc(cc1)c1sc(cc1)c1cc2C(c3c(c2cc1)ccc(c3)c1sc(cc1)*)(CCCCCCCC)CCCCCCCC,tg,89.31008736586215
987,*C(=O)C(F)(F)NC(*)(F)F,eea,3.4508686409309623
988,*c1cc2c(C(=O)N(C2=O)c2ccc(cc2)Oc2ccc(cc2)N2C(=O)c3c(C2=O)cc(cc3)C(=O)Oc2ccc(cc2)OC(=O)*)cc1,tg,239.88854243914247
989,*c1nc2cc3c(cc2c(c1)c1ccccc1)c(cc(n3)c1ccc(cc1)Oc1ccc(cc1)*)c1ccccc1,tg,330.5706237043911
990,*c1sc(nn1)SCC(=O)NN=Cc1ccc(cc1)OCCCCCCCCCCOc1ccc(cc1)C=NNC(=O)CS*,tg,132.5028120247058
991,*CCc1ccc(-c2ccc(*)s2)s1,eps,4.14150614155425
992,*Nc1ccc(cc1)C(=O)c1c(c(c(c(c1C)C)C(=O)c1ccc(cc1)NC(=O)c1ccc(cc1)C(=O)*)C)C,tg,324.2636046914663
993,*c1cc2c(C(=O)N(C2=O)c2ccc(cc2)OCCN(CCOc2ccc(cc2)N2C(=O)c3c(C2=O)cc(cc3)C(*)(C(F)(F)F)C(F)(F)F)c2ccccc2)cc1,tg,177.71770468923467
994,*c1ccc(C(c2ccc(N3C(=O)c4ccc(Oc5ccc6c(c5)C(=O)N(*)C6=O)cc4C3=O)cc2)(C(F)(F)F)C(F)(F)F)cc1,egc,3.32253532864689
995,*Oc1ccc(cc1)Oc1ccc(cc1)OCCCCCCOC(=O)OCCCCCCCCCCOC(=O)OCCCCCC*,tg,-18.66992559417802
996,*O[Si](*)(CCc1ccc(cc1)O)C,tg,30.62141322007811
997,*Oc1ccc(-c2ccc(C(*)=O)s2)cc1,nc,2.0446169463949793
998,*C(C*)(C(=O)OCCCCCCCOc1cc2c(cc1)cc(cc2)C(=O)Oc1ccccc1)C,tg,32.20684383148965
999,*C1C(=O)N(C(=O)C1C(C*)CCCCCCCCCCCCCCCC)CCCCNC(=O)C(C(C(C(C(C(C(F)(F)F)(F)F)(F)F)(F)F)(F)F)(F)F)(F)F,tg,100.80729232757335
1000,*N=P(*)(OCCCc1ccccc1)OCCCc1ccccc1,tg,-24.270257232013783
1001,*c1cc2c(C(=O)N(C2=O)c2ccc(cc2)C(=O)Nc2cc(ccc2)NC(=O)*)cc1,tg,286.54667760199317
1002,*Oc1cc(ccc1)Oc1ccc(cc1)S(=O)(=O)c1ccc(cc1)Oc1ccc(cc1)C(=O)c1ccc(cc1)*,tg,173.67749022230845
1003,*C=CC(C*)CCC,egc,5.626301809148879
1004,*Cc1ccc(Cc2ccc(*)s2)cc1,eea,1.1736963453372289
1005,*c1ccc(CC(F)(F)C(*)(F)F)cc1,eea,1.7070522434074873
1006,*CC(=O)Cc1ccc(*)s1,eps,3.566050878122111
1007,*Oc1ccc(cc1)C(c1ccc(cc1)OC(=O)*)(C(F)(F)F)C(F)(F)F,tg,149.57256299941946
1008,*c1cccc(*)n1,nc,1.9798579740413995
1009,*CC(C#N)(C#N)CC(C#N)(C#N)CC(C#N)(C#N)C(C#N)C(C#N)(C#N)*,egc,6.914312974808181
1010,*O[Si](O[Si](C#Cc1ccc(cc1)C#C[Si](*)(C)C)(C)C)(C)C,tg,62.34320982212573
1011,*N1C(=O)c2c(C1=O)cc(cc2)c1cc2c(C(=O)N(C2=O)c2cc(ccc2)C(=O)Nc2ccc(cc2)Oc2ccc(cc2)S(=O)(=O)c2ccc(cc2)Oc2ccc(cc2)NC(=O)c2cc(ccc2)*)cc1,tg,266.9304475125041
1012,*OC(=O)C(C*)(CCC)C,tg,26.781431032475172
1013,*Nc1cc(cc(c1)C(=O)OCCOc1ccc(cc1)C=CC(=O)c1ccccc1)NC(=O)c1cc2c(cc1)cc(cc2)C(=O)*,tg,241.8356321996081
1014,*Oc1cc(c(cc1)c1c(cc(cc1)OC(=O)c1cc(c(cc1)c1c(cc(cc1)C(=O)*)C(F)(F)F)C(F)(F)F)C(=O)OCCCCCCCCCCCOc1ccc(cc1)c1ccc(cc1)C#N)C(=O)OCCCCCCCCCCCOc1ccc(cc1)c1ccc(cc1)C#N,tg,91.33813494737032
1015,*c1[nH]c(nc1c1ccc(cc1)Oc1ccc(cc1)C(=O)c1cc(ccc1)C(=O)c1ccc(cc1)Oc1ccc(cc1)*)c1ccccc1,tg,248.7541106812198
1016,*OC1CCC(OC(=O)CCCCCCC(*)=O)CC1,egc,6.746159838611402
1017,*CCCCCCNC(=O)CCCCC(=O)NCCCCCCNC(=O)C(=O)N*,egc,4.887335116659528
1018,*Nc1ccc(*)cc1,egb,3.4674313008790696
1019,*CC(=O)c1ccc(C(*)=S)s1,ei,6.550219164169494
1020,*Oc1ccc(C(*)=O)cc1Cl,egc,4.103507775769554
1021,*NC(=O)c1ccc(cc1)C(=O)NCCC(CCC*)CC,tg,153.47092876945732
1022,*c1ccc(cc1)C(C(*)(C(=O)OCCCC)C#N)(C(=O)OCCCC)C#N,tg,83.50037793389146
1023,*Oc1ccc(cc1)S(=O)(=O)c1ccc(cc1)Oc1c(cc(cc1)C(c1cc(c(cc1)*)[Si](C)(C)C)(C(F)(F)F)C(F)(F)F)[Si](C)(C)C,tg,177.9493016201462
1024,*Oc1ccc(cc1)C(=O)c1ccc(cc1)C(=O)c1ccc(cc1)*,tg,184.29143186878565
1025,*C=CC1CC(*)C2C(=O)N(CCCCCCCC)C(=O)C12,egc,5.413137795119504
1026,*C(F)(F)C(F)(F)C(=O)C(S1)=CC=C1*,egc,3.649337065246082
1027,*CCc1cc(Cl)c(*)cc1Cl,egc,4.8924233906168855
1028,*c1oc(nn1)c1ccc(cc1)C(=O)OCCCCCCCCCCOc1ccc(cc1)C=C1C(=O)C(=Cc2ccc(cc2)OCCCCCCCCCCOC(=O)c2ccc(cc2)*)CC1,tg,91.01470951051343
1029,*C(=O)c1ccc(-c2ccc(C(*)=S)s2)cc1,eea,3.6985966346390504
1030,*Oc1ccc(cc1)CC(NC(=O)CCc1ccc(cc1)OC(=O)CCCCCCC(=O)*)C(=O)OCCCCCC,tg,17.795374809497854
1031,*c1ccc2oc3c(c2c1)cc(cc3)S(=O)(=O)c1ccc(cc1)Oc1ccc(cc1)S(=O)(=O)*,tg,294.2821177747436
1032,*c1ccc(-c2ccc(-c3ccc(-c4cnc5ccc(-c6ccc7ncc(*)nc7c6)cc5n4)cc3)cc2)cc1,egc,3.2123763116519557
1033,*C(=O)c1ccc2c(c1)C(=O)N(c1ccc(Sc3ccc(N4C(=O)c5ccc(*)cc5C4=O)cn3)nc1)C2=O,egc,2.528838590306398
1034,*Oc1ccc(cc1)C(=O)Nc1c(ccc(c1)C(c1cc(c(cc1)C)NC(=O)c1ccc(cc1)OC(=O)c1ccc(cc1)C(=O)*)(C(F)(F)F)C(F)(F)F)C,tg,235.83523585848917
1035,*CC(CC(CC(*)c1ccccn1)c1ccccn1)c1ccccn1,eea,1.704527445920783
1036,*Oc1ccc(cc1)S(=O)(=O)c1ccc(cc1)Oc1ccc(cc1)NC(=O)c1c(cc(cc1)c1cc(c(cc1)C(=O)Nc1ccc(cc1)*)C)C,tg,251.38525547803886
1037,*CCCCCOC(=O)CCC(C)CC(=O)O*,egc,6.7739785877703715
1038,*OC(=O)Nc1c(ccc(c1)NC(=O)OCCCCC*)C,tg,51.92064780288304
1039,*Oc1ccc(C(F)(F)C(*)(F)F)cc1,eps,3.4364605525142253
1040,*C(C*)CCCI,tg,-2.983519893443583
1041,*C(=O)OC(S1)=CC=C1C(=S)*,egc,2.8389825320039463
1042,*C(C)=C(*)SCC,egc,4.181590638548314
1043,*CC(*)c1ccc(Cl)c(Cl)c1,egc,2.9347865035651335
1044,*c1nc2c(nc1)ccc(c2)c1ccc2c(nc(cn2)c2ccc(cc2)c2ccc(cc2)c2ccc(cc2)*)c1,tg,334.46818938117985
1045,*C1(C(=O)OC(=O)C1(C(C*)OCC)C)C,tg,149.00493581744473
1046,*Oc1ccc(cc1)CC(NC(=O)CCc1ccc(cc1)OC(=O)CCCC(=O)*)C(=O)OCCCCCC,tg,32.42446370526033
1047,*N1C(=O)c2c(C1=O)cc(cc2)Oc1ccc(cc1)Sc1ccc(cc1)Oc1cc2c(C(=O)N(C2=O)c2cc(ccc2)S(=O)(=O)c2cc(ccc2)*)cc1,tg,209.6822552856224
1048,*c1ccc(C(F)(F)NC(*)(F)F)s1,nc,1.8439597050125185
1049,*C(=S)N(*)CC=C,egc,3.176195008361759
1050,*C(=S)c1ccc(-c2ccc(-c3ccc(*)cc3)s2)cc1,eps,6.345229067096191
1051,*c1cc2C(c3c(c2cc1)ccc(c3)C=C*)(CC(CCCC)CC)CC(CCCC)CC,tg,41.28383875782189
1052,*Oc1ccc(cc1)C(c1ccc(cc1)OC(=O)c1ccc(cc1)C(c1ccc(cc1)C(=O)*)(C)C)(C)C,tg,185.35596819455944
1053,*c1cc2c(C(=O)N(C2=O)c2ccc(cc2)Oc2ccc(cc2)C(=O)c2ccc(cc2)Oc2ccc(cc2)N2C(=O)c3c(C2=O)cc(cc3)C(*)(C(F)(F)F)C(F)(F)F)cc1,tg,266.3179953201127
1054,*CCOC(=O)NCCCCCCCCCCNC(=O)O*,egc,6.2960048180219745
1055,*O[Si](*)(CCCCCCCCCCC(=O)Oc1ccc(cc1)c1ccc(cc1)OC(=O)c1ccc(cc1)OCC)C,tg,13.67437824931374
1056,*OC(=O)NCC(C(C(C(CNC(=O)OCC(C(C(C(C*)(F)F)(F)F)(F)F)(F)F)(F)F)(F)F)(F)F)(F)F,tg,38.04974624031696
1057,*Oc1ccc(C(=O)OCCCCOC(=O)c2ccc(*)cc2)cc1,egc,4.507197977582676
1058,*CC(C=C1)=CC=C1C(=S)C(S2)=CC=C2*,egc,2.6973939691660553
1059,*c1ccc(Cc2ccc(N3C(=O)c4ccc(-c5ccc6c(c5)C(=O)N(*)C6=O)cc4C3=O)c(C(C)(C)C)c2)cc1C(C)(C)C,egc,3.2796405111143567
1060,*C(C*)c1cc(ccc1)O,tg,126.23480963600403
1061,*Nc1cc(NC(=O)c2ccccc2C(*)=O)cc(-c2nnc(-c3ccccn3)o2)c1,egc,3.1676591104487306
1062,*CC(=O)NC(C)C(=O)O*,egc,6.0261154469246865
1063,*c1cc2c(C(=O)N(C2=O)c2ccc(cc2)Oc2cc3c(cc2)ccc(c3)Oc2ccc(cc2)N2C(=O)c3c(C2=O)cc(cc3)C(=O)Nc2ccc(cc2)c2sc(c(c2c2ccccc2)c2ccccc2)c2ccc(cc2)NC(=O)*)cc1,tg,318.1673905339219
1064,*c1cc2c(C(=O)N(C2=O)c2ccc(cc2)Oc2ccc(cc2)N2C(=O)c3c(C2=O)cc(cc3)C(CCCCC(*)(C)C)(C)C)cc1,tg,238.71271209210298
1065,*C(C*)(C(=O)OCCCCCCOc1ccc(cc1)C(=O)Oc1c2c(c(cc1)N=Nc1ccc(cc1)I)cccc2)C,tg,46.07095889163187
1066,*c1oc(nn1)c1ccc(cc1)NC(=O)CN1C(=O)c2c(C1=O)cc(cc2)C(c1cc2c(C(=O)N(C2=O)CC(=O)Nc2ccc(cc2)*)cc1)(C(F)(F)F)C(F)(F)F,tg,272.5357641568581
1067,*N1C(=O)c2c(C1=O)cc(cc2)Oc1cc2c(C(=O)N(C2=O)c2ccc(cc2)Oc2c(cc(c(c2)C(C)(C)C)Oc2ccc(cc2)*)C(C)(C)C)cc1,tg,274.4713095124416
1068,*CC(=O)C(=S)c1ccc(*)s1,eps,5.150796569837275
1069,*Oc1c(Cl)cc(*)cc1Cl,egc,4.300476540314388
1070,*c1cc2c(C(=O)N(C2=O)c2c(cc(cc2C)C(c2cc(c(c(c2)C)N2C(=O)c3c(C2=O)cc(cc3)C(*)(C(F)(F)F)C(F)(F)F)C)c2c3c(ccc2)cccc3)C)cc1,tg,312.31699436174677
1071,*Oc1ccc(cc1)C(c1ccc(cc1)OC(=O)*)(C(Cl)(F)F)C(Cl)(F)F,tg,169.64013703117922
1072,*CNCC(*)=O,egb,5.132459965735345
1073,*C=C*,egc,4.409551912070603
1074,*CC(*)(C)C(=O)OCCCCCC,egc,6.40830870573399
1075,*CC(=O)OC(=O)COc1cccc(O*)c1,egc,4.860812014239748
1076,*c1cc2c(C(=O)N(C2=O)c2cc(ccc2)C(=O)Nc2ccc(cc2)NC(=O)c2cc(ccc2)N2C(=O)c3c(C2=O)cc(cc3)C(*)(C(F)(F)F)C(F)(F)F)cc1,tg,306.6603792524282
1077,*CCCCCCCCCCO*,egc,6.106090181741573
1078,*NNC(=O)c1c(cc(cc1)C(=O)*)OCCCCCCCC,tg,190.74858291135575
1079,*C=Cc1csc(C=Cc2cccc(*)n2)c1CCCCCCCC,egc,3.267143717923749
1080,*Oc1ccc(-c2ccc(-c3ccc(*)cc3)cc2)s1,egb,2.640498491636516
1081,*CCCCCCCCCCC(=O)NCCCCCCNC(=O)CCCO*,egc,5.865963428261583
1082,*CNC(C=C1)=CC=C1N*,egc,4.3135104444272825
1083,*CNc1ccc(N*)s1,egb,4.188480657671582
1084,*CCOC(=O)NCCC(C)NC(=O)O*,egc,6.168134999282648
1085,*Oc1c(cccc1)C(=O)NCC*,tg,149.09155941634643
1086,*N1C(=O)c2c(C1=O)cc(cc2)[Si](O[Si](O[Si](c1cc2c(C(=O)N(C2=O)c2cc(ccc2)Cc2cc(ccc2)*)cc1)(C)C)(C)C)(C)C,tg,190.14407373357574
1087,*C(C*)(C(=O)OCCCCCCCCCCCOc1ccc(cc1)N=Nc1ccc(cc1)OC(=O)c1cc2c(OCCOCCOCCOCCO2)cc1)C,tg,35.978462501475306
1088,*c1cc2c(C(=O)N(C2=O)c2cc(ccc2)N2C(=O)c3c(C2=O)cc(cc3)C(=O)Nc2nc(ccc2)NC(=O)*)cc1,tg,286.77681234159377
1089,*NCC(F)(F)C(*)(F)F,ei,8.24609304010193
1090,*OC(COC(=O)c1c2c(c(cc1)C(=O)*)cccc2)COc1ccc(cc1)N=Nc1ccc(cc1)C#N,tg,129.38943626090293
1091,*c1sc(c(c1c1ccccc1)c1ccccc1)c1ccc(cc1)NC(=O)Cc1ccc(cc1)c1sc(c(c1c1ccccc1)c1ccccc1)c1ccc(cc1)CC(=O)Nc1ccc(cc1)*,tg,266.8770748565811
1092,*CCC(=O)N(*)C,egc,5.691798712903561
1093,*c1ncc(-c2cnc(*)c(C)c2)cc1C,egc,4.506503663093648
1094,*CC(*)C(=O)OCC(F)(F)C(F)(F)C(F)(F)C(F)(F)F,egc,6.486908645915864
1095,*c1cc(C)c(*)[nH]1,egc,2.7624370975581685
1096,*c1cc2c(s1)-c1sc(*)cc1C2CCCCCCN,egb,2.441665167739678
1097,*C(F)(F)C(=O)C(F)(F)C(=O)*,egc,4.838594980998915
1098,*OC(=O)Nc1c(ccc(c1)NC(=O)OCCN(CC*)c1ccccc1)C,tg,78.20563890485178
1099,*N1C(=O)c2c(C1=O)cc(cc2)C(=O)Oc1ccc(cc1)OC(=O)CCC*,tg,121.6047993725023
1100,*C(=O)c1ccc(NC(=S)Oc2ccc(Nc3ccc(*)s3)s2)s1,eps,5.0649570390249785
1101,*CCCCCOC(=O)Nc1ccc(C)c(NC(=O)O*)c1,egb,4.724641684320516
1102,*C12CC3CC(*)(C1)CC(CCCC)(C3)C2,egc,5.980770498395408
1103,*c1cc2c(C(=O)N(C2=O)c2ccc(cc2)Oc2c3c(ccc2)c(ccc3)Oc2ccc(cc2)N2C(=O)c3c(C2=O)cc(cc3)C(=O)Nc2ccc(cc2)Oc2ccc(cc2)c2ccc(cc2)Oc2ccc(cc2)NC(=O)*)cc1,tg,270.05967642855944
1104,*NC(=O)c1ccc(-c2ccc(*)cc2)cc1,eps,4.87329585626194
1105,*C(C*)c1cc(c(cc1)Cl)C,tg,116.15967631070386
1106,*CC(*)(C)c1ncncn1,egc,4.4742693819213075
1107,*CCOC(=O)NCCNC(=O)O*,egc,6.352814117483911
1108,*OC(=O)c1ccc(cc1)C(=O)OCCCCCC*,tg,8.308808687233896
1109,*C(C*)c1ccc(cc1)Br,tg,122.20665119219318
1110,*N1C(=O)N(C(=O)C1=O)CCCCCC*,tg,118.27051870938834
1111,*c1ccc(C(F)(F)c2ccc(C(*)(F)F)s2)s1,egb,3.1964987036905357
1112,*c1nnc(nc1c1ccc(cc1)Oc1ccc(cc1)C(=O)c1cc(ccc1)C(=O)c1ccc(cc1)Oc1ccc(cc1)*)c1ncccc1,tg,224.87639634385977
1113,*C(=O)Nc1ccc(Oc2ccc(NC(=O)c3ccc4c(c3)C(=O)N(c3ccc(S(=O)(=O)c5ccc(N6C(=O)c7ccc(*)cc7C6=O)cc5)cc3)C4=O)cc2)cc1,egc,2.6235220607042664
1114,*Oc1cc2c(cc1)cc(cc2)OC(=O)c1ccc(cc1)Oc1ccc(cc1)C(=O)*,tg,165.56583835681062
1115,*N(CC*)CC[Si](C)(C)C,tg,1.8566659470038953
1116,*NC(=S)Nc1ccc(*)cc1,ei,5.792334723161953
1117,*c1c2c(c(nn1)c1ccc(cc1)Oc1ccc(cc1)c1ccc(cc1)Oc1ccc(cc1)*)c(c(c(c2c1ccc(cc1)F)c1ccc(cc1)F)c1ccc(cc1)F)c1ccc(cc1)F,tg,296.0449940177787
1118,*N1C(=O)c2c(C1=O)cc(cc2)NC(=O)Nc1nc(ccc1)NC(=O)Nc1cc2c(C(=O)N(C2=O)c2ccc(cc2)c2nc(cc(c2)c2ccc(cc2)c2ccccc2)c2ccc(cc2)*)cc1,tg,264.2646796474276
1119,*OP(=O)(Oc1ccc(C(C)(C)c2ccc(*)cc2)cc1)c1ccccc1,egc,4.5390640652085725
1120,*C(C*)C(=O)Oc1cc(ccc1)C(=O)OC,tg,53.92301589488213
1121,*C(*)(F)F,tg,13.086202053442047
1122,*Oc1ccc(cc1)c1ccc(cc1)c1c(c(c(c(c1)c1ccccc1)c1ccc(cc1)c1ccc(cc1)OC(=O)c1c(cc(cc1)C(=O)*)c1ccccc1)c1ccccc1)c1ccccc1,tg,242.62751450128738
1123,*CC(C=C1)=CC=C1C(C=C2)=CC=C2C(S3)=CC=C3*,egc,3.5275218243422666
1124,*NC(=O)c1cc(cc(c1)C(C)(C)C)C(=O)NCC1CC(CCC1)C*,tg,180.61775638336596
1125,*CC(=O)c1ccc(-c2ccc(*)s2)s1,eea,2.9540244296954032
1126,*OC(=O)c1ccc(cc1)c1ccc(cc1)C(=O)OCC(C*)(C)C,tg,85.3702799976808
1127,*CCOCC(=O)O*,egc,6.356948963135429
1128,*C(C*)C(=O)OCC(C(OC(C(C(C(F)(F)F)(F)F)(F)F)(F)F)(F)F)(F)F,tg,-51.875736780204285
1129,*c1ccc2n(c3c(c2c1)cc(cc3)c1ccc(cc1)[Si](c1ccc(cc1)*)(c1ccccc1)c1ccccc1)CCCCCC#N,tg,132.36385325525353
1130,*CC(*)Br,egc,5.699447150485769
1131,*c1sc(nn1)c1cc(ccc1)OCCCCCCCCCCCOC(=O)c1cc(ccc1)C(=O)OCCCCCCCCCCCOc1ccc(cc1)*,tg,43.27590133526954
1132,*C(F)(F)C(F)(F)CC(=S)*,egc,3.8883129453319727
1133,*OC(C(C(C(*)(F)F)(F)F)(F)F)(F)F,tg,-66.32611488877633
1134,*S(=O)(=O)c1ccc(cc1)*,tg,150.23641358877535
1135,*N1C(=O)c2c(C1=O)cc(cc2)Oc1ccc(cc1)Oc1cc2c(C(=O)N(C2=O)c2ccc(cc2)Oc2ccc(cc2)Sc2ccc(cc2)Oc2ccc(cc2)*)cc1,tg,200.75695730070555
1136,*OC(=O)CCCCC(=O)OCCCC*,tg,-55.407490403454375
1137,*Cc1ccc(-c2ccc(N*)cc2)cc1,eps,4.332662268097915
1138,*OC(=O)c1ccc(cc1)CCCCCCc1ccc(cc1)C(=O)*,tg,38.334621621428546
1139,*C1=CC(=C(C#N)C#N)C=C(O1)C=Cc1sc(c(c1CCCCCC)CCCCCC)c1sc(cc1)c1sc(cc1)c1sc(cc1)c1sc(c(c1CCCCCC)CCCCCC)C=C*,tg,113.7348326984044
1140,*Oc1ccc(cc1)Cc1ccc(cc1)OC(=O)*,tg,138.6287081942166
1141,*c1ccc(cc1)c1ccc(cc1)C(=Cc1c(cc(c(c1)OC)C=C(*)c1ccccc1)OC)c1ccccc1,tg,198.29243042755925
1142,*Oc1ccc(cc1)Cc1ccc(cc1)OC(=O)c1cc(ccc1)C(=O)*,tg,162.34533042172689
1143,*N(CC*)C(=O)CCC(=O)OC,tg,22.134860236548732
1144,*OC(=O)CCCCC(=O)OCC(C*)(C)C,tg,-56.55092712582587
1145,*NC1CCC(CC1)CCC1CCC(CC1)NC(=O)CCCCCCCCC(=O)*,tg,110.18843101184369
1146,*C1C(CC(C1)C*)OC(=O)CCCCCCCCCCOc1ccc(cc1)c1ccc(cc1)C#N,tg,48.97001995321722
1147,*CC(S1)=CC=C1NO*,egc,4.271344791354854
1148,*c1ccc2N(c3c(Sc2c1)cc(cc3)c1sc(c(c1)CCCCCC)c1sc(cc1CCCCCC)c1ccc2N(c3c(Sc2c1)cc(cc3)C=C*)c1ccc(cc1)OCCCCCCCCCCCC)c1ccc(cc1)OCCCCCCCCCCCC,tg,121.94328388729329
1149,*Oc1ccc(cc1)C(=Cc1ccc(cc1)OCC(COC(=O)CCCCC(=O)OCC(C*)O)O)C,tg,35.555256856744016
1150,*CC(C=C1)=CC=C1C(=O)C(C=C2)=CC=C2*,egc,4.276201724190158
1151,*CCc1ccc(-c2ccc(*)cc2)cc1,eea,1.2057009062295792
1152,*C(=S)C(F)(F)CC(*)(F)F,eea,4.174258089121509
1153,*OC(=O)c1ccc(C(=O)NCNC(=O)c2ccc(C(*)=O)cc2)cc1,egc,4.322650799499716
1154,*OC(=O)NNC(=O)CCCCCCCCC(=O)NNC(=O)OCCCCCCCC*,tg,33.11505278409234
1155,*N1C(=O)c2c(C1=O)cc(cc2)c1cc2c(C(=O)N(C2=O)c2cc(ccc2)OCCCCOc2cc(ccc2)*)cc1,tg,168.58678655748523
1156,*CCCCCCCCCCCCCCCCCCCCOC(=O)CCCC(=O)O*,egc,6.751041044891426
1157,*C(C*)C(=O)Oc1ccc(cc1)C#N,tg,99.81852626062955
1158,*N1C(=O)c2c(C1=O)cc(cc2)C(c1cc2c(C(=O)N(C2=O)CCN(CC*)c2ccc(cc2)C=CC2=CC(=C(C#N)C#N)CC(C2)(C)C)cc1)(C(F)(F)F)C(F)(F)F,tg,197.12235307010877
1159,*C(C*)c1c(ccc(c1)C(F)(F)F)C(F)(F)F,tg,109.5317900660879
1160,*C(C*)(C(=O)OCCN(c1ccc(cc1)N=Nc1ccc(cc1)S(=O)(=O)Nc1nccs1)CCCC)C,tg,94.79959092764766
1161,*CNCN*,nc,1.697556772185884
1162,*NC(C)C(=O)NC(C)C(=O)NC(C(=O)NC(C(*)=O)C(C)C)C(C)C,egc,5.674916311458706
1163,*CCc1ccc(-c2ccc(*)s2)cc1,ei,5.368755817938816
1164,*Oc1ccc(CC(NC(=O)Cc2ccc(OC(=O)CC(C)CCC(*)=O)cc2)C(=O)OCCCCCCCC)cc1,egc,4.900385032442268
1165,*N1C(=O)c2c(C1=O)cc(cc2)Oc1cc(ccc1)Oc1cc2c(C(=O)N(C2=O)c2ccc(cc2)Oc2cc(ccc2)Oc2ccc(cc2)*)cc1,tg,201.90500274173093
1166,*C1COC2C1OCC2OC(=O)c1cc(ccc1)OCCCCCCOc1cc(ccc1)C(=O)O*,tg,42.90747607020119
1167,*C(C*)c1ccc(cc1)CCCCCCCCCC,tg,-41.56199204460813
1168,*Oc1cccc(OC(=O)Oc2ccc(OC(*)=O)cc2)c1,egc,5.150212012760323
1169,*c1ccc2n(c3c(c2c1)cc(cc3)c1cc2C(c3c(c2cc1)ccc(c3)*)(CCCCCC)CCCCCC)c1ccccc1,tg,153.23435686082624
1170,*C(=O)NCCCCCCCCNC(=O)c1cncc(*)c1,egc,4.939499581919482
1171,*CC(=O)Nc1ccc(*)s1,eps,4.050646796726425
1172,*O[Si](CCC(C(C(C(C(C(C(C(CC[Si](*)(CCC(F)(F)F)C)(F)F)(F)F)(F)F)(F)F)(F)F)(F)F)(F)F)(F)F)(CCC(F)(F)F)C,tg,-13.108250591434889
1173,*Oc1ccc(OC(=O)c2ccc(C(*)=O)cc2)cc1C1CC2CCC1C2,egc,3.5923922565214794
1174,*Oc1c(cc(cc1)OC(=O)c1ccc(cc1)C(=O)*)C1CCCCC1,tg,212.69733237794728
1175,*O[Si](O[Si](O[Si](O[Si](O[Si](c1ccc(cc1)Oc1ccc(cc1)[Si](*)(C)C)(C)C)(C)C)(C)C)(C)C)(C)C,tg,-55.24311483762007
1176,*c1cc2c(C(=O)N(C2=O)c2ccc(cc2)Oc2ccc(cc2)N2C(=O)c3c(C2=O)cc(cc3)C(=O)Oc2ccc(cc2)c2ccc(cc2)OC(=O)*)cc1,tg,231.8436727895354
1177,*NC(=S)Nc1ccc(Cc2ccc(*)cc2)cc1,eea,1.984041355551946
1178,*Oc1cc(cc(c1)C)OC(=O)c1cc(ccc1)C(=O)*,tg,140.53491742154839
1179,*CC(=O)CC(*)=S,egb,2.709802746581222
1180,*C=CC=Cc1nc2cc3sc(*)nc3cc2s1,egc,2.692762127480128
1181,*c1sc(-c2cc(SCC(C)CC)c(*)s2)cc1SCC(C)CC,egc,1.9578426252866585
1182,*N1C(=O)c2c(C1=O)cc(cc2)Oc1cc2c(C(=O)N(C2=O)c2cc(ccc2)OCCOCCOCCOc2ccc(cc2)*)cc1,tg,145.2342116354484
1183,*NCNC(=O)OC(=O)NC(*)=O,ei,7.696134379008834
1184,*Oc1ccc(NC(=O)c2cccc(C(=O)Nc3ccc(*)cc3)c2)cc1,egc,3.6161561017145907
1185,*c1cc2c(C(=O)N(C2=O)c2cc(ccc2)C(=O)Nc2ccc(cc2)Oc2ccc(cc2)c2ccc(cc2)Oc2ccc(cc2)NC(=O)c2cc(ccc2)N2C(=O)c3c(C2=O)cc(cc3)C(*)(C(F)(F)F)C(F)(F)F)cc1,tg,291.5618794097246
1186,*OC(=O)NC1CC(CC(C1)(CNC(=O)OCCN(CC*)c1ccc(cc1)N=Nc1ccc(cc1)[N+](=O)[O-])C)(C)C,tg,139.66194788123468
1187,*c1ccc(C2C(c3ccccn3)C(*)C2c2ccccn2)cc1,egc,3.9956658107314986
1188,*c1cc(C(=O)CC)c(*)[nH]1,egc,2.6865965379248817
1189,*OP(=O)(Oc1c(c(c(c(c1Cl)Cl)*)Cl)Cl)Oc1c(c(c(c(c1Cl)Cl)Cl)Cl)Cl,tg,131.50274786277524
1190,*Oc8ccc(C7(c5ccc(OC(=O)c4ccc(C3(c1ccc(C(*)=O)cc1)OC(=O)c2ccccc23)cc4)cc5)OC(=O)c6ccccc67)cc8,egc,3.8208380191246714
1191,*NC(=S)Sc1cc(N)nc(*)n1,egc,2.9387777869594265
1192,*Nc1ccc(-c2ccc(-c3ccc(*)cc3)s2)cc1,ei,4.918737209584033
1193,*C1OC(C(C(C1O)O)O)OC*,tg,106.2003324448984
1194,*CCCCCCCCc1nnc(*)n1N,egc,5.557838594983744
1195,*Nc1ccc(-c2ccc(-c3ccc(*)s3)s2)cc1,eea,1.8119973806709475
1196,*N1C(=O)c2c(C1=O)cc(cc2)Oc1c(cc(cc1C)C(c1cc(c(c(c1)C)Oc1cc2c(C(=O)N(C2=O)c2ccc(cc2)Oc2ccc(cc2)C2(C3C4C(CCC4)C(C2)C3)c2ccc(cc2)Oc2ccc(cc2)*)cc1)C)(C)C)C,tg,274.6749032981322
1197,*C(C*)C(=O)OCCn1c2ccccc2c2ccccc12,tg,93.76773769881835
1198,*Nc1cc(NC(=O)Nc2ccc(NC(*)=O)cc2)cc(C(=O)Nc2cccc3c2C(=O)c2ccccc2C3=O)c1,egc,3.272779860597164
1199,*N1C(=O)c2c(C1=O)cc(cc2)Oc1c(c(cc(c1)C(C)(C)C)C(C)(C)C)Oc1cc2c(C(=O)N(C2=O)c2ccc(cc2)Oc2ccc(cc2)*)cc1,tg,259.07154619431566
1200,*c1oc(nn1)c1sc(cc1CCCCCCCC)c1oc(nn1)c1c(cc(c(c1)OCCCCCCCC)*)OCCCCCCCC,tg,46.11562894038512
1201,*N1C(=O)c2c(C1=O)cc(cc2)Oc1ccc(cc1)*,tg,259.273459522647
1202,*C(C*)(CC(=O)OC(C)C)C(=O)OC(C)C,tg,97.47309750500946
1203,*Cc1ccc(-c2ccc(-c3ccc(*)cc3)cc2)cc1,egb,3.5553457742499286
1204,*Oc1ccc(cc1)Oc1ccc(cc1)OC(=O)c1ccc(cc1)C(c1ccc(cc1)C(=O)*)(C(F)(F)F)C(F)(F)F,tg,146.6929027460366
1205,*CCC(=S)O*,nc,1.7923540977049903
1206,*Oc1cc(ccc1)NC(=O)c1ccc(cc1)Oc1ccc(cc1)C(c1cc(ccc1)C(c1ccc(cc1)Oc1ccc(cc1)C(=O)Nc1ccc(cc1)*)(C)C)(C)C,tg,155.96167635014658
1207,*Oc1cc(ccc1)C(=O)*,tg,131.33346715267504
1208,*N1C(=O)C2C3C4C(C(C2C1=O)C=C3)C(=O)N(C4=O)CCC*,tg,228.84933665009345
1209,*Oc1ccc(cc1)C(=O)Nc1c(cccc1)c1ccc(cc1)NC(=O)c1ccc(cc1)*,tg,243.30051353870635
1210,*N1C(=O)c2c(C1=O)cc(cc2)Sc1ccc(cc1)Sc1ccc(cc1)Sc1cc2c(C(=O)N(C2=O)c2ccc(cc2)Sc2ccc(cc2)Sc2ccc(cc2)*)cc1,tg,212.35854087958418
1211,*Oc1ccc(cc1)S(=O)(=O)c1ccc(cc1)Oc1c(cc(cc1)C1(CCCCC1)c1cc(c(cc1)*)C)C,tg,215.69020961346925
1212,*NC(=O)c1ccc(-c2ccc(*)cc2)cc1,ei,5.777769820768989
1213,*Oc1c(C)cc(C2(c3cc(C)c(OC(=O)c4cc(C(*)=O)cc(C(C)(C)C)c4)c(C)c3)CC(C)CC(C)(C)C2)cc1C,egc,3.91578735870199
1214,*N1C(=O)c2c(C1=O)cc(cc2)Oc1ccc(cc1)Oc1ccc(cc1)Oc1cc2c(C(=O)N(C2=O)c2ccc(cc2)Oc2cc(ccc2)Oc2ccc(cc2)*)cc1,tg,199.41273302844345
1215,*C(C(C(C*)OC)(C(=O)OC)C)(C(=O)OC)C,tg,125.37337766851223
1216,*Nc1ccc(cc1)Cc1ccc(cc1)NC(=O)c1cc(ccc1)C(=O)*,tg,218.28025358514745
1217,*Oc1c(c(c(c(c1F)F)c1c(c(c(c(c1F)F)Oc1ccc(cc1)C(c1ccc(cc1)*)(C(F)(F)F)C(F)(F)F)F)F)F)F,tg,170.16995381567818
1218,*OC(=O)CCCCCCC(=O)OCCCCCCCCCCCCCCCC*,tg,-51.745575050987284
1219,*CC(*)C(=O)OCCCOC,egc,5.963914639445745
1220,*CCCCCCNC(=O)C(CCCCC)C(=O)N*,egc,6.021619468320402
1221,*Nc1ccc(cc1)C(c1ccc(cc1)NC(=O)c1cc(ccc1)C(=O)*)(C(F)(F)F)C(F)(F)F,tg,246.81869669523329
1222,*C=CC1CC(*)C(C#N)(CC)C1,egb,6.196569620916775
1223,*NC(=O)C(=S)C(S1)=CC=C1*,egc,2.0451224003397988
1224,*c1ccc(Oc2ccc(S(=O)(=O)c3ccc(Oc4ccc(-c5c6c(c(*)c7ccccc57)C(=O)N(c5ccccc5)C6=O)cc4)cc3)cc2)cc1,egc,2.8409284841480313
1225,*OC(COC(=O)c1c(cc(cc1)C)C(=O)*)COc1ccc(cc1)N=Nc1ccc(cc1)C#N,tg,121.15286569069458
1226,*Nc1ccc(Oc2ccc(*)s2)s1,eea,1.0826106134491675
1227,*CCOC(=O)c1ccc(O*)cc1C,egc,4.709485697990246
1228,*CC(=S)C(S1)=CC=C1C(=S)*,egc,2.119512406420892
1229,*C(C*)C(=O)OCCCCCCn1c2ccccc2c2ccccc12,tg,28.95635202938977
1230,*C(C*)c1cc(cc(c1)C)C,tg,100.12328454876658
1231,*c1cc2c(C(=O)N(C2=O)c2ccc(cc2)Oc2ccc(cc2)C(=O)c2ccc(cc2)Oc2ccc(cc2)C(=O)c2ccc(cc2)Oc2ccc(cc2)N2C(=O)c3c(C2=O)cc(cc3)C(=O)*)cc1,tg,241.28903223408054
1232,*CNCc1ccc(*)s1,nc,1.799898617555613
1233,*C(C*)C(=O)OCC(C(C(F)(F)F)(F)F)(F)F,tg,-30.90546686326868
1234,*c1cc(N=Nc2ccc(OC)cc2)cc(*)c1O,egc,2.9711139077575366
1235,*Oc1ccc(cc1)CC(NC(=O)CCc1ccc(cc1)OC(=O)CCCCCCCCC(=O)*)C(=O)OCCOCCOCC,tg,4.073462095845666
1236,*c1cc2c(C(=O)N(C2=O)c2cc(ccc2)C(=O)Nc2ccc(cc2)Oc2cc(ccc2)Oc2ccc(cc2)NC(=O)c2cc(ccc2)N2C(=O)c3c(C2=O)cc(cc3)C(*)(C(F)(F)F)C(F)(F)F)cc1,tg,266.0563012005719
1237,*c1cc(OC)c(*)cc1OC,egc,3.9139391342180416
1238,*C(=O)c1ccc2c(c1)C(=O)N(c1ccc(C(=O)c3cccc(C(=O)c4ccc(N5C(=O)c6ccc(*)cc6C5=O)cc4)c3)cc1)C2=O,egc,2.7156275948962207
1239,*C=Cc1ccc(*)[n+](C)c1,egc,1.563921494955618
1240,*C(C*)(C(=O)OCCCCCCOc1ccc(cc1)C(=O)Oc1ccc(cc1)OC)C,tg,32.71720271733532
1241,*NC(=S)Nc1ccc(*)cc1,nc,2.158789179079278
1242,*COC(=O)NCc1ccc(CNC(=O)OCc2ccc(*)o2)o1,egc,4.765857833031106
1243,*CC(=O)C(=S)c1ccc(*)cc1,eps,5.05930870140207
1244,*c1ccc(cc1)C(=C(*)c1ccc(cc1)Oc1ccccc1)c1ccc(cc1)Oc1ccccc1,tg,232.77136100995344
1245,*Oc1cccc(*)c1C#N,egc,3.821853781605875
1246,*c1sc(c(c1c1ccccc1)c1ccccc1)c1ccc(cc1)CC(=O)Nc1c2c(ccc1)c(ccc2)NC(=O)Cc1ccc(cc1)*,tg,261.3703910032311
1247,*CC(*)C(=O)CC,egc,5.643969262131479
1248,*NC(=O)CCCCC(=O)NCCCC1(c2ccccc2c2ccccc12)CCC*,tg,108.7416112007194
1249,*Oc1ccc(cc1)OC(=O)c1c(ccc(c1)N=Nc1ccc(cc1)OCC)c1c(cc(cc1)N=Nc1ccc(cc1)OCC)C(=O)*,tg,154.61905545682387
1250,*CC1CCC(*)C1,egb,7.734379096573585
1251,*c1sc(cc1CCCCCCCC)c1ccc(cc1)c1sc(c(c1)CCCCCCCC)c1ccc(cc1)*,tg,2.6408133424828333
1252,*CCCCCCNC(=O)CCCCC(=O)NCC(=O)N*,egc,5.9118376126842005
1253,*Oc1ccc(SSc2ccc(*)cc2)cc1,egc,3.7234317603922835
1254,*c1ccc(N2C(=O)N(*)C2=O)cc1,egc,3.8678975200708416
1255,*N(CC*)C(=O)CSC,tg,36.1775488862465
1256,*N1C(=O)c2c(C1=O)cc(cc2)C(=O)Oc1c(cc(cc1)OC(=O)c1cc2c(C(=O)N(C2=O)CCCOCCCCOCCC*)cc1)c1ccccc1,tg,70.0790395224786
1257,*Oc1c(cc(cc1)C(c1cc(c(cc1)OC(=O)*)Cl)(CC)C)Cl,tg,152.99441602787454
1258,*c1cc2c(C(=O)N(C2=O)c2ccc(cc2)Oc2c(c(ccc2)Oc2ccc(cc2)N2C(=O)c3c(C2=O)cc(cc3)C(*)(C(F)(F)F)C(F)(F)F)C#N)cc1,tg,266.35361948682635
1259,*Oc1c(cc(c(c1)OC(=O)c1ccc(cc1)C)OC(=O)CCCCCCCCCCCCCCC(=O)*)OC(=O)c1ccc(cc1)C,tg,43.35482828315911
1260,*Oc1ccc(cc1)NC(=O)c1cc2c(cc1)cc(cc2)C(=O)Nc1ccc(cc1)Oc1ccc(cc1)C1(C2CCC(C1)C2)c1ccc(cc1)*,tg,281.4821093923289
1261,*CC(COCCCC)O*,egc,5.686583569471109
1262,*CCCCCCCCCCOC(=O)CCCCSCCCCC(=O)O*,egc,5.21013964345304
1263,*c1ccc(cc1)c1ccc(cc1)C(*)(C(F)(F)F)C(F)(F)F,tg,191.29814453007154
1264,*C=Cc1ccc(N(c2ccc(C=Cc3ccc4c5ccc(*)cc5n(CC(CC)CCCC)c4c3)cc2)c2ccc(OCC(CC)CCCC)cc2)cc1,egc,2.3613723239335407
1265,*OC(C*)C(C)(C)C,tg,19.928712973395797
1266,*C1C(=O)OC(=O)C1C(C*)OCC(C)C,tg,149.587029982743
1267,*C(=S)C(F)(F)c1ccc(C(*)(F)F)s1,egb,2.221219325193678
1268,*CCOC(=O)NCCCCCCCCCCNC(=O)O*,egb,6.52255823091373
1269,*N1C(=O)c2c(C1=O)cc(cc2)NC(=O)Nc1ccc(cc1)Oc1c(cccc1)c1c(cccc1)Oc1ccc(cc1)NC(=O)Nc1cc2c(C(=O)N(C2=O)c2ccc(cc2)c2nc(cc(c2)c2ccc(cc2)c2ccccc2)c2ccc(cc2)*)cc1,tg,260.2909742593415
1270,*OC(=O)CCCCC(=O)OCCOCC*,tg,-64.58209290789061
1271,*Nc1cc(ccc1)C#Cc1ccc(cc1)NC(=O)c1cc(ccc1)C(=O)*,tg,265.70467862049054
1272,*NC(=O)CCCCCC(=O)NCCCCCCC*,tg,51.16536846733245
1273,*N(C(=O)CCCCCCCCC(=O)N(CC*)C)C,tg,2.819767279157534
1274,*Oc1cc2c(C(CC32CC(c2ccc(cc32)OC(=O)*)(C)C)(C)C)cc1,tg,216.34206347930404
1275,*NNC(=O)C=CC(=O)Nc1cc(ccc1)C=C1C(=O)C(=Cc2cc(ccc2)NC(=O)C=CC(=O)*)CCC1,tg,189.72855795505785
1276,*OC(=O)NCc1ccc(cc1)CNC(=O)OCCCCCCCCCCCC*,tg,48.11609281085483
1277,*CCCc1ccc(*)s1,egb,4.545850191110965
1278,*c1cc2c(s1)-c1sc(-c3sc(-c4sc(*)c5c4OCCO5)c4c3OCCO4)cc1C2=O,egc,1.5205715992899358
1279,*NC(C=C1)=CC=C1C(C=C2)=CC=C2C*,egc,4.132903551193511
1280,*O[Si](O[Si](c1ccc(cc1)[Si](*)(C)C)(C)C)(C)C,tg,-70.88429956683231
1281,*c1ccc2c(c1)c1cc(*)ccc1n2CC(=O)NO,egc,3.5087494204495533
1282,*c1n(cnc1C(=O)NCCCCCCNC(=O)*)C,tg,111.5981477047591
1283,*Oc1ccc(cc1)Sc1ccc(cc1)Oc1c(cc(cc1)c1ccc(cc1)c1cc(c(cc1)*)C(F)(F)F)C(F)(F)F,tg,162.70571137987622
1284,*C(=O)Oc1ccc(OC(=O)c2ccc3c(c2)C(=O)N(c2ccc(Oc4ccc(N5C(=O)c6ccc(*)cc6C5=O)cc4)cc2)C3=O)c(C)c1,egc,2.4703973490826314
1285,*C(C*)C(=O)OCCCCCCCCC,tg,-60.931588633488836
1286,*c1ccc(*)n1C(C(=O)NO)n1c2ccccc2c2ccccc21,egc,2.664187294802718
1287,*C(C*)(C(=O)OCCCCCC(=O)Oc1ccc(cc1)OC(=O)c1ccc(cc1)OCC)C,tg,28.601778101144582
1288,*N(CC(CN(CC(C*)O)c1ccc(cc1)N=Nc1ccc(cc1)[N+](=O)[O-])O)c1ccccc1,tg,139.5922556336668
1289,*NC(=O)NC(C=C1)=CC=C1*,egc,3.99786009457987
1290,*Oc1c(cc(cc1Cl)C(c1cc(c(c(c1)Cl)OC(=O)*)Cl)(C)C)Cl,tg,221.51843471583646
1291,*C(=O)NNC(=O)c1ccc(C(=O)NNC(=O)c2ccc(*)nc2)s1,egc,3.095973604196272
1292,*C(C*)C(=O)OCCCCOc1ccc(cc1)c1ccc(cc1)C#N,tg,36.197185213056756
1293,*OP(=O)(Oc1ccc(cc1)S(=O)(=O)c1ccc(cc1)*)OC1CCCCC1,tg,104.03087029746733
1294,*N1C(=O)c2c(C1=O)cc(cc2)c1cc2c(C(=O)N(C2=O)c2cc(ccc2)C(=O)Nc2ccc(cc2)Oc2ccc(cc2)c2ccc(cc2)Oc2ccc(cc2)NC(=O)c2cc(ccc2)*)cc1,tg,262.31575566823494
1295,*Oc1ccc(cc1)C(=O)c1ccc(cc1)*,tg,183.83900824562585
1296,*C(C#N)C(C#N)(C#N)*,egc,6.035006324430812
1297,*C(C*)CC1CCCC1,tg,46.99572464826531
1298,*OC(=O)CCCCCNC(=O)CCCCC(=O)NCCCCCC(=O)OCCCCCCCCCC*,tg,-18.91651194147368
1299,*NC(=O)c1ccc(NC(=S)c2ccc(Nc3ccc(*)cc3)cc2)s1,eps,5.792962529505557
1300,*Oc1cc(ccc1)Oc1ccc(cc1)NC(=O)c1ccc(cc1)Oc1cc(ccc1)Oc1ccc(cc1)C(=O)Nc1ccc(cc1)*,tg,180.14757340581787
1301,*Oc1c(cc(cc1)C1(CC2C(CC1)CCCC2)c1cc(c(cc1)OC(=O)c1ccc(cc1)C(=O)*)C)C,tg,242.60636827035697
1302,*Oc1ccc(cc1)c1ccc(cc1)Oc1ccc(cc1)C(=O)c1c2c(ccc1)cccc2C(=O)c1ccc(cc1)*,tg,205.57964819819836
1303,*CC(*)(C)C(=O)OCCOCC,egc,6.230806952532511
1304,*C(=S)NC(F)(F)C(*)(F)F,eea,3.2338632387335204
1305,*Oc1ccc(CC(NC(=O)CCc2ccc(OC(=O)CCCCCCC(*)=O)cc2)C(=O)OC)cc1,egc,5.200201392729738
1306,*C(C*)(C(=O)OCc1ccc2n(c3c(c2c1)cccc3)CCCCCCCC)C,tg,46.23514040409471
1307,*C(C*)c1c(cccc1)C(=O)O,tg,148.20387263838364
1308,*CNc1ccc(O*)s1,nc,1.865236753363249
1309,*CNC(=S)N*,eps,4.689214058297552
1310,*c1nc2c(nc1c1ccccc1)cc(cc2)c1cc2c(nc(c(n2)c2ccccc2)c2ccc(cc2)*)cc1,tg,366.100094463487
1311,*C(=O)Oc1ccc(OC(=O)c2ccc3c(c2)C(=O)N(c2ccc(Oc4ccc(N5C(=O)c6ccc(*)cc6C5=O)cc4)cc2)C3=O)c(C(C)(C)C)c1,egc,2.646515837114306
1312,*CC(*)C#N,egb,7.647011098135337
1313,*OC(=O)CCCCCCCCC(=O)OCC#CC(=Cc1ccc(cc1)C#Cc1ccccc1)C#CC*,tg,48.51297556692447
1314,*C1C2C(C(C1)CC*)C1CCC2C1,tg,177.98272736740861
1315,*C1C(=O)OC(=O)C1C1C2CC(C(C1*)C2)C(=O)OC(CC)C,tg,191.13854299153746
1316,*c1cc2c(C(=O)N(C2=O)c2ccc(cc2)Oc2ccc(cc2)C(=O)c2cc(ccc2)N2C(=O)c3c(C2=O)cc(cc3)C(*)(C(F)(F)F)C(F)(F)F)cc1,tg,257.27184009316653
1317,*C(C*)(C(=O)OCCCCCCOc1ccc(cc1)N=Nc1ccc(cc1)C#N)C,tg,64.06668783607013
1318,*NC(=O)NC(*)=S,nc,2.333883178293336
1319,*Oc1ccc(cc1)C(c1ccc(cc1)OC(=O)c1ccc(cc1)C(=O)*)(c1ccccc1)c1ccccc1,tg,252.1974039634598
1320,*N1C(=O)C2C(C1=O)C(Cc1ccccc21)C1C(=O)N(C(=O)C1)c1cc(cc(c1)C(=O)OCC)*,tg,254.64981777882008
1321,*C(C*)c1ccc(cc1)COCC(C(C(C(F)(F)F)(F)F)(F)F)(F)F,tg,13.516789469981337
1322,*NC(=O)CCCCCCCC(=O)NCCCCCC*,tg,50.2256904867233
1323,*Oc1c(cc(cc1Cl)C1(C2CCC(C1)C2)c1cc(c(c(c1)Cl)OC(=O)*)Cl)Cl,tg,262.34523034498824
1324,*c1nc(nc(n1)N(c1ncnc(n1)N(*)c1ccccc1)c1ccccc1)c1ccccc1,tg,231.3051355343345
1325,*Oc1ccc(cc1)CC(NC(=O)Cc1ccc(cc1)OC(=O)COCC(=O)*)C(=O)OCCCCCC,tg,41.429314806872014
1326,*C(C*)c1c(cccc1)C(=O)OCCCCCC,tg,60.07417677339592
1327,*c1cc2c(C(=O)N(C2=O)c2cc(ccc2)P(=O)(c2cc(ccc2)N2C(=O)c3c(C2=O)cc(cc3)C(=O)Nc2ccc(cc2)NC(=O)*)c2ccccc2)cc1,tg,239.59349130105662
1328,*C#Cc1ccc(*)c(SCCCCCCCCCCCC)c1,egc,3.0004295353715555
1329,*CCCC(*)=S,ei,5.661939549939559
1330,*Oc1ccc(cc1)C(c1ccc(cc1)OC(=O)*)(CCC)C,tg,134.68472260099526
1331,*SCC(C*)(CC)CC,tg,-31.24790968040124
1332,*N1C(=O)c2c(C1=O)cc(cc2)S(=O)(=O)c1cc2c(C(=O)N(C2=O)C2CCC(CC2)*)cc1,tg,309.5116673365196
1333,*CC(=O)C(=S)c1ccc(*)s1,egb,1.7630208438159103
1334,*N1C(=O)c2c(C1=O)cc(cc2)S(=O)(=O)c1cc2c(C(=O)N(C2=O)c2c(ccc(c2)*)C)cc1,tg,351.1278720038899
1335,*CCNC(*)=S,nc,1.8487734846309765
1336,*c1cc2C(c3c(c2cc1)ccc(c3)c1ccc(cc1)c1c(c(cc(c1)c1ccc(cc1)OCCCCCC)c1ccc(cc1)*)c1ccc(cc1)OCCCCCC)(CCCCCC)CCCCCC,tg,112.54504111789504
1337,*OC(=O)NCCCCCCNC(=O)OCCCCC*,tg,34.166481457707434
1338,*N1C(=O)c2c(C1=O)cc(cc2)Oc1c(cc(cc1C)C(c1cc(c(c(c1)C)Oc1cc2c(C(=O)N(C2=O)c2ccc(cc2)Oc2ccc(cc2)C(c2ccc(cc2)Oc2ccc(cc2)*)(C(F)(F)F)C(F)(F)F)cc1)C)(C)C)C,tg,247.97674654148142
1339,*CCCC(*)(C)Cl,egc,6.5999584675893175
1340,*Oc1ccc(cc1)S(=O)(=O)c1ccc(cc1)OC(=O)c1ccc(cc1)[Si](c1ccc(cc1)C(=O)*)(c1ccccc1)c1ccccc1,tg,199.06942835629658
1341,*N1C(=O)c2c(C1=O)cc(cc2)Oc1ccc(cc1)C(c1ccc(cc1)Oc1cc2c(C(=O)N(C2=O)c2ccc(cc2)Oc2c(cc(cc2)Oc2ccc(cc2)*)C(C)(C)C)cc1)(c1ccccc1)c1ccccc1,tg,240.47558435932646
1342,*Oc1ccc(cc1)C1(c2cc(ccc2c2ccc(cc12)[N+](=O)[O-])OC)c1ccc(cc1)OC(=O)CCCC(=O)*,tg,196.33691333153962
1343,*C(C*)(C(=O)OCCC)C,tg,38.89725443549026
1344,*c1sc(cc1)Oc1ccc(cc1)C(c1ccc(cc1)Oc1ccc(cc1)S(=O)(=O)*)(C)C,tg,151.13706392931778
1345,*CCOC(=S)NC(=S)c1ccc(N*)cc1,egb,2.625766657415001
1346,*Oc1c(cc(cc1)OC(=O)c1c(cc(c(c1)OCCCCCCCCCCCC)C(=O)*)OCCCCCCCCCCCC)C,tg,75.13507289853546
1347,*OC(=O)c1cc(cc(c1)OC1CCN(CC1)c1ccc(cc1)S(=O)(=O)C(C(C(C(C(C(C(C(F)(F)F)(F)F)(F)F)(F)F)(F)F)(F)F)(F)F)(F)F)C(=O)OCCN(CC*)c1ccc(cc1)S(=O)(=O)C(C(C(C(C(C(C(C(F)(F)F)(F)F)(F)F)(F)F)(F)F)(F)F)(F)F)(F)F,tg,102.53919755721503
1348,*CNc1ccc(-c2ccc(*)s2)cc1,egb,3.1875355414964557
1349,*c1cc2c(C(=O)N(C2=O)c2ccc(cc2)Oc2ccc(cc2)C(c2cc(ccc2)C(c2ccc(cc2)Oc2ccc(cc2)NC(=O)*)(C)C)(C)C)cc1,tg,221.15351134074712
1350,*C=CC(C(*)C(=O)OCCN(c1ccc(cc1)N(C)C)C)C,tg,19.203105733223712
1351,*N1C(=O)c2c(C1=O)cc(cc2)Oc1ccc(cc1)Oc1cc2c(C(=O)N(C2=O)c2ccc(cc2)Oc2ccc(cc2)c2ccc(cc2)Oc2ccc(cc2)*)cc1,tg,223.46183903074342
1352,*c1ccc(C(c2ccccc2)c2ccc(-n3c(=O)c4cc5c(=O)n(*)c(=O)c5cc4c3=O)cc2)cc1,egc,2.6716913181942745
1353,*Oc1ccc(cc1)N1ON1c1ccc(cc1)OCCCCCCOC(=O)C(C(=O)OCCCCCC*)CCCCCCP(=O)(O)O,tg,6.397175087312696
1354,*CCC(C)=C(*)Cl,egc,5.178551952553203
1355,*CCC(C(=O)OC)C(*)C(=O)OC,egb,6.5391431138616
1356,*CCCC(*)=S,eps,3.433317952030504
1357,*C1CCC1*,egb,7.013565072809848
1358,*CC(C)(C)COC(=O)CCCCCCCC(=O)O*,egc,6.739213093785344
1359,*CNCCCOCO*,nc,1.6717385248552785
1360,*c1cc2c(C(=O)N(C2=O)c2ccc(cc2)c2sc(c(c2c2ccccc2)c2ccccc2)c2ccc(cc2)N2C(=O)c3c(C2=O)cc(cc3)C(=O)Nc2cc(ccc2)S(=O)(=O)c2cc(ccc2)NC(=O)*)cc1,tg,298.7396192398435
1361,*C(=O)N(*)CC=C,egc,3.905412227491441
1362,*NCCCNC(=O)NC(*)=O,ei,6.38943387489792
1363,*Oc1ccc(cc1)Cc1ccc(cc1)OC(=O)CCCCC(=O)*,tg,80.02621446731635
1364,*CNC(S1)=CC=C1C(C=C2)=CC=C2*,egc,3.5994752917782766
1365,*CCCCCCCCNC(=O)CCCCCCC(=O)N*,egc,5.903350482700871
1366,*OC1CCC(OC(=O)OCCCCCOC(*)=O)CC1,egb,7.139809981676635
1367,*CCCCCCCCCCCCCNC(=O)CCCCCCCCCCCC(=O)N*,egc,5.951240139588963
1368,*OC(=O)CCCCC(=O)OCC(=O)NCCCCCCNC(=O)C*,tg,0.7202125924255156
1369,*Oc1ccc(cc1)Oc1ccc(cc1)S(=O)(=O)c1ccc(cc1)Oc1ccc(cc1)C(=O)c1ccc(cc1)*,tg,191.4072423764045
1370,*Oc1ccc(cc1)NC(=O)c1cc(cc(c1)NC(=O)c1ccncc1)C(=O)Nc1ccc(cc1)*,tg,304.19505138494645
1371,*N1C(=O)c2c(C1=O)cc(cc2)Oc1ccc(cc1)C(c1ccc(cc1)Oc1cc2c(C(=O)N(C2=O)c2cc(ccc2)P(=O)(c2cc(ccc2)*)C)cc1)(C)C,tg,227.7488891819786
1372,*C(C*)C(=O)OC(C)C,tg,32.200419603294804
1373,*Oc1ccc2cc(C(*)=O)ccc2c1Br,egc,3.3464359000056016
1374,*c1ccc(cc1)C(C(*)(C(=O)O)C#N)(C(=O)O)C#N,tg,174.29250204679576
1375,*Oc1ccc(cc1)c1cc(c(c(c1)c1ccc(cc1)c1ccccc1)c1ccc(cc1)NC(=O)c1ccc(cc1)C(=O)Nc1ccc(cc1)c1c(cc(cc1c1ccc(cc1)c1ccccc1)c1ccc(cc1)OCCCCCC*)c1ccc(cc1)c1ccccc1)c1ccc(cc1)c1ccccc1,tg,133.30829576180287
1376,*C=CC(C*)C(C)CC,egc,5.24503793117653
1377,*NC(Cc1ccc(OC(=O)OCc2ccccc2)cc1)C(*)=O,egc,5.231364914158605
1378,*Nc1cc(ccc1)NC(=O)CCCCCCCCC(=O)*,tg,109.46922623916106
1379,*C(C*)C(=O)OC1CC(CC(C1)C)(C)C,tg,85.5545595168883
1380,*Oc1ccc(cc1)CC(=O)*,tg,116.3064263145962
1381,*Oc1ccc(cc1)S(=O)(=O)c1ccc(cc1)c1ccc(cc1)S(=O)(=O)c1ccc(cc1)*,tg,242.128167996311
1382,*C(C*)c1ccc(cc1)C(=O)OCC(C)C,tg,81.50921647909423
1383,*OC(=O)c1ccc(cc1)c1ccc(cc1)c1ccc(cc1)C(=O)OCCCCCC*,tg,35.799716263012655
1384,*Oc1ccc(cc1)Oc1ccc(cc1)OCCCCCCOC(=O)OCCCCCCCCOC(=O)OCCCCCC*,tg,-18.096908813131964
1385,*Oc1ccc(cc1)Oc1ccc(cc1)C(=O)c1ccc(cc1)NC(=O)CCCCCCCCC(=O)Nc1ccc(cc1)C(=O)c1ccc(cc1)*,tg,155.12223496456932
1386,*C(C=C1)=CC=C1C(=S)C(S2)=CC=C2C(=S)*,egc,2.000131755037975
1387,*C(C*)C(=O)Oc1ccc(cc1)C(=O)Oc1ccc(cc1)OC(=O)c1ccc(cc1)OCCCC,tg,52.48770878286504
1388,*COCOCCCO*,nc,1.6336322162723578
1389,*c1cc2c(C(=O)N(C2=O)c2cc(ccc2)Oc2cc(ccc2)Oc2cc(ccc2)N2C(=O)c3c(C2=O)cc(cc3)C(=O)*)cc1,tg,212.61579617097138
1390,*Oc1ccc(cc1)C(c1ccc(cc1)OC(=O)c1c(cccc1)c1c(cccc1)C(=O)*)(c1ccccc1)C,tg,180.88674926747896
1391,*OC(=O)Nc1cc(c(cc1)C)NC(=O)OCCC*,tg,57.13641049202627
1392,*C(C*)(C(=O)OCCCCCOc1cc2c(cc1)cc(cc2)C(=O)Oc1ccccc1)C,tg,39.37405736023889
1393,*N1C(=O)c2c(C1=O)cc(cc2)Sc1cc2c(C(=O)N(C2=O)c2ccc(cc2)Cc2ccc(cc2)*)cc1,tg,265.39769612490846
1394,*C(C*)c1ccc(cc1)COCCOCCCC,tg,-28.390532422580897
1395,*C(C*)(C(=O)OCCCCCCCC[n+]1ccc(cc1)N(C)C)C,tg,45.18115400196086
1396,*Nc1c(cccc1)CCc1ccc(cc1)NC(=O)Nc1ccc(cc1)CCc1ccc(cc1)NC(=O)*,tg,197.4091152869162
1397,*CCOCCOCCOC(=O)CCSCCC(=O)O*,egc,5.391867028652323
1398,*c1cc2c(C(=O)N(C2=O)c2ccc(cc2)Oc2ccc(cc2)N2C(=O)c3c(C2=O)cc(cc3)C(=O)NCCN(CCNC(=O)*)c2ccc(cc2)C=Cc2ccc(cc2)[N+](=O)[O-])cc1,tg,186.69076740016445
1399,*Cc1ccc(-c2ccc(-c3ccc(*)cc3)cc2)cc1,eea,1.3946884935661008
1400,*C(C*)(C(=O)OCCCN(c1ccc(cc1)N=Nc1ccc(cc1)[N+](=O)[O-])CCO)C,tg,98.91047993868094
1401,*N1C(=O)c2c(C1=O)cc(cc2)S(=O)(=O)c1cc2c(C(=O)N(C2=O)c2ccc(cc2)C2(c3ccccc3c3ccccc23)c2ccc(cc2)*)cc1,tg,341.49342131763893
1402,*C(C*)OC(=O)C1CCCC1,tg,40.43723566035903
1403,*c1cc2c(C(=O)N(C2=O)c2ccc(cc2)c2nc(cc(c2)c2ccc(cc2)OCCCC#N)c2ccc(cc2)N2C(=O)c3c(C2=O)cc(cc3)C(=O)*)cc1,tg,313.42215469211925
1404,*NC(=O)C(=CC(=O)NCCCCCC*)C,tg,80.23986132584157
1405,*c1nc(ccc1)Oc1ccc(cc1)C(c1ccc(cc1)O*)(C)C,tg,106.95609685246579
1406,*CC(=O)c1ccc(-c2ccc(*)cc2)cc1,nc,1.9267200051491296
1407,*C1C(CC(C1)C=C*)C#N,tg,130.30799022643674
1408,*OC(=S)C(F)(F)C(*)(F)F,ei,7.481757715317235
1409,*C(=O)C(S1)=CC=C1C(=O)O*,egc,3.1686529031737476
1410,*c1oc(nn1)c1ccc(cc1)Oc1cc(ccc1)NC(=O)c1cc(cc(c1)N1C(=O)c2c(C1=O)cccc2)C(=O)Nc1cc(ccc1)Oc1ccc(cc1)*,tg,256.1320788655273
1411,*Nc1c2c(ccc1)c(ccc2)NC(=O)c1cc(ccc1)C(=O)*,tg,274.0543626925121
1412,*OC(=O)CCCC*,tg,-48.49520536692696
1413,*NC(=O)c1ccc(cc1)C(=O)NCCCCCCCCC*,tg,147.08293705037235
1414,*Nc1cc(ccc1)NC(=O)c1ccc(cc1)C(=O)Nc1cc(ccc1)NC(=S)NC(=O)c1cc(ccc1)C(=O)NC(=S)*,tg,253.60557373112115
1415,*c1ccc(N(c2ccc(CCCC)cc2)c2ccc(-c3sc(*)c4c3OCCO4)cc2)cc1,egc,1.9535323547145937
1416,*C(=O)c1ccc2c(c1)C(=O)N(c1ccc(Oc3ccc(-c4ccc(Oc5ccc(N6C(=O)c7ccc(*)cc7C6=O)cc5)cc4)cc3)cc1)C2=O,egc,2.4690457974872553
1417,*c1ccc(*)c(C)n1,egc,4.331266771551578
1418,*c1cc2c(C(=O)N(C2=O)c2ccc(cc2)N2C(=O)c3c(C2=O)cc(cc3)c2c(c(c(c(c2c2ccccc2)c2ccccc2)c2ccc(cc2)Sc2ccc(cc2)c2c(c(c(c(c2c2ccccc2)c2ccccc2)*)c2ccccc2)c2ccccc2)c2ccccc2)c2ccccc2)cc1,tg,327.5651896252437
1419,*c1cc2c(C(=O)N(C2=O)c2c(ccc(c2)N2C(=O)c3c(C2=O)cc(cc3)C(=O)OCCN(CCOC(=O)*)c2ccc(cc2)N=Nc2ccccc2)N=Nc2ccccc2)cc1,tg,155.05545659776837
1420,*Cc1ccc(COC(=O)c2cccc(C(=O)O*)c2)cc1,egc,4.7351214204062995
1421,*O[Si](O[Si](Oc1c(cc(cc1C)c1cc(c(c(c1)C)*)C)C)(C)C)(C)C,tg,29.524542054172816
1422,*OC(C)COC(=O)CCCC(*)=O,egc,6.8130100109905705
1423,*CC(S1)=CC=C1NC(=S)*,egc,3.0565475127021484
1424,*Nc1ccc(C(=O)O*)s1,eps,5.230019455327357
1425,*CC(=S)NC(*)=S,egb,2.0379872042351637
1426,*OC(COC(=O)*)COCCOC,tg,-29.655708035198966
1427,*CC(C=C1)=CC=C1OC(=S)*,egc,3.643963448546618
1428,*Cc1cc(C)c(*)cc1C,egc,3.4560894041627055
1429,*N=C(O)N=C(*)N=C(N)N,egc,3.4924360177615843
1430,*CC(OO*)c1ccc(Br)cc1,egc,4.451420667263653
1431,*OC(C)CCOC(=O)CCCCS(=O)(=O)CCCCC(*)=O,egc,6.497944098042932
1432,*c1c(c(cc(c1)N=Nc1ccc(cc1)OC)*)O,tg,161.007447272908
1433,*C(=O)C(S1)=CC=C1C(=O)C(S2)=CC=C2*,egc,2.7192993586809315
1434,*CC(*)C(=O)O,egb,6.76728154959048
1435,*Nc1ccc(*)cc1,eps,5.0925221444555095
1436,*C(C*)C(=O)OCCCSCCC#N,tg,-63.69129394285803
1437,*Oc1ccc(cc1)OC(=O)c1ccc(cc1)[Si](c1ccc(cc1)C(=O)*)(C)C,tg,164.67106711094272
1438,*C(C*)CNc1ncc(cc1)[N+](=O)[O-],tg,146.32276803626092
1439,*OC(=O)CCCCCCCCCCCCC(*)=O,egc,6.286903113237809
1440,*C=C1CCCCC(=Cc2ccc(Sc3ccc(*)o3)o2)C1=O,egc,2.758289871304239
1441,*C1C(=O)N(C(=O)C1C(C*)c1ccccc1)CCCOc1ccc(cc1)c1ccc(cc1)C#N,tg,135.697798118517
1442,*c1c(cc(cc1)*)C(=O)c1ccc(cc1)F,tg,188.7850701472682
1443,*OC(=O)Nc1c(ccc(c1)NC(=O)OCCCCCCCCCC*)C,tg,56.95532934464601
1444,*CC(CCCCCCCCCC)O*,egc,5.381275203804744
1445,*c1nc(nc(n1)N(CCCCCCCCCCN(*)c1ccccc1)c1ccccc1)C,tg,53.49142837522839
1446,*c1c([nH]c(n1)c1cc(ccc1)c1[nH]c(c(n1)c1ccc(cc1)Oc1ccc(cc1)S(=O)(=O)c1ccc(cc1)Oc1ccc(cc1)*)c1ccccc1)c1ccccc1,tg,291.7908896532719
1447,*N1C(=O)c2c(C1=O)cc(cc2)C(=O)Nc1ccc(cc1)Oc1ccc(cc1)NC(=O)C*,tg,238.60789839106383
1448,*N=P(*)(OCC(C(C(C(C(C(C(F)(F)F)(F)F)(F)F)(F)F)(F)F)(F)F)(F)F)OCC(C(C(C(C(C(C(F)(F)F)(F)F)(F)F)(F)F)(F)F)(F)F)(F)F,tg,-33.91299465231097
1449,*CCCCCCCCNC(=O)CCCCCCCCC(=O)N*,egc,5.901781968562071
1450,*N1C(=O)c2c(C1=O)c(ccc2)Oc1ccc(cc1)C(c1ccc(cc1)Oc1c2c(C(=O)N(C2=O)c2c(cc(c(c2C)*)C)C)ccc1)(C)C,tg,268.88069830324685
1451,*C(C*)(C(=O)Oc1c(c(c(c(c1Cl)Cl)Cl)Cl)Cl)C,tg,156.0533930906772
1452,*CC(O)COC(=O)CCCCC(=O)OCC(O)COc1ccc(O*)cc1,egc,5.0119703221000576
1453,*Oc1ccc(C(=S)c2ccc(*)s2)s1,eps,5.310951313604885
1454,*Oc1ccc(cc1)NC(=O)c1ccc(cc1)Oc1ccc(cc1)C(c1cc(ccc1)C(c1ccc(cc1)Oc1ccc(cc1)C(=O)Nc1ccc(cc1)Oc1ccc(cc1)c1ccc(cc1)*)(C)C)(C)C,tg,171.48280725842832
1455,*NC(=O)CCc1ccc(cc1)CCC(=O)NCCCCCCCCCCCCCC*,tg,70.91488773152027
1456,*Oc1ccc(cc1)C(=O)c1ccc(cc1)OCCCCCCOC(=O)OCCCCCCCCOC(=O)OCCCCCC*,tg,-7.015237403615802
1457,*NC(F)(F)CC(*)(F)F,egb,7.873976511104581
1458,*NC(CC(=O)OCc1ccc(Cl)cc1)C(*)=O,egc,4.86073336194894
1459,*c1cc2c(C(=O)N(C2=O)c2cc(c(cc2)Oc2c(cc(cc2)N2C(=O)c3c(C2=O)cc(cc3)C(=O)Nc2c(ccc(c2)C(F)(F)F)Oc2c3c(ccc2)c(ccc3)Oc2c(cc(cc2)C(F)(F)F)NC(=O)*)c2ccccc2)c2ccccc2)cc1,tg,285.8667935051425
1460,*c1nc2c(c(c1)c1ccccc1)cc(cc2)c1cc2c(nc(cc2c2ccccc2)c2ccc(cc2)c2ccc(cc2)c2ccc(cc2)c2ccc(cc2)*)cc1,tg,381.7159006676529
1461,*C1C(=O)N(C(=O)C1C(C*)(C)C)C(C)C,tg,138.08103393825422
1462,*C(C*)OCC(C)C,tg,-37.68133811252732
1463,*C1COC2C1OCC2OC(=O)C(NC(=O)CCCCCCCCC(=O)NC(C(=O)O*)C(CC)C)C(CC)C,tg,88.55320449783227
1464,*CCCCCCCCCCNC(=O)CCCCCCCCCCCCCCCCC(=O)N*,egc,5.915825813685271
1465,*c1ccc(-c2nc3ccc(S(=O)(=O)c4ccc5nc(*)c(-c6ccccc6)nc5c4)cc3nc2-c2ccccc2)cc1,egc,3.1167514416870965
1466,*Oc1ccc(cc1)C1(c2ccccc2c2ccccc12)c1ccc(cc1)Oc1cc(c(cc1)C(=O)c1ccccc1)c1c(ccc(c1)*)C(=O)c1ccccc1,tg,225.63116142318484
1467,*NC1CC(CCC(*)=O)C1(C)C,egc,5.933676801338041
1468,*C(=S)c1ccc(-c2ccc(-c3ccc(*)cc3)cc2)s1,ei,5.447338642203438
1469,*OC(=O)NNC(=O)CCCCCCCCC(=O)NNC(=O)OCCCCCC*,tg,30.84453536995533
1470,*CC(=O)C(=S)c1ccc(*)s1,eea,3.905582372457713
1471,*c1nc(nc(n1)OCCCCO*)OC,tg,-15.340888828540301
1472,*CCCCCCCCCCOC(=O)CCCC(=O)O*,egc,6.749874546207384
1473,*C=Cc1ccc(C=Cc2nc3cc4nc(*)[nH]c4cc3[nH]2)cc1,egc,2.3902538771777686
1474,*N1C(=O)c2c(C1=O)cc(cc2)Oc1ccc(cc1)Oc1cc2c(C(=O)N(C2=O)c2ccc(cc2)C(=O)c2ccc(cc2)*)cc1,tg,238.31202389072345
1475,*C(C*)(C(=O)OC1CC(CCC1)C)C,tg,96.91201310182872
1476,*OC(=O)OCCCCCCOC(=O)OC1COC2C(*)COC12,egc,6.7935570044917775
1477,*C(=O)c1ccc2c(c1)C(=O)N(c1ccc(C3(c4ccc(N5C(=O)c6ccc(*)cc6C5=O)cc4)c4ccccc4-c4ccccc43)cc1)C2=O,egc,2.436937673924265
1478,*C(C*)C(=O)NCC(=O)N,tg,128.14881466506486
1479,*CC(C)(C*)CN(C)CC1C2CC3CC(C2)CC1C3,egc,5.0907382002899615
1480,*Oc1c(cc(cc1)c1cc(c(cc1)OC(*)(Oc1ccccc1)Oc1ccccc1)C)C,tg,131.93248670570728
1481,*CCCCCCOC(=O)CC=CCC(=O)O*,egc,5.938648106448816
1482,*C(C*)(CC(=O)OC(C)C)C(=O)OC12CC3(CC(CC(C1)C3)(C2)C)C,tg,161.61581414908215
1483,*CC(CO*)(COC=O)COC=O,egc,6.10963140982659
1484,*Nc1ccc(cc1)Cc1ccc(cc1)NC(=O)c1ccc(cc1)P(=O)(c1ccc(cc1)C(=O)*)c1ccccc1,tg,217.23141222123073
1485,*Oc1ccc(cc1)C(c1ccc(cc1)OC(=O)c1ccc(cc1)C(=O)*)(C)C,tg,193.24164588534802
1486,*C1C2CC(C)C(C2)C1*,egb,6.871039306111486
1487,*NC(C=C1)=CC=C1C(=O)C(C=C2)=CC=C2*,egc,3.4538645847040863
1488,*C(C*)NC(=O)OC(C)(C)C,tg,79.23927778788199
1489,*C(C*)C(=O)OCC(C(F)(F)F)(F)F,tg,-13.657841648574875
1490,*C(C*)n1cncc1,tg,71.77218153972214
1491,*Nc1c([2H])c([2H])c(*)c([2H])c1[2H],egc,3.6890220494293766
1492,*NC(=S)Nc1ccc(Cc2ccc(*)cc2)cc1,nc,1.9190937208447634
1493,*C(F)(F)C1(F)C(F)(F)C(*)(F)C1(F)F,egc,8.199369073473012
1494,*CCCCCCCCOC(=O)NCc1ccc(CNC(=O)O*)cc1,egc,5.347512203364544
1495,*O[Si](*)(CCCOc1ccc(cc1)C(=O)Oc1ccc(cc1)OC)C,tg,23.565209654488044
1496,*CCCCCOC(=O)O*,ei,7.785581409368569
1497,*c1cc2c(C(=O)N(C2=O)c2ccc(cc2)C(=O)OCCCCCCCCCCCCOC(=O)*)cc1,tg,62.28087292374597
1498,*CC(OC(=O)C(=O)OCC)C(COC(=O)O*)OC(=O)C(=O)OCC,egc,6.350481823896338
1499,*Oc1ccc(cc1)Cc1ccc(cc1)OCC(C*)O,tg,67.80833799988817
1500,*CCC(Cl)C(*)Cl,egb,6.561173260751692
1501,*CCCC(C)(C)CNC(=O)CCCCCCCCC(=O)N*,egc,5.608691779563523
1502,*C(C*)(C(=O)OCc1c(cccc1Cl)Cl)C,tg,64.85590850747349
1503,*CCCCCCCCCCCCNC(=O)NCCCCCCNC(=O)N*,egc,5.7057053079178415
1504,*NC(=O)c1ccc(-c2ccc(*)s2)cc1,nc,2.105889413126655
1505,*CCCN(*)C(=O)c1ccccc1,egc,4.733116263008982
1506,*c1cc2c(C(=O)N(C2=O)c2ccc(cc2)OCCN(CCOc2ccc(cc2)N2C(=O)c3c(C2=O)cc(cc3)C(*)(C(F)(F)F)C(F)(F)F)c2ccc(cc2)C(=C(C#N)C#N)C#N)cc1,tg,196.49409281195105
1507,*OC(=O)Nc1ccc(cc1)Cc1ccc(cc1)NC(=O)OCCOCCOCCOCC*,tg,51.32789886839244
1508,*C(C*)(C(=O)OCC(=O)N1CCCC1)C,tg,116.15272133030848
1509,*C(C*)(C(=O)OCCCCCCCCOc1ccc(cc1)C(=O)Oc1ccc(cc1)C(=O)C=Cc1c(c2c(n1CCCC)cccc2)C)C,tg,55.94494758765273
1510,*CC(=O)OC(*)=S,eea,3.193064032524145
1511,*O[Si](CCCN=C1C(=CC(=NCCC[Si](*)(C)C)C(=C1)O)O)(C)C,tg,14.141548501638384
1512,*C(C*)C(=O)OCCCOc1ccc(cc1)N=Nc1ccc(cc1)[N+](=O)[O-],tg,55.546625521506435
1513,*CC(=O)CO*,egb,5.298639620713917
1514,*c1cc2c(C(=O)N(C2=O)c2c3c(ccc2)c(ccc3)Oc2ccc(cc2)N2C(=O)c3c(C2=O)cc(cc3)C(=O)Nc2c3c(ccc2)c(ccc3)Oc2ccc(cc2)NC(=O)*)cc1,tg,286.4237361195665
1515,*C(C*)(C(=O)OCc1sccc1)C,tg,57.84975402775318
1516,*Nc1ccc(Nc2ccc(*)s2)s1,egb,2.610988403889282
1517,*c1cc2c(C(=O)N(C2=O)c2c(cc(cc2C)c2cc(c(c(c2)C)N2C(=O)c3c(C2=O)cc(cc3)C(=O)*)C)C)cc1,tg,317.9455077155917
1518,*CCCCCCCCCCCCCCOC(=O)c1ccc(C(=O)NCCCCCNC(=O)c2ccc(C(=O)O*)cc2)cc1,egc,4.727064254672719
1519,*c1nc2c(nc1)cc(cc2)c1ccc2c(nc(cn2)c2ccc(cc2)Oc2ccc(cc2)Oc2ccc(cc2)Oc2ccc(cc2)*)c1,tg,224.86513316053748
1520,*c1ccc(-c2ccc(*)s2)s1,ei,4.7668643516629094
1521,*C(C*)(C(=O)OCC=C)C,tg,52.765676026820415
1522,*CCC(C)C(C)CCNC(=O)c1cccc(C(=O)N*)c1,egc,5.20974120462906
1523,*C(=O)Nc1ccc(NC(=O)c2ccc3c(c2)C(=O)N(c2cccc(N4C(=O)c5ccc(*)cc5C4=O)c2)C3=O)cc1,egc,2.9595768045232353
1524,*OP(=O)(Oc1ccc(cc1)S(=O)(=O)c1ccc(cc1)*)Oc1ccc(cc1)[N+](=O)[O-],tg,97.12026694961038
1525,*OC(=O)CCC(=O)OCCCC*,tg,-13.171030742309965
1526,*CC(=S)c1ccc(N*)cc1,egb,2.168438740183464
1527,*C(=O)OC1CCC(OC(=O)N2CC(C)N(*)CC2C)CC1,egc,5.890125311837492
1528,*N=P(*)(Oc1cccc(Cl)c1)Oc1cccc(Cl)c1,egc,3.48330788633396
1529,*N1C(=O)c2c(C1=O)cc(cc2)C(=O)c1cc2c(C(=O)N(C2=O)CCC(=O)Nc2ccc(cc2)Cc2ccc(cc2)NC(=O)CC*)cc1,tg,227.8574920447637
1530,*c1cc2c(C(=O)N(C2=O)c2c(cc(cc2C)Cc2cc(c(c(c2)C)N2C(=O)c3c(C2=O)cc(cc3)C(=O)Nc2c(ccc(c2)NC(=O)*)N=Nc2ccc(cc2)[N+](=O)[O-])C)C)cc1,tg,258.22441541251436
1531,*CC(O*)C(F)(F)F,eps,3.701144772549834
1532,*CC(=S)C(=O)C(*)=S,eps,5.6665773422807355
1533,*OC(=O)c1ccc(C(=O)Oc2ccc3c(c2)Oc2cc(*)ccc2C32c3ccccc3-c3ccccc32)cc1,egc,3.45384382774921
1534,*C(C*)OC,tg,-3.6160732435700655
1535,*Oc1ccc(cc1)CC(NC(=O)CCc1ccc(cc1)OC(=O)*)C(=O)OCC,tg,84.93279257318511
1536,*CCCCCCOC(=O)C1C(=O)C2CCC1C(=O)C2C(=O)O*,egc,5.463259987914197
1537,*NC(=O)c1ccc(-c2ccc(*)cc2)s1,eea,2.693974390534163
1538,*c1c(nc2c(n1)cc(cc2)Oc1ccc(cc1)NC(=O)c1cc2c(C(=O)N(C2=O)c2ccc(cc2)C(c2ccc(cc2)N2C(=O)c3c(C2=O)cc(cc3)C(=O)Nc2ccc(cc2)Oc2cc3c(nc(c(n3)c3ccc(cc3)Oc3ccc(cc3)*)c3ccccc3)cc2)(C(F)(F)F)C(F)(F)F)cc1)c1ccccc1,tg,284.1455393613558
1539,*c1cc2c(C(=O)N(C2=O)c2c(cc(cc2C)Cc2cc(c(c(c2)C)N2C(=O)c3c(C2=O)cc(cc3)C(=O)OCCN(CCOC(=O)*)c2ccc(cc2)N=Nc2c(cc(cc2)[N+](=O)[O-])[N+](=O)[O-])C)C)cc1,tg,167.72657759391086
1540,*Oc1ccc(C(=S)c2ccc(*)s2)s1,nc,2.1525986847627085
1541,*Oc1c(cc(cc1)C(c1cc(c(cc1)OC(=O)*)Cl)(C)C)C,tg,145.75549165581577
1542,*c1ccc(C(=O)C(F)(F)C(*)(F)F)s1,egb,3.0589470896378734
1543,*OC(=O)NCCCCCCNC(=O)OCC(C(C*)(F)F)(F)F,tg,-11.780165982715797
1544,*NOC(=O)O*,ei,8.07203152147412
1545,*c1ccc(CC(F)(F)C(*)(F)F)cc1,eps,3.2150880913116064
1546,*C1C2CC(C(=O)NCC(O)C(O)C(OC3OC(CO)C(O)C(O)C3O)C(O)CO)C(C2)C1*,egb,5.466798918244273
1547,*OC(CC(=O)*)CCCCCCC=C,tg,-16.78106311647377
1548,*NNC(=O)c1c(cccc1)C(=O)Nc1cc(ccc1)C=C1C(=O)C(=Cc2cc(ccc2)NC(=O)c2c(cccc2)C(=O)*)CC1,tg,198.11646384331934
1549,*NC(=O)CCCCCCCCCCCCCCCCC(=O)NCCCCCCCCCC*,tg,42.92259083367224
1550,*CC(*)OC(=O)c1cccc(Br)c1,egc,2.4390126741886347
1551,*C(=O)c1ccc(-c2ccc(C(*)=S)cc2)s1,nc,2.2163274450497386
1552,*N1C(=O)c2c(C1=O)c(ccc2)Oc1ccc(cc1)Oc1ccc(cc1)Oc1c2c(C(=O)N(C2=O)c2ccc(cc2)Oc2ccc(cc2)*)ccc1,tg,248.35912936668342
1553,*CC(C#N)(C#N)C(C#N)C(C#N)(C#N)C(C#N)C(C#N)(C#N)C(C#N)C(C#N)(C#N)*,egc,6.527928790968941
1554,*c1cnc(s1)N1C(=O)c2c(C1=O)cc(cc2)C(c1cc2c(C(=O)N(C2=O)c2ccc(cc2)Oc2ccc(cc2)*)cc1)(C(F)(F)F)C(F)(F)F,tg,281.19186495389926
1555,*c1nc(ccc1)N1C(=O)N(C(=O)C1=O)CCCCCCN1C(=O)N(C(=O)C1=O)*,tg,149.3617006856674
1556,*CC(C)(CO*)COCCCCCCCCCCOc1ccc(-c2ccc(C#N)cc2)cc1,egc,4.024465481432485
1557,*OC(=O)NCCCCCCNC(=O)OCC(C(C(C*)(F)F)(F)F)(F)F,tg,-0.4329157306744311
1558,*OC(F)(F)c1ccc(C(*)(F)F)cc1,eps,3.6660672710709385
1559,*N1C(=O)c2c(C1=O)cc(cc2)Oc1ccc(cc1)C1(CCCCCCCCCCC1)c1ccc(cc1)Oc1cc2c(C(=O)N(C2=O)c2ccc(cc2)Oc2ccc(cc2)*)cc1,tg,250.43129324755228
1560,*C1CC2CC(CC(C1)O2)OC(=O)c1ccc(cc1)C(=O)O*,tg,178.55799549363812
1561,*c1n(c(nn1)c1ccc(cc1)Oc1ccc(cc1)C(c1ccc(cc1)Oc1ccc(cc1)*)(C(F)(F)F)C(F)(F)F)c1cc(ccc1)C(F)(F)F,tg,204.12799745878615
1562,*N1C(=O)c2c(C1=O)cc(cc2)Oc1ccc(cc1)C1(CCCCCCCCCCC1)c1ccc(cc1)Oc1cc2c(C(=O)N(C2=O)c2ccc(cc2)Oc2c(cc(cc2)Oc2ccc(cc2)*)C(C)(C)C)cc1,tg,240.22827629320096
1563,*c1oc2c(n1)ccc(c2)c1ccc2c(oc(n2)CCCCCCCC*)c1,tg,91.13960959606122
1564,*c1cc(*)cc(-c2nc3ccccc3o2)c1,egc,3.6145910238325207
1565,*Oc1c(cc(cc1)C(=O)*)CCCCC,tg,84.97455692281835
1566,*OC(C=C1)=CC=C1C(=O)C(S2)=CC=C2C(=O)NOC(=O)*,egc,3.404840213757361
1567,*C(C(*)(F)F)(OC(F)(F)F)F,tg,37.51007739593719
1568,*Oc1ccc(cc1)C(c1ccc(cc1)OCC(C*)O)(CC)C,tg,99.39849230428759
1569,*Oc1ccc(cc1)CC(NC(=O)CCc1ccc(cc1)OC(=O)CCCCCCC(=O)*)C(=O)OCCOCCOCC,tg,5.384816908467389
1570,*c1nc2c(c(c1)c1ccccc1)cc(cc2)Oc1cc2c(nc(cc2c2ccccc2)c2ccc(cc2)Oc2ccc(cc2)*)cc1,tg,298.01769237195487
1571,*Nc1ccc(NC(=O)c2ccc(C(*)=O)cc2F)cc1F,egc,3.3897246489888992
1572,*NC(=O)CCCCCCCCCCCCCC(=O)NCc1ccc(cc1)C*,tg,94.24556084676199
1573,*NC(=O)c1ccc(C(*)=S)cc1,egb,2.423112842920768
1574,*OS(=O)(=O)c1cc(C)c(*)c(C)c1,egc,4.159888136517738
1575,*OC(=O)CCS(=O)(=O)CCS(=O)(=O)CCC(*)=O,egc,6.049597430157537
1576,*CC(*)c1ccc(Cl)c(C)c1,egc,3.5116114169523662
1577,*CCOCCOC(=O)C(=O)O*,egc,5.879129683736229
1578,*Oc1c(cc(cc1OC)/C=C/c1ccc(cc1)/C=C/c1ccc(cc1)/C=C/c1cc(c(c(c1)OC)OCCCCCCCC*)OC)OC,tg,79.77876764714372
1579,*CCCCNC(=O)CCCCCCCC(=O)NCCCCNC(=O)C(=O)N*,egc,4.812685976769171
1580,*c1cc2c(C(=O)N(C2=O)c2ccc(cc2)Oc2ccc(cc2)N2C(=O)c3c(C2=O)cc(cc3)C(=O)N2C(=S)N(C(C(=C2C)C(=O)OCC)c2c(cc(cc2)OC)OC)C(=O)*)cc1,tg,177.0362300250239
1581,*Oc1c(cc(cc1)OC(=O)c1ccc(cc1)C(=O)*)C1C2CCC(C1)C2,tg,257.93062516855844
1582,*CCOC(=O)CCCCC(=O)O*,egc,6.701854734441163
1583,*c1ccc2c(nc([nH]2)c2ccc(cc2)C(=O)Nc2cc(ccc2)C(=O)Nc2cc(ccc2)NC(=O)*)c1,tg,296.5840011755123
1584,*c1ccc2c(nc([nH]2)c2cc(ccc2)c2nc3c([nH]2)ccc(c3)C(=O)Nc2cc(ccc2)NC(=O)*)c1,tg,312.5434279253707
1585,*CONO*,egc,6.021504014317479
1586,*Cc1ccc(C(=O)C(*)=S)s1,eps,4.545485346263346
1587,*OC(=O)c1ccc(cc1)C(c1ccc(cc1)C(=O)OCCCC*)(C)C,tg,45.99122191663802
1588,*c1cc2c(C(=O)N(C2=O)c2ccc(cc2)Oc2ccc(cc2)C2(c3c(C(=O)N2)cccc3)c2ccc(cc2)Oc2ccc(cc2)N2C(=O)c3c(C2=O)cc(cc3)C(=O)Nc2ccc(cc2)Oc2ccc(cc2)S(=O)(=O)c2ccc(cc2)Oc2ccc(cc2)NC(=O)*)cc1,tg,293.19343161138517
1589,*ON(C(F)(F)F)C(F)(C(*)(F)F)C(F)(F)F,egc,7.4055184085867705
1590,*COC1OC(*)C(O)C(O)C1O,egc,6.039906182307448
1591,*OS(=O)(=O)c1ccc(cc1)*,tg,137.3364272925915
1592,*OC(=O)C(=S)C(*)=O,ei,7.439840153815115
1593,*C(C*)(C(=O)OCCN(c1ccc(cc1)N=Nc1c(cc(cc1)N=Nc1ccc(cc1)C#N)C)C)C,tg,104.9289186562919
1594,*N1C(=O)c2c(C1=O)c(ccc2)c1cc2c(C(=O)N(C2=O)c2cc(ccc2)OCCCCCCCCOc2cc(ccc2)*)cc1,tg,141.8769601992426
1595,*Oc1ccc(cc1)N(c1ccc(cc1)c1ccc(cc1)N(c1ccc(cc1)OCCCCCC*)c1ccccc1)c1ccccc1,tg,104.60412139337976
1596,*CNCc1ccc(*)s1,ei,5.543259334516728
1597,*C(C*)C(=O)Oc1c(cccc1)C(=O)OC,tg,63.81905873995718
1598,*CC(*)F,egc,6.9104039784470785
1599,*C([2H])=C(*)[2H],egc,4.1720601119114615
1600,*CCC(=O)C(*)=S,eps,4.642484688271971
1601,*NC(=S)Nc1ccc(NC(=S)Nc2ccc(Oc3ccc(*)cc3)cc2)cc1,egb,2.4188333429390925
1602,*Cc1ccc(CC(*)=S)s1,ei,5.65054791727985
1603,*Nc1c2c(ccc1)c(ccc2)NC(=O)c1ccc(cc1)NC(=O)c1ccc(cc1)[Si](c1ccc(cc1)C(=O)Nc1ccc(cc1)C(=O)*)(C)C,tg,284.457408332441
1604,*C(C*)OC(=O)CC1CCCC1,tg,33.7002587142009
1605,*C(C*)S(=O)(=O)c1ccccc1,tg,121.64144668803941
1606,*N1C(=O)c2c(C1=O)cc(cc2)c1cc2c(C(=O)N(C2=O)c2ccc(cc2)C(=O)Nc2ccc(cc2)Oc2ccc(cc2)S(=O)(=O)c2ccc(cc2)Oc2ccc(cc2)NC(=O)c2ccc(cc2)*)cc1,tg,260.19476958362816
1607,*OC(CC(=O)*)CC,tg,-1.2068401242631779
1608,*NC(=S)NC(C=C1)=CC=C1CC(C=C2)=CC=C2*,egc,3.5037741902371353
1609,*CC(*)(F)C#N,egb,7.287246655920898
1610,*C=C(*)F,egc,4.678781328398328
1611,*Oc1ccc(cc1)C(c1ccc(cc1)Oc1c(cc(cc1)C(=O)c1cc(c(cc1)*)S(=O)(=O)O)S(=O)(=O)O)(C)C,tg,195.60203049242483
1612,*C(C*)C(=O)OCCN(c1ccc(cc1)N=Nc1ccc(cc1)[N+](=O)[O-])CC,tg,76.86473987926027
1613,*c1sc(*)c2sc(CCCCCCCCC)nc12,egc,2.4683620177410415
1614,*c1cc2c(C(=O)N(C2=O)c2cc(ccc2)C(c2cc(ccc2)N2C(=O)c3c(C2=O)cc(cc3)C(=O)*)(C(F)(F)F)C(F)(F)F)cc1,tg,255.98177549709993
1615,*CCCCCCCCCC#CC#CCCCCCCCCCOC(=O)CCCCCCC(=O)O*,egc,5.436637933476438
1616,*CC(*)C(=O)OCCCOc1ccc(-c2ccc(C#N)cc2)cc1,egc,4.045245742134108
1617,*c1cc2c(C(=O)N(C2=O)c2c(cc(cc2C)Cc2cc(c(c(c2)C)N2C(=O)c3c(C2=O)cc(cc3)C(=O)OCCN(CCOC(=O)*)c2ccc(cc2)N=Nc2c(cc(cc2)[N+](=O)[O-])C#N)C)C)cc1,tg,180.25083583564026
1618,*c1[nH]nc(c1)c1ccc(cc1)Oc1ccc(cc1)C(=O)c1ccc(cc1)C(=O)c1ccc(cc1)Oc1ccc(cc1)*,tg,228.25167967412196
1619,*C(C*)(C(=O)OCCCCC)C,tg,-12.930594001421861
1620,*C(=CCCC*)c1ccccc1,tg,55.72753930468192
1621,*c1ccc2ccc3c(*)cc(C#C)c4ccc1c2c34,egc,2.2689725569915105
1622,*C=Nc1ccccc1N=Cc1ccc(Sc2ccc(*)o2)o1,egc,2.907821543953391
1623,*Cc1ccc(C(=S)O*)s1,egb,2.5175091307759554
1624,*Oc1ccc(cc1)S(=O)(=O)c1ccc(cc1)c1ccc(cc1)c1ccc(cc1)S(=O)(=O)c1ccc(cc1)*,tg,253.99827957613184
1625,*[Si](C=C*)(c1ccccc1)c1ccccc1,tg,43.32490162855936
1626,*CC(*)F,nc,1.5909128063829208
1627,*c1sc(cc1SCCCCCCCC)c1ccc(cc1)c1sc(c(c1)SCCCCCCCC)c1ccc(cc1)*,tg,12.707116959238396
1628,*COC(S1)=CC=C1C(C=C2)=CC=C2*,egc,3.7777204139289893
1629,*Nc1cc(cc(c1)C(=O)OCCOc1ccc(cc1)C=CC(=O)c1ccccc1)NC(=O)c1ccc(cc1)C(=O)*,tg,225.01952495813467
1630,*Oc1ccc(cc1)C(c1ccc(cc1)OC(=O)/C=C\C(=O)OCC(C*)O)(C)C,tg,102.34205824751082
1631,*C=C*,egb,1.1952926134347235
1632,*c1cc2c(C(=O)N(C2=O)c2cc(cc(c2)C(=O)O)N2C(=O)c3c(C2=O)cc(cc3)C(*)(C(F)(F)F)C(F)(F)F)cc1,tg,291.97681872776974
1633,*Oc1ccc(C(C)(C)c2ccc(OC(=O)OCC3CCC(COC(*)=O)CC3)cc2)cc1,egc,5.1850703263202185
1634,*O[Si](c1c(c(c(c(c1F)F)F)[Si](*)(C)C)F)(C)C,tg,-31.04313474766131
1635,*c1ccc(*)c2nc(CC)c(CC)nc12,egc,3.133249477997678
1636,*NC(=O)OC(*)=O,eps,4.86005201675224
1637,*c1ccc(-c2ccc(-c3ccc(-c4ccc(*)s4)s3)s2)cc1,eps,6.979408016128355
1638,*Nc1cc(ccc1)NC(=O)Cc1c(cc(c(c1)CC(=O)*)C)C,tg,230.14423138235802
1639,*C(C*)c1ccc(cc1)CCCC,tg,21.62806825591891
1640,*C(=O)C(NC(=O)C1CCCN1C(=O)C1CCCN1*)c1ccccc1,egc,4.648161110459334
1641,*c1ccc2c(nc([nH]2)c2ccc(cc2)c2nc3c([nH]2)ccc(c3)C(=O)Nc2ccc(cc2)NC(=O)c2ccc(cc2)NC(=O)*)c1,tg,310.6434610994852
1642,*Oc1ccc(cc1)C(=O)c1cc(ccc1)NC(=O)CCCCCCCCC(=O)Nc1cc(ccc1)C(=O)c1ccc(cc1)*,tg,146.78217406665013
1643,*Oc1ccc(cc1)C(=O)c1cc(ccc1)NC(=O)c1cc(ccc1)C(=O)Nc1cc(ccc1)C(=O)c1ccc(cc1)*,tg,199.63422117820926
1644,*Oc1ccc(cc1)C(c1ccc(cc1)OCC(CN(CC(C*)O)c1ccc(cc1)N=Nc1ccc(cc1)[N+](=O)[O-])O)(C)C,tg,118.6335786492289
1645,*Oc1ccc(cc1)C(c1ccc(cc1)Oc1ccc(cc1)C(=O)c1c(cccc1)c1c(cccc1)C(=O)c1ccc(cc1)*)(C(F)(F)F)C(F)(F)F,tg,186.76181981190618
1646,*C(=O)c1ccc(C(=O)c2ccc(*)s2)s1,eps,5.321174748680905
1647,*CC(*)C(=O)OCC(F)(F)F,egc,6.8687792459961745
1648,*C(C*)OC(=O)C(CCC)(C)C,tg,55.84153321342184
1649,*Nc1ccc(Oc2ccc(*)s2)cc1,eps,4.182409806119557
1650,*C(C*)(C(=O)OC1CCCCC1)C,tg,88.27305176160118
1651,*CC(*)OC(=O)CCCCC,egc,6.327147890964682
1652,*CONO*,egb,6.418791466133514
1653,*N1C(=O)c2c(C1=O)cc(cc2)Oc1cc2c(cc1Oc1cc3c(C(=O)N(C3=O)c3cc(ccc3)Oc3ccc(cc3)*)cc1)cccc2,tg,211.17222112175824
1654,*CCCOCCCOC(=O)CCCCCCCCC(=O)O*,egc,6.418209701452206
1655,*c1cc2c(C(=O)N(C2=O)c2c(cc(cc2C)c2cc(c(c(c2)C)N2C(=O)c3c(C2=O)cc(cc3)C(=O)Nc2ccc(cc2)C(c2ccc(cc2)NC(=O)*)(C(F)(F)F)C(F)(F)F)C)C)cc1,tg,323.8701598790108
1656,*C(C*)OC(=O)CC1CCCCC1,tg,38.49654922063237
1657,*Nc1ccc(Oc2ccc(*)s2)cc1,eea,0.9896013561727882
1658,*Nc1ccc(cc1)C(=O)c1ccc(cc1)NC(=O)c1cc(cc(c1)C(C)(C)C)C(=O)*,tg,284.93548191877477
1659,*C(=S)c1ccc(-c2ccc(-c3ccc(*)cc3)cc2)cc1,nc,2.0661165949159703
1660,*C(C*)C(=O)OC(CC)CC,tg,5.904031628252749
1661,*CCC(=O)N*,ei,6.5052520744749245
1662,*c1cc2c(C(=O)N(C2=O)c2cc(ccc2)Oc2cc(ccc2)N2C(=O)c3c(C2=O)cc(cc3)C(C(C(*)(F)F)(F)F)(F)F)cc1,tg,178.97048140515403
1663,*CCCCCCCCNC(=O)CCCCCCCCCCCCCCC(=O)N*,egc,5.951881027742088
1664,*c1cc2c(C(=O)N(C2=O)c2ccc(cc2)Cc2ccc(cc2)N2C(=O)c3c(C2=O)cc(cc3)C(=O)Oc2ccc(cc2)OCCCCCCCCCCCCOc2ccc(cc2)OC(=O)*)cc1,tg,129.19345414155845
1665,*CCCc1ccc(*)s1,eea,0.9946769758888798
1666,*C(=C(*)Cl)CCCCCC,tg,106.27041446654859
1667,*C(CCCCC*)CCCCCC,tg,-68.51332627672684
1668,*N1C(=O)c2c(C1=O)cc(cc2)S(=O)(=O)c1cc2c(C(=O)N(C2=O)c2ccc(cc2)Oc2ccc(cc2)C(=O)c2ccc(cc2)Oc2ccc(cc2)*)cc1,tg,263.68221609744916
1669,*C(C*)(C(=O)OCCCCCCOc1ccc(cc1)OC(=O)c1cc(c(cc1)OC)Br)C,tg,45.16374218756605
1670,*CC(=S)c1ccc(N*)cc1,nc,2.153915448618507
1671,*Oc1ccc(-c2ccc(C(*)=O)cc2)s1,eea,2.7261504518191075
1672,*CCOCCOCCOCCOCCOC(=O)CCSCCC(=O)O*,egc,5.347707423542206
1673,*CC(*)c1ccc(C)c(C)c1,egc,4.184864387341726
1674,*Oc1ccc(cc1)C(=C(Cl)Cl)c1ccc(cc1)OC*,tg,140.27866734621193
1675,*C(=O)c1ccc(C(=S)c2ccc(*)s2)cc1,nc,2.101099892565185
1676,*C(C*)OCCCCCCCCCC,tg,-76.10275753298475
1677,*Oc1ccc(cc1)CC(NC(=O)Cc1ccc(cc1)OC(=O)CCCCCCC(=O)*)C(=O)OCCCCCC,tg,22.69382095516932
1678,*C(C*)(C(=O)OCc1cc(c(cc1)OCCOCCOCCOCC)OCCOCCOCCOCC)C,tg,-13.863626774379906
1679,*c1cc2c(C(=O)N(C2=O)c2c(ccc(c2)N2C(=O)c3c(C2=O)cc(cc3)C(=O)*)CP(=O)(OCC)OCC)cc1,tg,247.68300652452933
1680,*OC(=O)c1cc2c(cc1)cc(cc2)C(=O)OCC*,tg,104.20978149779808
1681,*c1ccc(-c2ccc(C(=S)c3ccc(*)s3)s2)cc1,egb,0.856021856001457
1682,*c1cccc(-c2nc3ccc(-c4ccc5nc(*)sc5c4)cc3s2)c1,egc,3.1781440122244815
1683,*Oc1ccc(cc1)OC(=O)c1ccc(cc1)C(=O)Oc1ccc(cc1)OCCCCC*,tg,64.17157605576709
1684,*Oc1ccc(cc1)CC(NC(=O)CCc1ccc(cc1)OC(=O)CCCC(=O)*)C(=O)OCCOCCOCC,tg,17.430076268830774
1685,*OC(C)COC(=O)CCCCCCCC(*)=O,egc,6.907754613953815
1686,*Oc1ccc(cc1)C1(c2ccccc2c2ccccc12)c1ccc(cc1)OC(=O)CCCCCCCCC(=O)*,tg,137.65969212198848
1687,*C1OC(C(F)(F)F)(C(F)(F)F)OC1(*)F,egb,8.254340141702501
1688,*Oc1cc(ccc1)NC(=O)c1cc(cc(c1)C(C(C(C(C(C(C(C(F)(F)F)(F)F)(F)F)(F)F)(F)F)(F)F)(F)F)(F)F)C(=O)Nc1ccc(cc1)*,tg,224.5940230927241
1689,*c1cc2c(C(=O)N(C2=O)c2ccc(cc2)c2cc(c(cc2)Oc2cc3c(C(CC3(c3ccc(cc3)Oc3c(cc(cc3)c3ccc(cc3)N3C(=O)c4c(C3=O)cc(cc4)C(=O)*)C(F)(F)F)C)(C)C)cc2)C(F)(F)F)cc1,tg,262.305090362462
1690,*c1ccc(-c2nc3cc4sc(*)nc4cc3s2)cc1,egc,3.1180405869064716
1691,*CCCCCOC(=O)Nc1ccc(C)c(NC(=O)O*)c1,eps,3.6061485899148984
1692,*Oc1ccc(SSCCCCSSc2ccc(*)cc2)cc1,egc,3.8792748164721336
1693,*C=Cc1cccc(*)c1,egc,1.7580047260998233
1694,*c1sc(cc1)c1sc(cc1)c1sc(cc1)[Si](*)(C)C,tg,107.60296218551538
1695,*C1C(=O)N(C(=O)C1*)c1c(cccc1)C(=O)OC,tg,236.3016365354401
1696,*C(C*)c1ccc(cc1)C(=O)c1ccccc1,tg,114.18317664445273
1697,*C#CC(=C(*)c1cnc2ccccc2c1)c1cnc2ccccc2c1,egc,2.417435603587138
1698,*N1C(=O)c2c(C1=O)c(ccc2)Oc1ccc(cc1)Oc1c2c(C(=O)N(C2=O)c2ccc(cc2)Oc2cc(ccc2)Oc2ccc(cc2)*)ccc1,tg,212.33447919200486
1699,*Oc1c(cc(cc1)Oc1ccc(cc1)C(=O)c1ccc(cc1)c1ccc(cc1)C(=O)c1ccc(cc1)*)c1ccccc1,tg,174.60190161814114
1700,*N(c1ccc(cc1)C(=O)*)CCC,tg,136.55159660514042
1701,*N1C(=O)C2C(C1=O)C(=CC(C2)C1C(=O)N(C(=O)C1)c1ccc(cc1)Oc1ccc(cc1)*)C,tg,297.1636460175444
1702,*N=P(*)(OCCOCCOCCOP1(=NP(=NP(=N1)(OCCOCCOC)OCCOCCOC)(OCCOCCOC)OCCOCCOC)OCCOCCOC)OCCOCCOCCOP1(=NP(=NP(=N1)(OCCOCCOC)OCCOCCOC)(OCCOCCOC)OCCOCCOC)OCCOCCOC,tg,-83.51328077564841
1703,*CCCC(=O)*,egc,5.37110819830256
1704,*Cc1ccc(-c2ccc(-c3ccc(*)cc3)cc2)cc1,ei,5.670908355493879
1705,*C(Cl)=C(c1ccccc1)c1ccc(*)cc1,egc,3.600494890190718
1706,*c1sc(cc1CCCC)c1ccc(cc1)c1sc(c(c1)CCCC)c1ccc(cc1)*,tg,76.24022291715522
1707,*Nc1ccc(Nc2ccc(*)s2)s1,eps,5.182238631235418
1708,*OCC(C*)(CS(=O)(=O)CC)CS(=O)(=O)CC,tg,92.5079184025398
1709,*c1nc(ccc1)Oc1ccc(cc1)Oc1ccc(cc1)S(=O)c1ccc(cc1)Oc1ccc(cc1)O*,tg,130.25635506021115
1710,*NC(=O)Oc1ccc(*)cc1,ei,6.0140624585687
1711,*N1C(=O)c2c(C1=O)cc(cc2)C(=O)Oc1ccc(cc1)C(c1ccc(cc1)OC(=O)CCCCCCCCCCC*)(C)C,tg,91.53618347416905
1712,*Cc1ccc(Nc2ccc(*)s2)cc1,nc,1.886063466514126
1713,*NNC(=O)CCCCCCCCCCCCCCCCC(*)=O,egc,5.8011630828431375
1714,*OC(*)CCCCCC,tg,-28.08337958855525
1715,*Oc1ccc(CC(NC(=O)CCc2ccc(OC(=O)CCC(*)=O)cc2)C(=O)OCCCCCC)cc1,egc,5.0354346303594415
1716,*c1ccc2c(c1)c1cc(*)ccc1n2C=C,egc,2.8470623188538147
1717,*C1COC2C1OCC2OC(=O)CCCCCCCCC(=O)O*,tg,23.526443628142545
1718,*Oc1c(cc(cc1)S(=O)(=O)c1cc(c(cc1)OCC(COc1ccc(cc1)S(=O)(=O)c1ccc(cc1)OCC(C*)O)O)C)C,tg,119.4852105055821
1719,*C(C*)(C(=O)OCCN(CC)CC)C,tg,31.850399397325038
1720,*CCCCOC(=O)COCC(=O)O*,egc,6.226093452402598
1721,*c1cc2c(C(=O)N(C2=O)c2ccc(cc2)Oc2ccc(cc2)Oc2ccc(cc2)NC(=O)*)cc1,tg,261.9495077346025
1722,*OC(=O)c1ccc(C2(C)CC(C)(C)c3ccc(C(=O)Oc4ccc5c(c4)Oc4cc(*)ccc4C5(C)C)cc32)cc1,egc,3.662596580449115
1723,*N1C(=O)c2c(C1=O)cc(cc2)C(c1cc2c(C(=O)N(C2=O)Cc2oc(cc2)C(c2oc(cc2)C*)(C)C)cc1)(C(F)(F)F)C(F)(F)F,tg,153.54145662337697
1724,*OP(=O)(Oc1c(cc(cc1C)S(=O)(=O)c1cc(c(c(c1)C)*)C)C)Oc1ccc(cc1)Br,tg,144.18529120607647
1725,*C(F)(F)C(F)(F)C(=O)C(=S)*,egc,3.0212736334783203
1726,*C(=O)NNC(=O)c1ccc(*)nc1,egc,4.144215705616666
1727,*c1cc2c(C(=O)N(C2=O)C2CCC(CC2)CC2CCC(CC2)N2C(=O)c3c(C2=O)cc(cc3)C(=O)Nc2ccc(cc2)Oc2ccc(cc2)NC(=O)*)cc1,tg,262.02590883288815
1728,*C(=O)NNC(=O)c1cnc(*)cn1,egc,3.9904132664357195
1729,*C(=O)CC(F)(F)C(*)(F)F,eps,3.2405579141221854
1730,*O[Si](Oc1ccc(cc1)*)(c1ccccc1)C,tg,48.19410803177133
1731,*Oc1ccc(cc1)NC(=O)c1c(cc(cc1)c1cc(c(cc1)C(=O)Nc1ccc(cc1)Oc1ccc(cc1)C(c1ccc(cc1)*)(C)C)C)C,tg,214.96919590112748
1732,*CC(=O)OC(=O)COc1ccc(O*)cc1,egc,4.8860785514545935
1733,*c1nc2cc3c(cc2nc1c1ccccc1)nc(c(n3)c1ccccc1)c1ccc(cc1)*,tg,401.7377253697461
1734,*N1C(=O)c2c(C1=O)cc(cc2)Oc1cc2c(cc1Oc1cc3c(C(=O)N(C3=O)c3c(cc(cc3C)Cc3cc(c(c(c3)C)*)C)C)cc1)cccc2,tg,277.6651809248886
1735,*N1C(=O)c2c(C1=O)cc(cc2)OCCN(CCOc1cc2c(C(=O)N(C2=O)c2ccc(cc2)C(c2ccc(cc2)*)(C(F)(F)F)C(F)(F)F)cc1)c1ccc(cc1)C=Cc1ccc(cc1)[N+](=O)[O-],tg,182.62074284482418
1736,*Oc1ccc(Nc2ccc(C(=O)c3ccc(C(=O)c4ccc(Nc5ccc(*)cc5)cc4)cc3)cc2)cc1,egc,3.375937340913977
1737,*c1cc2c(C(=O)N(C2=O)c2ccc(cc2)Oc2ccc(cc2)N2C(=O)c3c(C2=O)cc(cc3)C(=O)Nc2ccc(cc2)Oc2ccc(cc2)C2(c3c(C(=O)N2)cccc3)c2ccc(cc2)Oc2ccc(cc2)NC(=O)*)cc1,tg,310.50186649666205
1738,*c1c2C(=O)N(C(=O)c2c(c2ccccc12)c1ccc(cc1)Oc1ccc(cc1)S(=O)(=O)c1ccc(cc1)Oc1ccc(cc1)*)c1ccc(cc1)Cl,tg,293.57375331864563
1739,*c1cc2c(C(=O)N(C2=O)c2ccc(cc2)Oc2ccc(cc2)N2C(=O)c3c(C2=O)cc(cc3)C(CCCCCCCCC(*)(C)C)(C)C)cc1,tg,206.76210111340626
1740,*C(C*)(C(=O)OCC)C#N,tg,97.40814356828587
1741,*c1n(cnc1C(=O)NCC(CNC(=O)*)(C)C)C,tg,125.50243909930546
1742,*N1C(=O)c2c(C1=O)cc(cc2)Oc1cc2c(C(=O)N(C2=O)c2cc(ccc2)P(=O)(c2cc(ccc2)*)c2ccccc2)cc1,tg,247.89949759120037
1743,*C=CC1CC(*)C(C#N)([Si](C)(C)O[Si](C)(C)C)C1,egc,5.299236462825855
1744,*Oc1cc(ccc1)NC(=O)CCCCCCCCCCC(=O)Nc1ccc(cc1)*,tg,121.9388330597491
1745,*C(C*)CC(C)(C)C,tg,72.66892650909261
1746,*CCc1ccc(O*)s1,eps,3.3791465372841554
1747,*CCO*,egb,6.526196948201547
1748,*Oc1ccc(cc1)C(c1ccc(cc1)OC(=O)*)C1C2CCC(C1)C2,tg,228.83887054436747
1749,*CNCc1ccc(*)cc1,eps,3.6803805427090825
1750,*C(=CCC*)c1ccccc1,tg,97.87653224628099
1751,*OCC(CN(CC(COCCCC*)O)c1ccc(cc1)N(C)C)O,tg,36.07888836506763
1752,*CCCOC(=O)O*,egc,7.2629870713788875
1753,*CCCCCC(=O)N*,egc,6.066157473570038
1754,*c1cc2c(C(=O)N(C2=O)c2ccc(cc2)C(=O)Nc2ccc(cc2)Oc2c(cccc2)Oc2ccc(cc2)NC(=O)c2ccc(cc2)N2C(=O)c3c(C2=O)cc(cc3)C(*)(C(F)(F)F)C(F)(F)F)cc1,tg,281.448029558681
1755,*Oc1ccc(cc1)NC(=O)c1ccc(cc1)C(=O)Nc1ccc(cc1)Oc1ccc(cc1)C(c1ccc(cc1)*)(C(F)(F)F)C(F)(F)F,tg,237.08781764647716
1756,*Cc1ccc(Nc2ccc(*)s2)s1,nc,1.8642083376307323
1757,*Oc1ccc(cc1)S(=O)(=O)c1ccc(cc1)Oc1ccc(cc1)P(=O)(c1ccc(cc1)*)c1ccccc1,tg,236.67767007327998
1758,*N1C(=O)c2c(C1=O)c(ccc2)Oc1c(cc(cc1C)c1cc(c(c(c1)C)Oc1c2c(C(=O)N(C2=O)c2c(cc(c(c2C)*)C)C)ccc1)C)C,tg,303.1179889124563
1759,*NC(Cc1c[nH]cn1)C(*)=O,egc,4.687730782184995
1760,*c1sc2cc3c(cc2n1)sc(n3)c1ccc(cc1)Oc1ccc(cc1)Oc1ccc(cc1)P(=O)(c1ccc(cc1)Oc1ccc(cc1)Oc1ccc(cc1)*)c1ccccc1,tg,309.0555006798941
1761,*N1C(=O)c2c(C1=O)cc(cc2)Oc1ccc(cc1)C(c1ccc(cc1)Oc1cc2c(C(=O)N(C2=O)c2ccc(cc2)N(c2ccc(cc2)*)c2ccc(cc2)C#N)cc1)(C(F)(F)F)C(F)(F)F,tg,253.38402297568024
1762,*C(C*)c1c(cccc1)COCCCCCCCC,tg,16.726983632093454
1763,*c1sc(nn1)c1cc(ccc1)OCCCCCCCCCCCOC(=O)c1ccc(cc1)C(=O)OCCCCCCCCCCCOc1cc(ccc1)*,tg,49.09695002142182
1764,*Oc1cc(c(cc1)CCc1ccc(cc1)OCCCCCC*)C,tg,2.16324104917816
1765,*OC1CC(c2ccccc2)CC(*)O1,egc,5.239773098573531
1766,*Nc1ccc(cc1)NC(=O)c1c(ccc(c1)c1cc(c(cc1)C(=O)O)C(=O)*)C(=O)O,tg,235.85928170329274
1767,*Oc1ccc(cc1)NC(=O)c1cc(ccc1)C(=O)Nc1ccc(cc1)Oc1ccc(cc1)C(=O)c1ccc(cc1)*,tg,182.4121344428249
1768,*c1ccc(*)cc1,ei,4.99246161527747
1769,*N=P(*)(Nc1ccccc1)Nc1ccccc1,tg,94.8361550047856
1770,*Oc1c(cc(c(c1)OC(=O)c1ccc(cc1)OCCCC)OC(=O)C(CCC(=O)*)C)OC(=O)c1ccc(cc1)OCCCC,tg,47.30903610568255
1771,*c1ccc(-c2ccc(N3C(=O)c4ccc(-c5ccc6c(c5)C(=O)N(*)C6=O)cc4C3=O)cc2C(F)(F)F)c(C(F)(F)F)c1,egc,2.8941630348119283
1772,*Nc1ccc(cc1)Nc1ccc(cc1)C(=O)c1ccc(cc1)C(=O)c1ccc(cc1)*,tg,212.64823485501614
1773,*c1cc2c(C(=O)N(C2=O)c2cc(ccc2)P(=O)(c2cc(ccc2)N2C(=O)c3c(C2=O)cc(cc3)C(=O)Nc2ccc3Cc4c(c3c2)cc(cc4)NC(=O)*)c2ccccc2)cc1,tg,244.35998288760905
1774,*NC(=O)c1ccc(C(*)=S)s1,ei,6.258405406439152
1775,*c1cc2c(C(=O)N(C2=O)c2ccc(cc2)S(=O)(=O)c2ccc(cc2)N2C(=O)c3c(C2=O)cc(cc3)C(=O)Nc2ccc(cc2)Cc2ccc(cc2)NC(=O)*)cc1,tg,294.8773120822564
1776,*c1ccc(-c2ccc([Si](C)(C)c3ccc(*)s3)s2)cc1,egc,2.7186116270270806
1777,*C(C*)C(=O)OC(OCC)C(F)(F)F,tg,3.6998511902457354
1778,*C=CC(*)(C)C,tg,53.330290143859294
1779,*OC(C*)CO,tg,-1.2423795509860973
1780,*C(C*)c1ccc(cc1)C(=O)OC,tg,104.50446225206443
1781,*CCCCCCCNC(=O)NCCCCCCNC(=O)N*,egc,5.714377681054482
1782,*c1cc2c(C(=O)N(C2=O)c2ccc(cc2)c2c(cc(cc2c2ccc(cc2)c2ccccc2)c2ccc(cc2)OCCCCCCCCCCOc2ccc(cc2)c2cc(c(c(c2)c2ccc(cc2)c2ccccc2)c2ccc(cc2)N2C(=O)c3c(C2=O)cc(cc3)C(=O)*)c2ccc(cc2)c2ccccc2)c2ccc(cc2)c2ccccc2)cc1,tg,164.45513578114878
1783,*Oc1cc2c(C(CC2(c2ccc(cc2)OC(=O)c2cc(ccc2)C(=O)*)C)(C)C)cc1,tg,232.92248258393414
1784,*CNCC(*)=S,eps,4.199073283897364
1785,*C(C(*)(C(=O)OC(C([2H])([2H])[2H])([2H])[2H])C([2H])([2H])[2H])([2H])[2H],tg,79.52117894717733
1786,*C=CC(=O)C=Cc1ccc(Sc2ccc(*)o2)o1,egc,2.8486771807433646
1787,*C(C*)OC(=O)c1ccc(cc1)OCC,tg,62.14901983576954
1788,*Oc1ccc(CC(NC(=O)CCc2ccc(OC(=O)CCCCCCC(*)=O)cc2)C(=O)OC(C)C)cc1,egc,5.1643996625423245
1789,*c1cc(CCCS(=O)(=O)O)c(*)s1,egc,2.1583341185698957
1790,*O[Ca]OC(=O)c1c(cccc1)C(=O)OCCCCCOC(=O)Nc1c(ccc(c1)NC(=O)OCCCCCOC(=O)c1c(cccc1)C(=O)*)C,tg,66.71269326527081
1791,*CNCC(S1)=CC=C1*,egc,4.3533824809969595
1792,*C(=O)c1ccc2c(c1)C(=O)N(c1ccc3c(c1)Cc1cc(N4C(=O)c5ccc(*)cc5C4=O)ccc1-3)C2=O,egc,2.4052088393476265
1793,*Oc1ccc(-c2ccc(-c3ccc(*)s3)s2)s1,egb,1.9379198901230303
1794,*Oc1ccc(cc1)N=Cc1ccc(cc1)Oc1ccc(cc1)C(c1ccc(cc1)Oc1ccc(cc1)C=Nc1ccc(cc1)*)(c1ccccc1)c1ccccc1,tg,177.18981810495126
1795,*Oc1ccc(cc1)c1ccc(cc1)Oc1ccc(cc1)C(=Nc1ccc(cc1)N=C(c1ccc(cc1)*)c1ccccc1)c1ccccc1,tg,180.7700968796962
1796,*c1oc2c(n1)ccc(c2)c1ccc2c(oc(n2)c2ccc(cc2)Oc2ccc(cc2)Oc2ccc(cc2)P(=O)(c2ccc(cc2)Oc2ccc(cc2)Oc2ccc(cc2)*)c2ccccc2)c1,tg,276.216595329909
1797,*Oc1ccc(cc1)C(=O)OCCN(CCOC(=O)c1ccc(cc1)OCC#CC#CC*)c1ccc(cc1)N=Nc1ccc(cc1)N=Nc1cc(c(c(c1)C)C#N)C,tg,125.81726423307323
1798,*OC1CCC(OC(=O)OCCCCCCOC(*)=O)CC1,egb,7.306961968971846
1799,*C1C2C(C(C(C1*)C2)C(=O)OCCc1ccccc1)C(=O)OCCc1ccccc1,tg,227.88558644940528
1800,*Oc1ccc(cc1)C(c1cc(c(cc1)OC(=O)*)Cl)(C)C,tg,145.1152187840504
1801,*C(=O)CCC=CCCC(=O)N1CCN(*)CC1,egc,5.202480755322217
1802,*C(C=C1)=CC=C1C(=S)C(S2)=CC=C2C(S3)=CC=C3*,egc,1.736291430709198
1803,*C1C(=O)N(C(=O)C1C(C*)c1ccccc1)CCCN(c1cc(c(cc1)N=Nc1ccc(cc1)[N+](=O)[O-])C)CC,tg,148.24968721476822
1804,*Oc1ccc(SC(=O)Sc2ccc(*)cc2)cc1,egc,3.785578996165498
1805,*N1C(CN(C(C1)C)C(=O)c1ccc(cc1)C(=O)*)C,tg,164.62728902413193
1806,*CC(CS(=O)(=O)CCCCC)O*,egc,5.852028147964228
1807,*c1cc2c(nc(c(n2)c2ccc(cc2)Oc2ccc(cc2)c2c(nc3c(n2)cc(cc3)C(=O)*)c2ccccc2)c2ccccc2)cc1,tg,283.47054562389553
1808,*NC(=O)c1cc(ccc1)C(=O)NCC1CC(CCC1)C*,tg,165.17985780147822
1809,*C(C*)(C(=O)OCCCC)C#N,tg,82.70981010711277
1810,*Cc1cccc(*)c1O,egc,3.9656600577885732
1811,*C(=O)C(C=C1)=CC=C1C(S2)=CC=C2C(S3)=CC=C3*,egc,2.41770887884565
1812,*C(C*)(C(=O)OCCCC)C,tg,12.828865718984906
1813,*C(=O)c1ccc(C(=O)c2ccc(*)s2)s1,eea,3.313718839816154
1814,*Oc1cc(ccc1)Oc1ccc(cc1)S(=O)(=O)c1ccc(cc1)*,tg,170.6790919018079
1815,*c1cc2c(C(=O)N(C2=O)C2C(CC(CC2)CC2CC(C(CC2)N2C(=O)c3c(C2=O)cc(cc3)C(*)(C(F)(F)F)C(F)(F)F)C)C)cc1,tg,253.7517618160884
1816,*C=C(C)CC(C#N)CC*,egc,5.234473626899656
1817,*OC(=O)C=Cc1ccc(cc1)C=CC(=O)OCCN(CC*)c1ccc(cc1)N=Nc1ccc(cc1)[N+](=O)[O-],tg,130.30960226270128
1818,*C(C*)(C(=O)OCc1cc(cc(c1)Cl)Cl)C,tg,53.80229038024786
1819,*N1C(=O)c2c(C1=O)cc(cc2)Oc1cc2c(cc1)ccc(c2)Oc1cc2c(C(=O)N(C2=O)c2ccc(cc2)Oc2ccc(cc2)c2ccc(cc2)Oc2ccc(cc2)*)cc1,tg,230.24293052371695
1820,*CCC(O*)(C(F)(F)F)C(F)(F)F,egc,7.924006002176434
1821,*Nc1ccc(-c2ccc(O*)cc2)cc1,egb,3.5911303099210343
1822,*c1cc2c(C(=O)N(C2=O)N2C(=O)c3c(C2=O)cc(cc3)Oc2ccc(cc2)C(c2ccc(cc2)O*)(C)C)cc1,tg,224.2631048630548
1823,*OC(=O)OCC(C(C(C(C*)(F)F)(F)F)(F)F)(F)F,tg,-18.80427630939625
1824,*c1oc(cc1)COC(=O)NCc1oc(cc1)CNC(=O)OC*,tg,53.650772458334515
1825,*Nc1ccc(-c2ccc(-c3ccc(*)s3)cc2)cc1,nc,2.328927769996467
1826,*CCCCCCCCCCOCCCCCCCCCCOCCCCO*,egc,6.005399491878865
1827,*C(F)(F)C(F)(F)NC(=S)*,egc,3.6683493822075306
1828,*C(=O)c1ccc(C(=S)c2ccc(*)cc2)cc1,nc,2.1179352792457613
1829,*c1cc2c(C(=O)N(C2=O)c2cc(ccc2)Oc2c(c(ccc2)Oc2cc(ccc2)N2C(=O)c3c(C2=O)cc(cc3)C(=O)Nc2cc(ccc2)Oc2c(c(ccc2)Oc2cc(ccc2)NC(=O)*)C#N)C#N)cc1,tg,209.73616704277973
1830,*N1C(=O)c2c(C1=O)cc(cc2)Oc1cc2c(C(=O)N(C2=O)c2ccc(cc2)Oc2ccc(cc2)C(=O)c2cc(ccc2)*)cc1,tg,231.51924966618898
1831,*CCCOC(=O)CCCCCCCC(=O)O*,egc,6.881630359300441
1832,*O[Si](*)(CCCOc1ccc(cc1)C(=O)Oc1ccc(cc1)c1ccc(cc1)OC(=O)c1cc(c(c(c1)OCCCCCCCCCCCC)OCCCCCCCCCCCC)OCCCCCCCCCCCC)C,tg,47.820699103187025
1833,*CC(=O)Cc1ccc(*)s1,egb,3.762100313759854
1834,*CNOC(=S)*,egc,4.034092795283412
1835,*Oc1cc(ccc1)NC(=O)CCCC(=O)Nc1cc(ccc1)OCC(COc1ccc(cc1)C(c1ccc(cc1)OCC(C*)O)(C)C)O,tg,105.16944185110759
1836,*NC(=S)NO*,ei,6.342817950290502
1837,*CCCCCCCCCCCCOC(=O)CCCCCNC(=O)CCCCC(=O)NCCCCCC(=O)O*,egc,5.891733937101501
1838,*CCCCCCCCCCNC(=O)CCCCCCCCCCCCC(=O)N*,egc,5.945814961693776
1839,*Oc1c2c(c(cc1)c1c3c(c(cc1)OCCCCCC*)cccc3)cccc2,tg,138.67948260760733
1840,*O[Si](O[Si](O[Si](*)(c1c(c(c(c(c1F)F)F)F)F)c1c(c(c(c(c1F)F)F)F)F)(C)C)(C)C,tg,-50.78321433125158
1841,*N=P(*)(OCCOCCOC)OCCOCCOC,tg,-98.67130784084536
1842,*c1cc2c(C(=O)N(C2=O)c2ccc(cc2)Oc2ccc(cc2)S(=O)(=O)c2ccc(cc2)Oc2ccc(cc2)N2C(=O)c3c(C2=O)cc(cc3)C(=O)c2cc(ccc2)C(=O)*)cc1,tg,239.89745977305577
1843,*Oc1ccc(cc1)NC(=O)c1ccc(cc1)Oc1ccc(cc1)C(c1ccc(cc1)C(c1ccc(cc1)Oc1ccc(cc1)C(=O)Nc1ccc(cc1)Oc1ccc(cc1)C(c1ccc(cc1)*)(C)C)(C)C)(C)C,tg,178.40487738364095
1844,*Nc1cc(ccc1)NC(=O)c1cc(ccc1)C(=O)Nc1cc(ccc1)NC(=S)NC(=O)c1ccc(cc1)C(=O)NC(=S)*,tg,251.7041476564224
1845,*Oc1ccc(cc1)N=Cc1ccc(cc1)Oc1ccc(cc1)C(c1ccc(cc1)Oc1ccc(cc1)C=Nc1ccc(cc1)Oc1ccc(cc1)c1ccc(cc1)*)(C)C,tg,168.8209918671522
1846,*C(C*)(C(=O)OCCCCl)C,tg,33.6682150728033
1847,*c1nc2c([nH]1)ccc(c2)N1C(=O)c2c(C1=O)cc(cc2)Oc1ccc(cc1)C(c1ccc(cc1)Oc1cc2c(C(=O)N(C2=O)c2ccc(cc2)*)cc1)(C)C,tg,301.42728485416313
1848,*c1ccc2N(c3c(Sc2c1)cc(cc3)c1sc(c(c1CCCCCC)CCCCCC)C=CC1=CC(=C(C#N)C#N)C=C(O1)C=Cc1sc(c(c1CCCCCC)CCCCCC)*)CCCCCC,tg,131.59273921422073
1849,*CC(S1)=CC=C1C(C=C2)=CC=C2O*,egc,3.7274394527472268
1850,*CC(=O)O*,egb,6.725980024140535
1851,*O[Si](*)(CCCOCCOCCOCCOCCOCCOC)CCCOCCOCCOCCOCCOCCOC,tg,-74.03985481456293
1852,*CNON*,ei,5.941472263002177
1853,*C(C*)(C(=O)OCc1occc1)C,tg,81.6928255255867
1854,*C(C*)(C(=O)OCCCCCCCCCCCCCCC(=O)NC1OC(C(C(C1OC(=O)C)OC(=O)C)OC1OC(C(C(C1OC(=O)C)OC(=O)C)OC(=O)C)COC(=O)C)COC(=O)C)C,tg,93.76961619555127
1855,*CC(=O)C1CCC(*)C1=O,egc,5.373784834181366
1856,*Oc1ccc(cc1)S(=O)(=O)c1ccc(cc1)Oc1ccc(cc1)C(c1ccc(cc1)*)C(C)C,tg,180.87484825983978
1857,*C=Cc1ccc(C=Cc2cc(OCCCCCCCCCCCC)c(*)cc2OC)cc1,egc,2.427855107987721
1858,*c1ccc(-c2ccc(-c3ccc(-c4ccc(*)s4)cc3)s2)cc1,ei,5.0718107036260465
1859,*CC(*)OC(=O)C(Cl)(Cl)Cl,egc,6.273347899316404
1860,*C(=S)c1ccc(C(=S)c2ccc(*)cc2)s1,ei,5.499425103041192
1861,*Oc1ccc(cc1)C(=O)Nc1cc(cc(c1)c1nc2c([nH]1)cccc2)NC(=O)c1ccc(cc1)OCCOCCOCCOCC*,tg,147.08373011949607
1862,*CCOCCOC(=O)CC(=O)O*,egc,6.141827594942791
1863,*OC(=O)C(NC(=O)C*)C,tg,69.13177111908296
1864,*c1ccc2n(c3c(c2c1)cc(cc3)C=C(C(=O)OCCCCCCOC(=O)C(=C*)C#N)C#N)CCCCCCC,tg,47.687552055749386
1865,*c1n(c(nn1)c1ccc(cc1)Oc1ccc(cc1)C(c1ccc(cc1)Oc1ccc(cc1)*)(C(F)(F)F)C(F)(F)F)c1ccccc1,tg,215.1402239172584
1866,*OC(C*)COC(=O)c1ccc(cc1)N1C(=O)C2C(C1=O)C1C=CC2C1,tg,146.81664686494415
1867,*Oc1cc(ccc1)C(C(C(c1cc(ccc1)OC(=O)*)(F)F)(F)F)(F)F,tg,91.10398387648884
1868,*c1cc2c(C(=O)N(C2=O)C2CCC(CC2)CC2CCC(CC2)N2C(=O)c3c(C2=O)cc(cc3)C(*)(C(F)(F)F)C(F)(F)F)cc1,tg,264.2423888139832
1869,*Oc1ccc(cc1)C1(c2ccccc2c2ccccc12)c1ccc(cc1)OC(=O)CCCCCCC(=O)*,tg,145.14466736016507
1870,*Nc1cc(NC(=O)c2ccc(C(*)=O)cc2)c(N)cc1N,egc,3.449221929019288
1871,*C1C(=O)NC(=O)C1C(C*)c1ccccc1,tg,185.02109897080018
1872,*C(C*)(C(=O)OCCCCCCCCCCOc1ccc(cc1)N=Nc1ccccc1)C,tg,46.86655278255699
1873,*c1[nH]c(*)c2c1CCC2,egc,2.7702793824496843
1874,*Oc1ccc(cc1)CC(NC(=O)CCc1ccc(cc1)OC(=O)COCCOCC(=O)*)C(=O)OCCOCCOCC,tg,12.04523152600692
1875,*c1sc(cc1C)*,tg,104.25881150183228
1876,*c1ccc2c(c1)SC1(CCC3(CC1)Nc1ccc(*)cc1S3)N2,egc,3.5559531231972006
1877,*c1ccc(-c2ccc(-c3ccc(*)s3)s2)cc1,egc,2.319914556471631
1878,*C(C*)(C(=O)OCc1ccccc1)C,tg,38.45581781742593
1879,*c1oc(cc1)CC*,tg,39.5996305077831
1880,*Oc1ccc(cc1)C1(C2C3C(CCC3)C(C1)C2)c1ccc(cc1)OC(=O)c1ccc(cc1)C(=O)*,tg,275.4814559412913
1881,*Nc1cccc(C(*)=O)c1,ei,6.130948251579155
1882,*C(C*)(C(=O)OCc1ccc2n(c3c(c2c1)cccc3)CCCC)C,tg,87.8577339863021
1883,*c1ccc(-c2ccc(-c3ccc(-c4ccc(*)s4)s3)cc2)cc1,eps,7.59541696531614
1884,*C1C(CC(C1)C=C*)C(=O)OC,tg,56.117117226599376
1885,*N1C(=O)c2c(C1=O)c(ccc2)Oc1c(cc(cc1C)c1cc(c(c(c1)C)Oc1c2c(C(=O)N(C2=O)c2c(cc(cc2C)Cc2cc(c(c(c2)C)*)C)C)ccc1)C)C,tg,302.59376334201727
1886,*N1C(=O)c2c(C1=O)cc(cc2)c1cc2c(C(=O)N(C2=O)c2c(ccc(c2)*)Oc2ccc(cc2)C(c2ccccc2)(C)C)cc1,tg,283.8704021342492
1887,*NNC(=O)C=CC(=O)Nc1ccc(NC(=O)C=CC(*)=O)cc1,egc,2.9410838857505337
1888,*Oc1c(cc(cc1C)c1cc(c(c(c1)C)Oc1ccc(cc1)C(=O)c1c(cccc1)c1c(cccc1)C(=O)c1ccc(cc1)*)C)C,tg,229.7201541791141
1889,*N1C(=O)c2c(C1=O)cc(cc2)Oc1cc2c(C(=O)N(C2=O)c2ccc(cc2)Sc2sc(cc2)Sc2ccc(cc2)*)cc1,tg,212.27971783485978
1890,*c1cc(OCCCC)c(*)s1,egc,2.2384894219243687
1891,*c1[nH]c(nc1c1ccc(cc1)Oc1ccc(cc1)C(=O)c1ccc(cc1)Oc1ccc(cc1)*)c1ccccc1,tg,249.7298167030721
1892,*Nc1ccc(cc1)Cc1ccc(cc1)NC(=O)c1cc(cc(c1)NC(=O)C(C(CC)C)N1C(=O)c2c(C1=O)cccc2)C(=O)*,tg,208.10606380080483
1893,*CCCCCCOc1ccc(C(=O)OC(=O)c2ccc(O*)cc2)cc1,egc,4.302941507045338
1894,*C(=O)c1ccc(Oc2ccc(*)s2)s1,nc,2.123334569664125
1895,*C(C*)c1ccc(cc1)COCCCC,tg,4.914926121653026
1896,*CCOCCOCCOCCOCCOCCOC(=O)NCCCCCCNC(=O)O*,egc,6.097448817362155
1897,*OP(=O)(N=Nc1ccc(cc1)c1ccc(cc1)N=NP(=O)(OCC1CCC(CC1)C*)OC)OC,tg,54.17962890324695
1898,*OC(CC*)C,tg,-59.74522265880866
1899,*c1ccc(-c2cnc3cc4nc(*)cnc4cc3n2)cc1,egc,2.826315570601476
1900,*CCCCCCCCC(=O)NCCCCCCNC(=O)CCCCO*,egc,5.832075825363123
1901,*c1cc2c(C(=O)N(C2=O)c2c(ccc(c2)N2C(=O)c3c(C2=O)cc(cc3)C(=O)Nc2ccc(cc2)Cc2ccc(cc2)NC(=O)*)N=Nc2ccc(cc2)C)cc1,tg,277.1492460331445
1902,*Nc1ccc(cc1)Cc1ccc(cc1)NC(=O)c1cc(cc(c1)NC(=O)CCCN1C(=O)c2c(C1=O)cccc2)C(=O)*,tg,217.38147836012547
1903,*OC(=O)CCCCCCC(=O)OCCOCC*,tg,-65.43877764017329
1904,*C(CC(C*)C)(C(=O)OC)C,tg,58.419398276631384
1905,*C(C*)C(=O)Oc1ccc(cc1)C(=O)Oc1ccc(cc1)OC(=O)c1ccc(cc1)OCCCCC,tg,46.77865990111135
1906,*c1cc2c(C(=O)N(C2=O)c2ccc(cc2)OCCCCCCOc2ccc(cc2)N2C(=O)c3c(C2=O)cc(cc3)C(*)(C(F)(F)F)C(F)(F)F)cc1,tg,155.59058903733495
1907,*CCCCCOC(=O)CCCCC(=O)O*,egc,6.789285858355274
1908,*CCC(C)O*,egc,6.19452774525524
1909,*Oc1ccc(cc1)NC(=O)c1cc(ccc1)C(=O)Nc1ccc(cc1)OCCCCCCCC*,tg,122.3159696175529
1910,*NC(COC(C)=O)C(*)=O,egc,5.939080368009181
1911,*NOC(=S)O*,eps,5.144137140284087
1912,*Oc1ccc(Oc2ccc(*)cc2)cc1,egb,3.9375600334271073
1913,*C(C*)(C(=O)OCCCCCCOc1ccc(cc1)C(=O)Oc1ccc(cc1)C(=O)C=Cc1c(c2c(n1C)cccc2)C)C,tg,77.06035357706996
1914,*C1OC(CO1)CCCCOC(=O)CCCCCCC*,tg,-31.0586733834467
1915,*C1(F)OC(C(F)(F)F)(C(F)(F)Cl)OC1(*)F,egb,7.917222815487692
1916,*CCCOC(=O)CCCCCCCCOC(=O)CCCOC(=O)CCCCCCCCOC(*)=O,eea,0.9487033840909364
1917,*c1nc(CCCCCC)c(-c2sc(*)nc2CCCCCC)s1,egc,2.646519357695341
1918,*C1CC2CC(CC(C1)O2)OC(=O)Oc1ccc(cc1)C(c1ccc(cc1)OC(=O)O*)(C)C,tg,141.36244805205314
1919,*c1ccc(C2C(C(=O)OC)C(*)C2C(=O)OC)cc1,egc,4.715878966249159
1920,*NC(=O)Nc1ccc(*)cc1,eps,4.7596832736225405
1921,*C(C*)(C(=O)OCCCOc1cc2c(cc1)cc(cc2)C(=O)Oc1ccccc1)C,tg,69.48352906159758
1922,*c1ccc2c(*)c(C)[nH]c2c1,egc,3.200452586351412
1923,*CC(*)(C)C(=O)OC(C(F)(F)F)C(F)(F)F,egc,6.37508034428183
1924,*c1cc(CCCCCCCCCCCCCCC)c(*)s1,egc,2.7173627934276885
1925,*OP(=O)(Oc1ccc(-c2ccc(*)cc2)cc1)c1ccccc1,egc,4.269703733733241
1926,*C(C*)(CC(=O)OC1CCCCCC1)C(=O)OC1CCCCCC1,tg,116.95578229517663
1927,*Oc1ccc(cc1)Oc1ccc(cc1)C(=O)c1cc(ccc1)NC(=O)CCCCCCCCC(=O)Nc1cc(ccc1)C(=O)c1ccc(cc1)*,tg,138.94867824307266
1928,*NC(=O)OC(=S)*,egc,3.7395681289834983
1929,*NC(=O)CCCCCCCCCCC(=O)NCCCCCCCC*,tg,43.26855404589763
1930,*Oc1cccc(Oc2ccc3c(=O)n4c5cc(Oc6ccc7c(c6)nc6c8ccc(*)c9cccc(c(=O)n76)c98)ccc5nc4c4cccc2c34)c1,egc,2.710159139865622
1931,*CCCCCCCCCCCCCCCCOC(=O)CCC=CCCC(=O)O*,egc,6.048624531171248
1932,*CC(CCC)C(CCC)COC(=O)c1ccc(C(=O)O*)cc1,egc,4.794156299851859
1933,*C(=O)Nc1cccc(NC(=O)c2ccc3c(c2)C(=O)N(c2cc(-c4nc5ccccc5o4)cc(N4C(=O)c5ccc(*)cc5C4=O)c2)C3=O)n1,egc,2.9189698882174007
1934,*N1C(=O)c2c(C1=O)c(ccc2)Oc1ccc(cc1)Oc1c2c(C(=O)N(C2=O)c2ccc(cc2)Oc2ccc(cc2)*)ccc1,tg,240.1482778208594
1935,*CCOCCOCCOC(=O)CCCCS(=O)(=O)CCCCC(=O)O*,egc,6.370167721835831
1936,*CC(CC(*)(C#N)C#N)c1ccc(Cl)cc1,egc,5.102707755684262
1937,*C(C*)OC(=O)OCCC(C(C(C(C(C(F)(F)F)(F)F)(F)F)(F)F)(F)F)(F)F,tg,14.883949470562985
1938,*C(C(CCCCCCCC*)Cl)Cl,tg,-28.08810035422547
1939,*c1cccc(-c2ccc(-c3ccc(*)s3)s2)n1,egc,2.8113156001827404
1940,*Nc1ccc(cc1)Cc1ccc(cc1)NC(=O)c1cc(cc(c1)N1C(=O)C2C(C1=O)C1C=CC2C1)C(=O)*,tg,285.85986643383427
1941,*Oc1ccc(C2(c3ccc(OC(=O)c4cccc(C(*)=O)c4)c(C)c3)c3ccccc3-c3ccccc32)cc1C,egc,3.685022945553432
1942,*c1ncc(nc1)C1C(C(C1c1ccccc1)*)c1ccccc1,tg,206.15302149086884
1943,*CC(*)c1cc(Br)ccc1OCC,egc,3.562907653542676
1944,*N1C(=O)c2c(C1=O)cc(cc2)Oc1cc2c(cc1)ccc(c2)Oc1cc2c(C(=O)N(C2=O)c2cc(ccc2)Oc2ccc(cc2)*)cc1,tg,226.21827437509137
1945,*c1c(nc2c(n1)cc(cc2)Oc1ccc(cc1)NC(=O)c1cc2c(C(=O)N(C2=O)c2ccc(cc2)C(c2ccc(cc2)N2C(=O)c3c(C2=O)cc(cc3)C(=O)Nc2ccc(cc2)Oc2cc3c(nc(c(n3)c3ccc(cc3)*)c3ccccc3)cc2)(C(F)(F)F)C(F)(F)F)cc1)c1ccccc1,tg,290.7411360902788
1946,*C=CCCCCCCC(Cl)CCCCCC*,egc,5.943827629747164
1947,*Oc1c(cc(cc1)C(c1cc(c(cc1)OCC(C*)O)Cl)(C)C)Cl,tg,114.86434880195142
1948,*Nc1ccc(C(=O)c2ccc(*)s2)cc1,ei,5.691639073220763
1949,*C(C*)C(=O)OCCC(C(C(C(C(C(C(C(F)(F)F)(F)F)(F)F)(F)F)(F)F)(F)F)(F)F)(F)F,tg,-2.786514103275736
1950,*OC(=O)c1ccc(cc1)CC(=O)OCC(C*)(C)C,tg,38.47738113323793
1951,*Cc1ccc(-c2ccc(-c3ccc(*)s3)cc2)cc1,egb,2.8556902142735745
1952,*C(C*)(C(=O)OCCC(C(C(C(C(C(C(C(F)(F)F)(F)F)(F)F)(F)F)(F)F)(F)F)(F)F)(F)F)C,tg,35.599433931117574
1953,*N1C(=O)c2c(C1=O)c(c(c(c2c1ccccc1)c1ccccc1)c1ccc(cc1)c1c(c2c(C(=O)N(C2=O)c2ccc(cc2)*)c(c1c1ccccc1)c1ccccc1)c1ccccc1)c1ccccc1,tg,383.80974354010453
1954,*Oc1ccc(-c2ccc(C(*)=O)s2)cc1,eea,2.9606979312089665
1955,*c1oc(nn1)c1ccc(cc1)c1oc(nn1)CCCCCOc1c(cc(cc1)OCCCCC*)C,tg,113.07209146429301
1956,*Cc1ccc(C(=S)c2ccc(*)s2)cc1,nc,1.9528162858284697
1957,*C(C*)c1ccc(cc1)C(=O)c1ccc(cc1)OC,tg,104.0558128913747
1958,*c1ccc(*)nn1,egc,3.507206061817918
1959,*c1cc2c(C(=O)N(C2=O)c2cc(ccc2)N2C(=O)c3c(C2=O)cc(cc3)C(=O)OCCN(CCOC(=O)*)c2ccc(cc2)N=Nc2ccc(cc2)C)cc1,tg,172.59249679755814
1960,*Oc1ccc(cc1)C(c1ccc(cc1)OC(=O)SCCCCCCSC(=O)*)(C)C,tg,69.61133896567374
1961,*CNOc1ccc(*)cc1,eea,0.8456573360739028
1962,*Cc1ccc(C(=S)O*)cc1,eps,4.067578666747002
1963,*c1ccc2c(c1)c1ccccc1n2*,egc,3.087809953266848
1964,*CCCCCNC(=O)c1cccc(C(=O)N*)c1,egc,5.053969438059632
1965,*c1cc2c(C(=O)N(C2=O)c2ccc(cc2)C(=O)OCCCCCCOC(=O)*)cc1,tg,82.01693323930786
1966,*CNC(C=C1)=CC=C1C(S2)=CC=C2*,egc,3.5260717354298317
1967,*Oc1ccc(C(c2ccc(OC(*)=O)cc2)C(Cl)Cl)cc1,egc,5.0055188391971175
1968,*c1nc2c(nc1)cc(cc2)Oc1ccc2c(nc(cn2)c2ccc(cc2)Oc2ccc(cc2)*)c1,tg,260.01648653890265
1969,*OOC(C*)c1ccc(cc1)C,tg,18.76821009731193
1970,*CC(=O)c1ccc(-c2ccc(*)s2)s1,ei,5.924188731823909
1971,*C=Cc1ccc(*)n1C,egc,2.5278219433693
1972,*N1C(=O)c2c(C1=O)cc(cc2)c1cc2c(C(=O)N(C2=O)c2cc(c(c(c2)C(=O)OCCCCCCCCCCCCCC)c2c(cc(cc2Br)*)C(=O)OCCCCCCCCCCCCCC)Br)cc1,tg,94.81306521138632
1973,*OC(=O)CCCCCCCCCCCC*,tg,-48.87278409894999
1974,*c1cc(-c2ccc(CCCCCCCC)cc2)c(*)s1,egc,2.5790760503360084
1975,*C(=O)c1ccc(Oc2ccc(*)s2)cc1,egb,2.7012630293366247
1976,*c1cc2c(C(=O)N(C2=O)c2c(cc(c(c2C)N2C(=O)c3c(C2=O)cc(cc3)C(=O)Nc2c(cc(c(c2C)NC(=O)*)C)C)C)C)cc1,tg,340.3757709434836
1977,*CO*,nc,1.6309907428008688
1978,*c1nc2c([nH]1)ccc(c2)NC(=O)c1ccc(cc1)OCCOc1ccc(cc1)C(=O)Nc1cc(ccc1)*,tg,229.3608091519836
1979,*[SiH](C#Cc1cc(ccc1)C#C*)c1ccccc1,tg,90.4296813241064
1980,*N1C(=O)c2c(C1=O)c(ccc2)c1cc2c(C(=O)N(C2=O)c2cc(ccc2)C(=O)Nc2ccc(cc2)Oc2ccc(cc2)S(=O)(=O)c2ccc(cc2)Oc2ccc(cc2)NC(=O)c2cc(ccc2)*)cc1,tg,269.0292127759227
1981,*Oc1ccc(cc1)C(c1ccc(cc1)OC(=O)*)C(Cl)Cl,tg,182.53165105914684
1982,*Nc1cc(cc(c1)c1oc(nn1)c1ncccc1)NC(=O)CCCCCCCCC(=O)*,tg,143.28528572443759
1983,*Oc1c(cc(c(c1)OC(=O)c1ccc(cc1)OC)OC(=O)CCCC(=O)*)OC(=O)c1ccc(cc1)OC,tg,67.83318558025407
1984,*OC(F)(F)OC(F)(F)C(*)(F)F,egc,8.615972456849764
1985,*c1nc(C)nc(N(*)C)n1,egc,4.910513583243758
1986,*CNCC(*)=O,eps,3.7815076209230623
1987,*OC1C(C)(C)C(OC(=O)C2CCC(C(*)=O)CC2)C1(C)C,egc,6.442268568273533
1988,*CNC(=O)ONC(=O)NO*,eea,1.339811627958964
1989,*c1ccc2oc(-c3ccc4nc(*)oc4c3)nc2c1,ei,6.0536512937637434
1990,*CCc1ccc(*)c(F)c1,egc,4.054373383193693
1991,*OCC(C*)(CCl)CCl,tg,20.360110335719483
1992,*NC(C=C1)=CC=C1C(=O)O*,egc,3.9057497161988515
1993,*C(C*)OC(=O)CCl,tg,34.84400235371506
1994,*NC(=O)Oc1ccc(*)s1,eea,1.4473064935715994
1995,*OC1CCC(CC1)OC(=O)*,tg,128.38261734744924
1996,*CC(=O)Cc1ccc(*)cc1,egb,4.013685340569682
1997,*c1cc(-c2ccc(OCCCC)cc2)c(*)s1,egc,2.573421146788432
1998,*CCC(=O)OCCOC(=O)CCN1CCN(*)CC1,egc,5.524649283829219
1999,*c1nc2c(nc1)ccc(c2)c1ccc2c(nc(cn2)c2ccc(cc2)Oc2ccc(cc2)*)c1,tg,259.88352921231456
2000,*CCCCCCCCCNC(=O)CCCCCC(=O)N*,egc,5.892379747501975
2001,*Oc1ccc(cc1)C1(c2ccccc2c2ccccc12)c1ccc(cc1)Oc1ccc(cc1)C(=O)c1c(c(c(c(c1c1ccc(cc1)F)c1ccc(cc1)F)c1ccc(cc1)F)c1ccc(cc1)F)C(=O)c1ccc(cc1)*,tg,282.1287574075134
2002,*[Si](CCC*)(C)C,tg,-69.66974906397077
2003,*CCCCCCCCCCOC(=O)CCCCC(=O)O*,egc,6.78469848070981
2004,*c1cc2c(oc(n2)c2ccc(cc2)C(c2ccc(cc2)c2oc3c(n2)cc(cc3)C(*)(C(F)(F)F)C(F)(F)F)(c2ccccc2)C(F)(F)F)cc1,tg,341.07122789764924
2005,*C(C*)(C(=O)OCc1c(cccc1F)F)C,tg,61.468017269723575
2006,*Oc1ccc(OC(=O)Oc2ccc(OC(*)=O)cc2)cc1C,egc,4.832890366902818
2007,*NC(=O)CCCCCCCCCCC(=O)NCCCCCCCCCC*,tg,42.23876808106073
2008,*N1C(=O)c2c(C1=O)cc(cc2)c1cc2c(C(=O)N(C2=O)c2ccc(cc2)Oc2ccc(cc2)C(=O)c2cc(ccc2)C(=O)c2ccc(cc2)Oc2ccc(cc2)*)cc1,tg,218.49239282315318
2009,*Oc1ccc(cc1)S(=O)(=O)c1ccc(cc1)OCC(COc1c(cc(cc1C)C(c1cc(c(c(c1)C)OCC(C*)O)C)(C)C)C)O,tg,148.7896892123438
2010,*C1C2C(ON1C)C(=O)N(C2=O)c1ccc(cc1)N1C(=O)C2C(C(N(O2)C)c2ccc(cc2)*)C1=O,tg,286.8326756513044
2011,*c1ccc(-c2ccc(-c3ccc(-c4ccc(*)s4)cc3)s2)cc1,eps,6.144590937082513
2012,*NC(=O)c1cc(cc(c1)C(C)(C)C)C(=O)NCC1CCC(CC1)C*,tg,176.94535646827592
2013,*OC(=O)CCCCCCCCCC*,tg,-45.65086121979479
2014,*c1cc2c(C(=O)N(C2=O)c2c(cccc2)Oc2ccc(cc2)N2C(=O)c3c(C2=O)cc(cc3)C(*)(C(F)(F)F)C(F)(F)F)cc1,tg,299.602852653257
2015,*Oc1ccc(cc1)Nc1ccc(cc1)C(=O)c1ccc(cc1)C(=O)c1ccc(cc1)Nc1ccc(cc1)*,tg,187.84235077572976
2016,*OP(=O)(N=Nc1ccc(cc1)c1ccc(cc1)N=NP(=O)(OCCOCC*)OC)OC,tg,25.197388690936524
2017,*NC(=O)C(C=C1)=CC=C1C(=S)*,egc,3.0646866611732717
2018,*OC(COC(=O)/C=C\C(=O)*)C,tg,19.04716518962228
2019,*C(C*)c1c(ccc(c1)C(=O)Oc1ccc(cc1)OCCCCCCCCCCCCCC)C(=O)Oc1ccc(cc1)OCCCCCCCCCCCCCC,tg,103.01387061770129
2020,*CCCCCCCCOC(=O)CCCCC(=O)O*,egc,6.673073905937715
2021,*CC(O)COc1ccc(C(C)(C)c2ccc(O*)c(Cl)c2)cc1Cl,egc,4.535455274214412
2022,*c1cc2c(C(=O)N(C2=O)c2ccc(cc2)OCCOCCOc2ccc(cc2)N2C(=O)c3c(C2=O)cc(cc3)C(*)(C(F)(F)F)C(F)(F)F)cc1,tg,168.6649462647918
2023,*C(C*)(C(=O)OCCCCCCCCCCn1c2ccc(cc2c2ccccc12)C=CC1=C(C(=C(C#N)C#N)OC1(C)C)C#N)C,tg,72.03298359019753
2024,*C=Cc1ccc(*)c2c1C(=O)OC2=O,egc,3.888183360160219
2025,*Cc1ccc(Nc2ccc(*)s2)s1,eps,3.8475191729005522
2026,*c1oc(nn1)c1ccc(cc1)C(=O)OCCCCCCOc1ccc(cc1)C=CC(=O)C=Cc1ccc(cc1)OCCCCCCOC(=O)c1ccc(cc1)*,tg,68.53066646366302
2027,*CCCCCCCCCCCCNC(=O)CC(=O)N*,egc,5.9813722313505515
2028,*CCCCCCCCCOC(=O)NCCCCCCNC(=O)O*,egc,6.310092478404283
2029,*C(C*)(C(=O)OCC(C(C(C(F)F)(F)F)(F)F)(F)F)F,tg,55.785920318816096
2030,*c1cc2c(C(=O)N(C2=O)c2cc(ccc2)Oc2ccc(cc2)N2C(=O)c3c(C2=O)cc(cc3)c2c(c(c(c(c2c2ccccc2)c2ccccc2)c2ccc(cc2)Sc2ccc(cc2)c2c(c(c(c(c2c2ccccc2)c2ccccc2)*)c2ccccc2)c2ccccc2)c2ccccc2)c2ccccc2)cc1,tg,294.9218294323775
2031,*C(C*)c1c(ccc(c1)Br)OCCC(C)C,tg,73.0681733334744
2032,*c1c2C(=O)N(C(=O)c2c(c2ccccc12)c1ccc(cc1)Oc1ccc(cc1)S(=O)(=O)c1ccc(cc1)Oc1ccc(cc1)*)C,tg,283.52897485741306
2033,*Oc1c2c(c(cc1)S(=O)(=O)c1ccc(cc1)*)cccc2,tg,223.86387819074065
2034,*C(=O)c1ccc2c(c1)C(=O)N(c1ccc(-c3ccc(N4C(=O)c5ccc(*)cc5C4=O)cc3)cc1)C2=O,egc,2.5585924283551824
2035,*OP(=O)(OCCCCCCOc1c(cc(cc1)C=C1C(=O)C(=Cc2cc(c(cc2)OCCCCCC*)OC)CC1)OC)OC,tg,67.2318602665702
2036,*c1ncc(cc1)C(=O)Nc1ccc(cc1)Oc1ccc(cc1)C(=O)c1ccc(cc1)Oc1ccc(cc1)NC(=O)*,tg,209.77634515140795
2037,*CCC(=O)OC(=O)CCc1ccc(*)o1,egc,4.982276014354652
2038,*CCC(S1)=CC=C1C(=S)*,egc,2.6702117484144945
2039,*c1cc(N2C(=O)c3ccc(-c4ccc5c(c4)C(=O)N(*)C5=O)cc3C2=O)c(O)cc1O,egc,2.7846429228323677
2040,*NC(=O)CC(CCCCCC(=O)NCc1c(c(c(c(c1C)C)C*)C)C)C,tg,122.416203376959
2041,*Oc1c(cc(cc1)C1(c2ccccc2c2ccccc12)c1cc(c(cc1)OC(=O)c1cc(ccc1)C(=O)*)C)C,tg,249.715637615709
2042,*Oc1ccc(C(=O)OC(=O)c2ccc(*)cc2)cc1,egc,4.264107118566151
2043,*c1ccc(cc1)C(=Cc1c(cc(c(c1)OC)C=C(*)c1ccc(cc1)C(F)(F)F)OC)c1ccc(cc1)C(F)(F)F,tg,165.56842270852516
2044,*C=Nc1ccc(N=Cc2ccc(-c3ccc(*)o3)o2)cc1,egc,2.303137581610359
2045,*NC(=O)CCCCCCCCC(=O)NCc1ccc(cc1)C*,tg,100.45955267719432
2046,*Oc1ccc(cc1)c1ccc(cc1)Oc1ccc(cc1)C(=O)c1c(c(c(c(c1c1ccccc1)c1cc2c(cc1)cccc2)c1cc2c(cc1)cccc2)c1ccccc1)C(=O)c1ccc(cc1)*,tg,292.40298410247004
2047,*Cc1ccc(NC(*)=S)s1,ei,5.196585971545494
2048,*O[Si](O[Si](c1ccc(cc1)[Si](*)(C)C)(C)C)(CCC(C(C(C(C(C(F)(F)F)(F)F)(F)F)(F)F)(F)F)(F)F)C,tg,-11.859866285002136
2049,*c1ccc(*)cc1,eea,1.8376427947109162
2050,*c1cc2c(C(=O)N(C2=O)c2c(cc(cc2C)c2cc(c(c(c2)C)N2C(=O)c3c(C2=O)cc(cc3)C(*)(C(F)(F)F)C(F)(F)F)C)C)cc1,tg,382.6451750328807
2051,*Nc1ccc(*)cc1Cl,egc,3.6686433727088623
2052,*C=C(*)C#N,egc,2.4932019284031646
2053,*Oc1ccc(cc1)NC(=O)c1ccc(cc1)P(=O)(c1ccc(cc1)C(=O)Nc1ccc(cc1)*)c1ccccc1,tg,242.48456077550614
2054,*Oc1ccc(Cc2ccc(*)cc2)cc1,egc,4.912030426180959
2055,*Oc1c(C)cc(C(C)(C)c2cc(C)c(OC(=O)c3ccc(C(*)=O)cc3)c(C)c2)cc1C,egc,3.736049698393438
2056,*OC(=O)CCCCC(=O)OCC*,tg,-45.29772998650528
2057,*Oc1cc2c(cc1)ccc(c2)Oc1ccc(cc1)C(=O)Nc1ccc(cc1)Oc1ccc(cc1)Oc1ccc(cc1)NC(=O)c1ccc(cc1)*,tg,198.14040862307436
2058,*C(C*)c1ccc(cc1)CCCCCCCCCCCCCC,tg,-32.25599936472083
2059,*C(=O)c1ccc(C(=O)c2ccc(*)s2)cc1,eps,5.617112875970869
2060,*OC(=O)OCC(C*)OCCCCCCCCCCCOc1ccc(cc1)C=Cc1ccc(cc1)[N+](=O)[O-],tg,27.2423312739005
2061,*Nc1ccc(-c2ccc(-c3ccc(*)cc3)s2)cc1,nc,2.3272986865900656
2062,*C1C(=O)N(C(=O)C1C(C*)(C)C)C1CCCCC1,tg,153.21282769885465
2063,*C(=S)c1ccc(-c2ccc(-c3ccc(*)s3)s2)s1,eea,3.7785597780970135
2064,*C=Nc1cc(NC(=O)NCCNCCNO*)ccc1C,egc,4.387864254712104
2065,*C(=O)C(F)(F)CC(*)(F)F,eps,3.7656658087061556
2066,*CCOC(=S)NC(=S)c1ccc(N*)cc1,nc,2.037029123473393
2067,*CC(*)(C#N)C(=O)OC(C)C,egb,6.129643213099194
2068,*CC(*)(C)C(=O)Oc1ccc(N=Nc2ccc(C#N)cc2)cc1,egc,3.3764810031978616
2069,*c1ccc(-c2ccc(-c3ccc(-c4ccc(*)s4)cc3)s2)cc1,egb,2.022606899838084
2070,*Nc1cc(ccc1)NC(=O)c1ccc(cc1)C(=O)Nc1ccc(cc1)C(=O)NC(=S)*,tg,291.4002509026706
2071,*c1cc2c(C(=O)N(C2=O)c2ccc(cc2)Oc2ccc(cc2)S(=O)(=O)c2ccc(cc2)Oc2ccc(cc2)N2C(=O)c3c(C2=O)cc(cc3)C(=O)Nc2ccc(cc2)Oc2ccc(cc2)C2(c3c(C(=O)N2)cccc3)c2ccc(cc2)Oc2ccc(cc2)NC(=O)*)cc1,tg,290.6911417782179
2072,*CC(C)C(C)COC(=O)c1ccc(C(=O)O*)cc1,egb,4.249627695937632
2073,*N1C(=O)c2c(C1=O)cc(cc2)NC(=O)OCCOc1ccc(cc1)C(c1ccc(cc1)OCCOC(=O)Nc1cc2c(C(=O)N(C2=O)c2cc(ccc2)P(=O)(c2cc(ccc2)*)c2ccccc2)cc1)(C(F)(F)F)C(F)(F)F,tg,205.9685577522085
2074,*c1nc2cc3c(cc2c(c1)c1ccccc1)nc(cc3c1ccccc1)c1ccc(cc1)c1ccc(cc1)*,tg,383.38778149025296
2075,*N1C(=O)c2c(C1=O)cc(cc2)Oc1cc2c(C(=O)N(C2=O)c2cc(ccc2)P(=O)(c2cc(ccc2)*)c2ccc(cc2)C(F)(F)F)cc1,tg,245.9280686645941
2076,*NC(S1)=CC=C1C(=O)O*,egc,3.3354232437202054
2077,*CC(=O)C(=S)C(C=C1)=CC=C1*,egc,2.982700826274992
2078,*c1cccc(*)c1,egc,3.723939056079782
2079,*Oc1c(-c2ccccc2)cc(*)cc1-c1cccc(C)c1,egc,4.272902353933445
2080,*C(=O)c1ccc2c(c1)C(=O)N(c1cc(-c3nc4ccccc4o3)cc(N3C(=O)c4ccc(*)cc4C3=O)c1)C2=O,egc,2.5416326966744958
2081,*CCCCCOCO*,eps,2.998216248828839
2082,*C(=S)c1ccc(C(=S)c2ccc(*)cc2)cc1,eps,4.199803178560101
2083,*OC(=O)NCCCCCCNC(=O)OCCCCCCCCCC*,tg,38.06876812055575
2084,*C(S1)=CC=C1C(S2)=CC=C2*,egc,1.9784076334119165
2085,*CC(=O)NC(*)=S,eps,4.7216997366336475
2086,*SSc1ccc(cc1)N=CNc1ccc(cc1)*,tg,125.21444269716129
2087,*C(C*)c1c(cccc1)C(=O)OCCC(C)C,tg,104.28690532367543
2088,*c1sc(cc1)c1sc(c(c1)CCCCCCCC)c1sc(cc1)c1sc(cc1)c1sc(cc1CCCCCCCC)c1sc(cc1)[Si](*)(C)C,tg,20.945631574821675
2089,*c1cc(ccc1)CC*,tg,67.39009079308418
2090,*c1cc2c(C(=O)N(C2=O)c2cc(ccc2)Oc2ccc(cc2)S(=O)(=O)c2ccc(cc2)Oc2cc(ccc2)N2C(=O)c3c(C2=O)cc(cc3)C(*)(C(F)(F)F)C(F)(F)F)cc1,tg,237.80253652684382
2091,*Oc1c(cc(cc1C)C(c1cc(c(c(c1)Cl)OC(=O)*)C)(C)C)Cl,tg,208.227762273244
2092,*O[Si](O[Si](O[Si](O[Si](O[Si](OC(CCC(*)C)C)(C)C)(C)C)(C)C)(C)C)(C)C,tg,-98.39086910825735
2093,*CC(C)(C)C1CC=C(*)CC1,egc,5.096375941798348
2094,*CCCCCCn1cc2c(n1)C(=O)c1cn(*)nc1C2=O,egc,3.7392159945777816
2095,*c1c(cc(c(c1)c1cc(c(cc1)F)C(F)(F)F)C=C*)OCC(CCCC)CC,tg,98.86365918269786
2096,*c1sc(cc1CCCCBr)*,tg,48.16592158013234
2097,*C1C2C(C(=O)N(C2=O)CCCC)C(C1)C=C*,tg,102.14866407986497
2098,*C(=O)N(*)CC,egc,5.395387920811593
2099,*ON(C(C(*)(F)F)(C(F)(F)F)F)C(F)(F)F,tg,-3.136952361318839
2100,*OC(=O)CCCCC(=O)OCC(C*)CCCCCCOc1ccc(cc1)N=Nc1ccc(cc1)Br,tg,15.285599525764212
2101,*CCC1CC(=O)N(*)C1=O,egc,5.9411607397256745
2102,*CC(*)(Cl)C#N,egb,6.313796929663725
2103,*C(=CCCC*)c1ccc(cc1)Cl,tg,65.28666389803
2104,*OCCOCCOCCCNC(=O)CNC(=O)C(NC(=O)C(NC(=O)CCCCCCCCC(=O)NC(C(=O)NC(C(=O)NCC(=O)NCCC*)C(C)C)Cc1ccccc1)Cc1ccccc1)C(C)C,tg,53.976513631267274
2105,*C1COC2C1OCC2OC(=O)CCCCC(=O)OC1COC2C1OCC2OCCCCO*,tg,30.977898230490943
2106,*c1cc2c(C(=O)N(C2=O)c2ccc(cc2)C(c2ccc(cc2)N2C(=O)c3c(C2=O)cc(cc3)C(=O)*)(c2ccccc2)C(F)(F)F)cc1,tg,325.7206119758082
2107,*c1ccc(CC(F)(F)C(*)(F)F)cc1,ei,7.121706575512571
2108,*ON(C(F)(F)F)C(F)(Cl)C(*)(F)F,egb,6.3900603195823695
2109,*CCCCC(=O)NCCCCCCNC(=O)CCCCO*,egc,5.842095803907361
2110,*N1C(=O)c2c(C1=O)cc(cc2)c1cc2c(C(=O)N(C2=O)c2cc(c(cc2)Oc2ccc(cc2)C(c2ccc(cc2)Oc2c(cc(cc2)*)C(F)(F)F)(C(F)(F)F)C(F)(F)F)C(F)(F)F)cc1,tg,254.12956977605285
2111,*CC(C=C1)=CC=C1C(=O)C(S2)=CC=C2*,egc,3.472264768244048
2112,*Oc1ccc(cc1)C(c1ccc(cc1)OC(=O)OCCCCOC(=O)*)(C)C,tg,50.967403847635595
2113,*C(C*)c1c(ccc(c1)C(=O)Oc1ccc(cc1)OCCCCCC)C(=O)Oc1ccc(cc1)OCCCCCC,tg,98.60219357912737
2114,*c1ccc(-c2ccc(-c3ccc(-c4ccc(*)s4)s3)s2)cc1,nc,2.4663286645731257
2115,*OC(C*)CS(=O)(=O)C(C)C,tg,63.33242593489666
2116,*C(=O)c1ccc(-c2ccc(C(*)=S)cc2)s1,eea,3.8945754356317024
2117,*Nc1ccc(NC(=O)c2ccc(C(*)=O)cc2)cc1,egc,3.475826589782766
2118,*CCC(=S)O*,egb,3.7587107619913525
2119,*N1C(=O)c2c(C1=O)cc(cc2)C(=O)Oc1ccc(cc1)C(c1ccc(cc1)C(c1ccc(cc1)OC(=O)CCCCC*)(C)C)(C)C,tg,109.28269573382296
2120,*OC(=O)OC(*)=O,eps,3.575939013702828
2121,*Oc1c(cc(cc1)C(C)(C)C)Oc1ccc(cc1)S(=O)(=O)c1ccc(cc1)*,tg,193.81534931208398
2122,*c1cc2c(C(=O)N(C2=O)c2ccc(cc2)OC(COc2ccc(cc2)N2C(=O)c3c(C2=O)cc(cc3)C(*)(C(F)(F)F)C(F)(F)F)CCC)cc1,tg,208.5564441882041
2123,*C(=O)c1ccc2c(c1)C(=O)N(c1cc(OCCCC)cc(N3C(=O)c4ccc(*)cc4C3=O)c1)C2=O,egc,2.714019674921289
2124,*C(=O)NC(F)(F)C(*)(F)F,nc,1.6206062174203897
2125,*Oc1cc(C)c(*)c(C)c1Br,egc,3.983862552323777
2126,*CNC(=O)NCOC(=O)NCCCCCCNC(=O)O*,egc,5.459727187917223
2127,*OC(=O)C=CC(=O)NCCCCCCNC(=O)C=CC(=O)OCC*,tg,76.79904084809645
2128,*N1C(=O)c2c(C1=O)cc(cc2)Oc1cc2c(C(=O)N(C2=O)c2c(ccc(c2)C(c2cc(c(cc2)OCCN(c2ccc(cc2)C=CC2=CC(=C(S(=O)(=O)C)C#N)CC(C2)(C)C)c2ccccc2)*)(C(F)(F)F)C(F)(F)F)OCCN(c2ccc(cc2)C=CC2=CC(=C(S(=O)(=O)C)C#N)CC(C2)(C)C)c2ccccc2)cc1,tg,215.63558603127274
2129,*Cc1ccc(Cc2ccc(*)cc2)cc1,nc,1.7789216743055147
2130,*C(=O)c1ccc2c(c1O)C(=O)N(c1ccc(Oc3ccc(N4C(=O)c5ccc(*)c(O)c5C4=O)cc3)cc1)C2=O,egc,2.6243389100333125
2131,*CCC(=O)N*,egb,5.624674796016238
2132,*CCCCCCCCCCCCOC(=O)CC=CCC(=O)O*,egc,6.082565026926869
2133,*c1nnc(nc1c1ccc(cc1)Oc1ccc(cc1)c1ccc(cc1)Oc1ccc(cc1)*)c1ncccc1,tg,215.92707796749522
2134,*c1nc(c(c(c1F)OCC(C(C(COc1c(c(nc(c1F)F)OCC(C(C(CO*)(F)F)(F)F)(F)F)F)(F)F)(F)F)(F)F)F)F,tg,68.59709095723792
2135,*C1C2C(C(=O)N(C2=O)c2cc(ccc2)C)C(C1)C=C*,tg,229.59107102751886
2136,*OC(=O)NCCCCCCNC(=O)OCC#CC*,tg,47.71220302141771
2137,*c1cc2c(C(=O)N(C2=O)c2ccc(cc2)OCCOc2ccc(cc2)N2C(=O)c3c(C2=O)cc(cc3)C(*)(C(F)(F)F)C(F)(F)F)cc1,tg,225.72226536754266
2138,*Oc1ccc(C2(c3ccc(OC(=O)c4ccc(C(*)=O)cc4)cc3)c3ccccc3C(=O)c3ccccc32)cc1,egc,3.4473136976183225
2139,*NC(=O)CCCC(=O)NCC(CCC*)(C)C,tg,72.1403284903247
2140,*[Si](CC(C*)Cc1c2c(ccc1)cccc2)(C)C,tg,53.45646892714143
2141,*S(=O)(=O)CC(C*)(C)C,tg,80.35395099148904
2142,*C=CCCCCCC*,egc,5.8361077883747905
2143,*C(C*)F,tg,-1.178850060453088
2144,*C(=C*)c1c(cccc1)[Si](C)(C)C,tg,143.90639779310635
2145,*NC(=O)CC(CCC(=O)NCCCCCC*)C,tg,34.378152992770694
2146,*C(=O)C(F)(F)NC(*)(F)F,eps,4.012260487604642
2147,*CC(CC(CC(*)c1ccccn1)c1ccccn1)c1ccccn1,egb,4.266745806683803
2148,*c1nc(nc(n1)N(CCCCCCN(*)C)C)c1ccccc1,tg,58.81370850775604
2149,*C(C*)OCCCC,tg,-65.86776246687435
2150,*O[Si](O[Si](O[Si](O[Si](Oc1c(cc(cc1C)c1cc(c(c(c1)C)*)C)C)(C)C)(C)C)(C)C)(C)C,tg,10.34741186818013
2151,*Oc1cc(cc(c1)CCCCCCCC)OC(=O)c1cc(ccc1)C(=O)*,tg,53.880567905814914
2152,*CCCOC(=O)c1cccc(C(=O)O*)c1,egc,5.076335588111852
2153,*CC(=O)C(=S)O*,egc,3.5786373409817265
2154,*C#CC#Cc1cc2sc(*)cc2s1,egc,1.736407665643477
2155,*NC(=S)c1ccc(C(*)=S)s1,nc,2.3866841532773693
2156,*CCCCCCCCCCCCCCNC(=O)CCCCCCCCC(=O)N*,egc,5.963446031649882
2157,*Oc1c(cc(cc1)C=C1C(=O)C(=Cc2cc(c(cc2)OCC(=O)c2ccc(cc2)Oc2ccc(cc2)C(=O)C*)OC)CCC1)OC,tg,138.71956200153787
2158,*c1ccc(C(F)(F)C(=O)C(*)(F)F)cc1,eps,3.666959272908217
2159,*c1cc2c(C(=O)N(C2=O)c2ccc(cc2)N2C(=O)c3c(C2=O)cc(cc3)C(=O)*)cc1,tg,336.8162220452069
2160,*C1C(=O)N(C(=O)C1C(C*)c1ccccc1)c1ccc(cc1)C(C)(C)C,tg,254.18108447617544
2161,*c1oc2c(n1)cc(cc2)S(=O)(=O)c1cc2c(oc(n2)C2CCC(CC2)*)cc1,tg,283.02474075072763
2162,*c1ccc(C(F)(F)c2ccc(C(*)(F)F)s2)s1,nc,1.8270068835548896
2163,*c1cc2c(C(=O)N(C2=O)c2c(cc(cc2C)c2cc(c(c(c2)C)N2C(=O)c3c(C2=O)cc(cc3)C(=O)Nc2c(cc(cc2)Cc2cc(c(cc2)NC(=O)*)C)C)C)C)cc1,tg,320.4390922249237
2164,*OC(=O)CCCCCCCCC(*)=O,egc,6.317925499777273
2165,*NC(C=C1)=CC=C1C(S2)=CC=C2C(C=C3)=CC=C3*,egc,2.878870380071552
2166,*C(=O)c1ccc2c(c1)C(=O)N(c1cccc(Nc3nc(Nc4cccc(N5C(=O)c6ccc(*)cc6C5=O)c4)nc(N(C)C)n3)c1)C2=O,egc,2.470100260516415
2167,*C1OC(OC1COC(=O)OC*)(OCC)OCC,tg,40.92768974721013
2168,*c1cc2c(C(=O)N(C2=O)c2c(cc(cc2)Cc2cc(c(cc2)N2C(=O)c3c(C2=O)cc(cc3)C(=O)*)C)C)cc1,tg,321.0402407037501
2169,*C(=O)c1ccc(Oc2ccc(*)s2)cc1,eea,2.705872367407354
2170,*c8ccc(C7(c4ccc(n3c(=O)c2cc1c(=O)n(*)c(=O)c1cc2c3=O)cc4)c5ccccc5c6ccccc67)cc8,egc,2.3094816648296277
2171,*C(C*)c1cc2c(cc1)cccc2,tg,161.86556336002718
2172,*CCOCCOC(=O)CCCCSCCCCC(=O)O*,egc,5.290503550216209
2173,*N1C(=O)c2c(C1=O)cc(cc2)c1cc2c(C(=O)N(C2=O)c2cc(cc(c2)C(=O)Oc2ccc(cc2)c2ccc(cc2)O[Si](C(C)(C)C)(C)C)*)cc1,tg,251.39772995094665
2174,*Oc1ccc(cc1)S(=O)(=O)c1ccc(cc1)Oc1ccc(cc1)C1(c2ccccc2c2ccccc12)c1ccc(cc1)*,tg,256.6500179213738
2175,*OCC(F)(F)C(*)(F)F,eea,1.419454866042122
2176,*CCCP(CCCNC(=O)N*)c1ccccc1,egc,4.671256069273986
2177,*N(CCC*)C,tg,-42.52779911243407
2178,*C=CC1C=CC(*)C(C(=O)OC(C)(C)C)=C1C(=O)OC(C)(C)C,egc,4.342082560504952
2179,*C(C*)C(=O)Oc1ccc(cc1)C(=O)OC,tg,71.14638807210503
2180,*c1cc2c(C(=O)N(C2=O)c2ccc(cc2)Oc2c(cc(cc2C)Cc2cc(c(c(c2)C)Oc2ccc(cc2)N2C(=O)c3c(C2=O)cc(cc3)C(=O)*)C)C)cc1,tg,290.4709302504117
2181,*c1sc(*)c2ccccc12,egc,1.851725432758486
2182,*Oc1c2c(ccc1)c(ccc2)OC(=O)c1ccc(cc1)Oc1ccc(cc1)C(=O)*,tg,151.87727772775676
2183,*Oc1ccc(cc1)NC(=O)c1cc(cc(c1)NC(=O)CCCCCCCCCCN1C(=O)c2c(C1=O)cccc2)C(=O)Nc1ccc(cc1)*,tg,199.99292244428972
2184,*CCCCCCCCCCCCNC(=O)CCCCC(=O)N*,egc,6.038770126219117
2185,*C=Cc1ccc(*)c(-c2ccc(OCC(CC)CCCC)c3ccccc23)c1,egc,2.6784403215501476
2186,*CNc1ccc(C(*)=S)s1,eea,2.8531256357712365
2187,*CCc1ccc(*)c(Cl)c1,egc,4.873701538253181
2188,*N1C(=O)c2c(C1=O)cc(cc2)Oc1ccc(cc1)Oc1cc2c(C(=O)N(C2=O)c2cc(c(cc2)Cc2c(cc(cc2)*)C)C)cc1,tg,262.3804412184588
2189,*N1C(=O)c2c(C1=O)cc(cc2)Oc1ccc(cc1)Sc1ccc(cc1)Oc1cc2c(C(=O)N(C2=O)c2ccc(cc2)c2ccc(cc2)*)cc1,tg,224.37328411598955
2190,*Oc1ccc(cc1)OC(=O)c1c(cc(c(c1)OCCCCOCC1N(CCC1)c1ccc(cc1)[N+](=O)[O-])C(=O)*)OCCCCOCC1N(CCC1)c1ccc(cc1)[N+](=O)[O-],tg,64.96626283450654
2191,*Cc1ccc(CC(*)=S)s1,eea,2.518562368802019
2192,*C(=O)c1ccc2c(c1)C(=O)N(c1cc(C(=O)OC)cc(N3C(=O)c4ccc(*)cc4C3=O)c1)C2=O,egc,2.6434006923018187
2193,*c1cc2c(oc(n2)c2c(cc(c(c2)OCCCCCCCCCC)c2oc3c(n2)cc(cc3)C(*)(C(F)(F)F)C(F)(F)F)OCCCCCCCCCC)cc1,tg,147.10596699918963
2194,*C(F)(F)C(F)(F)C(S1)=CC=C1C(=S)*,egc,2.8602869083465277
2195,*CC(O)COc1cccc(O*)c1,egc,4.679949733360134
2196,*CC(CC)(CC)COC(=O)CCC(=O)O*,egc,6.5244150095241515
2197,*Nc1cccc(C(*)=O)c1,nc,1.9482255199748517
2198,*CCCCCNC(=S)N*,egb,4.11819961909556
2199,*Cc1ccc(-c2ccc(O*)cc2)s1,egb,3.3701402362317294
2200,*CNCNC(=O)NC(=O)N*,nc,1.7395411548994915
2201,*OC(=O)c1ccc(SCCCCSc2ccc(C(*)=O)cc2)cc1,egc,3.994645736417575
2202,*Oc1ccc(cc1)C(=O)N(C(=O)c1ccc(cc1)OCCCCCC*)c1ccccc1,tg,86.6873826344827
2203,*CC(=S)C(C=C1)=CC=C1C(=S)*,egc,2.137940838299686
2204,*Sc1ccc(*)cc1,nc,1.967624098660713
2205,*C(C*)c1cc2c(OCO2)cc1,tg,74.85492291582386
2206,*CCCCCCOC(=O)Cc1ccc(CC(=O)O*)cc1,egc,5.365252943959547
2207,*NC(=O)c1cc(ccc1)C(=O)NCC1CC(CC(C1)C(C)(C)C)C*,tg,192.1598660941122
2208,*OC(*)C=C,egc,4.461529625529936
2209,*C(C*)(C(=O)OCC(CCCC)CC)C,tg,11.21179733087944
2210,*N1C(=O)c2c(C1=O)c(ccc2)Oc1ccc(cc1)C(=O)Nc1ccc(cc1)Cc1ccc(cc1)*,tg,255.11812218076204
2211,*C(=S)CC(F)(F)C(*)(F)F,nc,1.7911883141429936
2212,*CC(*)c1cccc(C)n1,egc,3.91475517587072
2213,*Cc1ccc(C(=O)C(*)=S)cc1,ei,6.457309302606624
2214,*C(C*)C(=O)O,tg,130.19700690868527
2215,*OC(CC(=O)*)C,tg,19.59320052748096
2216,*C(C*)(C(=O)OCCCCCCN1CCN(CC1)c1ccc(cc1)N=Nc1ccc(cc1)C=C(C#N)C#N)C,tg,72.03508706308716
2217,*Nc1cc(NC(=O)NCCCCCCNC(*)=O)ccc1C,egc,4.664690680903549
2218,*SSSCc1ccc(cc1)C*,tg,35.88121643529681
2219,*c1ccc2c(c1)Cc1cc(-n3c(=O)c4cc5c(=O)n(*)c(=O)c5cc4c3=O)ccc1-2,egc,2.450376012340584
2220,*COc1ccc(-c2ccc(*)cc2)s1,ei,5.40900440716509
2221,*CC(=O)Nc1ccc(NC(=O)c2ccc3c(c2)C(=O)N(*)C3=O)cc1,egc,2.919920897312746
2222,*O[Si](*)(CCC(F)(F)F)C,tg,-31.316929615263625
2223,*Nc1cc(ccc1)NC(=O)c1cc(cc(c1)NC(=O)C(CCSC)N1C(=O)c2c(C1=O)cccc2)C(=O)*,tg,184.8593695235754
2224,*OC(*)CCC,tg,-40.40708314733781
2225,*C(C*)(C(=O)NC(c1c2c(ccc1)cccc2)C)C,tg,144.97462530619535
2226,*C(C*)(CC(=O)OCCCCCCC)C(=O)OCCCCCCC,tg,-13.937878877764717
2227,*Oc1c(cc(cc1)OC(=O)c1c(cc(c(c1)OCCCCCCCCCCCC)C(=O)*)OCCCCCCCCCCCC)c1ccccc1,tg,87.91921130460321
2228,*Oc1ccc(cc1)C(c1ccc(cc1)OC(=S)*)(CC)c1ccccc1,tg,143.72103537794356
2229,*c1sc2c(n1)ccc(c2)c1ccc2c(sc(n2)CCCCCCCC*)c1,tg,190.32055487616864
2230,*Oc1ccc(C(=S)c2ccc(*)s2)s1,eea,3.2107793385802528
2231,*CC(*)(C)C(=O)OCC(=O)N1CCOCC1,egc,5.400609078566939
2232,*CC(=O)C(C=C1)=CC=C1O*,egc,4.195790796392241
2233,*N1C(=O)c2c(C1=O)cc(cc2)Oc1c2c(ccc1)c(ccc2)Oc1cc2c(C(=O)N(C2=O)c2ccc(cc2)C(c2ccc(cc2)*)(C(F)(F)F)C(F)(F)F)cc1,tg,261.7369684954476
2234,*N1C(=O)c2c(C1=O)cc(cc2)C(c1cc2c(C(=O)N(C2=O)CC(=O)Nc2ccc(cc2)Oc2ccc(cc2)C(c2ccc(cc2)Oc2ccc(cc2)NC(=O)C*)(C)C)cc1)(C(F)(F)F)C(F)(F)F,tg,229.20041568413282
2235,*c1nnc(nc1c1ccc(cc1)Oc1ccc(cc1)C(c1ccc(cc1)Oc1ccc(cc1)*)(c1ccccc1)C)c1ncccc1,tg,229.78373450828533
2236,*CCC(S1)=CC=C1C(S2)=CC=C2*,egc,3.2308261999502923
2237,*C#CC(CCCCOC(=O)NCC(=O)OCCCC)=C(*)c1cncnc1,egc,3.664897666811554
2238,*N1C(=O)c2c(C1=O)cc(cc2)Oc1cc2c(cc1)cc(cc2)Oc1cc2c(C(=O)N(C2=O)c2cc(ccc2)*)cc1,tg,250.3300678240168
2239,*C(C*)(CC(=O)OC)C(=O)OC,tg,120.62167773503761
2240,*N1C(=O)c2c(C1=O)cc(cc2)Oc1ccc(cc1)Sc1ccc(cc1)Oc1cc2c(C(=O)N(C2=O)c2ccc(cc2)*)cc1,tg,226.31715397911032
2241,*C=Cc1ccc(*)cc1,egc,1.9518252308079873
2242,*C1C2C(C(=O)N(C2=O)c2ccccc2)C(C1)C=C*,tg,228.24724191543547
2243,*CC(CC)(CO)CO*,egc,5.8375892246207055
2244,*C(C*)c1ccccc1,tg,86.4928696839805
2245,*N1C(=O)c2c(C1=O)cc(cc2)Oc1ccc(cc1)Oc1ccc(cc1)P(=O)(c1ccc(cc1)Oc1ccc(cc1)Oc1cc2c(C(=O)N(C2=O)c2ccc(cc2)*)cc1)c1ccccc1,tg,260.30697248262607
2246,*Oc1ccc(cc1)Oc1ccc(cc1)OC(=O)c1cc(cc(c1)OCCCCC)C(=O)*,tg,102.49249171207363
2247,*N1C(=O)C2C(C1=O)CC(CC2)C1CC2C(C(=O)N(C2=O)c2ccc(cc2)Oc2ccc(cc2)C(c2ccc(cc2)Oc2ccc(cc2)*)(C)C)CC1,tg,243.0494804900637
2248,*C(=O)c1ccc(C(=O)C(*)=S)s1,eps,6.454907755547831
2249,*c1c(nc2c(n1)cc(cc2)Oc1ccc(cc1)NC(=O)c1cc2c(C(=O)N(C2=O)c2ccc(cc2)C(c2ccc(cc2)N2C(=O)c3c(C2=O)cc(cc3)C(=O)Nc2ccc(cc2)Oc2cc3c(nc(c(n3)c3ccc(cc3)c3ccc(cc3)*)c3ccccc3)cc2)(C(F)(F)F)C(F)(F)F)cc1)c1ccccc1,tg,287.82659812960793
2250,*OC(=O)Nc1c(cc(cc1)c1cc(c(cc1)NC(=O)OCCN(CC*)c1ccc(cc1)N=Nc1ccc(cc1)[N+](=O)[O-])OC)OC,tg,134.20695401611576
2251,*CC(CCCCCCCCCCCC)COC(=O)NC(=O)c1cccc(C(=O)NC(=O)O*)c1,egc,4.581719991639322
2252,*c1c2C(=O)N(C(=O)c2c(c2ccccc12)c1ccc(cc1)Oc1ccc(cc1)C(=O)c1ccc(cc1)Oc1ccc(cc1)*)c1c(cccc1)F,tg,252.4470030842082
2253,*CCOCCOC(=O)NCCCCCCNC(=O)O*,egc,6.218320703328314
2254,*C1CC2CC(CC(C1)O2)OC(=O)c1cc(ccc1)C(=O)O*,tg,161.19367355082346
2255,*N=P(*)(OCCCCCC)OCCCCCC,tg,-90.77624250692077
2256,*OP(=O)(N=Nc1ccc(cc1)C(=O)c1ccc(cc1)N=NP(=O)(OCCCCCC*)OC)OC,tg,19.832337663822813
2257,*NOC(=O)NCC(=O)NC(*)=O,eea,2.2653430718647996
2258,*C(C#N)=C(c1ccccc1)c1ccc(*)cc1,egc,3.2939823290193067
2259,*c1cc2c(C(=O)N(C2=O)c2ccc(cc2)C(=O)OCCCCCCCCCOC(=O)*)cc1,tg,69.80409909569642
2260,*CC(*)(C)C(=O)OCCO,egc,6.2816236146108055
2261,*C(C*)(C(=O)OC(C(F)(F)F)C(F)(F)F)F,tg,103.961569632556
2262,*CNc1ccc(C(*)=O)s1,eea,2.256227802679219
2263,*OC(=O)Cc1ccc(cc1)CC(=O)*,tg,103.83546094578685
2264,*O[Si](O[Si](O[Si](O[Si](Oc1c2ccccc2c2ccccc2c1*)(C)C)(C)C)(C)C)(C)C,tg,-32.618661198226825
2265,*Oc1ccc(cc1)CC(NC(=O)CCc1ccc(cc1)OC(=O)COCCOCC(=O)*)C(=O)OCc1ccccc1,tg,49.97417520500011
2266,*Nc1ccc(C(=S)c2ccc(*)cc2)s1,nc,2.353360294911545
2267,*Nc1ccc(NC(=O)c2cc(NC(=O)c3ccncc3)cc(C(*)=O)c2)cc1,egb,2.6842922612717652
2268,*Cc1ccc(COC(=O)CCCCCCCCCCC(=O)O*)cc1,egc,5.439637334572597
2269,*CC(C=C1)=CC=C1C(C=C2)=CC=C2C(C=C3)=CC=C3*,egc,4.129148835612638
2270,*NC(F)(F)NC(*)(F)F,ei,9.115284588443137
2271,*S(=O)(=O)c1ccc(cc1)Nc1ccc(cc1)Nc1ccc(cc1)*,tg,145.32816930807465
2272,*NC(=O)CCCCCCCCCCCCCCCCC(=O)NCCCCCC*,tg,47.37938332632821
2273,*NC(S1)=CC=C1OC(S2)=CC=C2*,egc,3.545827169837173
2274,*CC(=O)Oc1ccc(*)s1,ei,6.247731458954037
2275,*CCCCCOCO*,ei,6.901441480990155
2276,*CCC(c1ccccc1)C(*)c1ccccc1,egc,4.945920403182734
2277,*CC(=O)C(=S)C(=O)*,egc,2.2757348083473645
2278,*C(=S)c1ccc(-c2ccc(-c3ccc(*)s3)s2)s1,egb,0.9825010012561097
2279,*CCCCCCOCCCCCCOCCCCCO*,egc,6.036966213250166
2280,*NC(S1)=CC=C1C(=O)C(S2)=CC=C2*,egc,2.2449431446042265
2281,*N1C(=O)C(=C(C1=O)Cl)Oc1ccc(cc1)C(c1ccc(cc1)OC1=C(C(=O)N(C1=O)c1ccc(cc1)Cc1ccc(cc1)*)Cl)(C(F)(F)F)C(F)(F)F,tg,206.6238721784706
2282,*c1cc(-c2cc(C)c(Br)cc2C)c(*)s1,egc,2.366542297267151
2283,*CCCCOC(=O)c1ccc(NC=Nc2ccc(C(=O)O*)cc2)cc1,egc,3.9707757249232687
2284,*C1C2C(C(=O)N(C2=O)c2ccc(cc2)C)C(C1)C=C*,tg,242.58571308294765
2285,*c1ccc(*)n1C(C(=O)OCC)n1cccc1,egc,2.9005056137269536
2286,*OC(=O)c1cc(ccc1)C(=O)OCCOCCOCCOCCOCCOCC*,tg,-16.49303175274216
2287,*CC#CC#CCOC(=O)CCCCC(=O)O*,egc,5.578126683315213
2288,c1(*)cc(c2cc1)N=C(N2(C(c2(c3))=O))c1c2c(c4(c3))c(cc1)CN(C4=N2)c(c2cc(c1)(*))c1,egc,2.9876300703793204
2289,*SC(*)(F)F,egc,5.595943404888409
2290,*N(CC*)CC,tg,12.602569522831363
2291,*C(C*)(C(=O)OCc1ccc2n(c3c(c2c1)cccc3)CCCCCCCCCC)C,tg,35.108459199351934
2292,*CCc1cccc(*)c1,egc,4.875838287374008
2293,*CCc1ccc(-c2ccc(*)s2)s1,nc,1.9244890663759031
2294,*OC(=O)c1cc(ccc1)C(=O)OCCOCC*,tg,-10.790850611319957
2295,*CC(*)n1c2ccc(I)cc2c2cc(I)ccc21,egc,2.899023577853426
2296,*Cc1ccc(C(=S)c2ccc(*)s2)s1,eps,4.876829347886504
2297,*Nc1ccc(cc1)Cc1ccc(cc1)NC(=O)CCCCCCCCC(=O)*,tg,122.09301958588351
2298,*SCCC*,tg,-50.20548866158025
2299,*c1sc(cc1)C(=O)Oc1ccc(cc1)[Si](c1ccc(cc1)OC(=O)*)(c1ccccc1)c1ccccc1,tg,34.83482967365408
2300,*c1ccc(Cc2ccc(N(*)Cc3ccccc3)cc2)cc1,egc,3.792786916356973
2301,*Cc1ccc(COC(=O)CCCCCCCCC(=O)O*)cc1,egc,5.517373511795515
2302,*N=P(*)(OCCCC)OCCCC,tg,-90.99930827086739
2303,*c1nc2c(nc1c1ccc(cc1)C(=O)NCCCCCCCCCCCCNC(=O)c1ccc(cc1)*)cccc2,tg,166.17063523396104
2304,*C=CC(C*)CCC,egb,6.070262435952854
2305,*C(C*)c1ccc(cc1)[Si](O[Si](O[Si](C)(C)C)(C)C)(C)C,tg,84.36903874709711
2306,*C1(c2c(NC1=O)cccc2)c1ccc(cc1)OC(=O)c1cc(ccc1)C(=O)Oc1ccc(cc1)*,tg,268.5070720714612
2307,*C(C*)(C(=O)OCCCCCCC(C(C(C(F)(F)F)(F)F)(F)F)(F)F)C,tg,27.314977903213343
2308,*OP(=O)(N=Nc1ccc(cc1)Oc1ccc(cc1)N=NP(=O)(OCC1CCC(CC1)C*)OC)OC,tg,54.9225656352919
2309,*COCC(C)O*,egc,6.012813336747692
2310,*Oc1ccc(cc1)C(c1ccc(cc1)OC(=O)c1ccc(cc1)C(=O)c1ccc(cc1)C(=O)*)(C)C,tg,179.48905187113914
2311,*OC(=O)CCSCCC(=O)OCCOCC*,tg,-76.15212739962038
2312,*Oc1ccc(cc1)Oc1ccc(cc1)C=NCCCCCCN=Cc1ccc(cc1)*,tg,95.55761681575889
2313,*NC(C=C1)=CC=C1NO*,egc,4.034339649160164
2314,*CCOCCOCCOCCOCCOCCOC(=O)c1cccc(C(=O)O*)c1,egc,4.855403762218696
2315,*c1cc2c(C(=O)N(C2=O)c2cc(ccc2)P(=O)(c2cc(ccc2)N2C(=O)c3c(C2=O)cc(cc3)C(=O)Nc2cc(ccc2)P(=O)(c2cc(ccc2)NC(=O)*)c2ccccc2)c2ccccc2)cc1,tg,216.99064882441104
2316,*C(F)C(*)(F)F,egc,7.098545489867958
2317,*Cc1ccc(Oc2ccc(*)s2)s1,eps,3.7038635731644862
2318,*Nc1ccc(cc1)Cc1ccc(cc1)NC(=O)c1ccc(cc1)C(=O)*,tg,242.55086524489315
2319,*CCCCOCO*,egc,6.619360259212623
2320,*C(C*)(C(=O)OCC(C1OCC(CO1)(C)C)(C)C)C,tg,88.6340563486336
2321,*C(=S)N(*)C,egc,4.137037765259626
2322,*Nc1cc(cc(c1)c1oc(nn1)c1ncccc1)NC(=O)c1ccc(cc1)c1ccc(cc1)C(=O)*,tg,237.07749491583013
2323,*Oc1c(cc(cc1)Oc1ccc(cc1)C(=O)c1ccc(cc1)*)c1ccccc1,tg,158.22432847242865
2324,*CNc1ccc(-c2ccc(*)s2)cc1,nc,1.9912371537460898
2325,*C(C*)(C(=O)OCCCCCCCCCCOc1ccc(cc1)OC(=O)c1ccc(cc1)OCCCC)C,tg,35.07428046752814
2326,*CC(=O)c1ccc(O*)s1,egb,3.1086523562389923
2327,*C(C*)(C(=O)Oc1c(ccc(c1)C)C)C,tg,105.76464795894907
2328,*c1ccc(C(F)(F)NC(*)(F)F)s1,egb,3.9906822007341263
2329,*c1nc2c(nc1)ccc(c2)S(=O)(=O)c1ccc2c(nc(cn2)c2ccc(cc2)*)c1,tg,342.8715814539044
2330,*c1nc2c([nH]1)ccc(c2)NC(=O)c1ccc(cc1)OCCOCCOc1ccc(cc1)C(=O)Nc1cc(ccc1)*,tg,178.88940446371856
2331,*CCCCCCCCCCCCCCCC[N+](C)(C)CCCCCC[N+](*)(C)C,egc,0.16448440987699414
2332,*c1cc2c(C(=O)N(C2=O)c2cc(ccc2)Cc2ccc(cc2)N2C(=O)c3c(C2=O)cc(cc3)C(=O)*)cc1,tg,275.58267444185657
2333,*OC(=O)C(C(C(=O)OCCCCCCCCC*)O)O,tg,33.80935008608528
2334,*O[Zn]OC(=O)c1c(cccc1)C(=O)OCCCCCOC(=O)NCCCCCCNC(=O)OCCCCCOC(=O)c1c(cccc1)C(=O)*,tg,-7.182082669863593
2335,*CC1(CO*)CC=CCC1,egc,5.042856515079398
2336,*C1OC(=O)C(C1)CCC1C(=O)OC(C1)CCCCCC*,tg,71.07608897247538
2337,*OC(=O)c1ccc(cc1)C(=O)OCCN(CC*)c1ccc(cc1)c1oc2c(n1)ccc(c2)[N+](=O)[O-],tg,157.23426867493964
2338,*Oc1c(c(ccc1)Oc1ccc(cc1)c1ccc(cc1)*)C#N,tg,182.757790342672
2339,*Oc1ccc(cc1)CC(NC(=O)CCc1ccc(cc1)OC(=O)CCCCCCCCC(=O)*)C(=O)OCCCCCC,tg,13.913604201704418
2340,*OP(=O)(OCCCCCCCCCCOc1c(cc(cc1)C=C1C(=O)C(=Cc2cc(c(cc2)OCCCCCCCCCC*)OC)CC1)OC)OC,tg,58.072989719636624
2341,*c1ncc(cc1)C(=O)Oc1ccc(cc1)C(=O)Oc1cc(ccc1)OC(=O)c1ccc(cc1)OC(=O)*,tg,150.48720701112492
2342,*NC(=O)OC(*)=O,eea,2.355168173976295
2343,*CC(*)C(=O)O,egc,6.518536335620746
2344,*N1C(=O)C2CC3C(C2C1=O)CC(=O)N(C3=O)c1ccc(cc1)Oc1ccc(cc1)*,tg,281.59052663347535
2345,*NC(CC(*)=O)C(=O)OCCCCCC,egc,6.050758444632002
2346,*C(C*)C(=O)NC,tg,124.64084637772629
2347,*C1(C(=O)OC(=O)C1(C(C*)OCC(C)C)C)C,tg,158.54857196619594
2348,*OC(=O)c1ccc(C(*)=O)cc1,nc,1.8655696733169578
2349,*Oc1ccc(cc1)NC(=O)c1ccc(cc1)S(=O)(=O)c1ccc(cc1)C(=O)Nc1ccc(cc1)Oc1ccc(cc1)C1(C2CC3CC(CC1C3)C2)c1ccc(cc1)*,tg,260.22954543938897
2350,*C(C*)c1ccc(cc1)C(=O)CCCCCCC,tg,36.83569698961259
2351,*Oc1ccc(CC(NC(=O)CCc2ccc(OC(=O)CCCCCCC(*)=O)cc2)C(=O)OCCCCCCCCCCCC)cc1,egc,5.023622853119404
2352,*CC(C)(C)COC(=O)Nc1ccc(C)c(NC(=O)O*)c1,egc,4.865782602112494
2353,*Cc1ccc(-c2ccc(O*)s2)s1,eea,1.660702607613029
2354,*OC(CCCCC(=O)*)C,tg,-21.03686130683746
2355,*Oc1ccc(cc1)OC(=O)c1c(cc(cc1)C(=O)*)Sc1ccc(cc1)C,tg,128.45122327647783
2356,*Oc1ccc(OC(=O)c2ccc(C(*)=O)cc2)cc1CCCCCCC,egc,3.4697040490856756
2357,*C(C*)c1ccc(cc1)C(=O)C(F)(F)F,tg,124.53074871405812
2358,*CC(Cl)C(Cl)C(*)Cl,egc,6.458801574001504
2359,*CCOC(=O)CCC(C)CC(=O)O*,egc,6.74750966983723
2360,*CC(=O)c1ccc(C(*)=S)cc1,eps,4.799080317276591
2361,*OC(C)CCOC(=O)CCCCS(=O)(=O)CCCCC(*)=O,egb,6.332467405164191
2362,*N1C(=O)c2c(C1=O)cc(cc2)C(c1cc2c(C(=O)N(C2=O)C(=S)Nc2ccc(cc2)Oc2ccc(cc2)NC(=S)*)cc1)(C(F)(F)F)C(F)(F)F,tg,275.8494795037121
2363,*=CC2CC(C=*)C3CN(c1cc(C(F)(F)F)cc(C(F)(F)F)c1)CC23,egc,4.620806849437041
2364,*c1n(nc(c1)c1ccc(cc1)Oc1ccc(cc1)P(=O)(c1ccc(cc1)Oc1ccc(cc1)*)c1ccccc1)c1ccccc1,tg,249.71394770625776
2365,*C(C*)(C(=O)OCCCCCCCCCCOc1ccc(cc1)N=Nc1ccc(cc1)C1OCC2(CO1)CC1C=CC2C1)C,tg,106.37615210489247
2366,*OP(=O)(N=Nc1ccc(cc1)CCOC(=O)c1cc(cc(c1)C(C)(C)C)C(=O)OCCc1ccc(cc1)N=NP(=O)(OCCCCCC*)OC)OC,tg,54.995949877524495
2367,*c1sc(nn1)c1cc(ccc1)OCCCCCCCCCCCOC(=O)c1cc(ccc1)C(=O)OCCCCCCCCCCCOc1cc(ccc1)*,tg,39.87692722067673
2368,*O[Si](CCCCCC[Si](*)(C)C)(C)C,tg,-85.13443019970933
2369,*C(=O)NCCCCCCNC(=O)c1ccncc1*,egc,4.241666392806746
2370,*N1C(=O)c2c(C1=O)cc(cc2)Oc1ccc(cc1)Sc1ccc(cc1)Oc1cc2c(C(=O)N(C2=O)c2cc(ccc2)*)cc1,tg,222.55909469723895
2371,*OC(=O)NNC(=O)CCCCCCCCC(=O)NNC(=O)OCC*,tg,38.91372868781227
2372,*C(C*)OCCOc1ccc(cc1)N=Nc1ccc(cc1)C#N,tg,66.1901447909604
2373,*CC(=S)c1ccc(O*)cc1,nc,1.9639189668311647
2374,*OC(C*)CCCC,tg,-49.362455306139296
2375,*C=Cc1cc(CCCCCC)c(*)s1,egc,2.225594652722468
2376,*C(CC(C*)c1ccc(cc1)F)(C#N)C#N,tg,133.572011455294
2377,*OC(=O)Nc1ccc(cc1)Cc1ccc(cc1)NC(=O)OCC*,tg,110.0073728109742
2378,*OC(=O)Oc1ccc(OC(=O)OC2CC3CC(*)CC(C2)O3)cc1,egc,5.433129220502426
2379,*CCCCCCCCCCOC(=O)CCCCS(=O)(=O)CCCCC(=O)O*,egc,6.622426530287039
2380,*OC(=O)c1ccc(cc1)C(=O)OCCCC*,tg,29.740149241657267
2381,*Nc1cc(cc(c1)C(=O)OCCN(c1ccc(cc1)S(=O)(=O)C(C(C(C(C(C(C(C(F)(F)F)(F)F)(F)F)(F)F)(F)F)(F)F)(F)F)(F)F)C)NC(=O)c1cc(cc(c1)OCCN(c1ccc(cc1)C#N)C)C(=O)*,tg,152.09715697180084
2382,*Oc1ccc(cc1)C(c1ccc(cc1)OC(=O)c1ccc(cc1)[Si](c1ccc(cc1)C(=O)*)(c1ccccc1)c1ccccc1)(C)C,tg,168.88725540406617
2383,*Oc1ccc(cc1)CC(NC(=O)Cc1ccc(cc1)OC(=O)CCC(=O)*)C(=O)OCCCCCC,tg,48.54393984238322
2384,*CC(C=C1)=CC=C1C(S2)=CC=C2C(S3)=CC=C3*,egc,3.1796949582033025
2385,*c1nc2c(n1c1ccc(cc1)n1c(nc3c1cccc3)c1ccc(cc1)Oc1ccc(cc1)C(=O)c1ccc(cc1)Oc1ccc(cc1)*)cccc2,tg,242.40357108220041
2386,*CCCCCCCCNC(=O)CCCCCCCCCCCCCCCCCCC(=O)N*,egc,5.937933903840851
2387,*C1C(=O)N(C(=O)C1C(C*)CCCCCCCCCCCCCCCC)CCCCCCCCCCCC,tg,68.28156193975137
2388,*c1cc2c(C(=O)N(C2=O)c2c(ccc(c2)N2C(=O)c3c(C2=O)cc(cc3)C(=O)Nc2ccc(cc2)Oc2c(cccc2)c2c(cccc2)Oc2ccc(cc2)NC(=O)*)C)cc1,tg,263.47854176488227
2389,*NC(=O)CCc1ccc(cc1)CCC(=O)NCCCCCC*,tg,82.52395873493103
2390,*COc1ccc(-c2ccc(*)cc2)s1,nc,1.9150995458156819
2391,*Oc1c(cc(cc1Cl)C(c1cc(c(c(c1)Cl)OC(=O)CCCCC(=O)*)Cl)(C)C)Cl,tg,100.9977339983093
2392,*OC(=O)c1ccc(cc1)C(=O)OCCCCC*,tg,15.218145141700072
2393,*P1(=NP(=NP(=N1)(Oc1ccc(cc1)C(=O)OCCC)Oc1ccc(cc1)C(=O)OCCC)(Oc1ccc(cc1)C(c1ccc(cc1)O*)(C(F)(F)F)C(F)(F)F)Oc1ccc(cc1)C(=O)OCCC)Oc1ccc(cc1)C(=O)OCCC,tg,62.776408238890134
2394,*N1C(=O)c2c(C1=O)cc(cc2)C(=O)c1cc2c(C(=O)N(C2=O)CCCCCCCCCCC(=O)Nc2ccc(cc2)Cc2ccc(cc2)NC(=O)CCCCCCCCCC*)cc1,tg,159.31475042282992
2395,*CCc1ccc(C(*)=S)s1,ei,5.9928221685388685
2396,*CC(S1)=CC=C1C(S2)=CC=C2C(=S)*,egc,2.3548217875387127
2397,*c1c2C(=O)N(C(=O)c2c(c2ccccc12)c1ccc(cc1)Oc1c(cc(cc1)c1ccc(cc1)c1cc(c(cc1)Oc1ccc(cc1)*)C(F)(F)F)C(F)(F)F)c1ccccc1,tg,314.7168057803757
2398,*N1C(=O)c2c(C1=O)cc(cc2)Oc1cc2c(C(=O)N(C2=O)c2c(cc(c(c2C)C(=O)c2cc(ccc2)*)C)C)cc1,tg,254.95980939241304
2399,*Oc1c(C)cc(-c2cc(C)c(OC(=O)CCCCCC(*)=O)c(C)c2)cc1C,egc,4.631558062084742
2400,*NC(=O)c1cc(cc(c1)C(C)(C)C)C(=O)NCc1ccc(cc1)C*,tg,201.80547413078355
2401,*C(C*)(C(=O)OCCCCCCOc1ccc(cc1)C(=O)Oc1c2c(c(cc1)N=Nc1ccc(cc1)C)cccc2)C,tg,49.14761340893793
2402,*c1cncc(c1)C(=O)NNC(=O)c1ccc(cc1)[Si](c1ccc(cc1)C(=O)NNC(=O)*)(c1ccccc1)c1ccccc1,tg,243.72298580493614
2403,*OC(*)CCCCC,egc,6.47718588045856
2404,*Nc1ccc(NC(=O)NONC(*)=O)s1,nc,2.032518582746128
2405,*CNc1ccc(O*)s1,ei,5.206159199276232
2406,*c1ccc(Oc2ccc(N3C(=O)c4cccc(Oc5cccc(Oc6cccc7c6C(=O)N(*)C7=O)c5)c4C3=O)cc2)cc1,egc,2.9886782701280534
2407,*N(CC*)C(=O)Cc1ccc(cc1)C(F)(F)F,tg,83.2470224643396
2408,*c1c2C(=O)N(C(=O)c2c(c2ccccc12)c1ccc(cc1)Oc1ccc(cc1)C(=O)c1ccc(cc1)Oc1ccc(cc1)*)c1ccc(cc1)F,tg,267.1872719178106
2409,*Oc1c2c(c(cc1)OC(=O)c1c(cc(cc1)c1ccc(cc1)C(=O)*)c1ccccc1)cccc2,tg,182.40146884437777
2410,*CC(O)COc1ccc(S(=O)(=O)c2ccc(OCC(O)COc3cccc(O*)c3)cc2)cc1,egc,4.23408010062626
2411,*CCOC(=O)CCCCS(=O)(=O)CCCCC(=O)O*,egc,6.624416165932771
2412,*c1cc2c(C(=O)N(C2=O)c2cc(c(cc2)c2c(cc(cc2)N2C(=O)c3c(C2=O)cc(cc3)C(*)(c2ccccc2)C(F)(F)F)C(F)(F)F)C(F)(F)F)cc1,tg,310.80903416501036
2413,*OC(=O)c1ccc(cc1)C(=O)OCCOC(=O)CCCCCCCCCCC(=O)OCC*,tg,-7.675458797414457
2414,*CCc1ccc(C(*)=S)cc1,eps,4.107947742148217
2415,*Oc1ccc(cc1)OCC(=O)OC(=O)C*,tg,78.1010109424688
2416,*c1cc2c(C(=O)N(C2=O)c2ccc(cc2)Oc2ccc(cc2)N2C(=O)c3c(C2=O)cc(cc3)C(=O)Nc2ccc(cc2)Oc2ccc(cc2)c2ccc(cc2)Oc2ccc(cc2)NC(=O)*)cc1,tg,272.94572263884925
2417,*C(C*)(C(=O)OCCCCCCCCCCOc1cc2c(cc1)cc(cc2)C(=O)Oc1ccccc1)C,tg,20.00205686211495
2418,*C(=O)NCCNC(=O)c1ccc(N2C(=O)c3ccc(*)cc3C2=O)cc1,egc,3.360709735105614
2419,*c1ccc(C(F)(F)NC(*)(F)F)cc1,eps,3.973311096207049
2420,*CC(=O)OC(*)=S,nc,1.7501245111369856
2421,*OC(=O)CCCCCCC(=O)OCC(=O)NCCCCCCNC(=O)C*,tg,-0.42901409530533363
2422,*N1C(=O)c2c(C1=O)cc(cc2)[Si](O[Si](c1cc2c(C(=O)N(C2=O)c2ccc(cc2)Cc2ccc(cc2)*)cc1)(C)C)(C)C,tg,229.92939680153992
2423,*Cc1ccc(C(=O)c2ccc(*)s2)cc1,eea,2.650263093149728
2424,*Oc1ccc(cc1)P(=O)(c1ccc(cc1)Oc1ccc(cc1)C(c1ccc(cc1)*)(C(F)(F)F)C(F)(F)F)C,tg,185.30234739148986
2425,*CC1(CO*)CCC(C)CC1,egc,5.730747262175207
2426,*ON(C(C(*)(F)F)(F)F)C(C(Br)(F)F)(F)F,tg,-3.6237639472513354
2427,*Oc1ccc(cc1)NC(=O)c1ccc(cc1)Oc1ccc(cc1)C(c1cc(ccc1)C(c1ccc(cc1)Oc1ccc(cc1)C(=O)Nc1ccc(cc1)Oc1ccc(cc1)C(c1ccc(cc1)*)(C)C)(C)C)(C)C,tg,156.8041763353741
2428,*OC(=O)OCC(C(C*)OC=O)OC=O,tg,33.75286937890086
2429,*c1ccc(*)n1CCC(=O)OC(C)C(=O)OCC,egb,3.442680279812862
2430,*CC(*)OC(=O)C(F)(F)C(F)(F)C(F)(F)F,egb,6.186487269776977
2431,*CC(*)(C)C(=O)Oc1ccc([N+](=O)[O-])c(C)c1,egc,3.6350699401363213
2432,*c1ccc2c(nc([nH]2)c2cc(cc(c2)N2C(=O)c3c(C2=O)cccc3)c2nc3c([nH]2)ccc(c3)C(=O)Nc2ccc(cc2)NC(=O)*)c1,tg,320.18892439338475
2433,*N1C(=O)c2c(C1=O)cc(cc2)Oc1ccc(cc1)c1ccc(cc1)Oc1cc2c(C(=O)N(C2=O)c2cc(ccc2)*)cc1,tg,243.92931668635038
2434,*Oc1ccc(C(CC)c2ccc(OC(*)=O)cc2)cc1,egb,4.85903999070216
2435,*NC(=O)CCCCC(=O)NCCCCC*,tg,48.3528639613477
2436,*N1C(=O)c2c(C1=O)cc(cc2)Oc1cc2c(C(=O)N(C2=O)c2cc(c(cc2)Oc2ccc(cc2)Oc2ccc(cc2)*)C(F)(F)F)cc1,tg,242.85811062944876
2437,*N=P(*)(OCCCCCCCCCC)OCCCCCCCCCC,tg,-73.44280543529092
2438,*CCCCCCCCCC#CC#CCCCCCCCCCOC(=O)CCCCC(=O)O*,egc,5.435969053415304
2439,*CCCCOC(=O)c1ccc(C(=O)O*)cc1,ei,6.8676736440983035
2440,*c1sc(cc1C(=O)Oc1c2ncccc2ccc1)*,tg,117.65118813170591
2441,*CCCCOC(=O)CCCCCNC(=O)O*,egc,6.456177040317638
2442,*CNC(=O)CCCCC(=O)N*,egc,5.938570296950782
2443,*CCN(*)C(=O)Cc1ccc(C(F)(F)F)cc1,egc,4.371666934778391
2444,*N=P(*)(OCC)OCC,tg,-60.63970210832762
2445,*CCCC(*)=O,ei,6.270944372331623
2446,*CCCCCCCCCCNC(C)=N*,egc,5.516764345363576
2447,*N1C(=O)c2c(C1=O)cc(cc2)C(=O)c1cc2c(C(=O)N(C2=O)CC(=O)Nc2ccc(cc2)NC(=O)C*)cc1,tg,244.54946932775547
2448,*CCC(=O)C(*)=S,ei,6.3671955327205785
2449,*CNC(=O)NCOCO*,egb,6.38445383342451
2450,*O[Si](CCCN=Cc1c(ccc(c1)Cc1cc(c(cc1)O)C=NCCC[Si](*)(C)C)O)(C)C,tg,25.968452643521434
2451,*CC(=S)c1ccc(O*)s1,eea,3.19863185121841
2452,*COC(=O)Nc1ccc(Cc2ccc(NC(=O)OCc3cocc3*)cc2)cc1,egc,3.957842707968071
2453,*Oc1c(cc(c(c1)OC(=O)c1ccc(cc1)OCC)OC(=O)CCCCCCCCCCCCCCC(=O)*)OC(=O)c1ccc(cc1)OCC,tg,31.46841741487228
2454,*c1c(nc2c(n1)cc(cc2)Oc1cc2c(nc(c(n2)c2ccc(cc2)c2ccc(cc2)*)c2ccccc2)cc1)c1ccccc1,tg,329.82342472074436
2455,*Oc1c(cc(cc1)C(c1cc(c(cc1)OC(=O)*)C)(C)C)C,tg,118.51248066373616
2456,*CNC(=O)C(=S)*,egc,3.046891031208893
2457,*Oc1ccc(cc1)NC(=O)c1cc(cc(c1)NC(=O)c1ccc(cc1)OC(=O)C)C(=O)Nc1ccc(cc1)*,tg,258.62092197080904
2458,*OC(C(*)=O)C(C)C,egc,6.061544073035039
2459,*C#CC(=C(*)c1ccccc1)c1ccccc1,egc,2.721832753673514
2460,*CC(CCCCCC)O*,egc,5.482611316784838
2461,*C(C(C(C*)OC)C(=O)OC)C(=O)OC,tg,72.18240510026087
2462,*Oc1ccc(cc1)CC(NC(=O)CCc1ccc(cc1)OC(=O)CCCCC(=O)*)C(=O)OC(CC)C,tg,47.73705697841973
2463,*CCOC(=O)NCCCOCCCNC(=O)O*,egc,5.869855363760882
2464,*O[Si](*)(CCCOCCOC)CCCOCCOC,tg,-73.58010855498952
2465,*OC(=O)c1ccc(cc1)N=Cc1ccc(cc1)C=Nc1ccc(cc1)C(=O)OCCCCOCCCCOCCCC*,tg,50.39397990028459
2466,*Oc1ccc(cc1)S(=O)(=O)c1ccc(cc1)Oc1ccc(cc1)c1ccc(cc1)Oc1ccc(cc1)C(=O)c1ccc(cc1)*,tg,215.6909365784529
2467,*Oc1ccc(cc1)Oc1ccc(cc1)C(=O)c1cc(ccc1)c1cc(ccc1)C(=O)c1ccc(cc1)*,tg,187.15532527166536
2468,*c1cc2c(C(=O)N(C2=O)c2ccc(cc2)Oc2cc(ccc2)Oc2ccc(cc2)N2C(=O)c3c(C2=O)cc(cc3)C(=O)Nc2ccc(cc2)C2(c3ccccc3c3ccccc23)c2ccc(cc2)NC(=O)*)cc1,tg,233.46623777818107
2469,*N1C(=O)c2c(C1=O)c(ccc2)Oc1ccc(cc1)C(c1ccc(cc1)Oc1c2c(C(=O)N(C2=O)c2c(cc(cc2C)Cc2cc(c(c(c2)C)*)C)C)ccc1)(C)C,tg,237.5810996174384
2470,*Oc1ccc(C(=S)c2ccc(*)s2)s1,ei,5.821860670485014
2471,*Oc1ccc(cc1)NC(=O)c1cc(ccc1)C(=O)Nc1ccc(cc1)OCCOCC*,tg,117.16866936568557
2472,*NC(=S)NO*,egb,2.7014677793801405
2473,*OC(=O)Nc1c(ccc(c1)NC(=O)OCCCCCOC(=O)c1c(cccc1)C(=O)O[Cd]OC(=O)c1c(cccc1)C(=O)OCCCCC*)C,tg,60.139417155702375
2474,*Oc1ccc(cc1)Nc1ccc(cc1)S(=O)(=O)c1ccc(cc1)Nc1ccc(cc1)Oc1ccc(cc1)C(c1ccc(cc1)*)(C)C,tg,166.9070842632738
2475,*CCC(=O)c1ccc(*)s1,ei,6.464468628794025
2476,*C(C*)(C(=O)OCCCOc1ccc(cc1)C(=O)Oc1ccc2c(c1)oc(=O)cc2)C,tg,123.0404975106993
2477,*N(CC(C*)O)c1ccc(cc1)N=Nc1ccc(cc1)C(=O)O,tg,154.72029928701292
2478,*C(C*)C(=O)Nc1cc2C(=O)c3c(C(=O)c2cc1)cccc3,tg,151.8027069458306
2479,*CC1CCC(COC(=O)NCCSCCCSCCNC(=O)O*)CC1,egb,5.509685387545111
2480,*C(C*)(CC(=O)OCCCc1ccccc1)C(=O)OCCCc1ccccc1,tg,41.35158886688035
2481,*C(C*)OC(=O)C(C)(C)C,tg,72.21023587651491
2482,*c1ccc(C(F)(F)c2ccc(C(*)(F)F)cc2)cc1,eea,2.4153098038011405
2483,*Nc1ccc(Oc2ccc(*)s2)s1,ei,4.82336955848947
2484,*Oc1ccc(cc1)S(=O)(=O)c1ccc(cc1)OCC(C*)O,tg,124.10695083692467
2485,*Oc1c(cc(cc1C)S(=O)(=O)c1cc(c(c(c1)C)OCC(COc1ccc(cc1)C(c1ccc(cc1)OCC(C*)O)(C)C)O)C)C,tg,132.19328329055054
2486,*CC(CCl)(CCl)COC(=O)CCCCCCCCC(=O)O*,egc,6.888821127286555
2487,*Cc1ccc(COC(=O)CCCCS(=O)(=O)CCCCC(=O)O*)cc1,egc,5.32722487805146
2488,*OC(CCC(OC(=O)CCCCCCCCC(=O)*)C)C,tg,-26.791649713784754
2489,*Oc1c(cc(cc1)Oc1ccc(cc1)C(=O)c1ccc(cc1)C(=O)c1ccc(cc1)*)c1ccc(cc1)S(=O)(=O)O,tg,165.62345621224864
2490,*NC(C)(CCC)CC(*)=O,egc,5.676448773144096
2491,*Oc1ccc(cc1)Oc1ccc(cc1)C=Nc1ccc(cc1)N=Cc1ccc(cc1)*,tg,140.62106164694816
2492,*c1sc(cc1C(=O)OCC(C(C(F)(F)F)(F)F)(F)F)*,tg,42.39978501029182
2493,*OC(=O)c1ccc(cc1)[Si](c1ccc(cc1)C(=O)OCCCC*)(C)C,tg,48.0613153235489
2494,*CC(=O)c1ccc(-c2ccc(*)cc2)s1,ei,6.1178773207206545
2495,*C(=S)OC(=S)c1ccc(*)cc1,eps,5.511674587423666
2496,*c1sc(cc1c1ccc(cc1)C(=C1C=C(C(=O)C(=C1)C(C)(C)C)C(C)(C)C)c1cc(c(c(c1)C(C)(C)C)O)C(C)(C)C)*,tg,60.02235273679142
2497,*C(C*)(C(=O)OCC(C(F)F)(F)F)F,tg,94.87094509638382
2498,*c1cccc(*)n1,eea,1.7373856181093839
2499,*CCCCCCCOC(=O)CCCCCCCCC(=O)O*,egc,6.774074369430594
2500,*NC(=O)c1ccc(O*)cc1,nc,1.8635812215567993
2501,*Oc1ccc(cc1)C(c1ccc(cc1)OC(=S)*)CCC,tg,81.62089184790693
2502,*Oc1ccc(cc1)S(=O)(=O)c1ccc(cc1)Oc1c(cc(c(c1C)Br)c1c(c(c(c(c1)C)*)C)Br)C,tg,253.49299147901263
2503,*c1ccc(cc1)CC*,tg,70.52800939174853
2504,*c1cc2c(C(=O)N(C2=O)c2ccc(cc2)Oc2c(cc(cc2C(C)(C)C)c2ccc(cc2)N2C(=O)c3c(C2=O)cc(cc3)C(*)(C(F)(F)F)C(F)(F)F)C(C)(C)C)cc1,tg,358.6067419984287
2505,*C(=O)NC(=O)c1ccc(*)cc1,egb,3.287429630255086
2506,*Nc1ccc(C(=O)O*)cc1,eps,4.356127405061988
2507,*c1cc2c(C(=O)N(C2=O)c2ccc(cc2)Oc2ccc(cc2)N2C(=O)c3c(C2=O)cc(cc3)c2ccc(cc2)c2ccc(cc2)c2ccc(cc2)c2ccc(cc2)*)cc1,tg,249.04721415796539
2508,*Oc1ccc(cc1)C(=O)c1cc(ccc1)NC(=O)c1cc(ccc1)C(=O)Nc1ccc(cc1)C(=O)c1ccc(cc1)*,tg,203.0635217053358
2509,*C(C*)(C(=O)OCCCCn1c2ccc(cc2c2ccccc12)N=Nc1c(cc(cc1)[N+](=O)[O-])[N+](=O)[O-])C,tg,94.18065166586176
2510,*CCCCCC(=O)O*,egc,6.752297163261707
2511,*N1C(=O)c2c(C1=O)cc(cc2)Oc1cc2c(C(=O)N(C2=O)c2cc(ccc2)C(C(C(c2cc(ccc2)*)(F)F)(F)F)(F)F)cc1,tg,176.90598739809928
2512,*c1sc(nn1)c1ccc(cc1)C(=O)OCCCCCCOC(=O)c1ccc(cc1)*,tg,74.03294858753605
2513,*C1C2C(C(C1)CC*)C1C(CC2C1)(C(=O)OC)C,tg,189.96979945181945
2514,*c1nnc(nc1c1ccc(cc1)Oc1ccc(cc1)C(=O)c1ccc(cc1)Oc1ccc(cc1)*)c1ncccc1,tg,208.35764049252575
2515,*Oc1ccc(cc1)C1(c2ccccc2c2ccccc12)c1ccc(cc1)Oc1ccc(cc1)C(=O)c1c(c(c(c(c1c1ccccc1)c1cc2c(cc1)cccc2)c1cc2c(cc1)cccc2)c1ccccc1)C(=O)c1ccc(cc1)*,tg,312.7381791110639
2516,*c1sc(-c2cc(CCCCCC)c(*)s2)cc1CCCCCC,egc,1.8169976232058607
2517,*c1ccc(Oc2cc(C(C)(C)C)ccc2Oc2ccc(-n3c(=O)c4cc5c(=O)n(*)c(=O)c5cc4c3=O)cc2)cc1,egc,1.8817939542567177
2518,*c1cc2c(C(=O)N(C2=O)c2ccc(cc2)C(=O)Nc2c(cccc2)NC(=O)*)cc1,tg,272.94130989710607
2519,*Oc1c(C(C)C)cc(C(*)=O)cc1C(C)C,egc,3.916066349973101
2520,*C(=C(*)c1ccccc1)CCCCCC,tg,87.59248348746979
2521,*C(C*)(C(=O)OC1C2(CCC(C1)C2(C)C)C)C,tg,150.56180922888572
2522,*CC(=O)C(=S)c1ccc(*)cc1,egb,2.014481101151896
2523,*CC(C)(C=O)C(F)(F)C(*)([2H])[2H],egc,6.200360415660487
2524,*Oc1ccc(C(CC)(c2ccccc2)c2ccc(OC(=O)CCCCCCCCC(*)=O)cc2)cc1,egc,4.870689110152339
2525,*N1C(=O)c2c(C1=O)cc(cc2)S(=O)(=O)c1cc2c(C(=O)N(C2=O)c2ccc(cc2)Oc2c(cc(c(c2)C(C)(C)C)Oc2ccc(cc2)*)C(C)(C)C)cc1,tg,300.01918034021355
2526,*CCCCCCNC(=O)CCP(=S)(CCC(=O)N*)c1ccccc1,egc,4.3779382108876055
2527,*c1ccc(*)nc1,egc,3.842795673662076
2528,*c1cc2c(C(=O)N(C2=O)c2ccc(cc2)Oc2ccc(cc2)C(c2ccc(cc2)Oc2ccc(cc2)N2C(=O)c3c(C2=O)cc(cc3)C(=O)Nc2ccc(cc2)Oc2c(cccc2)c2c(cccc2)Oc2ccc(cc2)NC(=O)*)(C)C)cc1,tg,235.49657333729203
2529,*[Ge](C=C*)(c1ccccc1)c1ccccc1,tg,80.55471403762012
2530,*c1cc2c(C(=O)N(C2=O)c2ccc(cc2)Oc2ccc(cc2)N2C(=O)c3c(C2=O)cc(cc3)C(=O)Oc2cc3c(cc2)ccc(c3)OC(=O)*)cc1,tg,221.82952448674217
2531,*Nc1cc(ccc1)NC(=O)c1ccc(cc1)NC(=O)c1ccc(cc1)[Si](c1ccc(cc1)C(=O)Nc1ccc(cc1)C(=O)*)(C)C,tg,286.54435257286474
2532,*C(C(C(C*)OCC(C)C)C(=O)OC)C(=O)OC,tg,65.29103074267844
2533,*C(C)=C(C)c1ccc(-c2ccc(*)s2)s1,egc,1.8974728353025323
2534,*CCc1ccc(O*)cc1,ei,5.7941638968924405
2535,*CCCCCCCCCCNC(=O)CCCCC(=O)N*,egc,5.985874371447348
2536,*CC(=O)CO*,eps,3.606636114047248
2537,*OC(CC(*)=O)C(Cl)Cl,egc,6.555024019151901
2538,*CC(=O)NCCCCCCNC(=O)COC(=O)CCC(=O)O*,egc,6.064796425179958
2539,*Oc1ccc(cc1)C1(c2ccccc2c2ccccc12)c1ccc(cc1)OCCOC(=O)Nc1ccc(cc1)Cc1ccc(cc1)NC(=O)OCC*,tg,147.09617512864938
2540,*Nc1ccc(Cc2ccc(NC(=O)c3cc(C(*)=O)cc(N4C(=O)C=CC4=O)c3)cc2)cc1,egb,1.8799125753073513
2541,*C(C(CCCCCCCCCCCC*)c1ccc(cc1)O)c1c(cc(cc1)O)C,tg,-6.113767820966399
2542,*C(C*)C(=O)OCC(C)C,tg,-13.800668779034984
2543,*NC(C)C(=O)NCC(=O)NCC(=O)NCC(*)=O,egb,5.818789912509921
2544,*C(C*)(C(=O)N)C,tg,178.57984200943486
2545,*C(=O)c1ccc(-c2ccc(C(*)=S)s2)s1,nc,2.332151164570535
2546,*c1cc2c(C(=O)N(C2=O)c2ccc(cc2)S(=O)(=O)c2ccc(cc2)NC(=O)c2cc(ccc2)C(=O)Nc2ccc(cc2)S(=O)(=O)c2ccc(cc2)N2C(=O)c3c(C2=O)cc(cc3)C(=O)*)cc1,tg,255.70840320136105
2547,*OC1CCC(CC1)OC(=O)OCCCCOC(=O)*,tg,10.39494142555528
2548,*N=C(NCCCCCCCCCC*)C,tg,44.24224851011626
2549,*S(=O)(=O)c1ccc(cc1)Sc1ccc(cc1)*,tg,157.22713982241538
2550,*Oc1c(cc(cc1)Cc1cc(c(cc1)OC(=O)*)C)C,tg,119.40919214015929
2551,*C(C*)C(=O)OCCSC,tg,-45.968874301814544
2552,*Oc1ccc(-c2ccc(C(*)=O)cc2)cc1,eea,2.4255044800014387
2553,*c1c2c(c(nn1)c1ccc(cc1)Oc1ccc(cc1)Oc1ccc(cc1)*)c(c(c(c2c1ccc(cc1)F)c1ccc(cc1)F)c1ccc(cc1)F)c1ccc(cc1)F,tg,290.5791515070186
2554,*Oc1ccc(-c2ccc(-c3ccc(*)cc3)s2)cc1,egb,2.5265668349897763
2555,*C(C*)(C(=O)OCc1ccc(cc1)Cl)C,tg,25.498214657037945
2556,*C1C2C(C(C(C1*)C2)COCCCc1ccccc1)COCCCc1ccccc1,tg,130.93103159427704
2557,*Cc1c(O)c(CNC(=O)N*)cc(C(CC)=NO)c1O,egc,4.415751175342249
2558,*C(C*)CCI,tg,11.69326151522772
2559,*CC(*)(C#N)C(=O)OC(C)C,egc,6.23388354749276
2560,*Nc1ccc(cc1)NC(=O)c1c(cc(cc1)C(c1cc(c(cc1)C(=O)*)C(=O)OCC)(C(F)(F)F)C(F)(F)F)C(=O)OCC,tg,235.44798583282352
2561,*C(=O)C(S1)=CC=C1C(S2)=CC=C2C(S3)=CC=C3*,egc,2.1670608348367697
2562,*c1nnc(nc1c1ccc(cc1)Oc1ccc(cc1)C(c1ccc(cc1)Oc1ccc(cc1)*)(C(F)(F)F)C(F)(F)F)c1ncccc1,tg,221.79681011034717
2563,*N1C(=O)C2C(C1=O)CC(CC2)C1CC2C(C(=O)N(C2=O)c2ccc(cc2)Oc2ccc(cc2)Oc2ccc(cc2)Oc2ccc(cc2)*)CC1,tg,249.3060914278069
2564,*N1C(=O)c2c(C1=O)cc(cc2)Oc1cc2c(cc1)ccc(c2)Oc1cc2c(C(=O)N(C2=O)c2c(cc(cc2C)Cc2cc(c(c(c2)C)*)C)C)cc1,tg,292.7985364772463
2565,*Oc1ccc(Cc2ccc(Cc3ccc(OC(*)=O)cc3)cc2)cc1,egc,4.930300042474169
2566,*Oc1ccc(C(C)(C)c2cc(Cl)c(OC(*)=O)c(Cl)c2)cc1,egc,5.006567466435113
2567,*c1cc2c(C(=O)N(C2=O)c2ccc(cc2)Oc2c(c(ccc2)Oc2ccc(cc2)N2C(=O)c3c(C2=O)cc(cc3)C(=O)*)C#N)cc1,tg,262.05166667749336
2568,*C(=C(*)C)SCCCCCCCCCC,tg,87.0646061565762
2569,*Oc1ccc(cc1)CC(NC(=O)CCc1ccc(cc1)OC(=O)COCC(=O)*)C(=O)OCC,tg,71.19525035315444
2570,*Oc1ccc2cc(Oc3ccc(C(=O)c4ccc(*)cc4)cc3)ccc2c1,egc,3.492194851039318
2571,*C1C2C(C(=O)N(C2=O)CCCCC)C(C1)C=C*,tg,85.02124538359939
2572,*OC(C*)COC,tg,-55.76232393827987
2573,*c1cc2c(C(=O)N(C2=O)c2ccc(cc2)OCCOCCOc2ccc(cc2)N2C(=O)c3c(C2=O)cc(cc3)C(=O)*)cc1,tg,193.73419802646458
2574,*Cc1ccc(C(=S)c2ccc(*)s2)s1,eea,3.1683815256691634
2575,*CC(*)c1cc(C)ccc1F,egc,4.118784578186798
2576,*Nc1ccc(NC(=O)c2cc(C(*)=O)c(C(=O)O)cc2C(=O)O)cc1,egc,3.1285065608032374
2577,*Nc1ccc(-c2ccc(-c3ccc(*)s3)s2)cc1,eps,6.357230284576379
2578,*OP(=O)(Oc1ccc(cc1)NC(=O)OCCCCCCOC(=O)Nc1ccc(cc1)*)c1ccccc1,tg,20.864644428778057
2579,*OC1C(COCO)OC(*)C(O)C1O,egc,5.770454145570417
2580,*CCCCCCSSCCCCSS*,egc,4.608966606703204
2581,*NC(=S)NO*,eea,3.055934789464828
2582,*O[Si](O[Si](O[Si](O[Si](O[Si](O[Si](Oc1c2ccccc2c2ccccc2c1*)(C)C)(C)C)(C)C)(C)C)(C)C)(C)C,tg,-48.55612420506698
2583,*c1cc2c(s1)-c1sc(-c3cc4c(s3)-c3sc(*)cc3C4(CC(CC)CCCC)CC(CC)CCCC)cc1C2=O,egc,1.949142205725022
2584,*CCCCCCCCCCCCCCCCCCCCC(*)Cl,egc,7.137926081562435
2585,*OC(=O)C=CC(=O)NCCCCCCNC(=O)C=CC(=O)OCCOCCOCC*,tg,62.10330874067812
2586,*C(F)(F)NC(F)(F)C(C=C1)=CC=C1*,egc,4.535346286545234
2587,*c1cc2c(C(=O)OC2=Nc2cc(ccc2)Oc2ccc(cc2)N=C2OC(=O)c3c2cc(cc3)C(=O)*)cc1,tg,205.17451474066627
2588,*Oc1ccc(cc1)c1ccc(cc1)N=Nc1ccc(cc1)C(=O)*,tg,210.91251930553298
2589,*Oc1ccc(C(=S)c2ccc(*)cc2)cc1,eps,5.074248997371768
2590,*OC(=O)NCCCCCCNC(=O)OCC(CS(=O)(=O)CC(C*)(C)C)(C)C,tg,37.29193619869172
2591,*NC(=O)Oc1ccc(*)cc1,eea,1.476111954583336
2592,*Oc1ccc(cc1)c1ccc(cc1)Oc1c(c(c(c(c1F)F)COC(c1cc(ccc1)C(OCc1c(c(c(c(c1F)F)*)F)F)(C(F)(F)F)C(F)(F)F)(C(F)(F)F)C(F)(F)F)F)F,tg,127.80101303113764
2593,*C(C*)(C(=O)OCCCCOc1ccc(cc1)OC(=O)c1ccc(cc1)OC)C,tg,50.37751792919703
2594,*C(C*)(C(=O)OCCN(c1ccc(cc1)N(C)C)C)C,tg,42.95855206253111
2595,*OC(=O)Nc1c(ccc(c1)NC(=O)OCCCCCC*)C,tg,56.08880757951843
2596,*Oc1ccc(cc1)CC(NC(=O)CCc1ccc(cc1)OC(=O)CCC(=O)*)C(=O)OCCCCCC,tg,44.657216070679226
2597,*C1C(=O)N(C2CCCCC2)C(=O)C1*,egc,5.617653726385639
2598,*Oc1ccc(CC(*)=O)cc1,ei,6.631439518986355
2599,*c1sc(cc1)C(=O)Oc1ccc(cc1)[Si](c1ccc(cc1)OC(=O)*)(CC)C,tg,-28.088505517686606
2600,*C=C(*)C(=O)CC,egc,4.326660851373671
2601,*c1cc2c(C(=O)N(C2=O)c2ccc(cc2)Oc2ccc(cc2)N2C(=O)c3c(C2=O)cc(cc3)C(C(C(C(*)(F)F)(F)F)(F)F)(F)F)cc1,tg,216.25438285444332
2602,*CC(C)(C)COC(=O)NCCNC(=O)O*,egc,6.326523954638268
2603,*c1nc2c(nc1)cc(cc2)c1ccc2c(nc(cn2)c2ccc(cc2)*)c1,tg,363.177314052571
2604,*Oc1ccc(cc1)Oc1c(cc(cc1)C(=O)c1ccc(cc1)Oc1ccc(cc1)Oc1ccc(cc1)C(=O)c1cc(c(cc1)*)C(C)C)C(C)C,tg,143.35224872696614
2605,*C1C(C2C(C1)C(C(C2)CC*)OC(=O)CCCCCCCCCCOc1ccc(cc1)c1ccc(cc1)C#N)OC(=O)CCCCCCCCCCOc1ccc(cc1)c1ccc(cc1)C#N,tg,41.64660585950196
2606,*O[Si](c1ccccc1)(c1ccccc1)c1cccc(*)c1,egc,4.146227019876108
2607,*C(C*)(C(=O)OCCCCCCOc1ccc(cc1)C(=O)Oc1ccc(cc1)C)C,tg,33.624965922389386
2608,*Oc1ccc(cc1)C(c1ccc(cc1)OC(=O)c1ccc(cc1)S(=O)(=O)c1ccc(cc1)C(=O)*)(C)C,tg,188.90028995549207
2609,*Oc1cc(c(cc1)CCc1ccc(cc1)OCCCC*)C,tg,19.65189416081816
2610,*c1cc(CCCCCCCCCCBr)c(*)s1,egc,2.381092184951714
2611,*OC(=O)CCCCCNC(=O)CCCCC(=O)NCCCCCC(=O)OCCCC*,tg,-16.08545826507065
2612,*c1ccc2cc(*)n(C(C(=O)OCC)n3ccc4ccccc43)c2c1,egc,3.475677099667407
2613,*CCOCCOC(=O)c1ccc(Cc2ccc(C(=O)O*)cc2)cc1,egc,4.549177221775247
2614,*c1ccc(*)n1C(=O)NO,egc,2.742495542991045
2615,*N1C(=O)c2c(C1=O)cc(cc2)c1ccc(cc1)c1cc2c(C(=O)N(C2=O)CCCCCCCCCC*)cc1,tg,105.5637446410069
2616,*C(C*)c1ccc(cc1)COc1ccc(cc1)c1c2c(nsn2)c(cc1)c1ccc(cc1)C,tg,148.09787959982935
2617,*c1cc2c(C(=O)N(C2=O)c2c(ccc(c2)N2C(=O)c3c(C2=O)cc(cc3)C(=O)*)Oc2ccc(cc2)C(c2ccccc2)(C)C)cc1,tg,267.8331067521725
2618,*c1nc2c(c(c1)c1ccccc1)cc(cc2)Oc1cc2c(nc(cc2c2ccccc2)c2c(ccc(c2)*)OCCN(c2ccc(cc2)c2sc(cc2)C(=C(C#N)C#N)c2ccc(cc2)N(CC)CC)CC)cc1,tg,190.44485695805844
2619,*CC(*)C(=O)Oc1cccc(C)c1,egc,4.595279498996045
2620,*CNC(=O)C(*)=S,egb,2.2473408401818227
2621,*c1ccc(C(Cl)(Cl)C(*)Cl)cc1,egc,4.198091343588799
2622,*C(=O)c1ccc2c(c1)C(=O)N(c1cc(-c3nc4ccccc4oc3=O)cc(N3C(=O)c4ccc(*)cc4C3=O)c1)C2=O,egc,2.534961837819924
2623,*C=C(*)c1cccc(C#C)n1,egc,1.007467414849237
2624,*CCOCCOC(=O)O*,egc,6.826992152614332
2625,*Oc1ccc(cc1)OC(=O)c1c(cc(cc1)C(=O)*)Oc1ccc(cc1)C(c1ccccc1)(C)C,tg,112.79857186499657
2626,*c1cc2c(C(=O)N(C2=O)c2ccc(cc2)C(=O)Nc2ccc(cc2)C(c2ccc(cc2)NC(=O)c2ccc(cc2)N2C(=O)c3c(C2=O)cc(cc3)C(*)(C(F)(F)F)C(F)(F)F)(C(F)(F)F)C(F)(F)F)cc1,tg,313.97741401428584
2627,*C(C*)(CC(=O)OCC(C)C)C(=O)OCC(C)C,tg,46.19895757757631
2628,*N1C(=O)c2c(C1=O)cc(cc2)C(=O)c1cc2c(C(=O)N(C2=O)CCCCCCCCCCC(=O)Nc2ccc(cc2)NC(=O)CCCCCCCCCC*)cc1,tg,156.67864448790834
2629,*OC(=O)OCC(C(C*)OC(=O)C)OC(=O)C,tg,42.2116731707936
2630,*C(C*)C(=O)Nc1c(cccc1)Cl,tg,96.20508906525713
2631,*OC(=O)c1cc(cc(c1)OCCCCC)C(=O)OCC(C(C(C*)(F)F)(F)F)(F)F,tg,16.322977953907973
2632,*CC1CC1COC(=O)NCCCCCCNC(=O)O*,egc,6.358157164709151
2633,*N1C(=O)c2c(C1=O)cc(cc2)C(=O)Nc1ccc(cc1)C1(c2ccccc2c2ccccc12)c1ccc(cc1)NC(=O)C*,tg,248.3848631701489
2634,*Oc1ccc(cc1)c1ccc(cc1)OCCCCCCCCCCCOC(=O)c1cc(cc(c1)OCCCCCCCCOc1ccc(cc1)N=Nc1ccc(cc1)OC)C(=O)OCCCCCCCCCCC*,tg,50.97204933513483
2635,*Oc1ccc(cc1)C(c1ccc(cc1)OC(=O)*)(CC)c1ccccc1,tg,174.58236001373322
2636,*OC(=O)CCCCC(=O)OCCCCCCCCCCCCCCCC*,tg,-56.97713662663722
2637,*C(OC)=C(OC)c1ccc(*)cc1,egc,3.244379366856944
2638,*SSSSCCCCCCCCCC*,tg,-71.13756822614229
2639,*OC(=O)CCSCCC(=O)OCCOCCOCCOCCOCC*,tg,-75.84123213019879
2640,*N1C(=O)c2c(C1=O)cc(cc2)Oc1cc2c(C(=O)N(C2=O)c2c(ccc(c2)C(c2cc(c(cc2)OCc2cc(cc(c2)OCCN(c2ccc(cc2)C=CC2=CC(=C(C#N)C#N)CC(C2)(C)C)C)OCCN(c2ccc(cc2)C=CC2=CC(=C(C#N)C#N)CC(C2)(C)C)C)*)(C(F)(F)F)C(F)(F)F)OCc2cc(cc(c2)OCCN(c2ccc(cc2)C=CC2=CC(=C(C#N)C#N)CC(C2)(C)C)C)OCCN(c2ccc(cc2)C=CC2=CC(=C(C#N)C#N)CC(C2)(C)C)C)cc1,tg,197.8282210372539
2641,*C=C(*)C(C)=O,egc,4.041966204677372
2642,*NC(CCCCNC(=O)NCCCNC(*)=O)C(=O)OC,egc,5.685891206742733
2643,*C1C(=O)OC(=O)C1C1C2CC(C(C1*)C2)C(=O)OCCOCC,tg,162.42572276413878
2644,*Oc1ccc(cc1)NC(=O)c1cc(cc(c1)C(C)(C)C)C(=O)Nc1ccc(cc1)OCCCCCC*,tg,137.9832765437771
2645,*c1cc2c(C(=O)N(C2=O)c2cc(ccc2)Oc2c(c(ccc2)Oc2cc(ccc2)N2C(=O)c3c(C2=O)cc(cc3)C(=O)Nc2ccc(cc2)Oc2cc(ccc2)Oc2ccc(cc2)NC(=O)*)C#N)cc1,tg,249.34182507660657
2646,*C(=O)NC(F)(F)C(*)(F)F,eea,2.7313395730764
2647,*c1ccc(C(c2ccc(-c3nc4ccc(-c5ccc6nc(*)oc6c5)cc4o3)cc2)(C(F)(F)F)C(F)(F)F)cc1,egc,3.622592912884948
2648,*C(=O)C=CC(=O)N1CC(C)N(*)CC1C,egc,4.684645132478385
2649,*CC(*)CC,egc,7.045055985447353
2650,*Oc1ccc(cc1)NC(=O)c1ccc(cc1)NC(=O)c1ccc(cc1)[Si](c1ccc(cc1)C(=O)Nc1ccc(cc1)C(=O)Nc1ccc(cc1)*)(C)C,tg,265.7128386287692
2651,*Oc1ccc(cc1)C(c1ccc(cc1)Oc1ccc(cc1)C(=O)Nc1cc(c(cc1)c1c(cc(cc1)NC(=O)c1ccc(cc1)*)C(F)(F)F)C(F)(F)F)(C)C,tg,217.11455109474528
2652,*Oc1ccc(cc1)CC(NC(=O)CCc1ccc(cc1)OC(=O)CCCC(=O)*)C(=O)OC(CC)C,tg,56.36005655764631
2653,*Cc1ccc(Nc2ccc(*)s2)cc1,egb,4.071842394828016
2654,*C(C*)C(=O)OCc1ccccc1,tg,22.837686835302783
2655,*N1C(=O)c2c(C1=O)cc(cc2)Oc1c(cccc1)Oc1cc2c(C(=O)N(C2=O)c2ccc(cc2)Oc2ccc(cc2)*)cc1,tg,211.49683367374115
2656,*N1C(=O)c2c(C1=O)cc(cc2)Oc1c(cc(c(c1)C(C)(C)C)Oc1cc2c(C(=O)N(C2=O)c2ccc(cc2)Oc2ccc(cc2)c2ccc(cc2)Oc2ccc(cc2)*)cc1)C(C)(C)C,tg,273.9494203678184
2657,*C(=O)c1ccc2c(c1)C(=O)N(c1cccc(C(c3ccccc3)(c3cccc(N4C(=O)c5ccc(*)cc5C4=O)c3)C(F)(F)F)c1)C2=O,egc,3.0847867728126843
2658,*C(C*)(CC(=O)OCCCC)C(=O)OCCCC,tg,10.720362789062948
2659,*N1C(=O)c2c(C1=O)cc(cc2)Oc1ccc(cc1)C(c1ccc(cc1)Oc1cc2c(C(=O)N(C2=O)c2c(cc(cc2C)c2cc(c(c(c2)C)*)C)C)cc1)(C)C,tg,305.3725573661388
2660,*CC(=O)c1ccc(O*)cc1,nc,1.8378188402293132
2661,*N1C(=O)c2c(C1=O)cc(cc2)c1cc2c(C(=O)N(C2=O)c2ccc(cc2)Oc2cc3c(cc2Oc2ccc(cc2)*)cccc3)cc1,tg,257.7179427877543
2662,*C(C*)N1C(=S)CCC1,tg,81.93738952486106
2663,*C(C*)(CC(=O)OCCCCC)C(=O)OCCCCC,tg,-7.73172400643304
2664,*OC(=O)NCCCCCCNC(=O)OCCN(CC*)c1cc(c(cc1)N=Nc1ccc(cc1)[N+](=O)[O-])C,tg,77.52144985032879
2665,*Nc1ccc(cc1)NC(=O)c1ccc(cc1)C(=O)*,tg,313.2545011251803
2666,*N1C(=O)N(C(=O)C1(C)C)c1ccc(cc1)Cc1ccc(cc1)N1C(=O)N(C(C1=O)(C)C)c1ccc(cc1)Cc1ccc(cc1)*,tg,213.45018104017183
2667,*N([Si](C[Si](*)(C)C)(C)C)CCC,tg,7.9172278799683085
2668,*OC(=O)NCCCCCCNC(=O)OCC*,tg,48.25613470226209
2669,*CCCOC(=O)CCCCCCCCCCC(=O)O*,egc,6.938238841710856
2670,*Sc1cc(ccc1)Sc1ccc(cc1)Sc1ccc(cc1)*,tg,92.93867122174666
2671,*N1C(=O)c2c(C1=O)cc(cc2)C(c1cc2c(C(=O)N(C2=O)CCN(CC*)c2ccc(cc2)C=Cc2ccc(cc2)[N+](=O)[O-])cc1)(C(F)(F)F)C(F)(F)F,tg,191.00418456132542
2672,*c1ccc2N(c3c(Sc2c1)cc(cc3)c1sc(cc1)c1sc(cc1)*)CCCCCCCCCCCC,tg,146.24884936459333
2673,*S(=O)(=O)c1ccc(cc1)NC(=O)c1cc(cc(c1)S(=O)(=O)c1ccccc1)C(=O)Nc1ccc(cc1)*,tg,252.54445807681157
2674,*N1C(=O)c2c(C1=O)c(ccc2)Oc1ccc(cc1)Sc1ccc(cc1)Oc1c2c(C(=O)N(C2=O)c2cc(ccc2)*)ccc1,tg,236.02873832709463
2675,*C=c1ccc(=c2ccc(=Cc3ccc(*)s3)s2)s1,egc,1.2515743005623061
2676,*OCC*,tg,-26.86308384878221
2677,*c1cnc(s1)n1c(=O)c2cc3c(cc2c1=O)c(=O)n(c3=O)c1ccc(cc1)Oc1ccc(cc1)*,tg,317.23412134274673
2678,*OC(=O)c1ccc(cc1)C(=O)OCCCCCCCC*,tg,5.209005162118115
2679,*NNC(=O)CCCCCCCC(=O)NNC(=O)CCCCCCCCC(*)=O,egc,5.646392681321541
2680,*Oc1ccc(cc1)C(c1ccc(cc1)OCC(C*)OC(=O)CCl)(C)C,tg,65.06525677950758
2681,*C1C=C(C)C(*)C1,egc,5.23198824081722
2682,*C=Cc1cc(OCCCC)c(C=Cc2ccc(*)cc2)cc1OCCCC,egc,2.855273353964417
2683,*c1ccc(-c2ccc(-c3ccc(-c4ccc(*)s4)cc3)s2)cc1,nc,2.3364341603909144
2684,*c1c2ccccc2c(*)n1C,egc,2.6741547528154075
2685,*CCOCCOC(=O)CCCCCC(=O)O*,egc,6.462443695928387
2686,*O[Si](*)(CCCCCCCCCCCOc1ccc(cc1)/C=C/c1ccc(cc1)OCCCC)C,tg,20.676937278670053
2687,*C(C*)(C(=O)OCc1c(ccc(c1)Cl)Cl)C,tg,24.11175194214495
2688,*c1cocc1C[Ge](C*)(C)C,tg,84.52942322630678
2689,*OC(=O)c1cc2c(cc1)cc(cc2)C(=O)OCCCCCCCCC*,tg,41.858530929275695
2690,*Oc1ccc(cc1)C1(c2ccccc2Cc2ccccc12)c1ccc(cc1)OC(=O)CCCCCCCCC(=O)*,tg,152.78814063802818
2691,*C(C*)OC(=O)c1ccc(cc1)OC,tg,72.94324177665322
2692,*NC(=O)CCCCC(=O)NCCCCCCC*,tg,53.679019712139535
2693,*c1cc2c(C(=O)N(C2=O)c2ccc(cc2)C(=O)Nc2ccc(cc2)C(=O)OCCCCCOC(=O)*)cc1,tg,107.3315829406807
2694,*C(C*)c1cc(c(cc1)O)OC,tg,133.66168772753596
2695,*Nc1ccc(-c2ccc(C(*)=S)s2)s1,eps,8.221172925417685
2696,*C1C2C(C(C1)CC*)C1C(CC2C1)CC,tg,205.48083453045328
2697,*CONO*,eps,3.7287542451304985
2698,*C(S1)=CC=C1C(=S)OC(=S)*,egc,2.289088181562648
2699,*C(=S)C(=O)C(F)(F)C(*)(F)F,eps,4.548678619872232
2700,*Oc1cc(ccc1)NC(=O)c1ccc(cc1)C(=O)c1cc(ccc1)C(=O)Nc1ccc(cc1)*,tg,200.75295112781532
2701,*N1C(=O)c2c(C1=O)cc(cc2)C(=O)Oc1ccc(cc1)OC(=O)CCCCCCCCCCC*,tg,75.25840422800873
2702,*C(=C(*)C)CCCCCCC,tg,42.52970283884848
2703,*CC(=O)CC(S1)=CC=C1*,egc,4.116182775439107
2704,*Oc1ccc(cc1)C(c1cc(c(c(c1)Cl)OC(=O)*)Cl)(C)C,tg,178.6918672228294
2705,*NC(=S)NC(C=C1)=CC=C1NC(=S)NC(C=C2)=CC=C2OC(C=C3)=CC=C3*,egc,2.743813224591455
2706,*CC(F)(F)C(F)(F)C(F)(F)C(F)(F)COC(=O)CSCCSCC(=O)O*,egc,5.189168984984571
2707,*Oc1ccc(cc1)N(c1cc2c(cc1)ccc(c2)N(c1ccc(cc1)*)c1ccc(cc1)OC)c1ccc(cc1)OC,tg,194.46865208436103
2708,*Nc1cccc2c(NC(=O)c3cccc(C(*)=O)c3)cccc12,egc,3.212003933075821
2709,*OC(=O)c1cc(ccc1)C(=O)OCCCS(=O)(=O)CCCS(=O)(=O)CCC*,tg,66.87952497231474
2710,*c1cccc(*)n1,ei,5.53773147949883
2711,*N1C(=O)c2c(C1=O)cc(cc2)C(=O)c1cc2c(C(=O)N(C2=O)CCCCCC(=O)Nc2ccc(cc2)NC(=O)CCCCC*)cc1,tg,178.29996981306402
2712,*Cc1ccc(C(=O)O*)s1,nc,1.8199604277258516
2713,*C1=C(C2C=CC1C2)C(=O)*,tg,138.64578047668823
2714,*C(C*)CCCCCCCCCCCCCCCC,tg,-49.22863912291749
2715,*Oc1ccc(C(C)c2ccc(OC(*)=O)c(C)c2)cc1C,egc,4.843129808520555
2716,*C(=O)Nc1ccc(NC(=O)c2ccc(N3C(=O)c4ccc(*)cc4C3=O)cc2)cc1,egc,2.922321470573001
2717,*c1cc2c(C(=O)N(C2=O)c2ccc(cc2)c2ccc(cc2)NC(=O)c2cc(ccc2)C(=O)Nc2ccc(cc2)c2ccc(cc2)N2C(=O)c3c(C2=O)cc(cc3)C(=O)*)cc1,tg,259.57939105261534
2718,*CC(*)n1ccnc1,egc,4.06644766902475
2719,*c1ccc(Cc2ccc(N3C(=O)c4ccc(S(=O)(=O)c5ccc6c(c5)C(=O)N(*)C6=O)cc4C3=O)cc2)cc1,egc,3.0014699732416448
2720,*CC(*)(F)C(=O)OCC(F)(F)C(F)(F)C(F)(F)C(F)(F)C(F)(F)C(F)F,egc,6.21900886628046
2721,*COCOCCCO*,egc,6.357553230808866
2722,*CNC(S1)=CC=C1O*,egc,4.413974597153672
2723,*N1C(=O)c2c(C1=O)cc(cc2)Oc1cc(ccc1)C(=O)Nc1ccc(cc1)Cc1ccc(cc1)*,tg,230.8786627884304
2724,*Nc1ccc(C(=O)C(*)=S)s1,eps,6.661766829259909
2725,*OC(COC(=O)c1cc(cc(c1)OCCCCC)C(=O)OCC(*)(F)F)(F)F,tg,19.417997432361588
2726,*Oc1ccc(cc1)N1ON1c1ccc(cc1)OCCCCCCOC(=O)C(C(=O)OCCCCCC*)CCCCCCCCCCP(=O)(OCC)OCC,tg,5.150832931448801
2727,*c1nc2c(c(c1c1ccccc1)c1ccccc1)cc(cc2)Oc1cc2c(nc(c(c2c2ccccc2)c2ccccc2)c2ccc(cc2)Oc2ccc(cc2)*)cc1,tg,315.9585579715958
2728,*OC(=O)c1ccc(cc1)C(=O)OCC(C*)(C)C,tg,63.92145188516988
2729,*Oc1c(cc(cc1Cl)*)Cl,tg,184.08509264515692
2730,*Oc1ccc(cc1)Sc1ccc(cc1)Oc1c(cc(cc1)c1ccc(cc1)c1ccc(cc1)c1cc(c(cc1)*)C(F)(F)F)C(F)(F)F,tg,165.14889777836888
2731,*Oc1c(cc(cc1OC)c1cc(c(c(c1)OC)OC(=O)c1cc(ccc1)C(=O)*)OC)OC,tg,137.53325504997397
2732,*CCC(=O)O*,egc,6.734373840463927
2733,*Oc1cc(ccc1)Oc1c(c(ccc1)Oc1cc(ccc1)Oc1ccc(cc1)c1ccc(cc1)*)C(=O)c1c(cccc1)S(=O)(=O)O[Na],tg,204.52110577328713
2734,*NC(=O)c1ccc(cc1)CC(=O)NCCC*,tg,108.35067227643212
2735,*c1oc(nn1)c1ccc(cc1)C(=O)OCCCCCCCCOc1ccc(cc1)C=C1C(=O)C(=Cc2ccc(cc2)OCCCCCCCCOC(=O)c2ccc(cc2)*)CCC1,tg,81.64856473313701
2736,*C(C(C(C*)OCCCC)(C(=O)OC)C)(C(=O)OC)C,tg,80.34984553998252
2737,*Oc1ccc(cc1)C1(c2ccccc2c2ccccc12)c1ccc(cc1)OC(=O)CCCC(=O)*,tg,184.53026597081697
2738,*Oc1ccc(cc1)C1(c2ccccc2c2ccccc12)c1ccc(cc1)OCCOC(=O)C1CCC(CC1)C(=O)OCC*,tg,136.6906764610001
2739,*Oc1ccc(cc1)C(c1ccc(cc1)OC*)(C)C,tg,96.24706936641559
2740,*CCOCCOC(=O)Nc1ccc(C)c(NC(=O)O*)c1,ei,5.736735695738037
2741,*NC(=O)NCCCCCCNC(=O)NCCCCCCCCCCCCCC*,tg,58.61220361388205
2742,*NC(F)(F)CC(*)(F)F,eea,1.2303086888937127
2743,*N=P(*)(N(C)C)N(C)C,tg,16.312311392774618
2744,*OCC(C*)(COCC(C(C(C(C(C(C(F)(F)F)(F)F)(F)F)(F)F)(F)F)(F)F)(F)F)C,tg,-41.409503359800325
2745,*CC(C)(C)C1C(=O)N(c2ccccc2C)C(=O)C1*,egc,4.661953375906431
2746,*Oc1ccc(cc1)P(=O)(c1ccc(cc1)Oc1ccc(cc1)C(c1ccc(cc1)*)(c1ccccc1)C(F)(F)F)C,tg,218.85837854330725
2747,*Oc1ccc(cc1)C=Nc1ccc(cc1)N=Cc1ccc(cc1)Oc1ccc(cc1)C(c1ccc(cc1)*)(c1ccccc1)c1ccccc1,tg,192.5434622669157
2748,*C(=O)c1ccc2c(c1)C(=O)N(c1cc(N3C(=O)c4ccc(*)cc4C3=O)c(O)cc1O)C2=O,egc,2.50014601992708
2749,*CCCOC(=O)NCCSCCSCCNC(=O)O*,egc,5.478088917642372
2750,*N1C(=O)c2c(C1=O)cc(cc2)Oc1cc(ccc1)Oc1cc2c(C(=O)N(C2=O)c2ccc(cc2)Oc2ccc(cc2)c2ccc(cc2)Oc2ccc(cc2)*)cc1,tg,201.82370783459626
2751,*N1C(=O)c2c(C1=O)cc(cc2)Oc1c(cc(cc1C)Cc1cc(c(c(c1)C)Oc1cc2c(C(=O)N(C2=O)c2cc(ccc2)*)cc1)C)C,tg,276.5626162733971
2752,*c1ccc(-n2c(=O)c3cc4c(=O)n(-n5c6ccc(*)cc6c6cccnc65)c(=O)c4cc3c2=O)cc1,egc,2.580604231460918
2753,*C(C*)c1cc(c(c(c1)OC)OC(=O)C)OC,tg,107.26922991652374
2754,*CCCN*,eea,0.39591266647041085
2755,*Oc1ccc(cc1)CC(NC(=O)CCc1ccc(cc1)OC(=O)CCCCC(=O)*)C(=O)OCCCCCCCC,tg,22.917648979920422
2756,*C1C2CC(C(C1*)C2)C(=O)OCCc1ccc(cc1)N(c1c2c(ccc1)cccc2)c1ccccc1,tg,298.23762275744406
2757,*NC(CC(*)=O)C(C)C,egc,5.928807702441918
2758,*c1cc2c(C(=O)N(C2=O)c2cc(cc(c2)C(F)(F)F)Oc2c(cc(cc2C)c2cc(c(c(c2)C)Oc2cc(cc(c2)C(F)(F)F)N2C(=O)c3c(C2=O)cc(cc3)C(*)(C(F)(F)F)C(F)(F)F)C)C)cc1,tg,294.8945297220338
2759,*c1oc(cc1)C(c1oc(cc1)CNC(=O)OC(C(OC(=O)NC*)c1occc1)c1occc1)(C)C,tg,79.59832443433703
2760,*Oc1cc(ccc1)S(=O)(=O)c1ccc(cc1)*,tg,171.5064228363637
2761,*CCOCCOC(=O)CCCCCCC(=O)O*,egc,6.459385276448808
2762,*CCCCCCc1nc2cc(NC(=O)CCCCCCCCC(=O)Nc3ccc4oc(*)nc4c3)ccc2o1,egc,4.275695362472561
2763,*Oc1ccc(cc1)OC1(C(C(C1(F)F)(F)F)(*)F)F,tg,105.56710532031798
2764,*C=CC1CC(*)C(C(=O)Oc2ccccc2)C1,egc,5.020262576537145
2765,*Oc1c(cc(cc1)C(c1cc(c(cc1)OC(=O)c1ccc(cc1)C(=O)*)CCCC)(C)C)CCCC,tg,118.76180524511376
2766,*Cc1ccc(-c2ccc(C(*)=S)s2)s1,egb,1.870280013655414
2767,*N1C(=O)c2c(C1=O)c(ccc2)Oc1ccc(cc1)c1ccc(cc1)Oc1c2c(C(=O)N(C2=O)c2cc(ccc2)*)ccc1,tg,277.07970874078086
2768,*CC(*)c1ccccc1C(=O)OC,egc,3.9107688183899123
2769,*Nc1ccc(*)cc1S(=O)(=O)O,egc,3.5165536171610534
2770,*N1C(=O)C2C3C4C(C(C2C1=O)C=C3)C(=O)N(C4=O)CCCC*,tg,231.03820704098058
2771,*OC(COC(=O)c1c(c(c(c(c1F)F)c1c(c(c(c(c1F)F)C(=O)*)F)F)F)F)COc1ccc(cc1)N=Nc1ccc(cc1)C#N,tg,131.4084048082634
2772,*CC1CCC(COC(=O)O*)CC1,egc,7.0899732547486005
2773,*c1ccc(Oc2ccc(-c3cnc4cc(Oc5ccc6nc(*)cnc6c5)ccc4n3)cc2)cc1,egc,3.187144682892046
2774,*OC(=O)c1ccc(C(*)=O)s1,eps,4.650460850187135
2775,*OC(CC(C)C)C(*)=O,egc,6.217907857359931
2776,*NC(=O)Oc1ccc(*)cc1,egb,4.041991472497318
2777,*c1oc(nn1)c1ccc(cc1)Oc1c2c(ccc1)c(ccc2)NC(=O)c1ccc(cc1)Oc1ccc(cc1)C(=O)Nc1c2c(ccc1)c(ccc2)Oc1ccc(cc1)*,tg,252.39668222522712
2778,*Oc1ccc(cc1)CC(NC(=O)Cc1ccc(cc1)OC(=O)CCCCCCC(=O)*)C(=O)OCCCCCCCC,tg,20.177669776868548
2779,*CC(=S)C(=O)C(*)=S,nc,2.1461253734916927
2780,*c1cc(Br)c(Oc2c(Br)cc(N3C(=O)c4ccc(S(=O)(=O)c5ccc6c(c5)C(=O)N(*)C6=O)cc4C3=O)cc2Br)c(Br)c1,egc,2.844380526057434
2781,*c1cc2c(cc1OC(=O)COc1ccc3c(c1)oc(=O)cc3)oc(=O)c(c2)C(=O)Nc1ccc(cc1)S(=O)(=O)c1ccc(cc1)NC(=O)c1c(=O)oc2c(cc(c(c2)OC(=O)COc2ccc3c(c2)oc(=O)cc3)C*)c1,tg,238.8065400461614
2782,*Oc1c(cc(cc1)Oc1ccc(cc1)C(=O)Nc1ccc(cc1)Oc1ccc(cc1)NC(=O)c1ccc(cc1)*)c1ccccc1,tg,233.54798132352215
2783,*Oc1ccc(-c2ccc(-c3ccc(*)s3)s2)s1,eps,6.195758259112404
2784,*C(C(*)F)(OC(F)(F)F)F,tg,13.741540811937753
2785,*NC(CC(*)=O)C(=O)OCC(C)C,egc,5.998724537593195
2786,*C(S1)=CC=C1OC(=S)O*,egc,3.197404734256189
2787,*Oc1c(cc(cc1)C=C1C(=O)C(=Cc2cc(c(cc2)OC(=O)CCCCCCCCC(=O)*)OC)CCC1)OC,tg,62.48254861596192
2788,*C(C(CCCCCCCC*)c1ccc(cc1)O)c1c(cc(cc1)O)C,tg,-4.271188123313907
2789,*NC(=O)CCC1(c2ccccc2c2ccccc12)CCC(=O)NCc1cc(ccc1)C*,tg,179.75461383399065
2790,*N1C(=O)c2c(C1=O)cc(cc2)C(c1cc2c(C(=O)N(C2=O)CC2CC(CCC2)C*)cc1)(C(F)(F)F)C(F)(F)F,tg,228.00336052413942
2791,*Oc1c2c(c(cc1)C=Cc1ccc(cc1)OCCCCCC*)cccc2,tg,111.98653291888768
2792,*C1C(=O)N(C(=O)C1*)c1cc(c(c(c1)Br)O[Si](CC)(CC)CC)Br,tg,179.39027440242018
2793,*Oc1ccc(cc1)C=CC(=O)c1ccc(cc1)Oc1c(cc(cc1)C(c1cc(c(cc1)*)C)(C)C)C,tg,171.93749905206502
2794,*OC(=O)Nc1c(ccc(c1)NC(=O)OCCN(CC*)c1ccc(cc1)N=Nc1ccc(cc1)c1oc2c(n1)cccc2)C,tg,169.39660440472323
2795,*C(C*)C(=O)Oc1cc(ccc1)N(C)C,tg,59.07394108591399
2796,*Nc1ccc(cc1)/C=C/c1ccc(cc1)NC(=C(C#N)C#N)c1ccc(cc1)C(=C(C#N)C#N)*,tg,249.40090058433242
2797,*NC(=O)CCCCC(=O)NCC1CC(CCC1)C*,tg,120.02887848751911
2798,*OC(=O)NCc1ccc(cc1)CNC(=O)OCCCCCCCCCCCCCCCC*,tg,45.116370332432844
2799,*OC(C*)CS(=O)(=O)CCCC,tg,42.58990587818916
2800,*C(=O)C1CC1C(=O)N1CCN(*)CC1,egc,5.471015907146388
2801,*CC(O)COc1ccc(C(C)(C)c2ccc(OCC(O)COc3ccc(S(=O)(=O)c4ccc(O*)cc4)cc3)cc2)cc1,egc,4.325934566669925
2802,*Nc1ccc(NC(=O)c2cc(NC(=O)c3ccncc3)cc(C(*)=O)c2)cc1,egc,3.2697961598314533
2803,*[Si](CC(C*)c1c2c(ccc1)cccc2)(C)C,tg,47.47719103447144
2804,*Cc1ccc(-c2ccc(O*)cc2)cc1,eps,3.6893058663770755
2805,*OP(=O)(OCCCCCCCCCCOc1ccc(cc1)C=Cc1ccc(cc1)OCCCCCCCCCC*)OCCCCCCCCCCOc1ccc(cc1)N=Nc1ccc(cc1)OC,tg,54.47519263069439
2806,*CONO*,ei,7.012494534122986
2807,*C(C*)(C(=O)OCCCCCCOc1ccc(cc1)OC(=O)c1ccc(cc1)OCCCCCCCC)C,tg,26.925204397074285
2808,*NC(=O)Cc1ccc(cc1)CCC(=O)NCCCCCC*,tg,87.25246606443518
2809,*CCCCC(C)CC(=O)N*,egc,6.117066827236956
2810,*Cc1ccc(NC(*)=S)cc1,ei,5.3551695805215855
2811,*Oc1c(cc(cc1c1ccccc1)*)c1cc(ccc1)C,tg,201.5379599260562
2812,*Cc1ccc(C(=S)c2ccc(*)s2)cc1,ei,5.851552040835344
2813,*N(C(=O)CCCCCCCCCCC*)C,tg,-2.6947414503717
2814,*CCC(C)CCC(=O)N*,egc,6.0860452950282795
2815,*Nc1c(cc(cc1c1ccccc1)c1ccc(cc1)c1cc(c(c(c1)c1ccccc1)NC(=O)c1ccc(cc1)C(=O)*)c1ccccc1)c1ccccc1,tg,281.8730358484706
2816,*NC(=O)NCc1ccc(cc1)CNC(=O)NCCCCCCCCCCCCCCCCCC*,tg,54.74388870646461
2817,*N1C(=O)c2c(C1=O)cc(cc2)Oc1cc2c(C(=O)N(C2=O)c2cc(ccc2)P(=O)(c2cc(ccc2)*)c2ccc(cc2)Oc2ccc(cc2)C23CC4CC(CC(C2)C4)C3)cc1,tg,281.8864027207418
2818,*C1COC2C1OCC2Oc1ccc(cc1)NC(=O)CCCCC(=O)Nc1ccc(cc1)O*,tg,97.75609256625779
2819,*C(C*)(C(=O)OCCCCCOc1ccc(cc1)OC(=O)c1ccc(cc1)OC)C,tg,37.406669909786025
2820,*Sc1c(cc(c(c1)C)*)C,tg,158.95794929778037
2821,*O[Si](CCCC(=O)Oc1ccc(cc1)C=Nc1ccc(cc1)Cc1ccc(cc1)N=Cc1ccc(cc1)OC(=O)CCC[Si](*)(C)C)(C)C,tg,46.34196628092641
2822,*CCCCOC(=O)CC(N)C(=O)O*,egc,6.415814379591715
2823,*N1C(=O)c2c(C1=O)cc(cc2)S(=O)(=O)c1cc2c(C(=O)N(C2=O)CCCCCCOC(=O)CCCCCCCCCCCCCCCCCCC(=O)OCCCCCC*)cc1,tg,48.41692322471516
2824,*N1C(=O)c2c(C1=O)cc(cc2)c1cc2c(C(=O)N(C2=O)c2cc(c(cc2)Oc2c(cccc2)Oc2c(cc(cc2)*)C(F)(F)F)C(F)(F)F)cc1,tg,268.5374354807547
2825,*C(C*)OC(=O)c1c2c(n(n1)C(=O)C)cccc2,tg,105.35373705652528
2826,*C=CCCCCCC*,tg,-71.7121083248976
2827,*CC(*)(F)C(=O)OCC,egc,7.061534218973703
2828,*Cc1ccc(COC(=O)CCCCCC(=O)O*)cc1,egc,5.538231725421719
2829,*Oc1ccc(-c2ccc(-c3ccc(*)cc3)s2)cc1,eps,4.9163933771336525
2830,*C(*)(C#N)C#N,egc,5.886960041751237
2831,*NC(CO)C(*)=O,egc,6.0415846144423
2832,*CC(*)C(=O)OCF,egb,6.267304431250452
2833,*Oc1ccc(cc1)C(=O)NCC*,tg,141.11598899559533
2834,*Oc1ccc(NC(=O)c2ccc(C(=O)Nc3ccc(Oc4ccc(C5(c6ccc(*)cc6)CC6CCC5C6)cc4)cc3)cc2)cc1,egc,3.730249792400882
2835,*c1cc(C=Nc2cccc(C)c2)cc(*)c1O,egc,3.2413752660652295
2836,*CCON*,eps,3.4602246029560413
2837,*C(=O)C(C=C1)=CC=C1C(C=C2)=CC=C2C(C=C3)=CC=C3*,egc,3.5745673073970803
2838,*CCCC(C)(C)CNC(=O)CCCCC(=O)N*,egc,5.642402196124518
2839,*OC(=S)c1ccc(C(*)=O)cc1,nc,1.9548709065155225
2840,*NC(=O)NCCCCCCNC(=O)NCCCCCCCCCCCC*,tg,59.428080234641854
2841,*OC(=O)Nc1c(ccc(c1)NC(=O)OCCCCCCCCC*)C,tg,60.493865877334215
2842,*c1c2c(c(nn1)c1ccc(cc1)Oc1ccc(cc1)C(=O)c1ccc(cc1)Oc1ccc(cc1)*)c(c(c(c2c1ccc(cc1)F)c1ccc(cc1)F)c1ccc(cc1)F)c1ccc(cc1)F,tg,287.5648398969963
2843,*C(=O)c1ccc(-c2ccc(C(*)=S)cc2)s1,ei,6.181224544014944
2844,*Oc1ccc(cc1)C(c1ccc(cc1)Oc1ccc(cc1)C(=O)c1ccc(cc1)c1ccc(cc1)C(=O)c1ccc(cc1)*)(C)C,tg,170.59386616149277
2845,*N1C(=O)c2c(C1=O)cc(cc2)Oc1cc2c(C(=O)N(C2=O)c2c(cc(cc2)Cc2cc(c(cc2)*)C(C)(C)C)C(C)(C)C)cc1,tg,305.20293252052466
2846,*Nc1ccc(NC(=O)c2c(F)c(F)c(C(*)=O)c(F)c2F)cc1,egc,3.4924536264507986
2847,*c1sc(cc1CCCC)c1sc(c(c1)CCCC)c1c2c(ccccc2)c(c1)*,tg,77.48955513992955
2848,*OC(=O)OCC(C*)(C)C,tg,5.8583998836072695
2849,*C(C*)C(=O)OCCCOCC,tg,-62.90049517601441
2850,*CCCCCCCCCCOC(=O)CCCCCCCCCCCCCCCCC(=O)O*,egc,6.737557836177289
2851,*CC(CCl)(CI)COC(=O)CCCCC(=O)O*,egc,6.607039064029004
2852,*C(C*)(C(=O)OCCCCCCCCCCCCCCCCCC)C,tg,-40.31335073338021
2853,*C(C*)n1cncn1,tg,82.55241067675563
2854,*Cc1ccc(-c2ccc(-c3ccc(*)s3)s2)s1,egb,2.654818862564431
2855,*C(C*)c1c(cccc1)COCCC(C)C,tg,74.30333344808864
2856,*CNC(=O)CCCCCCC(=O)N*,egc,5.949394450726635
2857,*OC(=O)NCCC*,tg,46.62647477061662
2858,*Oc1c(cc(cc1Cl)C1(CCCCC1)c1cc(c(c(c1)Cl)OC(=O)*)Cl)Cl,tg,225.50834441794382
2859,*C(=O)c1ccc(C(=O)C(*)=S)s1,egb,1.3102167590790215
2860,*Nc1c(cc(c(c1)[N+](=O)[O-])NC(=O)CCCCCCCCCCC(=O)*)C=Cc1ccc(cc1)N(C)C,tg,140.71473921094812
2861,*N1C(=O)c2c(C1=O)c(ccc2)Oc1c(cc(cc1C)c1cc(c(c(c1)C)Oc1c2c(C(=O)N(C2=O)c2ccc(cc2)Oc2ccc(cc2)*)ccc1)C)C,tg,282.45527720155184
2862,*c1cc2c(C(=O)N(C2=O)c2cc(ccc2)P(=O)(c2cc(ccc2)N2C(=O)c3c(C2=O)cc(cc3)C(=O)*)c2cc(cc(c2)C(F)(F)F)C(F)(F)F)cc1,tg,244.7263102997148
2863,*c1ccc(N2C(=O)c3ccc(-c4ccc5c(c4)C(=O)N(c4ccc6[nH]c(*)nc6c4)C5=O)cc3C2=O)cc1,egc,2.6979300244184024
2864,*Oc1ccc(cc1)C(c1ccc(cc1)Oc1ccc(cc1)C(=O)c1c(c(c(c(c1c1ccccc1)c1cc2c(cc1)cccc2)c1cc2c(cc1)cccc2)c1ccccc1)C(=O)c1ccc(cc1)*)(C(F)(F)F)C(F)(F)F,tg,262.9596831420005
2865,*C(C*)c1ccc(cc1)B(Oc1c2ncccc2c(cc1)c1ccc(cc1)OC)c1ccc(cc1)C(C)(C)C,tg,240.4748437101241
2866,*C(S1)=CC=C1C(S2)=CC=C2C(S3)=CC=C3C(=S)*,egc,1.4983282574162273
2867,*C(=S)c1ccc(-c2ccc(-c3ccc(*)cc3)cc2)s1,nc,2.4139272113290398
2868,*OP(=O)(Oc1ccc(cc1)C(c1ccc(cc1)*)(C)C)OC1CCCCC1,tg,74.12350703400743
2869,*OC(=O)c1ccc(cc1)C(=O)OCCC*,tg,51.03887434718699
2870,*Oc1ccc(cc1)S(=O)(=O)c1ccc(cc1)OC(=O)c1cc(ccc1)C(=O)*,tg,188.97212452214723
2871,*Cc1ccc(CO*)cc1,ei,6.285128104839105
2872,*N1C(=O)C2C3C4C(C(C2C1=O)C=C3)C(=O)N(C4=O)C1C(CC(CC1)CC1CC(C(CC1)*)C)C,tg,243.68919554829472
2873,*NC(CCC(=O)OCc1ccc(F)cc1)C(*)=O,egc,5.227397963823119
2874,*O[Si](O[Si](O[Si](O[Si](CC[Si](O[Si](O[Si](O[Si](O[Si](CC[Si](*)(c1ccccc1)c1ccccc1)(C)C)(C)C)(C)C)(C)C)(C)C)(c1ccccc1)c1ccccc1)(c1ccccc1)c1ccccc1)(c1ccccc1)c1ccccc1)(c1ccccc1)c1ccccc1,tg,-3.421848695962719
2875,*NOC(=O)O*,eps,4.297645655192419
2876,*OC(=O)CCCCCCCCC(=O)OC/C=C/C*,tg,-42.66650779232216
2877,*N1C(=O)c2c(C1=O)cc(cc2)Oc1cc2c(C(=O)N(C2=O)c2cc(c(cc2)c2c(cc(cc2)*)C)C)cc1,tg,280.7654257380386
2878,*O[Si](*)(CCCOCCOCCOCCOC)CCCOCCOCCOCCOC,tg,-74.39482981319841
2879,*Oc1ccc(CC(NC(=O)CCc2ccc(OC(=O)CC(C)CCC(*)=O)cc2)C(=O)OC(C)CC)cc1,egc,5.062347813001612
2880,*S(=O)(=O)c1cc(ccc1)NC(=O)c1c(cc(cc1)c1cc(c(cc1)C(=O)Nc1cc(ccc1)*)C)C,tg,234.2071408306156
2881,*CC(CBr)(CBr)CO*,egc,5.672358827881648
2882,*CC(CO)(CO)CO*,egc,5.829385184233919
2883,*CCC(=S)O*,egc,4.401291669217793
2884,*OC(C)CCOC(=O)CCCC(*)=O,egc,6.678411867497808
2885,*Oc1cc(ccc1)NC(=O)c1ccc(cc1)[Si](c1ccc(cc1)C(=O)*)(c1ccccc1)c1ccccc1,tg,190.57865532860706
2886,*Oc1c(c2c(cc1)cccc2)Sc1c2c(ccc1OCC(=O)Nc1cc(ccc1)NC(=O)C*)cccc2,tg,257.3564108512055
2887,*CCCCCCCCCNC(=O)CCCCCCCCCC(=O)N*,egc,5.921402938969022
2888,*Nc1ccc(-c2ccc(C(*)=S)cc2)cc1,egb,2.446690729799432
2889,*OC(*)CCC(=O)OC,egc,5.986822663235042
2890,*C(=O)CC(F)(F)C(*)(F)F,eea,2.837870936016312
2891,*OC(=O)CCSCCC(=O)OCCOCCOCCOCC*,tg,-75.4602914621476
2892,*c1cc2c(C(=O)N(C2=O)c2ccc(cc2)C(=O)Nc2ccc(cc2)C(=O)OCCCCOC(=O)*)cc1,tg,131.03391977244596
2893,*C(C*)(C(=O)OCCC[Si]12O[Si]3(O[Si]4(O[Si]5(O[Si](O[Si](O[Si](O[Si](O1)(O4)CC(C)C)(O5)CC(C)C)(O2)CC(C)C)(O3)CC(C)C)CC(C)C)CC(C)C)CC(C)C)C,tg,32.770892818199584
2894,*C(C(=O)C*)C,tg,31.046948250214342
2895,*C(F)(F)C(*)(F)c1ccccc1,egc,4.345606117673977
2896,*c1ccc(-c2nc3cc4nc(*)oc4cc3o2)cc1,eea,2.7568997201948124
2897,*CCC1CN(C(C)(C)C)C(=O)C1*,egc,5.4440676283773275
2898,*Oc1cc(ccc1)OC1(C(C(C1(F)F)(F)F)(*)F)F,tg,84.54654845562538
2899,*Oc1c(cccc1)C(=O)OC(=O)c1c(cccc1)OC(=O)CCCCCCCC(=O)*,tg,28.292883412374657
2900,*c1ccc(C(=O)c2ccc(-n3nc(-c4ccc(Oc5ccc(-c6nn(*)c(=O)c7ccccc67)cc5)cc4)c4ccccc4c3=O)cc2)cc1,egc,2.839681887852359
2901,*C(C(CCCCC*)c1ccc(cc1)O)c1c(cc(cc1)O)C,tg,7.599542500792171
2902,*c1cc2c(C(=O)N(C2=O)c2ccc(cc2)Cc2ccc(cc2)N2C(=O)c3c(C2=O)cc(cc3)C(=O)c2ccc(cc2)Oc2ccc(cc2)S(=O)(=O)c2ccc(cc2)Oc2ccc(cc2)C(=O)*)cc1,tg,240.6214692823508
2903,*c1cc2c(C(=O)N(C2=O)c2ccc(cc2)C(c2ccc(cc2)N2C(=O)c3c(C2=O)cc(cc3)C(=O)c2cc(ccc2)C(=O)*)(C(F)(F)F)C(F)(F)F)cc1,tg,270.2155019647764
2904,*c1ccc(C(F)(F)CC(*)(F)F)s1,egb,4.694090230899847
2905,*CC(*)c1ccc(S(=O)(=O)O)cc1,egc,2.761827777494979
2906,*Oc1ccc(cc1)CC(NC(=O)Cc1ccc(cc1)OC(=O)COCCOCC(=O)*)C(=O)OCCCCCC,tg,24.393564820055342
2907,*Oc1ccc(C(=C(Cl)Cl)c2ccc(OC(*)=O)cc2)cc1,egc,4.208260054534596
2908,*c1sc(cc1)[Si]([Si](*)(C)C)(C)C,tg,12.620841272452104
2909,*NC(=S)Nc1ccc(NC(=S)Nc2ccc(Oc3ccc(*)cc3)cc2)cc1,nc,2.105836465584585
2910,*NC(=O)c1c(cc(cc1)C(=O)NCCCCCCCC*)Sc1ccccc1,tg,103.88144515612665
2911,*CC(=S)c1ccc(C(*)=S)s1,eea,3.4496869948717492
2912,*c1ccc(-c2sc(-c3cc(CCCC)c(*)s3)cc2CCCC)cc1,egc,2.2670456900880644
2913,*OC(*)CCl,egc,5.848206778322399
2914,*O[Si](O[Si](O[Si](O[Si](C#Cc1ccc(cc1)C#C[Si](*)(C)C)(C)C)(C)C)(C)C)(C)C,tg,63.70183942353702
2915,*C(F)(F)C(*)(F)OC(F)(F)C(F)(F)F,egc,7.780380601681465
2916,*Oc1ccc(cc1)Oc1c(c(ccc1)Oc1ccc(cc1)Oc1ccc(cc1)c1ccc(cc1)*)C(=O)c1c(cccc1)S(=O)(=O)O[Na],tg,222.59314265529883
2917,*Oc1ccc(cc1)C(c1ccc(cc1)OC(=O)c1ccc(cc1)Oc1ccc(cc1)C(=O)*)(C(F)(F)F)C(F)(F)F,tg,149.88820724116036
2918,*C(=O)NNC(=O)c1cccc(C(=O)NNC(=O)c2ccc(*)nc2)c1,egc,3.8180107723695142
2919,*c1c(nc2c(c1c1ccccc1)cc(cc2)c1cc2c(nc(c(c2c2ccccc2)c2ccc(cc2)*)c2ccccc2)cc1)c1ccccc1,tg,370.18709488342535
2920,*N1C(=O)c2c(C1=O)cc(cc2)Oc1ccc(cc1)C(c1ccc(cc1)Oc1cc2c(C(=O)N(C2=O)c2ccc(cc2)Sc2ccc(cc2)Oc2ccc(cc2)Sc2ccc(cc2)*)cc1)(C)C,tg,207.42588983927973
2921,*C=CC1CC(*)C(C#N)C1,egc,5.7113506325448
2922,*CCCCCCCCCCCCOc1ccc(C=NN=Cc2ccc(O*)cc2O)c(O)c1,egc,3.6225092971534956
2923,*C1C(=O)N(C(=O)C1C(C*)c1ccccc1)c1ccccc1,tg,246.39888766602144
2924,*C=CCC(C)(CC*)C(=O)OC,egc,5.363953821288839
2925,C13C(C=*)OC(C=*)C1C(=O)N(C2=CC=C(C(F)(F)F)C=C2)C3=O,egc,4.792212867040556
2926,*CCCCCCOC(=O)CCC=CCCC(=O)O*,egc,6.038262209640234
2927,*OC(=CCC)C(C(=O)*)CC,tg,92.42975391144313
2928,*c1ccc(-c2ccc(C(F)(F)C(*)(F)F)cc2)cc1,ei,6.329918616070299
2929,*Oc1cc2c(cc1OCCNC(=O)c1ccc(cc1)C(=O)NCC*)cccc2,tg,156.7913142812849
2930,*N1C(=O)c2c(C1=O)c(ccc2)Oc1c(c(cc(c1)C(C)(C)C)C(C)(C)C)Oc1c2c(C(=O)N(C2=O)c2ccc(cc2)Oc2ccc(cc2)*)ccc1,tg,264.4132086963591
2931,*CCC(=S)O*,eea,2.098351096305112
2932,*C(=S)c1ccc(-c2ccc(-c3ccc(*)cc3)cc2)cc1,ei,5.498970342600411
2933,*C(C*)C,tg,-11.054274515814305
2934,*C(C*)(C(=O)Oc1ccc(cc1)C(=O)Oc1ccc(cc1)OC)C,tg,100.9478598593904
2935,*O[Si](O[Si](*)(CCCCOc1ccc(cc1)c1ccc(cc1)C#N)C)(C)C,tg,14.797845270014385
2936,*C(CCCCC*)CCCC,tg,-54.445459664919234
2937,*COC(=O)OCC1OC(OCC)(OCC)OC1*,egc,6.341391478880319
2938,*O[Sn](OC(=O)/C=C/C(=O)*)(CCCC)CCCC,tg,66.71222882633823
2939,*c1ccc(Oc2ccc(-c3nc4cc(-c5ccc6nc(-c7ccccc7)c(*)nc6c5)ccc4nc3-c3ccccc3)cc2)cc1,egc,3.091711368680009
2940,*OC(=O)NC1CC(CC(C1)(CNC(=O)OCCN(CC*)c1ccc(cc1)N=Nc1ccc(cc1)B(c1c(cc(cc1C)C)C)c1c(cc(cc1C)C)C)C)(C)C,tg,150.6951437476833
2941,*C(C*)(C(=O)OCCCCCCn1c2ccc(cc2c2ccccc12)N=Nc1c(cc(cc1)[N+](=O)[O-])[N+](=O)[O-])C,tg,74.49155248610889
2942,*[Si](CCC*)(c1c2c(ccc1)cccc2)C1CCCCC1,tg,35.952703817095305
2943,*CCCCO*,egc,6.154547628093015
2944,*CCOCCOC(=O)CCCCCCCCC(=O)O*,egc,6.415519310849426
2945,*CCCCCCNC(=O)C(O)C(O)C(=O)N*,egc,6.115327675258349
2946,*CC(*)(C#N)C(=O)OCC(C)C,egc,6.211339144570815
2947,*OC(=O)CCCCCCCCC(=O)OCCCCCC*,tg,-56.170575462039714
2948,*Cc1ccc(OC(*)=S)s1,eea,2.3143778548848584
2949,*CCCCCCCCCCCCCCC(=O)O*,egc,6.7808446091224575
2950,*C(C=C1)=CC=C1C(S2)=CC=C2OC(=S)*,egc,2.9487581928867534
2951,*Oc1ccc(cc1)C1(c2ccccc2c2ccccc12)c1ccc(cc1)OCC(CN(S(=O)(=O)c1cc(ccc1)S(=O)(=O)N(CC(C*)O)C)C)O,tg,149.44712135172713
2952,*Oc1ccc(cc1)OC(=O)c1c(cc(cc1)C(=O)*)Sc1ccccc1,tg,149.712683684068
2953,*CO*,ei,6.9907815517086735
2954,*c1ccc(NC(F)(F)C(*)(F)F)cc1,eea,1.8499111482567254
2955,*O[Si](O[Si](O[Si](O[Si](CC[Si](O[Si](O[Si](O[Si](CC[Si](*)(c1ccccc1)c1ccccc1)(C)C)(C)C)(C)C)(C)C)(c1ccccc1)c1ccccc1)(c1ccccc1)c1ccccc1)(c1ccccc1)c1ccccc1)(c1ccccc1)c1ccccc1,tg,-6.475522063740904
2956,*CCC(=O)OC(=O)CCC1CCC(*)O1,egc,6.389726320342383
2957,*c1c(cc(c(c1)OC)C=C*)OCCc1ccccc1,tg,109.11531028983318
2958,*C(=O)c1ccc(OC(*)=S)s1,eps,6.305684290536734
2959,*c1nc2c(cc1)cccc2OC(=O)c1ccc(cc1)C(=O)Oc1ccc(cc1)C=C*,tg,142.72535998477827
2960,*CC(*)Cl,egc,5.697415911389452
2961,*C(C*)c1c(ccc(c1)c1ccc(cc1)C(=O)OC1C(CCC(C1)C)C(C)C)c1ccc(cc1)C(=O)OC1C(CCC(C1)C)C(C)C,tg,170.0546240225951
2962,*C(=S)OC(=S)c1ccc(*)s1,eea,3.9052775215079194
2963,*CC(=O)N*,eps,4.1657995950091085
2964,*N1C(=O)c2c(C1=O)cc(cc2)Oc1cc2c(C(=O)N(C2=O)c2ccc(cc2)Oc2cc(ccc2)c2nc(cc(c2)c2ccccc2)c2cc(ccc2)Oc2ccc(cc2)*)cc1,tg,218.64524062197407
2965,*Oc1ccc(cc1)S(=O)(=O)c1ccc(cc1)Oc1ccc(cc1)C(=O)c1cc(ccc1)C(=O)c1ccc(cc1)*,tg,188.11345859862604
2966,*CC(=O)c1ccc(-c2ccc(*)s2)cc1,eps,4.774353394217532
2967,*Oc6ccc(C5(c3ccc(OC(=O)c2ccc(Oc1ccc(C(*)=O)cc1)cc2)cc3)OC(=O)c4ccccc45)cc6,egc,3.772398667569796
2968,*N1C(=S)N(C(=O)CC1=O)c1ccc(cc1)Oc1ccc(cc1)C(c1ccc(cc1)Oc1ccc(cc1)*)(C(F)(F)F)C(F)(F)F,tg,157.27111082653838
2969,*N=P(*)(OCCCCCCCC)OCCCCCCCC,tg,-82.16345511913921
2970,*C(=O)c1ccc(-c2ccc(C(*)=S)cc2)cc1,egb,1.9097875197209995
2971,*N1C(=O)c2c(C1=O)cc(cc2)[Si](c1cc2c(C(=O)N(C2=O)c2ccc(cc2)Oc2ccc(cc2)C(=O)c2cc(ccc2)C(=O)c2ccc(cc2)Oc2ccc(cc2)*)cc1)(C)C,tg,212.5457597124624
2972,*COC(=O)O*,egc,6.602833694047229
2973,*C1C(=O)N(C(=O)C1C(C*)(C)C)c1ccccc1,tg,209.4958020570714
2974,*N1C(=O)c2c(C1=O)cc(cc2)Oc1ccc(cc1)Oc1cc2c(C(=O)N(C2=O)c2c(cc(cc2)c2cc(c(cc2)*)OC)OC)cc1,tg,240.18862111275462
2975,*C(=O)CCP(=O)(CCC(=O)N1CCN(*)CC1)c1ccccc1,egc,4.399135549345138
2976,*Oc1ccc(cc1)CC(NC(=O)CCc1ccc(cc1)OC(=O)CCCCCCC(=O)*)C(=O)OC(CC)C,tg,39.09154845602376
2977,*NC(=O)CCCCCCCCCC*,tg,46.81074352507617
2978,*OC(=O)CCSCc1ccc(CSCCC(*)=O)cc1,egc,4.457656190837895
2979,*C(=O)NCCCCCCCCNC(=O)c1ccc(*)nc1,egc,4.61450946534331
2980,*c1cc2c(oc(n2)c2ccc(cc2)Oc2ccc(cc2)c2oc3c(n2)cc(cc3)C(*)(c2ccccc2)C(F)(F)F)cc1,tg,307.742341486951
2981,*c1cc2c(C(=O)N(C2=O)c2c(ccc(c2)C(=O)Nc2c(cc(cc2C)c2cc(c(c(c2)C)NC(=O)c2cc(c(cc2)C)N2C(=O)c3c(C2=O)cc(cc3)C(*)(C(F)(F)F)C(F)(F)F)C)C)C)cc1,tg,329.0034338081038
2982,*NC(=O)c1ccc(cc1)C(=O)NCCCCCC*,tg,151.18889192180188
2983,*C(C*)(C(=O)OCCn1c2ccc(cc2c2ccccc12)N=Nc1c(cc(cc1)[N+](=O)[O-])[N+](=O)[O-])C,tg,133.24851348704362
2984,*Nc1ccc(cc1)C(c1ccc(cc1)NC(=O)c1cc(cc(c1)N1C(=O)C=CC1=O)C(=O)*)(C)C,tg,288.8014467094628
2985,*NC(=O)c1c(cc(cc1)C(=O)NCCCC*)Oc1ccccc1,tg,114.54283519829032
2986,*Nc1ccc(cc1)C1(c2ccccc2c2ccccc12)c1ccc(cc1)NC(=O)c1cc(ccc1)C(=O)*,tg,279.2415327382623
2987,*Oc1ccc(cc1)C(c1ccc(cc1)Oc1ccc(cc1)C(=O)Nc1ccc(cc1)NC(=O)c1ccc(cc1)*)(C(F)(F)F)C(F)(F)F,tg,243.93989582660268
2988,*c1cc2Sc3c(Sc2cc1)cc(cc3)C(=Cc1c(cc(c(c1)OCCCCCCCC)C=C(*)c1ccccc1)OCCCCCCCC)c1ccccc1,tg,128.96918009687252
2989,*N(C(=O)C(C(C(C(=O)N(CCCCCC*)CC(C(C(C(C(C(C(F)(F)F)(F)F)(F)F)(F)F)(F)F)(F)F)(F)F)(F)F)(F)F)(F)F)CC(C(C(C(C(C(C(F)(F)F)(F)F)(F)F)(F)F)(F)F)(F)F)(F)F,tg,120.63551096916811
2990,*N(CCC*)C(=O)C,tg,37.45517067311393
2991,*NC(=O)OC(*)=S,ei,7.294934065087435
2992,*c1ccc(-c2ccc(-c3cc(-c4ccccc4)c4cc5c(-c6ccccc6)cc(*)nc5cc4n3)cc2)cc1,egc,2.9846742417835266
2993,*C(=O)c1ccc(C(=O)C(*)=S)cc1,eps,5.403205440241392
2994,*OC(=O)OCCCS(=O)(=O)CCCCS(=O)(=O)CCC*,tg,26.029589050179695
2995,*Oc1cc(c(cc1)CCc1ccc(cc1)OCCCCCCC*)C,tg,-1.1916850113120352
2996,*OC(C)C#CC#CC(C)OC(=O)c1ccc(C(*)=O)cc1,egc,4.2135553602134355
2997,*c1ccc2c(c1)c1cc(*)ccc1n2CCC(=O)NO,egc,3.4718734016862762
2998,*C(C*)C(=O)NC(CS(=O)(=O)O)(C)C,tg,103.09088216640413
2999,*C1COC2C1OCC2Oc1ccc(cc1)CNC(=O)c1ccc(cc1)C(=O)NCc1ccc(cc1)O*,tg,151.96510836211462
3000,*C(C*)(C(=O)OCCCCOc1ccc(cc1)OC(=O)c1ccc(cc1)c1ccc(cc1)OC)C,tg,69.89546198459007
3001,*Nc1ccc(*)c2ccccc12,egc,2.816888623329385
3002,*N1C(=O)c2c(C1=O)cc(cc2)Oc1c(cc(cc1C)c1cc(c(c(c1)C)Oc1cc2c(C(=O)N(C2=O)c2cc(ccc2)*)cc1)C)C,tg,318.5594346717967
3003,*CC(C=C1)=CC=C1C(C=C2)=CC=C2O*,egc,4.538833685671838
3004,*c1cc2c(C(=O)N(C2=O)c2c(cc(cc2)C(=O)Nc2ccc(cc2)C(c2ccc(cc2)NC(=O)c2cc(c(cc2)N2C(=O)c3c(C2=O)cc(cc3)C(*)(C(F)(F)F)C(F)(F)F)C)(C(F)(F)F)C(F)(F)F)C)cc1,tg,291.9740796249481
3005,*S(=O)(=O)NCCCNS(=O)(=O)c1cc(ccc1)*,tg,80.56432908273032
3006,*c1cc2n(c3c(c2cc1)ccc(c3)C=C*)c1cc(c(cc1)OCCCCCCCCCC)OCCCCCCCCCC,tg,90.02786591636237
3007,*OC(CC(*)=O)C(Cl)(Cl)Cl,egc,6.355829182507129
3008,*C(=O)c1ccc2c(c1)C(=O)N(c1cc(OCCCCCCCC)cc(N3C(=O)c4ccc(*)cc4C3=O)c1)C2=O,egc,2.721558062119248
3009,*OC(=O)c1ccc(cc1)c1ccc(cc1)C(=O)OCCCCCCCCCCC*,tg,34.970158899616166
3010,*CCCCOC(=O)CC(=CC(=O)O*)c1ccc(OCC)cc1,egc,3.831811315117988
3011,*C(C*)OC(=O)C(C(C)C)(C(C)C)C,tg,66.52823662938174
3012,*C=CC1CC(*)C2C(=O)N(CCCCCC)C(=O)C12,egc,5.409339957487857
3013,*Oc1ccc(cc1)c1ccc(cc1)OC(=O)c1ccc(cc1)C(=O)*,tg,224.29995301590327
3014,*CCO*,ei,6.35228955101945
3015,*CC(*)Cn1cc2ccccc2n1,egc,3.269699413020506
3016,*CC(=S)c1ccc(O*)cc1,ei,6.1665801877095525
3017,*CC1CC(*)CC(O)C1,egc,6.063714789377201
3018,*Cc1ccc(NC(*)=S)cc1,eps,4.346155366202797
3019,*c1c(c2c(C(=O)N(C2=O)c2ccc(cc2)Oc2ccc(cc2)N2C(=O)c3c(C2=O)c(c(cc3)C(=O)*)OCc2c(cccc2)[N+](=O)[O-])cc1)OCc1c(cccc1)[N+](=O)[O-],tg,230.43572821261614
3020,*C(=O)C(S1)=CC=C1OC(S2)=CC=C2*,egc,3.022792525040901
3021,*Oc1c(cc(cc1)C1(CC2C(CC1)CCCC2)c1cc(c(cc1)OC(=O)c1cc(ccc1)C(=O)*)C)C,tg,220.5314372035571
3022,*N1C(=O)c2c(C1=O)cc(cc2)[Si](c1ccc(cc1)[Si](c1cc2c(C(=O)N(C2=O)c2ccc(cc2)Cc2ccc(cc2)*)cc1)(C)C)(C)C,tg,275.3129431108363
3023,*CNC(=S)C(S1)=CC=C1*,egc,3.1518518343546322
3024,*Oc1ccc(cc1)S(=O)(=O)N(CCCCN(S(=O)(=O)c1ccc(cc1)Oc1ccc(cc1)C(c1ccc(cc1)*)(C)C)C)C,tg,118.78921705465432
3025,*c1sc(c(c1c1ccccc1)c1ccccc1)c1ccc(cc1)CC(=O)Nc1ccc(cc1)Oc1ccc(cc1)NC(=O)Cc1ccc(cc1)*,tg,254.63848011774968
3026,*Oc1c(cc(cc1)Oc1ccc(cc1)C(=O)c1ccc(cc1)*)c1ccc(cc1)Oc1ccccc1,tg,157.38907929306123
3027,*c1ccc(-c2ccc(C(F)(F)C(*)(F)F)cc2)s1,ei,6.322966537173542
3028,*CCOC(=O)NCCSCCSCCNC(=O)O*,egc,5.491504884875855
3029,*OC(=O)CCC(=O)OCC*,tg,-20.61289608982339
3030,*OC(=O)CCCCCCCCC(=O)OCC(C*)(CC)C,tg,-51.720588283312225
3031,*Cc1ccc(OC(*)=S)s1,ei,5.870002611298708
3032,*CNCNC(=O)NC(=O)N*,ei,6.926038162852435
3033,*CC(CCl)(CCl)COC(=O)c1cccc(C(=O)O*)c1,egc,4.8375258220104564
3034,*N1C(=O)c2c(C1=O)cc(cc2)C(=O)Oc1ccc(cc1)c1ccc(cc1)OC(=O)c1cc2c(C(=O)N(C2=O)CCCCCC*)cc1,tg,121.9630720712992
3035,*NC(=O)c1c(cc(cc1)C(=O)NCC*)Oc1ccccc1,tg,154.42636654204344
3036,*Oc1ccc(cc1)C1(C2CCC(C1)C2)c1ccc(cc1)OC(=O)*,tg,221.96295800964458
3037,*C=CC(C*)(C(F)(F)F)C(F)(F)F,egc,6.326187607943707
3038,*CC(=O)C(=S)c1ccc(*)s1,nc,2.095431524534649
3039,*OC(=O)CC(=O)OCCCCCCCCCCCCCCCCCCCC*,tg,-24.91013651749003
3040,*NC(=O)c1cc2c(C(CC2(c2ccc(cc2)C(=O)NCCCCCC*)C)(C)C)cc1,tg,180.06272043487039
3041,*CCCCCCCCCCCNC(=O)c1ccc(C(=O)N*)cc1,egc,4.922334085269908
3042,*OC(=O)NCCCCCCNC(=O)OCCOCCOCC*,tg,21.217274975733297
3043,*CCCCCCC(=O)NCCCCCOCCCCCNC(=O)CCCCO*,egc,5.881445330471412
3044,*c1oc(nn1)c1ccc(cc1)c1oc(nn1)CN1C(=O)c2c(C1=O)cc(cc2)C(c1cc2c(C(=O)N(C2=O)C*)cc1)(C(F)(F)F)C(F)(F)F,tg,224.84572583872009
3045,*C1COC2C1OCC2OC(=O)c1ccc(cc1)N=Nc1ccc(cc1)C(=O)O*,tg,198.09070651118518
3046,*Oc1ccc(*)cc1,egc,4.380173826389981
3047,*Oc1c(Br)cc(*)cc1Br,egc,4.220130641303408
3048,*C(C*)(CC(=O)OCC)C(=O)OCC,tg,45.29643176095364
3049,*NC1CC1NC(=O)C1CC1C(*)=O,egc,5.608108443450586
3050,*N1C(=O)c2c(C1=O)cc(cc2)C(=O)Nc1ccc(cc1)NC(=O)C*,tg,248.20595149946394
3051,*OC(COC(=O)C1CCC(CC1)C(=O)*)COc1ccc(cc1)N=Nc1ccc(cc1)C#N,tg,86.89294962529137
3052,*CC(F)(F)C(F)(F)C(F)(F)COC(=O)C(F)(F)C(F)(F)C(F)(F)C(F)(F)C(=O)O*,egc,6.282315208853611
3053,*CCCCCCCCCCCCOC(=O)c1ccc2cc(C(=O)O*)ccc2c1,egc,3.718354230595058
3054,*NC(=O)c1c(cc(cc1)C(=O)NCCCCCC*)Sc1ccccc1,tg,110.65263262277722
3055,*Oc1ccc(cc1)S(=O)(=O)c1ccc(cc1)Oc1c(cc(cc1)C(c1ccc(cc1)*)(C)C)[N+](=O)[O-],tg,188.36492187736772
3056,*OCC(C*)(CS(=O)(=O)CCCC)CS(=O)(=O)CCCC,tg,72.65082472249487
3057,*c1ccc(C(c2ccccc2)(c2ccc(N3C(=O)c4ccc(Oc5ccc6c(c5)C(=O)N(*)C6=O)cc4C3=O)cc2)C(F)(F)F)cc1,egc,3.2885885078752937
3058,*Oc1ccc(cc1)Cc1ccc(cc1)OC(=S)*,tg,87.58406105880839
3059,*c1ccc(C(F)(F)c2ccc(C(*)(F)F)cc2)s1,nc,1.8641881446817257
3060,*Oc1c(cc(cc1C)C1(CC2C(CC1)CCCC2)c1cc(c(c(c1)C)OC(=O)c1cc(ccc1)C(=O)*)C)C,tg,255.36751934330795
3061,*Nc1ccc(-c2ccc(C(*)=S)s2)s1,ei,4.960254304348384
3062,*c1cc2c(C(=O)N(C2=O)c2ccc(cc2)Oc2c(c(ccc2)Oc2ccc(cc2)N2C(=O)c3c(C2=O)cc(cc3)C(=O)Nc2ccc(cc2)Oc2cc(ccc2)Oc2ccc(cc2)NC(=O)*)C#N)cc1,tg,213.63598143374148
3063,*OC(=O)Nc1c(ccc(c1)NC(=O)OCCN(CC*)c1ccc(cc1)C=C1NC(=O)NC1=O)C,tg,125.38735834216648
3064,*C1(c2c(C(=O)O1)cccc2)c1ccc(cc1)Oc1ccc(cc1)C(=O)c1ccc(cc1)Oc1ccc(cc1)*,tg,237.84625589427196
3065,*c1cc2c(C(=O)N(C2=O)c2ccc(cc2)Oc2ccc(cc2)N2C(=O)c3c(C2=O)cc(cc3)C(*)O[Si](C)(C)C)cc1,tg,248.54063745482733
3066,*OC(=O)c1c(cc(cc1)C(=O)OCCN(CC*)c1ccc(cc1)c1oc2c(n1)ccc(c2)[N+](=O)[O-])OCCC,tg,128.8090257955894
3067,*OC(=O)Nc1c(ccc(c1)NC(=O)OCCCCCOC(=O)c1c(cccc1)C(=O)O[Pb]OC(=O)c1c(cccc1)C(=O)OCCCCC*)C,tg,48.879460627219146
3068,*CCCCOC(=O)C(OC)C(OC)C(=O)O*,egc,6.136050037912569
3069,*CCCCCCOCC1(CO*)CC1,egc,5.795853301828998
3070,*CC(=O)C(C=C1)=CC=C1C(C=C2)=CC=C2*,egc,3.9224386801197793
3071,*CCCCCCCCCCCCOC(=O)NCCCCCCCCCCNC(=O)O*,egc,6.238025268750364
3072,*N1C(=O)c2c(C1=O)cc(cc2)Oc1cc2c(C(=O)N(C2=O)CC2CC(CCC2)C*)cc1,tg,214.44337522509016
3073,*c1nc2c([nH]1)ccc(c2)NC(=O)c1ccc(cc1)OCCOCCOCCOCCOCCOc1ccc(cc1)C(=O)Nc1cc(ccc1)*,tg,153.52036145658332
3074,*CCCCCCCCOC(=O)NCCCCCCNC(=O)O*,egc,6.317229271147592
3075,*CCCCCCCCNC(=O)CCC(=O)N*,egc,6.0167731305189545
3076,*OC(=O)c1c(cc(cc1)C(=O)OCCN(CC*)c1ccc(cc1)N=Nc1ccc(cc1)c1oc2c(n1)cccc2)OCCC,tg,142.5594814988814
3077,*C(C*)C(C)C,tg,18.583880688917773
3078,*c1cc2C(c3c(c2cc1)ccc(c3)c1c(c(c(c(c1F)F)*)F)F)(CCCCCCCC)CCCCCCCC,tg,67.36763989761174
3079,*C(=O)OC1CCN(*)CC1,egc,5.96090979109986
3080,*Nc1ccc(NC(=O)c2ccc(NC(=O)c3ccc([Si](C)(C)c4ccc(C(=O)Nc5ccc(C(*)=O)cc5)cc4)cc3)cc2)cc1,egc,3.294070393736848
3081,*OC(=O)/C=C/C(=O)OCCOCC*,tg,7.15046664968052
3082,*C(C*)(C(=O)Oc1ccccc1)C,tg,112.09581510902709
3083,*S(=O)(=O)c1ccc(cc1)N[Se]Nc1ccc(cc1)*,tg,114.46147145219312
3084,*CNOc1ccc(*)s1,eea,0.8814610291417966
3085,*C(=O)NC(=O)NCCCN*,egc,5.833502345195678
3086,*Oc1cc(ccc1)NC(=O)c1ccc(cc1)P(=O)(c1ccc(cc1)C(=O)Nc1cc(ccc1)Oc1ccc(cc1)P(=O)(c1ccc(cc1)*)c1ccccc1)c1ccccc1,tg,218.12131324951451
3087,*Cc1ccc(-c2ccc(C(*)=S)s2)cc1,eea,3.1200369674948014
3088,*OC(=O)c1ccc(cc1)c1ccc(cc1)c1ccc(cc1)C(=O)OCC*,tg,103.41694789956239
3089,*CCCCCCCCn1c(=O)c2cc3c(=O)n(*)c(=O)c3c(Br)c2c1=O,egc,3.512494687479745
3090,*c1cc2c(C(=O)N(C2=O)c2c(cc(cc2C)C(c2cc(c(c(c2)C)N2C(=O)c3c(C2=O)cc(cc3)C(*)(C(F)(F)F)C(F)(F)F)C)c2cc(cc(c2)C(F)(F)F)C(F)(F)F)C)cc1,tg,306.78778473079655
3091,*OC1C(C(C1(C)C)OC(=O)*)(C)C,tg,150.7805167088436
3092,*OC(=O)Nc1ccc(cc1)Cc1ccc(cc1)NC(=O)OCc1cc(ccc1)C*,tg,94.38797263686635
3093,*NC(F)(F)NC(*)(F)F,eps,3.929070883106608
3094,*N(c1ccc(cc1)/C=C/c1ccc(cc1)/C=C(/C(=O)NC1C(CCCC1)NC(=O)/C(=C/c1ccc(cc1)/C=C/c1ccc(cc1)N(Cc1c(cccc1)C*)CC)/C#N)\C#N)CC,tg,194.6888849484546
3095,*Nc1c(cccc1)c1ccc(cc1)NC(=O)c1cc(ccc1)C(=O)*,tg,251.23893983292095
3096,*C1C(=O)OC(=O)C1C(C*)(C)C,tg,138.6884183279231
3097,*CC(=S)OC(*)=S,eps,4.593503864819538
3098,*C(=S)OC(=S)c1ccc(*)s1,ei,6.093723482275955
3099,*N(CC*)C(=O)CCC,tg,34.70414565654091
3100,*NC(=O)C(C(C(=O)NCCCCCCCC*)OC)OC,tg,90.98707218905949
3101,*Cc1ccc(CO*)cc1,eps,3.566267833089756
3102,*C(=O)c1ccc(-c2ccc(-c3ccc(*)cc3)cc2)cc1,eea,2.3476432031057386
3103,*C(=O)c1ccc(C(=O)c2ccc(*)s2)cc1,eea,3.6761720806323654
3104,*C(C*)(C(=O)Oc1ccc(cc1)N=Nc1ccc(cc1)OCCCCCCCCCCCOC(=O)c1cc2c(OCCOCCOCCOCCO2)cc1)C,tg,37.37099806841027
3105,*O[Si](O[Si](c1ccc(cc1)[Si](*)(C)C)(C)C)(c1ccccc1)c1ccccc1,tg,-12.879529316050077
3106,*OC(=O)C(C(=O)OCCC[Sn](CCC*)(C)C)CCCCCCCCOc1ccc(cc1)c1ccc(cc1)OCc1ccc(cc1)C#N,tg,31.00045639532188
3107,*CNc1ccc(-c2ccc(*)s2)cc1,eea,1.3799176746858781
3108,*CC(=O)Nc1ccc(Oc2cccc(NC(=O)CN3C(=O)c4ccc(C(=O)c5ccc6c(c5)C(=O)N(*)C6=O)cc4C3=O)c2)cc1,egc,2.2119944324113936
3109,*C1CCC(*)C1,egc,6.749896175591137
3110,*N1C(=O)c2c(C1=O)cc(cc2)Oc1ccc(cc1)Oc1cc2c(C(=O)N(C2=O)c2cc(ccc2)*)cc1,tg,240.27106683254428
3111,*NC(=O)NC(*)=O,eea,2.0049132802055074
3112,*N1C(=O)c2c(C1=O)cc(cc2)Oc1cc2c(cc1Oc1cc3c(C(=O)N(C3=O)c3ccc(cc3)Oc3cc(ccc3)Oc3ccc(cc3)*)cc1)cccc2,tg,198.59167128437957
3113,*CCCCCCN(CC)C(=O)CCCCCCCCCCC(=O)N(*)CC,egc,5.562891049316818
3114,*O[Si](CCCNC(=O)C(=O)NCCC[Si](*)(C)C)(C)C,tg,38.68920253783949
3115,*c1cc2c(C(=O)N(C2=O)c2cc(ccc2)P(=O)(c2cc(ccc2)N2C(=O)c3c(C2=O)cc(cc3)C(*)(C(F)(F)F)C(F)(F)F)c2cc(cc(c2)C(F)(F)F)C(F)(F)F)cc1,tg,257.0853953778834
3116,*C(C*)c1ccc(cc1)CCl,tg,114.3684905726019
3117,*[Si]1(O[Si](O[Si](O1)(C)C)(C)C)O[Si](CC*)(C)C,tg,-51.90786261558576
3118,*c1nc2c(nc1c1cc3c(cc1)cc(cc3)OC(=O)c1ccc(cc1)C(=O)Oc1cc3c(cc1)cc(cc3)*)cccc2,tg,229.0864599295772
3119,C23C(C(=O)N(C1=CC=CC=C1C(F)(F)F)C2=O)C(C=*)OC3C=*,egc,4.4759027815921755
3120,*C(C*)(C(=O)OCCCCCCOc1ccc(cc1)N=Nc1ccc(cc1)OCCCCCCCCCC)C,tg,57.24866356805255
3121,*OCC(C*)(CO)CO,tg,51.18657793606587
3122,*Oc1ccc(cc1)C(c1ccc(cc1)OC(=O)*)(C)C,tg,123.67370442137236
3123,*Oc1ccc(Oc2ccc(C(=O)c3ccc(*)cc3)cc2)cc1CC(=O)O,egc,3.98405308463727
3124,*CC(S1)=CC=C1C(=O)C(=S)*,egc,2.5241966462502132
3125,*CCNC(=S)*,egc,3.5976108916365046
3126,*c1ccc2n(c3c(c2c1)cc(cc3)Nc1ccc(cc1)C(=O)c1ccc(cc1)C(=O)c1ccc(cc1)N*)CC(CCCC)CC,tg,238.08406395079012
3127,*Oc1ccc(cc1)C1(C2C3C(C(C1)C2)C1CCC3C1)c1ccc(cc1)OC(=O)*,tg,254.44807057417546
3128,*c1sc(nn1)c1ccc(cc1)OCCCCCCCCCCCOC(=O)CCCCC(=O)OCCCCCCCCCCCOc1ccc(cc1)*,tg,41.869745261193174
3129,*c1nc2c(c(c1c1ccccc1)c1ccccc1)cc(cc2)c1cc2c(nc(c(c2c2ccccc2)c2ccccc2)c2ccc(cc2)c2ccc(cc2)*)cc1,tg,386.6201169612297
3130,*C(=S)OC(=S)c1ccc(*)cc1,nc,2.1351897385368424
3131,*Oc1ccc(cc1)NC(=O)CCCCCC(=O)Nc1ccc(cc1)OCC(COc1ccc(cc1)C(c1ccc(cc1)OCC(C*)O)(C)C)O,tg,98.68347053901999
3132,*c1nc2c(c(c1)c1ccccc1)cc(cc2)Oc1cc2c(nc(cc2c2ccccc2)c2ccc(cc2)OCCN(CCOc2ccc(cc2)*)c2ccc(cc2)C(=C(C#N)C#N)C#N)cc1,tg,190.24881333312578
3133,*NC(=O)CCCCC(=O)NCc1c(cc(c(c1)C)C*)C,tg,113.43374962090294
3134,*N1C(=O)c2c(C1=O)cc(cc2)Oc1cc2c(C(=O)N(C2=O)C2C(CC(CC2)CC2CC(C(CC2)*)C)C)cc1,tg,247.93002099426923
3135,*CCCCCCC(=O)N*,nc,1.659486253056409
3136,*c1ccc2c(nc([nH]2)c2ccc(cc2)c2nc3c([nH]2)ccc(c3)C(=O)Nc2cc(ccc2)NC(=O)c2cc(ccc2)NC(=O)*)c1,tg,278.46372164059267
3137,*C(=O)C(S1)=CC=C1C(=S)O*,egc,2.558170764046212
3138,*Nc1ccc(cc1)*,tg,153.24663250677384
3139,*OC1C(O)C(*)OC(CO)C1O,egc,5.689760423841028
3140,*C=CC(C)=CC=CC=C(C)C=Cc1nc(-c2csc(*)n2)cs1,egc,2.892980529417379
3141,*C(C*)c1cc[n+](cc1)CCCCCCCC,tg,9.852434376334138
3142,*C(=O)C(C=C1)=CC=C1C(=O)C(S2)=CC=C2*,egc,3.1469327915068694
3143,*N1C(=O)c2c(C1=O)cc(cc2)Oc1cc2c(C(=O)N(C2=O)CCCCCCCC*)cc1,tg,105.75964823507081
3144,*c1oc(nn1)c1ncc(cc1)c1oc(nn1)c1ccc(cc1)[Si](c1ccc(cc1)*)(c1ccccc1)c1ccccc1,tg,261.3563765803538
3145,*CCCCCCCCCC#CC#CCCCCCCCCCOC(=O)C(=O)O*,egc,4.782207966292031
3146,*c1cc2c(C(=O)N(C2=O)c2c(c(cc(c2)C(F)(F)F)N2C(=O)c3c(C2=O)cc(cc3)C(=O)Nc2ccc(cc2)Oc2ccc(cc2)NC(=O)*)Oc2ccc(cc2)C(F)(F)F)cc1,tg,299.78831455085196
3147,*c1c(nccc1)C(=O)OC(COC(=O)*)COc1ccc(cc1)N=Nc1ccc(cc1)C#N,tg,118.86887093412888
3148,*Oc1ccc(cc1)C(c1ccc(cc1)Oc1c(c(c(c(c1F)F)COC(c1cc(ccc1)C(OCc1c(c(c(c(c1F)F)*)F)F)(C(F)(F)F)C(F)(F)F)(C(F)(F)F)C(F)(F)F)F)F)(C)C,tg,102.19490601104046
3149,*N=P(*)(Oc1cc(ccc1)Cl)Oc1cc(ccc1)Cl,tg,-23.694129116345493
3150,*CONO*,nc,1.715427157854627
3151,*c1cc2c(C(=O)N(C2=O)c2ccc(cc2)Sc2ccc(cc2)Sc2ccc(cc2)Sc2ccc(cc2)N2C(=O)c3c(C2=O)cc(cc3)C(*)(C(F)(F)F)C(F)(F)F)cc1,tg,240.776580410359
3152,*c1ccc(C(F)(F)NC(*)(F)F)cc1,ei,6.979243392844737
3153,*N1C(=O)c2c(C1=O)cc(cc2)C(=O)Nc1ccc(cc1)Cc1ccc(cc1)NC(=O)C*,tg,227.59670081867756
3154,*Oc1ccc(cc1)NC(=O)CCCCC(=O)Nc1ccc(cc1)*,tg,179.41347065878682
3155,*C(C*)(C(=O)OCCC(C(C(C(F)(F)F)(F)F)(F)F)(F)F)F,tg,53.05192315300828
3156,*C(C*)(C(=O)OCCCC1CCCCC1)C,tg,32.020029747532654
3157,*CC1CCC(CNC(=O)c2cccc(C(=O)N*)c2)CC1,egc,4.929563226170353
3158,*c1cc2c(C(=O)N(C2=O)c2ccc(cc2)C(c2ccc(cc2)C(c2ccc(cc2)N2C(=O)c3c(C2=O)cc(cc3)C(=O)*)(C)C)(C)C)cc1,tg,316.4794477588949
3159,*C(C*)c1cc(c(cc1)OC(=O)C)OC,tg,109.3393692553615
3160,*c1cc2c(C(=O)N(C2=O)c2cc(ccc2)P(=O)(c2cc(ccc2)N2C(=O)c3c(C2=O)cc(cc3)C(=O)Nc2ccc(cc2)S(=O)(=O)c2ccc(cc2)NC(=O)*)c2ccccc2)cc1,tg,247.52283346772884
3161,*OC(=O)CCCCCCCCCCCCCCCCC(=O)OCCCCCCCCCC*,tg,-52.866606614962215
3162,*C=C(*)CNS(=O)(=O)Cc1ccccc1,egc,2.728405558150067
3163,*Oc1ccc(cc1)S(=O)(=O)c1ccc(cc1)Oc1ccc(cc1)C=Nc1ccc(cc1)Oc1ccc(cc1)c1ccc(cc1)Oc1ccc(cc1)N=Cc1ccc(cc1)*,tg,201.11666743008234
3164,*NC(S1)=CC=C1OC(=S)*,egc,3.2777718638851745
3165,*Oc1ccc(cc1)C(=O)c1ccc(cc1)OCCCCCCOC(=O)OCCCCCCCCCOC(=O)OCCCCCC*,tg,-7.655681527616722
3166,*Oc1ccc(cc1)C(c1ccc(cc1)OCC(CN(CC(C*)O)CCO)O)(C)C,tg,48.12229843958197
3167,*CC(*)(F)C(=O)OCC(F)(F)C(F)F,egc,6.55464918108356
3168,*CCCCCCCCCCOC(=O)NCc1ccc(CNC(=O)O*)cc1,egc,5.333918199717257
3169,*Nc1ccc(C(C)(C)c2ccc(NC(=O)c3cc(C(*)=O)cc(S(=O)(=O)c4ccccc4)c3)cc2)cc1,egc,3.3865635740997595
3170,*c1[nH]c(nc1c1ccc(cc1)OC(=O)Nc1cc(c(cc1)c1c(cc(cc1)NC(=O)Oc1ccc(cc1)*)OC)OC)c1ccc(cc1)[N+](=O)[O-],tg,221.2544491127686
3171,*OCC(=S)c1ccc(C(=S)Cc2ccc(-c3ccc(*)cc3)cc2)s1,eea,2.949315183473386
3172,*c1[nH]c(nc1c1ccc(cc1)Oc1ccc(cc1)C(=O)c1ccc(cc1)Cc1ccc(cc1)C(=O)c1ccc(cc1)Oc1ccc(cc1)*)c1ccccc1,tg,234.53745253087223
3173,*N1C(=O)c2c(C1=O)c(c(c(c2c1ccccc1)c1ccccc1)c1ccc(cc1)Oc1ccc(cc1)Oc1ccc(cc1)c1c(c2c(C(=O)N(C2=O)c2cc(ccc2)Oc2cc(ccc2)Oc2cc(ccc2)*)c(c1c1ccccc1)c1ccccc1)c1ccccc1)c1ccccc1,tg,268.20142596712043
3174,*C(C*)(C(=O)OCCCCCCOc1ccc(cc1)C(=O)Oc1c2c(c(cc1)N=Nc1ccc(cc1)Br)cccc2)C,tg,46.58704996235788
3175,*OC(=O)CCCCCCCC(=O)OCCOCC*,tg,-67.92814071562547
3176,*C(=O)C(C=C1)=CC=C1C(=O)C(C=C2)=CC=C2*,egc,3.8650632252482358
3177,*Nc1ccc(C#Cc2ccc(NC(=O)c3ccc(C(*)=O)cc3)cc2)cc1,egc,3.251700011709956
3178,*Oc1cc(c(cc1)S(=O)(=O)c1c(cc(cc1)Oc1c(cc(cc1C)C(c1cc(c(c(c1)C)*)C)(C(F)(F)F)C(F)(F)F)C)[Si](C)(C)C)[Si](C)(C)C,tg,180.28157389545314
3179,*O[Si](C)(C)O[Si](C)(C)OC(C)CCCCC(*)C,egc,6.3165654300016545
3180,*c1cc2c(nc(c(n2)c2ccccc2)c2ccc(cc2)c2c(nc3c(n2)cc(cc3)C(=O)*)c2ccccc2)cc1,tg,324.5892524545352
3181,*Oc1ccc(cc1)P(=O)(c1ccc(cc1)Oc1ccc(cc1)P(=O)(c1ccc(cc1)*)c1ccccc1)C,tg,215.26594700006007
3182,*c1cc2c(C(=O)N(C2=O)c2c3c(ccc2)c(ccc3)Oc2ccc(cc2)N2C(=O)c3c(C2=O)cc(cc3)C(=O)Nc2ccc(cc2)NC(=O)*)cc1,tg,292.24183005572917
3183,*Nc1ccc(C(=O)C(*)=S)s1,ei,5.946277373163914
3184,*C(=C(*)C)[Si](CCCCCC)(C)C,tg,141.33020531422713
3185,*C1OCOC(C(*)(F)F)C1(F)F,egc,7.685840446029426
3186,*c1ccc(cc1)C(C(*)Cl)(Cl)Cl,tg,181.39457487229546
3187,*c1nc2c(nc1c1ccccc1)cc(cc2)Oc1ccc(cc1)Oc1ccc(cc1)P(=O)(c1ccc(cc1)Oc1ccc(cc1)Oc1cc2c(nc(c(n2)c2ccccc2)c2ccc(cc2)*)cc1)c1ccccc1,tg,281.7923027835898
3188,*O[Si](O[Si](O[Si](O[Si](OC1=C(c2c3c(ccc2)cccc13)*)(C)C)(C)C)(C)C)(C)C,tg,-76.08020764619505
3189,*N1C(=O)c2c(C1=O)cc(cc2)C(=O)c1cc2c(C(=O)N(C2=O)C(=S)Nc2ccc(cc2)Oc2ccc(cc2)NC(=S)*)cc1,tg,258.88873058798254
3190,*c1nc(Cl)nc(N(*)c2ccccc2)n1,egc,4.075047127258388
3191,*c1nc2c(nc1)cc(cc2)c1cc2c(nc(cn2)c2ccc(cc2)Oc2ccc(cc2)Oc2ccc(cc2)Oc2ccc(cc2)*)cc1,tg,274.39996953898867
3192,*c1sc(nn1)c1ccc(cc1)C(=O)OCCCCCCCCCCCCOC(=O)c1ccc(cc1)*,tg,60.023304312465655
3193,*CC(*)(Cl)C(=O)OC,egc,6.259910770411485
3194,*CCc1ccc(*)c(Br)c1,egc,4.439501241922782
3195,*Cc1ccc(Cc2ccc(*)s2)cc1,ei,5.774162309278627
3196,*c1ccc2N(c3c(Sc2c1)cc(cc3)c1sc2c(c1CCCCC)sc(c2)*)CCCCCC,tg,143.04692609378685
3197,*CCCCCc1nnc(*)n1N,egc,5.511130114534816
3198,*c1ccc(cc1)C(=C*)c1ccc(cc1)C(F)(F)F,tg,195.19813415544257
3199,*c1cc2c(C(=O)N(C2=O)c2c(cc(cc2C)Cc2cc(c(c(c2)C)N2C(=O)c3c(C2=O)cc(cc3)C(=O)OCCN(CCOC(=O)*)c2ccc(cc2)C(=C(C#N)C#N)C#N)C)C)cc1,tg,171.04132278798593
3200,*Cc1ccc(C(=O)c2ccc(*)cc2)cc1,eea,1.9960047575584476
3201,*C1(c2ccccc2c2ccccc12)c1ccc(cc1)c1ccc(cc1)*,tg,321.71007036029664
3202,*CC(F)(F)C(F)(F)C(F)(F)COC(=O)c1cccc(-c2cccc(C(=O)O*)c2)c1,egc,4.429338398998219
3203,*Oc1c(Cl)cc(NC(=O)NCCCCCCNC(*)=O)cc1Cl,egc,4.751462265522556
3204,*[Si](CCC*)(c1cc(ccc1)C)C,tg,-3.450674228300429
3205,*CCCCCCCCCCCCCCCCCCCCOC(=O)C1CCC(C(=O)O*)CC1,egc,6.6523510894022255
3206,*c1cc2c(C(=O)N(C2=O)c2c(ccc(c2)N2C(=O)c3c(C2=O)cc(cc3)C(=O)Nc2c(cc(cc2)Cc2cc(c(cc2)NC(=O)*)C)C)N=Nc2ccc(cc2)C)cc1,tg,275.8421143847306
3207,*CCCCCCCCCCNC(=O)CCCCCCC(=O)N*,egc,5.985117759290823
3208,*Nc1ccc(cc1)C(c1cc(ccc1)C(c1ccc(cc1)Nc1ccc(cc1)C(=O)c1ccc(cc1)C(=O)c1ccc(cc1)*)(C)C)(C)C,tg,182.32310612677745
3209,*C(C*)C(=O)OCCSCC#N,tg,-30.188966363500814
3210,*OC(F)(F)c1ccc(C(*)(F)F)cc1,ei,7.42925304303772
3211,*Oc1ccc(cc1)P(=O)(c1ccc(cc1)*)c1ccccc1,tg,197.75120815938098
3212,*N(c1ccc(cc1)c1ccc(cc1)*)c1ccc(cc1)C,tg,234.87439764732366
3213,*C(=O)Oc1ccc(OC(=O)c2ccc3c(c2)C(=O)N(c2ccc(Oc4ccc(Oc5ccc(N6C(=O)c7ccc(*)cc7C6=O)cc5)cc4)cc2)C3=O)cc1,egc,2.576821098923095
3214,*c1cc2c(C(=O)N(C2=O)c2cc(c(cc2)Oc2ccc(cc2)Oc2ccc(cc2)N2C(=O)c3c(C2=O)cc(cc3)C(=O)*)C(F)(F)F)cc1,tg,245.9396449137365
3215,*CNc1ccc(C(*)=O)cc1,egb,3.243862612602063
3216,*CCCCCCCCCCOCCCCCCOCCCCCCO*,egc,6.013033804126559
3217,*S(=O)(=O)c1cc(ccc1)NC(=O)CCCCCCC(=O)Nc1cc(ccc1)*,tg,114.7615212298566
3218,*Nc1c(cc(cc1)c1cc(c(cc1)NC(=O)c1cc(ccc1)C(=O)*)S)S,tg,252.0316678582677
3219,*OP(=O)(Oc1ccc(cc1)C(c1ccc(cc1)*)(C)C)Oc1ccc(cc1)Cl,tg,79.2564135080428
3220,*C(C*)C(=O)c1ccc(cc1)OC,tg,58.53936082270317
3221,*C(C*)C(=O)N1CCOCC1,tg,89.03017388747273
3222,*N1C(=O)c2c(C1=O)cc(cc2)Oc1cc2c(C(=O)N(C2=O)c2cc(ccc2)S(=O)(=O)c2cc(ccc2)*)cc1,tg,227.77388284562653
3223,*N1C(=O)c2c(C1=O)cc(cc2)S(=O)(=O)c1cc2c(C(=O)N(C2=O)c2cc(c(cc2)Oc2c(cc(cc2C(C)(C)C)c2ccc(cc2)*)C(C)(C)C)C(F)(F)F)cc1,tg,366.0757336624258
3224,*OCOCCCCC*,tg,-86.53492357409924
3225,*Oc1ccc(cc1)C(c1ccc(cc1)OC(=O)OC1C(C(C1(C)C)OC(=O)*)(C)C)(C(F)(F)F)C(F)(F)F,tg,142.5435341662955
3226,*CNC(=O)CCCCCCCCCCC(=O)N*,egc,6.01541611539751
3227,*CCCCCCCNC(=O)C(CCCCCCCCCCCC)C(=O)N*,egc,5.935735510889854
3228,*OC(=O)c1ccc(cc1)C(=O)OCCOCC*,tg,-0.7580842113282487
3229,*c1cc2c(C(=O)N(C2=O)c2ccc(cc2)Oc2ccc(cc2)C2(c3c(C(=O)N2)cccc3)c2ccc(cc2)Oc2ccc(cc2)N2C(=O)c3c(C2=O)cc(cc3)C(=O)Nc2ccc(cc2)Oc2ccc(cc2)C2(c3c(C(=O)N2)cccc3)c2ccc(cc2)Oc2ccc(cc2)NC(=O)*)cc1,tg,297.4032342397426
3230,*Oc1ccc(cc1)S(=O)(=O)c1ccc(cc1)Oc1ccc(cc1)C1(CCCC1)c1ccc(cc1)*,tg,235.40516395254653
3231,*OC(=O)OC1COC2C(*)COC12,egb,6.695859507372778
3232,*Oc1ccc(-c2ccc(C(*)=O)s2)cc1,eps,4.847393045687527
3233,*NC(C)C(C)(C)C(*)=O,egc,6.002901477211651
3234,*Oc1ccc(Oc2ccc(P(C)(=O)c3ccc(*)cc3)cc2)cc1,egc,4.651165288985229
3235,*C1(C(=O)OC(=O)C1(C(C*)OCCCC)C)C,tg,131.6544016743985
3236,*Oc1ccc(cc1)C(=O)c1ccc(cc1)OC(=O)OC1C(C(C1(C)C)OC(=O)*)(C)C,tg,153.498342757175
3237,*c1sc(cc1)c1sc(c(c1)CCCCCCCC)c1sc(cc1)c1sc(cc1)c1sc(cc1CCCCCCCC)c1sc(cc1)[Si]([Si](*)(C)C)(C)C,tg,14.848278499417882
3238,*N1C(=O)c2c(C1=O)cc(cc2)c1cc2c(C(=O)N(C2=O)c2cc(ccc2)N2C(=O)c3c(C2=O)cc(cc3)C(c2cc3c(C(=O)N(C3=O)c3cc(ccc3)*)cc2)(C(F)(F)F)C(F)(F)F)cc1,tg,315.95631608214705
3239,*OC1CCC(OC(=O)CCCCCCCCC(*)=O)CC1,egc,6.762743309831282
3240,*C(C*)c1c(c(c(c(c1F)F)OCC(C(F)(F)F)(F)F)F)F,tg,51.322307183223245
3241,*C(C*)C(=O)OC(CC)C,tg,28.391420760679072
3242,*NC(=O)c1ccc(O*)s1,eea,2.628780339136662
3243,*c1sc(cc1CCCCCCCCCCCC)c1sc(c(c1)CCCCCCCCCCCC)c1ccc(cc1)*,tg,44.11780822110354
3244,*C1C(=O)N(C(=O)C1*)c1ccc(cc1)O[Si](C(C)(C)C)(C)C,tg,190.6080705260107
3245,*Cc1c(C)c(C)c(CNC(=O)CCCCCC(C)CC(=O)N*)c(C)c1C,egc,5.382574628627047
3246,*c1cc2c(C(=O)N(C2=O)c2ccc(cc2)Oc2cc(ccc2)Oc2ccc(cc2)N2C(=O)c3c(C2=O)cc(cc3)C(*)(C(F)(F)F)C(F)(F)F)cc1,tg,248.5568637194169
3247,*CCCCNC(=O)O*,egc,6.363122697665048
3248,*C(C*)(C(=O)OC(OCC)C(F)(F)F)C,tg,43.45264243639993
3249,*C(C*)SCC,tg,-15.150151770945431
3250,*N1C(=O)c2c(C1=O)cc(cc2)Oc1ccc(cc1)C(c1ccc(cc1)Oc1cc2c(C(=O)N(C2=O)c2ccc(cc2)Cc2ccc(cc2)*)cc1)(C)C,tg,227.0726078512245
3251,*C1C2C(C(=O)N(C2=O)c2c(cccc2)Br)C(C1)C=C*,tg,228.94362172969514
3252,*C1C(CC(C1)C=C*)(CC)C#N,tg,122.85687377738434
3253,*C(C*)OC(=O)C1CCCCC1,tg,35.32689618227826
3254,*NC(=O)c1ccc(cc1)C(=O)NCC(CCC*)C,tg,135.15393655539975
3255,*OC(CC)CC(*)=O,egc,6.97007472963271
3256,*CCOC(=O)NCCCC(CCNC(=O)O*)OC,egc,5.888880523558709
3257,*C(C(*)(F)F)(OC(F)(F)F)OC(F)(F)F,tg,28.420288833723696
3258,*c1cc(OCCCCCCC)c(*)s1,egc,2.5034357477799243
3259,*OP(=O)(N=Nc1ccc(cc1)c1ccc(cc1)N=NP(=O)(OCC*)OCC)OCC,tg,31.993053842454213
3260,*CCCCC(=O)NCCCCCOCCCCCNC(=O)CCCCO*,egc,5.838146710415536
3261,*C1C(=O)N(C(=O)C1CC*)CCC,tg,123.38753919612184
3262,*c1cc2c(C(=O)N(C2=O)c2cc(c(cc2)Oc2c(cc(cc2)N2C(=O)c3c(C2=O)cc(cc3)C(=O)Nc2ccc(cc2)c2ccc(cc2)NC(=O)*)c2ccccc2)c2ccccc2)cc1,tg,308.6394427876074
3263,*N=CC(C)=CC=CC=C(C)C=Nc1nc(-c2csc(*)n2)cs1,egc,2.5199766019748218
3264,*C(=S)C(F)(F)NC(*)(F)F,eea,4.181472463059711
3265,*Oc1c(cc(cc1)C(=O)c1cc(ccc1)C(=O)c1cc(c(cc1)*)CC)CC,tg,147.19565514375958
3266,*OCCC(=O)CC(=O)Oc1ccc(*)cc1,eps,3.7435791512144285
3267,*OC(=O)OCCCCOC(=O)OC1COC2C(*)COC12,egc,6.815630235575579
3268,*NC(=O)C(=S)O*,egc,2.9919648256934313
3269,*CC(*)(C)C(=O)OCCOC(=O)CCn1ccnc1,egc,4.634167769059445
3270,*OC(=O)c1cc(ccc1)C(=O)OCCN(CC*)c1ccccc1,tg,72.2171890936763
3271,*Nc1cc(cc(c1)C(=O)Oc1c2c(ccc1)cccc2)NC(=O)c1ccc(cc1)C(=O)*,tg,221.13077029330188
3272,*C(=O)c1ccc(C(=O)c2ccc(*)s2)cc1,egb,2.2005362989962216
3273,*Oc1ccc(cc1)C1(CCC(CC1)C(C)(C)C)c1ccc(cc1)OC(=O)c1ccc(cc1)C(=O)*,tg,198.03604969792252
3274,*Nc1ccc(cc1)NC(=O)c1c(cc(c(c1)C(=O)*)C(=O)OCC)C(=O)OCC,tg,222.76776896816452
3275,*Oc1ccc(cc1)C(c1ccc(cc1)OC(=O)OC1C(C(C1(C)C)OC(=O)*)(C)C)(CC)C,tg,148.6201736347617
3276,*C(C*)c1c(cccc1)C(F)(F)F,tg,124.64429383164595
3277,*CC(C)(CC)C(=O)O*,egc,6.374088563756503
3278,*CC(*)(Cl)C(=O)OCC,egc,6.530310408643816
3279,*C(=O)C(C=C1)=CC=C1OC(=S)*,egc,3.3833943510657676
3280,*C1C(=O)OC(=O)C1C(C*)OC,tg,168.63964534331808
3281,*c1cc2c(C(=O)N(C2=O)c2ccc(cc2)C(=O)c2ccc(cc2)Cc2ccc(cc2)N2C(=O)c3c(C2=O)cc(cc3)C(=O)*)cc1,tg,295.93708319929
3282,*C(=O)C(C=C1)=CC=C1C(C=C2)=CC=C2C(=S)*,egc,2.95795538750666
3283,*c1ccc2c3n(c4ccc(cc4n3)Oc3cc4n5c(nc4cc3)c3cccc4c(ccc(c5=O)c34)Oc3ccc(cc3)C3(c4ccccc4c4ccccc34)c3ccc(cc3)O*)c(=O)c3cccc1c23,tg,384.28313810102765
3284,*N1C(=O)c2c(C1=O)cc(cc2)S(=O)(=O)c1cc2c(C(=O)N(C2=O)c2c(cc(cc2C)c2cc(c(c(c2)C)*)C)C)cc1,tg,401.78565079120824
3285,*C(C*)c1ccc(cc1)C(=O)CC,tg,57.27982540014942
3286,*c1ccc(N2C(=O)c3ccc(P(=O)(c4ccccc4)c4ccc5c(c4)C(=O)N(*)C5=O)cc3C2=O)cc1,egc,3.0926622814547993
3287,*C(*)F,tg,-31.789684133323476
3288,*C(C*)C[Si](C)(C)C,tg,88.48404374749785
3289,*CCC(=O)OC(=O)Cc1ccc(-c2ccc(*)cc2)cc1,nc,1.7982781958261818
3290,*O[Si](CC[Si](Oc1c(cc(cc1C)c1cc(c(c(c1)C)*)C)C)(C)C)(C)C,tg,27.761173381346094
3291,*Oc1ccc(cc1)C1(c2ccccc2c2ccccc12)c1ccc(cc1)Oc1ccc(cc1)C=CC(=O)c1ccc(cc1)*,tg,235.8449913023918
3292,*Oc1ccc(C(=S)c2ccc(*)cc2)s1,eea,3.1102448465784587
3293,*C(C*)(C(=O)OCCC1CC[N+](CC1)(CCCCCCOc1ccc(cc1)N=Nc1ccc(cc1)[N+](=O)[O-])C)C,tg,67.13749600019355
3294,*N1C(=O)c2c(C1=O)cc(cc2)Oc1ccc(cc1)Oc1cc2c(C(=O)N(C2=O)c2ccc(cc2)Oc2cc(ccc2)Oc2ccc(cc2)*)cc1,tg,202.8964059930336
3295,*OC(=O)Nc1c(ccc(c1)NC(=O)OCCN(CC*)c1ccc(cc1)N=Nc1cc(c(cc1)N=Nc1c(cc(c(c1)OC)N=Nc1ccc(cc1)[N+](=O)[O-])OC)C)C,tg,148.04953639779575
3296,*C(C*)(C(=O)OCc1ccc2n(c3c(c2c1)cccc3)CCCCCCCCCCCCCCCC)C,tg,37.355264806494006
3297,*N1C(=O)c2c(C1=O)cc(cc2)Oc1cc2c(C(=O)N(C2=O)c2cc(ccc2)Oc2c(c(ccc2)Oc2cc(ccc2)Oc2c(c(ccc2)Oc2cc(ccc2)*)C#N)C#N)cc1,tg,195.60365955624405
3298,*Cc1ccc(-c2ccc(C(*)=S)cc2)s1,egb,1.913938730688979
3299,*N1C(=O)c2c(C1=O)cc(cc2)Oc1cc2c(cc1)cc(cc2)Oc1cc2c(C(=O)N(C2=O)c2ccc(cc2)C(c2ccc(cc2)*)(C)C)cc1,tg,248.3345948240809
3300,*C=C(*)F,egb,4.322828371997082
3301,*N1C(=O)C(CC1=O)Nc1cc(ccc1)NC1C(=O)N(C(=O)C1)c1ccc(cc1)C(=O)Oc1c(cc(cc1C)C(c1cc(c(c(c1)C)OC(=O)c1ccc(cc1)*)C)c1cnccc1)C,tg,205.12321488029878
3302,*C1C2C(C(=O)N(C2=O)c2cc(cc(c2)C(F)(F)F)C(F)(F)F)C(C1)C=C*,tg,196.81046060883997
3303,*N=P(*)(OCc1ccccc1)OCc1ccccc1,tg,-25.029574139588465
3304,*N1C(=O)c2c(C1=O)cc(cc2)Oc1cc2c(C(=O)N(C2=O)C2CCC(CC2)CC2CCC(CC2)*)cc1,tg,254.452064230741
3305,*NC(=O)OC(*)=O,egb,5.363732072437287
3306,*CC(=S)CC(*)=S,eps,4.380441819704136
3307,*Oc1ccc(cc1)Oc1ccc(cc1)OC(=O)NC(=O)c1cc(cc(c1)C(C)(C)C)C(=O)NC(=O)*,tg,178.49612984238243
3308,*Nc1ccc(C(=S)c2ccc(*)s2)s1,eea,3.2498519385315285
3309,*CC(*)(C)C(=O)OCCC#N,egc,6.623513806528036
3310,*OC(=O)CCCCCCCCCCCCCCCCC(=O)OCCOCC*,tg,-65.06354200314802
3311,*NC(=S)C(=C1)SC(=C1)C(=S)*,egc,1.953764911712994
3312,*CC(c1ccccc1)C1C(=O)N(c2ccc(C(=O)Oc3ccc(C=O)cc3)cc2)C(=O)C1*,egc,3.6975967858541066
3313,*Cc1ccc(-c2ccc(-c3ccc(*)s3)s2)cc1,egb,2.7390435167906784
3314,*C(=O)c1ccc(Oc2ccc(*)s2)s1,ei,5.953507646527212
3315,*C(F)(F)C(F)(F)NC(S1)=CC=C1*,egc,4.161493695852467
3316,*c1cc2c(C(=O)N(C2=O)c2c(cc(cc2)C2(c3ccccc3c3ccccc23)c2cc(c(cc2)N2C(=O)c3c(C2=O)cc(cc3)C(*)(C(F)(F)F)C(F)(F)F)C(C)C)C(C)C)cc1,tg,320.8688504838194
3317,*c1cc2c(C(=O)N(C2=O)c2ccc(cc2)Oc2c3c(ccc2)c(ccc3)Oc2ccc(cc2)N2C(=O)c3c(C2=O)cc(cc3)C(=O)Nc2ccc(cc2)c2sc(c(c2c2ccccc2)c2ccccc2)c2ccc(cc2)NC(=O)*)cc1,tg,311.4135091461402
3318,*OC(=O)c1ccc(cc1)c1ccc(cc1)c1ccc(cc1)C(=O)OCCOCCOCC*,tg,24.87455653231708
3319,*CNC(=O)c1ccc(*)s1,nc,1.8550041529883565
3320,*c1cc2c(s1)-c1sc(*)cc1C2=O,egc,1.8699025495184038
3321,*OC(=O)C(Cc1ccccc1)NC(=O)CCCCCCCCCCC(=O)NC(Cc1ccccc1)C(=O)OC1COC2C(*)COC12,egc,5.1799634322667085
3322,*Oc1c(cc(cc1)c1ccc(cc1)C(c1ccc(cc1)c1cc(c(cc1)OC(=O)*)F)(C)C)F,tg,149.70960356684947
3323,*CC1CCC(CNC(=O)c2cc(C(=O)N*)cc(C(C)(C)C)c2)CC1,egb,4.5367919848791125
3324,*Oc1ccc(Oc2ccc(C=NCCN=Cc3ccc(*)cc3)cc2)cc1,egc,3.8471028767496906
3325,*c1c2c(c(=O)n(n1)c1ccc(cc1)S(=O)(=O)c1ccc(cc1)n1nc(c3c(c1=O)cccc3)c1ccc(cc1)Sc1ccc(cc1)*)cccc2,tg,347.9762987000451
3326,*OC(=O)c1ccc(cc1)C(=O)OCC#CC#CC*,tg,89.96551586441832
3327,*OCOCC*,tg,-52.388089976563926
3328,*OC(=O)OCCOCCOCCOCCOC(=O)OC1COC2C(*)COC12,egc,6.577570618944455
3329,*CC(=O)c1ccc(C(*)=O)cc1,nc,1.8957049981584635
3330,*Oc1ccc(cc1)C(c1ccc(cc1)C(c1ccc(cc1)Oc1ccc(cc1)C(=O)Nc1cc(ccc1)NC(=O)c1ccc(cc1)*)(C)C)(C)C,tg,182.8448216655816
3331,*C(C*)(C(=O)OCCOc1ccc(cc1)N=Nc1ccc(cc1)C#N)C,tg,105.40681716473348
3332,*CC(*)(C)C(=O)OCCCCCn1c2ccccc2c2ccccc21,egc,3.6306665286280557
3333,*c1c(nnc(n1)c1nc(ccc1)c1nc(c(nn1)c1ccccc1)c1ccc(cc1)Cc1ccc(cc1)*)c1ccccc1,tg,244.00330437218753
3334,*Oc1ccc(cc1)NC(=O)c1cc(ccc1)C(=O)Nc1ccc(cc1)OCCOCCOCC*,tg,106.73768715324576
3335,*C(=O)C(C=C1)=CC=C1C(S2)=CC=C2O*,egc,3.2820280460826465
3336,*OC(=S)OC(*)=O,eps,4.327284414563528
3337,*c1cc(COCCCCCCCCOc2ccc(-c3ccc(OC)cc3)cc2)c(*)s1,egc,2.514665102981659
3338,*OC(F)(F)c1ccc(C(*)(F)F)s1,nc,1.7521787078953475
3339,*C(C*)C(F)(F)F,tg,37.977902583601285
3340,*C(C*)(C(=O)OCCCCOc1ccc(cc1)OC(=O)c1ccc(cc1)OCCCCCCCC)C,tg,23.154855465366747
3341,*Oc1ccc(cc1)CC(NC(=O)Cc1ccc(cc1)OC(=O)CCCC(=O)*)C(=O)OCC,tg,67.17575134896873
3342,*N1C(=O)c2c(C1=O)cc(cc2)c1cc2c(C(=O)N(C2=O)c2ccc(cc2)OCC2CCC(CC2)COc2ccc(cc2)*)cc1,tg,229.1307670076606
3343,*C(C*)(C(=O)OCCS(=O)(=O)c1ccc(cc1)N=Nc1ccc(cc1)N(CC)CC)C,tg,123.05980559208339
3344,*CNC(=S)C(*)=O,eea,3.5180663467292623
3345,*N1C(=O)c2c(C1=O)cc(cc2)[Si](c1cc2c(C(=O)N(C2=O)c2cc(ccc2)Cc2cc(ccc2)*)cc1)(C)C,tg,254.5900948275172
3346,*Nc1ccc(cc1)NC(=O)c1cc(cc(c1)S(=O)(=O)c1ccccc1)C(=O)*,tg,290.64303052090776
3347,*Oc1ccc(cc1)C(=O)Nc1cc(cc(c1)c1nc2c([nH]1)cccc2)NC(=O)c1ccc(cc1)OCCOCC*,tg,168.95505630275758
3348,*C1COC2C1OCC2OC(=O)OCC(C(COC(=O)O*)OC)OC,tg,64.46852278343124
3349,*CCCCOC(=O)C(=O)O*,egc,5.4777919396160275
3350,*NNC(=O)c1ccc(NC(=O)c2ccc(C(*)=O)cc2)c(O)c1,egc,3.584262894950298
3351,*c1ccc(Oc2ccc(S(=O)(=O)c3ccc(Oc4ccc(-c5c6c(c(*)c7ccccc57)C(=O)N(C)C6=O)cc4)cc3)cc2)cc1,egc,2.9795434912300953
3352,*COc1ccc(O*)s1,nc,1.8171826502835964
3353,*C1COC2C1OCC2OC(=O)C1CCC(CC1)C(=O)O*,tg,141.66181354103952
3354,*C(C*)c1ccc(cc1)[Si](O[Si](C)(C)C)(O[Si](C)(C)C)C,tg,72.71381879667777
3355,*c1ccc(-c2ccc(-c3ccc(-c4cc(-c5ccccc5)c5cc(-c6ccc7nc(*)cc(-c8ccccc8)c7c6)ccc5n4)cc3)cc2)cc1,egc,3.125879307087626
3356,*c1cc2c(C(=O)N(C2=O)c2ccc(cc2)N2C(=O)c3c(C2=O)cc(cc3)C(=O)Nc2ccc(cc2)Oc2ccc(cc2)C2(c3c(C(=O)N2)cccc3)c2ccc(cc2)Oc2ccc(cc2)NC(=O)*)cc1,tg,313.90489033990775
3357,*c1ccc(C(=S)c2ccc(C(=S)C(=O)Nc3ccc(-c4ccc(*)s4)cc3)s2)s1,eea,3.3409163266460857
3358,*Oc1ccc(cc1)C1(c2ccccc2c2ccccc12)c1ccc(cc1)Oc1c(c(c(c(c1F)F)C(=O)c1c(c(c(c(c1F)F)*)F)F)F)F,tg,240.7391908566124
3359,*c1cc2C(c3c(c2cc1)ccc(c3)c1ccc(cc1)c1c(c(cc(c1)c1ccc(cc1)OCCCCCCCCCCCC)c1ccc(cc1)*)c1ccc(cc1)OCCCCCCCCCCCC)(CCCCCC)CCCCCC,tg,110.90317249578987
3360,*C1OC(C(C(C1OC(=O)C)OC(=O)C)O*)COC(=O)C,tg,184.47907023136844
3361,*Nc1ccc(C(C)(C)c2ccc(NC(=O)c3cc(C(*)=O)cc(N4C(=O)C5CC=CCC5C4=O)c3)cc2)cc1,egc,3.5236257295974314
3362,*Nc1ccc(NC(=O)c2cc(SCCCCCCCC)c(C(*)=O)cc2SCCCCCCCC)cc1,egc,3.314390480382377
3363,*NNC(=O)c1cccc(C(=O)NNC(=S)c2cccc(C(*)=S)c2)c1,egc,3.3575982990491005
3364,*NC(C(=O)*)CCC(=O)OC,tg,33.38259756267724
3365,*Oc1ccc(cc1)C(c1ccc(cc1)OC(=O)Nc1cc(ccc1)P(=O)(c1cc(ccc1)NC(=O)*)c1ccccc1)(C)C,tg,88.28349525426182
3366,*O[Si](O[Si](O[Si](C#Cc1ccc(cc1)C#C[Si](*)(C)C)(C)C)(C)C)(C)C,tg,61.000917189568405
3367,*CC(CC(CC(CC(*)c1ccccc1)c1ccccc1)c1ccccc1)c1ccccc1,eps,2.7996044747643847
3368,*C=CC(*)(c1ccccc1)C,tg,130.7356362283489
3369,*OC(F)(F)c1ccc(C(*)(F)F)s1,egb,4.4451017963284
3370,*c1sc(nn1)c1ccc(cc1)C(=O)OCCCCCCCCCCOC(=O)c1ccc(cc1)*,tg,65.30088499170745
3371,*OC(=O)NCCCCCCNC(=O)OCCOCCOCCOCCOCCOCC*,tg,21.153038542142312
3372,*Nc1ccc(cc1)NC(=O)Cc1c(cc(c(c1)C)CC(=O)*)C,tg,201.07918415363565
3373,*OP(=O)(N=Nc1ccc(cc1)COC(=O)c1cc(cc(c1)C(C)(C)C)C(=O)OCc1ccc(cc1)N=NP(=O)(OCCCCCC*)OC)OC,tg,67.86800951839268
3374,*c1c2C(=O)N(C(=O)c2c(c2ccccc12)c1ccc(cc1)Oc1c(cc(cc1)c1c2ccccc2c(c2ccccc12)c1cc(c(cc1)Oc1ccc(cc1)*)C(F)(F)F)C(F)(F)F)c1ccccc1,tg,324.3413817312093
3375,*OC(F)(F)c1ccc(C(*)(F)F)s1,eea,2.4757070129750325
3376,*CC(*)n1c2ccccc2c2ccccc21,egc,2.8545022886293183
3377,*c1c2c(nsn2)c(cc1)c1cc2C(c3c(c2cc1)ccc(c3)*)(CCCCCCCC)CCCCCCCC,tg,111.93977372654321
3378,*CS*,egb,5.32128570730772
3379,*C(C*)(C(=O)OCc1cscc1)C,tg,35.7371282585879
3380,*c1ccc2c(oc(n2)c2cc3c(C(=O)N(C3=O)c3c(ccc(c3)C(*)(C(F)(F)F)C(F)(F)F)O)cc2)c1,tg,337.22345990456853
3381,*CCCCCCCCCCCCCCCCOC(=O)CCCCCCCCC(=O)O*,egc,6.716521534646521
3382,*N1C(=O)c2c(C1=O)cc(cc2)C(=O)Oc1ccc(cc1)C(c1ccc(cc1)OC(=O)c1cc2c(C(=O)N(C2=O)CCOCCOCC*)cc1)(C)C,tg,106.11394002277868
3383,*CC(C)(CO*)COCC(F)(F)C(F)(F)C(F)(F)C(F)(F)C(F)(F)C(F)(F)C(F)(F)F,egc,6.2213290553547935
3384,*C(C*)(C(=O)OCc1cc2c(OCCOCCOCCOCCO2)cc1)C,tg,14.975443417240037
3385,*CC(*)C(=O)c1ccc(CC)cc1,egb,4.233973645950838
3386,*C(C*)(C(=O)OCC(C(C(C(F)(F)F)(F)F)(F)F)(F)F)F,tg,62.25837797296581
3387,*C(=O)Oc1ccc(C(*)=S)s1,nc,2.089404001775903
3388,*Oc1cc(c(cc1)C(=O)c1ccccc1)c1c(ccc(c1)Oc1ccc(cc1)C(c1ccc(cc1)*)(C(F)(F)F)C(F)(F)F)C(=O)c1ccccc1,tg,183.1161565052226
3389,*N1C(=O)c2c(C1=O)cc(cc2)Oc1cc2c(C(=O)N(C2=O)c2cc(ccc2)Oc2c(ccc(c2)Oc2cc(ccc2)*)C#N)cc1,tg,208.12794018411682
3390,*OC(=O)OC(*)=O,eea,1.9766772900641656
3391,*Cc1ccc(Cc2ccc(*)s2)s1,ei,5.64487024413227
3392,*Cc1ccc(-c2ccc(-c3ccc(*)s3)s2)s1,ei,5.157758868928859
3393,*Oc1c(cc(cc1)C1(CCCCC1)c1cc(c(cc1)OC(=O)*)Cl)Cl,tg,182.70911878166933
3394,*C(C*)(C(=O)Oc1ccc(cc1)C#N)C,tg,135.91821548839744
3395,*C(=O)c1ccc(NC(=S)Oc2ccc(Nc3ccc(*)s3)s2)s1,ei,5.431637181400886
3396,*C=CC1CC(*)C(C#N)(CCC)C1,egc,6.19486096781794
3397,*C1(C(C(C(C(C1(F)F)(F)F)(F)F)(C(*)(F)F)F)(F)F)F,tg,167.4581466999356
3398,*c1ccc(-c2cc(CCCCCCCCCF)c(*)s2)s1,egc,1.7887674864848497
3399,*Oc1c(cc(cc1)C1(CC2C(CC1)CCCC2)c1cc(c(cc1)Oc1ccc(cc1)C(=O)c1cc(ccc1)C(=O)c1ccc(cc1)*)C)C,tg,195.4923508736778
3400,*c1cc2c(C(=O)N(C2=O)c2ccc(cc2)Oc2ccc(cc2)N2C(=O)c3c(C2=O)cc(cc3)C(C(C(C(C(C(C(C(*)(F)F)(F)F)(F)F)(F)F)(F)F)(F)F)(F)F)(F)F)cc1,tg,182.86089330348835
3401,*CC(*)C(=O)OCCCSCC,egc,4.9874299685255705
3402,*CCC(F)(F)C(*)(F)F,eea,0.9942495545828278
3403,*C(C*)(C(=O)OCCCCCCOc1ccc(cc1)C(=O)Oc1c2c(c(cc1)N=Nc1ccc(cc1)C#N)cccc2)C,tg,52.350214751756006
3404,*c1cc2C(c3c(c2cc1)ccc(c3)c1ccc(cc1)c1c(c(cc(c1)c1ccc(cc1)OCC(CCCC)CC)c1ccc(cc1)*)c1ccc(cc1)OCC(CCCC)CC)(CCCCCC)CCCCCC,tg,117.33326452288533
3405,*Oc1cc2c(cc1)ccc(c2)Oc1ccc(cc1)C(=Nc1ccc(cc1)Oc1ccc(cc1)N=C(c1ccc(cc1)*)c1ccccc1)c1ccccc1,tg,170.9023990469237
3406,*C(C*)n1c2c(c3c1cc1ccccc1c3)cccc2,tg,184.45401103359663
3407,*Oc1ccc(C(C)(c2ccc(Oc3ccc(C(=O)c4ccc(*)cc4)cc3)cc2)C(F)(F)F)cc1,egc,4.210917239642386
3408,*C(C*)(C(=O)OCCN(c1ccc(cc1)N=Nc1ccc(cc1)S(=O)(=O)Nc1noc(c1)C)CCCC)C,tg,110.60522548328045
3409,*Oc1cc(ccc1)C(=O)NCC*,tg,115.22458097749242
3410,*C1CCOC1*,egc,5.833134822553098
3411,*C1C=C(C(*)(C)C)C2CC=CCC12,egb,4.78673048745157
3412,*C(C*)OC(=O)OC([2H])([2H])[2H],tg,71.44822851470711
3413,*Cc1ccc(-c2ccc(C(*)=S)s2)s1,nc,2.176516015024972
3414,*CC(*)(F)C(=O)OCCC(F)(F)C(F)(F)C(F)(F)C(F)(F)F,egc,6.434636046991331
3415,*C(C*)N1C(=O)CCCCC1,tg,114.68943993457323
3416,*N(CC(C*)O)c1ccccc1,tg,98.3854606775716
3417,*Oc1ccc(cc1)C(=Cc1ccc(cc1)c1ccc(cc1)C=C(c1ccc(cc1)OC(=O)*)c1ccccc1)c1ccccc1,tg,210.99369120008896
3418,*Oc1ccc(cc1)Oc1ccc(cc1)C(=O)c1ccc(cc1)C(=O)c1ccc(cc1)*,tg,147.14952258773178
3419,*C(C*)CO,tg,34.82409513870152
3420,*NCC*,tg,41.301907622021034
3421,*O[Si](O[Si](O[Si](O[Si](O[Si](OC1=C(c2c3c(ccc2)cccc13)*)(C)C)(C)C)(C)C)(C)C)(C)C,tg,-89.52367779282145
3422,*Oc1ccc(cc1)S(=O)(=O)c1ccc(cc1)Oc1ccc(cc1)Cc1ccc(cc1)*,tg,179.13774776939337
3423,*Nc1ccc(Nc2ccc(*)s2)cc1,nc,2.042238334706993
3424,*C(=S)c1ccc(C(F)(F)C(*)(F)F)cc1,eea,3.8863910446762384
3425,*C(C*)(CC)C,tg,28.18843248185193
3426,*CC(=O)C(=S)c1ccc(*)cc1,eea,3.5542372728927862
3427,*c1ccc2n(c3c(c2c1)cc(cc3)C=C(C(=O)OCCCCCCCCCCOC(=O)C(=C*)C#N)C#N)CCCCCCC,tg,42.489947716147206
3428,*C1=CSC(=C2SC=C(c3ccc(*)cc3)S2)S1,egc,3.312163336252999
3429,*c1nc2c(c(c1)c1ccccc1)cc(cc2)Oc1cc2c(nc(cc2c2ccccc2)c2ccc(cc2)C2(c3ccccc3c3ccccc23)c2ccc(cc2)*)cc1,tg,339.12558570048867
3430,*c1ccc2c(nc([nH]2)c2cc(cc(c2)N2C(=O)c3c(C2=O)cccc3)c2nc3c([nH]2)ccc(c3)C(=O)Nc2nc(ccc2)NC(=O)*)c1,tg,302.82179159964915
3431,*C(C*)c1c(c(c(c(c1F)F)P(=O)(O)O)F)F,tg,107.06015778762028
3432,*CCCCCCCCOC(=O)CC=CCC(=O)O*,egc,5.968843276554364
3433,*C(C*)(CC(=O)OC1CCCCCCC1)C(=O)OC1CCCCCCC1,tg,114.29352842385843
3434,*Cc1ccc(OC(*)=S)s1,nc,1.9108998322196866
3435,*c1cc2c(oc(n2)c2ccc(cc2)C(c2ccc(cc2)c2oc3c(n2)cc(cc3)C(*)(C(F)(F)F)C(F)(F)F)(C(F)(F)F)C(F)(F)F)cc1,tg,329.07334260402985
3436,*Oc1c(cc(cc1c1ccccc1)*)c1c(c(ccc1)c1ccccc1)c1ccccc1,tg,238.02775768331782
3437,*CCO*,eps,3.3127201176498104
3438,*C(C*)C(=O)OCCCOc1ccc(cc1)C(=O)OCCCC(C(C(C(C(C(F)(F)F)(F)F)(F)F)(F)F)(F)F)(F)F,tg,35.20914916921477
3439,*c1cc2c(C(=O)N(C2=O)c2ccc(cc2)Oc2ccc(cc2)N2C(=O)c3c(C2=O)cc(cc3)C(*)O)cc1,tg,271.4201264108511
3440,*OC(C)COC(=O)CCC(*)=O,egc,6.740538038824335
3441,*NC(=S)Nc1ccc(Cc2ccc(*)cc2)cc1,eps,4.444553559897223
3442,*N1C(=O)c2c(C1=O)cc(cc2)Oc1cc2c(C(=O)N(C2=O)c2ccc(cc2)Sc2cc3c(C(=O)N(C3=O)CCc3ccccc3)cc2Sc2ccc(cc2)*)cc1,tg,226.24770051713506
3443,*CCCCCCCCOC(=O)c1cccc(C(=O)O*)c1,egc,5.139086238983512
3444,*Oc1c(cc(cc1)S(=O)(=O)c1cc(c(cc1)Oc1c(cc(cc1C)C(c1cc(c(c(c1)C)*)C)(C(F)(F)F)C(F)(F)F)C)Br)Br,tg,190.8313250955919
3445,*CC(CC(CC(*)c1ccccn1)c1ccccn1)c1ccccn1,eps,3.799579201364417
3446,*CNCCCOCO*,egc,5.6362887653438065
3447,*c1nc2c(nc1)cc(cc2)c1ccc2c(nc(cn2)c2ccc(cc2)Oc2ccc(cc2)Oc2ccc(cc2)*)c1,tg,223.52677894993298
3448,*CCSSCCOCO*,egc,5.630206961103506
3449,*C=CCCCCCCCC*,egc,5.85525457647593
3450,*C(C*)(C(=O)OC1C(CCCC1)C(C)(C)C)C,tg,112.36224068446386
3451,*Nc1ccc(cc1)c1ccc(cc1)NC(=O)Cc1c(cc(c(c1)CC(=O)*)C)C,tg,199.18309707931556
3452,*Oc1ccc(-c2ccc(-c3ccc(*)cc3)s2)cc1,eea,1.9343682814771257
3453,*C(C#N)=C(*)c1ccccc1,egc,1.4330316738021922
3454,*C(C*)C(=O)OCCCCCCCCCCOC(=O)c1ccc(cc1)OC(=O)c1ccc(cc1)C#N,tg,12.271168303915713
3455,*c1ccc(C(F)(F)c2ccc(C(*)(F)F)s2)s1,eps,4.176930690672781
3456,*OC(=O)C(CC(C)C)NC(=O)CCCCC(=O)NC(CC(C)C)C(=O)OC1COC2C(*)COC12,egc,5.723856258616171
3457,*c1ccc(NC(F)(F)C(*)(F)F)cc1,eps,3.858405567558699
3458,*CCCCCCCCCCCCCCCCOC(=O)NCCCCCCCCCCNC(=O)O*,egc,6.221424346500802
3459,*Oc1ccc(cc1)C(c1ccc(cc1)Oc1ccc(cc1)C(=O)c1ccc(cc1)C(c1ccc(cc1)C(=O)c1ccc(cc1)*)(C)C)(C(F)(F)F)C(F)(F)F,tg,158.4720793069232
3460,*SSSSCC*,tg,-35.897626070356424
3461,*C([2H])=C(*)[2H],egb,1.2960717706844194
3462,*Oc1ccc(cc1)CC(NC(=O)Cc1ccc(cc1)OC(=O)COCC(=O)*)C(=O)OCCCCCCCC,tg,38.99284742005864
3463,*Oc1ccc(cc1)NC(=O)c1cc(cc(c1)NC(=O)CCCN1C(=O)c2c(C1=O)cccc2)C(=O)Nc1ccc(cc1)*,tg,230.66532636451046
3464,*CC(=O)NC(*)=O,eps,4.213068310654668
3465,*C=Nc1cccc(N=Cc2ccc(Sc3ccc(*)o3)o2)c1,egc,2.8789576268831247
3466,*ON(C(F)(F)C(*)(F)F)C(F)(F)C(F)(F)Br,egc,5.43566864362127
3467,*C1=CC(=C(C#N)C#N)C=C(O1)C=Cc1sc(c(c1CCCCCC)CCCCCC)c1sc(cc1)c1sc(cc1)c1sc(c(c1CCCCCC)CCCCCC)C=C*,tg,114.96866733641887
3468,*C(C*)C(=O)OCCCCCCOc1ccc(cc1)c1ccc(cc1)C#N,tg,19.644115891502707
3469,*c1cc2c(C(=O)N(C2=O)c2ccc(cc2)c2sc(c(c2c2ccccc2)c2ccccc2)c2ccc(cc2)N2C(=O)c3c(C2=O)cc(cc3)C(=O)Nc2ccc(cc2)c2sc(c(c2c2ccccc2)c2ccccc2)c2ccc(cc2)NC(=O)*)cc1,tg,330.082561965462
3470,*Oc1ccc(cc1)c1ccc(cc1)OC(=O)OC1C(C(C1(C)C)OC(=O)*)(C)C,tg,173.01972283144647
3471,*C(C*)OC(=O)C(C(C(C(C(C(C(F)(F)F)(F)F)(F)F)(F)F)(F)F)(F)F)(F)F,tg,0.25041530190679995
3472,*c1cc2c(C(=O)N(C2=O)c2c(ccc(c2)N2C(=O)c3c(C2=O)cc(cc3)C(=O)Nc2ccc(cc2)Oc2ccc(cc2)c2ccc(cc2)Oc2ccc(cc2)NC(=O)*)C)cc1,tg,293.6491823631254
3473,*C([2H])([2H])C(*)([2H])C([2H])([2H])[2H],egc,5.9702161027053755
3474,*CC(=O)C(*)c1ccc(F)cc1,egc,4.393464767337253
3475,*COC(C=C1)=CC=C1O*,egc,4.987592878852694
3476,*C(C*)(C(=O)OCCCCCCCCCCCC[n+]1ccc(cc1)N(C)C)C,tg,46.24379540756397
3477,*c1ccc(Oc2ccc(C(=O)c3ccc(Oc4ccc(-c5cc(*)[nH]n5)cc4)cc3)cc2)cc1,egc,3.548842837694388
3478,*CC(OC(C)=O)C(COC(=O)O*)OC(C)=O,egc,6.8129701135461325
3479,*c1cc(COCCCCCCOc2ccc(-c3ccc(C#N)cc3)cc2)c(*)s1,egc,2.8170933596637693
3480,*c1ncc(cc1)C(=O)NCCCCCCNC(=O)*,tg,142.67565676863214
3481,*C(C*)(C(=O)Nc1ccc(cc1)C(=O)C=Cc1ccc(cc1)OC)C,tg,119.61574177449376
3482,*c1oc2c(n1)ccc(c2)c1ccc2c(oc(n2)CCCCCCCCCC*)c1,tg,70.09854019622631
3483,*Oc1c(cccc1)C(=O)OC(=O)c1c(cccc1)OC(=O)C(C(C(=O)*)CC)CC,tg,111.77678912266688
3484,*Oc1ccc(cc1)C(c1ccc(cc1)OC(=O)*)(c1ccccc1)c1ccccc1,tg,198.61254373517437
3485,*Nc1ccc(-c2ccc(-c3ccc(*)s3)s2)cc1,nc,2.2650595172927135
3486,*c1nc(nc(n1)c1ccc(cc1)Oc1ccc(cc1)C(c1ccc(cc1)Oc1ccc(cc1)*)(C(F)(F)F)C(F)(F)F)c1ccccc1,tg,208.52808358683018
3487,*CCCCCC(=O)NCCCCCCNC(=O)CCCCO*,egc,5.865033993983981
3488,*C(=O)c1ccc(Oc2ccc(*)s2)s1,eps,5.419934216766256
3489,*c1cccc(-n2nc(-c3ccccc3)c3cc(Oc4ccc5c(-c6ccccc6)nn(*)c(=O)c5c4)ccc3c2=O)c1C#N,egc,3.231747601354406
3490,*CCCCCOC(=O)CC(=O)O*,egb,6.467750514536136
3491,*c1ccc(-c2ccc3[nH]c(-c4nc5cc(*)ccc5[nH]4)nc3c2)cc1,egc,3.2550617925632235
3492,*C(=O)c1ccc2c(c1)C(=O)N(c1ccc(C=Cc3ccc(N4C(=O)c5ccc(*)cc5C4=O)cc3)cc1)C2=O,egc,2.254302724074302
3493,*c1cc2c(C(=O)N(C2=O)c2c(cc(cc2)Cc2cc(c(cc2)N2C(=O)c3c(C2=O)cc(cc3)C(=O)*)C(C)(C)C)C(C)(C)C)cc1,tg,317.9351154756245
3494,*c1[nH]c(cc1)*,tg,168.66982289272988
3495,*CCOCCOCCOC(=O)CCCCCCCC(=O)O*,egc,6.343466508113303
3496,*C(*)C(=O)OCCC,tg,9.05577398128755
3497,*Cc1ccc(C*)cc1,egb,4.515943090707508
3498,*CCCCOC(=O)NCC(F)(F)C(F)(F)C(F)(F)C(F)(F)CNC(=O)O*,egc,6.80212389570544
3499,*OCC(C*)(CC)CC,tg,-14.958160747888435
3500,*C(C*)C1C(CCCC1)C,tg,91.79764155128933
3501,*c1cc2c(C(=O)N(C2=O)c2ccc(cc2)Sc2ccc(cc2)N2C(=O)c3c(C2=O)cc(cc3)C(=O)*)cc1,tg,276.31778886394864
3502,*CCC1CC(*)C2C3CC(CC)C(C3)C12,egc,5.9229965823183015
3503,*CC(*)c1cc(Br)ccc1OCCCC,egc,3.3440088433142026
3504,*C(=C(*)C)SCC,tg,91.00535174025703
3505,*C1COC2C1OCC2Oc1ccc(cc1)CNC(=O)c1cc(ccc1)C(=O)NCc1ccc(cc1)O*,tg,150.70236469548564
3506,*C(C*)(C(=O)Oc1ccc(cc1)OCc1ccccc1)C,tg,90.33182587347528
3507,*CCCCCCCCCCCCOC(=O)NCCCCCCNC(=O)O*,egc,6.300456989194119
3508,*C(=S)Oc1ccc(-c2ccc(*)s2)s1,eea,3.1569919342753314
3509,*Oc1ccc(NC(=C(C#N)C#N)c2ccc(C(Nc3ccc(*)cc3)=C(C#N)C#N)cc2)cc1,egc,3.215049914006096
3510,*c1cc2c(C(=O)N(C2=O)c2ccc(cc2)Oc2c(cc(cc2C)Cc2cc(c(c(c2)C)Oc2ccc(cc2)N2C(=O)c3c(C2=O)cc(cc3)C(*)(C(F)(F)F)C(F)(F)F)C)C)cc1,tg,279.72640609978487
3511,*Nc1ccc(-c2ccc(O*)cc2)cc1,nc,1.9956836689712734
3512,*OC(=O)c1ccc(cc1)c1ccc(cc1)c1ccc(cc1)C(=O)OCCCC*,tg,56.59155853132696
3513,*C(C*)c1c(ccc(c1)Br)OC(C)C,tg,89.38010739195464
3514,*Nc1ccc(C2(c3ccc(NC(=O)c4ccc(C(*)=O)cc4)cc3)c3ccccc3-c3ccccc32)cc1,egc,3.0942374054827932
3515,*C(C(*)(F)F)(Cl)F,tg,104.41666515836978
3516,*Oc1ccc(C(=O)c2ccc(*)cc2)cc1,egb,3.0550028222322565
3517,*Oc1ccc(cc1)Oc1ccc(cc1)C(=O)c1c2c(c(cc1)C(=O)c1ccc(cc1)*)cccc2,tg,190.09900895939455
3518,*CCCCCOc1ccc(C(=O)OC(=O)c2ccc(O*)cc2)cc1,egc,4.271306635474934
3519,*c1nc(nc(n1)Oc1ccc(cc1)C(=O)Nc1ccc(cc1)Cc1ccc(cc1)NC(=O)c1ccc(cc1)O*)Sc1ccccc1,tg,236.53602624562686
3520,*N1C(=O)c2c(C1=O)cc(cc2)Oc1cc2c(C(=O)N(C2=O)c2ccc(cc2)C2(c3ccccc3c3ccccc23)c2ccc(cc2)*)cc1,tg,321.9245981190268
3521,*CNC(=S)O*,nc,1.8564272069564094
3522,*C(=C(*)C)CCC,tg,99.62504612635693
3523,*CC(*)n1cncn1,egc,4.781452221596266
3524,*OC(C)CCOC(=O)CCC(*)=O,egc,6.720154672416807
3525,*CCCCCCOC(=O)NCCSCCCCCCSCCNC(=O)O*,egc,5.240774376403095
3526,*C(C*)(C(=O)OCCOCCOCCOCCOc1ccc(cc1)N=Nc1ccc(cc1)C#N)C,tg,39.30960908117673
3527,*C(=O)C(F)(F)NC(*)(F)F,nc,1.638609031812182
3528,*N1C(=O)c2c(C1=O)cc(cc2)Oc1cc2c(C(=O)N(C2=O)c2c(cc(cc2C)C(c2cc(c(c(c2)C)*)C)c2cc(cc(c2)C(F)(F)F)C(F)(F)F)C)cc1,tg,296.5705093619876
3529,*C1C(=O)N(C(=O)C1*)c1ccc(cc1)O[Si](c1ccccc1)(c1ccccc1)c1ccccc1,tg,190.89879246116524
3530,*NC(=O)c1ccc(C(*)=O)s1,egb,2.0350120354275205
3531,*C(C*)C(=O)Oc1c(c(c(c(c1F)F)F)F)F,tg,97.57994390501206
3532,*Oc1ccc(cc1)NC(=O)c1ccc(cc1)S(=O)(=O)c1ccc(cc1)C(=O)Nc1ccc(cc1)Oc1ccc(cc1)C1(C2CCC(C1)C2)c1ccc(cc1)*,tg,273.9420576503012
3533,*Oc1ccc(cc1)c1ccc(cc1)OCCCCCCOC(=O)C(C(=O)OCCCCCC*)CCCCCOc1cc(nc(c1)c1ncccc1)c1ncccc1,tg,41.41604880150989
3534,*C(F)C(*)(F)OC(F)(F)F,egc,8.247778690537166
3535,*Oc1ccc(cc1)C(c1ccc(cc1)OCC(C*)OC(=O)c1ccccc1)(C)C,tg,99.90296006208196
3536,*Cc1ccc(-c2ccc(N*)cc2)cc1,egb,3.672851421748843
3537,*c1cc2C(c3c(c2cc1)ccc(c3)c1c(cc(c(c1)CCCCCC)*)CCCCCC)(CCCCCC)CCCCCC,tg,69.20642211368309
3538,*OC(*)CCC#N,egb,6.61910863790276
3539,*OCC(C*)(CO)CC,tg,38.9842775408705
3540,*Oc1ccc(cc1)C(c1ccc(cc1)OC(=O)OC1C(C(C1(C)C)OC(=O)*)(C)C)(c1ccccc1)C,tg,160.52775462332957
3541,*O[Si](O[Si](O[Si](c1ccc(cc1)[Si](*)(C)C)(C)C)(C)C=C)(C)C=C,tg,-52.768431322860934
3542,*NC(=S)C(C=C1)=CC=C1C(=S)*,egc,2.703224588722085
3543,*Oc1c(cccc1)S(=O)(=O)c1ccc(cc1)*,tg,175.75936371074388
3544,*OC(=O)c1ccc(cc1)C(=O)OCC(C(C*)CC)CC,tg,44.27675358721137
3545,*C(=O)c1ccc2c(c1)C(=O)N(c1ccc(C(=O)Nc3ccc(N4C(=O)c5ccc(*)cc5C4=O)cc3)cc1)C2=O,egc,2.415015327309065
3546,*C1C=CC(*)CC1,egb,5.854787891688927
3547,*Oc1ccc(cc1)C(c1ccc(cc1)Oc1ccc(cc1)C(=O)C(=O)c1ccc(cc1)*)(C(F)(F)F)C(F)(F)F,tg,167.58077166861685
3548,*NCNC(=O)OC(=O)NC(*)=O,egb,5.459462315352479
3549,*CC(=O)N*,nc,1.7461731556029993
3550,*C(=O)NCCCCCCNC(=O)c1cc(*)c(C)nc1C,egc,4.568005123359059
3551,*CC(*)c1ccc(CCCCCCCCCCCCCCCC)cc1,egc,4.709907323904945
3552,*CCCCCCCCCCNC(=O)NCCCCCCCCNC(=O)N*,egc,5.674728182350113
3553,*ON(C(F)(F)F)C(F)(Br)C(*)(F)F,egc,6.68459193630575
3554,*Oc1c(c(cc(c1)Br)Br)*,tg,170.59930196159127
3555,*CCNc1ccc(*)cc1,egb,4.260376229167112
3556,*CCC(=O)c1ccc(*)cc1,eea,2.303725818526422
3557,*N(CC*)C(=O)c1c(cc(cc1)F)F,tg,108.58986526740486
3558,*CCNc1ccc(*)cc1,ei,5.237003031507078
3559,*c1oc2c(n1)cc(cc2)NC(=O)CCCCCCCCC(=O)Nc1cc2c(oc(n2)CCCCCC*)cc1,tg,80.96875531219828
3560,*OC(=O)OCC(C(C*)OC(=O)C(NC(=O)OC(C)(C)C)Cc1ccccc1)OC(=O)C(NC(=O)OC(C)(C)C)Cc1ccccc1,tg,50.964428549155656
3561,*CC(=O)CC(*)=S,ei,6.141110545524224
3562,*C(C*)C(=O)OCCc1ccccc1,tg,15.409299988555295
3563,*OC(=O)CCCC(=O)OCCCC*,tg,-41.257490050524694
3564,*CCNC(=O)CCCCCCC(=O)N*,egc,5.9102179619565
3565,*CCOCCOC(=O)C=CC(=O)O*,egc,4.872473990338227
3566,*NC(=O)c1ccc(cc1)C(c1ccc(cc1)C(=O)NCCCC*)(CC)C,tg,175.23451874420317
3567,*Cc1ccc(NC(*)=S)s1,nc,1.9441149487320681
3568,*N1C(=O)C2C3C4C(C(C2C1=O)C=C3)C(=O)N(C4=O)c1cc(ccc1)Oc1cc(ccc1)Oc1cc(ccc1)*,tg,233.02125352214236
3569,*Oc1ccc(cc1)C(c1ccc(cc1)Oc1ccc(cc1)C(=O)c1cc(ccc1)c1cc(ccc1)C(=O)c1ccc(cc1)*)(C(F)(F)F)C(F)(F)F,tg,168.54458044522147
3570,*C(C*)(C(=O)OCCO[N+](=O)[O-])C,tg,60.42789102225025
3571,*N1C(=O)C(=C(C1=O)Cl)Oc1ccc(cc1)C(c1ccc(cc1)OC1=C(C(=O)N(C1=O)c1ccc(cc1)Oc1ccc(cc1)*)Cl)(C(F)(F)F)C(F)(F)F,tg,210.55308982003962
3572,*CCCCCCN1C(=O)c2ccc(C(=O)c3ccc4c(c3)C(=O)N(*)C4=O)cc2C1=O,nc,1.8284375418425065
3573,*CC(CC)(CCl)CO*,egc,6.125447078476314
3574,*CC(*)(C)C(=O)NCCC,egc,6.009797984483343
3575,*CC(=O)OC(*)=O,eea,2.033583022801901
3576,*C=CC(CN)C(*)C(=O)O,egc,5.350772848995986
3577,*CC(OC)C1(C)C(=O)OC(=O)C1(*)C,egc,5.7441575897811115
3578,*c1sc(cc1SCCCC)c1sc(c(c1)SCCCC)c1ccc(cc1)*,tg,68.96109057710733
3579,*CNC(=S)c1ccc(*)s1,nc,1.9698854995170316
3580,*Oc1ccc(cc1)c1ccc(cc1)OCCCCCCCCOC(=O)Nc1c(cc(cc1)NC(=O)OCCCCCCCC*)C,tg,80.70805912232181
3581,*c1cc2c(C(=O)N(C2=O)c2ccc(cc2)N(CCN(c2ccc(cc2)N2C(=O)c3c(C2=O)cc(cc3)C(*)(C(F)(F)F)C(F)(F)F)C)C)cc1,tg,239.14480313245375
3582,*Oc1cc(c(cc1)C=NN=Cc1c(cc(cc1)OCCCCCCCCCCCC*)O)O,tg,64.93184609349686
3583,*C1C(CC(C1)C=C*)(C[Si](O[Si](C)(C)C)(C)C)C#N,tg,75.137859105262
3584,*CCOC(=O)C1CCC(C(=O)O*)CC1,egc,6.830178012904707
3585,*OP(=O)(N=Nc1ccc(cc1)Oc1ccc(cc1)N=NP(=O)(OCCCCCC*)OC)OC,tg,17.722188864249354
3586,*Cc1ccc(Oc2ccc(*)s2)cc1,ei,5.856986917651232
3587,*Oc1ccc(cc1)C(=O)OCCCCCOC(=O)c1ccc(cc1)*,tg,25.432565640723197
3588,*CNC(=S)C(=O)*,egc,3.0691833687194556
3589,*c1cc2c(C(=O)N(C2=O)c2cc(ccc2)Oc2cc(ccc2)Oc2cc(ccc2)N2C(=O)c3c(C2=O)cc(cc3)C(*)(C(F)(F)F)C(F)(F)F)cc1,tg,235.83723877899263
3590,*OC(=O)C(F)(F)C(*)(F)F,eea,2.9592438276240935
3591,*Oc7ccc(C6(c3ccc(OC(=O)c2ccc(c1ccc(C(*)=O)cc1)cc2)cc3)c4ccccc4c5ccccc56)cc7,egc,3.5606160078058644
3592,*Nc1c(cccc1)CCc1c(cccc1)NC(=O)Nc1ccc(cc1)CCc1ccc(cc1)NC(=O)*,tg,198.99521019972244
3593,*C1C=CC(*)N1,egc,4.927689698541387
3594,*C=CC(C(*)C(=O)OCCCCCCN(c1ccc(cc1)N(C)C)C)C,tg,3.8447424068677605
3595,*CCCCCCCCCC(=O)O*,egc,6.730277241023952
3596,*OC(=O)c1cc2c(cc1)cc(cc2)C(=O)OCCCCCCCCCCCC*,tg,41.35717311518501
3597,*c1cc2c(C(=O)N(C2=O)c2c3c(c(cc2C)c2cc(c(c4c2cccc4)N2C(=O)c4c(C2=O)cc(cc4)C(=O)Nc2ccc(cc2)C(c2ccc(cc2)NC(=O)*)(C(F)(F)F)C(F)(F)F)C)cccc3)cc1,tg,307.1842645225645
3598,*Oc1ccc(cc1)C(=O)OCC(COC(=O)c1ccc(cc1)*)(C)C,tg,65.41648292728162
3599,*OC(=O)c1ccc(cc1)C(=O)OCC1CC(CCC1)C*,tg,79.56942985835724
3600,*C(=O)c1ccc2c(c1)C(=O)n1c-2nc2ccc(-c3ccc4c(c3)nc3n4C(=O)c4ccc(*)cc4-3)cc21,egc,2.7140563278494314
3601,*N1C(=O)c2c(C1=O)cc(cc2)Oc1cc2c(C(=O)N(C2=O)c2cc(ccc2)*)cc1,tg,289.60524361292903
3602,*OC(=O)c1cc(ccc1)C(C(C(C(C(c1cc(ccc1)C(=O)OCC(C(C(C*)(F)F)(F)F)(F)F)(F)F)(F)F)(F)F)(F)F)(F)F,tg,25.166459570747612
3603,*CCCCCCNC(=S)Nc1ccc(NC(=S)N*)cc1,ei,5.4759761440225425
3604,*NC(=S)Nc1ccc(NC(=S)Nc2ccc(Cc3ccc(*)cc3)cc2)cc1,egb,3.2792262524173053
3605,*Oc1ccc(cc1)C(c1ccc(cc1)OC(=O)*)c1ccccc1,tg,174.64497500776199
3606,*Oc1ccc(-c2ccc(-c3ccc(*)cc3)s2)cc1,nc,2.148644058026578
3607,*c1ccc(Oc2ccc3c(c2)C(=O)N(*)C3=O)cc1,egc,3.4707577925412374
3608,*c1cc2c(C(=O)N(C2=O)c2c(cc(cc2)c2cc(c(cc2)N2C(=O)c3c(C2=O)cc(cc3)C(=O)Nc2ccc(cc2)C2(c3ccccc3c3ccccc23)c2ccc(cc2)NC(=O)*)OC)OC)cc1,tg,259.63243711774305
3609,*Oc1ccc(cc1)S(=O)(=O)c1ccc(cc1)*,tg,195.6241529667954
3610,*C(C(*)F)C(F)(F)F,tg,57.20644117115007
3611,*C(=O)COCCOCC(=O)N1CCN(*)CC1,egc,5.613326363628669
3612,*C1(c2c(C(=O)O1)cccc2)c1ccc(cc1)OC(=O)c1cc(ccc1)C(=O)Oc1ccc(cc1)*,tg,279.841573673713
3613,*CCCCCCCCCCOC(=O)CCCCC(=O)O*,egb,6.707759855995354
3614,*OC(=S)c1ccc(C(*)=O)cc1,eps,4.815341884590471
3615,*Nc1ccc(-c2ccc(-c3ccc(*)s3)cc2)s1,eps,6.793444677676513
3616,*Oc1c(cc(c(c1)OCCOC)OC(=O)c1c(cc(cc1)C(=O)*)OCCOCC)OCCOC,tg,61.098562803789136
3617,*CNc1ccc(-c2ccc(*)cc2)s1,ei,5.070588346150103
3618,*C=Cc1ccc(Oc2ccc(C=Cc3cc(*)ncn3)cc2)cc1,egc,2.924833962022402
3619,*OCCSSCC*,tg,-51.229969474251135
3620,*C(C*)C(=O)OCC(F)(F)F,tg,12.2381624988216
3621,*Nc1ccc(cc1)Cc1ccc(cc1)NC(=O)NCCCCCCCCCNC(=O)*,tg,52.747536914544334
3622,*CCCCCCCCCCOC(=O)Cc1ccc(CC(=O)O*)cc1,egc,5.330158036972989
3623,*c1cc2c(C(=O)N(C2=O)c2ccc(cc2)Oc2ccc(cc2)NC(=O)c2cc(ccc2)C(=O)Nc2ccc(cc2)Oc2ccc(cc2)N2C(=O)c3c(C2=O)cc(cc3)C(=O)*)cc1,tg,247.199737814529
3624,*OC(=O)C1CCC(CC1)C(=O)OCCOCCOCC*,tg,-16.468930582958208
3625,*c1cc2c(C(=O)N(C2=O)c2ccc(cc2)C(=O)Nc2ccc(cc2)C(=O)OCCCCCCCCCOC(=O)*)cc1,tg,95.607336668548
3626,*C(C*)C(=O)OC([2H])([2H])[2H],tg,75.7832377657268
3627,*OC(=O)NCC(C(C(C(CNC(=O)OCCCCCC*)(F)F)(F)F)(F)F)(F)F,tg,28.71282896386938
3628,*CC(*)(C#N)C(=O)OC,egc,6.428980490488463
3629,*C(C*)C(=O)OCCCCCC(=O)Oc1ccc(cc1)c1ccc(cc1)C#N,tg,31.052249419500523
3630,*c1cc2c(C(=O)N(C2=O)c2ccc(cc2)Oc2ccc(cc2)C(c2ccc(cc2)Oc2ccc(cc2)N2C(=O)c3c(C2=O)cc(cc3)c2ccc(cc2)c2ccc(cc2)c2ccc(cc2)c2ccc(cc2)*)(C)C)cc1,tg,241.8059836234612
3631,*N1C(=O)c2c(C1=O)cc(cc2)c1cc2c(C(=O)N(C2=O)c2ccc(cc2)Oc2c(cc(c(c2)C(C)(C)C)Oc2ccc(cc2)*)C(C)(C)C)cc1,tg,316.96657702885034
3632,*N1C(=O)c2c(C1=O)cc(cc2)Oc1cc2c(cc1)ccc(c2)Oc1cc2c(C(=O)N(C2=O)c2ccc(cc2)C(c2ccc(cc2)*)(C)C)cc1,tg,252.77151658996146
3633,*N1C(=O)C(CC1=O)Nc1ccc(cc1)NC1C(=O)N(C(=O)C1)c1c(cc(cc1C)C(c1cc(c(c(c1)C)*)C)c1cnccc1)C,tg,226.44881683141
3634,*Oc1ccc(cc1)C(=O)N(C(=O)c1ccc(cc1)OCCCCCC*)c1c2c(ccc1)cccc2,tg,118.79633998248741
3635,*C(C*)c1ccc(cc1)C(C)(C)C,tg,149.46183525374022
3636,*CC(CO*)(COc1ccccc1)COc1ccccc1,egc,4.710618991523512
3637,*OC(=O)c1ccc(cc1)c1ccc(cc1)C(=O)OCCCCCCCC*,tg,41.63195145810478
3638,*OP(=O)(OC(COc1ccc(cc1)S(=O)(=O)c1ccc(cc1)OCC(*)CCl)CCl)Oc1ccccc1,tg,61.27737910532424
3639,*CCOCCOC(=O)NC(=CC=C1(C))C=C1NC(=O)O*,egc,5.150681592107846
3640,*N1C(=O)c2c(C1=O)cc(c(c2)c1ccc(cc1)[Si](C)(C)C)c1cc2c(C(=O)N(C2=O)c2ccc(cc2)C(c2ccc(cc2)*)(C(F)(F)F)C(F)(F)F)cc1c1ccc(cc1)[Si](C)(C)C,tg,345.72367160397386
3641,*N1C(=O)c2c(C1=O)cc(cc2)C(=O)Nc1ccc(cc1)Oc1cc(ccc1)Oc1ccc(cc1)NC(=O)C*,tg,218.15208041129114
3642,*Oc1ccc(cc1)NC(=O)CCCCCCC(=O)Nc1ccc(cc1)*,tg,163.20003027034932
3643,*Oc1ccc(cc1)S(=O)(=O)c1ccc(cc1)Oc1ccc(cc1)C=Cc1ccc(cc1)*,tg,191.66118540533438
3644,*CC(=O)c1ccc(O*)s1,ei,6.330869524928712
3645,*Oc1ccc(cc1)Oc1ccc(cc1)OC(=O)c1cc(ccc1)Oc1ccc(cc1)Oc1cc(ccc1)C(=O)*,tg,100.78172966909281
3646,*c1ccc(-c2ccc(C(F)(F)C(*)(F)F)cc2)s1,eea,2.3955264706316965
3647,*C(=O)NOCCCCO*,egc,6.1711400694175795
3648,*N1C(=O)c2c(C1=O)cc(cc2)Oc1cc2c(cc1)cc(cc2)Oc1cc2c(C(=O)N(C2=O)c2ccc(cc2)C(c2ccc(cc2)C(c2ccc(cc2)*)(C)C)(C)C)cc1,tg,242.28447939958463
3649,*N(CC*)C(=O)CCCCCCCCCCCCCCCCC,tg,-3.8816792665656745
3650,*c1ccc(-c2nc3cc4nc(*)oc4cc3o2)cc1,egc,3.731808092510006
3651,*c1nc2c(nc1c1ccccc1)cc(cc2)Oc1cc2c(nc(c(n2)c2ccccc2)c2ccc(cc2)OCCN(CCOc2ccc(cc2)*)c2ccc(cc2)C=Cc2ccc(cc2)[N+](=O)[O-])cc1,tg,190.46081758185971
3652,*OC(=O)c1cc2c(cc1)cc(cc2)C(=O)OCCCCCCC*,tg,48.43338731332569
3653,*[Si](CCC*)(O[Si](CCCOc1ccc(cc1)C(=O)Oc1ccc(cc1)C#N)(C)C)C,tg,-7.1469102918531
3654,*Oc1ccc(cc1)CC(NC(=O)Cc1ccc(cc1)OC(=O)COCC(=O)*)C(=O)OCC,tg,70.63540974181704
3655,*CC(=O)c1ccc(C(*)=S)s1,nc,2.0299214266043943
3656,*N1C(=S)N(C(=O)CC1=O)c1ccc(cc1)Oc1ccc(cc1)Oc1ccc(cc1)*,tg,132.19320139015733
3657,*NC(C)(C)CC(*)=O,egc,5.830339853342826
3658,*CC(*)(F)C(F)(F)F,egc,7.731506941424933
3659,*CNC(=S)c1ccc(*)cc1,eps,4.352983444126679
3660,*Oc1ccc(-c2ccc(C(*)=O)s2)s1,ei,5.900640576380196
3661,*C1OC(=O)C(C1)CCC1C(=O)OC(C1)CCC=CCC*,tg,59.07074899038134
3662,*C(=O)c1ccc(-c2ccc(-c3ccc(*)cc3)cc2)cc1,nc,2.0311448187387833
3663,*CNC(=O)N*,egc,6.156686014208859
3664,*S(=O)(=O)c1cc(ccc1)NC(=O)CCCCCCCC(=O)Nc1cc(ccc1)*,tg,112.6364193000761
3665,*C(C=C1)=CC=C1OC(=O)CC(=O)CCO*,egc,4.633123901790023
3666,*c1cc2c(C(=O)N(C2=O)c2ccc(cc2)Oc2ccc(cc2)C2(c3c(C(=O)N2)cccc3)c2ccc(cc2)Oc2ccc(cc2)N2C(=O)c3c(C2=O)cc(cc3)C(=O)Nc2ccc(cc2)Oc2cc(ccc2)Oc2ccc(cc2)NC(=O)*)cc1,tg,282.12117084454246
3667,*N1C(=O)c2c(C1=O)cc(cc2)c1cc2c(C(=O)N(C2=O)c2cc(ccc2)C(=O)Nc2ccc(cc2)Oc2cc(ccc2)Oc2ccc(cc2)NC(=O)c2cc(ccc2)*)cc1,tg,229.15381518414387
3668,*c1nc2c(nc1c1ccc(cc1)OC(=O)c1ccc(cc1)C(=O)Oc1ccc(cc1)*)cccc2,tg,197.8522814334935
3669,*c1cc2c(C(=O)N(C2=O)c2cc(ccc2)NC(=O)C(C(C(C(C(C(C(=O)Nc2cc(ccc2)N2C(=O)c3c(C2=O)cc(cc3)C(*)(C(F)(F)F)C(F)(F)F)(F)F)(F)F)(F)F)(F)F)(F)F)(F)F)cc1,tg,227.96314713136374
3670,*C1OC(C(F)(F)F)(C(F)(F)F)OC1(*)F,egc,7.734076979248418
3671,*Cc1ccc(C(=O)N*)cc1,ei,6.799560353466871
3672,*Nc1cc(ccc1)NC(=C(C#N)C#N)c1cc(ccc1)C(=C(C#N)C#N)*,tg,235.34893363327797
3673,*CC(*)SCC,egc,5.0830539177876
3674,*N1C(=O)c2c(C1=O)cc(cc2)c1cc2c(C(=O)N(C2=O)c2c(ccc(c2)*)Oc2ccc(cc2)S(=O)(=O)c2ccc(cc2)C)cc1,tg,302.92090434701197
3675,*Oc1ccc(cc1)NC(=O)CCCCCCCCC(=O)Nc1ccc(cc1)*,tg,155.40583879265017
3676,*c1ncnc(n1)N(CCCCCCCCCCN(*)c1ccccc1)c1ccccc1,tg,56.790636260339596
3677,*O[Si](CCCC(=O)Oc1ccc(cc1)C=Nc1ccc(cc1)N=Cc1ccc(cc1)OC(=O)CCC[Si](*)(C)C)(C)C,tg,32.63214597646976
3678,*[Si](CCCCC*)(c1ccccc1)C,tg,-24.889605776366125
3679,*Cc1ccc(-c2ccc(-c3ccc(*)s3)s2)cc1,eps,4.213080222974264
3680,*CC(*)C(=O)Oc1ccc(C(C)=NNC(N)=O)c(O)c1,egc,3.493132716139364
3681,*N1C(=O)c2c(C1=O)cc(cc2)C(=O)Oc1ccc(cc1)c1ccc(cc1)OC(=O)c1cc2c(C(=O)N(C2=O)CC(CCC*)C)cc1,tg,136.1860482110144
3682,*C(C*)OC(=O)c1c(cccc1)OC,tg,69.85626953711807
3683,*Oc1cc(c(cc1)c1c(cc(cc1)OC(=O)c1ccc(cc1)Oc1ccc(cc1)C1(CCC(CC1)C(C)(C)C)c1ccc(cc1)Oc1ccc(cc1)C(=O)*)C)C,tg,178.4473830787814
3684,*C(C*)C(=O)OC,tg,77.51658354822963
3685,*Oc1ccc(cc1)Oc1ccc(cc1)C(=O)c1cc(ccc1)C(=O)c1ccc(cc1)*,tg,143.1267080106594
3686,*c1cnc(s1)N1C(=O)c2c(C1=O)cc(cc2)C(=O)c1cc2c(C(=O)N(C2=O)c2ccc(cc2)Oc2ccc(cc2)*)cc1,tg,269.8132438108005
3687,*C(C*)c1ccncc1,tg,114.22581617245588
3688,*N1C(=O)c2c(C1=O)cc(cc2)c1cc2c(C(=O)N(C2=O)c2cc(cc(c2)C(=O)NCCCC)*)cc1,tg,286.02353436310295
3689,*NC(S1)=CC=C1C(S2)=CC=C2C(S3)=CC=C3*,egc,2.1684382737072254
3690,*c1cc2c(C(=O)N(C2=O)c2ccc(cc2)C(=O)NCCCCCCNC(=O)*)cc1,tg,188.55069532879722
3691,*N(C(=O)c1ccc(cc1)C(=O)*)c1ccccc1,tg,222.16032646629
3692,*N1C(=O)c2c(C1=O)cc(cc2)S(=O)(=O)c1cc2c(C(=O)N(C2=O)c2ccc(cc2)N(c2ccc(cc2)*)c2ccc(cc2)N(C)C)cc1,tg,305.2244787496094
3693,*c1cc2c(C(=O)N(C2=O)c2c(ccc(c2)N2C(=O)c3c(C2=O)cc(cc3)C(=O)Nc2c(cc(cc2C)Cc2cc(c(c(c2)C)NC(=O)*)C)C)N=Nc2ccc(cc2)F)cc1,tg,275.139543911501
3694,*Nc1ccc(-c2ccc(C(*)=S)s2)s1,egb,1.053718004456272
3695,*c1cc2c(C(=O)N(C2=O)c2ccc(cc2)Cc2ccc(cc2)N2C(=O)c3c(C2=O)cc(cc3)C(=O)Nc2ccc(cc2)Oc2c(cccc2)c2c(cccc2)Oc2ccc(cc2)NC(=O)*)cc1,tg,239.06650849431537
3696,*Oc1c(cc(cc1)Oc1c(cc(cc1)C(=O)c1cc(c(cc1)*)S(=O)(=O)O)S(=O)(=O)O)S(=O)(=O)O,tg,215.43379038758619
3697,*CCNc1ccc(*)s1,eea,0.7962210389212443
3698,*OC(=O)CCCCCCCCCCCCCC*,tg,-60.7512625781243
3699,*Cc1ccc(-c2ccc(-c3ccc(*)cc3)s2)cc1,eps,4.224314490141903
3700,*CCCCCCOC(=O)C(=O)O*,egc,5.401867780992967
3701,*c1nc2c([nH]1)cc(cc2)c1cc2c(nc([nH]2)c2cc3c(cc2)cc(cc3)*)cc1,tg,377.7619223873105
3702,*Cc1ccc(C(=O)C(*)=S)s1,eea,3.779937843600365
3703,*Cc1ccc(CC(*)=S)cc1,eps,3.8902885464565196
3704,*CC(F)(F)C(F)(F)C(F)(F)COC(=O)NCC(F)(F)C(F)(F)C(F)(F)C(F)(F)CNC(=O)O*,egb,6.435355659758166
3705,*CNc1ccc(-c2ccc(*)cc2)s1,eea,1.257209575267481
3706,*Oc1cc(c(cc1)OC(COCCCCCCCOc1ccc(cc1)c1ccc(cc1)C(=O)*)C)[N+](=O)[O-],tg,61.581310546658685
3707,*OC(C(*)CCl)CCl,tg,49.82744769281074
3708,*C(C*)(C(=O)Oc1c(cc(cc1OC)C=Cc1ccccc1)OC)C,tg,143.9251153076095
3709,*c1ccc(-c2cnc3cc(Oc4ccc5nc(*)cnc5c4)ccc3n2)cc1,egc,2.970424171209185
3710,*C(=O)c1ccc(-c2ccc(-c3ccc(*)s3)s2)cc1,eps,5.4099633572002075
3711,*c1nc2c(c(c1c1ccccc1)c1ccccc1)cc(cc2)c1cc2c(nc(c(c2c2ccccc2)c2ccccc2)c2ccc(cc2)Oc2ccc(cc2)*)cc1,tg,342.67248880177294
3712,*OOC(C*)c1ccc(cc1)C(C)(C)C,tg,62.59981896495038
3713,*OC1CCCCCCC1*,egc,5.523412119863634
3714,*c1cc2c(oc(n2)c2nc(ccc2)c2oc3c(n2)cc(cc3)C(*)(C(F)(F)F)C(F)(F)F)cc1,tg,320.172856461192
3715,*C(=O)c1ccc2c(c1)C(=O)N(c1cccc(Nc3nc(N)nc(Nc4cccc(N5C(=O)c6ccc(*)cc6C5=O)c4)n3)c1)C2=O,egc,2.5978214503098105
3716,*Oc1ccc(-c2ccc(C(*)=O)cc2)s1,nc,2.005596428873408
3717,*N(c1ccc(cc1)c1cc2C(c3c(c2cc1)ccc(c3)c1ccc(cc1)*)(CCCCCCCC)CCCCCCCC)c1ccc(cc1)N(c1ccc(cc1)C(c1ccccc1)(C)C)c1ccc(cc1)C(c1ccccc1)(C)C,tg,178.9388297970379
3718,*Oc1ccc(cc1)OCC(CN(S(=O)(=O)c1cc(ccc1)S(=O)(=O)N(CC(C*)O)C)C)O,tg,57.04718249463553
3719,*Oc1cc(ccc1)NC(=O)c1ccc(cc1)Oc1ccc(cc1)C(c1ccc(cc1)C(c1ccc(cc1)Oc1ccc(cc1)C(=O)Nc1ccc(cc1)*)(C)C)(C)C,tg,174.49197668441963
3720,*NC(=O)c1cc(ccc1)C(=O)NCC1CCC(CC1)C*,tg,167.39197095946383
3721,*c1cc(*)c(O)c(C=Nc2ccc(N3CCOCC3)cc2)c1,egc,2.625777639796022
3722,*CCCCCCCCCCOC(=O)c1ccc2cc(C(=O)O*)ccc2c1,egc,3.684199049664186
3723,*C(=S)c1ccc(-c2ccc(-c3ccc(*)cc3)cc2)s1,eea,3.36845208268896
3724,*Oc1ccc(Oc2ccc(*)s2)s1,nc,1.858259722577546
3725,*N1C(=O)c2c(C1=O)cc(cc2)C(=O)c1cc2c(C(=O)N(C2=O)CCCCCCOC(=O)OCCCCCC*)cc1,tg,63.66738823090216
3726,*C(=O)C(F)(F)C(=O)C(*)(F)F,nc,1.7346644508234985
3727,*c1n(nc(c1)c1ccc(cc1)Oc1ccc(cc1)S(=O)(=O)c1ccc(cc1)Oc1ccc(cc1)*)c1ccccc1,tg,237.57686055995603
3728,*C(C*)C(=O)OCC1(COC(OC1)c1ccccc1)CC,tg,49.99362555517303
3729,*[N+](CCCCCCCCCC*)(C)C,tg,2.2814898061950544
3730,*Oc1ccc(cc1)C(=O)Nc1cc(ccc1)P(=O)(c1cc(ccc1)NC(=O)c1ccc(cc1)OCCCC*)c1ccccc1,tg,135.4896775301617
3731,*C(C*)OC(=O)c1c(cccc1)Cl,tg,67.69201403324607
3732,*Oc1ccc(S(=O)(=O)c2ccc(Oc3ccc(NC(=O)c4cc(NC(=O)c5ccncc5)cc(C(=O)Nc5ccc(*)cc5)c4)cc3)cc2)cc1,egc,3.3808033790671113
3733,*OC(=O)CC/C=C/CCC(=O)OCCCCCCCCCCCCCCCC*,tg,-51.52773519223839
3734,*NC(S1)=CC=C1C(S2)=CC=C2C*,egc,3.206736169484171
3735,*c1cc(OCCOCCOC)c(*)s1,egc,1.984942010378125
3736,*OC(CCCC(C(=O)*)C)C,tg,14.967975953338703
3737,*CCOC(=O)CCCCC(=O)O*,egb,6.5124212300611894
3738,*N1C(=O)c2c(C1=O)cc(cc2)Oc1cc2c(C(=O)N(C2=O)c2cc(ccc2)OCCOc2ccc(cc2)*)cc1,tg,201.79501729057912
3739,*NC(C(=O)*)CCC(=O)OCCCCCCCCCC,tg,-58.255181125469804
3740,*c1cc2c(C(=O)N(C2=O)c2ccc(cc2)C(=O)Nc2cc(ccc2)C=CC(=O)C=Cc2cc(ccc2)NC(=O)*)cc1,tg,247.11655517040293
3741,*SSC(C*)c1ccccc1,tg,14.570758415680325
3742,*c1cc2c(C(=O)N(C2=O)c2ccc(cc2)Oc2ccc(cc2)N2C(=O)c3c(C2=O)cc(cc3)C(=O)Nc2ccc(cc2)Oc2ccc(cc2)NC(=O)*)cc1,tg,260.9144777289057
3743,*c1ccc(C(=S)c2ccc(C(=S)C(=O)Nc3ccc(-c4ccc(*)s4)cc3)s2)s1,nc,2.411058622229445
3744,*Oc1ccc(cc1)C=C1C(=O)C(=Cc2ccc(cc2)OCCCCCCCC*)CCC1,tg,88.78917869041798
3745,*N=P(*)(C)C,tg,16.43597582464661
3746,*CCC(Cl)=C(*)Cl,egc,5.1263624873159745
3747,*Oc1ccc(OC(*)=O)cc1,egc,5.1732717426447135
3748,*Oc1c(cc(cc1)Oc1c(c(c(c(c1F)F)c1c(c(c(c(c1F)F)*)F)F)F)F)S(=O)(=O)O,tg,211.33370514803562
3749,*OP(=O)(Oc1ccc(cc1)*)OC1CCCCC1,tg,88.13414109435854
3750,*CCC(F)(F)C(*)(F)F,nc,1.5522402979577619
3751,*c1oc(nn1)c1ccc(cc1)Oc1ccc(cc1)*,tg,225.5920198150524
3752,*c1ccc2n(c3c(c2c1)cc(cc3)c1sc(cc1CCCCCC)c1c2c(nsn2)c(cc1)c1sc(c(c1)CCCCCC)*)C(CCCCCCCC)CCCCCCCC,tg,98.91775960923643
3753,*OC(=O)CSCCSCC(*)=O,egc,4.890919975770654
3754,*CCNc1ccc(*)cc1,eps,3.7487066848444606
3755,*C(C(*)(F)F)F,tg,31.22268109589707
3756,*CCCCCNC(=O)C(OC)C(OC)C(=O)N*,egc,5.7253906117958016
3757,*C(C*)OC(=O)CCCC1CCCCC1,tg,-0.5738571446253797
3758,*CCOC(=O)CCCCCNC(=O)CCCCC(=O)NCCCCCC(=O)O*,egc,5.946054662479973
3759,*Oc1ccc(cc1)CC(NC(=O)CCc1ccc(cc1)OC(=O)CCCCCCCCC(=O)*)C(=O)OCc1ccccc1,tg,42.466095679188165
3760,*Cc1ccc(NC(*)=S)cc1,nc,1.914607896262066
3761,*CC(*)C,egc,6.587400592286322
3762,*CC1(CO*)CC2CCC1CC2,egc,6.083467513341748
3763,*N1C(=O)c2c(C1=O)cc(cc2)c1cc2c(C(=O)N(C2=O)c2cc(ccc2)OCCCCCCCCCCCCOc2cc(ccc2)*)cc1,tg,128.0432880366625
3764,*Oc1ccc(cc1)NC(=O)c1cc(ccc1)C(=O)Nc1ccc(cc1)Oc1ccc(cc1)C(c1cc(ccc1)C(c1ccc(cc1)*)(C)C)(C)C,tg,174.65063109082521
3765,*c1nc2c(nc1)ccc(c2)c1ccc2c(nc(cn2)c2ccc(cc2)*)c1,tg,360.4277518947098
3766,*CONC(*)=O,ei,7.023134690106671
3767,*c1cc2c(C(=O)N(C2=O)c2cc(cc(c2)C(=O)OC)N2C(=O)c3c(C2=O)cc(c(c3)Cl)C(=O)*)cc1Cl,tg,276.53850720709113
3768,*S(=O)(=O)C(C=CC*)C,tg,49.1232326895893
3769,*COC(=O)O*,nc,1.6366497891199467
3770,*N=Nc1ccc(cc1)[Te]c1ccc(cc1)*,tg,155.81776000311876
3771,*c1ccc(-c2cc(OCCCCCCCCCC)c(*)cc2OCCCCCCCCCC)cc1,egc,3.4006067045505017
3772,*Oc1ccc(cc1)C1(C2CC3CC(CC1C3)C2)c1ccc(cc1)OC(=O)c1ccc(cc1)Oc1ccc(cc1)C1(CCC(CC1)C(C)(C)C)c1ccc(cc1)Oc1ccc(cc1)C(=O)*,tg,186.10326662312144
3773,*c1cc2c(cc1OC(=O)COc1ccc3c(c1)oc(=O)cc3)oc(=O)c(c2)C(=O)Nc1ccc(cc1)c1ccc(cc1)NC(=O)c1c(=O)oc2c(cc(c(c2)OC(=O)COc2ccc3c(c2)oc(=O)cc3)C*)c1,tg,238.5548982185127
3774,*C(=O)c1ccc2c(c1)C(=O)N(c1ccc(Oc3ccc(N4C(=O)c5ccc(*)cc5C4=O)cc3)cc1)C2=O,egc,2.315884020188187
3775,*Oc1ccc(NC(=O)c2ccc(-c3ccc(C(=O)Nc4ccc(Oc5ccc(C6(c7ccc(*)cc7)CC7CCC6C7)cc5)cc4)cc3)cc2)cc1,egc,3.70429228103413
3776,*Oc1ccc(cc1)NC(=O)c1c(cc(c(c1)C(=O)Nc1ccc(cc1)*)C(=O)O)C(=O)O,tg,239.7023475035436
3777,*CC(CF)O*,egc,6.157908272507435
3778,*c1nc(ccc1)N1C(=O)N(C(=O)C1=O)c1ccc(cc1)Cc1ccc(cc1)N1C(=O)N(C(=O)C1=O)*,tg,228.39869808407374
3779,*N1C(=O)C2C(C1=O)CC(c1ccccc21)C1C(=O)N(C(=O)C1)c1cc(cc(c1)C(=O)O)*,tg,264.9063164598524
3780,*OC(=O)CCCCCCCCCCCCC(*)=O,egb,6.192979472234957
3781,*CCOCCOC(=O)CCCCCCCCCCCCCCCCC(=O)O*,egc,6.441074046359876
3782,*Nc1cccc(C(*)=O)c1,eea,2.00513097345498
3783,*c1ccc(-c2cc(CCCCCCCCCCC)c(*)s2)s1,egc,1.676184641740202
3784,*CCOC(=O)CCSCCC(=O)O*,egc,5.482073843044611
3785,*Oc1ccc(cc1)CC(NC(=O)Cc1ccc(cc1)OC(=O)CCCCCCCCC(=O)*)C(=O)OCCCCCCCC,tg,17.645787448805343
3786,*c1oc2c(n1)ccc(c2)c1ccc2c(oc(n2)CCCCCCCCC*)c1,tg,80.96454569076764
3787,*CCCC(C)CCC(=O)N*,egc,6.184212457842154
3788,*OC(C)COC(=O)CCCCCCC(*)=O,egc,6.896849015058162
3789,*c1nc2c(nc1)cc(cc2)c1cc2c(nc(cn2)c2ccc(cc2)Oc2ccc(cc2)*)cc1,tg,309.13353926908496
3790,*CC(=O)c1ccc(C(*)=O)cc1,ei,6.898040657736667
3791,*CC(C)C(=O)O*,egc,6.381134299409693
3792,*Nc1ccc(Cc2ccc(NC(=O)c3ccc(C(*)=O)cc3)cc2)cc1,egc,3.57724711095672
3793,*C(CC(C*)(F)F)(C(F)(F)F)C(F)(F)F,tg,56.30618991446866
3794,*C(C*)(CC(=O)OCCCCCC)C(=O)OCCCCCC,tg,-12.322236729349097
3795,*c1cc2c(C(=O)N(C2=O)c2ccc(cc2)c2c(cc(cc2c2ccc(cc2)c2ccccc2)c2ccc(cc2)OCCCCCCOc2ccc(cc2)c2cc(c(c(c2)c2ccc(cc2)c2ccccc2)c2ccc(cc2)N2C(=O)c3c(C2=O)cc(cc3)C(=O)*)c2ccc(cc2)c2ccccc2)c2ccc(cc2)c2ccccc2)cc1,tg,172.384182799688
3796,*Nc1ccc(cc1)CC(NC(=O)c1ccc(cc1)C(=O)*)(C)C,tg,249.01299544786974
3797,*CNC(=O)NCOC(=O)Nc1ccc(C)c(NC(=O)O*)c1,egc,4.578703194339557
3798,*c1c(c(c(c(c1Cl)Cl)[Se]*)Cl)Cl,tg,127.52377995916457
3799,*C(CCCCC*)CC,tg,13.972327411995119
3800,*N1C(=O)c2c(C1=O)c(ccc2)Oc1ccc(cc1)C(c1ccc(cc1)Oc1c2c(C(=O)N(C2=O)c2ccc(cc2)Oc2ccc(cc2)c2ccc(cc2)Oc2ccc(cc2)*)ccc1)(C(F)(F)F)C(F)(F)F,tg,245.32401772262668
3801,*Oc1ccc(cc1)C(c1ccc(cc1)OC(=O)OC1C(C(C1(C)C)OC(=O)*)(C)C)(C)C,tg,140.0468873345463
3802,*c1c2C(=O)N(C(=O)c2c(c2ccccc12)c1ccc(cc1)Oc1ccc(cc1)C(=O)c1ccc(cc1)Oc1ccc(cc1)*)CCCCCCCCCCCC,tg,151.3703510842475
3803,*Oc1c(cccc1)C(=O)OC(=O)c1c(cccc1)OC(=O)CCCC(=O)*,tg,65.09540554400898
3804,*Oc1cc(cc(c1)CCCCCCCCC)OC(=O)c1cc(ccc1)C(=O)*,tg,47.47841118608838
3805,*C(F)(F)C(F)(F)C(=S)O*,egc,4.021880040636146
3806,*C(=O)c1ccc(-c2ccc(-c3ccc(*)s3)cc2)s1,eea,3.404710187702271
3807,*C(C*)OC(=O)c1cnccc1,tg,76.68367606337794
3808,*Oc1c(C)c(C)c(Oc2ccc(NC(=O)c3ccc(C(=O)Nc4ccc(*)cc4)cc3)cc2)c(C)c1C,egc,3.5740262160623737
3809,*OC(=O)CCCCCCCCCCCCCCCCCCCCCCCCCCCCCCCCCCC(=O)OCCCC*,tg,-57.18072441629624
3810,*C(=O)Nc1cccc(NC(=O)c2ccc3[nH]c(-c4cc(-c5nc6cc(*)ccc6[nH]5)cc(N5C(=O)c6ccccc6C5=O)c4)nc3c2)c1,egc,2.6109369311312074
3811,*OC(=S)Oc1ccc(*)s1,eps,4.610086692722004
3812,*Oc1ccc(cc1)NC(=O)c1ccc(cc1)C(=O)Nc1ccc(cc1)Oc1ccc(cc1)C1(C2CCC(C1)C2)c1ccc(cc1)*,tg,278.74446654390255
3813,*CCC(C=C1)=CC=C1C(S2)=CC=C2*,egc,3.7474400061439366
3814,*c1cc2c(C(=O)N(C2=O)c2ccc(cc2)Sc2ccc(cc2)N2C(=O)c3c(C2=O)cc(cc3)C(*)(C(F)(F)F)C(F)(F)F)cc1,tg,269.9989650811338
3815,*CCCO*,egb,7.187595827970509
3816,*Nc1ccc(*)c(Cl)c1Cl,egc,3.720859732539187
3817,*OC(=O)c1cc2c(cc1)cc(cc2)C(=O)OCCCCCC*,tg,48.92289953451501
3818,*CCOCCC(=O)O*,egc,6.426449483836909
3819,*c1ccc(C(=O)Nc2ccc(-n3c(=O)c4cc5c(=O)n(*)c(=O)c5cc4c3=O)cc2)cc1,egc,1.935035085139989
3820,*C(C*)c1cc(c(cc1)Cl)[N+](=O)[O-],tg,130.12165998613096
3821,*C(F)C(*)(F)F,egb,7.724914304858409
3822,*Cc1ccc(-c2ccc(O*)cc2)s1,ei,5.300611733955584
3823,*c1cc2c(C(=O)N(C2=O)c2cc(ccc2)C(=O)c2ccc(cc2)C(=O)c2cc(ccc2)N2C(=O)c3c(C2=O)cc(cc3)C(=O)*)cc1,tg,255.9945296225848
3824,*CCCNC(=O)CCCCCCCC(=O)NCCCNC(=O)C(=O)N*,egc,4.975964645870029
3825,*c1oc(nn1)c1ccc(cc1)[Si](c1ccc(cc1)*)(c1ccccc1)c1ccccc1,tg,263.996222898304
3826,*CCCCCCCCCCCCCCCCCC(=O)N*,egc,5.98404920206347
3827,*c1cc2c(C(=O)N(C2=O)c2ccc(cc2)C(c2ccc(cc2)N2C(=O)c3c(C2=O)cc(cc3)C(=O)*)c2ccccc2)cc1,tg,299.474915493601
3828,*C1(c2c(C(=O)N1)cccc2)c1ccc(cc1)Oc1ccc(cc1)NC(=O)c1cc2c(C(=O)N(C2=O)c2ccc(cc2)Sc2ccc(cc2)N2C(=O)c3c(C2=O)cc(cc3)C(=O)Nc2ccc(cc2)Oc2ccc(cc2)*)cc1,tg,309.788223753817
3829,*OC(C)CCC(C)OC(=O)CCCCCCCCC(*)=O,egc,6.665785747078511
3830,*C1C2C(C(=O)N(C2=O)c2ccc(cc2)Cl)C(C1)C=C*,tg,234.9323519284939
3831,*C(C*)c1c(ccc(c1)Br)OCCCC,tg,47.90579864178761
3832,*Oc1ccc(CC(*)=O)cc1,nc,1.7701310695692734
3833,*C(C*)(C(=O)OCCF)C,tg,66.2508009354464
3834,*O[Si](C#Cc1ccc(cc1)C#C[Si](*)(C)C)(C)C,tg,67.38000015249595
3835,*c1sc(*)c2nc(-c3ccccc3)c(CC)nc12,egc,2.216742368576771
3836,*Cc1ccc(-c2ccc(-c3ccc(*)s3)cc2)s1,ei,5.351832103635959
3837,*CCCOC(=O)CCCCC(=O)O*,egc,6.88202354483289
3838,*OC(=S)c1ccc(-c2ccc(*)cc2)cc1,ei,6.108715996348742
3839,*c1cc2c(C(=O)N(C2=O)c2ccc(cc2)Oc2ccc(cc2)N2C(=O)c3c(C2=O)cc(cc3)C(=O)Oc2c(cc(cc2)OC(=O)*)C(C)(C)C)cc1,tg,226.85532551067945
3840,*Cc1ccc(-c2ccc(C(*)=S)cc2)s1,ei,5.660792530242913
3841,*Oc1ccc(cc1)OC(=O)c1cc(ccc1)Oc1cc(ccc1)C(=O)*,tg,120.4036390861993
3842,*c1ccc(-c2ccc(*)c(Cl)c2)cc1Cl,egc,3.627206448757738
3843,*Oc1c(cc(cc1Cl)C(c1cc(c(c(c1)Cl)OC(=O)*)Cl)C1C2CCC(C1)C2)Cl,tg,273.29579093117263
3844,*NC(=O)c1ccc(-c2ccc(*)cc2)s1,eps,6.079452714891747
3845,*CC(C)(CCC)C(=O)O*,egc,6.191252611585316
3846,*C([2H])([2H])C(*)([2H])Cl,egc,5.711165175196355
3847,*C1C2C(C(=O)N(C2=O)CCCCCC)C(C1)C=C*,tg,69.99467200352618
3848,*C(C*)(C(=O)Oc1ccc(cc1)C(=O)O)C,tg,124.39639267130156
3849,*Oc1ccc(cc1)S(=O)(=O)c1ccc(cc1)Oc1ccc(cc1)C=C1C(=O)C(=Cc2ccc(cc2)*)CCC1,tg,192.07842996848353
3850,*C(C(CCCCCC*)c1ccc(cc1)O)c1c(cc(cc1)O)C,tg,-0.4047241646898803
3851,*c1cc2C(c3c(c2cc1)ccc(c3)C(=Cc1cc(cc(c1)N(c1ccccc1)c1ccccc1)C=C(*)C#N)C#N)(CCCCCCCC)CCCCCCCC,tg,135.93957535571258
3852,*c1nc(c(nc1c1ccc(cc1)NC(=O)Nc1ccc(cc1)NC(=O)Nc1ccc(cc1)*)C#N)C#N,tg,247.1388119232325
3853,*CCCCCCCCCCN(C)C(=O)CCCCCCCCC(=O)N(*)C,egc,5.614616389000442
3854,*c1cc2c(C(=O)N(C2=O)c2cc(ccc2)P(=O)(c2cc(ccc2)N2C(=O)c3c(C2=O)cc(cc3)C(=O)Nc2ccc(cc2)C(=O)c2ccc(cc2)NC(=O)*)c2ccccc2)cc1,tg,231.41249048197957
3855,*Cc1ccc(-c2ccc(-c3ccc(*)cc3)cc2)cc1,nc,1.9332063616729678
3856,*OC(=O)Nc1ccc(cc1)Cc1ccc(cc1)NC(=O)OCCN(CC*)CCCCCCOc1ccc(cc1)N=Nc1ccccc1,tg,49.37137067944737
3857,*CCCCCCOC(=O)OCCCCCCCCCCCCOC(=O)OCCCCCCn1c(=O)c2cc3c(=O)n(*)c(=O)c3cc2c1=O,egc,3.754621600665333
3858,*CC(C=C1)=CC=C1C(=S)C(C=C2)=CC=C2*,egc,3.1714054253463404
3859,*Oc1ccc(cc1)S(=O)(=O)c1ccc(cc1)c1ccc(cc1)S(=O)(=O)c1ccc(cc1)Oc1ccc(cc1)c1ccc(cc1)c1ccc(cc1)*,tg,258.12846837168155
3860,*C(=O)OC1CCC(OC(=O)N2CCN(*)CC2)CC1,egb,5.861623139559039
3861,*SSCCCCC*,tg,-73.59832599594166
3862,*Oc1ccc(cc1)Oc1ccc(cc1)OCCCCCCOC(=O)OCCCCCCCCCCCCOC(=O)OCCCCCC*,tg,-18.60714155565916
3863,*c1ccc2c(c1)C(CC(CC)CCCC)(CC(CC)CCCC)c1cc(*)ccc1-2,egc,3.077081364063841
3864,*c1ccc(N=Nc2ccc(-c3csc(-c4nc(*)cs4)n3)cc2)cc1,egc,2.993427503792086
3865,*c1cc2c(C(=O)N(C2=O)c2ccc(cc2)C2(CCC(CC2)C(CC)(C)C)c2ccc(cc2)NC(=O)*)cc1,tg,305.3517526910633
3866,*Oc1ccc(C(C)(C)c2ccc(OC(=O)SCCCSC(*)=O)cc2)cc1,egc,4.279316669252402
3867,*Oc1ccc(cc1)Oc1ccc(cc1)C(=O)c1ccc(cc1)P(=O)(c1ccc(cc1)C(=O)c1ccc(cc1)*)c1ccccc1,tg,212.87596483372812
3868,*CC(C=C1)=CC=C1NO*,egc,4.474813131680834
3869,*c1ccc(Oc2ccc(-c3nc4ccc(-c5ccc6nc(*)c(-c7ccccc7)nc6c5)cc4nc3-c3ccccc3)cc2)cc1,egc,3.2269852037991633
3870,*C(C*)(C(=O)NC(=O)OCCOc1c(cc(cc1Br)S(=O)(=O)c1cc(c(c(c1)Br)OCCO)Br)Br)C,tg,129.9626441833237
3871,*C(C*)(C(=O)OCCCCCC(=O)Oc1ccc(cc1)OC(=O)c1ccc(cc1)OCCC)C,tg,31.656210065482966
3872,*C(C=C1)=CC=C1OC(=S)O*,egc,3.825349422020275
3873,*SC1CC(CCC1)*,tg,32.37920882667862
3874,*c1cc2c(C(=O)N(C2=O)c2ccc(cc2)C2(c3ccccc3c3ccccc23)c2ccc(cc2)N2C(=O)c3c(C2=O)cc(cc3)C(*)(C(F)(F)F)C(F)(F)F)cc1,tg,359.0786685259012
3875,*c1cc2c(C(=O)N(C2=O)c2cc(ccc2)P(=O)(c2cc(ccc2)N2C(=O)c3c(C2=O)cc(cc3)C(=O)*)c2ccc(cc2)C(F)(F)F)cc1,tg,263.38297900326967
3876,*Oc1c(cc(cc1c1ccccc1)Cc1cc(c(c(c1)c1ccccc1)OC(=O)CCCCCCCCC(=O)*)c1ccccc1)c1ccccc1,tg,98.33512820740731
3877,*C=CCCCCCCCCCC(CCCCCCCCC*)COCCOCCOCCOCCOCCCCCC,tg,-93.6049384908399
3878,*c1oc(nc1c1ccc(cc1)OCOc1ccc(cc1)*)c1ccc(cc1)[N+](=O)[O-],tg,159.69251514686937
3879,*N1C(=O)c2c(C1=O)cc(cc2)Oc1c(cc(cc1C)C(c1cc(c(c(c1)C)Oc1cc2c(C(=O)N(C2=O)c2ccc(cc2)Oc2ccc(cc2)C2(C3CCC(C2)C3)c2ccc(cc2)Oc2ccc(cc2)*)cc1)C)(C)C)C,tg,277.4409138706813
3880,*CC(*)OC(=O)OCC(Cl)(Cl)Cl,egc,6.414197490909396
3881,*Nc1cc(*)ccc1C,egc,4.038877100845768
3882,*c1ccc(-c2cc(-c3ccc(CCCCCCCC)cc3)c(*)s2)s1,egc,2.2234897401050655
3883,*C1C(=O)N(C(=O)C1C(C*)c1ccccc1)c1ccc(cc1)Oc1ccccc1,tg,225.87028024483567
3884,*Oc1ccc(cc1)C=NN=Cc1ccc(cc1)Oc1ccc(cc1)C(c1ccc(cc1)*)(C)C,tg,154.0501328087388
3885,*CCOCCOC(=O)C1CCC(C(=O)O*)CC1,egc,6.54957717062649
3886,*CCOC(=O)CCCCSCCCCC(=O)O*,egc,5.344499172954003
3887,*OC(C)COC(=O)COCC(*)=O,egc,6.258206132934034
3888,*c1ccc(Cc2ccc(-n3c(=O)c4cc5c(=O)n(*)c(=O)c5cc4c3=O)cc2)cc1,egc,2.642514842399041
3889,*Sc1ccc(cc1)Sc1ccc(cc1)Sc1ccc(cc1)P(=O)(c1ccc(cc1)*)c1ccccc1,tg,190.69303032955958
3890,*CC(CC(CC(CC(*)c1ccccc1)c1ccccc1)c1ccccc1)c1ccccc1,eea,1.297596406385537
3891,*c1ccc(-n2cc3c(n2)C(=O)c2cn(*)nc2C3=O)cc1,egc,3.315742618590284
3892,*C1C2C(C(C1)C=C*)C1CCC2C1,tg,120.10557162787883
3893,*CC(*)C(=O)Nc1ccc2c(c1)C(=O)c1ccccc1C2=O,egc,3.290195821522257
3894,*c1cc2c(nc(cc2c2ccccc2)Oc2nc3c(c(c2)c2ccccc2)cc(cc3)c2ccc(cc2)*)cc1,tg,319.1105320443784
3895,*C(C*)C(=O)OCCC,tg,-22.7654696856303
3896,*C(C*)(CC(=O)OCCC)C(=O)OCCC,tg,20.331533674575276
3897,*N1C(=O)c2c(C1=O)cc(cc2)Oc1ccc(cc1)C1(CCC(CC1)c1ccccc1)c1ccc(cc1)Oc1cc2c(C(=O)N(C2=O)c2ccc(cc2)Oc2ccc(cc2)*)cc1,tg,241.86658607509392
3898,*Oc1ccc(cc1)P(=O)(c1ccc(cc1)Oc1ccc(cc1)C(c1ccc(cc1)*)(C)C)c1ccccc1,tg,198.55320620215173
3899,*CCCCOC(=O)c1ccc(C(=O)O*)cc1,nc,1.75647093587053
3900,*C(C*)c1ccc(cc1)CC,tg,83.62305897038235
3901,*C1=C(C(=O)N(C1=O)CCCCCCCCCCCC)c1ccc(cc1)c1cc2C(c3c(c2cc1)ccc(c3)c1ccc(cc1)*)(CCCCCC)CCCCCC,tg,129.3029829754275
3902,*C(=O)c1ccc2c(c1)C(=O)N(c1cccc(-c3nc(-c4ccccc4)nc(-c4cccc(N5C(=O)c6ccc(*)cc6C5=O)c4)n3)c1)C2=O,egc,2.8360628434246387
3903,*OC(=O)C=CC(=O)NCCCCCCNC(=O)C=CC(=O)OCCOCCOCCOCC*,tg,51.42993038094246
3904,*Oc1c(cc(c(c1)OC(=O)c1ccc(cc1)OCCC)OC(=O)CCCC(=O)*)OC(=O)c1ccc(cc1)OCCC,tg,48.63928351484371
3905,*Oc1ccc(OC(=O)c2ccc(C(*)=O)cc2)cc1C1CCCCCCC1,egc,3.2872114340894267
3906,*CC(*)O,egb,7.46894512766411
3907,*N1C(=O)c2c(C1=O)cc(cc2)Oc1c(cccc1)Oc1cc2c(C(=O)N(C2=O)c2cc(c(cc2)Oc2ccc(cc2)C(c2ccc(cc2)Oc2c(cc(cc2)*)C(F)(F)F)(C(F)(F)F)C(F)(F)F)C(F)(F)F)cc1,tg,201.8511408019387
3908,*Oc1ccc(cc1)C(c1ccc(cc1)C(c1ccc(cc1)OC(=O)*)(C)C)(C)C,tg,125.21033171575218
3909,*CC(C=C1)=CC=C1CC(=S)*,egc,3.2863119923505346
3910,*C(=S)c1ccc(C(F)(F)C(*)(F)F)cc1,eps,4.416073215421755
3911,*c1cc2c(C(=O)N(C2=O)c2ccc(cc2)Oc2cc(ccc2)c2nc(cc(c2)c2ccccc2)c2cc(ccc2)Oc2ccc(cc2)N2C(=O)c3c(C2=O)cc(cc3)C(=O)*)cc1,tg,228.29077851306755
3912,*Oc1ccc(S(=O)(=O)NCCNS(=O)(=O)c2ccc(*)cc2)cc1,egc,4.364134625802652
3913,*OC(=O)NCCCCCCNC(=O)OCCCCCC*,tg,37.46259163589919
3914,*c1c([nH]c(n1)c1ccc(cc1)c1[nH]c(c(n1)c1ccc(cc1)Oc1ccc(cc1)S(=O)(=O)c1ccc(cc1)Oc1ccc(cc1)*)c1ccccc1)c1ccccc1,tg,282.0928553781352
3915,*CC(=O)OC(*)=S,ei,7.236593839774779
3916,*CCCCCCCCOC(=O)NNC(=O)CCCCCCCCC(=O)NNC(=O)O*,egc,5.771233347158983
3917,*c1ccc(C(F)(F)c2ccc(C(*)(F)F)cc2)cc1,eps,3.934790431356459
3918,*C(C*)C(=O)OCCCOC,tg,-49.06384276837652
3919,*CCCCCCCCNC(=O)Cc1ccc(CC(=O)N*)cc1,egc,5.217206809875744
3920,*Oc1ccc(cc1)CC(NC(=O)Cc1ccc(cc1)OC(=O)CCCC(=O)*)C(=O)OCCCCCCCC,tg,34.47125132322687
3921,*OC(COC(=O)c1cc(ccc1)C(=O)*)C,tg,57.66066352884067
3922,*c1ccc(C(=S)c2ccc(-c3ccc(*)s3)s2)cc1,eps,7.171752585801782
3923,*C(=S)NC(F)(F)C(*)(F)F,egb,3.4206774339771546
3924,*c1cc2c(C(=O)N(C2=O)c2c(cc(c(c2C)N2C(=O)c3c(C2=O)cc(c(c3)Cl)C(=O)*)C)C)cc1Cl,tg,371.3348632274209
3925,*OC(COC(=O)C1=C(C2C=CC1C2)C(=O)OCC(OC(=O)c1ccc(cc1)C(=O)*)CCl)CCl,tg,95.83113904717491
3926,*Cc1ccc(C(=O)C(*)=S)s1,egb,2.001046484491424
3927,*N1C(=O)c2c(C1=O)cc(cc2)Oc1c2c(ccc1)c(ccc2)Oc1cc2c(C(=O)N(C2=O)c2ccc(cc2)Oc2ccc(cc2)*)cc1,tg,241.9071479440761
3928,*Nc1ccc(Oc2ccc(*)s2)cc1,egb,3.8500099115264605
3929,*C(=O)CCCCCCCCC(=O)N1CC(C)N(*)CC1C,egc,5.823614437161866
3930,*Cc1ccc(C(=S)O*)cc1,ei,6.346594280095114
3931,*C1C(=O)N(C(=O)C1*)c1ccc(cc1)O[Si](C)(C)C,tg,169.55582022139416
3932,*CC(C1=CC=CC=N1)CC(C2=CC=CC=N2)CC(C3=CC=CC=N3)*,egc,4.512054224189123
3933,*CC(=O)c1ccc(-c2ccc(*)s2)cc1,egb,2.6430375207087247
3934,*COC(=O)OCC1OC(C)(C)OC1*,egc,6.885438908347701
3935,*Oc1ccc(cc1)C(=O)Nc1ccc(cc1)Cc1ccc(cc1)NC(=O)c1ccc(cc1)Oc1ccc(cc1)C(=O)c1ccc(cc1)S(=O)(=O)c1ccc(cc1)C(=O)c1ccc(cc1)*,tg,230.25948118915244
3936,*Nc1ccc(-c2ccc(C(*)=O)s2)s1,egb,1.7454744638533324
3937,*NC(=S)NC(C=C1)=CC=C1NC(=S)NC(C=C2)=CC=C2CC(C=C3)=CC=C3*,egc,3.4554512866392413
3938,*c1ccc(Nc2cc(C)c(*)s2)cc1,egc,3.0156976103870003
3939,*N1C(=O)c2c(C1=O)cc(cc2)c1cc2c(C(=O)N(C2=O)C2CCC(CC2)*)cc1,tg,305.41067269849026
3940,*CCCNC(=O)O*,egc,6.232880304169445
3941,*CCC(*)O,egc,6.440109431880244
3942,*CONC(*)=O,egb,5.713495394989478
3943,*c1ccc(-c2cc(-c3ccccc3)c3cc(-c4ccc5nc(*)cc(-c6ccccc6)c5c4)ccc3n2)cc1,egc,3.098043998376148
3944,*c1ccc(C(=S)c2ccc(C(=S)C(=O)Nc3ccc(-c4ccc(*)s4)cc3)s2)s1,eps,6.3913133916402
3945,*N1C(=O)c2c(C1=O)cc(cc2)Oc1cc2c(C(=O)N(C2=O)c2cc(c(cc2)Oc2c(cc(cc2C(C)(C)C)c2ccc(cc2)*)C(C)(C)C)C(F)(F)F)cc1,tg,315.5957195604317
3946,*c1cc2c(C(=O)N(C2=O)c2ccc(cc2)Oc2ccc(cc2)N2C(=O)c3c(C2=O)cc(cc3)C(*)O[Si](O[Si](O[Si](C)(C)C)(C)C)(C)C)cc1,tg,218.4921449987561
3947,*OC(=O)c1cc(cc(c1)C(C(C(C(C(C(C(F)(F)F)(F)F)(F)F)(F)F)(F)F)(F)F)(F)F)C(=O)OCC(C(C(C*)(F)F)(F)F)(F)F,tg,62.86960616823807
3948,*C(C*)n1nc2c(c1)cccc2,tg,149.00361919005405
3949,*Nc1ccc(NC(=O)NC(=O)NC(*)=O)s1,ei,5.095992409396413
3950,*c1cc2c(C(=O)N(C2=O)c2ccc(cc2)Oc2ccc(cc2)N2C(=O)c3c(C2=O)cc(cc3)C(=O)Oc2c(cc(cc2)OC(=O)*)c2ccccc2)cc1,tg,206.05790841667076
3951,*NOC(=O)O*,nc,1.748367684155279
3952,*OC(=O)c1c2c(c(cc1)C(=O)OCC*)cccc2,tg,72.98112331433038
3953,*C(C*)c1c(ccc(c1)C(C)(C)C)C,tg,168.17103888993773
3954,*C#Cc1cc(OCCCCCCCC)c(C#Cc2ccc(*)s2)cc1OCCCCCCCC,egc,2.673909110654667
3955,*CCC(C)O[Si](C)(C)O*,egc,6.405848956893722
3956,*c1c(c(cc(c1)C(C)(C)C)C*)O,tg,138.86458421698345
3957,*c1nc(nc(c1c1ccc(cc1)OC)OCCOC(=O)CCCCC(=O)OCCO*)c1ccc(cc1)OC,tg,51.512898574393155
3958,*O[Si](c1cc(ccc1)*)(c1ccccc1)c1ccccc1,tg,73.33053157327711
3959,*Nc1cc(ccc1)NC(=O)c1ccc(cc1)C(=O)Nc1cc(ccc1)NC(=S)NC(=O)CCCCCCCCC(=O)NC(=S)*,tg,234.78339218718313
3960,*CCCc1ccc(*)cc1,ei,5.991057417000825
3961,*NC(=S)NC(*)=S,eps,7.238089960725732
3962,*C(C*)c1ccc(cc1)OC(C)(C)C,tg,111.43570721372268
3963,*CCCCCCCCCCC(=O)NCCCCCCNC(=O)CCCCO*,egc,5.851058618218715
3964,*c1nc2c([nH]1)ccc(c2)c1ccc2c(nc([nH]2)CCCCCCCC*)c1,tg,192.42212340186245
3965,*CC(=O)O*,egc,6.349686068507481
3966,*NNC(=O)c1ccc(C(=O)NNC(=S)c2cccc(C(*)=S)c2)cc1,egc,3.328370356038728
3967,*CC(*)C(=O)Nc1ccccc1Cl,egc,3.137604121214455
3968,*OC(=O)Nc1c(ccc(c1)NC(=O)OCCN(CC*)c1ccc(cc1)N=Nc1ccc(cc1)c1nc2c([nH]1)ccc(c2)[N+](=O)[O-])C,tg,169.49131228043768
3969,*C(C*)(C(=O)OCCCCCC)C#N,tg,85.79188255432321
3970,*C(=O)c1ccc2c(c1)C(=O)N(c1ccc(Oc3cc(C(C)(C)C)c(Oc4ccc(N5C(=O)c6ccc(*)cc6C5=O)cc4)cc3C(C)(C)C)cc1)C2=O,egc,2.6703531019357154
3971,C(=O)(*)C1=CC=C(C=C1)S(=O)(=O)C1=CC=C(C=C1)C(=O)OC1=CC=C(C=C1)C1(OC(=O)C2=C1C=CC=C2)C1=CC=C(C=C1)O(*),egc,3.725553962151227
3972,*c1cccc(Oc2ccc(S(=O)(=O)c3ccc(Oc4cccc(N5C(=O)c6ccc(-c7ccc8c(c7)C(=O)N(*)C8=O)cc6C5=O)c4)cc3)cc2)c1,egc,2.940630036327721
3973,*c1ccc(S(=O)(=O)c2ccc(-n3nc(*)c4ccccc4c3=O)cc2)cc1,egc,3.447879272677074
3974,*C(C*)OC(=O)CCCC(=O)c1ccccc1,tg,30.818212930963192
3975,*C(C*)OC=O,tg,55.338536623464854
3976,*Nc1ccc(*)cc1Br,egc,3.590891222906814
3977,*Oc1ccc(C(C)=Cc2ccc(OC(=O)OCCCCCOC(*)=O)cc2)cc1,egc,4.083634017265345
3978,*C(F)C(*)(F)F,eps,3.562318889834085
3979,*c1cc2n(c3c(c2cc1)ccc(c3)c1c2cc(ccc2c(c2cc(ccc12)C=Cc1ccc(cc1)N(CCCCCC)CCCCCC)*)C=Cc1ccc(cc1)N(CCCCCC)CCCCCC)CCCCCCCC,tg,137.51085465033793
3980,*N1C(=O)c2c(C1=O)cc(cc2)Oc1cc2c(cc1)ccc(c2)Oc1cc2c(C(=O)N(C2=O)c2ccc(cc2)Oc2ccc(cc2)*)cc1,tg,239.69464880348454
3981,*N1C(=O)c2c(C1=O)cc(cc2)c1cc2c(C(=O)N(C2=O)c2ccc(cc2)Oc2ccc(cc2)C(c2ccc(cc2)Oc2ccc(cc2)*)(C(F)(F)F)C(F)(F)F)cc1,tg,266.2541458669084
3982,*C(=O)CCCCCCCCC(=O)N1CCN(*)CC1,egc,5.765836996687854
3983,*CC(=S)C(=O)O*,egc,3.7754331295133645
3984,*c1nc2c(n1C)ccc(c2)c1ccc2c(nc([nH]2)c2cc(ccc2)*)c1,tg,371.9755538997101
3985,*c1cc2c(C(=O)N(C2=O)c2cc(cc(c2)OCCCC)N2C(=O)c3c(C2=O)cc(cc3)C(*)(C(F)(F)F)C(F)(F)F)cc1,tg,233.19598486354866
3986,*c1nc(nc(n1)Oc1ccc(cc1)C(c1ccc(cc1)O*)(C)C)Cl,tg,150.10487416139762
3987,*Oc1cc(ccc1)C(=O)OCCN(CCOC(=O)c1cc(ccc1)OCC#CC#CC*)c1ccc(cc1)N=Nc1ccc(cc1)C#N,tg,103.5337078941207
3988,*c1ccc(*)n1CCC(=O)OC(C)C(=O)OCC,egc,3.2161583309734225
3989,*OC(COC(=O)*)COC(C)C,tg,4.086835074588459
3990,*c1cc2c(C(=O)N(C2=O)c2ccc(cc2)C(=O)OCCCCCCCOC(=O)*)cc1,tg,76.3440805304673
3991,*Oc1c(cc(cc1C)C1(c2ccccc2c2ccccc12)c1cc(c(c(c1)C)OC(=O)c1cc(ccc1)C(=O)*)C)C,tg,266.8438536450221
3992,*CNC(=O)CCCCC(=O)NCC1COC(*)CO1,egc,5.895693291470331
3993,*CCCCCOC(=O)NC(=O)C1CC1C(=O)NC(=O)O*,egb,5.960242381058096
3994,*c1oc(cc1)C(c1oc(cc1)CNC(=O)OC(COC(=O)NC*)c1occc1)(C)C,tg,38.777998654021225
3995,*Oc1ccc(cc1)C(=O)c1ccc(cc1)Oc1ccc(cc1)C(=O)c1ccc(cc1)Oc1cc(ccc1)Cc1cc(ccc1)*,tg,117.14908191480096
3996,*C=CC1CC(*)C(C(=O)Oc2ccccc2)C1C(=O)Oc1ccccc1,egc,4.6678467733192335
3997,*Sc1cc(ccc1)Sc1ccc(cc1)Sc1ccc(cc1)*,tg,92.93867122174666
3998,*c1cc(CCCCCCO[Si](C)(C)C)c(*)s1,egc,2.450060011115424
3999,*c1cc2c(C(=O)N(C2=O)c2c(cc(cc2CC)Cc2cc(c(c(c2)CC)N2C(=O)c3c(C2=O)cc(cc3)C(=O)*)CC)CC)cc1,tg,274.922332332525
4000,*CCCCCCNC(=O)C(=O)N*,egc,5.433847775840288
4001,*Cc1ccc(NO*)cc1,egb,4.345881137890223
4002,*C(C*)CCC1CCCCC1,tg,18.782374152590265
4003,*Oc1ccc(cc1)Oc1ccc(cc1)C(=Nc1ccc(cc1)Oc1ccc(cc1)N=C(c1ccc(cc1)*)c1ccccc1)c1ccccc1,tg,173.34923556193704
4004,*Nc1ccc(-c2ccc(-c3ccc(*)s3)s2)s1,eea,2.2989287174725304
4005,*N1C(=O)c2c(C1=O)cc(cc2)c1cc2c(C(=O)N(C2=O)c2c(cc(cc2C)C(c2cc(c(c(c2)C)*)C)c2cc(cc(c2)C(F)(F)F)C(F)(F)F)C)cc1,tg,327.95461114578745
4006,*N1C(=O)c2c(C1=O)cc(cc2)C(=O)c1cc2c(C(=O)N(C2=O)CCC[Si](O[Si](CCC*)(C)C)(C)C)cc1,tg,72.80915337574928
4007,*CC(COC(F)(C(F)(F)F)C(F)(F)F)O*,egc,6.666219838003545
4008,*Oc1ccc(C2(c3ccc(OC(=O)c4ccc(C(*)=O)cc4)cc3)c3ccccc3-c3ccccc32)cc1,egc,3.450486523068852
4009,*CC(=S)c1ccc(C(*)=S)cc1,ei,5.457423270945074
4010,*N1C(=O)c2c(C1=O)cc(cc2)Oc1c(cccc1)Oc1cc2c(C(=O)N(C2=O)c2cc(c(cc2)Oc2ccc(cc2)C(c2ccc(cc2)Oc2c(cc(cc2)*)C(F)(F)F)(C)C)C(F)(F)F)cc1,tg,196.0156780713799
4011,*CC(*)C(=O)N(O)c1ccc(Cl)cc1,egc,2.894297769984383
4012,*CCOCCOCCOC(=O)CCCCCCC(=O)O*,egc,6.560227709778396
4013,*Oc1ccc(cc1)S(=O)(=O)c1ccc(cc1)Oc1ccc(cc1)S(=O)(=O)c1ccc(cc1)c1ccc(cc1)c1ccc(cc1)S(=O)(=O)c1ccc(cc1)*,tg,250.29910255288712
4014,*CCCCCCCCC(=O)NCCCCCCNC(=O)CCCCCCCCO*,egc,5.855201443184151
4015,*CC(*)(C)C(=O)OCCC1CCCCC1,egb,6.7173767082288744
4016,*C(C*)c1ccc(cc1)C(=O)CCCC,tg,71.54569794886757
4017,*C1C(=O)N(C(=O)C1*)c1ccc(cc1)O[Si](CC)(CC)CC,tg,165.82074286815683
4018,*N1C(=O)c2c(C1=O)cc(cc2)Oc1cc2c(C(=O)N(C2=O)CCCCCCC*)cc1,tg,117.5332166364126
4019,*C=C(*)c1ccc2ccc3cccc4ccc1c2c34,egc,1.7266206399014372
4020,*CNC(=S)c1ccc(*)cc1,nc,1.9370208444012385
4021,*C(C(*)(F)F)(c1ccccc1)F,tg,144.7006221215838
4022,*C(C*)OC(=O)C(CC(C)(C)C)(C)C,tg,53.41408006192903
4023,*NC(=O)C(S1)=CC=C1O*,egc,3.842715096673759
4024,*NC(=O)c1cc(ccc1)C(=O)NCCCCCCCC*,tg,128.09129910573876
4025,*Oc1ccc(cc1)Oc1ccc(cc1)C=NCCCCCCCCCCCCN=Cc1ccc(cc1)*,tg,75.18338774788486
4026,*C(=C(*)C)CCCCC,tg,56.215276453953365
4027,*N1C(=O)C2C3C4C(C(C2C1=O)C=C3)C(=O)N(C4=O)C(C*)C,tg,194.05156757349667
4028,*C(C*)c1ccc(cc1)C,tg,96.91803323006351
4029,*CCC1CC(*)C2C3CC(CC)C(C3)C12,egb,6.787582810399698
4030,*NC(=S)Nc1ccc(*)cc1,eea,2.4324883895108202
4031,*C(C*)(C(=O)OCCN(c1ccc(cc1)C=Cc1ccc(cc1)[N+](=O)[O-])C)C,tg,105.25497698337011
4032,*Oc1ccc(cc1)C(=O)OC(=O)c1ccc(cc1)OCC*,tg,88.3219127181414
4033,*C#CC#Cc1ccc(*)cc1,egc,2.450711719873961
4034,*C1(c2c(C(=O)O1)cccc2)c1ccc(cc1)OC(=O)c1ccc(cc1)[Si](c1ccc(cc1)C(=O)Oc1ccc(cc1)*)(C)C,tg,249.84516436440526
4035,*P1(=NP(=NP(=N1)(Oc1ccc(cc1)C(=O)OC)Oc1ccc(cc1)C(=O)OC)(Oc1ccc(cc1)C(c1ccc(cc1)O*)(C(F)(F)F)C(F)(F)F)Oc1ccc(cc1)C(=O)OC)Oc1ccc(cc1)C(=O)OC,tg,110.77979917686281
4036,*c1ccc2c(c1)C(CC(CC)CCCC)(CC(CC)CCCC)c1cc(*)ccc1-2,egb,3.700086537417387
4037,*C(=O)c1ccc(OC(*)=S)s1,eea,3.6236982965726043
4038,*NC(=O)c1ccc(C(*)=S)s1,eps,5.958187872748159
4039,*CCCCCCCCCCCCNC(=O)CCCCCCCCCCCCCCC(=O)N*,egc,5.908163034158635
4040,*Oc1cc(ccc1)NC(=O)c1cc(ccc1)C(=O)Nc1cc(ccc1)OCCCCCCCC*,tg,124.06322804548047
4041,*N1C(=O)C2CCC3C(C2C1=O)C(=O)N(C3=O)c1ccc(cc1)Cc1ccc(cc1)*,tg,318.64617855874025
4042,*NC(=O)CCCCC(=O)NCCCC*,tg,49.763593145707716
4043,*N1C(=O)c2c(C1=O)cc(cc2)Oc1ccc(cc1)C1(CCC(CC1)c1ccccc1)c1ccc(cc1)Oc1cc2c(C(=O)N(C2=O)c2ccc(cc2)Oc2c(cc(cc2C)C(c2cc(c(c(c2)C)Oc2ccc(cc2)*)C)(C)C)C)cc1,tg,255.83273008011034
4044,*OS(=O)(=O)c1ccc(*)cc1,egc,4.237200825970268
4045,*NC(C(=O)*)CCC(=O)OCc1ccccc1,tg,25.139264789428793
4046,*CC1CCC(CNC(=O)CCCC(=O)N*)CC1,egc,5.850360663850493
4047,*C(F)(F)C(F)(F)C(C=C1)=CC=C1C(C=C2)=CC=C2*,egc,4.0472390556871325
4048,*c1cc2c(C(=O)N(C2=O)c2ccc(cc2)Oc2c3c(ccc2)c(ccc3)Oc2ccc(cc2)N2C(=O)c3c(C2=O)cc(cc3)C(=O)Nc2ccc(cc2)C(c2ccc(cc2)NC(=O)*)(C(F)(F)F)C(F)(F)F)cc1,tg,265.4782064920597
4049,*Oc1c(cccc1)C(=O)OC(=O)c1c(cccc1)OC(=O)c1cc(ccc1)C(=O)*,tg,120.47486722703013
4050,*N1C(=O)c2c(C1=O)cc(cc2)c1cc2c(C(=O)N(C2=O)c2ccc(cc2)Oc2c(cc(cc2C)Cc2cc(c(c(c2)C)Oc2ccc(cc2)*)C)C)cc1,tg,290.9464919664441
4051,*S(=O)(=O)C(C=CC*)CC,tg,39.464421396638265
4052,*CC(=O)c1ccc(C(*)=O)cc1,eea,2.6153647561054463
4053,*CCN(CCOC(=O)Nc1ccc(C)c(NC(=O)O*)c1)c1ccccc1,egc,4.071639968695242
4054,*c1ccc(C(=S)c2ccc(-c3ccc(*)s3)s2)cc1,ei,5.32431656491264
4055,*C(F)(F)C(C=C1)=CC=C1C(F)(F)C(C=C2)=CC=C2*,egc,4.397514123671002
4056,*c1cc2c(C(=O)N(C2=O)c2ccc(cc2)Oc2ccc(cc2)C(c2ccc(cc2)Oc2ccc(cc2)N2C(=O)c3c(C2=O)cc(cc3)C(=O)*)(C(F)(F)F)C(F)(F)F)cc1,tg,262.337369179213
4057,*CCCCCCC(Cl)C(*)Cl,egc,7.448418845010663
4058,*Oc1ccc(cc1)C1(c2ccccc2c2ccccc12)c1ccc(cc1)Oc1c(cc(cc1)c1ccc(cc1)NC(=O)c1cc(cc(c1)C(C)(C)C)C(=O)Nc1ccc(cc1)c1cc(c(cc1)*)C(F)(F)F)C(F)(F)F,tg,262.16898182574124
4059,*O[Zn]OC(=O)c1c(cccc1)C(=O)OCCCCCOC(=O)Nc1c(ccc(c1)NC(=O)OCCCCCOC(=O)c1c(cccc1)C(=O)*)C,tg,59.56581635596548
4060,*Oc1c(cc(c(c1)C(C)(C)C)Oc1ccc(cc1)C(=O)Nc1ccc(cc1)C(c1ccc(cc1)NC(=O)c1ccc(cc1)*)(C(F)(F)F)C(F)(F)F)C(C)(C)C,tg,276.9477097541483
4061,*NC(=O)C(C*)C,tg,75.82155103538756
4062,*C(=S)CC(F)(F)C(*)(F)F,eps,3.7918504945701788
4063,*c1ccc(-c2ccc(-c3ccc(-c4ccc(*)n4CCCCCCCCCCCC)s3)s2)s1,egc,2.2309380611174854
4064,*Oc1ccc(cc1)C1(CC(CC(C1)C)(C)C)c1ccc(cc1)OC(=O)*,tg,183.02587656164977
4065,*Nc1ccc(-c2ccc(-c3ccc(*)cc3)s2)cc1,eea,1.9357719655960741
4066,*OC(=O)Nc1ccc(cc1)Cc1ccc(cc1)NC(=O)OCCCC*,tg,89.62610484899622
4067,*Oc1ccc(cc1)S(=O)(=O)c1ccc(cc1)OC(=O)c1ccc(cc1)[Si](c1ccc(cc1)C(=O)*)(C)C,tg,194.94507033187307
4068,*N1C(=O)c2c(C1=O)cc(cc2)OCCN(CCOc1cc2c(C(=O)N(C2=O)c2ccc(cc2)Cc2ccc(cc2)*)cc1)c1ccc(cc1)C=Cc1ccc(cc1)[N+](=O)[O-],tg,176.2424662398791
4069,*c1cc2c(C(=O)N(C2=O)c2c(cc(c(c2)C)N2C(=O)c3c(C2=O)cc(cc3)C(*)(C(F)(F)F)C(F)(F)F)C)cc1,tg,353.5800271037258
4070,*Nc1ccc(C(=S)c2ccc(*)cc2)cc1,eea,3.1883813761363866
4071,*Nc1nc(Nn2c(=O)c3cc4c(=O)n(*)c(=O)c4cc3c2=O)nc(N(CCCC)CCCC)n1,egc,2.5215005071793666
4072,*C#CC#Cc1ccc(-c2ccc(*)s2)s1,egc,2.1039507931224093
4073,*CNCC(*)=S,egb,3.006233568209199
4074,*Oc1ccc(S(=O)(=O)c2ccc(Oc3ccc(C4(c5ccc(*)cc5)CCCCC4)cc3)cc2)cc1,egc,4.318843122777496
4075,*C(C*)C(=O)OCCOC,tg,-41.86885708030868
4076,*C(C*)C(=O)OC(C(F)(F)F)(C(F)(F)F)F,tg,42.85396403479453
4077,*CC(CCl)(CCl)COC(=O)c1ccc(C(=O)O*)cc1,egc,4.7055778468560945
4078,*CCOC(=O)NCCCCCCNC(=O)O*,egc,6.252132791853903
4079,*CCCCCCCCC(*)Cl,egb,6.943001396689841
4080,*c1oc(nn1)c1ccc(cc1)Oc1cc(ccc1)NC(=O)c1cc(cc(c1)N1C(=O)c2c(C1=O)c(c(c(c2Cl)Cl)Cl)Cl)C(=O)Nc1cc(ccc1)Oc1ccc(cc1)*,tg,277.58743291241285
4081,*CC(*)c1ccccc1Cl,egc,2.97760050346512
4082,*OC(=O)c1c(cc(cc1)C(=O)OCCN(CC*)c1ccc(cc1)N=Nc1[nH]c(c(n1)C#N)C#N)OCCCCC,tg,125.87258151708697
4083,*CCCCc1nc2cc3nc(*)[nH]c3cc2[nH]1,egc,4.233577648734125
4084,*N=P(*)(Oc1ccc(cc1)Cl)Oc1ccc(cc1)Cl,tg,-8.496887067569
4085,*c1sc(cc1CCCCCCOC(=O)COc1ccccc1)*,tg,33.69056715070169
4086,*OC(=O)c1cc(ccc1)C(=O)OCCCCCCCCCC*,tg,2.2240026689005097
4087,*Oc1cc(OC)c(*)cc1OC,egc,4.036459324185975
4088,*C=CC1CC(*)C2C(=O)N(c3ccccc3C)C(=O)C12,egc,4.743765110398701
4089,*OCCOCCNC(=O)Nc1ccc(cc1)Cc1ccc(cc1)NC(=O)NCC*,tg,93.11021317801713
4090,*Oc1cc(ccc1)Oc1ccc(cc1)N=Cc1ccc(cc1)N(c1ccc(cc1)C=Nc1ccc(cc1)*)c1ccccc1,tg,162.63343461523172
4091,*CC(S1)=CC=C1C(=O)O*,egc,4.0370759475622435
4092,*Oc1ccc(cc1)C=C1C(=O)C(=Cc2ccc(cc2)OCCCCCCCCCC*)CCC1,tg,83.00192911548939
4093,*C(C*)OC(=O)C(C(C(C(C(C(C(C(C(F)(F)F)(F)F)(F)F)(F)F)(F)F)(F)F)(F)F)(F)F)(F)F,tg,16.022057414387167
4094,*CCCC1CCN(SC(=O)OCCCCCCOC(=O)SN2CCC(*)CC2)CC1,egc,5.185536981306301
4095,*CCCCCOC(=O)CC(=O)O*,egc,6.781178601695941
4096,*c1ccc(C(=S)c2ccc(-c3ccc(*)s3)s2)cc1,nc,2.5587888318165533
4097,*CC(=O)Nc1ccc(Cc2ccc(NC(=O)CN3C(=O)c4ccc(C(=O)c5ccc6c(c5)C(=O)N(*)C6=O)cc4C3=O)cc2)cc1,egc,2.2990722589493036
4098,*C(=O)C(S1)=CC=C1NC(=S)OC(S2)=CC=C2NC(S3)=CC=C3*,egc,2.0998602299659836
4099,*C(C*)C(=O)OCCOCC(C(C(F)(F)F)(F)F)(F)F,tg,-59.94933913677711
4100,*c1sc(cc1)CC*,tg,45.542641901109434
4101,*OC1(F)CC(C(*)C)C1C(F)(F)C1(F)CC1,egc,6.910377346801577
4102,*C(=O)OC(S1)=CC=C1O*,egc,4.253748469490709
4103,*OC(C*)COc1ccc(cc1)c1ccc(cc1)OC,tg,59.46323417241244
4104,*N1C(=O)c2c(C1=O)cc(cc2)NC(=O)OCCOc1ccc(cc1)P(=O)(c1ccc(cc1)OCCOC(=O)Nc1cc2c(C(=O)N(C2=O)c2cc(ccc2)P(=O)(c2cc(ccc2)*)C)cc1)c1ccccc1,tg,209.85862345368594
4105,*OC1C(CO)OC(*)C(N)C1O,egc,5.886476523437163
4106,*N1C(=O)c2c(C1=O)cc(cc2)C(=O)c1cc2c(C(=O)N(C2=O)CCCCCCCC*)cc1,tg,108.87860366903979
4107,*NC(=O)CCCCCCCCCCC(=O)NCc1ccc(cc1)C*,tg,98.7863378133194
4108,*OC(COC(=O)c1ccc(cc1)C(=O)*)C,tg,72.07770488502707
4109,*Nc1ccc(cc1)NC(=O)c1c(cc(cc1)C(=O)c1cc(c(cc1)C(=O)*)C(=O)O)C(=O)O,tg,272.80851238574155
4110,*CC(OCC)C(C#N)(C#N)C(*)(C#N)C(=O)OC,egc,5.883682917100663
4111,*c1sc(c(c1)CCCCCCCC)c1ccc(cc1)c1sc(cc1CCCCCCCC)c1ccc(cc1)c1ccc(cc1)*,tg,53.03387809974261
4112,*C(C*)OC(=O)c1cc(ccc1)[Si](C)(C)C,tg,96.37031903486077
4113,*c1cccc(C(F)(F)C(F)(F)C(F)(F)c2cccc(N3C(=O)c4ccc(Oc5ccc6c(c5)C(=O)N(*)C6=O)cc4C3=O)c2)c1,egc,3.409030234381424
4114,*C(=S)c1ccc(-c2ccc(-c3ccc(*)s3)s2)s1,ei,5.159550762630584
4115,*N1C(=O)c2c(C1=O)cc(cc2)c1cc2c(C(=O)N(C2=O)CCCCCOC(=O)OCCCCC*)cc1,tg,68.33867508977961
4116,*Oc1c2c(c(cc1)c1c3c(c(cc1)Oc1ccc(cc1)Oc1c(ccc(c1)Oc1ccc(cc1)*)CCCCCC)cccc3)cccc2,tg,126.08778839608341
4117,*c1c(cc(cc1)CC*)Br,tg,84.69439734578354
4118,*c1cc2c(C(=O)N(C2=O)c2ccc(cc2)Oc2c(cc(cc2C)C(c2cc(c(c(c2)C)Oc2ccc(cc2)N2C(=O)c3c(C2=O)cc(cc3)C(*)(C(F)(F)F)C(F)(F)F)C)c2c3c(ccc2)cccc3)C)cc1,tg,273.11569400724045
4119,*c1cc2c(C(=O)N(C2=O)c2ccc(cc2)Oc2cc3c(cc2)ccc(c3)Oc2ccc(cc2)N2C(=O)c3c(C2=O)cc(cc3)C(=O)Nc2ccc(cc2)Oc2ccc(cc2)S(=O)(=O)c2ccc(cc2)Oc2ccc(cc2)NC(=O)*)cc1,tg,269.3143917399224
4120,*c1[nH]c(nc1c1ccc(cc1)NC1C(=O)N(C(=O)C1)c1ccc(cc1)c1sc(c(c1c1ccccc1)c1ccccc1)c1ccc(cc1)N1C(=O)C(CC1=O)Nc1ccc(cc1)*)c1sc(cc1)C=Cc1ccc(cc1)[N+](=O)[O-],tg,195.62315889383407
4121,*N1C(=O)c2c(C1=O)cc(cc2)Oc1cc2c(C(=O)N(C2=O)CCCCCCCCCCC*)cc1,tg,86.0976160831754
4122,*OC(=O)c1ccc(cc1)C(=O)OCC(C(C*)CCCCCCCCCCCCCCCC)CCCCCCCCCCCCCCCC,tg,-26.57566725446687
4123,*NC(S1)=CC=C1C(=S)C(S2)=CC=C2*,egc,1.9386814079183763
4124,*C(C*)c1ccc(nc1)C,tg,123.55430023303147
4125,*OC(=S)c1ccc(-c2ccc(*)cc2)cc1,egb,2.519310500424921
4126,*C(C*)C(=O)Oc1c(cccc1)Cl,tg,61.04552679798634
4127,*NC(CC(*)=O)C(=O)OCCCCCCCC,egc,5.986852674182474
4128,*Nc1ccc(C(=S)c2ccc(*)s2)s1,egb,1.6932136806361033
4129,*CC(*)C(=O)OC(CC)CC,egb,6.354804609882086
4130,*NC(=S)C(=O)O*,egb,1.1627312098150644
4131,*C(C*)(C(=O)OCCCCCOc1ccc(cc1)c1ccc(cc1)C#N)C,tg,53.96403920464028
4132,*CC(C#N)(C#N)C(C#N)C(C#N)(C#N)C(C#N)C(*)(C#N)C#N,egb,6.4678653611769175
4133,*CCCCCCCCCOC(=O)Nc1ccc(C)c(NC(=O)O*)c1,egc,5.054885785713519
4134,*NC(=O)CCCCCCC(=O)NCc1c(cc(c(c1)C)C*)C,tg,107.75819607710166
4135,*C(C(CCC*)Cl)Cl,tg,1.17449326266123
4136,*Oc1ccc(cc1)OC(=O)c1ccc(cc1)OC(=O)c1ccc(cc1)C(=O)Oc1ccc(cc1)C(=O)*,tg,202.2542860248529
4137,*N1C(=O)c2c(C1=O)cc(cc2)c1cc2c(C(=O)N(C2=O)c2ccc(cc2)C2(c3ccccc3c3ccccc23)c2ccc(cc2)*)cc1,tg,351.4746877642458
4138,*C(C*)(C(=O)OCCOCCOC)C,tg,-34.005931930371894
4139,*Oc1ccc(cc1)C(=O)c1ccc(cc1)OCC(C*)O,tg,107.13351815466885
4140,*C(C*)(C(=O)OC(CC)C)C,tg,67.56430957569458
4141,*CCC(=O)C(C=C1)=CC=C1*,egc,4.291952994637318
4142,*C(C*)c1c(cccc1)C,tg,123.44699786945678
4143,*Nc1ccc(cc1)Cc1ccc(cc1)NC(=O)c1cc(cc(c1)N1C(=O)C2C(C1=O)C1CCC2C1)C(=O)*,tg,318.1700621277482
4144,*C(C*)(C(=O)OC1CCCCCCC1)C,tg,78.74369521193925
4145,*C1C(C2CC(C1C2)*)CCCC,tg,220.3281249542966
4146,*Oc1c(cc(cc1OC)C=C1C(=O)C(=Cc2cc(c(c(c2)OC)OCCCCCCCC*)OC)CCC1)OC,tg,63.75259141979707
4147,*C1OCC(OC1)CC(=O)NCCCCCCNC(=O)C*,tg,56.88225756737693
4148,*c1cc2c(C(=O)N(C2=O)c2ccc(cc2)C(c2ccc(cc2)N2C(=O)c3c(C2=O)cc(cc3)C(=O)c2cc(cc(c2)C(C)(C)C)C(=O)*)(C(F)(F)F)C(F)(F)F)cc1,tg,282.7849504795504
4149,*Oc1ccc(cc1)C(c1ccc(cc1)OCCCCCCCC*)(C(F)(F)F)C(F)(F)F,tg,60.91751165304196
4150,*OC(=O)OCC(C*)(C(=O)OCc1ccccc1)C,tg,21.402529676295657
4151,*C(C*)(C(=O)OC)CCC,tg,53.448582717083035
4152,*Oc1ccc(cc1)Cc1ccc(cc1)Cc1ccc(cc1)OC(=O)*,tg,137.2342468095339
4153,*CCCCCCNC(=O)c1ccc(C(=O)N*)c(Oc2ccc(Cl)cc2)c1,egc,3.988738690267582
4154,*c1nc2c(c(c1)c1ccccc1)cc(cc2)c1cc2c(nc(cc2c2ccccc2)c2ccc(cc2)c2ccc(cc2)c2ccc(cc2)*)cc1,tg,383.5816853802834
4155,*Oc1ccc(cc1)C(=O)c1cc(ccc1)NC(=O)CCCCCCCCC(=O)Nc1ccc(cc1)C(=O)c1ccc(cc1)*,tg,157.66076166609807
4156,*CC(S1)=CC=C1C(=S)O*,egc,3.015044410400224
4157,*C(C*)C(=O)OCC(C(F)C(F)(F)F)(F)F,tg,7.357853046544177
4158,*CCOC(=O)c1ccc(C(=O)O*)cc1,egb,4.012257234423038
4159,*CC(*)c1c(F)c(F)c(P(=O)(O)O)c(F)c1F,egc,4.688102606424884
4160,*Oc1c(cc(cc1)C1(CCCCC1)c1cc(c(cc1)OC(=O)*)C)C,tg,144.36329645435828
4161,*Oc1ccc(cc1)c1ccc(cc1)Oc1ccc(cc1)C(=O)c1ccc(cc1)C(=O)c1ccc(cc1)*,tg,166.15572084173272
4162,*C(=O)OCC(C)(C)COC(=O)N1CCN(*)CC1,egb,5.899865442675784
4163,*OC(=O)C1=C(CCCC=C1C(=O)OCC*)N1CCCC1,tg,35.67949816801538
4164,*Oc1c(cc(cc1)c1cc(c(cc1)OC(=O)c1ccc(cc1)C(=O)c1ccc(cc1)C(=O)*)c1ccccc1)c1ccccc1,tg,159.77794360467612
4165,*OC(=O)c1c(cccc1)C(=O)OCCCCCCCCCC*,tg,9.293661719636455
4166,*Oc1c(cc(c(c1)OC(=O)c1ccc(cc1)OCCCCC)OC(=O)CCCC(=O)*)OC(=O)c1ccc(cc1)OCCCCC,tg,34.98092715954042
4167,*c1oc2c(n1)ccc(c2)c1ccc2c(oc(n2)CCCCCCC*)c1,tg,99.34781133443052
4168,*O[Si](*)(c1ccc(cc1)C)C,tg,28.40200135295921
4169,*C(=O)C(C=C1)=CC=C1C(=S)C(S2)=CC=C2*,egc,2.3598548922364944
4170,*N=P(*)(Oc1ccccc1)Oc1ccccc1,tg,-15.308407819302392
4171,*Oc1ccc(cc1)C(c1ccc(cc1)OCC(=O)OC(=O)C*)(C)C,tg,81.88240147910922
4172,*OC(=O)CCSc1ccc(SCCC(*)=O)cc1,egc,4.380760438741354
4173,*C(S1)=CC=C1OC(S2)=CC=C2O*,egc,3.7561920055424673
4174,*Oc1cc(ccc1)OCC(COc1ccc(cc1)C(c1ccc(cc1)OCC(C*)O)(C)C)O,tg,75.69795778408451
4175,*Oc1ccc(cc1)C(c1ccc(cc1)OC1(C(C(C1(F)F)(F)F)(*)F)F)(C)C,tg,111.24192550519675
4176,*CC(=O)c1ccc(C(*)=S)cc1,nc,1.9851701909654214
4177,*Nc1cnc(*)c(O)c1,egc,3.5094591937013893
4178,*OC(=O)NCCCCCCNC(=O)OC/C=C\C*,tg,32.30324389422267
4179,*c1cc2n(c3c(c2cc1)ccc(c3)c1sc(cc1)c1c2c(nccn2)c(cc1)c1sc(cc1)*)C(CCCCCCCC)CCCCCCCC,tg,125.35554003274282
4180,*S(=O)(=O)c1ccc(cc1)C(=O)c1cc(ccc1)C(=O)c1ccc(cc1)*,tg,189.2537659171625
4181,*c1c(cc(cc1)CC*)CC,tg,66.79407682981417
4182,*C(C*)OC(=O)OCC(Cl)(Cl)Cl,tg,64.29544083029072
4183,*N(CC*)Cc1ccccc1,tg,80.80680738023206
4184,*Oc1ccc(cc1)C(=O)NNC(=O)c1c(cc(cc1)C(=O)NNC(=O)c1ccc(cc1)OC(=O)c1cc(ccc1)C(=O)*)Oc1ccccc1,tg,174.84492974061772
4185,*C1(c2c(C(=O)N1C)cccc2)c1ccc(cc1)OC(=O)c1cc(ccc1)C(=O)Oc1ccc(cc1)*,tg,272.8362493401137
4186,*C(=O)Nc1ccc(Oc2ccc(NC(=O)c3ccc(N4C(=O)c5ccc(*)cc5C4=O)cc3)cc2)cc1,egc,2.621419586427341
4187,*C(C*)OC(=O)C1(CCCCC1)C,tg,71.3931389214352
4188,*Oc1ccc(C(C)=NN=C(C)c2ccc(OC(=O)CCCCCCCCC(*)=O)cc2)cc1,egc,4.317372351444288
4189,*CC(*)c1ccc(C(=O)OCC(C)C)cc1,egc,4.664309293883731
4190,*N(CC*)C(=O)c1c(c(cc(c1F)F)F)F,tg,123.14642200573523
4191,*OCC(=S)c1ccc(C(=S)Cc2ccc(-c3ccc(*)cc3)cc2)s1,nc,2.0554095959446026
4192,*C(C*)(C(=O)OCCCCC1CCCCC1)C,tg,15.816060105408326
4193,*Oc1ccc(cc1)CC(NC(=O)CCc1ccc(cc1)OC(=O)COCCOCC(=O)*)C(=O)OCC,tg,50.95510158268961
4194,*CCCCNC(=O)CCCCCC(=O)N*,egc,5.9565707832503
4195,*CCCCCCCCc1nc2ccc(-c3ccc4nc(*)oc4c3)cc2o1,egc,4.188612461735746
4196,*NC(=O)c1ccc(cc1)C(=O)NCCCCCCCC*,tg,144.85219511393146
4197,*COC(=O)OC1C(*)OC2OC(C)(C)OC21,egc,6.247948480433987
4198,*c1cccc(N2C(=O)c3ccc(Oc4ccc(C(C)(C)c5ccc(Oc6ccc7c(c6)C(=O)N(*)C7=O)cc5)cc4)cc3C2=O)c1,egc,3.2427054070070898
4199,*CCCCCOC(=O)Nc1ccc(C)c(NC(=O)O*)c1,egc,5.028929765506781
4200,*c1cc2c(C(=O)N(C2=O)c2ccc(cc2)C(=O)Nc2ccc(cc2)Oc2ccc(cc2)NC(=O)c2ccc(cc2)N2C(=O)c3c(C2=O)cc(cc3)C(*)(C(F)(F)F)C(F)(F)F)cc1,tg,312.8147306596667
4201,*N1C(=O)c2c(C1=O)cc(cc2)c1cc2c(C(=O)N(C2=O)c2ccc(cc2)Oc2c(cccc2)Oc2ccc(cc2)*)cc1,tg,237.19245998236914
4202,*Nc1c2C(=O)c3c(C(=O)c2ccc1)c(ccc3)N[Se]*,tg,173.03032561208397
4203,*CCCN(*)C=O,egc,5.429889426146014
4204,*N(CC(C(C*)O)O)c1ccc(cc1)N(C)C,tg,97.67640219805817
4205,*Cc1ccc(Nc2ccc(*)s2)s1,ei,5.157830311974709
4206,*CCOC(=O)CCCCCCC(=O)O*,ei,7.847037996272638
4207,*N1C(=O)c2c(C1=O)cc(cc2)C(=O)c1cc2c(C(=O)N(C2=O)CCCCCCCCCCC(=O)Nc2ccc(cc2)Oc2ccc(cc2)NC(=O)CCCCCCCCCC*)cc1,tg,148.56784892106225
4208,*N1C(=O)c2c(C1=O)cc(cc2)c1cc2c(C(=O)N(C2=O)c2cc(c(c(c2)C(=O)OCCCCCC)c2c(cc(cc2Br)*)C(=O)OCCCCCC)Br)cc1,tg,119.48780404624486
4209,*c1cc2c(C(=O)N(C2=O)c2cc(ccc2)Oc2ccc(cc2)C(c2ccc(cc2)Oc2cc(ccc2)N2C(=O)c3c(C2=O)cc(cc3)C(*)(C(F)(F)F)C(F)(F)F)(C(F)(F)F)C(F)(F)F)cc1,tg,225.3149124952879
4210,*OC(COCC*)CCl,tg,-21.95518733288297
4211,*c1ccc(Sc2ccc(-n3c(=O)c4cc5c(=O)n(*)c(=O)c5cc4c3=O)cc2)cc1,egb,2.0143243468573293
4212,*CCc1ccc(O*)s1,ei,5.69832429988791
4213,*SCC(C*)(CC)C,tg,-26.224277087807017
4214,*CC(*)CCCC1CCCCC1,egb,7.095622337161002
4215,*c1ccc(-c2nc3cc4nc(*)oc4cc3o2)c(O)c1,egc,3.35532154048227
4216,*C1=C2OCCOC2=C(c2sc(-c3sc(*)c4c3OCCO4)c3c2OCCO3)S1(=O)=O,egc,1.9082950310826106
4217,*c1cc(C(=O)NCCCC)cc(N2C(=O)c3ccc(-c4ccc5c(c4)C(=O)N(*)C5=O)cc3C2=O)c1,egc,2.9897016932272353
4218,*CC(C)C(=O)N*,egc,5.541043534154651
4219,*OP(=O)(N=Nc1ccc(cc1)C(=O)c1ccc(cc1)N=NP(=O)(OCC*)OCC)OCC,tg,35.77245061260859
4220,*O[Si](c1cc2cc3c(cc2cc1)cc(cc3)[Si](*)(C)C)(C)C,tg,51.933232670954645
4221,*Oc1ccc(-c2ccc(-c3ccc(*)cc3)s2)s1,eea,2.0537566602898556
4222,*N(CC*)C(=O)c1c(cccc1F)F,tg,124.85623525208331
4223,*c1cccc(Cc2cccc(-n3c(=O)c4cc5c(=O)n(*)c(=O)c5cc4c3=O)c2)c1,egc,2.6792911897644487
4224,*CC(O*)C1CC(F)(F)C1(F)F,egc,7.215906552005814
4225,*CC(*)c1nc(N)nc(N)n1,egc,5.229685862873172
4226,*C1(c2c(C(=O)O1)cccc2)c1ccc(cc1)OC(=O)c1cc(cc(c1)C(C)(C)C)C(=O)Oc1ccc(cc1)*,tg,280.9723777052015
4227,*C=Cc1ccc2c(c1)Sc1cc(*)ccc1N2CCCCCCCC,egc,1.899009850358362
4228,*Oc1ccc(cc1)S(=O)(=O)c1ccc(cc1)Oc1ccc(cc1)C(=O)c1ccc(cc1)c1ccc(cc1)C(=O)c1ccc(cc1)*,tg,225.4062510576021
4229,*N1C(=O)c2c(C1=O)cc(cc2)C(=O)Oc1ccc(cc1)c1ccc(cc1)OC(=O)CCCC*,tg,100.31778172022477
4230,*c1ccc(S(=O)(=O)c2ccc(N3C(=O)c4ccc(Oc5ccc(Oc6ccc7c(c6)C(=O)N(*)C7=O)cc5)cc4C3=O)cc2)cc1,egc,3.2221361010033425
4231,*c1cc2sc(*)c(C)c2s1,egc,2.4990203191688347
4232,*OC(=O)c1ccc(cc1)C(=O)OCC(C*)(CC)C,tg,39.51175190901455
4233,*c1c(C)cc(C)c(N2C(=O)c3ccc(-c4ccc5c(c4)C(=O)N(*)C5=O)cc3C2=O)c1C,egc,3.24861584862262
4234,*OC(=O)c1ccc(cc1)C(=O)OCCOC(=O)CCCCCCCCC(=O)OCC*,tg,-8.864012793947333
4235,*O[Si](c1c2ccc3c(c2ccc1)cccc3[Si](*)(C)C)(C)C,tg,56.025925670788666
4236,*Oc1ccc(cc1)S(=O)(=O)c1ccc(cc1)Oc1ccc(cc1)C1(C2CC3CC(CC1C3)C2)c1ccc(cc1)*,tg,241.3442476517387
4237,*NC(=O)c1ccc(cc1)C(=O)NCCC*,tg,162.3406564241876
4238,*C(=O)Nc1cccc(NC(=O)c2ccc3c(c2)C(=O)N(c2cccc(N4C(=O)c5ccc(*)cc5C4=O)c2)C3=O)n1,egc,3.1862980516313675
4239,*C(C*)(C(=O)OCC[N+](CCCCS(=O)(=O)O)(C)C)C,tg,87.97128015150399
4240,*OC(=O)c1ccc(cc1)C(=O)OCCCCCCCCC*,tg,7.927080935138311
4241,*OC(OC(=O)c1cc(ccc1)C(=O)OC(OCC1CCC(CC1)C*)C)C,tg,50.36882282534396
4242,*Oc1ccc(cc1)Oc1ccc(cc1)NC(=C(C#N)C#N)c1ccc(cc1)C(=C(C#N)C#N)Nc1ccc(cc1)*,tg,207.63120634465025
4243,*O[Si](*)(C)C,tg,-58.009164514123135
4244,*c1cc2c(C(=O)N(C2=O)c2ccc(cc2)N2C(=O)c3c(C2=O)cc(cc3)c2c(c(c(c(c2c2ccccc2)c2ccccc2)c2ccc(cc2)Oc2ccc(cc2)c2c(c(c(c(c2c2ccccc2)c2ccccc2)*)c2ccccc2)c2ccccc2)c2ccccc2)c2ccccc2)cc1,tg,356.0781274005008
4245,*CCCP(CCCCCCCC)CCCNC(=O)C(=O)N*,egc,4.947628931542291
4246,*Cc1ccc(C(=S)O*)s1,nc,1.9652592939020581
4247,*C(=O)c1ccc(N(*)C)cc1,egc,3.733939330589303
4248,*Cc1ccc(C(=O)N*)cc1,eps,3.7073985077385716
4249,*N(CC*)C,tg,-27.189826106685445
4250,*N(CC*)C(=O)CCCCCCC,tg,4.814903826734179
4251,*C1(c2c(C(=O)N1C)cccc2)c1ccc(cc1)OC(=O)c1ccc(cc1)C(=O)Oc1ccc(cc1)*,tg,290.82742929224344
4252,*CC(C)(C)COC(=O)C1CCC(C(=O)O*)CC1,egc,6.667721411268217
4253,*CC(*)C1CCCCC1C,egc,6.505967406228374
4254,*C(=O)C(C)NC(=O)CNC(=O)C1CCCN1*,egc,5.389071765979356
4255,*OC(=O)CCCCCCCCCCC(=O)OCCOCC*,tg,-67.14691831741588
4256,*N(CC*)C(=O)CCCCCC,tg,2.561460373740468
4257,*N(c1ccc(cc1)C=Cc1c(cc(c(c1)OCCCCCCCC)C=Cc1ccc(cc1)*)OCCCCCCCC)c1ccccc1,tg,96.93711158382389
4258,*C(C=C1)=CC=C1C(S2)=CC=C2C(C=C3)=CC=C3C(=S)*,egc,2.3432727611446453
4259,*OC(F)(F)CC(*)(F)F,nc,1.5097554021351034
4260,*C(C*)OC(=O)c1c(cccc1)C,tg,69.81227991869308
4261,*C(=O)C(C=C1)=CC=C1C(S2)=CC=C2C(=S)*,egc,2.4371049251059462
4262,*N1C(=O)c2c(C1=O)cc(cc2)c1cc2c(C(=O)N(C2=O)c2ccc(cc2)c2nc(cc(c2)c2ccc(cc2)OCCCC#N)c2ccc(cc2)*)cc1,tg,317.40863754732123
4263,*C(C*)(C(=O)OCC1(COC1)CC)C,tg,107.32935622480133
4264,*c1cc(CCCCCCCCCC)c(*)s1,egc,2.5817777929069408
4265,*Oc1ccc(cc1)CC(NC(=O)Cc1ccc(cc1)OC(=O)CC(CCC(=O)*)C)C(=O)OCCCCCC,tg,30.65861563151988
4266,*CC(*)c1ccc(C(=O)OCCCCCC)cc1,egc,4.424306572908433
4267,*CC(*)(C)C(=O)OC1(C)CCOC(=O)C1,egb,6.185947582069848
4268,*C(=O)c1ccc(-c2ccc(-c3ccc(*)cc3)s2)cc1,eps,6.264549841767727
4269,*c1nc(nc(n1)Oc1ccc(cc1)C1(CCCCC1)c1ccc(cc1)O*)OC,tg,147.0140315217963
4270,*N1CCN(CC1)C(=O)c1c(cccc1)c1c(cccc1)C(=O)*,tg,185.22124689112033
4271,*C(C*)c1ccc(cc1)c1c2c(nsn2)ccc1,tg,173.73848023968162
4272,*OC(=O)CS(=O)(=O)Cc1ccc(CS(=O)(=O)CC(*)=O)cc1,egc,4.684957947044957
4273,*C(=O)C(F)(F)C(=O)C(*)(F)F,ei,8.139070169030983
4274,*c1oc(cc1)COC(=O)Nc1ccc(cc1)Cc1ccc(cc1)NC(=O)OC*,tg,78.95840154758537
4275,*OC(C)(C)C(F)(F)C(F)(F)OCCOCCC1CC1*,egc,6.185361550905974
4276,*N1C(=O)c2c(C1=O)cc(cc2)S(=O)(=O)c1cc2c(C(=O)N(C2=O)c2cc(c(c(c2)Br)Oc2c(cc(cc2Br)*)Br)Br)cc1,tg,316.8832646997965
4277,*c1[nH]nc(c1)c1ccc(cc1)Oc1ccc(cc1)C(=O)c1ccc(cc1)Oc1ccc(cc1)*,tg,234.61581973627884
4278,*c1nc2c(c(c1)c1ccccc1)cc(cc2)C1(c2ccccc2c2ccccc12)c1cc2c(nc(cc2c2ccccc2)c2ccc(cc2)C2(c3ccccc3c3ccccc23)c2ccc(cc2)*)cc1,tg,368.4807002682792
4279,*c1ccc2c(nc([nH]2)c2cc(cc(c2)N2C(=O)c3c(C2=O)cccc3)c2nc3c([nH]2)ccc(c3)C(=O)Nc2cc(cc(c2)c2nc3c([nH]2)cccc3)NC(=O)*)c1,tg,326.6781841632969
4280,*C(C*)CNc1cc(c(cc1)[N+](=O)[O-])C(F)(F)F,tg,141.20640443519358
4281,*OC(=O)CCCCC(=O)OCCN(CC*)c1ccc(cc1)C=NN(c1ccccc1)c1ccccc1,tg,47.7314850813099
4282,*O[Si](*)(CCCCCCn1c2ccccc2c2ccccc12)C,tg,3.5188190698461876
4283,*CCOC(=O)CCCCCCC(=O)O*,egb,6.665006924372998
4284,*CNCC(C=C1)=CC=C1*,egc,4.614784560764268
4285,*NC(=O)C(C(C(=O)NCCCC*)OC)OC,tg,111.35177976271761
4286,*c1cc2c(C(=O)N(C2=O)c2ccc(cc2)c2nc(cc(c2)c2ccc(cc2)OC)c2ccc(cc2)N2C(=O)c3c(C2=O)cc(cc3)C(=O)*)cc1,tg,315.62671963773937
4287,*Cc1ccc(C*)cc1,nc,1.8363566125736146
4288,*C1C(=O)N(C(=O)C1*)c1cc(c(c(c1)Br)O[Si](C(C)(C)C)(C)C)Br,tg,191.78069985145308
4289,*N1C(=O)c2c(C1=O)cc(cc2)Oc1ccc(cc1)Sc1ccc(cc1)Oc1cc2c(C(=O)N(C2=O)c2ccc(cc2)Oc2ccc(cc2)C(c2ccc(cc2)Oc2ccc(cc2)*)(C(F)(F)F)C(F)(F)F)cc1,tg,212.2774428728727
4290,*c1cc2c(C(=O)N(C2=O)C2C(=O)N(C(=O)C2)c2ccc(cc2)Oc2ccc(cc2)NC(=O)*)cc1,tg,163.40640928108894
4291,*Nc1ccc(*)c2cc3ccccc3cc12,egc,3.07184017783973
4292,*CCCCCOC(=O)c1cccc(C(=O)O*)c1,egc,5.122415672044198
4293,*c1sc(cc1)c1sc(cc1)c1sc(cc1)c1sc(cc1)[Si]([Si](*)(CCCC)CCCC)(CCCC)CCCC,tg,-8.045092564656501
4294,*OC(=O)CC/C=C/CCC(=O)OCCCCCCCCCC*,tg,-48.66279938614925
4295,*CCCCCC(=O)O*,eea,0.8481274726744695
4296,*CCCCCCNC(=O)CCC=CCCC(=O)N*,egc,5.505619384103853
4297,*CCC(Cl)C(*)C,egc,6.867894369467755
4298,*CC(OCC)C(C#N)(C#N)C(*)(C#N)C(=O)OC,egb,5.467427147753366
4299,*C(C*)(C(=O)OCCCCCCN1CCN(CC1)c1ccc(cc1)N=Nc1ccc(cc1)C#N)C,tg,68.41196247128472
4300,*NC(=O)CCCCCCCCCCCCCCCCCCCCC(=O)NCCCCCCCC*,tg,44.41980255050201
4301,*ON(C(C(*)(SC(F)(F)F)F)(F)F)C(F)(F)F,tg,22.662301503297137
4302,*N(C(=O)C(C(C(C(=O)N(CCCCCC*)CC(C(F)(F)F)(F)F)(F)F)(F)F)(F)F)CC(C(F)(F)F)(F)F,tg,157.20428918262
4303,*CCCCCCNC(=S)Nc1ccc(NC(=S)N*)cc1,eea,1.6599466146783084
4304,*[Si](C*)(CCCN(CC)CC)C,tg,-29.787399223078978
4305,*Oc1ccc(OC(=O)c2cc(OCCCCCCCCCCCC)c(C(*)=O)cc2OCCCCCCCCCCCC)cc1,egc,3.276861889017301
4306,*c1cc2c(C(=O)N(C2=O)c2c(cc(cc2C)c2cc(c(c(c2)C)N2C(=O)c3c(C2=O)cc(cc3)C(=O)Nc2c(ccc(c2)NC(=O)*)N=Nc2ccc(cc2)[N+](=O)[O-])C)C)cc1,tg,282.13428932386694
4307,*Nc1ccc(-c2ccc(C(*)=O)s2)s1,eea,2.852742345977834
4308,*O[Sn](OC(=O)c1ccc(cc1)C(=O)*)(CCCC)CCCC,tg,88.53958130162647
4309,*NC(=O)C(=S)C(*)=O,eea,4.299260118069557
4310,*C(=O)Nc1ccc(Cc2ccc(NC(=O)c3ccc4c(c3)C(=O)N(c3ccc(S(=O)(=O)c5ccc(N6C(=O)c7ccc(*)cc7C6=O)cc5)cc3)C4=O)cc2)cc1,egc,2.9202630314684805
4311,*C(C*)(C(=O)OCc1cc(c(cc1)OCCOCCOCC)OCCOCCOCC)C,tg,-4.474863645401502
4312,*c1cc2c(C(=O)N(C2=O)c2cc(c(cc2)C=Cc2c(cc(cc2)N2C(=O)c3c(C2=O)cc(cc3)C(=O)*)S(=O)(=O)O[Na])S(=O)(=O)O[Na])cc1,tg,282.20634919173017
4313,*Nc1ccc(C(=O)c2c(C)c(C)c(C(=O)c3ccc(NC(=O)c4ccc(C(*)=O)cc4)cc3)c(C)c2C)cc1,egc,3.2291365818811184
4314,*c1ccc2c(c1)nc1c3cc4c(=O)n5c6cc(*)ccc6nc5c4cc3c(=O)n21,egc,2.7893278896894675
4315,*Oc1ccc(cc1)C1(c2ccccc2c2ccccc12)c1ccc(cc1)Oc1ccc(cc1)C(=O)c1cc(ccc1)C(=O)c1ccc(cc1)*,tg,228.81440357280547
4316,*CC(=O)CO*,eea,1.5297132559617974
4317,*Oc1c(cc(cc1)C(C)(C)C)Oc1ccc(cc1)S(=O)(=O)c1ccc(cc1)*,tg,193.81534931208398
4318,*CC(C)(C)COC(=O)NCCOCCOCCNC(=O)O*,egc,6.170527467605236
4319,*NC(=O)CCCCC(=O)NCCCP(=O)(CCCC*)C,tg,30.852140731351167
4320,*c1cc2C(c3c(c2cc1)ccc(c3)c1cc2C(c3c(c2cc1)ccc(c3)*)(CC1=NC(CO1)Cc1ccccc1)CC1=NC(CO1)Cc1ccccc1)(CCCCCC)CCCCCC,tg,108.58430507490792
4321,*CCc1c(Cl)c(Cl)c(*)c(Cl)c1Cl,egc,5.079056193112476
4322,*c1cc2c(C(=O)N(C2=O)c2cc(cc(c2)C(=O)O)N2C(=O)c3c(C2=O)cc(c(c3)Cl)C(=O)*)cc1Cl,tg,296.8208858272176
4323,*Oc1ccc(cc1)C(c1ccc(cc1)OC(=O)*)(CCCC)CCCC,tg,111.55332122893206
4324,*Oc7ccc(C6(c3ccc(OC(=O)c2ccc(S(=O)(=O)c1ccc(C(*)=O)cc1)cc2)cc3)c4ccccc4c5ccccc56)cc7,egc,3.563357750395605
4325,*CC(*)OC(=O)C(F)(F)F,egc,7.083534357216179
4326,*c1ccc(*)c(C(=O)c2ccccc2)c1,egc,4.017994589838803
4327,*C(C*)(C(=O)Oc1ccc(cc1)C(=O)Oc1ccc(cc1)C)C,tg,100.11405788292282
4328,*c1nc(ccc1)c1cc(c(cc1)Oc1ccc(cc1)Sc1ccc(cc1)Oc1c(cc(cc1)*)C(F)(F)F)C(F)(F)F,tg,145.6412558471369
4329,*Oc1ccc(cc1)S(=O)(=O)c1ccc(cc1)Oc1ccc(cc1)C=C1C(=O)C(=Cc2ccc(cc2)*)CC1,tg,211.84529768130017
4330,*OC(C(=O)*)CC,tg,61.1898743425478
4331,*Oc1ccc(N=Cc2ccc(N(c3ccccc3)c3ccc(C=Nc4ccc(*)cc4)cc3)cc2)cc1,egc,2.8515564249229124
4332,*Nc1ccc(C(=O)c2ccc(*)s2)cc1,egb,2.4038530451671756
4333,*c1c(ccc(c1)*)c1oc2c(n1)cccc2,tg,228.8384267447783
4334,*c1ccc(*)c(N(C)C)c1,egc,3.4662097116723025
4335,*c1ccc(*)o1,egc,2.774163445894476
4336,*NC(=S)c1ccc(O*)s1,nc,2.142041392248892
4337,*CCCC(=O)N*,egc,5.867498509600798
4338,*c1sc(cc1CCCCCCCC)*,tg,-10.648975716733895
4339,*NC(=O)NC(*)=O,eps,4.919896957792575
4340,*C(C*)C(=O)OCC(C(OC(F)(F)F)(F)F)(F)F,tg,-16.25108538882021
4341,*C(=C*)CCCOc1ccc(cc1)OC(=O)c1ccc(cc1)OC,tg,47.27814120465513
4342,*N1C(=O)c2c(C1=O)cc(cc2)Oc1cc2c(C(=O)N(C2=O)c2cc(ccc2)C(c2cc(ccc2)*)O[Si](O[Si](O[Si](C)(C)C)(C)C)(C)C)cc1,tg,197.31445408390883
4343,*Oc1ccc(cc1)S(=O)(=O)c1ccc(cc1)Oc1c(cc(cc1)C(c1cc(c(cc1)*)C(O)(C(F)(F)F)C(F)(F)F)(C)C)C(O)(C(F)(F)F)C(F)(F)F,tg,183.0343504595295
4344,*C(C*)(c1ccc(cc1)C)C,tg,137.86109144594076
4345,*CCCCCCCCCNC(=O)CCCCCCCCC(=O)N*,egc,5.950158735804699
4346,*Oc1ccc(C(C)(C)c2ccc(OC(*)=O)c(C)c2)cc1C,egc,4.836487814674381
4347,*N1C(=O)c2c(C1=O)cc(cc2)[Si](O[Si](O[Si](c1cc2c(C(=O)N(C2=O)c2ccc(cc2)Cc2ccc(cc2)*)cc1)(C)C)(C)C)(C)C,tg,207.94519228545767
4348,*NNC(=O)CCCCC(=O)NNC(=O)CCCCCCCCC(*)=O,egc,5.661593598777554
4349,*NC(CCC(CCCNC(=O)c1ccc(cc1)C(=O)*)(C)C)C,tg,143.62464178119066
4350,*N=P(*)(OC)OC,tg,-12.740447935414593
4351,*S(=O)(=O)C1CC(CCC1)*,tg,112.62134590656115
4352,*Oc1ccc(cc1)C(c1ccc(cc1)OC(=O)NC(=O)c1cc(cc(c1)C(C)(C)C)C(=O)NC(=O)*)(C)C,tg,176.3888189348189
4353,*NC(c1ccccc1)C(C)(C)C(*)=O,egc,4.980818275659174
4354,*C1C2C(C(C1)CC*)CCC2,tg,153.1567445388616
4355,*c1ccc2N(c3c(Sc2c1)cc(cc3)C=Cc1ccc(cc1)C=C*)c1ccc(cc1)OCCCCCCCCCCCC,tg,147.60076477405664
4356,*NC(=O)NC(*)=O,nc,1.8958438440912435
4357,*CCOC(=O)Nc1c(C)c(C)c(NC(=O)O*)c(C)c1C,egc,5.609792941572246
4358,*N1C(=O)c2c(C1=O)cc(cc2)c1cc2c(C(=O)N(C2=O)c2ccc(cc2)C(c2ccc(cc2)*)c2ccccc2)cc1,tg,297.3856706519406
4359,*c1nc(nc(n1)c1ccc(cc1)Oc1ccc(cc1)Oc1ccc(cc1)Oc1ccc(cc1)*)c1ccccc1,tg,230.613709273188
4360,*C(=O)c1ccc(-c2ccc(C(*)=S)cc2)cc1,eea,3.372953719792592
4361,*OC(=O)NCCCCCCNC(=O)OCCOCCOCCOCC*,tg,21.322210244625087
4362,*C=C(*)c1ccc(C#C)cc1,egc,0.20568319914005442
4363,*Nc1ccc(*)cc1I,egc,3.6272383789760294
4364,*Oc1ccc(-c2ccc(-c3ccc(*)cc3)cc2)s1,eps,5.0558478675912575
4365,*CCOCCOC(=O)O*,nc,1.5809779553380383
4366,*c1ccc(Oc2ccc(-c3cc(OCCCCCC)c(-c4ccc(Oc5ccc(-c6nnc(*)o6)cc5)cc4)cc3OCCCCCC)cc2)cc1,egc,3.1089581219820737
4367,*N1C(=O)c2c(C1=O)cc(cc2)Oc1cc2c(cc1)ccc(c2)Oc1cc2c(C(=O)N(C2=O)c2cc(ccc2)*)cc1,tg,267.2574711487518
4368,*C(C*)(C(=O)OCCCCCCCCCC)C,tg,-36.67796843773594
4369,*Oc1ccc(cc1)CC(Cc1ccc(cc1)*)(C(=O)OCC)C(=O)OCC,tg,97.08679127764876
4370,*CCOCCOCCOC(=O)CCCCCC(=O)O*,egc,6.2458074452513905
4371,*N1C(=O)c2c(C1=O)cc(cc2)Oc1ccc(cc1)C(c1ccc(cc1)Oc1cc2c(C(=O)N(C2=O)c2ccc(cc2)Oc2cc(ccc2)Oc2ccc(cc2)*)cc1)(C)C,tg,189.97229856055444
4372,*Oc1ccc(cc1)Cc1ccc(cc1)OC(=O)OCC1CCC(CC1)COC(=O)*,tg,100.80860818651786
4373,*c1cc2c(C(=O)N(C2=O)c2c(ccc(c2)N2C(=O)c3c(C2=O)cc(cc3)C(=O)*)Cl)cc1,tg,316.85362501590913
4374,*CC(*)C(=O)OCF,egc,6.736613530177725
4375,*N1C(=O)c2c(C1=O)cc(cc2)Oc1cc(ccc1)C(c1ccc(cc1)Oc1cc2c(C(=O)N(C2=O)c2ccc(cc2)*)cc1)(C)C,tg,214.702267188663
4376,*c1cc2c(C(=O)N(C2=O)c2cc(cc(c2)C(F)(F)F)Oc2c(cc(cc2C)c2cc(c(c(c2)C)Oc2cc(cc(c2)C(F)(F)F)N2C(=O)c3c(C2=O)cc(cc3)C(=O)*)C)C)cc1,tg,290.8470690551342
4377,*c1ccc(-c2ccc(Oc3ccc(*)s3)s2)cc1,ei,5.266144944556892
4378,*CC(*)C(=O)NCO,egc,5.938657976788919
4379,*Oc1ccc(cc1)C(=O)CNc1ccc(cc1)S(=O)(=O)c1ccc(cc1)NCC(=O)c1ccc(cc1)*,tg,205.09615058907607
4380,*c1ccc(-c2ccc(-c3nc4ccc(-c5ccc6nc(*)c(-c7ccccc7)nc6c5)cc4nc3-c3ccccc3)cc2)cc1,egc,3.046630522568111
4381,*Oc1ccc(-c2ccc(-c3ccc(*)cc3)s2)s1,egb,3.0572003430882773
4382,*CC1CCC(COC(=O)CCCCCCC(=O)O*)CC1,egc,6.782010453185761
4383,*OC(=O)NCCCCNC(=O)OCCCC*,tg,30.328263596200355
4384,*Nc1ccc(NC(=O)NONC(*)=O)s1,eps,5.385511049006992
4385,*Oc1c(cc(cc1c1ccccc1)*)c1ccccc1,tg,224.0077057563687
4386,*OC(=O)C1CCC(CC1)C(=O)OCCC*,tg,6.480545441673044
4387,*c1cc2c(C(=O)N(C2=O)c2cc(c(c(c2)Br)Oc2c(cc(cc2Br)N2C(=O)c3c(C2=O)cc(cc3)C(*)(C(F)(F)F)C(F)(F)F)Br)Br)cc1,tg,311.64049834663666
4388,*S(=O)(=O)c1ccc(cc1)C#Cc1ccc(cc1)N(CC(CCC*)O)CCCC,tg,96.40715238490796
4389,*CC1CCC(COC(=O)CCCCCCCCC(=O)O*)CC1,egc,6.755595509303101
4390,*CCc1ccc(-c2ccc(*)cc2)cc1,egc,4.527210683118785
4391,*CC(*)c1c([2H])c([2H])c([2H])c([2H])c1[2H],egc,3.4087338300748984
4392,*c1sc(*)c2nc(CCCCCC)c(CCCCCC)nc12,egc,2.4648139995562697
4393,*O[Si](Oc1ccc(cc1)c1ccc(cc1)*)(c1ccccc1)c1ccccc1,tg,106.63660490622196
4394,*C(C*)c1cc(ccc1)Cl,tg,93.50979223457728
4395,*C(=O)Nc1cccc(C(=O)Nc2cccc(NC(=O)c3ccc4[nH]c(-c5ccc(-c6nc7cc(*)ccc7[nH]6)cc5)nc4c3)c2)c1,egc,3.3900269007910473
4396,*C(C*)c1ccc(cc1)COCC(CCCC)CC,tg,-1.1393965250585372
4397,*C(=O)c1ccc2c(c1)C(=O)N(c1ccc(OCCOCCOc3ccc(N4C(=O)c5ccc(*)cc5C4=O)cc3)cc1)C2=O,egc,2.4258655486972365
4398,*Nc1ccc(C(=O)O*)cc1,ei,6.340549137253333
4399,*c1cn(*)c2ccccc12,egc,3.21338235107307
4400,*c1nc(nc(n1)Oc1cc(ccc1)C(=O)Nc1ccc(cc1)S(=O)(=O)c1ccc(cc1)NC(=O)c1cc(ccc1)O*)Sc1ccccc1,tg,248.06294053040085
4401,*CC(F)(F)C(F)(F)C(F)(F)C(F)(F)COC(=O)NCC(F)(F)C(F)(F)C(F)(F)C(F)(F)CNC(=O)O*,egc,6.8459017247342375
4402,*N1C(=O)c2c(C1=O)cc(cc2)c1cc2c(C(=O)N(C2=O)CC2C3C(CC2)C2C(CC3C2)C*)cc1,tg,225.2120363364011
4403,*c1cc2c(C(=O)N(C2=O)c2cc(ccc2)Nc2ncnc(n2)Nc2cc(ccc2)N2C(=O)c3c(C2=O)cc(cc3)C(=O)*)cc1,tg,292.46623839492344
4404,*N1C(=O)c2c(C1=O)cc(cc2)Oc1cc2c(C(=O)N(C2=O)c2cc(ccc2)C(c2cc(ccc2)*)O)cc1,tg,238.28735922436312
4405,*N1C(=O)c2c(C1=O)cc(cc2)c1cc2c(C(=O)N(C2=O)c2cc3S(=O)(=O)c4c(c3cc2C)cc(c(c4)*)C)cc1,tg,340.893441413268
4406,*c1sc(cc1CCCCCCC)c1sc(c(c1)CCCCCCC)c1c2c(ccccc2)c(c1)*,tg,11.67463721810448
4407,*C(C*)c1ccc(cc1)C(CCCCC)(O)C,tg,72.53859486270028
4408,*CC(F)(F)C(F)(F)COC(=O)NCCCCCCNC(=O)O*,egc,6.695155096801879
4409,*N1C(=O)c2c(C1=O)cc(cc2)c1cc2c(C(=O)N(C2=O)c2cc(c(c(c2)C(=O)OCCCCCCCCCCCC)c2c(cc(cc2Br)*)C(=O)OCCCCCCCCCCCC)Br)cc1,tg,98.49421273459865
4410,*O[Si](O[Si](O[Si](OC(CCC(*)C)C)(C)C)(C)C)(C)C,tg,-95.1995343428274
4411,*CC(=O)C(S1)=CC=C1C(=S)*,egc,2.701237405152616
4412,*N1C(=O)c2c(C1=O)cc(cc2)NC(=O)Nc1c2c(ccc1)c(ccc2)NC(=O)Nc1cc2c(C(=O)N(C2=O)c2ccc(cc2)c2nc(cc(c2)c2ccc(cc2)c2ccccc2)c2ccc(cc2)*)cc1,tg,270.03619002034173
4413,*C1C2C(C(=O)N(C2=O)c2cc(ccc2)I)C(C1)C=C*,tg,214.52923101403783
4414,*CCC(=O)c1ccc(*)s1,eps,3.9675373018036564
4415,*Oc1c(ccc(c1)Oc1cc(ccc1)NC(=O)c1c(ccc(c1)Oc1cc(c(cc1)C(=O)O)C(=O)Nc1cc(ccc1)*)C(=O)O)C#N,tg,187.3797079047026
4416,*C(C*)C(=O)c1ccc(cc1)CCC,tg,48.13139556604351
4417,*C(=O)c1ccc2c(c1)C(=O)N(c1cc(-c3nc4ccccc4[nH]3)cc(N3C(=O)c4ccc(*)cc4C3=O)c1)C2=O,egc,2.6412305981412514
4418,*C1C2C(C(=O)N(C2=O)c2ccc(cc2)F)C(C1)C=C*,tg,238.30503786359586
4419,*c1cc2c(C(=O)N(C2=O)c2ccc(cc2)S(=O)(=O)c2ccc(cc2)N2C(=O)c3c(C2=O)cc(cc3)C(=O)Oc2c(cc(cc2)OC(=O)*)C(C)(C)C)cc1,tg,249.61869704762123
4420,*c1nc2c(c(c1)c1ccccc1)cc(cc2)Oc1cc2c(nc(cc2c2ccccc2)c2ccc(cc2)C2(c3ccccc3C(=O)c3ccccc23)c2ccc(cc2)*)cc1,tg,361.49128519234114
4421,*c1c(nc2c(n1)cc(cc2)c1cc2c(nc(c(n2)c2ccc(cc2)*)c2ccccc2)cc1)c1ccccc1,tg,351.6438850243727
4422,*OC(=O)OCC1CCC(CC1)COC(=O)OCCCC*,tg,-3.1875856907918023
4423,*CNC(=S)N*,eea,2.121269412035531
4424,*Oc1ccc(cc1)OC(=O)c1c(cc(c(c1)OCCCCCCCOCC1N(CCC1)c1ccc(cc1)[N+](=O)[O-])C(=O)*)OCCCCCCCOCC1N(CCC1)c1ccc(cc1)[N+](=O)[O-],tg,47.17068187932852
4425,*c1ccc(cc1)c1c(cc(c(c1c1ccccc1)c1ccccc1)c1cc(ccc1)c1c(c(c(c(c1)c1ccccc1)c1ccc(cc1)CCCCCCCCCCCCCC*)c1ccccc1)c1ccccc1)c1ccccc1,tg,180.65896258406738
4426,*C=CC1CC(*)C(C(=O)OC)C1,egc,5.5323807433418715
4427,*N1C(=O)c2c(C1=O)cc(cc2)Oc1c(cccc1)Oc1cc2c(C(=O)N(C2=O)c2ccc(cc2)Oc2ccc(cc2)c2ccc(cc2)Oc2ccc(cc2)*)cc1,tg,206.03548453409425
4428,*CC(*)(C)C(=O)OCC1CCCO1,egc,6.321678269171263
4429,*Oc1cccc(OC2(F)C(*)(F)C(F)(F)C2(F)F)c1,egc,4.725930740936163
4430,*CC(*)C(=O)OCCCSCCC#N,egc,5.094978199703263
4431,*Oc1cc2c(cc1)ccc(c2)Oc1ccc(cc1)C(=Nc1ccc(cc1)N=C(c1ccc(cc1)*)c1ccccc1)c1ccccc1,tg,187.4137124550591
4432,*CCOCCOC(=O)Nc1ccc(C)c(NC(=O)O*)c1,eps,3.5656928075586896
4433,*NC(=O)c1ccc(O*)cc1,egb,3.963839378250246
4434,*C(C*)c1c(cc(cc1)Cl)Cl,tg,105.06599637683985
4435,*NC1CCC(CC2CCC(NC(=O)CCCCCCCCC(*)=O)CC2)CC1,egc,5.675824917151079
4436,*CC1CC(*)OC(CCC)O1,egc,6.0444145595646095
4437,*ON(C(C(=C(C(*)(F)F)F)F)(F)F)C(F)(F)F,tg,-1.2279771543801927
4438,*Oc1cc(ccc1)Oc1cc(ccc1)OC(=O)*,tg,111.89599150005071
4439,*CC1(*)CCCCC1,egb,7.014235443413901
4440,*c1cc2c(C(=O)N(C2=O)c2ccc(cc2)Oc2ccc(cc2)N2C(=O)c3c(C2=O)cc(cc3)C(=O)c2cc(cc(c2)C(C)(C)C)C(=O)*)cc1,tg,266.75463059644517
4441,*c1ccc(-c2ccc(*)s2)s1,egb,1.4621515520037895
4442,*c1nc2c(nc1)ccc(c2)c1ccc2c(nc(cn2)c2ccc(cc2)Oc2ccc(cc2)Oc2ccc(cc2)*)c1,tg,286.4778050126682
4443,*CC(F)(F)C(F)(F)C(F)(F)COC(=O)CCCC(=O)O*,egb,6.556433281874983
4444,*c1cc2c(C(=O)N(C2=O)c2c(cccc2)Cc2cc(ccc2)N2C(=O)c3c(C2=O)cc(cc3)C(=O)*)cc1,tg,255.0043356622187
4445,*CC(=O)c1ccc(C(*)=S)s1,eea,3.9073677628661283
4446,*OC(=S)C(F)(F)C(*)(F)F,eps,3.6692782822704357
4447,*C(C*)(C(=O)OCC(=O)c1cc2c(o1)ccc(c2)Br)C,tg,133.90022744220096
4448,*Oc1ccc(C(C)(C)c2ccc(OC(=O)OCCCCOC(*)=O)cc2)cc1,egc,5.203867490495738
4449,*O[Si](c1ccc(cc1)[Si](*)(C)C)(C)C,tg,-36.45157023385604
4450,*C1C2C(C=CC2)C(C1)C=C*,tg,57.33302796242711
4451,*C(C*)c1cc(c(cc1)C)C,tg,109.30548921672418
4452,*c1cc2Oc3c(C4(c2cc1)c1ccccc1c1ccccc41)ccc(c3)OC(=O)c1ccc(cc1)C(=O)O*,tg,291.96413188510684
4453,*S(=O)(=O)c1ccc(cc1)C(=O)Nc1c(cccc1)c1ccc(cc1)NC(=O)c1ccc(cc1)*,tg,250.85174567546758
4454,*C(=O)Oc1ccc(OC(=O)N2CC(C)N(*)CC2C)cc1,egc,5.051759134174025
4455,*CNCC(=O)*,egc,5.243440048164899
4456,*N1C(=O)c2c(C1=O)cc(cc2)NC(=O)OCCOc1ccc(cc1)P(=O)(c1ccc(cc1)OCCOC(=O)Nc1cc2c(C(=O)N(C2=O)c2cc(ccc2)P(=O)(c2cc(ccc2)*)c2ccccc2)cc1)c1ccccc1,tg,210.31402344204633
4457,*Oc1cccc2c(OC(=O)Oc3ccc(OC(*)=O)cc3Cl)cccc12,egc,4.431028161140501
4458,*CC(=S)C(=O)O*,ei,7.03793125970493
4459,*c1ccc2n(c3c(c2c1)cc(cc3)C=C(C(=O)OCCCCCCOC(=O)C(=C*)C#N)C#N)CCCCCCCCCCCn1c2ccccc2c2ccccc12,tg,60.973805649281914
4460,*CCCO*,eea,0.4321774110686193
4461,*C(C*)(C(=O)OCCOc1ccc(cc1)C(=O)Oc1ccc(cc1)OCCCC)Cl,tg,106.06954053115705
4462,*c1nc(ccc1)Oc1ccc(cc1)Oc1ccc(cc1)S(=O)(=O)c1ccc(cc1)Oc1ccc(cc1)O*,tg,157.66227457856115
4463,*Oc1c(cc(cc1C)*)C(CCCCCC)C,tg,23.70354215844843
4464,*COc1ccc(-c2ccc(*)cc2)s1,eps,4.182552308249922
4465,*C(C*)c1c(cccc1)OC(=O)C,tg,96.91137996969849
4466,*CCOC(=O)c1ccc(Cc2ccc(C(=O)O*)cc2)cc1,egc,4.528213366857613
4467,*C(CC*)(C)C,tg,6.89514183183938
4468,*CNCc1ccc(*)cc1,nc,1.7772494966458512
4469,*c1ccc(-c2cc(C(=O)OCCCCCCCCCCCC)c(*)s2)s1,egc,1.9053659053519147
4470,*CCNC(=O)c1cccc(C(=O)N*)c1,egc,5.0277768152660105
4471,*c1ccc(C(CCCCCCCC)c2ccc(-n3c(=O)c4cc5c(=O)n(*)c(=O)c5cc4c3=O)cc2)cc1,egc,2.322979210808226
4472,*Oc1ccc(cc1)S(=O)(=O)c1ccc(cc1)Oc1c(cc(c(c1C)Br)C(c1c(c(c(c(c1)C)*)C)Br)(C)C)C,tg,246.2927589304933
4473,*Nc1ccc(*)cc1OCCCCS(=O)(=O)O,egc,3.107900965709815
4474,*c1cc2c(C(=O)N(C2=O)c2ccc(cc2)Oc2ccc(cc2)C(=O)c2nc(ccc2)C(=O)c2ccc(cc2)Oc2ccc(cc2)N2C(=O)c3c(C2=O)cc(cc3)C(*)(C(F)(F)F)C(F)(F)F)cc1,tg,256.8489945549918
4475,*Nc1nc(*)nc(Cl)n1,egc,4.670394256477819
4476,*OC(=O)c1ccc(cc1)c1ccc(cc1)C(=O)OCC*,tg,95.92859526613758
4477,*CCCNC(=O)CCCCCCCCC(=O)NCCCOCCOCCO*,egc,5.9032114232368995
4478,*CC(*)C(=O)N(O)c1ccc(C)cc1,egc,4.0569916039258205
4479,*C(C*)c1ccc(cc1)C(=O)c1ccc(cc1)C,tg,117.35652796711142
4480,*c1cc2c(C(=O)N(C2=O)c2cc(ccc2)C(c2cc(ccc2)N2C(=O)c3c(C2=O)cc(cc3)C(=O)*)(c2ccccc2)C(F)(F)F)cc1,tg,294.9167939192872
4481,*c1ccc(-c2ccc(C(F)(F)C(*)(F)F)cc2)cc1,eps,3.915751309483719
4482,*N(c1ccc(cc1)c1ccc(cc1)N(c1ccc(cc1)Cc1ccc(cc1)*)c1ccc(cc1)C)c1ccc(cc1)C,tg,196.03209133029324
4483,*C(C*)OC(=O)c1cc(ccc1)OC,tg,62.575755292154916
4484,*N1C(=O)c2c(C1=O)c(ccc2)c1cc2c(C(=O)N(C2=O)c2ccc(cc2)Oc2ccc(cc2)*)cc1,tg,314.05722476032815
4485,*Nc1ccc(cc1)C(c1cc(ccc1)C(c1ccc(cc1)NC(=C(C#N)C#N)c1ccc(cc1)C(=C(C#N)C#N)*)(C)C)(C)C,tg,225.02311388474618
4486,*Cc1ccc(C(=O)O*)s1,eea,2.516089467382838
4487,*N1C(=O)c2c(C1=O)cc(cc2)c1ccc(cc1)c1cc2c(C(=O)N(C2=O)CCCCCCCCCCCC*)cc1,tg,101.53158491885351
4488,*C1COC2C1OCC2OC(=O)C(NC(=O)CCCCCCCCCCC(=O)NC(C(=O)O*)C)C,tg,50.82124971966876
4489,*OC(C*)CSC,tg,-42.02280679532139
4490,*Oc1cc(ccc1)NC(=O)CCCCC(=O)Nc1cc(ccc1)OCC(COc1ccc(cc1)C(c1ccc(cc1)OCC(C*)O)(C)C)O,tg,100.51145658204692
4491,*C=CC(C*)CC,egc,5.849116979662033
4492,*c1nc2c(n1c1ccc(cc1)n1c(nc3c1cccc3)c1ccc(cc1)Oc1ccc(cc1)S(=O)(=O)c1ccc(cc1)Oc1ccc(cc1)*)cccc2,tg,252.21139063485666
4493,*c1cc2c(C(=O)N(C2=O)c2ccc(cc2)c2nc(nc(n2)c2ccc(cc2)N2C(=O)c3c(C2=O)cc(cc3)C(=O)*)c2ccccc2)cc1,tg,304.31807229137956
4494,*C(C*)Cl,tg,37.39045447257694
4495,*C(=O)c1ccc2c(c1)C(=O)N(c1ccc(-c3ccc(N4C(=O)c5ccc(*)cc5C4=O)c(OC)c3)cc1OC)C2=O,egc,2.6427374303622755
4496,*C(C*)(C#N)C,tg,124.29188684949855
4497,*CCCCCCCCCCOC(=O)CCCCCCC(=O)O*,egc,6.754635131599317
4498,*N1C(=O)c2c(C1=O)cc(cc2)Oc1ccc(cc1)Oc1ccc(cc1)Oc1cc2c(C(=O)N(C2=O)c2ccc(cc2)Oc2ccc(cc2)C(=O)c2cc(ccc2)C(=O)c2ccc(cc2)Oc2ccc(cc2)*)cc1,tg,208.04381910541466
4499,*N1C(=O)c2c(C1=O)cc(cc2)S(=O)(=O)c1cc2c(C(=O)N(C2=O)c2c(cc(cc2)Cc2cc(c(cc2)*)C(C)(C)C)C(C)(C)C)cc1,tg,318.06113107082484
4500,*Oc1ccc(cc1)C(c1ccc(cc1)OC(=O)c1ccc(cc1)Oc1ccc(cc1)C(=O)*)(C)C,tg,159.21472626635875
4501,*C=CC1CC(*)C2C3CCC(C3)C12,egb,5.4400524890101085
4502,*C(=O)OCC(C)(C)COC(=O)N1CCN(*)CC1,egc,5.803813144035515
4503,*Oc1c(cc(cc1C)C(c1cc(c(c(c1)C)OC(=O)*)C)(C(F)(F)F)C(F)(F)F)C,tg,189.72500469976285
4504,*c1sc(cc1CCCCOC(=O)CCC)*,tg,22.894152209246375
4505,*NC(=O)CC(=O)NCCCC*,tg,57.0669894519689
4506,*c1ccc(-n2c(=O)c3ccc4c5cc6c(*)ccc6n5c(=O)c-4cc3c2=O)cc1C,egc,3.0009087852952954
4507,*S(=O)(=NP(=NP(=N*)(NCCCCCC)NCCCCCC)(NCCCCCC)NCCCCCC)NCCCCCC,tg,-35.986029341338295
4508,*Oc1ccc(cc1)CC(Cc1ccc(cc1)*)(c1ccccc1)C#N,tg,150.8114290263898
4509,*C(C*)(C(=O)OCCCN(c1ccc(cc1)N(C)C)C)C,tg,35.161800216401566
4510,*C(=O)c1ccc(C(=O)C(*)=S)s1,nc,2.258147485801847
4511,*Nc1ccc(cc1)NC(=O)c1ccc(cc1)P(=O)(c1ccc(cc1)C(=O)*)c1ccccc1,tg,260.9226002195365
4512,*C1COC2C1OCC2OC(=O)C(NC(=O)CCCCCCCC(=O)NC(C(=O)O*)C)C,tg,49.83271383588315
4513,*C1(COC1)COc1ccc(cc1)C(c1ccc(cc1)OC*)(C(F)(F)F)C(F)(F)F,tg,71.46384779598635
4514,*C(=O)C(=S)C(=O)O*,egc,2.7921352527569527
4515,*c1ccc(-c2ccc(N3C(=O)c4ccc(S(=O)(=O)c5ccc6c(c5)C(=O)N(*)C6=O)cc4C3=O)cc2C(F)(F)F)c(C(F)(F)F)c1,egc,2.9148006889726163
4516,*c1ccc(S(=O)(=O)c2ccc(-n3nc(-c4ccccc4)c4ccc(Oc5ccc6c(-c7ccccc7)nn(*)c(=O)c6c5)cc4c3=O)cc2)cc1,egc,3.500994398488339
4517,*CCCCCCOC(=O)SSC(=O)O*,egc,4.698714549990313
4518,*OC(C*)COc1ccccc1,tg,19.36718810933888
4519,*C(C*)C(=O)c1ccc(cc1)C(C)(C)C,tg,103.64578228216709
4520,*OP(=O)(OCCOc1ccc(cc1)S(=O)(=O)c1ccc(cc1)OCC*)Oc1ccc(cc1)OC,tg,49.354751894371375
4521,*CNC(S1)=CC=C1C(=S)*,egc,2.653766097802838
4522,*OC(=O)c1cc(cc(c1)OCCN(c1ccc(cc1)S(=O)(=O)CCCCCCCC)C)C(=O)OCCN(CC*)c1ccc(cc1)S(=O)(=O)C(C(C(C(C(C(C(C(F)(F)F)(F)F)(F)F)(F)F)(F)F)(F)F)(F)F)(F)F,tg,88.73769663895254
4523,*CCCCCCCCCCCCCCOC(=O)CCCCC(=O)O*,egc,6.802317513278076
4524,*c1oc(cc1)C(=O)NNC(=O)c1ccc(cc1)[Si](c1ccc(cc1)C(=O)NNC(=O)*)(c1ccccc1)c1ccccc1,tg,203.98054318620194
4525,*Oc1ccc(cc1)N1ON1c1ccc(cc1)OCCCCCCOC(=O)C(C(=O)OCCCCCC*)CCCCP(=O)(O)O,tg,9.933861689117197
4526,*C(=O)c1ccc(-c2ccc(-c3ccc(*)s3)cc2)cc1,nc,2.316122627820886
4527,*N(CC*)C(=O)c1cc(c(c(c1)F)F)F,tg,98.651340227997
4528,*c1oc(nn1)c1c(cc(cc1)*)OCCCCCCCCCC,tg,151.09367607830305
4529,*OCCC(=O)NCc1c(c(c(c(c1C)C)CNC(=O)CC*)C)C,tg,141.85159959427605
4530,*C1C2CC(=CC)C(C1*)C2,tg,144.82106858962734
4531,*CC(=O)Nc1ccc(*)cc1,egb,4.323552911668745
4532,*OC(=O)c1ccc(C(*)=O)cc1,eps,4.504704490487085
4533,*CCCCCCOC(=O)OCCCCCOC(=O)OCCCCCCOc1ccc(Oc2ccc(O*)cc2)cc1,egc,4.306883942019411
4534,*OC(=O)Nc1ccc(cc1)Cc1ccc(cc1)NC(=O)OCCCCCCCCCC*,tg,66.55671596851407
4535,*CC(=O)Cc1ccc(*)s1,ei,5.951328447683965
4536,*c1ccc(-c2ccc(-c3sc(-c4cc(C(=O)CCCCCCCCCCCC)c(*)s4)cc3C(=O)OCCCCCCCCCCCC)s2)s1,egc,1.9063029421542
4537,*C(=S)C(=O)C(F)(F)C(*)(F)F,nc,1.8832772784410612
4538,*CCCCOC(=O)NC1CC1NC(=O)O*,egc,6.26714994745148
4539,*c1cc2c(C(=O)N(C2=O)c2cc(ccc2)N2C(=O)c3c(C2=O)cc(cc3)c2ccc(cc2)c2ccc(cc2)c2ccc(cc2)c2ccc(cc2)*)cc1,tg,315.3431150422282
4540,*c1cc2c(C(=O)N(C2=O)C2C(=O)N(C(=O)C2)c2cc(ccc2)NC(=O)*)cc1,tg,169.32356586411646
4541,*Oc1ccc(N=Nc2ccc(C(*)=O)cc2)cc1C,egc,3.7355578993109013
4542,*C(=O)c1ccc(-c2ccc(-c3ccc(*)cc3)s2)cc1,eea,2.8569128865528928
4543,*N1C(=O)c2c(C1=O)cc(cc2)Oc1ccc(cc1)Oc1ccc(cc1)Oc1cc2c(C(=O)N(C2=O)c2ccc(cc2)Oc2ccc(cc2)Oc2ccc(cc2)*)cc1,tg,226.216944642962
4544,*Oc1c(cc(c(c1)OC(=O)c1ccc(cc1)OCCC)OC(=O)CCCCCCCCCCCCCCC(=O)*)OC(=O)c1ccc(cc1)OCCC,tg,31.894996136769564
4545,*Nc1ccc(-c2ccc(C(*)=S)cc2)s1,ei,5.229177430409186
4546,*OC(=O)c1cc(ccc1)C(=O)OCC(C(C(C*)(F)F)(F)F)(F)F,tg,24.807256381738522
4547,*CNOc1ccc(*)cc1,ei,5.799457342466126
4548,*Oc1ccc(cc1)S(=O)(=O)c1ccc(cc1)Oc1ccc(cc1)NC(=O)c1ccc(cc1)Oc1ccc(cc1)C(c1cc(ccc1)C(c1ccc(cc1)Oc1ccc(cc1)C(=O)Nc1ccc(cc1)*)(C)C)(C)C,tg,175.92268653145265
4549,*Oc1ccc(C(C)(C)c2ccc(Oc3nc(*)nc(Cl)n3)cc2)cc1,egc,4.5822503832212425
4550,*N1C(=O)C2C(C1=O)C(Cc1ccccc21)C1C(=O)N(C(=O)C1)c1cc(cc(c1)C(=O)OCCCCC)*,tg,249.9946243698298
4551,*Oc1ccc(cc1)CC(NC(=O)CCc1ccc(cc1)OC(=O)COCCOCC(=O)*)C(=O)OCCCCCC,tg,21.318908351439564
4552,*OC(=O)NC(=O)c1cc(cc(c1)C(C)(C)C)C(=O)NC(=O)OCC(C*)(C)C,tg,111.61174082686954
4553,*Oc1c(cc(cc1)C(c1cc(c(cc1)OC(=O)*)CC)(C)C)CC,tg,112.02664364697667
4554,*CCCS(=O)(=O)CCCS(=O)(=O)CCCOC(=O)c1ccccc1C(=O)O*,egc,4.69673884926434
4555,*N1C(=O)c2c(C1=O)cc(cc2)Oc1cc2c(C(=O)N(C2=O)c2c(ccc(c2)C(c2cc(c(cc2)OCCN(c2ccc(cc2)C=CC2=CC(=C(C(=O)OC)C#N)CC(C2)(C)C)c2ccccc2)*)(C(F)(F)F)C(F)(F)F)OCCN(c2ccc(cc2)C=CC2=CC(=C(C(=O)OC)C#N)CC(C2)(C)C)C)cc1,tg,187.80196818857098
4556,*Nc1ccc(cc1)C(c1ccc(cc1)NC(=O)c1cc(cc(c1)NC(=O)c1ccccc1)C(=O)*)(C)C,tg,292.2362557875159
4557,*Oc1ccc(CC(NC(=O)CCc2ccc(OC(=O)CCC(*)=O)cc2)C(=O)OC(C)CC)cc1,egc,5.220380206278106
4558,*NNC(=O)c1ccc(C(=O)NNC(=O)CCCCC(*)=O)cc1,egc,4.234475003670417
4559,*Oc1c(cc(cc1OC)C=C1C(=O)C(=Cc2cc(c(c(c2)OC)OCCCCCCCCCC*)OC)CCC1)OC,tg,60.23491531437796
4560,*C(=S)CC(F)(F)C(*)(F)F,ei,7.087047226242371
4561,*Nc1ccc(C(=S)c2ccc(*)cc2)s1,ei,5.249330855175822
4562,*Oc1ccc(cc1)S(=O)(=O)c1ccc(cc1)Oc1ccc(cc1)C(c1ccc(cc1)*)(C(F)(F)F)C(F)(F)F,tg,177.3292650655392
4563,*NC(=O)CCCCCCCCCCCCCCCCCCC(=O)NCCCCCCCCCCC*,tg,46.868556881165794
4564,*c1cc2c(C(=O)N(C2=O)c2cc(c(cc2)c2c(cc(cc2)N2C(=O)c3c(C2=O)cc(cc3)C(=O)Oc2c(cc(cc2C)C(c2cc(c(c(c2)C)OC(=O)*)C)(C)C)C)C)C)cc1,tg,232.42698938719977
4565,*NC(=S)NCCCCC*,tg,42.27831311200957
4566,*N1C(=O)c2c(C1=O)cc(cc2)Oc1c(cccc1)Oc1cc2c(C(=O)N(C2=O)c2cc(c(cc2)Oc2ccc(cc2)c2ccc(cc2)Oc2c(cc(cc2)*)C(F)(F)F)C(F)(F)F)cc1,tg,220.04448579061892
4567,*c1c(nc2c(n1)cc(cc2)Oc1cc2c(nc(c(n2)c2ccc(cc2)N2C(=O)c3c(C2=O)cc(cc3)C(=O)c2cc3c(C(=O)N(C3=O)c3ccc(cc3)*)cc2)c2ccccc2)cc1)c1ccccc1,tg,272.93777280909825
4568,*Oc1ccc(cc1)C(=O)c1cc(ccc1)*,tg,130.19567335451896
4569,*CCCCCCNC(=O)CCC(C)(C)c1ccc(C(C)(C)CCC(=O)N*)cc1,egc,5.148171632307971
4570,*Oc1ccc(cc1)NC(=O)c1cc(cc(c1)C(C(C(C(C(C(C(C(F)(F)F)(F)F)(F)F)(F)F)(F)F)(F)F)(F)F)(F)F)C(=O)Nc1ccc(cc1)*,tg,241.86730389825098
4571,*c1nc2c(nc1)cc(cc2)Oc1cc2c(nc(cn2)c2ccc(cc2)Oc2ccc(cc2)*)cc1,tg,251.78058159607298
4572,*CC(CC)(C(=O)O*)c1ccccc1,egc,5.250641875353021
4573,*c1cc(CCCCCCCC)c(*)[nH]1,egc,2.7800151524813494
4574,*NOC(F)(F)C(*)(F)F,eea,1.9557699756053144
4575,*CC(=O)CO*,egc,5.66406440919203
4576,*Oc1c(cc(cc1)C(=O)c1cc(ccc1)C(=O)c1cc(c(cc1)*)C(C)C)C,tg,138.711007569745
4577,*c1nc2c(cc1)cc(cc2)C(=O)c1ccc(cc1)Oc1c(cc(cc1C)c1cc(c(c(c1)C)Oc1ccc(cc1)C(=O)*)C)C,tg,209.58352607984995
4578,*Oc1ccc(cc1)Oc1ccc(cc1)C=NCCCCCCCCCCN=Cc1ccc(cc1)*,tg,82.0909767653462
4579,*OC(=O)c1cc(cc(c1)OCCCCCCOc1ccc(cc1)c1ccc(cc1)OC)C(=O)OCCOCCOCCOCCOCCOCC*,tg,18.910779408917847
4580,*CCON*,eea,0.15609
4581,*c1nc2c(c(c1)c1ccccc1)cc(cc2)C1(c2ccccc2c2ccccc12)c1cc2c(nc(cc2c2ccccc2)c2ccc(cc2)c2ccc(cc2)*)cc1,tg,367.78337916832663
4582,*c1nc(nc(c1F)OCC(C(C(CO*)(F)F)(F)F)(F)F)F,tg,29.083821314874275
4583,*C=C(*)c1ccccc1,egc,0.4722397193471582
4584,*c1cc2c(C(=O)N(C2=O)c2ccc(cc2)N(C(=O)c2ccc(cc2)N2C(=O)c3c(C2=O)cc(cc3)C(=O)*)C)cc1,tg,292.55495542647145
4585,*Oc1ccc(cc1)CC(NC(=O)Cc1ccc(cc1)OC(=O)CCCCC(=O)*)C(=O)OCCCCCC,tg,32.12865213597746
4586,*CC(*)C(=O)NCCO,egb,5.829981716442969
4587,*C(=O)C(F)(F)C(=O)C(*)(F)F,eea,3.657470445280774
4588,*Nc1ccc(C(=O)C(*)=S)s1,egb,1.4245037938753466
4589,*CC(S1)=CC=C1OC(S2)=CC=C2*,egc,4.306619252751395
4590,*c1ccc2[nH]c3ccc(*)cc3c2c1,egc,2.9625474504088674
4591,*Oc1ccc(cc1)CC(NC(=O)CCc1ccc(cc1)OC(=O)COCC(=O)*)C(=O)OCC(C)C,tg,69.46266418285751
4592,*C=CC(C)C(*)C,egc,5.331669978592612
4593,*NC(=O)c1c(cc(cc1)C(=O)NCCCCCC*)Oc1ccc(cc1)Br,tg,109.32851248291085
4594,*OC(=O)COCC*,tg,-15.692791351446353
4595,*C=C1CCCC(=Cc2ccc(*)cc2)C1=O,egc,2.6950370299145514
4596,*NC(=O)CCP(=S)(CCC(=O)NCCCCCC*)c1ccccc1,tg,48.224132635521215
4597,*Oc1ccc(cc1)C(c1ccc(cc1)OC(=O)Sc1ccc(cc1)C(c1ccc(cc1)SC(=O)*)(C)C)(C)C,tg,144.42215382568685
4598,*c1ccc(*)cc1,eps,4.623424633976364
4599,*OC(=O)C(C(=O)OCCOCC*)CCC,tg,-44.46722443180671
4600,*OC(=O)c1cc(cc(c1)C(C)(C)C)C(=O)OCC*,tg,74.28524415075321
4601,*CNC(=O)NCOCO*,ei,7.213322959628492
4602,*OC1C=CC(*)CC1,egc,5.438652394414799
4603,*NC(=O)c1ccc(C(*)=O)s1,eps,5.68202877755202
4604,*N1C(=O)c2c(C1=O)cc(cc2)C(=O)Oc1c(cc(cc1)OC(=O)CCCCCC*)C,tg,73.38934292894503
4605,*Sc1ccc(*)cc1,eea,2.3083365341728967
4606,*C(C*)CNc1c(cc(cc1)[N+](=O)[O-])C,tg,147.99835802305884
4607,*SC(=O)N(CCC*)Cc1ccccc1,tg,35.05462693866281
4608,*Oc1ccc(C2(c3ccc(Oc4nc(*)nc(OC)n4)cc3)CCCCC2)cc1,egc,4.631926280980187
4609,*Oc1c(cc(cc1)Oc1ccc(cc1)C(=O)Nc1ccc(cc1)Cc1ccc(cc1)NC(=O)c1ccc(cc1)*)c1ccccc1,tg,212.53178538849144
4610,*S(=O)(=O)C1C(CCCC1)*,tg,80.52460777376419
4611,*c1c(cc(c(c1)OC)C=Cc1c(cc(c(c1)OC)C=C*)OCC(CCCC)CC)OC,tg,120.49211339396828
4612,*C(=S)C(F)(F)CC(*)(F)F,egb,2.5739805268356055
4613,*O[Si](*)(CCC)CCC,tg,-51.920562167181515
4614,*NC(=O)NCc1ccc(cc1)CNC(=O)NCCCCCCCCCC*,tg,62.47870129716879
4615,*O[Si](CCC(C(CC[Si](*)(CCC(F)(F)F)C)(F)F)(F)F)(CCC(F)(F)F)C,tg,-45.10724750847019
4616,*C(=O)OCCOC(=O)c1ccc(*)o1,egc,4.569101788395957
4617,*OC(=O)c1cccc(C(=O)OC2CC3CC(*)CC(C2)O3)c1,egc,4.761480393338113
4618,*c1ccc(*)c(O)c1,egc,3.740998662424947
4619,*CC(*)(C#N)C(=O)OCC,egb,6.354543781708852
4620,*CC1CCC(COC(=O)CCCC(=O)O*)CC1,egc,6.729763426095804
4621,*Oc1c(cc(cc1)OC(=O)c1ccc(cc1)OCCCCCCOc1ccc(cc1)C(=O)*)N=Nc1ccc(cc1)C#N,tg,108.90058479103006
4622,*CC(=O)C(S1)=CC=C1O*,egc,3.8956623514718665
4623,*CCCC(C)O[Si](C)(C)O*,egc,6.236692913536117
4624,*C=C(*)c1cccc(Cl)c1,egc,0.509640521997871
4625,*C(C*)(C(=O)OCCOC(=O)c1cc(cc(c1)[N+](=O)[O-])[N+](=O)[O-])C,tg,88.78315442214054
4626,*c1nc(nc(c1c1ccc(cc1)OC)OCCOC(=O)CCCC(=O)OCCO*)c1ccc(cc1)OCCCC,tg,38.35101126570071
4627,*CCC(=O)OCCCC=CCCCOC(=O)CCC1NC(=O)C(*)NC1=O,egc,5.559467131077342
4628,*OC(CCCCCCC=C)CC(*)=O,egc,5.926360419142589
4629,*OP(=O)(N=Nc1ccc(cc1)C(=O)c1ccc(cc1)N=NP(=O)(OCc1ccc(cc1)C*)OC)OC,tg,55.387015345099584
4630,*OC(C)CCOC(=O)CCCCSCCCCC(*)=O,egc,5.47646850880068
4631,*C(C(*)(F)F)(OC(C(F)(F)F)(F)F)F,tg,22.69484025016477
4632,*OC(C)COC(=O)CCCCCC(*)=O,egc,6.8742316601657985
4633,*Oc1cc(c(cc1)S(=O)(=O)c1c(cc(cc1)Oc1ccc(cc1)c1ccc(cc1)*)N)N,tg,232.96212676622852
4634,*CCCCCCCCCNC(=O)N*,egc,5.678693142045495
4635,*CCCCC(Cl)(Cl)C(=O)N*,egc,5.899621814567112
4636,*c1cc(ccc1)C(C(C(*)(F)F)(F)F)(F)F,tg,66.29209834885528
4637,*OC1CCC(OC(=O)OCCCCCCOC(*)=O)CC1,egc,7.150230449333315
4638,*c1ccc2c3n(c4ccc(cc4n3)c3cc4n5c(nc4cc3)c3cccc4c(ccc(c5=O)c34)Oc3ccc(cc3)C3(c4ccccc4C(=O)c4ccccc34)c3ccc(cc3)O*)c(=O)c3cccc1c23,tg,418.5214192016
4639,*c1cc2c(C(=O)N(C2=O)c2ccc(cc2)c2sc(c(c2c2ccccc2)c2ccccc2)c2ccc(cc2)N2C(=O)c3c(C2=O)cc(cc3)C(=O)Nc2ccc(cc2)Oc2ccc(cc2)C(c2ccc(cc2)Oc2ccc(cc2)NC(=O)*)(C)C)cc1,tg,291.72046621597013
4640,*Nc1ccc(Nc2ccc(*)s2)s1,nc,2.1194261656490916
4641,*Oc1ccc(cc1)C(=O)c1cc(ccc1)NC(=O)c1ccc(cc1)C(=O)Nc1cc(ccc1)C(=O)c1ccc(cc1)*,tg,200.6051413304101
4642,*Oc1cc(ccc1)Oc1ccc(cc1)C(=O)c1ccc(cc1)NC(=O)CCCCCCCCC(=O)Nc1ccc(cc1)C(=O)c1ccc(cc1)*,tg,130.02269947639863
4643,*OC(=O)c1ccc(cc1)c1ccc(cc1)C(=O)OCCCCC*,tg,46.98207479399152
4644,*N=C(NCCCCCCCCCC*)c1ccccc1,tg,83.25892286628418
4645,*CNCO*,egc,5.838930889663376
4646,*Oc1ccc(cc1)OC(=O)c1c(cc(c(c1)OCCCCCCCCCCOCC1N(CCC1)c1ccc(cc1)[N+](=O)[O-])C(=O)*)OCCCCCCCCCCOCC1N(CCC1)c1ccc(cc1)[N+](=O)[O-],tg,42.396804541674044
4647,*c1sc(cc1SCCCCCC)*,tg,22.6859402324689
4648,*C(C*)(C(=O)NC(=O)Oc1c(cc(cc1Br)S(=O)(=O)c1cc(c(c(c1)Br)O)Br)Br)C,tg,172.5409073151466
4649,*NC(=O)c1ccc(cc1)Cc1ccc(cc1)C(=O)NCCCCCCCCCC*,tg,119.0223600099064
4650,*OS(=O)(=O)c1cc(ccc1)C(=O)Oc1ccc(cc1)C(c1ccc(cc1)*)(C)C,tg,134.9312481620749
4651,*C(C*)(C(=O)OCCCCCCCCCCOc1ccc(cc1)N=Nc1ccc(cc1)F)C,tg,56.28170328922425
4652,*Oc1ccc(C(C)(C)c2ccc(OC(*)=O)c(Cl)c2)cc1C,egc,4.909222274476543
4653,*c1nc(nc(n1)c1ccc(cc1)Oc1cc2c(cc1)ccc(c2)Oc1ccc(cc1)*)c1ccccc1,tg,227.4870558797765
4654,*OC(=O)c1cc(ccc1)C(=O)OCCCCCCCC*,tg,2.370833370070919
4655,*CC(C)(COC(=O)O*)C(=O)OCc1ccccc1,egc,5.758284953644336
4656,*Nc1ccc(-c2ccc(NC(=O)c3cccc(C(*)=O)c3)c(S)c2)cc1S,egc,3.4026309198382005
4657,*c1cccc(-c2nc3cc(-c4ccc5nc(*)c(-c6ccccc6)nc5c4)ccc3nc2-c2ccccc2)c1,egc,3.1429621464782285
4658,*CC(C#N)(C#N)C(C#N)C(C#N)(C#N)*,egc,6.919665399858651
4659,*OC(=O)Nc1cc(c(cc1)C)NC(=O)OCC*,tg,61.84945104632019
4660,*C(=S)C(=O)C(F)(F)C(*)(F)F,egb,2.112885120548222
4661,*C(=O)c1ccc(OC(*)=S)cc1,egb,2.3135212836403265
4662,*Nc1ccc(NO*)cc1,egb,4.0314903491667415
4663,*N1C(=O)c2c(C1=O)cc(cc2)C(c1cc2c(C(=O)N(C2=O)CCCCCCCCCC*)cc1)(C(F)(F)F)C(F)(F)F,tg,130.0501557718846
4664,*CCCCCCNC(=O)CCCCCCCCCCC(=O)N*,egc,6.188607298599643
4665,*N1C(=O)c2c(C1=O)cc(cc2)Oc1cc2c(C(=O)N(C2=O)c2ccc(cc2)Sc2cc3c(C(=O)N(C3=O)CCCCCCCCCCCCCCCC)cc2Sc2ccc(cc2)*)cc1,tg,177.3844291730118
4666,*c1cc2c(C(=O)N(C2=O)c2ccc(cc2)Cc2ccc(cc2)N2C(=O)c3c(C2=O)cc(cc3)C(=O)Oc2c(cc(cc2)OC(=O)*)C(C)(C)C)cc1,tg,239.68628808242914
4667,*c1ccc(C(=O)C(F)(F)C(*)(F)F)s1,nc,1.8074186938870629
4668,*NC1CC(CC(C1)(CNC(=O)CCCCC(=O)*)C)(C)C,tg,125.24635060211622
4669,*c1c(nnc(n1)c1nc(ccc1)c1nc(c(nn1)c1ccccc1)c1ccc(cc1)*)c1ccccc1,tg,281.1842723744106
4670,*[Si](C(CC*)c1ccccc1)(C)C,tg,34.77848742133818
4671,*NC(=O)OC(*)=S,nc,1.9841099821589399
4672,*CONO*,eea,0.62308964616826
4673,*C(C*)OC(=O)c1ccc(cc1)CC,tg,86.10660487864303
4674,*C1(c2c(NC1=O)c(cc(c2)Cl)Cl)c1ccc(cc1)OC(=O)c1cc(ccc1)C(=O)Oc1ccc(cc1)*,tg,277.36421476845607
4675,*Oc1ccc(C(F)(F)C(*)(F)F)s1,nc,1.7617841412758535
4676,*c1sc(cc1)Oc1ccc(cc1)C(c1ccc(cc1)Oc1ccc(cc1)C(=O)*)(C)C,tg,125.96828873065533
4677,*Oc1ccc(cc1)C(=O)OC(=O)c1ccc(cc1)OCCCCC*,tg,44.5843941286537
4678,*C(=O)c1ccc(-c2ccc(-c3ccc(*)s3)cc2)s1,ei,5.519353389806729
4679,*C(C*)c1c(ccc(c1)C(=O)Oc1ccc(cc1)OCCCCCCCCCCCCCCCC)C(=O)Oc1ccc(cc1)OCCCCCCCCCCCCCCCC,tg,98.86747363399755
4680,*Sc1ccc(*)cc1,eps,4.826536209934837
4681,*C1=C2OCCOC2=C(c2ccc(-c3ccc(*)s3)s2)S1(=O)=O,egc,2.3289340017256817
4682,*C1C(=O)N(C(=O)C1*)c1c(cccc1)C(=O)OCC,tg,206.79023907221287
4683,*Oc1cc(ccc1)OC(=O)c1ccc(cc1)C(c1ccc(cc1)C(=O)*)(C)C,tg,157.65643433625112
4684,*Oc1ccc(cc1)N=CCCCC=Nc1ccc(cc1)OC(=O)Nc1ccc(cc1)Cc1ccc(cc1)NC(=O)*,tg,99.2199895808188
4685,*N1C(=O)c2c(C1=O)cc(cc2)Oc1c(cc(cc1C)Cc1cc(c(c(c1)C)Oc1cc2c(C(=O)N(C2=O)c2ccc(cc2)Oc2ccc(cc2)c2ccc(cc2)Oc2ccc(cc2)*)cc1)C)C,tg,267.5764847509223
4686,*CC(=O)OC(=S)*,egc,4.141629326013262
4687,*c1cncc(c1)C(=O)Nc1cc(cc(c1)c1oc(nn1)c1ncccc1)NC(=O)*,tg,237.9170501697095
4688,*c1nc2c(c(c1)c1ccccc1)cc(cc2)C1(c2ccccc2C(=O)c2ccccc12)c1cc2c(nc(cc2c2ccccc2)c2ccc(cc2)Oc2ccc(cc2)*)cc1,tg,336.48318725725886
4689,*C(C*)c1c(cc(cc1)Cl)C,tg,102.29702698645912
4690,*CC(C)C(=O)O*,egb,6.329030798641183
4691,*CCCCCCOC(=O)CCC(C)CC(=O)O*,egc,6.799905752841031
4692,*CCCCCOC(=O)c1ccc(C(=O)NCCCCCCNC(=O)c2ccc(C(=O)O*)cc2)cc1,egc,4.67616916049918
4693,*Oc1ccc(cc1)N=CCCCC=Nc1ccc(cc1)OC(=O)NC1CC(CC(C1)(CNC(=O)*)C)(C)C,tg,90.2996864556733
4694,*C(=O)c1ccc(Oc2ccc(*)s2)cc1,eps,4.6724013232463255
4695,*c1ccc2c3n(c4ccc(cc4n3)c3cc4n5c(nc4cc3)c3cccc4c(ccc(c5=O)c34)Oc3ccc(cc3)C(=O)c3ccc(cc3)O*)c(=O)c3cccc1c23,tg,387.99180099136254
4696,*CCN(*)C(=O)c1c(F)cc(F)cc1F,egc,4.779374117319427
4697,*CC(=O)c1ccc(-c2ccc(*)cc2)s1,eea,2.6559567807726037
4698,*CCOC(=O)Nc1ccc(C(C)(C)c2ccc(NC(=O)O*)cc2)cc1,egc,4.833411181783017
4699,*c1ccc(Oc2ccc(C(c3ccc(Oc4ccc(-c5nnc(*)n5-c5ccc(C)cc5)cc4)cc3)(C(F)(F)F)C(F)(F)F)cc2)cc1,egc,3.746908102153709
4700,*OC(=O)c1cc2c(cc1)ccc(c2)C(=O)OCC*,tg,91.18757312757779
4701,*CC(C)(CCCC)C(=O)N*,egc,5.655039517021548
4702,*CC(=O)C(=S)O*,nc,1.9200711602393963
4703,*NC(=O)c1ccc(C(*)=S)cc1,eea,3.1959802959594015
4704,*Oc1ccc(OC2(F)C(*)(F)C(F)(F)C2(F)F)cc1,egc,5.017083436801934
4705,*c1cc2c(C(=O)N(C2=O)c2ccc(cc2)C(=O)Nc2ccc(cc2)Oc2ccc(cc2)Oc2ccc(cc2)NC(=O)c2ccc(cc2)N2C(=O)c3c(C2=O)cc(cc3)C(*)(C(F)(F)F)C(F)(F)F)cc1,tg,303.50258289997123
4706,*CC(C=C1)=CC=C1NC(=S)*,egc,3.2702296709308794
4707,*c1ccc(-c2ccc(-c3ccc(-c4ccc(*)s4)s3)cc2)cc1,ei,4.536188729934167
4708,*c1ccc(C(c2ccc(N3C(=O)c4ccc(-c5ccc6c(c5)C(=O)N(*)C6=O)cc4C3=O)cc2)(C(F)(F)F)C(F)(F)F)cc1,egc,3.2929023328404954
4709,*Oc1c(cc(cc1)C=C1C(=O)C(=Cc2cc(c(cc2)OCCCCCC*)OC)CCC1)OC,tg,71.90151616355968
4710,*N1C(=O)c2c(C1=O)cc(cc2)c1cc2c(C(=O)N(C2=O)c2cc(ccc2)OCCCCCOc2cc(ccc2)*)cc1,tg,145.6823790431349
4711,*CCCCOC(=O)NCCCCCCNC(=O)O*,egc,6.3995063704380595
4712,*Oc1ccc(cc1)C1(c2ccccc2c2ccccc12)c1ccc(cc1)Oc1ccc(cc1)C(=O)C(=O)c1ccc(cc1)*,tg,242.68061921986327
4713,*Nc1cc(Cl)c(*)cc1Cl,egc,3.721503726173296
4714,*CCCCCCCCCCCCNC(=O)C(OC)C(OC)C(=O)N*,egc,5.734937838074244
4715,*c1cc2C(c3c(c2cc1)ccc(c3)*)(CCCCCC)CCCCCC,tg,68.48752700164307
4716,*C(C(*)(F)F)(C(F)(F)F)F,tg,120.4637117374651
4717,*CCOC(=O)c1ccc(C(=O)O*)cc1,ei,7.130003810405869
4718,*CC(*)(CC(=O)O)C(=O)O,egc,6.041349902735706
4719,*Oc1ccc(cc1)C(c1ccc(cc1)Oc1ccc(cc1)C(=O)c1ccc(cc1)P(=O)(c1ccc(cc1)C(=O)c1ccc(cc1)*)c1ccccc1)(C)C,tg,200.73182620461742
4720,*OC(COC(=O)C12CC3(CC(CC(C1)C3)C2)C(=O)*)COc1ccc(cc1)N=Nc1ccc(cc1)C#N,tg,163.04541753092877
4721,*Cc1ccc(OC(*)=S)cc1,ei,6.035364612046202
4722,*CCNc1ccc(*)s1,eps,3.623274597203478
4723,*CCCCCC(*)CCCCCCCCCCCCCC,egc,6.451857811812722
4724,*C(C*)(C(=O)OCc1c(ccc(c1)F)F)C,tg,52.57800535948444
4725,*Oc1ccc(cc1)P(=O)(c1ccc(cc1)*)C,tg,201.9110624743931
4726,*c1ccc(C(F)(F)c2ccc(C(*)(F)F)cc2)s1,egb,3.1855335550511623
4727,*c1cc2c(C(=O)N(C2=O)c2c3c(ccc2)c(ccc3)Oc2ccc(cc2)N2C(=O)c3c(C2=O)cc(cc3)C(=O)Nc2c3c(ccc2)c(ccc3)NC(=O)*)cc1,tg,294.2803850832866
4728,*Oc1c(cc(cc1C)c1cc(c(c(c1)C)Oc1ccc(cc1)C(=O)c1cc2c(cc1)cc(cc2)C(=O)c1ccc(cc1)*)C)C,tg,224.40595707591444
4729,*Cc1ccc(Nc2ccc(*)cc2)cc1,eps,3.9526939741693363
4730,*Oc1ccc(cc1)C(c1cc(ccc1)C(c1ccc(cc1)Oc1ccc(cc1)C(=O)Nc1ccc(cc1)NC(=O)c1ccc(cc1)*)(C)C)(C)C,tg,160.54284028857626
4731,*C(C*)c1ccc(cc1)[Si](O)(C)C,tg,133.00145714342887
4732,*O[Sn](OC(=O)CCCCC(=O)*)(CCCC)CCCC,tg,12.156425132047294
4733,*C(=S)Oc1ccc(-c2ccc(*)s2)s1,ei,5.633719417755856
4734,*CCCCCCCCCCCCc1nnc(*)o1,egc,6.430717798482621
4735,*NC1CCC(CC(C)(C)NC(=O)CCCCC(*)=O)CC1,egc,5.761617772379347
4736,*C(=S)C(=O)CCNc1ccc(C(=S)c2ccc(*)cc2)cc1,eea,3.1511362788122796
4737,*C(C*)(C(=O)OCc1c(cccc1)Cl)C,tg,40.33341200868855
4738,*NC(C(=O)*)CCC(=O)OCCC,tg,-32.42862080109668
4739,*C(C(*)c1ccc(cc1)N(C)C)c1ccc(cc1)[N+](=O)[O-],tg,114.11889203795215
4740,*c1nc2c(nc1)cc(cc2)c1ccc2c(nc(cn2)c2ccc(cc2)Oc2ccc(cc2)*)c1,tg,252.14371369148432
4741,*CCS(=O)(=O)CCN1CCN(*)CC1,egc,4.937724091572526
4742,*C1C(CC(C1)C=C*)[Si](C[Si](C)(C)C)(C)C,tg,115.22462444498534
4743,*CC(C)(CC)C(=O)N*,egc,5.525639733871553
4744,*Nc1cc(ccc1)NC(=O)c1ccc(cc1)C(=O)*,tg,271.70794628968537
4745,*c1oc(cc1)C(c1oc(cc1)CNC(=O)OCc1oc(cc1)COCc1oc(cc1)COC(=O)NC*)(C)C,tg,55.776962855300695
4746,*CC(*)c1cc(Br)ccc1OC(C)C,egc,3.3710129441266328
4747,*NC(=S)c1ccc(O*)s1,eea,3.0308101572882586
4748,*c1ccc(Oc2ccc(-c3cnc4ccc(-c5ccc6ncc(*)nc6c5)cc4n3)cc2)cc1,egc,3.3512282843418495
4749,*CCCCCCCCCC#CC#CCCCCCCCCCOC(=O)CCC(=O)O*,egc,5.476198765239399
4750,*Cc1ccc(-c2ccc(C(*)=S)cc2)cc1,ei,5.749763106573834
4751,*Oc1ccc(Cc2ccc(OC(=O)c3cccc(C(*)=O)c3)cc2)cc1,egc,3.8184780464197785
4752,*C(C*)c1c(cccc1)C(=O)OCCC,tg,109.0284011109649
4753,*OC(=O)c1cc(ccc1)C(=O)OCCN(CC*)c1ccc(cc1)N=Nc1ccc(cc1)c1nc2c(n1CC)cc(cc2)[N+](=O)[O-],tg,144.73629000890668
4754,*Oc1c(cc(cc1)OC(=O)c1cc(ccc1)Sc1ccc(cc1)OC(=O)c1ccc(cc1)C(=O)Oc1ccc(cc1)Sc1cc(ccc1)C(=O)*)c1ccccc1,tg,147.2412893381468
4755,*c1ccc(NC(F)(F)C(*)(F)F)s1,eps,4.130638452084852
4756,*Oc1ccc(-c2ccc(-c3ccc(*)cc3)cc2)cc1,nc,1.931256800455135
4757,*CNCC(=S)*,egc,3.2639643998185113
4758,*Oc1ccc(cc1)CC(NC(=O)CCc1ccc(cc1)OC(=O)COCC(=O)*)C(=O)OC,tg,77.66651853141295
4759,*C(C*)(C(=O)OCC(C1CC(C1)(c1ccccc1)C)O)C,tg,122.07060521752528
4760,C13C(C=*)OC(C=*)C1C(=O)N(C2=CC=CC=C2)C3=O,egc,4.8621931814097135
4761,*c1ccc(C#Cc2cc(OCCCCCCCC)c(C#Cc3ccc(-c4nnc(*)o4)cc3)cc2OCCCCCCCC)cc1,egc,2.988966826534652
4762,*Oc1ccc(cc1)C(=Nc1ccc(cc1)N=C(c1ccc(cc1)Oc1ccc(cc1)C(c1ccc(cc1)*)(c1ccccc1)c1ccccc1)C)C,tg,170.19862598057807
4763,*Nc1c(cc(cc1)NC(=O)c1ccc(cc1)NC(=O)CCCCCCCCCCCCC(=O)Nc1ccc(cc1)C(=O)*)C(=O)OCCCCCCCCCCCC,tg,215.49311864119196
4764,*c1ccc(C(=O)Oc2ccc(-n3c(=O)c4cc5c(=O)n(*)c(=O)c5cc4c3=O)cc2)cc1,egc,2.1812724344103103
4765,*c1oc(nn1)c1ccc(cc1)C1(c2c(C(=O)O1)cccc2)c1ccc(cc1)*,tg,309.1284018760373
4766,*OC(=O)c1cc(ccc1)C(C(C(c1cc(ccc1)C(=O)OCC(C(C(C*)(F)F)(F)F)(F)F)(F)F)(F)F)(F)F,tg,29.36057691239307
4767,*C=CCC(C*)c1ccccc1,tg,56.16241118130659
4768,*C(C*)OCCCCCCCOc1ccc(cc1)c1ccc(cc1)C#N,tg,23.710482632629304
4769,*C(C*)CCCCCCCCCC,tg,-35.604978146950515
4770,*OC(COC(=O)*)COc1ccccc1,tg,38.991797957248686
4771,*Oc1ccc(cc1)C(c1ccc(cc1)OCC(COC(=O)CCCCCCC(=O)OCC(C*)O)O)(C)C,tg,23.90273055764513
4772,*Oc1ccc(NC(=O)Nc2ccc(Cc3ccc(NC(*)=O)cc3)cc2)cc1C,egc,4.5256474359911
4773,*Oc1cccc2c(OC(=O)Oc3ccc(OC(*)=O)cc3)cccc12,egc,4.029854948760432
4774,*Oc1ccc(cc1)Oc1ccc(cc1)Oc1ccc(cc1)C(=O)c1ccc(cc1)*,tg,173.13764481492902
4775,*CNC(=S)O*,eea,1.9795627294084823
4776,*C=Cc1cc(CCCCCCCCCC)c(C=Cc2ccc(*)cc2)cc1CCCCCCCCCC,egc,2.383450908944452
4777,*Nc1cc(ccc1)NC(=O)CCCCC(=O)Nc1cc(ccc1)NC(=S)NC(=O)CCCCCCCCC(=O)NC(=S)*,tg,161.62095919999115
4778,*Nc1ccc(NC(*)=S)s1,ei,4.9596656342511665
4779,*Oc1ccc(cc1)OC(=O)c1ccc(cc1)OCC(COC(=O)CCCCCCCCC(=O)OCC(C*)O)O,tg,25.607408300958234
4780,*C#CC(CO)=C(*)n1c2ccccc2c2ccccc21,egc,2.677572654447798
4781,*C(C*)C(=O)OCCCCOc1ccc(cc1)N=Nc1ccc(cc1)[N+](=O)[O-],tg,48.800132034921646
4782,*c1ccc(C(C#N)(C#N)C(*)(C#N)C#N)cc1,egc,4.097238211344939
4783,*CC(=O)c1ccc(O*)cc1,eps,4.053830729111984
4784,*C(=O)c1ccc2c(c1)C(=O)N(c1cccc(Nc3nc(Nc4cccc(N5C(=O)c6ccc(*)cc6C5=O)c4)nc(-c4ccccc4)n3)c1)C2=O,egc,2.691958513049849
4785,*[Si](CCC*)(c1ccc(cc1)N(C)C)c1ccccc1,tg,38.738402257018954
4786,*Oc1c(cc(cc1OC)/C=C/c1ccc(cc1)/C=C/c1cc(c(c(c1)OC)OCCCCCCCCCCCC*)OC)OC,tg,72.679349737736
4787,*CCOCCOCCOC(=O)C(=O)O*,egc,5.682812725796225
4788,*C(F)(F)C(C=C1)=CC=C1C(F)(F)C(S2)=CC=C2*,egc,3.557357793110868
4789,*NC(=S)C(C=C1)=CC=C1O*,egc,3.4083590214783235
4790,*N1C(=O)c2c(C1=O)cc(cc2)c1ccc(cc1)c1cc2c(C(=O)N(C2=O)CCCCCCCC*)cc1,tg,117.33492472165483
4791,*NNC(=O)C=CC(=O)Nc1cc(ccc1)C=C1C(=O)C(=Cc2cc(ccc2)NC(=O)C=CC(=O)*)CC1,tg,198.26489308900716
4792,*Nc1ccc(NC(=O)CCCCCCC(*)=O)cc1,egc,4.522692998204613
4793,*Oc1ccc(cc1)C=CC(=O)c1ccc(cc1)Oc1ccc(cc1)C(c1ccc(cc1)*)(C)C,tg,160.2153208515104
4794,*NC(=O)CCCCCCCC(=O)NCC(CCC*)(C)C,tg,68.31153505056312
4795,*N1C(=O)c2c(C1=O)cc(cc2)Oc1cc2c(C(=O)N(C2=O)c2cc(ccc2)Oc2cc(ccc2)*)cc1,tg,219.1021617419046
4796,*C(=O)Nc1cccc(NC(=O)c2ccc3[nH]c(-c4ccc(-c5nc6cc(*)ccc6[nH]5)cc4)nc3c2)c1,egc,3.1764242407208183
4797,*Oc1c(cc(cc1)C(c1cc(c(cc1)OC(=O)*)Cl)(C)C)Cl,tg,158.42723197021195
4798,*CCCCCCCCCCCCNC(=O)CCCCCCCCCCC(=O)N*,egc,5.949629004724001
4799,*Cc1ccc(CC(*)=S)s1,eps,3.731175046339313
4800,*c1cc2c(C(=O)N(C2=O)c2c(cc(c(c2)N2C(=O)c3c(C2=O)cc(cc3)C(=O)*)C)C)cc1,tg,345.71699695542867
4801,*Oc1ccc2cc(C(*)=O)ccc2c1-c1ccccc1,egc,3.422254361243998
4802,*c1ccc(C(C#N)(C(=O)OC)C(*)(C#N)C(=O)OC)cc1,egc,4.749793073620755
4803,*N1C(=O)c2c(C1=O)cc(cc2)NC(=O)Nc1ccc(cc1)NC(=O)Nc1cc2c(C(=O)N(C2=O)c2ccc(cc2)c2nc(cc(c2)c2ccc(cc2)c2ccccc2)c2ccc(cc2)*)cc1,tg,268.1534994473828
4804,*Nc1ccc(C(=O)C(*)=S)cc1,egb,1.4979078274319293
4805,*N1C(=O)c2c(C1=O)cc(cc2)Oc1cc2c(cc1Oc1cc3c(C(=O)N(C3=O)c3ccc(cc3)C(c3ccc(cc3)*)(C(F)(F)F)C(F)(F)F)cc1)cccc2,tg,248.49645943337606
4806,*CC(*)c1cccs1,egc,4.05811336364589
4807,*c1ccc(-n2c(=O)c3cc4c(=O)n(*)c(=O)c4cc3c2=O)c(CP(=O)(OCC)OCC)c1,egc,2.6519098791029654
4808,*C(C*)(C(=O)OCCCCOc1ccc(cc1)C(=O)Oc1ccc(cc1)OC)C,tg,50.47854072666509
4809,*Oc1c(cc(c(c1)OCCOC)OC(=O)c1c(cc(cc1)C(=O)*)c1ccccc1)OCCOC,tg,87.6216473587271
4810,*CCCCCC(=O)O*,nc,1.6460886054083175
4811,*Nc1ccc(-c2ccc(-c3ccc(*)cc3)cc2)cc1,nc,2.034782849602313
4812,*CC(*)C(=O)OCCSCCCC#N,egb,5.153742698111124
4813,*c1ccc2C3(OC(=O)c4ccccc34)c3c(Oc2c1)cc(cc3)OC(=O)c1cc(ccc1)C(=O)O*,tg,274.1868321189456
4814,*Oc1ccc(cc1)NC(=O)c1ccc(cc1)S(=O)(=O)c1ccc(cc1)C(=O)Nc1ccc(cc1)Oc1ccc(cc1)C(c1ccc(cc1)*)(C(F)(F)F)C(F)(F)F,tg,241.4150307817674
4815,*CCc1ccc(C(*)=S)cc1,eea,2.96154669535396
4816,*Oc1ccc(-c2ccc(C(*)=O)cc2)s1,egb,2.54819153260984
4817,*CC(*)OC,egc,6.048178095227932
4818,*CNCCNC(=O)OC*,nc,1.6505468327744972
4819,*Oc1c(cccc1)C(=O)OC(=O)c1c(cccc1)OC(=O)C(C(C(=O)*)C)C,tg,110.29246175886647
4820,*c1ccc(Oc2ccc(N3C(=O)c4ccc(C(=O)c5ccc6c(c5)C(=O)N(c5ncc(*)s5)C6=O)cc4C3=O)cc2)cc1,egc,2.118227458182467
4821,*Oc1ccc(cc1)S(=O)(=O)c1ccc(cc1)Oc1ccc(cc1)C=C1C(=O)C(=Cc2ccc(cc2)Oc2ccc(cc2)S(=O)(=O)c2ccc(cc2)Oc2ccc(cc2)C(c2ccc(cc2)*)(C)C)CCCC1,tg,188.77795280774808
4822,*OC(=O)NC(c1cc(ccc1)C(NC(=O)OCCN(CC*)c1ccc(cc1)N=Nc1ccc(cc1)[N+](=O)[O-])(C)C)(C)C,tg,129.1266244751201
4823,*CC(OC(C)=O)C1C(=O)N(c2ccccc2)C(=O)C1(*)Cl,egc,4.716909742674215
4824,*Oc1ccc(C(C)=Nc2ccccc2N=C(C)c2ccc(*)cc2)cc1,egc,3.2553766907836676
4825,*c1cc2c(C(=O)N(C2=O)N2C(=O)c3c(C2=O)cc(cc3)Sc2ccc(cc2)Sc2ccc(cc2)S*)cc1,tg,224.9090176893671
4826,*CCCC1CCN(C(=O)SSCCCCSSC(=O)N2CCC(*)CC2)CC1,egb,4.710901600959875
4827,*CC(*)(C)C(=O)OC1(C)CCOC(=O)C1,egc,6.157968298740671
4828,*c1oc(nn1)c1ccc(cc1)Oc1ccc(cc1)C=Cc1ccc(cc1)Oc1ccc(cc1)*,tg,215.63392234454508
4829,*C(C*)(C(=O)Oc1cc(c(cc1)C(=O)c1ccccc1)O)C,tg,109.82875973584352
4830,*Oc1cc(ccc1)*,tg,92.62390881004214
4831,*C1CC2CC(CC(C1)O2)OC(=O)Nc1ccc(cc1)Cc1ccc(cc1)NC(=O)O*,tg,181.3491762900373
4832,*C(=S)C(F)(F)c1ccc(C(*)(F)F)s1,ei,6.806617382713656
4833,*CNCN*,eps,3.671463807214094
4834,*N1C(=O)c2c(C1=O)cc(cc2)C(=O)Oc1cc2c(cc1)ccc(c2)OC(=O)CCCCC*,tg,98.46449425164329
4835,*CCc1ccc(-c2ccc(*)s2)cc1,eps,3.842462217572298
4836,*COC(=O)OCC1OC(OCC)OC1*,egc,6.7514630451843125
4837,*Oc1c(cc(c(c1)C)C(c1c(cc(c(c1)C(C)C)Oc1ccc(cc1)C(=O)c1ccc(cc1)*)C)c1c(cccc1)C(=O)O)C(C)C,tg,217.98427379444155
4838,*OC(=O)NNC(=O)CCCCCCCCC(=O)NNC(=O)OCCCCCCCCCC*,tg,35.162382795513736
4839,*c1c(nc2c(c1c1ccccc1)cc(cc2)Oc1cc2c(nc(c(c2c2ccccc2)c2ccc(cc2)*)c2ccccc2)cc1)c1ccccc1,tg,323.168074633512
4840,*c1ccc(C(=O)Oc2ccc3ccc(OC(=O)c4ccc(N5C(=O)CC(SCCOCCSC6CC(=O)N(*)C6=O)C5=O)cc4)cc3c2)cc1,egc,3.3372369395154564
4841,*C(C*)(C(=O)OC1(CN(CCC1)c1ccc(cc1)N=Nc1ccc(cc1)C=C(S(=O)(=O)C)C#N)C)C,tg,125.84008667081808
4842,*C(C*)(C(=O)OCCCCC(C(C(C(F)(F)F)(F)F)(F)F)(F)F)C,tg,18.922202343940327
4843,*c1ccc(Oc2ccc(C(=O)c3cccc(C(=O)c4ccc(Oc5ccc(-n6c(=O)c7cc8c(=O)n(*)c(=O)c8cc7c6=O)cc5)cc4)c3)cc2)cc1,egc,2.616087261902838
4844,*OCCOCCOc1cc(*)nc2ccc(C)cc12,egc,4.160966119031148
4845,*CC(=O)OC(=O)COc1ccc(C(C)(C)c2ccc(O*)cc2)cc1,egc,4.729890423801558
4846,*Oc1ccc(C(F)(F)C(*)(F)F)cc1,ei,7.0690981055815865
4847,*Cc1ccc(Oc2ccc(*)s2)s1,egb,4.083299898089042
4848,*c1ccc(Oc2cccc(Oc3ccc(-n4c(=O)c5cc6c(=O)n(*)c(=O)c6cc5c4=O)cc3)c2)cc1,egc,2.777232951794729
4849,*CCCN1C(=O)C2C3C=CC(C4C(=O)N(*)C(=O)C34)C2C1=O,egc,4.877467126284868
4850,*CC(*)(F)C(=O)OCC(F)(F)C(F)(F)C(F)(F)F,egc,6.79074560244564
4851,*CC(*)C(N)=O,egc,6.254536044910557
4852,*N1C(=O)c2c(C1=O)cc(cc2)C(=O)Oc1ccc(cc1)C1(CCCCC1)c1ccc(cc1)OC(=O)CCCCCCCCCCC*,tg,112.50183590386192
4853,*c1nc2c(nc1c1ccccc1)cc(cc2)Oc1cc2c(nc(c(n2)c2ccccc2)c2ccc(cc2)Oc2ccc(cc2)*)cc1,tg,325.90853093730226
4854,*Nc1ccc(OC(*)=S)s1,egb,2.9738748441838756
4855,*Oc1ccc(C=Nc2ccc(N=Cc3ccc(Oc4ccc(C(c5ccccc5)(c5ccccc5)c5ccc(*)cc5)cc4)cc3)cc2)cc1,egc,3.316528706996399
4856,*c1cc2c(C(=O)N(C2=O)c2cc(ccc2)C=CC(=O)OCCOC(=O)*)cc1,tg,183.96531470735667
4857,*Nc1cc(ccc1)NC(=O)c1ccc(cc1)C(=O)Nc1cc(ccc1)NC(=S)NC(=O)CCCCC(=O)NC(=S)*,tg,251.03300609234864
4858,*N(c1ccc(cc1)c1cc2ccc3c(c2cc1c1ccc(cc1)*)cccc3)c1ccc(cc1)C,tg,286.7486270167564
4859,*Nc1ccc(cc1)NC(=O)CCCCCC(=O)*,tg,134.03727616016934
4860,*c1nc2c(nc1)ccc(c2)c1ccc2c(nc(cn2)c2ccc(cc2)Oc2ccc(cc2)Oc2ccc(cc2)Oc2ccc(cc2)*)c1,tg,232.71159011230108
4861,*SC(*)(F)F,tg,54.89995328460723
4862,*C(C*)c1ccc(cc1)COc1ccc(cc1)c1ccc(cc1)C#N,tg,134.10704015561714
4863,*NC(=S)C(=O)O*,ei,6.512124437133561
4864,*OC1C(C)(C)C(*)C1(C)C,egc,5.741203009940445
4865,*C(=S)C(F)(F)c1ccc(C(*)(F)F)s1,nc,1.851956801864465
4866,*CCC(=O)O*,eea,1.0758319925470572
4867,*c1ccc(-c2ccc(C(=S)c3ccc(*)s3)s2)cc1,eea,3.773984857683609
4868,*C(C*)c1ccc(cc1)C(CCN1CCCCC1)O,tg,48.44262214468557
4869,*CNCc1ccc(*)cc1,eea,1.1873341204387367
4870,*C(CC(C*)c1ccc(cc1)OC(=O)C)(C#N)C#N,tg,123.34714926486878
4871,*CCCCCCC(=O)N*,ei,6.705002487169228
4872,*Nc1ccc(C(=O)C(*)=S)s1,nc,2.407530680858764
4873,*N1C(=O)c2c(C1=O)cc(cc2)Oc1cc2c(cc1Oc1cc3c(C(=O)N(C3=O)c3c(cc(cc3C)c3cc(c(c(c3)C)*)C)C)cc1)cccc2,tg,326.0384907519473
4874,*C(C(CC*)Cl)Cl,tg,-2.0420647624577177
4875,*c1cc(OCCCCCCCCCC)cc(-c2nc3cc4sc(*)nc4cc3s2)c1,egc,3.3836208135563552
4876,*Nc1cc(ccc1)NC(=O)c1cc(ccc1)C(=O)Nc1cc(ccc1)NC(=S)NC(=O)CCCCCCCCC(=O)NC(=S)*,tg,220.86883016548657
4877,*CC(=O)C(=S)c1ccc(*)cc1,ei,6.413346241522547
4878,*C(C*)C(=O)c1ccc(cc1)Cl,tg,70.55953201147545
4879,*O[Si](COC(=O)CCCCCCCCC(=O)Oc1ccc(cc1)S(=O)(=O)c1ccc(cc1)Oc1ccc(cc1)C=C1C(=O)C(=Cc2ccc(cc2)Oc2ccc(cc2)S(=O)(=O)c2ccc(cc2)OC(=O)CCCCCCCCC(=O)OC[Si](*)(C)C)CC1)(C)C,tg,80.26630069926972
4880,*CC(COC)O*,egc,5.653298487565674
4881,*CC(*)(C)C(=O)OCCOCCO,egc,5.931244638084279
4882,*C(C*)P(=O)(N(C)C)N(C)C,tg,55.91872460327347
4883,*CCc1ccc(O*)s1,nc,1.7718783691696096
4884,*C(=C*)C(CCCCC)[Si](C)(C)C,tg,146.34773959630104
4885,*OCCCC*,tg,11.756763585895312
4886,*c1c(nnc(n1)c1nc(ccc1)c1nc(c(nn1)c1ccccc1)c1ccc(cc1)Oc1ccc(cc1)*)c1ccccc1,tg,250.68106385531252
4887,*OC(F)(F)c1ccc(C(*)(F)F)cc1,egb,4.661686711158528
4888,*N1C(=O)c2c(C1=O)cc(cc2)Oc1cc2c(C(=O)N(C2=O)c2ccc(cc2)C(c2ccc(cc2)*)(c2ccccc2)C(F)(F)F)cc1,tg,314.6594171965858
4889,*OC(CC(=O)*)CCc1ccccc1,tg,23.754556606403387
4890,*N1C(=O)c2c(C1=O)cc(cc2)Oc1ccc(cc1)C(c1ccc(cc1)Oc1cc2c(C(=O)N(C2=O)c2cc(ccc2)P(=O)(c2cc(ccc2)*)c2ccccc2)cc1)(C)C,tg,221.09081664988508
4891,*N1C(=O)C(CC1=O)SCCCCCSC1C(=O)N(C(=O)C1)c1ccc(cc1)C(=O)OCC(NC(=O)c1ccc(cc1)*)CC,tg,140.13445246861943
4892,*c1ccc(-c2ccc(-c3ccc(-c4ccc(*)s4)cc3)cc2)cc1,egb,2.3598798814840887
4893,*NC(C)C(C)C(*)=O,egc,5.488826958719849
4894,*c1sc(cc1CC(=O)OCCN(c1ccc(cc1)N=Nc1ccc(cc1)[N+](=O)[O-])CC)*,tg,84.73612096224088
4895,*CCCCOC(=O)C1CCC(C(=O)O*)CC1,egc,6.703443264031548
4896,*CCCCCCCCCCCCNC(=O)CCCCCCCCCCCCCCCCC(=O)N*,egc,5.876509431512338
4897,*C1CCC1*,egc,6.198700784598033
4898,*OC(=O)C(=O)OCCOCC*,tg,-7.808512688102986
4899,*Oc1ccc(cc1)C1(CCCCC1)c1ccc(cc1)OC(=O)c1cc(ccc1)C(=O)*,tg,224.26118941950992
4900,*C#CC#Cc1ccc(*)s1,egc,2.621929111050056
4901,*Oc1ccc(cc1)S(=O)(=O)c1ccc(cc1)Oc1ccc(cc1)NC(=O)c1cc(cc(c1)NC(=O)c1ccncc1)C(=O)Nc1ccc(cc1)*,tg,280.2208776912319
4902,*CC(=O)c1ccc(O*)s1,eps,4.4102188586222075
4903,*Oc1ccc(cc1)C1(c2ccccc2c2ccccc12)c1ccc(cc1)OCC(COC(=O)C1CCC(CC1)C(=O)OCC(C*)O)O,tg,155.6339126528342
4904,*c1ccc2c3n(c4ccc(cc4n3)c3cc4n5c(nc4cc3)c3cccc4c(ccc(c5=O)c34)Oc3c(cccc3)c3c(cccc3)O*)c(=O)c3cccc1c23,tg,393.6093734576845
4905,*Oc1cc(ccc1)NC(=O)CCCCCCC(=O)Nc1cc(ccc1)OCC(COc1ccc(cc1)C(c1ccc(cc1)OCC(C*)O)(C)C)O,tg,89.92276351959956
4906,*Oc1ccc(cc1)C(c1ccc(cc1)Oc1ccc(cc1)C(=O)c1cc(ccc1)C(=O)c1ccc(cc1)*)(C)C,tg,160.10544449359256
4907,*Oc1c(cc(cc1)c1ccc(cc1)c1cc(c(cc1)Oc1ccc(cc1)C(c1ccc(cc1)*)(C(F)(F)F)C(F)(F)F)C(F)(F)F)C(F)(F)F,tg,190.34362156316166
4908,*C(=O)NCCCCCCNC(=O)c1ccc(*)o1,egc,4.242355021085434
4909,*NNC(=O)c1c(cc(cc1)C(=O)*)OCCCCCCCCCC,tg,182.1461376043549
4910,*OS(=O)(=O)c1c(ccc(c1)S(=O)(=O)Oc1c(cc(cc1)C1(CCCCC1)c1cc(c(cc1)*)C)C)C,tg,156.51898446733563
4911,*C(C*)C(=O)c1cc(c(cc1)C)C,tg,79.90011810252913
4912,*C(=O)NC(=O)OC(=O)NCN*,egc,5.892121125782245
4913,*Oc1ccc(cc1)CC1(c2ccccc2c2ccccc12)Cc1ccc(cc1)*,tg,216.98106455632671
4914,*C1C2C(C(C1)CC*)C1C(CC2C1)C,tg,196.0522997631581
4915,*CC(*)c1cc(O)ccc1O,egc,3.5849160068652166
4916,*Oc1c(C)cc(C(C)(C)c2cc(C)c(OC(*)=O)c(C)c2)cc1C,egc,4.8736244875052535
4917,*CCOCCOC(=O)CCCCS(=O)(=O)CCCCC(=O)O*,egc,6.4501248186031255
4918,*CC(O)CN(*)c1ccc(N=Nc2ccc(C(=O)O)cc2)cc1,egc,2.7859554796780177
4919,*C(=C*)C([Si](CCCCCC)(C)C)CCC,tg,65.77896486086522
4920,*Nc1ccc(C(=O)O*)s1,nc,2.0283293617927862
4921,*Oc1ccc(cc1)Oc1ccc(cc1)OCCCCCCOC(=O)OCCCCCCOC(=O)OCCCCCC*,tg,-15.310889700429279
4922,*Oc1c(cc(cc1)Oc1ccc(cc1)C(=O)c1ccc(cc1)*)S(=O)(=O)O,tg,191.33324261380307
4923,*C1C2C(C(=O)N(C2=O)c2c(cccc2)F)C(C1)C=C*,tg,221.72175625778283
4924,*NOC(=O)O*,egc,5.568058142660691
4925,*c1ccc(-c2ccc(C(=S)c3ccc(*)s3)s2)cc1,nc,2.7909120744323763
4926,*OC(F)(F)CC(*)(F)F,eea,1.1391906862122123
4927,*CC(C)(CCC)C(=O)N*,egc,5.46461097126272
4928,*N=Nc1ccc(NC(=O)CCC(=O)Nc2ccc(*)cc2)cc1,egc,3.5721166704138954
4929,*C(C*)C(=O)c1ccc(cc1)C,tg,66.1689632922398
4930,*C(C*)(C(=O)OCCOc1ccc(cc1)N=Nc1ccc(cc1)OC)C,tg,102.649374179206
4931,*C(C*)c1ccc(cc1)CCCCCCCCC,tg,-41.553111143299645
4932,*CC(*)C(=O)NCCO,egc,5.612432468864398
4933,*c1nc2c([nH]1)ccc(c2)*,tg,301.83065572552147
4934,*[Si](C*)(CCCCCC)CCCCCC,tg,-61.8466982594055
4935,*N(CC*)C(=O)C,tg,56.581184795592584
4936,*N1C(=O)c2c(C1=O)cc(cc2)Oc1ccc(cc1)C(c1ccc(cc1)Oc1cc2c(C(=O)N(C2=O)c2ccc(cc2)c2cc(c(cc2)Oc2cc3c(C(CC3(c3ccc(cc3)Oc3c(cc(cc3)c3ccc(cc3)*)C(F)(F)F)C)(C)C)cc2)C(F)(F)F)cc1)(C)C,tg,253.77360919277962
4937,*C(C*)OCCCCCCCCCCCOc1ccc(cc1)C(=O)Oc1ccc(cc1)OCC,tg,23.463389866760185
4938,*Oc1cc(ccc1)NC(=O)CCCCCCCCCCC(=O)Nc1cc(ccc1)OCC(COc1ccc(cc1)C(c1ccc(cc1)OCC(C*)O)(C)C)O,tg,84.64965161450836
4939,*OC(=O)OCC(C*)OCCOc1ccc(cc1)C=Cc1ccc(cc1)[N+](=O)[O-],tg,62.78564309271823
4940,*Oc1ccc(NC(=O)c2cc(C(=O)Nc3ccc(Oc4ccc(C5(c6ccc(*)cc6)CC6CCC5C6)cc4)cc3)cc(C(C)(C)C)c2)cc1,egc,3.7186264734489862
