id,smiles,target_type,pred
1,*CCCCCCCCc1nc2cc3sc(*)nc3cc2s1,egc,4.261236826578776
2,*c1cc(CCCCCCCCC)c(*)s1,egc,2.692271868387858
3,*c1c(nc2c(c1c1ccccc1)cc(cc2)Oc1cc2c(nc(c(c2c2ccccc2)c2ccc(cc2)c2ccc(cc2)*)c2ccccc2)cc1)c1ccccc1,tg,335.31102498372394
4,*O[Si](O[Si](O[Si](CCC(C(C(C(C(C(CC[Si](*)(CCC(F)(F)F)C)(F)F)(F)F)(F)F)(F)F)(F)F)(F)F)(CCC(F)(F)F)C)(CCC(F)(F)F)C)(CCC(F)(F)F)C,tg,-38.1032969156901
5,*CC(O)COc1ccc(S(=O)(=O)c2ccc(O*)c(C)c2)cc1C,egc,4.168916543324788
6,*CC1CCC(COC(=O)CCCCCCCC(=O)O*)CC1,egc,6.716573079427083
7,*C(=O)N(*)CCCCCCCCC=C,egc,4.462457815806071
8,*OC(=O)c1ccc(cc1)c1ccc(cc1)C(=O)OCC(C*)(CC)C,tg,47.834912618001304
9,*N1C(=O)c2c(C1=O)cc(cc2)Oc1cc2c(C(=O)N(C2=O)CCCCCCOC(=O)c2cc(cc(c2)OCCCCCCOc2ccc(cc2)N=Nc2ccc(cc2)C#N)C(=O)OCCCCCC*)cc1,tg,79.11655934651692
10,*N=P(*)(Oc1ccc(cc1)c1ccccc1)Oc1ccc(cc1)c1ccccc1,tg,46.605054219563804
11,*C1COC2C1OCC2OC(=O)c1cc(ccc1)OCCCCCCCCCCOc1cc(ccc1)C(=O)O*,tg,39.45843251546224
12,*O[Si](*)(CCCCCCCCCCCn1c2ccccc2c2ccccc12)C,tg,-26.140777587890625
13,*c1cc2c(C(=O)N(C2=O)c2ccc(cc2)Oc2c(cccc2)c2c(cccc2)Oc2ccc(cc2)N2C(=O)c3c(C2=O)cc(cc3)C(*)(C(F)(F)F)C(F)(F)F)cc1,tg,252.1987508138021
14,*c1c(cc(cc1)*)C(=O)c1ccccc1,tg,197.84383646647134
15,*CNc1ccc(O*)s1,egb,3.892895062764486
16,*c1cc2c(C(=O)N(C2=O)c2cc(ccc2)S(=O)(=O)c2cc(ccc2)N2C(=O)c3c(C2=O)cc(cc3)C(=O)*)cc1,tg,259.4242757161458
17,*Cc1ccc(OC(*)=S)s1,egb,3.434528191884359
18,*Oc1c(cc(cc1C)c1cc(c(c(c1)C)OC(=O)CCCCCC(=O)*)C)C,tg,88.95286814371745
19,*CCCOC(=O)CCCCCCCCOC(=O)CCCOC(=O)CCCCCCCCOC(*)=O,eps,3.237611929575602
20,*c1ccc(C(F)(F)c2ccc(C(*)(F)F)cc2)cc1,ei,6.538576126098633
21,*C(C*)OCCCCCC,tg,-72.04294331868489
22,*Oc1ccc(cc1)CC(NC(=O)CCc1ccc(cc1)OC(=O)CCCCC(=O)*)C(=O)OC(C)C,tg,60.284584045410156
23,*CC(*)c1cc(Cl)ccc1Cl,egc,2.776900291442871
24,*C(=O)C(C=C1)=CC=C1C(=O)C(=S)*,egc,2.921030839284261
25,*C(C*)(C(=O)OCc1ccc2n(c3c(c2c1)cccc3)CCCCCCCCCCCCCC)C,tg,22.739095052083332
26,*c1oc(nn1)c1ccc(cc1)C(=O)OCCCCCCCCCCOc1ccc(cc1)C=C1C(=O)C(=Cc2ccc(cc2)OCCCCCCCCCCOC(=O)c2ccc(cc2)*)CCCC1,tg,79.59129842122395
27,*Cc1ccc(C*)cc1,eea,1.3330403963724773
28,*Oc1ccc(cc1)C1(CCCC1)c1ccc(cc1)OC(=O)*,tg,146.9919230143229
29,*Oc1ccc(cc1)CC(NC(=O)CCc1ccc(cc1)OC(=O)CCCCCCC(=O)*)C(=O)OCC(C)C,tg,43.976514180501304
30,*NC(=O)C(S1)=CC=C1C(=O)*,egc,3.8065198262532554
31,*OC(*)C,egc,6.136234760284424
32,*N(CC*)C(=O)CC,tg,31.212603251139324
33,*C(C*)(C(=O)OCCCCCCOc1ccc(cc1)C(=O)Oc1ccc(cc1)C#N)C,tg,67.04793548583984
34,*Sc1ccc(*)cc1,egc,4.08835236231486
35,*Oc1ccc(-c2ccc(-c3ccc(*)s3)s2)s1,eea,2.1429243882497153
36,*C(F)(F)C(F)(F)CC(=O)*,egc,5.263871033986409
37,*Oc1cc2c(C(CC32CC(c2ccc(cc32)OC(=O)c2cc(ccc2)C(=O)*)(C)C)(C)C)cc1,tg,262.06410725911456
38,*N1C(=O)C(CC1=O)Nc1ccc(cc1)Cc1ccc(cc1)NC1C(=O)N(C(=O)C1)c1c(cc(cc1C)C(c1cc(c(c(c1)C)*)C)c1cnccc1)C,tg,225.03369140625
39,*c1nc(nc(c1c1ccc(cc1)OC)OCCOC(=O)CCCC(=O)OCCO*)c1ccc(cc1)OC,tg,39.770912170410156
40,*C(C*)(C(=O)Oc1ccc(cc1)C(=O)C=Cc1ccc(cc1)Cl)C,tg,118.5697504679362
41,*OC(=O)C(C(=O)OCCOCC*)CCCCCCCCC,tg,-50.979339599609375
42,*C(=O)C(=S)OC(=S)*,egc,2.4127702713012695
43,*CNC(=O)CC(=O)N*,egc,5.698793888092041
44,*CCCCCc1ccc(CCCCCOC(=O)c2ccc(C(=O)O*)cc2)cc1,egc,4.70945405960083
45,*Nc1ccc(cc1)Cc1ccc(cc1)NC(=O)CCCCCCCC(=O)*,tg,115.27963002522786
46,*c1sc(nn1)c1cc(ccc1)OC(=O)CCCCCCCCC(=O)Oc1cc(ccc1)C=C*,tg,26.940165201822918
47,*c1cc(C(c2ccc(O)c(-n3c(=O)c4cc5c(=O)n(*)c(=O)c5cc4c3=O)c2)(C(F)(F)F)C(F)(F)F)ccc1O,egc,2.5803884665171304
48,*N=P(*)(OCCOCCOCCOC)OCCOCCOCCOC,tg,-77.16822814941406
49,*c1ccc(*)c(CCCCCC)n1,egc,4.410170078277588
50,*c1ccc(C(F)(F)C(=O)C(*)(F)F)s1,nc,1.8192390998204548
51,*N1C(=O)c2c(C1=O)cc(cc2)c1cc2c(C(=O)N(C2=O)c2cc(ccc2)C(=O)Nc2cc(ccc2)S(=O)(=O)c2cc(ccc2)NC(=O)c2cc(ccc2)*)cc1,tg,262.32309977213544
52,*C(=O)OCCCCCCCCOC(=O)c1ccc(NC(=O)c2ccc(N3C(=O)c4ccc(*)cc4C3=O)cc2)cc1,egc,3.0893379847208657
53,*c1ccc2nc3c4cccc5c6nc7ccc(*)cc7nc6c6cccc(c3nc2c1)c6c45,egc,3.084666093190511
54,*C(C*)Cc1c(cccc1)C,tg,116.8453369140625
55,*c1ccc(-c2ccc(N3C(=O)c4ccc(-c5ccc6c(c5)C(=O)N(*)C6=O)cc4C3=O)c(C)c2)cc1C,egc,3.0116485754648843
56,*c1ccc(CC(F)(F)C(*)(F)F)s1,egb,4.400931040445964
57,*CCCCNC(=O)C(OC)C(OC)C(=O)N*,egc,5.645171324412028
58,*Oc1ccc(cc1)c1ccc(cc1)OC(=O)c1c(cc(cc1)c1ccc(cc1)C(=O)*)c1ccccc1,tg,153.6175740559896
59,*N1C(=O)c2c(C1=O)cc(cc2)Oc1ccc(cc1)C1(CCC(CC1)c1ccccc1)c1ccc(cc1)Oc1cc2c(C(=O)N(C2=O)c2ccc(cc2)Oc2cc(c(cc2)c2c(cc(cc2)Oc2ccc(cc2)*)C)C)cc1,tg,243.09209187825522
60,*CCCCOC(=O)CCC(C)CC(=O)O*,egc,6.785943984985352
61,*Nc1ccc(-c2ccc(C(*)=S)cc2)s1,nc,2.2132895787556968
62,*c1cc2c(C(=O)N(C2=O)c2ccc(cc2)Sc2ccc(cc2)Oc2ccc(cc2)Sc2ccc(cc2)N2C(=O)c3c(C2=O)cc(cc3)C(=O)Nc2ccc(cc2)Oc2cc(ccc2)Oc2ccc(cc2)NC(=O)*)cc1,tg,215.97210693359375
63,*OC(C)CCOC(=O)CCCCCCCCC(*)=O,egc,6.757922490437825
64,*NC(=O)C(S1)=CC=C1C(=S)*,egc,2.839064121246338
65,*C=Cc1cc([Si](C)(C)C)c(*)cc1[Si](C)(C)C,egc,2.000275452931722
66,*O[Si](C)(Oc1ccc(*)cc1)c1ccccc1,egc,4.83009131749471
67,*CCNc1ccc(*)s1,ei,4.966880639394124
68,*Nc1ccc(cc1)C(c1ccc(cc1)C(c1ccc(cc1)Nc1ccc(cc1)C(c1ccc(cc1)C(c1ccc(cc1)*)(c1ccccc1)O)(c1ccccc1)O)(C)C)(C)C,tg,149.9015146891276
69,*C1=C(C(=O)N(C1=O)CCCCCCCC)c1ccc(cc1)c1cc2C(c3c(c2cc1)ccc(c3)c1ccc(cc1)*)(CCCCCC)CCCCCC,tg,145.35183715820312
70,*CC(=S)CC(*)=S,egb,2.0658353169759116
71,*c1cc(CCCCBr)c(*)s1,egc,2.333097537358602
72,*c1ccc(-c2ccc(-c3ccc(*)s3)s2)[nH]1,egc,2.525106191635132
73,*Oc1ccc(cc1)CC(NC(=O)Cc1ccc(cc1)OC(=O)COCCOCC(=O)*)C(=O)OCCCCCCCC,tg,22.16193389892578
74,*c1c2c(C(=O)N(C2=O)N2C(=O)c3c(C2=O)c(ccc3)Sc2ccc(cc2)Sc2ccc(cc2)S*)ccc1,tg,274.7341003417969
75,*Nc1cc(ccc1)NC(=O)CCCCC(=O)Nc1cc(ccc1)NC(=S)NC(=O)CCCCC(=O)NC(=S)*,tg,223.13109842936197
76,*CC(*)O,egc,6.010837078094482
77,*CCCCCCCCCCNC(=O)CCCCCCCCCCCCCCCCCCCCC(=O)N*,egc,5.898913383483887
78,*Oc1ccc(cc1)SC(=O)Sc1ccc(cc1)*,tg,128.932248433431
79,*c1cc2c(C(=O)N(C2=O)c2cc(ccc2)Cc2ccc(cc2)Cc2ccc(cc2)N2C(=O)c3c(C2=O)cc(cc3)C(=O)*)cc1,tg,282.7054443359375
80,*c1cccc(-c2nnc(*)n2-c2ccccc2)c1,egc,4.072574615478516
81,*Oc1ccc(cc1)CC(NC(=O)CCc1ccc(cc1)OC(=O)CC(CCC(=O)*)C)C(=O)OCCCC,tg,38.43492126464844
82,*CCCCCCCCc1nnc(-c2cccc(-c3nnc(*)o3)c2)o1,egc,4.759740034739177
83,*N(C(=O)c1c(cc(cc1)C(=O)*)Sc1ccccc1)c1ccccc1,tg,157.2481689453125
84,*OC(=O)c1ccc(cc1)c1ccc(cc1)c1ccc(cc1)C(=O)OCCCCCCCCCC*,tg,36.37091064453125
85,*C(CCC*)(CC)C,tg,82.20133463541667
86,*C(=S)c1ccc(-c2ccc(-c3ccc(*)cc3)s2)cc1,nc,2.2243003845214844
87,*C(C*)(C(=O)OCCCCCCCCCCn1c2ccc(cc2c2ccccc12)N=Nc1c(cc(cc1)[N+](=O)[O-])[N+](=O)[O-])C,tg,38.88785044352213
88,*c1cc2c(C(=O)N(C2=O)c2c(cccc2)C(=O)OCCOC(=O)*)cc1,tg,262.2251383463542
89,*CCCCCCCC(=O)N*,egc,6.028161843617757
90,*CC(*)N1CCCC1=O,egc,5.677270253499349
91,*NC(=O)CCCCCCCCC(=O)NCCCCCC*,tg,49.64399973551432
92,*N=P(*)(Cl)Cl,tg,19.650739034016926
93,*OC(=O)c1ccc(cc1)c1ccc(cc1)C(=O)OCCCCCCCCCCCC*,tg,32.80460866292318
94,*C(=O)NC(=O)CNC(=O)ON*,egc,5.600244522094727
95,*Nc1ccc(C(=O)C(*)=S)s1,eea,3.86553955078125
96,*c1cc(-c2ccccc2)c(*)[nH]1,egc,3.3798261483510337
97,*OC1C(CO)OC(*)C(O)C1O,ei,6.7278618812561035
98,*N1C(=O)C(CC1=O)Nc1ccc(cc1)Cc1ccc(cc1)NC1C(=O)N(C(=O)C1)c1ccc(cc1)Oc1c(cc(cc1C)C(c1cc(c(c(c1)C)Oc1ccc(cc1)*)C)c1cnccc1)C,tg,230.95764668782553
99,*OC(=O)NC(=O)c1cc(ccc1)C(=O)NC(=O)OCC(C*)CCCC,tg,96.32401275634766
100,*Nc1ccc(cc1)c1ccc(cc1)NC(=O)c1ccc(cc1)C(=O)*,tg,304.89735921223956
101,*CC(=O)N*,egb,5.937434196472168
102,*N1C(=O)c2c(C1=O)cc(cc2)Oc1c2c(ccc1)c(ccc2)Oc1cc2c(C(=O)N(C2=O)c2cc(ccc2)*)cc1,tg,267.70702107747394
103,*OC(F)(F)C(=S)C(*)(F)F,egb,3.347086191177368
104,*CCC1CC(*)C2CCCC12,egc,6.70145845413208
105,*Oc1c(cc(cc1C(C)C)*)C(C)C,tg,159.38117472330728
106,*C(=CCC*)Cl,tg,-25.523549397786457
107,*c1c2C(=O)N(C(=O)c2c(c2ccccc12)c1ccc(cc1)Oc1c(cc(cc1)c1sc(cc1)c1cc(c(cc1)Oc1ccc(cc1)*)C(F)(F)F)C(F)(F)F)c1ccccc1,tg,259.2550506591797
108,*CC(=S)CO*,eea,2.5005850791931152
109,*c1cc2c(C(=O)N(C2=O)c2ccc(cc2)OC(COc2ccc(cc2)N2C(=O)c3c(C2=O)cc(cc3)C(*)(C(F)(F)F)C(F)(F)F)CCCCCC)cc1,tg,206.817626953125
110,*c1ccc2c(c1)c1cc(*)ccc1n2CC,egc,3.298100153605143
111,*C(C*)(C(=O)OCCCCCCOc1c(cc(cc1)C(=O)Oc1ccc(cc1)OC)OC)C,tg,58.164571126302086
112,*c1ccc(-c2nc3cc4nc(*)oc4cc3o2)cc1,nc,2.130793809890747
113,*S(=O)(=O)C1C2CCC(C1*)C2,tg,136.18280792236328
114,*C1CC(*)(C#N)C1,egc,7.099626382191976
115,*CC(C)C=C(*)C,egc,5.498298327128093
116,*c1ccc2c3n(c4ccc(cc4n3)c3cc4n5c(nc4cc3)c3cccc4c(ccc(c5=O)c34)Oc3ccc(cc3)S(=O)(=O)c3ccc(cc3)O*)c(=O)c3cccc1c23,tg,409.747802734375
117,*c1cc2c(C(=O)N(C2=O)c2cc(ccc2)Oc2c(c(ccc2)Oc2cc(ccc2)N2C(=O)c3c(C2=O)cc(cc3)C(=O)Nc2cc(ccc2)Oc2c(c(ccc2)Oc2cc(ccc2)Oc2c(c(ccc2)Oc2cc(ccc2)NC(=O)*)C#N)C#N)C#N)cc1,tg,182.99141438802084
118,*C1C2C(ON1C)C(=O)N(C2=O)c1ccc(cc1)N1C(=O)C2C(C(N(O2)C)c2ccc(cc2)OCCCCCCOc2ccc(cc2)*)C1=O,tg,173.89755249023438
119,*c1oc(nn1)c1c2c(c(cc1)Oc1ccc(cc1)C=Cc1ccc(cc1)Oc1c3c(c(cc1)*)cccc3)cccc2,tg,241.97456868489584
120,*N1C(=O)c2c(C1=O)cc(c(c2)c1ccc(cc1)[Si](C)(C)C)c1cc2c(C(=O)N(C2=O)c2ccc(cc2)Oc2ccc(cc2)*)cc1c1ccc(cc1)[Si](C)(C)C,tg,344.99560546875
121,*c1ccc(cc1)C(C(*)(C(=O)OC)C#N)(C(=O)OC)C#N,tg,145.38191731770834
122,*c1ccc(*)c(C(=O)c2ccc(F)cc2)c1,egc,3.69067112604777
123,*Oc1ccc(cc1)c1ccc(cc1)OC(=O)c1c(cc(c(c1)OCCCc1ccccc1)C(=O)*)OCCCc1ccccc1,tg,112.5831298828125
124,*N1C(=O)c2c(C1=O)cc(cc2)Oc1cc2c(C(=O)N(C2=O)C2CC(CC(C2)(C*)C)(C)C)cc1,tg,291.26043701171875
125,*C1COC2C1OCC2OC(=O)Oc1ccc(cc1)OC(=O)c1ccc(cc1)OC(=O)O*,tg,139.77759297688803
126,*OC(=O)CCC(=O)OC1COC2C(*)COC12,egc,6.599087715148926
127,*c1cc2c(C(=O)N(C2=O)c2cc(ccc2)C(C(C(c2cc(ccc2)N2C(=O)c3c(C2=O)cc(cc3)C(C(C(C(C(C(C(*)(F)F)(F)F)(F)F)(F)F)(F)F)(F)F)(F)F)(F)F)(F)F)(F)F)cc1,tg,118.28319040934245
128,*Oc1ccc(SSCCCCCCCCCCSSc2ccc(*)cc2)cc1,egb,3.300221045811971
129,*C1(c2c(C(=O)O1)cccc2)c1ccc(cc1)Oc1ccc(cc1)Oc1c2c(c(cc1)c1c3c(c(cc1)Oc1ccc(cc1)Oc1ccc(cc1)*)cccc3)cccc2,tg,231.6181844075521
130,*NC(=O)NCc1ccc(cc1)CNC(=O)NCCCCCC*,tg,74.96337636311848
131,*C1C(=O)N(C(=O)C1CC*)CCCCCC,tg,86.30997467041016
132,*C(C*)SC,tg,11.492159525553385
133,*OC(C(*)(F)F)(F)F,tg,-123.80677795410156
134,*c1nc2c([nH]1)ccc(c2)c1ccc2c(nc([nH]2)c2ccc(cc2)Nc2nc(nc(n2)Nc2ccc(cc2)*)N(c2ccccc2)c2ccccc2)c1,tg,275.43503824869794
135,*CC(*)(C)C(=O)OCCOCC,egb,6.055864969889323
136,*c1ccc(Oc2ccc(-n3c(=O)c4c(Oc5ccc(OC)cc5)c5c(=O)n(*)c(=O)c5c(Oc5ccc(OC)cc5)c4c3=O)cc2)cc1,egc,2.1068073908487954
137,*N1C(=O)c2c(C1=O)cc(cc2)C(=O)c1cc2c(C(=O)N(C2=O)CCCCCCCCCCC(=O)Nc2ccc(cc2)Oc2ccc(cc2)Oc2ccc(cc2)NC(=O)CCCCCCCCCC*)cc1,tg,137.6975351969401
138,*CCCCCNC(=O)CCCCCCOCCCCCCC(=O)NCCCCCO*,egc,5.7533650398254395
139,*Oc1c2c(ccc1)ccc(c2)Oc1ccc(cc1)NC(=O)c1ccc(cc1)Oc1ccc(cc1)C(c1ccc(cc1)Oc1ccc(cc1)C(=O)Nc1ccc(cc1)*)(c1ccccc1)C,tg,227.16927083333334
140,*c1cc2c(C(=O)N(C2=O)c2ccc(cc2)NC(=O)c2cc(ccc2)N2C(=O)c3c(C2=O)cc(cc3)C(=O)*)cc1,tg,293.40940348307294
141,*N(CC(CCCCC(C*)O)O)c1ccc(cc1)N(C)C,tg,29.867764790852863
142,*S(=O)(=NP(=NP(=N*)(NCCC)NCCC)(NCCC)NCCC)NCCC,tg,-5.041097005208333
143,*C(C*)[Si](Cc1ccccc1)(C)C,tg,164.5084228515625
144,*OC(=O)CCC(=O)OCC(=O)NCCCCCCNC(=O)C*,tg,33.14704386393229
145,*C(=O)c1ccc(C(=O)c2ccc(*)s2)s1,ei,6.898836135864258
146,*OC1C(C(C1(C)C)OC(=O)c1ccc(cc1)C(=O)*)(C)C,tg,156.24493916829428
147,*N1C(=O)c2c(C1=O)cc(cc2)Oc1cc2c(C(=O)N(C2=O)c2ccc(cc2)Oc2cc(ccc2)Oc2ccc(cc2)*)cc1,tg,217.69171142578125
148,*c1sc(-c2cc(CCCCCCCCCC)c(*)s2)cc1CCCCCCCCCC,egc,1.8050604661305745
149,*C1C2CCC(C1*)C2,tg,245.2649943033854
150,*c1cc2c(C(=O)N(C2=O)c2ccc(cc2)C(=O)OCCCCCCCCCCCOC(=O)*)cc1,tg,69.93126169840495
151,*c1cc2c(C(=O)N(C2=O)c2ccc(cc2)Oc2ccc(cc2)N2C(=O)c3c(C2=O)cc(cc3)C(=O)Nc2ccc(cc2)c2ccc(cc2)NC(=O)*)cc1,tg,292.28562418619794
152,*c1nc2c(nc1c1cc3c(cc1)cc(cc3)OC(=O)c1cc(ccc1)C(=O)Oc1cc3c(cc1)cc(cc3)*)cccc2,tg,218.35464477539062
153,*Nc1c(cc(c(c1)[N+](=O)[O-])NC(=O)CCCCC(=O)*)C=Cc1ccc(cc1)N(C)C,tg,187.07877604166666
154,*C(C*)(C(=O)OCCOCC[N+](CCCCS(=O)(=O)O)(CC)CC)C,tg,72.77374013264973
155,*NC(=O)Oc1ccc(*)cc1,eps,4.359756946563721
156,*Nc1cc(ccc1)CCc1ccc(cc1)NC(=O)c1cc(ccc1)C(=O)*,tg,200.77290852864584
157,*N(CC*)C(=O)c1cc2c(cc1)cccc2,tg,142.76068115234375
158,*C(C*)C1CCC(CC1)C(C)(C)C,tg,132.73218282063803
159,*C(C*)c1ccc(cc1)c1ccccc1,tg,141.58248901367188
160,*CC(*)(C)C(=O)OCC,egc,6.303297519683838
161,*Oc1cc(ccc1)OCC(C*)O,tg,62.73831431070963
162,*Oc1c(Cl)cc(C2(c3cc(Cl)c(OC(*)=O)c(Cl)c3)CC3CCC2C3)cc1Cl,egc,3.959028720855713
163,*Nc1ccc(cc1)C(=O)Nc1ccc(cc1)Cc1ccc(cc1)NC(=O)c1ccc(cc1)NC(=O)c1ccc(cc1)[Si](c1ccc(cc1)C(=O)*)(C)C,tg,287.8742167154948
164,*c1ccc(C(c2ccccc2)c2ccc(N3C(=O)c4ccc(S(=O)(=O)c5ccc6c(c5)C(=O)N(*)C6=O)cc4C3=O)cc2)cc1,egc,2.71909507115682
165,*C(*)O,tg,-10.753509521484375
166,*N1C(=O)c2c(C1=O)cc(cc2)Oc1ccc(cc1)Sc1ccc(cc1)Oc1cc2c(C(=O)N(C2=O)c2ccc(cc2)Oc2ccc(cc2)c2ccc(cc2)Oc2ccc(cc2)*)cc1,tg,219.9694061279297
167,*Nc1cc(ccc1)NC(=O)c1cc(cc(c1)NC(=O)C12CC3CC(CC(C1)C3)C2)C(=O)*,tg,350.23533121744794
168,*CCOC(=O)O*,egc,7.00599988301595
169,*C(=S)OC(=S)c1ccc(*)s1,egb,1.832741340001424
170,*N1C(=O)c2c(C1=O)c(ccc2)c1cc2c(C(=O)N(C2=O)c2cc(ccc2)Oc2cc(ccc2)Oc2cc(ccc2)*)cc1,tg,262.0769856770833
171,*c1ccc(-c2ccc(-c3cc(-c4ccccc4)c4cc5nc(*)cc(-c6ccccc6)c5cc4n3)cc2)cc1,egc,2.938303073247274
172,*Oc1ccc(C(*)=O)cc1,egc,4.189963022867839
173,*C(C*)(CC(=O)OCCOCCOCCOC)C(=O)OCCOCCOCCOC,tg,-57.05116271972656
174,*CNC(=O)C(S1)=CC=C1*,egc,4.410058498382568
175,*CCCNC(=O)C(OC)C(OC)C(=O)N*,egc,5.716229438781738
176,*Oc1ccc(cc1)NC(=O)CCCCCCCCCC(=O)Nc1ccc(cc1)*,tg,151.84382120768228
177,*N1C(=O)c2c(C1=O)cc(cc2)C(=O)Oc1ccc(cc1)c1ccc(cc1)OC(=O)CCCCCCCCCCC*,tg,74.8750228881836
178,*N1C(=O)c2c(C1=O)cc(cc2)Oc1c(cc(cc1C)Cc1cc(c(c(c1)C)Oc1cc2c(C(=O)N(C2=O)c2c(cc(cc2C)c2cc(c(c(c2)C)*)C)C)cc1)C)C,tg,368.7911783854167
179,*Oc1cc2c(cc1)cc(cc2)OC(=O)c1cc(ccc1)Oc1ccc(cc1)Oc1cc(ccc1)C(=O)*,tg,110.44196065266927
180,*N1C(N2N(C1=O)C(N(C2=O)c1ccc(cc1)Oc1ccc(cc1)*)c1ccc(cc1)OC)c1ccc(cc1)OC,tg,236.35496520996094
181,*Nc1ccc(-c2ccc(C(*)=O)s2)s1,eps,6.729151566823323
182,*NC(S1)=CC=C1C(C=C2)=CC=C2C(=S)*,egc,3.1708768208821616
183,*c1nc2c(nc1)cc(cc2)Oc1cc2c(nc(cn2)c2ccc(cc2)c2ccc(cc2)*)cc1,tg,279.1503194173177
184,*CC(*)(F)C#N,egc,7.405105749766032
185,*NC(F)(F)NC(*)(F)F,nc,1.6306888262430828
186,*c3ccc(Oc2ccc(n1c(=O)c(=O)n(*)c1=O)cc2)cc3,egc,3.9199047088623047
187,*C(=S)Oc1ccc(-c2ccc(*)cc2)s1,eea,2.934617360432943
188,*Oc1ccc(OC(=O)c2cccc(C(*)=O)c2)cc1,egc,3.7976595560709634
189,*c1cc2c(C(=O)N(C2=O)c2ccc(cc2)C(=O)OCCCCCCCCOC(=O)*)cc1,tg,96.16353352864583
190,*Oc1ccc(C2(c3ccc(OC(=O)CCCCCCCCC(*)=O)cc3)c3ccccc3Cc3ccccc32)cc1,egc,4.245458443959554
191,*CC(=O)c1ccc(-c2ccc(*)cc2)cc1,eea,2.276398261388143
192,*Oc1ccc(cc1)C(c1ccc(cc1)OCCCCCC*)(C)C,tg,34.12052917480469
193,*Nc1ccc2c(c1)Cc1cc(NC(=O)c3cc(C(=O)O)c(C(*)=O)cc3C(=O)O)ccc1-2,egc,3.118244489034017
194,*N1C(=O)c2c(C1=O)cc(cc2)c1cc2c(C(=O)N(C2=O)c2c(cc(c(c2)*)O)O)cc1,tg,312.7674255371094
195,*Oc1cc(ccc1)NC(=O)CCCCCC(=O)Nc1cc(ccc1)OCC(COc1ccc(cc1)C(c1ccc(cc1)OCC(C*)O)(C)C)O,tg,109.96534983317058
196,*Nc1ccc(cc1)c1ccc(cc1)NC(=O)c1cc(ccc1)C(=O)*,tg,273.65240478515625
197,*c1cc2c(C(=O)N(C2=O)c2ccc(cc2)C(=O)Nc2ccc(cc2)C(=O)OCCCCCCOC(=O)*)cc1,tg,113.50170644124348
198,*N1C(=O)c2c(C1=O)cc(cc2)Oc1cc2c(C(=O)N(C2=O)c2ccc(cc2)Oc2ccc(cc2)C(=O)c2ccc(cc2)Oc2ccc(cc2)*)cc1,tg,216.84764607747397
199,*c1ccc2n(c3c(c2c1)cc(cc3)C=Nc1ccc(cc1)C(=O)OCCCCOCCCCOCCCCOC(=O)c1ccc(cc1)N=C*)CC(CCCC)CC,tg,82.32302856445312
200,*Nc1ccc(-c2ccc(-c3ccc(*)s3)cc2)cc1,egb,2.178602933883667
201,*c1ccc(-c2csc(-c3cccc(-c4nc(*)cs4)n3)n2)cc1,egc,3.4159861405690513
202,*N(c1ccc(cc1)C(=O)*)CCCCC,tg,93.68985239664714
203,*c1sc(cc1C(=O)OCCCCCCCCCCOc1ccc(cc1)c1ccc(cc1)OC(=O)c1ccc(cc1)OCC(CCCCCC)F)*,tg,79.40767415364583
204,*Oc1ccc2ccc(OC(=O)Oc3ccc(OC(*)=O)cc3)cc2c1,egc,4.556772232055664
205,*c1c([nH]c(n1)c1ccc(cc1)c1[nH]c(c(n1)c1ccc(cc1)Oc1ccc(cc1)C(=O)c1ccc(cc1)Oc1ccc(cc1)*)c1ccccc1)c1ccccc1,tg,274.2589925130208
206,*C(C*)c1ccc(cc1)[Si](O[Si](C)(C)C)(C)C,tg,94.8189188639323
207,*N(c1cc2c(cc1)ccc(c2)N(c1ccc(cc1)c1ccc(cc1)*)c1ccc(cc1)OC)c1ccc(cc1)OC,tg,213.50938924153647
208,*OC(=O)c1cc(ccc1)C(=O)OCCc1ccc(cc1)NC(=O)c1cc(ccc1)C(=O)Nc1ccc(cc1)CC*,tg,113.96886952718098
209,*C(C*)C(=O)Oc1ccc(cc1)OC,tg,82.64788055419922
210,*Oc1ccc(cc1)Oc1ccc(cc1)NC(=O)c1ccc(cc1)Oc1ccc(cc1)C(c1ccc(cc1)C(c1ccc(cc1)Oc1ccc(cc1)C(=O)Nc1ccc(cc1)*)(C)C)(C)C,tg,161.9064178466797
211,*OC(=O)c1ccc(cc1)C(=O)OCC(C(C*)C(C)C)C(C)C,tg,44.79911804199219
212,*C(C*)(C(=O)OCCCCCCOc1ccc(cc1)N=Nc1ccc(cc1)C1OCC2(CO1)CC1C=CC2C1)C,tg,131.73491414388022
213,*Oc1ccc(cc1)NC(=O)c1cc(cc(c1)S(=O)(=O)c1ccccc1)C(=O)Nc1ccc(cc1)*,tg,292.01038614908856
214,*C(C*)(C(=O)OCCCCCCOc1ccc(cc1)C(=O)Oc1ccc(cc1)C(=O)C=Cc1c(c2c(n1CCCC)cccc2)C)C,tg,72.37710571289062
215,*OC(=O)NCCCCCCNC(=O)OCCOCC*,tg,17.37970225016276
216,*C(C*)(C(=O)Oc1ccc(cc1)c1oc(nn1)c1ccc(cc1)C(C)(C)C)C,tg,195.31798299153647
217,*OC(=O)OCc1ccc(cc1)COC(=O)OCCN(CC*)c1ccc(cc1)N=Nc1ccc(cc1)[N+](=O)[O-],tg,101.69077046712239
218,*C1COC2C1OCC2Oc1ccc(cc1)NC(=O)c1cc(ccc1)C(=O)Nc1ccc(cc1)O*,tg,121.65619150797527
219,*c1nnc(nc1c1ccc(cc1)Oc1ccc(cc1)C(c1ccc(cc1)Oc1ccc(cc1)*)(C)C)c1ncccc1,tg,213.29724629720053
220,*C(=S)Oc1ccc(-c2ccc(*)s2)s1,eps,5.881316026051839
221,*Oc1ccc(cc1)S(=O)(=O)c1ccc(cc1)Oc1c(cc(cc1C)C(c1cc(c(c(c1)C)*)C)(C(F)(F)F)C(F)(F)F)C,tg,230.94782511393228
222,*Oc1cc(cc(c1)C(=O)Oc1ccc(cc1)N=Nc1ccc(cc1)C#N)Oc1ccc(cc1)C(c1ccc(cc1)*)(C)C,tg,153.53142293294272
223,*C(=O)Nc1cccc(C#Cc2cccc(N3C(=O)c4ccc(*)cc4C3=O)c2)c1,egc,2.6833719412485757
224,*Oc1ccc(cc1)S(=O)(=O)c1ccc(cc1)Oc1c(cc(cc1)C(c1cc(c(cc1)*)Cl)(C)C)Cl,tg,203.1956024169922
225,*c1cc2c(C(=O)N(C2=O)c2ccc(cc2)C(=O)c2ccc(cc2)Cc2cc(ccc2)N2C(=O)c3c(C2=O)cc(cc3)C(=O)*)cc1,tg,275.77720133463544
226,*Nc1cc(cc(c1)c1oc(nn1)c1ncccc1)NC(=O)c1cc(ccc1)C(=O)*,tg,268.30600992838544
227,*Oc1c(cc(c(c1)OC(=O)c1ccc(cc1)OC)OC(=O)CCCCCCCCCCCCCCC(=O)*)OC(=O)c1ccc(cc1)OC,tg,45.17315673828125
228,*c1c([nH]c(n1)c1ccc(cc1)c1[nH]c(c(n1)c1ccc(cc1)Oc1ccc(cc1)C(=O)c1ccc(cc1)c1ccc(cc1)C(=O)c1ccc(cc1)Oc1ccc(cc1)*)c1ccccc1)c1ccccc1,tg,266.24745686848956
229,*Nc1ccc(cc1)C(c1ccc(cc1)NC(=O)c1ccc(cc1)C(=O)*)(C(F)(F)F)C(F)(F)F,tg,314.30751546223956
230,*C=C(*)c1ccc(N)cc1,egc,1.4111115137736003
231,*N1C(=O)c2c(C1=O)cc(cc2)Oc1ccc(cc1)Sc1ccc(cc1)Oc1cc2c(C(=O)N(C2=O)c2ccc(cc2)Oc2ccc(cc2)*)cc1,tg,213.24907938639322
232,*C(C*)(CC(=O)OCCCC1CCCCC1)C(=O)OCCCC1CCCCC1,tg,62.992881774902344
233,*Oc1ccc(cc1)CC(NC(=O)CCc1ccc(cc1)OC(=O)CCCCCCC(=O)*)C(=O)OC,tg,63.12435658772787
234,*N1C(=O)C2C(C1=O)C(Cc1ccccc21)C1C(=O)N(C(=O)C1)c1cc(cc(c1)C(=O)OCCCC)*,tg,246.54586283365884
235,*Oc1cc(ccc1)NC(=O)c1cc(ccc1)OCC(COc1ccc(cc1)C(c1ccc(cc1)OCC(C*)O)(C)C)O,tg,121.20192464192708
236,*c1ccc(Oc2cc3ccccc3cc2Oc2ccc(-n3c(=O)c4cc5c(=O)n(*)c(=O)c5cc4c3=O)cc2)cc1,egc,1.9228324890136719
237,*CC1CCC(COC(=O)C2CCC(C(=O)O*)CC2)CC1,egb,6.4495307604471845
238,*OP(=O)(N=Nc1ccc(cc1)c1ccc(cc1)N=NP(=O)(OCCCCCC*)OC)OC,tg,30.645060221354168
239,*CC(*)C(=O)OC(CC)CC,egc,6.27518876393636
240,*Oc1ccc(cc1)c1ccc(cc1)Oc1ccc(cc1)C(=O)c1ccc(cc1)*,tg,166.9926961263021
241,*N1C(=O)c2c(C1=O)cc(cc2)c1cc2c(C(=O)N(C2=O)c2ccc(cc2)N(c2ccc(cc2)*)c2ccc(cc2)C#N)cc1,tg,308.87530517578125
242,*Oc1ccc(cc1)C1(c2ccccc2c2ccccc12)c1ccc(cc1)Oc1c(cc(cc1)c1ccc(cc1)c1cc(c(cc1)*)C(F)(F)F)C(F)(F)F,tg,241.61839294433594
243,*CC(S1)=CC=C1CC(S2)=CC=C2*,egc,4.721853574117024
244,*C=CCC(C*)(c1ccccc1)c1ccccc1,egc,4.5533378918965655
245,*C1C(=O)N(C(=O)C1CC*)CCCCCCCCCCCCCC,tg,54.63912455240885
246,*Oc1ccc(cc1)N(c1ccc(cc1)c1ccc(cc1)N(c1ccc(cc1)*)c1ccc(cc1)OCCCCCC)c1ccc(cc1)OCCCCCC,tg,121.76848602294922
247,*Oc1ccc(cc1)C1(C(CC(CC1)C(C)C)c1ccc(cc1)OCC(C*)O)C,tg,128.03738149007162
248,*CCON*,egb,5.171350002288818
249,*NNC(=O)CCCCCCCCCCCC(*)=O,egc,5.890924294789632
250,*C(C*)c1ccc(cc1)C(=O)OCCN(C)C,tg,68.28767903645833
251,*Oc1c(cc(c(c1)OC(=O)c1ccc(cc1)OCC(CC)C)OC(=O)CCCC(=O)*)OC(=O)c1ccc(cc1)OCC(CC)C,tg,56.68090565999349
252,*N1C(=O)c2c(C1=O)cc(cc2)Oc1ccc(cc1)Sc1ccc(cc1)Oc1cc2c(C(=O)N(C2=O)c2ccc(cc2)Oc2ccc(cc2)C(=O)c2cc(ccc2)C(=O)c2ccc(cc2)Oc2ccc(cc2)*)cc1,tg,218.54437255859375
253,*COC(=O)O*,ei,7.315843900044759
254,*N1C(=O)C2C(C1=O)C(=CC(C2)C1C(=O)N(C(=O)C1)c1cc(ccc1)c1cc(cc(c1)C(=O)Nc1ccc(cc1)OC(=O)c1cc(c(c(c1)OCCCCCCCCCCCC)OCCCCCCCCCCCC)OCCCCCCCCCCCC)c1cc(ccc1)*)C,tg,239.26866149902344
255,*OC(=O)CCSCCCCCCSCCC(=O)OCCCC*,tg,-51.44703674316406
256,*CCC(=O)O*,egb,5.987834612528483
257,*Oc1ccc(C(=S)c2ccc(*)cc2)s1,nc,2.0263330141703286
258,*C1(CCN(CC1)C(=O)CCCC(=O)N1CCC(CC1)(CCC*)C)C,tg,103.80748240152995
259,*N1C(=O)c2c(C1=O)cc(cc2)Oc1c(cc(cc1C)C(c1cc(c(c(c1)C)Oc1cc2c(C(=O)N(C2=O)c2cc(c(cc2)c2c(cc(cc2)*)C(F)(F)F)C(F)(F)F)cc1)C)(C)C)C,tg,268.4745686848958
260,*Nc1ccc(OC(*)=S)cc1,eea,2.220911661783854
261,*NC1CCC(CC2CCC(NC(=O)CCCCC(*)=O)CC2)CC1,egc,5.477860450744629
262,*CCOCCOCCOC(=O)C1CCC(C(=O)O*)CC1,egc,6.341018517812093
263,*O[Si](CCC(C(C(C(CC[Si](*)(CCC(F)(F)F)C)(F)F)(F)F)(F)F)(F)F)(CCC(F)(F)F)C,tg,-53.15520222981771
264,*c1ccc(C(F)(F)CC(*)(F)F)s1,eps,3.708134651184082
265,*CCCCCCCCCOc1ccc(C=CC=Cc2ccc(O*)c(C)c2)cc1C,egc,3.5277957121531167
266,*c1ccc(-c2cc(CCCCCCBr)c(*)s2)s1,egc,1.8969252109527588
267,*NOC(=S)O*,egb,3.5441335837046304
268,*CC(=O)NC(*)=O,eea,1.7030269304911296
269,*Oc1c(cc(cc1)Oc1ccc(cc1)NC(=O)c1ccc(cc1)Oc1c(cc(cc1)Oc1ccc(cc1)C(=O)Nc1ccc(cc1)*)C)C,tg,215.47303263346353
270,*Oc1ccc(-c2ccc(-c3ccc(*)cc3)cc2)cc1,egb,3.398735841115316
271,*C=CC(C(*)C(=O)OC12CC3CC(CC(C1)C3)C2)C,tg,132.7630844116211
272,*C(C*)(c1ccccc1)C,tg,135.97323099772134
273,*Oc1ccc(Oc2ccc(OC(*)=O)cc2)cc1,egc,4.924913247426351
274,*C=C(*)OCCCC,egc,4.447232564290364
275,*N1C(=O)c2c(C1=O)cc(cc2)c1cc2c(C(=O)N(C2=O)c2cc(c(cc2)c2c(cc(cc2)*)C(F)(F)F)C(F)(F)F)cc1,tg,318.515869140625
276,*N1C(=O)c2c(C1=O)c(ccc2)c1cc2c(C(=O)N(C2=O)c2cc(ccc2)OCCCCOc2cc(ccc2)*)cc1,tg,171.62386576334634
277,*c1nc2c(cc1)cccc2OC(=O)c1ccc(cc1)C(=O)Oc1c(c2c(cc1)cccc2)C=C*,tg,171.748046875
278,*C(C*)C(=O)OCCCSCC,tg,-68.30172729492188
279,*Oc1cccc2c(OC3(F)C(*)(F)C(F)(F)C3(F)F)cccc12,egc,3.6994187037150064
280,*Oc1ccc(cc1)S(=O)(=O)c1ccc(cc1)Oc1c(cc(cc1)C(c1cc(c(cc1)*)Br)(C(F)(F)F)C(F)(F)F)Br,tg,183.36657206217447
281,*CCCNC(=O)CCCCCCCCC(=O)NCCCNC(=O)C(=O)N*,egc,5.096682866414388
282,*C(C*)(C(=O)OCCCc1ccc(cc1)N=Nc1ccc(cc1)OC(F)(F)F)C,tg,212.75286865234375
283,*c1cc2c(C(=O)N(C2=O)c2ccc(cc2)Oc2ccc(cc2)N2C(=O)c3c(C2=O)cc(cc3)C(=O)N2C(=O)N(C(=O)C2(CC)CC)C(=O)*)cc1,tg,145.0704142252604
284,*Oc1c(cc(cc1C)S(=O)(=O)c1cc(c(c(c1)C)OCC(COc1ccc(cc1)S(=O)(=O)c1ccc(cc1)OCC(C*)O)O)C)C,tg,131.92035929361978
285,*c1cc2c(C(=O)N(C2=O)c2cc(c(cc2)Oc2ccc(cc2)C(=O)c2cc(ccc2)N2C(=O)c3c(C2=O)cc(cc3)C(*)(C(F)(F)F)C(F)(F)F)C(F)(F)F)cc1,tg,244.84803263346353
286,*S(=O)(=O)c1ccc(cc1)NC(=O)CCCCCCCC(=O)Nc1ccc(cc1)*,tg,123.96728261311848
287,*N1C(=O)N(C(=O)C1=O)c1ccc(cc1)Cc1ccc(cc1)N1C(=O)N(C(=O)C1=O)c1c(cccc1)CCc1ccc(cc1)*,tg,209.70443216959634
288,*CCOCCOC(=O)C(CCC)C(=O)O*,egc,6.5084764162699384
289,*C(C*)(c1ccc(cc1)C(O)C(F)(F)F)C,tg,121.36941782633464
290,*Oc1ccc(C(C)(CC)c2ccc(OC(*)=O)c(Cl)c2)cc1Cl,egc,4.774855772654216
291,*c1sc(cc1)*,tg,168.29082743326822
292,*Oc1cccc(NC(=O)c2ccc([Si](c3ccccc3)(c3ccccc3)c3ccc(C(*)=O)cc3)cc2)c1,egc,3.805280844370524
293,*C1COC2C1OCC2OC(=O)CCC(=O)O*,tg,102.95650736490886
294,*OC(COC(=O)c1c(cccc1)C(=O)*)COc1ccc(cc1)N=Nc1ccc(cc1)C#N,tg,119.50227355957031
295,*OCC(F)(F)C(F)(F)C(F)(F)COc1nc(F)nc(*)c1F,egc,5.107302665710449
296,*Oc1ccc(cc1)SSc1ccc(cc1)*,tg,95.71326192220052
297,*c1sc(cc1CCCCCCCC)c1sc(c(c1)CCCCCCCC)c1ccc(cc1)*,tg,62.716145833333336
298,*O[Si](*)(CCC(C(C(C(F)(F)F)(F)F)(F)F)(F)F)C,tg,-52.49029541015625
299,*N1C(=O)c2c(C1=O)cc(cc2)Oc1c(cccc1)Oc1cc2c(C(=O)N(C2=O)c2ccc(cc2)Oc2c(cccc2)Oc2ccc(cc2)*)cc1,tg,193.77136739095053
300,*NC(C)C(=O)NCCCCCCCCCCC(*)=O,egc,5.955086708068848
301,*NC(=O)OC(S1)=CC=C1*,egc,3.912864367167155
302,*CNc1ccc(N*)cc1,ei,5.189571221669515
303,*CC(O)COc1ccc(C(C)(C)c2ccc(OCC(O)COc3cccc(O*)c3)cc2)cc1,egc,3.9082703590393066
304,*CNc1ccc(O*)cc1,eps,3.9666364987691245
305,*CCCCCCCNC(=O)c1ccc(C(=O)N*)cc1,egc,4.62969986597697
306,*Oc1c(c2c(cc1)cccc2)Sc1c2c(ccc1OCC(=O)Nc1ccc(cc1)Oc1ccc(cc1)NC(=O)C*)cccc2,tg,252.0914510091146
307,*C(=S)C(F)(F)NC(*)(F)F,egb,3.7103580633799234
308,*c1ccc(-c2nc3ccc(-c4ccc5nc(*)oc5c4)cc3o2)cc1,egc,3.1439109643300376
309,*c1cc2c(=O)n(c(=O)c3ccc4c5c(cc6c(=O)n(c(=O)c7ccc(c1c4c23)c5c67)CCCCCCCC)Oc1ccc(cc1)C=Cc1c(cc(c(c1)OCCCCCCCC)C=Cc1ccc(cc1)O*)OCCCCCCCC)CCCCCCCC,tg,287.82102457682294
310,*Oc1ccc(-c2ccc(C(*)=O)s2)s1,egb,2.3465091387430825
311,*Nc1ccc(C(=O)O*)cc1,eea,1.9336803754170735
312,*Nc1cc(NC(=O)c2ccc(C(*)=O)cc2)ccc1Cl,egc,3.50600536664327
313,*Oc1cc2c(C(CC2(C)C)(c2ccc(cc2)OCC(C*)O)C)cc1,tg,139.77962748209634
314,*Cc1ccc(-c2ccc(O*)cc2)s1,eps,4.101823647816976
315,*CCCCCCCC[N+](C)(C)CCCCCC[N+](*)(C)C,egc,-0.07990010579427083
316,*CC(*)c1cc[n+](CCCC)cc1,egc,1.907121181488037
317,*CC(=O)NCCCCCCNC(=O)Cc1ccc(*)s1,egc,4.977441310882568
318,*C(=O)C(F)(F)C(=O)C(*)(F)F,eps,4.230836073557536
319,*N1CCN(CC1)CC(COc1ccc(cc1)C(c1ccc(cc1)OCC(C*)O)(C)C)O,tg,64.46694437662761
320,*CNCC(*)=S,nc,1.9190932512283325
321,*CC(=O)C(=S)c1ccc(*)s1,ei,6.263294855753581
322,*C(=O)Nc1cccc(NC(=O)c2ccc3c(c2)C(=O)N(c2ccc(Oc4cccc5c(N6C(=O)c7ccc(*)cc7C6=O)cccc45)cc2)C3=O)n1,egc,3.0538485844930015
323,*Oc1ccc(Cc2ccc(*)cc2)cc1,nc,1.8065584103266399
324,*Nc1ccc(OC(*)=S)s1,eea,2.358933130900065
325,*C(F)(F)NC(F)(F)C(=S)*,egc,4.215253512064616
326,*CCCCCCCCCNC(=O)c1cccc(C(=O)N*)c1,egc,4.953702449798584
327,*C(C*)(C(=O)OCCCCCCCCCCOc1ccc(cc1)OC(=O)c1cc(c(cc1)OC)Br)C,tg,42.09192911783854
328,*C1C=CC(*)S1,egc,4.936692873636882
329,*C1C(CC(C1)CC(O)(C(F)(F)F)C(F)(F)F)(C(C*)(F)F)F,tg,160.8160858154297
330,*Oc1c(cc(c(c1)OC(=O)c1ccc(cc1)OCCCC)OC(=O)CCCC(=O)*)OC(=O)c1ccc(cc1)OCCCC,tg,52.336700439453125
331,*OC(=O)/C=C/C(=O)OCCCC*,tg,59.24652353922526
332,*CCCCCCNC(=O)NCCNC(=O)N*,egc,5.514223575592041
333,*Sc1ccc(Nc2ccc(Nc3ccc(Nc4ccc(*)cc4)cc3)cc2)cc1,egc,3.7001073360443115
334,*CCCCCCOC(=O)CCCCCC(=O)O*,egc,6.68209966023763
335,*C(C*)(C(=O)Oc1ccc(cc1)N=Nc1ccc(cc1)C#N)C,tg,129.29045867919922
336,*Cc1ccc(NO*)s1,egb,3.5797335306803384
337,*NC(=O)NC(=O)c1ccc(C(=S)c2ccc(-c3ccc(*)s3)s2)s1,nc,2.294369379679362
338,*Oc1ccc(cc1)NC(=O)c1cc(ccc1)C(=O)Nc1ccc(cc1)OCCCCC*,tg,102.62393188476562
339,*[Si](Cc1c(cccc1)C*)(C)C,tg,49.740125020345054
340,*c1nc2c(nc1c1ccccc1)cc(cc2)Oc1cc2c(nc(c(n2)c2ccccc2)c2cc(ccc2)*)cc1,tg,273.3240458170573
341,*C(C*)(C(=O)NC(=O)OC(COc1c(cc(cc1Br)S(=O)(=O)c1cc(c(c(c1)Br)OCC(O)C)Br)Br)C)C,tg,101.13163503011067
342,*C(C*)(C(=O)OCCCCCCN1CCN(CC1)c1ccc(cc1)N=Nc1ccc(cc1)[N+](=O)[O-])C,tg,123.40909322102864
343,*OC(F)(F)C(=O)C(*)(F)F,eps,3.651317278544108
344,*c1sc(*)c2nc(CCCCCCCCCCC)c(CCCCCCCCCCC)nc12,egc,2.3346020380655923
345,*Oc1ccc(cc1)NC(=O)c1ccc(cc1)OCC(COc1ccc(cc1)C(c1ccc(cc1)OCC(C*)O)(C)C)O,tg,120.77672322591145
346,*c1cc(Br)c(Oc2c(Br)cc(N3C(=O)c4ccc(Oc5ccc6c(c5)C(=O)N(*)C6=O)cc4C3=O)cc2Br)c(Br)c1,egc,2.6971051692962646
347,*c1ccc(-c2nc3cc4nc(*)oc4cc3o2)cc1,eps,5.006662368774414
348,*OC(=O)c1ccc(cc1)N=Cc1c(cc(c(c1)OCCC(CCCC(C)C)C)C=Nc1ccc(cc1)C(=O)OCCCCOCCCCOCCCC*)OCCC(CCCC(C)C)C,tg,31.7862065633138
349,*C(=CCC*)CCCCCCCCCC,tg,-77.1658935546875
350,*C(C*)c1c2c(OCO2)ccc1,tg,131.11566162109375
351,*N1C(=O)c2c(C1=O)c(ccc2)Oc1ccc(cc1)C(=O)c1ccc(cc1)Oc1c2c(C(=O)N(C2=O)c2cc(ccc2)*)ccc1,tg,258.83716837565106
352,*OC(=O)NCC(C(C(C(CNC(=O)OCC(C(C(C*)(F)F)(F)F)(F)F)(F)F)(F)F)(F)F)(F)F,tg,49.6380615234375
353,*Cc1ccc(Nc2ccc(*)s2)s1,eea,1.1819039185841878
354,*CCNC(=O)CCCCCCCCCCCCCCCCC(=O)N*,egc,5.86062224706014
355,*c1cc2c(C(=O)N(C2=O)c2c(cc(cc2)N2C(=O)c3c(C2=O)cc(cc3)C(=O)*)S(=O)(=O)O[Na])cc1,tg,365.9802958170573
356,*N1C(=O)c2c(C1=O)cc(cc2)Oc1cc2c(C(=O)N(C2=O)c2cc(c(cc2)Oc2ccc(cc2)C(=O)c2nc(ccc2)C(=O)c2ccc(cc2)Oc2c(cc(cc2)*)C(F)(F)F)C(F)(F)F)cc1,tg,198.7817179361979
357,*C(=O)Nc1ccc(C(c2ccc(NC(=O)c3ccc(N4C(=O)c5ccc(*)cc5C4=O)cc3C)cc2)(C(F)(F)F)C(F)(F)F)cc1,egc,3.471247355143229
358,*C(C*)CC[Si](C)(C)C,tg,111.36754862467448
359,*Oc1ccc(C(=O)OCCOC(=O)c2ccc(*)cc2)cc1,egc,4.608400821685791
360,*Oc1ccc(cc1)C(=O)c1cc(ccc1)C(=O)c1ccc(cc1)Oc1ccc(cc1)Cc1ccc(cc1)*,tg,125.65660858154297
361,*C(F)(F)C(F)(F)NC(C=C1)=CC=C1*,egc,4.449536164601644
362,*CC(*)(C)C(=O)OCC(=O)N1CCCC1,egb,4.603638490041097
363,*C(C(*)(C([2H])([2H])[2H])[2H])([2H])[2H],tg,2.1129862467447915
364,*C(C=C1)=CC=C1OC(C=C2)=CC=C2O*,egc,4.449525674184163
365,*CCCCCCCCCCCCOC(=O)NCc1ccc(CNC(=O)O*)cc1,egc,5.3789035479227705
366,*Oc1ccc(cc1)CC(NC(=O)Cc1ccc(cc1)OC(=O)CCC(=O)*)C(=O)OCC,tg,82.18550109863281
367,*Oc1ccc(-c2ccc(OC(=O)CCCCCCCCCCCC(*)=O)cc2)cc1,egc,4.50075642267863
368,*c1cc2c(C(=O)N(C2=O)c2cc(c(cc2)Oc2ccc(cc2)C(c2ccc(cc2)Oc2c(cc(cc2)N2C(=O)c3c(C2=O)cc(cc3)C(*)(C(F)(F)F)C(F)(F)F)C(F)(F)F)(C(F)(F)F)C(F)(F)F)C(F)(F)F)cc1,tg,224.09553019205728
369,*CC(*)CCc1ccc(C)cc1,egb,4.9976426760355634
370,*O[Si](CCC(C(C(C(C(C(CC[Si](*)(CCC(F)(F)F)C)(F)F)(F)F)(F)F)(F)F)(F)F)(F)F)(CCC(F)(F)F)C,tg,-51.01976521809896
371,*N1C(=O)c2c(C1=O)cc(cc2)Oc1cc2c(cc1)ccc(c2)Oc1cc2c(C(=O)N(C2=O)c2cc(cc(c2)C(F)(F)F)*)cc1,tg,275.6388651529948
372,*C(C*)(C(=O)OCC1COCCOCCOCCOCCOC1)C,tg,46.17002614339193
373,*C(C*)n1c2ccccc2c2ccccc12,tg,185.32066853841147
374,*OC(=O)CCCCCNC(=O)CCCCC(=O)NCCCCCC(=O)OCCCCCC*,tg,0.6215006510416666
375,*OP(=O)(Oc1ccc(cc1)c1ccc(cc1)*)Oc1ccccc1,tg,106.53981018066406
376,*Oc1ccc(NC(=C(C#N)C#N)c2ccc3cc(C(Nc4ccc(*)cc4)=C(C#N)C#N)ccc3c2)cc1,egc,3.041189352671305
377,*c1cc(CC(=O)O)c(*)s1,egc,2.6910571257273355
378,*CNOc1ccc(*)s1,egb,3.9834415117899575
379,*N1CCC(CCc2ccc(N3C(=O)c4ccc(N5C(=O)C(=O)N(*)C5=O)cc4C3=O)cc2)CC1,egc,3.6591149965922036
380,*CC(*)F,eea,0.8329288562138876
381,*CC(=O)NCCCCCCNC(=O)COC(=O)CCCCCCC(=O)O*,egc,6.133441130320231
382,*COC(=O)O*,egb,7.0559515953063965
383,*c1c(cc(c(c1)OC)C(=Cc1c(cc(c(c1)OC)C=C(*)C#N)OCCCCCCCCCCCCCCCC)C#N)OCCCCCCCCCCCCCCCC,tg,173.56783548990884
384,*CCOC(=O)c1ccc(C(=O)O*)cc1,nc,1.7971134583155315
385,*CNc1ccc(N*)cc1,egb,4.080409208933513
386,*Oc1ccc(cc1)C1(c2ccccc2c2ccccc12)c1ccc(cc1)OC(=O)c1cc(ccc1)C(=O)*,tg,265.60425821940106
387,*C#Cc1ccc(*)s1,egc,2.036768992741903
388,*CCOC(=O)c1ccc(-c2ccc(C(=O)O*)cc2C)c(C)c1,egc,4.436018308003743
389,*N1CCN(CC1)C(=O)OCCOC(=O)c1ccc(cc1)C(=O)OCCOC(=O)*,tg,70.47216288248698
390,*c1ccc2oc(-c3ccc4nc(*)oc4c3)nc2c1,eps,5.246334234873454
391,*Oc1ccc(cc1)C(c1ccc(cc1)Oc1ccc(cc1)C(=O)c1ccc(cc1)C(c1ccc(cc1)C(=O)c1ccc(cc1)*)(C(F)(F)F)C(F)(F)F)(C)C,tg,163.04615275065103
392,*OC(C)CCCCC(*)=O,egc,6.539797941843669
393,*Oc1ccc(CC(*)=O)cc1,eps,3.7180601755777993
394,*N1C(=O)c2c(C1=O)cc(cc2)S(=O)(=O)c1cc2c(C(=O)N(C2=O)c2cc(c(cc2)c2c(cc(cc2)*)C(F)(F)F)C(F)(F)F)cc1,tg,328.4355163574219
395,*N1C(=O)c2c(C1=O)cc(cc2)C(c1cc2c(C(=O)N(C2=O)CCN(CC*)c2ccc(cc2)N=Nc2ccc(cc2)C2OCCO2)cc1)(C(F)(F)F)C(F)(F)F,tg,185.25589497884116
396,*NC(=O)C(=S)C(=O)*,egc,2.146080493927002
397,*CC(CC(CC(*)c1ccccn1)c1ccccn1)c1ccccn1,nc,1.8896396954854329
398,*CC(C#N)(C#N)*,egc,7.376317024230957
399,*c1c(c(cc(c1)C(c1ccc(cc1)O)(C)C)*)O,tg,121.76940409342448
400,*c1nc2c(n1c1ccc(cc1)n1c(nc3c1cccc3)c1ccc(cc1)Oc1ccc(cc1)C(=O)c1ccc(cc1)Oc1ccc(cc1)C(=O)c1ccc(cc1)Oc1ccc(cc1)*)cccc2,tg,228.17479451497397
401,*CC(=O)OC(*)=O,nc,1.6363332668940227
402,*C(=O)c1ccc(C(=S)c2ccc(*)s2)cc1,ei,6.495952129364014
403,*c1ccc(OC(=S)c2ccc(*)s2)cc1,eps,5.6820174853007
404,*CCOCC(=O)NCCCCCCNC(=O)CO*,egc,6.049308141072591
405,*OC1CCC(CC1)OC(=O)OCCCCCOC(=O)*,tg,4.864461263020833
406,*CCCCCC(=O)O*,ei,7.682124932607015
407,*OCOCCSSCC*,tg,-24.482696533203125
408,*CC1(C)CC(CC2(C)CC(N3C(=O)N4C(c5ccc(OC)cc5)N(*)C(=O)N4C3c3ccc(OC)cc3)CC(C)(C)C2)CC(C)(C)C1,egc,4.441391309102376
409,*NC(=O)OC(*)=S,egb,2.8638153870900473
410,*Oc1ccc(NC(=O)c2cc(NC(=O)C34CC5CC(CC(C5)C3)C4)cc(C(=O)Nc3ccc(*)cc3)c2)cc1,egc,3.421306053797404
411,*Nc1cc(-c2ccc(-c3ccc4nc5c6cccc7c(*)ccc(c(=O)n5c4c3)c76)cc2)ccc1O,egc,2.859522740046183
412,*C(C*)(CC(=O)OCCCCCCCC)C(=O)OCCCCCCCC,tg,-17.64960225423177
413,*c1nc2c(nc1c1cc3c(cc1)cccc3)cc(cc2)c1cc2c(nc(c(n2)c2cc(ccc2)*)c2cc3c(cc2)cccc3)cc1,tg,329.69712320963544
414,*CCCCCCOC(=O)NNC(=O)CCCCCCCCC(=O)NNC(=O)O*,egc,5.713061809539795
415,*NC(=O)CCCCCNC(=O)CCCCCCCCCC*,tg,53.224202473958336
416,*CCCCCC(=O)O*,eps,3.230295260747274
417,*CCCCCCOC(=O)CCCCCCCCC(=O)O*,egc,6.787594318389893
418,*C=CC(C*)(C(F)(F)F)C(F)(F)F,egb,6.123541037241618
419,*CC(CS(=O)(=O)CC)O*,egc,5.896021842956543
420,*Oc1cc(C)c(*)cc1C,egc,4.564889430999756
421,*c1nc(ccc1)Oc1c(cc(cc1)O*)c1ccccc1,tg,116.76751708984375
422,*N(c1ccc(cc1)c1ccc(cc1)*)c1ccc(cc1)CCCC,tg,156.99803670247397
423,*Oc1ccc(cc1)NCC(=O)c1ccc(cc1)Sc1ccc(cc1)C(=O)CNc1ccc(cc1)*,tg,227.60082499186197
424,*NNC(=O)c1cc(cc(c1)NC(=O)c1cc2c(C(=O)N(C2=O)c2ncc(cc2)C)cc1)C(=O)NNC(=O)CCCC(=O)*,tg,142.69616190592447
425,*CCOCC(=O)NCCNC(=O)CO*,egc,5.989359219868978
426,*N1C(=O)C(CC1=O)Nc1cc(ccc1)NC1C(=O)N(C(=O)C1)c1c(cc(cc1C)C(c1cc(c(c(c1)C)*)C)c1cnccc1)C,tg,227.73087056477866
427,*CNC(=O)c1ccc(*)s1,egb,3.728851795196533
428,*Oc1ccc(cc1)C(=O)Nc1cc(cc(c1)c1nc2c([nH]1)cccc2)NC(=O)c1ccc(cc1)OCC*,tg,258.26930745442706
429,*c1ccc(*)s1,egc,2.3752588431040444
430,*CCOC(=O)c1ccc(O*)c(Cl)c1,egc,4.201865196228027
431,*c1cc2c(C(=O)N(C2=O)c2ccc(cc2)C(=O)c2ccc(cc2)C(=O)c2ccc(cc2)N2C(=O)c3c(C2=O)cc(cc3)C(=O)c2ccc(cc2)C(=O)*)cc1,tg,263.88243611653644
432,*Oc1ccc(cc1)c1ccc(cc1)OC1(C(C(C1(F)F)(F)F)(*)F)F,tg,137.86055501302084
433,*N(CC*)C(=O)CCCC,tg,29.39366912841797
434,*CC(CC(CC(CC(*)c1ccccc1)c1ccccc1)c1ccccc1)c1ccccc1,ei,6.596522331237793
435,*OP(=O)(OCCCCCCCCOc1c(cc(cc1)C=C1C(=O)C(=Cc2cc(c(cc2)OCCCCCCCC*)OC)CC1)OC)OC,tg,64.08168029785156
436,*c1cc2c(C(=O)N(C2=O)c2ccc(cc2)NC(=O)Nc2ccc(cc2)N2C(=O)c3c(C2=O)cc(cc3)C(=O)Nc2ccc(cc2)c2ccc(cc2)NC(=O)*)cc1,tg,232.95148722330728
437,*Oc1c(cc(cc1)NC(=O)Nc1c(ccc(c1)NC(=O)Nc1cc(c(cc1)*)c1ccc(cc1)Oc1ccccc1)C)c1ccc(cc1)Oc1ccccc1,tg,284.3060607910156
438,*Oc1ccc(cc1)C(=O)c1ccc(cc1)OC(=O)c1ccc(cc1)C(c1ccc(cc1)C(=O)*)(C)C,tg,137.9454142252604
439,*CCCCCCNC(=O)CCCC(=O)N*,egc,5.822269916534424
440,*Oc1ccc(cc1)NC(=O)c1ccc(cc1)C(c1ccc(cc1)C(=O)Nc1ccc(cc1)Oc1ccc(cc1)C1(C2CC3CC(CC1C3)C2)c1ccc(cc1)*)(C(F)(F)F)C(F)(F)F,tg,250.4131622314453
441,*Nc1ccc(cc1)Nc1ccc(cc1)C(c1ccc(cc1)C(c1ccc(cc1)*)(c1ccccc1)O)(c1ccccc1)O,tg,179.22867838541666
442,*Oc1cc(ccc1)N(c1ccc(cc1)c1ccc(cc1)N(c1cc(ccc1)OC(=O)OCCOCCOC(=O)*)c1ccc(cc1)N=Nc1ccc(cc1)[N+](=O)[O-])c1ccccc1,tg,146.22527058919272
443,*N1C(=O)c2c(C1=O)cc(cc2)c1cc2c(C(=O)N(C2=O)c2c(cc(c(c2C)C(=O)c2cc(ccc2)*)C)C)cc1,tg,327.0936584472656
444,*C(=S)c1ccc(-c2ccc(-c3ccc(*)cc3)s2)cc1,ei,5.7403896649678545
445,*C(=S)OC(=S)c1ccc(*)cc1,ei,6.378523985544841
446,*NC(=O)CC(=O)NCCCCCC*,tg,60.11836496988932
447,*CC(=O)N*,eea,1.3265665372212727
448,*CCCCCCCCOC(=O)NCCCCCCCCCCNC(=O)O*,egc,6.262855211893718
449,*N1C(=O)c2c(C1=O)c(ccc2)Oc1c(cc(cc1C)c1cc(c(c(c1)C)Oc1c2c(C(=O)N(C2=O)c2c(cc(cc2C)c2cc(c(c(c2)C)*)C)C)ccc1)C)C,tg,333.28375244140625
450,*N1C(=O)c2c(C1=O)c(ccc2)c1cc2c(C(=O)N(C2=O)c2ccc(cc2)C(=O)Nc2ccc(cc2)Oc2ccc(cc2)S(=O)(=O)c2ccc(cc2)Oc2ccc(cc2)NC(=O)c2ccc(cc2)*)cc1,tg,271.36451212565106
451,*Oc1c(cc(cc1)C(c1cc(c(cc1)OC(=O)c1cc(ccc1)C(=O)*)C)(C)C)C,tg,145.0456797281901
452,*N1C(=O)c2c(C1=O)cc(cc2)Oc1c2c(ccc1)c(ccc2)Oc1cc2c(C(=O)N(C2=O)c2cc(ccc2)Oc2ccc(cc2)*)cc1,tg,229.5532023111979
453,*Cc1ccc(Nc2ccc(*)cc2)cc1,nc,1.8807268540064495
454,*COC(=S)O*,egb,4.268950462341309
455,*Oc1cc(ccc1)NC(=O)c1cc(ccc1)C(=O)Nc1cc(ccc1)OCC(COc1ccc(cc1)C(c1ccc(cc1)OCC(C*)O)(C)C)O,tg,137.71746826171875
456,*NC1=CC(=O)C(*)=CC1=O,egc,2.459653615951538
457,*CCOC(=O)c1cccc(C(=O)O*)c1,egc,5.084584395090739
458,*N1C(=O)c2c(C1=O)cc(cc2)S(=O)(=O)c1cc2c(C(=O)N(C2=O)c2ccc(cc2)Oc2ccc(cc2)S(=O)(=O)c2ccc(cc2)Oc2ccc(cc2)*)cc1,tg,265.04290771484375
459,*S(=O)(=O)NCCCCCCNS(=O)(=O)c1cc(ccc1)*,tg,69.10216013590495
460,*O[Si](*)(CCCCCCCCOc1ccc(cc1)C(=O)Oc1c(cc(cc1)C#N)C)C,tg,-17.356842041015625
461,*C(C*)(C(=O)OCCN(c1ccc(cc1)N=Nc1ccc(cc1)S(=O)(=O)Nc1noc(c1)C)C)C,tg,138.7685750325521
462,*CCCCCC(=O)O*,egb,6.136549790700276
463,*Oc1ccc(cc1)C(c1ccc(cc1)OC(=O)*)C1C2CCC(C1C)C2,tg,229.18151346842447
464,*CCCCCNC(=O)CCCCCCCCC(=O)NCCCCCNC(=O)C(=O)N*,egc,4.990232944488525
465,*C(C*)c1ccc(cc1)C(=O)N(C)C,tg,141.69488525390625
466,*Oc1ccc(cc1)CC(NC(=O)CCc1ccc(cc1)OC(=O)COCC(=O)*)C(=O)OC(C)C,tg,76.24800618489583
467,*Cc1ccc(C(=S)c2ccc(*)s2)s1,egb,2.283829927444458
468,*CC(CC(*)(C#N)C(=O)OC)c1ccccc1,egc,5.950798511505127
469,*C(C*)(CCCCC)C(=O)OC,tg,48.66070810953776
470,*C(C*)COCC1OC(=O)OC1,tg,56.30549875895182
471,*CC(=O)Cc1ccc(*)cc1,nc,1.8005959590276082
472,*OC(=S)Oc1ccc(*)cc1,nc,1.844667633374532
473,*OC(=O)c1ccc(cc1)CC(=O)OCC*,tg,27.9604975382487
474,*CC(C)CCCCC(=O)N*,egc,5.9792524973551435
475,*C(C(=O)C*)c1ccccc1,tg,102.76148732503255
476,*CCC(C)C(*)C,egc,6.95718781153361
477,*c1cc(-c2sc(-c3cc(CCCC)c(*)s3)cc2CCCC)c2cccccc1-2,egc,2.1045432090759277
478,*CCOC(=O)c1ccc(C(=O)NCCCCCCCCCCCCNC(=O)c2ccc(C(=O)O*)cc2)cc1,egc,4.465950965881348
479,*C1C2C(C(=O)N(C2=O)c2cc(ccc2)Br)C(C1)C=C*,tg,196.5994669596354
480,*CNC(=O)OC(c1ccco1)C(OC(=O)NCc1ccc(C(C)(C)c2ccc(*)o2)o1)c1ccco1,egc,4.925575415293376
481,*CC(*)C(=O)OCCCCCCCCCCCCCC,egc,5.990471839904785
482,*Nc1c(cc(cc1)NC(=O)c1ccc(cc1)NC(=O)CCCCCCCCCCC(=O)Nc1ccc(cc1)C(=O)*)C(=O)OCCCCCCCCCCCCCCCCCC,tg,249.81786092122397
483,*CNCC(*)=O,nc,1.789357304573059
484,*c1n(c(nn1)c1ccc(cc1)Oc1ccc(cc1)C(c1ccc(cc1)Oc1ccc(cc1)*)(C)C)c1ccc(cc1)S(=O)(=O)C,tg,213.2938232421875
485,*NC(=O)c1c(cc(cc1)C(=O)NCCCCCC*)Oc1ccccc1,tg,117.3400370279948
486,*CNC(=S)O*,eps,4.395631631215413
487,*NC(S1)=CC=C1C(=S)C(C=C2)=CC=C2*,egc,2.6240517298380532
488,*N1C(=O)c2c(C1=O)cc(cc2)C(=O)c1cc2c(C(=O)N(C2=O)CCC(=O)Nc2ccc(cc2)Oc2ccc(cc2)Oc2ccc(cc2)NC(=O)CC*)cc1,tg,220.43941752115884
489,*c1cccc(Oc2cccc(-n3c(=O)c4cc5c(=O)n(*)c(=O)c5cc4c3=O)c2)c1,egc,2.809184710184733
490,*CC(*)C(=O)NCCc1ccccn1,egc,3.787873109181722
491,*CCCOC(=O)CCCCCCC(=O)O*,egb,6.421630064646403
492,*c1ccc(N(*)CCCCCC)cc1,egc,2.5060782432556152
493,*Oc1ccc(OC(=O)c2cc(OCCCCCCOCCCCC)c(C(*)=O)cc2OCCCCCCOCCCCC)cc1,egc,2.717052380243937
494,*c1cc2c(C(=O)N(C2=O)c2cc(ccc2)Oc2c(ccc(c2)Oc2cc(ccc2)N2C(=O)c3c(C2=O)cc(cc3)C(*)(C(F)(F)F)C(F)(F)F)P(=O)(c2ccccc2)c2ccccc2)cc1,tg,220.45305887858072
495,*CC1CCC(CNC(=O)CCCCCC(=O)N*)CC1,egc,5.680638313293457
496,*c1nc2c([nH]1)ccc(c2)c1ccc2c(nc([nH]2)CCCCCNc2nc(nc(n2)NCCCCC*)N(CC)CC)c1,tg,143.68964640299478
497,*CC(CCCC)(CCCC)C(=O)O*,egc,6.508717060089111
498,*OC1CCC(OC(=O)C(*)=O)CC1,egc,5.116487979888916
499,*NC(=S)NO*,eps,5.552859465281169
500,*Oc1ccc(cc1)C(=O)c1ccc(cc1)OCCCCCCOC(=O)OCCOC(=O)OCCCCCC*,tg,9.771596272786459
501,*c1ccc(C(=O)c2ccc(C(=O)c3ccc(Oc4ccc(-c5nn(*)c(=O)c6ccccc56)c(F)c4)cc3)cc2)cc1,egc,2.9304517110188804
502,*c1c(nc2c(c1c1ccccc1)cc(cc2)c1cc2c(nc(c(c2c2ccccc2)c2ccc(cc2)Oc2ccc(cc2)*)c2ccccc2)cc1)c1ccccc1,tg,322.54693603515625
503,*Oc1ccc(cc1)C(=O)OC(=O)c1ccc(cc1)OC*,tg,122.69877624511719
504,*N=P(*)(Oc1ccc(cc1)CC)Oc1ccc(cc1)CC,tg,18.700820922851562
505,*c1ccc(NC(F)(F)C(*)(F)F)s1,eea,2.000300645828247
506,*OC1CCC(C2CCC(OC(=O)CCCCCCCCCCCC(*)=O)CC2)CC1,egc,6.429599603017171
507,*c1nc2c(nc1c1ccccc1)cc(cc2)c1cc2c(nc(c(n2)c2ccccc2)c2ccc(cc2)c2ccc(cc2)*)cc1,tg,353.84814453125
508,*C(C*)c1ccc(cc1)S(=O)(=O)OCCC,tg,35.368202209472656
509,*c1cc2c(C(=O)N(C2=O)c2c(cc(cc2C(C)C)Cc2cc(c(c(c2)C(C)C)N2C(=O)c3c(C2=O)cc(cc3)C(=O)*)C(C)C)C(C)C)cc1,tg,314.43028767903644
510,*Oc1ccc(SSCCCCCCCCCCSSc2ccc(*)cc2)cc1,egc,3.812162160873413
511,*O[Si](c1ccc(cc1)c1ccc(cc1)[Si](*)(c1ccccc1)c1ccccc1)(c1ccccc1)c1ccccc1,tg,197.0594685872396
512,*Nc1ccc(cc1)C(c1ccc(cc1)C(c1ccc(cc1)Nc1ccc(cc1)C(=O)c1ccc(cc1)C(=O)c1ccc(cc1)*)(C)C)(C)C,tg,184.22975158691406
513,*C(C*)c1ccc(cc1)B(Oc1c2ncccc2c(cc1)B1OC(C(O1)(C)C)(C)C)c1ccc(cc1)C(C)(C)C,tg,196.95145670572916
514,*c1cc2c(C(=O)N(C2=O)c2cc(c(c(c2)C)c2c(cc(cc2C)N2C(=O)c3c(C2=O)cc(cc3)C(*)(C(F)(F)F)C(F)(F)F)C)C)cc1,tg,311.192626953125
515,*N(c1ccc(cc1)c1c2c(c(cc1)c1c3c(c(cc1)c1ccc(cc1)*)c(ccc3C)C)c(ccc2C)C)c1ccc(cc1)C,tg,282.9520263671875
516,*N1C(=O)N(C(=O)C1=O)c1ccc(cc1)Oc1ccc(cc1)N1C(=O)N(C(=O)C1=O)c1c(cccc1)CCc1ccc(cc1)*,tg,220.78738911946616
517,*Nc1ccc(cc1)NC(=O)c1ccc(cc1)NC(=O)c1ccc(cc1)[Si](c1ccc(cc1)C(=O)Nc1ccc(cc1)C(=O)*)(C)C,tg,323.00929768880206
518,*CCCCOC(=O)O*,egc,7.141744613647461
519,*NC(=O)CCCCC(=O)NCCCP(CCC*)CCCCCCCC,tg,60.25453440348307
520,*c1nc2c(c(c1c1ccccc1)c1ccccc1)cc(cc2)Oc1cc2c(nc(cc2c2ccccc2)c2ccc(cc2)Oc2ccc(cc2)*)cc1,tg,299.0879821777344
521,*NC(=O)Nc1ccc(*)s1,eea,1.482266902923584
522,*CNOc1ccc(*)s1,eps,3.9252816836039224
523,*Nc1c(cc(cc1)NC(=O)c1ccc(cc1)NC(=O)CCCCCCCCCCCCC(=O)Nc1ccc(cc1)C(=O)*)C(=O)OCCCCCCCCCCCCCCCCCC,tg,262.0976969401042
524,*Oc1ccc(NC(=O)NC2CC(C)(C)CC(C)(CNC(=O)Nc3ccc(*)cc3)C2)cc1,egc,4.402120908101399
525,*c1cc2c(C(=O)N(C2=O)c2cc(cc(c2)OCCCCCCCCCCCCCCCC)N2C(=O)c3c(C2=O)cc(cc3)C(*)(C(F)(F)F)C(F)(F)F)cc1,tg,168.97144571940103
526,*CC#CCOC(=O)NCCCCCCNC(=O)O*,egc,5.817017078399658
527,*Nc1ccc(Nc2ccc(*)s2)cc1,ei,4.622624556223552
528,*C(=O)OC(=S)O*,egc,4.391058286031087
529,*Cc1ccc(C(=O)c2ccc(*)cc2)cc1,ei,6.270117282867432
530,*c1cc2c(C(=O)N(C2=O)c2ccc(cc2)Oc2ccc(cc2)C2(C3C4C(CCC4)C(C2)C3)c2ccc(cc2)Oc2ccc(cc2)N2C(=O)c3c(C2=O)cc(cc3)C(=O)Nc2ccc(cc2)Oc2cc(c(cc2)c2c(cc(cc2)Oc2ccc(cc2)NC(=O)*)C)C)cc1,tg,261.9452209472656
531,*C(C*)C(=O)N1CC[NH+](CC1)CC,tg,117.67751820882161
532,*Oc1ccc(C(C)=NCCN=C(C)c2ccc(*)cc2)cc1,egc,3.9304493268330893
533,*c1cc(ccc1)c1cc(ccc1)C(C(C(*)(F)F)(F)F)(F)F,tg,80.2425053914388
534,*c1ccc(-c2ccc(C(F)(F)C(*)(F)F)s2)s1,eps,4.510575453440349
535,*C(=S)C(F)(F)c1ccc(C(*)(F)F)cc1,ei,6.934924602508545
536,*CCCCNC(=O)CCCCCCCC(=O)N*,egc,6.011677265167236
537,*C(=O)c1ccc(-c2ccc(-c3ccc(*)s3)s2)s1,egb,1.3333202203114827
538,*CCCCCCCCCCOC(=O)Nc1ccc(C)c(NC(=O)O*)c1,egc,4.995719114939372
539,*c1cc2c(C(=O)N(C2=O)c2cc(ccc2)C(=O)c2cc(ccc2)N2C(=O)c3c(C2=O)cc(cc3)C(=O)*)cc1,tg,268.59967041015625
540,*c1cc2c(C(=O)N(C2=O)c2ccc(cc2)NC(=O)Nc2ccc(cc2)N2C(=O)c3c(C2=O)cc(cc3)C(=O)Nc2ccc(cc2)c2nc(cc(c2)c2ccccc2)c2ccc(cc2)NC(=O)*)cc1,tg,254.57025146484375
541,*c1oc(nn1)c1c2c(c(cc1)Oc1ccc(cc1)C(c1ccc(cc1)Oc1c3c(c(cc1)*)cccc3)(C(F)(F)F)C(F)(F)F)cccc2,tg,214.0001424153646
542,*C(C*)(C(=O)OCC(CO)O)C,tg,77.07053883870442
543,*C(C(C(C*)OCC)(C(=O)OC)C)(C(=O)OC)C,tg,116.3964360555013
544,*CC(=O)Nc1ccc(*)s1,ei,5.424592018127441
545,*Oc1ccc(C(C)(C)c2ccc(Oc3ccc(C(=O)c4ccc(*)cc4)cc3)cc2)cc1,egc,3.843240976333618
546,*CC(*)c1ccc(C=O)cc1,egc,3.874614636103312
547,*C(=O)c1ccc(C(=O)c2ccc(*)s2)cc1,nc,1.9481981595357258
548,*c1cc2c(oc(n2)c2cc(ccc2)c2oc3c(n2)cc(cc3)C(*)(C(F)(F)F)C(F)(F)F)cc1,tg,299.0501403808594
549,*NC(C)C(=O)NCC(*)=O,egc,5.814757664998372
550,*c1oc(nn1)c1ccc(cc1)Oc1cc(ccc1)NC(=O)c1cc(cc(c1)NC(=O)c1ccc(cc1)OC(=O)C)C(=O)Nc1cc(ccc1)Oc1ccc(cc1)*,tg,249.37935384114584
551,*CC1CCCC(CNC(=O)CCCCCCCCCCC(=O)N*)C1,egc,5.962912559509277
552,*Oc1ccc(cc1)Sc1ccc(cc1)OC1(C(C(C1(F)F)(F)F)(*)F)F,tg,125.39061482747395
553,*Oc1ccc(OC(=O)c2ccc(C(*)=O)cc2)cc1C(F)(F)F,egc,3.8848764896392822
554,*C(C*)OC(=O)c1c(cccc1)OC(=O)C,tg,63.905504862467446
555,*OP(=O)(Oc1ccc(cc1)c1ccc(cc1)*)OC1CCCCC1,tg,123.45572153727214
556,*N1C(=O)c2c(C1=O)cc(cc2)Oc1cc2c(cc1)cc(cc2)Oc1cc2c(C(=O)N(C2=O)c2ccc(cc2)Oc2ccc(cc2)*)cc1,tg,265.8384195963542
557,*Oc1ccc(cc1)S(=O)(=O)c1ccc(cc1)Oc1ccc(cc1)C(=O)c1cc(cc(c1)C(C)(C)C)C(=O)c1ccc(cc1)*,tg,199.4492441813151
558,*CC(CS(=O)(=O)C(C)C)O*,egc,5.207586606343587
559,*CC(=O)OC(*)=O,egb,6.196728706359863
560,*S(=O)(=O)c1ccc(cc1)Cc1ccc(cc1)*,tg,157.9106648763021
561,*c1c(cc(cc1)C=C*)OCc1cc(cc(c1)OCc1cc(cc(c1)OCC(CCCC)CC)OCC(CCCC)CC)OCc1cc(cc(c1)OCCC(CCCC(C)C)C)OCCC(CCCC(C)C)C,tg,246.91738891601562
562,*Oc1c2c(ccc1)cc(cc2)OCCNC(=O)c1ccc(cc1)C(=O)NCC*,tg,170.35124715169272
563,*c1ccc(Oc2ccc(-c3nc4ccc(Oc5ccc6nc(*)c(-c7ccccc7)c(-c7ccccc7)c6c5)cc4c(-c4ccccc4)c3-c3ccccc3)cc2)cc1,egc,3.403684457143148
564,*SSSSCc1ccc(cc1)C*,tg,30.8209966023763
565,*N1C(=O)c2c(C1=O)cc(cc2)C(=O)c1cc2c(C(=O)N(C2=O)CCCCCC(=O)Nc2ccc(cc2)Oc2ccc(cc2)Oc2ccc(cc2)NC(=O)CCCCC*)cc1,tg,178.1337890625
566,*c1cccc(-c2ccc(-c3ccc(*)s3)s2)c1,egc,2.4271443684895835
567,*OC(=O)NCc1ccc(cc1)CNC(=O)OCCCCCC*,tg,51.96062978108724
568,*N1C(=O)c2c(C1=O)cc(cc2)C(=O)Oc1ccc(cc1)c1ccc(cc1)OC(=O)CCCCC*,tg,114.6684341430664
569,*N1C(=O)C2C3C4C(C(C2C1=O)C=C3)C(=O)N(C4=O)c1ccc(cc1)Oc1ccc(cc1)*,tg,345.78835042317706
570,*CC(=O)C(C)C(*)c1ccc(O)c2ncccc12,egc,3.029438098271688
571,*N1C(=O)c2c(C1=O)cc(cc2)C(=O)c1cc2c(C(=O)N(C2=O)CCC(=O)Nc2cc(ccc2)Oc2ccc(cc2)NC(=O)CC*)cc1,tg,215.91519165039062
572,*C(=O)c1ccc(-c2ccc(-c3ccc(*)s3)s2)s1,eea,3.4182966550191245
573,*C(C*)(C(=O)OC(C)(C)C)C,tg,82.81360880533855
574,*C(C*)(C(=O)OCC1(COC(OC1)(C)C)C)C,tg,130.2250213623047
575,*C(F)(F)C1(F)C(F)(F)C(*)(F)C(F)(F)C1(F)F,egc,7.5392082532246905
576,*CNOC(*)=S,nc,1.8299975792566936
577,*c1cnc(*)s1,egc,2.8472516536712646
578,*Oc1c(cc(cc1)Oc1ccc(cc1)C(=O)c1ccc(cc1)C(=O)c1ccc(cc1)*)c1cc(c(cc1)Cl)C(F)(F)F,tg,173.25205993652344
579,*C(C(CCCCCCCCCCC*)c1ccc(cc1)O)c1c(cc(cc1)O)C,tg,-13.469304402669271
580,*Nc1ccc(cc1)c1c(cc(cc1c1ccccc1)c1ccc(cc1)c1cc(c(c(c1)c1ccccc1)c1ccc(cc1)NC(=O)c1ccc(cc1)C(=O)*)c1ccccc1)c1ccccc1,tg,297.1697184244792
581,*C(C*)c1c(ccc(c1)C(=O)OCCCCCCCC)c1ccc(cc1)OCCCCCCCC,tg,57.29937998453776
582,*C1COC2C1OCC2OC(=O)CNC(=O)CNC(=O)CCCCCCCCC(=O)NCC(=O)NCC(=O)O*,tg,72.75042470296223
583,*OC1CCC(C=C)CC1*,egc,5.153531074523926
584,*c1cc(N2C(=O)c3ccc(P(=O)(c4ccccc4)c4ccc5c(c4)C(=O)N(*)C5=O)cc3C2=O)cc(C(F)(F)F)c1,egc,3.4477935632069907
585,*Oc1cc(ccc1)NC(=O)CCCCC(=O)Nc1ccc(cc1)*,tg,150.32787068684897
586,*CC(CO*)(CS(=O)(=O)C(C)C)CS(=O)(=O)C(C)C,egc,4.758611679077148
587,*Oc1cc2c(cc1)ccc(c2)Oc1ccc(cc1)C(=O)Nc1cc(ccc1)NC(=O)c1ccc(cc1)*,tg,231.5961456298828
588,*c1ccc(Oc2ccc(-c3cnc4cc5nc(*)cnc5cc4n3)cc2)cc1,egc,3.0066332817077637
589,*Nc1cc(cc(c1)C(=O)OCCOC(=O)C=Cc1ccc(cc1)N(C)C)NC(=O)c1cc(ccc1)C(=O)*,tg,193.4231923421224
590,*Nc1ccc(cc1)C1(c2ccccc2c2ccccc12)c1ccc(cc1)NC(=O)c1c(cc(cc1)c1cc(c(cc1)C(=O)*)C)C,tg,281.74053955078125
591,*c1cc2C3(CCC(CC3)(C3=NC(CO3)c3ccccc3)C3=NC(CO3)c3ccccc3)c3c(c2cc1)ccc(c3)c1cc2C(c3c(c2cc1)ccc(c3)*)(CCCCCC)CCCCCC,tg,154.4485117594401
592,*NC(=O)C(=S)O*,ei,6.989126205444336
593,*N1C(=O)c2c(C1=O)c(ccc2)c1cc2c(C(=O)N(C2=O)c2ccc(cc2)Sc2ccc(cc2)Sc2ccc(cc2)Sc2ccc(cc2)*)cc1,tg,253.13586934407553
594,*c1cc2c(C(=O)N(C2=O)c2ccc(cc2)NC(=S)N=Cc2cc(c(cc2)Cl)N2C(=O)c3c(C2=O)cc(cc3)C(=O)*)cc1,tg,247.7359822591146
595,*OC(=O)NCCCCCCNC(=O)OCCCCCCCCC*,tg,47.38707733154297
596,*Nc1ccc(-c2ccc(C(*)=S)s2)cc1,ei,5.39205535252889
597,*N1C(=O)c2c(C1=O)cc(cc2)c1cc2c(C(=O)N(C2=O)c2ccc(cc2)OC(=O)CCCCCCCCCCCCCCCCCCCCC(=O)Oc2ccc(cc2)*)cc1,tg,142.70836893717447
598,*C(=S)C(F)(F)c1ccc(C(*)(F)F)cc1,egb,2.8408342202504477
599,*C1C(=O)N(C(=O)C1*)CCCCCCCOc1ccc(cc1)c1ccc(cc1)C#N,tg,72.50001271565755
600,*C(C(*)C(=O)OC12CC3(CC(CC(C1)C3)(C2)C)C)C,tg,158.62198893229166
601,*Oc1ccc(cc1)C(c1ccc(cc1)OC(=O)*)C1CCCCC1,tg,206.347412109375
602,*OC(=O)NCCCCCCNC(=O)OCCCCCCCC*,tg,48.95712025960287
603,*Nc1ccc(OC(*)=S)s1,nc,2.02948530515035
604,*Nc1cc(ccc1)NC(=O)c1cc(ccc1)C(=O)*,tg,253.26610310872397
605,*C(=O)c1ccc2c(c1)C(=O)N(c1cccc(C(=O)c3cccc(N4C(=O)c5ccc(*)cc5C4=O)c3)c1)C2=O,egc,2.473562161127726
606,*C=Cc1ccc(*)o1,egc,2.728309710820516
607,*CC(*)OC(=O)C(F)(F)C(F)(F)C(F)(F)F,egc,6.61135212580363
608,*Oc1ccc(cc1)CC(NC(=O)CCc1ccc(cc1)OC(=O)CCCCC(=O)*)C(=O)OCCCC,tg,51.10503896077474
609,*Nc1ccc(cc1)C(c1ccc(cc1)NC(=O)c1cc(cc(c1)N1C(=O)C2C(C1=O)CC=CC2)C(=O)*)(C)C,tg,272.1591796875
610,*C(C*)c1ccc(cc1)C(=O)OCCCCCC,tg,47.78492736816406
611,*Oc1c(cc(c(c1)OC(=O)c1ccc(cc1)OCC)OC(=O)CCCC(=O)*)OC(=O)c1ccc(cc1)OCC,tg,70.90802510579427
612,*[Si](C/C=C\C*)(c1ccccc1)C,tg,7.1718495686848955
613,*C(C*)(C(=O)OCCOCCOCC[N+](CCCCS(=O)(=O)O)(CC)CC)C,tg,68.69401041666667
614,*C(C*)(C(=O)OCC(C)C)C,tg,42.330675760904946
615,*CC(=O)c1ccc(O*)s1,nc,1.962814211845398
616,*Oc1ccc(cc1)P(=O)(c1ccc(cc1)Oc1ccc(cc1)C(c1ccc(cc1)*)(C)C)C,tg,211.2872517903646
617,*OC(=O)CCSCCC(=O)OCCOCCOCC*,tg,-47.61625671386719
618,*N1C(=O)c2c(C1=O)cc(cc2)C(=O)Nc1ccc(cc1)Oc1ccc(cc1)Oc1ccc(cc1)NC(=O)C*,tg,212.23443603515625
619,*NC(CCCNC(=O)c1ccc(Cl)cc1)C(*)=O,egc,4.5679880777994795
620,*CCCC1(C)CCN(C(=O)CCC(=O)N2CCC(*)(C)CC2)CC1,egc,5.330709934234619
621,*Oc1ccc(cc1)S(=O)(=O)c1ccc(cc1)Oc1ccc(cc1)N=Cc1ccc(cc1)*,tg,158.48943583170572
622,*Oc1ccc(cc1)C(c1ccc(cc1)OCCOC(=O)Nc1ccc(cc1)Cc1ccc(cc1)NC(=O)OCC*)(C)C,tg,106.25775146484375
623,*Oc1ccc(cc1)C(=C(Cl)Cl)c1ccc(cc1)OC(=O)*,tg,184.3900604248047
624,*N1C(=O)c2c(C1=O)cc(cc2)Oc1cc2c(C(=O)N(C2=O)c2ccc(cc2)Sc2sc(cc2)Sc2sc(cc2)Sc2sc(cc2)Sc2ccc(cc2)*)cc1,tg,189.1875254313151
625,*Nc1ccc(C(=S)c2ccc(*)s2)s1,nc,2.412199338277181
626,*Cc1ccc(C(=O)N*)cc1,eea,1.8883655865987141
627,*Oc1ccc(cc1)OC(=O)c1c(cc(cc1)C(=O)Oc1ccc(cc1)OCC*)OCCCCC,tg,76.17090098063152
628,*CC(C=C1)=CC=C1CC(S2)=CC=C2*,egc,4.714816729227702
629,*N1C(=O)c2c(C1=O)cc(cc2)Oc1cc2c(C(=O)N(C2=O)c2cc(ccc2)Oc2c(c(ccc2)Oc2cc(ccc2)*)C#N)cc1,tg,203.92652384440103
630,*Nc1ccc(NC(=O)CCCCCC(*)=O)cc1,egc,4.409199873606364
631,*NC(=O)c1ccc(O*)cc1,eea,2.2822089989980063
632,*Oc1c(cc(cc1Br)C(c1cc(c(c(c1)Br)OC(=O)*)Br)(C(F)(F)F)C(F)(F)F)Br,tg,173.0119832356771
633,*OP(=O)(Oc1c(cc(cc1Br)C(c1cc(c(c(c1)Br)*)Br)(C(F)(F)F)C(F)(F)F)Br)Oc1ccccc1,tg,142.65646362304688
634,*N1C(=O)c2c(C1=O)cc(cc2)Oc1cc2c(C(=O)N(C2=O)c2ccc(cc2)Oc2ccc(cc2)C(=O)c2nc(ccc2)C(=O)c2ccc(cc2)Oc2ccc(cc2)*)cc1,tg,259.1349385579427
635,*c1ccc(C(=O)c2ccc(-n3c(=O)c4cc5c(=O)n(*)c(=O)c5cc4c3=O)cc2)cc1,egc,2.5923049449920654
636,*c1nc(nc(n1)N(CCCCN(*)c1ccccc1)c1ccccc1)c1ccccc1,tg,91.01089986165364
637,*Oc1ccc(cc1)C(c1ccc(cc1)OCC(C*)OC(=O)C)(c1ccccc1)C,tg,102.42886098225911
638,*C(=S)c1ccc(C(F)(F)C(*)(F)F)s1,ei,6.782776514689128
639,*OC(CC(=O)*)CCOc1ccccc1,tg,6.748758951822917
640,*C(C*)c1c(cccc1)C(=O)Oc1ccccc1,tg,141.96752421061197
641,*CC(F)(F)C(F)(F)C(F)(F)C(F)(F)COC(=O)CC(CC(=O)O*)C(F)(F)C(F)(F)C(F)(F)F,egc,6.769721031188965
642,*Oc1c(F)c(F)c(On2c(=O)c3cc4c(=O)n(*)c(=O)c4cc3c2=O)c(F)c1F,egc,3.035505692164103
643,*c1c(nc2c(n1)cc(cc2)Oc1ccc(cc1)NC(=O)c1cc(cc(c1)N1C(=O)c2c(C1=O)cccc2)C(=O)Nc1ccc(cc1)Oc1cc2c(nc(c(n2)c2ccc(cc2)Oc2ccc(cc2)*)c2ccccc2)cc1)c1ccccc1,tg,292.0239969889323
644,*NCc1cc(C(=O)O)cc(CNc2nc(-c3csc(*)n3)cs2)c1N,egc,3.710648854573568
645,*C1C(CC(C1)C=C*)C(=O)Oc1ccccc1,tg,72.02803039550781
646,*OC(=O)c1ccc(cc1)C(=O)OCC1CCC(CC1)C*,tg,66.56267547607422
647,*Oc1ccc(cc1)S(=O)(=O)c1ccc(cc1)Oc1c(cc(cc1C(C)C)C(c1cc(c(c(c1)C(C)C)*)C(C)C)(C)C)C(C)C,tg,196.14156087239584
648,*c1nc(nc(n1)Oc1ccc(cc1)C(=O)Nc1ccc(cc1)S(=O)(=O)c1ccc(cc1)NC(=O)c1ccc(cc1)O*)Sc1ccccc1,tg,244.45777893066406
649,*c1nc2c(c(c1)c1ccccc1)cc(cc2)c1cc2c(nc(cc2c2ccccc2)c2ccc(cc2)C2(c3ccccc3c3ccccc23)c2ccc(cc2)*)cc1,tg,400.61110432942706
650,*c1nc2c([nH]1)ccc(c2)N1C(=O)c2c(C1=O)cc(cc2)C(=O)c1cc2c(C(=O)N(C2=O)c2ccc(cc2)*)cc1,tg,353.93199666341144
651,*P1(=NP(=NP(=N1)(Oc1ccc(cc1)C(=O)OC)Oc1ccc(cc1)C(=O)OC)(Oc1ccc(cc1)C(c1ccc(cc1)O*)(C)C)Oc1ccc(cc1)C(=O)OC)Oc1ccc(cc1)C(=O)OC,tg,29.105817159016926
652,*OC(=O)c1c(cccc1)C(=O)OCCCS(=O)(=O)CCCS(=O)(=O)CCC*,tg,35.32401784261068
653,*c1ccc(-c2cnc3ccc(Oc4ccc5ncc(*)nc5c4)cc3n2)cc1,egc,3.2847490310668945
654,*Nc1ccc(cc1)Cc1ccc(cc1)NC(=O)c1cc(cc(c1)NC(=O)CCCCCCCCCCN1C(=O)c2c(C1=O)cccc2)C(=O)*,tg,143.49957275390625
655,*C(C*)P(=O)(OCC)N(C)C,tg,16.649668375651043
656,*Oc1ccc(cc1)NC(=O)c1ccc(cc1)[Si](c1ccc(cc1)C(=O)*)(c1ccccc1)c1ccccc1,tg,192.14153544108072
657,*C1C(=O)N(C(=O)C1*)C(CC)C,tg,179.2588348388672
658,*N1C(=O)c2c(C1=O)cc(cc2)c1cc2c(C(=O)N(C2=O)c2ccc(cc2)Oc2ccc(cc2)*)cc1,tg,282.6095784505208
659,*CCc1ccc(-c2ccc(*)cc2)cc1,nc,1.8649062315622966
660,*Oc1ccc(cc1)Sc1ccc(cc1)OC(=O)OC1C(C(C1(C)C)OC(=O)*)(C)C,tg,150.38616943359375
661,*NC(=O)c1ccc(C(*)=S)s1,eea,3.878070116043091
662,*C1C(CC(C1)C=C*)([Si]([Si](C)(C)C)(C)C)C#N,tg,201.9595184326172
663,*CCC(=O)c1ccc(*)cc1,eps,3.8439996242523193
664,*C(C*)C(=O)OCCSCCC#N,tg,-48.1169687906901
665,*Oc1ccc(cc1)S(=O)(=O)c1ccc(cc1)OCC(CN(S(=O)(=O)c1cc(ccc1)S(=O)(=O)N(CC(C*)O)C)C)O,tg,87.07504272460938
666,*Oc1ccc(cc1)C(c1ccc(cc1)OC(=S)*)c1ccccc1,tg,142.1292928059896
667,*Oc1ccc(cc1)NC(=C(C#N)C#N)c1cc2c(cc1)cc(cc2)C(=C(C#N)C#N)Nc1ccc(cc1)*,tg,218.05569458007812
668,*c1nc2cc3c(cc2nc1)ncc(n3)c1ccc(cc1)Oc1ccc(cc1)*,tg,300.24607340494794
669,*C(C*)(C(=O)OCC1N(CC(C1)NC(=O)C1N(CC(C1)NC(=O)OC(C)(C)C)C(=O)OC(C)(C)C)C(=O)C1N(CC(C1)NC(=O)OC(C)(C)C)C(=O)OC(C)(C)C)C,tg,120.55656433105469
670,*Oc1c(cc(cc1)Oc1ccc(cc1)C(=O)c1c2c(ccc1)cccc2C(=O)c1ccc(cc1)*)C(C)(C)C,tg,210.77283223470053
671,*N(CC*)C(=O)c1c(cc(c(c1)F)F)F,tg,112.71453857421875
672,*C(C*)(C(=O)OCCCCn1c2ccccc2c2ccccc12)C,tg,102.77142842610677
673,*COc1ccc(O*)s1,egb,4.506052017211914
674,*CC(*)C(=O)NC(C)CC,egc,5.482431411743164
675,*CC(CC)(CC)CO*,egc,5.901133855183919
676,*CC(=O)Nc1ccc(*)cc1,ei,5.884711265563965
677,*OC(=O)NCCCCCCNC(=O)OC/C=C/C*,tg,12.308649698893229
678,*C(C*)(C(=O)OC1C2C3C(C(C1)C2)C1CCC3C1)C,tg,209.93896993001303
679,*C(F)(F)C(F)(F)C(C=C1)=CC=C1O*,egc,4.926955064137776
680,*c1ccc(-c2ccc(-c3nc(-c4ccc(-c5csc(*)n5)cc4)cs3)cc2)cc1,egc,2.9359830220540366
681,*Cc1ccc(C(=O)c2ccc(*)s2)cc1,nc,1.8966974417368572
682,*[SiH2]C#Cc1cc(ccc1)C#C*,tg,51.216870625813804
683,*OC(C)COC(=O)CCCCS(=O)(=O)CCCCC(*)=O,egb,6.148740768432617
684,*C1OC(C(C(C1N)O)O*)CO,tg,156.63029988606772
685,*Nc1c(cc(cc1)NC(=O)c1ccc(cc1)NC(=O)CCCCCCC(=O)Nc1ccc(cc1)C(=O)*)C(=O)OCCCCCCCCCCCCCCCCCC,tg,266.84961954752606
686,*NC(CCCCN)C(*)=O,egc,5.6945749918619795
687,*c1nc2c(c(c1)c1ccccc1)cc(cc2)c1cc2c(nc(cc2c2ccccc2)c2ccc(cc2)*)cc1,tg,377.0646260579427
688,*OP(=O)(Oc1ccc(cc1)C(c1ccc(cc1)*)(C)C)Oc1ccccc1,tg,76.18746948242188
689,*N(CC*)C(=O)c1cc(cc(c1)F)F,tg,99.78937276204427
690,*Nc1ccc(cc1)C1(c2ccccc2c2ccccc12)c1ccc(cc1)NC(=O)c1cc(cc(c1)NC(=O)C12CC3CC(CC(C1)C3)C2)C(=O)*,tg,338.69740804036456
691,*C(=S)c1ccc(C(=S)c2ccc(*)cc2)s1,eea,3.4036285082499185
692,*c1cc2c(C(=O)N(C2=O)c2ccc(cc2)C(=O)OCCCCCCCCCCOC(=O)*)cc1,tg,75.67406972249348
693,*CCCCCCOC(=O)NCCSCCCCCSCCNC(=O)O*,egb,5.0425041516621905
694,*C(=O)c1ccc(-c2ccc(-c3ccc(*)s3)cc2)s1,eps,8.22495142618815
695,*C(C*)(C(=O)OCC[N+](CCCCCCC)(C)C)C,tg,47.85151672363281
696,*c1ccc2c(nc([nH]2)c2ccc(cc2)C(=O)Nc2cc(ccc2)NC(=O)*)c1,tg,286.02557373046875
697,*CNCNC(=O)NC(=O)N*,eea,0.9637558460235596
698,*c1cc2c(C(=O)N(C2=O)c2cc(c(cc2)c2c(cc(cc2)N2C(=O)c3c(C2=O)cc(cc3)C(=O)Oc2ccc(cc2)C2(CCCCCCCCCCC2)c2ccc(cc2)OC(=O)*)C)C)cc1,tg,200.7870635986328
699,*c1sc(-c2sc(-c3sc(*)c4nccnc34)c3c2OCCO3)c2c1OCCO2,egc,1.518645445505778
700,*Nc1ccc(cc1)C(c1ccc(cc1)NC(=O)c1c(cc(cc1)c1cc(c(cc1)C(=O)*)C)C)(C(F)(F)F)C(F)(F)F,tg,284.38611857096356
701,*Nc1ccc(*)cc1OC,egc,3.473078966140747
702,*C(F)(F)C(=S)C(F)(F)O*,egc,2.882594664891561
703,*C(C*)(C(=O)OCCCCCCCCOc1ccc(cc1)N=Nc1ccc(cc1)C#N)C,tg,40.195465087890625
704,*NC(=O)CCCCCCCCC(=O)NCCc1ccc(cc1)CC*,tg,97.9822285970052
705,*C1(OC(C(O1)(F)C(F)(F)F)(F)C(F)(F)F)C(*)(F)F,tg,180.2227783203125
706,*C1C(=O)N(C(=O)C1)c1ccc(cc1)Cc1ccc(cc1)N1C(=O)C(CC1=O)CC=CN(C=CC*)c1ccc(cc1)N=Nc1ccc(cc1)[N+](=O)[O-],tg,191.35869852701822
707,*NNC(=O)c1cc(cc(c1)NC(=O)c1cc2c(C(=O)N(C2=O)c2ncc(cc2)C)cc1)C(=O)NNC(=O)CC(=O)*,tg,170.35528055826822
708,*OC(=O)CNC(=O)C*,tg,102.3035405476888
709,*Oc1c(cc(cc1)OC(=O)c1ccc(cc1)OCCCCCCCCCCCCOc1ccc(cc1)C(=O)*)S(=O)(=O)c1ccccc1,tg,96.41005198160808
710,*Nc1ccc(cc1)Cc1ccc(cc1)NC(=O)/C=C/c1ccc(cc1)/C=C/C(=O)*,tg,187.51287841796875
711,*c1nc(nc(n1)c1ccc(cc1)Oc1ccc(cc1)C(c1ccc(cc1)Oc1ccc(cc1)*)(c1ccccc1)c1ccccc1)c1ccccc1,tg,266.29712931315106
712,*C(=O)c1ccc(OC(*)=S)s1,ei,6.441524028778076
713,*C(C*)(C(=O)OC1COC(OC1)CP(=O)(OCC)OCC)C,tg,4.6290842692057295
714,*CC(*)OC(=O)C(F)(F)C(F)(F)C(F)(F)C(F)(F)F,egc,6.627419630686442
715,*Oc1ccc(cc1)S(=O)(=O)c1cc2c(cc1)cc(cc2)S(=O)(=O)c1ccc(cc1)Oc1ccc(cc1)c1ccc(cc1)*,tg,243.77943420410156
716,*C(=O)c1ccc(Oc2ccc(C3(c4ccc(Oc5ccc(*)s5)cc4)c4ccccc4-c4ccccc43)cc2)cc1,egc,3.421844402949015
717,*c1c(cc(c(c1)OC)C=C*)OCCCC,tg,79.09910583496094
718,*c1c(c2c(C(=O)N(C2=O)c2ccc(cc2)N2C(=O)c3c(C2=O)c(c(c(c3c2ccccc2)c2ccccc2)c2ccc(cc2)Oc2ccc(cc2)*)c2ccccc2)c(c1c1ccccc1)c1ccccc1)c1ccccc1,tg,409.5486246744792
719,*Oc1ccc(cc1)NC(=O)c1cc(cc(c1)NC(=O)CCCCCN1C(=O)c2c(C1=O)cccc2)C(=O)Nc1ccc(cc1)*,tg,213.55025736490884
720,*CCC(=O)OC(=O)CCc1ccc(*)s1,egc,4.982687473297119
721,*Oc1ccc(cc1)C(c1ccc(cc1)OC(=S)*)(c1ccccc1)C,tg,149.76543172200522
722,*C(=O)c1ccc(OC(*)=S)s1,egb,2.072842995325724
723,*CCCCCCCCCCCC(=O)O*,egb,6.340674718221028
724,*c1cc2c(s1)-c1sc(*)cc1C2(CCCCCCCC)CCCCCCCC,egc,1.2090877691904705
725,*NC(=O)NC(*)=S,egb,2.527032454808553
726,*Oc1ccc(cc1)OC(=O)c1c(cc(cc1)C(=O)*)Oc1ccccc1,tg,101.30626678466797
727,*c1cc2c(C(=O)N(C2=O)c2ccc(cc2)Oc2ccc(cc2)C(=O)c2cc3c(cc2)cc(cc3)C(=O)c2ccc(cc2)Oc2ccc(cc2)N2C(=O)c3c(C2=O)cc(cc3)C(=O)*)cc1,tg,242.71472676595053
728,*c1oc(cc1)C(c1oc(cc1)CNC(=O)OCc1oc(cc1)COC(=O)NC*)(C)C,tg,57.92449188232422
729,*C(C*)C(=O)OCc1ccc(cc1)C#N,tg,45.290906270345054
730,*N=P(*)(N1CCCCC1)N1CCCCC1,tg,35.14129638671875
731,*c1cc2c(C(=O)N(C2=O)c2c(ccc(c2)C(=O)Nc2ccc(cc2)C(c2ccc(cc2)NC(=O)c2cc(c(cc2)C)N2C(=O)c3c(C2=O)cc(cc3)C(*)(C(F)(F)F)C(F)(F)F)(C(F)(F)F)C(F)(F)F)C)cc1,tg,264.7265930175781
732,*Oc1ccc(C2(c3ccc(OC(*)=O)c(Cl)c3)CCCCC2)cc1Cl,egc,4.877914269765218
733,*CC(*)OC(=O)CC,egc,6.4365471204121905
734,*C(C*)(C(=O)OCC(C(C(C(C(C(F)F)(F)F)(F)F)(F)F)(F)F)(F)F)C,tg,-12.242340087890625
735,*N1C(=O)c2c(C1=O)c(ccc2)Oc1c2c(C(=O)N(C2=O)c2ccc(cc2)Oc2ccc(cc2)Oc2ccc(cc2)*)ccc1,tg,264.86217244466144
736,*c1sc(cc1SCCCCCCCC)c1sc(c(c1)SCCCCCCCC)c1ccc(cc1)*,tg,70.46059163411458
737,*C(C*)(C(=O)OCCC(C)(C)C)C,tg,65.09550221761067
738,*Oc1ccc(cc1)C(c1ccc(cc1)OC(=S)*)C(C)C,tg,129.02374267578125
739,*Nc1ccc(cc1)C1(c2ccccc2c2ccccc12)c1ccc(cc1)NC(=O)c1cc(cc(c1)C(C)(C)C)C(=O)*,tg,310.91344197591144
740,*Oc1ccc(cc1)Oc1ccc(cc1)Oc1ccc(cc1)Oc1ccc(cc1)OC(=O)c1cc(ccc1)C(=O)*,tg,148.47817993164062
741,*C(C(*)(F)F)(OC(C(F)F)F)F,tg,32.904093424479164
742,*N1C(=O)c2c(C1=O)cc(cc2)[Si](c1cc2c(C(=O)N(C2=O)c2ccc(cc2)Oc2ccc(cc2)*)cc1)(C)C,tg,249.4924519856771
743,*C(CC(C*)c1ccc(cc1)Cl)(C#N)C#N,tg,145.75057983398438
744,*C(=O)c1ccc(-c2ccc(-c3ccc(*)s3)cc2)s1,egb,1.4021470546722412
745,*c1cc2c(C(=O)N(C2=O)c2ccc(cc2)Oc2ccc(cc2)N2C(=O)c3c(C2=O)cc(cc3)C(=O)Nc2ccc(cc2)S(=O)(=O)c2ccc(cc2)NC(=O)*)cc1,tg,275.270751953125
746,*c1cc2c(C(=O)N(C2=O)c2cc(cc(c2)OCCCCCCCCCCCC)N2C(=O)c3c(C2=O)cc(cc3)C(=O)*)cc1,tg,180.7798105875651
747,*Oc1cc(Br)cc(Br)c1*,egc,4.076340516408284
748,*C(C*)C(=O)Oc1ccc(cc1)Cl,tg,75.0152104695638
749,*C(C*)c1c(ccc(c1)C(=O)Oc1ccc(cc1)OCCCCCCCCCCCCCCCCCC)C(=O)Oc1ccc(cc1)OCCCCCCCCCCCCCCCCCC,tg,97.02645111083984
750,*N1C(=O)c2c(C1=O)cc(cc2)C(c1cc2c(C(=O)N(C2=O)CCN(CC*)c2ccc(cc2)N=Nc2ccc(cc2)C#N)cc1)(C(F)(F)F)C(F)(F)F,tg,191.78800455729166
751,*C(C*)(C(=O)OCCBr)C,tg,53.65302530924479
752,*N1C(=O)c2c(C1=O)cc(cc2)Oc1ccc(cc1)C(=O)Nc1ccc(cc1)Oc1ccc(cc1)*,tg,258.10984293619794
753,*Oc1ccc(-c2ccc(-c3ccc(*)cc3)cc2)s1,eea,1.9046796957651775
754,*Oc1ccc(cc1)S(=O)(=O)c1ccc(cc1)Oc1ccc(cc1)NC(=O)c1cc(cc(c1)C(C)(C)C)C(=O)Nc1ccc(cc1)*,tg,260.1123453776042
755,*CC(CC)(CC)C(=O)O*,egc,6.593283176422119
756,*CCCCNC(=O)CCCCCCCCCCC(=O)N*,egc,5.975148518880208
757,*Oc1ccc(cc1)C1(C2CCC(C1)C2)c1ccc(cc1)OC(=O)OC1C(C(C1(C)C)OC(=O)*)(C)C,tg,173.52625020345053
758,*c1ccc(*)s1,eea,1.9229294856389363
759,*C(C*)(C(=O)OCCC(C(C(C(C(C(C(C(C(C(F)(F)F)(F)F)(F)F)(F)F)(F)F)(F)F)(F)F)(F)F)(F)F)(F)F)F,tg,83.44600677490234
760,*C(C(C(C*)OC(=O)C)C(=O)OCCCC)C(=O)OCCCC,tg,14.834912618001303
761,*Oc1cc(ccc1)NC(=O)c1cc(cc(c1)C(C(C(C(F)(F)F)(F)F)(F)F)(F)F)C(=O)Nc1ccc(cc1)*,tg,241.0971883138021
762,*OC(=O)CCSCCC(*)=O,egc,5.393542289733887
763,*CC(=O)C(=S)C(*)=O,nc,2.1804908911387124
764,*C(C*)OC(=O)C(C(C)(C)C)(CC)C,tg,69.64511617024739
765,*CCCCCCCNC(=S)N*,egc,4.493620872497559
766,*c1sc(cc1CCCCCCOC(=O)COc1ccccc1)c1sc(cc1)*,tg,75.22544606526692
767,*NC(=S)C(=O)C(*)=S,egb,1.3643093903859456
768,*CCCOC(=O)Nc1cc(NC(=O)O*)ccc1C,egc,5.061942259470622
769,*CCCCC(=O)NCCCCCCNC(=O)CCCO*,egc,5.816683292388916
770,*C(=O)c1ccc(-c2ccc(-c3ccc(*)cc3)s2)cc1,egb,1.9773366451263428
771,*Oc1ccc(cc1)c1ccc(cc1)Oc1ccc(cc1)C(=O)c1c(c(c(c(c1c1ccc(cc1)F)c1ccc(cc1)F)c1ccc(cc1)F)c1ccc(cc1)F)C(=O)c1ccc(cc1)*,tg,262.54209391276044
772,*c1sc(nn1)c1ccc(cc1)C(=O)OCCCCCCCCOC(=O)c1ccc(cc1)*,tg,88.82769012451172
773,*Oc1ccc(cc1)C(=O)OCCN(CCOC(=O)c1ccc(cc1)OCC#CC#CC*)c1ccc(cc1)N=Nc1ccc(cc1)N=Nc1cc(c(c(c1)C)[N+](=O)[O-])C,tg,121.88213602701823
774,*C(C(CCCCC*)Cl)Cl,tg,-21.853418986002605
775,*C(C(CC*)C(=O)OC)C(=O)OC,tg,31.639572143554688
776,*Cc1ccc(-c2ccc(-c3ccc(*)s3)cc2)cc1,eps,4.196377118428548
777,*c1cc2c(C(=O)N(C2=O)c2c(cc(cc2)c2cc(c(cc2)N2C(=O)c3c(C2=O)cc(cc3)C(*)(C(F)(F)F)C(F)(F)F)OCCOc2ccc3c(c2)oc(=O)cc3C)OCCOc2ccc3c(c2)oc(=O)cc3C)cc1,tg,206.6573232014974
778,*O[Si](C#C[Si](C#C[Si](C#C[Si](C#C[Si](C#C[Si](C#C[Si](*)(C)C)(C)C)(C)C)(C)C)(C)C)(C)C)(C)C,tg,-11.152720133463541
779,*Oc1ccc(cc1)OC(=O)c1cc(ccc1)C(=O)*,tg,198.26327514648438
780,*c1sc(nn1)c1ccc(cc1)OC(=O)CCCCCCCCC(=O)Oc1ccc(cc1)C=C*,tg,70.20062255859375
781,*c1cc2c(C(=O)N(C2=O)C2CCC(CC2)N2C(=O)c3c(C2=O)cc(cc3)C(*)(C(F)(F)F)C(F)(F)F)cc1,tg,331.16663614908856
782,*CC(S1)=CC=C1OC(=S)*,egc,4.091960430145264
783,*NC(=O)CCCCCCCCC(=O)NCCCCCCCCCC*,tg,45.888623555501304
784,*c1cc(-c2ccc(OC)cc2)c(*)s1,egc,2.9073867797851562
785,*O[Si](*)(CCCOc1ccc(cc1)C(=O)Oc1ccc(cc1)C(=O)Oc1ccc(cc1)OC)C,tg,35.81284840901693
786,*Oc1ccc(cc1)C(c1ccc(cc1)OC(=O)c1ccc(cc1)CC(=O)*)(C)C,tg,130.43555196126303
787,*CCCCCCc1nnc(*)n1N,egc,5.477396329243978
788,*Cc1ccc(-c2ccc(O*)cc2)cc1,nc,1.8954342206319172
789,*Oc1c(cc(cc1)Oc1ccc(cc1)C(=O)c1ccc(cc1)*)c1cc(cc(c1)C(F)(F)F)C(F)(F)F,tg,176.21192932128906
790,*C(C*)c1c(cccc1)COC(C)C,tg,120.78982035319011
791,*C(C*)c1ccc(cc1)CCCCCCCCCCCCCCCCCC,tg,-29.024632771809895
792,*NC(=O)c1c(cc(cc1)C(=O)NCCCCCC*)Oc1ccc(cc1)F,tg,119.72312927246094
793,*C=CCCC*,tg,-67.78602600097656
794,*c1cc2c(C(=O)N(C2=O)c2cc(cc(c2)Cl)N2C(=O)c3c(C2=O)cc(c(c3)Cl)C(=O)*)cc1Cl,tg,322.54188028971356
795,*OC(C*)CSCCC,tg,-46.8674062093099
796,*OC(COC(=O)c1cc(ccc1)c1ccc(cc1)C(=O)*)COc1ccc(cc1)N=Nc1ccc(cc1)C#N,tg,127.75987752278645
797,*Oc1ccc(Oc2ccc(C(=O)C(=O)c3ccc(*)cc3)cc2)cc1,egc,3.5553975900014243
798,*Oc1ccc(cc1)CC(NC(=O)Cc1ccc(cc1)OC(=O)CC(CCC(=O)*)C)C(=O)OCC,tg,54.459887186686196
799,*Nc1ccc(-c2ccc(NC(=O)c3cc(C(*)=O)cc(S(=O)(=O)c4ccccc4)c3)cc2)cc1,egc,3.2035125891367593
800,*CCCCCCNC(=O)C(CCCCCCCCCCCCCCCC)C(=O)N*,egc,5.876081148783366
801,*Oc1ccc(cc1)Oc1ccc(cc1)NC(=C(C#N)C#N)c1cc(ccc1)C(=C(C#N)C#N)Nc1ccc(cc1)*,tg,219.47540283203125
802,*C(C*)(C(=O)OCCCCCCN(c1ccc(cc1)N=Nc1ccc(cc1)S(=O)(=O)C)C)C,tg,142.22821553548178
803,*Oc1ccc(cc1)C(=O)NCC(CCCNC(=O)c1ccc(cc1)*)(C)C,tg,169.32717895507812
804,*CC(*)(C)C(=O)OCC(F)(F)C(F)(F)C(F)(F)C(F)F,egc,6.3418779373168945
805,*CC(=S)c1ccc(C(*)=S)cc1,egb,2.1091881593068442
806,*N1C(=O)c2c(C1=O)cc(cc2)C(=O)c1cc2c(C(=O)N(C2=O)CCCCCC(=O)Nc2ccc(cc2)Oc2ccc(cc2)NC(=O)CCCCC*)cc1,tg,182.23611450195312
807,*C(=O)C(S1)=CC=C1C(C=C2)=CC=C2C(S3)=CC=C3*,egc,2.5631882349650064
808,*N1C(=O)c2c(C1=O)cc(cc2)C(=O)Oc1ccc(cc1)C(c1ccc(cc1)OC(=O)c1cc2c(C(=O)N(C2=O)CCCOCCCCOCCC*)cc1)(C)C,tg,87.53915659586589
809,*CC(O*)C(F)(F)F,nc,1.622826337814331
810,*Oc1ccc(cc1)CC(NC(=O)CCc1ccc(cc1)OC(=O)CCCCCCCCC(=O)*)C(=O)OC,tg,53.12657165527344
811,*C1(c2c(C(=O)O1)cccc2)c1ccc(cc1)Oc1ccc(cc1)P(=O)(c1ccc(cc1)Oc1ccc(cc1)*)C,tg,260.7140401204427
812,*Oc1cc(c(cc1)C=Nc1c(cc(cc1)c1cc(c(cc1)N=Cc1c(cc(cc1)OCCCCCCCCCC*)O)OC)OC)O,tg,103.57296498616536
813,*c1cc2c(C(=O)N(C2=O)c2ccc(cc2)C(c2ccc(cc2)N2C(=O)c3c(C2=O)cc(cc3)C(=O)c2cc(cc(c2)c2ccccc2)C(=O)*)(C(F)(F)F)C(F)(F)F)cc1,tg,291.65423583984375
814,*CCCCCCNC(=O)CCCCCCCCCCCCCCCCCCCCC(=O)N*,egc,5.9358038902282715
815,*Nc1ccc(-c2ccc(-c3ccc(*)s3)cc2)s1,ei,4.539766788482666
816,*C(F)(F)C1(F)C(F)(F)C(*)(F)C(F)(F)C(F)(F)C(F)(F)C1(F)F,egb,6.829849720001221
817,*N=Nc1cc(*)ccc1C,egc,3.3625029722849527
818,*N(C(=O)CCCCCCCCCC*)C,tg,11.528142293294271
819,*C=CC1CC(*)C(C(=O)OC(C)(C)C)C1C(=O)OC(C)(C)C,egc,4.887311935424805
820,*C(C*)c1c(ccc(c1)Br)OCC,tg,72.31788635253906
821,*NC(CC(N)=O)C(*)=O,egc,5.911303520202637
822,*Oc1ccc(C(=S)c2ccc(*)cc2)cc1,nc,2.0844527880350747
823,*C(C*)(C(=O)OCCCCCC(=O)Oc1ccc(cc1)OC(=O)c1ccc(cc1)OCCCCCC)C,tg,22.43566640218099
824,*OC(=O)Nc1ccc(cc1)CCCCc1ccc(cc1)NC(=O)OCC*,tg,62.82499440511068
825,*CC1CC1CO*,egb,6.966270764668782
826,*Oc1ccc(cc1)C(c1ccc(cc1)OCCOC(=O)c1ccc(cc1)C(=O)OCC*)(C)C,tg,77.1657206217448
827,*Cc1ccc(OC(*)=S)s1,eps,4.089845180511475
828,*CC(*)C(=O)OCC(F)(F)C(F)(F)C(F)(F)C(F)(F)F,egb,5.820326169331868
829,*C1C(=O)N(C(=O)C1CC*)CCCCCCCCCCCCCCCCCC,tg,59.37163798014323
830,*Oc1ccc(cc1)N=Cc1ccc(cc1)Oc1ccc(cc1)C(c1ccc(cc1)Oc1ccc(cc1)C=Nc1ccc(cc1)Oc1ccc(cc1)c1ccc(cc1)*)(C(F)(F)F)C(F)(F)F,tg,160.3654530843099
831,*Oc1c(cc(cc1)C(c1cc(c(cc1)OC(=O)*)C)(CCC)CCC)C,tg,127.81227620442708
832,*CCCCCCCCCCC(=O)N*,egc,6.0793137550354
833,*c1nc2c(nc1)cc(cc2)c1cc2c(nc(cn2)c2ccc(cc2)Oc2ccc(cc2)c2ccc(cc2)Oc2ccc(cc2)*)cc1,tg,218.51327006022134
834,*c1nc2c(nc1c1ccc(cc1)C(=O)NCCCCCCNC(=O)c1ccc(cc1)*)cccc2,tg,216.63758341471353
835,*C1C(C(C(C1)C=C*)(F)F)(C(F)(F)F)C(F)(F)F,tg,132.2778294881185
836,*c1ccc(-c2ccc(-c3ccc(*)n3C)o2)s1,egc,2.365579128265381
837,*C(C*)(C(=O)OCCCCCCOc1ccc(cc1)C(=O)Oc1c2c(c(cc1)N=Nc1ccc(cc1)Cl)cccc2)C,tg,48.80908203125
838,*Oc1c(cc(cc1)Oc1ccc(cc1)C(=O)c1ccc(cc1)*)C,tg,156.1749521891276
839,*CC(*)(F)C(C)=O,egc,5.440996170043945
840,*Oc1c(cc(cc1C)c1cc(c(c(c1)CBr)Oc1ccc(cc1)C(=O)c1ccc(cc1)*)C)CBr,tg,239.60157267252603
841,*Oc1cc(ccc1)NC(=O)CCCCCC(=O)Nc1ccc(cc1)*,tg,151.35130310058594
842,*SCCCCCCC(=O)NCc1ccc(cc1)CNC(=O)CCCCCC*,tg,69.6371078491211
843,*NC(=O)c1ccc(-c2ccc(*)s2)cc1,egb,3.051380475362142
844,*CC(*)(C)C(=O)Oc1ccc(C(=O)C=Cc2ccc(Cl)cc2)cc1,egc,2.519129912058512
845,*CC1CCC(COC(=O)NCCSCCCCCSCCNC(=O)O*)CC1,egc,5.481044928232829
846,*CNOC(*)=S,ei,6.1306304931640625
847,*CCCCCCCCCCNC(=O)CCC=CCCC(=O)N*,egc,5.551404158274333
848,*Oc1ccc(cc1)OC(=O)c1c(cc(cc1)C(=O)*)Sc1cc2c(cc1)cccc2,tg,143.50015767415366
849,*CC(F)(F)C(F)(F)C(F)(F)COC(=O)CCCCC(=O)O*,egb,6.359644254048665
850,*C(C*)(C(=O)OCCCOc1ccc(cc1)c1ccc(cc1)C#N)C,tg,107.15904744466145
851,*O[Si](O[Si](O[Si](O[Si](CC[Si](O[Si](O[Si](CC[Si](*)(c1ccccc1)c1ccccc1)(C)C)(C)C)(C)C)(c1ccccc1)c1ccccc1)(c1ccccc1)c1ccccc1)(c1ccccc1)c1ccccc1)(c1ccccc1)c1ccccc1,tg,18.767499287923176
852,*OC(=O)NCCCCCCCCCCNC(=O)OCCCCCCCCCCCC*,tg,36.52319844563802
853,*N1C(=O)c2c(C1=O)cc(cc2)c1cc2c(C(=O)N(C2=O)CCCCOC(=O)OCCCC*)cc1,tg,75.8508809407552
854,*OC(=O)/C=C\C(=O)OCCCC*,tg,59.24652353922526
855,*CC(*)(F)F,egc,7.1091415087382
856,*N1C(=O)c2c(C1=O)cc(cc2)Oc1ccc(cc1)C1(CCC(CC1)C(C)(C)C)c1ccc(cc1)Oc1cc2c(C(=O)N(C2=O)c2ccc(cc2)Oc2cc(c(cc2)c2c(cc(cc2)Oc2ccc(cc2)*)C)C)cc1,tg,255.20968627929688
857,*C1C(=O)N(C(=O)C1CC*)CCCC,tg,94.73816935221355
858,*OCc1ccc(cc1)C*,tg,95.96561940511067
859,*C(C*)n1c2c(c3ccccc3cc2)c2c1cccc2,tg,236.46756490071616
860,*CC(=O)c1ccc(-c2ccc(*)s2)s1,nc,2.0662089188893638
861,*Oc1ccc(OC(=O)C=Cc2ccc(C=CC(*)=O)cc2)cc1,egc,3.2848050594329834
862,*Nc1cc2cccc3c(*)cc4cccc1c4c23,egc,3.3301943937937417
863,*C(C*)(C(=O)OC1CCC(CC1)C(C)(C)C)C,tg,96.12766520182292
864,*Oc1c(cc(cc1)c1ccc(cc1)NC(=O)c1cc(cc(c1)C(C)(C)C)C(=O)Nc1ccc(cc1)c1cc(c(cc1)Oc1ccc(cc1)C(c1ccc(cc1)*)(C(F)(F)F)C(F)(F)F)C(F)(F)F)C(F)(F)F,tg,245.24784342447916
865,*c1cc2c(C(=O)N(C2=O)c2cc(ccc2)P(=O)(c2cc(ccc2)N2C(=O)c3c(C2=O)cc(cc3)C(*)(C(F)(F)F)C(F)(F)F)c2ccccc2)cc1,tg,270.52074178059894
866,*N1C(=O)c2c(C1=O)cc(cc2)c1c2c(C(=O)N(C2=O)c2cc(ccc2)OCCCc2cc(ccc2)*)ccc1,tg,200.91773478190103
867,*CCC(C#N)CC(C)=C(*)C,egc,5.891410191853841
868,*Nc1cc(ccc1)NC(=O)CCCCCCC(=O)*,tg,101.59619903564453
869,*C1COC2C1OCC2OC(=O)c1oc(cc1)C(=O)O*,tg,193.26616923014322
870,*c1cc2c(C(=O)N(C2=O)c2ccc(cc2)C(=O)OCCCCOC(=O)*)cc1,tg,113.26703135172527
871,*c1cc2c(C(=O)N(C2=O)c2c(ccc(c2)N2C(=O)c3c(C2=O)cc(cc3)C(=O)OCCN(CCOC(=O)*)c2ccc(cc2)C(=C(C#N)C#N)C#N)N=Nc2ccc(cc2)C(=C(C#N)C#N)C#N)cc1,tg,160.67955525716147
872,*C1COC2C1OCC2OC(=O)Nc1c(ccc(c1)NC(=O)O*)C,tg,111.59200286865234
873,*C(=O)c1ccc2c(c1)C(=O)N(c1cc(C(=O)O)cc(N3C(=O)c4ccc(*)cc4C3=O)c1)C2=O,egc,2.740654230117798
874,*OC(=O)c1cc(ccc1)C(=O)OCC1CCC(CC1)C*,tg,71.52183024088542
875,*CC(C#N)(C#N)C(C#N)C(C#N)(C#N)C(C#N)C(C#N)(C#N)*,egc,6.6344679196675616
876,*Oc1ccc(cc1)N(c1ccc(cc1)c1ccc(cc1)N(c1ccc(cc1)OCCCCCCCCCC*)c1ccccc1)c1ccccc1,tg,97.94684600830078
877,*C(C*)(C(=O)OCCCCCC(=O)Oc1ccc(cc1)OC(=O)c1ccc(cc1)OCCCCC)C,tg,33.00750223795573
878,*C1C2CC(C(C1*)C2)CCCCCCCCC(=O)OCC,tg,87.49862162272136
879,*C(=O)c1ccc(C(=S)c2ccc(*)cc2)cc1,eps,4.770916779836019
880,*CCC(C)CCOC(=O)CCCCC(=O)O*,egc,6.764596939086914
881,*Oc1ccc(cc1)C(c1ccc(cc1)Oc1ccc(cc1)C(=O)C(=O)c1ccc(cc1)*)(C)C,tg,145.43341573079428
882,*OCC(=S)c1ccc(C(=S)Cc2ccc(-c3ccc(*)cc3)cc2)s1,ei,5.717794895172119
883,*N1C(=O)c2c(C1=O)c(ccc2)Oc1cc(ccc1)Oc1c2c(C(=O)N(C2=O)c2cc(ccc2)*)ccc1,tg,263.9694417317708
884,*CCCCCNC(=O)CCCCCCCCCCCCC(=O)N*,egc,5.870179494222005
885,*Oc1ccc(cc1)Oc1ccc(cc1)C(=Nc1ccc(cc1)N=C(c1ccc(cc1)*)c1ccccc1)c1ccccc1,tg,158.53292846679688
886,*Oc1ccc(cc1)C(c1ccc(cc1)OC(=O)OCCCOC(=O)*)(C)C,tg,78.68565877278645
887,*c1ccc(-c2ccc(-c3ccc(*)n3-c3c(F)c(F)c(F)c(F)c3F)s2)s1,egc,2.0395873387654624
888,*NC(=S)OC(*)=S,nc,2.173712650934855
889,*c1cc2c(C(=O)N(C2=O)c2ccc(cc2)Cc2ccc(cc2)N2C(=O)c3c(C2=O)cc(cc3)C(CCCCC(*)(C)C)(C)C)cc1,tg,252.32461547851562
890,*Cc1cccc(CN(*)c2ccccc2)c1O,egc,3.3755815029144287
891,*c1cc(CCCc2ccccc2)c(*)s1,egc,2.307191530863444
892,*OP(=O)(OC(COc1ccc(cc1)S(=O)(=O)c1ccc(cc1)OCC(*)CCl)CCl)Oc1ccc(cc1)Br,tg,62.4827626546224
893,*CC(*)C(=O)OCCCCSC,egb,4.632357279459636
894,*O[Si](c1cc(ccc1)C(C(C(c1cc(ccc1)[Si](*)(C)C)(F)F)(F)F)(F)F)(C)C,tg,-8.771530151367188
895,*Nc1ccc(*)cc1N,egc,3.412835439046224
896,*N1C(=O)c2c(C1=O)c(ccc2)Oc1cc(ccc1)Oc1c2c(C(=O)N(C2=O)c2ccc(cc2)Oc2cc(ccc2)Oc2ccc(cc2)*)ccc1,tg,231.15002950032553
897,*CNC(=S)c1ccc(*)cc1,eea,2.3612855275472007
898,*Oc1ccc(cc1)S(=O)(=O)c1ccc(cc1)Oc1cc(ccc1)NC(=O)c1c(cc(cc1)c1cc(c(cc1)C(=O)Nc1cc(ccc1)*)C)C,tg,239.7301991780599
899,*OC(=O)CCCCC(=O)OCCCCCC*,tg,-50.06926981608073
900,*Oc1ccc(cc1)C(c1ccc(cc1)Oc1ccc(cc1)C(=O)c1c(c(c(c(c1c1ccc(cc1)F)c1ccc(cc1)F)c1ccc(cc1)F)c1ccc(cc1)F)C(=O)c1ccc(cc1)*)(C)C,tg,239.04750061035156
901,*Oc1ccc(Oc2ccc(*)cc2)s1,egb,4.139968713124593
902,*Oc1c(cc(cc1)S(=O)(=O)c1cc(c(cc1)Oc1ccc(cc1)C(c1ccc(cc1)*)(C)C)S(=O)(=O)O)S(=O)(=O)O,tg,205.6448771158854
903,*NC(CCC(*)=O)C(=O)OCc1ccccc1,egc,5.504683653513591
904,*OC(=O)Nc1c(ccc(c1)NC(=O)OCCN(CC*)c1ccc(cc1)N=Nc1ccc(cc1)[N+](=O)[O-])C,tg,132.1087188720703
905,*CNC(=S)N*,nc,1.9707084496815999
906,*CCCCCS*,eea,1.3865979115168254
907,*N1C(=O)c2c(C1=O)cc(cc2)NC(=O)OCCOc1ccc(cc1)C(c1ccc(cc1)OCCOC(=O)Nc1cc2c(C(=O)N(C2=O)c2cc(ccc2)P(=O)(c2cc(ccc2)*)C)cc1)(C(F)(F)F)C(F)(F)F,tg,211.60445658365884
908,*C(C*)CN,tg,54.28364562988281
909,*Oc1c(cc(cc1OC)C=Cc1ccc(cc1)C=Cc1ccc(cc1)C=Cc1cc(c(c(c1)OC)OCCCCCCCC*)OC)OC,tg,72.18858337402344
910,*NC(=O)C(=S)c1ccc(*)s1,nc,2.4389166831970215
911,*CC1CCC(COC(=O)CCCCCC(=O)O*)CC1,egc,6.691474278767903
912,*C1C2C(C(C(C1*)C2)C(=O)OCC1C2CCC(C1)C2)C(=O)OCC1C2CCC(C1)C2,tg,273.13575236002606
913,*Oc1ccc(cc1)c1cc(c(c(c1)c1ccc(cc1)c1ccccc1)c1ccc(cc1)NC(=O)c1ccc(cc1)C(=O)Nc1ccc(cc1)c1c(cc(cc1c1ccc(cc1)c1ccccc1)c1ccc(cc1)OCCCCCCCCCC*)c1ccc(cc1)c1ccccc1)c1ccc(cc1)c1ccccc1,tg,164.68767293294272
914,*c1c(nc2c(n1)cc(cc2)c1cc2c(nc(c(n2)c2ccc(cc2)N2C(=O)c3c(C2=O)cc(cc3)C(=O)c2cc3c(C(=O)N(C3=O)c3ccc(cc3)*)cc2)c2ccccc2)cc1)c1ccccc1,tg,262.19110107421875
915,*C(C(C(C*)OC)C(=O)O)C(=O)O,tg,132.57546742757162
916,*C(C*)(C(=O)OC1CC2C(CC1)CCCC2)C,tg,107.91934967041016
917,*OCC(C*)(CSC(C)C)CSC(C)C,tg,-5.3764699300130205
918,*c1ccc(-c2ccc(-n3c(=O)c4c(F)c5c(=O)n(*)c(=O)c5c(F)c4c3=O)cc2C)c(C)c1,egc,2.4221442540486655
919,*c1cc(*)c(O)c(C=Nc2ccc(S(=O)(=O)O)cc2)c1,egc,2.899857680002848
920,*c1nc2c(c(c1)c1ccccc1)cc(cc2)C1(c2ccccc2C(=O)c2ccccc12)c1cc2c(nc(cc2c2ccccc2)c2ccc(cc2)C2(c3ccccc3C(=O)c3ccccc23)c2ccc(cc2)*)cc1,tg,402.726806640625
921,*c1n(cnc1C(=O)NCCNC(=O)*)C,tg,146.29265340169272
922,*c1cc2c(C(=O)N(C2=O)c2cc(ccc2)C(c2cc(ccc2)N2C(=O)c3c(C2=O)cc(cc3)C(=O)*)O[Si](O[Si](O[Si](C)(C)C)(C)C)(C)C)cc1,tg,212.82840983072916
923,*C(=O)c1ccc2c(c1)C(=O)N(c1cccc(C#Cc3cccc(N4C(=O)c5ccc(*)cc5C4=O)c3)c1)C2=O,egc,2.451653242111206
924,*Oc1ccc(cc1)c1ccc(cc1)C(=O)OCC(COC(=O)c1ccc(cc1)c1ccc(cc1)OC(CC*)C)C,tg,90.6346435546875
925,*NC(=O)c1cc(cc(c1)C(C)(C)C)C(=O)NCc1cc(ccc1)C*,tg,187.29440307617188
926,*NC(=O)CCCCC(=O)NCCCCCCCC*,tg,57.00125630696615
927,*N1C(=O)c2c(C1=O)cc(cc2)C(=O)c1cc2c(C(=O)N(C2=O)CCCOC(=O)OCCCCCCOC(=O)OCCC*)cc1,tg,70.71904754638672
928,*CCC=C(*)C,egc,5.391807397206624
929,*c1sc(cc1)C(=O)Oc1ccc(cc1)[Si](c1ccc(cc1)OC(=O)*)(C)C,tg,-41.629353841145836
930,*O[Si](*)(c1c(c(c(c(c1F)F)F)F)F)C,tg,-23.671961466471355
931,*c1oc(nn1)c1ccc(cc1)Oc1cc(ccc1)NC(=O)c1c(cc(cc1)C(=O)Nc1cc(ccc1)Oc1ccc(cc1)*)Oc1ccccc1,tg,214.63322957356772
932,*Oc1ccc(cc1)C(=Cc1c(cc(c(c1)OC)C=C(c1ccc(cc1)*)c1ccc(cc1)F)OC)c1ccc(cc1)F,tg,198.61323038736978
933,*NC(=S)Nc1ccc(NC(=S)Nc2ccc(Oc3ccc(*)cc3)cc2)cc1,ei,5.414709726969401
934,*Cc1ccc(-c2ccc(C(*)=S)s2)cc1,nc,2.0593283971150718
935,*Oc1ccc(cc1)S(=O)(=O)c1ccc(cc1)Oc1ccc(cc1)C(c1ccc(cc1)*)(CCC(=O)O)C,tg,206.25304158528647
936,*OC(=O)Nc1c(ccc(c1)NC(=O)OCC(C*)(CC)CC)C,tg,-4.022664388020833
937,*CNC(=S)N*,egb,3.6798176765441895
938,*CC(C)(C)COC(=O)Nc1ccc(NC(=O)O*)cc1,egb,4.504688103993733
939,*c1ccc2N(c3c(Sc2c1)cc(cc3)C=Cc1sc(cc1)C=C*)c1ccc(cc1)OCCCCCCCCCCCC,tg,122.85889943440755
940,*OC(F)(F)NC(*)(F)F,eea,1.4833876689275105
941,*Oc1ccc(C(=S)c2ccc(*)cc2)s1,ei,5.9028083483378095
942,*Nc1ccc(-c2ccc(-c3ccc(*)s3)cc2)cc1,ei,4.771949132283528
943,*C(C*)c1ccc(cc1)C(=O)OC(C)C,tg,113.8798344930013
944,*C=CCC(C*)c1ccccc1,egc,4.777595043182373
945,*CNC(=S)C(*)=O,nc,2.076228936513265
946,*C(C*)C(=O)OCCCn1c2ccccc2c2ccccc12,tg,68.82791900634766
947,*Oc1ccc(cc1)C(c1ccc(cc1)OC(=O)OCCCCCOC(=O)*)(C)C,tg,63.90263366699219
948,*c1oc(cc1)C(c1oc(cc1)CNC(=O)OCc1cocc1COC(=O)NC*)(C)C,tg,36.515062967936196
949,*c1cc2c(C(=O)N(C2=O)c2ccc(cc2)NC(=O)Nc2ccc(cc2)N2C(=O)c3c(C2=O)cc(cc3)C(=O)Nc2ccc(cc2)Oc2ccc(cc2)NC(=O)*)cc1,tg,218.0458984375
950,*c1cc2c(C(=O)N(C2=O)c2c(c(c(c(c2C)C)N2C(=O)c3c(C2=O)cc(cc3)C(*)(C(F)(F)F)C(F)(F)F)C)C)cc1,tg,391.94751993815106
951,*C(C*)C(C(C(F)(F)F)(F)F)(F)F,tg,81.39454905192058
952,*C(C*)OC(CC)C,tg,-36.70314025878906
953,*CC(CCl)(CCl)C(=O)O*,egb,6.0391106605529785
954,*N1C(=O)c2c(C1=O)cc(cc2)Oc1c2c(ccc1)c(ccc2)Oc1cc2c(C(=O)N(C2=O)c2cc(cc(c2)C(F)(F)F)*)cc1,tg,262.5716145833333
955,*Oc1ccc(cc1)NC(=O)c1ccc(cc1)Oc1ccc(cc1)C(c1ccc(cc1)C(c1ccc(cc1)Oc1ccc(cc1)C(=O)Nc1ccc(cc1)Oc1ccc(cc1)c1ccc(cc1)*)(C)C)(C)C,tg,192.60324096679688
956,*N1C(=O)c2c(C1=O)cc(cc2)C(=O)Oc1ccc(cc1)c1ccc(cc1)OC(=O)c1cc2c(C(=O)N(C2=O)CCCC*)cc1,tg,163.61824544270834
957,*NC(=S)OC(*)=S,egb,2.147915522257487
958,*c1ccc(Oc2ccc(-c3cc(-c4ccccc4)c4cc5c(-c6ccccc6)cc(*)nc5cc4n3)cc2)cc1,egc,3.095198472340902
959,*c1cc2c(C(=O)N(C2=O)c2cc(ccc2)C(c2cc(ccc2)N2C(=O)c3c(C2=O)cc(cc3)C(*)(C(F)(F)F)C(F)(F)F)O[Si](O[Si](O[Si](C)(C)C)(C)C)(C)C)cc1,tg,206.28731282552084
960,*C(C*)(C(=O)OCCCCCCOc1ccc(cc1)C=Nc1ccc(cc1)C#N)C,tg,63.38713073730469
961,*Oc1ccc(cc1)C(c1cc(ccc1)C(c1ccc(cc1)Oc1ccc(cc1)C(=O)Nc1ccc(cc1)Cc1ccc(cc1)NC(=O)c1ccc(cc1)*)(C)C)(C)C,tg,143.34817504882812
962,*NC(=S)OC(=S)*,egc,2.857081174850464
963,*OC(C)COC(=O)C1CCC(C(*)=O)CC1,egc,6.594159285227458
964,*OC(=O)Cc1ccc(CC(*)=O)cc1,egc,5.094918886820476
965,*NC(=O)C(=S)C(*)=O,eps,6.3634951909383135
966,*OC(CCl)COC(=O)C1=C(C(=O)OCC(CCl)OC(=O)c2ccc(C(*)=O)cc2)C2C=CC1C2,egc,2.863198677698771
967,*Oc1ccc(cc1)C(c1ccc(cc1)OCOc1ccc(cc1)C(c1ccc(cc1)OCCCCCCCCCCCC*)(C)C)(C)C,tg,64.90084838867188
968,*Oc1ccc(cc1)N=Cc1ccc(cc1)N(c1ccc(cc1)C=Nc1ccc(cc1)*)c1ccccc1,tg,146.61862182617188
969,*Oc1c(cc(cc1C)c1cc(c(c(c1)CBr)Oc1ccc(cc1)C(=O)c1ccc(cc1)*)CBr)CBr,tg,229.01870727539062
970,*Oc1ccc(C(=O)c2ccc(*)cc2)cc1,ei,6.364770571390788
971,*c1nc2cc3c(cc2nc1c1ccccc1)nc(c(n3)c1cc(ccc1)*)c1ccccc1,tg,316.7064615885417
972,*CC(C=C)O*,egc,5.552516619364421
973,*C(C*)(C(=O)OCCN(c1cc(c(cc1)N=Nc1ccc(cc1)OC)C)CC)C,tg,97.65376281738281
974,*CCN*,egc,5.3458787600199384
975,*Oc1c(Cl)cc(C2(c3cc(Cl)c(OC(*)=O)c(Cl)c3)CC3CCC2C3)cc1Cl,egb,3.450702349344889
976,*OC(C)COC(=O)Cc1ccc(CC(*)=O)cc1,egc,5.346318244934082
977,*Nc1ccc(cc1)Cc1ccc(cc1)NC(=O)Nc1c(cccc1)CCc1ccc(cc1)NC(=O)*,tg,169.33734639485678
978,*N1C(=O)c2c(C1=O)cc(cc2)S(=O)(=O)c1cc2c(C(=O)N(C2=O)c2ccc(cc2)Cc2ccc(cc2)*)cc1,tg,321.86175537109375
979,*C=Cc1csc(-c2cc(*)cs2)c1,egc,2.4734788735707602
980,*Cc1ccc(-c2ccc(-c3ccc(*)s3)cc2)cc1,eea,1.9117027918497722
981,*OC(COC(=O)*)CCC,tg,-4.752634684244792
982,*c1cc2c(C(=O)N(C2=O)c2ccc(cc2)C(=O)OCCCSCCCCCCSCCCOC(=O)*)cc1,tg,42.258043924967446
983,*c1cc2c(C(=O)N(C2=O)c2cc(ccc2)N2C(=O)c3c(C2=O)cc(cc3)C(=O)Nc2ccc(cc2)Oc2ccc(cc2)C2(c3c(C(=O)N2)cccc3)c2ccc(cc2)Oc2ccc(cc2)NC(=O)*)cc1,tg,314.987548828125
984,*c1cc2c(C(=O)N(C2=O)c2ccc(cc2)S(=O)(=O)c2ccc(cc2)N2C(=O)c3c(C2=O)cc(cc3)C(*)(C(F)(F)F)C(F)(F)F)cc1,tg,322.44517008463544
985,*N1C(=O)c2c(C1=O)c(ccc2)Oc1c(cc(c(c1)C(C)(C)C)Oc1c2c(C(=O)N(C2=O)c2ccc(cc2)Oc2ccc(cc2)c2ccc(cc2)Oc2ccc(cc2)*)ccc1)C(C)(C)C,tg,269.6110534667969
986,*c1ncc(cc1)c1sc(cc1)c1cc2C(c3c(c2cc1)ccc(c3)c1sc(cc1)*)(CCCCCCCC)CCCCCCCC,tg,100.99258422851562
987,*C(=O)C(F)(F)NC(*)(F)F,eea,3.2182766596476235
988,*c1cc2c(C(=O)N(C2=O)c2ccc(cc2)Oc2ccc(cc2)N2C(=O)c3c(C2=O)cc(cc3)C(=O)Oc2ccc(cc2)OC(=O)*)cc1,tg,245.30349731445312
989,*c1nc2cc3c(cc2c(c1)c1ccccc1)c(cc(n3)c1ccc(cc1)Oc1ccc(cc1)*)c1ccccc1,tg,344.9579569498698
990,*c1sc(nn1)SCC(=O)NN=Cc1ccc(cc1)OCCCCCCCCCCOc1ccc(cc1)C=NNC(=O)CS*,tg,141.4477284749349
991,*CCc1ccc(-c2ccc(*)s2)s1,eps,4.235822041829427
992,*Nc1ccc(cc1)C(=O)c1c(c(c(c(c1C)C)C(=O)c1ccc(cc1)NC(=O)c1ccc(cc1)C(=O)*)C)C,tg,341.1315002441406
993,*c1cc2c(C(=O)N(C2=O)c2ccc(cc2)OCCN(CCOc2ccc(cc2)N2C(=O)c3c(C2=O)cc(cc3)C(*)(C(F)(F)F)C(F)(F)F)c2ccccc2)cc1,tg,170.37433369954428
994,*c1ccc(C(c2ccc(N3C(=O)c4ccc(Oc5ccc6c(c5)C(=O)N(*)C6=O)cc4C3=O)cc2)(C(F)(F)F)C(F)(F)F)cc1,egc,3.532569169998169
995,*Oc1ccc(cc1)Oc1ccc(cc1)OCCCCCCOC(=O)OCCCCCCCCCCOC(=O)OCCCCCC*,tg,-12.654586791992188
996,*O[Si](*)(CCc1ccc(cc1)O)C,tg,38.52429707845052
997,*Oc1ccc(-c2ccc(C(*)=O)s2)cc1,nc,2.050633351008097
998,*C(C*)(C(=O)OCCCCCCCOc1cc2c(cc1)cc(cc2)C(=O)Oc1ccccc1)C,tg,40.94921620686849
999,*C1C(=O)N(C(=O)C1C(C*)CCCCCCCCCCCCCCCC)CCCCNC(=O)C(C(C(C(C(C(C(F)(F)F)(F)F)(F)F)(F)F)(F)F)(F)F)(F)F,tg,97.01785786946614
1000,*N=P(*)(OCCCc1ccccc1)OCCCc1ccccc1,tg,-40.35387674967448
1001,*c1cc2c(C(=O)N(C2=O)c2ccc(cc2)C(=O)Nc2cc(ccc2)NC(=O)*)cc1,tg,296.0714518229167
1002,*Oc1cc(ccc1)Oc1ccc(cc1)S(=O)(=O)c1ccc(cc1)Oc1ccc(cc1)C(=O)c1ccc(cc1)*,tg,163.77849324544272
1003,*C=CC(C*)CCC,egc,5.584707895914714
1004,*Cc1ccc(Cc2ccc(*)s2)cc1,eea,1.1582578420639038
1005,*c1ccc(CC(F)(F)C(*)(F)F)cc1,eea,1.6902450323104858
1006,*CC(=O)Cc1ccc(*)s1,eps,3.63509202003479
1007,*Oc1ccc(cc1)C(c1ccc(cc1)OC(=O)*)(C(F)(F)F)C(F)(F)F,tg,129.01646423339844
1008,*c1cccc(*)n1,nc,1.9914962848027546
1009,*CC(C#N)(C#N)CC(C#N)(C#N)CC(C#N)(C#N)C(C#N)C(C#N)(C#N)*,egc,6.802644411722819
1010,*O[Si](O[Si](C#Cc1ccc(cc1)C#C[Si](*)(C)C)(C)C)(C)C,tg,84.87794748942058
1011,*N1C(=O)c2c(C1=O)cc(cc2)c1cc2c(C(=O)N(C2=O)c2cc(ccc2)C(=O)Nc2ccc(cc2)Oc2ccc(cc2)S(=O)(=O)c2ccc(cc2)Oc2ccc(cc2)NC(=O)c2cc(ccc2)*)cc1,tg,268.82541910807294
1012,*OC(=O)C(C*)(CCC)C,tg,-2.9923858642578125
1013,*Nc1cc(cc(c1)C(=O)OCCOc1ccc(cc1)C=CC(=O)c1ccccc1)NC(=O)c1cc2c(cc1)cc(cc2)C(=O)*,tg,223.98845926920572
1014,*Oc1cc(c(cc1)c1c(cc(cc1)OC(=O)c1cc(c(cc1)c1c(cc(cc1)C(=O)*)C(F)(F)F)C(F)(F)F)C(=O)OCCCCCCCCCCCOc1ccc(cc1)c1ccc(cc1)C#N)C(=O)OCCCCCCCCCCCOc1ccc(cc1)c1ccc(cc1)C#N,tg,55.786356608072914
1015,*c1[nH]c(nc1c1ccc(cc1)Oc1ccc(cc1)C(=O)c1cc(ccc1)C(=O)c1ccc(cc1)Oc1ccc(cc1)*)c1ccccc1,tg,234.70831298828125
1016,*OC1CCC(OC(=O)CCCCCCC(*)=O)CC1,egc,6.659427165985107
1017,*CCCCCCNC(=O)CCCCC(=O)NCCCCCCNC(=O)C(=O)N*,egc,5.067756175994873
1018,*Nc1ccc(*)cc1,egb,2.993666410446167
1019,*CC(=O)c1ccc(C(*)=S)s1,ei,6.562534173329671
1020,*Oc1ccc(C(*)=O)cc1Cl,egc,3.890850385030111
1021,*NC(=O)c1ccc(cc1)C(=O)NCCC(CCC*)CC,tg,138.67139689127603
1022,*c1ccc(cc1)C(C(*)(C(=O)OCCCC)C#N)(C(=O)OCCCC)C#N,tg,103.71851094563802
1023,*Oc1ccc(cc1)S(=O)(=O)c1ccc(cc1)Oc1c(cc(cc1)C(c1cc(c(cc1)*)[Si](C)(C)C)(C(F)(F)F)C(F)(F)F)[Si](C)(C)C,tg,172.84692891438803
1024,*Oc1ccc(cc1)C(=O)c1ccc(cc1)C(=O)c1ccc(cc1)*,tg,162.1736043294271
1025,*C=CC1CC(*)C2C(=O)N(CCCCCCCC)C(=O)C12,egc,5.406382878621419
1026,*C(F)(F)C(F)(F)C(=O)C(S1)=CC=C1*,egc,3.932633638381958
1027,*CCc1cc(Cl)c(*)cc1Cl,egc,4.674362818400065
1028,*c1oc(nn1)c1ccc(cc1)C(=O)OCCCCCCCCCCOc1ccc(cc1)C=C1C(=O)C(=Cc2ccc(cc2)OCCCCCCCCCCOC(=O)c2ccc(cc2)*)CC1,tg,83.90083821614583
1029,*C(=O)c1ccc(-c2ccc(C(*)=S)s2)cc1,eea,3.3736916383107505
1030,*Oc1ccc(cc1)CC(NC(=O)CCc1ccc(cc1)OC(=O)CCCCCCC(=O)*)C(=O)OCCCCCC,tg,26.900728861490887
1031,*c1ccc2oc3c(c2c1)cc(cc3)S(=O)(=O)c1ccc(cc1)Oc1ccc(cc1)S(=O)(=O)*,tg,310.32142130533856
1032,*c1ccc(-c2ccc(-c3ccc(-c4cnc5ccc(-c6ccc7ncc(*)nc7c6)cc5n4)cc3)cc2)cc1,egc,3.1277784506479898
1033,*C(=O)c1ccc2c(c1)C(=O)N(c1ccc(Sc3ccc(N4C(=O)c5ccc(*)cc5C4=O)cn3)nc1)C2=O,egc,2.4831368128458657
1034,*Oc1ccc(cc1)C(=O)Nc1c(ccc(c1)C(c1cc(c(cc1)C)NC(=O)c1ccc(cc1)OC(=O)c1ccc(cc1)C(=O)*)(C(F)(F)F)C(F)(F)F)C,tg,226.9105021158854
1035,*CC(CC(CC(*)c1ccccn1)c1ccccn1)c1ccccn1,eea,2.376450459162394
1036,*Oc1ccc(cc1)S(=O)(=O)c1ccc(cc1)Oc1ccc(cc1)NC(=O)c1c(cc(cc1)c1cc(c(cc1)C(=O)Nc1ccc(cc1)*)C)C,tg,252.8081258138021
1037,*CCCCCOC(=O)CCC(C)CC(=O)O*,egc,6.726186911265056
1038,*OC(=O)Nc1c(ccc(c1)NC(=O)OCCCCC*)C,tg,60.26885732014974
1039,*Oc1ccc(C(F)(F)C(*)(F)F)cc1,eps,3.671539386113485
1040,*C(C*)CCCI,tg,40.59913889567057
1041,*C(=O)OC(S1)=CC=C1C(=S)*,egc,2.8749391237894693
1042,*C(C)=C(*)SCC,egc,3.5131335258483887
1043,*CC(*)c1ccc(Cl)c(Cl)c1,egc,3.306073029836019
1044,*c1nc2c(nc1)ccc(c2)c1ccc2c(nc(cn2)c2ccc(cc2)c2ccc(cc2)c2ccc(cc2)*)c1,tg,340.31641642252606
1045,*C1(C(=O)OC(=O)C1(C(C*)OCC)C)C,tg,163.2096201578776
1046,*Oc1ccc(cc1)CC(NC(=O)CCc1ccc(cc1)OC(=O)CCCC(=O)*)C(=O)OCCCCCC,tg,41.18566640218099
1047,*N1C(=O)c2c(C1=O)cc(cc2)Oc1ccc(cc1)Sc1ccc(cc1)Oc1cc2c(C(=O)N(C2=O)c2cc(ccc2)S(=O)(=O)c2cc(ccc2)*)cc1,tg,214.8828887939453
1048,*c1ccc(C(F)(F)NC(*)(F)F)s1,nc,1.8409307797749836
1049,*C(=S)N(*)CC=C,egc,2.632240056991577
1050,*C(=S)c1ccc(-c2ccc(-c3ccc(*)cc3)s2)cc1,eps,5.706339041392009
1051,*c1cc2C(c3c(c2cc1)ccc(c3)C=C*)(CC(CCCC)CC)CC(CCCC)CC,tg,69.23503875732422
1052,*Oc1ccc(cc1)C(c1ccc(cc1)OC(=O)c1ccc(cc1)C(c1ccc(cc1)C(=O)*)(C)C)(C)C,tg,157.82213338216147
1053,*c1cc2c(C(=O)N(C2=O)c2ccc(cc2)Oc2ccc(cc2)C(=O)c2ccc(cc2)Oc2ccc(cc2)N2C(=O)c3c(C2=O)cc(cc3)C(*)(C(F)(F)F)C(F)(F)F)cc1,tg,262.2590026855469
1054,*CCOC(=O)NCCCCCCCCCCNC(=O)O*,egc,6.382861455281575
1055,*O[Si](*)(CCCCCCCCCCC(=O)Oc1ccc(cc1)c1ccc(cc1)OC(=O)c1ccc(cc1)OCC)C,tg,3.8064727783203125
1056,*OC(=O)NCC(C(C(C(CNC(=O)OCC(C(C(C(C*)(F)F)(F)F)(F)F)(F)F)(F)F)(F)F)(F)F)(F)F,tg,57.17885080973307
1057,*Oc1ccc(C(=O)OCCCCOC(=O)c2ccc(*)cc2)cc1,egc,4.5202765464782715
1058,*CC(C=C1)=CC=C1C(=S)C(S2)=CC=C2*,egc,2.8153953552246094
1059,*c1ccc(Cc2ccc(N3C(=O)c4ccc(-c5ccc6c(c5)C(=O)N(*)C6=O)cc4C3=O)c(C(C)(C)C)c2)cc1C(C)(C)C,egc,2.8252448240915933
1060,*C(C*)c1cc(ccc1)O,tg,153.57921346028647
1061,*Nc1cc(NC(=O)c2ccccc2C(*)=O)cc(-c2nnc(-c3ccccn3)o2)c1,egc,3.254333813985189
1062,*CC(=O)NC(C)C(=O)O*,egc,6.025150299072266
1063,*c1cc2c(C(=O)N(C2=O)c2ccc(cc2)Oc2cc3c(cc2)ccc(c3)Oc2ccc(cc2)N2C(=O)c3c(C2=O)cc(cc3)C(=O)Nc2ccc(cc2)c2sc(c(c2c2ccccc2)c2ccccc2)c2ccc(cc2)NC(=O)*)cc1,tg,326.6712341308594
1064,*c1cc2c(C(=O)N(C2=O)c2ccc(cc2)Oc2ccc(cc2)N2C(=O)c3c(C2=O)cc(cc3)C(CCCCC(*)(C)C)(C)C)cc1,tg,227.82439168294272
1065,*C(C*)(C(=O)OCCCCCCOc1ccc(cc1)C(=O)Oc1c2c(c(cc1)N=Nc1ccc(cc1)I)cccc2)C,tg,64.98628743489583
1066,*c1oc(nn1)c1ccc(cc1)NC(=O)CN1C(=O)c2c(C1=O)cc(cc2)C(c1cc2c(C(=O)N(C2=O)CC(=O)Nc2ccc(cc2)*)cc1)(C(F)(F)F)C(F)(F)F,tg,278.10060628255206
1067,*N1C(=O)c2c(C1=O)cc(cc2)Oc1cc2c(C(=O)N(C2=O)c2ccc(cc2)Oc2c(cc(c(c2)C(C)(C)C)Oc2ccc(cc2)*)C(C)(C)C)cc1,tg,261.5247090657552
1068,*CC(=O)C(=S)c1ccc(*)s1,eps,5.3086838722229
1069,*Oc1c(Cl)cc(*)cc1Cl,egc,4.445835590362549
1070,*c1cc2c(C(=O)N(C2=O)c2c(cc(cc2C)C(c2cc(c(c(c2)C)N2C(=O)c3c(C2=O)cc(cc3)C(*)(C(F)(F)F)C(F)(F)F)C)c2c3c(ccc2)cccc3)C)cc1,tg,294.2532552083333
1071,*Oc1ccc(cc1)C(c1ccc(cc1)OC(=O)*)(C(Cl)(F)F)C(Cl)(F)F,tg,187.3323211669922
1072,*CNCC(*)=O,egb,4.599985281626384
1073,*C=C*,egc,3.9837634563446045
1074,*CC(*)(C)C(=O)OCCCCCC,egc,6.339334964752197
1075,*CC(=O)OC(=O)COc1cccc(O*)c1,egc,4.922384579976399
1076,*c1cc2c(C(=O)N(C2=O)c2cc(ccc2)C(=O)Nc2ccc(cc2)NC(=O)c2cc(ccc2)N2C(=O)c3c(C2=O)cc(cc3)C(*)(C(F)(F)F)C(F)(F)F)cc1,tg,308.2923990885417
1077,*CCCCCCCCCCO*,egc,6.201386133829753
1078,*NNC(=O)c1c(cc(cc1)C(=O)*)OCCCCCCCC,tg,200.05936177571616
1079,*C=Cc1csc(C=Cc2cccc(*)n2)c1CCCCCCCC,egc,3.327322562535604
1080,*Oc1ccc(-c2ccc(-c3ccc(*)cc3)cc2)s1,egb,2.517866929372152
1081,*CCCCCCCCCCC(=O)NCCCCCCNC(=O)CCCO*,egc,5.887684345245361
1082,*CNC(C=C1)=CC=C1N*,egc,4.478045622507731
1083,*CNc1ccc(N*)s1,egb,3.813135544459025
1084,*CCOC(=O)NCCC(C)NC(=O)O*,egc,6.424811363220215
1085,*Oc1c(cccc1)C(=O)NCC*,tg,151.80810038248697
1086,*N1C(=O)c2c(C1=O)cc(cc2)[Si](O[Si](O[Si](c1cc2c(C(=O)N(C2=O)c2cc(ccc2)Cc2cc(ccc2)*)cc1)(C)C)(C)C)(C)C,tg,187.46282958984375
1087,*C(C*)(C(=O)OCCCCCCCCCCCOc1ccc(cc1)N=Nc1ccc(cc1)OC(=O)c1cc2c(OCCOCCOCCOCCO2)cc1)C,tg,66.45416514078777
1088,*c1cc2c(C(=O)N(C2=O)c2cc(ccc2)N2C(=O)c3c(C2=O)cc(cc3)C(=O)Nc2nc(ccc2)NC(=O)*)cc1,tg,277.4722086588542
1089,*NCC(F)(F)C(*)(F)F,ei,8.282858848571777
1090,*OC(COC(=O)c1c2c(c(cc1)C(=O)*)cccc2)COc1ccc(cc1)N=Nc1ccc(cc1)C#N,tg,126.02060190836589
1091,*c1sc(c(c1c1ccccc1)c1ccccc1)c1ccc(cc1)NC(=O)Cc1ccc(cc1)c1sc(c(c1c1ccccc1)c1ccccc1)c1ccc(cc1)CC(=O)Nc1ccc(cc1)*,tg,309.45892333984375
1092,*CCC(=O)N(*)C,egc,5.240190823872884
1093,*c1ncc(-c2cnc(*)c(C)c2)cc1C,egc,4.244580904642741
1094,*CC(*)C(=O)OCC(F)(F)C(F)(F)C(F)(F)C(F)(F)F,egc,6.419416586558024
1095,*c1cc(C)c(*)[nH]1,egc,3.1424930095672607
1096,*c1cc2c(s1)-c1sc(*)cc1C2CCCCCCN,egb,2.2051444053649902
1097,*C(F)(F)C(=O)C(F)(F)C(=O)*,egc,3.28173565864563
1098,*OC(=O)Nc1c(ccc(c1)NC(=O)OCCN(CC*)c1ccccc1)C,tg,30.3475341796875
1099,*N1C(=O)c2c(C1=O)cc(cc2)C(=O)Oc1ccc(cc1)OC(=O)CCC*,tg,123.3292973836263
1100,*C(=O)c1ccc(NC(=S)Oc2ccc(Nc3ccc(*)s3)s2)s1,eps,5.128716468811035
1101,*CCCCCOC(=O)Nc1ccc(C)c(NC(=O)O*)c1,egb,4.553512732187907
1102,*C12CC3CC(*)(C1)CC(CCCC)(C3)C2,egc,5.979173024495442
1103,*c1cc2c(C(=O)N(C2=O)c2ccc(cc2)Oc2c3c(ccc2)c(ccc3)Oc2ccc(cc2)N2C(=O)c3c(C2=O)cc(cc3)C(=O)Nc2ccc(cc2)Oc2ccc(cc2)c2ccc(cc2)Oc2ccc(cc2)NC(=O)*)cc1,tg,263.58734130859375
1104,*NC(=O)c1ccc(-c2ccc(*)cc2)cc1,eps,4.8505832354227705
1105,*C(C*)c1cc(c(cc1)Cl)C,tg,105.6577860514323
1106,*CC(*)(C)c1ncncn1,egc,5.1605610847473145
1107,*CCOC(=O)NCCNC(=O)O*,egc,6.339359760284424
1108,*OC(=O)c1ccc(cc1)C(=O)OCCCCCC*,tg,10.842722574869791
1109,*C(C*)c1ccc(cc1)Br,tg,131.5113271077474
1110,*N1C(=O)N(C(=O)C1=O)CCCCCC*,tg,141.91368103027344
1111,*c1ccc(C(F)(F)c2ccc(C(*)(F)F)s2)s1,egb,3.2255528767903647
1112,*c1nnc(nc1c1ccc(cc1)Oc1ccc(cc1)C(=O)c1cc(ccc1)C(=O)c1ccc(cc1)Oc1ccc(cc1)*)c1ncccc1,tg,223.4874521891276
1113,*C(=O)Nc1ccc(Oc2ccc(NC(=O)c3ccc4c(c3)C(=O)N(c3ccc(S(=O)(=O)c5ccc(N6C(=O)c7ccc(*)cc7C6=O)cc5)cc3)C4=O)cc2)cc1,egc,2.60640017191569
1114,*Oc1cc2c(cc1)cc(cc2)OC(=O)c1ccc(cc1)Oc1ccc(cc1)C(=O)*,tg,167.8383534749349
1115,*N(CC*)CC[Si](C)(C)C,tg,63.07616678873698
1116,*NC(=S)Nc1ccc(*)cc1,ei,5.890278339385986
1117,*c1c2c(c(nn1)c1ccc(cc1)Oc1ccc(cc1)c1ccc(cc1)Oc1ccc(cc1)*)c(c(c(c2c1ccc(cc1)F)c1ccc(cc1)F)c1ccc(cc1)F)c1ccc(cc1)F,tg,331.6951599121094
1118,*N1C(=O)c2c(C1=O)cc(cc2)NC(=O)Nc1nc(ccc1)NC(=O)Nc1cc2c(C(=O)N(C2=O)c2ccc(cc2)c2nc(cc(c2)c2ccc(cc2)c2ccccc2)c2ccc(cc2)*)cc1,tg,264.6731262207031
1119,*OP(=O)(Oc1ccc(C(C)(C)c2ccc(*)cc2)cc1)c1ccccc1,egc,4.615983486175537
1120,*C(C*)C(=O)Oc1cc(ccc1)C(=O)OC,tg,43.85456085205078
1121,*C(*)(F)F,tg,-19.651519775390625
1122,*Oc1ccc(cc1)c1ccc(cc1)c1c(c(c(c(c1)c1ccccc1)c1ccc(cc1)c1ccc(cc1)OC(=O)c1c(cc(cc1)C(=O)*)c1ccccc1)c1ccccc1)c1ccccc1,tg,239.74654642740884
1123,*CC(C=C1)=CC=C1C(C=C2)=CC=C2C(S3)=CC=C3*,egc,3.4677138328552246
1124,*NC(=O)c1cc(cc(c1)C(C)(C)C)C(=O)NCC1CC(CCC1)C*,tg,191.36145528157553
1125,*CC(=O)c1ccc(-c2ccc(*)s2)s1,eea,2.7381152311960855
1126,*OC(=O)c1ccc(cc1)c1ccc(cc1)C(=O)OCC(C*)(C)C,tg,94.2318852742513
1127,*CCOCC(=O)O*,egc,6.423497994740804
1128,*C(C*)C(=O)OCC(C(OC(C(C(C(F)(F)F)(F)F)(F)F)(F)F)(F)F)(F)F,tg,-43.25928243001302
1129,*c1ccc2n(c3c(c2c1)cc(cc3)c1ccc(cc1)[Si](c1ccc(cc1)*)(c1ccccc1)c1ccccc1)CCCCCC#N,tg,204.80272420247397
1130,*CC(*)Br,egc,5.80806318918864
1131,*c1sc(nn1)c1cc(ccc1)OCCCCCCCCCCCOC(=O)c1cc(ccc1)C(=O)OCCCCCCCCCCCOc1ccc(cc1)*,tg,52.45400746663412
1132,*C(F)(F)C(F)(F)CC(=S)*,egc,2.3634909788767495
1133,*OC(C(C(C(*)(F)F)(F)F)(F)F)(F)F,tg,-77.44669087727864
1134,*S(=O)(=O)c1ccc(cc1)*,tg,146.7028554280599
1135,*N1C(=O)c2c(C1=O)cc(cc2)Oc1ccc(cc1)Oc1cc2c(C(=O)N(C2=O)c2ccc(cc2)Oc2ccc(cc2)Sc2ccc(cc2)Oc2ccc(cc2)*)cc1,tg,193.68212381998697
1136,*OC(=O)CCCCC(=O)OCCCC*,tg,-54.03087361653646
1137,*Cc1ccc(-c2ccc(N*)cc2)cc1,eps,4.060818990071614
1138,*OC(=O)c1ccc(cc1)CCCCCCc1ccc(cc1)C(=O)*,tg,32.96349589029948
1139,*C1=CC(=C(C#N)C#N)C=C(O1)C=Cc1sc(c(c1CCCCCC)CCCCCC)c1sc(cc1)c1sc(cc1)c1sc(cc1)c1sc(c(c1CCCCCC)CCCCCC)C=C*,tg,129.04713694254556
1140,*Oc1ccc(cc1)Cc1ccc(cc1)OC(=O)*,tg,123.78306070963542
1141,*c1ccc(cc1)c1ccc(cc1)C(=Cc1c(cc(c(c1)OC)C=C(*)c1ccccc1)OC)c1ccccc1,tg,178.61476135253906
1142,*Oc1ccc(cc1)Cc1ccc(cc1)OC(=O)c1cc(ccc1)C(=O)*,tg,150.77368672688803
1143,*N(CC*)C(=O)CCC(=O)OC,tg,35.97672017415365
1144,*OC(=O)CCCCC(=O)OCC(C*)(C)C,tg,-39.25654602050781
1145,*NC1CCC(CC1)CCC1CCC(CC1)NC(=O)CCCCCCCCC(=O)*,tg,104.29264068603516
1146,*C1C(CC(C1)C*)OC(=O)CCCCCCCCCCOc1ccc(cc1)c1ccc(cc1)C#N,tg,25.670852661132812
1147,*CC(S1)=CC=C1NO*,egc,4.04612922668457
1148,*c1ccc2N(c3c(Sc2c1)cc(cc3)c1sc(c(c1)CCCCCC)c1sc(cc1CCCCCC)c1ccc2N(c3c(Sc2c1)cc(cc3)C=C*)c1ccc(cc1)OCCCCCCCCCCCC)c1ccc(cc1)OCCCCCCCCCCCC,tg,119.49869028727214
1149,*Oc1ccc(cc1)C(=Cc1ccc(cc1)OCC(COC(=O)CCCCC(=O)OCC(C*)O)O)C,tg,42.972554524739586
1150,*CC(C=C1)=CC=C1C(=O)C(C=C2)=CC=C2*,egc,4.277090867360433
1151,*CCc1ccc(-c2ccc(*)cc2)cc1,eea,1.3668417930603027
1152,*C(=S)C(F)(F)CC(*)(F)F,eea,4.057805061340332
1153,*OC(=O)c1ccc(C(=O)NCNC(=O)c2ccc(C(*)=O)cc2)cc1,egc,4.4757998784383135
1154,*OC(=O)NNC(=O)CCCCCCCCC(=O)NNC(=O)OCCCCCCCC*,tg,38.47125752766927
1155,*N1C(=O)c2c(C1=O)cc(cc2)c1cc2c(C(=O)N(C2=O)c2cc(ccc2)OCCCCOc2cc(ccc2)*)cc1,tg,168.55763244628906
1156,*CCCCCCCCCCCCCCCCCCCCOC(=O)CCCC(=O)O*,egc,6.696577072143555
1157,*C(C*)C(=O)Oc1ccc(cc1)C#N,tg,96.0834452311198
1158,*N1C(=O)c2c(C1=O)cc(cc2)C(c1cc2c(C(=O)N(C2=O)CCN(CC*)c2ccc(cc2)C=CC2=CC(=C(C#N)C#N)CC(C2)(C)C)cc1)(C(F)(F)F)C(F)(F)F,tg,196.88099670410156
1159,*C(C*)c1c(ccc(c1)C(F)(F)F)C(F)(F)F,tg,113.81361897786458
1160,*C(C*)(C(=O)OCCN(c1ccc(cc1)N=Nc1ccc(cc1)S(=O)(=O)Nc1nccs1)CCCC)C,tg,103.16366322835286
1161,*CNCN*,nc,1.733662446339925
1162,*NC(C)C(=O)NC(C)C(=O)NC(C(=O)NC(C(*)=O)C(C)C)C(C)C,egc,5.610715866088867
1163,*CCc1ccc(-c2ccc(*)s2)cc1,ei,5.490692138671875
1164,*Oc1ccc(CC(NC(=O)Cc2ccc(OC(=O)CC(C)CCC(*)=O)cc2)C(=O)OCCCCCCCC)cc1,egc,4.842414379119873
1165,*N1C(=O)c2c(C1=O)cc(cc2)Oc1cc(ccc1)Oc1cc2c(C(=O)N(C2=O)c2ccc(cc2)Oc2cc(ccc2)Oc2ccc(cc2)*)cc1,tg,189.1567586263021
1166,*C1COC2C1OCC2OC(=O)c1cc(ccc1)OCCCCCCOc1cc(ccc1)C(=O)O*,tg,50.02089182535807
1167,*C(C*)c1ccc(cc1)CCCCCCCCCC,tg,-36.9443359375
1168,*Oc1cccc(OC(=O)Oc2ccc(OC(*)=O)cc2)c1,egc,5.066672643025716
1169,*c1ccc2n(c3c(c2c1)cc(cc3)c1cc2C(c3c(c2cc1)ccc(c3)*)(CCCCCC)CCCCCC)c1ccccc1,tg,161.83484903971353
1170,*C(=O)NCCCCCCCCNC(=O)c1cncc(*)c1,egc,4.853880882263184
1171,*CC(=O)Nc1ccc(*)s1,eps,4.213696479797363
1172,*O[Si](CCC(C(C(C(C(C(C(C(CC[Si](*)(CCC(F)(F)F)C)(F)F)(F)F)(F)F)(F)F)(F)F)(F)F)(F)F)(F)F)(CCC(F)(F)F)C,tg,-30.893956502278645
1173,*Oc1ccc(OC(=O)c2ccc(C(*)=O)cc2)cc1C1CC2CCC1C2,egc,3.753626902898153
1174,*Oc1c(cc(cc1)OC(=O)c1ccc(cc1)C(=O)*)C1CCCCC1,tg,226.21133422851562
1175,*O[Si](O[Si](O[Si](O[Si](O[Si](c1ccc(cc1)Oc1ccc(cc1)[Si](*)(C)C)(C)C)(C)C)(C)C)(C)C)(C)C,tg,-62.29452006022135
1176,*c1cc2c(C(=O)N(C2=O)c2ccc(cc2)Oc2ccc(cc2)N2C(=O)c3c(C2=O)cc(cc3)C(=O)Oc2ccc(cc2)c2ccc(cc2)OC(=O)*)cc1,tg,239.9905548095703
1177,*NC(=S)Nc1ccc(Cc2ccc(*)cc2)cc1,eea,1.633391261100769
1178,*Oc1cc(cc(c1)C)OC(=O)c1cc(ccc1)C(=O)*,tg,142.2232920328776
1179,*CC(=O)CC(*)=S,egb,2.5856881936391196
1180,*C=CC=Cc1nc2cc3sc(*)nc3cc2s1,egc,3.2861620585123696
1181,*c1sc(-c2cc(SCC(C)CC)c(*)s2)cc1SCC(C)CC,egc,1.9692622820536296
1182,*N1C(=O)c2c(C1=O)cc(cc2)Oc1cc2c(C(=O)N(C2=O)c2cc(ccc2)OCCOCCOCCOc2ccc(cc2)*)cc1,tg,130.17142740885416
1183,*NCNC(=O)OC(=O)NC(*)=O,ei,7.618893623352051
1184,*Oc1ccc(NC(=O)c2cccc(C(=O)Nc3ccc(*)cc3)c2)cc1,egc,3.5185763041178384
1185,*c1cc2c(C(=O)N(C2=O)c2cc(ccc2)C(=O)Nc2ccc(cc2)Oc2ccc(cc2)c2ccc(cc2)Oc2ccc(cc2)NC(=O)c2cc(ccc2)N2C(=O)c3c(C2=O)cc(cc3)C(*)(C(F)(F)F)C(F)(F)F)cc1,tg,290.4856872558594
1186,*OC(=O)NC1CC(CC(C1)(CNC(=O)OCCN(CC*)c1ccc(cc1)N=Nc1ccc(cc1)[N+](=O)[O-])C)(C)C,tg,146.97577412923178
1187,*c1ccc(C2C(c3ccccn3)C(*)C2c2ccccn2)cc1,egc,4.590643088022868
1188,*c1cc(C(=O)CC)c(*)[nH]1,egc,2.84566863377889
1189,*OP(=O)(Oc1c(c(c(c(c1Cl)Cl)*)Cl)Cl)Oc1c(c(c(c(c1Cl)Cl)Cl)Cl)Cl,tg,164.07642110188803
1190,*Oc8ccc(C7(c5ccc(OC(=O)c4ccc(C3(c1ccc(C(*)=O)cc1)OC(=O)c2ccccc23)cc4)cc5)OC(=O)c6ccccc67)cc8,egc,3.9765830039978027
1191,*NC(=S)Sc1cc(N)nc(*)n1,egc,3.09043296178182
1192,*Nc1ccc(-c2ccc(-c3ccc(*)cc3)s2)cc1,ei,4.763556480407715
1193,*C1OC(C(C(C1O)O)O)OC*,tg,128.85081481933594
1194,*CCCCCCCCc1nnc(*)n1N,egc,5.603742440541585
1195,*Nc1ccc(-c2ccc(-c3ccc(*)s3)s2)cc1,eea,2.0697922706604004
1196,*N1C(=O)c2c(C1=O)cc(cc2)Oc1c(cc(cc1C)C(c1cc(c(c(c1)C)Oc1cc2c(C(=O)N(C2=O)c2ccc(cc2)Oc2ccc(cc2)C2(C3C4C(CCC4)C(C2)C3)c2ccc(cc2)Oc2ccc(cc2)*)cc1)C)(C)C)C,tg,263.0979309082031
1197,*C(C*)C(=O)OCCn1c2ccccc2c2ccccc12,tg,90.35125223795573
1198,*Nc1cc(NC(=O)Nc2ccc(NC(*)=O)cc2)cc(C(=O)Nc2cccc3c2C(=O)c2ccccc2C3=O)c1,egc,2.562662919362386
1199,*N1C(=O)c2c(C1=O)cc(cc2)Oc1c(c(cc(c1)C(C)(C)C)C(C)(C)C)Oc1cc2c(C(=O)N(C2=O)c2ccc(cc2)Oc2ccc(cc2)*)cc1,tg,241.0719248453776
1200,*c1oc(nn1)c1sc(cc1CCCCCCCC)c1oc(nn1)c1c(cc(c(c1)OCCCCCCCC)*)OCCCCCCCC,tg,77.1429951985677
1201,*N1C(=O)c2c(C1=O)cc(cc2)Oc1ccc(cc1)*,tg,262.62986246744794
1202,*C(C*)(CC(=O)OC(C)C)C(=O)OC(C)C,tg,80.89675649007161
1203,*Cc1ccc(-c2ccc(-c3ccc(*)cc3)cc2)cc1,egb,3.4556984901428223
1204,*Oc1ccc(cc1)Oc1ccc(cc1)OC(=O)c1ccc(cc1)C(c1ccc(cc1)C(=O)*)(C(F)(F)F)C(F)(F)F,tg,142.6764882405599
1205,*CCC(=S)O*,nc,1.822395881017049
1206,*Oc1cc(ccc1)NC(=O)c1ccc(cc1)Oc1ccc(cc1)C(c1cc(ccc1)C(c1ccc(cc1)Oc1ccc(cc1)C(=O)Nc1ccc(cc1)*)(C)C)(C)C,tg,141.2266387939453
1207,*Oc1cc(ccc1)C(=O)*,tg,124.79153442382812
1208,*N1C(=O)C2C3C4C(C(C2C1=O)C=C3)C(=O)N(C4=O)CCC*,tg,245.23697916666666
1209,*Oc1ccc(cc1)C(=O)Nc1c(cccc1)c1ccc(cc1)NC(=O)c1ccc(cc1)*,tg,273.4986877441406
1210,*N1C(=O)c2c(C1=O)cc(cc2)Sc1ccc(cc1)Sc1ccc(cc1)Sc1cc2c(C(=O)N(C2=O)c2ccc(cc2)Sc2ccc(cc2)Sc2ccc(cc2)*)cc1,tg,193.45909627278647
1211,*Oc1ccc(cc1)S(=O)(=O)c1ccc(cc1)Oc1c(cc(cc1)C1(CCCCC1)c1cc(c(cc1)*)C)C,tg,208.96160888671875
1212,*NC(=O)c1ccc(-c2ccc(*)cc2)cc1,ei,5.837896347045898
1213,*Oc1c(C)cc(C2(c3cc(C)c(OC(=O)c4cc(C(*)=O)cc(C(C)(C)C)c4)c(C)c3)CC(C)CC(C)(C)C2)cc1C,egc,3.589423656463623
1214,*N1C(=O)c2c(C1=O)cc(cc2)Oc1ccc(cc1)Oc1ccc(cc1)Oc1cc2c(C(=O)N(C2=O)c2ccc(cc2)Oc2cc(ccc2)Oc2ccc(cc2)*)cc1,tg,186.9183807373047
1215,*C(C(C(C*)OC)(C(=O)OC)C)(C(=O)OC)C,tg,116.00435384114583
1216,*Nc1ccc(cc1)Cc1ccc(cc1)NC(=O)c1cc(ccc1)C(=O)*,tg,215.17672729492188
1217,*Oc1c(c(c(c(c1F)F)c1c(c(c(c(c1F)F)Oc1ccc(cc1)C(c1ccc(cc1)*)(C(F)(F)F)C(F)(F)F)F)F)F)F,tg,174.01683553059897
1218,*OC(=O)CCCCCCC(=O)OCCCCCCCCCCCCCCCC*,tg,-40.13098653157552
1219,*CC(*)C(=O)OCCCOC,egc,5.982012430826823
1220,*CCCCCCNC(=O)C(CCCCC)C(=O)N*,egc,6.000759124755859
1221,*Nc1ccc(cc1)C(c1ccc(cc1)NC(=O)c1cc(ccc1)C(=O)*)(C(F)(F)F)C(F)(F)F,tg,268.1756998697917
1222,*C=CC1CC(*)C(C#N)(CC)C1,egb,5.772286732991536
1223,*NC(=O)C(=S)C(S1)=CC=C1*,egc,2.3598787784576416
1224,*c1ccc(Oc2ccc(S(=O)(=O)c3ccc(Oc4ccc(-c5c6c(c(*)c7ccccc57)C(=O)N(c5ccccc5)C6=O)cc4)cc3)cc2)cc1,egc,2.9707488218943277
1225,*OC(COC(=O)c1c(cc(cc1)C)C(=O)*)COc1ccc(cc1)N=Nc1ccc(cc1)C#N,tg,121.69752756754558
1226,*Nc1ccc(Oc2ccc(*)s2)s1,eea,1.2668466567993164
1227,*CCOC(=O)c1ccc(O*)cc1C,egc,4.630717118581136
1228,*CC(=S)C(S1)=CC=C1C(=S)*,egc,2.5742996533711753
1229,*C(C*)C(=O)OCCCCCCn1c2ccccc2c2ccccc12,tg,35.44927215576172
1230,*C(C*)c1cc(cc(c1)C)C,tg,101.33120727539062
1231,*c1cc2c(C(=O)N(C2=O)c2ccc(cc2)Oc2ccc(cc2)C(=O)c2ccc(cc2)Oc2ccc(cc2)C(=O)c2ccc(cc2)Oc2ccc(cc2)N2C(=O)c3c(C2=O)cc(cc3)C(=O)*)cc1,tg,227.39737955729166
1232,*CNCc1ccc(*)s1,nc,1.8153311808904011
1233,*C(C*)C(=O)OCC(C(C(F)(F)F)(F)F)(F)F,tg,-21.064234415690105
1234,*c1cc(N=Nc2ccc(OC)cc2)cc(*)c1O,egc,3.273766040802002
1235,*Oc1ccc(cc1)CC(NC(=O)CCc1ccc(cc1)OC(=O)CCCCCCCCC(=O)*)C(=O)OCCOCCOCC,tg,9.290873209635416
1236,*c1cc2c(C(=O)N(C2=O)c2cc(ccc2)C(=O)Nc2ccc(cc2)Oc2cc(ccc2)Oc2ccc(cc2)NC(=O)c2cc(ccc2)N2C(=O)c3c(C2=O)cc(cc3)C(*)(C(F)(F)F)C(F)(F)F)cc1,tg,263.0036112467448
1237,*c1cc(OC)c(*)cc1OC,egc,4.652405420939128
1238,*C(=O)c1ccc2c(c1)C(=O)N(c1ccc(C(=O)c3cccc(C(=O)c4ccc(N5C(=O)c6ccc(*)cc6C5=O)cc4)c3)cc1)C2=O,egc,2.701341152191162
1239,*C=Cc1ccc(*)[n+](C)c1,egc,1.370002269744873
1240,*C(C*)(C(=O)OCCCCCCOc1ccc(cc1)C(=O)Oc1ccc(cc1)OC)C,tg,39.813446044921875
1241,*NC(=S)Nc1ccc(*)cc1,nc,2.1242713928222656
1242,*COC(=O)NCc1ccc(CNC(=O)OCc2ccc(*)o2)o1,egc,4.78710921605428
1243,*CC(=O)C(=S)c1ccc(*)cc1,eps,4.82795524597168
1244,*c1ccc(cc1)C(=C(*)c1ccc(cc1)Oc1ccccc1)c1ccc(cc1)Oc1ccccc1,tg,282.10365804036456
1245,*Oc1cccc(*)c1C#N,egc,4.624388217926025
1246,*c1sc(c(c1c1ccccc1)c1ccccc1)c1ccc(cc1)CC(=O)Nc1c2c(ccc1)c(ccc2)NC(=O)Cc1ccc(cc1)*,tg,244.54388936360678
1247,*CC(*)C(=O)CC,egc,5.436865011850993
1248,*NC(=O)CCCCC(=O)NCCCC1(c2ccccc2c2ccccc12)CCC*,tg,105.49985249837239
1249,*Oc1ccc(cc1)OC(=O)c1c(ccc(c1)N=Nc1ccc(cc1)OCC)c1c(cc(cc1)N=Nc1ccc(cc1)OCC)C(=O)*,tg,158.7665812174479
1250,*CC1CCC(*)C1,egb,7.5321245193481445
1251,*c1sc(cc1CCCCCCCC)c1ccc(cc1)c1sc(c(c1)CCCCCCCC)c1ccc(cc1)*,tg,3.649754842122396
1252,*CCCCCCNC(=O)CCCCC(=O)NCC(=O)N*,egc,5.840023994445801
1253,*Oc1ccc(SSc2ccc(*)cc2)cc1,egc,3.823795715967814
1254,*c1ccc(N2C(=O)N(*)C2=O)cc1,egc,4.144621849060059
1255,*N(CC*)C(=O)CSC,tg,49.40187072753906
1256,*N1C(=O)c2c(C1=O)cc(cc2)C(=O)Oc1c(cc(cc1)OC(=O)c1cc2c(C(=O)N(C2=O)CCCOCCCCOCCC*)cc1)c1ccccc1,tg,66.3421147664388
1257,*Oc1c(cc(cc1)C(c1cc(c(cc1)OC(=O)*)Cl)(CC)C)Cl,tg,150.25350952148438
1258,*c1cc2c(C(=O)N(C2=O)c2ccc(cc2)Oc2c(c(ccc2)Oc2ccc(cc2)N2C(=O)c3c(C2=O)cc(cc3)C(*)(C(F)(F)F)C(F)(F)F)C#N)cc1,tg,267.72767130533856
1259,*Oc1c(cc(c(c1)OC(=O)c1ccc(cc1)C)OC(=O)CCCCCCCCCCCCCCC(=O)*)OC(=O)c1ccc(cc1)C,tg,39.02784729003906
1260,*Oc1ccc(cc1)NC(=O)c1cc2c(cc1)cc(cc2)C(=O)Nc1ccc(cc1)Oc1ccc(cc1)C1(C2CCC(C1)C2)c1ccc(cc1)*,tg,262.5765075683594
1261,*CC(COCCCC)O*,egc,5.628422101338704
1262,*CCCCCCCCCCOC(=O)CCCCSCCCCC(=O)O*,egc,5.230447610219319
1263,*c1ccc(cc1)c1ccc(cc1)C(*)(C(F)(F)F)C(F)(F)F,tg,165.24947102864584
1264,*C=Cc1ccc(N(c2ccc(C=Cc3ccc4c5ccc(*)cc5n(CC(CC)CCCC)c4c3)cc2)c2ccc(OCC(CC)CCCC)cc2)cc1,egc,2.9169629414876304
1265,*OC(C*)C(C)(C)C,tg,22.960525512695312
1266,*C1C(=O)OC(=O)C1C(C*)OCC(C)C,tg,146.53873189290366
1267,*C(=S)C(F)(F)c1ccc(C(*)(F)F)s1,egb,2.5495822429656982
1268,*CCOC(=O)NCCCCCCCCCCNC(=O)O*,egb,6.740952491760254
1269,*N1C(=O)c2c(C1=O)cc(cc2)NC(=O)Nc1ccc(cc1)Oc1c(cccc1)c1c(cccc1)Oc1ccc(cc1)NC(=O)Nc1cc2c(C(=O)N(C2=O)c2ccc(cc2)c2nc(cc(c2)c2ccc(cc2)c2ccccc2)c2ccc(cc2)*)cc1,tg,252.2712860107422
1270,*OC(=O)CCCCC(=O)OCCOCC*,tg,-60.740010579427086
1271,*Nc1cc(ccc1)C#Cc1ccc(cc1)NC(=O)c1cc(ccc1)C(=O)*,tg,279.0246175130208
1272,*NC(=O)CCCCCC(=O)NCCCCCCC*,tg,48.64203643798828
1273,*N(C(=O)CCCCCCCCC(=O)N(CC*)C)C,tg,9.014658610026041
1274,*Oc1cc2c(C(CC32CC(c2ccc(cc32)OC(=O)*)(C)C)(C)C)cc1,tg,241.7507527669271
1275,*NNC(=O)C=CC(=O)Nc1cc(ccc1)C=C1C(=O)C(=Cc2cc(ccc2)NC(=O)C=CC(=O)*)CCC1,tg,190.92785135904947
1276,*OC(=O)NCc1ccc(cc1)CNC(=O)OCCCCCCCCCCCC*,tg,46.88196563720703
1277,*CCCc1ccc(*)s1,egb,4.128190358479817
1278,*c1cc2c(s1)-c1sc(-c3sc(-c4sc(*)c5c4OCCO5)c4c3OCCO4)cc1C2=O,egc,1.5123585065205891
1279,*NC(C=C1)=CC=C1C(C=C2)=CC=C2C*,egc,3.994098742802938
1280,*O[Si](O[Si](c1ccc(cc1)[Si](*)(C)C)(C)C)(C)C,tg,-63.75157165527344
1281,*c1ccc2c(c1)c1cc(*)ccc1n2CC(=O)NO,egc,3.7649243672688804
1282,*c1n(cnc1C(=O)NCCCCCCNC(=O)*)C,tg,158.37960815429688
1283,*Oc1ccc(cc1)Sc1ccc(cc1)Oc1c(cc(cc1)c1ccc(cc1)c1cc(c(cc1)*)C(F)(F)F)C(F)(F)F,tg,181.27731323242188
1284,*C(=O)Oc1ccc(OC(=O)c2ccc3c(c2)C(=O)N(c2ccc(Oc4ccc(N5C(=O)c6ccc(*)cc6C5=O)cc4)cc2)C3=O)c(C)c1,egc,2.901254494984945
1285,*C(C*)C(=O)OCCCCCCCCC,tg,-59.007242838541664
1286,*c1ccc(*)n1C(C(=O)NO)n1c2ccccc2c2ccccc21,egc,2.696780284245809
1287,*C(C*)(C(=O)OCCCCCC(=O)Oc1ccc(cc1)OC(=O)c1ccc(cc1)OCC)C,tg,38.080362955729164
1288,*N(CC(CN(CC(C*)O)c1ccc(cc1)N=Nc1ccc(cc1)[N+](=O)[O-])O)c1ccccc1,tg,150.04937235514322
1289,*NC(=O)NC(C=C1)=CC=C1*,egc,4.097120761871338
1290,*Oc1c(cc(cc1Cl)C(c1cc(c(c(c1)Cl)OC(=O)*)Cl)(C)C)Cl,tg,202.81830851236978
1291,*C(=O)NNC(=O)c1ccc(C(=O)NNC(=O)c2ccc(*)nc2)s1,egc,3.4433016777038574
1292,*C(C*)C(=O)OCCCCOc1ccc(cc1)c1ccc(cc1)C#N,tg,31.243336995442707
1293,*OP(=O)(Oc1ccc(cc1)S(=O)(=O)c1ccc(cc1)*)OC1CCCCC1,tg,110.49662780761719
1294,*N1C(=O)c2c(C1=O)cc(cc2)c1cc2c(C(=O)N(C2=O)c2cc(ccc2)C(=O)Nc2ccc(cc2)Oc2ccc(cc2)c2ccc(cc2)Oc2ccc(cc2)NC(=O)c2cc(ccc2)*)cc1,tg,265.8344217936198
1295,*Oc1ccc(cc1)C(=O)c1ccc(cc1)*,tg,144.91256205240884
1296,*C(C#N)C(C#N)(C#N)*,egc,6.444830099741618
1297,*C(C*)CC1CCCC1,tg,57.872362772623696
1298,*OC(=O)CCCCCNC(=O)CCCCC(=O)NCCCCCC(=O)OCCCCCCCCCC*,tg,-3.466089884440104
1299,*NC(=O)c1ccc(NC(=S)c2ccc(Nc3ccc(*)cc3)cc2)s1,eps,5.862590154012044
1300,*Oc1cc(ccc1)Oc1ccc(cc1)NC(=O)c1ccc(cc1)Oc1cc(ccc1)Oc1ccc(cc1)C(=O)Nc1ccc(cc1)*,tg,155.1268768310547
1301,*Oc1c(cc(cc1)C1(CC2C(CC1)CCCC2)c1cc(c(cc1)OC(=O)c1ccc(cc1)C(=O)*)C)C,tg,221.51296997070312
1302,*Oc1ccc(cc1)c1ccc(cc1)Oc1ccc(cc1)C(=O)c1c2c(ccc1)cccc2C(=O)c1ccc(cc1)*,tg,214.43912251790366
1303,*CC(*)(C)C(=O)OCCOCC,egc,6.305527846018474
1304,*C(=S)NC(F)(F)C(*)(F)F,eea,2.735340118408203
1305,*Oc1ccc(CC(NC(=O)CCc2ccc(OC(=O)CCCCCCC(*)=O)cc2)C(=O)OC)cc1,egc,4.994755109151204
1306,*C(C*)(C(=O)OCc1ccc2n(c3c(c2c1)cccc3)CCCCCCCC)C,tg,31.480234781901043
1307,*C(C*)c1c(cccc1)C(=O)O,tg,168.47533671061197
1308,*CNc1ccc(O*)s1,nc,1.8725535869598389
1309,*CNC(=S)N*,eps,4.774973710378011
1310,*c1nc2c(nc1c1ccccc1)cc(cc2)c1cc2c(nc(c(n2)c2ccccc2)c2ccc(cc2)*)cc1,tg,357.4599100748698
1311,*C(=O)Oc1ccc(OC(=O)c2ccc3c(c2)C(=O)N(c2ccc(Oc4ccc(N5C(=O)c6ccc(*)cc6C5=O)cc4)cc2)C3=O)c(C(C)(C)C)c1,egc,2.5610836346944175
1312,*CC(*)C#N,egb,7.444266319274902
1313,*OC(=O)CCCCCCCCC(=O)OCC#CC(=Cc1ccc(cc1)C#Cc1ccccc1)C#CC*,tg,62.478230794270836
1314,*C1C2C(C(C1)CC*)C1CCC2C1,tg,169.02755737304688
1315,*C1C(=O)OC(=O)C1C1C2CC(C(C1*)C2)C(=O)OC(CC)C,tg,185.60592142740884
1316,*c1cc2c(C(=O)N(C2=O)c2ccc(cc2)Oc2ccc(cc2)C(=O)c2cc(ccc2)N2C(=O)c3c(C2=O)cc(cc3)C(*)(C(F)(F)F)C(F)(F)F)cc1,tg,259.0646464029948
1317,*C(C*)(C(=O)OCCCCCCOc1ccc(cc1)N=Nc1ccc(cc1)C#N)C,tg,79.6949971516927
1318,*NC(=O)NC(*)=S,nc,2.216052770614624
1319,*Oc1ccc(cc1)C(c1ccc(cc1)OC(=O)c1ccc(cc1)C(=O)*)(c1ccccc1)c1ccccc1,tg,241.46633911132812
1320,*N1C(=O)C2C(C1=O)C(Cc1ccccc21)C1C(=O)N(C(=O)C1)c1cc(cc(c1)C(=O)OCC)*,tg,263.34645589192706
1321,*C(C*)c1ccc(cc1)COCC(C(C(C(F)(F)F)(F)F)(F)F)(F)F,tg,5.56884765625
1322,*NC(=O)CCCCCCCC(=O)NCCCCCC*,tg,47.55618794759115
1323,*Oc1c(cc(cc1Cl)C1(C2CCC(C1)C2)c1cc(c(c(c1)Cl)OC(=O)*)Cl)Cl,tg,259.3349609375
1324,*c1nc(nc(n1)N(c1ncnc(n1)N(*)c1ccccc1)c1ccccc1)c1ccccc1,tg,202.43854268391928
1325,*Oc1ccc(cc1)CC(NC(=O)Cc1ccc(cc1)OC(=O)COCC(=O)*)C(=O)OCCCCCC,tg,54.093701680501304
1326,*C(C*)c1c(cccc1)C(=O)OCCCCCC,tg,54.33819834391276
1327,*c1cc2c(C(=O)N(C2=O)c2cc(ccc2)P(=O)(c2cc(ccc2)N2C(=O)c3c(C2=O)cc(cc3)C(=O)Nc2ccc(cc2)NC(=O)*)c2ccccc2)cc1,tg,245.91858927408853
1328,*C#Cc1ccc(*)c(SCCCCCCCCCCCC)c1,egc,2.070502201716105
1329,*CCCC(*)=S,ei,5.792514483133952
1330,*Oc1ccc(cc1)C(c1ccc(cc1)OC(=O)*)(CCC)C,tg,128.4073486328125
1331,*SCC(C*)(CC)CC,tg,-33.71289571126302
1332,*N1C(=O)c2c(C1=O)cc(cc2)S(=O)(=O)c1cc2c(C(=O)N(C2=O)C2CCC(CC2)*)cc1,tg,363.0989481608073
1333,*CC(=O)C(=S)c1ccc(*)s1,egb,1.9641070365905762
1334,*N1C(=O)c2c(C1=O)cc(cc2)S(=O)(=O)c1cc2c(C(=O)N(C2=O)c2c(ccc(c2)*)C)cc1,tg,343.14499918619794
1335,*CCNC(*)=S,nc,1.87464706103007
1336,*c1cc2C(c3c(c2cc1)ccc(c3)c1ccc(cc1)c1c(c(cc(c1)c1ccc(cc1)OCCCCCC)c1ccc(cc1)*)c1ccc(cc1)OCCCCCC)(CCCCCC)CCCCCC,tg,88.82891082763672
1337,*OC(=O)NCCCCCCNC(=O)OCCCCC*,tg,28.078236897786457
1338,*N1C(=O)c2c(C1=O)cc(cc2)Oc1c(cc(cc1C)C(c1cc(c(c(c1)C)Oc1cc2c(C(=O)N(C2=O)c2ccc(cc2)Oc2ccc(cc2)C(c2ccc(cc2)Oc2ccc(cc2)*)(C(F)(F)F)C(F)(F)F)cc1)C)(C)C)C,tg,248.6645762125651
1339,*CCCC(*)(C)Cl,egc,6.788546085357666
1340,*Oc1ccc(cc1)S(=O)(=O)c1ccc(cc1)OC(=O)c1ccc(cc1)[Si](c1ccc(cc1)C(=O)*)(c1ccccc1)c1ccccc1,tg,184.67316182454428
1341,*N1C(=O)c2c(C1=O)cc(cc2)Oc1ccc(cc1)C(c1ccc(cc1)Oc1cc2c(C(=O)N(C2=O)c2ccc(cc2)Oc2c(cc(cc2)Oc2ccc(cc2)*)C(C)(C)C)cc1)(c1ccccc1)c1ccccc1,tg,231.74445088704428
1342,*Oc1ccc(cc1)C1(c2cc(ccc2c2ccc(cc12)[N+](=O)[O-])OC)c1ccc(cc1)OC(=O)CCCC(=O)*,tg,197.1738535563151
1343,*C(C*)(C(=O)OCCC)C,tg,33.03138732910156
1344,*c1sc(cc1)Oc1ccc(cc1)C(c1ccc(cc1)Oc1ccc(cc1)S(=O)(=O)*)(C)C,tg,123.00950876871745
1345,*CCOC(=S)NC(=S)c1ccc(N*)cc1,egb,2.4057253996531167
1346,*Oc1c(cc(cc1)OC(=O)c1c(cc(c(c1)OCCCCCCCCCCCC)C(=O)*)OCCCCCCCCCCCC)C,tg,46.026275634765625
1347,*OC(=O)c1cc(cc(c1)OC1CCN(CC1)c1ccc(cc1)S(=O)(=O)C(C(C(C(C(C(C(C(F)(F)F)(F)F)(F)F)(F)F)(F)F)(F)F)(F)F)(F)F)C(=O)OCCN(CC*)c1ccc(cc1)S(=O)(=O)C(C(C(C(C(C(C(C(F)(F)F)(F)F)(F)F)(F)F)(F)F)(F)F)(F)F)(F)F,tg,90.00320688883464
1348,*CNc1ccc(-c2ccc(*)s2)cc1,egb,2.9937547047932944
1349,*c1cc2c(C(=O)N(C2=O)c2ccc(cc2)Oc2ccc(cc2)C(c2cc(ccc2)C(c2ccc(cc2)Oc2ccc(cc2)NC(=O)*)(C)C)(C)C)cc1,tg,214.7286122639974
1350,*C=CC(C(*)C(=O)OCCN(c1ccc(cc1)N(C)C)C)C,tg,25.031026204427082
1351,*N1C(=O)c2c(C1=O)cc(cc2)Oc1ccc(cc1)Oc1cc2c(C(=O)N(C2=O)c2ccc(cc2)Oc2ccc(cc2)c2ccc(cc2)Oc2ccc(cc2)*)cc1,tg,223.02717081705728
1352,*c1ccc(C(c2ccccc2)c2ccc(-n3c(=O)c4cc5c(=O)n(*)c(=O)c5cc4c3=O)cc2)cc1,egc,2.5281710624694824
1353,*Oc1ccc(cc1)N1ON1c1ccc(cc1)OCCCCCCOC(=O)C(C(=O)OCCCCCC*)CCCCCCP(=O)(O)O,tg,11.346491495768229
1354,*CCC(C)=C(*)Cl,egc,4.733999729156494
1355,*CCC(C(=O)OC)C(*)C(=O)OC,egb,6.6320241292317705
1356,*CCCC(*)=S,eps,3.648508389790853
1357,*C1CCC1*,egb,6.957762559254964
1358,*CC(C)(C)COC(=O)CCCCCCCC(=O)O*,egc,6.7288791338602705
1359,*CNCCCOCO*,nc,1.6818381150563557
1360,*c1cc2c(C(=O)N(C2=O)c2ccc(cc2)c2sc(c(c2c2ccccc2)c2ccccc2)c2ccc(cc2)N2C(=O)c3c(C2=O)cc(cc3)C(=O)Nc2cc(ccc2)S(=O)(=O)c2cc(ccc2)NC(=O)*)cc1,tg,296.1428527832031
1361,*C(=O)N(*)CC=C,egc,4.0807186762491865
1362,*NCCCNC(=O)NC(*)=O,ei,6.201915899912517
1363,*Oc1ccc(cc1)Cc1ccc(cc1)OC(=O)CCCCC(=O)*,tg,54.951070149739586
1364,*CNC(S1)=CC=C1C(C=C2)=CC=C2*,egc,3.9415664672851562
1365,*CCCCCCCCNC(=O)CCCCCCC(=O)N*,egc,5.893477280934651
1366,*OC1CCC(OC(=O)OCCCCCOC(*)=O)CC1,egb,7.2132517496744795
1367,*CCCCCCCCCCCCCNC(=O)CCCCCCCCCCCC(=O)N*,egc,5.859476566314697
1368,*OC(=O)CCCCC(=O)OCC(=O)NCCCCCCNC(=O)C*,tg,6.760213216145833
1369,*Oc1ccc(cc1)Oc1ccc(cc1)S(=O)(=O)c1ccc(cc1)Oc1ccc(cc1)C(=O)c1ccc(cc1)*,tg,186.28414408365884
1370,*Oc1ccc(cc1)NC(=O)c1cc(cc(c1)NC(=O)c1ccncc1)C(=O)Nc1ccc(cc1)*,tg,312.2954915364583
1371,*N1C(=O)c2c(C1=O)cc(cc2)Oc1ccc(cc1)C(c1ccc(cc1)Oc1cc2c(C(=O)N(C2=O)c2cc(ccc2)P(=O)(c2cc(ccc2)*)C)cc1)(C)C,tg,218.81810506184897
1372,*C(C*)C(=O)OC(C)C,tg,33.48163604736328
1373,*Oc1ccc2cc(C(*)=O)ccc2c1Br,egc,2.778160572052002
1374,*c1ccc(cc1)C(C(*)(C(=O)O)C#N)(C(=O)O)C#N,tg,157.2835235595703
1375,*Oc1ccc(cc1)c1cc(c(c(c1)c1ccc(cc1)c1ccccc1)c1ccc(cc1)NC(=O)c1ccc(cc1)C(=O)Nc1ccc(cc1)c1c(cc(cc1c1ccc(cc1)c1ccccc1)c1ccc(cc1)OCCCCCC*)c1ccc(cc1)c1ccccc1)c1ccc(cc1)c1ccccc1,tg,168.94500223795572
1376,*C=CC(C*)C(C)CC,egc,5.358676592508952
1377,*NC(Cc1ccc(OC(=O)OCc2ccccc2)cc1)C(*)=O,egc,4.981822649637858
1378,*Nc1cc(ccc1)NC(=O)CCCCCCCCC(=O)*,tg,90.0160649617513
1379,*C(C*)C(=O)OC1CC(CC(C1)C)(C)C,tg,71.478515625
1380,*Oc1ccc(cc1)CC(=O)*,tg,112.19301350911458
1381,*Oc1ccc(cc1)S(=O)(=O)c1ccc(cc1)c1ccc(cc1)S(=O)(=O)c1ccc(cc1)*,tg,268.0226643880208
1382,*C(C*)c1ccc(cc1)C(=O)OCC(C)C,tg,89.4772440592448
1383,*OC(=O)c1ccc(cc1)c1ccc(cc1)c1ccc(cc1)C(=O)OCCCCCC*,tg,59.135457356770836
1384,*Oc1ccc(cc1)Oc1ccc(cc1)OCCCCCCOC(=O)OCCCCCCCCOC(=O)OCCCCCC*,tg,-15.905405680338541
1385,*Oc1ccc(cc1)Oc1ccc(cc1)C(=O)c1ccc(cc1)NC(=O)CCCCCCCCC(=O)Nc1ccc(cc1)C(=O)c1ccc(cc1)*,tg,146.42830912272134
1386,*C(C=C1)=CC=C1C(=S)C(S2)=CC=C2C(=S)*,egc,2.2227442264556885
1387,*C(C*)C(=O)Oc1ccc(cc1)C(=O)Oc1ccc(cc1)OC(=O)c1ccc(cc1)OCCCC,tg,66.67839813232422
1388,*COCOCCCO*,nc,1.6429980993270874
1389,*c1cc2c(C(=O)N(C2=O)c2cc(ccc2)Oc2cc(ccc2)Oc2cc(ccc2)N2C(=O)c3c(C2=O)cc(cc3)C(=O)*)cc1,tg,202.08563741048178
1390,*Oc1ccc(cc1)C(c1ccc(cc1)OC(=O)c1c(cccc1)c1c(cccc1)C(=O)*)(c1ccccc1)C,tg,184.74276733398438
1391,*OC(=O)Nc1cc(c(cc1)C)NC(=O)OCCC*,tg,65.39795176188152
1392,*C(C*)(C(=O)OCCCCCOc1cc2c(cc1)cc(cc2)C(=O)Oc1ccccc1)C,tg,65.14890543619792
1393,*N1C(=O)c2c(C1=O)cc(cc2)Sc1cc2c(C(=O)N(C2=O)c2ccc(cc2)Cc2ccc(cc2)*)cc1,tg,281.8706461588542
1394,*C(C*)c1ccc(cc1)COCCOCCCC,tg,-19.848169962565105
1395,*C(C*)(C(=O)OCCCCCCCC[n+]1ccc(cc1)N(C)C)C,tg,50.49072519938151
1396,*Nc1c(cccc1)CCc1ccc(cc1)NC(=O)Nc1ccc(cc1)CCc1ccc(cc1)NC(=O)*,tg,175.5772247314453
1397,*CCOCCOCCOC(=O)CCSCCC(=O)O*,egc,5.2961147626241045
1398,*c1cc2c(C(=O)N(C2=O)c2ccc(cc2)Oc2ccc(cc2)N2C(=O)c3c(C2=O)cc(cc3)C(=O)NCCN(CCNC(=O)*)c2ccc(cc2)C=Cc2ccc(cc2)[N+](=O)[O-])cc1,tg,198.07050069173178
1399,*Cc1ccc(-c2ccc(-c3ccc(*)cc3)cc2)cc1,eea,1.561134139696757
1400,*C(C*)(C(=O)OCCCN(c1ccc(cc1)N=Nc1ccc(cc1)[N+](=O)[O-])CCO)C,tg,128.77278900146484
1401,*N1C(=O)c2c(C1=O)cc(cc2)S(=O)(=O)c1cc2c(C(=O)N(C2=O)c2ccc(cc2)C2(c3ccccc3c3ccccc23)c2ccc(cc2)*)cc1,tg,362.07215372721356
1402,*C(C*)OC(=O)C1CCCC1,tg,68.20169576009114
1403,*c1cc2c(C(=O)N(C2=O)c2ccc(cc2)c2nc(cc(c2)c2ccc(cc2)OCCCC#N)c2ccc(cc2)N2C(=O)c3c(C2=O)cc(cc3)C(=O)*)cc1,tg,323.59954833984375
1404,*NC(=O)C(=CC(=O)NCCCCCC*)C,tg,106.64413452148438
1405,*c1nc(ccc1)Oc1ccc(cc1)C(c1ccc(cc1)O*)(C)C,tg,96.7858174641927
1406,*CC(=O)c1ccc(-c2ccc(*)cc2)cc1,nc,1.9389794270197551
1407,*C1C(CC(C1)C=C*)C#N,tg,93.90816243489583
1408,*OC(=S)C(F)(F)C(*)(F)F,ei,7.162609577178955
1409,*C(=O)C(S1)=CC=C1C(=O)O*,egc,4.053355693817139
1410,*c1oc(nn1)c1ccc(cc1)Oc1cc(ccc1)NC(=O)c1cc(cc(c1)N1C(=O)c2c(C1=O)cccc2)C(=O)Nc1cc(ccc1)Oc1ccc(cc1)*,tg,273.66652425130206
1411,*Nc1c2c(ccc1)c(ccc2)NC(=O)c1cc(ccc1)C(=O)*,tg,287.37204996744794
1412,*OC(=O)CCCC*,tg,-43.31429545084635
1413,*NC(=O)c1ccc(cc1)C(=O)NCCCCCCCCC*,tg,138.7724863688151
1414,*Nc1cc(ccc1)NC(=O)c1ccc(cc1)C(=O)Nc1cc(ccc1)NC(=S)NC(=O)c1cc(ccc1)C(=O)NC(=S)*,tg,252.73916625976562
1415,*c1ccc(N(c2ccc(CCCC)cc2)c2ccc(-c3sc(*)c4c3OCCO4)cc2)cc1,egc,1.969818115234375
1416,*C(=O)c1ccc2c(c1)C(=O)N(c1ccc(Oc3ccc(-c4ccc(Oc5ccc(N6C(=O)c7ccc(*)cc7C6=O)cc5)cc4)cc3)cc1)C2=O,egc,2.470357815424601
1417,*c1ccc(*)c(C)n1,egc,4.53936783472697
1418,*c1cc2c(C(=O)N(C2=O)c2ccc(cc2)N2C(=O)c3c(C2=O)cc(cc3)c2c(c(c(c(c2c2ccccc2)c2ccccc2)c2ccc(cc2)Sc2ccc(cc2)c2c(c(c(c(c2c2ccccc2)c2ccccc2)*)c2ccccc2)c2ccccc2)c2ccccc2)c2ccccc2)cc1,tg,366.8058776855469
1419,*c1cc2c(C(=O)N(C2=O)c2c(ccc(c2)N2C(=O)c3c(C2=O)cc(cc3)C(=O)OCCN(CCOC(=O)*)c2ccc(cc2)N=Nc2ccccc2)N=Nc2ccccc2)cc1,tg,145.21951802571616
1420,*Cc1ccc(COC(=O)c2cccc(C(=O)O*)c2)cc1,egc,4.504527409871419
1421,*O[Si](O[Si](Oc1c(cc(cc1C)c1cc(c(c(c1)C)*)C)C)(C)C)(C)C,tg,16.52655283610026
1422,*OC(C)COC(=O)CCCC(*)=O,egc,6.661380449930827
1423,*CC(S1)=CC=C1NC(=S)*,egc,3.4337335427602134
1424,*Nc1ccc(C(=O)O*)s1,eps,4.966238339742024
1425,*CC(=S)NC(*)=S,egb,2.5120046138763428
1426,*OC(COC(=O)*)COCCOC,tg,-7.3448486328125
1427,*CC(C=C1)=CC=C1OC(=S)*,egc,4.0301283200581866
1428,*Cc1cc(C)c(*)cc1C,egc,4.2466050783793134
1429,*N=C(O)N=C(*)N=C(N)N,egc,3.0756168365478516
1430,*CC(OO*)c1ccc(Br)cc1,egc,4.064352353413899
1431,*OC(C)CCOC(=O)CCCCS(=O)(=O)CCCCC(*)=O,egc,6.584807395935059
1432,*c1c(c(cc(c1)N=Nc1ccc(cc1)OC)*)O,tg,161.47379557291666
1433,*C(=O)C(S1)=CC=C1C(=O)C(S2)=CC=C2*,egc,3.060966889063517
1434,*CC(*)C(=O)O,egb,7.077712535858154
1435,*Nc1ccc(*)cc1,eps,4.915378093719482
1436,*C(C*)C(=O)OCCCSCCC#N,tg,-44.514506022135414
1437,*Oc1ccc(cc1)OC(=O)c1ccc(cc1)[Si](c1ccc(cc1)C(=O)*)(C)C,tg,185.10741678873697
1438,*C(C*)CNc1ncc(cc1)[N+](=O)[O-],tg,124.81903584798177
1439,*OC(=O)CCCCCCCCCCCCC(*)=O,egc,6.261896928151448
1440,*C=C1CCCCC(=Cc2ccc(Sc3ccc(*)o3)o2)C1=O,egc,2.61199156443278
1441,*C1C(=O)N(C(=O)C1C(C*)c1ccccc1)CCCOc1ccc(cc1)c1ccc(cc1)C#N,tg,156.5270538330078
1442,*c1c(cc(cc1)*)C(=O)c1ccc(cc1)F,tg,171.4040273030599
1443,*OC(=O)Nc1c(ccc(c1)NC(=O)OCCCCCCCCCC*)C,tg,52.87930043538412
1444,*CC(CCCCCCCCCC)O*,egc,5.55480941136678
1445,*c1nc(nc(n1)N(CCCCCCCCCCN(*)c1ccccc1)c1ccccc1)C,tg,60.261497497558594
1446,*c1c([nH]c(n1)c1cc(ccc1)c1[nH]c(c(n1)c1ccc(cc1)Oc1ccc(cc1)S(=O)(=O)c1ccc(cc1)Oc1ccc(cc1)*)c1ccccc1)c1ccccc1,tg,294.6042175292969
1447,*N1C(=O)c2c(C1=O)cc(cc2)C(=O)Nc1ccc(cc1)Oc1ccc(cc1)NC(=O)C*,tg,227.8813018798828
1448,*N=P(*)(OCC(C(C(C(C(C(C(F)(F)F)(F)F)(F)F)(F)F)(F)F)(F)F)(F)F)OCC(C(C(C(C(C(C(F)(F)F)(F)F)(F)F)(F)F)(F)F)(F)F)(F)F,tg,-19.998082478841145
1449,*CCCCCCCCNC(=O)CCCCCCCCC(=O)N*,egc,5.886418342590332
1450,*N1C(=O)c2c(C1=O)c(ccc2)Oc1ccc(cc1)C(c1ccc(cc1)Oc1c2c(C(=O)N(C2=O)c2c(cc(c(c2C)*)C)C)ccc1)(C)C,tg,247.8451944986979
1451,*C(C*)(C(=O)Oc1c(c(c(c(c1Cl)Cl)Cl)Cl)Cl)C,tg,150.3687744140625
1452,*CC(O)COC(=O)CCCCC(=O)OCC(O)COc1ccc(O*)cc1,egc,4.91190767288208
1453,*Oc1ccc(C(=S)c2ccc(*)s2)s1,eps,5.104773203531901
1454,*Oc1ccc(cc1)NC(=O)c1ccc(cc1)Oc1ccc(cc1)C(c1cc(ccc1)C(c1ccc(cc1)Oc1ccc(cc1)C(=O)Nc1ccc(cc1)Oc1ccc(cc1)c1ccc(cc1)*)(C)C)(C)C,tg,164.42648315429688
1455,*NC(=O)CCc1ccc(cc1)CCC(=O)NCCCCCCCCCCCCCC*,tg,75.97584533691406
1456,*Oc1ccc(cc1)C(=O)c1ccc(cc1)OCCCCCCOC(=O)OCCCCCCCCOC(=O)OCCCCCC*,tg,-4.93865966796875
1457,*NC(F)(F)CC(*)(F)F,egb,7.440770943959554
1458,*NC(CC(=O)OCc1ccc(Cl)cc1)C(*)=O,egc,4.842757066090901
1459,*c1cc2c(C(=O)N(C2=O)c2cc(c(cc2)Oc2c(cc(cc2)N2C(=O)c3c(C2=O)cc(cc3)C(=O)Nc2c(ccc(c2)C(F)(F)F)Oc2c3c(ccc2)c(ccc3)Oc2c(cc(cc2)C(F)(F)F)NC(=O)*)c2ccccc2)c2ccccc2)cc1,tg,287.9502461751302
1460,*c1nc2c(c(c1)c1ccccc1)cc(cc2)c1cc2c(nc(cc2c2ccccc2)c2ccc(cc2)c2ccc(cc2)c2ccc(cc2)c2ccc(cc2)*)cc1,tg,370.0393575032552
1461,*C1C(=O)N(C(=O)C1C(C*)(C)C)C(C)C,tg,124.62710825602214
1462,*C(C*)OCC(C)C,tg,-41.83646138509115
1463,*C1COC2C1OCC2OC(=O)C(NC(=O)CCCCCCCCC(=O)NC(C(=O)O*)C(CC)C)C(CC)C,tg,89.9142583211263
1464,*CCCCCCCCCCNC(=O)CCCCCCCCCCCCCCCCC(=O)N*,egc,5.9052360852559405
1465,*c1ccc(-c2nc3ccc(S(=O)(=O)c4ccc5nc(*)c(-c6ccccc6)nc5c4)cc3nc2-c2ccccc2)cc1,egc,3.2245237032572427
1466,*Oc1ccc(cc1)C1(c2ccccc2c2ccccc12)c1ccc(cc1)Oc1cc(c(cc1)C(=O)c1ccccc1)c1c(ccc(c1)*)C(=O)c1ccccc1,tg,244.58662923177084
1467,*NC1CC(CCC(*)=O)C1(C)C,egc,5.904226144154866
1468,*C(=S)c1ccc(-c2ccc(-c3ccc(*)cc3)cc2)s1,ei,5.773712158203125
1469,*OC(=O)NNC(=O)CCCCCCCCC(=O)NNC(=O)OCCCCCC*,tg,26.267690022786457
1470,*CC(=O)C(=S)c1ccc(*)s1,eea,3.772232929865519
1471,*c1nc(nc(n1)OCCCCO*)OC,tg,37.260030110677086
1472,*CCCCCCCCCCOC(=O)CCCC(=O)O*,egc,6.811086336771647
1473,*C=Cc1ccc(C=Cc2nc3cc4nc(*)[nH]c4cc3[nH]2)cc1,egc,2.6697018146514893
1474,*N1C(=O)c2c(C1=O)cc(cc2)Oc1ccc(cc1)Oc1cc2c(C(=O)N(C2=O)c2ccc(cc2)C(=O)c2ccc(cc2)*)cc1,tg,229.3197021484375
1475,*C(C*)(C(=O)OC1CC(CCC1)C)C,tg,95.14225769042969
1476,*OC(=O)OCCCCCCOC(=O)OC1COC2C(*)COC12,egc,6.740617752075195
1477,*C(=O)c1ccc2c(c1)C(=O)N(c1ccc(C3(c4ccc(N5C(=O)c6ccc(*)cc6C5=O)cc4)c4ccccc4-c4ccccc43)cc1)C2=O,egc,2.483543634414673
1478,*C(C*)C(=O)NCC(=O)N,tg,128.42164866129556
1479,*CC(C)(C*)CN(C)CC1C2CC3CC(C2)CC1C3,egc,4.7423750559488935
1480,*Oc1c(cc(cc1)c1cc(c(cc1)OC(*)(Oc1ccccc1)Oc1ccccc1)C)C,tg,109.28186289469402
1481,*CCCCCCOC(=O)CC=CCC(=O)O*,egc,5.955291271209717
1482,*C(C*)(CC(=O)OC(C)C)C(=O)OC12CC3(CC(CC(C1)C3)(C2)C)C,tg,139.4092051188151
1483,*CC(CO*)(COC=O)COC=O,egc,6.478848775227864
1484,*Nc1ccc(cc1)Cc1ccc(cc1)NC(=O)c1ccc(cc1)P(=O)(c1ccc(cc1)C(=O)*)c1ccccc1,tg,236.28982543945312
1485,*Oc1ccc(cc1)C(c1ccc(cc1)OC(=O)c1ccc(cc1)C(=O)*)(C)C,tg,215.36470540364584
1486,*C1C2CC(C)C(C2)C1*,egb,5.997924168904622
1487,*NC(C=C1)=CC=C1C(=O)C(C=C2)=CC=C2*,egc,3.18245267868042
1488,*C(C*)NC(=O)OC(C)(C)C,tg,113.70257059733073
1489,*C(C*)C(=O)OCC(C(F)(F)F)(F)F,tg,5.808827718098958
1490,*C(C*)n1cncc1,tg,145.52845764160156
1491,*Nc1c([2H])c([2H])c(*)c([2H])c1[2H],egc,3.3900087674458823
1492,*NC(=S)Nc1ccc(Cc2ccc(*)cc2)cc1,nc,1.9545772473017375
1493,*C(F)(F)C1(F)C(F)(F)C(*)(F)C1(F)F,egc,7.83820645014445
1494,*CCCCCCCCOC(=O)NCc1ccc(CNC(=O)O*)cc1,egc,5.360723972320557
1495,*O[Si](*)(CCCOc1ccc(cc1)C(=O)Oc1ccc(cc1)OC)C,tg,32.357666015625
1496,*CCCCCOC(=O)O*,ei,7.735606988271077
1497,*c1cc2c(C(=O)N(C2=O)c2ccc(cc2)C(=O)OCCCCCCCCCCCCOC(=O)*)cc1,tg,68.32190195719402
1498,*CC(OC(=O)C(=O)OCC)C(COC(=O)O*)OC(=O)C(=O)OCC,egc,6.078986644744873
1499,*Oc1ccc(cc1)Cc1ccc(cc1)OCC(C*)O,tg,68.27428944905598
1500,*CCC(Cl)C(*)Cl,egb,6.939965724945068
1501,*CCCC(C)(C)CNC(=O)CCCCCCCCC(=O)N*,egc,5.816669464111328
1502,*C(C*)(C(=O)OCc1c(cccc1Cl)Cl)C,tg,62.204742431640625
1503,*CCCCCCCCCCCCNC(=O)NCCCCCCNC(=O)N*,egc,5.711445967356364
1504,*NC(=O)c1ccc(-c2ccc(*)s2)cc1,nc,2.0828829606374106
1505,*CCCN(*)C(=O)c1ccccc1,egc,4.788708051045735
1506,*c1cc2c(C(=O)N(C2=O)c2ccc(cc2)OCCN(CCOc2ccc(cc2)N2C(=O)c3c(C2=O)cc(cc3)C(*)(C(F)(F)F)C(F)(F)F)c2ccc(cc2)C(=C(C#N)C#N)C#N)cc1,tg,198.3111775716146
1507,*OC(=O)Nc1ccc(cc1)Cc1ccc(cc1)NC(=O)OCCOCCOCCOCC*,tg,50.98980967203776
1508,*C(C*)(C(=O)OCC(=O)N1CCCC1)C,tg,108.03376770019531
1509,*C(C*)(C(=O)OCCCCCCCCOc1ccc(cc1)C(=O)Oc1ccc(cc1)C(=O)C=Cc1c(c2c(n1CCCC)cccc2)C)C,tg,70.12821451822917
1510,*CC(=O)OC(*)=S,eea,3.049972136815389
1511,*O[Si](CCCN=C1C(=CC(=NCCC[Si](*)(C)C)C(=C1)O)O)(C)C,tg,-21.807205200195312
1512,*C(C*)C(=O)OCCCOc1ccc(cc1)N=Nc1ccc(cc1)[N+](=O)[O-],tg,58.38463846842448
1513,*CC(=O)CO*,egb,5.005132834116618
1514,*c1cc2c(C(=O)N(C2=O)c2c3c(ccc2)c(ccc3)Oc2ccc(cc2)N2C(=O)c3c(C2=O)cc(cc3)C(=O)Nc2c3c(ccc2)c(ccc3)Oc2ccc(cc2)NC(=O)*)cc1,tg,273.62208048502606
1515,*C(C*)(C(=O)OCc1sccc1)C,tg,41.582926432291664
1516,*Nc1ccc(Nc2ccc(*)s2)s1,egb,2.221039056777954
1517,*c1cc2c(C(=O)N(C2=O)c2c(cc(cc2C)c2cc(c(c(c2)C)N2C(=O)c3c(C2=O)cc(cc3)C(=O)*)C)C)cc1,tg,322.65955607096356
1518,*CCCCCCCCCCCCCCOC(=O)c1ccc(C(=O)NCCCCCNC(=O)c2ccc(C(=O)O*)cc2)cc1,egc,4.60562785466512
1519,*c1nc2c(nc1)cc(cc2)c1ccc2c(nc(cn2)c2ccc(cc2)Oc2ccc(cc2)Oc2ccc(cc2)Oc2ccc(cc2)*)c1,tg,219.02960205078125
1520,*c1ccc(-c2ccc(*)s2)s1,ei,4.935957749684651
1521,*C(C*)(C(=O)OCC=C)C,tg,63.21707661946615
1522,*CCC(C)C(C)CCNC(=O)c1cccc(C(=O)N*)c1,egc,5.0663994153340655
1523,*C(=O)Nc1ccc(NC(=O)c2ccc3c(c2)C(=O)N(c2cccc(N4C(=O)c5ccc(*)cc5C4=O)c2)C3=O)cc1,egc,2.7756528854370117
1524,*OP(=O)(Oc1ccc(cc1)S(=O)(=O)c1ccc(cc1)*)Oc1ccc(cc1)[N+](=O)[O-],tg,102.39058939615886
1525,*OC(=O)CCC(=O)OCCCC*,tg,-26.448867797851562
1526,*CC(=S)c1ccc(N*)cc1,egb,2.149378220240275
1527,*C(=O)OC1CCC(OC(=O)N2CC(C)N(*)CC2C)CC1,egc,6.113533020019531
1528,*N=P(*)(Oc1cccc(Cl)c1)Oc1cccc(Cl)c1,egc,3.7881237665812173
1529,*N1C(=O)c2c(C1=O)cc(cc2)C(=O)c1cc2c(C(=O)N(C2=O)CCC(=O)Nc2ccc(cc2)Cc2ccc(cc2)NC(=O)CC*)cc1,tg,225.65078735351562
1530,*c1cc2c(C(=O)N(C2=O)c2c(cc(cc2C)Cc2cc(c(c(c2)C)N2C(=O)c3c(C2=O)cc(cc3)C(=O)Nc2c(ccc(c2)NC(=O)*)N=Nc2ccc(cc2)[N+](=O)[O-])C)C)cc1,tg,266.94164021809894
1531,*CC(O*)C(F)(F)F,eps,3.7048296133677163
1532,*CC(=S)C(=O)C(*)=S,eps,5.807641824086507
1533,*OC(=O)c1ccc(C(=O)Oc2ccc3c(c2)Oc2cc(*)ccc2C32c3ccccc3-c3ccccc32)cc1,egc,3.1780641078948975
1534,*C(C*)OC,tg,16.92034403483073
1535,*Oc1ccc(cc1)CC(NC(=O)CCc1ccc(cc1)OC(=O)*)C(=O)OCC,tg,97.43238576253255
1536,*CCCCCCOC(=O)C1C(=O)C2CCC1C(=O)C2C(=O)O*,egc,5.22094202041626
1537,*NC(=O)c1ccc(-c2ccc(*)cc2)s1,eea,2.73330291112264
1538,*c1c(nc2c(n1)cc(cc2)Oc1ccc(cc1)NC(=O)c1cc2c(C(=O)N(C2=O)c2ccc(cc2)C(c2ccc(cc2)N2C(=O)c3c(C2=O)cc(cc3)C(=O)Nc2ccc(cc2)Oc2cc3c(nc(c(n3)c3ccc(cc3)Oc3ccc(cc3)*)c3ccccc3)cc2)(C(F)(F)F)C(F)(F)F)cc1)c1ccccc1,tg,281.1376241048177
1539,*c1cc2c(C(=O)N(C2=O)c2c(cc(cc2C)Cc2cc(c(c(c2)C)N2C(=O)c3c(C2=O)cc(cc3)C(=O)OCCN(CCOC(=O)*)c2ccc(cc2)N=Nc2c(cc(cc2)[N+](=O)[O-])[N+](=O)[O-])C)C)cc1,tg,162.6968739827474
1540,*Oc1ccc(C(=S)c2ccc(*)s2)s1,nc,2.1128412882486978
1541,*Oc1c(cc(cc1)C(c1cc(c(cc1)OC(=O)*)Cl)(C)C)C,tg,109.88070933024089
1542,*c1ccc(C(=O)C(F)(F)C(*)(F)F)s1,egb,3.3025421301523843
1543,*OC(=O)NCCCCCCNC(=O)OCC(C(C*)(F)F)(F)F,tg,-29.908345540364582
1544,*NOC(=O)O*,ei,7.715497334798177
1545,*c1ccc(CC(F)(F)C(*)(F)F)cc1,eps,3.519801298777262
1546,*C1C2CC(C(=O)NCC(O)C(O)C(OC3OC(CO)C(O)C(O)C3O)C(O)CO)C(C2)C1*,egb,4.900167783101399
1547,*OC(CC(=O)*)CCCCCCC=C,tg,-43.94788106282552
1548,*NNC(=O)c1c(cccc1)C(=O)Nc1cc(ccc1)C=C1C(=O)C(=Cc2cc(ccc2)NC(=O)c2c(cccc2)C(=O)*)CC1,tg,207.6370086669922
1549,*NC(=O)CCCCCCCCCCCCCCCCC(=O)NCCCCCCCCCC*,tg,42.63279469807943
1550,*CC(*)OC(=O)c1cccc(Br)c1,egc,3.035932938257853
1551,*C(=O)c1ccc(-c2ccc(C(*)=S)cc2)s1,nc,2.240752935409546
1552,*N1C(=O)c2c(C1=O)c(ccc2)Oc1ccc(cc1)Oc1ccc(cc1)Oc1c2c(C(=O)N(C2=O)c2ccc(cc2)Oc2ccc(cc2)*)ccc1,tg,233.2470499674479
1553,*CC(C#N)(C#N)C(C#N)C(C#N)(C#N)C(C#N)C(C#N)(C#N)C(C#N)C(C#N)(C#N)*,egc,6.4076128005981445
1554,*c1cnc(s1)N1C(=O)c2c(C1=O)cc(cc2)C(c1cc2c(C(=O)N(C2=O)c2ccc(cc2)Oc2ccc(cc2)*)cc1)(C(F)(F)F)C(F)(F)F,tg,321.98570760091144
1555,*c1nc(ccc1)N1C(=O)N(C(=O)C1=O)CCCCCCN1C(=O)N(C(=O)C1=O)*,tg,175.35931905110678
1556,*CC(C)(CO*)COCCCCCCCCCCOc1ccc(-c2ccc(C#N)cc2)cc1,egc,3.667030175526937
1557,*OC(=O)NCCCCCCNC(=O)OCC(C(C(C*)(F)F)(F)F)(F)F,tg,-13.022964477539062
1558,*OC(F)(F)c1ccc(C(*)(F)F)cc1,eps,3.7802317142486572
1559,*N1C(=O)c2c(C1=O)cc(cc2)Oc1ccc(cc1)C1(CCCCCCCCCCC1)c1ccc(cc1)Oc1cc2c(C(=O)N(C2=O)c2ccc(cc2)Oc2ccc(cc2)*)cc1,tg,234.06334431966147
1560,*C1CC2CC(CC(C1)O2)OC(=O)c1ccc(cc1)C(=O)O*,tg,201.82634480794272
1561,*c1n(c(nn1)c1ccc(cc1)Oc1ccc(cc1)C(c1ccc(cc1)Oc1ccc(cc1)*)(C(F)(F)F)C(F)(F)F)c1cc(ccc1)C(F)(F)F,tg,211.28619893391928
1562,*N1C(=O)c2c(C1=O)cc(cc2)Oc1ccc(cc1)C1(CCCCCCCCCCC1)c1ccc(cc1)Oc1cc2c(C(=O)N(C2=O)c2ccc(cc2)Oc2c(cc(cc2)Oc2ccc(cc2)*)C(C)(C)C)cc1,tg,234.83039347330728
1563,*c1oc2c(n1)ccc(c2)c1ccc2c(oc(n2)CCCCCCCC*)c1,tg,62.76080576578776
1564,*c1cc(*)cc(-c2nc3ccccc3o2)c1,egc,3.6342100302378335
1565,*Oc1c(cc(cc1)C(=O)*)CCCCC,tg,90.06682586669922
1566,*OC(C=C1)=CC=C1C(=O)C(S2)=CC=C2C(=O)NOC(=O)*,egc,3.69936466217041
1567,*C(C(*)(F)F)(OC(F)(F)F)F,tg,2.6770426432291665
1568,*Oc1ccc(cc1)C(c1ccc(cc1)OCC(C*)O)(CC)C,tg,86.09133656819661
1569,*Oc1ccc(cc1)CC(NC(=O)CCc1ccc(cc1)OC(=O)CCCCCCC(=O)*)C(=O)OCCOCCOCC,tg,9.919637044270834
1570,*c1nc2c(c(c1)c1ccccc1)cc(cc2)Oc1cc2c(nc(cc2c2ccccc2)c2ccc(cc2)Oc2ccc(cc2)*)cc1,tg,287.35595703125
1571,*Nc1ccc(NC(=O)c2ccc(C(*)=O)cc2F)cc1F,egc,3.5762546062469482
1572,*NC(=O)CCCCCCCCCCCCCC(=O)NCc1ccc(cc1)C*,tg,90.11362711588542
1573,*NC(=O)c1ccc(C(*)=S)cc1,egb,2.99125083287557
1574,*OS(=O)(=O)c1cc(C)c(*)c(C)c1,egc,4.317230701446533
1575,*OC(=O)CCS(=O)(=O)CCS(=O)(=O)CCC(*)=O,egc,6.084031422932942
1576,*CC(*)c1ccc(Cl)c(C)c1,egc,3.661425987879435
1577,*CCOCCOC(=O)C(=O)O*,egc,5.773793538411458
1578,*Oc1c(cc(cc1OC)/C=C/c1ccc(cc1)/C=C/c1ccc(cc1)/C=C/c1cc(c(c(c1)OC)OCCCCCCCC*)OC)OC,tg,72.18858337402344
1579,*CCCCNC(=O)CCCCCCCC(=O)NCCCCNC(=O)C(=O)N*,egc,4.702274322509766
1580,*c1cc2c(C(=O)N(C2=O)c2ccc(cc2)Oc2ccc(cc2)N2C(=O)c3c(C2=O)cc(cc3)C(=O)N2C(=S)N(C(C(=C2C)C(=O)OCC)c2c(cc(cc2)OC)OC)C(=O)*)cc1,tg,165.03422037760416
1581,*Oc1c(cc(cc1)OC(=O)c1ccc(cc1)C(=O)*)C1C2CCC(C1)C2,tg,323.08095296223956
1582,*CCOC(=O)CCCCC(=O)O*,egc,6.795017242431641
1583,*c1ccc2c(nc([nH]2)c2ccc(cc2)C(=O)Nc2cc(ccc2)C(=O)Nc2cc(ccc2)NC(=O)*)c1,tg,287.6553243001302
1584,*c1ccc2c(nc([nH]2)c2cc(ccc2)c2nc3c([nH]2)ccc(c3)C(=O)Nc2cc(ccc2)NC(=O)*)c1,tg,316.16736857096356
1585,*CONO*,egc,5.718591372172038
1586,*Cc1ccc(C(=O)C(*)=S)s1,eps,4.453177293141683
1587,*OC(=O)c1ccc(cc1)C(c1ccc(cc1)C(=O)OCCCC*)(C)C,tg,28.2903569539388
1588,*c1cc2c(C(=O)N(C2=O)c2ccc(cc2)Oc2ccc(cc2)C2(c3c(C(=O)N2)cccc3)c2ccc(cc2)Oc2ccc(cc2)N2C(=O)c3c(C2=O)cc(cc3)C(=O)Nc2ccc(cc2)Oc2ccc(cc2)S(=O)(=O)c2ccc(cc2)Oc2ccc(cc2)NC(=O)*)cc1,tg,297.36663818359375
1589,*ON(C(F)(F)F)C(F)(C(*)(F)F)C(F)(F)F,egc,7.280942598978679
1590,*COC1OC(*)C(O)C(O)C1O,egc,6.087634881337483
1591,*OS(=O)(=O)c1ccc(cc1)*,tg,163.74115498860678
1592,*OC(=O)C(=S)C(*)=O,ei,6.950008233388265
1593,*C(C*)(C(=O)OCCN(c1ccc(cc1)N=Nc1c(cc(cc1)N=Nc1ccc(cc1)C#N)C)C)C,tg,120.05332692464192
1594,*N1C(=O)c2c(C1=O)c(ccc2)c1cc2c(C(=O)N(C2=O)c2cc(ccc2)OCCCCCCCCOc2cc(ccc2)*)cc1,tg,135.9224599202474
1595,*Oc1ccc(cc1)N(c1ccc(cc1)c1ccc(cc1)N(c1ccc(cc1)OCCCCCC*)c1ccccc1)c1ccccc1,tg,109.93474578857422
1596,*CNCc1ccc(*)s1,ei,5.877736409505208
1597,*C(C*)C(=O)Oc1c(cccc1)C(=O)OC,tg,48.61808776855469
1598,*CC(*)F,egc,6.915134906768799
1599,*C([2H])=C(*)[2H],egc,4.688246409098308
1600,*CCC(=O)C(*)=S,eps,4.627111911773682
1601,*NC(=S)Nc1ccc(NC(=S)Nc2ccc(Oc3ccc(*)cc3)cc2)cc1,egb,2.674466848373413
1602,*Cc1ccc(CC(*)=S)s1,ei,5.865621089935303
1603,*Nc1c2c(ccc1)c(ccc2)NC(=O)c1ccc(cc1)NC(=O)c1ccc(cc1)[Si](c1ccc(cc1)C(=O)Nc1ccc(cc1)C(=O)*)(C)C,tg,310.4618835449219
1604,*C(C*)OC(=O)CC1CCCC1,tg,51.63903554280599
1605,*C(C*)S(=O)(=O)c1ccccc1,tg,192.25291442871094
1606,*N1C(=O)c2c(C1=O)cc(cc2)c1cc2c(C(=O)N(C2=O)c2ccc(cc2)C(=O)Nc2ccc(cc2)Oc2ccc(cc2)S(=O)(=O)c2ccc(cc2)Oc2ccc(cc2)NC(=O)c2ccc(cc2)*)cc1,tg,257.4842224121094
1607,*OC(CC(=O)*)CC,tg,-7.260813395182292
1608,*NC(=S)NC(C=C1)=CC=C1CC(C=C2)=CC=C2*,egc,3.9561758041381836
1609,*CC(*)(F)C#N,egb,6.993343194325765
1610,*C=C(*)F,egc,3.338722308476766
1611,*Oc1ccc(cc1)C(c1ccc(cc1)Oc1c(cc(cc1)C(=O)c1cc(c(cc1)*)S(=O)(=O)O)S(=O)(=O)O)(C)C,tg,229.42676289876303
1612,*C(C*)C(=O)OCCN(c1ccc(cc1)N=Nc1ccc(cc1)[N+](=O)[O-])CC,tg,92.48513285319011
1613,*c1sc(*)c2sc(CCCCCCCCC)nc12,egc,2.547346750895182
1614,*c1cc2c(C(=O)N(C2=O)c2cc(ccc2)C(c2cc(ccc2)N2C(=O)c3c(C2=O)cc(cc3)C(=O)*)(C(F)(F)F)C(F)(F)F)cc1,tg,255.1551717122396
1615,*CCCCCCCCCC#CC#CCCCCCCCCCOC(=O)CCCCCCC(=O)O*,egc,5.387898604075114
1616,*CC(*)C(=O)OCCCOc1ccc(-c2ccc(C#N)cc2)cc1,egc,4.156939665476481
1617,*c1cc2c(C(=O)N(C2=O)c2c(cc(cc2C)Cc2cc(c(c(c2)C)N2C(=O)c3c(C2=O)cc(cc3)C(=O)OCCN(CCOC(=O)*)c2ccc(cc2)N=Nc2c(cc(cc2)[N+](=O)[O-])C#N)C)C)cc1,tg,183.50877380371094
1618,*c1[nH]nc(c1)c1ccc(cc1)Oc1ccc(cc1)C(=O)c1ccc(cc1)C(=O)c1ccc(cc1)Oc1ccc(cc1)*,tg,208.6154022216797
1619,*C(C*)(C(=O)OCCCCC)C,tg,18.69080098470052
1620,*C(=CCCC*)c1ccccc1,tg,-1.7950897216796875
1621,*c1ccc2ccc3c(*)cc(C#C)c4ccc1c2c34,egc,2.18015726407369
1622,*C=Nc1ccccc1N=Cc1ccc(Sc2ccc(*)o2)o1,egc,2.7005439599355063
1623,*Cc1ccc(C(=S)O*)s1,egb,2.959871212641398
1624,*Oc1ccc(cc1)S(=O)(=O)c1ccc(cc1)c1ccc(cc1)c1ccc(cc1)S(=O)(=O)c1ccc(cc1)*,tg,269.3665364583333
1625,*[Si](C=C*)(c1ccccc1)c1ccccc1,tg,3.2250823974609375
1626,*CC(*)F,nc,1.6015219291051228
1627,*c1sc(cc1SCCCCCCCC)c1ccc(cc1)c1sc(c(c1)SCCCCCCCC)c1ccc(cc1)*,tg,23.577657063802082
1628,*COC(S1)=CC=C1C(C=C2)=CC=C2*,egc,3.766230344772339
1629,*Nc1cc(cc(c1)C(=O)OCCOc1ccc(cc1)C=CC(=O)c1ccccc1)NC(=O)c1ccc(cc1)C(=O)*,tg,229.8984629313151
1630,*Oc1ccc(cc1)C(c1ccc(cc1)OC(=O)/C=C\C(=O)OCC(C*)O)(C)C,tg,97.60685475667317
1631,*C=C*,egb,3.8619795640309653
1632,*c1cc2c(C(=O)N(C2=O)c2cc(cc(c2)C(=O)O)N2C(=O)c3c(C2=O)cc(cc3)C(*)(C(F)(F)F)C(F)(F)F)cc1,tg,288.50304158528644
1633,*Oc1ccc(C(C)(C)c2ccc(OC(=O)OCC3CCC(COC(*)=O)CC3)cc2)cc1,egc,5.339550654093425
1634,*O[Si](c1c(c(c(c(c1F)F)F)[Si](*)(C)C)F)(C)C,tg,-42.42813618977865
1635,*c1ccc(*)c2nc(CC)c(CC)nc12,egc,3.4783290227254233
1636,*NC(=O)OC(*)=O,eps,4.805062770843506
1637,*c1ccc(-c2ccc(-c3ccc(-c4ccc(*)s4)s3)s2)cc1,eps,7.487917264302571
1638,*Nc1cc(ccc1)NC(=O)Cc1c(cc(c(c1)CC(=O)*)C)C,tg,220.02728271484375
1639,*C(C*)c1ccc(cc1)CCCC,tg,9.875752766927084
1640,*C(=O)C(NC(=O)C1CCCN1C(=O)C1CCCN1*)c1ccccc1,egc,4.9187618891398115
1641,*c1ccc2c(nc([nH]2)c2ccc(cc2)c2nc3c([nH]2)ccc(c3)C(=O)Nc2ccc(cc2)NC(=O)c2ccc(cc2)NC(=O)*)c1,tg,298.4825439453125
1642,*Oc1ccc(cc1)C(=O)c1cc(ccc1)NC(=O)CCCCCCCCC(=O)Nc1cc(ccc1)C(=O)c1ccc(cc1)*,tg,124.7305425008138
1643,*Oc1ccc(cc1)C(=O)c1cc(ccc1)NC(=O)c1cc(ccc1)C(=O)Nc1cc(ccc1)C(=O)c1ccc(cc1)*,tg,174.4035898844401
1644,*Oc1ccc(cc1)C(c1ccc(cc1)OCC(CN(CC(C*)O)c1ccc(cc1)N=Nc1ccc(cc1)[N+](=O)[O-])O)(C)C,tg,132.96398162841797
1645,*Oc1ccc(cc1)C(c1ccc(cc1)Oc1ccc(cc1)C(=O)c1c(cccc1)c1c(cccc1)C(=O)c1ccc(cc1)*)(C(F)(F)F)C(F)(F)F,tg,186.8290252685547
1646,*C(=O)c1ccc(C(=O)c2ccc(*)s2)s1,eps,5.367151737213135
1647,*CC(*)C(=O)OCC(F)(F)F,egc,6.4687778155008955
1648,*C(C*)OC(=O)C(CCC)(C)C,tg,46.18156941731771
1649,*Nc1ccc(Oc2ccc(*)s2)cc1,eps,4.208240032196045
1650,*C(C*)(C(=O)OC1CCCCC1)C,tg,102.22617594401042
1651,*CC(*)OC(=O)CCCCC,egc,6.447602907816569
1652,*CONO*,egb,6.113061745961507
1653,*N1C(=O)c2c(C1=O)cc(cc2)Oc1cc2c(cc1Oc1cc3c(C(=O)N(C3=O)c3cc(ccc3)Oc3ccc(cc3)*)cc1)cccc2,tg,217.86006673177084
1654,*CCCOCCCOC(=O)CCCCCCCCC(=O)O*,egc,6.743506113688151
1655,*c1cc2c(C(=O)N(C2=O)c2c(cc(cc2C)c2cc(c(c(c2)C)N2C(=O)c3c(C2=O)cc(cc3)C(=O)Nc2ccc(cc2)C(c2ccc(cc2)NC(=O)*)(C(F)(F)F)C(F)(F)F)C)C)cc1,tg,323.4955647786458
1656,*C(C*)OC(=O)CC1CCCCC1,tg,72.81411743164062
1657,*Nc1ccc(Oc2ccc(*)s2)cc1,eea,1.2448838949203491
1658,*Nc1ccc(cc1)C(=O)c1ccc(cc1)NC(=O)c1cc(cc(c1)C(C)(C)C)C(=O)*,tg,273.0916748046875
1659,*C(=S)c1ccc(-c2ccc(-c3ccc(*)cc3)cc2)cc1,nc,2.035223960876465
1660,*C(C*)C(=O)OC(CC)CC,tg,-19.65198262532552
1661,*CCC(=O)N*,ei,6.324888229370117
1662,*c1cc2c(C(=O)N(C2=O)c2cc(ccc2)Oc2cc(ccc2)N2C(=O)c3c(C2=O)cc(cc3)C(C(C(*)(F)F)(F)F)(F)F)cc1,tg,160.8396250406901
1663,*CCCCCCCCNC(=O)CCCCCCCCCCCCCCC(=O)N*,egc,5.9139084815979
1664,*c1cc2c(C(=O)N(C2=O)c2ccc(cc2)Cc2ccc(cc2)N2C(=O)c3c(C2=O)cc(cc3)C(=O)Oc2ccc(cc2)OCCCCCCCCCCCCOc2ccc(cc2)OC(=O)*)cc1,tg,123.6488749186198
1665,*CCCc1ccc(*)s1,eea,1.1587200562159221
1666,*C(=C(*)Cl)CCCCCC,tg,117.80966440836589
1667,*C(CCCCC*)CCCCCC,tg,-67.72119649251302
1668,*N1C(=O)c2c(C1=O)cc(cc2)S(=O)(=O)c1cc2c(C(=O)N(C2=O)c2ccc(cc2)Oc2ccc(cc2)C(=O)c2ccc(cc2)Oc2ccc(cc2)*)cc1,tg,255.6033732096354
1669,*C(C*)(C(=O)OCCCCCCOc1ccc(cc1)OC(=O)c1cc(c(cc1)OC)Br)C,tg,42.60607147216797
1670,*CC(=S)c1ccc(N*)cc1,nc,2.126804987589518
1671,*Oc1ccc(-c2ccc(C(*)=O)cc2)s1,eea,2.4788004557291665
1672,*CCOCCOCCOCCOCCOC(=O)CCSCCC(=O)O*,egc,5.3091200192769366
1673,*CC(*)c1ccc(C)c(C)c1,egc,4.493122736612956
1674,*Oc1ccc(cc1)C(=C(Cl)Cl)c1ccc(cc1)OC*,tg,165.66034952799478
1675,*C(=O)c1ccc(C(=S)c2ccc(*)s2)cc1,nc,2.1207545598347983
1676,*C(C*)OCCCCCCCCCC,tg,-70.86438496907552
1677,*Oc1ccc(cc1)CC(NC(=O)Cc1ccc(cc1)OC(=O)CCCCCCC(=O)*)C(=O)OCCCCCC,tg,33.23318735758463
1678,*C(C*)(C(=O)OCc1cc(c(cc1)OCCOCCOCCOCC)OCCOCCOCCOCC)C,tg,-17.101572672526043
1679,*c1cc2c(C(=O)N(C2=O)c2c(ccc(c2)N2C(=O)c3c(C2=O)cc(cc3)C(=O)*)CP(=O)(OCC)OCC)cc1,tg,217.87323506673178
1680,*OC(=O)c1cc2c(cc1)cc(cc2)C(=O)OCC*,tg,109.21039581298828
1681,*c1ccc(-c2ccc(C(=S)c3ccc(*)s3)s2)cc1,egb,1.0767541726430256
1682,*c1cccc(-c2nc3ccc(-c4ccc5nc(*)sc5c4)cc3s2)c1,egc,3.1598383585611978
1683,*Oc1ccc(cc1)OC(=O)c1ccc(cc1)C(=O)Oc1ccc(cc1)OCCCCC*,tg,69.5974629720052
1684,*Oc1ccc(cc1)CC(NC(=O)CCc1ccc(cc1)OC(=O)CCCC(=O)*)C(=O)OCCOCCOCC,tg,19.229036966959637
1685,*OC(C)COC(=O)CCCCCCCC(*)=O,egc,6.828489303588867
1686,*Oc1ccc(cc1)C1(c2ccccc2c2ccccc12)c1ccc(cc1)OC(=O)CCCCCCCCC(=O)*,tg,147.12716166178384
1687,*C1OC(C(F)(F)F)(C(F)(F)F)OC1(*)F,egb,7.232316811879476
1688,*Oc1cc(ccc1)NC(=O)c1cc(cc(c1)C(C(C(C(C(C(C(C(F)(F)F)(F)F)(F)F)(F)F)(F)F)(F)F)(F)F)(F)F)C(=O)Nc1ccc(cc1)*,tg,260.6448465983073
1689,*c1cc2c(C(=O)N(C2=O)c2ccc(cc2)c2cc(c(cc2)Oc2cc3c(C(CC3(c3ccc(cc3)Oc3c(cc(cc3)c3ccc(cc3)N3C(=O)c4c(C3=O)cc(cc4)C(=O)*)C(F)(F)F)C)(C)C)cc2)C(F)(F)F)cc1,tg,252.20458475748697
1690,*c1ccc(-c2nc3cc4sc(*)nc4cc3s2)cc1,egc,3.253884474436442
1691,*CCCCCOC(=O)Nc1ccc(C)c(NC(=O)O*)c1,eps,3.4897549152374268
1692,*Oc1ccc(SSCCCCSSc2ccc(*)cc2)cc1,egc,3.642040570576986
1693,*C=Cc1cccc(*)c1,egc,3.3916947841644287
1694,*c1sc(cc1)c1sc(cc1)c1sc(cc1)[Si](*)(C)C,tg,66.47041829427083
1695,*C1C(=O)N(C(=O)C1*)c1c(cccc1)C(=O)OC,tg,251.60890197753906
1696,*C(C*)c1ccc(cc1)C(=O)c1ccccc1,tg,123.60692850748698
1697,*C#CC(=C(*)c1cnc2ccccc2c1)c1cnc2ccccc2c1,egc,1.30019211769104
1698,*N1C(=O)c2c(C1=O)c(ccc2)Oc1ccc(cc1)Oc1c2c(C(=O)N(C2=O)c2ccc(cc2)Oc2cc(ccc2)Oc2ccc(cc2)*)ccc1,tg,213.912109375
1699,*Oc1c(cc(cc1)Oc1ccc(cc1)C(=O)c1ccc(cc1)c1ccc(cc1)C(=O)c1ccc(cc1)*)c1ccccc1,tg,168.97791544596353
1700,*N(c1ccc(cc1)C(=O)*)CCC,tg,118.36187235514323
1701,*N1C(=O)C2C(C1=O)C(=CC(C2)C1C(=O)N(C(=O)C1)c1ccc(cc1)Oc1ccc(cc1)*)C,tg,297.5796203613281
1702,*N=P(*)(OCCOCCOCCOP1(=NP(=NP(=N1)(OCCOCCOC)OCCOCCOC)(OCCOCCOC)OCCOCCOC)OCCOCCOC)OCCOCCOCCOP1(=NP(=NP(=N1)(OCCOCCOC)OCCOCCOC)(OCCOCCOC)OCCOCCOC)OCCOCCOC,tg,-74.20935567220052
1703,*CCCC(=O)*,egc,5.335797627766927
1704,*Cc1ccc(-c2ccc(-c3ccc(*)cc3)cc2)cc1,ei,5.689768632253011
1705,*C(Cl)=C(c1ccccc1)c1ccc(*)cc1,egc,3.767442226409912
1706,*c1sc(cc1CCCC)c1ccc(cc1)c1sc(c(c1)CCCC)c1ccc(cc1)*,tg,43.23541005452474
1707,*Nc1ccc(Nc2ccc(*)s2)s1,eps,5.355086803436279
1708,*OCC(C*)(CS(=O)(=O)CC)CS(=O)(=O)CC,tg,82.76715596516927
1709,*c1nc(ccc1)Oc1ccc(cc1)Oc1ccc(cc1)S(=O)c1ccc(cc1)Oc1ccc(cc1)O*,tg,128.29978942871094
1710,*NC(=O)Oc1ccc(*)cc1,ei,6.111228942871094
1711,*N1C(=O)c2c(C1=O)cc(cc2)C(=O)Oc1ccc(cc1)C(c1ccc(cc1)OC(=O)CCCCCCCCCCC*)(C)C,tg,74.33337910970052
1712,*Cc1ccc(Nc2ccc(*)s2)cc1,nc,1.8875199953715007
1713,*NNC(=O)CCCCCCCCCCCCCCCCC(*)=O,egc,5.886349678039551
1714,*OC(*)CCCCCC,tg,-29.95160420735677
1715,*Oc1ccc(CC(NC(=O)CCc2ccc(OC(=O)CCC(*)=O)cc2)C(=O)OCCCCCC)cc1,egc,4.938008785247803
1716,*c1ccc2c(c1)c1cc(*)ccc1n2C=C,egc,2.9614439805348716
1717,*C1COC2C1OCC2OC(=O)CCCCCCCCC(=O)O*,tg,34.24952189127604
1718,*Oc1c(cc(cc1)S(=O)(=O)c1cc(c(cc1)OCC(COc1ccc(cc1)S(=O)(=O)c1ccc(cc1)OCC(C*)O)O)C)C,tg,116.07176717122395
1719,*C(C*)(C(=O)OCCN(CC)CC)C,tg,8.06878662109375
1720,*CCCCOC(=O)COCC(=O)O*,egc,6.232205708821614
1721,*c1cc2c(C(=O)N(C2=O)c2ccc(cc2)Oc2ccc(cc2)Oc2ccc(cc2)NC(=O)*)cc1,tg,245.13217163085938
1722,*OC(=O)c1ccc(C2(C)CC(C)(C)c3ccc(C(=O)Oc4ccc5c(c4)Oc4cc(*)ccc4C5(C)C)cc32)cc1,egc,3.0358832677205405
1723,*N1C(=O)c2c(C1=O)cc(cc2)C(c1cc2c(C(=O)N(C2=O)Cc2oc(cc2)C(c2oc(cc2)C*)(C)C)cc1)(C(F)(F)F)C(F)(F)F,tg,141.5108184814453
1724,*OP(=O)(Oc1c(cc(cc1C)S(=O)(=O)c1cc(c(c(c1)C)*)C)C)Oc1ccc(cc1)Br,tg,153.7738291422526
1725,*C(F)(F)C(F)(F)C(=O)C(=S)*,egc,2.187376101811727
1726,*C(=O)NNC(=O)c1ccc(*)nc1,egc,4.617157141367595
1727,*c1cc2c(C(=O)N(C2=O)C2CCC(CC2)CC2CCC(CC2)N2C(=O)c3c(C2=O)cc(cc3)C(=O)Nc2ccc(cc2)Oc2ccc(cc2)NC(=O)*)cc1,tg,260.58642578125
1728,*C(=O)NNC(=O)c1cnc(*)cn1,egc,4.314990361531575
1729,*C(=O)CC(F)(F)C(*)(F)F,eps,3.6524396737416587
1730,*O[Si](Oc1ccc(cc1)*)(c1ccccc1)C,tg,83.54971059163411
1731,*Oc1ccc(cc1)NC(=O)c1c(cc(cc1)c1cc(c(cc1)C(=O)Nc1ccc(cc1)Oc1ccc(cc1)C(c1ccc(cc1)*)(C)C)C)C,tg,206.52490234375
1732,*CC(=O)OC(=O)COc1ccc(O*)cc1,egc,4.864559332529704
1733,*c1nc2cc3c(cc2nc1c1ccccc1)nc(c(n3)c1ccccc1)c1ccc(cc1)*,tg,389.3974914550781
1734,*N1C(=O)c2c(C1=O)cc(cc2)Oc1cc2c(cc1Oc1cc3c(C(=O)N(C3=O)c3c(cc(cc3C)Cc3cc(c(c(c3)C)*)C)C)cc1)cccc2,tg,276.0199381510417
1735,*N1C(=O)c2c(C1=O)cc(cc2)OCCN(CCOc1cc2c(C(=O)N(C2=O)c2ccc(cc2)C(c2ccc(cc2)*)(C(F)(F)F)C(F)(F)F)cc1)c1ccc(cc1)C=Cc1ccc(cc1)[N+](=O)[O-],tg,167.3887939453125
1736,*Oc1ccc(Nc2ccc(C(=O)c3ccc(C(=O)c4ccc(Nc5ccc(*)cc5)cc4)cc3)cc2)cc1,egc,3.3245066006978354
1737,*c1cc2c(C(=O)N(C2=O)c2ccc(cc2)Oc2ccc(cc2)N2C(=O)c3c(C2=O)cc(cc3)C(=O)Nc2ccc(cc2)Oc2ccc(cc2)C2(c3c(C(=O)N2)cccc3)c2ccc(cc2)Oc2ccc(cc2)NC(=O)*)cc1,tg,305.08062744140625
1738,*c1c2C(=O)N(C(=O)c2c(c2ccccc12)c1ccc(cc1)Oc1ccc(cc1)S(=O)(=O)c1ccc(cc1)Oc1ccc(cc1)*)c1ccc(cc1)Cl,tg,298.9346618652344
1739,*c1cc2c(C(=O)N(C2=O)c2ccc(cc2)Oc2ccc(cc2)N2C(=O)c3c(C2=O)cc(cc3)C(CCCCCCCCC(*)(C)C)(C)C)cc1,tg,202.82810974121094
1740,*C(C*)(C(=O)OCC)C#N,tg,96.16805013020833
1741,*c1n(cnc1C(=O)NCC(CNC(=O)*)(C)C)C,tg,117.0855000813802
1742,*N1C(=O)c2c(C1=O)cc(cc2)Oc1cc2c(C(=O)N(C2=O)c2cc(ccc2)P(=O)(c2cc(ccc2)*)c2ccccc2)cc1,tg,231.89110819498697
1743,*C=CC1CC(*)C(C#N)([Si](C)(C)O[Si](C)(C)C)C1,egc,5.068116505940755
1744,*Oc1cc(ccc1)NC(=O)CCCCCCCCCCC(=O)Nc1ccc(cc1)*,tg,115.99890899658203
1745,*C(C*)CC(C)(C)C,tg,111.52450307210286
1746,*CCc1ccc(O*)s1,eps,3.712685743967692
1747,*CCO*,egb,7.086564064025879
1748,*Oc1ccc(cc1)C(c1ccc(cc1)OC(=O)*)C1C2CCC(C1)C2,tg,239.1250762939453
1749,*CNCc1ccc(*)cc1,eps,3.5481589635213218
1750,*C(=CCC*)c1ccccc1,tg,18.300018310546875
1751,*OCC(CN(CC(COCCCC*)O)c1ccc(cc1)N(C)C)O,tg,1.6183980305989583
1752,*CCCOC(=O)O*,egc,6.991408348083496
1753,*CCCCCC(=O)N*,egc,5.970730622609456
1754,*c1cc2c(C(=O)N(C2=O)c2ccc(cc2)C(=O)Nc2ccc(cc2)Oc2c(cccc2)Oc2ccc(cc2)NC(=O)c2ccc(cc2)N2C(=O)c3c(C2=O)cc(cc3)C(*)(C(F)(F)F)C(F)(F)F)cc1,tg,282.24669392903644
1755,*Oc1ccc(cc1)NC(=O)c1ccc(cc1)C(=O)Nc1ccc(cc1)Oc1ccc(cc1)C(c1ccc(cc1)*)(C(F)(F)F)C(F)(F)F,tg,227.63412475585938
1756,*Cc1ccc(Nc2ccc(*)s2)s1,nc,1.906017502148946
1757,*Oc1ccc(cc1)S(=O)(=O)c1ccc(cc1)Oc1ccc(cc1)P(=O)(c1ccc(cc1)*)c1ccccc1,tg,239.00055440266928
1758,*N1C(=O)c2c(C1=O)c(ccc2)Oc1c(cc(cc1C)c1cc(c(c(c1)C)Oc1c2c(C(=O)N(C2=O)c2c(cc(c(c2C)*)C)C)ccc1)C)C,tg,313.7269592285156
1759,*NC(Cc1c[nH]cn1)C(*)=O,egc,5.441487789154053
1760,*c1sc2cc3c(cc2n1)sc(n3)c1ccc(cc1)Oc1ccc(cc1)Oc1ccc(cc1)P(=O)(c1ccc(cc1)Oc1ccc(cc1)Oc1ccc(cc1)*)c1ccccc1,tg,326.98475138346356
1761,*N1C(=O)c2c(C1=O)cc(cc2)Oc1ccc(cc1)C(c1ccc(cc1)Oc1cc2c(C(=O)N(C2=O)c2ccc(cc2)N(c2ccc(cc2)*)c2ccc(cc2)C#N)cc1)(C(F)(F)F)C(F)(F)F,tg,247.05559285481772
1762,*C(C*)c1c(cccc1)COCCCCCCCC,tg,31.555318196614582
1763,*c1sc(nn1)c1cc(ccc1)OCCCCCCCCCCCOC(=O)c1ccc(cc1)C(=O)OCCCCCCCCCCCOc1cc(ccc1)*,tg,47.089027404785156
1764,*Oc1cc(c(cc1)CCc1ccc(cc1)OCCCCCC*)C,tg,7.9528757731119795
1765,*OC1CC(c2ccccc2)CC(*)O1,egc,5.404452959696452
1766,*Nc1ccc(cc1)NC(=O)c1c(ccc(c1)c1cc(c(cc1)C(=O)O)C(=O)*)C(=O)O,tg,243.7487589518229
1767,*Oc1ccc(cc1)NC(=O)c1cc(ccc1)C(=O)Nc1ccc(cc1)Oc1ccc(cc1)C(=O)c1ccc(cc1)*,tg,175.39831034342447
1768,*c1ccc(*)cc1,ei,5.605038483937581
1769,*N=P(*)(Nc1ccccc1)Nc1ccccc1,tg,99.83628336588542
1770,*Oc1c(cc(c(c1)OC(=O)c1ccc(cc1)OCCCC)OC(=O)C(CCC(=O)*)C)OC(=O)c1ccc(cc1)OCCCC,tg,65.32481638590495
1771,*c1ccc(-c2ccc(N3C(=O)c4ccc(-c5ccc6c(c5)C(=O)N(*)C6=O)cc4C3=O)cc2C(F)(F)F)c(C(F)(F)F)c1,egc,2.408205270767212
1772,*Nc1ccc(cc1)Nc1ccc(cc1)C(=O)c1ccc(cc1)C(=O)c1ccc(cc1)*,tg,202.57669067382812
1773,*c1cc2c(C(=O)N(C2=O)c2cc(ccc2)P(=O)(c2cc(ccc2)N2C(=O)c3c(C2=O)cc(cc3)C(=O)Nc2ccc3Cc4c(c3c2)cc(cc4)NC(=O)*)c2ccccc2)cc1,tg,270.2340087890625
1774,*NC(=O)c1ccc(C(*)=S)s1,ei,6.519680500030518
1775,*c1cc2c(C(=O)N(C2=O)c2ccc(cc2)S(=O)(=O)c2ccc(cc2)N2C(=O)c3c(C2=O)cc(cc3)C(=O)Nc2ccc(cc2)Cc2ccc(cc2)NC(=O)*)cc1,tg,294.6691487630208
1776,*c1ccc(-c2ccc([Si](C)(C)c3ccc(*)s3)s2)cc1,egc,2.5471132596333823
1777,*C(C*)C(=O)OC(OCC)C(F)(F)F,tg,21.882789611816406
1778,*C=CC(*)(C)C,tg,59.92635599772135
1779,*OC(C*)CO,tg,4.8434499104817705
1780,*C(C*)c1ccc(cc1)C(=O)OC,tg,121.26197560628255
1781,*CCCCCCCNC(=O)NCCCCCCNC(=O)N*,egc,5.6497751871744795
1782,*c1cc2c(C(=O)N(C2=O)c2ccc(cc2)c2c(cc(cc2c2ccc(cc2)c2ccccc2)c2ccc(cc2)OCCCCCCCCCCOc2ccc(cc2)c2cc(c(c(c2)c2ccc(cc2)c2ccccc2)c2ccc(cc2)N2C(=O)c3c(C2=O)cc(cc3)C(=O)*)c2ccc(cc2)c2ccccc2)c2ccc(cc2)c2ccccc2)cc1,tg,209.78048706054688
1783,*Oc1cc2c(C(CC2(c2ccc(cc2)OC(=O)c2cc(ccc2)C(=O)*)C)(C)C)cc1,tg,227.57445271809897
1784,*CNCC(*)=S,eps,4.401378631591797
1785,*C(C(*)(C(=O)OC(C([2H])([2H])[2H])([2H])[2H])C([2H])([2H])[2H])([2H])[2H],tg,95.72341410319011
1786,*C=CC(=O)C=Cc1ccc(Sc2ccc(*)o2)o1,egc,3.1983019510904946
1787,*C(C*)OC(=O)c1ccc(cc1)OCC,tg,81.8529764811198
1788,*Oc1ccc(CC(NC(=O)CCc2ccc(OC(=O)CCCCCCC(*)=O)cc2)C(=O)OC(C)C)cc1,egc,4.994373321533203
1789,*c1cc(CCCS(=O)(=O)O)c(*)s1,egc,2.298973560333252
1790,*O[Ca]OC(=O)c1c(cccc1)C(=O)OCCCCCOC(=O)Nc1c(ccc(c1)NC(=O)OCCCCCOC(=O)c1c(cccc1)C(=O)*)C,tg,17.81170908610026
1791,*CNCC(S1)=CC=C1*,egc,4.751356760660808
1792,*C(=O)c1ccc2c(c1)C(=O)N(c1ccc3c(c1)Cc1cc(N4C(=O)c5ccc(*)cc5C4=O)ccc1-3)C2=O,egc,2.473139842351278
1793,*Oc1ccc(-c2ccc(-c3ccc(*)s3)s2)s1,egb,2.011479218800863
1794,*Oc1ccc(cc1)N=Cc1ccc(cc1)Oc1ccc(cc1)C(c1ccc(cc1)Oc1ccc(cc1)C=Nc1ccc(cc1)*)(c1ccccc1)c1ccccc1,tg,152.30905151367188
1795,*Oc1ccc(cc1)c1ccc(cc1)Oc1ccc(cc1)C(=Nc1ccc(cc1)N=C(c1ccc(cc1)*)c1ccccc1)c1ccccc1,tg,181.41393534342447
1796,*c1oc2c(n1)ccc(c2)c1ccc2c(oc(n2)c2ccc(cc2)Oc2ccc(cc2)Oc2ccc(cc2)P(=O)(c2ccc(cc2)Oc2ccc(cc2)Oc2ccc(cc2)*)c2ccccc2)c1,tg,254.5679677327474
1797,*Oc1ccc(cc1)C(=O)OCCN(CCOC(=O)c1ccc(cc1)OCC#CC#CC*)c1ccc(cc1)N=Nc1ccc(cc1)N=Nc1cc(c(c(c1)C)C#N)C,tg,132.58943684895834
1798,*OC1CCC(OC(=O)OCCCCCCOC(*)=O)CC1,egb,7.153804461161296
1799,*C1C2C(C(C(C1*)C2)C(=O)OCCc1ccccc1)C(=O)OCCc1ccccc1,tg,231.87993876139322
1800,*Oc1ccc(cc1)C(c1cc(c(cc1)OC(=O)*)Cl)(C)C,tg,132.86782836914062
1801,*C(=O)CCC=CCCC(=O)N1CCN(*)CC1,egc,5.3139621416727705
1802,*C(C=C1)=CC=C1C(=S)C(S2)=CC=C2C(S3)=CC=C3*,egc,2.0715091228485107
1803,*C1C(=O)N(C(=O)C1C(C*)c1ccccc1)CCCN(c1cc(c(cc1)N=Nc1ccc(cc1)[N+](=O)[O-])C)CC,tg,163.4573974609375
1804,*Oc1ccc(SC(=O)Sc2ccc(*)cc2)cc1,egc,4.101059277852376
1805,*N1C(CN(C(C1)C)C(=O)c1ccc(cc1)C(=O)*)C,tg,173.99731953938803
1806,*CC(CS(=O)(=O)CCCCC)O*,egc,5.962148348490397
1807,*c1cc2c(nc(c(n2)c2ccc(cc2)Oc2ccc(cc2)c2c(nc3c(n2)cc(cc3)C(=O)*)c2ccccc2)c2ccccc2)cc1,tg,288.78746541341144
1808,*NC(=O)c1cc(ccc1)C(=O)NCC1CC(CCC1)C*,tg,179.51497395833334
1809,*C(C*)(C(=O)OCCCC)C#N,tg,69.57168070475261
1810,*Cc1cccc(*)c1O,egc,4.466455618540446
1811,*C(=O)C(C=C1)=CC=C1C(S2)=CC=C2C(S3)=CC=C3*,egc,2.894429842631022
1812,*C(C*)(C(=O)OCCCC)C,tg,6.3854115804036455
1813,*C(=O)c1ccc(C(=O)c2ccc(*)s2)s1,eea,3.749300956726074
1814,*Oc1cc(ccc1)Oc1ccc(cc1)S(=O)(=O)c1ccc(cc1)*,tg,170.30510457356772
1815,*c1cc2c(C(=O)N(C2=O)C2C(CC(CC2)CC2CC(C(CC2)N2C(=O)c3c(C2=O)cc(cc3)C(*)(C(F)(F)F)C(F)(F)F)C)C)cc1,tg,246.45404561360678
1816,*C=C(C)CC(C#N)CC*,egc,6.032939434051514
1817,*OC(=O)C=Cc1ccc(cc1)C=CC(=O)OCCN(CC*)c1ccc(cc1)N=Nc1ccc(cc1)[N+](=O)[O-],tg,135.40896606445312
1818,*C(C*)(C(=O)OCc1cc(cc(c1)Cl)Cl)C,tg,56.33335876464844
1819,*N1C(=O)c2c(C1=O)cc(cc2)Oc1cc2c(cc1)ccc(c2)Oc1cc2c(C(=O)N(C2=O)c2ccc(cc2)Oc2ccc(cc2)c2ccc(cc2)Oc2ccc(cc2)*)cc1,tg,235.09845987955728
1820,*CCC(O*)(C(F)(F)F)C(F)(F)F,egc,7.92720905939738
1821,*Nc1ccc(-c2ccc(O*)cc2)cc1,egb,3.3906867504119873
1822,*c1cc2c(C(=O)N(C2=O)N2C(=O)c3c(C2=O)cc(cc3)Oc2ccc(cc2)C(c2ccc(cc2)O*)(C)C)cc1,tg,241.3177235921224
1823,*OC(=O)OCC(C(C(C(C*)(F)F)(F)F)(F)F)(F)F,tg,-54.25263977050781
1824,*c1oc(cc1)COC(=O)NCc1oc(cc1)CNC(=O)OC*,tg,55.29929860432943
1825,*Nc1ccc(-c2ccc(-c3ccc(*)s3)cc2)cc1,nc,2.3215462366739907
1826,*CCCCCCCCCCOCCCCCCCCCCOCCCCO*,egc,6.154390335083008
1827,*C(F)(F)C(F)(F)NC(=S)*,egc,3.4942637284596763
1828,*C(=O)c1ccc(C(=S)c2ccc(*)cc2)cc1,nc,2.0140090783437095
1829,*c1cc2c(C(=O)N(C2=O)c2cc(ccc2)Oc2c(c(ccc2)Oc2cc(ccc2)N2C(=O)c3c(C2=O)cc(cc3)C(=O)Nc2cc(ccc2)Oc2c(c(ccc2)Oc2cc(ccc2)NC(=O)*)C#N)C#N)cc1,tg,197.72425333658853
1830,*N1C(=O)c2c(C1=O)cc(cc2)Oc1cc2c(C(=O)N(C2=O)c2ccc(cc2)Oc2ccc(cc2)C(=O)c2cc(ccc2)*)cc1,tg,230.32032775878906
1831,*CCCOC(=O)CCCCCCCC(=O)O*,egc,6.799848715464274
1832,*O[Si](*)(CCCOc1ccc(cc1)C(=O)Oc1ccc(cc1)c1ccc(cc1)OC(=O)c1cc(c(c(c1)OCCCCCCCCCCCC)OCCCCCCCCCCCC)OCCCCCCCCCCCC)C,tg,53.10696919759115
1833,*CC(=O)Cc1ccc(*)s1,egb,4.028732617696126
1834,*CNOC(=S)*,egc,4.007092316945394
1835,*Oc1cc(ccc1)NC(=O)CCCC(=O)Nc1cc(ccc1)OCC(COc1ccc(cc1)C(c1ccc(cc1)OCC(C*)O)(C)C)O,tg,114.46659596761067
1836,*NC(=S)NO*,ei,6.567451477050781
1837,*CCCCCCCCCCCCOC(=O)CCCCCNC(=O)CCCCC(=O)NCCCCCC(=O)O*,egc,5.851134141286214
1838,*CCCCCCCCCCNC(=O)CCCCCCCCCCCCC(=O)N*,egc,5.946399688720703
1839,*Oc1c2c(c(cc1)c1c3c(c(cc1)OCCCCCC*)cccc3)cccc2,tg,139.13829549153647
1840,*O[Si](O[Si](O[Si](*)(c1c(c(c(c(c1F)F)F)F)F)c1c(c(c(c(c1F)F)F)F)F)(C)C)(C)C,tg,-77.1642354329427
1841,*N=P(*)(OCCOCCOC)OCCOCCOC,tg,-83.8336690266927
1842,*c1cc2c(C(=O)N(C2=O)c2ccc(cc2)Oc2ccc(cc2)S(=O)(=O)c2ccc(cc2)Oc2ccc(cc2)N2C(=O)c3c(C2=O)cc(cc3)C(=O)c2cc(ccc2)C(=O)*)cc1,tg,245.8078816731771
1843,*Oc1ccc(cc1)NC(=O)c1ccc(cc1)Oc1ccc(cc1)C(c1ccc(cc1)C(c1ccc(cc1)Oc1ccc(cc1)C(=O)Nc1ccc(cc1)Oc1ccc(cc1)C(c1ccc(cc1)*)(C)C)(C)C)(C)C,tg,155.33211771647134
1844,*Nc1cc(ccc1)NC(=O)c1cc(ccc1)C(=O)Nc1cc(ccc1)NC(=S)NC(=O)c1ccc(cc1)C(=O)NC(=S)*,tg,256.2684834798177
1845,*Oc1ccc(cc1)N=Cc1ccc(cc1)Oc1ccc(cc1)C(c1ccc(cc1)Oc1ccc(cc1)C=Nc1ccc(cc1)Oc1ccc(cc1)c1ccc(cc1)*)(C)C,tg,150.6643269856771
1846,*C(C*)(C(=O)OCCCCl)C,tg,30.892967224121094
1847,*c1nc2c([nH]1)ccc(c2)N1C(=O)c2c(C1=O)cc(cc2)Oc1ccc(cc1)C(c1ccc(cc1)Oc1cc2c(C(=O)N(C2=O)c2ccc(cc2)*)cc1)(C)C,tg,305.9619547526042
1848,*c1ccc2N(c3c(Sc2c1)cc(cc3)c1sc(c(c1CCCCCC)CCCCCC)C=CC1=CC(=C(C#N)C#N)C=C(O1)C=Cc1sc(c(c1CCCCCC)CCCCCC)*)CCCCCC,tg,141.32355244954428
1849,*CC(S1)=CC=C1C(C=C2)=CC=C2O*,egc,3.943974733352661
1850,*CC(=O)O*,egb,6.572469393412272
1851,*O[Si](*)(CCCOCCOCCOCCOCCOCCOC)CCCOCCOCCOCCOCCOCCOC,tg,-67.29661051432292
1852,*CNON*,ei,5.855721632639567
1853,*C(C*)(C(=O)OCc1occc1)C,tg,57.258262634277344
1854,*C(C*)(C(=O)OCCCCCCCCCCCCCCC(=O)NC1OC(C(C(C1OC(=O)C)OC(=O)C)OC1OC(C(C(C1OC(=O)C)OC(=O)C)OC(=O)C)COC(=O)C)COC(=O)C)C,tg,124.58795166015625
1855,*CC(=O)C1CCC(*)C1=O,egc,5.1599985758463545
1856,*Oc1ccc(cc1)S(=O)(=O)c1ccc(cc1)Oc1ccc(cc1)C(c1ccc(cc1)*)C(C)C,tg,213.63214111328125
1857,*C=Cc1ccc(C=Cc2cc(OCCCCCCCCCCCC)c(*)cc2OC)cc1,egc,1.6875732739766438
1858,*c1ccc(-c2ccc(-c3ccc(-c4ccc(*)s4)cc3)s2)cc1,ei,4.898292859395345
1859,*CC(*)OC(=O)C(Cl)(Cl)Cl,egc,6.187556107838948
1860,*C(=S)c1ccc(C(=S)c2ccc(*)cc2)s1,ei,5.426825841267903
1861,*Oc1ccc(cc1)C(=O)Nc1cc(cc(c1)c1nc2c([nH]1)cccc2)NC(=O)c1ccc(cc1)OCCOCCOCCOCC*,tg,149.1287841796875
1862,*CCOCCOC(=O)CC(=O)O*,egc,6.174266656239827
1863,*OC(=O)C(NC(=O)C*)C,tg,102.25622812906902
1864,*c1ccc2n(c3c(c2c1)cc(cc3)C=C(C(=O)OCCCCCCOC(=O)C(=C*)C#N)C#N)CCCCCCC,tg,73.218994140625
1865,*c1n(c(nn1)c1ccc(cc1)Oc1ccc(cc1)C(c1ccc(cc1)Oc1ccc(cc1)*)(C(F)(F)F)C(F)(F)F)c1ccccc1,tg,209.83045450846353
1866,*OC(C*)COC(=O)c1ccc(cc1)N1C(=O)C2C(C1=O)C1C=CC2C1,tg,181.2584025065104
1867,*Oc1cc(ccc1)C(C(C(c1cc(ccc1)OC(=O)*)(F)F)(F)F)(F)F,tg,72.0033950805664
1868,*c1cc2c(C(=O)N(C2=O)C2CCC(CC2)CC2CCC(CC2)N2C(=O)c3c(C2=O)cc(cc3)C(*)(C(F)(F)F)C(F)(F)F)cc1,tg,261.2383626302083
1869,*Oc1ccc(cc1)C1(c2ccccc2c2ccccc12)c1ccc(cc1)OC(=O)CCCCCCC(=O)*,tg,169.43802388509116
1870,*Nc1cc(NC(=O)c2ccc(C(*)=O)cc2)c(N)cc1N,egc,3.3070059617360434
1871,*C1C(=O)NC(=O)C1C(C*)c1ccccc1,tg,217.03802998860678
1872,*C(C*)(C(=O)OCCCCCCCCCCOc1ccc(cc1)N=Nc1ccccc1)C,tg,28.451950073242188
1873,*c1[nH]c(*)c2c1CCC2,egc,2.805412451426188
1874,*Oc1ccc(cc1)CC(NC(=O)CCc1ccc(cc1)OC(=O)COCCOCC(=O)*)C(=O)OCCOCCOCC,tg,21.550509134928387
1875,*c1sc(cc1C)*,tg,150.30280558268228
1876,*c1ccc2c(c1)SC1(CCC3(CC1)Nc1ccc(*)cc1S3)N2,egc,3.796658992767334
1877,*c1ccc(-c2ccc(-c3ccc(*)s3)s2)cc1,egc,2.266213337580363
1878,*C(C*)(C(=O)OCc1ccccc1)C,tg,49.74950917561849
1879,*c1oc(cc1)CC*,tg,63.53314463297526
1880,*Oc1ccc(cc1)C1(C2C3C(CCC3)C(C1)C2)c1ccc(cc1)OC(=O)c1ccc(cc1)C(=O)*,tg,276.0440368652344
1881,*Nc1cccc(C(*)=O)c1,ei,6.337400754292806
1882,*C(C*)(C(=O)OCc1ccc2n(c3c(c2c1)cccc3)CCCC)C,tg,106.31006368001302
1883,*c1ccc(-c2ccc(-c3ccc(-c4ccc(*)s4)s3)cc2)cc1,eps,7.016125043233235
1884,*C1C(CC(C1)C=C*)C(=O)OC,tg,67.41410319010417
1885,*N1C(=O)c2c(C1=O)c(ccc2)Oc1c(cc(cc1C)c1cc(c(c(c1)C)Oc1c2c(C(=O)N(C2=O)c2c(cc(cc2C)Cc2cc(c(c(c2)C)*)C)C)ccc1)C)C,tg,304.1271565755208
1886,*N1C(=O)c2c(C1=O)cc(cc2)c1cc2c(C(=O)N(C2=O)c2c(ccc(c2)*)Oc2ccc(cc2)C(c2ccccc2)(C)C)cc1,tg,250.7245890299479
1887,*NNC(=O)C=CC(=O)Nc1ccc(NC(=O)C=CC(*)=O)cc1,egc,3.6922789414723716
1888,*Oc1c(cc(cc1C)c1cc(c(c(c1)C)Oc1ccc(cc1)C(=O)c1c(cccc1)c1c(cccc1)C(=O)c1ccc(cc1)*)C)C,tg,226.42414347330728
1889,*N1C(=O)c2c(C1=O)cc(cc2)Oc1cc2c(C(=O)N(C2=O)c2ccc(cc2)Sc2sc(cc2)Sc2ccc(cc2)*)cc1,tg,221.36181640625
1890,*c1cc(OCCCC)c(*)s1,egc,2.1723744869232178
1891,*c1[nH]c(nc1c1ccc(cc1)Oc1ccc(cc1)C(=O)c1ccc(cc1)Oc1ccc(cc1)*)c1ccccc1,tg,246.3115997314453
1892,*Nc1ccc(cc1)Cc1ccc(cc1)NC(=O)c1cc(cc(c1)NC(=O)C(C(CC)C)N1C(=O)c2c(C1=O)cccc2)C(=O)*,tg,200.7350056966146
1893,*CCCCCCOc1ccc(C(=O)OC(=O)c2ccc(O*)cc2)cc1,egc,4.254345734914144
1894,*C(=O)c1ccc(Oc2ccc(*)s2)s1,nc,2.131204843521118
1895,*C(C*)c1ccc(cc1)COCCCC,tg,6.078125
1896,*CCOCCOCCOCCOCCOCCOC(=O)NCCCCCCNC(=O)O*,egc,5.98589547475179
1897,*OP(=O)(N=Nc1ccc(cc1)c1ccc(cc1)N=NP(=O)(OCC1CCC(CC1)C*)OC)OC,tg,45.297777811686196
1898,*OC(CC*)C,tg,-63.176595052083336
1899,*c1ccc(-c2cnc3cc4nc(*)cnc4cc3n2)cc1,egc,2.7981104056040444
1900,*CCCCCCCCC(=O)NCCCCCCNC(=O)CCCCO*,egc,5.894223531087239
1901,*c1cc2c(C(=O)N(C2=O)c2c(ccc(c2)N2C(=O)c3c(C2=O)cc(cc3)C(=O)Nc2ccc(cc2)Cc2ccc(cc2)NC(=O)*)N=Nc2ccc(cc2)C)cc1,tg,253.2260945638021
1902,*Nc1ccc(cc1)Cc1ccc(cc1)NC(=O)c1cc(cc(c1)NC(=O)CCCN1C(=O)c2c(C1=O)cccc2)C(=O)*,tg,217.56580098470053
1903,*OC(=O)CCCCCCC(=O)OCCOCC*,tg,-59.43172709147135
1904,*C(CC(C*)C)(C(=O)OC)C,tg,43.55631764729818
1905,*C(C*)C(=O)Oc1ccc(cc1)C(=O)Oc1ccc(cc1)OC(=O)c1ccc(cc1)OCCCCC,tg,73.26715596516927
1906,*c1cc2c(C(=O)N(C2=O)c2ccc(cc2)OCCCCCCOc2ccc(cc2)N2C(=O)c3c(C2=O)cc(cc3)C(*)(C(F)(F)F)C(F)(F)F)cc1,tg,164.41112263997397
1907,*CCCCCOC(=O)CCCCC(=O)O*,egc,6.78011957804362
1908,*CCC(C)O*,egc,6.0761823654174805
1909,*Oc1ccc(cc1)NC(=O)c1cc(ccc1)C(=O)Nc1ccc(cc1)OCCCCCCCC*,tg,84.77075449625652
1910,*NC(COC(C)=O)C(*)=O,egc,5.984232743581136
1911,*NOC(=S)O*,eps,5.096634864807129
1912,*Oc1ccc(Oc2ccc(*)cc2)cc1,egb,4.065198977788289
1913,*C(C*)(C(=O)OCCCCCCOc1ccc(cc1)C(=O)Oc1ccc(cc1)C(=O)C=Cc1c(c2c(n1C)cccc2)C)C,tg,102.79369354248047
1914,*C1OC(CO1)CCCCOC(=O)CCCCCCC*,tg,-14.740386962890625
1915,*C1(F)OC(C(F)(F)F)(C(F)(F)Cl)OC1(*)F,egb,6.703789075215657
1916,*CCCOC(=O)CCCCCCCCOC(=O)CCCOC(=O)CCCCCCCCOC(*)=O,eea,0.9013717969258627
1917,*c1nc(CCCCCC)c(-c2sc(*)nc2CCCCCC)s1,egc,2.631424903869629
1918,*C1CC2CC(CC(C1)O2)OC(=O)Oc1ccc(cc1)C(c1ccc(cc1)OC(=O)O*)(C)C,tg,150.99396260579428
1919,*c1ccc(C2C(C(=O)OC)C(*)C2C(=O)OC)cc1,egc,5.05248498916626
1920,*NC(=O)Nc1ccc(*)cc1,eps,4.802231947580974
1921,*C(C*)(C(=O)OCCCOc1cc2c(cc1)cc(cc2)C(=O)Oc1ccccc1)C,tg,93.36123657226562
1922,*c1ccc2c(*)c(C)[nH]c2c1,egc,3.285949468612671
1923,*CC(*)(C)C(=O)OC(C(F)(F)F)C(F)(F)F,egc,5.847421805063884
1924,*c1cc(CCCCCCCCCCCCCCC)c(*)s1,egc,2.72170360883077
1925,*OP(=O)(Oc1ccc(-c2ccc(*)cc2)cc1)c1ccccc1,egc,4.032943328221639
1926,*C(C*)(CC(=O)OC1CCCCCC1)C(=O)OC1CCCCCC1,tg,123.50967152913411
1927,*Oc1ccc(cc1)Oc1ccc(cc1)C(=O)c1cc(ccc1)NC(=O)CCCCCCCCC(=O)Nc1cc(ccc1)C(=O)c1ccc(cc1)*,tg,131.39823404947916
1928,*NC(=O)OC(=S)*,egc,3.7328919569651284
1929,*NC(=O)CCCCCCCCCCC(=O)NCCCCCCCC*,tg,44.02185312906901
1930,*Oc1cccc(Oc2ccc3c(=O)n4c5cc(Oc6ccc7c(c6)nc6c8ccc(*)c9cccc(c(=O)n76)c98)ccc5nc4c4cccc2c34)c1,egc,2.972332795461019
1931,*CCCCCCCCCCCCCCCCOC(=O)CCC=CCCC(=O)O*,egc,5.979946295420329
1932,*CC(CCC)C(CCC)COC(=O)c1ccc(C(=O)O*)cc1,egc,4.931756973266602
1933,*C(=O)Nc1cccc(NC(=O)c2ccc3c(c2)C(=O)N(c2cc(-c4nc5ccccc5o4)cc(N4C(=O)c5ccc(*)cc5C4=O)c2)C3=O)n1,egc,3.0253775914510093
1934,*N1C(=O)c2c(C1=O)c(ccc2)Oc1ccc(cc1)Oc1c2c(C(=O)N(C2=O)c2ccc(cc2)Oc2ccc(cc2)*)ccc1,tg,257.41868082682294
1935,*CCOCCOCCOC(=O)CCCCS(=O)(=O)CCCCC(=O)O*,egc,6.266722361246745
1936,*CC(CC(*)(C#N)C#N)c1ccc(Cl)cc1,egc,5.0046493212382
1937,*C(C*)OC(=O)OCCC(C(C(C(C(C(F)(F)F)(F)F)(F)F)(F)F)(F)F)(F)F,tg,21.476524353027344
1938,*C(C(CCCCCCCC*)Cl)Cl,tg,-33.251434326171875
1939,*c1cccc(-c2ccc(-c3ccc(*)s3)s2)n1,egc,2.9368673165639243
1940,*Nc1ccc(cc1)Cc1ccc(cc1)NC(=O)c1cc(cc(c1)N1C(=O)C2C(C1=O)C1C=CC2C1)C(=O)*,tg,287.0071207682292
1941,*Oc1ccc(C2(c3ccc(OC(=O)c4cccc(C(*)=O)c4)c(C)c3)c3ccccc3-c3ccccc32)cc1C,egc,3.5073586304982505
1942,*c1ncc(nc1)C1C(C(C1c1ccccc1)*)c1ccccc1,tg,276.76609293619794
1943,*CC(*)c1cc(Br)ccc1OCC,egc,3.362859567006429
1944,*N1C(=O)c2c(C1=O)cc(cc2)Oc1cc2c(cc1)ccc(c2)Oc1cc2c(C(=O)N(C2=O)c2cc(ccc2)Oc2ccc(cc2)*)cc1,tg,233.38116455078125
1945,*c1c(nc2c(n1)cc(cc2)Oc1ccc(cc1)NC(=O)c1cc2c(C(=O)N(C2=O)c2ccc(cc2)C(c2ccc(cc2)N2C(=O)c3c(C2=O)cc(cc3)C(=O)Nc2ccc(cc2)Oc2cc3c(nc(c(n3)c3ccc(cc3)*)c3ccccc3)cc2)(C(F)(F)F)C(F)(F)F)cc1)c1ccccc1,tg,301.12034098307294
1946,*C=CCCCCCCC(Cl)CCCCCC*,egc,5.998151938120524
1947,*Oc1c(cc(cc1)C(c1cc(c(cc1)OCC(C*)O)Cl)(C)C)Cl,tg,113.71819305419922
1948,*Nc1ccc(C(=O)c2ccc(*)s2)cc1,ei,5.520834922790527
1949,*C(C*)C(=O)OCCC(C(C(C(C(C(C(C(F)(F)F)(F)F)(F)F)(F)F)(F)F)(F)F)(F)F)(F)F,tg,12.633761088053385
1950,*OC(=O)c1ccc(cc1)CC(=O)OCC(C*)(C)C,tg,34.32188924153646
1951,*Cc1ccc(-c2ccc(-c3ccc(*)s3)cc2)cc1,egb,2.7845927079518638
1952,*C(C*)(C(=O)OCCC(C(C(C(C(C(C(C(F)(F)F)(F)F)(F)F)(F)F)(F)F)(F)F)(F)F)(F)F)C,tg,33.38272349039713
1953,*N1C(=O)c2c(C1=O)c(c(c(c2c1ccccc1)c1ccccc1)c1ccc(cc1)c1c(c2c(C(=O)N(C2=O)c2ccc(cc2)*)c(c1c1ccccc1)c1ccccc1)c1ccccc1)c1ccccc1,tg,417.23276774088544
1954,*Oc1ccc(-c2ccc(C(*)=O)s2)cc1,eea,2.780433098475138
1955,*c1oc(nn1)c1ccc(cc1)c1oc(nn1)CCCCCOc1c(cc(cc1)OCCCCC*)C,tg,125.42976379394531
1956,*Cc1ccc(C(=S)c2ccc(*)s2)cc1,nc,1.9899921019872029
1957,*C(C*)c1ccc(cc1)C(=O)c1ccc(cc1)OC,tg,135.60965474446616
1958,*c1ccc(*)nn1,egc,3.538400411605835
1959,*c1cc2c(C(=O)N(C2=O)c2cc(ccc2)N2C(=O)c3c(C2=O)cc(cc3)C(=O)OCCN(CCOC(=O)*)c2ccc(cc2)N=Nc2ccc(cc2)C)cc1,tg,185.2901814778646
1960,*Oc1ccc(cc1)C(c1ccc(cc1)OC(=O)SCCCCCCSC(=O)*)(C)C,tg,72.19400533040364
1961,*CNOc1ccc(*)cc1,eea,1.233810027440389
1962,*Cc1ccc(C(=S)O*)cc1,eps,4.202168941497803
1963,*c1ccc2c(c1)c1ccccc1n2*,egc,3.658380111058553
1964,*CCCCCNC(=O)c1cccc(C(=O)N*)c1,egc,4.891928831736247
1965,*c1cc2c(C(=O)N(C2=O)c2ccc(cc2)C(=O)OCCCCCCOC(=O)*)cc1,tg,102.09573364257812
1966,*CNC(C=C1)=CC=C1C(S2)=CC=C2*,egc,3.629032532374064
1967,*Oc1ccc(C(c2ccc(OC(*)=O)cc2)C(Cl)Cl)cc1,egc,4.989211082458496
1968,*c1nc2c(nc1)cc(cc2)Oc1ccc2c(nc(cn2)c2ccc(cc2)Oc2ccc(cc2)*)c1,tg,256.3922526041667
1969,*OOC(C*)c1ccc(cc1)C,tg,12.379969278971354
1970,*CC(=O)c1ccc(-c2ccc(*)s2)s1,ei,5.747354984283447
1971,*C=Cc1ccc(*)n1C,egc,2.2743427753448486
1972,*N1C(=O)c2c(C1=O)cc(cc2)c1cc2c(C(=O)N(C2=O)c2cc(c(c(c2)C(=O)OCCCCCCCCCCCCCC)c2c(cc(cc2Br)*)C(=O)OCCCCCCCCCCCCCC)Br)cc1,tg,95.17301177978516
1973,*OC(=O)CCCCCCCCCCCC*,tg,-39.31469217936198
1974,*c1cc(-c2ccc(CCCCCCCC)cc2)c(*)s1,egc,2.4890189965566
1975,*C(=O)c1ccc(Oc2ccc(*)s2)cc1,egb,2.9200220108032227
1976,*c1cc2c(C(=O)N(C2=O)c2c(cc(c(c2C)N2C(=O)c3c(C2=O)cc(cc3)C(=O)Nc2c(cc(c(c2C)NC(=O)*)C)C)C)C)cc1,tg,298.8710428873698
1977,*CO*,nc,1.5981135765711467
1978,*c1nc2c([nH]1)ccc(c2)NC(=O)c1ccc(cc1)OCCOc1ccc(cc1)C(=O)Nc1cc(ccc1)*,tg,240.36622111002603
1979,*[SiH](C#Cc1cc(ccc1)C#C*)c1ccccc1,tg,60.724769592285156
1980,*N1C(=O)c2c(C1=O)c(ccc2)c1cc2c(C(=O)N(C2=O)c2cc(ccc2)C(=O)Nc2ccc(cc2)Oc2ccc(cc2)S(=O)(=O)c2ccc(cc2)Oc2ccc(cc2)NC(=O)c2cc(ccc2)*)cc1,tg,263.8461201985677
1981,*Oc1ccc(cc1)C(c1ccc(cc1)OC(=O)*)C(Cl)Cl,tg,177.3680216471354
1982,*Nc1cc(cc(c1)c1oc(nn1)c1ncccc1)NC(=O)CCCCCCCCC(=O)*,tg,125.87398274739583
1983,*Oc1c(cc(c(c1)OC(=O)c1ccc(cc1)OC)OC(=O)CCCC(=O)*)OC(=O)c1ccc(cc1)OC,tg,72.08145650227864
1984,*OC(F)(F)OC(F)(F)C(*)(F)F,egc,9.221890131632486
1985,*c1nc(C)nc(N(*)C)n1,egc,4.801154613494873
1986,*CNCC(*)=O,eps,3.936121702194214
1987,*OC1C(C)(C)C(OC(=O)C2CCC(C(*)=O)CC2)C1(C)C,egc,6.116402784983317
1988,*CNC(=O)ONC(=O)NO*,eea,1.3843809366226196
1989,*c1ccc2oc(-c3ccc4nc(*)oc4c3)nc2c1,ei,6.330941836039226
1990,*CCc1ccc(*)c(F)c1,egc,4.374142646789551
1991,*OCC(C*)(CCl)CCl,tg,71.57749430338542
1992,*NC(C=C1)=CC=C1C(=O)O*,egc,4.58058230082194
1993,*C(C*)OC(=O)CCl,tg,37.799886067708336
1994,*NC(=O)Oc1ccc(*)s1,eea,1.6671096881230671
1995,*OC1CCC(CC1)OC(=O)*,tg,61.425577799479164
1996,*CC(=O)Cc1ccc(*)cc1,egb,4.1135274569193525
1997,*c1cc(-c2ccc(OCCCC)cc2)c(*)s1,egc,2.6196888287862143
1998,*CCC(=O)OCCOC(=O)CCN1CCN(*)CC1,egc,5.344353675842285
1999,*c1nc2c(nc1)ccc(c2)c1ccc2c(nc(cn2)c2ccc(cc2)Oc2ccc(cc2)*)c1,tg,274.9737854003906
2000,*CCCCCCCCCNC(=O)CCCCCC(=O)N*,egc,5.838951587677002
2001,*Oc1ccc(cc1)C1(c2ccccc2c2ccccc12)c1ccc(cc1)Oc1ccc(cc1)C(=O)c1c(c(c(c(c1c1ccc(cc1)F)c1ccc(cc1)F)c1ccc(cc1)F)c1ccc(cc1)F)C(=O)c1ccc(cc1)*,tg,287.2111307779948
2002,*[Si](CCC*)(C)C,tg,-68.31129964192708
2003,*CCCCCCCCCCOC(=O)CCCCC(=O)O*,egc,6.821489334106445
2004,*c1cc2c(oc(n2)c2ccc(cc2)C(c2ccc(cc2)c2oc3c(n2)cc(cc3)C(*)(C(F)(F)F)C(F)(F)F)(c2ccccc2)C(F)(F)F)cc1,tg,329.8622741699219
2005,*C(C*)(C(=O)OCc1c(cccc1F)F)C,tg,60.0262705485026
2006,*Oc1ccc(OC(=O)Oc2ccc(OC(*)=O)cc2)cc1C,egc,4.748156706492106
2007,*NC(=O)CCCCCCCCCCC(=O)NCCCCCCCCCC*,tg,46.96784464518229
2008,*N1C(=O)c2c(C1=O)cc(cc2)c1cc2c(C(=O)N(C2=O)c2ccc(cc2)Oc2ccc(cc2)C(=O)c2cc(ccc2)C(=O)c2ccc(cc2)Oc2ccc(cc2)*)cc1,tg,211.64584350585938
2009,*Oc1ccc(cc1)S(=O)(=O)c1ccc(cc1)OCC(COc1c(cc(cc1C)C(c1cc(c(c(c1)C)OCC(C*)O)C)(C)C)C)O,tg,139.20779418945312
2010,*C1C2C(ON1C)C(=O)N(C2=O)c1ccc(cc1)N1C(=O)C2C(C(N(O2)C)c2ccc(cc2)*)C1=O,tg,266.2798360188802
2011,*c1ccc(-c2ccc(-c3ccc(-c4ccc(*)s4)cc3)s2)cc1,eps,6.238231817881267
2012,*NC(=O)c1cc(cc(c1)C(C)(C)C)C(=O)NCC1CCC(CC1)C*,tg,184.24018351236978
2013,*OC(=O)CCCCCCCCCC*,tg,-34.689168294270836
2014,*c1cc2c(C(=O)N(C2=O)c2c(cccc2)Oc2ccc(cc2)N2C(=O)c3c(C2=O)cc(cc3)C(*)(C(F)(F)F)C(F)(F)F)cc1,tg,298.50628662109375
2015,*Oc1ccc(cc1)Nc1ccc(cc1)C(=O)c1ccc(cc1)C(=O)c1ccc(cc1)Nc1ccc(cc1)*,tg,157.66712951660156
2016,*OP(=O)(N=Nc1ccc(cc1)c1ccc(cc1)N=NP(=O)(OCCOCC*)OC)OC,tg,18.729273478190105
2017,*NC(=O)C(C=C1)=CC=C1C(=S)*,egc,3.5113415718078613
2018,*OC(COC(=O)/C=C\C(=O)*)C,tg,39.04011789957682
2019,*C(C*)c1c(ccc(c1)C(=O)Oc1ccc(cc1)OCCCCCCCCCCCCCC)C(=O)Oc1ccc(cc1)OCCCCCCCCCCCCCC,tg,96.88549041748047
2020,*CCCCCCCCOC(=O)CCCCC(=O)O*,egc,6.797567685445149
2021,*CC(O)COc1ccc(C(C)(C)c2ccc(O*)c(Cl)c2)cc1Cl,egc,4.337985038757324
2022,*c1cc2c(C(=O)N(C2=O)c2ccc(cc2)OCCOCCOc2ccc(cc2)N2C(=O)c3c(C2=O)cc(cc3)C(*)(C(F)(F)F)C(F)(F)F)cc1,tg,175.84158325195312
2023,*C(C*)(C(=O)OCCCCCCCCCCn1c2ccc(cc2c2ccccc12)C=CC1=C(C(=C(C#N)C#N)OC1(C)C)C#N)C,tg,88.4213155110677
2024,*C=Cc1ccc(*)c2c1C(=O)OC2=O,egc,3.8102312088012695
2025,*Cc1ccc(Nc2ccc(*)s2)s1,eps,4.0422892570495605
2026,*c1oc(nn1)c1ccc(cc1)C(=O)OCCCCCCOc1ccc(cc1)C=CC(=O)C=Cc1ccc(cc1)OCCCCCCOC(=O)c1ccc(cc1)*,tg,68.44768524169922
2027,*CCCCCCCCCCCCNC(=O)CC(=O)N*,egc,5.861714045206706
2028,*CCCCCCCCCOC(=O)NCCCCCCNC(=O)O*,egc,6.340835412343343
2029,*C(C*)(C(=O)OCC(C(C(C(F)F)(F)F)(F)F)(F)F)F,tg,57.093945821126304
2030,*c1cc2c(C(=O)N(C2=O)c2cc(ccc2)Oc2ccc(cc2)N2C(=O)c3c(C2=O)cc(cc3)c2c(c(c(c(c2c2ccccc2)c2ccccc2)c2ccc(cc2)Sc2ccc(cc2)c2c(c(c(c(c2c2ccccc2)c2ccccc2)*)c2ccccc2)c2ccccc2)c2ccccc2)c2ccccc2)cc1,tg,292.7803548177083
2031,*C(C*)c1c(ccc(c1)Br)OCCC(C)C,tg,72.42644755045573
2032,*c1c2C(=O)N(C(=O)c2c(c2ccccc12)c1ccc(cc1)Oc1ccc(cc1)S(=O)(=O)c1ccc(cc1)Oc1ccc(cc1)*)C,tg,298.0094909667969
2033,*Oc1c2c(c(cc1)S(=O)(=O)c1ccc(cc1)*)cccc2,tg,273.27667236328125
2034,*C(=O)c1ccc2c(c1)C(=O)N(c1ccc(-c3ccc(N4C(=O)c5ccc(*)cc5C4=O)cc3)cc1)C2=O,egc,2.4781412283579507
2035,*OP(=O)(OCCCCCCOc1c(cc(cc1)C=C1C(=O)C(=Cc2cc(c(cc2)OCCCCCC*)OC)CC1)OC)OC,tg,65.13827514648438
2036,*c1ncc(cc1)C(=O)Nc1ccc(cc1)Oc1ccc(cc1)C(=O)c1ccc(cc1)Oc1ccc(cc1)NC(=O)*,tg,180.05683390299478
2037,*CCC(=O)OC(=O)CCc1ccc(*)o1,egc,5.295034090677897
2038,*CCC(S1)=CC=C1C(=S)*,egc,2.778637727101644
2039,*c1cc(N2C(=O)c3ccc(-c4ccc5c(c4)C(=O)N(*)C5=O)cc3C2=O)c(O)cc1O,egc,2.564874013264974
2040,*NC(=O)CC(CCCCCC(=O)NCc1c(c(c(c(c1C)C)C*)C)C)C,tg,123.8939208984375
2041,*Oc1c(cc(cc1)C1(c2ccccc2c2ccccc12)c1cc(c(cc1)OC(=O)c1cc(ccc1)C(=O)*)C)C,tg,219.51929219563803
2042,*Oc1ccc(C(=O)OC(=O)c2ccc(*)cc2)cc1,egc,4.305908838907878
2043,*c1ccc(cc1)C(=Cc1c(cc(c(c1)OC)C=C(*)c1ccc(cc1)C(F)(F)F)OC)c1ccc(cc1)C(F)(F)F,tg,190.40092976888022
2044,*C=Nc1ccc(N=Cc2ccc(-c3ccc(*)o3)o2)cc1,egc,2.489696502685547
2045,*NC(=O)CCCCCCCCC(=O)NCc1ccc(cc1)C*,tg,98.39206186930339
2046,*Oc1ccc(cc1)c1ccc(cc1)Oc1ccc(cc1)C(=O)c1c(c(c(c(c1c1ccccc1)c1cc2c(cc1)cccc2)c1cc2c(cc1)cccc2)c1ccccc1)C(=O)c1ccc(cc1)*,tg,297.71043904622394
2047,*Cc1ccc(NC(*)=S)s1,ei,5.431036631266276
2048,*O[Si](O[Si](c1ccc(cc1)[Si](*)(C)C)(C)C)(CCC(C(C(C(C(C(F)(F)F)(F)F)(F)F)(F)F)(F)F)(F)F)C,tg,-44.78646341959635
2049,*c1ccc(*)cc1,eea,1.817429820696513
2050,*c1cc2c(C(=O)N(C2=O)c2c(cc(cc2C)c2cc(c(c(c2)C)N2C(=O)c3c(C2=O)cc(cc3)C(*)(C(F)(F)F)C(F)(F)F)C)C)cc1,tg,378.56080118815106
2051,*Nc1ccc(*)cc1Cl,egc,4.0216342608133955
2052,*C=C(*)C#N,egc,1.4427796999613445
2053,*Oc1ccc(cc1)NC(=O)c1ccc(cc1)P(=O)(c1ccc(cc1)C(=O)Nc1ccc(cc1)*)c1ccccc1,tg,253.8216552734375
2054,*Oc1ccc(Cc2ccc(*)cc2)cc1,egc,4.823240915934245
2055,*Oc1c(C)cc(C(C)(C)c2cc(C)c(OC(=O)c3ccc(C(*)=O)cc3)c(C)c2)cc1C,egc,3.394707679748535
2056,*OC(=O)CCCCC(=O)OCC*,tg,-36.35425313313802
2057,*Oc1cc2c(cc1)ccc(c2)Oc1ccc(cc1)C(=O)Nc1ccc(cc1)Oc1ccc(cc1)Oc1ccc(cc1)NC(=O)c1ccc(cc1)*,tg,176.2422078450521
2058,*C(C*)c1ccc(cc1)CCCCCCCCCCCCCC,tg,-32.84308878580729
2059,*C(=O)c1ccc(C(=O)c2ccc(*)s2)cc1,eps,4.584163824717204
2060,*OC(=O)OCC(C*)OCCCCCCCCCCCOc1ccc(cc1)C=Cc1ccc(cc1)[N+](=O)[O-],tg,29.43256123860677
2061,*Nc1ccc(-c2ccc(-c3ccc(*)cc3)s2)cc1,nc,2.326787233352661
2062,*C1C(=O)N(C(=O)C1C(C*)(C)C)C1CCCCC1,tg,149.43731689453125
2063,*C(=S)c1ccc(-c2ccc(-c3ccc(*)s3)s2)s1,eea,3.409065008163452
2064,*C=Nc1cc(NC(=O)NCCNCCNO*)ccc1C,egc,4.377140522003174
2065,*C(=O)C(F)(F)CC(*)(F)F,eps,3.702927271525065
2066,*CCOC(=S)NC(=S)c1ccc(N*)cc1,nc,2.076472759246826
2067,*CC(*)(C#N)C(=O)OC(C)C,egb,5.785212357838948
2068,*CC(*)(C)C(=O)Oc1ccc(N=Nc2ccc(C#N)cc2)cc1,egc,2.9951248168945312
2069,*c1ccc(-c2ccc(-c3ccc(-c4ccc(*)s4)cc3)s2)cc1,egb,1.6789511839548747
2070,*Nc1cc(ccc1)NC(=O)c1ccc(cc1)C(=O)Nc1ccc(cc1)C(=O)NC(=S)*,tg,299.26012166341144
2071,*c1cc2c(C(=O)N(C2=O)c2ccc(cc2)Oc2ccc(cc2)S(=O)(=O)c2ccc(cc2)Oc2ccc(cc2)N2C(=O)c3c(C2=O)cc(cc3)C(=O)Nc2ccc(cc2)Oc2ccc(cc2)C2(c3c(C(=O)N2)cccc3)c2ccc(cc2)Oc2ccc(cc2)NC(=O)*)cc1,tg,287.4518636067708
2072,*CC(C)C(C)COC(=O)c1ccc(C(=O)O*)cc1,egb,4.064794858296712
2073,*N1C(=O)c2c(C1=O)cc(cc2)NC(=O)OCCOc1ccc(cc1)C(c1ccc(cc1)OCCOC(=O)Nc1cc2c(C(=O)N(C2=O)c2cc(ccc2)P(=O)(c2cc(ccc2)*)c2ccccc2)cc1)(C(F)(F)F)C(F)(F)F,tg,216.11329142252603
2074,*c1nc2cc3c(cc2c(c1)c1ccccc1)nc(cc3c1ccccc1)c1ccc(cc1)c1ccc(cc1)*,tg,392.9878336588542
2075,*N1C(=O)c2c(C1=O)cc(cc2)Oc1cc2c(C(=O)N(C2=O)c2cc(ccc2)P(=O)(c2cc(ccc2)*)c2ccc(cc2)C(F)(F)F)cc1,tg,227.29586283365884
2076,*NC(S1)=CC=C1C(=O)O*,egc,3.510157267252604
2077,*CC(=O)C(=S)C(C=C1)=CC=C1*,egc,2.867611885070801
2078,*c1cccc(*)c1,egc,4.018243948618571
2079,*Oc1c(-c2ccccc2)cc(*)cc1-c1cccc(C)c1,egc,4.2094621658325195
2080,*C(=O)c1ccc2c(c1)C(=O)N(c1cc(-c3nc4ccccc4o3)cc(N3C(=O)c4ccc(*)cc4C3=O)c1)C2=O,egc,2.6543807983398438
2081,*CCCCCOCO*,eps,3.101710637410482
2082,*C(=S)c1ccc(C(=S)c2ccc(*)cc2)cc1,eps,4.32449197769165
2083,*OC(=O)NCCCCCCNC(=O)OCCCCCCCCCC*,tg,45.734240214029946
2084,*C(S1)=CC=C1C(S2)=CC=C2*,egc,1.8874842325846355
2085,*CC(=O)NC(*)=S,eps,4.82053804397583
2086,*SSc1ccc(cc1)N=CNc1ccc(cc1)*,tg,131.58794657389322
2087,*C(C*)c1c(cccc1)C(=O)OCCC(C)C,tg,102.16645050048828
2088,*c1sc(cc1)c1sc(c(c1)CCCCCCCC)c1sc(cc1)c1sc(cc1)c1sc(cc1CCCCCCCC)c1sc(cc1)[Si](*)(C)C,tg,21.716229756673176
2089,*c1cc(ccc1)CC*,tg,63.29493713378906
2090,*c1cc2c(C(=O)N(C2=O)c2cc(ccc2)Oc2ccc(cc2)S(=O)(=O)c2ccc(cc2)Oc2cc(ccc2)N2C(=O)c3c(C2=O)cc(cc3)C(*)(C(F)(F)F)C(F)(F)F)cc1,tg,234.201416015625
2091,*Oc1c(cc(cc1C)C(c1cc(c(c(c1)Cl)OC(=O)*)C)(C)C)Cl,tg,164.90526326497397
2092,*O[Si](O[Si](O[Si](O[Si](O[Si](OC(CCC(*)C)C)(C)C)(C)C)(C)C)(C)C)(C)C,tg,-94.70173645019531
2093,*CC(C)(C)C1CC=C(*)CC1,egc,5.599466164906819
2094,*CCCCCCn1cc2c(n1)C(=O)c1cn(*)nc1C2=O,egc,4.188703378041585
2095,*c1c(cc(c(c1)c1cc(c(cc1)F)C(F)(F)F)C=C*)OCC(CCCC)CC,tg,121.09206136067708
2096,*c1sc(cc1CCCCBr)*,tg,56.66679382324219
2097,*C1C2C(C(=O)N(C2=O)CCCC)C(C1)C=C*,tg,101.97709655761719
2098,*C(=O)N(*)CC,egc,5.382726192474365
2099,*ON(C(C(*)(F)F)(C(F)(F)F)F)C(F)(F)F,tg,23.7359619140625
2100,*OC(=O)CCCCC(=O)OCC(C*)CCCCCCOc1ccc(cc1)N=Nc1ccc(cc1)Br,tg,34.73886362711588
2101,*CCC1CC(=O)N(*)C1=O,egc,6.101748466491699
2102,*CC(*)(Cl)C#N,egb,5.997361183166504
2103,*C(=CCCC*)c1ccc(cc1)Cl,tg,26.362820943196613
2104,*OCCOCCOCCCNC(=O)CNC(=O)C(NC(=O)C(NC(=O)CCCCCCCCC(=O)NC(C(=O)NC(C(=O)NCC(=O)NCCC*)C(C)C)Cc1ccccc1)Cc1ccccc1)C(C)C,tg,55.98408508300781
2105,*C1COC2C1OCC2OC(=O)CCCCC(=O)OC1COC2C1OCC2OCCCCO*,tg,11.384648640950521
2106,*c1cc2c(C(=O)N(C2=O)c2ccc(cc2)C(c2ccc(cc2)N2C(=O)c3c(C2=O)cc(cc3)C(=O)*)(c2ccccc2)C(F)(F)F)cc1,tg,314.5613199869792
2107,*c1ccc(CC(F)(F)C(*)(F)F)cc1,ei,6.974569161732991
2108,*ON(C(F)(F)F)C(F)(Cl)C(*)(F)F,egb,6.448747316996257
2109,*CCCCC(=O)NCCCCCCNC(=O)CCCCO*,egc,5.818536917368571
2110,*N1C(=O)c2c(C1=O)cc(cc2)c1cc2c(C(=O)N(C2=O)c2cc(c(cc2)Oc2ccc(cc2)C(c2ccc(cc2)Oc2c(cc(cc2)*)C(F)(F)F)(C(F)(F)F)C(F)(F)F)C(F)(F)F)cc1,tg,231.5305633544922
2111,*CC(C=C1)=CC=C1C(=O)C(S2)=CC=C2*,egc,3.9923624992370605
2112,*Oc1ccc(cc1)C(c1ccc(cc1)OC(=O)OCCCCOC(=O)*)(C)C,tg,61.76384735107422
2113,*C(C*)c1c(ccc(c1)C(=O)Oc1ccc(cc1)OCCCCCC)C(=O)Oc1ccc(cc1)OCCCCCC,tg,94.32630920410156
2114,*c1ccc(-c2ccc(-c3ccc(-c4ccc(*)s4)s3)s2)cc1,nc,2.693878173828125
2115,*OC(C*)CS(=O)(=O)C(C)C,tg,80.06038157145183
2116,*C(=O)c1ccc(-c2ccc(C(*)=S)cc2)s1,eea,3.61998184521993
2117,*Nc1ccc(NC(=O)c2ccc(C(*)=O)cc2)cc1,egc,3.486365477244059
2118,*CCC(=S)O*,egb,3.497591416041056
2119,*N1C(=O)c2c(C1=O)cc(cc2)C(=O)Oc1ccc(cc1)C(c1ccc(cc1)C(c1ccc(cc1)OC(=O)CCCCC*)(C)C)(C)C,tg,122.01360321044922
2120,*OC(=O)OC(*)=O,eps,3.6957713762919107
2121,*Oc1c(cc(cc1)C(C)(C)C)Oc1ccc(cc1)S(=O)(=O)c1ccc(cc1)*,tg,171.10969034830728
2122,*c1cc2c(C(=O)N(C2=O)c2ccc(cc2)OC(COc2ccc(cc2)N2C(=O)c3c(C2=O)cc(cc3)C(*)(C(F)(F)F)C(F)(F)F)CCC)cc1,tg,207.6286163330078
2123,*C(=O)c1ccc2c(c1)C(=O)N(c1cc(OCCCC)cc(N3C(=O)c4ccc(*)cc4C3=O)c1)C2=O,egc,2.5657527446746826
2124,*C(=O)NC(F)(F)C(*)(F)F,nc,1.6129546562830608
2125,*Oc1cc(C)c(*)c(C)c1Br,egc,3.9290629227956138
2126,*CNC(=O)NCOC(=O)NCCCCCCNC(=O)O*,egc,5.812819321950276
2127,*OC(=O)C=CC(=O)NCCCCCCNC(=O)C=CC(=O)OCC*,tg,109.91417439778645
2128,*N1C(=O)c2c(C1=O)cc(cc2)Oc1cc2c(C(=O)N(C2=O)c2c(ccc(c2)C(c2cc(c(cc2)OCCN(c2ccc(cc2)C=CC2=CC(=C(S(=O)(=O)C)C#N)CC(C2)(C)C)c2ccccc2)*)(C(F)(F)F)C(F)(F)F)OCCN(c2ccc(cc2)C=CC2=CC(=C(S(=O)(=O)C)C#N)CC(C2)(C)C)c2ccccc2)cc1,tg,228.66466776529947
2129,*Cc1ccc(Cc2ccc(*)cc2)cc1,nc,1.813468297322591
2130,*C(=O)c1ccc2c(c1O)C(=O)N(c1ccc(Oc3ccc(N4C(=O)c5ccc(*)c(O)c5C4=O)cc3)cc1)C2=O,egc,2.7420788606007895
2131,*CCC(=O)N*,egb,5.461493174235026
2132,*CCCCCCCCCCCCOC(=O)CC=CCC(=O)O*,egc,6.039750099182129
2133,*c1nnc(nc1c1ccc(cc1)Oc1ccc(cc1)c1ccc(cc1)Oc1ccc(cc1)*)c1ncccc1,tg,223.66327412923178
2134,*c1nc(c(c(c1F)OCC(C(C(COc1c(c(nc(c1F)F)OCC(C(C(CO*)(F)F)(F)F)(F)F)F)(F)F)(F)F)(F)F)F)F,tg,36.64881134033203
2135,*C1C2C(C(=O)N(C2=O)c2cc(ccc2)C)C(C1)C=C*,tg,216.5865275065104
2136,*OC(=O)NCCCCCCNC(=O)OCC#CC*,tg,37.16425069173177
2137,*c1cc2c(C(=O)N(C2=O)c2ccc(cc2)OCCOc2ccc(cc2)N2C(=O)c3c(C2=O)cc(cc3)C(*)(C(F)(F)F)C(F)(F)F)cc1,tg,240.46601359049478
2138,*Oc1ccc(C2(c3ccc(OC(=O)c4ccc(C(*)=O)cc4)cc3)c3ccccc3C(=O)c3ccccc32)cc1,egc,3.339172681172689
2139,*NC(=O)CCCC(=O)NCC(CCC*)(C)C,tg,78.96332295735677
2140,*[Si](CC(C*)Cc1c2c(ccc1)cccc2)(C)C,tg,51.08442942301432
2141,*S(=O)(=O)CC(C*)(C)C,tg,75.76448313395183
2142,*C=CCCCCCC*,egc,5.636852582295735
2143,*C(C*)F,tg,0.09228006998697917
2144,*C(=C*)c1c(cccc1)[Si](C)(C)C,tg,130.74389139811197
2145,*NC(=O)CC(CCC(=O)NCCCCCC*)C,tg,32.986836751302086
2146,*C(=O)C(F)(F)NC(*)(F)F,eps,4.119673569997151
2147,*CC(CC(CC(*)c1ccccn1)c1ccccn1)c1ccccn1,egb,3.6890010039011636
2148,*c1nc(nc(n1)N(CCCCCCN(*)C)C)c1ccccc1,tg,49.464744567871094
2149,*C(C*)OCCCC,tg,-69.76619466145833
2150,*O[Si](O[Si](O[Si](O[Si](Oc1c(cc(cc1C)c1cc(c(c(c1)C)*)C)C)(C)C)(C)C)(C)C)(C)C,tg,7.1694488525390625
2151,*Oc1cc(cc(c1)CCCCCCCC)OC(=O)c1cc(ccc1)C(=O)*,tg,56.718587239583336
2152,*CCCOC(=O)c1cccc(C(=O)O*)c1,egc,5.096911589304606
2153,*CC(=O)C(=S)O*,egc,3.4689553578694663
2154,*C#CC#Cc1cc2sc(*)cc2s1,egc,1.4861701329549153
2155,*NC(=S)c1ccc(C(*)=S)s1,nc,2.399505615234375
2156,*CCCCCCCCCCCCCCNC(=O)CCCCCCCCC(=O)N*,egc,5.9724507331848145
2157,*Oc1c(cc(cc1)C=C1C(=O)C(=Cc2cc(c(cc2)OCC(=O)c2ccc(cc2)Oc2ccc(cc2)C(=O)C*)OC)CCC1)OC,tg,114.72336832682292
2158,*c1ccc(C(F)(F)C(=O)C(*)(F)F)cc1,eps,3.6973609924316406
2159,*c1cc2c(C(=O)N(C2=O)c2ccc(cc2)N2C(=O)c3c(C2=O)cc(cc3)C(=O)*)cc1,tg,360.34034220377606
2160,*C1C(=O)N(C(=O)C1C(C*)c1ccccc1)c1ccc(cc1)C(C)(C)C,tg,251.8935089111328
2161,*c1oc2c(n1)cc(cc2)S(=O)(=O)c1cc2c(oc(n2)C2CCC(CC2)*)cc1,tg,274.3872578938802
2162,*c1ccc(C(F)(F)c2ccc(C(*)(F)F)s2)s1,nc,1.8886217673619587
2163,*c1cc2c(C(=O)N(C2=O)c2c(cc(cc2C)c2cc(c(c(c2)C)N2C(=O)c3c(C2=O)cc(cc3)C(=O)Nc2c(cc(cc2)Cc2cc(c(cc2)NC(=O)*)C)C)C)C)cc1,tg,308.19219970703125
2164,*OC(=O)CCCCCCCCC(*)=O,egc,6.233783721923828
2165,*NC(C=C1)=CC=C1C(S2)=CC=C2C(C=C3)=CC=C3*,egc,2.8369436264038086
2166,*C(=O)c1ccc2c(c1)C(=O)N(c1cccc(Nc3nc(Nc4cccc(N5C(=O)c6ccc(*)cc6C5=O)c4)nc(N(C)C)n3)c1)C2=O,egc,2.588050921758016
2167,*C1OC(OC1COC(=O)OC*)(OCC)OCC,tg,64.12316640218098
2168,*c1cc2c(C(=O)N(C2=O)c2c(cc(cc2)Cc2cc(c(cc2)N2C(=O)c3c(C2=O)cc(cc3)C(=O)*)C)C)cc1,tg,310.6678466796875
2169,*C(=O)c1ccc(Oc2ccc(*)s2)cc1,eea,2.671447992324829
2170,*c8ccc(C7(c4ccc(n3c(=O)c2cc1c(=O)n(*)c(=O)c1cc2c3=O)cc4)c5ccccc5c6ccccc67)cc8,egc,2.357808510462443
2171,*C(C*)c1cc2c(cc1)cccc2,tg,166.3305460611979
2172,*CCOCCOC(=O)CCCCSCCCCC(=O)O*,egc,5.149664243062337
2173,*N1C(=O)c2c(C1=O)cc(cc2)c1cc2c(C(=O)N(C2=O)c2cc(cc(c2)C(=O)Oc2ccc(cc2)c2ccc(cc2)O[Si](C(C)(C)C)(C)C)*)cc1,tg,240.9903767903646
2174,*Oc1ccc(cc1)S(=O)(=O)c1ccc(cc1)Oc1ccc(cc1)C1(c2ccccc2c2ccccc12)c1ccc(cc1)*,tg,270.6767069498698
2175,*OCC(F)(F)C(*)(F)F,eea,1.615235408147176
2176,*CCCP(CCCNC(=O)N*)c1ccccc1,egc,5.002047538757324
2177,*N(CCC*)C,tg,-15.303624471028646
2178,*C=CC1C=CC(*)C(C(=O)OC(C)(C)C)=C1C(=O)OC(C)(C)C,egc,2.740403493245443
2179,*C(C*)C(=O)Oc1ccc(cc1)C(=O)OC,tg,70.48916117350261
2180,*c1cc2c(C(=O)N(C2=O)c2ccc(cc2)Oc2c(cc(cc2C)Cc2cc(c(c(c2)C)Oc2ccc(cc2)N2C(=O)c3c(C2=O)cc(cc3)C(=O)*)C)C)cc1,tg,287.04803466796875
2181,*c1sc(*)c2ccccc12,egc,2.188025951385498
2182,*Oc1c2c(ccc1)c(ccc2)OC(=O)c1ccc(cc1)Oc1ccc(cc1)C(=O)*,tg,175.42838541666666
2183,*Oc1ccc(cc1)NC(=O)c1cc(cc(c1)NC(=O)CCCCCCCCCCN1C(=O)c2c(C1=O)cccc2)C(=O)Nc1ccc(cc1)*,tg,172.96878560384116
2184,*CCCCCCCCCCCCNC(=O)CCCCC(=O)N*,egc,5.896079858144124
2185,*C=Cc1ccc(*)c(-c2ccc(OCC(CC)CCCC)c3ccccc23)c1,egc,2.73056697845459
2186,*CNc1ccc(C(*)=S)s1,eea,2.8313892682393393
2187,*CCc1ccc(*)c(Cl)c1,egc,4.814161459604899
2188,*N1C(=O)c2c(C1=O)cc(cc2)Oc1ccc(cc1)Oc1cc2c(C(=O)N(C2=O)c2cc(c(cc2)Cc2c(cc(cc2)*)C)C)cc1,tg,264.72849527994794
2189,*N1C(=O)c2c(C1=O)cc(cc2)Oc1ccc(cc1)Sc1ccc(cc1)Oc1cc2c(C(=O)N(C2=O)c2ccc(cc2)c2ccc(cc2)*)cc1,tg,236.1220448811849
2190,*Oc1ccc(cc1)OC(=O)c1c(cc(c(c1)OCCCCOCC1N(CCC1)c1ccc(cc1)[N+](=O)[O-])C(=O)*)OCCCCOCC1N(CCC1)c1ccc(cc1)[N+](=O)[O-],tg,57.32250213623047
2191,*Cc1ccc(CC(*)=S)s1,eea,2.5708932876586914
2192,*C(=O)c1ccc2c(c1)C(=O)N(c1cc(C(=O)OC)cc(N3C(=O)c4ccc(*)cc4C3=O)c1)C2=O,egc,2.482173045476278
2193,*c1cc2c(oc(n2)c2c(cc(c(c2)OCCCCCCCCCC)c2oc3c(n2)cc(cc3)C(*)(C(F)(F)F)C(F)(F)F)OCCCCCCCCCC)cc1,tg,204.40681966145834
2194,*C(F)(F)C(F)(F)C(S1)=CC=C1C(=S)*,egc,2.645867029825846
2195,*CC(O)COc1cccc(O*)c1,egc,4.845994790395101
2196,*CC(CC)(CC)COC(=O)CCC(=O)O*,egc,6.594062328338623
2197,*Nc1cccc(C(*)=O)c1,nc,1.954418698946635
2198,*CCCCCNC(=S)N*,egb,4.141113758087158
2199,*Cc1ccc(-c2ccc(O*)cc2)s1,egb,3.328618367513021
2200,*CNCNC(=O)NC(=O)N*,nc,1.7437630891799927
2201,*OC(=O)c1ccc(SCCCCSc2ccc(C(*)=O)cc2)cc1,egc,4.180869261423747
2202,*Oc1ccc(cc1)C(=O)N(C(=O)c1ccc(cc1)OCCCCCC*)c1ccccc1,tg,69.40296427408855
2203,*CC(=S)C(C=C1)=CC=C1C(=S)*,egc,2.4525765577952066
2204,*Sc1ccc(*)cc1,nc,1.9375897645950317
2205,*C(C*)c1cc2c(OCO2)cc1,tg,107.51559702555339
2206,*CCCCCCOC(=O)Cc1ccc(CC(=O)O*)cc1,egc,5.33937946955363
2207,*NC(=O)c1cc(ccc1)C(=O)NCC1CC(CC(C1)C(C)(C)C)C*,tg,172.20077006022134
2208,*OC(*)C=C,egc,5.047080039978027
2209,*C(C*)(C(=O)OCC(CCCC)CC)C,tg,13.718488057454428
2210,*N1C(=O)c2c(C1=O)c(ccc2)Oc1ccc(cc1)C(=O)Nc1ccc(cc1)Cc1ccc(cc1)*,tg,254.86031087239584
2211,*C(=S)CC(F)(F)C(*)(F)F,nc,1.8310967683792114
2212,*CC(*)c1cccc(C)n1,egc,4.404319445292155
2213,*Cc1ccc(C(=O)C(*)=S)cc1,ei,6.49488639831543
2214,*C(C*)C(=O)O,tg,120.57533518473308
2215,*OC(CC(=O)*)C,tg,29.05157725016276
2216,*C(C*)(C(=O)OCCCCCCN1CCN(CC1)c1ccc(cc1)N=Nc1ccc(cc1)C=C(C#N)C#N)C,tg,118.9072774251302
2217,*Nc1cc(NC(=O)NCCCCCCNC(*)=O)ccc1C,egc,4.786299069722493
2218,*SSSCc1ccc(cc1)C*,tg,30.677164713541668
2219,*c1ccc2c(c1)Cc1cc(-n3c(=O)c4cc5c(=O)n(*)c(=O)c5cc4c3=O)ccc1-2,egc,2.5505905946095786
2220,*COc1ccc(-c2ccc(*)cc2)s1,ei,5.4429136912028
2221,*CC(=O)Nc1ccc(NC(=O)c2ccc3c(c2)C(=O)N(*)C3=O)cc1,egc,3.3570610682169595
2222,*O[Si](*)(CCC(F)(F)F)C,tg,-47.67530314127604
2223,*Nc1cc(ccc1)NC(=O)c1cc(cc(c1)NC(=O)C(CCSC)N1C(=O)c2c(C1=O)cccc2)C(=O)*,tg,177.61308797200522
2224,*OC(*)CCC,tg,-25.975255330403645
2225,*C(C*)(C(=O)NC(c1c2c(ccc1)cccc2)C)C,tg,177.99103800455728
2226,*C(C*)(CC(=O)OCCCCCCC)C(=O)OCCCCCCC,tg,-3.9471028645833335
2227,*Oc1c(cc(cc1)OC(=O)c1c(cc(c(c1)OCCCCCCCCCCCC)C(=O)*)OCCCCCCCCCCCC)c1ccccc1,tg,58.81707763671875
2228,*Oc1ccc(cc1)C(c1ccc(cc1)OC(=S)*)(CC)c1ccccc1,tg,150.61493937174478
2229,*c1sc2c(n1)ccc(c2)c1ccc2c(sc(n2)CCCCCCCC*)c1,tg,192.07242838541666
2230,*Oc1ccc(C(=S)c2ccc(*)s2)s1,eea,2.8856798013051352
2231,*CC(*)(C)C(=O)OCC(=O)N1CCOCC1,egc,5.228976567586263
2232,*CC(=O)C(C=C1)=CC=C1O*,egc,4.34071143468221
2233,*N1C(=O)c2c(C1=O)cc(cc2)Oc1c2c(ccc1)c(ccc2)Oc1cc2c(C(=O)N(C2=O)c2ccc(cc2)C(c2ccc(cc2)*)(C(F)(F)F)C(F)(F)F)cc1,tg,262.99452718098956
2234,*N1C(=O)c2c(C1=O)cc(cc2)C(c1cc2c(C(=O)N(C2=O)CC(=O)Nc2ccc(cc2)Oc2ccc(cc2)C(c2ccc(cc2)Oc2ccc(cc2)NC(=O)C*)(C)C)cc1)(C(F)(F)F)C(F)(F)F,tg,223.3860066731771
2235,*c1nnc(nc1c1ccc(cc1)Oc1ccc(cc1)C(c1ccc(cc1)Oc1ccc(cc1)*)(c1ccccc1)C)c1ncccc1,tg,247.11719258626303
2236,*CCC(S1)=CC=C1C(S2)=CC=C2*,egc,3.338822285334269
2237,*C#CC(CCCCOC(=O)NCC(=O)OCCCC)=C(*)c1cncnc1,egc,2.791863203048706
2238,*N1C(=O)c2c(C1=O)cc(cc2)Oc1cc2c(cc1)cc(cc2)Oc1cc2c(C(=O)N(C2=O)c2cc(ccc2)*)cc1,tg,251.0094248453776
2239,*C(C*)(CC(=O)OC)C(=O)OC,tg,119.02169799804688
2240,*N1C(=O)c2c(C1=O)cc(cc2)Oc1ccc(cc1)Sc1ccc(cc1)Oc1cc2c(C(=O)N(C2=O)c2ccc(cc2)*)cc1,tg,248.74310302734375
2241,*C=Cc1ccc(*)cc1,egc,3.058229605356852
2242,*C1C2C(C(=O)N(C2=O)c2ccccc2)C(C1)C=C*,tg,225.4234619140625
2243,*CC(CC)(CO)CO*,egc,5.832994143168132
2244,*C(C*)c1ccccc1,tg,87.34612528483073
2245,*N1C(=O)c2c(C1=O)cc(cc2)Oc1ccc(cc1)Oc1ccc(cc1)P(=O)(c1ccc(cc1)Oc1ccc(cc1)Oc1cc2c(C(=O)N(C2=O)c2ccc(cc2)*)cc1)c1ccccc1,tg,267.90602620442706
2246,*Oc1ccc(cc1)Oc1ccc(cc1)OC(=O)c1cc(cc(c1)OCCCCC)C(=O)*,tg,125.38117980957031
2247,*N1C(=O)C2C(C1=O)CC(CC2)C1CC2C(C(=O)N(C2=O)c2ccc(cc2)Oc2ccc(cc2)C(c2ccc(cc2)Oc2ccc(cc2)*)(C)C)CC1,tg,220.7044932047526
2248,*C(=O)c1ccc(C(=O)C(*)=S)s1,eps,5.4013716379801435
2249,*c1c(nc2c(n1)cc(cc2)Oc1ccc(cc1)NC(=O)c1cc2c(C(=O)N(C2=O)c2ccc(cc2)C(c2ccc(cc2)N2C(=O)c3c(C2=O)cc(cc3)C(=O)Nc2ccc(cc2)Oc2cc3c(nc(c(n3)c3ccc(cc3)c3ccc(cc3)*)c3ccccc3)cc2)(C(F)(F)F)C(F)(F)F)cc1)c1ccccc1,tg,290.0641276041667
2250,*OC(=O)Nc1c(cc(cc1)c1cc(c(cc1)NC(=O)OCCN(CC*)c1ccc(cc1)N=Nc1ccc(cc1)[N+](=O)[O-])OC)OC,tg,136.27763875325522
2251,*CC(CCCCCCCCCCCC)COC(=O)NC(=O)c1cccc(C(=O)NC(=O)O*)c1,egc,4.697683970133464
2252,*c1c2C(=O)N(C(=O)c2c(c2ccccc12)c1ccc(cc1)Oc1ccc(cc1)C(=O)c1ccc(cc1)Oc1ccc(cc1)*)c1c(cccc1)F,tg,271.1906433105469
2253,*CCOCCOC(=O)NCCCCCCNC(=O)O*,egc,6.218784014383952
2254,*C1CC2CC(CC(C1)O2)OC(=O)c1cc(ccc1)C(=O)O*,tg,155.46698506673178
2255,*N=P(*)(OCCCCCC)OCCCCCC,tg,-85.40358988444011
2256,*OP(=O)(N=Nc1ccc(cc1)C(=O)c1ccc(cc1)N=NP(=O)(OCCCCCC*)OC)OC,tg,32.060986836751304
2257,*NOC(=O)NCC(=O)NC(*)=O,eea,2.5010464191436768
2258,*C(C#N)=C(c1ccccc1)c1ccc(*)cc1,egc,3.4948500792185464
2259,*c1cc2c(C(=O)N(C2=O)c2ccc(cc2)C(=O)OCCCCCCCCCOC(=O)*)cc1,tg,85.444091796875
2260,*CC(*)(C)C(=O)OCCO,egc,6.468479633331299
2261,*C(C*)(C(=O)OC(C(F)(F)F)C(F)(F)F)F,tg,105.50557963053386
2262,*CNc1ccc(C(*)=O)s1,eea,2.2854689757029214
2263,*OC(=O)Cc1ccc(cc1)CC(=O)*,tg,113.08730824788411
2264,*O[Si](O[Si](O[Si](O[Si](Oc1c2ccccc2c2ccccc2c1*)(C)C)(C)C)(C)C)(C)C,tg,-19.804250081380207
2265,*Oc1ccc(cc1)CC(NC(=O)CCc1ccc(cc1)OC(=O)COCCOCC(=O)*)C(=O)OCc1ccccc1,tg,54.064910888671875
2266,*Nc1ccc(C(=S)c2ccc(*)cc2)s1,nc,2.32151460647583
2267,*Nc1ccc(NC(=O)c2cc(NC(=O)c3ccncc3)cc(C(*)=O)c2)cc1,egb,2.776798725128174
2268,*Cc1ccc(COC(=O)CCCCCCCCCCC(=O)O*)cc1,egc,5.573141415913899
2269,*CC(C=C1)=CC=C1C(C=C2)=CC=C2C(C=C3)=CC=C3*,egc,3.933939774831136
2270,*NC(F)(F)NC(*)(F)F,ei,8.669313112894693
2271,*S(=O)(=O)c1ccc(cc1)Nc1ccc(cc1)Nc1ccc(cc1)*,tg,149.7264404296875
2272,*NC(=O)CCCCCCCCCCCCCCCCC(=O)NCCCCCC*,tg,42.413777669270836
2273,*NC(S1)=CC=C1OC(S2)=CC=C2*,egc,4.152393658955892
2274,*CC(=O)Oc1ccc(*)s1,ei,6.056825955708821
2275,*CCCCCOCO*,ei,7.265237013498942
2276,*CCC(c1ccccc1)C(*)c1ccccc1,egc,5.394115289052327
2277,*CC(=O)C(=S)C(=O)*,egc,2.2025773525238037
2278,*C(=S)c1ccc(-c2ccc(-c3ccc(*)s3)s2)s1,egb,1.2556769847869873
2279,*CCCCCCOCCCCCCOCCCCCO*,egc,6.09515380859375
2280,*NC(S1)=CC=C1C(=O)C(S2)=CC=C2*,egc,2.5915724436442056
2281,*N1C(=O)C(=C(C1=O)Cl)Oc1ccc(cc1)C(c1ccc(cc1)OC1=C(C(=O)N(C1=O)c1ccc(cc1)Cc1ccc(cc1)*)Cl)(C(F)(F)F)C(F)(F)F,tg,197.91989135742188
2282,*c1cc(-c2cc(C)c(Br)cc2C)c(*)s1,egc,2.7297257582346597
2283,*CCCCOC(=O)c1ccc(NC=Nc2ccc(C(=O)O*)cc2)cc1,egc,4.0044636726379395
2284,*C1C2C(C(=O)N(C2=O)c2ccc(cc2)C)C(C1)C=C*,tg,210.93109130859375
2285,*c1ccc(*)n1C(C(=O)OCC)n1cccc1,egc,2.456765333811442
2286,*OC(=O)c1cc(ccc1)C(=O)OCCOCCOCCOCCOCCOCC*,tg,-7.31158447265625
2287,*CC#CC#CCOC(=O)CCCCC(=O)O*,egc,5.221141656239827
2288,c1(*)cc(c2cc1)N=C(N2(C(c2(c3))=O))c1c2c(c4(c3))c(cc1)CN(C4=N2)c(c2cc(c1)(*))c1,egc,3.215386390686035
2289,*SC(*)(F)F,egc,5.879987080891927
2290,*N(CC*)CC,tg,-17.48688252766927
2291,*C(C*)(C(=O)OCc1ccc2n(c3c(c2c1)cccc3)CCCCCCCCCC)C,tg,32.08746592203776
2292,*CCc1cccc(*)c1,egc,5.1629258791605634
2293,*CCc1ccc(-c2ccc(*)s2)s1,nc,1.9806971549987793
2294,*OC(=O)c1cc(ccc1)C(=O)OCCOCC*,tg,1.8219960530598958
2295,*CC(*)n1c2ccc(I)cc2c2cc(I)ccc21,egc,3.235823074976603
2296,*Cc1ccc(C(=S)c2ccc(*)s2)s1,eps,4.578059196472168
2297,*Nc1ccc(cc1)Cc1ccc(cc1)NC(=O)CCCCCCCCC(=O)*,tg,114.83011372884114
2298,*SCCC*,tg,-35.11951700846354
2299,*c1sc(cc1)C(=O)Oc1ccc(cc1)[Si](c1ccc(cc1)OC(=O)*)(c1ccccc1)c1ccccc1,tg,-34.62230428059896
2300,*c1ccc(Cc2ccc(N(*)Cc3ccccc3)cc2)cc1,egc,3.698712428410848
2301,*Cc1ccc(COC(=O)CCCCCCCCC(=O)O*)cc1,egc,5.546698411305745
2302,*N=P(*)(OCCCC)OCCCC,tg,-87.31024169921875
2303,*c1nc2c(nc1c1ccc(cc1)C(=O)NCCCCCCCCCCCCNC(=O)c1ccc(cc1)*)cccc2,tg,154.548828125
2304,*C=CC(C*)CCC,egb,5.989499409993489
2305,*C(C*)c1ccc(cc1)[Si](O[Si](O[Si](C)(C)C)(C)C)(C)C,tg,66.81583913167317
2306,*C1(c2c(NC1=O)cccc2)c1ccc(cc1)OC(=O)c1cc(ccc1)C(=O)Oc1ccc(cc1)*,tg,265.31951904296875
2307,*C(C*)(C(=O)OCCCCCCC(C(C(C(F)(F)F)(F)F)(F)F)(F)F)C,tg,16.82592010498047
2308,*OP(=O)(N=Nc1ccc(cc1)Oc1ccc(cc1)N=NP(=O)(OCC1CCC(CC1)C*)OC)OC,tg,41.890917460123696
2309,*COCC(C)O*,egc,6.151081879933675
2310,*Oc1ccc(cc1)C(c1ccc(cc1)OC(=O)c1ccc(cc1)C(=O)c1ccc(cc1)C(=O)*)(C)C,tg,169.42703247070312
2311,*OC(=O)CCSCCC(=O)OCCOCC*,tg,-50.23939514160156
2312,*Oc1ccc(cc1)Oc1ccc(cc1)C=NCCCCCCN=Cc1ccc(cc1)*,tg,87.8944803873698
2313,*NC(C=C1)=CC=C1NO*,egc,4.246981938680013
2314,*CCOCCOCCOCCOCCOCCOC(=O)c1cccc(C(=O)O*)c1,egc,4.907575289408366
2315,*c1cc2c(C(=O)N(C2=O)c2cc(ccc2)P(=O)(c2cc(ccc2)N2C(=O)c3c(C2=O)cc(cc3)C(=O)Nc2cc(ccc2)P(=O)(c2cc(ccc2)NC(=O)*)c2ccccc2)c2ccccc2)cc1,tg,220.46926879882812
2316,*C(F)C(*)(F)F,egc,7.586198488871257
2317,*Cc1ccc(Oc2ccc(*)s2)s1,eps,3.7335030237833657
2318,*Nc1ccc(cc1)Cc1ccc(cc1)NC(=O)c1ccc(cc1)C(=O)*,tg,244.4366709391276
2319,*CCCCOCO*,egc,6.69589106241862
2320,*C(C*)(C(=O)OCC(C1OCC(CO1)(C)C)(C)C)C,tg,91.96388244628906
2321,*C(=S)N(*)C,egc,3.5775133768717446
2322,*Nc1cc(cc(c1)c1oc(nn1)c1ncccc1)NC(=O)c1ccc(cc1)c1ccc(cc1)C(=O)*,tg,266.03074137369794
2323,*Oc1c(cc(cc1)Oc1ccc(cc1)C(=O)c1ccc(cc1)*)c1ccccc1,tg,157.17497762044272
2324,*CNc1ccc(-c2ccc(*)s2)cc1,nc,1.9838061332702637
2325,*C(C*)(C(=O)OCCCCCCCCCCOc1ccc(cc1)OC(=O)c1ccc(cc1)OCCCC)C,tg,42.15262349446615
2326,*CC(=O)c1ccc(O*)s1,egb,2.9607961177825928
2327,*C(C*)(C(=O)Oc1c(ccc(c1)C)C)C,tg,94.26932017008464
2328,*c1ccc(C(F)(F)NC(*)(F)F)s1,egb,3.95398743947347
2329,*c1nc2c(nc1)ccc(c2)S(=O)(=O)c1ccc2c(nc(cn2)c2ccc(cc2)*)c1,tg,339.0008951822917
2330,*c1nc2c([nH]1)ccc(c2)NC(=O)c1ccc(cc1)OCCOCCOc1ccc(cc1)C(=O)Nc1cc(ccc1)*,tg,198.57076517740884
2331,*CCCCCCCCCCCCCCCC[N+](C)(C)CCCCCC[N+](*)(C)C,egc,0.0058091481526692705
2332,*c1cc2c(C(=O)N(C2=O)c2cc(ccc2)Cc2ccc(cc2)N2C(=O)c3c(C2=O)cc(cc3)C(=O)*)cc1,tg,275.15003458658856
2333,*OC(=O)C(C(C(=O)OCCCCCCCCC*)O)O,tg,-4.537373860677083
2334,*O[Zn]OC(=O)c1c(cccc1)C(=O)OCCCCCOC(=O)NCCCCCCNC(=O)OCCCCCOC(=O)c1c(cccc1)C(=O)*,tg,1.0947723388671875
2335,*CC1(CO*)CC=CCC1,egc,5.221892197926839
2336,*C1OC(=O)C(C1)CCC1C(=O)OC(C1)CCCCCC*,tg,78.01565297444661
2337,*OC(=O)c1ccc(cc1)C(=O)OCCN(CC*)c1ccc(cc1)c1oc2c(n1)ccc(c2)[N+](=O)[O-],tg,133.51751708984375
2338,*Oc1c(c(ccc1)Oc1ccc(cc1)c1ccc(cc1)*)C#N,tg,184.8223673502604
2339,*Oc1ccc(cc1)CC(NC(=O)CCc1ccc(cc1)OC(=O)CCCCCCCCC(=O)*)C(=O)OCCCCCC,tg,21.900962829589844
2340,*OP(=O)(OCCCCCCCCCCOc1c(cc(cc1)C=C1C(=O)C(=Cc2cc(c(cc2)OCCCCCCCCCC*)OC)CC1)OC)OC,tg,57.17345428466797
2341,*c1ncc(cc1)C(=O)Oc1ccc(cc1)C(=O)Oc1cc(ccc1)OC(=O)c1ccc(cc1)OC(=O)*,tg,142.77123006184897
2342,*NC(=O)OC(*)=O,eea,2.6148956616719565
2343,*CC(*)C(=O)O,egc,6.770743687947591
2344,*N1C(=O)C2CC3C(C2C1=O)CC(=O)N(C3=O)c1ccc(cc1)Oc1ccc(cc1)*,tg,313.3048909505208
2345,*NC(CC(*)=O)C(=O)OCCCCCC,egc,6.026951948801677
2346,*C(C*)C(=O)NC,tg,120.37446848551433
2347,*C1(C(=O)OC(=O)C1(C(C*)OCC(C)C)C)C,tg,168.9120839436849
2348,*OC(=O)c1ccc(C(*)=O)cc1,nc,1.83575173219045
2349,*Oc1ccc(cc1)NC(=O)c1ccc(cc1)S(=O)(=O)c1ccc(cc1)C(=O)Nc1ccc(cc1)Oc1ccc(cc1)C1(C2CC3CC(CC1C3)C2)c1ccc(cc1)*,tg,266.9538065592448
2350,*C(C*)c1ccc(cc1)C(=O)CCCCCCC,tg,51.47244517008463
2351,*Oc1ccc(CC(NC(=O)CCc2ccc(OC(=O)CCCCCCC(*)=O)cc2)C(=O)OCCCCCCCCCCCC)cc1,egc,4.80312442779541
2352,*CC(C)(C)COC(=O)Nc1ccc(C)c(NC(=O)O*)c1,egc,4.906700770060222
2353,*Cc1ccc(-c2ccc(O*)s2)s1,eea,1.752470890680949
2354,*OC(CCCCC(=O)*)C,tg,-21.41973876953125
2355,*Oc1ccc(cc1)OC(=O)c1c(cc(cc1)C(=O)*)Sc1ccc(cc1)C,tg,131.5904286702474
2356,*Oc1ccc(OC(=O)c2ccc(C(*)=O)cc2)cc1CCCCCCC,egc,3.4325687090555825
2357,*C(C*)c1ccc(cc1)C(=O)C(F)(F)F,tg,128.35140228271484
2358,*CC(Cl)C(Cl)C(*)Cl,egc,6.673937161763509
2359,*CCOC(=O)CCC(C)CC(=O)O*,egc,6.8319017092386884
2360,*CC(=O)c1ccc(C(*)=S)cc1,eps,4.463300704956055
2361,*OC(C)CCOC(=O)CCCCS(=O)(=O)CCCCC(*)=O,egb,6.096062342325847
2362,*N1C(=O)c2c(C1=O)cc(cc2)C(c1cc2c(C(=O)N(C2=O)C(=S)Nc2ccc(cc2)Oc2ccc(cc2)NC(=S)*)cc1)(C(F)(F)F)C(F)(F)F,tg,267.22247314453125
2363,*=CC2CC(C=*)C3CN(c1cc(C(F)(F)F)cc(C(F)(F)F)c1)CC23,egc,4.828999837239583
2364,*c1n(nc(c1)c1ccc(cc1)Oc1ccc(cc1)P(=O)(c1ccc(cc1)Oc1ccc(cc1)*)c1ccccc1)c1ccccc1,tg,259.14612833658856
2365,*C(C*)(C(=O)OCCCCCCCCCCOc1ccc(cc1)N=Nc1ccc(cc1)C1OCC2(CO1)CC1C=CC2C1)C,tg,104.33576965332031
2366,*OP(=O)(N=Nc1ccc(cc1)CCOC(=O)c1cc(cc(c1)C(C)(C)C)C(=O)OCCc1ccc(cc1)N=NP(=O)(OCCCCCC*)OC)OC,tg,50.792371114095054
2367,*c1sc(nn1)c1cc(ccc1)OCCCCCCCCCCCOC(=O)c1cc(ccc1)C(=O)OCCCCCCCCCCCOc1cc(ccc1)*,tg,52.637736002604164
2368,*O[Si](CCCCCC[Si](*)(C)C)(C)C,tg,-89.0830586751302
2369,*C(=O)NCCCCCCNC(=O)c1ccncc1*,egc,4.599821885426839
2370,*N1C(=O)c2c(C1=O)cc(cc2)Oc1ccc(cc1)Sc1ccc(cc1)Oc1cc2c(C(=O)N(C2=O)c2cc(ccc2)*)cc1,tg,226.7667032877604
2371,*OC(=O)NNC(=O)CCCCCCCCC(=O)NNC(=O)OCC*,tg,50.11181640625
2372,*C(C*)OCCOc1ccc(cc1)N=Nc1ccc(cc1)C#N,tg,70.68719991048177
2373,*CC(=S)c1ccc(O*)cc1,nc,1.9686630964279175
2374,*OC(C*)CCCC,tg,-58.24818420410156
2375,*C=Cc1cc(CCCCCC)c(*)s1,egc,2.3622519175211587
2376,*C(CC(C*)c1ccc(cc1)F)(C#N)C#N,tg,136.30422973632812
2377,*OC(=O)Nc1ccc(cc1)Cc1ccc(cc1)NC(=O)OCC*,tg,113.20493570963542
2378,*OC(=O)Oc1ccc(OC(=O)OC2CC3CC(*)CC(C2)O3)cc1,egc,5.526867548624675
2379,*CCCCCCCCCCOC(=O)CCCCS(=O)(=O)CCCCC(=O)O*,egc,6.615853468577067
2380,*OC(=O)c1ccc(cc1)C(=O)OCCCC*,tg,27.688440958658855
2381,*Nc1cc(cc(c1)C(=O)OCCN(c1ccc(cc1)S(=O)(=O)C(C(C(C(C(C(C(C(F)(F)F)(F)F)(F)F)(F)F)(F)F)(F)F)(F)F)(F)F)C)NC(=O)c1cc(cc(c1)OCCN(c1ccc(cc1)C#N)C)C(=O)*,tg,149.9770711263021
2382,*Oc1ccc(cc1)C(c1ccc(cc1)OC(=O)c1ccc(cc1)[Si](c1ccc(cc1)C(=O)*)(c1ccccc1)c1ccccc1)(C)C,tg,167.65851338704428
2383,*Oc1ccc(cc1)CC(NC(=O)Cc1ccc(cc1)OC(=O)CCC(=O)*)C(=O)OCCCCCC,tg,59.67834726969401
2384,*CC(C=C1)=CC=C1C(S2)=CC=C2C(S3)=CC=C3*,egc,3.366848627726237
2385,*c1nc2c(n1c1ccc(cc1)n1c(nc3c1cccc3)c1ccc(cc1)Oc1ccc(cc1)C(=O)c1ccc(cc1)Oc1ccc(cc1)*)cccc2,tg,253.05838012695312
2386,*CCCCCCCCNC(=O)CCCCCCCCCCCCCCCCCCC(=O)N*,egc,5.9104007085164385
2387,*C1C(=O)N(C(=O)C1C(C*)CCCCCCCCCCCCCCCC)CCCCCCCCCCCC,tg,71.15271759033203
2388,*c1cc2c(C(=O)N(C2=O)c2c(ccc(c2)N2C(=O)c3c(C2=O)cc(cc3)C(=O)Nc2ccc(cc2)Oc2c(cccc2)c2c(cccc2)Oc2ccc(cc2)NC(=O)*)C)cc1,tg,233.69292704264322
2389,*NC(=O)CCc1ccc(cc1)CCC(=O)NCCCCCC*,tg,88.25537363688152
2390,*COc1ccc(-c2ccc(*)cc2)s1,nc,1.9531471729278564
2391,*Oc1c(cc(cc1Cl)C(c1cc(c(c(c1)Cl)OC(=O)CCCCC(=O)*)Cl)(C)C)Cl,tg,110.62820943196614
2392,*OC(=O)c1ccc(cc1)C(=O)OCCCCC*,tg,19.65044403076172
2393,*P1(=NP(=NP(=N1)(Oc1ccc(cc1)C(=O)OCCC)Oc1ccc(cc1)C(=O)OCCC)(Oc1ccc(cc1)C(c1ccc(cc1)O*)(C(F)(F)F)C(F)(F)F)Oc1ccc(cc1)C(=O)OCCC)Oc1ccc(cc1)C(=O)OCCC,tg,58.155110677083336
2394,*N1C(=O)c2c(C1=O)cc(cc2)C(=O)c1cc2c(C(=O)N(C2=O)CCCCCCCCCCC(=O)Nc2ccc(cc2)Cc2ccc(cc2)NC(=O)CCCCCCCCCC*)cc1,tg,119.3694839477539
2395,*CCc1ccc(C(*)=S)s1,ei,6.038229942321777
2396,*CC(S1)=CC=C1C(S2)=CC=C2C(=S)*,egc,2.531801144282023
2397,*c1c2C(=O)N(C(=O)c2c(c2ccccc12)c1ccc(cc1)Oc1c(cc(cc1)c1ccc(cc1)c1cc(c(cc1)Oc1ccc(cc1)*)C(F)(F)F)C(F)(F)F)c1ccccc1,tg,312.2550048828125
2398,*N1C(=O)c2c(C1=O)cc(cc2)Oc1cc2c(C(=O)N(C2=O)c2c(cc(c(c2C)C(=O)c2cc(ccc2)*)C)C)cc1,tg,245.13319396972656
2399,*Oc1c(C)cc(-c2cc(C)c(OC(=O)CCCCCC(*)=O)c(C)c2)cc1C,egc,3.9905997117360434
2400,*NC(=O)c1cc(cc(c1)C(C)(C)C)C(=O)NCc1ccc(cc1)C*,tg,187.2458038330078
2401,*C(C*)(C(=O)OCCCCCCOc1ccc(cc1)C(=O)Oc1c2c(c(cc1)N=Nc1ccc(cc1)C)cccc2)C,tg,64.16237131754558
2402,*c1cncc(c1)C(=O)NNC(=O)c1ccc(cc1)[Si](c1ccc(cc1)C(=O)NNC(=O)*)(c1ccccc1)c1ccccc1,tg,257.2379862467448
2403,*OC(*)CCCCC,egc,6.467481772104899
2404,*Nc1ccc(NC(=O)NONC(*)=O)s1,nc,1.9290337959925334
2405,*CNc1ccc(O*)s1,ei,5.103066921234131
2406,*c1ccc(Oc2ccc(N3C(=O)c4cccc(Oc5cccc(Oc6cccc7c6C(=O)N(*)C7=O)c5)c4C3=O)cc2)cc1,egc,2.838004191716512
2407,*N(CC*)C(=O)Cc1ccc(cc1)C(F)(F)F,tg,81.94902038574219
2408,*c1c2C(=O)N(C(=O)c2c(c2ccccc12)c1ccc(cc1)Oc1ccc(cc1)C(=O)c1ccc(cc1)Oc1ccc(cc1)*)c1ccc(cc1)F,tg,270.8715006510417
2409,*Oc1c2c(c(cc1)OC(=O)c1c(cc(cc1)c1ccc(cc1)C(=O)*)c1ccccc1)cccc2,tg,164.46009826660156
2410,*CC(O)COc1ccc(S(=O)(=O)c2ccc(OCC(O)COc3cccc(O*)c3)cc2)cc1,egc,3.595045884450277
2411,*CCOC(=O)CCCCS(=O)(=O)CCCCC(=O)O*,egc,6.633663018544515
2412,*c1cc2c(C(=O)N(C2=O)c2cc(c(cc2)c2c(cc(cc2)N2C(=O)c3c(C2=O)cc(cc3)C(*)(c2ccccc2)C(F)(F)F)C(F)(F)F)C(F)(F)F)cc1,tg,329.7348937988281
2413,*OC(=O)c1ccc(cc1)C(=O)OCCOC(=O)CCCCCCCCCCC(=O)OCC*,tg,-9.341974894205729
2414,*CCc1ccc(C(*)=S)cc1,eps,4.200390656789144
2415,*Oc1ccc(cc1)OCC(=O)OC(=O)C*,tg,63.21158091227213
2416,*c1cc2c(C(=O)N(C2=O)c2ccc(cc2)Oc2ccc(cc2)N2C(=O)c3c(C2=O)cc(cc3)C(=O)Nc2ccc(cc2)Oc2ccc(cc2)c2ccc(cc2)Oc2ccc(cc2)NC(=O)*)cc1,tg,269.36363728841144
2417,*C(C*)(C(=O)OCCCCCCCCCCOc1cc2c(cc1)cc(cc2)C(=O)Oc1ccccc1)C,tg,31.12829844156901
2418,*C(=O)NCCNC(=O)c1ccc(N2C(=O)c3ccc(*)cc3C2=O)cc1,egc,3.22239621480306
2419,*c1ccc(C(F)(F)NC(*)(F)F)cc1,eps,3.9322585264841714
2420,*CC(=O)OC(*)=S,nc,1.7875418663024902
2421,*OC(=O)CCCCCCC(=O)OCC(=O)NCCCCCCNC(=O)C*,tg,6.4392445882161455
2422,*N1C(=O)c2c(C1=O)cc(cc2)[Si](O[Si](c1cc2c(C(=O)N(C2=O)c2ccc(cc2)Cc2ccc(cc2)*)cc1)(C)C)(C)C,tg,221.81288146972656
2423,*Cc1ccc(C(=O)c2ccc(*)s2)cc1,eea,2.605408271153768
2424,*Oc1ccc(cc1)P(=O)(c1ccc(cc1)Oc1ccc(cc1)C(c1ccc(cc1)*)(C(F)(F)F)C(F)(F)F)C,tg,215.6328379313151
2425,*CC1(CO*)CCC(C)CC1,egc,5.897407054901123
2426,*ON(C(C(*)(F)F)(F)F)C(C(Br)(F)F)(F)F,tg,18.728177388509113
2427,*Oc1ccc(cc1)NC(=O)c1ccc(cc1)Oc1ccc(cc1)C(c1cc(ccc1)C(c1ccc(cc1)Oc1ccc(cc1)C(=O)Nc1ccc(cc1)Oc1ccc(cc1)C(c1ccc(cc1)*)(C)C)(C)C)(C)C,tg,130.82573699951172
2428,*OC(=O)OCC(C(C*)OC=O)OC=O,tg,56.02385711669922
2429,*c1ccc(*)n1CCC(=O)OC(C)C(=O)OCC,egb,2.427461862564087
2430,*CC(*)OC(=O)C(F)(F)C(F)(F)C(F)(F)F,egb,6.08679215113322
2431,*CC(*)(C)C(=O)Oc1ccc([N+](=O)[O-])c(C)c1,egc,2.992159843444824
2432,*c1ccc2c(nc([nH]2)c2cc(cc(c2)N2C(=O)c3c(C2=O)cccc3)c2nc3c([nH]2)ccc(c3)C(=O)Nc2ccc(cc2)NC(=O)*)c1,tg,311.10915120442706
2433,*N1C(=O)c2c(C1=O)cc(cc2)Oc1ccc(cc1)c1ccc(cc1)Oc1cc2c(C(=O)N(C2=O)c2cc(ccc2)*)cc1,tg,253.14236450195312
2434,*Oc1ccc(C(CC)c2ccc(OC(*)=O)cc2)cc1,egb,4.748603343963623
2435,*NC(=O)CCCCC(=O)NCCCCC*,tg,53.303515116373696
2436,*N1C(=O)c2c(C1=O)cc(cc2)Oc1cc2c(C(=O)N(C2=O)c2cc(c(cc2)Oc2ccc(cc2)Oc2ccc(cc2)*)C(F)(F)F)cc1,tg,236.33477783203125
2437,*N=P(*)(OCCCCCCCCCC)OCCCCCCCCCC,tg,-72.21101379394531
2438,*CCCCCCCCCC#CC#CCCCCCCCCCOC(=O)CCCCC(=O)O*,egc,5.387164115905762
2439,*CCCCOC(=O)c1ccc(C(=O)O*)cc1,ei,6.880197048187256
2440,*c1sc(cc1C(=O)Oc1c2ncccc2ccc1)*,tg,137.72262827555338
2441,*CCCCOC(=O)CCCCCNC(=O)O*,egc,6.421616872151692
2442,*CNC(=O)CCCCC(=O)N*,egc,5.939141432444255
2443,*CCN(*)C(=O)Cc1ccc(C(F)(F)F)cc1,egc,4.727705001831055
2444,*N=P(*)(OCC)OCC,tg,-76.74121602376302
2445,*CCCC(*)=O,ei,6.249780654907227
2446,*CCCCCCCCCCNC(C)=N*,egc,5.307876745859782
2447,*N1C(=O)c2c(C1=O)cc(cc2)C(=O)c1cc2c(C(=O)N(C2=O)CC(=O)Nc2ccc(cc2)NC(=O)C*)cc1,tg,247.0732218424479
2448,*CCC(=O)C(*)=S,ei,6.308474222819011
2449,*CNC(=O)NCOCO*,egb,6.597962697347005
2450,*O[Si](CCCN=Cc1c(ccc(c1)Cc1cc(c(cc1)O)C=NCCC[Si](*)(C)C)O)(C)C,tg,16.155431111653645
2451,*CC(=S)c1ccc(O*)s1,eea,3.050137996673584
2452,*COC(=O)Nc1ccc(Cc2ccc(NC(=O)OCc3cocc3*)cc2)cc1,egc,4.101725896199544
2453,*Oc1c(cc(c(c1)OC(=O)c1ccc(cc1)OCC)OC(=O)CCCCCCCCCCCCCCC(=O)*)OC(=O)c1ccc(cc1)OCC,tg,45.581982930501304
2454,*c1c(nc2c(n1)cc(cc2)Oc1cc2c(nc(c(n2)c2ccc(cc2)c2ccc(cc2)*)c2ccccc2)cc1)c1ccccc1,tg,323.3377176920573
2455,*Oc1c(cc(cc1)C(c1cc(c(cc1)OC(=O)*)C)(C)C)C,tg,111.80614471435547
2456,*CNC(=O)C(=S)*,egc,3.1031622886657715
2457,*Oc1ccc(cc1)NC(=O)c1cc(cc(c1)NC(=O)c1ccc(cc1)OC(=O)C)C(=O)Nc1ccc(cc1)*,tg,268.4674580891927
2458,*OC(C(*)=O)C(C)C,egc,5.992676417032878
2459,*C#CC(=C(*)c1ccccc1)c1ccccc1,egc,1.0576963424682617
2460,*CC(CCCCCC)O*,egc,5.740817864735921
2461,*C(C(C(C*)OC)C(=O)OC)C(=O)OC,tg,66.31915028889973
2462,*Oc1ccc(cc1)CC(NC(=O)CCc1ccc(cc1)OC(=O)CCCCC(=O)*)C(=O)OC(CC)C,tg,53.03540802001953
2463,*CCOC(=O)NCCCOCCCNC(=O)O*,egc,6.200983842213948
2464,*O[Si](*)(CCCOCCOC)CCCOCCOC,tg,-81.90897623697917
2465,*OC(=O)c1ccc(cc1)N=Cc1ccc(cc1)C=Nc1ccc(cc1)C(=O)OCCCCOCCCCOCCCC*,tg,22.795516967773438
2466,*Oc1ccc(cc1)S(=O)(=O)c1ccc(cc1)Oc1ccc(cc1)c1ccc(cc1)Oc1ccc(cc1)C(=O)c1ccc(cc1)*,tg,207.1687774658203
2467,*Oc1ccc(cc1)Oc1ccc(cc1)C(=O)c1cc(ccc1)c1cc(ccc1)C(=O)c1ccc(cc1)*,tg,182.63902791341147
2468,*c1cc2c(C(=O)N(C2=O)c2ccc(cc2)Oc2cc(ccc2)Oc2ccc(cc2)N2C(=O)c3c(C2=O)cc(cc3)C(=O)Nc2ccc(cc2)C2(c3ccccc3c3ccccc23)c2ccc(cc2)NC(=O)*)cc1,tg,225.1720174153646
2469,*N1C(=O)c2c(C1=O)c(ccc2)Oc1ccc(cc1)C(c1ccc(cc1)Oc1c2c(C(=O)N(C2=O)c2c(cc(cc2C)Cc2cc(c(c(c2)C)*)C)C)ccc1)(C)C,tg,232.38274637858072
2470,*Oc1ccc(C(=S)c2ccc(*)s2)s1,ei,5.6669206619262695
2471,*Oc1ccc(cc1)NC(=O)c1cc(ccc1)C(=O)Nc1ccc(cc1)OCCOCC*,tg,103.11135864257812
2472,*NC(=S)NO*,egb,2.7823851108551025
2473,*OC(=O)Nc1c(ccc(c1)NC(=O)OCCCCCOC(=O)c1c(cccc1)C(=O)O[Cd]OC(=O)c1c(cccc1)C(=O)OCCCCC*)C,tg,25.54046376546224
2474,*Oc1ccc(cc1)Nc1ccc(cc1)S(=O)(=O)c1ccc(cc1)Nc1ccc(cc1)Oc1ccc(cc1)C(c1ccc(cc1)*)(C)C,tg,160.4756062825521
2475,*CCC(=O)c1ccc(*)s1,ei,6.657322406768799
2476,*C(C*)(C(=O)OCCCOc1ccc(cc1)C(=O)Oc1ccc2c(c1)oc(=O)cc2)C,tg,129.48021952311197
2477,*N(CC(C*)O)c1ccc(cc1)N=Nc1ccc(cc1)C(=O)O,tg,164.37342834472656
2478,*C(C*)C(=O)Nc1cc2C(=O)c3c(C(=O)c2cc1)cccc3,tg,179.53280639648438
2479,*CC1CCC(COC(=O)NCCSCCCSCCNC(=O)O*)CC1,egb,5.492750326792399
2480,*C(C*)(CC(=O)OCCCc1ccccc1)C(=O)OCCCc1ccccc1,tg,36.390149434407554
2481,*C(C*)OC(=O)C(C)(C)C,tg,46.73521931966146
2482,*c1ccc(C(F)(F)c2ccc(C(*)(F)F)cc2)cc1,eea,2.15590230623881
2483,*Nc1ccc(Oc2ccc(*)s2)s1,ei,5.1880677541097
2484,*Oc1ccc(cc1)S(=O)(=O)c1ccc(cc1)OCC(C*)O,tg,137.6430460611979
2485,*Oc1c(cc(cc1C)S(=O)(=O)c1cc(c(c(c1)C)OCC(COc1ccc(cc1)C(c1ccc(cc1)OCC(C*)O)(C)C)O)C)C,tg,131.11236572265625
2486,*CC(CCl)(CCl)COC(=O)CCCCCCCCC(=O)O*,egc,6.858880360921224
2487,*Cc1ccc(COC(=O)CCCCS(=O)(=O)CCCCC(=O)O*)cc1,egc,5.631284395853679
2488,*OC(CCC(OC(=O)CCCCCCCCC(=O)*)C)C,tg,-11.060323079427084
2489,*Oc1c(cc(cc1)Oc1ccc(cc1)C(=O)c1ccc(cc1)C(=O)c1ccc(cc1)*)c1ccc(cc1)S(=O)(=O)O,tg,169.04566955566406
2490,*NC(C)(CCC)CC(*)=O,egc,5.537758509318034
2491,*Oc1ccc(cc1)Oc1ccc(cc1)C=Nc1ccc(cc1)N=Cc1ccc(cc1)*,tg,151.67199198404947
2492,*c1sc(cc1C(=O)OCC(C(C(F)(F)F)(F)F)(F)F)*,tg,74.07545979817708
2493,*OC(=O)c1ccc(cc1)[Si](c1ccc(cc1)C(=O)OCCCC*)(C)C,tg,32.07532501220703
2494,*CC(=O)c1ccc(-c2ccc(*)cc2)s1,ei,6.026439189910889
2495,*C(=S)OC(=S)c1ccc(*)cc1,eps,5.565015951792399
2496,*c1sc(cc1c1ccc(cc1)C(=C1C=C(C(=O)C(=C1)C(C)(C)C)C(C)(C)C)c1cc(c(c(c1)C(C)(C)C)O)C(C)(C)C)*,tg,12.131118774414062
2497,*C(C*)(C(=O)OCC(C(F)F)(F)F)F,tg,91.12055206298828
2498,*c1cccc(*)n1,eea,1.846822698911031
2499,*CCCCCCCOC(=O)CCCCCCCCC(=O)O*,egc,6.755243460337321
2500,*NC(=O)c1ccc(O*)cc1,nc,1.8880723714828491
2501,*Oc1ccc(cc1)C(c1ccc(cc1)OC(=S)*)CCC,tg,96.58014170328777
2502,*Oc1ccc(cc1)S(=O)(=O)c1ccc(cc1)Oc1c(cc(c(c1C)Br)c1c(c(c(c(c1)C)*)C)Br)C,tg,229.5158233642578
2503,*c1ccc(cc1)CC*,tg,99.69803110758464
2504,*c1cc2c(C(=O)N(C2=O)c2ccc(cc2)Oc2c(cc(cc2C(C)(C)C)c2ccc(cc2)N2C(=O)c3c(C2=O)cc(cc3)C(*)(C(F)(F)F)C(F)(F)F)C(C)(C)C)cc1,tg,365.56493123372394
2505,*C(=O)NC(=O)c1ccc(*)cc1,egb,3.6669647693634033
2506,*Nc1ccc(C(=O)O*)cc1,eps,4.524005889892578
2507,*c1cc2c(C(=O)N(C2=O)c2ccc(cc2)Oc2ccc(cc2)N2C(=O)c3c(C2=O)cc(cc3)c2ccc(cc2)c2ccc(cc2)c2ccc(cc2)c2ccc(cc2)*)cc1,tg,251.5221405029297
2508,*Oc1ccc(cc1)C(=O)c1cc(ccc1)NC(=O)c1cc(ccc1)C(=O)Nc1ccc(cc1)C(=O)c1ccc(cc1)*,tg,184.73130798339844
2509,*C(C*)(C(=O)OCCCCn1c2ccc(cc2c2ccccc12)N=Nc1c(cc(cc1)[N+](=O)[O-])[N+](=O)[O-])C,tg,115.4351069132487
2510,*CCCCCC(=O)O*,egc,6.620639165242513
2511,*N1C(=O)c2c(C1=O)cc(cc2)Oc1cc2c(C(=O)N(C2=O)c2cc(ccc2)C(C(C(c2cc(ccc2)*)(F)F)(F)F)(F)F)cc1,tg,162.91068013509116
2512,*c1sc(nn1)c1ccc(cc1)C(=O)OCCCCCCOC(=O)c1ccc(cc1)*,tg,99.74777221679688
2513,*C1C2C(C(C1)CC*)C1C(CC2C1)(C(=O)OC)C,tg,207.5117390950521
2514,*c1nnc(nc1c1ccc(cc1)Oc1ccc(cc1)C(=O)c1ccc(cc1)Oc1ccc(cc1)*)c1ncccc1,tg,222.14041137695312
2515,*Oc1ccc(cc1)C1(c2ccccc2c2ccccc12)c1ccc(cc1)Oc1ccc(cc1)C(=O)c1c(c(c(c(c1c1ccccc1)c1cc2c(cc1)cccc2)c1cc2c(cc1)cccc2)c1ccccc1)C(=O)c1ccc(cc1)*,tg,322.68678792317706
2516,*c1sc(-c2cc(CCCCCC)c(*)s2)cc1CCCCCC,egc,1.7709557215372722
2517,*c1ccc(Oc2cc(C(C)(C)C)ccc2Oc2ccc(-n3c(=O)c4cc5c(=O)n(*)c(=O)c5cc4c3=O)cc2)cc1,egc,1.8145469824473064
2518,*c1cc2c(C(=O)N(C2=O)c2ccc(cc2)C(=O)Nc2c(cccc2)NC(=O)*)cc1,tg,274.33221435546875
2519,*Oc1c(C(C)C)cc(C(*)=O)cc1C(C)C,egc,3.9321135679880777
2520,*C(=C(*)c1ccccc1)CCCCCC,tg,157.5639902750651
2521,*C(C*)(C(=O)OC1C2(CCC(C1)C2(C)C)C)C,tg,153.36346435546875
2522,*CC(=O)C(=S)c1ccc(*)cc1,egb,2.3854037125905356
2523,*CC(C)(C=O)C(F)(F)C(*)([2H])[2H],egc,6.210532188415527
2524,*Oc1ccc(C(CC)(c2ccccc2)c2ccc(OC(=O)CCCCCCCCC(*)=O)cc2)cc1,egc,4.579382101694743
2525,*N1C(=O)c2c(C1=O)cc(cc2)S(=O)(=O)c1cc2c(C(=O)N(C2=O)c2ccc(cc2)Oc2c(cc(c(c2)C(C)(C)C)Oc2ccc(cc2)*)C(C)(C)C)cc1,tg,304.8232421875
2526,*CCCCCCNC(=O)CCP(=S)(CCC(=O)N*)c1ccccc1,egc,4.38364299138387
2527,*c1ccc(*)nc1,egc,4.118266741434733
2528,*c1cc2c(C(=O)N(C2=O)c2ccc(cc2)Oc2ccc(cc2)C(c2ccc(cc2)Oc2ccc(cc2)N2C(=O)c3c(C2=O)cc(cc3)C(=O)Nc2ccc(cc2)Oc2c(cccc2)c2c(cccc2)Oc2ccc(cc2)NC(=O)*)(C)C)cc1,tg,234.24175516764322
2529,*[Ge](C=C*)(c1ccccc1)c1ccccc1,tg,63.81767018636068
2530,*c1cc2c(C(=O)N(C2=O)c2ccc(cc2)Oc2ccc(cc2)N2C(=O)c3c(C2=O)cc(cc3)C(=O)Oc2cc3c(cc2)ccc(c3)OC(=O)*)cc1,tg,241.8831990559896
2531,*Nc1cc(ccc1)NC(=O)c1ccc(cc1)NC(=O)c1ccc(cc1)[Si](c1ccc(cc1)C(=O)Nc1ccc(cc1)C(=O)*)(C)C,tg,311.6905212402344
2532,*C(C(C(C*)OCC(C)C)C(=O)OC)C(=O)OC,tg,70.83385721842448
2533,*C(C)=C(C)c1ccc(-c2ccc(*)s2)s1,egc,1.850177526473999
2534,*CCc1ccc(O*)cc1,ei,5.875190893809001
2535,*CCCCCCCCCCNC(=O)CCCCC(=O)N*,egc,5.872322718302409
2536,*CC(=O)CO*,eps,3.723246177037557
2537,*OC(CC(*)=O)C(Cl)Cl,egc,6.591336727142334
2538,*CC(=O)NCCCCCCNC(=O)COC(=O)CCC(=O)O*,egc,6.114811261494954
2539,*Oc1ccc(cc1)C1(c2ccccc2c2ccccc12)c1ccc(cc1)OCCOC(=O)Nc1ccc(cc1)Cc1ccc(cc1)NC(=O)OCC*,tg,143.3316650390625
2540,*Nc1ccc(Cc2ccc(NC(=O)c3cc(C(*)=O)cc(N4C(=O)C=CC4=O)c3)cc2)cc1,egb,2.3948814868927
2541,*C(C(CCCCCCCCCCCC*)c1ccc(cc1)O)c1c(cc(cc1)O)C,tg,-10.753158569335938
2542,*C(C*)C(=O)OCC(C)C,tg,-14.108067830403646
2543,*NC(C)C(=O)NCC(=O)NCC(=O)NCC(*)=O,egb,5.706378142038981
2544,*C(C*)(C(=O)N)C,tg,193.0107421875
2545,*C(=O)c1ccc(-c2ccc(C(*)=S)s2)s1,nc,2.331526517868042
2546,*c1cc2c(C(=O)N(C2=O)c2ccc(cc2)S(=O)(=O)c2ccc(cc2)NC(=O)c2cc(ccc2)C(=O)Nc2ccc(cc2)S(=O)(=O)c2ccc(cc2)N2C(=O)c3c(C2=O)cc(cc3)C(=O)*)cc1,tg,238.15443420410156
2547,*OC1CCC(CC1)OC(=O)OCCCCOC(=O)*,tg,6.6397705078125
2548,*N=C(NCCCCCCCCCC*)C,tg,10.04595692952474
2549,*S(=O)(=O)c1ccc(cc1)Sc1ccc(cc1)*,tg,184.0413564046224
2550,*Oc1c(cc(cc1)Cc1cc(c(cc1)OC(=O)*)C)C,tg,95.65388743082683
2551,*C(C*)C(=O)OCCSC,tg,-55.92570495605469
2552,*Oc1ccc(-c2ccc(C(*)=O)cc2)cc1,eea,2.36873189608256
2553,*c1c2c(c(nn1)c1ccc(cc1)Oc1ccc(cc1)Oc1ccc(cc1)*)c(c(c(c2c1ccc(cc1)F)c1ccc(cc1)F)c1ccc(cc1)F)c1ccc(cc1)F,tg,326.7084554036458
2554,*Oc1ccc(-c2ccc(-c3ccc(*)cc3)s2)cc1,egb,2.3559423287709556
2555,*C(C*)(C(=O)OCc1ccc(cc1)Cl)C,tg,36.30327606201172
2556,*C1C2C(C(C(C1*)C2)COCCCc1ccccc1)COCCCc1ccccc1,tg,101.92777506510417
2557,*Cc1c(O)c(CNC(=O)N*)cc(C(CC)=NO)c1O,egc,4.399363040924072
2558,*C(C*)CCI,tg,57.9213612874349
2559,*CC(*)(C#N)C(=O)OC(C)C,egc,6.368006070454915
2560,*Nc1ccc(cc1)NC(=O)c1c(cc(cc1)C(c1cc(c(cc1)C(=O)*)C(=O)OCC)(C(F)(F)F)C(F)(F)F)C(=O)OCC,tg,267.6022237141927
2561,*C(=O)C(S1)=CC=C1C(S2)=CC=C2C(S3)=CC=C3*,egc,2.2819045384724936
2562,*c1nnc(nc1c1ccc(cc1)Oc1ccc(cc1)C(c1ccc(cc1)Oc1ccc(cc1)*)(C(F)(F)F)C(F)(F)F)c1ncccc1,tg,229.81828816731772
2563,*N1C(=O)C2C(C1=O)CC(CC2)C1CC2C(C(=O)N(C2=O)c2ccc(cc2)Oc2ccc(cc2)Oc2ccc(cc2)Oc2ccc(cc2)*)CC1,tg,221.45001220703125
2564,*N1C(=O)c2c(C1=O)cc(cc2)Oc1cc2c(cc1)ccc(c2)Oc1cc2c(C(=O)N(C2=O)c2c(cc(cc2C)Cc2cc(c(c(c2)C)*)C)C)cc1,tg,289.4972737630208
2565,*Oc1ccc(Cc2ccc(Cc3ccc(OC(*)=O)cc3)cc2)cc1,egc,5.022953828175862
2566,*Oc1ccc(C(C)(C)c2cc(Cl)c(OC(*)=O)c(Cl)c2)cc1,egc,4.92063554128011
2567,*c1cc2c(C(=O)N(C2=O)c2ccc(cc2)Oc2c(c(ccc2)Oc2ccc(cc2)N2C(=O)c3c(C2=O)cc(cc3)C(=O)*)C#N)cc1,tg,252.2939656575521
2568,*C(=C(*)C)SCCCCCCCCCC,tg,63.86467742919922
2569,*Oc1ccc(cc1)CC(NC(=O)CCc1ccc(cc1)OC(=O)COCC(=O)*)C(=O)OCC,tg,80.54673512776692
2570,*Oc1ccc2cc(Oc3ccc(C(=O)c4ccc(*)cc4)cc3)ccc2c1,egc,3.7128305435180664
2571,*C1C2C(C(=O)N(C2=O)CCCCC)C(C1)C=C*,tg,100.27398427327473
2572,*OC(C*)COC,tg,-47.6978759765625
2573,*c1cc2c(C(=O)N(C2=O)c2ccc(cc2)OCCOCCOc2ccc(cc2)N2C(=O)c3c(C2=O)cc(cc3)C(=O)*)cc1,tg,209.14737447102866
2574,*Cc1ccc(C(=S)c2ccc(*)s2)s1,eea,3.0385309060414634
2575,*CC(*)c1cc(C)ccc1F,egc,3.6118432680765786
2576,*Nc1ccc(NC(=O)c2cc(C(*)=O)c(C(=O)O)cc2C(=O)O)cc1,egc,3.2832508087158203
2577,*Nc1ccc(-c2ccc(-c3ccc(*)s3)s2)cc1,eps,6.420663992563884
2578,*OP(=O)(Oc1ccc(cc1)NC(=O)OCCCCCCOC(=O)Nc1ccc(cc1)*)c1ccccc1,tg,18.705408732096355
2579,*OC1C(COCO)OC(*)C(O)C1O,egc,5.889286200205485
2580,*CCCCCCSSCCCCSS*,egc,4.257420539855957
2581,*NC(=S)NO*,eea,3.206156333287557
2582,*O[Si](O[Si](O[Si](O[Si](O[Si](O[Si](Oc1c2ccccc2c2ccccc2c1*)(C)C)(C)C)(C)C)(C)C)(C)C)(C)C,tg,-51.630594889322914
2583,*c1cc2c(s1)-c1sc(-c3cc4c(s3)-c3sc(*)cc3C4(CC(CC)CCCC)CC(CC)CCCC)cc1C2=O,egc,1.7680171330769856
2584,*CCCCCCCCCCCCCCCCCCCCC(*)Cl,egc,7.039584477742513
2585,*OC(=O)C=CC(=O)NCCCCCCNC(=O)C=CC(=O)OCCOCCOCC*,tg,64.43347422281902
2586,*C(F)(F)NC(F)(F)C(C=C1)=CC=C1*,egc,4.770544370015462
2587,*c1cc2c(C(=O)OC2=Nc2cc(ccc2)Oc2ccc(cc2)N=C2OC(=O)c3c2cc(cc3)C(=O)*)cc1,tg,187.9779510498047
2588,*Oc1ccc(cc1)c1ccc(cc1)N=Nc1ccc(cc1)C(=O)*,tg,207.58250935872397
2589,*Oc1ccc(C(=S)c2ccc(*)cc2)cc1,eps,5.113068739573161
2590,*OC(=O)NCCCCCCNC(=O)OCC(CS(=O)(=O)CC(C*)(C)C)(C)C,tg,44.112353006998696
2591,*NC(=O)Oc1ccc(*)cc1,eea,1.643854022026062
2592,*Oc1ccc(cc1)c1ccc(cc1)Oc1c(c(c(c(c1F)F)COC(c1cc(ccc1)C(OCc1c(c(c(c(c1F)F)*)F)F)(C(F)(F)F)C(F)(F)F)(C(F)(F)F)C(F)(F)F)F)F,tg,103.28467305501302
2593,*C(C*)(C(=O)OCCCCOc1ccc(cc1)OC(=O)c1ccc(cc1)OC)C,tg,40.26509348551432
2594,*C(C*)(C(=O)OCCN(c1ccc(cc1)N(C)C)C)C,tg,43.30242411295573
2595,*OC(=O)Nc1c(ccc(c1)NC(=O)OCCCCCC*)C,tg,60.88922627766927
2596,*Oc1ccc(cc1)CC(NC(=O)CCc1ccc(cc1)OC(=O)CCC(=O)*)C(=O)OCCCCCC,tg,52.66117604573568
2597,*C1C(=O)N(C2CCCCC2)C(=O)C1*,egc,4.781098524729411
2598,*Oc1ccc(CC(*)=O)cc1,ei,6.443964004516602
2599,*c1sc(cc1)C(=O)Oc1ccc(cc1)[Si](c1ccc(cc1)OC(=O)*)(CC)C,tg,-43.71423848470052
2600,*C=C(*)C(=O)CC,egc,3.832947095235189
2601,*c1cc2c(C(=O)N(C2=O)c2ccc(cc2)Oc2ccc(cc2)N2C(=O)c3c(C2=O)cc(cc3)C(C(C(C(*)(F)F)(F)F)(F)F)(F)F)cc1,tg,223.99962870279947
2602,*CC(C)(C)COC(=O)NCCNC(=O)O*,egc,6.309472401936849
2603,*c1nc2c(nc1)cc(cc2)c1ccc2c(nc(cn2)c2ccc(cc2)*)c1,tg,373.7939453125
2604,*Oc1ccc(cc1)Oc1c(cc(cc1)C(=O)c1ccc(cc1)Oc1ccc(cc1)Oc1ccc(cc1)C(=O)c1cc(c(cc1)*)C(C)C)C(C)C,tg,156.52352396647134
2605,*C1C(C2C(C1)C(C(C2)CC*)OC(=O)CCCCCCCCCCOc1ccc(cc1)c1ccc(cc1)C#N)OC(=O)CCCCCCCCCCOc1ccc(cc1)c1ccc(cc1)C#N,tg,11.772867838541666
2606,*O[Si](c1ccccc1)(c1ccccc1)c1cccc(*)c1,egc,4.38392432530721
2607,*C(C*)(C(=O)OCCCCCCOc1ccc(cc1)C(=O)Oc1ccc(cc1)C)C,tg,29.273035685221355
2608,*Oc1ccc(cc1)C(c1ccc(cc1)OC(=O)c1ccc(cc1)S(=O)(=O)c1ccc(cc1)C(=O)*)(C)C,tg,219.7699991861979
2609,*Oc1cc(c(cc1)CCc1ccc(cc1)OCCCC*)C,tg,10.514378865559896
2610,*c1cc(CCCCCCCCCCBr)c(*)s1,egc,2.5644081433614097
2611,*OC(=O)CCCCCNC(=O)CCCCC(=O)NCCCCCC(=O)OCCCC*,tg,-8.53515625
2612,*c1ccc2cc(*)n(C(C(=O)OCC)n3ccc4ccccc43)c2c1,egc,3.2155934969584146
2613,*CCOCCOC(=O)c1ccc(Cc2ccc(C(=O)O*)cc2)cc1,egc,4.533073266347249
2614,*c1ccc(*)n1C(=O)NO,egc,2.806554635365804
2615,*N1C(=O)c2c(C1=O)cc(cc2)c1ccc(cc1)c1cc2c(C(=O)N(C2=O)CCCCCCCCCC*)cc1,tg,99.79742177327473
2616,*C(C*)c1ccc(cc1)COc1ccc(cc1)c1c2c(nsn2)c(cc1)c1ccc(cc1)C,tg,138.6023406982422
2617,*c1cc2c(C(=O)N(C2=O)c2c(ccc(c2)N2C(=O)c3c(C2=O)cc(cc3)C(=O)*)Oc2ccc(cc2)C(c2ccccc2)(C)C)cc1,tg,251.99445597330728
2618,*c1nc2c(c(c1)c1ccccc1)cc(cc2)Oc1cc2c(nc(cc2c2ccccc2)c2c(ccc(c2)*)OCCN(c2ccc(cc2)c2sc(cc2)C(=C(C#N)C#N)c2ccc(cc2)N(CC)CC)CC)cc1,tg,202.9425506591797
2619,*CC(*)C(=O)Oc1cccc(C)c1,egc,4.314686139424642
2620,*CNC(=O)C(*)=S,egb,2.3735358715057373
2621,*c1ccc(C(Cl)(Cl)C(*)Cl)cc1,egc,4.825805187225342
2622,*C(=O)c1ccc2c(c1)C(=O)N(c1cc(-c3nc4ccccc4oc3=O)cc(N3C(=O)c4ccc(*)cc4C3=O)c1)C2=O,egc,2.381307284037272
2623,*C=C(*)c1cccc(C#C)n1,egc,0.616955041885376
2624,*CCOCCOC(=O)O*,egc,6.630059878031413
2625,*Oc1ccc(cc1)OC(=O)c1c(cc(cc1)C(=O)*)Oc1ccc(cc1)C(c1ccccc1)(C)C,tg,95.74622599283855
2626,*c1cc2c(C(=O)N(C2=O)c2ccc(cc2)C(=O)Nc2ccc(cc2)C(c2ccc(cc2)NC(=O)c2ccc(cc2)N2C(=O)c3c(C2=O)cc(cc3)C(*)(C(F)(F)F)C(F)(F)F)(C(F)(F)F)C(F)(F)F)cc1,tg,287.1439717610677
2627,*C(C*)(CC(=O)OCC(C)C)C(=O)OCC(C)C,tg,38.08853403727213
2628,*N1C(=O)c2c(C1=O)cc(cc2)C(=O)c1cc2c(C(=O)N(C2=O)CCCCCCCCCCC(=O)Nc2ccc(cc2)NC(=O)CCCCCCCCCC*)cc1,tg,130.9685084025065
2629,*OC(=O)OCC(C(C*)OC(=O)C)OC(=O)C,tg,0.9531606038411459
2630,*C(C*)C(=O)Nc1c(cccc1)Cl,tg,130.5814971923828
2631,*OC(=O)c1cc(cc(c1)OCCCCC)C(=O)OCC(C(C(C*)(F)F)(F)F)(F)F,tg,14.823720296223959
2632,*CC1CC1COC(=O)NCCCCCCNC(=O)O*,egc,6.332906564076741
2633,*N1C(=O)c2c(C1=O)cc(cc2)C(=O)Nc1ccc(cc1)C1(c2ccccc2c2ccccc12)c1ccc(cc1)NC(=O)C*,tg,244.06454467773438
2634,*Oc1ccc(cc1)c1ccc(cc1)OCCCCCCCCCCCOC(=O)c1cc(cc(c1)OCCCCCCCCOc1ccc(cc1)N=Nc1ccc(cc1)OC)C(=O)OCCCCCCCCCCC*,tg,74.69145202636719
2635,*Oc1ccc(cc1)C(c1ccc(cc1)OC(=O)*)(CC)c1ccccc1,tg,180.28169759114584
2636,*OC(=O)CCCCC(=O)OCCCCCCCCCCCCCCCC*,tg,-38.72735595703125
2637,*C(OC)=C(OC)c1ccc(*)cc1,egc,3.1792656580607095
2638,*SSSSCCCCCCCCCC*,tg,-55.46527608235677
2639,*OC(=O)CCSCCC(=O)OCCOCCOCCOCCOCC*,tg,-41.85669453938802
2640,*N1C(=O)c2c(C1=O)cc(cc2)Oc1cc2c(C(=O)N(C2=O)c2c(ccc(c2)C(c2cc(c(cc2)OCc2cc(cc(c2)OCCN(c2ccc(cc2)C=CC2=CC(=C(C#N)C#N)CC(C2)(C)C)C)OCCN(c2ccc(cc2)C=CC2=CC(=C(C#N)C#N)CC(C2)(C)C)C)*)(C(F)(F)F)C(F)(F)F)OCc2cc(cc(c2)OCCN(c2ccc(cc2)C=CC2=CC(=C(C#N)C#N)CC(C2)(C)C)C)OCCN(c2ccc(cc2)C=CC2=CC(=C(C#N)C#N)CC(C2)(C)C)C)cc1,tg,197.59326680501303
2641,*C=C(*)C(C)=O,egc,3.551703453063965
2642,*NC(CCCCNC(=O)NCCCNC(*)=O)C(=O)OC,egc,5.713574568430583
2643,*C1C(=O)OC(=O)C1C1C2CC(C(C1*)C2)C(=O)OCCOCC,tg,169.67090861002603
2644,*Oc1ccc(cc1)NC(=O)c1cc(cc(c1)C(C)(C)C)C(=O)Nc1ccc(cc1)OCCCCCC*,tg,137.10786946614584
2645,*c1cc2c(C(=O)N(C2=O)c2cc(ccc2)Oc2c(c(ccc2)Oc2cc(ccc2)N2C(=O)c3c(C2=O)cc(cc3)C(=O)Nc2ccc(cc2)Oc2cc(ccc2)Oc2ccc(cc2)NC(=O)*)C#N)cc1,tg,194.31725565592447
2646,*C(=O)NC(F)(F)C(*)(F)F,eea,2.6051555474599204
2647,*c1ccc(C(c2ccc(-c3nc4ccc(-c5ccc6nc(*)oc6c5)cc4o3)cc2)(C(F)(F)F)C(F)(F)F)cc1,egc,3.355414311091105
2648,*C(=O)C=CC(=O)N1CC(C)N(*)CC1C,egc,3.583984057108561
2649,*CC(*)CC,egc,6.80460246404012
2650,*Oc1ccc(cc1)NC(=O)c1ccc(cc1)NC(=O)c1ccc(cc1)[Si](c1ccc(cc1)C(=O)Nc1ccc(cc1)C(=O)Nc1ccc(cc1)*)(C)C,tg,314.3456319173177
2651,*Oc1ccc(cc1)C(c1ccc(cc1)Oc1ccc(cc1)C(=O)Nc1cc(c(cc1)c1c(cc(cc1)NC(=O)c1ccc(cc1)*)C(F)(F)F)C(F)(F)F)(C)C,tg,210.73495483398438
2652,*Oc1ccc(cc1)CC(NC(=O)CCc1ccc(cc1)OC(=O)CCCC(=O)*)C(=O)OC(CC)C,tg,62.48077901204427
2653,*Cc1ccc(Nc2ccc(*)s2)cc1,egb,3.8195506731669107
2654,*C(C*)C(=O)OCc1ccccc1,tg,12.748189290364584
2655,*N1C(=O)c2c(C1=O)cc(cc2)Oc1c(cccc1)Oc1cc2c(C(=O)N(C2=O)c2ccc(cc2)Oc2ccc(cc2)*)cc1,tg,207.76138814290366
2656,*N1C(=O)c2c(C1=O)cc(cc2)Oc1c(cc(c(c1)C(C)(C)C)Oc1cc2c(C(=O)N(C2=O)c2ccc(cc2)Oc2ccc(cc2)c2ccc(cc2)Oc2ccc(cc2)*)cc1)C(C)(C)C,tg,271.44054158528644
2657,*C(=O)c1ccc2c(c1)C(=O)N(c1cccc(C(c3ccccc3)(c3cccc(N4C(=O)c5ccc(*)cc5C4=O)c3)C(F)(F)F)c1)C2=O,egc,3.120922406514486
2658,*C(C*)(CC(=O)OCCCC)C(=O)OCCCC,tg,6.111348470052083
2659,*N1C(=O)c2c(C1=O)cc(cc2)Oc1ccc(cc1)C(c1ccc(cc1)Oc1cc2c(C(=O)N(C2=O)c2c(cc(cc2C)c2cc(c(c(c2)C)*)C)C)cc1)(C)C,tg,306.60716756184894
2660,*CC(=O)c1ccc(O*)cc1,nc,1.8441158930460613
2661,*N1C(=O)c2c(C1=O)cc(cc2)c1cc2c(C(=O)N(C2=O)c2ccc(cc2)Oc2cc3c(cc2Oc2ccc(cc2)*)cccc3)cc1,tg,250.2494862874349
2662,*C(C*)N1C(=S)CCC1,tg,161.6243133544922
2663,*C(C*)(CC(=O)OCCCCC)C(=O)OCCCCC,tg,-4.857198079427083
2664,*OC(=O)NCCCCCCNC(=O)OCCN(CC*)c1cc(c(cc1)N=Nc1ccc(cc1)[N+](=O)[O-])C,tg,104.11854807535808
2665,*Nc1ccc(cc1)NC(=O)c1ccc(cc1)C(=O)*,tg,306.0429382324219
2666,*N1C(=O)N(C(=O)C1(C)C)c1ccc(cc1)Cc1ccc(cc1)N1C(=O)N(C(C1=O)(C)C)c1ccc(cc1)Cc1ccc(cc1)*,tg,178.997314453125
2667,*N([Si](C[Si](*)(C)C)(C)C)CCC,tg,-30.928741455078125
2668,*OC(=O)NCCCCCCNC(=O)OCC*,tg,48.97735341389974
2669,*CCCOC(=O)CCCCCCCCCCC(=O)O*,egc,6.794230143229167
2670,*Sc1cc(ccc1)Sc1ccc(cc1)Sc1ccc(cc1)*,tg,91.90137481689453
2671,*N1C(=O)c2c(C1=O)cc(cc2)C(c1cc2c(C(=O)N(C2=O)CCN(CC*)c2ccc(cc2)C=Cc2ccc(cc2)[N+](=O)[O-])cc1)(C(F)(F)F)C(F)(F)F,tg,186.40758768717447
2672,*c1ccc2N(c3c(Sc2c1)cc(cc3)c1sc(cc1)c1sc(cc1)*)CCCCCCCCCCCC,tg,122.27996571858723
2673,*S(=O)(=O)c1ccc(cc1)NC(=O)c1cc(cc(c1)S(=O)(=O)c1ccccc1)C(=O)Nc1ccc(cc1)*,tg,237.9634755452474
2674,*N1C(=O)c2c(C1=O)c(ccc2)Oc1ccc(cc1)Sc1ccc(cc1)Oc1c2c(C(=O)N(C2=O)c2cc(ccc2)*)ccc1,tg,241.0543009440104
2675,*C=c1ccc(=c2ccc(=Cc3ccc(*)s3)s2)s1,egc,1.3761065006256104
2676,*OCC*,tg,-24.267420450846355
2677,*c1cnc(s1)n1c(=O)c2cc3c(cc2c1=O)c(=O)n(c3=O)c1ccc(cc1)Oc1ccc(cc1)*,tg,245.31066385904947
2678,*OC(=O)c1ccc(cc1)C(=O)OCCCCCCCC*,tg,14.272964477539062
2679,*NNC(=O)CCCCCCCC(=O)NNC(=O)CCCCCCCCC(*)=O,egc,5.113350550333659
2680,*Oc1ccc(cc1)C(c1ccc(cc1)OCC(C*)OC(=O)CCl)(C)C,tg,71.3676274617513
2681,*C1C=C(C)C(*)C1,egc,5.198944250742595
2682,*C=Cc1cc(OCCCC)c(C=Cc2ccc(*)cc2)cc1OCCCC,egc,1.9849870999654133
2683,*c1ccc(-c2ccc(-c3ccc(-c4ccc(*)s4)cc3)s2)cc1,nc,2.439621925354004
2684,*c1c2ccccc2c(*)n1C,egc,2.528505484263102
2685,*CCOCCOC(=O)CCCCCC(=O)O*,egc,6.335767428080241
2686,*O[Si](*)(CCCCCCCCCCCOc1ccc(cc1)/C=C/c1ccc(cc1)OCCCC)C,tg,8.450642903645834
2687,*C(C*)(C(=O)OCc1c(ccc(c1)Cl)Cl)C,tg,29.597857157389324
2688,*c1cocc1C[Ge](C*)(C)C,tg,236.06529235839844
2689,*OC(=O)c1cc2c(cc1)cc(cc2)C(=O)OCCCCCCCCC*,tg,43.21040598551432
2690,*Oc1ccc(cc1)C1(c2ccccc2Cc2ccccc12)c1ccc(cc1)OC(=O)CCCCCCCCC(=O)*,tg,193.5196533203125
2691,*C(C*)OC(=O)c1ccc(cc1)OC,tg,86.45799001057942
2692,*NC(=O)CCCCC(=O)NCCCCCCC*,tg,59.00764719645182
2693,*c1cc2c(C(=O)N(C2=O)c2ccc(cc2)C(=O)Nc2ccc(cc2)C(=O)OCCCCCOC(=O)*)cc1,tg,112.1873270670573
2694,*C(C*)c1cc(c(cc1)O)OC,tg,131.0355682373047
2695,*Nc1ccc(-c2ccc(C(*)=S)s2)s1,eps,7.686679681142171
2696,*C1C2C(C(C1)CC*)C1C(CC2C1)CC,tg,240.9612019856771
2697,*CONO*,eps,3.774129072825114
2698,*C(S1)=CC=C1C(=S)OC(=S)*,egc,2.689799149831136
2699,*C(=S)C(=O)C(F)(F)C(*)(F)F,eps,5.036591211954753
2700,*Oc1cc(ccc1)NC(=O)c1ccc(cc1)C(=O)c1cc(ccc1)C(=O)Nc1ccc(cc1)*,tg,183.09471130371094
2701,*N1C(=O)c2c(C1=O)cc(cc2)C(=O)Oc1ccc(cc1)OC(=O)CCCCCCCCCCC*,tg,57.64285786946615
2702,*C(=C(*)C)CCCCCCC,tg,21.146743774414062
2703,*CC(=O)CC(S1)=CC=C1*,egc,4.571087837219238
2704,*Oc1ccc(cc1)C(c1cc(c(c(c1)Cl)OC(=O)*)Cl)(C)C,tg,165.38821919759116
2705,*NC(=S)NC(C=C1)=CC=C1NC(=S)NC(C=C2)=CC=C2OC(C=C3)=CC=C3*,egc,3.391002337137858
2706,*CC(F)(F)C(F)(F)C(F)(F)C(F)(F)COC(=O)CSCCSCC(=O)O*,egc,5.151753107706706
2707,*Oc1ccc(cc1)N(c1cc2c(cc1)ccc(c2)N(c1ccc(cc1)*)c1ccc(cc1)OC)c1ccc(cc1)OC,tg,192.96341451009116
2708,*Nc1cccc2c(NC(=O)c3cccc(C(*)=O)c3)cccc12,egc,3.0754621823628745
2709,*OC(=O)c1cc(ccc1)C(=O)OCCCS(=O)(=O)CCCS(=O)(=O)CCC*,tg,60.579271952311196
2710,*c1cccc(*)n1,ei,5.743752479553223
2711,*N1C(=O)c2c(C1=O)cc(cc2)C(=O)c1cc2c(C(=O)N(C2=O)CCCCCC(=O)Nc2ccc(cc2)NC(=O)CCCCC*)cc1,tg,191.52613830566406
2712,*Cc1ccc(C(=O)O*)s1,nc,1.8620481491088867
2713,*C1=C(C2C=CC1C2)C(=O)*,tg,156.45832316080728
2714,*C(C*)CCCCCCCCCCCCCCCC,tg,-45.1795908610026
2715,*Oc1ccc(C(C)c2ccc(OC(*)=O)c(C)c2)cc1C,egc,4.838164647420247
2716,*C(=O)Nc1ccc(NC(=O)c2ccc(N3C(=O)c4ccc(*)cc4C3=O)cc2)cc1,egc,2.683140198389689
2717,*c1cc2c(C(=O)N(C2=O)c2ccc(cc2)c2ccc(cc2)NC(=O)c2cc(ccc2)C(=O)Nc2ccc(cc2)c2ccc(cc2)N2C(=O)c3c(C2=O)cc(cc3)C(=O)*)cc1,tg,239.64342753092447
2718,*CC(*)n1ccnc1,egc,4.446449438730876
2719,*c1ccc(Cc2ccc(N3C(=O)c4ccc(S(=O)(=O)c5ccc6c(c5)C(=O)N(*)C6=O)cc4C3=O)cc2)cc1,egc,2.7676788965861
2720,*CC(*)(F)C(=O)OCC(F)(F)C(F)(F)C(F)(F)C(F)(F)C(F)(F)C(F)F,egc,6.448479652404785
2721,*COCOCCCO*,egc,6.3131381670633955
2722,*CNC(S1)=CC=C1O*,egc,4.412020047505696
2723,*N1C(=O)c2c(C1=O)cc(cc2)Oc1cc(ccc1)C(=O)Nc1ccc(cc1)Cc1ccc(cc1)*,tg,224.28111775716147
2724,*Nc1ccc(C(=O)C(*)=S)s1,eps,7.4342343012491865
2725,*OC(COC(=O)c1cc(cc(c1)OCCCCC)C(=O)OCC(*)(F)F)(F)F,tg,26.628400166829426
2726,*Oc1ccc(cc1)N1ON1c1ccc(cc1)OCCCCCCOC(=O)C(C(=O)OCCCCCC*)CCCCCCCCCCP(=O)(OCC)OCC,tg,2.877314249674479
2727,*c1nc2c(c(c1c1ccccc1)c1ccccc1)cc(cc2)Oc1cc2c(nc(c(c2c2ccccc2)c2ccccc2)c2ccc(cc2)Oc2ccc(cc2)*)cc1,tg,306.1620381673177
2728,*OC(=O)c1ccc(cc1)C(=O)OCC(C*)(C)C,tg,66.2340825398763
2729,*Oc1c(cc(cc1Cl)*)Cl,tg,181.55498758951822
2730,*Oc1ccc(cc1)Sc1ccc(cc1)Oc1c(cc(cc1)c1ccc(cc1)c1ccc(cc1)c1cc(c(cc1)*)C(F)(F)F)C(F)(F)F,tg,163.90455118815103
2731,*Oc1c(cc(cc1OC)c1cc(c(c(c1)OC)OC(=O)c1cc(ccc1)C(=O)*)OC)OC,tg,129.7939453125
2732,*CCC(=O)O*,egc,6.42021640141805
2733,*Oc1cc(ccc1)Oc1c(c(ccc1)Oc1cc(ccc1)Oc1ccc(cc1)c1ccc(cc1)*)C(=O)c1c(cccc1)S(=O)(=O)O[Na],tg,173.89375813802084
2734,*NC(=O)c1ccc(cc1)CC(=O)NCCC*,tg,117.45040893554688
2735,*c1oc(nn1)c1ccc(cc1)C(=O)OCCCCCCCCOc1ccc(cc1)C=C1C(=O)C(=Cc2ccc(cc2)OCCCCCCCCOC(=O)c2ccc(cc2)*)CCC1,tg,84.78743489583333
2736,*C(C(C(C*)OCCCC)(C(=O)OC)C)(C(=O)OC)C,tg,83.79388682047527
2737,*Oc1ccc(cc1)C1(c2ccccc2c2ccccc12)c1ccc(cc1)OC(=O)CCCC(=O)*,tg,188.36089070638022
2738,*Oc1ccc(cc1)C1(c2ccccc2c2ccccc12)c1ccc(cc1)OCCOC(=O)C1CCC(CC1)C(=O)OCC*,tg,128.66748046875
2739,*Oc1ccc(cc1)C(c1ccc(cc1)OC*)(C)C,tg,125.96659596761067
2740,*CCOCCOC(=O)Nc1ccc(C)c(NC(=O)O*)c1,ei,5.493475437164307
2741,*NC(=O)NCCCCCCNC(=O)NCCCCCCCCCCCCCC*,tg,52.415985107421875
2742,*NC(F)(F)CC(*)(F)F,eea,1.546513597170512
2743,*N=P(*)(N(C)C)N(C)C,tg,10.731290181477865
2744,*OCC(C*)(COCC(C(C(C(C(C(C(F)(F)F)(F)F)(F)F)(F)F)(F)F)(F)F)(F)F)C,tg,-36.76964823404948
2745,*CC(C)(C)C1C(=O)N(c2ccccc2C)C(=O)C1*,egc,4.814632733662923
2746,*Oc1ccc(cc1)P(=O)(c1ccc(cc1)Oc1ccc(cc1)C(c1ccc(cc1)*)(c1ccccc1)C(F)(F)F)C,tg,222.7702840169271
2747,*Oc1ccc(cc1)C=Nc1ccc(cc1)N=Cc1ccc(cc1)Oc1ccc(cc1)C(c1ccc(cc1)*)(c1ccccc1)c1ccccc1,tg,170.5653330485026
2748,*C(=O)c1ccc2c(c1)C(=O)N(c1cc(N3C(=O)c4ccc(*)cc4C3=O)c(O)cc1O)C2=O,egc,2.4960128466288247
2749,*CCCOC(=O)NCCSCCSCCNC(=O)O*,egc,5.476060549418132
2750,*N1C(=O)c2c(C1=O)cc(cc2)Oc1cc(ccc1)Oc1cc2c(C(=O)N(C2=O)c2ccc(cc2)Oc2ccc(cc2)c2ccc(cc2)Oc2ccc(cc2)*)cc1,tg,207.29537455240884
2751,*N1C(=O)c2c(C1=O)cc(cc2)Oc1c(cc(cc1C)Cc1cc(c(c(c1)C)Oc1cc2c(C(=O)N(C2=O)c2cc(ccc2)*)cc1)C)C,tg,262.3849690755208
2752,*c1ccc(-n2c(=O)c3cc4c(=O)n(-n5c6ccc(*)cc6c6cccnc65)c(=O)c4cc3c2=O)cc1,egc,2.70823605855306
2753,*C(C*)c1cc(c(c(c1)OC)OC(=O)C)OC,tg,94.97500101725261
2754,*CCCN*,eea,0.5589093764623007
2755,*Oc1ccc(cc1)CC(NC(=O)CCc1ccc(cc1)OC(=O)CCCCC(=O)*)C(=O)OCCCCCCCC,tg,25.916030883789062
2756,*C1C2CC(C(C1*)C2)C(=O)OCCc1ccc(cc1)N(c1c2c(ccc1)cccc2)c1ccccc1,tg,314.0091247558594
2757,*NC(CC(*)=O)C(C)C,egc,5.748335202534993
2758,*c1cc2c(C(=O)N(C2=O)c2cc(cc(c2)C(F)(F)F)Oc2c(cc(cc2C)c2cc(c(c(c2)C)Oc2cc(cc(c2)C(F)(F)F)N2C(=O)c3c(C2=O)cc(cc3)C(*)(C(F)(F)F)C(F)(F)F)C)C)cc1,tg,284.99925740559894
2759,*c1oc(cc1)C(c1oc(cc1)CNC(=O)OC(C(OC(=O)NC*)c1occc1)c1occc1)(C)C,tg,79.50278981526692
2760,*Oc1cc(ccc1)S(=O)(=O)c1ccc(cc1)*,tg,202.17205810546875
2761,*CCOCCOC(=O)CCCCCCC(=O)O*,egc,6.530022939046224
2762,*CCCCCCc1nc2cc(NC(=O)CCCCCCCCC(=O)Nc3ccc4oc(*)nc4c3)ccc2o1,egc,4.2850321133931475
2763,*Oc1ccc(cc1)OC1(C(C(C1(F)F)(F)F)(*)F)F,tg,106.70636494954427
2764,*C=CC1CC(*)C(C(=O)Oc2ccccc2)C1,egc,5.001058419545491
2765,*Oc1c(cc(cc1)C(c1cc(c(cc1)OC(=O)c1ccc(cc1)C(=O)*)CCCC)(C)C)CCCC,tg,150.29989624023438
2766,*Cc1ccc(-c2ccc(C(*)=S)s2)s1,egb,1.9424358208974202
2767,*N1C(=O)c2c(C1=O)c(ccc2)Oc1ccc(cc1)c1ccc(cc1)Oc1c2c(C(=O)N(C2=O)c2cc(ccc2)*)ccc1,tg,280.003173828125
2768,*CC(*)c1ccccc1C(=O)OC,egc,4.242573579152425
2769,*Nc1ccc(*)cc1S(=O)(=O)O,egc,3.4860617319742837
2770,*N1C(=O)C2C3C4C(C(C2C1=O)C=C3)C(=O)N(C4=O)CCCC*,tg,258.1128184000651
2771,*OC(COC(=O)c1c(c(c(c(c1F)F)c1c(c(c(c(c1F)F)C(=O)*)F)F)F)F)COc1ccc(cc1)N=Nc1ccc(cc1)C#N,tg,142.62151590983072
2772,*CC1CCC(COC(=O)O*)CC1,egc,7.114965120951335
2773,*c1ccc(Oc2ccc(-c3cnc4cc(Oc5ccc6nc(*)cnc6c5)ccc4n3)cc2)cc1,egc,2.961125135421753
2774,*OC(=O)c1ccc(C(*)=O)s1,eps,4.622369448343913
2775,*OC(CC(C)C)C(*)=O,egc,6.283255577087402
2776,*NC(=O)Oc1ccc(*)cc1,egb,3.854259490966797
2777,*c1oc(nn1)c1ccc(cc1)Oc1c2c(ccc1)c(ccc2)NC(=O)c1ccc(cc1)Oc1ccc(cc1)C(=O)Nc1c2c(ccc1)c(ccc2)Oc1ccc(cc1)*,tg,228.01878865559897
2778,*Oc1ccc(cc1)CC(NC(=O)Cc1ccc(cc1)OC(=O)CCCCCCC(=O)*)C(=O)OCCCCCCCC,tg,21.952786763509113
2779,*CC(=S)C(=O)C(*)=S,nc,2.135078509648641
2780,*c1cc(Br)c(Oc2c(Br)cc(N3C(=O)c4ccc(S(=O)(=O)c5ccc6c(c5)C(=O)N(*)C6=O)cc4C3=O)cc2Br)c(Br)c1,egc,2.8366899490356445
2781,*c1cc2c(cc1OC(=O)COc1ccc3c(c1)oc(=O)cc3)oc(=O)c(c2)C(=O)Nc1ccc(cc1)S(=O)(=O)c1ccc(cc1)NC(=O)c1c(=O)oc2c(cc(c(c2)OC(=O)COc2ccc3c(c2)oc(=O)cc3)C*)c1,tg,247.0916951497396
2782,*Oc1c(cc(cc1)Oc1ccc(cc1)C(=O)Nc1ccc(cc1)Oc1ccc(cc1)NC(=O)c1ccc(cc1)*)c1ccccc1,tg,183.8572031656901
2783,*Oc1ccc(-c2ccc(-c3ccc(*)s3)s2)s1,eps,5.628135522206624
2784,*C(C(*)F)(OC(F)(F)F)F,tg,33.71391042073568
2785,*NC(CC(*)=O)C(=O)OCC(C)C,egc,5.825397332509358
2786,*C(S1)=CC=C1OC(=S)O*,egc,3.6956946849823
2787,*Oc1c(cc(cc1)C=C1C(=O)C(=Cc2cc(c(cc2)OC(=O)CCCCCCCCC(=O)*)OC)CCC1)OC,tg,35.02936299641927
2788,*C(C(CCCCCCCC*)c1ccc(cc1)O)c1c(cc(cc1)O)C,tg,-2.6535186767578125
2789,*NC(=O)CCC1(c2ccccc2c2ccccc12)CCC(=O)NCc1cc(ccc1)C*,tg,172.41940307617188
2790,*N1C(=O)c2c(C1=O)cc(cc2)C(c1cc2c(C(=O)N(C2=O)CC2CC(CCC2)C*)cc1)(C(F)(F)F)C(F)(F)F,tg,217.3768310546875
2791,*Oc1c2c(c(cc1)C=Cc1ccc(cc1)OCCCCCC*)cccc2,tg,101.0113296508789
2792,*C1C(=O)N(C(=O)C1*)c1cc(c(c(c1)Br)O[Si](CC)(CC)CC)Br,tg,224.2442626953125
2793,*Oc1ccc(cc1)C=CC(=O)c1ccc(cc1)Oc1c(cc(cc1)C(c1cc(c(cc1)*)C)(C)C)C,tg,152.0348103841146
2794,*OC(=O)Nc1c(ccc(c1)NC(=O)OCCN(CC*)c1ccc(cc1)N=Nc1ccc(cc1)c1oc2c(n1)cccc2)C,tg,177.10383097330728
2795,*C(C*)C(=O)Oc1cc(ccc1)N(C)C,tg,47.27839660644531
2796,*Nc1ccc(cc1)/C=C/c1ccc(cc1)NC(=C(C#N)C#N)c1ccc(cc1)C(=C(C#N)C#N)*,tg,260.1854553222656
2797,*NC(=O)CCCCC(=O)NCC1CC(CCC1)C*,tg,125.43262227376302
2798,*OC(=O)NCc1ccc(cc1)CNC(=O)OCCCCCCCCCCCCCCCC*,tg,41.18394215901693
2799,*OC(C*)CS(=O)(=O)CCCC,tg,25.534637451171875
2800,*C(=O)C1CC1C(=O)N1CCN(*)CC1,egc,5.616321563720703
2801,*CC(O)COc1ccc(C(C)(C)c2ccc(OCC(O)COc3ccc(S(=O)(=O)c4ccc(O*)cc4)cc3)cc2)cc1,egc,3.8662029107411704
2802,*Nc1ccc(NC(=O)c2cc(NC(=O)c3ccncc3)cc(C(*)=O)c2)cc1,egc,3.3924080530802407
2803,*[Si](CC(C*)c1c2c(ccc1)cccc2)(C)C,tg,49.20330556233724
2804,*Cc1ccc(-c2ccc(O*)cc2)cc1,eps,3.8556636969248452
2805,*OP(=O)(OCCCCCCCCCCOc1ccc(cc1)C=Cc1ccc(cc1)OCCCCCCCCCC*)OCCCCCCCCCCOc1ccc(cc1)N=Nc1ccc(cc1)OC,tg,64.02151489257812
2806,*CONO*,ei,6.516112168629964
2807,*C(C*)(C(=O)OCCCCCCOc1ccc(cc1)OC(=O)c1ccc(cc1)OCCCCCCCC)C,tg,24.250523885091145
2808,*NC(=O)Cc1ccc(cc1)CCC(=O)NCCCCCC*,tg,91.866943359375
2809,*CCCCC(C)CC(=O)N*,egc,6.081777572631836
2810,*Cc1ccc(NC(*)=S)cc1,ei,5.712027549743652
2811,*Oc1c(cc(cc1c1ccccc1)*)c1cc(ccc1)C,tg,194.707275390625
2812,*Cc1ccc(C(=S)c2ccc(*)s2)cc1,ei,5.94285249710083
2813,*N(C(=O)CCCCCCCCCCC*)C,tg,3.894465128580729
2814,*CCC(C)CCC(=O)N*,egc,6.245996634165446
2815,*Nc1c(cc(cc1c1ccccc1)c1ccc(cc1)c1cc(c(c(c1)c1ccccc1)NC(=O)c1ccc(cc1)C(=O)*)c1ccccc1)c1ccccc1,tg,273.6870422363281
2816,*NC(=O)NCc1ccc(cc1)CNC(=O)NCCCCCCCCCCCCCCCCCC*,tg,47.185638427734375
2817,*N1C(=O)c2c(C1=O)cc(cc2)Oc1cc2c(C(=O)N(C2=O)c2cc(ccc2)P(=O)(c2cc(ccc2)*)c2ccc(cc2)Oc2ccc(cc2)C23CC4CC(CC(C2)C4)C3)cc1,tg,295.25913492838544
2818,*C1COC2C1OCC2Oc1ccc(cc1)NC(=O)CCCCC(=O)Nc1ccc(cc1)O*,tg,85.40005493164062
2819,*C(C*)(C(=O)OCCCCCOc1ccc(cc1)OC(=O)c1ccc(cc1)OC)C,tg,40.75907897949219
2820,*Sc1c(cc(c(c1)C)*)C,tg,136.91231282552084
2821,*O[Si](CCCC(=O)Oc1ccc(cc1)C=Nc1ccc(cc1)Cc1ccc(cc1)N=Cc1ccc(cc1)OC(=O)CCC[Si](*)(C)C)(C)C,tg,61.826927185058594
2822,*CCCCOC(=O)CC(N)C(=O)O*,egc,6.3357728322347
2823,*N1C(=O)c2c(C1=O)cc(cc2)S(=O)(=O)c1cc2c(C(=O)N(C2=O)CCCCCCOC(=O)CCCCCCCCCCCCCCCCCCC(=O)OCCCCCC*)cc1,tg,52.55201975504557
2824,*N1C(=O)c2c(C1=O)cc(cc2)c1cc2c(C(=O)N(C2=O)c2cc(c(cc2)Oc2c(cccc2)Oc2c(cc(cc2)*)C(F)(F)F)C(F)(F)F)cc1,tg,262.1753743489583
2825,*C(C*)OC(=O)c1c2c(n(n1)C(=O)C)cccc2,tg,131.57867431640625
2826,*C=CCCCCCC*,tg,-57.59271240234375
2827,*CC(*)(F)C(=O)OCC,egc,6.6160275141398115
2828,*Cc1ccc(COC(=O)CCCCCC(=O)O*)cc1,egc,5.414351304372151
2829,*Oc1ccc(-c2ccc(-c3ccc(*)cc3)s2)cc1,eps,5.066502094268799
2830,*C(*)(C#N)C#N,egc,6.502865791320801
2831,*NC(CO)C(*)=O,egc,6.0406928062438965
2832,*CC(*)C(=O)OCF,egb,6.292450428009033
2833,*Oc1ccc(cc1)C(=O)NCC*,tg,150.15552775065103
2834,*Oc1ccc(NC(=O)c2ccc(C(=O)Nc3ccc(Oc4ccc(C5(c6ccc(*)cc6)CC6CCC5C6)cc4)cc3)cc2)cc1,egc,3.5110599199930825
2835,*c1cc(C=Nc2cccc(C)c2)cc(*)c1O,egc,3.3689370155334473
2836,*CCON*,eps,3.555687109629313
2837,*C(=O)C(C=C1)=CC=C1C(C=C2)=CC=C2C(C=C3)=CC=C3*,egc,3.4450475374857583
2838,*CCCC(C)(C)CNC(=O)CCCCC(=O)N*,egc,5.764789740244548
2839,*OC(=S)c1ccc(C(*)=O)cc1,nc,1.9970649878184001
2840,*NC(=O)NCCCCCCNC(=O)NCCCCCCCCCCCC*,tg,57.67476145426432
2841,*OC(=O)Nc1c(ccc(c1)NC(=O)OCCCCCCCCC*)C,tg,54.67253112792969
2842,*c1c2c(c(nn1)c1ccc(cc1)Oc1ccc(cc1)C(=O)c1ccc(cc1)Oc1ccc(cc1)*)c(c(c(c2c1ccc(cc1)F)c1ccc(cc1)F)c1ccc(cc1)F)c1ccc(cc1)F,tg,295.8262227376302
2843,*C(=O)c1ccc(-c2ccc(C(*)=S)cc2)s1,ei,6.13063398996989
2844,*Oc1ccc(cc1)C(c1ccc(cc1)Oc1ccc(cc1)C(=O)c1ccc(cc1)c1ccc(cc1)C(=O)c1ccc(cc1)*)(C)C,tg,178.00645955403647
2845,*N1C(=O)c2c(C1=O)cc(cc2)Oc1cc2c(C(=O)N(C2=O)c2c(cc(cc2)Cc2cc(c(cc2)*)C(C)(C)C)C(C)(C)C)cc1,tg,287.06671142578125
2846,*Nc1ccc(NC(=O)c2c(F)c(F)c(C(*)=O)c(F)c2F)cc1,egc,3.5465481281280518
2847,*c1sc(cc1CCCC)c1sc(c(c1)CCCC)c1c2c(ccccc2)c(c1)*,tg,66.28579966227214
2848,*OC(=O)OCC(C*)(C)C,tg,-33.53340148925781
2849,*C(C*)C(=O)OCCCOCC,tg,-56.04180399576823
2850,*CCCCCCCCCCOC(=O)CCCCCCCCCCCCCCCCC(=O)O*,egc,6.632108370463054
2851,*CC(CCl)(CI)COC(=O)CCCCC(=O)O*,egc,6.71573527654012
2852,*C(C*)(C(=O)OCCCCCCCCCCCCCCCCCC)C,tg,-35.50496927897135
2853,*C(C*)n1cncn1,tg,104.34696706136067
2854,*Cc1ccc(-c2ccc(-c3ccc(*)s3)s2)s1,egb,2.4748664697011313
2855,*C(C*)c1c(cccc1)COCCC(C)C,tg,82.63111114501953
2856,*CNC(=O)CCCCCCC(=O)N*,egc,6.053098678588867
2857,*OC(=O)NCCC*,tg,48.05848948160807
2858,*Oc1c(cc(cc1Cl)C1(CCCCC1)c1cc(c(c(c1)Cl)OC(=O)*)Cl)Cl,tg,258.382319132487
2859,*C(=O)c1ccc(C(=O)C(*)=S)s1,egb,1.5949701468149822
2860,*Nc1c(cc(c(c1)[N+](=O)[O-])NC(=O)CCCCCCCCCCC(=O)*)C=Cc1ccc(cc1)N(C)C,tg,136.32477823893228
2861,*N1C(=O)c2c(C1=O)c(ccc2)Oc1c(cc(cc1C)c1cc(c(c(c1)C)Oc1c2c(C(=O)N(C2=O)c2ccc(cc2)Oc2ccc(cc2)*)ccc1)C)C,tg,282.91546630859375
2862,*c1cc2c(C(=O)N(C2=O)c2cc(ccc2)P(=O)(c2cc(ccc2)N2C(=O)c3c(C2=O)cc(cc3)C(=O)*)c2cc(cc(c2)C(F)(F)F)C(F)(F)F)cc1,tg,240.228515625
2863,*c1ccc(N2C(=O)c3ccc(-c4ccc5c(c4)C(=O)N(c4ccc6[nH]c(*)nc6c4)C5=O)cc3C2=O)cc1,egc,2.9177168210347495
2864,*Oc1ccc(cc1)C(c1ccc(cc1)Oc1ccc(cc1)C(=O)c1c(c(c(c(c1c1ccccc1)c1cc2c(cc1)cccc2)c1cc2c(cc1)cccc2)c1ccccc1)C(=O)c1ccc(cc1)*)(C(F)(F)F)C(F)(F)F,tg,250.53858947753906
2865,*C(C*)c1ccc(cc1)B(Oc1c2ncccc2c(cc1)c1ccc(cc1)OC)c1ccc(cc1)C(C)(C)C,tg,219.60147094726562
2866,*C(S1)=CC=C1C(S2)=CC=C2C(S3)=CC=C3C(=S)*,egc,2.092583338419596
2867,*C(=S)c1ccc(-c2ccc(-c3ccc(*)cc3)cc2)s1,nc,2.3668557008107505
2868,*OP(=O)(Oc1ccc(cc1)C(c1ccc(cc1)*)(C)C)OC1CCCCC1,tg,84.4857889811198
2869,*OC(=O)c1ccc(cc1)C(=O)OCCC*,tg,43.697741190592446
2870,*Oc1ccc(cc1)S(=O)(=O)c1ccc(cc1)OC(=O)c1cc(ccc1)C(=O)*,tg,194.89311726888022
2871,*Cc1ccc(CO*)cc1,ei,6.4938309987386065
2872,*N1C(=O)C2C3C4C(C(C2C1=O)C=C3)C(=O)N(C4=O)C1C(CC(CC1)CC1CC(C(CC1)*)C)C,tg,221.79329427083334
2873,*NC(CCC(=O)OCc1ccc(F)cc1)C(*)=O,egc,5.194368839263916
2874,*O[Si](O[Si](O[Si](O[Si](CC[Si](O[Si](O[Si](O[Si](O[Si](CC[Si](*)(c1ccccc1)c1ccccc1)(C)C)(C)C)(C)C)(C)C)(C)C)(c1ccccc1)c1ccccc1)(c1ccccc1)c1ccccc1)(c1ccccc1)c1ccccc1)(c1ccccc1)c1ccccc1,tg,-2.557011922200521
2875,*NOC(=O)O*,eps,4.553042570749919
2876,*OC(=O)CCCCCCCCC(=O)OC/C=C/C*,tg,-41.53270975748698
2877,*N1C(=O)c2c(C1=O)cc(cc2)Oc1cc2c(C(=O)N(C2=O)c2cc(c(cc2)c2c(cc(cc2)*)C)C)cc1,tg,273.48779296875
2878,*O[Si](*)(CCCOCCOCCOCCOC)CCCOCCOCCOCCOC,tg,-68.78471374511719
2879,*Oc1ccc(CC(NC(=O)CCc2ccc(OC(=O)CC(C)CCC(*)=O)cc2)C(=O)OC(C)CC)cc1,egc,4.850697994232178
2880,*S(=O)(=O)c1cc(ccc1)NC(=O)c1c(cc(cc1)c1cc(c(cc1)C(=O)Nc1cc(ccc1)*)C)C,tg,216.3355458577474
2881,*CC(CBr)(CBr)CO*,egc,5.525743325551351
2882,*CC(CO)(CO)CO*,egc,6.07046635945638
2883,*CCC(=S)O*,egc,4.164248148600261
2884,*OC(C)CCOC(=O)CCCC(*)=O,egc,6.608322302500407
2885,*Oc1cc(ccc1)NC(=O)c1ccc(cc1)[Si](c1ccc(cc1)C(=O)*)(c1ccccc1)c1ccccc1,tg,201.22020467122397
2886,*Oc1c(c2c(cc1)cccc2)Sc1c2c(ccc1OCC(=O)Nc1cc(ccc1)NC(=O)C*)cccc2,tg,261.40240478515625
2887,*CCCCCCCCCNC(=O)CCCCCCCCCC(=O)N*,egc,5.879045009613037
2888,*Nc1ccc(-c2ccc(C(*)=S)cc2)cc1,egb,2.349989891052246
2889,*OC(*)CCC(=O)OC,egc,6.327761967976888
2890,*C(=O)CC(F)(F)C(*)(F)F,eea,3.037168582280477
2891,*OC(=O)CCSCCC(=O)OCCOCCOCCOCC*,tg,-42.925557454427086
2892,*c1cc2c(C(=O)N(C2=O)c2ccc(cc2)C(=O)Nc2ccc(cc2)C(=O)OCCCCOC(=O)*)cc1,tg,135.57235717773438
2893,*C(C*)(C(=O)OCCC[Si]12O[Si]3(O[Si]4(O[Si]5(O[Si](O[Si](O[Si](O[Si](O1)(O4)CC(C)C)(O5)CC(C)C)(O2)CC(C)C)(O3)CC(C)C)CC(C)C)CC(C)C)CC(C)C)C,tg,130.93174997965494
2894,*C(C(=O)C*)C,tg,53.1306406656901
2895,*C(F)(F)C(*)(F)c1ccccc1,egc,5.270367622375488
2896,*c1ccc(-c2nc3cc4nc(*)oc4cc3o2)cc1,eea,2.7213633060455322
2897,*CCC1CN(C(C)(C)C)C(=O)C1*,egc,5.618544101715088
2898,*Oc1cc(ccc1)OC1(C(C(C1(F)F)(F)F)(*)F)F,tg,66.7201665242513
2899,*Oc1c(cccc1)C(=O)OC(=O)c1c(cccc1)OC(=O)CCCCCCCC(=O)*,tg,32.34043884277344
2900,*c1ccc(C(=O)c2ccc(-n3nc(-c4ccc(Oc5ccc(-c6nn(*)c(=O)c7ccccc67)cc5)cc4)c4ccccc4c3=O)cc2)cc1,egc,2.8535905679066977
2901,*C(C(CCCCC*)c1ccc(cc1)O)c1c(cc(cc1)O)C,tg,23.9742431640625
2902,*c1cc2c(C(=O)N(C2=O)c2ccc(cc2)Cc2ccc(cc2)N2C(=O)c3c(C2=O)cc(cc3)C(=O)c2ccc(cc2)Oc2ccc(cc2)S(=O)(=O)c2ccc(cc2)Oc2ccc(cc2)C(=O)*)cc1,tg,239.71497090657553
2903,*c1cc2c(C(=O)N(C2=O)c2ccc(cc2)C(c2ccc(cc2)N2C(=O)c3c(C2=O)cc(cc3)C(=O)c2cc(ccc2)C(=O)*)(C(F)(F)F)C(F)(F)F)cc1,tg,280.64170328776044
2904,*c1ccc(C(F)(F)CC(*)(F)F)s1,egb,4.384954293568929
2905,*CC(*)c1ccc(S(=O)(=O)O)cc1,egc,3.7121663093566895
2906,*Oc1ccc(cc1)CC(NC(=O)Cc1ccc(cc1)OC(=O)COCCOCC(=O)*)C(=O)OCCCCCC,tg,33.655189514160156
2907,*Oc1ccc(C(=C(Cl)Cl)c2ccc(OC(*)=O)cc2)cc1,egc,4.1591261227925616
2908,*c1sc(cc1)[Si]([Si](*)(C)C)(C)C,tg,6.6507619222005205
2909,*NC(=S)Nc1ccc(NC(=S)Nc2ccc(Oc3ccc(*)cc3)cc2)cc1,nc,2.13655161857605
2910,*NC(=O)c1c(cc(cc1)C(=O)NCCCCCCCC*)Sc1ccccc1,tg,105.75797526041667
2911,*CC(=S)c1ccc(C(*)=S)s1,eea,2.733278274536133
2912,*c1ccc(-c2sc(-c3cc(CCCC)c(*)s3)cc2CCCC)cc1,egc,2.48982310295105
2913,*OC(*)CCl,egc,6.429118315378825
2914,*O[Si](O[Si](O[Si](O[Si](C#Cc1ccc(cc1)C#C[Si](*)(C)C)(C)C)(C)C)(C)C)(C)C,tg,102.92978413899739
2915,*C(F)(F)C(*)(F)OC(F)(F)C(F)(F)F,egc,8.375127474466959
2916,*Oc1ccc(cc1)Oc1c(c(ccc1)Oc1ccc(cc1)Oc1ccc(cc1)c1ccc(cc1)*)C(=O)c1c(cccc1)S(=O)(=O)O[Na],tg,194.4621836344401
2917,*Oc1ccc(cc1)C(c1ccc(cc1)OC(=O)c1ccc(cc1)Oc1ccc(cc1)C(=O)*)(C(F)(F)F)C(F)(F)F,tg,157.16594950358072
2918,*C(=O)NNC(=O)c1cccc(C(=O)NNC(=O)c2ccc(*)nc2)c1,egc,3.92082945505778
2919,*c1c(nc2c(c1c1ccccc1)cc(cc2)c1cc2c(nc(c(c2c2ccccc2)c2ccc(cc2)*)c2ccccc2)cc1)c1ccccc1,tg,372.7792561848958
2920,*N1C(=O)c2c(C1=O)cc(cc2)Oc1ccc(cc1)C(c1ccc(cc1)Oc1cc2c(C(=O)N(C2=O)c2ccc(cc2)Sc2ccc(cc2)Oc2ccc(cc2)Sc2ccc(cc2)*)cc1)(C)C,tg,205.03564453125
2921,*C=CC1CC(*)C(C#N)C1,egc,5.896448930104573
2922,*CCCCCCCCCCCCOc1ccc(C=NN=Cc2ccc(O*)cc2O)c(O)c1,egc,3.548316796620687
2923,*C1C(=O)N(C(=O)C1C(C*)c1ccccc1)c1ccccc1,tg,255.05107625325522
2924,*C=CCC(C)(CC*)C(=O)OC,egc,5.735744794209798
2925,C13C(C=*)OC(C=*)C1C(=O)N(C2=CC=C(C(F)(F)F)C=C2)C3=O,egc,5.025104522705078
2926,*CCCCCCOC(=O)CCC=CCCC(=O)O*,egc,5.926511287689209
2927,*OC(=CCC)C(C(=O)*)CC,tg,54.97798156738281
2928,*c1ccc(-c2ccc(C(F)(F)C(*)(F)F)cc2)cc1,ei,6.175654252370198
2929,*Oc1cc2c(cc1OCCNC(=O)c1ccc(cc1)C(=O)NCC*)cccc2,tg,155.98977661132812
2930,*N1C(=O)c2c(C1=O)c(ccc2)Oc1c(c(cc(c1)C(C)(C)C)C(C)(C)C)Oc1c2c(C(=O)N(C2=O)c2ccc(cc2)Oc2ccc(cc2)*)ccc1,tg,265.32445271809894
2931,*CCC(=S)O*,eea,2.1353286107381186
2932,*C(=S)c1ccc(-c2ccc(-c3ccc(*)cc3)cc2)cc1,ei,5.680738131205241
2933,*C(C*)C,tg,-39.837422688802086
2934,*C(C*)(C(=O)Oc1ccc(cc1)C(=O)Oc1ccc(cc1)OC)C,tg,100.4070816040039
2935,*O[Si](O[Si](*)(CCCCOc1ccc(cc1)c1ccc(cc1)C#N)C)(C)C,tg,-15.750645955403646
2936,*C(CCCCC*)CCCC,tg,-49.576741536458336
2937,*COC(=O)OCC1OC(OCC)(OCC)OC1*,egc,6.539624532063802
2938,*O[Sn](OC(=O)/C=C/C(=O)*)(CCCC)CCCC,tg,163.25924682617188
2939,*c1ccc(Oc2ccc(-c3nc4cc(-c5ccc6nc(-c7ccccc7)c(*)nc6c5)ccc4nc3-c3ccccc3)cc2)cc1,egc,3.065641164779663
2940,*OC(=O)NC1CC(CC(C1)(CNC(=O)OCCN(CC*)c1ccc(cc1)N=Nc1ccc(cc1)B(c1c(cc(cc1C)C)C)c1c(cc(cc1C)C)C)C)(C)C,tg,173.18002319335938
2941,*C(C*)(C(=O)OCCCCCCn1c2ccc(cc2c2ccccc12)N=Nc1c(cc(cc1)[N+](=O)[O-])[N+](=O)[O-])C,tg,94.26288350423177
2942,*[Si](CCC*)(c1c2c(ccc1)cccc2)C1CCCCC1,tg,59.41893768310547
2943,*CCCCO*,egc,6.2980984052022295
2944,*CCOCCOC(=O)CCCCCCCCC(=O)O*,egc,6.543919563293457
2945,*CCCCCCNC(=O)C(O)C(O)C(=O)N*,egc,6.2136915524800616
2946,*CC(*)(C#N)C(=O)OCC(C)C,egc,6.416441599527995
2947,*OC(=O)CCCCCCCCC(=O)OCCCCCC*,tg,-40.968597412109375
2948,*Cc1ccc(OC(*)=S)s1,eea,1.8886373043060303
2949,*CCCCCCCCCCCCCCC(=O)O*,egc,6.740813255310059
2950,*C(C=C1)=CC=C1C(S2)=CC=C2OC(=S)*,egc,3.182959000269572
2951,*Oc1ccc(cc1)C1(c2ccccc2c2ccccc12)c1ccc(cc1)OCC(CN(S(=O)(=O)c1cc(ccc1)S(=O)(=O)N(CC(C*)O)C)C)O,tg,109.66160329182942
2952,*Oc1ccc(cc1)OC(=O)c1c(cc(cc1)C(=O)*)Sc1ccccc1,tg,125.52573903401692
2953,*CO*,ei,7.915196577707927
2954,*c1ccc(NC(F)(F)C(*)(F)F)cc1,eea,1.702774206797282
2955,*O[Si](O[Si](O[Si](O[Si](CC[Si](O[Si](O[Si](O[Si](CC[Si](*)(c1ccccc1)c1ccccc1)(C)C)(C)C)(C)C)(C)C)(c1ccccc1)c1ccccc1)(c1ccccc1)c1ccccc1)(c1ccccc1)c1ccccc1)(c1ccccc1)c1ccccc1,tg,12.791107177734375
2956,*CCC(=O)OC(=O)CCC1CCC(*)O1,egc,6.67715581258138
2957,*c1c(cc(c(c1)OC)C=C*)OCCc1ccccc1,tg,74.74408721923828
2958,*C(=O)c1ccc(OC(*)=S)s1,eps,6.35691515604655
2959,*c1nc2c(cc1)cccc2OC(=O)c1ccc(cc1)C(=O)Oc1ccc(cc1)C=C*,tg,182.57137044270834
2960,*CC(*)Cl,egc,6.259808381398519
2961,*C(C*)c1c(ccc(c1)c1ccc(cc1)C(=O)OC1C(CCC(C1)C)C(C)C)c1ccc(cc1)C(=O)OC1C(CCC(C1)C)C(C)C,tg,174.90433247884116
2962,*C(=S)OC(=S)c1ccc(*)s1,eea,3.9008769194285073
2963,*CC(=O)N*,eps,4.148708661397298
2964,*N1C(=O)c2c(C1=O)cc(cc2)Oc1cc2c(C(=O)N(C2=O)c2ccc(cc2)Oc2cc(ccc2)c2nc(cc(c2)c2ccccc2)c2cc(ccc2)Oc2ccc(cc2)*)cc1,tg,212.70309448242188
2965,*Oc1ccc(cc1)S(=O)(=O)c1ccc(cc1)Oc1ccc(cc1)C(=O)c1cc(ccc1)C(=O)c1ccc(cc1)*,tg,187.32136027018228
2966,*CC(=O)c1ccc(-c2ccc(*)s2)cc1,eps,4.563394069671631
2967,*Oc6ccc(C5(c3ccc(OC(=O)c2ccc(Oc1ccc(C(*)=O)cc1)cc2)cc3)OC(=O)c4ccccc45)cc6,egc,3.93373696009318
2968,*N1C(=S)N(C(=O)CC1=O)c1ccc(cc1)Oc1ccc(cc1)C(c1ccc(cc1)Oc1ccc(cc1)*)(C(F)(F)F)C(F)(F)F,tg,164.91802469889322
2969,*N=P(*)(OCCCCCCCC)OCCCCCCCC,tg,-79.045166015625
2970,*C(=O)c1ccc(-c2ccc(C(*)=S)cc2)cc1,egb,1.975500265757243
2971,*N1C(=O)c2c(C1=O)cc(cc2)[Si](c1cc2c(C(=O)N(C2=O)c2ccc(cc2)Oc2ccc(cc2)C(=O)c2cc(ccc2)C(=O)c2ccc(cc2)Oc2ccc(cc2)*)cc1)(C)C,tg,217.66634623209634
2972,*COC(=O)O*,egc,6.241538206736247
2973,*C1C(=O)N(C(=O)C1C(C*)(C)C)c1ccccc1,tg,197.7012736002604
2974,*N1C(=O)c2c(C1=O)cc(cc2)Oc1ccc(cc1)Oc1cc2c(C(=O)N(C2=O)c2c(cc(cc2)c2cc(c(cc2)*)OC)OC)cc1,tg,234.00450134277344
2975,*C(=O)CCP(=O)(CCC(=O)N1CCN(*)CC1)c1ccccc1,egc,4.928023020426433
2976,*Oc1ccc(cc1)CC(NC(=O)CCc1ccc(cc1)OC(=O)CCCCCCC(=O)*)C(=O)OC(CC)C,tg,45.047627766927086
2977,*NC(=O)CCCCCCCCCC*,tg,42.682952880859375
2978,*OC(=O)CCSCc1ccc(CSCCC(*)=O)cc1,egc,4.848648230234782
2979,*C(=O)NCCCCCCCCNC(=O)c1ccc(*)nc1,egc,4.581380367279053
2980,*c1cc2c(oc(n2)c2ccc(cc2)Oc2ccc(cc2)c2oc3c(n2)cc(cc3)C(*)(c2ccccc2)C(F)(F)F)cc1,tg,303.7154235839844
2981,*c1cc2c(C(=O)N(C2=O)c2c(ccc(c2)C(=O)Nc2c(cc(cc2C)c2cc(c(c(c2)C)NC(=O)c2cc(c(cc2)C)N2C(=O)c3c(C2=O)cc(cc3)C(*)(C(F)(F)F)C(F)(F)F)C)C)C)cc1,tg,303.24843343098956
2982,*NC(=O)c1ccc(cc1)C(=O)NCCCCCC*,tg,151.89334106445312
2983,*C(C*)(C(=O)OCCn1c2ccc(cc2c2ccccc12)N=Nc1c(cc(cc1)[N+](=O)[O-])[N+](=O)[O-])C,tg,137.5281778971354
2984,*Nc1ccc(cc1)C(c1ccc(cc1)NC(=O)c1cc(cc(c1)N1C(=O)C=CC1=O)C(=O)*)(C)C,tg,302.4256591796875
2985,*NC(=O)c1c(cc(cc1)C(=O)NCCCC*)Oc1ccccc1,tg,111.23292287190755
2986,*Nc1ccc(cc1)C1(c2ccccc2c2ccccc12)c1ccc(cc1)NC(=O)c1cc(ccc1)C(=O)*,tg,295.51361083984375
2987,*Oc1ccc(cc1)C(c1ccc(cc1)Oc1ccc(cc1)C(=O)Nc1ccc(cc1)NC(=O)c1ccc(cc1)*)(C(F)(F)F)C(F)(F)F,tg,255.49166870117188
2988,*c1cc2Sc3c(Sc2cc1)cc(cc3)C(=Cc1c(cc(c(c1)OCCCCCCCC)C=C(*)c1ccccc1)OCCCCCCCC)c1ccccc1,tg,149.8980712890625
2989,*N(C(=O)C(C(C(C(=O)N(CCCCCC*)CC(C(C(C(C(C(C(F)(F)F)(F)F)(F)F)(F)F)(F)F)(F)F)(F)F)(F)F)(F)F)(F)F)CC(C(C(C(C(C(C(F)(F)F)(F)F)(F)F)(F)F)(F)F)(F)F)(F)F,tg,124.5821050008138
2990,*N(CCC*)C(=O)C,tg,34.98077392578125
2991,*NC(=O)OC(*)=S,ei,7.258568286895752
2992,*c1ccc(-c2ccc(-c3cc(-c4ccccc4)c4cc5c(-c6ccccc6)cc(*)nc5cc4n3)cc2)cc1,egc,2.9564265410105386
2993,*C(=O)c1ccc(C(=O)C(*)=S)cc1,eps,5.162233352661133
2994,*OC(=O)OCCCS(=O)(=O)CCCCS(=O)(=O)CCC*,tg,35.901817321777344
2995,*Oc1cc(c(cc1)CCc1ccc(cc1)OCCCCCCC*)C,tg,4.25958251953125
2996,*OC(C)C#CC#CC(C)OC(=O)c1ccc(C(*)=O)cc1,egc,3.74894650777181
2997,*c1ccc2c(c1)c1cc(*)ccc1n2CCC(=O)NO,egc,3.6070584456125894
2998,*C(C*)C(=O)NC(CS(=O)(=O)O)(C)C,tg,112.20864613850911
2999,*C1COC2C1OCC2Oc1ccc(cc1)CNC(=O)c1ccc(cc1)C(=O)NCc1ccc(cc1)O*,tg,127.06000010172527
3000,*C(C*)(C(=O)OCCCCOc1ccc(cc1)OC(=O)c1ccc(cc1)c1ccc(cc1)OC)C,tg,76.09878794352214
3001,*Nc1ccc(*)c2ccccc12,egc,3.1935938199361167
3002,*N1C(=O)c2c(C1=O)cc(cc2)Oc1c(cc(cc1C)c1cc(c(c(c1)C)Oc1cc2c(C(=O)N(C2=O)c2cc(ccc2)*)cc1)C)C,tg,297.44171142578125
3003,*CC(C=C1)=CC=C1C(C=C2)=CC=C2O*,egc,4.341491063435872
3004,*c1cc2c(C(=O)N(C2=O)c2c(cc(cc2)C(=O)Nc2ccc(cc2)C(c2ccc(cc2)NC(=O)c2cc(c(cc2)N2C(=O)c3c(C2=O)cc(cc3)C(*)(C(F)(F)F)C(F)(F)F)C)(C(F)(F)F)C(F)(F)F)C)cc1,tg,260.1399434407552
3005,*S(=O)(=O)NCCCNS(=O)(=O)c1cc(ccc1)*,tg,99.18919372558594
3006,*c1cc2n(c3c(c2cc1)ccc(c3)C=C*)c1cc(c(cc1)OCCCCCCCCCC)OCCCCCCCCCC,tg,97.5210952758789
3007,*OC(CC(*)=O)C(Cl)(Cl)Cl,egc,6.539179007212321
3008,*C(=O)c1ccc2c(c1)C(=O)N(c1cc(OCCCCCCCC)cc(N3C(=O)c4ccc(*)cc4C3=O)c1)C2=O,egc,2.512970765431722
3009,*OC(=O)c1ccc(cc1)c1ccc(cc1)C(=O)OCCCCCCCCCCC*,tg,37.53190358479818
3010,*CCCCOC(=O)CC(=CC(=O)O*)c1ccc(OCC)cc1,egc,3.7212849458058677
3011,*C(C*)OC(=O)C(C(C)C)(C(C)C)C,tg,68.63743082682292
3012,*C=CC1CC(*)C2C(=O)N(CCCCCC)C(=O)C12,egc,5.344322204589844
3013,*Oc1ccc(cc1)c1ccc(cc1)OC(=O)c1ccc(cc1)C(=O)*,tg,208.75857543945312
3014,*CCO*,ei,6.72141695022583
3015,*CC(*)Cn1cc2ccccc2n1,egc,3.2803849379221597
3016,*CC(=S)c1ccc(O*)cc1,ei,6.041128317515056
3017,*CC1CC(*)CC(O)C1,egc,6.283413887023926
3018,*Cc1ccc(NC(*)=S)cc1,eps,4.416247526804606
3019,*c1c(c2c(C(=O)N(C2=O)c2ccc(cc2)Oc2ccc(cc2)N2C(=O)c3c(C2=O)c(c(cc3)C(=O)*)OCc2c(cccc2)[N+](=O)[O-])cc1)OCc1c(cccc1)[N+](=O)[O-],tg,270.7841389973958
3020,*C(=O)C(S1)=CC=C1OC(S2)=CC=C2*,egc,3.1375231742858887
3021,*Oc1c(cc(cc1)C1(CC2C(CC1)CCCC2)c1cc(c(cc1)OC(=O)c1cc(ccc1)C(=O)*)C)C,tg,198.8766072591146
3022,*N1C(=O)c2c(C1=O)cc(cc2)[Si](c1ccc(cc1)[Si](c1cc2c(C(=O)N(C2=O)c2ccc(cc2)Cc2ccc(cc2)*)cc1)(C)C)(C)C,tg,269.8206481933594
3023,*CNC(=S)C(S1)=CC=C1*,egc,3.470986843109131
3024,*Oc1ccc(cc1)S(=O)(=O)N(CCCCN(S(=O)(=O)c1ccc(cc1)Oc1ccc(cc1)C(c1ccc(cc1)*)(C)C)C)C,tg,128.8585459391276
3025,*c1sc(c(c1c1ccccc1)c1ccccc1)c1ccc(cc1)CC(=O)Nc1ccc(cc1)Oc1ccc(cc1)NC(=O)Cc1ccc(cc1)*,tg,246.6588134765625
3026,*Oc1c(cc(cc1)Oc1ccc(cc1)C(=O)c1ccc(cc1)*)c1ccc(cc1)Oc1ccccc1,tg,166.45030721028647
3027,*c1ccc(-c2ccc(C(F)(F)C(*)(F)F)cc2)s1,ei,6.390206972757976
3028,*CCOC(=O)NCCSCCSCCNC(=O)O*,egc,5.42901627222697
3029,*OC(=O)CCC(=O)OCC*,tg,4.3352711995442705
3030,*OC(=O)CCCCCCCCC(=O)OCC(C*)(CC)C,tg,-25.32061258951823
3031,*Cc1ccc(OC(*)=S)s1,ei,5.93384583791097
3032,*CNCNC(=O)NC(=O)N*,ei,6.412240982055664
3033,*CC(CCl)(CCl)COC(=O)c1cccc(C(=O)O*)c1,egc,5.146727403004964
3034,*N1C(=O)c2c(C1=O)cc(cc2)C(=O)Oc1ccc(cc1)c1ccc(cc1)OC(=O)c1cc2c(C(=O)N(C2=O)CCCCCC*)cc1,tg,126.8561503092448
3035,*NC(=O)c1c(cc(cc1)C(=O)NCC*)Oc1ccccc1,tg,152.9112345377604
3036,*Oc1ccc(cc1)C1(C2CCC(C1)C2)c1ccc(cc1)OC(=O)*,tg,218.40411885579428
3037,*C=CC(C*)(C(F)(F)F)C(F)(F)F,egc,5.950643221537272
3038,*CC(=O)C(=S)c1ccc(*)s1,nc,2.1324218114217124
3039,*OC(=O)CC(=O)OCCCCCCCCCCCCCCCCCCCC*,tg,-30.07366434733073
3040,*NC(=O)c1cc2c(C(CC2(c2ccc(cc2)C(=O)NCCCCCC*)C)(C)C)cc1,tg,199.45958964029947
3041,*CCCCCCCCCCCNC(=O)c1ccc(C(=O)N*)cc1,egc,4.6180524826049805
3042,*OC(=O)NCCCCCCNC(=O)OCCOCCOCC*,tg,14.058492024739584
3043,*CCCCCCC(=O)NCCCCCOCCCCCNC(=O)CCCCO*,egc,5.804633617401123
3044,*c1oc(nn1)c1ccc(cc1)c1oc(nn1)CN1C(=O)c2c(C1=O)cc(cc2)C(c1cc2c(C(=O)N(C2=O)C*)cc1)(C(F)(F)F)C(F)(F)F,tg,211.81719970703125
3045,*C1COC2C1OCC2OC(=O)c1ccc(cc1)N=Nc1ccc(cc1)C(=O)O*,tg,244.37720743815103
3046,*Oc1ccc(*)cc1,egc,4.53777535756429
3047,*Oc1c(Br)cc(*)cc1Br,egc,3.8370625972747803
3048,*C(C*)(CC(=O)OCC)C(=O)OCC,tg,56.56954447428385
3049,*NC1CC1NC(=O)C1CC1C(*)=O,egc,5.764324982961019
3050,*N1C(=O)c2c(C1=O)cc(cc2)C(=O)Nc1ccc(cc1)NC(=O)C*,tg,266.58912150065106
3051,*OC(COC(=O)C1CCC(CC1)C(=O)*)COc1ccc(cc1)N=Nc1ccc(cc1)C#N,tg,98.5910135904948
3052,*CC(F)(F)C(F)(F)C(F)(F)COC(=O)C(F)(F)C(F)(F)C(F)(F)C(F)(F)C(=O)O*,egc,6.219942728678386
3053,*CCCCCCCCCCCCOC(=O)c1ccc2cc(C(=O)O*)ccc2c1,egc,3.8398890495300293
3054,*NC(=O)c1c(cc(cc1)C(=O)NCCCCCC*)Sc1ccccc1,tg,126.08508809407552
3055,*Oc1ccc(cc1)S(=O)(=O)c1ccc(cc1)Oc1c(cc(cc1)C(c1ccc(cc1)*)(C)C)[N+](=O)[O-],tg,185.15723673502603
3056,*OCC(C*)(CS(=O)(=O)CCCC)CS(=O)(=O)CCCC,tg,54.333821614583336
3057,*c1ccc(C(c2ccccc2)(c2ccc(N3C(=O)c4ccc(Oc5ccc6c(c5)C(=O)N(*)C6=O)cc4C3=O)cc2)C(F)(F)F)cc1,egc,3.529862880706787
3058,*Oc1ccc(cc1)Cc1ccc(cc1)OC(=S)*,tg,105.63041687011719
3059,*c1ccc(C(F)(F)c2ccc(C(*)(F)F)cc2)s1,nc,1.8720557689666748
3060,*Oc1c(cc(cc1C)C1(CC2C(CC1)CCCC2)c1cc(c(c(c1)C)OC(=O)c1cc(ccc1)C(=O)*)C)C,tg,247.36981201171875
3061,*Nc1ccc(-c2ccc(C(*)=S)s2)s1,ei,5.134716987609863
3062,*c1cc2c(C(=O)N(C2=O)c2ccc(cc2)Oc2c(c(ccc2)Oc2ccc(cc2)N2C(=O)c3c(C2=O)cc(cc3)C(=O)Nc2ccc(cc2)Oc2cc(ccc2)Oc2ccc(cc2)NC(=O)*)C#N)cc1,tg,222.63717651367188
3063,*OC(=O)Nc1c(ccc(c1)NC(=O)OCCN(CC*)c1ccc(cc1)C=C1NC(=O)NC1=O)C,tg,164.1681111653646
3064,*C1(c2c(C(=O)O1)cccc2)c1ccc(cc1)Oc1ccc(cc1)C(=O)c1ccc(cc1)Oc1ccc(cc1)*,tg,238.41911824544272
3065,*c1cc2c(C(=O)N(C2=O)c2ccc(cc2)Oc2ccc(cc2)N2C(=O)c3c(C2=O)cc(cc3)C(*)O[Si](C)(C)C)cc1,tg,275.61720784505206
3066,*OC(=O)c1c(cc(cc1)C(=O)OCCN(CC*)c1ccc(cc1)c1oc2c(n1)ccc(c2)[N+](=O)[O-])OCCC,tg,107.87462870279948
3067,*OC(=O)Nc1c(ccc(c1)NC(=O)OCCCCCOC(=O)c1c(cccc1)C(=O)O[Pb]OC(=O)c1c(cccc1)C(=O)OCCCCC*)C,tg,-24.275705973307293
3068,*CCCCOC(=O)C(OC)C(OC)C(=O)O*,egc,5.781142870585124
3069,*CCCCCCOCC1(CO*)CC1,egc,5.639768282572429
3070,*CC(=O)C(C=C1)=CC=C1C(C=C2)=CC=C2*,egc,3.9392049312591553
3071,*CCCCCCCCCCCCOC(=O)NCCCCCCCCCCNC(=O)O*,egc,6.228501796722412
3072,*N1C(=O)c2c(C1=O)cc(cc2)Oc1cc2c(C(=O)N(C2=O)CC2CC(CCC2)C*)cc1,tg,242.87142435709634
3073,*c1nc2c([nH]1)ccc(c2)NC(=O)c1ccc(cc1)OCCOCCOCCOCCOCCOc1ccc(cc1)C(=O)Nc1cc(ccc1)*,tg,144.5164337158203
3074,*CCCCCCCCOC(=O)NCCCCCCNC(=O)O*,egc,6.338244915008545
3075,*CCCCCCCCNC(=O)CCC(=O)N*,egc,6.082622210184733
3076,*OC(=O)c1c(cc(cc1)C(=O)OCCN(CC*)c1ccc(cc1)N=Nc1ccc(cc1)c1oc2c(n1)cccc2)OCCC,tg,144.6907704671224
3077,*C(C*)C(C)C,tg,8.0
3078,*c1cc2C(c3c(c2cc1)ccc(c3)c1c(c(c(c(c1F)F)*)F)F)(CCCCCCCC)CCCCCCCC,tg,65.12257639567058
3079,*C(=O)OC1CCN(*)CC1,egc,5.966808478037517
3080,*Nc1ccc(NC(=O)c2ccc(NC(=O)c3ccc([Si](C)(C)c4ccc(C(=O)Nc5ccc(C(*)=O)cc5)cc4)cc3)cc2)cc1,egc,3.2438978354136148
3081,*OC(=O)/C=C/C(=O)OCCOCC*,tg,9.373011271158854
3082,*C(C*)(C(=O)Oc1ccccc1)C,tg,125.0444819132487
3083,*S(=O)(=O)c1ccc(cc1)N[Se]Nc1ccc(cc1)*,tg,58.66068776448568
3084,*CNOc1ccc(*)s1,eea,1.244985302289327
3085,*C(=O)NC(=O)NCCCN*,egc,5.625356992085774
3086,*Oc1cc(ccc1)NC(=O)c1ccc(cc1)P(=O)(c1ccc(cc1)C(=O)Nc1cc(ccc1)Oc1ccc(cc1)P(=O)(c1ccc(cc1)*)c1ccccc1)c1ccccc1,tg,240.48890177408853
3087,*Cc1ccc(-c2ccc(C(*)=S)s2)cc1,eea,2.960892995198568
3088,*OC(=O)c1ccc(cc1)c1ccc(cc1)c1ccc(cc1)C(=O)OCC*,tg,103.68122863769531
3089,*CCCCCCCCn1c(=O)c2cc3c(=O)n(*)c(=O)c3c(Br)c2c1=O,egc,3.5506760279337564
3090,*c1cc2c(C(=O)N(C2=O)c2c(cc(cc2C)C(c2cc(c(c(c2)C)N2C(=O)c3c(C2=O)cc(cc3)C(*)(C(F)(F)F)C(F)(F)F)C)c2cc(cc(c2)C(F)(F)F)C(F)(F)F)C)cc1,tg,283.6876627604167
3091,*OC1C(C(C1(C)C)OC(=O)*)(C)C,tg,139.7340087890625
3092,*OC(=O)Nc1ccc(cc1)Cc1ccc(cc1)NC(=O)OCc1cc(ccc1)C*,tg,100.14818318684895
3093,*NC(F)(F)NC(*)(F)F,eps,4.020873387654622
3094,*N(c1ccc(cc1)/C=C/c1ccc(cc1)/C=C(/C(=O)NC1C(CCCC1)NC(=O)/C(=C/c1ccc(cc1)/C=C/c1ccc(cc1)N(Cc1c(cccc1)C*)CC)/C#N)\C#N)CC,tg,185.40309143066406
3095,*Nc1c(cccc1)c1ccc(cc1)NC(=O)c1cc(ccc1)C(=O)*,tg,280.2766825358073
3096,*C1C(=O)OC(=O)C1C(C*)(C)C,tg,126.48645273844402
3097,*CC(=S)OC(*)=S,eps,4.319588820139567
3098,*C(=S)OC(=S)c1ccc(*)s1,ei,6.329198678334554
3099,*N(CC*)C(=O)CCC,tg,45.356152852376304
3100,*NC(=O)C(C(C(=O)NCCCCCCCC*)OC)OC,tg,92.53767903645833
3101,*Cc1ccc(CO*)cc1,eps,3.853509028752645
3102,*C(=O)c1ccc(-c2ccc(-c3ccc(*)cc3)cc2)cc1,eea,2.3538498878479004
3103,*C(=O)c1ccc(C(=O)c2ccc(*)s2)cc1,eea,3.265186150868734
3104,*C(C*)(C(=O)Oc1ccc(cc1)N=Nc1ccc(cc1)OCCCCCCCCCCCOC(=O)c1cc2c(OCCOCCOCCOCCO2)cc1)C,tg,72.88089243570964
3105,*O[Si](O[Si](c1ccc(cc1)[Si](*)(C)C)(C)C)(c1ccccc1)c1ccccc1,tg,-33.53560892740885
3106,*OC(=O)C(C(=O)OCCC[Sn](CCC*)(C)C)CCCCCCCCOc1ccc(cc1)c1ccc(cc1)OCc1ccc(cc1)C#N,tg,36.82849884033203
3107,*CNc1ccc(-c2ccc(*)s2)cc1,eea,1.4707338015238445
3108,*CC(=O)Nc1ccc(Oc2cccc(NC(=O)CN3C(=O)c4ccc(C(=O)c5ccc6c(c5)C(=O)N(*)C6=O)cc4C3=O)c2)cc1,egc,2.4079220294952393
3109,*C1CCC(*)C1,egc,6.16334851582845
3110,*N1C(=O)c2c(C1=O)cc(cc2)Oc1ccc(cc1)Oc1cc2c(C(=O)N(C2=O)c2cc(ccc2)*)cc1,tg,258.0288594563802
3111,*NC(=O)NC(*)=O,eea,2.1211085319519043
3112,*N1C(=O)c2c(C1=O)cc(cc2)Oc1cc2c(cc1Oc1cc3c(C(=O)N(C3=O)c3ccc(cc3)Oc3cc(ccc3)Oc3ccc(cc3)*)cc1)cccc2,tg,209.42071024576822
3113,*CCCCCCN(CC)C(=O)CCCCCCCCCCC(=O)N(*)CC,egc,5.548123359680176
3114,*O[Si](CCCNC(=O)C(=O)NCCC[Si](*)(C)C)(C)C,tg,-25.072606404622395
3115,*c1cc2c(C(=O)N(C2=O)c2cc(ccc2)P(=O)(c2cc(ccc2)N2C(=O)c3c(C2=O)cc(cc3)C(*)(C(F)(F)F)C(F)(F)F)c2cc(cc(c2)C(F)(F)F)C(F)(F)F)cc1,tg,246.63316345214844
3116,*C(C*)c1ccc(cc1)CCl,tg,107.67896016438802
3117,*[Si]1(O[Si](O[Si](O1)(C)C)(C)C)O[Si](CC*)(C)C,tg,-48.5476328531901
3118,*c1nc2c(nc1c1cc3c(cc1)cc(cc3)OC(=O)c1ccc(cc1)C(=O)Oc1cc3c(cc1)cc(cc3)*)cccc2,tg,221.58722941080728
3119,C23C(C(=O)N(C1=CC=CC=C1C(F)(F)F)C2=O)C(C=*)OC3C=*,egc,4.784780502319336
3120,*C(C*)(C(=O)OCCCCCCOc1ccc(cc1)N=Nc1ccc(cc1)OCCCCCCCCCC)C,tg,44.71704355875651
3121,*OCC(C*)(CO)CO,tg,84.0712890625
3122,*Oc1ccc(cc1)C(c1ccc(cc1)OC(=O)*)(C)C,tg,133.44893900553384
3123,*Oc1ccc(Oc2ccc(C(=O)c3ccc(*)cc3)cc2)cc1CC(=O)O,egc,3.843763987223307
3124,*CC(S1)=CC=C1C(=O)C(=S)*,egc,2.721844514211019
3125,*CCNC(=S)*,egc,3.969621181488037
3126,*c1ccc2n(c3c(c2c1)cc(cc3)Nc1ccc(cc1)C(=O)c1ccc(cc1)C(=O)c1ccc(cc1)N*)CC(CCCC)CC,tg,230.1731923421224
3127,*Oc1ccc(cc1)C1(C2C3C(C(C1)C2)C1CCC3C1)c1ccc(cc1)OC(=O)*,tg,232.91143290201822
3128,*c1sc(nn1)c1ccc(cc1)OCCCCCCCCCCCOC(=O)CCCCC(=O)OCCCCCCCCCCCOc1ccc(cc1)*,tg,47.23113505045573
3129,*c1nc2c(c(c1c1ccccc1)c1ccccc1)cc(cc2)c1cc2c(nc(c(c2c2ccccc2)c2ccccc2)c2ccc(cc2)c2ccc(cc2)*)cc1,tg,378.3500671386719
3130,*C(=S)OC(=S)c1ccc(*)cc1,nc,2.148221492767334
3131,*Oc1ccc(cc1)NC(=O)CCCCCC(=O)Nc1ccc(cc1)OCC(COc1ccc(cc1)C(c1ccc(cc1)OCC(C*)O)(C)C)O,tg,111.9316177368164
3132,*c1nc2c(c(c1)c1ccccc1)cc(cc2)Oc1cc2c(nc(cc2c2ccccc2)c2ccc(cc2)OCCN(CCOc2ccc(cc2)*)c2ccc(cc2)C(=C(C#N)C#N)C#N)cc1,tg,186.03074645996094
3133,*NC(=O)CCCCC(=O)NCc1c(cc(c(c1)C)C*)C,tg,117.58463541666667
3134,*N1C(=O)c2c(C1=O)cc(cc2)Oc1cc2c(C(=O)N(C2=O)C2C(CC(CC2)CC2CC(C(CC2)*)C)C)cc1,tg,249.03738403320312
3135,*CCCCCCC(=O)N*,nc,1.667628566424052
3136,*c1ccc2c(nc([nH]2)c2ccc(cc2)c2nc3c([nH]2)ccc(c3)C(=O)Nc2cc(ccc2)NC(=O)c2cc(ccc2)NC(=O)*)c1,tg,346.2762756347656
3137,*C(=O)C(S1)=CC=C1C(=S)O*,egc,2.9893928368886313
3138,*Nc1ccc(cc1)*,tg,178.64966837565103
3139,*OC1C(O)C(*)OC(CO)C1O,egc,5.977867603302002
3140,*C=CC(C)=CC=CC=C(C)C=Cc1nc(-c2csc(*)n2)cs1,egc,2.9928313891092935
3141,*C(C*)c1cc[n+](cc1)CCCCCCCC,tg,56.12927500406901
3142,*C(=O)C(C=C1)=CC=C1C(=O)C(S2)=CC=C2*,egc,3.968799670537313
3143,*N1C(=O)c2c(C1=O)cc(cc2)Oc1cc2c(C(=O)N(C2=O)CCCCCCCC*)cc1,tg,107.7813237508138
3144,*c1oc(nn1)c1ncc(cc1)c1oc(nn1)c1ccc(cc1)[Si](c1ccc(cc1)*)(c1ccccc1)c1ccccc1,tg,245.4158681233724
3145,*CCCCCCCCCC#CC#CCCCCCCCCCOC(=O)C(=O)O*,egc,4.294394175211589
3146,*c1cc2c(C(=O)N(C2=O)c2c(c(cc(c2)C(F)(F)F)N2C(=O)c3c(C2=O)cc(cc3)C(=O)Nc2ccc(cc2)Oc2ccc(cc2)NC(=O)*)Oc2ccc(cc2)C(F)(F)F)cc1,tg,310.3768717447917
3147,*c1c(nccc1)C(=O)OC(COC(=O)*)COc1ccc(cc1)N=Nc1ccc(cc1)C#N,tg,150.7218780517578
3148,*Oc1ccc(cc1)C(c1ccc(cc1)Oc1c(c(c(c(c1F)F)COC(c1cc(ccc1)C(OCc1c(c(c(c(c1F)F)*)F)F)(C(F)(F)F)C(F)(F)F)(C(F)(F)F)C(F)(F)F)F)F)(C)C,tg,105.47128804524739
3149,*N=P(*)(Oc1cc(ccc1)Cl)Oc1cc(ccc1)Cl,tg,-33.303426106770836
3150,*CONO*,nc,1.704431176185608
3151,*c1cc2c(C(=O)N(C2=O)c2ccc(cc2)Sc2ccc(cc2)Sc2ccc(cc2)Sc2ccc(cc2)N2C(=O)c3c(C2=O)cc(cc3)C(*)(C(F)(F)F)C(F)(F)F)cc1,tg,234.4571329752604
3152,*c1ccc(C(F)(F)NC(*)(F)F)cc1,ei,7.0737918217976885
3153,*N1C(=O)c2c(C1=O)cc(cc2)C(=O)Nc1ccc(cc1)Cc1ccc(cc1)NC(=O)C*,tg,208.55660502115884
3154,*Oc1ccc(cc1)NC(=O)CCCCC(=O)Nc1ccc(cc1)*,tg,182.80091857910156
3155,*C(C*)(C(=O)OCCC(C(C(C(F)(F)F)(F)F)(F)F)(F)F)F,tg,44.28663635253906
3156,*C(C*)(C(=O)OCCCC1CCCCC1)C,tg,60.35249582926432
3157,*CC1CCC(CNC(=O)c2cccc(C(=O)N*)c2)CC1,egc,4.646588166554769
3158,*c1cc2c(C(=O)N(C2=O)c2ccc(cc2)C(c2ccc(cc2)C(c2ccc(cc2)N2C(=O)c3c(C2=O)cc(cc3)C(=O)*)(C)C)(C)C)cc1,tg,296.84730021158856
3159,*C(C*)c1cc(c(cc1)OC(=O)C)OC,tg,83.90380350748698
3160,*c1cc2c(C(=O)N(C2=O)c2cc(ccc2)P(=O)(c2cc(ccc2)N2C(=O)c3c(C2=O)cc(cc3)C(=O)Nc2ccc(cc2)S(=O)(=O)c2ccc(cc2)NC(=O)*)c2ccccc2)cc1,tg,231.3787841796875
3161,*OC(=O)CCCCCCCCCCCCCCCCC(=O)OCCCCCCCCCC*,tg,-36.5264892578125
3162,*C=C(*)CNS(=O)(=O)Cc1ccccc1,egc,2.667748133341471
3163,*Oc1ccc(cc1)S(=O)(=O)c1ccc(cc1)Oc1ccc(cc1)C=Nc1ccc(cc1)Oc1ccc(cc1)c1ccc(cc1)Oc1ccc(cc1)N=Cc1ccc(cc1)*,tg,178.23385111490884
3164,*NC(S1)=CC=C1OC(=S)*,egc,3.4135449727376304
3165,*Oc1ccc(cc1)C(=O)c1ccc(cc1)OCCCCCCOC(=O)OCCCCCCCCCOC(=O)OCCCCCC*,tg,-4.45013427734375
3166,*Oc1ccc(cc1)C(c1ccc(cc1)OCC(CN(CC(C*)O)CCO)O)(C)C,tg,40.00316365559896
3167,*CC(*)(F)C(=O)OCC(F)(F)C(F)F,egc,6.50284465154012
3168,*CCCCCCCCCCOC(=O)NCc1ccc(CNC(=O)O*)cc1,egc,5.382686138153076
3169,*Nc1ccc(C(C)(C)c2ccc(NC(=O)c3cc(C(*)=O)cc(S(=O)(=O)c4ccccc4)c3)cc2)cc1,egc,3.5310888290405273
3170,*c1[nH]c(nc1c1ccc(cc1)OC(=O)Nc1cc(c(cc1)c1c(cc(cc1)NC(=O)Oc1ccc(cc1)*)OC)OC)c1ccc(cc1)[N+](=O)[O-],tg,251.00811258951822
3171,*OCC(=S)c1ccc(C(=S)Cc2ccc(-c3ccc(*)cc3)cc2)s1,eea,2.748120148976644
3172,*c1[nH]c(nc1c1ccc(cc1)Oc1ccc(cc1)C(=O)c1ccc(cc1)Cc1ccc(cc1)C(=O)c1ccc(cc1)Oc1ccc(cc1)*)c1ccccc1,tg,217.44667053222656
3173,*N1C(=O)c2c(C1=O)c(c(c(c2c1ccccc1)c1ccccc1)c1ccc(cc1)Oc1ccc(cc1)Oc1ccc(cc1)c1c(c2c(C(=O)N(C2=O)c2cc(ccc2)Oc2cc(ccc2)Oc2cc(ccc2)*)c(c1c1ccccc1)c1ccccc1)c1ccccc1)c1ccccc1,tg,236.67228190104166
3174,*C(C*)(C(=O)OCCCCCCOc1ccc(cc1)C(=O)Oc1c2c(c(cc1)N=Nc1ccc(cc1)Br)cccc2)C,tg,59.747395833333336
3175,*OC(=O)CCCCCCCC(=O)OCCOCC*,tg,-61.42400105794271
3176,*C(=O)C(C=C1)=CC=C1C(=O)C(C=C2)=CC=C2*,egc,4.1113966306050616
3177,*Nc1ccc(C#Cc2ccc(NC(=O)c3ccc(C(*)=O)cc3)cc2)cc1,egc,3.182429790496826
3178,*Oc1cc(c(cc1)S(=O)(=O)c1c(cc(cc1)Oc1c(cc(cc1C)C(c1cc(c(c(c1)C)*)C)(C(F)(F)F)C(F)(F)F)C)[Si](C)(C)C)[Si](C)(C)C,tg,180.8168741861979
3179,*O[Si](C)(C)O[Si](C)(C)OC(C)CCCCC(*)C,egc,6.289219379425049
3180,*c1cc2c(nc(c(n2)c2ccccc2)c2ccc(cc2)c2c(nc3c(n2)cc(cc3)C(=O)*)c2ccccc2)cc1,tg,321.2014465332031
3181,*Oc1ccc(cc1)P(=O)(c1ccc(cc1)Oc1ccc(cc1)P(=O)(c1ccc(cc1)*)c1ccccc1)C,tg,231.31008911132812
3182,*c1cc2c(C(=O)N(C2=O)c2c3c(ccc2)c(ccc3)Oc2ccc(cc2)N2C(=O)c3c(C2=O)cc(cc3)C(=O)Nc2ccc(cc2)NC(=O)*)cc1,tg,300.1769714355469
3183,*Nc1ccc(C(=O)C(*)=S)s1,ei,6.038808504740397
3184,*C(=C(*)C)[Si](CCCCCC)(C)C,tg,182.2167714436849
3185,*C1OCOC(C(*)(F)F)C1(F)F,egc,7.200576623280843
3186,*c1ccc(cc1)C(C(*)Cl)(Cl)Cl,tg,169.8157501220703
3187,*c1nc2c(nc1c1ccccc1)cc(cc2)Oc1ccc(cc1)Oc1ccc(cc1)P(=O)(c1ccc(cc1)Oc1ccc(cc1)Oc1cc2c(nc(c(n2)c2ccccc2)c2ccc(cc2)*)cc1)c1ccccc1,tg,268.63927205403644
3188,*O[Si](O[Si](O[Si](O[Si](OC1=C(c2c3c(ccc2)cccc13)*)(C)C)(C)C)(C)C)(C)C,tg,-69.13608805338542
3189,*N1C(=O)c2c(C1=O)cc(cc2)C(=O)c1cc2c(C(=O)N(C2=O)C(=S)Nc2ccc(cc2)Oc2ccc(cc2)NC(=S)*)cc1,tg,249.81564331054688
3190,*c1nc(Cl)nc(N(*)c2ccccc2)n1,egc,4.1612617174784345
3191,*c1nc2c(nc1)cc(cc2)c1cc2c(nc(cn2)c2ccc(cc2)Oc2ccc(cc2)Oc2ccc(cc2)Oc2ccc(cc2)*)cc1,tg,248.11882527669272
3192,*c1sc(nn1)c1ccc(cc1)C(=O)OCCCCCCCCCCCCOC(=O)c1ccc(cc1)*,tg,61.022613525390625
3193,*CC(*)(Cl)C(=O)OC,egc,6.446497281392415
3194,*CCc1ccc(*)c(Br)c1,egc,4.331826686859131
3195,*Cc1ccc(Cc2ccc(*)s2)cc1,ei,6.022296746571858
3196,*c1ccc2N(c3c(Sc2c1)cc(cc3)c1sc2c(c1CCCCC)sc(c2)*)CCCCCC,tg,155.17176818847656
3197,*CCCCCc1nnc(*)n1N,egc,5.560960610707601
3198,*c1ccc(cc1)C(=C*)c1ccc(cc1)C(F)(F)F,tg,200.62672424316406
3199,*c1cc2c(C(=O)N(C2=O)c2c(cc(cc2C)Cc2cc(c(c(c2)C)N2C(=O)c3c(C2=O)cc(cc3)C(=O)OCCN(CCOC(=O)*)c2ccc(cc2)C(=C(C#N)C#N)C#N)C)C)cc1,tg,187.09784444173178
3200,*Cc1ccc(C(=O)c2ccc(*)cc2)cc1,eea,1.909733772277832
3201,*C1(c2ccccc2c2ccccc12)c1ccc(cc1)c1ccc(cc1)*,tg,338.03199259440106
3202,*CC(F)(F)C(F)(F)C(F)(F)COC(=O)c1cccc(-c2cccc(C(=O)O*)c2)c1,egc,4.3873036702473955
3203,*Oc1c(Cl)cc(NC(=O)NCCCCCCNC(*)=O)cc1Cl,egc,4.8475087483723955
3204,*[Si](CCC*)(c1cc(ccc1)C)C,tg,6.223236083984375
3205,*CCCCCCCCCCCCCCCCCCCCOC(=O)C1CCC(C(=O)O*)CC1,egc,6.510022163391113
3206,*c1cc2c(C(=O)N(C2=O)c2c(ccc(c2)N2C(=O)c3c(C2=O)cc(cc3)C(=O)Nc2c(cc(cc2)Cc2cc(c(cc2)NC(=O)*)C)C)N=Nc2ccc(cc2)C)cc1,tg,277.9444580078125
3207,*CCCCCCCCCCNC(=O)CCCCCCC(=O)N*,egc,5.935914357503255
3208,*Nc1ccc(cc1)C(c1cc(ccc1)C(c1ccc(cc1)Nc1ccc(cc1)C(=O)c1ccc(cc1)C(=O)c1ccc(cc1)*)(C)C)(C)C,tg,180.51207478841147
3209,*C(C*)C(=O)OCCSCC#N,tg,-32.967193603515625
3210,*OC(F)(F)c1ccc(C(*)(F)F)cc1,ei,7.239486217498779
3211,*Oc1ccc(cc1)P(=O)(c1ccc(cc1)*)c1ccccc1,tg,228.80061848958334
3212,*N(c1ccc(cc1)c1ccc(cc1)*)c1ccc(cc1)C,tg,198.4737752278646
3213,*C(=O)Oc1ccc(OC(=O)c2ccc3c(c2)C(=O)N(c2ccc(Oc4ccc(Oc5ccc(N6C(=O)c7ccc(*)cc7C6=O)cc5)cc4)cc2)C3=O)cc1,egc,2.1950559616088867
3214,*c1cc2c(C(=O)N(C2=O)c2cc(c(cc2)Oc2ccc(cc2)Oc2ccc(cc2)N2C(=O)c3c(C2=O)cc(cc3)C(=O)*)C(F)(F)F)cc1,tg,218.3384755452474
3215,*CNc1ccc(C(*)=O)cc1,egb,3.20610245068868
3216,*CCCCCCCCCCOCCCCCCOCCCCCCO*,egc,6.073703606923421
3217,*S(=O)(=O)c1cc(ccc1)NC(=O)CCCCCCC(=O)Nc1cc(ccc1)*,tg,120.96481068929036
3218,*Nc1c(cc(cc1)c1cc(c(cc1)NC(=O)c1cc(ccc1)C(=O)*)S)S,tg,202.09886169433594
3219,*OP(=O)(Oc1ccc(cc1)C(c1ccc(cc1)*)(C)C)Oc1ccc(cc1)Cl,tg,81.77401479085286
3220,*C(C*)C(=O)c1ccc(cc1)OC,tg,66.78133646647136
3221,*C(C*)C(=O)N1CCOCC1,tg,86.308837890625
3222,*N1C(=O)c2c(C1=O)cc(cc2)Oc1cc2c(C(=O)N(C2=O)c2cc(ccc2)S(=O)(=O)c2cc(ccc2)*)cc1,tg,211.59540812174478
3223,*N1C(=O)c2c(C1=O)cc(cc2)S(=O)(=O)c1cc2c(C(=O)N(C2=O)c2cc(c(cc2)Oc2c(cc(cc2C(C)(C)C)c2ccc(cc2)*)C(C)(C)C)C(F)(F)F)cc1,tg,366.21697998046875
3224,*OCOCCCCC*,tg,-45.72748819986979
3225,*Oc1ccc(cc1)C(c1ccc(cc1)OC(=O)OC1C(C(C1(C)C)OC(=O)*)(C)C)(C(F)(F)F)C(F)(F)F,tg,127.13472747802734
3226,*CNC(=O)CCCCCCCCCCC(=O)N*,egc,6.031008084615071
3227,*CCCCCCCNC(=O)C(CCCCCCCCCCCC)C(=O)N*,egc,5.936277866363525
3228,*OC(=O)c1ccc(cc1)C(=O)OCCOCC*,tg,14.806551615397135
3229,*c1cc2c(C(=O)N(C2=O)c2ccc(cc2)Oc2ccc(cc2)C2(c3c(C(=O)N2)cccc3)c2ccc(cc2)Oc2ccc(cc2)N2C(=O)c3c(C2=O)cc(cc3)C(=O)Nc2ccc(cc2)Oc2ccc(cc2)C2(c3c(C(=O)N2)cccc3)c2ccc(cc2)Oc2ccc(cc2)NC(=O)*)cc1,tg,291.41884358723956
3230,*Oc1ccc(cc1)S(=O)(=O)c1ccc(cc1)Oc1ccc(cc1)C1(CCCC1)c1ccc(cc1)*,tg,228.79415893554688
3231,*OC(=O)OC1COC2C(*)COC12,egb,6.738750298817952
3232,*Oc1ccc(-c2ccc(C(*)=O)s2)cc1,eps,4.923186779022217
3233,*NC(C)C(C)(C)C(*)=O,egc,5.746229648590088
3234,*Oc1ccc(Oc2ccc(P(C)(=O)c3ccc(*)cc3)cc2)cc1,egc,4.525569756825765
3235,*C1(C(=O)OC(=O)C1(C(C*)OCCCC)C)C,tg,126.38659159342448
3236,*Oc1ccc(cc1)C(=O)c1ccc(cc1)OC(=O)OC1C(C(C1(C)C)OC(=O)*)(C)C,tg,135.9283905029297
3237,*c1sc(cc1)c1sc(c(c1)CCCCCCCC)c1sc(cc1)c1sc(cc1)c1sc(cc1CCCCCCCC)c1sc(cc1)[Si]([Si](*)(C)C)(C)C,tg,13.789624532063803
3238,*N1C(=O)c2c(C1=O)cc(cc2)c1cc2c(C(=O)N(C2=O)c2cc(ccc2)N2C(=O)c3c(C2=O)cc(cc3)C(c2cc3c(C(=O)N(C3=O)c3cc(ccc3)*)cc2)(C(F)(F)F)C(F)(F)F)cc1,tg,301.99326578776044
3239,*OC1CCC(OC(=O)CCCCCCCCC(*)=O)CC1,egc,6.655701319376628
3240,*C(C*)c1c(c(c(c(c1F)F)OCC(C(F)(F)F)(F)F)F)F,tg,20.64477284749349
3241,*C(C*)C(=O)OC(CC)C,tg,4.303944905598958
3242,*NC(=O)c1ccc(O*)s1,eea,2.785841464996338
3243,*c1sc(cc1CCCCCCCCCCCC)c1sc(c(c1)CCCCCCCCCCCC)c1ccc(cc1)*,tg,53.637369791666664
3244,*C1C(=O)N(C(=O)C1*)c1ccc(cc1)O[Si](C(C)(C)C)(C)C,tg,198.68832397460938
3245,*Cc1c(C)c(C)c(CNC(=O)CCCCCC(C)CC(=O)N*)c(C)c1C,egc,5.463478088378906
3246,*c1cc2c(C(=O)N(C2=O)c2ccc(cc2)Oc2cc(ccc2)Oc2ccc(cc2)N2C(=O)c3c(C2=O)cc(cc3)C(*)(C(F)(F)F)C(F)(F)F)cc1,tg,254.35684204101562
3247,*CCCCNC(=O)O*,egc,6.221258640289307
3248,*C(C*)(C(=O)OC(OCC)C(F)(F)F)C,tg,53.34830983479818
3249,*C(C*)SCC,tg,-7.589029947916667
3250,*N1C(=O)c2c(C1=O)cc(cc2)Oc1ccc(cc1)C(c1ccc(cc1)Oc1cc2c(C(=O)N(C2=O)c2ccc(cc2)Cc2ccc(cc2)*)cc1)(C)C,tg,229.57007344563803
3251,*C1C2C(C(=O)N(C2=O)c2c(cccc2)Br)C(C1)C=C*,tg,237.81901041666666
3252,*C1C(CC(C1)C=C*)(CC)C#N,tg,119.96896362304688
3253,*C(C*)OC(=O)C1CCCCC1,tg,82.67921193440755
3254,*NC(=O)c1ccc(cc1)C(=O)NCC(CCC*)C,tg,157.15343221028647
3255,*OC(CC)CC(*)=O,egc,6.567691326141357
3256,*CCOC(=O)NCCCC(CCNC(=O)O*)OC,egc,6.22149674097697
3257,*C(C(*)(F)F)(OC(F)(F)F)OC(F)(F)F,tg,31.131675720214844
3258,*c1cc(OCCCCCCC)c(*)s1,egc,3.0205458799997964
3259,*OP(=O)(N=Nc1ccc(cc1)c1ccc(cc1)N=NP(=O)(OCC*)OCC)OCC,tg,11.234120686848959
3260,*CCCCC(=O)NCCCCCOCCCCCNC(=O)CCCCO*,egc,5.81448491414388
3261,*C1C(=O)N(C(=O)C1CC*)CCC,tg,122.2490743001302
3262,*c1cc2c(C(=O)N(C2=O)c2cc(c(cc2)Oc2c(cc(cc2)N2C(=O)c3c(C2=O)cc(cc3)C(=O)Nc2ccc(cc2)c2ccc(cc2)NC(=O)*)c2ccccc2)c2ccccc2)cc1,tg,310.7519022623698
3263,*N=CC(C)=CC=CC=C(C)C=Nc1nc(-c2csc(*)n2)cs1,egc,2.5423057079315186
3264,*C(=S)C(F)(F)NC(*)(F)F,eea,3.6737613677978516
3265,*Oc1c(cc(cc1)C(=O)c1cc(ccc1)C(=O)c1cc(c(cc1)*)CC)CC,tg,149.00767517089844
3266,*OCCC(=O)CC(=O)Oc1ccc(*)cc1,eps,3.6591402689615884
3267,*OC(=O)OCCCCOC(=O)OC1COC2C(*)COC12,egc,6.79713757832845
3268,*NC(=O)C(=S)O*,egc,2.8726679484049478
3269,*CC(*)(C)C(=O)OCCOC(=O)CCn1ccnc1,egc,4.9578860600789385
3270,*OC(=O)c1cc(ccc1)C(=O)OCCN(CC*)c1ccccc1,tg,53.55161794026693
3271,*Nc1cc(cc(c1)C(=O)Oc1c2c(ccc1)cccc2)NC(=O)c1ccc(cc1)C(=O)*,tg,214.4632110595703
3272,*C(=O)c1ccc(C(=O)c2ccc(*)s2)cc1,egb,2.6705156167348227
3273,*Oc1ccc(cc1)C1(CCC(CC1)C(C)(C)C)c1ccc(cc1)OC(=O)c1ccc(cc1)C(=O)*,tg,250.70482381184897
3274,*Nc1ccc(cc1)NC(=O)c1c(cc(c(c1)C(=O)*)C(=O)OCC)C(=O)OCC,tg,232.58781941731772
3275,*Oc1ccc(cc1)C(c1ccc(cc1)OC(=O)OC1C(C(C1(C)C)OC(=O)*)(C)C)(CC)C,tg,146.63148498535156
3276,*C(C*)c1c(cccc1)C(F)(F)F,tg,123.64308675130208
3277,*CC(C)(CC)C(=O)O*,egc,6.410273710886638
3278,*CC(*)(Cl)C(=O)OCC,egc,6.42069133122762
3279,*C(=O)C(C=C1)=CC=C1OC(=S)*,egc,3.5812082290649414
3280,*C1C(=O)OC(=O)C1C(C*)OC,tg,174.94884236653647
3281,*c1cc2c(C(=O)N(C2=O)c2ccc(cc2)C(=O)c2ccc(cc2)Cc2ccc(cc2)N2C(=O)c3c(C2=O)cc(cc3)C(=O)*)cc1,tg,299.84584554036456
3282,*C(=O)C(C=C1)=CC=C1C(C=C2)=CC=C2C(=S)*,egc,2.999861160914103
3283,*c1ccc2c3n(c4ccc(cc4n3)Oc3cc4n5c(nc4cc3)c3cccc4c(ccc(c5=O)c34)Oc3ccc(cc3)C3(c4ccccc4c4ccccc34)c3ccc(cc3)O*)c(=O)c3cccc1c23,tg,376.08472696940106
3284,*N1C(=O)c2c(C1=O)cc(cc2)S(=O)(=O)c1cc2c(C(=O)N(C2=O)c2c(cc(cc2C)c2cc(c(c(c2)C)*)C)C)cc1,tg,391.821044921875
3285,*C(C*)c1ccc(cc1)C(=O)CC,tg,68.5033187866211
3286,*c1ccc(N2C(=O)c3ccc(P(=O)(c4ccccc4)c4ccc5c(c4)C(=O)N(*)C5=O)cc3C2=O)cc1,egc,3.2514161268870034
3287,*C(*)F,tg,-40.822977701822914
3288,*C(C*)C[Si](C)(C)C,tg,151.7567392985026
3289,*CCC(=O)OC(=O)Cc1ccc(-c2ccc(*)cc2)cc1,nc,1.811335841814677
3290,*O[Si](CC[Si](Oc1c(cc(cc1C)c1cc(c(c(c1)C)*)C)C)(C)C)(C)C,tg,57.55746205647787
3291,*Oc1ccc(cc1)C1(c2ccccc2c2ccccc12)c1ccc(cc1)Oc1ccc(cc1)C=CC(=O)c1ccc(cc1)*,tg,224.85948181152344
3292,*Oc1ccc(C(=S)c2ccc(*)cc2)s1,eea,3.0019985834757485
3293,*C(C*)(C(=O)OCCC1CC[N+](CC1)(CCCCCCOc1ccc(cc1)N=Nc1ccc(cc1)[N+](=O)[O-])C)C,tg,76.18037923177083
3294,*N1C(=O)c2c(C1=O)cc(cc2)Oc1ccc(cc1)Oc1cc2c(C(=O)N(C2=O)c2ccc(cc2)Oc2cc(ccc2)Oc2ccc(cc2)*)cc1,tg,202.25726826985678
3295,*OC(=O)Nc1c(ccc(c1)NC(=O)OCCN(CC*)c1ccc(cc1)N=Nc1cc(c(cc1)N=Nc1c(cc(c(c1)OC)N=Nc1ccc(cc1)[N+](=O)[O-])OC)C)C,tg,168.11305236816406
3296,*C(C*)(C(=O)OCc1ccc2n(c3c(c2c1)cccc3)CCCCCCCCCCCCCCCC)C,tg,28.650652567545574
3297,*N1C(=O)c2c(C1=O)cc(cc2)Oc1cc2c(C(=O)N(C2=O)c2cc(ccc2)Oc2c(c(ccc2)Oc2cc(ccc2)Oc2c(c(ccc2)Oc2cc(ccc2)*)C#N)C#N)cc1,tg,187.7017618815104
3298,*Cc1ccc(-c2ccc(C(*)=S)cc2)s1,egb,2.1821847756703696
3299,*N1C(=O)c2c(C1=O)cc(cc2)Oc1cc2c(cc1)cc(cc2)Oc1cc2c(C(=O)N(C2=O)c2ccc(cc2)C(c2ccc(cc2)*)(C)C)cc1,tg,243.2673136393229
3300,*C=C(*)F,egb,3.2889238198598227
3301,*N1C(=O)C(CC1=O)Nc1cc(ccc1)NC1C(=O)N(C(=O)C1)c1ccc(cc1)C(=O)Oc1c(cc(cc1C)C(c1cc(c(c(c1)C)OC(=O)c1ccc(cc1)*)C)c1cnccc1)C,tg,189.50869750976562
3302,*C1C2C(C(=O)N(C2=O)c2cc(cc(c2)C(F)(F)F)C(F)(F)F)C(C1)C=C*,tg,208.16481018066406
3303,*N=P(*)(OCc1ccccc1)OCc1ccccc1,tg,-14.324940999348959
3304,*N1C(=O)c2c(C1=O)cc(cc2)Oc1cc2c(C(=O)N(C2=O)C2CCC(CC2)CC2CCC(CC2)*)cc1,tg,255.16653951009116
3305,*NC(=O)OC(*)=O,egb,5.2168881098429365
3306,*CC(=S)CC(*)=S,eps,4.326786200205485
3307,*Oc1ccc(cc1)Oc1ccc(cc1)OC(=O)NC(=O)c1cc(cc(c1)C(C)(C)C)C(=O)NC(=O)*,tg,153.63183085123697
3308,*Nc1ccc(C(=S)c2ccc(*)s2)s1,eea,2.9238776365915933
3309,*CC(*)(C)C(=O)OCCC#N,egc,6.72345765431722
3310,*OC(=O)CCCCCCCCCCCCCCCCC(=O)OCCOCC*,tg,-51.1509043375651
3311,*NC(=S)C(=C1)SC(=C1)C(=S)*,egc,2.5730531215667725
3312,*CC(c1ccccc1)C1C(=O)N(c2ccc(C(=O)Oc3ccc(C=O)cc3)cc2)C(=O)C1*,egc,4.212547302246094
3313,*Cc1ccc(-c2ccc(-c3ccc(*)s3)s2)cc1,egb,2.821446498235067
3314,*C(=O)c1ccc(Oc2ccc(*)s2)s1,ei,5.874796708424886
3315,*C(F)(F)C(F)(F)NC(S1)=CC=C1*,egc,3.811291058858236
3316,*c1cc2c(C(=O)N(C2=O)c2c(cc(cc2)C2(c3ccccc3c3ccccc23)c2cc(c(cc2)N2C(=O)c3c(C2=O)cc(cc3)C(*)(C(F)(F)F)C(F)(F)F)C(C)C)C(C)C)cc1,tg,326.91318766276044
3317,*c1cc2c(C(=O)N(C2=O)c2ccc(cc2)Oc2c3c(ccc2)c(ccc3)Oc2ccc(cc2)N2C(=O)c3c(C2=O)cc(cc3)C(=O)Nc2ccc(cc2)c2sc(c(c2c2ccccc2)c2ccccc2)c2ccc(cc2)NC(=O)*)cc1,tg,292.7988789876302
3318,*OC(=O)c1ccc(cc1)c1ccc(cc1)c1ccc(cc1)C(=O)OCCOCCOCC*,tg,18.48803965250651
3319,*CNC(=O)c1ccc(*)s1,nc,1.869748870531718
3320,*c1cc2c(s1)-c1sc(*)cc1C2=O,egc,1.989084800084432
3321,*OC(=O)C(Cc1ccccc1)NC(=O)CCCCCCCCCCC(=O)NC(Cc1ccccc1)C(=O)OC1COC2C(*)COC12,egc,5.36994743347168
3322,*Oc1c(cc(cc1)c1ccc(cc1)C(c1ccc(cc1)c1cc(c(cc1)OC(=O)*)F)(C)C)F,tg,120.32535044352214
3323,*CC1CCC(CNC(=O)c2cc(C(=O)N*)cc(C(C)(C)C)c2)CC1,egb,4.430014133453369
3324,*Oc1ccc(Oc2ccc(C=NCCN=Cc3ccc(*)cc3)cc2)cc1,egc,3.9486151536305747
3325,*c1c2c(c(=O)n(n1)c1ccc(cc1)S(=O)(=O)c1ccc(cc1)n1nc(c3c(c1=O)cccc3)c1ccc(cc1)Sc1ccc(cc1)*)cccc2,tg,339.88279215494794
3326,*OC(=O)c1ccc(cc1)C(=O)OCC#CC#CC*,tg,79.71249643961589
3327,*OCOCC*,tg,-19.528427124023438
3328,*OC(=O)OCCOCCOCCOCCOC(=O)OC1COC2C(*)COC12,egc,6.45315949122111
3329,*CC(=O)c1ccc(C(*)=O)cc1,nc,1.9089913765589397
3330,*Oc1ccc(cc1)C(c1ccc(cc1)C(c1ccc(cc1)Oc1ccc(cc1)C(=O)Nc1cc(ccc1)NC(=O)c1ccc(cc1)*)(C)C)(C)C,tg,168.15575154622397
3331,*C(C*)(C(=O)OCCOc1ccc(cc1)N=Nc1ccc(cc1)C#N)C,tg,114.48628743489583
3332,*CC(*)(C)C(=O)OCCCCCn1c2ccccc2c2ccccc21,egc,3.593280076980591
3333,*c1c(nnc(n1)c1nc(ccc1)c1nc(c(nn1)c1ccccc1)c1ccc(cc1)Cc1ccc(cc1)*)c1ccccc1,tg,256.24744669596356
3334,*Oc1ccc(cc1)NC(=O)c1cc(ccc1)C(=O)Nc1ccc(cc1)OCCOCCOCC*,tg,84.80234781901042
3335,*C(=O)C(C=C1)=CC=C1C(S2)=CC=C2O*,egc,3.515998045603434
3336,*OC(=S)OC(*)=O,eps,4.183572769165039
3337,*c1cc(COCCCCCCCCOc2ccc(-c3ccc(OC)cc3)cc2)c(*)s1,egc,2.6689403851826987
3338,*OC(F)(F)c1ccc(C(*)(F)F)s1,nc,1.776354471842448
3339,*C(C*)C(F)(F)F,tg,3.584075927734375
3340,*C(C*)(C(=O)OCCCCOc1ccc(cc1)OC(=O)c1ccc(cc1)OCCCCCCCC)C,tg,21.402918497721355
3341,*Oc1ccc(cc1)CC(NC(=O)Cc1ccc(cc1)OC(=O)CCCC(=O)*)C(=O)OCC,tg,72.75453440348308
3342,*N1C(=O)c2c(C1=O)cc(cc2)c1cc2c(C(=O)N(C2=O)c2ccc(cc2)OCC2CCC(CC2)COc2ccc(cc2)*)cc1,tg,224.4275868733724
3343,*C(C*)(C(=O)OCCS(=O)(=O)c1ccc(cc1)N=Nc1ccc(cc1)N(CC)CC)C,tg,153.66943868001303
3344,*CNC(=S)C(*)=O,eea,3.3078529834747314
3345,*N1C(=O)c2c(C1=O)cc(cc2)[Si](c1cc2c(C(=O)N(C2=O)c2cc(ccc2)Cc2cc(ccc2)*)cc1)(C)C,tg,253.65405782063803
3346,*Nc1ccc(cc1)NC(=O)c1cc(cc(c1)S(=O)(=O)c1ccccc1)C(=O)*,tg,312.3793640136719
3347,*Oc1ccc(cc1)C(=O)Nc1cc(cc(c1)c1nc2c([nH]1)cccc2)NC(=O)c1ccc(cc1)OCCOCC*,tg,192.23755900065103
3348,*C1COC2C1OCC2OC(=O)OCC(C(COC(=O)O*)OC)OC,tg,95.74010213216145
3349,*CCCCOC(=O)C(=O)O*,egc,5.550296465555827
3350,*NNC(=O)c1ccc(NC(=O)c2ccc(C(*)=O)cc2)c(O)c1,egc,3.932927370071411
3351,*c1ccc(Oc2ccc(S(=O)(=O)c3ccc(Oc4ccc(-c5c6c(c(*)c7ccccc57)C(=O)N(C)C6=O)cc4)cc3)cc2)cc1,egc,3.4791547457377114
3352,*COc1ccc(O*)s1,nc,1.841197411219279
3353,*C1COC2C1OCC2OC(=O)C1CCC(CC1)C(=O)O*,tg,147.36543782552084
3354,*C(C*)c1ccc(cc1)[Si](O[Si](C)(C)C)(O[Si](C)(C)C)C,tg,75.17945353190105
3355,*c1ccc(-c2ccc(-c3ccc(-c4cc(-c5ccccc5)c5cc(-c6ccc7nc(*)cc(-c8ccccc8)c7c6)ccc5n4)cc3)cc2)cc1,egc,3.0941267808278403
3356,*c1cc2c(C(=O)N(C2=O)c2ccc(cc2)N2C(=O)c3c(C2=O)cc(cc3)C(=O)Nc2ccc(cc2)Oc2ccc(cc2)C2(c3c(C(=O)N2)cccc3)c2ccc(cc2)Oc2ccc(cc2)NC(=O)*)cc1,tg,319.0488688151042
3357,*c1ccc(C(=S)c2ccc(C(=S)C(=O)Nc3ccc(-c4ccc(*)s4)cc3)s2)s1,eea,3.3492371241251626
3358,*Oc1ccc(cc1)C1(c2ccccc2c2ccccc12)c1ccc(cc1)Oc1c(c(c(c(c1F)F)C(=O)c1c(c(c(c(c1F)F)*)F)F)F)F,tg,242.45344034830728
3359,*c1cc2C(c3c(c2cc1)ccc(c3)c1ccc(cc1)c1c(c(cc(c1)c1ccc(cc1)OCCCCCCCCCCCC)c1ccc(cc1)*)c1ccc(cc1)OCCCCCCCCCCCC)(CCCCCC)CCCCCC,tg,98.39724731445312
3360,*C1OC(C(C(C1OC(=O)C)OC(=O)C)O*)COC(=O)C,tg,176.6008097330729
3361,*Nc1ccc(C(C)(C)c2ccc(NC(=O)c3cc(C(*)=O)cc(N4C(=O)C5CC=CCC5C4=O)c3)cc2)cc1,egc,3.6857611338297525
3362,*Nc1ccc(NC(=O)c2cc(SCCCCCCCC)c(C(*)=O)cc2SCCCCCCCC)cc1,egc,2.5268613497416177
3363,*NNC(=O)c1cccc(C(=O)NNC(=S)c2cccc(C(*)=S)c2)c1,egc,3.403688828150431
3364,*NC(C(=O)*)CCC(=O)OC,tg,35.25580596923828
3365,*Oc1ccc(cc1)C(c1ccc(cc1)OC(=O)Nc1cc(ccc1)P(=O)(c1cc(ccc1)NC(=O)*)c1ccccc1)(C)C,tg,68.31799825032552
3366,*O[Si](O[Si](O[Si](C#Cc1ccc(cc1)C#C[Si](*)(C)C)(C)C)(C)C)(C)C,tg,105.08969116210938
3367,*CC(CC(CC(CC(*)c1ccccc1)c1ccccc1)c1ccccc1)c1ccccc1,eps,3.300626595815023
3368,*C=CC(*)(c1ccccc1)C,tg,96.43470001220703
3369,*OC(F)(F)c1ccc(C(*)(F)F)s1,egb,4.47840150197347
3370,*c1sc(nn1)c1ccc(cc1)C(=O)OCCCCCCCCCCOC(=O)c1ccc(cc1)*,tg,70.73607381184895
3371,*OC(=O)NCCCCCCNC(=O)OCCOCCOCCOCCOCCOCC*,tg,4.5081736246744795
3372,*Nc1ccc(cc1)NC(=O)Cc1c(cc(c(c1)C)CC(=O)*)C,tg,212.45976765950522
3373,*OP(=O)(N=Nc1ccc(cc1)COC(=O)c1cc(cc(c1)C(C)(C)C)C(=O)OCc1ccc(cc1)N=NP(=O)(OCCCCCC*)OC)OC,tg,68.94967905680339
3374,*c1c2C(=O)N(C(=O)c2c(c2ccccc12)c1ccc(cc1)Oc1c(cc(cc1)c1c2ccccc2c(c2ccccc12)c1cc(c(cc1)Oc1ccc(cc1)*)C(F)(F)F)C(F)(F)F)c1ccccc1,tg,326.1013488769531
3375,*OC(F)(F)c1ccc(C(*)(F)F)s1,eea,2.3609755833943686
3376,*CC(*)n1c2ccccc2c2ccccc21,egc,2.850606918334961
3377,*c1c2c(nsn2)c(cc1)c1cc2C(c3c(c2cc1)ccc(c3)*)(CCCCCCCC)CCCCCCCC,tg,111.21375528971355
3378,*CS*,egb,5.445863723754883
3379,*C(C*)(C(=O)OCc1cscc1)C,tg,77.38940684000652
3380,*c1ccc2c(oc(n2)c2cc3c(C(=O)N(C3=O)c3c(ccc(c3)C(*)(C(F)(F)F)C(F)(F)F)O)cc2)c1,tg,363.36534627278644
3381,*CCCCCCCCCCCCCCCCOC(=O)CCCCCCCCC(=O)O*,egc,6.718833287556966
3382,*N1C(=O)c2c(C1=O)cc(cc2)C(=O)Oc1ccc(cc1)C(c1ccc(cc1)OC(=O)c1cc2c(C(=O)N(C2=O)CCOCCOCC*)cc1)(C)C,tg,109.72940826416016
3383,*CC(C)(CO*)COCC(F)(F)C(F)(F)C(F)(F)C(F)(F)C(F)(F)C(F)(F)C(F)(F)F,egc,5.95325501759847
3384,*C(C*)(C(=O)OCc1cc2c(OCCOCCOCCOCCO2)cc1)C,tg,30.952433268229168
3385,*CC(*)C(=O)c1ccc(CC)cc1,egb,3.738359212875366
3386,*C(C*)(C(=O)OCC(C(C(C(F)(F)F)(F)F)(F)F)(F)F)F,tg,55.41158548990885
3387,*C(=O)Oc1ccc(C(*)=S)s1,nc,2.1001199881235757
3388,*Oc1cc(c(cc1)C(=O)c1ccccc1)c1c(ccc(c1)Oc1ccc(cc1)C(c1ccc(cc1)*)(C(F)(F)F)C(F)(F)F)C(=O)c1ccccc1,tg,163.41180419921875
3389,*N1C(=O)c2c(C1=O)cc(cc2)Oc1cc2c(C(=O)N(C2=O)c2cc(ccc2)Oc2c(ccc(c2)Oc2cc(ccc2)*)C#N)cc1,tg,206.8131103515625
3390,*OC(=O)OC(*)=O,eea,1.8716284434000652
3391,*Cc1ccc(Cc2ccc(*)s2)s1,ei,5.916027545928955
3392,*Cc1ccc(-c2ccc(-c3ccc(*)s3)s2)s1,ei,5.069103399912517
3393,*Oc1c(cc(cc1)C1(CCCCC1)c1cc(c(cc1)OC(=O)*)Cl)Cl,tg,159.17434692382812
3394,*C(C*)(C(=O)Oc1ccc(cc1)C#N)C,tg,138.34122212727866
3395,*C(=O)c1ccc(NC(=S)Oc2ccc(Nc3ccc(*)s3)s2)s1,ei,5.752659161885579
3396,*C=CC1CC(*)C(C#N)(CCC)C1,egc,6.142391522725423
3397,*C1(C(C(C(C(C1(F)F)(F)F)(F)F)(C(*)(F)F)F)(F)F)F,tg,171.54991149902344
3398,*c1ccc(-c2cc(CCCCCCCCCF)c(*)s2)s1,egc,1.7166006565093994
3399,*Oc1c(cc(cc1)C1(CC2C(CC1)CCCC2)c1cc(c(cc1)Oc1ccc(cc1)C(=O)c1cc(ccc1)C(=O)c1ccc(cc1)*)C)C,tg,185.19112650553384
3400,*c1cc2c(C(=O)N(C2=O)c2ccc(cc2)Oc2ccc(cc2)N2C(=O)c3c(C2=O)cc(cc3)C(C(C(C(C(C(C(C(*)(F)F)(F)F)(F)F)(F)F)(F)F)(F)F)(F)F)(F)F)cc1,tg,192.32322692871094
3401,*CC(*)C(=O)OCCCSCC,egc,5.124656041463216
3402,*CCC(F)(F)C(*)(F)F,eea,0.94515593846639
3403,*C(C*)(C(=O)OCCCCCCOc1ccc(cc1)C(=O)Oc1c2c(c(cc1)N=Nc1ccc(cc1)C#N)cccc2)C,tg,65.84779612223308
3404,*c1cc2C(c3c(c2cc1)ccc(c3)c1ccc(cc1)c1c(c(cc(c1)c1ccc(cc1)OCC(CCCC)CC)c1ccc(cc1)*)c1ccc(cc1)OCC(CCCC)CC)(CCCCCC)CCCCCC,tg,116.0662358601888
3405,*Oc1cc2c(cc1)ccc(c2)Oc1ccc(cc1)C(=Nc1ccc(cc1)Oc1ccc(cc1)N=C(c1ccc(cc1)*)c1ccccc1)c1ccccc1,tg,162.24395751953125
3406,*C(C*)n1c2c(c3c1cc1ccccc1c3)cccc2,tg,204.04534912109375
3407,*Oc1ccc(C(C)(c2ccc(Oc3ccc(C(=O)c4ccc(*)cc4)cc3)cc2)C(F)(F)F)cc1,egc,4.1297926902771
3408,*C(C*)(C(=O)OCCN(c1ccc(cc1)N=Nc1ccc(cc1)S(=O)(=O)Nc1noc(c1)C)CCCC)C,tg,122.1769027709961
3409,*Oc1cc(ccc1)C(=O)NCC*,tg,110.34530893961589
3410,*C1CCOC1*,egc,5.914676825205485
3411,*C1C=C(C(*)(C)C)C2CC=CCC12,egb,5.328670024871826
3412,*C(C*)OC(=O)OC([2H])([2H])[2H],tg,85.19003550211589
3413,*Cc1ccc(-c2ccc(C(*)=S)s2)s1,nc,2.161236524581909
3414,*CC(*)(F)C(=O)OCCC(F)(F)C(F)(F)C(F)(F)C(F)(F)F,egc,6.644852161407471
3415,*C(C*)N1C(=O)CCCCC1,tg,118.17592875162761
3416,*N(CC(C*)O)c1ccccc1,tg,67.80252329508464
3417,*Oc1ccc(cc1)C(=Cc1ccc(cc1)c1ccc(cc1)C=C(c1ccc(cc1)OC(=O)*)c1ccccc1)c1ccccc1,tg,205.75916544596353
3418,*Oc1ccc(cc1)Oc1ccc(cc1)C(=O)c1ccc(cc1)C(=O)c1ccc(cc1)*,tg,153.48436482747397
3419,*C(C*)CO,tg,17.855486551920574
3420,*NCC*,tg,21.825169881184895
3421,*O[Si](O[Si](O[Si](O[Si](O[Si](OC1=C(c2c3c(ccc2)cccc13)*)(C)C)(C)C)(C)C)(C)C)(C)C,tg,-80.91898091634114
3422,*Oc1ccc(cc1)S(=O)(=O)c1ccc(cc1)Oc1ccc(cc1)Cc1ccc(cc1)*,tg,166.20052083333334
3423,*Nc1ccc(Nc2ccc(*)s2)cc1,nc,2.068174441655477
3424,*C(=S)c1ccc(C(F)(F)C(*)(F)F)cc1,eea,3.6756401856740317
3425,*C(C*)(CC)C,tg,12.515645345052084
3426,*CC(=O)C(=S)c1ccc(*)cc1,eea,3.5057562987009683
3427,*c1ccc2n(c3c(c2c1)cc(cc3)C=C(C(=O)OCCCCCCCCCCOC(=O)C(=C*)C#N)C#N)CCCCCCC,tg,55.87166849772135
3428,*C1=CSC(=C2SC=C(c3ccc(*)cc3)S2)S1,egc,3.583571116129557
3429,*c1nc2c(c(c1)c1ccccc1)cc(cc2)Oc1cc2c(nc(cc2c2ccccc2)c2ccc(cc2)C2(c3ccccc3c3ccccc23)c2ccc(cc2)*)cc1,tg,356.40233357747394
3430,*c1ccc2c(nc([nH]2)c2cc(cc(c2)N2C(=O)c3c(C2=O)cccc3)c2nc3c([nH]2)ccc(c3)C(=O)Nc2nc(ccc2)NC(=O)*)c1,tg,299.9123026529948
3431,*C(C*)c1c(c(c(c(c1F)F)P(=O)(O)O)F)F,tg,52.32603454589844
3432,*CCCCCCCCOC(=O)CC=CCC(=O)O*,egc,5.977102279663086
3433,*C(C*)(CC(=O)OC1CCCCCCC1)C(=O)OC1CCCCCCC1,tg,116.17235056559245
3434,*Cc1ccc(OC(*)=S)s1,nc,1.8968724807103474
3435,*c1cc2c(oc(n2)c2ccc(cc2)C(c2ccc(cc2)c2oc3c(n2)cc(cc3)C(*)(C(F)(F)F)C(F)(F)F)(C(F)(F)F)C(F)(F)F)cc1,tg,314.5248514811198
3436,*Oc1c(cc(cc1c1ccccc1)*)c1c(c(ccc1)c1ccccc1)c1ccccc1,tg,242.1870371500651
3437,*CCO*,eps,3.3389920393625894
3438,*C(C*)C(=O)OCCCOc1ccc(cc1)C(=O)OCCCC(C(C(C(C(C(F)(F)F)(F)F)(F)F)(F)F)(F)F)(F)F,tg,23.2461675008138
3439,*c1cc2c(C(=O)N(C2=O)c2ccc(cc2)Oc2ccc(cc2)N2C(=O)c3c(C2=O)cc(cc3)C(*)O)cc1,tg,290.74048868815106
3440,*OC(C)COC(=O)CCC(*)=O,egc,6.597926298777263
3441,*NC(=S)Nc1ccc(Cc2ccc(*)cc2)cc1,eps,4.446027914683024
3442,*N1C(=O)c2c(C1=O)cc(cc2)Oc1cc2c(C(=O)N(C2=O)c2ccc(cc2)Sc2cc3c(C(=O)N(C3=O)CCc3ccccc3)cc2Sc2ccc(cc2)*)cc1,tg,218.0667928059896
3443,*CCCCCCCCOC(=O)c1cccc(C(=O)O*)c1,egc,5.163156986236572
3444,*Oc1c(cc(cc1)S(=O)(=O)c1cc(c(cc1)Oc1c(cc(cc1C)C(c1cc(c(c(c1)C)*)C)(C(F)(F)F)C(F)(F)F)C)Br)Br,tg,207.87568155924478
3445,*CC(CC(CC(*)c1ccccn1)c1ccccn1)c1ccccn1,eps,4.343720436096191
3446,*CNCCCOCO*,egc,5.728298187255859
3447,*c1nc2c(nc1)cc(cc2)c1ccc2c(nc(cn2)c2ccc(cc2)Oc2ccc(cc2)Oc2ccc(cc2)*)c1,tg,219.87671915690103
3448,*CCSSCCOCO*,egc,5.767842928568522
3449,*C=CCCCCCCCC*,egc,5.739614804585774
3450,*C(C*)(C(=O)OC1C(CCCC1)C(C)(C)C)C,tg,101.05613708496094
3451,*Nc1ccc(cc1)c1ccc(cc1)NC(=O)Cc1c(cc(c(c1)CC(=O)*)C)C,tg,185.31368001302084
3452,*Oc1ccc(-c2ccc(-c3ccc(*)cc3)s2)cc1,eea,1.9949864943822224
3453,*C(C#N)=C(*)c1ccccc1,egc,1.593607505162557
3454,*C(C*)C(=O)OCCCCCCCCCCOC(=O)c1ccc(cc1)OC(=O)c1ccc(cc1)C#N,tg,11.086766560872396
3455,*c1ccc(C(F)(F)c2ccc(C(*)(F)F)s2)s1,eps,4.246110916137695
3456,*OC(=O)C(CC(C)C)NC(=O)CCCCC(=O)NC(CC(C)C)C(=O)OC1COC2C(*)COC12,egc,5.211191654205322
3457,*c1ccc(NC(F)(F)C(*)(F)F)cc1,eps,3.92533278465271
3458,*CCCCCCCCCCCCCCCCOC(=O)NCCCCCCCCCCNC(=O)O*,egc,6.237735430399577
3459,*Oc1ccc(cc1)C(c1ccc(cc1)Oc1ccc(cc1)C(=O)c1ccc(cc1)C(c1ccc(cc1)C(=O)c1ccc(cc1)*)(C)C)(C(F)(F)F)C(F)(F)F,tg,171.4210408528646
3460,*SSSSCC*,tg,-29.761245727539062
3461,*C([2H])=C(*)[2H],egb,5.082647800445557
3462,*Oc1ccc(cc1)CC(NC(=O)Cc1ccc(cc1)OC(=O)COCC(=O)*)C(=O)OCCCCCCCC,tg,41.10652160644531
3463,*Oc1ccc(cc1)NC(=O)c1cc(cc(c1)NC(=O)CCCN1C(=O)c2c(C1=O)cccc2)C(=O)Nc1ccc(cc1)*,tg,228.79776000976562
3464,*CC(=O)NC(*)=O,eps,4.051824728647868
3465,*C=Nc1cccc(N=Cc2ccc(Sc3ccc(*)o3)o2)c1,egc,3.2054619789123535
3466,*ON(C(F)(F)C(*)(F)F)C(F)(F)C(F)(F)Br,egc,5.956010341644287
3467,*C1=CC(=C(C#N)C#N)C=C(O1)C=Cc1sc(c(c1CCCCCC)CCCCCC)c1sc(cc1)c1sc(cc1)c1sc(c(c1CCCCCC)CCCCCC)C=C*,tg,124.0368881225586
3468,*C(C*)C(=O)OCCCCCCOc1ccc(cc1)c1ccc(cc1)C#N,tg,25.8974126180013
3469,*c1cc2c(C(=O)N(C2=O)c2ccc(cc2)c2sc(c(c2c2ccccc2)c2ccccc2)c2ccc(cc2)N2C(=O)c3c(C2=O)cc(cc3)C(=O)Nc2ccc(cc2)c2sc(c(c2c2ccccc2)c2ccccc2)c2ccc(cc2)NC(=O)*)cc1,tg,347.4900309244792
3470,*Oc1ccc(cc1)c1ccc(cc1)OC(=O)OC1C(C(C1(C)C)OC(=O)*)(C)C,tg,163.24979654947916
3471,*C(C*)OC(=O)C(C(C(C(C(C(C(F)(F)F)(F)F)(F)F)(F)F)(F)F)(F)F)(F)F,tg,10.302658081054688
3472,*c1cc2c(C(=O)N(C2=O)c2c(ccc(c2)N2C(=O)c3c(C2=O)cc(cc3)C(=O)Nc2ccc(cc2)Oc2ccc(cc2)c2ccc(cc2)Oc2ccc(cc2)NC(=O)*)C)cc1,tg,277.6027425130208
3473,*C([2H])([2H])C(*)([2H])C([2H])([2H])[2H],egc,6.6844790776570635
3474,*CC(=O)C(*)c1ccc(F)cc1,egc,3.3921826680501304
3475,*COC(C=C1)=CC=C1O*,egc,4.893460114796956
3476,*C(C*)(C(=O)OCCCCCCCCCCCC[n+]1ccc(cc1)N(C)C)C,tg,34.70776875813802
3477,*c1ccc(Oc2ccc(C(=O)c3ccc(Oc4ccc(-c5cc(*)[nH]n5)cc4)cc3)cc2)cc1,egc,3.509472370147705
3478,*CC(OC(C)=O)C(COC(=O)O*)OC(C)=O,egc,6.731520811716716
3479,*c1cc(COCCCCCCOc2ccc(-c3ccc(C#N)cc3)cc2)c(*)s1,egc,2.855689287185669
3480,*c1ncc(cc1)C(=O)NCCCCCCNC(=O)*,tg,117.57022094726562
3481,*C(C*)(C(=O)Nc1ccc(cc1)C(=O)C=Cc1ccc(cc1)OC)C,tg,117.80543518066406
3482,*c1oc2c(n1)ccc(c2)c1ccc2c(oc(n2)CCCCCCCCCC*)c1,tg,56.705797831217446
3483,*Oc1c(cccc1)C(=O)OC(=O)c1c(cccc1)OC(=O)C(C(C(=O)*)CC)CC,tg,110.34466044108073
3484,*Oc1ccc(cc1)C(c1ccc(cc1)OC(=O)*)(c1ccccc1)c1ccccc1,tg,197.2407023111979
3485,*Nc1ccc(-c2ccc(-c3ccc(*)s3)s2)cc1,nc,2.3667465845743814
3486,*c1nc(nc(n1)c1ccc(cc1)Oc1ccc(cc1)C(c1ccc(cc1)Oc1ccc(cc1)*)(C(F)(F)F)C(F)(F)F)c1ccccc1,tg,215.72354125976562
3487,*CCCCCC(=O)NCCCCCCNC(=O)CCCCO*,egc,5.863620758056641
3488,*C(=O)c1ccc(Oc2ccc(*)s2)s1,eps,5.610136826833089
3489,*c1cccc(-n2nc(-c3ccccc3)c3cc(Oc4ccc5c(-c6ccccc6)nn(*)c(=O)c5c4)ccc3c2=O)c1C#N,egc,3.2618804772694907
3490,*CCCCCOC(=O)CC(=O)O*,egb,6.540135542551677
3491,*c1ccc(-c2ccc3[nH]c(-c4nc5cc(*)ccc5[nH]4)nc3c2)cc1,egc,3.2117490768432617
3492,*C(=O)c1ccc2c(c1)C(=O)N(c1ccc(C=Cc3ccc(N4C(=O)c5ccc(*)cc5C4=O)cc3)cc1)C2=O,egc,2.265781879425049
3493,*c1cc2c(C(=O)N(C2=O)c2c(cc(cc2)Cc2cc(c(cc2)N2C(=O)c3c(C2=O)cc(cc3)C(=O)*)C(C)(C)C)C(C)(C)C)cc1,tg,313.1579996744792
3494,*c1[nH]c(cc1)*,tg,199.95106506347656
3495,*CCOCCOCCOC(=O)CCCCCCCC(=O)O*,egc,6.3507382074991865
3496,*C(*)C(=O)OCCC,tg,0.3113454182942708
3497,*Cc1ccc(C*)cc1,egb,4.504639307657878
3498,*CCCCOC(=O)NCC(F)(F)C(F)(F)C(F)(F)C(F)(F)CNC(=O)O*,egc,6.736910820007324
3499,*OCC(C*)(CC)CC,tg,-42.823486328125
3500,*C(C*)C1C(CCCC1)C,tg,140.13090006510416
3501,*c1cc2c(C(=O)N(C2=O)c2ccc(cc2)Sc2ccc(cc2)N2C(=O)c3c(C2=O)cc(cc3)C(=O)*)cc1,tg,270.6216634114583
3502,*CCC1CC(*)C2C3CC(CC)C(C3)C12,egc,5.787954648335774
3503,*CC(*)c1cc(Br)ccc1OCCCC,egc,2.6224791208902993
3504,*C(=C(*)C)SCC,tg,80.32129160563152
3505,*C1COC2C1OCC2Oc1ccc(cc1)CNC(=O)c1cc(ccc1)C(=O)NCc1ccc(cc1)O*,tg,126.35352071126302
3506,*C(C*)(C(=O)Oc1ccc(cc1)OCc1ccccc1)C,tg,90.98982747395833
3507,*CCCCCCCCCCCCOC(=O)NCCCCCCNC(=O)O*,egc,6.291271209716797
3508,*C(=S)Oc1ccc(-c2ccc(*)s2)s1,eea,3.4543131987253823
3509,*Oc1ccc(NC(=C(C#N)C#N)c2ccc(C(Nc3ccc(*)cc3)=C(C#N)C#N)cc2)cc1,egc,2.972904602686564
3510,*c1cc2c(C(=O)N(C2=O)c2ccc(cc2)Oc2c(cc(cc2C)Cc2cc(c(c(c2)C)Oc2ccc(cc2)N2C(=O)c3c(C2=O)cc(cc3)C(*)(C(F)(F)F)C(F)(F)F)C)C)cc1,tg,276.0181579589844
3511,*Nc1ccc(-c2ccc(O*)cc2)cc1,nc,1.9888845284779866
3512,*OC(=O)c1ccc(cc1)c1ccc(cc1)c1ccc(cc1)C(=O)OCCCC*,tg,54.410013834635414
3513,*C(C*)c1c(ccc(c1)Br)OC(C)C,tg,89.00120035807292
3514,*Nc1ccc(C2(c3ccc(NC(=O)c4ccc(C(*)=O)cc4)cc3)c3ccccc3-c3ccccc32)cc1,egc,3.3658804893493652
3515,*C(C(*)(F)F)(Cl)F,tg,73.24866231282552
3516,*Oc1ccc(C(=O)c2ccc(*)cc2)cc1,egb,3.2185853322347007
3517,*Oc1ccc(cc1)Oc1ccc(cc1)C(=O)c1c2c(c(cc1)C(=O)c1ccc(cc1)*)cccc2,tg,189.27039082845053
3518,*CCCCCOc1ccc(C(=O)OC(=O)c2ccc(O*)cc2)cc1,egc,4.2942759195963545
3519,*c1nc(nc(n1)Oc1ccc(cc1)C(=O)Nc1ccc(cc1)Cc1ccc(cc1)NC(=O)c1ccc(cc1)O*)Sc1ccccc1,tg,238.20665486653647
3520,*N1C(=O)c2c(C1=O)cc(cc2)Oc1cc2c(C(=O)N(C2=O)c2ccc(cc2)C2(c3ccccc3c3ccccc23)c2ccc(cc2)*)cc1,tg,330.14414469401044
3521,*CNC(=S)O*,nc,1.886950969696045
3522,*C(=C(*)C)CCC,tg,89.29109446207683
3523,*CC(*)n1cncn1,egc,3.940712849299113
3524,*OC(C)CCOC(=O)CCC(*)=O,egc,6.583024024963379
3525,*CCCCCCOC(=O)NCCSCCCCCCSCCNC(=O)O*,egc,5.296830654144287
3526,*C(C*)(C(=O)OCCOCCOCCOCCOc1ccc(cc1)N=Nc1ccc(cc1)C#N)C,tg,34.19952392578125
3527,*C(=O)C(F)(F)NC(*)(F)F,nc,1.648598074913025
3528,*N1C(=O)c2c(C1=O)cc(cc2)Oc1cc2c(C(=O)N(C2=O)c2c(cc(cc2C)C(c2cc(c(c(c2)C)*)C)c2cc(cc(c2)C(F)(F)F)C(F)(F)F)C)cc1,tg,278.17124430338544
3529,*C1C(=O)N(C(=O)C1*)c1ccc(cc1)O[Si](c1ccccc1)(c1ccccc1)c1ccccc1,tg,195.2674102783203
3530,*NC(=O)c1ccc(C(*)=O)s1,egb,2.69965926806132
3531,*C(C*)C(=O)Oc1c(c(c(c(c1F)F)F)F)F,tg,28.11913299560547
3532,*Oc1ccc(cc1)NC(=O)c1ccc(cc1)S(=O)(=O)c1ccc(cc1)C(=O)Nc1ccc(cc1)Oc1ccc(cc1)C1(C2CCC(C1)C2)c1ccc(cc1)*,tg,288.4807535807292
3533,*Oc1ccc(cc1)c1ccc(cc1)OCCCCCCOC(=O)C(C(=O)OCCCCCC*)CCCCCOc1cc(nc(c1)c1ncccc1)c1ncccc1,tg,59.44054667154948
3534,*C(F)C(*)(F)OC(F)(F)F,egc,7.954750061035156
3535,*Oc1ccc(cc1)C(c1ccc(cc1)OCC(C*)OC(=O)c1ccccc1)(C)C,tg,84.91649373372395
3536,*Cc1ccc(-c2ccc(N*)cc2)cc1,egb,3.4507056872049966
3537,*c1cc2C(c3c(c2cc1)ccc(c3)c1c(cc(c(c1)CCCCCC)*)CCCCCC)(CCCCCC)CCCCCC,tg,64.27995300292969
3538,*OC(*)CCC#N,egb,6.894092082977295
3539,*OCC(C*)(CO)CC,tg,33.84501647949219
3540,*Oc1ccc(cc1)C(c1ccc(cc1)OC(=O)OC1C(C(C1(C)C)OC(=O)*)(C)C)(c1ccccc1)C,tg,151.71485900878906
3541,*O[Si](O[Si](O[Si](c1ccc(cc1)[Si](*)(C)C)(C)C)(C)C=C)(C)C=C,tg,-38.70539855957031
3542,*NC(=S)C(C=C1)=CC=C1C(=S)*,egc,3.1934139728546143
3543,*Oc1c(cccc1)S(=O)(=O)c1ccc(cc1)*,tg,184.56644694010416
3544,*OC(=O)c1ccc(cc1)C(=O)OCC(C(C*)CC)CC,tg,41.425829569498696
3545,*C(=O)c1ccc2c(c1)C(=O)N(c1ccc(C(=O)Nc3ccc(N4C(=O)c5ccc(*)cc5C4=O)cc3)cc1)C2=O,egc,2.541428248087565
3546,*C1C=CC(*)CC1,egb,6.297584215799968
3547,*Oc1ccc(cc1)C(c1ccc(cc1)Oc1ccc(cc1)C(=O)C(=O)c1ccc(cc1)*)(C(F)(F)F)C(F)(F)F,tg,161.6649373372396
3548,*NCNC(=O)OC(=O)NC(*)=O,egb,5.7241136233011884
3549,*CC(=O)N*,nc,1.7298963864644368
3550,*C(=O)NCCCCCCNC(=O)c1cc(*)c(C)nc1C,egc,4.537097613016765
3551,*CC(*)c1ccc(CCCCCCCCCCCCCCCC)cc1,egc,4.80525000890096
3552,*CCCCCCCCCCNC(=O)NCCCCCCCCNC(=O)N*,egc,5.6333244641621905
3553,*ON(C(F)(F)F)C(F)(Br)C(*)(F)F,egc,6.293471813201904
3554,*Oc1c(c(cc(c1)Br)Br)*,tg,134.80919901529947
3555,*CCNc1ccc(*)cc1,egb,4.266429265340169
3556,*CCC(=O)c1ccc(*)cc1,eea,2.413424253463745
3557,*N(CC*)C(=O)c1c(cc(cc1)F)F,tg,101.55565388997395
3558,*CCNc1ccc(*)cc1,ei,5.220124880472819
3559,*c1oc2c(n1)cc(cc2)NC(=O)CCCCCCCCC(=O)Nc1cc2c(oc(n2)CCCCCC*)cc1,tg,81.13185628255208
3560,*OC(=O)OCC(C(C*)OC(=O)C(NC(=O)OC(C)(C)C)Cc1ccccc1)OC(=O)C(NC(=O)OC(C)(C)C)Cc1ccccc1,tg,81.90792083740234
3561,*CC(=O)CC(*)=S,ei,6.138010819753011
3562,*C(C*)C(=O)OCCc1ccccc1,tg,12.899592081705729
3563,*OC(=O)CCCC(=O)OCCCC*,tg,-45.35088094075521
3564,*CCNC(=O)CCCCCCC(=O)N*,egc,5.905994892120361
3565,*CCOCCOC(=O)C=CC(=O)O*,egc,4.856966336568196
3566,*NC(=O)c1ccc(cc1)C(c1ccc(cc1)C(=O)NCCCC*)(CC)C,tg,182.8328653971354
3567,*Cc1ccc(NC(*)=S)s1,nc,1.9504013458887737
3568,*N1C(=O)C2C3C4C(C(C2C1=O)C=C3)C(=O)N(C4=O)c1cc(ccc1)Oc1cc(ccc1)Oc1cc(ccc1)*,tg,259.91783142089844
3569,*Oc1ccc(cc1)C(c1ccc(cc1)Oc1ccc(cc1)C(=O)c1cc(ccc1)c1cc(ccc1)C(=O)c1ccc(cc1)*)(C(F)(F)F)C(F)(F)F,tg,167.82943216959634
3570,*C(C*)(C(=O)OCCO[N+](=O)[O-])C,tg,47.89937845865885
3571,*N1C(=O)C(=C(C1=O)Cl)Oc1ccc(cc1)C(c1ccc(cc1)OC1=C(C(=O)N(C1=O)c1ccc(cc1)Oc1ccc(cc1)*)Cl)(C(F)(F)F)C(F)(F)F,tg,208.70000203450522
3572,*CCCCCCN1C(=O)c2ccc(C(=O)c3ccc4c(c3)C(=O)N(*)C4=O)cc2C1=O,nc,1.855350136756897
3573,*CC(CC)(CCl)CO*,egc,6.205043792724609
3574,*CC(*)(C)C(=O)NCCC,egc,5.815019925435384
3575,*CC(=O)OC(*)=O,eea,2.1187222798665366
3576,*C=CC(CN)C(*)C(=O)O,egc,6.02253786722819
3577,*CC(OC)C1(C)C(=O)OC(=O)C1(*)C,egc,5.4148322741190595
3578,*c1sc(cc1SCCCC)c1sc(c(c1)SCCCC)c1ccc(cc1)*,tg,98.71375783284505
3579,*CNC(=S)c1ccc(*)s1,nc,1.9921313126881917
3580,*Oc1ccc(cc1)c1ccc(cc1)OCCCCCCCCOC(=O)Nc1c(cc(cc1)NC(=O)OCCCCCCCC*)C,tg,81.03716786702473
3581,*c1cc2c(C(=O)N(C2=O)c2ccc(cc2)N(CCN(c2ccc(cc2)N2C(=O)c3c(C2=O)cc(cc3)C(*)(C(F)(F)F)C(F)(F)F)C)C)cc1,tg,235.8825937906901
3582,*Oc1cc(c(cc1)C=NN=Cc1c(cc(cc1)OCCCCCCCCCCCC*)O)O,tg,84.22639719645183
3583,*C1C(CC(C1)C=C*)(C[Si](O[Si](C)(C)C)(C)C)C#N,tg,84.33312733968098
3584,*CCOC(=O)C1CCC(C(=O)O*)CC1,egc,6.640555063883464
3585,*OP(=O)(N=Nc1ccc(cc1)Oc1ccc(cc1)N=NP(=O)(OCCCCCC*)OC)OC,tg,28.546676635742188
3586,*Cc1ccc(Oc2ccc(*)s2)cc1,ei,5.967842260996501
3587,*Oc1ccc(cc1)C(=O)OCCCCCOC(=O)c1ccc(cc1)*,tg,31.934593200683594
3588,*CNC(=S)C(=O)*,egc,2.982908010482788
3589,*c1cc2c(C(=O)N(C2=O)c2cc(ccc2)Oc2cc(ccc2)Oc2cc(ccc2)N2C(=O)c3c(C2=O)cc(cc3)C(*)(C(F)(F)F)C(F)(F)F)cc1,tg,204.15048217773438
3590,*OC(=O)C(F)(F)C(*)(F)F,eea,2.4125327269236245
3591,*Oc7ccc(C6(c3ccc(OC(=O)c2ccc(c1ccc(C(*)=O)cc1)cc2)cc3)c4ccccc4c5ccccc56)cc7,egc,3.3639609813690186
3592,*Nc1c(cccc1)CCc1c(cccc1)NC(=O)Nc1ccc(cc1)CCc1ccc(cc1)NC(=O)*,tg,201.38062540690103
3593,*C1C=CC(*)N1,egc,5.050156752268474
3594,*C=CC(C(*)C(=O)OCCCCCCN(c1ccc(cc1)N(C)C)C)C,tg,5.4256540934244795
3595,*CCCCCCCCCC(=O)O*,egc,6.77464230855306
3596,*OC(=O)c1cc2c(cc1)cc(cc2)C(=O)OCCCCCCCCCCCC*,tg,41.75358581542969
3597,*c1cc2c(C(=O)N(C2=O)c2c3c(c(cc2C)c2cc(c(c4c2cccc4)N2C(=O)c4c(C2=O)cc(cc4)C(=O)Nc2ccc(cc2)C(c2ccc(cc2)NC(=O)*)(C(F)(F)F)C(F)(F)F)C)cccc3)cc1,tg,312.4849141438802
3598,*Oc1ccc(cc1)C(=O)OCC(COC(=O)c1ccc(cc1)*)(C)C,tg,64.80855305989583
3599,*OC(=O)c1ccc(cc1)C(=O)OCC1CC(CCC1)C*,tg,109.08742014567058
3600,*C(=O)c1ccc2c(c1)C(=O)n1c-2nc2ccc(-c3ccc4c(c3)nc3n4C(=O)c4ccc(*)cc4-3)cc21,egc,2.8146448135375977
3601,*N1C(=O)c2c(C1=O)cc(cc2)Oc1cc2c(C(=O)N(C2=O)c2cc(ccc2)*)cc1,tg,276.4697265625
3602,*OC(=O)c1cc(ccc1)C(C(C(C(C(c1cc(ccc1)C(=O)OCC(C(C(C*)(F)F)(F)F)(F)F)(F)F)(F)F)(F)F)(F)F)(F)F,tg,9.708572387695312
3603,*CCCCCCNC(=S)Nc1ccc(NC(=S)N*)cc1,ei,5.460191567738851
3604,*NC(=S)Nc1ccc(NC(=S)Nc2ccc(Cc3ccc(*)cc3)cc2)cc1,egb,3.40605099995931
3605,*Oc1ccc(cc1)C(c1ccc(cc1)OC(=O)*)c1ccccc1,tg,161.90956115722656
3606,*Oc1ccc(-c2ccc(-c3ccc(*)cc3)s2)cc1,nc,2.187347332636515
3607,*c1ccc(Oc2ccc3c(c2)C(=O)N(*)C3=O)cc1,egc,3.6429139773050943
3608,*c1cc2c(C(=O)N(C2=O)c2c(cc(cc2)c2cc(c(cc2)N2C(=O)c3c(C2=O)cc(cc3)C(=O)Nc2ccc(cc2)C2(c3ccccc3c3ccccc23)c2ccc(cc2)NC(=O)*)OC)OC)cc1,tg,229.76123555501303
3609,*Oc1ccc(cc1)S(=O)(=O)c1ccc(cc1)*,tg,217.02408854166666
3610,*C(C(*)F)C(F)(F)F,tg,29.147356669108074
3611,*C(=O)COCCOCC(=O)N1CCN(*)CC1,egc,5.705309232076009
3612,*C1(c2c(C(=O)O1)cccc2)c1ccc(cc1)OC(=O)c1cc(ccc1)C(=O)Oc1ccc(cc1)*,tg,280.17711385091144
3613,*CCCCCCCCCCOC(=O)CCCCC(=O)O*,egb,6.437911669413249
3614,*OC(=S)c1ccc(C(*)=O)cc1,eps,4.892971197764079
3615,*Nc1ccc(-c2ccc(-c3ccc(*)s3)cc2)s1,eps,6.482283592224121
3616,*Oc1c(cc(c(c1)OCCOC)OC(=O)c1c(cc(cc1)C(=O)*)OCCOCC)OCCOC,tg,44.75081888834635
3617,*CNc1ccc(-c2ccc(*)cc2)s1,ei,5.189572970072429
3618,*C=Cc1ccc(Oc2ccc(C=Cc3cc(*)ncn3)cc2)cc1,egc,3.155667702356974
3619,*OCCSSCC*,tg,-22.680277506510418
3620,*C(C*)C(=O)OCC(F)(F)F,tg,14.630182902018229
3621,*Nc1ccc(cc1)Cc1ccc(cc1)NC(=O)NCCCCCCCCCNC(=O)*,tg,57.09097544352213
3622,*CCCCCCCCCCOC(=O)Cc1ccc(CC(=O)O*)cc1,egc,5.347725550333659
3623,*c1cc2c(C(=O)N(C2=O)c2ccc(cc2)Oc2ccc(cc2)NC(=O)c2cc(ccc2)C(=O)Nc2ccc(cc2)Oc2ccc(cc2)N2C(=O)c3c(C2=O)cc(cc3)C(=O)*)cc1,tg,237.2241465250651
3624,*OC(=O)C1CCC(CC1)C(=O)OCCOCCOCC*,tg,-1.7001749674479167
3625,*c1cc2c(C(=O)N(C2=O)c2ccc(cc2)C(=O)Nc2ccc(cc2)C(=O)OCCCCCCCCCOC(=O)*)cc1,tg,101.89114125569661
3626,*C(C*)C(=O)OC([2H])([2H])[2H],tg,68.5197041829427
3627,*OC(=O)NCC(C(C(C(CNC(=O)OCCCCCC*)(F)F)(F)F)(F)F)(F)F,tg,35.3638916015625
3628,*CC(*)(C#N)C(=O)OC,egc,6.651829560597737
3629,*C(C*)C(=O)OCCCCCC(=O)Oc1ccc(cc1)c1ccc(cc1)C#N,tg,34.33306884765625
3630,*c1cc2c(C(=O)N(C2=O)c2ccc(cc2)Oc2ccc(cc2)C(c2ccc(cc2)Oc2ccc(cc2)N2C(=O)c3c(C2=O)cc(cc3)c2ccc(cc2)c2ccc(cc2)c2ccc(cc2)c2ccc(cc2)*)(C)C)cc1,tg,234.76455688476562
3631,*N1C(=O)c2c(C1=O)cc(cc2)c1cc2c(C(=O)N(C2=O)c2ccc(cc2)Oc2c(cc(c(c2)C(C)(C)C)Oc2ccc(cc2)*)C(C)(C)C)cc1,tg,317.2993977864583
3632,*N1C(=O)c2c(C1=O)cc(cc2)Oc1cc2c(cc1)ccc(c2)Oc1cc2c(C(=O)N(C2=O)c2ccc(cc2)C(c2ccc(cc2)*)(C)C)cc1,tg,257.7824401855469
3633,*N1C(=O)C(CC1=O)Nc1ccc(cc1)NC1C(=O)N(C(=O)C1)c1c(cc(cc1C)C(c1cc(c(c(c1)C)*)C)c1cnccc1)C,tg,234.38106282552084
3634,*Oc1ccc(cc1)C(=O)N(C(=O)c1ccc(cc1)OCCCCCC*)c1c2c(ccc1)cccc2,tg,106.81939188639323
3635,*C(C*)c1ccc(cc1)C(C)(C)C,tg,118.47265116373698
3636,*CC(CO*)(COc1ccccc1)COc1ccccc1,egc,4.872647921244304
3637,*OC(=O)c1ccc(cc1)c1ccc(cc1)C(=O)OCCCCCCCC*,tg,43.355079650878906
3638,*OP(=O)(OC(COc1ccc(cc1)S(=O)(=O)c1ccc(cc1)OCC(*)CCl)CCl)Oc1ccccc1,tg,67.75310516357422
3639,*CCOCCOC(=O)NC(=CC=C1(C))C=C1NC(=O)O*,egc,5.164808591206868
3640,*N1C(=O)c2c(C1=O)cc(c(c2)c1ccc(cc1)[Si](C)(C)C)c1cc2c(C(=O)N(C2=O)c2ccc(cc2)C(c2ccc(cc2)*)(C(F)(F)F)C(F)(F)F)cc1c1ccc(cc1)[Si](C)(C)C,tg,351.40924072265625
3641,*N1C(=O)c2c(C1=O)cc(cc2)C(=O)Nc1ccc(cc1)Oc1cc(ccc1)Oc1ccc(cc1)NC(=O)C*,tg,198.20821126302084
3642,*Oc1ccc(cc1)NC(=O)CCCCCCC(=O)Nc1ccc(cc1)*,tg,163.16090393066406
3643,*Oc1ccc(cc1)S(=O)(=O)c1ccc(cc1)Oc1ccc(cc1)C=Cc1ccc(cc1)*,tg,190.87887573242188
3644,*CC(=O)c1ccc(O*)s1,ei,6.364445686340332
3645,*Oc1ccc(cc1)Oc1ccc(cc1)OC(=O)c1cc(ccc1)Oc1ccc(cc1)Oc1cc(ccc1)C(=O)*,tg,96.4871114095052
3646,*c1ccc(-c2ccc(C(F)(F)C(*)(F)F)cc2)s1,eea,2.394052267074585
3647,*C(=O)NOCCCCO*,egc,5.880861600240071
3648,*N1C(=O)c2c(C1=O)cc(cc2)Oc1cc2c(cc1)cc(cc2)Oc1cc2c(C(=O)N(C2=O)c2ccc(cc2)C(c2ccc(cc2)C(c2ccc(cc2)*)(C)C)(C)C)cc1,tg,228.04698181152344
3649,*N(CC*)C(=O)CCCCCCCCCCCCCCCCC,tg,4.911142985026042
3650,*c1ccc(-c2nc3cc4nc(*)oc4cc3o2)cc1,egc,3.027484734853109
3651,*c1nc2c(nc1c1ccccc1)cc(cc2)Oc1cc2c(nc(c(n2)c2ccccc2)c2ccc(cc2)OCCN(CCOc2ccc(cc2)*)c2ccc(cc2)C=Cc2ccc(cc2)[N+](=O)[O-])cc1,tg,192.91336568196616
3652,*OC(=O)c1cc2c(cc1)cc(cc2)C(=O)OCCCCCCC*,tg,53.46556091308594
3653,*[Si](CCC*)(O[Si](CCCOc1ccc(cc1)C(=O)Oc1ccc(cc1)C#N)(C)C)C,tg,-2.572636922200521
3654,*Oc1ccc(cc1)CC(NC(=O)Cc1ccc(cc1)OC(=O)COCC(=O)*)C(=O)OCC,tg,81.02937571207683
3655,*CC(=O)c1ccc(C(*)=S)s1,nc,2.0333468914031982
3656,*N1C(=S)N(C(=O)CC1=O)c1ccc(cc1)Oc1ccc(cc1)Oc1ccc(cc1)*,tg,142.01941426595053
3657,*NC(C)(C)CC(*)=O,egc,5.34328031539917
3658,*CC(*)(F)C(F)(F)F,egc,7.81920846303304
3659,*CNC(=S)c1ccc(*)cc1,eps,4.343522548675537
3660,*Oc1ccc(-c2ccc(C(*)=O)s2)s1,ei,5.889244079589844
3661,*C1OC(=O)C(C1)CCC1C(=O)OC(C1)CCC=CCC*,tg,66.62305959065755
3662,*C(=O)c1ccc(-c2ccc(-c3ccc(*)cc3)cc2)cc1,nc,2.0677103996276855
3663,*CNC(=O)N*,egc,5.646646181742351
3664,*S(=O)(=O)c1cc(ccc1)NC(=O)CCCCCCCC(=O)Nc1cc(ccc1)*,tg,112.97554779052734
3665,*C(C=C1)=CC=C1OC(=O)CC(=O)CCO*,egc,4.515713055928548
3666,*c1cc2c(C(=O)N(C2=O)c2ccc(cc2)Oc2ccc(cc2)C2(c3c(C(=O)N2)cccc3)c2ccc(cc2)Oc2ccc(cc2)N2C(=O)c3c(C2=O)cc(cc3)C(=O)Nc2ccc(cc2)Oc2cc(ccc2)Oc2ccc(cc2)NC(=O)*)cc1,tg,287.99045817057294
3667,*N1C(=O)c2c(C1=O)cc(cc2)c1cc2c(C(=O)N(C2=O)c2cc(ccc2)C(=O)Nc2ccc(cc2)Oc2cc(ccc2)Oc2ccc(cc2)NC(=O)c2cc(ccc2)*)cc1,tg,231.70618693033853
3668,*c1nc2c(nc1c1ccc(cc1)OC(=O)c1ccc(cc1)C(=O)Oc1ccc(cc1)*)cccc2,tg,202.16983540852866
3669,*c1cc2c(C(=O)N(C2=O)c2cc(ccc2)NC(=O)C(C(C(C(C(C(C(=O)Nc2cc(ccc2)N2C(=O)c3c(C2=O)cc(cc3)C(*)(C(F)(F)F)C(F)(F)F)(F)F)(F)F)(F)F)(F)F)(F)F)(F)F)cc1,tg,239.10616048177084
3670,*C1OC(C(F)(F)F)(C(F)(F)F)OC1(*)F,egc,7.863344192504883
3671,*Cc1ccc(C(=O)N*)cc1,ei,6.642963568369548
3672,*Nc1cc(ccc1)NC(=C(C#N)C#N)c1cc(ccc1)C(=C(C#N)C#N)*,tg,255.99309285481772
3673,*CC(*)SCC,egc,5.015483379364014
3674,*N1C(=O)c2c(C1=O)cc(cc2)c1cc2c(C(=O)N(C2=O)c2c(ccc(c2)*)Oc2ccc(cc2)S(=O)(=O)c2ccc(cc2)C)cc1,tg,296.3076578776042
3675,*Oc1ccc(cc1)NC(=O)CCCCCCCCC(=O)Nc1ccc(cc1)*,tg,151.2702178955078
3676,*c1ncnc(n1)N(CCCCCCCCCCN(*)c1ccccc1)c1ccccc1,tg,62.3536631266276
3677,*O[Si](CCCC(=O)Oc1ccc(cc1)C=Nc1ccc(cc1)N=Cc1ccc(cc1)OC(=O)CCC[Si](*)(C)C)(C)C,tg,40.964515686035156
3678,*[Si](CCCCC*)(c1ccccc1)C,tg,1.9762929280598958
3679,*Cc1ccc(-c2ccc(-c3ccc(*)s3)s2)cc1,eps,4.243581453959147
3680,*CC(*)C(=O)Oc1ccc(C(C)=NNC(N)=O)c(O)c1,egc,3.4208993911743164
3681,*N1C(=O)c2c(C1=O)cc(cc2)C(=O)Oc1ccc(cc1)c1ccc(cc1)OC(=O)c1cc2c(C(=O)N(C2=O)CC(CCC*)C)cc1,tg,138.82000732421875
3682,*C(C*)OC(=O)c1c(cccc1)OC,tg,74.05177307128906
3683,*Oc1cc(c(cc1)c1c(cc(cc1)OC(=O)c1ccc(cc1)Oc1ccc(cc1)C1(CCC(CC1)C(C)(C)C)c1ccc(cc1)Oc1ccc(cc1)C(=O)*)C)C,tg,164.55671183268228
3684,*C(C*)C(=O)OC,tg,58.62684122721354
3685,*Oc1ccc(cc1)Oc1ccc(cc1)C(=O)c1cc(ccc1)C(=O)c1ccc(cc1)*,tg,141.87017822265625
3686,*c1cnc(s1)N1C(=O)c2c(C1=O)cc(cc2)C(=O)c1cc2c(C(=O)N(C2=O)c2ccc(cc2)Oc2ccc(cc2)*)cc1,tg,268.61440022786456
3687,*C(C*)c1ccncc1,tg,101.58580017089844
3688,*N1C(=O)c2c(C1=O)cc(cc2)c1cc2c(C(=O)N(C2=O)c2cc(cc(c2)C(=O)NCCCC)*)cc1,tg,266.90357462565106
3689,*NC(S1)=CC=C1C(S2)=CC=C2C(S3)=CC=C3*,egc,2.339834690093994
3690,*c1cc2c(C(=O)N(C2=O)c2ccc(cc2)C(=O)NCCCCCCNC(=O)*)cc1,tg,199.321533203125
3691,*N(C(=O)c1ccc(cc1)C(=O)*)c1ccccc1,tg,174.22307332356772
3692,*N1C(=O)c2c(C1=O)cc(cc2)S(=O)(=O)c1cc2c(C(=O)N(C2=O)c2ccc(cc2)N(c2ccc(cc2)*)c2ccc(cc2)N(C)C)cc1,tg,303.48394775390625
3693,*c1cc2c(C(=O)N(C2=O)c2c(ccc(c2)N2C(=O)c3c(C2=O)cc(cc3)C(=O)Nc2c(cc(cc2C)Cc2cc(c(c(c2)C)NC(=O)*)C)C)N=Nc2ccc(cc2)F)cc1,tg,271.0956217447917
3694,*Nc1ccc(-c2ccc(C(*)=S)s2)s1,egb,1.3538741270701091
3695,*c1cc2c(C(=O)N(C2=O)c2ccc(cc2)Cc2ccc(cc2)N2C(=O)c3c(C2=O)cc(cc3)C(=O)Nc2ccc(cc2)Oc2c(cccc2)c2c(cccc2)Oc2ccc(cc2)NC(=O)*)cc1,tg,235.10059102376303
3696,*Oc1c(cc(cc1)Oc1c(cc(cc1)C(=O)c1cc(c(cc1)*)S(=O)(=O)O)S(=O)(=O)O)S(=O)(=O)O,tg,231.4870402018229
3697,*CCNc1ccc(*)s1,eea,0.8947663307189941
3698,*OC(=O)CCCCCCCCCCCCCC*,tg,-44.8735097249349
3699,*Cc1ccc(-c2ccc(-c3ccc(*)cc3)s2)cc1,eps,4.076664924621582
3700,*CCCCCCOC(=O)C(=O)O*,egc,5.282124678293864
3701,*c1nc2c([nH]1)cc(cc2)c1cc2c(nc([nH]2)c2cc3c(cc2)cc(cc3)*)cc1,tg,386.9699300130208
3702,*Cc1ccc(C(=O)C(*)=S)s1,eea,3.588383436203003
3703,*Cc1ccc(CC(*)=S)cc1,eps,3.841177781422933
3704,*CC(F)(F)C(F)(F)C(F)(F)COC(=O)NCC(F)(F)C(F)(F)C(F)(F)C(F)(F)CNC(=O)O*,egb,6.8320159912109375
3705,*CNc1ccc(-c2ccc(*)cc2)s1,eea,1.3526462316513062
3706,*Oc1cc(c(cc1)OC(COCCCCCCCOc1ccc(cc1)c1ccc(cc1)C(=O)*)C)[N+](=O)[O-],tg,65.88378397623698
3707,*OC(C(*)CCl)CCl,tg,55.03540802001953
3708,*C(C*)(C(=O)Oc1c(cc(cc1OC)C=Cc1ccccc1)OC)C,tg,135.3450139363607
3709,*c1ccc(-c2cnc3cc(Oc4ccc5nc(*)cnc5c4)ccc3n2)cc1,egc,3.1051059563954673
3710,*C(=O)c1ccc(-c2ccc(-c3ccc(*)s3)s2)cc1,eps,5.740799427032471
3711,*c1nc2c(c(c1c1ccccc1)c1ccccc1)cc(cc2)c1cc2c(nc(c(c2c2ccccc2)c2ccccc2)c2ccc(cc2)Oc2ccc(cc2)*)cc1,tg,353.9855651855469
3712,*OOC(C*)c1ccc(cc1)C(C)(C)C,tg,37.799023946126304
3713,*OC1CCCCCCC1*,egc,5.506967544555664
3714,*c1cc2c(oc(n2)c2nc(ccc2)c2oc3c(n2)cc(cc3)C(*)(C(F)(F)F)C(F)(F)F)cc1,tg,357.0538024902344
3715,*C(=O)c1ccc2c(c1)C(=O)N(c1cccc(Nc3nc(N)nc(Nc4cccc(N5C(=O)c6ccc(*)cc6C5=O)c4)n3)c1)C2=O,egc,2.7441559632619223
3716,*Oc1ccc(-c2ccc(C(*)=O)cc2)s1,nc,2.0160520871480307
3717,*N(c1ccc(cc1)c1cc2C(c3c(c2cc1)ccc(c3)c1ccc(cc1)*)(CCCCCCCC)CCCCCCCC)c1ccc(cc1)N(c1ccc(cc1)C(c1ccccc1)(C)C)c1ccc(cc1)C(c1ccccc1)(C)C,tg,174.91880798339844
3718,*Oc1ccc(cc1)OCC(CN(S(=O)(=O)c1cc(ccc1)S(=O)(=O)N(CC(C*)O)C)C)O,tg,53.85725402832031
3719,*Oc1cc(ccc1)NC(=O)c1ccc(cc1)Oc1ccc(cc1)C(c1ccc(cc1)C(c1ccc(cc1)Oc1ccc(cc1)C(=O)Nc1ccc(cc1)*)(C)C)(C)C,tg,158.88509623209634
3720,*NC(=O)c1cc(ccc1)C(=O)NCC1CCC(CC1)C*,tg,165.41218058268228
3721,*c1cc(*)c(O)c(C=Nc2ccc(N3CCOCC3)cc2)c1,egc,2.9125786622365317
3722,*CCCCCCCCCCOC(=O)c1ccc2cc(C(=O)O*)ccc2c1,egc,3.7888684272766113
3723,*C(=S)c1ccc(-c2ccc(-c3ccc(*)cc3)cc2)s1,eea,3.4896090030670166
3724,*Oc1ccc(Oc2ccc(*)s2)s1,nc,1.8551186323165894
3725,*N1C(=O)c2c(C1=O)cc(cc2)C(=O)c1cc2c(C(=O)N(C2=O)CCCCCCOC(=O)OCCCCCC*)cc1,tg,69.09957885742188
3726,*C(=O)C(F)(F)C(=O)C(*)(F)F,nc,1.7504770358403523
3727,*c1n(nc(c1)c1ccc(cc1)Oc1ccc(cc1)S(=O)(=O)c1ccc(cc1)Oc1ccc(cc1)*)c1ccccc1,tg,222.34647623697916
3728,*C(C*)C(=O)OCC1(COC(OC1)c1ccccc1)CC,tg,49.62258656819662
3729,*[N+](CCCCCCCCCC*)(C)C,tg,94.01518249511719
3730,*Oc1ccc(cc1)C(=O)Nc1cc(ccc1)P(=O)(c1cc(ccc1)NC(=O)c1ccc(cc1)OCCCC*)c1ccccc1,tg,131.5348154703776
3731,*C(C*)OC(=O)c1c(cccc1)Cl,tg,61.79955037434896
3732,*Oc1ccc(S(=O)(=O)c2ccc(Oc3ccc(NC(=O)c4cc(NC(=O)c5ccncc5)cc(C(=O)Nc5ccc(*)cc5)c4)cc3)cc2)cc1,egc,3.1104983488718667
3733,*OC(=O)CC/C=C/CCC(=O)OCCCCCCCCCCCCCCCC*,tg,-57.37617492675781
3734,*NC(S1)=CC=C1C(S2)=CC=C2C*,egc,3.510754108428955
3735,*c1cc(OCCOCCOC)c(*)s1,egc,2.285848061243693
3736,*OC(CCCC(C(=O)*)C)C,tg,-23.820566813151043
3737,*CCOC(=O)CCCCC(=O)O*,egb,6.344011147816976
3738,*N1C(=O)c2c(C1=O)cc(cc2)Oc1cc2c(C(=O)N(C2=O)c2cc(ccc2)OCCOc2ccc(cc2)*)cc1,tg,195.7143300374349
3739,*NC(C(=O)*)CCC(=O)OCCCCCCCCCC,tg,-50.27154032389323
3740,*c1cc2c(C(=O)N(C2=O)c2ccc(cc2)C(=O)Nc2cc(ccc2)C=CC(=O)C=Cc2cc(ccc2)NC(=O)*)cc1,tg,258.99534098307294
3741,*SSC(C*)c1ccccc1,tg,32.67448425292969
3742,*c1cc2c(C(=O)N(C2=O)c2ccc(cc2)Oc2ccc(cc2)N2C(=O)c3c(C2=O)cc(cc3)C(=O)Nc2ccc(cc2)Oc2ccc(cc2)NC(=O)*)cc1,tg,286.24851481119794
3743,*c1ccc(C(=S)c2ccc(C(=S)C(=O)Nc3ccc(-c4ccc(*)s4)cc3)s2)s1,nc,2.312681039174398
3744,*Oc1ccc(cc1)C=C1C(=O)C(=Cc2ccc(cc2)OCCCCCCCC*)CCC1,tg,105.17847188313802
3745,*N=P(*)(C)C,tg,-45.35172017415365
3746,*CCC(Cl)=C(*)Cl,egc,4.840508460998535
3747,*Oc1ccc(OC(*)=O)cc1,egc,5.008552074432373
3748,*Oc1c(cc(cc1)Oc1c(c(c(c(c1F)F)c1c(c(c(c(c1F)F)*)F)F)F)F)S(=O)(=O)O,tg,212.78215535481772
3749,*OP(=O)(Oc1ccc(cc1)*)OC1CCCCC1,tg,106.58373769124348
3750,*CCC(F)(F)C(*)(F)F,nc,1.5706456502278645
3751,*c1oc(nn1)c1ccc(cc1)Oc1ccc(cc1)*,tg,151.85269673665366
3752,*c1ccc2n(c3c(c2c1)cc(cc3)c1sc(cc1CCCCCC)c1c2c(nsn2)c(cc1)c1sc(c(c1)CCCCCC)*)C(CCCCCCCC)CCCCCCCC,tg,112.74298095703125
3753,*OC(=O)CSCCSCC(*)=O,egc,5.095798015594482
3754,*CCNc1ccc(*)cc1,eps,3.7901593844095864
3755,*C(C(*)(F)F)F,tg,15.233365376790365
3756,*CCCCCNC(=O)C(OC)C(OC)C(=O)N*,egc,5.637091318766276
3757,*C(C*)OC(=O)CCCC1CCCCC1,tg,19.8486811319987
3758,*CCOC(=O)CCCCCNC(=O)CCCCC(=O)NCCCCCC(=O)O*,egc,5.9824760754903155
3759,*Oc1ccc(cc1)CC(NC(=O)CCc1ccc(cc1)OC(=O)CCCCCCCCC(=O)*)C(=O)OCc1ccccc1,tg,44.16552734375
3760,*Cc1ccc(NC(*)=S)cc1,nc,1.9213892618815105
3761,*CC(*)C,egc,6.252132892608643
3762,*CC1(CO*)CC2CCC1CC2,egc,5.853744824727376
3763,*N1C(=O)c2c(C1=O)cc(cc2)c1cc2c(C(=O)N(C2=O)c2cc(ccc2)OCCCCCCCCCCCCOc2cc(ccc2)*)cc1,tg,125.47608693440755
3764,*Oc1ccc(cc1)NC(=O)c1cc(ccc1)C(=O)Nc1ccc(cc1)Oc1ccc(cc1)C(c1cc(ccc1)C(c1ccc(cc1)*)(C)C)(C)C,tg,163.65997823079428
3765,*c1nc2c(nc1)ccc(c2)c1ccc2c(nc(cn2)c2ccc(cc2)*)c1,tg,374.51487223307294
3766,*CONC(*)=O,ei,6.646037419637044
3767,*c1cc2c(C(=O)N(C2=O)c2cc(cc(c2)C(=O)OC)N2C(=O)c3c(C2=O)cc(c(c3)Cl)C(=O)*)cc1Cl,tg,276.92307535807294
3768,*S(=O)(=O)C(C=CC*)C,tg,91.14671579996745
3769,*COC(=O)O*,nc,1.648160497347514
3770,*N=Nc1ccc(cc1)[Te]c1ccc(cc1)*,tg,203.3200887044271
3771,*c1ccc(-c2cc(OCCCCCCCCCC)c(*)cc2OCCCCCCCCCC)cc1,egc,3.2820726235707602
3772,*Oc1ccc(cc1)C1(C2CC3CC(CC1C3)C2)c1ccc(cc1)OC(=O)c1ccc(cc1)Oc1ccc(cc1)C1(CCC(CC1)C(C)(C)C)c1ccc(cc1)Oc1ccc(cc1)C(=O)*,tg,173.15091959635416
3773,*c1cc2c(cc1OC(=O)COc1ccc3c(c1)oc(=O)cc3)oc(=O)c(c2)C(=O)Nc1ccc(cc1)c1ccc(cc1)NC(=O)c1c(=O)oc2c(cc(c(c2)OC(=O)COc2ccc3c(c2)oc(=O)cc3)C*)c1,tg,239.75162760416666
3774,*C(=O)c1ccc2c(c1)C(=O)N(c1ccc(Oc3ccc(N4C(=O)c5ccc(*)cc5C4=O)cc3)cc1)C2=O,egc,2.50020694732666
3775,*Oc1ccc(NC(=O)c2ccc(-c3ccc(C(=O)Nc4ccc(Oc5ccc(C6(c7ccc(*)cc7)CC7CCC6C7)cc5)cc4)cc3)cc2)cc1,egc,3.480595668156942
3776,*Oc1ccc(cc1)NC(=O)c1c(cc(c(c1)C(=O)Nc1ccc(cc1)*)C(=O)O)C(=O)O,tg,255.7510528564453
3777,*CC(CF)O*,egc,6.610717296600342
3778,*c1nc(ccc1)N1C(=O)N(C(=O)C1=O)c1ccc(cc1)Cc1ccc(cc1)N1C(=O)N(C(=O)C1=O)*,tg,236.5050048828125
3779,*N1C(=O)C2C(C1=O)CC(c1ccccc21)C1C(=O)N(C(=O)C1)c1cc(cc(c1)C(=O)O)*,tg,291.2587381998698
3780,*OC(=O)CCCCCCCCCCCCC(*)=O,egb,5.808517615000407
3781,*CCOCCOC(=O)CCCCCCCCCCCCCCCCC(=O)O*,egc,6.431495030721028
3782,*Nc1cccc(C(*)=O)c1,eea,2.2293570041656494
3783,*c1ccc(-c2cc(CCCCCCCCCCC)c(*)s2)s1,egc,1.7946115334828694
3784,*CCOC(=O)CCSCCC(=O)O*,egc,5.6284535725911455
3785,*Oc1ccc(cc1)CC(NC(=O)Cc1ccc(cc1)OC(=O)CCCCCCCCC(=O)*)C(=O)OCCCCCCCC,tg,18.22472635904948
3786,*c1oc2c(n1)ccc(c2)c1ccc2c(oc(n2)CCCCCCCCC*)c1,tg,63.03260803222656
3787,*CCCC(C)CCC(=O)N*,egc,6.191252708435059
3788,*OC(C)COC(=O)CCCCCCC(*)=O,egc,6.832894007364909
3789,*c1nc2c(nc1)cc(cc2)c1cc2c(nc(cn2)c2ccc(cc2)Oc2ccc(cc2)*)cc1,tg,317.67803955078125
3790,*CC(=O)c1ccc(C(*)=O)cc1,ei,7.099760850270589
3791,*CC(C)C(=O)O*,egc,6.624720096588135
3792,*Nc1ccc(Cc2ccc(NC(=O)c3ccc(C(*)=O)cc3)cc2)cc1,egc,3.726523478825887
3793,*C(CC(C*)(F)F)(C(F)(F)F)C(F)(F)F,tg,-15.151128133138021
3794,*C(C*)(CC(=O)OCCCCCC)C(=O)OCCCCCC,tg,-17.813283284505207
3795,*c1cc2c(C(=O)N(C2=O)c2ccc(cc2)c2c(cc(cc2c2ccc(cc2)c2ccccc2)c2ccc(cc2)OCCCCCCOc2ccc(cc2)c2cc(c(c(c2)c2ccc(cc2)c2ccccc2)c2ccc(cc2)N2C(=O)c3c(C2=O)cc(cc3)C(=O)*)c2ccc(cc2)c2ccccc2)c2ccc(cc2)c2ccccc2)cc1,tg,221.0512898763021
3796,*Nc1ccc(cc1)CC(NC(=O)c1ccc(cc1)C(=O)*)(C)C,tg,242.6095987955729
3797,*CNC(=O)NCOC(=O)Nc1ccc(C)c(NC(=O)O*)c1,egc,4.945845444997151
3798,*c1c(c(c(c(c1Cl)Cl)[Se]*)Cl)Cl,tg,148.88133748372397
3799,*C(CCCCC*)CC,tg,-51.36506144205729
3800,*N1C(=O)c2c(C1=O)c(ccc2)Oc1ccc(cc1)C(c1ccc(cc1)Oc1c2c(C(=O)N(C2=O)c2ccc(cc2)Oc2ccc(cc2)c2ccc(cc2)Oc2ccc(cc2)*)ccc1)(C(F)(F)F)C(F)(F)F,tg,252.1303456624349
3801,*Oc1ccc(cc1)C(c1ccc(cc1)OC(=O)OC1C(C(C1(C)C)OC(=O)*)(C)C)(C)C,tg,131.05242919921875
3802,*c1c2C(=O)N(C(=O)c2c(c2ccccc12)c1ccc(cc1)Oc1ccc(cc1)C(=O)c1ccc(cc1)Oc1ccc(cc1)*)CCCCCCCCCCCC,tg,169.05903116861978
3803,*Oc1c(cccc1)C(=O)OC(=O)c1c(cccc1)OC(=O)CCCC(=O)*,tg,56.59855651855469
3804,*Oc1cc(cc(c1)CCCCCCCCC)OC(=O)c1cc(ccc1)C(=O)*,tg,39.52737935384115
3805,*C(F)(F)C(F)(F)C(=S)O*,egc,3.251003901163737
3806,*C(=O)c1ccc(-c2ccc(-c3ccc(*)s3)cc2)s1,eea,3.4079293409983316
3807,*C(C*)OC(=O)c1cnccc1,tg,85.65132649739583
3808,*Oc1c(C)c(C)c(Oc2ccc(NC(=O)c3ccc(C(=O)Nc4ccc(*)cc4)cc3)cc2)c(C)c1C,egc,3.732860883076986
3809,*OC(=O)CCCCCCCCCCCCCCCCCCCCCCCCCCCCCCCCCCC(=O)OCCCC*,tg,-41.033304850260414
3810,*C(=O)Nc1cccc(NC(=O)c2ccc3[nH]c(-c4cc(-c5nc6cc(*)ccc6[nH]5)cc(N5C(=O)c6ccccc6C5=O)c4)nc3c2)c1,egc,2.528467893600464
3811,*OC(=S)Oc1ccc(*)s1,eps,4.5329826672871905
3812,*Oc1ccc(cc1)NC(=O)c1ccc(cc1)C(=O)Nc1ccc(cc1)Oc1ccc(cc1)C1(C2CCC(C1)C2)c1ccc(cc1)*,tg,273.31591796875
3813,*CCC(C=C1)=CC=C1C(S2)=CC=C2*,egc,3.6869584719340005
3814,*c1cc2c(C(=O)N(C2=O)c2ccc(cc2)Sc2ccc(cc2)N2C(=O)c3c(C2=O)cc(cc3)C(*)(C(F)(F)F)C(F)(F)F)cc1,tg,287.8165690104167
3815,*CCCO*,egb,6.861514250437419
3816,*Nc1ccc(*)c(Cl)c1Cl,egc,4.070967515309651
3817,*OC(=O)c1cc2c(cc1)cc(cc2)C(=O)OCCCCCC*,tg,54.334337870279946
3818,*CCOCCC(=O)O*,egc,6.494829972585042
3819,*c1ccc(C(=O)Nc2ccc(-n3c(=O)c4cc5c(=O)n(*)c(=O)c5cc4c3=O)cc2)cc1,egc,2.198692798614502
3820,*C(C*)c1cc(c(cc1)Cl)[N+](=O)[O-],tg,140.28313700358072
3821,*C(F)C(*)(F)F,egb,7.858920256296794
3822,*Cc1ccc(-c2ccc(O*)cc2)s1,ei,5.348101615905762
3823,*c1cc2c(C(=O)N(C2=O)c2cc(ccc2)C(=O)c2ccc(cc2)C(=O)c2cc(ccc2)N2C(=O)c3c(C2=O)cc(cc3)C(=O)*)cc1,tg,268.69610595703125
3824,*CCCNC(=O)CCCCCCCC(=O)NCCCNC(=O)C(=O)N*,egc,4.989494800567627
3825,*c1oc(nn1)c1ccc(cc1)[Si](c1ccc(cc1)*)(c1ccccc1)c1ccccc1,tg,273.4626057942708
3826,*CCCCCCCCCCCCCCCCCC(=O)N*,egc,6.0599667231241865
3827,*c1cc2c(C(=O)N(C2=O)c2ccc(cc2)C(c2ccc(cc2)N2C(=O)c3c(C2=O)cc(cc3)C(=O)*)c2ccccc2)cc1,tg,298.5872395833333
3828,*C1(c2c(C(=O)N1)cccc2)c1ccc(cc1)Oc1ccc(cc1)NC(=O)c1cc2c(C(=O)N(C2=O)c2ccc(cc2)Sc2ccc(cc2)N2C(=O)c3c(C2=O)cc(cc3)C(=O)Nc2ccc(cc2)Oc2ccc(cc2)*)cc1,tg,300.7433675130208
3829,*OC(C)CCC(C)OC(=O)CCCCCCCCC(*)=O,egc,6.458005587259929
3830,*C1C2C(C(=O)N(C2=O)c2ccc(cc2)Cl)C(C1)C=C*,tg,218.39961751302084
3831,*C(C*)c1c(ccc(c1)Br)OCCCC,tg,55.06376393636068
3832,*Oc1ccc(CC(*)=O)cc1,nc,1.7820972204208374
3833,*C(C*)(C(=O)OCCF)C,tg,63.56732177734375
3834,*O[Si](C#Cc1ccc(cc1)C#C[Si](*)(C)C)(C)C,tg,76.95772806803386
3835,*c1sc(*)c2nc(-c3ccccc3)c(CC)nc12,egc,2.7451964219411216
3836,*Cc1ccc(-c2ccc(-c3ccc(*)s3)cc2)s1,ei,5.373144308725993
3837,*CCCOC(=O)CCCCC(=O)O*,egc,6.823941071828206
3838,*OC(=S)c1ccc(-c2ccc(*)cc2)cc1,ei,6.00383456548055
3839,*c1cc2c(C(=O)N(C2=O)c2ccc(cc2)Oc2ccc(cc2)N2C(=O)c3c(C2=O)cc(cc3)C(=O)Oc2c(cc(cc2)OC(=O)*)C(C)(C)C)cc1,tg,234.18250020345053
3840,*Cc1ccc(-c2ccc(C(*)=S)cc2)s1,ei,5.849246501922607
3841,*Oc1ccc(cc1)OC(=O)c1cc(ccc1)Oc1cc(ccc1)C(=O)*,tg,116.51099395751953
3842,*c1ccc(-c2ccc(*)c(Cl)c2)cc1Cl,egc,3.7055698235829673
3843,*Oc1c(cc(cc1Cl)C(c1cc(c(c(c1)Cl)OC(=O)*)Cl)C1C2CCC(C1)C2)Cl,tg,293.72828165690106
3844,*NC(=O)c1ccc(-c2ccc(*)cc2)s1,eps,5.929888089497884
3845,*CC(C)(CCC)C(=O)O*,egc,6.568619092305501
3846,*C([2H])([2H])C(*)([2H])Cl,egc,6.770140329996745
3847,*C1C2C(C(=O)N(C2=O)CCCCCC)C(C1)C=C*,tg,88.21028900146484
3848,*C(C*)(C(=O)Oc1ccc(cc1)C(=O)O)C,tg,133.9458465576172
3849,*Oc1ccc(cc1)S(=O)(=O)c1ccc(cc1)Oc1ccc(cc1)C=C1C(=O)C(=Cc2ccc(cc2)*)CCC1,tg,183.94342041015625
3850,*C(C(CCCCCC*)c1ccc(cc1)O)c1c(cc(cc1)O)C,tg,7.991719563802083
3851,*c1cc2C(c3c(c2cc1)ccc(c3)C(=Cc1cc(cc(c1)N(c1ccccc1)c1ccccc1)C=C(*)C#N)C#N)(CCCCCCCC)CCCCCCCC,tg,138.77137247721353
3852,*c1nc(c(nc1c1ccc(cc1)NC(=O)Nc1ccc(cc1)NC(=O)Nc1ccc(cc1)*)C#N)C#N,tg,236.57262674967447
3853,*CCCCCCCCCCN(C)C(=O)CCCCCCCCC(=O)N(*)C,egc,5.367548783620198
3854,*c1cc2c(C(=O)N(C2=O)c2cc(ccc2)P(=O)(c2cc(ccc2)N2C(=O)c3c(C2=O)cc(cc3)C(=O)Nc2ccc(cc2)C(=O)c2ccc(cc2)NC(=O)*)c2ccccc2)cc1,tg,235.97457377115884
3855,*Cc1ccc(-c2ccc(-c3ccc(*)cc3)cc2)cc1,nc,1.930111010869344
3856,*OC(=O)Nc1ccc(cc1)Cc1ccc(cc1)NC(=O)OCCN(CC*)CCCCCCOc1ccc(cc1)N=Nc1ccccc1,tg,46.16704305013021
3857,*CCCCCCOC(=O)OCCCCCCCCCCCCOC(=O)OCCCCCCn1c(=O)c2cc3c(=O)n(*)c(=O)c3cc2c1=O,egc,3.829883416493734
3858,*CC(C=C1)=CC=C1C(=S)C(C=C2)=CC=C2*,egc,2.739020586013794
3859,*Oc1ccc(cc1)S(=O)(=O)c1ccc(cc1)c1ccc(cc1)S(=O)(=O)c1ccc(cc1)Oc1ccc(cc1)c1ccc(cc1)c1ccc(cc1)*,tg,274.7912190755208
3860,*C(=O)OC1CCC(OC(=O)N2CCN(*)CC2)CC1,egb,6.430082321166992
3861,*SSCCCCC*,tg,-51.2572275797526
3862,*Oc1ccc(cc1)Oc1ccc(cc1)OCCCCCCOC(=O)OCCCCCCCCCCCCOC(=O)OCCCCCC*,tg,-14.311274210611979
3863,*c1ccc2c(c1)C(CC(CC)CCCC)(CC(CC)CCCC)c1cc(*)ccc1-2,egc,2.785978396733602
3864,*c1ccc(N=Nc2ccc(-c3csc(-c4nc(*)cs4)n3)cc2)cc1,egc,3.149601697921753
3865,*c1cc2c(C(=O)N(C2=O)c2ccc(cc2)C2(CCC(CC2)C(CC)(C)C)c2ccc(cc2)NC(=O)*)cc1,tg,320.93822224934894
3866,*Oc1ccc(C(C)(C)c2ccc(OC(=O)SCCCSC(*)=O)cc2)cc1,egc,4.005802075068156
3867,*Oc1ccc(cc1)Oc1ccc(cc1)C(=O)c1ccc(cc1)P(=O)(c1ccc(cc1)C(=O)c1ccc(cc1)*)c1ccccc1,tg,210.51478068033853
3868,*CC(C=C1)=CC=C1NO*,egc,4.849682966868083
3869,*c1ccc(Oc2ccc(-c3nc4ccc(-c5ccc6nc(*)c(-c7ccccc7)nc6c5)cc4nc3-c3ccccc3)cc2)cc1,egc,3.3400350411732993
3870,*C(C*)(C(=O)NC(=O)OCCOc1c(cc(cc1Br)S(=O)(=O)c1cc(c(c(c1)Br)OCCO)Br)Br)C,tg,149.03972371419272
3871,*C(C*)(C(=O)OCCCCCC(=O)Oc1ccc(cc1)OC(=O)c1ccc(cc1)OCCC)C,tg,37.894063313802086
3872,*C(C=C1)=CC=C1OC(=S)O*,egc,4.767152627309163
3873,*SC1CC(CCC1)*,tg,12.534629821777344
3874,*c1cc2c(C(=O)N(C2=O)c2ccc(cc2)C2(c3ccccc3c3ccccc23)c2ccc(cc2)N2C(=O)c3c(C2=O)cc(cc3)C(*)(C(F)(F)F)C(F)(F)F)cc1,tg,360.3746744791667
3875,*c1cc2c(C(=O)N(C2=O)c2cc(ccc2)P(=O)(c2cc(ccc2)N2C(=O)c3c(C2=O)cc(cc3)C(=O)*)c2ccc(cc2)C(F)(F)F)cc1,tg,260.70269775390625
3876,*Oc1c(cc(cc1c1ccccc1)Cc1cc(c(c(c1)c1ccccc1)OC(=O)CCCCCCCCC(=O)*)c1ccccc1)c1ccccc1,tg,88.36861928304036
3877,*C=CCCCCCCCCCC(CCCCCCCCC*)COCCOCCOCCOCCOCCCCCC,tg,-64.92284138997395
3878,*c1oc(nc1c1ccc(cc1)OCOc1ccc(cc1)*)c1ccc(cc1)[N+](=O)[O-],tg,261.3080647786458
3879,*N1C(=O)c2c(C1=O)cc(cc2)Oc1c(cc(cc1C)C(c1cc(c(c(c1)C)Oc1cc2c(C(=O)N(C2=O)c2ccc(cc2)Oc2ccc(cc2)C2(C3CCC(C2)C3)c2ccc(cc2)Oc2ccc(cc2)*)cc1)C)(C)C)C,tg,268.1765441894531
3880,*CC(*)OC(=O)OCC(Cl)(Cl)Cl,egc,6.6088612874348955
3881,*Nc1cc(*)ccc1C,egc,4.312760353088379
3882,*c1ccc(-c2cc(-c3ccc(CCCCCCCC)cc3)c(*)s2)s1,egc,2.0086785157521567
3883,*C1C(=O)N(C(=O)C1C(C*)c1ccccc1)c1ccc(cc1)Oc1ccccc1,tg,257.82590738932294
3884,*Oc1ccc(cc1)C=NN=Cc1ccc(cc1)Oc1ccc(cc1)C(c1ccc(cc1)*)(C)C,tg,152.93933614095053
3885,*CCOCCOC(=O)C1CCC(C(=O)O*)CC1,egc,6.482869942982991
3886,*CCOC(=O)CCCCSCCCCC(=O)O*,egc,5.266702969868978
3887,*OC(C)COC(=O)COCC(*)=O,egc,6.198285261789958
3888,*c1ccc(Cc2ccc(-n3c(=O)c4cc5c(=O)n(*)c(=O)c5cc4c3=O)cc2)cc1,egc,2.7226943174997964
3889,*Sc1ccc(cc1)Sc1ccc(cc1)Sc1ccc(cc1)P(=O)(c1ccc(cc1)*)c1ccccc1,tg,203.15463256835938
3890,*CC(CC(CC(CC(*)c1ccccc1)c1ccccc1)c1ccccc1)c1ccccc1,eea,2.1212428410847983
3891,*c1ccc(-n2cc3c(n2)C(=O)c2cn(*)nc2C3=O)cc1,egc,3.695364077885946
3892,*C1C2C(C(C1)C=C*)C1CCC2C1,tg,73.27635447184245
3893,*CC(*)C(=O)Nc1ccc2c(c1)C(=O)c1ccccc1C2=O,egc,3.416858990987142
3894,*c1cc2c(nc(cc2c2ccccc2)Oc2nc3c(c(c2)c2ccccc2)cc(cc3)c2ccc(cc2)*)cc1,tg,327.9523518880208
3895,*C(C*)C(=O)OCCC,tg,-29.212870279947918
3896,*C(C*)(CC(=O)OCCC)C(=O)OCCC,tg,20.404950459798176
3897,*N1C(=O)c2c(C1=O)cc(cc2)Oc1ccc(cc1)C1(CCC(CC1)c1ccccc1)c1ccc(cc1)Oc1cc2c(C(=O)N(C2=O)c2ccc(cc2)Oc2ccc(cc2)*)cc1,tg,228.93172200520834
3898,*Oc1ccc(cc1)P(=O)(c1ccc(cc1)Oc1ccc(cc1)C(c1ccc(cc1)*)(C)C)c1ccccc1,tg,208.59337361653647
3899,*CCCCOC(=O)c1ccc(C(=O)O*)cc1,nc,1.7501692374547322
3900,*C(C*)c1ccc(cc1)CC,tg,73.80662027994792
3901,*C1=C(C(=O)N(C1=O)CCCCCCCCCCCC)c1ccc(cc1)c1cc2C(c3c(c2cc1)ccc(c3)c1ccc(cc1)*)(CCCCCC)CCCCCC,tg,138.2818400065104
3902,*C(=O)c1ccc2c(c1)C(=O)N(c1cccc(-c3nc(-c4ccccc4)nc(-c4cccc(N5C(=O)c6ccc(*)cc6C5=O)c4)n3)c1)C2=O,egc,2.552638530731201
3903,*OC(=O)C=CC(=O)NCCCCCCNC(=O)C=CC(=O)OCCOCCOCCOCC*,tg,57.058125813802086
3904,*Oc1c(cc(c(c1)OC(=O)c1ccc(cc1)OCCC)OC(=O)CCCC(=O)*)OC(=O)c1ccc(cc1)OCCC,tg,61.53211975097656
3905,*Oc1ccc(OC(=O)c2ccc(C(*)=O)cc2)cc1C1CCCCCCC1,egc,3.582242806752523
3906,*CC(*)O,egb,7.634159882863362
3907,*N1C(=O)c2c(C1=O)cc(cc2)Oc1c(cccc1)Oc1cc2c(C(=O)N(C2=O)c2cc(c(cc2)Oc2ccc(cc2)C(c2ccc(cc2)Oc2c(cc(cc2)*)C(F)(F)F)(C(F)(F)F)C(F)(F)F)C(F)(F)F)cc1,tg,201.96125284830728
3908,*Oc1ccc(cc1)C(c1ccc(cc1)C(c1ccc(cc1)OC(=O)*)(C)C)(C)C,tg,141.76114908854166
3909,*CC(C=C1)=CC=C1CC(=S)*,egc,3.1655706564585366
3910,*C(=S)c1ccc(C(F)(F)C(*)(F)F)cc1,eps,4.402294794718425
3911,*c1cc2c(C(=O)N(C2=O)c2ccc(cc2)Oc2cc(ccc2)c2nc(cc(c2)c2ccccc2)c2cc(ccc2)Oc2ccc(cc2)N2C(=O)c3c(C2=O)cc(cc3)C(=O)*)cc1,tg,208.44637044270834
3912,*Oc1ccc(S(=O)(=O)NCCNS(=O)(=O)c2ccc(*)cc2)cc1,egc,4.022771676381429
3913,*OC(=O)NCCCCCCNC(=O)OCCCCCC*,tg,35.92001597086588
3914,*c1c([nH]c(n1)c1ccc(cc1)c1[nH]c(c(n1)c1ccc(cc1)Oc1ccc(cc1)S(=O)(=O)c1ccc(cc1)Oc1ccc(cc1)*)c1ccccc1)c1ccccc1,tg,282.97625732421875
3915,*CC(=O)OC(*)=S,ei,7.063992500305176
3916,*CCCCCCCCOC(=O)NNC(=O)CCCCCCCCC(=O)NNC(=O)O*,egc,5.665194193522136
3917,*c1ccc(C(F)(F)c2ccc(C(*)(F)F)cc2)cc1,eps,3.918314536412557
3918,*C(C*)C(=O)OCCCOC,tg,-44.24159240722656
3919,*CCCCCCCCNC(=O)Cc1ccc(CC(=O)N*)cc1,egc,5.12290636698405
3920,*Oc1ccc(cc1)CC(NC(=O)Cc1ccc(cc1)OC(=O)CCCC(=O)*)C(=O)OCCCCCCCC,tg,32.54518127441406
3921,*OC(COC(=O)c1cc(ccc1)C(=O)*)C,tg,79.34602610270183
3922,*c1ccc(C(=S)c2ccc(-c3ccc(*)s3)s2)cc1,eps,6.954835414886475
3923,*C(=S)NC(F)(F)C(*)(F)F,egb,3.4016969998677573
3924,*c1cc2c(C(=O)N(C2=O)c2c(cc(c(c2C)N2C(=O)c3c(C2=O)cc(c(c3)Cl)C(=O)*)C)C)cc1Cl,tg,372.06561279296875
3925,*OC(COC(=O)C1=C(C2C=CC1C2)C(=O)OCC(OC(=O)c1ccc(cc1)C(=O)*)CCl)CCl,tg,84.76519775390625
3926,*Cc1ccc(C(=O)C(*)=S)s1,egb,2.1365232467651367
3927,*N1C(=O)c2c(C1=O)cc(cc2)Oc1c2c(ccc1)c(ccc2)Oc1cc2c(C(=O)N(C2=O)c2ccc(cc2)Oc2ccc(cc2)*)cc1,tg,251.3674570719401
3928,*Nc1ccc(Oc2ccc(*)s2)cc1,egb,3.7231300671895347
3929,*C(=O)CCCCCCCCC(=O)N1CC(C)N(*)CC1C,egc,5.474338531494141
3930,*Cc1ccc(C(=S)O*)cc1,ei,6.2650572458903
3931,*C1C(=O)N(C(=O)C1*)c1ccc(cc1)O[Si](C)(C)C,tg,200.55668131510416
3932,*CC(C1=CC=CC=N1)CC(C2=CC=CC=N2)CC(C3=CC=CC=N3)*,egc,4.077895879745483
3933,*CC(=O)c1ccc(-c2ccc(*)s2)cc1,egb,2.585395256678263
3934,*COC(=O)OCC1OC(C)(C)OC1*,egc,6.203612486521403
3935,*Oc1ccc(cc1)C(=O)Nc1ccc(cc1)Cc1ccc(cc1)NC(=O)c1ccc(cc1)Oc1ccc(cc1)C(=O)c1ccc(cc1)S(=O)(=O)c1ccc(cc1)C(=O)c1ccc(cc1)*,tg,248.39010620117188
3936,*Nc1ccc(-c2ccc(C(*)=O)s2)s1,egb,1.7092495759328206
3937,*NC(=S)NC(C=C1)=CC=C1NC(=S)NC(C=C2)=CC=C2CC(C=C3)=CC=C3*,egc,3.6972058614095054
3938,*c1ccc(Nc2cc(C)c(*)s2)cc1,egc,3.427094300587972
3939,*N1C(=O)c2c(C1=O)cc(cc2)c1cc2c(C(=O)N(C2=O)C2CCC(CC2)*)cc1,tg,346.8899434407552
3940,*CCCNC(=O)O*,egc,6.1622856458028155
3941,*CCC(*)O,egc,6.280191898345947
3942,*CONC(*)=O,egb,5.438368161519368
3943,*c1ccc(-c2cc(-c3ccccc3)c3cc(-c4ccc5nc(*)cc(-c6ccccc6)c5c4)ccc3n2)cc1,egc,3.145490805308024
3944,*c1ccc(C(=S)c2ccc(C(=S)C(=O)Nc3ccc(-c4ccc(*)s4)cc3)s2)s1,eps,6.351573785146077
3945,*N1C(=O)c2c(C1=O)cc(cc2)Oc1cc2c(C(=O)N(C2=O)c2cc(c(cc2)Oc2c(cc(cc2C(C)(C)C)c2ccc(cc2)*)C(C)(C)C)C(F)(F)F)cc1,tg,329.0933024088542
3946,*c1cc2c(C(=O)N(C2=O)c2ccc(cc2)Oc2ccc(cc2)N2C(=O)c3c(C2=O)cc(cc3)C(*)O[Si](O[Si](O[Si](C)(C)C)(C)C)(C)C)cc1,tg,225.87023417154947
3947,*OC(=O)c1cc(cc(c1)C(C(C(C(C(C(C(F)(F)F)(F)F)(F)F)(F)F)(F)F)(F)F)(F)F)C(=O)OCC(C(C(C*)(F)F)(F)F)(F)F,tg,33.54413350423177
3948,*C(C*)n1nc2c(c1)cccc2,tg,134.73585001627603
3949,*Nc1ccc(NC(=O)NC(=O)NC(*)=O)s1,ei,4.898640155792236
3950,*c1cc2c(C(=O)N(C2=O)c2ccc(cc2)Oc2ccc(cc2)N2C(=O)c3c(C2=O)cc(cc3)C(=O)Oc2c(cc(cc2)OC(=O)*)c2ccccc2)cc1,tg,211.809326171875
3951,*NOC(=O)O*,nc,1.8077586094538372
3952,*OC(=O)c1c2c(c(cc1)C(=O)OCC*)cccc2,tg,67.15239715576172
3953,*C(C*)c1c(ccc(c1)C(C)(C)C)C,tg,133.02049763997397
3954,*C#Cc1cc(OCCCCCCCC)c(C#Cc2ccc(*)s2)cc1OCCCCCCCC,egc,2.7950515747070312
3955,*CCC(C)O[Si](C)(C)O*,egc,6.006604512532552
3956,*c1c(c(cc(c1)C(C)(C)C)C*)O,tg,162.00013224283853
3957,*c1nc(nc(c1c1ccc(cc1)OC)OCCOC(=O)CCCCC(=O)OCCO*)c1ccc(cc1)OC,tg,25.866256713867188
3958,*O[Si](c1cc(ccc1)*)(c1ccccc1)c1ccccc1,tg,111.44663492838542
3959,*Nc1cc(ccc1)NC(=O)c1ccc(cc1)C(=O)Nc1cc(ccc1)NC(=S)NC(=O)CCCCCCCCC(=O)NC(=S)*,tg,217.99161783854166
3960,*CCCc1ccc(*)cc1,ei,6.102431138356526
3961,*NC(=S)NC(*)=S,eps,6.953280925750732
3962,*C(C*)c1ccc(cc1)OC(C)(C)C,tg,120.13014221191406
3963,*CCCCCCCCCCC(=O)NCCCCCCNC(=O)CCCCO*,egc,5.87890625
3964,*c1nc2c([nH]1)ccc(c2)c1ccc2c(nc([nH]2)CCCCCCCC*)c1,tg,217.07960001627603
3965,*CC(=O)O*,egc,6.617898941040039
3966,*NNC(=O)c1ccc(C(=O)NNC(=S)c2cccc(C(*)=S)c2)cc1,egc,3.3080246448516846
3967,*CC(*)C(=O)Nc1ccccc1Cl,egc,4.480156262715657
3968,*OC(=O)Nc1c(ccc(c1)NC(=O)OCCN(CC*)c1ccc(cc1)N=Nc1ccc(cc1)c1nc2c([nH]1)ccc(c2)[N+](=O)[O-])C,tg,191.3127237955729
3969,*C(C*)(C(=O)OCCCCCC)C#N,tg,72.65697224934895
3970,*C(=O)c1ccc2c(c1)C(=O)N(c1ccc(Oc3cc(C(C)(C)C)c(Oc4ccc(N5C(=O)c6ccc(*)cc6C5=O)cc4)cc3C(C)(C)C)cc1)C2=O,egc,2.5884851614634194
3971,C(=O)(*)C1=CC=C(C=C1)S(=O)(=O)C1=CC=C(C=C1)C(=O)OC1=CC=C(C=C1)C1(OC(=O)C2=C1C=CC=C2)C1=CC=C(C=C1)O(*),egc,3.636286417643229
3972,*c1cccc(Oc2ccc(S(=O)(=O)c3ccc(Oc4cccc(N5C(=O)c6ccc(-c7ccc8c(c7)C(=O)N(*)C8=O)cc6C5=O)c4)cc3)cc2)c1,egc,3.1071770985921225
3973,*c1ccc(S(=O)(=O)c2ccc(-n3nc(*)c4ccccc4c3=O)cc2)cc1,egc,3.4045862356821694
3974,*C(C*)OC(=O)CCCC(=O)c1ccccc1,tg,22.40332539876302
3975,*C(C*)OC=O,tg,93.26046498616536
3976,*Nc1ccc(*)cc1Br,egc,3.6151673793792725
3977,*Oc1ccc(C(C)=Cc2ccc(OC(=O)OCCCCCOC(*)=O)cc2)cc1,egc,4.108736991882324
3978,*C(F)C(*)(F)F,eps,3.5446316401163735
3979,*c1cc2n(c3c(c2cc1)ccc(c3)c1c2cc(ccc2c(c2cc(ccc12)C=Cc1ccc(cc1)N(CCCCCC)CCCCCC)*)C=Cc1ccc(cc1)N(CCCCCC)CCCCCC)CCCCCCCC,tg,135.75904337565103
3980,*N1C(=O)c2c(C1=O)cc(cc2)Oc1cc2c(cc1)ccc(c2)Oc1cc2c(C(=O)N(C2=O)c2ccc(cc2)Oc2ccc(cc2)*)cc1,tg,250.48041788736978
3981,*N1C(=O)c2c(C1=O)cc(cc2)c1cc2c(C(=O)N(C2=O)c2ccc(cc2)Oc2ccc(cc2)C(c2ccc(cc2)Oc2ccc(cc2)*)(C(F)(F)F)C(F)(F)F)cc1,tg,249.39144897460938
3982,*C(=O)CCCCCCCCC(=O)N1CCN(*)CC1,egc,5.634809335072835
3983,*CC(=S)C(=O)O*,egc,2.8327940305074057
3984,*c1nc2c(n1C)ccc(c2)c1ccc2c(nc([nH]2)c2cc(ccc2)*)c1,tg,361.13404337565106
3985,*c1cc2c(C(=O)N(C2=O)c2cc(cc(c2)OCCCC)N2C(=O)c3c(C2=O)cc(cc3)C(*)(C(F)(F)F)C(F)(F)F)cc1,tg,244.74990844726562
3986,*c1nc(nc(n1)Oc1ccc(cc1)C(c1ccc(cc1)O*)(C)C)Cl,tg,149.81351216634116
3987,*Oc1cc(ccc1)C(=O)OCCN(CCOC(=O)c1cc(ccc1)OCC#CC#CC*)c1ccc(cc1)N=Nc1ccc(cc1)C#N,tg,106.4735336303711
3988,*c1ccc(*)n1CCC(=O)OC(C)C(=O)OCC,egc,2.8660271962483725
3989,*OC(COC(=O)*)COC(C)C,tg,0.6982269287109375
3990,*c1cc2c(C(=O)N(C2=O)c2ccc(cc2)C(=O)OCCCCCCCOC(=O)*)cc1,tg,90.03668467203777
3991,*Oc1c(cc(cc1C)C1(c2ccccc2c2ccccc12)c1cc(c(c(c1)C)OC(=O)c1cc(ccc1)C(=O)*)C)C,tg,250.38758341471353
3992,*CNC(=O)CCCCC(=O)NCC1COC(*)CO1,egc,5.760838985443115
3993,*CCCCCOC(=O)NC(=O)C1CC1C(=O)NC(=O)O*,egb,6.042156378428142
3994,*c1oc(cc1)C(c1oc(cc1)CNC(=O)OC(COC(=O)NC*)c1occc1)(C)C,tg,51.37212117513021
3995,*Oc1ccc(cc1)C(=O)c1ccc(cc1)Oc1ccc(cc1)C(=O)c1ccc(cc1)Oc1cc(ccc1)Cc1cc(ccc1)*,tg,120.37357330322266
3996,*C=CC1CC(*)C(C(=O)Oc2ccccc2)C1C(=O)Oc1ccccc1,egc,4.635634740193685
3997,*Sc1cc(ccc1)Sc1ccc(cc1)Sc1ccc(cc1)*,tg,91.90137481689453
3998,*c1cc(CCCCCCO[Si](C)(C)C)c(*)s1,egc,2.473172346750895
3999,*c1cc2c(C(=O)N(C2=O)c2c(cc(cc2CC)Cc2cc(c(c(c2)CC)N2C(=O)c3c(C2=O)cc(cc3)C(=O)*)CC)CC)cc1,tg,289.6404622395833
4000,*CCCCCCNC(=O)C(=O)N*,egc,5.474369049072266
4001,*Cc1ccc(NO*)cc1,egb,4.524644374847412
4002,*C(C*)CCC1CCCCC1,tg,68.17704772949219
4003,*Oc1ccc(cc1)Oc1ccc(cc1)C(=Nc1ccc(cc1)Oc1ccc(cc1)N=C(c1ccc(cc1)*)c1ccccc1)c1ccccc1,tg,156.3165537516276
4004,*Nc1ccc(-c2ccc(-c3ccc(*)s3)s2)s1,eea,2.3586564858754477
4005,*N1C(=O)c2c(C1=O)cc(cc2)c1cc2c(C(=O)N(C2=O)c2c(cc(cc2C)C(c2cc(c(c(c2)C)*)C)c2cc(cc(c2)C(F)(F)F)C(F)(F)F)C)cc1,tg,317.56186930338544
4006,*N1C(=O)c2c(C1=O)cc(cc2)C(=O)c1cc2c(C(=O)N(C2=O)CCC[Si](O[Si](CCC*)(C)C)(C)C)cc1,tg,95.47046152750652
4007,*CC(COC(F)(C(F)(F)F)C(F)(F)F)O*,egc,6.6714019775390625
4008,*Oc1ccc(C2(c3ccc(OC(=O)c4ccc(C(*)=O)cc4)cc3)c3ccccc3-c3ccccc32)cc1,egc,3.4025967915852866
4009,*CC(=S)c1ccc(C(*)=S)cc1,ei,5.51433531443278
4010,*N1C(=O)c2c(C1=O)cc(cc2)Oc1c(cccc1)Oc1cc2c(C(=O)N(C2=O)c2cc(c(cc2)Oc2ccc(cc2)C(c2ccc(cc2)Oc2c(cc(cc2)*)C(F)(F)F)(C)C)C(F)(F)F)cc1,tg,202.3517049153646
4011,*CC(*)C(=O)N(O)c1ccc(Cl)cc1,egc,2.8304540316263833
4012,*CCOCCOCCOC(=O)CCCCCCC(=O)O*,egc,6.448671817779541
4013,*Oc1ccc(cc1)S(=O)(=O)c1ccc(cc1)Oc1ccc(cc1)S(=O)(=O)c1ccc(cc1)c1ccc(cc1)c1ccc(cc1)S(=O)(=O)c1ccc(cc1)*,tg,246.93850708007812
4014,*CCCCCCCCC(=O)NCCCCCCNC(=O)CCCCCCCCO*,egc,5.930941263834636
4015,*CC(*)(C)C(=O)OCCC1CCCCC1,egb,6.262505849202474
4016,*C(C*)c1ccc(cc1)C(=O)CCCC,tg,73.92141215006511
4017,*C1C(=O)N(C(=O)C1*)c1ccc(cc1)O[Si](CC)(CC)CC,tg,282.2355550130208
4018,*N1C(=O)c2c(C1=O)cc(cc2)Oc1cc2c(C(=O)N(C2=O)CCCCCCC*)cc1,tg,125.21420033772786
4019,*C=C(*)c1ccc2ccc3cccc4ccc1c2c34,egc,1.9657471179962158
4020,*CNC(=S)c1ccc(*)cc1,nc,1.9341228405634563
4021,*C(C(*)(F)F)(c1ccccc1)F,tg,122.35016632080078
4022,*C(C*)OC(=O)C(CC(C)(C)C)(C)C,tg,40.22478230794271
4023,*NC(=O)C(S1)=CC=C1O*,egc,3.8662269115448
4024,*NC(=O)c1cc(ccc1)C(=O)NCCCCCCCC*,tg,124.49007161458333
4025,*Oc1ccc(cc1)Oc1ccc(cc1)C=NCCCCCCCCCCCCN=Cc1ccc(cc1)*,tg,76.54491170247395
4026,*C(=C(*)C)CCCCC,tg,34.79995473225912
4027,*N1C(=O)C2C3C4C(C(C2C1=O)C=C3)C(=O)N(C4=O)C(C*)C,tg,239.4810994466146
4028,*C(C*)c1ccc(cc1)C,tg,83.24442545572917
4029,*CCC1CC(*)C2C3CC(CC)C(C3)C12,egb,6.448498566945394
4030,*NC(=S)Nc1ccc(*)cc1,eea,2.579741954803467
4031,*C(C*)(C(=O)OCCN(c1ccc(cc1)C=Cc1ccc(cc1)[N+](=O)[O-])C)C,tg,112.23215738932292
4032,*Oc1ccc(cc1)C(=O)OC(=O)c1ccc(cc1)OCC*,tg,96.71053568522136
4033,*C#CC#Cc1ccc(*)cc1,egc,2.3336452643076577
4034,*C1(c2c(C(=O)O1)cccc2)c1ccc(cc1)OC(=O)c1ccc(cc1)[Si](c1ccc(cc1)C(=O)Oc1ccc(cc1)*)(C)C,tg,263.1290690104167
4035,*P1(=NP(=NP(=N1)(Oc1ccc(cc1)C(=O)OC)Oc1ccc(cc1)C(=O)OC)(Oc1ccc(cc1)C(c1ccc(cc1)O*)(C(F)(F)F)C(F)(F)F)Oc1ccc(cc1)C(=O)OC)Oc1ccc(cc1)C(=O)OC,tg,75.54998524983723
4036,*c1ccc2c(c1)C(CC(CC)CCCC)(CC(CC)CCCC)c1cc(*)ccc1-2,egb,2.4636994997660318
4037,*C(=O)c1ccc(OC(*)=S)s1,eea,3.498124122619629
4038,*NC(=O)c1ccc(C(*)=S)s1,eps,6.16258430480957
4039,*CCCCCCCCCCCCNC(=O)CCCCCCCCCCCCCCC(=O)N*,egc,5.891400496164958
4040,*Oc1cc(ccc1)NC(=O)c1cc(ccc1)C(=O)Nc1cc(ccc1)OCCCCCCCC*,tg,105.51466115315755
4041,*N1C(=O)C2CCC3C(C2C1=O)C(=O)N(C3=O)c1ccc(cc1)Cc1ccc(cc1)*,tg,326.9947916666667
4042,*NC(=O)CCCCC(=O)NCCCC*,tg,43.62745157877604
4043,*N1C(=O)c2c(C1=O)cc(cc2)Oc1ccc(cc1)C1(CCC(CC1)c1ccccc1)c1ccc(cc1)Oc1cc2c(C(=O)N(C2=O)c2ccc(cc2)Oc2c(cc(cc2C)C(c2cc(c(c(c2)C)Oc2ccc(cc2)*)C)(C)C)C)cc1,tg,253.13590494791666
4044,*OS(=O)(=O)c1ccc(*)cc1,egc,4.555365880330403
4045,*NC(C(=O)*)CCC(=O)OCc1ccccc1,tg,16.62823232014974
4046,*CC1CCC(CNC(=O)CCCC(=O)N*)CC1,egc,5.550393104553223
4047,*C(F)(F)C(F)(F)C(C=C1)=CC=C1C(C=C2)=CC=C2*,egc,3.6768058141072593
4048,*c1cc2c(C(=O)N(C2=O)c2ccc(cc2)Oc2c3c(ccc2)c(ccc3)Oc2ccc(cc2)N2C(=O)c3c(C2=O)cc(cc3)C(=O)Nc2ccc(cc2)C(c2ccc(cc2)NC(=O)*)(C(F)(F)F)C(F)(F)F)cc1,tg,276.1494547526042
4049,*Oc1c(cccc1)C(=O)OC(=O)c1c(cccc1)OC(=O)c1cc(ccc1)C(=O)*,tg,125.1615219116211
4050,*N1C(=O)c2c(C1=O)cc(cc2)c1cc2c(C(=O)N(C2=O)c2ccc(cc2)Oc2c(cc(cc2C)Cc2cc(c(c(c2)C)Oc2ccc(cc2)*)C)C)cc1,tg,287.4661560058594
4051,*S(=O)(=O)C(C=CC*)CC,tg,69.78526306152344
4052,*CC(=O)c1ccc(C(*)=O)cc1,eea,2.9302457173665366
4053,*CCN(CCOC(=O)Nc1ccc(C)c(NC(=O)O*)c1)c1ccccc1,egc,4.163771947224935
4054,*c1ccc(C(=S)c2ccc(-c3ccc(*)s3)s2)cc1,ei,5.548078854878743
4055,*C(F)(F)C(C=C1)=CC=C1C(F)(F)C(C=C2)=CC=C2*,egc,4.355655193328857
4056,*c1cc2c(C(=O)N(C2=O)c2ccc(cc2)Oc2ccc(cc2)C(c2ccc(cc2)Oc2ccc(cc2)N2C(=O)c3c(C2=O)cc(cc3)C(=O)*)(C(F)(F)F)C(F)(F)F)cc1,tg,264.52272542317706
4057,*CCCCCCC(Cl)C(*)Cl,egc,6.9949541091918945
4058,*Oc1ccc(cc1)C1(c2ccccc2c2ccccc12)c1ccc(cc1)Oc1c(cc(cc1)c1ccc(cc1)NC(=O)c1cc(cc(c1)C(C)(C)C)C(=O)Nc1ccc(cc1)c1cc(c(cc1)*)C(F)(F)F)C(F)(F)F,tg,282.40313720703125
4059,*O[Zn]OC(=O)c1c(cccc1)C(=O)OCCCCCOC(=O)Nc1c(ccc(c1)NC(=O)OCCCCCOC(=O)c1c(cccc1)C(=O)*)C,tg,23.61730194091797
4060,*Oc1c(cc(c(c1)C(C)(C)C)Oc1ccc(cc1)C(=O)Nc1ccc(cc1)C(c1ccc(cc1)NC(=O)c1ccc(cc1)*)(C(F)(F)F)C(F)(F)F)C(C)(C)C,tg,276.1113688151042
4061,*NC(=O)C(C*)C,tg,97.02119700113933
4062,*C(=S)CC(F)(F)C(*)(F)F,eps,3.884172042210897
4063,*c1ccc(-c2ccc(-c3ccc(-c4ccc(*)n4CCCCCCCCCCCC)s3)s2)s1,egc,2.3163340091705322
4064,*Oc1ccc(cc1)C1(CC(CC(C1)C)(C)C)c1ccc(cc1)OC(=O)*,tg,182.4277598063151
4065,*Nc1ccc(-c2ccc(-c3ccc(*)cc3)s2)cc1,eea,1.976645867029826
4066,*OC(=O)Nc1ccc(cc1)Cc1ccc(cc1)NC(=O)OCCCC*,tg,91.32934061686198
4067,*Oc1ccc(cc1)S(=O)(=O)c1ccc(cc1)OC(=O)c1ccc(cc1)[Si](c1ccc(cc1)C(=O)*)(C)C,tg,188.614990234375
4068,*N1C(=O)c2c(C1=O)cc(cc2)OCCN(CCOc1cc2c(C(=O)N(C2=O)c2ccc(cc2)Cc2ccc(cc2)*)cc1)c1ccc(cc1)C=Cc1ccc(cc1)[N+](=O)[O-],tg,190.93077087402344
4069,*c1cc2c(C(=O)N(C2=O)c2c(cc(c(c2)C)N2C(=O)c3c(C2=O)cc(cc3)C(*)(C(F)(F)F)C(F)(F)F)C)cc1,tg,347.0802001953125
4070,*Nc1ccc(C(=S)c2ccc(*)cc2)cc1,eea,2.983569065729777
4071,*Nc1nc(Nn2c(=O)c3cc4c(=O)n(*)c(=O)c4cc3c2=O)nc(N(CCCC)CCCC)n1,egc,2.9318527380625405
4072,*C#CC#Cc1ccc(-c2ccc(*)s2)s1,egc,2.228311777114868
4073,*CNCC(*)=S,egb,3.126209100087484
4074,*Oc1ccc(S(=O)(=O)c2ccc(Oc3ccc(C4(c5ccc(*)cc5)CCCCC4)cc3)cc2)cc1,egc,3.8403369585673013
4075,*C(C*)C(=O)OCCOC,tg,-34.57484436035156
4076,*C(C*)C(=O)OC(C(F)(F)F)(C(F)(F)F)F,tg,43.941637674967446
4077,*CC(CCl)(CCl)COC(=O)c1ccc(C(=O)O*)cc1,egc,4.8054579099019366
4078,*CCOC(=O)NCCCCCCNC(=O)O*,egc,6.375496069590251
4079,*CCCCCCCCC(*)Cl,egb,7.008664131164551
4080,*c1oc(nn1)c1ccc(cc1)Oc1cc(ccc1)NC(=O)c1cc(cc(c1)N1C(=O)c2c(C1=O)c(c(c(c2Cl)Cl)Cl)Cl)C(=O)Nc1cc(ccc1)Oc1ccc(cc1)*,tg,288.5441589355469
4081,*CC(*)c1ccccc1Cl,egc,3.1121466954549155
4082,*OC(=O)c1c(cc(cc1)C(=O)OCCN(CC*)c1ccc(cc1)N=Nc1[nH]c(c(n1)C#N)C#N)OCCCCC,tg,145.06998189290366
4083,*CCCCc1nc2cc3nc(*)[nH]c3cc2[nH]1,egc,4.540037949879964
4084,*N=P(*)(Oc1ccc(cc1)Cl)Oc1ccc(cc1)Cl,tg,31.406333923339844
4085,*c1sc(cc1CCCCCCOC(=O)COc1ccccc1)*,tg,41.04156748453776
4086,*OC(=O)c1cc(ccc1)C(=O)OCCCCCCCCCC*,tg,6.1136830647786455
4087,*Oc1cc(OC)c(*)cc1OC,egc,4.030795971552531
4088,*C=CC1CC(*)C2C(=O)N(c3ccccc3C)C(=O)C12,egc,4.925412495930989
4089,*OCCOCCNC(=O)Nc1ccc(cc1)Cc1ccc(cc1)NC(=O)NCC*,tg,66.55944315592448
4090,*Oc1cc(ccc1)Oc1ccc(cc1)N=Cc1ccc(cc1)N(c1ccc(cc1)C=Nc1ccc(cc1)*)c1ccccc1,tg,130.9001490275065
4091,*CC(S1)=CC=C1C(=O)O*,egc,4.460012912750244
4092,*Oc1ccc(cc1)C=C1C(=O)C(=Cc2ccc(cc2)OCCCCCCCCCC*)CCC1,tg,89.4458491007487
4093,*C(C*)OC(=O)C(C(C(C(C(C(C(C(C(F)(F)F)(F)F)(F)F)(F)F)(F)F)(F)F)(F)F)(F)F)(F)F,tg,24.323026021321613
4094,*CCCC1CCN(SC(=O)OCCCCCCOC(=O)SN2CCC(*)CC2)CC1,egc,5.309063911437988
4095,*CCCCCOC(=O)CC(=O)O*,egc,6.780398686726888
4096,*c1ccc(C(=S)c2ccc(-c3ccc(*)s3)s2)cc1,nc,2.4399863878885903
4097,*CC(=O)Nc1ccc(Cc2ccc(NC(=O)CN3C(=O)c4ccc(C(=O)c5ccc6c(c5)C(=O)N(*)C6=O)cc4C3=O)cc2)cc1,egc,2.547026793162028
4098,*C(=O)C(S1)=CC=C1NC(=S)OC(S2)=CC=C2NC(S3)=CC=C3*,egc,2.983443021774292
4099,*C(C*)C(=O)OCCOCC(C(C(F)(F)F)(F)F)(F)F,tg,-46.5601552327474
4100,*c1sc(cc1)CC*,tg,86.32595570882161
4101,*OC1(F)CC(C(*)C)C1C(F)(F)C1(F)CC1,egc,6.322295665740967
4102,*C(=O)OC(S1)=CC=C1O*,egc,4.267708619435628
4103,*OC(C*)COc1ccc(cc1)c1ccc(cc1)OC,tg,82.78419240315755
4104,*N1C(=O)c2c(C1=O)cc(cc2)NC(=O)OCCOc1ccc(cc1)P(=O)(c1ccc(cc1)OCCOC(=O)Nc1cc2c(C(=O)N(C2=O)c2cc(ccc2)P(=O)(c2cc(ccc2)*)C)cc1)c1ccccc1,tg,224.64564514160156
4105,*OC1C(CO)OC(*)C(N)C1O,egc,5.772924423217773
4106,*N1C(=O)c2c(C1=O)cc(cc2)C(=O)c1cc2c(C(=O)N(C2=O)CCCCCCCC*)cc1,tg,112.56871541341145
4107,*NC(=O)CCCCCCCCCCC(=O)NCc1ccc(cc1)C*,tg,96.34819030761719
4108,*OC(COC(=O)c1ccc(cc1)C(=O)*)C,tg,85.7326889038086
4109,*Nc1ccc(cc1)NC(=O)c1c(cc(cc1)C(=O)c1cc(c(cc1)C(=O)*)C(=O)O)C(=O)O,tg,293.038330078125
4110,*CC(OCC)C(C#N)(C#N)C(*)(C#N)C(=O)OC,egc,5.909692923227946
4111,*c1sc(c(c1)CCCCCCCC)c1ccc(cc1)c1sc(cc1CCCCCCCC)c1ccc(cc1)c1ccc(cc1)*,tg,16.65270233154297
4112,*C(C*)OC(=O)c1cc(ccc1)[Si](C)(C)C,tg,76.61565399169922
4113,*c1cccc(C(F)(F)C(F)(F)C(F)(F)c2cccc(N3C(=O)c4ccc(Oc5ccc6c(c5)C(=O)N(*)C6=O)cc4C3=O)c2)c1,egc,3.8242960770924888
4114,*C(=S)c1ccc(-c2ccc(-c3ccc(*)s3)s2)s1,ei,5.450959841410319
4115,*N1C(=O)c2c(C1=O)cc(cc2)c1cc2c(C(=O)N(C2=O)CCCCCOC(=O)OCCCCC*)cc1,tg,79.1327896118164
4116,*Oc1c2c(c(cc1)c1c3c(c(cc1)Oc1ccc(cc1)Oc1c(ccc(c1)Oc1ccc(cc1)*)CCCCCC)cccc3)cccc2,tg,95.04391733805339
4117,*c1c(cc(cc1)CC*)Br,tg,104.54548645019531
4118,*c1cc2c(C(=O)N(C2=O)c2ccc(cc2)Oc2c(cc(cc2C)C(c2cc(c(c(c2)C)Oc2ccc(cc2)N2C(=O)c3c(C2=O)cc(cc3)C(*)(C(F)(F)F)C(F)(F)F)C)c2c3c(ccc2)cccc3)C)cc1,tg,273.52728271484375
4119,*c1cc2c(C(=O)N(C2=O)c2ccc(cc2)Oc2cc3c(cc2)ccc(c3)Oc2ccc(cc2)N2C(=O)c3c(C2=O)cc(cc3)C(=O)Nc2ccc(cc2)Oc2ccc(cc2)S(=O)(=O)c2ccc(cc2)Oc2ccc(cc2)NC(=O)*)cc1,tg,266.6903076171875
4120,*c1[nH]c(nc1c1ccc(cc1)NC1C(=O)N(C(=O)C1)c1ccc(cc1)c1sc(c(c1c1ccccc1)c1ccccc1)c1ccc(cc1)N1C(=O)C(CC1=O)Nc1ccc(cc1)*)c1sc(cc1)C=Cc1ccc(cc1)[N+](=O)[O-],tg,218.27017211914062
4121,*N1C(=O)c2c(C1=O)cc(cc2)Oc1cc2c(C(=O)N(C2=O)CCCCCCCCCCC*)cc1,tg,81.77023061116536
4122,*OC(=O)c1ccc(cc1)C(=O)OCC(C(C*)CCCCCCCCCCCCCCCC)CCCCCCCCCCCCCCCC,tg,-24.008087158203125
4123,*NC(S1)=CC=C1C(=S)C(S2)=CC=C2*,egc,2.451742728551229
4124,*C(C*)c1ccc(nc1)C,tg,138.8525594075521
4125,*OC(=S)c1ccc(-c2ccc(*)cc2)cc1,egb,2.6576174100240073
4126,*C(C*)C(=O)Oc1c(cccc1)Cl,tg,78.81957753499348
4127,*NC(CC(*)=O)C(=O)OCCCCCCCC,egc,6.064424832661946
4128,*Nc1ccc(C(=S)c2ccc(*)s2)s1,egb,1.5501860777537029
4129,*CC(*)C(=O)OC(CC)CC,egb,6.245008627573649
4130,*NC(=S)C(=O)O*,egb,1.9559249083201091
4131,*C(C*)(C(=O)OCCCCCOc1ccc(cc1)c1ccc(cc1)C#N)C,tg,54.604723612467446
4132,*CC(C#N)(C#N)C(C#N)C(C#N)(C#N)C(C#N)C(*)(C#N)C#N,egb,6.182226657867432
4133,*CCCCCCCCCOC(=O)Nc1ccc(C)c(NC(=O)O*)c1,egc,5.008921305338542
4134,*NC(=O)CCCCCCC(=O)NCc1c(cc(c(c1)C)C*)C,tg,97.014404296875
4135,*C(C(CCC*)Cl)Cl,tg,1.3914133707682292
4136,*Oc1ccc(cc1)OC(=O)c1ccc(cc1)OC(=O)c1ccc(cc1)C(=O)Oc1ccc(cc1)C(=O)*,tg,199.3031260172526
4137,*N1C(=O)c2c(C1=O)cc(cc2)c1cc2c(C(=O)N(C2=O)c2ccc(cc2)C2(c3ccccc3c3ccccc23)c2ccc(cc2)*)cc1,tg,359.06946818033856
4138,*C(C*)(C(=O)OCCOCCOC)C,tg,-24.89910888671875
4139,*Oc1ccc(cc1)C(=O)c1ccc(cc1)OCC(C*)O,tg,116.9010238647461
4140,*C(C*)(C(=O)OC(CC)C)C,tg,56.89808654785156
4141,*CCC(=O)C(C=C1)=CC=C1*,egc,4.5338263511657715
4142,*C(C*)c1c(cccc1)C,tg,126.74952697753906
4143,*Nc1ccc(cc1)Cc1ccc(cc1)NC(=O)c1cc(cc(c1)N1C(=O)C2C(C1=O)C1CCC2C1)C(=O)*,tg,317.5391540527344
4144,*C(C*)(C(=O)OC1CCCCCCC1)C,tg,83.1545918782552
4145,*C1C(C2CC(C1C2)*)CCCC,tg,237.48506673177084
4146,*Oc1c(cc(cc1OC)C=C1C(=O)C(=Cc2cc(c(c(c2)OC)OCCCCCCCC*)OC)CCC1)OC,tg,63.67301940917969
4147,*C1OCC(OC1)CC(=O)NCCCCCCNC(=O)C*,tg,39.886451721191406
4148,*c1cc2c(C(=O)N(C2=O)c2ccc(cc2)C(c2ccc(cc2)N2C(=O)c3c(C2=O)cc(cc3)C(=O)c2cc(cc(c2)C(C)(C)C)C(=O)*)(C(F)(F)F)C(F)(F)F)cc1,tg,288.24668375651044
4149,*Oc1ccc(cc1)C(c1ccc(cc1)OCCCCCCCC*)(C(F)(F)F)C(F)(F)F,tg,38.41624196370443
4150,*OC(=O)OCC(C*)(C(=O)OCc1ccccc1)C,tg,-27.574879964192707
4151,*C(C*)(C(=O)OC)CCC,tg,60.78799947102865
4152,*Oc1ccc(cc1)Cc1ccc(cc1)Cc1ccc(cc1)OC(=O)*,tg,116.99980926513672
4153,*CCCCCCNC(=O)c1ccc(C(=O)N*)c(Oc2ccc(Cl)cc2)c1,egc,3.6038784186045327
4154,*c1nc2c(c(c1)c1ccccc1)cc(cc2)c1cc2c(nc(cc2c2ccccc2)c2ccc(cc2)c2ccc(cc2)c2ccc(cc2)*)cc1,tg,375.4308268229167
4155,*Oc1ccc(cc1)C(=O)c1cc(ccc1)NC(=O)CCCCCCCCC(=O)Nc1ccc(cc1)C(=O)c1ccc(cc1)*,tg,137.1747589111328
4156,*CC(S1)=CC=C1C(=S)O*,egc,3.5604716142018638
4157,*C(C*)C(=O)OCC(C(F)C(F)(F)F)(F)F,tg,1.4087677001953125
4158,*CCOC(=O)c1ccc(C(=O)O*)cc1,egb,3.989824374516805
4159,*CC(*)c1c(F)c(F)c(P(=O)(O)O)c(F)c1F,egc,4.31593116124471
4160,*Oc1c(cc(cc1)C1(CCCCC1)c1cc(c(cc1)OC(=O)*)C)C,tg,117.70732116699219
4161,*Oc1ccc(cc1)c1ccc(cc1)Oc1ccc(cc1)C(=O)c1ccc(cc1)C(=O)c1ccc(cc1)*,tg,170.25531514485678
4162,*C(=O)OCC(C)(C)COC(=O)N1CCN(*)CC1,egb,6.278458595275879
4163,*OC(=O)C1=C(CCCC=C1C(=O)OCC*)N1CCCC1,tg,53.94601694742838
4164,*Oc1c(cc(cc1)c1cc(c(cc1)OC(=O)c1ccc(cc1)C(=O)c1ccc(cc1)C(=O)*)c1ccccc1)c1ccccc1,tg,142.06129455566406
4165,*OC(=O)c1c(cccc1)C(=O)OCCCCCCCCCC*,tg,-1.35797119140625
4166,*Oc1c(cc(c(c1)OC(=O)c1ccc(cc1)OCCCCC)OC(=O)CCCC(=O)*)OC(=O)c1ccc(cc1)OCCCCC,tg,44.91549936930338
4167,*c1oc2c(n1)ccc(c2)c1ccc2c(oc(n2)CCCCCCC*)c1,tg,65.43763478597005
4168,*O[Si](*)(c1ccc(cc1)C)C,tg,-18.067611694335938
4169,*C(=O)C(C=C1)=CC=C1C(=S)C(S2)=CC=C2*,egc,2.5923616886138916
4170,*N=P(*)(Oc1ccccc1)Oc1ccccc1,tg,-8.252553304036459
4171,*Oc1ccc(cc1)C(c1ccc(cc1)OCC(=O)OC(=O)C*)(C)C,tg,80.29101053873698
4172,*OC(=O)CCSc1ccc(SCCC(*)=O)cc1,egc,4.544004917144775
4173,*C(S1)=CC=C1OC(S2)=CC=C2O*,egc,4.157162984212239
4174,*Oc1cc(ccc1)OCC(COc1ccc(cc1)C(c1ccc(cc1)OCC(C*)O)(C)C)O,tg,80.24040985107422
4175,*Oc1ccc(cc1)C(c1ccc(cc1)OC1(C(C(C1(F)F)(F)F)(*)F)F)(C)C,tg,116.0491231282552
4176,*CC(=O)c1ccc(C(*)=S)cc1,nc,1.9789750576019287
4177,*Nc1cnc(*)c(O)c1,egc,3.406770865122477
4178,*OC(=O)NCCCCCCNC(=O)OC/C=C\C*,tg,12.308649698893229
4179,*c1cc2n(c3c(c2cc1)ccc(c3)c1sc(cc1)c1c2c(nccn2)c(cc1)c1sc(cc1)*)C(CCCCCCCC)CCCCCCCC,tg,130.96115112304688
4180,*S(=O)(=O)c1ccc(cc1)C(=O)c1cc(ccc1)C(=O)c1ccc(cc1)*,tg,187.9233144124349
4181,*c1c(cc(cc1)CC*)CC,tg,77.31224060058594
4182,*C(C*)OC(=O)OCC(Cl)(Cl)Cl,tg,80.80113728841145
4183,*N(CC*)Cc1ccccc1,tg,48.67626698811849
4184,*Oc1ccc(cc1)C(=O)NNC(=O)c1c(cc(cc1)C(=O)NNC(=O)c1ccc(cc1)OC(=O)c1cc(ccc1)C(=O)*)Oc1ccccc1,tg,193.08338419596353
4185,*C1(c2c(C(=O)N1C)cccc2)c1ccc(cc1)OC(=O)c1cc(ccc1)C(=O)Oc1ccc(cc1)*,tg,265.8303934733073
4186,*C(=O)Nc1ccc(Oc2ccc(NC(=O)c3ccc(N4C(=O)c5ccc(*)cc5C4=O)cc3)cc2)cc1,egc,2.3550880750020347
4187,*C(C*)OC(=O)C1(CCCCC1)C,tg,91.7664286295573
4188,*Oc1ccc(C(C)=NN=C(C)c2ccc(OC(=O)CCCCCCCCC(*)=O)cc2)cc1,egc,4.5605902671813965
4189,*CC(*)c1ccc(C(=O)OCC(C)C)cc1,egc,5.070814450581868
4190,*N(CC*)C(=O)c1c(c(cc(c1F)F)F)F,tg,124.61636352539062
4191,*OCC(=S)c1ccc(C(=S)Cc2ccc(-c3ccc(*)cc3)cc2)s1,nc,2.073972225189209
4192,*C(C*)(C(=O)OCCCCC1CCCCC1)C,tg,28.31946563720703
4193,*Oc1ccc(cc1)CC(NC(=O)CCc1ccc(cc1)OC(=O)COCCOCC(=O)*)C(=O)OCC,tg,52.65262349446615
4194,*CCCCNC(=O)CCCCCC(=O)N*,egc,5.933586597442627
4195,*CCCCCCCCc1nc2ccc(-c3ccc4nc(*)oc4c3)cc2o1,egc,4.144514083862305
4196,*NC(=O)c1ccc(cc1)C(=O)NCCCCCCCC*,tg,136.06237284342447
4197,*COC(=O)OC1C(*)OC2OC(C)(C)OC21,egc,6.170768102010091
4198,*c1cccc(N2C(=O)c3ccc(Oc4ccc(C(C)(C)c5ccc(Oc6ccc7c(c6)C(=O)N(*)C7=O)cc5)cc4)cc3C2=O)c1,egc,3.5526715914408364
4199,*CCCCCOC(=O)Nc1ccc(C)c(NC(=O)O*)c1,egc,5.043405850728353
4200,*c1cc2c(C(=O)N(C2=O)c2ccc(cc2)C(=O)Nc2ccc(cc2)Oc2ccc(cc2)NC(=O)c2ccc(cc2)N2C(=O)c3c(C2=O)cc(cc3)C(*)(C(F)(F)F)C(F)(F)F)cc1,tg,309.15273030598956
4201,*N1C(=O)c2c(C1=O)cc(cc2)c1cc2c(C(=O)N(C2=O)c2ccc(cc2)Oc2c(cccc2)Oc2ccc(cc2)*)cc1,tg,238.2835896809896
4202,*Nc1c2C(=O)c3c(C(=O)c2ccc1)c(ccc3)N[Se]*,tg,201.44727579752603
4203,*CCCN(*)C=O,egc,5.514718850453694
4204,*N(CC(C(C*)O)O)c1ccc(cc1)N(C)C,tg,121.12349446614583
4205,*Cc1ccc(Nc2ccc(*)s2)s1,ei,5.2822550137837725
4206,*CCOC(=O)CCCCCCC(=O)O*,ei,7.747860590616862
4207,*N1C(=O)c2c(C1=O)cc(cc2)C(=O)c1cc2c(C(=O)N(C2=O)CCCCCCCCCCC(=O)Nc2ccc(cc2)Oc2ccc(cc2)NC(=O)CCCCCCCCCC*)cc1,tg,123.55586496988933
4208,*N1C(=O)c2c(C1=O)cc(cc2)c1cc2c(C(=O)N(C2=O)c2cc(c(c(c2)C(=O)OCCCCCC)c2c(cc(cc2Br)*)C(=O)OCCCCCC)Br)cc1,tg,146.92301432291666
4209,*c1cc2c(C(=O)N(C2=O)c2cc(ccc2)Oc2ccc(cc2)C(c2ccc(cc2)Oc2cc(ccc2)N2C(=O)c3c(C2=O)cc(cc3)C(*)(C(F)(F)F)C(F)(F)F)(C(F)(F)F)C(F)(F)F)cc1,tg,234.27129109700522
4210,*OC(COCC*)CCl,tg,-37.595540364583336
4211,*c1ccc(Sc2ccc(-n3c(=O)c4cc5c(=O)n(*)c(=O)c5cc4c3=O)cc2)cc1,egb,1.855185906092326
4212,*CCc1ccc(O*)s1,ei,5.704366683959961
4213,*SCC(C*)(CC)C,tg,-28.029942830403645
4214,*CC(*)CCCC1CCCCC1,egb,7.163214365641276
4215,*c1ccc(-c2nc3cc4nc(*)oc4cc3o2)c(O)c1,egc,3.0398193995157876
4216,*C1=C2OCCOC2=C(c2sc(-c3sc(*)c4c3OCCO4)c3c2OCCO3)S1(=O)=O,egc,1.8564894994099934
4217,*c1cc(C(=O)NCCCC)cc(N2C(=O)c3ccc(-c4ccc5c(c4)C(=O)N(*)C5=O)cc3C2=O)c1,egc,2.6456034978230796
4218,*CC(C)C(=O)N*,egc,5.284482955932617
4219,*OP(=O)(N=Nc1ccc(cc1)C(=O)c1ccc(cc1)N=NP(=O)(OCC*)OCC)OCC,tg,30.837140401204426
4220,*O[Si](c1cc2cc3c(cc2cc1)cc(cc3)[Si](*)(C)C)(C)C,tg,68.14097595214844
4221,*Oc1ccc(-c2ccc(-c3ccc(*)cc3)s2)s1,eea,2.145190636316935
4222,*N(CC*)C(=O)c1c(cccc1F)F,tg,121.560791015625
4223,*c1cccc(Cc2cccc(-n3c(=O)c4cc5c(=O)n(*)c(=O)c5cc4c3=O)c2)c1,egc,2.7289792696634927
4224,*CC(O*)C1CC(F)(F)C1(F)F,egc,6.731082757314046
4225,*CC(*)c1nc(N)nc(N)n1,egc,4.718387126922607
4226,*C1(c2c(C(=O)O1)cccc2)c1ccc(cc1)OC(=O)c1cc(cc(c1)C(C)(C)C)C(=O)Oc1ccc(cc1)*,tg,285.2223307291667
4227,*C=Cc1ccc2c(c1)Sc1cc(*)ccc1N2CCCCCCCC,egc,2.1661182244618735
4228,*Oc1ccc(cc1)S(=O)(=O)c1ccc(cc1)Oc1ccc(cc1)C(=O)c1ccc(cc1)c1ccc(cc1)C(=O)c1ccc(cc1)*,tg,219.20503743489584
4229,*N1C(=O)c2c(C1=O)cc(cc2)C(=O)Oc1ccc(cc1)c1ccc(cc1)OC(=O)CCCC*,tg,108.9039306640625
4230,*c1ccc(S(=O)(=O)c2ccc(N3C(=O)c4ccc(Oc5ccc(Oc6ccc7c(c6)C(=O)N(*)C7=O)cc5)cc4C3=O)cc2)cc1,egc,3.4625813166300454
4231,*c1cc2sc(*)c(C)c2s1,egc,2.4660391807556152
4232,*OC(=O)c1ccc(cc1)C(=O)OCC(C*)(CC)C,tg,50.00711568196615
4233,*c1c(C)cc(C)c(N2C(=O)c3ccc(-c4ccc5c(c4)C(=O)N(*)C5=O)cc3C2=O)c1C,egc,3.484833558400472
4234,*OC(=O)c1ccc(cc1)C(=O)OCCOC(=O)CCCCCCCCC(=O)OCC*,tg,-6.782847086588542
4235,*O[Si](c1c2ccc3c(c2ccc1)cccc3[Si](*)(C)C)(C)C,tg,66.33138529459636
4236,*Oc1ccc(cc1)S(=O)(=O)c1ccc(cc1)Oc1ccc(cc1)C1(C2CC3CC(CC1C3)C2)c1ccc(cc1)*,tg,234.88725789388022
4237,*NC(=O)c1ccc(cc1)C(=O)NCCC*,tg,163.23021443684897
4238,*C(=O)Nc1cccc(NC(=O)c2ccc3c(c2)C(=O)N(c2cccc(N4C(=O)c5ccc(*)cc5C4=O)c2)C3=O)n1,egc,2.8666245142618814
4239,*C(C*)(C(=O)OCC[N+](CCCCS(=O)(=O)O)(C)C)C,tg,105.20347086588542
4240,*OC(=O)c1ccc(cc1)C(=O)OCCCCCCCCC*,tg,13.922617594401041
4241,*OC(OC(=O)c1cc(ccc1)C(=O)OC(OCC1CCC(CC1)C*)C)C,tg,53.83952840169271
4242,*Oc1ccc(cc1)Oc1ccc(cc1)NC(=C(C#N)C#N)c1ccc(cc1)C(=C(C#N)C#N)Nc1ccc(cc1)*,tg,200.0370330810547
4243,*O[Si](*)(C)C,tg,-88.85106404622395
4244,*c1cc2c(C(=O)N(C2=O)c2ccc(cc2)N2C(=O)c3c(C2=O)cc(cc3)c2c(c(c(c(c2c2ccccc2)c2ccccc2)c2ccc(cc2)Oc2ccc(cc2)c2c(c(c(c(c2c2ccccc2)c2ccccc2)*)c2ccccc2)c2ccccc2)c2ccccc2)c2ccccc2)cc1,tg,366.2554219563802
4245,*CCCP(CCCCCCCC)CCCNC(=O)C(=O)N*,egc,4.343300819396973
4246,*Cc1ccc(C(=S)O*)s1,nc,1.981913169225057
4247,*C(=O)c1ccc(N(*)C)cc1,egc,3.8439103762308755
4248,*Cc1ccc(C(=O)N*)cc1,eps,4.013566732406616
4249,*N(CC*)C,tg,-4.8167724609375
4250,*N(CC*)C(=O)CCCCCCC,tg,2.5958048502604165
4251,*C1(c2c(C(=O)N1C)cccc2)c1ccc(cc1)OC(=O)c1ccc(cc1)C(=O)Oc1ccc(cc1)*,tg,281.9640706380208
4252,*CC(C)(C)COC(=O)C1CCC(C(=O)O*)CC1,egc,6.590516567230225
4253,*CC(*)C1CCCCC1C,egc,6.208976109822591
4254,*C(=O)C(C)NC(=O)CNC(=O)C1CCCN1*,egc,5.297601381937663
4255,*OC(=O)CCCCCCCCCCC(=O)OCCOCC*,tg,-55.97070821126302
4256,*N(CC*)C(=O)CCCCCC,tg,19.050308227539062
4257,*N(c1ccc(cc1)C=Cc1c(cc(c(c1)OCCCCCCCC)C=Cc1ccc(cc1)*)OCCCCCCCC)c1ccccc1,tg,92.6727778116862
4258,*C(C=C1)=CC=C1C(S2)=CC=C2C(C=C3)=CC=C3C(=S)*,egc,2.595975160598755
4259,*OC(F)(F)CC(*)(F)F,nc,1.557703693707784
4260,*C(C*)OC(=O)c1c(cccc1)C,tg,89.97704569498698
4261,*C(=O)C(C=C1)=CC=C1C(S2)=CC=C2C(=S)*,egc,2.8233389854431152
4262,*N1C(=O)c2c(C1=O)cc(cc2)c1cc2c(C(=O)N(C2=O)c2ccc(cc2)c2nc(cc(c2)c2ccc(cc2)OCCCC#N)c2ccc(cc2)*)cc1,tg,310.98253377278644
4263,*C(C*)(C(=O)OCC1(COC1)CC)C,tg,115.90091705322266
4264,*c1cc(CCCCCCCCCC)c(*)s1,egc,2.7016228834788003
4265,*Oc1ccc(cc1)CC(NC(=O)Cc1ccc(cc1)OC(=O)CC(CCC(=O)*)C)C(=O)OCCCCCC,tg,33.490875244140625
4266,*CC(*)c1ccc(C(=O)OCCCCCC)cc1,egc,4.474114735921224
4267,*CC(*)(C)C(=O)OC1(C)CCOC(=O)C1,egb,5.983199596405029
4268,*C(=O)c1ccc(-c2ccc(-c3ccc(*)cc3)s2)cc1,eps,5.8152798016866045
4269,*c1nc(nc(n1)Oc1ccc(cc1)C1(CCCCC1)c1ccc(cc1)O*)OC,tg,227.2447713216146
4270,*N1CCN(CC1)C(=O)c1c(cccc1)c1c(cccc1)C(=O)*,tg,184.07512919108072
4271,*C(C*)c1ccc(cc1)c1c2c(nsn2)ccc1,tg,144.07141621907553
4272,*OC(=O)CS(=O)(=O)Cc1ccc(CS(=O)(=O)CC(*)=O)cc1,egc,5.115823109944661
4273,*C(=O)C(F)(F)C(=O)C(*)(F)F,ei,7.676801045735677
4274,*c1oc(cc1)COC(=O)Nc1ccc(cc1)Cc1ccc(cc1)NC(=O)OC*,tg,56.44013468424479
4275,*OC(C)(C)C(F)(F)C(F)(F)OCCOCCC1CC1*,egc,6.701175848642985
4276,*N1C(=O)c2c(C1=O)cc(cc2)S(=O)(=O)c1cc2c(C(=O)N(C2=O)c2cc(c(c(c2)Br)Oc2c(cc(cc2Br)*)Br)Br)cc1,tg,304.4245198567708
4277,*c1[nH]nc(c1)c1ccc(cc1)Oc1ccc(cc1)C(=O)c1ccc(cc1)Oc1ccc(cc1)*,tg,207.72706095377603
4278,*c1nc2c(c(c1)c1ccccc1)cc(cc2)C1(c2ccccc2c2ccccc12)c1cc2c(nc(cc2c2ccccc2)c2ccc(cc2)C2(c3ccccc3c3ccccc23)c2ccc(cc2)*)cc1,tg,385.6493733723958
4279,*c1ccc2c(nc([nH]2)c2cc(cc(c2)N2C(=O)c3c(C2=O)cccc3)c2nc3c([nH]2)ccc(c3)C(=O)Nc2cc(cc(c2)c2nc3c([nH]2)cccc3)NC(=O)*)c1,tg,310.8341573079427
4280,*C(C*)CNc1cc(c(cc1)[N+](=O)[O-])C(F)(F)F,tg,115.64362080891927
4281,*OC(=O)CCCCC(=O)OCCN(CC*)c1ccc(cc1)C=NN(c1ccccc1)c1ccccc1,tg,55.77429962158203
4282,*O[Si](*)(CCCCCCn1c2ccccc2c2ccccc12)C,tg,-2.1718037923177085
4283,*CCOC(=O)CCCCCCC(=O)O*,egb,6.5100423494974775
4284,*CNCC(C=C1)=CC=C1*,egc,4.88591988881429
4285,*NC(=O)C(C(C(=O)NCCCC*)OC)OC,tg,98.7164306640625
4286,*c1cc2c(C(=O)N(C2=O)c2ccc(cc2)c2nc(cc(c2)c2ccc(cc2)OC)c2ccc(cc2)N2C(=O)c3c(C2=O)cc(cc3)C(=O)*)cc1,tg,314.10898844401044
4287,*Cc1ccc(C*)cc1,nc,1.8285484711329143
4288,*C1C(=O)N(C(=O)C1*)c1cc(c(c(c1)Br)O[Si](C(C)(C)C)(C)C)Br,tg,189.43665059407553
4289,*N1C(=O)c2c(C1=O)cc(cc2)Oc1ccc(cc1)Sc1ccc(cc1)Oc1cc2c(C(=O)N(C2=O)c2ccc(cc2)Oc2ccc(cc2)C(c2ccc(cc2)Oc2ccc(cc2)*)(C(F)(F)F)C(F)(F)F)cc1,tg,217.9509023030599
4290,*c1cc2c(C(=O)N(C2=O)C2C(=O)N(C(=O)C2)c2ccc(cc2)Oc2ccc(cc2)NC(=O)*)cc1,tg,149.82837422688803
4291,*Nc1ccc(*)c2cc3ccccc3cc12,egc,3.0311195850372314
4292,*CCCCCOC(=O)c1cccc(C(=O)O*)c1,egc,5.099020957946777
4293,*c1sc(cc1)c1sc(cc1)c1sc(cc1)c1sc(cc1)[Si]([Si](*)(CCCC)CCCC)(CCCC)CCCC,tg,3.689112345377604
4294,*OC(=O)CC/C=C/CCC(=O)OCCCCCCCCCC*,tg,-58.11299133300781
4295,*CCCCCC(=O)O*,eea,0.9918124675750732
4296,*CCCCCCNC(=O)CCC=CCCC(=O)N*,egc,5.5131049156188965
4297,*CCC(Cl)C(*)C,egc,6.983885129292806
4298,*CC(OCC)C(C#N)(C#N)C(*)(C#N)C(=O)OC,egb,5.275840759277344
4299,*C(C*)(C(=O)OCCCCCCN1CCN(CC1)c1ccc(cc1)N=Nc1ccc(cc1)C#N)C,tg,105.63026428222656
4300,*NC(=O)CCCCCCCCCCCCCCCCCCCCC(=O)NCCCCCCCC*,tg,41.76282246907552
4301,*ON(C(C(*)(SC(F)(F)F)F)(F)F)C(F)(F)F,tg,7.217763264973958
4302,*N(C(=O)C(C(C(C(=O)N(CCCCCC*)CC(C(F)(F)F)(F)F)(F)F)(F)F)(F)F)CC(C(F)(F)F)(F)F,tg,149.42422993977866
4303,*CCCCCCNC(=S)Nc1ccc(NC(=S)N*)cc1,eea,1.6381698846817017
4304,*[Si](C*)(CCCN(CC)CC)C,tg,-32.037862141927086
4305,*Oc1ccc(OC(=O)c2cc(OCCCCCCCCCCCC)c(C(*)=O)cc2OCCCCCCCCCCCC)cc1,egc,2.874963919321696
4306,*c1cc2c(C(=O)N(C2=O)c2c(cc(cc2C)c2cc(c(c(c2)C)N2C(=O)c3c(C2=O)cc(cc3)C(=O)Nc2c(ccc(c2)NC(=O)*)N=Nc2ccc(cc2)[N+](=O)[O-])C)C)cc1,tg,292.82379150390625
4307,*Nc1ccc(-c2ccc(C(*)=O)s2)s1,eea,2.9290617307027182
4308,*O[Sn](OC(=O)c1ccc(cc1)C(=O)*)(CCCC)CCCC,tg,152.27325439453125
4309,*NC(=O)C(=S)C(*)=O,eea,3.974008560180664
4310,*C(=O)Nc1ccc(Cc2ccc(NC(=O)c3ccc4c(c3)C(=O)N(c3ccc(S(=O)(=O)c5ccc(N6C(=O)c7ccc(*)cc7C6=O)cc5)cc3)C4=O)cc2)cc1,egc,2.753117799758911
4311,*C(C*)(C(=O)OCc1cc(c(cc1)OCCOCCOCC)OCCOCCOCC)C,tg,-12.786295572916666
4312,*c1cc2c(C(=O)N(C2=O)c2cc(c(cc2)C=Cc2c(cc(cc2)N2C(=O)c3c(C2=O)cc(cc3)C(=O)*)S(=O)(=O)O[Na])S(=O)(=O)O[Na])cc1,tg,341.33046468098956
4313,*Nc1ccc(C(=O)c2c(C)c(C)c(C(=O)c3ccc(NC(=O)c4ccc(C(*)=O)cc4)cc3)c(C)c2C)cc1,egc,3.4250436623891196
4314,*c1ccc2c(c1)nc1c3cc4c(=O)n5c6cc(*)ccc6nc5c4cc3c(=O)n21,egc,3.0934460957845054
4315,*Oc1ccc(cc1)C1(c2ccccc2c2ccccc12)c1ccc(cc1)Oc1ccc(cc1)C(=O)c1cc(ccc1)C(=O)c1ccc(cc1)*,tg,232.47260538736978
4316,*CC(=O)CO*,eea,1.7547359863917034
4317,*Oc1c(cc(cc1)C(C)(C)C)Oc1ccc(cc1)S(=O)(=O)c1ccc(cc1)*,tg,171.10969034830728
4318,*CC(C)(C)COC(=O)NCCOCCOCCNC(=O)O*,egc,6.188981691996257
4319,*NC(=O)CCCCC(=O)NCCCP(=O)(CCCC*)C,tg,40.970237731933594
4320,*c1cc2C(c3c(c2cc1)ccc(c3)c1cc2C(c3c(c2cc1)ccc(c3)*)(CC1=NC(CO1)Cc1ccccc1)CC1=NC(CO1)Cc1ccccc1)(CCCCCC)CCCCCC,tg,135.8203328450521
4321,*CCc1c(Cl)c(Cl)c(*)c(Cl)c1Cl,egc,5.049052874247233
4322,*c1cc2c(C(=O)N(C2=O)c2cc(cc(c2)C(=O)O)N2C(=O)c3c(C2=O)cc(c(c3)Cl)C(=O)*)cc1Cl,tg,295.960693359375
4323,*Oc1ccc(cc1)C(c1ccc(cc1)OC(=O)*)(CCCC)CCCC,tg,107.04252370198567
4324,*Oc7ccc(C6(c3ccc(OC(=O)c2ccc(S(=O)(=O)c1ccc(C(*)=O)cc1)cc2)cc3)c4ccccc4c5ccccc56)cc7,egc,3.4990906715393066
4325,*CC(*)OC(=O)C(F)(F)F,egc,6.406095822652181
4326,*c1ccc(*)c(C(=O)c2ccccc2)c1,egc,3.7024274667104087
4327,*C(C*)(C(=O)Oc1ccc(cc1)C(=O)Oc1ccc(cc1)C)C,tg,93.43721516927083
4328,*c1nc(ccc1)c1cc(c(cc1)Oc1ccc(cc1)Sc1ccc(cc1)Oc1c(cc(cc1)*)C(F)(F)F)C(F)(F)F,tg,123.97961934407552
4329,*Oc1ccc(cc1)S(=O)(=O)c1ccc(cc1)Oc1ccc(cc1)C=C1C(=O)C(=Cc2ccc(cc2)*)CC1,tg,226.04088846842447
4330,*OC(C(=O)*)CC,tg,32.888099670410156
4331,*Oc1ccc(N=Cc2ccc(N(c3ccccc3)c3ccc(C=Nc4ccc(*)cc4)cc3)cc2)cc1,egc,2.4240740140279136
4332,*Nc1ccc(C(=O)c2ccc(*)s2)cc1,egb,2.3967259724934897
4333,*c1c(ccc(c1)*)c1oc2c(n1)cccc2,tg,244.33167012532553
4334,*c1ccc(*)c(N(C)C)c1,egc,3.6066858768463135
4335,*c1ccc(*)o1,egc,2.5470187664031982
4336,*NC(=S)c1ccc(O*)s1,nc,2.1109236081441245
4337,*CCCC(=O)N*,egc,5.801499843597412
4338,*c1sc(cc1CCCCCCCC)*,tg,-3.125025431315104
4339,*NC(=O)NC(*)=O,eps,5.107369263966878
4340,*C(C*)C(=O)OCC(C(OC(F)(F)F)(F)F)(F)F,tg,-40.146087646484375
4341,*C(=C*)CCCOc1ccc(cc1)OC(=O)c1ccc(cc1)OC,tg,51.03987375895182
4342,*N1C(=O)c2c(C1=O)cc(cc2)Oc1cc2c(C(=O)N(C2=O)c2cc(ccc2)C(c2cc(ccc2)*)O[Si](O[Si](O[Si](C)(C)C)(C)C)(C)C)cc1,tg,198.82271321614584
4343,*Oc1ccc(cc1)S(=O)(=O)c1ccc(cc1)Oc1c(cc(cc1)C(c1cc(c(cc1)*)C(O)(C(F)(F)F)C(F)(F)F)(C)C)C(O)(C(F)(F)F)C(F)(F)F,tg,163.6948445638021
4344,*C(C*)(c1ccc(cc1)C)C,tg,123.30298614501953
4345,*CCCCCCCCCNC(=O)CCCCCCCCC(=O)N*,egc,5.888408342997233
4346,*Oc1ccc(C(C)(C)c2ccc(OC(*)=O)c(C)c2)cc1C,egc,4.632984161376953
4347,*N1C(=O)c2c(C1=O)cc(cc2)[Si](O[Si](O[Si](c1cc2c(C(=O)N(C2=O)c2ccc(cc2)Cc2ccc(cc2)*)cc1)(C)C)(C)C)(C)C,tg,195.09556579589844
4348,*NNC(=O)CCCCC(=O)NNC(=O)CCCCCCCCC(*)=O,egc,5.158553123474121
4349,*NC(CCC(CCCNC(=O)c1ccc(cc1)C(=O)*)(C)C)C,tg,141.38168334960938
4350,*N=P(*)(OC)OC,tg,-65.13439432779948
4351,*S(=O)(=O)C1CC(CCC1)*,tg,90.14722442626953
4352,*Oc1ccc(cc1)C(c1ccc(cc1)OC(=O)NC(=O)c1cc(cc(c1)C(C)(C)C)C(=O)NC(=O)*)(C)C,tg,162.91549682617188
4353,*NC(c1ccccc1)C(C)(C)C(*)=O,egc,5.263505776723226
4354,*C1C2C(C(C1)CC*)CCC2,tg,82.67842610677083
4355,*c1ccc2N(c3c(Sc2c1)cc(cc3)C=Cc1ccc(cc1)C=C*)c1ccc(cc1)OCCCCCCCCCCCC,tg,114.12025960286458
4356,*NC(=O)NC(*)=O,nc,1.8987333377202351
4357,*CCOC(=O)Nc1c(C)c(C)c(NC(=O)O*)c(C)c1C,egc,5.595543225606282
4358,*N1C(=O)c2c(C1=O)cc(cc2)c1cc2c(C(=O)N(C2=O)c2ccc(cc2)C(c2ccc(cc2)*)c2ccccc2)cc1,tg,306.2201436360677
4359,*c1nc(nc(n1)c1ccc(cc1)Oc1ccc(cc1)Oc1ccc(cc1)Oc1ccc(cc1)*)c1ccccc1,tg,219.1316935221354
4360,*C(=O)c1ccc(-c2ccc(C(*)=S)cc2)cc1,eea,3.230330228805542
4361,*OC(=O)NCCCCCCNC(=O)OCCOCCOCCOCC*,tg,9.038907368977865
4362,*C=C(*)c1ccc(C#C)cc1,egc,0.6071792443593343
4363,*Nc1ccc(*)cc1I,egc,3.839073896408081
4364,*Oc1ccc(-c2ccc(-c3ccc(*)cc3)cc2)s1,eps,4.799387613932292
4365,*CCOCCOC(=O)O*,nc,1.6444738308588664
4366,*c1ccc(Oc2ccc(-c3cc(OCCCCCC)c(-c4ccc(Oc5ccc(-c6nnc(*)o6)cc5)cc4)cc3OCCCCCC)cc2)cc1,egc,3.2556243737538657
4367,*N1C(=O)c2c(C1=O)cc(cc2)Oc1cc2c(cc1)ccc(c2)Oc1cc2c(C(=O)N(C2=O)c2cc(ccc2)*)cc1,tg,280.85414632161456
4368,*C(C*)(C(=O)OCCCCCCCCCC)C,tg,-29.95708719889323
4369,*Oc1ccc(cc1)CC(Cc1ccc(cc1)*)(C(=O)OCC)C(=O)OCC,tg,60.25263214111328
4370,*CCOCCOCCOC(=O)CCCCCC(=O)O*,egc,6.129796187082927
4371,*N1C(=O)c2c(C1=O)cc(cc2)Oc1ccc(cc1)C(c1ccc(cc1)Oc1cc2c(C(=O)N(C2=O)c2ccc(cc2)Oc2cc(ccc2)Oc2ccc(cc2)*)cc1)(C)C,tg,188.5475616455078
4372,*Oc1ccc(cc1)Cc1ccc(cc1)OC(=O)OCC1CCC(CC1)COC(=O)*,tg,77.01639811197917
4373,*c1cc2c(C(=O)N(C2=O)c2c(ccc(c2)N2C(=O)c3c(C2=O)cc(cc3)C(=O)*)Cl)cc1,tg,308.3244934082031
4374,*CC(*)C(=O)OCF,egc,6.4638651212056475
4375,*N1C(=O)c2c(C1=O)cc(cc2)Oc1cc(ccc1)C(c1ccc(cc1)Oc1cc2c(C(=O)N(C2=O)c2ccc(cc2)*)cc1)(C)C,tg,224.64873250325522
4376,*c1cc2c(C(=O)N(C2=O)c2cc(cc(c2)C(F)(F)F)Oc2c(cc(cc2C)c2cc(c(c(c2)C)Oc2cc(cc(c2)C(F)(F)F)N2C(=O)c3c(C2=O)cc(cc3)C(=O)*)C)C)cc1,tg,273.4294026692708
4377,*c1ccc(-c2ccc(Oc3ccc(*)s3)s2)cc1,ei,5.11620299021403
4378,*CC(*)C(=O)NCO,egc,5.7910536130269366
4379,*Oc1ccc(cc1)C(=O)CNc1ccc(cc1)S(=O)(=O)c1ccc(cc1)NCC(=O)c1ccc(cc1)*,tg,195.0663299560547
4380,*c1ccc(-c2ccc(-c3nc4ccc(-c5ccc6nc(*)c(-c7ccccc7)nc6c5)cc4nc3-c3ccccc3)cc2)cc1,egc,3.011209567387899
4381,*Oc1ccc(-c2ccc(-c3ccc(*)cc3)s2)s1,egb,2.860586643218994
4382,*CC1CCC(COC(=O)CCCCCCC(=O)O*)CC1,egc,6.722189267476399
4383,*OC(=O)NCCCCNC(=O)OCCCC*,tg,26.940523783365887
4384,*Nc1ccc(NC(=O)NONC(*)=O)s1,eps,4.671246528625488
4385,*Oc1c(cc(cc1c1ccccc1)*)c1ccccc1,tg,215.23829142252603
4386,*OC(=O)C1CCC(CC1)C(=O)OCCC*,tg,11.303324381510416
4387,*c1cc2c(C(=O)N(C2=O)c2cc(c(c(c2)Br)Oc2c(cc(cc2Br)N2C(=O)c3c(C2=O)cc(cc3)C(*)(C(F)(F)F)C(F)(F)F)Br)Br)cc1,tg,333.2438557942708
4388,*S(=O)(=O)c1ccc(cc1)C#Cc1ccc(cc1)N(CC(CCC*)O)CCCC,tg,111.60839080810547
4389,*CC1CCC(COC(=O)CCCCCCCCC(=O)O*)CC1,egc,6.7178629239400225
4390,*CCc1ccc(-c2ccc(*)cc2)cc1,egc,4.321816603342692
4391,*CC(*)c1c([2H])c([2H])c([2H])c([2H])c1[2H],egc,4.212961435317993
4392,*c1sc(*)c2nc(CCCCCC)c(CCCCCC)nc12,egc,2.322195847829183
4393,*O[Si](Oc1ccc(cc1)c1ccc(cc1)*)(c1ccccc1)c1ccccc1,tg,126.27337137858073
4394,*C(C*)c1cc(ccc1)Cl,tg,86.10313415527344
4395,*C(=O)Nc1cccc(C(=O)Nc2cccc(NC(=O)c3ccc4[nH]c(-c5ccc(-c6nc7cc(*)ccc7[nH]6)cc5)nc4c3)c2)c1,egc,3.139146327972412
4396,*C(C*)c1ccc(cc1)COCC(CCCC)CC,tg,-5.4560394287109375
4397,*C(=O)c1ccc2c(c1)C(=O)N(c1ccc(OCCOCCOc3ccc(N4C(=O)c5ccc(*)cc5C4=O)cc3)cc1)C2=O,egc,2.566900650660197
4398,*Nc1ccc(C(=O)O*)cc1,ei,6.4919281005859375
4399,*c1cn(*)c2ccccc12,egc,3.9219555854797363
4400,*c1nc(nc(n1)Oc1cc(ccc1)C(=O)Nc1ccc(cc1)S(=O)(=O)c1ccc(cc1)NC(=O)c1cc(ccc1)O*)Sc1ccccc1,tg,225.1710001627604
4401,*CC(F)(F)C(F)(F)C(F)(F)C(F)(F)COC(=O)NCC(F)(F)C(F)(F)C(F)(F)C(F)(F)CNC(=O)O*,egc,6.958151817321777
4402,*N1C(=O)c2c(C1=O)cc(cc2)c1cc2c(C(=O)N(C2=O)CC2C3C(CC2)C2C(CC3C2)C*)cc1,tg,214.2352091471354
4403,*c1cc2c(C(=O)N(C2=O)c2cc(ccc2)Nc2ncnc(n2)Nc2cc(ccc2)N2C(=O)c3c(C2=O)cc(cc3)C(=O)*)cc1,tg,280.24468994140625
4404,*N1C(=O)c2c(C1=O)cc(cc2)Oc1cc2c(C(=O)N(C2=O)c2cc(ccc2)C(c2cc(ccc2)*)O)cc1,tg,232.43500773111978
4405,*N1C(=O)c2c(C1=O)cc(cc2)c1cc2c(C(=O)N(C2=O)c2cc3S(=O)(=O)c4c(c3cc2C)cc(c(c4)*)C)cc1,tg,320.5610860188802
4406,*c1sc(cc1CCCCCCC)c1sc(c(c1)CCCCCCC)c1c2c(ccccc2)c(c1)*,tg,17.16278330485026
4407,*C(C*)c1ccc(cc1)C(CCCCC)(O)C,tg,77.30380757649739
4408,*CC(F)(F)C(F)(F)COC(=O)NCCCCCCNC(=O)O*,egc,6.76738166809082
4409,*N1C(=O)c2c(C1=O)cc(cc2)c1cc2c(C(=O)N(C2=O)c2cc(c(c(c2)C(=O)OCCCCCCCCCCCC)c2c(cc(cc2Br)*)C(=O)OCCCCCCCCCCCC)Br)cc1,tg,105.40366617838542
4410,*O[Si](O[Si](O[Si](OC(CCC(*)C)C)(C)C)(C)C)(C)C,tg,-89.07468668619792
4411,*CC(=O)C(S1)=CC=C1C(=S)*,egc,2.9264818032582602
4412,*N1C(=O)c2c(C1=O)cc(cc2)NC(=O)Nc1c2c(ccc1)c(ccc2)NC(=O)Nc1cc2c(C(=O)N(C2=O)c2ccc(cc2)c2nc(cc(c2)c2ccc(cc2)c2ccccc2)c2ccc(cc2)*)cc1,tg,254.54283650716147
4413,*C1C2C(C(=O)N(C2=O)c2cc(ccc2)I)C(C1)C=C*,tg,207.39463806152344
4414,*CCC(=O)c1ccc(*)s1,eps,4.094417254130046
4415,*Oc1c(ccc(c1)Oc1cc(ccc1)NC(=O)c1c(ccc(c1)Oc1cc(c(cc1)C(=O)O)C(=O)Nc1cc(ccc1)*)C(=O)O)C#N,tg,194.67069498697916
4416,*C(C*)C(=O)c1ccc(cc1)CCC,tg,56.379539489746094
4417,*C(=O)c1ccc2c(c1)C(=O)N(c1cc(-c3nc4ccccc4[nH]3)cc(N3C(=O)c4ccc(*)cc4C3=O)c1)C2=O,egc,2.2865705490112305
4418,*C1C2C(C(=O)N(C2=O)c2ccc(cc2)F)C(C1)C=C*,tg,206.1076914469401
4419,*c1cc2c(C(=O)N(C2=O)c2ccc(cc2)S(=O)(=O)c2ccc(cc2)N2C(=O)c3c(C2=O)cc(cc3)C(=O)Oc2c(cc(cc2)OC(=O)*)C(C)(C)C)cc1,tg,253.54800415039062
4420,*c1nc2c(c(c1)c1ccccc1)cc(cc2)Oc1cc2c(nc(cc2c2ccccc2)c2ccc(cc2)C2(c3ccccc3C(=O)c3ccccc23)c2ccc(cc2)*)cc1,tg,371.5963134765625
4421,*c1c(nc2c(n1)cc(cc2)c1cc2c(nc(c(n2)c2ccc(cc2)*)c2ccccc2)cc1)c1ccccc1,tg,346.5022684733073
4422,*OC(=O)OCC1CCC(CC1)COC(=O)OCCCC*,tg,-0.9489949544270834
4423,*CNC(=S)N*,eea,1.9743536313374836
4424,*Oc1ccc(cc1)OC(=O)c1c(cc(c(c1)OCCCCCCCOCC1N(CCC1)c1ccc(cc1)[N+](=O)[O-])C(=O)*)OCCCCCCCOCC1N(CCC1)c1ccc(cc1)[N+](=O)[O-],tg,38.08758290608724
4425,*c1ccc(cc1)c1c(cc(c(c1c1ccccc1)c1ccccc1)c1cc(ccc1)c1c(c(c(c(c1)c1ccccc1)c1ccc(cc1)CCCCCCCCCCCCCC*)c1ccccc1)c1ccccc1)c1ccccc1,tg,170.97156778971353
4426,*C=CC1CC(*)C(C(=O)OC)C1,egc,5.431359926859538
4427,*N1C(=O)c2c(C1=O)cc(cc2)Oc1c(cccc1)Oc1cc2c(C(=O)N(C2=O)c2ccc(cc2)Oc2ccc(cc2)c2ccc(cc2)Oc2ccc(cc2)*)cc1,tg,210.36105346679688
4428,*CC(*)(C)C(=O)OCC1CCCO1,egc,6.506491820017497
4429,*Oc1cccc(OC2(F)C(*)(F)C(F)(F)C2(F)F)c1,egc,4.332765102386475
4430,*CC(*)C(=O)OCCCSCCC#N,egc,5.423271179199219
4431,*Oc1cc2c(cc1)ccc(c2)Oc1ccc(cc1)C(=Nc1ccc(cc1)N=C(c1ccc(cc1)*)c1ccccc1)c1ccccc1,tg,167.54721069335938
4432,*CCOCCOC(=O)Nc1ccc(C)c(NC(=O)O*)c1,eps,3.505672295888265
4433,*NC(=O)c1ccc(O*)cc1,egb,3.785677115122477
4434,*C(C*)c1c(cc(cc1)Cl)Cl,tg,118.30950164794922
4435,*NC1CCC(CC2CCC(NC(=O)CCCCCCCCC(*)=O)CC2)CC1,egc,5.637693405151367
4436,*CC1CC(*)OC(CCC)O1,egc,6.07561190923055
4437,*ON(C(C(=C(C(*)(F)F)F)F)(F)F)C(F)(F)F,tg,-2.8457234700520835
4438,*Oc1cc(ccc1)Oc1cc(ccc1)OC(=O)*,tg,51.619669596354164
4439,*CC1(*)CCCCC1,egb,7.14969523747762
4440,*c1cc2c(C(=O)N(C2=O)c2ccc(cc2)Oc2ccc(cc2)N2C(=O)c3c(C2=O)cc(cc3)C(=O)c2cc(cc(c2)C(C)(C)C)C(=O)*)cc1,tg,259.0006612141927
4441,*c1ccc(-c2ccc(*)s2)s1,egb,1.1542274951934814
4442,*c1nc2c(nc1)ccc(c2)c1ccc2c(nc(cn2)c2ccc(cc2)Oc2ccc(cc2)Oc2ccc(cc2)*)c1,tg,279.25672403971356
4443,*CC(F)(F)C(F)(F)C(F)(F)COC(=O)CCCC(=O)O*,egb,6.549751917521159
4444,*c1cc2c(C(=O)N(C2=O)c2c(cccc2)Cc2cc(ccc2)N2C(=O)c3c(C2=O)cc(cc3)C(=O)*)cc1,tg,263.8495279947917
4445,*CC(=O)c1ccc(C(*)=S)s1,eea,3.749473810195923
4446,*OC(=S)C(F)(F)C(*)(F)F,eps,3.61664088567098
4447,*C(C*)(C(=O)OCC(=O)c1cc2c(o1)ccc(c2)Br)C,tg,105.87864685058594
4448,*Oc1ccc(C(C)(C)c2ccc(OC(=O)OCCCCOC(*)=O)cc2)cc1,egc,5.2273556391398115
4449,*O[Si](c1ccc(cc1)[Si](*)(C)C)(C)C,tg,-16.309885660807293
4450,*C1C2C(C=CC2)C(C1)C=C*,tg,46.585062662760414
4451,*C(C*)c1cc(c(cc1)C)C,tg,77.17718505859375
4452,*c1cc2Oc3c(C4(c2cc1)c1ccccc1c1ccccc41)ccc(c3)OC(=O)c1ccc(cc1)C(=O)O*,tg,287.31960042317706
4453,*S(=O)(=O)c1ccc(cc1)C(=O)Nc1c(cccc1)c1ccc(cc1)NC(=O)c1ccc(cc1)*,tg,280.0377502441406
4454,*C(=O)Oc1ccc(OC(=O)N2CC(C)N(*)CC2C)cc1,egc,5.135433038075765
4455,*CNCC(=O)*,egc,4.941419283548991
4456,*N1C(=O)c2c(C1=O)cc(cc2)NC(=O)OCCOc1ccc(cc1)P(=O)(c1ccc(cc1)OCCOC(=O)Nc1cc2c(C(=O)N(C2=O)c2cc(ccc2)P(=O)(c2cc(ccc2)*)c2ccccc2)cc1)c1ccccc1,tg,227.14196268717447
4457,*Oc1cccc2c(OC(=O)Oc3ccc(OC(*)=O)cc3Cl)cccc12,egc,4.096973578135173
4458,*CC(=S)C(=O)O*,ei,6.848467191060384
4459,*c1ccc2n(c3c(c2c1)cc(cc3)C=C(C(=O)OCCCCCCOC(=O)C(=C*)C#N)C#N)CCCCCCCCCCCn1c2ccccc2c2ccccc12,tg,55.2120615641276
4460,*CCCO*,eea,0.5011014143625895
4461,*C(C*)(C(=O)OCCOc1ccc(cc1)C(=O)Oc1ccc(cc1)OCCCC)Cl,tg,131.4351603190104
4462,*c1nc(ccc1)Oc1ccc(cc1)Oc1ccc(cc1)S(=O)(=O)c1ccc(cc1)Oc1ccc(cc1)O*,tg,158.9897918701172
4463,*Oc1c(cc(cc1C)*)C(CCCCCC)C,tg,36.77108510335287
4464,*COc1ccc(-c2ccc(*)cc2)s1,eps,4.205507914225261
4465,*C(C*)c1c(cccc1)OC(=O)C,tg,108.21519215901692
4466,*CCOC(=O)c1ccc(Cc2ccc(C(=O)O*)cc2)cc1,egc,4.597833633422852
4467,*C(CC*)(C)C,tg,-13.180170694986979
4468,*CNCc1ccc(*)cc1,nc,1.7824642658233643
4469,*c1ccc(-c2cc(C(=O)OCCCCCCCCCCCC)c(*)s2)s1,egc,1.8209857145945232
4470,*CCNC(=O)c1cccc(C(=O)N*)c1,egc,4.943246523539226
4471,*c1ccc(C(CCCCCCCC)c2ccc(-n3c(=O)c4cc5c(=O)n(*)c(=O)c5cc4c3=O)cc2)cc1,egc,2.3573623498280845
4472,*Oc1ccc(cc1)S(=O)(=O)c1ccc(cc1)Oc1c(cc(c(c1C)Br)C(c1c(c(c(c(c1)C)*)C)Br)(C)C)C,tg,237.97103373209634
4473,*Nc1ccc(*)cc1OCCCCS(=O)(=O)O,egc,3.3577702840169272
4474,*c1cc2c(C(=O)N(C2=O)c2ccc(cc2)Oc2ccc(cc2)C(=O)c2nc(ccc2)C(=O)c2ccc(cc2)Oc2ccc(cc2)N2C(=O)c3c(C2=O)cc(cc3)C(*)(C(F)(F)F)C(F)(F)F)cc1,tg,273.45665486653644
4475,*Nc1nc(*)nc(Cl)n1,egc,4.272378921508789
4476,*OC(=O)c1ccc(cc1)c1ccc(cc1)C(=O)OCC*,tg,101.58563741048177
4477,*CCCNC(=O)CCCCCCCCC(=O)NCCCOCCOCCO*,egc,5.869105497996013
4478,*CC(*)C(=O)N(O)c1ccc(C)cc1,egc,4.078237692515056
4479,*C(C*)c1ccc(cc1)C(=O)c1ccc(cc1)C,tg,140.24508666992188
4480,*c1cc2c(C(=O)N(C2=O)c2cc(ccc2)C(c2cc(ccc2)N2C(=O)c3c(C2=O)cc(cc3)C(=O)*)(c2ccccc2)C(F)(F)F)cc1,tg,312.71726481119794
4481,*c1ccc(-c2ccc(C(F)(F)C(*)(F)F)cc2)cc1,eps,4.002034346262614
4482,*N(c1ccc(cc1)c1ccc(cc1)N(c1ccc(cc1)Cc1ccc(cc1)*)c1ccc(cc1)C)c1ccc(cc1)C,tg,180.2367197672526
4483,*C(C*)OC(=O)c1cc(ccc1)OC,tg,60.03516387939453
4484,*N1C(=O)c2c(C1=O)c(ccc2)c1cc2c(C(=O)N(C2=O)c2ccc(cc2)Oc2ccc(cc2)*)cc1,tg,327.599609375
4485,*Nc1ccc(cc1)C(c1cc(ccc1)C(c1ccc(cc1)NC(=C(C#N)C#N)c1ccc(cc1)C(=C(C#N)C#N)*)(C)C)(C)C,tg,217.20643615722656
4486,*Cc1ccc(C(=O)O*)s1,eea,2.44181752204895
4487,*N1C(=O)c2c(C1=O)cc(cc2)c1ccc(cc1)c1cc2c(C(=O)N(C2=O)CCCCCCCCCCCC*)cc1,tg,90.76436360677083
4488,*C1COC2C1OCC2OC(=O)C(NC(=O)CCCCCCCCCCC(=O)NC(C(=O)O*)C)C,tg,50.617767333984375
4489,*OC(C*)CSC,tg,-36.99840291341146
4490,*Oc1cc(ccc1)NC(=O)CCCCC(=O)Nc1cc(ccc1)OCC(COc1ccc(cc1)C(c1ccc(cc1)OCC(C*)O)(C)C)O,tg,109.41174825032552
4491,*C=CC(C*)CC,egc,5.4980160395304365
4492,*c1nc2c(n1c1ccc(cc1)n1c(nc3c1cccc3)c1ccc(cc1)Oc1ccc(cc1)S(=O)(=O)c1ccc(cc1)Oc1ccc(cc1)*)cccc2,tg,254.9795176188151
4493,*c1cc2c(C(=O)N(C2=O)c2ccc(cc2)c2nc(nc(n2)c2ccc(cc2)N2C(=O)c3c(C2=O)cc(cc3)C(=O)*)c2ccccc2)cc1,tg,354.62635294596356
4494,*C(C*)Cl,tg,9.202265421549479
4495,*C(=O)c1ccc2c(c1)C(=O)N(c1ccc(-c3ccc(N4C(=O)c5ccc(*)cc5C4=O)c(OC)c3)cc1OC)C2=O,egc,2.6300649642944336
4496,*C(C*)(C#N)C,tg,100.88707478841145
4497,*CCCCCCCCCCOC(=O)CCCCCCC(=O)O*,egc,6.8007307052612305
4498,*N1C(=O)c2c(C1=O)cc(cc2)Oc1ccc(cc1)Oc1ccc(cc1)Oc1cc2c(C(=O)N(C2=O)c2ccc(cc2)Oc2ccc(cc2)C(=O)c2cc(ccc2)C(=O)c2ccc(cc2)Oc2ccc(cc2)*)cc1,tg,213.81147257486978
4499,*N1C(=O)c2c(C1=O)cc(cc2)S(=O)(=O)c1cc2c(C(=O)N(C2=O)c2c(cc(cc2)Cc2cc(c(cc2)*)C(C)(C)C)C(C)(C)C)cc1,tg,319.6910095214844
4500,*Oc1ccc(cc1)C(c1ccc(cc1)OC(=O)c1ccc(cc1)Oc1ccc(cc1)C(=O)*)(C)C,tg,148.26883951822916
4501,*C=CC1CC(*)C2C3CCC(C3)C12,egb,5.339656829833984
4502,*C(=O)OCC(C)(C)COC(=O)N1CCN(*)CC1,egc,5.859370867411296
4503,*Oc1c(cc(cc1C)C(c1cc(c(c(c1)C)OC(=O)*)C)(C(F)(F)F)C(F)(F)F)C,tg,204.2224324544271
4504,*c1sc(cc1CCCCOC(=O)CCC)*,tg,35.11274719238281
4505,*NC(=O)CC(=O)NCCCC*,tg,39.02117919921875
4506,*c1ccc(-n2c(=O)c3ccc4c5cc6c(*)ccc6n5c(=O)c-4cc3c2=O)cc1C,egc,2.7763566970825195
4507,*S(=O)(=NP(=NP(=N*)(NCCCCCC)NCCCCCC)(NCCCCCC)NCCCCCC)NCCCCCC,tg,-39.110127766927086
4508,*Oc1ccc(cc1)CC(Cc1ccc(cc1)*)(c1ccccc1)C#N,tg,142.72437540690103
4509,*C(C*)(C(=O)OCCCN(c1ccc(cc1)N(C)C)C)C,tg,43.77558390299479
4510,*C(=O)c1ccc(C(=O)C(*)=S)s1,nc,2.0912769635518393
4511,*Nc1ccc(cc1)NC(=O)c1ccc(cc1)P(=O)(c1ccc(cc1)C(=O)*)c1ccccc1,tg,250.19083658854166
4512,*C1COC2C1OCC2OC(=O)C(NC(=O)CCCCCCCC(=O)NC(C(=O)O*)C)C,tg,52.985755920410156
4513,*C1(COC1)COc1ccc(cc1)C(c1ccc(cc1)OC*)(C(F)(F)F)C(F)(F)F,tg,95.3950907389323
4514,*C(=O)C(=S)C(=O)O*,egc,1.9219114780426025
4515,*c1ccc(-c2ccc(N3C(=O)c4ccc(S(=O)(=O)c5ccc6c(c5)C(=O)N(*)C6=O)cc4C3=O)cc2C(F)(F)F)c(C(F)(F)F)c1,egc,2.6981327533721924
4516,*c1ccc(S(=O)(=O)c2ccc(-n3nc(-c4ccccc4)c4ccc(Oc5ccc6c(-c7ccccc7)nn(*)c(=O)c6c5)cc4c3=O)cc2)cc1,egc,3.7003162701924643
4517,*CCCCCCOC(=O)SSC(=O)O*,egc,4.3067626953125
4518,*OC(C*)COc1ccccc1,tg,9.513214111328125
4519,*C(C*)C(=O)c1ccc(cc1)C(C)(C)C,tg,82.58886210123698
4520,*OP(=O)(OCCOc1ccc(cc1)S(=O)(=O)c1ccc(cc1)OCC*)Oc1ccc(cc1)OC,tg,65.85812377929688
4521,*CNC(S1)=CC=C1C(=S)*,egc,2.4993847211201987
4522,*OC(=O)c1cc(cc(c1)OCCN(c1ccc(cc1)S(=O)(=O)CCCCCCCC)C)C(=O)OCCN(CC*)c1ccc(cc1)S(=O)(=O)C(C(C(C(C(C(C(C(F)(F)F)(F)F)(F)F)(F)F)(F)F)(F)F)(F)F)(F)F,tg,93.95266215006511
4523,*CCCCCCCCCCCCCCOC(=O)CCCCC(=O)O*,egc,6.803662300109863
4524,*c1oc(cc1)C(=O)NNC(=O)c1ccc(cc1)[Si](c1ccc(cc1)C(=O)NNC(=O)*)(c1ccccc1)c1ccccc1,tg,237.6399892171224
4525,*Oc1ccc(cc1)N1ON1c1ccc(cc1)OCCCCCCOC(=O)C(C(=O)OCCCCCC*)CCCCP(=O)(O)O,tg,14.994132995605469
4526,*C(=O)c1ccc(-c2ccc(-c3ccc(*)s3)cc2)cc1,nc,2.240595817565918
4527,*N(CC*)C(=O)c1cc(c(c(c1)F)F)F,tg,92.3843282063802
4528,*c1oc(nn1)c1c(cc(cc1)*)OCCCCCCCCCC,tg,156.80339558919272
4529,*OCCC(=O)NCc1c(c(c(c(c1C)C)CNC(=O)CC*)C)C,tg,124.50673929850261
4530,*C1C2CC(=CC)C(C1*)C2,tg,248.01288859049478
4531,*CC(=O)Nc1ccc(*)cc1,egb,4.368053595225017
4532,*OC(=O)c1ccc(C(*)=O)cc1,eps,4.296239535013835
4533,*CCCCCCOC(=O)OCCCCCOC(=O)OCCCCCCOc1ccc(Oc2ccc(O*)cc2)cc1,egc,4.2893492380778
4534,*OC(=O)Nc1ccc(cc1)Cc1ccc(cc1)NC(=O)OCCCCCCCCCC*,tg,61.45043182373047
4535,*CC(=O)Cc1ccc(*)s1,ei,6.071033795674642
4536,*c1ccc(-c2ccc(-c3sc(-c4cc(C(=O)CCCCCCCCCCCC)c(*)s4)cc3C(=O)OCCCCCCCCCCCC)s2)s1,egc,1.8490916887919109
4537,*C(=S)C(=O)C(F)(F)C(*)(F)F,nc,1.9405910174051921
4538,*CCCCOC(=O)NC1CC1NC(=O)O*,egc,6.208085695902507
4539,*c1cc2c(C(=O)N(C2=O)c2cc(ccc2)N2C(=O)c3c(C2=O)cc(cc3)c2ccc(cc2)c2ccc(cc2)c2ccc(cc2)c2ccc(cc2)*)cc1,tg,304.20465087890625
4540,*c1cc2c(C(=O)N(C2=O)C2C(=O)N(C(=O)C2)c2cc(ccc2)NC(=O)*)cc1,tg,144.60382080078125
4541,*Oc1ccc(N=Nc2ccc(C(*)=O)cc2)cc1C,egc,3.614490588506063
4542,*C(=O)c1ccc(-c2ccc(-c3ccc(*)cc3)s2)cc1,eea,2.806804815928141
4543,*N1C(=O)c2c(C1=O)cc(cc2)Oc1ccc(cc1)Oc1ccc(cc1)Oc1cc2c(C(=O)N(C2=O)c2ccc(cc2)Oc2ccc(cc2)Oc2ccc(cc2)*)cc1,tg,205.5947265625
4544,*Oc1c(cc(c(c1)OC(=O)c1ccc(cc1)OCCC)OC(=O)CCCCCCCCCCCCCCC(=O)*)OC(=O)c1ccc(cc1)OCCC,tg,46.12505340576172
4545,*Nc1ccc(-c2ccc(C(*)=S)cc2)s1,ei,5.374065081278483
4546,*OC(=O)c1cc(ccc1)C(=O)OCC(C(C(C*)(F)F)(F)F)(F)F,tg,13.305221557617188
4547,*CNOc1ccc(*)cc1,ei,6.00739065806071
4548,*Oc1ccc(cc1)S(=O)(=O)c1ccc(cc1)Oc1ccc(cc1)NC(=O)c1ccc(cc1)Oc1ccc(cc1)C(c1cc(ccc1)C(c1ccc(cc1)Oc1ccc(cc1)C(=O)Nc1ccc(cc1)*)(C)C)(C)C,tg,184.23969523111978
4549,*Oc1ccc(C(C)(C)c2ccc(Oc3nc(*)nc(Cl)n3)cc2)cc1,egc,4.541699091593425
4550,*N1C(=O)C2C(C1=O)C(Cc1ccccc21)C1C(=O)N(C(=O)C1)c1cc(cc(c1)C(=O)OCCCCC)*,tg,248.6863047281901
4551,*Oc1ccc(cc1)CC(NC(=O)CCc1ccc(cc1)OC(=O)COCCOCC(=O)*)C(=O)OCCCCCC,tg,32.594930013020836
4552,*OC(=O)NC(=O)c1cc(cc(c1)C(C)(C)C)C(=O)NC(=O)OCC(C*)(C)C,tg,103.85788472493489
4553,*Oc1c(cc(cc1)C(c1cc(c(cc1)OC(=O)*)CC)(C)C)CC,tg,128.72564442952475
4554,*CCCS(=O)(=O)CCCS(=O)(=O)CCCOC(=O)c1ccccc1C(=O)O*,egc,4.786879698435466
4555,*N1C(=O)c2c(C1=O)cc(cc2)Oc1cc2c(C(=O)N(C2=O)c2c(ccc(c2)C(c2cc(c(cc2)OCCN(c2ccc(cc2)C=CC2=CC(=C(C(=O)OC)C#N)CC(C2)(C)C)c2ccccc2)*)(C(F)(F)F)C(F)(F)F)OCCN(c2ccc(cc2)C=CC2=CC(=C(C(=O)OC)C#N)CC(C2)(C)C)C)cc1,tg,195.9433135986328
4556,*Nc1ccc(cc1)C(c1ccc(cc1)NC(=O)c1cc(cc(c1)NC(=O)c1ccccc1)C(=O)*)(C)C,tg,311.2618408203125
4557,*Oc1ccc(CC(NC(=O)CCc2ccc(OC(=O)CCC(*)=O)cc2)C(=O)OC(C)CC)cc1,egc,4.938015937805176
4558,*NNC(=O)c1ccc(C(=O)NNC(=O)CCCCC(*)=O)cc1,egc,4.442440191904704
4559,*Oc1c(cc(cc1OC)C=C1C(=O)C(=Cc2cc(c(c(c2)OC)OCCCCCCCCCC*)OC)CCC1)OC,tg,55.82867177327474
4560,*C(=S)CC(F)(F)C(*)(F)F,ei,6.534905433654785
4561,*Nc1ccc(C(=S)c2ccc(*)cc2)s1,ei,5.46768585840861
4562,*Oc1ccc(cc1)S(=O)(=O)c1ccc(cc1)Oc1ccc(cc1)C(c1ccc(cc1)*)(C(F)(F)F)C(F)(F)F,tg,180.4369099934896
4563,*NC(=O)CCCCCCCCCCCCCCCCCCC(=O)NCCCCCCCCCCC*,tg,39.603535970052086
4564,*c1cc2c(C(=O)N(C2=O)c2cc(c(cc2)c2c(cc(cc2)N2C(=O)c3c(C2=O)cc(cc3)C(=O)Oc2c(cc(cc2C)C(c2cc(c(c(c2)C)OC(=O)*)C)(C)C)C)C)C)cc1,tg,215.90518188476562
4565,*NC(=S)NCCCCC*,tg,65.7566401163737
4566,*N1C(=O)c2c(C1=O)cc(cc2)Oc1c(cccc1)Oc1cc2c(C(=O)N(C2=O)c2cc(c(cc2)Oc2ccc(cc2)c2ccc(cc2)Oc2c(cc(cc2)*)C(F)(F)F)C(F)(F)F)cc1,tg,224.95699564615884
4567,*c1c(nc2c(n1)cc(cc2)Oc1cc2c(nc(c(n2)c2ccc(cc2)N2C(=O)c3c(C2=O)cc(cc3)C(=O)c2cc3c(C(=O)N(C3=O)c3ccc(cc3)*)cc2)c2ccccc2)cc1)c1ccccc1,tg,257.1317952473958
4568,*Oc1ccc(cc1)C(=O)c1cc(ccc1)*,tg,121.82758076985677
4569,*CCCCCCNC(=O)CCC(C)(C)c1ccc(C(C)(C)CCC(=O)N*)cc1,egc,5.447434425354004
4570,*Oc1ccc(cc1)NC(=O)c1cc(cc(c1)C(C(C(C(C(C(C(C(F)(F)F)(F)F)(F)F)(F)F)(F)F)(F)F)(F)F)(F)F)C(=O)Nc1ccc(cc1)*,tg,274.9323221842448
4571,*c1nc2c(nc1)cc(cc2)Oc1cc2c(nc(cn2)c2ccc(cc2)Oc2ccc(cc2)*)cc1,tg,244.76142374674478
4572,*CC(CC)(C(=O)O*)c1ccccc1,egc,5.447346051534017
4573,*c1cc(CCCCCCCC)c(*)[nH]1,egc,2.9188733100891113
4574,*NOC(F)(F)C(*)(F)F,eea,2.303766965866089
4575,*CC(=O)CO*,egc,5.264678319295247
4576,*Oc1c(cc(cc1)C(=O)c1cc(ccc1)C(=O)c1cc(c(cc1)*)C(C)C)C,tg,137.23974100748697
4577,*c1nc2c(cc1)cc(cc2)C(=O)c1ccc(cc1)Oc1c(cc(cc1C)c1cc(c(c(c1)C)Oc1ccc(cc1)C(=O)*)C)C,tg,210.7678426106771
4578,*Oc1ccc(cc1)Oc1ccc(cc1)C=NCCCCCCCCCCN=Cc1ccc(cc1)*,tg,79.22984059651692
4579,*OC(=O)c1cc(cc(c1)OCCCCCCOc1ccc(cc1)c1ccc(cc1)OC)C(=O)OCCOCCOCCOCCOCCOCC*,tg,30.860196431477863
4580,*CCON*,eea,0.7006692886352539
4581,*c1nc2c(c(c1)c1ccccc1)cc(cc2)C1(c2ccccc2c2ccccc12)c1cc2c(nc(cc2c2ccccc2)c2ccc(cc2)c2ccc(cc2)*)cc1,tg,350.5483805338542
4582,*c1nc(nc(c1F)OCC(C(C(CO*)(F)F)(F)F)(F)F)F,tg,32.91087849934896
4583,*C=C(*)c1ccccc1,egc,1.2454133033752441
4584,*c1cc2c(C(=O)N(C2=O)c2ccc(cc2)N(C(=O)c2ccc(cc2)N2C(=O)c3c(C2=O)cc(cc3)C(=O)*)C)cc1,tg,286.6807454427083
4585,*Oc1ccc(cc1)CC(NC(=O)Cc1ccc(cc1)OC(=O)CCCCC(=O)*)C(=O)OCCCCCC,tg,44.44897969563802
4586,*CC(*)C(=O)NCCO,egb,6.070316791534424
4587,*C(=O)C(F)(F)C(=O)C(*)(F)F,eea,4.480523268381755
4588,*Nc1ccc(C(=O)C(*)=S)s1,egb,1.2195789019266765
4589,*CC(S1)=CC=C1OC(S2)=CC=C2*,egc,4.595033963521321
4590,*c1ccc2[nH]c3ccc(*)cc3c2c1,egc,3.258643388748169
4591,*Oc1ccc(cc1)CC(NC(=O)CCc1ccc(cc1)OC(=O)COCC(=O)*)C(=O)OCC(C)C,tg,73.58327738444011
4592,*C=CC(C)C(*)C,egc,5.605353673299153
4593,*NC(=O)c1c(cc(cc1)C(=O)NCCCCCC*)Oc1ccc(cc1)Br,tg,129.85513305664062
4594,*OC(=O)COCC*,tg,4.975138346354167
4595,*C=C1CCCC(=Cc2ccc(*)cc2)C1=O,egc,2.4433098634084067
4596,*NC(=O)CCP(=S)(CCC(=O)NCCCCCC*)c1ccccc1,tg,51.122843424479164
4597,*Oc1ccc(cc1)C(c1ccc(cc1)OC(=O)Sc1ccc(cc1)C(c1ccc(cc1)SC(=O)*)(C)C)(C)C,tg,160.08013916015625
4598,*c1ccc(*)cc1,eps,4.5943678220113116
4599,*OC(=O)C(C(=O)OCCOCC*)CCC,tg,-45.08337910970052
4600,*OC(=O)c1cc(cc(c1)C(C)(C)C)C(=O)OCC*,tg,78.78280639648438
4601,*CNC(=O)NCOCO*,ei,7.147890567779541
4602,*OC1C=CC(*)CC1,egc,5.255860010782878
4603,*NC(=O)c1ccc(C(*)=O)s1,eps,5.314627011617024
4604,*N1C(=O)c2c(C1=O)cc(cc2)C(=O)Oc1c(cc(cc1)OC(=O)CCCCCC*)C,tg,51.425944010416664
4605,*Sc1ccc(*)cc1,eea,2.157941738764445
4606,*C(C*)CNc1c(cc(cc1)[N+](=O)[O-])C,tg,144.3688710530599
4607,*SC(=O)N(CCC*)Cc1ccccc1,tg,29.31676737467448
4608,*Oc1ccc(C2(c3ccc(Oc4nc(*)nc(OC)n4)cc3)CCCCC2)cc1,egc,4.8749003410339355
4609,*Oc1c(cc(cc1)Oc1ccc(cc1)C(=O)Nc1ccc(cc1)Cc1ccc(cc1)NC(=O)c1ccc(cc1)*)c1ccccc1,tg,201.1376698811849
4610,*S(=O)(=O)C1C(CCCC1)*,tg,80.76088205973308
4611,*c1c(cc(c(c1)OC)C=Cc1c(cc(c(c1)OC)C=C*)OCC(CCCC)CC)OC,tg,137.41402180989584
4612,*C(=S)C(F)(F)CC(*)(F)F,egb,2.8614659309387207
4613,*O[Si](*)(CCC)CCC,tg,-71.47321065266927
4614,*NC(=O)NCc1ccc(cc1)CNC(=O)NCCCCCCCCCC*,tg,63.99822235107422
4615,*O[Si](CCC(C(CC[Si](*)(CCC(F)(F)F)C)(F)F)(F)F)(CCC(F)(F)F)C,tg,-66.70265197753906
4616,*C(=O)OCCOC(=O)c1ccc(*)o1,egc,4.568955421447754
4617,*OC(=O)c1cccc(C(=O)OC2CC3CC(*)CC(C2)O3)c1,egc,5.040883382161458
4618,*c1ccc(*)c(O)c1,egc,4.309141635894775
4619,*CC(*)(C#N)C(=O)OCC,egb,5.9106370608011884
4620,*CC1CCC(COC(=O)CCCC(=O)O*)CC1,egc,6.715307553609212
4621,*Oc1c(cc(cc1)OC(=O)c1ccc(cc1)OCCCCCCOc1ccc(cc1)C(=O)*)N=Nc1ccc(cc1)C#N,tg,80.73574320475261
4622,*CC(=O)C(S1)=CC=C1O*,egc,3.811962286631266
4623,*CCCC(C)O[Si](C)(C)O*,egc,6.315096537272136
4624,*C=C(*)c1cccc(Cl)c1,egc,0.4961148103078206
4625,*C(C*)(C(=O)OCCOC(=O)c1cc(cc(c1)[N+](=O)[O-])[N+](=O)[O-])C,tg,116.36624908447266
4626,*c1nc(nc(c1c1ccc(cc1)OC)OCCOC(=O)CCCC(=O)OCCO*)c1ccc(cc1)OCCCC,tg,40.54570515950521
4627,*CCC(=O)OCCCC=CCCCOC(=O)CCC1NC(=O)C(*)NC1=O,egc,5.357715924580892
4628,*OC(CCCCCCC=C)CC(*)=O,egc,5.963408629099528
4629,*OP(=O)(N=Nc1ccc(cc1)C(=O)c1ccc(cc1)N=NP(=O)(OCc1ccc(cc1)C*)OC)OC,tg,55.479662577311196
4630,*OC(C)CCOC(=O)CCCCSCCCCC(*)=O,egc,5.456907431284587
4631,*C(C(*)(F)F)(OC(C(F)(F)F)(F)F)F,tg,4.5511423746744795
4632,*OC(C)COC(=O)CCCCCC(*)=O,egc,6.788301944732666
4633,*Oc1cc(c(cc1)S(=O)(=O)c1c(cc(cc1)Oc1ccc(cc1)c1ccc(cc1)*)N)N,tg,245.62006632486978
4634,*CCCCCCCCCNC(=O)N*,egc,5.855035781860352
4635,*CCCCC(Cl)(Cl)C(=O)N*,egc,6.165624300638835
4636,*c1cc(ccc1)C(C(C(*)(F)F)(F)F)(F)F,tg,39.94291432698568
4637,*OC1CCC(OC(=O)OCCCCCCOC(*)=O)CC1,egc,7.088103771209717
4638,*c1ccc2c3n(c4ccc(cc4n3)c3cc4n5c(nc4cc3)c3cccc4c(ccc(c5=O)c34)Oc3ccc(cc3)C3(c4ccccc4C(=O)c4ccccc34)c3ccc(cc3)O*)c(=O)c3cccc1c23,tg,419.1142578125
4639,*c1cc2c(C(=O)N(C2=O)c2ccc(cc2)c2sc(c(c2c2ccccc2)c2ccccc2)c2ccc(cc2)N2C(=O)c3c(C2=O)cc(cc3)C(=O)Nc2ccc(cc2)Oc2ccc(cc2)C(c2ccc(cc2)Oc2ccc(cc2)NC(=O)*)(C)C)cc1,tg,283.72039794921875
4640,*Nc1ccc(Nc2ccc(*)s2)s1,nc,2.1247024536132812
4641,*Oc1ccc(cc1)C(=O)c1cc(ccc1)NC(=O)c1ccc(cc1)C(=O)Nc1cc(ccc1)C(=O)c1ccc(cc1)*,tg,178.2935536702474
4642,*Oc1cc(ccc1)Oc1ccc(cc1)C(=O)c1ccc(cc1)NC(=O)CCCCCCCCC(=O)Nc1ccc(cc1)C(=O)c1ccc(cc1)*,tg,133.68429565429688
4643,*OC(=O)c1ccc(cc1)c1ccc(cc1)C(=O)OCCCCC*,tg,58.78184509277344
4644,*N=C(NCCCCCCCCCC*)c1ccccc1,tg,14.506421407063803
4645,*CNCO*,egc,5.6363809903462725
4646,*Oc1ccc(cc1)OC(=O)c1c(cc(c(c1)OCCCCCCCCCCOCC1N(CCC1)c1ccc(cc1)[N+](=O)[O-])C(=O)*)OCCCCCCCCCCOCC1N(CCC1)c1ccc(cc1)[N+](=O)[O-],tg,42.772908528645836
4647,*c1sc(cc1SCCCCCC)*,tg,65.54183959960938
4648,*C(C*)(C(=O)NC(=O)Oc1c(cc(cc1Br)S(=O)(=O)c1cc(c(c(c1)Br)O)Br)Br)C,tg,145.5668741861979
4649,*NC(=O)c1ccc(cc1)Cc1ccc(cc1)C(=O)NCCCCCCCCCC*,tg,109.63234965006511
4650,*OS(=O)(=O)c1cc(ccc1)C(=O)Oc1ccc(cc1)C(c1ccc(cc1)*)(C)C,tg,120.00902557373047
4651,*C(C*)(C(=O)OCCCCCCCCCCOc1ccc(cc1)N=Nc1ccc(cc1)F)C,tg,48.47366841634115
4652,*Oc1ccc(C(C)(C)c2ccc(OC(*)=O)c(Cl)c2)cc1C,egc,4.643219153086345
4653,*c1nc(nc(n1)c1ccc(cc1)Oc1cc2c(cc1)ccc(c2)Oc1ccc(cc1)*)c1ccccc1,tg,258.1393534342448
4654,*OC(=O)c1cc(ccc1)C(=O)OCCCCCCCC*,tg,7.5009613037109375
4655,*CC(C)(COC(=O)O*)C(=O)OCc1ccccc1,egc,6.243284702301025
4656,*Nc1ccc(-c2ccc(NC(=O)c3cccc(C(*)=O)c3)c(S)c2)cc1S,egc,3.6601622899373374
4657,*c1cccc(-c2nc3cc(-c4ccc5nc(*)c(-c6ccccc6)nc5c4)ccc3nc2-c2ccccc2)c1,egc,3.231959025065104
4658,*CC(C#N)(C#N)C(C#N)C(C#N)(C#N)*,egc,6.710170745849609
4659,*OC(=O)Nc1cc(c(cc1)C)NC(=O)OCC*,tg,86.36871846516927
4660,*C(=S)C(=O)C(F)(F)C(*)(F)F,egb,1.8376782735188801
4661,*C(=O)c1ccc(OC(*)=S)cc1,egb,2.4648241996765137
4662,*Nc1ccc(NO*)cc1,egb,3.7720700105031333
4663,*N1C(=O)c2c(C1=O)cc(cc2)C(c1cc2c(C(=O)N(C2=O)CCCCCCCCCC*)cc1)(C(F)(F)F)C(F)(F)F,tg,120.92747243245442
4664,*CCCCCCNC(=O)CCCCCCCCCCC(=O)N*,egc,5.932934284210205
4665,*N1C(=O)c2c(C1=O)cc(cc2)Oc1cc2c(C(=O)N(C2=O)c2ccc(cc2)Sc2cc3c(C(=O)N(C3=O)CCCCCCCCCCCCCCCC)cc2Sc2ccc(cc2)*)cc1,tg,146.50565592447916
4666,*c1cc2c(C(=O)N(C2=O)c2ccc(cc2)Cc2ccc(cc2)N2C(=O)c3c(C2=O)cc(cc3)C(=O)Oc2c(cc(cc2)OC(=O)*)C(C)(C)C)cc1,tg,245.1485595703125
4667,*c1ccc(C(=O)C(F)(F)C(*)(F)F)s1,nc,1.8217846155166626
4668,*NC1CC(CC(C1)(CNC(=O)CCCCC(=O)*)C)(C)C,tg,118.09866841634114
4669,*c1c(nnc(n1)c1nc(ccc1)c1nc(c(nn1)c1ccccc1)c1ccc(cc1)*)c1ccccc1,tg,299.33436075846356
4670,*[Si](C(CC*)c1ccccc1)(C)C,tg,23.51861063639323
4671,*NC(=O)OC(*)=S,nc,2.043297608693441
4672,*CONO*,eea,0.8794899384180704
4673,*C(C*)OC(=O)c1ccc(cc1)CC,tg,89.19302876790364
4674,*C1(c2c(NC1=O)c(cc(c2)Cl)Cl)c1ccc(cc1)OC(=O)c1cc(ccc1)C(=O)Oc1ccc(cc1)*,tg,288.42320760091144
4675,*Oc1ccc(C(F)(F)C(*)(F)F)s1,nc,1.7964158058166504
4676,*c1sc(cc1)Oc1ccc(cc1)C(c1ccc(cc1)Oc1ccc(cc1)C(=O)*)(C)C,tg,135.45781453450522
4677,*Oc1ccc(cc1)C(=O)OC(=O)c1ccc(cc1)OCCCCC*,tg,45.37864685058594
4678,*C(=O)c1ccc(-c2ccc(-c3ccc(*)s3)cc2)s1,ei,5.680654525756836
4679,*C(C*)c1c(ccc(c1)C(=O)Oc1ccc(cc1)OCCCCCCCCCCCCCCCC)C(=O)Oc1ccc(cc1)OCCCCCCCCCCCCCCCC,tg,94.52286529541016
4680,*Sc1ccc(*)cc1,eps,4.351154486338298
4681,*C1=C2OCCOC2=C(c2ccc(-c3ccc(*)s3)s2)S1(=O)=O,egc,2.0073130130767822
4682,*C1C(=O)N(C(=O)C1*)c1c(cccc1)C(=O)OCC,tg,223.8254191080729
4683,*Oc1cc(ccc1)OC(=O)c1ccc(cc1)C(c1ccc(cc1)C(=O)*)(C)C,tg,140.98604838053384
4684,*Oc1ccc(cc1)N=CCCCC=Nc1ccc(cc1)OC(=O)Nc1ccc(cc1)Cc1ccc(cc1)NC(=O)*,tg,102.92767588297527
4685,*N1C(=O)c2c(C1=O)cc(cc2)Oc1c(cc(cc1C)Cc1cc(c(c(c1)C)Oc1cc2c(C(=O)N(C2=O)c2ccc(cc2)Oc2ccc(cc2)c2ccc(cc2)Oc2ccc(cc2)*)cc1)C)C,tg,252.8878936767578
4686,*CC(=O)OC(=S)*,egc,4.162570317586263
4687,*c1cncc(c1)C(=O)Nc1cc(cc(c1)c1oc(nn1)c1ncccc1)NC(=O)*,tg,254.82982381184897
4688,*c1nc2c(c(c1)c1ccccc1)cc(cc2)C1(c2ccccc2C(=O)c2ccccc12)c1cc2c(nc(cc2c2ccccc2)c2ccc(cc2)Oc2ccc(cc2)*)cc1,tg,329.16077677408856
4689,*C(C*)c1c(cc(cc1)Cl)C,tg,116.10773468017578
4690,*CC(C)C(=O)O*,egb,6.613376935323079
4691,*CCCCCCOC(=O)CCC(C)CC(=O)O*,egc,6.785877704620361
4692,*CCCCCOC(=O)c1ccc(C(=O)NCCCCCCNC(=O)c2ccc(C(=O)O*)cc2)cc1,egc,4.464817365010579
4693,*Oc1ccc(cc1)N=CCCCC=Nc1ccc(cc1)OC(=O)NC1CC(CC(C1)(CNC(=O)*)C)(C)C,tg,71.41475168863933
4694,*C(=O)c1ccc(Oc2ccc(*)s2)cc1,eps,4.766703128814697
4695,*c1ccc2c3n(c4ccc(cc4n3)c3cc4n5c(nc4cc3)c3cccc4c(ccc(c5=O)c34)Oc3ccc(cc3)C(=O)c3ccc(cc3)O*)c(=O)c3cccc1c23,tg,380.09739176432294
4696,*CCN(*)C(=O)c1c(F)cc(F)cc1F,egc,4.958173433939616
4697,*CC(=O)c1ccc(-c2ccc(*)cc2)s1,eea,2.6253088315327964
4698,*CCOC(=O)Nc1ccc(C(C)(C)c2ccc(NC(=O)O*)cc2)cc1,egc,4.820348580678304
4699,*c1ccc(Oc2ccc(C(c3ccc(Oc4ccc(-c5nnc(*)n5-c5ccc(C)cc5)cc4)cc3)(C(F)(F)F)C(F)(F)F)cc2)cc1,egc,4.155442953109741
4700,*OC(=O)c1cc2c(cc1)ccc(c2)C(=O)OCC*,tg,130.03219095865884
4701,*CC(C)(CCCC)C(=O)N*,egc,5.950255393981934
4702,*CC(=O)C(=S)O*,nc,1.9925474325815837
4703,*NC(=O)c1ccc(C(*)=S)cc1,eea,2.956735452016195
4704,*Oc1ccc(OC2(F)C(*)(F)C(F)(F)C2(F)F)cc1,egc,4.538431008656819
4705,*c1cc2c(C(=O)N(C2=O)c2ccc(cc2)C(=O)Nc2ccc(cc2)Oc2ccc(cc2)Oc2ccc(cc2)NC(=O)c2ccc(cc2)N2C(=O)c3c(C2=O)cc(cc3)C(*)(C(F)(F)F)C(F)(F)F)cc1,tg,295.4962972005208
4706,*CC(C=C1)=CC=C1NC(=S)*,egc,3.72650146484375
4707,*c1ccc(-c2ccc(-c3ccc(-c4ccc(*)s4)s3)cc2)cc1,ei,4.708926995595296
4708,*c1ccc(C(c2ccc(N3C(=O)c4ccc(-c5ccc6c(c5)C(=O)N(*)C6=O)cc4C3=O)cc2)(C(F)(F)F)C(F)(F)F)cc1,egc,3.157377084096273
4709,*Oc1c(cc(cc1)C=C1C(=O)C(=Cc2cc(c(cc2)OCCCCCC*)OC)CCC1)OC,tg,80.84073130289714
4710,*N1C(=O)c2c(C1=O)cc(cc2)c1cc2c(C(=O)N(C2=O)c2cc(ccc2)OCCCCCOc2cc(ccc2)*)cc1,tg,157.85723876953125
4711,*CCCCOC(=O)NCCCCCCNC(=O)O*,egc,6.278334458669026
4712,*Oc1ccc(cc1)C1(c2ccccc2c2ccccc12)c1ccc(cc1)Oc1ccc(cc1)C(=O)C(=O)c1ccc(cc1)*,tg,220.18075561523438
4713,*Nc1cc(Cl)c(*)cc1Cl,egc,3.957860787709554
4714,*CCCCCCCCCCCCNC(=O)C(OC)C(OC)C(=O)N*,egc,5.614759922027588
4715,*c1cc2C(c3c(c2cc1)ccc(c3)*)(CCCCCC)CCCCCC,tg,77.47805786132812
4716,*C(C(*)(F)F)(C(F)(F)F)F,tg,85.89582824707031
4717,*CCOC(=O)c1ccc(C(=O)O*)cc1,ei,6.962331136067708
4718,*CC(*)(CC(=O)O)C(=O)O,egc,6.24790604909261
4719,*Oc1ccc(cc1)C(c1ccc(cc1)Oc1ccc(cc1)C(=O)c1ccc(cc1)P(=O)(c1ccc(cc1)C(=O)c1ccc(cc1)*)c1ccccc1)(C)C,tg,216.50861104329428
4720,*OC(COC(=O)C12CC3(CC(CC(C1)C3)C2)C(=O)*)COc1ccc(cc1)N=Nc1ccc(cc1)C#N,tg,158.5160878499349
4721,*Cc1ccc(OC(*)=S)cc1,ei,6.235264778137207
4722,*CCNc1ccc(*)s1,eps,3.917478084564209
4723,*CCCCCC(*)CCCCCCCCCCCCCC,egc,6.409859975179036
4724,*C(C*)(C(=O)OCc1c(ccc(c1)F)F)C,tg,47.413675944010414
4725,*Oc1ccc(cc1)P(=O)(c1ccc(cc1)*)C,tg,222.41802469889322
4726,*c1ccc(C(F)(F)c2ccc(C(*)(F)F)cc2)s1,egb,3.186090071996053
4727,*c1cc2c(C(=O)N(C2=O)c2c3c(ccc2)c(ccc3)Oc2ccc(cc2)N2C(=O)c3c(C2=O)cc(cc3)C(=O)Nc2c3c(ccc2)c(ccc3)NC(=O)*)cc1,tg,294.4963684082031
4728,*Oc1c(cc(cc1C)c1cc(c(c(c1)C)Oc1ccc(cc1)C(=O)c1cc2c(cc1)cc(cc2)C(=O)c1ccc(cc1)*)C)C,tg,231.2073516845703
4729,*Cc1ccc(Nc2ccc(*)cc2)cc1,eps,3.9310193061828613
4730,*Oc1ccc(cc1)C(c1cc(ccc1)C(c1ccc(cc1)Oc1ccc(cc1)C(=O)Nc1ccc(cc1)NC(=O)c1ccc(cc1)*)(C)C)(C)C,tg,177.4562733968099
4731,*C(C*)c1ccc(cc1)[Si](O)(C)C,tg,120.32533009847005
4732,*O[Sn](OC(=O)CCCCC(=O)*)(CCCC)CCCC,tg,15.910652160644531
4733,*C(=S)Oc1ccc(-c2ccc(*)s2)s1,ei,5.972893397013347
4734,*CCCCCCCCCCCCc1nnc(*)o1,egc,6.409796237945557
4735,*NC1CCC(CC(C)(C)NC(=O)CCCCC(*)=O)CC1,egc,5.4174628257751465
4736,*C(=S)C(=O)CCNc1ccc(C(=S)c2ccc(*)cc2)cc1,eea,3.4707675774892173
4737,*C(C*)(C(=O)OCc1c(cccc1)Cl)C,tg,42.61156463623047
4738,*NC(C(=O)*)CCC(=O)OCCC,tg,-30.396509806315105
4739,*C(C(*)c1ccc(cc1)N(C)C)c1ccc(cc1)[N+](=O)[O-],tg,132.6396509806315
4740,*c1nc2c(nc1)cc(cc2)c1ccc2c(nc(cn2)c2ccc(cc2)Oc2ccc(cc2)*)c1,tg,252.05345153808594
4741,*CCS(=O)(=O)CCN1CCN(*)CC1,egc,5.0468525886535645
4742,*C1C(CC(C1)C=C*)[Si](C[Si](C)(C)C)(C)C,tg,121.23962656656902
4743,*CC(C)(CC)C(=O)N*,egc,5.689842542012532
4744,*Nc1cc(ccc1)NC(=O)c1ccc(cc1)C(=O)*,tg,281.7685241699219
4745,*c1oc(cc1)C(c1oc(cc1)CNC(=O)OCc1oc(cc1)COCc1oc(cc1)COC(=O)NC*)(C)C,tg,57.928059895833336
4746,*CC(*)c1cc(Br)ccc1OC(C)C,egc,2.79282275835673
4747,*NC(=S)c1ccc(O*)s1,eea,3.013765573501587
4748,*c1ccc(Oc2ccc(-c3cnc4ccc(-c5ccc6ncc(*)nc6c5)cc4n3)cc2)cc1,egc,3.250850041707357
4749,*CCCCCCCCCC#CC#CCCCCCCCCCOC(=O)CCC(=O)O*,egc,5.4954118728637695
4750,*Cc1ccc(-c2ccc(C(*)=S)cc2)cc1,ei,5.7547909418741865
4751,*Oc1ccc(Cc2ccc(OC(=O)c3cccc(C(*)=O)c3)cc2)cc1,egc,4.083863894144694
4752,*C(C*)c1c(cccc1)C(=O)OCCC,tg,111.08054606119792
4753,*OC(=O)c1cc(ccc1)C(=O)OCCN(CC*)c1ccc(cc1)N=Nc1ccc(cc1)c1nc2c(n1CC)cc(cc2)[N+](=O)[O-],tg,153.85267639160156
4754,*Oc1c(cc(cc1)OC(=O)c1cc(ccc1)Sc1ccc(cc1)OC(=O)c1ccc(cc1)C(=O)Oc1ccc(cc1)Sc1cc(ccc1)C(=O)*)c1ccccc1,tg,111.78731282552083
4755,*c1ccc(NC(F)(F)C(*)(F)F)s1,eps,4.188570340474446
4756,*Oc1ccc(-c2ccc(-c3ccc(*)cc3)cc2)cc1,nc,1.9477006196975708
4757,*CNCC(=S)*,egc,3.636093537012736
4758,*Oc1ccc(cc1)CC(NC(=O)CCc1ccc(cc1)OC(=O)COCC(=O)*)C(=O)OC,tg,89.29903157552083
4759,*C(C*)(C(=O)OCC(C1CC(C1)(c1ccccc1)C)O)C,tg,113.38307444254558
4760,C13C(C=*)OC(C=*)C1C(=O)N(C2=CC=CC=C2)C3=O,egc,5.0540415445963545
4761,*c1ccc(C#Cc2cc(OCCCCCCCC)c(C#Cc3ccc(-c4nnc(*)o4)cc3)cc2OCCCCCCCC)cc1,egc,2.5540427366892495
4762,*Oc1ccc(cc1)C(=Nc1ccc(cc1)N=C(c1ccc(cc1)Oc1ccc(cc1)C(c1ccc(cc1)*)(c1ccccc1)c1ccccc1)C)C,tg,179.5748545328776
4763,*Nc1c(cc(cc1)NC(=O)c1ccc(cc1)NC(=O)CCCCCCCCCCCCC(=O)Nc1ccc(cc1)C(=O)*)C(=O)OCCCCCCCCCCCC,tg,216.45610555013022
4764,*c1ccc(C(=O)Oc2ccc(-n3c(=O)c4cc5c(=O)n(*)c(=O)c5cc4c3=O)cc2)cc1,egc,2.3231564362843833
4765,*c1oc(nn1)c1ccc(cc1)C1(c2c(C(=O)O1)cccc2)c1ccc(cc1)*,tg,325.60333251953125
4766,*OC(=O)c1cc(ccc1)C(C(C(c1cc(ccc1)C(=O)OCC(C(C(C*)(F)F)(F)F)(F)F)(F)F)(F)F)(F)F,tg,18.319183349609375
4767,*C=CCC(C*)c1ccccc1,tg,-20.157190958658855
4768,*C(C*)OCCCCCCCOc1ccc(cc1)c1ccc(cc1)C#N,tg,31.984779357910156
4769,*C(C*)CCCCCCCCCC,tg,-48.23632303873698
4770,*OC(COC(=O)*)COc1ccccc1,tg,40.68376922607422
4771,*Oc1ccc(cc1)C(c1ccc(cc1)OCC(COC(=O)CCCCCCC(=O)OCC(C*)O)O)(C)C,tg,34.95150502522787
4772,*Oc1ccc(NC(=O)Nc2ccc(Cc3ccc(NC(*)=O)cc3)cc2)cc1C,egc,4.29153569539388
4773,*Oc1cccc2c(OC(=O)Oc3ccc(OC(*)=O)cc3)cccc12,egc,4.142800013224284
4774,*Oc1ccc(cc1)Oc1ccc(cc1)Oc1ccc(cc1)C(=O)c1ccc(cc1)*,tg,159.96143086751303
4775,*CNC(=S)O*,eea,1.9806471665700276
4776,*C=Cc1cc(CCCCCCCCCC)c(C=Cc2ccc(*)cc2)cc1CCCCCCCCCC,egc,2.8498853047688804
4777,*Nc1cc(ccc1)NC(=O)CCCCC(=O)Nc1cc(ccc1)NC(=S)NC(=O)CCCCCCCCC(=O)NC(=S)*,tg,198.00139872233072
4778,*Nc1ccc(NC(*)=S)s1,ei,5.171097119649251
4779,*Oc1ccc(cc1)OC(=O)c1ccc(cc1)OCC(COC(=O)CCCCCCCCC(=O)OCC(C*)O)O,tg,36.15607198079427
4780,*C#CC(CO)=C(*)n1c2ccccc2c2ccccc21,egc,1.6568969090779622
4781,*C(C*)C(=O)OCCCCOc1ccc(cc1)N=Nc1ccc(cc1)[N+](=O)[O-],tg,67.87427775065105
4782,*c1ccc(C(C#N)(C#N)C(*)(C#N)C#N)cc1,egc,4.654787063598633
4783,*CC(=O)c1ccc(O*)cc1,eps,4.085440635681152
4784,*C(=O)c1ccc2c(c1)C(=O)N(c1cccc(Nc3nc(Nc4cccc(N5C(=O)c6ccc(*)cc6C5=O)c4)nc(-c4ccccc4)n3)c1)C2=O,egc,2.6530771255493164
4785,*[Si](CCC*)(c1ccc(cc1)N(C)C)c1ccccc1,tg,17.824195861816406
4786,*Oc1c(cc(cc1OC)/C=C/c1ccc(cc1)/C=C/c1cc(c(c(c1)OC)OCCCCCCCCCCCC*)OC)OC,tg,72.35337829589844
4787,*CCOCCOCCOC(=O)C(=O)O*,egc,5.627631187438965
4788,*C(F)(F)C(C=C1)=CC=C1C(F)(F)C(S2)=CC=C2*,egc,3.2631382942199707
4789,*NC(=S)C(C=C1)=CC=C1O*,egc,3.301969289779663
4790,*N1C(=O)c2c(C1=O)cc(cc2)c1ccc(cc1)c1cc2c(C(=O)N(C2=O)CCCCCCCC*)cc1,tg,116.04871114095052
4791,*NNC(=O)C=CC(=O)Nc1cc(ccc1)C=C1C(=O)C(=Cc2cc(ccc2)NC(=O)C=CC(=O)*)CC1,tg,194.57502237955728
4792,*Nc1ccc(NC(=O)CCCCCCC(*)=O)cc1,egc,4.500723997751872
4793,*Oc1ccc(cc1)C=CC(=O)c1ccc(cc1)Oc1ccc(cc1)C(c1ccc(cc1)*)(C)C,tg,146.11399841308594
4794,*NC(=O)CCCCCCCC(=O)NCC(CCC*)(C)C,tg,61.24663289388021
4795,*N1C(=O)c2c(C1=O)cc(cc2)Oc1cc2c(C(=O)N(C2=O)c2cc(ccc2)Oc2cc(ccc2)*)cc1,tg,225.7828369140625
4796,*C(=O)Nc1cccc(NC(=O)c2ccc3[nH]c(-c4ccc(-c5nc6cc(*)ccc6[nH]5)cc4)nc3c2)c1,egc,3.0482916831970215
4797,*Oc1c(cc(cc1)C(c1cc(c(cc1)OC(=O)*)Cl)(C)C)Cl,tg,139.49017842610678
4798,*CCCCCCCCCCCCNC(=O)CCCCCCCCCCC(=O)N*,egc,5.89903465906779
4799,*Cc1ccc(CC(*)=S)s1,eps,3.7113207976023355
4800,*c1cc2c(C(=O)N(C2=O)c2c(cc(c(c2)N2C(=O)c3c(C2=O)cc(cc3)C(=O)*)C)C)cc1,tg,341.51328531901044
4801,*Oc1ccc2cc(C(*)=O)ccc2c1-c1ccccc1,egc,3.4892365137736
4802,*c1ccc(C(C#N)(C(=O)OC)C(*)(C#N)C(=O)OC)cc1,egc,4.75155766805013
4803,*N1C(=O)c2c(C1=O)cc(cc2)NC(=O)Nc1ccc(cc1)NC(=O)Nc1cc2c(C(=O)N(C2=O)c2ccc(cc2)c2nc(cc(c2)c2ccc(cc2)c2ccccc2)c2ccc(cc2)*)cc1,tg,251.08454386393228
4804,*Nc1ccc(C(=O)C(*)=S)cc1,egb,1.652167558670044
4805,*N1C(=O)c2c(C1=O)cc(cc2)Oc1cc2c(cc1Oc1cc3c(C(=O)N(C3=O)c3ccc(cc3)C(c3ccc(cc3)*)(C(F)(F)F)C(F)(F)F)cc1)cccc2,tg,238.38949584960938
4806,*CC(*)c1cccs1,egc,4.349056561787923
4807,*c1ccc(-n2c(=O)c3cc4c(=O)n(*)c(=O)c4cc3c2=O)c(CP(=O)(OCC)OCC)c1,egc,2.919778823852539
4808,*C(C*)(C(=O)OCCCCOc1ccc(cc1)C(=O)Oc1ccc(cc1)OC)C,tg,48.80615997314453
4809,*Oc1c(cc(c(c1)OCCOC)OC(=O)c1c(cc(cc1)C(=O)*)c1ccccc1)OCCOC,tg,83.88519795735677
4810,*CCCCCC(=O)O*,nc,1.6592910289764404
4811,*Nc1ccc(-c2ccc(-c3ccc(*)cc3)cc2)cc1,nc,2.046816031138102
4812,*CC(*)C(=O)OCCSCCCC#N,egb,5.129714488983154
4813,*c1ccc2C3(OC(=O)c4ccccc34)c3c(Oc2c1)cc(cc3)OC(=O)c1cc(ccc1)C(=O)O*,tg,258.3115946451823
4814,*Oc1ccc(cc1)NC(=O)c1ccc(cc1)S(=O)(=O)c1ccc(cc1)C(=O)Nc1ccc(cc1)Oc1ccc(cc1)C(c1ccc(cc1)*)(C(F)(F)F)C(F)(F)F,tg,261.9764811197917
4815,*CCc1ccc(C(*)=S)cc1,eea,2.8770840167999268
4816,*Oc1ccc(-c2ccc(C(*)=O)cc2)s1,egb,2.720745245615641
4817,*CC(*)OC,egc,5.630570411682129
4818,*CNCCNC(=O)OC*,nc,1.6910743713378906
4819,*Oc1c(cccc1)C(=O)OC(=O)c1c(cccc1)OC(=O)C(C(C(=O)*)C)C,tg,120.8871841430664
4820,*c1ccc(Oc2ccc(N3C(=O)c4ccc(C(=O)c5ccc6c(c5)C(=O)N(c5ncc(*)s5)C6=O)cc4C3=O)cc2)cc1,egc,2.114004611968994
4821,*Oc1ccc(cc1)S(=O)(=O)c1ccc(cc1)Oc1ccc(cc1)C=C1C(=O)C(=Cc2ccc(cc2)Oc2ccc(cc2)S(=O)(=O)c2ccc(cc2)Oc2ccc(cc2)C(c2ccc(cc2)*)(C)C)CCCC1,tg,191.55144755045572
4822,*OC(=O)NC(c1cc(ccc1)C(NC(=O)OCCN(CC*)c1ccc(cc1)N=Nc1ccc(cc1)[N+](=O)[O-])(C)C)(C)C,tg,146.15934244791666
4823,*CC(OC(C)=O)C1C(=O)N(c2ccccc2)C(=O)C1(*)Cl,egc,4.720189730326335
4824,*Oc1ccc(C(C)=Nc2ccccc2N=C(C)c2ccc(*)cc2)cc1,egc,3.1729565461476645
4825,*c1cc2c(C(=O)N(C2=O)N2C(=O)c3c(C2=O)cc(cc3)Sc2ccc(cc2)Sc2ccc(cc2)S*)cc1,tg,222.4813028971354
4826,*CCCC1CCN(C(=O)SSCCCCSSC(=O)N2CCC(*)CC2)CC1,egb,4.943194071451823
4827,*CC(*)(C)C(=O)OC1(C)CCOC(=O)C1,egc,6.233198483784993
4828,*c1oc(nn1)c1ccc(cc1)Oc1ccc(cc1)C=Cc1ccc(cc1)Oc1ccc(cc1)*,tg,193.7487538655599
4829,*C(C*)(C(=O)Oc1cc(c(cc1)C(=O)c1ccccc1)O)C,tg,97.2750981648763
4830,*Oc1cc(ccc1)*,tg,120.95032755533855
4831,*C1CC2CC(CC(C1)O2)OC(=O)Nc1ccc(cc1)Cc1ccc(cc1)NC(=O)O*,tg,195.7022450764974
4832,*C(=S)C(F)(F)c1ccc(C(*)(F)F)s1,ei,7.013267358144124
4833,*CNCN*,eps,3.5803609689076743
4834,*N1C(=O)c2c(C1=O)cc(cc2)C(=O)Oc1cc2c(cc1)ccc(c2)OC(=O)CCCCC*,tg,109.3152338663737
4835,*CCc1ccc(-c2ccc(*)s2)cc1,eps,3.8623825709025064
4836,*COC(=O)OCC1OC(OCC)OC1*,egc,6.444933732350667
4837,*Oc1c(cc(c(c1)C)C(c1c(cc(c(c1)C(C)C)Oc1ccc(cc1)C(=O)c1ccc(cc1)*)C)c1c(cccc1)C(=O)O)C(C)C,tg,232.5449422200521
4838,*OC(=O)NNC(=O)CCCCCCCCC(=O)NNC(=O)OCCCCCCCCCC*,tg,34.75573476155599
4839,*c1c(nc2c(c1c1ccccc1)cc(cc2)Oc1cc2c(nc(c(c2c2ccccc2)c2ccc(cc2)*)c2ccccc2)cc1)c1ccccc1,tg,318.2168884277344
4840,*c1ccc(C(=O)Oc2ccc3ccc(OC(=O)c4ccc(N5C(=O)CC(SCCOCCSC6CC(=O)N(*)C6=O)C5=O)cc4)cc3c2)cc1,egc,3.527850945790609
4841,*C(C*)(C(=O)OC1(CN(CCC1)c1ccc(cc1)N=Nc1ccc(cc1)C=C(S(=O)(=O)C)C#N)C)C,tg,157.66446431477866
4842,*C(C*)(C(=O)OCCCCC(C(C(C(F)(F)F)(F)F)(F)F)(F)F)C,tg,4.789113362630208
4843,*c1ccc(Oc2ccc(C(=O)c3cccc(C(=O)c4ccc(Oc5ccc(-n6c(=O)c7cc8c(=O)n(*)c(=O)c8cc7c6=O)cc5)cc4)c3)cc2)cc1,egc,2.6862587928771973
4844,*OCCOCCOc1cc(*)nc2ccc(C)cc12,egc,4.424530506134033
4845,*CC(=O)OC(=O)COc1ccc(C(C)(C)c2ccc(O*)cc2)cc1,egc,4.699658075968425
4846,*Oc1ccc(C(F)(F)C(*)(F)F)cc1,ei,6.876417477925618
4847,*Cc1ccc(Oc2ccc(*)s2)s1,egb,4.097070693969727
4848,*c1ccc(Oc2cccc(Oc3ccc(-n4c(=O)c5cc6c(=O)n(*)c(=O)c6cc5c4=O)cc3)c2)cc1,egc,2.7146713733673096
4849,*CCCN1C(=O)C2C3C=CC(C4C(=O)N(*)C(=O)C34)C2C1=O,egc,5.08976952234904
4850,*CC(*)(F)C(=O)OCC(F)(F)C(F)(F)C(F)(F)F,egc,6.89414644241333
4851,*CC(*)C(N)=O,egc,6.021810690561931
4852,*N1C(=O)c2c(C1=O)cc(cc2)C(=O)Oc1ccc(cc1)C1(CCCCC1)c1ccc(cc1)OC(=O)CCCCCCCCCCC*,tg,91.42676798502605
4853,*c1nc2c(nc1c1ccccc1)cc(cc2)Oc1cc2c(nc(c(n2)c2ccccc2)c2ccc(cc2)Oc2ccc(cc2)*)cc1,tg,302.6839904785156
4854,*Nc1ccc(OC(*)=S)s1,egb,2.787052869796753
4855,*Oc1ccc(C=Nc2ccc(N=Cc3ccc(Oc4ccc(C(c5ccccc5)(c5ccccc5)c5ccc(*)cc5)cc4)cc3)cc2)cc1,egc,3.6811904112497964
4856,*c1cc2c(C(=O)N(C2=O)c2cc(ccc2)C=CC(=O)OCCOC(=O)*)cc1,tg,195.06067911783853
4857,*Nc1cc(ccc1)NC(=O)c1ccc(cc1)C(=O)Nc1cc(ccc1)NC(=S)NC(=O)CCCCC(=O)NC(=S)*,tg,239.65099589029947
4858,*N(c1ccc(cc1)c1cc2ccc3c(c2cc1c1ccc(cc1)*)cccc3)c1ccc(cc1)C,tg,282.7223612467448
4859,*Nc1ccc(cc1)NC(=O)CCCCCC(=O)*,tg,148.7098846435547
4860,*c1nc2c(nc1)ccc(c2)c1ccc2c(nc(cn2)c2ccc(cc2)Oc2ccc(cc2)Oc2ccc(cc2)Oc2ccc(cc2)*)c1,tg,237.68143208821616
4861,*SC(*)(F)F,tg,-1.7062632242838542
4862,*C(C*)c1ccc(cc1)COc1ccc(cc1)c1ccc(cc1)C#N,tg,137.85516866048178
4863,*NC(=S)C(=O)O*,ei,6.715534051259358
4864,*OC1C(C)(C)C(*)C1(C)C,egc,5.384347279866536
4865,*C(=S)C(F)(F)c1ccc(C(*)(F)F)s1,nc,1.8389795223871868
4866,*CCC(=O)O*,eea,1.1443978548049927
4867,*c1ccc(-c2ccc(C(=S)c3ccc(*)s3)s2)cc1,eea,3.414287567138672
4868,*C(C*)c1ccc(cc1)C(CCN1CCCCC1)O,tg,46.75689951578776
4869,*CNCc1ccc(*)cc1,eea,1.334445873896281
4870,*C(CC(C*)c1ccc(cc1)OC(=O)C)(C#N)C#N,tg,130.32747904459634
4871,*CCCCCCC(=O)N*,ei,6.495583534240723
4872,*Nc1ccc(C(=O)C(*)=S)s1,nc,2.4237847328186035
4873,*N1C(=O)c2c(C1=O)cc(cc2)Oc1cc2c(cc1Oc1cc3c(C(=O)N(C3=O)c3c(cc(cc3C)c3cc(c(c(c3)C)*)C)C)cc1)cccc2,tg,304.34228515625
4874,*C(C(CC*)Cl)Cl,tg,-3.3952534993489585
4875,*c1cc(OCCCCCCCCCC)cc(-c2nc3cc4sc(*)nc4cc3s2)c1,egc,3.7592737674713135
4876,*Nc1cc(ccc1)NC(=O)c1cc(ccc1)C(=O)Nc1cc(ccc1)NC(=S)NC(=O)CCCCCCCCC(=O)NC(=S)*,tg,215.7293243408203
4877,*CC(=O)C(=S)c1ccc(*)cc1,ei,6.317475159962972
4878,*C(C*)C(=O)c1ccc(cc1)Cl,tg,81.3206303914388
4879,*O[Si](COC(=O)CCCCCCCCC(=O)Oc1ccc(cc1)S(=O)(=O)c1ccc(cc1)Oc1ccc(cc1)C=C1C(=O)C(=Cc2ccc(cc2)Oc2ccc(cc2)S(=O)(=O)c2ccc(cc2)OC(=O)CCCCCCCCC(=O)OC[Si](*)(C)C)CC1)(C)C,tg,96.01940409342448
4880,*CC(COC)O*,egc,5.5654988288879395
4881,*CC(*)(C)C(=O)OCCOCCO,egc,6.407944838205974
4882,*C(C*)P(=O)(N(C)C)N(C)C,tg,100.14852142333984
4883,*CCc1ccc(O*)s1,nc,1.8188559611638386
4884,*C(=C*)C(CCCCC)[Si](C)(C)C,tg,165.73066202799478
4885,*OCCCC*,tg,-53.065826416015625
4886,*c1c(nnc(n1)c1nc(ccc1)c1nc(c(nn1)c1ccccc1)c1ccc(cc1)Oc1ccc(cc1)*)c1ccccc1,tg,269.35577392578125
4887,*OC(F)(F)c1ccc(C(*)(F)F)cc1,egb,4.716285228729248
4888,*N1C(=O)c2c(C1=O)cc(cc2)Oc1cc2c(C(=O)N(C2=O)c2ccc(cc2)C(c2ccc(cc2)*)(c2ccccc2)C(F)(F)F)cc1,tg,301.82749430338544
4889,*OC(CC(=O)*)CCc1ccccc1,tg,24.30029805501302
4890,*N1C(=O)c2c(C1=O)cc(cc2)Oc1ccc(cc1)C(c1ccc(cc1)Oc1cc2c(C(=O)N(C2=O)c2cc(ccc2)P(=O)(c2cc(ccc2)*)c2ccccc2)cc1)(C)C,tg,222.24702962239584
4891,*N1C(=O)C(CC1=O)SCCCCCSC1C(=O)N(C(=O)C1)c1ccc(cc1)C(=O)OCC(NC(=O)c1ccc(cc1)*)CC,tg,181.03995768229166
4892,*c1ccc(-c2ccc(-c3ccc(-c4ccc(*)s4)cc3)cc2)cc1,egb,2.006778081258138
4893,*NC(C)C(C)C(*)=O,egc,5.483924229939778
4894,*c1sc(cc1CC(=O)OCCN(c1ccc(cc1)N=Nc1ccc(cc1)[N+](=O)[O-])CC)*,tg,89.66260528564453
4895,*CCCCOC(=O)C1CCC(C(=O)O*)CC1,egc,6.649782180786133
4896,*CCCCCCCCCCCCNC(=O)CCCCCCCCCCCCCCCCC(=O)N*,egc,5.874091466267903
4897,*C1CCC1*,egc,5.842609882354736
4898,*OC(=O)C(=O)OCCOCC*,tg,-4.017852783203125
4899,*Oc1ccc(cc1)C1(CCCCC1)c1ccc(cc1)OC(=O)c1cc(ccc1)C(=O)*,tg,229.30502319335938
4900,*C#CC#Cc1ccc(*)s1,egc,3.0927897294362388
4901,*Oc1ccc(cc1)S(=O)(=O)c1ccc(cc1)Oc1ccc(cc1)NC(=O)c1cc(cc(c1)NC(=O)c1ccncc1)C(=O)Nc1ccc(cc1)*,tg,288.2299296061198
4902,*CC(=O)c1ccc(O*)s1,eps,4.737704912821452
4903,*Oc1ccc(cc1)C1(c2ccccc2c2ccccc12)c1ccc(cc1)OCC(COC(=O)C1CCC(CC1)C(=O)OCC(C*)O)O,tg,132.2262980143229
4904,*c1ccc2c3n(c4ccc(cc4n3)c3cc4n5c(nc4cc3)c3cccc4c(ccc(c5=O)c34)Oc3c(cccc3)c3c(cccc3)O*)c(=O)c3cccc1c23,tg,382.7776285807292
4905,*Oc1cc(ccc1)NC(=O)CCCCCCC(=O)Nc1cc(ccc1)OCC(COc1ccc(cc1)C(c1ccc(cc1)OCC(C*)O)(C)C)O,tg,103.69789632161458
4906,*Oc1ccc(cc1)C(c1ccc(cc1)Oc1ccc(cc1)C(=O)c1cc(ccc1)C(=O)c1ccc(cc1)*)(C)C,tg,157.10438028971353
4907,*Oc1c(cc(cc1)c1ccc(cc1)c1cc(c(cc1)Oc1ccc(cc1)C(c1ccc(cc1)*)(C(F)(F)F)C(F)(F)F)C(F)(F)F)C(F)(F)F,tg,183.2291005452474
4908,*C(=O)NCCCCCCNC(=O)c1ccc(*)o1,egc,4.253508726755778
4909,*NNC(=O)c1c(cc(cc1)C(=O)*)OCCCCCCCCCC,tg,186.08738708496094
4910,*OS(=O)(=O)c1c(ccc(c1)S(=O)(=O)Oc1c(cc(cc1)C1(CCCCC1)c1cc(c(cc1)*)C)C)C,tg,136.5343271891276
4911,*C(C*)C(=O)c1cc(c(cc1)C)C,tg,77.38524627685547
4912,*C(=O)NC(=O)OC(=O)NCN*,egc,5.8851291338602705
4913,*Oc1ccc(cc1)CC1(c2ccccc2c2ccccc12)Cc1ccc(cc1)*,tg,165.89942423502603
4914,*C1C2C(C(C1)CC*)C1C(CC2C1)C,tg,221.85319010416666
4915,*CC(*)c1cc(O)ccc1O,egc,3.350929578145345
4916,*Oc1c(C)cc(C(C)(C)c2cc(C)c(OC(*)=O)c(C)c2)cc1C,egc,4.748699029286702
4917,*CCOCCOC(=O)CCCCS(=O)(=O)CCCCC(=O)O*,egc,6.417378266652425
4918,*CC(O)CN(*)c1ccc(N=Nc2ccc(C(=O)O)cc2)cc1,egc,3.1260367234547934
4919,*C(=C*)C([Si](CCCCCC)(C)C)CCC,tg,134.9282480875651
4920,*Nc1ccc(C(=O)O*)s1,nc,1.9953984022140503
4921,*Oc1ccc(cc1)Oc1ccc(cc1)OCCCCCCOC(=O)OCCCCCCOC(=O)OCCCCCC*,tg,-12.716629028320312
4922,*Oc1c(cc(cc1)Oc1ccc(cc1)C(=O)c1ccc(cc1)*)S(=O)(=O)O,tg,185.68821716308594
4923,*C1C2C(C(=O)N(C2=O)c2c(cccc2)F)C(C1)C=C*,tg,247.83255513509116
4924,*NOC(=O)O*,egc,5.9393815994262695
4925,*c1ccc(-c2ccc(C(=S)c3ccc(*)s3)s2)cc1,nc,2.618494669596354
4926,*OC(F)(F)CC(*)(F)F,eea,1.4198920329411824
4927,*CC(C)(CCC)C(=O)N*,egc,5.9277723630269366
4928,*N=Nc1ccc(NC(=O)CCC(=O)Nc2ccc(*)cc2)cc1,egc,3.1346852779388428
4929,*C(C*)C(=O)c1ccc(cc1)C,tg,72.95549011230469
4930,*C(C*)(C(=O)OCCOc1ccc(cc1)N=Nc1ccc(cc1)OC)C,tg,100.24886067708333
4931,*C(C*)c1ccc(cc1)CCCCCCCCC,tg,-31.390981038411457
4932,*CC(*)C(=O)NCCO,egc,5.793303966522217
4933,*c1nc2c([nH]1)ccc(c2)*,tg,302.91468302408856
4934,*[Si](C*)(CCCCCC)CCCCCC,tg,-60.74128214518229
4935,*N(CC*)C(=O)C,tg,65.8395512898763
4936,*N1C(=O)c2c(C1=O)cc(cc2)Oc1ccc(cc1)C(c1ccc(cc1)Oc1cc2c(C(=O)N(C2=O)c2ccc(cc2)c2cc(c(cc2)Oc2cc3c(C(CC3(c3ccc(cc3)Oc3c(cc(cc3)c3ccc(cc3)*)C(F)(F)F)C)(C)C)cc2)C(F)(F)F)cc1)(C)C,tg,241.98461405436197
4937,*C(C*)OCCCCCCCCCCCOc1ccc(cc1)C(=O)Oc1ccc(cc1)OCC,tg,39.674756368001304
4938,*Oc1cc(ccc1)NC(=O)CCCCCCCCCCC(=O)Nc1cc(ccc1)OCC(COc1ccc(cc1)C(c1ccc(cc1)OCC(C*)O)(C)C)O,tg,96.45675659179688
4939,*OC(=O)OCC(C*)OCCOc1ccc(cc1)C=Cc1ccc(cc1)[N+](=O)[O-],tg,71.66788482666016
4940,*Oc1ccc(NC(=O)c2cc(C(=O)Nc3ccc(Oc4ccc(C5(c6ccc(*)cc6)CC6CCC5C6)cc4)cc3)cc(C(C)(C)C)c2)cc1,egc,3.636413017908732
